1.170190242616871990e+00 9.955044646708827161e-02 5.321221260819606336e-01
1.200626980212111006e+00 1.039913458222352718e-02 5.941350002781534689e-01
2.115192756677676478e+00 4.056539581214935186e-02 1.016367046795167095e+00
2.858732029928643392e-01 4.658983262101217271e-01 9.750785504065283271e-02
2.312143559960580796e-01 2.604467309969853428e-01 9.171920966988135471e-02
1.452000803359538850e-01 5.782529857208327378e-02 6.863140848113283288e-02
8.920932668326047033e-01 4.253218906125157128e-02 4.278492674820383312e-01
2.146771555320871272e+00 3.785988648738331658e-02 1.034229949182532637e+00
6.218944698653467107e+00 3.737999735966309189e-01 2.263409818815241170e+00
2.544937667592031882e+00 4.775317770292046848e-01 8.612124988299757478e-01
5.080734611981249094e-01 3.657641666904934974e-01 1.860033648522510519e-01
3.154978202653552444e+00 1.058608705549650593e-02 1.560964594241586845e+00
2.958938785542284844e+00 6.863986330788203472e-02 1.384441516332334254e+00
7.751974441889352141e-01 1.635087052946199992e-01 3.331291982008171559e-01
2.445282956375733896e-01 1.103028245465447268e-02 1.209302529712015239e-01
1.547285359572845020e-01 2.327326297944285610e-02 7.560469991503772358e-02
3.422003924011731146e-01 4.212375497502462984e-02 1.641841435662188819e-01
6.472158748233435288e-01 7.175236720234307031e-01 1.884154161499423386e-01
3.551845453895160487e-01 1.897172147405091699e-02 1.742857715794624007e-01
2.033992751807568167e-01 1.210569053832197678e-01 9.071764073886473545e-02
1.683338322106464835e+00 2.684166428053449960e-01 6.635589069469483015e-01
1.571677836062066680e+00 6.010177110630202102e-02 7.412862985889994150e-01
3.239963786628203279e-01 6.088458344604737865e-02 1.527010495384852340e-01
4.881228180341178335e-01 3.193446562448181564e-02 2.365086322311791278e-01
2.429741847026218871e-01 6.464152712889684738e-01 7.378885173738666814e-02
1.359655283949317006e+00 8.300499920324566627e-01 3.714803666208270072e-01
3.441428529391096447e+00 2.687857073820228426e-01 1.356189823611760437e+00
2.189459157470375061e-01 6.791506169538775728e-01 6.519543676916370045e-02
1.100523132793475162e-01 3.888051109637708502e-01 3.962122273692381125e-02
1.975085223077943375e-01 1.530146082157471041e-02 9.726595003023626174e-02
1.931214568760181605e+00 4.327956255588121248e-01 6.739323230439716594e-01
1.143101920574747465e+00 1.555117601762512694e-02 5.627987774369475060e-01
5.369266513466580903e+00 7.581471631634053576e-01 1.526967317060577534e+00
3.342028156284601703e+00 1.229694451294131505e-02 1.650715323403743051e+00
1.960713217524066909e+00 2.335468563268240996e-02 9.579832120042859334e-01
4.253759688437431241e-01 2.964889485029249122e-02 2.065636019089747144e-01
8.146450859504390518e-01 3.235007730438727719e-02 3.945585435890086590e-01
1.193244305334717342e-01 3.932807421276579007e-01 4.282138801088042346e-02
1.223558675666694295e+00 3.358253451542482504e-02 5.919017760107256887e-01
6.733992404168056556e-01 4.624885211812201913e-01 2.302237695079192015e-01
2.164508576606116175e-01 2.822333974162351544e-01 8.440384492276171990e-02
2.109554386630524192e+00 1.872132139003901408e-01 8.884479897675400251e-01
9.698894384759173537e-01 4.532365512182774669e-02 4.639182485365650477e-01
2.299012602804130889e+00 7.530261397533957179e-01 6.557268459007522532e-01
7.691021621618203685e-01 8.973117375612594815e-01 2.026820756272763036e-01
1.602597498713122515e-01 1.465790438823950936e-02 7.897230641884986357e-02
3.350420778016645507e+00 1.167367881648821021e-01 1.500094209093955300e+00
2.135788620705192653e-01 1.972438406163488089e-01 8.919605798956020681e-02
1.699658431740388165e-01 2.451431072249441942e-02 8.294947244523005747e-02
1.496448510585137726e-01 4.186918643945952700e-02 7.181556619882301096e-02
1.021817389836547019e+00 8.478618836658858848e-01 2.764864081208850410e-01
6.094017531995820081e-01 8.860209610564502569e-02 2.799010563086595793e-01
9.880834975110710516e-01 3.506961614644140690e-01 3.657682333382064610e-01
2.667215961946952429e+00 4.902121722589132535e-02 1.271287900639576307e+00
1.057314197197687822e+00 8.152304589476008223e-01 2.912341493571777296e-01
8.494060608403413148e-01 2.576570081296749790e-02 4.140351252567458507e-01
9.782085869329584682e+00 4.502472363123500854e-01 3.372558010937228179e+00
1.987789842204270296e-01 3.736074335080952213e-02 9.580996075595900330e-02
1.923120444840776821e+00 7.498371597778991093e-02 8.944881751494876410e-01
5.636415650999038185e+00 6.067748185470724920e-01 1.753953194292580342e+00
6.895324688387042267e-01 1.324542444573911966e-02 3.402593548428254899e-01
2.345247609286968959e-01 1.319107504701968470e-01 1.035968431394767991e-01
2.516759986253733761e-01 1.541716375381424475e-02 1.239273904406798521e-01
2.811841025166590957e-01 1.603594324064579538e-02 1.383731079531609065e-01
8.058434115691538446e-01 8.391001262271939876e-01 2.190863346908399067e-01
1.903745132900222181e+00 3.244156609487091475e-02 9.219626540710621487e-01
8.686687024796021506e-01 3.238292022760932420e-01 3.280894170434063839e-01
8.610727706103928902e-01 1.392690607929937020e-02 4.246227047766341633e-01
9.864512811411297877e-01 1.558576540336090339e-02 4.856563151755776686e-01
8.740545475486962701e+00 1.146274765588822624e-02 4.320745126671043046e+00
2.533794064026649639e+00 4.580508667796928113e-01 8.688976913483426046e-01
7.002127773546477307e+00 6.776473403238239546e-02 3.278871997908727742e+00
2.675928557585409706e-01 3.901810259247994739e-01 9.624388866210009663e-02
1.655279262365685899e-01 2.679098587937942533e-01 6.527590470589168803e-02
2.578667431931744303e-01 2.158330417378301613e-01 1.060452933671702930e-01
3.100368656542756840e-01 1.018274786043082136e-01 1.406921100057339780e-01
4.926712621492053135e-01 8.269421494704938258e-01 1.348349377926381376e-01
9.879063766870354035e-01 3.415326183079311906e-01 3.682006546859356577e-01
2.490018846721905044e-01 1.463932679308250356e-02 1.227046291706422182e-01
2.697440177155238650e-01 3.069047834950718867e-01 1.031995678346757928e-01
2.921547497623501743e-01 1.256584925992779503e-02 1.442645680653177054e-01
1.047521884373701223e-01 1.307029352344711917e-02 5.170035539836194405e-02
2.816198130833036384e+00 3.032633220404262198e-01 1.080440952801432486e+00
4.222760582746397651e-01 8.773216192871763353e-01 1.124676917200205101e-01
1.908069291502313858e+00 3.045634193758407771e-02 9.258370363923131841e-01
7.993613007979905039e-01 1.592475116196763810e-02 3.934156047894876718e-01
1.974907212603515427e+00 2.890922075448537076e-01 7.660069625138894445e-01
2.869647901079338537e-01 2.836048960972390939e-02 1.395253867721234220e-01
4.016440320934420716e-01 2.335996162155536127e-01 1.627935137194711224e-01
3.146657049794161942e+00 2.967743682459123011e-01 1.213263126896354960e+00
2.125316294741005585e+00 2.034987786770219020e-01 8.829740139318280612e-01
8.658868094954785377e+00 5.469898916470763983e-02 4.104900158201711058e+00
2.170623202978969879e-01 4.044748767039847703e-02 1.043120017445127445e-01
7.937774727628967852e-01 2.928724668230362968e-02 3.855956999960291620e-01
2.620257925174114266e-01 1.711699790427165524e-01 1.118649714414573643e-01
2.277668274876056831e+00 1.080393302072821943e-01 1.027792160793593368e+00
6.795928273482060300e-01 1.413980533554353713e-01 2.977019390169655666e-01
1.409456142121024713e-01 3.229257356431028403e-01 5.327041814013307175e-02
1.535633797846145621e+00 1.650188800598706429e-02 7.553521621383849638e-01
1.113335802732030144e+00 1.408271629538352665e-01 4.879511283064892901e-01
2.784512369359383843e+00 3.164934649349402940e-01 1.057548876437830021e+00
4.514932842973882754e-01 8.100395172471870353e-01 1.247191787790482703e-01
4.587613405560052593e-01 1.037872628815822949e-02 2.270244456954091383e-01
1.688877111491389860e+00 3.501445300514431369e-01 6.254430817962282063e-01
1.494273349154766339e-01 1.238731441464903903e-02 7.379948997181667858e-02
3.596272197524265302e+00 1.083544766873547997e-02 1.778861339804741482e+00
1.892592403026630288e-01 1.720714260150927460e-02 9.302885930324483743e-02
1.189881148042305936e+00 1.565497191750433170e-01 5.144098555879801360e-01
1.278392167146505387e-01 1.713390293863853164e-01 5.456969054536672803e-02
1.401808993028970662e-01 5.320412342802745970e-02 6.654972962251062829e-02
1.499936587074600869e+00 1.313873991413918967e-02 7.402424406363715681e-01
2.050394348772447695e-01 7.536930765307979507e-02 9.533442763246115226e-02
2.457623906740812603e-01 5.262514380047684792e-01 8.051176383996089259e-02
2.303065024126117744e-01 1.039096365880464723e-01 1.043140193632338120e-01
7.614720688732787846e-01 1.312900648652906392e-02 3.758021258882017768e-01
4.315862694426716994e-01 2.247709664807775176e-01 1.761906026735674258e-01
8.322784228606248114e-01 4.042648177192566528e-01 2.963395551746335621e-01
1.604788831173152852e+00 1.537521825498995853e-01 6.954651334337762503e-01
4.758182115368218668e+00 8.587880491210019285e-01 1.279915189259556607e+00
1.071692220355476427e-01 2.125061282779448085e-02 5.246959986579648183e-02
2.516636300183310304e-01 9.316929441621487618e-01 6.514069194560510867e-02
9.303740568363449981e+00 2.049984386522981927e-01 3.860478266996344221e+00
1.354725577354612742e+00 1.637471854414753597e-02 6.664498597993060436e-01
2.769951500312949566e+00 3.899291241944198849e-01 9.964362398400594678e-01
2.773489779077437101e-01 1.764194761950182433e-01 1.178784368670919708e-01
5.366407588568830045e-01 1.418175481015661842e-02 2.645683361545663748e-01
5.019213858703521769e-01 3.598159674342171072e-02 2.422443542665852489e-01
6.841718196556382026e+00 2.205590432541226081e-02 3.347037166754651683e+00
9.578515848723037074e-01 8.939294120619353801e-02 4.396263040825998392e-01
8.899704919527678948e-01 6.475535086282729891e-02 4.179225261613280229e-01
1.436438077394409873e+00 2.405939981125648081e-02 7.013450966121490548e-01
2.141539620516287545e+00 4.172004200044124311e-02 1.027886348621955603e+00
4.645022267445514608e+00 5.708402694014363260e-02 2.197092259964937622e+00
8.651031146059584565e-01 6.080847518783409900e-01 2.689855474332012997e-01
1.400623511086576567e+00 3.907720650749126889e-01 5.035417183947871189e-01
1.207896230270469884e+00 1.004007087438985452e-01 5.488438078385450281e-01
4.209365105524182304e+00 7.166931820065643999e-01 1.226009734775100446e+00
5.035936266029097830e+00 5.022455078997398875e-02 2.397552153128152952e+00
8.039388073958297909e+00 3.488523885089003795e-02 3.884193035203124644e+00
1.988017186510556145e-01 4.942828413400816023e-01 6.652077945055202834e-02
5.595778841510449242e-01 1.624901967215325593e-01 2.406806894927684126e-01
1.036311140789541174e-01 7.788013737335050535e-02 4.807172452935688789e-02
1.597868344389667294e+00 2.142968447639704774e-02 7.821724631043804887e-01
3.750363189889207027e-01 7.097292883649400363e-02 1.750914093581994180e-01
2.762866959670164491e+00 2.359480380147390907e-02 1.349590164686895966e+00
2.736930668134863076e+00 7.767337470018446932e-02 1.269833111027863337e+00
1.986054111515682896e+00 4.732295895426811838e-01 6.740477267131840255e-01
2.093952532205690886e+00 1.174006937981263154e-02 1.034827321551702761e+00
5.383838791913653665e+00 1.978151102924863639e-02 2.639702099756561449e+00
1.827739242149181709e-01 9.242553201396603857e-01 4.749211871781459926e-02
6.071016348437565657e-01 4.068761399733960560e-01 2.157622897973224818e-01
1.607538502785557932e-01 4.242478900339474723e-01 5.643464575352966084e-02
7.802794963461433531e-01 1.239282027349378895e-02 3.853640013642896101e-01
1.924868148392384404e+00 1.237141671857605596e-01 8.564758746492628916e-01
2.927541373255365897e+00 6.943368925410320358e-02 1.368734407131514175e+00
2.037889729412096784e+00 4.863674608593797077e-01 6.855268912553564853e-01
9.942546147582709271e-01 4.721569809906065590e-02 4.747133835765992016e-01
1.209206481135316202e-01 1.548979651643501987e-01 5.235122571902867117e-02
2.434231516361363923e+00 1.301502286804709640e-01 1.076950415345886647e+00
1.725340452191090446e+00 5.812389315973667259e-01 5.455660171635644540e-01
3.450156585659452380e-01 1.708337800799840933e-01 1.473375915675989023e-01
3.950653418826998164e-01 1.108326512991421667e-02 1.953673626632213278e-01
3.280584987463691427e+00 1.488421742178531737e-01 1.427778793765626109e+00
6.934495009334510351e-01 2.860262502508045812e-01 2.696093881435983608e-01
1.439744683156963134e+00 1.680435587895907218e-02 7.079752731352142447e-01
4.811169172536182703e-01 3.561657222350347179e-02 2.322852540977806413e-01
2.076743763027126544e-01 4.430072651355233815e-02 9.943226650624069352e-02
1.178670956475164511e+00 7.962298860138133927e-01 3.280957982195883416e-01
6.357605017535361114e+00 1.356439281133483832e-01 2.799119010875744440e+00
1.739388521273196320e-01 3.560592015329021309e-02 8.397926698872736073e-02
2.338824359858225899e-01 1.647099085760981435e-02 1.150462915761584909e-01
9.174210752449295514e-01 4.189041720098599098e-01 3.232850721502263935e-01
1.123104511353776869e-01 3.304345969924551429e-01 4.220818196898355051e-02
4.544581685571319696e+00 6.803125899159958578e-01 1.352302456353825733e+00
3.845044178262126966e-01 9.625531886003946269e-01 9.796025403531205544e-02
9.228526448327523113e+00 8.180345136313484089e-02 4.265343411827280384e+00
1.821796499182124773e-01 5.562716816162808220e-01 5.853079898267121717e-02
9.199405525444147358e+00 4.163731393172124262e-01 3.247521881796940235e+00
1.097960043250086754e-01 1.439225222210798252e-02 5.411910633410876165e-02
1.217498707435208521e-01 1.169489112603814759e-02 6.017123927946825546e-02
2.688004115043550746e-01 4.231216156616152690e-01 9.444042186773637937e-02
1.104207741259003228e+00 1.133683066440372839e-01 4.958861028599573784e-01
1.362590720239694519e+00 2.593231254400645280e-01 5.410012302297488862e-01
1.444535910790897715e+00 1.787783238162811705e-01 6.127258542192349777e-01
6.683296318723039864e-01 5.651009220961337176e-01 2.135100754324560091e-01
7.751438044417031659e-01 5.199676314804692057e-01 2.549869445860181161e-01
1.907048227695849474e-01 6.305096523277620157e-02 8.969693317000390631e-02
1.760239352632866794e+00 5.438396487154009001e-02 8.347240717224507778e-01
1.010616738757894151e+00 2.018565185286838870e-01 4.204398458457812016e-01
1.698207817064627256e-01 2.287271365159446873e-02 8.301168827752412882e-02
2.777219209097682162e-01 8.519709399373497083e-02 1.279592078005378220e-01
6.403613115393062216e+00 7.190063902133015938e-01 1.862591422536385988e+00
2.467412902949552567e-01 3.231396013882426033e-02 1.195088412161808833e-01
1.775475125190902892e+00 1.175000802479317201e-02 8.774277791492710588e-01
4.400744391396736455e-01 2.665675593977999761e-02 2.143240360488539442e-01
1.791816951149819426e-01 3.704847878549441531e-02 8.639022127722745248e-02
3.021018984073982505e+00 5.767402447011293898e-02 1.428142752010710836e+00
1.319167571050394505e+00 1.493162476845946544e-02 6.498800209084732993e-01
5.941360400026350908e-01 4.471220753355135136e-01 2.052819351349074450e-01
4.755391681426304196e+00 1.124558347587166496e-01 2.137339538723221910e+00
3.743881027222716540e+00 8.987777596848142148e-01 9.858660414908637648e-01
1.925630443212828169e+00 3.172410429405952970e-02 9.332099711532908515e-01
4.368582268855444317e-01 1.481304534815293394e-01 1.902476437067055215e-01
9.515338430503978984e+00 2.105851351624508649e-01 3.930057520996694365e+00
1.269701909135302342e-01 7.775707519705825632e-01 3.571452522291261589e-02
7.094119385950595102e+00 1.039241156478658452e-02 3.510576338832547716e+00
8.604397289730325582e-01 1.079804697537621178e-01 3.882919205084259806e-01
2.301066867067139421e-01 7.792988378437929464e-01 6.466218091435502191e-02
1.102234131288077068e-01 5.179993446484218445e-02 5.239751853801435932e-02
3.413346702071539118e-01 2.083998570737642109e-01 1.412341569758717164e-01
1.423548009523726954e+00 5.098942190294097204e-02 6.772418351015486726e-01
1.107265763939726949e-01 1.874936734601607702e-01 4.662196476017160807e-02
1.077866349298633314e-01 1.267132738076662546e-01 4.783232674875848023e-02
3.130115515805074189e+00 3.071552508222237798e-01 1.197300593726788209e+00
3.224544815160265698e-01 6.945415254144510220e-01 9.514505153161136042e-02
1.103566280803719296e-01 4.843900607788983459e-01 3.717238177358346551e-02
1.847110555861277037e+00 6.819577166719152650e-02 8.645936469952463233e-01
4.024461934564227406e-01 2.330022350159529076e-01 1.631976739487482897e-01
4.462761434500315816e-01 1.866336488789717418e-01 1.880429329943721362e-01
4.357222223968675756e+00 3.911944821477594258e-01 1.566000397457690818e+00
9.677563950148395655e-01 6.844507652961759336e-02 4.528807405609365788e-01
2.410961444622965910e+00 1.562521464878758315e-01 1.042575986538177846e+00
8.819893640508572830e+00 1.534902636704953138e-02 4.343281675300574740e+00
6.432494306088433866e+00 2.935369011843218592e-02 3.124530648619107787e+00
2.569919347885049610e-01 2.560331479186131465e-01 1.023030065784367448e-01
4.244700039340368214e+00 1.444666039548281843e-02 2.092125788893409055e+00
6.319674358895995603e+00 2.683113940244314377e-01 2.491373328612649818e+00
1.085247741441957015e-01 2.451909521846515339e-02 5.296376351143276817e-02
5.210950083291776558e-01 1.547103980766562636e-01 2.256388308259541786e-01
6.246926692947665227e-01 1.171542478149729428e-02 3.087294381370546681e-01
5.945404852874871970e+00 3.936341470605825982e-02 2.860118399759283836e+00
3.507883954881146349e-01 1.616081942368699231e-01 1.509925623925925386e-01
9.592443574820841423e-01 6.198895219279841884e-01 2.960832650921763065e-01
5.583519151844034134e+00 1.404246970374265491e-01 2.447999927723765179e+00
6.686466390725033904e+00 4.868838096366226997e-01 2.248483152277759078e+00
1.922486945862673935e-01 6.850915421754065482e-02 8.996118275048814450e-02
5.036179202924823128e-01 3.605624919820612506e-01 1.850770998246519528e-01
6.727793480597362707e-01 4.485883338658706865e-02 3.219474854220880089e-01
2.772120443512045451e+00 1.073684947232945823e-02 1.371336389367456610e+00
7.447428884456217091e+00 2.228545378691245138e-01 3.045100072750138942e+00
2.270842256935628745e-01 5.112852215420650159e-01 7.512950648119674779e-02
9.962407484377898470e+00 5.825807404923796784e-02 4.706983924185195178e+00
9.227909418750119386e+00 3.675087170215311089e-02 4.450398678517433204e+00
2.763558580783033736e-01 1.083026203285208586e-02 1.366974597310393058e-01
1.619922816715953784e-01 2.400466126259840835e-02 7.909743373231270525e-02
1.330524995143132161e+00 2.054851501924180313e-01 5.518628723592138297e-01
5.152760041825278359e-01 5.641681473645362987e-02 2.438791190156674726e-01
5.104643266722869166e-01 7.899937975660062395e-02 2.365452363779100842e-01
4.494713887296941102e-01 1.112854818088519770e-02 2.222622383367254262e-01
2.204587960264162927e+00 1.054710395409490589e-02 1.090789311867796041e+00
1.617855758041276681e-01 9.865990624131501519e-02 7.362859738716646951e-02
3.999160009026112572e-01 3.793438487504404155e-01 1.449660290524725503e-01
1.223051189729589400e-01 1.813779196016869835e-02 6.006314662845937263e-02
7.931942300648484601e-01 5.156518074030274068e-01 2.616676951099791704e-01
1.222309768670613861e-01 8.690128659298257396e-01 3.269934067742546330e-02
5.083365519941632549e+00 6.466003525254686302e-02 2.387318651787193602e+00
7.184190018047254433e+00 4.850367657264507276e-02 3.425925048508640991e+00
5.001934873502785761e-01 1.760519506578378246e-01 2.126579047254204269e-01
9.899829850784909624e+00 1.023168311020098385e-02 4.899781909584491224e+00
2.374872883826732561e+00 4.545167848534466259e-02 1.135811885283621869e+00
4.154669582397482741e-01 1.191939937856491619e-02 2.052865863105761413e-01
1.058291320952115394e-01 1.934903611313210092e-01 4.433598106100123531e-02
7.663031812646744489e-01 4.330050187614692403e-01 2.673763075606608863e-01
7.148976022094272187e-01 1.027189850777136294e-02 3.538144549330587418e-01
7.848715178935530723e+00 7.980793660996284844e-01 2.182527458718595881e+00
2.354755379685841976e-01 6.871663654862771031e-02 1.101674334971718128e-01
1.247218908690228778e+00 1.386926447755383769e-02 6.150787642886679230e-01
2.598361638340940805e-01 2.707912642132594971e-01 1.022340061469329264e-01
1.593903785217185343e+00 1.134344418537415328e-01 7.157600507505035292e-01
1.962359310560899850e+00 1.052947729478902715e-02 9.709559961645954917e-01
2.233980182113717294e+00 6.053745077167584920e-01 6.957816295747065727e-01
8.822903986079236205e+00 4.123587649865442795e-02 4.236746055921478238e+00
2.852014775306862315e+00 5.677491944760511000e-01 9.095889780571753125e-01
3.316246919334724819e+00 4.091045715924331860e-01 1.176721368374749055e+00
1.288889029324860880e-01 1.840344072728557490e-01 5.442785367587049672e-02
6.529155831644771091e+00 1.326538331384777281e-01 2.882237997444061062e+00
7.545474766750611684e-01 2.208630554350805020e-01 3.090221599039877920e-01
4.759833272843014274e-01 2.402693003439809391e-02 2.324076219696256940e-01
1.528930100770861944e-01 1.036619527941258154e-02 7.566217614535504510e-02
4.295608698645598800e+00 1.380408650568584229e-02 2.118559569754460359e+00
3.142921021534880732e-01 5.534070598119600337e-02 1.489055147651473787e-01
1.852642422652423237e-01 1.213833264607285939e-01 8.260522423227342759e-02
9.653796526484124119e-01 3.299304251926413745e-01 3.629436677142627299e-01
4.331461218061507523e-01 4.656366030069029882e-02 2.069373026394317472e-01
5.110366376820994816e+00 2.358779393579041039e-01 2.067504489754088404e+00
1.981270886831437705e+00 2.082758609212767287e-01 8.198752250668873698e-01
7.092385825478048744e+00 7.608175365712995797e-01 2.013946839514243248e+00
1.774158701217681378e+00 6.975288581522515186e-01 5.225709986305743238e-01
8.299756529183268228e+00 9.102189690364344277e-02 3.803661756348912348e+00
7.982817446148548157e+00 1.062908905811566773e-01 3.607919722612474622e+00
3.121811109848290910e-01 6.372453432548924601e-02 1.467396402503698960e-01
4.634995182215150500e+00 8.433366250643640205e-01 1.257229721145834977e+00
4.835439876859497499e-01 1.790991601124329591e-02 2.375180652433141193e-01
1.472722930082092652e-01 1.101454605216383720e-01 6.633017845202400509e-02
4.376773901615368390e-01 2.897760279064733324e-01 1.696718580170705759e-01
3.657363825052942219e-01 7.169967145135776321e-02 1.706338035962970956e-01
4.814113331565658127e-01 2.165958265674365335e-01 1.978517937690298656e-01
8.564860822003426133e-01 5.531383632161187419e-02 4.057968600059766451e-01
2.025056364053715030e-01 7.076641028037700121e-02 9.456107067849932324e-02
1.231448674548148020e-01 1.940042023325582454e-01 5.156802095597484703e-02
8.710229975033533245e-01 1.342708311337633374e-02 4.297413262469069184e-01
1.634567133817621809e-01 2.662494263734169891e-02 7.960877755504901232e-02
6.836145309837497130e+00 1.307254969061260284e-02 3.373966312642279419e+00
1.730471380308519880e+00 8.228480686684737366e-02 7.994528655161184938e-01
2.523565152265371814e-01 1.305758327224680604e-02 1.245519106680036819e-01
2.075657946766465978e-01 2.008715988452513396e-02 1.017392448602839200e-01
7.640990884756119206e-01 3.097964847243472875e-02 3.705694334547485758e-01
2.514396709430031240e+00 1.035145582819334796e-02 1.244317853419115272e+00
2.905929915520823470e-01 1.300516157917334936e-02 1.434311504884521193e-01
3.595156320248734660e-01 1.940839647923509881e-01 1.505403483445121871e-01
4.870319239416056156e+00 9.627532381556751229e-02 2.221302958122323368e+00
8.261014593421986962e-01 2.169852720348686981e-01 3.394048713346012880e-01
7.172489128779682144e-01 4.567310154882932294e-02 3.429603916441925637e-01
5.189898638306009726e-01 5.043493464956804173e-01 1.724964567038787810e-01
2.089638240246949330e+00 2.408841624433433470e-01 8.419956928664398266e-01
3.722522215232991094e+00 9.869953529655972613e-02 1.694058336990290847e+00
1.369165292231791231e-01 1.463222294092002967e-02 6.747101369712339702e-02
8.494077896348799506e-01 6.751694453784033711e-02 3.978427667968369996e-01
1.260907388496289583e+00 7.445781414246656349e-02 5.867644927049229242e-01
1.994353130884879977e-01 3.414346127372810402e-01 7.433657637681191643e-02
5.355315820287779971e+00 3.218820507083356985e-01 2.025640569602300101e+00
2.700750669664153669e-01 8.405273519093683365e-01 7.336893599713112391e-02
3.367465604627266629e-01 1.742329842319080904e-02 1.654899003121997891e-01
2.720774922931227247e-01 1.411307800876113183e-02 1.341455396805227851e-01
4.843347202052277756e-01 2.368472283767260322e-01 1.957940758944346771e-01
3.074445276808651095e-01 1.431695783228561503e-01 1.344702192529987073e-01
1.343743720516347162e-01 1.961483494885050693e-01 5.616960977670355792e-02
2.535220833434183696e+00 4.784887572765138541e-01 8.573689928167761432e-01
1.605624079154008843e+00 9.534022152481291812e-02 7.329339540361415883e-01
6.533664676727909404e-01 4.790988609192479708e-01 2.208663953898014065e-01
7.358492045096738821e+00 8.566338780055340885e-02 3.388938103551744074e+00
2.290594462505833595e-01 2.072110307517827793e-02 1.122047176062512669e-01
6.874345732910007278e+00 2.930403558005048245e-02 3.339317390821295195e+00
4.184234404953906528e-01 3.016852286618014467e-02 2.030849473692103169e-01
3.445677539619989904e+00 7.238751869317691656e-02 1.606544966048714551e+00
3.425922362940133636e-01 1.518261087252250306e-02 1.687342910649170802e-01
8.144197465556441529e+00 4.082110600373782539e-02 3.912390620529554219e+00
1.159665237474642341e+00 1.416109203347213075e-01 5.079073863162711922e-01
1.863891228682672319e+00 2.322254840525092845e-01 7.563109401668751675e-01
1.091000196020414231e-01 5.751909133732471258e-01 3.463072909949861666e-02
6.000998406477662250e-01 6.826711353679070227e-01 1.783176248865045166e-01
1.768652312036173013e-01 2.415442493747410602e-01 7.122792091086929678e-02
1.562039269711133216e-01 6.897739041324919551e-01 4.622036314713547089e-02
1.798648134400009369e+00 6.357805627954690730e-02 8.455647066900651154e-01
2.789422635052540844e+00 1.864354164087561883e-01 1.175547609450119380e+00
9.585029653982561015e+00 6.864299441830089277e-02 4.484673414810537828e+00
1.886438125844346780e+00 2.360283059378395221e-01 7.631047431446187357e-01
1.670525603413329230e-01 8.122203955475704173e-02 7.725173656750675133e-02
2.545981275220425277e-01 5.983750393225634179e-01 7.964280011215278676e-02
3.806285404753222412e+00 1.445251476463827421e-02 1.876029360347296837e+00
1.084515653479410924e+00 1.100877213970305607e-01 4.884819607384551787e-01
1.450275317051046065e+00 1.110614627844586505e-01 6.526530554918515969e-01
7.138319032873542191e+00 8.427390501006249979e-01 1.936877343670484919e+00
6.611202106114443922e+00 6.732304985619222970e-01 1.975580206013612505e+00
9.163791762880225678e-01 1.224030186932528047e-02 4.526490274076847009e-01
2.139536372525378816e-01 8.134840102638649095e-02 9.892909493806940902e-02
6.673794224823550003e+00 4.441289326530729609e-01 2.310664260622085742e+00
3.518279930364441865e-01 2.921220178781416474e-02 1.709210172718969578e-01
7.167957915346957476e-01 1.353793059489467529e-02 3.536107381368418512e-01
7.449970173440668475e+00 4.269117187713580841e-01 2.610522457498444027e+00
1.373857298258233550e+00 5.439516967331639030e-01 4.449158937955015602e-01
3.109504603519635868e+00 2.899300116028350610e-02 1.510945458333237346e+00
9.025075264306824385e-01 2.707554129170364199e-01 3.551067015952991679e-01
3.926342806404321983e+00 1.504412874569447389e-01 1.706450754685412630e+00
3.111014693782540030e-01 1.509045685920949904e-02 1.532382987526219320e-01
2.178542800554712500e-01 9.276702930431386385e-01 5.650714254447349039e-02
2.587435658257831728e-01 1.638014129097392635e-01 1.111631086522192335e-01
1.976853316305972053e+00 4.260466638443448639e-01 6.931236425941208479e-01
2.209211370738530245e-01 2.902297472504569015e-02 1.073450945703535025e-01
2.148534240006359786e-01 4.008430893157498565e-01 7.668718418191376729e-02
1.933724653740498400e-01 4.831881132810508794e-02 9.222979845657264253e-02
4.871990974976315725e-01 6.530028422970129975e-02 2.286674962496213770e-01
2.561583289542307407e-01 4.334636429224535126e-02 1.227580493501771591e-01
5.242829023208898320e+00 1.289333314434316924e-01 2.322027739452745543e+00
1.882867927201682390e+00 6.572160443595951307e-01 5.680816130190456947e-01
2.656636370485438436e-01 5.394808652608199528e-01 8.628351382708966677e-02
3.958465640066608948e+00 1.253736492424263049e-01 1.758733929273779584e+00
4.111522348470534993e+00 6.930840725029009386e-01 1.214210922908404600e+00
1.018547297712150829e-01 1.900305416307513928e-01 4.279500660194781453e-02
3.786781847082595909e-01 1.014088480063464331e-01 1.719062750375134063e-01
8.449836201493987620e-01 3.249773029137422581e-02 4.091939359086734229e-01
1.197998721495478147e+00 4.050884931130552258e-01 4.263072138756336948e-01
4.058858144653339495e-01 6.810905013804973152e-01 1.207209885880694555e-01
4.555648501338960821e-01 5.003173972264233216e-01 1.518228246156715366e-01
3.357556621783731376e+00 4.385416679616206403e-01 1.167000128171924889e+00
3.889362956392613535e-01 7.651912672258073256e-01 1.101683151453942966e-01
4.883473843730037900e-01 1.030327822438162205e-01 2.213657618496141233e-01
1.313073694518172574e-01 2.160133372460638218e-02 6.426546497012201875e-02
4.366051826604632424e+00 2.057201149000236484e-01 1.810557762390261782e+00
2.147258764899171446e-01 1.581137575448733276e-02 1.056918053956773657e-01
8.152239501202417360e-01 7.677437957456095807e-02 3.785491025716737346e-01
5.345891128885283949e-01 5.312689370011908219e-02 2.538103983890635518e-01
3.183509263259992395e+00 9.415226762060575905e-02 1.454783469115774608e+00
2.892503213638216053e+00 9.267740616328374870e-01 7.506077830389140670e-01
8.549474797387387470e-01 6.122014027135869174e-02 4.028134443057804215e-01
7.532524328568983130e+00 2.329650158689340889e-01 3.054638303447898107e+00
1.508784671708311098e+00 8.532029385043432557e-02 6.950872844897865166e-01
3.413705522811831372e+00 1.422711222531291425e-02 1.682909814608401611e+00
1.367831286070548824e+00 1.303687357608715458e-01 6.050376495727461945e-01
4.162664157224654105e+00 4.375336608287713758e-01 1.447849281951694156e+00
1.688327433314462445e+00 2.169016289385046134e-02 8.262423847423658874e-01
2.148424027467231934e+00 2.390456959145056959e-01 8.669672291147982879e-01
1.487425880695951497e+00 2.099385382715954554e-02 7.284205850605212085e-01
6.719642124672646766e+00 3.167259469723974208e-01 2.551647949265144710e+00
5.943305886130612059e-01 2.104395247465210839e-01 2.455019753000548810e-01
2.817035902479014253e-01 4.385365380622414655e-01 9.791325517089956298e-02
1.850390219886050014e+00 7.945242140457372537e-01 5.155656873847256350e-01
1.126933293547295878e-01 5.918570650694283258e-02 5.319809768127328059e-02
1.137497432731026936e-01 2.451914250755479197e-01 4.567560496419308114e-02
9.220632691489971222e+00 8.843008217397282378e-01 2.446698686618622887e+00
5.825502785694213870e+00 1.896463526988719506e-01 2.448417873294143732e+00
8.335653395076553229e-01 2.396867374355838853e-01 3.361999908267021553e-01
2.403266137393436641e-01 1.245625881474236168e-02 1.186849365821927571e-01
1.317287881938610461e+00 9.264007570755008469e-01 3.419039047561437394e-01
5.203792728073318052e+00 5.290620121229079320e-01 1.701629066321683759e+00
2.008664523186249884e-01 1.541922196827059666e-01 8.701603116586781317e-02
8.778609138735271600e+00 3.548112958025793906e-02 4.238903485519704084e+00
3.379004860927612874e+00 4.134732518166911452e-01 1.195284331197880023e+00
3.169413045982870103e-01 1.864164004720505682e-02 1.555705618825868608e-01
1.505132259292922270e-01 8.873163451376085975e-01 3.987493308079149285e-02
7.448283780882594129e+00 8.442720510509706955e-01 2.019301809794856517e+00
8.343775292615076111e+00 9.146956267446597344e-02 3.822266592652401762e+00
1.188641886031640560e-01 8.862318133176846358e-01 3.150837234424923999e-02
2.802916907267901103e-01 4.209273740111891260e-01 9.862984409102633354e-02
1.979441339319864657e+00 4.013039648720983371e-02 9.515351853983653463e-01
7.928065220284974401e-01 4.027279890832962672e-01 2.825945330094284391e-01
8.511616962603825165e-01 5.723393219044173308e-02 4.025417981509984977e-01
7.131607493048869317e-01 9.064312040659378011e-01 1.870407774966897640e-01
2.512744183420052568e-01 7.482718992701280214e-02 1.168906130663982801e-01
2.448596327077389390e+00 6.465841120427835431e-01 7.435381858627356788e-01
6.498395310647708811e-01 4.680486735453139313e-01 2.213276517240463370e-01
1.778400264559775623e+00 1.212716643059742229e-02 8.785458604137379446e-01
3.826828921866932465e+00 4.074163370833491782e-02 1.838510538024364038e+00
2.105116371510437900e-01 9.770136063798017245e-01 5.323980484295226523e-02
1.347433231647328977e+00 8.100617402226785169e-01 3.722064285723105659e-01
1.538894382072504841e-01 2.612493523422305119e-01 6.100674617650615750e-02
8.350428097700914876e-01 6.524961622472484901e-01 2.526610435919279807e-01
6.655044098301761579e+00 1.529897845129431222e-02 3.277381460805348645e+00
8.533370798768201482e+00 6.707361407194289971e-01 2.553775725200294389e+00
9.082413103963943968e+00 8.210373067289182814e-01 2.493747127091658911e+00
1.300845207816965776e-01 8.596765629496673500e-02 5.989336792290408246e-02
1.374792571309192635e+00 5.541897665931734274e-01 4.422859424440734877e-01
2.345101279299119934e-01 7.292789220708050246e-01 6.780575560624049758e-02
3.704325285512340971e-01 3.019833860094241901e-02 1.797869957033219612e-01
2.487527789755935359e+00 5.346556722903834658e-01 8.104514369804681762e-01
2.862244388828241726e-01 8.333036857611851589e-02 1.321039487054281314e-01
4.077195899789968769e-01 1.515035990330382276e-01 1.770379138725118595e-01
5.972067689347631436e+00 6.538481234873028125e-01 1.805506686053775622e+00
2.464884041542891313e-01 4.223394518458083446e-01 8.664893736667940438e-02
1.537773971943706908e+00 2.726448690304878603e-02 7.484800611475042054e-01
2.183725281430668463e-01 2.363969837124658274e-02 1.066647417497230549e-01
3.178395569969419410e-01 5.313001675365564697e-02 1.509023349162071370e-01
7.892201739241525571e-01 4.710509481554217559e-01 2.682504555378488198e-01
1.469079083997670565e-01 1.137756966008563950e-02 7.262762829965736799e-02
1.188190426144463130e-01 5.090915184404697369e-01 3.936773918696351293e-02
1.874196068729485909e-01 1.530916002278374377e-01 8.126830810141910666e-02
2.782284009221311361e-01 7.086228346757583729e-02 1.299085817184612301e-01
2.191207299418433396e-01 3.424717918887409396e-01 8.161092518508696048e-02
5.103387496067965046e+00 1.162469796804113664e-01 2.285958031227595111e+00
1.562535832758311927e-01 6.166055870998565086e-02 7.358923810153290834e-02
6.424216895477131040e+00 2.583465940941537253e-01 2.552642064447169901e+00
5.773138039562609736e-01 1.040674928534808530e-01 2.614486015090363158e-01
4.139932494198628632e+00 1.809527941831425013e-02 2.033175370660773140e+00
1.497046763134633196e-01 2.974927398892584021e-02 7.268986737594596015e-02
4.115169063870723676e+00 6.414428771643158889e-02 1.933557841437812508e+00
1.270990715172544416e-01 4.355110692213966239e-02 6.089738714001355357e-02
9.491630521387693920e-01 4.982086687412359133e-02 4.520595284817179316e-01
9.615617162707885690e-01 2.928827762861932471e-02 4.671002950145967669e-01
5.691200396867063249e-01 4.769639503967482153e-01 1.926655147994055517e-01
3.620306709672008072e+00 3.924570943095787023e-02 1.741795360239840607e+00
5.693420471718956266e-01 2.181365509342839959e-01 2.336938526043007003e-01
7.880926615037586735e-01 2.891063075969655949e-01 3.056740382307372439e-01
2.513708559445403612e+00 1.103485008572556714e-01 1.131945761850747578e+00
2.570414592474729254e+00 2.015422864541620562e-01 1.069631348581250530e+00
2.467178111867336376e+00 5.417901034333708621e-01 8.001018122937887389e-01
1.119950717054539968e+00 3.086243795701910098e-01 4.279114521091148537e-01
4.383924649993515832e-01 6.344432507982005198e-01 1.341106412796091996e-01
8.536262863540371448e-01 1.666794273493202305e-01 3.658358355960147912e-01
4.290684895754514061e-01 3.130817837786960267e-02 2.080214714530467801e-01
9.914139889810003936e+00 3.658589139319549238e-02 4.782112110596628440e+00
4.815173187646284991e-01 5.805463708326096262e-01 1.523262232765027757e-01
8.104283546970857399e-01 6.189830564558484322e-02 3.815941462513131044e-01
2.001221925967105464e-01 1.725460655647788888e-01 8.533660146662039314e-02
3.955219398211668125e+00 4.011369038859271402e-02 1.901339937528355284e+00
4.642048791729036950e+00 1.878728441493801929e-02 2.278222776599945654e+00
1.968121854012804706e+00 1.280066958450256087e-01 8.723892603041784044e-01
9.044723010513260775e+00 6.700041394285400909e-01 2.707994189046825095e+00
1.478047932896005834e-01 2.647959375737547055e-02 7.199597253977976785e-02
6.278603688668880078e-01 1.267501965802643737e-01 2.786156020972844760e-01
1.721106793092811671e+00 7.508759374282998333e-01 4.914987853510588423e-01
1.056115255573389922e+00 1.403455718003556452e-01 4.630680741391469124e-01
9.696161515259826835e-01 1.391344631060436043e-01 4.255933706378084436e-01
1.074707260403230169e+00 7.673678123593414835e-01 3.040417656380630662e-01
1.356954361664252984e+00 1.463628381718563853e-02 6.686900435687284094e-01
6.667780369420436948e+00 1.069610581212990762e-02 3.298607925308389532e+00
4.776333176004773584e+00 6.738464096489933663e-02 2.237400180167030683e+00
9.693237020051095332e-01 6.317622496705046498e-01 2.970174430131721777e-01
1.140927145489802230e+00 2.005944188117418092e-01 4.751509450706118409e-01
6.850553158829744138e-01 2.551344486273803835e-01 2.729011687282399956e-01
9.081300431638499759e+00 1.335100086880800785e-01 4.005831603617316716e+00
1.937787590534201521e-01 1.410485440451684780e-01 8.491258328346344697e-02
2.406721827414078918e-01 1.494838503539720406e-02 1.185637547139967163e-01
3.536883781993354514e+00 2.502864375073391434e-01 1.414429396292876673e+00
6.272688805433156212e+00 1.493097846565251234e-02 3.090204624020862489e+00
1.882155551824903905e-01 9.434229804081979698e-02 8.599482790688486866e-02
2.587361080411763603e-01 8.447252458560986499e-01 7.012862989282242498e-02
9.267538078099911703e-01 4.810783192968293154e-01 3.128645513661916233e-01
3.419160694425091296e-01 4.774595880664144198e-01 1.157108025844492405e-01
3.264993535502191957e-01 3.813386202698523103e-02 1.572530121080532306e-01
2.185723938497673713e-01 9.861837312780197262e-01 5.502320616359240163e-02
9.397951488669185949e+00 6.505156087549490707e-01 2.846974435994107822e+00
3.992207233831238877e+00 2.812971886088390383e-02 1.941490047702542743e+00
4.058864462238994442e+00 2.834990867357265604e-02 1.973484136092529706e+00
2.109418202188706459e+00 1.974983221311837206e-02 1.034282201160420023e+00
8.610824424734600413e+00 4.096101013622452935e-01 3.054328433235939055e+00
3.044607267125157279e-01 1.175168742613599132e-02 1.504621788608300204e-01
1.851030792268007819e+00 6.199670431645997598e-02 8.714861283206142284e-01
7.670027256691114736e+00 1.059991325546960628e-02 3.794789192086645890e+00
1.072090428948739627e+00 6.590723743861180983e-01 3.230993552482691600e-01
2.537830030099030298e-01 3.389318916939890181e-02 1.227317317051799250e-01
2.347753863612714043e-01 9.410668818328905560e-01 6.047586215565641660e-02
1.903784811114419329e+00 6.119542181879734644e-01 5.905207448306124540e-01
2.270220201227900692e+00 7.589613474636655588e-02 1.055036879448909781e+00
2.046921317224983106e-01 2.592075518412264024e-01 8.127815443260141826e-02
1.147967778725868665e-01 1.085461745295212971e-01 5.177807677759017901e-02
1.967075248002343457e-01 4.098533113637375935e-02 9.448141050436414945e-02
1.164594397370688927e+00 4.318615863486331696e-02 5.581910705634279823e-01
4.434081902031476119e+00 1.080510853346450251e-01 2.000847235618350872e+00
2.587749556108933091e-01 6.655713171436795639e-01 7.768354106105508639e-02
3.291596495912961551e+00 3.246968888093910988e-02 1.594040256755923757e+00
1.548913954157169481e+00 1.527860732550972815e-02 7.628024184599854207e-01
1.155372208285979418e+00 6.500139084698319802e-01 3.501098391823355138e-01
1.235445570288088435e-01 6.122226524043693496e-01 3.831497989578614566e-02
4.046022247073017830e-01 4.812460820542609208e-02 1.930124631841494687e-01
2.752331766708699945e+00 9.249936681490342760e-01 7.148937194570587073e-01
3.889808624193585862e-01 8.430201146412225066e-01 1.055281109872967527e-01
2.946321861663346198e+00 7.532131340053345170e-01 8.402634581376520195e-01
1.395154307986738340e+00 5.358757395149421621e-01 4.541885362507757096e-01
3.317794956003392581e+00 1.320347453148386190e-02 1.637279697218555263e+00
1.808630503982384952e-01 2.245175107033915013e-02 8.844576294622438772e-02
7.619549397537608293e-01 1.701984869814012480e-01 3.255665377415032924e-01
5.434955358265388670e-01 1.065370729772390293e-02 2.688831653721094894e-01
1.215306531879911667e-01 5.382065869847274531e-01 3.950400882960131838e-02
1.970381951457410352e+00 3.800275918871690722e-02 9.491217311394350986e-01
2.588659578824274443e-01 2.292953595143305823e-01 1.052903827704596978e-01
2.176003209385510839e+00 7.730875054743342745e-02 1.009925524265804286e+00
1.260332568358791816e-01 2.495975218417091981e-02 6.148205164510341103e-02
4.598422918986643460e+00 4.170905298910292797e-02 2.207153190131077025e+00
1.014354139655174597e-01 2.660654210387529070e-02 4.940325714155341386e-02
6.078973784355934384e+00 2.917477342856684280e-02 2.953324324159537717e+00
1.089303709315978086e+00 5.996278224466802254e-01 3.404866100821672403e-01
1.020344052948470415e+00 1.178999909314190492e-01 4.563664286723598251e-01
5.958662870375320830e-01 6.983995051507338458e-02 2.784838455278534353e-01
4.094478143441301898e-01 1.678721173871096928e-01 1.752965107430560776e-01
2.032095960378061950e-01 2.570577140067289990e-02 9.905842479579171633e-02
8.140792883737990593e+00 4.315896256767880468e-01 2.843270423914048717e+00
5.974112665610350703e+00 5.286072973910974776e-02 2.837085901708332969e+00
1.796742506412127405e+00 7.692472132996602818e-01 5.077703367018983061e-01
4.248512575257223034e+00 5.959673880920665079e-01 1.331014846216938885e+00
1.638605476274995199e-01 4.804489676250986441e-02 7.817439316468081933e-02
9.267826451787308795e-01 8.471872442179380069e-01 2.508632105596614870e-01
2.551153863204722039e-01 2.845984204806574144e-02 1.240278793056409923e-01
1.092413887071557732e-01 3.808059850216136688e-01 3.955711008358854530e-02
9.537010939658845388e-01 1.391179886545045909e-02 4.703077205695107565e-01
3.689240172953843766e-01 1.247156764491440389e-01 1.640076799054316081e-01
2.371997606082886012e+00 9.769225715716046698e-01 5.999217268780553391e-01
1.009682630610688303e+00 2.144485669530726141e-02 4.942423587492166259e-01
7.518026420920007169e+00 1.852564903645503164e-02 3.690641678013806715e+00
4.990980858944379150e+00 5.559406450815474604e-02 2.364062581798375806e+00
1.576409475244409331e+00 3.585027179915302453e-02 7.609253567633702531e-01
6.725423577084567839e+00 2.768133597857385872e-02 3.272134727775569019e+00
3.122386579331484224e+00 6.611333861156394320e-01 9.398362002201429144e-01
7.848607289216323890e-01 3.942602258680989041e-02 3.775452566447955460e-01
4.457193998992136641e-01 2.628419343649309597e-02 2.171520338858239363e-01
1.893745670275654436e-01 1.107428655259891231e-01 8.524680774694314012e-02
3.312961856729402244e-01 6.330352640805858577e-01 1.014357108385724598e-01
4.033426231362199355e-01 4.450202302904868873e-02 1.930789094914958093e-01
2.949044747003574662e-01 7.961195110613053516e-02 1.365789228241727216e-01
1.186307487021833529e+00 8.039962151424487891e-01 3.287998824676467424e-01
6.995980567622785529e+00 1.594568572378368687e-01 3.016921467992023764e+00
2.602651914153315538e-01 9.151369777504090308e-01 6.794949772236362484e-02
1.647825507034704984e+00 8.568279116910010318e-01 4.437205776204756758e-01
9.925818149317660044e+00 3.420350432485332048e-02 4.798774181198221633e+00
2.821930149883226657e-01 6.690356652530206061e-01 8.453774262083940672e-02
5.981530463075350745e-01 2.274047127475092023e-01 2.436657771048422738e-01
1.081785654170156263e+00 2.613478020651314737e-01 4.288213181166255494e-01
7.350636636903227661e+00 2.631225053748413589e-02 3.581091735509182250e+00
9.531370211733056763e+00 1.315076613456056254e-01 4.211801005570837475e+00
3.349979317846019100e-01 2.725935054258210588e-01 1.316201640022155450e-01
4.848511655136717557e+00 2.995487845092591472e-01 1.865459655278594475e+00
1.681541976619722045e-01 3.891044444816316866e-02 8.092814860057088999e-02
4.004820700685838841e-01 7.975701940536945589e-01 1.113953912323885631e-01
5.299624829151373673e-01 1.265588925031973511e-01 2.352129508904627908e-01
5.863315427112277156e+00 7.546614309929990938e-01 1.670782557690946080e+00
2.596122892033454477e+00 1.038310127245842436e-02 1.284722046896837222e+00
3.341930407807841341e+00 6.815422600837326428e-01 9.937099076063153902e-01
4.748645902462084400e+00 1.359553186819907611e-02 2.342475747554679355e+00
7.319846409226848039e+00 4.735893652128397302e-01 2.483679165318079196e+00
4.603861491477532653e+00 1.497014738125271860e-01 2.002198656060976578e+00
4.748304181373190325e+00 1.334712163173467497e-02 2.342881368097867956e+00
1.253194910697078002e-01 2.000587227044774152e-01 5.221389949455355201e-02
2.920868193763968002e-01 1.759789257854329353e-02 1.435177988803922611e-01
5.701385205554287516e+00 2.216218159864994861e-02 2.788884830701418682e+00
1.062111841384506955e-01 7.532170179079065164e-01 3.029036994666845992e-02
3.363592930791190483e-01 3.935238522204907718e-02 1.618119599577667322e-01
1.616657850008950403e-01 1.214366340541735839e-02 7.986306235271035947e-02
3.028402415802787129e+00 3.588895111267178389e-02 1.461740861580727913e+00
1.315861718006367864e+00 8.680784980109170768e-01 3.521965804454856297e-01
1.122945007846016141e+00 2.001143410367344638e-02 5.504570685684493370e-01
7.143584115083784214e-01 2.091815661540706583e-02 3.498607635095113411e-01
6.175427319467625686e-01 2.420091429572622244e-01 2.486063550532221778e-01
1.163109201956098460e+00 2.521210341911071101e-02 5.672529606688689885e-01
6.777837690873869114e+00 1.106172199403280543e-01 3.051383307039860604e+00
2.710413429177389033e-01 1.737993749682264014e-02 1.332055670296650451e-01
5.039326020088762625e+00 6.469472554380168994e-01 1.529899030903852264e+00
3.561494054833360678e-01 2.910222777435836350e-01 1.379330982985843834e-01
3.011502469487241651e+00 3.197969458153390732e-01 1.140896135210711204e+00
1.564596470603487832e+00 2.389927569587370002e-02 7.640382739504036902e-01
9.762232611642814861e-01 1.418611983822658518e-01 4.274701962670015565e-01
4.486159942492623287e+00 1.167200484035797320e-01 2.008632310714697944e+00
7.951582303328333934e-01 1.201899592470320050e-02 3.928573641082104828e-01
7.564850132009440786e-01 1.951746333151726243e-01 3.164746774714451982e-01
1.056823811259173240e+00 4.034494643586311047e-01 3.765093927846330235e-01
1.723348035094636854e+00 1.125808349048047080e-01 7.744821684089546743e-01
1.613595636047290949e+00 1.043562321545264959e-01 7.305593924612857615e-01
5.052897879829479244e+00 1.234653015786774284e-02 2.495636488743393944e+00
1.240420206521982288e-01 2.225782687282531480e-01 5.072968489012522064e-02
2.651496095432211431e-01 3.281525789934549575e-01 9.981895669854652653e-02
2.474136320673320899e+00 9.602917815188667661e-02 1.128681776905421597e+00
1.531111645431779467e+00 2.602024057468664553e-02 7.461410530138201658e-01
1.010147193166904545e-01 3.943823262698714638e-01 3.622203086398696759e-02
1.268139784412793736e+00 4.443796122347352245e-02 6.070919630914562992e-01
4.529823121356137072e+00 4.230551258827023320e-01 1.591583853277063865e+00
8.351579528276500852e+00 6.750107966984207897e-01 2.492992745102935004e+00
5.037587348604752435e+00 3.426267848752213574e-01 1.876019235335352864e+00
6.052424523416030766e+00 7.851494024287693219e-02 2.805906667390741571e+00
1.510904234292171078e-01 7.305701163921038965e-01 4.365336659811586834e-02
1.142985629315213247e-01 1.295772027092352389e-02 5.641822982550114690e-02
8.529526785551327706e+00 5.472719516636045389e-01 2.756311447506206935e+00
3.275285310691790741e+00 2.876882969815877100e-01 1.271769464073425171e+00
5.225839914906652561e-01 3.750213642904061395e-02 2.518471881365649256e-01
6.697783796217697372e+00 2.581420498061894886e-01 2.661775670421896223e+00
1.399902815129215605e-01 2.286916430028707314e-01 5.696721480533195603e-02
1.623228926672966477e+00 4.180077032198337150e-01 5.723625206644301633e-01
1.414302044813397496e-01 3.271101153186667387e-02 6.847520889292638135e-02
4.554858763435393421e+00 1.013660829999234875e-02 2.254575631656883239e+00
1.128898741482358276e-01 1.779322309001959979e-01 4.791866254562176380e-02
3.496340163471844398e-01 1.209645252348845179e-01 1.559523109234535743e-01
2.271382669606240245e+00 3.722573367610159112e-01 8.276081346985032505e-01
3.249905846483257532e-01 5.977551930070124087e-01 1.017022463988009051e-01
2.122720612454435107e-01 2.726606761866118278e-01 8.339695930634609400e-02
6.876609155130323892e+00 1.848698773618833724e-01 2.901841496064156978e+00
1.046638406179795533e+00 2.832078145651443779e-01 4.078210849013891304e-01
5.316894340970023336e+00 1.400653335480681570e-02 2.621725879506543233e+00
1.111785342153045253e+00 1.301804435580608196e-02 5.487490318398261513e-01
4.510411812140983301e+00 1.620151967038526430e-01 1.940771439536729259e+00
4.258547415825216120e+00 3.448202559477318019e-01 1.583314720681426868e+00
3.573458210863539097e+00 1.590183701777023867e-02 1.758761565661502102e+00
7.072792806874398375e-01 1.393953623200911429e-01 3.103748286491372355e-01
4.189438550886422696e+00 3.009374651772308562e-01 1.610161388624349543e+00
1.543987492369616632e+00 9.495892668010735838e-02 7.050435659038619685e-01
2.763593298099797035e+00 4.128657573097103961e-02 1.327008991813702465e+00
2.606652998815174094e+00 3.191600512719157678e-01 9.879972473021282342e-01
4.772407157869479333e-01 2.066155800335973264e-02 2.337898944291272041e-01
1.110451710543427228e-01 3.283091037570959880e-01 4.179944665750376376e-02
2.174146896133677398e+00 1.775377404156596936e-02 1.068110456372959316e+00
5.886455118133816500e-01 1.388582152780429013e-01 2.584366973502792986e-01
6.286423102362260762e-01 7.799717663041618732e-01 1.765877195742001360e-01
1.258260667736912086e-01 2.131891929764184734e-02 6.159979238425419140e-02
5.272060239967018447e+00 8.297474898735379689e-01 1.440652403991381947e+00
2.166204565306353746e+00 1.491854101051698009e-02 1.067181491802063009e+00
3.990950014533740653e+00 2.397152627468477834e-02 1.948760249737233163e+00
5.277977247212614076e-01 9.453460760990467504e-02 2.411060011495634869e-01
5.682899468249894781e+00 2.754929291529208957e-01 2.227726762869636890e+00
6.071638413525104472e-01 2.152468244063091285e-01 2.498109146054059426e-01
3.003958406227091871e+00 1.789898814029038665e-01 1.273954277984396866e+00
1.692875378168476885e+00 6.425544794776891222e-02 7.953331981682085772e-01
1.805377352113944012e+00 1.049659699390581985e-01 8.169379877886716601e-01
2.407710925263741863e+00 4.360828501982597777e-02 1.153551078419237097e+00
5.265082313875926623e+00 4.056518624005973211e-02 2.529914696118453765e+00
2.368201089523612191e-01 2.022677132183578474e-02 1.160624851304039584e-01
8.201638291164535133e+00 3.156017204750661415e-02 3.975356219349472475e+00
6.526017964727494070e-01 3.943526668141391633e-01 2.340160463004795632e-01
9.578651946167177300e+00 6.335839623786954089e-02 4.503962154272802998e+00
2.248715477472019941e+00 3.541071146461581276e-01 8.303314609123931822e-01
1.366778449840644893e-01 5.817683066214223153e-01 4.320412933168496505e-02
7.588234364990249503e+00 3.382422239908582373e-01 2.835149806572717424e+00
4.396692054835943608e+00 1.818631576673502073e-02 2.159080311114306650e+00
4.648992440048264285e+00 6.489746731745362762e-01 1.409661565965176555e+00
6.582303379739227189e-01 1.517745371154817779e-01 2.857461754721556946e-01
1.465581032592672139e-01 6.651776198282723929e-01 4.400674784302636977e-02
1.536470424949485936e-01 9.305890740430240449e-01 3.979278774565479793e-02
3.506777966718181982e-01 3.994572659067730513e-01 1.252906413132229002e-01
2.252515096288866536e-01 3.240628238830288721e-01 8.506073336018153686e-02
5.632022788643636702e+00 2.194311257766648759e-01 2.309282857224330243e+00
5.006472082394063383e-01 4.261002604642248615e-02 2.400932255264515147e-01
4.085274442690268737e-01 1.337596454454246034e-02 2.015675615775226193e-01
9.512957184460951732e-01 4.164716086016696101e-02 4.566304955223697282e-01
3.811632676501979233e+00 1.448176456403794943e-01 1.664733545563868544e+00
4.189017334267420289e-01 2.906810056722361479e-01 1.622793438447488190e-01
1.761557614538429961e+00 1.118819988295812196e-01 7.921513327820433048e-01
1.891278179316251418e-01 3.520903683879801349e-01 6.993904488688555687e-02
1.451717090635206708e-01 2.150818747937675163e-02 7.105753573142629953e-02
6.784207873686398660e-01 9.654666971598454550e-01 1.725851647216859186e-01
5.309358619258987000e-01 5.562710905487644464e-02 2.514788874649381833e-01
2.914570915772950688e+00 1.380856848109396351e-02 1.437436517300111571e+00
7.857668502594790105e+00 1.568864694559640727e-02 3.868148239238748065e+00
3.119846738473685210e+00 1.368746850106811186e-02 1.538860267793868752e+00
3.826193714909537080e-01 1.528641399571353809e-02 1.884292777961712462e-01
2.613357978500228107e-01 5.133515285353130314e-02 1.242875771540149776e-01
8.124609600620115168e-01 4.358232699715413050e-01 2.829251263207744893e-01
2.598776545333641996e-01 2.381069237841603181e-01 1.049496006932389702e-01
6.526063384369590326e-01 5.086468986263869008e-01 2.162886289134829665e-01
2.400404634558149120e+00 4.950843835223674161e-02 1.143585199908856431e+00
8.915400034492071413e-01 3.620557263435555256e-02 4.301945612889517268e-01
7.564385383902620941e-01 5.166900173686365116e-01 2.493715029860341104e-01
8.190345528225742022e-01 6.804783736841546471e-02 3.834259684662673640e-01
1.339297519171552819e-01 6.082480898156144011e-01 4.163839918893058600e-02
1.536635302355864541e+00 5.108566985725507825e-01 5.085311213855255863e-01
2.440669277535834625e-01 1.191626422761347254e-01 1.090399726250708828e-01
4.123912416602150799e+00 4.804572977689300362e-01 1.392783305137184513e+00
1.205166818472180601e-01 4.469382514460236711e-01 4.164541290092288461e-02
1.104821339415223286e-01 1.548241385057451680e-01 4.783504702476942816e-02
2.810871688467349472e+00 1.966189618133643707e-02 1.378335161387390206e+00
5.377444730462295652e+00 2.679560450963105467e-01 2.120517012896073972e+00
4.240090124870248722e+00 1.086577670717606310e-02 2.097256739011406079e+00
3.892208791031250281e-01 8.426781188481106966e-02 1.794855822688917746e-01
7.069352060705710983e+00 5.040483067922023330e-02 3.365060714798158603e+00
1.400306953720334313e+00 7.256972186353886911e-02 6.527813181633393969e-01
1.427266871312033558e+00 1.686172778481630566e-02 7.017998771677959047e-01
2.059803982068741490e+00 4.583485080769630904e-02 9.847654151503743014e-01
2.442771352073937197e-01 1.798258786879272653e-02 1.199809987510702391e-01
3.155838678986120360e+00 4.915346984292859323e-02 1.503992871251995656e+00
2.440524113241296089e-01 3.874527579259225835e-02 1.174746191446746357e-01
2.369234409873977598e-01 3.608670009594278777e-02 1.143357215981338076e-01
1.637946325432708683e-01 1.084293008719430622e-02 8.101883471111682999e-02
5.318204323534508893e-01 1.513479908272271912e-01 2.309555566998234000e-01
5.279291407509591139e+00 6.076375350466865083e-02 2.488438820645635818e+00
1.443222100091880178e-01 5.553752367402297052e-01 4.639465982230110697e-02
1.237804228847588089e-01 2.034660234231525783e-02 6.065606657610636554e-02
2.170407602720862417e-01 2.758089756130113201e-01 8.506005382498610379e-02
3.035951670351349385e+00 2.654398824158578085e-01 1.199563769301864369e+00
1.353824869597995140e-01 3.960904863807930554e-02 6.511221075708932549e-02
1.157047938846323121e-01 4.661005007604350769e-01 3.946004855213496726e-02
6.054506835851210411e+00 1.094287479341931983e-02 2.994485141946530149e+00
1.618556070803296221e+00 2.344386258243701671e-01 6.555838568816689804e-01
9.843836758647857010e-01 1.054988496178200230e-01 4.452214835886510458e-01
1.394128576273554743e-01 1.702204070960268781e-02 6.853974252617156537e-02
4.721624703424844860e-01 3.201746824805890013e-01 1.788257556398892834e-01
2.607064574260109513e+00 9.233446082085895457e-01 6.777424500875949276e-01
2.703023701671695145e-01 2.544620135368974578e-02 1.317974408654221941e-01
5.774170626137466122e+00 5.599908321998926797e-02 2.733984677586396739e+00
7.005156186248644445e-01 7.642548206391465426e-02 3.253897414625074869e-01
7.131811644644636683e-01 3.564477383009632960e-02 3.443174640986820245e-01
4.994302708405148894e-01 2.349664327116060200e-02 2.439823687375778372e-01
9.696528506450945883e+00 8.346958424578809765e-01 2.642543870776103532e+00
1.851848396357086701e-01 1.224025784187005202e-02 9.147276953325730875e-02
5.820147627489827835e-01 2.381372195341821263e-01 2.350364537817347388e-01
1.141639760872222437e-01 6.855190413256976312e-01 3.386611877058053749e-02
2.832446884850594038e-01 4.047962552138660575e-02 1.361125588322427971e-01
7.082257092404294907e-01 3.608165081276214908e-02 3.417808377770499284e-01
5.444686767248411385e+00 6.385864958074286557e-01 1.661397424298157732e+00
1.441025095779318255e+00 8.396593397062618314e-01 3.916554181192607453e-01
5.242885253198235951e+00 5.672809484263407337e-02 2.480716316139487176e+00
2.426998781998393195e-01 1.785748892930080489e-01 1.029632823525655355e-01
1.110201031869856442e-01 4.099167967665199447e-02 5.332420294726571836e-02
1.115560256495631841e-01 9.398509230527735125e-02 5.098608127030737625e-02
2.269111577268305702e+00 3.370601323562859575e-01 8.485450737617447059e-01
1.685615773476748791e-01 8.978327462382377222e-01 4.440896535318689803e-02
1.305317343967409005e-01 1.681089483562280690e-02 6.418682916347125123e-02
3.104901156046179223e-01 3.042122254636375756e-01 1.190335857702303768e-01
1.495015716182049204e+00 1.832456642520750856e-01 6.317435851865312868e-01
2.362568492188418801e-01 1.345646797138102813e-01 1.041178407203883632e-01
2.387070117171423256e+00 3.815206977259372884e-02 1.149672666786817121e+00
2.021134695053511121e-01 1.875204404192174976e-02 9.919659581906768719e-02
9.418851003399938193e+00 4.401408626920525619e-02 4.510883103626644797e+00
2.151545810952820936e+00 1.345256733123155191e-01 9.482138049248609590e-01
5.562999875279056816e+00 9.220141146304777768e-01 1.447179766509827825e+00
6.075783630441108585e+00 3.535879436596883058e-02 2.934144020171184586e+00
2.333259676066891330e+00 6.220353962860771802e-01 7.192382118815907610e-01
1.374182715141493372e+00 1.054706424173928146e-02 6.799201955886176041e-01
1.970257720561419124e-01 2.819783970148968116e-02 9.581121669801562213e-02
2.675730382485571046e-01 4.662334569582405330e-01 9.124503228962187185e-02
6.261065843218965199e+00 3.397202725475180485e-02 3.027676609319118750e+00
9.721941444591239989e-01 1.866098834758776193e-01 4.096519664960668328e-01
8.359088528418205932e-01 9.847969825647261144e-02 3.804844341541271380e-01
1.093379202634614106e-01 1.160339110635417829e-02 5.404189093508398462e-02
1.078911502685774071e+00 2.245765155059243484e-02 5.276069385610090423e-01
2.662108267256039773e-01 1.833114967049480001e-02 1.307093605119232782e-01
2.512917841881879277e-01 3.447267477762860910e-01 9.343600274321077481e-02
1.973789318757692424e-01 1.769253958653462244e-01 8.385362936732466965e-02
9.108858407153667125e-01 1.842119341358859630e-01 3.845957866401827907e-01
3.082624749024666766e+00 9.424635272064620928e-01 7.934833024787647515e-01
2.308471797417564808e+00 2.839471220553062003e-01 8.989746375700536918e-01
2.956246736366030081e+00 1.057949445477505100e-02 1.462649278254441576e+00
5.150383155543328817e-01 3.507162406052224957e-02 2.487935634511307115e-01
9.781042404654551881e-01 2.492858547836974137e-01 3.914653466699201112e-01
2.505451960173969983e+00 1.275411841419311215e-02 1.236949776169312010e+00
2.057747412282472377e-01 9.671705138356528897e-02 9.381396093397642577e-02
1.625502807757882362e+00 3.157657163818949897e-02 7.878730733369174732e-01
1.853341193228362105e+00 8.292751864998609834e-01 5.065780170490775669e-01
4.457574061697738288e-01 6.283014853804409494e-01 1.368780321617239781e-01
3.495522261954511767e-01 1.681427463045420678e-02 1.718859751071505348e-01
1.124100904693916964e-01 4.068878166236538502e-02 5.400754406607091718e-02
1.156583687095586038e-01 1.341247148323045785e-02 5.706381752944140323e-02
4.493596853851578032e+00 2.041885129275109248e-02 2.201839395733780069e+00
2.998763802453758842e-01 2.665480299649775620e-01 1.183833432095220267e-01
3.065322889207791612e-01 1.794203535702646735e-01 1.299503980887155852e-01
8.629042629921767071e-01 1.362145713391059443e-02 4.256541023865566542e-01
2.735776511663823851e-01 4.933535512265991435e-02 1.303575877010277051e-01
2.058151740717055478e-01 5.553410073292337490e-01 6.616400297485974802e-02
1.326218942645016330e-01 2.098819342085537498e-01 5.480778351784236502e-02
7.629410853610599119e+00 3.173028724784576066e-02 3.697386297518779674e+00
9.819223967654458818e+00 9.228211359158725036e-02 4.494820452276463207e+00
2.283533268956296158e+00 1.785976103660323958e-02 1.121732755517672153e+00
2.838156071487284660e+00 1.689969371057041883e-02 1.395494604355284496e+00
9.768419814661525313e-01 2.481771318956760980e-02 4.765930413253206543e-01
5.904180621101310145e+00 9.053944883533432408e-02 2.707000020680962127e+00
2.234874183867486819e-01 5.567907667045863401e-02 1.058500747649622209e-01
3.771033313440080303e-01 1.057737210895118712e-01 1.705155965238758509e-01
1.378888037903978347e-01 3.327909646768950624e-02 6.672389108701455573e-02
5.454268981126714877e+00 6.968519813729394385e-02 2.549473896911238935e+00
1.086353074641615429e-01 2.440866737791069219e-01 4.366066679830468700e-02
1.813531781444729374e-01 1.373286345446637739e-02 8.944820903136220525e-02
8.712975121748645080e+00 6.203918341780479545e-02 4.102002665150712879e+00
7.129245044869733761e+00 1.091690789206900269e-01 3.213777403444683767e+00
6.928668873425904984e-01 1.521506585161202380e-02 3.412414327999456765e-01
1.484198318848784393e+00 1.024553922945230372e-01 6.731330488391670253e-01
4.369367638113640928e-01 7.366699472834237206e-01 1.257972951322270383e-01
6.808472520143697082e+00 3.029854679668350301e-02 3.304126042549521358e+00
9.422163461201087387e-01 1.692156780961849571e-02 4.632689363396924609e-01
2.266358531640089602e+00 8.901055353926834446e-02 1.040558571390542530e+00
1.262605162625778821e+00 1.790963547520089127e-01 5.354122067875163316e-01
2.036209376432648599e-01 7.834381825378033959e-01 5.708662616876229029e-02
6.631999458951836068e-01 1.095132964152925048e-01 2.988697602984592416e-01
7.042940993901722457e+00 7.530425062198913000e-02 3.274859645457491641e+00
3.401742022001563726e+00 1.436345169202411266e-02 1.676786568131588773e+00
2.707539630750709359e-01 3.064450580036625071e-01 1.036224070106712136e-01
8.825459782674507370e-01 4.425050586961040699e-02 4.225738811265892236e-01
1.509279467010346432e+00 4.688783110105125829e-01 5.137523836035267077e-01
4.646394181963066750e+00 2.866947725941040859e-01 1.805554153529152828e+00
4.059836573732599874e+00 1.692864881976473834e-01 1.736031594784988030e+00
9.693784319009253636e+00 6.873654428607738065e-02 4.535160873293034633e+00
5.263617088451556514e-01 2.368954411223469225e-01 2.127753451688447206e-01
1.987525190188127011e+00 3.860826907402883923e-01 7.169576546427458563e-01
1.101566720687223500e+00 9.913109444455244779e-01 2.765933476536865387e-01
3.799175647974503800e+00 5.132687883950617924e-02 1.806847957777021341e+00
1.883800645662655759e-01 2.730470464628285132e-01 7.398786442719501588e-02
4.179632559956680815e+00 4.743199793560559652e-01 1.417478097862525654e+00
7.554006792980900720e+00 2.200834442031916055e-02 3.695667865248945638e+00
1.136501465173983538e+00 1.379671706552258181e-01 4.993559983455417295e-01
1.967871458302525411e+00 5.214700682533238846e-02 9.351694418825700073e-01
8.247943571401114227e+00 2.363532959321012206e-01 3.335593312420821022e+00
7.563428134226439781e-01 2.756876962404768150e-02 3.680253992632356863e-01
2.033217520150506719e+00 4.315649033462881090e-01 7.101380857402460611e-01
1.007339972226932279e+00 2.059126088534762172e-02 4.935080334477290886e-01
3.958509160074932254e+00 3.469943684130140094e-01 1.469385935421067213e+00
1.111429793052759185e-01 4.706941742422383196e-02 5.307335762832520593e-02
4.952364378106918763e-01 5.529055051964228140e-02 2.346445903295681645e-01
1.128239636492398140e-01 5.584658096781761616e-01 3.619712506639398419e-02
3.835059710794769261e-01 9.058897985951919196e-01 1.006107413351376573e-01
2.061229534943292141e-01 5.527069548391647796e-02 9.766354470774309127e-02
3.307749796051273616e-01 1.366822150457404905e-01 1.455002001556859326e-01
3.287596564158828949e-01 2.007194736925351983e-02 1.611453276721058481e-01
4.155579905874446034e+00 2.709972216466806083e-01 1.634771435806348094e+00
7.645989201831853155e-01 3.178278600595221270e-01 2.900981772189316077e-01
9.364963270926268679e-01 7.608098884916407734e-01 2.659277225819239310e-01
1.069725419421541923e-01 1.518934426092792001e-01 4.643334964206369264e-02
4.197172656524565948e-01 3.994469401291888544e-01 1.499582633742836679e-01
7.315740529495050604e-01 3.980843922181545036e-01 2.616344396023239649e-01
1.866648288914788678e-01 7.088960217798799812e-01 5.461561923968328430e-02
2.280791380171223626e+00 3.407052143344083683e-01 8.505939097520106573e-01
1.049771697573287366e+00 8.341686386792926955e-01 2.861709865264034924e-01
2.633515568436740062e-01 1.049669706888810422e-01 1.191671623811026842e-01
3.031805211584893134e-01 2.070032264543273659e-01 1.255922579631818248e-01
1.402239909724274647e-01 4.716701785829870153e-02 6.695397609982899068e-02
5.959250350174976063e+00 5.661859196897781055e-02 2.819962849163049068e+00
1.232313058015101076e-01 1.867106834304916863e-01 5.192137709811392443e-02
6.825127452194506006e-01 1.785522741768156840e-01 2.895555675271874185e-01
2.483485387475323214e-01 9.298394006389436584e-01 6.434435390460664650e-02
2.272258558746816093e-01 4.580418535165685645e-01 7.792158206112136110e-02
8.288789280216731781e-01 2.699402580356009829e-02 4.035461293813885630e-01
1.349015818131757305e+00 5.870070323317325839e-02 6.371091537069867305e-01
2.889010457384100228e-01 1.237928471921569407e-01 1.285383896419350080e-01
1.177402289828830773e+00 3.184072900219387381e-01 4.465244916118593088e-01
1.522431194627935080e-01 1.927002482901883085e-01 6.382287573136825876e-02
2.271841573937683212e-01 3.705628499074432175e-02 1.095331857497956057e-01
4.485164515383213701e-01 8.086520378256988328e-01 1.239919128052715119e-01
3.590178396697379704e+00 4.757437271640822807e-02 1.713567308537666589e+00
9.362759694031719260e-01 4.324988967574309173e-01 3.267981467638484960e-01
6.462130146332443204e-01 5.764099583748828748e-02 3.054973366087910258e-01
2.295286071619611068e-01 2.257299015535429998e-01 9.362935785079838646e-02
6.610765675286803811e-01 2.352091048035909182e-02 3.229423848402001584e-01
1.652113341532148727e-01 5.068344482233665405e-01 5.482066538497554903e-02
9.008627248866458714e+00 2.066862293784809401e-01 3.732796078027038611e+00
5.627786324323408307e-01 8.539890250132581295e-01 1.517750711680497522e-01
1.770729332291523628e+00 6.240519573525134256e-02 8.333587502205631603e-01
4.567339386940431289e+00 1.995429735064997434e-01 1.903783144004087324e+00
1.949487888354493492e+00 6.463208857315637379e-02 9.155688191623270189e-01
5.026995466958439351e+00 5.103706905215192602e-02 2.391445370947712146e+00
2.153505086941952806e-01 5.631217659427746325e-01 6.888475145898492746e-02
2.090136026052752172e+00 1.196321912558648975e-02 1.032713435898781729e+00
3.639909307018812101e-01 3.311703173159136204e-01 1.367183920671432573e-01
4.751249468033250878e+00 1.661709307787409273e-01 2.037115375899689607e+00
2.302866123613685811e+00 2.134906831748911160e-01 9.488602407678277117e-01
4.573928715473650541e+00 2.463518274744909073e-02 2.231979143644644559e+00
2.606841796088499863e-01 1.870538869347704650e-02 1.279487585430297558e-01
7.254756132204743579e+00 3.404318492237191213e-02 3.507956068947630790e+00
2.774881497750797621e+00 5.346093022664360345e-02 1.317031044119407746e+00
1.527397493612429935e+00 2.160911851446605664e-02 7.475449591882249445e-01
7.050612259593586062e-01 6.067444172924330026e-01 2.194067763270886873e-01
2.641659296227263365e+00 1.724698057883815860e-01 1.126536173121738704e+00
1.423649903423712948e-01 2.520771256754500075e-02 6.943226655300434313e-02
6.889209850704677285e-01 1.891276732252328285e-02 3.380667154072468650e-01
2.930968030067753749e-01 1.718159949890848276e-02 1.440729969708274827e-01
1.323200508806227749e+00 4.593413013966379799e-01 4.533553965545554232e-01
9.694051303730928382e+00 6.446843480919157987e-02 4.553470533613619864e+00
1.140766906787398893e+00 8.478844289479391394e-01 3.086683585068344393e-01
3.139653501865208973e+00 8.642702830257432689e-01 8.420596333192353899e-01
7.422687231727334023e+00 2.662572042181785004e-01 2.930955577982397919e+00
4.314098942369157363e+00 4.874206598578158245e-02 2.056796939061490193e+00
3.501707989807970045e-01 2.291184957776503384e-01 1.424479414245766462e-01
5.815193848924937736e-01 6.865369520518196378e-01 1.724004280442905934e-01
2.633876261835084165e-01 4.515055756057245046e-02 1.260046336282242274e-01
3.750875823564792544e+00 1.132595585175068600e-02 1.854434666618321126e+00
2.353643349452693712e-01 2.150340660217770622e-02 1.152048703039379590e-01
1.579087560446368055e-01 1.292820685522385882e-01 6.991555096906783284e-02
7.355910255444000345e-01 1.298819103110623180e-02 3.630797634450468880e-01
7.079628322583641165e+00 1.803290470114104205e-01 2.999006226487960447e+00
7.774479199890977910e-01 1.504593083936114732e-02 3.829619411144336572e-01
6.440477652852691470e+00 5.853730460417118087e-01 2.031218352340790290e+00
3.674713202253689914e+00 4.853569517577155379e-02 1.752307155188302046e+00
2.300574681684871836e-01 1.895697216799596407e-01 9.669776557677951800e-02
7.191719796547727528e-01 4.953233090162131175e-02 3.426154480810295611e-01
6.478615685942965552e-01 1.509713753892093398e-02 3.191130900856550823e-01
1.444885526129553732e-01 5.669211201009841106e-02 6.836833121527764734e-02
1.231285818727642978e+00 1.648259834960960624e-01 5.285277956420902923e-01
6.848459498981755988e-01 1.019295431582741412e-01 3.107485202435527616e-01
9.676070044513153112e-01 7.922360818065931065e-01 2.699440699452823056e-01
4.233589162451021348e-01 3.787074257070033312e-02 2.039555114524594648e-01
1.438178059551111776e+00 6.350768185341109096e-01 4.397891411733413358e-01
2.548801978509804389e+00 1.971502153422382830e-01 1.064528889459857686e+00
8.676495213100681170e+00 7.382168657480753238e-02 4.040007443310391189e+00
4.081754227083550512e-01 8.343115456981605726e-01 1.112612041464850210e-01
4.382844764305069418e+00 4.083778528369947508e-02 2.105440841153957798e+00
2.265351256264649393e-01 2.890573226621313552e-01 8.786852285150122122e-02
7.116676153338785671e-01 1.370906782784495591e-02 3.510216283547830107e-01
1.139136743438511484e-01 7.352909867401677402e-02 5.305569941446072052e-02
6.922396310033419597e-01 8.822852959902108827e-01 1.838827600890269032e-01
4.889562319631342024e-01 8.299442616909000758e-01 1.335986680576080055e-01
3.473828507011694544e+00 1.850109745296310906e-02 1.705363163426598216e+00
1.454213524781394484e-01 3.418325719652427486e-01 5.418759222141846660e-02
2.368256392828891777e+00 3.944094584766885125e-01 8.491969049808635317e-01
1.609535795097193356e-01 6.640521893094805672e-02 7.546548753346893346e-02
1.165333924657832310e-01 1.737917826133057730e-02 5.727136693761276931e-02
5.358190378598097325e+00 1.746548289263437914e-01 2.280751011552722307e+00
1.627579622265086012e+00 5.265079278967184362e-02 7.730862093172288230e-01
3.838631788503616971e-01 1.342092292088365724e-01 1.692206203956407584e-01
1.129487340718966087e-01 9.190631286980870118e-02 5.172089067561047582e-02
9.261210385541057022e+00 1.880469645602683149e-01 3.897661734681047818e+00
3.108724307409817200e+00 5.921789852263346088e-01 9.762483791883170836e-01
3.386991984072971196e-01 1.873855453797438619e-01 1.426239353027394241e-01
1.247345642552611711e+00 6.972386535230266080e-01 3.674632438883730923e-01
1.536938916489098528e+00 9.956169240331578241e-01 3.850786435963202137e-01
5.346516498058706546e+00 1.557775604723659058e-01 2.312952198117424363e+00
1.699351400731691775e-01 3.749927032868131949e-02 8.189651064493445876e-02
3.814990457426155945e+00 2.152202243960969485e-01 1.569670410695317875e+00
5.960558087766765212e+00 1.475654660259153976e-02 2.936939952603771609e+00
1.641655895020918132e-01 1.448855836078512260e-01 7.169519463454182562e-02
2.234704435029358116e+00 4.287145763267396492e-01 7.820681863465123174e-01
1.506217401897091968e+00 1.321219079339870130e-02 7.432882349735864258e-01
1.021123074729759272e+00 8.476855328016537350e-02 4.706640285810496094e-01
3.016583495389149494e+00 2.981966317294941771e-01 1.161836127771480820e+00
4.427243342762702816e-01 2.821431125960016106e-01 1.726501238149110717e-01
9.126203467055471474e-01 3.605769407550967198e-01 3.353799110394516392e-01
1.059992520923290632e-01 8.692005006121207300e-01 2.835416854896430708e-02
6.845046246072246099e+00 1.573005212471126346e-02 3.369520391640342893e+00
2.821402921723716872e-01 1.285619953027988815e-01 1.249999084439628178e-01
9.254841262533859414e-01 7.065175979127046313e-01 2.711616122170010801e-01
1.586790863926209605e-01 3.317284180727091830e-02 7.679213001527052107e-02
1.089630784474393987e+00 1.993634791819593188e-01 4.542537785199154410e-01
3.574479927772261645e-01 1.177116259444379864e-01 1.599017065225530332e-01
2.166853225960770624e-01 4.292492057638505609e-01 7.580389820131869238e-02
7.886451434192017551e+00 2.870681944426880725e-02 3.833187106921513987e+00
2.294812847995278404e-01 6.641363602311775027e-01 6.894906279424388440e-02
8.729492647812491235e-01 1.035236157497610165e-01 3.955281302195540194e-01
2.131116389206847150e-01 1.804282411787374099e-02 1.046673253187282576e-01
2.030469928562843585e+00 3.891079579439237768e-01 7.308538969023783416e-01
1.858582365351060472e+00 1.916350099003715987e-02 9.118175658496375791e-01
2.153249175423581352e-01 2.710306163006103719e-01 8.470485084343232218e-02
5.647311437969780856e-01 1.270189096982254073e-01 2.505420001995319335e-01
3.388354619586055883e+00 1.530063556911753775e-02 1.668645965973784673e+00
4.025950777833652849e-01 7.577789003065739382e-02 1.871181223904370139e-01
2.881451512377878554e+00 1.471675897653165754e-01 1.255898239318003817e+00
4.633385689088014292e-01 3.093659084061366540e-02 2.247172973708308208e-01
1.373303730901096475e+00 2.153376985346983907e-01 5.649885346915732853e-01
1.181294052332384936e+00 2.772006118210527253e-02 5.747158671660235196e-01
1.775719814371478078e+00 3.972129649435870435e-01 6.354506646176066864e-01
9.091051232375868540e-01 4.615415769043068051e-01 3.110089844871753995e-01
3.087525151087091135e+00 1.430087992609438592e-02 1.521996683721727361e+00
6.189925406906146010e-01 1.209270118775495999e-02 3.057983423673481527e-01
2.990929410111380360e+00 1.212403139827075982e-01 1.333759307800588045e+00
9.182527890848913188e+00 7.797128126133265336e-02 4.259170930836139846e+00
8.859391961752802747e-01 1.313378236726270853e-01 3.915449380536413226e-01
6.345617523583772623e+00 5.521838281477444710e-01 2.044093427759822390e+00
2.755432529369423733e-01 4.515385759983206460e-01 9.491420258928798259e-02
9.036818851947160169e+00 3.534717166216439638e-02 4.364149098625194512e+00
1.367264786618047845e+00 2.191941176784885092e-01 5.607248127236317270e-01
6.245558014021953319e+00 2.742954616105708343e-01 2.450592583186417261e+00
9.100254736799941568e+00 1.045442658217520145e-02 4.503050556956447181e+00
2.263355066910166080e+00 5.819336683923389403e-02 1.069443042187405268e+00
1.036184395630687760e+00 2.463078826825177703e-01 4.157016135533195267e-01
3.261771585412776564e-01 3.046956332365247794e-02 1.582662749830443527e-01
6.229000076704708233e-01 1.769746556721571717e-01 2.646191252583682263e-01
5.353155039139836369e+00 2.165116562376880396e-02 2.619854613424470013e+00
4.475656721014516504e-01 1.167155412830661078e-02 2.212010757221945789e-01
2.270117706128948143e+00 7.978589027272652290e-01 6.313392287585218865e-01
7.321777728103709970e-01 7.819538322857776114e-02 3.395385401382066126e-01
2.196213768304261738e+00 4.160120160135186151e-02 1.054248864597993496e+00
1.982821378738009788e+00 5.892406351623633021e-02 9.362434224763500623e-01
4.488061239422070914e-01 1.644585324229070611e-01 1.927102217235547033e-01
2.020302466424166998e-01 5.322181893473778569e-01 6.592737511113480608e-02
6.761379485520267352e+00 3.809989857498759930e-02 3.256613113440091301e+00
4.948556750023029305e-01 4.050020749986484730e-02 2.377970092823682713e-01
2.441520568954040016e+00 1.206797859054477978e-01 1.089303385168773008e+00
1.169530788239815600e+00 1.634650763153762121e-01 5.026067443054024197e-01
9.637082772713519319e+00 5.131367904647608780e-02 4.583352697100922413e+00
1.348075331006646782e-01 1.228896741996853004e-01 6.002706062674668941e-02
1.887168800889299780e-01 2.235256746918478921e-01 7.712011443342185746e-02
4.900178863647514760e+00 9.428692961055206156e-01 1.261067554433517035e+00
2.041999319496266285e-01 1.111682545269884054e-01 9.188524380430226901e-02
2.327553412753983419e+00 6.988609235144278842e-02 1.087757579705697308e+00
4.436870513418834427e+00 1.462056968112271024e-02 2.186467851136343565e+00
5.494357345787023839e+00 5.505189506216816575e-01 1.771780133220576703e+00
1.408713866527561143e+00 4.786264767730204900e-02 6.721844077800290806e-01
3.840713199646114684e-01 3.164085446593087325e-01 1.458784666518593842e-01
4.430586583184606408e-01 1.103745728540871281e-02 2.191109019383187806e-01
3.585113422919061765e+00 8.181161188233572190e-01 9.859418179624479528e-01
4.144286824576085770e+00 2.234201719136019726e-02 2.026859287247882779e+00
8.413813805998145767e+00 2.083451284342566490e-01 3.481544141656182312e+00
3.733935833204155563e-01 1.837868534411503038e-02 1.833274737060330839e-01
4.034424861389374506e+00 1.115027090841679870e-02 1.994967997073693988e+00
3.362455450208238439e+00 1.206943178206986295e-01 1.500166190164534230e+00
1.068734876013435198e+00 4.769992777746147328e-02 5.100386320922042360e-01
8.114416484036246047e+00 2.866206748491820777e-01 3.153383371904629140e+00
5.124160935169362219e+00 5.853348338233755471e-02 2.420405691275869575e+00
1.142882198619711520e+00 9.831870604897946508e-02 5.202871408477790505e-01
8.266212081230600583e-01 1.278837723888353803e-02 4.080917725263780715e-01
3.941638644674904102e-01 4.664994619642815477e-01 1.343893655233713291e-01
2.823705494359475487e+00 2.349289577677477620e-02 1.379445576032278353e+00
3.176568963674362589e+00 8.203819731716524011e-01 8.725006648302018331e-01
4.547850934468208095e+00 5.020032168545328355e-02 2.165230213969759454e+00
1.966396896792858895e+00 1.350780491411653073e-01 8.661945750253450260e-01
2.069021720992521851e-01 1.854919490949284364e-02 1.015670981496565178e-01
7.760767956515147725e-01 8.033434330722265537e-01 2.151772040252389884e-01
5.340237207951870069e-01 5.995906783077972202e-01 1.669251165429800343e-01
3.098430516388386291e-01 2.125290177335937281e-01 1.277672728269974578e-01
3.573583451396384891e-01 1.115247819552315361e-02 1.767084355948823071e-01
9.992084665101852892e+00 9.215887441782939504e-01 2.599953995196471634e+00
9.910581332352975892e+00 1.867752086583172183e-02 4.864435078497369780e+00
5.140678284405483245e-01 2.460239523134781503e-02 2.508621055509417941e-01
1.837182818869467438e+00 1.056754607021745222e-02 9.089856615788323158e-01
1.694724064330853652e-01 6.848623492566058291e-01 5.029265640242359253e-02
1.841246213659965880e+00 1.287563779538368480e-01 8.156083321529936647e-01
6.260403065335562012e+00 4.319500663836420284e-02 3.000590985145409562e+00
2.550772765392058439e+00 1.425805109204817712e-02 1.257457489563750475e+00
3.061442727817392240e-01 2.828911763944990179e-02 1.488609903236780552e-01
1.216930698682465506e+00 1.054847469433024820e-02 6.021139654139606723e-01
1.698717136645849113e+00 1.985877915423807649e-01 7.086327545769033343e-01
4.308301401583308099e+00 1.818212844732643718e-01 1.822738115392595448e+00
1.149038654149859146e-01 4.599374466695214103e-01 3.935232488114818322e-02
2.674778296992661009e+00 2.488764406085557102e-02 1.304912939722121523e+00
2.760134560918426905e-01 7.037548085593937908e-02 1.289330057668758578e-01
3.503114073718224919e+00 3.816581392171088105e-02 1.687165010994283287e+00
3.528998336523326174e+00 2.054474279469648279e-01 1.463771150324520320e+00
5.045560123422515808e+00 2.286885437194417781e-02 2.466376848731287375e+00
5.848085114896575121e-01 4.425700211901677922e-02 2.800117740666130395e-01
1.781607233472302543e+00 3.903333341681408108e-01 6.407122629114936352e-01
7.222816509355229009e+00 3.669275398355698048e-02 3.483585894471194155e+00
1.788693753488492577e+00 3.787145894373888932e-02 8.617125647278514045e-01
1.204492931089685026e+00 4.944774586842133890e-01 4.029812976069106489e-01
8.040072946892493633e+00 7.969447457317672123e-01 2.237150854524006416e+00
1.886687664929234953e-01 1.729302598182426154e-01 8.042625079949751454e-02
6.448832594880076208e+00 6.843366689008674175e-01 1.914353796942606989e+00
8.736820602736291574e-01 1.022314578753827363e-02 4.324203340206256851e-01
8.313972239676756359e+00 9.471241563944695629e-01 2.134936339928089843e+00
1.976289095333859214e+00 1.108741953908235801e-02 9.773087159143848401e-01
3.468210812614011207e+00 1.070228698627511549e-02 1.715743031984010791e+00
5.954940239662828150e-01 1.618055518779505930e-01 2.562795568517133304e-01
7.352333687644314608e+00 3.650076283761417156e-02 3.546709250611610464e+00
7.911121929496695238e+00 2.914407308132720836e-02 3.843544425131001585e+00
1.545654797778424350e-01 3.068069569462069102e-01 5.913860457976002905e-02
1.094043604752626964e+00 2.864349097933675536e-01 4.252230705276633937e-01
3.684844851958950507e+00 5.904884915587807481e-02 1.739695413906535482e+00
1.094546951425088704e-01 1.380695436585324849e-02 5.398202028066276248e-02
8.108002950724481295e+00 6.128394366889212685e-01 2.513580324948466949e+00
7.362226147464029369e-01 4.228455464126718022e-01 2.587148747812414995e-01
1.204600400698804252e-01 2.999589833416458143e-02 5.847598046977815073e-02
5.963819010035626533e+00 7.930104591385901402e-01 1.663074239093062623e+00
2.695501513745540700e-01 5.671046965053230249e-01 8.600259828703744891e-02
2.798068336629469521e-01 5.948302765258342562e-02 1.320487569691861096e-01
3.107310930608962796e+00 7.888605358367496712e-02 1.440055194099313374e+00
1.360215813576674815e-01 1.893094028905178278e-02 6.674720335760962742e-02
8.554391819034208311e-01 1.808819402106468244e-01 3.622035161918162882e-01
1.474855349569351992e-01 2.032202902641721751e-02 7.227401289064819268e-02
5.651605809402749259e+00 1.115701630479500918e-02 2.794623247562560309e+00
1.988814692253698446e+00 3.208133685548839598e-01 7.528749858239555115e-01
2.212191425554056234e+00 3.565214327068191302e-01 8.153912545044802451e-01
1.463807133457399878e-01 4.696694698466164497e-01 4.980055595800638585e-02
5.698109391465191464e-01 2.938619747772073035e-02 2.767721874174690622e-01
6.426416983975561381e-01 3.262302419408016907e-02 3.111695572055986347e-01
1.079009718541546342e-01 4.212955174667276648e-01 3.795866887924684296e-02
4.381042536442551594e+00 6.837672356681759323e-02 2.050326649674783841e+00
3.363120476997979669e+00 5.566887440316753421e-02 1.592886064249716682e+00
3.297484089626609438e-01 4.289553586139340652e-02 1.580927320253130153e-01
2.810229559733790072e+00 8.543740934671074649e-01 7.577299450078942566e-01
2.442554882378010106e+00 2.306429188222214599e-01 9.923897683966852457e-01
8.489740064087500926e+00 5.026019782206422315e-01 2.825012939934006706e+00
4.915784893946158474e-01 2.511125598463471720e-01 1.964565400314533250e-01
1.163575809988424137e-01 1.684417546800196785e-01 4.979177632637203643e-02
4.716901010574716668e-01 5.416642057806483335e-01 1.529808175116263991e-01
9.979573168058215593e-01 1.766912546225093972e-01 4.240523216627343217e-01
4.824557237802358678e+00 9.210495117846126401e-02 2.208834065167595728e+00
4.028925964917854374e-01 3.709153019108306359e-02 1.942415807877405365e-01
1.538394428870068220e-01 1.887358297865156589e-02 7.549486288439290205e-02
2.001171757483347080e-01 1.257675288842705942e-02 9.881580590186878066e-02
1.996252572307176121e-01 2.920247957851236295e-02 9.698055591183078750e-02
7.556858492686505668e-01 1.175308824893985526e-01 3.381051302963966609e-01
4.768464658040212911e-01 5.304160838776190712e-01 1.557898112896965170e-01
3.048190668118372915e-01 5.238435672846104146e-02 1.448230700423113193e-01
1.389652384676674846e+00 3.627910433966419906e-02 6.705010160183566548e-01
8.730498107066422264e+00 8.825598583311040912e-02 4.011233671452227867e+00
2.605477046167630206e-01 5.100590320891530693e-02 1.239515895302122916e-01
1.335043064018902326e-01 1.444444842261458084e-01 5.832712212867346285e-02
4.225284949036194782e+00 9.858978599678213106e-01 1.063822322942797216e+00
7.774628218361435694e-01 1.118746251393531316e-02 3.844306079029482515e-01
2.570486996197210772e+00 4.319838544012229165e-02 1.232022131204090210e+00
2.178554419807251230e-01 1.497594573074692847e-01 9.473957382829603646e-02
6.855388414451866197e+00 7.822757283810691797e-01 1.923212078043323059e+00
1.035841006847057905e-01 2.130415327675771187e-01 4.269602395574070147e-02
3.510658482788118206e+00 4.909982701104504410e-01 1.177284559333544589e+00
1.948537133227167262e-01 8.885641673280678110e-02 8.947631217869364550e-02
1.211638438769361947e+00 6.641057224489665956e-02 5.680919105193915630e-01
3.383220859579039730e-01 2.013970488401273518e-01 1.408036112143493668e-01
1.683820101673174641e+00 9.815022971692634324e-02 7.666619994730676790e-01
2.367849348397884635e-01 6.026059318600640591e-01 7.387497142387464133e-02
3.309158790085007684e+00 8.629616710073871877e-01 8.881446251912409329e-01
1.087249791426550649e+00 3.367343715064667620e-02 5.259155127481988101e-01
1.521423162901256454e+00 3.117401415715611579e-01 5.799255182808081832e-01
2.324933338422530582e+00 4.011780549377853555e-01 8.296352238137791879e-01
2.971344616980589493e+00 1.058607016881758650e-01 1.343453389945324261e+00
4.747233399910991025e+00 1.024507991958530928e-01 2.153036400070509337e+00
3.138106470583162722e+00 1.275788660804967334e-01 1.391524160740671423e+00
1.967200924150211083e+00 3.927106048377208142e-02 9.464330331850553391e-01
2.591750032027238859e+00 4.150010796280094449e-02 1.244238964649155621e+00
1.289962743939339351e-01 1.098653420869843099e-02 6.379722678250093759e-02
2.049715033097418981e-01 1.377994535598641226e-02 1.010926997760676072e-01
5.249843780107612545e-01 2.165497822912356915e-02 2.569284098829225926e-01
3.227576136461897782e+00 2.166709854815792313e-01 1.326396443646746581e+00
3.918613345676328130e+00 1.155400873627004388e-01 1.756374956878735905e+00
1.378892576417217297e+00 1.170074568045987445e-02 6.814725511988171114e-01
1.893383762793271252e+00 1.260389947617330808e-01 8.407274399915014573e-01
5.241185504469512146e-01 8.061596109238987340e-02 2.425091657526149136e-01
3.060736702118568298e-01 1.838603477150595536e-02 1.502738940644105792e-01
1.977266039182145274e+00 8.605491273122409801e-01 5.313662536926703206e-01
6.083196635893015625e+00 8.827642554643255757e-02 2.794876601704659791e+00
2.577758221181880582e-01 6.964626398009091113e-02 1.204958268909477326e-01
1.807303716244817171e-01 1.659704064848862778e-02 8.888987691189499663e-02
1.612207899927016852e+00 6.547911048296149727e-02 7.565647623050223425e-01
2.246637924318530821e+00 4.029825174531204146e-02 1.079804719727894602e+00
2.373210227333770295e+00 1.430396643306380833e-01 1.038113681174624103e+00
5.204519333924783053e-01 3.552222539214389130e-02 2.512992578191102222e-01
7.873478456949719373e+00 3.808197389561076007e-01 2.851016043159271263e+00
5.161746370346369517e-01 8.555835018674180781e-02 2.377461501474529837e-01
4.125540326972224059e-01 5.598289811082244327e-01 1.322433541413340630e-01
6.172640585121235368e+00 2.353239783723112821e-01 2.498389367157932028e+00
7.282827907831889158e-01 4.322700945921123528e-01 2.542407306879476137e-01
6.450221344401159129e-01 1.741871388940792742e-01 2.746675180958109141e-01
1.738491049922470388e-01 1.725082796470667201e-02 8.545046128892345993e-02
2.201066077799306964e+00 5.402207696092645728e-01 7.145294107278176154e-01
1.531541152383285864e-01 7.384768882021733871e-01 4.404836103306245670e-02
5.763677784774916546e+00 2.375687886432998122e-02 2.814964130530999142e+00
1.483697235219234856e-01 1.902942951943019725e-02 7.279952826872428118e-02
1.108367466744997643e+00 7.470050809228216959e-01 3.172193025791098520e-01
1.894232436405486331e-01 1.177328391890496984e-01 8.473547389820859643e-02
2.307688113235376814e+00 3.114672489624396023e-01 8.798115679446407711e-01
1.067319575527414244e-01 1.755933965912682970e-02 5.244507784110932075e-02
5.880544312056055212e-01 1.994239711884877170e-02 2.882782561381662112e-01
1.022816119272809826e-01 1.230577069638700005e-01 4.553711322804335909e-02
1.422616927138107557e-01 2.632905391090095137e-01 5.630600733151496645e-02
2.105337891894769164e+00 2.239325905825677032e-01 8.600710153868318386e-01
1.056194662062119038e-01 3.960399358616569637e-02 5.079793212503556921e-02
2.246265982415361073e-01 1.191091060335944390e-01 1.003595614719236528e-01
1.041426655986281008e-01 9.142070123378837065e-01 2.720256088484266158e-02
2.637141975346387057e-01 1.432423777007975907e-01 1.153360838779440151e-01
1.380070725410003751e+00 1.532277759973790093e-02 6.796216709884830287e-01
1.109902035469775061e+00 8.518368309285305473e-02 5.113890177128691539e-01
4.697100850892447887e+00 6.621725256484213562e-02 2.202694075524159079e+00
2.515530188768778097e-01 7.917143887804051205e-01 7.019897268562609594e-02
3.970059149196544457e+00 9.506908950765569077e-02 1.812698023912576950e+00
2.281226688666138980e+00 1.924849913166684981e-02 1.119072871144571213e+00
2.375281097949967446e+00 6.163696918117081425e-02 1.118688010545636935e+00
1.938921875309864262e+00 1.917089243523249775e-01 8.135048062863328155e-01
9.769894364942318665e-01 4.952603712367133204e-02 4.654431628832033652e-01
1.304695015837263605e-01 2.105766284715962847e-02 6.388938956685354109e-02
6.663162703316649171e+00 7.524065811913800417e-01 1.901146336367520728e+00
1.803751163123274159e-01 7.156794254031768610e-01 5.256667231698605031e-02
3.954980215236071572e+00 2.301222158260227690e-01 1.607555803949250794e+00
2.017609962437704407e+00 1.281417990586188604e-01 8.942182463770532719e-01
5.108470432701384123e-01 4.491410390868200153e-02 2.444445152760531537e-01
9.327167662443078822e-01 2.138157647926469673e-02 4.565956483469247318e-01
2.659222795782871795e-01 4.470542628802995910e-01 9.188400407631579225e-02
1.257617075372104154e-01 2.689312882149025863e-01 4.955418339243904124e-02
4.035960242833336875e-01 4.011189041648668269e-02 1.940156765834701591e-01
2.444880260554226914e-01 4.140425228670329555e-02 1.173838235817545039e-01
7.978327815246299082e+00 3.915306649641176473e-01 2.866745238220111514e+00
2.650091171139386526e-01 2.069316567292349418e-02 1.298182088537955525e-01
7.898087631609254089e-01 5.827869574126765678e-02 3.731572629871881541e-01
1.232619249811246209e-01 1.719562416882823228e-02 6.058909518109877046e-02
7.720551520464346007e-01 6.994879434648147709e-02 3.607907014456712691e-01
2.663533233743041184e-01 5.866325381054043192e-02 1.257970003282889992e-01
1.948987459250022258e-01 3.737704276087077671e-01 7.093570439722532428e-02
1.247935359102718134e-01 1.711901606703192594e-02 6.134657495286049977e-02
1.118418313844436796e+00 9.389608608786909061e-02 5.112086641813791132e-01
2.384348770441778953e+00 4.183756555696202528e-02 1.144299672649601529e+00
8.980457358699315273e-01 2.617331774017611981e-02 4.375702039532632925e-01
2.174523646005264599e+00 2.491218502649512542e-02 1.060834126949642409e+00
5.537196073011547703e+00 2.046343361038538700e-01 2.298289160061836256e+00
2.258830644499890461e+00 2.881123404826293338e-02 1.097786731785398429e+00
1.156477678668427073e-01 1.327195864255155400e-02 5.706649970940297356e-02
7.613624551273790786e+00 2.993131429402124191e-02 3.696180728562778572e+00
2.218179577359399302e-01 1.298745131370719445e-02 1.094870215066692937e-01
4.937235385746678418e+00 6.287171202906206846e-02 2.322592336341942065e+00
1.575408311534041983e-01 4.073000059715525811e-02 7.568765725164530722e-02
4.046709166411346814e+00 3.341376008433935008e-01 1.516601122647755373e+00
2.953963666267677701e-01 8.004983750390501362e-02 1.367512666403691568e-01
1.904203008464822489e+00 8.999335656186371879e-02 8.734929424116849583e-01
1.407268452231517086e+00 3.387283723113496126e-02 6.805810161336625086e-01
2.402726366733715313e+00 3.557910673034752613e-01 8.860975797371506424e-01
1.294245777210694781e+00 8.964075530271521652e-02 5.938864579506012431e-01
2.383711375457729376e-01 2.932042885756148132e-01 9.216298602300651566e-02
2.817939456950935284e-01 4.797666263431922262e-01 9.521567140335647494e-02
4.391203921623298423e-01 2.171553864758754560e-01 1.803879755376793792e-01
7.209366464361789406e-01 2.687235872740327547e-02 3.510351799368868764e-01
1.985709021887278602e+00 2.775239414417829953e-01 7.771709623094245067e-01
2.369439325928321960e-01 3.478311397390827786e-02 1.144896594238426352e-01
2.175935164990972837e+00 3.650426292420450580e-01 7.970209568470344452e-01
6.886647071403991127e+00 8.344321222647611835e-02 3.178130147334593314e+00
2.294377522790211898e-01 4.604545490363912141e-02 1.096691119890945976e-01
1.000813816273302681e+00 8.018475105582596463e-01 2.777187887456759041e-01
2.817997418935678233e+00 3.535684605997218566e-01 1.040951197136757989e+00
5.950226122909746174e+00 5.881166150398233761e-01 1.873359319636782150e+00
1.788155120230687123e+00 2.374900071976112637e-01 7.224927513879882968e-01
1.286352966588815594e+00 2.253452550426593079e-02 6.290022167977393774e-01
1.677698210565236492e+00 4.197663398643136645e-02 8.050555817872032671e-01
9.008125896161745416e+00 5.102664915575375743e-02 4.285393668846360526e+00
5.957263821445334173e+00 6.693249972793107183e-01 1.784333137991273688e+00
1.277252586721357996e-01 1.450800321484057610e-02 6.294935982140677233e-02
1.298102368014566743e-01 5.016194101410789696e-02 6.180486634094883858e-02
2.633729372999145668e-01 2.214972343563768181e-02 1.288328565088627808e-01
1.294088828226265808e-01 2.210504834427728243e-02 6.330507956704542472e-02
3.312858361096662652e+00 1.117582049828064056e-01 1.489918557042669622e+00
1.108465317186606708e-01 2.923948449461232640e-02 5.384875599340695901e-02
3.520318565482013273e+00 5.669063087303772425e-02 1.665728105573116569e+00
4.677671134955023180e-01 4.421090969220189404e-01 1.621815972501269576e-01
1.241790324831927972e+00 6.178447665732951233e-01 3.837791951641083554e-01
3.430569829973529328e-01 6.658170714658978584e-02 1.608207700819884733e-01
1.262383134645865823e+00 7.714930884149390211e-02 5.859833563851962746e-01
4.812871635726077013e-01 2.578297024499150436e-01 1.913165043865593939e-01
1.500446057339623218e+00 3.411988327353606548e-02 7.254700744124163991e-01
2.563767617157697853e-01 1.868251221339842505e-01 1.080094939576222712e-01
4.145899218589112145e+00 7.282995183303037079e-02 1.932225704318496717e+00
6.102830280505316729e+00 5.468345140263132509e-02 2.893204720520226925e+00
1.647907638920964812e+00 8.028270463646869359e-02 7.627205507633811887e-01
8.559064447996636460e+00 5.471485230831678592e-01 2.766077180146892189e+00
5.818709251651978942e-01 3.724076315835025963e-02 2.804898080718635778e-01
2.393791248779473690e+00 1.395338762914334896e-01 1.050337905078333245e+00
7.307910756205516778e-01 8.162265502589478583e-01 2.011838984284090026e-01
4.692447452888788284e+00 2.118731414400798208e-01 1.936030799111823963e+00
2.279866907332948944e+00 1.192962043155756935e-01 1.018437701540780393e+00
2.058191113209138778e-01 1.910881179944409411e-02 1.009799488228829839e-01
2.996501307835172656e-01 1.514788877533122281e-02 1.475893976123092421e-01
3.535611111484373570e-01 2.269738077916918229e-01 1.440785079938979585e-01
2.337786780166482559e-01 5.348833491559535497e-02 1.109545641221449247e-01
2.506222977644930738e-01 1.244596704726392243e-02 1.237707027938575038e-01
1.752049273462991941e-01 1.985749123286672246e-01 7.308885141184039147e-02
3.719500747542065500e-01 6.666567514420964624e-01 1.115856862645448477e-01
3.753806878924464407e-01 7.039400780479962982e-01 1.101507889650896466e-01
6.358893601674930451e+00 4.043743470152998398e-01 2.263959611334902089e+00
1.412322985979527434e+00 5.122603367012106002e-02 6.717503851425353778e-01
4.099057855594552713e+00 3.808269639539495488e-01 1.484276438177686286e+00
3.381431016032215187e+00 5.193712957658014329e-02 1.607240072129258124e+00
2.550893875592807891e+00 3.200569277063127216e-01 9.662060105336353066e-01
7.783895851200171911e+00 1.163434055074053369e-01 3.486335751525401427e+00
1.069423887799552109e+00 6.668989111373206657e-02 5.012815330437627726e-01
1.414022307292981839e+00 3.253818077819853882e-01 5.334396092471404005e-01
1.426583029695276394e+00 2.378570398266174890e-02 6.967195498753693261e-01
3.007668451965596734e+00 2.104723666151710471e-01 1.242353206449438696e+00
9.135863953373117852e+00 6.765778528780111989e-01 2.724557030766721066e+00
6.031730715999725767e-01 7.121075418783499866e-02 2.815380023220935279e-01
4.524360263458262477e-01 9.424828765043082035e-02 2.067337145746403482e-01
3.091300454352287286e+00 3.176058254589792657e-02 1.498070631233273664e+00
6.056602867621537767e-01 1.469112425857174026e-02 2.984456413791467533e-01
1.313670907001466270e+00 3.925254722043088340e-01 4.716864909199761091e-01
5.617104701024545621e-01 6.920329960563506022e-01 1.659868546924446742e-01
3.975878575689344441e-01 4.243666615413087956e-02 1.907012053958914433e-01
9.254745143358327653e+00 8.689350165559770467e-01 2.475940859734310440e+00
1.708708732182390388e+00 1.486017682638759128e-02 8.418444093085640789e-01
8.612993306300188223e+00 2.664432859383019658e-01 3.400465461790838084e+00
3.678499703651195163e-01 7.937594697162735080e-02 1.703993735441229340e-01
5.635765522234813751e+00 4.721150781319457396e-02 2.690843960454329942e+00
3.689495246131885842e-01 9.197256879488052705e-01 9.609433444822135240e-02
2.259646671427883113e+00 1.646693107578814722e-02 1.111520012282329217e+00
3.678834162653524253e-01 6.194432663517639159e-02 1.732121953280777726e-01
1.832134898582983284e-01 3.142070638999088783e-01 6.970495551690780722e-02
1.131867408182956197e-01 1.035973786319334261e-01 5.128081264500951308e-02
6.237789964888329486e+00 6.305343954464062706e-02 2.933902348107865876e+00
4.385623322003807445e+00 6.588486189879949606e-01 1.321887745453024454e+00
1.002315018338004737e+00 4.166736918693199065e-01 3.537564874997560782e-01
2.782256084221727210e+00 2.037295910826414091e-01 1.155681518853146184e+00
1.668390869836986756e-01 1.829730279322654141e-02 8.192061715476069150e-02
4.586194307799698500e+00 3.377333299139717582e-02 2.218181762596242113e+00
1.112900700795849129e+00 1.825513693071520727e-01 4.705506795226532812e-01
2.363496209923605651e+00 3.236642124201198345e-01 8.927854163263619913e-01
1.099011957301506248e+00 1.577011552519246365e-02 5.409747444348048662e-01
2.754914109661767974e-01 3.643623915482487041e-02 1.329032122568532259e-01
4.933545143077505912e+00 3.015564616854261026e-01 1.895248223303699131e+00
9.838799851739848945e-01 2.430140544264779434e-01 3.957638216841978251e-01
3.994785479246370397e+00 2.207596840111567538e-01 1.636188322553524532e+00
1.968588752872419523e+00 2.562800204704451801e-02 9.596992032897530001e-01
7.177774079360753623e-01 3.108558820952013121e-02 3.480687811680578392e-01
1.619117476476638728e+00 1.358999997383301683e-01 7.127024724225831109e-01
1.030976098417885484e-01 1.281039812938750688e-01 4.569508287859293250e-02
2.721684158275238907e+00 1.089246197198659172e-01 1.227172753619080403e+00
6.532235299963819131e+00 1.640393074108854043e-01 2.805848246865968676e+00
6.328288072243291040e-01 8.403290439893093544e-02 2.918863461876264886e-01
2.100205982636165647e+00 2.524876953751113706e-02 1.024242137634345351e+00
5.428399279170853298e+00 1.464856897933708262e-02 2.675014505086933614e+00
5.517178763778581851e-01 3.743164019782859175e-01 2.007244749402966599e-01
3.524437439172371511e-01 2.232483382318517506e-01 1.440605856152962772e-01
1.279632503342055694e+00 1.497966971870577819e-02 6.303734653604917693e-01
2.751835313414394690e+00 1.796952146323319011e-01 1.166333167788614622e+00
3.473516744017500102e+00 2.131632543745928116e-02 1.700509752710401612e+00
1.741823537946845413e+00 3.301008386445232756e-01 6.547712351350367666e-01
2.572851080420641701e+00 3.134361835402829644e-02 1.247329713702393539e+00
7.824357831086433457e+00 1.254315378527526559e-01 3.476158952331644958e+00
6.993818154891459082e-01 5.005952952033781989e-02 3.330200792561828216e-01
1.716184887312558027e+00 2.180901072577206279e-01 7.044572799200362612e-01
4.170645734520775916e-01 4.152956589615252603e-01 1.473418542660192843e-01
2.617821152189634404e-01 5.101544689119609233e-01 8.667395309817967075e-02
1.148591811233563714e-01 1.466604178575487138e-01 5.008421819336991015e-02
5.955518309974855429e-01 3.441157365778359234e-02 2.878698605872874183e-01
2.680992968836757750e+00 2.710432820849669744e-01 1.054642672922580182e+00
2.511682204073407920e+00 2.812119894860977687e-01 9.801977442783920136e-01
1.971302297366767375e-01 8.050349060045157434e-02 9.122146825602968356e-02
2.108769805610617443e+00 2.048649397177442974e-02 1.033217890715633525e+00
2.890307440227248392e+00 2.068774173075924594e-01 1.197432066744275714e+00
8.682875853653758469e+00 2.726548116897165031e-01 3.411324018853713280e+00
2.760226717558775356e+00 4.069153337240979940e-01 9.809498309512586500e-01
5.590651369635527779e+00 5.161720950724305729e-02 2.658120901356845422e+00
6.049774273159317595e+00 1.635583690073372579e-02 2.976208751655052609e+00
2.397247821380511790e-01 2.644027500171290956e-01 9.479763553772861673e-02
2.373035371151972495e+00 2.620809614512243924e-01 9.401280280875558004e-01
2.404858534842865936e+00 3.749256705135398104e-02 1.158976271838596084e+00
2.076693260073427805e-01 1.018155046297493892e-02 1.027881205671228732e-01
3.804554106236682776e-01 8.883226238970962085e-02 1.747079985436257865e-01
1.522582558811722997e+00 4.949370646720096384e-02 7.253890849603237267e-01
2.197675775321854819e-01 7.152852171153387673e-01 6.406152613551263642e-02
1.454754203426395776e-01 6.336508817080878098e-01 4.452463557897254343e-02
1.598683111272019230e+00 8.212627751148317001e-01 4.388941379343849203e-01
1.257498759743992667e-01 2.398684887658573961e-02 6.140209520872227933e-02
3.360584206857514245e-01 2.800217784978231150e-01 1.312705870833442701e-01
1.815550041326259079e+00 7.475622813962303770e-01 5.194521707906482044e-01
1.108377541409832634e-01 4.318835898041833293e-02 5.312451638614566068e-02
4.588651114894596872e-01 1.205737056315697546e-02 2.266991599666554613e-01
3.539531488574913620e+00 1.031392729120186730e-01 1.604299464033863032e+00
3.049814889786410355e+00 7.951009154563999370e-01 8.494828517791164213e-01
8.344912215166618852e-01 6.078021936236166489e-01 2.595130249312294080e-01
4.465356460240764158e-01 2.522325474634575793e-01 1.782958153134520662e-01
3.960279141472236031e-01 4.958269375700130599e-01 1.323775846658354627e-01
1.199063491520071523e+00 2.491660856072308930e-02 5.849566108621757632e-01
2.199191255609453943e+00 1.517837825128555695e-01 9.546892780567987069e-01
5.220788959296765341e+00 3.718813108158424557e-02 2.516799413165528687e+00
2.944094606085910781e-01 2.833890321575011084e-01 1.147000064795864194e-01
2.615438955085325756e-01 1.755263977904217981e-02 1.285161500663621059e-01
1.526245259282909661e+00 1.236746903511614648e-01 6.791312790029738755e-01
3.554261563135672208e+00 5.012803421616939675e-02 1.692299151783250855e+00
2.050512920915524173e+00 9.917699601323428649e-01 5.147464220163452397e-01
9.717496161341969696e+00 3.438817466865476402e-02 4.697219283493246245e+00
6.392562881929326757e-01 4.633025299368912636e-02 3.054753919061099499e-01
1.336721129905237282e+00 3.386979267633691837e-01 4.992616718011541055e-01
5.505941797498123957e-01 7.980068261872554913e-01 1.531123719138956507e-01
1.138965272630536457e-01 5.886744293152402774e-01 3.584640287568107569e-02
5.632810070693359261e-01 3.586919639953248806e-01 2.072879732846032164e-01
4.229147015228403861e-01 7.217629993403337219e-01 1.228144354608832617e-01
1.719157830346207394e+00 3.941500887765472805e-02 8.269833587464400226e-01
8.004206715421993579e+00 2.170084478991357591e-01 3.288476234178685065e+00
9.764349856044530540e+00 7.720955981211110597e-01 2.755029092786336786e+00
1.586165704278999833e+00 2.232109458769048205e-01 6.483614742107696172e-01
1.169682385342412312e+00 6.881042796291567121e-02 5.471888909110628196e-01
1.421046053613195526e-01 4.248249574304620302e-02 6.815683042238142308e-02
9.515398327320553351e-01 8.235293431477345993e-02 4.395700342118374904e-01
2.274209007536428517e-01 1.050042367264228393e-01 1.029049904040991309e-01
7.481225739621585324e-01 7.658350111914360436e-01 2.118325237694173580e-01
5.864621550191628785e+00 2.352364269627309490e-01 2.373886254557716846e+00
9.518849404354964960e+00 1.561524529804998382e-02 4.686247793356771218e+00
1.163547267883615177e+00 2.483344315378219480e-01 4.660398842200653147e-01
3.192493202299827360e+00 5.240164632879212858e-02 1.516765587281505567e+00
9.535881619055232017e-01 2.812807792404037679e-02 4.637496934384743308e-01
4.605222666683460586e-01 3.801610377191572826e-02 2.218280935117057928e-01
7.874949785300510152e-01 2.955428151658812119e-02 3.824446134933405794e-01
1.501938987314920537e-01 4.906418575023573925e-01 5.037893507939901483e-02
5.085726438939595972e+00 9.079785329610073896e-02 2.331195658101033352e+00
1.455846168985928668e-01 1.341077409308981915e-02 7.182902561346746206e-02
7.540720219931332124e+00 2.071287791774189257e-01 3.123411664938454457e+00
2.257282120093156763e+00 2.089414035937846026e-01 9.335779688672256604e-01
2.900149451636678144e+00 2.698362714202359042e-02 1.411974531525618248e+00
4.109647812805740097e-01 5.336892525150528366e-01 1.339791553623541076e-01
1.588323460461231962e+00 1.793426866786563059e-02 7.801699526924338324e-01
4.579486953730815380e+00 7.095134436228242580e-02 2.138046223032548099e+00
1.106122511650364793e-01 1.171617024789065459e-01 4.950592690368608301e-02
6.553616468326813882e-01 2.696501653352155123e-02 3.190769092820843200e-01
3.200176700313207556e-01 3.741122314722459402e-02 1.542385810423728965e-01
1.633349833152514918e+00 3.740714552469572712e-02 7.872270015676465782e-01
2.346522829693326595e-01 5.973975001368610899e-02 1.107122210742317869e-01
2.056506725736383379e-01 2.220575903255209149e-02 1.005916229469655115e-01
1.258456724574688046e+00 7.813994094577471350e-02 5.836240161322352460e-01
2.165685559037386632e-01 1.603058493399036818e-02 1.065758054506837221e-01
6.334755957476896349e-01 2.334302323819964844e-02 3.095128326292589938e-01
3.650771130024445532e-01 6.673302973061437382e-02 1.711192504719942498e-01
4.172093205653831793e-01 8.178194954367758174e-02 1.928342956458888868e-01
1.190735986197141438e-01 5.660392703978548573e-02 5.634731973470628874e-02
3.152065977613350278e-01 1.661647122748698968e-01 1.351466883037700240e-01
1.054344429746301826e+00 1.565619024047043215e-02 5.190459330025209983e-01
5.083436294360186736e+00 1.325352754962097479e-02 2.508472043839610865e+00
2.148490263754633534e-01 1.521720788052792206e-01 9.323651836722453290e-02
9.325255795657880764e-01 6.984949417657273507e-01 2.745152654373965717e-01
4.285713459621503518e-01 5.802407928438843565e-02 2.025338337535859401e-01
9.241439351660597490e-01 9.270834966538165078e-01 2.397778655597282704e-01
1.270550283315164508e+00 2.200593742269986719e-01 5.206919885026725092e-01
1.185748727219067655e+00 2.053262804284950935e-02 5.809460151671315131e-01
6.656295980067320484e-01 1.084841368765720321e-02 3.292430343628186540e-01
2.030508451761959154e+00 8.027211430358797140e-01 5.631787422048185610e-01
2.108570661541494251e-01 3.079526877534955603e-02 1.022788290465579258e-01
4.689552773130012397e-01 1.719100811206737134e-01 2.000815953663223346e-01
4.339664689241223838e-01 6.833482767440760552e-01 1.288997870849097616e-01
5.752320871104411815e+00 3.114157280750076001e-02 2.789297329678262383e+00
2.786671302832847363e+00 7.937802830087671291e-01 7.767593749438117534e-01
3.082915115843918308e-01 1.261700640902377844e-02 1.522251303469934203e-01
1.350142568943639709e-01 1.146338649076970341e-02 6.674203866280832564e-02
1.024241679620403189e-01 2.459237676842356279e-01 4.110370578788031387e-02
1.779293752391970240e-01 7.395003280253049927e-02 8.283875869665963121e-02
1.169792701347506680e+00 4.256991090050828846e-02 5.610140332637795213e-01
3.266315997617394440e-01 1.775029293024003169e-02 1.604674555392772983e-01
7.523454019269110171e-01 1.834510703228398737e-02 3.693960901523042906e-01
8.758108365364829506e-01 1.064535466026094584e-02 4.332928620796441255e-01
2.706685475844941013e+00 8.368555140250452662e-02 1.248833424207765663e+00
4.159219850585666123e+00 4.296732749733922496e-02 1.993935831415714732e+00
2.259843470573276392e+00 7.068892512636996972e-02 1.055322147049645665e+00
1.244254699408200882e+00 6.150866514077773378e-02 5.860784467751788407e-01
2.883335828090049513e-01 7.436514119612032403e-02 1.341878900166079414e-01
1.792482405377999299e+00 5.359461032653539680e-02 8.506508992213162035e-01
9.664622607974837631e-01 2.152816172306513398e-01 3.976289310620159112e-01
1.757922368595707718e+00 7.179648680859407328e-01 5.116293124650114210e-01
1.024949314813499601e+00 2.172357038705989563e-01 4.210151376411068180e-01
1.638310062248599097e-01 2.635682012195656246e-02 7.981191482967528450e-02
2.215382183336141730e-01 2.856716389233323050e-01 8.615660936533463266e-02
4.906659963401456714e+00 1.515274580816364063e-02 2.416710186551907391e+00
4.109319695414051843e+00 3.902098554853022927e-02 1.977496004685901143e+00
5.360128124483103385e+00 1.217621760535744085e-02 2.647823586076881508e+00
1.480056207324572437e+00 5.339603790576456788e-02 7.025165056947824116e-01
1.546404694957926040e-01 6.893617648574786871e-01 4.576890300013351787e-02
1.038347046597296819e+00 1.659461222801828298e-02 5.106986767919243775e-01
2.522310126381855366e-01 3.142916417909179527e-01 9.595701768843452328e-02
1.874295749938140188e-01 4.519462278179509768e-02 8.966252356664851375e-02
1.259463255436312212e-01 4.726436130016401505e-01 4.276198410521030169e-02
7.509001136849700053e-01 2.370132693499643617e-02 3.667574193408519312e-01
8.966369963704986290e+00 2.111626011967104866e-02 4.390474578601931910e+00
2.027597685432700914e+00 1.523047525563812343e-01 8.798009731950195977e-01
3.793981526989395059e-01 1.010733005116076361e-01 1.722856019316126586e-01
5.387505243142225453e+00 2.033679818064166034e-01 2.238511130674615934e+00
1.906026368289636119e+00 1.463756801396944029e-01 8.313271126169444747e-01
1.206808896145306509e+00 7.671028103836127765e-02 5.604148661892037753e-01
2.253810333474870919e+00 8.133880688095697087e-01 6.214362971281772730e-01
1.419006191958935570e-01 1.526358885381007280e-02 6.988363453282776805e-02
3.428897741426170098e-01 1.922736800949422231e-01 1.437965879257320501e-01
5.344438590303501435e+00 3.320421290882008547e-01 2.006107191955645686e+00
1.102009582137491034e-01 1.341082306873052632e-01 4.858485073640805146e-02
6.754489946119240251e+00 2.113098648210165187e-01 2.788093345181038796e+00
2.768498939239137369e-01 1.326575146421120066e-01 1.222125357157898412e-01
1.551119988225415913e-01 3.934839013477344216e-01 5.565618615059781532e-02
5.172945843347679373e-01 6.671379397293500380e-02 2.424711235842015034e-01
1.964667983534277851e-01 1.444390247552898750e-02 9.683472781195363865e-02
1.579025213606507050e+00 2.013003723387797317e-01 6.572149855128842644e-01
1.174283829940387519e-01 7.220132494146405122e-01 3.409624839819202363e-02
1.822460233086315329e+00 1.842847028866189188e-02 8.947414012148343643e-01
1.071579339446331047e-01 5.005723210163464526e-02 5.102480639562955583e-02
7.361588422714793190e-01 1.262493825555991989e-01 3.268187550971365374e-01
2.101004141725744956e-01 1.993651040561639776e-01 8.758818038895348213e-02
9.714886815460376468e+00 9.211549322251447736e-01 2.528397541630928114e+00
5.417510784293140258e-01 3.997967885604170046e-02 2.604623385647448774e-01
2.768889905068586899e+00 4.279386894848518086e-01 9.695408932674488556e-01
1.629010586608837519e-01 3.297922139762554106e-01 6.125056867861631421e-02
9.287403217658487975e+00 1.329556575853013678e-01 4.098749653385808323e+00
6.584113897684347183e-01 2.791535279894086230e-02 3.202653739802732713e-01
1.569305353256431834e+00 2.557912794498093390e-02 7.650825326374135482e-01
5.375576088163841249e+00 1.360361074715394324e-02 2.651715143457984425e+00
1.103003694613497343e+00 5.186480229855792157e-01 3.631531724003604911e-01
2.028827055454460293e+00 5.287148916358350853e-02 9.634732616162824392e-01
2.835682518940547125e-01 4.193381618106677838e-02 1.360778618998082223e-01
4.364211755348432753e-01 4.282875834152044536e-02 2.092487247038108122e-01
1.189623778759535538e-01 5.404064260538792297e-01 3.861395793469397236e-02
2.389896920468100039e-01 2.948367607100256804e-01 9.228564530240848662e-02
1.094411526420309366e+00 2.564790370111365569e-01 4.355072763584074691e-01
1.861293689069320578e+00 3.182816212379725035e-02 9.019397596389723271e-01
4.689560523544378690e+00 4.564128405687597340e-02 2.242432751578932848e+00
5.903806784273679220e+00 1.009512284808971178e-01 2.681229936234236000e+00
3.698065253675040687e+00 5.246018953308857063e-02 1.756867048489332284e+00
1.703118812277465421e-01 4.476285492058569848e-01 5.882444129786490450e-02
4.931008745608623234e-01 8.233975973970916185e-01 1.352148525545843749e-01
5.852751535068642319e+00 5.754666360535837244e-01 1.857466036135589471e+00
1.725294115166043085e-01 3.864483986843219587e-01 6.221991805837385342e-02
1.868638594519291263e-01 9.166818288665702363e-01 4.874670814885094516e-02
4.300921524588414147e-01 8.056485197466550785e-01 1.190963102052625122e-01
1.652454730583776232e+00 7.226700535153242344e-02 7.705425618510172159e-01
2.619205983375049174e-01 3.828527314913763857e-01 9.470299778597150719e-02
7.863972065438776804e-01 1.913138608987813571e-01 3.300545860981520807e-01
9.226840405907070775e+00 1.276175940979900475e-02 4.555286729666875978e+00
1.986801929705586112e+00 1.420760406590702331e-02 9.794848321687777970e-01
1.853932945452358538e+00 2.747037351376676109e-02 9.021831642270308205e-01
1.267956077324843278e-01 6.585092439141928544e-01 3.822577661166307733e-02
5.538271102278396363e+00 3.648208168706401633e-02 2.671667557081086830e+00
4.471981095115424298e-01 1.549357625038576547e-01 1.936030227958452088e-01
2.244048207088675528e-01 7.320856240130829695e-02 1.045485605364352005e-01
1.139829801912702445e+00 2.862732369222784068e-02 5.540538228273562682e-01
3.899694494434071679e-01 1.266113130587292156e-02 1.925468635991408606e-01
5.125382078869842317e+00 2.248396750500019151e-02 2.506338603712521262e+00
1.162002476042935717e+00 2.926422057569299517e-01 4.494679466861845607e-01
3.326059202913158042e-01 8.971618659484757730e-02 1.526112598779710838e-01
1.273426846359326348e+00 5.773106152169322353e-02 6.019615442356985868e-01
1.935890942780243984e+00 2.609830492935708568e-01 7.676118024999505352e-01
1.255355390263900583e-01 2.830579692634460631e-01 4.892044710125418444e-02
4.984354577078455306e-01 1.075796969210111309e-01 2.250111026292098138e-01
1.150779099047698706e+00 1.309806251532794896e-01 5.087527909205942223e-01
3.191135195850252626e-01 3.683685263006458710e-01 1.166036464050154708e-01
4.489683862529696978e-01 3.730468186409575670e-01 1.634934731130868457e-01
1.063326555357235303e+00 3.280557194627140571e-01 4.003320567707132072e-01
1.929985565999846331e-01 2.775862435095421618e-02 9.389293946419874359e-02
1.555577232151492684e+00 1.238179449587088754e-01 6.920948535879837271e-01
2.736678114707949971e-01 1.488206618867425265e-02 1.348273955113510336e-01
1.298887157527827796e+00 6.835880344410752429e-02 6.078890131950789311e-01
9.907117643263407825e-01 1.230330516442746172e-02 4.893354389302425611e-01
9.477121112068031650e+00 7.518421152282588060e-02 4.407208090716478566e+00
1.372848037486099626e+00 3.848762521779855450e-02 6.609843026286310597e-01
3.468467287047291570e-01 3.417880603137133377e-01 1.292479561278983002e-01
7.547982417929821608e+00 1.055886733518680426e-01 3.413558134168573233e+00
6.861361189872418720e+00 2.718664281200479094e-01 2.697359187322142748e+00
6.037135080727927594e+00 7.910185454196685395e-01 1.685391560061516802e+00
3.419959792064724002e-01 1.145917122917452374e-01 1.534176036996023618e-01
1.053078914240841657e+00 2.153350073724685232e-01 4.332463509454806960e-01
6.216621385797592936e+00 8.262049866935216036e-01 1.702060127722365479e+00
5.250554580543580485e+00 1.373175635740727374e-01 2.308306293997373970e+00
4.938067325611028568e-01 1.909415600492272436e-01 2.073177849888333257e-01
4.067027151230560578e-01 1.065227550151122971e-01 1.837751249487415972e-01
4.785881101648955527e-01 1.844506102349614818e-01 2.020295764252919013e-01
3.411571862714092074e+00 3.769229236762774299e-02 1.643826348044926888e+00
3.281196599267488523e-01 5.081061555532585122e-02 1.561269248090657313e-01
7.357440559181499751e+00 2.639080320283112013e-01 2.910591741146833389e+00
1.799771961729940417e-01 1.240152521023654524e-02 8.888627273433816200e-02
1.119473892278209370e-01 2.953979808514086147e-01 4.320965096542870448e-02
1.994926177201164830e+00 3.823578638936391688e-02 9.607288649425432814e-01
5.863110090660353713e+00 1.405694135865174776e-01 2.570255707727520100e+00
7.547131217748718868e+00 9.779911319794769575e-01 1.907776808431875581e+00
5.626459349585078762e+00 9.012247132565769092e-02 2.580654695954918587e+00
6.889695970481081844e+00 3.983784966809733596e-02 3.312870354103855330e+00
1.135237786632048995e-01 1.735276386972393892e-02 5.579371418395343701e-02
3.529739139198099895e+00 8.503424637998700797e-02 1.626556558456293766e+00
1.362599424600151599e+00 3.995317981824992870e-01 4.868054539274099257e-01
1.637766689159929345e-01 8.163839989552981180e-01 4.508316220859406864e-02
1.593553091250809184e-01 1.082446436174173410e-01 7.189536626359403770e-02
1.641496243959194579e-01 4.829856860981905364e-01 5.534430505118539956e-02
3.252529655611304360e+00 6.464981234863870219e-01 9.877113156753001277e-01
2.617156220542941281e+00 6.515860376504110929e-02 1.228528883535286553e+00
1.282530439960500313e-01 5.846597800604371731e-01 4.046705974678003331e-02
5.190114763589184221e-01 1.438978814066138867e-01 2.268609308554304649e-01
3.401960143198223818e+00 1.172827729448412161e-02 1.681261767386587280e+00
2.355990523659649560e-01 2.645717292867749704e-01 9.315369263349103368e-02
2.632820736647647486e+00 4.066225323056991969e-02 1.264973687896565835e+00
6.612901502174648449e-01 5.185757480159386423e-01 2.177336728449202341e-01
1.320962283608458354e-01 4.500700679633395374e-01 4.554822255809277964e-02
3.695967375480136985e-01 9.660785949718607712e-01 9.399337811144409249e-02
1.709949146621716487e-01 6.501426680914286216e-01 5.181216084180953474e-02
3.531524767370557982e-01 5.306130253375320738e-01 1.153630835786133152e-01
4.182569652719354547e-01 8.483828124442789609e-02 1.927738781452978667e-01
1.059688947448941265e+00 1.378503449733423925e-01 4.656539201883213019e-01
7.036641526338592856e-01 2.192670840914092908e-02 3.442830815769904462e-01
3.775004844939521487e+00 8.726516768750974817e-01 1.007930329904942468e+00
1.336167816352672677e+00 8.173489846895351518e-02 6.176040997862941584e-01
1.869250057319634006e+00 8.164756455173503014e-01 5.145265949291747409e-01
2.621117341865153993e-01 1.286052593262862476e-01 1.161219709107953885e-01
1.023803870656187609e+00 8.122258448790649066e-01 2.824713800294877397e-01
3.957497208481662199e+00 2.170226517591714310e-01 1.625892994991183338e+00
7.553628822753643668e+00 3.838688341564607670e-02 3.637193874168994867e+00
1.656948302678644014e+00 1.764275073758501122e-01 7.042288166036885233e-01
1.189106375479687255e-01 1.253227637473564859e-01 5.283401410631424766e-02
1.423207242811206807e+00 1.207607341240940213e-01 6.349291153224971840e-01
3.406444002465524257e+00 6.338825874466152976e-02 1.601693442847892168e+00
9.460730458570428825e-01 5.394214231544961630e-02 4.488258927470987203e-01
2.741764374094509016e+00 2.971293740849001441e-02 1.331324621886752047e+00
5.084825112004840442e-01 1.193100634514986241e-01 2.271410433104344984e-01
2.313135483658547820e+00 5.175669507663965829e-02 1.099653320243420662e+00
9.470612489647818322e-01 1.290840379501556612e-02 4.674959973757116805e-01
3.483008223184579366e-01 2.981939924464697272e-02 1.691077205255261395e-01
5.610076962196178130e+00 9.447838151503001880e-01 1.442339482283949925e+00
1.999792331514635535e+00 2.688291734960565615e-01 7.880463238422105166e-01
6.948120944489768469e-01 6.875641494300023249e-01 2.058624244546967685e-01
5.669594222804136274e-01 4.866052966998537371e-02 2.703255277753404129e-01
1.658349918684522750e+00 6.639166522058950193e-01 4.983272198418134957e-01
4.543213076509222681e+00 2.225420026247025562e-02 2.222154272069865044e+00
1.858956582154653592e-01 1.369199594576374877e-02 9.169237744746455698e-02
1.497517354826758851e+00 4.852748941580364295e-01 5.041212777233612385e-01
2.048547308514492848e-01 9.408105296369358994e-01 5.277556147888663035e-02
8.979030939459489602e+00 1.070191753604741308e-01 4.055499281001923251e+00
1.392940234275021616e-01 7.395207742857733135e-02 6.485113551855196945e-02
2.516615870122845156e+00 9.353393530890317942e-02 1.150680280174363190e+00
4.139468343864994182e+00 1.277566836889334513e-02 2.043625490396968392e+00
1.222498842682144260e-01 7.887971387934837597e-02 5.665593795838378549e-02
2.529983728215873917e+00 1.628331515272012364e-01 1.087853285268455039e+00
1.111143585266399225e-01 1.138815925530794332e-01 4.987709612471445675e-02
3.353334473737440646e+00 1.253292775814419391e-01 1.489934786440653358e+00
1.519996652064566245e+00 2.854165990749044785e-02 7.389086467344835318e-01
3.430482596887157731e-01 1.404779880877336795e-01 1.503967035189836821e-01
7.230669181313883698e+00 8.886417266795362813e-02 3.320280601940081677e+00
3.221357248000689122e+00 1.204739566195055060e-02 1.591505131977388299e+00
1.765798851820130355e-01 1.325684584189876399e-02 8.713480984937026219e-02
1.680593734386768290e+00 6.151909162538671261e-01 5.202461571182528388e-01
5.973873277717466346e-01 5.584795800131141519e-01 1.916570917684785325e-01
5.865416071767411310e+00 2.087505330722680408e-02 2.872739446794105422e+00
2.951814284985040615e+00 1.564537560838872784e-02 1.453171725030921291e+00
9.557255113497981069e-01 1.028427260079514509e-02 4.729983120936123164e-01
5.282077467149192129e-01 3.185247152629466783e-01 2.003025580789289384e-01
2.203226219939056485e-01 4.363510244040854635e-01 7.669525702650341337e-02
9.930076793370653521e-01 2.617462847230235187e-02 4.838395199925115686e-01
8.399085685314659599e+00 7.586325253543100278e-01 2.387959270690306113e+00
2.053763737975798698e+00 2.460870401227158444e-01 8.240851850018207081e-01
7.598831687889998632e-01 5.668624570364481086e-01 2.424856008823637055e-01
4.293508502681455119e-01 1.622782654145651579e-02 2.112473399441155419e-01
1.783912445636749666e+00 4.042373169773882946e-02 8.573009204268166039e-01
3.012962942553980117e+00 1.308484767037449738e-02 1.487023988900040505e+00
5.317360122180349258e+00 9.320130907727851299e-02 2.432013243136568637e+00
8.661793138960426353e-01 1.340603911625732336e-01 3.818929400259211682e-01
8.627190518120945839e+00 7.232571929126218047e-01 2.503163936759610131e+00
7.756211797253996787e-01 1.572448332345922350e-01 3.351154213225028267e-01
7.264101071695919565e+00 1.675893636711492385e-02 3.572184522739771051e+00
8.806611239048861561e-01 3.687653868668005486e-01 3.216990772687424727e-01
1.379220937464790131e-01 1.620126529559698381e-02 6.786160303901986324e-02
1.671302009273476219e-01 4.446142227469982444e-01 5.784596271298717701e-02
3.730350173288575544e+00 1.760120928108300717e-02 1.832913590936080306e+00
1.374102696645734534e-01 1.296522671981576585e-02 6.782575849594335571e-02
1.271794050089155137e+00 2.140849342788974929e-01 5.237665068484412823e-01
1.477467395473296141e-01 1.890837460235436640e-02 7.250246598718465552e-02
5.177161246944513850e-01 7.492795523076963005e-02 2.408143365214211740e-01
2.554154457608097673e+00 3.047877543740704631e-01 9.787624267034029657e-01
4.863901661446274005e+00 5.146344196906673524e-02 2.312920006204726597e+00
2.342839802119056902e-01 2.439589417893602841e-01 9.416869493895925480e-02
1.109093115494672044e-01 5.234310582596724687e-02 5.269636439648466703e-02
1.739845245524512363e+00 3.007065550030949691e-02 8.445271381308608882e-01
2.473531262520518137e+00 6.049265189071464377e-01 7.706057671116421925e-01
3.756186620605307391e-01 3.978596862556982999e-02 1.806230673400210929e-01
1.961510237583261318e-01 4.884366925935651471e-02 9.350822696810413837e-02
9.369244750961401635e+00 1.325829738946797745e-02 4.623324958255993877e+00
1.613314662280082246e+00 3.316456750060198799e-01 6.057597349508114792e-01
1.691448484064019597e+00 7.788750659784733632e-02 7.846127140868178751e-01
7.183454599355679093e+00 9.278068168214701483e-01 1.863115779204375100e+00
6.438081440129347355e-01 3.604633550166855965e-02 3.107043198512900450e-01
2.552952504283017898e+00 4.714409601909556047e-01 8.675008285591390145e-01
7.845132191159408741e+00 1.232260187886269481e-01 3.492232222157834798e+00
1.694951864511330675e-01 7.733975418785811184e-01 4.778826587060248238e-02
4.492212478067820314e+00 3.451468246490709268e-01 1.669785184691556790e+00
4.520727146483163317e-01 1.854655214646227790e-01 1.906730758773093892e-01
1.309294615183879573e+00 5.041183038931705829e-01 4.352365807247272067e-01
7.923877243609352305e+00 1.285338534959294121e-01 3.510695412044160246e+00
6.240308957740897000e+00 1.489031867381125640e-01 2.715767973217114939e+00
1.825082225968375882e+00 1.891265082474771764e-02 8.956028882805032731e-01
2.834234679225519749e+00 2.726672083051395398e-02 1.379502821299480653e+00
4.434683948214749982e+00 5.603647407714754669e-01 1.421040809350175849e+00
3.159001106800988445e+00 1.966489885586946915e-02 1.549038860877526513e+00
4.814773595962879682e+00 7.031076753685482073e-02 2.249240941041494857e+00
4.817859630241451363e+00 2.744016440561092632e-02 2.344593776431084464e+00
2.977517357652951446e+00 2.082703510921404821e-01 1.232140371135322043e+00
3.105013384752275396e-01 1.075469347301288153e-01 1.401752506998207026e-01
3.012252625149879126e+00 1.462446509438680431e-01 1.313965837340858478e+00
2.647944886470058878e-01 2.009878766717757351e-02 1.297886498093746566e-01
1.832926633223689872e-01 9.068559003229937909e-01 4.806148783747158509e-02
9.341711205135055707e+00 1.601962168114246521e-01 4.025918663486486082e+00
1.940084240047607933e+00 2.520161738651388594e-01 7.747840165907410315e-01
2.050554508472627546e+00 1.137276308487779504e-02 1.013748136848202863e+00
6.787699213573736401e+00 5.500283815820014577e-02 3.216910404441919002e+00
2.349551876586667198e+00 3.736909037361839103e-01 8.551967077150772756e-01
3.681268876867734297e-01 2.772440952587121865e-01 1.441098412798720030e-01
1.143200384437254441e-01 2.587509269053272498e-01 4.541011092829314033e-02
1.116163901769684497e+00 9.870286172185223361e-02 5.079462066843386525e-01
5.788141014948952057e-01 3.466177583199877565e-01 2.149140310673652299e-01
4.071039647438283282e+00 1.795812480372052933e-01 1.725629181632208464e+00
1.530376381248946593e+00 1.668512412940432732e-01 6.557718443834161803e-01
5.074966785570402372e+00 9.113179263474589786e-02 2.325551697708269749e+00
9.778494057832718411e+00 5.159204128072074624e-01 3.225266305282061374e+00
2.853740011851092717e+00 8.201327286870516153e-02 1.318717655045519299e+00
5.432244707911418224e+00 5.284738983897257353e-02 2.579787327364819305e+00
7.385341912161578204e-01 3.539423738799698377e-02 3.566439548085896249e-01
3.304905625595243035e-01 3.740513221715610070e-01 1.202613604116382351e-01
7.497797278051685943e+00 1.117560578978218783e-01 3.372051460744451390e+00
4.573116296140105952e+00 2.163071061983449506e-01 1.879918432127601680e+00
1.578042373889654737e+00 2.702945625470610791e-01 6.211324603033527847e-01
2.972854369344900549e-01 1.269134922524164759e-02 1.467798837039182569e-01
3.502001271075277367e-01 1.272235282348203010e-02 1.729003641181443007e-01
2.533656823548596559e+00 2.086251770200912500e-02 1.240939293790475739e+00
5.502046221471447174e-01 5.053277628977934643e-01 1.827524329611735499e-01
6.462860631041428938e+00 5.561752109424190904e-02 3.061175331924244514e+00
9.106749878980290314e-01 5.186835693573002559e-02 4.328844868719973760e-01
9.633460737737339130e+00 4.182279035549044677e-01 3.396302073027289925e+00
2.028054167895168902e+00 1.358233369763905095e-02 1.000438790451608329e+00
3.123564668115985210e+00 1.296646762919451135e-01 1.382518517959194115e+00
8.228559916916740491e+00 3.976443565168137628e-02 3.956934683844720801e+00
1.875816980899407127e-01 4.892638448322197964e-01 6.297799370502868421e-02
2.268648516960636019e-01 2.850371937996017402e-01 8.827170637188677671e-02
6.770231367913984499e+00 5.406827444032474839e-01 2.197152980556129176e+00
6.014617736832740258e-01 3.177666613322548822e-02 2.914689745491936823e-01
5.118894100200186426e-01 1.200099677530540448e-01 2.285200242668210258e-01
2.863662193634472608e+00 8.144737945513975674e-01 7.891164375681908316e-01
5.180684768318439826e-01 1.679573563895472021e-01 2.217839863748644336e-01
3.046039967476919852e+00 1.364215852853860877e-01 1.340189242670877912e+00
6.551997955639988769e-01 3.117129836792670305e-02 3.176968737400895915e-01
2.891128662332695942e-01 1.133525927355678344e-02 1.429362140705643380e-01
1.792695454665409471e+00 3.813515413890971456e-02 8.634210331468721300e-01
1.966834445744421456e-01 2.440977471499278795e-01 7.904662034193826736e-02
2.409213027625486614e+00 7.729179378141455281e-01 6.794485453161577260e-01
1.329249858792874994e-01 9.918911461995287837e-01 3.336652862103046263e-02
2.973483294307762037e+00 1.215131890710032664e-02 1.468892663953877298e+00
2.834638397265151877e+00 2.173578028605870072e-02 1.387168019344261927e+00
4.261617631695971409e-01 2.788808630411494516e-01 1.666151146230283875e-01
2.382823673603900794e+00 1.188398412081051805e-02 1.177419403309486245e+00
6.590970592580979392e+00 8.692044487810894893e-01 1.763041650387404014e+00
5.153726660611840371e-01 1.041946793179855252e-01 2.333703810180954574e-01
2.303381893856260021e+00 2.015706221480157989e-01 9.584879371212344790e-01
6.394544664830472680e-01 3.103352646287008132e-02 3.101036242132692577e-01
1.848144125986606601e-01 1.820800128750070801e-01 7.817339375748454111e-02
2.540803174418151400e-01 1.524751569517081018e-01 1.102324487904175476e-01
6.488810664015476348e-01 4.108407210810582216e-02 3.116372076885295384e-01
1.834911981257191460e+00 9.552417866379915301e-01 4.692289193584325280e-01
2.103078948947179061e-01 2.747422958758495848e-01 8.249035729618574286e-02
7.449839682902096305e-01 1.710408739608694495e-02 3.662279886208407720e-01
7.804056809882291557e-01 1.151609351939272136e-02 3.857603877922221591e-01
1.011649562943741504e-01 3.397873826969056293e-02 4.892023044094138268e-02
1.374175616967979185e-01 1.844187137990714598e-02 6.746460723900135625e-02
5.961039970939161492e+00 1.430737440975110575e-01 2.607460805446796037e+00
4.468965743795250134e+00 8.086926493470598942e-02 2.067301702794377416e+00
8.643507426125202286e+00 1.141912672232230641e-01 3.878825691959725042e+00
1.016770732609839911e-01 2.228643153522633438e-02 4.973022732400433216e-02
2.698792916160975275e-01 8.080018063135757656e-01 7.463468528451520922e-02
1.053627209081936744e+00 1.814359371096080642e-01 4.459095817161460307e-01
1.081663988808587162e-01 4.821430352710128209e-01 3.648986511652037301e-02
2.707267423355432800e-01 2.366891828092796204e-02 1.322335461694886805e-01
1.262612757581181855e-01 8.763335432014170145e-02 5.804404363685666118e-02
1.006620947858140491e+00 3.554376829128925996e-02 4.860349599317886349e-01
3.853006005795551192e-01 5.401620943529071850e-01 1.250844316946514434e-01
5.784087389315657468e-01 6.535809041072736525e-01 1.748958086945960055e-01
1.235520295125755036e-01 6.002750614131750068e-02 5.827774694372136327e-02
1.334578204519087097e-01 6.660323769389789872e-01 4.005258910307383374e-02
3.195323632565945648e-01 8.222269263348190582e-02 1.476278243986199057e-01
8.083769895641947922e-01 1.721065000472675813e-02 3.973498456590277006e-01
4.963781681660108247e-01 4.232916203036591468e-02 2.381100837662018799e-01
8.628059915495844834e+00 5.773815986391258592e-01 2.734931079118597452e+00
1.093716663602740252e-01 3.145902989172034980e-02 5.301794021414284880e-02
1.675982023491135342e+00 7.948470880971623964e-02 7.762879871356128669e-01
7.935865881524762910e-01 4.788509865098904972e-01 2.683118838177712684e-01
1.329295653635853280e-01 5.096597965942403080e-02 6.324161197237920806e-02
2.952793291524116182e-01 1.361935351758639806e-02 1.456559250411394724e-01
1.169704280428170984e-01 7.112556035373311658e-02 5.460164166196738306e-02
1.912575509513936955e+00 1.499590448541607279e-02 9.421592250086846532e-01
5.450342083248787439e+00 5.239482651950200937e-02 2.589494905288660220e+00
2.328087725208842218e-01 1.630816711783713846e-01 1.000827277610758792e-01
3.971911078877347623e-01 4.064587645331538268e-01 1.412025428344408362e-01
7.286383575746011587e-01 8.143520663599793652e-01 2.007985029709318248e-01
1.899544269621293857e-01 9.167081988588836328e-02 8.700169662040851959e-02
1.100412677986400967e+00 3.674475629152090111e-02 5.307056878313148873e-01
1.991332756377480973e+00 3.491968795487417759e-02 9.620711537107745626e-01
2.908343515957355851e+00 1.136403837447527362e-02 1.437832177932596434e+00
2.225249941471275861e+00 9.717064940267282624e-01 5.642954334767005253e-01
1.463229082260367964e+00 3.047380455302873825e-01 5.607367269135102861e-01
1.525207327983223726e-01 8.457486679141233976e-01 4.131676632081379696e-02
5.816809403811206813e+00 2.483961937602014447e-01 2.329712887977824831e+00
4.335937395725444343e-01 4.059487169080396723e-02 2.083393601911675830e-01
2.456750462958572911e-01 4.353909202338735601e-02 1.177124307914050455e-01
5.886619290577347563e+00 3.327557496764977918e-01 2.208438902629464184e+00
5.428783848695281300e+00 6.437511359894599883e-01 1.651339953425313256e+00
1.279443142534369304e+00 1.325654440860641048e-01 5.648429188861706640e-01
1.780015106392310031e-01 1.425530075925115006e-02 8.774985474859368917e-02
2.857315625727674391e+00 1.751902901946186808e-02 1.404060044204354263e+00
1.843554001041772805e+00 1.518357736196433716e-01 8.002677305499920068e-01
1.462247610856763247e+00 6.085481472186331231e-02 6.891836614042883280e-01
5.661305405377742517e+00 2.509372040783904856e-01 2.262825578662289949e+00
1.387405799792484684e+00 1.731759685052572384e-02 6.818941322197221711e-01
2.423002191964770680e-01 1.055969808268331436e-02 1.198841689690321455e-01
4.546110545315798390e+00 1.481683292576382871e-01 1.979723020341076278e+00
2.816174673108847726e-01 2.743707294532982677e-01 1.104927556801692801e-01
1.494195078250825925e-01 3.670589568124409813e-02 7.206455970181180337e-02
1.191374464347445983e+00 1.276329607172964897e-01 5.282634092167733941e-01
3.681300044740783983e-01 1.805774184744312477e-02 1.808001596284914136e-01
5.824604861170796788e-01 1.437368538757087012e-02 2.871035075671022341e-01
8.051757163946818840e-01 1.345508198874859236e-02 3.972429221108888520e-01
1.222278704018106010e-01 5.378524719144661681e-01 3.973979059566410538e-02
7.100521191480211325e-01 6.705253244640849708e-01 2.125236022314747897e-01
1.964296541088641213e-01 1.434458510343760429e-01 8.589372812502282795e-02
4.263527221823068203e+00 1.221235403060067781e-01 1.899758390533537122e+00
3.627722800193127206e+00 2.282366955044317358e-01 1.476801179068842451e+00
1.085081838421771971e+00 7.067356612748172673e-02 5.067286018587362495e-01
1.782645628031999663e-01 1.972439863932467785e-01 7.444788398571550170e-02
4.886155293165744595e+00 9.921801792826644151e-02 2.222559680369344370e+00
6.866072597668645416e-01 5.542830437625623219e-02 3.252742308122199000e-01
1.888200151189325937e-01 3.886199967573669700e-01 6.798836814962165576e-02
2.868804364471072343e+00 1.346525518215781203e-01 1.264177461137982794e+00
4.267741083642929922e+00 4.681302673734803743e-02 2.038444772197954613e+00
3.263182781609712535e-01 1.199639657196489330e-02 1.612250198055750483e-01
9.530171234565399274e+00 1.573088715706380189e-02 4.691287502952411259e+00
1.028937967426959976e-01 5.677219815022657712e-02 4.868305436252072516e-02
1.290788544151788786e+00 1.257770520640162648e-01 5.732878200817995706e-01
8.208527670307921298e+00 7.115343451671811426e-02 3.831630187514375674e+00
1.078823700688761461e-01 2.095670847338783685e-02 5.283395915493325351e-02
1.202876590005856228e+00 3.259701423293917544e-02 5.824520957478307448e-01
1.433088089306458479e-01 1.254060992588818847e-02 7.076694382713952236e-02
8.119012293643070421e+00 7.078337610451239659e-01 2.376991390741265420e+00
4.097897212163350011e-01 7.844161200514730981e-01 1.148245962955418420e-01
2.547737755070846322e-01 2.581195670550819402e-02 1.241815197423291051e-01
4.575520193428191940e-01 3.685661638859733663e-02 2.206438248600306185e-01
1.479630749806288392e+00 1.602012119313459340e-02 7.281503185531039701e-01
4.370510089269739606e-01 3.816119052740820083e-01 1.581670682116308457e-01
1.057025032198682934e+00 2.588701781697673454e-02 5.151761421291625176e-01
3.040005150327938499e-01 3.355999117870361176e-02 1.470647652905480163e-01
3.140558500262544683e+00 5.450522810779300231e-01 1.016327582802403651e+00
5.745726036729610353e-01 2.019988420233308768e-01 2.390071369394083378e-01
3.325520162578138317e-01 5.591608884364740462e-01 1.066445479501787891e-01
1.676405049430498062e+00 1.477128174758283452e-01 7.303242692354980914e-01
1.294025841147566636e-01 5.895831211379042314e-01 4.070330843162316831e-02
1.561354811606098514e-01 2.085192713761385430e-01 6.459784500698059762e-02
4.574216603762605304e-01 2.469526379430600771e-01 1.834158116585771769e-01
4.457368914962797080e-01 1.404526115000115719e-02 2.197815563926513449e-01
2.109439510999712997e-01 1.605602103203828887e-02 1.038052758575798290e-01
7.532771117720169496e-01 1.735459030396145075e-01 3.209406252541742721e-01
3.331725724723143323e+00 4.280611912264895014e-02 1.597480904468726370e+00
1.027366061634051586e-01 1.382110694806086386e-02 5.066801502716615502e-02
8.203164937961839875e-01 6.758988632161852528e-02 3.841908322223737682e-01
8.888254773088554161e-01 5.923253351731329053e-01 2.790966951525059025e-01
1.526576467397580961e-01 4.370237637660473462e-01 5.311590893239094557e-02
3.597375101195657288e-01 6.407903253379468311e-02 1.690370259730404889e-01
4.538592560789592945e+00 1.433487339202449973e-01 1.984780507530690574e+00
7.518315053070865339e-01 2.766049339718640310e-01 2.944652199361061928e-01
1.794623129850849930e+00 1.507554084872075595e-01 7.797587204956420992e-01
5.866783589840248503e+00 1.767643294900542519e-02 2.882440528194007534e+00
8.366122288061702550e-01 4.648780722150138572e-02 3.997238300498858754e-01
2.231463961343651825e-01 9.646182957242196432e-01 5.679128526391597626e-02
9.026750730716070592e+00 2.264234013981434868e-01 3.680111909323249275e+00
4.346681973275242084e-01 1.995314552124452176e-02 2.130824338530708240e-01
3.026863884592074783e-01 4.447511091247156045e-01 1.047538176463440329e-01
1.628167883823781747e-01 1.255668439363400758e-02 8.039885119117080869e-02
6.936484186991526357e+00 1.449890447905835197e-02 3.418675050493714451e+00
3.212156473620730313e-01 3.737147025789699928e-02 1.548219015904769569e-01
2.973839216205419245e+00 1.100638149206262587e-02 1.470732168780463089e+00
4.464934125211261318e+00 2.337430065239478605e-01 1.809507369687608280e+00
2.228895049962763775e+00 2.402347377117357644e-02 1.088302713293479052e+00
2.523234261733446449e+00 2.965161654090099907e-01 9.730824532131635562e-01
5.492454921153822056e+00 4.373939162929769975e-02 2.631142872063107596e+00
1.069394130861421432e+00 1.104776681575643689e-02 5.288544052816732677e-01
2.527466787529691228e+00 1.078863196459938917e-01 1.140670636829101747e+00
1.055146821183892802e+00 2.689641824041405505e-02 5.137552349203270419e-01
2.475813600857762697e+00 1.575096215437899946e-02 1.218710930682572080e+00
7.648956556688334629e+00 1.281943625980313806e-01 3.389910821338508295e+00
8.536902564733451770e-01 2.355256844923311887e-02 4.170231616763742100e-01
9.309435745552792074e-01 3.384104925218718307e-01 3.477795413876232922e-01
2.645968758854423175e+00 3.790528967330182575e-02 1.274667729888575129e+00
1.320137566898467840e+00 4.955469734245687152e-01 4.413561026022336242e-01
8.926042287457779167e+00 5.273096624983490965e-01 2.922145556539169409e+00
1.254008953729281450e-01 4.823039523478064305e-01 4.229931896704010319e-02
2.605892076282303016e+00 2.503667241011587330e-01 1.042051114306316917e+00
9.740651478771845007e+00 2.126115166140819246e-01 4.016394098734196838e+00
3.932405751525314130e-01 1.060245054909560447e-01 1.777720896780559390e-01
4.203790880837916522e-01 3.795316810199473451e-02 2.025038802340661248e-01
3.284293084060758705e+00 3.563960642713163152e-01 1.210668908061580007e+00
3.642654801627707162e+00 1.793583737027269059e-02 1.789235955695455349e+00
1.251920470334682844e-01 6.287209116807145337e-01 3.843262714183479783e-02
1.941770497901586401e+00 2.828808922470964562e-02 9.441763053803374772e-01
1.329192442242084493e-01 5.136368179995530470e-02 6.321278094590832008e-02
1.226567788977097617e+00 1.961528681794827422e-02 6.014855822753570891e-01
5.713874841099866764e+00 8.105343833436132184e-02 2.642734687520881920e+00
9.268672996231464012e+00 2.783545033309399730e-01 3.625235790260282975e+00
7.615173449231500413e+00 6.996520055892327949e-01 2.240215474752869529e+00
5.082694745327817065e-01 1.332872905245321982e-01 2.242456430873470685e-01
4.169054527976278735e+00 9.941109038847484314e-02 1.896039872811884797e+00
1.108715882869786507e+00 5.467995373848161256e-01 3.583902943054597112e-01
1.233328200455333423e+00 4.511142930938759343e-02 5.900462696452951628e-01
5.708066548933462769e+00 7.093984742953594047e-01 1.669612625367065561e+00
2.589531176869465323e+00 1.690179617375004995e-01 1.107566890170220031e+00
8.815073727496894884e-01 1.435177640096544083e-01 3.854366764092732045e-01
4.098736625362006336e+00 5.490410368704923966e-02 1.942705792420515998e+00
4.308183281899850670e+00 2.558773227536499315e-02 2.100348486200069864e+00
9.151417129376913095e+00 1.218085913354615690e-01 4.078867464583495028e+00
6.960212003195816344e+00 1.438022112578674246e-02 3.430770759445202600e+00
2.569625911600250223e+00 9.251052422129908415e-01 6.673988141672595464e-01
3.822175896148978236e-01 2.374326060077859915e-02 1.866764863441422451e-01
5.423321042925301150e+00 9.390394027741046090e-02 2.478883585312785520e+00
5.774176826954084962e-01 7.254032400589880414e-01 1.673283291955762753e-01
4.266554175614363231e-01 1.543143552776515270e-01 1.848090234738574700e-01
1.635990073437585401e+00 2.058684652422888839e-02 8.014947865579544750e-01
8.871042043605967820e+00 1.150967538290048955e-02 4.385050513850938358e+00
9.890663292328202516e+00 1.447942482537690201e-01 4.319843197768983956e+00
5.827440827374626986e-01 8.626498792613939148e-01 1.564287763432334333e-01
3.214799469822927858e+00 9.082981130126241420e-02 1.473556844760210316e+00
2.270269679090970161e-01 3.269437170811672622e-01 8.554506305982610692e-02
2.133841237550283820e-01 2.497977856950879538e-02 1.040918700136862218e-01
2.488338343642192141e-01 1.952942303924404960e-02 1.220336700153483583e-01
2.633239717991688433e+00 4.793376031993440978e-01 8.900063488877776319e-01
8.718289661027824877e+00 2.336093791957244981e-01 3.533650849311749553e+00
9.180874847477747958e-01 3.797130436836724243e-01 3.327095764408331546e-01
1.046091884629658103e-01 2.386401256028043011e-02 5.108548946914319433e-02
4.060278298046381407e-01 1.640652965902572313e-01 1.744007964991147186e-01
6.718807293497436994e+00 2.870962889333074364e-02 3.265648101654021307e+00
1.274124084379146371e+00 1.149510201797421249e-02 6.298221720684641367e-01
9.760206233641742779e-01 2.266496531007967385e-01 3.978400111624914026e-01
8.943841225806203887e-01 6.109474869397515245e-02 4.214440433719293666e-01
3.596131921059547154e-01 1.488975952052418172e-01 1.565035881382067506e-01
8.650586971406607262e+00 8.223622127277863125e-02 3.996626060636265798e+00
2.627500843240511141e-01 5.796850173216449020e-01 8.316534038207937241e-02
1.502076804376238695e+00 1.421994475059766040e-02 7.405084134613462155e-01
3.033973694831700874e-01 1.226317641668685406e-02 1.498609139162639659e-01
9.357323208485478494e-01 4.306024265575576770e-02 4.485514271285336863e-01
1.605197471450186431e+00 6.303441284333567429e-01 4.922879297245868480e-01
3.511694550973845530e+00 6.392079664788841153e-01 1.071155894427835653e+00
8.669652948083912403e-01 9.525929426191705185e-02 3.957808435639112443e-01
6.466729191888802575e-01 1.602056094620997462e-02 3.182381066120552049e-01
9.105287316917435092e+00 6.143084624850615044e-02 4.289157107643388755e+00
2.147890753348928428e+00 5.233226305107104709e-02 1.020538298009346923e+00
1.405648555772029962e+00 6.607955279838628737e-02 6.592606302607990632e-01
3.633060326279165864e+00 1.221383263079926784e-02 1.794611083725581535e+00
1.965148270458956237e-01 5.363398002341959181e-01 6.395552175890364954e-02
5.164843546479750414e-01 1.879526909740226320e-02 2.534779902862880352e-01
9.294174122577659736e-01 2.716738269456708266e-01 3.654307388279184332e-01
3.109695259133927525e+00 2.693648205132040951e-01 1.224902096261293316e+00
6.934202435994022418e-01 1.989295357298002942e-01 2.891830682848723355e-01
1.846358855245574526e+00 7.773895503378115412e-01 5.194018539421070280e-01
1.006778864115879912e+00 4.791585493382692629e-02 4.803719971292233493e-01
1.953973834224922435e-01 1.670602003157633242e-01 8.371349797106650281e-02
1.062513376673133614e+00 1.512492418475618397e-02 5.233411924775834834e-01
4.921284772989875655e+00 9.891934888079909061e-02 2.239147385111558641e+00
1.970624005237331666e-01 1.754535791272403972e-02 9.683224388540496996e-02
1.031287669305232246e-01 3.377682192691976865e-02 4.987960880100562877e-02
5.283289180516503869e+00 1.131341734667745402e-01 2.373159187118516034e+00
1.781642716318767306e-01 2.576496814750118061e-02 8.684458777805394158e-02
6.160495712432149107e-01 3.160925858758859702e-02 2.985866819800887528e-01
1.745594884860805773e-01 7.252805499885621732e-01 5.058872555169007662e-02
3.584081794003370902e-01 1.670334659045619730e-01 1.535552277939761789e-01
3.312843466853587215e-01 1.525348814438826084e-02 1.631535131639182401e-01
3.328819908237917735e-01 5.907339482500005567e-02 1.571571868627654467e-01
4.561832417763658221e-01 5.277501420773862695e-02 2.166575173327344728e-01
3.266561122198609279e+00 2.791840129769253553e-01 1.276814394590754409e+00
6.291883746010855649e-01 3.463644724669645569e-02 3.040625411348297780e-01
2.400850414855534076e+00 5.932633983808156541e-01 7.534380119744933380e-01
2.507461088490949286e-01 4.601761434746295953e-01 8.586159620866713749e-02
1.642326093394587405e-01 1.684462836412934164e-02 8.075599986384915385e-02
3.951116958988901695e-01 5.468067320383404040e-01 1.277185079800572665e-01
1.723597145319492874e-01 1.311283161377806150e-02 8.506442182624372739e-02
1.029643980445589024e+00 7.766487441885547294e-02 4.777199317184934735e-01
4.870807552110101302e-01 2.610460072763126083e-01 1.931256878815381939e-01
3.305293034594111834e+00 2.972874839088294752e-01 1.273924660336274606e+00
4.094303989526301812e+00 1.205790816722786783e-02 2.022761719702790728e+00
4.355783479679647408e-01 1.432177484983225835e-01 1.905054170739214348e-01
6.104389793044783907e+00 2.671915129844854575e-01 2.408629528565790157e+00
4.645972135133832337e-01 2.858191679651196360e-01 1.806619566298090507e-01
7.076303437576553890e+00 4.093639421270466316e-01 2.510459940849921079e+00
3.385554281757584549e-01 1.339511589474568221e-01 1.492813096509414406e-01
3.308416240437430655e+00 3.904590982798740173e-01 1.189684847447237681e+00
2.725937355074766977e+00 3.851312611106662009e-01 9.839996510110443628e-01
6.571887672250689150e+00 3.401677143803395476e-01 2.451890014112662275e+00
5.973061808384825255e+00 1.576831127573951608e-01 2.579748180898162602e+00
1.166688435320545336e+00 6.918005294371427638e-01 3.448067354928359141e-01
3.136009808457900783e-01 1.759246832961083862e-02 1.540896727353777973e-01
3.498322771918512597e+00 1.373413262609609886e-01 1.537938827660179530e+00
9.969444329574571606e-01 1.703897346796452023e-02 4.901210567958926290e-01
2.444846307854334488e-01 3.577338325927921225e-01 9.003407918271953692e-02
5.053679918642184354e+00 6.579444584733012968e-01 1.524079981332971290e+00
3.231113071966117634e+00 5.958341061046459886e-02 1.524709163813991575e+00
5.538707962315060129e+00 5.279618817662864450e-01 1.812449652183878213e+00
4.578626643660054896e+00 2.132309721506246980e-01 1.886955884230266056e+00
9.821219970735519667e-01 5.215761478041611859e-02 4.667180958807770619e-01
1.400796690478236739e+00 1.111453987654512088e-01 6.303390591522070041e-01
5.538302497409759440e+00 1.498042245154018737e-02 2.728280454923840193e+00
2.782877958196062096e+00 7.657113026805921485e-02 1.292472870558559306e+00
3.435614788884544080e+00 3.080594188447780338e-02 1.666470210000774888e+00
1.987617212047021242e+00 2.051306097729830441e-02 9.738323241760237226e-01
1.645948158163713093e-01 1.996739478342490770e-01 6.859981252135695373e-02
3.554261628392957562e+00 4.495884512655821258e-02 1.700670626871668922e+00
1.182438146337451840e-01 9.311089477652680912e-01 3.061552140043163894e-02
1.020463026564249809e+00 1.006967834603258588e-01 4.635531973465751299e-01
7.408682799750423431e-01 3.952664568855439597e-01 2.654934748552537638e-01
6.578589168995842229e+00 6.293437603306641093e-02 3.094541543358265923e+00
2.038589632164128085e-01 5.872634508483796228e-02 9.627556930213028441e-02
2.088580746064598426e+00 2.725556023491786800e-02 1.016582838250576826e+00
2.188865289015836657e-01 2.646875271753949127e-02 1.066211359683815751e-01
4.595243785801160219e-01 4.523154649220752221e-02 2.198194171053666768e-01
1.340993766707853918e-01 1.920530332893665981e-01 5.624723603980513742e-02
4.832968276452371370e+00 1.395319709429376602e-02 2.383230453980670571e+00
5.364041682684816514e+00 1.334496573400821839e-01 2.366246108924174418e+00
1.076035599402887843e+00 7.855119971511727028e-01 3.013241023078334080e-01
6.479953100711026703e-01 2.080063120253734521e-01 2.682085778942072118e-01
4.545944194253553228e+00 2.161684786134881325e-02 2.224877263804931449e+00
6.211201373579236851e+00 4.566373146875663674e-02 2.969980303732481897e+00
1.883062856401174656e+00 7.540829918949031319e-01 5.367656106074368827e-01
4.814029583659170664e-01 7.602903021658279081e-02 2.236942242483088428e-01
2.693101566567892013e-01 1.233640475923521683e-02 1.330141617898446815e-01
1.470379290150341411e+00 1.913996154092943991e-01 6.170806466330804874e-01
4.060921411747520970e+00 1.309136404256449823e-02 2.004222696925932468e+00
1.220695439167797103e-01 6.582410658724378860e-02 5.726533260147630838e-02
9.221216786218807471e+00 3.105201518212503606e-02 4.471751497711768053e+00
5.474831483088477668e+00 1.590610304419231569e-01 2.361752892770905721e+00
1.848325513063062420e-01 2.334983067980183485e-02 9.030760829047271288e-02
6.723979526739004564e-01 9.256204964203670893e-02 3.077161397351311223e-01
1.021996944907897831e+00 7.219015713700736026e-01 2.967640432823115959e-01
4.416426127408750735e-01 2.239479556389395165e-01 1.804172353514507388e-01
5.570304998800199581e-01 2.964917844954253479e-01 2.148222250775031483e-01
4.773827740517963214e+00 3.563576725283256752e-01 1.759796784140013726e+00
2.068061286526066134e-01 9.444092370604237896e-01 5.317968170251496929e-02
4.918845136738476675e+00 4.113120271336204170e-01 1.742649762125484170e+00
1.971424001008161009e-01 1.173005780886884480e-01 8.822263407312380679e-02
3.046609062735182727e-01 2.650480527478367085e-02 1.483972138795609519e-01
5.444519503683646899e-01 4.647166720784469685e-01 1.858557223888843146e-01
1.968527157412941486e-01 4.445742503606369689e-01 6.813520166656369947e-02
1.199534811100749360e-01 5.830580351081603163e-02 5.667241014465863175e-02
2.838959955762144105e+00 5.783554543841694651e-01 8.993411299959132021e-01
6.016784207814471763e-01 6.973357344760018617e-02 2.812281654591444746e-01
1.495832131481204197e+00 1.553786120165153925e-02 7.364728527753937604e-01
2.259262668147378861e+00 5.582102877659129991e-02 1.069907970466002389e+00
1.049127090808940954e+00 1.714612652553748340e-01 4.477856511031265696e-01
6.235221667722835592e-01 1.227192099938542724e-02 3.079815580366483951e-01
1.364312855721006301e-01 3.918024356088646853e-01 4.901244676742382705e-02
1.039321441490400844e+00 3.523484730349615290e-01 3.842653954264981242e-01
5.797697022248343046e+00 7.284868208371894638e-02 2.702010599942147540e+00
4.383061209061187014e-01 1.898458160745361001e-01 1.841860999907326268e-01
7.706139900337084514e-01 8.927013510975313759e-02 3.537295135499435306e-01
5.335390300244381434e-01 7.528499335446161567e-01 1.521918733070077023e-01
9.866124224701661172e-01 2.350927961570406857e-02 4.819753186998990135e-01
1.440089029562105216e-01 5.947333553348906759e-02 6.796249519752944890e-02
7.992883589643009934e+00 2.337800820788170364e-01 3.239184886246366357e+00
8.575059615921641898e-01 5.570260334365528115e-02 4.061304570417103021e-01
6.705323179546340384e+00 1.484364085051065665e-02 3.303623784806300812e+00
8.065680000340087474e+00 3.763271861049123646e-02 3.886577521929413859e+00
1.718305881736751639e-01 1.258821628210690657e-01 7.630931275397749569e-02
1.466270172950152051e-01 2.440933552901014547e-02 7.156661512621624588e-02
7.912688869208076570e-01 4.130868514539380310e-01 2.799788583789679097e-01
7.099777755683977176e+00 5.756287043706909134e-02 3.356669354678547545e+00
1.310982165646622233e-01 4.995109188588284788e-01 4.371365853888939390e-02
4.362775470028824820e+00 1.939784833094978719e-02 2.139878692687037898e+00
1.604310492621458528e-01 1.476525033441892197e-02 7.904835586815538162e-02
5.814416981076767632e-01 1.021285710778649207e-02 2.877817749084730092e-01
1.180395333996876239e+00 8.147348171461230026e-02 5.457347563092481701e-01
3.386982652387922510e+00 2.663028961789421639e-02 1.649562986130351572e+00
3.075143944180732669e-01 1.576491038209586540e-02 1.513708493348115969e-01
1.533457105302913126e+00 4.821574559723564302e-01 5.173057353400087877e-01
1.118481581876230369e+00 1.932977571910113324e-02 5.486357842765758885e-01
2.217523140711162632e+00 6.687896578181624918e-02 1.039257128425128407e+00
9.382510350305368618e+00 2.494369635819407988e-02 4.577085738291324368e+00
5.684098552225314904e+00 7.011230793635878089e-02 2.655842059786567955e+00
7.960193486036922117e+00 5.268626750179030566e-02 3.780895472745104513e+00
1.318535000540119184e-01 4.013407706558964894e-02 6.338293445110221302e-02
2.934863124281595237e+00 1.599431110418755020e-01 1.265089251508836776e+00
8.054359284796291263e+00 6.433176549892682949e-02 3.783763458859394913e+00
7.735381766565198047e-01 1.350193893230726069e-02 3.816165253079921160e-01
1.580970893331743898e+00 3.419613317443540718e-02 7.643477105638555313e-01
8.506423274337739926e+00 7.014891875823213718e-01 2.499699479849378569e+00
4.370447560640083218e+00 1.362193154040068077e-01 1.923241183013192357e+00
2.778837121304964963e+00 2.933247615802840880e-01 1.074299821612309858e+00
1.428825800824934933e-01 2.149831125601555162e-02 6.993774659637355673e-02
1.415045154898032786e-01 1.838977442263384776e-01 5.976213578406410626e-02
9.081028242172266118e+00 6.499873070841870326e-02 4.263398622142827499e+00
3.211286440479175663e+00 1.064245709531122658e-01 1.451199894138677227e+00
1.467262866350304895e+00 3.793101977961862992e-02 7.068209921415805619e-01
1.812675778261987114e+00 1.818262850843294087e-02 8.901525755342297730e-01
4.297116824110523425e-01 7.035417695345896893e-01 1.261230250105491169e-01
8.726649813301603942e+00 1.061864523663041092e-02 4.317479127479540324e+00
2.244777387317979656e-01 2.069050459364104311e-01 9.299726581125972169e-02
4.006971220360666663e+00 1.617914059030152452e-02 1.971587026492693351e+00
4.750270916719888881e+00 4.410898920311283611e-01 1.648152187794708512e+00
1.628413598931059969e-01 1.582948786390317442e-01 7.029356811300099817e-02
2.497958811651673106e+00 3.543941509960877451e-02 1.206231274966179878e+00
1.010323556476965812e-01 1.016103651915678113e-01 4.585666531474912738e-02
1.269907282444834751e+00 7.823864836128259503e-02 5.888804321635344730e-01
7.654226495145912690e-01 1.237328903713225819e-02 3.780338032439518603e-01
2.031032016363394366e+00 2.166292814790835367e-02 9.939834168424271921e-01
8.894184739310884158e-01 5.831948476338443266e-01 2.808935600252755460e-01
7.639036195467654444e-01 7.531649156278679147e-01 2.178641646137396137e-01
2.432745342720675996e+00 8.418101732867082632e-01 6.604223871723556849e-01
6.186542576539287852e-01 2.192668199668409701e-01 2.536992918706479361e-01
8.554758770617780783e-01 6.730262101337044500e-01 2.556672070885878112e-01
3.363377538768058450e+00 1.752933120605890127e-02 1.652717732854692478e+00
7.863698577813841517e+00 2.581156192316582110e-01 3.125189154958694537e+00
1.281240267945736311e-01 5.546460092892310095e-02 6.069555846866423604e-02
2.369890200425154581e-01 1.861302367478191444e-01 9.990008377676205809e-02
1.175820905641789399e-01 2.884851723320940378e-02 5.714256695455127710e-02
1.669447427785383908e+00 2.656930141537235945e-01 6.594993450689230485e-01
5.149781999759441398e+00 2.654608246740596672e-02 2.508305320001527061e+00
3.217511074488674239e-01 1.446448778688692524e-02 1.585817499392147834e-01
1.446874883848960680e+00 2.086435042562791442e-01 5.985532039653304048e-01
1.782000479258577519e-01 3.111597059782015284e-01 6.795512671467818233e-02
3.645766597978841173e-01 1.180895362454422864e-01 1.630355387378620569e-01
1.554690366898378862e-01 2.613907236580616938e-02 7.575436940111712758e-02
7.446435250591597388e+00 3.736718278048160036e-01 2.710412741917880730e+00
1.033729913125609468e-01 1.010285341772646089e-01 4.694382938486042767e-02
1.427795679580508459e+00 1.081289677841441310e-01 6.442371425573242272e-01
4.057495444051914646e+00 9.275147338809149045e-02 1.856549976305038818e+00
3.912830747541548693e+00 4.029938823186414165e-01 1.394457522892065260e+00
3.729981488223206854e-01 5.515659395706702661e-02 1.767501387748980357e-01
7.883332195217166438e-01 2.254226722732116106e-01 3.216576767179134544e-01
1.173298207971494034e-01 4.662772366070838115e-01 4.000942586705044657e-02
4.637762666024684011e-01 8.689849201008054136e-02 2.133484727468768216e-01
1.616474884150032043e+00 9.709358864394648236e-01 4.100779977856677805e-01
4.737465283064279942e-01 4.091477011647690620e-01 1.680968318348885771e-01
6.287587513769811842e+00 1.295622150399760274e-02 3.103583047465886313e+00
1.042533078891798720e-01 6.239052821925915315e-02 4.906543550605892839e-02
8.511869081123172975e+00 5.344814287472787750e-01 2.773532778455357395e+00
5.396044990395094665e-01 2.321395854227110631e-02 2.636811658669418468e-01
4.393274450264224029e-01 2.607665735365145496e-02 2.140812004044070904e-01
7.583796393141685854e+00 1.213859339593555547e-01 3.381439058346776161e+00
3.403542678268364874e+00 6.901054126361538810e-01 1.006902484549666354e+00
3.486530870536560300e+00 1.296036661701538695e-01 1.543254052263043574e+00
4.357293740997423281e-01 1.723072350708924338e-01 1.858426533012877968e-01
7.935390001300766549e+00 1.106254829954755707e-02 3.924282436653834694e+00
3.519368774161990121e+00 2.924406145057331652e-01 1.361520496439946326e+00
2.255270631475208010e-01 1.386290702935124852e-01 9.903447445329369159e-02
7.148463343842792916e+00 2.822892797087683120e-02 3.476104955513012129e+00
3.250239434135284711e+00 3.202338986477669680e-01 1.230933184439629180e+00
3.347769008573129867e-01 6.638122843957509067e-01 1.006053699678309543e-01
2.119361363291412115e-01 9.024663628667982385e-02 9.719641834942231717e-02
9.490416760546640518e+00 1.612433876229109886e-01 4.086316814244134399e+00
2.635285199343767593e-01 5.920296185004985112e-01 8.276495514655973773e-02
2.227708008578839660e+00 4.612096587956545646e-01 7.622821253504926675e-01
4.685628352484250136e-01 5.790236080208340796e-01 1.483710670531794562e-01
1.536853220919025820e-01 1.992383914694140570e-02 7.534156776865032212e-02
3.353895838257903717e-01 4.958208702696648151e-01 1.121088729579387128e-01
9.135285941209701832e+00 5.498279771528439275e-01 2.947193519500125980e+00
1.582269586594029276e+00 8.956058044391563833e-01 4.173519575875553889e-01
3.806974313649861053e+00 5.236280191289464925e-02 1.808774648215363934e+00
1.378650220937004178e+00 2.157243333756998782e-02 6.747687075075179397e-01
1.637302256547847890e+00 4.024100113652561150e-01 5.837459242585991692e-01
4.100613319925139888e-01 2.570420812923543963e-01 1.631056501986526130e-01
2.394611990624161635e+00 2.095482442966243794e-02 1.172731610314818429e+00
3.110986266789103616e-01 8.691270133314425994e-01 8.322030136529433297e-02
2.073565090707958636e-01 3.020325562903401415e-02 1.006386399663363601e-01
1.272824483403244278e+00 5.801863136249181263e-01 4.027450663344275261e-01
5.075377073462091992e+00 1.066522417551118707e-01 2.293121941095388916e+00
3.480722952504165413e+00 5.151397364980913052e-01 1.148647503810137804e+00
2.651721814869624216e-01 1.057415745056370926e-01 1.199069419115933594e-01
3.372947201661450567e+00 1.248239834276351420e-02 1.665681895893848630e+00
3.164876030068969892e-01 7.927053723165973231e-01 8.827094733305800023e-02
2.203060639618784622e-01 9.592508838908627711e-01 5.622201469277231939e-02
1.163292169409103405e+00 1.082140122547437938e-01 5.248499642421499134e-01
4.627811811619447546e+00 2.201002829743683720e-01 1.896488295346403063e+00
2.583311266450060151e-01 5.966992818362171214e-01 8.089536006677573721e-02
1.613409748109886133e+00 1.220604102407727015e-01 7.189495919224523357e-01
2.237054949815575067e-01 6.955041743952977695e-02 1.045792191438256191e-01
9.557358121833365416e+00 1.455654999055175716e-02 4.710116021587150037e+00
2.333693746501368960e+00 3.014483678183651344e-02 1.132701763468430434e+00
1.538650363934972010e+00 9.469097360401054209e-01 3.951519516935829146e-01
2.826494081096553312e-01 2.243764063557548705e-01 1.154258635834610608e-01
7.783490148372932405e-01 9.735465368582694179e-01 1.971955057306030157e-01
9.705109459048824050e+00 2.750145599175853328e-01 3.805881816626527581e+00
5.817084073310845760e+00 5.160119471768887661e-02 2.765822301520155069e+00
1.647310241571567357e-01 4.551837418124152213e-01 5.660145156376818892e-02
9.133008359982294211e-01 2.309276318010362178e-02 4.463431219860233279e-01
1.321085829315836457e-01 1.230354606662556645e-02 6.525146703520921798e-02
4.510164383519719156e-01 3.543217293354818803e-02 2.177913967431438502e-01
1.327504472175939365e-01 8.730869202169704024e-02 6.104542720557269708e-02
2.489330097065786340e+00 5.507056035852335718e-01 8.026443224653511122e-01
3.904780159930846040e+00 3.393950919079918305e-01 1.457665547500408776e+00
6.661264033464314727e-01 8.851087950877739585e-01 1.766811563030810106e-01
1.154265899741771101e-01 3.517293365163373653e-02 5.575232225547232384e-02
1.246519132007717134e+00 2.550823621269971211e-02 6.077567629350456579e-01
3.195303617031170496e-01 3.904933427429839454e-02 1.537609193149072906e-01
2.079494187365528157e-01 4.944177976470396502e-02 9.907620543903697397e-02
3.357019796908654596e-01 4.320746342243378391e-02 1.608989541684898716e-01
1.711983730138119386e-01 1.364342673065032686e-02 8.444703951072111969e-02
3.585280155019050508e-01 7.527139912404881006e-01 1.022779578681162621e-01
3.753304221509929928e-01 1.196396018668008376e-01 1.676121590935136241e-01
1.050383941468372440e+00 2.282952784151120185e-01 4.275779447852713355e-01
3.192847280978929447e+00 8.866837174464705651e-01 8.461532930650094153e-01
6.550772046302381746e+00 9.773111542323163758e-02 2.983778064711558820e+00
1.981433688039774710e+00 8.613759126533040433e-01 5.322497391769011044e-01
6.870070415407742992e+00 3.973075787354959226e-02 3.303773771903394163e+00
1.012314068099638975e+00 4.684096070887928120e-01 3.446974410997658556e-01
3.102530195254439072e+00 5.008289217538173244e-01 1.033605546336663128e+00
5.326944607092619854e+00 1.918394179428730972e-01 2.234757689205723707e+00
2.033958340094697836e-01 7.121932269237632451e-02 9.493659687647329481e-02
2.258199842692008019e-01 1.763777338555550800e-01 9.598106873762402014e-02
9.555061450441945325e+00 4.925860558450972926e-01 3.200841054699489874e+00
2.968688139086022915e+00 4.698087034182011901e-01 1.009889291096866204e+00
3.009123060614807277e-01 1.417152082180929140e-01 1.317808083379755357e-01
8.211256786142650199e+00 2.751755954198015219e-01 3.219657283136530435e+00
3.217051577626737213e+00 3.679795619034519905e-01 1.175840512248013781e+00
1.080852910044760445e-01 6.638627287805870525e-01 3.248023083120855914e-02
3.137980671935186816e+00 1.205283743599123471e-02 1.550304764662869372e+00
9.416530794985558117e-01 1.673478373685986093e-02 4.630770455386840068e-01
9.226046650821082551e+00 1.946296759020767903e-02 4.524954286779775181e+00
3.048300276167039136e-01 6.951547633228315204e-02 1.425084696586464139e-01
5.699762724626892485e+00 3.023876733535694750e-01 2.188197432009759247e+00
3.177939632886695787e+00 1.209230758819202639e-02 1.569985074019434546e+00
1.435186421783342936e-01 6.453266047062656829e-01 4.361402829317166663e-02
2.425844886020908642e-01 8.944279510280016554e-01 6.402578901732675076e-02
4.172138533825298090e-01 1.820348674228355057e-01 1.764811956402656257e-01
2.360919894781238426e+00 9.989919843912246911e-02 1.073243756396787374e+00
1.381271498243698659e+00 1.496534602253258295e-01 6.007338498215700762e-01
6.984497045038937202e+00 9.132743104568245007e-01 1.825273304216183723e+00
1.225920383176278383e+00 2.622230944195704239e-01 4.856195345324489376e-01
3.236301842858051447e-01 6.813744316087217978e-01 9.623977211790925301e-02
1.659714237045911978e-01 4.688021211048065684e-01 5.649890523706163625e-02
1.142376961861458984e+00 8.949702866895747899e-01 3.014234497199263507e-01
1.209601820608378286e+00 6.898724751497202490e-02 5.657699955824013749e-01
2.789778110148024126e+00 5.831245289852463598e-01 8.810987572582872351e-01
5.768288563535460822e-01 5.251410727659737709e-01 1.891067215531143098e-01
2.857972365077054433e-01 5.971277838899343576e-02 1.348465557536178971e-01
3.425605534236415006e-01 2.021605727963056709e-01 1.424770372508652461e-01
5.481230571536439555e+00 8.390346500389564977e-01 1.490246682252650778e+00
1.016922969146529132e+00 2.817335225586431111e-02 4.945289463665581420e-01
1.661059071460006642e+00 5.136179145176488631e-02 7.899559813593501900e-01
4.152268760586937946e-01 3.667409056226803576e-01 1.519040201220576147e-01
1.084525406909949696e+00 6.291445219846083514e-01 3.328511965251527149e-01
1.524397548967749705e-01 1.115394568075307458e-01 6.857145464480383923e-02
3.817787029124251608e-01 2.558667855498863997e-01 1.519980890111931049e-01
2.006678036880950255e+00 8.306203736028230367e-01 5.480868851392793895e-01
2.093802285173137490e-01 2.820586413633141554e-01 8.165782038435591417e-02
5.815072308649859023e-01 3.831719757615198452e-01 2.102078559482203624e-01
4.509015012518329812e-01 4.108482112745368703e-02 2.165536813626407764e-01
1.977926984015698109e+00 9.241272404489953018e-01 5.139802977775390636e-01
6.763955923201383502e-01 1.434084689425815795e-01 2.957803841288955682e-01
2.371933369588650642e+00 7.014894034000900003e-02 1.108225818003911289e+00
1.377153136567124680e-01 5.585861699061243912e-02 6.521484573816614672e-02
1.171400093590538871e+00 8.262037760969367928e-02 5.410022376342393802e-01
3.979196843780749004e-01 2.481365155606981079e-02 1.941424588625827174e-01
3.287740095669713813e+00 1.137959460062926663e-02 1.625373951195825617e+00
1.656338099994887347e+00 1.397187350676432627e-01 7.266433590286565103e-01
6.487413984384819088e+00 5.695654386066767438e-02 3.068912351253684445e+00
2.218083382250021218e-01 1.937745582868821009e-02 1.087959798192153771e-01
3.870189279114316094e-01 1.056320339395398072e-02 1.914867504633243900e-01
4.155414445734620266e+00 4.049421769407872407e-02 1.996846486539714638e+00
3.551615769151839075e-01 9.807809597835137616e-01 8.965190602246113361e-02
3.719436709409214448e+00 4.919455348248251425e-02 1.772520023604618800e+00
1.040496917065386190e-01 2.853461709577067573e-01 4.047535755640504357e-02
3.268928169100761560e-01 7.315872679039258086e-01 9.439108931130499314e-02
4.215462539246570550e+00 1.013395062629213611e-01 1.913788852245266847e+00
6.860642589675987058e-01 1.086651534859852664e-01 3.094100399973793158e-01
8.613425110336564217e+00 5.914221334673287062e-02 4.066226896537063595e+00
1.438865197394543882e+00 2.515543493598779712e-01 5.748312880421326820e-01
6.778252889288972405e+00 1.400786651045044240e-01 2.972712803404512716e+00
6.507590330852236482e-01 8.321647264272040434e-02 3.003827256695831283e-01
7.875976248810470093e-01 1.767812935031759514e-02 3.869581167986024806e-01
3.366572970107426510e+00 1.831701350041109178e-01 1.422691830408536084e+00
1.168361086506785718e+00 3.958366761414779805e-02 5.619370152227299853e-01
3.262138351112651158e+00 1.947654534463608700e-01 1.365179392199050268e+00
1.685119767525433132e-01 4.702158801445003866e-01 5.730858271507075635e-02
4.087228604443331470e+00 2.675995189301237989e-02 1.990352563375600736e+00
5.559083429981201085e+00 2.320080127671538262e-01 2.256106848483562910e+00
3.678734042827212392e+00 6.361274668398682330e-02 1.729357820455028838e+00
1.172666187974167606e-01 1.043712523827318092e-02 5.802766736711297002e-02
2.974688214112818363e-01 3.889590753221825459e-01 1.070833643324879958e-01
4.127589688088332820e-01 1.657908831200047284e-02 2.030137023053500689e-01
1.393110448917371791e-01 1.905295496596718513e-02 6.835319215397872572e-02
5.204833435092540705e-01 1.619182368446505649e-01 2.239758904734546752e-01
6.110028110898780618e+00 1.167575549561588460e-01 2.735610824293302379e+00
3.233117751885725255e+00 3.169439576867713604e-01 1.227507720816281900e+00
3.137732872283972352e+00 1.192867609359355568e-02 1.550372544237378136e+00
1.019781853828719831e-01 5.825241964047666032e-01 3.222010305262616725e-02
1.064499657187204962e+00 2.902827033715678698e-02 5.172353801506475168e-01
9.715401470348981050e+00 1.172534912951193713e-02 4.801402613223098470e+00
3.856032763760121052e-01 2.242350963452686280e-02 1.885731659837560636e-01
7.067465279465030559e-01 1.190292996855510030e-02 3.492165636720042099e-01
2.672132773476959766e+00 8.297350185482554874e-01 7.301966531736048260e-01
3.206220868004154290e-01 1.876953317252642514e-02 1.573575162784725534e-01
1.375610473404876577e-01 3.168420168180426100e-02 6.666819512998355124e-02
2.359171907362297649e+00 1.225095426618393740e-01 1.050847149935101976e+00
1.234180268816317816e-01 2.014580283432732544e-01 5.136177210110978025e-02
9.088789235001979439e-01 8.108379099772985432e-01 2.509553501427391753e-01
7.342606420911095277e+00 5.117999325813690770e-02 3.492554304687941702e+00
1.161010592857498969e+00 2.085953942507228487e-01 4.803140068133701646e-01
3.074836732123799710e+00 7.814076776058723195e-02 1.425990382735717210e+00
2.141425618815032461e+00 1.885713497188423043e-02 1.050895923143398303e+00
7.215179843844330421e+00 9.393016745339791695e-01 1.860252053249570547e+00
4.017942356815478178e+00 4.950030378726975877e-02 1.914216862213458770e+00
1.592056023025179012e+00 1.147247100732114861e-01 7.141027774115719096e-01
1.068670637239169108e-01 2.273366034858858784e-02 5.224579373259912590e-02
8.375416325479315915e+00 2.223526941395680134e-02 4.096618741339705494e+00
1.351874400787066666e+00 4.648719746978470235e-01 4.614309045901134887e-01
6.942662763391183489e+00 5.499401914221964116e-01 2.239655053083282166e+00
6.320744735672222392e-01 2.399258470243664787e-02 3.086323490081217535e-01
2.693817876322466831e-01 4.021130830220908670e-01 9.606278940484090645e-02
2.923734773273380494e+00 6.198640528844549108e-02 1.376540584094984920e+00
2.569440285591466200e+00 2.227971193264281433e-02 1.256720766146225188e+00
7.994193178577313486e-01 3.368651971741952744e-01 2.989902495582604236e-01
1.639815476837097830e+00 3.019253513175755299e-01 6.297655526784121660e-01
6.326491734049861648e+00 2.224887945420542246e-02 3.094398957633327729e+00
4.014132887093013746e-01 4.149567128132143901e-01 1.418464908057901763e-01
3.294366428805906022e+00 2.000949586723546336e-01 1.372544066200565238e+00
4.824838733511700006e+00 5.102775486096779861e-02 2.295295586247358077e+00
2.593500030203637507e+00 6.811019939521137379e-02 1.214060137087042746e+00
8.814998944168129569e+00 1.207082167990350223e-02 4.354931866100239191e+00
3.704830567302633826e-01 8.600628461017019444e-02 1.705713226435199570e-01
8.409223352892910563e-01 1.174803002671727103e-01 3.762582369855823061e-01
1.551871676677742118e-01 1.131228786095233273e-02 7.672564129326155113e-02
8.970351456590234251e-01 7.648067607498681975e-02 4.166517642145471934e-01
1.766954236512055409e+00 7.967876643563048811e-01 4.916981209198870162e-01
1.881371129581747015e+00 1.038636480943670171e-01 8.521755077402967116e-01
1.382597578089125978e+00 2.056254970543293092e-01 5.733943009115134437e-01
4.643176704292261148e-01 6.526721399277010116e-01 1.404748283738656567e-01
7.255361306055452708e+00 4.001448369849375242e-01 2.590932421562579080e+00
2.520449975914614282e-01 2.328117156275086308e-02 1.231552991474177822e-01
6.551184245728758349e-01 6.838713921278301022e-01 1.945274525226754758e-01
1.539431791726811882e-01 1.624240356803529489e-02 7.574136772495687620e-02
6.211360988941770245e+00 2.839840418690361412e-01 2.418784340925367093e+00
2.036442883456264508e-01 1.241914259673853188e-01 9.057367083652465012e-02
7.296660647646304731e-01 1.613634793396174702e-02 3.590394469444031511e-01
1.181914690322819483e-01 6.507205682367745991e-01 3.579996254560780661e-02
1.329619219704481492e-01 1.085360503765403911e-01 5.997185293400449091e-02
1.608891779061420113e+00 2.987920487635544187e-01 6.193800541792195968e-01
2.210885827808148352e-01 3.452068597027744823e-01 8.217642557579014906e-02
2.983575488093708650e+00 1.160982618492543000e-01 1.336609683071384058e+00
7.534357310735685376e-01 6.902541344001764112e-02 3.523937418143723854e-01
4.999642314033681423e+00 3.090207770272283827e-02 2.424887107209521275e+00
8.490312478522534789e+00 1.976216442400325346e-01 3.544655576056401802e+00
1.715258500684864740e-01 1.210895801831955998e-01 7.649961836254765002e-02
7.714614801848036052e+00 2.323191212502882103e-02 3.769729379250139178e+00
2.051361265397213529e+00 1.335027353010753981e-01 9.048770688905047876e-01
1.475902487263802909e+00 2.475234899768590235e-01 5.915329447188125700e-01
2.750107743622163814e-01 5.742567263863074256e-01 8.734622814459913620e-02
1.414325250781806598e-01 1.588222755574762168e-01 6.102425197605971380e-02
1.368441061868668207e-01 5.972382199148482812e-02 6.456592904069226313e-02
5.592224250432656696e+00 1.394279627752444822e-02 2.757662597418375050e+00
3.499957609843700634e+00 5.378382614169864573e-02 1.660662046151519355e+00
3.520321419915986016e-01 2.500335984693186631e-01 1.408090720212105684e-01
1.307128874275653496e+00 1.610655222153551114e-01 5.629005638637878395e-01
8.196372192833365489e-01 4.492796425397491134e-01 2.827740055214556514e-01
7.722551693171482157e+00 1.532096382814739921e-01 3.348286138450817795e+00
1.242143373570389953e+00 1.413764124109176956e-01 5.441427385671232519e-01
1.109594090175845676e-01 6.573218802432961860e-02 5.205782947368925440e-02
1.397202251122607652e+00 1.335728813730725599e-02 6.893927085139247568e-01
7.891714310242999852e-01 2.220274841445812886e-01 3.228943052687229809e-01
9.573748637681694929e-01 8.119712564956407252e-01 2.641804775699743146e-01
1.253444255185727219e+00 1.970718611938127723e-02 6.146098959819340513e-01
1.534732716859086521e+00 1.649147069727934789e-01 6.587317971318780163e-01
9.666909802236333116e-01 1.442526142826109914e-01 4.224115235383141265e-01
6.093889619502240729e-01 1.657854157519362825e-01 2.613641214396071888e-01
8.842586149181543842e-01 1.599980312153535464e-02 4.351667255256239653e-01
1.438867673936189973e-01 1.858100612253663422e-02 7.063098886035443225e-02
3.398616444819864579e+00 4.081652720358165953e-01 1.206753394758275588e+00
5.405771736520196269e-01 2.061794311960344142e-02 2.648283705456425108e-01
4.121339038916171371e-01 5.165805109246791871e-02 1.959448242056865408e-01
1.330095948409094897e-01 2.332349873987858355e-02 6.498902595547625949e-02
1.296574844902420587e+00 2.063425153981193472e-01 5.373991334768312145e-01
2.777000520151522434e-01 6.496468193777120426e-02 1.303799349992805778e-01
8.749482344600147954e+00 9.910888509580531580e-02 3.980261857239689061e+00
4.602059388928781303e+00 5.574763506406615887e-02 2.179526259914147612e+00
2.706394006842771205e+00 7.058142352798177366e-02 1.263983265244857046e+00
3.688576649482047110e+00 9.696018018535405847e-02 1.681271898519956176e+00
1.017219621704257948e+00 4.986535011725581890e-02 4.844524212512814620e-01
2.577608828650129191e-01 3.539126540482375183e-01 9.519110486717902164e-02
8.530688129588447355e-01 6.502162583266222207e-01 2.584718241183391330e-01
9.074916452828286850e+00 1.065733861008519995e-02 4.489610922584621910e+00
1.096244730259049449e+00 7.819694164866083375e-01 3.075935872177993913e-01
3.830068802917680149e+00 1.570962267342538021e-01 1.655034695656871557e+00
2.524801255762384677e+00 1.735246340529650599e-01 1.075734237909671487e+00
1.529880273054938233e-01 7.794668485869613583e-01 4.298704059223652091e-02
1.181571658158627747e+00 3.167739146550917900e-02 5.726459007113610111e-01
1.245067803568949971e+00 7.922091802080817313e-01 3.473556037204298952e-01
7.286542810390336022e+00 1.760679541592947706e-01 3.097840896276728095e+00
5.502859895767221232e+00 8.294637461004727985e-02 2.540689005837763137e+00
5.968587006676024931e-01 6.120909601310361436e-01 1.851194242225289166e-01
1.394498120135540531e-01 1.034711049109325320e-01 6.318688880612322034e-02
6.933705247775242553e-01 1.597309938520426464e-01 2.989359293030948717e-01
4.288181419463132360e-01 7.037964045099560917e-02 2.003112380601868858e-01
2.397336533599346842e-01 1.142517620275002553e-02 1.185127970909228001e-01
5.342348480200033167e-01 8.160890303553395286e-01 1.470838816518466319e-01
2.526065541190402719e+00 4.464371589792986983e-02 1.209056017256135984e+00
4.718285226540497312e+00 2.741182326863074725e-01 1.851588457608296601e+00
2.352925032654448745e-01 9.313172873039064770e-02 1.076231240395535554e-01
3.743691131080639334e+00 3.136196789482987302e-01 1.424952439079584909e+00
3.376177094372553866e-01 7.963599143952544424e-01 9.397273528866140202e-02
5.080607087934532196e+00 1.689851958465928353e-02 2.498089529134946751e+00
2.235880093067931229e-01 1.498496672350317083e-01 9.722488759962881477e-02
4.968556927728681849e+00 7.095870864477081541e-02 2.319677167580097787e+00
4.826821193433536550e+00 8.468039720928216552e-02 2.224996969546150893e+00
6.790558497617649181e+00 9.044085887463890194e-02 3.113675740574169737e+00
1.755566068598426899e+00 5.168331487952548819e-01 5.786945222000144939e-01
6.028778127569815126e+00 1.579830168489764972e-02 2.967507485280258095e+00
2.331232469488175585e-01 6.087950981133531947e-01 7.245274653751837546e-02
1.169765905062252614e-01 3.136684413651568692e-01 4.452287457886399541e-02
1.978183876686810116e-01 2.399106968958579500e-02 9.659185198199432554e-02
1.953613504415828039e+00 3.162338118938350928e-01 7.421225191005057509e-01
1.147502393481025118e+00 2.823874204700059856e-02 5.579941440431414046e-01
1.837417956033367883e+00 1.740269730271386817e-01 7.825279990355444859e-01
1.185995297852665331e+00 5.428939823436689655e-02 5.624619292572172746e-01
2.209404932969940838e-01 1.187041937832880034e-01 9.874839771084026330e-02
2.786985558612706804e-01 3.674224567782626016e-02 1.344107260137047954e-01
3.391210036007705764e+00 2.279394178693716286e-02 1.657816837516106423e+00
3.601701648370659314e-01 2.547249894348244115e-01 1.435255406044396165e-01
9.960593583999633793e+00 5.779758095427211390e-02 4.708175629884628677e+00
5.069196066251663302e-01 1.483704943074411545e-02 2.497541880785267010e-01
6.749147457832671559e-01 2.974427147234791000e-02 3.277098812204418676e-01
8.492682345493908214e-01 9.440842832501036286e-01 2.184237180112354459e-01
2.654151186720267175e-01 1.403557185629823179e-01 1.163738271977489691e-01
7.544821654024065793e+00 8.584346928173720581e-01 2.029886141058359517e+00
8.545464542381784323e-01 5.648392592598847628e-01 2.730460809892862883e-01
1.210750459186491046e+00 1.464490755936871946e-01 5.280437155743291644e-01
5.276800944913134783e-01 3.315889620256615156e-02 2.553721873909383100e-01
3.878701260640932125e-01 1.116062320263391666e-01 1.744638141138555587e-01
2.959656464727797864e-01 3.738454547470657086e-01 1.077143158461258826e-01
8.022425004540153504e-01 5.492716905808270322e-02 3.802359650905175470e-01
3.241272067282107705e-01 6.938791405245715582e-01 9.567601341021088335e-02
2.880780729154107878e+00 6.606049138325608139e-01 8.673889572280819582e-01
3.988875180572568624e+00 8.070225795323872076e-01 1.103714814013223577e+00
4.576993285727771199e-01 1.075301128376448222e-02 2.264150210106473105e-01
1.958086443594137527e-01 1.907455753353567429e-01 8.222102538750437895e-02
2.695191408870380556e+00 6.305628343656590751e-01 8.264604564959607824e-01
1.046304379180724858e-01 5.876501301333438843e-01 3.295135242085255739e-02
1.254043095785687401e-01 2.633224927505133373e-01 4.963273839347929345e-02
4.872558705446256688e+00 5.270948887558841722e-01 1.595368677258786283e+00
9.175817675413309171e-01 1.688582609973118820e-02 4.511724640025315258e-01
1.007570631047496335e-01 1.330727328538278131e-01 4.446186912069475389e-02
2.213714784629078336e-01 1.424886008023641855e-02 1.091307504380114868e-01
2.947463704041863863e-01 4.454912763910244544e-02 1.410878447959524329e-01
1.422595196470965773e+00 7.302572568008967868e-02 6.628896038672870139e-01
9.326835959161144274e+00 9.402841816337091652e-02 4.262611374766121841e+00
6.821116080110233293e-01 1.880996762357721105e-02 3.347589980897425210e-01
2.580513575241880631e+00 1.922917812353160463e-02 1.265914296131502415e+00
1.789252289804299512e-01 7.372095474815217042e-02 8.332017187016620141e-02
8.529048116470359098e-01 1.465647883168698928e-01 3.719392137007277443e-01
2.047456256922857598e+00 9.167809486288612808e-01 5.340871783986251842e-01
7.175208943246083493e+00 1.635060266317279187e-01 3.083442964200981962e+00
3.053347042752718177e-01 1.035568933864357138e-01 1.383411703126174452e-01
3.698151393949300036e+00 4.213134235103884601e-02 1.774321164550288099e+00
2.994232532505741728e-01 5.925040026809755833e-01 9.401020429038044190e-02
4.220484114106970996e-01 1.570854321222767136e-01 1.823756481993701606e-01
1.591108012034309904e-01 1.078991332600177377e-01 7.180744005785252848e-02
3.605475814149608493e-01 9.441734256383430557e-01 9.272515935572464563e-02
2.855334357767885134e+00 2.421297060005102864e-01 1.149370449790495519e+00
5.752334933982526932e-01 4.800279003556730539e-01 1.943319761945080104e-01
6.961058287742777573e+00 4.113154045670306402e-01 2.466159678133152955e+00
3.967912709753987355e-01 1.232899101989596014e-01 1.766201527195762899e-01
1.447447984824311584e+00 8.822030428186779238e-02 6.650528294358113435e-01
1.871736859647671058e-01 2.406479657779624082e-01 7.543384228555025106e-02
5.257070740069136328e+00 1.777993848958165091e-01 2.231734371526334026e+00
4.438036730978672573e+00 4.295951047595056305e-01 1.552200590294153137e+00
2.327397013191133901e+00 1.281780292998035420e-01 1.031484815670279387e+00
1.785657766958465453e+00 1.793115423009302226e-02 8.771014422429375124e-01
1.763934245368320719e-01 5.779311638839650100e-02 8.337803574440381948e-02
3.398748683859760700e+00 5.811619642937104757e-01 1.074762978306889716e+00
5.470877145472632375e-01 1.069649903810713197e-02 2.706488619817787322e-01
1.690977564574777103e-01 1.159040210109084229e-01 7.576715975281207716e-02
9.241783664442596802e+00 1.346745603297734017e-01 4.072438030934893760e+00
1.817761997975786137e-01 1.943842214136529134e-01 7.609619942166993833e-02
3.706002034510129661e-01 1.259446155549616940e-02 1.829953735287647709e-01
3.284313788998561190e+00 5.514931717173181258e-02 1.556326548076616634e+00
8.339726599447436772e-01 1.513209356454936483e-02 4.107705121489756972e-01
5.259799230927533209e+00 1.378688881789827229e-02 2.594134570560779007e+00
3.842549782708201134e-01 8.377195735306132429e-02 1.772766750716179562e-01
1.960763530836945878e-01 8.417315531173173992e-01 5.323152354962248922e-02
2.622027797028063101e-01 2.046028694822137617e-01 1.088337021044585018e-01
3.205578425191918934e-01 6.944233126930919875e-01 9.459201845190087776e-02
7.703953792398662292e-01 5.926069239193640925e-01 2.418661402475707212e-01
5.248231661809259485e+00 1.186514533611746428e-02 2.593345410699922304e+00
1.192851181841719233e-01 4.727641743289714427e-01 4.049701923205771548e-02
5.158709912267342990e-01 1.723352710209638539e-02 2.535656648559116988e-01
6.496444836871909878e+00 2.269024994885079916e-02 3.176154674984348780e+00
1.535341859595751979e+00 3.089569746115808924e-01 5.864752965051995837e-01
1.020352364232178233e-01 6.822078786426630792e-01 3.032777272020263995e-02
2.892988849678073127e-01 4.278265626754101936e-01 1.013074320545379881e-01
8.586643695415642208e-01 1.185942341902944744e-02 4.243002287018162177e-01
3.596759954038967200e-01 3.686667957926761940e-01 1.313964788616016066e-01
4.777831362770696089e+00 1.428606865062099218e-01 2.090294739850050654e+00
1.373106574587212025e-01 1.236674726467341251e-01 6.109932911704467340e-02
1.533371365175147383e-01 1.403164809085158671e-01 6.723446476689856621e-02
2.520262547463706926e-01 1.074592764816251385e-02 1.246733960792668350e-01
2.629770835416537000e+00 2.960231602041645815e-01 1.014553950950330741e+00
1.176460749055873722e-01 7.694129618585293651e-02 5.462046785755564349e-02
3.474514251414088317e+00 2.789050123665968162e-01 1.358394180105896076e+00
1.392969168424512016e+00 2.260677970547097376e-02 6.810873915903979947e-01
3.166881000967855186e+00 2.065147872895595552e-02 1.551401760036469568e+00
2.608226374929922375e+00 3.675445223169808151e-01 9.536166217502372033e-01
1.594013319113698923e+00 2.342159140276265511e-02 7.787667040172805422e-01
4.605435602352043745e+00 4.343805858116659563e-02 2.206856250103799155e+00
1.131182120182965822e-01 1.337973716446547862e-02 5.581235141666256172e-02
1.341874178743664991e-01 6.235631006509144703e-01 4.132497770507608664e-02
1.025296332130227195e-01 1.234467138471663679e-02 5.063968631986746904e-02
1.532327190581068699e+00 3.349234169924104609e-01 5.739382391064088429e-01
9.082894267628949247e-01 1.410206684664951915e-01 3.980162024512730601e-01
1.202659630891776965e-01 2.386312836842450352e-02 5.873146505472236906e-02
1.473939032801439231e+00 1.926424150191364260e-01 6.179299906828272793e-01
3.596907272852361448e+00 1.281867167073509790e-02 1.775691628452574333e+00
2.942280350300705560e-01 1.060564973037390196e-01 1.330076880102044612e-01
5.945141482170293035e-01 1.561793726396108403e-02 2.926859237139063374e-01
5.186431705239625822e-01 8.783992151626464073e-01 1.380545643166312952e-01
5.013759936682526952e-01 3.063001147411993294e-02 2.432376255719206903e-01
9.440546330115465734e-01 1.898373072139169365e-02 4.632334180366163290e-01
5.716973151177916712e+00 1.237266214148582399e-01 2.543756213579690506e+00
3.910263730211300803e-01 3.923685545068584246e-01 1.404176975109947267e-01
2.916280729989950138e-01 6.763557189214823850e-01 8.698275363257026993e-02
2.774838411943354899e+00 1.955123802937267993e-02 1.360813615069835780e+00
7.089664048800305984e-01 6.262230627021911356e-02 3.335928488874316256e-01
3.800620817644751792e+00 2.921121559831030279e-02 1.846375534994214140e+00
4.889835114110299696e-01 1.356291757096900752e-01 2.152918936348429402e-01
3.106222769274696316e-01 1.109974968325834477e-02 1.536061486637577411e-01
9.255109982032379001e-01 7.996072663849224105e-02 4.284928957944619810e-01
1.940060450357132815e-01 4.725837761918404434e-01 6.587266822177702263e-02
2.144780108967291321e-01 2.559329159979485332e-02 1.045628967415391103e-01
4.600201008798593394e-01 3.226505954071195309e-02 2.228207264346122318e-01
3.065424600671804445e-01 5.604921713849684295e-01 9.821980067837117467e-02
9.202746720135245084e+00 5.761891909559959529e-02 4.350691233854241169e+00
1.848151012090949175e-01 8.781534391162949538e-01 4.920127859629342543e-02
7.202234819426474033e+00 5.233381517553355178e-02 3.422029547831793472e+00
8.911271405973232973e+00 2.288023101193474920e-02 4.355970100799249067e+00
1.806299025087174881e+00 6.137446036281275497e-01 5.596607483693930574e-01
2.362222881942748209e+00 1.431983539567710240e-01 1.033164049688648278e+00
1.025198942021865900e+00 1.044512903223313895e-02 5.073006502608228274e-01
1.896075519705367196e-01 9.842305326616498373e-01 4.777860960444874766e-02
4.856084495931036749e+00 6.675104960688384992e-01 1.456088134791136746e+00
1.489941046760323295e-01 9.437215409640882235e-01 3.832701895203854264e-02
1.875732820127465894e-01 2.312515310695565096e-01 7.617179645243020436e-02
6.138157155534971210e-01 1.534063088906714376e-02 3.022708325067317570e-01
4.178270470100402534e+00 3.274994957568083676e-02 2.022885826243371099e+00
8.636575715586987556e+00 2.634636810560531117e-02 4.207437169348628991e+00
6.491196375624708192e-01 1.015320070278810487e-02 3.212976195644693389e-01
8.785779224012323141e+00 4.989279242638511996e-02 4.184131602478998069e+00
3.917349181683841053e+00 1.317750991113597892e-01 1.730621739583969143e+00
6.827104557418304687e+00 2.001035379293350791e-01 2.844381481116965649e+00
2.185392524316002394e+00 7.995913660076316154e-02 1.011794081021740066e+00
2.256024743641947161e+00 5.634699670304667007e-01 7.214800383811864615e-01
3.428180396873396485e-01 7.114678003131126582e-02 1.600238389725255617e-01
5.071413354308590193e+00 5.200615436653086704e-02 2.410353462885566067e+00
4.195878432798902935e+00 9.403140458077368091e-01 1.081236937356754746e+00
1.050621434072615823e-01 3.485875995068930533e-01 3.895265811641648174e-02
4.672817485974098406e-01 4.594855874732864387e-02 2.233770220769966952e-01
2.102723466961226861e-01 7.707429226046768056e-01 5.937404690761724502e-02
1.668693939503020363e-01 2.720075823062100828e-01 6.559292423703949604e-02
3.984060918545770380e-01 1.797360952410520865e-02 1.956858646074473296e-01
1.286245072197544914e+00 7.702182130684370742e-01 3.633012762782535376e-01
5.896059955927905882e-01 1.025007533946824534e-01 2.673948266145622088e-01
2.607236287069300551e-01 1.739020818001689103e-02 1.281335453254124901e-01
1.885023928494472256e-01 1.981696356913124554e-02 9.241971823538364106e-02
4.262744094073614431e-01 3.837019340620577146e-01 1.540340440791215237e-01
5.669177700579623114e+00 1.799711709703477602e-02 2.784476304189396512e+00
6.800028206088710725e+00 5.855246035545418753e-02 3.211946720054531301e+00
1.253864043701840847e-01 2.029495635850622481e-01 5.211623503004739200e-02
3.338997536484310524e-01 8.035286004072476063e-01 9.256846649757440038e-02
5.090273359100668804e-01 6.824602589886098747e-02 2.382537934001452418e-01
3.327834443252384866e-01 6.671632061414833892e-02 1.559849783369034182e-01
2.463851881774473007e+00 3.012422834191064158e-02 1.195900365211433058e+00
2.244762021287553200e+00 1.139312050817881637e-02 1.109737636024092700e+00
2.258908921518680002e-01 4.990259976540867837e-01 7.534588876556438941e-02
1.628237284128589146e-01 2.012511426500139533e-02 7.980576408520888287e-02
8.545677548384587041e+00 1.109422124252068820e-01 3.846139543896355928e+00
6.415781431419115499e+00 3.540214857642597079e-02 3.098207513013262915e+00
5.937062553087325556e-01 1.814399309721952819e-02 2.915630104061524563e-01
5.267505344048582394e+00 1.317930200223350196e-02 2.599493166529851962e+00
1.391222991723887858e+00 4.209076573376306640e-02 6.675152671294865003e-01
1.591917437415717007e+00 2.526712998893693718e-01 6.354090804013424743e-01
3.631385760255453898e-01 9.833855964237733782e-02 1.653126774242472674e-01
9.385647462561452770e-01 4.383175856832976364e-02 4.495766384534210514e-01
5.941603206213331712e-01 7.105740440615276876e-02 2.773709038269359106e-01
7.101121343144353837e+00 7.366721500453853044e-02 3.306947089333605483e+00
8.242685016639251572e+00 8.310699343766440872e-02 3.805111160107027324e+00
8.045267371440637527e-01 1.218938122823198453e-02 3.974190759479309110e-01
1.853172632883445525e-01 7.044391680488397423e-02 8.656093998903231779e-02
3.297848585408634792e-01 5.114162715318439079e-02 1.568698498955000686e-01
4.647381766048326313e+00 3.423154475453948908e-02 2.246780128501745910e+00
2.151694363576128477e-01 4.287877268670414049e-02 1.031612887293146819e-01
8.076211579421215703e+00 4.469017573076379812e-01 2.790863836688279420e+00
1.235585083401857381e-01 6.171609161153490675e-01 3.820229239678599176e-02
6.839199816148638922e-01 6.505275132340653244e-01 2.071822420805279619e-01
4.032544971492932007e+00 1.681234551223232190e-02 1.982934702401496274e+00
2.546725560379255460e-01 5.248174279986229651e-01 8.350919636726357453e-02
1.410471074722822848e+00 1.080750854510977854e-01 6.364510371373522934e-01
2.389756081198031179e+00 2.410094633918014040e-02 1.166758067034608937e+00
1.491956306699442070e-01 6.880395366996620021e-01 4.419198348921411779e-02
7.082581778010037965e+00 6.893443744456773103e-02 3.312916830962012504e+00
4.854951113495459269e-01 2.649296405676908051e-01 1.919059747590622367e-01
3.149901488094297153e-01 9.751304338445941911e-01 7.973907530661177023e-02
2.620307318590053836e-01 3.624837562667128643e-01 9.615921314797369612e-02
5.090933530704405685e-01 2.990186762458719311e-02 2.471562432664758391e-01
7.662309617170884879e-01 1.272582863769719692e-02 3.783012835506576743e-01
9.603768354286481568e+00 6.343956854008092616e-01 2.938018143363891443e+00
3.300238355602429952e+00 2.156221896577638630e-01 1.357427654611812917e+00
4.893853390931740321e+00 1.021801752229808680e-01 2.220078668145918144e+00
7.728544600627072825e+00 3.231548852425730062e-02 3.743305552683019233e+00
1.346515102192544333e+00 9.448147916373203503e-02 6.151383681802388148e-01
6.776235205300527031e-01 3.438398154901223941e-02 3.275493108058850633e-01
1.034406733691286273e-01 7.441514033879470524e-01 2.965358201363686025e-02
1.519006476523039328e-01 1.452081220511406735e-02 7.486324865141993912e-02
4.552054170590808191e+00 5.590858862402737356e-02 2.155515268856117661e+00
4.345405258306628826e-01 1.025975775543416096e-02 2.150637608272709944e-01
3.719325439927760879e+00 2.058734974398879480e-01 1.542170653814027848e+00
1.148219775541569510e+00 2.722498965403043203e-02 5.588940042863882462e-01
3.558355576904472795e+00 6.005123418022704218e-01 1.111630158658307055e+00
5.752562463138660709e-01 5.947816863654520336e-02 2.714809343613800441e-01
2.773237093634689732e+00 5.835797042704552601e-02 1.310160253489513371e+00
7.778873245658685098e-01 4.878971297782996874e-01 2.614049415774380991e-01
1.165318308971805827e-01 1.050123712910545556e-02 5.766040981219106715e-02
1.892259249647834374e-01 1.559883799051385023e-01 8.184594596889957496e-02
4.688385203556278746e+00 3.991264981341978713e-01 1.675468661986055263e+00
5.393466935210687652e+00 6.899783706889776880e-02 2.522674390997422744e+00
9.551122864056506012e-01 1.178856903527935596e-01 4.271958638741616965e-01
1.061950405031398953e-01 1.428327080369764211e-02 5.234979396780993499e-02
1.977784181210278103e-01 2.270807093086472592e-02 9.669348651028572550e-02
1.072904976662038656e+00 4.133963415250162254e-02 5.151561226876890665e-01
6.592473502449681000e+00 1.316817409249283061e-02 3.253395473241468494e+00
9.572361673690799933e+00 1.383937925049442269e-02 4.720847241486812784e+00
4.321606845129414509e+00 3.070600671202904780e-02 2.096430416135547148e+00
2.307902228100982001e+00 2.608146346585905051e-01 9.152424807973168486e-01
7.807793566709377409e+00 2.764516752527742746e-02 3.798876214010574959e+00
1.573622948861254756e+00 1.882301213937945944e-02 7.722749339735055507e-01
1.939366329454762505e-01 2.524732983507889106e-01 7.742146407466128644e-02
6.428547977043515438e+00 2.768644828535222757e-01 2.517318033107581510e+00
4.961285992845950510e+00 4.237651798251898527e-01 1.742311886520183872e+00
4.117477242699946416e+00 1.565869078296048822e-01 1.780012040092432413e+00
8.021829855836950518e-01 2.392226354206106534e-02 3.917206482104891863e-01
1.294468884987819701e-01 8.922963549659014282e-01 3.420365107164056312e-02
7.665439467317665123e-01 7.399744428060807400e-02 3.568648839966364616e-01
2.734001818140931128e+00 2.013116771373705052e-02 1.340024648138252950e+00
2.511090603084035866e+00 2.891434084931755397e-02 1.220262223680960378e+00
5.649116323556625296e+00 1.523690582543997356e-02 2.782166552034277096e+00
4.073400396858096961e+00 8.066912582401487841e-02 1.884665851701885053e+00
1.665751483713786840e-01 3.609011843058771568e-02 8.038641881060382133e-02
1.442037968969148709e-01 4.296989635059765555e-02 6.913133226639185669e-02
1.191642367258497703e+00 6.418539203557346307e-01 3.628953686087703079e-01
8.649663459550467337e+00 7.599369986171012892e-01 2.457378720473255562e+00
1.405839660776158073e+00 1.131729585767183612e-02 6.950537020055125303e-01
2.653348233515155030e+00 9.621639653210213583e-02 1.210230134264121515e+00
1.303751321701432098e-01 2.544377832140898299e-01 5.196556334428130419e-02
2.377078433138999358e+00 3.906477854957120938e-02 1.143854782787055546e+00
3.070517306120633894e+00 1.078219412855283554e-01 1.385835210375763626e+00
2.852430600406368755e-01 1.289623299829013581e-01 1.263297509868894219e-01
2.544995088123103710e-01 3.639990284209951993e-02 1.227805541636974446e-01
7.065115386237200923e+00 5.808910654336985058e-01 2.234535807278716923e+00
9.733513679598384538e-01 1.821650740052917217e-02 4.779687624809629831e-01
1.945470348461252996e+00 6.065920428928901764e-02 9.171043538743649526e-01
3.049542100930411781e+00 2.934544758278122625e-02 1.481301592235955367e+00
1.937287044024537774e+00 5.478221523171432628e-01 6.258106078674322559e-01
4.569655318536191224e+00 4.504722854297228407e-01 1.575230138638038957e+00
5.691871074358193283e+00 7.122805659398802058e-01 1.662073140225677426e+00
5.282572778385568046e-01 1.952055037197861914e-02 2.590714221728138700e-01
2.460898307016425424e+00 1.624197598715490798e-01 1.058523948047976226e+00
1.147734773408410458e+00 2.397238911954987506e-01 4.628993526540894354e-01
2.747054877927392336e-01 3.230632041202598920e-02 1.330542506429175098e-01
3.360279143948710523e+00 6.326530983047658208e-02 1.580169649513188057e+00
2.948744588368655273e-01 3.035304730865136524e-01 1.131060857130016251e-01
6.202501666558885018e-01 2.055722440310427807e-02 3.038781911610373698e-01
1.052630765738469254e-01 2.259001561743655476e-02 5.146885602549591820e-02
1.353601153755473185e-01 4.771269734876228963e-01 4.581871355850693217e-02
1.497154816075552786e+00 1.332691753031862991e-01 6.605468712563434819e-01
3.155492784939314177e+00 9.708872989971811807e-01 8.005259322907198882e-01
1.275956384664924226e+00 3.151263072649579944e-01 4.851079237090562546e-01
1.715814745986307954e-01 3.149409798162204899e-01 6.524303266547044899e-02
8.675079193530375932e+00 1.111024184653999075e-01 3.903816178130531611e+00
4.149720912807898898e+00 1.020788464345111085e-01 1.882678778489052629e+00
3.051220295759205503e-01 1.026245156897848641e-02 1.510112689539503950e-01
2.464195535607369258e+00 1.658731853583209903e-01 1.056802560756219922e+00
3.672069600208022200e-01 8.152469982152903416e-01 1.011451775934161523e-01
3.136140771975280406e-01 2.376196278084768965e-02 1.531674786713393688e-01
1.492504945748161782e-01 1.659593030998168101e-02 7.340698999714986850e-02
3.039049795764155459e-01 6.149310815581433554e-01 9.409224425948789494e-02
9.751041016034751152e+00 3.644217050212332498e-02 4.704093143619716422e+00
2.441053235175568159e-01 1.204511219353923517e-02 1.206000209755843100e-01
3.032339291394117620e+00 4.573068840677856073e-02 1.449866263375149567e+00
3.735972467315293866e-01 2.688857193632669326e-02 1.819073933343444971e-01
2.154824358616383329e+00 4.405858106280054476e-01 7.478986474526687633e-01
6.370771436068024540e-01 2.169237756283085364e-02 3.117754216423251346e-01
3.613995745615826150e-01 2.483170485160743901e-01 1.447547219639405969e-01
5.533086928222067158e+00 1.660389930538224215e-02 2.721358304843545461e+00
2.400360391569542173e+00 1.548380565854140523e-01 1.039262768438220075e+00
1.862260083102225572e+00 5.103203043962296903e-02 8.859197575183718198e-01
1.296873788604598010e+00 2.113519494310028835e-01 5.353001616143708841e-01
6.997983218219339996e+00 1.845999334474209552e-01 2.953732741590580968e+00
6.897393672407583942e+00 5.422464168841868437e-01 2.236151628201687114e+00
9.811989771974443109e-01 1.741818329662371545e-01 4.178224145738669293e-01
1.559254608717342561e-01 7.262371159105550367e-02 7.268413852256037921e-02
3.134509144747997134e+00 1.791823354244074032e-02 1.539666469004903560e+00
6.607521761749411970e-01 1.729868289795826256e-02 3.247581989847218575e-01
1.113185016154601747e+00 1.925039933665148584e-01 4.667426785767020414e-01
1.090588644924790351e+00 4.559270880663646858e-02 5.215169519350937311e-01
1.696115338413134999e-01 6.101285370926452095e-02 7.992906648037174933e-02
4.181442997867810263e+00 1.281821752376752915e-02 2.064261347949976955e+00
1.389808039018013142e-01 1.868271562219807336e-01 5.855140875956108687e-02
5.301637279836418415e+00 4.991235130234028539e-02 2.524799938423488932e+00
1.572854085178685690e-01 3.033721154391051944e-01 6.033787536757268671e-02
8.894276074701773283e+00 2.218116357990888576e-01 3.639790215651670824e+00
6.825268843294957088e-01 8.360594307324750729e-02 3.149331584476920964e-01
1.128095185217205254e-01 2.348907309118075382e-01 4.567591111418629196e-02
3.330355999926440935e-01 1.309144193543351764e-01 1.472417338983005031e-01
2.891861660065346395e+00 8.998848804941041168e-02 1.326556056220593360e+00
4.209863770452066056e+00 7.025364792674617664e-01 1.236350533958430642e+00
3.254210577750535904e+00 2.798702084614658470e-02 1.582807229935627946e+00
2.880004292047428360e-01 3.190792843214385055e-02 1.395475416311239003e-01
4.762541151795712802e-01 8.106185361806096390e-01 1.315169666229642764e-01
5.004021691569915387e-01 4.073970702705280444e-02 2.404069748556178499e-01
4.575518788652446212e-01 2.196666678694397107e-02 2.238585140471286150e-01
5.356942198303906721e-01 5.205314945243707386e-02 2.545946562249273848e-01
3.274720514764590806e+00 8.322463897162365454e-01 8.936354120123966016e-01
1.552023968215660688e+00 1.203602880561975702e-01 6.926450289077948907e-01
6.247556138198785414e-01 4.863790281826629175e-02 2.978891055438759872e-01
5.832749923973391759e+00 2.402030739010123372e-02 2.847965944561781537e+00
8.146948520732266275e+00 2.443122677778658547e-02 3.976327696666090095e+00
7.237325028708136987e-01 2.061792344131464436e-02 3.545560421036580978e-01
8.455615631885547989e-01 3.095264306875530197e-02 4.100874898926679113e-01
2.348365278346285834e+00 1.433051833080468615e-02 1.157593721132824660e+00
4.716863524964657328e-01 7.138363481290717349e-02 2.201295302493747053e-01
5.552270028711778771e-01 8.170677844093804376e-02 2.566439509935518615e-01
8.190638310821858781e+00 1.977902914166863313e-01 3.419061904874175717e+00
7.356637704195816418e+00 2.087187588359386975e-02 3.603115081326162983e+00
1.915915023612163870e-01 1.344276182287305367e-02 9.452507313614928741e-02
3.845018539371995447e-01 3.110494476968669875e-02 1.864513674808745969e-01
1.438515224626759070e-01 6.042267321001912328e-02 6.782744564826265199e-02
7.495358185260735162e+00 1.329610419628682316e-02 3.698503405974212566e+00
4.181534263167046461e+00 2.783698322111480272e-02 2.034142734416226173e+00
4.753965542003781408e+00 1.527093419020019993e-01 2.062083375744837799e+00
1.847315789235991490e+00 1.971776860921760910e-01 7.715294941998102063e-01
1.369073848910492330e+00 1.851900974404217803e-02 6.720904744107554230e-01
5.160107846989785418e-01 1.958246116322910277e-02 2.530500495812119666e-01
3.583912084717527091e-01 2.597084426468284496e-02 1.746595483074438737e-01
1.365610110256968990e-01 1.832232475800780747e-01 5.770720415821390531e-02
6.170489634951256130e-01 7.056029907100298815e-02 2.881897283275777766e-01
1.381282404238876271e+00 1.461740228309620637e-01 6.025622535167978189e-01
1.474644957037677673e-01 2.891619381579576750e-02 7.166011021601627340e-02
3.012433972919395853e+00 1.928591549476914302e-02 1.477717844976371264e+00
5.230877571406111315e+00 7.809032507451219018e-02 2.425992261383376647e+00
3.336215863828281281e-01 4.656998899765693034e-01 1.138096511654106135e-01
1.880367035146769394e+00 2.091846026762237895e-02 9.209193037090601663e-01
4.039624391853370855e-01 2.282091108933369250e-01 1.644518167152804189e-01
9.929898502348862621e+00 3.740115089447107466e-02 4.785949241422700950e+00
6.178817440388175264e+00 3.027791000225543705e-02 2.998616868517858691e+00
8.644359547659739018e-01 2.290082828413118540e-02 4.225414286818132692e-01
4.911388072454166975e-01 8.571925705596614709e-01 1.322261393435934795e-01
1.514383363524348658e+00 1.592935684771054280e-02 7.453192258481793342e-01
1.605081027120667525e-01 2.584340271869188174e-02 7.823226346569463197e-02
1.531477190036626190e+00 9.003380958705710091e-01 4.029486103984658008e-01
1.475123726913539546e+00 5.747899883728320169e-01 4.683556975231111252e-01
2.059351763717841843e-01 7.029142990310358607e-01 6.046551388081068679e-02
7.931201736828966453e+00 9.282723431968811778e-02 3.628753698550684081e+00
2.641017937644495550e+00 2.473020885224206100e-01 1.058692181287493428e+00
4.044347036815982843e-01 4.129886534249719438e-02 1.941972267244208850e-01
5.761548986233182568e+00 1.191418797466021889e-01 2.574092298081866570e+00
4.799510842568558644e+00 5.582058097235443883e-01 1.540076032517194937e+00
1.636878588824806080e+00 3.623245744306193700e-02 7.898220988289917921e-01
1.168137869576396204e+00 3.260501585324298013e-01 4.404576486266557622e-01
5.275495082461144625e-01 2.815544743146037796e-02 2.565514337175567317e-01
4.284169553717882550e-01 6.898146955119356383e-01 1.267644779364395791e-01
3.281874158223114790e-01 4.567523210260464317e-02 1.569260730993907726e-01
7.912675927176671120e-01 2.282804277517531399e-01 3.221038025355515977e-01
7.102031424710348873e-01 1.109807752006032947e-02 3.512038833131617133e-01
7.123357923439515016e-01 1.277753022559030387e-02 3.516743663266713726e-01
3.496207048543550577e+00 3.671502466347589255e-01 1.278647704284684883e+00
2.863880077485709386e+00 5.548942783849543092e-01 9.209243732186022102e-01
4.989533292307724577e-01 3.732331087051620755e-01 1.816710236841148907e-01
1.979997800644524242e+00 2.836862222005229195e-01 7.712156469399386038e-01
9.650258503618697192e-01 5.152597407170227406e-01 3.184357851100889092e-01
6.762561255344534672e-01 1.081055578459789827e-02 3.345118042468100961e-01
2.689043005812140841e+00 1.891141839450066475e-01 1.130691670370530977e+00
2.364157266544965719e+00 1.003311213857713095e-02 1.170336515769891950e+00
4.256911158577710297e-01 5.157943718546173506e-02 2.024055914392580979e-01
5.201521852854406269e+00 3.831995048173069546e-02 2.504777959067987503e+00
1.610453158089972137e+00 3.734155430871392151e-02 7.762405503764768788e-01
4.112098532449918742e-01 3.919100308105945563e-01 1.477142358854613424e-01
1.209450439360633789e+00 6.900679241264032204e-02 5.656888468552320193e-01
1.055759064444397710e+00 2.394981936147605808e-02 5.155326191193420060e-01
5.800063090403057009e-01 2.927147336835437264e-01 2.243365430622109302e-01
1.524792005196459466e-01 3.028535284031352859e-01 5.851739938354186266e-02
1.041928971440683471e-01 1.944240410246628192e-02 5.110288561902693455e-02
4.162726034177978818e+00 7.390990052735487703e-01 1.196805363454051863e+00
4.791869417353745164e-01 9.299433701839580069e-01 1.241453374068948734e-01
1.158053731555278437e-01 8.701693119399751819e-02 5.326751121913312487e-02
5.787691097854549938e+00 1.491003139456168088e-02 2.851332097832274481e+00
2.104915110086104324e+00 7.401076414923765112e-01 6.048232476816365333e-01
6.089353475594354581e-01 1.563227723481220022e-01 2.633068214694424536e-01
1.062595899658651311e+00 8.855984213934288418e-02 4.880741776999302228e-01
9.129797872890963006e+00 7.980629358910965587e-01 2.538787072090542551e+00
7.342150857966039945e-01 2.547703851522949148e-02 3.579870919682713870e-01
9.514137928261671817e+00 1.594318389651340762e-01 4.102931111825270705e+00
2.389022321208997546e-01 1.947483726039562213e-01 9.998014544276460913e-02
3.813504324721770367e-01 1.498041647960955854e-02 1.878609805078136630e-01
3.723267419899510600e+00 6.279696979552723546e-02 1.751636260600100359e+00
7.730699259436349946e-01 4.658434354997142979e-01 2.636945758399126261e-01
3.605675862106508145e+00 1.502093545859312269e-02 1.776158370801209196e+00
2.323490901660535402e-01 8.796449859580637298e-01 6.180664218557849893e-02
1.541222762702972593e-01 3.830209693936777876e-02 7.421841712763935228e-02
7.816668846078023591e+00 2.615572754289798296e-01 3.098023767260207784e+00
5.417213053852248938e-01 5.702159578239524712e-02 2.562489297979995695e-01
5.361342814058410733e-01 2.006675385558012378e-02 2.627937237339598719e-01
1.447741587169188549e+00 9.261625122345478189e-01 3.758098234114364833e-01
9.816609091492106032e+00 3.615228282919161207e-02 4.737049396198822038e+00
3.597578818196375483e+00 6.856684891948290617e-02 1.683366287207107348e+00
7.937830264140701697e-01 3.700938428522199120e-01 2.896819916953997653e-01
2.463965428198912899e-01 5.597085458446177109e-01 7.898800820074430851e-02
5.185788623758974758e+00 8.379384309808132758e-02 2.392423917511437015e+00
1.750939425284359086e-01 1.467648386759451591e-02 8.628067433919360540e-02
2.116086353535605369e+00 2.525331859112912025e-01 8.447226697614518276e-01
5.029972103181814091e+00 1.310869198141880604e-02 2.482444451909838978e+00
5.880408388360017113e+00 3.027194501603791554e-01 2.256974204091323877e+00
2.708138602609144185e-01 5.747504671029112222e-01 8.598627716527500187e-02
6.872213904608729385e-01 8.904717986635254934e-02 3.155149763783459127e-01
2.172280970939576950e+00 6.618757747492798327e-02 1.018714256680907093e+00
5.629730051879447972e-01 5.775911711049978026e-01 1.784280412756175660e-01
1.505029282393572476e+00 1.225733782960483076e-01 6.703478416163998199e-01
1.317144100502429138e+00 2.272965911539084616e-01 5.366038290972705571e-01
2.390466948221089960e-01 1.045951262447558303e-02 1.182861321188569265e-01
3.692572060348197627e-01 8.365681014907738744e-01 1.005291352210373745e-01
6.626947920186895269e-01 1.812396131307686398e-02 3.254489714415573220e-01
3.738367516765472853e-01 7.999587833538408799e-02 1.730732307297080663e-01
1.576296914027691121e-01 3.513415010500214875e-01 5.832341095137218157e-02
7.168508824051199602e-01 3.436021640894096341e-01 2.667645608069358909e-01
6.672815252879831682e+00 8.739881754551945270e-02 3.068246509565705882e+00
3.145885347800565501e+00 4.158800721438452586e-01 1.110929311632038452e+00
6.122614005526508807e-01 2.390232310986042941e-01 2.470742215260069430e-01
2.139889276543208430e-01 3.688957122756396645e-01 7.816115053008225455e-02
1.135969848749774691e+00 4.913577891830618605e-02 5.413836185822379354e-01
1.138419581892262888e+00 7.364563144381707227e-01 3.277996608456567595e-01
3.629882129099263888e-01 6.279927946530990956e-01 1.114833597857764896e-01
3.171486660866930318e+00 6.216579009390244687e-02 1.492933914105136983e+00
6.271342735957455838e-01 1.515248559249736740e-02 3.088867349961303965e-01
2.520390773142930363e-01 2.357105228075740688e-01 1.019814400955541545e-01
2.207155176875988278e+00 1.408560285477051255e-01 9.673241503074090364e-01
1.168866032292038837e-01 3.402732624764071567e-01 4.360551183914311568e-02
1.846921177192089258e+00 3.913127592136531052e-01 6.637332853311639358e-01
6.345214069182774086e-01 7.702832353572285073e-02 2.945704365671826808e-01
2.009031659689701765e-01 1.122203613075537995e-02 9.933682158355998382e-02
2.576134530031001013e+00 4.837133363556607724e-01 8.681375528909703876e-01
4.001497287679375070e+00 1.442097831222688142e-01 1.748585507091307667e+00
4.965266924557138140e+00 1.338898108304041878e-01 2.189483879796408683e+00
4.411941161561650504e-01 5.186847887317265204e-01 1.452553286336040750e-01
3.800542028084262558e+00 1.125632979680892404e-01 1.708011595845969621e+00
4.122997546519157619e-01 5.218083628217795589e-01 1.354637563850083215e-01
3.054528252422582302e+00 5.285204990723443158e-02 1.450597096093279692e+00
2.132836831223469676e-01 3.571707414337626507e-01 7.857658458545409286e-02
6.861818341095936580e-01 3.333966610470269487e-02 3.320214333280352981e-01
1.977518332297850234e+00 4.461999627070619701e-01 6.836946422665655110e-01
1.809527647409059636e-01 3.116003864315527658e-02 8.774232803814401016e-02
1.230195757017051583e-01 7.747624456092885303e-01 3.465804001151029379e-02
3.226986924640236065e-01 1.372935430291353787e-01 1.418713288411577178e-01
2.622195125844625885e+00 2.033936888869851065e-02 1.284962241876733025e+00
3.881721594537375086e+00 1.840273020965394607e-02 1.905789075083421436e+00
2.998684705774092407e+00 7.646749619378079288e-02 1.392835694703727034e+00
8.881928625672762534e-01 9.585648511770224200e-02 4.052505390210281444e-01
1.468104546475486938e+00 5.538919404710382355e-02 6.955275621336155512e-01
2.125325952946056640e-01 6.095281438827460790e-02 1.001611911539854599e-01
1.112091163236097469e-01 2.940641179673674291e-02 5.401613738227265676e-02
5.139988592764590081e+00 9.899290573003173555e-02 2.338499441609330542e+00
1.248696672350609438e+00 5.122307895107334336e-02 5.939256364103889796e-01
1.419355648329616859e-01 4.325078128803860195e-02 6.802562115396762477e-02
1.350958544219509117e+00 4.106300606550105509e-02 6.488361109502868151e-01
2.657265948198980876e+00 3.272593486422945008e-01 1.001034933721582698e+00
2.573359237837763436e-01 6.938574810329323217e-01 7.596150404190149530e-02
4.493458288073162721e-01 1.781410239826215422e-02 2.207406184236043456e-01
9.910471280800789984e-01 4.368234287752315731e-02 4.747838913072322531e-01
5.850826740410027815e-01 5.869250263737257889e-02 2.763232348313925391e-01
5.651869106195992032e+00 3.415847019494740872e-02 2.732593344775568145e+00
2.789841431312475528e+00 3.902115988982503558e-01 1.003387338130194983e+00
6.481392536427718065e-01 1.160113388052529254e-01 2.903820199249220746e-01
2.050710540485211064e-01 4.681243450623229774e-01 6.984117344631857183e-02
1.960427913820273482e-01 4.237687716253660808e-01 6.884642903012475057e-02
4.625635244413761060e-01 5.484596878002399034e-01 1.493624690670828092e-01
6.631865042715827663e-01 2.926814391314699892e-01 2.565158298850357399e-01
4.600779457335679723e-01 9.344341585116783255e-01 1.189179646433519144e-01
2.556134314192202162e-01 1.526023073581749857e-02 1.258856713189496768e-01
1.784871331996023824e-01 1.941906028830678865e-01 7.473142594184330190e-02
1.946457311126512435e+00 1.853071204827719254e-01 8.210772033216701127e-01
6.198284054625835537e+00 6.297278301131831180e-02 2.915542219748366914e+00
7.368608617750114220e-01 6.275246107126208894e-02 3.466756788463469241e-01
1.046590226453165462e+00 2.758468924304489922e-02 5.092476743810384621e-01
2.574051209666977869e+00 9.577195134396646048e-02 1.174537825370460808e+00
4.062882517029228757e-01 3.586137978366945034e-01 1.495230846138362046e-01
5.264522187990921864e+00 1.699869970939848207e-01 2.249820810430777751e+00
4.384527291813974381e-01 1.353447893712141949e-02 2.162988720626437267e-01
2.293455144230419851e+00 2.020809543448478240e-01 9.539520345700790438e-01
1.979723784102311201e+00 5.385568984467210552e-01 6.433703511716005741e-01
9.919187135704138569e+00 1.676562708679123492e-01 4.247477354072385580e+00
7.121124761669074488e+00 8.660600466767927053e-01 1.908064205744842035e+00
2.238085359656340145e+00 1.009656918153657018e-01 1.016419211013739776e+00
6.620092022051179415e-01 1.492441245434181218e-01 2.880193981710051365e-01
1.648759183888705848e-01 1.012526197073747442e-01 7.485835467645993169e-02
1.471524395364228188e-01 6.878024087842095347e-02 6.884129866373629725e-02
7.684999393520747235e-01 3.040415211335570009e-02 3.729118995570251394e-01
8.891315031424504411e+00 4.446086637639827810e-01 3.077413023488951183e+00
2.838954076549448313e+00 1.242732783454545027e-02 1.402053262737194883e+00
1.012762894455456475e-01 3.240698146328707674e-02 4.904862678379082880e-02
1.279418261916652477e-01 1.251918979674203174e-02 6.317995129423122080e-02
3.450340080185800851e+00 2.763020217027965519e-01 1.351694199928666018e+00
1.730764444057163898e+00 1.623226989932636810e-01 7.445283678776346559e-01
3.807559775719718154e+00 1.302283339616653324e-01 1.684420599496695203e+00
1.376933820697119337e+00 1.363556746929683317e-01 6.058551258914391946e-01
1.428038687914040095e+00 2.997193978465236830e-01 5.493642282634719765e-01
1.157709514615573310e-01 4.293307964369502128e-01 4.049830583310465998e-02
1.061026744416175560e-01 1.055686997053193431e-02 5.249713182629273805e-02
1.292874126748438379e-01 7.130750518721938880e-01 3.773547823650445776e-02
1.126606573276818513e-01 4.385677569321691505e-01 3.915723009388774600e-02
4.261873457348842598e-01 6.566734321697557941e-02 1.999626564741743273e-01
2.048983669416226672e-01 1.766754465256889506e-01 8.706664507473826919e-02
3.947038992374277910e+00 5.268780274642981959e-02 1.874743386442103477e+00
1.013255568375979881e-01 8.058104212718828485e-01 2.805542476774266353e-02
7.285828959163640484e+00 1.388491333261062111e-01 3.198768276656959397e+00
1.033201792834411853e-01 2.627449051197085564e-02 5.033749754020414025e-02
2.343283344126044776e-01 4.468102792421752012e-02 1.121530534914638721e-01
1.721766285279086039e+00 6.015475263789152871e-01 5.375320609972731312e-01
2.223237625109803772e-01 1.033420349611132716e-01 1.007501551949917667e-01
3.702156767705830909e+00 1.236724744229347889e-01 1.647346914681292906e+00
3.315775861041650452e-01 9.582223070418940392e-01 8.466290699268172459e-02
4.373405028290054397e-01 1.336961625709406631e-01 1.928825893867480434e-01
1.576505330105456792e+00 3.923284943290477611e-01 5.661398644524482382e-01
3.624499795440198069e-01 4.945384864295946370e-01 1.212581619125451121e-01
4.243665689415464515e-01 2.413707537425191507e-02 2.071825047376932294e-01
5.486667213148751721e+00 9.760304616438696401e-01 1.388305322121493601e+00
7.123721299055336686e-01 2.886329448306419396e-02 3.461937721587460826e-01
3.840890280208441032e-01 6.793805174836535510e-02 1.798273913884967934e-01
4.668130536071957160e+00 7.340786857292368461e-01 1.345997322523128759e+00
1.474538861791768518e+00 1.139732088979776015e-01 6.618376680936914891e-01
3.186606640724413131e-01 6.598826205091852526e-02 1.494672481005330511e-01
3.868588345662490546e+00 1.104574152945264204e-01 1.741889554871595802e+00
2.307158534554537788e+00 2.653542953410746308e-01 9.116650344687241558e-01
9.451816173516812469e+00 1.908434888769438079e-02 4.637406208736910784e+00
2.087566130273291187e-01 5.433130735114116705e-01 6.763261991695476705e-02
2.737748654670372428e+00 7.435550066072483810e-01 7.851053291394882727e-01
4.714715771557319357e+00 5.165147794896104427e-01 1.554457574473516512e+00
1.383958425373482459e+00 5.399755983669222159e-01 4.493442710524473971e-01
1.279192049590797131e-01 4.239682969196658102e-01 4.491645117233124956e-02
1.280325157476768450e+00 4.972469391120194759e-02 6.098385438120756952e-01
5.193978282471794827e+00 2.986172584490501825e-01 1.999811048512865064e+00
8.365098387050347029e+00 5.092093322422200363e-02 3.979889505762461255e+00
1.711308444264962647e+00 1.099197276848306801e-02 8.463511533028026390e-01
1.292420554491337414e+00 4.226035627864700717e-02 6.200084972558480567e-01
5.084769425288238054e+00 1.922761762103932515e-01 2.132379027084980283e+00
1.784924255945934957e-01 1.471257327865637884e-02 8.795220947044311843e-02
1.451371951008015027e-01 7.823431851902654111e-02 6.730317919213976707e-02
5.599995381564454533e+00 3.480180106950032937e-02 2.705829935634380679e+00
7.995396997008819007e+00 2.932283508084533932e-02 3.883814059357209025e+00
4.259549684882284026e+00 4.851877902897208661e-02 2.031222411117439286e+00
4.032603315903112717e-01 1.037200891515453055e-01 1.826823374666971256e-01
3.101077672030586041e-01 2.822439042154146691e-02 1.507977101554280330e-01
2.295378234184331512e-01 1.548265927236627537e-01 9.938194394929343589e-02
8.739502039205538253e+00 3.464474656417467630e-02 4.223431312161726403e+00
2.004677761808283165e+00 3.495507457107208671e-01 7.427204083209739682e-01
7.172204912396203946e-01 2.462878141006080435e-01 2.877427200703263632e-01
1.109783618539616629e-01 1.810021129948635385e-02 5.450267106433005770e-02
1.077035872740827127e+00 1.993806038411463297e-02 5.279908234502049824e-01
1.689103085266974169e+00 1.835293289407951417e-02 8.293308884900419953e-01
1.014671311826431221e+00 7.986470550886871633e-01 2.820651525144270422e-01
8.160093983470728674e-01 1.017475567893017796e-01 3.703250319542694124e-01
2.840799119578292231e-01 7.591331575610886506e-02 1.320180296115162355e-01
7.033108746391807387e-01 2.333008343845901361e-02 3.436383264899279255e-01
2.842625405071407485e+00 3.712991087122808342e-01 1.036471688419887016e+00
3.788857251306195773e-01 2.259707112297755505e-01 1.545247866282865590e-01
9.981615911472518921e-01 5.678003249975878131e-01 3.183318612811193438e-01
2.703968560244495833e+00 4.815741708037816204e-01 9.125322962324399212e-01
2.502587128614034206e+00 1.737997508027384064e-01 1.066019620000159485e+00
3.739380335270112710e+00 1.919499762523833516e-02 1.834477378707217721e+00
7.998364592400544204e-01 1.107425901851418620e-01 3.600458226359787850e-01
1.397863419152749698e+00 3.349310195641655441e-02 6.762809623530989800e-01
3.236292602365957283e+00 6.345018141984261340e-02 1.521600474995965735e+00
1.352056471334188159e-01 7.744376852744366824e-02 6.274371391010323540e-02
2.980993800735819654e+00 1.339720291639971174e-02 1.470792396188277618e+00
5.907606735221143657e-01 5.643004856362499044e-01 1.888258294830847395e-01
1.117497465695824976e+00 5.868880004290446400e-02 5.277742929038907738e-01
4.684184873100791791e+00 5.532509543791507695e-02 2.219308956713975878e+00
3.226113899239793081e+00 2.537574880303837543e-02 1.573137409874264758e+00
5.432868945991681242e-01 1.346827666259418216e-02 2.680334979937611939e-01
8.004939070835158432e+00 4.104334724728008754e-01 2.837758471798295545e+00
3.677324567756875329e+00 3.557566327799839556e-02 1.775497772956887266e+00
3.197106454265074227e+00 8.067314365951099298e-01 8.847763396119919799e-01
5.218329190997114120e-01 4.042463674093372261e-01 1.858053298946499288e-01
5.265174531511060074e+00 5.115521446923018134e-01 1.741645020318787207e+00
1.715101210481556393e+00 2.848595218588712702e-02 8.337990454980814814e-01
7.515375427515026630e+00 1.742851546250496486e-01 3.199978896912263782e+00
1.518675073388522090e-01 1.697852934382270140e-01 6.491255625743250213e-02
2.367150215346681907e+00 3.152162991087017335e-02 1.147406969813719702e+00
4.414375134232556341e+00 2.891274193916973378e-01 1.712156249192021251e+00
2.662397772542043350e-01 5.549795750299825192e-01 8.560876989302923512e-02
3.166231236130462867e-01 3.546601676918877399e-01 1.168644104124352684e-01
2.714943889792442278e+00 8.048836305351667053e-02 1.256350360923771836e+00
3.594223061424818066e+00 1.133016339350417651e-01 1.614217994417554092e+00
5.392833658006577213e-01 2.784210275020486125e-01 2.109177470486316430e-01
5.374998893994697990e-01 6.504629124737331125e-01 1.628330710545499993e-01
1.386470617339307654e-01 4.130689527335101863e-02 6.657358285212106042e-02
3.383693094438384730e+00 1.002765954024463328e-02 1.675049718924831677e+00
5.279934350662054410e-01 3.311158173469419541e-02 2.555355318830389577e-01
3.192958039519619984e+00 2.266853289813657718e-02 1.561091368711183369e+00
6.209150035400773149e+00 5.476343115774166131e-02 2.943385147788738720e+00
3.026042727133525512e-01 7.582897739120955105e-01 8.605074010072728818e-02
3.193109527046984475e+00 2.281161377356646647e-01 1.300003081522188353e+00
3.203883556556623713e+00 1.715312544862921534e-02 1.574926860271656404e+00
1.435759539827149434e+00 1.187815925697406627e-02 7.094527768449083727e-01
1.624910519176690493e-01 3.288040179520478751e-02 7.865918049914123744e-02
1.311611535404941242e-01 4.197320284636917864e-01 4.619222181048669718e-02
1.429205493862498288e+00 3.017609518928584048e-02 6.936704804822201309e-01
5.231163151736427430e+00 1.824879691927870085e-01 2.211930813684060748e+00
2.458329013130743590e+00 2.222240845574404156e-01 1.005678518444876213e+00
9.810572926987703113e+00 2.211034480679154868e-01 4.017093286613198089e+00
2.033393239117552209e+00 1.952860947235929637e-02 9.972222555725545057e-01
1.094058662399227222e+00 5.052511998086885170e-02 5.207198959788562620e-01
6.049592094266261988e+00 6.130283346285048118e-01 1.875228092524344303e+00
2.361476421803252013e+00 3.075015100685703218e-02 1.145513497861977203e+00
2.151400036465552557e+00 9.611062436199961923e-01 5.485169514565141347e-01
3.377096423686923865e-01 3.308979757286318879e-01 1.268728514609863967e-01
3.527995898785142859e-01 1.431677964253789126e-01 1.543078763160135591e-01
3.021273075851316214e-01 1.263950997776726870e-01 1.341124919864998544e-01
2.219176745805675754e-01 2.066164976627562488e-01 9.195866085472359508e-02
1.439872896550000947e+00 1.338738580035606085e-01 6.349352206978385871e-01
2.086203271097318845e-01 1.557436838668862199e-02 1.027105122006672644e-01
1.537758258302272862e+00 2.233058959808902899e-01 6.285256465102064816e-01
1.363756858736226429e-01 2.071379709540010355e-02 6.680407684392082601e-02
2.430164377792185804e-01 1.693796649148907388e-02 1.194843961906758290e-01
5.083704972698450675e+00 4.093743110980939681e-01 1.803532579197343777e+00
1.621708484573108899e+00 4.123677752793689644e-01 5.741098433983783389e-01
7.859015879561767060e-01 1.793598429017798437e-02 3.860270194221484541e-01
2.020374498919721429e-01 5.874884436143430061e-02 9.541330362151538569e-02
9.001483029325592078e-01 3.385607830777866839e-02 4.353354020058222140e-01
6.651875479605624086e+00 3.734278619735794669e-01 2.421632640409324022e+00
6.502398714744275221e-01 3.723214679244618575e-02 3.134495365792701604e-01
3.112264778625044137e+00 1.513945922151413714e-01 1.351519626576250355e+00
1.215152560195327247e+00 4.856042532266118261e-01 4.089758620292431868e-01
4.811395103622858049e-01 1.224345991711010134e-01 2.143285277902156338e-01
2.144031832521571257e+00 5.192208987173898560e-01 7.056353142362908892e-01
1.107449713364068306e-01 2.582881691417127090e-02 5.397829029093877823e-02
3.842111259510656573e+00 9.336630966645464991e-01 9.934800085232192712e-01
6.155780049326774472e-01 7.776534058959558293e-02 2.855807204729385873e-01
1.284828056811206654e-01 1.596358331622463322e-02 6.323199364180834281e-02
1.627646008622011531e-01 4.722325778734891982e-02 7.771246467830665583e-02
1.745708631377417275e-01 1.724512519474423466e-02 8.580570150401133078e-02
7.629915511358800195e+00 7.612375237469168332e-02 3.545092046580051726e+00
1.061299908795451996e+00 1.673119293948869060e-02 5.219176495053279297e-01
4.785479351172865492e+00 3.627203652387193666e-01 1.755855226517639922e+00
3.015111976761312151e-01 1.157565008352981761e-01 1.351151427082918077e-01
6.317050185430013176e-01 9.077138537323592438e-01 1.655659776509715853e-01
7.938783356340165298e+00 5.051108879887857700e-02 3.778533820817217670e+00
1.661997215533833838e+00 8.215759480719470043e-02 7.679090474017085111e-01
9.613561881135049836e-01 1.074412976936472627e-02 4.755685241193885471e-01
1.256079094563009591e-01 1.985128650936862985e-02 6.158148306417176449e-02
3.548139974970293542e-01 5.336361061650751053e-02 1.684195248065222250e-01
1.085853723794664161e+00 2.127929837885524089e-01 4.476665590538987383e-01
1.014079370427608318e+00 4.378124648855407086e-01 3.526466055878628159e-01
1.722124730870580711e+00 1.065545077295176023e-02 8.519840908954162684e-01
2.237025650704488888e-01 1.864219835600123068e-02 1.098042891956985123e-01
1.838601736840793421e+00 7.705446232140879259e-02 8.535323891040746958e-01
4.724453513608918853e-01 2.092440544857429863e-01 1.953473947663151578e-01
1.133117166094847333e-01 1.560471956451863797e-02 5.578534366110059900e-02
9.196485426943029617e-01 7.247524387887774866e-01 2.666030561870474380e-01
9.345765511288959271e-01 1.268877199860124656e-02 4.614332542092146050e-01
6.828279070934051287e-01 6.541555178168594331e-01 2.063977358049730593e-01
5.673420173049213311e+00 1.284126691563045215e-02 2.800744972766699536e+00
8.772411726266059473e-01 1.212652597475937094e-01 3.911836048608517413e-01
2.109322416993640037e-01 7.419667072286507958e-02 9.818138868249340345e-02
6.336210467813691238e+00 3.133852289730749974e-02 3.071838357212513859e+00
7.199239169313224274e+00 1.057639847511766297e-02 3.561947013692544406e+00
8.894271321270271757e-01 2.279962651860152623e-02 4.348002820232019783e-01
1.310425645763022784e+00 9.431630215999087241e-01 3.371888079375038871e-01
1.398737781797321000e+00 1.579330398587766929e-02 6.884952757164302106e-01
6.874747963526535166e-01 1.008113918792685054e-02 3.403067187777417124e-01
1.027174328420303873e-01 1.888147441632758924e-02 5.040695871954718743e-02
2.181088963989213703e+00 1.713083041359695913e-01 9.310481946929086705e-01
1.518802498774912413e-01 1.925427889562057390e-02 7.450557384073780431e-02
4.877143795289195616e+00 1.030012728483899881e-01 2.210851390358989033e+00
1.530875666754105968e-01 2.259367105921947921e-02 7.485258857354357143e-02
1.499414910279530666e+00 9.210760608619392165e-02 6.864776428272537645e-01
4.242049378483483402e+00 1.996262872296773461e-01 1.768071200023358713e+00
7.012617244428049901e-01 5.992617960924329079e-01 2.192454437904530484e-01
2.291806112428180220e-01 7.175526123408135781e-01 6.671720260448760209e-02
9.355120408272096455e+00 8.233997834740207633e-01 2.565296018201864925e+00
1.030681222420049004e+00 8.546509607678315357e-01 2.778639334900362412e-01
4.392433656849738632e+00 2.696518565216234065e-02 2.138550419340834008e+00
1.200571736987550153e+00 1.869772046996187043e-01 5.057265346942242390e-01
7.109321418367193779e-01 6.982921560065318278e-01 2.093079625087737317e-01
1.254031578235592359e-01 1.103148881764505762e-01 5.647188881233403818e-02
1.142375095448899952e-01 3.538986265001650144e-01 4.218835417545054034e-02
3.972628900255601891e+00 2.470295678850226717e-01 1.592836690710240699e+00
1.342626183485694513e+00 4.757410822408929540e-01 4.548989655580146785e-01
1.893742067342728541e+00 2.268472414650585939e-02 9.258679740832026495e-01
3.125094855180696740e-01 1.295980913210934560e-01 1.383277326330208112e-01
2.205649313645307863e-01 2.035332264062074403e-01 9.163225681070119588e-02
7.591023241830003876e-01 3.572996808265376245e-01 2.796369640788316513e-01
6.492420002002864399e-01 4.421174036480000208e-02 3.108766043817276503e-01
1.065662572128194929e+00 2.300396003133332867e-01 4.331822210670022710e-01
1.278104062200938529e+00 3.720264410261396870e-01 4.657723874639921324e-01
5.999314938280044807e+00 2.712055029728554015e-02 2.920453171997984043e+00
1.325499602075650651e+00 8.325630734631285501e-02 6.118125475413888070e-01
1.997115850678926385e+00 6.078133169785200351e-01 6.210658381757909741e-01
9.558228975005816253e+00 1.827127241672541272e-02 4.693360813528937747e+00
4.731616659135013947e+00 7.152169793877358184e-02 2.207895868201717349e+00
6.892092142595518389e-01 8.037475429507605629e-01 1.910492454870016676e-01
8.319682848012016629e-01 2.624347326428423943e-01 3.295094246415094519e-01
1.015914603788890258e-01 1.628134463215790417e-01 4.368347334658943815e-02
3.059140802170787765e+00 5.408402393498092930e-01 9.926859138432346796e-01
9.213970136428082824e+00 1.168305787613517915e-01 4.125052766126381165e+00
1.959523332024740716e+00 1.687072197779642957e-01 8.383294373748366723e-01
3.874579548784634841e+00 2.025936197190120192e-01 1.610926369994353236e+00
1.535056618807353335e+00 1.156851632076238631e-02 7.587506896668756440e-01
8.016508738120503352e+00 1.787799510836397265e-01 3.400341484749131560e+00
6.498400488296338651e+00 1.250518030530105018e-01 2.888045008532885038e+00
5.443780044990105260e-01 1.310162802663575321e-02 2.686690009369415710e-01
1.268947514912279750e-01 1.082553600840220204e-01 5.724978017774148137e-02
3.081333733649403328e+00 3.239971761588446991e-02 1.492316241990607972e+00
6.932672061197590052e-01 2.236184328754824147e-01 2.832856989946583859e-01
2.872962990652559334e+00 6.057791011242420753e-02 1.354432787661972615e+00
1.062380248807911265e+00 2.157662591624407919e-02 5.199709066635460619e-01
1.338173448985994773e-01 2.991185053180512102e-02 6.496543603683245516e-02
9.626157021744805586e-01 1.097982070116645253e-01 4.336895194516938723e-01
1.021715520119483411e+00 1.609959121764032233e-02 5.027634736547395011e-01
5.847067468788909039e-01 1.934158683589036476e-01 2.449719173262443761e-01
7.310561990541245336e+00 7.874077276155350136e-01 2.045018010606285408e+00
6.492684148882577055e-01 1.149548157005478716e-01 2.911635546774645755e-01
2.037659861598101474e-01 2.942634591718536891e-02 9.897064854030974967e-02
7.273614400187706330e+00 2.212236853597155384e-01 2.978002509853564739e+00
1.204310857829644504e-01 4.958768622255754766e-01 4.025434473389283285e-02
1.354517106354594935e-01 2.703801540373651502e-01 5.331148719734939839e-02
5.193218575359731526e-01 2.257814975186292483e-02 2.539277108854667842e-01
1.277065546419470010e+00 2.807755923249495300e-01 4.985516409245647762e-01
9.800421214845117746e+00 5.525060621335715627e-01 3.156323010222786607e+00
2.804959168141912595e+00 3.713597553763193782e-01 1.022692680438254120e+00
2.445885692057496730e+00 9.712457258405146066e-01 6.203908675603092560e-01
2.808337358176010490e+00 1.347485119723643848e-02 1.385499282423471090e+00
1.952072620380637336e+00 2.656359526709017316e-01 7.711825095759692328e-01
4.510637252229598104e+00 1.050854923335758397e-02 2.231864963266111168e+00
1.492099711099883708e+00 1.353584639115782695e-01 6.571051163697002595e-01
3.416611297999669894e-01 8.788810479307759271e-01 9.092143703728360060e-02
8.995868202632552268e+00 3.885536344350641602e-02 4.329701958131033201e+00
1.857786003474348746e-01 4.777866318120269767e-02 8.865355197412831678e-02
2.419043261550645751e-01 6.297962954345993625e-01 7.421305559249620487e-02
2.598658480946174798e+00 2.545130367986692121e-01 1.035723984015967325e+00
2.704835055364148033e+00 7.231052131313865650e-02 1.261218183354127165e+00
2.957750876482315161e-01 1.061743832397334802e-02 1.463338531634435224e-01
3.708026288395308345e+00 2.916445004386153950e-01 1.435389647513747091e+00
7.513077286656597131e+00 2.767174878413302536e-02 3.655387673907319446e+00
2.536786398755244698e-01 2.877595971801312491e-02 1.232914890162565835e-01
4.003936587664222557e+00 5.607229834537980767e-02 1.895673522512361098e+00
2.429138940310898498e+00 3.945579775219875129e-01 8.709350846163005366e-01
2.467316267429395804e+00 2.866736482174244705e-01 9.587964558253173619e-01
5.745970090191884205e-01 1.219938065037568312e-02 2.838358825362985449e-01
1.616941101990636842e-01 9.378314892817140036e-01 4.172037431876959163e-02
2.000710573906520906e-01 9.382677136070015356e-02 9.145463551864223273e-02
2.624949023355603650e+00 2.471404730291093879e-02 1.280820259205275757e+00
6.908848087418941297e+00 1.007000440785711104e-01 3.138388212386483911e+00
1.427767091977431013e+00 1.454950841820276501e-02 7.036458448456995862e-01
2.207411006611538884e+00 2.699950532881900123e-01 8.690628364639103598e-01
6.859616223503111065e+00 1.601716708301196279e-01 2.956293622733848103e+00
9.457641982641076250e-01 9.128432791116003475e-02 4.333262075129429847e-01
1.760984600629616148e+00 5.623413663459233547e-01 5.635722891816814517e-01
2.597790564677905589e+00 1.307276620190558347e-01 1.148725131584392933e+00
1.026799737005446023e+00 9.676706209331028541e-01 2.609175860232441080e-01
9.077952083648860082e+00 2.254554598707284863e-01 3.703909436499013719e+00
1.942737532346379359e+00 2.676303664467518870e-02 9.460496059027343474e-01
2.571471009977904565e+00 6.978805273754565275e-02 1.201860033582171416e+00
1.534502591170430474e-01 1.775152644287103509e-02 7.538689706188152206e-02
3.729411523607634837e+00 7.849565134732527927e-01 1.044678538512618937e+00
1.168575532454566357e+00 9.148232559035741618e-01 3.051392677762143069e-01
5.541401460169500526e-01 2.266872601539889343e-01 2.258685502070786888e-01
2.207795376835840706e+00 1.826430006280019558e-01 9.334158218767061310e-01
1.042832543936268036e-01 8.051706510060867572e-01 2.888459723614107688e-02
3.764778895699784744e+00 2.537790520915894077e-01 1.501372546231042326e+00
1.171739164821942181e-01 3.619893566466735740e-02 5.654026097171838128e-02
3.804609182878814777e-01 8.423539623780844365e-02 1.754512533016556741e-01
3.568972882247146150e-01 1.550554347807060196e-01 1.544935755799779487e-01
1.342563173642224994e+00 1.529742404792780452e-02 6.611674283036733657e-01
3.276070799627870400e-01 4.909811460054148702e-01 1.098629184012489268e-01
3.065498843551269781e-01 1.383572435274666931e-02 1.511832129168828864e-01
3.476643390984105242e+00 5.672388035306468179e-01 1.109161980660505309e+00
1.973891282093086230e-01 2.459450416311688425e-01 7.921261436655759047e-02
2.160895181180869873e+00 1.515352684864646263e-02 1.064319398017048446e+00
1.176367132211783295e-01 2.389566949968867926e-01 4.747410207968322943e-02
7.666446241751119217e-01 6.919155915148852976e-02 3.585160290563469965e-01
2.194335534472747484e-01 2.071825483036786666e-02 1.074897761497085047e-01
1.725697261018669382e+00 3.164658409141338224e-01 6.554280435489201473e-01
5.742805750405925558e+00 1.628700087468262780e-02 2.825385813979364613e+00
1.520557735622640183e-01 1.853199297622858469e-02 7.464457405895782993e-02
8.631685528316088707e-01 7.649753544308647568e-02 4.009152480206694125e-01
1.779803561494836817e-01 1.948318911348606852e-01 7.447924577089942710e-02
5.730510331570249916e-01 4.374097168839183314e-02 2.745178395316021924e-01
1.936941979341608722e+00 7.555148568541762699e-02 9.004413108626092566e-01
1.282180645930598661e+00 7.742069288043752495e-01 3.613390932912912135e-01
6.896513989712755865e-01 2.650199258529609483e-02 3.359230688068877702e-01
3.573711666965044276e-01 2.090219090517719466e-02 1.750271328047808828e-01
1.800150638855521346e-01 6.880708044396217637e-01 5.331976105863361903e-02
2.535755356720943876e+00 2.178803841434499497e-02 1.240842161675742128e+00
3.174570197565981244e-01 6.130239413797201609e-01 9.840431118618651884e-02
2.190321582926960442e+00 1.727356192445602887e-02 1.076564684716349918e+00
1.093204525833581797e-01 1.700758738118128555e-01 4.671511268206036960e-02
2.640122410510604478e+00 4.931861558113548316e-02 1.258017522660858978e+00
5.436914583307294713e+00 2.615679149379284696e-01 2.154824373277914873e+00
1.081623457927602505e+00 5.959137521171314206e-02 5.103964996466148207e-01
1.328749012014714403e-01 1.002215836311206032e-01 6.038551832574363259e-02
5.274518031596746592e-01 9.683839319418005021e-01 1.339809258246043022e-01
3.448970896347035797e+00 7.067137161233301434e-02 1.610658035599290105e+00
3.982376837534730707e-01 1.174077093674393002e-02 1.968081623244042067e-01
7.043309010635894651e+00 1.153449305993671514e-01 3.157457759211287573e+00
4.879338513661886090e-01 8.970527070061088404e-01 1.286031351591269689e-01
2.162928215283813904e-01 8.607679525005698662e-02 9.957528900089537838e-02
1.917035910243490293e-01 6.020004563197680625e-01 5.983256442533869957e-02
2.391800122699357933e-01 4.044421655832324686e-02 1.149412954887275851e-01
3.897876750821591130e-01 3.318757958348751980e-01 1.463303396236823872e-01
3.947976114345247978e-01 6.200151490232526097e-01 1.218499751908363599e-01
8.404706901726524126e-01 4.129370007416960364e-02 4.035704288390428163e-01
1.153912346283541834e-01 7.208040056138627361e-02 5.381650227349109999e-02
1.646138908863034267e+00 2.464495843666756128e-02 8.032728289487703899e-01
3.328788435681654612e+00 1.651396418460955584e-02 1.637354996078102198e+00
6.389337714657571388e-01 5.138204163725018647e-01 2.110335428679198100e-01
4.503885049481829439e-01 1.220936922879112610e-02 2.224779371936345673e-01
2.057838816050864272e-01 7.144869745359878621e-01 6.001325313678168571e-02
3.641844066311559214e-01 1.152631404382484931e-02 1.800172677541325150e-01
1.085605389740491589e-01 3.362696499861422827e-01 4.062074558648210570e-02
5.507411754512606672e-01 3.356991770042235673e-02 2.664266664593907263e-01
5.190310839402286769e-01 6.250092040161067120e-01 1.597009674337463714e-01
1.030751196565920652e-01 6.316478432182625058e-01 3.158620289451880003e-02
5.100547369352803617e-01 2.836266411789625241e-01 1.986772167905514752e-01
1.275877084769155401e+00 1.665296904597287908e-01 5.468686717550810261e-01
9.283781981046248521e-01 2.194339925387470830e-02 4.542219259806550280e-01
9.040297205111912149e+00 7.836373860417109039e-02 4.191673403639123663e+00
3.005559714967545926e+00 1.580959390576894275e-02 1.479391282086254478e+00
6.577933421378525658e-01 1.367869380466629411e-02 3.244585025600863482e-01
7.983687755371627892e-01 1.676634084929267549e-02 3.926018906518359830e-01
2.956005355849886107e-01 9.579489641656724341e-01 7.548729333477567638e-02
3.021074332362226222e+00 3.593986123508468439e-02 1.458132100815385579e+00
1.248007927937740541e-01 1.165917954660931344e-01 5.588469900124920509e-02
2.983323280197884841e+00 1.991543378990578983e-01 1.243927985710632678e+00
5.234368975813962210e-01 4.494940487202857965e-02 2.504604027433748326e-01
1.780900440149919550e-01 3.784325517739604572e-01 6.459875159861855343e-02
1.283166719215803830e+00 9.274842392205756569e-01 3.328604958489007060e-01
5.222864482496476501e-01 8.744062883470338221e-01 1.393205015093690879e-01
2.070356380352924019e-01 1.081338490041388982e-02 1.024104157740697574e-01
1.242546783139715089e-01 6.740824110403009772e-02 5.820391558222080819e-02
7.466553434105620557e-01 2.153652921175640833e-01 3.071732211924713130e-01
7.267466158117456665e+00 1.723873805966734118e-01 3.099430392375411625e+00
1.014377072281501091e+00 6.267450936944027884e-01 3.117811992221259376e-01
4.618463698784741389e+00 1.092156197193496284e-02 2.284283901203879363e+00
1.193178255557653111e+00 3.417458672449856794e-01 4.446364563833585248e-01
5.562443408838144698e+00 5.767601586252372320e-02 2.629559205945513511e+00
5.049927487195185805e+00 6.012708291309497577e-01 1.576849898007543604e+00
2.375458827163666076e+00 9.528152325955199786e-02 1.084405596514726566e+00
1.743618157445865069e-01 3.213949450446275391e-02 8.446620668667406684e-02
1.698287404544955304e-01 7.484738159657167156e-02 7.900132770581481945e-02
1.050200129383333236e-01 4.852754855351253394e-01 3.535371517307982214e-02
5.494153364040942122e+00 1.258456259184356600e-02 2.712935574475840994e+00
4.625009021055496383e+00 3.430341665328998646e-01 1.721850842035968165e+00
1.656440990998159779e-01 7.047556934536132189e-01 4.858294350794704897e-02
2.752649029866118813e+00 2.762525048564705085e-02 1.339325317553865080e+00
2.509339614012974895e+00 8.014085656954299530e-01 6.964937498907277647e-01
2.437055484812288564e-01 5.929179081613151353e-02 1.150323029943741415e-01
1.477283581716749006e-01 5.893354657172451549e-01 4.647488253998256075e-02
7.300710615522083557e+00 1.568915003536055022e-02 3.593968989069103337e+00
8.503349300632072172e+00 1.242346241087366882e-01 3.781839270149370158e+00
2.186917280602204361e+00 1.442554491183596355e-01 9.556071077866432617e-01
1.524486262813960824e+00 1.474217409001933252e-02 7.511692633555216991e-01
1.594654865191005966e+00 2.797078100912946952e-01 6.230542834138219632e-01
1.034919641779669774e+00 2.077985110714878070e-01 4.284322394393209055e-01
7.570877656984806414e+00 1.805490010657601410e-02 3.718305199548787687e+00
1.228692259132809494e-01 1.493485850548882492e-02 6.053059705438054022e-02
4.111159384679202944e+00 1.161467303040139912e-02 2.031978921561002682e+00
2.905020792893830084e+00 3.177666322310405966e-02 1.407775973445170470e+00
2.329265159524337658e+00 1.702581855628243143e-02 1.145135706992592706e+00
3.710762504569983022e+00 7.381294589632789171e-02 1.727843996829705464e+00
6.632229039735851650e+00 1.510643451778347253e-02 3.266765343127013388e+00
6.118576667809657366e+00 1.833430933433083387e-01 2.585292761764804492e+00
2.805317544009837127e-01 1.326543452938951373e-01 1.238382016396153279e-01
2.164373945790274145e-01 3.034037170698126729e-01 8.302776482239947187e-02
1.538484892033938234e+00 3.214690742483811148e-01 5.821115764320818897e-01
8.225661108348349959e-01 5.125206446546735212e-02 3.912316268568220012e-01
1.819301529606000278e-01 2.804648561770587412e-01 7.104066624044981515e-02
8.089885558066193028e+00 7.656874619567062279e-01 2.290859999963162696e+00
8.014560905102424693e-01 1.377461098122642058e-01 3.522121867076690171e-01
1.078803871838604822e+00 7.315216593146489643e-02 5.026332267159123735e-01
4.968539038873068137e+00 2.178613791438056280e-01 2.039862304512072733e+00
2.986155964615467173e+00 3.113937335229405856e-01 1.138542867897282651e+00
6.657429073275464404e+00 9.760990645791500775e-01 1.684487683995057550e+00
7.068934502610818349e+00 6.856578086532832961e-02 3.307674000605919762e+00
9.756693134567696601e-01 9.327672266021976855e-01 2.524021775689965219e-01
1.888744692587101814e-01 4.810713491227950472e-02 9.010265409295104000e-02
1.146018398289587292e+00 1.713374078802009856e-02 5.633567899348783659e-01
1.118112290670654624e-01 2.175039248194284014e-02 5.471553027518972351e-02
2.324127761683450810e+00 1.953111238245164999e-02 1.139802274524218673e+00
8.207789747170737282e-01 8.749994420524712102e-02 3.773696629092266330e-01
4.726212818821845296e+00 3.957264088982404004e-02 2.273151789939583001e+00
7.243300610765008862e-01 7.528342800642012778e-01 2.066168117872417553e-01
3.708304463299781362e-01 1.496113162810310329e-02 1.826820923354609549e-01
5.489514313937095658e+00 8.150934729108311183e-01 1.512185018530661562e+00
1.123014655385654592e+00 1.628794149700446836e-01 4.828594611482494026e-01
8.536235737998744355e+00 7.801478621793934698e-01 2.397619860506427170e+00
9.304306068731065693e+00 1.896331169564606164e-02 4.565574619780897514e+00
3.451920270868230389e+00 2.004140938531460137e-01 1.437803958044216790e+00
1.740299440541676956e+00 1.385966110657037981e-02 8.582546023392618739e-01
3.527948345800472563e+00 3.613773651564868294e-01 1.295727560959904601e+00
3.512907588086182642e-01 2.294494993599645316e-02 1.717056029410956308e-01
1.316099221193933466e-01 1.197808441357257891e-02 6.502607326504480922e-02
2.168558800533458841e-01 2.529855015161711629e-01 8.653567012185700569e-02
1.003217340142866787e-01 1.954432933799228611e-01 4.196005555840427031e-02
3.274830403252037558e-01 3.635204811021043869e-01 1.200873198694112076e-01
1.805706934127479235e-01 1.037879093274752910e-02 8.935791954126984238e-02
4.765396319839395822e+00 9.155418404929566156e-02 2.182849183977927598e+00
8.972138127888718007e-01 1.138288905944441140e-02 4.435579356218165570e-01
3.193974697032405108e-01 7.540320295335755096e-01 9.104664690421111761e-02
1.070599034280190542e+00 3.471162489706556831e-01 3.973669811711667554e-01
2.960888797545746520e-01 4.302304837828528350e-01 1.035108967092638471e-01
7.705909608063902461e+00 6.651743285325116828e-01 2.313844705633608445e+00
3.695828596639607055e-01 2.430075161978273793e-02 1.804073945467281337e-01
7.115504166517876428e+00 2.200129671214457461e-01 2.916159236940949029e+00
2.495739535708232815e+00 1.263958287665124525e-01 1.107843029941461221e+00
3.744649328846869629e+00 4.381350472386643102e-01 1.301911575007124622e+00
3.443344328035145008e+00 9.819459524787570170e-02 1.567729591338018036e+00
7.717786154542601862e-01 2.476087488553377000e-02 3.765652233456259768e-01
6.210841390952145602e+00 1.782251305240851319e-02 3.051043434049264480e+00
8.727765528451820742e+00 3.347760079089508456e-01 3.269374590469552810e+00
6.154530698445803694e-01 3.081659935930621819e-01 2.352350821145227089e-01
5.188348021660601717e+00 3.412218315975388272e-01 1.934187134234433003e+00
5.589801241280366595e-01 1.194316770359552249e-01 2.496713893286060248e-01
5.282051244014916991e-01 1.525297954841598469e-01 2.291503119793970034e-01
1.597012810858632559e+00 3.507402222353520616e-01 5.911620845256692069e-01
5.642942667525095324e+00 5.577310178650678463e-01 1.811269918493043862e+00
9.129197273031948612e+00 3.151349934684913867e-01 3.470821367529321133e+00
8.801498521530714214e+00 1.018307636459698726e-02 4.356387830810414030e+00
4.666218242773186309e-01 2.453014957959428755e-01 1.873529526193470629e-01
2.765161583551208890e-01 2.777265774817056637e-02 1.345220444767242229e-01
2.330244226941414087e+00 5.851746501838929471e-02 1.100711279667422104e+00
1.209433955117034110e+00 6.742369131665203463e-01 3.611896099070010524e-01
8.535644905758542622e-01 1.305438585819446717e-01 3.775017148147135626e-01
4.180212832900467745e+00 3.001377157211171376e-01 1.607603864711334207e+00
4.189570589574374004e-01 8.078423028220800273e-01 1.158721251027914761e-01
1.413389395503424240e+00 1.854576270203228128e-01 5.961366156359437785e-01
3.848297217810539905e+00 1.081780715360912762e-02 1.903556303903603864e+00
1.703121911439628433e-01 8.869696958369385209e-01 4.512849133711797911e-02
1.887076081468264332e+00 9.364935673155685425e-01 4.872404725010761606e-01
7.553278221560765227e-01 3.771606604225652415e-02 3.639376159207112771e-01
6.880796760575110804e-01 2.983073984183127747e-01 2.649910479196902480e-01
3.570684987234303609e+00 4.160795993790202263e-01 1.260764221446351474e+00
2.112306729593755872e-01 4.769255419949895020e-02 1.008075661665691070e-01
6.986509348687117704e-01 5.448289286275729282e-01 2.261256641178365778e-01
6.019966047877630899e+00 8.637276743105452015e-01 1.615033711967768237e+00
1.174080324370042477e-01 1.767230517051559396e-02 5.768459642680950905e-02
1.427861503287861655e+00 1.331737114101934627e-01 6.300276334115357812e-01
1.572410074436130012e+00 5.262999809200218093e-02 7.468959070548443213e-01
3.977238890136283178e-01 2.591603127231014714e-01 1.579321890131279438e-01
7.119089886607885553e+00 1.420843213005585637e-01 3.116709403076718399e+00
3.396451601476662585e+00 1.326260122010563917e-02 1.675997711445618377e+00
1.826943649064139974e+00 4.838189301562682842e-02 8.713159113274137058e-01
2.482669665752672561e+00 7.603946017323320872e-01 7.051457847318944872e-01
1.779250245298560906e-01 7.746948254715472215e-01 5.012834375132082382e-02
8.936196050053668571e+00 3.255767561431684443e-01 3.370682236483225847e+00
1.251552311326963596e-01 1.912893963637778486e-02 6.140304051092464188e-02
6.864423580389145130e-01 5.089361677627691344e-02 3.265993565288969336e-01
1.074445885621108099e+00 1.673023476960976419e-01 4.602260450095640998e-01
2.187916348623893670e-01 1.279950510515963889e-02 1.080133006382502509e-01
1.048430648404964360e-01 5.041730923763502320e-02 4.990543468699537577e-02
2.754380931775209373e-01 5.921698158618932811e-02 1.300196739505862509e-01
6.886035617022928657e-01 3.685341163342912285e-01 2.515843607709111751e-01
2.785715082706676227e-01 7.487432435097052252e-02 1.295832926509219718e-01
6.301359933670759972e+00 3.504739655993576591e-02 3.043995837588617803e+00
6.284242796844443646e-01 1.621582073809071933e-02 3.091982366639459134e-01
1.623338664352454996e+00 5.963651434704173721e-02 7.659884509325219915e-01
6.835436387279528070e+00 2.796380570524522602e-01 2.670847568813492945e+00
5.498751216368313877e-01 4.611159868851379823e-02 2.628185761089912309e-01
3.709594369686137316e+00 2.192745212003838554e-02 1.814998883722324319e+00
7.138381030696920870e-01 6.961214434989199118e-02 3.336901636917937730e-01
2.946099663057183404e-01 4.761024110280202559e-01 9.979320001941445473e-02
3.960513070287393633e-01 3.176640813709504657e-02 1.919287660003534679e-01
1.960421539528143686e+00 7.135917819986782595e-02 9.149226419201946792e-01
2.253077672095420425e-01 1.018928946764788984e-02 1.115175985127872943e-01
2.168784193225952450e-01 3.860275973005888317e-01 7.823741018756953658e-02
3.135564828473004217e-01 6.714382171982227199e-01 9.379840655220415824e-02
7.388385716117076285e-01 1.812047228847445471e-02 3.628443743749634187e-01
2.841620473817517478e+00 5.260205500920888538e-02 1.349807584117179715e+00
7.435974703450217715e-01 1.917556826895072675e-01 3.119756344131291437e-01
4.395102193481693065e-01 1.025061511277275822e-01 1.993232504410994144e-01
2.775860334254689921e+00 2.088294453882823601e-02 1.359538989804875087e+00
1.127904736422188137e+00 3.786650208258869887e-01 4.090568482496635405e-01
1.551866321541043758e+00 4.235388295328561259e-02 7.444047299676018747e-01
2.025381712914658128e-01 6.052517000183451623e-01 6.308611019977464207e-02
1.692154674844020268e-01 7.350873043979014310e-02 7.881420182539111696e-02
5.590399554796857018e+00 1.627838391286658692e-01 2.403885987521994227e+00
8.554440651149807451e+00 3.240471055112942311e-01 3.230414014555178515e+00
1.154622009312031627e+00 5.191556902508365212e-01 3.800209605644123689e-01
2.048361661223093155e-01 7.932506656291328229e-01 5.711308799387672386e-02
1.480534535772372040e-01 1.632656457143841222e-01 6.363699217056938140e-02
6.100463686219878667e+00 9.231812416993846748e-02 2.792439103240034193e+00
7.809751884784672527e-01 4.076264395833866239e-01 2.774085391254839661e-01
2.841036918413766821e-01 2.193096741893435855e-02 1.390033675948436631e-01
3.074642382866712431e+00 5.197943961101060273e-01 1.011532346327970178e+00
3.070361599083313853e-01 1.115567838388362848e-01 1.381108749334250541e-01
5.070334440979243240e+00 4.567423591441850672e-02 2.424433091509302862e+00
1.429335642796422945e-01 4.592406714792472699e-02 6.832884373212690099e-02
1.894215599816497231e-01 3.683270192112515773e-02 9.134625076479288563e-02
2.078332205834507285e+00 1.677951612662444483e-02 1.022017149672634906e+00
8.878201541486816506e-01 7.821159247011599813e-02 4.117096126349099050e-01
7.591100894930431497e-01 3.851932915561449566e-01 2.740087228693725008e-01
8.657722729322989252e+00 3.886054132138179462e-02 4.166932126573395401e+00
4.448506367791584815e-01 7.511444982839671214e-02 2.068852468916973775e-01
3.776046832635103212e-01 8.076914474201217775e-01 1.044438982666028026e-01
4.802537213308029629e-01 8.292115786688870893e-02 2.217399290068331752e-01
1.832103245370194422e+00 1.877754065608121942e-02 8.991674689797051201e-01
2.445834455552146625e-01 1.115863369241403176e-02 1.209421733670400928e-01
3.176165345112806904e-01 1.152260328968368087e-02 1.569992274410503263e-01
9.914544663588761964e+00 3.341820703127787451e-01 3.715589080456030757e+00
1.169249826048245622e-01 1.033348579837090331e-01 5.298707901719850594e-02
5.735769801444466687e+00 7.019624618327029442e-01 1.685045919070415232e+00
1.038518071751145744e+00 1.162892116067191020e-02 5.132900266234100561e-01
1.041785135558156855e-01 3.814113132598043743e-01 3.770727536246210737e-02
5.299053922434384667e+00 2.041388777060647655e-02 2.596521855465787176e+00
1.535751235236247014e+00 1.088142454386799296e-02 7.596099789494162868e-01
2.796869590118424287e-01 5.735794693452671567e-01 8.886966450071130674e-02
1.131520893787328202e-01 8.533542140254978259e-01 3.052629889160953305e-02
1.452274879068944369e-01 2.797349297205881449e-02 7.063775909581836154e-02
1.225724019997656150e-01 5.079757414366472545e-01 4.064137062410267537e-02
8.451424355097351127e-01 1.491257323609823937e-01 3.677327953370749802e-01
4.375069934093266610e+00 1.768031683453961944e-02 2.149530585253812465e+00
2.677392272354619962e+00 7.199634912747011617e-01 7.783282278771940232e-01
4.926287703560454645e+00 2.504358558555092040e-01 1.969828232488600062e+00
1.154079198383050897e-01 8.762621953469071912e-01 3.075474209428576480e-02
4.523071880265664646e+00 9.735829528246137121e-01 1.145903665663557280e+00
2.461745301730619673e+00 2.017911255488507583e-01 1.024198485658793567e+00
2.790648674901114457e-01 2.573720645190304482e-02 1.360313663844837928e-01
2.770208528645811352e+00 5.346315186319855473e-01 9.025647183094658299e-01
1.452147902366057453e-01 2.583203388547801460e-02 7.077902884675234263e-02
5.648081177229038019e+00 7.468681743368875414e-02 2.627780059085697673e+00
1.723553287980546522e-01 3.552313781581096230e-01 6.358889396152493656e-02
2.781718196178502023e-01 4.121392064148479695e-01 9.849305874173530650e-02
1.680883107012943745e-01 4.735449701816928786e-02 8.024423019132671808e-02
1.017382951435428368e-01 3.920321944231153211e-02 4.895014432217632133e-02
5.257684127876824931e-01 4.283107195305804749e-02 2.520870479065229763e-01
3.379719561096676816e+00 5.988634409285466947e-02 1.594378293452465511e+00
1.072529809792369393e-01 1.161009708961628466e-02 5.301102731566331716e-02
9.079449954624997376e-01 8.199749728238631130e-02 4.195688981457684208e-01
1.196505901084821355e+00 8.291262463113634185e-02 5.524480340657111910e-01
2.848490375696735577e-01 4.815718357106022612e-02 1.358808783808531373e-01
2.123983096678396354e+00 1.319330914640272183e-02 1.048162812320491133e+00
1.319328945002133047e+00 1.671565433847627402e-01 5.651893709030962887e-01
5.501894469492513373e+00 5.826568536175042584e-02 2.599486379269579484e+00
5.163470152884593878e-01 8.136249564802636169e-02 2.387483463531019645e-01
4.021711001192780910e-01 1.986539006847735933e-01 1.677594758126276231e-01
8.894605656686941586e+00 2.424085674086862985e-01 3.579581584517957715e+00
1.547982241732297759e-01 1.447767456876383058e-02 7.629454449997222221e-02
8.456719954025802011e-01 5.895213213113947859e-01 2.660146750044471431e-01
3.139173779107035767e+00 9.988536404272349567e-02 1.427045891204848704e+00
4.958524461534143946e+00 3.531343300197836155e-01 1.832236590088453188e+00
2.991889463602799726e+00 1.552103230337081585e-01 1.294954435546322058e+00
1.114457984423492976e+00 2.227407476612817405e-01 4.557212911056985893e-01
3.442181062371719169e-01 8.327043509628887508e-01 9.390988406185711568e-02
3.102266772231298542e-01 1.304552328053013889e-02 1.531158620683340243e-01
3.769109476499223899e-01 4.650353355556939294e-01 1.286354460204738037e-01
1.537525191417724035e-01 2.038391978248877551e-02 7.534052436584222356e-02
1.002057719603681729e+00 4.894895141395215754e-01 3.363762249050040176e-01
9.016350304645225355e-01 2.305944012526785561e-02 4.406562292969616323e-01
9.497770944460363296e+00 1.443951690684516093e-02 4.681289907465489897e+00
7.894000455127938576e-01 1.173926804044390579e-02 3.901202960332452729e-01
9.329634274836374530e+00 5.804887619167427015e-01 2.951502883045442172e+00
3.022148762716314607e+00 3.119397871484720364e-01 1.151786382393744201e+00
4.795284441335547321e+00 1.100972571178104736e-01 2.159848792792144145e+00
1.230551669549738714e+00 8.698488314891690554e-02 5.660389986220043523e-01
3.022204367274877734e-01 2.789467306798751323e-02 1.470094381486780066e-01
8.304590475120539494e+00 2.164024583065348450e-01 3.413586686877515319e+00
7.723981695075095022e-01 5.371556194914992588e-01 2.512426717611791482e-01
1.017472572177298140e+00 1.020253368421581049e-02 5.035983073941462385e-01
3.081427683691839725e-01 4.477834843627222228e-02 1.474680102389102909e-01
2.102785939985357122e-01 3.912125108828110737e-02 1.011809708339181102e-01
6.935216428042283443e-01 1.429860111485252994e-01 3.033815095021791808e-01
9.230485916537874758e+00 3.764226109885954880e-02 4.447817066916116779e+00
1.592527234844139383e-01 1.352275278671828673e-01 7.014132390870188305e-02
2.491987955664261845e-01 1.681808818438725039e-01 1.066610485754087290e-01
4.137597715070636895e+00 1.444542429005150064e-01 1.807672845261280470e+00
1.505619134519419866e+00 8.180445413124240450e-02 6.958832202851890081e-01
4.816990478227245021e+00 3.502977681339923821e-01 1.783677123633239603e+00
4.139949078781210989e-01 3.594650484822857206e-01 1.522639027536262513e-01
2.942264725121010560e+00 8.954781404851657189e-01 7.761273164479517428e-01
2.547064373079912514e-01 3.182407631438500251e-01 9.660846653707863552e-02
3.563039056639874524e-01 5.653285516728093762e-01 1.138112204250087134e-01
1.318655749290223167e-01 1.280548596979373122e-01 5.844821011822614459e-02
4.059621452035613309e+00 8.506994614537864707e-02 1.870672700159599744e+00
4.194694839131888342e-01 3.029164337837504384e-01 1.609732877092598102e-01
2.656856012937357292e+00 3.302601240630131246e-02 1.285957943473539755e+00
2.840642322228780881e+00 9.784993516105834344e-01 7.178780018088901649e-01
4.906786699822631714e-01 4.004386128365239883e-01 1.751874967901720648e-01
5.654968054997994154e-01 1.846238999967143510e-02 2.776228219384624940e-01
2.210485008192258238e+00 2.324502502393110959e-01 8.967846806648127611e-01
1.614797878022317390e-01 3.375446715871913833e-02 7.810355018153390672e-02
1.951314096527326514e-01 2.007865663080414254e-01 8.125149594764662087e-02
2.198325785889895800e-01 1.478728397729494465e-02 1.083146103917420472e-01
3.910271761118002676e+00 9.984568706026673846e-02 1.777645631165591489e+00
1.700645976321962349e+00 1.941304642355358434e-02 8.341299840572007351e-01
1.908444336579121714e+00 1.463615138746889380e-02 9.404574900911083501e-01
1.513307590504206768e-01 1.234327013541801632e-01 6.735194679129748174e-02
2.567700682801825174e+00 1.305418394884401423e-02 1.267306686791930703e+00
9.681335041703321709e-01 1.382588531814167229e-02 4.774653706274864517e-01
6.333179257179084587e-01 4.745802343619565794e-02 3.023118404498459921e-01
6.218960763234178124e+00 2.172381450137208236e-01 2.554537412711494149e+00
6.571247783645778107e+00 2.483435737177246486e-02 3.206004822329531656e+00
3.384820968058530166e+00 8.934294853206609099e-01 8.938333838942239540e-01
2.086893805003336155e-01 1.833729751545475073e-02 1.024657453917749983e-01
2.593116581784281838e+00 8.600259206405954648e-01 6.970646357689490591e-01
8.830960798002278622e-01 8.611914001714206235e-02 4.065373895290575468e-01
3.338408530409399111e-01 1.088852049850523168e-01 1.505299428381497995e-01
4.663436941193046970e+00 1.078896080029677768e-01 2.104648742756577207e+00
2.007090084309819389e+00 7.324730389273115261e-01 5.792557919263613408e-01
1.005374882819388416e-01 6.528659814917849025e-02 4.718800013846601027e-02
5.007753350510429913e-01 3.687980282174668084e-02 2.414818639963097202e-01
1.500217161538926203e-01 4.804099425398732776e-02 7.157244658195863196e-02
3.691221073185034784e-01 5.266638832633500217e-02 1.753272030967862050e-01
1.132164626766769322e+00 1.073881278429641428e-01 5.111869083209634734e-01
4.326729382191116358e+00 3.871702105824580964e-01 1.559552443234189845e+00
1.380611490932708296e-01 1.521352701872385749e-01 5.991533835728938412e-02
6.008466238061268561e-01 2.657031173279958414e-02 2.926475746176254167e-01
1.604077427190051253e-01 2.317052050255025836e-02 7.838759009603683825e-02
5.320440918240429973e+00 7.481299847194342045e-02 2.475054230738033212e+00
1.499040886569613207e+00 4.391550232647772195e-02 7.179895706256108623e-01
1.057229445196354423e+00 2.628834921830987964e-02 5.150742703069811634e-01
3.360727071085745088e+00 3.870025441820337114e-02 1.617755967994902955e+00
5.383969237646750727e+00 6.336244461943446593e-02 2.531577668973259865e+00
8.504465614335375179e+00 2.169640490233591332e-02 4.161933806133103708e+00
1.217556702228003579e-01 1.528891167153437376e-02 5.996109522281016513e-02
5.943476019742933936e+00 5.633823657446536126e-01 1.900838895835952780e+00
1.250312297686431984e-01 9.239980155768350023e-02 5.722777942212991381e-02
5.669459245022659744e+00 6.520598987183404138e-02 2.661203231548111781e+00
2.784557969461345373e-01 4.260842119591355670e-02 1.335380528706715253e-01
4.916149648323457355e-01 1.018373012271463623e-01 2.230887283834104839e-01
3.997091592685971806e-01 1.678880542266638631e-01 1.711247742546999073e-01
5.147908370653436760e-01 1.119267848296507245e-01 2.314859413806685806e-01
2.309246179349697670e-01 2.373737167880955040e-02 1.127850874273937931e-01
1.152130727819564160e-01 1.113527259680714872e-02 5.697213612480608175e-02
1.920360841380084060e-01 1.154662767402345747e-01 8.607883902111414243e-02
2.192803348056632795e-01 1.532621371707490639e-02 1.079851637056062075e-01
1.180041674928797857e+00 1.762243763660514481e-02 5.798032901423665342e-01
1.309392588479239838e-01 2.346407285032785228e-02 6.396866403100044673e-02
3.297716970201622466e+00 1.146782976815327593e-02 1.630164041380099516e+00
1.679850638212944947e-01 1.338888605641717355e-01 7.407474826841174698e-02
5.456454954045890648e-01 3.873353976446490543e-02 2.626494064725759525e-01
5.796068234755724191e+00 3.660591734754591042e-02 2.795695132431150753e+00
4.503450403638940003e+00 1.854532163627050159e-02 2.210726566592170261e+00
3.880808199565308314e+00 7.729498064671917745e-02 1.801181788313721999e+00
7.771037244945685707e+00 7.157594332473261878e-02 3.625985303866948506e+00
5.270182674939810630e-01 3.324468499807687466e-02 2.550307178666793573e-01
1.246002176720246268e+00 2.479633086237006123e-01 4.992142670021216255e-01
2.172838564112662685e-01 5.196060390487189373e-02 1.032756624177320892e-01
8.851958327850967478e+00 3.771883885144727139e-02 4.265104379163223491e+00
7.319102188063429937e-01 2.837844061208565777e-02 3.558564580421939016e-01
1.635061779148737904e-01 1.384966123266864191e-01 7.180793343808231088e-02
2.392238798254954779e-01 4.723283361752602522e-02 1.142171407093532931e-01
4.589684468858593824e+00 8.905571490455026218e-02 2.107185337740435926e+00
6.232411772630462865e-01 1.350208730827024903e-02 3.074691138122338518e-01
7.890562760603486936e+00 1.234485838733131828e-02 3.897171351851966392e+00
1.278324623313161490e-01 3.959137358495416759e-02 6.148207150396762383e-02
1.403381090420734723e-01 1.993353420116583674e-01 5.850661784329760917e-02
1.512986878742767161e+00 3.165174503232218717e-01 5.746170999751311070e-01
1.919835492337610416e+00 2.121059652643699639e-02 9.399802052915290362e-01
5.602901257535545909e+00 3.039543207250531079e-02 2.718811187985395339e+00
1.497936929730821820e+00 2.906792588185274154e-02 7.278124660464833084e-01
3.593195614756858003e+00 6.760443593593376543e-02 1.682830968947230499e+00
2.182118974973484837e-01 1.299821051350402192e-02 1.077059639556192244e-01
1.008569012099078011e+00 4.337411216441668937e-01 3.517263322065019571e-01
4.053737629567043754e+00 4.953430443339342237e-01 1.355454069528469585e+00
1.287424326687513776e-01 1.873945509791878350e-01 5.421215406563201916e-02
3.285982191586853673e-01 1.964215102802960855e-01 1.373254393770059201e-01
1.410639883398641548e+00 1.515139953170985265e-01 6.125153012188037094e-01
7.427996030165109342e-01 8.870953220270387518e-02 3.411376409618002148e-01
4.572513509716710778e-01 1.008958186731718533e-02 2.263419795531236567e-01
1.333536815795914598e-01 2.901742639231890131e-01 5.168049204999903418e-02
1.654693258551582780e+00 1.683774443393822318e-01 7.081158860813042688e-01
1.213499150798078713e-01 4.628575208941183572e-01 4.147701103715047827e-02
4.844940839313442993e+00 2.530581841920437683e-02 2.362680847156058306e+00
1.028422477026190163e-01 5.016120322166683909e-02 4.896498146528423939e-02
4.076920682949126129e-01 1.341335997508893985e-01 1.797372321851947174e-01
1.478221364464259724e-01 1.496877462282129867e-02 7.282102668693381242e-02
3.514349499124216902e-01 7.232253467770727307e-02 1.638662522456676429e-01
3.491328269243437088e+00 7.116256213118955509e-01 1.019886657973566590e+00
2.700569400004165121e+00 2.320419019975488995e-01 1.095973032908071465e+00
5.689331862466869838e-01 5.879484568909924130e-02 2.686701718293718066e-01
2.295704227125263230e+00 4.288901547376022111e-02 1.100646470076385830e+00
5.485958146654243972e-01 7.810486130265069382e-02 2.544259998988261384e-01
1.075131500373878446e-01 7.610688352664031486e-02 4.995468000587612034e-02
1.632866713670577230e+00 1.530110609009905642e-01 7.080880526829534949e-01
4.783809314192112971e+00 2.396492975334548747e-01 1.929501078938420822e+00
1.800207598212216764e-01 2.336429565083773460e-02 8.795536476418318317e-02
6.316438249974722918e-01 7.752916377895128219e-01 1.778986087558992457e-01
2.855882057293461340e+00 4.365548199037966870e-01 9.940038548214659153e-01
3.401541267509992084e-01 9.622796134666475876e-01 8.667320508672775314e-02
4.317736229820611227e-01 2.958960267941263683e-02 2.096823927992327308e-01
1.361855128896274081e-01 1.891765870108777156e-02 6.682851736186228020e-02
2.813037949620554645e+00 3.953063963318141916e-01 1.008035925663309795e+00
8.771589641359518907e+00 2.960500334388947719e-02 4.259686779333664575e+00
2.080451770204742701e+00 3.072040274947661700e-02 1.009222173469680683e+00
4.078498463054332390e+00 1.300504245586618472e-02 2.013069181357022508e+00
4.076493337240993498e+00 1.030073451477657442e-01 1.847899451972770279e+00
5.161412153696093297e-01 1.453988945283567757e-01 2.253106833939026166e-01
3.426539214656523780e-01 4.798803794139232248e-02 1.634817903736487665e-01
2.439501361716529981e+00 1.372456151574396876e-01 1.072548150198322281e+00
1.060225345918726303e+00 1.282224168040962432e-02 5.234014925263037465e-01
3.769596685945874603e-01 2.021136522278588199e-01 1.567903616667084277e-01
5.866311146050379399e+00 1.711482302896217070e-02 2.883799848959303525e+00
2.857352599424928252e-01 4.039632578813433239e-02 1.373203907299648530e-01
1.416347977623940935e+00 7.358790271560058383e-01 4.079627541627794951e-01
2.765346486593841524e-01 2.993361856769923279e-01 1.064138179586299610e-01
4.240888203524500466e-01 4.123617987029487009e-01 1.501346258238911158e-01
1.509390509398528923e+00 1.599720015913422624e-02 7.428123370625997479e-01
1.064648908224672813e-01 1.893969780114935705e-02 5.224297917345663289e-02
4.236994427030305599e-01 2.413394486846461018e-01 1.706622000742798184e-01
1.961528634032149165e+00 1.425354673195780575e-01 8.584103908099909308e-01
1.937962913319286051e-01 5.796272305332098029e-02 9.158937602859251736e-02
9.098469976737987963e+00 8.393319705763736538e-01 2.473308277756649076e+00
1.609719846073502103e-01 5.135265935538087939e-02 7.655470463452647423e-02
4.428133560916241440e-01 2.247761121533539685e-02 2.165393898284423968e-01
1.603007996891112175e+00 2.337524203192254194e-02 7.831965886278049460e-01
3.411453881177651137e+00 2.693430746396307390e-02 1.660989342931931123e+00
2.002829431428723994e-01 1.166980201469420692e-01 8.967641185417250804e-02
7.445740907824125454e-01 9.535308218529469082e-01 1.905713701706982233e-01
7.200435796347606221e-01 4.431336661262487153e-01 2.494722410459550010e-01
1.375559808107693405e+00 5.038821815295621009e-01 4.573362943593908825e-01
4.919248000327310910e-01 5.133455330911134151e-01 1.625289100460555469e-01
7.262958520499009918e-01 9.191433383935421197e-01 1.892239723630705084e-01
1.736054421194037634e-01 4.748223123940270018e-01 5.885639261776429848e-02
1.707173553978461156e+00 2.696161097896718553e-02 8.311769085268295720e-01
1.677102281974398312e-01 2.258661444043125466e-01 6.840478830538858357e-02
3.980456826878571719e-01 1.115473788978417480e-02 1.968272845749371724e-01
1.037947485698253347e+00 3.962757673081047233e-02 4.991919745733177094e-01
3.318323262726956102e+00 7.504669985774523044e-02 1.543339123391593404e+00
7.859199669398699406e+00 2.344359104711117234e-02 3.839586147272539218e+00
5.709071572932297167e-01 1.114607282268183924e-02 2.823069646601624183e-01
3.310061013073934522e+00 8.145970060896919884e-01 9.120650485935841711e-01
7.359525108217692679e-01 2.900992096368260054e-02 3.576022426161543644e-01
9.287162672983437783e-01 1.131018508713769050e-01 4.171748823215551960e-01
1.030738171596977532e-01 1.216046566880514199e-02 5.091772532905129017e-02
4.151723840282404154e-01 1.042408303234398578e-02 2.054446202342500305e-01
1.084642770643755999e-01 3.904321847873927498e-02 5.219430488328382495e-02
7.089787165875846675e+00 8.788926527876993466e-01 1.886692982527974793e+00
2.171204842245937350e-01 1.075959700252609834e-02 1.074046117734022976e-01
3.687280281625801681e+00 2.871785829392448641e-01 1.432311075750645202e+00
4.472840450966771852e-01 1.554721234558552670e-02 2.202182427656887154e-01
3.073007975836318462e+00 5.713271363820611182e-01 9.778383840909912195e-01
1.668804701706199989e+00 1.665285919072176102e-01 7.152866690467419852e-01
9.086842433244989081e+00 1.061422150922112020e-02 4.495702830935314864e+00
9.469572952542016253e+00 2.095125440904734015e-02 4.637622468088962613e+00
2.651707783446944244e+00 7.570140632113407930e-01 7.546063059393924854e-01
5.278276436113050529e+00 8.554592149035279425e-01 1.422363906928422184e+00
1.001293498053496211e+00 5.907608230502234964e-02 4.727202864756583911e-01
1.087650074339749778e-01 2.272864570447195517e-02 5.317393225016000396e-02
2.374550583698048722e+00 6.911218292664660090e-02 1.110524518202487876e+00
2.128066879816265189e+00 1.028817779541375647e-02 1.053197952122926218e+00
1.199324933421783146e-01 2.471146220889593528e-02 5.852012872172258212e-02
2.815053208762040349e+00 9.042131533540301858e-01 7.391644164949918716e-01
6.141750039521549631e+00 2.382149576025235083e-01 2.480082316003284326e+00
1.493560099506312522e-01 2.482766487966540925e-01 5.982488340810160343e-02
1.330329271357144183e+00 5.679887842370528322e-02 6.294145927470277124e-01
2.524187900617040903e+00 7.568393400604660481e-01 7.183889394604986434e-01
3.710426044864755468e+00 2.446734916635053686e-02 1.810904978027887191e+00
8.492634005215717874e-01 2.247666968963106249e-01 3.467041529924416166e-01
2.454749448498401987e-01 1.026216118492541234e-02 1.214907151238473204e-01
8.867824482901532690e+00 1.191697876079106655e-01 3.961786933980512515e+00
2.673572580130356258e+00 3.892462314129616074e-02 1.286701903380888634e+00
6.371776765193188918e-01 1.485504253845237356e-02 3.139254621652907140e-01
7.169220260888414131e+00 2.444841334470053140e-01 2.880398418994269072e+00
4.721087782038936309e-01 1.304851367359216863e-01 2.088080430526602360e-01
2.049000419060083011e+00 3.958747904493837427e-02 9.854872535317975579e-01
5.169896762171345417e-01 6.488539476983766485e-02 2.427442796925934898e-01
1.044081506235355478e-01 6.560156050920405713e-02 4.899023917234294340e-02
3.063593617841254280e-01 2.021139143021258647e-02 1.501450407031069967e-01
3.714824877886148347e+00 4.919995121218846967e-01 1.244914910395317875e+00
1.946556862157719225e-01 4.739151089171835807e-01 6.603354733190039405e-02
1.468602549796547974e-01 2.408399324050726487e-01 5.917775981588582757e-02
1.328707390651976128e-01 5.458282863499016591e-01 4.297719877378476661e-02
1.860658827410758831e-01 7.145956926132243647e-02 8.682823322458728399e-02
4.244752869318187294e+00 4.880730218940513426e-02 2.023609513614743616e+00
4.485499975496914371e-01 6.561945544774410166e-01 1.354158532694901274e-01
2.981886565015999135e+00 3.365662449725295713e-02 1.442397066079038170e+00
2.556937202048437663e-01 1.346986950917396231e-01 1.126703156136841660e-01
1.420428080740612220e-01 1.626675054585096647e-01 6.108487912803807485e-02
3.871855404291129621e-01 9.789638898762238750e-02 1.763306375322626629e-01
1.247670105219774866e-01 4.536396537320801919e-02 5.967634941263452730e-02
5.016133302019007090e+00 6.299852313610755372e-01 1.538705138398836603e+00
3.191146441553188717e-01 1.791595096725289923e-02 1.567490144211253489e-01
8.766707106720502685e-01 8.705440687886728535e-02 4.032322141028492068e-01
3.230539470595110707e+00 4.277310396377548979e-02 1.549013614905882186e+00
1.648371104753575622e+00 2.955967357209441856e-02 8.005223723625909393e-01
4.492016068552493024e+00 1.013592739878717286e-01 2.039305508495659058e+00
6.426363342569458403e+00 4.315536905623525155e-02 3.080252248705543039e+00
3.659906749479326926e+00 7.826090358519767476e-02 1.697134124640058861e+00
1.923486471061653047e+00 3.493614372560703285e-01 7.127395292150439099e-01
2.331460786877384006e+00 1.034316654588177814e-02 1.153796484242122888e+00
2.374159877015660669e+00 1.008400160469475060e-01 1.078340105014137462e+00
3.757376489097591921e-01 6.390206579962089961e-01 1.146226092626308618e-01
2.425032316156332968e+00 2.119775565559065267e-01 1.000444398924176914e+00
4.194059827295458232e-01 1.647558574466561898e-01 1.800402977362807189e-01
6.320959682956573955e-01 3.246154080380790619e-02 3.061111447325913781e-01
7.306125786107537046e+00 1.964078942265170061e-02 3.582695916982912898e+00
9.645458782802450060e+00 5.596235507250557628e-02 4.567141402564565134e+00
4.918073143556526361e+00 7.073311417917671484e-01 1.440280980992131976e+00
3.727164877020782696e-01 6.242857936338842562e-01 1.147324224477237892e-01
4.112304859632653020e+00 1.362833539226807229e-02 2.028507252631811753e+00
1.163121121637623601e-01 3.445087792704834562e-02 5.621925344432108368e-02
1.242152599122414020e-01 5.033992470975516553e-02 5.913098083297477908e-02
5.020148578590585053e+00 4.495990514736024346e-02 2.402077129400789879e+00
2.250845936447654516e+00 1.365327733042207559e-01 9.902248264710448167e-01
5.581008759866669777e+00 1.362196354530531388e-02 2.753003072440438181e+00
4.022454599158128974e-01 3.304520545409186938e-02 1.946891858130251618e-01
2.070609774291395921e-01 6.034970038726578806e-02 9.763806098757600582e-02
2.266347096894623381e-01 4.048170658939589939e-01 8.066342415382132813e-02
3.654984419966136322e-01 6.130041997809295706e-01 1.132974241623964234e-01
8.237431471518165793e+00 6.042724634448787269e-01 2.567341788635392863e+00
2.009047141024619787e+00 1.240350495059156823e-02 9.922166069163637081e-01
6.076604249491979193e-01 4.151507235544984326e-02 2.917194580655164127e-01
1.904331563193606691e-01 5.199151253603322143e-02 9.051078551968728958e-02
8.544976785044622325e-01 1.001693177634135901e-02 4.230115613020646315e-01
5.247760786364920049e-01 3.489818812029259198e-02 2.535399542971729092e-01
1.461401221005989293e-01 8.162139286445747877e-02 6.755604274503858309e-02
7.250437735797581773e+00 2.116527651016674449e-01 2.991961865901907380e+00
1.399077155492564284e+00 3.469913140825571229e-01 5.193341415291468088e-01
3.170028420136763447e-01 2.855267937082412930e-02 1.541014127772191988e-01
6.628140167162326346e-01 1.761042711631873037e-01 2.817836959560984234e-01
1.680553981525883867e+00 3.342475698701558723e-02 8.130993428227881736e-01
5.131000024258095538e-01 3.203444140668476603e-02 2.485866662194157750e-01
7.260306075363925693e+00 2.091214069863487485e-02 3.555793777903122788e+00
4.973516680154978498e-01 1.472111801427627813e-02 2.450681567506809710e-01
1.090720929854383181e+00 1.544516556072886293e-01 4.723978369109876341e-01
1.381770507296744332e+00 1.120915528224296007e-02 6.832268577073318250e-01
7.619949552572959917e+00 7.895069167603359361e-02 3.531185257750838247e+00
5.795563395395115336e+00 1.031415652329897674e-02 2.868198647903170251e+00
4.339111857200471434e+00 2.271672860449835685e-01 1.767938204735281404e+00
1.782222744168304451e-01 7.968881335647933772e-01 4.959192258208654225e-02
1.316019016476059678e+00 4.308292738898381741e-02 6.308314429852101002e-01
1.198109235999597483e-01 5.482746292156074480e-02 5.679171609170984708e-02
2.173443217842394581e+00 3.649425344069226473e-01 7.961665649121160149e-01
2.765188961005494717e-01 2.658941381401332404e-01 1.092188073904877821e-01
2.809855183347420571e+00 4.607808919309062945e-02 1.343042748135011788e+00
2.375396453527302221e+00 7.124876787300773451e-01 6.935513998234473787e-01
2.642426668857010164e+00 3.897074674451224130e-01 9.507132726698670488e-01
2.828741579218275182e-01 3.782339830611348708e-01 1.026219645569717287e-01
5.339240982273311120e-01 1.211658048648858593e-01 2.381111232212774764e-01
6.182454030690486269e-01 7.774283000206080319e-01 1.739157081784622472e-01
9.335367644608446369e+00 1.105253345674298872e-02 4.616658054696349822e+00
9.274533304001141287e-01 2.148132274706392175e-01 3.817267170901503248e-01
3.312554429399877876e+00 6.697204649090542361e-01 9.919488019152670200e-01
1.084509847467974630e+00 3.473299334873407307e-02 5.240529945595656658e-01
1.102741293664348393e-01 3.950392581917699930e-02 5.304170894762794825e-02
4.389417242695456522e+00 4.332028934833825895e-01 1.531331419526732240e+00
8.571809565183255986e-01 1.032380360621291265e-02 4.242110071339184052e-01
3.732274007077034939e-01 7.464977032301914339e-02 1.736507144069451003e-01
9.529944351210282605e+00 9.942974522260711323e-02 4.334039711323575794e+00
2.376560415600834086e-01 3.235967911371944172e-01 8.977660083169909655e-02
2.027793226412645811e-01 2.057721834234181243e-02 9.934540914533936118e-02
1.946559806568050333e-01 5.140713281420939557e-02 9.256926959197357696e-02
1.139962018131052274e-01 2.728248589335402832e-02 5.548434991275592865e-02
3.731622938658197830e-01 2.904767431876182152e-02 1.813143857075700527e-01
1.079889617175606054e+00 3.204282554368326208e-02 5.231806231522984074e-01
2.960405455783717166e+00 5.880138456513245293e-01 9.321094598421166832e-01
2.212000941095563500e-01 3.086988513518955646e-01 8.451145726958307625e-02
3.477008347818854039e-01 2.589707268746139351e-02 1.694618515047718321e-01
2.063549603516051656e-01 2.782808705112879699e-02 1.003839858782435424e-01
4.956152829128093185e-01 9.736316437297387605e-01 1.255592157957609589e-01
5.401714935371244586e+00 8.597780587047088030e-02 2.487028236751796406e+00
1.791144006920732279e+00 3.229403998622787375e-01 6.769556690184964642e-01
8.195598582216930827e-01 1.876172963495095422e-02 4.022333360104540234e-01
6.542218054028596796e-01 3.665785017915528243e-01 2.393648826412789477e-01
7.309519484008321077e-01 1.727263225125612034e-01 3.116464320655694675e-01
5.240865663907641192e+00 3.604165939700486043e-01 1.926198815545698162e+00
8.923400636375650175e-01 5.595782752643652103e-01 2.860837695005413739e-01
4.725424438191135890e-01 3.550018879961115009e-02 2.281711046170361856e-01
3.446710647639755543e+00 1.994133193460051467e-01 1.436831904417702033e+00
8.324365997392370042e-01 3.243737126339241855e-02 4.031414509533809420e-01
4.455358601162227039e-01 5.350573226354365247e-02 2.114539325566612005e-01
1.309019302151857911e+00 7.503093802731860551e-01 3.739394066286578222e-01
2.537850673434633997e-01 2.778759421830834936e-02 1.234618265345387572e-01
5.846110305859707479e-01 1.805868089371160945e-01 2.475934112427941036e-01
2.663725800062580973e+00 2.343874144304401025e-02 1.301360644363892094e+00
2.455149814607000103e+00 1.574537131056623004e-02 1.208545903310020098e+00
3.406503383084347747e-01 1.304964808179673863e-01 1.506640419004038889e-01
1.111945091555831322e+00 2.998225213467998196e-01 4.277295835756481091e-01
6.382420001972493040e-01 2.106211795102652939e-01 2.636010384583881705e-01
2.631102850580603336e-01 2.405597468444351308e-02 1.284647966333755109e-01
1.573042846513712290e+00 3.946173748661119945e-02 7.566622174652068988e-01
6.252399310658192100e-01 1.786385869870765059e-02 3.071333782619808384e-01
6.510561841949714657e-01 3.132434080108748020e-01 2.478810021902581595e-01
6.207751528643019157e+00 1.562186936877826664e-02 3.056133249917715400e+00
9.695710512311905838e-01 2.972870643206803609e-01 3.736917903127719987e-01
7.363481175027785319e+00 1.924177339668377631e-02 3.612234784338040683e+00
1.830049125949128053e+00 9.839669987599932721e-01 4.612095682773287297e-01
1.770833434283825003e+00 1.575592308620676618e-01 7.648997075359307285e-01
2.718571307408289006e-01 2.593045165741211106e-02 1.324929629984362145e-01
6.888086017976876363e+00 2.743238546406543896e-02 3.352087259185284829e+00
1.729860483603348487e-01 2.575710698156426573e-02 8.432115516575401648e-02
1.356542725688121065e+00 6.244185270967124168e-01 4.175471724373397975e-01
1.722789464363188472e+00 3.857342609613229611e-01 6.216161037860320482e-01
3.825875854081815519e-01 3.916497987730612751e-01 1.374582835945822590e-01
1.459984297460718283e-01 3.143829910055214588e-02 7.077419457537460767e-02
3.969909406119709327e-01 8.382142666316212409e-01 1.079827710562340087e-01
4.977311204592349547e-01 2.348005868095416615e-01 2.015431178832141623e-01
1.545339189022629567e+00 3.931111572005406563e-02 7.434439820996188164e-01
6.822977277771294924e-01 3.064011890108937070e-02 3.310067768876604477e-01
6.751653410204677686e-01 2.727187913207285708e-01 2.652452944141076574e-01
4.438385495475997700e-01 2.986348835521738243e-01 1.708865806582840485e-01
2.932401656135052548e+00 2.042456960411693362e-02 1.436853709467572182e+00
1.483921825287648710e+00 6.525867169959503888e-01 4.489694277541760314e-01
6.976183122902871458e-01 1.103207795859287646e-02 3.450030555404683952e-01
4.455940989260719909e-01 9.757946645304161892e-01 1.127632610122407675e-01
1.118759059654314825e-01 6.996791529850140967e-02 5.228002838487926657e-02
9.852719586880787972e+00 9.099739286145223094e-01 2.579281172185387216e+00
1.738463629090105933e-01 3.152530414904842759e-01 6.608856144974303848e-02
1.638094756077038694e-01 2.467883704290405600e-01 6.569257441474783688e-02
1.130975103176123486e+00 2.261751154134225006e-01 4.611800912281600051e-01
1.581022670397574659e-01 6.408617810920633762e-01 4.817659502512566111e-02
1.028882558996294244e-01 3.137584158718361715e-01 3.915798165652500940e-02
8.138444625905426832e+00 3.185495710220298538e-01 3.086135252236736903e+00
2.618746469308670943e-01 3.707546653494174782e-01 9.552207026926766431e-02
7.846714261697825821e-01 3.018291306009452946e-01 3.013726639407606211e-01
7.713243309400907854e+00 6.083479528002767867e-02 3.635459236310611963e+00
7.868366928944780625e+00 6.531048946785970033e-01 2.379875274180522915e+00
2.017246596894313182e+00 4.575146773824557977e-02 9.644961824711659748e-01
3.652239323563827966e+00 2.535244561068200619e-01 1.456788220513425713e+00
5.047674191571128732e-01 3.267081132440667335e-01 1.902330339726556463e-01
1.431533581384538678e+00 8.900416349364898005e-01 3.787042451667055332e-01
6.028843635444941507e-01 4.916414530022790441e-02 2.873165110746199180e-01
4.645418239394510707e+00 6.824822176824554831e-02 2.174315924301311487e+00
2.856812645666558792e-01 4.626141230154823952e-02 1.365248021229316933e-01
2.674931314142531824e-01 1.468605606691410041e-02 1.318107851265343244e-01
2.807082794287960037e-01 3.440471936864456654e-02 1.356859042561832374e-01
1.274213581850479615e-01 5.169753587857895544e-02 6.057889927383031808e-02
2.631207930256553862e-01 3.349679000636256870e-02 1.272963765199674746e-01
4.006848928648968911e-01 2.109854521727003163e-02 1.962028516942206091e-01
5.377509908699458219e-01 1.338616053274384841e-02 2.653238280791433423e-01
3.879926299359192754e+00 3.755673624497315316e-02 1.869741751858820633e+00
2.470884269996085625e-01 1.058830952851072260e-01 1.117154372162216663e-01
2.335601401478044181e+00 3.126970340271577053e-01 8.896193641547163189e-01
5.080421772166502592e+00 2.877956513249701684e-02 2.469149827792405993e+00
4.395065351974210444e+00 4.584775169547981033e-01 1.506730580650570417e+00
2.040612215620914993e-01 2.249321786013138424e-01 8.329490608822863462e-02
1.151690658314675486e-01 5.967603045367664283e-01 3.606335450106240570e-02
3.278842567050239132e-01 3.993742132414444534e-01 1.171538869311905817e-01
3.661380470976209889e-01 9.886430416424454859e-02 1.665983896783743701e-01
1.977840480294580816e+00 2.940669101557281950e-02 9.606701110244969533e-01
1.868555629533431572e-01 1.588084261483497794e-01 8.062400942941626292e-02
5.093171717136018906e+00 3.281090554614552596e-02 2.465684516781304403e+00
1.390523563446722566e+00 7.787858806096635556e-02 6.450279181944713613e-01
5.121607607551496022e-01 7.933264868290437755e-02 2.372580693172455513e-01
4.425713434808900004e+00 8.332910956484018694e-01 1.207040563638259956e+00
2.980283918006864097e-01 1.040699477797667021e-02 1.474793787755666608e-01
3.130215805544693808e+00 3.701304600256906663e-01 1.142305750025439437e+00
2.710367914611869766e-01 1.742772790016244508e-02 1.331970733786523586e-01
4.506547563615667107e-01 2.627066655012065197e-02 2.195594062317271777e-01
3.392773661500558813e+00 1.134710621564989814e-02 1.677353719929029374e+00
5.699129384798454767e-01 9.574959757454401532e-02 2.600561933772803647e-01
2.096560082844244999e+00 3.419164386316737858e-02 1.013622617860582054e+00
6.792205607356311958e-01 8.253898936505605910e-01 1.860480774814830540e-01
7.084393371152908347e-01 9.212619876166346922e-01 1.843682281962296388e-01
1.746783394214213025e-01 1.516963285668410100e-01 7.583524193343101072e-02
2.042728668563041250e+00 4.102473754145273543e-02 9.811143745667721960e-01
1.610104806944876010e+00 3.669062763361772839e-01 5.889594754296403334e-01
1.769579694180493656e-01 2.125101603310020348e-01 7.297174704488322561e-02
2.468551539638528247e-01 3.885407689833806355e-01 8.889013541337634217e-02
4.738734974728652793e-01 3.913428150799344585e-01 1.702935798197371675e-01
6.564331795821745530e+00 1.213451100701602725e-02 3.242815912526591848e+00
5.900345085238836162e-01 5.023969163223557244e-02 2.809046892937736573e-01
2.026449437554037614e-01 9.720117666606047091e-02 9.234630260384778244e-02
3.084528887683244958e-01 5.736350328388881148e-02 1.458594361401505390e-01
4.696137911693630151e+00 1.792645113572884086e-02 2.306717693824547943e+00
2.024924452713577350e-01 2.431548128042758383e-02 9.884281208863289481e-02
1.070160390696854424e+00 1.682231108715404877e-01 4.580291130768987529e-01
1.298977043904486095e+00 2.259526202101430625e-02 6.351374254058455016e-01
1.608987212237496522e-01 5.749550488411110383e-01 5.108041697512024498e-02
2.324194904473014578e+00 3.948729453382041066e-02 1.117952531356021906e+00
1.645415785317082991e+00 2.701168015644188070e-01 6.477419176293092162e-01
4.233133891612672173e+00 1.440945305344591143e-01 1.849993063787823688e+00
2.003521027668718757e-01 5.092007950279554551e-01 6.637688749798223431e-02
2.189006119378686943e+00 6.418817959636053949e-01 6.666150160018002868e-01
1.916137297468024192e+00 7.703750269604892065e-02 8.895406579025956217e-01
6.040250125543932924e+00 5.534825981389589478e-01 1.944099706292182317e+00
5.792682425058106155e+00 9.706385007474367665e-02 2.640084451175493285e+00
6.601480317450706181e+00 1.464090705719882542e-02 3.253111653361792310e+00
2.596747125972654890e-01 1.466928734939225085e-02 1.279602703239448858e-01
4.820928100970772179e-01 2.864408431877322747e-01 1.873746517960657720e-01
6.412876269795119155e-01 1.261205818406222756e-01 2.847331082126834390e-01
1.338533189974720483e-01 3.817947301196167320e-02 6.446540433376966861e-02
6.292729947582590633e+00 1.185079848455325435e-02 3.109514741208485589e+00
4.103813451565798687e-01 8.425294679384184304e-01 1.113635771632325716e-01
5.123815690992999938e-01 8.879288554931928645e-02 2.352979964783626365e-01
5.473647166065970460e+00 2.045295948044738299e-01 2.272109871636024181e+00
9.447888602102370470e+00 5.561834694124357520e-02 4.475049448258711315e+00
3.512253581343061537e+00 1.014495372091564346e-01 1.594377891447655626e+00
1.141515160756648051e+00 1.178505648752257821e-02 5.641095178453672254e-01
7.981356636657013226e-01 3.643039100247558171e-02 3.850406503873905484e-01
4.499212012817873863e+00 8.214423168179607604e-02 2.078841193759125794e+00
7.822878488823323373e+00 1.573597017018399102e-01 3.379622807550741737e+00
1.019122367962007752e-01 8.338978375851074931e-02 4.703396613296714074e-02
3.101243989885554275e-01 1.628861630486526726e-02 1.525769323856741022e-01
4.769743516198822753e-01 2.819059083879050243e-01 1.860410926023869094e-01
2.350877509190280268e+00 3.861675921546006002e-02 1.131734823423253156e+00
4.280771708049032620e-01 4.363603732607443386e-01 1.490145435553567321e-01
5.815682877863614930e-01 3.866271032136854580e-02 2.799601266162817792e-01
4.713405730478977818e-01 2.131627910827793293e-01 1.942610573421947873e-01
1.768266891434994825e+00 1.600060846138586512e-01 7.621800070228136326e-01
2.235797538271367735e+00 1.157267294305096145e-01 1.001946748830049971e+00
8.704833494675052741e-01 2.585554282212298993e-01 3.458263855322591951e-01
4.804734201546182470e-01 3.959047357829679759e-01 1.721010781889492636e-01
3.358309563014240107e-01 1.564935190960953931e-02 1.653281989842259048e-01
3.944941932066392987e+00 2.538825151601541430e-01 1.573090733928337537e+00
1.760935829926636220e+00 6.289037233105965186e-02 8.283713333787520172e-01
2.195267601392169865e-01 1.116230404746920979e-01 9.874154823449562968e-02
7.636914057815354262e+00 3.055115546220088171e-02 3.705257141936932008e+00
7.485931638803290156e+00 7.006789549634435676e-01 2.200865606337852665e+00
4.813458839849332094e+00 3.590997399768290355e-01 1.770826194084694549e+00
5.572707567686043362e+00 8.985051655859653541e-02 2.556638494462017075e+00
1.881171824665911485e-01 5.669629654843498789e-01 6.002604611923419847e-02
2.140322662292468259e+00 3.232084760872679097e-02 1.036655738983825792e+00
3.817478989622303143e+00 4.647620528177148075e-02 1.823968366578587519e+00
4.800162338584438859e-01 1.253830802378603712e-02 2.370360854767618319e-01
1.416079992939933974e-01 2.630853298539942431e-02 6.898900025807734593e-02
7.583231492235640303e-01 1.630584841298569898e-01 3.260038766627045281e-01
5.187819041604667669e-01 1.842849972198708497e-01 2.190274745430011161e-01
7.074178103692707609e-01 9.195357605615974705e-01 1.842679425160336504e-01
2.471337359994620897e+00 1.105196763600530818e-01 1.112694089354146154e+00
1.894453347069688931e+00 6.550444188716203486e-01 5.723270401290175835e-01
2.612822203125380494e+00 1.421974734243561765e-02 1.288094720089886680e+00
7.630722655125090625e-01 2.761681820558241005e-02 3.712824916805958497e-01
5.373255328774705353e-01 2.553905448766546349e-01 2.140073202997813395e-01
6.446087785473107346e+00 9.230702768835250538e-01 1.675988616474136439e+00
1.087510893568169879e-01 1.242033740118676441e-02 5.370846739209799575e-02
3.090939791294837757e-01 7.706510720475070464e-01 8.728257758092913821e-02
1.116182229927361602e+00 4.239806468066225076e-01 3.919232443328774518e-01
3.118300576090188070e+00 1.942743027704069494e-02 1.529437252459822094e+00
1.234230425310546553e-01 7.075640638150666739e-02 5.763357650511196500e-02
2.923458190809128943e-01 2.378680285782704476e-02 1.427767081314442743e-01
3.222816434026449239e-01 1.470901240635435758e-01 1.404779086847024183e-01
7.100671415090896055e+00 1.558858164266617441e-02 3.495840512309570158e+00
2.011693285589042091e-01 8.755803665165386163e-02 9.248670957287907779e-02
1.080709770367856565e-01 3.351708481996651390e-02 5.228311105065625713e-02
1.146688197867236525e+00 3.219165336548461820e-01 4.337218609017859938e-01
6.608727421029554350e-01 6.153031076736811128e-02 3.112830295091706390e-01
1.287419639857569631e-01 1.268928237264066970e-02 6.356439543041574047e-02
1.007430687083286758e+00 1.368456836224801916e-02 4.969152725245362667e-01
1.507210730995641179e-01 8.173611955531209228e-01 4.146701092451013371e-02
4.223552545891642751e+00 3.042318348317511745e-02 2.049426203520878342e+00
4.305238382350737858e+00 1.950974700340963111e-02 2.111425807847788771e+00
2.019064689894173537e+00 1.160447170410394691e-02 9.979516433398850639e-01
4.494023691167655654e-01 2.760567206731584164e-02 2.186647959098294847e-01
4.336654796609776819e-01 3.193445827124066216e-01 1.643488309814468418e-01
3.177967670281375834e-01 3.137861956296209703e-02 1.540640658048550715e-01
7.985122968763915807e-01 6.059664814608207301e-02 3.764448521839982020e-01
4.045588419037842165e-01 9.869238670822061410e-02 1.841092405836533830e-01
1.610691377322412132e-01 1.022118511132159985e-01 7.306632457706022099e-02
3.696078583077355706e-01 1.827142310378699341e-01 1.562540842953215880e-01
7.533521825477714984e+00 1.283857447513712113e-01 3.338185483341804094e+00
1.074444002509645640e-01 5.911477294444532626e-01 3.376317555645150931e-02
7.606785856988127481e-01 2.798693286946009606e-01 2.971704097615436302e-01
1.458285244434031735e+00 4.094707471340731930e-02 7.004608014463779009e-01
2.098181693940676384e-01 4.598156218881670199e-02 1.002972599990209213e-01
6.802362948863293068e-01 6.440234120011113783e-02 3.195390824297532628e-01
5.367532669340676632e-01 7.720532887067448058e-02 2.491415761453721900e-01
2.385428313807816947e-01 7.209763733919957174e-01 6.930450500915956435e-02
3.989313433458921310e+00 5.947589760513848772e-02 1.882682485970869735e+00
9.229702103889966258e-01 6.054643431749900245e-02 4.351389908651016047e-01
1.618555807385692880e-01 1.405007373653799005e-02 7.980650311585169021e-02
9.790220199633229425e-01 5.271751443489133271e-01 3.205336413397145701e-01
3.879531736463275871e-01 7.594271198967755820e-02 1.802852369941279620e-01
3.173896131750505445e-01 3.003352688733056941e-01 1.220414537590975984e-01
1.641357636845895529e+00 1.300793250728327598e-02 8.101405646367405566e-01
5.710300364701740294e-01 3.503032629625445898e-02 2.758518383290005094e-01
1.154073973697532285e+00 7.232940267572749438e-01 3.348453472763307515e-01
1.530128385657341772e+00 5.066451178854578657e-02 7.281717277442848468e-01
1.271147468969319183e-01 2.028638915927409025e-01 5.283837505863453465e-02
8.292166458909533411e-01 6.115912198295151425e-01 2.572664319859825910e-01
1.079864199637944056e-01 1.217372149496420836e-01 4.813356395982735375e-02
3.938613262953092775e+00 1.732008438333994954e-02 1.935778779665265237e+00
1.424670739896525262e+00 2.919001468494561782e-02 6.921320259469500025e-01
9.295590425547215485e-01 3.937717613285757201e-01 3.334688893641539198e-01
6.597943948029015848e-01 1.687849797097963969e-02 3.244214506056608549e-01
1.997618995953198695e+00 9.993028878094164513e-01 4.995788802520906291e-01
6.715890690416758346e+00 1.160153916606858626e-01 3.008870101882368253e+00
9.958002579731225490e-01 1.023238524925674901e-02 4.928570260234860223e-01
9.030526325388942510e+00 2.591250492991263865e-01 3.586032352551342672e+00
1.034034770086408872e-01 7.326469313602113065e-01 2.983974263223499943e-02
2.831860160383172786e+00 6.400455310523345265e-01 8.633480311263403983e-01
7.122035409954688978e-01 1.261844097735357328e-01 3.162020068892117397e-01
8.867442366716872471e+00 4.914732016338876353e-01 2.972712602882410238e+00
1.462404270016199659e+00 6.680100615162262168e-01 4.383679402649615642e-01
8.614400408110258311e+00 1.563654128561217382e-01 3.724774328399117262e+00
4.220451239727818660e+00 3.646137961888393786e-01 1.546390360230456062e+00
2.430087369247651896e+00 4.232238738658727351e-01 8.537263229877030124e-01
2.686264457510911807e+00 6.672019833617273132e-01 8.056205799654695410e-01
3.162044389815833245e+00 2.213171789707959677e-02 1.546789095010857151e+00
1.020910057098330798e-01 9.577388043470690115e-02 4.658397482030340875e-02
2.840557855457058523e+00 7.088804803303475066e-02 1.326262750188726081e+00
3.681610087615609039e+00 9.367559123889192263e-02 1.683136259558083880e+00
5.189625186706790849e+00 8.164801288434327953e-01 1.428483886033772965e+00
6.666369231049770194e-01 3.538752770558564048e-02 3.219262861810985865e-01
2.231830066861854256e+00 2.012905306191685451e-02 1.093895943931317838e+00
4.146160512560574496e+00 2.941660561753660710e-02 2.013839921531737076e+00
1.525267024406376792e-01 1.527535780382111713e-02 7.511592853517773394e-02
1.079324416353735633e-01 1.318579964920957477e-02 5.326389378569187233e-02
2.845656137736971569e-01 3.696523215167143439e-01 1.038824266944538138e-01
6.000660244388987152e+00 1.406221201469368999e-02 2.958723919150454851e+00
5.331643884732855554e+00 2.362308036591134197e-01 2.156411193181624775e+00
3.445260484061346329e+00 2.313600929570850187e-02 1.683676682649916989e+00
9.512469617484807571e+00 1.574803315819850169e-01 4.109127973035899828e+00
1.001209891824852288e-01 1.450663352290263060e-02 4.934466955371809294e-02
7.214977602723479322e+00 1.057793151794605632e-02 3.569728458193308196e+00
3.249904410118500397e-01 2.814075814305239120e-01 1.268099415523360474e-01
7.026059834672323312e+00 8.497367795919322786e-01 1.899205311855866274e+00
5.982656566453726787e-01 8.280955558268447980e-01 1.636308492568863682e-01
8.101313644367728051e-01 1.519790227064435513e-02 3.990016934751298150e-01
5.922294639185777809e-01 1.407540153349381290e-02 2.920046492711503849e-01
3.695447657078992254e+00 4.745810622108568438e-02 1.764007378973397655e+00
1.446066293700665639e+00 5.891511163527696909e-02 6.828055798861502046e-01
2.861949643768051943e-01 2.280222081326198011e-02 1.399072853739223854e-01
1.853221982092802533e-01 1.155450792686300854e-02 9.160267526714405140e-02
2.191855381245409795e+00 1.399639906984683629e-02 1.080800377228178233e+00
1.698634881007218711e+00 3.759399857371317211e-01 6.172634339488323185e-01
1.444035306633802751e+00 1.077265010462584160e-01 6.518013721211406430e-01
1.817626385544535428e-01 6.122414322563254352e-01 5.636954705353200423e-02
2.919206628334425346e-01 7.047952681392835594e-02 1.363504184439131295e-01
2.701984719551686065e-01 9.251479787974340452e-01 7.017602670833418543e-02
1.896954179337632940e-01 8.073933616512092293e-01 5.247762384179065209e-02
1.098967573449222690e-01 4.438250974465218074e-02 5.261326971656755946e-02
9.379506451105598108e-01 3.775677701609198023e-02 4.519125607676062750e-01
1.585868633852138554e-01 2.431415176903786723e-02 7.741124298211003729e-02
6.938792842266887639e-01 3.824045373478416471e-02 3.341611674495291728e-01
7.410321188567011719e-01 1.719793194729704877e-01 3.161455609941723477e-01
1.120446901036610710e+00 1.849918510745614947e-02 5.500480105530957120e-01
1.452110822415552338e+00 1.200147002082302128e-01 6.482552515362430823e-01
1.144728664101370141e-01 1.373121218955542649e-02 5.646115313096031207e-02
5.571650046238189269e+00 2.278556492834927782e-01 2.268853854884933074e+00
5.349814792050930912e-01 4.487507853719362866e-02 2.560026027006297999e-01
7.073085793721502590e+00 3.086778159291073825e-02 3.430646451474152592e+00
7.241854005498385760e+00 2.528334622206438245e-02 3.531635441160226208e+00
9.509437737759679266e+00 2.409317218830777096e-01 3.831571701354118176e+00
7.463938472636509225e+00 7.903402961109427804e-02 3.458620519747029665e+00
1.404212881421052772e-01 1.279077638833020503e-02 6.932393709333314891e-02
3.410834760829279388e-01 2.535760551193595447e-01 1.360441892177222389e-01
1.188473522564882368e-01 5.207463158150776872e-02 5.648237714744323845e-02
1.972474366423037084e+00 2.329311853733667670e-01 7.999125944023046664e-01
1.161336980297121624e+00 2.187236971460885387e-02 5.682397404587145040e-01
1.177453090839155392e+00 3.050866358651206992e-02 5.712970363302080079e-01
6.806147776795517856e+00 2.243737025165379664e-02 3.328393491290479567e+00
3.666819452956401881e-01 4.939962660837471375e-02 1.747103467535738863e-01
1.999756459356710980e+00 9.112129051008077685e-02 9.163767936476882037e-01
1.762703047607713458e+00 4.633535752969718535e-01 6.022820039408424142e-01
1.900605514235653715e+00 2.876329493413638527e-01 7.380230193735842770e-01
5.679973652387375616e-01 6.690015847169847318e-02 2.661904962374250228e-01
6.187822496676421480e+00 3.258492462310471627e-01 2.333531702139727937e+00
4.624352504199186753e-01 4.344640681956127987e-02 2.215903219358565657e-01
7.028572993250519652e+00 2.161911759382547649e-01 2.889583945479701210e+00
3.334990478296651628e-01 1.816303664342827293e-02 1.637748748614511751e-01
1.558794582996898825e-01 7.082117076030840508e-01 4.562650449176925554e-02
5.045445731474162088e+00 4.142729711979031143e-02 2.422370599190184937e+00
5.076821217476346071e-01 9.776022113386138856e-02 2.312354337376411606e-01
1.173401950873663585e-01 2.562702669636494901e-02 5.720412588254887576e-02
9.335141009752147001e-01 1.143374579068014291e-01 4.188650818257290687e-01
3.016776911105300552e-01 2.154708450688045535e-02 1.476572620517807299e-01
7.397384643913442304e+00 5.945428741617319046e-01 2.319594149452496090e+00
7.726587867180927383e+00 1.144065620253516546e-01 3.466682685867545910e+00
1.825009451086596846e+00 7.977752556852263366e-01 5.075744160220377887e-01
7.695890358644031926e-01 9.154772807024835757e-02 3.525219356303195273e-01
5.767289044272920773e-01 3.327619025066275715e-01 2.163660678409976279e-01
3.065530662874528245e-01 6.666368372011237386e-02 1.436971516731092302e-01
1.156534760134160927e-01 3.089903176875805069e-01 4.417659720269197232e-02
4.471158496799105819e+00 6.312693030064166211e-02 2.102833805336258077e+00
7.737789607844320905e+00 1.144070890108947990e-02 3.825132575616458031e+00
5.898585625104566521e-01 4.043459342783910504e-01 2.100118454124159650e-01
7.003053258894236244e-01 3.830923693901401861e-01 2.531665062248213416e-01
1.069394287648467307e-01 1.880935975571235985e-01 4.500463136268398334e-02
6.332803669334331254e+00 3.875367446281173522e-02 3.048270165017381128e+00
1.594917247628221402e+00 3.419747114563148060e-01 5.942426612113326234e-01
1.192586762437067405e+00 6.853100588390331760e-01 3.538182057901588240e-01
1.613674901022121855e-01 1.350596605441981360e-02 7.960855461483667961e-02
2.894879232502727828e-01 9.098278760576745949e-02 1.326730020578843483e-01
1.664688797350141469e-01 4.315873650743737300e-01 5.814136244712028723e-02
6.541229926675690143e-01 5.204623671426076292e-01 2.151066040183740036e-01
7.650957934196905841e-01 2.399440231770934642e-02 3.735839725724927618e-01
1.026886861224622638e-01 3.941214014938096422e-01 3.682917643055715756e-02
1.374683669601791391e-01 8.678951417530115231e-01 3.679766703369807129e-02
5.739419111955087471e-01 2.119330415523031086e-01 2.367877974761608550e-01
4.261352553951854638e+00 6.968447885293400923e-02 1.991873603009307603e+00
7.591831008353604915e+00 5.375507630470451881e-01 2.468806621157819681e+00
2.756411526205886364e-01 2.637628185238430345e-01 1.090557296750332417e-01
1.971727528518569361e+00 7.425205598369857274e-01 5.657687989354416302e-01
7.668963273258651014e-01 2.107500193451249948e-01 3.167030002364430441e-01
3.534622167122657199e+00 4.056555215953391857e-01 1.257286053666641479e+00
2.530545570943227851e-01 1.080761981187568360e-01 1.141864420172311739e-01
9.351460603101360292e-01 5.641793539365134169e-01 2.989254582464241916e-01
6.206842211274697929e-01 6.026152503828660634e-02 2.927033597229969364e-01
1.739441395931846657e-01 5.504163400800963363e-02 8.243472768576265430e-02
2.921712360753382365e-01 4.949526478743181829e-02 1.391960716156806777e-01
3.252408778215143403e-01 9.100820259741085883e-01 8.513793475849476544e-02
2.094345988565653016e+00 1.380625925269486111e-02 1.032912338748753767e+00
5.329425018343578735e+00 1.330676344011515362e-02 2.629719454477192464e+00
3.946630625349774046e+00 1.990254880463724618e-01 1.645765942715780472e+00
1.374189692479644398e+00 1.371781034674418864e-01 6.042104083298452943e-01
2.543329242452045946e-01 1.919619368268685178e-02 1.247713275528518073e-01
2.456622736692969600e+00 2.910301923248909128e-01 9.514195528878671704e-01
8.499641609355214067e-01 3.679093121212596573e-01 3.106800112419205173e-01
9.367776925261562582e+00 7.747387492714086221e-01 2.639198848029705058e+00
1.809087976576479462e-01 6.258810252188269641e-02 8.512649314832806957e-02
1.697631263345849850e-01 1.744898784444855883e-02 8.342586624133484230e-02
9.214349946151584092e+00 2.355228925963336328e-01 3.728927242614058279e+00
2.312880460157133555e+00 4.853907600209307338e-01 7.785427654486495319e-01
1.338304814736772097e-01 6.124845455624205320e-02 6.305332219759889056e-02
1.430013229612223380e-01 8.898922616299249633e-01 3.783319448006305930e-02
8.258201955278943629e+00 1.479769924957358429e-01 3.596849940923192435e+00
1.830269057112252185e+00 5.094325503933318233e-02 8.707744439749753873e-01
5.134496732825332144e-01 3.106573130192284357e-02 2.489897868267827163e-01
4.532409171996543584e+00 5.127065837631217260e-02 2.155681382279255320e+00
2.218602468400006356e-01 7.900486682350518763e-02 1.028078063693714100e-01
1.158576552903966689e-01 7.310405079179435051e-01 3.346474411212584793e-02
2.061219437910459362e+00 2.716293560516524486e-01 8.104639249248090094e-01
2.082925130880016074e+00 2.531673994919875215e-02 1.015747158767357439e+00
1.324461368192135335e+00 1.065111025858288402e-01 5.984853496259432415e-01
2.801935855255611507e+00 4.317565870511774206e-01 9.784958842153584913e-01
1.589817720993783601e+00 1.430905377873768931e-02 7.836949276312917823e-01
2.167337739921816553e+00 6.192542428599003002e-02 1.020475492136877493e+00
2.706746799220290267e+00 2.318077085272584117e-02 1.322711917740825527e+00
4.568087833929433961e-01 8.229898123586447400e-02 2.110363177424960657e-01
1.002387700989611219e-01 1.159131625851551363e-02 4.954509221654131851e-02
2.830329170033396013e-01 4.267264642319520268e-02 1.357247252885463440e-01
9.645379596938414846e-01 4.152404325097791005e-01 3.407682318626720774e-01
1.646825346115632083e-01 8.662276224362731869e-02 7.577723398299307522e-02
3.275097622764009397e-01 1.021338315529165056e-02 1.620992988894384701e-01
4.653303819011655129e+00 3.963971485763430058e-01 1.666182082853648883e+00
6.756408227163726465e+00 1.764991015206747102e-02 3.319613238188227289e+00
9.349032122595163585e+00 2.243352937324080004e-02 4.571951062836421720e+00
1.344979490638499031e-01 3.393640765737362397e-01 5.020962985953482394e-02
4.649994342992944674e+00 5.624496538297738546e-01 1.488046136909174644e+00
3.635915355214737410e+00 1.499998230105515085e-01 1.580833006433157051e+00
2.081713827117368965e+00 1.198131169660432600e-02 1.028533730344950436e+00
2.210097938138675389e+00 1.028526770654515782e-01 1.001991464544230936e+00
2.874450396592770129e+00 2.288526842426354124e-02 1.405069798796110048e+00
3.486704901453230865e-01 1.185463357584504163e-02 1.722927773296538123e-01
3.245257513244153569e-01 3.509464711162296746e-01 1.201105144663035945e-01
2.646949404445019804e-01 3.390225394051373797e-01 9.883886665645415237e-02
3.453180872362590081e-01 6.023897412140416519e-01 1.077509666826220042e-01
2.860590590854561910e+00 1.009834775322165090e-01 1.299106957202660118e+00
4.241685683629316528e-01 3.923837565611894285e-02 2.040766480044265696e-01
1.617088376242465708e+00 3.058099775430421496e-02 7.845518109523633710e-01
3.099126243759990906e-01 1.187973319784372227e-02 1.531370844816617449e-01
4.410177776250963966e+00 1.247641275033264940e-01 1.960490056719879304e+00
3.099694404670894632e-01 8.090809072801268265e-01 8.567041949857145955e-02
2.283308330055134339e-01 2.075601823943505619e-02 1.118439807973557742e-01
1.370596359404648579e-01 8.917862816759825062e-02 6.291880523355930510e-02
8.550501425804561961e+00 6.549571995392231005e-02 4.012452263146740528e+00
3.218507345446971479e-01 2.088074942246227056e-02 1.576338542610271343e-01
2.170174108432783466e+00 1.361155561342777993e-02 1.070515670630558080e+00
8.571102822179706981e-01 2.832361429936447461e-02 4.167512397359230403e-01
1.884135317843981250e-01 1.796609045121932285e-02 9.254411004048412881e-02
2.740012852067533089e+00 1.061820050383335302e-02 1.355612263217468083e+00
1.703269391077526229e-01 1.471996175234121518e-01 7.423596404061588716e-02
2.136655688511840123e-01 1.718269073935268024e-02 1.050281187423069418e-01
1.334587393289791424e-01 1.521978660711095603e-02 6.572898848583393072e-02
8.890041282739916895e+00 1.639127811876328611e-01 3.819032416530687257e+00
2.105471960120288255e+00 5.960393716071288317e-02 9.935183733660221117e-01
7.688112241482782494e+00 1.020868062940620408e-01 3.487979439357981715e+00
2.013392967140601453e-01 7.632321900749718946e-01 5.709381267180112240e-02
8.733256590428641886e+00 1.345731398021310192e-02 4.308645499892831410e+00
1.182219953989689376e-01 1.778542548259080258e-01 5.018532425153172244e-02
4.042713314061857632e-01 1.197606363683966640e-02 1.997435245421297079e-01
1.001629446401143708e+00 1.926144129300585983e-01 4.199301281041472045e-01
8.961906180545655687e-01 1.819311469938213188e-01 3.791213305165780922e-01
2.835340905771842834e+00 3.087046510781714381e-02 1.375216868530276138e+00
2.493528849822693461e-01 6.283991829446984312e-01 7.656380806190123123e-02
1.770957433395086156e+00 7.765409802615788060e-01 4.984285341772216049e-01
1.712460512334265106e+00 1.573518819357960785e-02 8.429660270900760644e-01
1.401728582434409009e+00 1.088453734271961626e-02 6.933178472187777608e-01
1.735370410352494730e-01 1.028907607219567838e-01 7.867372146705238489e-02
5.330805104138461203e+00 2.889259256466806744e-02 2.590554710307824582e+00
2.552572221654555218e+00 6.793880611912067602e-02 1.195092924345814378e+00
1.002971682703222983e-01 6.281169019344665649e-01 3.080158683665559088e-02
1.286171587770831570e-01 9.421646394737832886e-02 5.877135055759334648e-02
7.049868167603142055e+00 4.375763940509359157e-02 3.377157637677903779e+00
4.747972272820843109e+00 3.568383270260122031e-01 1.749645546653922912e+00
7.115177976055980791e-01 6.424911619663463691e-01 2.165971464813813974e-01
1.613053014783997652e+00 6.514122937350093068e-01 4.883859169825318647e-01
6.691789467745687503e+00 6.433451453017456911e-01 2.036026785632108371e+00
4.336946103576825529e+00 1.239870323315075407e-01 1.929268745467915380e+00
3.532575435037853540e-01 2.753573027871824772e-02 1.718955035305509693e-01
6.046485261176108850e-01 1.022678736877865799e-02 2.992637562563893461e-01
2.491775524600436942e+00 1.871118653275005983e-01 1.049511675090959439e+00
4.705995306306217651e-01 1.679400921919126793e-02 2.314134064342103225e-01
5.433501093595914933e-01 5.033326179427697333e-01 1.807151999745528759e-01
4.686945026937652692e+00 6.980893461455469629e-01 1.380064316867789964e+00
2.529052938995677291e+00 4.643942071313578168e-02 1.208408670839329790e+00
8.984393633955621850e-01 1.448522927196588261e-01 3.923822178236069935e-01
1.605834901947806870e+00 2.482344052003003787e-01 6.432425253052223013e-01
1.788088161557558897e-01 1.782006307726035146e-02 8.783910960408281010e-02
7.721890984664686819e+00 5.899092064807127944e-02 3.645872138327265866e+00
4.581116308709470175e+00 1.370427251830565185e-01 2.014487321913053020e+00
5.673423752372907636e+00 1.627652237623835874e-01 2.439625659776482269e+00
2.073054225148540208e+00 9.729547426535115062e-02 9.446198739389078947e-01
7.726479734082775108e-01 2.475742705854825157e-02 3.769906677456719146e-01
3.605825281803010651e-01 2.787304305038181274e-01 1.409923935407684237e-01
4.262676760010700505e+00 6.634889182082605308e-02 1.998725179304138511e+00
1.274002870295118661e-01 4.789005554988422231e-02 6.078895698779109708e-02
2.287212178375703509e-01 7.123485903604949154e-01 6.678582244442951565e-02
1.037493784847749595e-01 6.335814874415902909e-02 4.878383572237841165e-02
1.084407508722658037e-01 4.151326932902370953e-02 5.205922673559734010e-02
7.194204266641610612e-01 7.011307294958217529e-02 3.361422474174634023e-01
2.240137393667703591e+00 1.625905897083405049e-01 9.634248778108926992e-01
6.344037764171730487e-01 1.854897353592771178e-02 3.114252691330189893e-01
1.059587332823130473e-01 1.143994156495701381e-02 5.238014089020832237e-02
1.428158839053839557e+00 1.339416190218975164e-02 7.046413393447602536e-01
3.662464374337346951e-01 1.573269452280396871e-02 1.802868212319378993e-01
6.112233757249674326e-01 7.359336943434530154e-01 1.760503231536553748e-01
1.753655663283551602e+00 3.921164078747790133e-02 8.437432734850300875e-01
1.601688634798512867e+00 2.426459886665711246e-02 7.818724949445543526e-01
1.270344923610319476e+00 6.788628382763848279e-01 3.783349344114755319e-01
4.506851091768430351e+00 4.793076086792027318e-02 2.150357285072800551e+00
2.389306669340417744e-01 3.738573281293771089e-01 8.695614240358061353e-02
2.243929550128623163e+00 2.041806938723058837e-02 1.099514805473858825e+00
1.096080193762819788e-01 9.269003484091027645e-02 5.015512903082360030e-02
2.745525565254394729e-01 5.900671751045842850e-01 8.633363446024888699e-02
9.852998593347976897e-01 1.406106067651648195e-02 4.858188020144806329e-01
5.304773194840229911e-01 3.938958233413630272e-01 1.902858558727849314e-01
1.235281775601715509e-01 3.048366032027735595e-02 5.993698993819010501e-02
4.589835616350916858e-01 2.010826475859402163e-02 2.249680634357515974e-01
1.312396867402269240e+00 2.521460940494104075e-01 5.240590030345457784e-01
1.798885259867945230e+00 3.947255217640981972e-01 6.448886292668724041e-01
5.602160312078151350e+00 2.266705089788798588e-01 2.283482105044479571e+00
5.737018494665949708e-01 2.551850964860223336e-01 2.285327682238711688e-01
1.519457158085285142e+00 3.453986473824922215e-02 7.343637543004326584e-01
1.343088407838462783e-01 8.538825376578116355e-01 3.622366521493092240e-02
1.168571553746874825e+00 1.361973905892256698e-01 5.142467160309441843e-01
3.468951372836502900e-01 7.327863797998082074e-01 1.000974907604385983e-01
3.438472560327911487e-01 2.936144666465055342e-01 1.329017512165590331e-01
1.654794598764601776e+00 9.644185252379174900e-01 4.211919653334016411e-01
9.181958599034550916e-01 7.784301947263135846e-01 2.581478493297731935e-01
5.993729395332673127e-01 3.734503841166529614e-02 2.888975785968954657e-01
1.022164983981164843e+00 1.849955794869250630e-02 5.017994244591793551e-01
2.044584103778777084e+00 2.703680913403049002e-02 9.953801487907306678e-01
3.257990696731288272e-01 1.052770104199847803e-02 1.612024437020298517e-01
4.110393390022543669e-01 3.126201093157503497e-01 1.565720866551873758e-01
2.521226119948026145e+00 1.187123358415110609e-02 1.245823597048799414e+00
7.416770290513955421e-01 4.585724012066093314e-02 3.545785220962986983e-01
1.631771724777623389e-01 1.060211550306415507e-02 8.073264936544038983e-02
2.629257109114632840e+00 6.307620704428260616e-01 8.061436909679503549e-01
1.024627907511756586e+00 8.553010243483541997e-01 2.761352185076384469e-01
1.485311458787185401e+00 6.814370906351669976e-01 4.416791645253005938e-01
1.109795106513845386e+00 3.257286188688748862e-01 4.185604394135859496e-01
9.924708566837320278e-01 6.322829971934883497e-01 3.040131087532507159e-01
2.601916783123505716e-01 3.294314913584894811e-01 9.785824993752470502e-02
6.374891293885140975e+00 3.334499786361928841e-02 3.084589999982995767e+00
2.537375539464832297e-01 6.031724952350039221e-02 1.196517146450796626e-01
1.870816996315569192e+00 2.123160893703508745e-02 9.159611688198912027e-01
2.407787879684567811e-01 7.926799098507639751e-01 6.715610150071381346e-02
1.779836941376240211e-01 8.399907290688371497e-02 8.209587009163103744e-02
1.133913643828364126e+00 9.916386133583409146e-01 2.846685227487973369e-01
9.255848382394269436e-01 1.500823256869920561e-02 4.559494241229123945e-01
2.992257544340011233e-01 4.694968633955347581e-01 1.018123147750675112e-01
3.188742564917488753e+00 1.505915229013486158e-02 1.570717606812952027e+00
1.263011268400292542e-01 9.450610959256462718e-02 5.769777150309626096e-02
1.603996101231718097e+00 2.665549839134294385e-02 7.811754301929930699e-01
1.827410829630975897e+00 1.365856751071648501e-01 8.039036870047986394e-01
1.175056422897307745e-01 1.939774119185526113e-01 4.920764878663652642e-02
1.741290769688462747e-01 1.557373803717228833e-01 7.533245870824074875e-02
2.271681673292977599e-01 5.626034589714123957e-02 1.075341738481866011e-01
1.418648091980826198e+00 4.443769042395385171e-01 4.910934562221283550e-01
9.906613217377976399e-01 4.727541734781758043e-02 4.729707703092120297e-01
2.121157411494164702e+00 5.392874418302464473e-02 1.006309688013312886e+00
1.415339815189953665e+00 9.623276897471294555e-02 6.455471206693155217e-01
2.702127206105653934e-01 5.717931252802880282e-01 8.595683371575379983e-02
7.615475295609703821e+00 1.360588140989680596e-02 3.756625447465239631e+00
2.174676084435117618e-01 1.156371638462722479e-01 9.746341171253658509e-02
1.176336709791184987e+00 3.676189937617292958e-01 4.300674073542919418e-01
1.907650564237595825e+00 4.131684627803884347e-01 6.749551148644801213e-01
1.765053971412017253e+00 2.370650944873886057e-01 7.134038375496379869e-01
7.391196420748676665e+00 2.072453991796822242e-02 3.620563693581168696e+00
9.711855080257864037e-01 2.199985841352047056e-01 3.980273094801214939e-01
1.326427934328572866e-01 1.074646897754882695e-02 6.561625368181406293e-02
2.812452776178314462e+00 1.450119694287825001e-01 1.228132478641850156e+00
9.432099829194726226e+00 4.569617973178521919e-02 4.509961885685574323e+00
8.501285335565543777e-01 2.177214769281132084e-02 4.160069030439747517e-01
1.477466389430025950e+00 1.914710353743421523e-01 6.200177535015899410e-01
1.603649258374860276e+00 2.878973636258953805e-02 7.793863029994623215e-01
6.589720596313257683e-01 2.340022410609900530e-02 3.219522744422460003e-01
2.150773776251585279e+00 6.090378682005812006e-02 1.013651663313547058e+00
9.225184762708209973e+00 1.250033492928570300e-01 4.100069910239325210e+00
1.563294978461274021e-01 1.603816873326800174e-01 6.736123964756603189e-02
3.689938507384127320e+00 1.582315459762995494e-02 1.816230753691434163e+00
9.530430889699930130e-01 1.335451130860481617e-01 4.203816319120097234e-01
2.382023305772730526e-01 4.622162074048551811e-02 1.138393270866837476e-01
4.929412791776705660e+00 1.221257858876521607e-01 2.196461775395936566e+00
3.961008120674648136e+00 2.841437402409760157e-02 1.925784110336556942e+00
4.699990920842314068e-01 2.620166319801381927e-01 1.862095475504114972e-01
7.954829020371984027e-01 3.594892314643419184e-02 3.839392484820193796e-01
2.268501133177677431e+00 1.669947069289738281e-02 1.115620298116048348e+00
3.450948436709666556e-01 1.335960365033865907e-02 1.702726467622455997e-01
5.530610155340163203e-01 3.368190703849089501e-02 2.675199264726136894e-01
5.363791421650906166e+00 7.369626539137720533e-02 2.497815999991268132e+00
2.572284616438524907e-01 7.040378927939909826e-01 7.547615658419810913e-02
1.819692816298425220e-01 5.563447030035341412e-02 8.618953186421994539e-02
1.634944928897307526e-01 2.597273691483989455e-02 7.967779601111442400e-02
9.160421841920350916e-01 7.154909995024161251e-01 2.669912533664519638e-01
2.864247903473882695e-01 3.565764884312547234e-02 1.382815984931589914e-01
1.051742983326589220e+00 3.371009213477051819e-02 5.087224122744985477e-01
1.057393016113381268e-01 4.917544321059839213e-02 5.039162053191199864e-02
1.430167749334508853e-01 2.811155811561273296e-02 6.955314032048282025e-02
2.155804752463620133e+00 2.048354193148793634e-02 1.056266301161157717e+00
7.031187126544279353e-01 1.358014549180763114e-02 3.468490951513567011e-01
3.141744004499958720e+00 1.467251967218472786e-01 1.369876590085091106e+00
1.870875486913469166e-01 3.822442609913809936e-02 9.009976262756617948e-02
4.412175123614622052e+00 6.839086687490064653e-01 1.310099296208408148e+00
2.260499202330359392e+00 1.106336897245561481e-02 1.117882059473535472e+00
6.674385432576177557e+00 1.337739366220241088e-01 2.943437495336107101e+00
1.657822536154209825e-01 2.720669081867271855e-01 6.516255259392603194e-02
3.970922213227570663e-01 6.442278570483131461e-02 1.865293690889064937e-01
7.684832794175279425e+00 3.282509339709494545e-01 2.892839220974851244e+00
1.150398967464466127e+00 1.352959045767708479e-01 5.066515975380557757e-01
7.712103799620809719e-01 1.591857767917592703e-02 3.795630855200419762e-01
8.249885970000423452e-01 5.561867741720738501e-02 3.907607049065056626e-01
3.270150889888712165e+00 8.126471288030758799e-01 9.020373678709470155e-01
3.307952183019498449e+00 1.584520355683957382e-01 1.427746717798483500e+00
1.980626008267070359e+00 3.003934555328808056e-02 9.614322097585370486e-01
5.921717163443415144e-01 6.416189925768180091e-02 2.782338461644875971e-01
3.157185911101885178e+00 1.121826180243865184e-01 1.419364886636206302e+00
4.097192835402606037e-01 3.667020236402883104e-01 1.498934209700480691e-01
8.742859228605470712e-01 1.699099079292871323e-02 4.298395614000881659e-01
2.916075436369236940e+00 1.230247669177544773e-01 1.298313056965197720e+00
1.006794376563734605e+00 3.686466595639371208e-02 4.854994145427249941e-01
2.928169901509055095e-01 3.249801231680929381e-02 1.418002682125543146e-01
5.132700212386402949e-01 2.999232151417174919e-02 2.491620619482347032e-01
1.728435270940597901e+00 7.432058413637208094e-01 4.957633889031808905e-01
1.571928975813549734e+00 2.466113601377160555e-02 7.670482077269019650e-01
1.066908489604347504e-01 7.597610046723565769e-02 4.957863325872430282e-02
4.619852734497094993e+00 3.376614014098409250e-02 2.234476713402048453e+00
7.738638786663583069e-01 5.095873454998346708e-02 3.681704396308784766e-01
9.736133428602430362e-01 8.524380013345168594e-01 2.627924233250563124e-01
7.876337223226653750e-01 6.236719703476038823e-02 3.706974973065241263e-01
1.649070779278945409e+00 1.199448365137337734e-02 8.147627313782084268e-01
2.250621822407676553e-01 4.924676953178342559e-02 1.072494044185618722e-01
4.481985888447608812e-01 2.440576229547931214e-02 2.187602829568438823e-01
2.911079170758139156e+00 4.007229471611915145e-02 1.399460011360411649e+00
1.397893227251743586e-01 1.395327927787183842e-01 6.133624394621503551e-02
4.015609069148373678e+00 1.945780338151119893e-01 1.680764653073254289e+00
5.644309055239977724e+00 9.757337116467706961e-02 2.571267308193977641e+00
1.441922351801123936e+00 1.301263764181669058e-01 6.379473932690458149e-01
8.522161387153562861e-01 5.517534493093592673e-02 4.038267870877593757e-01
7.292781758982459728e+00 4.759233542112247251e-01 2.470582817926859409e+00
4.627092597847250133e+00 1.349619501324802462e-01 2.038435119920603888e+00
9.285596209432187553e-01 2.127400125615934792e-02 4.546084693241467800e-01
4.965127687381581945e-01 2.951832084964834541e-02 2.411383841758117097e-01
6.580717868428619388e-01 2.847724910040265803e-02 3.199253009332340136e-01
5.599201443578948556e+00 5.807112546614099508e-02 2.645947568558861818e+00
4.304398603035367032e-01 2.798337480863592394e-02 2.093612945752479360e-01
3.888314376713519760e+00 1.972842016901154294e-01 1.623805931467516395e+00
7.201571965250229468e+00 5.555217346295532321e-01 2.314841318165599127e+00
4.479454342657412380e-01 2.294139622943559831e-02 2.189497051917486115e-01
3.175068518128129735e+00 1.532205070616564080e-01 1.376609459633194144e+00
2.085008306382528431e+00 4.628612917846163799e-01 7.126473022739306939e-01
2.347609180285427366e-01 6.061464682186389341e-01 7.308203911468726111e-02
2.396901190019252170e-01 4.833960733347386629e-02 1.143189274378338255e-01
2.636993142577548910e-01 2.666493684052368418e-01 1.040932561272907980e-01
2.295089121239647090e-01 1.767754677262638741e-01 9.751601661420428169e-02
5.851106503574917683e-01 1.677285960779203999e-01 2.505336652381031648e-01
6.800512045658277938e-01 9.510548643129657087e-02 3.104957526886119035e-01
3.710988300168094889e-01 1.222172779469301619e-02 1.833090615557695091e-01
7.634285756632057662e+00 8.278321192845007614e-02 3.525306669206341503e+00
4.421632759554612768e+00 3.249232974604004398e-01 1.668637259239819315e+00
5.010581530976521147e-01 4.896543739799809336e-02 2.388344435544737521e-01
1.549961715188643341e+00 3.148423811196592870e-01 5.894097031876807113e-01
2.305340227600960468e-01 4.997600445667157304e-02 1.097806148814752802e-01
2.976968665983489859e-01 1.255843190812525045e-01 1.322410331912500514e-01
9.247791496168371594e+00 1.526824737353912192e-02 4.554358673233434907e+00
1.034334893815141765e+00 8.033416179424603953e-01 2.867828489965411620e-01
7.273811780125680748e-01 2.070745584267275757e-02 3.563122684413325691e-01
2.515044489621038881e-01 5.631248040875103111e-01 8.044925405330066726e-02
2.536493232437916578e+00 3.629057929683803252e-01 9.305460603089401594e-01
4.502583652774830192e+00 1.091543686019802277e-02 2.226983330455118537e+00
1.690255039087573685e-01 1.805659129347602643e-01 7.158664419192745099e-02
7.614007962777328942e+00 2.771230127219277348e-02 3.704347974307614866e+00
1.232508798986448051e+00 4.885325342929143777e-01 4.140012967778083364e-01
2.631617051637451521e+00 9.182440259778908154e-02 1.205146654249537708e+00
2.492765771118965024e+00 2.174891775183106779e-01 1.023732209349135891e+00
2.558899858579010811e+00 5.918700861625494913e-02 1.207954703826104037e+00
7.151854450199119029e+00 2.347829230422520119e-01 2.895996663356185774e+00
1.775807228900904589e+00 3.594978498759794638e-02 8.570913641929872595e-01
2.152435353337743273e-01 3.318973365532248976e-01 8.080335076380446013e-02
1.060062597632962650e-01 8.671820511781547225e-01 2.838669633108577284e-02
9.177076639696339910e-01 1.101224960728144388e-02 4.538558579908943402e-01
1.296410234876375356e-01 7.879580046332955445e-02 6.008598820646052913e-02
2.068433330593209885e+00 3.063527672452152628e-01 7.916825311110412544e-01
4.279069284857452971e+00 8.226035946664522758e-02 1.976913063214403188e+00
7.507485449897433050e-01 2.230984456595286672e-02 3.671824882545723367e-01
3.131688063826033375e+00 1.009098645159697827e-01 1.422318104671958405e+00
1.286534186950727632e+00 1.622490660322427058e-01 5.534675073316157601e-01
7.166963043886404705e+00 5.293237171624166904e-02 3.403334932235255295e+00
6.475755404293443984e-01 5.531913431468231668e-01 2.084661182560200166e-01
4.127029308718883072e-01 1.616602213572948879e-02 2.030686530949385726e-01
3.687878163987549307e+00 2.057381807089878334e-01 1.529303053926282407e+00
7.043094337583190034e-01 1.043029338517058487e-02 3.485195556631238700e-01
1.354315296027238658e-01 4.201637803326718074e-02 6.498531714940093684e-02
4.125350734935914754e-01 2.465475919354127021e-01 1.654710482626186585e-01
1.383668807883242646e-01 7.231189187604077917e-01 4.015012524146152617e-02
1.473177154188538285e-01 9.845381636733534503e-01 3.711637249297607827e-02
7.261283786306951260e-01 7.356319803865369877e-01 2.091827031410718185e-01
1.239661944046206304e-01 3.461157368872808116e-02 5.990953395323071751e-02
2.399532047631854237e+00 1.131428384566128369e-02 1.186343397873955041e+00
2.331411829879076192e-01 2.835195997773676604e-02 1.133567066828729403e-01
3.850382763877584047e+00 9.834383923523525306e-01 9.706333150360775264e-01
2.165739961540368075e+00 3.281161036234859357e-02 1.048468055457154602e+00
9.544483551613101469e+00 5.482018341893405422e-01 3.082441623837347766e+00
5.338825409083248097e+00 2.157549838193949243e-02 2.613035168491876892e+00
4.768773013296535801e+00 1.303103207495528819e-02 2.353715168788476308e+00
1.199816954858428097e+00 6.803026208327053181e-01 3.570240681597688370e-01
1.936404947232240437e+00 5.023656154128316453e-01 6.444519654092789596e-01
3.011815394014762948e-01 3.689344212543633761e-01 1.100058318080356784e-01
2.645825846506082435e-01 1.418298279417372354e-01 1.158590265274226094e-01
3.030400591760460394e-01 1.041230240939328318e-02 1.499586151383091037e-01
1.951281017307601173e-01 2.358718746223768814e-01 7.894349962061475434e-02
3.404385904561893494e-01 3.748837310748458496e-01 1.238063200406204212e-01
2.752133639794270836e-01 1.877919494687402616e-02 1.350701728816608438e-01
2.754541134072082009e+00 1.193940466561895786e-01 1.230371531053046308e+00
1.332259128439578388e+00 1.133291669292246368e-01 5.983222069507998508e-01
3.484432775459465059e-01 1.709315043339610374e-01 1.487889241412737318e-01
1.445415141012230398e-01 2.197431757006050312e-01 5.925079843885998343e-02
2.629450034007808634e-01 5.864856958928229419e-02 1.241889947968257829e-01
1.448981988648083974e-01 5.622168429107635840e-02 6.859270218546137388e-02
3.441736419595299967e+00 3.847360643532173746e-02 1.657113092844723301e+00
3.320200039330416519e+00 2.737392943916929222e-01 1.303327947072585147e+00
1.926519020917415670e+00 4.118374654099983545e-02 9.251580363781413130e-01
1.154756233672797006e+00 5.778765175476283100e-02 5.458355614934495836e-01
2.549960428628655240e+00 1.513899032918288555e-02 1.255966154842387494e+00
4.936307532417093524e-01 4.138804313794676448e-02 2.370061556277734682e-01
2.226035245241409777e-01 5.967848735332471899e-02 1.050335206295072710e-01
1.639205930843140369e+00 1.480165036137425782e-01 7.139296019191468945e-01
7.075041735195210180e+00 4.764203229769993220e-01 2.396012038404265798e+00
1.296321138179297727e-01 9.662506355398158275e-01 3.296429037957830654e-02
1.006322605991707697e-01 1.314856258661343535e-01 4.446908484680853202e-02
2.098057881154077098e+00 1.253852446623870791e-02 1.036038545921041276e+00
2.069719224118067302e-01 1.454899734206587525e-01 9.034209256050831915e-02
4.158863433291775102e+00 1.322372892271503897e-01 1.836568832726997558e+00
5.453092231476205365e-01 3.476891508413423870e-02 2.634932375714451047e-01
2.113360452804847467e-01 1.598770408848338570e-02 1.040052179913386332e-01
4.073771820992426740e+00 1.488056223846775661e-01 1.773046606673171377e+00
1.324203101879704247e+00 2.608723848317212601e-02 6.452682833465632761e-01
2.042913707446248228e+00 1.063682133678399942e-02 1.010706152950204606e+00
3.407527495430817122e-01 9.009626965007100363e-02 1.562947966295058777e-01
2.627258277713097279e+00 2.045113568928919739e-02 1.287302343947341665e+00
2.598821628440178166e+00 6.158647300206363528e-01 8.041581637860826248e-01
3.696329319368371280e+00 2.677620798168083849e-01 1.457816643286290459e+00
4.028653435234250679e+00 1.020643311941828446e-01 1.827775984215392002e+00
3.484543475940950152e+00 7.896838032587282230e-01 9.735081329998498401e-01
8.489487209020382119e-01 4.728878911454794109e-01 2.881919004174182120e-01
4.416573971271308130e-01 2.113717664806559135e-02 2.162576229850398379e-01
3.652899767134098474e-01 1.423500839368588462e-02 1.800815263180201298e-01
7.768388045929618402e-01 3.508965171001384720e-01 2.875271328186335129e-01
1.796283363075145689e-01 4.835608491741193449e-01 6.053959175571110851e-02
4.900245773708012953e-01 8.167497277077101492e-01 1.348629835737174820e-01
1.122170147103074556e-01 7.094248537574476821e-01 3.282303239702107772e-02
9.417801464409178980e-01 3.571411115259477409e-01 3.469720791900539059e-01
6.966097381040949887e-01 1.757272481570612555e-01 2.962463186916959867e-01
4.126277925481185438e-01 4.595927248831739864e-01 1.413503183160718102e-01
1.923888242758260148e-01 3.412411383849524305e-02 9.302018089574903836e-02
2.885848022349733810e+00 3.166855793570563793e-02 1.398631372523413630e+00
4.063199497803992699e+00 2.001231019530659919e-02 1.991740421753337653e+00
1.415788672233090906e-01 2.595356853273146358e-01 5.620280110861531481e-02
1.886127775026322784e+00 5.559072768955077848e-01 6.061183089231712007e-01
1.916178918779066986e+00 2.562630384744777126e-02 9.341506314682430645e-01
6.054259349638348997e-01 7.836444144806583578e-01 1.697159843208199126e-01
5.864083965724271152e+00 1.155507735365498556e-01 2.628335753438541644e+00
8.635558363319697506e-01 2.594937683470271983e-01 3.428186220664312667e-01
1.691995368318362170e+00 8.496141305292836954e-02 7.797490988906812248e-01
8.596188087116115595e-01 6.777426369043891563e-02 4.025283423392314597e-01
2.183992912716684387e+00 2.784090298417284462e-02 1.062417785853728702e+00
4.403156732400833384e+00 9.677972212813119868e-02 2.007311333153201094e+00
4.145779323659619209e+00 3.931428135667718871e-01 1.487923306672864765e+00
6.304537621645284418e+00 2.343439325077094695e-02 3.080088798667376171e+00
4.827337789648420419e+00 1.085948668027592046e-01 2.177232609587438361e+00
7.317129857269726756e+00 1.557907483864815791e-02 3.602442211815090722e+00
1.277929308215158377e+00 9.898171790042810114e-01 3.211172668774132100e-01
9.113891268884832808e-01 4.001566669908149243e-02 4.381612489459665860e-01
1.639129483565918921e+00 2.632495277566846564e-02 7.985431315554284426e-01
1.564557940087867027e-01 5.514732917707580728e-02 7.413931196262836532e-02
3.953710143863644055e-01 4.244391335486156214e-01 1.387812947126078333e-01
2.153053707396894279e+00 5.602526326599338580e-01 6.899695800308784932e-01
5.853964809754004239e-01 8.515813595324091267e-02 2.697286513274710917e-01
1.115966965765673863e-01 2.073873918985015205e-02 5.466467191454913582e-02
1.118398637746793600e+00 2.443724097078412219e-02 5.458600063616241282e-01
1.168394835275111010e+00 2.727326196763236177e-01 4.590103283328483830e-01
4.105949835293992711e-01 1.103391866065968757e-01 1.848961959021972190e-01
1.264033648835135304e-01 4.299329563896514550e-02 6.059644170870508856e-02
1.589573233465528534e-01 1.702662547980118013e-01 6.791502476245840636e-02
2.480398409622369960e-01 5.549828672588465878e-02 1.174989311122650454e-01
3.846264461531452294e+00 1.759280076480672084e-01 1.635416639673474837e+00
1.368728728648628268e+00 1.563513019997930104e-02 6.738289607898481082e-01
6.390474054491521727e-01 6.028108817328835939e-02 3.013575421542880051e-01
3.573290322311236000e+00 2.996546356378370635e-01 1.374707643218445074e+00
3.455734913386159790e-01 3.003475167962054715e-01 1.328773604267109720e-01
7.101887145127130374e-01 3.291831191785243305e-01 2.671523224548741360e-01
3.304980799851448214e+00 1.369037451298407426e-01 1.453500709276844383e+00
1.704809726923657842e-01 3.353620013911083331e-01 6.383324241470397786e-02
1.221899487571169729e+00 1.218648570885178944e-01 5.445840824100076638e-01
3.095112361957010338e-01 6.511002876922318272e-01 9.372878149888448640e-02
1.859233209185926772e-01 1.207548537795641655e-02 9.185249697514420719e-02
5.356676550448473684e+00 1.959813016302526523e-02 2.626856793858569628e+00
2.144425652124366088e+00 4.263610852069948387e-01 7.517120574742702788e-01
2.991403560035758691e+00 4.678492647524090664e-02 1.428852997582074513e+00
3.045311778314507389e+00 5.970340308466643986e-01 9.534273282517472525e-01
1.365912106024814943e+00 8.248109761239877380e-02 6.309173014834036364e-01
1.385966359981607665e+00 2.984106423266967220e-02 6.729030372343355326e-01
1.854692686721055861e-01 5.812976736057385435e-02 8.764013374973132764e-02
1.793658336596173131e+00 1.314144529701545550e-02 8.851964081236154414e-01
3.476036162084388259e-01 1.253230442685497950e-02 1.716506301520918931e-01
3.943114566241935126e+00 8.399059002203453916e-01 1.071553323941651481e+00
1.620251929963362647e+00 9.012593817742456381e-02 7.431489671148695519e-01
1.872195500265386281e+00 1.102909251860630623e-02 9.258860670376464208e-01
2.145627570781357019e+00 4.014692169139282840e-01 7.654922223358158195e-01
1.583679181467209096e-01 9.582420620608486650e-02 7.225972799734707575e-02
5.123723264316926151e-01 1.792036938632428703e-02 2.516760356905852758e-01
4.577947113073724594e+00 7.833620711532236491e-01 1.283515890329932407e+00
5.931173282535684876e+00 4.701387260691243519e-02 2.832423446199392014e+00
6.699832988924450117e-01 5.179824764070484200e-02 3.184942076083929208e-01
4.029756810837530900e-01 3.513748429446823807e-02 1.946483859380352399e-01
7.580097485047042838e+00 2.454318000075789499e-02 3.699257207022468297e+00
4.311236103891917248e-01 9.014831633831204005e-01 1.133650874988911955e-01
2.475995079270151944e+00 1.425067830980163326e-02 1.220603117266963578e+00
4.088962932398526595e-01 1.718589577167262961e-01 1.744648067701571048e-01
3.462093983340495562e+00 4.165487724276280279e-02 1.661823920272221589e+00
8.688945161585348131e+00 1.440264277383392355e-01 3.797528164958037689e+00
1.405780970906293614e+00 1.069526118137910375e-01 6.349779366809835679e-01
4.520021974572952850e+00 5.210755520535870211e-01 1.485797983035925363e+00
8.709682180458814260e-01 1.772437467495922847e-01 3.699183879509458373e-01
3.998151978987313004e+00 5.178087831147861614e-02 1.900658236630959230e+00
4.523323066737819254e+00 2.770257043235754835e-01 1.771038379033163856e+00
1.376485633889465987e+00 3.361557672676204755e-01 5.150917533755507982e-01
3.437219893303465668e+00 2.915341882399043530e-02 1.669925897555275762e+00
6.368284732302516016e-01 3.965957886186385895e-02 3.062677852337976070e-01
1.791020930327767713e-01 2.543389312029896779e-02 8.732990699565525150e-02
1.002466974686941459e+00 1.066597850504435140e-02 4.959437618399747949e-01
9.385219891977031992e+00 4.933601696413404958e-01 3.142316261934009702e+00
1.752740319104391931e-01 2.376234675502536253e-01 7.081072576030569832e-02
5.686750649910307764e+00 1.820042748218605178e-01 2.405554180744124970e+00
6.721150328792025341e+00 9.213953734460998690e-02 3.077056593488775693e+00
1.488589165620040955e+00 5.614213759582731972e-02 7.047295589439429575e-01
2.328576163677617217e+00 1.047649594830021326e-02 1.152216886297945164e+00
2.467855558510009928e+00 7.458965935992226126e-02 1.148278106444828639e+00
1.639270386110632360e+00 4.862584837354297362e-02 7.816278745432418962e-01
5.693173098151776967e-01 1.981239950750561182e-02 2.791284505317428999e-01
1.428931147273918012e-01 5.619779871191229459e-01 4.574107826927210213e-02
8.737282084293491735e-01 2.458993963519836082e-02 4.263794590548278807e-01
2.066925946335179454e+00 1.179178198138832317e-01 9.244534391084722191e-01
6.441180896214568463e+00 1.457933894336042348e-02 3.174311090802802049e+00
9.037722662578083765e-01 7.595434188952872034e-01 2.568201092830187937e-01
2.019002040566154843e+00 1.289738745444834155e-02 9.966468793251541669e-01
9.172877558189826530e+00 1.247417564498608383e-01 4.077770521805438086e+00
2.135822757540508654e-01 7.458994276550603431e-01 6.116683251363336932e-02
2.189841223025578154e-01 2.620312522038259484e-01 8.675859726934499749e-02
1.080199097394871410e+00 3.550170231917015168e-02 5.215824826630387490e-01
3.647840009567880681e+00 1.815993750547510374e-02 1.791388501547805490e+00
1.757759808613930996e+00 1.487857832181728179e-01 7.650511671940252167e-01
4.198543274248570434e+00 4.570570450235884596e-01 1.440761461120624753e+00
1.360839095872893090e+00 1.459553997873445398e-02 6.706313216700201529e-01
2.089128048091917211e-01 2.165347520539719905e-01 8.586388693642646452e-02
4.371365260048555967e+00 1.471787882678880256e-02 2.153980604492109929e+00
4.620369810218925566e-01 7.298281009829059307e-02 2.153049315764749561e-01
1.819963624668196611e-01 4.959593125728180285e-02 8.669829838650922049e-02
8.675910345767237075e-01 5.460726082920366320e-01 2.805790070671910774e-01
1.264928617672610167e-01 4.592277989547118716e-02 6.046950319788552825e-02
3.544570535365672903e+00 2.165985510494434010e-02 1.734711664383434604e+00
2.524149806525676443e+00 6.362789196459471830e-01 7.713079280737308308e-01
7.894540388243004969e+00 3.030556034943741178e-02 3.831164604006165320e+00
3.931400486012200379e-01 1.173578260015023869e-02 1.942898805016336772e-01
4.846989873772179713e+00 5.794349901531892222e-01 1.534406260463455629e+00
7.125106513141039599e-01 7.898978211443911102e-01 1.990366832388656693e-01
4.957706383378143178e-01 1.300502505925664465e-01 2.193577843453625997e-01
1.517730649199700244e+00 7.432918082284932504e-02 7.063620146840102754e-01
4.925270319851476342e-01 1.197225428702729660e-01 2.199326230954564143e-01
2.475939131509584445e+00 1.618194009141252498e-01 1.065543891572779511e+00
1.925392646306283151e+00 1.349428971681210926e-02 9.498783889765530786e-01
2.013634183183425019e+00 2.255138399663567106e-02 9.846127122302394952e-01
1.772690468311793610e-01 1.374934823077064196e-02 8.743238510611880954e-02
9.129189866809048759e-01 7.509893780039174349e-02 4.245744064024003506e-01
2.106252374004284000e+00 2.017309531311034243e-01 8.763410680720402635e-01
3.628009945176833284e+00 4.449994182172346824e-02 1.736720989591048703e+00
1.691423282345792867e+00 2.373573085122153148e-01 6.834821561685934244e-01
9.179417001961590827e+00 3.863691805045790240e-01 3.310596171295684620e+00
1.500912172656304611e+00 1.022684821340530750e-02 7.428589802927334507e-01
5.776461698829935543e-01 9.799495288821007122e-02 2.630459130816266144e-01
2.035020042735592449e-01 6.460976249027501617e-02 9.557586800516408576e-02
2.525264713738570865e-01 4.459163787390971190e-02 1.208732973814686945e-01
4.943098186707512554e+00 5.619884597910890928e-02 2.340041463558503398e+00
3.751129660477085515e-01 7.350270267847948125e-01 1.081000354048766987e-01
1.263939888910018405e-01 4.245620962755516925e-02 6.062316465847491370e-02
3.892259718356758658e+00 1.677807928701851303e-01 1.666519839220132138e+00
5.440173990387405789e-01 5.138711526354861059e-01 1.796775762889943062e-01
1.117146256643234831e-01 4.122023280989933758e-01 3.955333575136708163e-02
2.643470391822899113e-01 4.706943376754182257e-02 1.262318575336127957e-01
1.748329666899219592e-01 2.834181531835410217e-01 6.811223850007330771e-02
1.221231875377470022e+00 1.456594925307945210e-01 5.329820436784989957e-01
1.371816734194933884e+00 7.707375891673053092e-02 6.368258082782750629e-01
3.606528654124363076e+00 8.014148684614326446e-02 1.669470480508486343e+00
1.205331811500079731e+00 1.225032591571430414e-02 5.953723998111325466e-01
8.345683638377621172e-01 1.732813015287657243e-01 3.556556994261877436e-01
6.522121657580786547e+00 2.118165665514759322e-01 2.691051532717157801e+00
3.052768523239155485e+00 3.691386763339988830e-01 1.114850006068500710e+00
2.234364325887192138e+00 7.684428668338572077e-01 6.317321208933088794e-01
2.661262440254829609e-01 2.872661857836249222e-02 1.293474083490000481e-01
3.367445813726521187e-01 1.270869956975935813e-02 1.662593505495287838e-01
3.758779332437277576e-01 1.185927681331359479e-01 1.680137508268739199e-01
8.402434420247164581e+00 2.310097471447276896e-02 4.106356375328504171e+00
2.973795272172468085e-01 2.120890807386995314e-01 1.226723068225360480e-01
1.275392402175676010e-01 5.301020698484669724e-01 4.167670991720127949e-02
1.974491216289396556e-01 5.203235694539180833e-02 9.384175321481519338e-02
6.038243810593970640e-01 7.581427841876021700e-01 1.717222248642366611e-01
1.371690716797429044e+00 1.330448143250932691e-01 6.053117667788308065e-01
4.244609693185313892e-01 3.381037544597962491e-02 2.052895673132616172e-01
1.457175824015297882e+00 1.740643402346880864e-02 7.161227682887274515e-01
1.952212314385556313e-01 4.409573687240950779e-01 6.774011350919267871e-02
6.243959415144500369e+00 2.469316819052069234e-01 2.503729557021221019e+00
9.344115187163332337e+00 4.338306680539712884e-02 4.477797026059134211e+00
3.331035732698450214e-01 2.552572851682268634e-02 1.624062488181547415e-01
7.172913431126779038e+00 2.393297430845569285e-01 2.893868024692999530e+00
7.713089057373231361e-01 4.971999020594524143e-01 2.575838085069201422e-01
7.036005554523676597e-01 7.713946134281761402e-02 3.266060620298986139e-01
4.569635504244654034e-01 2.822410425647011931e-02 2.222100943426652542e-01
6.291540611355077584e-01 1.573193293123863745e-01 2.718152394073101163e-01
2.134722572133387619e-01 1.146092414403099835e-01 9.576102964007711382e-02
3.647177906645354017e+00 6.133268326009525540e-01 1.130328285920061848e+00
1.733460371573334047e-01 1.058510165631988860e-02 8.576518537292121547e-02
2.432853961878183036e+00 6.052339324876575555e-01 7.577879811286910572e-01
1.526952338457467084e-01 1.421145368062844139e-01 6.684760106141857117e-02
1.612284812575895954e+00 5.453087629597448416e-01 5.216707661347468328e-01
4.989651987338985517e-01 1.320488770139254149e-02 2.462311447519149044e-01
1.074014480305463953e-01 9.548554108506197569e-01 2.747043270678842936e-02
2.807924655593083241e+00 7.534011859421329005e-01 8.007079834625343562e-01
1.353911610599713711e-01 2.028468606569290913e-02 6.634969774076074356e-02
6.996969645823225559e-01 3.234070433669141709e-01 2.643544055811450910e-01
3.301325299649797707e+00 3.644705515392926420e-02 1.592616469521203282e+00
2.038465554146482894e+00 5.000745110705018259e-01 6.794547667808074065e-01
2.396989570173197193e-01 9.576746820866891552e-01 6.122032409435466949e-02
3.873755568553280071e+00 5.696577598989092245e-02 1.832488646534156773e+00
5.311040400614731816e+00 1.719718180672277080e-02 2.610624810806780882e+00
1.218105968812259188e-01 2.921866747465308722e-01 4.713351378008896753e-02
8.711232971478599652e-01 8.992815766007777878e-02 3.996241821195072319e-01
2.910126772300489217e-01 3.459213918456437165e-02 1.406412566885616999e-01
9.997366927660472413e+00 1.324166705251532128e-01 4.414173328543563812e+00
3.533423677198364032e-01 8.779500250916648652e-01 9.407661625675831085e-02
1.786948439308880809e-01 1.640959444763579606e-02 8.790493758965309268e-02
1.168240259303764267e-01 4.153995905612558048e-01 4.126892034921798846e-02
3.480223747054767003e-01 1.465777095878715020e-01 1.517657162681850247e-01
1.869686869008835961e+00 9.442407435040221786e-02 8.541875644130877410e-01
2.793856054815189172e-01 7.223269603203509581e-02 1.302821703327221026e-01
2.064356053064158480e+00 1.773888765401705758e-01 8.766670444222283143e-01
1.672433558376683616e-01 1.687198328258455657e-02 8.223422347510586650e-02
3.445403654423342399e+00 3.738374467991495420e-01 1.253934249081160912e+00
4.133273944432023228e-01 1.479046962979336799e-01 1.800355882227025195e-01
8.351575376337372347e-01 3.652559687206496930e-01 3.058611559912622901e-01
7.090503974102059237e-01 2.099998182836689820e-01 2.929960759894833511e-01
1.182959392780449148e+00 1.136298432932952018e-01 5.311277350839164191e-01
5.365809261410171560e-01 2.465697889606618676e-01 2.152229786462240557e-01
6.175265770979960323e+00 1.357693984973114450e-02 3.046273809216437201e+00
2.892161952224281407e-01 3.999174213636979419e-02 1.390473517743107401e-01
3.307814346640116088e-01 3.464852297400050629e-02 1.598520789036702305e-01
4.030764560163788701e-01 4.600911475776889858e-01 1.380312649265383884e-01
1.707754091586546785e+00 9.427175892785303324e-01 4.395271090896843980e-01
7.375768913402466209e-01 1.246587260927307234e-02 3.642477792557110017e-01
3.122485659703314043e-01 1.705301095574603409e-01 1.333791260134190582e-01
2.495134463735078967e+00 1.343481826329584981e-02 1.231028586530579005e+00
4.480097562865635319e-01 1.290530604970535622e-02 2.211508586295127810e-01
9.637691674993342783e-01 2.809588093008971027e-02 4.687156058963289906e-01
2.598515999884520866e+00 3.471129382801014379e-02 1.255672000191990989e+00
2.685200286601076014e-01 8.589989355752642997e-01 7.222167359041938017e-02
1.446870428908640094e-01 1.512366101946109424e-02 7.126572281132662057e-02
9.260822333364854941e+00 6.383349445463286642e-01 2.826290913281249040e+00
4.613906964499861374e+00 1.705690749162100672e-01 1.970796539636128220e+00
1.761148880679020534e+00 1.245037335285800323e-01 7.830782718491789973e-01
6.004957792130184657e+00 2.968091393302134742e-02 2.915931387517586959e+00
1.457210234953972283e-01 4.411194048585388439e-01 5.055827539484880617e-02
4.692521753091946635e-01 1.811040056882040061e-01 1.986498111297876068e-01
1.870496082214433420e-01 1.090354975114696430e-02 9.251605074860462519e-02
5.773891011499632242e+00 2.441395524200191264e-02 2.818143477035921496e+00
6.346288107661604005e-01 2.094751249784735092e-01 2.623571157684849720e-01
2.063973556335370885e-01 1.970107760672153430e-01 8.621365812246761795e-02
2.206082282218236656e+00 7.311073190121279708e-02 1.027891258859072510e+00
1.781309464123895236e-01 5.611277455820680438e-02 8.433329787479622308e-02
8.743429004527246917e+00 8.951967629465187870e-02 4.012515420677292610e+00
7.163359854087373080e+00 3.129788664435197154e-02 3.472982901863393312e+00
1.063479559748740977e+00 3.817536823791586875e-02 5.121868579649379027e-01
5.756976621960357976e-01 6.164401228874202832e-02 2.711349828813708340e-01
4.883584131860731148e+00 1.150715045277982823e-02 2.414013647691318099e+00
1.334422546318570379e+00 3.011448795008737564e-02 6.477059404212688332e-01
4.434664470256369562e+00 7.849638639301606546e-02 2.055947764965587954e+00
2.125956525554547893e-01 4.611524865052583078e-01 7.274930389501468864e-02
1.450765945900373832e-01 2.746161868929959948e-01 5.690991377713319754e-02
5.003555192344525393e-01 2.637156118097534058e-02 2.437496995039144243e-01
1.248120040388296798e-01 2.028635834368902602e-01 5.188119657019199527e-02
1.690944316993023833e-01 2.221918267109462275e-01 6.917671514558981771e-02
6.037180453601032504e+00 8.877690902171065934e-01 1.599025136306981842e+00
7.074825339735918428e-01 2.396983611355093385e-02 3.454606322481246772e-01
1.146834080451352600e+00 1.359805758876639070e-01 5.047771523536868088e-01
7.613805914854554047e+00 5.545844441271192693e-01 2.448823524388736406e+00
4.532744968178233691e+00 1.954048965133397819e-01 1.895903631229459485e+00
1.245199045786252734e+00 1.883586198819798274e-01 5.239155188313094902e-01
1.461095471704319637e+00 4.364464062466960059e-01 5.085798764751793266e-01
1.021946724994697853e-01 1.184625349601014926e-01 4.568533558574465470e-02
1.040060220738704411e-01 1.209587306297782855e-01 4.639154824880915157e-02
5.815070281271258246e+00 2.048533636921560583e-02 2.849168956195242242e+00
1.436895005076621157e+00 5.405084790412353901e-02 6.816061141327980355e-01
2.609395596816203033e-01 1.006532812582806163e-02 1.291696449801878477e-01
3.987601627634667634e-01 1.657730522681997165e-01 1.710282125614477344e-01
5.861653344354299522e-01 4.671937986474086202e-01 1.997572968805518268e-01
2.734814107688346319e+00 1.119445346726515370e-02 1.352269139882539273e+00
4.064458084034312968e+00 3.250776604428850525e-01 1.533667876747629943e+00
1.277722299476883594e-01 2.311975365433343796e-02 6.244246066568317349e-02
8.038719440732483790e+00 6.790261005810257489e-01 2.393863751716156063e+00
1.399096526390818607e+00 2.714749348189697820e-01 5.501864362705739531e-01
7.920117701604478810e-01 9.507000015716224328e-02 3.616260924172792213e-01
1.860431520266075944e+00 4.472876542975529057e-01 6.427303911360469080e-01
3.721134419458067000e-01 3.896381806699959066e-02 1.790791149195776200e-01
4.967488170800790748e+00 6.751584599776486728e-01 1.482692022719770408e+00
5.573780227255843434e-01 4.965624972950076765e-01 1.862194274322083176e-01
4.765939910306892457e+00 8.473731314618411226e-01 1.289923467311545835e+00
2.002217110037311620e+00 9.980932278448077788e-02 9.102564728984695597e-01
4.336116270823609509e-01 1.164846352319760803e-02 2.143094378714577863e-01
6.340522574355782481e-01 1.103921998567290209e-02 3.135646198990001965e-01
1.781902925767260948e+00 1.796057347305849566e-02 8.752317978719933445e-01
5.458866725718474200e+00 5.172662211800984483e-02 2.595192805296297589e+00
1.665664737313531096e-01 9.864651468778242727e-01 4.192534512703374044e-02
3.133774706478932859e-01 1.304103344596829403e-02 1.546716570709411598e-01
2.544845922408869865e-01 4.595445287359169184e-02 1.216518518286008876e-01
2.408687246535048121e-01 8.372452422251905335e-02 1.111300516274224826e-01
1.443007673824664994e-01 3.839130664317794844e-02 6.948284642759076923e-02
1.010040742707852268e-01 2.918110621804715921e-01 3.909398101154924754e-02
1.993013832104894245e+00 6.559540206869924894e-01 6.017720924636749125e-01
3.079272904003785172e+00 1.923898415963815889e-01 1.291219027780892814e+00
2.080544107119096098e-01 1.401840443885863374e-01 9.123720496521987855e-02
9.919385590431437638e-01 7.010866933402426504e-01 2.915602605459747809e-01
2.688798023521367098e-01 3.049582601855363798e-02 1.304613738179739302e-01
1.491637088160795988e-01 8.843126146259178144e-01 3.958040392509187128e-02
5.906095499142647309e-01 1.102348551888603645e-01 2.659840605588792428e-01
1.694178032695645708e+00 2.522711923893448602e-02 8.262452294245294926e-01
1.045549971251931581e-01 7.318455559662576659e-01 3.018600497168993577e-02
1.320804418902454591e+00 1.710049372127545597e-01 5.639619342879353958e-01
4.354281341402551075e-01 8.540431990372682192e-02 2.005833799237489168e-01
2.337318035616527123e-01 5.957368990422052812e-01 7.323632226024962000e-02
3.717815593160573862e+00 1.043792514709462015e-02 1.839705092531712216e+00
1.296813269114478195e-01 4.714445973218894248e-01 4.406599037010126146e-02
3.097273569785165548e-01 2.594545502598482115e-02 1.509472825583460798e-01
1.836863455689202951e+00 1.429798509114762160e-02 9.054851151676780452e-01
1.573959698947717367e+00 4.963448723833581433e-02 7.497656175002971324e-01
2.935861899418697796e+00 5.939849208298395578e-01 9.209189688853103295e-01
8.048418603729379228e+00 5.184176750364255515e-02 3.825869466483944326e+00
1.016651184711062639e-01 7.431605513014660769e-02 4.731620549913040374e-02
8.162956410071260382e-01 5.728720867087906399e-01 2.594920616574776240e-01
6.456896186849528263e+00 1.190952637468548764e-01 2.884873341895453969e+00
3.312520623197588776e+00 2.013055520412770569e-02 1.623576809016741285e+00
5.270848591908996461e-01 5.742763242997479534e-01 1.674054456181165162e-01
2.950275857423859671e-01 2.078010557299779515e-02 1.445108423115168406e-01
1.690631860657005048e-01 8.165230359804866167e-02 7.815043036626574680e-02
7.143292723026044566e-01 3.941892911136025690e-01 2.561808776095379492e-01
2.177879582896900257e-01 1.432766165712978136e-02 1.073558212608956008e-01
2.119507403830472314e-01 4.712514134390280995e-01 7.203076865279454954e-02
2.082846941162743271e+00 1.048347707165044884e-01 9.426056259127240100e-01
1.973191692972740552e-01 1.159595291743671305e-02 9.752864704935143569e-02
1.990463356922732852e-01 1.201282324417933707e-02 9.834180512367242388e-02
4.378857683325527717e-01 4.446166085194082351e-02 2.096227103134549186e-01
2.274855675325072601e-01 2.043351841718236139e-01 9.444445803887255297e-02
1.187209262890920103e+00 5.695019630468359240e-02 5.616202480692321641e-01
9.868546029335545811e+00 1.788015573184717766e-01 4.185838561235206257e+00
1.682791835320066154e+00 8.352226800974935639e-01 4.584707495089016538e-01
2.595342071415630336e+00 7.057268672179144164e-02 1.212127912287229270e+00
4.150171146335956407e-01 9.399326453314555962e-01 1.069668876474538927e-01
1.552543905436664540e+00 1.270141614912584371e-01 6.887863340520705702e-01
1.651623461627882428e-01 1.957808772446139600e-01 6.906045635357736800e-02
2.955923934530251262e-01 3.567114176495409655e-02 1.427057207316248244e-01
1.330293338775788703e-01 9.673226546304016793e-01 3.380973974057420450e-02
7.447976431692571175e-01 2.124859884071898797e-01 3.071365979856301998e-01
8.818625356107452351e-01 1.622822715064196897e-01 3.793667671054528623e-01
2.628343642665144642e-01 1.628447271896651671e-01 1.130135254178458448e-01
8.753365231814020930e+00 1.346057201713659994e-02 4.318552429914367607e+00
3.134032614340131473e-01 1.356927269323074219e-02 1.546037700024419093e-01
5.446796022128805426e+00 8.540723801757492684e-01 1.468873621215504688e+00
1.703010337591550627e-01 8.063064039428800012e-01 4.714068260717421688e-02
3.029029741280411248e+00 1.796188662676675152e-01 1.283901871993752053e+00
3.527705504730201280e+00 2.339366020731095328e-02 1.723533006846840632e+00
7.863253799314117165e-01 2.570445679666087668e-02 3.833099167703507004e-01
5.560666596706158593e-01 1.336159722030484144e-02 2.743673438957677790e-01
6.993839448763145228e+00 2.421348273847674371e-01 2.815249719504367754e+00
9.804162992766604745e+00 3.083476922262605724e-01 3.746772761942209318e+00
7.025329087858107613e-01 4.489698147812329343e-01 2.424249634530447339e-01
1.031113411659051599e-01 3.203117744998589811e-01 3.904810331823492520e-02
4.949387023197289182e+00 1.098023134986753496e-01 2.229850741432607641e+00
5.463063822510730638e+00 4.524480439365997086e-01 1.880640015082424954e+00
3.253537744599032777e+00 1.093681559635360095e-01 1.466392255406497203e+00
2.925370922870185741e-01 8.929273212779829105e-01 7.727108405026250626e-02
1.270376317524183618e-01 4.969777684445347843e-01 4.243136886542389630e-02
2.279234330867772940e+00 2.936123440524762360e-02 1.107111019284054754e+00
4.770651904800140564e+00 1.962784093392706472e-02 2.339408416128804014e+00
7.182147540297794119e-01 1.045580420033736246e-01 3.251140848728643618e-01
1.855678324393678635e-01 1.512173997025747230e-01 8.059634630579361192e-02
1.493242481142234013e-01 1.524690459538098064e-01 6.478449405582048515e-02
5.950630157444960489e-01 1.045535467272600411e-01 2.693681159721226792e-01
7.043863439858166764e+00 4.325974248343716910e-02 3.375891522033878989e+00
5.955003351135147449e-01 8.203486409224720610e-01 1.635676599873037429e-01
9.705490358222501612e-01 2.064883918361938298e-01 4.022206273966465462e-01
3.933607716586411951e-01 2.428356946901657487e-01 1.582513172655153622e-01
7.277137512971149080e-01 1.651578053922225092e-02 3.579451323968089183e-01
4.330065368916918289e-01 3.160967724671711609e-01 1.645040645757273878e-01
2.153935640048185274e+00 3.640571697027692594e-02 1.039137282233825177e+00
7.335500467245414491e+00 8.239084914379744828e-02 3.388563601146484139e+00
6.890921306666699664e+00 5.862691206895516149e-01 2.172053032108200554e+00
6.574323611998661443e-01 3.466367587048370391e-02 3.177034124865526499e-01
2.691131227306066798e+00 2.593590081514150422e-02 1.311549398538383482e+00
3.017258923744764454e-01 3.590689417487656909e-01 1.110046308564134471e-01
6.840293053011499147e+00 1.583743520296913843e-02 3.366824659127066077e+00
7.381201662720715539e+00 5.706921443107306757e-01 2.349665301840488940e+00
3.955694439209882951e+00 3.702251800838186196e-02 1.907236521154264119e+00
2.756710062808417572e+00 1.808745602964575983e-02 1.353867021188474684e+00
2.363365126565780017e+00 1.950281184265583445e-01 9.888324342014312984e-01
6.581460616204296343e+00 5.245740466311418077e-02 3.126711155740780956e+00
3.012263044389513311e+00 1.679039796877579149e-01 1.289602183389617851e+00
4.057487782433826795e-01 1.067916551666881347e-01 1.832995290257564136e-01
5.644938133583560225e-01 1.202993433127727968e-01 2.519388307812105987e-01
5.810275864312273164e+00 1.011773333956208637e-01 2.638210798616579478e+00
6.509493408774237544e+00 7.994881916057813287e-01 1.808706897644452471e+00
5.554691794839686780e-01 7.356026093123000376e-01 1.600219936590389636e-01
6.459497603885424599e-01 2.754430079020692840e-02 3.143172318175436186e-01
9.505331281124870912e+00 5.555920307465243013e-01 3.055213414973362074e+00
2.251986958869097166e-01 1.271744274795963761e-02 1.111853545623959910e-01
2.593905460957181552e-01 5.260394312239992098e-01 8.498815325095082640e-02
5.131135894684316412e+00 7.596804487381720872e-01 1.457973775398749394e+00
1.119623792819610109e-01 7.431541709359543169e-02 5.210870918377909916e-02
1.521623776191369515e-01 1.628080660122282752e-01 6.542884508058477433e-02
2.221481755141277326e+00 2.713640328944147972e-01 8.736607681451408203e-01
2.078974286118919323e+00 1.161835363716268166e-01 9.312869337228500966e-01
8.212726450232285202e+00 1.982531397284207630e-01 3.426958034966495426e+00
1.617593223275889169e+00 3.214752806740563962e-01 6.120406665688022940e-01
1.632112523681230831e+00 4.551452553171329019e-01 5.608074237666156314e-01
6.010225159277465146e+00 3.505990425332645294e-02 2.903322375149452572e+00
3.095391288494468540e+00 2.824273169634963221e-01 1.206848625083747129e+00
2.107209147425357365e+00 8.580665197811125633e-02 9.703427141408949019e-01
1.589057315259938263e-01 1.721588485364849708e-01 6.778336047388021368e-02
7.292916454149127592e-01 1.456713583202357831e-01 3.182813466176670492e-01
4.646306679271237527e+00 4.265822487459174084e-02 2.228106280862112598e+00
1.313429940603780599e+00 2.028124041597921534e-02 6.436607322449061641e-01
4.919999097411453803e-01 1.989372420175758785e-02 2.412015576065143496e-01
4.084749703928540754e+00 5.007970821970170183e-01 1.360860089742736978e+00
2.926824144536040340e+00 1.336743265139843651e-01 1.290857557626774454e+00
1.045833716149218162e+00 1.115346347863759024e-01 4.704458518065949835e-01
7.336327740702488498e-01 3.187255002043204444e-01 2.781597739471108333e-01
9.003428442048897473e-01 4.124478269657706475e-01 3.187172039263962975e-01
1.426355769583092237e-01 1.828843589640592737e-02 7.003692270783090645e-02
6.970481654785356529e-01 1.293465694843435286e-02 3.440736086464165622e-01
3.457253761625288524e-01 9.592041626151814881e-02 1.577328841732376363e-01
3.861175909502318482e-01 1.730662534493800433e-02 1.897744403361724674e-01
5.626115745506756749e-01 6.532628126795601009e-01 1.701518869945460311e-01
9.733153431360292984e+00 1.738088437773988304e-01 4.145970394991371322e+00
4.475629693834027867e-01 2.305067949200101385e-01 1.818612344243482615e-01
1.105433218557111130e-01 7.777700231046176527e-02 5.128302126448058829e-02
4.865439201646271639e-01 3.025498089868211005e-01 1.867659558228647876e-01
1.533298238098586563e-01 3.481912332149200706e-02 7.408532580926366351e-02
3.677731604634558726e-01 1.220096268286408325e-01 1.638903765482682962e-01
8.728299537171354316e+00 8.607571084827843055e-01 2.345362405813458118e+00
9.459558955407512126e-01 1.241703853622432713e-01 4.207351073547157538e-01
5.115756497762110833e+00 3.380067483709729426e-01 1.911708032859534834e+00
4.797278040690268419e+00 8.322339153102319143e-02 2.214353049517245431e+00
1.223706599897201430e+00 3.836438326535915322e-02 5.892471947318695946e-01
1.118049838940226248e+00 1.868451182822406312e-02 5.487713938703514538e-01
5.440536668303752599e-01 1.314946919234317169e-01 2.404137070698655065e-01
1.895223585592279159e-01 8.161340368092870334e-02 8.761095134095445158e-02
2.337107264358398440e-01 1.487903246002543825e-02 1.151421592922924897e-01
3.285350809497662450e-01 2.140021651589393142e-02 1.608258328309517815e-01
1.666072538669587100e-01 8.460274859650950274e-01 4.512588656822115463e-02
4.941321536938501624e-01 1.612569869054878216e-02 2.431451907626309139e-01
1.909911566620466017e+00 9.369940825425112640e-01 4.930091381883581758e-01
2.181617397682093229e-01 1.163907855036345473e-01 9.770850073336576069e-02
2.211414021135256203e+00 3.108095697444538397e-01 8.435298582563667269e-01
1.884818399028356239e-01 1.364185392639899186e-01 8.292800292791216443e-02
3.427455139562384789e-01 2.431955736881778185e-01 1.378485900409933962e-01
4.608729672912284525e-01 3.031839779755769737e-02 2.236556040717149196e-01
3.143848384381637828e-01 2.672578296490923933e-02 1.531006835779971098e-01
2.848043905099574835e-01 6.374991138342078756e-01 8.696321973667740790e-02
9.741175999470540470e-01 1.710136026615272364e-01 4.159292418691977744e-01
3.329516494570982088e-01 5.652609398112355688e-02 1.575690611684252840e-01
7.713578683069029829e+00 1.771351329095042504e-01 3.276420211842421271e+00
2.574661858134827064e+00 7.404482734129730348e-01 7.396548054502025682e-01
5.222351838001629831e-01 8.652483061110036178e-02 2.403236304808787638e-01
4.970995070446245556e+00 1.061463774470122468e-01 2.246987908562025460e+00
8.013016381612109384e+00 1.691397434763526608e-02 3.939869341825385618e+00
1.791107855473395016e+00 3.268136827803995448e-02 8.672122449831765056e-01
3.095255007655197677e+00 2.436016089146544536e-02 1.510823597904033866e+00
1.477044773395077837e-01 3.674687543474683404e-02 7.123459006209675870e-02
1.099262743814339999e-01 1.040020563891449062e-01 4.978535762015218885e-02
7.429296289218773275e+00 3.824905826756407057e-02 3.577800639480181122e+00
1.588754711729387870e+00 1.373387659675046890e-01 6.984527210667418329e-01
8.380414256408866835e-01 1.847050276599833118e-01 3.536920187197049037e-01
5.753627426254551702e-01 2.501043348855035500e-02 2.806618956390760089e-01
3.102688785781585468e-01 3.508739294677347131e-01 1.148400571696610029e-01
6.817750320450551849e-01 5.511527771047257385e-02 3.230808265445933025e-01
1.915031614621294453e+00 2.851236567723727799e-02 9.309716044883510344e-01
8.423502819860118507e+00 1.731956305062536117e-02 4.140047594583087687e+00
1.516245365948900803e+00 1.145737256216185079e-01 6.801907003070893909e-01
4.079164852929819673e-01 1.093760188091222850e-02 2.017515643567061034e-01
2.528749712186150189e-01 9.304686778411127568e-01 6.549574570187040312e-02
6.693586370730336021e+00 1.157906111918862238e-02 3.308484046380270271e+00
6.964621604481160411e-01 7.320659972079630873e-02 3.244772071981790740e-01
3.140654130560806223e+00 3.727824668903027550e-01 1.143900875160205333e+00
7.727560217843132406e-01 5.424526080588033122e-02 3.664972708502418630e-01
1.099484250036282529e-01 9.352497133415024200e-01 2.840677981907192839e-02
1.509693202111814792e+00 1.171256091923779906e-02 7.461077683665969795e-01
1.036728420427591724e+00 6.667805245789737434e-02 4.859612598378235671e-01
2.407085406886337042e-01 1.862242423452639684e-02 1.181539572278320904e-01
1.053961399796811804e+00 4.285031971575072735e-02 5.053272650307522040e-01
2.463183322919410223e+00 7.284498919554200924e-01 7.125411429002364017e-01
1.651014340688581883e-01 2.742149276551136272e-01 6.478555167011255944e-02
1.925458716858077013e+00 2.017085816140010979e-01 8.011337966281372180e-01
1.445370396427480553e-01 8.659064947008666691e-01 3.873105111462714356e-02
7.983658184771298405e-01 2.135251646668262504e-02 3.908375441414860818e-01
1.540468097183511353e-01 1.882410759393543173e-02 7.560029673922298576e-02
3.496106785908872361e+00 2.892546146198700374e-02 1.698911591195974236e+00
1.089908378143705781e-01 6.343789485502452363e-01 3.334319678770014672e-02
1.397505264572565242e-01 4.835458327444858151e-01 4.710017155274705269e-02
2.428771588068479037e+00 2.596800538409208339e-02 1.183648795733751369e+00
2.424380522374028235e+00 6.857152545931944898e-01 7.190955043469343666e-01
1.663800137350301966e+00 2.785278296540026621e-02 8.093572177477428298e-01
1.126599609338307384e-01 8.473387749566494431e-01 3.049250155442508742e-02
1.574871423348317145e-01 4.208867190335768282e-01 5.541861297779860501e-02
1.029213280827937227e-01 6.726018281094517937e-01 3.076683474605730953e-02
1.046468375398350581e+00 4.013775190257092007e-02 5.030431659096115116e-01
7.117164405178517228e+00 3.244452665876510628e-02 3.446753903675263686e+00
1.661378072221179725e+00 1.191838129439851644e-02 8.209051752257048307e-01
2.520223974227053354e+00 5.014983857299763759e-02 1.199935419526262370e+00
4.768766848832504124e+00 1.137278815564432034e-02 2.357571265847929531e+00
4.986107544613527787e-01 8.503428141598331491e-01 1.347346963615907167e-01
5.925909950638208912e+00 7.357082103293144382e-02 2.759906395805644230e+00
2.241551507827835854e-01 6.028261360262328061e-01 6.992497369007055763e-02
8.630464772874001156e+00 1.878020766505118094e-02 4.235685336218995900e+00
2.333518311383657284e+00 2.421810328654933064e-01 9.392827010088217188e-01
4.264862683001184318e-01 4.855398106435493411e-01 1.435458899332225646e-01
9.161644176163369346e-01 5.286985250459371732e-01 2.996550342026418345e-01
1.865918097859714520e-01 2.709867736105306402e-01 7.340430823521255921e-02
1.839694342772124069e-01 9.990695347588582353e-02 8.362954416091239462e-02
9.250094278926814795e+00 4.048468397538888541e-01 3.292207384168409412e+00
2.107865561687748690e-01 1.966534717705513413e-01 8.807334835911105608e-02
2.656069154071564742e-01 8.776445989557826177e-01 7.072875121172261803e-02
2.786069222966227610e+00 5.708023974926135224e-01 8.868299499076008896e-01
4.572020623321397359e+00 8.297663673684171348e-01 1.249345464223640123e+00
6.090092407950624676e-01 1.127619618463698709e-01 2.736475821767636596e-01
1.112235844252822681e-01 7.024435242722618100e-02 5.196177124085556848e-02
7.261550110777448275e+00 2.699816340121784231e-02 3.535327700454988786e+00
9.209708897183662701e-01 2.773407832022984354e-01 3.605032039333656013e-01
1.911600408464512735e-01 3.789746868774584304e-02 9.209004097877912520e-02
9.094205989812189639e-01 7.506045003214771583e-02 4.229625408292270738e-01
8.867916442617085337e+00 1.043056573456965230e-01 4.015154854830664810e+00
9.549740038218949678e+00 1.339204943203662311e-02 4.711769765497556328e+00
1.643189727546528811e+00 8.150028852676707847e-02 7.596806699815595865e-01
1.016019854222724339e+00 1.641213820148339497e-01 4.363891385897495923e-01
6.951781765765414622e-01 7.522398395360072598e-01 1.983684427471482659e-01
1.133036933692817660e+00 5.281218543472981919e-01 3.707285942117384270e-01
4.992830175066949039e-01 1.131944031221227692e-02 2.468473350777066755e-01
3.251043174975973393e+00 3.287634308240708347e-02 1.573781409918782570e+00
3.648309645345292340e-01 6.270648264975837716e-01 1.121132233310775939e-01
2.264388869365403789e-01 2.902830297494398692e-01 8.774775832729991842e-02
5.946166905308940542e+00 1.355939561068801417e-02 2.933309548043933734e+00
1.530760140950651882e-01 4.483218928954997851e-01 5.284599191863145751e-02
1.859638247334209071e-01 1.054794290930155705e-02 9.201138156693644543e-02
1.059236003374194990e+00 1.338941853631103740e-01 4.670788584364213292e-01
4.453072069517966525e-01 6.565776564508667423e-01 1.344057748267125096e-01
1.250371389012687295e+00 1.241570510364242361e-02 6.175187636410109926e-01
2.958070450062252887e-01 4.306180238145022182e-02 1.417974679596444298e-01
4.273577838335095302e-01 2.766251343020479925e-01 1.673779453148371010e-01
3.300316422811238604e-01 9.084592741624156753e-01 8.646546634482628335e-02
4.558551230640630614e+00 9.518442330154764930e-01 1.167754873450622455e+00
1.999384845402046862e-01 1.358078899716521834e-02 9.862977214575238682e-02
8.105542991093594996e-01 9.116473943530271906e-02 3.714170142305165401e-01
2.398484894367105547e-01 4.960495224744064791e-01 8.016061160863534318e-02
5.861288961622872939e+00 2.275519937362010248e-01 2.387389288409422328e+00
4.921073796664238720e-01 1.438162832379777031e-02 2.425652071792745723e-01
9.434080587005237994e-01 1.323435440893503887e-02 4.655428700159184308e-01
8.418792068812159801e-01 1.789891594181202417e-01 3.570343290080453258e-01
6.276890339480661885e-01 1.051767652995396068e-01 2.839767599429859346e-01
2.801276409839577042e+00 3.772950885273704258e-01 1.016948522206215788e+00
9.467642393741494189e+00 2.253514385636569070e-02 4.629494864125375919e+00
6.293291857221520402e+00 4.837662368825136616e-02 3.001446100105391590e+00
3.748048579280116144e+00 7.869529924991248981e-02 1.737306439495184485e+00
1.758431343661546742e-01 8.200605318447724557e-01 4.830694674421735085e-02
1.063543861952372105e-01 1.535995078625531328e-02 5.237275023152158926e-02
1.348655269601141127e-01 3.478629896361630780e-01 5.002939022627188315e-02
2.406420134674597533e-01 6.712386073567618017e-02 1.127526158498419057e-01
5.742376149750201719e+00 1.073028035398927021e-02 2.840706497750835613e+00
2.332062587553676292e-01 1.029945889907032085e-02 1.154144232688662230e-01
1.134517151446749195e-01 6.640373662304573099e-02 5.319360353328264623e-02
3.130421406288426134e+00 2.909026249379431661e-02 1.520965419837165822e+00
7.596761772459560413e-01 1.174418223144652572e-02 3.754289822405781352e-01
3.126917744785401077e+00 1.194833364883367624e-02 1.544998712291226539e+00
3.582566887227517927e-01 3.354523576802765500e-02 1.733144696160933695e-01
1.406246274641012595e-01 4.754649442164474854e-02 6.712094795455392227e-02
1.600194820700263643e+00 4.039562669757302410e-02 7.690318853894103635e-01
1.307424382521213069e+00 7.992540137462930683e-02 6.053308778814731062e-01
1.965660695341830966e-01 8.036067150574907614e-02 9.097242926300705412e-02
8.348162741265633402e-01 3.495562153445292558e-02 4.033101790822887778e-01
2.837965771508272006e+00 8.793132384919983835e-01 7.550539509277115480e-01
1.238364322372280391e-01 8.527765060782988016e-02 5.705288050844461306e-02
6.959090350762908272e+00 6.107664432971551260e-01 2.160179826107505807e+00
2.969041244096726206e+00 2.894306743382454306e-01 1.151299291689520610e+00
2.769219646181927397e-01 3.060549050660851811e-01 1.060146719498675089e-01
4.814529527478978110e+00 1.643830892485290823e-02 2.368333368196045008e+00
1.911146293891427261e-01 7.233465701965363648e-02 8.911146727287019842e-02
5.752843411407416951e+00 5.797557640303471760e-02 2.718797834145784353e+00
2.257623921491848762e+00 9.172667764610772934e-02 1.033969384333244479e+00
4.047786318927109939e+00 6.373939040747916840e-02 1.902621241362770554e+00
2.514165227260973801e+00 1.268042562446187738e-01 1.115617558829655298e+00
3.484712922996071160e+00 1.718586158707690117e-02 1.712918481563932005e+00
6.481858753461845701e+00 1.332617550010362605e-02 3.198308160875679373e+00
1.832215499425113858e+00 1.550632882744804736e-02 9.021191928664182846e-01
3.201052834865961705e-01 2.603585879619795679e-02 1.559912749356349992e-01
8.277200593618820879e-01 7.384440098407245301e-02 3.854003702041740587e-01
2.757770603087194017e-01 1.191931291517494135e-01 1.232035173937023331e-01
3.532283877165319108e+00 4.310589041246950526e-01 1.234150413719634853e+00
2.155666095101053337e+00 7.276345592614064106e-02 1.004725731097923624e+00
4.746974257359221072e-01 2.542552251638107927e-02 2.314636291532030099e-01
3.529412637734046787e-01 1.871773048771040449e-01 1.486472417908717147e-01
1.601965061250100741e-01 2.458161024046667462e-02 7.817654763850992450e-02
1.444390203981221088e+00 2.207735089684174368e-01 5.915881174394769237e-01
1.939171159992567062e-01 8.588724879934353518e-02 8.928971042512434675e-02
4.093958936929413817e-01 1.823455414746460654e-02 2.010322140539197722e-01
1.525135409891130278e+00 6.323036757739530778e-01 4.671726935761481014e-01
2.910159767101952788e+00 3.042192583332034572e-01 1.115671214217901719e+00
5.581438054481382416e-01 3.610486723131783177e-02 2.693471592984654217e-01
1.172689233586956981e+00 7.070111998732423464e-01 3.434919564892243704e-01
8.557237126075614597e+00 6.267664050514902552e-02 4.026265751926138670e+00
1.684779746303914694e+00 3.266962572304837886e-02 8.157399541621435102e-01
8.430743213502432942e-01 3.218036626792679100e-01 3.189105708942240325e-01
6.583102750229388178e-01 7.923966630837108172e-01 1.836396732323624104e-01
2.681857449930308057e+00 5.889831354743070568e-02 1.266343243547993769e+00
8.384745501687436153e-01 1.081544789693857436e-02 4.147515512912072766e-01
1.487202002705059645e+00 1.058663590295819412e-01 6.724148856513307848e-01
1.096987182201470679e-01 4.052014237057792456e-02 5.271340445665213814e-02
2.151874875836352174e+00 3.864887201793312799e-01 7.760160052214576387e-01
4.855005805690471909e+00 9.454092227858928998e-01 1.247810935824066991e+00
7.197631424683998524e+00 4.427277717729492107e-02 3.446241050226092728e+00
1.574394601996679244e-01 1.248033791848095382e-02 7.774939142193200425e-02
1.320645421972355571e+00 5.738309863531128041e-01 4.195639282184169816e-01
5.827804299758374995e+00 1.237559410504669721e-01 2.593002664933921508e+00
9.988201525388570312e-01 4.972962023105438334e-01 3.335412695889876655e-01
8.964777920832941449e-01 6.003942739680516727e-01 2.800802922958940400e-01
7.134009231594232725e-01 4.970881056691909411e-02 3.398089622464609549e-01
1.863964619154740987e+00 8.006844401565083036e-02 8.628918979544463186e-01
1.151188018911203148e+00 1.050334699565378116e-01 5.208837787313721490e-01
4.378626240452829776e+00 1.076265174306377526e-01 1.976580630540488270e+00
9.269203964983935284e-01 7.905563340902365121e-01 2.588358653818486066e-01
3.073476834152318204e+00 1.366662819483765307e-02 1.516019541664127335e+00
3.788736561993352736e-01 4.264334417250851827e-01 1.328045337121152303e-01
9.353543843258010915e-01 3.558820901121781399e-01 3.449246771333984718e-01
1.587960302952592606e+00 6.322821296543669201e-01 4.864233560189869521e-01
2.081643818818864844e+00 1.212120271275659578e-01 9.283006998024406764e-01
1.229626681761609275e+00 1.635215365149372546e-01 5.284073578236785362e-01
6.091209601863731837e-01 1.125505515039033032e-02 3.011707862838751693e-01
3.011316847616147374e+00 1.533630981373779179e-01 1.305450491904617483e+00
6.039999873644913420e-01 9.785637806514324577e-02 2.750815131342488895e-01
4.606415289869748020e-01 5.109436605544359633e-01 1.524350447381816465e-01
2.734754930746967627e-01 9.262470573372650895e-01 7.098660891732491707e-02
6.540046273133706123e-01 1.212148856419047876e-01 2.916499930960814724e-01
3.103800180262046293e+00 2.459016431146328341e-02 1.514654487410503680e+00
1.857216343192908403e-01 4.061144867124643065e-01 6.604072288363706245e-02
6.563000633052494592e+00 5.132209529147538918e-01 2.168553316820949650e+00
3.321330276334384379e+00 1.969133154424163312e-01 1.387456482220985832e+00
2.192616482243028297e-01 2.516879550355063250e-02 1.069392909665203562e-01
2.964740371936554819e+00 2.437868870535732368e-01 1.191820078984662690e+00
1.332110527636722330e-01 6.190989009093030709e-02 6.272239010424203454e-02
6.161340076819453060e+00 1.001635025500075132e-01 2.800192908844197692e+00
1.104786951351278468e+00 7.192559754764797919e-01 3.212979821242425982e-01
3.088800201598590478e-01 6.228666488357736952e-01 9.516494173487578812e-02
1.907848396724919571e+00 1.171436944114303928e-02 9.428789658185781075e-01
1.119752650239228764e+00 2.860893647827421060e-01 4.353323652701177604e-01
7.243150254917030129e-01 2.739762659119928528e-02 3.524998533892406138e-01
1.451945191064721585e-01 1.612488477776993501e-01 6.251653957906319614e-02
1.913267706261209400e-01 2.134330543419064585e-01 7.883697000898212681e-02
3.077022922970214402e+00 2.275542982155619731e-01 1.253314385947382537e+00
3.189169415396382323e-01 2.428408795247086541e-02 1.556779731769281916e-01
4.714561209685564691e+00 3.774651927258607792e-02 2.271537953695215162e+00
2.542779945847917222e-01 1.859609696895556108e-01 1.072033570596143126e-01
2.233010728158898672e+00 2.347700859307194979e-02 1.090894426260008654e+00
9.562295195708923501e+00 1.437428394841566981e-01 4.180264507719955169e+00
2.966616740947746189e-01 2.178418740931784003e-02 1.451684601065051095e-01
5.740079569789821035e-01 5.896856608209694733e-02 2.710221886484598386e-01
6.846317241235263529e-01 1.618865357346275791e-01 2.946207323465769301e-01
1.418485107225379238e+00 8.603175858492956296e-02 6.530587600281724248e-01
1.528889708311741202e+00 1.730177969804721702e-02 7.514435435105314420e-01
2.938012294950221870e-01 3.265149187735465891e-02 1.422557522097281923e-01
3.462747590752482951e-01 2.680476284320836289e-01 1.365385460731511902e-01
3.830063222311559823e+00 1.669207008101935771e-02 1.883590585105254789e+00
2.114847281411134650e-01 2.571462322864311867e-01 8.411301832264819756e-02
5.811078173310141315e-01 6.053735770538350991e-01 1.809883461510115032e-01
2.751025105375415891e-01 1.643504132060778777e-01 1.181356176874784752e-01
1.420377650154802662e+00 3.003359404604146743e-01 5.461579604005578625e-01
1.013139399633235654e-01 3.598420945836903195e-01 3.725209727175727431e-02
5.055066230705284047e-01 1.857561683919332560e-02 2.481438857918070451e-01
1.540852786917903838e+00 7.225614048202341211e-01 4.472562727244857594e-01
8.097993757008618010e-01 3.666072347279914628e-02 3.905807162193070670e-01
7.047086852817781910e+00 2.962864101351088686e-01 2.718182801933131998e+00
3.603708269187550606e+00 2.039055941023637242e-01 1.496673944718434512e+00
2.673155605101034560e+00 2.617327426277798463e-01 1.059319265795432674e+00
3.465584861221579493e-01 3.747064871850936951e-01 1.260481744113194358e-01
2.444816558721880639e-01 6.794076147693391965e-01 7.278806339870226572e-02
9.099243315745427552e+00 1.067703095124087481e-02 4.501558379723586967e+00
1.630765442844708257e+00 3.696927865869082536e-02 7.863132864235315989e-01
4.109614324513687578e+00 1.346629681332352571e-02 2.027504189056748896e+00
6.266540385355515497e+00 2.414490553698429853e-02 3.059401238767972320e+00
1.913990110022598667e-01 1.350478493382275234e-02 9.442432529549298070e-02
6.286465170648197764e-01 6.796853020916032717e-02 2.943188395924457024e-01
9.022074884188752364e+00 1.348836600888500895e-02 4.451000715340060587e+00
3.575240028880434018e+00 9.041801655654808645e-01 9.387872254773490521e-01
3.357968488477442115e+00 9.693746463592319840e-01 8.525468972308780646e-01
2.351451882605193777e+00 1.123735952941184585e-01 1.056952400053803531e+00
7.664420523227434279e-01 2.520919882468496825e-02 3.737978810575460775e-01
7.115668919751891863e+00 8.944735374171288722e-01 1.878006944729666561e+00
7.272174507845389435e+00 3.528326389918177292e-02 3.512166554521627848e+00
4.725288380389321752e+00 5.340569920831369360e-02 2.242862547611337742e+00
2.349705083741427725e+00 1.083868450836263375e-01 1.059966154490107559e+00
3.526371226412450266e+00 1.412844921407455656e-01 1.544913319464245705e+00
7.432779020382674906e-01 2.791655354431063496e-01 2.905323359031847241e-01
4.472686457777932389e-01 1.086460626872698051e-02 2.212307380257074185e-01
3.783614561687598243e+00 6.263000803169092856e-02 1.780306660403834229e+00
7.922867827679431763e+00 2.774313500515506736e-01 3.101093388446942711e+00
1.967184674321302396e+00 1.959095502685290202e-01 8.224638200604683647e-01
5.160340710815304321e-01 4.480929938036815607e-01 1.781771175227056525e-01
1.804519787120494323e-01 4.353042964079795879e-02 8.646225044638337909e-02
1.575608287888806025e+00 1.618266231505775810e-01 6.780737575182078647e-01
3.147362292808825179e-01 3.364503565068786839e-02 1.522457992954774353e-01
1.332459302358574904e+00 4.174282723770052217e-02 6.395337061699489789e-01
2.243283237931105401e+00 2.685405539542132791e-01 8.841984715973354447e-01
6.750589878879274863e+00 4.002396081264646410e-01 2.410512400771049002e+00
3.504010375803225941e-01 2.874211652898625222e-02 1.703055760770194604e-01
6.982550575585987351e-01 1.007803328019639538e-01 3.171636686954773521e-01
4.628424572840200701e-01 1.461909041149558053e-01 2.019046110130358618e-01
2.464814515971067710e-01 5.125345227740458753e-01 8.147961183228083493e-02
1.082419888227178217e-01 1.098348497769497702e-02 5.353301534154433772e-02
6.071968318226458328e-01 2.588118035660547100e-02 2.959391611081015894e-01
1.093526502596870315e-01 9.071842553270399734e-02 5.012872603040490621e-02
4.782239640566359640e+00 1.159100331323893902e-02 2.363721911772252327e+00
2.471620820983734534e-01 2.120322581618719684e-02 1.210151299222696208e-01
6.439768880281633301e-01 1.342485561488389496e-02 3.177230578370991987e-01
9.443298443504565043e+00 2.813803286659152247e-01 3.684814817368187168e+00
2.246193193927351839e+00 2.807802904372390038e-02 1.092423498251717806e+00
1.277998682753693771e+00 6.625278386277076714e-02 5.992944178414334466e-01
6.411189860181435440e-01 5.398543915894640083e-02 3.041403430249188800e-01
1.639391266146433379e+00 1.864458300416828307e-02 8.046924773857678792e-01
1.489151227730241001e+00 1.858668592912753742e-02 7.309889518003453990e-01
1.909098140221241746e-01 2.810283611516473101e-01 7.451428079644381586e-02
4.675992649802904744e-01 2.228956296574138574e-01 1.911852711057955567e-01
1.159385074714828212e+00 1.034604384288504396e-02 5.737564281961594626e-01
3.715007967969935709e+00 7.101619811857831643e-02 1.734337900069101268e+00
1.082403813660514746e+00 1.746580242956934786e-02 5.319116431608228446e-01
2.685730919097404357e+00 8.587560320307523198e-02 1.236666019190014065e+00
8.395304528606400751e+00 1.614974295183802533e-01 3.614000476990960387e+00
1.803496523119678230e+00 2.356752358393449653e-01 7.297615387973016565e-01
1.358176937708479581e-01 2.073540829964607909e-02 6.652933398141580579e-02
1.434265343876657550e-01 5.001865829040801348e-01 4.780289866011828287e-02
1.921723032798230979e-01 3.133630202395110143e-01 7.316039066060260609e-02
1.166437561149867297e-01 4.689643268115342017e-02 5.570931014458437025e-02
5.279546919929479776e-01 1.493819917880753467e-01 2.296689419901286333e-01
1.154494665540707121e+00 2.341746691535152164e-02 5.640389688776912269e-01
3.242835609767807714e+00 8.499202729934232647e-02 1.494405271271698643e+00
5.404595717532397536e+00 2.418008669750884229e-02 2.638498730706449802e+00
3.536424378633349908e-01 1.996566563279009165e-02 1.733599717025445519e-01
3.738479475035251465e+00 1.314995452029346368e-01 1.652002199596445564e+00
1.115290084910609325e+00 5.622321137053958029e-02 5.279613593529275395e-01
7.031764072493633666e-01 2.067809245010312699e-02 3.444653179345763538e-01
4.855577719263296510e-01 1.831299616388603474e-02 2.384128326730029501e-01
6.331132637515823891e-01 9.450649609256937811e-02 2.892231640523931224e-01
4.228344860660106619e+00 4.741250902952792723e-02 2.018471626130304397e+00
1.884554468198976762e-01 1.312385914033794947e-02 9.300711118372388675e-02
8.153873054072331428e+00 2.844671316639289516e-01 3.174029468356116102e+00
4.367461166815684304e-01 1.383419894859842791e-01 1.918343172418598697e-01
1.626939318945564539e+00 3.182577378644881883e-01 6.170793738639930304e-01
2.951849257509006286e+00 1.801647772250554447e-02 1.449804262556166234e+00
7.373721462062642118e+00 1.023235639274141934e-01 3.344626615705815986e+00
2.687356522178599771e+00 2.009270874440411137e-01 1.118867477582738967e+00
6.204451678378133828e+00 4.476092310590667478e-01 2.142999486760309935e+00
4.104023838531710711e-01 2.912210130685563558e-02 1.993944077831054373e-01
2.982671708650377895e-01 5.125023100934892328e-01 9.860056704528326332e-02
4.227577070972476925e+00 4.647211689299880766e-02 2.019918640318987269e+00
3.300513320142707263e-01 6.810251683662059408e-02 1.545035831353425149e-01
2.207687011771004570e-01 2.686125787065380549e-02 1.074968499809294958e-01
1.408022017665819525e-01 3.668200291539628899e-01 5.150722068864325293e-02
1.979598094046244539e+00 4.212742370107228074e-01 6.964166529218912549e-01
3.853917388751685880e-01 5.634830317204845285e-01 1.232478162718135262e-01
1.164851757132520316e+00 4.606222518071474703e-02 5.567793813275705439e-01
2.327713847148185966e+00 4.452250015629935498e-01 8.053119218913288302e-01
3.786020289853678555e+00 2.342472434498689138e-01 1.533736579095488883e+00
7.065758572250916636e+00 7.842947426437089919e-02 3.275948377185574412e+00
5.860100990292333556e+00 2.714164770032771457e-01 2.304556019324432992e+00
1.523120581224454595e+00 8.526934306721468959e-02 7.017246874954442548e-01
4.526063910593910222e+00 4.775148519987935936e-02 2.159893817631036050e+00
8.332232060938735696e-01 2.562354265822712820e-02 4.062032370738646314e-01
1.182960544435291139e-01 9.006159366503872776e-02 5.426117896961697024e-02
7.999888573417376136e+00 4.588897440996014127e-02 3.824444453069468786e+00
3.932771578658303957e-01 3.959262529587755097e-02 1.891496478026188921e-01
1.572199804960334180e-01 1.267350173222654523e-02 7.762619453708480277e-02
1.345349119595416365e+00 1.465669479206169745e-01 5.866858110794599401e-01
2.516466011598692099e+00 1.042080285465110251e-01 1.139489093785688967e+00
7.525638446854936880e+00 3.966086438180611851e-02 3.619275623753407611e+00
1.073187548439105132e-01 9.050682745413374253e-01 2.816664270726687916e-02
6.798442821366067479e-01 1.156858557526469905e-01 3.046754956295383843e-01
8.009055886497405963e-01 3.203616043937941582e-02 3.880220574387445720e-01
9.857563525752470746e-01 2.677386583999263880e-01 3.887853170855487539e-01
9.544513626998680778e+00 1.022403433592376093e-01 4.329597299038423941e+00
2.032802180001585246e-01 5.068864191899769001e-01 6.745041146147939815e-02
7.149337047464630501e+00 8.273052784948155269e-02 3.301531112115512645e+00
5.516450919263275132e+00 4.651646167620480665e-01 1.882536220214762857e+00
7.439797166650011784e-01 1.093844044100690804e-01 3.353119593657091779e-01
6.730538067132802560e+00 2.839888918938272000e-01 2.620948712883938825e+00
2.994130422705193695e+00 1.409529861201750008e-02 1.476256929108749061e+00
1.628155594417175500e-01 2.256960892626050097e-01 6.641758951016542289e-02
2.507051825602406581e-01 9.425231316600010678e-02 1.145554729671420108e-01
5.397567840003159034e-01 1.096956671656277166e-01 2.432003656367140165e-01
6.152728110633384206e-01 6.341086667746863581e-01 1.882594540905685176e-01
1.000333738132582306e+00 1.790866902408942002e-02 4.913671376291759985e-01
1.044717691605704823e+00 3.774456031644730925e-02 5.033597532359654902e-01
2.523560586671820261e-01 1.606585056649970089e-01 1.087124496290125947e-01
3.338000576586209744e-01 1.356994076412511296e-01 1.469579254038243521e-01
7.296148273331888312e+00 5.616425488673597310e-02 3.454078397168598435e+00
9.563690517555340165e+00 6.844306844058469785e-01 2.838849531207857879e+00
3.915977853117749152e+00 1.441080923341112319e-01 1.711367081203274854e+00
2.311670702014861689e+00 1.119569677659676410e-01 1.039460504779802230e+00
5.009758582494450163e-01 1.329113437778935668e-02 2.472023297416240106e-01
1.482621129577627705e+00 5.863745428774670004e-02 7.002497047372737704e-01
4.407381480876375601e-01 5.116997736671767827e-01 1.457756876613360841e-01
1.248277250101379604e-01 6.916032414487963687e-01 3.689627743418946726e-02
3.732049730492724149e-01 2.680564824969965398e-01 1.471562892507654319e-01
1.150558808657011767e-01 1.164405008100066613e-01 5.152799490085908929e-02
1.565718601036469204e+00 3.557828370265873619e-01 5.774223416451778057e-01
2.578291106076321948e-01 3.938829783072576862e-02 1.240292541034660051e-01
3.193997267637347925e-01 4.093943616488070897e-02 1.534189769678123427e-01
1.003598205704968827e+00 8.824491166203881631e-01 2.665671536202677827e-01
3.385027150092337345e-01 2.891044486536691882e-01 1.312937502320946082e-01
7.414810769687059100e+00 2.965286330014513250e-01 2.859485930720189195e+00
2.573084536049267124e-01 8.690162610853519043e-01 6.883526349190395577e-02
9.051669222714631147e+00 7.065854381921916894e-02 4.227150324895276867e+00
7.078529243965717477e+00 1.745316456879774519e-02 3.478552866345272054e+00
4.347629734686185188e+00 1.919724808364817875e-02 2.132869639738942613e+00
5.369690175784858077e+00 1.601709784943667475e-02 2.642519593002258027e+00
1.413624019471557025e+00 9.989466706875963498e-01 3.535922293978207009e-01
4.625432128227930373e-01 2.464226037336676028e-02 2.257096113985422314e-01
8.104937359356775284e-01 2.576294287162238239e-02 3.950687347247606174e-01
1.789382774523755382e+00 3.583957565240245557e-01 6.586382377631155860e-01
2.339906578360219647e-01 3.160177920693899023e-02 1.134113291351175196e-01
1.025466882592359630e-01 3.481420200449452523e-02 4.954835759916955545e-02
2.277893903015264787e-01 8.197726978562565325e-02 1.052653307341007566e-01
7.032559935086130087e-01 2.582921095901639930e-02 3.427744043529236673e-01
2.242012660196097129e-01 1.180596558431889487e-01 1.002635525071904482e-01
4.675530587749367584e+00 1.397570242822009957e-02 2.305543701171848703e+00
2.256998263281899675e+00 5.253479443604001098e-01 7.398306306526970522e-01
1.123521951535593866e+00 1.159663607182466333e-01 5.033852233737960979e-01
3.237794874881721796e+00 7.784264252458104050e-01 9.102976735273714537e-01
1.658340719207084257e-01 4.469833197077817122e-01 5.730338064788425417e-02
2.831856544978293977e-01 2.331501986240142876e-01 1.148220447167816183e-01
7.554857048746786319e+00 1.793241764657498016e-02 3.710883413170669165e+00
2.366131629114276713e-01 9.787530133432056356e-01 5.978845295898185114e-02
4.071800806797322814e+00 3.999303041427664657e-02 1.957609660699042964e+00
1.695344094356285580e-01 3.855371861813315371e-01 6.118002862950255860e-02
2.994059837595740570e-01 2.022166453232697170e-01 1.245224747653803227e-01
3.626765926609201163e+00 9.807964175282303521e-02 1.651412970747700770e+00
1.039603649449811762e-01 1.954186917059401798e-02 5.098386250167137590e-02
6.822650181992576668e-01 9.486000118383487723e-02 3.115763739023928447e-01
1.589071456931981929e-01 9.603269548680026801e-02 7.249197325387267410e-02
6.629908553376134606e+00 7.192260432557584515e-02 3.092531366827313999e+00
3.686279546870071311e+00 1.009564941199524168e-01 1.674125892602455812e+00
2.583133926745251774e+00 7.087477534291413139e-01 7.558558369898010776e-01
8.644420264944694399e-01 7.852106061300890838e-01 2.421120576827553439e-01
3.875295720211084927e-01 4.486515541589113920e-01 1.337552743130519806e-01
4.488253594196748297e-01 6.292823769452682292e-02 2.111268397540972952e-01
1.551525352940103519e-01 8.524960700588088969e-01 4.187661658280465715e-02
2.836976425660409973e+00 1.096372282794097902e-01 1.278335096083335065e+00
1.887235919069847778e+00 2.628848857437911524e-01 7.471923769039082730e-01
6.419797791322244818e-01 9.375134771449602500e-01 1.656710486675476712e-01
2.335915401441851225e-01 1.608965384137363841e-01 1.006082507849353769e-01
6.358123116441707356e-01 2.724207737089977960e-02 3.094754029505170090e-01
1.436317461582286015e+00 1.910722774115327857e-02 7.046939823819508009e-01
3.674925215721110416e-01 1.324273801937195238e-01 1.622587584862376364e-01
6.099527589063585609e+00 2.813014875645905577e-01 2.380207799749435527e+00
1.315678313842290059e-01 3.711642965917227865e-02 6.342963413831277653e-02
1.630029319324245662e+00 1.765863136828592916e-01 6.926943227063614428e-01
3.165384595441791404e-01 1.222205432636158315e-02 1.563582112201837571e-01
1.879391639030441707e+00 3.681467610495248732e-01 6.868384637291155004e-01
8.502068671212596129e+00 2.351429984247288899e-02 4.153370730883356288e+00
2.373637395052867749e-01 3.028175883391742707e-01 9.109630604844570767e-02
1.871415779634371668e-01 8.210963381923344073e-01 5.138157000227636800e-02
8.729181209434245803e-01 1.542018767740812868e-01 3.781479386358188588e-01
1.391016352651742727e+00 2.152082044217898046e-02 6.808556051014322819e-01
1.784041937387474963e-01 1.782200221319567568e-01 7.570920133233265126e-02
1.194533738104836651e+00 1.537994175936508064e-02 5.882200785033475654e-01
1.606765810595199628e+00 2.021537459857758734e-01 6.682863219286642176e-01
1.714823623721881463e+00 6.401518696643920814e-01 5.227636706815353973e-01
6.342866419439660008e-01 3.160597719271943662e-01 2.409794203401330603e-01
2.423671785346799001e-01 5.572433939779329881e-01 7.781929898432896064e-02
2.610650371736070952e+00 2.846670780519537994e-02 1.269195372063789184e+00
3.572014956295518351e-01 2.243031638030490438e-01 1.458795117869245428e-01
8.616409576043880136e+00 3.365075206752901615e-02 4.167950131516454881e+00
1.505991215385255322e-01 5.890575248526225272e-01 4.738630263007403282e-02
8.549314837289653468e+00 8.495364278026006077e-02 3.939944759013625841e+00
1.052026340516738628e-01 4.592697385797814280e-02 5.029157708000695642e-02
8.696832260471182297e-01 5.794968103160390571e-01 2.753038880379583553e-01
3.440148732137207621e-01 1.421675179227598930e-02 1.695963277109128475e-01
5.059797956869923397e+00 2.998196872963003745e-01 1.946346099509614902e+00
1.349447746088963673e-01 3.186922133567469118e-01 5.116613764837240480e-02
1.137056104276691126e+00 7.605119065717806659e-02 5.283466595963038914e-01
1.403979651432539777e-01 4.013321682551920788e-02 6.749037665182339163e-02
1.036706371810959537e-01 3.101198229614356844e-02 5.027615535088806459e-02
3.934403658950857086e+00 1.653647362208641169e-01 1.688056767407279279e+00
1.116054985084024287e-01 2.311278129774955656e-02 5.454212895612464695e-02
2.290524283926130278e-01 3.161566424577073875e-02 1.110163582869190813e-01
1.420363248295044789e+00 1.824607387295830441e-02 6.974557942033648983e-01
3.281412891029073520e-01 3.559439328097475930e-02 1.584313758513546389e-01
1.439867055228175818e+00 2.679651264377055919e-01 5.677865365561832744e-01
6.693662990610525831e+00 2.268308261494556832e-01 2.728030160286780692e+00
5.794497644707298223e-01 2.237929318404510426e-01 2.367433858272496305e-01
1.626616066402000627e+00 3.829475968423765586e-01 5.880975064116606976e-01
1.186564191167776838e-01 1.347202451430451996e-02 5.853956312886016145e-02
1.520564072450517612e-01 3.675088307789333708e-01 5.559613357613215484e-02
7.443651514063950536e+00 5.548614647434730457e-02 3.526172057742333887e+00
3.378603081192501634e-01 5.131935961854105360e-02 1.606839563202939747e-01
9.115584779895167244e+00 1.934559814304083469e-01 3.818986590929707159e+00
4.837189031639988812e+00 1.171490717784860226e-02 2.390588987728369474e+00
4.273913121656227609e+00 3.023112020631124608e-02 2.074249669724763212e+00
2.813061504313671968e-01 5.382174667878598662e-01 9.143900537639745862e-02
5.390708365067077290e-01 2.705285334177098822e-01 2.121443251087845316e-01
3.740590758207380517e-01 3.071720360905018377e-02 1.814557254458218083e-01
3.306351516725358763e+00 5.473235292129108309e-01 1.068409887881439424e+00
4.035864495515044670e-01 1.984156053100262773e-01 1.683833420406345427e-01
6.353122665387778145e-01 2.403453808874278855e-02 3.102006050130516335e-01
9.479435971828154450e+00 1.410673661375966836e-01 4.153758250012500319e+00
5.510145730369638173e+00 1.814139003828900421e-02 2.705982579768424934e+00
2.002344682748353311e+00 1.204947682354161054e-01 8.935091619846191602e-01
8.284112367408347222e-01 2.378325444610432382e-01 3.346216903278819710e-01
4.855406722087354798e-01 1.370253872143122609e-01 2.135135581265690252e-01
2.637779875303620791e-01 2.026681410499733271e-01 1.096636630367851251e-01
4.824739843654602400e-01 4.994662034682821328e-01 1.608819135934816402e-01
2.281246354621929040e+00 1.398462300659978341e-01 1.000681624612577592e+00
1.937941301326369770e+00 1.659122145922702421e-02 9.531566181265199722e-01
1.236341725334691305e-01 5.305993068367168691e-02 5.870234396498349300e-02
3.874884413564244068e-01 9.000950516965589010e-01 1.019655414107950298e-01
4.583159502864051937e+00 9.395435423942394282e-01 1.181504669187896095e+00
7.649764553873271034e+00 1.185937644774260336e-01 3.419366707022104546e+00
6.624444748485763812e-01 1.112352299216703422e-01 2.980667175640531741e-01
3.619833096986382892e-01 2.429259485192181850e-02 1.766991734187870478e-01
5.488148957707944753e+00 5.413271219235598064e-01 1.780332312215071378e+00
1.385909304164198441e-01 1.371976266872604322e-01 6.093528827533053333e-02
7.380396802899471531e+00 1.050295208802630581e-01 3.339456848637071484e+00
7.556023400316937533e+00 9.027831926340655899e-01 1.985518746846025362e+00
1.444644034052879000e+00 3.264152738653222086e-01 5.445670230572001724e-01
2.014271735024364851e+00 4.543018544834548922e-01 6.925218890475122180e-01
7.219576605296814442e+00 1.128864779545979587e-02 3.569493547186056936e+00
2.207504274860137006e+00 5.115325238584887968e-01 7.302205675419544129e-01
3.010835958734071616e-01 7.986765959028706563e-01 8.369586743921413052e-02
4.792035147576449994e+00 5.461241565423085031e-01 1.549692864993833963e+00
2.208200467278666590e+00 2.508975229529311970e-02 1.077076647354172412e+00
2.076213468184040956e+00 2.612886798539090782e-02 1.011672867297989553e+00
2.274967268565672163e-01 1.979273745449464800e-02 1.115406682657997528e-01
2.550034845397686212e-01 5.029461522041192012e-01 8.483453787276336311e-02
5.318245311373669182e+00 4.685900296392387920e-01 1.810663699208179711e+00
2.478919838390526209e+00 1.348575589726405330e-02 1.222967280973710880e+00
3.199700358481938345e+00 4.339098190117018916e-02 1.533318005419090913e+00
2.388234992600488660e+00 4.585846626694354417e-02 1.141758215681412780e+00
1.383811326871704772e-01 9.329700542904663108e-01 3.579494994762500576e-02
6.962669393617505476e-01 1.696921086360621278e-01 2.976282964641197570e-01
7.036029489180047669e+00 1.217289456107572936e-02 3.475705349841041958e+00
2.577345956056614984e+00 1.157953120412349157e-01 1.154936720132665018e+00
2.372315268125259891e-01 2.687395870385829721e-01 9.349102417709603818e-02
3.449111758976363351e+00 4.839032109589286312e-02 1.644955933669328463e+00
1.190056160945241581e+00 1.298379660916045286e-01 5.266490402433311457e-01
2.223637328249818079e+00 4.074741408864840375e-01 7.899389635852498426e-01
5.330312065740756555e-01 2.890361414546254934e-02 2.590287366308724470e-01
3.277395004321237981e-01 4.212316289622428100e-02 1.572460492679599309e-01
5.832231690736604968e+00 2.498624586933606562e-02 2.845029245143690488e+00
2.085394373306334870e-01 8.017364558342583714e-02 9.653051534042782211e-02
7.325020092126908189e-01 1.901147286874000850e-02 3.594179401879242786e-01
1.638551045620701307e+00 3.910098079941941029e-01 5.889789691646589720e-01
1.014702279150402064e-01 2.807184880024174087e-02 4.934977454808037178e-02
8.307768053853931134e-01 2.589071999247222200e-02 4.049051176676445318e-01
1.182585561045282896e-01 2.440349451920830956e-02 5.772069147422791840e-02
8.068597110600814304e+00 8.328347441529977691e-02 3.724139295559652396e+00
5.849978761789166981e+00 1.464692862394843809e-02 2.882765717195259203e+00
8.485284598144380297e+00 1.163905663694195791e-01 3.800320807859887573e+00
8.145244054363566244e-01 1.584658476221922907e-02 4.009091617052655265e-01
6.938381338527951137e+00 8.912329107066105371e-02 3.185305738759468763e+00
3.455860782699035627e-01 2.021838579183379836e-01 1.437326229235472708e-01
2.632333982267119676e+00 6.716250088459294054e-02 1.233333245913871723e+00
1.668283902968580534e+00 1.844717724494370492e-01 7.042311778855820936e-01
3.931372609057969814e-01 7.869165286100558709e-02 1.822287489956384010e-01
6.006175916723798025e+00 8.809815086531597172e-01 1.596553684630425574e+00
1.712969257959423786e+00 2.759716085927195750e-01 6.712411335894349351e-01
4.230629484911981208e+00 8.164782472721821005e-02 1.955640915738404706e+00
3.919455325678043445e-01 1.210625452996381551e-01 1.748098418822140454e-01
5.074912882322149876e+00 5.190476373169057578e-02 2.412249215565207106e+00
2.408021911793644776e+00 9.603826143346867739e-02 1.098511793121291324e+00
2.842918757432427057e+00 7.585161747572206903e-02 1.321241103909285730e+00
1.029932539035668171e+00 3.695251757125618819e-01 3.760181109849973224e-01
2.728111767101811580e+00 7.389484702873591049e-01 7.844142059744284579e-01
1.214257959121686659e+00 4.334893561111322069e-02 5.819040580179766220e-01
7.639261537476979003e-01 7.052569965227090121e-02 3.567995397008390523e-01
3.287117923161644306e-01 6.050917292715071727e-02 1.549782881221455078e-01
3.645359159205855182e+00 1.014995372970318305e-01 1.654725687925024946e+00
1.585336227624361549e-01 1.789926604010083078e-01 6.723265889904456172e-02
7.107912181508712068e-01 2.456240422565300618e-01 2.853153094505249121e-01
3.438083138358341007e+00 1.268580866363551996e-01 1.525517356236461897e+00
9.078250903493284341e+00 1.894207888877520174e-01 3.816248626351366635e+00
2.131065766944420847e+00 1.168810306195776222e-01 9.540254102812701920e-01
2.953208975220904087e+00 2.857102416931056946e-02 1.435588260716346598e+00
1.387658589321699998e-01 2.306037436567540122e-02 6.781899798348094144e-02
1.053669385384680135e+00 1.214185468922570899e-01 4.697930974588713782e-01
7.613926236186360219e-01 1.395479136135569509e-01 3.340766169297025301e-01
2.695363629371293701e+00 1.198501131872764663e-01 1.203448389043712430e+00
5.966609576226734601e-01 9.715305819867814385e-01 1.513192245340158615e-01
2.214899090466615927e+00 1.254303358970222659e-01 9.840231864290535091e-01
1.868814931338929952e+00 9.362281451548050137e-01 4.825916140139350219e-01
1.072822340384881556e+00 1.008822429089557306e-02 5.310537805437870462e-01
2.993608188718496765e-01 1.501229025949177009e-01 1.301429691541786948e-01
2.169526673682581619e-01 9.347886810197619800e-02 9.920295384621254098e-02
3.635724441626085657e+00 5.259912616915708022e-02 1.727022354112143443e+00
1.993671174229290743e+00 4.474792443777984852e-02 9.541398109511268766e-01
1.906881883697681745e+00 5.472965933831989288e-02 9.039671288346796674e-01
9.554992893908511586e-01 1.042549168390237840e-01 4.326443445350499628e-01
1.552825018709117932e+00 2.278558623340869449e-01 6.323319643387467215e-01
7.716384407024977632e-01 3.324019662837476297e-01 2.895666849151775080e-01
1.060259004798133897e-01 4.957665856003829613e-02 5.050888832897404424e-02
1.943145957312489569e-01 1.590680179062140681e-02 9.563603442203216787e-02
8.772295108747676373e-01 7.225379062926162721e-01 2.546328611028395583e-01
5.978309474971532644e+00 1.783179448594338426e-02 2.936786563044476939e+00
4.049534023696486074e+00 5.096749747000415276e-01 1.341193995913289472e+00
4.625909185173230909e-01 4.957434768583268009e-02 2.203707243499579693e-01
5.735412775742896763e+00 2.755040248237768941e-01 2.248292700030992908e+00
2.700521814067344817e-01 1.783292105978006095e-02 1.326603688184662122e-01
7.150763682571060764e-01 9.084453166486826381e-02 3.277627322225938888e-01
8.687694560819570810e+00 7.016890336122314498e-01 2.552668081305641046e+00
4.844725567451030557e+00 8.329275232407836738e-01 1.321581324417321124e+00
9.794969291571271608e-01 1.952473010355262051e-01 4.097465555071826970e-01
5.860758402711071291e+00 6.131060828549293740e-02 2.761094799654789433e+00
1.084320631967751192e-01 2.138485254841708191e-02 5.308090428707189223e-02
8.404802261045902778e-01 1.566478285333335330e-01 3.633258997988809136e-01
1.140595026046674842e+00 1.552499638946863159e-01 4.936572437541545955e-01
1.702163550115587121e-01 1.977300890152885668e-02 8.345796247093803522e-02
1.689185842191362141e+00 3.090192511123018848e-01 6.452104660630562094e-01
2.673817354691839121e+00 5.217601316133125833e-01 8.785278636052709089e-01
3.217631051199745684e+00 1.212793444995884790e-01 1.434803497890050794e+00
3.737153260730096349e+00 1.113980541479224484e-01 1.681284777664680208e+00
1.274350268202323333e+00 1.630282521805919566e-02 6.269540124169669104e-01
4.174774895819862053e+00 1.125029922184467013e-01 1.876298277407293602e+00
2.609235198771544528e-01 7.862580214434103376e-02 1.209518256277712367e-01
2.594991698690350290e+00 2.419655864646431953e-01 1.044711595462643361e+00
1.251875971902950968e-01 2.327870484752547486e-01 5.077421820140412545e-02
1.547401234193147346e+00 1.469665556254392928e-02 7.624944980898129554e-01
7.167022265626202149e+00 2.485988759392993019e-01 2.870025916143235545e+00
1.580718076806295058e-01 9.557959848409682824e-01 4.041111877358793264e-02
1.339334346834850642e-01 2.680729002168654590e-02 6.521838907116463135e-02
2.717323608843559501e+00 5.068711219980540639e-01 9.016443308172537030e-01
4.070672029637361633e-01 1.222720480428317845e-02 2.010750160792426633e-01
8.798732681554552570e+00 4.192263945492676058e-02 4.222354111701391410e+00
3.712555410697999103e-01 7.376798598103044557e-02 1.728751210302700292e-01
2.469385616869033684e-01 1.543081660905603822e-02 1.215930015358079735e-01
4.906687530103770456e+00 9.752499880045851777e-01 1.242042161726716332e+00
1.092042738877538194e-01 1.037439905616483610e-01 4.946992908753432977e-02
3.771294715313055490e-01 3.888365373749797516e-01 1.357717274072125779e-01
5.254626981319686641e-01 2.782577164970789427e-02 2.556185652401850028e-01
2.252773085892532112e+00 6.605948647802362128e-02 1.056588827578043288e+00
3.341171605762446317e-01 1.849646118330066091e-01 1.409819150883346028e-01
8.517080300490789568e+00 8.919814874105967684e-02 3.909793782855389921e+00
3.101342109373974587e+00 8.521241010963447049e-02 1.428910174857223936e+00
2.196994933059797539e+00 7.997453723167896600e-02 1.017151264830465474e+00
4.475381754068550322e-01 4.594388569678561213e-02 2.139398592634415841e-01
2.836486972028190667e+00 1.787954782138052867e-02 1.393331351484204728e+00
1.392666291068873852e+00 3.618317945445046480e-01 5.113209636637550126e-01
6.974693573549468617e-01 3.488074440196866494e-02 3.369805463710683902e-01
8.256834031001318408e+00 4.959194129169084975e-01 2.759785707607481875e+00
1.597062782596250785e-01 2.820846812272735371e-01 6.228382594305179043e-02
2.019895706017793557e+00 5.021698983816658829e-02 9.616563650951075459e-01
1.195296460642644609e+00 2.638535141505670562e-02 5.822844504720929848e-01
5.170927464639051507e+00 3.373499294058606157e-01 1.933273913932279431e+00
6.153142011181390592e-01 1.705008510203318353e-02 3.024994590391332783e-01
1.551264864531618770e-01 9.739826325327157752e-01 3.929276881583478043e-02
1.351001908774481508e-01 3.240729277451694784e-02 6.542969612040251681e-02
1.090352636763098015e+00 9.199517452603316048e-02 4.992479189463231437e-01
1.852595277760313019e-01 4.793507237642659624e-01 6.261514757792903396e-02
1.139331912519997991e-01 3.839372984635059938e-01 4.116269984864642795e-02
5.006746153572922964e-01 1.823390717044071074e-01 2.117305548549377470e-01
5.359068430675186789e-01 6.023330468047902175e-02 2.527306210348788107e-01
3.404607546255781880e+00 7.320489690593794396e-01 9.828265848928958714e-01
6.862389812477875939e-01 1.379413413778889375e-01 3.015265182372438568e-01
9.319059166705979891e+00 3.532189441827374710e-01 3.443293196111044008e+00
2.440369215308993311e+00 3.619096869186347321e-02 1.177567306145232529e+00
1.567448845013941494e-01 1.047197903661558765e-01 7.094327714064105339e-02
2.700783945170946776e+00 4.232087612116195580e-02 1.295562627135274258e+00
4.653252405177145334e+00 1.119719431320854164e-01 2.092342542416292694e+00
1.290199136983823380e-01 3.611956278464118625e-02 6.226111268067974214e-02
1.701173664838182331e+00 1.292611088212242132e-01 7.532242328853189228e-01
8.418724793214176216e-01 5.204427466692583826e-01 2.768510952371131539e-01
2.491139896153062583e-01 2.183857112898325917e-02 1.218949825607343607e-01
1.323532019301156604e+00 2.407707986856879104e-02 6.462072266430473055e-01
4.196451930648642525e-01 4.117995111364280286e-02 2.015238540734543837e-01
9.955004513817394818e-01 1.237887047715279486e-02 4.916639809523788984e-01
7.746270596302104572e+00 4.930882702779245536e-02 3.691130007094152621e+00
3.870882452285426822e+00 4.978204066675736422e-02 1.843660065772738443e+00
4.555577382861868974e-01 3.956861243870324341e-01 1.632020732764188076e-01
6.046596614099411404e+00 1.871186393914896912e-02 2.967765875778881846e+00
7.460833962029840727e+00 5.018955783780161273e-01 2.483805821602866448e+00
1.941515416481940814e+00 1.012239060561603982e-01 8.815261845500323989e-01
4.779381441516023510e-01 3.221534016882491858e-01 1.807423191368437987e-01
3.003146998493791964e-01 1.118945380723657956e-01 1.350463958434490186e-01
7.387487332681928365e+00 8.393835560953334662e-02 3.407706395133377253e+00
1.279077343893154917e-01 1.489818177869559057e-01 5.566133963532925166e-02
1.582423107804352025e+00 1.225222455213148404e-01 7.048515582287872006e-01
1.196493943387773484e+00 2.755853697947812098e-01 4.689979877945244513e-01
1.667970058559059776e+00 1.844665652812944034e-01 7.041017903966499958e-01
2.359061583992962674e-01 1.177246793751485568e-02 1.165806373839110011e-01
1.219445685929583661e-01 4.957500466872948319e-01 4.076368537077251081e-02
8.845269088049191319e-01 1.020876292033189164e-01 4.012960881542283476e-01
4.025551218559144218e+00 1.285830842139573382e-01 1.783453639730426143e+00
7.423150291803931600e-01 4.997313188517936711e-01 2.474826723458424527e-01
5.303237829999472908e+00 7.634626507968143017e-01 1.503643365399098153e+00
4.891692739523008981e+00 5.949143252689604450e-02 2.308509813928499632e+00
1.525306350779885856e-01 2.435159751875334150e-02 7.445228544937966542e-02
1.515942898060649024e-01 4.377836696675604378e-01 5.271804549049997901e-02
2.261076730334520057e+00 1.116892523074597826e-01 1.016955379230910506e+00
6.718761897017635931e+00 5.661281483827669270e-01 2.145023031466371410e+00
5.496679680759238851e-01 1.129007204075292876e-02 2.717657293751091774e-01
4.092132232936213754e+00 3.236160275614439197e-01 1.545815458458647207e+00
4.611906543502742650e+00 3.972370222398881323e-02 2.217851980116345434e+00
7.548837843233894063e+00 9.984276568985418765e-02 3.431780468410426721e+00
2.630465871871055850e+00 1.793099468777523964e-01 1.115256374643183834e+00
1.515520687070117112e-01 3.308796819908950138e-01 5.693680306258087909e-02
4.840533323469137450e+00 1.896117003002350254e-01 2.034501393289709359e+00
2.879841814427490654e-01 6.934772430571655155e-01 8.502747309519877172e-02
5.518032662830910873e+00 1.487799655977117830e-01 2.401692590434353125e+00
2.647113250971376175e+00 8.314452419688588281e-01 7.226842469299409322e-01
2.552518744941812967e-01 1.060855090272097741e-02 1.262862234176520826e-01
1.693494662466890954e+00 9.365051809125057858e-02 7.742394094150610862e-01
5.296312982047282958e+00 2.247862876062243706e-02 2.589938231015696424e+00
3.436937285622272853e+00 2.617098011390534343e-02 1.674641630014118698e+00
2.332183304056477946e-01 1.192901691908309497e-01 1.041813538728069144e-01
2.238098623989485780e+00 7.191752862596993978e-01 6.509221723570651763e-01
2.631382929958875350e-01 9.362376100487250774e-01 6.795093010027465630e-02
4.175426989223730345e+00 1.253064985695614801e-02 2.061876837907873572e+00
3.568014140519485955e-01 7.670412043062891927e-01 1.009601284855218967e-01
3.054966694335770616e-01 1.261048004039749815e-02 1.508460930709454306e-01
5.690846920924176544e+00 5.619617413770033182e-02 2.694029319681212176e+00
5.849041224083733059e-01 6.170536621707847225e-01 1.808548893866574747e-01
5.138290414499620873e+00 1.557996049388489686e-02 2.529732081362076279e+00
4.165789320320640421e+00 6.467487175194039928e-01 1.264852759866064380e+00
9.881194176147372055e-01 6.628113742708123535e-02 4.633484467328443102e-01
1.292158352896910278e+00 1.283561136410623083e-01 5.725844603824934431e-01
6.379672949917871705e+00 2.884921154706757487e-02 3.100392593159904564e+00
7.004095362833943739e+00 1.433084439027861312e-01 3.063082145586555338e+00
8.191222029178735653e+00 4.239822766260724352e-02 3.929027223859587803e+00
2.070173869244442244e+00 1.983912586196375991e-02 1.014951190215780397e+00
4.701202594552797542e+00 1.330994028087527370e-01 2.074488161806170350e+00
1.179598525975936063e+00 8.093078578658526034e-02 5.456401748783346051e-01
1.742045158624898615e+00 8.807998275063532168e-01 4.631128558041655574e-01
7.514406182740949625e+00 2.373950904471587922e-02 3.670077259083652343e+00
4.794346072477281284e-01 6.498102823452887866e-02 2.250906798041793777e-01
5.862571201507557062e-01 2.625515570582364622e-01 2.321715564300373402e-01
1.720111295455507117e+00 8.010364963092462265e-01 4.775337143307272769e-01
3.892299603375127814e-01 1.359018928985417964e-02 1.920055878846936570e-01
7.495813328712820356e-01 9.807999643724956140e-01 1.892117695763247953e-01
1.880661316749977052e+00 9.315072433487894266e-01 4.868377592748093230e-01
2.404717014607759551e-01 9.545782774785485647e-02 1.097585390188686172e-01
1.538289207382087798e-01 1.113326278009554166e-01 6.920921643531562084e-02
9.675675675726697733e+00 4.828904477537625944e-02 4.614984638039390852e+00
4.483768511933558187e+00 9.340086925877630897e-01 1.159190372080008080e+00
2.546450206786825987e+00 1.058938829138140678e-02 1.259883705632486084e+00
3.497548054234877468e-01 7.807107585580300713e-01 9.820651774651752153e-02
2.587679714093122030e+00 7.074875102419596329e-02 1.208350563854474036e+00
1.435664968339189995e+00 6.249421790409333960e-02 6.756107205793665527e-01
1.310322932380298677e-01 7.374602304840793821e-02 6.101642773307972001e-02
7.070771493899022930e-01 1.522407805320709628e-01 3.068269936876365511e-01
3.204085949691854451e-01 8.890499058821765832e-02 1.471242200828298818e-01
2.965298324369259664e+00 1.781809047456619499e-01 1.258422332438577929e+00
9.633093390308997694e-01 2.720142041770519103e-01 3.786551030120480221e-01
1.976475408615239460e-01 1.005785934191616438e-01 8.979256095082377431e-02
5.033506630744203347e-01 3.220106891413868078e-01 1.903731441843840577e-01
4.004246400097679071e-01 1.679990131999614389e-01 1.714148023604602222e-01
1.381763031552226462e+00 7.989448023858790604e-01 3.840482014010772605e-01
1.965576324636604255e-01 6.340032725193127383e-02 9.241939626425080268e-02
1.139305123209964465e+00 4.036313445122065302e-02 5.475516603204776400e-01
3.624782577880904189e+00 1.286554714687194144e-02 1.789370064018619200e+00
1.532750967603295322e+00 4.080783691687625558e-02 7.363275492542760148e-01
1.233455492161369405e+00 2.803827185270059072e-02 5.999073798772451838e-01
3.508995274486126803e+00 1.731783611496449937e-01 1.495508010839681878e+00
5.649174752241075126e+00 8.520850682201520643e-01 1.525085118706214438e+00
6.660626567491036987e-01 1.564900532185641707e-02 3.279000192286066206e-01
1.567239461336630280e+00 3.437161157993620653e-02 7.575804690457295099e-01
5.182843406367269701e+00 2.459139740958929399e-02 2.529224537445234677e+00
6.001552092730436883e+00 2.581852836729188749e-01 2.385003294272601160e+00
1.967079471307747185e-01 1.324402679680105298e-02 9.706839711290156381e-02
1.402696723079069452e+00 2.404306571120480573e-02 6.848817056853401253e-01
1.924050968427903907e-01 1.994707069596842186e-01 8.020416660715391777e-02
1.867444247397418655e+00 1.608382036725388708e-01 8.043516493036640957e-01
5.625206696679739826e-01 3.762609399270470667e-01 2.043655579216656637e-01
3.251802319004321706e+00 9.087830198121261693e-01 8.517998864334992426e-01
6.818339167774579046e+00 3.918296720682507700e-02 3.280624963523650628e+00
7.838565071184908639e+00 4.208180240016521911e-01 2.758469043455699321e+00
2.414535266932128776e-01 9.255768895527302642e-02 1.104992116819459996e-01
3.010836583335591010e-01 1.637237482540300770e-01 1.293621698385394314e-01
4.253487974503089575e-01 4.319548348612697181e-02 2.038682127097061481e-01
2.867425028576890522e+00 6.246006159542827341e-01 8.825015208099556974e-01
2.187870485695788680e-01 1.447559081365021871e-01 9.556056754742270343e-02
8.639820657688895622e+00 4.322312033271352022e-02 4.140926561775879478e+00
3.489914980771942066e-01 1.003889630004476362e-02 1.727614151076820870e-01
1.228906024828132632e-01 3.635858225175044728e-02 5.928961490134158907e-02
6.586642291855010489e-01 2.545826642453645136e-02 3.211560385982671351e-01
5.915650706131903469e+00 1.062126984678898184e-01 2.673830590773867311e+00
2.240138619444962953e-01 3.974120888948438068e-01 8.015311436215630247e-02
1.124731529169890942e+00 1.276379177802580353e-02 5.552783078842562503e-01
1.092407656403740379e+00 7.211251377533699491e-01 3.173527689653318773e-01
2.562249191018823868e-01 6.347796972760796352e-01 7.836680365214110378e-02
5.328118989989083509e+00 7.433169006672651902e-01 1.528155606117772791e+00
8.725549904509452004e-01 3.868386475910823297e-02 4.200291446008494467e-01
3.387239466419396106e-01 1.968200302461335649e-02 1.660929317361715674e-01
1.240221591853913480e-01 2.250675405906623072e-01 5.061849860359309700e-02
2.536016349801900605e-01 7.121961313469094002e-02 1.183705151915955406e-01
3.112691219410348431e+00 4.171953043311439624e-02 1.494015965178356886e+00
1.154956169527133897e-01 3.222416022419083981e-01 4.367417299413602072e-02
3.206957917365420574e-01 1.420339243369265481e-01 1.404055452742966614e-01
5.447260527252701934e+00 2.177383205497182006e-01 2.236630167306252748e+00
2.923210728155007931e-01 3.781061707481926937e-01 1.060589811657238479e-01
2.750703804404112773e+00 1.635331085814171193e-01 1.182047929756712579e+00
1.231046504163379185e-01 7.865051966993999999e-01 3.445404207157525683e-02
6.975632366501222315e+00 9.780625974079607543e-01 1.763248639259961115e+00
9.147637719727512717e+00 2.576405757716993331e-02 4.458938511324920029e+00
1.855995125577872551e-01 2.106306109940143598e-02 9.088543089490874749e-02
1.258045800030801908e+00 4.148827561595679059e-02 6.039654163589930347e-01
4.329140097009172905e+00 1.271287593081922400e-02 2.137397578277115961e+00
2.088791127002766590e+00 1.418188359444629877e-02 1.029791184792075098e+00
7.263533487462220606e+00 6.798173913492847054e-02 3.400588802831837842e+00
5.487586628299890634e+00 8.749988070643477389e-01 1.463357365248596498e+00
2.064177877473921952e-01 6.568466806255360280e-02 9.684749810779669232e-02
5.648441541323968806e+00 9.593270834594148921e-02 2.577001990317905555e+00
1.034812492687816610e+00 2.855053285200086916e-02 5.030440700946663402e-01
5.484942938163167803e+00 3.682008746809240646e-02 2.645079413708776084e+00
2.887484181924316329e-01 4.051793879047037999e-02 1.387522537708872072e-01
1.401672897054410116e-01 1.546582468776647734e-01 6.069643987061552198e-02
3.301351374606105726e-01 6.093034001291517399e-01 1.025708195962663632e-01
1.387550063118600852e+00 2.055556599712267743e-02 6.798013304463781381e-01
4.001431181203221055e-01 6.658862799834816548e-02 1.875808102657465504e-01
6.428325725129563573e+00 7.360149918141036807e-01 1.851460314410096730e+00
1.315250490613630863e-01 3.376229511111152881e-01 4.916372321217647723e-02
4.043527816369373973e+00 1.060805248040962503e-02 2.000542053096176609e+00
1.036279843711260945e-01 6.156995682698110928e-01 3.206907596134880856e-02
2.292880241946857911e+00 2.802375300709009434e-02 1.115188357875931402e+00
1.806649535540980900e-01 9.454565027002422850e-01 4.643253480695658936e-02
1.858591621630633073e-01 1.757944226620774403e-02 9.132415339933770693e-02
1.925812822015674275e+00 3.551625578563344376e-02 9.298805360397668363e-01
6.798897502283893779e+00 1.085915373697687522e-02 3.362930175360983487e+00
2.557983047484394756e+00 9.478185156783636156e-01 6.566276649735846016e-01
4.668338082314678950e+00 2.699197881794115211e-02 2.272821102112158265e+00
3.210941101963516453e-01 1.301386179478260519e-01 1.420596133505346859e-01
1.543720497485088217e-01 3.764114146995467536e-02 7.438604907753589013e-02
6.012979127287775283e-01 2.742757318289038015e-02 2.926230171466021601e-01
3.907291115859161112e-01 2.702298258851534504e-02 1.902241323758500358e-01
3.150119971306372779e+00 1.116952130467160215e-02 1.557661650660662200e+00
2.485946429814947789e-01 1.212562143208637845e-02 1.228081957997224083e-01
3.640861707464447816e-01 3.977732574661316245e-02 1.750789143651561852e-01
1.897268652768308583e-01 1.023236853962481013e-01 8.605769239578230090e-02
2.085404976426682655e+00 8.240671789034724748e-01 5.716360122438889357e-01
7.098673946834137549e-01 2.284111407558884199e-01 2.889372178139825165e-01
2.972809950151134029e+00 5.155105880459316670e-02 1.413535712441122305e+00
3.946244069520115083e-01 3.183212347417186533e-02 1.912251024048920722e-01
1.669695847563568425e-01 2.184762157790221329e-02 8.169984507989953848e-02
8.955374580891581004e+00 9.439488893258910496e-01 2.303397643339548662e+00
2.485585307142444134e-01 7.659975884439415572e-02 1.154368318738262511e-01
4.964095475508352173e-01 5.681357940781477378e-01 1.582801532320920745e-01
1.745566359211968566e-01 1.161567246601935902e-02 8.627616231749329900e-02
1.961339395259709129e-01 4.523181646288597368e-02 9.382317703918421903e-02
3.070095848892021029e-01 7.682111756422431437e-02 1.425536609012922895e-01
1.854231217741918014e+00 2.169126333626945555e-02 9.074322568282717771e-01
5.310310062728933467e+00 3.070016919677751033e-01 2.031485534932215842e+00
2.609175523701132149e-01 1.857973266580237315e-02 1.280791007333545173e-01
2.138097396522868343e-01 1.694847380925023836e-02 1.051231921571236239e-01
1.575389236663954917e-01 1.990022637617962220e-01 6.569584079521532949e-02
5.490330738461531856e-01 5.965401175575773401e-02 2.590624240342616624e-01
3.872080784310152901e-01 3.043988698369608573e-02 1.878848457450782716e-01
6.135894891506608051e-01 1.355953413718923306e-01 2.701620316658724374e-01
6.521042646883642213e+00 1.836179812712649961e-01 2.754707494338551665e+00
1.697993977433722990e-01 2.824489257578289836e-01 6.620123200736195701e-02
1.124442577189572967e+00 1.283419886472319527e-01 4.982720613533428988e-01
1.852764998445114442e+00 1.863390824553792097e-02 9.094361494583744765e-01
1.046684514874227367e-01 2.298614396267790322e-02 5.115829383669609487e-02
6.097087232382771838e+00 1.837071970193171130e-02 2.993549949161606438e+00
5.636636311958053369e+00 4.277527672079897009e-02 2.702709029352664327e+00
2.836681362094648051e+00 3.246392183033516843e-02 1.373743576950285039e+00
4.351851056819497909e-01 5.154310749494509514e-01 1.435845921585268692e-01
5.812128852135162171e-01 1.470179981907112354e-01 2.533582237289705441e-01
4.427886695236860626e-01 5.037032145784756665e-01 1.472327335709694707e-01
2.622535544017222442e+00 1.153052660967480991e-01 1.175703022184837465e+00
1.954082878525368772e+00 1.035216596209539118e-02 9.670305782264629890e-01
3.739914978880027885e+00 1.485631428019150158e-01 1.628084186018942336e+00
1.137485493138632231e+00 1.593437768006837618e-02 5.598223261900691083e-01
7.056395057618145561e-01 4.832975622166077456e-02 3.365541718023183360e-01
8.110071330641163811e+00 6.207745751540060669e-02 3.818022533692446707e+00
3.674564527769331068e+00 1.640129723372494297e-01 1.578403598196627122e+00
1.478251822349326172e+00 4.054417906677783012e-01 5.259028983501882193e-01
2.787215694758837237e-01 1.828306036229831733e-01 1.178197320149503707e-01
7.107014495138568311e-01 9.640498835790889398e-02 3.241053520644218144e-01
6.095401999073252197e-01 2.414901704461193122e-01 2.454873241921408100e-01
2.567752511058224218e+00 6.400726084064726207e-01 7.828167173504299026e-01
7.373198327239051109e-01 4.805828204082147614e-01 2.489964838713369100e-01
7.645394925665381924e-01 1.275240273967763113e-02 3.774562718875418832e-01
1.180702489879042472e-01 9.687213193970175551e-01 2.998653182261137515e-02
1.630953023278561287e-01 7.148425722459028631e-02 7.610718553640412332e-02
2.052973965847193050e+00 2.941106936793351848e-02 9.971594569639392613e-01
6.139226704109950639e+00 8.487890538166135979e-02 2.829452519380568631e+00
7.975686349774770978e-01 4.207532960136035061e-01 2.806851257059622684e-01
1.140064584665969383e+00 4.515304292458334479e-02 5.454055711667838979e-01
6.930606314380015620e-01 1.087597680254759613e-01 3.125386812475311471e-01
4.243121493509919850e-01 1.801125355147573798e-02 2.084024846831109279e-01
3.224516532744897690e-01 1.804959609596454295e-01 1.365746533399247176e-01
5.541329130241384071e+00 8.004084705604851135e-02 2.565333128532044427e+00
8.169223436966780438e-01 1.509930982256480203e-01 3.548771686624498933e-01
2.493246388128233793e-01 2.792415354879238532e-01 9.745018118010327635e-02
8.766439965602401685e+00 8.963388417973074118e-02 4.022653889935572380e+00
2.145565826741751003e+00 4.693170307586298495e-01 7.301235137912898132e-01
2.313574441192185471e+00 3.610752500332866655e-01 8.499068810249853501e-01
1.529968140859786219e-01 9.715052976463214862e-02 6.972462298259131386e-02
1.123693453309880130e+00 1.931263791586958906e-02 5.512015703089053753e-01
3.356706533636385270e+00 7.706015018720001331e-02 1.558272550076691854e+00
4.043156932071256371e+00 2.114111487370668452e-01 1.668779809516517609e+00
7.625376270011289925e+00 1.278249798260501779e-01 3.380567200766996461e+00
1.571440480277923046e-01 3.889501853948261478e-02 7.563037901977395783e-02
6.260052127907637098e-01 1.079662275546058349e-02 3.096593314114245432e-01
6.239036335303130620e+00 6.818288588210131840e-01 1.854836864815361475e+00
6.045403755531407741e-01 2.781610830088754316e-01 2.364883360906329945e-01
3.144130258818638612e+00 1.642402824300524811e-01 1.350292678525121470e+00
1.677382277985704495e-01 5.865693953899376867e-01 5.286192595355866664e-02
7.949917187170511212e+00 7.368548953919435984e-01 2.288595670329878207e+00
5.927440402405698805e+00 1.570996220086025019e-01 2.561335381009065326e+00
1.014953260750415920e+00 2.649558293698846267e-02 4.943778023118483578e-01
1.465515190675314328e+00 1.806396981100679908e-02 7.197559456638920050e-01
6.730362549181451159e-01 6.506786896155554167e-01 2.038665244642177687e-01
4.702077208837920352e+00 1.431122525201977136e-01 2.056699680399427077e+00
4.938764092351595636e+00 5.942818282919219985e-01 1.548899324043252035e+00
7.515048690463650427e-01 1.016092098135252114e-01 3.410941295477984969e-01
1.210378570633819928e+00 2.373715604139685353e-02 5.911569016963940104e-01
1.306631172694652232e-01 2.550108986831235436e-01 5.205656676231631280e-02
9.043285131508580488e-01 4.505094067210421160e-01 3.117279036456383490e-01
2.295758634839618395e+00 6.706872921879729332e-02 1.075731380733248033e+00
3.727348518500174013e+00 3.850753676602953202e-01 1.345539963213881363e+00
5.092003971993868117e-01 2.632254919865353315e-01 2.015477048355885925e-01
6.421711385173259679e+00 3.085257479038122641e-02 3.114757406741251788e+00
7.584378900653408806e+00 1.945769842946474398e-02 3.719810499414343496e+00
4.815543494038704075e+00 2.789456743788382154e-01 1.882622378146565856e+00
4.686667183622224897e+00 3.015916573064932327e-01 1.800360027399372287e+00
7.967934096711877245e-01 4.060304580107083894e-02 3.828517573950617203e-01
1.253432221263552027e+00 4.854442966019884009e-01 4.219048213826754878e-01
7.694858526018510947e-01 5.219217062389330808e-01 2.528007352308063727e-01
1.420940275972355227e-01 2.458762889609874755e-02 6.934205703338869320e-02
3.137886330811605617e-01 5.841160945481285727e-02 1.482356345480719539e-01
1.014354011987132209e-01 1.766097895865769707e-01 4.310494528281732379e-02
3.383090065256882939e-01 9.212740556878286358e-02 1.548853205224238749e-01
3.348773187221272707e+00 7.663440494977127315e-01 9.479391028530224084e-01
2.578375442409280849e-01 1.627023783887823760e-01 1.108785657591184609e-01
7.363119586361864810e-01 2.858971516917314659e-01 2.863028188792126616e-01
1.412151331904838436e-01 1.109304273521472123e-01 6.355714530524822492e-02
6.433035899623629206e+00 2.257151864692422405e-01 2.624196865078598062e+00
1.576202156108696073e+00 5.359624919565999512e-01 5.130991688803664408e-01
6.281370435920595519e+00 3.714474626595699186e-02 3.028203372063291265e+00
7.800726134715970650e-01 2.782940256347857799e-01 3.051225296481465676e-01
9.375768795213560436e-01 3.507694933938730608e-02 4.529020185985890845e-01
4.401655086071004419e+00 1.273932860818726386e-02 2.173143158230174343e+00
1.816467765827024294e+00 1.062305443346137773e-01 8.210168192922256969e-01
7.236610122147106861e-01 2.871928299666711565e-02 3.517290985868762321e-01
4.790365299726423443e-01 9.250745860147706612e-01 1.244202519353623665e-01
2.554416555640123487e+00 8.994662529044582522e-01 6.724037744114133019e-01
9.147161503886179545e+00 1.915111556014116312e-01 3.838470777585451188e+00
1.555607762766578084e+00 1.286507362868371251e-01 6.891448845744753138e-01
2.889696529691251126e+00 1.551373700638639386e-01 1.250802114354368610e+00
8.099181117477187719e-01 3.830413786628106970e-02 3.900196879750972845e-01
8.509621108537083201e-01 1.608418891489683117e-02 4.187458677821142006e-01
8.661547591564238147e+00 3.130584463264227818e-02 4.199310823575103768e+00
4.981336428508210123e-01 1.901393115613525184e-02 2.444194468890416028e-01
1.219479453749528347e-01 5.589154540379219771e-01 3.911307218716761347e-02
4.826527126751995467e-01 1.388251100849176474e-02 2.380220131201953027e-01
5.517523211402957983e+00 2.501494778705608962e-02 2.691435487509206581e+00
3.167057684112992710e-01 6.663935971770585942e-01 9.502729995716865941e-02
5.837185409857136520e+00 3.819740526769079825e-01 2.111901232353243341e+00
7.147409385321724651e-01 4.552935224676113446e-01 2.455659038872962385e-01
1.141641095956774377e-01 1.633573452627012229e-02 5.616456536820045586e-02
3.947560460412158911e-01 7.974791889625201802e-02 1.828000958060407299e-01
8.539526446828432649e-01 1.846408634814855065e-01 3.604268057127464897e-01
2.474161345639801224e-01 1.211974122688939080e-02 1.222267111715767962e-01
2.082393857122465664e-01 2.337275385182082180e-02 1.017417089366825927e-01
1.021148749244186416e+00 6.905467780569880809e-02 4.775942570777378937e-01
1.360934080845809802e-01 1.414579019237058137e-02 6.709755609140072297e-02
2.365944327445467898e+00 4.913276315558119944e-01 7.932342556334255335e-01
1.839775861951001401e+00 4.112125991467522473e-02 8.835550347429171891e-01
1.327661272591811326e+00 3.929154239963397743e-02 6.387338001069250426e-01
2.081669483868435200e-01 4.545192658202900499e-02 9.955835514475479264e-02
4.385102523548479181e-01 5.306922463472389939e-01 1.432391956649956832e-01
6.025263607733658544e-01 4.810767240608698064e-02 2.874353354317963349e-01
2.395938941716509452e-01 4.537878418104619033e-02 1.145966886822510633e-01
2.211333692406699525e-01 4.607530950627024557e-01 7.569156279322408754e-02
2.715560249772514201e+00 1.463898133365021913e-02 1.338190380879688890e+00
1.767326215203527950e-01 9.274395066965777090e-01 4.584647686900777258e-02
9.474253872776081664e-01 1.424724722213791261e-01 4.146381686709138537e-01
3.344132596011805125e-01 5.205806464319469307e-02 1.589328910826783570e-01
6.835418324726144412e+00 2.499356964836200665e-02 3.334371320529907035e+00
1.013098685562102835e-01 6.248406975585450024e-02 4.767594707537122639e-02
1.379419976462874231e-01 8.633563984022668558e-02 6.348958488859636484e-02
1.008134238915443293e+00 2.068833939354315921e-01 4.176601666661836076e-01
1.384537169857827710e+00 8.827020338068360117e-02 6.361182937641765012e-01
3.040822653184374946e+00 3.340738302164263096e-02 1.471260367955340653e+00
7.510730931840503999e+00 7.202283463548625475e-02 3.503064808500247374e+00
7.805758032241246092e+00 4.869346709224981473e-01 2.624781769127265463e+00
3.912923235445723291e-01 9.911467405411099330e-02 1.780034116464304927e-01
9.850171473077462547e-01 1.741858007796298902e-01 4.194468825349955132e-01
3.577576203162887492e+00 3.078065979650344564e-01 1.367777241959799994e+00
5.719985285105882999e-01 2.532888900707984045e-02 2.789341715829869450e-01
1.242327013729342955e+00 2.344492017692993424e-01 5.031908206302667663e-01
2.625039824791645104e-01 2.787062039712968620e-01 1.026443688409041793e-01
2.034244287839384935e+00 9.890165431812200092e-01 5.113693736769600040e-01
1.697322782239708783e+00 6.833138651865314217e-02 7.943802848340604239e-01
7.003217571114561668e-01 2.363896345345968819e-01 2.832124022841198130e-01
1.193087649113291571e+00 7.007110008108589083e-01 3.507614311145325070e-01
1.135247328322584459e-01 4.365909904037546668e-02 5.438784222580066857e-02
1.116315431570221728e-01 1.051898338493591351e-01 5.050333424087481704e-02
1.122790498232120626e+00 3.505554319852803857e-01 4.156773101055351027e-01
1.128959159311722527e+00 4.847043603125596178e-02 5.383838783214232038e-01
1.702556041475182136e+00 4.626789189710903138e-02 8.136329398334499752e-01
8.915753244463370919e+00 6.838721359303078229e-01 2.647396157410011330e+00
5.027775078873748527e+00 1.327338867210159888e-02 2.480956835086069567e+00
6.442096390433029729e-01 1.442952029354365451e-01 2.814875206112572581e-01
1.472875298167013902e+00 2.397342935176582368e-01 5.940286180145241124e-01
8.791811905716347963e-01 3.344732169081074402e-02 4.253633311145540996e-01
7.070417570610226576e+00 5.788510206199205116e-02 3.341770082983879231e+00
3.329100741719955625e+00 6.537990877023952541e-02 1.562400752217447453e+00
8.610384037814442948e+00 2.278603984690356909e-01 3.506255291135028873e+00
2.598325849283940614e-01 9.000827538090308000e-01 6.837401802829813635e-02
6.520481946491793579e+00 4.224155221618572376e-01 2.292045413207261628e+00
6.402147674382119291e-01 3.540275299643195345e-02 3.091621910340903168e-01
2.282741399452626885e-01 5.017269585278445049e-02 1.086840958857221567e-01
1.213287682983762578e-01 2.613923213777358603e-02 5.911905738444964142e-02
4.578245078922114963e+00 6.823971146200050186e-02 2.142892194419685037e+00
8.789980294928882998e-01 1.475783781934509875e-01 3.829795185217025888e-01
1.751973154062573146e+00 2.228954427650755091e-02 8.568869572575328331e-01
2.554577893666672761e+00 1.245710848989673054e-02 1.261573390243110993e+00
4.164042585042604383e-01 6.125065053827195849e-02 1.961856316851527948e-01
1.494925173361158766e-01 9.068220342831886382e-01 3.919938899602473659e-02
1.878787583880441092e+00 2.084299456540239862e-02 9.202137811017091495e-01
2.032676034708806423e+00 3.908609822450668375e-02 9.781076073397831916e-01
6.724552915429275579e+00 1.068507753471521944e-02 3.326730088778964589e+00
8.713983132312869140e-01 1.646471650671920556e-02 4.286416926629871837e-01
1.673181573545353462e+00 6.307863695593233233e-01 5.129983929156479716e-01
4.643939954448786267e+00 3.359073528043689527e-01 1.738122012989941068e+00
7.940431159349963686e+00 3.998316537850454822e-02 3.817576776091381685e+00
1.052127966271068638e-01 1.356957737460838358e-02 5.190210863453182527e-02
1.969042359701224765e+00 3.591161268617679148e-02 9.503911026710994969e-01
3.934529416188119022e+00 1.076594392052841048e-02 1.946310834794742650e+00
6.120632501235369283e+00 2.048737944463667124e-02 2.998877117209573839e+00
1.785976301320746362e-01 5.777991297597119269e-01 5.659707460964116116e-02
5.413794717440523208e-01 2.406883347267795709e-02 2.643276770313390811e-01
1.489755695852854833e+00 2.956130051755756147e-02 7.234905270351357220e-01
3.030932845493219396e+00 8.077577267761023583e-01 8.383127895402467944e-01
2.805436369820644704e-01 4.727939366665024901e-01 9.524198531705063697e-02
2.065237679935035819e-01 3.941772084846713597e-01 7.406654144704240272e-02
3.870357215590913280e-01 2.631448480165675397e-02 1.885561040453838100e-01
1.882920272937398387e+00 4.903130947101808634e-01 6.317196968948217695e-01
1.119379549563834370e-01 1.449319236059832920e-02 5.516939679798040647e-02
2.185916387061578037e-01 4.942742118033836840e-02 1.041480498290667661e-01
1.049184593183321024e+00 1.026882614337663313e-01 4.757394405464707710e-01
1.997301544870524470e+00 3.985524496462053978e-01 7.140602933325045365e-01
1.253680870990676599e-01 1.253453513962049168e-02 6.190805486045984629e-02
2.872146055983079704e-01 1.348985065231188100e-02 1.416958469852698799e-01
2.449601424941226124e+00 2.842244518737815570e-02 1.190950973699776316e+00
9.435431885246435613e+00 5.616251743447526756e-01 3.021029642790395986e+00
5.883821874271508712e-01 2.304689213886134194e-02 2.875636453950968785e-01
8.788750336975048594e-01 1.617374447044509292e-02 4.324432895850452430e-01
8.241155906789926489e-01 5.071162737467704851e-02 3.921702059860798784e-01
6.738813179610685378e-01 2.406949361074688098e-01 2.715741389560636376e-01
3.546410209631783328e+00 3.056310418315997257e-01 1.358121129173183173e+00
4.325874790512342472e+00 1.569851405025364868e-02 2.129507295064483774e+00
8.090056167196769010e+00 2.024035592390699134e-01 3.364118521204514600e+00
3.237493647570982014e-01 4.861292033766177467e-01 1.089236938556589901e-01
2.065062559337764725e+00 1.065155879450792042e-01 9.331375815377406235e-01
2.952850996557716545e+00 4.628408539858507309e-01 1.009286481339369823e+00
7.818896163868438443e-01 1.022095519736612446e-01 3.546919072633513692e-01
5.200581448643157856e+00 1.661298472312077446e-01 2.229846642289073255e+00
7.728820606137499105e+00 6.041924463433114012e-02 3.644228754450161034e+00
5.863947396416363533e-01 2.771516120699981517e-02 2.852904976866085796e-01
3.078776370493165437e+00 1.060189592417296392e-02 1.523238964279644891e+00
1.479810742894188014e+00 4.137867640200246916e-02 7.105055905345510903e-01
9.566051843255642950e-01 3.157534147835752009e-02 4.636622968103556452e-01
9.740669507524996051e-01 9.363922197388891977e-01 2.515159224518694336e-01
2.107610996353284971e+00 2.417449744595851283e-02 1.028931593985767501e+00
1.233320979356841152e+00 8.324805951302584051e-01 3.365167911284683844e-01
1.815746263123787230e-01 3.870418616708719006e-01 6.545390998280632699e-02
8.553187712957029731e+00 3.493021520112756795e-01 3.169485685695976329e+00
3.715830871024380921e-01 3.192176672658560976e-01 1.408346387115033405e-01
2.976908115060327154e-01 1.148985438484651130e-02 1.471546205903755955e-01
5.947927360573613598e+00 7.159199349206787355e-01 1.733159933493215954e+00
1.375801940885156727e+00 1.576096795210152682e-02 6.772272140260231499e-01
1.639881876506397440e-01 3.276493645784278597e-02 7.939279397550194628e-02
1.126124652947341653e+00 1.961215130654504757e-02 5.522318714544104390e-01
1.795818366691697365e+00 1.818782932960626431e-01 7.597306663799778814e-01
5.422263318000595245e-01 1.322978512531787845e-02 2.675732295675635752e-01
3.783019920271018410e+00 1.683992881172033940e-01 1.618890031321013501e+00
3.168214153960748902e-01 9.582064370719756141e-02 1.445589737770670014e-01
1.230100975628317217e+00 3.184777287069958523e-02 5.960670788705867418e-01
2.344962940048150202e+00 7.232113734630982171e-02 1.093405164916951833e+00
1.501069492911029535e+00 1.464771897511130683e-01 6.546442904969153043e-01
4.120937612034614617e+00 1.415078431833644360e-02 2.031718397183172264e+00
9.044186843860910763e-01 3.335111949309098600e-01 3.391117704238507113e-01
6.181614874599148379e+00 3.730464904758711009e-02 2.979652544830907690e+00
1.645284635647846105e+00 2.212954939523950268e-02 8.048317537739256844e-01
3.130138686462432540e-01 1.122826415403921779e-01 1.407078816822820433e-01
2.720520016284566078e-01 3.470107334511632891e-01 1.009836057250393104e-01
1.517135321574915319e-01 3.934622823103998690e-01 5.443761703615909719e-02
9.303309985734328436e+00 8.011193192065807489e-01 2.582646770407352133e+00
6.440901759654367176e+00 4.838320975761987164e-01 2.170360706637703085e+00
1.865925793183552672e-01 3.316860426706005893e-01 7.005877261586269944e-02
2.962498393230264426e+00 8.700246215979381970e-02 1.362691666467801044e+00
8.953324180594294246e-01 1.667789938199339128e-02 4.403225537821142677e-01
3.500963201600838737e+00 1.775557160236417367e-02 1.719943029193585771e+00
2.254156597849058530e-01 6.856505009826987518e-01 6.686310704784095837e-02
1.406896367975580264e-01 6.323667042658943915e-02 6.616101603282308063e-02
9.820329053436045452e-01 5.544356493332749380e-01 3.158808490286542092e-01
1.228090813477800275e-01 7.051689901324049992e-02 5.735971167805968551e-02
5.049285248554328254e-01 5.108149162655855474e-02 2.401947560098557088e-01
1.568676211152550681e-01 5.900094163192270980e-01 4.932914846453986812e-02
4.468274590197708895e-01 8.513120863840352159e-01 1.206785885281260046e-01
4.422012866122923214e+00 5.308221890246448416e-01 1.444326094116908710e+00
3.962281220575540330e-01 1.063422710915757907e-01 1.790712207292840807e-01
2.547924496015593565e+00 9.370791307427056571e-02 1.164810305181805505e+00
6.593509813729632185e+00 2.478137269289934774e-01 2.642024875762900571e+00
5.971576050681204784e+00 1.448795647623230265e-01 2.607949444848770337e+00
2.971965890492461071e+00 4.210965884220131683e-02 1.425937215568252814e+00
1.827221754102519302e+00 1.420124841850599340e-01 8.000007790660995655e-01
5.970631441428434272e+00 2.020647979682652084e-01 2.483489846603951445e+00
5.686178857623207517e-01 2.519573104642605088e-01 2.270915633502956499e-01
1.592513073237531440e-01 1.588089480730660655e-02 7.838089491483157811e-02
3.991994979788346387e-01 1.323338934093043762e-01 1.762728733557991923e-01
1.397779813202196131e+00 3.350580056501293452e-02 6.762322051980919069e-01
1.509011984459241562e+00 8.518174212715060589e-01 4.074408111527308418e-01
1.038454341622798149e-01 1.088002811862383706e-01 4.682783542009110594e-02
4.053331326363718845e-01 1.231127747812576535e-02 2.002018260856184284e-01
5.094166818861974200e+00 3.032455491649813650e-01 1.954415582744909674e+00
1.004025729516528354e-01 1.114023597792051720e-02 4.964819388012428614e-02
8.827817986599512778e+00 8.430761581794113946e-01 2.394859796602117008e+00
8.229000408801088184e-01 4.157707682391221238e-01 2.906190957394883534e-01
2.628738180355725707e+00 1.110240331724402126e-02 1.299936668991840794e+00
4.041617365217256008e-01 2.787769715830730743e-01 1.580266713832788605e-01
1.879024217157798660e+00 4.069912217678826050e-01 6.677455367478438708e-01
1.645433764249384589e+00 1.337224147033104216e-01 7.256775304561594586e-01
4.013840219667155651e+00 3.045358319421744356e-02 1.947608453757318170e+00
1.311148691671978894e-01 2.393563291321772202e-02 6.402495672221145129e-02
1.144651792975523025e-01 3.035133828752966181e-02 5.554667376265865625e-02
1.370234395757865542e+00 6.864057926721207625e-01 4.062588025112035539e-01
3.221907092609076484e-01 9.195855982538865270e-01 8.392194376587898408e-02
4.941787225846434595e+00 1.130699864107886088e-01 2.219890611632493904e+00
3.584632345304148981e-01 3.033684020022990868e-01 1.375141648285035656e-01
1.786899790535662724e+00 2.778507085881490313e-02 8.692964322990861525e-01
2.213595671221956496e-01 4.907619604168432792e-01 7.424376694596486470e-02
2.014512456095516768e+00 1.182938872119276667e-02 9.954803045608172640e-01
4.037513702501070445e-01 2.364627957171054062e-01 1.632687095999298954e-01
1.240096476001169234e+00 1.329811753937111818e-01 5.472714388084318760e-01
2.045769754645057892e-01 2.206759824938619996e-02 1.000799633091336155e-01
1.847986558719024730e-01 6.806879703655996372e-02 8.651065192834055118e-02
3.145989302911977425e+00 1.478208743070606179e-01 1.370418230462663089e+00
4.582765988415873348e-01 5.057596861639085395e-01 1.521745478553414577e-01
9.072302196319713019e+00 9.239646149293881949e-01 2.357710252548661956e+00
1.845577451453992435e-01 2.508582650721601359e-01 7.377244500788919523e-02
3.647335695683928125e-01 6.948532838673347756e-02 1.705182670053901894e-01
6.538143680517101153e-01 1.814779378053993364e-02 3.210802852226377069e-01
9.301993007469080865e+00 1.872230934552047976e-01 3.917542144668555881e+00
4.794830060131607952e-01 4.931975700898786341e-01 1.605557816385609626e-01
3.451865738798647887e-01 2.058368929479089879e-02 1.691123312574120963e-01
1.427757764257915063e-01 6.443219595950591128e-01 4.341478735130203936e-02
1.189379246780294663e-01 3.257214449597393702e-01 4.485781124316106511e-02
6.768619314604394255e+00 1.561822352575208406e-01 2.927142066448025659e+00
2.572582390499008054e-01 1.506689310971957331e-02 1.267198451629992784e-01
2.608626319564651408e-01 4.920950629216978844e-02 1.243138907873293786e-01
4.761136190363068343e-01 1.146208879774839387e-02 2.353591025849661733e-01
2.587554209918045411e-01 2.294832794926214281e-01 1.052293371157462104e-01
1.300999688246210484e+00 8.479143544332490290e-01 3.520183944469720827e-01
9.102451509653375794e+00 9.257834034467353479e-02 4.165582994617046175e+00
1.310720282283991622e+00 1.691471413134434248e-02 6.444592963745332526e-01
1.164226737269814238e-01 3.994522834478285156e-01 4.159579969391705850e-02
5.030996587280118781e-01 1.101030365394840838e-01 2.266004335490877653e-01
1.257173840133287701e-01 5.297065697350542557e-01 4.109199322949337596e-02
1.033389723204098054e+00 1.949610622456996178e-01 4.323947264281736147e-01
3.541794807251967270e-01 1.677516874423820234e-02 1.741680420670697060e-01
6.769837210450192266e+00 1.806269257061814820e-02 3.324862633634225073e+00
9.159305407799120502e+00 4.513843956560100595e-02 4.381862278267209199e+00
2.012021168620184319e+00 1.856429725673637565e-01 8.484936929467900013e-01
2.199402924036620188e+00 1.639995557061211737e-02 1.081957408588169578e+00
5.381251715981455463e-01 4.275612747291960419e-02 2.580302131152524270e-01
1.117700735540642087e+00 1.509828847074470501e-02 5.505381834622482540e-01
6.509618546763530356e-01 3.101818428926080840e-01 2.484242390503462738e-01
3.417610634935003500e+00 2.602531599145158081e-02 1.665461164392691096e+00
1.006074118379237797e-01 1.283984898542413905e-02 4.966600195416068231e-02
6.703289892296338870e+00 1.222418619003602519e-01 2.986562041512714316e+00
8.716459066158728231e-01 8.260233515962964179e-02 4.025697517488490695e-01
1.272280033877100758e+00 1.456779836400989847e-01 5.552520219663976686e-01
8.543949119652964885e-01 1.378812465329569414e-01 3.754323724767311687e-01
1.895141988225730323e+00 5.584244483930098646e-01 6.080313967673990350e-01
1.966925156408994235e+00 4.678141106167961472e-02 9.395109311379895578e-01
3.632927196135129488e-01 1.362499158184721226e-02 1.792046973144200417e-01
2.065574792452259389e-01 6.774514674702859507e-01 6.156883917384776278e-02
2.295653132297690746e+00 5.735488929562750915e-01 7.294508427967484332e-01
6.885884024611624632e+00 1.535107496718670084e-01 2.984750695461838799e+00
5.538343998395727219e+00 1.863786661355996410e-01 2.334138398002307824e+00
1.300843198523942146e-01 8.942684989524840589e-02 5.970309978357069003e-02
4.321643993293771580e+00 3.102482193533328408e-02 2.095800169573816873e+00
1.936204486276999204e-01 2.983152242683010935e-01 7.456603951356254034e-02
1.698158827651563840e-01 2.476822232928322653e-01 6.805253757522697344e-02
3.659576115000966468e+00 6.487706183398292969e-01 1.109789340704605110e+00
2.589077423637457520e-01 3.798406240997351246e-01 9.381798804940527647e-02
4.077961819135961896e+00 1.620171628320149493e-02 2.006472609616952063e+00
1.006315154690446523e+00 6.447620502422717337e-01 3.059151184033633841e-01
2.249906877607699140e+00 6.360177147548978782e-01 6.876169057694989650e-01
5.104705459938135848e-01 1.925650128194719979e-01 2.140221038293564082e-01
1.636648468819344115e+00 3.135242601082201958e-02 7.934477233692814879e-01
1.441895416719504830e+00 1.175861461327987745e-01 6.450936340383776058e-01
7.011854567300918051e-01 2.142282356344473448e-01 2.887370908335510911e-01
1.285976219686324473e+00 5.645175039000942530e-01 4.109817296644459050e-01
2.085906585948364533e+00 4.499630363788710841e-01 7.192964695009380627e-01
2.117495793669350590e+00 1.560160623770965316e-01 9.158591574044305794e-01
1.834962956215848262e+00 2.214887135924952996e-02 8.976006370655782440e-01
4.816745840101606113e-01 1.027838675752486448e-02 2.383870576287832888e-01
2.620499865898950453e+00 2.910149952761731038e-02 1.273197963029800261e+00
5.559693988007527565e+00 9.315582934055464115e-01 1.439173233080422554e+00
1.329092917386251738e-01 1.329507228721116263e-01 5.865625444048023357e-02
1.786646131241866053e-01 2.815802681883256692e-02 8.688577459098528744e-02
8.619995991933822044e-01 2.394258928267434944e-02 4.209218408413201717e-01
2.585368474737468336e-01 4.365261016548244721e-01 8.998682557035407592e-02
1.333296451448233999e-01 7.117201189025674779e-01 3.894609979530556237e-02
8.926533750061297567e+00 7.616019955066430369e-02 4.147400058926379529e+00
2.946098158279680246e-01 6.930668437747358190e-01 8.700477979095258552e-02
8.234278556978059882e+00 2.366023833558332512e-01 3.329396201967629754e+00
5.139291795755396297e-01 8.811442770045674333e-01 1.366001496689803751e-01
4.038461178636174598e-01 3.197406832066740368e-02 1.956667954461281944e-01
3.961316965052842143e+00 3.508385200778763036e-01 1.466243709434814857e+00
6.979527504571760854e-01 4.365555429021318878e-01 2.429257796211522491e-01
3.416630719321220866e+00 5.480858428059258713e-01 1.103501700244391204e+00
3.308991805798261243e+00 5.320498959227536462e-01 1.079922988998101685e+00
3.435525180947660573e+00 3.484263691993853135e-02 1.659926378358844490e+00
4.033714762128596809e-01 4.650025901617176327e-01 1.376692024033666084e-01
7.705387664819536298e+00 6.890922092138820898e-02 3.604322759128963050e+00
3.279362756294494918e+00 1.317413473098145715e-01 1.448812824630665519e+00
1.514092384509688083e+00 1.388184143537276316e-01 6.647646215700357963e-01
1.619479197793449288e+00 7.228984767743641404e-01 4.699868331259605125e-01
2.003593247441620484e+00 4.054795025239287254e-01 7.127792485922463950e-01
1.101739846222985902e-01 9.188773157668179703e-01 2.870792825498358694e-02
2.194477855271059208e-01 1.857454428850180417e-02 1.077229873638729657e-01
2.527045847992099414e+00 2.229229345530721051e-01 1.033199139778840703e+00
9.658144303142387699e+00 2.372397636508726260e-01 3.903101317501684875e+00
1.614031449734570911e+00 2.298375581331351877e-02 7.888842029809899348e-01
7.362869568288471500e-01 3.643116365461435135e-02 3.552030190951548372e-01
1.594475027162749914e+00 2.439262188536212017e-02 7.782538614091973894e-01
2.650846977405247440e+00 2.358354732932041106e-02 1.294885495337286363e+00
1.133041826847169808e-01 5.572039312744532236e-01 3.638065008992948796e-02
7.398142367655176521e+00 9.362167936373004540e-02 3.382404769060275651e+00
3.124059729537854158e-01 3.088522682807323116e-01 1.193434815084792600e-01
2.547942359451239813e+00 7.642559703734562726e-01 7.221011016082585776e-01
7.288005160546321415e-01 3.437984526288870857e-01 2.711718095183366373e-01
1.017086225726947651e-01 8.652350370593932249e-02 4.680461224528722347e-02
7.001023835757348657e+00 1.726071035417100358e-02 3.441115814509272397e+00
6.420668107582566897e+00 8.473108346669805391e-02 2.959566755966242635e+00
1.749297707452824036e-01 7.962317304735785362e-01 4.869354209079748003e-02
9.429808278409474553e+00 1.299440933515147722e-01 4.172687982482312208e+00
4.184273190966276146e-01 2.583536637950420989e-01 1.662598246961436710e-01
3.794510504372522464e-01 8.542398703245786262e-02 1.747939307452882896e-01
1.824636669784051868e-01 3.621916250936090265e-01 6.697430215292447808e-02
2.587698011048028324e+00 2.684596770587333592e-01 1.020015873523195449e+00
6.043802592501144044e-01 1.236125684925460100e-01 2.689451311767361297e-01
1.029626174070721101e+00 1.802084984230961084e-01 4.362052024902500214e-01
2.215401818841731263e-01 2.200450399935321155e-01 9.079180465556729862e-02
1.912540621520179007e-01 2.698171387688301226e-01 7.530771806145689085e-02
7.284679315193480775e-01 7.875917276976014680e-02 3.376415931875580978e-01
1.526714395418262704e-01 1.850114924866595040e-02 7.494907573469596074e-02
8.682529788681471183e-01 6.166883044838005201e-01 2.685282550940997215e-01
3.314982938050202055e+00 6.216136161261610199e-02 1.560489327637215817e+00
5.908215137097533320e-01 3.735201277843334944e-02 2.847738792771524752e-01
8.555940960386690719e+00 4.516395180906137424e-02 4.093109480850979587e+00
4.803078129099087046e-01 1.844460733569133065e-02 2.358045835042619776e-01
9.882297404785008732e-01 1.351633146976152500e-01 4.352808656178893121e-01
1.961166171871295827e-01 2.140677959412429915e-02 9.600318947611659326e-02
3.051054274479936823e-01 7.770840754450152044e-02 1.415528659292727143e-01
2.389592672073980406e+00 9.867307691841270545e-02 1.087490320039685043e+00
1.575354451140574374e+00 3.570002026234370823e-02 7.605264170708115889e-01
1.518382374542365798e-01 2.606320716898440082e-02 7.399068419633432481e-02
1.271755491792339043e+00 1.744081553111931915e-01 5.414452743881665864e-01
1.697141087465084519e+00 6.600951397829044609e-01 5.111577784894378862e-01
1.468104821993636566e-01 4.462466897453547521e-01 5.075568478058644500e-02
9.272255137863141261e-01 1.568246843714078687e-01 4.007631952849222690e-01
3.075041261282890570e+00 6.265458902311273059e-02 1.446867727786196323e+00
4.357568569726182894e-01 1.083000367994186620e-02 2.155440852498634319e-01
1.760109083325206880e+00 7.831282748846345176e-02 8.161402880761138290e-01
3.730195554461393503e-01 1.515774600102830216e-02 1.837249220210163680e-01
5.532701167775837536e-01 1.263275243978010109e-01 2.456080069042943514e-01
1.013950054814739099e+00 1.235662883850992683e-01 4.512195076055942056e-01
1.907344433438272757e-01 5.250084764309087548e-02 9.061011388776878117e-02
1.021515001282841117e+00 1.343063754514101094e-01 4.502817860281873585e-01
2.438792982974082868e+00 5.679726522294700763e-02 1.153860377590768760e+00
3.913130233620639165e-01 1.192503840517029207e-02 1.933507960129077774e-01
5.894062438581574526e+00 3.258085958771583246e-01 2.222818005898524074e+00
2.485400856884247001e-01 6.565085836811830333e-01 7.501925680822778275e-02
3.265612302452561844e-01 3.194725648669399787e-02 1.582257369223728782e-01
2.084825041003471602e-01 3.026612602221225717e-02 1.011789569872028893e-01
1.856911108069602578e+00 2.766578068032143900e-02 9.034606109197852453e-01
1.767543195013180080e-01 1.351479944390006696e-02 8.719868698429485143e-02
9.969163699577818782e-01 1.338656405808774097e-01 4.396095684877898702e-01
1.909788303603179527e+00 2.230237843121940511e-01 7.807649892423020876e-01
3.083151605318085853e+00 3.966952680739598697e-02 1.482755590031473281e+00
9.336498320313982191e+00 3.796438281790031483e-02 4.497504189386028806e+00
2.560774606238974682e-01 1.754954896609050019e-01 1.089231999936333684e-01
3.840120117489136953e-01 1.514329626785861083e-01 1.667539597162408793e-01
4.061117740829652156e+00 5.898936775860737919e-02 1.917449723515717519e+00
2.474683890999252345e+00 8.540255325839199441e-02 1.139984369656318108e+00
2.898162162641328976e-01 3.973773264212794309e-01 1.037000568079775448e-01
3.665229932850135430e+00 3.694161929480318518e-01 1.338245433245445648e+00
6.957198074636812279e+00 1.919741650541017253e-01 2.918351034194200277e+00
3.961702728324172917e-01 1.108223995442941395e-01 1.783229582852051687e-01
1.865250386702648866e+00 5.574179042672220419e-01 5.988278359944322338e-01
1.303816916374649082e-01 3.454487642740497466e-02 6.301403380765470408e-02
8.337794954777582035e+00 1.206407286008344404e-01 3.720101698065024998e+00
3.852669676824211908e-01 1.426314697291931055e-01 1.685875883384038709e-01
6.947899482237737123e-01 1.598090910874091358e-02 3.419306120787600767e-01
3.089655097547423956e+00 1.812725601275055887e-02 1.517322652596155619e+00
1.329456566653527627e+00 3.507549059436132488e-01 4.921161347642091233e-01
6.094537460895654846e+00 9.794780151952996172e-02 2.775422225200952386e+00
3.413141647206635376e+00 1.572591187567550508e-01 1.474666127873495380e+00
5.398397388621168913e-01 9.368168598444623907e-01 1.393626186487939567e-01
3.707860483244150629e+00 1.239016408106516365e-02 1.831240866810343260e+00
1.300675787452582055e+00 7.201854905920689054e-02 6.066479859858966428e-01
4.500850179182712907e+00 9.201487032821756284e-02 2.060800773633206351e+00
1.452348962334468752e-01 3.814026417761680610e-01 5.256790882009172716e-02
7.500252917979784995e-01 2.518711892887736878e-02 3.657992175036349769e-01
2.101360497761953772e-01 1.145069185882678989e-02 1.038785436935195094e-01
1.275030991865863550e+00 4.209084020636829071e-01 4.486675530998509576e-01
5.749275311176185177e+00 3.720753536939429562e-01 2.095101881867424964e+00
8.507902213848595352e+00 1.796405176785626986e-02 4.178881463973738164e+00
5.593337847653663708e+00 1.676041793684389936e-01 2.395220035388670343e+00
1.026605567074888148e+00 1.974399648779967265e-01 4.286668213798449645e-01
1.442802267294166274e+00 4.906625986232137082e-01 4.839466250198899977e-01
2.145691737936158638e+00 1.224401486882921580e-01 9.558156577184361291e-01
9.560014268671030990e-01 1.739903455733627369e-01 4.071589815332781193e-01
2.481975111454554739e+00 5.340653368492800368e-01 8.089535210254235054e-01
1.243787468230766136e+00 4.846932165395245046e-02 5.931444261376673799e-01
5.343554437693341264e+00 1.446631995755373601e-02 2.633677596076783090e+00
2.873960398061015664e-01 8.195777861437701928e-01 7.897327665644340855e-02
2.325370554277671697e+00 1.257721244568393015e-01 1.032789186976721840e+00
7.503858786206802023e+00 7.986915893921795462e-01 2.085921463818745547e+00
1.734824666463359033e-01 1.186830625971825454e-01 7.753870262573367422e-02
5.556811133371770239e+00 1.924011634324759162e-02 2.725957821061868902e+00
6.077843241217176562e+00 1.506791552202887130e-01 2.640980856237732155e+00
8.038035423584485306e-01 1.883941884076479611e-01 3.381889402520052434e-01
2.257739700005328698e-01 7.135777531696008147e-01 6.587794734814900188e-02
2.822719936204812985e+00 1.453619180969379365e-01 1.232239299912672559e+00
1.283490580844983964e-01 9.029127494508811802e-01 3.372436758373072163e-02
6.857000244961133362e+00 2.184379799179644588e-01 2.813848697256960296e+00
7.402439315743105652e-01 4.228696346220032348e-02 3.551056271084006011e-01
1.103133730508091825e-01 1.333862124485275802e-01 4.866539394920468137e-02
2.908406438446110021e-01 9.116130113495370113e-02 1.332711504440717565e-01
3.894218882581174657e-01 1.847100596566955688e-01 1.643532462157719365e-01
7.557049809611688929e-01 2.618306703960154858e-02 3.682115819457413841e-01
6.314537054793046167e+00 2.701257730390460229e-02 3.074225766236406976e+00
1.506410046431825023e-01 1.190774458765280278e-02 7.443415936329647598e-02
1.838514858622360970e+00 6.518270098966995052e-01 5.565095036003002704e-01
5.334370735977893574e+00 2.223236247702772839e-02 2.609177194826763913e+00
1.223103027745323867e+00 7.542841205587884623e-01 3.486045998511721478e-01
6.194653669221681369e+00 1.190658952607563381e-01 2.767778776681532715e+00
8.497339653342361743e-01 2.278004023529837940e-02 4.154040614337508597e-01
1.689571833949461643e+00 7.911283728488285316e-01 4.716501227832600729e-01
1.012614253804387382e-01 7.806384880594490205e-01 2.843402129614587548e-02
2.948331546069890230e+00 1.334961430355578217e-02 1.454745481941189800e+00
5.493811136339057377e+00 5.134063473192840288e-01 1.815048267132721938e+00
1.188262767414315801e+00 4.544908467202304903e-01 4.084806618390761090e-01
2.026127976660011321e+00 1.975628534215354004e-02 9.934373564464940021e-01
6.224709074019243893e+00 5.696558740245081243e-01 1.982826037550334153e+00
2.223919300555847189e-01 2.656930413117283840e-02 1.083180303368821429e-01
9.459384663899096379e-01 3.143434585098448530e-01 3.598520844248658257e-01
3.861717129624727129e-01 1.103683883363564336e-02 1.909780623859229087e-01
1.013346897946964198e+00 3.988246375779110064e-02 4.872410744792560200e-01
2.567811716177657022e-01 1.809647355420038531e-02 1.261084672660421624e-01
7.946475749723617144e-01 1.175167050776044705e-02 3.927088030275046049e-01
6.784691123893664688e+00 3.479485447572980283e-01 2.516672891662666167e+00
3.723582862036129426e-01 1.935917312161813952e-02 1.826433194608567401e-01
1.248580445409270545e-01 5.756360106259567067e-02 5.903098613429721975e-02
8.144623272075373066e+00 6.557332032644057340e-02 3.821709457581131453e+00
4.004498286090320547e-01 3.252494354304081431e-02 1.939177504201085311e-01
3.318572304176793386e-01 2.234222174361705782e-01 1.356266159335925425e-01
6.764373649666349131e+00 1.407056895838747212e-02 3.335257849271003661e+00
5.327528397903968482e+00 3.778668794882404369e-01 1.933252216601174522e+00
9.983319762452834922e+00 3.686310532423082154e-01 3.647191746381245547e+00
1.854538347354740546e-01 1.183703833132375843e-01 8.291252947259575290e-02
1.353713894321035005e-01 5.094043752975268430e-02 6.440488185529119614e-02
5.037874881133160621e+00 3.173581956901236345e-02 2.441455838587457183e+00
7.620237270539566010e-01 9.732403095219813172e-02 3.472191009945867490e-01
1.373860431736284859e-01 8.870665313955820863e-02 6.309598769211220703e-02
1.364835740452538804e-01 3.623069567810568992e-02 6.585578607857177358e-02
9.371516925545117616e+00 7.668961126937641481e-02 4.352004898838233160e+00
5.419220949474173876e-01 1.894998431463522023e-02 2.659218329111238677e-01
4.282469826395591261e-01 2.120010850449318418e-01 1.766693891299952746e-01
2.502159646200512455e-01 1.399475343418930991e-02 1.233812915563033269e-01
5.292689626266483538e-01 1.984538649660686632e-02 2.594849031208562029e-01
9.899813134842803564e+00 1.388054291134710114e-02 4.882139816203394211e+00
3.030113459113978891e-01 1.525182108306972484e-01 1.314562074004007597e-01
1.173928158672420813e-01 5.751150712388621855e-01 3.726483798257040209e-02
4.077634924215883139e+00 2.534130756206517399e-01 1.626612568325395802e+00
1.679173472019569180e-01 1.416877337410812066e-01 7.353908701976044626e-02
5.686842630995820436e+00 3.882555237425373840e-02 2.737149956505422477e+00
6.935404961932365886e+00 1.079584632444973852e-01 3.129812710497750672e+00
1.539719885134806177e+00 4.983773474361588018e-01 5.137957697269608381e-01
8.230844424775337842e+00 3.216357133597977924e-01 3.113885445729703605e+00
3.809461875809662668e-01 9.084610047502157670e-02 1.746104181951417533e-01
9.613880101699129099e+00 6.883679400538161852e-02 4.497356451246345976e+00
9.937254061105588177e-01 2.602012940905627514e-01 3.942724907403348800e-01
3.394482520191636765e-01 1.494756150324395294e-01 1.476535246072114838e-01
1.876887124856993216e-01 9.522681963482447498e-02 8.568485957469491876e-02
9.383121214792993214e+00 2.931477897833258475e-02 4.557945444107196487e+00
2.970017713520360370e-01 3.938092418984806553e-02 1.428743612855584710e-01
6.592219083974653060e+00 1.240241847667892805e-01 2.932418702958066614e+00
1.240314480447993750e+00 6.540138428051477104e-02 5.820878866632978044e-01
1.315480344385308864e-01 6.079853815220928603e-02 6.200424949098846950e-02
1.950710823838044394e+00 6.816967215151958914e-01 5.799829418946802484e-01
8.063661268772666091e+00 2.200738414787534181e-02 3.945011256203372785e+00
1.647010331903394853e+00 1.914951085799835792e-02 8.080317531216861804e-01
9.401162478401254852e-01 2.906753218276955653e-01 3.641954843100465022e-01
9.599143153056293176e-01 6.904448346003181358e-01 2.839235849812832280e-01
7.839389678844358222e+00 7.913584640239902379e-01 2.188113053943002484e+00
1.165409834350153773e+00 1.447533695249984646e-02 5.743904222704238061e-01
1.184654462072615155e+00 3.068582179270087570e-02 5.746923247726996031e-01
1.161044419667228711e-01 2.059626744591210590e-01 4.813765982383997472e-02
5.225683928526462019e+00 3.032374238634966135e-02 2.535942691383181291e+00
5.413639900147070305e-01 4.551591918194641817e-01 1.860153834226928593e-01
2.057469606406966134e-01 7.121711009454534391e-02 9.603420198475799696e-02
1.366565441267596492e-01 7.185887757004533194e-01 3.975836048127973782e-02
2.244546574782068649e-01 1.921455842439274697e-01 9.413894596630101308e-02
3.851274229717845277e+00 4.651335918955854520e-01 1.314308214288868459e+00
3.158708373718576379e+00 4.565143620476931896e-01 1.084338217330652387e+00
1.011855808586040073e+00 2.271492083673260637e-02 4.946910365589424763e-01
2.004762287098195150e-01 8.280043802918066742e-01 5.483472328381872735e-02
5.422505569832749561e-01 2.314543882038204714e-01 2.201667240693311045e-01
1.509980548868229633e+00 5.321359310348685451e-02 7.168444077989892804e-01
3.525200563049203151e+00 3.448992792831159782e-02 1.703835130666199182e+00
3.244117535789338702e-01 1.403786732851079744e-01 1.422386094981921700e-01
2.900816994265016380e+00 1.127024748956022976e-02 1.434244209926171409e+00
3.798071550895331328e+00 1.089791607057610662e-01 1.712417908952507117e+00
1.099859937675086580e-01 2.644986979239307701e-01 4.348995928113053716e-02
4.668521012573689788e-01 1.364743181282129965e-02 2.302832753309718983e-01
4.934690483073238543e-01 1.982917143478424293e-02 2.419371116895336349e-01
7.472553948033447746e+00 6.756310910493490418e-02 3.499818364039657848e+00
1.980695472176494665e+00 4.088890922972821529e-01 7.029281023628504155e-01
5.147756635135894987e-01 2.945028867584046153e-02 2.500245369670711648e-01
1.424391769130952889e+00 2.373938450907026598e-01 5.755611985553972243e-01
8.709884461579326942e-01 3.738380066817204028e-02 4.198004854119251061e-01
6.528629429659897454e+00 3.038975510107694289e-01 2.503505518742236813e+00
5.960503322334337328e-01 2.053226298070437439e-01 2.472575879243442132e-01
2.493498969783669139e+00 2.579568469357829130e-01 9.910908215403032573e-01
1.950938969163988013e+00 1.006032867566946341e-02 9.657536850902470604e-01
3.389992795911301871e-01 7.563076300117686779e-02 1.575816215246901297e-01
4.137536837082522179e-01 1.636322739028436002e-01 1.777854108156157187e-01
1.220049780973116782e+00 2.557743027653961235e-02 5.948111497754680066e-01
6.588830509929422874e+00 6.242188582592729240e-01 2.028307477291232175e+00
6.736232755119604398e-01 6.485081214751102774e-01 2.043129987461608787e-01
1.196024148693002193e-01 4.367951959444590915e-01 4.162124678830133456e-02
9.531725386001499434e-01 4.256749898731749387e-02 4.571274951147047960e-01
1.738981864270155442e-01 1.429361765047395920e-02 8.572379013378596257e-02
4.356204375325559153e-01 4.519927742226379497e-01 1.500077842211634260e-01
1.041929238143597836e+00 6.864255446441343000e-01 3.089164657913976986e-01
5.674881839468389977e+00 4.833439372366555437e-02 2.706618171379128412e+00
2.689079605018859787e-01 1.214110029087176780e-02 1.328411426156918818e-01
4.277513083408970296e+00 1.436195726597415401e-01 1.870164338592361863e+00
1.426270695080020579e+00 2.928483833091641841e-01 5.516001386911857374e-01
4.310883930801389097e-01 1.894134102825000693e-02 2.115373946085612189e-01
5.599726504781272318e+00 2.083483556414586144e-02 2.742719149903757536e+00
6.451359123999613754e-01 1.109128310047339909e-02 3.190295095916940160e-01
2.585839330461107699e-01 6.953398845387744054e-02 1.208862625394078044e-01
4.175261165156420873e-01 1.516156964084557426e-02 2.056451549201959994e-01
5.493800404484676658e-01 2.306986521819106781e-02 2.684958569917905158e-01
5.024942181091717197e-01 1.832453481097336134e-01 2.123372886747113830e-01
8.944108328105674133e+00 2.676762766992694942e-02 4.355468602181583826e+00
7.523416465339141102e-01 2.009233791028368077e-01 3.132346574416592921e-01
4.825867228031178735e-01 1.724143376996345178e-01 2.058089479483803663e-01
9.242924384957914796e+00 4.939674699183472378e-02 4.403922735349317996e+00
3.679573658400170366e+00 1.117203549956783670e-01 1.654900731944623615e+00
3.303956148995981223e-01 1.698682465512502127e-01 1.412106089183966795e-01
1.293441376231075912e+00 2.011532845827597726e-01 5.384164506032941278e-01
1.310218860755890002e+00 7.385170529462562472e-01 3.768208251208892690e-01
1.407815109903412798e-01 1.662038543896632997e-02 6.923996066120258197e-02
3.134295625932507767e-01 8.338901904762427986e-01 8.545483372476524175e-02
9.983814156514362992e+00 4.616103078427944567e-02 4.771643113598754482e+00
4.483074693966690449e-01 1.724998298484073933e-01 1.911759208760954454e-01
3.870232133950736175e-01 1.086136326989087762e-02 1.914323899684658992e-01
2.338538951009441647e+00 9.429193413915872013e-02 1.068516946005404034e+00
5.939128039246769353e-01 2.936571149828213004e-02 2.884848393969785540e-01
9.522936413314711857e+00 3.808461188594964852e-01 3.448225071299087841e+00
2.359713599062053024e+00 3.347731419776658196e-02 1.141637831157316096e+00
4.724189057544702308e+00 1.997822600349423786e-02 2.315828385893660357e+00
1.139004392584451075e+00 1.406273070148800486e-01 4.992885868940503125e-01
6.616525191929354399e+00 3.408441724417382579e-01 2.467298336345960408e+00
1.357864853189993726e+00 1.238732919697666940e-01 6.041005079897039387e-01
4.502122275620718206e+00 4.202318202616994042e-02 2.160279326447676951e+00
1.070874076095208682e+00 3.201875087498596839e-01 4.055765067453424577e-01
5.329648546503186424e+00 1.212732915146645662e-01 2.376605501457929925e+00
2.512857738937421259e-01 4.873841493418007986e-01 8.447238529634104598e-02
1.334233817148328560e+00 7.531397619940013444e-01 3.805269397434652423e-01
7.156163688179419946e-01 6.016500069733852346e-02 3.375023549858914840e-01
3.356841281681517408e+00 4.588584406692455819e-01 1.150502745194927900e+00
2.108267612335278152e+00 1.152719347386595150e-01 9.451809673796311984e-01
8.723852338380700289e+00 4.589960260471533104e-02 4.170501794175445198e+00
4.855435118870119027e+00 8.711508617907355589e-02 2.233174380798867098e+00
1.665932826166567904e-01 2.776602186042974041e-01 6.519467390111025051e-02
3.219701454562818310e-01 1.806234086248474993e-02 1.581288947312962934e-01
6.424291635464398631e-01 2.043889062270585477e-01 2.667033714047368220e-01
1.662096632302397792e-01 1.059543372838181105e-02 8.223353167995414714e-02
4.895653327216456852e+00 1.228601969696970289e-02 2.418117622864130123e+00
1.371987887625005120e+00 8.182669409970300123e-02 6.341070594337545607e-01
1.955788719619221627e+00 2.455877789089796343e-02 9.544541327562016120e-01
8.944460567625895919e+00 8.807141580921569179e-01 2.377942583443775071e+00
3.481349451066667600e-01 5.209649583440509324e-02 1.654482010371896294e-01
4.704215870092748331e-01 1.119098599032169496e-02 2.326076841698514475e-01
1.807303548864965803e-01 7.647523176485083729e-01 5.120558649479933083e-02
2.916634267855817697e-01 5.713369485151461452e-02 1.379501136923598492e-01
3.625474438934914168e-01 5.261331374300470820e-01 1.187797561699001497e-01
9.247005700944960438e+00 1.372957814683278543e-01 4.065347753689209753e+00
3.803260177572012624e-01 1.699504562228382545e-02 1.869851870932594251e-01
3.120729310861144246e+00 1.339722815256734478e-02 1.539736454850119785e+00
6.418404303607531114e-01 7.802751347658433423e-02 2.976920451180555260e-01
5.003203606193574515e+00 7.869609655814056859e-02 2.319097854417751403e+00
7.877716435141211448e+00 1.347237097239371850e-01 3.471204649922117635e+00
2.668566283086049040e+00 1.181472925803824237e-01 1.193298191031575861e+00
1.833665851613489384e+00 1.068831456531804149e-02 9.071371585027782070e-01
8.252646280751184449e+00 5.169349722088818766e-02 3.923503521966663410e+00
5.787636108822736825e-01 9.092673444894877610e-01 1.515669381118093795e-01
2.054160443749649456e+00 4.638381063681339955e-01 7.016351175766761816e-01
6.346847335590556582e+00 2.462818801034364485e-02 3.097146560019528483e+00
3.080139653695044721e+00 1.939932718544962534e-02 1.510762059358660148e+00
1.660045709372929501e+00 1.010244271681021849e-02 8.217214607005637328e-01
1.170106636236653147e-01 6.064211811722179934e-01 3.641967156405449130e-02
1.031461723198869862e+00 1.089613539938763531e-01 4.650575601593802677e-01
1.160536363306989616e+00 2.682094073141101653e-02 5.651113632725157654e-01
6.912317969059813549e-01 3.747551911968141081e-01 2.514017773245209586e-01
1.306564411692642480e+00 7.531241651647552215e-01 3.726388688418580952e-01
1.104647828838115492e-01 1.633060689128008336e-01 4.747881311538647980e-02
1.869756898894521679e+00 2.775541944056443555e-02 9.096312524979346392e-01
2.607034538694502412e+00 1.394901958393723884e-01 1.143947770772220762e+00
6.169314498889136855e-01 1.789512706417265286e-01 2.616441685300129882e-01
2.575669281859709780e+00 1.601787190003924055e-01 1.110031256252873133e+00
9.221375778970062331e-01 4.522033310885162916e-01 3.174960276415999538e-01
5.211602978492807736e+00 8.320043852036547449e-02 2.405650327104637221e+00
1.182475568015632916e+00 1.648837168043097365e-02 5.816473660494494435e-01
1.579128885793910919e-01 2.571044874751727272e-01 6.280817949212427753e-02
1.364985161897410704e-01 2.070621782773887642e-02 6.686474217833042466e-02
8.140900585540638446e+00 5.461194009335314931e-02 3.859666421385298474e+00
9.064604289376343438e-01 1.832386286783681539e-01 3.830421045119679624e-01
3.196846908650570196e-01 6.176118791375279082e-02 1.505445360520303311e-01
5.623982769424773487e+00 1.297544025890239733e-02 2.775971926815600899e+00
7.032177770960672092e+00 9.345158344375181780e-01 1.817554978299093404e+00
2.045216842289771186e+00 4.616985702924215063e-01 6.996028058919881998e-01
2.941420366330149139e-01 2.388336347013248623e-02 1.436404023775288419e-01
1.269074531479127688e-01 7.823925107519781597e-02 5.884939405672872520e-02
4.925076054575050932e+00 3.390340586179943494e-01 1.839040621438031264e+00
5.302872267988938404e+00 4.287836086548543757e-01 1.855729669582852903e+00
6.392565927246857127e-01 3.991196763308416662e-01 2.284495756650070930e-01
6.693289069844753358e-01 2.825235599030184175e-01 2.609421487099576331e-01
1.636351545609233682e+00 4.501604955151333048e-02 7.829312986683325537e-01
1.010690631352284985e+00 4.867895046125509384e-01 3.398902898550071883e-01
2.248444932640159821e-01 1.390211882744728407e-02 1.108807690056132222e-01
6.767424817417514227e+00 3.631425916859665204e-01 2.482287934766752802e+00
1.084657226028165056e+00 4.922540426323364360e-02 5.168847521328420180e-01
9.700535779741363385e+00 6.912188076143362947e-01 2.867912695881472906e+00
4.152844701512487524e-01 2.792247970916723540e-02 2.020018427210319711e-01
2.851423712537606292e-01 1.807185925772489821e-01 1.207495050244603851e-01
2.783828594296002823e+00 1.719046254551998831e-01 1.187736840450940079e+00
1.665707829881905244e+00 1.526791111177017678e-02 8.203292016084060556e-01
6.798585983655771159e+00 5.849747028208310828e-01 2.144698578329391037e+00
2.818384141253558184e-01 2.128312288721355416e-02 1.379825083805291397e-01
2.431870381373836043e+00 2.867457584525736139e-02 1.182040675679953967e+00
1.906247666900563020e+00 1.823263208771467789e-02 9.360570496508853200e-01
2.602645088290040043e+00 8.585840211944684164e-02 1.198427475999648495e+00
1.272104619371286605e+00 1.166434974078751075e-01 5.696109019236182958e-01
2.802390092947822708e+00 4.733622271979603946e-02 1.337865545063637640e+00
2.678630692361179677e-01 5.127727824613768220e-02 1.273988674438955304e-01
6.942111770247394453e-01 6.843502519659384609e-01 2.060768466102791407e-01
4.012210376299011116e+00 1.722306279016332931e-01 1.711357083153986824e+00
6.593331363105203735e+00 4.326087528044175734e-01 2.301162599418145938e+00
1.283973736100877672e-01 1.373390446991526181e-01 5.644639309997981358e-02
2.459961646907233845e-01 6.090382209723336215e-01 7.644198922200529100e-02
1.675354402760085015e-01 2.361725100855389253e-02 8.183500234630594616e-02
4.135631907610553548e-01 1.825247499337130999e-02 2.030749744869255746e-01
5.126468790322225022e-01 4.878983822350209387e-02 2.443992401283044402e-01
2.255683289399244007e-01 1.168042100978410741e-01 1.009883052465224834e-01
3.981637524334147304e-01 8.594681034113191287e-02 1.833256236133417594e-01
1.160741251865738066e+00 1.948652844247630578e-01 4.857205523485213505e-01
6.558638143729124792e+00 1.503466352967477299e-02 3.230745894392493156e+00
3.357868912676769679e-01 6.769723285722497597e-01 1.001170041826394130e-01
4.988073808996378311e+00 1.081907460360869572e-02 2.467342541469374151e+00
2.026997723340636659e-01 1.194809431625121349e-01 9.053292669790372060e-02
6.591961156472231131e+00 1.554063474164647102e-02 3.245542783302425960e+00
5.434252224475250692e+00 2.528675945548365944e-01 2.168725669054488048e+00
2.223270096331118884e-01 4.460603417077284583e-01 7.687335141580407816e-02
9.796127433595199108e+00 2.361109510092256614e-01 3.962479025688239620e+00
4.635705617731785466e+00 1.418183498510968213e-02 2.285441060872406283e+00
5.978459902152868821e+00 1.455073098891169515e-02 2.946358284284853912e+00
9.906765126636784657e+00 5.636979065925886573e-02 4.689061166949016091e+00
8.651781077891214977e+00 1.231919797285054713e-01 3.851425773171251343e+00
2.667748424147025621e-01 4.518165449612036866e-02 1.276212806008894807e-01
1.763979541886377067e+00 2.677273688110289318e-01 6.957251161741389023e-01
2.962936863677434030e+00 3.306554023805031300e-02 1.434050768451090363e+00
2.287017341103174672e+00 1.279355145008385410e-02 1.129063933033884304e+00
3.588119907641069695e-01 2.282868650111027353e-01 1.460619668683274530e-01
1.004852859527140430e+00 3.012567242780842675e-02 4.877331409277933516e-01
2.926086492189855282e+00 4.721205708899860881e-02 1.397084034881952208e+00
4.901842161185565594e+00 6.659128171339660784e-02 2.297900913511656373e+00
4.835248645423247282e+00 4.096460089884718103e-02 2.322484665303762519e+00
2.165387476985567994e-01 1.378962118895710465e-01 9.514872509285195179e-02
2.233861665332260715e-01 3.463628041619490339e-01 8.295912730308752092e-02
2.797145820083744017e+00 1.100836193237510197e-01 1.259880684388321015e+00
1.846839644176235529e-01 6.405087037122955684e-02 8.678342810489428349e-02
9.439115090852798762e-01 5.076064408055107613e-01 3.130497069848514613e-01
4.998076244196373308e-01 2.699850890521834912e-01 1.967769656227437436e-01
4.297945066715794238e-01 1.901038088093446460e-02 2.108881885481981300e-01
7.915960721542618650e-01 3.379165441427255945e-01 2.958316330042393139e-01
1.281240031542204783e+00 3.931391892509177866e-01 4.598392039459889280e-01
8.212809889307809419e-01 1.517819541400431370e-02 4.045009007486861652e-01
1.341149648462250266e+00 6.655669646565758046e-02 6.287287178011892186e-01
3.418886331731509909e-01 6.028025247145534227e-01 1.066533861475039424e-01
7.558723918097531858e+00 5.260098566229951533e-01 2.476630109986548867e+00
3.025227219632288023e+00 1.064991589358839641e-01 1.367026443355654042e+00
4.088047366879145272e+00 2.617413431844345939e-01 1.620002145828701945e+00
1.244928073035909272e-01 1.903145252111755337e-01 5.229408054207541207e-02
1.791654021826216914e+00 2.539253760152105355e-01 7.144181209251178055e-01
3.199363964553752826e+00 9.871369766572265503e-01 8.050184768680972436e-01
3.109979556152692393e+00 1.260365112196258353e-01 1.380940815491067175e+00
7.227565966967787858e+00 1.966395630662919752e-02 3.544092111065237916e+00
4.854625888311076554e-01 2.260441690083661581e-02 2.373657793804462290e-01
1.321181100260667707e-01 1.338520161919414808e-01 5.826073779442019623e-02
1.901954791655306731e-01 1.163653913160720976e-01 8.518513769999225271e-02
9.112846220338582937e-01 5.150345836922145537e-01 3.007471353601092190e-01
7.116752198939012564e-01 1.479310527944226877e-02 3.506504016392228418e-01
2.413719585130844059e-01 7.019542108861492880e-01 7.091023864484882755e-02
1.084549953592426341e-01 1.059749138977519531e-02 5.365884849471333484e-02
2.659319400196757055e+00 1.451918334132678949e-02 1.310630416784366759e+00
9.884041853481796425e-01 3.471484892972387937e-01 3.668504968831595714e-01
1.911285564317986241e+00 1.191403650385666757e-02 9.443912700931794690e-01
2.271694863179287704e+00 8.946097103615305857e-01 5.995152591996907310e-01
3.872828362912858147e+00 6.802642105540718243e-01 1.152446245830524019e+00
3.183877202124148820e+00 7.226301330561484271e-01 9.241325636384800646e-01
2.181491129822043629e+00 1.256258949139658077e-01 9.690125021460970212e-01
8.121371764733650522e+00 1.571811908850577477e-02 3.997847243298996656e+00
2.659528238303900949e+00 8.272165696133969570e-01 7.277539735934545062e-01
1.990876000098756426e+00 1.385989728753580022e-02 9.818299379554874529e-01
3.880531733465953925e-01 9.081860593563227668e-02 1.778724580031108837e-01
5.031790084935124696e+00 1.080878347499426018e-01 2.270483407152749322e+00
8.327867726005846905e+00 8.640160226206408667e-02 3.832775885393521431e+00
1.060347350305062664e+00 8.187007073373621102e-01 2.915123269120640792e-01
1.125337154613401447e+00 1.484365477539488776e-01 4.899431130149402014e-01
2.026586215190655960e+00 3.506342149507785111e-01 7.502350350514819244e-01
1.066091675838283931e-01 3.447115716997660728e-01 3.964016143962768163e-02
1.254352756961818693e+00 3.839306629681377842e-02 6.039874483345573086e-01
3.897404747535360148e-01 1.021990437864521706e-01 1.768013123177083201e-01
4.842559407611896738e+00 6.571471214502119240e-01 1.461113302774846412e+00
6.489046728383430773e-01 4.365621182673288803e-01 2.258533287864370742e-01
1.729185979439138654e+00 7.929017212679070892e-02 8.010755698959522997e-01
3.458639839604885080e-01 1.233622909161295883e-01 1.539414251115852894e-01
2.168623420447988615e+00 2.457344806180151997e-02 1.058305495106476091e+00
2.632967115996652119e+00 2.171263451401447483e-02 1.288506683314650125e+00
8.791948080874936622e+00 2.585971515492347383e-01 3.492757023187576859e+00
9.817899651087130808e-01 5.506935817479224199e-02 4.652727128798204159e-01
5.062200505194942579e+00 7.969383878921904030e-02 2.344275906432768064e+00
5.117353555157544420e-01 1.275391279065127559e-01 2.269257637497187341e-01
2.278272827784328047e+00 2.248386823672789137e-02 1.114087419155671776e+00
1.763042804069274050e+00 2.494032206262889462e-01 7.055539696726221832e-01
3.231376562048525747e-01 2.540875985478008650e-02 1.575652895000700937e-01
6.071296645859893815e+00 8.089891705661049759e-01 1.678090931843428946e+00
2.576087380105849700e+00 1.199614101891859595e-02 1.272775298091621599e+00
2.013999101765282795e-01 1.007819792127467307e-01 9.148038121071201678e-02
6.280886416714645648e+00 2.715604593184371418e-01 2.469755319413295069e+00
8.782179732117185722e-01 1.324684052452169448e-02 4.333682268168221330e-01
2.232376116937129507e-01 7.196645480738431688e-01 6.490731344777569967e-02
1.565969142887784882e+00 8.198513841163558302e-01 4.302464356583035610e-01
2.597255321721549381e-01 1.553202388853182903e-01 1.124041297946725970e-01
6.244198001998571002e+00 4.615467510704038268e-02 2.984356974440552257e+00
3.243161854824860857e-01 1.142413763055449838e-01 1.455322842873646716e-01
1.313681907036831742e+00 5.399675193639786874e-01 4.265290957498229507e-01
4.070052666976246236e+00 3.012103876582692963e-01 1.563948730189950176e+00
2.319466788286914105e-01 1.106752578499432538e-01 1.044169649001168015e-01
7.566280696890849811e+00 4.189341295545520594e-02 3.631024346064436248e+00
8.578839273331125170e+00 8.141280687116525527e-01 2.364452494090893531e+00
1.269027143763919174e-01 4.030080514275546921e-01 4.522522670032753933e-02
2.284956146638563723e+00 1.418570057386097163e-02 1.126497911253164563e+00
1.747396147067072247e+00 7.896498844071885292e-01 4.881949710643787022e-01
9.408950673170148882e-01 8.988633859572680018e-01 2.477521748734663465e-01
4.168983107172292257e+00 4.367208206876282278e-02 1.997266755908881697e+00
5.773950407147823150e-01 1.765802248572933067e-02 2.836881486496016236e-01
1.727684956347436351e+00 9.485633210913598790e-01 4.433227644303052717e-01
1.900839772227541635e+00 1.119197078191752071e-01 8.547558600052549416e-01
2.147437034221305829e+00 4.439796928963740674e-01 7.435828373437570749e-01
7.558721343536786819e+00 1.026971971108021908e-02 3.740942243472590523e+00
4.658079153825766539e-01 7.418169990389171520e-02 2.168198897003426051e-01
4.378846751776997337e+00 1.264504816412539423e-01 1.943648133292533720e+00
3.100740880846542424e+00 4.579725011830740322e-02 1.482477067374085244e+00
1.103930086234744951e-01 8.104413248414377158e-02 5.105851153819276900e-02
1.378667124285583578e-01 3.999291958721278711e-02 6.628252454030143792e-02
1.415505229031495116e+00 4.220968449993249549e-02 6.790885030542943568e-01
4.579186898117994176e+00 3.347551981423017575e-01 1.715365823070499340e+00
5.970061123699502703e-01 4.942395169541836247e-02 2.844446762461657063e-01
6.732165245575628676e-01 2.747508152324518726e-01 2.640580874760222740e-01
1.341807019557428038e-01 4.769986208316419340e-02 6.403584977521541155e-02
5.266655377431616714e+00 4.990615862093868149e-02 2.508155292826083294e+00
2.640549404357198648e-01 1.464461583459570303e-02 1.301218851974696444e-01
7.855766537618815271e+00 6.695209418923520062e-02 3.681405463470373896e+00
6.512412714150844550e+00 7.218346631133984448e-02 3.036986168307399758e+00
9.256800624586539072e+00 1.748578175356128028e-01 3.939540805032751614e+00
1.306740793665837619e-01 9.301607959993588026e-02 5.977683302445691710e-02
2.618560619572024573e-01 3.268599619808748580e-02 1.267839705976674392e-01
3.377980303474002799e+00 3.818812136394734297e-02 1.626863298645764955e+00
1.707281270653811245e-01 1.440974166339245403e-02 8.415146269466385054e-02
4.483971139172718834e-01 1.508914378972270876e-01 1.948042617888139649e-01
3.122929450019897413e+00 2.782672973555544993e-01 1.221547893965734488e+00
5.536259560694472004e-01 2.645043353245202580e-02 2.696798296261540551e-01
1.719067703176796746e-01 1.962609760159256811e-01 7.185170032470869494e-02
3.746243019436555355e-01 8.807353805900313137e-01 9.959516522364963986e-02
1.389533558504297384e+00 1.244131001012576711e-02 6.862291891716667536e-01
6.366945008227327563e+00 3.475728374446173524e-02 3.076540319284998493e+00
5.668183091141549390e+00 4.540433231556590538e-02 2.711000383261541025e+00
1.163267195030813217e-01 5.741047020294656050e-02 5.500546986297335378e-02
5.518721691695771980e+00 4.009695470336795131e-02 2.652984256294497190e+00
2.364658487613903404e+00 1.189978817351607099e-02 1.168425231060737257e+00
8.251469597265180811e-01 2.890207820446065098e-02 4.009842030674502511e-01
6.344243084881505901e+00 2.637164246217288746e-02 3.090616898603238738e+00
2.047822750112799073e-01 2.912881003391797757e-02 9.949302410673485642e-02
1.810392280919687069e-01 4.530908935983277153e-01 6.229452984997257275e-02
3.280351150511445546e+00 4.207069084961899685e-01 1.154478496195840531e+00
1.118390175495576289e+00 2.280442272371650467e-02 5.467272875675077692e-01
2.345493962458744086e+00 2.281416707163612945e-01 9.548955215771824934e-01
3.082384116441203137e+00 2.524720909998036111e-01 1.230520080483648249e+00
3.134424203182044621e-01 1.117600268813011277e-02 1.549890520962438900e-01
4.211372105158903145e-01 5.215772642491569577e-01 1.383883751456112254e-01
1.515496034555771920e-01 4.801200278729114007e-02 7.230337202842909705e-02
2.298293211741340158e+00 2.164034940864477050e-02 1.124805423489616096e+00
6.314328252910640593e+00 9.640908742417584332e-01 1.607442999639286274e+00
2.772612512858553035e+00 3.369177171126948034e-01 1.036942093506880047e+00
4.559302276426514311e+00 3.100335994357037578e-02 2.211099620798547605e+00
1.931724996794343951e-01 4.076818215005451745e-02 9.280284648997053076e-02
1.685877870973511161e-01 5.516775708737666761e-01 5.432436166568337804e-02
1.174832195112248900e+00 1.086370805902555220e-01 5.298542758856442658e-01
2.016422473024963580e+00 3.217309518484210984e-01 7.627961160344420843e-01
9.821254953199725080e+00 1.239537593189166398e-01 4.369065396049354177e+00
1.984078134986835273e+00 1.809237915164147448e-01 8.400534180275496254e-01
1.269969131803433182e+00 2.953441939498788193e-02 6.167686615809009343e-01
2.505829970779157811e+00 6.692122894615866180e-01 7.506025406712727444e-01
7.470644679230823648e+00 9.684529129436412198e-01 1.897592934559749756e+00
4.393517076754529072e+00 7.787287145086654316e-01 1.235016065383568451e+00
6.060254667645863513e-01 5.289184984183188665e-02 2.877909382884980549e-01
8.379678704435324477e+00 2.026548893590563727e-01 3.483825151578270329e+00
1.684807009875455508e+00 7.371486108570075857e-02 7.845691025324176282e-01
2.322117491180652138e+00 7.074808269393730864e-01 6.799834746440472921e-01
4.809232127163366677e+00 6.044905201831662217e-02 2.267545111200825136e+00
1.959131236587503544e+00 2.237357723860199099e-02 9.581288484973632391e-01
3.583373613583324957e-01 5.730367162430811262e-02 1.694581088552488124e-01
2.633996098303584277e-01 1.588072172198933818e-01 1.136511776576103888e-01
1.088087766717063254e-01 4.371207279079047242e-02 5.212585899325741096e-02
4.153663114900079667e-01 2.538397435909134359e-02 2.025418388997300145e-01
1.597767076891310756e-01 6.809761411624411231e-02 7.479499325599191228e-02
1.243631810546955485e+00 1.369033231525937887e-02 6.134180088836952427e-01
6.598162442714535558e+00 3.388826184872779923e-02 3.190945620620624812e+00
3.396035888362504807e+00 2.518752660832600937e-02 1.656299847696042216e+00
2.111094599615667144e-01 1.208996907233884227e-01 9.416964859064429205e-02
3.504118585269480057e+00 1.149068287823473179e-02 1.732155641462944207e+00
1.261663349628232345e+00 5.187993182291853606e-02 5.997183288028686832e-01
3.594976476724102699e-01 2.202810460895354705e-01 1.473011683761057677e-01
1.671609308210734723e-01 4.363145427834642237e-02 8.008618853705518070e-02
5.312159280656738591e-01 2.030066382288714041e-02 2.603232296621768582e-01
7.981468842735270908e-01 5.825447252955159305e-01 2.521719833619505691e-01
5.432901996685869150e+00 4.643464266835222731e-01 1.855060352416197711e+00
2.753661152184494476e-01 1.325440447577069629e-02 1.358820223243520642e-01
2.805989677697508511e-01 3.947511659353157287e-01 1.005910497237627599e-01
4.358330562207094694e+00 8.076829764948673107e-02 2.016311253617369736e+00
8.604413194759326089e+00 1.421590824264838959e-01 3.766731503145560378e+00
2.304535186314337292e+00 4.051183156132431157e-02 1.107404604355292088e+00
7.051750409270454156e+00 1.299361565829278142e-01 3.120419843274974792e+00
5.531290104495621973e-01 1.451715903994460488e-01 2.415048605321346853e-01
9.824186808899569856e-01 6.565581518389011773e-02 4.609455824723436845e-01
8.347619990552244129e-01 7.094245432851855604e-01 2.441646232161181762e-01
6.395198411877333067e-01 6.169705052397772560e-01 1.977524757301928060e-01
5.851953085115679798e-01 3.536522711250195128e-01 2.161542225409234796e-01
2.154564758045410533e-01 1.782529470585523038e-02 1.058415805370638563e-01
4.513540628816957723e-01 1.541495319684829390e-01 1.955353489213307594e-01
2.102725384757799354e+00 1.067914718730855472e-01 9.499194013481323529e-01
7.489444312158454409e+00 9.500335537610687942e-01 1.920337293097704068e+00
7.498998089755757768e+00 2.789820148531903521e-01 2.931627654911371117e+00
5.669619564127277300e+00 8.408014135041942672e-02 2.614944849494582613e+00
5.649636628623560419e+00 1.676015982407923557e-02 2.778254327746803920e+00
1.937487863696397417e-01 1.562928951807395286e-02 9.538361504992409756e-02
6.890857264335796817e-01 1.825582011860875722e-02 3.383657195071634316e-01
1.796353527069945444e-01 6.515490699439581146e-01 5.438389811605479768e-02
9.182059879507948885e-01 8.903230080213646314e-02 4.215696757912882897e-01
3.856836966296374736e-01 4.923889026381543799e-01 1.292168870821302773e-01
6.509395038669434363e-01 2.460657655838355273e-02 3.176533894860530949e-01
1.291873598505926202e+00 6.755217984249986540e-02 6.050634446254989918e-01
5.611362261655936656e+00 4.355554858536273000e-01 1.954421935254993414e+00
1.550610487007137106e+00 1.287650836477072756e-02 7.654489339033571094e-01
1.252788648543910144e+00 8.076145577733326308e-02 5.795861065580133475e-01
3.009101350352332838e-01 2.721141478327481211e-01 1.182716722189916386e-01
1.831982681168638771e-01 3.856513020495443145e-02 8.819777536759339231e-02
2.619870892644717841e+00 5.661738517139802696e-01 8.363921060799216489e-01
1.648268462319477379e-01 7.734766011862942436e-02 7.649659080978477022e-02
7.289252328795865488e+00 1.729675944160533052e-01 3.107184019190540880e+00
1.376602827956920905e-01 5.794747116458791314e-02 6.506007460094201389e-02
4.324967221507200477e-01 5.080569673934313274e-02 2.057929089520356414e-01
3.508470712908930422e-01 2.256749361087560524e-01 1.431240294448518635e-01
1.013049302395233470e-01 3.197994496928979746e-01 3.837891062278281362e-02
5.730439793752290178e+00 7.652692706427476066e-02 2.661540389602419232e+00
5.969412170641777982e-01 6.233899423913270565e-01 1.838563864036437956e-01
5.045116805877307709e-01 1.184771381197390581e-02 2.493021794194029139e-01
1.366373847615062198e+00 9.674347816975364944e-02 6.229231697348536212e-01
2.296091707947181537e-01 6.325284650350671001e-01 7.032317528067913437e-02
3.891296431775930209e+00 8.526493788273232788e-01 1.050197753618932195e+00
1.001257428850145903e+00 1.791591113721169651e-02 4.918173583373625091e-01
1.926586965183706701e-01 1.862931411008746652e-01 8.120197691591822531e-02
1.634532739481761032e+00 5.325117926332396251e-02 7.759463135018767055e-01
1.431311516224427205e-01 1.113227320001512061e-01 6.439675330173270928e-02
9.451082318782805247e-01 1.201981722835603929e-02 4.669415636872961684e-01
2.419242391651444724e+00 6.662401591683758673e-01 7.259584935399989725e-01
2.381447890678365820e+00 6.630293396709180387e-02 1.116684487502245915e+00
4.407412937210062887e-01 3.233745248267501371e-02 2.134676469700216295e-01
6.826298509694597172e+00 3.442801518842166647e-02 3.299552220872122632e+00
2.478189032008782378e-01 9.407294154549405985e-02 1.132552016371082826e-01
2.288599858875340065e-01 1.671157457952951800e-02 1.125491199321603103e-01
2.688515074371339519e+00 1.880509063963250321e-02 1.319445249671563625e+00
3.533665585472374748e-01 1.230557230278064018e-01 1.573236978814132603e-01
2.304878003699799116e+00 1.748321263459987063e-02 1.132636870603353385e+00
8.832515113207245472e-01 2.090070173579800308e-02 4.325844373595620351e-01
4.139583666442574028e+00 4.365375356321326561e-01 1.440819875486579527e+00
4.201216617301600564e+00 5.457804836748232358e-01 1.358930540808078291e+00
3.184486501235133105e+00 6.875636582979269273e-02 1.489809372392681519e+00
8.308246754284400737e+00 5.086640788042365996e-02 3.953046120791873896e+00
4.583769613181076785e+00 7.000151130246309861e-02 2.141945392021674444e+00
2.717279674284752922e+00 1.412613659279110812e-01 1.190472119449802024e+00
7.403413704145918040e+00 2.103348834155245248e-02 3.625450971334524652e+00
5.405784726689775166e-01 2.844831489055956175e-01 2.104264556251908558e-01
1.706995664468412333e+00 8.835658934971984957e-02 7.842078971049011304e-01
2.114510359947865403e+00 1.147813979892730873e-01 9.483968622735361453e-01
8.507468462395328501e+00 3.041348415460038562e-02 4.128181838272067417e+00
3.883895743293762637e-01 3.293383745585666544e-02 1.880031228747380545e-01
3.731465776943343915e+00 2.621988637792999621e-01 1.478160804934698591e+00
7.984600793967011612e+00 8.270906997467120103e-02 3.687325162129565292e+00
3.078110451649672119e-01 8.242617966625931381e-01 8.436591878646310105e-02
3.619772779181058553e+00 1.724636315657796307e-02 1.779201632114309595e+00
1.137741451476548704e+00 4.802005412189849776e-02 5.428051910847377926e-01
3.579479073691444579e+00 1.194393392623114246e-02 1.768615312413336804e+00
4.608843906102555010e+00 1.960138011728148333e-01 1.926751974593900574e+00
1.577625538822894358e-01 3.234887716007867758e-02 7.640951492885014740e-02
1.243154314158519680e-01 1.405296845359232764e-02 6.129632045031639664e-02
1.065042528148108403e+00 7.850333431180134269e-01 2.983256677681273561e-01
4.321075944176118178e+00 3.009434421209566599e-02 2.097417565903270553e+00
2.338678533633011813e+00 1.236170051720851815e-01 1.040692034237607588e+00
2.154312852187945659e-01 1.227552157322264227e-02 1.064094115819293751e-01
2.676407409601862519e-01 5.690373909690454868e-01 8.528819724139588554e-02
1.852259589090320402e+00 1.681118678713745471e-02 9.108178652828288202e-01
1.912747168361884909e-01 1.755649821085567552e-01 8.135437842538821573e-02
1.010341608132950125e-01 3.263552908300274003e-01 3.808714056927698516e-02
5.258756329389384643e-01 1.822065774170244720e-02 2.582326477765982675e-01
7.191037594302119196e+00 2.357235225904149092e-02 3.512715822399548937e+00
1.142912490894903016e-01 2.836718914425862548e-01 4.451731390684662143e-02
1.783066575635148532e-01 9.688081675885539257e-01 4.528289258925347061e-02
2.038817960159093445e+00 2.296789672103275240e-02 9.965209889255629561e-01
1.656558779337123033e+00 1.480396832298413665e-02 8.161964433754983483e-01
4.407402429796150045e-01 1.659179773027968929e-01 1.890099696374918370e-01
9.723868589041523292e-01 2.089887831424194417e-02 4.762405364328566315e-01
3.117102557814986907e-01 6.923347998903288669e-01 9.209473675117327285e-02
1.989772198461545738e-01 1.064022391202612688e-01 8.992083204945799935e-02
8.204080345270909902e+00 1.186940405345940641e-01 3.666811499840652910e+00
3.527958374587136792e+00 9.018848806900824078e-02 1.618049728646473895e+00
7.840903243997597860e-01 9.341490883007388946e-02 3.585511401333993375e-01
4.360090152344227588e-01 5.265242287304721519e-02 2.071001812946031972e-01
3.434201965696449532e-01 6.239941651254182764e-02 1.616248047730317883e-01
3.490146314340079048e-01 4.257366448510441909e-02 1.673812812096954483e-01
8.878587097504601067e-01 2.226376636491753797e-02 4.342610679177301702e-01
1.266952048909580353e-01 2.113778270957757457e-02 6.203629276882387938e-02
5.800568828243446440e+00 1.532547160932892956e-02 2.856507095724353018e+00
5.658198687983591046e-01 2.134773971150472766e-02 2.769966813448784815e-01
6.453290185868022499e-01 1.084758607847850082e-01 2.910884401803384702e-01
2.253908434118109039e+00 4.829645307190522791e-02 1.075033893090692416e+00
5.957442571643454254e-01 7.458524782624383065e-02 2.771972993159286802e-01
8.908339578925490443e-01 2.045982585306374002e-01 3.697639240235925384e-01
6.527225450327818201e-01 1.743496888683169488e-01 2.779080844572750508e-01
1.360881737269850622e-01 2.742539700501546163e-01 5.339915626145885774e-02
1.422852754515163909e+00 6.317240821794528616e-02 6.691542893311646090e-01
5.489261801888900116e+00 5.285691068262172720e-01 1.795555653118722006e+00
1.287241191810952201e-01 5.275802192831609977e-02 6.113661283022749776e-02
4.832502404229529702e+00 7.103833777011726580e-01 1.412695676078370211e+00
6.786475929033145560e-01 1.714064387684367530e-01 2.896721284957309850e-01
2.845614103136658857e-01 2.117892004180558230e-01 1.174137425121031253e-01
5.178621393883824364e-01 1.247994672905000380e-01 2.302019846416921700e-01
8.146293843697382187e+00 7.169908277632434934e-02 3.800644217495147803e+00
1.297144377337197674e-01 1.762152259949888861e-02 6.373412651609715318e-02
2.032121799387375916e+00 1.247940830611935815e-02 1.003537347385227818e+00
1.019220413159839661e-01 3.718397873522395758e-02 4.913402222056641871e-02
8.057446118159505843e-01 2.354176456758017844e-01 3.261021139839677119e-01
1.186614149537933649e+00 3.886308890511003949e-02 5.711119021412836005e-01
1.146869940306288194e-01 9.603644665073172160e-01 2.925144685849179541e-02
3.190274967181135901e-01 2.260823788207054139e-02 1.559871536820655880e-01
2.357251534839449381e+00 1.556070502220777696e-01 1.019919156077512046e+00
3.365242720554334710e+00 4.256181863992123532e-02 1.613929582105969152e+00
5.674967485200360651e-01 1.007286791832243400e-01 2.577823033288896837e-01
9.400660420557320762e+00 1.503029288153333483e-02 4.630728997195798335e+00
2.621907914802010797e-01 1.766476122614307406e-02 1.288198243026013878e-01
9.573501223765700230e-01 3.574654384145816155e-01 3.526241240788728915e-01
2.585155826490300734e-01 8.710040136498486962e-02 1.189014291248686878e-01
5.813424907951660003e+00 5.694925821603272903e-02 2.750096498371087606e+00
2.789891598189739419e+00 5.601631748671525440e-02 1.320950989104785478e+00
7.961124719645082060e+00 4.622464576249387114e-01 2.722223971934245590e+00
8.540166609078748694e-01 4.417920591881508430e-01 2.961649897658464869e-01
1.773249775708887199e+00 1.746840890541271479e-02 8.714028662651749357e-01
1.103706978065213534e-01 2.723169205688232286e-01 4.337390158938434631e-02
3.336006690564539134e+00 1.559693277227770514e-01 1.442947754131316929e+00
2.258923006623954621e-01 2.108187609575632934e-02 1.106141955658467985e-01
3.117778075352919398e-01 2.297503165086380028e-01 1.267646787115512541e-01
5.278851269915894040e-01 3.442400193465670194e-02 2.551589705982746925e-01
6.783059775612921838e-01 3.385344903871026490e-02 3.280474511121423409e-01
1.553750050722015885e+00 8.512967806763110934e-02 7.159282812580017863e-01
1.936140390043323389e+00 2.404474038877807140e-01 7.804201870934303065e-01
7.290524399812190026e+00 9.749638121542513192e-01 1.845736199049599513e+00
1.971215516441028992e+00 7.421996736023515062e-01 5.657260606544428638e-01
4.530318602981969534e+00 3.352158621465904653e-02 2.191690363998375801e+00
1.994991356060480947e-01 6.895722277723349836e-02 9.331483587703066906e-02
3.197748544268627757e+00 1.543793544143024291e-02 1.574566220474373779e+00
1.169548266292869954e-01 8.302175051888391333e-02 5.399468042689496011e-02
2.975427266880710242e+00 2.973836977570991011e-02 1.444749149013839329e+00
4.821413740490977373e-01 6.776794166147954990e-02 2.257706732133533678e-01
9.137467525417197756e-01 4.402712355117731624e-01 3.172134282807630434e-01
2.585779817707682393e-01 5.836605698558298277e-02 1.221590488773066224e-01
1.199582306413507771e-01 2.951909755888043607e-02 5.825935183028021352e-02
3.158813109608447967e+00 4.927538406088828316e-01 1.058048897171147917e+00
1.272492145221467141e-01 5.197467732309300065e-02 6.048112053702252300e-02
9.741265025949006340e-01 2.177724514841865300e-02 4.766824213497745100e-01
2.751085167454767055e-01 7.558902179468778015e-02 1.278873766703386705e-01
3.518165929170724016e-01 8.041773590826727103e-02 1.628150766246507508e-01
1.391154016379767322e+00 2.980805803756874095e-01 5.358504076754398993e-01
3.151898781050822329e+00 6.878333812499543010e-02 1.474526533404006079e+00
1.328551900621920190e+00 3.034765958081758752e-02 6.447104956604757797e-01
1.037630921393895012e-01 6.325048172006877412e-01 3.178033260487269501e-02
6.221061010165551686e-01 1.289021001068123284e-02 3.070945374277015416e-01
1.530124008153197934e+00 4.357580203054387535e-01 5.328627757996726722e-01
2.715185556343531204e-01 4.725213699984285309e-01 9.219511552305786894e-02
8.896551165295660368e+00 2.736055090030813375e-01 3.492663584762389917e+00
4.591430342317092128e-01 1.341268888968890904e-01 2.024213686875441232e-01
2.921480656986874092e+00 8.428015438884937094e-01 7.926737056075665588e-01
1.035173516323042886e+00 2.682088756286281350e-02 5.040672277226483367e-01
3.865997823143835777e-01 6.572004257608944633e-02 1.813796151285112790e-01
1.219592684739088551e+00 1.260814746892652098e-02 6.022036696956922786e-01
1.024604282553458923e+00 9.265883146292540617e-01 2.659115792339450390e-01
3.214998767981101402e+00 2.031640496905834370e-01 1.336060019748720018e+00
6.505199373973211685e+00 1.150354507741334215e-01 2.917037018624322631e+00
2.038830180067205955e+00 3.623869678636280622e-01 7.482566363888208949e-01
1.535391617681184595e+00 4.202968865269463700e-02 7.367312248398547592e-01
1.157140517116759915e+00 1.342590327322254751e-01 5.100865339063763715e-01
1.950184850039145656e+00 3.831155013691127098e-01 7.049971054871067011e-01
1.297591373761141975e+00 6.729914214354910940e-02 6.078855133131078059e-01
6.805153295416755954e-01 1.405729751811356787e-01 2.983216963533623090e-01
2.560851960347206857e-01 4.630041656741782363e-01 8.752032360643077769e-02
2.982645776749904609e+00 4.301309609784598892e-02 1.429821824821123633e+00
1.962304004305224225e+00 1.659443395156712242e-02 9.651361146438820482e-01
2.846064655196966497e-01 3.215026595245702445e-01 1.076828954782762110e-01
2.566529007311648680e+00 1.663797186434591291e-01 1.100211606172564860e+00
5.560337861562761219e+00 2.267429577798968088e-01 2.266301113162942471e+00
1.337690071081200527e+00 7.397695865583325814e-02 6.227741015763620380e-01
1.187872396006476594e-01 4.701111498746513018e-01 4.040076820408308039e-02
7.634458425194633691e+00 3.030479159917139897e-01 2.929461891424099296e+00
2.359058226714541018e+00 4.588954364700588706e-01 8.085083302551534512e-01
9.642263885715193439e+00 1.005657499941772087e-01 4.380594201557792999e+00
2.253137974015012812e+00 1.183247489955600515e-02 1.113394771322535615e+00
7.307169876957906318e-01 1.557998283216803677e-02 3.597535398728644029e-01
1.951747463918602321e+00 5.304001217721221462e-01 6.376592095597137799e-01
5.471143874455939304e+00 2.897095568855476699e-01 2.121075960570502072e+00
4.132165014098275080e+00 4.672861545089029844e-02 1.973847353126148008e+00
4.075351245112660559e-01 3.034448253014518024e-02 1.977664419139269214e-01
5.740855654628122196e+00 6.085139090330096701e-02 2.705777502794175060e+00
2.229563260854443285e-01 2.040426546509152908e-02 1.092490170960931511e-01
1.213910338870835409e-01 3.067170750641843302e-01 4.644885882474634325e-02
5.709925126584485255e-01 4.165631942644186236e-01 2.015414896315123050e-01
1.964905132249391340e+00 4.500876533805606150e-02 9.401381105228111545e-01
8.218514961716052447e-01 9.217764760356546294e-02 3.762444223130255172e-01
3.035680773916453745e-01 2.144085674528409813e-01 1.249859748718521041e-01
2.603663925449704042e+00 2.145585794408675848e-02 1.274486755937830118e+00
8.610646279432700112e+00 9.354763357066977481e-01 2.224425615694419545e+00
6.001902604775554373e+00 1.705937575062208278e-01 2.563614646964174959e+00
1.550011519794923520e-01 2.027088558273493768e-01 6.443835148817719793e-02
1.195409258544340853e-01 1.762803366683712153e-02 5.873507897757599544e-02
4.825696336061779945e+00 1.226392094079198636e-01 2.149264116031923244e+00
2.801027669840878698e+00 1.179556504043464613e-02 1.384186572180191588e+00
2.376870469750098191e+00 5.560108139398884514e-02 1.125837454908291901e+00
7.666199650857381531e-01 1.473436828768766131e-02 3.777441609568079062e-01
1.670907372190797990e-01 1.628558505057350614e-01 7.184499142624201085e-02
5.495777616186104275e+00 9.128191586785537603e-02 2.518037519120583934e+00
1.704917385330146695e+00 8.390846155093147074e-02 7.864674212851112678e-01
1.912177371410807236e+00 1.267457908411675528e-02 9.441223325365878383e-01
7.494914434210697696e-01 9.756349355057034600e-01 1.896836885072652190e-01
5.810200450641043179e-01 1.631415898776486517e-02 2.858466744391283676e-01
1.288317279018923456e-01 3.690004707566745257e-01 4.705320803530638196e-02
1.689424850608911788e+00 2.205323181836988111e-01 6.920852588004314798e-01
1.019938137011267898e+00 2.384916493260195308e-02 4.980900370604924299e-01
3.991855613171942374e-01 6.048195973305122708e-01 1.243708520201296103e-01
6.468190435225138479e-01 9.742104449107193975e-01 1.638171465433020946e-01
2.674886514715320573e-01 4.250024104295104660e-02 1.282918895078276889e-01
2.035337550385988015e-01 1.163862977499997321e-02 1.005960770220226952e-01
1.906802840415354472e-01 1.049475213295476481e-02 9.434996255005136112e-02
2.041002383468758785e-01 2.903198260328127001e-02 9.917098875320470852e-02
5.315707088586946405e+00 7.095733137323952944e-01 1.554688250538236227e+00
7.685445333637624943e-01 2.512048093304572460e-02 3.748557109425067480e-01
1.030444854045087649e-01 7.175458921354372910e-01 2.999759304142749980e-02
1.218710330373680290e-01 1.101235293015160634e-02 6.027178237939284644e-02
1.830152585254522235e-01 1.786478633059889257e-02 8.990155715339262499e-02
7.985911288445073808e+00 1.464349386479088695e-02 3.935328682800019351e+00
5.996966638891299439e+00 6.324072491004725238e-01 1.836847588797430708e+00
8.233859212318572762e-01 2.351934352647828408e-01 3.333024195742069207e-01
5.844843909191649978e+00 5.377304550181119525e-02 2.773293516161399630e+00
3.547250663466010034e-01 2.760177530771327770e-01 1.389969165754853520e-01
1.899267191071974059e+00 6.780489253299740171e-02 8.893325008872267068e-01
8.028064673434258225e+00 3.096161159147774455e-01 3.065045006653186466e+00
2.221475251964039277e+00 3.376285538457921009e-01 8.303782262935084368e-01
3.485971106216517179e-01 7.341252573348883148e-01 1.005109374732819083e-01
6.631305820257572314e+00 8.231185709024871344e-02 3.063491255692960546e+00
1.268697006524846238e-01 1.934541626906209622e-02 6.223096637685602422e-02
8.661878538526398330e+00 9.889409637182484669e-01 2.177510216877767579e+00
1.015428286090665905e-01 4.997637475668446211e-02 4.835481590364238552e-02
7.072321900919436466e+00 3.055974911278327433e-01 2.708461814984820748e+00
1.163156484222381964e-01 2.080277585390989670e-02 5.697263525020256070e-02
4.044542628986471655e+00 1.894885019654737879e-01 1.700118421617105025e+00
5.263041445570863175e+00 6.731182202330827924e-02 2.465559425545240213e+00
2.651906114966206651e+00 1.369733143893198390e-01 1.166212997879626068e+00
7.613408686032883121e-01 1.851759510005054205e-02 3.737494925301220183e-01
7.057954275764958263e-01 7.767232740247070888e-01 1.986227787678209733e-01
1.878906302987130017e-01 7.228846434516718045e-01 5.452791950199522425e-02
1.109468765715571070e-01 4.179611672373771680e-02 5.324788353044795919e-02
4.089858138055508796e+00 4.529550695430960006e-01 1.407427601784557503e+00
1.640491425665530523e+00 9.920165865313050613e-02 7.462195006490669469e-01
8.459364612805125860e-01 6.628129353647684852e-01 2.543691004830140323e-01
1.363327351199959958e+00 5.430414201125256524e-01 4.417662848935512421e-01
6.251145843680704361e-01 1.172564712872463805e-01 2.797542911735588778e-01
4.822302977752824793e-01 6.687987987757877673e-02 2.260002774776374013e-01
3.206371291405267332e+00 1.351340119271481621e-01 1.412331609182303715e+00
3.664778353854704740e+00 5.144165090710531851e-01 1.209963815074456939e+00
2.502711781113244438e+00 2.897713001758220330e-02 1.216116329558500686e+00
5.874800371242377972e-01 1.047347221262511091e-01 2.658919038923353018e-01
2.290750325827666689e+00 3.119327223194937396e-02 1.110727924392626020e+00
9.709683562865837336e-01 1.385191966426963309e-02 4.788511702025052275e-01
2.752246809713362108e+00 2.527073656528171924e-02 1.342204898451287765e+00
2.860711843527684040e-01 1.031953264393446479e-01 1.296557270941706697e-01
1.346410407070376403e-01 2.040045762967769016e-01 5.591384092623655211e-02
1.085740226259389457e-01 1.701857621200788054e-02 5.337858381620434745e-02
2.903901295845221053e+00 4.140650023480335062e-01 1.026792011337292587e+00
1.736251985139110499e+00 3.296157609142848915e-02 8.404242835966982961e-01
5.761501911413789978e-01 4.906764649033038689e-02 2.746010674663817430e-01
2.705126344518573145e+00 7.239890832788073438e-02 1.261250045813872678e+00
8.132479187472507753e-01 7.760676450856417163e-02 3.773398356116145491e-01
9.751804625789067815e-01 3.572439336644369495e-02 4.707721807194530927e-01
9.855947160034165933e+00 1.345943428761477850e-02 4.862526721142099717e+00
1.039528632912456452e+00 1.624512831031044435e-01 4.471278272141813170e-01
4.822402176749169267e-01 8.229951833782864767e-01 1.322659056019151735e-01
1.365695062886858047e-01 2.223981994891296998e-02 6.679915203044572980e-02
5.143602884986547830e-01 4.626983130279708201e-01 1.758258295361891377e-01
1.400202892702247182e+00 2.571606939947831405e-01 5.568909763846218164e-01
7.182560772282755579e+00 3.197057138533724446e-02 3.480022091444306742e+00
6.706157254259253797e+00 2.324487697059272537e-02 3.276907319640547822e+00
3.849193233364892386e+00 5.111500191694017259e-01 1.273597321422987427e+00
4.543208537054894691e-01 4.401138351583088609e-02 2.175842432749682531e-01
5.009650755322231142e+00 6.413169855776268413e-02 2.353867835208697912e+00
6.735561849416906721e-01 3.916741076121117993e-01 2.419949402153512841e-01
9.070893235214001038e+00 1.029961212538247316e-02 4.489209500997148439e+00
1.123832960481289112e-01 6.278365106012111230e-02 5.287214191525582696e-02
1.086241931509236203e+00 3.354019894013079983e-02 5.254957342845250068e-01
1.941496400643262510e-01 1.133909733492266883e-02 9.598642066540723217e-02
2.295072648234948998e-01 1.435730939365705179e-02 1.131293986340401736e-01
1.456887799178971654e-01 2.648062729056863476e-02 7.096518728387878061e-02
9.399672982136412003e+00 1.363593724656143868e-01 4.135871630882703265e+00
9.505622379828819746e-01 1.923580956825274996e-02 4.663112446890671503e-01
2.161922454538924399e+00 1.876648856536698023e-02 1.061049062176827595e+00
9.418565014858590878e-01 2.134321921072526024e-02 4.610871662778101010e-01
3.067187671311579211e-01 1.164818981551844421e-02 1.515935926238796139e-01
2.103301655626074462e-01 2.599645610878092983e-01 8.346669900819105037e-02
1.128903852390228391e-01 4.012016668457367430e-02 5.426795328796750473e-02
8.211565329899157106e+00 2.754316229013337725e-01 3.219131932458913159e+00
1.898531795206018780e-01 1.105041000827923087e-01 8.548062970071322597e-02
7.637999272085304048e-01 3.951138872319899520e-02 3.673841073288687809e-01
1.072476265304962706e-01 1.651434405099689029e-01 4.602335764065036694e-02
1.081731981691195499e-01 3.924374663438189720e-02 5.204419007544731218e-02
2.011906257814021493e-01 8.188397891079934876e-01 5.530740722361018880e-02
6.431904371290384503e-01 1.413622125341911506e-01 2.817643820978394387e-01
3.225901571233027898e+00 1.799504736258825122e-01 1.366964819006394327e+00
2.846014851406593049e+00 7.607189603106452591e-02 1.322409246958175855e+00
1.659191149029685675e-01 1.107042133049083998e-01 7.469095413317783372e-02
1.410096626109914153e+00 2.316362727383328157e-01 5.724484806601243259e-01
1.354439209495818530e-01 8.595555261417141268e-02 6.236163193950888112e-02
2.910155306207661274e-01 6.881439233358425944e-02 1.361394142463690782e-01
4.919458706799137993e-01 4.735216149435010624e-02 2.348521771215953957e-01
8.634337741906931152e-01 5.096520662147307340e-02 4.107813316514848379e-01
1.196228902085822998e+00 7.619303786312681126e-01 3.394654285418182149e-01
8.862221011644985325e+00 1.050162945113266161e-01 4.009995624346943011e+00
1.558317187246806679e+00 1.373594304825904444e-01 6.850592457766849774e-01
1.748154022939228946e+00 5.210311235562349319e-01 5.746608323345715474e-01
2.735167617403641005e-01 1.415413275473397237e-01 1.198015153459353749e-01
1.292149245691635862e-01 1.919005030239219131e-02 6.339098607312036726e-02
5.670085159754847837e+00 4.863267593747029882e-01 1.907415419924300526e+00
6.608823887222048832e+00 1.947698323306319354e-02 3.241281557070328390e+00
3.366356299348567394e-01 1.646734991899958048e-02 1.655909705125711284e-01
1.219208258387799448e+00 3.209346087846381423e-01 4.614945547946409099e-01
1.092905983719006047e+00 6.788457169879125175e-01 3.254932757251317033e-01
1.000307423914930771e+00 1.569154793061348363e-01 4.323165528543491676e-01
1.562191504118928820e-01 2.399066241584976722e-02 7.627957761027473471e-02
7.936739218133295637e+00 6.234933231857517910e-01 2.444339962716685299e+00
9.061802909642873161e-01 2.907403593012051340e-02 4.402891625505075401e-01
1.846214232100469532e+00 2.747187373543613642e-01 7.241653307506207282e-01
2.286474246072646987e-01 8.610098511052579617e-01 6.143100867291768213e-02
1.317829500819713173e+00 5.861787462225293011e-02 6.224292695274745713e-01
1.300930786721706145e+00 1.450533484341615803e-02 6.411650791971923447e-01
2.766439990096626556e+00 7.181410580591732762e-01 8.050677728467826588e-01
1.058455335009339665e-01 5.078512171095309752e-02 5.036497534747624849e-02
9.323860911383084371e+00 7.223973798739836694e-01 2.706652082826916494e+00
7.404655717850532337e-01 1.459203766089952337e-01 3.230877061354983648e-01
7.498564233973623594e-01 5.023462098321959668e-02 3.569947173781768401e-01
9.021109679708996243e-01 2.909865990701833161e-01 3.493881999319874976e-01
3.976337599015496327e+00 1.273951267452767822e-01 1.763506646731278771e+00
8.168838027033597626e+00 1.104877271961146948e-02 4.039784354349349904e+00
6.552047073873489502e+00 1.372017901173980432e-02 3.231684250510322709e+00
3.280385025103591090e+00 3.179195169818178068e-01 1.244531620798831950e+00
9.913418256700191611e-01 2.932450981621822356e-02 4.815497038183901846e-01
3.001364716393437160e+00 3.937487270943355877e-02 1.443831669977505339e+00
4.380684562506284019e-01 1.932801127746346659e-01 1.835564221513859007e-01
7.534440655813624765e+00 5.432425126115696390e-01 2.441107147529062882e+00
9.702965754896729633e-01 1.733721246652746850e-01 4.134649848471845246e-01
6.169339038333536696e-01 1.429781789217270116e-01 2.698800008655293237e-01
1.134570165046921542e+00 9.963448577204440104e-01 2.841618672894139497e-01
5.826267055645614201e-01 6.899847486597551760e-02 2.725105410639653281e-01
6.921158388912202142e+00 1.268278542191297875e-02 3.417239084413115524e+00
1.270794670729768483e-01 1.999666424437039972e-02 6.229406013161784689e-02
5.049181860951619250e-01 3.780904997280812307e-02 2.432616029453546491e-01
9.563599328929454080e-01 2.760436372445946446e-02 4.653346981841849361e-01
5.081390624194029648e+00 6.549731228923703075e-01 1.535188261943905008e+00
2.671723686178768986e+00 8.564828523867402676e-01 7.195659477123461656e-01
5.650479723836862256e+00 1.029569153134901431e-02 2.796448490873095327e+00
8.575704518479966287e-01 4.767102459481125099e-01 2.903651729244280388e-01
3.378120472217125969e-01 1.958552273220388190e-02 1.656614573716537475e-01
2.261125439407764670e+00 1.202579963261747077e-02 1.117128357907768654e+00
1.816369193072191190e-01 3.643682924178996418e-01 6.656447541203359963e-02
5.352120823440204012e-01 8.683879035616184350e-01 1.432283096362835517e-01
1.305146943171991758e+00 1.852713626794458279e-02 6.407030783461844514e-01
1.113604433059953047e+00 4.057095946042253709e-02 5.350929808945472654e-01
2.589547516930625348e-01 1.217030225429218890e-02 1.279205441595756831e-01
2.351641140928488749e+00 4.269914076225977961e-01 8.239857396360850128e-01
1.188621261064508161e+00 1.127946421188705597e-02 5.876818936449123010e-01
1.064987608549473830e+00 1.830828055238871155e-01 4.500900543803783571e-01
2.885458330797519011e+00 1.228871715178421059e-01 1.284838941964736136e+00
8.933164585272979963e+00 2.815327136718629997e-01 3.485343951805010221e+00
6.904526423496752940e-01 2.497110349705291277e-01 2.762449170363441842e-01
8.842013025617564637e+00 8.693445867370167002e-02 4.067408552125009180e+00
4.031280236691340946e+00 3.529408715272529945e-02 1.946925171657361009e+00
1.824921999828201802e+00 7.925467360437549180e-01 5.090305215293579044e-01
1.014446803543445519e+00 1.652900086514209194e-02 4.989758298484723298e-01
8.223382537982852902e-01 2.499875740946994399e-02 4.011410979056313497e-01
4.326816622399483059e-01 7.628001755816873342e-01 1.227256691465816174e-01
1.093548168859948821e-01 2.456968348135937785e-02 5.336621737353233058e-02
4.494498205131534085e-01 2.025683159243505671e-01 1.868708058251497828e-01
1.922645918506291407e+00 2.554423807027190185e-01 7.657244761126006383e-01
3.385055656256973133e+00 1.452509818889516635e-01 1.477866297339355928e+00
1.346923716497400447e-01 5.982525293506425756e-02 6.354461326370786090e-02
1.225488928550327428e+00 3.976675868618537724e-01 4.384050041905477313e-01
5.533576866679997153e+00 1.611267500281543877e-02 2.722914989060964075e+00
1.444461853090821257e-01 3.734499997241298025e-02 6.962302093947699000e-02
2.128353895392892103e-01 2.762084773712789043e-01 8.338582344229734933e-02
4.638646962855745293e-01 1.085225204550395450e-01 2.092265550433571042e-01
2.360438317946082776e-01 1.338981869802892410e-01 1.040851085683548449e-01
8.382916604932033611e-01 8.262522164387844370e-01 2.295114697048480645e-01
1.572962365405426721e-01 1.039771242858401751e-01 7.124071372506797506e-02
2.329653214916105886e-01 3.254526461162735029e-01 8.788142004704030397e-02
8.683863026971893717e+00 8.361528977494604442e-01 2.364689519488150538e+00
1.003817666841767098e+00 3.518644627666912550e-01 3.712715640099672476e-01
1.831751040739138192e+00 6.121856328547510551e-02 8.630413677782531323e-01
4.132163677245549671e+00 2.812187696509757528e-02 2.009568986822477310e+00
3.411689156658377797e+00 4.989412546865328868e-01 1.138032976940063445e+00
1.041299507257939239e-01 4.180644638156962717e-02 4.997567018684750950e-02
3.246742562754389549e+00 8.895420560148747935e-01 8.591347708877962175e-01
8.486086850967359041e+00 1.580826228110130960e-01 3.663852079210500268e+00
8.586091237276961552e-01 6.322329685921250775e-01 2.630167201157214141e-01
3.559356734832005431e-01 1.287829891980816002e-02 1.757050545276717113e-01
1.129067385991431444e-01 8.806791109496882042e-01 3.001754471078495884e-02
1.865881306253083460e+00 1.042461037395595452e-01 8.448666017177809406e-01
4.564292886374475167e+00 1.451521124680278142e-02 2.249494554529706480e+00
9.375616322336801645e+00 8.000037257291166271e-02 4.340561614808075674e+00
1.402531640523947409e+00 2.433724744050173860e-02 6.846044327824821751e-01
4.281695602198242412e+00 5.299048382046135375e-01 1.399333963549959536e+00
9.739179405844577531e+00 4.784192033015567391e-01 3.293781420078745636e+00
5.411215320066220968e+00 6.760791801008386726e-02 2.534270882025769112e+00
9.565902413078951838e+00 9.211538646964697596e-01 2.489624227622784236e+00
2.052202688969532451e-01 7.424597295004251030e-02 9.551828634432170395e-02
2.397857299312014800e-01 1.106396987085226935e-01 1.079493782772350946e-01
3.695786772465808667e+00 8.622414371069353489e-01 9.922952789106007643e-01
1.088569300568668741e+00 6.655288039028419700e-01 3.267938981354807093e-01
1.737293117566811373e+00 4.330279090262109665e-02 8.325929599324560781e-01
7.151241249482773732e+00 8.774613901778231806e-02 3.287183007581269134e+00
4.486725591344256081e-01 2.412535020160277988e-02 2.190515834053433086e-01
1.240766606894851076e+00 1.315910935375950649e-02 6.123256433465175119e-01
1.796478398522246278e-01 1.743625341259643358e-01 7.648738555250744753e-02
6.486529911336873511e-01 1.533073482795061504e-01 2.812142800014854060e-01
3.482901463675848852e+00 6.259647487507836727e-01 1.071026129672163929e+00
4.784290309570521926e-01 5.641354693337648912e-02 2.264402195266550788e-01
2.071106200478979975e+00 1.267541981234562853e-01 9.190585683764422864e-01
4.937653089081981972e-01 1.032241133490676907e-02 2.443602672615179661e-01
1.854991326294149978e+00 6.924589635752035344e-01 5.480166332587491640e-01
1.391354342391301291e+00 1.521711384385837119e-02 6.852496492712263354e-01
3.257551462761691941e-01 9.016622056003160968e-02 1.494061823475069939e-01
8.058241281491481445e+00 4.604361741932837537e-01 2.758847467587104418e+00
1.522194067630525394e-01 3.025076894921882587e-01 5.843320849122920352e-02
1.767701360627410789e+00 2.294364903670814346e-02 8.640267537180716939e-01
6.729439808120427635e-01 4.622833712134061940e-02 3.216047381509584135e-01
5.535196857419361294e+00 7.234717457738237822e-02 2.580879116691294772e+00
1.022163813880773819e+00 2.629293230530522010e-02 4.979883334014313379e-01
5.588007195458373211e+00 1.083908268175537010e-01 2.520774739494566763e+00
1.760277438647280257e-01 2.151177928127516736e-01 7.243237853396065906e-02
9.619034802904007364e+00 3.050286588337940974e-01 3.685373013761941152e+00
2.213385272130377945e+00 9.061329192505624963e-01 5.805957312254537150e-01
7.715543388107696243e-01 9.001087682611755847e-01 2.030289927867743038e-01
9.812988125134598505e+00 4.656485245642680848e-01 3.347660766093959683e+00
5.752992775992425978e-01 1.798133557064147611e-02 2.825686766038553177e-01
1.871556882441567371e-01 1.120934620132629095e-01 8.414566519676414114e-02
2.012563588820441396e+00 3.591472330015122449e-01 7.403773262944950417e-01
3.566615699876420464e+00 1.559941558273495177e-01 1.542661648373031769e+00
2.071987991606119017e+00 1.473011472628038832e-01 9.029834915398650130e-01
3.661895188870018525e-01 2.607161342130087309e-02 1.784424761864286668e-01
1.645416082369854927e+00 7.726219928406896642e-01 4.641192789594744128e-01
3.086100288221739429e+00 2.747564684352307024e-02 1.501787559492263835e+00
1.018084133650811324e-01 3.456289075171549707e-01 3.782930524022768554e-02
6.637657281039739399e-01 5.264737758800958761e-02 3.152839888438699334e-01
7.369798912801158730e-01 5.743041207880000831e-01 2.340652868618640636e-01
4.709090811936632592e-01 1.979793708538970382e-02 2.308835231318148162e-01
8.587560713015156555e-01 1.141422450672018307e-01 3.853888832882905180e-01
3.810349073154901234e+00 9.978778723809110796e-01 9.535990977801941382e-01
1.731297488830049469e-01 1.522446636492080438e-02 8.526673391890741971e-02
7.873820932291030195e-01 1.477791365798014067e-01 3.430024419050585194e-01
3.333546328835342187e+00 1.115887920575248451e-02 1.648379101142732672e+00
8.269217148023193076e+00 3.705182056716241346e-01 3.016821343125045463e+00
8.104763805872806870e+00 1.454132205268207287e-02 3.994299507424080797e+00
2.930952768306235967e+00 1.032465007679401608e-01 1.328330869966992234e+00
1.830747700170375358e+00 3.631517415401185056e-02 8.832967739109353067e-01
1.073136987328022540e+00 8.895232684202887541e-02 4.927382773679950811e-01
2.957449187997687745e-01 5.890139952964216219e-01 9.305925551165432352e-02
7.499308071526934460e-01 9.524934266243995085e-01 1.920443871734881514e-01
3.974341700508503994e+00 2.289115678581511160e-01 1.617016962186838214e+00
9.039442134015011732e+00 2.861191162079420591e-01 3.514232087875092780e+00
2.761757812672733792e-01 4.700537004222851145e-01 9.393390907690636615e-02
1.911770861578627745e-01 1.423014769118415013e-01 8.368066137614610378e-02
8.962341056935952954e-01 3.501503082669413236e-02 4.329570484487308413e-01
1.254459620348042037e+00 6.587099819121373656e-01 3.781431455853176971e-01
8.131431400761631068e+00 3.072243759794087911e-02 3.944530119918423505e+00
2.184810824615990577e-01 4.454183787043375919e-01 7.557710822019708674e-02
1.915412941570601824e+00 4.389488017498088257e-01 6.655597958875940634e-01
8.808943902261150427e+00 4.188701599295496791e-01 3.104210713226408291e+00
2.314407247520801347e-01 1.812765910313605955e-01 9.796212271929116699e-02
5.617258011624308711e-01 2.762842394184588518e-02 2.733117282839090390e-01
4.522309643266705592e+00 1.166050890957380098e-01 2.025026433888553523e+00
9.977618999997970306e+00 1.786441051835569935e-02 4.901251530602581674e+00
5.129360684011873950e+00 2.492295747051761698e-02 2.502315245562943602e+00
1.045045685380294465e-01 1.967046353490450039e-01 4.366347612063373185e-02
2.861657597806909425e+00 6.920264865958629663e-01 8.456302606598646854e-01
1.000847427965408931e-01 2.313798851400729606e-01 4.063926331927858460e-02
4.840070124640695193e-01 2.006531657555632453e-01 2.015598785180760522e-01
3.394461099809086502e+00 5.060157156261618772e-02 1.615484495592521386e+00
7.467223006265669483e+00 3.723350298696362359e-02 3.599586296027848409e+00
3.370675974090940663e+00 4.637444991700094832e-01 1.151388092663105933e+00
3.545847608020999076e+00 1.432207871529805193e-02 1.747890380396745158e+00
1.882694572998898086e-01 3.289804470903011646e-01 7.083229016352010632e-02
2.019190921710092290e+00 8.416401080148648572e-02 9.312202312532821269e-01
1.961099807775419923e-01 2.982037565745496166e-01 7.553127919418416159e-02
1.976680064529554359e+00 5.582262727624241055e-02 9.360852919154106777e-01
1.630163975528674092e+00 5.020330288228765786e-02 7.761182863616414851e-01
3.622947659373805251e+00 1.291229850038928643e-02 1.788381711199260815e+00
2.492942524876620602e+00 3.031491338522340762e-02 1.209796389671657924e+00
7.284681737358402742e-01 1.616026214373210423e-02 3.584415770200631846e-01
1.904292498513392440e-01 5.941019149421011836e-01 5.972932096322579321e-02
7.770980627653874429e+00 2.542987897296661651e-02 3.789133117242988735e+00
6.248635120307254986e+00 1.258530123961542832e-02 3.085485791990869142e+00
2.412718859111839809e-01 6.068234033961540375e-01 7.507728770978687460e-02
2.555317152842974338e+00 1.360539913696531648e-02 1.260508850396169889e+00
5.106651892019429262e-01 3.178719345612002894e-02 2.474663343568920537e-01
6.731109125409174609e+00 1.003785132087416966e-02 3.332107364395594740e+00
7.312223341367301011e-01 1.401414363786639833e-02 3.605582519359170623e-01
1.999250605078582765e+00 3.561580441949688952e-02 9.652472454296121551e-01
1.314563391481992971e+00 8.713573590169601535e-02 6.045994755161199219e-01
2.672978481469285406e+00 8.216598210700533367e-02 1.235013170652863534e+00
3.124249499443310651e-01 5.937054456408344394e-02 1.474578236800465625e-01
1.440965086154188945e-01 1.741068441549127599e-02 7.081531127137868920e-02
4.164458719215225813e+00 2.694591056085303069e-02 2.027593993212778667e+00
4.039271247063702108e-01 3.436017981463289628e-01 1.503150432157948357e-01
3.348787034789211248e-01 8.839284217393200693e-02 1.538409159371361412e-01
2.708841475437092416e+00 1.940421192317532406e-01 1.134315712908000817e+00
4.186339185721190126e-01 2.332317695309316652e-01 1.697304306113316397e-01
5.190826407718299507e+00 5.079521192845491973e-01 1.721150937531457092e+00
2.292554712127327365e-01 1.054286876287840180e-01 1.036952784826403184e-01
1.152278322819786593e+00 7.063185066523389177e-02 5.381300407342738401e-01
7.383050491905237545e-01 4.799329359421725810e-02 3.522470294911997923e-01
2.266300981583150020e-01 4.401793178833481729e-02 1.085374547974058135e-01
6.485770052605623892e-01 2.951189950649731747e-02 3.149924763237130221e-01
9.575102463918566897e+00 2.267322946641599571e-02 4.681408580976748723e+00
3.947120805340462169e-01 4.322072997244206793e-01 1.377985158328668969e-01
3.546997431726244265e+00 3.640202550375727375e-01 1.300199692279694119e+00
7.713601497744997371e-01 2.380971186087495542e-02 3.767107016266122432e-01
2.671509967574814848e+00 1.327805157266165673e-02 1.318251176677758263e+00
1.701028177797887286e+00 1.708076151069033710e-02 8.362306328906056185e-01
4.082200468603759624e+00 9.665836558430270786e-01 1.037891385010473622e+00
6.738087335647453546e-01 1.403343605914688513e-02 3.322418717194267623e-01
6.821035014618384018e-01 3.207973135775635948e-02 3.304509723122333598e-01
6.235497098657194481e-01 2.451612703964258996e-02 3.043142481648762887e-01
7.847238853136142556e-01 3.020810332139059473e-01 3.013345042653347017e-01
6.379510786122703614e+00 1.839466344709592693e-01 2.694171595400225439e+00
3.418758388225764944e-01 1.991594062144171340e-01 1.425481203961998511e-01
2.649324176567265932e-01 2.363285324737759430e-01 1.071448286996264515e-01
8.957505369269022077e-01 2.039683329418245580e-02 4.389226366153645142e-01
1.787850689863706544e+00 4.227370484040227777e-02 8.576685191043318390e-01
1.220798554795820667e+00 1.661985926016970871e-01 5.234093757874956898e-01
3.541750261723726201e-01 1.320509128514145078e-02 1.747795333929578754e-01
3.141443620707108142e+00 1.598369762060633525e-01 1.354260850944357664e+00
7.594049119162903372e-01 1.119848581440021223e-01 3.414636927627783258e-01
9.613386610773664298e-01 1.171606797384013542e-02 4.751029915945862436e-01
2.380229774847813506e-01 6.421456667897280923e-02 1.118303511986143001e-01
5.411216458107577232e-01 5.370668207813483752e-02 2.567705296997595532e-01
4.643233532100838890e-01 3.855547788780021995e-02 2.235428742595524931e-01
4.417760283486373840e-01 3.810473600122794569e-01 1.599423890664797288e-01
1.121693290248537700e+00 4.717995902387186330e-02 5.355780926585547164e-01
1.195086431258482740e-01 1.421087219922312871e-02 5.891705877038409117e-02
4.920716681236257384e-01 5.836346215162829809e-02 2.324681858929896761e-01
3.337247372629771336e-01 5.566998175420423411e-01 1.071898170418986718e-01
7.384721493731802866e+00 1.102281328615972167e-01 3.325767594583370901e+00
4.702754691223425709e+00 6.068585228342568416e-02 2.216846147754030216e+00
9.571409261775598587e-01 4.295816551584599047e-02 4.588587336598294875e-01
2.061777898636256434e-01 6.942119561109817705e-02 9.639690643395640302e-02
5.399643299645416894e-01 5.846518096480237681e-01 1.703731780940812290e-01
2.211391731407759964e-01 5.276765784139676729e-02 1.050275298132740676e-01
2.554241016270285769e+00 3.451137293674864104e-01 9.494516933788818003e-01
9.757705427635118056e+00 3.076023975925258891e-01 3.731143903376279436e+00
1.750886166382265019e-01 2.143906523297381128e-01 7.208908282616023622e-02
1.045410332214710358e+00 8.478065079436515605e-02 4.818533274211589945e-01
1.104910300891071673e+00 1.825708360599404348e-02 5.425497738636931855e-01
9.657899501585443858e+00 1.054532301444085218e-01 4.368298557653047531e+00
2.425825803306814965e+00 1.593154457222488093e-02 1.193892352426289660e+00
3.706344855395228954e+00 1.452872876659005996e-01 1.618085215522112597e+00
4.748470354094031509e-01 9.083259099605722753e-02 2.176534874961026378e-01
6.021122003283156943e+00 5.756865828756654868e-02 2.846681374348149607e+00
2.609079313760771957e+00 3.299108273692680920e-02 1.262876009949656764e+00
5.178777073758015215e-01 5.437710850030681442e-01 1.677313794793520996e-01
1.064910875747902275e-01 1.175650994770161828e-01 4.764424355441333053e-02
3.435256437399822893e+00 9.352081165084447090e-02 1.570732079718608176e+00
1.540802521942969294e+00 8.525884783674085587e-02 7.098778899680333598e-01
6.814498600631820890e-01 4.557645950551862946e-01 2.340522164015635953e-01
1.869288166315461741e-01 1.451091432279336679e-01 8.162052400726400869e-02
5.778677447271630685e-01 5.817611567378814241e-01 1.826659297661977210e-01
1.771673402840465428e-01 4.476219151259836632e-02 8.478835744790164108e-02
2.461567486352697898e-01 2.605340143421501151e-02 1.199531858143018936e-01
1.731077098180266116e+00 2.903747438376900747e-01 6.707652588704146046e-01
1.397063885702193309e+00 7.736387260892077511e-02 6.483714189891545132e-01
4.986708921275426754e+00 7.817562390276737716e-01 1.399380232841708649e+00
1.439356865707010213e-01 2.715393007716847967e-02 7.006529515974659061e-02
1.424489459145200865e+00 8.220022959457963518e-02 6.581450549492360302e-01
2.164071628541953896e+00 5.540376177081928200e-01 6.962738880585802592e-01
2.186156311383974593e+00 3.371587254086261948e-02 1.057426111688904324e+00
8.701242370713077046e-01 2.776077871548496279e-01 3.405286997385239545e-01
1.293588113782066618e+00 2.244436492294737129e-01 5.282350537716066219e-01
9.212573376851040940e-01 3.198862315400968215e-01 3.489911916916292323e-01
1.318211534122287087e+00 2.091147084270103193e-02 6.456052124843806306e-01
9.511118224853966296e+00 3.472489116999473158e-01 3.529829618809236180e+00
9.628087297086733720e-01 2.480076049571649024e-02 4.697541057848862445e-01
3.529953009571311640e+00 2.094170278604094715e-01 1.459361381663437873e+00
1.746051632762146921e+00 6.435629386018966169e-01 5.311788163851616229e-01
1.065761443464289693e+00 2.650413571883529842e-02 5.191218458744754072e-01
5.993645197690174342e+00 8.499281997551479118e-02 2.762066756269149437e+00
4.813753326455369574e+00 3.473772377003986889e-01 1.786342084370936334e+00
3.649786874362760392e-01 4.528823270651206601e-01 1.256050406276010556e-01
2.147652636666665060e+00 7.504276671638682172e-02 9.988684651246295676e-01
6.962262507039577386e+00 7.379789307129074327e-01 2.002976671352311389e+00
3.224143167584489489e-01 3.386683840923747635e-01 1.204235195922132018e-01
1.927272591190160922e+00 1.163271526548569773e-02 9.525554888190727043e-01
3.762479473947984432e-01 4.677238479032774232e-01 1.281739572237273750e-01
1.247296012381481772e-01 1.798723419997105277e-01 5.285724429591670548e-02
1.745591222042586432e+00 3.843106838695875549e-01 6.304911326564008878e-01
1.012024159294103304e-01 1.406356619525888675e-02 4.989944383324965843e-02
1.304472606757638431e+00 9.812907124309465379e-02 5.939523144036977786e-01
7.166470901227447676e+00 1.303003110985122628e-02 3.537146323972269357e+00
4.921029858127716317e+00 1.242405689198176760e-01 2.188601796702593028e+00
1.043481949488798133e+00 5.074440272941665997e-01 3.461096832105363674e-01
2.254235299894246369e-01 3.483545382344888641e-01 8.359208338653650872e-02
3.901750341139848199e+00 9.693374302718641422e-01 9.906251415231611679e-01
4.993729979661024387e+00 8.749582532549142477e-02 2.295976620492489406e+00
2.079439171285162757e+00 5.963220061304507630e-02 9.812079937180625544e-01
1.870163437078877555e+00 1.653379586972977544e-01 8.024124774797032345e-01
1.685467769338073185e-01 4.967066248282177993e-02 8.028555191546360437e-02
2.874774700438706976e-01 8.436397490992573189e-01 7.796465393641108244e-02
2.881333573274705850e-01 3.174690386194698455e-01 1.093510924664292533e-01
4.306473884903987415e-01 5.301759756208310193e-02 2.044825221759928591e-01
1.238334146312077388e+00 2.109108970166983371e-02 6.063779024229263293e-01
3.240778412117462981e+00 4.766878921768640809e-01 1.097313260739227525e+00
8.798842927994440899e+00 7.285593861731769205e-02 4.100663757025137635e+00
3.361989911284207988e+00 3.163652808144779699e-02 1.629444973966052812e+00
4.858882177511424372e-01 5.452216792241460636e-02 2.303831216314891073e-01
1.367140807996477303e+00 1.942497867126144126e-02 6.705450801188114207e-01
5.155256623124247817e+00 4.556283229202747198e-01 1.770801152309882331e+00
6.042942200517742002e+00 1.194329352750981704e-01 2.699108633530021173e+00
2.329606259321757911e+00 2.976664160560513195e-01 8.976136819514997089e-01
2.816798882011096961e+00 8.182930277108598771e-01 7.745723156507138274e-01
6.484187181649768483e+00 1.874848167893952353e-02 3.182427899653681003e+00
4.659601639153854613e+00 7.091651235680065946e-02 2.175520493609402806e+00
2.381923956969116407e+00 1.122096522997821123e-02 1.177746525670284372e+00
9.438166999711516070e+00 1.617559120336169165e-01 4.062026670985604326e+00
9.814123412956968773e-01 2.775047340436694321e-01 3.841129958827020907e-01
1.475665265648616220e+00 1.140352510300190157e-02 7.295136061041184172e-01
6.967657860097807188e+00 3.268647340248183597e-01 2.625609710404542607e+00
2.435093427883602946e+00 2.063685910034126353e-02 1.192928418257430012e+00
7.178661713797716004e-01 2.446241386647871052e-02 3.503623762390824514e-01
1.943522413413293903e-01 3.782117700343613081e-02 9.363474442798246089e-02
2.471454308039010561e-01 4.803975229840130867e-02 1.179084239228041231e-01
3.263994142670976650e+00 5.075159704942405758e-02 1.553171154741270543e+00
4.464132804555051015e-01 1.243176330073117453e-02 2.204658608300217870e-01
8.028375786814514470e-01 1.099871477272743557e-02 3.970517306057749773e-01
1.484292999185848616e-01 3.053069787653380981e-02 7.201595266615140600e-02
2.047511482370785452e-01 2.803407607291140066e-02 9.958383335853399076e-02
4.633168273740521093e-01 1.527847420933521952e-02 2.281722892504284006e-01
1.471367708603464663e+00 1.822222093058661896e-02 7.225179721862352578e-01
6.884829609063600753e-01 8.024634488542038702e-02 3.186694239541195128e-01
7.286508437269916705e+00 2.762828715217942599e-01 2.854582083586902463e+00
6.172440420773719350e-01 2.018550643258870680e-02 3.025155906379061732e-01
6.560922365588038874e-01 3.082503618937813480e-02 3.182364676473912746e-01
1.745244106147118557e-01 2.675855705393965223e-01 6.884127378495100147e-02
7.250981318873695791e+00 1.460772365998946054e-01 3.163391212788338347e+00
5.776356221437078275e+00 1.880769450840417273e-02 2.834860912698686342e+00
2.150686801135779369e+00 6.460290497839242807e-01 6.532955179065952356e-01
6.370084548754046061e+00 2.193683639352284401e-02 3.116672343094344821e+00
5.298280851025138460e+00 6.015022506159526383e-01 1.654159664461092749e+00
2.596086048902342291e+00 2.924395188944681895e-02 1.261161673156566465e+00
1.974758038729160226e-01 2.757407287401352283e-02 9.608835464318284114e-02
8.454462569176589781e+00 6.647656274414328603e-01 2.539235082048815872e+00
6.364084404560254704e+00 2.985550547342949446e-01 2.450448435496809907e+00
1.079011357278965022e-01 1.314780794107698880e-01 4.768149630617998791e-02
2.101222788276823072e-01 8.452949407178288188e-02 9.687255163471594765e-02
2.429000742328691675e+00 4.680047542205342803e-02 1.160202349616509698e+00
4.617900798697362474e-01 3.374389034915284968e-01 1.726396916764509626e-01
3.624050170262154591e+00 5.248197626802268007e-02 1.721668518786711344e+00
2.939553211840259639e+00 1.331500472406517421e-01 1.297071477426314123e+00
6.729288046233613541e-01 4.273340949996701221e-02 3.226753830329739392e-01
1.390582869622751572e+00 7.820956056178297866e-02 6.448574194140013205e-01
1.144371494877964024e-01 2.055645918477834108e-02 5.606605516916179227e-02
1.795221698395307541e+00 6.475651098347490198e-01 5.448105472976932928e-01
8.182977360880786533e-01 3.847436032683538842e-01 2.954690435675904059e-01
3.106313166989783658e-01 4.973343816145210372e-01 1.037281052626454619e-01
4.307538560619525114e+00 8.208456074867510888e-02 1.990389067948264534e+00
6.955484843565606923e-01 1.438527592906556074e-01 3.040375951830965873e-01
1.169581685040109176e-01 1.549966911159150751e-02 5.758651236505650528e-02
6.193316102928023703e+00 3.051916826360728460e-02 3.004949492285315049e+00
5.465247706547239126e+00 1.543263696222946513e-01 2.367288771344413512e+00
6.524426150569908600e-01 4.220778589557237503e-01 2.293976419603705463e-01
1.189325605879831965e-01 2.090157720486372078e-02 5.824878873907208404e-02
3.009380082340620710e+00 4.936360029923862053e-02 1.433907218376194947e+00
1.082718843233228645e+00 1.754619915039117850e-01 4.605503415078417428e-01
4.327095810209329874e-01 5.899894465661024989e-02 2.043012333507296108e-01
2.530933705562608549e-01 5.543862369637821835e-02 1.198996156071454877e-01
3.179901034731156262e-01 1.424047911489399396e-02 1.567626761212581321e-01
1.404847706273168739e-01 5.054365598353476735e-02 6.686289038402355722e-02
6.395073929793304579e-01 1.066392358888439557e-01 2.889412250351321987e-01
1.433919486771395024e-01 8.910411339576687073e-01 3.791349275862693907e-02
1.147130694827015324e-01 5.502860913007412424e-01 3.699738716821405343e-02
8.625156562307045860e+00 1.358814425705402729e-01 3.796679934654099142e+00
1.294689634633802711e-01 3.832933333834290940e-02 6.234484537151777778e-02
1.337289277938875642e+00 2.110109602460452094e-01 5.521375618545905084e-01
3.246193671188995822e+00 9.613534906383192080e-01 8.275391678968913034e-01
2.744260979460935168e+00 2.504937818303036232e-02 1.338599406950192083e+00
6.571628426608097762e+00 1.751196486076580516e-01 2.796152900002352837e+00
1.240351374874799489e-01 5.251425515161378677e-02 5.892325775179776265e-02
1.214897134569910886e+00 1.049838452118479620e-02 6.011375936764008499e-01
3.762080606581212350e-01 2.349991967447009195e-02 1.837850953509485019e-01
1.703496519687082600e+00 1.035890366901550674e-01 7.717984064050458226e-01
7.442016307901401229e-01 6.085966749797442343e-01 2.313201445600126249e-01
5.325422504525997303e-01 1.242801238379726420e-01 2.368369942513312010e-01
3.615109605626641631e+00 4.368857404678900269e-01 1.257966971141860180e+00
4.468474384167451241e-01 4.472692871992270947e-01 1.543760523245434335e-01
1.001396855178494194e+00 9.559646209243604087e-01 2.559854213276231416e-01
1.290268801220217088e-01 2.674884309609366628e-01 5.089864213758581168e-02
4.304723138115734926e+00 8.089339137650839451e-01 1.189850857833705478e+00
9.079924555921044416e+00 9.684509763315131137e-01 2.306362887645484694e+00
8.407319785683049496e-01 2.178478994505086974e-01 3.451711740635435843e-01
8.024054932326381007e+00 2.458477586662006220e-01 3.220319206945839063e+00
4.055544910516779566e+00 6.091213646600377590e-02 1.911348155572135443e+00
5.455431790935977965e+00 2.963743946067739013e-02 2.649200379598437127e+00
1.031585339658098954e+00 3.971436213154971862e-01 3.691765556238225665e-01
5.913492428243890764e+00 5.084836819078571851e-02 2.813675410861119275e+00
1.344892078549847270e+00 1.312244012570014107e-01 5.944408894713645308e-01
1.670712228170554869e+00 2.464392336254965510e-01 6.701940147178224727e-01
2.186772032824705891e-01 2.119946210628279037e-02 1.070688006589017582e-01
1.009913594681346588e-01 5.034830964982370261e-02 4.807517589179737677e-02
7.727406788842178242e-01 1.238656179136654739e-01 3.437869557388573694e-01
3.124247679291925373e+00 6.117803876450854383e-02 1.472065744467052406e+00
4.552200690603984135e-01 3.688210694342688445e-01 1.662818023573161275e-01
8.385137912371033453e-01 3.428145121840293214e-02 4.053605477741665242e-01
1.615743420331300362e+00 3.862391620302748491e-02 7.778289114687876316e-01
3.072458312190401220e+00 8.707988154575202477e-02 1.413170441449794312e+00
6.105248483451457986e+00 2.303413155863229950e-02 2.983892861008397901e+00
1.061544710723024282e-01 8.140112951335392033e-01 2.925959484295488286e-02
1.356300397571621463e+00 1.119233540493142914e-01 6.098893384298270659e-01
9.702284747768411322e+00 2.069358773909802524e-02 4.752790095046837138e+00
3.650765618752496611e+00 1.661102873272596661e-02 1.795556764372024272e+00
2.702285884518977332e-01 4.842476993075770647e-02 1.288736188814695593e-01
4.147268276375531415e-01 3.905709590856541458e-01 1.491210588455872954e-01
4.553750732365877130e-01 2.357495818868689599e-02 2.224434417790061846e-01
3.286761953084956556e+00 7.230333699637107869e-02 1.532570980470649991e+00
1.128492952498476587e-01 3.761335077198801335e-01 4.100230632303547562e-02
1.075418740770015757e+00 8.520787558919067084e-02 4.954897420856533286e-01
6.914465274969153752e-01 3.199530433340195268e-01 2.619208808180087944e-01
5.834637950645150006e+00 2.653839976483420363e-02 2.841899510033810916e+00
3.662718540720493632e+00 1.657897547242430034e-02 1.801492372502763839e+00
1.217266991026309808e-01 1.688175805866310997e-01 5.207258220805345561e-02
3.133511926163143890e+00 1.851852829545250489e-01 1.321950234798593637e+00
1.708481506533028993e+00 3.435053575665127923e-01 6.358298077901216594e-01
2.461603323715836567e+00 1.024876319975940621e-02 1.218315435457304474e+00
1.118875211543091247e-01 5.770984182182467004e-01 3.547258682838447252e-02
1.352987278413934347e-01 1.192288369870221632e-01 6.044283499950701272e-02
1.454283605067407947e+00 3.317566741740485964e-02 7.037930000338823433e-01
5.326874583147215070e+00 6.240757361440241180e-01 1.639971112367762274e+00
3.165845155225322394e+00 5.331367911779250068e-02 1.502802639892083292e+00
4.987128761316576009e-01 1.479051816628631881e-02 2.457220811605657640e-01
3.173660279213724511e+00 4.962665252018162443e-01 1.060526392109741867e+00
3.269714294094292928e+00 5.212584466703631403e-01 1.074674162451108250e+00
6.233845457301002035e+00 9.012017752786410929e-01 1.639448673560008229e+00
5.576041243317803042e-01 3.711293207315841808e-02 2.688251718244154542e-01
4.321837032153110769e+00 5.234613077481221899e-02 2.053429430567234704e+00
1.724696058844185920e-01 8.981017571356771922e-01 4.543212850313229495e-02
3.737431983787208090e+00 1.358581663262376470e-02 1.843668253075924746e+00
2.170477600860513778e+00 1.924445960043719706e-01 9.100957847992779959e-01
2.528128134371817382e+00 8.699929919469832074e-01 6.759726226940570015e-01
7.986918179451699018e+00 1.244555484824265597e-02 3.944369226179709198e+00
1.512195822046982774e-01 5.713369962230493981e-02 7.152339493988620067e-02
1.203084139620840265e+00 1.397695167703978669e-01 5.277751869649260907e-01
2.643235427800151305e-01 1.502128872682443987e-02 1.302059108097944895e-01
1.406534956757742871e-01 2.582613214833701099e-01 5.589200481421347649e-02
2.310192748679555041e+00 3.796988008671511872e-01 8.372090876746364208e-01
8.167438930865856817e-01 1.071060447964808024e-02 4.040443869227414719e-01
8.001369435405395691e+00 1.478988553958504072e-02 3.942377407097874542e+00
2.194043931106205658e+00 2.884375960644526837e-01 8.514358544829558895e-01
5.052413695708403152e-01 1.977345832013982230e-01 2.109154134217248178e-01
1.678462619888959395e+00 5.645344314178947220e-01 5.364096136790721392e-01
5.223914812072545821e+00 1.644419417482675949e-01 2.243098013212008635e+00
1.325253708784973894e-01 3.900523538231935594e-02 6.377512180183214641e-02
2.445683475147165387e-01 1.265111728959014518e-02 1.207564694982589670e-01
1.329448130381237325e+00 1.044915478435874331e-02 6.578500877983101125e-01
3.053386576733022051e-01 8.122178278112966721e-02 1.412007520269833172e-01
2.683408753338302200e-01 1.014794192856325467e-01 1.218093005804245649e-01
8.650078174624571403e-01 3.480524226827009238e-01 3.208361199118067164e-01
7.028222371327603746e-01 1.137852585169641523e-02 3.474575636955034019e-01
2.308149862895589599e-01 6.761278075788740294e-02 1.080986432766877087e-01
5.696645355821151391e+00 2.766572906090418796e-02 2.771643149483455471e+00
8.092803596564511759e-01 2.106251431741161875e-02 3.962932476262050474e-01
1.478113231337948863e-01 5.943297576692845308e-01 4.635531715530324254e-02
1.313142346586428255e+00 1.653096591786870975e-02 6.458939228677291755e-01
2.920981984646356278e+00 5.166551270509278648e-01 9.629684206211345243e-01
1.208595592369084704e-01 1.312052675086510523e-01 5.342070210788873313e-02
1.030627950611624044e+00 2.450460964977035569e-02 5.029884399270526663e-01
7.392763320322686127e-01 3.011200597662779255e-01 2.840922812938053710e-01
1.629804889994737493e+00 7.419271848547824566e-02 7.586184778335799406e-01
1.023208180497868547e+00 1.637078894436704568e-01 4.396327419362215938e-01
4.577034229383738051e+00 9.338556627344882788e-01 1.183396030423432110e+00
5.371037439826178428e-01 4.139551695377946539e-01 1.899295520657104108e-01
5.340808862663533496e+00 1.067239708568232942e-01 2.412891110747646728e+00
1.496952575764279869e-01 2.866197055137856831e-01 5.817385546595923301e-02
6.349003255127726453e-01 7.163530806243451066e-01 1.849562111316337132e-01
4.943892427394183109e+00 7.107135893029586926e-02 2.307919255880282794e+00
5.187058836899005598e-01 3.500957891767249031e-01 1.920996598345819095e-01
1.315525758634685516e-01 2.345004998569438781e-01 5.328170214540742938e-02
1.667324206952208066e+00 1.563711874002141067e-02 8.208267383042557874e-01
2.527530160758130751e-01 3.834875435228016216e-02 1.217091150812232986e-01
1.164981945161819993e-01 2.176616180901600958e-02 5.700824653946473530e-02
1.575191305082561666e+00 5.231646645946630425e-02 7.484399205413534428e-01
4.255121192775242478e-01 9.555124016607560167e-01 1.087981131994228273e-01
6.547388382599665491e+00 7.432228737220522574e-02 3.047217980841947060e+00
1.656017101087248644e+00 2.661235880490025463e-01 6.539713487365959033e-01
1.755741105128443280e-01 3.218078623409315053e-02 8.505007691212003451e-02
1.884589863285116573e-01 8.091225607207722659e-01 5.208574322721058053e-02
6.533394338236287346e+00 7.749416768699368685e-02 3.031753922279328162e+00
2.084468871904104070e-01 4.135968777322524687e-02 1.000840005801163085e-01
2.967114399974937644e+00 2.627584784105365667e-01 1.174854277640532407e+00
2.482206125097200733e+00 5.647273156004025685e-01 7.931753029264244637e-01
3.523024218641695460e-01 9.246854779497884480e-02 1.612414483580562330e-01
3.474149307969472744e+00 7.984733497583552941e-02 1.608629847684541536e+00
7.904485775174406870e-01 2.649351789125519163e-01 3.124462781551300417e-01
1.212574826229504410e-01 4.922240227437556931e-02 5.778445178072035004e-02
3.389202624009597820e+00 4.383918415022481502e-02 1.623431403740941859e+00
3.408607765138413015e+00 7.190753963840809115e-01 9.914072914742745324e-01
9.532596946902601731e-01 1.327194689466051070e-01 4.207836630444618531e-01
8.488455684907222354e-01 2.301985690133485571e-02 4.148724791431829817e-01
1.876131064750981681e+00 1.714539096046616487e-02 9.222531416965846773e-01
2.143246612229882109e-01 4.612658321011187668e-01 7.333527429256864183e-02
1.081857786119378551e+00 3.450313043602458440e-02 5.228876328597453771e-01
2.255109353563312935e-01 2.604782314410161032e-02 1.098929943953790567e-01
1.130902629665487130e-01 1.356621471502385615e-02 5.578829548809761951e-02
2.057847905434324609e-01 4.041159262562376425e-02 9.889585621787712333e-02
4.269368413583711219e-01 2.719952665665750779e-01 1.678217099466013107e-01
3.917315320325558403e-01 1.018354670722952139e-02 1.938912652603750619e-01
7.739502338290344952e-01 4.752677579657300228e-02 3.694178763308927915e-01
5.175900148740151252e+00 2.160349893108066965e-02 2.533223581436327532e+00
6.869576120507928430e+00 9.215717599529291149e-02 3.144957645060391993e+00
1.008359114948722990e+00 3.835895836677950810e-02 4.855542039791119202e-01
2.704354337090148497e-01 4.152216168998760781e-01 9.554525965389756847e-02
2.505473566368672245e-01 3.309297582786258768e-02 1.212607976722001463e-01
2.107546626550994007e-01 9.462002622457962864e-02 9.626841168894326173e-02
8.834117953731178696e-01 1.230076039442349646e-02 4.363386011035463308e-01
2.911245866103214230e-01 9.507448455715943325e-01 7.461882759070370685e-02
8.025315706252830195e-01 2.499754615798090718e-01 3.210189300880297858e-01
6.737507693242527296e+00 1.051548249419112339e-02 3.333698399460820472e+00
1.414223869972256464e-01 3.594740863585638158e-02 6.825751279374873970e-02
1.378353175221216365e-01 2.364881648324268851e-02 6.732549058946625531e-02
7.957694192845735648e-01 1.731837384934028709e-02 3.911112979673868617e-01
1.798921613520765017e-01 9.048176282809986537e-01 4.722031093192371326e-02
1.700835970815705700e+00 3.536582707323081970e-02 8.213695711899358098e-01
3.409747393698323581e+00 2.645943894276996944e-01 1.348158517151664348e+00
2.606551438326662584e+00 3.513494984782828956e-01 9.644253545296118668e-01
2.424203787789432629e-01 4.763243339110777574e-01 8.210268340450749269e-02
4.002985755220617725e-01 3.528052261725361793e-02 1.933285552934397022e-01
1.971269867803243425e+00 1.067449303628727718e-02 9.752249024713771641e-01
6.438521980469110062e+00 3.746943477464657057e-01 2.341801285145228562e+00
7.003204300105130287e+00 7.336455106845690688e-01 2.019791317470593484e+00
2.395531561396269105e+00 3.365016929803234247e-02 1.158772877202308704e+00
1.816851395190009377e+00 2.219453492024933694e-02 8.887013837007837758e-01
3.438211091633095684e+00 7.258996000084867450e-01 9.960634707882743966e-01
3.121938874935746289e-01 1.500287376392557548e-02 1.537896569375557521e-01
2.207915065798301768e+00 2.739377357975243399e-01 8.665710276711753313e-01
4.997241841134748008e-01 1.266249547231725892e-01 2.217792984339957141e-01
4.057855135917563416e+00 7.713966506809361023e-02 1.883625340108999735e+00
8.104058446218680434e-01 7.073573341521041113e-01 2.373275436873693855e-01
2.084551341949508529e+00 8.671852325736965905e-02 9.591036212860337695e-01
3.414387339607740102e-01 3.274232178172477997e-02 1.653068373201319885e-01
2.889812873611973032e+00 3.505872226750174625e-01 1.069835707422255311e+00
1.630526594967880716e-01 1.628229358515562997e-01 7.011069977622244598e-02
8.115125754605306829e-01 1.398164380850400457e-01 3.559838884337904741e-01
1.063685390372525408e+00 8.106078318786157366e-01 2.937371007803735723e-01
4.356742470947994050e+00 4.589915419511073763e-02 2.082773684954740467e+00
3.248505103350006085e+00 1.447191701082959497e-02 1.601081828327894474e+00
1.296327331709004271e+00 2.265481430997247358e-01 5.284453525130020646e-01
1.082618564843913944e+00 7.501726671789823997e-02 5.035354307141609587e-01
5.270215829839763888e-01 8.972951374339320496e-02 2.418130262314241441e-01
2.169932152976505602e-01 1.792021141419006952e-02 1.065865540660516364e-01
7.951421875162049346e+00 4.425421615938024966e-01 2.756044879262616210e+00
1.633713549759751027e+00 7.198899266619471771e-01 4.749471243577047530e-01
2.027255352672500344e+00 1.752392992688633563e-02 9.961708481972348928e-01
1.043439136736797196e-01 6.176600420417256709e-02 4.913696297513726191e-02
3.417809367582652413e+00 5.188096705830701483e-01 1.125160523329614248e+00
4.712038659192231194e+00 3.302499749342529545e-01 1.771110222883154783e+00
6.460715022796645890e-01 2.012149903021198394e-01 2.689241757285970591e-01
2.597894711068961637e+00 1.042045144100512376e-02 1.285551330321941466e+00
3.822652541007582006e+00 1.001811242745077879e-02 1.892368312000029418e+00
4.036519819770958417e-01 2.136557575016749255e-01 1.662959119511855377e-01
4.348222166287992074e+00 8.311679344006987769e-02 2.007272988759445376e+00
5.355159131556792573e-01 2.700280896980753950e-02 2.607178424822704788e-01
8.633240343333868694e+00 9.319760290370664446e-01 2.234303172911736191e+00
4.309253027488697541e-01 3.763615042158721669e-02 2.076475952451090901e-01
1.303931304006073599e+00 2.879025703942049777e-02 6.337206709939275928e-01
3.836283851720708182e-01 3.991588975538681860e-02 1.844516412102854830e-01
1.130927397308794990e+00 3.525048892929821820e-02 5.462095451306910876e-01
1.186012674334884665e+00 6.871157716076461419e-01 3.514911941119303607e-01
1.197362462189709847e-01 1.759846085926786707e-01 5.090893424288156499e-02
1.402878972078809572e-01 6.992344253089835537e-02 6.555978289251736257e-02
1.044478112572132966e+00 2.067531081364508416e-02 5.116603201362406317e-01
3.726310849758466937e+00 9.983282521661941689e-02 1.694035113483972177e+00
1.089232163022973987e+00 2.704979793312256020e-01 4.286634771337189398e-01
1.173084018106132637e-01 3.259113911375882688e-02 5.680292875227239274e-02
4.085015899279137663e+00 4.906937855566272377e-01 1.370172713825927424e+00
2.663783877172576364e+00 1.935346304521619598e-01 1.115922323998014720e+00
1.653969986528712188e-01 3.145704246010620070e-02 8.017638730663294300e-02
1.736624774282703176e-01 1.012756696933546884e-02 8.596066630935843278e-02
4.945815948179696497e-01 3.666521845087686998e-02 2.385445108098828981e-01
8.369718800823982008e+00 3.078233279457084220e-02 4.059886619385831175e+00
7.882009838713990746e+00 3.511905196135908236e-01 2.916690771693714712e+00
2.333778154750410394e+00 6.857737281111025984e-01 6.921979254491621436e-01
5.624104689429429094e+00 5.211404484012375354e-02 2.672763811590430638e+00
3.986324854357107261e-01 5.396594669134709144e-02 1.891107045190189018e-01
7.531731462835364876e-01 5.320411619511705020e-02 3.575627623848002812e-01
9.149350678002674542e+00 1.015450063376299727e-02 4.528688766056303550e+00
1.146794560749463399e+00 4.776108415687983499e-01 3.880570338574049205e-01
2.808934105370036516e+00 3.527666805639143727e-02 1.356610359356149598e+00
2.262349247284138443e+00 1.351165700649532841e-02 1.116094339736656726e+00
3.778533589524785685e-01 1.160931604782085291e-02 1.867585405543144839e-01
3.099650434072423466e-01 6.427516235395171196e-02 1.456226051173012404e-01
2.378403654648766796e+00 1.296866805420586188e-01 1.052682879073839839e+00
8.943309209017218819e+00 1.705542581536612090e-02 4.396667566985069442e+00
5.946712698623366489e-01 1.652055927360521551e-02 2.925033165523392431e-01
2.893348507736552278e-01 1.215558774922484847e-01 1.289881568007987811e-01
9.603144324134383680e+00 2.601510700378191210e-01 3.810314712444031748e+00
2.240010746164573963e+00 1.837522698115362160e-02 1.099796365237991180e+00
1.931871372756760463e-01 1.322390185694540254e-01 8.531199424648053253e-02
2.782614223701576628e-01 1.036865468471940693e-01 1.260599864902960943e-01
1.959178870451261101e-01 4.719132364127971019e-02 9.354445678745840209e-02
2.214481228222268949e-01 8.287956406663563036e-02 1.022496546109905036e-01
7.090429231986382641e-01 1.444303587590992782e-02 3.494739961354373925e-01
4.107057609605432869e-01 3.837757893296008666e-02 1.977632073790469014e-01
8.217411066907064354e-01 4.473648512125191767e-01 2.838749006521399387e-01
1.126338141367665135e-01 3.959015331128196702e-01 4.034446967244043059e-02
1.832830803644612538e-01 8.505538585222656156e-01 4.952114187879391033e-02
2.262123301500524042e-01 1.475404322902872101e-01 9.856399120446358852e-02
9.910561571745336584e-01 1.606928747550410708e-01 4.269243736779600451e-01
5.444499729481371286e-01 1.657192815081938442e-01 2.335253356381538914e-01
3.121542549799649624e+00 4.128225832183567839e-02 1.498893563609942303e+00
1.489948203409905858e+00 3.445879690064178047e-01 5.540538208559541156e-01
4.060512931803796022e+00 3.373134845245071567e-01 1.518160468279262432e+00
1.268806473262808820e+00 4.347430745860156320e-01 4.421720152330804732e-01
8.029248223778978621e-01 1.503017270669069483e-01 3.490061796330746757e-01
6.219722243324460331e-01 2.625324374118345044e-02 3.030305765782819738e-01
2.020101804723692052e+00 2.991541253738969411e-02 9.807124838275759204e-01
4.164517447866208144e+00 7.036395551523080827e-02 1.945374480524979077e+00
3.310534609303154685e+00 2.864077216634031836e-02 1.609179170650165247e+00
1.397993933539315725e-01 5.873386287567922137e-01 4.403578128235397654e-02
1.808578318976451271e+00 2.187189219871536472e-01 7.419997697366986777e-01
5.927715976065582204e+00 2.052125225604629621e-01 2.459199462793584701e+00
6.097683766461175381e+00 6.034399535067146436e-01 1.901438140270102828e+00
1.510819800852080952e-01 5.927083932645638154e-02 7.131414104690847466e-02
6.887574787529473497e-01 5.115257078839183791e-01 2.278351850585403071e-01
1.353966374151424346e-01 1.317446896609241469e-01 5.981765969483270745e-02
2.036114589689587362e+00 1.760566247173603327e-02 1.000443818651677530e+00
9.260624812794396865e-01 1.620489847946598311e-02 4.556475188542658539e-01
3.352318705107955488e+00 1.405191523088835104e-01 1.469645949531611429e+00
6.592759983375450217e-01 1.168281726156770832e-02 3.258313708055649571e-01
2.542887632731916647e-01 5.349470683686841088e-01 8.283307239494762386e-02
7.853882551529473233e+00 6.376296183907861903e-02 3.691556687568509965e+00
2.184265412904531911e-01 5.411812546162021037e-02 1.036062923188991042e-01
1.945852948007229521e+00 3.886419274023531628e-02 9.365290293019964407e-01
1.355161628378204641e+00 1.687488508053591740e-02 6.663364629518194748e-01
6.984625883705417593e-01 8.960735743506621775e-02 3.205111380739578686e-01
1.810489765648180427e+00 1.691528235791939505e-01 7.742742134024982459e-01
5.428400651213298733e-01 5.876754694293552239e-01 1.709543529435641751e-01
8.733839349618866876e+00 3.359244778563810763e-02 4.224991856476016494e+00
1.230022802455481706e-01 4.271226648561615019e-02 5.898188992257575453e-02
1.510916703727386512e+00 1.259302830369425294e-02 7.460631574061342697e-01
2.124013942462142923e-01 1.540658425476723048e-01 9.202308326591010501e-02
9.563253265677412074e+00 4.998890265375373343e-02 4.553978257059259960e+00
1.274878902123996738e-01 3.915514372218944494e-01 4.580782528129812708e-02
8.918420625737725871e+00 2.578670693998236924e-02 4.347112594362919857e+00
1.606577420742264228e-01 3.711193545946999545e-02 7.745438876038510112e-02
8.746151866563153021e+00 2.977289627173369535e-01 3.369791427113345783e+00
4.344423951826901220e-01 5.608624480859641936e-01 1.391674185369226602e-01
3.627255999443600221e+00 3.536223904038424681e-01 1.339833038060724402e+00
1.257311056689434381e-01 3.392934571665355836e-01 4.693934141026319395e-02
1.072075665252677057e+00 1.994798539726276229e-02 5.255540873660879964e-01
6.381139949284156954e-01 8.891958334368927908e-01 1.688850842338392721e-01
8.346240319389902629e-01 2.173867362736088271e-01 3.427932993970979614e-01
2.079592852514924595e-01 1.419671968021277153e-01 9.105309059395259863e-02
7.980009424358582848e+00 2.600072381910003769e-02 3.888890738134402891e+00
4.418565137472287851e+00 1.389824749138485194e-02 2.178998310927562798e+00
1.176478644977594634e-01 8.707338908098331831e-02 5.411219963595074317e-02
3.966828798890549290e-01 8.757729629025058637e-02 1.823699709630518806e-01
8.828187229484623089e+00 8.125801741590571448e-02 4.082368448274294792e+00
1.972570356846190531e+00 2.309983562713685268e-01 8.012075510892663344e-01
2.175655151751778316e-01 2.223693133380059278e-02 1.064163837689278830e-01
6.312099248255921280e-01 1.253599244640706545e-01 2.804480198307189309e-01
9.063967487386626054e-01 2.281848088125475529e-02 4.430877842360240182e-01
4.141343583591622912e-01 1.687665809450602725e-02 2.036305755779643512e-01
9.812677048276802205e-01 1.636975448064890981e-02 4.827316537617230563e-01
2.652590723393377647e+00 2.258098337211704443e-01 1.081974809804287618e+00
9.745198275582053427e+00 9.033169076801041142e-02 4.468914532199695699e+00
1.387999947694169567e-01 5.394471219173280208e-02 6.584785385979838312e-02
3.362778430864203028e+00 2.420904613891397203e-02 1.641646519107246682e+00
1.083090085699746907e-01 1.909324979156782134e-02 5.313989107087443292e-02
4.443399562281221127e-01 8.313346670832166829e-02 2.051178224501205294e-01
1.208127084648739524e+00 4.300578986464405062e-01 4.224049549994584041e-01
1.235459101346598754e+00 1.095149325449719553e-02 6.110377746064538096e-01
2.982147573168160704e-01 5.708191604168813549e-02 1.410556517859564707e-01
7.505150124817336899e-01 3.087743400940586372e-02 3.640175775129470548e-01
6.302076220759486702e+00 9.582605706782888755e-02 2.875491132973398756e+00
3.713334452467135005e+00 6.941177720925881811e-01 1.095949323487821481e+00
1.171222996424005958e+00 4.236855725090903912e-01 4.113348547740963701e-01
1.999630138475270380e+00 8.163159472423045515e-02 9.243582326129674565e-01
3.360789173859980439e-01 1.696972679330627509e-01 1.436606404919937574e-01
5.750678171813156103e-01 1.454161524689763854e-02 2.834126311523297304e-01
9.121162481524292431e+00 1.543591503917552711e-02 4.491254616088892426e+00
4.799463621168804650e-01 6.457510327511731263e-02 2.254168637986869450e-01
1.373466521653581296e+00 3.063865182010648835e-01 5.256738731294041678e-01
1.166529944622441139e-01 2.590910686249397674e-02 5.685347448518141694e-02
8.231508622932280916e-01 4.805797884089241245e-01 2.779826081436013174e-01
8.959202885684323103e-01 1.764397412180223890e-01 3.807761065776495979e-01
3.764131916464976690e-01 7.949914895803469328e-01 1.048509683281283189e-01
1.372144284803507863e-01 6.908520461777890864e-02 6.417375709984121657e-02
5.171668848664870977e-01 4.976361890731090948e-02 2.463253991430952861e-01
1.994292815701028676e+00 1.327305267755896426e-02 9.840846011009269922e-01
8.143649194018452775e+00 4.602111672515975943e-02 3.892679155232667387e+00
9.115540745810633894e+00 8.907297502479023521e-01 2.410587960710792288e+00
7.152971942166044261e-01 1.013347247748866073e-02 3.540607324209549822e-01
7.441340797766740067e-01 1.194967592948061388e-02 3.676734611793730512e-01
5.895424930327327395e+00 6.976760071328155788e-02 2.755469938702796995e+00
5.642759582376308813e+00 2.964799013354269541e-01 2.176184750941390522e+00
3.152183629700836542e-01 1.954038001420864076e-02 1.545884641497429768e-01
2.221414432699547969e+00 2.893968015522569923e-02 1.079467764507062943e+00
1.554037254805853974e-01 2.172690856676021826e-02 7.604954130971251780e-02
2.238442946377192655e-01 1.167967699905595944e-02 1.106300243678455114e-01
3.037298025845486804e-01 2.724950653771975873e-01 1.193441966293661005e-01
1.417916676469526127e+00 9.373630665594374634e-01 3.659398439414879300e-01
3.783402876034397622e+00 2.082730485302637380e-01 1.565624128021603445e+00
3.415375332800083097e+00 1.277562037576349396e-01 1.514234779387690244e+00
8.220789155717278973e+00 5.742385636648320024e-02 3.887177836125964792e+00
1.558000000169764421e-01 1.632013888610459387e-02 7.664907643556810590e-02
5.392976830563292800e+00 9.249591789399749797e-02 2.468190838167763967e+00
1.472267953855756761e-01 2.745437716359979546e-02 7.164639066116558486e-02
8.861941843324368406e+00 3.104498357212639448e-01 3.381259473563445361e+00
2.900045276137844796e-01 4.375761901243973573e-01 1.008657939683494653e-01
1.294740499614460416e-01 1.147760089212659790e-01 5.807177806361928096e-02
5.764667702899936019e-01 3.835910999456818016e-01 2.083226649523204632e-01
1.938680926037968932e-01 6.785516455793673130e-01 5.774862308060874777e-02
2.865708589696135955e-01 3.530107789490880554e-01 1.059011736743883103e-01
7.117193999555058159e-01 2.225584935692515309e-01 2.910778517752740657e-01
5.215144316150029269e+00 7.063839821218330650e-01 1.528127423484474834e+00
2.245852298699091143e-01 4.351121329274311167e-01 7.824657903622701804e-02
6.690360362248011228e+00 3.453517803183105833e-02 3.233510326336220153e+00
2.876714440064899403e+00 2.909261000466594610e-02 1.397694635107648908e+00
7.388869338479784332e-01 1.521979155356142574e-02 3.639049100477450005e-01
9.377794556516450442e+00 4.455478890529648850e-02 4.488895487399215511e+00
4.215423765362425468e-01 2.101329090844534786e-01 1.741719332528389730e-01
3.151678281630442946e+00 5.685846639049597639e-01 1.004624855181359244e+00
2.623338473399993820e+00 8.971130339059175951e-02 1.203685079358901788e+00
3.970451956943652494e-01 2.008943778654894430e-01 1.653122884962151540e-01
1.285207373749738480e+00 2.873509073662034938e-02 6.246541919890534755e-01
1.079065047738707595e+00 9.310128915518464665e-02 4.935796245253150083e-01
1.522495799102107528e+00 8.346106348350941506e-02 7.026075280485981622e-01
7.132336068947801699e+00 2.813072354769070027e-01 2.783226329902492413e+00
2.156073590315200406e+00 6.482960070614870451e-01 6.540310663492286958e-01
3.366393283610674692e-01 1.539917258652843679e-01 1.458586404112425794e-01
3.024326286317889245e+00 1.788621418006133140e-02 1.485591534783716972e+00
7.058027571615564710e+00 2.078923629327291550e-02 3.457142434830588584e+00
1.830039359226912077e-01 9.830722582624557004e-02 8.331181459041168968e-02
8.076593579402663314e-01 1.541266072907060691e-01 3.499006750378252928e-01
5.370843984422463135e-01 1.097242765109203710e-01 2.419900194176571595e-01
3.403169310755654653e+00 9.254014524753738646e-01 8.837557763292436253e-01
1.573199427662979044e+00 2.295066260733650276e-01 6.397685845285985273e-01
9.975437211939143234e-01 2.646999897306611879e-02 4.859098279501148920e-01
4.285516618765874419e+00 7.716675119036003894e-02 1.989254037979736101e+00
2.272866084353044602e-01 8.295628542207785783e-01 6.211500411449573378e-02
3.715465978809124881e-01 1.721298648535772580e-02 1.826296964437451043e-01
2.299933785359860039e-01 2.355815217820319413e-02 1.123499324618459916e-01
6.230493267435489591e-01 1.385664629533746306e-02 3.072669736003555419e-01
3.720432948546981589e+00 3.024040542711853990e-02 1.805613975606285226e+00
2.824839827193042829e+00 3.433384091976120905e-02 1.365535823850213326e+00
1.157729857539708529e-01 1.177846471762463154e-01 5.178680260389924295e-02
3.370963279003927338e-01 1.721372115975280254e-02 1.656959205760910048e-01
1.071939613782896705e+00 2.273542945016756855e-01 4.366871157680350946e-01
6.591785227727259278e-01 1.898267430111052687e-02 3.234493281374173357e-01
1.268726351237689842e+00 2.250622384920971664e-01 5.178211813953786935e-01
1.165493899019275581e+00 2.501030259692815436e-02 5.685278948252634468e-01
2.614982300082930311e-01 5.402541281489174896e-01 8.488801465591995499e-02
7.386360319102368344e+00 3.335704142782577181e-02 3.573963317120467220e+00
2.093340092382083018e-01 1.299532111723573358e-01 9.262950322563291705e-02
9.885502592938257393e+00 1.521414283706699622e-01 4.290056042389731594e+00
3.744326588960562030e-01 2.398159581266505816e-02 1.828317327319219643e-01
7.433452791880971189e-01 3.991592696284338437e-01 2.656399794233228473e-01
8.234830224562051937e-01 1.397145233969349920e-01 3.612672320792238989e-01
5.682388643886296720e+00 3.506515239141847484e-01 2.103573180526516762e+00
5.084948613805001516e-01 3.146646390647078045e-02 2.464912235026423537e-01
1.020443999182491512e-01 5.889581899745092164e-01 3.211047356755377530e-02
6.186812787169183592e-01 6.247278688008882641e-01 1.903953549998280703e-01
2.851042336792676934e+00 5.935965831324324649e-01 8.945307636103745352e-01
1.703696383611982001e-01 1.307117096168843307e-01 7.533734590001019138e-02
5.446546684231641677e+00 1.923437469722875590e-02 2.671881374610024729e+00
2.539352371688670673e-01 6.155963595298039048e-02 1.196047911810931980e-01
2.669031905594128062e+00 3.960452739307581543e-02 1.283676549719835691e+00
1.242022260405861722e-01 1.107116748550963925e-01 5.591110134715636393e-02
6.146345683868116083e+00 4.501756648628468804e-01 2.119172812229413339e+00
2.043383200330471106e-01 5.561945615258415132e-02 9.678597663299939868e-02
2.008115503365007215e-01 4.225797679358635484e-01 7.058006688365689452e-02
1.167357910318209679e+00 2.000234596828298628e-01 4.863896205107299253e-01
3.906809653360361345e+00 1.096034232647376087e-02 1.932226957770574405e+00
3.106204508643310547e+00 2.357301938838030769e-02 1.517334107975693458e+00
7.777977007150087552e-01 7.732918846328450391e-01 2.193089889643434209e-01
5.338477778552488395e-01 1.004473616182790935e-01 2.425594337698220859e-01
7.908730362262699209e+00 4.440288912774210950e-02 3.786244965708522425e+00
1.049207799859088186e-01 7.915509663830512244e-01 2.928210861835892423e-02
4.803782282437718543e+00 6.286504864670922066e-02 2.259827006520783055e+00
1.440334171795694118e-01 3.933464377430073711e-02 6.929116528653274376e-02
2.252815319103631531e+00 1.041924002568526790e-02 1.114792370267199129e+00
1.483933841827700162e+00 5.133885107051766594e-02 7.057352823576793499e-01
3.595113222473245607e+00 2.088337124009280732e-01 1.487017273588772781e+00
1.721320462866622325e-01 4.384491900744979381e-02 8.245096716585817442e-02
1.175399195532647184e-01 3.210268629011459735e-02 5.694196959013888421e-02
9.227935590964735368e-01 1.319895278134536609e-01 4.075980989324776149e-01
1.629335615837599338e+00 3.249457661989460511e-02 7.890286558073745793e-01
1.974800894246355965e+00 3.990800236601656503e-01 7.057498001722708469e-01
2.741627944354346758e-01 3.352113985221851222e-01 1.026664372169375783e-01
1.278808593652341341e-01 3.271217775100067060e-01 4.817977578710552766e-02
1.250120607115568161e+00 3.886518166404236141e-02 6.016760544006004574e-01
2.361294760751655453e+00 7.384598330664383925e-02 1.099456904183145012e+00
5.132037029884362056e-01 2.116785241273047222e-02 2.512827356324825456e-01
2.420170895191135596e+00 8.376644439883701443e-01 6.584909729054027050e-01
1.273027099346231428e-01 5.892363225954753286e-02 6.010948573457685490e-02
2.903148344994578522e+00 1.238075922513586363e-01 1.291657204049766028e+00
1.810884079277266689e+00 5.526023463572914407e-01 5.831770393513685535e-01
2.597156878041009254e-01 1.478755630124634068e-02 1.279655461832459873e-01
1.693280098687321766e+00 1.524489667279310123e-01 7.346442868940805671e-01
1.447611770322958957e+00 1.208324093062761312e-01 6.457752998144202783e-01
3.389917873362422895e+00 1.102221331129682597e-01 1.526684513061085324e+00
2.269813734565247376e+00 2.587223574134233164e-02 1.106284805985111808e+00
1.023765795067381301e+00 4.648972412469393745e-01 3.494326312594931983e-01
3.374742574827576669e-01 8.390545579457828751e-01 9.175210600051886267e-02
1.983297883001627349e-01 6.586483339351550947e-01 5.978656965507085641e-02
1.673176197364632245e-01 2.037857243511809746e-01 6.949642961858699952e-02
4.059788642702290562e-01 1.079500387713741988e-01 1.832117198716046724e-01
3.128724940895459827e-01 7.036023288093928851e-01 9.182673937414875809e-02
1.341233492221157175e-01 1.582883865021174896e-01 5.789721747411758629e-02
1.138587977507832472e+00 1.080672327898251489e-02 5.632075604989730255e-01
1.011976092274558425e+00 5.916254630839927753e-01 3.179064785485763434e-01
6.191838541302637111e+00 3.204716860025694780e-01 2.344555588331861173e+00
2.732716439862529878e+00 6.355824685195200496e-01 8.353954913493608636e-01
1.260254007698808465e+00 1.388524661678112136e-02 6.214973597377669856e-01
2.516021173594598537e+00 9.625233555187380219e-01 6.410168741481191423e-01
1.492150991051819364e-01 1.142114659676868142e-02 7.376506789840271694e-02
2.525827832119244554e-01 2.535810099513726226e-02 1.231680829199019028e-01
1.742845965146608389e+00 6.216948039930722536e-02 8.204180205269175907e-01
2.496020108217962719e+00 1.830480329022731237e-02 1.225576124237612641e+00
2.512646948657308421e+00 1.456248037237461122e-02 1.238290887582937483e+00
7.577539033729735474e-01 2.577502527958775436e-01 3.012338505552066836e-01
6.698308270456032609e-01 2.341964618596708778e-02 3.272513037745062858e-01
6.979598354009556083e+00 9.280390925016143155e-01 1.810025113379206907e+00
7.912236305712199158e-01 4.901376642276373263e-01 2.654867565478670199e-01
7.322166362553931940e+00 3.138625116126634862e-01 2.786504028327342120e+00
8.403931741332751670e+00 1.631496272870593470e-02 4.134511470129800692e+00
9.973641596622059069e+00 2.899209720952141203e-02 4.846315935598116020e+00
4.150724265026871862e+00 2.017412794259177550e-02 2.034321470883471150e+00
9.367183588650253023e-01 2.507735271172568114e-01 3.744556222835735970e-01
3.009390339254404134e-01 5.153748238713533603e-01 9.929524668907539764e-02
2.800575842789182257e+00 1.128275964722119835e-02 1.384665078126192661e+00
1.463526112412475988e-01 4.345578724515368474e-02 7.012880326613346593e-02
4.497592717723810196e+00 3.670797954300266674e-01 1.644963495458966252e+00
1.186047902523416075e+00 1.125732829071001036e-02 5.864224017679792178e-01
1.135795574393906993e+00 2.261817276098914420e-01 4.631432473748537393e-01
1.157718670211448087e-01 2.295918495603266052e-01 4.707735622293776623e-02
1.761983589412415285e-01 5.006245807242795109e-01 5.870834091502054319e-02
4.187246982012777230e-01 5.827974673692501439e-02 1.978327089280332851e-01
1.529035193237853196e+00 2.506452321145109796e-02 7.458238767485092513e-01
2.455613469424483331e+00 1.821508562108963350e-02 1.205842215511180981e+00
1.449971516770765634e+00 1.751732757147156025e-02 7.125045822224183034e-01
5.054011108914012729e-01 6.697920727537512442e-02 2.368373757638572996e-01
1.578711544354414187e-01 2.295121099932399475e-02 7.716455718411860398e-02
1.940619275410958577e-01 6.447792987807878795e-01 5.899330313949918692e-02
1.442878958239733056e-01 6.009219311820258591e-01 4.506400125252818523e-02
1.147368839172150518e-01 5.735445943987128592e-01 3.645809731914798762e-02
5.266473543392102830e-01 1.678208536143362475e-02 2.589774947460861121e-01
2.095404805895985378e-01 2.117572018230156616e-01 8.646141334021267832e-02
7.809820747992219925e-01 5.351011160856770227e-02 3.706571328521792164e-01
9.704586554280840716e-01 2.900707435715784155e-01 3.761261389206285166e-01
1.009348178353095538e-01 5.124098243868740327e-02 4.800745952710061548e-02
2.217642520971594977e-01 8.483282778947498493e-02 1.022112561568774558e-01
2.165974857247195129e-01 2.270448563584091112e-02 1.058944635360895281e-01
1.422564917649650207e+00 4.911643415407067614e-01 4.769980336908479224e-01
6.910559345860617597e+00 5.697859256264610206e-01 2.201115207190684764e+00
3.598089520830015653e-01 1.990955782463621204e-01 1.500334746497899441e-01
1.005649207490682873e+00 3.291606967981144383e-01 3.783023414374366289e-01
8.920418641517619207e+00 7.985289416539789742e-02 4.130386041337637870e+00
1.131972870308285861e+00 6.637743667597785502e-02 5.307561991543896518e-01
2.295212791353724580e+00 1.672090482689855134e-02 1.128732959289597382e+00
1.354210809653540737e-01 4.307812841067390486e-01 4.732417262848798850e-02
2.544968624040825911e-01 3.554628275104261825e-01 9.387821533679241437e-02
6.853611946835610480e-01 1.431164090898904596e-02 3.378454742318472426e-01
5.411668847901333068e-01 4.150264078950977042e-02 2.598010142249386756e-01
5.299223604577357527e+00 2.485532446905405757e-02 2.585352038504908911e+00
4.690290639201138312e+00 1.584162188317349007e-01 2.024441026875170024e+00
6.910559163503458002e-01 6.199269548380061112e-02 3.253581306581063148e-01
2.530775212786886552e-01 1.881027538146154698e-01 1.065048963425672679e-01
1.378978309319441875e+00 4.837473004705875601e-01 4.646944627572642816e-01
5.379372199153932277e-01 2.867249084144709442e-02 2.614715687960918467e-01
1.141752498371495367e-01 4.592128320259785540e-02 5.458118678278844893e-02
2.027395621465102882e-01 1.194969631755400108e-01 9.054940246171985785e-02
9.901076437222833260e-01 3.165565936093872601e-02 4.798634286248221748e-01
1.687954354434732518e-01 2.306406585153248090e-01 6.858030988798639871e-02
3.120640175209183909e+00 1.391568841236431320e-01 1.369714838536002954e+00
1.096871888017409424e-01 9.595094356564969340e-01 2.798843088116906991e-02
1.028307440048811250e+00 8.892903768257680308e-02 4.721645784362686893e-01
6.980623697902198499e-01 1.845644481252024446e-02 3.427060496036827275e-01
1.367300720153461935e+00 4.774947726405041198e-02 6.524941075245601629e-01
4.006740146440309402e+00 1.465918309178098899e-01 1.747239095203147796e+00
3.214582179263476114e+00 2.914596370831221694e-01 1.244553870271896123e+00
7.829993009369786705e+00 1.078952000915294265e-02 3.873206466020187921e+00
2.144440158038043998e-01 3.460076471606261805e-02 1.036361189345615524e-01
3.793237020126094539e-01 9.434877123641879915e-02 1.733102425765239984e-01
1.010636993101769882e-01 6.501789935551756106e-01 3.062204151940012276e-02
1.172983315689261063e+00 3.587541814418809816e-01 4.316392662153636373e-01
5.286912856038179953e+00 6.192495019302520776e-01 1.632519525167626107e+00
3.728852663072848905e+00 7.351419226449272537e-02 1.736750519900967182e+00
1.665464048686277343e-01 2.248384436408772807e-02 8.144207157239131967e-02
8.360473520337614595e-01 4.221658239823171399e-02 4.010909853832603789e-01
2.085859424056016653e+00 1.195670173896888205e-01 9.315473712861217503e-01
4.302775636517853219e-01 4.373681583070339052e-01 1.496754889013877932e-01
1.523973271796265627e-01 1.347672734820509199e-01 6.714915504744554953e-02
5.835460632587754937e+00 3.980994438233225741e-01 2.086926169081997351e+00
1.442656812382751008e+00 7.525610015133702424e-01 4.115853345866389290e-01
1.430876263579529128e+00 2.270513533458298761e-02 6.995546488144946951e-01
2.032847608543915663e-01 8.313249444334336324e-01 5.550210012491333528e-02
7.465179521344368352e-01 1.090989995326725921e-02 3.692307060050292744e-01
1.632329675783352474e-01 1.025212790904349476e-02 8.078823249607235135e-02
4.990019933810756481e-01 1.223427927636485946e-01 2.223037367007707210e-01
8.639420784877589909e+00 3.740002543224665854e-02 4.163977527028620784e+00
1.053111073574442280e-01 4.235677962683280506e-02 5.051586434500189571e-02
4.272080513218165621e+00 7.654049639813568229e-01 1.209943497491853703e+00
1.486968213998314248e-01 3.764234060368452928e-02 7.165128849374143016e-02
9.698507335199805235e-01 2.714396285100384443e-02 4.721104190828339098e-01
1.828707690841094302e-01 6.452875036655524033e-02 8.589282770481328211e-02
9.586971041458151044e-01 1.321999725852653351e-01 4.233779930045070139e-01
3.222457819826907710e-01 9.984057732848576894e-01 8.062571332873072483e-02
5.756136170310964806e-01 6.502131688508464014e-02 2.702357257574051763e-01
1.207807454297203514e-01 6.404641663516681682e-02 5.675539315834792625e-02
6.866219636947122895e-01 9.110495591220821310e-02 3.146452410348866691e-01
3.771869997429761590e+00 7.747288322338349853e-02 1.750331751341054787e+00
4.748472606560426579e-01 2.205430567846882184e-01 1.945229453465355252e-01
1.303434129476557790e-01 2.261882276619591250e-02 6.373020427840127289e-02
9.658030495779493796e-01 4.366472236072722196e-02 4.626979473797591669e-01
1.050585328233787807e+00 4.121825301148799442e-02 5.044981324497567199e-01
6.863582316698980668e-01 7.254475767587569290e-01 1.988928092962458927e-01
7.041259682841788381e-01 2.904649736518806757e-01 2.728187059163551531e-01
5.418873655385739729e-01 1.418550588166896803e-02 2.671539685767305716e-01
8.390150785617435103e-01 4.723341317095440250e-01 2.849268588195919549e-01
5.152816350972079462e+00 2.287535573593872940e-01 2.096765588229738686e+00
6.231843733741333935e+00 5.673259873399084940e-02 2.948637971993737672e+00
1.546978096753652832e+00 4.213814795501694827e-02 7.422135442356088131e-01
3.497472575151769014e+00 3.635441520311399888e-02 1.687392133349624235e+00
3.654917093507676018e+00 1.529437899247608479e-01 1.585036983349461526e+00
9.021482493627360766e-01 2.572311533336866796e-01 3.587837634195552572e-01
1.872607343125300416e-01 1.100694668405390875e-01 8.434640349378691448e-02
3.009948502028926942e+00 4.412800437707344869e-01 1.044192804527487750e+00
1.726488633283006946e+00 3.187686247776140291e-01 6.545836020227382424e-01
4.185815128255053530e+00 1.798930193475435646e-02 2.055922945506225563e+00
2.759249285093828274e-01 7.888512049523165315e-01 7.712349907736955335e-02
6.416925208343181808e+00 3.302220661365045107e-01 2.411975177565837569e+00
2.404139654505251245e-01 5.076490712291353152e-02 1.143995026008242238e-01
2.517776653036529755e-01 1.355552917890155348e-02 1.242051659012813614e-01
3.118235619741619447e-01 3.729388995490097447e-02 1.503062752966371485e-01
1.438879605946540297e-01 5.798561256994667623e-01 4.553831144938877418e-02
5.650790650008503668e-01 2.158326026062833830e-02 2.765702449238872096e-01
4.263209427961123232e+00 3.302591006985591826e-02 2.063457163273297645e+00
1.258129229335828714e-01 2.023096584228111991e-02 6.165903954391072084e-02
2.436641108314175630e-01 9.426902058877753565e-02 1.113364749649554813e-01
2.870300649583648500e+00 4.091551983624912014e-01 1.018447312588095732e+00
8.796987704090788895e+00 1.388164651658557562e-02 4.338271500581346807e+00
6.737091479236211988e+00 2.175290847795748397e-02 3.296830096266641696e+00
2.370703346339691819e+00 9.803102649786851752e-02 1.079524753458455111e+00
5.132541857052037582e-01 6.254292204116224108e-02 2.415216247072796696e-01
2.271459274530652106e+00 1.310813058393559341e-02 1.121034964560706726e+00
5.736310657473813635e+00 2.165963790833961011e-01 2.357524137050138968e+00
1.722793426378605719e-01 1.495122327458895395e-01 7.493584571358995194e-02
2.217474232837343351e+00 1.135969132562439088e-01 9.956359462030458518e-01
4.274054919237017636e+00 6.192709282241951052e-02 2.012405064399155119e+00
6.184793992741741242e+00 4.189340810457352349e-02 2.968055054687984917e+00
6.817253293981925255e-01 8.202688702186897718e-01 1.872595143914890514e-01
6.500942098529757907e+00 1.746437194466087806e-01 2.767197402456824662e+00
7.342992054059970464e+00 4.197055827135995343e-02 3.523608222789937461e+00
3.521637008319578932e+00 2.718275411768754021e-02 1.714221249433133698e+00
6.461775806879199280e+00 3.044412643002721020e-02 3.135432402951344955e+00
1.232553261494676589e+00 3.460328387404376649e-02 5.956646768408729864e-01
2.407227836245232344e-01 3.861829578388635553e-02 1.158860693104006162e-01
3.236869981379878469e-01 1.720030163349152430e-01 1.380913673542500664e-01
7.660442232973417864e-01 8.455347758363637167e-01 2.075399047818494991e-01
1.260965763358827596e+00 1.844658940228936506e-01 5.322929810482391888e-01
7.206227103026525693e-01 7.560547807010742360e-02 3.349846783951033191e-01
2.603495911829271647e-01 3.166513748213575091e-02 1.261793103808528105e-01
5.722826344498519013e+00 1.806834802809192952e-02 2.810629736001087675e+00
9.372396991072924344e-01 8.028196712651587685e-02 4.337940128725340516e-01
3.094552501394381983e-01 2.750079104468182156e-01 1.213542471399223083e-01
4.900549996683486675e+00 3.186051847664632397e-02 2.374618424163691177e+00
5.520152334477415934e+00 4.414416168321284861e-02 2.643386103686416799e+00
5.021096635437207745e-01 2.255261447685637591e-02 2.455177642866831211e-01
8.872157662737011341e-01 6.606187382887507287e-02 4.161183267380020867e-01
7.928135901374550265e+00 2.770330004384046266e-02 3.857210491119541285e+00
3.424967994757245116e+00 1.163006376692368310e-01 1.534070607497078687e+00
6.061905501220727466e+00 3.338985309906201265e-02 2.933019655187008023e+00
2.700122037374004802e-01 8.249571151927929946e-02 1.247174473136892225e-01
9.080099578536494631e-01 9.117885146951516806e-02 4.160683450888055801e-01
8.748314824762204012e+00 2.557669713140987011e-01 3.483255661521150071e+00
4.686648916642165652e+00 3.219127567907392740e-01 1.772677089530527050e+00
2.556845219640694555e+00 1.685570064552799341e-01 1.094018180335365464e+00
4.506374651457766056e+00 1.360602853001812232e-02 2.222941914618016934e+00
6.448029909956766170e-01 1.336738702883387697e-01 2.843864571173707056e-01
9.184786536591043049e-01 4.188086753264566586e-01 3.236795311558726129e-01
4.471565569566738674e+00 5.225951427709586011e-02 2.124744660844768873e+00
5.324341083220654802e+00 1.056112708381593407e-01 2.407872108243023668e+00
1.768258856925143119e-01 5.408084600011008047e-02 8.387681379635648915e-02
4.723579866671840932e-01 1.708363251174269959e-01 2.017181977249509206e-01
5.516303912159650213e-01 1.431109887951111381e-01 2.412847031579179735e-01
7.951808821531001215e-01 5.446824111704841043e-01 2.573930007886058857e-01
8.268776638849892890e+00 4.497028531335982293e-02 3.956464961283707282e+00
4.944936938150896744e+00 2.934383312314889705e-02 2.401985021441952917e+00
2.827962712158364145e+00 3.524248072671365972e-01 1.045515690396447095e+00
4.494674669172558090e-01 1.768209167167869231e-02 2.208290145790742509e-01
8.934549890995340249e-01 1.350823698941272799e-01 3.935639442549307976e-01
7.646357489080186642e-01 2.032268556795328307e-01 3.177438008878982201e-01
2.168538146816763934e+00 5.290396754332918894e-01 7.091176840137434212e-01
1.448497243422660896e-01 2.427187874007748214e-01 5.827936529600091092e-02
1.657985338461056113e+00 8.640433148711479383e-02 7.630609021005733128e-01
7.629997115892711568e-01 1.544113913011566364e-01 3.304713195567488548e-01
7.233631573325339126e+00 1.060546282422097919e-02 3.578860316621658821e+00
6.181608496233456762e+00 5.586701930416528850e-01 1.982975142473986985e+00
4.316946610838727771e-01 5.066143628012663436e-02 2.054394718303788059e-01
6.211348251953636712e+00 8.521549265284619756e-02 2.861804081311899228e+00
6.033585579285473122e-01 1.103971870470930733e-01 2.716859178710069322e-01
3.074881338353876448e+00 1.966871557226305620e-02 1.507784484997256147e+00
1.413775267819255277e-01 4.563926420078017188e-01 4.853688583149549929e-02
4.920793829475954340e+00 3.690618258763849746e-01 1.797140836326358126e+00
1.820485593946432890e-01 8.975848345976608633e-02 8.352702096737774085e-02
3.912122317470638322e+00 4.560768399018824693e-02 1.870740994624972897e+00
9.085302400108530296e-01 4.433434488527380757e-01 3.147311337204637960e-01
1.647892857384186394e-01 2.547265694192846208e-01 6.566740904143233970e-02
1.006793626352030235e-01 4.475693180344947897e-01 3.477531658791482155e-02
4.888163187001490328e+00 5.083335771774153550e-02 2.325850788377081813e+00
6.103505418287964446e-01 2.000793368344893491e-02 2.991891149437930220e-01
6.441134111013586683e-01 1.188245013984776284e-02 3.182748208610291507e-01
2.286540603163984831e-01 5.052919927961403712e-02 1.088280366091655960e-01
2.132830166047443576e+00 2.544005817690427329e-01 8.501391808347132928e-01
2.051099273349391350e+00 1.538065395385952196e-02 1.010014946297468352e+00
9.120278881174177510e-01 5.152093048166353495e-02 4.336708198949739135e-01
4.435863862063398333e-01 4.218778472231581311e-01 1.559861091698690472e-01
2.947504658545160972e+00 2.670692028025974801e-02 1.435416768078558336e+00
3.093333905922088345e+00 3.882506877407834039e-02 1.488861791510549537e+00
1.828632628823309680e+00 1.151864263983917031e-02 9.039045607953325456e-01
3.879607291272214042e-01 1.741937844902899934e-01 1.652030245142341314e-01
1.596275512636872451e-01 7.834429330509100620e-01 4.475263780675468178e-02
1.586052855954502849e+00 3.270130144723067955e-01 5.976026002221253020e-01
6.111109376757838163e+00 1.358239150911486615e-01 2.690165832732720919e+00
8.110626463799469610e-01 5.329621463266896036e-02 3.850116591669326405e-01
2.511048883331747916e-01 1.155496988563902427e-01 1.125476025813085118e-01
1.518589601395188560e-01 1.625212419108815476e-01 6.531448831416722389e-02
3.840400345095405510e-01 2.030807469800859424e-02 1.881980766560182872e-01
2.854359105404077890e-01 5.827933009127012065e-01 9.016840997994310380e-02
2.203431894403226732e+00 2.966792589623262200e-01 8.496441503068900003e-01
3.253085998910115961e+00 8.108788704109921586e-01 8.982064046536155644e-01
7.545963206456075545e-01 1.427403744543409743e-02 3.719883841975020755e-01
4.041667658540955443e+00 5.493261228964402276e-01 1.304330830937363350e+00
2.907717428319899877e+00 8.670445573997735966e-01 7.786952423806819956e-01
2.279003962553912466e+00 1.168440310146531824e-02 1.126341354856956967e+00
2.269581470859929062e-01 1.224141748504268407e-02 1.121067282792479330e-01
1.150038455625325584e+00 6.971342204095858364e-01 3.388177675622425777e-01
8.275773500900900359e+00 1.792863698106162904e-02 4.065006720630687020e+00
2.510026180119654615e+00 1.284666392788549362e-02 1.239094854884355890e+00
6.986149156837851981e-01 7.438083068111334129e-02 3.251244324793527984e-01
2.699138798615301926e+00 5.927199602123528477e-02 1.274053693835776713e+00
2.803362773881815095e-01 1.710741352470693533e-01 1.196919430421188035e-01
2.296474351647130596e-01 1.076436179810055238e-01 1.036648572865479234e-01
1.011614482958409778e-01 1.941842591273690022e-01 4.235587913784891190e-02
2.972450512418770785e+00 1.385251888140621446e-01 1.305395146994949629e+00
6.237703333282333062e+00 5.856131657909072197e-02 2.946311770318824408e+00
1.441297253651295796e+00 9.853938262350698807e-01 3.629751524876170254e-01
1.096898442179308625e-01 6.527207819120866006e-01 3.318462665273292506e-02
2.622116266445084776e-01 2.103605704872350823e-01 1.083196334373955211e-01
3.562423986191909808e+00 4.152819126888410706e-01 1.258556318092058923e+00
9.163227605407012755e-01 4.597037015076382155e-02 4.380251997045693235e-01
1.996702140978519502e+00 1.408539438799499138e-02 9.844842219542753181e-01
4.563865721161021738e-01 3.998833417266250273e-02 2.194190824645977367e-01
1.433838257038698494e+00 7.584447428988802531e-02 6.663780366512104258e-01
1.088082447401453601e-01 7.743469515197307085e-02 5.049412517980862714e-02
7.149754618239755333e-01 4.251902569266820253e-02 3.429076324765071293e-01
1.929725712861534159e+00 3.763664584488243120e-02 9.298658256668833610e-01
5.649839399079313873e-01 2.644900535121958440e-01 2.234038687527256928e-01
3.175511013886950229e-01 3.349963207039639151e-02 1.536290345612165431e-01
6.162295391004585232e-01 5.936253521906271341e-02 2.908492223453182923e-01
1.097072584574421361e+00 7.321393880484241556e-01 3.166813803046407139e-01
2.131368905289224291e-01 1.251136418250876035e-02 1.052516041145903358e-01
2.486318212075782963e+00 5.422088823699117155e-01 8.060899663134667437e-01
1.199494127474038108e-01 1.464067125934307573e-02 5.910930644960547126e-02
7.814446310938431006e-01 2.546397472029168080e-02 3.810200311068909773e-01
1.974470684593521708e-01 3.636770272432883477e-02 9.525917680583712022e-02
6.662725434539887637e+00 2.681202299409445877e-01 2.627008574277758246e+00
1.447863539249498066e+00 2.492197345206898784e-01 5.795071512398999314e-01
9.706049797510971189e+00 9.585053647139818445e-02 4.428546354854250744e+00
4.058093966148315523e+00 6.200610232541247102e-01 1.252450959531466568e+00
3.338445364189425169e-01 4.809199597576781227e-02 1.592629929914382847e-01
5.662249620923456295e-01 1.791391494076461505e-02 2.781300824074577904e-01
1.865938424701987508e-01 4.642345335288981523e-01 6.371719768843853160e-02
4.313735394840320758e+00 8.358769874920139731e-02 1.990487433467414968e+00
6.459669537679968876e+00 1.243604438907118005e-02 3.190161775392880372e+00
1.492786727818435077e-01 5.001640321710848491e-01 4.975411674342128387e-02
4.024728760020080287e+00 3.593381536739340132e-02 1.942560760309147927e+00
2.922281281252937735e+00 9.633305652262638685e-02 1.332752517068989340e+00
1.514545505855637575e-01 5.102136074155273482e-01 5.014342005723029794e-02
1.673352558123488931e+00 5.638645217433180257e-01 5.350056014628808976e-01
3.618379320853942094e+00 2.155630788312197163e-02 1.771013155580224208e+00
3.635274290614515458e+00 1.622451755638173315e-02 1.788617686254959205e+00
2.661099993964191057e-01 7.373780166209646658e-02 1.239175890913466749e-01
6.066812774697640798e+00 2.306048975014895752e-01 2.464971814680388729e+00
9.511393321507123355e-01 2.825885363606943021e-02 4.624999477453310415e-01
4.692245270245432587e-01 5.629225897752880847e-01 1.501112499410501289e-01
1.100494643607255602e-01 1.104752276956046109e-02 5.442348746341184318e-02
7.343010795607117780e-01 1.198052128058469182e-02 3.628039592261663726e-01
2.101428461738409081e-01 1.845548761025549156e-02 1.031674180807491542e-01
3.471131100463194397e+00 2.686724116768513526e-01 1.368017097445695995e+00
3.153211135069958204e-01 5.814451573454283012e-02 1.489971874437709398e-01
5.834965745065061604e+00 4.915149480987478503e-01 1.956053391386711304e+00
2.584197994821341715e-01 9.057245346626617843e-01 6.780093208168667951e-02
3.907133496322943711e-01 4.251912251709736856e-01 1.370740089932220296e-01
1.138035098883837470e+00 8.292560197389811094e-01 3.110650140285516896e-01
2.348659163369072322e-01 1.373389662710005343e-01 1.032523826678353462e-01
6.449251367174509975e-01 1.718726896300259155e-01 2.751686008319988441e-01
6.593169967999774173e+00 2.237383798126066012e-02 3.224441844589054362e+00
2.290287644742616258e-01 5.747891602846328940e-01 7.271727868410847451e-02
2.264879194582732236e+00 9.217722589761845331e-02 1.036864320587400634e+00
8.736900992480524097e-01 1.515526459780726365e-02 4.303233848637914027e-01
1.220567113500311329e+00 9.019880221715192992e-01 3.208661409199562997e-01
3.717437340980159544e+00 5.227636391594699949e-01 1.220621915766289867e+00
7.700415337821988615e+00 3.565512590088291967e-02 3.717654238964755109e+00
2.877920410757177194e+00 3.806164782108560907e-01 1.042259185000703692e+00
2.713299368813084200e+00 8.122913596394783220e-02 1.254729121960858507e+00
2.003804109895976016e+00 2.442008390913413263e-01 8.052574982023740224e-01
1.235772990615510575e-01 1.625082037638557741e-01 5.315115139034912173e-02
1.819216026393733199e-01 4.985815165548450334e-02 8.664103924540068891e-02
1.821630926044836007e-01 1.590586331641249615e-02 8.965549820227160238e-02
9.992141167682953018e-01 2.736767534881880404e-01 3.922557721304764100e-01
9.721619087819548533e-01 8.328069854093954338e-02 4.487119128455581696e-01
1.129795776426882892e+00 9.430219501445997743e-01 2.907316040209436125e-01
2.002043073323919453e-01 5.620273046932142136e-02 9.477551115751783883e-02
