3.525546973760715900e+03 -3.630911754193914820e-02 2.323955981368801105e+00
9.480114745661794586e+02 -8.086996944559152745e-01 3.099974749709826938e+02
8.469368857455226589e+02 1.492437717728962651e-02 9.432210501312966733e-02
2.066465499461926072e+02 -5.011769680059969395e-02 2.595257006113985687e-01
1.339473900731769334e+02 1.883693583364190738e-01 2.376428636309458220e+00
1.437087406811134315e+03 1.252788307854212912e-01 1.127738925634185918e+01
7.906847531821154007e+02 -2.869337910455831142e-02 3.254893338256750757e-01
5.580350919365650043e+03 -1.572982602693205612e-02 6.903659344145971488e-01
5.237678213713801597e+03 -8.226558828438547410e-02 1.772332628953550682e+01
9.754235842768777047e+02 8.492750574528680485e-02 3.517709689838442788e+00
3.141521072112286674e+03 -3.493278119496902590e-01 1.916797828706878875e+02
6.234616711795997617e+02 1.443957530091673561e-02 6.499629534087707217e-02
1.383076770259650630e+02 -1.683541220994953097e-02 1.960034881486058880e-02
1.368032923655483728e+02 -5.447630224094073270e-01 2.029933427230162124e+01
1.443246417637470586e+03 1.973620713167559965e-02 2.810851366447651434e-01
2.963928033902127936e+03 -8.968408251488689531e-02 1.191978434088164462e+01
2.268298046372330532e+02 4.077300180246314909e-01 1.885452066324750220e+01
3.888746933246237404e+03 -4.281040970703397369e-02 3.563513876452918616e+00
9.211110385383546600e+03 -4.520074833931019831e-01 9.409645048683001960e+02
2.178587457527058177e+03 2.985584424269399281e-02 9.709653146280985414e-01
1.350122371669281165e+03 -1.148040899710399965e-01 8.897292303023279558e+00
2.242145245741846338e+03 -3.768562489056371811e-01 1.592154427983249150e+02
1.028811945570013449e+03 5.416419974129695059e-02 1.509143941212542472e+00
1.184869224777407453e+03 -6.028868334957453862e-02 2.153337097957268131e+00
2.914474177946155464e+02 1.550574976039866340e-02 3.503610004889428503e-02
4.699486454390390122e+02 -3.911406951183787895e-01 3.594896679982499421e+01
1.735159846695573833e+03 2.968333436788644364e-01 7.644249647411565718e+01
5.994712121556904094e+03 -1.203885243277554584e-01 4.344187070921766036e+01
7.061002264045212087e+02 8.860427738588520785e-02 2.771696868407011127e+00
1.200462607183693535e+03 -3.461593764611705648e-01 7.192350460399744350e+01
2.227823320970158420e+03 -2.953546034619539129e-02 9.717135051035337145e-01
1.486373325522568166e+03 1.736160578318302061e-01 2.240153039295505266e+01
6.587350193352134511e+02 -7.870883629320525599e-02 2.040458371723725239e+00
1.052182390413154138e+02 7.893672094418909824e-01 3.278077348330788254e+01
1.713304127395852220e+03 -6.709987024226955754e-02 3.856983900828664158e+00
5.488658780365140956e+03 -3.844846185682216366e-01 4.056898829671554836e+02
6.214474577727753513e+02 -4.863136995847140015e-02 7.348647708095314979e-01
4.811908646713681264e+03 -1.647674948339367951e-01 6.531763556890552991e+01
6.413349509900158409e+03 8.649270725585170849e-01 2.398909667143944262e+03
4.971166999923270851e+03 4.188942347927789300e-01 4.361512522843946726e+02
8.103187280609548679e+02 2.472343274026221963e-02 2.476529021822740650e-01
2.416945772102603485e+02 3.116396820150879599e-01 1.173660303772283164e+01
4.148150504269818839e+02 7.399305189347118450e-01 1.135550336824071280e+02
2.680150954872796774e+03 8.742004903014383155e-01 1.024121188162828275e+03
2.813625704828284142e+03 7.478840905775932524e-02 7.868734950313687193e+00
2.711983610661731632e+02 8.903018686515654090e-02 1.074809842490602074e+00
7.541149930261014561e+03 -2.150996701182648074e-01 1.744564650912102763e+02
4.177622343879410437e+03 1.326946098746073673e-02 3.677949361618500501e-01
1.279252094882170923e+02 3.907913627862696360e-01 9.768233986067491159e+00
1.551814234428312886e+02 -1.584973171501478373e-01 1.949187270041065068e+00
6.158987184211357544e+02 3.120952132982025007e-01 2.999532144021259938e+01
7.551916089674205978e+03 3.915801823607940185e-02 5.789866748895350135e+00
8.976676267508460114e+02 -4.743458708705540205e-01 1.009894056840205110e+02
3.962327329119618184e+02 4.690206385840253733e-02 4.358170949952870910e-01
6.210186932427794773e+02 2.480273885866140712e-02 1.910178527594445508e-01
1.937500042388776933e+02 -5.130580453948496711e-01 2.550026710875899383e+01
3.733033137469778922e+03 1.873849938189509415e-02 6.553924995350803862e-01
1.854281079127489420e+02 -5.359731965517881835e-02 2.663371293165816556e-01
2.524249738864347989e+02 9.618970248651232957e-01 1.167775843621263760e+02
5.700634332351793319e+02 -2.042066816809987376e-02 1.188592771495389916e-01
1.120936796204880011e+03 -3.238082778943224826e-01 5.876612085096412841e+01
1.240355791776908291e+03 -6.949065551042628297e-02 2.994808796591224898e+00
6.031367840047999380e+03 -4.160602310556774097e-02 5.220333300752201922e+00
4.455150296485975559e+03 -5.100741865192238711e-01 5.795608694852608096e+02
5.993453043686029105e+02 2.818223712521392144e-01 2.380115545798929233e+01
1.084619858185543535e+03 2.467315616640723339e-02 3.301391061559630358e-01
1.026148809128678181e+02 2.566210787047639719e-01 3.378819579856865207e+00
3.769256563938850832e+03 1.115980098090741529e-02 2.347137885106235777e-01
1.277197947838403707e+03 2.690956382430741423e-01 4.624252426515898406e+01
2.872604033418216659e+03 9.755439827395834262e-02 1.366908610497138632e+01
9.255346053008433955e+03 -2.895859161703872448e-02 3.880766731648681578e+00
3.310424864082644035e+03 -1.024434109484197164e-01 1.737087919980818285e+01
1.038425454795373071e+03 -1.744220978370430303e-02 1.579604422313190815e-01
1.049977755797605596e+03 -1.717183690596884582e-01 1.548045113346945989e+01
7.831624268583240109e+02 7.385058430699279475e-01 2.135648226808770858e+02
3.021667061656934493e+03 7.322004005703720841e-02 8.099841845618199088e+00
1.371980708576372990e+03 -7.310169505859549777e-02 3.665834919509253442e+00
1.103388121552776937e+02 -2.092162348447103026e-01 2.414843957506882521e+00
3.533690538293730583e+02 -2.204800417786312305e-02 8.588890837877476148e-02
8.516543905091819397e+03 1.672451571243250001e-01 1.191078802812445332e+02
4.245539889628634000e+02 2.568890542914136280e-02 1.400858049352441403e-01
6.274460239087346963e+03 2.705792540906133414e-01 2.296864451913560004e+02
3.318756239685937999e+02 3.192106505345392725e-02 1.690830626765111033e-01
1.699654780952049123e+03 3.361886218144037874e-01 9.604986221196480756e+01
1.300993326974920308e+02 1.921600171216591990e-02 2.401989645091676118e-02
2.262300346095975101e+02 -1.416011413020171750e-01 2.268056002184395847e+00
2.778082513217732412e+02 6.163223747554771176e-02 5.276318629658279802e-01
3.785195890404825604e+03 -4.361178283822202822e-02 3.599697827966886088e+00
4.213445676494106920e+03 -9.333834432447438156e-02 1.835386737415475267e+01
7.313653282543120895e+02 -4.749893991299657114e-02 8.250346840810803828e-01
1.840661466870669756e+02 -1.475911506641560712e-02 2.004770034930925676e-02
2.836828985242020281e+03 -7.006867555244342127e-02 6.963875159398337011e+00
6.696997193382667319e+03 -1.270845580092078986e-01 5.407987597128368407e+01
7.072942271325619913e+03 3.288333201083802615e-02 3.824034066705276125e+00
5.059091751549318360e+03 8.576522991388736417e-01 1.860651650526253661e+03
1.391606114112836394e+03 2.884175532404615119e-02 5.788015813525304587e-01
3.100880810973943426e+03 -6.181117758592036965e-02 5.923646218314305045e+00
3.475513025698391516e+02 -4.100413193728375677e-02 2.921757512443944882e-01
1.379263802150414449e+03 -2.068117481992781323e-02 2.949631444771148026e-01
4.067039949578099822e+02 -2.140316595837543287e-02 9.315463761316586377e-02
7.517587723983076557e+02 1.268015583403615254e-01 6.043627528972989715e+00
2.526295216207073281e+03 -5.169512906572083094e-02 3.375618450084361566e+00
1.093321952432434500e+03 -2.585687556921774377e-02 3.654855099203704327e-01
7.012052791742995623e+02 -9.694346812981637918e-01 3.294976233105768415e+02
1.160116747991573902e+03 -2.573555178120476294e-01 3.841834649648351530e+01
5.093210876598333243e+02 -2.042624887818687840e-02 1.062524371689261560e-01
8.784824435618382950e+02 -4.649925475934553742e-01 9.497188893810901789e+01
2.777327576295076028e+02 4.189467720227724179e-01 2.437332658347120429e+01
2.344069910110028161e+02 -4.781654417230102316e-02 2.679766384796832823e-01
1.264181285308831320e+03 -5.908493544382580759e-02 2.206647141114733479e+00
7.166278139356626525e+03 1.108629965480171023e-02 4.403894339526410739e-01
2.216272064366669667e+02 -1.125802435434442583e-01 1.404486096405149320e+00
3.520061122244456783e+03 -7.453163084024791440e-02 9.776906398377956720e+00
1.816314974189101804e+03 -5.141139570651234170e-01 2.400379759627905969e+02
1.362530532375930989e+03 -2.518206187965167306e-02 4.320149946908937166e-01
6.955545661497775654e+03 5.472657947309321480e-02 1.041592441430209703e+01
2.439497742727522564e+03 9.144691807810291506e-02 1.020019729472872072e+01
8.684599827568952605e+03 -1.633305888668128980e-01 1.158390191935123568e+02
1.357307673117932382e+03 3.116478620200673899e-01 6.591383983022333837e+01
1.200388839405283932e+02 5.834774648483188608e-01 2.043337605922434363e+01
2.065487523326523387e+03 -2.711433834041098168e-01 7.592601427962192417e+01
6.272066443644005631e+03 3.184337274834294074e-01 3.179938903676757604e+02
1.822176751845257513e+03 -9.640264608501973587e-02 8.467172645869235126e+00
2.329057382112727907e+02 9.466742188061336161e-02 1.043641385842422054e+00
1.398268360906888574e+02 -4.340947934825783311e-02 1.317436492555110195e-01
1.746325266790295530e+02 -1.161495467771794625e-02 1.177959017118699291e-02
2.548597592643682219e+03 -2.084559173404229582e-01 5.537321356654691584e+01
1.575102629438665645e+03 2.907853576686785235e-01 6.659228680845272663e+01
2.054167841309837570e+02 2.307717390003070357e-01 5.469796584475315804e+00
1.469584042306387630e+02 8.415095469396506600e-02 5.203343856384017307e-01
1.506908963212619256e+03 -9.984529196524866146e-02 7.511249757251881043e+00
2.312002582385439382e+02 -1.166186605227539398e-02 1.572151581143959795e-02
2.996426156690979042e+03 9.446181895263768002e-02 1.336860809486731760e+01
1.468731750031825641e+03 -1.489935619980478354e-01 1.630224792268296952e+01
3.057105412327167642e+02 1.159264904575733751e-01 2.054214520918416387e+00
5.419927918826826954e+02 1.714197464521892422e-01 7.963155783092909168e+00
9.516770784323656699e+03 -2.293602297007397636e-02 2.503201690039065674e+00
1.508193028175458608e+02 -3.478958771087016233e-01 9.126946339595749080e+00
3.342476110092677118e+03 5.417990234304728009e-02 4.905855499213561899e+00
3.868606452146677839e+02 1.433119375044425783e-02 3.972732205961852781e-02
1.210434908818227314e+03 1.175080774486322865e-02 8.356932343454692713e-02
1.660809710933142469e+02 -6.919665359883775402e-02 3.976125321080800079e-01
2.977253906650143449e+02 -2.393989748773231452e-02 8.531599319534569070e-02
6.836427864727339738e+02 -1.102026672167780164e-02 4.151293616020732685e-02
1.955831385467954249e+02 -1.639769363588859316e-02 2.629462318267998533e-02
1.608424008785954811e+03 3.272618089713179024e-01 8.613134018769893885e+01
2.710152230608116952e+03 4.727086286397356313e-02 3.027964297121788828e+00
3.729829979691547578e+03 -8.930812353152278726e-01 1.487445179609758497e+03
3.925780263389411289e+02 7.860659607082250977e-01 1.212869212876390463e+02
6.001794101107912866e+03 1.940969859573897505e-02 1.130547150328231165e+00
1.039076463005437063e+03 -8.510389857009161840e-01 3.762845808468462110e+02
2.262856662110241814e+03 7.390716660828523521e-01 6.180166210791695676e+02
6.000627893336898524e+03 1.013005090024417382e-01 3.078860102822498135e+01
4.628044536112848618e+03 3.188826517218649181e-01 2.353040051998823401e+02
3.208410423106300868e+02 1.380472230570852811e-02 3.057139613712502729e-02
1.448490662166818197e+02 -3.438144490806698678e-02 8.561186397597472797e-02
4.218099379913003304e+02 2.483742284134332345e-01 1.301067635913519815e+01
1.295133845771028405e+02 -1.378051853429584396e-02 1.229747013065147360e-02
1.991731056727706743e+02 1.021376715635524401e-01 1.038897271452747795e+00
1.648415341619424680e+03 7.165081151606714771e-01 4.231349312169289192e+02
1.331770056870176631e+03 -6.427093553827653016e-01 2.750606682052397787e+02
3.880842374652711442e+02 -5.526127837232510664e-01 5.925675467047057765e+01
3.919383581938039924e+02 8.556525057056025840e-01 1.434771120086706446e+02
2.282414665292934899e+02 -1.315083779996088602e-02 1.973655713015447927e-02
4.406133796304190582e+03 -7.198366391053662161e-02 1.141551690024446941e+01
8.224801907542888557e+02 -2.660098370179003191e-01 2.909985636842719003e+01
3.386540202761917726e+02 -1.064272113023835217e-02 1.917924933155392905e-02
1.358498640211419968e+02 -7.525907118071432922e-02 3.847219103870597179e-01
5.415240157062274875e+02 -4.152593498553212026e-01 4.669028934726820523e+01
3.346050471143348659e+03 1.766225440232391947e-02 5.219089731162233070e-01
3.400223912439926153e+02 -1.391870496523600620e-02 3.293632807632293491e-02
5.350423167665952860e+03 3.983254934682939341e-01 4.244576272153258287e+02
1.298341601385077411e+03 -6.404387671901770607e-02 2.662650735455008633e+00
1.525237299476617636e+02 -3.417211314611864198e-02 8.905352053667013601e-02
2.948276852483288621e+03 -4.406750372513909553e-01 2.862695575980878857e+02
2.481731846503254474e+03 2.548324068953678467e-01 8.058128162021495200e+01
4.710082912269918779e+03 1.140039399976651262e-02 3.060823438007577169e-01
8.055910131899400767e+03 6.226238205993242514e-02 1.561478760573273306e+01
5.701464883007514800e+03 2.002229394280787833e-01 1.142836556112673776e+02
5.836962151456381207e+02 -6.589459793771215157e-01 1.267233095102885585e+02
2.472266680149415606e+03 2.927402165164311176e-02 1.059327140987800897e+00
4.397174788810624705e+03 1.305003063129677593e-02 3.744266874574890269e-01
3.205567322732992125e+03 -1.732932273578752236e-02 4.813246309835762515e-01
2.817265395087482034e+02 -2.070048245760843508e-01 6.036131605686826163e+00
3.706043746271721488e+02 -8.181379136726885104e-01 1.240319534422200860e+02
1.227804559743823916e+02 8.618817368566877857e-01 4.560312483603507872e+01
8.687244687751939409e+02 -3.014497859415884995e-02 3.947135342844591555e-01
1.047934818297783067e+03 1.582414750848783191e-02 1.312033487821893107e-01
3.783546370736965855e+03 -8.119797416173947513e-02 1.247267061303638336e+01
3.393562977963457570e+02 4.945773831971913004e-01 4.150442699070823949e+01
9.623686650978113903e+03 -7.940676885496000814e-02 3.034076503027253935e+01
2.434995890371210407e+02 3.195027144197145619e-01 1.242846063954749702e+01
2.397605216582055618e+02 1.708384282722472669e-01 3.498797549212700364e+00
1.202130402321651559e+02 -6.793219405714097103e-01 2.773785465847521436e+01
3.329468015946282321e+03 3.909350761437023203e-01 2.544216875858950573e+02
3.622519618703819901e+02 2.141285455602497112e-02 8.304813514444163436e-02
5.622025515066121443e+03 -3.239672566118966257e-01 2.950292349796293365e+02
3.198196201717714757e+03 -4.943167453562604535e-02 3.907380933897799835e+00
3.018243107317464933e+02 5.270038001460357335e-02 4.191328645638127126e-01
5.253047495507873464e+03 -1.262947221830967581e-01 4.189399105510383947e+01
6.142584992631374234e+02 -2.069601849460007137e-01 1.315511916012544447e+01
9.206183960374448361e+03 -2.416964503240813245e-01 2.688996256015096264e+02
1.236865692865422488e+03 5.540858565393212976e-01 1.898657709808531422e+02
6.366502804784995533e+03 -1.788649495428119296e-01 1.018407122006986896e+02
2.147534352217321327e+02 -1.127012258151083579e-01 1.363852497835279731e+00
2.448940586104527483e+03 5.344575767747471867e-02 3.497636960917779536e+00
2.610546876821882506e+03 -1.586705337193305976e-02 3.286200562129436009e-01
5.019517953309768927e+02 -2.723216792258691954e-01 1.861214593371329684e+01
2.592671696178505272e+02 -1.389109661679366614e-01 2.501442906301824642e+00
2.161894009988933760e+02 -1.626226498743131577e-01 2.858686096596000148e+00
3.258336012212319019e+03 4.992507156193860818e-02 4.060722060452100379e+00
1.186546670451125323e+02 2.970813973098462291e-01 5.236073632463079441e+00
1.231527520610212378e+03 -7.607488516186253769e-01 3.563663891061239610e+02
4.794779388298232334e+03 -9.025529241815620496e-02 1.952917914481901818e+01
1.238295248009153084e+02 4.441159483191691182e-01 1.221200430737676790e+01
1.230718709700221780e+03 -1.731501779726827769e-02 1.844907905322152875e-01
1.226357571661345446e+03 1.643492195925100041e-01 1.656236737050329566e+01
7.516851728698680745e+03 1.122374730384694957e-01 4.734583155038737345e+01
7.765916585899181882e+03 -4.310679589043096005e-01 7.215296993212140251e+02
1.958574740144044654e+03 2.096302846095652456e-02 4.303464268125062331e-01
5.626547826313883888e+03 -3.537489817595575875e-02 3.520484333541716193e+00
6.997626555450337946e+02 5.468214278799853334e-01 1.046193012773069455e+02
4.550054317701565196e+03 1.188942241637667117e-02 3.215941204044688306e-01
2.475876403957151126e+02 -3.266367038373495235e-02 1.320775286057900566e-01
1.368278477858004010e+02 3.066443234184730304e-01 6.433011964166670538e+00
5.110967541879180658e+02 5.783423299845931176e-01 8.547578300475042568e+01
1.792166336880274230e+03 -4.931053822836584666e-01 2.178852372101611365e+02
1.425315873875319141e+02 -2.340008309390228386e-02 3.902257513348614260e-02
2.992594364634288127e+02 7.355551992467447286e-01 8.095587988559422854e+01
1.730260820274521905e+02 2.698581736792971322e-02 6.300176723883063601e-02
4.419693484658360489e+02 -8.210038435658875144e-01 1.489541254720483039e+02
1.450067033358061053e+03 6.078172931720227795e-02 2.678577323265544319e+00
2.166512016273129859e+02 -8.873114908985686444e-01 8.528709422333892576e+01
5.807677223397046191e+02 -1.481300715175751757e-02 6.371753126125249966e-02
1.341307921508808931e+02 -7.841475177836708665e-01 4.123766230449852088e+01
6.364083814356566791e+02 -2.128551391258881875e-01 1.441697599243507533e+01
5.981898287479456258e+02 8.388867898990299832e-01 2.104823770255643467e+02
6.367871357198872829e+03 -2.032902465559680849e-01 1.315822689081446981e+02
1.382439154675919895e+02 -1.343932439311597456e-02 1.248449281966319650e-02
5.163588360646588171e+02 -3.315708968064700612e-01 2.838405406476888615e+01
2.750487390200954110e+02 1.293130117881344417e-02 2.299662568350122754e-02
8.856188140939781306e+02 7.259884944623561376e-01 2.333868134953584956e+02
1.833350110941073808e+03 1.146379008861252158e-02 1.204680453733368989e-01
9.070252074612326396e+03 -5.416971576203251371e-02 1.330768384811911531e+01
6.327200994458418108e+02 2.457494665095369957e-01 1.910586930256289762e+01
1.135474026497746252e+02 -4.808298020744734558e-01 1.312592637573527377e+01
4.309853048412325734e+03 -3.858976734420610510e-01 3.209052241671839738e+02
2.302748679885346519e+03 4.675496516660464230e-02 2.516935126792620103e+00
3.750833661674467407e+02 -3.964202217948364360e-01 2.947198650107603513e+01
3.459299133749787529e+02 -2.293942072040918712e-01 9.101710458932835479e+00
1.198619394512409855e+02 -4.375889860432237710e-01 1.147582904098852374e+01
3.293414749624461365e+03 -4.403969402944711564e-02 3.193780143905261326e+00
1.295976595616544273e+03 2.547076543886498401e-01 4.203888181303659621e+01
4.309536363873147820e+03 3.141002031344764522e-01 2.125871396237960198e+02
4.350950948502184588e+02 3.058905634196754791e-02 2.035571446842169285e-01
9.573413678511713442e+03 2.734752646474535379e-02 3.579916793133945063e+00
5.417966240293947067e+02 -3.793204667208047859e-02 3.897793718850894318e-01
2.555104874391328849e+03 5.205592638077097267e-02 3.461936469996551136e+00
1.044415841288498825e+02 -2.852022413413091498e-02 4.247655857072644286e-02
4.836968321676177766e+03 -2.039604488410581007e-01 1.006086138492695312e+02
1.534569781279186827e+03 -2.135968013511911970e-02 3.500629398564828465e-01
3.309386476847298582e+02 5.098407097202445337e-02 4.301169052193382636e-01
3.790023247484180047e+02 -2.344593118886422953e-02 1.041710040954952898e-01
2.216439018272051840e+02 -4.194872870373349966e-02 1.950129259877729782e-01
2.084629965067245223e+02 2.979689587030282666e-02 9.254245724714015020e-02
1.689540042905527343e+03 -1.163114464388751712e-01 1.142834669306314055e+01
4.583669035111930725e+02 -7.105429934752377497e-02 1.157081576717725824e+00
1.483510457893550836e+02 3.196002544089086850e-02 7.576608540930526714e-02
3.359476716184631755e+02 -2.078642958714718714e-01 7.257740512701658098e+00
3.129416637397790964e+03 4.672055308894823566e-02 3.415461091782293401e+00
1.003043356097768708e+02 2.166029821199411468e-02 2.352981827522884067e-02
8.842324292161723633e+02 -1.760026871252310943e-01 1.369541005050808202e+01
9.571202640470344704e+03 9.325258092182172609e-01 4.161579892259174812e+03
2.250903028826166064e+03 1.090473319825093074e-01 1.338310479171368250e+01
4.317665278138724716e+03 8.336016712873317580e-02 1.500154982690012240e+01
3.240610908567849492e+03 1.612409532036522888e-02 4.212574628132471077e-01
1.282055773353474251e+03 -2.117449781566178579e-01 2.874108515673150421e+01
3.693237932783938049e+03 -5.537033356936078565e-01 5.661500780737611649e+02
2.461477844560085487e+03 2.664460114606835919e-02 8.737443540057749924e-01
8.980500910692097023e+03 4.861695130373433482e-02 1.061319169202090151e+01
2.826804638144001842e+02 -1.230312038978564892e-01 2.139421456219868567e+00
5.410943163156766786e+03 5.455954012691582172e-02 8.053494725377664309e+00
1.543124256097235900e+02 6.080220526535855541e-01 2.852394331088628121e+01
2.403313307223531865e+03 9.772539311307297527e-02 1.147612441115523296e+01
4.570534257230538628e+02 -3.340646192881009946e-01 2.550339144620472709e+01
3.929643643758137841e+03 -1.107700371418380951e-02 2.410836597156935102e-01
8.893801764779760560e+03 7.120094496034240494e-02 2.254389559863863113e+01
1.886065796946369346e+02 -1.269953936184719037e-02 1.520907427127570280e-02
1.625971933282050088e+02 -3.052192984287438460e-01 7.573681343723641213e+00
2.966904270046259740e+02 8.016039978849909264e-02 9.532203095934260739e-01
4.901326363231893993e+03 2.205607467017554543e-02 1.192175171393862865e+00
1.344655999614337816e+02 1.521481527522109203e-02 1.556376146667431092e-02
3.909992864370107100e+02 2.082193944101210295e-02 8.475948850390661871e-02
8.671009960491937818e+03 1.636500226865233651e-02 1.161105892687468666e+00
7.421744740144706611e+02 5.438682723167341526e-02 1.097648948914683897e+00
2.536312800371754008e+02 6.528552955099636845e-01 5.405136676510015548e+01
4.412083523699136549e+02 -8.368520375928056865e-01 1.544938106922197676e+02
9.498132196813141945e+02 -4.663626056777512296e-01 1.032893761811223357e+02
1.301734200277398656e+02 1.010411417398767858e-01 6.644905506795865113e-01
4.232780704141188721e+02 -4.876773834467958840e-02 5.033394885012912878e-01
4.291635370560248361e+02 7.263737011154811074e-02 1.132173652715269041e+00
6.135609089046172357e+02 -1.538002988670405385e-02 7.256748055830129773e-02
9.920006307190122243e+03 2.608531628721932893e-01 3.375003025833152606e+02
1.432726925230619770e+02 7.548897581431210924e-01 4.082258418935869315e+01
1.116713227922835813e+03 -1.101294823125535671e-01 6.772029797388644745e+00
4.792985385314912492e+03 -8.286470805577804688e-01 1.645566048305743607e+03
3.306044987150572524e+03 2.528805459358464403e-02 1.057084254896630826e+00
3.981705330830950516e+02 -2.421423464328763264e-01 1.167294969723051068e+01
1.477555293946167296e+02 5.066161217534139588e-02 1.896145931678259178e-01
3.951771480327154222e+03 -6.020910208660074092e-01 7.162854477328218081e+02
5.261836280896291100e+03 -7.946131576836512611e-02 1.661188208182243642e+01
1.495586201188217728e+03 1.106916419372561272e-01 9.162439353032002742e+00
1.000388030633829715e+02 -3.086071256467974866e-01 4.763765670019894038e+00
5.660988177445567999e+03 3.118028815989160041e-02 2.751835704526729209e+00
3.871842068522622412e+03 -7.444917801192946216e-02 1.073019100464925835e+01
4.437117216343079917e+02 -1.132388548534780937e-01 2.844866188918266037e+00
1.463902947689036012e+02 5.411813428565515061e-01 2.143719317598373664e+01
2.950393531580444233e+03 1.431532919427152828e-01 3.023100816097796795e+01
1.400565758228143807e+02 -5.305040544799980440e-01 1.970837982304896840e+01
2.553913416526438311e+02 4.617936959775165162e-01 2.723153822212979236e+01
6.721382071529822497e+03 -3.463304201367650714e-01 4.030972794235965466e+02
2.432114110330276162e+03 4.245363098213026376e-01 2.191712743956725546e+02
1.915657549876371206e+02 -3.562665858185379286e-02 1.215732603119460686e-01
8.155783368746000633e+03 -6.808148512812591813e-01 1.890138932862074171e+03
1.895960596533440139e+02 1.791310403495332756e-02 3.041872508880658771e-02
2.428004209896983866e+03 3.620295998001704652e-01 1.591137092795881074e+02
1.479068169481599398e+03 1.229184977516839944e-01 1.117358875259413509e+01
1.249350552300511708e+03 8.739275611478483641e-02 4.770953561940351584e+00
3.973810935740750097e+02 3.965634236578314403e-02 3.124658184659939164e-01
9.447364401391711226e+02 1.272264732729817271e-01 7.646023858656413097e+00
1.563673347483019370e+03 -2.439416983789472609e-02 4.652518668080607989e-01
2.796864252124633822e+03 -4.271187007262806645e-01 2.551165104688336385e+02
1.726210316094454527e+02 1.482809125051171295e-01 1.897729077258820451e+00
1.826768951942917283e+03 1.792078116328335580e-01 2.933374410685600608e+01
2.107980142516847195e+02 8.802304237376809004e-01 8.166374083680186402e+01
1.494250351581425775e+03 -2.319201135957215110e-01 4.018557632304916893e+01
3.117795890284861343e+03 3.067340792451851428e-01 1.466701530699945693e+02
4.309359629874726124e+03 -3.992733890563547883e-01 3.434974168353277832e+02
1.935113958483995702e+03 -2.536451144334475952e-02 6.224859495111686458e-01
1.731242152226667201e+02 7.239896867567640060e-01 4.537248664665473541e+01
3.164951822292803627e+03 1.536179240127066303e-01 3.734400489963685743e+01
5.204050831451153272e+02 -7.691308025679627347e-02 1.539259857158217226e+00
1.193073419764662276e+03 -3.080570919759721971e-01 5.661083978574151132e+01
7.421059337846991184e+02 3.003556555533477557e-01 3.347399418408188865e+01
3.811534405842812248e+03 1.323652984485695211e-02 3.339013193878892505e-01
3.959611526996383759e+02 -4.237607690858933851e-01 3.555200353760795906e+01
1.562985407515112399e+02 -9.884987795621348605e-02 7.636198383923499255e-01
1.620544896123609988e+03 -1.276194135115679522e-02 1.319667619493418154e-01
7.990598604217603679e+03 -2.910497806496139539e-01 3.384417032647717178e+02
7.928728467644170905e+02 7.513904755947707625e-02 2.238231073889321188e+00
1.012492348084801733e+03 -9.375137064098129636e-02 4.449559367824245548e+00
1.028971273437135068e+02 -6.319213857945057966e-02 2.054467905485228563e-01
9.282041412115794401e+02 2.808550632057625271e-02 3.660817015427714205e-01
1.875388561816671427e+02 -5.401072324716440498e-01 2.735402584726518427e+01
1.296627111876602498e+02 1.023019408690392790e-01 6.785046822751276130e-01
2.713067754708137727e+03 4.456401304304101474e-02 2.694010160929645181e+00
1.640325369334769448e+03 2.885546936340897470e-02 6.828987094440921446e-01
1.900848447149728599e+02 -5.300364855215220633e-02 2.670109229942499440e-01
2.128655355135634636e+03 -4.075984507360054521e-02 1.768236720563814757e+00
2.039800918311313808e+03 3.554777281582644638e-02 1.288791251003066129e+00
5.707263199722762693e+03 8.160623058451768053e-01 1.900397899854711341e+03
1.926866373623394395e+02 -3.350753237273529361e-01 1.081699163398585384e+01
6.183245219642555639e+03 -8.155242839051476400e-01 2.056175925213461142e+03
1.615399060910785636e+02 -5.791834375468978280e-01 2.709455975508831571e+01
5.769961433241306850e+02 -3.277470403218923217e-02 3.098992118543042462e-01
2.007057178630572309e+02 -3.787663173488896029e-01 1.439701484244242380e+01
6.451551287715044054e+03 7.864791012986512009e-02 1.995301514138670385e+01
1.713034773112681819e+02 5.559160905626241433e-01 2.647004455211296658e+01
4.873177199647552129e+02 7.006823203173478953e-01 1.196257095763662335e+02
7.061699985880084114e+02 1.924162199973165205e-02 1.307261962048091031e-01
3.072689998661084701e+03 3.465200299668722006e-01 1.844783636592868845e+02
3.988321886509306751e+03 1.732862225169784151e-02 5.988089396146769605e-01
3.822472703148427513e+02 -2.904362465544669814e-01 1.612189276552251016e+01
1.617893953808335255e+02 -3.890729860776773186e-01 1.224566043737927146e+01
3.607810339080882841e+03 -1.521326186970315686e-01 4.175018315579772121e+01
6.310271245399871987e+02 8.773356435426654665e-02 2.428564149373471981e+00
1.308339921567238946e+02 4.560162785297359189e-01 1.360351969585965115e+01
3.931025131561411399e+03 -3.414621833058690270e-01 2.291717338004332305e+02
8.656742533225267834e+03 -4.045317564496792723e-02 7.083203931478133875e+00
2.769180148689846988e+02 3.001939543576433861e-02 1.247742871440393891e-01
5.138912895445205322e+02 9.198388986473773343e-01 2.174026349086184666e+02
1.468641850046484478e+02 -1.396400250559247935e-01 1.431877088770336925e+00
1.136191998171933619e+02 1.271042580557409443e-02 9.177870604736688975e-03
2.297468906359250923e+03 -6.890262682220265056e-01 5.453699505822094125e+02
4.165285825441221164e+02 -1.183301669964143404e-01 2.916122525553982214e+00
2.385798002931593942e+02 -8.262742254183370882e-02 8.144268564017603795e-01
1.540298706402138578e+03 -8.911375467555441299e-01 6.115957232520227080e+02
2.920070506170322005e+03 1.011934513016758269e-01 1.495092829169474236e+01
2.172233885163433627e+02 -1.205489031988876691e-02 1.578349274987453366e-02
7.345780812854361557e+02 6.139041108632321553e-01 1.384232535755891718e+02
1.405833613879455015e+03 1.639198159992388826e-01 1.888716799921151690e+01
2.388748039942064224e+03 -1.466618363782492759e-02 2.569061998952962833e-01
4.222624597145664893e+02 1.505949473395615940e-02 4.788210993342962435e-02
1.114032096179208793e+02 1.955451562048632005e-02 2.129912846553340053e-02
1.464572859809452439e+02 9.225333862883966507e-02 6.232254366167029325e-01
4.199604385275387358e+03 -1.357619822057458403e-01 3.870211735614513060e+01
4.265786120167428521e+02 6.605023623044282977e-02 9.305031155422230915e-01
1.279103175765450970e+02 2.002539765618886053e-02 2.564707721438109697e-02
8.938251840095870193e+02 7.516897108512937686e-02 2.525223385774454155e+00
7.940243139634794716e+02 1.565039469501691149e-01 9.724211475014479689e+00
1.141848369810214194e+02 2.249108170265396237e-02 2.888012887933159162e-02
2.675691966098337161e+03 -3.058848628480766857e-02 1.251762943089979041e+00
3.611491943520971972e+02 2.548013976832461114e-01 1.172358041174827470e+01
5.640360220079652436e+02 2.367423346588692565e-02 1.580624457309827147e-01
2.352166479680746306e+03 2.062193534069824488e-02 5.001461183479803951e-01
3.893477628727134743e+03 -2.087668025066153621e-01 8.484584262823074141e+01
9.432131108040933896e+02 1.142410989147361056e-01 6.154950680815987063e+00
2.576688553494843745e+03 -6.141733066692540988e-02 4.859748638412507482e+00
1.107204713866182374e+03 -1.302815353435120838e-01 9.396446955611448715e+00
2.534272611101988332e+03 -3.661496769582671396e-02 1.698793712652876042e+00
4.842428755723622999e+03 1.964515112222363358e-01 9.344240167598759683e+01
1.115756695650724737e+02 8.141225710591999676e-02 3.697592923537871834e-01
7.650106010157215906e+02 -3.450238358496830055e-02 4.553398457407129007e-01
2.707750512123719773e+02 1.392804335251881728e-02 2.626387911411242476e-02
3.239214549604311060e+02 -1.671232954893529452e-02 4.523594845855017504e-02
2.554789232293174337e+03 4.850820885695274476e-01 3.005768709027057639e+02
9.752644110282559268e+03 4.139977802635233517e-02 8.357731325908732245e+00
2.874960491499251134e+02 -5.654121181456863710e-01 4.595493008065059826e+01
4.437383671319234963e+03 7.045323146887585986e-02 1.101282709001979043e+01
7.176826993716931611e+02 1.816315209709836176e-01 1.183817950291673959e+01
2.598245892031726498e+02 6.302440932137198804e-02 5.160215296169728960e-01
3.854891350694895664e+03 1.785489788659953836e-01 6.144646285807544928e+01
3.143903952556407148e+03 -4.605066056509834471e-01 3.333580925947361493e+02
3.768315228992849370e+03 -8.102400203858696470e-02 1.236928542122046970e+01
1.293519094636963018e+02 3.479444114469805727e-01 7.830014732753949325e+00
3.450197818435331101e+02 3.871070420688042107e-02 2.585092837136597210e-01
2.698822259411512732e+03 5.460437652347565479e-02 4.023455414940207753e+00
5.587872178951924980e+03 3.353063160198030412e-02 3.141231441413605996e+00
1.113463763908653164e+03 -8.467002812017350444e-02 3.991218467729704678e+00
4.560918590102700364e+03 -2.413800526280795722e-01 1.328694324777050326e+02
1.035321027948421033e+02 2.166835394243966095e-01 2.430507027624104310e+00
3.138143246810154324e+03 -1.967920418742299254e-02 6.076560581927545890e-01
1.550852443412289858e+02 1.984240431188396547e-01 3.053015943192586512e+00
5.319570579238290520e+03 4.590465534599671299e-02 5.604798991535486330e+00
2.939886711492231370e+03 8.050442558612610489e-01 9.526647822972138329e+02
3.230950215082518753e+03 1.434321843824936382e-01 3.323483258791920747e+01
1.288279799896483382e+03 6.733707515079501160e-01 2.920711754046022293e+02
1.727808324383946683e+03 5.680379190789995869e-01 2.787534312645913701e+02
3.958355804296408223e+03 3.781357352482460632e-01 2.829959868531583425e+02
2.179175679568413386e+02 1.150336977645382702e-01 1.441824525354381104e+00
2.564572928928773308e+03 -8.089994452127188262e-01 8.392309765104248527e+02
1.944840953264384780e+03 -4.442238773296968146e-01 1.918924519949977423e+02
8.498920160895186200e+03 -6.471463817946263575e-01 1.779667250280987219e+03
1.037485307874906312e+03 8.558786193476946025e-01 3.799936282875118536e+02
5.451543513407804312e+03 -6.991768365354611436e-02 1.332488749750739743e+01
3.071529024514428556e+02 -1.093304845680097143e-01 1.835723103716906612e+00
4.020504037864658358e+02 -3.134717860630256703e-01 1.975365314513248194e+01
9.963982338416264611e+03 3.720287560782157416e-02 6.895344573999992122e+00
3.693653513849446881e+02 4.874724361129719741e-01 4.388602897725649399e+01
2.043756664070481861e+02 -9.511117283063592609e-01 9.244049546699535824e+01
3.114545387122089778e+03 -3.244006354627045896e-01 1.638807945708550733e+02
6.241720557751334127e+03 9.831719709811574948e-01 3.016708197407552689e+03
1.342563935697627358e+03 -2.428808560109972994e-02 3.959966855180886425e-01
2.083077406875546785e+03 1.423308096482504836e-02 2.109955289573469950e-01
3.101793683047462309e+03 -8.727915361300969677e-02 1.181419034129622680e+01
8.074677484281592115e+02 4.923925503155420214e-01 9.788544882739346065e+01
1.050607696242811016e+03 -9.623374158830665104e-02 4.864803752645229906e+00
2.088036960188755415e+02 -1.927717476297610005e-02 3.879671507614037423e-02
3.431448879486983969e+03 -2.192489724921561564e-02 8.247506587471823414e-01
9.100088327328301602e+03 4.126711245307840975e-02 7.748609504075314014e+00
3.353232854349368495e+02 -5.098989675147429512e-01 4.359151692433538727e+01
9.818998632144731573e+02 2.133638139912258092e-01 2.235006218697704483e+01
1.576472657235061433e+03 -5.839417411538628810e-01 2.687790953771893783e+02
3.268912702142149101e+03 -5.368488605981035222e-02 4.710612698068743498e+00
1.745669232918361104e+03 -4.909947430302672444e-01 2.104193363219295918e+02
4.631190905433896887e+02 7.679292450466167486e-01 1.365542125888795795e+02
5.485067928322909211e+03 2.700552309826718955e-02 2.000125296901240635e+00
6.445576703748340151e+03 -6.330341767048905943e-01 1.291475288355094563e+03
7.691330803493872736e+03 -1.128954588228714973e-01 4.901448467596196679e+01
3.821688793781804179e+03 -7.135406222532799658e-01 9.728877358651602663e+02
1.607940402328379719e+02 3.087578900815536875e-01 7.664363272307088693e+00
5.060977394758293485e+03 -5.450729354378639480e-01 7.518195917084302664e+02
3.056911912217936333e+03 -1.222695664083143022e-02 2.285018249087510112e-01
3.999058347320981284e+02 -8.833206569218949866e-01 1.560143401104021734e+02
3.696060296941301658e+03 5.285519254012922136e-02 5.162788932302796674e+00
8.037835639890894299e+02 -4.421306501592969090e-02 7.856160934485811875e-01
3.521674003416203959e+03 3.187434829799770664e-02 1.788964751822705646e+00
1.551784515017505726e+02 -6.031313708788824668e-01 2.822443484063186858e+01
2.257846571713080721e+03 3.045146591098401023e-01 1.046841278853967339e+02
1.201243008550848828e+02 -2.400118287984144283e-01 3.459920895303846500e+00
3.394936587736669026e+03 -1.147600506861780507e-02 2.235543545824839329e-01
1.799451832801513547e+02 3.521881879553284689e-01 1.115988713859653458e+01
1.074130282414992735e+03 2.510827667141051628e-02 3.385795910101945250e-01
7.753616518233385250e+03 -1.089903838908447137e-01 4.605223228616831221e+01
1.343561148263104087e+03 1.091606253176108723e-02 8.004965616569204023e-02
7.041830892912224726e+02 -3.944992872917923304e-02 5.479589712575837490e-01
2.184010911789013790e+03 -6.723528898941917298e-01 4.936502485185736191e+02
6.223841217230295797e+02 5.497119890531004111e-02 9.403703483195675616e-01
3.314389571897570477e+03 1.235344267500589760e-02 2.529004294027811794e-01
8.238012541306297862e+03 -2.038242853324737369e-01 1.711213940509806264e+02
3.452310019949981324e+03 2.737692627352176708e-02 1.293746434483276309e+00
2.849286448950904287e+02 -2.848817958951295193e-01 1.156206785674814164e+01
3.208998360019589882e+02 1.163588189505907963e-02 2.172391568033160344e-02
1.635564334260677697e+03 -5.238545869759924506e-02 2.244187494594998000e+00
3.989602170170197155e+02 -3.076851119994199468e-01 1.888480743509768445e+01
1.925875008192980147e+02 2.883527154304078577e-01 8.006564245681548897e+00
5.547673009102649075e+02 -7.717747876821623443e-02 1.652197775901862675e+00
5.378279207015464635e+03 2.608403132866828414e-02 1.829627903337009531e+00
2.188621285057668501e+03 3.964359929189340548e-01 1.719834981955959563e+02
1.533581384234318534e+02 -3.549875360385267298e-01 9.662801144593851532e+00
2.547196188126659763e+03 9.953884617792256584e-02 1.261878686185713505e+01
7.228541353827105013e+03 3.250673818979704643e-02 3.819156553306331858e+00
1.589165012525086013e+03 -3.263108914914203407e-01 8.460619010391310724e+01
6.252384962679230966e+02 9.671000260499180712e-01 2.923872995586755223e+02
3.723620917165409537e+03 -8.282392800626800500e-02 1.277165306302892311e+01
3.508084094518164875e+03 -1.379815620925284834e-02 3.339505126556853165e-01
1.837906904079596302e+02 -3.572872713348878432e-02 1.173082624806835450e-01
1.213008459844463232e+03 1.258436760277974742e-01 9.604983565605456519e+00
2.839220602205612522e+03 -3.801460646582802694e-01 2.051493474855434158e+02
1.640245819476024565e+02 -2.788421827834732247e-01 6.376698617385020640e+00
2.180272910361583399e+03 -2.862081077567664097e-02 8.929861596800261481e-01
2.061654128482280157e+02 9.964807117392121549e-01 1.023584276264038948e+02
3.079966896717236295e+02 1.193701779230625995e-02 2.194359279287063855e-02
2.223742079114499290e+02 -6.824586132545776840e-01 5.178536684964552705e+01
1.894223670294747990e+02 -8.485383041945673277e-01 6.819368624757440500e+01
2.867267412281918837e+02 6.134067924900197255e-01 5.394303340479434183e+01
4.181459821800360714e+02 -1.720124367577909041e-01 6.186109866156906278e+00
1.207460314363361704e+03 -1.086139639404799795e-02 7.122200536487027778e-02
3.407298775408548863e+02 -2.547300763296542758e-01 1.105453993604868934e+01
1.637453301882060259e+02 4.727560917077826552e-01 1.829840328640759495e+01
3.532483370299384660e+03 5.132051136915840583e-01 4.651918319892495219e+02
4.866767612324254060e+02 -2.407390717969518090e-01 1.410274901794703162e+01
1.071400020193677619e+03 -2.679498531436350639e-01 3.846171994442091346e+01
3.188890435355272984e+03 7.202025982563645679e-01 8.270256321119676386e+02
1.633829946029299265e+02 4.904350154702312448e-02 1.964897028506506771e-01
2.212187077860446607e+02 -5.413787904437881299e-02 3.241860556031775364e-01
4.433374792921795233e+02 2.007708684923386819e-02 8.935232288735471540e-02
2.045791251374693331e+02 -2.945347938841415547e-01 8.873695738960480028e+00
2.879247014937273548e+02 -3.964091962312977224e-01 2.262227991028865048e+01
1.903164295716940160e+03 1.978335229105004922e-01 3.724311991332986338e+01
3.019902726540447588e+02 -2.264220249119712203e-01 7.741057592552380129e+00
1.634729743100786891e+03 6.082533802736841272e-02 3.024022589808885275e+00
1.498011375410380026e+02 1.659664567039375108e-02 2.063126036546431702e-02
4.321629843360411201e+02 1.678461802211004064e-02 6.087521311482167741e-02
1.255839714805669701e+03 -2.348367011499172957e-02 3.462869773189624634e-01
1.269118171290255532e+03 -6.610609760727458040e-02 2.773033446600166929e+00
5.606976489059962660e+03 1.482485693242669225e-02 6.161405063534276527e-01
1.440828834347041266e+03 -5.328882190272518637e-02 2.045759768484368024e+00
2.164103181411746277e+02 -4.308817305376413248e-02 2.008926873816755665e-01
8.664098981009932459e+02 7.444767501543043675e-01 2.401019505642181571e+02
3.128832224734312035e+02 3.638184538082924191e-01 2.070721667485593542e+01
2.854785020242539304e+03 6.845610903719979989e-02 6.689102255845042144e+00
3.829002253726299614e+02 -2.689506186971087343e-01 1.384843578881835846e+01
9.037384889989601788e+02 1.716005015224076613e-01 1.330607259728192382e+01
9.051041675302793692e+02 1.579121848297888528e-02 1.128495557247838760e-01
1.860589825243561961e+02 2.415893465517545413e-01 5.429704619837505852e+00
5.296046021571583879e+03 -2.437234569042822513e-02 1.572955417498764996e+00
6.208261528084456131e+02 -1.997774378839472023e-02 1.238890395568380820e-01
9.315323255297569631e+03 1.279307797840311955e-01 7.622861491228948694e+01
5.371700865980728850e+02 -8.145407852432835771e-02 1.781999157330655503e+00
1.393065016152366127e+02 5.084110476592570427e-01 1.800409718363825817e+01
4.553912021150869805e+03 -3.022153482340123043e-02 2.079637660093463847e+00
9.906689443606094301e+02 -1.318528211931740274e-02 8.611472250546264862e-02
1.591928055621793192e+03 5.296246406377332905e-01 2.232697086562963307e+02
3.355387912278877707e+02 7.461788382113088147e-02 9.341112367458288546e-01
1.660201567216976173e+02 -3.993510133458170325e-02 1.323854955381076892e-01
1.562387914206605046e+03 1.364234111138052374e-01 1.453907188801451333e+01
3.223496284416078765e+02 -6.280770287372654526e-01 6.358036224405397263e+01
1.140643640728213057e+02 -1.460213626151556435e-02 1.216053778429860080e-02
9.458639565519833923e+03 1.782727530874415600e-01 1.503033372508675427e+02
1.239562021684831450e+02 -2.291705734433724731e-02 3.255037294927087821e-02
6.841812950403458672e+03 -4.141335327783998710e-02 5.867079802269885569e+00
2.037751172531847715e+03 3.351933717731216955e-01 1.144753553588774508e+02
3.431670089366283719e+03 5.371540394912929089e-02 4.950775417417247581e+00
3.515445284854147758e+03 -9.844394098742469401e-01 1.703445840077391722e+03
3.567173452112520408e+03 9.870407360246588047e-01 1.737658323698880395e+03
3.780720617085590902e+02 1.874412212420423496e-01 6.641631874165788041e+00
2.297217474211219610e+02 -2.053690622406711686e-01 4.844424095215169146e+00
1.253762221105805793e+03 -3.777019167689967261e-01 8.943006806424459398e+01
9.402310974418605838e+03 -1.530576339050205570e-01 1.101322738760996884e+02
9.439842475469300553e+03 1.834038282748976512e-01 1.587638218226901472e+02
5.957356220114318148e+02 6.769889926485997966e-01 1.365170165784364542e+02
2.229035579431153451e+02 2.253176462625148813e-01 5.658188564293086031e+00
1.508854837838253786e+02 -3.283556751662232709e-01 8.134044007574670943e+00
4.556429587718631637e+02 -2.764789131842122424e-02 1.741480817033350115e-01
2.617595701310569893e+02 -3.382445069456518211e-02 1.497387067664694149e-01
1.926137622362955426e+03 1.755112824073016761e-02 2.966657414702409401e-01
7.678923908895257227e+03 1.621435003779896078e-01 1.009414310104242531e+02
6.572814653888190151e+02 1.319208752877032952e-02 5.719373232691247338e-02
2.378916652340071778e+02 1.455064619760278004e-02 2.518336687836579893e-02
2.698643265148743012e+03 -3.284159865774700926e-02 1.455338646072409370e+00
7.837610644104996027e+03 3.428960800699599326e-02 4.607642016599248436e+00
6.642057538555915016e+03 -2.788773144298961615e-01 2.582848976088546351e+02
2.633266485875903982e+03 1.175105272493299907e-01 1.818102507993508965e+01
2.413947875792191269e+02 -3.766759290486868528e-01 1.712512021030615728e+01
5.352864857601994117e+02 -1.348873826672103253e-02 4.869663353517912630e-02
1.076371986410874513e+02 4.182040674159383936e-02 9.412584661282026588e-02
1.057875282289581719e+03 8.891975199900846449e-02 4.182163040203166204e+00
1.173629382184054037e+02 9.149346823977291820e-02 4.912257895817652154e-01
7.491599805221705992e+02 -2.144682607168620081e-01 1.722941903599709335e+01
1.337782246597446090e+02 1.097837970912287145e-02 8.061798292927186207e-03
3.038227442030231487e+03 9.639750230778379447e-02 1.411633151742358727e+01
8.728045773887259202e+03 1.381074058101537660e-02 8.323786931253934762e-01
1.562757214088097442e+02 -2.233945210320636629e-02 3.899478692014787112e-02
6.741297690689109913e+03 -1.432265653978851416e-01 6.914498156566934028e+01
1.689065661677652201e+02 -6.432599567046765054e-01 3.494536424244903117e+01
6.089698627469831536e+02 2.726946225635694734e-02 2.264221722122762015e-01
3.623736118881527091e+03 6.815960046868191347e-01 8.417451858159070071e+02
9.188860183945641893e+02 -3.202086522310423899e-02 4.710833698169902828e-01
1.664769476323324966e+02 -1.965382521555316953e-01 3.215276214466409321e+00
4.448623034039212143e+03 -1.177730401553909317e-01 3.085228840146380236e+01
9.728876742411135638e+03 1.435926472636487455e-02 1.002991170749682359e+00
1.138116479371755304e+03 4.994502402139252423e-02 1.419518865751406844e+00
2.165321195596878852e+02 -5.899457648700130036e-02 3.768048697570890448e-01
3.119427483835446765e+03 1.115003324624921771e-01 1.939086680395786288e+01
9.879999113366212669e+02 2.423354109182475694e-02 2.901086438070565876e-01
1.119760626768284055e+03 -9.970812427304608372e-01 5.566167736156299952e+02
7.372417625720216165e+03 1.322179918260961151e-01 6.444081826061395191e+01
3.662217603350436548e+03 -1.568803722334580902e-02 4.506624489986967297e-01
4.795165288771231076e+02 2.161857904069662828e-01 1.120541320898554005e+01
2.576567111363490767e+03 -3.920643376731897667e-01 1.980277916033613224e+02
9.314968099629924836e+03 6.172083933211766071e-01 1.774250853998907360e+03
2.682405915716271920e+02 4.768963782608494628e-01 3.050299973945964638e+01
7.776785851363377333e+03 1.062471855495247287e-02 4.389398525939889328e-01
4.512366684504581258e+02 -2.684192353345080106e-01 1.625554961899153383e+01
7.750044073128187847e+02 9.016398635627992375e-02 3.150216383539181209e+00
3.651088165867233215e+02 -1.856510466949307103e-02 6.291977036021051406e-02
5.157210904047692566e+02 -6.709558642362067893e-01 1.160841171043924902e+02
2.885317585592901196e+03 -2.065533994746176008e-02 6.155003739338735791e-01
1.519323706735427322e+03 1.092761821838763442e-01 9.071337929472337080e+00
9.910381360244980897e+03 5.082437515323440930e-02 1.279983782773319234e+01
5.049079702343386771e+02 1.597262229841796277e-01 6.440723789822027534e+00
4.480844350159950977e+02 7.328751605022100213e-01 1.203344194742631146e+02
5.122589976217695039e+03 -1.552094581264815421e-01 6.170153451562748614e+01
5.396280918436517595e+02 2.972785585262961369e-02 2.384469256068500742e-01
1.072353992023635811e+02 3.749009806114947940e-01 7.536007638258443997e+00
3.017029623932223785e+02 -2.103565453302834107e-02 6.675159361999152829e-02
1.662806724476056615e+03 1.431945988845479203e-02 1.704767082632511199e-01
4.674410761841032240e+02 6.616267380918090801e-02 1.023111516569810808e+00
3.594266390870113810e+02 -2.122528042062608866e-02 8.096310207070710196e-02
5.666542835219574954e+02 9.817832528248794655e-02 2.730985660196862508e+00
9.038567108900006133e+03 6.683584826965330850e-01 2.018777799073197230e+03
8.199748691843947199e+02 -8.234590750609827037e-01 2.780062673904748749e+02
3.469319811908801512e+03 2.873336150992905069e-01 1.432145736744311080e+02
7.054057927165973524e+03 -7.015756987886735407e-01 1.736033498528997143e+03
1.273885006262161852e+02 -1.182169311266071388e-01 8.901426134076854124e-01
3.017269249391990229e+02 -1.351757784737790680e-02 2.756651273177674819e-02
1.558826532231963711e+02 8.143071521069511487e-01 5.168259266460659518e+01
5.396923377798733782e+03 5.947036190305491354e-01 9.543714069472592882e+02
6.393587512535455062e+02 -4.863049173496208910e-01 7.560176599348226034e+01
4.026916775023540140e+03 -5.379330874446812683e-01 5.826384937349816937e+02
1.947542480740144413e+02 9.217283850296744685e-01 8.272997018173748529e+01
6.010776400674836623e+03 -1.671489373738528350e-01 8.396684147082997640e+01
9.507295248111734054e+02 -1.370926077174273727e-01 8.934187452500808035e+00
3.253392724282898143e+03 2.286763498316092547e-02 8.506462622997921219e-01
1.146206174468259178e+02 -4.157325426718551376e-02 9.905143938418935201e-02
2.740749839430338852e+03 1.779278483103701736e-01 4.338376663798943156e+01
2.196216649410511650e+02 6.660428585909903276e-01 4.871352265062692055e+01
2.950919478042197170e+03 -5.408999600108038708e-01 4.316793380584226156e+02
6.845911962999145544e+03 -1.110645336956240792e-01 4.222329381516815516e+01
5.658463862059815028e+02 9.153978075463786723e-02 2.370763797541948215e+00
1.376518167018112763e+03 2.344112092728763488e-02 3.781888342254777768e-01
3.017652559106324475e+02 -1.932518834019032739e-02 5.634906445725697960e-02
4.783892281873172010e+02 -2.436482546546164807e-01 1.419966197001463115e+01
3.064788526043994352e+03 2.067429281689777201e-02 6.549857379072004937e-01
4.121158801282048785e+02 -6.515487325239945893e-01 8.747484114566347557e+01
1.944748444596324589e+03 7.740767641146273359e-02 5.826416133822442944e+00
7.049798876649540034e+03 1.334281468573646386e-02 6.275403276103036498e-01
1.463921849584434085e+02 -1.181142844257123889e-02 1.021157528610557724e-02
6.664089215921343339e+02 2.568400466800013771e-02 2.198043521606934947e-01
4.510213811861945601e+02 1.348365202149699738e-01 4.099984424387320914e+00
1.461648105431103204e+02 6.613759615791708901e-01 3.196757142896690951e+01
6.342356867683498649e+02 -7.969014507839829176e-02 2.013862960245786038e+00
1.558765009787351232e+02 -8.277399467338793226e-02 5.339965882632515815e-01
5.505158811553727674e+02 1.233767894271386723e-01 4.189930174754048942e+00
9.135517132374727680e+02 -2.418585529781970903e-02 2.671935936693070057e-01
4.046977868700852014e+03 6.327363327675543658e-01 8.101144521870761537e+02
4.103558500822949782e+02 -2.588579809888468253e-01 1.374845043999991034e+01
1.006803581651948463e+02 5.892697452418695775e-02 1.748006502040649335e-01
1.376802035413697240e+03 1.162004465343830367e-01 9.295164876196716719e+00
6.381181886691770160e+03 1.687005789726799682e-02 9.080385243270829854e-01
9.063373200774085490e+03 -4.066669191999432165e-02 7.494411903376518858e+00
2.529867594722271349e+02 7.304269390582149857e-01 6.748719236624943107e+01
4.127279882193318372e+03 -2.349758178316191382e-01 1.139410624082221801e+02
2.874353396772406995e+03 -1.192089782947343586e-02 2.042340260921109707e-01
1.479297128782023492e+03 5.769677311680938558e-01 2.462229144594607249e+02
4.359422085924017551e+02 1.169421104863857010e-02 2.980854508731475144e-02
5.950785458530928736e+03 5.958930305973515751e-02 1.056527752792943353e+01
1.108389834376963705e+02 1.983599379256978726e-02 2.180572173684608428e-02
8.547412745039173387e+02 5.116065036007468730e-02 1.118605096473265448e+00
4.265022391038067440e+02 3.220193277243400820e-02 2.211338350758375593e-01
2.151910753368293172e+03 -3.570759133723198225e-02 1.371877620959689459e+00
1.011514115475789168e+02 -1.039393619920054163e-01 5.463891231239422774e-01
3.771277577435099829e+03 -6.649015733558041319e-01 8.336297874677932214e+02
4.815014404735519747e+03 -1.345139728320305858e-02 4.356145671529420560e-01
4.918677268721374276e+03 6.072177533806480954e-01 9.067911096772503470e+02
2.588554980869416227e+02 -2.217769628903365139e-02 6.365906589484006395e-02
2.484706395144034730e+02 -4.218170311475671896e-01 2.210514171510083870e+01
2.542759837000232892e+03 1.454182764125756637e-02 2.688520380802458254e-01
5.773198046621577305e+03 1.787624513875009646e-01 9.224419887655561467e+01
1.205292453036042417e+02 -1.315999656588523192e-01 1.043695938565445402e+00
1.329127136765263515e+02 3.930972875358237917e-02 1.026920027121787510e-01
2.636893651529810541e+02 -1.448415671697446221e-02 2.765980087996773931e-02
1.825639237787656270e+02 2.331515046711675823e-02 4.962053138195038349e-02
1.428495013503966447e+03 -2.874622944878421280e-02 5.902153613128983123e-01
2.432442530519848788e+03 -2.477230186128610845e-02 7.463547816149987968e-01
4.799300225589520778e+03 -4.603823381749303639e-02 5.086103942712054682e+00
1.969180517359693852e+02 -3.021723494344255231e-02 8.990109411805981277e-02
1.183274992266775456e+02 -7.163006329839581854e-01 3.035612694381740440e+01
1.358406539304087630e+02 -1.051034614395886663e-01 7.502980301379436057e-01
1.622861495514150647e+03 5.686005908211211324e-01 2.623409420629366764e+02
5.683386210872285119e+03 6.669421274516031117e-02 1.264018629168823438e+01
2.089674538596393177e+03 5.818644204278079490e-01 3.537465878130345800e+02
6.524769560172443562e+03 1.541110941730913439e-02 7.748238674595189224e-01
1.185358520564209357e+03 3.765566038440230634e-01 8.403888215934220796e+01
5.166951450120009213e+03 4.616193643323961843e-02 5.505191395439542390e+00
7.745158906279896655e+03 -5.960411936155319834e-01 1.375792344052532826e+03
4.155225328757082934e+02 -3.306258726341319149e-02 2.271110447873308236e-01
1.524677958002009973e+03 9.358988485759656140e-01 6.677377848943596064e+02
9.071947242703573693e+02 6.096306488417558844e-01 1.685792455428593257e+02
1.643874864746079538e+02 -4.857133159181557525e-01 1.939093627704356493e+01
2.913850313404480403e+03 -1.143360309755842019e-02 1.904598625969420034e-01
2.499820433797327951e+03 -2.554027203661717871e-01 8.153233036200889217e+01
2.353731507574928230e+02 2.588877900194342385e-01 7.887694139664642279e+00
1.412597224529090454e+03 2.762698807602975704e-02 5.390827478793893679e-01
5.964478321510171099e+02 -7.386181278859607624e-02 1.626980670987736133e+00
9.317200549922714345e+03 -5.978170225501857615e-01 1.664914755818271487e+03
2.600394198790045721e+03 3.047703808343541973e-02 1.207687881184493772e+00
6.700075079088732082e+02 9.975552015837743647e-02 3.333677229908433848e+00
6.355648410250364577e+03 1.888954201740780936e-01 1.133894700647243212e+02
2.369626907914721698e+02 -7.101824571989183432e-02 5.975714739796420538e-01
4.338622225513514650e+02 -2.995957798772287961e-01 1.947122270777312991e+01
2.292272897931826719e+03 2.528280404002676840e-01 7.326335473574165746e+01
2.267690258476827410e+02 -1.785478851827505820e-02 3.614624266307013556e-02
6.505910367568386619e+02 2.363846200096851036e-01 1.817676167148317745e+01
1.327896207192002066e+03 1.131759572849902196e-01 8.504376681576484742e+00
3.291114156698113788e+02 1.500618975789012599e-01 3.705559736722161546e+00
3.389420567977185328e+03 1.310579570983981881e-02 2.910866264466249742e-01
4.555241782752549398e+02 5.552327381528346928e-01 7.021526975379961755e+01
1.425851414377247238e+03 -1.244637010215903089e-01 1.104408389197427809e+01
9.269092078374242192e+03 1.141003351887087854e-02 6.033662881767049013e-01
4.727226469842995016e+02 1.727466450615993548e-02 7.053353597768936833e-02
2.940694198834520421e+02 2.121515339025510649e-02 6.617778415113897972e-02
6.745857682389681941e+03 -6.699269847709632408e-01 1.513777766063903755e+03
4.379894212887018057e+02 -7.964133077138650652e-02 1.389026854165251068e+00
1.458719119225557108e+02 -3.856038965830870247e-01 1.084487391788687027e+01
4.930703154141879168e+02 1.385136232109702298e-02 4.730029407010637177e-02
7.249568545287769439e+02 1.583285437977386204e-02 9.086583036874908148e-02
1.307130747467747369e+02 5.880175074153956016e-01 2.259797628513802081e+01
1.358044982601352103e+03 4.322608746072922198e-02 1.268749883508109466e+00
1.856447773574147675e+02 5.048433749571857865e-01 2.365734825614394055e+01
6.989411783772430908e+02 1.551284127796269396e-01 8.409948379795649132e+00
2.025284356467717998e+03 -3.348174681132937841e-02 1.135199597348698131e+00
2.225554211034300351e+02 1.802167233565382318e-02 3.614084980897746407e-02
4.480685525621162810e+02 6.999850331393547842e-01 1.097721011021937301e+02
5.164024508376698577e+03 5.262579506686396874e-02 7.150816596835093186e+00
2.146555105044524225e+02 -5.048362967642505694e-01 2.735351805961988703e+01
8.453562357861512737e+02 -1.920667703393755602e-02 1.559244540919627053e-01
7.473531272395316591e+02 8.828067438218985263e-02 2.912239879403831555e+00
1.329354188410374888e+02 1.353201671655289706e-01 1.217126627688946527e+00
1.567982233866672175e+02 9.263293075549993150e-01 6.727317906166770456e+01
7.620729202354514200e+02 5.132736546208430672e-01 1.003839961774520049e+02
2.115600599522540051e+03 2.957385929057013141e-02 9.251660557765527537e-01
1.068484775139398153e+03 4.821783398825489897e-01 1.242091922039470546e+02
1.253413161944818484e+02 -3.845831174664272600e-01 9.269251934962058570e+00
3.750069852680065651e+03 -2.409658906158156644e-01 1.088730788080941210e+02
8.450095385481225094e+03 1.933173858154697833e-01 1.578968416118585196e+02
4.107054336010705811e+03 6.502701040264634302e-02 8.683364440432590925e+00
1.921077589712615463e+03 -2.001329256615153873e-01 3.847264086812161565e+01
1.132024424070569239e+03 -4.672332787022714234e-02 1.235643921594251182e+00
3.998224735084691019e+03 1.516163969746826823e-02 4.595465918379405545e-01
3.247222718521955471e+02 4.501906552514077509e-02 3.290599542963866808e-01
2.696587637600499420e+03 1.588019512513005535e-02 3.400135404425706498e-01
6.284520229151701187e+02 7.654568142495343785e-02 1.841126037947168337e+00
1.318033473684289447e+03 3.020978506541557862e-01 6.014391784902677784e+01
7.024714427384470810e+02 -9.207311896476378932e-01 2.977586510099363295e+02
6.831398842104467803e+02 -7.402462696186840052e-01 1.871682160957081749e+02
1.718881563230448592e+03 2.854296645444600600e-01 7.001872075164840226e+01
1.401416955476205203e+03 2.067869919358427191e-02 2.996289714110811908e-01
2.260746350523240835e+02 2.943813350248428162e-02 9.795855807084014044e-02
1.668297932650052189e+03 -2.455538558239957897e-02 5.029642673299716815e-01
8.604584796540642628e+02 -3.865631311661250208e-02 6.428960893115087671e-01
5.261584883943494333e+02 3.308150522152793899e-02 2.879102385098771255e-01
2.412002578096671641e+03 -8.265685621790910820e-02 8.239588798051855179e+00
1.790016233770481335e+02 -3.475026098053130008e-01 1.080794472995916600e+01
1.753973099216959497e+02 1.889143361228041648e-02 3.129844532041748534e-02
1.690712915117737793e+02 -2.991254034237090798e-01 7.563912029154328920e+00
2.017652030634594098e+02 4.790589905745691324e-01 2.315230650457973383e+01
7.568134953503447377e+02 -2.819868753890390489e-01 3.008961719438261539e+01
3.302378130501971896e+02 1.273470195476152957e-02 2.677776797400053047e-02
3.699730770566862930e+02 1.171726556653326576e-02 2.539759960248879830e-02
4.099768555175712208e+03 1.086191950301179793e-01 2.418480022642327398e+01
4.370489224648901654e+03 1.161022040197604299e-01 2.945648939154480317e+01
2.854483922484371874e+02 -2.831936415039827334e-02 1.144628622276989832e-01
7.025677471305341896e+03 -2.910115135257281271e-01 2.974942365221023124e+02
6.192201725532596356e+03 -4.953845376603852602e-01 7.598012334255719225e+02
1.843872448665705406e+02 -3.981256475825513674e-01 1.461306081241705357e+01
2.112460788877034759e+02 1.107017587733707398e-01 1.294397609772397928e+00
3.469194979824699203e+02 3.985980828614094640e-01 2.755935979549987636e+01
4.531375430883847912e+03 2.222054706042979888e-01 1.118689453285019937e+02
4.946643275996314514e+03 -3.674336152318655874e-02 3.339168760723190132e+00
2.629946845687587711e+02 -1.808343074625430591e-01 4.300100738259896360e+00
1.931175843923943489e+02 1.244859324847453867e-02 1.496347210619341367e-02
7.805768049850822763e+02 2.126016490686825078e-01 1.764082550008982864e+01
1.177367060062982631e+02 -3.109167321449340937e-02 5.690757433579223673e-02
4.365653541064705678e+03 7.175737849337274210e-02 1.123963996731696646e+01
1.150222322913091659e+02 1.758509073241317500e-01 1.778447392979077391e+00
2.596570638435618548e+03 4.162027270529534972e-02 2.248950979269614958e+00
2.571756126363609383e+02 5.880797215068829242e-01 4.447051875221045947e+01
1.689502133146421556e+02 -1.756477818704713090e-02 2.606238093848459517e-02
1.500532569152996075e+03 -1.577521823177674420e-02 1.867093996118640298e-01
8.275769818979399133e+03 -2.640495371946005240e-02 2.885022658287669906e+00
1.489281496197397416e+02 7.562274246985921655e-01 4.258450898625578418e+01
2.108802264990210915e+03 5.040824096837937668e-02 2.679223532395222040e+00
4.447515495210367362e+02 -5.158077891181214736e-02 5.916478167913877817e-01
2.777485175661661287e+02 1.032846803246964401e-01 1.481472428631590565e+00
1.214021259282202436e+03 5.425763878988174027e-02 1.786973352310013530e+00
1.072753798238835969e+02 2.092680296975817089e-01 2.348961160781758206e+00
1.008841413859632610e+02 1.413325103734862920e-01 1.007574232799202996e+00
8.169000624624238299e+03 3.205677731415997322e-01 4.197383532136581152e+02
4.559068895490646355e+03 4.927560002661900140e-02 5.534902847868377052e+00
1.026901391295864556e+02 1.791221554423722828e-01 1.647393544621912120e+00
8.534990874353903791e+02 -6.007500235228067920e-02 1.540141624354087746e+00
1.207867818248014515e+02 -2.309817584212952440e-02 3.222142780666197026e-02
8.091914977870912480e+03 3.821332790471957536e-02 5.908143528833596392e+00
5.387899767280975539e+03 -1.122529048942857849e-01 3.394569378456593256e+01
2.470547606951579837e+03 -2.880001810610534688e-02 1.024586791836826993e+00
4.585958715943158950e+02 -1.415095157007328387e-02 4.591678102118847832e-02
1.442318186582384101e+02 -1.406954942497460823e-02 1.427550442270613361e-02
1.092997173853597133e+03 -2.335152736513724236e-01 2.980023077105192897e+01
9.232998540121861879e+02 3.155031064920502670e-01 4.595365407568694138e+01
2.693210551464493392e+02 1.020450720722407556e-01 1.402246565955031832e+00
8.966212517616727382e+02 -1.066441443869068154e-02 5.098624882264023161e-02
1.189659302655400325e+03 4.114127589637760485e-01 1.006811393573869822e+02
1.157133429356015739e+02 -2.732040038830047535e-01 4.318446705836516131e+00
4.389962412683123034e+02 -4.081603406464787143e-02 3.656725948432801854e-01
1.847486576702913510e+02 -5.763674093096233797e-01 3.068669573820171337e+01
3.630419816731745186e+02 7.893342281843514219e-02 1.130963853764331839e+00
2.633859616797962531e+02 6.000071773985093254e-02 4.741060736475273818e-01
3.144625666730010494e+02 -4.184317362285744357e-02 2.752885777790733957e-01
6.075310876429269911e+02 -2.109226673013677167e-01 1.351403438719281347e+01
4.235539302467924472e+02 -6.793659259802696804e-01 9.774312992863369232e+01
1.096350000541143288e+02 -4.301820306303565794e-02 1.014433905050164397e-01
3.597984963536649161e+02 -2.797259093511013373e-02 1.407650169918296668e-01
1.068702266043389500e+03 -9.297256982562061012e-01 4.618877085433059051e+02
1.834296892758426623e+02 8.420737970003890072e-02 6.503392139759446300e-01
2.321535670582233706e+03 -7.514891824356416394e-02 6.555273741529330067e+00
4.682302589822440950e+02 1.328335407262136447e-01 4.130902823831593018e+00
2.188637302913301710e+02 -5.977637194456206782e-01 3.910235429333833679e+01
5.933579326158377398e+02 3.230537564308638698e-01 3.096252340118040181e+01
5.711735201880555906e+03 -2.483749480950294131e-01 1.761788002732925236e+02
5.943366379843549794e+02 2.427034292739056465e-01 1.750468633323956169e+01
3.773225112613723695e+02 -1.860585437482028398e-02 6.531034162992074843e-02
7.480086261019831909e+03 1.470109301213409075e-02 8.083061091682216537e-01
1.892653977675935494e+03 -1.846573456577600414e-01 3.226817497391765954e+01
1.057719125436078969e+02 2.422787483983664392e-01 3.104352320169852852e+00
7.172234282644968744e+02 2.685640606475650852e-02 2.586546326637459425e-01
1.260158150278901985e+03 1.989742445879335783e-02 2.494530314996141196e-01
5.734523553977690426e+03 -6.897456708913743406e-02 1.364097182666255392e+01
7.970454733540344932e+03 9.080637801558724131e-01 3.286138099943856560e+03
1.080157935173769374e+03 1.713199949080911055e-02 1.585160969523582708e-01
7.188239941068811731e+02 -9.228679591033945862e-01 3.061059037300135515e+02
1.807463042362549231e+03 5.265690133864086436e-02 2.505820905317404534e+00
4.540031871686306317e+02 3.677072732411466177e-02 3.069257647270378642e-01
6.645141582895179454e+03 -7.261427030652267689e-01 1.751935842919222068e+03
1.499176136107275568e+02 1.226559238689438613e-01 1.127715944496743283e+00
4.980117963526526182e+03 9.184162013578561767e-02 2.100335664530661006e+01
6.626517120943406553e+03 6.168414214538883028e-02 1.260672813377281720e+01
1.545480838108841226e+02 -1.535313739551782269e-02 1.821494658393723112e-02
8.492336830318610737e+03 -7.447110631485655274e-02 2.354901936059578560e+01
2.552211790185984057e+02 3.994179401664812445e-01 2.035831595635723446e+01
1.334044402347436517e+03 5.829419864331923939e-01 2.266683912506695151e+02
4.415862088712972877e+02 -1.444380011438445854e-01 4.606259969732367843e+00
2.454578118974065148e+02 -2.217662503647669509e-02 6.035840706920186233e-02
1.621601443965364524e+03 4.672689442680955096e-01 1.770304455356236701e+02
2.361023905548343294e+02 1.285745683036318976e-01 1.951553845120167940e+00
6.703283594677558540e+03 -7.675958476332465086e-01 1.974798693317728976e+03
1.595067251231718274e+03 7.194067322178313018e-02 4.127603747769142295e+00
3.534358674635388979e+03 -7.033416967894345895e-02 8.742051377917796628e+00
8.803643565980522908e+03 -2.273828525323976987e-02 2.275872227294244876e+00
1.842043413782948164e+03 -1.066798522351228989e-01 1.048177123119893928e+01
1.512207841355996720e+02 1.612013894518307330e-02 1.964803176976312460e-02
4.017701600715034601e+03 -2.847579057611140593e-02 1.628918152098600691e+00
9.439844047626969541e+02 1.589608556124388339e-01 1.192656027269725172e+01
2.732753544417128069e+02 -1.385502232014781676e-01 2.622919308221688617e+00
8.219904435655661246e+02 5.346213851121881661e-02 1.174706647371554613e+00
7.930163771500791881e+03 -1.595610686457061833e-01 1.009499325869563080e+02
1.146553275963043319e+02 6.095407064204573233e-01 2.129951291454359108e+01
7.048249915266576863e+03 -1.205375541119631765e-02 5.120307562354681208e-01
2.109716482373659346e+03 -9.800507338725195083e-01 1.013190750956285683e+03
1.838158121507969781e+03 -7.183904634640504439e-01 4.743227865564029457e+02
1.074168470938902828e+02 -8.801889302606900056e-01 4.160966408963041374e+01
3.191425569017834732e+03 -4.206568504196310232e-01 2.823648651357781318e+02
8.288203522504956027e+02 -3.061176597013283776e-02 3.883355772773831038e-01
3.021296073782646658e+02 -6.074731666728705459e-01 5.574648497614455778e+01
6.098716872724501627e+03 1.676979379559173366e-01 8.575588266720438924e+01
1.148903131203368133e+02 -4.719783499465969867e-01 1.279668774199886272e+01
5.239362910498443853e+02 3.167911917020931056e-02 2.629024788599099716e-01
9.937899516526065781e+03 2.218886657753310968e-02 2.446441543869787072e+00
2.633946600704038701e+03 -7.291930081668426267e-01 7.002642608388858889e+02
8.943515969382598996e+03 -8.695330981017845851e-01 3.381041695657323544e+03
1.699041671286152678e+03 -8.101852052955740291e-01 5.576255333319255669e+02
2.886654106948050867e+03 -8.577467339586786199e-01 1.061898233102724362e+03
3.666753997252415957e+03 -1.204613930392353129e-02 2.660403684850735084e-01
1.127900974332229822e+02 -4.881809620275833622e-02 1.344010476201653870e-01
2.840452743291391926e+03 -6.501811670319842529e-01 6.003801762897029448e+02
3.480449084000990752e+03 -7.664338242377061183e-01 1.022244104711126852e+03
5.277535940472390394e+03 -1.985085163036497402e-01 1.039823170486925932e+02
4.396556566247359115e+02 1.014106419541588033e-01 2.260735392338224514e+00
5.684312831620553652e+02 1.099099881684192405e-02 3.433383356380687035e-02
2.681607126571913341e+03 2.996286378603260081e-01 1.203737513976527111e+02
1.054362376298279514e+03 -1.937366437044668321e-01 1.978715920454647659e+01
1.780810395350622741e+02 -2.090933011623472351e-02 3.892852289180721154e-02
1.028004842713088038e+02 -8.404915191614114045e-01 3.631046713132831627e+01
1.243481228302263162e+03 3.647599843342703152e-01 8.272249307140506858e+01
1.728800863448346945e+03 -7.426377668163333112e-01 4.767262191761332133e+02
1.998671799425371546e+03 -1.397637946627170169e-01 1.952094581776770355e+01
6.958053757532080681e+02 -1.353024401921489907e-02 6.368967643292310077e-02
1.127512332143495684e+02 -1.200845878723169093e-02 8.129537689471954404e-03
4.757279987430716574e+03 6.349900227598564983e-02 9.590969717293688745e+00
2.850870770252233342e+03 8.289485538826622812e-02 9.794960569757000357e+00
1.810123888816627584e+02 2.216006173265623325e-01 4.444472630131121704e+00
2.785899114940213622e+03 3.940583557465089648e-02 2.162999760966554774e+00
4.770393715624999800e+02 6.841757359968142493e-02 1.116502152419146077e+00
4.126425166406908829e+03 -4.732194627171975032e-01 4.620289345345815946e+02
4.635793156017057299e+03 -4.553750743665829770e-01 4.806540042133445354e+02
5.610779610348326969e+03 -4.230205692701083930e-01 5.020144119152339499e+02
8.411048559415910859e+03 -3.280174733516568603e-02 4.524953312927673998e+00
1.079185540996449078e+02 -3.122095373843143326e-02 5.259669481391418544e-02
2.307549403956084859e+02 1.873979779079704144e-02 4.051826243467793881e-02
1.424524911147693956e+03 5.314502600436386004e-01 2.011709655663874514e+02
3.209555195085004016e+03 1.041705768377327625e-02 1.741425866903643926e-01
1.814978764555569342e+02 -1.574421931959060217e-01 2.249488691742326463e+00
3.480157450163040380e+02 -3.455094236841906863e-01 2.077249635722805721e+01
1.184816858633927268e+03 -8.535594282256139809e-02 4.316072757009392191e+00
2.603871575661967199e+03 -7.566460662737316267e-02 7.453755147101488454e+00
1.790905189858178574e+03 -1.562034521052520497e-01 2.184861211071251219e+01
1.313474689248463619e+03 6.718042892824456491e-02 2.963993571479169642e+00
3.738529562833786031e+02 -3.604145255781045221e-02 2.428149346763023575e-01
2.715750401412882638e+03 8.615129815943529668e-01 1.007821243892759412e+03
9.652351510750255329e+03 2.643004604999701565e-02 3.371312208321918469e+00
1.889890862897192619e+03 -1.001673952307525345e-01 9.481116664665364624e+00
2.467993200716139768e+02 3.748662311219851107e-02 1.734069912510997902e-01
3.091785724669131923e+03 6.372304292628425126e-02 6.277293058856465713e+00
6.616692018967137301e+02 9.962244207136335961e-01 3.283411324621374092e+02
2.096277602468404950e+02 -6.004106306855676589e-01 3.778466227243450959e+01
2.838771647852403476e+03 -2.352307933391430683e-01 7.853962258381595518e+01
6.937562759006461874e+02 7.725503035335421487e-01 2.070286566958669994e+02
1.624429198548009708e+03 -2.495928588998467534e-01 5.059820411771048754e+01
4.092152900372857403e+02 4.877608419008873097e-01 4.867833554854470890e+01
1.876043555148689165e+03 9.268566512611554897e-02 8.058200386776833923e+00
9.782988980382224327e+03 -9.799046916353105763e-01 4.696877600144471216e+03
3.829566991055024232e+02 -1.124797207658060662e-02 2.422524257555898342e-02
2.784641260831356817e+02 -5.199145341507512702e-02 3.763597529347729176e-01
1.838792392042723350e+03 4.112307581483360397e-01 1.554797677959775228e+02
5.030427314723272502e+03 1.855452659019063699e-01 8.659137552375487701e+01
1.319993932651637465e+02 8.306933560535689764e-02 4.554318647911443918e-01
1.644593615006620894e+03 -2.197167115073919152e-01 3.969673469627532114e+01
5.218778697826531925e+02 9.955545480953983395e-01 2.586241086074886084e+02
2.004172001725135885e+02 1.163175567113478893e-02 1.355799711953051788e-02
9.896590015770083255e+02 -5.847765986580193420e-01 1.692137122811780330e+02
2.545333045657057028e+03 -2.231276280298891135e-02 6.336089709686788529e-01
2.031707079753688504e+03 1.456217886041652129e-02 2.154189081112437565e-01
6.428819946188486938e+03 1.098418793897147465e-02 3.878262285886441285e-01
4.384634870906314973e+03 1.705618478820444817e-02 6.377746056879005643e-01
5.181742278721672847e+03 -7.913880271237479225e-02 1.622649664774027300e+01
1.466093222975139497e+03 -4.391347655816059126e-01 1.413602264655965257e+02
2.612945331057770090e+03 -8.590196243205319160e-01 9.640654045969531580e+02
3.141382491170229514e+02 -2.674758169633976168e-01 1.123724548755929398e+01
2.997550869318183118e+02 -1.304504232725571360e-02 2.550513058637206981e-02
3.165645855999519426e+03 4.883544081213763571e-02 3.774874843094076393e+00
3.430392267102058213e+03 2.109163633649312197e-02 7.630172179540574140e-01
4.348241775684122331e+03 -3.312630303219956107e-01 2.385775801420870721e+02
1.898489017058486752e+02 1.518273775398691454e-02 2.188155969074745064e-02
1.546856055409861028e+02 3.223967982892201461e-02 8.038987372727551817e-02
5.499282010945759112e+02 1.488881821086341095e-01 6.095319154227202496e+00
6.887898831216332383e+02 2.061392314560213726e-02 1.463450606728182724e-01
9.358402810717459943e+03 -3.997158842224129982e-02 7.476090546142244442e+00
1.025702566365606572e+03 -1.600854553772142197e-01 1.314302088259350754e+01
1.157415816648673541e+02 2.786411564545192565e-01 4.493139940786159414e+00
4.688558019229728302e+02 -3.496261076363030990e-02 2.865609507834273595e-01
3.294639166548507092e+03 9.938459545518221194e-01 1.627106611848860894e+03
2.081279007775828802e+02 1.290777043698824178e-01 1.733815072467443708e+00
2.036413465710499793e+02 -1.439495863918773856e-02 2.109875393542856234e-02
1.030360284594079161e+02 -1.725172826980892610e-02 1.533290104059330423e-02
2.224760190266086681e+02 5.503042196948715326e-01 3.368673304545385605e+01
2.996526077411807023e+02 -4.459361005376916154e-02 2.979430982481508505e-01
2.879647900755729552e+03 3.033799830568648104e-02 1.325205528281230505e+00
1.467873503827060858e+03 1.371060784553147782e-01 1.379659939167217253e+01
6.132823809940479123e+02 3.502393870215222971e-02 3.761494755319868544e-01
6.752377352168308562e+02 1.009012076912746136e-01 3.437315825831814831e+00
1.389462285154175731e+02 5.240687775894842249e-01 1.908065769566983860e+01
7.754972765968522026e+02 -1.844582972618475508e-02 1.319309446278389697e-01
2.129889855844829981e+03 -3.960332253324067020e-02 1.670284284468845470e+00
5.962477075231317031e+03 4.743726991298041762e-01 6.708664913334607718e+02
2.034179523360809981e+03 1.478193871818460174e-02 2.222399228166350993e-01
1.358429042554978878e+03 4.155178826149443783e-01 1.172698584096638115e+02
7.933981087765138227e+02 -4.492889675986569964e-01 8.007789977847593832e+01
3.939495924282340411e+02 6.452365321333358716e-02 8.200655283591848921e-01
2.274362507602859012e+02 -1.176534044104495490e-02 1.574123087213987957e-02
2.851033737716869609e+02 -7.814839189647183881e-02 8.705875503890146971e-01
4.247514116628265583e+03 2.767932012743652415e-01 1.627105347510874367e+02
1.055408027458708148e+03 1.774905461118601521e-02 1.662420358630009309e-01
1.258190709452040466e+02 -1.686448268876158604e-02 1.789214982418071281e-02
1.106838433301986981e+02 -5.762535987801380433e-01 1.837729287121468502e+01
2.409993680270740242e+03 4.320042367727849192e-02 2.248857412923682464e+00
2.848368272733645199e+02 4.352853538730353522e-01 2.698449240903438096e+01
2.987612847007697496e+02 -5.313929830550020439e-01 4.218188208044092136e+01
5.599723203826100871e+03 -4.337955399772338017e-01 5.268739538574288872e+02
3.624080176259968539e+03 6.801908986154898973e-02 8.383578484700688449e+00
1.814184645575368222e+03 -3.139576673342601154e-01 8.941156131166530940e+01
7.494378798898181913e+02 -7.948821819935314448e-01 2.367615468849861600e+02
1.622092153612840377e+02 1.347548322192091419e-01 1.472767606051096134e+00
4.511936078393685420e+03 -3.206042516682484078e-01 2.318843812817522974e+02
7.851232288288672407e+02 3.116539827633499904e-01 3.812880494908579720e+01
3.294684583915943676e+02 3.184269250711151411e-01 1.670334357220200161e+01
2.591894182500065540e+02 6.550047925819040273e-01 5.560018371749890065e+01
2.734264013213348790e+02 -9.219661950516884474e-02 1.162091824281898722e+00
5.585212513994396431e+03 2.830921256835170485e-01 2.238026814681776671e+02
1.415551275590550802e+02 2.836055257143854091e-01 5.692787678275005092e+00
1.201888176775789390e+02 2.090307056289699913e-02 2.625755238053881224e-02
4.430968338103097267e+03 -2.834040323614041568e-01 1.779429153276355464e+02
7.040981786177168033e+03 -3.343664605628543507e-02 3.935941557254539092e+00
2.554211514555666724e+02 -3.316988242760737227e-01 1.405124243537399487e+01
6.873721290128137298e+02 -9.744726703044798155e-01 3.263632507003441106e+02
8.629110080503627387e+02 -5.836480834726747169e-01 1.469731969896428438e+02
5.749003476786900819e+02 -4.511604256271678492e-02 5.850925537274881405e-01
1.483661275821890513e+02 -1.293168646711915365e-02 1.240552358732032595e-02
4.615171458338479056e+02 -2.932239418070221523e-02 1.984068672306961156e-01
2.865632798830009165e+02 -4.887479492579334395e-02 3.422633839676245682e-01
3.389637688902876107e+03 2.472990275225566137e-01 1.036497123827706019e+02
2.621992669902752823e+03 2.952392613523607823e-01 1.142745968444967133e+02
9.656072264319755050e+02 3.818690548642679206e-01 7.040434205390035061e+01
2.683887352806499621e+03 3.910575025152553397e-01 2.052180387663129864e+02
4.750052142924108921e+03 -5.356606782454120114e-02 6.814718410147389882e+00
5.915201971097493470e+02 7.131776751420094984e-02 1.504302100631041306e+00
5.995412555239640824e+02 -1.274103677593679540e-01 4.866297052068820683e+00
1.173941038854393810e+03 1.460551253925827450e-02 1.252131361405420529e-01
1.384723304909433637e+03 -5.393218378797483281e-02 2.013858801536863918e+00
3.599676601717877475e+03 2.063829601832866678e-01 7.666217985593925732e+01
2.989979355465064145e+03 1.096805100618658720e-02 1.798444818474877194e-01
1.775665568479874992e+02 6.166500471730733679e-01 3.376048802323476394e+01
1.753282277936936566e+02 4.622214289797352271e-02 1.872931953561640661e-01
9.378711319925647331e+03 4.405944572383008184e-02 9.103140197357584285e+00
2.291190256614931059e+03 -2.276133823617674246e-01 5.935082266471105328e+01
2.946859675987585888e+03 1.953030228035168847e-01 5.620143319191074482e+01
5.811392241564394681e+02 2.700228825380345254e-01 2.118611531655556135e+01
6.342498881960617609e+02 -7.471701715809597744e-02 1.770392068003484365e+00
1.847819119188148079e+03 1.239352770888236914e-02 1.419120732576923949e-01
1.483595854241842062e+03 4.015244467576747911e-02 1.195940573875564406e+00
2.158871844212150336e+03 -6.385022377719386244e-02 4.400699500940531195e+00
3.270623539794080443e+02 -2.356649505013707624e-01 9.082189420986427564e+00
5.333321632143245097e+02 2.841927892046391402e-01 2.153743046359567614e+01
3.963827112194196616e+03 4.283288868683732820e-01 3.636130297303673160e+02
8.097756755025340681e+03 -1.185714014952559195e-02 5.692389878346436616e-01
6.201041895144617229e+03 2.313731236149265402e-01 1.659818073856126830e+02
4.132599799207493561e+03 1.642901912463897440e-01 5.577205216783566755e+01
2.353531812532794902e+03 7.454954816204495405e-02 6.540035541823421283e+00
4.727832917214989266e+02 -2.775203982966123473e-01 1.820631048015912157e+01
5.232440589841681685e+03 9.642074812738775647e-01 2.432289718448324948e+03
5.190418523141504011e+03 -5.503528249816860840e-02 7.860583448171950316e+00
7.847318313420408913e+02 4.337819135785118685e-01 7.383021859281015509e+01
4.263892568980417309e+03 -3.892968243627832892e-01 3.231007605285988689e+02
1.151399460023837719e+03 -2.996428975218012325e-01 5.168969883538588306e+01
5.331232364812461128e+03 -1.094282356593525574e-01 3.191952429422394033e+01
5.549219985613294739e+03 -2.084839083931330772e-02 1.205999217900958209e+00
8.342305367166032966e+02 1.219767748250452297e-02 6.205980110920109039e-02
1.771891884936169163e+03 -8.111448912352853258e-01 5.829134791559749829e+02
3.812627060926975446e+03 -2.609110643697474391e-02 1.297714996268366505e+00
2.461671388617228786e+03 1.686392042066583163e-01 3.500395933227635226e+01
3.097530759605355797e+03 3.995807296315972978e-02 2.472832518771549193e+00
1.432052964535049853e+02 -5.960290124199660866e-01 2.543688257317596779e+01
3.069459754239302356e+02 9.667946661981291490e-01 1.434499625638899261e+02
3.102251542406136650e+03 -1.584027295332991400e-02 3.891995552497704569e-01
1.553563483268233313e+03 2.813612769154399604e-02 6.149328040862093170e-01
4.141651490391329844e+02 9.182645037983632186e-01 1.746140353155466869e+02
1.081473675707548949e+02 -1.681248754644420196e-01 1.528445326439718199e+00
4.409252881300621993e+03 -6.617801253902227954e-02 9.655226188537508136e+00
2.932834490291236307e+02 -5.228486458391828906e-01 4.008755182645244020e+01
9.904092748434897658e+03 -1.146045341362243210e-02 6.504116374737692885e-01
4.457979504985656831e+02 3.109212979835048740e-01 2.154810166925350856e+01
3.839320001250016958e+03 -1.924440313540853875e-02 7.109404221469712848e-01
2.661255001230143989e+03 1.081052622026446169e-01 1.555070790353030219e+01
2.165026081924218033e+02 9.561620853680356802e-02 9.896831456552942496e-01
6.661223515776656541e+02 6.052468975510491567e-02 1.220082378772528564e+00
4.520227809769494343e+02 1.226609132020761161e-01 3.400499493698400766e+00
8.485848609408972152e+02 -1.128029668930615077e-02 5.398912994360391404e-02
2.676161902196662936e+02 2.924407638797382192e-01 1.144348243740014226e+01
4.147482537193593998e+03 3.162273600788153005e-01 2.073735944523580486e+02
1.557331723457751593e+02 3.871990243110034341e-02 1.167399877287070009e-01
1.656816455134542366e+03 5.028169747876886087e-01 2.094422356894943107e+02
1.590360244638961262e+02 -4.821490920067084823e-02 1.848537314334804949e-01
5.062239187505688278e+03 4.172816777419423584e-01 4.407286645462289698e+02
3.036380036687339725e+02 -1.143932876868847086e-02 1.986676778519513853e-02
1.586777843360147529e+02 -3.252822105525322027e-01 8.394730481204396355e+00
5.408184310556282981e+03 2.578652130086608527e-02 1.798071695045262652e+00
7.459863491589082514e+03 1.389433117326705491e-01 7.200724199057101771e+01
5.631915581358273812e+03 1.009560011637673956e-02 2.870056330325843064e-01
5.619019989626268625e+02 -1.452792485636599518e-01 5.929768669874767362e+00
3.089746711717895323e+03 -8.444720846720248364e-01 1.101700328136905227e+03
2.319182369671134893e+03 3.739229006230702229e-02 1.621321094521664952e+00
9.694534317623853212e+02 7.942039580540583010e-02 3.057461879187091114e+00
5.355281296937467232e+03 -3.366959481162938306e-01 3.035484868528787956e+02
2.206975977099356896e+03 -4.063150720890530976e-01 1.821769703761197832e+02
1.134517223378078086e+02 7.268327185313268046e-01 2.996746698957928245e+01
1.849656901891639222e+02 6.760363286889320422e-02 4.226698316524896692e-01
8.464517791930923067e+02 3.343234377507352251e-02 4.730487228382573295e-01
2.105234114060594493e+03 -6.463747563376250893e-01 4.397837491915022952e+02
8.893451486117244258e+02 -1.935507761052986664e-01 1.665828081470784383e+01
2.814235241367659341e+02 -3.728019847303915002e-02 1.955630640630957595e-01
7.714665643599953910e+03 -5.973724679376441610e-02 1.376504127786137133e+01
3.778470930062101161e+02 -3.880312297509599939e-01 2.844588499641891133e+01
3.634737767817769623e+02 1.385850221532625992e-01 3.490403851326831397e+00
5.019229112100387283e+03 7.114664537563365476e-01 1.270328026441026168e+03
2.379344092047588219e+03 -5.540957865371942681e-01 3.652556582515314858e+02
1.128395227157548334e+03 -3.642091614327081645e-02 7.483986179303924180e-01
1.635183893818527395e+03 3.492174193748222577e-01 9.970763208434482294e+01
7.843768994303355839e+02 -1.449958299093700720e-01 8.245287878281422067e+00
2.265834443147772674e+02 7.137934524030464800e-01 5.772225623231340563e+01
1.847324060145624856e+02 -1.603578322190176153e-01 2.375163136997965552e+00
2.867846375448601179e+02 -3.473276051582051965e-02 1.729834248858430623e-01
6.624089827751462508e+03 1.462868292514063195e-01 7.087721934756180531e+01
3.534937599209260497e+03 4.080972507035058872e-01 2.943602032422696766e+02
1.327617333249771264e+03 -4.213107076057989731e-01 1.178278388029059585e+02
9.987467403318480592e+02 -1.307007508659353556e-01 8.530638617592373407e+00
1.365628509591602722e+02 1.925725053767203890e-02 2.532159978518969817e-02
1.468767267540213425e+03 5.723710292377608838e-02 2.405903905317108737e+00
4.155482345692324770e+02 -1.514420240088245120e-02 4.765234270971200475e-02
1.965501826298654464e+02 -8.883189423050845412e-02 7.754991069625849498e-01
2.693270398499590556e+03 2.729792924284500377e-01 1.003481498349017755e+02
3.287110114282855307e+02 -4.441665100227459168e-02 3.242469328434368636e-01
1.130244917848868226e+03 -1.983948751727572513e-02 2.224351751730958837e-01
5.960924607071717674e+02 -3.790238829235912377e-01 4.281705435145563854e+01
2.344804967765324363e+03 -9.912223515925332185e-02 1.151910940516511594e+01
5.999164456007525587e+03 -3.325048564474481494e-01 3.316322500289350614e+02
2.304399682630401003e+03 -3.511175401382973793e-01 1.420472602378465297e+02
4.312956773902773421e+03 1.044147590066951820e-01 2.351088031894941821e+01
8.021614551012838774e+02 3.338665991572246639e-01 4.470722776945884647e+01
2.801565585624766300e+03 -6.194647594678013292e-01 5.375316097546103720e+02
1.486945772147539174e+03 -3.147135411492936463e-02 7.363698426432844224e-01
7.297971663413362876e+03 -1.395565510131922989e-02 7.106776092399715861e-01
1.250053108858678115e+03 -1.326171776859982332e-01 1.099253940700990384e+01
4.430388525385250773e+02 4.497660366198610316e-01 4.481105125488448238e+01
3.393517033162185612e+02 5.096827322246402781e-02 4.407779676206124986e-01
1.488791136273161726e+02 -3.287360794679716758e-01 8.044490102229225670e+00
1.619224030955716671e+02 5.484329893889516860e-01 2.435140850213795716e+01
1.370170045767542319e+02 2.741426565316348318e-01 5.148701417568450012e+00
1.008406996309359016e+02 8.372802125569753784e-01 3.534658897578527359e+01
1.065514317496126324e+02 -2.852076524544958427e-02 4.333628134060467374e-02
1.402432162018351846e+03 -5.607842721509112560e-02 2.205177318638321893e+00
4.517869228598825430e+03 -3.783330170665575448e-02 3.233345753630064490e+00
1.871881993435449942e+02 -1.017262383401897896e-01 9.685330423174839387e-01
2.239852084649145581e+03 3.684136184754024934e-02 1.520059874201943551e+00
2.954720365804284484e+03 -2.376041973930056450e-01 8.340548396947099263e+01
1.475945675129142955e+03 -1.372587518129695927e-01 1.390338239321832603e+01
1.614832912504170110e+02 1.882543249522817264e-01 2.861458960746605662e+00
1.635657413754256595e+03 2.286024832031115228e-02 4.273898835354548176e-01
2.742043880313323712e+02 -6.507044055577453356e-01 5.805129321164815082e+01
7.688266442975557311e+02 6.452993665660035350e-02 1.600740406382674896e+00
1.696146113753836971e+03 -4.012156827704494444e-01 1.365177326970781451e+02
6.910206553929479014e+03 -2.180793533900663717e-01 1.643198898240338792e+02
4.176047447920008722e+02 1.043647979589892444e-01 2.274277748034169822e+00
1.466234465549577408e+03 1.840052682369009221e-02 2.482183835574550967e-01
5.377548024690134980e+02 -2.392134014333024625e-02 1.538598535794059585e-01
2.998976806785161443e+03 -3.692247499279938117e-01 2.044206295513795908e+02
3.857082501028860406e+02 -6.718304428640498038e-02 8.704589422978783464e-01
9.409777494849654431e+02 4.245911620848127344e-01 8.481863100477457351e+01
7.960587164250911201e+02 -6.689070210326391042e-01 1.780929038480155668e+02
8.694203766072101644e+03 8.580394130975587119e-01 3.200473924376159175e+03
5.784191904772029375e+03 -2.524807432417384701e-01 1.843610689784905503e+02
7.009157923163702435e+02 -9.241353110661081061e-02 2.993001808636278849e+00
1.878011451510670611e+02 -2.355612745608200512e-02 5.210459583137320300e-02
2.065264107768012764e+03 -1.946245958100591492e-02 3.911479416014407851e-01
2.673847133268350831e+02 -1.797790412297292084e-01 4.321004303586736484e+00
7.675348944966930276e+02 1.473159638670610595e-02 8.328518534433826392e-02
1.405546465340515169e+03 4.851052187719621933e-02 1.653815680236709440e+00
1.059378655220458313e+03 -2.528061625946855795e-01 3.385295122891565001e+01
1.221219945191741090e+03 2.534349340844899712e-01 3.921903023878964234e+01
1.153393413067498386e+03 -3.597711353814585233e-02 7.464489383391496036e-01
2.278937628749968951e+02 1.223189386321068932e-02 1.704864437453067552e-02
2.734623108646999754e+03 8.707037810304714132e-01 1.036593173713789838e+03
1.844062940730296134e+02 -7.857670808457367650e-01 5.692898034688202813e+01
2.534158905633451866e+02 -8.353984901429242771e-02 8.842828868779120111e-01
3.012700912143044206e+03 8.359612365076203311e-01 1.052684680181818521e+03
6.875059727779539571e+03 1.004532224743112656e-01 3.468759790209433191e+01
9.569420853095492703e+02 4.346262849748157991e-02 9.038318358956529686e-01
1.890495300511634923e+03 2.156269714089973158e-02 4.394928080143624127e-01
1.154764918217631475e+03 -2.138035164652786480e-01 2.639327443696580744e+01
2.271870713562805577e+03 -6.878002131699040289e-01 5.373759546453469511e+02
1.223186475129272822e+03 -2.195453904569033901e-02 2.947890320219521687e-01
1.454132395996378591e+03 -8.286947473197908698e-02 4.993017940203874794e+00
1.126938071924490714e+03 -5.789855638175725461e-02 1.888885036346489077e+00
3.313482752987569029e+02 -4.981510167641605563e-02 4.111277210585549402e-01
2.076261050714865064e+02 -4.703655586001800337e-01 2.296798994692015583e+01
4.846472765734653194e+02 -1.350310247834485104e-02 4.418378411389837362e-02
6.198191557738804249e+02 3.736613180202577600e-02 4.327043699438547497e-01
4.233886208512315079e+02 -1.020789374311803499e-02 2.205877888192683822e-02
2.772860006300546956e+03 -5.456961896267775725e-01 4.128571314838255830e+02
3.447367011028495085e+02 -8.181753365016691815e-02 1.153852494438962761e+00
1.118595891515693438e+03 1.545702659168735060e-02 1.336272812228339046e-01
2.402088870794574177e+03 -6.773694727030246665e-02 5.510745007293076370e+00
1.207724034990474848e+02 3.124187266055594159e-01 5.894023043728836342e+00
2.175168436783752099e+02 2.590122878237460236e-01 7.296315969253003964e+00
1.072551948832661310e+03 2.071353080111029699e-02 2.300893989434142084e-01
3.751774413102738208e+02 4.087048355104962449e-01 3.133475284833420460e+01
1.809254206110694668e+03 1.179921728925534680e-01 1.259435681356919901e+01
1.144256737753876678e+03 -5.043058495093395710e-02 1.455061983301235706e+00
1.263449979328505151e+03 3.977880485190599114e-02 9.996121318453325966e-01
1.270508344646129672e+03 5.906768809635286610e-01 2.216396583570623022e+02
7.549400462959141578e+02 1.150265383052778354e-02 4.994345327359674125e-02
2.814357699284896626e+02 1.059288309960495014e-02 1.578983740835442767e-02
3.671551458376789014e+02 -1.551219970650918878e-01 4.417396658397216846e+00
6.330198815894989366e+02 2.664828822123667396e-02 2.247636046802968246e-01
3.050517074629649983e+02 -5.945819652515542675e-01 5.392211630443999582e+01
7.423478704137985005e+03 1.144991953421631986e-02 4.866114689310963026e-01
2.948920436084216590e+02 4.116624425599192671e-02 2.498708260849831497e-01
4.794427642768154101e+02 -3.330770141765398290e-02 2.659476142104372776e-01
1.869767770341183564e+02 1.659936761658416596e-02 2.575969757633280940e-02
2.358271109027750754e+03 4.206085643884928671e-01 2.086027156322789722e+02
1.723890332623738459e+03 4.667618494886333763e-02 1.877890835764767008e+00
2.751428446131508736e+03 1.582937121454437990e-01 3.447113275951861766e+01
3.029932268804884643e+02 2.513914558345720779e-02 9.574232083427992868e-02
2.431851695578893100e+02 -1.350617266018096750e-02 2.218051805092282822e-02
2.118820588644539953e+02 -6.748440176968573123e-01 4.824707546286740723e+01
2.848035704140101643e+03 1.301900126569507932e-02 2.413630428193803135e-01
8.349791179940928487e+03 -1.883009077294371669e-02 1.480302408903478861e+00
3.693691581756243636e+02 -1.627009783184321656e-01 4.888897845116860097e+00
8.181464569651319835e+03 -2.855787452288210959e-02 3.336205703311128090e+00
2.394664674483164617e+03 8.366434274799483539e-02 8.380993798585945953e+00
3.408364853561899395e+02 6.285732005808186695e-01 6.733297511040974825e+01
5.945371596437798871e+03 -7.665144465364695514e-02 1.746584884039170404e+01
1.601635694028223270e+03 1.010174499152345293e-02 8.171965890356457096e-02
1.030685156576664809e+02 6.131186987826922064e-01 1.937247676397058882e+01
1.482778447813701632e+03 -6.883572769719425999e-02 3.512967121015529770e+00
2.243841725250205457e+02 1.466318367370652020e-01 2.412230327692999499e+00
2.892553461892578639e+02 -8.283978751307359556e-02 9.924973398332483931e-01
2.404573107115356834e+03 1.047360405364907050e-02 1.318864848993723804e-01
1.417877752533949263e+02 -3.177619925415698932e-01 7.158346106055420321e+00
1.797186795477484793e+02 -1.175249611268317645e-02 1.241147668479240448e-02
3.282316538084233457e+02 6.287563327363653032e-02 6.488065263106708169e-01
4.940606987763548204e+03 2.262633486426900153e-01 1.264674416598574140e+02
8.891938315855412611e+02 3.911707663854997047e-02 6.802980521517740797e-01
1.616294507150004733e+02 -3.975774057640260595e-02 1.277420532555313404e-01
1.895921573510074040e+03 -2.579618218171519581e-02 6.308138841843619060e-01
2.294222947203375952e+03 2.906510350049769098e-01 9.690571076905099801e+01
1.030863082477861326e+03 3.066382978251008251e-01 4.846450507972512867e+01
1.555910335639048583e+02 -3.612611327889231339e-02 1.015306224875293095e-01
3.362032240076824110e+03 -8.239205971587179600e-02 1.141149640869918791e+01
9.692973183617098130e+02 2.222971538428154814e-01 2.394941006764475588e+01
6.195675804227822482e+03 -7.433759629399973035e-01 1.711889456854220498e+03
9.346461566273836752e+02 -4.563814745343310331e-01 9.733594354896604273e+01
5.940969884141690272e+03 7.967006166214127272e-02 1.885461469587763261e+01
2.280275345540509079e+03 1.317017874211785095e-02 1.977609930719772258e-01
1.932956024016397976e+02 -9.548406339592598047e-02 8.811579480391455999e-01
4.887935812166570031e+03 -8.700782196368846977e-01 1.850171952398374287e+03
1.079523780628384486e+02 7.239070281780149441e-02 2.828575688109449815e-01
8.070614338014245277e+02 -4.634324498518727076e-02 8.666614501237036583e-01
7.062034876200376630e+02 1.784604987311547986e-01 1.124563716348559872e+01
8.091463448486204470e+03 4.272018906574726049e-02 7.383519277567399897e+00
2.221331268903847445e+02 -2.080529625109023284e-02 4.807631175893752051e-02
8.589214399253620286e+03 1.476844195155380297e-02 9.366833671572528663e-01
8.312434872414914935e+03 -4.294680680345430712e-01 7.665844705408493382e+02
1.960391194339181595e+02 -7.329248159371293259e-02 5.265402807502153060e-01
6.892156952550033111e+02 7.034905457853342370e-02 1.705460612666160669e+00
9.770606540323236914e+03 3.309033612908136857e-02 5.349262207820882686e+00
6.711314978594081140e+02 -1.532009551938684315e-02 7.875906873964029498e-02
7.582944519216359367e+03 -1.662805133297845864e-02 1.048312093528666722e+00
8.135245407506772608e+03 -4.041966198465548055e-01 6.645474829518183242e+02
2.737260954166478086e+02 -4.107231431893493268e-02 2.308790658666943219e-01
5.297884650328393263e+02 -2.720811585240882624e-01 1.960963178644831828e+01
1.200247684006689042e+03 1.139712656003779960e-02 7.795278268965021018e-02
2.666399017888712137e+02 -2.558244448757333034e-01 8.725277050405702894e+00
4.235180802613313062e+03 -2.541020035982659020e-01 1.367282132986832437e+02
2.931396327903026986e+02 5.196163385301955095e-01 3.957401740892308339e+01
1.469200668697994388e+03 1.142038916371503066e-02 9.581046065036848136e-02
1.805676953500382751e+03 1.817242133743786001e-02 2.981505772937732002e-01
3.511608063229238610e+02 9.547250387019393658e-01 1.600415198401296379e+02
1.200830844427523061e+03 -5.466430604577811048e-01 1.794153172270816015e+02
1.900801353926882030e+03 6.191563829902891475e-02 3.643404966354429231e+00
1.828797279955065278e+03 2.082051864118567575e-01 3.963863208270161209e+01
3.759773572070736236e+02 6.986412472219437619e-01 9.175719738713046070e+01
5.787052391327239093e+03 -1.261269762324795062e-02 4.603025561640953778e-01
2.119633046500503042e+03 -1.110499649064476263e-01 1.306975773541244656e+01
6.591505239495529167e+03 4.545702818642106680e-01 6.810150120379805685e+02
1.492897986386863636e+02 4.514674440269089012e-02 1.521433634237479571e-01
1.951712382449676625e+03 8.424340986933971653e-02 6.925604651869834427e+00
3.885909241809683294e+02 2.757145828329538723e-02 1.477005564436942864e-01
3.868125575379788188e+02 -1.046433399876210979e-01 2.117842965923908416e+00
6.100004622927800483e+03 -1.534951178151335027e-02 7.186034559872507277e-01
8.649686872534339273e+03 -2.671199021729833700e-01 3.085907359434849013e+02
1.963552767017966403e+02 3.480116767671716932e-02 1.189050262084085097e-01
8.108213253234774811e+02 9.079505790591876901e-02 3.342101126010574852e+00
2.027297856622872132e+02 7.836374573513060771e-01 6.224693030745915934e+01
5.542188149014901683e+03 1.634094828887809048e-01 7.399558040000145809e+01
5.430488693657160184e+03 -1.428864216570250034e-01 5.543586629030438928e+01
1.985963785952363025e+02 -1.942666460116403704e-01 3.747466969377957646e+00
1.289398794377280524e+02 -4.351023070374755025e-02 1.220506330192030198e-01
5.373255347998125217e+03 -6.594801361340253687e-02 1.168452122421061290e+01
4.900795550504204812e+02 2.675622373758981820e-01 1.754228761821564220e+01
6.410248012326265780e+03 2.793550610519557331e-02 2.501254740317538694e+00
1.028658069430591468e+03 1.877523053063972699e-02 1.813057584711048331e-01
2.416554521768921120e+02 -1.252296149239285339e-01 1.894875552817342212e+00
8.079975843931218151e+03 3.967100582304513429e-02 6.358087351894727846e+00
3.186178638049830738e+02 -2.679181490527825921e-02 1.143521657364773986e-01
6.074271804186775626e+03 2.836039509482153262e-02 2.442804881856590615e+00
1.538681727774349497e+02 5.110355354713016496e-01 2.009189970363573252e+01
5.385702703960585495e+03 -8.377469947478211054e-02 1.889897009116617355e+01
3.132250070144045253e+02 -1.251184411723899569e-02 2.451709906440570352e-02
1.151629933458409596e+03 -3.705702834217541181e-02 7.907225573345079139e-01
3.215107331863393483e+03 1.001487934105037975e-01 1.612341092822198263e+01
3.232997759436738647e+02 1.284985028636158669e-02 2.669141165959594206e-02
8.075148510211916800e+03 2.207753402139142271e-02 1.967984383668983650e+00
1.560722210314503855e+03 -4.643020265959225124e-01 1.682274158225181111e+02
2.924536366920054661e+03 -5.874905766804548041e-02 5.046948120083075473e+00
2.673333473842059902e+03 -1.514253071336319444e-02 3.064926521039417762e-01
4.413903620399818237e+02 5.374839866718775921e-02 6.375641807897401980e-01
7.795665788325494532e+02 -7.819040333105817253e-02 2.383033365513744783e+00
5.338533449345165536e+03 -5.415173383696998410e-01 7.827385176952213897e+02
6.232070112763756242e+02 -3.098074965860110955e-02 2.990791790113614401e-01
2.323362161938394365e+03 -9.082010428391295020e-01 9.581884002487022371e+02
7.964424163177131959e+02 -2.812541628545414327e-02 3.150085226994696619e-01
3.371014540239688358e+03 1.136146089079143606e-01 2.175699870146425141e+01
4.686378847291292004e+03 -2.608438284024182097e-01 1.594294433876927997e+02
9.798006111306668799e+02 1.285570774064130339e-01 8.096544211965801097e+00
1.303977919063462139e+02 -1.032167266706679187e-01 6.946089995568194286e-01
7.207477452055742106e+03 -3.976466588398107349e-02 5.698334931033214090e+00
9.025689508688470823e+02 -8.001707944515566717e-02 2.889454004574998791e+00
7.669024893970961330e+02 -2.629039012347018089e-01 2.650356001116149685e+01
4.786752884457852815e+03 1.464522135403172748e-02 5.133373831346171867e-01
1.318897637318790430e+03 2.719212536713316863e-01 4.876041601859119368e+01
2.041714202315380078e+02 -1.653396622399947932e-02 2.790737873694723245e-02
8.302389380890242592e+02 -3.015253304066692688e-02 3.774163465371964121e-01
1.292765149906602460e+02 -2.730436344198251541e-01 4.818964783202200231e+00
1.708023178866640421e+02 -2.403858814620878082e-02 4.934937739310016336e-02
4.130912703417558077e+03 -6.070485840490195961e-02 7.611371549604953657e+00
1.393738867793415466e+03 -1.554476836524318166e-02 1.683914070296000098e-01
1.065326764463331983e+02 -7.007224810710847851e-02 2.615441102278529550e-01
2.529489573456650078e+02 -4.473150971303473111e-02 2.530637912660160249e-01
3.650363915420006720e+02 1.745408455145755836e-02 5.560326807600601134e-02
3.469845240458608941e+02 4.537440916711933947e-01 3.571922895269536724e+01
3.045351828897085511e+02 7.536999607124138245e-02 8.649768084596892725e-01
2.684231635535238638e+03 4.055959987984836951e-02 2.207889422744244268e+00
4.067182115450661968e+02 1.367625525571982970e-01 3.803627856592703527e+00
2.352884010796677558e+03 -1.793145105486474711e-01 3.782695588951094834e+01
6.592153604075538169e+02 4.807262404711467457e-02 7.617158282184026685e-01
2.184311726291395814e+02 -1.481516693188621170e-01 2.397163852445358678e+00
6.399060552248078238e+03 2.654172277452874762e-01 2.253950849974499135e+02
1.239687742552802547e+03 -1.046835764687879811e-02 6.792652772802423855e-02
4.132577894336384816e+03 8.037091450675330762e-02 1.334716018419522143e+01
6.338002609754831610e+03 2.855635070965099609e-01 2.584210174668920104e+02
3.033735646281231197e+02 7.165439800775829093e-01 7.788134484974899863e+01
3.833003588561324705e+03 2.905187297227495094e-02 1.617549215300629450e+00
1.526455395805427031e+02 1.397722337220484723e-02 1.491062796426618521e-02
1.041736997207488002e+02 -4.648942976598052085e-02 1.125735939023606857e-01
2.434681770450999011e+03 3.132415364554222426e-02 1.194458043628916055e+00
4.923199156809870374e+02 3.384113328075155636e-02 2.819078735107643507e-01
3.178399517638298221e+03 3.933236164270813989e-02 2.458547128251464819e+00
2.729396129225811364e+03 1.079778507127764076e-02 1.591130984384159508e-01
2.114353944879799656e+03 -9.661847981585934553e-02 9.868885149363979536e+00
3.652035195847069531e+02 -2.792584781682432848e-01 1.424025258495722035e+01
1.034558965399471617e+03 5.747998328053576245e-01 1.709064759530556898e+02
7.371463864436066160e+02 2.026979854654411550e-01 1.514337266673343230e+01
7.176471679637140369e+03 -9.377650797647538727e-01 3.155506599561682378e+03
2.473311574837524859e+03 1.554459903023483643e-02 2.988187758410588701e-01
2.530632217882562145e+03 1.386346375072715353e-01 2.431882231233959502e+01
5.808018283196996890e+03 9.777307622477628135e-02 2.776109154745126872e+01
1.235496759433216084e+03 -8.123617122168592664e-01 4.076716466481090606e+02
5.375133338011263731e+03 7.081126487503075495e-01 1.347609148330674543e+03
3.341839565389738254e+03 -2.247910203109445559e-01 8.443325223870851914e+01
1.607173348678172999e+02 1.769433964008750582e-01 2.515946748715111703e+00
6.360611777337735475e+03 3.853443149316432836e-01 4.722443880216118259e+02
4.060124936415609227e+02 -1.928925932130577392e-01 7.553365589753257225e+00
4.705484280696804490e+03 3.420419340380375511e-02 2.752536192661514391e+00
1.054918905680935808e+02 -9.665102743216141823e-02 4.927220864106002796e-01
6.669126203335317769e+02 -6.247636872745745418e-01 1.301578898184961872e+02
1.192423450645363801e+02 -1.646831186275147726e-02 1.616957772115950806e-02
3.262769255437548964e+03 -3.622939352412851005e-02 2.141304816213719153e+00
2.191971416187516297e+02 -3.420921887417347484e-01 1.282599913556800075e+01
1.746927546698277638e+02 -4.002158244658929331e-01 1.399050563038674611e+01
4.488826621313989563e+03 3.898745212853968467e-02 3.411556315331472522e+00
4.883579841867135656e+02 -7.151672611417104752e-01 1.248888156336574298e+02
2.039417568770473736e+03 -4.014688202178913201e-01 1.643538205579420435e+02
4.241087176942372139e+02 -1.512393241309735285e-02 4.850389998702391015e-02
8.529606318091955472e+03 -4.011006758783308146e-01 6.861290049729935845e+02
3.661209537816047259e+02 8.590287107522501797e-01 1.350858773708301896e+02
1.554716583069304988e+03 -4.362717599502493604e-01 1.479569734279313025e+02
1.207072271448554829e+03 -1.672134972437169798e-01 1.687508380172696221e+01
2.281681002807177094e+02 -4.797125084115030913e-01 2.625348830494154484e+01
3.572449547884289132e+03 3.235423889261980213e-01 1.869814331574379480e+02
3.755836805723734415e+03 2.652049467889033840e-02 1.320808815931703517e+00
1.667505247187271834e+03 4.480087744368028979e-02 1.673440415058239816e+00
5.265663781017514111e+02 7.938623789416601739e-02 1.659256670608855178e+00
4.683261722106893103e+03 1.183969154343826186e-01 3.282458235976366723e+01
1.462563426277690496e+03 -3.180374763511302771e-01 7.396756305640414553e+01
2.073015059268269340e+02 4.475483929173039443e-02 2.076120062714001957e-01
1.700678365790186263e+03 -7.962442025185530181e-02 5.391191491315029616e+00
3.724675810103639719e+02 1.630839878696611553e-02 4.953145983277754127e-02
1.311455980572737872e+03 4.889116290005866561e-01 1.567416653897186620e+02
2.964450947592804823e+03 9.856636174600843514e-01 1.440030615555884424e+03
9.185909530579909188e+03 2.743915889708428354e-02 3.458069818868782619e+00
1.084896283821897924e+02 1.023550034103021117e-01 5.682983303601288894e-01
8.174754038699698867e+03 -3.427498865468677630e-02 4.801747713678033769e+00
3.268671555259780348e+02 2.964635727850110924e-02 1.436428337952757595e-01
5.735258462308893286e+02 1.730672876900307411e-01 8.589205106959767022e+00
1.252274227976193828e+02 1.253578255186042212e-01 9.839484535480206295e-01
4.979435665856664741e+02 3.002036438919433378e-02 2.243789177118296341e-01
1.018165642401364494e+03 8.925267458421504152e-02 4.055374076492708646e+00
2.795733886507112516e+02 2.117326455753955339e-01 6.266737202805432005e+00
4.057433626186854099e+02 1.019537459410618796e-02 2.108763144078130980e-02
1.448864681613951007e+02 5.877614361965052270e-01 2.502649362278722833e+01
7.463461762582797974e+02 -1.019622208251642764e-01 3.879617314559406172e+00
3.635636517271913362e+03 3.710575231582543404e-02 2.502839174042633896e+00
2.356309898546633974e+02 -5.031611868101611151e-02 2.982748786269354135e-01
7.086211294619113232e+02 -1.938376322500163021e-02 1.331252065463904288e-01
7.961780127088841255e+02 -1.300645696784542837e-01 6.734389031695511285e+00
1.206711930471754499e+02 6.669340737720625967e-01 2.683733721449933185e+01
1.209012463490720165e+03 -9.210585546958352521e-02 5.128321732764106855e+00
2.039951119674256574e+02 -1.099670145006612781e-02 1.233430361511269648e-02
5.710443433318080224e+02 -1.411243509609889646e-01 5.686483107678637516e+00
6.339401627061099134e+03 1.085360667731488649e-02 3.733932215627179252e-01
7.984849239295444931e+03 1.829930616257613718e-01 1.336921697369582205e+02
5.577666778300549595e+02 -3.488499536217321007e-02 3.393906772834072716e-01
4.535856668020343818e+02 -1.385752867282437351e-01 4.355127747834383278e+00
8.612001007044495964e+02 -1.469727508676290095e-01 9.301387165323639294e+00
1.956877250275355436e+03 5.931711399125650513e-02 3.442655883306976250e+00
4.567708604065610416e+03 -3.861066618029337927e-02 3.404732407820014295e+00
7.083110488110053211e+02 -4.431570467513750722e-01 6.955195465532099774e+01
6.275938830564659838e+03 -2.727437018459447082e-01 2.334308050311797444e+02
8.927266730861374526e+02 1.861267758402433137e-01 1.546344393342667800e+01
2.246666202454132872e+03 4.158789704987073677e-01 1.942864338584294899e+02
2.917150844744693927e+02 -1.404355038452465287e-01 2.876621517456941834e+00
7.920993224015681335e+03 -7.350861276607982553e-02 2.140060740814720219e+01
1.833124611042815388e+02 -7.215260963991950716e-01 4.771622517337073077e+01
1.173123417229361962e+02 -2.308627085819200953e-01 3.126232558084022450e+00
2.689090235734741441e+02 -8.873872220521297205e-01 1.058770230401708403e+02
1.125859940485677839e+02 1.328155477845910371e-01 9.930067637062961472e-01
2.709376098210973396e+03 -6.408058501919414729e-01 5.562784494398412107e+02
3.059198856683971144e+02 2.068222374138515285e-01 6.542928534189606182e+00
4.933242066161233765e+02 -2.913330010268262368e-02 2.093542566551479800e-01
7.303939699737797127e+03 1.671296357096075658e-01 1.020079727006570209e+02
1.149828651614369619e+03 -2.330884974169967344e-02 3.123523768605415696e-01
3.723133382399257243e+03 2.061695837860784697e-01 7.912756255325476218e+01
3.189136302351975019e+02 3.161531739123228379e-01 1.593815983410402914e+01
3.098809352832535069e+02 -1.330513224271097882e-02 2.742857551172548161e-02
1.056509158986339258e+02 8.185092640988506085e-01 3.539080727587207065e+01
1.385429627482477883e+02 -1.857146672685518890e-02 2.389169072731749804e-02
1.896639635841782820e+03 1.952705256923658456e-02 3.615998297979956533e-01
1.405419825424208113e+02 -2.810606376936436793e-02 5.551062721960049740e-02
4.564138624032657390e+02 3.825949520298720791e-02 3.340467894978860763e-01
3.283713164291566045e+03 -4.679776392180530487e-02 3.595716333164216127e+00
1.424866675817047792e+02 8.422583171917774614e-01 5.053995494002021616e+01
7.524604339234328108e+03 5.054805784200719354e-02 9.613081417762723291e+00
1.701896332924280387e+03 -9.911503551684933133e-02 8.359536314141211122e+00
4.852357851465072827e+02 -1.746283044072367008e-01 7.398643479076717711e+00
2.427606422232717875e+02 -1.107561833307630153e-02 1.488964162935836090e-02
1.304352505306924286e+03 7.244089898742374356e-02 3.422414785863603370e+00
3.220840466559739639e+02 2.763366367229908027e-02 1.229748080677091765e-01
1.629556780076376299e+02 -3.833509888354035833e-01 1.197381868700037977e+01
9.396606100611636521e+02 2.830334318275982697e-01 3.763713014845669136e+01
1.019478347459209147e+02 -3.285460924206361905e-02 5.502253852210268331e-02
4.624733229639653587e+02 -1.493020319030381911e-02 5.154518788704048199e-02
4.422125121687339742e+03 -2.222675107933327551e-02 1.092327839730259598e+00
1.383706205910861627e+03 3.982855279521272940e-01 1.097495998708435962e+02
2.362958080756041909e+03 -7.914071430938761365e-02 7.399901744036087692e+00
5.124961936266301564e+03 9.617860504854183201e-01 2.370377937609021046e+03
7.156644873133820965e+02 1.518540924628785094e-01 8.251491807240304510e+00
6.478039990010843212e+03 -3.391394111362310004e-02 3.725376343982514271e+00
2.319339815541071346e+02 -1.900594039277406916e-02 4.189026556280400770e-02
1.428724184398787429e+03 -1.464927646710950104e-01 1.533030343780784577e+01
5.330339144056246369e+03 7.574332719834873107e-01 1.529021539765566104e+03
8.285836506672094401e+02 -5.996201473728614284e-02 1.489562730915381827e+00
5.661903858719994105e+02 -1.313274586069274330e-01 4.882514874895304224e+00
5.805146718617521628e+02 1.435613922477878453e-02 5.982166930737976146e-02
8.838760469967301105e+02 1.373471991554672256e-01 8.336830736792320451e+00
5.477264592651309840e+02 4.742403926103123668e-01 6.159292209951553332e+01
4.202466489937975894e+03 -6.425041578096941652e-01 8.674134427057271068e+02
3.101638867392754491e+03 -4.281732935072777302e-01 2.843154010939664431e+02
2.367744191193687584e+02 1.326753504539139594e-02 2.083940289473765889e-02
1.285368424248756583e+02 -2.348207319536242121e-01 3.543810627925444656e+00
2.313846995781255828e+03 -1.698058912133180443e-01 3.335877921426226322e+01
2.018617004669481503e+02 -7.929402422871606460e-02 6.346069880362330551e-01
4.631101410878659408e+02 1.383809862265879612e-02 4.434116898524430306e-02
1.487309814868421824e+02 1.950930282764792162e-02 2.830446485535918419e-02
7.509889739196603387e+02 5.707205585629058359e-02 1.223067987471389673e+00
4.255952973201688110e+03 1.371148673366382256e-02 4.000699394226351346e-01
3.533758714513119799e+02 -3.570612676225102394e-02 2.252643061185662376e-01
1.053886097605335124e+02 -2.877545618718738707e-01 4.363230079952804097e+00
6.604231057113680436e+03 2.423709262578504359e-02 1.939783713565261802e+00
4.857602132261865336e+03 1.295215247466561803e-01 4.074514255043687427e+01
7.832998545721914070e+02 -1.171222199633097927e-01 5.372502685875999440e+00
8.341006498574282887e+03 -5.540567490581703725e-01 1.280256421410827670e+03
7.972406903622888876e+02 4.059034178385817482e-02 6.567572524966251990e-01
1.640215341996980101e+02 -5.225010388452696608e-01 2.238954101598150714e+01
1.534422595303951198e+02 -1.596134774454496114e-02 1.954582961040943548e-02
5.535565960765353339e+03 1.148556596689613574e-01 3.651210195623928456e+01
1.216815481729175644e+03 5.559504918940143259e-02 1.880472421913665926e+00
8.211398849174950101e+02 6.568223282974322563e-02 1.771262661407738026e+00
3.685289535441482371e+02 -3.913374020211874554e-02 2.821917633387496238e-01
1.957687606694320550e+02 -1.916808573506893765e-02 3.596423959482872301e-02
4.258701295602730170e+03 -1.321425004175017515e-01 3.718195533273924269e+01
1.378239479767189835e+02 -2.717937819219444495e-02 5.090655687310201988e-02
1.377426263780977024e+03 -2.519691547372180512e-02 4.372533263991866814e-01
1.772853877664547610e+02 1.325189460517648028e-02 1.556678375008684750e-02
1.085431404197810480e+03 1.174268599850493942e-02 7.483543420217041164e-02
9.370650385689689301e+02 -1.652190457811633650e-02 1.278968824186105802e-01
1.435731650523371854e+03 1.520935028306096004e-02 1.660598353893308898e-01
3.180278806215258555e+03 2.141396362386946764e-02 7.291708869418602745e-01
7.734597883059062724e+02 -1.864233672088665417e-01 1.344028383268662985e+01
1.851917853290528456e+03 -1.911388481473225431e-01 3.382903830864854200e+01
1.786918850259362443e+02 1.399015852894408829e-01 1.748719311190130909e+00
7.376296347338635542e+02 -3.451372951305693021e-02 4.393312975941032206e-01
2.923543716337389355e+02 3.178334264117714247e-01 1.476653966617232960e+01
3.961615760999762642e+03 -6.237997311996960198e-02 7.707840545886671002e+00
5.039784114827801886e+02 5.775139603537156052e-01 8.404403822290362314e+01
3.036113013070194029e+03 3.724838590816056394e-01 2.106215739248971488e+02
4.265758182637214304e+02 4.063877582883809042e-02 3.522471363239759179e-01
2.106480198607318073e+02 -4.863261373783154401e-02 2.491050934613424916e-01
1.481478701657470936e+02 1.951664320965430244e-01 2.821471462670670061e+00
9.885695345039997846e+03 1.335638424962290807e-02 8.817694259489567976e-01
8.319617907547362847e+03 5.590239328878864045e-02 1.299972567944617374e+01
4.306331688681410924e+03 5.132664471529716499e-01 5.672352761880757726e+02
4.969069765334134559e+02 -4.629913106628564257e-01 5.325872670719416391e+01
1.253418936326190618e+02 -1.902207130317936160e-02 2.267680505013806511e-02
2.280105282016419892e+02 5.733778742800565986e-01 3.748061992268345932e+01
7.743526189922115009e+03 -4.370766070446921447e-02 7.396459813866671951e+00
2.253363007477923020e+03 5.850056578302328947e-02 3.855860359031617612e+00
9.794747406072831382e+02 2.835889019028757230e-01 3.938598460825117087e+01
4.044448864476087806e+02 3.863724087110189664e-01 3.018850205280262955e+01
1.292498781121609227e+03 -2.559525328685464604e-02 4.233689560623181691e-01
1.959758840516883254e+02 -1.715275540518510985e-02 2.882972010183135550e-02
1.851933718851681476e+02 1.225102407242529591e-02 1.389761351132973513e-02
4.897275777761279642e+03 1.380823559395610023e-01 4.668753468895072700e+01
1.645818480616861734e+02 2.049569672207412693e-02 3.456824339844952187e-02
1.236309887064642226e+02 8.898268850744589509e-02 4.894500682095995758e-01
1.908126181570450512e+02 1.295635651828480894e-01 1.601558750862074332e+00
6.426565131872745951e+03 2.251835940967766569e-01 1.629380110796487315e+02
6.468621705570773202e+02 9.070709575465454311e-01 2.661118915773577100e+02
3.059421388514203386e+02 -8.966569923787637286e-01 1.229877855819451753e+02
1.505046195127047213e+02 7.109087140172084540e-01 3.803185510537033309e+01
6.978385254668502284e+02 -2.323562019714764670e-01 1.883794324656776453e+01
1.029850083886734922e+02 -1.502005939939173029e-02 1.161682142447349915e-02
3.500362615797607759e+02 3.050338379937191438e-02 1.628467439719644694e-01
8.224048112891170604e+03 -1.687878405112017699e-01 1.171488313015759530e+02
5.934650118273829094e+02 -4.093036210760499227e-02 4.971143476682415296e-01
3.306507229957683762e+02 -6.814235532453010169e-01 7.676685744775353726e+01
1.738045072837209318e+03 -2.929902562095936802e-01 7.459975381346345102e+01
2.756524666597724263e+03 7.213790519088916220e-01 7.172308159740465499e+02
2.278117743504808175e+02 -4.878558326769181219e-01 2.710997857223190977e+01
5.244006109323825058e+02 -8.910607071329974538e-01 2.081842065282567944e+02
1.287422323455857850e+03 2.173221559406442530e-02 3.040178261448278074e-01
5.041713786997623288e+02 -5.249582466247928320e-02 6.947006686674278564e-01
6.420660873315749086e+03 1.594383925348944950e-02 8.160852915373690841e-01
1.213246433791961749e+02 4.083733833917166933e-01 1.011658382257661870e+01
1.113588513737495077e+03 6.054024026160679250e-01 2.040718151442352735e+02
1.203215449729575397e+02 1.030531564914356248e-02 6.389045800311011353e-03
4.436352865983771494e+02 1.678298116469275625e-01 6.247903327342383406e+00
4.051285892458759008e+03 8.947345934384746957e-02 1.621628445807646557e+01
2.768633331688401995e+02 8.325013818912881947e-01 9.594125023487377746e+01
3.693835315344110768e+03 2.333625340483803934e-01 1.005795753289999794e+02
8.381556908266160463e+03 -9.868422210588209120e-01 4.081221318667270680e+03
1.501781276912875285e+02 -1.700137087739644060e-01 2.170423948111805057e+00
1.058750858774298536e+02 4.331901243571380927e-02 9.933924945917296800e-02
3.447715915309727848e+02 9.858932877191024513e-01 1.675565067792278739e+02
7.489812345382070816e+03 3.698658377432574307e-01 5.123059279009542024e+02
7.265196154388746663e+02 1.606293743700454649e-02 9.372755421268832987e-02
5.031400147544687229e+02 1.413704982140696065e-01 5.027782008653662871e+00
1.719841299590087544e+02 -2.119067572671630706e-01 3.861428426771902345e+00
1.105085948767651189e+03 -5.172351940377594576e-02 1.478230629215046887e+00
6.217277811624915103e+02 2.293414513114735986e-02 1.635066388575362739e-01
4.034389612678709909e+03 4.007609887769005841e-01 3.239803872664708138e+02
1.403162574170843300e+03 -3.545001308731353384e-02 8.816796084242192189e-01
6.364255875598122429e+02 3.505402219584239504e-02 3.910149398224119222e-01
2.632938470079153831e+03 -3.666325975270009335e-02 1.769590857466943445e+00
3.789508504443582524e+02 -1.072178255421663839e-01 2.178145467258830514e+00
2.757725690199285964e+02 2.817337173734886513e-02 1.094457043518802103e-01
4.006099012988453978e+03 1.272892851575993869e-02 3.245453405026095806e-01
9.483404998439575138e+03 -3.963786379533818655e-02 7.449974466355301139e+00
9.187539039333179971e+03 5.933763672895865648e-02 1.617445636814982635e+01
5.783108469565437417e+02 9.819179394452046128e-02 2.787929142456303744e+00
1.053115785271413188e+03 -2.000668851554774086e-01 2.107640562365702053e+01
5.534084097307612637e+02 4.493910296805816301e-02 5.588104991634975649e-01
4.341300885392996634e+02 -4.329350857361652372e-01 4.068510652495352531e+01
2.644635954914768263e+03 -3.202425677423130501e-02 1.356107197749521154e+00
2.374677304712333353e+03 1.368345843583785269e-02 2.223137685293984922e-01
1.844601285794685054e+03 -9.464065699790669139e-02 8.260912162874486597e+00
3.459248175959317450e+03 6.228295300469993689e-01 6.709499361308560310e+02
2.066922958241032688e+02 5.804151044256360137e-02 3.481542531967301013e-01
3.858636641593703644e+03 -3.889678285995331469e-02 2.918980900354730235e+00
3.073172043994392766e+02 -2.755863765325396522e-02 1.167004061402790865e-01
3.166242899033472440e+03 -2.073774585871041021e-01 6.808278753876456335e+01
1.810569421658879946e+03 1.560220627280942962e-01 2.203724075513719427e+01
5.835268893113081958e+02 4.715521912002105243e-01 6.487694816163556766e+01
1.403723705304145142e+03 2.411281682874334698e-02 4.080820879351141905e-01
3.108881443997503993e+03 -1.336932846637529579e-02 2.778390926039048248e-01
3.318312975836233363e+03 1.144784719034892817e-02 2.174377758253079052e-01
4.108661924483968505e+03 2.136639236930638341e-01 9.378487645776633030e+01
2.907567666227797645e+02 7.587081653118807889e-01 8.368533345899791698e+01
3.451832998406465549e+02 4.496350580229704907e-02 3.489314475093154289e-01
1.281182758801383443e+03 -4.964569651764307034e-02 1.578862486902072870e+00
5.927783152964309011e+03 1.793036730516888583e-02 9.528854265617562325e-01
6.946654730258242125e+02 1.042515328471678854e-01 3.774944896602768996e+00
4.424782967852157185e+02 -3.456702845244689626e-01 2.643541132844026720e+01
1.401114995688018894e+02 1.447547139012269300e-02 1.467943080687389261e-02
2.603426878119747926e+03 -3.037140156607648356e-01 1.200729156955416101e+02
9.779430348038840748e+02 5.345635154158825397e-01 1.397275972001559978e+02
9.533112919478393223e+02 -5.959296698485958554e-01 1.692757545675792699e+02
1.167319544048327998e+03 -2.089759555267624580e-01 2.548897671426350442e+01
7.402855735093532985e+02 1.073715579914637577e-02 4.267247180968836845e-02
7.473704856342154926e+03 2.434879504260804850e-01 2.215444605442430088e+02
1.942792681963981295e+03 4.875562610031294875e-01 2.309117001755279546e+02
5.850959537880841026e+02 -4.759066658013334505e-01 6.625835885730249686e+01
7.388241010281267336e+02 1.788849656345677941e-01 1.182112315998438490e+01
3.431979275511766900e+02 1.350407407746283088e-02 3.129278989803497418e-02
2.015770778447243288e+02 -1.531267979554135072e-01 2.363271140966962669e+00
2.476046228534594889e+02 4.923102188646241023e-02 3.000588594689627686e-01
1.203571638218985754e+03 -5.980989927401001438e-01 2.152722705769846243e+02
4.656552588083456499e+02 1.916479842543611020e-02 8.551514328448057978e-02
2.641909831529696476e+03 -3.424657017395578151e-01 1.549252342191955449e+02
7.736757300891470095e+02 -7.981105019656860311e-02 2.464081277012044602e+00
1.049550231608817796e+02 2.642192237810380914e-02 3.663549449302905270e-02
4.974358433406995346e+02 1.774242267068368989e-02 7.829480055185532306e-02
1.162660340847332236e+03 4.475086897489731486e-02 1.164195211786616335e+00
2.743117913400941234e+03 -5.538609194662720281e-01 4.207420563611631792e+02
3.634262143374664902e+03 6.538825793068318848e-02 7.769369721343908353e+00
1.373213235283643144e+03 -3.647373029875893291e-01 9.134154427763853334e+01
4.663971184592630266e+02 -8.813076525497313962e-02 1.811260621619172451e+00
4.568626318886965237e+03 -1.700187356992616250e-02 6.603120249925833463e-01
9.218792679783657604e+02 7.417948469828133939e-02 2.536364563230631752e+00
1.284383911827844713e+02 -4.157569622632536349e-02 1.110053530914489606e-01
4.483140045395723973e+03 2.661098996276089340e-02 1.587356125816526298e+00
2.185326896458715851e+02 1.566184399127651741e-02 2.680230855136483958e-02
6.513031145630956189e+02 8.010320349765358283e-02 2.089550775860690823e+00
3.369423417079826777e+03 1.141035862300349563e-01 2.193432039040671455e+01
2.646772220494493695e+02 -1.070431098796566227e-02 1.516365895309689134e-02
1.005635834090849471e+03 -3.907130110203298479e-01 7.675850228608931047e+01
9.862922829488018124e+02 -1.394939142126487390e-02 9.595909887960288320e-02
4.234626164055324807e+03 4.054743039872728272e-02 3.481061971294437729e+00
3.351897978573069395e+03 7.308069381921548924e-02 8.950887930651507673e+00
2.734663300076384530e+03 -1.418305958269206780e-02 2.750513123149461725e-01
4.976273201438423712e+03 1.633618908081119203e-01 6.640116861064309717e+01
4.673320470977047307e+02 -2.753011488678947516e-01 1.770971676435479480e+01
2.174281673247999151e+02 3.789617658803605682e-01 1.561264915711506696e+01
3.055755532957342098e+02 1.812080225408520262e-02 5.016992517550321329e-02
2.668753652681539847e+02 -2.791207798391770467e-02 1.039591765314892696e-01
6.113076828695668155e+03 7.503225444125101451e-02 1.720781980138074729e+01
1.251692670408473163e+02 -1.616818897901693003e-02 1.636027000573971393e-02
2.135147695785690303e+03 -2.201628009935521768e-01 5.174707544974152285e+01
1.489551131663952674e+03 -1.072976958794298261e-02 8.574448813381907453e-02
4.634672430351124603e+03 1.443957694899075661e-01 4.831678045022277956e+01
2.582444304887574731e+02 1.961787500957470551e-02 4.969410744957501735e-02
5.439536442873518354e+02 -3.937975717199097558e-01 4.217722113648585491e+01
1.295633374235858639e+02 -1.569329340570724263e-02 1.595439425333884664e-02
1.733384207397883472e+02 1.125787801050873865e-01 1.098443988777198843e+00
3.825218203328437880e+02 -3.334435492490409603e-01 2.126526789496669068e+01
2.502944007168785447e+03 5.664816316395416412e-02 4.015991667996694048e+00
3.262666436587411681e+03 -2.387782449922960445e-02 9.301054546706153392e-01
1.241777443690802727e+02 -5.523144402873773895e-02 1.894028750907735814e-01
4.664995386333572242e+03 1.258293630272540146e-02 3.693050268498099808e-01
1.200121443898788357e+03 3.950850626129203125e-01 9.366480224298915402e+01
9.971861349369402205e+02 4.503322441313951929e-02 1.011142403586993810e+00
2.978766643384441522e+03 1.301997255681635879e-01 2.524797921038586068e+01
8.125654655170202204e+03 -7.903132683448691465e-01 2.537621887063769009e+03
3.307203350395482175e+02 1.736183814265672420e-02 4.984508143773672822e-02
1.064978581504215981e+03 4.000566386028744231e-02 8.522241578810538787e-01
2.273594719619070474e+03 3.982586901251947142e-01 1.803074113464680863e+02
1.276771583448116189e+03 -8.568830145420401612e-02 4.687338103845350545e+00
4.226757575921516036e+03 -5.009834659994080175e-01 5.304251772433358383e+02
7.560898509793665653e+03 1.136448029221119420e-02 4.882503604439881184e-01
9.289222664600534699e+03 3.630387664449896690e-02 6.121465176065798097e+00
1.642009317256836027e+02 5.808761000534744950e-02 2.770209647071754100e-01
2.479396561347251691e+02 -3.127071307009490070e-02 1.212248256426176479e-01
2.362371198471970729e+03 -3.779443596284309120e-02 1.687228412841501157e+00
7.127478905238101561e+02 -3.346059943251414315e-01 3.990004438161739841e+01
7.834753879537934154e+03 1.808229177240726696e-02 1.280861900806502973e+00
5.363560215518242330e+03 4.226170714097122749e-01 4.789798431285922788e+02
1.137756361510126197e+02 -3.476702154001000689e-01 6.876291041693786354e+00
2.530590308255110813e+03 -2.581706047385671707e-02 8.433452998707182680e-01
4.078406671168715434e+02 6.016820231114466261e-02 7.382349546952795549e-01
1.746142902949296172e+02 1.553335113286379542e-02 2.106590429137780371e-02
4.298534756553935949e+03 1.075198075867259476e-02 2.484662492045621451e-01
3.050827117774360318e+02 -3.513815414521939129e-01 1.883412678989562394e+01
1.420318119742858016e+02 9.363348038271267215e-02 6.226126854753317730e-01
1.415679683155228190e+02 -1.499623107710225112e-01 1.591839405960664422e+00
1.112078342573316405e+02 3.152198598575083749e-02 5.525003158550854249e-02
1.065294753057411526e+03 -2.997375351055782053e-02 4.785441983803375154e-01
5.003794070313083466e+03 -5.186742957323381420e-01 6.730679087700380023e+02
1.497335418608720943e+02 -5.928677528374488581e-01 2.631508395150767043e+01
3.437981737260681257e+03 -5.873043134601358961e-01 5.929252573605999714e+02
3.172018473028363701e+02 -2.539127034298810717e-02 1.022526497808410040e-01
4.172682683861802616e+03 -1.739429233763068947e-02 6.312463696581490646e-01
6.473012798457766621e+03 7.374186366508032886e-02 1.759967663955741202e+01
2.271348568504568561e+02 1.059559734674797582e-01 1.274983850140521957e+00
8.672532571733823943e+02 -7.262616639121001472e-02 2.287189689454270258e+00
2.041567898158312460e+02 3.439443822573299281e-01 1.207564322509428933e+01
5.513099337367222006e+02 3.716875686379177840e-02 3.808218813968572425e-01
3.740490017443746069e+02 2.286971001461398853e-02 9.781823449578441743e-02
8.281688574678211126e+02 6.819336323969540925e-02 1.925631224914166051e+00
1.981725951819486795e+02 7.243896615116686144e-01 5.199458161962208891e+01
6.987547230288507308e+03 1.367579217867535835e-02 6.534310171033720360e-01
2.556823192257341191e+02 3.079795913589180104e-02 1.212591663512778001e-01
7.594714837572820215e+03 -3.163326132157488479e-01 3.799875909157211140e+02
2.961515528631737766e+02 -8.478054426073866612e-01 1.064330282742058387e+02
8.947035019849141463e+03 -2.472754783529787850e-02 2.735339537251436859e+00
2.827305673170109458e+03 2.361997060525354852e-01 7.886811745951175112e+01
2.777628016722094912e+02 4.852627340256000094e-02 3.270378130197728050e-01
4.417679385212497436e+03 1.715683039543694222e-01 6.501870481659709355e+01
1.921175685730302121e+02 1.327523816578995985e-02 1.692862671175627068e-02
7.950036939159150506e+02 -1.196605152763122459e-01 5.691685415110628199e+00
1.555266610821826134e+03 -1.086265230236708491e-02 9.175856436248680525e-02
9.972062428499131784e+03 -2.511542649109948372e-02 3.145111943548910549e+00
3.199427915199469794e+02 6.478588296484479869e-01 6.714336430251846366e+01
5.056114316034931448e+02 2.475549044224603368e-01 1.549280156581373724e+01
3.133845333151518844e+03 5.135556856346801258e-01 4.132593101279796315e+02
5.534052735212135303e+03 3.326108524430129026e-02 3.061160693913647535e+00
7.769762101225486504e+02 1.069702824292361881e-01 4.445330044464434138e+00
1.151055311345919790e+03 1.401913458879382700e-02 1.131119808121345688e-01
2.188853993210640510e+03 -1.646153974739183179e-01 2.965703347136244261e+01
1.578412619046860527e+03 1.392918532306409649e-02 1.531235473983979800e-01
3.619300423077381765e+03 -5.540297938421984841e-02 5.554703453385699596e+00
2.161758282270480152e+02 7.504158472953650905e-02 6.086689248050788370e-01
5.364922787977388907e+03 2.442537455018653769e-01 1.600353575737360359e+02
4.816516266737394290e+03 -1.166538902404719302e-01 3.277189001309896810e+01
8.473570305252299022e+02 -1.161061823437875735e-02 5.711459903458743909e-02
2.292869415745177321e+03 1.024282775253501920e-01 1.202787939445051713e+01
6.962468546638521730e+03 -3.844695004840410074e-02 5.145848992009509182e+00
3.747032692791394311e+03 2.334340504344452338e-02 1.020906333717302994e+00
2.402339591113896518e+02 -7.348280201487207286e-01 6.485983201377170815e+01
5.825564042578078443e+03 1.561071312868249870e-02 7.098285632730594319e-01
1.548397205924584625e+02 5.126006559751238728e-02 2.034279855614085086e-01
1.400719070723152697e+02 1.363575723914674589e-02 1.302205626426117951e-02
1.176384771650079983e+02 -1.427947211765821962e-02 1.199343825970876180e-02
1.039932008107430619e+02 -1.201153265681004223e-02 7.501909188780685710e-03
5.496545150651950280e+03 -2.195908881956908643e-01 1.325221383000510684e+02
4.554217262958409265e+03 -1.675587168805652699e-02 6.393192797237106095e-01
1.637604376613797967e+03 1.146946470847003130e-01 1.077122984969640385e+01
3.153490057645246338e+02 -4.629588104810307136e-01 3.379451183467973152e+01
7.212590530967977429e+02 -1.066075975464900530e-02 4.098619430114201073e-02
7.835995643205485521e+02 -1.086266925535047112e-01 4.623142745241403340e+00
1.148421386146095813e+02 7.453617758707572483e-01 3.190108910810785048e+01
8.614249950945936689e+02 -1.369560020261243946e-02 8.078851269490910925e-02
1.354708122186755190e+02 -2.888239379154214012e-02 5.650437935240427978e-02
2.367720636216678486e+03 -8.750703255359428001e-02 9.065387592265594208e+00
3.343249858482115542e+02 1.031860295643484589e-02 1.779838688565251598e-02
4.306962458839603869e+02 1.006564552472193931e-02 2.181847311195152933e-02
2.856790643151047675e+02 1.397930381215830853e-01 2.791383493956500761e+00
1.533641065389399785e+02 -1.840579086744273396e-02 2.597781977266941378e-02
6.468844214569077167e+02 2.918982827889221587e-01 2.755876661247231141e+01
1.093084152600498840e+02 1.296164190816289086e-01 9.182134295566997118e-01
3.445825611779888277e+03 -1.219540780516277095e-01 2.562453267503514098e+01
7.948633324249611860e+02 -3.851888208589509394e-02 5.896710630331520875e-01
5.592017426953455015e+02 -5.678962258321577083e-01 9.017299309366877935e+01
3.653566059052878700e+03 1.636057188337967372e-01 4.889719305452156561e+01
1.853636751901059938e+02 -4.960435475955761730e-01 2.280521891615715191e+01
4.521989099447639092e+03 -3.820061438665953157e-01 3.299439816733936937e+02
1.299141066428610145e+02 1.433651704197246857e-01 1.335099478162004027e+00
5.240769399467706080e+02 9.461857006030652828e-01 2.345944944790192608e+02
4.508494563960193773e+02 -2.499347794524002520e-02 1.408169530916144330e-01
6.178999889391546958e+02 2.266039969048718461e-01 1.586438801414393041e+01
4.824393901251615944e+02 8.700292937190139408e-01 1.825914826260872985e+02
1.005418849099648781e+02 1.918179292937551711e-02 1.849674988586642171e-02
3.251643753868358090e+03 8.448035171217029848e-01 1.160337664429885308e+03
1.889395065190199375e+03 6.236826456953090819e-02 3.674684864176923860e+00
8.187603585320890716e+02 1.758696569388801950e-02 1.266218471529722278e-01
1.701355216547339353e+02 8.817225555518561075e-02 6.613462613847821414e-01
4.858187952767097499e+02 3.247216567429629663e-02 2.561337601956190646e-01
5.708685382419950656e+03 -1.512726454110615293e-01 6.531710335910668164e+01
1.888623821741735469e+02 -1.255151451540571436e-02 1.487673862988748465e-02
2.703711199456055510e+03 -2.123541091157823690e-01 6.096093824958522589e+01
3.140187307802206760e+03 -3.347328525738041405e-01 1.759228432224859944e+02
2.922266942630114954e+03 3.508709368119805050e-01 1.798807470001956688e+02
7.513927623890692303e+03 -9.084007103823222851e-01 3.100215920703225493e+03
1.108922126482643307e+03 -1.018795629072465764e-02 5.754998298057811823e-02
4.636962306147220829e+02 1.216041798104977763e-02 3.428471752474284567e-02
4.514745114742236183e+02 -5.503048097262613209e-02 6.836122843573310126e-01
3.532311627337214759e+02 6.800043492479693752e-01 8.166808950452097804e+01
5.823005571910791787e+02 -9.169475399349832356e-01 2.447970553386801669e+02
1.937591073983755621e+02 1.056677653867005989e-01 1.081725769808851156e+00
1.173646014112810576e+02 8.320076651960144343e-01 4.062204541317477435e+01
3.480549288332671040e+03 -3.961195531865467634e-02 2.730677133335795315e+00
3.227084930096733387e+03 -3.498028745333825462e-01 1.974363654502526231e+02
2.837623263007001242e+03 -1.845784823468579056e-02 4.833780014339875142e-01
9.812316319970110499e+02 -3.656814666231835570e-02 6.560658688828405749e-01
3.226021980530511541e+02 -1.388088126004065337e-02 3.107931261196066400e-02
1.011659696835607178e+02 2.031617739557110003e-01 2.087797848019858016e+00
5.136000673347857628e+03 4.502702157260494165e-01 5.206447783508888278e+02
3.135788527390223862e+03 -8.741707177118350491e-02 1.198144726747197986e+01
9.950845978792604001e+03 -8.213556860727182496e-01 3.356545545434275027e+03
2.469457671000134837e+02 -2.398826005981002651e-01 7.105081885773958383e+00
8.415336121044392712e+03 8.145859603475970323e-02 2.791999348299419026e+01
3.521855994180847347e+02 1.265348634515047269e-02 2.819434436481917453e-02
1.939015058240643611e+03 -8.681785301281201572e-02 7.307507493437495505e+00
2.294545099344549726e+03 -2.168122590600166932e-01 5.393047825737251344e+01
3.030039782161916264e+03 1.239118907883997658e-02 2.326185277908935090e-01
4.056371456492001016e+03 1.165724020224186558e-01 2.756126920845935757e+01
3.436097119964476860e+02 -9.221602030296087715e-01 1.460993172419169639e+02
4.763613765436076392e+03 -1.485626508398266155e-01 5.256852917216271237e+01
9.510133178458851035e+03 1.957209117133990040e-01 1.821507917775381031e+02
1.698886072085705791e+03 -2.968689875746569409e-02 7.486243051650980362e-01
1.404822766720166385e+02 -3.824950982234465169e-02 1.027645415299111575e-01
1.052190950772277120e+03 4.188441221316546031e-02 9.229313897191934180e-01
1.107977249930269863e+03 1.629681233473845581e-01 1.471316740685613489e+01
9.289180329171476842e+03 2.325284933442068880e-01 2.511306689116049711e+02
6.169849985814897082e+03 3.135806038747844804e-01 3.033492973081089303e+02
1.414468721056523918e+03 -1.978061428819840040e-01 2.767214989213102427e+01
8.335183764882297055e+02 2.274022122204036878e-01 2.155135367197993901e+01
1.731429038875246988e+03 -9.110416868535339274e-01 7.185404151926146596e+02
3.890633326999436576e+02 -2.600071820164572833e-01 1.315106716269948350e+01
2.828190618992096915e+03 1.440758658524914429e-02 2.935358556200982627e-01
2.421211767651639093e+02 4.108438716662066864e-02 2.043414198905716406e-01
1.311730300894291759e+02 -6.002365398260426366e-01 2.362976567316551524e+01
3.592738860817783916e+03 -3.108444758019764942e-01 1.735729174436187634e+02
2.912363268124065598e+03 1.519059866079922050e-01 3.360201556911813014e+01
5.539444863589246779e+03 -8.869793796909120065e-02 2.179030431485413644e+01
1.318302135775976012e+03 -4.040118668070156738e-01 1.075903209801898157e+02
3.579747575975185100e+03 2.305819116460886692e-02 9.516404173872793359e-01
8.486045815448945859e+02 -4.037357270536538756e-02 6.916234997791715911e-01
6.957080406290669089e+03 5.109958314844827987e-01 9.083050770894699326e+02
2.842321626553178930e+02 -7.051886523338349311e-02 7.067305322763811626e-01
7.857636109571484440e+02 4.984553697388369869e-02 9.761453161372170007e-01
1.842263252306519519e+02 1.402222216176365333e-01 1.811154006114350290e+00
5.726079474383141132e+02 7.095557726213289063e-02 1.441452882799476143e+00
6.167226911398681295e+03 7.320134814496691289e-02 1.652334957639626012e+01
2.665286849487323252e+03 -7.391854954303775926e-01 7.281499661333429003e+02
4.034650649427533608e+03 -5.016802734337194591e-01 5.077266848812670332e+02
1.663534563285244531e+03 -3.182418091493257467e-02 8.423960122872992118e-01
5.819832703848164783e+03 -2.925618950157289622e-02 2.490669059834216714e+00
3.666811439266439265e+03 4.296101072813065525e-01 3.383822411429685530e+02
2.169874494453848001e+03 -1.982217775748335714e-02 4.262921664484888296e-01
2.879264608052523045e+02 6.404171040826073247e-02 5.904422521250334288e-01
1.674631713517895832e+03 -3.588305307536984734e-02 1.078122452943334197e+00
2.896799779909362769e+03 -2.143933415621479266e-01 6.657498384793807134e+01
1.187660839860207744e+02 1.001859410615563856e-02 5.960408222173772808e-03
1.391431640004401061e+03 8.061416674846128005e-02 4.521209356258235168e+00
3.240612435739104512e+03 1.183205360281767288e-02 2.268388075190038156e-01
1.031682809942623180e+03 -2.720822572287365931e-02 3.818709683204594141e-01
2.352295492634880816e+02 -3.693020589907736184e-02 1.604077469065437467e-01
1.970574365586012391e+02 -4.685157907476180661e-01 2.162774791337742997e+01
8.775641429209879789e+03 -2.207476677481474275e-02 2.138164535041475300e+00
2.100167248122041656e+03 -1.742690942376585728e-01 3.189074270581947701e+01
1.300748450730419279e+02 1.473911089027711910e-02 1.412882006317756067e-02
1.449792151658984949e+03 -2.519724423019278903e-02 4.602373281051709286e-01
1.028873554565881022e+03 -3.014457034638023253e-02 4.674661897692157231e-01
1.113653714477064511e+02 -3.863523859491410084e-01 8.311652383114413567e+00
2.551810331325297284e+03 -5.325672415391051739e-01 3.618822603256907655e+02
3.899950524944025801e+03 3.347557139252234637e-01 2.185169344891707510e+02
8.789648403934411363e+02 1.159834249249656370e-02 5.911985573558323215e-02
2.849887403947624080e+03 8.011529516668842998e-02 9.145944893836572831e+00
5.112945030471702921e+03 3.980988670469711166e-01 4.051566869991960971e+02
4.595287483402054818e+02 -1.600894994299955909e-01 5.888550228968151501e+00
3.040293807365116550e+02 -1.814513818130379652e-02 5.005023476759731804e-02
1.581854750260226865e+03 -7.301944203289831847e-01 4.217097357496032828e+02
1.667842132749895256e+02 -5.309622330379517585e-01 2.350997716510930147e+01
4.132629537061969813e+02 -1.788499613828410315e-02 6.609584834477140458e-02
1.855914033246212966e+03 -8.521483868203282297e-01 6.738423656183697403e+02
5.101364327655442708e+02 -4.512811922843917856e-01 5.194584478791199444e+01
7.854575812446524878e+02 3.879274156978522181e-01 5.910084451105590375e+01
2.471505491379911916e+02 -2.134726214978677761e-01 5.631394480225343280e+00
1.390511270604583842e+02 -3.766002505689503010e-01 9.860654154579394870e+00
1.907088155260544681e+03 -1.923648776124756848e-02 3.528517975288544828e-01
6.493581861149209544e+02 -1.707930244386924590e-01 9.470972650947482308e+00
1.897445013147254713e+03 -9.338182463835296987e-02 8.273016960463579039e+00
1.671244695996745122e+03 -2.382243076466145359e-01 4.742225408904895545e+01
1.595789658996734488e+02 -1.057912075356871352e-02 8.929863069229503764e-03
3.428743994002517866e+03 1.963395979721805490e-02 6.608773367327508419e-01
3.717043640156395554e+02 5.758732327492789571e-02 6.163415543884206427e-01
2.542659798375248386e+02 1.539377687670643868e-01 3.012649695310143816e+00
3.320188090499210603e+02 -2.360564620007340464e-01 9.250484484965841858e+00
7.635374528245546344e+02 -2.170721248129600656e-02 1.798905973311044348e-01
4.661583424667913391e+02 2.786585449522381852e-01 1.809873392181396667e+01
8.241759226127595639e+02 1.205609558806305798e-01 5.989675474804442068e+00
6.160545295030091211e+02 1.944013780211067965e-02 1.164093428581085415e-01
1.833687060402666475e+03 -3.088713303495148610e-01 8.746824686549722117e+01
8.686871393643914416e+03 -2.505167047442295389e-02 2.725880275937099473e+00
1.506562835665249906e+02 3.784831709782077863e-02 1.079071945342602590e-01
7.666239680791863975e+02 1.540359247137743429e-02 9.094868783160084402e-02
2.140323297084380101e+03 -7.283027545153668569e-01 5.676403878032851935e+02
2.415154519461234486e+02 -5.706815112127101158e-02 3.932806068395335863e-01
4.792867925575229492e+03 -7.472490649756050596e-01 1.338123588243132190e+03
1.146539240654818059e+03 -7.494820121509918609e-01 3.220188952026460356e+02
5.931981415357064407e+02 3.768793988616919027e-02 4.212836292318029030e-01
1.041126547005601708e+02 4.262114307350431397e-01 9.456353763328253947e+00
4.017536482874476746e+02 -8.436998209907792257e-02 1.429900267815324089e+00
7.643597245212475855e+02 1.555171047545113039e-01 9.243237762079708375e+00
3.587829820653331808e+03 4.132398443531527799e-02 3.063417705934430746e+00
3.384338000992593152e+03 -1.098434461578557883e-02 2.041700495666502191e-01
2.486385819723303428e+02 3.092736684091379820e-02 1.189116529174873010e-01
4.390053953598356316e+02 6.360477305098981293e-02 8.880129041387782030e-01
5.594087710224113835e+03 2.017929649734926181e-02 1.138967465914188848e+00
7.263795704034491791e+03 2.857675641788230345e-02 2.965920401546804808e+00
3.775129355247946933e+03 5.985456901776741168e-01 6.762331515549914229e+02
6.575029737737407913e+02 -5.020356628647389824e-02 8.285846123624697190e-01
4.697597820150103871e+02 -2.242680604673599407e-02 1.181355727080320994e-01
9.174152555904754990e+03 -3.223824238510150653e-01 4.767367972035278285e+02
1.465619722103112963e+03 -4.596698010570184761e-02 1.548400312995482642e+00
2.132996024044653041e+02 -1.272686819911000855e-02 1.727440682399386182e-02
2.990191580608669938e+03 5.862370291378567189e-02 5.138253328500069550e+00
2.320079105887267815e+03 6.537376594051976797e-01 4.957694995538251987e+02
1.138552469978570372e+02 2.028024406458208556e-02 2.341366545314761335e-02
6.196031053555416293e+03 -5.292284693284561303e-01 8.677007787554528022e+02
4.400149412758251856e+03 -2.989850204329731476e-01 1.966691715310854249e+02
1.000124088996126375e+02 4.691737458658409854e-02 1.100756593882204065e-01
8.780181034589080809e+03 1.088988423934769689e-02 5.206189851044956685e-01
3.872399797707200264e+02 -3.836438664726237596e-02 2.849749667583412749e-01
1.979747955778306618e+02 1.080133511930576329e-01 1.154874491024204142e+00
2.887472016811881986e+03 -1.129374369978033109e-02 1.841465741455602378e-01
1.236095317916029330e+02 -3.074990285849596439e-01 5.843989971874518297e+00
1.903517691063407256e+02 7.076796008742280986e-01 4.766507447838704792e+01
4.446333017254437436e+03 -1.052415621265226225e-01 2.462331737858933067e+01
3.812030029040922159e+02 -1.267250186877401374e-02 3.060913419048666775e-02
1.369755562722620255e+02 6.782396696219513688e-01 3.150499771926835635e+01
5.170011913052614545e+03 -1.291768302254668599e-02 4.313509860694150211e-01
4.994832609078976589e+02 1.602924647239305916e-02 6.416780098866478599e-02
9.471753533812468504e+02 -2.610673239541279680e-02 3.227791161138612308e-01
1.349681975531880880e+03 -3.813262033774013071e-01 9.812840761598229733e+01
3.239614882684384156e+02 7.053699571385403377e-01 8.059299708830077691e+01
4.708102961259115204e+02 -3.825550524983613310e-02 3.445115928301537012e-01
9.985439471606341613e+02 2.104373076577104040e-01 2.210969040673670349e+01
7.300378581949934414e+03 2.027015650111896675e-02 1.499787018449272979e+00
5.535639563331440058e+02 -7.872791171884201133e-02 1.715517973504259830e+00
4.000408717560597324e+03 1.462921292335634012e-02 4.280714771273871899e-01
1.242384360824085661e+03 -1.429619002056138448e-02 1.269599095278138856e-01
4.096376509150131824e+03 4.405108205643069874e-02 3.974504864135683935e+00
6.301260587290569674e+03 -3.531544349185285897e-02 3.929404819407269489e+00
6.785192961618059826e+02 -3.671377049668083509e-02 4.572883999374992570e-01
3.480632913245811324e+03 -5.481574357792339675e-02 5.229243272581100221e+00
1.315924642896248429e+02 -3.004517613612179422e-02 5.939508838514142436e-02
7.460125308266208776e+03 -1.044680611559078987e-01 4.070832152087685785e+01
8.893558890875004863e+02 -4.854671261427010998e-01 1.048009556092593186e+02
3.029621081334358223e+03 -2.142066947761205320e-01 6.950633650337978509e+01
2.161538904497032945e+03 3.883273581561242499e-02 1.629780200255739109e+00
1.439479550095721152e+03 -2.740415759844879728e-01 5.405158288717643700e+01
2.853105131759532469e+02 -1.351996303319609287e-02 2.607586881833326084e-02
1.444929165092712765e+03 -7.997929982294869899e-02 4.621380814707304552e+00
1.111782319487192581e+03 -3.096001206212073420e-01 5.328340990509799013e+01
4.503207225748523342e+03 1.008998888614443951e-01 2.292309807958760715e+01
2.391782695926463475e+03 1.846860714138939263e-01 4.079059218291684630e+01
1.011240274745638089e+03 -1.537187835892061226e-02 1.194753305020490874e-01
5.758934958684863886e+03 -3.049234158815817067e-02 2.677279610524367914e+00
9.346372474415385341e+02 -2.606668560374069687e-01 3.175299658642503431e+01
1.868194634436755450e+03 -1.385586075371781356e-01 1.793325587636962837e+01
9.599987096071414271e+03 2.469135875775306868e-02 2.926379413534351936e+00
1.312129158936222098e+02 6.417728593773734946e-01 2.702148948906344827e+01
2.584465507249961433e+02 5.378380340294207362e-02 3.738038466795402526e-01
1.142182568694202700e+03 -1.935668343311174391e-02 2.139771640335827174e-01
2.151260652601432412e+03 -9.139090361144254493e-02 8.983984230270896987e+00
2.321559520720849434e+02 7.159423949829787359e-01 5.949849595105872879e+01
1.728461722782416246e+03 -2.199427893890117808e-02 4.180702152273813033e-01
3.995541784285653648e+02 1.915937308665171743e-02 7.333448897193502181e-02
4.500958230977222229e+03 2.759001975054232170e-01 1.713085384242382929e+02
2.086192766540417779e+03 3.366306437254652784e-02 1.182038806482283544e+00
8.154213955296970198e+03 -9.750709944029549714e-01 3.876364272139087461e+03
3.636396643935880547e+03 4.242494108744773729e-02 3.272530843441312065e+00
5.344126908422743327e+03 9.489520113128963041e-02 2.406219646785033817e+01
6.224059888866248912e+03 1.121442110610514076e-01 3.913789711075676792e+01
1.702412217042209704e+03 2.277682186679571841e-01 4.415917815368612764e+01
9.378381876762972752e+03 -9.546996185767629706e-02 4.273969466108890458e+01
6.982801312568697085e+02 4.355389643175568148e-02 6.622984174999888562e-01
9.060527454071947432e+03 -2.187311097677204497e-01 2.167427592336631506e+02
1.729276288155001851e+02 1.403827868937589617e-02 1.703970651755114946e-02
5.520188227498954348e+02 3.492011929096772160e-02 3.365699422067878199e-01
3.144239978856224297e+03 1.645908925864916772e-02 4.258898507507770104e-01
1.918222362010348888e+03 6.129262930170120693e-02 3.603175847329339820e+00
3.682966809503047443e+03 7.091626546145211873e-02 9.261034956497560700e+00
8.203511590775549848e+03 -2.980087350237092814e-01 3.642736760113195373e+02
3.296555416758291699e+02 1.349837634169572670e-02 3.003263582230963902e-02
6.886282441769270918e+03 -3.803788932299270731e-02 4.981815695960591484e+00
2.709983398536639925e+03 3.733046426360887154e-02 1.888267059097856304e+00
4.370916840486845103e+03 -5.818515056589664003e-02 7.398895152950578868e+00
1.090031725346762812e+02 1.486107466374474162e-01 1.203675926838081223e+00
5.192357984882776236e+02 1.332444802112573157e-01 4.609279939975351681e+00
8.210589675457059684e+02 -4.854495425536805575e-01 9.674589474208154627e+01
9.688137454022382371e+03 4.707146648579663833e-02 1.073311428432258907e+01
1.144271662588749678e+03 1.051454963426219080e-01 6.325290822566768334e+00
4.551906181215897504e+02 1.766121223888653460e-02 7.099116868888157017e-02
2.395892743146794146e+03 -2.496104919771056085e-01 7.463852511020535019e+01
5.288160522061351912e+03 4.239906952323247435e-01 4.753213102714148590e+02
1.640454379715662583e+02 3.318237025167333071e-02 9.031273021932782752e-02
1.272479171500244490e+02 -3.885752514861847140e-01 9.606627700532929026e+00
2.741380932206969646e+03 1.886814437392219934e-01 4.879752254755887009e+01
5.533658399258549252e+03 -9.536373594128334796e-02 2.516221468119456262e+01
6.150574079205451881e+02 -5.631187575052444272e-01 9.751819313349129459e+01
3.938666967745558850e+03 -1.441004655100637244e-01 4.089309982546399880e+01
1.094570037426605467e+02 -3.375098395209589347e-02 6.234281910592637255e-02
2.279701647943417356e+03 -4.897709315887339154e-01 2.734223609052629058e+02
6.484161090915710020e+02 -3.406791286222150550e-01 3.762832233452132868e+01
7.533249542648464740e+03 7.037918079442160302e-01 1.865695538577810566e+03
3.395982498912947449e+03 -2.170819458184387873e-02 8.001710953253122760e-01
6.644473171467878956e+02 -7.423239367638190256e-01 1.830701284946250667e+02
2.797593769252106085e+03 1.326236023820566712e-01 2.460346625204648419e+01
4.473619975478550828e+02 -1.110697098075060368e-01 2.759436265441353342e+00
2.859627214363607891e+03 3.250695587987728064e-01 1.510887156526660533e+02
1.615713766094913808e+03 -1.140705558205585002e-01 1.051190784689955038e+01
8.578547781015017790e+02 -9.402427271146225340e-01 3.791959973742739862e+02
2.221351110803038011e+02 2.001897704466379657e-01 4.451137157310967041e+00
2.806329388339645448e+03 2.909483728812219117e-02 1.187792323410402417e+00
1.646327644646934914e+03 -8.636371540688853043e-01 6.139724872045077291e+02
1.018495766942448768e+03 6.268841477748138269e-01 2.001261351505594348e+02
1.453953080665364268e+03 -2.735968271431964416e-01 5.441799164054523885e+01
1.876639254672939501e+02 9.947668036437641303e-01 9.285245027711388843e+01
2.894378933025400329e+02 5.516009793007092821e-02 4.403271353797622023e-01
1.926292080590748128e+02 -2.548815768123231518e-01 6.257041477702829368e+00
2.823050067112951069e+02 -1.711734761383727765e-02 4.135819012653469545e-02
5.799977058577534990e+03 3.052046503964851373e-02 2.701335795131990292e+00
3.062319988789350305e+02 1.649900287506670185e-02 4.168079269886783983e-02
3.331317632619618962e+03 2.665104663311340105e-01 1.183081290175983611e+02
1.841378135136821356e+03 1.351909058952012466e-02 1.682704835307780866e-01
1.309915165179089854e+03 5.035615404992659083e-02 1.660803614588603372e+00
1.567065909146877402e+03 -1.436345018291035336e-01 1.616496661717116723e+01
2.041775214232318376e+02 5.472642263557188358e-02 3.057539327922234040e-01
2.912146975700795224e+02 -6.450469092245639802e-01 6.058510872159234850e+01
6.082831033775440119e+03 -2.497545483626122109e-01 1.897153928308432285e+02
5.835254563535919260e+03 -1.386894254517604119e-01 5.611985099985987091e+01
9.418076669920839095e+02 3.849243842189139370e-02 6.977230543634609372e-01
1.688172567399450656e+02 3.231783228474124220e-02 8.815994056898331099e-02
6.171106442554581918e+03 9.714973404182432326e-02 2.912166983486199712e+01
3.158848829603036847e+03 7.708561708228073295e-02 9.385243692341001420e+00
2.038468314326559607e+02 2.039977844475136803e-01 4.241552735746755509e+00
1.062101047521008468e+03 -2.550751088405798020e-02 3.455190546381801120e-01
3.018147439093293656e+02 1.618698990398149684e-01 3.954054469022751928e+00
1.675165759827237366e+02 1.337881553152226073e-02 1.499212253596257823e-02
2.761411320464235928e+02 1.427502341078896175e-01 2.813550816889162753e+00
3.759830261986075129e+03 6.781863345765531959e-01 8.646419699126269052e+02
4.941089248630623842e+03 -2.447876043487635586e-02 1.480374333876687709e+00
4.667349771622685694e+03 -2.642152213773309860e-02 1.629131044877232926e+00
8.257938478355470124e+02 9.390815248723469733e-01 3.641231074489518846e+02
1.687004334529186167e+02 1.090579273218118643e-02 1.003230395679037545e-02
1.938011700369147263e+02 1.445863004042120259e-01 2.025725941764355387e+00
9.331768150960276671e+02 1.104109935668901900e-02 5.687986808899361119e-02
8.838104659588520917e+02 3.692698241369409828e-01 6.025828728384738753e+01
8.914300545216039609e+03 3.515507001776922991e-01 5.508498189784829719e+02
2.124773142487163966e+02 -2.026698618102657778e-01 4.363760584714198032e+00
1.930332272298622058e+02 -3.014369630899035174e-02 8.769909005716866601e-02
1.846765932850910303e+02 -2.773265400036860340e-02 7.101739298808518175e-02
4.274316092899231876e+02 3.051750603392894279e-01 1.990374130503458261e+01
4.298485779742234172e+02 2.807659956568501688e-02 1.694238376354844089e-01
7.646847723382267077e+02 -4.064244037807923648e-02 6.315561968758434119e-01
8.653755429521073665e+02 -5.844358136426989342e-02 1.477910939715763927e+00
2.480687635647985871e+02 -7.444292690865842443e-01 6.873674566950930398e+01
3.397519587066029999e+03 -4.469344589656853300e-02 3.393279662875921421e+00
1.325493634827403753e+02 -3.050189480979303425e-01 6.165968318073150378e+00
1.278867380090466952e+02 8.301701048149036088e-01 4.406864470187400684e+01
5.945079433059026996e+03 2.396547061687003821e-01 1.707259702604026188e+02
9.212511456964912213e+02 2.604491340328272259e-02 3.124596060556883992e-01
6.538424545532963748e+03 8.982579205020085888e-02 2.637820452665275894e+01
2.526137156509430497e+03 -7.149209997182401355e-02 6.455695524349372327e+00
1.217129137933359289e+03 -9.783479176087945817e-01 5.824964913729958198e+02
6.378592201283767281e+03 7.154537881287227619e-02 1.632518144336709298e+01
4.117332360764508849e+03 3.024805990779235940e-02 1.883566592300780274e+00
1.311275858485952540e+03 2.647191391868747301e-02 4.594462950862209794e-01
5.114939163384549829e+03 3.869427596559747440e-01 3.829163639603632419e+02
2.276629279245018552e+03 5.288047650558903578e-01 3.183120218102228023e+02
3.000331443117419781e+02 1.051369156604616169e-02 1.658248840005800348e-02
4.153312221742086876e+03 4.461114987301377510e-02 4.132866904781553608e+00
2.472269557932303087e+03 -6.553258402193083976e-01 5.308604997686574052e+02
1.976181097197000440e+02 -3.558981108820237216e-01 1.251549729447073034e+01
5.712715882175062916e+02 -3.256436133327897386e-01 3.028989442748876471e+01
1.173361016532379836e+03 -1.548822601750309280e-01 1.407359388934100330e+01
3.109525816038108701e+02 4.475391651446835595e-01 3.114054907841007491e+01
5.027795766470414492e+03 4.169860396096776167e-01 4.371099202814291402e+02
8.874542630096028688e+02 -1.148101674258451971e-01 5.848933515855103238e+00
1.972322811301851289e+02 -4.753163056923334073e-01 2.227990978575981273e+01
3.786651729012204669e+03 -1.581998004524810472e-02 4.738460127067439798e-01
1.439668005917605797e+03 -2.199218395445778351e-01 3.481521461717303367e+01
7.142633772712215432e+03 -7.153478141616637087e-02 1.827523188328432724e+01
1.552238219523598559e+02 -1.736126996810083770e-02 2.339329285599005270e-02
2.655457221293146404e+02 4.176306449075917887e-02 2.315762577209816708e-01
2.101480529671812747e+03 -2.121271270872417125e-02 4.728112432501980211e-01
2.114360339147085142e+03 1.738834641791794228e-02 3.196432779427884063e-01
1.037977488382504561e+02 1.135621265277685782e-02 6.693063906879906204e-03
2.133175682888895153e+03 -8.459679189067451643e-01 7.633160889466048502e+02
4.252993300264708523e+03 -1.740200625091447295e-01 6.439666011008550583e+01
1.940123395847178642e+02 1.273684615932075236e-02 1.573704416680976256e-02
8.010968641831746936e+03 -4.566122528553070298e-02 8.351224499456954220e+00
7.331703125080255177e+02 -3.827972242180979201e-01 5.371708476176291214e+01
1.278285069590984335e+02 -7.033812055512592698e-01 3.162126502807786466e+01
3.309492801160269210e+03 -2.421927470819926903e-02 9.706300028921514000e-01
1.132062317974888828e+02 -4.121802728950406114e-01 9.616449246861284550e+00
7.469150614617672090e+02 -9.781113549097648630e-01 3.572875003152075806e+02
2.313440340752344184e+02 -4.807882366612620806e-01 2.673843444199230035e+01
2.102383777673165241e+03 -9.324429999123730051e-01 9.139587331769554339e+02
2.431204346301899477e+03 -7.496277353659269727e-01 6.830976023094730181e+02
1.103052777793466703e+03 1.732358136327040790e-02 1.655166383729710089e-01
6.402492412298214731e+03 -1.657151407794189846e-02 8.791104792732472584e-01
2.127353081407335367e+02 -8.259582071979330031e-01 7.256475392967847426e+01
3.025703657509055120e+03 4.122862127909415753e-02 2.571544347259557828e+00
3.022261321821082220e+03 -4.845579518298535893e-02 3.548080522303611151e+00
2.660665913799857663e+03 6.865990869102974736e-01 6.271433091520361813e+02
2.314912336895999942e+03 1.194322039845220271e-02 1.651001422049663825e-01
4.047961439108477748e+02 5.032873010800155145e-01 5.126704857346724964e+01
3.011990078252977128e+02 -3.890258936286446478e-01 2.279190149615477523e+01
3.368228047357864625e+02 1.714699794793978771e-01 4.951624282367529162e+00
2.337952390052211740e+03 -1.301136796493829705e-02 1.979026389173061118e-01
5.542425448434079044e+03 6.458318542378657656e-02 1.155869457333037964e+01
6.366573267595729249e+02 -3.708634182996385920e-01 4.378282091491092842e+01
1.477475227959671997e+02 -1.162820363445366961e-01 9.988849494869266321e-01
5.860408173924108723e+02 9.211391117698588538e-01 2.486270148499006609e+02
4.270617596978649999e+02 -8.579176116105043104e-02 1.571635594120724511e+00
2.784690215107072504e+02 -4.429177322188792426e-02 2.731448574393469109e-01
2.598359551505331183e+03 -1.481270063573605390e-02 2.850609597555386898e-01
2.532704485759742056e+03 2.717091001884440471e-02 9.348951189329421929e-01
1.962380522408196157e+03 1.137242226604948635e-02 1.268992872813915485e-01
1.178640306066705961e+02 5.014799023985701959e-02 1.482034652429521371e-01
2.986507892987751802e+02 -3.486989998803709245e-02 1.815662294349701389e-01
6.371290745588991740e+03 1.885681297147346613e-01 1.132749855748099890e+02
3.576914080511423890e+03 -1.189713264133589014e-02 2.531413662574539258e-01
2.822657180024588115e+02 4.783278082443088997e-02 3.229084419800190009e-01
5.059075335470982395e+02 -8.032865496004588934e-02 1.632232951537800680e+00
2.598769906911431008e+03 -8.824915733747233926e-01 1.011949797255423164e+03
1.347561618818869647e+03 -1.048016410996651521e-01 7.400393346200996092e+00
1.612709730336777511e+03 -6.543656765668275088e-02 3.452766688586033972e+00
2.259305319441152278e+03 -9.706028636039591706e-02 1.064211789456067159e+01
7.066508222056208069e+03 1.942671015599045370e-01 1.333439740180841682e+02
2.729863236989507413e+02 1.021582671826685718e-01 1.424485162019664131e+00
2.205685711905364315e+02 5.801361905812308511e-02 3.711705854969609142e-01
2.361354923389166913e+02 1.457849073952895425e-01 2.509322054007896430e+00
8.060788831426392790e+03 -3.649960709160789823e-02 5.369377359923478643e+00
1.456698042649273930e+02 -1.166092802888476776e-01 9.903889149353254373e-01
3.034970933941880844e+02 -2.312029580615257776e-02 8.111689400111109227e-02
2.773371559772479600e+02 -5.719540808296837836e-02 4.536285584034099316e-01
7.267186258030350245e+02 -4.457963204961157971e-02 7.221198026983453033e-01
3.692344523055755872e+02 4.929793827228833025e-02 4.486727926143561640e-01
5.198579623001998698e+03 -2.452406432179451631e-02 1.563290171756924751e+00
1.747261822855725484e+02 -6.257215841976626614e-02 3.420505274872767121e-01
4.198556386416477721e+02 -4.496087994029426271e-01 4.243650403994941911e+01
2.087786519353055610e+02 8.032970179285074674e-02 6.736098093224567318e-01
4.030186868023642091e+03 -4.448643270708522168e-01 3.987955940327632902e+02
2.810078542107356952e+03 7.770125038503317150e-02 8.482902555884129114e+00
4.936425559604850832e+02 8.826297923789663824e-02 1.922825007762644756e+00
1.789085689299161004e+02 -1.993192524702700960e-02 3.553854519982977550e-02
1.139203397761475344e+03 -1.259156813176866806e-02 9.030897548791071150e-02
2.460899291536543672e+02 1.781872377845746536e-01 3.906762736660154278e+00
8.251425207315094212e+02 -1.074001788267520303e-02 4.758926318911302356e-02
2.264663574792195504e+03 2.366986797554340993e-01 6.344032078627375881e+01
5.707679751459603722e+03 2.033978220091785249e-01 1.180652791415315335e+02
1.986961548652079728e+03 -1.210881729472037746e-02 1.456675848763540615e-01
6.810378699858390519e+02 -1.234542055809135022e-02 5.189828955254288667e-02
4.182362361530497878e+02 -3.009113227265530766e-02 1.893514875751206028e-01
5.309959093081064566e+03 1.585312020254885101e-01 6.672532301229274765e+01
9.337058577907829431e+02 -8.510677817270048684e-02 3.381492183582808231e+00
9.822944222372150762e+03 9.829051331664974134e-01 4.744985489251125728e+03
1.523928773123381688e+03 -4.630160513193364025e-02 1.633528692533577908e+00
4.354669091787492903e+02 1.520776885196544956e-02 5.035657327453459814e-02
1.942929389621077974e+02 1.826901619309081459e-01 3.242330961600593753e+00
5.140957167316686537e+03 2.457199546045609473e-01 1.552011170193571559e+02
2.741000568869538711e+03 -5.442142441470257941e-01 4.058998954521187557e+02
1.419792118964094243e+02 1.371285616735123114e-01 1.334905760022131460e+00
1.884935521917159633e+02 7.167805720901430921e-02 4.842157975918428559e-01
1.478135234865977736e+03 9.716485272047161725e-01 6.977543735263745930e+02
1.791390334361108216e+02 -8.562773468528581677e-01 6.567334549368095509e+01
4.392542228274774970e+03 7.516339612146175075e-02 1.240791298097071760e+01
4.889454324879762680e+03 -1.432307109029717362e-01 5.015366708189238665e+01
4.536835311584613919e+02 5.308862690941084095e-01 6.393313554611798111e+01
3.408748204298077553e+02 -2.773695427837605254e-02 1.311240841255602585e-01
1.010563037016938551e+03 -9.606764355512585896e-01 4.663239161909961581e+02
1.946866537558313894e+03 -1.978067857114469696e-02 3.808803404747001520e-01
7.463722917336734781e+02 -7.114508770511274172e-01 1.888927767498792036e+02
3.785060592554884238e+02 -3.621814947470336499e-01 2.482534851245191021e+01
1.441870681591477023e+03 -8.855894608704051318e-01 5.654070176109839849e+02
2.041419389150772986e+03 8.129337750726236544e-01 6.745475588026737341e+02
5.662447492255144425e+03 1.308359648987223733e-01 4.846502882911798338e+01
1.293263864562506171e+02 -3.037051392708701725e-01 5.964326772500420759e+00
1.312522179440592822e+02 3.376200011274158586e-01 7.480540684897555970e+00
3.877556653107143916e+02 -6.119299172551307953e-01 7.259914881772225215e+01
6.135850531649527966e+02 1.862913845356621023e-01 1.064707508827060956e+01
1.069715580542173115e+02 -1.072365142415322020e-01 6.150688077919371777e-01
2.232459927376484075e+02 1.422240816413665454e-01 2.257875300304153399e+00
5.927688610945193659e+02 3.154017088598588814e-02 2.948380090716508639e-01
2.673031713186873617e+02 -7.769639356579889355e-01 8.068184796456800711e+01
1.085186888090369621e+03 -8.243546701259262255e-01 3.687251384144281587e+02
2.444861454575233438e+03 -1.654975748008217715e-02 3.348170194010305356e-01
5.060178268502897936e+02 1.879404925179821162e-01 8.936686904852789937e+00
1.726609089813414357e+03 8.365679440203191430e-02 6.041801677544643034e+00
1.672828021341468343e+02 1.096702161391407554e-01 1.006001661014726212e+00
9.935160731062118430e+03 3.464578640886015193e-02 5.962738302874778462e+00
1.294842644638277307e+03 1.062822089221378691e-01 7.313211651016982451e+00
2.386442294444829599e+02 1.485784731229069788e-01 2.634102822128146837e+00
1.006747435054960818e+02 1.923871614816888009e-01 1.863128075073886336e+00
7.232510344206234549e+02 -8.667950206344507968e-01 2.717014045169631800e+02
4.352865197000909575e+03 1.829819975695495815e-01 7.287221172254299972e+01
3.404729535347946126e+02 1.073875457837542430e-01 1.963181518387503210e+00
3.996347500703378728e+02 5.167759700877991996e-02 5.336270930315891725e-01
1.156192578378278995e+03 6.422358469864611341e-02 2.384455745649789016e+00
3.514951077416909584e+02 1.235528907421156591e-01 2.682842088549850956e+00
1.564358600790552146e+03 -9.881640868392896349e-02 7.637732624352453037e+00
1.579595511746215379e+02 1.725119004584209012e-02 2.350466222464840660e-02
1.102578606265648489e+02 -6.711787097433810634e-02 2.483452796116419614e-01
6.705531397085476783e+03 -1.205007860424907595e-01 4.868363127166519888e+01
1.968758740719816387e+03 3.199570340746766411e-02 1.007733806889578254e+00
4.360227623403471625e+03 1.122449206199567229e-01 2.746708431163342468e+01
2.613375417960396589e+02 -2.896261989580264581e-02 1.096093229933268465e-01
5.353887942866754202e+02 -9.918401264042597809e-01 2.633435162972058947e+02
1.481798149474665252e+02 -2.130561631456656668e-02 3.363157883962752254e-02
8.127545009782413217e+03 -2.280998102853215581e-02 2.114361468476412931e+00
7.297634827698757363e+02 1.173150748359687717e-01 5.021804203240879616e+00
6.877697358281096967e+03 -4.360943378747308419e-01 6.539942978397929210e+02
2.038834451717253557e+02 1.460806740579047303e-01 2.175391845417724568e+00
4.204914032404751083e+02 4.525554187287926522e-02 4.305966674040653808e-01
8.801507455458880941e+03 1.827612902726136884e-02 1.469926083566633235e+00
4.216055243203863029e+03 -1.007818926849051999e-01 2.141121524709553725e+01
3.399385956248128423e+03 7.166437750021820152e-01 8.729254306507602905e+02
2.338994233097135293e+03 -2.104539181679591919e-02 5.179802332017208188e-01
2.935015535306802121e+02 -9.430616032160139550e-01 1.305150320878599359e+02
3.294830973899404967e+02 -1.940076188773720914e-02 6.200699932761848110e-02
7.318025409856271608e+02 2.036814761892484504e-02 1.517983270327631085e-01
7.456620483989118839e+03 -9.748161304227869195e-01 3.542888280328436849e+03
1.285679380773443370e+02 6.669092385631110453e-02 2.859144800099181483e-01
3.631482921222279856e+02 2.797521050762860964e-02 1.421021787617807730e-01
6.031895921066284245e+02 -1.837996778427752886e-02 1.018857238565216844e-01
1.257596087160247009e+02 9.916856676834371331e-01 6.183854394192523785e+01
3.950784816019626078e+02 1.515311688898297870e-02 4.535835826470211579e-02
6.601064342618135470e+02 -7.579399571335251329e-01 1.896066547481636633e+02
3.764077900899026190e+03 -7.885394052648724006e-02 1.170241268030748572e+01
1.707017641423157670e+02 1.447178400574742341e-01 1.787525136697001304e+00
1.232565164406491704e+03 8.245971457340661726e-01 4.190477836185644378e+02
8.888006564804148866e+02 4.241071891669412341e-01 7.993291291168155510e+01
1.507341472778806519e+03 1.119400674010898565e-02 9.443930468497190034e-02
1.813076930396292028e+03 -3.091664386384333496e-01 8.665047001955194617e+01
1.688770751302237159e+03 -1.053336685990943072e-01 9.368609201906531680e+00
2.569015838984340121e+02 -9.455416187967000674e-01 1.148412960383782604e+02
8.209042243657049767e+03 -8.358067332996590437e-01 2.867307204425434520e+03
2.636647975964289685e+02 -2.763737358125485655e-02 1.006968053475307268e-01
1.684471723612651658e+03 -4.397762933933930390e-02 1.628911009156856160e+00
5.165801495266039637e+03 -1.216844125742074373e-01 3.824526000934555725e+01
1.095352984180279009e+03 -1.105173067448401297e-02 6.689361799489643157e-02
6.200037705315556877e+02 2.184497024059201820e-01 1.479337443457949597e+01
2.023872479410376855e+02 1.477027931352768164e-01 2.207651747923150776e+00
1.105298499356559205e+03 2.685439779526588855e-01 3.985478039239955450e+01
7.591070482161797372e+03 2.433055069734886902e-02 2.246864620723674655e+00
1.280900487403877719e+02 1.711542101754096046e-02 1.876119807548604773e-02
7.999941956515565835e+03 -3.602713192739850218e-02 5.191779270763490217e+00
8.498377279202654790e+02 1.196919919379107154e-02 6.087461128039251684e-02
1.270084890418098382e+02 6.825904109794215247e-01 2.958851163994800615e+01
7.795215568094954506e+03 1.564893341100541402e-01 9.544817282660656588e+01
3.973784215966653051e+02 -7.994007930305484233e-02 1.269706767143095050e+00
5.072016952747434516e+03 2.652074161550617426e-02 1.783700891936429445e+00
3.596519011385066733e+02 -6.293152025917526649e-01 7.121784223530920599e+01
2.613088920866947774e+03 -3.890603083507210846e-01 1.977689219806107133e+02
5.557898902946069029e+03 7.297220777712970508e-01 1.479774772873653319e+03
1.242720255043075070e+02 7.577006688953530356e-02 3.567292514839536244e-01
3.544303089751708171e+02 -6.865814370125547517e-02 8.353817287759617294e-01
1.744109079255282495e+02 -2.809440355410267737e-02 6.883087335282697672e-02
3.602607095075103985e+02 1.427690843419304745e-01 3.671599082327536845e+00
5.844900025676763107e+03 4.375795289364053375e-01 5.595785831774759345e+02
2.873534246161869419e+02 3.189088285824859259e-01 1.461232981978051981e+01
1.884166286230838978e+03 -3.174385901734740334e-01 9.493113564031266094e+01
1.787466611704910065e+03 6.011298395302484554e-01 3.229568612529843676e+02
2.705287057102060544e+02 2.165261998460074888e-01 6.341679166920514810e+00
2.383135993616366761e+02 1.881794070764046256e-01 4.219519730678967129e+00
1.852175855537270309e+03 6.594390378109871165e-01 4.027184523452922917e+02
1.176822246417329325e+03 -2.306283002727304091e-02 3.129724217946591724e-01
8.423100683723234397e+03 3.494818214010815549e-02 5.143884130386788378e+00
3.030768080169701079e+03 -5.728847535463185148e-01 4.973444061624367123e+02
9.201438506730597510e+03 3.067317153713247299e-02 4.328556584692402787e+00
1.163630195248836117e+03 -7.206338806120774487e-01 3.021442542711837973e+02
1.003039778845335832e+03 5.137770608460274779e-01 1.323846345767816501e+02
8.312619553608599290e+02 2.550015425421069959e-01 2.702673130008378877e+01
3.395075243468340886e+03 3.893416367387762811e-02 2.573244828545190543e+00
2.605270013510761146e+03 9.647198137467568602e-01 1.212341974214035872e+03
4.026050015252217236e+02 -9.785865214630290465e-01 1.927736318610583339e+02
2.267724190079543405e+03 2.393616581908725172e-02 6.496349874181471806e-01
1.418269743922508610e+02 -9.717723784555586108e-02 6.696655280678721622e-01
2.251773864876565767e+03 7.886093095849364687e-01 7.001943109610748479e+02
1.096531466241783477e+02 1.271421386387345913e-02 8.862783241557268057e-03
3.511035850582291005e+02 -3.875322511964570671e-01 2.636458688994390798e+01
1.292613890185801324e+02 -1.179678643984029100e-02 8.994276977763443828e-03
2.180707479484545956e+02 -2.217674950459376237e-01 5.362449303750461915e+00
3.499603416518700215e+03 8.921636426845882539e-01 1.392765107830563238e+03
8.552286830389438137e+02 1.876756022304460966e-02 1.506148864207414728e-01
4.270365090413535540e+02 3.852690459899438813e-01 3.169299232922730170e+01
1.350991881528432032e+03 1.095095821056509683e-01 8.100782781260175369e+00
1.837391630970668302e+03 -5.641217043553965471e-01 2.923595986004282850e+02
2.673111160374432075e+03 -4.426354286781439273e-01 2.618661526273104414e+02
9.075491652302122247e+02 -9.007240904795773551e-01 3.681490827746986838e+02
8.788830355799603922e+02 1.048091269705334339e-01 4.827244461500976414e+00
1.522370230114838023e+03 1.248669556674688458e-02 1.186821305496204154e-01
1.274120476460373766e+03 6.220742540828733819e-02 2.465272632987005164e+00
6.153321778236996579e+03 -1.860316427282570836e-02 1.064763788678247058e+00
1.419226179393248515e+02 -8.079303957460594321e-02 4.632010260126496748e-01
8.512098662350241284e+03 -2.339533545323007127e-02 2.329513365455049723e+00
2.124921858489271358e+02 7.222471389284793597e-01 5.542231068908705538e+01
6.493803594920849491e+02 -4.478875905101594584e-02 6.513391949981471862e-01
2.930489604419466900e+02 -1.012481942000823150e-02 1.502051286979525467e-02
4.499851946686744668e+03 -4.287963298823360692e-02 4.136855471643608340e+00
1.543320602089553972e+02 -7.422358492565797050e-01 4.251185062422888450e+01
4.032340179235798132e+03 8.316489002570726097e-02 1.394463665655552198e+01
3.320410557827342473e+02 8.425805893028521787e-01 1.178649538252787892e+02
3.992030907644260651e+02 -6.710292430546989373e-02 8.987663276398016876e-01
1.697639717524237994e+03 1.560656215118419454e-02 2.067426240084140887e-01
4.169832190804474521e+03 3.455695145191932105e-01 2.489771135825547219e+02
2.876236479493849174e+02 -1.493022236544271075e-01 3.205731513537537047e+00
1.054138793935012899e+02 6.695335956428946633e-02 2.362721581529686199e-01
1.632816678885377996e+03 -4.257593735768004650e-02 1.479911921749833548e+00
8.415473877577323947e+02 -1.141721728253753260e-01 5.484905040270953158e+00
2.389660640285034674e+02 -1.433276448056076263e-02 2.454517674808726763e-02
2.029592106604910953e+02 -5.284597781167480468e-01 2.834018270029075737e+01
1.687570222093503389e+02 1.767029076826205289e-02 2.634627676550202469e-02
4.766828401700927884e+02 -1.821890636399849800e-02 7.911232175929759636e-02
1.113562685955384495e+03 1.265878554945654676e-02 8.922134367194316240e-02
1.064654874919761141e+03 -2.472465374048362363e-01 3.254162886794738085e+01
1.190057707418589246e+02 -1.857903305217525544e-02 2.053923388834344096e-02
3.708857522706903637e+03 -8.194257409897859334e-02 1.245172037898346673e+01
7.806182416442978820e+02 2.794518081346183402e-01 3.048053236632638274e+01
1.183420475590099414e+02 1.334765160442790144e-01 1.054189796076334229e+00
5.590111650557945495e+02 -1.722222523409892292e-01 8.290276504884394271e+00
2.759726717895563866e+02 3.314559126662212918e-02 1.515959586181972463e-01
1.062347851304983664e+02 6.711149543200176093e-02 2.392382299885361940e-01
1.410140655367121553e+03 -1.436383174535582896e-01 1.454698719821990416e+01
9.410816898056600621e+03 -1.357965517183356077e-02 8.677104186007760234e-01
6.066565087873995253e+03 9.025554669386123829e-02 2.470931285033192992e+01
4.682329506014336857e+02 -1.705578010077583168e-02 6.810439717641597612e-02
2.460661192970682805e+03 -1.095663144248680380e-02 1.476984476284668168e-01
6.731745354450647937e+03 -2.532335062304445078e-02 2.158440195552144836e+00
3.273957671753131763e+03 -6.153478602183435481e-02 6.198469292576569423e+00
6.997999981616351761e+03 -1.080494839224603182e-01 4.084974361739742221e+01
3.635902774219694493e+03 1.025122404811321525e-01 1.910441381613424028e+01
2.789617056531002618e+03 8.137029627048954217e-02 9.235201777320275696e+00
2.008624458771577395e+02 3.105902909277802673e-02 9.688231375647392285e-02
1.068451429833648803e+02 1.023856955367256766e-01 5.600197698636243393e-01
2.199793376491332310e+03 -7.875354659236256938e-02 6.821692458951441829e+00
1.365785523623977724e+03 1.722299084054062374e-02 2.025674452006652748e-01
1.592939825267721062e+03 -2.418359267616629615e-01 4.658123657594432387e+01
3.303744363421905291e+03 2.111872532336521169e-01 7.367359169083482584e+01
1.971972934883781363e+02 -9.535278978813097606e-01 8.964741316984796526e+01
2.216549203881677386e+03 -3.585343498011279301e-02 1.424652422486811343e+00
5.925873301165298699e+02 3.651244217194626884e-02 3.950063983234862186e-01
1.373972945533641621e+02 -3.586390848729513747e-01 8.836156942768104372e+00
1.036526531592754282e+03 -3.665753202250104231e-02 6.964290406664287447e-01
4.606855319725555091e+03 1.111455348895150005e-02 2.845500184267428234e-01
6.475414040318276420e+03 3.578135659899474297e-02 4.145254040752803348e+00
2.268452576700141492e+02 -5.900904328984519359e-02 3.949452144679779231e-01
4.054862310323118891e+03 -7.171250731528179267e-01 1.042643716555955507e+03
1.531625946798620134e+03 -1.165584367365932739e-01 1.040423486872134617e+01
4.999105630566341461e+03 1.082741747422780003e-02 2.930299981109163454e-01
5.042802871409810905e+03 -5.074167060748274727e-02 6.491895483340937467e+00
3.088387037909433275e+02 -5.342578996842028971e-01 4.407614776171389792e+01
2.488681439610327743e+03 1.547062037390940226e-01 2.978206257839564941e+01
6.071716421464151381e+02 1.660877483003730948e-02 8.374457417451641739e-02
7.425847332694282841e+02 4.002257318230045824e-01 5.947384758293382134e+01
2.636286296652225474e+02 2.570598231288137234e-02 8.710257322111261691e-02
2.141374638582107650e+02 4.526653147205195737e-01 2.193901350206883194e+01
2.741684158532811466e+02 -6.401642383003349757e-01 5.617851379545164292e+01
5.378562924191453476e+02 -1.725343831055124177e-01 8.005483540340000204e+00
1.095964599623226604e+03 2.678918092369888398e-02 3.932650948593489626e-01
6.075362711760134289e+02 -1.908689313788372033e-01 1.106656144501228844e+01
7.742820613790674543e+03 -8.591099818732716997e-02 2.857371654048289855e+01
2.711098084659257665e+02 7.696070146804988299e-02 8.028848617996006132e-01
1.034380383716668575e+03 1.722842194417136333e-02 1.535116286952893649e-01
6.025794432249693273e+03 3.135485217003724512e-01 2.962059862046926355e+02
1.914267570191128470e+03 -2.175534237567907647e-01 4.530065600484021360e+01
8.910168219668845268e+03 4.639102948856022035e-02 9.587909548870230836e+00
5.012202957452946634e+02 -5.761941163420879475e-01 8.320248381289991357e+01
4.071373252090027677e+02 -1.967753355104484222e-02 7.882287049998758233e-02
3.191626694737316939e+03 -1.530442328706812898e-02 3.737799751689674377e-01
1.111454908854115189e+02 -3.298462376588575523e-02 6.046233595616791467e-02
1.170932447302454591e+02 -3.278968511178005363e-01 6.294718847210680757e+00
1.241102134934016021e+02 -2.320582344580071968e-02 3.341731053894634457e-02
2.072424404286147819e+03 -3.905986295922669188e-02 1.580920869649557803e+00
9.861928461151823285e+03 -1.509031265438958713e-01 1.122867024726535732e+02
2.009545429839260578e+03 -9.479505599136534011e-02 9.028990746547284729e+00
1.130919515737830920e+02 6.772916568366026124e-02 2.593899554209022629e-01
7.975943498506349897e+03 2.626625821035080688e-01 2.751366794995513487e+02
2.070106073568989018e+02 9.970490099871825995e-01 1.028953188031809987e+02
4.122175489443268816e+03 -7.930735801414615649e-01 1.296353503371985653e+03
1.163409686724575067e+02 -1.624467035847444452e-01 1.535056926793399557e+00
1.125218140588113727e+02 8.034401656266140779e-02 3.631732127357604201e-01
2.918519333968891374e+02 2.591729148814068129e-01 9.801934710714986565e+00
1.426507880708965956e+02 7.615729922870265178e-02 4.136825940355919329e-01
2.375763395344156947e+02 6.448841882911339474e-02 4.940110331202676175e-01
1.056310151985399443e+03 -7.778880552466424514e-02 3.195918263966091910e+00
1.249769531883088263e+02 6.938026755608191209e-02 3.007958760701615608e-01
1.071093998285699485e+02 1.500828110509319462e-02 1.206311591626553319e-02
3.980730118074917527e+02 6.169383118932583732e-02 7.575585787284557782e-01
5.013168530255678888e+03 -1.983394953637010807e-02 9.860540403145792165e-01
3.883517383144836117e+02 -2.432319279276780669e-02 1.148778825886763999e-01
4.948679535823571314e+02 1.527530947464946116e-02 5.773502665703085512e-02
5.758498844721229034e+03 6.117687822409637044e-02 1.077590891652711669e+01
5.834976235907547562e+02 1.246186890323493501e-01 4.530805848578122408e+00
3.730699265762843424e+03 1.543946697804092771e-01 4.446567116421415022e+01
1.611063859300798811e+02 -4.545461066548766027e-01 1.664326944111335038e+01
1.371173421114361190e+03 3.157126530937345299e-01 6.833549840588763402e+01
1.502315073239447827e+02 8.936441841557017929e-01 5.998743545675069555e+01
7.146183351885438242e+02 5.109834273646868263e-01 9.329487542079142770e+01
3.986302893563487828e+02 -9.641748754663552745e-01 1.852899738582659950e+02
4.616441511171467027e+03 -8.795536429323144723e-02 1.785673301462564311e+01
1.646087882109746090e+02 1.954117541065026886e-01 3.142855317046895802e+00
2.891014690753755190e+02 -1.304973721743156179e-01 2.461636005929956905e+00
2.881329871662822484e+02 -5.254837567189515335e-01 3.978153879933420001e+01
3.224140159292279350e+03 2.419117516536170923e-02 9.434042963973801044e-01
2.905175817835066027e+03 1.410712678059176661e-01 2.890810101142320221e+01
1.360092457040008412e+03 -1.299779530767753155e-01 1.148888343151873315e+01
9.817691224869644429e+03 -4.374920346128143844e-01 9.395495175676107920e+02
7.129043372549725063e+03 -2.908679560316523860e-01 3.015733910364168651e+02
2.404920548202418104e+03 -1.467237037934271959e-01 2.588637870596900470e+01
4.562106182641672603e+03 -3.793279174124344899e-02 3.282199741183833286e+00
1.802616236014620426e+03 3.429364208336723174e-01 1.059986915875485778e+02
7.008661434022255889e+02 7.400164621969160805e-01 1.919056881278818594e+02
2.097409876742394204e+02 -8.839626580786934529e-01 8.194475317400609526e+01
2.006194311436257181e+02 1.852117022052213874e-02 3.440961752665364776e-02
1.006612803647259852e+03 7.040624500887456838e-01 2.494909632026018755e+02
3.727708935124993559e+02 -1.498927943798154805e-02 4.187680223928082895e-02
4.399001891473634487e+02 8.142973674695798414e-02 1.458445532867379990e+00
2.017042125636826881e+02 1.412301771350103485e-01 2.011592373671723610e+00
1.151004327127831601e+02 -3.068412247259059630e-02 5.418441335645813456e-02
7.986357417099019358e+02 -7.040325215968201711e-02 1.979266112323446736e+00
3.567127878367436438e+02 1.881135691096306739e-01 6.311446859178673208e+00
1.324004162392443220e+02 4.903874073107822862e-01 1.591981342085024842e+01
5.746999079283850733e+03 -1.433775276660668486e-02 5.907086175215353618e-01
4.480717499289059560e+03 1.691671940269463131e-02 6.411355509042460099e-01
4.211946779596010856e+03 5.282612275431511351e-02 5.876927752095256530e+00
1.789482907818424565e+03 -4.656264407497938684e-01 1.939870893248807988e+02
7.882856044267991820e+02 2.552120370062863630e-01 2.567177559297894263e+01
1.588638947703505210e+03 1.080158371613094970e-01 9.267659771612571262e+00
1.672838705497041474e+03 -2.398434499928974936e-02 4.811492331850614201e-01
4.239406619065384803e+03 -1.833658830363696715e-02 7.127088413327508087e-01
3.745838084370024717e+03 -3.116825029874181058e-02 1.819465608116123789e+00
1.377268882764719820e+02 5.813377164797316893e-02 2.327264476455586928e-01
1.737781678965415267e+03 -8.780553069199201754e-01 6.698984343287930869e+02
2.501835761547217771e+02 -6.504100700371186206e-02 5.291798681023339723e-01
6.599387430746495738e+03 -1.409715766122402458e-01 6.557476507146483868e+01
3.221464069584035315e+02 -6.658588331327179588e-02 7.141470177051627566e-01
1.373079274004455215e+02 4.285252895335436157e-02 1.260719673662183127e-01
2.343803798852827185e+03 -1.362298688351623252e-02 2.174883182779034085e-01
1.171067614324823126e+03 2.045308990755346779e-01 2.449457057143819227e+01
1.332055799819159461e+02 1.018199928504513047e-02 6.904918335785849987e-03
2.443415871358029676e+02 -3.512905921267342468e-02 1.507649656817399708e-01
1.222579565421091132e+02 7.455415454842578837e-01 3.397745423426849243e+01
6.034967540855170682e+02 1.812462216231247245e-02 9.912492378831432027e-02
2.621507197732964300e+02 1.131792412909000678e-01 1.679015151885166812e+00
2.104783368327067365e+03 5.616547731307420382e-02 3.319833597103975631e+00
3.725142553314734073e+02 -6.659617114124388726e-02 8.260596760420052531e-01
1.196958314681816091e+02 1.624154646847407110e-02 1.578715192251816529e-02
4.413620494193509671e+02 -2.595582111101492062e-01 1.486738324137064993e+01
1.577331165807534262e+03 3.289904650740725633e-02 8.536100335770030467e-01
2.083164892526304811e+03 -7.130828937379864174e-02 5.296313555660234762e+00
1.319335581840615532e+03 -6.264975746230146136e-02 2.589190874639539786e+00
5.520248592339052266e+03 -1.433935762305811254e-02 5.675289660632903965e-01
1.535953786504818765e+02 -6.823305605254340600e-01 3.575508373352330693e+01
1.801125245171852498e+02 -3.347629997020847709e-02 1.009226903849390899e-01
1.178018429463208349e+03 6.005906893253960127e-02 2.124610285637096752e+00
6.056200067017255606e+03 9.997831750800596773e-02 3.026787040774159721e+01
6.657835427669466526e+02 3.707401540969968989e-01 4.575539536410995822e+01
3.530061880245259999e+03 2.447987737080562290e-02 1.057720200412190170e+00
2.201928806578365311e+03 7.838681231860579468e-02 6.764867348647893408e+00
9.425671902663099900e+03 2.710338562062147502e-02 3.462018713440310869e+00
2.526971552465938657e+03 -5.630094020443864727e-02 4.004991992658461619e+00
2.131855043871603812e+03 1.729165653615589646e-02 3.187138061831994440e-01
3.886536933749998298e+03 9.993104134722088916e-02 1.940589287447359013e+01
2.342276493156206925e+03 5.234557405633223359e-01 3.208988037166628260e+02
1.511612569754593551e+03 -6.056608003915016081e-01 2.772486443280614594e+02
2.775765793909884565e+02 -1.886667847473656456e-01 4.940190776455152033e+00
3.446804566214790611e+03 5.606974064877733310e-01 5.418059355689355243e+02
2.851973709203723502e+03 2.431427119809655146e-02 8.430203044874695628e-01
7.614095201615007227e+02 -1.671045998590467777e-02 1.063077965508963663e-01
2.477656467771858843e+03 -2.969545881313956359e-02 1.092423852796438943e+00
4.110555439845554702e+02 -4.438038373595606378e-01 4.048112938718481502e+01
1.464592962252395125e+02 -2.794319817699981168e-01 5.717934405129368791e+00
2.846606764217659702e+02 -1.626018684068067724e-02 3.763124133925561249e-02
2.730431434211496708e+03 9.535778532268876506e-02 1.241405289632162834e+01
2.469483486384071966e+02 -1.145180278537920732e-01 1.619287082126714017e+00
3.231393663049794213e+03 1.430604303475657701e-02 3.306731462472951022e-01
1.385299503831816764e+03 9.161652271161527250e-02 5.813816115153883857e+00
4.797133138714231791e+03 -3.725842610316544290e-01 3.329666883107437911e+02
2.514766150803849598e+02 -9.984444114365620404e-01 1.253474176623714413e+02
2.715493309213040334e+02 5.578455861169486635e-02 4.225194868331551001e-01
2.127846791935645342e+03 3.760949031295385825e-01 1.504891727949033395e+02
2.864277602285904777e+03 5.371952839448753542e-02 4.132848581321621140e+00
2.185364336951435234e+03 1.040255368669829039e-02 1.182425501207762381e-01
4.280603920102770644e+03 -2.438045793889917490e-02 1.272209887810850537e+00
2.142994323202978251e+02 1.271613466236659884e-01 1.732611775559009359e+00
1.855567336744716840e+03 -2.173432564697820313e-01 4.382672947817994924e+01
8.838870111783678567e+02 -6.332672115014940928e-02 1.772314378295020809e+00
1.728234104770801309e+02 -2.267890107347608764e-02 4.444435304223680328e-02
7.701764225897325559e+03 4.261097183725529730e-02 6.992027093524711745e+00
1.532363540299608530e+03 1.051997894194006411e-01 8.479330350982021258e+00
4.036700380929727885e+02 7.576447323933259426e-02 1.158584559047008966e+00
5.192480628532833862e+02 -6.084345869102981280e-02 9.611090730147268113e-01
7.863718830109233977e+02 -4.028847757275763608e-02 6.382042531553199227e-01
2.428607176258497304e+02 1.074505478827596575e-02 1.401988808498031390e-02
2.017586250691242924e+02 4.481007570950808205e-02 2.025598978567307584e-01
4.235038380379234582e+02 -4.978644025563583875e-01 5.248672865096099116e+01
3.705254812551808755e+03 -3.170280887900797651e-02 1.862016690224506554e+00
1.125806024726952899e+02 8.542047707610120888e-01 4.107310714295994813e+01
7.622957190169734076e+02 -1.076269268349917818e-01 4.415047338563927504e+00
1.465843170505298303e+03 3.136792831991858793e-02 7.211559416025487002e-01
2.231712965689970929e+02 7.601470446810529857e-01 6.447681313746103626e+01
1.949704991378374075e+02 -4.605825258100817304e-02 2.068015654912704337e-01
1.133006958700628672e+02 2.980596893259442048e-02 5.032793026822593441e-02
1.523434970572764087e+02 -1.046355259430173379e-01 8.339734947803686405e-01
1.208564839493561522e+03 -2.708182586954993587e-01 4.431960104122592981e+01
5.761567702184757991e+02 -2.111021507292792920e-01 1.283795915950873301e+01
2.296308653994088615e+02 -5.664311970880194641e-02 3.683787725251800871e-01
9.335130435887353997e+02 -9.287133834030478208e-02 4.025814901213401242e+00
2.424783290950762193e+02 7.339729186403284866e-02 6.531350750804365557e-01
1.257848280657511992e+02 1.131942624081184318e-01 8.058367929997081180e-01
9.563687683522100997e+03 -2.984764580300411918e-01 4.260058414073977815e+02
1.534200963081850944e+02 -1.741171245314828211e-02 2.325601120934328928e-02
1.106265132394499915e+03 -4.899952086768313286e-01 1.328045319245156861e+02
4.943182278265366222e+03 9.200688928024823576e-02 2.092268057598518638e+01
5.053315869686260839e+02 -3.719706123119805863e-01 3.495937898769150110e+01
9.988372501862423860e+02 7.138135728074314346e-02 2.544686805123051343e+00
2.432400816724494632e+02 4.633318858436586557e-02 2.610895696634003560e-01
5.028606388582057662e+03 2.682168168718254697e-01 1.808796276604615798e+02
1.825567561631869182e+02 7.083646039768474179e-01 4.580170217574240610e+01
5.485973976306320310e+02 2.622804008791368435e-02 1.886928417257657808e-01
3.928084438305836557e+02 -1.472860996828447878e-02 4.260635116214126633e-02
1.492185812781409140e+03 1.734633407543413330e-01 2.244958532658463213e+01
8.940227374022320873e+03 9.632565483989031785e-01 4.147653891800633573e+03
2.356514973614993664e+02 9.395822003843177228e-01 1.040183043028323198e+02
8.268382809978908199e+02 -1.128033672126763087e-02 5.260593052363966154e-02
2.385772036255064450e+03 3.410296902105643818e-02 1.387341345447000940e+00
2.107806025507316917e+03 1.969635102075800448e-01 4.088577148458034571e+01
1.903143648993340378e+02 -1.058671990865088681e-02 1.066508744524424269e-02
2.609511244013122564e+02 1.077050637135677502e-01 1.513566200038381382e+00
9.006415216633010914e+02 6.781737577739485046e-01 2.071113647880150097e+02
1.579883179892909538e+03 -3.769180636478351720e-02 1.122248109418676698e+00
6.057723754908009823e+02 5.091449384502582109e-01 7.851675282208326223e+01
9.929392744297218087e+03 3.706418388136648034e-02 6.820270143628616388e+00
4.096404226837246824e+03 -1.053109798655990081e-01 2.271538579871651464e+01
3.123471753781562370e+02 -3.201301161698018594e-01 1.600518327720919132e+01
3.804509353072753129e+03 3.395816616564263923e-01 2.193598389875342605e+02
8.794659846955776175e+02 9.019884367497059685e-01 3.577593486891803991e+02
3.949491187773777256e+03 3.093949865600607585e-01 1.890330308835476671e+02
1.156740492234591329e+03 3.117907370388909305e-01 5.622537492796628555e+01
8.683689946600938129e+03 -4.413110465100324870e-02 8.455979271960254451e+00
1.097401270977179308e+02 -2.578102553329244748e-02 3.647000653753974808e-02
3.831637301504025004e+02 5.385246486508112052e-02 5.556042625665001955e-01
1.340469262852219003e+02 2.391206567426553686e-01 3.832313719951737863e+00
5.094225775910344055e+03 6.205621518710139339e-01 9.808865107569528163e+02
6.290540782651655718e+02 9.973659405033528103e-01 3.128722555371649037e+02
4.291419893592177687e+03 -8.172207220682262130e-02 1.433011762660068023e+01
1.949761805691251766e+02 3.790986662819403330e-01 1.401057876646543932e+01
1.366316958155570660e+02 -2.755364029188017705e-01 5.186560305534258397e+00
1.163531812657038699e+03 -8.227295120412510265e-02 3.937879464648669448e+00
6.161348755458778896e+02 1.376192758589618939e-02 5.834509255458152771e-02
1.981819710862219495e+02 -9.598861140884590304e-02 9.130058623269022844e-01
9.409719271472740729e+02 3.189161597725641978e-02 4.785195912152707121e-01
8.387609652186245512e+03 8.004092522382213470e-01 2.686781909527829157e+03
7.497983718978700836e+02 3.660019004280429950e-02 5.022051688158356564e-01
1.555065935958337377e+03 6.311271560288651827e-02 3.097080880569208272e+00
4.891867742145989723e+03 -2.631077565513478822e-01 1.693214637289003690e+02
1.594812381541621278e+02 -6.257277077898647510e-01 3.122125639140636721e+01
4.878282053364867352e+03 1.288537255032454545e-02 4.049774770888352471e-01
1.047535591455455005e+03 4.377555118217350827e-02 1.003695641015630802e+00
1.873612688726024317e+03 9.093739163331452380e-01 7.747022361218661217e+02
1.638750333802545072e+02 8.678087777246342727e-01 6.170649443959980118e+01
9.778903979389917367e+03 -6.697079636498352861e-02 2.192962032236179581e+01
2.281662680925417988e+02 -5.354736522649731351e-02 3.271128887281686826e-01
3.653309737837795979e+02 -1.977926323986423096e-02 7.146225557035512654e-02
1.740779751238779681e+03 4.879583919928810465e-01 2.072427820227201494e+02
5.806683422728856385e+03 -1.283442224462826887e-02 4.782453983220725235e-01
3.761326116724421240e+02 6.611336596280091571e-02 8.220335271746997963e-01
1.399946955314551644e+02 -2.517049385835696262e-01 4.434708294215245594e+00
1.052562608069599492e+03 -2.236210710518314604e-02 2.631742467548303099e-01
1.015489660453326053e+02 -7.349862228005400455e-01 2.742861679119275209e+01
1.359757141199710077e+03 -2.073543530174037641e-01 2.923194188881274869e+01
2.645110494860402923e+03 1.063223991418636161e-01 1.495076305160386454e+01
2.092339329686791132e+02 4.209531608546134701e-02 1.853829004361739474e-01
1.110062452087517642e+02 1.926452808255625093e-01 2.059843221183280892e+00
9.194768182682340694e+02 1.343366713105064066e-02 8.296596221006130589e-02
1.075382397283037335e+03 -3.989994830543915072e-02 8.560075470530322805e-01
5.107409906459709418e+03 -5.274701547036853011e-02 7.105039582013701782e+00
8.043730548439099266e+02 -8.510276638955245609e-02 2.912828221837183040e+00
6.597199097820700899e+02 -4.057941078564724496e-02 5.431766206228234584e-01
2.513656637646952277e+03 6.785477108537001090e-02 5.786776872039690822e+00
2.241709419444685409e+03 -1.888694171943689215e-01 3.998274447333889015e+01
3.260845491213561218e+03 7.448292567536839437e-01 9.045106402405812105e+02
3.049746840364572336e+02 7.338776079830337806e-02 8.212607509404366013e-01
1.535382208648792130e+03 5.988186869126440465e-02 2.752816086118850425e+00
3.331362975916158575e+02 1.333488032023058545e-01 2.961898717326758579e+00
3.872107819324825186e+02 5.490297960126625659e-02 5.835919261271088621e-01
4.218009133427374309e+02 -2.353791315033149090e-02 1.168458876803311480e-01
1.370242695814810645e+02 -3.769057733622605544e-01 9.732694240217375281e+00
3.118440419356595612e+03 -1.928142855409701109e-02 5.796767344882304274e-01
4.008575604817865042e+03 -1.087189741832268186e-01 2.369031172762622717e+01
1.069471733941060165e+03 1.069439005344429289e-01 6.115772967020435935e+00
8.165358404962481700e+02 -7.378606696272442533e-02 2.222767201179528751e+00
3.037204537635058159e+02 -4.647930480891962479e-02 3.280675624090356735e-01
2.774446276332999332e+03 -3.817999037185727806e-02 2.022171350178991300e+00
9.260771983186660918e+02 -5.273873182777994995e-01 1.287883444205367027e+02
3.909320257155403397e+03 1.541285475510919059e-02 4.643414207508274050e-01
7.972745343420003337e+03 3.489133605559420481e-02 4.853031344859957130e+00
4.490191171299484267e+02 2.648897314352953100e-02 1.575306561627585755e-01
4.994868930046567925e+02 1.901372096949833362e-02 9.028764664934245399e-02
5.779840544572399267e+03 -5.412757635705141290e-02 8.466872583594399870e+00
1.622829957473009244e+03 -2.198418214050350261e-02 3.921603194107042278e-01
1.221163308906642669e+03 1.112626885196719290e-01 7.558625897454466447e+00
3.515518077815489733e+02 -3.454782006458285704e-01 2.097976590033056610e+01
1.866031671598007279e+03 -4.704795169796933962e-02 2.065239657818803032e+00
1.391590982513758490e+03 7.240515020581726746e-02 3.647711882056444033e+00
1.121125325675955366e+02 2.875687023159017100e-02 4.635615461912033497e-02
5.774321948175145735e+03 -4.628226481768702577e-02 6.184437496049809191e+00
1.016985611697075115e+03 -2.233290403748689965e-02 2.536151613522225623e-01
1.049947600501942816e+03 4.151703523798675466e-01 9.048785532800813769e+01
1.137191140320564813e+02 -2.063250221803869244e-01 2.420512182427910552e+00
5.184753545856931851e+03 3.805582507934526793e-02 3.754398831661195590e+00
3.082109618487137936e+02 4.906421855468243720e-01 3.709777454967456833e+01
5.340951834475979467e+02 1.173420714847778212e-02 3.677021482812924819e-02
3.707656782780869889e+03 1.502635429986533787e-02 4.185783661174957149e-01
4.793211449447803716e+02 -7.569268371826715081e-02 1.373107058341607623e+00
2.098331157051483387e+03 6.046128304260980357e-01 3.835294801122090576e+02
8.466621950305662949e+02 -1.178533703439294256e-01 5.879822100726884493e+00
2.353085627126432939e+02 -6.710597070780432993e-01 5.298220898426936998e+01
5.367837228498296099e+03 -1.298182804344397423e-01 4.523150587278153267e+01
7.369434530243503332e+02 1.464345430397450409e-01 7.901167012621805874e+00
2.384720211267799073e+02 -4.446432537682896285e-02 2.357386823899596806e-01
2.279275853063863622e+02 -8.571708355585047623e-02 8.373396685919284321e-01
3.005220770881600401e+03 -2.556643255241095036e-02 9.821699689816681955e-01
3.916003300826468603e+03 -9.884924815013108879e-02 1.913197454405350229e+01
2.991600295733841222e+02 9.007134472558227245e-02 1.213519795264290657e+00
1.424797590059060894e+03 -2.805188514336708350e-01 5.605924962916441245e+01
1.178594750816836410e+02 -7.944371647906517397e-01 3.719234934466410181e+01
5.376440055590222983e+03 -1.715525224917453795e-02 7.911503578915050072e-01
3.497182621250767625e+02 8.339224484190679298e-01 1.216016997327544829e+02
5.007204760094859012e+03 -1.979656833158591478e-01 9.811720818420096180e+01
2.846634541889177854e+03 -2.696792591808545581e-01 1.035134568635706813e+02
1.312197732187791246e+02 1.025816723707160746e-02 6.904128044037905094e-03
4.850513087087191707e+03 -1.357210717954236874e-02 4.467373320932410130e-01
1.011008721468636509e+03 6.232674935629425317e-01 1.963694212742253740e+02
1.722099799274637064e+02 7.002204306314793736e-02 4.221802151427679894e-01
2.514591734569620712e+03 1.232912164345656286e-01 1.911180752769483604e+01
6.217427044175904484e+03 9.092440068312650225e-02 2.570050141891636031e+01
5.177042531170429811e+02 1.493786182408779646e-02 5.776018997404770011e-02
2.758024345224800982e+02 -1.112542603196366164e-01 1.706873756238965978e+00
6.833909238309851389e+03 3.737357521085128698e-02 4.772747964604700854e+00
1.318431180995135719e+03 3.698782797274213219e-01 9.018724657893073982e+01
4.900530263702631601e+03 -6.190795119580228684e-02 9.390872474945753723e+00
4.554217929118825623e+02 -2.954104496186314016e-02 1.987172279813917697e-01
2.757302773961488583e+03 -3.508678497609204333e-02 1.697233568482505728e+00
2.958429875857553952e+02 2.794584065126817229e-01 1.155222504431604769e+01
5.670040305227174940e+03 -3.084807481813601759e-01 2.697815723460432196e+02
2.121805486219093837e+03 -1.288828225431943864e-01 1.762242413244913664e+01
4.687540023655926234e+03 4.684828428010348600e-01 5.144016749294496549e+02
7.510466044028582928e+02 4.025400826510858177e-01 6.084923941603798880e+01
4.629374598493498070e+02 -1.442176573854583588e-01 4.814256242516747442e+00
6.993577174802890113e+03 9.250821430342393015e-01 2.992471146815491466e+03
8.285645096428705074e+03 1.400044269342180236e-01 8.120445722700270608e+01
7.892258203914717569e+02 3.223842090951624384e-02 4.101274256390489148e-01
2.688138074932715426e+03 2.409410823373266675e-01 7.802670913696954358e+01
9.378899804343420783e+02 -1.092930444709969313e-02 5.601533638025808087e-02
2.015960278352987132e+02 -9.628669194134121812e-01 9.345111929148851004e+01
1.621102851004042805e+03 9.194351331731587251e-02 6.852085345256720750e+00
1.253812541184634739e+02 2.543266170918553337e-01 4.054956904900249626e+00
2.577716345801225089e+03 -1.318092163977447641e-02 2.239219596364770970e-01
8.557145514122665190e+03 4.540531245079811734e-02 8.820887002114018216e+00
1.914148196086488952e+03 5.760810343541591938e-02 3.176235666124791024e+00
8.204434667876538469e+02 7.793801062023918425e-01 2.491823617352679321e+02
1.122259466909318917e+02 2.250644151717503816e-01 2.842346045511542130e+00
1.021622035896848843e+03 -3.974871828154809272e-02 8.070612849716760628e-01
2.667156680130367022e+03 1.618097025791365162e-02 3.491625465765029745e-01
2.215569110664111122e+03 1.055129203858427844e-02 1.233293927573399923e-01
1.034036136664110472e+03 5.251237626367048078e-02 1.425702998986156933e+00
7.840014159612900357e+02 -4.523932842471894977e-02 8.022674087882251115e-01
5.182359341907801991e+02 1.042043695614116618e-02 2.813645566322674207e-02
9.497351230255830160e+03 -2.968192482225044324e-02 4.183662335342116734e+00
3.540650652322053702e+03 -3.581336168645388174e-01 2.270613731571611424e+02
8.421831932178718489e+03 9.876703549093416301e-01 4.107717911421062126e+03
4.452266291451468305e+02 3.328380820380865551e-02 2.466136764325548292e-01
1.361422863368022433e+02 3.347445371223941035e-01 7.627637418906340727e+00
3.189927657343699138e+03 -1.545173564340151552e-02 3.808073982312508710e-01
1.590242343244342010e+03 -1.288701165480382431e-02 1.320498037514447054e-01
2.327350719524169165e+02 -1.893875746882192901e-01 4.173830452792844703e+00
8.070099962763325493e+03 4.071175184919709894e-02 6.687880431852513574e+00
8.132203571456146847e+02 5.643110325705190666e-01 1.294837677414746224e+02
5.810920183601459030e+03 -2.842257806725765473e-02 2.347155434203885616e+00
7.816813574456945162e+02 -3.354868581847125775e-02 4.398967807983399370e-01
7.482706640388262713e+03 -1.641268243121391801e-01 1.007831332934951831e+02
7.197882107848726264e+03 1.374950277211473525e-02 6.803755828165016784e-01
1.584923837004157576e+03 4.000068319362982128e-01 1.267982382367978289e+02
3.953035960242626970e+03 -8.718641437644533143e-01 1.502444381399274562e+03
1.800039053607963808e+02 4.854801495074116402e-01 2.121264803006450705e+01
1.420803916233871860e+03 -3.594358493269160237e-01 9.177976277389272752e+01
2.613152832211075633e+02 -3.260414099319393355e-02 1.388929940553093045e-01
2.137555864493308036e+03 5.912906990753035580e-02 3.736711541094523970e+00
1.123516393599532876e+03 -4.943775199869092085e-01 1.372988334244958253e+02
9.006655237340482927e+03 1.249454465058757319e-02 7.030308937980634942e-01
2.347135681095041036e+03 -8.377108325997545402e-02 8.235623094755851525e+00
6.775138004110307520e+03 -4.125803179267732712e-02 5.766405279372644799e+00
5.498627548952821599e+03 -1.262903463292462496e-02 4.384949705037907708e-01
3.244396276912349890e+02 3.634926180913782695e-02 2.143359843027291267e-01
2.015861941988342778e+02 -3.809351990569538882e-01 1.462625019763368783e+01
2.700687456877564728e+03 -1.322513721214995004e-02 2.361808628445211389e-01
1.248764601921556761e+02 -5.935532336647765250e-01 2.199732820136575029e+01
6.296089548912601458e+03 1.808714768356796745e-02 1.029866828593555717e+00
5.323406220568203935e+02 2.734899276808780075e-02 1.990867169421283167e-01
6.813590832164157973e+02 7.136286256665395900e-02 1.734964445372251030e+00
2.528230371436825862e+03 4.594781124810896900e-02 2.668801697378889504e+00
2.094570314293749561e+03 -2.343100359914422615e-02 5.749720450327387988e-01
7.223480857497704619e+02 -3.111336669685984546e-01 3.496314937248365595e+01
7.238155777585949409e+02 7.756392962535885172e-02 2.177296313622740342e+00
3.978985924131632601e+03 -1.435599787241373208e-02 4.100239052581537424e-01
1.771823713139580605e+03 2.738775647245462741e-01 6.645129198352533706e+01
4.956680985742717667e+02 2.193281962921761127e-02 1.192202167139159580e-01
5.129606809887354757e+03 4.474481326265218606e-02 5.134988572547375618e+00
1.106496501562846930e+02 3.869039213501479502e-02 8.281830014137149532e-02
1.924561743530002502e+02 6.721360644398459427e-02 4.347266358976152323e-01
3.858247910726366285e+02 2.305927510743491782e-01 1.025773405804778626e+01
9.995791222804349445e+02 2.294503920352063825e-02 2.631266212638719848e-01
1.287404738737151888e+02 5.101451780093781835e-02 1.675223202970482772e-01
4.088219452741486293e+03 -2.067782489804133664e-02 8.740049884710817674e-01
1.648210775903067315e+03 -3.451013000343054471e-01 9.814675477145989646e+01
7.261804210930060435e+03 -2.308520311445851070e-02 1.935004324294850031e+00
2.425251392192044023e+03 -9.126519297241349193e-02 1.010036619600220398e+01
3.962883248571814420e+03 1.618932934051955236e-02 5.193247229315873792e-01
4.704305479345998720e+02 -2.495393609699626813e-01 1.464682986506399587e+01
8.825906105178368307e+03 5.129237324328697611e-02 1.161007151677647720e+01
1.003468742866091929e+03 -4.083923069221508800e-02 8.368140406098636408e-01
1.256833261665574355e+02 3.720896700848420197e-02 8.700473662250575446e-02
1.524056736050280847e+02 -2.643744854228680802e-02 5.326111058048597219e-02
4.316787419516888917e+02 1.432117369359563533e-02 4.426779507491911125e-02
1.120701597140794803e+02 1.237443282721939659e-02 8.580460575349285399e-03
1.575222571182951015e+03 2.525269458953873294e-02 5.022586015897156919e-01
1.354393740843457010e+02 -1.728223489266547397e-01 2.022622106330985936e+00
1.839958888574763307e+02 -4.093269933541231198e-02 1.541412564086462322e-01
9.204085313136898776e+02 -1.380429737212373470e-02 8.769589251438493493e-02
1.103688695077532657e+03 1.157590857823700276e-02 7.394805830716214001e-02
1.106448783569872774e+02 -4.245318194143540141e-02 9.970611944732327148e-02
2.755874669965193675e+02 7.164945986553281077e-02 7.073841246493666191e-01
6.757382878946130404e+03 1.262955422065207278e-01 5.389203397817982477e+01
3.000506666492934755e+02 -1.114704182721416442e-01 1.864162905595455610e+00
6.601856562307302738e+02 -2.820989331516242371e-02 2.626872391174958077e-01
2.532262597059512700e+03 -1.428221429717182675e-02 2.582675453517256359e-01
9.534688766222545837e+02 -1.003417273351090711e-01 4.799982692833014930e+00
1.495172123599030272e+02 9.082558272171239455e-01 6.167051589801022971e+01
5.482055110898188559e+02 -3.594556170956780122e-02 3.541636221473943302e-01
8.911219403540904977e+02 -1.244647540139380421e-01 6.902396626797610679e+00
5.422341822117617767e+02 7.507980209857942344e-02 1.528280720970517814e+00
4.891514438978977523e+03 -2.117755803520026195e-02 1.096895122381917442e+00
1.941826009211563644e+02 -1.765439955885562962e-01 3.026120523588447853e+00
6.484052305294240796e+03 4.038257864761203297e-01 5.286942766482322895e+02
2.325920991414438049e+03 1.210778401229620389e-02 1.704881871121816383e-01
1.194951637739903276e+02 -2.019987778180825852e-02 2.437910830350864186e-02
1.535766992809755322e+02 1.444560604652438650e-02 1.602384987015302575e-02
4.480372829936683047e+03 -2.405150123391211828e-02 1.295891190339972798e+00
3.620710597659830910e+03 -1.223286555892165797e-02 2.709069975893273474e-01
8.244912649138563211e+03 1.748423155480020863e-02 1.260228108990324669e+00
3.995611465046108606e+03 7.133234968732651837e-02 1.016544312360447933e+01
2.889914623307084867e+02 2.906157261263796476e-01 1.220374825419538389e+01
8.332002722382887896e+02 1.330481917280543214e-02 7.374581172345759383e-02
1.410169413054700271e+03 2.103954635395426931e-01 3.121145665041105133e+01
6.618272450681721239e+03 -8.631898032865289450e-01 2.465626271214622193e+03
5.001264081373037698e+03 1.807375092455649340e-02 8.168576439165533554e-01
6.559933051633061041e+02 3.196988831042718582e-02 3.352367715061785325e-01
1.197832137511146442e+02 -7.522639878171669126e-02 3.389272665284215891e-01
3.360354252550409342e+02 4.501277323016406040e-02 3.404290470860802942e-01
3.209934755179868375e+02 1.536741078320490450e-01 3.790247852377754079e+00
7.601868234702104701e+02 1.473750430227216968e-01 8.255402103408906456e+00
2.403304016945427065e+03 -8.354226536484248289e-01 8.386702002170389960e+02
3.483301303279009176e+02 3.321564678502545997e-01 1.921526922550804883e+01
4.974970633860556518e+03 -3.546916117388972944e-01 3.129409246315506721e+02
8.346955535899727693e+03 8.036605731998440749e-01 2.695525408627249362e+03
2.777445656271478356e+02 2.483224702114593396e-01 8.563427281588047890e+00
1.758908998001674036e+02 -5.320173801698874216e-01 2.489229937038613016e+01
3.599013214064447311e+03 -2.808782117310844040e-01 1.419677006462918030e+02
2.047530456800475918e+02 -6.270532409443276833e-01 4.025401541870426314e+01
1.279741908290904348e+03 -1.387540050840496697e-02 1.231922683543404673e-01
6.784972442593289998e+03 -7.992722881687185088e-02 2.167242974393039034e+01
4.740599793901141311e+03 1.988473823086766845e-01 9.372232504873272774e+01
2.012560081580894575e+03 -8.215475002374857949e-01 6.791789477310979919e+02
8.754337290371703375e+02 -1.801434879361841768e-01 1.420464597469001333e+01
4.263631584746189219e+03 4.438811219453106527e-01 4.200326257825200855e+02
6.717075189364266407e+03 8.037861327123213551e-02 2.169857595048810950e+01
1.997896480031996134e+03 6.649222160146633920e-02 4.416565475919725259e+00
1.238330781987373683e+02 -1.045440781650241319e-02 6.767146023890554390e-03
2.375506800443836255e+03 7.484459435951372475e-02 6.653454024892250906e+00
3.009377034735129541e+02 1.462990577266254366e-02 3.220547171717953738e-02
1.343447474919922513e+02 -2.407342990619043901e-02 3.892840760078219997e-02
2.053821918126711807e+02 -1.206655856541804378e-02 1.495201206503854290e-02
1.468254322942257488e+02 2.350567936192929711e-02 4.056177091728636885e-02
1.661590915963809493e+03 -4.688361943046606695e-01 1.826149705173521909e+02
7.550748466795142804e+02 -9.279057319138477034e-02 3.250631371968732530e+00
1.566724837706916276e+02 -1.033938470400474902e-01 8.374369557072207648e-01
1.501119976941488403e+02 -3.974789429376493488e-01 1.185806048632660037e+01
9.978597919329704382e+02 -8.600331441037006863e-01 3.690369945297461527e+02
4.931939434433085694e+02 -6.856172213716488217e-02 1.159180787421721925e+00
3.664055349076610128e+03 -1.095543869813806331e-01 2.198829606531794667e+01
6.210646998028179269e+02 -3.685570320686464285e-01 4.218093999374730885e+01
1.436375731194623086e+03 -4.777941295284912626e-02 1.639531186089984161e+00
1.056408864691546370e+02 -4.415886057158523170e-02 1.030001266655481279e-01
6.142294548062058084e+02 -6.302731196190190788e-02 1.219995458275604960e+00
4.673123415247018784e+02 3.614169222189723280e-02 3.052068112131826605e-01
8.782945451746674735e+03 8.056005139167062845e-01 2.850031493007256358e+03
1.921461039513461628e+02 2.613481184603528296e-01 6.562062203520288683e+00
7.659409850440850960e+02 7.270929111132224953e-01 2.024627512884727594e+02
2.735472179875218444e+03 -5.413889571711945070e-01 4.008861874634930587e+02
1.692160632444881230e+03 1.483433336987886042e-01 1.861862739461065885e+01
8.855760953485142863e+02 -3.453654972355515301e-02 5.281457461277819787e-01
9.699397490855498063e+02 5.457418001897758331e-02 1.444405721612574300e+00
3.503088561015232244e+03 -8.967769884635010125e-02 1.408607616547762298e+01
7.269365814655077884e+03 6.698361670659267464e-01 1.630811310433414292e+03
4.606293094226701896e+02 9.939951320692200221e-02 2.275569413301024468e+00
1.174784805883530908e+03 -5.192408710984282305e-02 1.583675014443803430e+00
8.230945659808322716e+02 -5.182063106539290809e-01 1.105159939045375808e+02
4.697697297656889532e+03 2.293107613661006794e-01 1.235105074157082612e+02
7.081538655158493384e+03 -1.286147440331537883e-01 5.857052946112348479e+01
1.727969499285787549e+02 5.829853177186643531e-01 2.936441217361090139e+01
6.518046458179179581e+02 7.426306366961782368e-02 1.797352166531301698e+00
6.992296634497855621e+02 3.812025687498477727e-02 5.080441856616232377e-01
6.241666110649177426e+03 1.925201424099451664e-01 1.156705726955725595e+02
9.039137861487156442e+02 9.467733165975338316e-01 4.051249901118981143e+02
7.623157139845744723e+02 -2.552372025605323391e-02 2.483092102281040936e-01
2.220721874454911529e+02 5.271888605673081402e-02 3.086004997198802391e-01
5.294258871081383404e+02 -1.885809676168931914e-01 9.413928531419808010e+00
1.600559458606571752e+02 2.801770909041687574e-01 6.282132034117706709e+00
1.341559516418161593e+03 3.515425242716228582e-01 8.289640226187606231e+01
8.010775273019157794e+03 -1.566363476636448843e-02 9.827196700527315310e-01
5.151184296388537405e+03 9.036286770924732703e-02 2.103086339635132518e+01
5.709406349656522252e+03 -1.024610437507466748e-01 2.996943181447988280e+01
2.317402617062260106e+03 -3.528675366615885434e-01 1.442762709628037214e+02
2.617503809497723068e+02 -1.054851330190630446e-02 1.456263071009105195e-02
7.246393562838216894e+03 -7.797506441174509306e-02 2.202943741027321067e+01
4.087390648841891903e+02 -2.041671208826866674e-02 8.518983172022109862e-02
4.052458510210632539e+03 -1.912667081021648952e-01 7.412545087969851920e+01
4.327646593818597012e+02 -1.290200032516364004e-01 3.601935149316985108e+00
1.137531377051248228e+03 -6.942204677820119907e-02 2.741121063838262373e+00
1.254049361686365387e+02 -2.055268841090284737e-01 2.648633770831528622e+00
2.539208379773354409e+03 7.114947493579476534e-02 6.427050996352985379e+00
3.748589809751405028e+03 -2.428381326243481686e-01 1.105278427685341995e+02
1.382805218698841827e+02 -1.570141181208571310e-02 1.704544810562348342e-02
2.730189750795038321e+02 -1.427806038351930318e-01 2.782923479345063011e+00
2.598323721786688907e+02 -7.604619655923741117e-01 7.513084235885571616e+01
4.518810394554632808e+02 -2.468786203884254168e-02 1.377086075802652354e-01
3.345899800344799928e+02 -2.883026205651308960e-01 1.390529206967979015e+01
2.409810545229081072e+03 1.787365543691858405e-01 3.849281458800429334e+01
1.012260197275597875e+03 2.433205593597145000e-01 2.996537914734433627e+01
6.149040012302561991e+03 2.747195273339510940e-02 2.320365419694296438e+00
2.664845768259456236e+03 9.018544505131359523e-01 1.083714760471803856e+03
1.704377232700201830e+03 -1.060367338818307692e-02 9.581828932771641050e-02
1.343997724118012229e+03 -7.841921542107819221e-01 4.132506291505411582e+02
8.533406374879851910e+02 2.962316245895469519e-02 3.744167532168608536e-01
1.143290782763387369e+03 -9.855012917243503867e-02 5.551893188788201705e+00
6.456299317151007926e+03 -1.100676673443552571e-02 3.910868251924655703e-01
1.873872121622628413e+02 -5.704079676621543610e-02 3.048464352593195370e-01
7.382205618763301572e+03 -1.311050643890329138e-02 6.344466056305190227e-01
9.791845223744340956e+02 1.935124979631604181e-02 1.833380393454994706e-01
7.203918691895563825e+03 2.493281185619613399e-02 2.239140403224777476e+00
2.309841777319170717e+02 1.447390557156469533e-02 2.419489302346306339e-02
7.104734700286470797e+03 7.071885664442452424e-02 1.776594572108086822e+01
1.719083574584020937e+02 1.072407608849786087e-01 9.885229771593059267e-01
1.225305922168782899e+02 1.062834926667561089e-02 6.920638624301401164e-03
1.002511432162646088e+02 -5.075600106676887713e-02 1.291320762306904790e-01
5.528169652069365156e+02 3.489949240826930588e-01 3.366585028413944514e+01
5.717578021771986641e+03 9.193287078393231893e-01 2.416149194999296924e+03
3.326618980251853372e+02 -3.544579192941467172e-01 2.089788971915481497e+01
3.313933864464521321e+03 2.280936758641231507e-02 8.620656286631959153e-01
2.258407902760777688e+03 -1.062448052395670167e-01 1.274640749975077192e+01
3.237159136706476147e+03 -3.085946018485824505e-01 1.541383492317736454e+02
1.070157560603190490e+02 -4.131301898494790792e-02 9.132540221469148678e-02
7.691742228698471081e+03 4.868807274103378185e-02 9.116746804051413022e+00
8.400354945017161299e+03 3.390094842901978378e-01 4.827156043019494405e+02
1.797794736153821304e+03 -3.132831274186342885e-01 8.822346686940221616e+01
5.523838519047728369e+03 -7.529928798480231555e-02 1.566003461644363881e+01
1.107684865813803583e+02 4.804310027716576226e-01 1.278345587440962738e+01
2.429217712931406368e+03 -5.511964191340294056e-02 3.690194170986201616e+00
5.735503244837158491e+03 -4.098215685664843844e-02 4.816495474643752495e+00
1.043593996643470518e+02 -1.575854430864834232e-01 1.295787454201563937e+00
1.790511787607277483e+03 -2.022223064147652891e-02 3.661047027016890443e-01
5.908503457885612988e+02 -1.407594869552604433e-01 5.853327834223956749e+00
9.817020209629254168e+03 -1.653957461243773797e-01 1.342759892205112635e+02
4.765411550192391132e+02 -9.432053690188298978e-01 2.119741712116953067e+02
2.526504425682484793e+02 3.316724793803494525e-02 1.389661232950137326e-01
5.755174701862063102e+02 3.663757972653234468e-02 3.862620746471951971e-01
4.055004697031586716e+02 -5.033192152780308071e-02 5.136276412791098700e-01
1.028152017972080472e+02 1.370381183778969503e-01 9.654062593357399802e-01
1.400194062539217157e+02 -1.018731407558619469e-02 7.265702769015162064e-03
7.544804396693160015e+03 -1.177642538694871795e-02 5.231725616954479019e-01
5.912732554292764689e+03 -1.757805704343718550e-02 9.134819676080720985e-01
9.927256035528844222e+02 -5.998641549063205014e-01 1.786097036577758672e+02
3.943137040498757415e+03 -2.317518064209482254e-01 1.058907760622399366e+02
2.794975608874210025e+02 -2.031437828182116601e-01 5.767068332639611050e+00
1.006552965938762554e+03 -1.919912009366051275e-01 1.855108381626405034e+01
2.181081925315088938e+03 3.081332007432101977e-02 1.035425779243046351e+00
1.051298678536886371e+02 3.018657409237670078e-02 4.789870560412456957e-02
2.329574957114096833e+03 -4.630418148546668750e-02 2.497394302455236748e+00
3.066423036619738014e+03 -6.872021420963129179e-01 7.240542088696140581e+02
1.183021599067669513e+03 -1.326004761559662626e-01 1.040046711969593751e+01
6.334327670458286548e+02 -1.453660621813878118e-01 6.692626392214037878e+00
1.516057408031716477e+03 -2.832865330842913032e-01 6.083275848223801319e+01
1.660404246729809756e+02 2.213192481626146541e-02 4.066513442305624837e-02
8.268416092552026839e+02 -1.988952682294961929e-02 1.635464909821746915e-01
8.303703927190646937e+03 -4.913298860298070947e-02 1.002278059537279553e+01
1.305629822016041089e+03 -1.871639399543631108e-02 2.286832856336711572e-01
2.954389447214243773e+02 2.267934060593084986e-02 7.597987847746269507e-02
1.991559625307452279e+02 6.900635146181089974e-01 4.741780530943604788e+01
2.108567026352806806e+03 5.025204044995922326e-01 2.662347964760957097e+02
1.558886252326167323e+03 -2.455872148810848976e-02 4.701061571183877130e-01
1.154168790658098487e+03 -5.524534407418221077e-02 1.761289298760515987e+00
5.758911074842478683e+02 -3.650839398675240904e-02 3.837919260762417406e-01
7.827185867918160511e+02 5.865534811363852519e-02 1.346452027086346925e+00
3.853425841758724346e+03 -3.124925216270018624e-01 1.881465533637020258e+02
2.696717838459969698e+03 -5.915313540476362791e-02 4.718033833151777046e+00
5.637508193495611522e+03 5.255581061423070938e-02 7.785717980823918971e+00
8.397254847397376579e+03 -4.506081778645694425e-02 8.525217673232193150e+00
2.321029391330272063e+02 7.855552440197197672e-01 7.161501852041628524e+01
6.540199984977140275e+02 -3.373714858659507265e-01 3.722012097815562015e+01
5.402779347846285418e+03 2.472161559379570592e-02 1.650976660153236297e+00
9.538299130796772261e+02 -1.145871232961502215e-02 6.261992971270817498e-02
6.708014444705290771e+03 2.299275480159631846e-01 1.773152176088541694e+02
9.811348477442917329e+02 -9.067909704201150278e-01 4.033788089275722655e+02
3.207990581691218722e+03 8.759583673981350405e-01 1.230750497160768418e+03
1.696505189181609921e+03 -1.550766915740993401e-02 2.039944026040549641e-01
1.314041233039901897e+02 -3.199654246326313900e-02 6.726437321040389106e-02
4.819667376276620416e+02 -4.508541175855151906e-02 4.898455330603740387e-01
3.194410425727427992e+03 9.929164170478805840e-01 1.574657484831415786e+03
2.689362246407576094e+03 -2.160940034325853701e-02 6.279206117171372004e-01
4.584002366510886191e+02 7.875552395635743164e-01 1.421598275200585135e+02
3.293421887639981378e+03 1.848780195661778869e-01 5.628438594336035550e+01
1.365775517988164154e+02 2.796745669110491106e-02 5.341402143474484332e-02
8.595150155872380537e+02 -1.800742477763637300e-02 1.393563269580989361e-01
9.154584137300266775e+02 3.190164993758939221e-02 4.658380027750017027e-01
1.177625986639177199e+03 -1.049240643997929601e-01 6.482277154278942355e+00
7.052761103811269095e+03 -4.004843240020923290e-01 5.655880440805068474e+02
1.313729435572116245e+03 -3.871907575215704361e-02 9.847497947980996535e-01
1.356325006703494182e+03 7.108229604490201581e-02 3.426546805385371375e+00
4.236999409027879665e+03 1.572002352806383535e-02 5.235218244826613798e-01
4.406246221601581965e+02 -1.057255910277571376e-01 2.462629113805914205e+00
8.305036691693339890e+02 -1.869286287675060998e-01 1.450985926764705702e+01
1.189029862454137429e+02 2.151614683010183091e-02 2.752274618199817072e-02
1.571220562401551888e+02 -4.899383001648527913e-01 1.885775289226790008e+01
4.646951852052590766e+03 -1.097772244844760076e-02 2.800029903615282034e-01
2.565023037267644668e+03 -2.066004898834247760e-01 5.474241696237066890e+01
4.356652604327205154e+02 1.622034626999978579e-01 5.731168509120494470e+00
7.133703635166155436e+03 -9.844930641560505069e-02 3.457087636216523663e+01
1.447836420077572484e+03 -1.924535826296094598e-01 2.681275881430406116e+01
5.032001352374118710e+02 -1.927770533872844028e-02 9.350211378784718808e-02
5.310722074047171191e+03 -3.088315258115196249e-01 2.532601341908015229e+02
1.153906999423849811e+03 4.056723882910084206e-02 9.494928742430216451e-01
7.564989275167819869e+03 2.211060901276769297e-02 1.849182312865036426e+00
1.647734622122994324e+03 -8.687673333222848404e-01 6.218193560024573117e+02
6.529266090879417561e+02 8.809360073113324530e-02 2.533512758468000392e+00
1.054688402993401724e+03 1.105261077641853627e-02 6.442047574721633529e-02
1.878213757741359586e+03 -9.724067682348599972e-02 8.879959145914215313e+00
1.928264255905804703e+02 5.702500790232030436e-02 3.135214531799651039e-01
5.942568405886322580e+02 3.387008207513892422e-01 3.408605120627829876e+01
5.332571639966282646e+02 -1.295310550091665312e-02 4.473572794039482742e-02
2.852754192692005972e+02 -1.952750324919116653e-01 5.439109400222969626e+00
2.181289138654696217e+03 -1.352250706125235902e-01 1.994332997567489230e+01
6.428011126912913824e+03 4.954030340920502207e-01 7.887946355336375746e+02
3.093044025756370843e+02 3.489791584694496712e-02 1.883454305060645317e-01
9.431310910907497600e+03 -1.121368340524961926e-01 5.929780907019648595e+01
1.786244226972274191e+03 -5.403013424336282622e-01 2.607251558330331704e+02
1.211279103144036497e+02 2.554415548831332483e-01 3.951821570466856226e+00
7.870070203182170189e+03 -1.519342934380570054e-02 9.083646645728744584e-01
2.751770182536130051e+03 -2.374355037091831488e-01 7.756637289734284479e+01
3.611916152608086577e+03 -2.956831402415068671e-02 1.578922407514137483e+00
6.593316019523483646e+02 4.471256723926012727e-02 6.590723755547271967e-01
2.658217231454820535e+02 -1.935980426793377368e-02 4.981525956921848547e-02
2.133065687072752326e+02 -4.141535320583995816e-02 1.829350708929461111e-01
1.567967799719087225e+03 7.618181482970095564e-01 4.549982986140900607e+02
5.469038206642535442e+03 7.043255949115330428e-02 1.356525316275427606e+01
5.237414554847240652e+03 9.149835119716416554e-02 2.192368186557569842e+01
8.192971244819265166e+02 -6.589138440079556069e-02 1.778560732313705373e+00
3.640867785429421929e+03 4.029971416078239471e-02 2.956506540644964431e+00
1.525521259257606630e+02 -7.394515957794879635e-02 4.170688644830252700e-01
1.231353978219452983e+03 -7.842672465952532646e-01 3.786875943143887184e+02
2.697971667998688190e+03 4.533647798856618727e-02 2.772700406169616549e+00
4.898431139140615414e+03 -2.974893261621975454e-02 2.167553309781321325e+00
1.600777751622331380e+03 2.288814066319202339e-02 4.192973056124154052e-01
3.850352845708081304e+02 -3.498819132275087784e-01 2.356750021360396374e+01
6.592900204922307239e+03 -1.895283285842482845e-01 1.184117423840612133e+02
1.232395612550920305e+03 5.811441369110241784e-01 2.081075656637501936e+02
4.727333964463650204e+02 8.845826872524530371e-01 1.849537576389083995e+02
1.163422294073869352e+03 2.905314901738167976e-01 4.910139256863783430e+01
1.237702101922947406e+02 3.958150512071215710e-01 9.695511861818943089e+00
1.043525764328689547e+03 2.834482076327888775e-02 4.191993597480970224e-01
1.351606224862752242e+03 -8.842711582740277187e-02 5.284344320204316325e+00
1.222776655763810538e+02 2.764731201186829135e-01 4.673292570478684738e+00
7.795453809538157657e+02 2.003634549418389921e-02 1.564762503207087763e-01
1.319075898053166327e+02 -4.462226025556838976e-02 1.313236421809861332e-01
6.809601558657151372e+02 -3.559753318980990455e-01 4.314510327803847645e+01
9.591782479450839674e+02 4.537099374831613657e-02 9.872471959542155062e-01
1.582998652493907230e+03 -1.765179655120851718e-02 2.466200469236169979e-01
1.510421541175187485e+02 -1.737725822678143350e-02 2.280503193329591616e-02
7.142524648786198895e+02 2.361122706714530520e-02 1.990943188991140256e-01
5.332779908814363807e+02 -1.090712361924077098e-02 3.172080025514724400e-02
1.060169433716612048e+03 -1.476136899111599524e-02 1.155044073159157275e-01
1.722020582478693029e+02 4.187721126596351262e-02 1.509954456714491522e-01
6.343596902325284645e+02 2.410666258926029704e-01 1.843230980428504395e+01
1.644006883603120514e+03 2.594179932268077526e-01 5.531893708778776642e+01
7.510001418417343302e+03 -1.860560601741487463e-01 1.299863245664374176e+02
3.109812455788178909e+02 1.621021714200818545e-02 4.085844817719413991e-02
3.354967768021466327e+03 2.539637760419665574e-02 1.081936837882344848e+00
6.319339365294248410e+02 -1.664760960212099128e-01 8.756800361573326086e+00
1.602765674907427069e+02 -2.522298221195399814e-01 5.098388249040727516e+00
1.917521644619150038e+03 1.957871677709384639e-01 3.675180953981231369e+01
6.473789981996499137e+02 -8.159459503690785764e-01 2.155020437319575706e+02
1.530246834344085300e+02 1.199176001226347071e-01 1.100265134408769496e+00
7.124982309422067601e+02 9.246320945086479171e-01 3.045732255340045072e+02
1.576187060731450174e+03 1.116971762913807203e-01 9.832459151961671751e+00
2.626503067424046094e+03 6.204120660345968652e-02 5.054851340233200041e+00
7.032271168486460738e+03 -1.122981368249473949e-02 4.434153415026425571e-01
1.657505593150283858e+03 1.713768106435548111e-01 2.434047893928654460e+01
6.925514953697414057e+03 -1.683215883825153053e-02 9.810738888734090724e-01
3.463772235250935410e+02 -1.722835939642439196e-01 5.140521463440454575e+00
3.559165946325011305e+02 -2.359154497357432712e-01 9.904464688762198321e+00
1.801535423430516175e+03 1.446912498811477876e-01 1.885807448593438806e+01
9.926100867503053450e+03 -2.323482818120357896e-02 2.679338712173620962e+00
1.359005826849224150e+03 8.770635275023530575e-01 5.227011141752798267e+02
5.483101732274270944e+03 3.816098045618819823e-01 3.992412041481334768e+02
5.375569038706516949e+03 -4.428959137321192285e-02 5.272271846047781096e+00
5.020820464447492100e+02 -3.951729843421286636e-01 3.920298983165484685e+01
2.661485362166567484e+03 -2.408289085756707207e-02 7.718116349939641019e-01
1.808593933593357178e+03 -4.043317765113819129e-01 1.478382530640271000e+02
2.398367401077619263e+02 -1.079861749594514531e-01 1.398369789941716679e+00
7.446711404317227789e+03 -1.930960120157196036e-01 1.388293008108179833e+02
7.948474840408615592e+02 3.701312403759370873e-01 5.444591407840664488e+01
8.151111304399533992e+02 4.768749502916409533e-01 9.268209624389692181e+01
3.977985231263611695e+03 4.341944373231452770e-01 3.749744537646931235e+02
1.528371591044205161e+03 -2.506785296946462127e-01 4.802122543046197478e+01
6.693909042911383267e+02 -9.330709830710090524e-02 2.913930430179516140e+00
2.719810145207481469e+02 -3.028830601477011109e-01 1.247551729856937541e+01
1.764096076245787799e+03 9.565044743578950126e-02 8.069864640671266187e+00
2.139944171928594301e+02 3.150233158230644759e-02 1.061836975977731301e-01
3.214064427162406901e+03 9.241595670247144678e-01 1.372519457537017615e+03
2.919873044699999355e+03 -1.616021225845713435e-02 3.812660146035790620e-01
3.220631503879673119e+02 -5.662979094983543876e-02 5.164175084451618769e-01
5.870856524542456327e+02 -5.247284623048589086e-02 8.082406978297983491e-01
2.449632894402769523e+02 -9.210130765036680933e-02 1.038969030255467496e+00
6.315100095703619445e+02 5.180471627938795093e-02 8.474007460250452262e-01
6.038732973977532765e+02 3.142777900029893740e-02 2.982244260378413836e-01
2.815478481179179198e+03 3.215487773715153957e-02 1.455512507921877363e+00
2.010813275773791247e+03 -1.778367902760585872e-02 3.179691389446589467e-01
5.262409802029109414e+03 -5.210055333123047444e-02 7.142320603850030203e+00
4.783753580781213714e+03 -3.331030414828252129e-01 2.653969948512792598e+02
5.045799899746051551e+02 2.884878428558856553e-02 2.099689424096684021e-01
5.515462345990671338e+02 -1.488418857631317732e-02 6.109451982040541018e-02
4.338780409753622962e+02 2.233147326572319513e-01 1.081863393537497053e+01
2.694795691791011450e+03 1.752938234741770879e-02 4.140273934507885945e-01
5.157813035092652171e+03 9.077500871213639577e-02 2.125045328607667727e+01
1.488174536846858473e+03 -3.709492033178473647e-01 1.023888721370045687e+02
1.845050484490289193e+02 -4.759552958379049264e-02 2.089828199670638598e-01
4.836911618903597514e+02 9.942491371046542625e-02 2.390719378090634173e+00
6.086393787550621255e+02 1.417465081557173212e-01 6.114413284773605461e+00
5.304508857881942276e+02 5.077669634642990870e-02 6.838235696447627632e-01
3.692045782830035705e+02 6.293142808292941925e-01 7.310923784818679394e+01
9.444627762787014944e+03 1.851530817600902448e-02 1.618887762981606970e+00
3.379246636392442724e+02 4.322350109751292579e-02 3.156674325936145720e-01
6.384796415913588135e+03 -6.893865997664775369e-01 1.517199647406854183e+03
1.406656573631399283e+02 -2.464286402852481836e-02 4.271106944924124571e-02
2.540963270228064630e+03 6.715336600050132443e-01 5.729331667260501035e+02
9.801958838774879041e+03 -3.753467350893640586e-01 6.904753262254129140e+02
4.235316562358463671e+03 1.177377445921267904e-02 2.935535286386796727e-01
5.005722908724249464e+03 -1.294140475520475647e-02 4.191791288487256573e-01
4.229370278820645581e+03 -5.668188622559645617e-01 6.794137022674756281e+02
1.483766884982439024e+03 2.591645460572348791e-01 4.982953762216002502e+01
1.829648524411441315e+02 7.771340583738384211e-02 5.524965357695642565e-01
5.015507987833758534e+02 -1.618643393144639786e-01 6.570331599379726661e+00
1.524865879353498315e+02 -2.476251099512430665e-01 4.675101172927035975e+00
1.839896117200503909e+02 1.992505368010301717e-02 3.652265218836067695e-02
6.075415108784643962e+03 -6.738416566225113868e-02 1.379309323964297462e+01
1.660360637876077135e+03 -3.893272177813674184e-01 1.258351484455674694e+02
3.326500444315136974e+03 -3.262968180168168697e-01 1.770856082202496395e+02
4.264817367097348324e+03 -1.914033533512716767e-01 7.812131173459755473e+01
5.573606973120035946e+03 9.231271376216425295e-02 2.374812804316584547e+01
9.224747235098157034e+03 2.450276495990440923e-02 2.769202197573163104e+00
2.235435485942482501e+03 -7.953933121925879091e-01 7.071247125118948134e+02
1.075022509342264669e+02 1.005178252993829680e-02 5.430924061887909896e-03
1.860929488074066512e+03 -4.728946418874294122e-02 2.080792187663829118e+00
2.321289630284508348e+03 -2.128288387216650257e-01 5.257270054684445171e+01
5.419553183192200549e+02 -3.167031905283763660e-01 2.717930604477999879e+01
1.073804148134026804e+02 6.162071253296508289e-02 2.038677422662642236e-01
3.968875695466937486e+03 -1.289056331967162738e-01 3.297473351128785168e+01
4.208348400991926610e+03 -3.129777454525474456e-02 2.061145293101971809e+00
3.949712046248631623e+02 6.701440965056039423e-02 8.868942333877107842e-01
2.294463405161784237e+02 2.175293958062156918e-01 5.428590057490954024e+00
6.746693104127791230e+03 4.615218236464619511e-02 7.185308903758493848e+00
1.925005404865838955e+03 -1.659173593201230257e-01 2.649632313823583729e+01
1.850098973696588871e+02 1.611174910381640499e-02 2.401321709602027149e-02
3.354915891370091231e+03 -1.150033798619189140e-01 2.218568535338028980e+01
1.814062999680604378e+02 4.467705436092091892e-02 1.810470416952002781e-01
1.522088135250132609e+03 2.484082660953915167e-01 4.696149259794950126e+01
1.982368304223579116e+03 3.919524834582156086e-02 1.522723992357701617e+00
4.961291283310426934e+02 8.843615817186158967e-01 1.940101563278485628e+02
7.511730155853011638e+03 1.756888207198300383e-02 1.159306412620630278e+00
5.254217965356581772e+03 -1.127472995561656748e-02 3.339568737752975358e-01
8.178622184164514692e+02 4.047828978288508517e-01 6.700303279852920468e+01
5.673859198675300831e+03 3.900336015982138194e-01 4.315713490498164333e+02
3.315775253458082830e+02 -1.762178849638716682e-02 5.148195836442960582e-02
1.222639802723399725e+03 1.455038553916753775e-02 1.294248100228789500e-01
8.604383938116860691e+02 -1.205554663347570277e-02 6.252642523808243924e-02
1.703046194750671987e+02 7.782565257861985275e-01 5.157532514620419306e+01
6.084927386901428008e+02 -1.946758936894757153e-01 1.153054296825499492e+01
1.280370141916953571e+03 -3.665385856062104708e-02 8.600920661468468564e-01
1.099716320065191212e+03 -5.854596074313368065e-02 1.884710060775805607e+00
1.192921197640824630e+03 6.769274004000670752e-02 2.733165609481757130e+00
4.968143903750717072e+03 -9.895573614312960231e-01 2.432462305548925542e+03
1.008372168399914017e+03 1.425086858070588776e-02 1.023937680029181341e-01
5.121143960504555253e+02 6.243875030607179411e-02 9.982639622651324762e-01
2.406520813805842920e+02 -4.551412066687932773e-02 2.492596263695877612e-01
1.258210029249371900e+02 7.985708884485575032e-01 4.011899962290546284e+01
5.247684295104351122e+02 -1.266352075675416036e-02 4.207718109089066127e-02
1.888434153510465308e+02 4.518853870383719717e-02 1.928095076106698669e-01
1.204451253998752520e+02 -4.324112618978091099e-02 1.126038462718636224e-01
4.116474772502477322e+02 2.275189304490351713e-02 1.065443777876234760e-01
1.626708962464485637e+02 3.788686478626288601e-01 1.167500834978386770e+01
5.393030968537192166e+03 -1.012657541148783737e-02 2.765210013443009096e-01
6.482820447000182867e+03 2.190655109154066860e-01 1.555542979552995746e+02
5.406381456996471115e+02 4.941630968374514654e-01 6.601115158027722885e+01
2.079720614536923904e+02 -5.461098594215282875e-02 3.101237563012098075e-01
3.070529589369118185e+03 4.805957562585426168e-01 3.546036114655327083e+02
1.915841267398707942e+03 8.651734617168033159e-02 7.170276561973328633e+00
2.210562484652214607e+03 6.612694372138687438e-02 4.833143626716000618e+00
6.475962708660825911e+02 -5.586785848839240787e-01 1.010644443071962684e+02
1.160463428775573448e+03 -1.349912455141675793e-01 1.057335153899972013e+01
2.875924307775542729e+03 -1.851238131833699563e-01 4.928015106892389241e+01
2.163031784275202426e+03 -3.853336077364886703e-01 1.605856310713968753e+02
1.216209050214626330e+02 -1.113247942696371090e-01 7.536366971645936941e-01
2.883223908813623666e+02 6.514326925257403200e-01 6.117690124746513902e+01
1.024474680668946434e+02 -1.451360707475260470e-01 1.079001271489878011e+00
9.609835680649470078e+02 1.095387608614245382e-02 5.765296051713301312e-02
1.683615738529276769e+03 -9.039521660589537877e-01 6.878660589008123907e+02
3.732712216493379401e+03 -7.096085788008593687e-02 9.397930456014147893e+00
7.872675548936315408e+02 -6.848049223101848604e-01 1.845976230422611764e+02
3.750792430389153651e+02 -1.951356436519346635e-02 7.141118596923125283e-02
3.055430533410734029e+02 -4.228798552605735339e-01 2.731973062865952429e+01
1.372893446622203726e+02 3.894644502931293023e-02 1.041219949514657350e-01
8.109976748158004511e+02 1.413887413713419694e-01 8.106236502536575017e+00
1.164762280258740248e+03 3.162739874073191432e-02 5.825513998993641085e-01
5.906255567219494878e+03 -3.366662763528653624e-02 3.347198518918194310e+00
4.433252366143042309e+03 -5.511686942739544293e-01 6.733820621102374844e+02
3.865460767062727882e+03 8.474922761256008241e-02 1.388170374408995400e+01
5.318715640049477770e+03 1.558724981292303746e-01 6.461238433428137284e+01
1.037853097699155001e+02 1.123780092307396367e-01 6.553428400412631971e-01
1.400898458047469376e+03 -5.227042603771194784e-01 1.913765589102537490e+02
7.132440453311082820e+03 1.747074185351462500e-02 1.088506062454669410e+00
1.941726026719050651e+03 -3.811932606606649454e-02 1.410744559197691039e+00
4.675094227537068946e+03 -2.862866577885416763e-01 1.915854793216721532e+02
2.473800075301668642e+02 -2.577937163501640289e-02 8.220140817673599054e-02
2.599070884464811684e+02 5.905957015598498616e-01 4.532822282369215117e+01
8.776530674790248668e+03 -1.904611311131490861e-02 1.591862667673925591e+00
2.284394442938262728e+03 -2.123140386319723877e-02 5.148711084391638382e-01
4.863716411387405060e+03 -1.296158774915515469e-02 4.085588831386652298e-01
6.996479833045501437e+03 -6.070811854084957881e-02 1.289267805388517019e+01
6.918438398554308151e+02 -7.163499494668972012e-02 1.775123411798430029e+00
4.090909334984539214e+02 2.939853574869056782e-02 1.767833091270232804e-01
2.344653924726197260e+02 -7.821074757572689384e-02 7.171031457563904477e-01
1.822383301492279998e+03 5.101030112355527113e-02 2.370966982653363697e+00
4.310789812082719436e+03 1.255343631424288287e-02 3.396660176570213130e-01
1.868647903454580955e+03 1.084862032209317623e-01 1.099629804510378861e+01
6.382684448179491483e+03 -3.621704024570134017e-02 4.186000633712690266e+00
5.844958167006990379e+02 -1.087355053990324977e-02 3.455366881341764146e-02
8.889414669257017522e+03 -5.846775168210134599e-02 1.519413418101767022e+01
5.253999991699557768e+02 4.249495395555362431e-02 4.743892052900947065e-01
1.828072787572901689e+03 -2.208753648226240707e-01 4.459211258657316534e+01
1.131553229064535344e+03 -3.977265305431407771e-01 8.949816195199123570e+01
6.716458075759933308e+03 1.312435349530500540e-02 5.784504338476282870e-01
3.439791011343258560e+03 -1.262331010322127224e-02 2.740618367369472841e-01
7.280489697142986188e+03 3.673416320293025339e-01 4.912141834594420970e+02
7.746038107211461465e+03 2.037631605469098495e-01 1.608055264283281645e+02
3.915020153889047833e+03 -1.465544133357136736e-01 4.204378523804322754e+01
1.322391428163955425e+02 -5.839236482533656514e-02 2.254458046496020107e-01
9.214306984783426060e+02 -5.440323156759684781e-02 1.363584565743682031e+00
1.833698408629390997e+02 -5.252456782156778720e-02 2.529431296486154834e-01
2.319870448635182072e+02 -1.691565411744196112e-02 3.319031160243464396e-02
1.193640345278232502e+02 -8.406530585190082894e-01 4.217713626260052706e+01
1.735862633211663706e+02 9.504020429485543486e-01 7.839711502926822106e+01
2.963643564612494629e+03 1.860247522638754092e-01 5.127875166962461861e+01
3.408237974188888529e+03 -5.043017613054441572e-02 4.333919948702013691e+00
6.245990210366976498e+03 1.631169718753049114e-02 8.309398832540054736e-01
6.676676512921097128e+03 4.111584466675729521e-01 5.643503161558680858e+02
6.484194927719257748e+02 2.609963015326993013e-02 2.208486621867894184e-01
2.876784781610789196e+03 9.347158421057275568e-01 1.256714377861919957e+03
2.191945333084442495e+02 1.043378877194095361e-01 1.193119115305492528e+00
7.245536600478809305e+03 9.662519582786563976e-01 3.382371709412493601e+03
4.194614728309717975e+03 -5.721449748721476464e-02 6.865532977700655515e+00
3.116236219457101470e+03 5.087942363999892886e-02 4.033524890918674721e+00
7.193573707648528170e+02 -1.311854878906529021e-01 6.189937897519546262e+00
3.386006043951477295e+03 4.179121777406444999e-02 2.956839737883907748e+00
2.253258282449576200e+02 7.542821691440961818e-01 6.409861757247008995e+01
1.594078103767278890e+03 -8.005329702769881095e-01 5.107848966091075908e+02
4.257569803839062956e+02 1.062697693363138379e-02 2.404092963005334538e-02
7.710687630607237679e+02 3.756622004648372259e-01 5.440741724817402059e+01
1.768687605261407896e+02 -1.203667794690304882e-01 1.281251592224771363e+00
2.405776258038110882e+02 -1.532006625361553506e-02 2.823231726934311361e-02
8.672640503856950090e+03 -4.913932813620503631e-02 1.047079790198953830e+01
9.245503627010849641e+02 -2.428161508363682955e-02 2.725559820065430183e-01
6.033291851125950416e+02 -1.693974201136943247e-01 8.656412074649654897e+00
1.394271810858234858e+03 -5.475141359869759028e-02 2.089816357920599721e+00
1.924939364317424861e+03 1.448537431341309634e-02 2.019512299387417054e-01
1.559214342571978250e+03 5.808469650667686529e-02 2.630263597179367085e+00
6.551810499780225655e+03 -1.274111883286760394e-01 5.317977120908414435e+01
7.604065832431689159e+03 2.848866913522185920e-02 3.085746146044836102e+00
3.945409770853391365e+03 5.285357431626189900e-02 5.510751724768740978e+00
3.452262333565976860e+03 -3.751184748019729676e-01 2.428905968434388853e+02
1.351126857170034725e+02 1.902303661194119644e-01 2.444701385476473199e+00
8.805403798846849895e+03 8.495382909586965958e-01 3.177497356516136733e+03
3.156615870516353084e+02 6.655115948350974753e-01 6.990415538288083042e+01
2.172378375959029199e+03 -2.794747064486720056e-01 8.483801387483539713e+01
5.337259349115483928e+03 -1.260430015132734012e-02 4.239608793674410347e-01
2.827047656710509500e+02 1.574975688793305018e-02 3.506314299468823309e-02
1.837429725319050931e+03 -2.802872610320974317e-02 7.217511119245165752e-01
2.860030219732060459e+02 3.332027253114797638e-01 1.587660778602609746e+01
3.300076286329423510e+03 5.746045707531739488e-01 5.447937747496605425e+02
1.105532635615784613e+02 -1.637516098565760525e-01 1.482220202892430505e+00
1.373277349654767477e+03 -1.110416007763184026e-02 8.466417664688888345e-02
1.544470568820155165e+02 -4.060888259775483622e-01 1.273478802118743403e+01
9.409509334713091448e+03 3.562444037439330830e-02 5.970807686264556935e+00
9.940795827815683879e+03 1.636424275914910922e-02 1.331015108914474609e+00
6.782372559004063987e+03 -4.653743132967555485e-02 7.344402389140016751e+00
4.134306129805493129e+02 2.391508702175723367e-01 1.182269720084911846e+01
2.768978172594028138e+02 4.870424578999505566e-02 3.284151487578898521e-01
3.070243427873788278e+03 4.676468946801473625e-02 3.357213218508498187e+00
1.129533049357424261e+03 1.725760417769819921e-01 1.682015348393988319e+01
4.900746466507823243e+03 7.066266360353931075e-01 1.223523310026256240e+03
1.011703484999912206e+02 1.452412605437814440e-02 1.067095452927271405e-02
7.490018067450995431e+02 8.632968784288519437e-02 2.791085951310717128e+00
5.332319174680394553e+02 -2.070683692254874156e-02 1.143177498926349206e-01
5.380163299910710748e+02 -3.808867044511759364e-02 3.902627389197304009e-01
2.275431615750070705e+03 -1.522259801282174196e-01 2.636400287879698112e+01
1.069051885453340702e+02 -1.274318765356991512e-01 8.680104328542653791e-01
5.183955204792523546e+02 8.461931908083872855e-01 1.855967201068387737e+02
1.624845211583454727e+02 -6.472787806272839450e-02 3.403805527909066764e-01
3.024262674437408123e+02 1.023672930765687911e-01 1.584571908098665105e+00
2.179992865556858760e+03 -4.650208987947183209e-02 2.357056641924561990e+00
3.125612705481023113e+03 -4.418682200989317854e-01 3.051340707599695179e+02
3.134725584868882606e+02 -3.122617064924471803e-02 1.528294289635989400e-01
2.075819169313702446e+02 4.428051294084735245e-02 2.035095568569933733e-01
2.568870591365292739e+02 -4.001347724674398920e-01 2.056481558504682994e+01
4.421579351797806339e+03 -2.331097083468043341e-01 1.201346119332675642e+02
1.155290913534961646e+03 -1.007161034472880828e-01 5.859481567240958810e+00
7.609036010642258589e+03 1.235815288614391938e-01 5.810409900638090619e+01
1.670056088104803848e+03 -2.091988032228017658e-01 3.654428361414187520e+01
5.915596436554739739e+03 -6.925002585191243343e-01 1.418431680850630983e+03
5.851494386650749675e+02 1.360487288057647959e-01 5.415340557626516116e+00
2.616237011232155965e+03 -1.556202714770568707e-02 3.167958084389981277e-01
5.635685974786351835e+03 -5.418212989791153233e-02 8.272350675960241873e+00
3.214237598266408327e+02 2.310871866890052903e-02 8.582221360461435300e-02
1.210825392939266436e+02 1.051092193741724745e-02 6.688567987591226109e-03
2.433760731327287431e+03 -1.917438535176341913e-02 4.473946498453918452e-01
9.928434906929511271e+03 -5.441784891915395495e-01 1.470054846826495350e+03
6.495802517202149602e+02 5.632915090135617309e-01 1.030550378382107226e+02
7.261814066819282516e+02 5.156556235433180924e-02 9.654608020319940254e-01
7.706811246103518897e+03 -1.495501270843823879e-02 8.618234354581870704e-01
1.150837969350244947e+02 -2.919842690621798909e-02 4.905723815365744395e-02
5.369922323153272373e+03 2.771540361578526956e-02 2.062435726031849104e+00
2.771615244077198440e+03 2.017257364958726096e-01 5.639304756315867451e+01
3.928530639813468952e+03 -5.046514450172800981e-02 5.002455008396562874e+00
3.181630168022044472e+03 7.680837535594342569e-01 9.385055784205982263e+02
1.770155305340522887e+02 5.662382052030732194e-01 2.837786463951140803e+01
3.119983978643785122e+03 -1.985785110409816756e-01 6.151582718524038995e+01
3.069901149450472076e+03 4.573193590352147564e-01 3.210210922365637316e+02
4.421098948381855735e+03 1.484733543524266730e-01 4.873009745959298300e+01
1.475943271665776592e+03 -3.131706460089705990e-01 7.237719805909794957e+01
2.472477730664564319e+02 1.948619716957931958e-01 4.694145838472263854e+00
5.788395081639870341e+02 2.857446134363317639e-02 2.363111832130092571e-01
2.725984003447210398e+03 6.682242522940551321e-01 6.086081653758521952e+02
1.042313682725573244e+03 -4.180957403918771076e-02 9.110032558285634519e-01
1.571041883210338938e+03 -2.166126928574129210e-02 3.685747421658687184e-01
1.712296762323504709e+03 -9.432905183146989003e-02 7.617982627755776726e+00
1.586971693869699038e+02 -7.086290746186307832e-02 3.984530167060475470e-01
1.729143234601366430e+02 2.733795628829624458e-01 6.461495759828315144e+00
6.105932989977581201e+03 8.138586276145881593e-02 2.022180795536709397e+01
2.004241535077774188e+02 2.838385496779517389e-02 8.073518048277389392e-02
9.112872450630218282e+02 -3.487278653744590312e-02 5.541133311987100907e-01
4.656304063596237938e+03 -1.136087221781798690e-01 3.004932267110744704e+01
3.212831238975508313e+03 6.989519442905397506e-01 7.847883597828031270e+02
5.975663828067671375e+02 5.336326354490725787e-01 8.508263385768663056e+01
7.243714039803328433e+02 -1.034649281554429479e-01 3.877194809872305470e+00
1.874541008764391563e+02 2.725229130490854912e-01 6.960989765326971224e+00
2.356639902785500169e+02 2.347958194170527424e-01 6.495969111383255168e+00
4.218848186937690116e+03 3.743527803414616884e-01 2.956147012115317239e+02
2.139242504792938178e+02 1.575065369448855335e-01 2.653549473534681180e+00
1.460763463010037526e+02 -2.365737276849309498e-02 4.087736831668681292e-02
2.618025607093674353e+03 6.897829116485588719e-01 6.228289008834352671e+02
1.774033955402890967e+02 -1.660156169045512095e-02 2.444723907041962407e-02
1.328093708808264068e+02 3.496025211029932245e-02 8.116108334904456600e-02
2.864310236231158797e+03 2.562086073200542380e-01 9.401074426097603975e+01
1.046121472837603505e+03 3.142045987397890094e-02 5.163892529600038195e-01
5.434527906657165204e+02 4.238099416265743158e-01 4.880610025525783868e+01
4.986174908531719439e+02 -5.852534154740590688e-02 8.539362048594598686e-01
1.248469868431514442e+03 5.598988046948242259e-01 1.956893317605032792e+02
4.729945658895694010e+02 3.378649891622863555e-01 2.699681542890876074e+01
4.628897682597101266e+03 -1.590908402517898432e-02 5.857845820231634137e-01
2.797709765709067256e+02 5.917196360867452154e-02 4.897840365202393298e-01
3.972209415207538768e+03 -1.986173785939405328e-02 7.834957267186849483e-01
5.053160120884057278e+02 2.779539025810078279e-01 1.951994620963808558e+01
2.566079304522692723e+02 4.892642087766190667e-02 3.071333468020739921e-01
6.606666199783680895e+02 -2.578163486291829010e-01 2.195701384629812125e+01
1.203774664251928357e+02 -6.459121677507336790e-01 2.511089168040453856e+01
8.965242819884074379e+02 -2.613554347806683331e-02 3.061929113027311855e-01
5.499652213295119509e+03 3.468783390028467584e-01 3.308716770458211727e+02
5.657502987105502143e+03 -8.384252102812020380e-02 1.988490191916838867e+01
1.929199760790696132e+02 3.731701010073575075e-02 1.343262479104662677e-01
5.872210392034177175e+02 8.511361522714488981e-01 2.127010760569237959e+02
4.317946818415661255e+03 -2.014677102963628383e-02 8.763108617255604971e-01
6.526891907131630433e+03 4.619877353656449137e-01 6.965259755302586200e+02
2.143231571471442010e+02 -8.315451127321882296e-02 7.409872466832718718e-01
5.310248249788571229e+03 4.697630864202399503e-01 5.859257753526043189e+02
6.695548888260939748e+03 5.925334774214857658e-01 1.175389954658739498e+03
8.451843457144800595e+02 -1.032990039430521471e-02 4.509347628555143012e-02
5.763274581641906479e+03 -2.365660290718044068e-02 1.612664685012269672e+00
6.813104792413414543e+03 -1.069943449064396784e-01 3.899749591739342236e+01
5.780465713852438057e+03 -1.603535266148878313e-01 7.431729011790575612e+01
4.983314502912541684e+03 -9.291562602873999765e-02 2.151125833664880815e+01
4.327695647639341587e+03 1.170459206665801048e-02 2.964416891145063016e-01
1.136344371671957333e+03 1.138669688232003263e-01 7.366742490127088594e+00
2.415525140701386590e+03 1.236402506630382009e-01 1.846295962743847596e+01
2.242437877898173156e+03 -1.621427993823089039e-02 2.947716813379969159e-01
9.734307944564737909e+02 -2.085728089169638227e-02 2.117339332843362898e-01
1.342889728745404909e+03 -7.910000629970874442e-02 4.201103611027095397e+00
2.637894266868639988e+03 1.165027508945151585e-01 1.790192563200836773e+01
1.352369143198320444e+03 -2.335894916006708150e-02 3.689536917038502839e-01
1.816749697041989009e+02 -3.246551502523635779e-01 9.574358705596528907e+00
9.129761916698300865e+02 5.138074290230597585e-01 1.205119781587979162e+02
1.494933773697061952e+03 -8.302200679963220309e-02 5.152030338262924225e+00
4.090148107327852927e+02 1.060253781264784874e-02 2.298945621547065013e-02
1.880923794516921532e+02 2.141932769188426289e-01 4.314722555800694970e+00
2.482585392071080435e+02 -2.281416287143430144e-01 6.460755043545057141e+00
6.932671186106186951e+02 1.746399047458879472e-01 1.057201031634305188e+01
4.163599796817882748e+02 -3.505895900303002688e-01 2.558803971485169271e+01
9.145696859741244680e+02 7.280780531603231465e-02 2.424056213311191144e+00
2.805111169990319468e+03 -4.602373636745524799e-01 2.970871232947059752e+02
8.740597234576354822e+03 -1.266336429764361449e-01 7.008245621190616248e+01
3.591008314649394606e+02 3.600365120649062778e-02 2.327445426292416575e-01
1.153632595063938311e+02 -3.135649622985833135e-02 5.671430050530155975e-02
1.328157674319050727e+02 -3.265806009770337859e-01 7.082725462101474356e+00
1.144198612635518941e+02 2.747505611941731055e-02 4.318655856385772429e-02
5.671772404015520806e+03 -6.748825039453094921e-02 1.291650862595722771e+01
1.139957787746272686e+02 -9.040951755012280877e-01 4.658939573311722881e+01
1.495690653920125328e+02 -2.247771963191111666e-01 3.778472659029017855e+00
8.026187522788961360e+03 -5.693206153613750153e-02 1.300747880324085237e+01
4.853404696940808208e+03 2.969966803678365797e-02 2.140522023620228254e+00
1.690198560817884072e+03 5.681987288814198400e-02 2.728401298593041258e+00
1.046098599362223354e+02 -3.580564568031718159e-02 6.705723537049662619e-02
9.363301740707260024e+02 -2.347201520089402804e-01 2.579287651805616832e+01
1.331677468392311141e+02 -1.537324087104264270e-01 1.573620192282028318e+00
3.332217846197368999e+03 1.403911445788869339e-01 3.283846285000819165e+01
3.437963592630255334e+03 -4.308980460717131145e-01 3.191687238452973929e+02
6.002067016170110037e+03 -6.237679331751819767e-01 1.167661427348712095e+03
7.766397994359710538e+03 1.238870630998139544e-01 5.959935530837265816e+01
9.397144549152105810e+02 -7.507625068852822325e-01 2.648323676843192516e+02
1.492422264741030631e+03 2.556646713323751027e-02 4.877566097477041840e-01
3.066332439493028232e+02 -5.240211295818161252e-01 4.210045987664246070e+01
2.534698734292929203e+03 4.979545336648594778e-01 3.142503238254981852e+02
9.777642849762160040e+02 -3.882977236145010447e-01 7.371126475754199703e+01
7.905993606735865797e+03 -1.415633116817112229e-02 7.921873274904754902e-01
2.388682222414322780e+02 2.498259826395809666e-02 7.454243757372885915e-02
7.649075504676055743e+02 3.901718381145853898e-01 5.822249221209435888e+01
7.881666069109121054e+03 -2.419251558257907997e-01 2.306482128880451796e+02
4.007219796201338340e+03 6.367323061884162805e-02 8.123196133625691928e+00
3.924326733308297207e+03 1.161640991747861645e-01 2.647762463820044232e+01
5.997082901269386639e+02 -9.297759725618760795e-02 2.592189185805335860e+00
8.774111224415654533e+02 -8.971075309815539078e-02 3.530710789256691573e+00
8.624990057153997896e+02 7.345110997440605916e-01 2.326619339113376839e+02
4.683667782923768641e+02 -1.065187052957061904e-02 2.657099667494090475e-02
1.018255385626843236e+03 1.102330767099024035e-02 6.186579218941860164e-02
1.117641569516697473e+03 -3.321791640368337850e-01 6.166196018742173379e+01
9.357667838822808335e+02 -2.877089583902775471e-02 3.872972373685243941e-01
1.765163561411059163e+02 1.246800392049326155e-02 1.371983278568797079e-02
1.441537259995172008e+03 -2.169147344870618888e-01 3.391360704727921416e+01
6.736650497351516833e+02 1.413807935307709665e-02 6.732786617150303410e-02
6.458779959260625674e+02 3.130324238734207287e-01 3.164456583512697208e+01
7.108016479666028999e+02 -1.090937302802010844e-01 4.229782288573527893e+00
1.605681738665338116e+03 7.293337093310123254e-02 4.270532646284879164e+00
3.505568866416325022e+02 -5.030982422812491778e-02 4.436434843051471622e-01
8.758102972632168530e+02 -1.823385724114116521e-02 1.455918792807973650e-01
3.205719978047658856e+02 7.073417621324648574e-02 8.019627346127095047e-01
9.917174480960513847e+02 -1.469731068599964240e-02 1.071109097834131857e-01
1.013458783198548900e+02 -3.175884581222514907e-02 5.110995714682923380e-02
1.652406888166800911e+02 -8.892372395644390082e-01 6.533144811145116648e+01
2.190358907959082444e+03 2.328148738852450217e-01 5.936175512688329547e+01
6.083419554036427144e+03 -2.822592919369934159e-02 2.423339544311649441e+00
1.733662453399520587e+02 -1.760128790193364601e-02 2.685489392755012472e-02
1.483705286717553918e+03 1.583062291185809711e-01 1.859146685140986577e+01
3.654273961759716940e+02 1.478634988008050224e-02 3.994781818232445714e-02
1.897254492116757376e+02 -2.721238098724803600e-01 7.024714519737164764e+00
1.436771269893638134e+02 7.413204394294231614e-02 3.947931316280559599e-01
5.431574364459073649e+02 7.487824441637289108e-02 1.522674382200988052e+00
1.542830875870125055e+03 -5.022246608670609680e-01 1.945738150452525019e+02
6.026010486891727851e+03 4.978084475760854444e-01 7.466626230859153566e+02
1.295894784279930150e+02 -2.591041415802984929e-02 4.349991978089468025e-02
1.558428979524773240e+03 -2.462529040619877360e-02 4.725195062411469693e-01
7.538783584428345421e+03 3.715966431928124231e-02 5.204929421216942131e+00
3.495330733451866081e+02 1.046556226724171118e-01 1.914182810484193809e+00
2.159141289218031829e+02 -1.789207087788681205e-01 3.455988484133776240e+00
3.859107388730504226e+03 1.189620003651554840e-02 2.730696193620821832e-01
8.529481109595848466e+03 -6.293072232842921165e-01 1.688954886693904427e+03
1.145703595972554609e+02 1.900268771789546673e-01 2.068580104443268119e+00
1.070546529031683605e+02 -1.410632489346201612e-01 1.065131715392804379e+00
1.350075252885099871e+03 -2.163511642971508997e-01 3.159704395958151579e+01
1.205518732215090694e+02 4.300420471614687518e-02 1.114720039744803021e-01
9.245723793426333259e+02 -1.162652204138599384e-02 6.249000480706091293e-02
9.859399494361861798e+03 1.143466689268846648e-01 6.445661637088727502e+01
6.344601897364254910e+03 -7.536159313515735647e-01 1.801666995025696451e+03
2.569777426045128777e+03 -5.360015906712395362e-02 3.691455786914610737e+00
4.462288422894098403e+02 -1.297998843457962570e-01 3.759033993276079233e+00
1.600780719727896440e+02 -6.480976482249992676e-01 3.361884123807137570e+01
3.032609660498308131e+03 2.957667262471943767e-02 1.326432477613851413e+00
3.115475697022478016e+03 5.517363803920048992e-01 4.741957037821781569e+02
1.064304894061544502e+02 3.241486198799759522e-01 5.591449633807442865e+00
8.618977046017165776e+03 -2.646594554264586341e-02 3.018565176487135737e+00
3.733395117542363096e+03 -9.236433636008909431e-01 1.592511539079550403e+03
8.307222831263845819e+02 -1.826969464997071912e-02 1.386399656406037684e-01
1.335526604069259804e+02 7.217380364029983564e-02 3.478417725100939051e-01
7.038423671330110665e+02 2.185971599824163350e-02 1.681645463896102866e-01
8.295914408887184663e+02 5.114101330919309379e-02 1.084858072138635388e+00
9.098772373004298061e+03 -2.832319427685283872e-02 3.649532766667332062e+00
5.180847101853643153e+02 6.487202163375854758e-02 1.090148456721036885e+00
4.491090618169916524e+03 2.539545588555294428e-02 1.448217694021532109e+00
3.743872480211369748e+03 1.336184312942197833e-02 3.342133469798837520e-01
5.068975160893610337e+03 9.170919691695217368e-01 2.131650244184557323e+03
1.050861216347897425e+03 3.625824803570303900e-01 6.907628926538099279e+01
1.044769904418150190e+02 -2.846693713171231932e-02 4.233232704210242170e-02
7.851910094863319500e+02 7.301842043860878873e-01 2.093197418072325036e+02
2.733252005804902751e+02 -1.241768358221047655e-02 2.107321792758185680e-02
4.291587553733205596e+02 -2.287479050508651468e-01 1.122799555738053279e+01
5.880425478012737585e+03 -2.560999188504788360e-01 1.928402281485956848e+02
5.588174324729354794e+02 5.807532420960006408e-02 9.423738706328058656e-01
2.831069220429941424e+02 9.691078147051913616e-01 1.329427578331930988e+02
4.829131996710912972e+03 2.106728445683659495e-02 1.071657972484642452e+00
2.248772155828757775e+02 -4.570711741672840722e-02 2.349000585821329479e-01
9.273523512890809798e+03 -1.684569031495644353e-01 1.315807649394632506e+02
1.436810220505123880e+03 -4.319374383710571919e-01 1.340328059784184802e+02
2.111802399410476482e+03 3.790407458447437317e-01 1.517033178583442350e+02
3.155285603068637556e+03 -2.112172692812475938e-01 7.038295998122987385e+01
1.858255574876588980e+03 -3.239263375522045130e-01 9.749177335172981884e+01
1.478501770752427092e+03 -6.003609331639019747e-02 2.664505992328531470e+00
7.406781542326330054e+03 1.157487782907912627e-01 4.961721360547495863e+01
7.545636950632870139e+03 6.702641967927365496e-02 1.694954144076683633e+01
1.773999604414948635e+03 -4.854852807519992042e-01 2.090622679735149347e+02
7.709393563008920864e+02 -2.725878892795608605e-02 2.864199963123573722e-01
3.481455629433082777e+02 -9.019856831019593124e-02 1.416218154353397818e+00
6.822907001866321480e+03 6.427472524944821686e-01 1.409353420473163624e+03
8.184815239073970588e+03 -1.342881083299372717e-02 7.379959811468617126e-01
1.908208460121428743e+03 -2.427419383138842701e-01 5.621930239550083996e+01
2.303601622408344610e+03 3.072973505730440258e-01 1.087664645139567057e+02
2.148645954035964394e+02 -1.149577968717152704e-01 1.419749513274759289e+00
3.185437263724412560e+02 -3.000401361445955706e-01 1.433830347845101905e+01
4.379640280791850273e+02 1.191771600159045874e-01 3.110244349699605948e+00
3.518588443962986503e+02 -6.088110077816553251e-02 6.520838868074931849e-01
9.589139775186215047e+03 -3.146516248377189684e-01 4.746894842811423132e+02
5.785661118959826581e+02 3.519496146940363501e-01 3.583306726541679410e+01
4.175762005352992219e+02 -1.329218620219433517e-02 3.688914381920050528e-02
5.806131043835015362e+02 -4.826373334045731822e-02 6.762365862113807191e-01
2.633223433809451421e+02 1.449749491208839336e-01 2.767219731267772875e+00
2.301484091529598572e+02 6.123123477064720266e-01 4.314435853823912481e+01
3.417659773988506004e+03 -1.526558740607097432e-02 3.982225706570830526e-01
2.851160429494792652e+02 1.146217717175212897e-01 1.872948748482416548e+00
3.612382410698105559e+02 6.031482979299711555e-01 6.570704501347830728e+01
9.555375761602690545e+03 -2.439937375540649767e-01 2.844298248928819248e+02
2.649659334482277700e+03 -9.325416099132198544e-02 1.152116729707302056e+01
5.767708061974965858e+03 -1.691401019088295890e-02 8.250237489252192358e-01
3.564861706492617941e+03 1.140555778048398146e-02 2.318706337398142858e-01
1.264695088203397688e+02 1.341491389884646723e-01 1.137972102322797108e+00
6.901579491602574308e+03 -7.698432499244688143e-02 2.045140321281433060e+01
6.251456040132088674e+02 8.226789516674981595e-01 2.115494779199177344e+02
6.168352392317010526e+02 -3.095277623844273213e-02 2.954870125599394215e-01
1.545442222489952655e+03 -2.719133236806585419e-02 5.713256921737610572e-01
8.336260153723428630e+02 -1.454030518918181247e-01 8.812280406891636275e+00
3.036039353844656716e+02 1.093904262170980468e-02 1.816502625747461880e-02
1.216797069055492386e+02 4.997682325068319997e-01 1.519586593095816163e+01
2.402205220849927798e+02 5.844247813570584149e-02 4.102393892313811463e-01
1.364843279618609415e+02 -3.371282390251837957e-01 7.756093825396098929e+00
1.609870520128518365e+03 7.075007117337875906e-01 4.029161859239123942e+02
1.030564155551544900e+03 4.775147358614400400e-02 1.174947857924155681e+00
5.803479961759136131e+03 -2.070051687766851292e-02 1.243428658748594540e+00
8.904172572621754398e+02 1.697818644442892211e-01 1.283353116910568303e+01
9.969320798496110001e+03 2.606151774219574169e-02 3.385594836778485828e+00
5.536747934684295615e+03 -5.872575413811951250e-01 9.547330609566364501e+02
1.382180594255920596e+02 1.226543924511774332e-02 1.039683153043073453e-02
2.676714593324785483e+02 -3.243524106140442953e-01 1.408011918426008791e+01
3.522360908613303536e+02 4.007113531765554154e-02 2.827920209360099135e-01
1.888540534586609510e+03 1.986392683181886776e-01 3.725859970622735773e+01
2.879873140416754609e+02 -1.206498911407210238e-02 2.096028726528589153e-02
1.052126057555746286e+02 -1.186068815659355527e-02 7.400440241776364871e-03
4.589356524031788922e+02 4.165157990010124461e-02 3.980932009797037430e-01
3.639944269079582000e+02 8.856299108272491782e-01 1.427477560887918742e+02
3.205729287947601733e+03 -2.227287698046730505e-02 7.951507739667460495e-01
1.568138996519857074e+02 3.770024026909617465e-01 1.114404341657411734e+01
1.185648430256272974e+02 -5.657942219472437140e-01 1.897767264438165924e+01
1.876031399737257743e+02 -2.916191031013115609e-02 7.977045095694763888e-02
8.156609503009283344e+02 1.512248537772477308e-01 9.326657354786838994e+00
4.012201745092279907e+03 5.619662466977282805e-02 6.335388173912327225e+00
2.587582641491084132e+02 7.413592838731837276e-01 7.110852896399991607e+01
2.291353380322667306e+02 -3.707000876230863717e-01 1.574372352176383316e+01
1.693201069172567372e+02 -8.224365434765699145e-01 5.726421830826402726e+01
3.040458114758179136e+02 8.055052977785367441e-01 9.863835741304058047e+01
1.833372047877565365e+03 -5.825291527404152098e-02 3.110684313439521009e+00
6.306492705497203133e+02 -4.168496968806722491e-01 5.479196580039795350e+01
1.250666857264286165e+02 2.052328413624393000e-01 2.633936867065585385e+00
3.771878427952902712e+03 4.540652280630428361e-01 3.888339537271215249e+02
5.502260338434267624e+02 -4.893265527288064853e-01 6.587319150694210634e+01
2.702130733667477784e+02 3.831163821542285519e-02 1.983068916571804619e-01
1.494441628166976898e+03 6.680399837548264830e-02 3.334677770011318820e+00
3.552364827018531059e+02 9.530274781404589335e-02 1.613237879529773044e+00
5.509124379892271008e+02 -1.029014547490713222e-01 2.916725852457593859e+00
1.754848812451510184e+03 4.366122228639987557e-02 1.672636191340381551e+00
3.741475693886907834e+02 8.330503557941894288e-02 1.298241359969732667e+00
9.156313999231218986e+03 -8.218529561026474139e-01 3.092280808677988716e+03
3.201160034343325606e+03 -2.111381760627944332e-02 7.135278380234578721e-01
1.115387427267881009e+02 4.916593023307401500e-02 1.348106709621076094e-01
1.852533272957102781e+03 7.011073025489398258e-01 4.553077079581507860e+02
8.266060101116677288e+02 -3.332608552783589140e-01 4.590258802314283315e+01
3.903738758878548083e+02 3.983279036813627272e-01 3.096935870707288885e+01
5.087930245411442911e+02 -1.174356333400119155e-02 3.508414857872604181e-02
3.002073867924406159e+02 -1.789793900498296703e-02 4.808364984456270363e-02
1.953266104856595121e+03 2.368748724211200418e-02 5.479859264521149687e-01
1.648024644608760354e+03 4.685888869482218722e-01 1.809329547331113019e+02
3.285716533806768439e+03 -4.888910928876923773e-02 3.926669483928662885e+00
8.367924702787857314e+03 8.470098669574756267e-02 3.001682180324254290e+01
8.809712162481815540e+03 -1.161167350511800936e-02 5.939109810968902226e-01
1.388531665479925152e+02 -2.741930241915570970e-02 5.219616506137436662e-02
1.732967980365890071e+03 5.389402984191429824e-02 2.516760329601365420e+00
1.399618803779695554e+03 7.863256641490778964e-01 4.326977867238010163e+02
3.562640398379798512e+02 3.086151006126254884e-02 1.696587790820608121e-01
1.573780239594575278e+03 -1.697916673017998701e-01 2.268542073492328370e+01
2.935103804596053124e+03 -2.606602692910788832e-01 9.971101769888278454e+01
7.396598325767403139e+02 2.537640781381878333e-02 2.381564397476845230e-01
1.618066557722941923e+02 -1.584033431501464251e-01 2.029995488952153426e+00
2.421428085566711616e+03 2.433094603199558240e-02 7.167365808333622246e-01
4.598476232439433261e+03 7.905571339174352619e-02 1.436979176003415581e+01
1.382547640408272969e+02 4.198370172422026814e-01 1.218460810471460221e+01
5.060499511619936129e+03 9.551591866263402231e-02 2.308420411131914207e+01
4.576951989002177470e+02 -1.043913869854145166e-01 2.493880829581125447e+00
4.487050253158450687e+03 -2.458144258680473523e-02 1.355644044299283646e+00
1.558983047391875061e+03 -2.439012565191950657e-02 4.637025373833990605e-01
1.295950784413995962e+03 -1.803369008348111591e-02 2.107306549632725901e-01
1.546538766924013828e+02 2.434918493493093139e-01 4.584581226306091217e+00
9.610095254654486780e+03 -5.848624997219011717e-02 1.643634501507373358e+01
2.950489860508391757e+03 -1.737613722638282898e-01 4.454209155695208011e+01
3.525784287084639345e+03 6.122312213851954094e-02 6.607796941377742428e+00
3.784912431601275784e+03 3.115290537516199887e-01 1.836635406227052840e+02
5.019527931712997884e+02 -1.201823843274159483e-02 3.625054258032230081e-02
2.036169706716350731e+02 -1.749598065988082832e-02 3.116452817628449085e-02
5.257050736418225824e+03 9.488311946481956527e-01 2.366410490069209573e+03
1.641525684468650525e+03 1.472043277539286134e-02 1.778520368520168093e-01
1.067735238186885027e+02 2.996309113158174831e-01 4.792993174706865922e+00
7.202064910209002846e+03 -7.770055999177860606e-02 2.174079060365478355e+01
1.183530730132084727e+02 2.161404767839592705e-02 2.764532840584549289e-02
6.477733139550901797e+03 4.797556102410457934e-01 7.454751671344947681e+02
4.151090207862701391e+03 -4.034615376628962191e-01 3.378597483534301205e+02
1.374334015694382742e+02 2.463828073206072999e-01 4.171412120537991264e+00
1.730417316684155139e+03 5.821187990611938895e-02 2.931865926756082708e+00
3.537915207671758253e+03 3.722440052376631281e-02 2.451166707512874243e+00
9.368914282516007006e+03 4.471984173052792610e-01 9.368278341242362330e+02
4.031925585368048246e+02 2.512477355700360460e-01 1.272585073245863541e+01
6.573737643709399663e+02 1.008558212702841128e-02 3.343369007010697780e-02
4.835062843332124203e+02 -1.737329854637249538e-01 7.296871410556819093e+00
5.585420899499040388e+03 1.404894592623807670e-01 5.512053090486271856e+01
8.438283915521359404e+02 4.460367024240127765e-02 8.393929759948908220e-01
2.402274145423790230e+02 -2.232187408875487000e-01 5.984858401443834630e+00
1.293330055926558771e+03 1.959700698763712501e-02 2.483469722594836282e-01
2.652912954839503072e+02 2.723584190490802026e-01 9.839535886210263982e+00
6.837666972291818638e+03 -1.598515641859029335e-01 8.735981982697707338e+01
8.459453961367600641e+03 1.163518248723560272e-01 5.726097438279884244e+01
2.650591141494289332e+03 6.781535016302395191e-02 6.094930582725128332e+00
6.008421037793102641e+02 -2.996360007318734642e-01 2.697232264868600282e+01
8.335330334504495113e+03 6.850234992732033845e-01 1.955706864235654848e+03
1.214235691304214470e+03 5.495576744213018922e-02 1.833578689658755145e+00
8.593449929443531801e+03 2.906531543496877409e-02 3.629841288296047352e+00
9.742621437975742538e+02 8.300316246556260769e-01 3.356101688032367178e+02
2.888522788596401938e+02 -4.040640822205736060e-01 2.358013552562855253e+01
3.140375416484367861e+02 -6.454115147268808805e-02 6.540711476459259988e-01
3.049575699101791542e+03 -1.621411995429075312e-02 4.008631971233670988e-01
1.153734400948204893e+03 -4.832113264474197090e-01 1.346945605416801186e+02
1.299485526314442723e+03 3.648386840236592099e-01 8.648548239138290228e+01
2.104003647242523130e+03 4.305155418056041960e-01 1.949818385830414513e+02
1.327739082340208370e+02 -2.412745788545433284e-02 3.864611801958361265e-02
1.689690167092219099e+03 4.468050679603110531e-01 1.686604528875415951e+02
2.454264794184091727e+02 1.256537263467511108e-02 1.937502032431032833e-02
5.346219098667769458e+02 -1.287736815449595437e-02 4.432726962922482750e-02
1.425923846696304736e+03 1.023287703233926871e-01 7.465550661824980061e+00
2.074425495493930612e+03 2.841907424164095974e-02 8.376984250344264860e-01
1.069176556462415874e+03 4.335668331454828328e-02 1.004920108200852091e+00
4.319937015253589379e+03 2.243823670930175304e-02 1.087488992299136426e+00
1.674039949923083839e+02 -6.944828399845874856e-01 4.037001034347613881e+01
2.550351914356684574e+03 2.007231389614119038e-02 5.137655688175934987e-01
1.475207151430329588e+02 4.371929533598068601e-02 1.409838350915015304e-01
1.424835582149778190e+02 3.147217415789994172e-02 7.056482164304023197e-02
1.125765831006201836e+02 -5.465976911487373524e-01 1.681719860283549650e+01
9.714473635325937266e+02 1.114209205644662269e-02 6.030075681868613674e-02
2.130232330735071002e+02 2.425693938415484502e-02 6.267134019238607134e-02
4.045772513906508721e+02 6.199909436338654212e-01 7.775747605404900753e+01
5.057000180353938390e+02 -9.082839257908376096e-02 2.085961220179933129e+00
9.528088832438083955e+02 -7.506694534245947348e-02 2.684561077988973032e+00
1.912081776329147488e+03 -1.485208577181165376e-02 2.108877551885936785e-01
1.806421160503535930e+03 -1.007264758818331336e-02 9.163814627996731688e-02
4.592960298976167905e+03 3.946546441839673958e-01 3.576820380334717129e+02
4.669076653551434788e+02 1.253092096572206715e-01 3.665785001145672961e+00
2.815366468131770489e+03 1.684465202195319089e-02 3.994192809556351698e-01
4.733211639845792433e+02 -2.644215564456228185e-01 1.654701431855526295e+01
7.528455290624577174e+03 1.968464707790477941e-01 1.458582993528475242e+02
3.062212785909095487e+02 3.932137634773557600e-01 2.367351748257075172e+01
1.869527074539576574e+02 1.914784382610211846e-02 3.427216315042833777e-02
8.327933355885823403e+03 6.179957117820954193e-02 1.590296739571611440e+01
5.631126347539036487e+02 -1.643226487295284532e-01 7.602564785297611039e+00
6.054331505350577345e+02 -1.248486264197340156e-01 4.718497602039852801e+00
2.179681965222690110e+02 -3.651544680784037794e-02 1.453169832313395693e-01
2.167601623726871480e+02 9.977944152907392006e-02 1.079025255128041483e+00
3.034038080863583218e+03 -2.708437045643498700e-02 1.112829224982085252e+00
1.403948279787664433e+02 7.813773949739970248e-02 4.285907557259976408e-01
5.073663138750387589e+03 2.840363460522897232e-01 2.046630621764807927e+02
1.722602478300803568e+03 4.149873770252496957e-02 1.483285821373680591e+00
3.738397605203770581e+03 2.103320342343325058e-02 8.269254122496362269e-01
3.605034240262313233e+03 -4.392167468574179751e-02 3.477260123404497083e+00
7.976546580232677115e+03 -4.486933604179017543e-01 8.029420382848726376e+02
2.946100527623854305e+03 2.404966359557924455e-02 8.519921198773225957e-01
6.585893016964348590e+02 -1.658961682760735218e-02 9.062695460123890157e-02
3.584801650143716870e+03 -8.043330568667494962e-02 1.159596700580709694e+01
4.492375407544423069e+03 -2.370078328612566787e-01 1.261744568633207138e+02
7.292973818475965118e+02 -2.410269665384587659e-02 2.118390053955634678e-01
3.662767227521125278e+03 -5.565296072058323329e-02 5.672256628187485994e+00
6.996602331338876866e+02 3.315724936461996591e-02 3.846043445122035997e-01
1.428426982078621847e+02 3.381667395988238733e-02 8.167512919250158321e-02
1.721392420809312682e+02 -1.017191249873390518e-01 8.905434670004269693e-01
2.917685674183922856e+03 -2.710427768915926738e-01 1.071727028492985028e+02
3.562871038267613244e+02 -7.759109702478750314e-02 1.072491580906403064e+00
1.358135918191476037e+02 -2.839440617752995305e-02 5.474933146743218154e-02
2.773884798723968743e+03 -6.060216413942407510e-01 5.093715582467837066e+02
4.236143321494212159e+02 3.942283113136401673e-01 3.291821435563799980e+01
1.025261905832507097e+02 -1.330502642600764861e-02 9.074784247429390147e-03
1.083493834490608833e+03 7.384220267258260195e-01 2.953967648411319260e+02
1.275118115818994085e+02 -3.678283322772905040e-01 8.626026268976691114e+00
1.865058858424960135e+03 -8.968711500791053393e-01 7.501060265116840355e+02
1.228187150913543064e+02 5.119355644800834687e-02 1.609404296888738428e-01
6.030152689675783222e+02 7.193543400402017118e-01 1.560213565816192727e+02
2.391453949311749057e+03 -4.475681749501966150e-02 2.395247646970753763e+00
3.623337632807065802e+03 7.395078821011841219e-01 9.907507817286835916e+02
7.996773673712299342e+02 -1.334844908642739657e-02 7.124369368795981095e-02
4.988340899447801462e+02 -1.760932497861714824e-02 7.734131400187452265e-02
1.100443312875741867e+03 3.531161508321705722e-01 6.860769735462683627e+01
7.066135600015522868e+03 2.448884659906106487e-01 2.118793506098294017e+02
2.500703213378895100e+02 5.508939409145591909e-02 3.794618747221708555e-01
6.957157074748636660e+03 3.575202401037882449e-01 4.446344204726391354e+02
4.457036841556524678e+02 -4.365914348918169957e-02 4.247825337779446708e-01
3.434771603722035707e+02 5.143251708279210355e-02 4.543007210865105949e-01
1.257272279512235627e+03 3.033888433908570326e-01 5.786268165510792727e+01
8.502623000031233005e+02 6.574055857192337426e-02 1.837340749409429375e+00
4.396975227006958562e+02 -4.409357094396416238e-02 4.274394150041858076e-01
2.770362651945476955e+03 7.944291648004165873e-01 8.742124496018816444e+02
1.495723274442126467e+03 -6.024030624539775808e-02 2.713910979484392971e+00
1.279291831309976146e+02 2.817132321402726972e-02 5.076379994026265080e-02
1.454073842602982495e+03 1.325937902491359718e-02 1.278211842316483993e-01
7.081679475458245179e+03 -3.838541144182983089e-01 5.217214235918661416e+02
7.736070197600291749e+02 3.271785498244557389e-02 4.140569249827869003e-01
2.440643884273551123e+02 -7.012507698116281496e-01 6.000965393332917586e+01
1.773000473744864678e+02 -6.022331097709707898e-02 3.215200888641746024e-01
5.715369976938440004e+02 -7.334630334492921178e-02 1.537343139135966208e+00
6.963352488435818486e+03 -1.972727074816831294e-01 1.354947270811987039e+02
8.632196334698086503e+03 1.822179681543796559e-01 1.433090817439993998e+02
1.729811530304779581e+03 7.933493288488040196e-02 5.443744196002529456e+00
2.869844738309278000e+03 -8.461083245167465294e-02 1.027259915064124129e+01
1.520191751200446504e+02 -2.945867714410552174e-02 6.596215830567364602e-02
4.093145811057527226e+02 -2.098250013189043028e-02 9.010350583429081739e-02
1.562205878287443966e+03 -1.885573552903762468e-02 2.777123722440855702e-01
1.003890090671475832e+02 6.000335915653547819e-02 1.807204502310109373e-01
5.649941634215690556e+02 -8.957961681258831688e-02 2.266900021057547843e+00
3.983347964831646550e+03 -2.085818205136377168e-01 8.665051684722598679e+01
2.124950489559935704e+03 3.093558410248343007e-02 1.016799820494811657e+00
1.311920927565900456e+03 9.285028991058063008e-01 5.655150828031275978e+02
4.648672755396709704e+02 -6.388597941363451937e-01 9.486589179861668697e+01
1.251083037652329722e+03 1.764267621319293711e-01 1.947085703061114970e+01
9.390962553376097048e+02 4.542420216908066299e-02 9.688459526137996880e-01
2.655401893192217813e+03 -3.852812295965440947e-02 1.970860871943779236e+00
4.809256949003609407e+03 2.872743511957350782e-01 1.984456988974441742e+02
1.456836355842391640e+03 -1.605847427803889713e-02 1.878405434513244487e-01
6.182000492768553386e+02 2.541838354620647444e-01 1.997077399704925327e+01
2.646107963181428886e+02 -1.911648070554852405e-02 4.834966281538809890e-02
4.165705442931417792e+02 -1.320123506997480378e-01 3.629841745432211830e+00
1.536621556189066951e+03 3.430582160074012177e-01 9.042168073428611308e+01
7.372909372920709075e+02 2.063727942014242367e-01 1.570051104411174947e+01
7.333528519692799819e+03 -1.641873067721162927e-01 9.884669378401169126e+01
6.720303168723029330e+02 3.213966762537012051e-02 3.470896250147262330e-01
8.099208587937307584e+02 1.674156885436458783e-02 1.135023608669993717e-01
1.778813940614404032e+02 1.660866770884717458e-01 2.453409943643529711e+00
3.689023523160802824e+02 -9.398336676765868258e-01 1.629233855941010916e+02
2.722443691747176217e+03 -9.627637592675497569e-01 1.261735662490907544e+03
2.300984448237146296e+02 1.037599818972798904e-01 1.238635327056389901e+00
3.032820670647062684e+02 -1.261664912263386340e-01 2.413819470959539970e+00
1.023709380015992224e+03 -3.027343400375042543e-02 4.691049990476227616e-01
6.219984778728438869e+03 6.027935899968802497e-02 1.130047183358056273e+01
1.726958762146839945e+03 -2.331271968746491743e-02 4.692862774479257815e-01
2.021124052185221274e+02 1.538482280972749104e-02 2.391927281298731126e-02
9.109385093492344822e+03 -2.639114682549003818e-02 3.172309794207034184e+00
8.301690899571911359e+03 1.370956010436278349e-01 7.801598627693259402e+01
1.562865153592372280e+03 2.130676595123559558e-01 3.547534134777397696e+01
1.513174434021315847e+03 -1.948248921197692080e-02 2.871758321621549759e-01
1.323127807307172816e+03 -9.635102651394732431e-01 6.141641936123719461e+02
2.265253757901365077e+02 2.071633037491567991e-02 4.860853369849264111e-02
1.068370406525407930e+02 -1.956372831311768978e-01 2.044537591798417431e+00
1.412388200491437544e+02 1.212689037990681562e-01 1.038539426896295081e+00
4.589945299096299891e+02 4.573213661922599649e-02 4.799770792338613479e-01
4.156675437235230106e+02 3.948132469393278998e-01 3.239660876481372043e+01
7.753758882075873089e+02 2.658123156146402835e-02 2.739255192757972246e-01
6.239892341892583318e+03 1.000445778825926821e-02 3.122728402820210136e-01
6.372764209998507567e+02 -9.550614364198722894e-02 2.906434052764686360e+00
2.884897008490859776e+02 1.710950361367164288e-02 4.222553271941757724e-02
2.972781115377950982e+02 -4.977276333638764455e-02 3.682276903114972688e-01
2.186426223092270902e+03 4.614226980863431193e-02 2.327569943684763221e+00
3.966980956056122068e+03 7.339682615531353260e-01 1.068524983110826952e+03
9.109291464541618097e+02 -4.845824795575058574e-02 1.069522728383870414e+00
3.944739756150988342e+03 6.452644642799494346e-01 8.212282080562629289e+02
5.617606012026564713e+03 1.255398437870431649e-01 4.426744425506561242e+01
2.248494079884762414e+03 9.347836140307315134e-01 9.823900038303573865e+02
1.153885785326475343e+03 2.835549889433531257e-01 4.638818849658771626e+01
1.098224103609959315e+02 -7.730936040582254698e-01 3.281898430482053897e+01
8.703513069195649905e+02 -8.545567051195053221e-01 3.177944895387641395e+02
2.386282657344860638e+02 -8.049749058956487957e-01 7.731372055553474354e+01
1.211223038173059194e+03 -3.765393464715884042e-02 8.586473938735915690e-01
1.870621634208561090e+03 -9.255049767794927273e-01 8.011493303424111900e+02
2.242978888172888503e+02 4.307771414629939927e-02 2.081136136485338128e-01
1.104271013765131499e+02 -1.415175803248430453e-01 1.105774232553062175e+00
3.162947466092089599e+03 5.106616524684377822e-02 4.124093240283797535e+00
1.234858553597913868e+02 4.204075954568556872e-01 1.091260225526147920e+01
3.906244986884573223e+02 -1.258284140255622012e-02 3.092337784581642920e-02
5.721614008449079847e+03 -2.620475826283145612e-02 1.964485718265346348e+00
4.096709370505246852e+02 -1.146006580992544634e-02 2.690167878540190849e-02
8.258809002740547385e+02 -5.993954933327805268e-01 1.483591626431340558e+02
6.475442815673344512e+02 -1.722836963903870977e-01 9.610098499056043408e+00
1.483467269196974712e+03 9.291100160567373756e-01 6.402981643637992875e+02
1.685901124652916394e+02 -1.070268313254487957e-01 9.655781735839865654e-01
3.867303993195644125e+03 -1.496662644805291098e-02 4.331378678637615165e-01
9.298128450717371152e+02 8.582832430993536654e-02 3.424733744534064428e+00
1.754566605629290734e+02 -1.245264591839739393e-01 1.360389096650488794e+00
1.148488362978774973e+02 9.132932476963609436e-02 4.789796882020371793e-01
4.342509333052636066e+03 7.834477474364166805e-02 1.332695211565267002e+01
9.171933550739186103e+02 1.457145469306619645e-01 9.737259060295651025e+00
4.329887056545414907e+02 -2.349224809819610293e-01 1.194801419391168196e+01
1.450236719338961393e+03 -2.122975548172365348e-02 3.268126704160297935e-01
5.539437185499948555e+02 -1.702054710683676142e-01 8.023847725648291629e+00
1.421039505975439283e+02 8.555855020489085139e-02 5.201193244216976153e-01
8.488989855639647431e+03 1.782541411062838477e-01 1.348668688618361671e+02
6.812031088919019567e+03 -1.214931189969042404e-02 5.027475798921424710e-01
4.840076670356728755e+03 6.164083950699847936e-01 9.195160948287672227e+02
1.649612996151838331e+02 3.647735590647495640e-01 1.097485459315053546e+01
8.535506590935483473e+03 4.541025851119462331e-01 8.800498127794202219e+02
2.139404048330379453e+02 2.049043200073923099e-02 4.491227423477801850e-02
2.274661371047151022e+02 1.374975051964690345e-02 2.150187799069111505e-02
1.115044484571813655e+03 6.139920392227220247e-02 2.101782050429809257e+00
7.426445325332685570e+03 -1.026483963035225259e-02 3.912508821627899702e-01
9.074603547356525723e+02 1.224125844022264376e-01 6.799074483101859023e+00
5.781079655659267701e+03 -1.258853314865509068e-02 4.580672192985894009e-01
3.663661112804372806e+02 9.987231472491462370e-01 1.827155587162452832e+02
6.127088266246729290e+03 1.367468720223471990e-02 5.728737769516627498e-01
8.281244427264988417e+02 7.152776746404176933e-01 2.118434046891033802e+02
7.936193865979574866e+02 7.638402885614423155e-02 2.315194037898204105e+00
3.698376405401720604e+02 4.274643798360214936e-02 3.378943863452005814e-01
2.157508794575875982e+03 -1.270169447197704304e-01 1.740387289809756410e+01
3.877159056799864629e+03 -7.647109030535138852e-02 1.133647897272661176e+01
6.382961047985600999e+03 -1.863387948979153275e-02 1.108150542549345641e+00
4.249697198122032091e+02 5.019217443255278438e-02 5.353034127841282963e-01
3.689869776919022684e+02 5.921395635150965564e-01 6.468881596328880335e+01
2.012102867767635246e+02 -6.238077571866033899e-02 3.914909494156160741e-01
6.147685044360581742e+03 -1.681231229133605953e-01 8.688334065320758270e+01
1.117023268076114277e+02 1.307780541930810558e-01 9.552168323371325043e-01
1.975769994407564582e+03 -1.464430754802035356e-02 2.118576116280993793e-01
1.694270906137717816e+02 1.809754828903052393e-01 2.774548659594823441e+00
3.086468996752497560e+02 8.042737853846309015e-01 9.982509913823743375e+01
2.598088774184460362e+03 -2.323206581354044301e-02 7.011317746677753204e-01
6.510356712941796786e+02 8.006086067344948820e-02 2.086485151418028927e+00
8.536910431500034520e+02 -7.099440559977054921e-02 2.151389199473596747e+00
1.074951802712197946e+02 3.245713675463805792e-02 5.662124407958359779e-02
5.583278823782237851e+03 8.659655995241081206e-01 2.093440399677355799e+03
5.093962223414926484e+03 -2.028481711668177201e-02 1.048016010461945369e+00
5.343728870234271199e+03 -1.615623799398268334e-01 6.974208120963305646e+01
1.962857454522546732e+02 3.875726852928757654e-02 1.474229474745827329e-01
3.164250539579169072e+03 5.193013117906196408e-02 4.266578165269891976e+00
2.027582800279169248e+02 -4.865371957261393349e-02 2.399831215904753290e-01
1.975860958884952424e+03 -1.024592760568051736e-01 1.037119859099681918e+01
1.076858574733125124e+03 6.737215240226478163e-02 2.443934260918129375e+00
1.069730177973869786e+03 -4.675539653243636351e-02 1.169250976596617919e+00
3.006591309685201850e+03 -1.711897314336922535e-02 4.405546843334589568e-01
2.321739846468365727e+02 -3.344713434307738931e-02 1.298677715599651783e-01
6.045643821725264388e+03 5.560382945559011469e-01 9.345918011456983550e+02
3.630726098566000815e+02 1.402798925293316859e-02 3.572352781672114702e-02
4.372867665816850717e+02 -5.361217096112413927e-01 6.284389967800635901e+01
6.286231815043072402e+02 9.085063834309868580e-02 2.594277104769860731e+00
4.963502203563774060e+02 -1.929537384885652851e-01 9.239843561254549087e+00
1.890613062450678399e+02 7.476759204924919577e-02 5.284445784351844422e-01
4.006400129421444944e+02 -2.251761461764855976e-01 1.015708506446817694e+01
7.854297512443474716e+02 -4.998994842238021485e-01 9.813924883275964817e+01
3.697806119237285202e+03 3.442477720052896512e-02 2.191070831850211675e+00
7.126021420600136480e+02 -4.483675733241566236e-02 7.162844452499199654e-01
9.726720197095341064e+03 1.015147731729194869e-02 5.011813763039496550e-01
7.028038634949533616e+02 -3.291755590072331650e-01 3.807670051229980146e+01
1.279297907811315866e+02 5.918846892518125902e-02 2.240866095417773929e-01
2.584203146554438035e+02 6.799701580958321667e-01 5.974153287050514649e+01
4.181037483063203581e+03 -1.103712327461338211e-01 2.546630005768122373e+01
1.292107974662996867e+03 -2.865911767107965843e-02 5.306332288185507950e-01
2.247901132404410419e+03 4.174057972083095591e-01 1.958232091545232834e+02
6.098984334641452278e+02 -7.822833684677789334e-02 1.866189392195317431e+00
2.870012888735881234e+02 -1.405352824475555179e-02 2.834161493143548191e-02
2.381160420651304776e+03 -8.898021166386840264e-01 9.426392703146751728e+02
2.930085239137732060e+03 -3.198765021841459832e-02 1.499045916675219470e+00
1.078025743783299220e+02 -4.652803212423942819e-02 1.166886205652639535e-01
3.386006188225777805e+03 1.019432267274752030e-01 1.759440171353197613e+01
2.072722081630838147e+03 1.504775298770397174e-02 2.346682775282926681e-01
1.542665330217721248e+03 2.675936313182036841e-01 5.523231795823456025e+01
5.363815760846864578e+03 1.821803363914592244e-01 8.901165084458102683e+01
1.076410916248669764e+03 6.121681838953112187e-02 2.016924337395853417e+00
1.975990448550103793e+03 6.459539812274484039e-01 4.122474746107318424e+02
8.456471985245105316e+03 -1.278536325234219499e-02 6.911707677093051894e-01
3.880700735016760632e+02 -1.512869688220389551e-02 4.441024817746572206e-02
7.953882394628118163e+03 1.285896752982078339e-01 6.575993404722528624e+01
2.018270109713130296e+03 -3.039079685919481716e-02 9.320376752780844543e-01
2.850179323419661728e+02 -4.341417665689403238e-01 2.685995790644259174e+01
7.706393277065494658e+03 -2.812978848525928346e-02 3.048976702989994791e+00
1.006870520957076792e+03 2.939096096899052601e-01 4.348817695444182618e+01
4.076718895352415075e+03 -4.294081643985003111e-02 3.758558944770113985e+00
2.916380186880585825e+03 -5.210660696581628226e-01 3.959129720089099465e+02
1.493594644039023933e+02 -3.057000972308652684e-02 6.979011366288610796e-02
4.803836764603045594e+03 -1.178821128018789875e-02 3.337752025451011240e-01
3.493457059787699563e+03 1.443909396656302066e-02 3.641709500969432245e-01
8.206252315562443300e+02 -1.509125555961830234e-01 9.344705468118407410e+00
1.440678498830290437e+03 1.985866795809332896e-01 2.840778076802346064e+01
2.926492851546979637e+03 -9.830172908054624070e-01 1.413968667146176813e+03
2.273223062237489557e+03 -2.363189881385672209e-01 6.347596245290277750e+01
5.022617468053146695e+03 1.124956894824186322e-02 3.178131557758403503e-01
6.502197329752245423e+03 -1.570924428882984267e-02 8.023072863193251303e-01
5.438578347002480768e+02 -8.691979542373082790e-01 2.054436794495469201e+02
8.382945003061899115e+03 -1.672039404302939902e-02 1.171816577013059968e+00
3.472917479966828296e+02 3.074157959139768304e-01 1.641031156381318112e+01
2.883676801340703832e+02 -4.716338295048646406e-02 3.207203265828970640e-01
3.346648932880014854e+03 -2.811577213385756807e-02 1.322757372840151158e+00
3.435418817328943533e+02 -2.410028302170533210e-02 9.976862341680248214e-02
1.189466075966948438e+03 6.936647996841444064e-02 2.861682039793393972e+00
1.559819916487804676e+03 -1.528958986952549393e-01 1.823207663334292761e+01
2.011924546448203728e+02 8.316234394660098062e-01 6.957210385940972230e+01
1.387301200261698000e+02 -1.530716829218343317e-02 1.625288567068127604e-02
1.203118261841843974e+02 1.630965447917748917e-02 1.600176338924599179e-02
7.375010267687248415e+03 -5.533583962672914414e-01 1.129134407539417907e+03
5.787534957690320880e+03 -5.501997881844662014e-02 8.760007324622645086e+00
1.643103659257846630e+03 1.919300036828582717e-02 3.026360852129362788e-01
9.873732483579880864e+03 5.144729534457055387e-01 1.306701703239914877e+03
2.785613135920255559e+02 -1.150469785967644758e-02 1.843491931775008072e-02
9.604754990963549517e+02 8.926232400338716122e-01 3.826420325444267974e+02
1.239973082246753847e+03 -6.654598493204895437e-02 2.745528627697380042e+00
4.820172505927845918e+02 -1.526311378815837783e-01 5.614600621681515413e+00
1.346703252625791492e+03 6.526112995272867479e-02 2.867814732431870350e+00
1.412590957686171009e+02 -8.462833819314652395e-01 5.058456877847912381e+01
1.038499675780698368e+02 -3.549144328839023976e-01 6.540691881701375721e+00
1.406891548475658965e+03 -1.545288963587462469e-02 1.679770812950578396e-01
2.611458317427149268e+03 5.091061547081697503e-02 3.384307351478534454e+00
1.642874136005922310e+02 -2.130874664436777643e-01 3.729839194680350190e+00
2.868983107297005063e+03 1.523196743800296453e-02 3.328204478885216089e-01
2.163629823873138776e+02 -9.557006575527612346e-01 9.880905213611046634e+01
1.236479341959431082e+02 3.842463009728233625e-02 9.128013211786437098e-02
2.681155110700556747e+02 -7.658129138138565217e-01 7.862077399625501073e+01
3.665603264219615994e+03 1.597913286393111421e-02 4.679741656170046671e-01
1.274832854353349603e+03 -3.829440823711914577e-02 9.347467788275972689e-01
2.822087022892950699e+03 -4.758795282002526439e-01 3.195467837429312681e+02
1.008666222026720902e+02 5.138174349501166416e-02 1.331481557463491394e-01
7.345610464839885481e+02 1.242243683566474910e-01 5.667760534298545316e+00
1.132846088010848433e+02 -8.553587719888949836e-02 4.144169792472447433e-01
8.738352494306059270e+02 1.570238696151476931e-01 1.077285750398874953e+01
3.590285347404201730e+03 3.027223577694745232e-02 1.645083572147437723e+00
3.435088988764301803e+02 -9.155743857102331684e-02 1.439777111375663221e+00
5.981657894545962790e+02 1.524514753544137409e-02 6.951120842837038571e-02
7.091998493913157290e+03 -7.876451754423234863e-01 2.199884467644993492e+03
1.470766430233422568e+02 -4.345978718904788818e-01 1.388957329090858295e+01
1.379901778960860611e+03 -6.156105741747278787e-02 2.614750898077802255e+00
1.039396097214893643e+03 -2.054046923555401805e-01 2.192662591600379685e+01
1.807401355485165197e+02 -9.136288535553837020e-01 7.543349349913307833e+01
2.546487199116366185e+02 1.392650010354150869e-01 2.469422922377090934e+00
3.597344160315603290e+02 -2.306914299635249091e-02 9.572269459576925044e-02
9.254058447135921597e+02 6.568252566689443406e-02 1.996190253767061051e+00
2.977991391778612069e+03 1.073362418397459835e-02 1.715482187353008781e-01
1.044595373886703101e+03 -1.848685396772044645e-02 1.785024263555622659e-01
9.418730916463080575e+03 -6.659390851416131796e-02 2.088485211386481311e+01
3.186005989175981767e+02 5.394755345143505132e-02 4.636177983033730188e-01
2.685123881188378050e+02 5.649805187864792577e-01 4.285497811442186133e+01
7.012784324583888065e+02 -6.083655969948394970e-01 1.297746243497653609e+02
2.395113001124459515e+03 -6.246341848251282108e-02 4.672480628641806355e+00
1.615908502127909401e+02 -1.186745521599957658e-02 1.137894434697095045e-02
3.369890468229960447e+02 1.221511037724103965e-01 2.514088612163458691e+00
3.059001141597306287e+03 1.103597060042822986e-01 1.862819232486119958e+01
1.824678753784374294e+03 7.024880118416572394e-02 4.502298178856955602e+00
5.007978543284741136e+03 8.350315621223448892e-02 1.745975904545533552e+01
2.816042829880741465e+03 -6.711627979386039500e-02 6.342566244455402291e+00
5.102936834047093839e+02 -6.571793926544261533e-02 1.101940309955757424e+00
9.233277886204160723e+02 6.172873211734588444e-02 1.759140893048403820e+00
7.465615521155706119e+03 -1.847018617560863482e-02 1.273439070839431642e+00
2.092571320378079918e+02 1.087039855163763752e-01 1.236349358438742163e+00
8.714933433490197785e+03 3.132478924334307357e-02 4.275731191175325741e+00
6.120591836432149648e+02 7.058602388809133432e-02 1.524757789009469455e+00
3.445972544552616910e+02 -4.468331285272394288e-02 3.440111716281049614e-01
3.988967211601724557e+03 1.536056507214804932e-02 4.705923422336055761e-01
1.279211456026179263e+02 -9.489284184984497772e-01 5.759426636164948832e+01
4.184164360024815323e+03 -2.238090219943234330e-02 1.047933970942385606e+00
3.455682428941810826e+02 -3.208187468000047726e-01 1.778374838715939532e+01
2.067899142095402851e+02 -9.233413983457277041e-01 8.815033617134287169e+01
6.332352519370834898e+02 -4.499282682063403260e-02 6.409463049257644318e-01
7.715015560204253688e+02 -4.480226051133239656e-02 7.742953741316331850e-01
5.937564643090888239e+03 -7.357521227924418428e-02 1.607094455672738675e+01
8.207608883798075112e+03 -2.332532830126296183e-02 2.232760741764526102e+00
1.496815607875931391e+03 1.242160705202996832e-02 1.154765713203957239e-01
4.673782304497076439e+03 3.395002697203650111e-02 2.693510864096689605e+00
5.186958045545111418e+03 1.031838326947813293e-02 2.761252044276500395e-01
7.787523052978191345e+02 -6.644933965799062481e-01 1.719296141808509049e+02
2.388021407363766002e+02 9.278573317023864897e-01 1.027946773230227109e+02
7.589266057745724083e+02 -1.466537594633861019e-01 8.161240643284873642e+00
5.276916885676680522e+02 -4.524567177130613960e-01 5.401375118227551297e+01
2.614307325217969719e+03 -1.666343405949121878e-02 3.629574027960626448e-01
1.274491284333318617e+03 1.534836742300649433e-02 1.501174741958287429e-01
1.588745996750685435e+03 -2.971139405847116749e-02 7.012462185300871731e-01
7.372625583003369911e+02 -1.401122375915083151e-01 7.236762515433021292e+00
1.054801129640366298e+03 -2.196340532148107205e-01 2.544133772709515640e+01
4.350425512021560280e+03 -1.159565129236211391e-02 2.924772123324551609e-01
4.809429256887546217e+03 -1.865509131484644756e-01 8.368705860271525410e+01
9.386313856859353109e+03 3.909000317330461050e-01 7.171276828670677332e+02
3.754254477618957253e+02 -5.552202500770511695e-02 5.786611243289837558e-01
3.749360915691719583e+03 3.154752104043271888e-01 1.865768384041005845e+02
7.854460370957547184e+02 2.152037372720671041e-02 1.818804312995178918e-01
1.032941119378592276e+02 3.530366822558780870e-01 6.437025605276819107e+00
3.019629532254299988e+02 6.854541472719501150e-02 7.093825242472675541e-01
6.861145009415073218e+03 8.565407266311458878e-02 2.516880741134010080e+01
3.838479603168117364e+02 9.774727823152100370e-02 1.833743503233071559e+00
6.013588605699345862e+03 3.044573002670398210e-01 2.787125358488838742e+02
7.346031329402993606e+02 1.893719124725754821e-01 1.317206638538801577e+01
7.926403771257278095e+03 3.305942288799396667e-01 4.331484171346300514e+02
1.845854257074283396e+03 2.128516414882284519e-02 4.181397154387438975e-01
1.648802556273639937e+02 -1.306856683133318653e-02 1.407973830219422760e-02
7.976878094158322710e+03 1.480712422828258865e-02 8.744689619917345169e-01
1.380657054340728791e+03 6.643724684350661436e-01 3.047046448649388708e+02
2.401053456173833354e+02 -2.288281635997124752e-01 6.286237485679448511e+00
5.932973603998701947e+03 1.090582071560858637e-02 3.528248197097590411e-01
1.463070738400759865e+02 -3.116738672932769516e-01 7.106178435875042609e+00
4.102427057445745504e+02 -5.553799320666624739e-01 6.326903904668014889e+01
2.237700013138043573e+02 1.267470117044209796e-02 1.797410715292835706e-02
1.019503950017490411e+03 3.387304260193464978e-01 5.848807580450755239e+01
7.278448688949137249e+03 -4.815738864856958235e-02 8.439849207311246104e+00
5.009968120682945596e+02 1.368091441916751902e-02 4.688514020734355081e-02
4.985201278565289726e+02 -1.160448651479278059e-01 3.356638398746325525e+00
1.982412312000914653e+03 2.604226381764758458e-02 6.722355241026358730e-01
2.380022249179892810e+02 5.787559328860447661e-02 3.986042577976283696e-01
3.285752181981092122e+02 -2.849889416787162455e-01 1.334322552441717846e+01
4.393310734790426295e+02 -2.277577493191903224e-01 1.139484051164902567e+01
4.633279333784500977e+02 8.529820683127266046e-01 1.685537002746505948e+02
4.286765237813062413e+03 -5.239282432159082792e-02 5.883602522537203505e+00
4.406327758164948136e+02 9.737021452251215514e-02 2.088810569438938725e+00
1.028851579028336118e+02 1.549666041641390712e-01 1.235375446624656925e+00
5.800816790277574910e+03 1.262059209289473627e-01 4.619751487583031491e+01
4.051706003880975686e+02 2.437297154416230571e-02 1.203441246090969641e-01
7.609301400752336122e+03 5.628427547550174381e-01 1.205282777522965034e+03
1.279321618190560201e+02 -5.950116199222222901e-01 2.264647630688570956e+01
2.773292317414770423e+03 -5.566310645915845123e-02 4.296358695201254463e+00
1.392205497723708163e+02 6.233306901888321927e-02 2.704645620954522767e-01
3.840387137289113525e+03 -2.449445498278093880e-01 1.152074520805800262e+02
8.168628937583896004e+03 -2.468591921724258009e-01 2.488959213025396764e+02
4.474068323125416100e+03 7.842611405556260129e-01 1.375922616941910292e+03
1.634962200321524506e+03 -9.552539080211960854e-02 7.459597022427881363e+00
1.238417758234621942e+03 -1.704421315449795304e-01 1.798834005428195937e+01
2.354888376922218868e+03 1.239401277540665286e-01 1.808690299799544832e+01
1.007923598983148139e+02 4.021218633329724096e-02 8.149162735872743368e-02
8.403379736993290408e+02 1.740551038770451683e-02 1.272909474486317860e-01
8.870657335923926439e+03 -7.141469721815794924e-02 2.262043779679625999e+01
6.661864241703719017e+03 1.019350623155030888e-01 3.461090601565447855e+01
4.825433875711949440e+03 2.471205062372766326e-01 1.473411119337936839e+02
2.012924084886527226e+03 1.284477109839115561e-01 1.660543049629118073e+01
1.205283494939814318e+03 7.552694452494475297e-02 3.437660980772936359e+00
3.367823882893515020e+02 -6.375161342312843371e-02 6.843869778884665855e-01
2.138374788409209657e+02 1.774958220102854090e-01 3.368449955317486921e+00
1.860730348753149201e+03 3.507484363826531698e-02 1.144576784136727587e+00
3.192586242736856093e+03 3.323306823950387678e-01 1.763004906113360448e+02
4.418596933068594126e+02 7.807560235155210082e-02 1.346744089097495545e+00
1.522387236886578705e+02 -6.649589309179181063e-02 3.365772713741149724e-01
8.094036681839718312e+02 7.253736795130024673e-01 2.129407397928968635e+02
1.809795678383997483e+03 -1.158834568564796608e-01 1.215185097857669483e+01
1.153847527399535124e+02 4.559815308010623652e-02 1.199535022738456580e-01
3.689461145420615367e+02 4.212463959344470155e-01 3.273447211564751314e+01
1.213887948865836393e+02 5.181612111208753341e-02 1.629590193483110017e-01
2.651062517753751990e+02 -9.721040752114483430e-02 1.252608923659539686e+00
1.157272600955353482e+03 -2.626973009614745336e-01 3.993161699142738286e+01
3.194221202965186421e+02 -8.776890040369599300e-01 1.230314967051952380e+02
5.008173195554120866e+03 -1.892701696259075916e-01 8.970438777322740975e+01
1.992323580862130257e+02 -2.304119532463968709e-02 5.288589892632749451e-02
7.734910008171233358e+02 -1.088682140708174817e-02 4.583819067070626224e-02
2.960858567198182527e+02 -4.641892023135903989e-01 3.189904894365234256e+01
1.741351450252077768e+02 2.891756918364116746e-01 7.280815113060493005e+00
5.198762522167071438e+03 1.776764968135550182e-01 8.205970462164177093e+01
1.354975898661967904e+02 1.116224146054979431e-02 8.441204086124910050e-03
9.745436955477210859e+02 1.880580868220992422e-02 1.723278016331197537e-01
5.308187801256855209e+02 1.736723500031525369e-01 8.005300624175969659e+00
2.549960512656458604e+02 7.018206274761971120e-01 6.279943214787994066e+01
2.877036877585180719e+02 4.176652403862040064e-01 2.509412745205462869e+01
1.149776136814354004e+03 4.144043030250177395e-01 9.872606054412409549e+01
1.637946039461602368e+02 -1.085558314561079971e-02 9.651079891385321366e-03
1.272457993975337587e+02 -1.992518579301200132e-02 2.525912011592062328e-02
6.204695577699402747e+03 3.370490665382153833e-02 3.524331407691646323e+00
6.423262222754725371e+03 1.784176655248629617e-01 1.022354143676264471e+02
1.978299286926117702e+03 3.811465324128858745e-01 1.436964188062919163e+02
1.031153278345309673e+03 -6.273593734283315626e-02 2.029205419863100435e+00
2.633678795036723386e+03 -4.738271592547271122e-02 2.956464796952720686e+00
6.094876750532188453e+03 -3.296477256514605825e-02 3.311578845619797207e+00
4.179266245807292535e+02 -3.781334714472128072e-02 2.987860295649353848e-01
2.417919778232224871e+03 2.953936545164111485e-02 1.054907100825439814e+00
5.854853543510751479e+03 1.087234903179125529e-02 3.460451861683698227e-01
2.765107385281225447e+02 3.716819319838134822e-02 1.909962789654960635e-01
2.491163395830369041e+02 1.081489883657356203e-02 1.456857724454122850e-02
6.930055263826701776e+03 2.516241722580180307e-01 2.193872683905750876e+02
6.760452739631664372e+02 1.792004918299299754e-01 1.085485883719655043e+01
9.296037571446855736e+02 -4.174582109421660636e-01 8.100165452538726640e+01
1.342243515387322304e+03 1.040554312453157298e-01 7.266592825194546634e+00
7.717588148701307546e+03 -1.279140069873992841e-02 6.313756234133509615e-01
1.133414532154835257e+02 5.738020490856412525e-01 1.865876825100258429e+01
9.758470326432712682e+03 1.604365086207116403e-02 1.255908948943050163e+00
2.854580499365293235e+03 4.602877470668238491e-01 3.023925777063848841e+02
7.674964882750603465e+03 1.815176615664287341e-01 1.264399098216588442e+02
2.384438228999253624e+03 2.474326947806865795e-01 7.299115746167079521e+01
1.018720180559984101e+03 -6.315514139299627239e-02 2.031619335110610436e+00
5.359840947143672565e+03 -2.828284586802256792e-02 2.143720297926434704e+00
2.534485472387030313e+03 5.602924123172739468e-02 3.978224546970735798e+00
1.323709125503025689e+03 2.472751431144147027e-01 4.046909485825682395e+01
4.606562558203225308e+03 -1.099066273444159088e-02 2.782240959046954898e-01
1.790960347693404174e+03 -4.253679326358202895e-01 1.620262825497587471e+02
2.653525758785222024e+03 -4.851769485061541154e-02 3.123155654953427618e+00
6.425567572644488337e+02 -3.691155973290833336e-01 4.377299813087958569e+01
5.548261636277692332e+02 -4.964445170842216037e-01 6.837043988650290771e+01
1.503298818445285633e+03 -8.366065059217052402e-02 5.260872730571381162e+00
7.805154621315540453e+02 1.153834787075273469e-02 5.195636655025920314e-02
2.084844497727532598e+03 7.557945302486135386e-02 5.954580368400406165e+00
9.419621501006875405e+03 -6.687255843552167289e-02 2.106198671554676949e+01
3.013252218687271693e+02 -2.655800601687266504e-01 1.062665103742942563e+01
2.146795625846513360e+02 1.215452006841280796e-01 1.585755900755042802e+00
1.787219863817164480e+02 -7.880133786486073211e-01 5.549005672611834683e+01
1.759327263771239132e+03 -1.471550706057218535e-02 1.904877710642840227e-01
5.696279708555498473e+02 -2.481761270197066840e-02 1.754208926034517002e-01
4.403138522777477192e+03 -1.005873820099313365e-01 2.227508462963803737e+01
2.111417086153293894e+03 1.182781275037725344e-02 1.476906211134098035e-01
4.850941300845660408e+03 7.805498813890875409e-01 1.477737682131594738e+03
9.533635590420246899e+02 2.319725427303210089e-02 2.565084745191063553e-01
3.775219069264964560e+02 1.249351897212193363e-01 2.946332278225307633e+00
2.733952719345808418e+03 5.874504684217054518e-01 4.717408800135710862e+02
2.448911550928499423e+02 -2.298637054110667099e-01 6.469696538738393343e+00
5.410347162195384954e+03 -1.668694635549572078e-02 7.532668876875648900e-01
2.969015849389527943e+02 -4.525196742867529376e-02 3.039887083347126429e-01
1.032297835303128863e+02 -1.286878851328828594e-02 8.547721199924649196e-03
2.528335547353118784e+02 4.278515469156204398e-01 2.314146921312683247e+01
2.505802889959285494e+03 -8.266338824794794427e-02 8.561370953369515036e+00
8.241419488226843896e+03 -2.453625948202408924e-01 2.480782766851133943e+02
1.271756793140980619e+02 2.960838566078554182e-02 5.574469304773709000e-02
5.490378536912165146e+03 6.876698765582943407e-02 1.298172166433579733e+01
3.200759374128480204e+02 7.793380040176747792e-02 9.720189688782371329e-01
2.824280681556746003e+03 5.700953720959081039e-01 4.589579433772700554e+02
1.241236782537077715e+03 -3.249745651062110885e-02 6.554255749337596360e-01
1.334117541830894424e+02 -1.642851913356057625e-01 1.800366547439726128e+00
2.624002444369886234e+03 7.154668153849776946e-01 6.716039318868923829e+02
1.920493674146363674e+03 -2.290026322700703873e-02 5.035746204369444534e-01
4.607728009668164191e+02 1.578632453232012012e-01 5.741414382312902021e+00
1.077392843463895588e+03 -2.929971205886826024e-01 4.624564015238832582e+01
2.853189391097677117e+02 -2.422577563241158916e-01 8.372516001216911974e+00
6.169118497224396378e+03 3.866204562256668753e-01 4.610656570961297120e+02
2.659251522727797237e+03 3.417546850356745214e-02 1.552953224344785443e+00
8.001720980523715298e+03 2.796571959663689266e-02 3.128998863721998092e+00
2.638932734586422612e+03 6.053494734501799895e-02 4.835157915783251603e+00
4.678100249114707481e+02 3.720900537231582317e-01 3.238438476939199973e+01
1.783823035947350775e+02 -1.280698881305867565e-01 1.462904017822126423e+00
1.031301660537364455e+02 -2.591125359715558685e-01 3.462043903602639361e+00
7.534496920787879617e+02 -3.709320186008557840e-02 5.183378344539344429e-01
5.050967419229768893e+03 7.991179732540479863e-01 1.612747468221714826e+03
2.552664648346839385e+03 1.707393262291490021e-01 3.720753464392431908e+01
1.462861942462760453e+03 2.177073115649559576e-02 3.466724865151381563e-01
7.802499262749868649e+03 -3.260564039421603305e-02 4.147526881352382233e+00
8.402230489966208552e+03 -6.331010020720725939e-02 1.683877900076835132e+01
8.612329727671523870e+03 4.713964552250071161e-01 9.568927802566970513e+02
1.981624932589783725e+02 2.241115751430799996e-01 4.976454506257547372e+00
2.953652251406373352e+02 9.536238740897935717e-02 1.343023453483122909e+00
6.380604760083275551e+02 -4.068743058914970345e-01 5.281440335533324060e+01
3.169930496110943750e+03 -4.189051731869838369e-01 2.781321491097777425e+02
5.876808918428201650e+03 4.092708100617913763e-02 4.921903749241747228e+00
5.579161044876233973e+03 -1.419891112864067051e-01 5.624047550127364303e+01
3.540220289636050666e+02 1.044794514303744176e-01 1.932244405097177431e+00
1.795172872063057184e+03 -2.228324913892692008e-02 4.456904342112850692e-01
7.711003982696470302e+02 -2.079569399533401641e-01 1.667353817746488787e+01
1.506098145106826678e+02 -4.237420580471962794e-01 1.352154821505827620e+01
1.537082616652307252e+03 -1.676624226136459728e-02 2.160422490017265829e-01
1.653722630156671812e+03 -1.027681945617451263e-02 8.732731906433865987e-02
2.667336200283471044e+03 -2.762649571264806994e-02 1.017886522297926088e+00
5.471357078473878346e+02 -7.142086272336782560e-02 1.395453108161633926e+00
2.662890992895359886e+03 -1.035621115401853462e-02 1.427990066883455533e-01
4.167496249190325216e+03 -1.443412421643264568e-02 4.341362981953185707e-01
1.746258824154747344e+03 -7.742406503872626411e-01 5.233961903402821463e+02
3.988842395357274881e+02 -1.186348790206709358e-02 2.806995166828548868e-02
1.438308852398989984e+03 -2.004658341765163179e-02 2.890033578952131976e-01
1.918221246693509272e+02 -1.529942897184004280e-01 2.245014471492440045e+00
1.169120753940982240e+02 9.226010826678072707e-01 4.975735593389353539e+01
4.610033863509014509e+02 1.275273878801068128e-01 3.748703125529775804e+00
2.636703946010379696e+03 -9.674344351158025157e-01 1.233884352953365578e+03
1.880464412562472035e+03 1.280831428133049829e-02 1.542478339628299278e-01
2.159276743859086764e+03 -3.504668152450780144e-02 1.326087299881867576e+00
6.656256924239806722e+03 -1.533515929725289828e-01 7.826663543823904945e+01
4.157555154772241508e+02 -1.854274209868045087e-01 7.147529222569827922e+00
1.185252517319685467e+03 -4.645006010859699663e-01 1.278655206529835624e+02
4.138995989868843026e+03 8.620652554656957345e-02 1.537960896360082508e+01
1.841092894757081012e+03 5.106549878873232196e-01 2.400495315941976173e+02
5.290150838972740530e+03 -1.051547975656187267e-01 2.924800464141280543e+01
1.110988851475589598e+02 7.015486406898959748e-01 2.733979666261183539e+01
5.291625492695563935e+02 -1.215868812365273645e-02 3.911402795666571452e-02
9.822279945091146146e+03 -2.354224353409985551e-02 2.721936617565273941e+00
7.540818790759767580e+03 2.873841922005098554e-02 3.113968825347399605e+00
3.875557979967963092e+03 3.781017288765960993e-01 2.770266620867747065e+02
1.032412023741234890e+02 4.578264866520683207e-01 1.081994085472402389e+01
3.026440460665438422e+03 7.252872768601727194e-02 7.960168425286198612e+00
8.180779140284064852e+03 6.983627794107899467e-01 1.994926235592102103e+03
1.318137790735610793e+02 -1.084155217623600370e-01 7.746646602594905451e-01
3.004629566641819451e+02 4.705248448779572046e-01 3.326029227524020371e+01
1.438421737720105966e+03 3.608584312189944132e-01 9.365478159900851551e+01
6.218934711905079894e+03 -6.518315005928960737e-01 1.321163876967725173e+03
8.110950245301531822e+02 -9.816806541330176383e-01 3.908248830893410286e+02
5.324364869712820109e+03 -2.030940121094181872e-01 1.098075121059637240e+02
1.988996433385929379e+02 1.676656263681634493e-02 2.795709744106530600e-02
5.520944363263058221e+03 3.822524874132424838e-02 4.033518147552853428e+00
2.301243719726563995e+03 -3.466625032418653718e-01 1.382758567683866602e+02
1.399767255555501606e+02 6.797702953681886151e-02 3.234075839582440381e-01
7.556660159886298516e+02 2.785631986007796046e-01 2.931888006760645382e+01
9.634614467752315932e+02 6.132533355231916117e-01 1.811691235465250998e+02
2.292607182364083201e+03 -3.270010100547914716e-02 1.225738539231243429e+00
7.661101429781991101e+03 -1.483570134534673013e-01 8.430966830489037989e+01
1.518115028479447801e+03 1.154535242321123589e-01 1.011786947652319490e+01
6.511845486228221489e+03 1.589881778725958927e-01 8.230074288887550438e+01
3.509636731988231304e+02 -5.522230086325791154e-01 5.351323016312144176e+01
1.261992380301330059e+03 -4.636340895237772014e-02 1.356367760670085687e+00
5.443436585453295265e+03 -1.756035171359771052e-01 8.392852532432829094e+01
7.895317844901854869e+02 -2.045160852769400128e-01 1.651180552405266155e+01
1.279791028468547580e+02 8.495937504040287913e-02 4.618826872418020368e-01
6.695044168283810677e+02 -1.795448638001133704e-02 1.079119207089688920e-01
2.544464622652380513e+03 3.775263018556873074e-01 1.813263205593856355e+02
9.092576169927260707e+02 3.753043872740220444e-01 6.403600573467585377e+01
7.819954145949673148e+03 -3.963821088618942751e-02 6.143308127767519444e+00
1.128462356626442755e+02 -1.253041459348064601e-01 8.859066510001739614e-01
1.199430483270446501e+02 1.191282175801068738e-01 8.510878176778240434e-01
1.099950763819992972e+02 2.706534794610281902e-01 4.028751491291987286e+00
6.115326833686258396e+02 3.663446663594708413e-02 4.103641594633032352e-01
1.073036621366274858e+03 -1.329131539653586880e-01 9.478082310466971805e+00
2.278820609257852993e+03 1.777830813675365662e-02 3.601314098559194044e-01
1.235217082594190060e+03 8.150103266259800527e-01 4.102414292431493550e+02
3.816958082052830378e+03 3.603692491105099371e-01 2.478465309440127555e+02
1.134112413890256761e+02 1.121477789263921991e-02 7.131936410112127596e-03
9.284175791312775345e+02 2.537944277003030200e-02 2.990043622311389648e-01
1.520157625715623908e+02 -8.540056095939746461e-02 5.543449219589930976e-01
2.552473053286322738e+03 6.449581853571428880e-01 5.308774618949893238e+02
2.740430008739446748e+03 8.791381507657041183e-01 1.059017100153723504e+03
1.642268838203223993e+02 -1.491851881831717797e-01 1.827534858758476766e+00
2.485796632136288338e+02 3.794570108559076893e-02 1.789619742703575100e-01
3.157443232513693943e+02 7.082561824151763219e-02 7.919291039165977653e-01
7.413254647667632526e+03 5.372882018585801722e-01 1.070024030513446860e+03
1.401001710651148414e+03 -9.650912620316187684e-02 6.524472980580910964e+00
2.011039880039092793e+02 -1.282266203808407785e-02 1.653282539337175630e-02
9.890074712537564210e+02 -1.415995776149105503e-02 9.915017669230578867e-02
7.988561887545904028e+03 -6.425932382405593613e-01 1.649342731918967274e+03
1.658299931877765403e+03 2.224108912524964607e-02 4.101523347586235047e-01
3.667524337588757248e+02 3.684982733500681562e-02 2.490083573333918832e-01
1.074945647063635619e+02 -9.691133932573345877e-01 5.047841397162397215e+01
3.413754577090095950e+02 4.741362987159492698e-02 3.837149410235974889e-01
7.460670662024427884e+02 4.176888015378318886e-01 6.508089804572064452e+01
1.442143884392653263e+03 -1.632642138026464129e-01 1.922031936358182946e+01
7.558077567122294340e+02 1.127765398880439945e-01 4.806388597030497145e+00
1.595459404785184176e+02 -7.426333946701882405e-02 4.399514080770552393e-01
8.748425347880961453e+02 -3.680350447615985954e-01 5.924862063527308464e+01
7.187804186952622331e+03 3.319705691106908385e-02 3.960640350324476699e+00
6.443943235578025224e+02 4.018111731296226258e-02 5.201944667695712621e-01
4.033590142545571780e+03 4.811061106431128997e-02 4.668136184847859305e+00
1.335479820880952104e+02 1.823839544439790836e-02 2.221163817332275081e-02
8.263181173236873292e+03 1.121609038064225877e-02 5.197569194360676104e-01
3.188792898334913275e+02 4.796468557503440894e-02 3.668086108665485900e-01
2.180235506566616095e+03 4.688841500258150163e-01 2.396649456341214091e+02
2.385812821818479279e+03 -9.078888891827420482e-02 9.832677045229264223e+00
3.333271392234310042e+03 -8.492526336435763934e-01 1.202027722693719397e+03
1.118564065024202137e+03 4.045522141094637369e-02 9.153349225724886074e-01
1.389018909250262368e+02 1.323888142198571989e-02 1.217252701096601004e-02
9.262413493556201729e+02 1.369791209338411427e-02 8.689662694464035664e-02
1.321253681956304149e+02 -6.327374011254525976e-02 2.644863283313022562e-01
6.163626844365974648e+03 5.462359112730906519e-02 9.195319833875622351e+00
1.287185953169348068e+03 -3.988872419685790538e-01 1.024027425670315949e+02
2.741184900385800120e+03 -5.902715440064183472e-01 4.775425008491641847e+02
3.677738887579483617e+03 -8.601877534636417355e-01 1.360621742514028711e+03
2.435881840569518317e+03 -8.317471692655459270e-02 8.425756131168286700e+00
2.051486959911229349e+02 -1.978348707812628213e-02 4.014620079089317728e-02
9.442824641853477488e+02 3.087665031549696390e-02 4.501241224729997659e-01
1.105287911183385745e+02 9.630599084193690318e-02 5.125686404943556873e-01
4.700507156685463997e+03 1.764148915046605814e-01 7.314509468924696023e+01
1.174311587462590524e+03 -2.610521259147650097e-01 4.001361776928880687e+01
3.856285979184764869e+02 4.030248931044368849e-02 3.131864619481513068e-01
1.259930290054704074e+03 1.787042831641090235e-01 2.011807601610654928e+01
1.661606107133168962e+03 2.193311622199134794e-02 3.996674356054790711e-01
5.221341357713559773e+03 2.181953362244718475e-01 1.242919548848019247e+02
3.740314296316009404e+03 1.151747432015346184e-01 2.480804875689853972e+01
2.760884845145446889e+03 2.666930131895021636e-02 9.818419270977797320e-01
2.744808006036281540e+02 5.324926045365885319e-01 3.891429233706499957e+01
2.096191389162466407e+02 4.515659349167326364e-01 2.137190729226243846e+01
8.191499722917709505e+02 3.702094861170022733e-01 5.613432577970488779e+01
1.468770477181698652e+03 -9.000580445126871165e-01 5.949287743927908423e+02
7.424103321265241675e+02 -2.058803340460075848e-01 1.573416644712306045e+01
1.529547088099930761e+03 -7.308861405277627954e-01 4.085378595334923375e+02
9.547598249815067675e+02 1.964187975660985352e-01 1.841748126039516009e+01
1.553569505293704424e+03 -4.890809724128946517e-02 1.858070663074174789e+00
4.910746300136181617e+02 2.752689149295253213e-01 1.860509296084812192e+01
5.919953508712319490e+02 -1.689423902122079990e-01 8.448226891714812226e+00
7.186303092582667205e+02 6.905355913285814162e-02 1.713356237832278417e+00
3.313635381965727333e+02 -1.855148930358502812e-01 5.702066576042429169e+00
2.377732875784988664e+03 4.148589147916644793e-01 2.046133288111333854e+02
4.568777800300478020e+02 8.576062021597231910e-02 1.680141532541244542e+00
2.924060183697171396e+03 7.990390463937414867e-02 9.334526999254704194e+00
9.945886414351978146e+02 -5.879105718569654221e-02 1.718842324006548461e+00
9.805328752137756965e+03 3.962115385728944006e-02 7.696378214642177085e+00
5.230977974646490338e+02 1.054279683535135487e-01 2.907130789838692664e+00
3.650791805327153270e+03 -1.705913295885290101e-02 5.312157948113642725e-01
7.092992333934439557e+02 -2.639377229988353335e-01 2.470599938107201865e+01
1.281373484517260408e+02 4.503465388776375228e-02 1.299389628250485207e-01
7.658824207644532180e+03 -1.920091358364835743e-01 1.411808823099187293e+02
5.336524239193483936e+02 -9.214403912638809979e-01 2.265494342204260079e+02
4.942423134428850062e+03 3.673166441593203602e-01 3.334196136654783231e+02
5.354156727129134197e+03 -1.686230659009826938e-01 7.611934574234020090e+01
1.335690464294066487e+03 1.524482485088043092e-02 1.552103606282506931e-01
1.790347216890554819e+03 2.662183538488592238e-01 6.344293368829264068e+01
1.302652489024357294e+02 -2.254883747187537979e-01 3.311668754833056560e+00
2.293888818172701178e+02 3.141763282644687294e-01 1.132111725330162955e+01
4.398567127759206414e+02 -5.572414651752289894e-01 6.829172447759781051e+01
2.531804566760829687e+02 -1.043467022253334424e-02 1.378344061842719064e-02
1.553495026635271756e+02 9.246667627079093732e-01 6.641258210476996737e+01
1.982820289045661184e+03 5.746720364749657167e-02 3.274111673483937945e+00
1.177202300708313771e+02 -1.947755002840641236e-02 2.233005349927579680e-02
8.695279484605327525e+03 1.308320119584285499e-02 7.441861621870065058e-01
2.759863884956981792e+02 -2.436439910226369590e-02 8.191606416135445434e-02
6.559656501330806350e+03 -2.837336915465121789e-02 2.640419426698875860e+00
8.464191951084700349e+02 4.088459649535720886e-02 7.074161003789103397e-01
5.675229927650236732e+02 6.915696017458837497e-02 1.357141892220109503e+00
6.564435168683638949e+03 3.106676507707509804e-01 3.167812254904974338e+02
2.192421623317325157e+03 3.465862855835184775e-02 1.316790936059295536e+00
1.324141882751908497e+03 2.934610918908280019e-02 5.701716047400297027e-01
1.446811839533699640e+03 5.626174438924123888e-02 2.289857438371047937e+00
6.641531545678529938e+02 4.688107173047459386e-02 7.298494865766387285e-01
7.525930748243932840e+02 -3.059597052137041917e-02 3.522562356151173746e-01
2.191857626669219030e+02 -1.821683257070179640e-01 3.636872523365637822e+00
8.814155808725982979e+02 1.700163060416521599e-01 1.273889856864719228e+01
2.357354905108295213e+02 7.373025914694968375e-01 6.407468746603177578e+01
5.276680103446625481e+02 -8.073385825553615058e-01 1.719658402408602740e+02
1.664951812070330845e+02 -1.498596152245372862e-02 1.869566420918673463e-02
5.858162198642561407e+02 -1.360335562196876569e-02 5.420302188901764129e-02
9.659248273048109468e+02 3.070279226330752467e-02 4.552700504838957385e-01
1.062796886200097219e+02 -3.312364252080587379e-01 5.830374555170537931e+00
2.724858477665682130e+03 -1.717503686411892827e-01 4.018919536113196500e+01
2.468212375838741082e+02 -8.773575505253861095e-01 9.499609778033484986e+01
1.102655230209421120e+02 2.135466143770761160e-01 2.514172819334399733e+00
4.655460049339722559e+02 1.054223558512268760e-01 2.587009613601960467e+00
2.625145553600836593e+03 -4.125732956603469365e-02 2.234218384618742004e+00
1.827219917462242336e+02 2.669655015835412093e-01 6.511351077159626577e+00
5.649703469273994415e+03 2.645524643641344875e-01 1.977057412860361012e+02
3.515392829612367791e+02 -5.329555697769248201e-01 4.992589711521457474e+01
9.232478227683948717e+03 -1.973952869014375042e-02 1.798712921735698078e+00
4.798976021439569877e+02 -1.060634059148594585e-02 2.699291098242620826e-02
2.111002781211412184e+03 -3.469806780131258761e-01 1.270777136329961507e+02
2.213015638756794942e+03 2.387104968634473356e-01 6.305180457191012522e+01
1.241828732766093140e+02 7.067927266478392090e-01 3.101814714090683012e+01
2.656639250045400900e+02 -3.506613264730124024e-02 1.633346520623150666e-01
2.239797737672430173e+02 -2.180623189499079906e-02 5.325250703364715898e-02
6.737523614097394784e+03 2.269259058159046605e-01 1.734756246812326879e+02
8.529802241081000830e+03 -7.333770544432267613e-01 2.293842538974245599e+03
2.301648691562320892e+03 1.239185989743696731e-01 1.767185055228676305e+01
4.229057153330955998e+02 -7.501446355479789441e-01 1.189881122608193635e+02
4.114294727358307568e+02 -3.734017791967796790e-02 2.868257708249787319e-01
4.525294000378433338e+03 -5.299895334944968450e-01 6.355524396733028425e+02
2.745317715363217417e+02 -6.971194375309870683e-02 6.670785886697472300e-01
4.028719280042443643e+03 -1.552315590811990942e-01 4.853969577359313092e+01
1.397196668202686283e+02 -1.192398926300827430e-02 9.932777297311045847e-03
7.402275086426016060e+03 -5.414485799258487164e-01 1.085049779039716896e+03
6.469097390998084620e+02 5.922077103850861279e-01 1.134388483205928964e+02
2.528730117711740490e+02 -3.051378400948557765e-02 1.177238945446500429e-01
1.054089539849556786e+03 -5.749252231355544973e-02 1.742088576347775808e+00
9.862587062473170363e+02 -7.755516506857584869e-01 2.966076222642905122e+02
2.689107498115796716e+03 -2.980048213194251214e-02 1.194056147463645523e+00
3.676168695518395907e+03 9.153482120633460450e-01 1.540061669875745338e+03
2.523743664015694321e+02 3.366099471070349569e-02 1.429779734567550586e-01
4.911723479151647211e+02 4.302723753350048974e-02 4.546642857449107455e-01
1.880037863952515522e+02 -5.787178957009105756e-02 3.148258792277429108e-01
1.631938837681616121e+02 5.289863087790152019e-01 2.283298787193309209e+01
2.133270613152504666e+03 9.193142049417977191e-01 9.014546776118133948e+02
2.926103882444187093e+03 2.208168709384950301e-01 7.133854504712194000e+01
1.306144897633902929e+03 1.045568358164220696e-01 7.139474161134351071e+00
4.691388069358493340e+03 1.055126652120750956e-02 2.611442994407486284e-01
7.713310973348070547e+02 2.638236519874015765e-02 2.684344807918772613e-01
1.959925306657865178e+02 -3.313423170581664134e-02 1.075878762457253418e-01
8.641122378985590331e+03 2.153178152839121604e-02 2.003088277531768657e+00
8.973173196560328506e+03 3.051007202152907632e-02 4.176404167000077550e+00
5.945376967672662431e+03 -1.182271312096420807e-01 4.155121272390233145e+01
9.357404845369153918e+03 -1.055081236979345666e-01 5.208314771391230380e+01
1.493337625274715947e+03 2.793193123590383131e-02 5.825456185877324611e-01
2.744734400586311949e+03 1.495056378554358023e-01 3.067506348712951336e+01
3.244623821717645569e+03 2.101414728293557813e-02 7.164038322230875666e-01
4.031376377414018748e+02 -2.294612014641323194e-01 1.061309074160401700e+01
1.361362636123904849e+03 2.709651314123449062e-01 4.997705346463013854e+01
3.627070253097988939e+02 -6.714487207301004235e-01 8.176203144900921416e+01
2.290170485315168207e+03 -3.539395650791606340e-01 1.434485106308798663e+02
2.052023466983719402e+02 -3.014662142134257386e-02 9.324587351007102010e-02
2.826482304311625285e+03 2.365981557782846911e-01 7.911138456101578242e+01
2.885194816865120174e+03 6.993357178036468946e-02 7.055317582232218498e+00
3.082316696100102490e+03 8.138683422201770101e-01 1.020835053366700890e+03
1.030484684057632876e+03 -6.763131097409683656e-01 2.356715496438677633e+02
3.896223971738300520e+02 -1.354459729332271600e-01 3.573930581455623479e+00
1.284670067101661516e+03 -1.932507685517800486e-02 2.398855394437052480e-01
6.583150648301503679e+03 4.628603758792265016e-02 7.051862006861778553e+00
2.081621077926942007e+02 2.648895603847743474e-01 7.303001103419443751e+00
1.624572279282768704e+03 3.567110872527967103e-01 1.033575626215814083e+02
2.840430632717266235e+03 1.617918591367161762e-01 3.717641632115633854e+01
6.625854824753648245e+03 -3.832774032982477069e-02 4.866742311476316196e+00
9.247243576991129430e+02 -1.332943980760540811e-02 8.214972185252553127e-02
2.074972970034253194e+03 3.129602189118120270e-01 1.016156786068137308e+02
6.807881533609836424e+02 1.545107832483725956e-02 8.126425949609886179e-02
2.914984571879758732e+03 -1.025608163472543077e-01 1.533095478805912215e+01
9.129466879127966195e+02 6.021193953885246863e-02 1.654933912282726238e+00
1.293643001726660771e+02 -4.532277426189367658e-02 1.328670887124278610e-01
1.204132014464786664e+02 8.420011453738296403e-01 4.268442860229482250e+01
2.592885042366172570e+02 2.015540000423620207e-02 5.266670034041700393e-02
2.363005943485975422e+02 -1.201543637020809630e-01 1.705744242758913343e+00
1.933814000620621130e+02 8.073176676021581732e-02 6.301930628339645901e-01
1.871516916193265843e+02 -3.672573925652863891e-02 1.262132221936411447e-01
1.022815024979466045e+02 -5.565544447245450721e-01 1.584099344757744809e+01
1.330989466516317350e+02 2.266346628371770922e-02 3.418198593366277016e-02
5.151931079526161739e+02 1.053600939607904179e-02 2.859514791846859763e-02
7.436501814130981984e+03 -3.665134557499508811e-02 4.994805019241130850e+00
4.749683785860462422e+02 -1.149436489091078435e-02 3.137651184096968554e-02
4.844751229184950034e+02 1.370557757427082884e-02 4.550259553106767579e-02
5.264470930796363973e+03 -3.939378169133585517e-01 4.084887346302201081e+02
7.071771304927582378e+02 9.250444997291758231e-02 3.025683258405956533e+00
4.493792354033112133e+02 1.504681890178095026e-02 5.087124813893463549e-02
1.402893447702396088e+02 -1.477012275941380348e-01 1.530251806796409930e+00
3.016735352539940891e+02 1.427297291903820708e-01 3.072812781536113924e+00
3.522010433303327318e+03 -4.210610172721566680e-01 3.122128065214803883e+02
9.116260775704855405e+03 2.562936294355099703e-02 2.994072875337172146e+00
3.007954774127102269e+02 -2.768267089943997686e-02 1.152543394284906153e-01
3.055369667895985799e+02 -1.776893914055607815e-02 4.823438738043503426e-02
3.347183319257145513e+02 -1.377043968316031541e-01 3.173548336324548025e+00
1.007549683003031333e+02 1.200730319955360947e-01 7.263190408265955966e-01
6.865263412429897016e+02 -2.003700135696762918e-01 1.378137863347483716e+01
1.656428889841447926e+03 6.444520722265870694e-01 3.439727589099365446e+02
1.708357400368223580e+02 3.779825808097418693e-02 1.220372210557110482e-01
3.975864495643652390e+02 -1.723399556574723573e-02 5.904369559671636403e-02
2.840968916155296029e+03 -1.868649575922078435e-02 4.960120412921141808e-01
2.764650991145343824e+02 2.643004921424831344e-01 9.656200211472352635e+00
7.133079396634616387e+02 -3.066993057388448657e-02 3.354846455587137677e-01
6.655491160635655433e+03 1.635921993825902865e-01 8.905848393845589328e+01
6.446723876652994250e+02 5.193790380980272126e-01 8.695166626731197823e+01
1.514370147864100602e+02 3.390829143388811029e-01 8.705903694370675794e+00
2.601035676927538702e+02 1.885423915390260774e-02 4.623111167200936317e-02
2.512613539114021819e+02 2.149034630533778467e-01 5.802064172236748085e+00
7.810868512513709902e+03 4.899680499197993089e-01 9.375724855550161010e+02
1.974524216415923945e+02 -8.755338736640199127e-01 7.567952111555919714e+01
2.292110368836767975e+02 -6.980277730083196408e-01 5.584071047960121348e+01
9.587465949338711653e+03 3.819300404749550321e-02 6.992644934542623147e+00
1.298923183358986080e+03 6.992527472728830851e-02 3.175571058498701582e+00
4.528170535372399854e+02 1.393493052017732436e-01 4.396452588697618680e+00
1.460430700806919901e+02 -1.379377003998415729e-01 1.389366814090137625e+00
2.637925309433022107e+02 1.352738897083474202e-02 2.413573090508864052e-02
1.291627570678436314e+03 1.135632847916946686e-01 8.328814755977132833e+00
3.142215876672336208e+02 -4.910441478986939112e-02 3.788323885582142725e-01
7.152947453980885939e+02 -1.485775949794705952e-01 7.895173665231539850e+00
6.612925008755520366e+02 -1.698115559596637472e-02 9.534503552061879272e-02
7.939937965128749056e+03 5.950227306018032736e-02 1.405575656446652921e+01
7.283664908010699037e+03 3.775552755012616113e-01 5.191358818821621526e+02
1.708588170401822026e+03 8.843669418777069802e-02 6.681475797278404904e+00
3.426647681915629846e+02 5.673266168945358956e-01 5.514495380615802844e+01
5.285079956455114143e+02 1.010242227088593153e-01 2.696948178264364948e+00
4.715105893000952051e+02 -3.068205722095962776e-02 2.219373550977720433e-01
1.705093501396271904e+03 1.038046497997251044e-01 9.186536793058552419e+00
5.663457878900716423e+03 -4.572758674629286840e-02 5.921179730146310938e+00
1.426676974969723005e+03 -4.908948506152206737e-02 1.718987068130459539e+00
2.097736026134517488e+03 -1.986145929839764832e-02 4.137549002856392710e-01
3.776878392294877926e+02 9.904975953002735645e-02 1.852720287092028517e+00
1.765016513046252612e+03 2.931486533232710925e-02 7.583934685784985419e-01
3.016403784502367216e+03 2.201234381616100702e-02 7.307890921972214349e-01
2.986418730372261052e+02 -5.999113725185026835e-01 5.373965759334517855e+01
8.124466941515241842e+02 8.048862314467759849e-02 2.631684828842377311e+00
4.895913666112401188e+02 3.096675855792329138e-02 2.347444057396443351e-01
1.550547445277089992e+03 -6.942021253117647284e-02 3.736172693410015455e+00
3.592580367963353183e+02 -1.792159703632085210e-01 5.769390203843476783e+00
3.868214320556763141e+03 -6.919386230064507315e-02 9.260100042847334123e+00
8.881191724087560715e+02 -1.029120572000404368e-02 4.702986904638597337e-02
1.011772469706474340e+03 3.355873797606835907e-01 5.697234595956140879e+01
2.284655014770684375e+03 4.522593949159254278e-01 2.336500237399412470e+02
3.833594810433668499e+03 -1.302559933128737413e-01 3.252158046348259290e+01
2.083497991794155951e+03 1.164966898294893249e-01 1.413807435151306002e+01
2.243076391312569058e+02 -5.017144494107699665e-02 2.823106659912411054e-01
2.475279333882659216e+02 3.887029899475454853e-01 1.869949950929509086e+01
4.290079230605916564e+03 4.521371113816202714e-02 4.385060887387313144e+00
5.742345980666980267e+02 -8.945874108555120774e-01 2.297761372835206259e+02
3.555084491341209286e+03 -8.259386796962354671e-01 1.212594352831917604e+03
1.698109746033043848e+03 -1.543819105339877019e-02 2.023618221189638355e-01
1.438853000018574676e+03 3.555873885422028424e-02 9.096600673098848011e-01
1.483208630598627451e+02 -1.668440399620585435e-02 2.064399013501127395e-02
2.168943569988787658e+03 -7.942872354694836545e-01 6.841848037527587394e+02
1.900612177154482197e+03 1.275975085778621038e-02 1.547205145165453377e-01
2.012868703322958936e+03 1.830831149646449107e-01 3.373510276587116863e+01
1.410774092316235738e+03 9.298235915393585072e-02 6.098578267618394833e+00
8.251016938259385824e+02 1.122314026167222645e-01 5.196444152000532668e+00
1.871291366952884573e+03 -1.430291061358229809e-01 1.914080802073684850e+01
3.975847006125987946e+02 1.543393964350215919e-01 4.735362858564206689e+00
1.362428857280077182e+03 1.069638694480581076e-01 7.793957774962875895e+00
2.422220442402739877e+02 -3.270640179842747297e-02 1.295535162804897777e-01
3.273009284779077461e+02 5.568195883582367084e-02 5.073950797011895775e-01
4.383212865430714373e+02 6.933548144479773079e-01 1.053594846100145048e+02
3.203974716547222670e+02 4.339124873190895459e-01 3.016222545507711317e+01
1.234181977356492581e+02 -6.841957631446857202e-02 2.888750046719376074e-01
4.767872425808843104e+02 1.368741228523288195e-02 4.466191378675195278e-02
4.556892663851049292e+03 -2.933985124836446454e-02 1.961347827282078571e+00
2.168311610631704127e+02 3.118507828336408369e-02 1.054351394661537239e-01
2.489897143301246160e+03 -1.103073181897326616e-01 1.514816627057722798e+01
7.881834726002351772e+02 -2.028276447102198704e-02 1.621256100728054317e-01
4.397900085062536164e+03 3.627101653562100902e-01 2.892909299141057886e+02
1.224709277126992220e+03 -1.574195874226530234e-01 1.517471529282039278e+01
5.043014750990680568e+02 -9.182483610732884716e-02 2.126084721536196209e+00
1.254071476319692380e+02 -7.351598630188346806e-02 3.388877502162927491e-01
3.068816336996128484e+03 -2.862853165455138058e-02 1.257589925055407898e+00
1.222994768047622358e+02 1.070554205202332299e-01 7.008287781535295080e-01
3.275192395284444501e+03 9.895372107179798427e-01 1.603507817341817599e+03
3.032969360218548900e+02 1.375537769426547763e-02 2.869346964409008952e-02
2.012474803158384702e+03 -1.699826509644671718e-02 2.907432574403736592e-01
3.773952121120476477e+03 2.625934367914229406e-01 1.301170249661089713e+02
2.654258782631663962e+02 -1.725125055617930392e-01 3.949611994991087283e+00
2.242401463743069314e+02 -8.384608525539918311e-01 7.882227278567924600e+01
5.957894684915065227e+03 -4.052449554241178142e-01 4.892130811337042360e+02
1.213696868930893970e+03 -2.096904877077124529e-01 2.668318673369756411e+01
3.864742680713360187e+03 1.408869335083467143e-02 3.835588614278411801e-01
3.565112478524786184e+02 -5.770730796804949270e-01 5.936150057124355328e+01
1.458474583751569753e+03 -2.861457004113856506e-01 5.970948410616423985e+01
9.792991254294383907e+02 5.402363432732559811e-01 1.429068232493596895e+02
1.958552328608682842e+02 5.067364364139502753e-01 2.514603118253100078e+01
1.706689267341434288e+03 -8.878932372389360950e-01 6.727379972975971896e+02
6.663688253470643758e+03 -1.041168424982582413e-01 3.611824616791722775e+01
4.615992048252154746e+03 7.093196969881970793e-01 1.161232269892697104e+03
3.056704230677892724e+02 3.690631577201674007e-01 2.081731955726971250e+01
9.297970782108372077e+03 9.097223043000261800e-02 3.847475534918770279e+01
3.136982459564039232e+02 -1.720325340467381003e-02 4.641980030430351706e-02
8.845157580853967374e+03 9.611884267681259919e-01 4.085946208678737548e+03
2.712233800871453695e+03 -2.663277570952656825e-01 9.619001481771962858e+01
3.804030964208168371e+02 5.158638486545447099e-01 5.061558207112171459e+01
2.159847741179540662e+03 -1.068132769424392364e-01 1.232093365543966712e+01
9.742081369797534762e+02 9.526914880552675435e-02 4.421059165323938167e+00
5.150342880479336145e+02 9.436067129532379472e-01 2.292916243277925616e+02
2.120913227911403283e+03 1.861896057018952097e-02 3.676239266703847375e-01
6.536767010703620144e+02 -3.375635517110903150e-02 3.724295270277707681e-01
1.491511567681980068e+03 -3.339032582990059811e-02 8.314534588538090576e-01
3.812922441556682315e+03 -8.729262350890369948e-01 1.452723854225041578e+03
4.375535805877944767e+03 7.192926099159589748e-02 1.131911423982380960e+01
1.594717027810760328e+02 4.524783041337501754e-01 1.632484836459414979e+01
1.525331425917979686e+03 9.204550606955806957e-01 6.461590062907811216e+02
5.841533632537474659e+03 4.371220681976971389e-02 5.580875712731035776e+00
4.445371396593478494e+03 -2.631560625605802381e-02 1.539234590394374935e+00
8.955341883254190179e+03 2.839519374979488364e-01 3.610287996282255563e+02
2.122662063157135037e+02 1.792793906759693884e-02 3.411234673538061229e-02
3.186084887438166788e+02 3.688964468338744307e-02 2.167885253952907820e-01
8.455732051048411222e+02 -7.072422256082893099e-01 2.114742926806464141e+02
1.098365962882554186e+03 3.462518921017203322e-02 6.584175237163499839e-01
6.892211360649750532e+03 -4.871046646837496469e-02 8.176607835846184003e+00
2.020995020068673739e+03 -4.205256066371037410e-02 1.786981842588233782e+00
1.122921107767949991e+02 -1.972495009788237108e-01 2.184495106037665835e+00
2.423277240155562595e+03 -1.451481584322346363e-02 2.552678778245087710e-01
1.717093184484936046e+02 -5.457069110253065514e-01 2.556717690929247055e+01
1.965759137490696276e+03 5.413350297853013471e-01 2.880265814164593507e+02
5.431593767342400270e+02 3.032335871479358014e-01 2.497191756754226333e+01
1.896114934531690324e+02 5.292279253532615468e-02 2.655340182891560152e-01
1.811013202433725837e+02 -1.689976438868036057e-01 2.586145292747576985e+00
1.174482925357377098e+03 1.211520384572911252e-01 8.619422384794170000e+00
8.785617761274992517e+03 2.254805484633754659e-02 2.233368949005553716e+00
1.376527039882884083e+02 2.847364229815529252e-02 5.580084826836775869e-02
4.226905509647563122e+03 4.482001671599355475e-01 4.245575536603249134e+02
5.865314693786939415e+02 6.001944678772898056e-01 1.056441124967049490e+02
3.800492938561480969e+02 1.513526364501212862e-01 4.353012508952790682e+00
1.287427752697041342e+03 3.700358211806171332e-02 8.814149385546096171e-01
2.475838379266367895e+02 1.471257785563595197e-02 2.679599223740581140e-02
2.930793334240126455e+02 1.449065680486844310e-01 3.077027240610529901e+00
4.958276847404436921e+03 -2.021449721486688264e-02 1.013040163783580194e+00
3.176417252238437641e+02 5.620650142583737408e-01 5.017422319966343736e+01
8.081703705511782573e+03 2.244478533737865600e-01 2.035653427408037146e+02
5.189692591512203990e+02 -9.805173410932636058e-01 2.494722221347726361e+02
9.835506869368763319e+02 9.054989428621297576e-02 4.032205388220336140e+00
4.694404261179173773e+03 6.720310352952141297e-02 1.060056834374220003e+01
1.431710936473454467e+03 1.755873706009191543e-02 2.207048604770155686e-01
4.350596625354512071e+03 -2.759645477133250771e-02 1.656629571472979068e+00
1.381654570815181614e+03 6.314525562538569892e-02 2.754551736904810699e+00
3.762439783100881527e+02 3.718819930578842192e-01 2.601655938964082893e+01
5.888026127669180596e+02 1.960515036006820477e-01 1.131566515607311985e+01
5.387540170755130475e+02 4.413200999666774815e-01 5.246479031689890604e+01
2.527586972400560626e+03 -2.324618544819705146e-02 6.829352173073098831e-01
2.871597504558559422e+02 6.264642215432822958e-01 5.634898752133902633e+01
8.373205508470762197e+02 -6.331808074202001368e-02 1.678484130413143705e+00
9.979942695881104555e+02 7.183084589308332824e-01 2.574660756917861590e+02
1.611022778075968347e+02 -8.859217451749271666e-01 6.322115249912278756e+01
4.280205811521217584e+03 4.566004663375005101e-01 4.461771839427327109e+02
8.779852249421612669e+02 -9.342493078023804687e-01 3.831623086516697754e+02
5.752400012330144818e+02 6.253321668004839795e-01 1.124710167445135767e+02
3.645038618008960043e+02 7.673315986726000903e-02 1.073095327379856023e+00
1.140495821185625118e+03 2.884381243122782768e-01 4.744265969378402303e+01
2.663465822658231900e+03 1.423752751956353646e-01 2.699518361133571531e+01
4.527336535371804871e+02 2.762883719283182674e-02 1.727977158698533466e-01
7.084454556902777540e+02 -1.628732432038855760e-01 9.396711902496969415e+00
1.098944745630401911e+02 5.152335021581779806e-01 1.458659921133944160e+01
4.702805319133619264e+02 -6.189243236469023079e-01 9.007455112830608357e+01
2.077862466837292743e+02 1.259071167712273454e-01 1.646976340448678577e+00
3.822182643239896606e+03 -1.475242280695170660e-01 4.159184079355449626e+01
2.999869167833640859e+03 8.506174155477798371e-02 1.085277649643600917e+01
1.326731311720031044e+03 -6.024525303079460992e-01 2.407679354424437577e+02
3.547864169911895829e+02 1.396581227527186053e-01 3.459946543735199498e+00
3.376937454183946556e+03 -5.390397826191705571e-02 4.906080368373563871e+00
9.938745516317914735e+03 9.120281768634147523e-02 4.133501378227060030e+01
1.018573467149365825e+02 -3.583256714220990902e-01 6.539103479427372356e+00
3.893171559019177948e+03 2.695419726892057249e-02 1.414250533956647349e+00
5.260689448651364728e+02 6.795282810559035713e-01 1.214584520356330586e+02
5.870845618401501270e+03 -4.961467671289160331e-02 7.225884180483096664e+00
6.506428321952952501e+03 -9.586316583823816240e-01 2.989621365951245934e+03
1.314506414613501590e+02 -4.286272466122494074e-02 1.207514245454809343e-01
7.799293762534387042e+02 -5.429142804155259044e-02 1.149443988093019842e+00
4.319497734892164772e+03 -6.514567259723248460e-01 9.165884905418403150e+02
9.936631784581071543e+02 3.297656117774842854e-02 5.402812938965894096e-01
7.387840341294002428e+03 -2.014338171228164387e-01 1.498829632998755983e+02
3.896351976433510572e+03 2.927759975465785494e-02 1.669933299924203363e+00
3.365735175079173587e+03 -4.279068533346131603e-02 3.081402497574365906e+00
1.590583587824339702e+02 8.950366841774466675e-02 6.371008328680116684e-01
1.194752054578046909e+02 8.550511292576754574e-01 4.367490411123559113e+01
1.061401681600108077e+03 -3.579111028081811141e-01 6.798296743913212481e+01
3.758684869837048154e+03 -3.503364933670203296e-01 2.306623314558992774e+02
2.859484276095168752e+03 -1.049909832261726982e-02 1.576019993930288521e-01
8.449137679740563271e+02 1.338394782040506215e-01 7.567472666310631979e+00
2.395376928281058042e+02 -9.169705214469598964e-01 1.007058304534011342e+02
6.244450709263182034e+03 1.560461624170535189e-01 7.602745127799319391e+01
4.195384875749754428e+03 -1.151706289955638403e-02 2.782436680899155190e-01
5.599485746052116610e+02 -1.584103052553169355e-02 7.025625717179324881e-02
1.700514317671787126e+02 4.887487562977137212e-02 2.031054736712799569e-01
1.284585595260193941e+03 4.609692100881021548e-02 1.364824746542145695e+00
1.287875870362993965e+03 -7.673444470781083659e-02 3.791619254459778876e+00
6.211683639893523832e+03 -2.189396812804697834e-01 1.488772357306803542e+02
3.626235542921396586e+02 -7.407854588044264776e-01 9.949721216360318010e+01
2.062312661145807397e+03 1.117688675775898310e-01 1.288149335737537982e+01
4.391990943569643377e+02 -3.909307092553634400e-01 3.356070034551042625e+01
1.092731014956926572e+02 -2.705164004213657103e-01 3.998254861841144869e+00
7.174277396654821359e+02 9.018035884580534178e-01 2.917239513877777313e+02
1.116049750435780197e+03 -1.658173141353015967e-01 1.534310692382121033e+01
1.544276032356467852e+02 9.055391251029216992e-02 6.331540280940997079e-01
4.525191658077793022e+02 -3.018592651972231214e-02 2.061655055147114946e-01
4.378641120494513416e+03 -4.227999986037840607e-02 3.913625904737100925e+00
4.088852685426255107e+02 -2.701264975694374626e-01 1.491783651781047304e+01
7.033561012017074063e+03 1.734938997891337931e-01 1.058555618912420186e+02
1.686513374750856826e+02 5.525890440814602844e-02 2.574923520156647272e-01
3.646361434225813696e+02 1.274367836594841180e-02 2.960869884123027568e-02
1.331117215958635597e+03 -3.955645804706909435e-02 1.041408454573273579e+00
1.448182624708942967e+03 3.597556275272489335e-01 9.371487477351773521e+01
3.682269715941983122e+03 -5.360836300681235400e-01 5.291157534109253220e+02
1.652538182311729997e+02 6.568313364170627056e-01 3.564751294154733330e+01
4.167175050248843604e+02 -9.027872356409061272e-01 1.698175491020516006e+02
6.003196705321207673e+02 1.311011632005392238e-02 5.159001668792075057e-02
3.706263825637021796e+02 3.660295413549402022e-01 2.482782127589232957e+01
2.348871358303781847e+02 -2.903792840076098170e-01 9.902856747593387965e+00
9.368833495298966227e+03 4.277270787046176248e-01 8.570161700386768189e+02
2.570674299220962439e+03 -9.349340702204563813e-01 1.123515407674756716e+03
4.057696982588190622e+03 1.061001389295825603e-01 2.283923333691306112e+01
2.445199627140621885e+02 1.417994880065847063e-01 2.458293035261184922e+00
5.885241679829729947e+03 -2.046226490051784863e-02 1.232087954387639517e+00
2.558329874695558317e+02 6.680727382984692764e-02 5.709184089303798171e-01
1.539478744199849643e+03 5.576008961121748930e-01 2.393264105923852298e+02
2.722488607004388541e+02 1.671743174500255891e-01 3.804303814829597119e+00
1.827526592426956313e+03 -6.275752079522457783e-02 3.598862605173829721e+00
2.477193396518016925e+03 6.933702229755263347e-02 5.954705554502885967e+00
5.121214131969988557e+03 8.798273794025518457e-02 1.982156244401471668e+01
4.864644404647903684e+03 -1.235845223628180382e-02 3.714918333503760550e-01
1.462516584818635579e+02 6.982681899213485921e-02 3.565457957724335047e-01
1.642191250389912511e+02 -6.818769744536928856e-02 3.817735085342541801e-01
5.305696629163442594e+03 -5.449726380732189401e-01 7.878831527496912486e+02
1.947885517556893319e+03 3.968860226345896636e-01 1.534140170214599834e+02
2.065577161087975583e+03 1.138192660018674807e-01 1.337959564641914412e+01
4.525477272016225470e+03 2.483855611396517879e-02 1.396005357891360710e+00
6.704300036615454701e+02 2.257191759297784775e-02 1.707891819785865573e-01
1.455924443100563508e+02 -2.580632627631673434e-02 4.847984352594098684e-02
9.927372548243527035e+02 4.006787805553420345e-02 7.968874938239508543e-01
1.190914113960972827e+03 -1.641865370244141586e-01 1.605186625443230497e+01
6.583874980900758601e+03 -6.399734319996261411e-02 1.348265649360627449e+01
1.134594125856069013e+03 6.461032797520267490e-01 2.368178458316475314e+02
2.779138408573249308e+03 1.564104288424145173e-02 3.399472984635189543e-01
4.050582257152342663e+03 9.081399906680241996e-01 1.670294540415026404e+03
2.537006743947518771e+03 -1.126003426236737159e-01 1.608314768885800916e+01
2.053530851781587216e+02 4.221682678960393398e-01 1.829963424555613116e+01
2.111482808635089725e+02 2.019189797807907638e-02 4.304392248634852230e-02
1.920458109826943769e+02 9.772815161636350112e-02 9.170947609364624720e-01
4.074323079049507328e+02 5.964413261519726506e-01 7.247044409737938508e+01
4.067165705591506821e+02 -2.406508170871346497e-01 1.177705090962247780e+01
1.235981157814080689e+03 4.938304685988769704e-01 1.507084550927431508e+02
9.208359036724164071e+02 9.695881587796684187e-02 4.328394679388214428e+00
1.548787110667256854e+02 4.579327452373939122e-01 1.623921864480120192e+01
1.600622283327436890e+03 3.601415402590670833e-01 1.038018988901214215e+02
3.607599789631983640e+02 -1.771477045170240516e-01 5.660560226237913994e+00
5.256713641112343112e+02 4.440297353942892350e-02 5.182131543421739650e-01
2.548791803650758538e+02 -1.194475006384312400e-02 1.818270530138577784e-02
1.082306718420736331e+02 1.764877282753846699e-01 1.685580058355169442e+00
6.972620672284645480e+03 2.234721806242961906e-02 1.741056950079361343e+00
1.373231957588738510e+02 5.883453207189578982e-02 2.376722696515349287e-01
1.306976766854684229e+02 -1.790007604127244467e-02 2.093859919144910181e-02
6.777322526178542148e+02 -2.887319028528847684e-02 2.824995134570413846e-01
1.870002352853234129e+02 3.961473038839103955e-01 1.467322463799386689e+01
1.899258339449060031e+03 -2.886390621784437616e-01 7.911598800411738353e+01
1.147398748660711334e+02 4.158962347059984022e-01 9.923259607117811854e+00
9.401837698240141208e+02 -4.932952418324305921e-02 1.143922512312844253e+00
2.312850492291026967e+03 3.885848518544429142e-01 1.746181156739345397e+02
1.237571682983330447e+03 -1.528699892228527757e-01 1.446055088128220767e+01
1.752102399174121047e+03 -2.238306304075988185e-01 4.389029747823730787e+01
1.334970621432219787e+03 -7.254191022386810572e-02 3.512527133393497536e+00
3.402356433581891224e+02 -3.307159986446796263e-02 1.860630871808555686e-01
1.688717244052622846e+03 -1.089575281817556363e-02 1.002400851618316796e-01
1.181461926866588556e+03 7.290386830130838325e-01 3.139719719496393395e+02
1.441994103796009767e+02 -4.404589993531974473e-02 1.398764058662265719e-01
1.552236133097842412e+03 1.784344376016673006e-01 2.471070555621192710e+01
1.859732496086204037e+03 -1.350166080506284561e-01 1.695098230881387735e+01
5.770577929852990565e+03 5.748294084154465661e-02 9.533827110761421864e+00
7.124099549336925747e+02 4.473373650565992676e-01 7.128043385867854909e+01
1.578546608750220912e+02 -2.127717721303032383e-02 3.573184450359815495e-02
8.958556146027924115e+03 1.295145086443315330e-02 7.513544600423149866e-01
1.148005886311754921e+03 6.442871096419842958e-02 2.382719966408814560e+00
3.578017354159282604e+03 4.640368711486884123e-01 3.852276280556448000e+02
1.948156399886649695e+02 -5.432731485386937953e-01 2.874950057392452152e+01
2.261136348755238487e+03 -2.099088752234875843e-01 4.981479631364677374e+01
2.447110189973689103e+02 -5.013882946136514196e-01 3.075897869281016739e+01
1.748030890422004632e+03 2.132897211949334182e-01 3.976115215765979372e+01
1.626093683526615223e+03 -6.423573257590692309e-01 3.354817732923145286e+02
5.047668315493711816e+03 8.229343304900939293e-02 1.709193270801156217e+01
1.684115261075699891e+03 -2.067814451897140651e-02 3.600517683409731884e-01
5.590885567126103524e+03 -8.706869585922920318e-02 2.119213377066776260e+01
1.765025877375303025e+03 8.905022005413777697e-02 6.998276145955387939e+00
4.061628477041724636e+02 1.379302747185517063e-02 3.863575488138738800e-02
2.487510560902679799e+02 1.637920790384949365e-01 3.336727407559816339e+00
6.478179753613362664e+02 -2.109753898227308480e-02 1.441738828160032404e-01
6.286958472424237698e+03 -3.805534960498296176e-02 4.552416912770289592e+00
1.112938685710469713e+02 1.669820365311772692e-01 1.551603497847777513e+00
9.746218973906832616e+03 9.799202842105900757e-01 4.679372993248275634e+03
4.729201023827751555e+02 1.712996798867161830e-01 6.938584506802846441e+00
1.243168676066935063e+02 2.929533807108466656e-02 5.334541418424757625e-02
3.977934504465715122e+02 4.194870013151844601e-01 3.499972631547042567e+01
5.194521204859921454e+03 1.072623060424124190e-02 2.988200865037729526e-01
1.009285683878426312e+02 7.501080427177904408e-02 2.839433889578537040e-01
6.528973894367385583e+03 3.382186524922088378e-01 3.734307236934106982e+02
5.770578573655728860e+02 -1.433024916220420816e-02 5.925115852294133428e-02
1.957613026109252985e+02 -1.773100704397199967e-02 3.077256198747609431e-02
2.899676696016651363e+02 -4.725805758899609965e-01 3.237958788999264925e+01
1.940104177913573267e+03 -3.244456066399953875e-01 1.021124862594733571e+02
1.028924169285811701e+02 1.309358638791957401e-02 8.820041102935464658e-03
3.668312688344134131e+03 1.097792684679152822e-02 2.210431277821301166e-01
7.943165868860305636e+02 9.349240999368396698e-01 3.471493414582057540e+02
1.003640002958720288e+03 -1.153208686319336963e-02 6.673655393676204695e-02
5.095319137397126497e+02 1.642641979865354374e-02 6.874280196914647756e-02
2.637738035829328851e+02 6.942352656732068972e-02 6.356455463466958999e-01
7.639188377969682733e+03 1.072622306906850093e-01 4.394514209580928821e+01
1.289005347492335204e+03 8.788205042954508328e-02 4.977658360696252338e+00
5.538994673626915755e+03 3.619252401143802089e-01 3.627761222360294369e+02
5.947702547501476147e+03 2.611340083836178327e-01 2.027898039875379084e+02
2.222711904050487419e+02 -2.230907087580985548e-01 5.531159041691097400e+00
3.916323590652485791e+02 -2.575445955809951837e-01 1.298833419975927406e+01
1.187058280599599129e+03 -4.033731679684096627e-02 9.657307456561744496e-01
1.705817136250446538e+03 4.684673587634173852e-01 1.871807354998521191e+02
1.050401292299366816e+02 -6.770118015327995786e-02 2.407230793480568398e-01
3.980182637253051780e+03 -2.181902200385631152e-02 9.474222192305551404e-01
2.645757129191220429e+03 1.214010578712836769e-02 1.949687115422549522e-01
6.002536642454588218e+03 1.665233028684454109e-02 8.322520175546913590e-01
4.327063448370323044e+02 -1.539971083379931827e-01 5.130839147849999726e+00
6.647836711488022274e+02 -1.917494073808338750e-02 1.222132824249631405e-01
5.715306591887624563e+02 -4.092895071989033351e-01 4.787080810738623882e+01
3.708846640838850135e+02 -2.225470353358636744e-01 9.184436303264785550e+00
1.395835288930806541e+02 7.622183629128951310e-01 4.054739826099561384e+01
4.209995978325672468e+02 8.325195380826642955e-02 1.458950490925450483e+00
5.954310311905410344e+02 1.089441595388118966e-01 3.533534812481934129e+00
2.304536571040002286e+02 1.395280340244084427e-01 2.243244226697609811e+00
3.057459474098594683e+02 -6.741260761715570649e-01 6.947250629844879199e+01
3.313777372768614896e+03 2.120321351960700318e-01 7.448978247562546073e+01
8.108615206340722352e+02 7.370621781310996434e-01 2.202545801764372300e+02
1.133580931615680214e+02 -3.882702010434730955e-01 8.544578762838259678e+00
9.183035077243519027e+02 6.494660663258456923e-01 1.936730433463101804e+02
5.344915553003515925e+03 3.648997266716914878e-02 3.558425914930257061e+00
2.841234089447067390e+02 -6.273621044976552819e-01 5.591310168699128269e+01
5.449577324820423200e+03 -8.958464479009643489e-01 2.186754231590030486e+03
2.534238772810359933e+03 8.765318935536722256e-01 9.735381647974106727e+02
2.007117141058415882e+03 3.140870376585203072e-01 9.900172258217871502e+01
3.787861113789674050e+02 -6.758520985948554549e-02 8.651021361296696854e-01
1.704172047241774806e+02 5.667814776264276100e-01 2.737251736950319270e+01
6.135821570511923710e+03 3.981429146991938978e-02 4.863184085280052749e+00
1.538099636691973046e+03 5.152356298672093882e-01 2.041579282093347842e+02
4.939973680591567245e+03 4.163296173296314739e-01 4.281236841804770847e+02
4.722410248216488981e+03 8.611691265854361232e-02 1.751098679237077960e+01
3.990099519789273927e+03 -1.798740814259614657e-02 6.454920687754767128e-01
3.905583030795243303e+03 7.387089217833632537e-02 1.065620503157640719e+01
1.302147799035706385e+03 2.114770038267853314e-02 2.911766754195555529e-01
1.515440914773604391e+02 6.120839986594616144e-01 2.838775608810519202e+01
3.242779944873260547e+02 -7.881311434393235560e-01 1.007127515150503996e+02
1.804609336278630281e+03 2.765510338407953239e-01 6.900868899901280429e+01
9.893143996938573764e+03 -2.761335370650915347e-02 3.771747807536297348e+00
7.310852833079840138e+02 -9.041329795743803244e-01 2.988151882524748544e+02
1.717299106099149640e+03 1.259888781186562466e-02 1.362951386121866448e-01
4.922950029787915810e+03 7.200436044925370704e-02 1.276183209572398347e+01
2.662245591637372399e+02 1.329033701553735403e-01 2.351202899810770131e+00
2.009247621008049407e+02 -6.415499038520063868e-01 4.134893760932840223e+01
1.579842311968396302e+02 -2.520872298360660735e-01 5.019788706540817103e+00
1.863418655233786012e+02 -6.796095157448528434e-02 4.303277429161638246e-01
8.994574674260156826e+02 1.473637253777277389e-01 9.766339563726749162e+00
1.690062396651301469e+03 1.918013631547785258e-02 3.108680737389356019e-01
7.870461737141951744e+03 7.834163770815115724e-01 2.415213393784298205e+03
2.515492770892058161e+02 2.480979158598855400e-02 7.741752979528472578e-02
5.653920767371693046e+02 -1.616025222015794738e-02 7.382713104435774387e-02
4.159535119409366075e+02 -1.030400044272157360e-02 2.208139655072510407e-02
1.156585834345764169e+03 -2.861338200638188084e-02 4.734632328461937933e-01
4.017724535489649043e+02 -8.464933359860304929e-01 1.439452202267583516e+02
1.293435585441045532e+03 4.926445304650049067e-02 1.569575244868502528e+00
4.824346149221617452e+03 6.177960681387280328e-02 9.206588778498126402e+00
5.295266511470861587e+03 4.122382806684217194e-01 4.499398546612763425e+02
5.416528468621864931e+02 4.087543325433443120e-01 4.524970709382113654e+01
1.699282126475528116e+02 -1.827172668273628967e-02 2.836577633830786663e-02
2.455163718258341703e+02 -2.484873619242641829e-01 7.579823146304361714e+00
4.375186524254594588e+03 -1.958260854693367331e-02 8.388951085626324966e-01
5.026503503878666947e+02 1.479781025930202165e-01 5.503397760542376282e+00
1.973184563924040731e+02 -1.827962853930095166e-01 3.296647000106513570e+00
5.431913070429350228e+02 -3.954649152313750027e-01 4.247552302036483951e+01
5.749074463751756412e+03 1.246973005229865504e-02 4.469737740402090487e-01
6.678151606415201513e+02 -1.820570560428718954e-01 1.106729050360429589e+01
7.266366153763131024e+02 5.416792676190840261e-02 1.066035604206821086e+00
4.855779110373549656e+02 5.582397789011721567e-01 7.566072299157826819e+01
9.663886932336554310e+03 5.583852528005728288e-02 1.506571418599564183e+01
1.838586786188126609e+02 1.009747424190704651e-01 9.373022225702165589e-01
1.074440811699420806e+02 -1.250004948554751527e-01 8.394135303148079208e-01
1.800713361671346036e+02 -1.391382540222574349e-02 1.743041350526144603e-02
6.536540005842474784e+03 4.871901877319581575e-02 7.757378701935826015e+00
1.726622043934486896e+02 1.973111845639956285e-02 3.361016878217020637e-02
9.583863746338723786e+02 -2.727677449182364794e-02 3.565304780750170321e-01
2.331902556270059904e+03 -6.973332043091665100e-02 5.669713229156445600e+00
2.016398730000976798e+02 9.216327797672768662e-01 8.563715786106206451e+01
2.318473881719404744e+03 -7.611519096602774315e-02 6.716065062979725830e+00
7.738479420238519197e+03 2.874792506291276584e-01 3.197706829887934532e+02
5.845538970113506366e+03 -1.414270791948033235e-01 5.846012087453608785e+01
9.900218164011583212e+03 3.697541266672366156e-01 6.767695787140054335e+02
3.593689889012480307e+02 -3.399155133019843983e-02 2.076120579533834165e-01
3.898983031938915246e+03 -1.487145206158009547e-02 4.311497121466181248e-01
3.330610143140737591e+02 9.656099035186376245e-01 1.552734588303049748e+02
1.068515251454203508e+03 4.558659048356510785e-02 1.110260663458677355e+00
6.122689513011806639e+02 -3.982660051150085923e-02 4.855776807841733489e-01
6.943800289905188947e+02 -2.124052265699193920e-01 1.566381784537386146e+01
7.174252724697067833e+02 -2.585913797360780975e-02 2.398693522912280218e-01
7.380193539262071454e+02 2.027093747304935245e-01 1.516301006970625842e+01
2.577692033803297818e+03 2.443057388034223371e-02 7.692515345533866844e-01
3.853002679828142618e+02 -1.156471715957794327e-02 2.576554579666697278e-02
5.275366017711464337e+03 2.648469115699925713e-01 1.850173377759485902e+02
4.657750114313143058e+03 -5.582730489751517311e-01 7.258376879210447896e+02
7.157672342175720587e+03 1.612935468451222668e-02 9.310559983183639421e-01
4.428556697562701743e+02 -4.163243708326511139e-02 3.837919686685313247e-01
1.501138213415705991e+02 -6.316542152940320953e-01 2.994673519792313954e+01
1.961107067584451045e+02 2.658065303523699519e-01 6.927915823119034755e+00
4.458255937587038716e+03 1.471910961963374953e-01 4.829454517595085861e+01
9.350505991457064283e+02 -1.297354143455200538e-02 7.869048165438542741e-02
2.518530276488446816e+03 1.163599218961375997e-02 1.704998583651023691e-01
4.121917543165747702e+03 -4.720624493173323777e-01 4.592701449679963162e+02
9.327253912028874083e+02 9.626604936264723800e-02 4.321854108472074074e+00
1.666018788261862255e+03 2.642416910448635026e-01 5.816377411415565035e+01
6.871259676295064764e+02 -7.100575753643534327e-02 1.732181899647413204e+00
6.024975175021862015e+03 -1.903447765576627704e-01 1.091458413443402549e+02
3.768590557914095029e+02 -5.425501428039480878e-02 5.546623971561347455e-01
2.908673518513598424e+02 5.564508903555508840e-02 4.503173340966865612e-01
3.518541133483041449e+03 -2.927065737810558566e-01 1.507292677147820541e+02
7.360205045346655197e+02 -1.361480614530812261e-01 6.821546465622950528e+00
1.684768679386845918e+02 1.337645482811837712e-02 1.507274455792345473e-02
5.054081057524489893e+02 -4.508947457915113421e-01 5.137626831375498426e+01
1.865199516126970423e+02 3.524560391805208193e-01 1.158524470061995615e+01
1.525421854685436074e+02 5.274964390483703053e-02 2.122262171306393552e-01
1.814837657360782714e+03 -4.155552777995977221e-02 1.566986992673622181e+00
1.936429350290690650e+02 4.673586246541045486e-01 2.114814035713296647e+01
2.591784894205568435e+03 1.584963908408507649e-01 3.255425141108829479e+01
2.327954449735994160e+02 -1.333815441187061190e-01 2.070789548248435086e+00
4.984335080766278224e+03 1.475076949874246784e-02 5.422587747140458214e-01
8.029593701497617076e+03 3.225067187938936847e-02 4.175813637516346155e+00
1.606076735231891462e+03 2.576957165517684278e-01 5.332743499172177337e+01
2.426516363958748173e+02 4.540777533658945098e-01 2.501575868675891812e+01
1.642011380357190774e+03 -1.646417031678651666e-01 2.225491127952232873e+01
1.128387806342247359e+03 4.238737607835538906e-02 1.013681346876491807e+00
2.320620123096304326e+02 7.558883446607642109e-02 6.629630989243976424e-01
9.380589190975611928e+03 7.738523726387973312e-02 2.808771167625289067e+01
2.045279701225869303e+03 -2.274814902320500265e-02 5.291939150267316316e-01
1.671918684410016169e+02 5.956723920016326890e-01 2.966197739972580294e+01
1.444768991079017155e+02 3.170130903134037170e-02 7.259769095186267840e-02
2.363278037371816538e+02 -3.755589896657994531e-02 1.666637492289090861e-01
8.342011634162735163e+02 6.418369085834392529e-02 1.718265104797923382e+00
1.021321137697134844e+02 -3.751940524415556255e-01 7.188598292158638436e+00
4.577036803097911388e+02 4.227487027217699533e-01 4.089959203065437521e+01
2.055005290325244459e+03 -2.179478779115142095e-01 4.880768826560465357e+01
1.037655673529752903e+03 4.446661232599794511e-01 1.025867703643854583e+02
3.996814352810262676e+02 -4.630879232929944744e-01 4.285592677032452258e+01
5.638685551542619123e+02 2.483500251574953868e-02 1.738906765861446824e-01
2.719774743499156671e+02 7.325319007687843831e-01 7.297196238202981533e+01
5.777827308409865736e+02 -4.565714088522278280e-02 6.022155776162222418e-01
7.131152618184529501e+02 -1.021026109906969237e-01 3.717093039457004533e+00
1.811403891303903322e+02 -1.676239105277596911e-02 2.544820983071758094e-02
2.914960755802813992e+02 -1.695176187178882091e-02 4.188248123880219942e-02
1.044629219921652748e+03 -6.207771030076938423e-01 2.012813578844434517e+02
1.372197389351900711e+03 -1.038082194216623649e-01 7.393499992053120806e+00
4.215702624824455711e+02 1.657155701728469932e-01 5.788507541025228242e+00
5.104406843603595121e+02 -1.164590905377204874e-02 3.461481980305650130e-02
1.388144224155751317e+03 -4.234830642594701600e-02 1.244734389949487818e+00
5.813565348562399322e+02 1.371781969154831360e-01 5.469942275556088696e+00
4.449141240781909232e+02 1.711103811585182322e-01 6.513267494836194160e+00
1.309691973413317783e+02 -6.471769556934008072e-02 2.742743912256770944e-01
2.424534017956060552e+02 4.533859610601448376e-01 2.491921876329942265e+01
1.097722373300524481e+02 -7.803923037467108692e-01 3.342631300968974273e+01
4.642611201327290473e+02 3.625279035961753160e-01 3.050810261558087433e+01
6.848972062176833333e+02 1.110830343459957500e-02 4.225624169052096674e-02
1.054467219604338766e+02 1.397520046276272757e-02 1.029720075917902287e-02
3.726154059058722510e+02 1.645871106415606674e-02 5.046873899766204236e-02
2.937242991743602261e+02 9.002279587825873230e-01 1.190186101276283210e+02
5.234946640109246800e+02 -6.440775470644863332e-02 1.085821865462049729e+00
6.993072673772591088e+02 8.417607975856479241e-01 2.477510123800083477e+02
3.448068018548572695e+02 2.335466732285732677e-02 9.403579474876369582e-02
3.193360167538299720e+03 1.608870875582139176e-02 4.132951302266791860e-01
3.424266016932730281e+02 -2.564492910215067645e-01 1.126005484041921889e+01
5.753727026781986069e+02 1.715840208772748121e-02 8.469795797346958699e-02
1.138981800164916876e+03 3.208747852428120440e-01 5.863514060150846774e+01
4.809033048253970264e+03 3.857825051359810992e-02 3.578597249363995925e+00
6.431401987363395847e+02 4.737148151657756268e-01 7.216217164318953792e+01
1.756479843843362232e+03 -1.699759187412895264e-02 2.537394355109239830e-01
3.462555311931699293e+02 7.531881356749661749e-02 9.821406006362494168e-01
5.061772841152170486e+02 6.148089122854569905e-02 9.566497546351718784e-01
2.221168444383965380e+03 6.162331565157600638e-02 4.217369210051887585e+00
1.428048645384174961e+03 -8.076928976015447237e-01 4.658064885624260114e+02
8.207263244300464066e+03 4.161419005030071033e-02 7.106426363821363168e+00
1.346268094322296349e+02 1.510623310624014358e-02 1.536080308696575157e-02
4.412726236846680877e+03 -1.245557948779320127e-02 3.422983963135635688e-01
1.331743436281514050e+02 2.583056097710907384e-01 4.442815163909551224e+00
4.583460504160908613e+02 -1.983558170383378783e-02 9.016819587052532503e-02
1.375141548488180661e+03 6.424829727897590770e-02 2.838184691000588789e+00
1.299273632897982225e+02 -6.818513691755544170e-02 3.020299865053623356e-01
1.756400924477017270e+03 9.604754794979121491e-02 8.101514718677460536e+00
4.234164100902743257e+02 -7.375803940079100895e-02 1.151745218735321430e+00
4.237922707913499494e+02 -1.149737933549943580e-02 2.801049326171948031e-02
4.850424601521553427e+02 1.152199424152929724e-02 3.219623361813274409e-02
7.698813521393426527e+03 -1.415255294809030784e-01 7.710159838308460678e+01
1.916334282496202377e+03 -4.611073695468760336e-01 2.037255035611368328e+02
5.814319534164420702e+02 1.176662383288234748e-01 4.025062599877405667e+00
6.636661372280951809e+02 -1.300891873634448664e-02 5.615676281393964381e-02
5.549301314846194146e+03 9.456178769433855325e-02 2.481073664769915865e+01
4.306468666472595032e+03 -9.420510832132464873e-01 1.910909865435056872e+03
1.308764756894759103e+02 4.910496849849153161e-02 1.577910875388667256e-01
2.763716475237847590e+02 -1.399918364579904595e-01 2.708126290924593338e+00
7.660702835423888246e+03 1.773871615352428169e-02 1.205266232287330652e+00
2.219302893856655317e+02 2.743593758668378957e-01 8.352686785114434187e+00
3.118550564650828960e+02 1.156091339166097354e-02 2.084044988444461177e-02
8.540931013789329427e+02 4.635135257496176830e-01 9.174872588509873594e+01
3.072706787838511445e+03 1.502015246348650628e-02 3.466089767486144613e-01
3.467424514536967763e+03 -1.950218379639929445e-01 6.593917510031656093e+01
4.401067396027386167e+03 -6.643009366155793183e-01 9.710861343112333088e+02
3.054883116801737742e+03 1.953747798145805958e-01 5.830443696547163768e+01
1.255461415192468166e+03 -3.804436962626757124e-01 9.085611430034883540e+01
9.247359559892444167e+02 4.983762288341834767e-01 1.148424338025669442e+02
6.100547959541917180e+02 -1.654511413602745562e-01 8.349844448534074814e+00
6.358919442056516118e+02 -3.420250364191722570e-01 3.719367767671461422e+01
1.080413567458406447e+02 -1.194027907909667313e-01 7.701742403378945001e-01
1.560228032764449381e+03 -1.772245091567818120e-01 2.450223187035171435e+01
1.641269953140908910e+03 2.501095030325224677e-02 5.133462688508116933e-01
6.624215730949343879e+02 4.209834385077525915e-02 5.869951244892150921e-01
6.098372725610700400e+03 5.002847599157388414e-01 7.631651240061448789e+02
6.763590106100073172e+02 1.180267690863805730e-01 4.710948124708846052e+00
1.227013838144367583e+03 -1.698472702769227710e-02 1.769850601984347405e-01
2.366709749809723462e+02 -5.113550058972977236e-02 3.094282975415746928e-01
4.154583915153283669e+03 -9.292315709210471897e-02 1.793682012839184026e+01
1.303484936642706771e+03 1.207381551272327692e-02 9.500907551406544138e-02
2.053758063311728961e+02 -3.192719200272510494e-02 1.046744611538678732e-01
2.521409527763199492e+02 1.969627130063631715e-01 4.890817182540345698e+00
9.511936788087588866e+03 2.662243068133487989e-01 3.370810745117028659e+02
5.159404344272684284e+03 -5.421741928594945303e-01 7.583108195883977487e+02
1.592061887337311646e+03 1.852416362514387738e-02 2.731537500108180971e-01
7.121113435249390022e+03 1.386861813013962573e-02 6.848323833402911731e-01
3.066646827612689208e+02 -5.090784772843087724e-02 3.973774698321334564e-01
1.025827862559938097e+02 2.198088525247374886e-02 2.478191444515397482e-02
1.048431476794446326e+03 -9.000551052960854836e-02 4.246667464078396570e+00
8.137819299033637890e+02 -3.178697617600194647e-01 4.111274544410149190e+01
1.366344867976287674e+02 -4.411010521081468738e-01 1.329249548756328281e+01
4.273730511202970774e+02 1.327438395643772313e-02 3.765354655447829268e-02
1.191224376897138910e+02 -1.274272783145085353e-01 9.671378738156460875e-01
6.750169682598617328e+03 4.565835177651799553e-02 7.035989035841816452e+00
2.743385872836159365e+02 -5.352250203060733291e-01 3.929431450586533003e+01
6.274470812803023136e+02 1.538529187401666554e-01 7.426062277663071143e+00
2.933968328473980591e+02 3.745132273477721346e-02 2.057594298649242370e-01
5.195931879583847603e+02 -1.935361221697317127e-02 9.731001129151657658e-02
3.090312741753186287e+02 1.011012851770012044e-01 1.579376928076461573e+00
2.793675792286745150e+02 -4.681951446611890694e-02 3.061962165471712183e-01
8.914774636701096824e+03 1.408424732442710610e-02 8.841941939551476448e-01
4.224465509497721314e+02 -6.483296111437088227e-02 8.878375073589149791e-01
2.772311564644433020e+03 1.144145824892669056e-01 1.814574490619306602e+01
3.446210031869586601e+02 -1.387703803802165826e-02 3.318220974010824970e-02
3.105918528746286484e+03 -2.004596592024672774e-01 6.240423150115169904e+01
3.772287767125721075e+03 -4.509006251390950543e-02 3.834745040588845022e+00
1.116815208816698259e+02 -6.858537080064933678e-01 2.626723175042589986e+01
1.845959063462977099e+02 -2.610584913188216533e-02 6.290247268221946242e-02
2.740291787659243710e+03 5.753833363209581719e-02 4.536086981749183344e+00
2.548740365601701399e+02 -1.976886666159153316e-01 4.980341759257544965e+00
2.830935912938818433e+02 -1.333532916839522686e-01 2.517140878704724472e+00
4.522248279495626662e+02 -1.914587992518497206e-01 8.288483328974711739e+00
3.886063851311690200e+02 -3.267793643360302203e-01 2.074861841665083162e+01
3.313963282659969536e+03 -1.824601934860957744e-02 5.516377250522943587e-01
4.909291360280436720e+02 -4.604076906295332949e-01 5.203241110675855907e+01
3.108639184016442982e+02 8.589309393639930901e-02 1.146718488213063880e+00
2.508652934780031671e+02 -1.944766452777482724e-02 4.744008898755010251e-02
7.287465484858707896e+02 1.516995863969071434e-02 8.385236354980778184e-02
1.440560387523281065e+02 -8.435715999867509085e-01 5.125607814347450386e+01
1.214969027983223526e+02 1.016192028434722283e-01 6.273165984141584328e-01
6.314067834626791864e+02 1.909118199459245574e-02 1.150654348906970381e-01
1.071423018081970895e+02 -1.480726627903000345e-02 1.174574990526747187e-02
1.054047864061106878e+02 1.199285219784788047e-02 7.580106363152518123e-03
3.409675697618095001e+02 2.632927659017070612e-02 1.181846115622958299e-01
8.208249709837520641e+03 -8.843145738845527293e-02 3.209475976037161615e+01
1.629091540843671964e+03 7.686163918430737318e-01 4.812101478812368782e+02
5.217661055084639884e+03 -2.645722855268112933e-02 1.826142087306517281e+00
1.837442387732087354e+03 4.326592458883046083e-02 1.719791163435058445e+00
3.551251980453383567e+03 -3.189621690194776038e-01 1.806466221298079233e+02
1.914497060655003224e+02 1.668620755148979840e-01 2.665262511663861300e+00
1.244374859291603116e+03 -2.986864541305219584e-02 5.550757915507358309e-01
2.252736176366710879e+03 -5.172696061879063223e-02 3.013798825791706548e+00
8.836664257267805169e+02 -1.102463460763649511e-01 5.370154342156657101e+00
2.278505120285999794e+02 -2.774241482397440256e-02 8.768161407099461790e-02
2.556412890611105468e+03 -2.302875836742756810e-01 6.778631867069312023e+01
9.781400074053296976e+02 1.852289033731030488e-01 1.677986791861097515e+01
1.242935538588591953e+03 7.326668041574979640e-02 3.336042999721354541e+00
1.287722788805764651e+02 3.110825252131074747e-02 6.230797215784590615e-02
2.891525967243059085e+02 -6.983890329272439412e-02 7.051669068539268004e-01
8.023402370164938020e+02 3.497031726294183573e-01 4.906002007294753753e+01
2.159674779616156002e+02 1.317166419653701126e-01 1.873439450354662972e+00
3.616292194890154974e+02 8.664279998210520084e-01 1.357370716787716844e+02
2.002299371733113276e+02 2.738139747581316286e-01 7.506028942766559631e+00
1.555724142297013941e+03 -2.620433798937008008e-02 5.341324710846596657e-01
2.073621277056028589e+02 5.229345993444171059e-01 2.835268543127562424e+01
1.338977712958252084e+02 3.577991660744043734e-01 8.570812625529661943e+00
4.135253018483153937e+03 7.467800256099106637e-02 1.153074792474036059e+01
4.400561442619591617e+03 -7.216057374923093293e-02 1.145718824592025342e+01
2.289633512771730693e+03 -6.536607838078903887e-01 4.891486262876420028e+02
1.010042495484979099e+02 -3.415048089603507364e-01 5.889837297356373291e+00
1.285543919332698692e+02 1.798572351789762824e-01 2.079278911347437031e+00
4.733834598285263269e+02 -1.720495148351668668e-01 7.006320312770419889e+00
1.564714426078653560e+03 1.935649007803953991e-01 2.931286781004931186e+01
2.757445549537463194e+03 -8.887275599308440410e-02 1.088965813246383973e+01
4.417708538329970906e+03 1.486977428360233486e-02 4.884001810526089615e-01
4.856569233294682817e+03 -8.762633072982349836e-01 1.864527706967318181e+03
6.659416186995589442e+02 -1.778775450645160572e-02 1.053533660125023225e-01
4.681666201124545296e+03 -3.410792138067559459e-02 2.723208891920021024e+00
4.729519679295738570e+03 6.611971225264487995e-01 1.033829572694742183e+03
4.797284666608708221e+02 -3.627528721636604642e-02 3.156364961509409151e-01
4.854266304406557538e+03 8.385402851502192501e-02 1.706638214379093910e+01
5.642038433444801058e+02 1.086413806772617077e-02 3.329634762280331978e-02
2.117551264061835809e+03 -3.706957440803884118e-01 1.454920078258295462e+02
1.727417051012800357e+03 -2.791110990909916878e-01 6.728549013019751612e+01
4.036859522051367435e+02 5.231149776570720444e-02 5.523418505307884363e-01
8.467128874210631011e+02 2.518829456160850619e-02 2.685985731535051602e-01
4.824403658375186751e+03 -6.538453684912487462e-02 1.031249488100722012e+01
6.462446490533870929e+02 -1.852447615052172855e-02 1.108814344001370217e-01
5.837291506045027063e+02 -2.261710247389756359e-02 1.492984564540830172e-01
1.084870743534484518e+03 -9.856010307468125731e-02 5.269268145842029405e+00
2.589078123525575393e+03 -2.320528168635626817e-02 6.970899937234652510e-01
1.711793486850428678e+02 1.119000384124636538e-01 1.071721257933740956e+00
1.075371677777611012e+03 -9.058163699788951417e-02 4.411730030862491603e+00
7.346614386256171656e+02 -1.805146364737687803e-02 1.196966763652706212e-01
2.717890687796999828e+03 3.228563555129670970e-02 1.416513343892974452e+00
2.664434097784097503e+03 1.062935254992092120e-02 1.505180595242486263e-01
1.446234948482096343e+03 7.991671912202749084e-01 4.618321353170797465e+02
2.406564095760554096e+02 -6.723632374540124135e-02 5.439705107052642541e-01
2.097078280395114120e+02 1.614266055685860679e-01 2.732340854794290230e+00
3.753903107290274420e+03 -3.914298203950312693e-01 2.875814573408560477e+02
1.541358668585011173e+03 4.190184384308828780e-02 1.353131429483196646e+00
1.772339293716996508e+03 6.972091792982233749e-02 4.307676322186027917e+00
5.166654970963073538e+03 -1.049016053556620781e-02 2.842783156421468949e-01
1.925606553901008056e+03 4.116727915276584271e-02 1.631705917167101338e+00
1.055874120042007434e+02 2.213611032838038589e-02 2.586930558340459763e-02
5.750476925146173244e+02 -8.789287113122589146e-01 2.221166794837655800e+02
2.304900387813709131e+02 -4.690760042245115669e-01 2.535762641953509799e+01
4.994324026454782143e+03 4.966105237701723962e-01 6.158551207894161053e+02
8.067857425260846867e+03 5.201754058331646835e-01 1.091510325619819923e+03
4.317121611152554692e+02 -5.206664393541525493e-02 5.851718923980050446e-01
5.066496395005058730e+03 1.095694767081053372e-02 3.041283581040780670e-01
1.146490637774749530e+03 -3.074654088218355466e-02 5.419173339292188141e-01
3.676700815293990559e+02 4.315551321615219149e-01 3.423740712518568330e+01
1.412450107416923970e+02 1.656365120470344038e-02 1.937560506160754953e-02
4.111501235142172845e+03 -1.625362852671156932e-01 5.430891032647171812e+01
2.597632841531248687e+03 5.593843807865234163e-01 4.064137962820489633e+02
3.688629139760031194e+03 -2.614515304246847194e-01 1.260716317147396239e+02
2.204454745261511448e+02 3.151501704411858729e-01 1.094728147474202373e+01
2.481063380184511516e+03 -6.585785988355259690e-02 5.380505635418779242e+00
2.555359389090158402e+03 -1.004978986908508336e-02 1.290434469566413000e-01
1.297944744926092540e+02 -1.924252250582726698e-01 2.402980326021431079e+00
5.686569133933763851e+02 -7.513069918393492364e-01 1.604926650485196831e+02
9.880404395814801319e+03 1.333214645570485364e-02 8.781018177301915806e-01
1.889783088214962845e+02 5.593106103865918416e-02 2.955888710731470748e-01
2.070525728863145218e+02 -1.839937457563081413e-01 3.504747685735415619e+00
1.996312311059603530e+02 -5.901512017281387301e-01 3.476362696238214056e+01
1.531393038389639969e+03 5.138011548010024132e-01 2.021374696415061862e+02
4.443304231093774206e+02 5.550391431480269366e-01 6.844209246232760790e+01
1.023436300503951315e+03 1.966874337220683167e-01 1.979630102679974968e+01
3.098062339210562641e+03 -2.078458189672170719e-01 6.691796755522214823e+01
2.852306072273118843e+03 -3.481627622456145987e-01 1.728744332833275053e+02
1.810905508522886748e+03 -2.810597288655656278e-01 7.152585205567382332e+01
2.237336710857807134e+02 -2.535375981110077892e-01 7.190947143225393745e+00
4.000010010471971782e+02 -1.295366605444185810e-02 3.355957683659049895e-02
1.972701241487856691e+02 1.432188119090646583e-01 2.023165709375724486e+00
1.737947346689298627e+02 3.633577421921029282e-01 1.147295937387102427e+01
1.642677410958398923e+03 3.297268859688649856e-02 8.929579566903002030e-01
4.667650129618361461e+03 -6.050963345539764893e-01 8.545103828814650342e+02
4.102774942313286374e+03 -1.981309618400308170e-01 8.052901637980299654e+01
2.163468996832395135e+02 -2.312218110144373395e-01 5.783334036087832253e+00
1.173534231160670970e+03 -8.208906892199539784e-02 3.953997825315134662e+00
1.999442137864043332e+02 1.988021445520720895e-02 3.951126868319720237e-02
2.451077569826444233e+03 -3.419158774156513814e-02 1.432734097962215847e+00
1.137348363558315185e+02 -1.836335800838578836e-02 1.917642798560452097e-02
7.777430403464449228e+03 8.763341253396048081e-02 2.986383556419165330e+01
1.502358229007802777e+02 -5.718490051546203379e-01 2.456440472709716261e+01
5.894650336909418229e+02 1.276039269773900919e-01 4.799059478522708311e+00
3.768268711480258730e+02 1.038969330644492900e-01 2.033842527997878236e+00
3.796048073999516532e+02 -7.017103717810799224e-02 9.345821880093255762e-01
5.420712913466387590e+02 1.503293248938191162e-01 6.125109058359424097e+00
5.003289137111525633e+03 6.462692588464277743e-02 1.044846764331930977e+01
7.303605169045584262e+03 -1.865196359484338345e-02 1.270446584180457528e+00
4.555485690300857641e+03 2.393030828537329180e-02 1.304371431046644103e+00
3.234129518412409652e+03 3.297188102183336300e-02 1.757983767579923029e+00
3.469286018039642840e+02 -1.501812798658316676e-02 3.912386146304291934e-02
3.099327491888715031e+03 -2.620098721506987083e-01 1.063831347489866204e+02
7.176121289227711713e+03 -6.401920091874407914e-02 1.470551616296103248e+01
2.229684148982967145e+02 -5.565595056859438117e-01 3.453317901908576459e+01
2.659443546099495052e+03 -1.209582590004592700e-01 1.945502684835808438e+01
7.751027633686142053e+02 3.580781834540967129e-02 4.969183252680703933e-01
1.349805879380607621e+03 -1.792654322705759529e-01 2.168874512547737510e+01
1.214273289281325816e+02 -3.808326390264657468e-02 8.805515191170026901e-02
1.527909808742991515e+02 -1.483816785086895795e-01 1.682008872705310631e+00
4.682949289151799348e+03 -1.447844092710987018e-01 4.908322116711168803e+01
8.417186627762943317e+03 -6.790404806011401950e-02 1.940565434475715634e+01
1.896976225068256781e+03 -2.089469369918779337e-02 4.140987412789378097e-01
8.522099137829314714e+03 5.650878953028665164e-02 1.360656796209778641e+01
2.147289927499918463e+02 -9.359768847545844872e-02 9.405696002500497643e-01
6.447014871686563311e+03 -3.042908728113479996e-02 2.984740153696828546e+00
4.231232788253555555e+02 8.093315136086628447e-01 1.385765759155259786e+02
3.069030526656064012e+03 2.210825433226076137e-02 7.500325591435568207e-01
2.435605744882191459e+02 3.394937330491235583e-01 1.403590815086888277e+01
3.017804583140947216e+03 1.698317882122594991e-02 4.352102176941028411e-01
1.250261504344226040e+02 -1.512986154104021819e-01 1.431003747409945293e+00
4.691599869476596723e+03 1.124211802279870102e-02 2.964744352883619261e-01
1.402430215916829184e+02 1.530101508401700838e-01 1.641692261873205494e+00
3.341812917475575659e+02 -2.195024251848422259e-02 8.050646985925902221e-02
9.182905986513113703e+02 1.798899024583001938e-01 1.485811498692065591e+01
1.133844131098904171e+02 2.626089633845123117e-02 3.909691152752739485e-02
8.800984798971115879e+02 1.359835147361468377e-02 8.137177684508525854e-02
2.685095885464328603e+03 -1.683400821339065337e-02 3.804563813646992254e-01
1.298166760912712050e+02 6.318412390627486941e-02 2.591292424710729403e-01
4.167255114497382920e+02 -2.045709632287657509e-01 8.719831096777337365e+00
6.938976339536123305e+03 3.735717373583827272e-01 4.841873461473059024e+02
1.510587929584493622e+03 1.647263752862660469e-01 2.049473459937618358e+01
5.300456345859460043e+02 -5.116844286686707960e-02 6.938852699905203592e-01
1.076988255491353129e+03 3.386875247355140145e-02 6.177025182124921132e-01
2.847272951544505304e+02 2.131989919832602207e-02 6.470970213888900535e-02
6.180396096655465954e+03 -2.104069330148421735e-01 1.368063971664589644e+02
1.165200736630852134e+02 5.707550329331369937e-02 1.897886578014565673e-01
4.658226990365749884e+02 2.328111345886085815e-02 1.262403373558405872e-01
6.354347425893665786e+02 -3.416350463135127413e-02 3.708222567914126189e-01
6.739919521560025714e+03 8.174106621227824609e-01 2.251672955915364582e+03
2.830587079095772083e+02 5.242647674244707567e-02 3.889984484888618921e-01
1.903538230680057723e+03 -9.369672803856808896e-01 8.355654202394739514e+02
2.931263636929812492e+03 4.528971150553876696e-02 3.006242382972256433e+00
2.049820694230068511e+03 -1.282710959345000623e-01 1.686333580212716754e+01
4.946491344781230168e+02 3.557451638647471936e-01 3.130006702257694684e+01
4.815166055961184611e+03 4.720264823257067643e-01 5.364311669217288454e+02
5.850996209611309951e+02 -4.227174591936097015e-01 5.227574035210513870e+01
6.472725723813523473e+03 -6.098024472902449644e-02 1.203470737472469487e+01
2.493780654740480259e+03 6.365463560204112636e-02 5.052290670220828339e+00
3.976401026377241124e+02 4.070639324605148102e-01 3.294469029240273272e+01
6.436733033426515249e+03 5.331921954554421500e-02 9.149620243261708197e+00
5.865947718175443697e+03 1.061300965811917858e-02 3.303583673446539026e-01
1.106878404093964491e+03 3.922604651815438798e-02 8.515673397734312422e-01
4.039229972526231450e+03 6.847355791085643628e-02 9.469223642363912674e+00
3.268937438545281111e+03 3.719464529408383902e-01 2.261192083153696331e+02
1.302113828450710571e+03 2.319942489157559851e-01 3.504075002541234340e+01
1.437634683063398313e+02 -2.252186703798984002e-01 3.646089511405826489e+00
1.778043511788989690e+02 -7.029941231512059074e-01 4.393552071366805478e+01
2.650487594548871471e+02 -2.621612061750784317e-01 9.108201570119698331e+00
1.621750189489099512e+02 2.280574546299490579e-01 4.217377797092491498e+00
4.071127355678056006e+02 -5.359973431391696908e-01 5.848035048023299254e+01
1.982694845254601717e+02 1.899061633275359873e-01 3.575230128348779068e+00
1.412236235301753823e+03 3.806051025580837327e-02 1.022884428815718394e+00
5.190896034469422375e+03 -3.120707636998460571e-02 2.527659108131863785e+00
1.561167243680754666e+02 1.141803252954043391e-01 1.017658317750151031e+00
1.480022719359865278e+03 -4.821273081258790616e-01 1.720132290387045657e+02
8.934521776301180580e+02 -3.388768846745720403e-02 5.130092641866447201e-01
3.707425434218913324e+03 1.007682164550997156e-02 1.882303167420648904e-01
3.901483221873238563e+03 1.885784489609380610e-01 6.937194429750232416e+01
1.596007038457353246e+02 2.798066034154987961e-02 6.247708030782480465e-02
2.405197853778727676e+03 -6.259326671446073798e-01 4.711682825525465432e+02
6.098160251101608083e+03 -6.430847618712935976e-01 1.260971511953193840e+03
4.640195604484268188e+03 2.676795689943370360e-02 1.662404636048724127e+00
3.985880815679872740e+03 -8.708563092436152897e-02 1.511427493578715264e+01
5.545693406733026677e+03 -5.916096870363105609e-01 9.705019523064386249e+02
4.394967913256243150e+02 2.509715443548123370e-01 1.384122980573479822e+01
9.493516929654565502e+02 5.680164788811353782e-01 1.531507063606475185e+02
4.643892543831339026e+03 -5.406222425280508004e-01 6.786408307308435042e+02
9.648396724676945269e+02 1.180971691009098240e-01 6.728281161860690140e+00
1.619173050552171276e+02 1.625797057599430162e-01 2.139912115688339167e+00
4.914056469813991498e+03 -2.025807109455348420e-01 1.008338452375460008e+02
2.087261028639323399e+02 6.899099723929495998e-01 4.967428376563534442e+01
8.080835430749170882e+02 -1.110435935217972230e-02 4.982109654989987091e-02
4.767175253152529876e+03 1.567425210950717240e-01 5.856050023932736082e+01
3.190023554740623695e+02 1.092105533364221351e-02 1.902361767932325351e-02
1.422350031542839133e+03 2.251605371864006180e-02 3.605463001819613766e-01
3.531572430899610140e+02 -1.064194729032924211e-02 1.999771290787367289e-02
1.944375136646108331e+02 1.732048026531489704e-01 2.916553339119871247e+00
1.058606241598102002e+02 -5.388278334082389348e-02 1.536754513240792264e-01
3.588499493351392175e+03 3.901939407875408550e-02 2.731768769594951518e+00
7.624815014570687708e+03 2.281608399682025917e-02 1.984639039848043351e+00
2.745873022813921125e+02 -5.649320844536287467e-01 4.381702987679511807e+01
7.173830843986941090e+02 2.970966337879673014e-01 3.166041465848186931e+01
2.671462550183203348e+03 1.868296235738282560e-02 4.662411188920976834e-01
2.917754995928294193e+03 5.144821420904042153e-01 3.861530196456654949e+02
1.998822242849663837e+02 -6.634817106347529192e-01 4.399487512985737681e+01
3.701664816439440074e+03 1.015203982465655019e-01 1.907540295606192160e+01
4.959722538662451370e+03 9.398681898069852214e-02 2.190590943199986285e+01
9.093591802620587714e+02 1.742978689704603734e-01 1.381305097228138834e+01
1.053012719482994953e+03 4.793446860512514118e-01 1.209760655022439835e+02
4.687211613622847835e+03 1.210592694013752808e-02 3.434635564569120114e-01
1.411327789519721421e+02 -7.064579685912299178e-02 3.521847557735737766e-01
6.616610655161342947e+03 -3.630640081932293151e-02 4.360858350417477602e+00
3.204604144808893125e+03 -6.239662950066646729e-01 6.238305746001333318e+02
1.107340775934424983e+03 7.504172456367926014e-02 3.117862144526069024e+00
1.095254253350229590e+02 2.936383615510241851e-01 4.721832064273427498e+00
2.213720904981845194e+02 3.015544721345489454e-01 1.006524655617856645e+01
1.431489232495256374e+03 1.299837518674371861e-01 1.209306053005725445e+01
4.630863405872828480e+02 -3.373303793230458120e-02 2.634771060925865105e-01
8.484287956576230272e+02 1.731401742443147707e-02 1.271689556862483361e-01
3.392759477520723976e+03 1.593654002930446761e-02 4.308351740563227672e-01
2.259244410353032436e+03 2.790533028598084497e-01 8.796452363109578698e+01
7.401194747443943925e+03 9.722922992925549235e-02 3.498368295106475756e+01
3.664518401013624498e+02 -8.350790710595788757e-02 1.277738879918672632e+00
9.526723039905554060e+02 1.794713937844603577e-02 1.534277849442577946e-01
1.276261631765986522e+03 -7.346581811495679626e-02 3.444136506110670126e+00
8.718794770985945206e+02 -6.683392879451220958e-01 1.947244306332430881e+02
1.935681067324003379e+03 -2.355850342186387517e-02 5.371544804973767961e-01
5.674947842502520871e+03 -3.071291615076426895e-01 2.676541532801954872e+02
9.152248448978722308e+02 -1.066945902174534777e-01 5.209338816046303222e+00
1.456333497440260203e+02 -1.770733178462292334e-01 2.283163920158811422e+00
2.601507066682217442e+02 -7.389564160843452301e-02 7.102850321767191222e-01
3.000550295979097086e+02 8.998326529318810829e-01 1.214770991921503764e+02
3.246110896862829577e+03 -9.459165302770550232e-02 1.452241980426150825e+01
8.278133817602096315e+03 3.062176842973836355e-02 3.881172832497779446e+00
2.002577287061190191e+03 1.032723525669707910e-02 1.067892241838605677e-01
3.765606433812930049e+02 -6.712252605018999285e-02 8.482844693681425019e-01
1.775640573469885794e+03 -9.943516148608460004e-01 8.778191101518150390e+02
2.089663080266561508e+02 -1.938339785625566303e-01 3.925600444280937573e+00
2.095502608748464809e+03 -3.070396978894159301e-01 9.877505275560748998e+01
4.330817079275603646e+03 -9.202665399169324134e-01 1.833863930562290989e+03
5.138729982104116971e+03 -1.864856668163900402e-02 8.935455944966489428e-01
2.464729265091667003e+03 -5.021944455563955856e-01 3.108014497926105832e+02
1.418045581408860926e+03 -8.802200780642448485e-01 5.493419145019514644e+02
9.714107204684934231e+02 3.478026545477608950e-02 5.875416804791059322e-01
4.446444449528587484e+02 6.764249161257081255e-02 1.017236812176218530e+00
1.348232734505871520e+02 1.627212715718363290e-01 1.784939623441679668e+00
9.383704647234803815e+02 1.184736537873270351e-02 6.585487037626058804e-02
5.193679672112043590e+02 -1.956284986390376401e-01 9.938238356321065226e+00
5.785761811202374929e+02 -5.250640973818955226e-01 7.975450088884481659e+01
1.030374974391931602e+02 2.958807589941410410e-02 4.510230677059842708e-02
3.210079534295527537e+03 -2.098575669074160821e-01 7.068626976629934688e+01
2.581827467329184401e+03 -9.221128768699849987e-01 1.097653823988597424e+03
1.141551883434618048e+03 -1.739794179782818556e-02 1.727672444568077448e-01
1.632529106682110012e+02 -2.721629526173049984e-02 6.046289715939756615e-02
3.252093106439107487e+03 -2.185496461878231808e-02 7.766640276773666418e-01
2.441551808516166147e+03 5.653871181688253644e-01 3.902363915046863099e+02
5.919677419801683982e+02 -1.271865396587124747e-02 4.787958188053768882e-02
1.158651898916501466e+02 2.393286198132383302e-01 3.318274079796332821e+00
3.645007280736890152e+03 -4.867732671786730025e-02 4.318389819373351202e+00
6.056431104885619789e+03 -6.354957323773642586e-02 1.222959464628140225e+01
6.668276047067972740e+02 -1.665534434917415874e-01 9.248915394255215361e+00
3.659543680382433877e+02 1.322347340230328044e-02 3.199543592622679927e-02
1.895098457423983120e+02 4.382256236364389518e-02 1.819689620733420665e-01
6.690581822307136690e+02 1.176365115358894882e-02 4.629330262101179899e-02
2.046375062988820162e+02 6.332552978131288368e-01 4.103107568998715493e+01
3.750809404004923522e+02 -1.469993978455633871e-02 4.052528819697224366e-02
5.510699554033982167e+03 -6.191781408492271627e-02 1.056350323702628202e+01
2.642996421740263486e+03 -6.733742687008784644e-01 5.992107736962122999e+02
3.326603511369764419e+03 -1.272030313295457182e-01 2.691323898279268079e+01
1.866251721047549950e+02 2.258976874282278904e-02 4.761719355097246420e-02
2.147283457384590122e+02 -3.018684414587392839e-02 9.783512577511041530e-02
2.164071334217355798e+02 -2.311691364338975055e-02 5.782308757071182026e-02
2.724333598490830354e+03 3.604238666768769250e-02 1.769527734355993864e+00
3.970347198386126024e+02 -3.311474041882171704e-02 2.176913641967254121e-01
7.555775222962502994e+03 6.583105057324911691e-02 1.637233437438161943e+01
1.412110724148312102e+03 -6.573172077863918827e-02 3.050624536914228191e+00
9.314327098282705265e+03 6.478208335001434115e-01 1.954480360067258516e+03
2.968923873615119078e+02 4.822711195107743515e-02 3.452642219201094154e-01
2.363802725866656147e+03 -1.810721804133861856e-01 3.875115897546201182e+01
4.701726015227859534e+03 3.257974818339420819e-01 2.495300011273999701e+02
1.050395835411934087e+02 -1.615496283488811469e-01 1.370676358250852989e+00
5.441063003992076119e+02 1.842148045363852238e-01 9.232149282253839573e+00
3.051943790786796171e+02 2.701781167708428577e-01 1.113901722271867456e+01
2.033970436934085626e+02 -3.694098663695574714e-02 1.387815142685536463e-01
3.233997429608530183e+03 6.006297638652803306e-01 5.833421714682564243e+02
4.635203413759478281e+03 4.011915913595634486e-01 3.730288711752340305e+02
1.276366781034490941e+03 -3.531238853755171436e-01 7.957922138536009982e+01
9.287531408622875460e+03 2.602157413389512980e-02 3.144397409124235043e+00
3.513614697212890405e+02 -1.357903820101099591e-02 3.239381962180503532e-02
3.183927510953188630e+03 2.383862004733440162e-02 9.046808537410674367e-01
3.319653403633949438e+03 -1.352023347789672036e-01 3.034108657344757987e+01
2.023519477490133340e+02 6.501304764425630545e-01 4.276401208989637581e+01
1.332503745698722241e+03 1.389575712964809251e-01 1.286479507422107815e+01
7.651729320831061159e+03 -1.746393657428087220e-01 1.166846945549906991e+02
9.272995983063883614e+02 1.104561158679921162e-01 5.656784194967859669e+00
1.703063885233543715e+03 -3.400716258909808332e-01 9.847857131426634680e+01
1.131916417585757699e+03 1.646664088340583573e-02 1.534597165856482204e-01
1.252427290522675065e+02 -5.111470571670812674e-02 1.636116619738255396e-01
7.281875085075176912e+02 -2.317470738485049031e-01 1.955427630255848470e+01
1.107898726885806298e+02 4.659741070602924085e-01 1.202800603113984579e+01
6.156969814790651071e+03 -6.191577544312221182e-02 1.180156660273956604e+01
3.911187341347812776e+02 -5.652676084077209451e-01 6.248658962077158208e+01
4.960602626724620450e+02 1.427606551991400345e-02 5.055004053728151536e-02
4.841326212787232180e+03 -1.847254126436078878e-02 8.260144444125477881e-01
1.979917500279012529e+03 -1.396462370175140938e-02 1.930525638154080847e-01
2.471499066765677526e+02 -1.436749888832702382e-01 2.550896274647773687e+00
7.464771625626404784e+03 -1.095081432032968607e-02 4.475889543282844940e-01
8.725883091595104588e+02 5.219181759859006092e-02 1.188459092275989670e+00
4.699601739356637040e+02 -5.664511693266503084e-02 7.539733846596575750e-01
7.116385250928001369e+02 6.733354074857648974e-02 1.613215404168419687e+00
2.327242126714528752e+02 -1.181379112622266483e-02 1.624015425980213437e-02
2.624067517495511197e+02 2.160998861648462388e-01 6.127087547539272983e+00
1.372690234436645085e+02 2.622407930767565662e-02 4.720011400942639851e-02
3.332424615975137954e+02 6.948417988687528579e-01 8.044558423928772584e+01
1.006267786375516806e+02 -1.084627154990176409e-02 5.918947949641872007e-03
1.339498883207585095e+03 -3.623592425197912081e-02 8.794092845353759236e-01
2.148844848534060020e+03 5.748251183344385007e-01 3.550148655824558546e+02
2.569632983983477970e+03 3.206485229261061276e-01 1.320990182391988697e+02
7.724488314126730984e+03 -1.286023494283723978e-01 6.387597325084267652e+01
3.214067027135615717e+02 1.730267975686936854e-01 4.811180753007387345e+00
1.691912972395486747e+02 7.776018200570396222e-02 5.115199323549683985e-01
4.030430337413109214e+02 2.684798619245037585e-02 1.452596037312926525e-01
4.537037890224064540e+02 -1.585093275230522666e-02 5.699700787930134238e-02
4.339604216185740370e+03 -5.728984268037625727e-01 7.121564075134414225e+02
2.214882850077556668e+03 1.271186673677884849e-01 1.789531829773666161e+01
1.590904966492370704e+03 1.016958331174189212e-02 8.226603367340076800e-02
8.462363124568219064e+02 3.500531209241711933e-02 5.184770883119367291e-01
7.967676098953179462e+03 -4.920911338190910728e-02 9.647010600738338937e+00
1.813486864114003652e+02 -1.096390703388941748e-02 1.089971411763504192e-02
8.165310130974010008e+02 8.875495777825351262e-02 3.216088064908367627e+00
7.335813043158134860e+03 4.809035818698671749e-02 8.482703409514286363e+00
5.757844720166511252e+03 -1.274463151743189006e-02 4.676107852984399127e-01
1.201142275556380383e+02 2.267853102984588587e-01 3.088832069689880555e+00
4.650164599289020657e+02 3.092349687805967182e-02 2.223389382641034473e-01
1.329689959427505755e+03 4.297728894551105377e-02 1.228000167984203861e+00
7.235294720255566290e+02 -1.029216554495360758e-01 3.832125791926950242e+00
1.001529981190348053e+03 -5.079075800459185996e-02 1.291823996419356968e+00
2.549819722338220345e+03 -4.262380844524890633e-02 2.316242270890407795e+00
1.157968553215013344e+03 8.608057404108231392e-01 4.290195458353974232e+02
7.699760852647797265e+02 -8.333912949886587151e-01 2.673899995840444035e+02
1.215481236840699694e+03 1.660577526552392824e-01 1.675855525485479092e+01
1.216679276097436713e+02 -8.054463364419463256e-02 3.946565690184054565e-01
8.288241740867210865e+02 -2.972063368501174502e-02 3.660568546946570967e-01
8.537641171489303815e+02 -1.957174353443081882e-01 1.635185150714330149e+01
7.294616060691899975e+02 9.440541299960354682e-02 3.250620245133479358e+00
5.807786567712506667e+02 -6.430831699350468555e-02 1.200922384771925921e+00
5.590277334485670508e+03 4.849184766820591880e-02 6.572654786699205332e+00
7.434417333945032624e+03 9.734327135316510338e-02 3.522320054797962996e+01
1.021628326493148052e+03 1.783989957314718322e-01 1.625727457946310750e+01
2.346438716697797190e+03 1.951775755043468411e-02 4.469295375392761671e-01
3.691666244733082749e+03 4.967309497202602314e-02 4.554438851524848175e+00
7.126639890521867073e+02 1.295753401648386260e-02 5.982731796593722395e-02
4.925492029688693947e+02 -8.821640425993778623e-01 1.916541944759110834e+02
2.356009812850418257e+03 -9.369328367142160108e-02 1.034103526596437916e+01
5.024523322262691636e+02 -1.654489241975037189e-02 6.876900899431431791e-02
4.265275777994832424e+03 -2.644660540972676790e-02 1.491615857368184361e+00
5.583451229444010551e+02 -1.110657355677451691e-02 3.443760384085296777e-02
8.251040425744211007e+02 1.459570703254461921e-01 8.788788114662768436e+00
3.274155625408462129e+03 -5.809341383927071889e-02 5.524883431261679689e+00
1.289322344358292298e+02 4.431200525306472349e-02 1.265826900499806840e-01
1.026153871926680040e+03 -2.491784660932121892e-02 3.185689973270535713e-01
1.583098759536532611e+02 9.498637894871304888e-02 7.141684769674548905e-01
5.052978444181976556e+02 -1.089359502927493839e-01 2.998195185712379196e+00
1.192228420082255695e+02 -4.705835321415882122e-01 1.320088126743113754e+01
2.180346302741018917e+03 3.313769648445695770e-01 1.197126690562230493e+02
1.761542795028842647e+03 1.750750441270219615e-01 2.699676286127118630e+01
1.909484578936443882e+02 -1.015345449984403764e-01 9.842690149915135356e-01
7.575771080444367271e+02 -4.343001951939003125e-02 7.144583173372580642e-01
8.020761999933504740e+03 -1.391978167103457599e-02 7.770527129709252634e-01
5.601883070030442468e+03 -1.374743133469161216e-02 5.293551737073687313e-01
5.214659101185147847e+03 -4.011206908745201805e-02 4.195136111126133827e+00
3.088955554861650398e+03 -9.656842348064277326e-01 1.440296637301839610e+03
3.893815981645747115e+02 -2.739363684995255732e-01 1.460981833991314538e+01
6.819958502492229854e+03 -1.192573185344292068e-02 4.849777526674721728e-01
7.416661464770766543e+03 1.551802125027891277e-01 8.929993542369348347e+01
1.385163519223516744e+02 -1.392156992724521113e-02 1.342293464874171754e-02
1.393013070276520011e+03 1.645105926817601663e-02 1.885006836553777543e-01
2.737456881645497333e+02 -3.048673217969297133e-01 1.272152110396429947e+01
4.699116869134286389e+02 3.113239599951336464e-02 2.277253312841864552e-01
1.680553785199157346e+02 -1.817618613566827912e-01 2.776054216926825635e+00
1.613110552513392349e+03 6.002089098305196657e-01 2.905621314444395011e+02
1.746830353377096571e+03 2.800140567619282400e-02 6.848262536291632729e-01
8.397487377707364431e+03 2.267209390965693044e-02 2.158254363560382139e+00
9.950888129778579241e+03 -1.380041952784356318e-01 9.475811791032255371e+01
8.387796272343530291e+03 7.635005931052794848e-02 2.444762275086002390e+01
1.398738869588871978e+02 6.157615711036829031e-02 2.651745321521622456e-01
7.348784055093361758e+02 4.518617101784876827e-02 7.502337086252840459e-01
4.439294433493949327e+03 1.264468602877844190e-02 3.548951423427102458e-01
3.093065593102549428e+03 -1.132745650688446633e-02 1.984375886377787446e-01
7.463074897439255437e+02 -1.675756987843087659e-02 1.047875973327289795e-01
5.629121070573002726e+03 -1.323598001575213845e-01 4.930861447053495539e+01
3.017695521489691600e+03 1.226503400188017415e-02 2.269775666201362396e-01
2.134916960031631334e+03 6.109693435550881402e-01 3.984646789040887143e+02
6.764814339689565713e+03 1.627671270788461771e-02 8.961057876441707037e-01
2.602011846807522033e+03 -7.842799694352667883e-01 8.002423301215089850e+02
3.738588243937434072e+03 5.610340913285715575e-02 5.883776189126073142e+00
2.475295871874792283e+03 -3.934789969849877833e-01 1.916197341102154041e+02
2.654875013222270354e+03 -3.659510545108773938e-02 1.777706622545655035e+00
3.729880931054199664e+03 1.984396432982861794e-02 7.343817027447486767e-01
1.728835174366424098e+03 -4.969477099806386688e-02 2.134739969461725728e+00
2.376644871810882250e+03 2.466163169809854061e-01 7.227330449321382844e+01
2.614301528312037703e+02 -1.414414271482616059e-01 2.615043638811004101e+00
6.520897460806271511e+02 -1.224968464170400895e-01 4.892458967962581617e+00
1.352598647520667328e+03 2.109527252892465510e-01 3.009603158182050464e+01
1.589343868646655437e+03 6.371245583861039063e-02 3.225793528579254055e+00
4.644646357495797020e+03 4.768066886003268640e-02 5.279676766277708211e+00
4.895947010010678241e+03 1.432571944580000034e-01 5.023883922740919417e+01
6.900992445309440200e+02 1.405491897267210390e-02 6.816136024769597901e-02
1.998623153617078742e+03 -1.060369989304157934e-02 1.123610461841193925e-01
1.717685761442764658e+02 -1.580719606597625129e-02 2.145968783821004811e-02
1.313875048648529855e+03 4.037956665017384816e-01 1.071142810499545845e+02
9.417685436272298602e+02 1.156494054362233598e-01 6.297975884912411892e+00
1.097216357911400451e+02 8.948317095488288186e-02 4.392836194083575840e-01
2.123195286877302806e+03 2.526442883700656949e-01 6.776086083381569836e+01
8.476242936906755858e+03 -1.088896729981141120e-02 5.025124048002684862e-01
2.414013345905295409e+03 -5.025999299039627388e-01 3.048979599066159381e+02
2.285234721163987786e+02 -8.223720615307596182e-02 7.727473306369848638e-01
3.733991986572264068e+03 -7.853537753077866057e-02 1.151526820049298117e+01
1.579173497810996309e+02 -5.950998939380026942e-02 2.796273178267904003e-01
1.199865619613638898e+02 -9.092520578753829352e-02 4.959880340767751083e-01
1.725069825649336735e+03 9.745602339465569974e-02 8.192077568427730938e+00
2.173300106294372199e+03 4.069091734256669590e-01 1.799221645027750469e+02
1.453117859721381592e+03 -2.911873174630325023e-02 6.160497078904313417e-01
1.712646342560664436e+02 3.628311545289246431e-02 1.127319027231844795e-01
1.089856417775614091e+03 -2.462784451633688587e-02 3.305157018935069857e-01
6.610907932816298853e+03 4.526987974475235599e-02 6.774071791516474761e+00
1.746419948843856673e+03 7.254907974074832622e-02 4.596026284740447387e+00
4.054523779754606494e+02 4.139887982673306488e-01 3.474457762075149958e+01
3.618282017205620491e+02 -4.734044680113879550e-02 4.054498304030879630e-01
2.541049920715078315e+03 4.789019855139226012e-01 2.913912300378291320e+02
3.415222691879331478e+02 9.213043133759495351e-01 1.449423307236514802e+02
8.234502775810373350e+03 -9.948814130336511852e-01 4.075210241031141322e+03
7.970427533650749865e+02 2.226664656273734735e-02 1.975883129712915076e-01
1.408098101423456455e+03 -7.441880167849552752e-01 3.899134913051012177e+02
3.403796188751570071e+02 -2.938787169709148883e-01 1.469839188422847798e+01
6.261495196245256011e+03 9.362516538174954495e-02 2.744310528496497525e+01
9.568402338327192638e+02 -7.351859925241900628e-02 2.585853285820300940e+00
8.480685126689171739e+03 -2.709062876778948678e-02 3.111996596205875321e+00
4.437893775361741973e+03 1.513729308916322569e-01 5.084442577156106324e+01
3.673481248318263624e+03 2.861945511083547333e-01 1.504425040512355167e+02
1.445035718100971565e+02 -1.194329422787959900e-02 1.030615925980263997e-02
5.777559347689842753e+02 2.086040656494845061e-02 1.257071431404559736e-01
2.389132571132464591e+02 7.197941967896293036e-02 6.189091954030827569e-01
9.596889055166387834e+02 -3.311868339415015988e-02 5.263160395308270623e-01
6.059343044745136467e+03 -6.049030771079184632e-01 1.108580237560829346e+03
5.938745324138639035e+02 1.516334834248491380e-02 6.827393428661580888e-02
1.467513505245307499e+02 -1.424044236476594734e-02 1.487986776942619785e-02
2.142930158071887035e+03 -9.455119636550439466e-02 9.578821447709772841e+00
1.795849873262700385e+02 7.257438748172380105e-01 4.729408101181756763e+01
4.494503054417173757e+02 -5.884376535147327336e-02 7.781307790776498257e-01
1.887720656712916252e+03 -1.787381405183546476e-02 3.015381065981253550e-01
4.873951907832009965e+03 1.915292071038048882e-01 8.939665429956879450e+01
1.001471189636124564e+02 -2.169941785555055125e-01 2.357787332941657876e+00
1.513596634635334794e+03 6.793818284074135683e-01 3.493075806669875192e+02
1.478124490939090492e+03 -8.673368982460946675e-02 5.559767906531938308e+00
4.068074028158427609e+03 3.842283868860986440e-02 3.002878404323226835e+00
1.008783880135242157e+03 -2.981043806637323143e-02 4.482340600550746013e-01
1.112936635674927402e+03 1.836585869598727772e-01 1.876994155347913562e+01
3.885433726264475354e+03 9.099422842477583595e-02 1.608559772666636078e+01
5.763466243830631583e+02 -1.528019599307494335e-02 6.728396989224136315e-02
2.193642091366072009e+02 2.773390042490609178e-02 8.436410022034494804e-02
2.032785784651902929e+02 6.046393818453032337e-02 3.715818396184552008e-01
2.070555922587992370e+02 1.884648514897631910e-01 3.677203816297566430e+00
9.398032741505179729e+03 2.344876925045059901e-02 2.583729619589609339e+00
3.026370317824499125e+03 -1.841625070122085081e-02 5.132092907839355123e-01
7.360374812695659784e+03 -4.901973149556259624e-01 8.843247724400389416e+02
3.647136721568109351e+03 -1.035943918281066918e-02 1.957016732037890894e-01
9.700613391414352009e+03 1.929953026899082769e-01 1.806602798251056470e+02
2.270521085325230160e+03 8.701724347608258414e-02 8.596193580783422661e+00
2.101077369883778942e+02 5.819196069340463323e-02 3.557443654939211886e-01
5.014333968027074661e+03 4.394040111130272375e-01 4.840734842366105113e+02
2.812713882156247564e+03 -5.664707307153462601e-01 4.512845972898919058e+02
2.959933439381827611e+03 5.098488919407774544e-02 3.847112699879412734e+00
2.781220633859700683e+03 -9.936991539763180559e-02 1.373141482106252198e+01
3.344750866181032961e+03 8.260110805086876007e-02 1.141052234025486811e+01
3.073251695556219261e+02 1.198065040511310797e-01 2.205611032997148779e+00
3.136032246720270905e+03 -3.572047050261546730e-02 2.000713328905271648e+00
7.468468701450598019e+03 -6.627737974070238569e-02 1.640333786814222705e+01
2.144392129502431999e+03 -1.212116070234244697e-02 1.575297657502158499e-01
4.808210133251899379e+02 -4.166935604043614516e-02 4.174332330594846541e-01
5.807117990656185611e+03 -5.111214908818624281e-01 7.585407878493230101e+02
2.557105825493534610e+02 7.869611834997961020e-02 7.918179249751216009e-01
1.006871757966370211e+02 6.271416389262769731e-02 1.980046716396574868e-01
9.037219772238100859e+02 7.490092520574088975e-02 2.535007291153705378e+00
3.845268760218399166e+03 -7.290358720768760348e-01 1.021867296712793973e+03
1.087505291503622971e+02 -8.801842497734560511e-02 4.212583952206669924e-01
1.726468421664204982e+02 1.542657524174358488e-02 2.054318073557623650e-02
1.231824078619529473e+03 -3.065363324132161504e-01 5.787388103872841327e+01
1.583102689932143505e+02 -1.862372934004627167e-01 2.745442762787141167e+00
1.780164353547254905e+03 -1.857540913818310838e-02 3.071191386919213673e-01
1.009014978342749345e+02 6.565440890335332014e-02 2.174680242646137851e-01
1.120863211153746533e+03 7.055625750744579094e-02 2.789932477748974016e+00
2.745015527032009572e+02 5.682323204171629838e-02 4.431662455251818011e-01
1.372620040407351780e+03 8.014887949257969435e-01 4.408747739445672096e+02
2.219997806506657071e+03 3.279274403501768187e-02 1.193652928692313431e+00
5.842115437925113838e+03 -2.333817246523559874e-01 1.591013366628199890e+02
5.957566770251989965e+02 -1.346410471715972675e-02 5.400001546687199783e-02
3.568650456329098688e+03 -1.072301354660563227e-02 2.051671025413002725e-01
1.076856008009496293e+02 -3.560809739556644038e-01 6.826925728137175575e+00
6.065949564792706042e+03 -4.613642585339818303e-01 6.455898497236373714e+02
4.734307680328739480e+03 -2.767087333679469907e-01 1.812475798211060010e+02
4.648357386407144531e+02 1.745088889046794711e-02 7.077903256796036491e-02
4.483874000707672280e+02 1.802936555836364696e-01 7.287596077636027125e+00
1.560311548952027749e+02 -2.627768555493268376e-01 5.387106362228315071e+00
1.319156763216390402e+02 -2.380343118993109019e-01 3.737193116456075881e+00
2.086593131309529326e+03 -3.557906101709937957e-02 1.320677388363082461e+00
4.769410603829134061e+02 5.702549771904866782e-01 7.754840794519091673e+01
1.334545023306890016e+03 -3.467402325284505565e-02 8.022536591158285768e-01
3.851455242773316058e+03 -1.710302652924396843e-02 5.633013582760070248e-01
5.226513320782564733e+02 -5.338568919122408385e-01 7.447864610912264993e+01
5.018564063797881317e+03 -6.944939731826100804e-01 1.210281624031877527e+03
4.164512365900678788e+02 5.560282030369007034e-01 6.437656522829226446e+01
6.484752819746128807e+03 -7.704757255415682904e-01 1.924781128372753983e+03
9.233413252587241686e+02 -4.174902031711729689e-01 8.046830535368845005e+01
2.388525839192825799e+02 -3.349747221799737745e-02 1.340059307114959131e-01
3.086008817255146369e+03 -1.181845219291733501e-02 2.155203940592056999e-01
1.790474873116927711e+03 3.934009771950535694e-01 1.385508210375476494e+02
1.209857810809863423e+02 6.069015630551120172e-02 2.228131656422676909e-01
1.102327256369820532e+02 1.161121050227496843e-02 7.430799572594701773e-03
1.592726928944424003e+02 -3.020465005191056568e-02 7.265390204965378740e-02
2.426446035098735138e+03 1.484043967707642658e-02 2.671985993022057970e-01
3.116104340009974862e+02 -3.346674778636547082e-02 1.745054588739592683e-01
1.599113243141347766e+03 1.781667022303941653e-02 2.538062469971344437e-01
6.359264642560782477e+02 -1.349741210813095761e-02 5.792658411429038590e-02
6.050457179917900703e+02 2.723751851842740393e-02 2.244363892371869507e-01
7.155741155372304092e+03 1.197059958539307689e-01 5.126918747607903271e+01
1.474081933424908584e+03 3.416051704106085052e-02 8.600832670990983253e-01
1.849016348141740593e+02 7.033462362389865385e-02 4.573504291447413328e-01
1.982640679478173297e+03 3.554509738543967790e-02 1.252487597115222284e+00
1.282974610474491328e+02 2.088112746412312259e-01 2.797022469076545281e+00
4.018184500493629002e+03 -6.800785929105826466e-02 9.292190134782829958e+00
1.019907362291326649e+02 -2.139317252231786801e-02 2.333893949409459462e-02
5.972312886971831176e+02 -5.603007481403308176e-01 9.374647814901419451e+01
5.862046162586633500e+02 -6.933725587798874601e-01 1.409134792632990241e+02
8.167471592412346126e+02 3.033490456036024296e-01 3.757879957227148537e+01
2.555150345309972693e+02 -1.614391030388759307e-02 3.329691024085524448e-02
1.491288183886126035e+03 3.758142605472284542e-02 1.053120562313745401e+00
6.884271254474874695e+03 -6.926679388460386944e-02 1.651498375044432620e+01
9.780455054165277033e+03 5.649409080109876191e-01 1.560756359612393453e+03
3.386909251859472988e+03 -6.238507740019189063e-01 6.590752472305038054e+02
1.080091148520871087e+02 -4.621539762892753478e-01 1.153463348495549567e+01
2.535078823380980566e+02 3.361622681985292072e-02 1.432383806561462469e-01
5.720311446492160030e+02 -1.042904615792225043e-01 3.110848480046943809e+00
1.871284854100905022e+03 -6.406597804044265043e-01 3.840297131443555827e+02
4.050860146040386098e+03 -2.102714348181460025e-01 8.955251978980528804e+01
1.334707191460098272e+02 6.238599251460874573e-01 2.597348244222324354e+01
1.068206143370598056e+03 -8.582300188588883050e-02 3.933982990077200537e+00
3.597232095995397231e+03 -4.515168481775429232e-02 3.666792927534609170e+00
3.853991172623685770e+02 4.299763454751505676e-01 3.562622843254003868e+01
3.415427426312975513e+03 2.497044851626364359e-01 1.064799288351404698e+02
5.431346673373343947e+03 -1.117945149897992506e-02 3.394052224565423104e-01
1.261672232163550262e+02 1.528500960258663381e-02 1.473831997571045140e-02
1.016858035197101344e+02 6.507197643393641817e-02 2.152872571312375860e-01
2.871531507161562786e+03 -3.902118654183363011e-01 2.186173030741622654e+02
1.081332865236674508e+02 -1.001824081833533608e-01 5.426406711994717913e-01
1.643985965713520727e+02 4.090413242946954603e-02 1.375315956222306069e-01
8.847872930526134951e+03 2.283853671194955859e-01 2.307519770808985413e+02
1.238140332242917111e+03 -2.035252571815686085e-01 2.564345272069274628e+01
4.074590463142772592e+02 -3.258865955967599204e-01 2.163649772922614645e+01
6.841462752232505409e+03 -3.095263704195922935e-02 3.277285536691258550e+00
6.420789989071852688e+03 -5.495938746505640848e-01 9.697108102947219095e+02
1.425788447153321385e+03 1.229224003232136653e-01 1.077177219244568995e+01
3.942314077304710622e+02 1.162404514129336368e-02 2.663396353711342673e-02
6.662678107045289835e+03 -7.983699155385776125e-01 2.123377263763510200e+03
3.291143052878321100e+02 3.038223847758785845e-01 1.518994847387929958e+01
3.688261479898385460e+03 9.443604481139644680e-01 1.644626509658231953e+03
1.486560937972408567e+02 -7.368000428435026450e-01 4.035078666341376419e+01
6.543666232880481175e+02 3.818339194896213512e-02 4.770239177161514910e-01
2.665979687319687400e+03 7.918030417400016008e-01 8.357207243209703620e+02
6.248892893488401569e+03 -1.468608305391466140e-01 6.738838448933515224e+01
1.487181681369018804e+02 5.588174495018410209e-02 2.322062737298224433e-01
6.454807596848972935e+02 1.298136868549040063e-02 5.438689620934570451e-02
3.526878122549184695e+02 -2.083493826018500625e-02 7.654994661663211408e-02
2.224777148298869349e+02 1.359171319364907426e-01 2.054967334190265671e+00
1.277049121793275503e+02 1.024505271771496660e-02 6.702024360187803197e-03
6.799579337594651406e+03 1.315972844303912696e-02 5.887703143291797003e-01
1.282898544189660697e+03 -6.195432392485865636e-01 2.462099278431813616e+02
1.713995846029272570e+03 5.047955366538182248e-02 2.183789542341880274e+00
3.194912880599666551e+03 -4.530617626278056198e-01 3.279018335266287636e+02
8.568840195851684257e+03 5.871461196191066767e-01 1.477013408614328682e+03
4.557118984255190298e+03 6.474553767500390578e-02 9.551686412434165163e+00
4.508233849522799574e+03 -9.028915692898292766e-02 1.837585839613793226e+01
4.849490879487966595e+02 5.826969539556665911e-02 8.232877375569004341e-01
3.193721866585838598e+03 -4.693787516004250399e-02 3.518146720109998515e+00
1.636152685368996799e+03 3.161625021599592800e-02 8.177387043515100817e-01
2.735658558963800260e+03 5.034789399720551728e-01 3.467324706954919407e+02
1.353699766599632710e+02 -6.980262994397037901e-02 3.297888208900354168e-01
2.045589649425705602e+03 3.448599353080349372e-01 1.216393264417306597e+02
2.882961877311687431e+02 1.135742629083143634e-01 1.859382579639718092e+00
4.697481821748675429e+03 -2.719207890986928208e-02 1.736680533258280423e+00
4.802345784206811913e+03 7.388624777772817565e-02 1.310842929192306805e+01
9.708695594167864328e+03 -4.394097850100964209e-02 9.372821287699130366e+00
9.268482992924283508e+02 4.270477656544015982e-02 8.451456677531199446e-01
4.039230724650944921e+02 1.519258890620950320e-02 4.661570304479837473e-02
2.146757561725767971e+02 -2.637466058901970223e-02 7.466666684071388005e-02
1.765945245882197241e+03 1.267581593397995067e-02 1.418727825250678809e-01
1.118085571815180970e+02 -8.610462717835264124e-02 4.144747028242156683e-01
1.941887193197243278e+03 -2.078221804124727110e-02 4.193511090370912187e-01
4.164557377461276815e+02 -1.444533132537048278e-02 4.345040904693984324e-02
2.253117543842099622e+03 2.695014527802608861e-01 8.182312739692130776e+01
1.710933070271844599e+03 -1.824958711684898996e-02 2.849109309228123332e-01
2.555695250508244385e+02 -1.456276072093775631e-01 2.709982570421083370e+00
1.315679846670466304e+02 -1.142216592219006399e-01 8.582566078292582779e-01
4.283559001552030168e+02 3.863999757413675851e-01 3.197782625400915180e+01
1.716054530888026648e+03 1.246698916805829005e-01 1.333595903843060881e+01
1.318079115111347335e+02 -5.404778618971604887e-02 1.925162097609702805e-01
2.957260715412572608e+03 -3.225656698592879734e-01 1.538494354514843678e+02
9.522280137564982851e+02 -4.785846085404101280e-01 1.090506888084811550e+02
1.051863314105485415e+03 -6.745952574462620033e-02 2.393403270563017937e+00
1.341579919481975139e+03 -9.796017384487393231e-01 6.437031700248825246e+02
1.913066111342881186e+02 2.987734324338617992e-02 8.538546263058201247e-02
1.633681284675250481e+03 -2.734162338094214828e-01 6.106409594486803627e+01
1.005206635852327395e+03 8.615046767824841023e-01 3.730273113927949566e+02
1.233606015595315455e+02 -1.619371168039008546e-01 1.617481373524759514e+00
9.197928156934208346e+02 2.225129042283649147e-02 2.277038751822336726e-01
1.453534036321995870e+02 5.791241593855853825e-02 2.437466052068025246e-01
7.662954932670060089e+02 4.384569137513577575e-02 7.365803365041331263e-01
1.412079859050540335e+03 4.601316578804029445e-01 1.494835805888533571e+02
1.158565834742504876e+03 -4.863810130609784455e-02 1.370389264019828968e+00
5.253769276295088275e+02 -4.357681734084953989e-02 4.988293712986406336e-01
9.167660044687743266e+02 -5.517822889698146271e-01 1.395609823199646939e+02
5.459363486285990348e+02 -3.850115004816373476e-01 4.046312490825685160e+01
7.139540338887876715e+03 1.920161522115991781e-01 1.316181497760374555e+02
9.634497113754261591e+03 -1.485151189323460075e-01 1.062528015910730943e+02
1.078101062607006781e+02 -3.936401011853313259e-01 8.352724322507036447e+00
2.356260462909364833e+03 1.013124548587376710e-02 1.209258023765194118e-01
2.703968196958813223e+03 1.004573762167678894e-02 1.364379688482710573e-01
1.481328710440501936e+03 1.017815998772879718e-02 7.672907998416397812e-02
6.839800059735437117e+02 7.901334619942360638e-01 2.135080823707415050e+02
4.709956879858873435e+02 -1.880072897063995163e-01 8.324081293613714294e+00
3.726580379256869264e+02 4.078321227127073567e-01 3.099155424913932677e+01
1.210126738063091125e+03 4.324741064071909585e-02 1.131673330452951376e+00
1.240449260640043576e+03 -1.931495884424402204e-02 2.313857360982756461e-01
1.251667254660836988e+03 -1.764381766546189445e-01 1.948247004066081445e+01
4.434537832975675542e+02 -2.064156719341165777e-02 9.447212930789768148e-02
4.952096176426235274e+02 -2.888526813813193095e-01 2.065912302179289739e+01
1.065884823663599832e+02 -7.691512131552338261e-01 3.152853139850314435e+01
4.785488794329946359e+03 -1.598317209912471920e-02 6.112547675502670863e-01
6.537385428199306716e+02 -3.791603059470453618e-01 4.699155592327424102e+01
1.510935319574820994e+02 -4.617246180430211178e-01 1.610578655084919575e+01
4.761739769731581873e+03 -1.985959437199656327e-02 9.390233885419313475e-01
4.429922295395389824e+02 -1.184457963388983910e-02 3.107459070008896512e-02
1.468893833809688374e+02 -9.750358556336057303e-01 6.982349527430248770e+01
3.999144768960546230e+02 -1.816403401097798492e-02 6.597231790040217203e-02
2.117474738845558932e+03 -2.025087357116681641e-01 4.341859510956651036e+01
5.222342513686991197e+02 -2.381929271068552456e-01 1.481470743435622239e+01
1.393709938176627247e+03 3.122951488417162122e-02 6.796305260061702436e-01
1.605718987119642520e+02 -3.618013629817781740e-02 1.050944893583345974e-01
2.971006303651749931e+02 -7.135205303135452870e-02 7.562868079652375064e-01
3.002748691019618832e+02 1.726395059809057442e-01 4.474756007996981921e+00
9.741049231781575145e+03 2.510315115875280112e-01 3.069249720993657888e+02
4.889047859713119578e+03 -4.009815401251248801e-01 3.930457025419664774e+02
3.073616407358216520e+02 4.042618524374082534e-01 2.511569460605164039e+01
7.621393079196026520e+03 -4.015262472661734749e-02 6.143731752298791093e+00
1.265093708789651430e+02 -4.388495452773428229e-01 1.218215176817131606e+01
3.468176244350490265e+02 1.168537526139424576e-01 2.367862562356591649e+00
2.248778677464129487e+03 -1.705694575957296052e-02 3.271291580535719001e-01
2.744339924050312220e+03 -4.619546450628635448e-01 2.928239433506392970e+02
1.260851676339517553e+02 4.011388593096841815e-01 1.014433248376979790e+01
4.047307919722179577e+02 2.968483417412160486e-01 1.783222378113435624e+01
1.338586831070293783e+03 1.001725719634687616e-02 6.716054343405067351e-02
1.673031000794180443e+02 1.066979377949218571e-01 9.523268829679424341e-01
2.669507889909660207e+03 3.277566547907186378e-01 1.433851747323824952e+02
1.893017255720457968e+02 -3.578100722835653724e-01 1.211796518768973030e+01
5.767644931300516191e+02 1.859669412309530867e-01 9.973326032235309668e+00
1.984920477291108682e+03 1.666308371457678184e-02 2.755648811149793431e-01
1.033243415215416235e+03 -2.917034876268638777e-01 4.395981881716575401e+01
3.833972925199731890e+03 1.272312516950343808e-01 3.103177698830632991e+01
1.645659303379635503e+02 -6.770040148191854845e-01 3.771311643982217987e+01
3.772309810357594984e+02 -3.356918137261985513e-02 2.125488984207856424e-01
2.786928131795618356e+03 4.904439157374385627e-01 3.351772058355788317e+02
1.114053541231267900e+03 2.232716029361896393e-01 2.776790075425218873e+01
4.370001703077167576e+02 -8.175114693112668640e-02 1.460290699469720233e+00
9.275196858423051935e+02 9.627025514853954080e-01 4.298108613546195329e+02
1.020441095572897439e+03 -3.082349191376911879e-01 4.847542431456456313e+01
2.835758121962345513e+02 -1.762545858419631989e-02 4.404737581225542931e-02
2.719015312568238187e+03 3.139847688829216360e-02 1.340290133112400417e+00
1.418546982062048983e+03 3.906393918165060319e-01 1.082345208116988289e+02
9.188158808621130447e+03 -5.373038012318848838e-02 1.326289475572162502e+01
1.321948717326937981e+02 2.889108969949024178e-02 5.517120346228207572e-02
1.418370474920993729e+03 -5.623920967614948196e-01 2.243045609905564390e+02
2.163784474176088224e+03 -6.566693892139775779e-02 4.665278220922520980e+00
1.170121906751554434e+03 2.344367561851173204e-02 3.215529673425785440e-01
2.268411974391301101e+03 -9.217221285482726234e-01 9.635892885661352238e+02
4.838277639551598668e+02 -1.911122662250872017e-02 8.835638023115829909e-02
9.462553257303703504e+03 -9.829199165602785504e-01 4.571035681248172295e+03
3.099712487027742100e+03 -1.301620922181555562e-01 2.625792834157920197e+01
1.732956221167797821e+03 2.237713125761814012e-02 4.338767860586277281e-01
8.732944706760388726e+03 -2.695231246847287210e-01 3.171924055859072382e+02
4.852631387208131855e+03 6.521089634634011367e-02 1.031781286630305949e+01
8.122522824996144664e+02 -9.321832877251687299e-02 3.529096792742827393e+00
2.305001120663618508e+02 -4.622850240419467682e-01 2.462979483271949022e+01
3.540773032715205318e+03 1.920775361958194233e-02 6.531625049199910604e-01
8.948283338156517175e+02 2.016774674952714896e-02 1.819803474254824416e-01
4.220647674568454590e+02 2.409478080067469774e-01 1.225166360942320942e+01
2.323075597744113736e+02 1.586363539962998975e-02 2.923067112517448163e-02
5.448515447967317868e+02 5.507855067868374643e-01 8.264435576534546612e+01
4.432591874854907132e+02 -6.605789435649221941e-01 9.671129587494698399e+01
1.200022523428042632e+03 2.938766125516278360e-01 5.181905064351850143e+01
1.237127462546891365e+03 -3.238101058955054068e-01 6.485825343885437633e+01
6.602029076123382083e+02 -7.174268412209545975e-02 1.699036383295470021e+00
1.336627746836482800e+02 1.775671917302619474e-02 2.107200832539636234e-02
1.346718417010018584e+03 -3.335154113256190433e-02 7.489944808587502001e-01
1.268493259009422189e+02 1.750213826699402106e-02 1.942854997878990311e-02
8.584315920344241022e+03 4.060833412423114908e-02 7.077926429218396542e+00
7.783899020824266017e+02 -2.463599364764660071e-01 2.362149412507007895e+01
4.430946918720298413e+02 -1.934449049828549649e-01 8.290508003954647265e+00
4.966921662032474956e+02 2.621534594848063948e-01 1.706744457340222354e+01
7.279542998854927646e+03 -1.406620274250730829e-01 7.201581262397873218e+01
8.903663837702324599e+03 2.743848691888437982e-02 3.351653209349567675e+00
6.799375117127053272e+03 6.804210283896479361e-02 1.573962786095266253e+01
8.476629691535779784e+03 5.958038614834670205e-02 1.504526503534158444e+01
1.030188549661266109e+02 1.293787558977590492e-02 8.622092229415810605e-03
6.513001115866546570e+03 2.500051129540656336e-01 2.035396101248456944e+02
1.852229951030901418e+02 -2.287753799388097253e-01 4.847116716423887972e+00
4.949567703903058487e+02 -4.379401707782050179e-01 4.746427377449980867e+01
3.454423767483190204e+02 -1.925004026508051608e-02 6.400426312053293654e-02
9.285646870479306017e+03 -1.291102630734048407e-01 7.739335968417805134e+01
1.820105923166823345e+02 -6.163294502556380117e-01 3.456945301322340924e+01
2.641102931810916289e+03 -1.884391320895626928e-02 4.689186675538398741e-01
1.379647744607596678e+03 9.687935028167811158e-01 6.474416806985565245e+02
2.016760658613169426e+02 -1.864538511714467980e-02 3.505638108862781099e-02
1.541313903306155680e+03 -4.669419333864597427e-02 1.680300105511320696e+00
1.262937575605543259e+02 -2.412768279283112813e-02 3.676064460679018264e-02
1.045161170553818465e+03 -9.907004473487297791e-02 5.129062475889767825e+00
2.339536597479114732e+02 -2.279443905076888183e-02 6.077957595821305986e-02
1.098705389149946086e+03 9.301103808960575758e-02 4.752479389905582607e+00
3.790799066503118979e+02 3.260259161903062974e-01 2.014675093097124403e+01
2.477379896596495200e+03 -1.451215631151181740e-01 2.608714238037043742e+01
6.103695985481343996e+03 1.525483534475802760e-01 7.101955506500812021e+01
4.703577650735310840e+02 6.692037742095060526e-01 1.053210271095877886e+02
8.800306612922468048e+03 -2.778920693127702179e-01 3.397974485610049555e+02
5.488015251741567226e+03 -1.387936707570200032e-02 5.285969317017663593e-01
8.866242985232449882e+02 1.212222812074770506e-01 6.514401751198833246e+00
7.388919391340949687e+02 -3.649133571641168250e-01 4.919607488104228565e+01
9.583487370880322942e+02 2.042771819534406480e-02 1.999554727912037921e-01
5.054437902641156143e+03 5.175062930845023002e-02 6.768214910246828531e+00
3.289081217338599004e+02 2.073675885914012529e-01 7.071741170091399908e+00
8.755518850859380109e+03 2.615381292161716997e-02 2.994483452741945939e+00
1.452944112851116358e+02 -6.899145727549244045e-01 3.457877078670276205e+01
3.077355963486604082e+02 -1.852274688399069280e-02 5.279083401888723381e-02
6.516369541487006245e+03 -2.380992788420579487e-01 1.847106214217591287e+02
3.326957591436151233e+03 -4.030809886394021851e-02 2.702725252895777697e+00
8.123336634019591656e+03 -7.138275986471086521e-01 2.069622443463003947e+03
8.370102037971251775e+03 1.300276767365161554e-02 7.075748085074683447e-01
4.152640197217745481e+03 1.965860147966262683e-01 8.024159362990668853e+01
6.039282704332267713e+02 -2.630777820468516159e-01 2.089891346205288158e+01
4.653180290731515925e+02 1.933595174139942086e-01 8.698632661653201481e+00
1.678639535824441964e+02 -9.244355321153007177e-01 7.172667710974472755e+01
3.397977794219628436e+02 -4.413830292751488860e-01 3.309952814723249759e+01
1.963536857214440658e+02 -2.088734458122065984e-01 4.283270724721533362e+00
4.215339715937828942e+02 1.314566029920012299e-02 3.642230236406307498e-02
5.257980789833497965e+02 3.287341266684214863e-02 2.841048073656892714e-01
1.880203855309261598e+03 6.205427236262438251e-02 3.620081251502084374e+00
2.041461148082648606e+03 2.570108266829015387e-01 6.742391408339653935e+01
1.973332086503202731e+02 -2.731435950847382194e-02 7.361261137727941051e-02
3.828587187352501132e+03 1.244381090498688780e-01 2.964253572317591789e+01
2.275639783376882974e+02 1.912290217882898005e-02 4.160841082715811129e-02
1.333249192918120514e+02 2.652102702761683847e-02 4.688803256934243741e-02
6.502348192865896408e+02 -4.326074841438979496e-02 6.084547460959054410e-01
4.841070051132152912e+03 -1.260752242311419802e-01 3.847431265026726521e+01
1.801775787873743866e+02 9.769274832545082887e-01 8.597959714879793580e+01
4.854057207122887121e+02 3.571594915865444753e-02 3.095988129517987519e-01
6.795449341862586152e+02 8.631398658753983155e-02 2.531340311532099374e+00
9.747134866151230881e+02 -1.260407544756614318e-01 7.742281682285418576e+00
5.944113411770919811e+03 -8.645048583102462603e-01 2.221222008125945649e+03
2.704457818674777627e+03 3.467286703033184425e-02 1.625660017925220302e+00
1.141497111379842408e+03 1.897955513006770872e-02 2.055970497333604319e-01
4.034416268648653841e+03 6.288515902192945983e-01 7.977136761437540144e+02
3.270296758226426732e+02 3.000478020278019020e-02 1.472102559015257828e-01
1.459641443061614439e+02 -2.977457645042954071e-01 6.470046091286906886e+00
1.009297553818704074e+02 -3.409274064637839857e-02 5.865608253602801192e-02
4.043166340074863456e+03 8.982414572172517375e-02 1.631089546533011259e+01
3.343296035306726708e+02 1.955770925052448539e-01 6.394120385137061824e+00
2.963045561448799162e+03 -8.241190475418085082e-02 1.006209093032994950e+01
1.568181781066450412e+03 6.320432030912813692e-01 3.132275395138543104e+02
4.018939749884564662e+03 -1.423318565948515982e-02 4.070855891460531395e-01
2.085381580139781363e+03 -3.902235252399756660e-01 1.587751140792211970e+02
1.373127814676164917e+03 -4.733386644903191387e-01 1.538242941850530769e+02
1.554656432252168088e+03 5.904097272729863510e-02 2.709639037614283819e+00
3.390792328640669894e+03 1.414756332913500725e-01 3.393395578118123268e+01
7.617754633041593479e+03 -9.720518326044942370e-01 3.598950149162049911e+03
8.603513491896808773e+03 -2.325975646585663748e-02 2.327320392800964921e+00
2.557410620804163841e+02 -1.055050137654546805e-01 1.423366256136270103e+00
3.644146609353023223e+02 -7.547754082362083394e-02 1.038009501193811746e+00
4.596580252913990421e+02 -1.214035535251810349e-02 3.387409093647007763e-02
1.221702276058935695e+03 -4.774765709900519184e-02 1.392642100119316995e+00
6.596985450338253258e+02 -6.638416139937813876e-01 1.453598537504009869e+02
3.822184387563237578e+03 -3.042812327209887605e-02 1.769424240202188026e+00
5.633990061355257239e+03 -1.795048492697381981e-02 9.076918827581669236e-01
1.236823321040502378e+03 1.352195746536486061e-02 1.130724496054677508e-01
3.908356722492274912e+03 8.263709517599706622e-01 1.334486809053456227e+03
3.211682339251620760e+03 3.797127323710534907e-02 2.315330047115011336e+00
4.833996737267302137e+02 6.219017757831152987e-02 9.348026849013224560e-01
5.657014177607431975e+02 9.230120231111570150e-02 2.409749993828519621e+00
1.746550706922609777e+02 9.151042729633346307e-01 7.312946052829435928e+01
1.006438010445316195e+03 2.212353352678777044e-02 2.463009123299385317e-01
4.007646665642270364e+03 -8.166076083021418519e-01 1.336245553665229409e+03
6.249825693424118072e+02 1.818146619980446910e-01 1.032989043781942406e+01
5.615314241045813333e+02 4.450325182695671900e-01 5.560675613949481999e+01
8.190704984254547298e+02 3.189157436083411151e-02 4.165270459850123896e-01
3.164055043687384341e+02 8.497863593278287553e-02 1.142440381520128501e+00
2.975643396433683847e+02 -2.821558943815353007e-02 1.184483847641352172e-01
1.771137480279837746e+03 1.534273833763493966e-01 2.084625446446060337e+01
1.215554459319046288e+02 -6.174946232425229664e-02 2.317452204740386157e-01
5.893125816850674710e+03 -3.129295709244203638e-01 2.885419263539115491e+02
7.660038312804002771e+02 3.971236929241738212e-01 6.040217023580874667e+01
2.156083920662342450e+02 -1.572643604986152521e-01 2.666221901774429082e+00
2.404025408991806785e+02 2.372749107795843471e-01 6.767257396440689021e+00
1.526267798494002079e+02 2.484717273752623523e-01 4.711451276799614618e+00
3.686367659173859010e+02 8.005411795244657958e-01 1.181234180116049117e+02
3.016206193660686381e+02 -1.926271408685913955e-01 5.595849025210275940e+00
1.363406342245969654e+03 -4.920748623541616046e-02 1.650660175969944188e+00
4.513767000813222694e+03 -1.239797849809793906e-01 3.469052713468448701e+01
4.050380785614522097e+02 8.986399608220616009e-02 1.635450155283243223e+00
5.067284727932898818e+02 -3.211151638039341782e-02 2.612564016873584194e-01
5.109456028905409539e+02 -7.922498238284908512e-01 1.603500032085590874e+02
4.437734128748256808e+03 -1.140320634697653823e-01 2.885261961331145386e+01
3.479117418641409358e+02 -5.289661040360041921e-01 4.867374668411538607e+01
3.199249335335319302e+03 -1.749651416935037729e-01 4.896899131859789378e+01
5.965609253112611441e+02 -3.412535246828182767e-02 3.473594348547157651e-01
1.318169852385745116e+03 1.657134807603593760e-02 1.809910328265610380e-01
6.661102945680795528e+02 -1.890783250703509943e-01 1.190692568200963919e+01
5.992461823993471626e+02 7.940520797507731876e-01 1.889179635581391778e+02
4.418870454663602686e+03 -2.969576151124632760e-02 1.948364498187178606e+00
4.159714813143035599e+02 -6.110061837745265345e-01 7.764701635514404643e+01
4.256572242413237177e+02 3.772500291830818697e-02 3.028925399346631964e-01
1.031387493061618414e+02 -2.923622780290508968e-02 4.407928480284650091e-02
1.032643806226107699e+03 5.319847661499506331e-02 1.461231214595339001e+00
3.336092190367806438e+02 1.484997047934529246e-01 3.678402325448054011e+00
2.946538100504737031e+03 1.618335476661734718e-01 3.858505955452135083e+01
3.149704379355779565e+03 5.398592950304424015e-02 4.589876129970618557e+00
1.489109192680785327e+03 -1.483555953283681970e-02 1.638718702601494048e-01
6.994233807969650343e+02 -5.641399926679038224e-01 1.112971203004475456e+02
8.006182900906646864e+03 -2.782401143845217306e-02 3.099095775656768303e+00
1.379336596925449214e+02 1.393290784919782310e-01 1.338824937161592121e+00
4.223412934527848847e+03 3.908227613884883433e-02 3.225471789867775829e+00
8.137718516982125720e+02 6.643802177038891921e-02 1.795998845335575522e+00
1.334537929393612785e+02 -2.727040794160295184e-02 4.962313469451157255e-02
6.656362919778836840e+03 -6.062497987184651826e-01 1.223235881342237690e+03
1.593600559621522734e+03 -3.957678253156813875e-01 1.248045581224738072e+02
3.284687468016377352e+03 -8.472418066611363263e-02 1.178905009534837589e+01
3.947300828966319841e+02 -1.245184224845117815e-01 3.060112903342966817e+00
2.842396699137426594e+02 -1.482552859651131011e-02 3.123741361947959469e-02
2.011135602624080150e+02 9.790537179216045605e-01 9.638831772691150945e+01
3.456291975535950769e+03 -2.775811796890994068e-02 1.331559145057579663e+00
5.973809350423084652e+02 3.603700742095958948e-02 3.878991259772168743e-01
8.291986166460957293e+02 7.878924005560158372e-01 2.573726513150666619e+02
7.735655249991801838e+02 -2.377311778506191117e-02 2.185945828180380912e-01
1.185778778027593717e+03 -1.252549429327353692e-01 9.301723478625108399e+00
4.483115318599178863e+03 2.909133317051988410e-01 1.897042946919923168e+02
4.824331697941451239e+03 -1.367495747704368381e-02 4.510857768390181821e-01
8.903739108663428397e+02 1.778433740633625360e-01 1.408049131183136105e+01
2.534466945856285747e+03 1.243298147948493013e-02 1.958877190889019571e-01
8.549522513685902595e+03 -9.699562234164059715e-01 4.021759833935240295e+03
1.712813666475647949e+02 -2.675753168290318298e-02 6.131577480711538491e-02
2.384777273795702513e+03 5.365150295078278259e-02 3.432271337504853470e+00
4.177230264655258907e+03 1.357276143356939690e-01 3.847643725101753631e+01
7.670830421897383530e+03 -1.460143153847691389e-01 8.177174381236716272e+01
9.746572436914250375e+02 9.508331980779502479e-02 4.405858979435609335e+00
8.885129868468668064e+03 1.464558481885692431e-01 9.528997676428011232e+01
2.020016358239099077e+02 -8.098699218395807309e-01 6.624535478003697619e+01
2.430183250395333232e+02 -9.261327873536909228e-02 1.042210745813271222e+00
2.373958753076311723e+02 3.170431102267418089e-01 1.193108151572723052e+01
4.500720913843416042e+02 -4.145584307496671395e-01 3.867440057929291441e+01
2.935935609048143533e+02 -3.230172111274751123e-01 1.531679349491719755e+01
5.715755498840560449e+02 5.278040903147308144e-02 7.961394606389291528e-01
1.537436674289769201e+02 -6.734525799174262417e-02 3.486432673043471930e-01
8.561201464480154755e+02 4.422362129230855698e-02 8.371693620550697545e-01
3.871055212357736764e+03 -2.712771643010101000e-02 1.424379924752896320e+00
6.015036482156798229e+03 -2.833635582207278958e-01 2.414883948441695907e+02
1.934734438532546505e+02 9.422473782738771675e-01 8.588577561684093098e+01
9.167070897339912335e+03 -3.021199914231526007e-01 4.183690239586705388e+02
4.477003945590108742e+03 3.373120676245684041e-02 2.546954806790125314e+00
7.999248121314480159e+03 7.011285310930551185e-02 1.966140063731145915e+01
2.037792547350357211e+02 9.864214164881909275e-01 9.914137993772553159e+01
5.277786017747563392e+02 1.110174842825766284e-01 3.252404446057839404e+00
2.319114353682771537e+02 -2.327879647735757729e-01 6.283667769865910913e+00
5.439603773350523625e+03 6.280969504311041673e-02 1.072977562411585950e+01
2.000441154595440366e+03 5.473835737443276672e-01 2.996948681110186499e+02
6.035631457353318183e+03 4.387544598699819054e-01 5.809460534975798964e+02
4.658366236567850933e+02 1.761484777207042440e-02 7.227056041405832687e-02
5.249020374429901494e+03 1.971216410260614310e-02 1.019804384454530588e+00
7.540977596685474964e+03 8.078127347854767715e-01 2.460475503533531082e+03
2.612121260393726629e+02 -3.129226267519297777e-01 1.278902017987820727e+01
1.878907280316159927e+02 1.200983690240166671e-02 1.355032066191241488e-02
2.878500342396154679e+02 -1.961969181603537837e-01 5.540138886863897660e+00
2.521758590729111233e+02 4.962441382727746791e-02 3.105019221434217602e-01
3.995293974151540169e+03 -2.669517568363998783e-01 1.423587976302133882e+02
1.734863995680385642e+03 1.264512442982497209e-01 1.387016580871567228e+01
2.914856892810969953e+02 5.843896775713600805e-02 4.977282764689863193e-01
7.975290383646935879e+03 -1.038225340728885088e-01 4.298330038288012389e+01
5.770432673695459016e+02 3.517174866381926335e-01 3.569162363153870388e+01
6.939382364727283857e+03 -2.751898184828114324e-01 2.627577570167223939e+02
1.422647861294475717e+02 1.849577680269907237e-02 2.433394776825129405e-02
4.694085542894766832e+02 -1.832757618459924520e-01 7.883717814702367654e+00
2.628399900003857510e+03 1.189580272697944308e-01 1.859725959395146333e+01
6.648739278067721443e+02 -3.095109372332102704e-02 3.184647056854605363e-01
5.638995591730487831e+03 -1.901294882744913178e-02 1.019226526295731405e+00
1.873383280498203476e+03 1.871737087367426888e-02 3.281605234134157278e-01
2.440221654160639446e+03 -4.198689984513350737e-01 2.150933082531574598e+02
3.700604079585477393e+03 1.251110404236958906e-01 2.896235676655670588e+01
1.364438997388072607e+02 -3.414392458642594858e-02 7.953366670061964849e-02
5.720347285084964824e+03 -7.098792026667151422e-02 1.441322963026080828e+01
6.257142241492885660e+03 -1.053893306122072882e-01 3.474876101685413232e+01
2.550802422966304675e+03 3.062083546628761518e-02 1.195861535088709182e+00
1.726011338253603299e+03 -2.335677541389727038e-02 4.708032132550353244e-01
1.030080116439202584e+03 1.659452099691796356e-01 1.418307666228222885e+01
3.755803752986007567e+02 -3.209446571436574969e-02 1.934341709400888565e-01
1.358441678189192544e+03 -8.836008477278665951e-02 5.303019812778432929e+00
1.661234290658199598e+03 1.164827006977099677e-01 1.126999579964757814e+01
7.573859509868550504e+02 -4.385232149425753734e-02 7.282364759255262054e-01
8.612877092844237268e+02 1.650781545827837565e-02 1.173538831402668459e-01
1.050400560750038267e+03 -4.971881630352140702e-01 1.298274449892187477e+02
1.158411184506712743e+03 -1.075959650822165270e-01 6.705400414694561384e+00
8.262008097034598677e+02 4.670523755271643318e-01 9.011286367920273221e+01
3.275345683131483838e+02 -1.782394711049409275e-02 5.202773464249228763e-02
2.179953760492169010e+02 -1.463587818370405517e-02 2.334827814692115935e-02
3.592013018144024045e+03 -6.231858430412806626e-01 6.974981564279401027e+02
3.257172693440267722e+03 -1.909095596489412613e-02 5.935620708585530592e-01
1.548988277400452034e+03 -5.080209598266071519e-02 1.998855487448425894e+00
6.704138959617209821e+02 -1.292467713113151229e-01 5.599540854332365925e+00
1.308320263424350571e+02 2.146586392469215510e-01 3.014260733988616270e+00
7.666482577898080990e+02 6.511365710620244940e-01 1.625213172797830339e+02
4.229743749597369629e+02 6.315635736500996300e-01 8.435643324675079668e+01
1.090491744609360154e+02 6.725610288088168520e-01 2.466356113919734128e+01
7.844671981651061969e+02 -7.039326499453227859e-01 1.943600541503649595e+02
1.628571716979529356e+03 1.587792097513724895e-02 2.052882841562500837e-01
5.270247503022193314e+02 -2.862604883373276454e-01 2.159353928534260092e+01
2.305148449276709471e+03 -4.544297588578122965e-02 2.380139604735274528e+00
1.236156627812785160e+02 -5.399455569536062427e-01 1.801952960954917060e+01
1.245743978562170469e+02 -9.622857707170298092e-01 5.767756653733147232e+01
1.201652074788962409e+03 -4.887720165218336493e-02 1.435361892318570476e+00
2.290078242422975450e+02 -4.091940676082924111e-01 1.917251042331027833e+01
6.966802160764602831e+02 4.219450226111521873e-01 6.201763755258493660e+01
1.274750203997339213e+03 1.998450723950432120e-02 2.545552057937798818e-01
3.892281280748689369e+03 1.314629453599546784e-02 3.363418729939611773e-01
1.601160324069991475e+03 3.107127512740457190e-02 7.728994128668569275e-01
3.305565597949117091e+03 -4.494282028675287699e-01 3.338385063543785805e+02
8.783726651888543984e+02 2.587763030348618210e-01 2.941018962523581592e+01
2.683567449080097958e+03 6.483177581391910138e-01 5.639730546080432987e+02
2.558187412288846190e+02 -1.544070254170104017e-01 3.049555032591378723e+00
9.169966256176519437e+02 1.800907343448281128e-01 1.487032566554110424e+01
1.524139720437065307e+03 1.725471951681333271e-01 2.268875125078776023e+01
2.173415732895860799e+02 9.937213947412883996e-01 1.073104685982743263e+02
1.140102965917503752e+03 4.135034062804004984e-01 9.747029101028338971e+01
2.730085464030705111e+02 -3.309252840421145203e-01 1.494879366880166316e+01
8.501186191259208499e+03 2.813805341094760201e-02 3.365407294962944995e+00
8.705675290191571776e+02 1.224297319457074047e-02 6.524485437345417527e-02
7.168973566707608370e+03 -3.802674899111137263e-02 5.183288466681860385e+00
5.942921224141241510e+02 2.166764205497488105e-01 1.395061273259741164e+01
1.158755301951519670e+02 -4.831237534221877183e-01 1.352317038597680643e+01
1.211939075596265411e+03 1.379418953186901942e-01 1.153036805561600175e+01
1.729482077912763543e+03 4.934313094016741230e-01 2.105423549901363742e+02
1.338046093159614202e+03 -3.301874997238229970e-02 7.293942477288003490e-01
1.249322003545503094e+03 -9.561588946525848010e-02 5.710899692072650247e+00
4.988476552153979355e+02 4.206291262057019337e-02 4.413027392756543321e-01
2.569511700028301107e+02 -5.040773744120152083e-02 3.264487521750761290e-01
1.007160386792594267e+02 2.671677184453681575e-02 3.594484404541661848e-02
4.338406339097025011e+03 1.893191975877035402e-02 7.774805630362907616e-01
8.891806828153736205e+03 -3.495865696768392372e-02 5.433372782391653999e+00
2.963136230607875859e+03 -2.973473917091263435e-02 1.309935432609450778e+00
1.213275190479902221e+03 -1.468082718840578171e-01 1.307465910727883696e+01
1.509848379797049631e+02 -1.943648957671431643e-02 2.851930916122839485e-02
9.989824964256092699e+02 -2.254142915680075812e-02 2.537995092779667949e-01
4.007693212829528875e+03 1.440379797713827945e-02 4.157368454425858229e-01
1.923424676037514871e+02 -1.085202440987271741e-02 1.132574323826907037e-02
2.278751361680855553e+03 4.641975426302880070e-02 2.455119408937014747e+00
1.208790762944960449e+02 -3.848225903577950913e-02 8.950396075395755657e-02
1.694227815171884686e+02 5.844775992880677506e-01 2.893860247002650965e+01
8.569909129815173401e+02 -4.785874122863368468e-02 9.814513227652821303e-01
2.053897993284040240e+02 -1.865975166807029226e-02 3.575696046143807261e-02
5.348165434421331383e+02 -9.141591505893825742e-02 2.234696036962959376e+00
1.961776454900663566e+03 -2.212638545054167738e-01 4.802202501148575209e+01
1.090341341435844384e+02 -1.571865292342619902e-01 1.346986157480768664e+00
1.829895159394183679e+02 -1.243085751366654890e-01 1.413833896392659550e+00
1.061353652278010713e+03 2.177544813141568669e-02 2.516311056476906449e-01
9.944242363614848728e+03 5.467318774750489219e-01 1.486245311503581888e+03
9.723282181553599003e+03 -2.990801321647995614e-01 4.348685715213299545e+02
3.797810612220483790e+02 -3.488827395516384822e-02 2.311331700911675169e-01
1.023422635594501230e+03 7.807780428925295002e-01 3.119465635446624674e+02
9.996720088807896900e+03 -1.274379746361603005e-01 8.117555330067055763e+01
8.157740183661566107e+02 2.625115932199542090e-01 2.810844686134493386e+01
2.491271941231905771e+02 -1.518917732833230741e-02 2.873820548352532672e-02
1.938579593828397947e+02 -2.269022905513413679e-01 4.990354541680591893e+00
3.278139618721999796e+03 1.519079086983076421e-01 3.782319577813079547e+01
7.639133290824579490e+03 6.044595787130609965e-01 1.395560345013512915e+03
8.440126090855628718e+03 2.740169537352920015e-01 3.168646615273273142e+02
3.969776893036494698e+02 1.824842292481754225e-01 6.609776565369544166e+00
6.959778396081080245e+03 6.438804051138800888e-02 1.442699340296550403e+01
2.170989830672173866e+03 9.879188484377628143e-02 1.059425290718674795e+01
6.301112038491351086e+02 4.963935018286846218e-02 7.763175090329680339e-01
2.810017007868282235e+03 4.644524571825216497e-01 3.030829338363292322e+02
9.990491994855483426e+03 -7.102881818639254774e-02 2.520148067961716976e+01
5.358753157997259677e+02 1.021752113006967055e-02 2.797208542139743154e-02
2.011387477392468327e+03 9.136289231607751526e-01 8.394704743267999447e+02
3.251513880519637951e+03 -6.190749821729533281e-02 6.230775797790649051e+00
1.396708901910369150e+03 5.015537078646392644e-01 1.756753373748722993e+02
2.509365108095183587e+03 3.475986417727886524e-01 1.515967884329565436e+02
6.763599875933610747e+03 8.611841655597038958e-01 2.508071907190815182e+03
3.810002991743299390e+02 -1.266106203566667032e-01 3.053764868062076587e+00
4.397027679563256243e+03 -8.451323033841931509e-02 1.570285454621096655e+01
1.125959225441692070e+03 -5.520513663723480846e-01 1.715740671152509265e+02
7.688207840270895758e+03 -8.810806297121932529e-01 2.984189697872522629e+03
4.826781739243175252e+03 9.407557032041921063e-01 2.135902308215294852e+03
5.670696231548627111e+03 7.536066344293430586e-01 1.610259292998318870e+03
5.481462663757985183e+02 -1.990245880645628851e-02 1.085625240637291544e-01
5.378572338624329859e+03 3.400812332802941040e-02 3.110300514039553654e+00
2.401259991343996717e+03 3.140395884292859763e-01 1.184071664379246585e+02
1.488322539023459285e+03 -5.127073826808389301e-01 1.956168247627868482e+02
5.776676613565296066e+03 -4.765818080426008352e-02 6.560289143525501743e+00
6.693734664044712872e+02 1.020308991262983134e-02 3.484190763418704151e-02
1.090739487502676042e+02 -2.902247306161984675e-01 4.593670853432934464e+00
8.059808533182865176e+03 4.498629039339167579e-01 8.155584541086734589e+02
2.572904643249752326e+02 -1.945293204550090083e-02 4.868148688002386926e-02
4.100734048878698559e+03 8.102797000287660645e-02 1.346175015238648598e+01
3.499073555040253723e+03 9.507458291475731071e-01 1.581437140405706032e+03
4.357519341042302585e+03 2.800079983907613479e-01 1.708245171881259239e+02
2.525311224261054406e+02 -2.468789269964280220e-01 7.695785523665183980e+00
1.453682010390386949e+03 1.384417082493246409e-01 1.393071217445948307e+01
3.976031621463505417e+02 -2.451659609274448037e-02 1.194923709395361994e-01
5.672944695030128059e+02 8.638755629364975874e-01 2.116805386615714326e+02
2.857204648992909824e+03 1.394218853208357631e-02 2.776983214986255555e-01
1.433849602802133063e+02 3.473612304958290653e-01 8.650402068203401740e+00
5.418638274082368298e+03 -2.962235947775428424e-01 2.377384684113590936e+02
6.546933904030671556e+02 2.242937905571905019e-02 1.646806080552595530e-01
7.451422689094586531e+03 2.288070843513706487e-02 1.950509806836925097e+00
1.119015343225571399e+02 6.458064046767379995e-01 2.333515775120617164e+01
1.768967879132135863e+02 -4.703420110653372399e-02 1.956669588063963960e-01
4.216329899578701770e+03 9.268173517027871178e-01 1.810893460689909489e+03
3.265289649362671298e+03 1.213825145513238585e-02 2.405492327990125245e-01
4.517391386386821068e+03 -2.209932979463986175e-02 1.103102655010889777e+00
5.840284653334960240e+03 5.831732345479339469e-02 9.931141867815798108e+00
2.954801677549194778e+02 -2.493944524750905944e-02 9.189077595767339290e-02
4.005439911944737105e+03 7.703991521593887004e-01 1.188644041566678879e+03
9.133105523100846312e+02 4.826853559894377366e-01 1.063938993314780106e+02
3.943772636908660729e+02 -7.865270977307494693e-01 1.219857928184466260e+02
7.502831172454568332e+03 3.903945223311990759e-02 5.717453079984672115e+00
2.418467208660454162e+02 3.219350303761443072e-02 1.253275872722502404e-01
1.262519283044847640e+02 1.560944958148275871e-02 1.538095150788515789e-02
7.778451659719226882e+03 2.087155195384718040e-02 1.694231093644826602e+00
5.970703898804974415e+03 -1.399990294434287630e-02 5.851208692427434244e-01
3.824789474715796132e+03 -2.779601375211680769e-02 1.477551324869226246e+00
5.880533493267012091e+02 -6.553864892700805855e-02 1.262937040002575895e+00
2.360216983513418256e+02 6.365611813765953420e-02 4.781919243696371447e-01
6.636512691002818656e+02 3.986159973937271617e-01 5.272533909338262958e+01
3.666214435315063838e+03 3.933410949940422396e-01 2.836132471989564010e+02
5.558461961028655423e+03 -4.067754989587979431e-02 4.598690854038760989e+00
5.365506790361586354e+03 1.931386141036411097e-01 1.000734736016285780e+02
1.985266795142286810e+03 1.369321595591141971e-01 1.861228945910650978e+01
1.097098796567775935e+03 3.918805465425113099e-01 8.424093008539018967e+01
8.057976097239182991e+02 3.441150587273201361e-02 4.770933193824858920e-01
1.583699569832304235e+02 -2.289446030473885896e-01 4.150530634305951594e+00
1.499018277593120558e+02 -4.259748794504045755e-01 1.360018794197839753e+01
4.128877132079614967e+03 5.471881270361639293e-02 6.181235560897599512e+00
2.440047489736421539e+03 1.455040420521353135e-02 2.582964274200788557e-01
3.158228042199412357e+03 1.009510017585482922e-01 1.609291641078143442e+01
2.793220800269760275e+03 7.065780066246686586e-02 6.972612050869765099e+00
9.299918242648499245e+02 5.992937622961373723e-02 1.670046831201240423e+00
6.448832184729076289e+02 7.931106465896339275e-01 2.028236712984473229e+02
1.509797574352359959e+02 -5.249959274901432327e-01 2.080657501785656294e+01
1.294764283896938423e+03 8.179069331825675748e-01 4.330803652907601418e+02
7.991143646067691861e+02 6.462752128089985226e-02 1.668837078782258398e+00
7.080007117606170368e+02 -4.354746909244065073e-02 6.713199256674382553e-01
9.458882602277299156e+03 -1.702093070404548172e-02 1.370176286200622595e+00
5.438562970070227038e+02 -2.452643175788296881e-01 1.635772505286804801e+01
2.105468151897317455e+02 1.438461196567598077e-01 2.178286414341712884e+00
7.602801612740585369e+03 4.155033686336141452e-01 6.562854269976584192e+02
4.678129067038636094e+03 2.396967523144920287e-02 1.343898605942186242e+00
1.649392796286613475e+03 -1.320553864332132121e-01 1.438157129701655457e+01
4.488132350280299761e+03 2.831986229850625217e-02 1.799773837189259984e+00
7.033793663829143952e+03 -8.988185801947279341e-01 2.841212465742669792e+03
1.086454555209424484e+02 3.124021926823805292e-02 5.301633677344458340e-02
3.991199423379494874e+03 2.556807578171860218e-02 1.304576413286967718e+00
1.904567071704189516e+02 2.197070193352979040e-02 4.596784458518090449e-02
1.002247904384820458e+02 -1.029968199637709171e-02 5.316095733858374958e-03
1.520337238355854197e+03 -1.309590605628362797e-02 1.303710127842384048e-01
5.055291689167434583e+02 1.139483859017749456e-02 3.281954675721146519e-02
2.971889346862777529e+03 -9.309772453614069132e-01 1.287895933663914093e+03
4.885908881792153693e+02 -4.774082945281988427e-02 5.567949506979884555e-01
6.500277979343669358e+03 -5.133416664390414580e-02 8.564755426448085629e+00
9.729913447759669225e+02 -2.359977981355354804e-01 2.709535736644410164e+01
4.056087186442713914e+02 4.612985508026187786e-02 4.315602803069442661e-01
1.080514738506623047e+02 -4.975441190465447749e-01 1.337407930121782940e+01
1.817657167870651392e+03 -2.465558476865901127e-01 5.524749515397040511e+01
4.952088801514564125e+02 -1.105916060876920431e-01 3.028326930615888646e+00
1.859393794716802404e+03 -4.905496225944981914e-01 2.237212686756425910e+02
2.201625057566587031e+02 -8.101784648054994875e-01 7.225613943912750869e+01
2.678501861256320922e+02 -2.277536163097300045e-02 6.946923554546122204e-02
4.311550040281153997e+03 1.122717296714343671e-01 2.717341754912613183e+01
4.963302211490692457e+02 -7.528503507820741292e-02 1.406559273410270317e+00
2.667844658718243409e+03 2.834673065048989513e-02 1.071856131609756346e+00
1.319544008732238126e+03 -7.214160781853244664e-02 3.433725058787491680e+00
1.025094162464492342e+02 3.793347449967905682e-02 7.375288473720589821e-02
8.885170282161885552e+03 -2.151567237085174819e-02 2.056579983867154571e+00
6.022291952257810408e+02 5.961009576375356916e-02 1.069969625582901651e+00
9.411008060031206696e+03 -3.315033195828526874e-02 5.171087815601908666e+00
1.115420501847057437e+02 -7.628152754215219988e-02 3.245244253216529873e-01
2.245750775390261254e+02 1.816595790275023770e-01 3.705511534738697321e+00
5.606021272352088545e+02 7.151820884510913245e-01 1.433699071503432094e+02
9.423199977352409405e+03 6.550492888073932152e-01 2.021698416767212393e+03
6.682692868206853746e+03 1.797421937155147253e-01 1.079497353051012425e+02
3.268533641014903992e+02 1.674735675177719055e-02 4.583692838557457822e-02
1.693514620017318975e+03 6.966689189596642073e-02 4.109716134992007497e+00
4.139515584921638833e+02 -1.099913720027172609e-01 2.504014071263947816e+00
1.045538242580081203e+02 2.517008370747465529e-01 3.311915492309497999e+00
1.586244560233899392e+02 4.282152813988422402e-01 1.454335057887250393e+01
9.282646244896822054e+02 4.505421781762783406e-02 9.421340783414786646e-01
2.727982783826091236e+03 -1.364421697347031892e-01 2.539269893797471767e+01
1.103872220092840280e+03 8.567476522891589452e-01 4.051302336333995981e+02
6.392487661582844112e+02 -4.638705611391066158e-02 6.877546348922450870e-01
4.626497807471060355e+02 5.791863154628554278e-02 7.759950471366077185e-01
1.519229234652639434e+03 -4.918793116176556346e-02 1.837851539599656636e+00
3.528534463171943685e+02 5.670121538045572729e-01 5.672168241379927167e+01
1.094482907130713102e+03 -1.906053574557069474e-01 1.988150215824130385e+01
5.307440921962021093e+03 3.835857633080343998e-01 3.904632215319138595e+02
1.353854741733890705e+02 2.638207878535045112e-02 4.711509819623692363e-02
1.179605529266284293e+03 -6.708127449835543654e-02 2.654051920198781112e+00
7.255414221549015110e+02 1.972534555245794921e-02 1.411501864939351814e-01
6.271504246382573911e+02 1.248795793933392823e-01 4.890177010353647269e+00
7.229712124423705063e+03 -6.551523984973058046e-02 1.551585383254297490e+01
1.403767202745287932e+02 1.427948425673930544e-02 1.431166426808277298e-02
2.342253449998067367e+02 -1.109326091607896886e-01 1.441193674416875181e+00
6.491562159835340935e+03 4.996372491370804081e-01 8.102682871982821098e+02
9.205294767159784897e+02 -7.163485420147638338e-01 2.361872593514210052e+02
5.397137611890960898e+02 -3.210956089133851221e-01 2.782288936436698279e+01
2.642550487486184352e+02 1.717969591301147236e-01 3.899637541230598359e+00
1.988764489619165943e+03 -2.504208648585806024e-02 6.235831670418913175e-01
1.979875182944903145e+03 7.159673157237842478e-01 5.074511140276696892e+02
6.071005210887788962e+03 1.087196387320731872e-01 3.587951890887389084e+01
9.059386779719989136e+02 1.932822730704839564e-01 1.692204536343374244e+01
1.631827336382270630e+02 -1.081167881987660645e-01 9.537410597356149600e-01
6.370826837799834720e+03 1.812581891001005807e-01 1.046552642880865278e+02
1.765310172582396717e+03 -1.916876751147332178e-02 3.243242394420235986e-01
9.198267746900732163e+03 3.263322574680473376e-01 4.897743782238645736e+02
1.183285345690886516e+03 -8.322583557813659216e-02 4.098036466221314456e+00
5.355835633768126627e+02 4.895971343061462644e-01 6.419112380669854190e+01
4.547652407043150333e+02 1.880759305245741919e-01 8.043104390586087504e+00
6.857386082152082054e+03 -6.312552751070868995e-01 1.366276651458798369e+03
1.073341334989196127e+02 -6.567632867126070861e-01 2.314864603043138302e+01
2.985341313820570576e+03 1.867745618725775159e-01 5.207142323824589880e+01
1.131192441763269017e+02 -1.720927877734076961e-02 1.675065673051332957e-02
6.350856445792467184e+02 -2.821333554830930332e-02 2.527616423397009981e-01
2.679388394516640801e+02 -2.225029000000068244e-02 6.632496473965218686e-02
2.983498540364521432e+02 -1.450131270843985631e-01 3.136970753502641873e+00
2.540021899564254909e+03 -4.819848997724099360e-01 2.950355371207411395e+02
2.002893047692912774e+02 3.148779230785490185e-02 9.929152654256036270e-02
7.316677954738112021e+03 1.133449628563878570e-01 4.699897572236601917e+01
1.680100330026054110e+02 -9.011290995103139467e-01 6.821490050256167592e+01
1.217560999980535371e+03 -1.357577057465100129e-02 1.121991877463026643e-01
2.864247730454562770e+03 -1.414895585160104267e-02 2.867011037663365625e-01
3.328968775514590561e+02 1.244793081403599774e-02 2.579134896593529569e-02
3.262697540289076642e+03 4.172371157286251797e-02 2.839963046015998138e+00
7.867441899668743645e+03 -4.832055772220895107e-01 9.184751811016835745e+02
5.639627047529847914e+02 -1.573430179319991809e-02 6.980963076372447007e-02
2.165736389714031986e+02 -4.533713863492235818e-01 2.225788079498772021e+01
2.382080680803682355e+02 -3.298994157924572956e-02 1.296252372195314806e-01
7.177733384982912867e+03 8.219682831751674579e-01 2.424752673521595625e+03
2.972107393670888541e+03 -1.781277346877581935e-01 4.715172571257468093e+01
1.198981275249055187e+02 -2.448972227045009831e-01 3.595424098299337068e+00
7.620246731117462332e+03 -3.393305888755197841e-02 4.387176019204949817e+00
7.881033862346711430e+03 6.696776663948219577e-01 1.767196444040857841e+03
1.831221362207074662e+03 -4.764942901337129166e-01 2.078864830005661020e+02
1.165883940895091655e+02 -1.207797443295430782e-02 8.503809770891757741e-03
5.278334750189800616e+03 7.615774173768073696e-02 1.530717506837594222e+01
1.430638916442638219e+03 1.681510573682295021e-02 2.022549894756645039e-01
8.082909313920204113e+02 -4.777110554633488132e-02 9.222916882891096790e-01
4.658184589889051495e+03 7.360851869726221519e-01 1.261952053753416294e+03
5.061752171892114234e+02 1.107724844474151232e-02 3.105522462649659698e-02
4.488120216838221495e+03 2.511270981650678968e-02 1.415212455338179742e+00
3.227310955804824971e+03 3.607640281680464800e-01 2.100183642216755402e+02
1.975575786411422087e+03 -9.262175354449778131e-02 8.474024139419411128e+00
2.986949936277078905e+03 -4.452884247781174060e-02 2.961288769219185379e+00
2.597928990854141489e+02 1.668863725066923806e-02 3.617753982560870107e-02
1.078455752484385812e+03 4.747466560367177846e-02 1.215335445655803648e+00
3.829468497474027799e+02 2.757818168761054511e-02 1.456262822702625026e-01
7.437173795453181810e+03 8.085025492419215531e-01 2.430752392758619408e+03
3.718824120120522139e+02 1.276668833011891380e-01 3.030624681587553493e+00
3.877268530528886572e+02 1.296860093827590342e-02 3.260484484104585884e-02
1.530939539371101773e+03 6.237539784219740119e-02 2.978205774157013153e+00
8.994851011672086315e+03 4.041683133475754142e-01 7.346635659776505918e+02
3.942408202331140728e+03 1.290441169395702692e-01 3.282524786505002368e+01
2.687827564822964632e+02 -8.193341162044249781e-01 9.021806029135171912e+01
1.047912307733392936e+02 7.724263656390559230e-02 3.126145044690391561e-01
2.500635329529218325e+03 1.522743276383109988e-02 2.899170441459649750e-01
7.524134768880478532e+02 6.407508913561485442e-02 1.544560798829315074e+00
6.698762304896853266e+02 -1.732381557603184311e-02 1.005198138299610577e-01
7.780273046898470056e+03 -4.569076483104338171e-02 8.121227917021265341e+00
5.186741206506058916e+03 2.424172381365313211e-01 1.524023211917697722e+02
3.613859933449684263e+02 -1.056190606882822930e-01 2.015700121886395468e+00
2.258894350122305070e+02 2.378569611352362653e-02 6.389952878812095449e-02
1.629366230477647377e+03 1.891757155502480151e-02 2.915543235549249990e-01
7.642549665830937329e+02 -2.945008704700016189e-01 3.314220807740720431e+01
9.064663271661775070e+03 -1.234913229567383974e-01 6.911854170613882786e+01
9.258573871730811788e+02 1.718774442238781841e-01 1.367577272686130030e+01
3.761997027909137614e+02 2.025359750419363294e-02 7.716010369241543820e-02
1.114588758665536545e+02 5.720036337385424330e-02 1.823401208859741218e-01
2.201213392268546727e+02 1.558318389663565506e-01 2.672665098241353565e+00
9.449813177893706779e+02 1.125301471255579916e-01 5.983165283982811111e+00
5.322668547745038268e+02 1.396180345942618813e-02 5.187790951490518082e-02
1.416345715269082348e+03 -1.026371468629714255e-02 7.460164761334282801e-02
7.358802296352064332e+02 8.116458854116767596e-02 2.423875574321836091e+00
6.727181328193020818e+03 -8.952542389676990120e-02 2.695851158036421324e+01
7.674128341815987824e+02 -7.168709346846761921e-02 1.971882383934687955e+00
6.610457788582442618e+02 -1.466406130493279510e-02 7.107388837345650356e-02
2.850036178683915296e+03 4.022091275653572051e-02 2.305282861253870497e+00
3.670858996209539100e+02 -2.543493636249401224e-02 1.187405395327812280e-01
6.770297164934654575e+03 2.596646700171471173e-02 2.282461510774981939e+00
1.244634105550785250e+02 -5.717841999739922132e-01 2.034585769109690645e+01
1.334629305133758407e+03 2.976521805765249273e-01 5.912195655852719511e+01
1.053796472273915015e+03 3.496016692416927807e-01 6.439820168658098964e+01
3.319626135968985068e+02 -5.512997869888668356e-01 5.044694010029058262e+01
2.954452143040797978e+02 1.093534066142596087e-02 1.766491685495462718e-02
1.509800240849339161e+02 1.200162740451951419e-02 1.087351040092904980e-02
1.569898466437450907e+03 2.337066828556829123e-01 4.287299586359021930e+01
1.610553730553337743e+02 5.100806320779990299e-01 2.095187476639469182e+01
9.511932769969116634e+03 1.927351082558778073e-01 1.766690365241562972e+02
1.327551927181748852e+03 -6.443769400514400836e-01 2.756141447723062470e+02
4.599025452532606550e+02 -1.115365035452698245e-01 2.860683885706433394e+00
1.154083886848138150e+02 3.093238594229328828e-02 5.521209445403269661e-02
4.551092158320545877e+02 1.838124076411621621e-01 7.688387811370773761e+00
1.827334198144686070e+03 6.265936147262808342e-01 3.587235726113129317e+02
8.448676361156706207e+02 1.850159714119755106e-01 1.446029387066638527e+01
5.046054642134120627e+02 -4.713613836161369974e-01 5.605701308896169621e+01
1.265077591785736217e+02 -2.411244193506778544e-01 3.677642902800384306e+00
3.657715911943885203e+02 2.233123398145409333e-01 9.120222212792397087e+00
2.418485204761821478e+03 -4.798959879818846530e-01 2.784887639378267181e+02
3.273041659946371965e+03 1.952869066846626145e-01 6.241195548929839276e+01
6.329913645613761446e+02 6.326273529573779586e-02 1.266670688539127898e+00
4.090943306015473127e+02 1.039902364228010266e-02 2.211966760087962294e-02
7.089815164881122200e+02 4.844142768639796981e-01 8.318380578821624738e+01
4.461260132006888853e+03 -2.113587413231889783e-02 9.964786073478792972e-01
4.561593926127139866e+02 1.994214921968893162e-01 9.070485830360050628e+00
8.558427265049753260e+03 -2.210773708906346377e-02 2.091474389065345107e+00
1.313145365937513702e+02 3.723986256586157562e-01 9.105398316925795044e+00
1.586052967241843135e+03 -4.560360915043009111e-01 1.649248587562884438e+02
1.033703902449941694e+02 -1.874178674867687383e-02 1.815466101566082235e-02
5.508274010623999857e+02 7.647224969733508182e-01 1.610620690551290011e+02
2.587657426537832180e+03 1.889854485525657712e-01 4.620973910420742925e+01
3.991889666396325538e+02 1.596773759999969150e-02 5.089033477439763170e-02
1.769201777280742363e+02 -4.691537525324003532e-02 1.947052940079802008e-01
3.178674348088482020e+03 6.231452908759145259e-01 6.171556031475477084e+02
1.982712304281243689e+02 -1.825109299867741161e-02 3.302231092168100152e-02
5.921650925080532488e+02 1.019462692286807713e-02 3.077198282324741102e-02
2.361106211169447306e+03 1.682657869973549006e-02 3.342544287300598382e-01
5.738899468750915958e+02 5.826556142761841334e-02 9.741425027755948873e-01
1.589505262516348409e+02 -3.312547304706608270e-02 8.720796498810214070e-02
2.935858256109489957e+03 -5.395906715351874716e-01 4.273994453014284431e+02
2.056861763933050895e+02 2.577303204785705848e-01 6.831343709995296720e+00
8.312602050172423333e+03 -1.295714546935743637e-02 6.977914817606550857e-01
1.314782475691209811e+03 -1.548945770629954650e-02 1.577234751981704541e-01
3.443980480578093193e+03 1.952989794521342581e-01 6.567962029594467310e+01
1.359068884053404645e+03 -4.386623588116430050e-01 1.307591873889046781e+02
4.619130545889626660e+02 -1.004283942677816968e-02 2.329395748947417702e-02
3.302934099047320728e+02 -2.442549427790327021e-01 9.852731204325088754e+00
4.036657834099319189e+03 -2.833324410126673576e-01 1.620259397222405937e+02
3.589682484049780555e+02 -1.036873282171800123e-02 1.929644953206829244e-02
1.742473618058251304e+03 -4.698785911012946792e-02 1.923567946092635594e+00
5.892616814895182870e+03 -3.641953850437056883e-01 3.907932750560150907e+02
2.712174900783655858e+02 2.145622904966408284e-01 6.243016608992536298e+00
8.084912809362648431e+02 -5.746955290310433728e-01 1.335122091332591481e+02
8.563321647258974281e+02 -9.980301714567528515e-02 4.264809162028895706e+00
5.374468716540757214e+02 -1.155509323525667070e-02 3.588000143463693226e-02
2.808952923378669311e+03 -7.650728796892238004e-02 8.220913521982627259e+00
1.055460330726893972e+03 4.206851832250618067e-02 9.339558608638609538e-01
7.721174718588226824e+03 7.558498277053675718e-01 2.205588157111688361e+03
8.101205706909292985e+02 -1.113742916729086770e-02 5.024462095947387907e-02
5.116840198025995960e+03 -3.820981099392389835e-02 3.735266880751122454e+00
1.350764544776445518e+03 1.647618251133039363e-02 1.833423717661951946e-01
3.879920228628465111e+02 -2.328975591215634022e-01 1.052259062565050307e+01
1.284458818128894109e+03 -3.368674685631718735e-02 7.287999513332680257e-01
3.670626250774740811e+02 -1.211046277773937530e-02 2.691730954533519057e-02
7.073290312529680705e+03 8.947625427991960645e-02 2.831438140386354263e+01
1.222082713446292388e+02 -1.648702024329147531e-02 1.660943837635887876e-02
6.075418326468372925e+02 -9.057223580635621885e-02 2.491933040311043346e+00
3.470356712031908955e+03 -1.331932281711941529e-02 3.078282062669339680e-01
8.391312903965332225e+03 -2.675101553141089328e-01 3.002482378167866273e+02
2.927191311403266241e+02 -9.101017960098974069e-02 1.212274736173020173e+00
3.176071279277744566e+02 2.317337900528913530e-01 8.527838639840643609e+00
2.986908957064754304e+02 1.061705041869455135e-01 1.683448166923683598e+00
1.399938676506879176e+02 4.932423452229887234e-02 1.702941481494136267e-01
3.347864828212083239e+02 1.428009318915150205e-01 3.413500747484469855e+00
4.826008275852045699e+02 9.606209847526143986e-02 2.226702546473339428e+00
7.078316233571188150e+02 1.121247063592283599e-01 4.449411809405798834e+00
8.930628990954806795e+03 1.903148144224380556e-01 1.617324790891429132e+02
1.060064364008790250e+02 -1.975662928564570209e-01 2.068844938087095464e+00
2.515120993287287092e+03 6.856792812707899198e-01 5.912497093953968488e+02
1.898091854675951708e+03 7.307475039132463324e-02 5.067828516643250403e+00
1.846721322332154500e+02 -4.052375665327456744e-01 1.516319658287682870e+01
3.675373336605984150e+03 -7.458474864611555066e-01 1.022283910673768446e+03
2.298867078231416144e+03 -2.767758727473424440e-01 8.805222262512943132e+01
2.724567235368441288e+03 -1.109075676300488172e-01 1.675675405154956010e+01
6.203558098157591303e+02 -1.096167597847125946e-01 3.727046223812247483e+00
4.586015425016038535e+03 5.032847526063866095e-01 5.808086318224230808e+02
8.989345672814405361e+02 1.478889138256873625e-01 9.830357765453269892e+00
2.147687702610274698e+02 -5.619665190881291406e-02 3.391267270983722715e-01
5.210561885915230050e+03 5.119617976652127700e-01 6.828568548305230479e+02
1.501281853115287504e+03 -1.490597287008212438e-02 1.667834266101435037e-01
5.365356389784274143e+03 3.444647804639463379e-02 3.183158235994954843e+00
5.300159017022563148e+02 -1.825230724874836175e-01 8.828652957419246050e+00
2.056211942583379823e+03 7.419362550582158100e-01 5.659408839078146229e+02
3.332111506818095677e+03 -1.259489111320307234e-02 2.642885603023956143e-01
1.059467309422860950e+02 2.444713603181218609e-01 3.166019193032847845e+00
5.373317376327923967e+02 1.033746443430919593e-01 2.871048666254672810e+00
1.270221481025730554e+03 1.188901787004877780e-02 8.977210668822080408e-02
3.299849525982596106e+02 -6.595991044536048120e-02 7.178343812443932492e-01
1.344055313356000624e+03 1.511805226371893407e-01 1.535956199410031786e+01
8.519141264272873286e+02 7.261729166439904182e-01 2.246187049422026121e+02
4.050639178708054260e+03 4.446601187021552160e-01 4.004514979023093133e+02
5.140700850523440977e+02 4.226910430009382380e-01 4.592386445131607076e+01
3.409208251930266442e+02 2.804882113203957528e-01 1.341074057059700486e+01
3.221484230753180782e+02 -5.656257555396188019e-02 5.153287443051761674e-01
9.141415297537079823e+03 1.098581445372476678e-01 5.516301095962602830e+01
2.986251539791359392e+03 1.238959349002922983e-01 2.291978320182280981e+01
1.381017674374533613e+02 2.341801817551180526e-02 3.786775150680615765e-02
3.903269060070534579e+03 6.850597879497673237e-02 9.159155767234359757e+00
1.463861847778274750e+03 4.674148320289296665e-02 1.599097981312797678e+00
3.977732321525266457e+02 -4.709645061730605708e-01 4.411455623673607818e+01
3.567851438470520407e+02 4.891761634016997262e-02 4.268815059205645079e-01
2.247633985469673917e+03 1.876982073206534818e-01 3.959276608440608669e+01
7.410442256657554481e+02 6.342002164317928070e-01 1.490276673310717968e+02
7.773120863692140119e+03 4.684969573590170439e-02 8.530588135755007073e+00
8.995198489957454512e+03 2.278080885829091018e-02 2.334097726635758985e+00
2.256056431566536048e+03 -1.280513867194297273e-01 1.849645647743357202e+01
5.238011142072205075e+02 -1.915795129304922184e-01 9.612460137202027965e+00
9.617164281046150336e+02 8.150117030185025646e-01 3.194072201076517104e+02
6.454118911819768073e+03 2.396326936901171586e-02 1.853101067714166827e+00
4.400503501319832935e+02 2.540170183095654677e-01 1.419704644220490231e+01
2.524567291170228600e+02 5.486841239168351869e-01 3.800158787259940141e+01
9.843888711282985469e+02 -1.354058527643926257e-01 9.024259448203753919e+00
1.228347729883133979e+03 1.619836417568903397e-01 1.611512391092681185e+01
2.083142629086648867e+03 1.036751458730900480e-02 1.119536663741357435e-01
7.851800468864646064e+03 2.613031669353464426e-01 2.680578967404138666e+02
1.013837736738368676e+03 -1.660107240525163577e-02 1.397046122163548565e-01
7.185358884819016566e+03 -1.371605393865677203e-01 6.758912708407918046e+01
2.666431437123506385e+03 2.041867663081383399e-01 5.558474375773990772e+01
2.851281158719919517e+02 1.695757035942148938e-01 4.099560537884694433e+00
1.693410210347726661e+02 1.476028227256455209e-02 1.844681975162544563e-02
4.920648290658822589e+03 6.787544248310932449e-02 1.133489956507148655e+01
3.924929816227361243e+03 3.141881769397311674e-02 1.937231740947429559e+00
5.637356141968533848e+03 2.707589309909508996e-02 2.066384132228307635e+00
5.864890944314107628e+02 -2.377625145771878334e-01 1.657741140996659368e+01
9.514430622057345772e+02 7.679471583596302331e-01 2.805533658658334843e+02
3.798291203947156305e+02 1.944781695027068547e-01 7.182902614919083106e+00
3.690191431067332360e+03 5.450963878560186604e-01 5.482334229024528440e+02
2.169210214167470895e+03 -1.357964997467363440e-02 2.000086584006715018e-01
1.040583649645458536e+03 1.068421535555040894e-02 5.939259055791618752e-02
3.706032611962042211e+03 1.090898809660488938e-01 2.205200979637544378e+01
2.448546152762676229e+02 4.962783892411425091e-02 3.015289578979555296e-01
1.795862538173724658e+02 -2.260294145568369356e-02 4.587467661394351026e-02
2.676315232887357638e+02 1.763222174475494522e-02 4.160268382146695837e-02
8.064014990408845733e+02 1.249882042107698307e-02 6.298822749593825654e-02
4.726679561115310548e+02 2.666779252423562285e-01 1.680739088760038413e+01
1.723072773476497559e+03 -6.259878194123322248e-02 3.376022947048627820e+00
3.318320695908865218e+03 -5.813293877980337809e-01 5.607030475643612135e+02
1.474224993318197221e+03 -5.687734833215077890e-01 2.384583069556572923e+02
1.579662690698913138e+03 1.483791022850566854e-01 1.738920965482238756e+01
3.089416797289520105e+02 6.820382708890797285e-02 7.185615875579223211e-01
8.705732604545693221e+02 5.736746938933210416e-01 1.432539854385486251e+02
3.680931794652471126e+03 2.286464942478392409e-02 9.621812031906640250e-01
7.212435111825459899e+03 -9.467578379117397303e-01 3.232434561882398611e+03
1.492031369575574899e+03 -7.047709109936665939e-02 3.705475102552443722e+00
9.428309289868864198e+02 5.698894589452309090e-01 1.531034839048436424e+02
4.483634360519996562e+02 4.473735811225896392e-02 4.486842873624614092e-01
5.742137563728296072e+02 -4.390528453558345534e-02 5.534484672154098561e-01
6.860995043935326976e+03 1.858838278637284583e-02 1.185332860679449762e+00
3.297744312950811718e+02 6.392560379838895246e-01 6.738087741443172263e+01
1.510666110755607292e+02 -7.650492232598063436e-02 4.420966744950882710e-01
2.243775232051843886e+03 1.354954556723140038e-02 2.059675550634538221e-01
4.410755572458022584e+02 -1.280123203991729020e-01 3.613986579480661376e+00
1.212753279784682945e+03 4.463019343796374994e-01 1.207813836522656885e+02
2.298660998198285199e+02 -1.624982884483913356e-02 3.034886917520259256e-02
1.583669350339458504e+02 -2.993127975220389869e-01 7.093900425647278851e+00
7.129883301790864607e+03 -6.612739447299251228e-02 1.558889199789068414e+01
2.125173792850291932e+02 4.393263580443049904e-02 2.050873986017152650e-01
1.840319174363317416e+03 -3.420874959632450724e-02 1.076806220100403833e+00
2.361640715861762203e+02 4.527789063681778026e-02 2.420784914454773562e-01
4.749807251809573245e+03 3.367743449849502912e-01 2.693543482132526492e+02
7.638645512051947662e+03 1.932725540584199347e-02 1.426680522205145518e+00
7.128182712040989827e+03 -3.571829852162385771e-02 4.547056522556449210e+00
2.923039520123326724e+02 -3.692902830860899516e-02 1.993152149998050626e-01
1.002769834584035266e+03 3.225902516923234709e-02 5.217635592812029932e-01
4.789814624760092556e+02 -1.199494336909689637e-02 3.445760703235273281e-02
1.075756900721449483e+03 -4.974202392343335388e-02 1.330855945374072702e+00
8.372234711733365202e+02 -1.094526405510846262e-02 5.014918578107185887e-02
1.125766088851646174e+02 -1.081730160381608047e-01 6.586520443400735170e-01
2.518351798131707540e+02 -3.354753997286775979e-02 1.417123698127092379e-01
3.204997140357115768e+03 1.443971988558370029e-02 3.341297822488799585e-01
2.347185060867075492e+02 -1.769039805129127285e-02 3.672759974167365271e-02
3.402942445128232407e+02 -1.106300172717286784e-01 2.082430752064684309e+00
1.711797413132305110e+03 2.745480795847749650e-02 6.451477553164866041e-01
1.683539210440460749e+02 -2.093270456246880684e-01 3.688450233407389423e+00
7.583896155133965294e+03 -3.363369772423937393e-02 4.289548824933457460e+00
1.189001459786251871e+03 -5.212597942565268955e-02 1.615328474334735143e+00
3.946848786524513343e+03 -2.931939421992770245e-01 1.696408649011457896e+02
4.560313352221291098e+03 1.078805999261590737e-01 2.653697378782196381e+01
5.378367732532913124e+02 -4.877817855310542794e-02 6.398403955231460882e-01
5.429179197008247684e+03 -2.698857794697564483e-01 1.977261837401803177e+02
6.908047529593641229e+03 2.421386892200918378e-02 2.025133675559363855e+00
1.263196000797573788e+03 3.034775006076169679e-01 5.816928741522011137e+01
3.075902802114901988e+03 -4.121995080677391399e-01 2.613109148158335984e+02
1.371840972872207658e+03 1.069600736538059427e-01 7.847244074697948157e+00
3.038328444569278417e+03 -3.757774444670307079e-01 2.145191863362083211e+02
3.660832190466706379e+03 5.384169524186582789e-02 5.306244738311461262e+00
3.772828782139015402e+02 2.991746567060972195e-01 1.688444165254894003e+01
3.907955189096204549e+02 5.730383883928713562e-02 6.416334740481567378e-01
1.712561360115133994e+03 9.007088746108092570e-02 6.946803732712976576e+00
5.535147377281222134e+02 -6.081899059279593373e-02 1.023711563485981246e+00
9.871615809381106374e+03 -4.674569632808568964e-01 1.078553061896493091e+03
5.696065718144005587e+03 1.711997017323731857e-02 8.347395734066962447e-01
1.921574933129146075e+03 -3.939310723733952524e-01 1.490966225821397018e+02
1.043489522586906105e+03 6.662003211006529979e-02 2.315622562349460178e+00
3.343688656406413315e+02 -3.302254535665769541e-01 1.823127016759501728e+01
1.730909096381446375e+02 3.443394452055242860e-02 1.026166459201319631e-01
3.215434242659166557e+02 8.130565926839708468e-02 1.062799124771020232e+00
2.615789592770197032e+03 3.117519447988908454e-01 1.271133471492763363e+02
1.807928357083228548e+02 -2.147400042748216220e-01 4.168474372553704121e+00
1.510472855868403258e+03 7.432638072273889396e-01 4.172236332912848980e+02
3.108968323089132355e+03 7.172331376557276872e-02 7.996629868249963913e+00
4.112353097295744192e+03 5.071328487483736103e-01 5.288151466700709307e+02
8.384411816093057723e+02 -3.141785152984348795e-01 4.138048454799160680e+01
1.024724681929937447e+02 2.229266008561905377e-01 2.546249691127780324e+00
2.135182882159031578e+03 -4.572650474320317376e-02 2.232241074825696003e+00
6.374591677818044445e+03 3.371691825954913069e-02 3.623415367365220963e+00
1.779930102882269409e+02 -4.812754885699924712e-01 2.061391303512263562e+01
8.288925198176841150e+03 -6.285663071391781598e-01 1.637458947503640502e+03
5.508544289409644080e+03 2.185814097503370121e-02 1.315931537081508118e+00
3.304237147632969027e+03 -3.732604039533564400e-02 2.301786598702302733e+00
9.630164142711649902e+02 -1.297662727983134590e-01 8.108254197497446469e+00
1.704553682789956838e+03 -6.450855083865817408e-01 3.546624902676659872e+02
2.194322637872396626e+03 2.251970136051768476e-02 5.564110442486702723e-01
2.473665422285675390e+02 -1.896632911746417433e-02 4.449154914953818568e-02
1.526184225076291625e+02 2.807088691776832290e-01 6.012972726120614730e+00
1.250634756325641774e+02 -2.211946831371798539e-01 3.059495829435179726e+00
2.038758578715986118e+02 -6.859643259041386942e-01 4.796659239759011228e+01
2.043405774491544207e+03 -2.118144037918678613e-01 4.583904910485783546e+01
3.470956121861348947e+03 -2.350000225708967772e-01 9.584179432540658183e+01
8.103374046152375740e+03 2.473576406448230458e-01 2.479057215213215102e+02
1.883778838892990279e+03 7.447488791229023297e-02 5.224198075606949487e+00
1.898634751666746979e+03 4.435113012533794391e-02 1.867328868963980870e+00
4.304529085968108120e+03 -8.498402607159653843e-02 1.554426725189382275e+01
8.827198075985303149e+03 3.152343611442752491e-02 4.385912639185693074e+00
5.680325866834976296e+03 -2.481700984225500284e-02 1.749210844211284144e+00
4.622428879332826455e+02 -4.423534538081638073e-02 4.522505328000139269e-01
2.542335882532556752e+03 7.390608383967751938e-02 6.943258142986057813e+00
1.323365662878281000e+03 -3.811632171410957171e-02 9.613285358246406176e-01
1.238149590698994871e+03 -3.960660217973656361e-02 9.711320677110677480e-01
1.797488140147660260e+03 1.393077608756800312e-01 1.744161362086084921e+01
4.193424811203600257e+03 6.827712190098933487e-01 9.774381293940527939e+02
2.455004479550829274e+03 2.356750515121620593e-01 6.817882536194784393e+01
4.463052750934388087e+02 -2.541828525999150282e-02 1.441765147738522379e-01
1.537736525681369528e+02 6.966367902192694972e-01 3.731339342329246023e+01
6.327741900642590736e+02 3.735188855146502618e-02 4.414117516522879092e-01
3.413801117272739248e+03 -5.185264845145099999e-01 4.589338669779479005e+02
2.274326526678681262e+02 -4.319620771489069561e-02 2.121846989480821177e-01
4.822188981358012825e+03 -2.944955612162890660e-02 2.091085243271442184e+00
9.309437858034884812e+02 -2.235443014980627585e-01 2.326058690841313137e+01
1.417066285683000046e+02 3.346912928672875487e-01 7.936865089124021111e+00
4.083917856989621669e+03 1.798503645679147278e-01 6.604951721788569330e+01
6.719512998428397623e+03 2.147978969916794489e-02 1.550129041423759180e+00
4.012018907282947566e+03 -5.062883562240915597e-02 5.141961899261368707e+00
3.357878107932504463e+03 -7.423133755934688827e-01 9.251443557541406335e+02
5.300653492739662624e+02 -4.342441616673265586e-02 4.997667925535554390e-01
7.562319249541586714e+02 3.562958537044416119e-01 4.800058702660754761e+01
1.635991484849175322e+03 9.686482244020970800e-01 7.675085402021110212e+02
3.435845512310989420e+02 3.183204894572448929e-01 1.740735636670807551e+01
5.343918632432398226e+03 3.682672819573823420e-02 3.623732358789248487e+00
9.396053093839555004e+02 1.117952480674263942e-02 5.871676963828409423e-02
9.405416541440978335e+02 1.211593797987165107e-02 6.903385429026068221e-02
3.283131785132473851e+03 5.042258402398490380e-02 4.173577829802110450e+00
1.960711142671387961e+02 -1.012900062133029466e-01 1.005812009443249444e+00
2.800316234657815357e+02 -2.102525521354791926e-01 6.189557970737031845e+00
1.726286140564905054e+02 -3.906261671980563177e-01 1.317059674804379910e+01
2.006331481966570209e+03 2.338404545072061969e-02 5.485446518069867494e-01
3.781356092482172244e+03 -1.644787633412717401e-02 5.114901154930450167e-01
3.246640639654425513e+02 4.186500803220678801e-02 2.845159268503745786e-01
9.240708668389543163e+02 -2.308802596230439749e-02 2.462911956205121045e-01
1.755186872819228029e+03 4.109485011633135648e-02 1.482068128754901570e+00
4.871475183270339357e+02 1.204097581454635461e-02 3.531456548053306388e-02
7.337639362373832228e+03 -1.350708136899494288e-02 6.693440380525018663e-01
2.713444429437245731e+02 7.499412363079346333e-01 7.630366614545538084e+01
3.459174767988743497e+03 -4.170760608909946376e-01 3.008659466220465788e+02
1.883956994578832109e+03 7.051546149127578544e-02 4.683922430656757285e+00
1.390428815724379490e+02 -5.803246192916030471e-02 2.341319888748923939e-01
2.952240338436248294e+03 -1.213548448621418474e-01 2.173881932823504570e+01
3.580269314523339972e+02 1.294616180162470598e-01 3.000321276302052365e+00
1.609063945302904813e+03 4.067143339872167362e-02 1.330829028548309090e+00
1.911191640955399862e+02 1.862834907802719819e-02 3.316064557261244605e-02
1.379025882318684353e+02 -1.113615605497362236e-02 8.550923835842853468e-03
2.268256919257538016e+02 -3.238845131944378952e-01 1.189714112904513854e+01
1.611708681006374718e+03 -1.293495877645949206e-02 1.348300350397730607e-01
1.495208855742132755e+03 5.134280178097727632e-01 1.970747543370162305e+02
3.397746707983441183e+02 9.655147443620702707e-02 1.583721546185429707e+00
3.688284128945182147e+03 -1.009960061977508740e-02 1.881060547107739900e-01
4.186776232781006001e+03 1.840086266714618668e-01 7.088039392582588505e+01
2.672875025189961775e+02 -2.517325626975766006e-01 8.468908711087944852e+00
9.887255823257381735e+02 -2.551768782515996883e-02 3.219055139529824472e-01
3.423132247873753613e+02 3.170851082550975308e-02 1.720859343954660170e-01
6.482783282749758200e+02 2.607471943703280198e-02 2.203792984089991136e-01
6.707773398844867643e+02 1.325472461711245664e-01 5.892367230409062628e+00
2.448860821620131901e+03 2.440865466434080644e-02 7.294941163633097414e-01
5.792369058411133665e+03 -4.846793247412305994e-01 6.803544310229806342e+02
3.520275708358439715e+03 4.037290690077524613e-01 2.868974734847522541e+02
3.335164866318527856e+02 -5.140003153280708892e-02 4.405691490700578417e-01
1.124782518342961112e+03 1.350807249241331963e-02 1.026184209099744032e-01
1.432022399713757977e+03 3.611432823009029514e-02 9.338538150676733984e-01
1.444762549416084596e+02 1.011158092066822417e-01 7.385920068983848896e-01
9.750938796988601098e+03 -1.002009729245329356e-01 4.895085837441673959e+01
1.458532921716345300e+03 2.528931749202272261e-01 4.664020581755067951e+01
9.725767834722049884e+03 -2.257431446649821316e-02 2.478124057199184715e+00
8.172626095794878438e+02 -2.359561801008425858e-02 2.275067821804438450e-01
5.966170614541054420e+03 4.003793471492450573e-02 4.781993783677812360e+00
4.089213076757989711e+03 -1.304792493940150518e-02 3.480908797937176669e-01
1.252679207680690325e+02 3.343639535034387822e-01 7.002430008573674591e+00
2.961079707142253028e+03 -4.929547280985218105e-01 3.597776454266178803e+02
6.253233344834427953e+03 -5.113368025297697350e-02 8.175018463467671026e+00
9.086036013403085235e+03 -8.801505146177001082e-01 3.519316718798688726e+03
5.061412988580597130e+02 3.570429496927761126e-01 3.226136235085736104e+01
6.541286384762526041e+02 3.049161455211698013e-01 3.040843085400300083e+01
1.126969717075757558e+02 6.921728842001397819e-01 2.699674561394695971e+01
1.655392374252787988e+02 2.699249041104080371e-01 6.030549215521647355e+00
2.524656188268269545e+02 6.590880491543148201e-02 5.483516084771425936e-01
2.267941653356772918e+02 -9.596309136528782258e-01 1.044264084693362662e+02
1.768727314829040552e+03 -1.040535560595469249e-02 9.575131365973957309e-02
1.277826689411827147e+03 2.147404933259041554e-02 2.946251740666671060e-01
9.854695035359487520e+03 2.419385702540255423e-01 2.884186987374345108e+02
5.282046135091101860e+03 -1.660405806226102413e-02 7.281161788614326502e-01
1.406391686128514493e+03 4.596115261047931805e-02 1.485450271430763358e+00
1.345078927430537078e+03 -1.206558211820165788e-01 9.790713287931257724e+00
3.945336604178485231e+03 1.916881815730970065e-02 7.248443219072416843e-01
3.478212596911626520e+02 -5.681200345537107399e-02 5.613145987263350456e-01
7.717073490135211614e+03 -1.151683705990632078e-01 5.117868059081320098e+01
1.372466503438526843e+03 4.010870480305871177e-02 1.103949059825200196e+00
9.012644331265755682e+02 -1.926122391165115133e-02 1.671821849823202366e-01
5.979567450508991442e+02 -3.681121851779493026e-01 4.051353701693964382e+01
2.301919006453314978e+03 -3.990204591325713368e-01 1.832526953661337075e+02
1.372179248225939148e+02 -8.622485362589697722e-02 5.100887943273454406e-01
1.357929869173466955e+02 -1.667256763824083443e-01 1.887349461203862155e+00
9.547869054773844255e+03 4.003547500986982810e-02 7.651849681660813474e+00
5.099128892132867463e+02 -6.055731580647227136e-02 9.349733410720986182e-01
4.757784653553104363e+03 -1.308515498259506422e-02 4.073169913579492984e-01
2.944547529060969282e+02 8.105507372316687886e-02 9.672728177492969648e-01
3.112684400961332358e+03 -1.419741074270029595e-02 3.137064062595764646e-01
8.361100294967105810e+02 -3.422842410209255837e-01 4.897869913571733491e+01
1.131918254393319359e+02 -1.045514157462507643e-01 6.186498389999265379e-01
3.891588723565985788e+02 -2.567098710214565926e-01 1.282277664843544507e+01
6.596618060405950928e+03 -1.122744640144849280e-02 4.157701677690571751e-01
1.305836221480772565e+03 -8.491166648754931989e-01 4.707533771183935869e+02
5.427644012685364032e+03 6.496645639415350448e-01 1.145406695147503797e+03
6.920268048160877470e+02 -5.951275210997827303e-01 1.225499079856913767e+02
2.491687077161673187e+03 1.047458827237153674e-02 1.366902148692820396e-01
8.535602772053460285e+03 -6.777099778886012116e-01 1.960161973132370576e+03
5.750229530564016613e+02 -2.536358853252148812e-02 1.849594746675145840e-01
6.293496160290612806e+02 -1.481259944043310413e-02 6.904377580521972591e-02
2.325200393252402137e+03 2.574995600943546514e-01 7.708739589906029721e+01
4.059685086486331329e+02 1.745506426277637288e-02 6.184509410783556316e-02
7.196643161465866569e+02 -6.916731554552604244e-01 1.721479338813305731e+02
9.220246861334055666e+02 2.054677405629216358e-01 1.946255458910011527e+01
1.551365706360581953e+02 -7.497426290982921460e-01 4.360221990019325489e+01
2.337173877867547276e+02 1.382912667873529775e-02 2.234861107920637496e-02
1.119670904990281457e+02 7.214169360609007375e-02 2.913621040582539123e-01
1.974889296094477800e+02 -3.841816955974294151e-02 1.457424608384064735e-01
4.059123783347670837e+02 -3.111788156864851718e-02 1.965270553067460790e-01
9.563044865573265270e+03 5.916397798201664671e-01 1.673712775696875951e+03
4.236261114532317151e+03 4.409799923745979372e-02 4.118987716868393711e+00
2.021404372691451385e+02 3.231442200274348142e-01 1.055397326403686620e+01
2.496542885705889034e+02 -1.549101585799536433e-02 2.995496608144186321e-02
4.272556716251662692e+03 -1.719791189053760661e-01 6.318431478454947836e+01
6.080201155805505095e+02 -2.498785150062499821e-02 1.898216676867087171e-01
1.796965623359801327e+02 3.352255806935117155e-01 1.009680751133205412e+01
1.003160384549476589e+02 -6.429135300919117668e-01 2.073220567973773498e+01
1.651420738777399947e+03 -6.012163109544520490e-01 2.984621392270305478e+02
4.072564798344095038e+02 -1.550937741051672085e-02 4.898089721987985284e-02
7.692759137513517089e+03 -4.065907040704050401e-01 6.358680872366885524e+02
5.740628322027731656e+02 1.217756325983457635e-02 4.256476326326515125e-02
1.254685190404703462e+03 -1.438195854096106230e-01 1.297600012764035071e+01
5.244049332703951904e+02 -1.141411066847093300e-02 3.416024139869642401e-02
7.678114468465998925e+02 -2.600945632331130852e-02 2.597090808691588926e-01
1.963434114159582350e+03 -7.510572175982334064e-01 5.537737747052677832e+02
8.978737571242731065e+03 1.689302647314459283e-01 1.281150669577552890e+02
2.039117035866207516e+03 -4.269354328738330095e-01 1.858388704778798797e+02
4.205582673137417260e+03 4.356832707297949581e-01 3.991516672899387004e+02
1.682251211891949424e+03 -7.586762363959093092e-02 4.841431777162150674e+00
2.117798030139543926e+02 -5.551028701667403559e-02 3.262882916436710690e-01
2.024837977503515560e+02 -2.777556707830960980e-01 7.810631543731314963e+00
5.381212812997367109e+03 -1.544447914928006593e-01 6.417955556742013812e+01
4.165375398088227485e+03 2.307223070131540488e-01 1.108672622430815551e+02
1.345026811430265298e+03 3.963355793601910926e-01 1.056396778064979287e+02
8.143749758931920042e+03 -3.678164770083547919e-01 5.508797207829668423e+02
2.376694022609712647e+03 1.427020751836273471e-02 2.419935862427137208e-01
1.812795762939553015e+02 -8.129579512317612888e-01 5.990389313209021083e+01
1.373936713884193296e+03 -1.000824022628398792e-02 6.881009783449706929e-02
7.172375440268910097e+03 -2.109770542846355346e-01 1.596259399910482557e+02
1.153274776642521829e+03 -1.205439202721609974e-02 8.379023733218740611e-02
2.366956807908355131e+03 1.455477101096109768e-02 2.507096736556213012e-01
1.219869325081818033e+03 3.083408996284238146e-01 5.798899543323828709e+01
1.443180168954670819e+02 5.871109278265411735e-01 2.487315548461813108e+01
3.471244701849735748e+02 -1.480877680337704810e-02 3.806217566424076326e-02
3.596499224136120461e+02 4.075085973990150850e-02 2.986231873964915184e-01
1.704628850525079145e+02 -2.438484599369484529e-01 5.068038122182093375e+00
9.185147998038099786e+02 1.593071759276877275e-01 1.165539081717397707e+01
9.685438163336773414e+02 1.504669140025721996e-01 1.096405750972877513e+01
1.555826963399491092e+02 9.514502839046349303e-01 7.042121247008972773e+01
1.838051822730227798e+02 2.057151568698104838e-01 3.889200551488158020e+00
5.422399618841149049e+02 6.586179788182358052e-01 1.176057860382628348e+02
8.058324168025857261e+02 -2.556565742036418509e-01 2.633471778253477780e+01
1.399324491513309283e+02 -2.305988670692153686e-02 3.720512588076705512e-02
6.270109397591494599e+03 9.830035746087768811e-02 3.029390902048590206e+01
3.895556965944238982e+03 -1.835569454905041920e-01 6.562679695229840604e+01
3.656503723731575519e+02 -5.795466259278229115e-01 6.140627990150227333e+01
1.054524904202745120e+03 -6.145702921397218355e-02 1.991452586557245885e+00
9.038797036741598276e+03 4.271073594757329173e-01 8.244318255651231766e+02
1.545311580155967476e+03 3.837437084660049735e-01 1.137806996281601499e+02
1.063427269744740897e+02 7.983831553100606548e-02 3.389225989296781316e-01
1.172259621240906995e+02 -1.007613745341217303e-02 5.950890742785996251e-03
3.542418176728744584e+03 -3.477817916369140699e-02 2.142315908986493600e+00
3.383056798239183536e+03 2.455518119759258697e-02 1.019918759794014917e+00
3.204678272156843377e+02 -7.884152176992453853e-01 9.960116924070618438e+01
2.154708923333111215e+03 1.970537425653116556e-02 4.183386493275358942e-01
1.023467634334970285e+03 1.494980114682099015e-01 1.143707448708102525e+01
4.658251248598555776e+02 1.738759299587137042e-01 7.041608005448544816e+00
4.567790208856476966e+03 -1.379485969492866629e-02 4.346210223086515168e-01
3.158903670597152882e+02 -1.385833183726622661e-02 3.033390339991621013e-02
7.303603476196992233e+03 2.149326975619288982e-01 1.686988685659301836e+02
4.844545829493266865e+03 2.749204883254721329e-02 1.830784750549929729e+00
2.178578948851462087e+02 -1.942519059201616022e-02 4.110303438742772542e-02
4.328747197498696551e+03 -2.393394947245366250e-02 1.239826650467902303e+00
9.365970665352436981e+02 4.552200035017572310e-01 9.704328137473981997e+01
3.554586454975564038e+02 2.076956497274868862e-01 7.666795623698425821e+00
1.425763294834816008e+02 4.269111242383707983e-01 1.299248958768918349e+01
4.338398863328434345e+02 -1.394641869100431419e-01 4.219149170231760060e+00
1.054585149480778000e+03 -2.824141476744888024e-01 4.205566977837138154e+01
5.270005909685865845e+03 -2.554001187607746193e-01 1.718791891891535499e+02
7.038422773806594250e+02 -7.138887669649455203e-01 1.793520937479441386e+02
1.378670339653188876e+03 2.035703826654867987e-01 2.856667032081766777e+01
5.908266314134475579e+02 1.617195437566416871e-01 7.726006728511100263e+00
9.194365166678537207e+03 8.298446804482227657e-02 3.165813898884056243e+01
7.013625161839292559e+03 2.011403585272531283e-02 1.418766730095352813e+00
5.698553766353304582e+02 1.418705325056153488e-02 5.734810242963481186e-02
2.001705873923660874e+02 -1.599601721583271408e-02 2.560908099389324483e-02
1.650835768334336819e+02 1.763846704325751705e-02 2.568003139495835668e-02
2.635588219587305503e+03 -6.168428414717569419e-02 5.014141898239699913e+00
1.498691556163975747e+03 -1.850369442110927701e-02 2.565660335340372300e-01
2.035325433332634702e+03 -1.774438883208395157e-01 3.204246768993295547e+01
1.331909334179988264e+03 8.723291598194293783e-02 5.067636401575421168e+00
4.923310494970934883e+02 -7.137471222285603212e-02 1.254053228971724554e+00
2.337736592650758496e+02 4.306936956856038945e-02 2.168216319150173266e-01
1.149513875588097790e+03 2.760402148632002395e-01 4.379544422485461297e+01
4.046415800058508125e+02 -3.411337821487035044e-02 2.354452703602908648e-01
3.207929741204586662e+02 -3.211886895372936812e-02 1.654685035307923713e-01
4.507347041780829500e+02 3.670806308908564075e-02 3.036784268336157888e-01
1.295011470250488230e+02 -1.788774888613549885e-01 2.071834203151758924e+00
1.797986696948451311e+02 -1.459522841788254699e-01 1.915041857079523790e+00
4.533768008671061580e+03 -2.766897195650022123e-01 1.735462941662895560e+02
9.232342097310740883e+02 -1.243308126282981728e-02 7.135746896797848238e-02
1.537723476598866228e+03 -6.664990669859224837e-02 3.415445350876403108e+00
5.856119718312031637e+02 4.030303062918009355e-02 4.756147996960291557e-01
8.761965860323396100e+02 -1.436222464962898585e-02 9.036806688041262858e-02
1.523412402662190743e+02 -2.466117094753545597e-02 4.632494140862890991e-02
3.034132441443059633e+02 3.689280572018029808e-02 2.064847147437852692e-01
3.345768841190796593e+03 -2.171683113525811615e-02 7.889670127283806567e-01
1.986732356938403541e+02 4.499825231942738979e-01 2.011410266624814724e+01
1.341685850010609329e+02 -1.596966920356755471e-01 1.710852955418576959e+00
4.539339391866634287e+03 -3.761556409182877925e-01 3.211425245266790967e+02
6.248629350917966804e+03 7.329850232399820475e-02 1.678591311128581509e+01
1.644405370032699807e+02 8.250987443248183895e-02 5.597456704569355734e-01
8.632678789641979620e+02 -2.623332275511071621e-01 2.970449620671043078e+01
3.322191027478885189e+03 1.078756004796690635e-02 1.933040964932095096e-01
3.562011351455084423e+03 -8.897948232322565321e-02 1.410084221361259615e+01
4.195968227128845456e+02 -7.232039067165575708e-02 1.097295813682466648e+00
5.130865370736645446e+02 1.011880779164056436e-02 2.626753482056592634e-02
5.455163266430191698e+02 1.056731566123514029e-02 3.045840230060637213e-02
6.932276574929625895e+03 -1.109327777356373078e-02 4.265457913328380424e-01
4.816259724691402880e+03 -2.019532454705710162e-02 9.821584941197100127e-01
1.289147239975405455e+03 2.279186096896118341e-01 3.348359663791156038e+01
1.769688831868761838e+02 2.539570120381181434e-02 5.706730084330794567e-02
2.049905111115147918e+02 -3.976730425082791037e-02 1.620899419095098715e-01
6.213355065002816445e+03 -2.509991943855232055e-01 1.957225348293712841e+02
1.181044021692920523e+03 2.977630573759460497e-01 5.235735758263417239e+01
5.685708663540282032e+03 -1.155022979855749865e-01 3.792589660004386332e+01
1.656124209926163076e+02 1.845107303335011620e-02 2.819071986997210427e-02
2.811346659020603056e+02 -4.706731773100464311e-01 3.114033668418802137e+01
4.544189774582988321e+03 -4.673182537539820047e-01 4.961945099519552400e+02
2.784491265070827467e+03 -1.628996559300101565e-01 3.694504485787923187e+01
1.772727479303772782e+02 3.208028654008610731e-02 9.121966198273630255e-02
4.061768789904223013e+03 -2.349689924800271029e-02 1.121259955002908537e+00
5.606098232528958761e+03 5.116647597242255374e-01 7.338405749198769854e+02
3.329753403794433780e+03 2.686058886605984242e-01 1.201193946495088767e+02
3.719582131492528561e+02 -1.047406706415151545e-01 2.040303890495433148e+00
7.451864519684697370e+03 9.160731191976984045e-02 3.126764943043882994e+01
2.497990487842354469e+03 -3.184993934794684289e-01 1.267004052293403475e+02
1.567238110464338376e+02 4.669616002729478493e-02 1.708705925241886803e-01
4.882172000697818248e+02 5.879676121972986919e-02 8.438978644450333411e-01
1.208346725702935061e+02 -2.032276097337993304e-01 2.495324279941133927e+00
7.678094018293419140e+03 -2.461973568528054435e-02 2.326966881552212651e+00
2.240605086098612901e+03 9.579314289975174312e-02 1.028026160752375873e+01
1.766694007160624551e+02 2.311332802913480464e-02 4.719068767815508963e-02
3.854932549045641395e+02 -7.321602915553510060e-01 1.033235051017176289e+02
6.925601428869405026e+03 -5.283425662311716509e-02 9.666265086893318426e+00
2.234518787909881326e+02 3.015791198639376780e-02 1.016147033771050284e-01
8.292110862422744049e+02 1.729836428055185060e-01 1.240638291391179671e+01
4.718631230468682588e+03 -1.592257876623054055e-02 5.981537833246554081e-01
1.647598020287492773e+03 2.431549308296987108e-02 4.870655661006391690e-01
4.173157857656337342e+02 4.450652663248663710e-01 4.133160044404072408e+01
3.061322503138127900e+02 6.732429971145924563e-01 6.937816000699163510e+01
1.909552098963856110e+02 6.960527313967579399e-02 4.625788800118429966e-01
5.153577380237902616e+02 -6.680945447764113920e-02 1.150150458365335027e+00
4.028435609824847688e+03 9.224887235704994914e-01 1.714070035271412280e+03
1.121126175874827311e+02 4.163398272673549810e-02 9.716736200716240279e-02
1.343239078103368911e+02 -6.343751125588308337e-01 2.702810488897100782e+01
7.050334080383477158e+02 -6.236185323219214927e-02 1.370937722283003701e+00
2.544819179158298539e+02 7.237661995778442436e-02 6.665358732064644576e-01
1.300695209262818821e+02 -2.729812307526631454e-02 4.846309208654652617e-02
4.593278285332731684e+03 -1.664099692622436344e-01 6.359916930551604963e+01
5.037492678143663397e+03 2.478782806099808986e-02 1.547609483421068299e+00
3.865821457283092059e+03 5.338961763279321815e-01 5.509667843139179695e+02
2.949508237837552770e+03 -3.299863542449131271e-01 1.605874418967404722e+02
1.273900820669031191e+02 -1.868605135753206858e-02 2.224030291193664771e-02
9.135349036066201052e+02 -5.448563566524614599e-01 1.355998451462010621e+02
1.942698598289945267e+03 3.160858161992945864e-02 9.704774471202999298e-01
3.670943497081363603e+03 7.995977764917960862e-01 1.173520984198088399e+03
2.177808628134178832e+02 -1.430507887805857609e-02 2.228282410616064940e-02
5.915004158570091931e+03 -1.493834612259266510e-02 6.599789657789663089e-01
1.735691851355169035e+02 4.199210978781372366e-02 1.530305077889514420e-01
1.972025818495967826e+02 9.807276093192919264e-01 9.483734871282585743e+01
9.425893454933693647e+02 1.890063060426293851e-01 1.683624044155030219e+01
7.372753542951253394e+02 7.730882164233965348e-02 2.203219812184864956e+00
1.877387396027536397e+03 1.216893523960311738e-02 1.390045646764581644e-01
4.944515260668337646e+02 7.284477831665203684e-02 1.311869327136659047e+00
3.803061823279679629e+03 7.938836443464887538e-02 1.198442216406142613e+01
6.942917794200278649e+02 1.108694890521278766e-02 4.267132412806599884e-02
4.063030764266699862e+03 -6.389533270507144480e-02 8.293892208846449066e+00
3.648268310935083719e+03 1.019738671746403674e-01 1.896856836424957748e+01
2.966928796768365828e+03 1.394882074813446060e-01 2.886370749988721585e+01
1.085031573324004512e+03 -1.140899382828620273e-02 7.061664341739831707e-02
2.740708136840330553e+03 -1.724209553210839518e-01 4.073923668740156501e+01
1.074961513926585440e+03 -6.431291838172285003e-01 2.223101823426523822e+02
1.686882595008599083e+03 5.629352613813274342e-01 2.672832649327548324e+02
9.865105988350172993e+03 2.128688115149537374e-01 2.235094195741222336e+02
3.635145257797925296e+03 3.192379076232019219e-01 1.852339915411459117e+02
9.327609253608294466e+02 1.269878867573340404e-02 7.520815608556062626e-02
3.650250774464448568e+03 -1.162751830231592565e-01 2.467554591652263341e+01
1.301326037827773803e+02 5.901812526045492335e-01 2.266349808127323584e+01
1.469574361350625509e+02 -9.005628295041032683e-01 5.959222569388570179e+01
1.199816203280352767e+02 -2.057609735304589960e-01 2.539865618292327376e+00
1.271160296695543224e+02 1.183842537627068786e-01 8.907548708596761955e-01
2.247728927789424233e+03 1.109573533028674758e-01 1.383649584181991798e+01
2.271706850923331331e+03 1.034652516730912297e-01 1.215937714411094106e+01
1.605331251094779077e+02 -9.323484405555484966e-02 6.977360496398569145e-01
4.576729043578916389e+03 -7.291749346783500396e-01 1.216714458119431356e+03
2.184242380188692096e+03 3.087031605713752569e-01 1.040765734808036456e+02
6.972669137917076114e+03 -1.341101238234665427e-01 6.270355863591448298e+01
2.175433128578853825e+02 4.987331204468349599e-02 2.705528809648866106e-01
1.249324798566924073e+03 -1.445228296083676985e-02 1.304722875881092758e-01
8.800316500991006251e+03 1.612807123016583299e-01 1.144545762340584076e+02
4.849874680201706951e+02 1.864759566259349688e-02 8.432303092855897297e-02
3.527814742589948764e+02 -9.198318845368723684e-01 1.492425615124506635e+02
2.121277791134589734e+03 2.542247772903067846e-02 6.854934360378505120e-01
3.529656189194200806e+02 9.040723383792376167e-01 1.442476583354954016e+02
1.108971483440917382e+03 -5.656031959653974317e-01 1.773838564731568397e+02
3.929119599532277789e+02 -6.445693495077235990e-01 8.162149651927771288e+01
5.837248663089456386e+03 5.423896016534357489e-01 8.586198184862979588e+02
1.698943619295286567e+02 -2.885080519207335881e-01 7.070739669419268125e+00
6.340404600125197021e+02 -1.260985719135623295e-01 5.040891073140604917e+00
5.821685712541451494e+02 3.680466195229894349e-02 3.942978660435901839e-01
2.323559985005942963e+02 6.627474882393577515e-02 5.102935441164767605e-01
1.248563068498183384e+03 6.223944964464157570e-01 2.418310026492158329e+02
3.723094253343788864e+02 -7.320626120329896125e-01 9.976322717857587463e+01
9.879065989731436275e+03 1.557858449915053289e-01 1.198786598738221585e+02
3.471890945294236985e+02 2.311927851526985114e-02 9.278646588928764205e-02
1.910113991593958360e+02 5.535138005701909503e-01 2.926080009190344811e+01
1.531041522617103965e+03 1.159180750253651221e-01 1.028630255971767404e+01
6.109364326492847113e+02 -1.136761079700867316e-01 3.947338956507786101e+00
7.064327878041209260e+03 -2.064677650953673782e-02 1.505723976452655322e+00
2.422040951653713137e+02 -1.855685795337124466e-01 4.170233502638746259e+00
1.024360927625294835e+03 3.768720890950969654e-02 7.274630836729821803e-01
2.844138240509646494e+02 -6.775831814851351886e-01 6.528989066764688687e+01
2.078239355318931757e+03 -1.929242020450656347e-01 3.867577226867439322e+01
4.755242877391694947e+02 1.182731033691048796e-02 3.325942164475229057e-02
1.000086356188640707e+03 3.831196085420666975e-02 7.339665493279187158e-01
2.188370630702481776e+03 -5.613299466790002690e-01 3.447682833448897668e+02
2.128494221192393354e+02 3.344104800799317656e-02 1.190151472844798025e-01
6.934034750223217998e+02 -2.431440087984546722e-02 2.049666314529391131e-01
3.743955787448445562e+02 -1.950922707628653316e-02 7.124933958972951009e-02
5.186223529483717130e+02 -1.570062003935097372e-01 6.392266057920775957e+00
3.295013532384793052e+03 -1.801893402039562442e-01 5.349157642344496821e+01
3.977271438011302507e+03 -3.027965831453049289e-02 1.823295986667922142e+00
6.379886508802920616e+03 -4.102695463874319048e-01 5.369347597289021223e+02
7.306916201629060197e+02 -9.846398210271353202e-01 3.542084539213124117e+02
3.604550699834386705e+03 1.189015972531946713e-01 2.547982965669718780e+01
1.238818297074325983e+03 1.952674307492247852e-01 2.361768030331717938e+01
2.018914733305516165e+03 -2.162306264458056446e-02 4.719786945806688783e-01
7.562861171020132360e+02 -2.638182732870638855e-02 2.631878762580708297e-01
2.060437223293807619e+03 -6.529104276101507232e-01 4.391739796785032013e+02
1.175154881898001122e+03 3.811952619324539548e-01 8.538077671631212695e+01
4.019988175239646466e+02 -1.285000784481298008e-02 3.318956539714400938e-02
1.187846630214526584e+02 -2.796963480716294081e-01 4.646264892924347301e+00
6.130561774336919143e+02 -1.087364118420096754e-01 3.624267735230762622e+00
2.627398562322831367e+03 -7.002685502500606285e-01 6.442066544907278285e+02
3.275926689610417384e+02 -1.851934122853065023e-01 5.617657357589609823e+00
2.271554862883098394e+03 9.128122064219144072e-01 9.463594271457452578e+02
1.156509217430628041e+03 6.793618795496420004e-01 2.668833318496975835e+02
4.343354538990371339e+02 5.915577923148846590e-02 7.599580937069758679e-01
5.413163063149965637e+03 1.174684917542552637e-01 3.734770324285295118e+01
7.769821722900362602e+02 -5.550294734621598058e-01 1.196776768441284418e+02
2.877726714221244947e+03 -3.904875099179312692e-02 2.193985975078780015e+00
3.584330371175799428e+02 3.862359024110248451e-02 2.673519268658706705e-01
1.657493342538886054e+02 -1.651146233722515233e-01 2.259398694742023483e+00
6.922841693625896369e+03 -2.044326786566043053e-01 1.446621926085543350e+02
3.332130038984021212e+02 -1.557477716625843833e-01 4.041435291928507034e+00
4.983031625085218366e+03 1.061785325219631766e-02 2.808905220348160148e-01
5.367699744553933670e+02 8.196569002402091797e-02 1.803110811730734397e+00
6.246349383805959405e+03 6.844290570764755000e-02 1.463029741237309089e+01
1.983252324154470898e+02 5.584303535392610984e-02 3.092331247908922109e-01
2.775875142165974921e+03 5.954349631011590649e-02 4.920832661304466171e+00
9.909377375968916795e+02 -8.569323924307238327e-01 3.638392028626069532e+02
4.229467009706797398e+03 1.257233223754083418e-01 3.342622594739918895e+01
2.674458912421976038e+02 1.636240372946814320e-02 3.580141099239247948e-02
6.877758233033878241e+03 1.198593596946340434e-01 4.940385249565043324e+01
6.161380231287556853e+03 -1.298940379833965764e-01 5.197882414854344546e+01
1.917524463643003969e+02 1.501145152801518050e-02 2.160510066662422665e-02
3.271563758657332528e+03 -5.612725981554741450e-01 5.153153426788235265e+02
7.804988290813247431e+02 1.817174074161918285e-01 1.288651027310445407e+01
3.479379726549550469e+02 -1.644397555838946617e-02 4.704196756528795237e-02
1.884179441422819252e+02 -5.155226549886567922e-01 2.503731630537327391e+01
1.636812543226125740e+02 -3.644688348565097713e-01 1.087150689520303182e+01
1.598816209879598773e+03 -2.091552777205914204e-01 3.497085115871387728e+01
2.246614703337363039e+02 -2.030850779073374301e-01 4.632918165303784086e+00
6.219407653850014412e+02 -3.097840338723243866e-02 2.984262965782288890e-01
1.349917627195785599e+02 -4.848365066397870016e-01 1.586601642243593346e+01
7.248375383134223739e+03 2.111856217952214343e-01 1.616364764004531480e+02
7.038607218221316089e+02 -1.058667924320331154e-02 3.944357264995428797e-02
7.176989585881344283e+03 5.420248670945779224e-02 1.054267317788768388e+01
1.122749741804746463e+03 1.355973570610449243e-02 1.032179947627234751e-01
5.216840003605921083e+03 -3.486696842843437505e-01 3.171070509608230736e+02
2.446873838724088444e+02 -3.884559815553654399e-02 1.846142449478798131e-01
2.281368099848132260e+03 1.587255770340484096e-01 2.873817586046231654e+01
2.838851416392587907e+03 -1.484468307575008972e-01 3.127912005870577516e+01
1.880322581219898893e+03 2.217661693342310725e-01 4.623735213942504174e+01
2.339924589187899983e+03 3.876939624968921416e-01 1.758530646394460462e+02
1.159511899608709626e+02 -1.952126818601043479e-01 2.209333460953029959e+00
6.803238171956033511e+03 8.936379087964850532e-02 2.716494604715590100e+01
1.431042742206961975e+03 6.642671187408338840e-02 3.157243810229138248e+00
3.243778027330593545e+02 1.724558011520384293e-01 4.823660659035575726e+00
1.999244060079912799e+02 -1.190520884539427171e-01 1.416804264590244999e+00
1.418178111417574200e+03 -1.957253025355498721e-02 2.716406296450131208e-01
2.543501781379541740e+02 3.186521551824045839e-01 1.291325629559642962e+01
1.270770760842220710e+02 -1.900705954757222482e-01 2.295446042640083117e+00
9.605367444428635281e+03 3.882127280469062081e-01 7.238082480637772278e+02
1.141057899517984197e+03 -3.067427962251887547e-02 5.368172101797937801e-01
1.078845827841347500e+03 2.855225087395354966e-02 4.397542977045278412e-01
4.919577653722976720e+03 8.906710797888505171e-01 1.951338109446621502e+03
3.276937642756733453e+02 7.173052800200195589e-02 8.430362256455887771e-01
1.925595905560130177e+03 -1.533263874934853548e-02 2.263439887676061135e-01
8.412288735342009431e+02 7.355963589257107083e-02 2.275953143367580367e+00
3.817355892949609597e+02 7.298843238058602134e-01 1.016812151859405873e+02
2.031911370150192511e+02 -4.706388913067408586e-01 2.250351656679303858e+01
1.693989103442653459e+02 7.266529407083185954e-02 4.472338714907181378e-01
4.941212418557260207e+03 1.400085861157264293e-02 4.842982149902930189e-01
1.382310515143024929e+02 1.263640097899346448e-01 1.103627244402876739e+00
1.112043660620389801e+03 3.071561717695230759e-02 5.245783168273127073e-01
5.251991611031061439e+03 5.440617135479017819e-01 7.773030254578236509e+02
1.484674606019034854e+03 -1.052380617932344442e-01 8.221422487874999518e+00
1.702997138994895977e+03 -4.332443091485715936e-02 1.598268191390618043e+00
1.231176111949215084e+02 8.703030100704443883e-02 4.662632172090188099e-01
4.676577440804280741e+03 2.459901340696426242e-01 1.414925302897708548e+02
2.301171874704835432e+02 3.341041981872235334e-01 1.284348631507361027e+01
1.536110437426411011e+02 7.741634468836846583e-01 4.603177988114686769e+01
4.678394910607250381e+02 2.647381854906951104e-01 1.639457106513027895e+01
2.860335777327479718e+03 -4.030508978504253048e-01 2.323308110668215534e+02
1.342048769763395512e+03 -2.151883179276553940e-02 3.107246333439883101e-01
2.583107517250485216e+03 -1.347441367953604308e-01 2.344942731119245849e+01
1.685989955404000114e+02 5.931354659682977482e-02 2.965737941810320244e-01
1.326458145706247024e+03 1.493512258649539251e-02 1.479384753711385503e-01
2.652526502681271722e+03 -5.608732926172851907e-02 4.172143688965124220e+00
2.698589532637572006e+02 -6.073104340521025268e-02 4.976549419747153813e-01
3.928978534119949472e+03 -1.977015238799144370e-01 7.678381639701261463e+01
3.253209828986480261e+02 1.628851971849661073e-01 4.315641055497250633e+00
1.738678541307271644e+03 -3.139705828852457081e-02 8.569731535312556936e-01
7.529155415603781876e+03 1.897994699466112878e-02 1.356145404658671616e+00
8.362471313273282476e+02 -2.601292814836174763e-02 2.829326895740667536e-01
6.251972185135055952e+03 2.055449121680653080e-01 1.320688827591293091e+02
5.401131725036995704e+03 -1.268841675173338623e-01 4.347800846538746100e+01
2.114499632708743775e+02 -7.119966690990701119e-01 5.359614361632603163e+01
2.856896111400305472e+03 2.031831124040391415e-02 5.897115984578362724e-01
1.687469110475698471e+03 -1.235984595709860821e-02 1.288937776388822676e-01
1.264294244837662518e+03 -2.742292149456558581e-02 4.753851444283925254e-01
5.495362343648278511e+03 -2.527041633225042827e-01 1.754652549789762190e+02
2.926113977339723078e+03 -2.292588489300454169e-01 7.689771908884465290e+01
1.142846404830328083e+03 4.627088409817934345e-01 1.223414056529038021e+02
2.172481281318152469e+03 4.134296295085785472e-02 1.856646588694849775e+00
9.228791606706300854e+02 8.487142761301907923e-02 3.323822769905647956e+00
3.349581956781721146e+03 2.647145672475881978e-02 1.173589716005292827e+00
1.044969397055388640e+02 -2.317008497886123286e-01 2.804973931783658614e+00
9.844909411638511301e+03 2.406515624137328113e-01 2.850749783079175472e+02
6.724286946225754491e+02 -2.222186559129666616e-01 1.660264474068306129e+01
2.128719033538453459e+03 -9.950795555964156436e-02 1.053911042080636840e+01
2.596372173547731109e+03 5.382935923977642118e-02 3.761623896202396899e+00
6.285792776656918250e+03 -3.416932027124054694e-02 3.669464942406420516e+00
8.004655869509373360e+02 3.404034344299586290e-01 4.637677409583203314e+01
6.404622075991407655e+03 5.842551898184602521e-01 1.093122088212470089e+03
2.488271294813553595e+03 -3.612308448879174988e-02 1.623444281045393955e+00
2.662679997793877078e+02 1.010087859864605524e-02 1.358336225282989231e-02
1.150192713058781067e+02 -7.513001347789308726e-01 3.246142268237038309e+01
4.412751639132297896e+03 5.360414291033245293e-01 6.339809408052062736e+02
5.187962454474993592e+02 1.806120296068063763e-02 8.461749700840948130e-02
1.164132330260912909e+02 -1.128476932911544744e-01 7.412380881415038258e-01
2.704706405124716184e+03 -1.584676775149330627e-02 3.396030013699996575e-01
4.751738424137977290e+02 -7.480834415380944735e-01 1.329604920458737922e+02
1.594510742082170509e+03 2.975998044959691780e-01 7.060943507854287304e+01
1.002807966639153392e+02 -2.289618834006422465e-02 2.628537380658445971e-02
4.570216452490338952e+02 2.480227125057898885e-01 1.405690401905483533e+01
1.831000070435768521e+03 1.651531649884913910e-01 2.497078337827066008e+01
5.085325627080599702e+02 -1.163188001650778541e-01 3.440238874616339704e+00
2.453351345336687928e+02 -1.329975142104022554e-02 2.169785487888138686e-02
1.646734547832973476e+03 1.135997905295408894e-01 1.062548254979876639e+01
1.637758101152025574e+03 1.356415368620473849e-01 1.506624981848216649e+01
9.335401975189341783e+02 1.423483951111148282e-01 9.458193126945294793e+00
8.001643502272215756e+02 2.796976315034926386e-01 3.129873464947279871e+01
1.280959942682570500e+03 2.864777824540812312e-02 5.256388371499319812e-01
8.518918742287841042e+02 2.202444253298131011e-02 2.066161807345185120e-01
1.939025324495016775e+02 2.861251012888517686e-01 7.937164922061491268e+00
5.755206530788591408e+02 1.260474446689279805e-02 4.571924070630167813e-02
9.275890053945868203e+02 1.919586324951269227e-02 1.708995390891228927e-01
6.150032257723838484e+03 -3.630226763168789561e-02 4.052424258743727137e+00
2.769155302461439533e+03 -5.858413992553655747e-02 4.752010965554766209e+00
2.571848467473988649e+02 -3.057403260011447577e-01 1.202045285549658260e+01
9.690440882561066246e+03 3.717325605363239888e-02 6.695372545468475600e+00
3.405742214789861464e+03 5.991985738273160333e-02 6.113970218198802264e+00
2.506421427057382061e+03 -4.928595112705541625e-01 3.044180383340194567e+02
7.741835924666005440e+02 4.703391133981157379e-01 8.563201423621765684e+01
1.499667246360394017e+02 -1.081305616573589728e-01 8.767218459144032749e-01
6.750344124761487365e+03 1.894774319527365303e-01 1.211744054469844798e+02
1.179591880670465258e+02 2.612633992958144497e-02 4.025862382919756510e-02
2.889062705955504384e+02 9.719850150542991285e-01 1.364728029856862577e+02
5.535099693635474978e+03 1.975508018429323817e-02 1.080072840248895272e+00
2.149078194901856591e+02 -3.309850520637887539e-01 1.177169451579890413e+01
7.055806290428528200e+02 -3.833798632331801570e-02 5.185316259833523400e-01
1.262444496588171205e+03 -5.019317232735212020e-01 1.590272642217294106e+02
1.479846600463997220e+03 9.341406375317390376e-02 6.456709310550734493e+00
6.364299464538768916e+03 -3.107913910414101255e-01 3.073679436209034748e+02
5.177849654356356041e+03 -5.635142143375529988e-01 8.221085994103532357e+02
7.424159186733402294e+02 -1.448023824441515006e-01 7.783388250931631447e+00
1.778155196286460296e+03 8.193430560088488246e-02 5.968582790308762931e+00
2.207280323101443855e+02 3.940390354680461948e-01 1.713586337150645988e+01
1.292862800213954131e+02 1.043803324431754644e-02 7.043034169067568205e-03
2.536459877657682966e+02 -1.746840783446121370e-02 3.869943699862440911e-02
2.611974537680971480e+02 -1.134332795903860575e-02 1.680428043451555331e-02
9.772194497107015195e+03 -7.715561740286941417e-01 2.908688462385074217e+03
6.747430025148181585e+02 1.138200157489072800e-02 4.370646444270653158e-02
8.702054915233792372e+02 6.817253874836149974e-01 2.022137852555401309e+02
1.404578165044721914e+02 -9.368059293003679067e-02 6.163326554869489327e-01
1.775140545505088596e+02 -2.487004764076162777e-01 5.489793168692860270e+00
1.748324849733326573e+03 2.427374420165626934e-01 5.150693138261352289e+01
2.125474191472405039e+02 1.050862740857281576e-02 1.173593859164922051e-02
1.587153304991811183e+03 -2.555584061278833030e-02 5.182856969306405270e-01
2.269134498647985367e+02 1.497773111369942942e-02 2.545202272612716310e-02
6.937039236936948328e+03 -2.738527471648749545e-01 2.601227634429951650e+02
1.274057184820339899e+02 6.657525703954512986e-02 2.823479438509087780e-01
1.745036566227603316e+02 6.645774835673469438e-02 3.853592446065836619e-01
5.870638503903440323e+03 2.364305669954071265e-01 1.640826231803774533e+02
1.959056134394413959e+02 -1.806859525472124806e-01 3.197905779360324274e+00
8.722322789500234421e+02 -2.723220827044844222e-02 3.234207491774158671e-01
3.489193844353831651e+02 -2.449115453856835420e-02 1.046438282563118688e-01
3.954688754812485740e+02 -1.643277864294698520e-01 5.339545893067871418e+00
1.932129059602867983e+03 4.801302973852582534e-01 2.227021247224575689e+02
1.007954160263604564e+02 3.519935273103515921e-02 6.244247964835566989e-02
4.684589682459059986e+03 8.522718602779844055e-02 1.701366435425258317e+01
1.121700619477827559e+03 -1.327807800103674579e-02 9.888203488624508486e-02
8.661720219922382284e+02 5.823708942477543588e-02 1.468836578494066680e+00
7.425576709291584621e+02 4.885001926796136429e-01 8.859917377679785488e+01
1.653478684561884165e+03 1.414455236543296912e-01 1.654043856956840131e+01
3.095380284489120299e+02 -2.061346904337879871e-01 6.576369208506178232e+00
4.433769481508978174e+02 -9.932769200762765482e-01 2.187176356921958984e+02
1.512363650058833286e+02 3.132758194344373859e-01 7.421299934058093406e+00
6.029048541530031798e+03 8.716399326296113415e-02 2.290303420823424929e+01
1.266140871095777669e+02 -3.898998226743691786e-01 9.624055254353814703e+00
6.244946498291040371e+03 4.857078008995906887e-02 7.366291210269548806e+00
8.796591932537574394e+03 -4.393208672275424748e-02 8.488835439558984675e+00
1.581595086622415920e+03 -2.517115914524445941e-01 5.010392429204964770e+01
4.096179084597112023e+02 -2.164831138366384022e-01 9.598359059880323230e+00
5.554486893397123822e+03 -1.147383036229825543e-01 3.656207203602637179e+01
6.709862363346628626e+02 3.683543868324672121e-02 4.552136840607040602e-01
8.341573472482878060e+03 -5.641100513728420918e-01 1.327228381074468416e+03
5.402685117978015114e+03 6.986348980776411199e-01 1.318500236776958445e+03
4.237231154584776959e+03 9.636455985345439290e-02 1.967373627197311592e+01
3.202842318805716673e+02 1.825521986420656773e-01 5.336784893736292723e+00
5.262009785814938368e+03 1.146409961536757650e-02 3.457813440097098345e-01
1.995429769497135055e+02 -6.083248907870913991e-02 3.692135448915406237e-01
4.346520076707306544e+02 7.938388422774659281e-01 1.369545244613474324e+02
2.112103945208420100e+03 3.079693829287296625e-01 1.001613980564718247e+02
1.155774904616805117e+02 -3.022419129429523843e-01 5.279011928577808099e+00
2.344172946771373518e+03 -6.308022805388181498e-01 4.663867068359355699e+02
2.199724459498825127e+03 8.909828682780665532e-02 8.731261497431150431e+00
2.247045088372526038e+02 -2.074102425653698983e-02 4.833282612661769090e-02
1.161486068100559578e+03 -3.194408633387375851e-02 5.926045082514309614e-01
2.750743811370597314e+02 7.318881332231980119e-02 7.367320444737673890e-01
7.905799596830939663e+03 6.081477171451179498e-01 1.461954873200094653e+03
1.216669812714236514e+03 -1.476364244598909678e-02 1.325958019804284183e-01
4.897849047416657413e+02 -1.095816246361154545e-01 2.940701006006603002e+00
4.619517451426800108e+03 4.553534151340934283e-02 4.789209250425866315e+00
1.572204515137544547e+02 -1.168796102684294472e-02 1.073881975567184642e-02
3.295960526868790339e+02 -2.124591078237367953e-02 7.438797098916317962e-02
1.746846536427908632e+03 -2.957838973110118314e-02 7.641415437982908010e-01
5.050162990720963535e+03 1.625486571368744623e-02 6.671786976671615355e-01
1.951315481199162321e+02 6.609032925017530036e-02 4.261606295849592052e-01
9.054217457970768237e+02 8.298074498052308012e-01 3.117278356435139131e+02
2.589434691057560485e+03 5.790740760069897075e-02 4.341534056115945894e+00
4.385239962680398094e+03 1.943126802214510118e-01 8.278766848152268665e+01
2.578186130300047807e+03 -8.535753757583978973e-02 9.392215050117766140e+00
5.284302588076974416e+02 2.001531496467722285e-02 1.058479715476677713e-01
3.154410844910937612e+03 1.362599233120168063e-01 2.928360511827763091e+01
1.262165839625342016e+02 -3.917663017411301407e-01 9.685913360063263866e+00
1.193214166014055166e+02 5.661996807039519908e-01 1.912615386760092662e+01
3.097823963503034520e+03 -1.480755803690697418e-02 3.396202882869218675e-01
9.430207945989569680e+02 -2.701974299900963272e-01 3.442339510020495652e+01
9.009586925675434031e+03 2.699823713488571086e-01 3.283565615873106367e+02
7.717495810788827839e+03 -3.249143467943722829e-02 4.073654416338055029e+00
5.871435840834037663e+03 -1.990787152722230460e-02 1.163493557188585159e+00
2.906355904837897015e+03 1.226863411637526546e-01 2.187314489057187217e+01
5.085920547831426575e+02 4.261909919509748179e-01 4.619001550033025438e+01
7.702759716742961018e+02 -9.860979460782907935e-02 3.745040022472062358e+00
2.353448102821240013e+02 -3.189363171704281408e-01 1.196968110870179736e+01
1.192053519220479672e+02 6.325495608778888279e-01 2.384815994192891608e+01
1.311662978901412657e+02 -1.272318826381713952e-01 1.061656864485598151e+00
7.864088898999989397e+02 -1.448691684996207818e-01 8.252211562535935130e+00
2.530931334198819513e+02 4.155276918874643843e-02 2.184994309482621855e-01
3.192746153059157223e+03 3.355695819794919377e-01 1.797626941904304942e+02
9.554830711127817722e+02 -3.897400262283939876e-01 7.256764363723524980e+01
9.579871007665920843e+03 4.053680014642533497e-02 7.870976093496516945e+00
2.335160117740485020e+03 7.172916666874286085e-01 6.007285046043296006e+02
3.793173547127539678e+03 1.846411785183395271e-02 6.465912816799371798e-01
9.256809442082596433e+03 -6.619254435138342829e-02 2.027913741563254391e+01
3.289079777904584034e+02 1.227831638649953643e-02 2.479259876713498650e-02
6.113518363704667536e+03 2.705367044881396565e-01 2.237245361026507737e+02
4.243772052292006833e+02 5.582960994399684823e-02 6.613802774996683231e-01
4.859634293913629222e+02 1.189584769105004117e-02 3.438463215092904535e-02
4.684506851448167026e+02 -1.805626974070048962e-01 7.636422539186213498e+00
4.575760632260034072e+03 -1.700199447500260475e-01 6.613525665459859226e+01
8.248140779810496497e+02 2.016602871889609447e-02 1.677130403109761136e-01
1.544017591683412320e+03 1.597173022400682763e-01 1.969364842065049004e+01
2.926851628557350978e+03 5.847311292628509100e-02 5.003606424031135980e+00
2.436250961415027803e+02 3.717379046809761722e-01 1.683316270501481426e+01
2.617671006020823825e+03 7.282047272707783403e-01 6.940520715755716310e+02
1.332686517026032789e+02 -5.290513062465924260e-02 1.865063360102625634e-01
1.843139359907763946e+03 -1.817986468822988325e-02 3.045856726418533222e-01
1.042172111651761526e+02 1.659153234330414117e-01 1.434440199619332557e+00
1.537328294779702674e+03 -9.427467064458044943e-02 6.831666739050154646e+00
6.303373923483603676e+02 7.217146605742520704e-02 1.641625652779491018e+00
5.696026258745669111e+02 4.207645798910204099e-02 5.042203091169338292e-01
6.745527022781287087e+03 5.267568114296642401e-01 9.358499274391598419e+02
1.327386948130843848e+03 -5.735715999179992197e-01 2.183447862297632582e+02
3.954318164310546422e+02 -1.654835435506647467e-01 5.414411233240213228e+00
3.425570493343539965e+03 6.150955112959542725e-02 6.480194316636346485e+00
8.725630806632113945e+02 2.074391698568754105e-01 1.877363497183352692e+01
3.058376219377171310e+02 1.247440062785301479e-01 2.379579878708377283e+00
2.743329088392093581e+03 9.489934716388700453e-01 1.235305464164568548e+03
6.615272876614404822e+02 -6.615888083349054372e-02 1.447751646484187971e+00
4.151799459116135722e+02 4.009623870902984666e-01 3.337441346849865198e+01
1.357302535971357202e+03 -1.332928370676575783e-02 1.205758378592910601e-01
1.033395751365778551e+03 -1.275901318197051985e-02 8.411449623633855677e-02
9.605132105884698603e+02 -3.834259450404932101e-01 7.060514350266583961e+01
1.502748810717899346e+02 -4.431374704500220391e-02 1.475480063918444829e-01
2.902191078391713745e+03 -9.655931462716895730e-01 1.352958127999974522e+03
6.438992215789668307e+02 -9.509143554197548032e-02 2.911191080080148375e+00
1.911990139381364884e+02 2.249234868917216745e-01 4.836434023030406593e+00
8.122427922787611351e+03 -3.894238645393376386e-01 6.158869402614839146e+02
1.572306444036267976e+03 1.288754595391972679e-01 1.305712772688764645e+01
4.624940895394993277e+03 -1.050164129352710585e-01 2.550295773864106863e+01
1.710764595859072301e+02 4.710655951211419057e-02 1.898117226243955791e-01
3.972491867937279949e+03 1.711837570994373114e-01 5.820470990681672419e+01
5.689247822897983497e+03 -1.763852362370227911e-01 8.850123242143608593e+01
1.088995277652396823e+02 5.448403644421373482e-01 1.616346809571448162e+01
7.458643315917993277e+03 -1.147630324339220416e-02 4.911723083787254418e-01
1.257187541104915454e+02 -8.599502600597151714e-02 4.648541763632070833e-01
4.562703736920648225e+02 -1.436907559725588389e-02 4.710314811566902043e-02
3.917774807021901893e+02 2.690738735979806770e-02 1.418249161082773269e-01
7.243891632373754874e+03 2.186719667298735875e-02 1.731921370287378803e+00
1.180306865402329777e+03 2.727551796789068339e-01 4.390469362992836722e+01
4.546566580254336145e+02 -8.307159699630422001e-01 1.568767844121485950e+02
5.860601006609542765e+02 -1.295129325123206207e-02 4.915168760780602025e-02
5.766372974872230770e+03 3.361523954275327797e-01 3.257955549877061117e+02
4.867783834182669125e+02 1.688624343774952630e-02 6.940126399218844722e-02
2.804724580967336806e+03 -3.752608100485192721e-02 1.974816051233542646e+00
6.952072724590241251e+02 3.945872327427128040e-02 5.412156784066374238e-01
1.015478366773314605e+02 -5.682653302922222732e-02 1.639619223594418473e-01
8.356381233443099745e+02 7.479927112450070192e-02 2.337668804143796297e+00
3.913776572270591600e+02 -3.004458631079056502e-02 1.766438373455006539e-01
1.041528925605198310e+02 -1.452737759629026994e-02 1.099045797318042202e-02
4.260614483200124596e+02 -7.853467238115153792e-01 1.313908482402014499e+02
4.917320613374387790e+02 2.435655392838517730e-01 1.458579867431006427e+01
1.483801004348111121e+02 -7.331333329275248334e-02 3.987600084786485088e-01
2.890123929886868609e+03 -1.188150535414304702e-02 2.039996425009321934e-01
3.053790751960558509e+02 -3.973964999624364225e-01 2.411333920431090050e+01
8.513440815419203318e+02 -1.900081643643595358e-02 1.536808133002825483e-01
8.171883739739305383e+03 6.140424877636327938e-01 1.540596932459131040e+03
5.740107529324861389e+03 -1.278914851214159043e-01 4.694326513132138956e+01
6.632065938084613208e+02 -3.380056774723866342e-01 3.788495974616328965e+01
1.483137170858431091e+02 -4.405259194642704296e-02 1.439110879612910121e-01
4.698116554908640410e+02 -1.733844511470285510e-01 7.061778434267434790e+00
9.157838721378937407e+03 2.518695319820352108e-02 2.904786821463099411e+00
1.725010086768442989e+03 6.550783474036032950e-02 3.701247548225182982e+00
2.222440705239358067e+03 -2.274088143466653222e-01 5.746650366887037364e+01
4.801706813489875458e+03 4.362688540176871965e-02 4.569556605097242041e+00
6.841169472233326815e+03 -7.553318006360847103e-02 1.951532968591510198e+01
5.631899117860173646e+03 -2.215020624353575274e-02 1.381593940768690576e+00
6.937819539595454899e+02 2.456770213931227728e-02 2.093736767357706752e-01
1.578823195478977368e+02 2.909341701249724688e-01 6.681792221265814291e+00
1.694900063322748110e+03 3.992805284487735418e-02 1.351046707881790043e+00
7.978272016147165232e+03 2.273102995732810827e-01 2.061185470065596235e+02
8.375203718232736719e+03 3.528596217784326083e-01 5.213979418239623556e+02
2.620317163864271606e+03 4.453045483821974765e-02 2.597993906460781321e+00
9.761171264998932884e+02 -1.544862783617493435e-02 1.164801064972787736e-01
8.270286444078958084e+03 4.090078025212623425e-02 6.917572859738335467e+00
4.019514225644477847e+03 1.120409023750379082e-02 2.522881024554710638e-01
3.752585558404864969e+03 -4.715873867754650228e-01 4.172775010062412093e+02
1.921362800116436119e+03 -7.187910566902934173e-01 4.963462124022871080e+02
1.262010304172953852e+02 2.899767883252172829e-01 5.305903855234848976e+00
8.649423281408016919e+03 -9.151303938126167936e-02 3.621788742539441586e+01
2.080923509355656734e+03 1.591270148896478387e-01 2.634595542046816519e+01
8.368390195581865555e+03 -1.093473388973648965e-02 5.002975350531750909e-01
5.022817702849338275e+03 9.566952829150761339e-02 2.298606793140356785e+01
1.310977598019670438e+02 -7.440862318888227245e-01 3.629207604902968853e+01
1.047634332201531151e+03 1.032023411862884460e-01 5.579031657340353334e+00
5.098313560219004103e+03 -5.835019798249332368e-01 8.679230342504346254e+02
5.097955321066719080e+03 -1.753236596033914962e-01 7.835145825789423668e+01
1.077604393621315239e+03 3.030853530531869497e-02 4.949476379025343764e-01
8.140841317006611462e+02 -1.330103124826271382e-02 7.201283711500192086e-02
2.774718674899854136e+02 2.718756435909754077e-02 1.025485599750105142e-01
2.445187782164708551e+03 8.995311096549878094e-02 9.892694481254261873e+00
3.126967208913346440e+03 5.382121456357317202e-01 4.528979131503306235e+02
4.013055098802635712e+02 -7.713576690274099867e-01 1.193869151074381136e+02
7.869873454108839042e+02 2.972821965847345302e-02 3.477567399841645646e-01
1.133886040264572330e+03 1.117415162796165928e-01 7.078944922972083553e+00
3.688644853800122291e+03 -5.139019373983510358e-02 4.870767025237838332e+00
2.566960177214265286e+02 -1.750548711139015001e-01 3.933123067169181919e+00
1.716060893178082097e+03 5.768811059790531770e-01 2.855455057292467131e+02
8.122852950204674016e+03 -1.915303083590396971e-01 1.489887962331916640e+02
2.714946593746784629e+02 -3.996385978215596380e-01 2.168034297560814849e+01
2.842689398466015064e+03 1.087726490807020274e-01 1.681662444144412305e+01
6.693572210881797218e+03 2.097530273455642039e-02 1.472463142365272537e+00
1.781371698844636967e+03 9.410198222987790906e-02 7.887186245223055003e+00
3.390967343768880369e+02 1.207302225953959529e-01 2.471300826644308835e+00
9.373863693663709000e+02 6.667706901548354770e-01 2.083730939530269097e+02
3.070815132901429365e+02 -1.896273279723014460e-01 5.521098908166068853e+00
3.323309751841053185e+03 -5.376538415749074901e-02 4.803373222964772538e+00
9.803574116459520155e+03 -5.812303421065001530e-02 1.655964401445172740e+01
2.375606873416279541e+02 -4.953891931322992187e-02 2.914993790882230984e-01
2.790699879765413698e+02 -9.429962157004113943e-02 1.240803579834464099e+00
1.058825388543827785e+03 -1.260870442768842123e-02 8.416572696442162216e-02
4.303709474185774866e+02 -2.886579688014778711e-01 1.792999023913356993e+01
2.547022903017141005e+02 -4.486791596416272315e-02 2.563743959332797084e-01
1.467234020916606596e+03 -2.099450082465948234e-02 3.233556836772935594e-01
3.571311564221194658e+03 -5.972356205871789253e-02 6.369262510736901639e+00
1.358579113825187790e+02 -3.894660875371754316e-01 1.030372439413613250e+01
1.996977894913066393e+03 7.298872838677475383e-02 5.319304558994240928e+00
1.053429348047441749e+02 5.107122583510333991e-01 1.373814139859116423e+01
9.333056691378471442e+03 1.817777636962186749e-02 1.541968211856433735e+00
2.145366280862182009e+02 -3.456814290058089073e-02 1.281809694954820500e-01
4.674209639398565741e+03 -1.739044470511728890e-02 7.068049245431829997e-01
7.368118650518255208e+02 1.935841993563272578e-02 1.380595420184717315e-01
6.273915080853433892e+02 1.096515827668005302e-02 3.771711363405202272e-02
1.845431492506481618e+03 -1.934033181991048622e-01 3.451403807475244889e+01
3.173071101958307736e+02 1.012434698378305090e-02 1.626237045926619620e-02
7.714860124630417886e+03 3.533372420318520862e-02 4.815893679606685573e+00
1.354530070781873405e+02 3.826897895289328722e-02 9.918646340549863716e-02
1.012525519529941533e+02 -6.563215944619901210e-01 2.180767517708369851e+01
1.492853184110884115e+02 2.904483521032925897e-02 6.296873035909492100e-02
2.126331360924822889e+02 3.353187361773878050e-02 1.195409189743168732e-01
1.068776998914150909e+03 -4.569035466802124495e-02 1.115593978946831433e+00
1.251334726584120745e+02 7.192737379109895857e-01 3.236919573227402225e+01
1.926717727074679090e+02 -2.018317201387221649e-01 3.924342833433111633e+00
2.306829724276753666e+02 -6.156314736908236745e-02 4.371466680691260542e-01
2.797750308064654291e+03 -8.988069300334942113e-01 1.130086745267683455e+03
1.349714768587831202e+02 6.589448681924384155e-02 2.930287041101768408e-01
1.357097263895822437e+02 -2.005999399452936260e-01 2.730502487817830559e+00
1.946687223045751409e+02 1.951166403882676481e-01 3.705568122941657272e+00
1.613847225082561408e+03 3.164659758760051678e-01 8.081397584840912884e+01
4.316919007524084009e+03 2.143070669846456819e-02 9.913268978247669061e-01
7.201018993971002828e+02 4.439419399408907063e-01 7.096044196696789186e+01
5.254394210774311432e+03 -8.127842394801007564e-02 1.735574275211419604e+01
1.304264126622078663e+02 -1.164799314774897510e-01 8.847850311727384343e-01
2.276846617016847745e+02 3.539080209764036700e-01 1.425885295266991193e+01
6.615220529928349606e+03 -8.358060746634615734e-01 2.310603238118555510e+03
2.464762384305665250e+02 7.532838670923672209e-02 6.992981743806612194e-01
1.242946170179391601e+02 1.852547404858330068e-02 2.132853297785302499e-02
4.280526613218107741e+02 -2.723057130205909504e-02 1.587013831661540086e-01
2.388046138428308495e+03 -1.061119807948374995e-02 1.344440420067654351e-01
2.569661700273333281e+03 5.054775539712521443e-02 3.282839924074133720e+00
8.623723548491852853e+03 4.505698875053029684e-01 8.753649581905374362e+02
6.722986446591127105e+02 -3.331021056187436630e-02 3.729812464955434281e-01
8.138341408260478147e+02 2.743435175346877961e-02 3.062635516186102969e-01
7.282418244491756241e+02 -3.876904037826856692e-02 5.472877467617528469e-01
3.769845038645195018e+03 2.181156402015161852e-02 8.967411916421785811e-01
3.365996449179615411e+03 -2.480057642653548111e-01 1.035159346802777804e+02
1.268034033686006410e+02 1.048538130149649361e-01 6.970587302447930345e-01
1.434305450365174693e+03 -1.919176744961812939e-02 2.641445157720970771e-01
2.092697798514094814e+02 4.521099017750217913e-02 2.138772341756262074e-01
6.991646794403112608e+02 1.076252433564816730e-01 4.049279713006645132e+00
5.785155956217476160e+03 -1.246795040985927000e-02 4.496506318006154301e-01
2.014998320651496329e+02 -1.279268444028344442e-01 1.648800335875635792e+00
1.613555145388006167e+03 -5.561623047471255799e-01 2.495496225040125466e+02
2.201427835837740474e+02 4.443441871424570755e-02 2.173268895200237139e-01
2.248921447035604160e+03 -2.910259597275647314e-01 9.523744826992461299e+01
3.866817977479195179e+02 3.670591614891022814e-01 2.604928874338733280e+01
1.107276807633602175e+03 -1.348543874724481839e-01 1.006830514278183486e+01
2.535823759100401276e+02 1.440767367835902452e-02 2.631944929859473051e-02
1.336741726751844510e+02 2.389597769861111567e-02 3.816516266857836875e-02
3.611489880514610036e+02 -2.301987689809593951e-01 9.568908468054079464e+00
1.777597817531330975e+03 -1.298828476653531017e-01 1.499364129114072064e+01
1.299657286280066501e+03 -2.169212247260364490e-01 3.057756836300468350e+01
3.533586799689779809e+02 7.225506798387659746e-02 9.224065881783954923e-01
2.356064706782285612e+03 2.976931517112761660e-02 1.043986556110380270e+00
4.111878356051939249e+02 -9.503320776730057595e-01 1.856782524734677224e+02
8.204357596061771574e+02 3.824566723244088307e-02 6.000384349981588983e-01
1.091601826506234261e+02 -5.294114400101802564e-01 1.529751548250541049e+01
2.732506446920464782e+02 -8.449924903213941463e-02 9.755216183510446726e-01
1.872164786514891262e+02 -2.657089146130434468e-02 6.608856582242905731e-02
1.338984040855489752e+02 -3.778830647903967943e-01 9.560052188588612054e+00
5.783235671911863847e+02 8.323996708764050401e-02 2.003570803977948511e+00
1.251590978387950059e+02 -2.784302171969506995e-02 4.851378517093592191e-02
2.303871659433897321e+02 5.817786850606553317e-01 3.898916175391678252e+01
2.270522506134611831e+02 -6.415785146558911078e-02 4.672996319500809514e-01
3.641171036930487048e+02 -6.307707395641153347e-01 7.243595023625822193e+01
2.257762909651462451e+02 1.425267462453297940e-01 2.293195495161011621e+00
1.826319706737390334e+02 4.514006670133364763e-01 1.860677914023960966e+01
2.091341143956139604e+03 2.101810688412021275e-02 4.619362861818392951e-01
1.312751354578707605e+02 8.491218210417832146e-02 4.732520270129358386e-01
1.919919708771697060e+02 -2.492308754728077280e-02 5.962889443124005234e-02
7.065210718995546131e+02 -1.143995526149479448e-02 4.623211647489412074e-02
9.752529496767050659e+03 9.841122452851573943e-01 4.722549822294018668e+03
4.654251677199253209e+03 -3.131133349865717341e-01 2.281513254028458846e+02
1.786411824984242458e+03 1.216541096380553688e-02 1.321919954362280603e-01
4.687808307677870289e+03 -4.002009999333233092e-01 3.754016589731488125e+02
2.148496813714830864e+02 1.587369768316325425e-01 2.706829668571420822e+00
1.002327219175746649e+02 -1.441653576216335095e-02 1.041600922389124620e-02
5.570009197820804729e+03 -2.978716534378771791e-02 2.471065566021777737e+00
2.258252904512943928e+02 -3.457584853868500563e-01 1.349858594469874618e+01
4.432270966472599980e+02 2.135918661311343378e-02 1.011033923211451940e-01
7.793764262363915805e+03 2.600487257487635318e-02 2.635279781397086296e+00
4.607055751380032120e+02 2.855189406488271853e-02 1.877860467643186482e-01
3.960830051216338461e+02 4.938999310857427605e-01 4.830967811751560248e+01
8.532491183915210058e+03 1.039252347204135292e-02 4.607739102502452777e-01
6.758814717295126684e+02 -3.275040836191740051e-02 3.624715997066072504e-01
5.453505661838837568e+02 7.699122938742693212e-02 1.616323478920297374e+00
2.111577872710992096e+02 -5.604092751523144511e-02 3.315795484512912839e-01
1.932921657722363307e+02 1.606820840036634127e-02 2.495279324460839693e-02
2.599903126585224413e+02 -5.516116739370570399e-02 3.955433323703391735e-01
6.759179285884840738e+02 8.134770140015314122e-02 2.236426049133443339e+00
5.232193049715161806e+02 -1.529165290422933587e-01 6.117340114457491929e+00
1.972266036350233662e+02 -3.024332243903737200e-02 9.019749986329214653e-02
2.352873736681239905e+02 -1.565112393609383035e-01 2.881772464798377786e+00
1.653942672967652641e+02 -4.109559512567510509e-01 1.396628837012324631e+01
6.235119848430341563e+02 9.461695446995744829e-01 2.790954393173818175e+02
1.925124592937630041e+03 -1.525563048316728454e-01 2.240212251576424407e+01
7.915411016022516151e+02 3.000416786870623367e-02 3.562924737776066997e-01
2.016109368205752332e+02 1.183453809540914274e-02 1.411844011198202208e-02
2.060462791095757439e+03 -1.519429816045227422e-01 2.378461190121291580e+01
4.707868808441084184e+03 3.659295152177970828e-02 3.152021978289764714e+00
1.501000046193590151e+03 6.154155952277803321e-01 2.842416430621931340e+02
8.293571898636012065e+02 -6.947640880855695533e-01 2.001641710021612539e+02
7.596527433716762516e+02 -2.503233885956678006e-02 2.380060371114518791e-01
5.494377099304740568e+02 -2.566358516525173994e-01 1.809352233405543586e+01
2.482162797765861058e+02 2.051077408230320837e-02 5.221128339849329808e-02
1.816614273904734489e+02 7.988104006695237458e-02 5.795890185380652149e-01
8.854525991658598286e+03 -1.346685058645982480e-01 8.029109943953724837e+01
2.352267618727518368e+02 3.310394724657562682e-01 1.288891314050110282e+01
1.801877306731096269e+02 4.874820749512193130e-02 2.140979564933070678e-01
1.710546732017918430e+02 3.212617325724265172e-01 8.827199505717707950e+00
7.824380498993176843e+03 2.351088243567546476e-02 2.162508514055830222e+00
2.428606280401891979e+02 -2.241725834866455380e-01 6.102279729487605664e+00
1.286169378103013059e+03 -3.249494508387919534e-01 6.790469211973551467e+01
1.019663119931299775e+02 6.427438412916481880e-01 2.106214333270733619e+01
7.392823870048671324e+02 1.373848717201756331e-01 6.976830771513233387e+00
2.813184719773868892e+03 -6.858937657943532384e-01 6.617317385471269517e+02
6.819998165174381938e+03 1.169048577904416714e-01 4.660359055471393219e+01
7.223936626635508219e+03 9.151252907830316197e-01 3.024858387616359323e+03
5.309046336962912847e+02 1.820841062385357770e-02 8.800971156350909097e-02
1.791435394935812155e+02 1.131396010651431090e-02 1.146569648581116825e-02
4.964764923848398212e+03 -5.149094876131860010e-01 6.581584818482822357e+02
5.991641251087370392e+02 1.062671588798159462e-02 3.383093070939127006e-02
3.537768304582746168e+03 -3.842207277822519695e-01 2.611325271024110179e+02
1.951517085374889575e+03 2.157073084454295131e-01 4.540169656423631039e+01
9.536944798935404833e+03 7.958625697469052795e-01 3.020337208792596812e+03
1.711518853992939739e+02 -2.257175199131550986e-02 4.359957255983486213e-02
2.945713790525658737e+02 -2.876916532696791387e-02 1.219031916063934712e-01
1.365978173708111001e+02 -5.852881966779258649e-01 2.339662941433682164e+01
6.682654998009095834e+03 1.762915397634255421e-01 1.038441383064072880e+02
1.813918446104761415e+02 2.419433178638309978e-01 5.309028119386526967e+00
9.353123276563360378e+02 -7.050078247773633455e-02 2.324419644758924708e+00
3.540995631845989351e+02 -1.409213047070328462e-01 3.515998702686923938e+00
1.234663456761588350e+03 -5.648482980769360395e-01 1.969619102355953260e+02
1.987452208579012733e+02 -3.618135157713140565e-02 1.300877106545338668e-01
1.335094712792158305e+02 2.173077112889752055e-02 3.152334941903247451e-02
5.575843589691226953e+03 2.422999071306365104e-01 1.636767836819272475e+02
5.027455680796647357e+03 -5.980656320936308390e-01 8.991164590061613353e+02
3.118334807516138881e+03 1.463842288928413893e-01 3.341037309353065865e+01
5.237795420277787343e+03 4.379138866439491462e-01 5.022222743901751301e+02
3.957966693396008850e+03 3.583292387854735694e-01 2.541011517450459394e+02
4.888117373313737517e+03 7.328427677848273758e-01 1.312602546657039056e+03
3.005295755337719129e+03 -6.766878807266979434e-02 6.880722122473802216e+00
5.607325438087422071e+02 -6.868566533372341687e-02 1.322689742770785104e+00
2.367895832049287037e+02 -1.023476452321479407e-01 1.240190235197523139e+00
4.071005705573334694e+02 1.503951632430084069e-02 4.604043881212734751e-02
3.535930160011177577e+03 -1.067185534204352464e-02 2.013508847229179277e-01
1.346356284084616163e+03 -1.104969061684995570e-02 8.219213138672795682e-02
1.434947621726490183e+02 1.068069910557574269e-02 8.184749911602522479e-03
3.709098784302317995e+02 5.722450826511304295e-02 6.072989681726750355e-01
1.379656805249632498e+03 -6.916819174535204784e-01 3.300303774220396917e+02
4.406810129823361422e+02 -1.408916494860578406e-01 4.373859726303846784e+00
9.237910643525276100e+03 6.069574295671903430e-01 1.701610767773194311e+03
2.587619199067969475e+03 -1.410210178295851491e-01 2.572989766552382918e+01
5.716577256703149033e+02 1.037029738466102163e-01 3.073891278831418106e+00
1.093103942492097303e+03 -1.154552860755325705e-02 7.285495737453290266e-02
1.079828641438357408e+02 -1.805372170035921819e-01 1.759779822699937712e+00
9.886653930825241332e+02 1.203797314457533997e-02 7.163513391667086783e-02
1.874807703594138502e+03 2.289116801385382149e-01 4.912048425294057097e+01
1.819344196439457733e+02 -5.145236148639865253e-02 2.408216337996334222e-01
7.580602985475923560e+03 -2.051133323065967851e-02 1.594635899962040915e+00
1.058463194006112360e+02 -4.100745882614588722e-01 8.899620346162368634e+00
3.435320464531959601e+02 -1.220937079474774048e-02 2.560494383334785407e-02
2.096668984195733572e+02 3.956381928346813792e-02 1.640953573591766579e-01
1.076960365670259421e+02 -6.355901749862823413e-01 2.175324621486886656e+01
5.563055556439308020e+03 -1.415912825920477916e-02 5.576432286809299699e-01
1.952268441184936592e+02 -5.251085264881066861e-01 2.691582392875323038e+01
1.503926561463834332e+03 -1.005122640682475782e-01 7.596870887241274239e+00
4.316733681991152025e+02 -2.873821270378403847e-01 1.782562516610046899e+01
4.991634970033721402e+03 7.964689636019188501e-02 1.583253792995294518e+01
2.578403543502172397e+02 3.807166984697621381e-02 1.868636144401218946e-01
2.163043911980543271e+03 9.384443065507986903e-01 9.524722865435404628e+02
3.181329865717312259e+03 7.433304587574522670e-02 8.789062738727073665e+00
3.389159967595001035e+03 1.667531077414217133e-01 4.712050598361882692e+01
1.338052372556975627e+02 -2.678175518498778981e-02 4.798673352508247419e-02
1.602549471749575332e+03 -2.955213275154988661e-01 6.997761033655538654e+01
3.548411699586146142e+02 3.085253731559418552e-02 1.688829394436460185e-01
1.285570833950203678e+03 -7.268964484591375341e-02 3.396339602357508092e+00
1.478686543951422721e+02 4.908477897334150714e-02 1.781311224851879760e-01
2.875393565676415619e+02 -4.321701989080161677e-01 2.685201820281589491e+01
3.887313186515728376e+03 4.650331180968384492e-01 4.203270133017673515e+02
9.748950621948037224e+03 -1.613663244499367877e-01 1.269269045739818154e+02
4.891837920742147617e+03 -1.458560152361401963e-01 5.203442414844588626e+01
6.997196067994681243e+02 -4.130123324799706563e-01 5.967880075112827143e+01
4.028764651620168138e+02 -7.417452502068344611e-01 1.108284986950002775e+02
3.383956813340484132e+03 1.735235199332963232e-02 5.094616686925470539e-01
4.323345197205580916e+03 -2.717717773992601726e-01 1.596609197838807290e+02
3.488941114946668677e+03 -6.935900564679549352e-02 8.392075080063893466e+00
5.555993646706247091e+03 -4.040826993227952108e-02 4.535991771920811821e+00
1.180176985450684015e+03 -3.335348352798431781e-01 6.564468135990843223e+01
8.522290940594479025e+02 -1.236848038840035989e-02 6.518670815761171133e-02
2.334233626492022324e+02 2.883682276666025765e-02 9.705303967678757804e-02
6.992701052662898292e+03 -1.373185424147199962e-01 6.592852144823650917e+01
1.219240497653910325e+03 4.049680344375349017e-02 9.997717758489303996e-01
1.021798532312313768e+02 -3.336904701924160027e-02 5.688829093147752813e-02
4.694816750368760040e+03 1.223842424363559382e-02 3.515925446771983043e-01
2.072215926414875184e+02 -7.576265777114300770e-02 5.947239310484211394e-01
2.470576886467151212e+02 1.816348908734342557e-02 4.075368957261061437e-02
3.153694932229108417e+03 -4.019545163499010226e-02 2.547671976702589713e+00
5.573686089580263570e+02 -4.794185783299942383e-02 6.405340619155057702e-01
3.032220343835014091e+02 2.356420436065973512e-01 8.418531137117355456e+00
5.162142678224942756e+03 1.380947040042833640e-01 4.922141056165429518e+01
8.345115004222892821e+03 -1.093824264395214935e-01 4.992262771445658842e+01
5.471678419426165419e+03 3.328305336684724836e-01 3.030657733614060021e+02
1.734048392023312601e+02 -9.669238766245734640e-01 8.106171478851472045e+01
9.815061430714679318e+02 -1.023481874639737936e-02 5.140712762218704879e-02
4.662586910986537077e+03 -1.424160560968225908e-01 4.728407026470318897e+01
6.017993592171862474e+03 1.341433676156417697e-02 5.414522156082368642e-01
1.799727093050590838e+02 -1.137101350243453213e-01 1.163523098380999876e+00
6.331343577706283213e+03 6.799239156194228917e-01 1.463479086370293089e+03
5.475209661576483995e+03 -2.497505434792061940e-01 1.707590155932616369e+02
2.334365223270412571e+03 2.005452591819915573e-02 4.694221829206272623e-01
1.860341219372364321e+03 -7.230337883983627423e-01 4.862725999905854906e+02
1.049038567014154751e+03 -1.393680979156033950e-01 1.018798284542152999e+01
5.544975692420098312e+03 -1.804932535010623715e-02 9.032159492201785600e-01
6.726073546056580881e+02 -3.844924597675150602e-01 4.971726971120551042e+01
7.883503151192988298e+03 5.814860868927184540e-02 1.332808966215672619e+01
9.753740372227595799e+03 4.534518758610581179e-02 1.002775238201742525e+01
2.255636243357389503e+02 2.574184326146466417e-01 7.473402134890091197e+00
8.111757074986267071e+03 6.821135564972891085e-02 1.887114720509068277e+01
8.762712965174969213e+02 -1.122939639569862647e-01 5.524861757070056001e+00
1.786599104953319738e+03 1.359513752462590715e-02 1.651065591465034621e-01
2.467032042236376128e+02 -3.799047461677340642e-02 1.780304268241066634e-01
9.035919214747989827e+03 1.660042780386663253e-01 1.245033119214403285e+02
8.984004174324487394e+03 2.818300237126689645e-01 3.567914706778102527e+02
2.317521043785628478e+02 8.812493348431309215e-02 8.998938734056574074e-01
2.186393850604817999e+03 -7.283583658768757463e-01 5.799474287297039155e+02
3.727786388498823271e+02 -1.863071029248071150e-02 6.469636015928366402e-02
5.858085505299566648e+03 -4.011464514879648641e-02 4.713370945519485211e+00
4.562309553416326708e+03 6.318453047532471278e-02 9.107019749967827593e+00
2.913588495142291777e+02 5.030983528729052884e-02 3.687262094545952218e-01
1.152741444308525587e+02 1.633583918737092563e-02 1.538100845478022893e-02
2.315586574554475021e+02 -4.372661953807313595e-02 2.213720744418324893e-01
2.326881651192813081e+02 3.327306243918873863e-01 1.288041480143583506e+01
1.944309976953620435e+03 -1.090109993417645168e-01 1.155250462387231991e+01
1.326193954422416539e+02 2.363964191988640884e-01 3.705602543104772550e+00
1.614295705660138083e+03 -3.141668480333880131e-01 7.966614557526229135e+01
8.246911033227355802e+03 -2.543598451098531554e-01 2.667831631440324145e+02
2.383149941543875627e+02 1.721944230930588515e-01 3.533129335110655855e+00
6.544854149014143331e+03 -2.235258564903928324e-01 1.635029197455617975e+02
9.204973556162949535e+02 -1.297277020022483685e-01 7.745652334354915070e+00
2.597923925457539553e+03 2.706464783939058552e-02 9.514833541914508031e-01
5.536938228152216652e+02 7.759471637499089081e-01 1.666878645349446799e+02
1.596126884836801992e+03 5.266864009139122782e-01 2.213816536321236867e+02
1.909174861752972902e+03 8.725631287009028014e-01 7.267908086838158397e+02
1.821958828476492727e+03 -3.214871151391496956e-02 9.415333467754511965e-01
1.648251687871624654e+03 -2.017328781472420840e-01 3.353875236367728974e+01
3.935706337491467366e+03 -2.636328357014531831e-01 1.367702663082782237e+02
1.479659036845308719e+03 2.764712606107129142e-02 5.654987388745198462e-01
5.101552404602150546e+02 -5.305117588459225264e-02 7.178974084899300001e-01
1.327833090699947434e+03 1.264554311950714244e-02 1.061667359496544921e-01
1.175636204142501583e+03 -2.596594774085840898e-02 3.963248588227079039e-01
2.123817595116954351e+02 2.872533250268587413e-01 8.762284452742854057e+00
1.600884911457910903e+03 -2.136868341774645144e-02 3.654985392204464500e-01
1.602532949664873968e+03 1.727451841264043553e-01 2.391051165819570201e+01
2.100914659576552822e+03 -1.748363697238021139e-02 3.211012353256899043e-01
4.273234047555062716e+03 2.656270674552883154e-02 1.507548662316486654e+00
1.073075952267923412e+03 4.153326489853591263e-02 9.255344972556284189e-01
1.260712232500459095e+03 -9.350240516657868373e-01 5.511014273778739607e+02
2.848056466302238618e+02 -2.790893782264482204e-02 1.109188137043026490e-01
8.300165648787008195e+02 -1.390357983264499109e-01 8.022505692200997629e+00
5.688477166182385645e+02 -5.077687941014296102e-01 7.333276113357899817e+01
1.049064307240020923e+02 8.947232115302791722e-02 4.199035283695566334e-01
5.568154592205000881e+03 1.269409862370048381e-01 4.486266048979331345e+01
3.347861394511814069e+03 2.238866384195349266e-02 8.390615595255660475e-01
2.324089955212128643e+03 -1.146064396571059261e-02 1.526303780912436903e-01
1.115622931225273305e+03 -6.720423449556934825e-01 2.519304798418407643e+02
7.007104230868097147e+03 -2.598395542143265569e-02 2.365479055054182211e+00
3.978181333758717756e+03 -2.904975980596035193e-02 1.678570828316237717e+00
5.738962140396226459e+03 3.535535567266929330e-02 3.586854708644556577e+00
8.556659941964613608e+03 9.278031170396557892e-01 3.682866118589753569e+03
4.226553294716597406e+02 -6.967068997730980762e-01 1.025785550123717798e+02
8.681226923356587122e+02 6.054459509593246302e-01 1.591116103430522628e+02
1.398015666479280981e+02 4.703887586098811080e-01 1.546663766007003815e+01
2.881830238449666126e+02 -1.821340015362353515e-02 4.779918116446865012e-02
3.505621001001029981e+03 1.427734038223241707e-02 3.572971839859445664e-01
1.836152524307241492e+03 1.457528397058058811e-01 1.950351138398143291e+01
1.701688530168489478e+03 1.992490779826832092e-01 3.377868330394814222e+01
4.874639441571619045e+02 2.804330692513896106e-01 1.916774190334780670e+01
1.858727223516197228e+03 -7.937430463185221052e-01 5.855251195022029833e+02
3.607036227349607316e+02 -6.078742895902272680e-01 6.664200557373318645e+01
1.165315249311554737e+02 -4.508279420372887647e-01 1.184227344643340984e+01
1.493998515623479989e+03 -6.052844179084536647e-01 2.736775403274546079e+02
5.384072527195301518e+03 2.247694493987879294e-01 1.360051861754195102e+02
3.476230520654127076e+02 1.569236902656443930e-02 4.280116574742046792e-02
4.290240326187017672e+03 -3.101890314579481833e-01 2.063975313436137355e+02
1.448467224147309025e+03 1.022373031379499204e-02 7.570027317007638201e-02
2.720284820824499548e+02 -7.763636799296189661e-01 8.198130029109790939e+01
1.207654570052579402e+03 -3.807542268546448838e-01 8.753912474285741041e+01
1.681292282249359289e+02 -5.932731453811095762e-02 2.958847652717819798e-01
3.036969348590515096e+02 8.058738921956888623e-02 9.861536476769398041e-01
3.164239734415471048e+02 1.487861636473185312e-01 3.502389772278064139e+00
4.363492647928337078e+02 2.554815387334702925e-01 1.424043642525434095e+01
1.485739687516823437e+02 5.492519719835407127e-02 2.241072872054193921e-01
4.779803825154596097e+02 -4.684094964953513379e-02 5.243622997008776654e-01
8.188770184059499115e+02 9.582778516943114833e-02 3.759859258290353168e+00
7.199614337563060644e+02 2.077979453199490789e-01 1.554396234357640161e+01
3.600978535476815068e+03 4.139254920335999066e-01 3.084855916712752446e+02
1.523154812364685313e+03 7.968367962276831085e-01 4.835627209535260249e+02
1.967816550920504142e+02 3.275304158146113420e-01 1.055499146535327704e+01
7.575153867962538925e+02 -2.955870761153247747e-02 3.309271097120023986e-01
2.247841758419546295e+03 -2.790237820411458070e-01 8.750204065022872157e+01
4.926829639376518344e+02 7.527307415540734903e-02 1.395779629453958615e+00
1.455787770313603460e+02 -5.397607727593275451e-01 2.120658359595519116e+01
2.769775807539800780e+02 4.111237783040300187e-02 2.340775772911501129e-01
1.058406585084030382e+02 8.301747997157765679e-02 3.647217220132759063e-01
5.253935801675419498e+03 9.216304636694595820e-02 2.231353658162044340e+01
2.307336726851752928e+02 -1.429678127727308790e-02 2.358074541057573678e-02
2.113068289690071197e+03 -4.470034101351817030e-02 2.111082519739148289e+00
1.228165863647206606e+03 -5.982682593307817598e-01 2.197955781808371967e+02
5.028392345550380469e+02 -3.584269163402391545e-01 3.229984161417899458e+01
3.576325569443511654e+02 -3.469575358998552850e-02 2.152581986598222363e-01
4.986708374936872588e+02 -4.970136976903656578e-02 6.159148732346809707e-01
5.231197188610055491e+03 -4.502934881266024841e-02 5.303498230603345576e+00
6.995247731129177282e+02 5.547560865423827731e-02 1.076408838818530223e+00
5.914584668342426994e+02 1.849163663800010016e-01 1.011218390686129354e+01
1.623049159170486291e+03 1.000378940759132501e-01 8.121397355974924182e+00
1.212817962705325101e+02 2.838279902659088250e-02 4.885129365735876167e-02
1.711953996331932558e+03 1.252310178808972718e-02 1.342412277725657799e-01
1.594262462003245446e+03 3.333936955325606660e-02 8.860221741183221811e-01
1.187869641616846508e+02 6.274191360286507368e-01 2.338052766196176080e+01
6.374398696006475802e+03 -1.061065780421620482e-02 3.588342139607230141e-01
5.603077497317940470e+03 -5.212802309983387561e-01 7.612707507543705105e+02
3.876896898535143805e+02 6.299274336795224194e-02 7.691929604719559554e-01
8.928333650547398065e+03 1.157953423723728260e-02 5.985805459767413739e-01
6.825952673166079876e+02 -8.565385839634473419e-02 2.503958573413857636e+00
6.055675459221687333e+02 -1.227048860306425605e-02 4.558860563860273052e-02
1.603976947960955783e+02 2.128092212363848490e-01 3.632026525621635304e+00
1.027287197338043399e+02 1.467863240614200940e-02 1.106708051152948541e-02
1.266432037703302314e+02 2.431103828718527565e-02 3.742474996700944495e-02
4.023295597093675724e+02 4.829038195353177465e-02 4.691084190257470143e-01
1.335216893935821872e+03 2.189514405026045038e-02 3.200497089524415584e-01
4.383314292584796021e+03 1.347524534502414842e-02 3.979660075988128431e-01
1.265508675271063339e+03 1.873761300049552603e-01 2.221588716258947827e+01
8.581671033563767196e+03 1.599772836155760949e-02 1.098142003177220882e+00
2.381660293188006676e+02 5.027789430879789356e-02 3.010259820685393106e-01
5.963514934732105758e+03 4.401344688420099072e-01 5.776211386547532811e+02
2.819625718487228824e+03 1.049882100266218837e-02 1.553969642135322460e-01
1.632996510362285335e+03 -3.860636406096589202e-01 1.216950923447786010e+02
1.180717587385171782e+03 -5.647485616574743350e-01 1.882895873543936602e+02
1.008538240279135152e+03 2.557932178439990129e-02 3.299441440523543378e-01
4.340540121207549191e+02 3.602807292765732861e-01 2.817058368986423744e+01
1.699294084716925681e+02 6.898584776476222036e-01 4.043510370976716928e+01
6.945100737814763079e+02 2.269969808958755692e-02 1.789322882591026787e-01
8.706524787996985424e+02 1.662626529961080402e-01 1.203384067861066598e+01
3.911757243877581459e+03 -2.110289812491042694e-01 8.710159433605076629e+01
4.186453804164294752e+02 5.856538086569715862e-01 7.179566980953082123e+01
2.767140332727997247e+02 8.484077528456481776e-01 9.958878772732309415e+01
7.155419171038259265e+03 5.560248826434521785e-02 1.106097826077821189e+01
3.397987765401934666e+03 3.288497891896929870e-01 1.837329088232526146e+02
2.083468467023283665e+03 5.638523369571335486e-01 3.311980001279161456e+02
6.576912132630342967e+03 -4.570002869971571124e-01 6.867916236068018634e+02
2.327385048127121536e+03 1.825661360882340212e-01 3.878633037564111419e+01
2.563472426420553916e+02 -1.107430501762980170e-02 1.571924260683369226e-02
2.822021629174443547e+02 -7.377772731535486850e-01 7.680347815925807708e+01
2.488660592206091678e+03 -4.047322053077348492e-01 2.038314537647373470e+02
1.859546540855028809e+02 -2.118207040464292756e-01 4.171707701145838776e+00
3.898513670419744130e+02 1.509030492641695934e-02 4.438795089243525310e-02
8.089072485655830860e+03 -6.796780204607340281e-02 1.868422907218257834e+01
1.525809721040603108e+03 9.441647234444791037e-01 6.800892682665661368e+02
1.531623263291157855e+03 3.108644074250641598e-01 7.400549343731064766e+01
1.126281593817504245e+03 -2.697520652160719304e-02 4.097760272827255523e-01
1.631338066446011510e+02 5.261117346423013208e-01 2.257719333083565871e+01
1.332422451283600253e+02 2.541040874520023377e-02 4.301651751968846304e-02
2.455166751420025321e+03 4.240055495483057574e-02 2.206958060176396508e+00
1.100433007558788745e+02 8.901414253622760286e-01 4.359650135803232729e+01
7.625206031289693556e+02 1.703179409241565023e-01 1.105967546134889545e+01
6.463402378918826798e+02 3.436808062783855977e-01 3.817172225704465660e+01
1.210013073822434535e+03 4.424850068065348530e-01 1.184560335367257977e+02
2.164078695251215834e+02 5.768268658468860693e-02 3.600261223873816308e-01
4.556127939698070804e+03 9.218432031666190518e-01 1.935887123460296607e+03
2.149446631760576452e+02 2.280096076010611483e-01 5.587312538579308097e+00
2.049588657070006775e+03 -1.246625986803268082e-01 1.592608630587731255e+01
7.141580825023755779e+02 -8.393489955111360645e-01 2.515645899407071227e+02
3.264694496193222335e+02 2.142968548197190792e-01 7.496251444418287946e+00
3.881430790134771200e+02 -3.048072406641245610e-02 1.803069262191656918e-01
6.200997902495430480e+02 -4.371104373211968930e-02 5.923984890736886388e-01
5.841306977936334306e+02 1.831558780685910437e-01 9.797646294991999127e+00
3.122403780234649275e+03 1.313950223288337660e-01 2.695360716724876582e+01
2.964968432229874225e+02 4.190753154001785052e-01 2.603599858361038599e+01
2.671160034681401498e+02 -2.217011465770895029e-01 6.564562551883880381e+00
2.000074607654538283e+02 2.008589696368750371e-02 4.034583068134368206e-02
6.634843713640846090e+02 -7.179451221427983754e-01 1.709949167193954054e+02
1.074569383567270364e+02 -1.049296399623674339e-02 5.915627678823200467e-03
2.045119436010824359e+02 -2.014262331377547621e-02 4.148783217288722069e-02
2.755582106601052033e+02 3.731033587638878796e-02 1.917969416316406828e-01
6.249801782056267257e+03 2.154304859639017133e-01 1.450275699567085326e+02
1.025415341106560874e+02 2.752352148610910307e-02 3.883987400660247197e-02
1.696667216518192390e+03 8.206110164888258396e-01 5.712699220604420134e+02
6.726384999694410908e+03 1.764667362616612750e-02 1.047315263332377677e+00
1.646477656310029829e+02 1.963747911059773865e-01 3.174660715704992864e+00
6.088085330998981590e+03 -1.466656970649592162e-01 6.547987423142079422e+01
1.368281656871656082e+02 -2.516842190380910171e-01 4.333686391084329514e+00
1.218911636060107639e+03 8.054574204142703198e-02 3.953915658252082022e+00
2.552202764866249254e+03 3.069988270855144585e-01 1.202703601854080944e+02
1.052020896526532141e+02 -4.973917409175328957e-02 1.301342189938630711e-01
2.581395717840755992e+02 -2.951188002589408277e-02 1.124134671803260210e-01
1.813227719335587267e+02 -8.179486089441576069e-02 6.065608703748076591e-01
3.151290483638339310e+02 -1.386748319909738847e-01 3.030077517634358841e+00
2.942479025742097178e+02 8.879397652770247840e-01 1.159979707180200847e+02
2.845940258837824786e+02 -4.287900889200279564e-01 2.616286260935249430e+01
1.790603026429901092e+02 -3.569489348039401461e-02 1.140726417067932513e-01
4.062641428437852937e+02 -4.346092206066969055e-02 3.836863678476985506e-01
2.928175920759708788e+02 -1.254858487552990565e-01 2.305455130575297940e+00
9.832796415102382070e+02 5.659971107830567838e-02 1.574981584678896374e+00
1.827664703947318969e+02 -1.585096342567946306e-02 2.296031578747931637e-02
4.238232076318801091e+02 1.543079329168980246e-02 5.045814094077883533e-02
2.627435751517063181e+03 -7.064287890692326766e-01 6.555999153674699755e+02
1.886332344349651294e+03 -2.201804544885892917e-02 4.572416081682932898e-01
7.540936852627345615e+03 1.168960152863114388e-01 5.152223842453786062e+01
3.039440165678939252e+02 3.328971957800021253e-02 1.684162047247340921e-01
4.369403266168533264e+03 -2.116611023796292901e-01 9.787555567550997182e+01
3.374364024759808558e+02 1.608791289176318695e-01 4.366780364417429894e+00
3.561696667364110453e+02 9.636360561539423220e-01 1.653685876669283061e+02
9.280803550477564841e+02 -1.721789669115247057e-01 1.375674793074520075e+01
2.053653462820392633e+03 4.320226613410196870e-01 1.916506170999188896e+02
1.912285239351917426e+03 -8.333562865982894197e-01 6.640245084924149523e+02
1.997160409620401879e+03 2.110624337161502370e-02 4.448410281162102908e-01
2.520662450184297825e+02 -1.949958696610253062e-02 4.792206467350962340e-02
6.673996100094707344e+02 2.650080746727370706e-02 2.343549692207533286e-01
3.396787740399384347e+03 -2.108646309223258589e-02 7.551720259291399007e-01
9.820016705567803683e+02 -1.643157019336622185e-02 1.325685065408259977e-01
8.908040833786855728e+03 2.330351643937723233e-02 2.418773062046368771e+00
1.195554967510516491e+02 2.938000172852588965e-01 5.159922593639659105e+00
2.947718766039558886e+03 1.032660435002091988e-02 1.571705331903175129e-01
9.082753674092718938e+03 -5.046582080211235027e-02 1.156597430161650664e+01
2.234799398163675960e+03 -1.124468678663614191e-02 1.412873488416891143e-01
3.423900338530303884e+02 -1.105213473657638140e-02 2.091141691786430751e-02
8.082639331335227553e+02 -2.424744475496923291e-02 2.376047734021875801e-01
3.849220414026150593e+03 -9.174883696474045447e-01 1.620107826889827720e+03
6.722101499558364139e+02 -1.732894266396598215e-01 1.009297504958852798e+01
1.456771822600246196e+03 -3.637454803723463304e-01 9.637330405267717026e+01
3.598166741047364212e+02 1.142832902060889402e-02 2.349723496110471543e-02
1.632964596248179305e+03 -1.257517716593067360e-02 1.291144941485087572e-01
1.601309849003781380e+02 -3.361314796187971354e-01 9.046149350586295768e+00
4.469263697133972528e+03 3.457727976566292161e-01 2.671699639307080361e+02
4.490754698437348452e+03 -1.058443819355853327e-01 2.515503696136702771e+01
3.816379460586173082e+03 -7.489623301342229755e-01 1.070388671477885282e+03
2.288099433132025808e+02 4.122475914489276416e-02 1.944290489285973866e-01
6.550957837437750641e+03 7.639867580975036321e-02 1.911817668696146200e+01
3.289446552568301740e+03 1.783705074503491930e-02 5.232857813947734416e-01
6.992762236529424626e+02 4.734353680038574375e-01 7.836825269257514037e+01
1.875011229306242285e+03 2.656956319689215626e-02 6.618242965617477935e-01
4.071153293594227307e+03 1.870496349647936957e-02 7.121987215667970883e-01
3.622581716873582991e+02 -4.320195920092491371e-02 3.380610064789111857e-01
8.732850978673479403e+03 -3.673672196979102522e-02 5.892869946347619070e+00
7.339796198525868931e+03 2.782835647968365800e-01 2.842033033696151278e+02
1.248466133883326137e+02 -3.913334003809059158e-01 9.559619437631573291e+00
3.788155325420354075e+03 6.323327847217432574e-01 7.573370107276941781e+02
3.017686894014957488e+03 2.008471688282240097e-02 6.086611882372224835e-01
1.581555770330595578e+03 1.865636066244711622e-01 2.752379871519117671e+01
9.741976794635098713e+02 -1.567133143139207985e-01 1.196269103533210121e+01
4.991503058490509943e+02 1.575566401787409643e-01 6.195477271998864666e+00
1.593847635837633106e+03 -1.063465819970084089e-02 9.012886026927087457e-02
2.048902148837133552e+02 1.057465737341075768e-01 1.145575803160596484e+00
6.967072759456769745e+03 8.052277417296269668e-01 2.258696131178157430e+03
6.327950225213845670e+02 -2.454553381386108402e-02 1.906241946139234367e-01
7.078570230642123988e+02 6.126631017945796120e-01 1.328492173795872588e+02
5.644890620162149162e+02 -1.237218417533353099e-01 4.320343602926162596e+00
6.962614352336816410e+03 -9.744718167777556284e-01 3.305833007869756784e+03
1.169162973373356067e+02 1.013668313624283869e-02 6.006711860332565253e-03
1.308353722667490899e+02 7.045331612843815094e-02 3.247117900037717053e-01
5.973399808326126958e+02 -1.905710073412189218e-02 1.084689028290417995e-01
1.306018593591004446e+02 -3.409087963537827531e-02 7.589196171518054757e-02
3.215944646727371605e+02 1.394077583508955276e-01 3.125017524395460544e+00
2.986689908596918599e+02 3.974333949044503989e-01 2.358787686251768889e+01
1.008905297401474854e+03 3.977198164322517937e-01 7.979485084882604440e+01
1.394275844983825436e+02 2.683814123619204239e-01 5.021385636504881234e+00
2.621321024730787599e+02 -8.688753791324914377e-02 9.894758461735889687e-01
9.230030239393762486e+02 -8.706121705053282422e-02 3.498022480068057938e+00
1.858021016121109596e+03 -4.065954343078659328e-01 1.535838752397672522e+02
6.970847389520994511e+03 -2.755266522471210289e-01 2.645957170639617289e+02
1.201646444495151513e+02 3.121409144525418705e-02 5.853937843441738009e-02
3.107425685259298689e+02 -1.903165799012783155e-01 5.627610155460160968e+00
7.499829247649304307e+02 -1.574848975036500023e-02 9.300348107489651850e-02
1.401238541909703827e+03 -1.358887028365171334e-01 1.293745298718237713e+01
6.106064347824702736e+02 -1.164466166068060630e-02 4.139854999931742718e-02
1.118096390692516877e+02 -1.160734403994156776e-02 7.532080691481422494e-03
1.246229550869506511e+03 5.261949661230622133e-02 1.725287308520260021e+00
3.840239466298808111e+02 2.592162679962361008e-02 1.290187465386008203e-01
7.357490707059416309e+03 3.652662426034284926e-01 4.908161007727156289e+02
8.038476215849436812e+03 2.314954802123516536e-02 2.153916026659594252e+00
2.195374770447342144e+03 -3.003531396981894835e-02 9.902458375529530343e-01
1.107230433991417016e+02 1.811175921971478198e-01 1.816056227971224901e+00
9.411363322239640183e+03 -4.734644039408421323e-02 1.054865796143794121e+01
7.418574568271855242e+03 3.257352036564517550e-01 3.935680773703845148e+02
8.120097282708561579e+02 8.368914794082640829e-02 2.843606701912123391e+00
8.198789055318020473e+03 2.755980056533941652e-02 3.113664807484795904e+00
2.444391841782960455e+03 -3.742824925469004915e-01 1.712142295707442941e+02
2.779555366149867950e+03 -1.126525597246973293e-01 1.763711157041765887e+01
3.209455418568925325e+02 8.493928154921401297e-02 1.157759939710347075e+00
1.257951824514091754e+02 -8.054356611319284376e-01 4.080334076965937129e+01
1.834025604764674426e+02 4.160444567559932749e-01 1.587284878302440738e+01
1.259464235101758732e+03 -6.054941240698765714e-01 2.308743626952665977e+02
1.284195977178485464e+02 9.524640532957465155e-02 5.825034442008382163e-01
9.012370203440410478e+03 -1.982847561228971711e-01 1.771689789808418993e+02
9.865721808459285967e+03 8.049338576406522838e-02 3.196091912639503008e+01
5.299386078321861532e+03 -7.201696280670052963e-02 1.374248173466530965e+01
3.241862164452930756e+03 1.509260575026748485e-01 3.692266204922687933e+01
4.493198473017674246e+02 -2.124394629575210025e-01 1.013902039555888202e+01
2.342281237750747096e+03 2.712323036345461458e-01 8.615725803190728982e+01
5.651198564002683270e+03 -2.189403138744373811e-02 1.354447089358677303e+00
1.101012981926444922e+02 -5.336534919123101656e-02 1.567765687470993874e-01
1.502827009970537517e+02 1.228685918711162200e-01 1.134385739909672619e+00
2.896251751052864165e+03 -1.218560343720533068e-02 2.150306633969215619e-01
7.139689558648947241e+02 3.616831483163810979e-01 4.669881730544280174e+01
1.942766775414324684e+03 1.373759898611734420e-02 1.833210523036215289e-01
1.206911919757964597e+03 2.436276815033880383e-02 3.581779490497387641e-01
3.622732414181992226e+03 7.367947020919168866e-02 9.833299117558674141e+00
2.268143822315781108e+03 1.896917086962510157e-01 4.080724646594158855e+01
4.675243863218534898e+03 4.508986649223563348e-02 4.752609939596769806e+00
1.114610133131810414e+02 9.363451419688215149e-02 4.886128840026880416e-01
1.122972618182122204e+02 -2.840839704397522536e-01 4.531402391240838767e+00
7.443105853055908483e+03 -1.271260680233220544e-02 6.014415517972374614e-01
4.927215577283926905e+03 -4.863371719597037179e-02 5.827019863221458706e+00
8.332254546309110083e+03 1.635179296701077048e-02 1.113943831501400306e+00
2.145351815240271662e+03 2.826588978656356388e-01 8.570257067641649940e+01
5.175498788941346902e+03 4.362224240332795988e-02 4.924228406308844619e+00
3.286559016308253263e+02 -7.787476992209074744e-02 9.965635367209667583e-01
1.076351568599290260e+02 6.040342857994396297e-01 1.963574273163941797e+01
1.131494196507647985e+02 1.135779499413720611e-01 7.298109683431933670e-01
1.067695823713360710e+02 -2.486028101810165009e-02 3.299359320291379849e-02
4.875054099213907648e+02 -2.383181408126973030e-02 1.384406558829573142e-01
4.091223407263216814e+03 -1.242391263669177619e-02 3.157475413033411504e-01
4.845167450838488548e+03 -8.959770337636454585e-01 1.944789274750238519e+03
1.352667198582400374e+02 1.345820022018642467e-02 1.224996740961554684e-02
1.494096210315697135e+03 -9.101102394479180235e-01 6.187804295505317214e+02
2.431809253190145341e+02 -8.977906761727337537e-02 9.800532937946019318e-01
2.093664786824709267e+02 -1.215602140936106537e-02 1.546892257267732523e-02
4.484604764419673302e+03 2.339519949532594678e-01 1.227291380308819839e+02
6.753619212963956215e+02 1.489532621949721802e-01 7.492152569852186694e+00
2.369032037703152866e+02 -2.079938682923792859e-01 5.124387963207558627e+00
8.156531781197184500e+03 6.645036531629219256e-01 1.800819906472794855e+03
2.093223992830663462e+02 -3.242338944310911575e-02 1.100278264652084642e-01
2.914255728080022436e+02 4.982128124249959877e-02 3.616824593200481108e-01
4.733179313128167678e+02 -8.552880350241327811e-02 1.731202039844035756e+00
1.873401012969561918e+02 -8.101393874402204043e-01 6.147807346467667600e+01
7.962903229643009581e+03 3.964931387741523622e-02 6.259113039321411165e+00
9.470133990207588795e+03 -6.025773446986203846e-02 1.719300251674794566e+01
2.836496804577622243e+03 -1.596601724817926435e-02 3.615309573468764581e-01
2.960263941703118235e+03 -1.252832497514582560e-02 2.323199254938508596e-01
5.038254275988942027e+03 -1.620344419807012715e-02 6.614008704580131015e-01
1.238280920994542839e+03 -6.774974995459551175e-02 2.841872432807724724e+00
2.586363637329855578e+02 -3.267631253377721590e-02 1.380783766556958891e-01
6.341208415738999065e+03 7.918297158048995810e-01 1.987950762185873145e+03
4.057773823200126117e+03 7.734020085454910987e-02 1.213580059080411466e+01
5.678746192306701914e+02 7.148505014566627902e-02 1.450951565077590599e+00
1.193109841233956786e+03 -3.420897726581484388e-01 6.981208569829144039e+01
2.644409688291269504e+03 -4.015356863228352058e-01 2.131802867780462805e+02
4.980086887590713900e+02 -8.850379276732621703e-01 1.950431441399403241e+02
6.267437800816080653e+02 1.392748602821126946e-01 6.078627071289243844e+00
6.736602396908003811e+02 1.659871492813448923e-01 9.280253773061540201e+00
2.258615425207163753e+03 -2.764850795694916985e-01 8.632879790654446595e+01
8.780977105342170034e+03 5.186567545642611216e-02 1.181062622579799992e+01
2.423996720731873324e+02 7.763145678949593398e-01 7.304281535421074523e+01
2.964026624878109715e+02 2.418518772960018270e-01 8.668641255305733040e+00
1.615876482362222646e+02 9.558324764168238397e-02 7.381450803343104772e-01
3.949896547528897486e+02 -8.087189107616343797e-01 1.291668066014140095e+02
1.297976778222660414e+03 -3.694676110608195035e-02 8.859101387968644215e-01
8.033374007718413850e+03 -4.725018019666670788e-01 8.967573177679925038e+02
4.894025542341634718e+03 -2.221422865659927470e-01 1.207532175629012698e+02
8.934005942257883817e+02 1.534475388133970108e-01 1.051807093575994045e+01
2.812349133403624819e+03 -4.033280448996415940e-02 2.287473549728372468e+00
1.055726383964138677e+03 1.375848910177116663e-02 9.992240259433582406e-02
2.359311982725829694e+03 -5.019868444203595681e-01 2.972624475170061373e+02
4.657678057452254507e+03 1.768300935937821006e-01 7.282019278713021038e+01
5.204169724431988016e+02 9.982044908361251689e-01 2.592749116524915394e+02
2.812810535218866903e+02 1.424302004115464947e-02 2.853084636234575269e-02
6.472954106861363925e+02 -1.249222402169639923e-01 5.050705659111536683e+00
1.518852487846109625e+03 5.817632741480451702e-02 2.570266785443558355e+00
5.503809431685846221e+02 6.811909215843683363e-01 1.276941775321262895e+02
2.008755996407890621e+02 3.899504683020391105e-02 1.527270921237865453e-01
1.172557174659728616e+03 2.978723157959103918e-01 5.201927755267154652e+01
1.609506922478226670e+03 -3.640711646036189908e-01 1.066683112075979381e+02
4.070990546088296014e+03 -8.084887137050494887e-01 1.330509627589979345e+03
2.050993167478022770e+02 7.410622823150292415e-02 5.631753494605018506e-01
3.959481912119509161e+03 7.112050736473880530e-01 1.001378032724298805e+03
1.401761225164636016e+03 1.282746531573571991e-01 1.153256058976003651e+01
2.193666017051356903e+03 3.518545768841317423e-01 1.357897288529857747e+02
3.361224632127915584e+02 -1.008954935478287643e-02 1.710846635535477958e-02
3.381591976689937837e+03 -1.104764177084907942e-02 2.063623075848475819e-01
1.476427990666881840e+02 -1.513307027399724176e-02 1.690582511792099174e-02
9.380299607460392508e+02 2.101909103088671626e-01 2.072118444232190271e+01
5.848696911294313168e+02 -2.470360361543605734e-02 1.784636375706910028e-01
1.598425630923397421e+03 -3.934361729420662174e-02 1.237117678569276125e+00
3.338663270690906302e+02 7.855212938736066963e-02 1.030050574023722687e+00
1.536365065629453511e+03 1.366983522446984720e-02 1.435459642932755409e-01
1.629108578171663169e+02 1.388393052766145608e-01 1.570163576132061811e+00
2.675643651915906389e+02 1.962818861492518219e-01 5.154169803867548083e+00
3.007690051314475568e+03 -2.094858012695048274e-02 6.599518766332905795e-01
2.471155102373555110e+03 -3.340909539502265324e-01 1.379111698019302708e+02
1.908787887552336542e+03 -1.432337402330318976e-01 1.958025485427871004e+01
1.268406963220024721e+02 8.846887565541601550e-02 4.963747000526131936e-01
4.449025842763388141e+02 -1.728762588558918067e-01 6.648224001969161634e+00
3.879372812561685350e+03 -2.572090131609789526e-02 1.283228180599179202e+00
7.839089679316618458e+03 4.263567869630705554e-01 7.124952912778502423e+02
1.735124570975033066e+03 1.029329385407714431e-02 9.191987109847971071e-02
1.362430610850344124e+02 -1.379753582987456630e-02 1.296843167024332513e-02
1.880053236839483134e+03 -3.823617979807859141e-02 1.374324035092547858e+00
3.348148706389142149e+02 5.307217903748192578e-01 4.715291885740231237e+01
1.740923733734853727e+02 -3.120908928703502311e-02 8.478361727690424121e-02
4.029634658093415851e+02 -5.189502820915570941e-02 5.426092364910900523e-01
5.666807644953164527e+03 1.594203031812086932e-02 7.201048515790940963e-01
2.193877220647292233e+03 -1.571430108331806352e-01 2.708772070941162013e+01
4.375878200761914059e+02 6.902586717546427275e-02 1.042458974192417509e+00
3.368227752687686461e+03 5.811406604128769443e-02 5.687664615672827217e+00
2.849048988545225143e+02 8.366901253373418279e-02 9.972388933593336890e-01
3.821741000287380302e+03 -7.935251337262220206e-01 1.203241021694949495e+03
3.840965079273628362e+03 -2.549354466262502422e-02 1.248161585929475903e+00
4.118328271408402088e+02 -2.057109018392383470e-01 8.713759753053428980e+00
1.047230336393401103e+03 -2.105922117290943141e-01 2.322185079556578557e+01
5.259158523572923514e+03 -1.127689082014501215e-02 3.343990365284131294e-01
2.558679004954946777e+03 5.761060311402090850e-01 4.246104257568108551e+02
2.032428796886952682e+02 -3.258845990960240052e-02 1.079227535590212561e-01
2.175556592632357933e+03 4.379814770618775666e-02 2.086660894590324666e+00
1.144397732891407173e+02 2.420949918898457620e-01 3.353656703555785157e+00
5.309527924963217629e+03 1.650632786128139115e-02 7.233139613641718091e-01
4.504505891383176390e+02 -2.867128917474507863e-02 1.851448369455420129e-01
1.082007951953795981e+02 1.524263810437189171e-01 1.256957906326254593e+00
2.443149199389539490e+02 -1.289697055906527390e-01 2.031867625933164945e+00
1.893940401452985896e+02 -1.924007473048314210e-01 3.505498793167030502e+00
2.731443695808073244e+03 4.538377851734656798e-01 2.812960017176671386e+02
1.844839822011122578e+03 -1.435842586241772856e-01 1.901701412709947903e+01
3.706751048146373932e+02 -5.830082826858689060e-01 6.299598528100469963e+01
2.511544529517021829e+02 -1.698722446785252971e-01 3.623729220711993992e+00
1.105091213482340748e+02 4.682316899606386168e-02 1.211406046682624860e-01
1.833363233357355284e+02 2.599760031227649551e-02 6.195623911731591021e-02
8.281070563647176641e+02 -7.919230235959047459e-02 2.596703889501015272e+00
1.848340852117013583e+03 2.158054406033997619e-02 4.304045417166614262e-01
1.063617924503022095e+03 -3.036779489877671975e-02 4.904358028730698704e-01
8.058989052940060901e+03 9.123632604373521637e-01 3.354178317990757932e+03
1.967801565878911788e+03 1.448511929772221540e-01 2.064407645793536972e+01
1.102607487054664546e+02 -2.664848722056306074e-01 3.915038719974742953e+00
2.198861419790990794e+02 -2.998127480478555984e-02 9.882528011225108489e-02
1.487791640485433390e+03 2.461092652981203555e-01 4.505759908240614919e+01
1.346904073478283635e+03 -1.227588723644944951e-02 1.014874759731383691e-01
5.948075269020780979e+03 1.008899431852444961e-01 3.027207668465722179e+01
1.201395858960512584e+02 1.092346147948937141e-01 7.167648476523958978e-01
6.560389664414225308e+02 3.136580083094792082e-01 3.227099833142897012e+01
2.536845028319153244e+02 8.685733781646308438e-02 9.569229494201269004e-01
1.156051423476065452e+02 -3.441497990553044062e-01 6.846083593641362874e+00
1.495475081453274129e+02 -1.026846919945753889e-01 7.884253776686045434e-01
7.598553703588469261e+02 3.035567380986316927e-02 3.500907986154214724e-01
1.352957665771316897e+03 -2.894704752673509796e-01 5.668429640952866322e+01
2.946688429162955345e+03 3.027475444352671907e-01 1.350409488072371005e+02
2.122690959626875610e+03 1.761417836633505027e-02 3.292922838898569848e-01
7.420093633139501435e+03 8.095676469712280443e-02 2.431563848902871783e+01
6.299153660805956179e+02 -9.689937134753545678e-02 2.957291438185076338e+00
1.064354958094085760e+03 -4.808729624696596039e-01 1.230600848532067317e+02
1.580030900312545555e+03 6.394547184089471870e-02 3.230391637524234305e+00
1.244022613912581079e+02 -1.700870483299675995e-01 1.799454079973969556e+00
2.761893194259721440e+03 -7.254846906270168150e-02 7.268309107497252342e+00
2.636390071749410254e+03 3.008701968641236055e-02 1.193268049340493242e+00
8.924821365081008480e+03 -6.166896445198011278e-02 1.697082082072380871e+01
1.040836228872345970e+02 8.362268395803352794e-01 3.639155472711245665e+01
1.255719578673832331e+02 -1.712969536678950189e-02 1.842306774704642255e-02
1.942587893625714059e+03 1.335224472027736198e-01 1.731646538918926836e+01
1.816433248128840887e+03 2.232495108333228950e-01 4.526582904919301598e+01
1.245207515538320877e+03 -3.003777048006173178e-02 5.617552327736216045e-01
3.982415667920226952e+03 3.758468564343603879e-01 2.812797300515942425e+02
1.063804908503251454e+02 -5.175936481141955176e-02 1.424983613736314492e-01
2.594210305277438806e+02 2.077890339903621375e-01 5.600417869275267968e+00
3.635968237840069719e+02 7.794611676689516822e-02 1.104533907536823012e+00
1.620335111281618197e+02 -3.302595343171509101e-02 8.836607712759887712e-02
7.455914929056740448e+02 1.288653195272134247e-02 6.190747035494883338e-02
7.675183610955964468e+02 -4.125988261218659775e-02 6.533031529413341199e-01
1.254546750273083831e+02 -1.314293448406887443e-01 1.083531496628234114e+00
9.991872914609602958e+03 -2.245523448699479063e-01 2.519138788492817298e+02
3.942146171721212227e+02 -1.254658742454248244e-01 3.102801281257209887e+00
1.055220623405133580e+02 -8.131602963380878124e-02 3.488715909981052743e-01
7.223668623522665939e+02 2.542319689663775223e-02 2.334469162127479347e-01
1.311024825129602959e+03 -1.285947068514190807e-02 1.083994566369977375e-01
4.731876922092328641e+02 -1.253150167118313209e-02 3.715435077759895316e-02
3.567479274161038916e+02 -5.274703100993530791e-01 4.962808321622371466e+01
4.415827715362293930e+03 -4.100314456437233884e-02 3.712072536629322350e+00
2.355720130884980676e+02 1.329163068142226733e-01 2.080895297089154106e+00
1.311192894427900910e+02 -3.028096911923898807e-02 6.011406990473756179e-02
5.403720590033773988e+03 4.139844866749200492e-01 4.630533422898529352e+02
1.997764328721136962e+03 7.858122756693763922e-01 6.168106680428496702e+02
1.272205749662436176e+02 3.291008571869885602e-01 6.889463209481059280e+00
2.668772022896412182e+03 -9.302616682250045010e-02 1.154760002206811365e+01
2.003988285533834642e+03 -1.730994450498112847e-01 3.002316920958328339e+01
7.101715552752758640e+02 -3.791516118860238094e-01 5.104569144783935286e+01
1.306147132134676951e+02 1.162495488028557900e-01 8.825608479469090328e-01
2.031487111681775275e+02 1.617924827302378299e-01 2.658892349812315370e+00
1.284380402006160466e+03 -3.399339219471869677e-02 7.420833445890480107e-01
1.316029767465226712e+02 -2.940888090429635490e-02 5.691054103128898034e-02
8.554298355873563651e+02 -1.608419909937604947e-02 1.106504739828760436e-01
1.046662527391487629e+03 1.502285717533591476e-02 1.181086639797958582e-01
5.830223948326128038e+02 -1.881350755450464374e-02 1.031798246895935522e-01
3.640337968084746763e+02 -1.849575190984724046e-02 6.226667746840767320e-02
8.420093498596543213e+02 -4.156585113317007862e-01 7.273781887285339565e+01
4.382546256899648142e+03 -1.159083788332259113e-01 2.943921166675385948e+01
1.414093846241747315e+03 -4.125524496917628570e-01 1.203390495817242822e+02
4.796281859953442108e+03 -9.885945508142643945e-01 2.343749141357495773e+03
8.284909980550617547e+03 -3.728136983715991948e-02 5.757600415213125267e+00
9.482768696842647842e+03 2.512931136832540213e-01 2.994100245382259686e+02
1.950297336557275116e+02 -9.420591792154971167e-02 8.654205491700650565e-01
1.114280533103801361e+02 -1.254975174628823915e-02 8.774751323223474800e-03
1.088544293236200957e+02 2.617234975203865388e-01 3.728220072261222651e+00
1.195372710185245211e+02 -3.362561521766847111e-02 6.757932026117086100e-02
2.022137836348929795e+03 -1.803909709564071873e-01 3.290109498861291826e+01
6.855452469249337810e+03 1.841667444902880257e-01 1.162595267457034112e+02
1.069144199431826507e+02 -4.104486522940172660e-02 9.005834390472598761e-02
1.114734586211036884e+02 -1.160865401782657132e-02 7.511128912522277087e-03
5.443465391490088905e+02 1.541156023517016235e-02 6.464555770496521747e-02
5.042096550052719067e+03 3.056701387051088264e-02 2.355522136877117312e+00
1.286898727995062188e+02 3.142630389646228206e-02 6.354786842846003869e-02
7.276601565711484000e+03 1.143950830383874823e-01 4.761165913012334272e+01
8.449969952489756224e+02 1.629585698716973577e-02 1.121965695015455233e-01
4.052613320759256112e+03 -1.619168178106146494e-02 5.312379496528130129e-01
7.296111132005751642e+03 -7.067571599484357980e-01 1.822224487623031791e+03
3.517081604999638103e+02 -2.032989331069203973e-02 7.268129361787338538e-02
5.771888303016599821e+03 -5.743793168076097300e-02 9.521064513121919148e+00
3.418391136230600296e+02 2.806652886971262029e-01 1.346384698015484638e+01
1.538541583909545238e+02 1.051640842162640012e-02 8.507738483812025965e-03
1.057430041187288481e+02 -2.465351557186406251e-01 3.213507848027503222e+00
2.357136512884303556e+03 -1.493049913937355422e-01 2.627262053759021754e+01
2.772923858310858122e+03 6.149554585542451601e-01 5.243186072323353528e+02
7.131637879596305538e+02 1.586934720003115307e-01 8.980022223499334544e+00
9.985862011585511482e+02 -1.750758235418352904e-01 1.530410443573589596e+01
1.420488365807968421e+03 -7.562274239949291765e-02 4.061743842282394823e+00
1.205957842829842775e+03 1.393739946431463705e-01 1.171293210697917431e+01
7.133318027792815883e+02 2.376836250414655349e-01 2.014930710206858322e+01
1.472482597131720752e+02 3.874153624679598229e-01 1.105029446858183029e+01
2.130065332512421321e+02 2.103674103120992470e-02 4.713243202442602559e-02
6.078857675764311352e+02 -6.413283045945990246e-02 1.250123142475392468e+00
5.716555639707962655e+02 -5.936934097915399500e-01 1.007462513365889123e+02
9.223866090229132169e+03 8.466279296085459094e-02 3.305736069857419324e+01
2.214971899616251676e+02 6.447269095354275503e-01 4.603517722936804546e+01
6.554567933723135411e+02 -3.337890009242450856e-02 3.651389115167101851e-01
9.933705120348908167e+03 -2.535911959790496106e-01 3.194108114328104762e+02
3.860683667392178450e+03 1.002698411978982483e-02 1.940773604394791518e-01
2.613104045997052708e+03 -1.278499882554617328e-01 2.135640222086720641e+01
1.439261660065335718e+03 4.630669069977526309e-02 1.543111299860252084e+00
6.013259393916662702e+03 1.575508702568644004e-01 7.463139432854674737e+01
4.329162606238545550e+02 2.159224866322432823e-01 1.009182356016286342e+01
3.655675076718146670e+02 -1.568430338455547093e-02 4.496432320834208018e-02
3.197881000795699947e+03 2.683120518131886234e-01 1.151098966228683906e+02
1.906887985338592273e+02 -2.049538104817004436e-02 4.005042978738658499e-02
3.121704710830819295e+03 -1.375994686336948734e-02 2.955257564673794413e-01
1.430207463479354715e+02 1.293785199919962950e-02 1.196997937124636043e-02
9.825327923735867444e+02 -3.873374611834344561e-02 7.370484914066739446e-01
1.466776493775990048e+03 1.821148641982406891e-01 2.432342534536806156e+01
1.742834635913956163e+02 3.740031315487488128e-01 1.218924099816830875e+01
5.176997904425236356e+02 -5.000861375178460022e-02 6.473477241336582644e-01
1.067106428278920930e+03 -1.492278820999205502e-01 1.188167560826626534e+01
6.634822161329037726e+02 7.750095957187718154e-01 1.992569371692446225e+02
2.970427555547588327e+03 5.576546357560534933e-02 4.618698391112618040e+00
1.004235295561088179e+02 1.362770783301054875e-02 9.325048812193233519e-03
2.207445365496189140e+02 6.284957557788181659e-02 4.359780919631542906e-01
3.856690835378317956e+02 3.421733267836119530e-01 2.257756673599988062e+01
1.187517157255692609e+03 4.850453877308272960e-02 1.396930037548120618e+00
6.975552251343963235e+02 6.757287674870475769e-01 1.592551249711709715e+02
3.497840806683330470e+02 -2.663813145846863698e-02 1.241016512253473592e-01
2.880631482615989626e+03 4.085441407236768685e-02 2.404006733339603130e+00
1.210107309075543185e+02 5.437568194237459851e-01 1.788971087117663927e+01
1.207032440495898300e+03 -2.159841929177845066e-01 2.815353171590408365e+01
5.455432704813124474e+03 -4.190818675515810970e-02 4.790677638296030771e+00
2.023258363257477868e+03 -4.225082391165996265e-01 1.805891746882991811e+02
2.160451868952028747e+02 -3.441037293920156670e-01 1.279067190165972079e+01
2.919653930235545886e+03 -3.925913299549808611e-01 2.250001409274143782e+02
9.260304042373865059e+02 -9.268063999619161608e-01 3.977162158592599894e+02
5.314203533810579074e+02 -4.851189743890504252e-02 6.253234439789019383e-01
3.156756808631724653e+03 -1.037317284535119351e-02 1.698378014116094237e-01
7.422680333592925308e+02 5.174597918431284027e-01 9.937656494814460473e+01
5.531754339976738493e+02 2.985313900171087664e-01 2.464977138911236665e+01
5.996796313941917106e+03 2.369779585152925194e-01 1.683857012798679875e+02
8.130586137701020562e+02 -8.182896146452289798e-01 2.722111675103238326e+02
1.111324456591203216e+02 2.463183904704613902e-01 3.371355517507729438e+00
1.190035815229193076e+03 1.540795436780547090e-01 1.412602607495018781e+01
7.326750479333863950e+02 -4.486369251794810470e-02 7.373461833921421960e-01
3.118008537401637568e+03 -5.161584361348425798e-01 4.153491863954172914e+02
3.879179883398462607e+02 1.312920755614852275e-01 3.343389323947191460e+00
1.591447563726057751e+03 2.197513402052198306e-01 3.842601985770772899e+01
9.870507028153244846e+02 -3.983698049469035496e-01 7.832173371741642143e+01
1.013084030038546075e+02 2.743313070296577588e-02 3.812116978969620762e-02
1.360680064933634696e+02 7.038068392554226449e-01 3.370023986132611071e+01
2.078563200130660107e+02 -2.888079967119011257e-02 8.668653954242006021e-02
7.871304694650170859e+02 -1.699817473306288254e-02 1.137159298541377678e-01
6.655830856012319600e+03 2.012097053903810495e-01 1.347318060416550338e+02
1.627307493576820434e+03 -2.407600995938485033e-01 4.716378568818195305e+01
1.457119887061089457e+03 -7.064483597263174763e-01 3.636018900682901744e+02
2.544766222874433765e+02 -7.009014701856043639e-02 6.250745802199355605e-01
1.828819128786784631e+02 2.051961730188124611e-02 3.850164395235385062e-02
3.596725745447209647e+03 -4.178218394420005893e-02 3.139493594856308079e+00
1.536672062173803397e+02 1.247058394030861085e-02 1.194881342381682449e-02
1.666736468758615729e+03 -2.728388819183710789e-01 6.203681097608895101e+01
2.035187636311772849e+03 4.238613354918709941e-01 1.828193095028929633e+02
3.026524531334153835e+03 -1.149274550088453667e-01 1.998765211994121671e+01
3.049614303563798785e+03 -2.858623129712923108e-02 1.246030654870176724e+00
3.645652429003530415e+03 -1.001340056511484389e-01 1.827714868120685310e+01
5.558011565080397304e+03 3.733056856493713327e-02 3.872742838313459224e+00
1.138384320484626215e+02 -5.003229045068464942e-02 1.424818941225236280e-01
2.930217305814514475e+03 1.969903397321570368e-02 5.685382543065240490e-01
2.546640556294582041e+02 8.524976187641229997e-01 9.253883007130428950e+01
4.873516358980724362e+03 -4.765252749847393443e-01 5.533301232574398227e+02
2.264085930652766365e+03 7.503420994884916206e-01 6.373552074604938298e+02
1.991154128933561935e+02 -1.879920566268227303e-02 3.518470233103568323e-02
3.146151751370506418e+02 2.692288028624981872e-02 1.140230650458089190e-01
1.933521956097014936e+03 -1.360476236764305569e-01 1.789373631627832850e+01
1.143756502412456086e+02 -3.014238798148064641e-02 5.195877359286638769e-02
3.226107312970631483e+03 -4.864951576809574130e-01 3.817735687999089009e+02
1.601811446849296203e+02 -5.457289738244160970e-01 2.385258329497191809e+01
2.899539041951857143e+02 -3.481578143587051033e-02 1.757321651105850646e-01
6.661886157892779465e+02 -6.620351844819576115e-02 1.459920992312137011e+00
6.192269807038618410e+02 -6.776628614527376027e-02 1.421828600273226773e+00
1.422529918278754906e+02 7.379543102194127679e-02 3.873382275213870241e-01
5.230960129335371676e+02 1.246395654638596806e-01 4.063153845946448683e+00
1.305855570654741484e+02 -8.427841957796028405e-02 4.637649430150456165e-01
1.711293424706535120e+02 -7.348542468315806542e-02 4.620584349259123647e-01
5.642272287156221182e+02 2.272457943421736168e-02 1.456853071443550141e-01
3.957302866722268959e+02 -1.982789223610622042e-01 7.778975321927472208e+00
1.229654998670539499e+03 6.181386074724875002e-01 2.349227211997323650e+02
4.167903449226203065e+02 1.361263886651144228e-01 3.861644589013125906e+00
4.075561371125729693e+03 1.914756793863861550e-01 7.471102244209453147e+01
3.355007527195656962e+02 -1.895809388528296446e-01 6.029104932849239873e+00
6.426164660380951318e+03 -3.048199746582420100e-01 2.985442417899522525e+02
4.146553763539242937e+03 -2.167285628377412232e-01 9.738444809409956804e+01
4.516768000380064905e+02 8.827110306267006434e-01 1.759684852979625305e+02
1.587523608288507830e+03 1.426225356366874475e-01 1.614605782451762295e+01
3.822821635587595210e+03 9.180375457317758725e-01 1.610923533832566591e+03
3.847203773249132723e+02 -4.618889557088639020e-01 4.103839337809849042e+01
8.245423346641027820e+03 -1.646473149636001887e-01 1.117615119403265567e+02
4.973357857120784502e+03 -1.651499265760381779e-02 6.782292008053499854e-01
2.824798161252990099e+02 -4.857785663178123547e-01 3.332990868489184777e+01
1.283139145814761264e+02 2.025972829922674870e-02 2.633364596299434326e-02
2.313302008971734267e+02 -5.341844364287458291e-02 3.300538481047851080e-01
2.664014471178996700e+03 -1.378716122769000352e-01 2.531956805877250360e+01
1.246433077973540549e+02 5.329817528324115594e-01 1.770368410672697834e+01
2.583157125074460509e+03 2.025238992950515182e-01 5.297529563370642336e+01
6.513444693600085884e+03 -3.720282494794885930e-01 4.507467163676345194e+02
6.430555360706927786e+03 -2.573768024686208244e-01 2.129890556426846047e+02
7.296143002721319135e+03 1.621194650383290040e-02 9.588124525516674712e-01
5.807951835084380946e+03 1.082286015363933401e-02 3.401551918509159167e-01
8.419602965774092809e+03 -2.009620225723726394e-01 1.700159250545340797e+02
4.872721468753620684e+02 8.638169591053048713e-01 1.817963016492290365e+02
6.358729502468935380e+02 -3.079722097370756750e-01 3.015528333009864781e+01
1.973336028874176691e+03 1.889328227299378465e-02 3.521971812746212960e-01
1.262514784623536599e+02 1.163734146412447740e-02 8.548974707149955762e-03
1.686668028507991437e+02 -2.853041438337611604e-02 6.864608537803959520e-02
3.211873688141527964e+03 -1.103455999445205477e-02 1.955413019579067546e-01
1.676221312393923199e+03 3.069030984845109167e-01 7.894123359134771079e+01
8.118938095970675931e+03 -3.023548964402367548e-02 3.711105037816890384e+00
3.078634044980481576e+03 -6.277001098671679269e-02 6.065023407960198121e+00
1.731092645213390711e+02 -9.258070603430217371e-01 7.418759500580773647e+01
1.144230021756340960e+02 -4.979937086374861543e-01 1.418832261950734974e+01
1.189168615819615070e+03 1.790714990713461810e-02 1.906629822617803005e-01
1.092754424891966636e+02 5.276868278020316883e-01 1.521405860603997517e+01
2.315888048552608609e+02 -8.222771877542397467e-01 7.829320103010414300e+01
2.277047620741762159e+02 -1.331762782132320522e-01 2.019276844699084084e+00
3.644535571136964904e+02 8.637409688406599839e-01 1.359500077415739554e+02
1.509648207634563732e+03 4.397948679079446976e-02 1.459977202515576389e+00
2.667800078179877801e+02 -2.717744619894197494e-02 9.852366857639485720e-02
8.412615061299317176e+02 2.130671895608927946e-02 1.909563814483959399e-01
1.967571896022751616e+02 -4.823777204286851250e-02 2.289154455374308172e-01
4.801428988777760424e+03 1.090225031774374742e-01 2.853466729106446920e+01
9.149759608263026394e+02 1.927539181219871389e-02 1.699754179864868542e-01
2.961668854858261966e+03 -3.133525141190435237e-02 1.454028334557929680e+00
4.169515548164895336e+03 7.191555733117953597e-01 1.078204904486136911e+03
3.049031796593036233e+03 -1.214616689887441058e-02 2.249108705418584875e-01
9.015200637378317197e+02 -5.137728500760871952e-01 1.189837636076087648e+02
4.033697132026043164e+02 -2.930508027946701621e-01 1.732044802135225225e+01
7.021417844765045402e+02 8.153003826824349598e-02 2.333619877286206457e+00
1.121033574098633636e+02 -5.286101436286519406e-02 1.566244681354497792e-01
3.131192669602529008e+02 2.540655941283748165e-01 1.010581883870568021e+01
6.010467657975925249e+03 3.155727172613078113e-01 2.992796364647575160e+02
2.441867465981922123e+03 2.977977161382296817e-02 1.082766519701014563e+00
7.113045124570966209e+02 -4.740210246232775537e-01 7.991361510467635298e+01
7.800465150521692976e+02 -2.573506698763976946e-02 2.583099357271116392e-01
1.675825090001870649e+03 -5.189010330938532284e-02 2.256148924554242985e+00
1.346948762195203471e+03 7.089858233762105777e-02 3.385292370130977169e+00
2.647833189106825557e+03 -3.458668823356248617e-02 1.583720667078252653e+00
1.284427451842792607e+02 -4.360765859406077333e-02 1.221251531304583943e-01
1.367607390048908428e+03 -4.157708352844536881e-01 1.182059906959618871e+02
2.830735606991705708e+02 -3.244990665799332152e-01 1.490377261361687822e+01
1.800986087470357461e+03 3.850999548409485274e-02 1.335448970564466542e+00
4.221843348219151267e+03 4.039107201892023769e-01 3.443839309357417164e+02
7.047214005753819038e+03 8.552445383504342358e-02 2.577318453531631093e+01
1.314307658376227153e+02 6.650215516785266123e-01 2.906286888994769768e+01
2.345456003062690343e+03 -1.144014717851780244e-02 1.534830845030596136e-01
3.071796926881132208e+02 -2.889208015451683043e-02 1.282094768250038597e-01
1.981028348138970841e+03 8.715706829648635079e-01 7.524296857032305752e+02
1.838942798419559040e+03 -2.962794693475531149e-01 8.071260065738789535e+01
1.953230948494419863e+03 2.373620356160361378e-01 5.502323456099266963e+01
2.080907452221323183e+03 -5.233733434029349402e-02 2.850007273485730686e+00
7.520857533346921628e+03 -9.338935004300074061e-01 3.279684535632451571e+03
3.584800061982860370e+03 5.779949144640995906e-02 5.988016346962976577e+00
1.921438598576399954e+02 1.675063815093473865e-02 2.695623471090675960e-02
1.271692402444254242e+02 -7.257849257350569572e-02 3.349407347355446429e-01
3.157902761182525410e+03 1.487368104424888204e-02 3.493057104495783660e-01
1.130860305424097021e+02 5.459442620118803297e-02 1.685293617570053637e-01
7.482589723723128373e+03 3.198900648216540521e-01 3.828454071235085507e+02
3.284721030511191771e+02 -1.509983064643901640e-01 3.744662213145617091e+00
3.844063790760166285e+03 2.978619295493402097e-01 1.705259930951439173e+02
3.446071111664176897e+03 -4.197362469304738442e-02 3.035618489428505207e+00
7.406187270741477278e+02 -3.532354686968564028e-02 4.620546057484737346e-01
7.799330030291255753e+03 6.331851808185504082e-02 1.563467242220772313e+01
1.448742193503647968e+02 -3.082333757539838445e-02 6.882091437552317892e-02
5.352394723608194909e+02 -3.270255243253614164e-02 2.862077829623242420e-01
2.899394860696851993e+03 1.188117883016166360e-01 2.046427836103800857e+01
1.053207307269223492e+02 -6.906929171470249651e-01 2.512198042636276085e+01
5.953715245851498139e+02 -1.460336534665022598e-02 6.348395348260482685e-02
1.266852886107457380e+03 -9.639358533694423192e-01 5.885623236028046676e+02
2.729737710163639690e+02 -1.552841983762216944e-02 3.291133147088173144e-02
3.064470558122390685e+03 -4.007034424806694278e-02 2.460206743563400966e+00
4.559286425364221031e+02 -2.613273230558670335e-01 1.556813253795141350e+01
5.921260392031266520e+02 6.295860433911717458e-01 1.173530410863133540e+02
2.081238236337510443e+03 3.728239232642022866e-02 1.446436408561511122e+00
1.559244963511802553e+03 5.330240125421668168e-02 2.215021279541709909e+00
7.160038964897116784e+02 -8.127845271304345864e-01 2.365027771872262861e+02
2.127355961844748435e+02 3.507757241246996227e-02 1.308787771985001902e-01
5.825732903021455058e+03 3.689640564993530714e-02 3.965415450879049786e+00
4.484145056827976532e+02 -9.524065952099032284e-01 2.033735388219777747e+02
1.474985192823577790e+03 -9.353780156812850910e-01 6.452558961256662542e+02
4.942325166667069425e+02 -3.907341810797584220e-02 3.772802999703558924e-01
5.627798973385501995e+03 4.957227919812619010e-01 6.914907171326785829e+02
1.416568944999759481e+02 -1.910806676246755084e-02 2.586075625939194753e-02
3.493299484698490573e+02 3.259029768738942040e-02 1.855164730072971224e-01
2.893508393207018798e+02 1.617329498364867765e-02 3.784354098597640659e-02
7.407178663648647898e+02 -2.538210449693575205e-02 2.386041977603463315e-01
1.849182300227425458e+03 -3.052981171702040183e-02 8.617831217463391980e-01
5.105234364907392433e+02 -2.884885005909383973e-02 2.124431348008860021e-01
3.241697780433649427e+02 -8.322923509286582755e-01 1.122779138226531899e+02
3.299207436831730433e+02 7.774143740922329071e-02 9.969761279915492214e-01
1.574911356679549215e+02 -3.599928988929426005e-02 1.020502298514489314e-01
1.381205225221394585e+03 -3.997852773721929376e-01 1.103778194523021057e+02
1.286074831125732771e+02 1.141596255871115823e-01 8.380333748757933243e-01
5.448564679748701565e+03 6.994874006632843810e-02 1.332944010917005073e+01
1.076797238425321979e+02 1.975837648802556135e-01 2.101872898223538400e+00
5.989033351446973938e+02 -8.480506806661826102e-01 2.153626319184602949e+02
1.225153698050054345e+02 -2.487747693613682753e-01 3.791169869640540036e+00
1.533952005672680116e+03 1.043510502027656869e-02 8.351710358833262793e-02
3.955018033718134234e+02 -2.542983636897941380e-01 1.278808763498255807e+01
1.146728224439142195e+03 6.395066262933098988e-01 2.344879899770797920e+02
9.771233907726933694e+02 6.325030871091440188e-02 1.954540676823059542e+00
1.928389292917696366e+03 8.436469717734956797e-01 6.862561030272930793e+02
1.277523116729748381e+03 -3.481659552085508702e-02 7.743037739854801149e-01
1.031163098785291083e+02 3.740219578922961141e-02 7.212595322236314832e-02
7.607040479036225406e+03 1.156292653347589655e-02 5.085354865648726852e-01
5.723394016456441022e+02 -1.350735388132360409e-02 5.221126381738691591e-02
3.960164155093740987e+02 -1.496435825875180037e-01 4.434037756213320414e+00
1.611190356058299130e+03 -6.214878765580789111e-01 3.111588663062580622e+02
1.252997518598528188e+02 7.761665506497008593e-01 3.774244757977350417e+01
1.470097034283187156e+02 -3.002328708216550068e-01 6.625710921484267324e+00
1.169317890437014142e+02 -1.442890683177863453e-01 1.217221057923892014e+00
1.011710615105796478e+03 1.336057477677043970e-01 9.029768061378556254e+00
1.559672812272238616e+03 8.573195162856658835e-02 5.731772263845809512e+00
5.760545169028273449e+02 -1.539969531647171312e-02 6.830584172050591096e-02
1.794457210298912742e+03 7.721685090559323728e-01 5.349673576166737803e+02
8.435966775145019483e+02 -6.264120159249658704e-02 1.655102995182392789e+00
6.987990307252501907e+02 -5.123167837936696417e-02 9.170636214062883873e-01
2.511793608781224975e+03 4.102325815769465589e-02 2.113558414913650374e+00
2.269282293922590725e+03 6.729585714253688566e-01 5.138486111623701618e+02
2.364678668950437270e+02 -5.239697878454280949e-02 3.246045705544479132e-01
3.420088468354583142e+02 -4.181043563481079417e-02 2.989349749152730440e-01
3.028677819282000200e+03 3.683920912008462750e-02 2.055150719026021200e+00
2.995724067071064951e+02 -1.661524764300205403e-01 4.135094605363020648e+00
