-3.548276652131958642e-01 5.799627448731164113e-03 -1.188810603394062347e-26 2.151425147002031907e-18
3.803732474890810789e-01 3.601219823772843637e-02 5.662218511191292189e-23 6.820908476378535963e-14
4.240589602324345009e-01 7.541976081217874328e-02 -8.680573554890845573e-25 -2.441494873135989196e-15
2.283195019551615967e-01 7.568857628945839001e-03 -3.387104140480614309e-26 -5.147518245770275453e-18
1.675769499080110858e-01 -3.271542626082662390e-03 1.132299770358445387e-24 -5.459140658112089158e-17
2.105493490463075101e-01 2.454427770120988159e-02 3.134328055187924539e-23 1.424441471936434358e-14
-9.607317446630918578e-01 2.302442441666400705e-02 -6.496043369179603627e-23 1.263676296215990806e-13
-1.271934227977999932e-01 -3.104302924763035348e-02 -4.200583848758124494e-24 -1.458593947149585403e-15
-8.692147820738067576e-01 -1.166864243552015803e-02 -1.912365018758997338e-23 -1.705745469889450873e-14
6.393110693816792534e-01 -2.754755902336093222e-03 2.665916056611004530e-23 -4.128932823455522470e-15
-1.215973052986807357e-01 -1.661573540695439333e-03 -1.129681880073822662e-24 -2.007223262740756943e-17
-6.526766214976484903e-01 -1.775053075242667309e-03 1.303972507244224199e-24 1.328537554296210136e-16
8.686327702371690052e-01 -1.046119837921433062e-03 3.155116504572781755e-26 -2.521326266854088459e-18
-5.586693185379321136e-02 6.278303156951905301e-03 -6.302305868071510992e-24 1.943983527851046497e-16
6.701861490034874969e-01 1.390390500614180347e-02 5.215477347217880240e-26 4.273879798138226365e-17
2.312802484937754866e-01 -1.258351916542601798e-02 -1.056168527574886378e-23 2.703148361417478970e-15
4.339037395342681958e-01 -1.832774817959762978e-02 2.694423044526845042e-23 -1.884361778695085885e-14
-3.927384020403403841e-01 3.219036734102779206e-03 -9.875908451498594318e-25 1.098000043132021810e-16
5.816510825270673202e-01 2.472113299123132255e-03 -5.264503001521603076e-23 -6.657087873022016334e-15
8.044528635647463233e-02 8.533799383000466310e-02 -3.366322116705724276e-25 -2.032332216842102062e-16
6.801947635092782107e-01 2.313953523916942485e-03 -1.383014886261860821e-23 -1.914303401675556088e-15
-8.353049695258447649e-01 3.031413422428991689e-03 -2.878527419820925732e-26 6.409978982142246795e-18
5.353973966759830727e-01 -8.843579289855928172e-02 -1.301799770224938710e-26 5.420564543409524048e-17
-9.584095983206124547e-01 -1.220082188582272478e-02 -3.779156028863580176e-24 -3.886252950420132184e-15
-4.976404703146881658e-01 -8.529544644386184704e-02 -3.916422472349075463e-26 -1.461931664497648612e-16
-4.979918239722747053e-02 -8.423755360019850869e-02 -3.223644637242603356e-24 -1.189244411793074298e-15
3.136478722894622262e-01 8.545242349005351123e-02 7.920066373312433287e-25 1.866773174084253165e-15
-5.867319031759923309e-01 -5.095584493364264944e-02 -7.173514003262872094e-23 -1.886086738315894705e-13
-3.866034616546205616e-01 -4.883773832174688641e-03 1.819267010924036962e-26 3.020742644911662979e-18
7.171078145613258847e-01 -1.162878874589174175e-02 -3.979078294077524511e-26 2.918081525708104993e-17
3.587615095490981343e-01 5.158368604667094848e-02 1.105388252054337050e-26 1.798991288198659183e-17
-5.469428285964528236e-01 -6.168101254928917872e-03 -1.312001997401514031e-23 -3.892457893515002213e-15
-3.406857839920374165e-01 -1.769791398695773690e-02 1.119618726163168710e-23 5.936660941366365800e-15
-4.254583861732466055e-01 3.904741758690971620e-02 -9.174880591659075835e-25 1.340435207769388919e-15
-2.197314386331326030e-01 -4.134298743297524018e-03 7.785090880245802773e-25 6.219475217364837968e-17
-9.078569274309788995e-01 -2.513240324155232436e-02 -1.280839898322503886e-25 -2.570054179495792707e-16
-7.586929702801414876e-02 1.479446587682864541e-03 -5.088393013079665183e-26 5.022755044818193796e-19
-9.292572673027827967e-01 -1.976955980534885957e-02 -9.864710013972616839e-23 -1.593724646575501150e-13
-2.792387300688448093e-02 -1.117180225196387315e-02 9.737398732593349322e-25 2.671393398938326304e-17
-7.900951039565358158e-01 1.301170578973984571e-03 2.805414853646120797e-25 -2.536335484958990707e-17
9.160731012339373702e-01 2.145742148447199807e-03 -2.651260062033037369e-25 -4.583064752006363336e-17
6.177999339449198324e-01 1.811379005187086335e-03 3.531109320389060036e-25 3.475076349910197749e-17
3.189154476005646721e-01 -9.149350380819626372e-03 -1.915439699140195134e-26 4.915076709384544434e-18
-1.399909315344365357e-01 -6.620049483587429895e-02 8.717912620122280880e-25 7.105091108573193835e-16
-1.498885804971812341e-01 -4.894283312956489163e-02 5.021997853999995441e-24 3.239889328232162315e-15
9.393002673310426598e-01 -3.754957676720745152e-02 -4.772994446013474083e-23 1.480459126437862436e-13
2.998523038954354902e-01 8.910702023149193185e-02 -1.254075929315068858e-23 -2.946721850216689864e-14
3.041060617401749600e-01 1.938122553736525621e-03 -2.510315669831674276e-23 -1.301159838166136094e-15
4.267928079347231840e-01 -1.811537252265041018e-02 -4.829687394834757942e-24 3.283820302051602120e-15
7.579649251072906324e-01 -1.020793738629636495e-03 1.985903440269270525e-26 -1.351267200091765433e-18
-8.943067605123449226e-01 -1.152759927138023027e-02 4.411598816169107525e-24 3.999607706777417158e-15
-2.403736787514307860e-01 -4.721717712833923414e-02 -1.646841368474437904e-23 -1.643745956889938003e-14
-6.898933292629880754e-01 -4.371963414942248508e-03 3.371969990111399832e-23 8.944131297269243013e-15
-1.743838296986053304e-01 -1.115452721299271636e-02 -5.563785940969338166e-23 -9.517519856166024092e-15
3.440299002286846264e-01 -3.744615716190579247e-03 1.984122923569868688e-23 -2.247853587307091340e-15
9.537239419457159695e-01 1.405613409782413298e-03 -4.539688880520047993e-26 -5.351932994735499071e-18
-6.930728761171915941e-01 4.894650580291255715e-02 -6.035012589007750417e-25 1.800423932552381408e-15
3.452544925004890075e-01 -1.154084754927605337e-03 1.073933903229108288e-25 -3.763141907633060786e-18
-4.471457293866443194e-03 -7.823739534840751242e-03 1.824637569253885700e-23 5.613530465135776413e-17
-9.267534990370158710e-01 -3.100403661367101549e-03 7.535037261020724073e-23 1.903986567316622960e-14
-3.990427443550415010e-01 -2.051576331503198597e-02 -4.405667688383804668e-23 -3.171866024587947275e-14
8.976884327211707149e-01 7.563451038262008694e-03 7.992906906154504037e-25 4.772504911319278601e-16
-3.193095325194532652e-01 -3.403648931304411630e-03 5.684614231426398700e-23 5.433174338233757687e-15
6.713792357042378534e-01 2.334593503319841359e-03 3.410250450214628159e-25 4.700688288313478942e-17
9.161462483301590076e-01 -4.069119074573398186e-03 1.664451770719336918e-26 -5.456729457027039328e-18
9.261492303175526963e-01 6.724215250994404480e-02 -6.369956849875670170e-25 -3.488631261991377415e-15
4.358895112485943191e-01 1.337673477193766216e-03 1.808747705384577524e-25 9.274714044222831815e-18
-3.926457247522467942e-01 -6.769306903540105690e-03 1.098329338611349301e-25 2.567282511851706608e-17
7.856822150294440199e-01 4.560976693496079232e-02 2.128206954195105931e-26 6.706788851224987958e-17
-8.781127035642370959e-01 1.059675758259979485e-03 4.867223006470864620e-24 -3.982910109578659971e-16
-3.218358412695956350e-01 -7.303269927048071375e-02 -2.386221196195877274e-23 -4.932401935374215622e-14
-7.898196230485066138e-02 -2.866915893758021847e-03 6.250720666700642706e-23 1.244712249944507831e-15
-2.634973591806006876e-01 -1.510069437025623540e-03 8.365533103714982473e-26 2.927270170530265748e-18
5.735194585800575950e-01 -4.057166277940564558e-02 -1.784751088545896661e-25 3.652116479382717144e-16
6.598366793053491719e-01 -7.933150979733477604e-02 2.772595641226078786e-23 -1.276335091175963665e-13
5.055797026218789014e-02 -5.087807692733691337e-03 -1.406415347965994653e-24 3.181485258153683050e-17
6.819012595487772277e-01 -1.519029746731799697e-02 2.201145891036913584e-25 -2.005084131531852536e-16
1.896548815274572419e-01 -1.142384659966687657e-02 2.252707114950523680e-23 -4.292172021460812742e-15
-1.530473096464066707e-01 -1.135920113751553431e-03 -2.345893694952796981e-26 -3.586557663998505990e-19
-7.094629277910886600e-01 -5.343858707042768025e-02 2.705672311970630586e-23 9.021024686478924189e-14
3.540220995382745706e-01 1.695578731815372726e-03 5.030552852071886116e-26 2.655584042345189479e-18
-4.408676902836050626e-01 1.780928234386158033e-03 1.338229989594828041e-25 -9.240201664054219000e-18
-1.193104301092362540e-01 3.129362994299345752e-02 -7.377915138388730946e-26 2.422501250229829637e-17
-6.539286920186526686e-01 4.773846271728929974e-02 -3.738169799800089566e-25 1.026251600884959713e-15
-1.423179204855822277e-01 5.063510070931874323e-03 -1.028869443905681973e-24 6.520299384821533512e-17
-3.744187736265989219e-01 -6.907379459423818036e-02 1.158356604077984749e-23 2.634566775262437774e-14
9.479204934585412357e-01 -2.995735980217564039e-03 -3.375016050588869199e-23 8.428441774542863608e-15
-6.946764950529611404e-01 5.709187119761453821e-02 1.674693847620313340e-25 -5.841014803440513251e-16
-9.137646285191232121e-01 4.435548505555734523e-03 -5.642531796908408227e-23 2.011183470586574250e-14
9.355398675622168536e-01 -1.129240599004533926e-02 8.313570446533143175e-25 -7.723823922197617024e-16
-1.075096487974165349e-01 -5.772323535675787792e-02 2.499565290181808498e-26 1.364138901015019590e-17
-5.589823891411096479e-01 -5.290485750548263449e-03 -1.174799089832564061e-26 -3.055295892973581085e-18
-7.518986343831124408e-02 -1.462903531900057192e-03 1.868763625626594094e-26 1.807695833547788712e-19
-4.131930378835684259e-01 -2.030076113361838595e-03 -1.804003318156832568e-26 -1.330756661228804798e-18
4.944980405738703677e-01 9.172769638873709899e-03 8.195733223011052059e-23 3.269255595378213328e-14
9.780583327418346240e-01 -1.450506982048984294e-03 -1.290095412207077974e-26 1.609542364825003670e-18
-5.562657206133028165e-01 -3.016148097076112519e-03 -1.318727900363901912e-23 -1.945746038612865048e-15
8.115763941281108895e-01 -1.117675676300209156e-02 -1.219303714264595980e-25 9.726421883080094580e-17
-8.527906206977071690e-01 6.051495413892720929e-03 8.517553845132670420e-25 -3.865591981341142134e-16
-6.802395350151746456e-02 -1.228551428634534065e-02 5.784297076320512422e-26 4.251104693746986790e-18
-2.307924086414834264e-01 7.983612016285409826e-03 -2.729174642764406128e-23 4.422300710244725128e-15
2.446517369062917169e-01 1.231280414058831367e-02 5.471230926170366473e-26 1.449393537314244580e-17
4.360411703343569645e-01 2.398080399924052992e-03 -1.306220174214770836e-24 -1.201167639713546247e-16
1.290934417193556616e-01 1.456420859224487503e-02 -7.491192465380082967e-25 -1.238619820825355664e-16
-1.111026983941012514e-01 9.416037321902225032e-02 -1.772955837315531119e-26 1.631122942704919123e-17
-6.704295513528240047e-01 1.950677500036839679e-02 4.866675873518546062e-23 -5.597151298644541886e-14
-9.736542317151155590e-01 2.706668787121210493e-02 -3.382487023998758130e-23 7.839204790154343620e-14
2.236718108214550416e-01 7.937325056309582280e-03 -6.377845184101053005e-26 -9.957616434850868771e-18
-5.381050991280638129e-01 -5.655567520023155846e-03 -2.021874357337441787e-25 -5.411198478077120287e-17
-4.254106253680338678e-01 6.505678935702037535e-03 1.314071699564229708e-26 -3.198276610122090077e-18
-6.630591912698891033e-01 -6.942872331084439484e-03 -6.200842531340090936e-25 -2.510372576082679383e-16
8.928616606722574733e-01 5.431558384527265804e-02 6.998625459896265783e-25 2.984814732794160331e-15
-8.865178995441502785e-01 1.355332570862290836e-02 -1.064900623032960510e-26 1.125222649656624513e-17
-5.597946382785361497e-01 2.457184630545987663e-03 9.497475954378182171e-23 -1.148869573172788137e-14
2.363137138530988501e-01 1.990186822851705735e-03 -2.588413059909480148e-26 -1.070563308443234076e-18
3.870288239206254310e-01 -5.446843289025201512e-02 8.203111189914636614e-24 -1.520767382679417949e-14
-7.057944018096506955e-01 -6.598541479190052524e-03 5.061672410147884729e-25 2.073080635997539107e-16
-8.336090632096011532e-01 4.026845257247884703e-03 -1.518829589267424707e-26 4.483657378826439233e-18
-8.220079649735225757e-01 -7.519820721297418298e-02 -2.547767986597815824e-25 -1.384966884074306900e-15
-9.569043560435162021e-01 -5.162951367109846687e-03 2.104509964136588633e-23 9.143522805631249859e-15
-6.435404015041072956e-01 -5.230376096272070299e-03 1.034066794260769405e-25 3.060929509373644971e-17
1.654141848669454795e-01 4.553348042330704511e-03 7.599385369707181181e-25 5.033592634492205682e-17
-3.090913568652504662e-01 6.229374928991977811e-02 1.252016988613186554e-25 -2.120008264114172782e-16
-3.129409898354840180e-02 -1.470121407571281340e-02 -5.798234236370650108e-25 -2.345888735772525950e-17
9.799801969324217765e-01 -1.419355916146017131e-02 -8.426432595763325531e-25 1.030738180724614489e-15
-4.869690082216937554e-02 1.432330584121620579e-02 -8.704361633342595681e-25 5.339216290311647896e-17
5.570407328439463956e-01 1.223834382782291487e-02 -2.408930821124856867e-24 -1.444208618405855589e-15
-1.361270367687563709e-01 3.898853869416692586e-03 2.007507874770042910e-24 -9.369892465229145693e-17
1.994905953011922861e-01 1.326319517693302138e-03 4.909726985273214831e-25 1.142415088086371206e-17
3.190240581360086480e-01 -6.193218224797450953e-03 -1.144754036679637188e-24 1.989060542390467326e-16
7.062536117680193737e-01 3.642244831757256596e-03 -1.647030800162362294e-26 -3.725868634341578032e-18
-1.349905280370258254e-01 -7.827721353194547552e-03 3.211051785905587782e-26 2.983884191903720366e-18
2.108374207697758518e-01 -2.989554706604450468e-03 4.020210455585938933e-25 -2.228429961113085743e-17
-2.784506683678888983e-01 3.146136503834222938e-03 -1.632809064115490986e-25 1.257932186108776123e-17
-1.714218675512384493e-01 1.960083926804800925e-03 -4.160290410989056487e-23 1.229307518248245322e-15
-9.906388283547955531e-01 -3.537071922749086047e-03 5.023599532233714002e-24 1.547997477903826742e-15
-9.469690140244872989e-01 7.302548314951774755e-02 7.535070977900516639e-26 -4.582405900731951686e-16
4.895591521049489359e-01 2.288682570606627095e-02 -1.254321852120481938e-23 -1.235935267156489993e-14
-2.101800740181816174e-01 -1.561871547738070010e-03 5.786829815333234875e-23 1.670604184603272587e-15
-6.992450007902979436e-01 -3.139854996426361122e-02 -6.708877509676665569e-24 -1.295343127140636713e-14
-8.124663834645049487e-01 -4.169157109225833657e-02 -5.235077246900446168e-26 -1.559454674896549544e-16
6.501636604736222846e-01 -1.962958509637965226e-02 -2.995330213625044750e-25 3.361820487883687131e-16
1.800194531616097215e-01 -7.792943372776221789e-02 -2.445855488999784661e-25 3.017503291566258601e-16
-5.296625995838748491e-01 4.068690161481633427e-02 3.321736008615638280e-26 -6.295279853354886283e-17
-1.123467406679379277e-01 1.519180909799740719e-03 -4.481270201322330369e-23 6.726158590311326994e-16
1.680872420438705994e-02 -9.439792029574451196e-03 -1.440855991246167704e-25 2.010544800238121727e-18
-1.358934195037058146e-01 1.090954763610631206e-03 8.040262703448933297e-25 -1.048265781031858271e-17
-9.071317819960960094e-01 -4.580954953520614131e-02 -1.959296752857068717e-25 -7.160158288118623822e-16
8.797702306230181790e-01 -5.125680557286211615e-03 -1.647485656159699710e-24 6.533387862715802800e-16
-5.008589537681888970e-01 -1.114542768965874966e-03 -3.810327381663813767e-26 -1.870554957993188672e-18
5.102548025432418477e-01 -1.058624509580764414e-02 1.139318496420682304e-25 -5.412154602523720609e-17
6.793307340316578902e-02 4.962541034085007907e-02 5.621851125526257398e-23 1.666712586622456996e-14
-1.348129781715614595e-01 9.420482181740547079e-03 4.086069072679461817e-23 -4.563589156268878647e-15
-5.709066152488631030e-01 7.250288496999495076e-03 1.398259194292995302e-24 -5.089839026353009130e-16
-2.255889638090293747e-01 -6.851379918608611376e-03 9.673828866127201573e-24 1.314892658151909395e-15
5.895868896644036461e-01 -7.937525956953564443e-02 -1.207703250905943577e-24 4.970375638241569990e-15
-6.681241072057673147e-01 -7.540450603402647049e-03 1.214311266206484414e-24 5.379977584402947615e-16
-8.148497243217840413e-01 -2.639041266406151869e-03 -8.174973573393643321e-23 -1.545987798548667377e-14
6.255487695231565226e-02 1.315846554202109407e-03 1.313475987820498161e-26 9.507899000298363079e-20
-4.126863471201793754e-01 -4.547699841629187882e-03 1.641794159502123920e-23 2.709733625777546365e-15
4.310603977165348155e-01 -8.724173121058344249e-02 3.365133500955388085e-25 -1.112911676084221933e-15
1.630968790691751380e-01 -1.641103891661117864e-02 -5.154036418823784443e-25 1.213179908596405715e-16
7.596750134633349916e-01 2.137869605513425045e-02 7.453607099268856405e-26 1.064563450588101235e-16
7.171360086799833944e-01 -2.063827955053922948e-03 1.211146634504714474e-23 -1.576404796352318673e-15
-1.506852510725884553e-01 3.428313986258718464e-03 -9.020765395976108198e-23 4.098177126987783138e-15
-5.713016479816648285e-01 -6.927823577940162014e-02 2.828157257687842146e-26 9.843778914090512632e-17
-4.410830923475097531e-01 2.544710962870311202e-03 -6.921027684784983167e-25 6.831647637897525715e-17
-6.607094647789353292e-01 -1.538407119106605754e-03 -1.052792254906562592e-26 -9.410668837140500472e-19
-6.328986667394618237e-01 -6.683389279866634725e-02 -9.279577799941487017e-26 -3.451875759210869964e-16
-3.693564106459292784e-01 2.840469417218780337e-03 4.080211169268788366e-23 -3.764561526911116814e-15
9.997658479048054936e-01 -3.487370336407591420e-02 -1.323733781120522112e-24 4.058756700401805030e-15
3.386410786780678084e-01 -1.588642894840289243e-03 6.026948753331789828e-24 -2.851408386478087215e-16
-8.487844785365217248e-02 2.190184159224365865e-03 -1.244413344650852364e-23 2.034411128007083836e-16
9.172649350826969084e-01 -9.570990951082483655e-02 -8.230354299919967517e-23 6.354278256012312665e-13
9.589906185361083413e-01 -7.075564750675622516e-02 6.310308472130359561e-23 -3.765494853831158715e-13
-4.069511019505234195e-02 -1.046306908807155024e-02 -6.057947150902161142e-26 -2.268416525063664642e-18
4.303575637560452805e-03 -1.098175369496875650e-03 2.537529496890900808e-26 -1.054649713050665548e-20
-3.468629482585425805e-01 9.871984552797849477e-03 -1.173722084568797452e-23 3.534464751720288875e-15
4.247624443832740404e-01 -4.281423046089285339e-02 -3.021713419344056273e-24 4.832629798074061412e-15
-8.071317634330243962e-01 -3.354548715581761112e-03 -1.363846298450747476e-24 -3.247431294289057311e-16
-2.675257382016904550e-02 -2.262133615253551604e-03 -1.880069142801660526e-23 -1.000584212840854162e-16
2.581216063241094094e-01 -4.491780927593681805e-02 2.746911656812507755e-26 -2.800809807730106469e-17
3.562246169346667823e-01 1.232834633410588750e-02 -2.395118076036411520e-25 -9.250211935494514649e-17
1.540399024770451319e-01 9.734819589249037175e-03 5.630915933685961065e-25 7.425679254062310313e-17
6.780243079167109777e-01 -1.352152385987777242e-03 2.920448009933693760e-25 -2.354595895088765331e-17
2.209979039300842274e-01 3.619115512240145705e-03 -9.445139496478027148e-23 -6.643469969678967394e-15
2.530660161163251765e-01 -1.428567173221809887e-03 -2.463555123283371170e-23 7.832362496193520001e-16
9.276315831463644024e-02 5.011988468734466379e-02 2.470963453010313339e-25 1.010294321804943018e-16
-4.315889040111444697e-01 4.485622496760933477e-03 -1.924846646103660606e-24 3.277065537286433004e-16
-8.038930086949869214e-01 -2.382442205099924784e-02 1.534197351087891883e-25 2.584031804117661024e-16
-4.193514724646849601e-01 5.541484871676502499e-02 -7.024983928550465667e-25 1.435640361575446073e-15
3.016560051923624641e-01 7.197334200900372403e-02 -3.364020271058214608e-25 -6.423004836764205926e-16
3.371350941035258231e-01 1.973160486301596059e-02 -3.511553968509070740e-23 -2.054289850209403330e-14
-2.742818591874736089e-01 2.482837073214140804e-03 3.309424336329650452e-26 -1.981954877064053985e-18
4.485906146851916798e-01 -2.072202271774464463e-02 -1.099288788934806461e-25 8.986490671000203684e-17
-6.997898568679485898e-01 -4.565736233456718640e-02 -7.477910144071632328e-24 -2.101138614362570563e-14
-5.680597057734351196e-01 1.960169206615901272e-02 1.236828715247999421e-26 -1.211136539533184664e-17
-3.105827505391285381e-01 -2.848486503700990106e-03 -1.551912319892584818e-24 -1.207409751303454473e-16
4.891226282384100177e-01 -5.189527004865276266e-02 2.245897178777683570e-24 -5.013388969854388296e-15
6.853622792851947754e-01 6.786418862348346515e-02 1.886113739223144441e-25 7.714801180937967484e-16
4.591329612879904154e-01 -1.975325996032046769e-03 -2.762349148941387310e-24 2.203189343209723890e-16
8.167769445042210030e-01 -2.639302122567304884e-02 -6.568562040472280724e-25 1.245256690571558173e-15
-5.330034148314168885e-01 1.127670541611748047e-02 -5.892021462176451107e-26 3.114386780831850640e-17
-1.332412125569804040e-01 -4.707223401600013624e-03 1.254768416567980127e-24 6.920906234943557022e-17
-7.195591218150272361e-01 -1.112655328028278913e-02 3.142662182081319645e-26 2.212691332912686469e-17
3.350492606564705600e-01 -8.440576779246886097e-02 -3.994833090263305922e-24 9.935172857887089270e-15
1.277304633531501921e-01 1.100225078651016286e-03 -4.056508900528618510e-25 -5.013308857580792795e-18
5.141166883010022115e-01 -8.209321179770677837e-03 3.977503443110517774e-26 -1.476303037089942970e-17
-8.866790667276747140e-01 -3.000580599922955151e-03 3.003995772975757411e-25 7.028571547130619192e-17
3.440695695176021474e-03 -6.231536534108755854e-02 2.847734253808053242e-24 -5.369537368341024515e-17
7.538245802925551686e-01 5.694096717194685638e-03 -1.897175853504364327e-23 -7.161413044474022248e-15
1.791434570652992164e-01 -9.822154196881335494e-03 -7.579580184841976967e-25 1.172867225941880221e-16
-3.788978935809095283e-02 -2.406847814872817640e-02 -1.027364846579122166e-23 -8.239322900330888114e-16
-7.590246561304019313e-01 -1.073016052824665029e-02 4.339666040418167194e-26 3.108239054185344323e-17
-3.378663434012496580e-02 2.548444320391393680e-02 1.159531768605730607e-24 -8.780085259443941875e-17
2.765641090855543993e-01 2.562810439833332343e-02 4.687772445094299046e-25 2.921963764140981619e-16
-7.748132560560145876e-01 4.680492658065157560e-03 -5.994133955556607024e-23 1.911661770624994757e-14
6.200250105562532532e-01 7.984252568419088550e-03 7.379652821582485947e-26 3.212738710651947122e-17
-9.487607233378039240e-01 -1.389767049932897312e-03 -2.376735219823351994e-23 -2.755976502581745816e-15
-4.592329425967538459e-01 -2.632103406301710379e-03 -3.999329351166342756e-23 -4.251274542972095115e-15
1.443755385120846224e-01 -2.842891080369896670e-02 2.804066957601475107e-24 -1.012134475634236007e-15
-7.889911510530880356e-01 1.037253352023660138e-03 -3.740829459177907805e-26 2.692284118151159082e-18
9.465639751485175335e-01 -6.047042231184733552e-03 1.583276968802593125e-25 -7.969771465760585530e-17
-8.806061598557111125e-01 -1.146217394764079004e-03 -7.255402923419748645e-24 -6.440302253575081076e-16
1.796631797393757335e-01 -7.915942545828280608e-02 1.734770159028343347e-24 -2.169699847192253688e-15
-9.560345567401307143e-01 -7.072316271772269985e-03 2.359613428055234165e-24 1.403046690826080147e-15
-8.343748549041547502e-01 -2.755496739558449537e-02 -1.204710293654599459e-24 -2.435789368233108358e-15
-1.539072099132297033e-01 -1.427671255158085260e-02 -5.012182387662367050e-26 -9.685232420313983156e-18
9.440833178484844268e-01 1.076887386022277408e-03 1.618847190394041926e-25 1.447379675171615344e-17
-9.036684666975103308e-01 3.863471894965097436e-02 -1.129295350074242094e-23 3.467292063259293379e-14
2.969229459870903476e-02 2.307671998010757050e-02 8.053324473085746777e-25 4.852762521101142890e-17
3.054037309200776651e-01 7.585185315226844992e-03 -4.610861658516019340e-26 -9.393309373321404695e-18
2.588643615895167560e-01 -2.533820697422788787e-03 1.039333500228844222e-23 -5.995136418310177389e-16
1.280186848966957669e-02 8.606204712124091577e-03 -3.165473189909599660e-26 -3.067041649881107181e-19
-6.994812022979690624e-01 -4.674715027091102398e-02 -1.029950309925108767e-23 -2.961716344299262629e-14
-2.750774758934659836e-01 -1.340961678907921523e-03 6.902161861233218274e-26 2.238991978312512584e-18
5.508922996947109851e-01 1.694614612283458499e-02 -3.884349507816088045e-23 -3.188981129027445217e-14
-4.465598925215423787e-01 -4.252643367844040345e-03 3.307479388171554557e-26 5.523722152279463676e-18
-6.436823672167080179e-01 -5.780023144849811417e-02 -4.104008022721627294e-26 -1.342781630156280545e-16
5.800719657375896787e-02 -1.602644539845408250e-02 -4.309858168089578409e-23 3.523530733234706148e-15
-9.741649038926727400e-01 -7.546697237578024742e-02 1.265881902431284717e-23 8.184244547166674133e-14
-6.413239533881363030e-01 1.905961638761171631e-03 -5.446802534906712276e-23 5.855031658541821878e-15
-8.883050571977493259e-01 4.451580890728078221e-02 -8.031609805420528628e-24 2.793026174364191290e-14
3.858280533539366619e-01 1.030038836186919233e-03 1.232215624590739404e-23 4.306556139503497470e-16
5.853701853352535345e-01 5.012568176836743744e-02 8.997551097719503167e-25 2.321727328429813832e-15
-8.033472228998934650e-01 6.306121665838142210e-02 3.821556592785835965e-26 -1.702558086954010829e-16
8.696683274039287426e-01 6.688148701236532045e-02 -1.137458574419773952e-25 -5.818233724974073494e-16
-2.356129590101647686e-01 3.481203449861763281e-03 1.423913423448224523e-25 -1.027089201687163997e-17
7.348486786730790143e-02 3.528431364061830004e-03 1.340320348102486427e-26 3.056217109439378697e-19
-7.124501170561594598e-01 -4.543227214103006534e-03 -2.140130602864331312e-24 -6.091934102854282383e-16
-7.030142550523890144e-01 -9.436307897871792222e-03 -8.732274030973562031e-24 -5.094359519085691575e-15
4.010650829893727121e-01 -2.525944299936054571e-02 -4.834675664858206675e-23 4.307268730665398364e-14
-4.208392119713690871e-01 7.271823985653811349e-03 -2.538788311446355388e-24 6.832537869345576353e-16
1.682238655951771023e-01 -1.275547167461222806e-02 -2.862432437610820287e-26 5.401512383843023704e-18
5.763155725524313766e-01 -1.421943639822127736e-02 -2.174634890093931831e-23 1.567202406070713123e-14
-7.359745385061569056e-01 -3.183790376232247671e-02 6.087471340011425975e-25 1.254411958186387132e-15
8.749781447696107772e-01 -1.352321771584060958e-02 -1.631649795566185746e-26 1.697853430727226012e-17
-4.003328822488394501e-02 -2.062961140414009895e-02 -1.750662874727201107e-24 -1.271483805324016097e-16
-7.020026622028587848e-01 -4.369513718978743771e-02 5.833672055420503397e-25 1.573656275314187419e-15
5.185264306577395121e-01 2.781488875338009037e-02 1.624407778059914209e-23 2.060341860936535517e-14
3.707501711721670201e-01 -1.216440829761180308e-02 -1.299344244606010119e-25 5.153384850230162592e-17
3.290294141414245033e-01 -2.811863110642570142e-03 7.049575426207279285e-25 -5.735718917205288314e-17
-3.343745181183068738e-01 1.816611257905092341e-03 6.786010294334018197e-24 -3.624980621216817132e-16
-8.288732244444136921e-01 -4.038818579111073948e-02 4.057217015467489149e-26 1.194446478916429393e-16
1.188916621448110611e-02 -1.520642290082847153e-02 1.303674624611501813e-26 -2.072734497474330333e-19
2.472477901240075493e-01 -2.244509607477931587e-02 -7.011171057828575222e-26 3.421688347079636281e-17
7.238385820341100008e-01 -2.642889347071498540e-03 -9.996265353092389082e-26 1.681723081705159939e-17
-6.717665690879981444e-01 -6.245536821311805341e-03 -3.516601502090050755e-23 -1.297499854523242749e-14
-6.324737811656140352e-01 -1.237544934097204894e-03 -7.559920012089012071e-25 -5.203753359908256796e-17
-9.449486645355584802e-01 5.426526895999888959e-03 -1.094215911129766746e-25 4.934341479675735799e-17
-2.386677512363961640e-01 8.506740482565411723e-03 -5.173154168155263588e-23 9.236519396985584755e-15
-7.412165134272872269e-01 -6.461657798329183133e-02 4.752153127704926680e-23 2.001591590070425549e-13
8.472594548815175486e-01 1.086339541380631048e-03 4.683397983854437838e-24 3.790871615729879365e-16
-4.044655754279014026e-01 8.501582411284602792e-02 4.942359068430014726e-26 -1.494554057061924790e-16
-5.966979179430693669e-01 -2.385908956137961986e-02 2.808011357011808644e-23 3.515630715484823425e-14
1.333631029437176707e-03 1.118772365306812226e-03 -7.350751493538026414e-25 -9.645065096666861061e-20
8.724926024886348053e-01 -8.050473170727961980e-03 -4.783776066605108387e-24 2.954949086746566237e-15
-1.633737149458291960e-01 7.112438392666240242e-03 -2.777376657090106648e-26 2.838124766860594330e-18
4.682554759801140776e-01 5.285303894866200981e-03 -1.365403481986448029e-23 -2.971733326784767097e-15
-4.635207355679082930e-01 7.157189364405842913e-02 1.751829031860810093e-25 -5.110923665918329113e-16
8.692308668467503274e-01 6.837175420755560624e-03 -4.744832978119428051e-23 -2.479869301675968215e-14
3.678248458553445843e-02 3.546548628832405046e-03 -1.131577086897125410e-26 -1.298156720449970740e-19
-1.784201523229078656e-01 1.251986403457072856e-02 4.994006798543132712e-24 -9.810443655941744370e-16
-8.477124018364114999e-01 -3.129622149644591296e-03 1.025625447165386544e-23 2.392903757799252024e-15
-3.074624854599721235e-01 6.370022787021785426e-02 1.624670830397918245e-23 -2.798301485293074390e-14
3.138844405416443273e-01 1.201440037130327085e-02 5.240688518904321853e-26 1.738025871258200805e-17
2.580887745823610135e-01 -3.102472179505964128e-03 -4.235977844664453339e-26 2.982817563493771403e-18
7.137204167712341008e-01 6.611950627471036013e-02 2.636633732945207426e-24 1.094217173935609283e-14
8.721322660158814521e-01 -1.331137173776493010e-03 2.390231204319876062e-23 -2.440287965850880391e-15
6.300872042138505602e-01 5.618046293422041676e-02 -2.896707626536233086e-24 -9.017510084710374507e-15
6.950179032000480817e-02 3.463770944765972182e-03 8.313728802768305299e-26 1.760098653258469878e-18
-3.101724572998145746e-01 -6.088452962881780658e-03 3.355688014096830502e-24 5.572983572827418923e-16
5.294284982379633409e-01 1.814900536314968064e-03 6.934937644570749462e-25 5.860014689925190529e-17
5.965856990994868880e-01 -1.080847678782935473e-02 1.285511706170838499e-23 -7.289695185110028923e-15
-5.763096134577128105e-01 3.950799920802593873e-02 2.322136870067156856e-25 -4.649697665646587502e-16
-1.358651572996749657e-02 -1.742382915481218613e-03 -7.025293507104314045e-23 -1.462554887585772184e-16
-8.426259374352571552e-01 -7.968433303456813610e-02 3.081714736422366259e-23 1.819684939387664578e-13
-8.714365613376995334e-01 -4.239321906327058430e-03 -7.459708893330929405e-25 -2.423539221220961513e-16
-8.893769982793380269e-01 2.167767947071839313e-02 -6.386562431562348451e-23 1.082833905755194078e-13
6.656140345561740723e-01 -2.436169597290972939e-03 -7.423643489603909151e-25 1.058627318911761324e-16
-1.033802578761011670e-01 6.747156605046962866e-03 -9.586365668571522836e-25 5.880420635604687566e-17
4.074727626165488559e-01 -2.528397531670796561e-02 1.601862298185797961e-26 -1.451326488114737930e-17
-9.171212803824857485e-01 -2.433352415058273079e-03 -1.886249601226275241e-24 -3.701919265212555460e-16
6.010856850325774214e-01 -2.012263049440450938e-02 -6.033997360796871886e-26 6.418333122252004898e-17
-8.532038223241755759e-01 3.129130586430252381e-02 -1.836421508057641821e-24 4.311663417002143681e-15
-5.945195321706702174e-01 -3.638942151895036003e-02 1.299677496093299305e-26 2.472708254280837983e-17
5.946178164640891772e-01 -4.631235284261753238e-02 -4.102256831141977681e-24 9.934673765813017682e-15
2.486031672174160434e-02 1.247646060352927688e-02 -2.341754811271623853e-26 -6.387567144664589132e-19
-6.630875931621158514e-01 4.457156224927196105e-03 -7.615043962318567117e-25 1.979234141163211654e-16
-3.697349577528461495e-01 -5.124504351401040075e-02 9.974133775358868997e-25 1.661933222587872774e-15
1.415034538240023121e-01 -2.002587057518617590e-03 1.008250494291025322e-24 -2.512597302829183335e-17
2.667812965882279119e-01 -2.413771485856986906e-03 9.338190990872249717e-23 -5.288229372644928796e-15
2.665849366885326699e-01 2.397477886021424226e-02 -8.527350447756767335e-23 -4.792921631063435906e-14
8.823234995885871346e-01 1.492442057880211332e-03 2.928003885033817477e-23 3.390728170498014310e-15
-1.096645204748591951e-01 -1.006262413533094181e-02 -3.744629401561044608e-23 -3.633977534757880036e-15
8.702063993369504313e-01 2.039837546014236502e-03 7.613136072709225285e-26 1.188440508554482110e-17
6.692116115027968437e-01 2.062384883372559135e-03 -1.438659564685883461e-23 -1.746172813444875129e-15
7.468157146410354663e-01 -4.342908200464735274e-02 1.281427678296518027e-26 -3.654973209455707616e-17
-5.408978969909521428e-01 -2.339422563137529953e-03 -6.994591816561179547e-23 -7.783632861482777771e-15
7.301332945918814765e-02 1.489969382692361323e-02 -1.479100242682920016e-25 -1.415054301593427319e-17
-4.823306183720095230e-01 2.157656584505085375e-03 6.630996463263116332e-24 -6.068787787342179853e-16
-1.709276179989660527e-01 2.389839329971241155e-02 1.017034686872751696e-23 -3.653530271561662948e-15
5.315738855354623649e-01 2.105878217734396401e-02 -3.889833825970192688e-24 -3.829340092615839887e-15
7.156210845268673459e-01 1.021912077351146142e-02 2.289815363748814440e-25 1.472628241565981736e-16
2.447977149880375958e-01 9.350653084245444391e-03 8.214599726563380041e-26 1.653604749657113248e-17
-8.680928826209435289e-01 -1.951146807308872487e-03 7.236808113987503705e-23 1.077951449382186374e-14
7.129345661083918984e-02 -1.191910377988910155e-03 5.557700062828598959e-26 -4.153214660201914548e-19
9.331711020080548646e-01 6.602320716653208021e-02 3.983885180798258447e-24 2.158543035612708908e-14
-6.485157989794134714e-01 -7.335998950845999851e-03 1.576903617160101696e-23 6.597523882113946124e-15
-5.514085987934320698e-01 1.551154926184904019e-02 -5.882529855447566724e-23 4.424751152868165481e-14
-8.630730620413316068e-01 -7.681124786794191195e-02 3.262116609956524191e-26 1.901813230433685003e-16
-5.369017008416252512e-01 5.296791200871987099e-02 7.920625309815009992e-25 -1.980902511914809811e-15
7.140261424046934202e-02 -1.899114325603076109e-02 -6.555848733106497623e-23 7.817900651081059097e-15
6.864756212254381484e-01 1.193494316112805702e-02 -3.760701020493947204e-25 -2.709631810019470648e-16
7.555278798028741694e-01 -4.043081085387018742e-02 1.005536444252665106e-25 -2.701200131550497697e-16
-8.088292706372759433e-01 -1.434128673819342996e-02 1.148414013013248499e-24 1.171492363936595974e-15
-9.622203404808924443e-01 3.061552651256990373e-02 1.887511247040474887e-26 -4.889920679135477142e-17
4.223087555297526663e-01 6.738451173498352653e-02 9.447521921526771617e-25 2.364308153985156766e-15
9.125998462373043907e-01 1.985683138279118604e-02 1.635492512511415504e-25 2.606362988004633402e-16
-1.890338032590404005e-01 -6.401446718781129974e-03 -6.360279270268546605e-25 -6.768458849904829306e-17
6.667547001166216347e-01 -5.971382613164319571e-03 2.702216553318530880e-25 -9.461437731211429764e-17
7.509585018243076782e-01 1.659047939986207573e-02 9.860871885796438235e-23 1.080404018336739191e-13
2.025531265863151908e-01 -4.205032558515768570e-02 8.867045663814882657e-26 -6.641761240310297102e-17
3.637279025016919576e-01 -3.164967347892478494e-02 -1.848320186463147337e-23 1.871195046327758985e-14
5.092599469485774577e-01 2.313906195280980311e-03 -2.015306094829732381e-23 -2.088441371958676370e-15
-8.749954950842457890e-01 6.411001400863404476e-02 -9.451530235175519697e-24 4.662617798220852284e-14
4.019864931592862511e-01 4.226090617429885052e-03 1.327905072120423858e-26 1.983870393083744462e-18
-1.490987553800626753e-01 7.072756490586047835e-03 -5.517467988621986280e-25 5.116801230877338819e-17
-8.495131649328913070e-01 2.864432025663862097e-02 -4.303185233212275005e-26 9.208622621396844294e-17
-5.681728399529686335e-01 -7.559845860842993870e-02 -3.568604343449251200e-23 -1.347993538028592864e-13
-7.351159282629038394e-02 8.346435721664484386e-03 -1.995444411088890484e-23 1.076694563492696169e-15
-1.194003935651406501e-01 -7.177377254583890143e-02 2.053386007054639855e-26 1.547526628993962040e-17
9.736958589946314024e-01 -6.209594612594393492e-02 -5.282076484590013543e-24 2.808582965518446479e-14
-7.423943663979246654e-01 6.183170956616308028e-02 3.410295214914000906e-24 -1.376682836429815203e-14
1.508956903889835388e-01 6.410904386735408710e-03 -1.984313849184609386e-24 -1.688116831330932627e-16
-7.138889470681879512e-01 5.104243394493385849e-02 -4.927976714672733574e-23 1.579161985181805274e-13
-9.145047228141864881e-01 -1.398423866164715326e-02 -6.303520390522682147e-26 -7.089309587497425742e-17
5.256356725443571687e-01 1.015614524505716043e-02 -1.105033715069164459e-24 -5.187824351946021012e-16
-3.582055467168394625e-01 -3.499389836933779196e-02 2.136522977324171254e-25 2.355202213583731084e-16
-7.486082435735090801e-01 -4.441819396519543391e-03 -3.428693682199936312e-26 -1.002628831452584871e-17
4.836918398386282902e-01 -6.321122874470818873e-03 -1.625573974451217445e-25 4.370848274789653327e-17
-8.811767053888734935e-01 2.643191510311791378e-02 -1.188024727551940141e-26 2.433397843911148041e-17
7.078130790502492609e-01 -7.835831614982442794e-02 -1.157446198325231726e-24 5.645475035562995522e-15
-7.203720753871796223e-01 3.686637422111988666e-02 5.473798418528786458e-23 -1.278415703557368844e-13
6.519048001484799570e-01 -6.564177105102242046e-03 1.546496589840690736e-26 -5.819818435885842086e-18
-8.263097781565238442e-01 1.712562949646188448e-03 5.256412157708616086e-26 -6.541462371424679662e-18
-3.030116861130573991e-01 -5.696136783466820147e-02 2.673261394140317339e-26 4.057674583121175836e-17
3.824940285180502553e-01 -2.324476938894607693e-03 -1.025616485487168865e-26 8.019197222558250688e-19
6.665572055288426778e-01 -2.342947904173849245e-03 2.544573487877167949e-24 -3.494709317419083349e-16
2.866780600328462381e-01 -4.303359210413523761e-02 6.404818362786033756e-24 -6.948720994441385163e-15
-1.990544633263289231e-01 3.031248435441451922e-02 -6.674911289821157719e-25 3.541889031127655985e-16
3.669667599280217463e-01 5.405210110127908751e-02 -1.338905933972372286e-25 -2.335529592728347014e-16
1.061148033246896993e-01 -5.593525836597067029e-03 6.992011522122764517e-23 -3.649721765672674462e-15
-6.566516145369967195e-01 1.470520699475882931e-03 8.761154046614023643e-24 -7.439837938738723817e-16
-4.978573399972310298e-01 -1.225228638451272617e-03 -6.251058072455082410e-26 -3.353293658909803786e-18
3.668910113433914155e-01 -1.015069168501064704e-02 -1.939493565107743201e-24 6.352095985758370591e-16
3.871871165277067650e-01 2.932415184103938106e-03 1.865185530958101435e-23 1.862363260925645401e-15
-9.884061732383055965e-01 1.038105982522522213e-03 2.673173085438618016e-23 -2.412127295776403712e-15
3.599701286290351021e-01 -2.144192909136477532e-03 -9.561908506615878156e-24 6.490391629260265449e-16
-4.384490035370915972e-01 8.462490811263501111e-02 -3.209624368272061638e-23 1.047291325744442236e-13
5.779839269825712833e-01 -1.291657586375294375e-02 8.261394805748985211e-26 -5.423910792626653215e-17
-1.943737855435352380e-01 -3.814643103407640984e-02 -1.944708449094751398e-24 -1.268066723691054255e-15
5.491550421340429811e-01 -3.930753010484025478e-03 -1.057791925611803278e-24 2.008015122302111755e-16
-6.069689036871110943e-01 -1.258558506981744853e-02 5.697128497509485947e-24 3.827294370962052869e-15
-5.160651343719930839e-01 2.456693606097679061e-02 4.692422680550639132e-23 -5.231769961534052580e-14
-4.379543160618701858e-01 2.928236994365029586e-02 -4.842645428721524053e-24 5.461522232563238679e-15
-2.930798673818322264e-01 6.130716967956890279e-02 -4.278809099147916719e-25 6.761081393276015836e-16
4.156741617742376604e-03 -2.178698989361962327e-03 3.286199098233493539e-24 -2.617219419758002354e-18
6.166175215112723595e-01 1.726267550082522320e-02 1.449546281385182254e-23 1.356913160396257393e-14
4.177216321047190206e-01 2.073412480727489585e-02 3.640055918412454542e-24 2.772533039681106484e-15
-5.433282247144255450e-01 1.061784697689995179e-02 -4.754618257645679017e-26 2.412183721736668990e-17
8.886915622770650280e-01 -3.632827748521615715e-03 -6.342213243567309275e-23 1.800664088969219367e-14
7.607591612489668087e-01 -5.548037271154890662e-03 -5.219562221941049944e-23 1.937388155867763137e-14
-9.177497399276861589e-01 -1.948537521770339793e-03 1.628460792778781662e-25 2.560980964583130278e-17
1.973271788128612148e-01 3.815737165006319407e-03 7.706650111418512319e-24 5.103016837531245022e-16
-5.287836677731874158e-01 3.408663827984511480e-02 -6.138080826981077752e-24 9.729506402524232290e-15
6.133087268249279855e-01 1.035253328426342847e-03 -5.115400615217127080e-26 -2.856284292137296794e-18
1.707216430851967726e-01 -1.436817075907264804e-03 3.540997298715234063e-25 -7.638562886634400041e-18
-8.776131614210866960e-01 1.198322697380955213e-03 -1.606607487257613452e-24 1.485876451322181853e-16
3.006902266338415952e-01 2.340038278531819324e-02 1.862917389159289749e-26 1.152741347343819316e-17
-8.166285737094716168e-01 8.117090277388122610e-02 9.607260479699523412e-24 -5.600418919097261455e-14
-6.205855487207334598e-01 -1.573088063588258621e-03 -3.609169220579958807e-25 -3.098545937586545138e-17
-2.005437286487703474e-01 1.165029207609270638e-03 4.588436685306706194e-25 -9.427719279543527836e-18
-4.714856120523420735e-01 -1.729839961095969462e-03 4.691073214732610497e-26 3.364670816145762652e-18
-3.381695942917306574e-01 -1.281996044304826825e-03 -1.839781279967842662e-24 -7.014285477932753423e-17
-4.326634055632583298e-02 -4.102229479174966838e-03 3.692524429958997475e-25 5.763542410125893130e-18
-9.853001112674788509e-01 -2.484571571124480349e-02 9.682008760906477530e-25 2.084402162651047254e-15
4.020645348638105521e-01 -8.721493085171028170e-02 -2.287426334135442260e-26 7.053906917990736748e-17
6.490484347410589994e-01 -9.649844878619114399e-03 9.580595078314828578e-26 -5.276985788049009698e-17
-8.432049275920094900e-01 1.824661193613372505e-03 -3.214583876779939469e-23 4.349467939762285866e-15
-1.899010750516150203e-01 2.532665197045177400e-03 -4.889456240940488439e-26 2.068053500917649160e-18
-5.208774021151316713e-01 2.216020515698207197e-03 2.816578837519372929e-26 -2.859085909758249778e-18
9.513665851531050155e-01 -6.427157643993088032e-02 1.337445904578472188e-24 -7.191824344565226596e-15
2.230319237747253602e-01 1.357286869218787958e-03 2.470871340999827681e-24 6.577862796072632957e-17
-5.130679202477406164e-01 3.139895234758789417e-03 5.812276335137409935e-26 -8.234405940336986063e-18
-9.219858148348503146e-01 -2.204862233074836309e-02 1.263759390496366241e-23 2.259259378793493873e-14
1.986593311078994617e-01 -4.534639203889594822e-02 -2.400780069216507804e-24 1.901954330764993210e-15
-5.567729696140970574e-01 1.930810531344002295e-02 -2.530204390236027138e-25 2.392045339274323145e-16
-9.223575979316562812e-01 8.142196813069360606e-02 1.067127317024911624e-23 -7.047793378314050840e-14
-9.613998077911050100e-01 -1.525447425662975007e-03 7.134417651345268860e-23 9.201440139395095797e-15
5.757187006609449931e-01 -1.872281805402273899e-03 2.118112710583214323e-24 -2.007828526239703884e-16
7.148198591170322747e-01 1.491542327519130087e-03 -8.598282383150270779e-26 -8.061946213491091658e-18
6.635785217622089949e-01 1.701664271571503434e-03 -1.131677698717941438e-23 -1.123789471557612130e-15
6.266400853312699137e-01 3.032091208368666285e-03 -3.453850330031784204e-24 -5.771117916719725421e-16
-9.621472046173056292e-01 -2.340875260809668207e-02 -5.775696079588935089e-26 -1.143984465193417441e-16
-3.197964386755676180e-01 -1.243364847951489334e-02 3.161142192929675426e-26 1.105381622176564730e-17
-7.937073296109999898e-01 -1.294090401884854385e-02 3.273132265289959518e-24 2.956545469793595252e-15
-6.829082685833895994e-01 -1.864618569599500557e-03 -1.053572844095386855e-24 -1.179812368115961137e-16
-5.440188201408844293e-01 -7.420033687069042642e-03 -1.361426642147450391e-23 -4.832924901595853339e-15
-1.645449145338777619e-01 4.257115300294156413e-03 -3.801700234065028856e-26 2.341929122140646220e-18
-6.240004457495555990e-01 -8.955187969317864038e-02 -4.173395580809875487e-26 -2.050903178726652011e-16
-5.332832538874947570e-01 7.284285511840904448e-02 2.908151591748619676e-26 -9.934772979708186809e-17
-3.500210238374790173e-02 2.125080293506357784e-02 8.060779498552725810e-24 -5.272814784657197644e-16
6.026515112992796297e-01 -1.065982253891434393e-03 5.114067963475534632e-23 -2.889207412361552877e-15
-1.869692877870265946e-02 -2.127928073170385400e-03 8.447722137946389366e-24 2.955716927363818790e-17
5.532737016753015435e-01 4.332964690618060048e-03 6.541087543019161001e-23 1.379021825148288869e-14
2.752669944058363516e-01 -2.312134233342554891e-03 5.909638750183111837e-26 -3.307684810234371383e-18
2.386956862083997599e-01 -2.581810182619400859e-02 2.479318532741427658e-26 -1.343684188540421810e-17
-8.735896719212874473e-01 1.045803722958302479e-03 1.574870427575373462e-26 -1.265314552160780715e-18
5.676125683970940639e-01 2.024497011520409728e-02 -6.494580247346084503e-26 -6.563208950704184279e-17
-3.956846868676824336e-01 -7.001699402518235527e-02 -2.979911383941783480e-24 -7.260258008541812436e-15
-8.832384592119504330e-01 -1.653135970926725758e-03 6.634781474928431466e-26 8.519403168034493726e-18
7.259944064389520779e-01 -1.167759420674501945e-03 -3.430969475220709037e-24 2.557993924955810440e-16
-5.602639699817701935e-01 1.340357329574180800e-03 2.208712368603759718e-26 -1.458641116590306754e-18
-1.525359244684927340e-01 -1.261613361507819137e-02 -4.886301568719769492e-26 -8.269413059610317339e-18
1.612604192305933104e-02 3.862711544899870026e-03 6.543355230108674184e-23 3.584400759407224956e-16
-9.725634934021070155e-01 -1.361629016702560827e-03 -6.717502836402722260e-23 -7.823131316819586897e-15
4.620380034099582645e-01 9.078687795642137459e-02 -5.130015582971748877e-25 -1.892411003787488579e-15
-5.973224202274698413e-01 -6.402416396746853436e-03 4.903744191247605259e-24 1.649212201624516871e-15
8.067426342955776875e-01 1.163513939332597169e-02 -3.615303451931141101e-26 -2.984333511792408535e-17
-4.276659419423349817e-01 2.760295868389975316e-02 -1.148608507704065317e-25 1.192417469850358874e-16
3.184458282721431832e-01 -1.724446436514937399e-03 5.241983581293778775e-25 -2.531494159369528826e-17
5.171454193834430502e-01 2.978874992923095152e-03 8.872325214264798473e-25 1.201983244498950871e-16
-1.770135775350247798e-01 4.065294701208988989e-03 -1.048830975256969000e-25 6.637432518003460754e-18
-1.915444676801283386e-01 2.607739076778317622e-03 2.156942398738773280e-25 -9.474761694145435101e-18
-8.045692136778452852e-01 -1.353246641717412288e-03 2.579271193740152223e-25 2.469638442013561377e-17
-3.604393208540082050e-01 1.575869079618898421e-03 1.046988861115982442e-25 -5.229863556155041488e-18
-9.082990078741584039e-01 6.199102610328594692e-02 -2.328532898365614417e-26 1.153017883630223043e-16
-4.506534293864206120e-02 -3.448437269033355866e-03 -2.281703938288495622e-23 -3.118317290045298315e-16
-9.340821189230434918e-01 -1.853815676295973410e-03 1.770212161580428199e-24 2.695708507398142229e-16
3.588161040085779963e-01 -1.223217818149435537e-03 -1.067836834258898477e-25 4.121702320878221197e-18
6.744986723273516116e-01 -7.905552736854877527e-02 -5.134837301898966019e-25 2.407886584566677116e-15
5.925681333163250741e-01 6.513786303117456711e-02 -9.593466261478341554e-23 -3.256442035205164975e-13
1.040599897567813237e-01 5.129482619286718573e-03 1.313659897742674063e-26 6.166465187983747028e-19
-8.506000409505802828e-01 3.206143014634786625e-02 -5.141741646339447836e-23 1.233146122160572731e-13
-7.136342137931073193e-01 4.761630978655532684e-03 5.534526860690128553e-24 -1.653894862512747058e-15
7.193427508510146229e-01 -7.598336301190038861e-03 9.237318872860713419e-24 -4.440136473256192448e-15
-3.483810019517441514e-01 -4.834459508978561706e-03 -3.471990609322097822e-23 -5.142531175797790959e-15
-3.652848817209730647e-01 5.744189298459596686e-03 1.507834881228390739e-26 -2.782340182097060984e-18
1.133164747201451661e-01 4.717074342884955418e-02 3.485759209536246457e-25 1.638547968528249368e-16
-8.978788180731176460e-01 -2.079625162435569038e-02 8.777696273573248815e-24 1.441382813399920186e-14
4.743571363102616623e-01 4.213851492666210140e-03 1.761582080895461183e-24 3.096588871426746455e-16
5.435396281062696566e-01 8.388920795514991785e-03 2.698859415519009165e-24 1.082215051497956303e-15
-8.835812205498541072e-01 9.068284044750350714e-02 -5.251460436504999041e-24 3.700391632062154850e-14
-8.336259609291640782e-01 6.747314271554369358e-02 1.326904074932483866e-23 -6.563533377033509317e-14
-3.245369632871044629e-01 5.196409198122068501e-02 2.176531917904037110e-25 -3.227963026231947948e-16
9.274063768056408641e-01 1.031158459641351791e-03 7.632037100241421392e-25 6.418476567640683036e-17
-5.182461503951543147e-01 -5.480538991608095191e-03 -1.765980787184888218e-24 -4.411043406334143023e-16
5.516509197791794605e-01 -2.850743215408638870e-02 1.197258485176855521e-26 -1.655794249606655654e-17
8.577499354836355394e-01 5.817665015842751232e-03 -1.109675421808003774e-23 -4.869690636601718502e-15
-3.926060046559809447e-01 4.085119865078280788e-02 1.176345625986663431e-23 -1.659176866989957845e-14
-7.288881220186520515e-01 -2.206232629273779597e-02 5.796842932173259831e-24 8.197845134921105793e-15
9.955606811170067960e-01 6.893661333443974401e-03 -2.892378052682120693e-26 -1.745696486599991947e-17
-6.063252574796949013e-01 3.667816927193701549e-03 -2.164041196798360653e-25 4.232284314388579478e-17
7.600190115497877930e-01 -2.318879752584441026e-02 -9.222817196277601122e-23 1.429428002293991312e-13
-4.870575477193732628e-01 -6.835079938079082276e-03 1.179972692885497064e-25 3.454552786215090502e-17
4.967296641967753335e-01 1.827443598030569502e-03 6.911474189476216289e-23 5.517352975661319320e-15
1.709287738054237060e-01 -1.128336874117321850e-02 6.764293922500919203e-25 -1.147287941368294207e-16
-9.976561102871928099e-03 1.447566658482363428e-03 1.183545354573287666e-26 -1.503143156080987504e-20
-6.432728575537329796e-01 2.043956796204338816e-02 -1.615683956051789061e-23 1.868182723447199548e-14
6.668060968681646106e-01 -4.806329477076372314e-02 9.079689231097567956e-25 -2.559057742164010559e-15
-7.156369426489119778e-01 3.838567413618803898e-03 2.187868627794114455e-23 -5.285415878143432187e-15
-1.228721771112946115e-01 -1.492582293101607765e-03 -3.147248791895413803e-24 -5.075968454071681090e-17
-8.389672783679020807e-01 3.137341625587537070e-02 6.248537273763862911e-25 -1.446375975491413586e-15
7.218895526345443514e-01 3.824382630472038941e-02 -2.106423438604520679e-23 -5.114153659096669517e-14
-2.740580327522246229e-01 -1.445923150919551856e-02 6.359224392655100385e-26 2.216092568944811681e-17
6.610737283850836032e-01 -7.213410665498498631e-02 -1.329381051496434270e-26 5.574886635119915750e-17
-9.285312464940551624e-01 4.911100125332000695e-03 9.236132346839979533e-26 -3.703918816705374799e-17
-8.831866427222720972e-01 -1.318776576914473114e-02 -2.395764916666787186e-26 -2.453939878513168700e-17
8.364607150599492336e-01 1.374771305796196330e-02 3.346670332270256781e-25 3.384425370106419406e-16
8.676550078793932030e-01 -1.148230531774081017e-03 1.326185317141576275e-23 -1.161920419689181584e-15
-3.844340706571014454e-01 3.201861151741507844e-02 -1.401969769246970551e-24 1.517605928618236332e-15
-6.793811683977966087e-01 -6.745759145425403100e-03 -1.012836297678572448e-25 -4.082061963624106578e-17
3.691542377804231112e-01 -3.939565587752991843e-02 -5.380136866333644060e-25 6.880904301831944330e-16
5.403459092043312317e-01 -1.484700425909273383e-02 -3.008159841468073007e-26 2.122304087642687308e-17
6.313412374375260150e-02 5.260663776288064530e-02 -9.253050528115095565e-25 -2.702624048687650391e-16
5.880676539451024087e-01 -1.739756237876089124e-03 -3.312356016896491749e-24 2.980222601651818986e-16
-2.804527204359770209e-01 -1.205214406397766809e-03 5.363901639095052067e-24 1.594412817832519755e-16
9.558102135185477799e-01 1.151392692046705746e-03 1.906018837287840654e-24 1.844668468967057480e-16
-8.487385932262996313e-01 -5.128773838617989821e-03 3.654430799039892678e-25 1.398953379934843063e-16
-9.148142636361658031e-01 4.592086550625606306e-02 4.091276302572076386e-24 -1.511463984247604726e-14
7.363694715920223732e-01 -2.386055141680262781e-02 5.537257588461620811e-25 -8.555925188617274598e-16
-9.585806168585797593e-02 -2.053064777554152853e-03 -5.562771800177083811e-25 -9.627611123437315528e-18
9.024606544727420410e-01 1.942518333804302277e-02 1.120134045755279238e-25 1.726869030172538693e-16
-9.571742111230925332e-01 3.061514626764119326e-03 2.669520930809426008e-25 -6.879496568937129435e-17
7.315455666783277078e-01 -2.505510926399663867e-03 8.487531464242982884e-23 -1.368091300719643994e-14
3.203317166846988417e-01 -2.058769092693775796e-02 8.605839753740994723e-25 -4.991106492219366482e-16
9.406750877343106332e-01 1.213241744056733646e-03 1.423545992088310393e-23 1.428744233432114937e-15
-3.480117008478103013e-01 -5.077943041405572240e-03 1.958942735541428096e-25 3.044383869949770463e-17
6.593170501377265680e-01 6.307339355599166086e-02 -3.565178826701267417e-25 -1.303820556259451788e-15
-6.327822388967756506e-01 -9.519670281749544050e-02 -4.070034629256998367e-26 -2.156106913419332985e-16
3.522058273121337901e-01 3.981047303291217893e-02 -3.646772456792953556e-25 -4.496747909994282861e-16
-3.269003291465004679e-01 -1.011648324253602458e-03 -1.247298329975307449e-26 -3.627532111134339077e-19
6.618787527909715251e-01 1.813702150571009503e-02 6.168820258830820958e-24 6.512421846809410148e-15
-1.090299331153554707e-01 3.878003102588881926e-03 -4.584686037454862847e-25 1.704745286905175313e-17
9.403877893475276473e-02 -4.931028845198029420e-02 6.103983779593713194e-25 -2.489166202429502528e-16
3.004502256623964307e-01 3.299243497665767244e-02 -1.510671849396594322e-23 -1.316900737051536861e-14
8.378845759458146691e-01 -3.686662220872478132e-03 -2.338322658115912254e-23 6.352109597371803262e-15
-7.420822447665218480e-01 -2.394384933936279450e-02 -3.250798875537376134e-26 -5.079630392697385124e-17
7.916047300976232215e-01 -1.971254940098640836e-03 -2.990044262691838015e-25 4.103219906585407299e-17
-8.474677468395432900e-01 2.344226956824200722e-02 -2.806148486908206475e-23 4.902634111688614158e-14
-9.479840671753663184e-01 3.322183569550113402e-02 3.586797218769891971e-25 -9.934076243738555975e-16
-3.912624777929598618e-01 4.695059022701329743e-02 3.532916303216757016e-24 -5.707403882892468656e-15
-5.425491356694456258e-03 -1.991656326352157173e-03 -3.096473768904896564e-26 -2.942502779405688083e-20
-7.882785943154213548e-02 1.148482402730018927e-02 5.106251952485518961e-23 -4.065390977411158288e-15
-5.506735370979063404e-01 -1.162240810843702399e-02 8.536438223073567084e-24 4.804664088640441136e-15
8.724551377152378606e-02 -7.307388709537772017e-03 -7.269762612358734422e-26 4.075881454489081138e-18
-9.132662697865612245e-03 1.327711457311643714e-03 2.659502373896434609e-25 -2.835943038074760692e-19
-4.921582201536551793e-01 6.402294344436789200e-03 5.807774506705090530e-23 -1.609333777137676198e-14
-3.065734478549888564e-01 7.281050934229803262e-02 4.455124123775877163e-25 -8.745495406558810107e-16
-4.593217228675259278e-01 4.912486011923954815e-02 -1.917881539732622735e-24 3.805713503074924025e-15
2.356083466705456431e-01 -1.875049100762940166e-02 2.919284091875495339e-25 -1.134163528632911475e-16
4.356441819275298499e-01 6.522650446762433274e-02 1.325307022842719388e-25 3.311833715002195537e-16
3.004657222262614447e-01 -1.894959630603799267e-02 -2.798358226240075655e-26 1.401180890402564296e-17
-8.092825286576854626e-01 -3.217807667145103964e-03 -1.738368207659992618e-26 -3.981053535905128824e-18
4.027821107170446169e-01 -1.244758428942116957e-03 -8.458817667433288196e-24 3.729588467455390611e-16
8.833627759816331526e-01 -1.482949033744091448e-02 1.108581050616715505e-26 -1.277111368970886363e-17
8.538674953423832648e-01 8.555256764620461363e-03 6.753871328519900323e-26 4.338826783781290565e-17
3.302705479444494330e-01 -1.360953654725895884e-02 3.066366478247573273e-23 -1.212085461400672915e-14
9.939229031287142302e-01 3.770201164260340073e-03 2.192004182000709575e-25 7.223615149680180909e-17
-5.110984011796042559e-01 -1.234615117612650019e-02 2.892462204828064765e-23 1.605091541350636617e-14
7.920910443562338976e-01 -8.417241069103215123e-03 -8.012835923592013727e-26 4.698152598641256614e-17
-8.565511587718068753e-01 -1.696160672700975855e-02 -7.084488343955108711e-24 -9.051588182909566285e-15
8.920126921600299852e-01 -2.073649782609587704e-03 2.926606065637528530e-23 -4.760655036927805304e-15
-8.816656242026077450e-02 1.233708630138330648e-03 2.566174516338914720e-24 -2.454701562745264937e-17
9.097039693384587622e-01 -1.755820607480722273e-02 4.505108126727143257e-24 -6.328218278400005120e-15
-8.716227635022946174e-01 -3.617316959887266654e-03 1.501254646558656973e-23 4.162607797049464982e-15
-7.655061520564063748e-01 -2.547292616332611295e-02 -4.904563502163199295e-24 -8.410540071520658353e-15
-8.188244839287746046e-01 -2.855048044440868307e-03 4.046785844391553815e-24 8.319753585849277095e-16
-6.142359047113230552e-01 1.187992704315966354e-03 3.498741757109834755e-24 -2.245209449651167436e-16
-7.985593882454176118e-01 -6.812164237496861480e-03 1.368275242298563455e-24 6.545785941634550516e-16
-5.258376936720738914e-01 -8.532844008346154863e-03 -3.018823837276224092e-26 -1.191185207651840703e-17
-1.737646009159863336e-01 5.072753325765834431e-02 -9.494108411505589651e-26 7.359617414809834910e-17
-1.775616291042676487e-01 -4.952600817130206612e-02 1.080471607627328435e-26 8.355872514941419114e-18
-6.871407877011541654e-01 -4.839605524885634558e-02 -5.367242449384175216e-23 -1.569650296067584027e-13
1.076729354894223611e-02 -3.216298645122074584e-02 3.410769730526166942e-26 -1.038750681240333550e-18
-8.372890926511094012e-01 5.617830096240107596e-02 2.343076107832014197e-26 -9.692290668938798022e-17
8.058786010398546473e-01 3.651116966632474148e-02 1.413886695446423924e-23 3.658524588109337638e-14
3.828192449347598281e-01 -1.439878887544623854e-03 -8.333051993366789763e-25 4.039427502796409213e-17
-4.347638670481364098e-01 -8.615875211879280016e-02 1.690926229577976967e-25 5.570234829073698335e-16
-9.501819651525100774e-02 -3.287780254268477670e-02 -5.910847557700636572e-24 -1.623885205554482364e-15
4.232268820196305459e-01 3.703016568656257446e-02 4.217439047240909283e-26 5.812643866984231021e-17
-9.894046770600537499e-01 6.314814057363482558e-02 -1.354831548046522056e-24 7.444162199160894427e-15
1.488471107279927264e-01 1.798515642076348999e-03 1.056313808833391581e-25 2.486815615852374730e-18
8.277159123236610405e-01 -2.846612081112168298e-03 -1.957093992341985048e-26 4.055246672678400631e-18
-7.928243731078494783e-01 1.143002382933018795e-03 -1.756754165064746389e-26 1.400009945412331238e-18
3.888403366119366211e-01 1.029271901517943202e-03 -6.408599137252324253e-26 -2.255591943458280041e-18
4.997274596225118604e-01 6.884270081169665233e-03 1.842153331801113668e-25 5.573306026637469801e-17
7.389651286082972170e-01 -3.357281712547881269e-02 -3.931181050852677930e-23 8.576908473700868451e-14
-9.978073930561095484e-01 6.128594194180594576e-03 -1.276189530726837387e-26 6.863075250220862033e-18
2.033181048590937401e-02 -5.815140185075086399e-02 1.473332984876144330e-24 -1.531909656911381516e-16
7.961671911119627687e-02 1.911075959861327934e-03 -1.061621191966347253e-24 -1.420521482607193463e-17
-2.225351053826534198e-01 2.156738195039568234e-02 -2.744266109580634728e-26 1.158292338788197625e-17
-1.466073238230178877e-01 -5.201748945521819656e-03 -5.462599926305650751e-26 -3.663535876165970131e-18
-3.670199548490171715e-02 -5.064640791330080917e-03 -3.006864642524454031e-26 -4.915279344049166421e-19
-5.467042367264676184e-01 -1.167777512339240528e-02 4.718028291438238309e-24 2.648921501162891992e-15
4.846195749892929783e-01 -2.407173253615594796e-02 9.582466715166872112e-24 -9.830636127923250934e-15
9.910772547066144522e-01 1.331875497198175586e-03 4.201925503995186259e-24 4.877704508506408958e-16
5.896638670821503503e-01 -1.020512864216255745e-03 -1.010126312113528198e-26 5.345578162635768178e-19
-3.440263634602507281e-01 -2.665584313905164371e-03 6.220803370814469129e-26 5.016798100869787705e-18
-9.316500139280134984e-01 -3.186931995241036597e-02 -3.153334544870490158e-24 -8.233635556108306409e-15
-5.239206900628072816e-01 1.468509044717413239e-02 3.435795124407368346e-25 -2.324692072235485803e-16
1.802235385235269050e-01 -8.013881748170983976e-03 1.204731043122260100e-23 -1.530173032398984014e-15
-8.831261449460168222e-01 6.512153862818411895e-03 5.664438981048170621e-26 -2.864839516096015301e-17
5.150638225497949918e-02 -1.262598412349635966e-03 4.123092334252817610e-25 -2.358008392845791323e-18
3.674462081161526950e-01 -2.548249203336243329e-02 1.595191786785962821e-25 -1.313543840784433266e-16
8.224129197918002010e-01 2.745257473520766513e-03 2.956559371129406043e-25 5.870236679214118392e-17
4.672897957139610092e-02 -5.315807748418163031e-02 1.337297240584903602e-24 -2.921322556331332685e-16
2.351761054083660873e-01 1.083134575164004278e-02 -1.939697228132461366e-24 -4.345157858556730634e-16
1.440315290601055231e-01 -6.063119292162016949e-02 8.788511045059703570e-23 -6.749397208350127010e-14
-8.090467923354178748e-01 -2.350220139478949657e-02 -9.346199919009798196e-25 -1.562835438800788840e-15
6.315630849608286912e-01 -6.285227803905171773e-02 -1.824271625842317353e-23 6.368296334096533808e-14
-1.647988498921726386e-01 -6.785123856950672425e-03 1.704777605904330456e-25 1.676392419799437249e-17
7.578659933412648098e-01 -2.940921638928264449e-03 -1.085549804326006218e-23 2.127755033624365217e-15
-4.856695472987548889e-02 4.554555804196903923e-02 3.611038467397518866e-23 -7.024493512806278047e-15
-1.858127465212586760e-01 4.716608513496518135e-02 -2.751695524574875511e-25 2.120809749052932881e-16
9.823650347136325678e-02 2.482129006222397877e-02 -2.506805106121581830e-26 -5.375437503693406027e-18
6.360940741602607584e-01 -2.836658656129384393e-02 2.017792724489421437e-23 -3.201849988955161378e-14
-3.975133543895077448e-01 -1.231461098080516639e-02 1.146047692858555735e-23 4.933681524888103882e-15
3.097094655356815718e-01 -4.841246105925664511e-03 6.281652019575548557e-25 -8.282882759365674284e-17
7.502106534813333116e-01 -5.267965690733382444e-02 -9.124814550601431425e-24 3.171364876990627301e-14
4.276263095448176177e-01 7.341388925060239601e-02 -2.173810584176780048e-25 -6.001507439523525488e-16
-6.623214064254698830e-01 -2.347226697028485711e-03 -4.449813547497817001e-24 -6.083613881204388413e-16
2.646409899526178666e-01 -4.523469655649962722e-03 -5.570123395194012549e-25 5.863941247586887762e-17
-3.038344936233967619e-01 1.756121674077559119e-02 2.740532396538489815e-25 -1.285945670009077237e-16
-1.709058117008779298e-01 6.201593558035980308e-02 -1.580824109634964411e-24 1.473464518533455374e-15
-5.997026151415436601e-01 2.818827049951517193e-03 1.324473764849962301e-25 -1.968991011818382516e-17
-6.420468217688304335e-01 -9.580809531798480105e-02 1.986122205619123455e-26 1.074412059269251409e-16
3.626966333747820848e-01 8.744125885609484172e-02 -5.418436987490316849e-26 -1.511227866658474292e-16
6.094118291262828890e-03 -3.967618446166622931e-02 -3.534580079109230618e-26 7.515789472534788214e-19
-4.861509168303241868e-01 2.781042514855868938e-03 1.009412329597838799e-25 -1.200171591852999379e-17
5.777142732449538354e-01 -4.650727697723328231e-03 1.081951656361761717e-24 -2.556453314241253911e-16
1.532089293107292693e-01 -5.929436354320811141e-03 8.674048966437581055e-25 -6.929714768451433923e-17
4.809233141967919067e-01 5.291463400203492463e-03 -3.364756486431968477e-23 -7.530109077305287208e-15
3.747393847136384348e-01 -4.779687703383578290e-03 1.777442594059733391e-24 -2.799757678805737051e-16
-7.026934882057793708e-01 1.928749053859888166e-02 -1.774194013202410529e-26 2.114651305371413272e-17
-6.684713134770376985e-01 5.098307400858683759e-03 -1.749370838263285095e-25 5.243082306648138785e-17
8.053396156604084588e-01 1.060524149687922142e-02 4.722762713782227443e-23 3.547249627294486778e-14
2.257487030553526619e-01 4.704530308321640958e-03 -3.990880360864191436e-25 -3.727402083832045949e-17
2.606513854976233446e-02 -1.285867562507496051e-02 -4.498158374964741231e-25 1.325827495567632744e-17
-1.753436336474840651e-01 1.846103675662378457e-03 3.058130590606403662e-24 -8.705588133295946567e-17
-8.715549468217047568e-01 -4.669966063607012240e-03 1.560173693424354035e-25 5.584411952949284588e-17
-8.076688472054813772e-01 -1.761794822139237235e-03 -4.504075948835419057e-25 -5.636251535294708868e-17
6.412216459202280117e-01 -1.728753240313253212e-03 -5.105065769384419334e-24 4.976666329297517725e-16
2.816332925337137194e-01 7.103515426498005665e-03 7.783671102602520341e-26 1.369423566430426779e-17
5.975983437259739794e-01 -2.326182481649727643e-02 3.489972082171219615e-26 -4.266493802227886955e-17
-5.866053479255457503e-01 2.831178416033968727e-03 1.474778309204128314e-26 -2.153951888571301911e-18
-7.790556609694443413e-01 1.294683838869658578e-02 1.280732950933130726e-26 -1.136022147140588773e-17
1.942212684627586672e-01 -2.687175685803295730e-02 -7.592187406516497524e-25 3.484622748627615536e-16
2.213432117304170443e-01 9.811931978989220718e-03 7.493379689568029265e-26 1.431180714392911664e-17
-6.066129822656420867e-01 2.233560247400759487e-03 -2.550335888219011284e-23 3.038804456607771872e-15
8.131596150330733241e-01 -5.863150468022225274e-03 1.068076847677163203e-24 -4.478219150443520260e-16
6.424628714643465521e-02 -3.187682689944435627e-02 -1.631554439745125878e-26 2.938466123446488647e-18
3.165359502629239152e-01 -8.667790562958861689e-03 -3.849224803968098727e-26 9.287540632561992600e-18
-4.911321618801036681e-01 -6.163228869869932791e-03 -1.085925923039840754e-24 -2.890698994201393112e-16
4.598888143182606747e-01 -5.519872408976329858e-02 -4.557349426598931875e-25 1.017396442410825364e-15
-8.941608597303909445e-01 -7.927009338429452656e-02 1.183712522674569269e-26 7.378486172662065028e-17
2.069537225192041863e-01 -2.155325632682891356e-03 -1.439913601256302573e-25 5.648310603751395031e-18
-3.655623457700725165e-01 9.977933122209962924e-02 9.963023012511564867e-23 -3.195870537159841663e-13
1.182020448376741584e-02 -5.602929666126695886e-03 -3.220213549396563446e-24 1.875516260652993752e-17
2.431036140347613284e-01 9.667864820315648366e-02 -1.213030660730837130e-25 -2.507204526207357798e-16
4.867637094037224887e-01 1.191595368063102503e-03 3.169193382472403201e-24 1.616559667459864674e-16
6.353018276917445917e-01 9.215940414412971543e-03 1.172245272708357674e-24 6.035791835867180074e-16
-1.216307494382020682e-01 -8.170364080339030666e-02 2.875704609109405455e-25 2.513188513559429045e-16
5.233434012517332867e-01 -3.913540412045091871e-02 7.021266330229535827e-23 -1.264643227779589891e-13
-7.350964909658999069e-01 3.246498466185464369e-03 -3.287049610688303768e-25 6.898613450135302824e-17
1.940589154312017950e-01 -2.028923596403748621e-03 3.300046958750031546e-25 -1.142655759477712384e-17
9.580107187034283545e-01 -2.172174826977161036e-02 -5.035139128518820551e-25 9.214517946502958768e-16
-8.160001223132520298e-01 -4.072984980763846852e-03 1.520572159351407551e-25 4.444327633240456683e-17
-4.508057176835280622e-01 -7.925046674049458437e-03 -1.587478207273765279e-25 -4.987639052139914307e-17
-7.090494450687470085e-01 -3.216280603886589352e-03 9.429141602741504744e-24 1.891030838622949544e-15
1.782480080251644949e-01 3.681090621471963878e-03 -8.217644761060367026e-24 -4.741814473174283806e-16
4.158921911188546705e-01 1.271525631143763206e-02 4.220716927003908979e-24 1.962854515823893736e-15
6.817180974624270640e-02 9.418682676833409206e-02 3.094025896257576701e-23 1.747088613930718931e-14
7.782900672701418276e-01 1.230694821583212112e-02 -1.001304012920452046e-26 -8.434392710024435538e-18
3.217248396165330870e-01 -3.998188495526523029e-02 -8.565998937019925464e-25 9.689957555361429472e-16
8.760344759350870980e-01 -2.612058950106125287e-03 1.385370354456272463e-26 -2.787828555957169093e-18
8.449637925721400489e-01 1.566652565499299272e-03 -3.684551607893760737e-26 -4.289349534601912655e-18
-9.577980597063717738e-03 1.214000724401754008e-02 -6.454935593427327264e-25 6.600560444016998442e-18
2.369247972096018007e-01 -2.474867040677261251e-02 1.408464477802088304e-23 -7.262803399260462407e-15
6.004959149183655143e-01 6.461842528816040196e-03 -8.422450069063682468e-24 -2.874093370887623049e-15
3.623988681775327514e-01 1.743648618808179077e-02 5.479054452951205120e-24 3.044720418677448882e-15
8.079023466059094272e-01 -4.150877809225083509e-03 -1.395272847179021519e-23 4.114849557823387886e-15
-8.900744821398796081e-01 -5.278161179773218845e-03 9.207179387176339862e-26 3.803922004144167024e-17
1.169290891039793667e-01 4.809465548463805196e-02 -4.136570226355220341e-25 -2.045765199883569540e-16
-6.356013788248890961e-01 3.445041582717172073e-03 1.253620596787843914e-25 -2.414023081444123733e-17
5.591429311721465290e-01 3.979995182714811224e-03 1.491328483446523983e-26 2.918600807188499092e-18
-1.187137493209879935e-01 -8.710530636496216159e-03 2.823312090216821663e-26 2.567441295783284635e-18
-9.027829537251124137e-01 -1.588977406829790440e-02 1.008017920148772565e-24 1.271643353124226501e-15
-1.621253211736468636e-01 3.530586608563947119e-03 -8.445644369157464065e-26 4.251346563888126290e-18
-2.506973290679970212e-02 9.454192236002008365e-02 6.097121209333495001e-23 -1.270851965259864364e-14
-2.136801431965582587e-01 8.685137396026356565e-03 -3.950518070597172109e-23 6.447493490218730950e-15
-4.012162587471881370e-01 4.971840058381053057e-02 1.289857563548611266e-26 -2.262733611348997710e-17
8.033213981140829851e-01 -6.247219950125782600e-02 -7.943487893822061777e-24 3.505769597799143946e-14
-4.497040747924661019e-01 -3.644746650497311669e-02 -9.767027838586487912e-26 -1.407837710786197004e-16
-1.203957979971503889e-02 -2.053825642825828773e-02 2.063666964901155099e-25 4.487562538152167333e-18
-3.428784960010093918e-01 4.439346774215466307e-02 1.346628119785265683e-24 -1.802615075430613325e-15
9.134873746382148330e-01 -2.218674472735389369e-03 7.408771920712353843e-23 -1.320499865886728493e-14
-1.341371482835047590e-01 -1.138511146487480516e-02 2.503326581597464088e-24 3.362016707268966850e-16
9.727327142377097946e-01 1.532191123324683039e-02 -1.135243492025252596e-26 -1.487960783623648019e-17
-7.361353071011584870e-01 6.356438485223422918e-03 -1.562050668307658816e-23 6.427803828576343654e-15
-9.288456757194472058e-01 8.876665445712878660e-03 3.328588229108163280e-23 -2.413512147007547006e-14
-5.119187243033065382e-01 -3.003557172357105599e-03 -2.948436766106512481e-24 -3.986802633122529028e-16
-1.999790997137798065e-01 3.044446285840758312e-02 1.720247666742838672e-23 -9.210429926214303129e-15
7.207741331308439303e-01 -1.417796874955425850e-03 5.452098138255778784e-23 -4.899738159926522097e-15
-5.358066405927115472e-01 3.682156073261142609e-02 -1.305261869909031294e-25 2.264664833040326254e-16
4.277168661210697387e-01 7.837048721055943357e-02 -2.279665238411305078e-25 -6.720104089679066271e-16
-4.420868569047313734e-01 2.529120840108803683e-02 -1.406762151088677120e-23 1.383228279520269574e-14
-5.768844212139034866e-01 -5.789192973182265105e-03 2.891358449274985017e-26 8.491898082475139230e-18
-6.212188666711018215e-01 -1.579410208041474081e-03 -3.265175527837280871e-25 -2.817358484720456875e-17
8.635431033816254320e-01 8.226081977500306064e-03 2.346653736420430089e-26 1.465959813163307118e-17
-4.827784218159210106e-01 3.005479494645802753e-03 -5.286376683377541499e-25 6.745524532214512746e-17
6.217401599410063984e-01 -1.269225799646984607e-03 1.765900958251037860e-23 -1.225491080251912991e-15
-9.987068943616979055e-01 -3.843269777735558966e-03 -2.947643622867967485e-26 -9.949697890641475852e-18
8.050597088203281793e-02 -8.538564910928329518e-03 2.280244596112794662e-24 -1.378448076415004060e-16
-6.198110729503036875e-01 7.017243304413954379e-03 5.285376237755648507e-25 -2.021611845556745132e-16
-6.073124310275850313e-01 -3.750924777573779335e-03 2.398406308171437665e-25 4.804733273740742945e-17
-9.778905517302831640e-01 5.507233992531277919e-03 6.330336087735711847e-23 -2.998102990935399351e-14
1.016232519675557278e-01 1.758094640056958799e-03 4.285488701978680045e-26 6.733357803518624284e-19
-7.814518529196921026e-01 1.652440447163133590e-03 -1.217160055332773661e-23 1.382202689368796266e-15
5.329787908510337235e-01 1.326576659572265178e-03 3.015933913605271734e-24 1.875253998950276866e-16
8.503553135656287676e-01 3.158223953623599724e-03 2.722229836653177057e-26 6.429306690812164875e-18
-3.489236257811403341e-01 -9.946783934293074170e-03 2.920883915083466848e-25 8.915041278706211141e-17
4.215179585634283299e-01 4.617985696416378356e-03 -6.206986984664867834e-25 -1.062540519651319299e-16
4.059811685103411616e-01 3.634440179347281884e-03 1.425431635278767489e-25 1.849634032580401091e-17
-1.279258759187398287e-01 -1.598986535035654393e-03 -7.210216987788260187e-25 -1.297022592509134477e-17
8.961828372374718299e-01 -4.012391788679962185e-03 -1.489434889856523907e-25 4.709962818464715015e-17
2.943824660444134267e-01 -7.438652958961873563e-02 -2.870677450836229843e-24 5.528236767362142874e-15
8.624019683283288273e-01 -1.766719977228193433e-02 3.140640769862892262e-26 -4.208154956193672250e-17
-3.735059994887472978e-01 1.099087760029475273e-02 4.611705497946187505e-23 -1.664897569995770305e-14
5.186837778025650270e-01 -2.339312606332842083e-03 -2.952060151859085143e-25 3.150011428140123274e-17
3.115174715881698919e-01 1.818696964909506664e-02 5.336907115965793423e-23 2.659061585663501572e-14
-9.801545465385168576e-01 1.648336337071369326e-03 3.299931924832258759e-23 -4.688580451915774023e-15
-2.341848429953832245e-01 5.848380739860411896e-03 7.828798912034918551e-24 -9.429432579757133981e-16
3.846788829802332277e-01 -4.367344164650802975e-03 1.859921595900260560e-23 -2.747934655469308750e-15
-4.590787447909034924e-01 -2.408709883985617542e-02 -2.512630771951461269e-24 -2.443410044292458812e-15
-2.351966631847091094e-01 -9.067211353519731218e-03 -5.418811576080147196e-24 -1.016260264938048606e-15
-9.599265213175138811e-01 -1.498987888155267796e-02 -4.668460778500269696e-23 -5.907528551889750294e-14
-3.066990562780227414e-01 1.642818567991644052e-02 -5.314407696718485088e-24 2.354793949357201650e-15
8.373388301916733223e-01 -3.363746742950605908e-03 1.738514363629902154e-23 -4.306245695395033239e-15
-2.238522204441184549e-01 -2.861820621544884646e-02 -2.101862956117701259e-23 -1.184143163082078701e-14
-1.581501410547234698e-01 5.876955293504912761e-03 4.245758006403776835e-25 -3.470349446139978855e-17
-1.006510384344472264e-02 7.125684860606000537e-02 -1.023364625129824255e-23 6.454628811696182433e-16
-9.839684121901914882e-01 -3.391566989736899407e-02 -2.247202839000069605e-26 -6.595076408766296414e-17
9.670519626712246186e-01 9.622065373884101588e-03 6.015736333818723614e-25 4.922694759381570775e-16
-3.270343058607025899e-01 4.775334597482275290e-02 -9.479146061543108733e-26 1.301854159841710458e-16
6.928976522771259638e-01 1.640325159072023725e-02 -1.043458668315936510e-26 -1.042966327871378573e-17
8.548204640722611991e-01 -8.503511408643847636e-02 -7.927073453362486477e-23 5.067363885663592549e-13
6.820025155479356727e-01 -5.971776849704950318e-02 -1.245425632619261742e-25 4.460703404200333342e-16
-2.436714863274460630e-01 -2.404329513622376763e-02 -6.336265655952296666e-24 -3.264585727064998473e-15
-1.262290217968913275e-01 1.479515217847684506e-02 -7.122163124091803617e-24 1.169732536121048768e-15
-4.106806545200760716e-01 1.242227678638440323e-02 -3.715876370314833972e-25 1.667104039618748282e-16
2.336826969463452475e-01 3.850201267021505919e-02 -2.706469071503081688e-25 -2.141455517583174892e-16
-9.657210026693323623e-01 -5.712041164725817355e-03 -1.424280791287097780e-26 -6.909309110691241335e-18
7.403354092289047284e-01 -1.947660284130649060e-03 -7.862929123382495039e-23 9.970618312813633149e-15
-7.482321933233797573e-01 1.786340209919370708e-03 5.521970590417852324e-26 -6.490686809514145342e-18
9.285269443496078079e-01 -1.171239055685199815e-02 1.961390951292682490e-24 -1.875859142508312851e-15
1.412916413265041804e-02 -1.209770912763230219e-02 2.701115986182498398e-25 -4.060306721364028718e-18
-7.733724516832893858e-01 2.080709075249401359e-03 -8.552942872127832945e-26 1.210351829495324745e-17
3.256914261637204877e-01 5.233124482672379951e-03 1.385489139502560825e-23 2.076665355137058200e-15
4.692743699254864342e-01 -3.797095403922463863e-02 2.465347617997049846e-25 -3.863247292376267962e-16
-5.816738345802854315e-01 -1.066961731786742048e-03 -6.062400924844423491e-23 -3.308788639527567493e-15
-8.964779746507756109e-02 2.573873192431512958e-03 -7.621875371727137725e-25 1.546623533272390837e-17
-1.509712682808452833e-01 3.161762017954219267e-02 -3.892019033746504723e-24 1.633783242781458770e-15
-5.415403519335293403e-01 -1.841790080298116731e-03 1.643289935595347870e-23 1.441388816664895826e-15
7.539518810387666470e-01 -6.761321798962290075e-02 -7.733343195222687503e-23 3.466877685889662357e-13
6.996358329874743376e-01 9.492319940606219753e-02 -4.969522263250291165e-25 -2.902385215626805493e-15
-2.131343691525859896e-01 3.112723210887971201e-02 5.790161087839401488e-26 -3.378163293975247695e-17
-2.910461128485495319e-01 2.854986410372458219e-02 6.082882879173314627e-26 -4.444995274148742156e-17
1.956945787267736492e-01 9.254450350273055181e-02 -1.185635052376402240e-23 -1.888323749099752093e-14
-6.567133565950276086e-01 -3.661894130921721120e-03 -8.234367460239459730e-25 -1.741437440477252979e-16
3.508271931273827526e-01 -5.639130337420410199e-03 1.714597531948229871e-26 -2.983070902680066153e-18
2.824475985874701500e-01 -1.187250964375167550e-03 9.561322460483401692e-26 -2.819644676616625013e-18
-6.647066280820046469e-01 5.344071268476018911e-03 2.276367324129356660e-23 -7.111162350643732329e-15
-8.763542528123833275e-01 -3.548312600907693737e-02 4.634707549567395121e-25 1.267418108041874609e-15
-2.040843999492791827e-01 4.862338363656047713e-02 -3.482143462875933306e-23 3.038768715398663666e-14
-9.556076321679107810e-01 5.070593901217339272e-02 1.583842366973047148e-26 -6.749108277455057949e-17
3.414965242382386190e-01 -2.070395005846504318e-03 -1.938985351571094772e-26 1.205618844528455644e-18
7.537617070962625565e-01 -1.330180502364957523e-02 1.285324055216599602e-25 -1.133321907930262483e-16
-6.499395548704283154e-01 -1.650741803973727537e-02 1.360151358438588022e-24 1.283321168996142255e-15
2.652041075449191876e-01 -2.849174483374129676e-03 -2.803429093203806933e-24 1.862879951570741692e-16
-8.900548736456530552e-01 -1.365170230110537147e-03 -1.554071196357968665e-23 -1.660620914350639074e-15
2.416294028281666950e-01 -3.548818304848735256e-03 7.608315393876492530e-26 -5.737438626907785191e-18
-6.855168069399113495e-01 3.053825952731960974e-02 4.707915811243918078e-23 -8.667364818975180475e-14
9.844928236904233465e-01 -2.873368961547592346e-02 7.745467458074016206e-25 -1.926848569344845105e-15
-9.036890814144360462e-01 2.053561476084890883e-02 7.420030326123045368e-25 -1.210956169698279793e-15
1.908245569839819300e-01 -1.018956519845698634e-02 3.981164373709738015e-24 -6.807631272954455777e-16
6.599148259033427166e-01 2.639187145449626605e-03 1.767833314183074123e-25 2.707667840819411414e-17
-9.154623957760439357e-01 6.879573639112557953e-03 -2.104697174817892026e-24 1.165702295643094172e-15
7.243898655283540489e-01 1.925731367992526699e-02 -4.032722707406541150e-24 -4.947233758103284770e-15
-6.477405124140636072e-01 -2.042746235084059309e-02 2.107099609728769851e-23 2.451864955077132712e-14
-2.210215394342660566e-01 -4.790932560740034617e-03 7.405126971623468108e-26 6.895776339030657229e-18
4.216137697149269226e-01 -2.510793412492703242e-02 -2.959795651218202094e-24 2.755392645630667777e-15
5.252697878290502054e-02 -3.426604620346876406e-02 -1.147648052570871117e-25 1.816565837548479398e-17
1.186102879518045050e-01 -6.772081859647104130e-02 -5.488845170060770539e-23 3.877229782377461871e-14
-3.877463013914019818e-01 -4.961618330290253759e-02 -2.059727415113424653e-25 -3.484791245973135306e-16
2.582499783383094272e-01 -9.734106791598898592e-03 -2.270118629117804882e-23 5.018581175346080554e-15
-9.645660118445380515e-01 -1.565621049446190962e-03 9.739954006921233534e-23 1.293515129738969726e-14
2.335924750366478175e-01 -3.773173449555011598e-03 5.532002871908108736e-23 -4.287893749047163766e-15
8.993766146008770335e-01 -5.064876844048517984e-03 -1.587530592751391647e-25 6.359582185387690663e-17
-5.590354613558310426e-01 -2.225773117677501065e-02 1.408804186960539227e-23 1.541582899881765099e-14
-6.149583239083218356e-01 -7.835558804948443423e-02 2.382575255135688343e-24 1.009620792445605162e-14
-3.670170914126456019e-01 -8.596817411300146372e-02 8.168575764149298474e-25 2.266555374331842247e-15
-6.641934151601303071e-01 2.783024533540581769e-02 5.953888738004396190e-23 -9.678505817671161131e-14
-8.741757315227769443e-01 -1.032630519722365844e-02 -9.289830992608401708e-26 -7.374753618364494292e-17
-3.764958671423126457e-01 -9.251701726100484621e-03 -7.380550584220791169e-24 -2.260823180492321527e-15
7.179170313948861626e-01 2.721012495641708315e-03 -2.135298982478276668e-26 -3.668254728199987679e-18
-5.557104208446210780e-01 1.395801043170597291e-02 1.807928846684357972e-23 -1.233245087140873212e-14
-1.431781535380527437e-02 -6.721162137750463089e-03 5.583868972660760911e-24 4.725549848360689816e-17
4.941667645802090281e-01 -8.171000762539121220e-02 4.141526458269646530e-23 -1.470636108307940501e-13
5.411150643744249145e-01 2.352225499898305885e-02 2.943371503594532067e-25 3.294652841685895332e-16
-9.662091067757256901e-01 1.415473608902166440e-02 6.193885477758894139e-24 -7.449584908569402085e-15
-8.033568246619424702e-01 3.158820755496418581e-03 -7.508102418293896238e-24 1.675558745619862232e-15
-6.875840252137126463e-01 1.216270873711137145e-02 -2.655629898507394000e-26 1.953078209661289557e-17
-4.572305585362339553e-01 -4.461719337108790810e-03 -1.844337827506104827e-24 -3.308826307775909270e-16
5.851838478221313977e-01 -6.544049533742398936e-03 2.438928122757653146e-24 -8.213606828240885879e-16
6.615081186361044807e-01 -1.335829331201599315e-03 3.770233699209441223e-25 -2.929883992867436065e-17
2.915473780200117382e-02 9.971638160916404883e-03 1.973788015443477603e-23 5.046289466187523104e-16
-5.661505091696026337e-01 -2.610042030798561969e-03 -1.330582480583022747e-24 -1.729088429039976538e-16
-3.376269427605804729e-02 2.547076364907921789e-02 9.826089579518345200e-26 -7.431145786480662335e-18
1.309098122770675499e-01 2.178953775963958506e-02 3.136957241646120645e-24 7.869095514510797408e-16
7.219651217391958031e-01 1.827227053009960675e-02 -1.186026796235633188e-23 -1.375939173647353637e-14
-6.075439444526657962e-01 5.261536473031193373e-02 1.654506123949250716e-24 -4.651089119368286272e-15
6.725826296267420901e-01 -4.119672157922972533e-02 1.334045431387239591e-23 -3.250685271268790664e-14
8.402089202953095803e-01 1.351128986630028813e-03 -1.389243049057290162e-24 -1.386942103120765767e-16
9.254874913080037846e-01 -1.310056619136558409e-02 2.403308745573201512e-24 -2.562513642743466966e-15
5.291073948086406631e-01 -5.085708014132761523e-02 1.727728241013178658e-26 -4.088525268450699921e-17
-3.095025252724690201e-01 -1.131424118705154011e-03 8.456206943870109391e-25 2.604121434541440371e-17
1.304563724212151055e-01 -3.939138978162156322e-03 -4.517634882370504685e-24 2.041614445909836419e-16
5.502303687756417983e-01 7.855378609176606741e-02 -9.190213690913618264e-26 -3.493279123656122493e-16
-4.546493003972644775e-01 -1.861538943832632270e-02 -1.313779090921374869e-26 -9.778382001241927286e-18
-8.273743336668348825e-02 -1.285296624703969118e-03 6.736730303214559360e-26 6.300145405593487000e-19
9.211978927519481886e-02 -5.073202447743826136e-03 -5.532175071932138969e-24 2.273667975894626144e-16
-6.929162809567073200e-01 -7.591710775621778387e-03 -1.362972183281346973e-23 -6.305265999200686620e-15
1.868119794056184446e-01 -1.967351728966582839e-03 1.662297295494191456e-24 -5.372685660538901659e-17
-4.573272079866346207e-01 1.128557590281302871e-03 -1.597936997055001249e-25 7.252811966860521089e-18
-1.898756706762838586e-01 -1.242365451809551409e-03 -1.877027918872063422e-23 -3.893905606453485195e-16
1.561372396547711094e-01 -1.852442110384827645e-02 4.684932890913937639e-24 -1.191654937437012065e-15
-3.152505773243894360e-01 -1.128243927938891479e-02 9.663407347441704537e-26 3.022631352509937798e-17
-3.925624110156302748e-01 3.920098659851428691e-02 3.858076388986967542e-23 -5.221226484664895046e-14
9.291194900960149106e-01 1.204257848226936200e-03 -3.689231290758847533e-26 -3.630136365223030701e-18
-4.857142321663219242e-01 8.623954521454977803e-03 2.063650574794671289e-23 -7.601852695821439842e-15
2.637732953037414951e-01 4.327610394647297964e-02 4.796726457952041236e-25 4.815262123290838664e-16
6.350104856324945146e-02 -1.506731081632644263e-02 -3.379036956705974844e-26 2.843188055169447416e-18
4.063801851932478115e-01 2.250350366393611117e-03 1.991228888717603947e-25 1.601400091944078708e-17
4.119716574848169000e-01 -5.678793214402291616e-03 7.591009379151329535e-24 -1.561776637182228410e-15
-2.349891118610609730e-01 7.276746065116136697e-02 -8.469638249945240665e-24 1.273637452167304687e-14
-2.275781236745273439e-01 2.466572441491157643e-03 -9.809867112654026921e-26 4.842654797600590197e-18
5.227401798305475467e-01 -1.927718406759576248e-03 -1.261051860365041734e-24 1.117528029191355841e-16
6.949775405404345907e-01 -4.599117715502052360e-03 -1.441276659522361240e-24 4.051246317827773956e-16
9.815339808348295669e-01 2.043363261038936424e-03 1.166878858876809977e-24 2.058129473462245062e-16
-3.736057257894018768e-01 8.328112278756506087e-03 3.330496290609181504e-24 -9.113077209035946374e-16
-4.112113962441812376e-01 7.577083875216866771e-02 2.066893104078494171e-26 -5.663452383882621295e-17
5.536702378972768734e-01 -1.558543441971325591e-02 -1.763635096324182883e-24 1.338365780732138910e-15
3.831119055916141214e-01 -2.152791962309135235e-02 -3.418022006699748629e-24 2.479125808409213154e-15
-1.167701390601474376e-01 -2.280315474184747837e-02 4.653125058117790208e-24 1.089600909226989508e-15
7.208881322663596158e-02 3.754365445608959413e-03 8.878410001472545775e-25 2.113175744137033089e-17
4.400499991990991511e-02 3.369097959531228495e-03 -3.841302279356142661e-23 -5.008297832350797557e-16
-5.915518558336108068e-01 1.839702358839075775e-03 -5.238273496339177592e-26 5.013309956090515063e-18
5.418476258571618409e-01 1.556704623862967089e-02 -2.351939474620097928e-23 -1.744638820436529850e-14
-5.779479188037317527e-02 -9.454828324219873015e-02 5.397236373039705730e-24 2.593640568348899898e-15
-8.262947721728051143e-01 -1.629313798285716248e-03 1.323675862777325302e-23 1.567174622443943878e-15
2.931198222033968293e-01 -2.109755470878127773e-02 -1.497043172376523431e-24 8.141560144898953506e-16
7.424272048996185536e-01 -2.696443873541287325e-02 -2.183154140907015528e-24 3.843489178787062275e-15
-8.425924723257514071e-01 2.899251720163817728e-02 5.102711389299569600e-25 -1.096227023694103101e-15
4.045523465183959999e-01 -3.227956274307634908e-03 2.480396219309877211e-25 -2.848521021140033334e-17
7.949985523489266903e-02 -9.494123959500206864e-03 -1.102452394203352756e-24 7.317741785747268596e-17
6.438210030054241084e-01 -3.738514389335934746e-02 1.332570391029542662e-25 -2.820657510257647513e-16
-2.276630127828240813e-01 -2.293111764099459941e-03 3.777075169380691352e-26 1.734080799209369796e-18
-3.161033805602491142e-01 1.013184225179098114e-03 1.175079157470303923e-25 -3.309639440539267677e-18
-2.092383330367055816e-01 -2.059295656496912003e-03 3.906336763015449936e-25 1.480217846566433163e-17
-1.696389115963601313e-01 -2.827139482592653380e-02 -2.333775207028571521e-24 -9.843005670100238352e-16
6.290664071027585180e-01 5.018815237353099236e-03 -4.070871456882098286e-26 -1.130267113165937771e-17
-2.163710027263048286e-01 -1.443057571325058854e-03 -6.686801433679212052e-24 -1.836103433548399762e-16
-9.055967242574807230e-01 3.260763210494248970e-02 9.983280463429684264e-26 -2.592527535243871314e-16
-4.575875681925434257e-01 -4.416359752445590814e-02 -3.583506396459199198e-23 -6.368583461336622259e-14
-5.977818762966637944e-01 -8.216314400382825067e-02 -5.216318127560198781e-24 -2.253096865481796523e-14
2.898913305950245878e-01 6.983553447856064023e-02 -1.107744982408535713e-26 -1.972184225892021328e-17
-4.112380876618038084e-01 1.299351118746003720e-03 4.127403598372703427e-24 -1.939513444415368730e-16
4.243437679980948118e-01 4.449568315400238838e-02 -6.855226312463339014e-25 -1.138291530629807934e-15
-9.655490466825376039e-01 -5.629239658966721759e-03 -1.359976005540873626e-23 -6.500568281683950760e-15
2.343219308605444251e-01 -2.672369648874590737e-03 3.022745013323570388e-26 -1.664588851852673846e-18
6.175306956808752634e-01 -1.593363746417438909e-03 -6.237850345118434488e-25 5.397646431476694424e-17
7.400113547755178267e-01 1.224238654268627186e-02 -2.352687359056749046e-24 -1.874410424149924617e-15
8.265655199617363280e-01 -5.114444644068073809e-02 5.264702536663746863e-26 -1.957246862188472642e-16
5.947515377068863796e-01 -1.851316694454252509e-02 8.202417388441408133e-26 -7.942443907831739454e-17
9.579553495605694913e-01 1.059542031107441225e-02 1.851322101730259996e-25 1.652499903313764799e-16
-1.322844920910379862e-01 -8.678590914805765777e-02 2.335103022094823482e-23 2.357546121802805804e-14
-4.665822099095795483e-01 -2.666113836107198570e-02 -6.625508767361379038e-24 -7.248065307370868907e-15
2.419064899177985062e-01 6.827774221519510196e-03 7.754549276282121330e-25 1.126365219986858979e-16
-5.428468604257044028e-01 1.835317673340049454e-03 3.675961539505330782e-23 -3.220739030383145134e-15
3.841181022612676355e-01 -1.240399238998352895e-02 -2.597436358039584180e-25 1.088346490981621573e-16
7.533470270653577217e-01 -1.648268501571914469e-03 1.232151334318940490e-24 -1.345498103938739822e-16
3.178366826356522346e-01 -5.534127291276436794e-03 1.790061821929230823e-26 -2.768963263151162831e-18
9.712047160277894609e-01 7.867101802281872489e-03 1.784179105598052864e-25 1.198836624238415378e-16
4.199623398818452813e-02 -7.973964257019551527e-02 -4.007271539951196605e-23 1.180128785561704080e-14
-2.823364194869362187e-01 1.527175473735761790e-02 4.625508661576281102e-25 -1.753926308258224120e-16
6.878145026879964874e-01 1.732395105584480467e-03 -6.128189838668662208e-23 -6.421647871885467612e-15
7.841622895588427067e-01 2.988105517622929169e-02 -7.392609854077745657e-23 -1.523335874589293710e-13
3.178182663352122628e-01 5.138544938955477703e-02 -3.378519959140841198e-24 -4.852231384513045736e-15
-8.074252502988110702e-01 -1.704101945882170038e-02 1.218317759811190199e-23 1.474193441034062945e-14
2.382676538278671874e-01 2.186658811162114566e-02 1.011596206792395227e-25 4.634995378212339571e-17
9.971159803066989014e-01 5.834058960414526158e-03 -6.556103527548413179e-25 -3.353963203834718522e-16
4.273194243779188106e-02 1.347394124483802282e-02 -1.533978378122661253e-23 -7.767164844552009928e-16
-8.051118734158788648e-01 -1.916472588845533759e-03 -7.269494905420675786e-25 -9.864136656137473869e-17
-4.948702824350914575e-01 -8.981536855158990529e-03 -8.079553963452501642e-23 -3.158096652383376217e-14
-9.309924916915013338e-01 -7.358205604687498465e-03 -5.406326934333315240e-25 -3.256989831526694765e-16
-4.110195916460945842e-01 -1.164212430674948368e-03 9.284101036965534401e-25 3.906884875222503472e-17
3.626540606210229001e-01 2.193916505146580563e-03 1.804184315474854841e-24 1.262378366390277675e-16
9.953131548455098621e-01 -8.220766037497535469e-03 -5.332369659054783505e-25 3.836968920715293812e-16
7.132320770277811306e-02 6.188077414894047230e-03 -8.916289146890087079e-24 -3.460722283247103085e-16
-7.690554899680130951e-01 -2.550527641825942136e-03 2.184603970824780194e-23 3.768395100196638917e-15
4.550831276495344024e-01 -1.592844179179078203e-03 8.489271190691377014e-26 -5.411659146180762374e-18
-8.572334769360194784e-01 5.474212948117895133e-02 -2.866423686128274092e-26 1.182924957432999377e-16
8.658908907738251948e-01 -3.788576282250024491e-02 -5.517247111378071080e-26 1.591686904870523077e-16
4.265607240081397133e-01 6.761311872865019557e-02 -8.439897373153334315e-23 -2.140646719555887372e-13
9.888720277686233739e-01 -3.608668584042535460e-02 -4.594362312846606173e-25 1.441810991829556851e-15
-3.122535486888566858e-02 7.197413774269074971e-02 4.704039431265025218e-24 -9.297170751654233259e-16
4.352123837680943463e-01 3.831488994367345663e-02 -6.096726187050888065e-23 -8.940494038310674879e-14
-1.950684560801676515e-01 -2.405220768033274059e-02 9.669325540685187001e-24 3.989644268827106520e-15
-4.990279940283000037e-01 1.013638419404681683e-02 6.909178599933975370e-26 -3.073480000928671166e-17
6.818970383126534696e-01 -5.382100914645934417e-03 -3.215340890567387008e-26 1.037752204611589534e-17
-7.330679957287955517e-01 9.903818054247826713e-03 2.505155516859574285e-23 -1.599475545547792944e-14
2.878929748681200440e-01 -6.339365623460499477e-02 -5.461128097472589967e-26 8.765066830155317921e-17
-2.281475655410178938e-01 -1.996660628590561301e-02 -1.637637403628208729e-24 -6.560453214366637534e-16
3.782849036269815279e-01 -1.870917237577399746e-03 6.725950442034265973e-26 -4.186231581813477216e-18
-5.213844766919586426e-01 -7.303736216580146087e-03 -6.697347919131977206e-26 -2.242859337354902996e-17
4.563658256145191050e-01 1.401085190370244746e-02 -1.592942837619740186e-25 -8.957232553019318711e-17
6.036642534197231846e-01 -5.393841359101251252e-03 -1.736482095128991044e-23 4.972329938330009952e-15
6.121866334524566078e-01 -3.310912886590643839e-03 -1.795885024688246915e-26 3.201150748949099885e-18
5.019496086722607942e-02 -9.061660490986379185e-03 -7.728761787264305066e-23 3.091532588239844929e-15
-7.366941860583258173e-01 -2.394871571529566881e-02 -7.431445903015524991e-25 -1.153025181525221936e-15
-7.700725618140884521e-01 2.579665124677307190e-03 3.265156045733944386e-26 -5.704202356491281913e-18
3.099735596461743459e-01 1.312196092431287516e-03 8.731611009832044606e-26 3.123300501430764805e-18
-8.312406875588931321e-01 8.455181588881154758e-03 -6.005425038822852421e-26 3.711842010879666453e-17
-3.290862928178006630e-01 -4.008180727389958238e-03 2.011410719541346664e-24 2.333210109227475894e-16
6.953807766600439422e-02 4.487657684551110172e-03 -9.518412956818307494e-26 -2.612179071712628273e-18
5.307934275299672766e-01 1.288250463143116205e-02 4.887267946164964598e-25 2.938921555835324274e-16
2.262232625766524841e-02 1.188133751537848734e-03 -2.404842095598733415e-26 -5.684406931607559748e-20
6.063823129075909257e-01 4.810722399281959841e-03 2.523743014446196680e-24 6.474376518051921738e-16
6.733104872222923643e-01 9.759471929616059943e-03 7.887051391693544142e-25 4.557769619435656574e-16
4.861821112149511404e-01 1.128575385662332299e-03 -1.964092128813816945e-26 -9.477360589598611064e-19
-2.962440677741735584e-01 2.436436522912806529e-03 -6.838486134858243247e-24 4.340709627234016566e-16
7.224302176778896190e-01 -1.451617387722233497e-02 1.831100207468753137e-23 -1.688714284699632335e-14
5.907507942906109477e-01 4.372196371697843580e-03 6.692720729744399221e-25 1.520206823143498724e-16
4.704649135321381515e-01 1.402648479220740393e-03 -7.472540766475446125e-24 -4.336510263073228426e-16
4.254496589486076452e-01 1.138131639120981003e-02 -1.419021326992915676e-26 -6.042624391248097149e-18
-1.948791778989864554e-01 -1.086749627500424240e-02 9.989893297312655239e-25 1.860594739510461628e-16
-6.833501994082611386e-01 -3.090665403960138335e-02 -1.129010880177379893e-24 -2.096956608257120967e-15
-6.231813679736799561e-01 1.001465844114725594e-03 2.409954210205755660e-26 -1.322681847634660068e-18
9.394827347542595852e-01 3.297559328532363460e-03 -5.013910936789045987e-26 -1.366010497515300703e-17
-2.904385902491490867e-01 -2.442771344242684970e-03 -4.075882735600282520e-24 -2.543049524209111785e-16
1.756375046001219520e-01 1.161437113067018178e-03 -6.097423999845386377e-23 -1.093843911728811282e-15
4.090996083699289798e-01 1.326206699451751422e-03 -6.945769085006960635e-23 -3.314031426466830916e-15
-7.615672338261698648e-01 -1.767201969054486496e-02 -6.061410146195748073e-23 -7.174045208029567734e-14
5.978780419048217443e-01 9.522187261322433843e-03 -9.008746551913536397e-23 -4.510344251752377533e-14
5.869396504175026230e-01 8.366080925273812127e-03 -1.527090535101684238e-26 -6.594415323254691400e-18
3.041855132445792087e-02 -3.295065479374656436e-02 -1.559089217555946858e-25 1.374262021548680933e-17
-3.664339188558987104e-01 2.562350002119427161e-03 1.373275139599234083e-24 -1.133933738309739968e-16
-3.908612540514901923e-01 -1.001654825133320784e-02 -2.631403109766937573e-25 -9.059914359736554856e-17
5.083176999359719783e-01 -2.425975346962414708e-02 -2.148753589613206465e-24 2.330259199144921982e-15
3.623926942282351682e-02 6.222554554471734084e-02 8.875760627053138704e-25 1.760150194980668450e-16
-5.732297384917335314e-01 1.228696503381427078e-03 -2.953363988713353592e-26 1.829305797595337088e-18
9.645172193878195355e-01 -1.117370667160728481e-03 6.585143240778689364e-26 -6.241205437933166589e-18
9.984197598483783853e-01 2.052172969918171063e-03 6.880858645169598428e-25 1.239840352710341756e-16
9.443224888555352692e-01 -1.779504049448557210e-02 -1.004461069787646161e-24 1.484391376684996832e-15
6.240580682568375170e-01 3.587495855959189819e-03 -1.212427135706912716e-24 -2.387085961596599883e-16
9.734330965020601134e-01 3.634201377760679173e-03 -4.630294223988288309e-24 -1.440521303973215439e-15
7.780167961169319746e-01 6.308998827406377130e-02 4.942252894221024558e-25 2.133390634526169934e-15
-6.021939949063592756e-01 -1.772958774982629111e-03 -1.731684395128975447e-26 -1.625922352373209553e-18
7.377510412022323383e-01 -4.174627637587276924e-02 -1.767148560902606527e-24 4.786263857769068120e-15
-1.837639611314263455e-01 5.987362888570183644e-02 -3.436948600061446726e-24 3.325561337400959007e-15
-5.243500784762151756e-01 6.557218500420548823e-03 8.942081092614498582e-25 -2.703806434275864344e-16
6.291146165557430781e-01 -1.130122314976381029e-03 1.104150682406916781e-23 -6.903662811904500671e-16
9.441706589759357726e-02 -4.429585028273138811e-03 1.251382248997740411e-25 -4.602560789785798362e-18
7.853256537360628897e-01 -6.571545193108951390e-03 -5.987885619657999169e-24 2.717607795470723557e-15
7.564328045461332639e-01 3.035836752719157927e-03 -3.727293010660461898e-26 -7.527284041982544236e-18
2.499715780982849633e-01 1.137187833681700937e-03 4.955161064451572524e-26 1.238729877072609787e-18
6.763072963188736519e-01 -9.330192606701835645e-03 5.675117372409081880e-25 -3.149238341749546833e-16
-3.031399405643082634e-01 5.565231101014032206e-02 3.543936738415606829e-25 -5.257851619123628129e-16
2.072734387760502006e-01 -2.387569031445928650e-02 -1.657886124092282820e-23 7.215231779562183751e-15
9.158785385935284129e-01 -7.839915216962794337e-03 1.579246096961873370e-25 -9.972293711302027447e-17
4.212290801956610764e-01 -2.561400935898943548e-03 -2.193112837485470179e-24 2.080908034328743153e-16
2.138178546695645998e-01 8.988608134766319993e-03 -1.072382790730372489e-25 -1.812517679727178855e-17
-4.938989360620582580e-02 7.476247263876070401e-03 4.691617508806736051e-24 -1.523492588506990174e-16
8.871085828699747378e-01 5.349806957392515445e-03 1.096762697011067169e-26 4.577449518827411684e-18
1.471739460386576326e-01 -9.362549059972316567e-03 -5.436940483244591010e-23 6.588334184190584876e-15
-2.242679015161614942e-01 -3.026465466090748346e-02 -1.105393065573834081e-23 -6.598049633795175959e-15
1.695558659015268255e-01 1.808538546761799624e-03 8.803956272282976302e-26 2.374184502983059320e-18
-8.764340335056681752e-01 2.733926322504664358e-02 -5.606533085460564482e-26 1.181398539949301531e-16
7.179288393949956326e-01 2.992927538630886682e-03 9.484036946031350880e-23 1.792118979259783538e-14
-7.976455344866519859e-01 1.698216062264571325e-03 -7.958742396900843242e-24 9.480763885164708188e-16
-6.143201596540013298e-01 -2.030626482741910033e-03 -1.065895602380572277e-24 -1.169325670623554907e-16
2.911470385572902941e-01 -3.802819956095786214e-02 4.625025359971958374e-25 -4.503272836206310111e-16
-1.424789790290026392e-01 -1.557971875528531627e-02 4.233221801069576197e-24 8.263754988832260360e-16
-9.403230820927221956e-01 8.836501123270546626e-03 -3.089197445813380121e-26 2.257351039665036174e-17
-7.531503944240014459e-01 -1.917006077260781718e-03 -2.732111634409075938e-25 -3.468962767512511371e-17
8.640142115872007089e-01 1.045573842166724974e-03 -1.589489485016432488e-23 -1.262784536909906555e-15
9.767675831122053509e-01 3.422150529253323303e-02 1.581837350649364360e-23 4.649948821590893392e-14
-2.802734638749571072e-01 3.876865766045523715e-02 -1.544514721805723577e-26 1.475879150584803149e-17
4.308390077749368885e-01 -3.145943501723647007e-02 6.035506654282837733e-26 -7.194086730288285927e-17
-7.630017096301482393e-01 2.393013587609996509e-02 -1.112951327788108521e-23 1.787075281976479700e-14
-7.326314427646565264e-01 -7.018235108328229471e-03 2.519317117771323654e-26 1.139179875719002800e-17
8.607806765583476682e-01 -1.797285099544403478e-02 -3.123913099368715217e-24 4.250151659686894346e-15
8.585917292213718355e-01 -2.079764251518236365e-02 -2.579928963751360987e-26 4.051394723173777474e-17
-5.803769607983089163e-01 3.375652030283719362e-03 1.186491111052368902e-25 -2.044223259294666492e-17
-8.717300374491525616e-01 -9.441715098765694758e-02 -1.783434716295333234e-24 -1.290880733912826502e-14
-9.904540948039730619e-01 -1.069113240854820297e-02 -4.495306033898751951e-24 -4.186135903244949127e-15
-1.696037747416330177e-01 2.200492520404260990e-03 -2.930025968165709730e-24 9.616629410467736723e-17
6.132047728389131702e-01 8.075240203981872214e-03 -1.957444659406782551e-23 -8.524059431173264161e-15
-4.243763587607585208e-01 -4.077625640374071825e-02 -2.504054688138060681e-23 -3.810643699199329428e-14
-2.448083598050632137e-01 9.920580185237719284e-03 8.662892005902199534e-25 -1.850215081388130004e-16
2.746097733691414966e-01 2.368355903612396653e-03 2.490175281543653579e-26 1.424258677869329387e-18
8.093020574691596192e-01 1.594715634007621771e-02 -8.104234741307945736e-23 -9.198180098584225702e-14
-6.625586486029766409e-01 4.088808420272029703e-02 5.548992761965502517e-25 -1.321999370384476902e-15
-9.926809141105721324e-01 1.699219732988632540e-03 -1.129698019295956878e-26 1.675782236237079833e-18
-5.302551106122814772e-01 -1.113408099603580134e-03 1.275853397033617246e-24 6.624239314814445726e-17
7.557404525763637970e-01 1.621984401105681928e-02 8.544885602171040327e-26 9.211314184627842070e-17
7.187571948390105714e-01 1.033813436856293073e-02 1.022584895858660546e-24 6.682204332268331277e-16
-2.713821196234593724e-01 -8.219635115881014642e-02 -1.250211864442660697e-25 -2.452524674262440109e-16
7.672778678173219902e-01 -1.278298838230517050e-02 -1.560777740214813821e-26 1.346238877450691062e-17
1.125044306881373135e-01 -1.846860460015838437e-02 6.900837028946103157e-26 -1.260960496832820395e-17
-5.300225804073495084e-01 4.502848140999753113e-02 2.130476440704759295e-23 -4.471512087404500793e-14
2.152026423477484407e-01 1.320792816400104437e-02 -2.522708796238248612e-23 -6.305875899388338330e-15
-2.889634200053525781e-01 -6.848700227650772465e-02 8.326342778640050584e-25 1.449109862586344592e-15
-7.265141931952134868e-01 -1.129176361304391057e-02 2.727051576337441965e-26 1.967411624283113034e-17
-7.208120417850591988e-01 -3.525430780622897456e-03 5.870008483459498183e-24 1.311804011229595723e-15
1.446834199865143500e-01 -2.542778427374099010e-02 -6.229189177285935684e-26 2.015370071390486820e-17
-3.567872242748748590e-02 -3.183105284408424551e-02 -5.473500437285747912e-23 -5.466652349787531522e-15
-4.869637944892677428e-01 -1.177710062924200267e-02 1.921565455656200788e-24 9.691393816796603094e-16
8.169435255089025905e-01 9.865038858522873905e-03 4.975588722014349746e-24 3.526397870603068641e-15
8.665896547772171665e-01 5.768893860314526847e-03 2.070976879535227344e-25 9.104944431019848781e-17
6.218118500524087988e-01 -1.071401810710888866e-03 1.713904556428179329e-23 -1.004139390493027509e-15
8.256787909201361852e-01 -3.243118325960833020e-02 8.683123640594240656e-23 -2.044776798942007439e-13
1.945710733757932687e-01 6.376789574885979861e-02 -2.334783791478929046e-25 -2.547551843981185070e-16
3.368320064966361382e-01 -2.168342443062994899e-03 1.099141413881838883e-25 -7.059773945947904399e-18
-6.773107675804312944e-01 5.578867571281930990e-03 3.542079187928193161e-26 -1.177032077697192005e-17
7.569176766896577035e-01 -6.250217972388675408e-03 1.495423430761071067e-23 -6.221627311001131323e-15
4.233285327783353758e-02 8.790628158140791071e-02 1.258131745340278838e-26 4.117366931905188540e-18
-1.802988061768449057e-01 1.514776110152742279e-02 -2.078236958103503362e-26 4.991514791195574585e-18
-4.907834363322272075e-01 3.194737186586357053e-03 -6.968205716340194762e-24 9.608199188277390039e-16
5.775837257510525458e-01 -1.541980751165886870e-02 -2.546079625122924746e-25 1.994168638770635682e-16
-9.715744734427134155e-02 6.064995017090034357e-03 -4.099675259027816450e-26 2.124476843148308122e-18
1.931963777396261683e-02 -5.064746773680919162e-02 -1.261862760654850580e-26 1.085837510082220361e-18
5.050718734470325266e-01 -2.515801771019919933e-02 1.042482526261476343e-26 -1.164915401459608275e-17
1.453722658174316784e-02 -5.785186562611251311e-03 1.118910580573122717e-24 -8.275425042751215140e-18
5.677422058261289983e-01 -2.511992216178728088e-02 -9.132595896880984061e-26 1.145406680205041678e-16
2.102237089361480571e-02 -1.970922316997762627e-03 5.554738334278318182e-23 -2.024001392570056320e-16
5.366234280130453005e-01 -2.759158102570116733e-02 -4.947567262410141487e-23 6.442195846322015150e-14
7.809906509835513599e-01 2.542580299440209187e-03 2.671511136884380422e-23 4.665234751689588018e-15
-1.989081888492838512e-01 -6.281143520531174904e-03 5.976148794117555585e-26 6.566119496796352448e-18
-3.399851954742747484e-01 -1.410294321170935290e-02 3.047425175599636914e-26 1.284987239018149012e-17
5.873769564747817196e-01 -3.219812332698102422e-03 2.022485626408649123e-26 -3.363790256444183075e-18
1.957041835396775564e-01 -8.065934269273761573e-03 1.053458540230394722e-25 -1.462406931058400816e-17
-8.617200078802593755e-01 1.679058432728667768e-02 1.796092703251258359e-26 -2.285371124665406020e-17
8.024064147160681060e-02 -5.053286044617398901e-03 5.284371244562596628e-24 -1.884332745934609655e-16
3.749869618319312536e-02 -7.417764703034854246e-02 -1.046528515795432334e-23 2.559978321428659979e-15
9.082912562759832831e-01 -1.371148911438916512e-02 1.101578148431530280e-24 -1.206482618158931131e-15
-9.618555168370535036e-01 6.238085779427639602e-03 2.218731657326165931e-23 -1.170744060157892864e-14
9.436531465992512580e-01 1.104219359389592989e-03 1.615675161343823241e-26 1.480531998329599664e-18
-4.914989658916879556e-01 -3.732856619669846360e-02 -2.215491570252065516e-26 -3.574621140785358126e-17
2.868663930693322595e-01 2.109534461067233413e-02 -1.157694628004056418e-24 -6.161072446212492128e-16
9.781160997328641749e-01 -9.438439101473385107e-02 -1.554269297574587097e-24 1.261864881953171586e-14
9.248336702939972120e-01 3.960110725283644967e-02 -5.644168223261477577e-25 -1.817887114756816044e-15
-4.872853398036174344e-01 -4.104513617175076408e-03 9.353577982628847904e-24 1.645200444533100160e-15
9.641871496149263532e-01 1.063236942599683071e-02 2.891478527188980915e-26 2.606797937966426426e-17
-1.581660893300440573e-01 -7.526542690047413608e-02 -9.711577075244966207e-23 -1.016704317092612446e-13
7.753044221027454164e-01 9.093991933330519695e-03 7.225800293866848011e-25 4.480317384840717225e-16
7.306541689083765334e-01 5.636020336085589312e-03 -2.899337239877290078e-23 -1.049975468005209738e-14
-4.591435147419831164e-01 -1.724762647080006241e-03 2.987764216325245020e-25 2.080751011573574415e-17
9.656843486572697088e-03 3.649632363286140629e-02 1.103087401159530064e-23 3.418930215303297772e-16
7.998373027047991357e-01 2.851737452737077710e-02 3.473978239137655515e-23 6.968419514196990389e-14
3.989661940168058862e-01 -6.818849310092957479e-03 1.621766094766752032e-24 -3.879997160938224476e-16
-5.634246355954577457e-01 -3.372123390928170872e-02 1.704170507230363890e-24 2.847399048377988635e-15
-8.881870347361546791e-01 2.312039495367440578e-02 3.357567610411369492e-23 -6.063458995294694281e-14
-2.708332556553330051e-01 3.267866445968194145e-02 6.361632880282405201e-24 -4.951432840953315879e-15
-6.325774453700441224e-01 2.298561529045360652e-02 -4.916892269409817987e-25 6.287189202064888638e-16
-3.377867220511308055e-01 8.731715860940282570e-02 -2.907382654536593693e-24 7.541198358848740191e-15
-1.254130897804075495e-01 4.267864897358210341e-02 -5.545761442851365910e-23 2.610421964166426741e-14
9.027710377025297550e-01 5.051323578463474268e-02 -1.152796534890842076e-26 -4.623080652263306926e-17
3.069445068087379713e-01 -2.158001723571597273e-03 -5.702547722327374622e-23 3.321823716305916363e-15
1.657553606182322614e-01 5.027763499192558494e-02 3.879130414877817666e-23 2.842973452811221854e-14
7.374582435767320643e-01 3.534797923253266139e-02 -2.427630292923369597e-24 -5.565197409921208041e-15
6.811418842523027095e-01 -2.338352954856980515e-03 2.337110524552378246e-26 -3.273579578440744691e-18
9.315136456570647372e-01 -5.407173113893122551e-02 2.271101730494682575e-24 -1.005986340353271903e-14
-4.587501161506546410e-01 1.200036541951964020e-03 -1.475703921333725528e-24 7.144402103779323545e-17
-4.862714354166117747e-01 2.613777051656345288e-03 2.910607114482826172e-24 -3.253320775033094921e-16
3.604484836528865088e-02 -1.876458713340856468e-02 9.504303251724500373e-24 -5.653254033967847659e-16
2.074192666007861341e-01 -1.147640562815884814e-02 -4.625287881989460181e-25 9.682550109361105849e-17
-1.489232117034904324e-01 -1.622822892724699612e-03 -2.475427575146092150e-23 -5.261138612438618523e-16
6.598626237999496436e-01 1.672378513910954823e-02 -3.543912195335607541e-24 -3.439276263251825098e-15
9.680226907441369377e-02 -1.153424540003053457e-03 7.160983691999180930e-26 -7.031425984460442827e-19
-2.196395554461383348e-01 8.495465198559229436e-02 5.682533670183383961e-25 -9.324718698511309057e-16
-4.654429403936921616e-01 4.202438613791088795e-02 1.812317767387956742e-23 -3.117440507883175710e-14
1.025169315944738369e-01 -2.258052949196295324e-03 -4.413924720903502455e-26 8.985673678808318524e-19
-2.354541370303435688e-01 -5.101939358599353463e-02 -1.116004754332167910e-23 -1.178972467031290814e-14
-7.077632082275551184e-01 -4.525406429202495640e-03 5.055404632762721498e-25 1.423959032685487769e-16
-3.007128442181206118e-02 2.491240805311558185e-02 -3.615235070582588517e-24 2.381772238035564214e-16
1.729071549790861528e-01 -3.677877463363981442e-02 4.012292933576825168e-23 -2.243876002030450601e-14
-4.183652814434903888e-01 -1.046071297269755319e-02 -3.544959718281421025e-25 -1.364345075481108341e-16
-8.860111587382415443e-01 -2.807700778105934498e-03 5.061083015824983960e-23 1.107208663365518250e-14
-7.640487609605792763e-01 -2.528401247312129022e-02 1.066301756175175484e-24 1.811520263972315648e-15
2.853986809909672129e-01 -1.459828756880689237e-03 3.328401118098663945e-23 -1.219510476766647374e-15
3.285702503430496524e-01 -4.037438493440337166e-03 -5.119106218866156098e-25 5.972061884045885172e-17
-6.962440189050116413e-01 -1.050802389699291052e-03 3.740373331529943705e-25 2.406542198250657483e-17
5.381878076644908138e-01 5.303036594858289571e-02 5.136669150711415516e-24 1.289246833092101536e-14
-6.879760399458756392e-01 1.424044786416910069e-02 -4.463559339798170816e-26 3.845690014835432572e-17
9.924621666527189134e-03 2.216297056386565614e-02 -2.076802512886622767e-23 -4.017289509960200326e-16
-5.229181556149089527e-01 1.655785112495466397e-03 -1.105706847212723387e-26 8.419255581499523636e-19
3.327013774012415048e-01 1.358653731423892577e-02 -1.448877981382357250e-24 -5.759585074191281175e-16
-8.892766497041537654e-02 6.043120250854192368e-03 -2.503989880696867797e-26 1.183386729985174912e-18
-4.766351821332772687e-01 -3.352517745586854579e-03 1.314033572476788853e-24 1.846543924771687885e-16
-6.437495287095689189e-01 2.748855943283248955e-03 -3.939527510487702454e-26 6.130685572139521144e-18
-8.193482122304285298e-02 -1.855366279705477316e-03 -1.167479072025892953e-23 -1.560785688859877628e-16
-4.448019232487521180e-01 7.363863346766583162e-02 3.550316066726834062e-25 -1.022669715108229510e-15
2.595759985253327518e-01 -4.560028400065858911e-02 -2.324484357937316262e-26 2.419662028337971021e-17
8.931561377520418343e-01 -7.074673165805817066e-02 8.302680928642944794e-26 -4.613686882991199234e-16
-6.527110752993747766e-02 1.431453326617735181e-02 -1.677335513845356288e-26 1.378205937928523652e-18
-3.711168826877031535e-02 -2.308591103969239930e-03 -2.898490607087336500e-25 -2.183864189944160372e-18
1.106679867079320978e-01 -2.245462654199118294e-02 2.890028372426912908e-24 -6.315764857472913291e-16
-3.431992049830967506e-01 -8.667630871872755369e-03 -3.480190300558524070e-23 -9.104281417788593561e-15
-2.534398149501726483e-01 2.974812616293840903e-02 5.253239560764732680e-25 -3.483033599716474970e-16
3.324326054688184762e-01 2.268531292069507141e-02 1.627725261397174336e-24 1.079507071490684813e-15
3.208443091657280366e-01 -2.586323810576445989e-03 6.726372570317961868e-26 -4.908560610618506776e-18
-9.262475157064027353e-01 -1.453392720210533321e-03 -1.464784682006635728e-25 -1.734122713828077983e-17
-8.316659795526415433e-01 1.549608310625570119e-02 -1.393733947885647965e-25 1.579598643550914993e-16
-9.984256267518973882e-01 1.534454268003014772e-02 -7.770047186021073807e-25 1.046861734747093854e-15
9.718637832650223185e-01 -8.633702050200354333e-03 1.623722582744390252e-25 -1.198147501911392234e-16
7.280325545530279552e-01 2.492213612351395699e-02 1.973350923357638902e-25 3.148736996006376887e-16
-5.999200144841718707e-01 4.016409066339935580e-02 -1.924201990481306635e-24 4.077349594462768323e-15
-2.733156336732069924e-01 -5.464924020594688625e-03 2.093126762734510882e-26 2.749413959224630960e-18
-9.500228781060697791e-01 -1.329164791611462228e-03 3.634928552590699180e-25 4.036498280633253808e-17
1.949417326239100134e-03 6.735703272567453159e-02 -1.711175249626237670e-24 -1.975960501525585179e-17
6.836042282926046987e-02 -1.692714379805664460e-03 8.587628390685409671e-26 -8.738918062133614468e-19
-7.005223904680908387e-01 1.167607839143154809e-02 2.355163883333586017e-24 -1.694088741297224086e-15
-5.472167442686610705e-01 -2.528690679596439991e-02 3.942631789373592157e-26 4.797746588708367677e-17
7.522806507315327185e-01 -1.103042554600407350e-02 5.055343074088990163e-24 -3.689086115048959929e-15
-8.246236121201711011e-01 -8.398452081067037112e-02 -3.492511396890727128e-24 -2.127104601481056523e-14
-5.165892015885102939e-01 1.546009950262320319e-02 2.585593890153678535e-23 -1.815991961053618120e-14
-8.490243909013097667e-01 5.705180386437495865e-02 1.086757050002832081e-24 -4.629328652147307856e-15
-3.988073638421394396e-01 3.432922193380970235e-03 1.940374907265876424e-25 -2.336193327582699946e-17
-1.812430168920644569e-01 -1.081406872094434679e-03 -4.414360519343527211e-23 -7.608765632281977758e-16
1.775795379797235896e-01 -5.596993661150404149e-03 -8.186392918863153627e-25 7.155439639966644678e-17
3.290887768102803701e-01 1.310101192341415512e-03 -9.998060216016678005e-24 -3.790789436581295367e-16
3.252922403295359643e-01 -1.288878611749317898e-03 -1.124821886170011864e-26 4.147300258247416492e-19
-5.450712563443997904e-01 7.413104473647474935e-02 -7.281270711950065430e-26 2.587358331956969753e-16
2.432675068720870915e-01 3.487435948665805734e-03 -2.746681706252745820e-26 -2.049248753428461842e-18
4.001284397114337477e-01 -3.355189338684645001e-02 -1.884014701071686289e-24 2.224317308611429989e-15
-3.229737012255693429e-01 -3.925459363204437079e-03 1.001659261403806387e-26 1.116795505699965298e-18
-3.214576896789997917e-01 4.851392669880007745e-03 5.561436700281128528e-24 -7.627342449265950095e-16
4.629989297906322854e-02 -1.338066337142098522e-02 3.225359278048801539e-25 -1.757242631317389382e-17
-8.180680737761414356e-02 2.563059118547879670e-02 2.336375382447203829e-25 -4.308109065881511709e-17
-1.002516804361623937e-01 -8.132188857298483509e-02 -2.775511359705538098e-26 -1.989931498352077938e-17
2.656284912501831741e-01 7.557371170195683295e-03 8.933977670999321872e-24 1.577198193894869178e-15
6.171841360547754007e-01 2.503387243283501651e-02 5.196381784524744793e-23 7.060571273763101949e-14
3.673663150757566775e-01 -1.770774634261838712e-03 5.598992596816998624e-23 -3.203085399684791485e-15
1.420347617302131216e-01 2.060026012592315603e-03 -6.962990234661375230e-24 -1.791674604047179130e-16
-5.329379777729539303e-01 -4.188090172778097253e-02 -2.682142973385120245e-24 -5.264663506668727170e-15
1.412086667510505933e-01 -1.234198642023241798e-03 3.849271210047761437e-26 -5.899577744262025556e-19
-4.271999687247574062e-01 -5.853763100963936539e-03 -3.080070784707416984e-24 -6.773654681254334078e-16
5.668065728285192062e-01 -2.378990350212609444e-03 -1.440415967596856112e-23 1.708092892704630701e-15
-1.260325795518262293e-01 -1.147664387007127536e-02 8.484857204802886965e-26 1.079290286943864745e-17
8.694287058616214647e-01 -8.619913076916708994e-03 -1.993632252333945561e-25 1.313947197149441893e-16
-2.347664116842396176e-01 -4.803271845574618587e-02 7.769968523472849462e-25 7.705279349766287103e-16
-4.864965679322466041e-01 -8.838191488858596068e-02 -3.812190794765753648e-23 -1.441497243558978371e-13
4.500127777829114883e-01 5.388327973604423171e-02 -4.895806077957697852e-24 -1.043996577996027838e-14
-9.932170362361170124e-01 3.620980209008702044e-02 3.137861447414781093e-25 -9.924304365045154757e-16
1.649923022664339101e-01 -3.563332900001991554e-03 7.790593925702682168e-24 -4.027973907021297746e-16
-1.531839273054886874e-01 7.169301014630929947e-02 -1.150202913966691227e-26 1.110862941434080811e-17
7.963227215461852193e-01 -2.291306569045868918e-03 -1.370016668021500659e-25 2.198336441214384537e-17
-1.460931242969112365e-01 3.373210161094779974e-02 -5.958077603956658262e-26 2.582113525916604044e-17
-1.788666687264133248e-01 -3.014619642881714856e-02 -7.525133156329821382e-25 -3.568388513314462459e-16
-1.702178379299252864e-01 3.946371505182288270e-02 -9.737559697430268057e-24 5.752401224517450559e-15
7.818083987067432350e-01 2.438778440749207049e-03 1.942507417698464796e-25 3.257102042864352853e-17
-5.709379964706839949e-02 -1.309235585190999781e-03 1.376576435554365276e-26 9.049051897401928802e-20
9.567297295460126527e-01 -1.757531205222697237e-03 -6.853847870997865769e-26 1.013497717808546573e-17
-4.115857795442754430e-01 -9.478998125992836588e-03 -3.739799335131967128e-24 -1.283119482144785723e-15
6.643519543566855923e-02 -3.343198961988095869e-03 5.721172457715010503e-24 -1.117484427433801316e-16
7.508943352350361256e-01 -3.338850174807690002e-02 -1.823115769421411377e-24 4.019629336836994675e-15
5.679952541974639946e-01 -4.558653477391098191e-03 -6.827555213426215032e-26 1.554685360713403670e-17
1.177359392720900289e-03 3.717533867646292955e-02 -7.177108978990496777e-25 -2.762546059324658521e-18
-8.880083153140274632e-01 5.759995790423168283e-03 -3.538202455635594167e-24 1.591541173787837919e-15
-2.591305012158890975e-01 -7.604724963434298692e-03 -6.731155228985923256e-24 -1.166507816357603088e-15
-4.054197039424094484e-01 -1.420744777993087661e-02 1.534343758764798282e-26 7.772121693677832198e-18
5.655400835672323989e-01 1.169680196043307481e-02 -3.068334684061298289e-24 -1.784963164524488787e-15
2.671495010930662328e-01 6.115357823205723464e-02 1.934352349297302417e-25 2.779123372843957721e-16
9.021662654285922400e-02 1.143793575901231110e-02 -2.399536182107379403e-25 -2.177496872193020847e-17
2.944099527030388241e-01 1.630439283131244598e-03 9.081193027900645523e-25 3.833504923508525878e-17
-2.615645313495602586e-01 -9.739840232266440065e-03 -8.357987746352231215e-25 -1.872528411471197356e-16
1.113105731519612451e-01 -7.223437205222846616e-03 -1.038519224349489672e-26 7.343293072742036965e-19
7.806363597546810418e-01 6.132562379456830970e-02 9.122950188807586461e-26 3.840803193084382468e-16
3.391806250879521034e-01 8.142582245820809139e-02 7.868981763527364288e-23 1.911207008469879104e-13
3.605691228346163957e-01 -9.901981333505632810e-02 -2.409326596358493688e-24 7.564884676950030945e-15
-5.366448215729364701e-01 -5.194130954453240329e-03 1.557748752874322351e-25 3.818504004283801633e-17
-3.498298773972745579e-01 -6.659936130061553522e-03 3.377940548513460793e-23 6.921097449558762542e-15
1.458440366665378907e-01 -2.193934071358312737e-03 -1.696832811543529331e-24 4.774713338165543729e-17
2.132881470561303061e-01 4.464988543552305192e-03 -9.601759988428759514e-24 -8.041441676522765089e-16
1.318589522242610279e-01 7.029616656904934258e-02 5.929946447163106831e-24 4.833792845163019173e-15
-4.488649697484980994e-01 8.964396856721353057e-02 -2.749235617678729731e-25 9.728474622066215296e-16
3.042003025045276754e-01 -3.000020504407091559e-03 1.560426615746724950e-24 -1.252342774124361039e-16
-6.440663583000660886e-01 3.761507868843605874e-03 -1.911759991019780000e-23 4.073070794317778488e-15
6.010310801840366146e-01 1.820550437014559556e-02 4.955074759082983351e-24 4.768105513950576075e-15
8.180123104012524404e-01 -6.333706579304310136e-02 -3.833599005959404379e-24 1.746708620373869375e-14
7.301679000906968753e-02 -3.484438156478383061e-03 7.218637612290322059e-24 -1.615127224545174242e-16
8.605514156232054734e-01 -6.094183655176498536e-03 9.696003895069263069e-25 -4.471787349579186410e-16
4.759877240503957996e-01 -2.652188232917730877e-03 3.929234850310467309e-25 -4.362185037497687179e-17
5.875110516154651297e-01 4.165092868586214685e-03 -1.764943411642226639e-23 -3.798109798693626362e-15
-1.110398431711445699e-01 -6.393702850887833522e-02 2.306779414198903450e-25 1.440234982892998892e-16
4.097493229991278074e-01 2.629695841490559127e-02 6.861227373306992362e-23 6.501619902670799652e-14
-2.366081283532510682e-01 -1.303756006480245866e-02 -3.272614588073210205e-24 -8.878034834354955674e-16
-1.315523992164586708e-01 -1.996576235580119988e-03 5.762981422807270429e-23 1.331152740402861448e-15
9.274433710793341668e-01 5.812639333184742296e-02 -2.202374575694197278e-24 -1.044114105799802455e-14
2.892377201869604786e-01 4.564565768538219638e-03 -3.300166072018949488e-23 -3.831653196787625142e-15
8.740253035499807588e-01 6.425265331366386036e-03 1.503838497215622009e-26 7.426980284761821249e-18
3.881645510347719874e-01 -1.362239505240139554e-03 2.980032649226475964e-23 -1.385754713347214746e-15
-4.872496498442056012e-01 4.528748089031920700e-03 1.289181676955968067e-25 -2.501726472177454297e-17
-9.648984880411306531e-01 4.403045114139308644e-03 -1.191223743107405061e-24 4.450656763294951322e-16
-3.858740645878742104e-01 2.058728223517646786e-03 -5.097209552784709586e-23 3.561009208926533068e-15
3.299964573031450854e-01 1.658592600356222427e-02 8.431243633821896733e-23 4.058229844952491350e-14
2.467678134335731244e-01 8.601465849419918930e-02 3.267098179282246432e-24 6.098445798087565584e-15
-5.419209415281074360e-01 -5.714051943779562687e-03 2.802012606623370591e-23 7.630380638567407134e-15
5.637930078138129186e-01 2.513546498433230202e-03 -2.237198602215361227e-26 -2.788092311351825100e-18
-8.996163321968171367e-01 6.653918757675040749e-03 1.109241500061993441e-24 -5.839248193526856398e-16
3.801677051759135839e-01 5.724366655435764520e-03 7.156553369449438129e-25 1.369627852697808424e-16
2.299611053444201580e-01 -1.419737445631677735e-03 2.343490173973621395e-24 -6.728551204292209618e-17
4.682196956854607350e-01 -1.237495742946516201e-02 2.340965827987576927e-26 -1.192846241461359079e-17
9.917583395514404376e-01 -4.254051765204905529e-03 1.328394978956132770e-23 -4.928694016468468610e-15
5.327004592129847005e-01 -2.178903157048579439e-02 1.293365323879777081e-25 -1.320195392224716314e-16
-4.003468830967782388e-01 -2.025119436858273218e-03 7.722762544044229812e-23 5.506248095352829315e-15
-5.569908453815057836e-01 3.636969211930732998e-02 4.013275246764516236e-26 -7.149614548153373207e-17
-1.344637092876732609e-01 3.115727878477956084e-02 2.692502521632435957e-25 -9.920115455019395614e-17
1.405345751378015429e-01 4.600975988485703216e-03 -1.505922979943527285e-26 -8.563117685748054176e-19
5.434619192251917141e-01 -2.869660883876781754e-02 1.619098974354904883e-26 -2.220593652651397376e-17
-4.500188648606884279e-02 -5.790055469919236017e-03 5.891003613181355309e-25 1.349891098973163399e-17
2.555891262221472449e-01 2.804675182255485927e-02 1.966315541393460419e-26 1.239578848261815577e-17
2.500294794700825829e-01 -2.392089850680939340e-03 -1.107350777931943423e-26 5.824382932538549029e-19
4.080375784932950278e-01 -2.327903339593710881e-03 -2.957240154869452361e-24 2.470288632473386696e-16
-8.494498024066625685e-01 1.407933799906492273e-03 -2.587076939287416384e-25 2.720979688032821810e-17
7.546143153802196135e-01 9.662875269687945523e-02 3.382667466287230180e-24 2.169135690246418895e-14
-4.958546437409621088e-01 4.891505442883309872e-03 -5.468913813649322092e-24 1.166524878662302511e-15
6.450679405597374849e-01 -1.449554855622934083e-03 9.985055394477834409e-23 -8.210821148079670537e-15
3.813059793602626701e-01 4.406722872013894843e-02 -2.049890253973746658e-26 -3.029116427362413346e-17
3.194026231322544263e-02 2.780409134185053872e-03 -4.327050609552797574e-24 -3.379365454533481989e-17
-9.888845921982225562e-01 -9.942807271093522317e-03 -8.469732972706987497e-23 -7.323528065486269776e-14
-9.527855001841833982e-02 3.753207850523269246e-02 -3.215886470317492313e-23 1.011333665159738908e-14
-6.436533937008042106e-01 -6.725918472668676595e-02 -3.783906670242861057e-24 -1.440588947844807746e-14
-9.479839340174061046e-01 1.423635834493760903e-03 -3.738277415246843973e-23 4.436775107360219348e-15
-7.073679424102972124e-01 -3.260963873372382110e-02 -2.156727550371086063e-23 -4.375046243853042324e-14
3.658663646669784164e-01 1.196055333895476927e-03 9.911964647819823289e-26 3.814428705916044938e-18
1.091505024025047899e-01 -2.080286718931625284e-02 6.075676700931785529e-24 -1.213220086200497208e-15
1.752576942200620991e-01 -4.240411433786618091e-03 2.264058356267488306e-26 -1.479683078955334955e-18
-1.061316748732876736e-01 -2.267113335422584527e-03 -1.921502917206620489e-25 -4.065886938651282972e-18
-4.888690056126534511e-01 -1.617344506114460137e-02 -5.544595593466131606e-24 -3.855324313883629006e-15
-1.529048097691605435e-01 -1.013990515396645010e-02 -2.924189865963150447e-24 -3.987095219220363359e-16
-2.718287897208297998e-01 1.325002930293436723e-03 -4.463386218238362826e-24 1.413750458118905126e-16
6.926523068255474591e-01 8.103038045580211735e-02 -1.867309500149838964e-26 -9.216700391127209697e-17
-4.138535798707565494e-01 2.033272475322296310e-02 -2.284524796283585540e-24 1.690573956834207168e-15
-3.053365072865030783e-01 -5.395646951814662973e-02 9.432374513704871783e-26 1.366593324847576620e-16
-2.029767393465302661e-01 -1.386250275356211425e-02 -4.258594405525860403e-26 -1.053780594273670210e-17
-3.714596522272934909e-01 -2.376303723328149209e-02 1.130355581389846411e-24 8.774546497387098822e-16
-3.839188317677084683e-01 -5.061764286246372979e-02 -1.864795467253984527e-24 -3.186900746262318694e-15
-2.750217562926551285e-01 2.270295180421916421e-03 1.733514483807422994e-26 -9.518595100041857498e-19
-3.453470051872842284e-01 -3.565259943144103057e-03 -2.826455427492353458e-24 -3.060448215734604914e-16
-8.792882258048710931e-01 5.525682847986702201e-02 2.151404956977125404e-26 -9.192536808498849920e-17
8.678918672373456822e-01 -1.856638528625461628e-03 -9.567287262707189467e-26 1.355744314239042625e-17
1.762915094138195471e-02 -1.584939650039701589e-03 2.826511313498887572e-25 -6.945297523949717514e-19
8.528116506914091843e-01 1.396405978248358923e-03 3.138961380556402692e-24 3.287356447422156768e-16
-5.497295258355032743e-01 3.830035108776294692e-03 8.358223220283106002e-25 -1.547610915963138324e-16
-5.063636277197747226e-01 6.967280426237688895e-02 -6.927510010461973440e-24 2.149309487560434699e-14
-1.138597081412358047e-01 1.928581612116140069e-03 -4.417344989215896395e-26 8.530321639226646911e-19
-2.712975582703469613e-01 -5.385708264613749824e-02 1.414000490629358811e-25 1.816913576863523919e-16
-7.331690967102943990e-01 -6.941812942163571448e-03 4.184388693760105412e-23 1.872858981722015290e-14
1.914342476697703521e-01 -1.566119134205169044e-03 -3.043830733706292618e-23 8.025293598069025917e-16
-2.978641250007367791e-01 7.460752345665357631e-03 3.688839224626049176e-25 -7.209191322392547938e-17
-4.218835953323241128e-02 1.959904381191721404e-02 -5.857094034422076311e-24 4.258981161733415760e-16
1.415049804735741823e-01 -5.088369623783449425e-02 1.901797509605687170e-26 -1.204233353877355279e-17
5.206791255428411258e-01 -1.418172377862800173e-03 3.293023343038590684e-24 -2.138405184356277818e-16
-8.394693228425542664e-01 -2.935920288629533751e-03 -6.095248210738979282e-24 -1.321102414353264485e-15
-8.619407396186262726e-01 -5.958297345441126991e-02 -2.293091601317066175e-25 -1.035659479743573905e-15
-2.207250914295431077e-01 -4.383227186814251525e-02 1.619115163724160326e-25 1.377588240981063550e-16
4.592246944039148904e-01 2.726628272793784995e-03 -2.189805222588628184e-23 -2.411307822383532307e-15
5.811483290632026844e-01 7.615277252566731575e-03 -2.708401561105173781e-25 -1.054099891730546261e-16
8.824396730486672169e-02 -4.019928158563799980e-02 2.444975389670808335e-23 -7.627352346225237411e-15
8.707208251169740176e-01 -6.681772343265899097e-03 2.764812415322735318e-24 -1.414595517388481267e-15
-6.549223343159120692e-01 1.296123588676746825e-03 2.624696075404097062e-24 -1.959346465852093701e-16
6.789387325808140528e-01 1.967498690528172653e-03 2.229895491889643940e-26 2.619543092545537191e-18
5.267456941070014498e-01 6.665216836340971153e-03 -1.350784650081987234e-24 -4.170589004941909046e-16
-2.964585637991217215e-01 1.463139776792405505e-02 -7.238318914425177415e-23 2.761108873503650118e-14
-9.278653653851491878e-01 2.070356709047838778e-02 -3.377241171637841952e-24 5.705427846727724199e-15
-8.720556949408446723e-01 -1.126140970684315562e-03 -9.122273314631069746e-23 -7.878364356207378925e-15
1.610224340734234261e-01 3.425768120524891758e-03 -2.547190150911162033e-25 -1.235667766980442615e-17
2.853175306194950522e-01 1.468293460904984823e-03 -3.843440300959517675e-24 -1.415981115297869176e-16
-4.360838134686364498e-01 -4.240098704210069035e-03 8.617642814406398208e-23 1.401297745037715798e-14
-7.865285793066092435e-01 -1.614420244540176611e-03 -6.723622868985056622e-23 -7.508106921275956680e-15
-5.602189808809030502e-01 5.489442057887511384e-03 1.381758866058885588e-26 -3.736924166349244146e-18
5.099779944469726711e-01 9.626546463673966991e-03 -1.889467254451172128e-26 -8.157504426365110046e-18
-9.673427965038872145e-02 -1.854777024464358132e-02 -1.446408872773045886e-23 -2.282228829185028020e-15
7.724679990299581078e-01 4.850224867655055644e-03 -9.224545541578222532e-26 -3.039368447289360931e-17
9.165511415168419163e-01 5.636528096005233995e-02 7.044782479953835890e-26 3.200604173119166689e-16
2.726359191290461670e-01 5.546294366999452580e-02 3.584803681390066598e-25 4.767024298152368364e-16
-8.480736610081389681e-01 -3.662656207390928981e-02 -1.465928798121009847e-23 -4.004410653686218389e-14
-8.841711280295052600e-01 9.970820084455756654e-03 2.449245384227452152e-25 -1.898871200040784760e-16
-4.327807651334485417e-01 -2.405612715692623336e-03 -1.675530914723561225e-25 -1.534059154659447320e-17
5.037712506375120469e-01 6.703164293506901246e-03 -3.566146888283030296e-25 -1.059030508470330843e-16
5.854212691638496224e-01 -9.455817887609047068e-03 -3.169749195504986648e-24 1.543080193878447051e-15
-4.418060166954813628e-01 -6.583635622265623932e-02 -2.190396738853628215e-25 -5.602942904611778430e-16
-6.689475132011566405e-01 2.760728523445160967e-02 -2.471397967348845233e-24 4.013788011043033123e-15
8.473005838770344411e-01 1.990643813320648950e-03 7.491790332356545028e-25 1.111252315921139754e-16
1.722751848409658226e-01 2.595948518526163679e-03 -9.705544016641516787e-24 -3.817110074651707164e-16
6.140825172113828501e-02 -4.215523667361472174e-03 -5.984327202458494916e-26 1.362352825432655775e-18
6.106820330985418543e-01 2.957196550532449533e-03 1.323966546869855931e-24 2.102656576319855071e-16
-3.025344509536549431e-01 3.847919916884118968e-02 6.411325634305514149e-25 -6.563639161896145367e-16
-1.381853510692736542e-01 -1.251134044311620272e-02 -4.701092562917831097e-26 -7.147606756320231648e-18
-4.955767038253280354e-01 1.429107816248626189e-03 -4.140280461883662627e-26 2.578704860137586801e-18
9.057418897117071044e-01 2.140919984044616000e-03 -1.693604732308329381e-25 -2.888104803193057526e-17
4.776267456365386188e-01 -1.893991351208532820e-02 -1.702749528664810287e-24 1.354607258924603354e-15
1.483595022478501058e-01 -7.026630253401813277e-03 -6.383428377634431704e-25 5.852109707369586849e-17
-2.594830944412960250e-01 -1.021557018209947199e-03 4.644971408166972260e-25 1.082806179556770122e-17
4.327629987663619282e-01 -2.767628199411668877e-03 5.985028211167714838e-25 -6.304056119998655866e-17
2.802735170826902156e-01 -8.899229286033448483e-02 -1.978445619598601925e-26 4.339648734331283329e-17
-2.178105128985670103e-01 3.315455364012938853e-03 1.965017627553327475e-26 -1.247913474399297606e-18
4.932142052550780864e-01 3.420989090782403791e-02 1.420990483518817744e-23 2.108504029972113284e-14
8.991640311929893770e-03 1.828522138604175493e-02 -1.554055208445268720e-24 -2.246992341180372783e-17
5.468650532213279458e-01 1.214116368292387019e-02 3.799770175143857659e-25 2.218675641053775375e-16
4.068701088505823904e-01 6.069631378129961181e-03 7.271761213907732736e-25 1.579260274325702996e-16
6.715252082648226484e-01 -5.916497508070874163e-03 -2.774293990333527760e-24 9.693385564379486283e-16
2.490670710173819025e-01 1.013584291499932798e-03 3.744740715625233102e-24 8.313692130433315790e-17
-9.704778750761047235e-01 4.968266612673630928e-02 -1.330202755850406359e-24 5.640328203697547471e-15
-7.080118798628105559e-01 -1.359999090067865032e-03 -4.915153221468795843e-25 -4.162097251878852455e-17
-6.499074804950579765e-01 -5.425497095157924554e-02 4.311311238557928836e-23 1.336892379038522013e-13
-6.423251189087004764e-01 1.040857340378974856e-03 8.881004242520166892e-26 -5.221607135035307382e-18
-6.678520237178962038e-01 -2.469455339079104379e-03 1.732562385545199444e-26 2.512848492132587385e-18
-3.963669243090215399e-01 -9.495127310847424618e-02 2.075819270754844788e-23 6.870427143246425888e-14
-6.030725833263514968e-01 1.771712536262881957e-02 8.036965596079861226e-26 -7.551808228582165614e-17
5.799546639082904242e-01 -1.458098422134420855e-03 -5.445614803930670389e-24 4.049708875418729236e-16
-4.890022413085923780e-01 -5.610470426477271247e-03 -3.957999815074344851e-23 -9.549527794159146840e-15
2.884203510026930317e-01 3.418250079558127208e-02 6.520797709877628441e-23 5.653618007031197197e-14
-9.515054335615040770e-01 1.311518907754522173e-03 -4.679549085491383218e-26 5.135536688222771313e-18
-6.982338834550241291e-01 6.819651234781244631e-02 -6.672809773349138067e-26 2.794266535706281641e-16
-1.570434749966835852e-01 -2.236163529786724252e-02 2.944113493342685653e-26 9.092305191866836820e-18
5.761363108786687892e-01 -7.087322301844711618e-03 -6.441644569447230034e-24 2.313130786888772462e-15
-7.724199060434280284e-01 -2.467408121583287203e-03 -2.004093086091705341e-25 -3.358987111589240048e-17
-2.207731544322570905e-01 7.731856480236634632e-02 -2.865634562264111298e-23 4.301766704372084200e-14
7.050801366938621584e-01 3.630888885289530570e-03 -9.258720257422942370e-24 -2.084483210641093567e-15
4.332821664507711112e-01 -5.062640542471249366e-02 1.311300291137073570e-23 -2.529566288918253184e-14
-6.044402482014512579e-01 1.460302454991290605e-02 -9.099814880872422187e-24 7.063578050903412036e-15
-2.427827619584874697e-01 -4.334962059240380326e-03 -3.269073816847489813e-25 -3.025686141479870883e-17
-9.462807047745005473e-01 1.985190607396783435e-03 -1.211947894157201695e-23 2.002175511012473927e-15
8.946737712040575552e-02 -3.565639640476195738e-03 6.785555704669906861e-23 -1.903634536016941994e-15
4.868286699574670973e-01 -7.796344607873770260e-02 -2.032973573457226863e-25 6.785703937399323876e-16
8.825193581241672636e-01 -4.122545438321293353e-03 1.554064264365944456e-26 -4.972269571213942494e-18
-2.780081770897331328e-01 1.275203813029103343e-02 2.949425705123222029e-26 -9.195400173268004996e-18
5.412866356326493378e-01 -3.704979521607110887e-02 -2.482130261824362566e-23 4.377575913909337217e-14
9.408010678238720725e-01 -3.750848565262646355e-03 -8.672877589269195158e-24 2.691451444307936783e-15
-2.578168199177497399e-01 -3.094339487000935529e-02 9.637968908815776240e-25 6.761775195313409187e-16
2.301912701328128197e-01 -1.962213914609065718e-02 -2.074948421879438321e-24 8.242111897692536677e-16
-8.936766255307286855e-01 4.207038868532679554e-02 4.738962198036116990e-26 -1.566881554892016872e-16
-5.673630435185710308e-01 -1.429352244340921854e-02 1.300288230735869824e-23 9.273334883325781039e-15
-6.377710986415727756e-01 -4.694782950584504982e-02 1.009276731415936843e-25 2.657581639459232089e-16
-6.680520548207484754e-01 3.006849016174402336e-03 -1.244904333727694593e-23 2.199145198395393737e-15
-3.408903272630166015e-01 6.196234663899790468e-02 -9.378877791204920821e-25 1.742165513773203245e-15
5.016551649722444939e-01 -3.022143714526780763e-03 1.844206721634286314e-26 -2.458815837581006305e-18
3.322991719101093810e-01 2.994771242416369161e-02 1.242378312407880556e-26 1.087283443707580784e-17
3.305087310017129631e-02 4.255584473594355328e-03 1.708831591362418687e-26 2.113671136979536558e-19
-8.995956125157611449e-01 -5.476073688997180888e-02 2.835909133499005867e-24 1.228584194494059928e-14
-1.613187440491143931e-01 2.023401772415759584e-03 5.883241070144649396e-24 -1.688805376165988895e-16
-3.992617069805761698e-01 2.194916063544685020e-03 -2.509285796242340418e-25 1.933845190642004807e-17
-2.645267778088955524e-01 1.798491050320696980e-03 1.005262182700401105e-25 -4.205845046405318967e-18
7.394742420866557975e-01 1.247398482195681557e-02 -2.876986535958029750e-23 -2.333791705416026242e-14
3.383211490327016069e-01 1.899476336592457668e-02 4.998668165081061042e-25 2.824966761056410794e-16
4.994244281805417796e-01 -2.471070762781433193e-03 -2.788878559357995553e-26 3.026777989194408943e-18
7.927892738703645747e-01 -1.378961346343581321e-02 -2.194169760809203518e-26 2.109483263848023935e-17
8.231808814410457309e-02 1.124502129996147624e-03 3.071217174733303618e-23 2.500127089253679694e-16
-3.248556573026619709e-01 1.026773819420886318e-03 4.689349062971614629e-25 -1.375541770284574561e-17
5.250646291037077695e-01 -3.511684152556299177e-02 1.009077023530153209e-23 -1.636245739184499115e-14
-8.610000538046826968e-01 -1.941596442202316031e-02 8.154187641105453178e-25 1.198778230019290065e-15
5.380480636323539123e-01 -1.114568977825624620e-02 -2.129716785346323665e-24 1.123170990586266718e-15
4.199747005306262437e-01 5.417940409062107533e-03 9.614009379924337525e-25 1.923791027766111636e-16
2.830383174339690111e-01 5.588144191154982565e-02 -3.143214393201124063e-25 -4.372027071027781534e-16
9.110912561682718014e-01 -5.495463551902717014e-03 6.378638162707110854e-25 -2.808601850798580741e-16
6.209853890796075415e-01 -8.464094330696871060e-03 -1.085512684702843097e-26 5.017562372954354879e-18
9.897823416966042842e-01 5.810796001284358053e-02 -1.342310136478870875e-24 -6.789287513022379333e-15
3.397481650946287957e-01 3.757552966972487266e-03 -1.718448094461742332e-24 -1.929277281545996646e-16
2.760281766636869527e-01 -1.502241486212897194e-02 -2.375861798277498711e-24 8.663838395145019533e-16
-9.841145994884612502e-01 -2.576963652081382637e-03 -1.520511694611392187e-24 -3.391093252090159202e-16
8.926008230139199640e-01 -3.806083324713367775e-03 -5.697678928338566396e-24 1.702274320371189783e-15
1.728005950608673125e-01 4.547971456644679666e-02 -2.013932536239973539e-25 -1.391886692364727637e-16
-6.161949614378343654e-01 6.789455568439865807e-02 2.191211187425156206e-26 -8.061824326114673009e-17
-6.687183174732425073e-01 -1.151520861245074884e-03 -9.643149673829451851e-23 -6.530251951293600544e-15
-8.643216920439014128e-01 -2.567843804893011825e-03 1.442957502745710520e-24 2.816394949969847954e-16
3.828517617193269995e-01 -8.747505591029619554e-02 7.800386426604161174e-23 -2.297349111832610742e-13
6.016623398090559238e-01 -7.134593595004221946e-03 -6.744080836201885810e-23 2.545897036008877717e-14
-7.650490811477963504e-01 7.800758896991120787e-03 2.601287385529725458e-24 -1.365244665363398067e-15
-2.310370878635228387e-01 2.098816930893777216e-02 4.015149046840862175e-23 -1.712197791312894360e-14
-7.105485300311116248e-01 2.293595122957417867e-02 -8.357263755285579384e-23 1.197762221270714884e-13
-1.381317534862960272e-01 -6.492421733219585697e-03 -3.216333043541267619e-24 -2.536630795763650801e-16
2.004870422353903781e-01 -1.251479509477906047e-03 -3.447544428738819751e-24 7.607043926399195324e-17
5.036094925517446974e-01 4.315882839046061847e-03 6.370803130043521428e-23 1.217737665399580343e-14
-8.331674595562352792e-01 -2.272366521638127714e-03 -3.528084191833353966e-26 -5.874157983746026799e-18
-4.238957508295460030e-02 1.010584448298492647e-03 1.442070597928894093e-24 -5.432680897616764916e-18
3.847659986268550103e-01 5.940600300440016489e-03 -6.903746835733313453e-25 -1.387739267516373822e-16
7.655726320907065841e-01 8.662692254646189166e-03 9.183840076435756390e-23 5.356234700954936447e-14
8.382794498931638305e-01 1.157808446257802514e-02 -6.982780961811174724e-25 -5.960050679553241012e-16
-3.498872595349336034e-01 -7.160971859830015697e-03 2.849853700909464867e-26 6.279407422493426207e-18
-9.340978237879185020e-01 -2.776508288264398910e-02 1.890086062305193629e-25 4.310909586814786492e-16
7.036549689435522836e-02 -5.508702219784699858e-03 1.995706432734480814e-25 -6.803019455803002017e-18
-2.945003182135337294e-01 1.881282093371436370e-02 -2.127050776160795830e-24 1.036366933413531375e-15
6.678403297505886016e-02 3.292519813333119431e-03 -4.983573936144670870e-26 -9.636913150443844017e-19
5.874076499793323691e-01 -1.270269640851389575e-02 6.622392527810513809e-25 -4.345566859290733485e-16
-4.636491369677684382e-01 1.297785613158298525e-02 -3.440605672969919794e-25 1.820636782338622355e-16
9.113927563174011315e-01 9.214610990778210331e-02 3.087642551355551181e-24 2.280371453748255701e-14
-1.333252711747636710e-01 1.780501372558654588e-03 1.051431813240953005e-26 -2.194986745939121619e-19
6.286240540184517833e-01 -3.353003757939510693e-02 6.661668333648057451e-24 -1.234821100741471127e-14
-8.861398657930878997e-01 2.546573868882991490e-02 1.756490684271337743e-24 -3.485783457901414418e-15
4.574211255398255016e-01 1.444958788706717304e-02 1.198710370822041107e-26 6.967579650691165066e-18
3.748153430717535706e-01 6.093218858667960591e-03 -4.500604520374037623e-26 -9.039220704132764943e-18
-4.538723620267808290e-01 -5.083364422820274391e-03 -2.951317049139591578e-24 -5.988207623623775911e-16
2.057722945763851286e-02 9.414724648552473193e-03 1.171899972274183748e-26 1.996554030581451492e-19
6.601190473411404636e-01 4.079275932271780002e-03 -4.572771641788085517e-24 -1.082881318447464463e-15
-2.962794929253220744e-01 -9.921096362418776321e-03 2.967361949982915241e-25 7.670572593869169614e-17
-4.756275613348972531e-01 -6.501218191743950159e-02 3.852081837120700729e-24 1.047498139397350285e-14
-2.051679916042628005e-01 2.032992003312459207e-03 3.395929049262378084e-24 -1.245661052702189111e-16
-3.173945891374110317e-01 3.896545437174711753e-03 4.539747582394981752e-24 -4.937498423389193513e-16
-1.942563464030788722e-01 -2.239518574663996748e-03 -4.547098715719282638e-26 -1.739643537454566426e-18
-9.342909068112930093e-01 2.161497692148551045e-02 7.175819357148385511e-25 -1.274395988746983685e-15
-9.330158065935254541e-01 -8.856128606068555675e-02 1.968720705910406661e-25 1.430582885996017297e-15
-4.033956241197673709e-01 -5.008273439050736457e-03 -2.727122762822853280e-23 -4.845291430746223791e-15
8.313151216695822132e-01 1.309661065130349840e-03 -9.741639701450233903e-26 -9.327229444702971564e-18
1.434394825805940243e-01 -1.277550695457902070e-02 -1.051672386308081093e-25 1.694818999056218749e-17
3.926952517858119940e-01 2.877177009810848608e-03 1.811643096990432304e-25 1.800076139891229452e-17
7.262424357737073954e-02 -9.063792814831860001e-02 -1.785190719342310562e-23 1.033408935403661306e-14
1.021421856388335936e-01 -3.976524667220437265e-02 -2.199742889662388980e-24 7.857361786620741766e-16
6.884615279957457812e-01 -5.006353815036938826e-02 -1.159196117228119173e-26 3.513614687441661254e-17
3.018199731317812162e-01 -2.997640623981431135e-02 2.161859886252573115e-24 -1.720089660462770827e-15
-9.421875676356035179e-01 1.424224709400701699e-02 -2.305207486845017938e-26 2.720331981439253853e-17
-8.768195286054609738e-01 -1.651836483160843642e-03 1.237649347177224023e-23 1.576416185414950088e-15
2.649605120859961360e-01 5.906908190795415875e-02 -1.650121012479385409e-25 -2.271188446077783989e-16
4.913922685531395551e-01 -7.659287961309199644e-02 -8.443378106267166487e-24 2.794659847340018816e-14
-6.368658549764827370e-02 9.343306798210380612e-03 -5.217369007571647175e-25 2.730210478867664466e-17
3.716571678818587632e-01 -1.040158544676972503e-02 6.083859226641183002e-26 -2.068317521132626166e-17
-3.925251972476664353e-01 1.283553659849149707e-03 2.287661726987275985e-23 -1.013606475994944073e-15
-5.439200369589116679e-01 1.337748155864427633e-03 5.302849363521718769e-25 -3.393241027404650782e-17
-8.796266155544407717e-02 1.605512023781717132e-02 7.765391319532617802e-25 -9.644312414051157639e-17
-9.700390681654635916e-01 -2.207545705225714625e-03 8.591198717730163701e-23 1.617888897169425854e-14
-9.577793078631253731e-01 -9.241868176720431996e-03 3.290313733327649301e-25 2.561288681038708925e-16
9.284986719464793925e-01 -2.766109936768465505e-02 -2.475302261728811752e-24 5.590812952883286693e-15
1.672838104919824875e-01 -2.215656741422923365e-03 -1.854063622162703831e-23 6.043339942654927661e-16
-7.725318411609927161e-01 -4.638513935245776147e-03 5.603958048113987217e-26 1.765981420149139005e-17
2.183707677461337315e-01 -2.207303956083346563e-02 -6.633559216746221593e-25 2.811895996145817534e-16
4.871384190848309093e-01 1.304588655015181823e-03 2.218329054101569869e-24 1.239789481719167994e-16
-7.215432423120227146e-01 3.030641861140156990e-02 -7.510160403890078210e-24 1.444249395728359396e-14
4.139932770753276259e-01 4.762831586018460850e-02 1.733113149993979525e-23 3.005255713538661432e-14
-6.117115689262364597e-02 3.915047394925365472e-03 -3.565064821191001362e-23 7.508395644914289360e-16
-6.535478681963908798e-01 1.975946172059110141e-03 -2.576742915201804611e-26 2.926305090938781064e-18
1.192457344633561789e-01 3.087843545374322363e-03 -1.583027569763114825e-26 -5.126047416481525683e-19
4.881118839935005838e-02 6.673983804812566936e-03 -4.176615979183797384e-25 -1.196534088719288960e-17
-9.805788552415635184e-01 1.227746405182021140e-02 -1.627606643087354818e-26 1.723203822671723633e-17
5.870849761266754285e-01 1.291137478389868228e-03 2.001936437463280768e-25 1.334503567213270960e-17
6.106653855763142236e-01 5.906620627639192801e-03 1.086569836900496649e-25 3.446640814009157653e-17
-2.687284785502914719e-01 -1.052102360348133783e-03 -1.257195169396012869e-24 -3.125866255524428870e-17
5.995347756678020001e-01 -5.381710125184475252e-02 9.098361317700228097e-26 -2.581629177926499477e-16
-9.397336807313827478e-02 -4.441034123744230962e-03 -3.063988423476949214e-26 -1.124532530344537156e-18
4.261260162387310313e-01 4.557443718914231529e-03 7.742085345340743628e-24 1.322249218208771291e-15
-5.205309086414457997e-01 -6.167853098974090953e-02 6.768120491127211068e-26 1.910929329533405187e-16
2.128780265069774025e-01 -7.457978976208977373e-02 5.633314424945442425e-24 -7.865240062729125019e-15
-2.095683787180813162e-02 2.862561622306926921e-03 1.457213616152321818e-25 -7.687760038201475947e-19
-4.518529668456721105e-01 -2.172962258917361666e-02 -8.898180169114827500e-24 -7.683277461717757388e-15
-3.737645712441077794e-01 8.171472238048645143e-02 1.898867713871098114e-23 -5.100222852767596364e-14
6.434922519150636511e-01 1.727179336596584283e-03 -8.797853078388535506e-25 -8.599109141123439913e-17
8.700996464171428801e-01 6.239479432455753011e-02 -2.282197057018153378e-25 -1.089598485610282786e-15
5.067659417462835325e-01 5.264551199964830758e-02 3.382842527629805832e-24 7.936820444311521030e-15
-7.003246956148556635e-02 -7.101080167865655990e-02 -5.737884179971798068e-24 -2.509410060960536637e-15
-9.858621618111984564e-01 -6.763720472057073441e-02 9.451705488768105010e-26 5.542529718006798766e-16
3.903031752655665709e-01 -4.625827148372882447e-03 1.028863858884466331e-24 -1.633598768425176942e-16
-5.465222529904361082e-01 -2.102917454659372371e-03 -7.034656224177939641e-23 -7.109989426858791664e-15
4.289985970824206074e-01 -2.442195649653951597e-03 1.237619360233107186e-25 -1.140300776434504477e-17
-9.508369937381648818e-01 2.282341680927423618e-03 -4.880918750771112792e-23 9.315031127339049120e-15
-6.851040345155552380e-01 5.178734502957207074e-03 -2.504219371589860933e-24 7.813552648739253392e-16
4.149042317983258066e-01 -1.070297265399265500e-03 4.793662828300091873e-24 -1.872042759932229247e-16
-3.511294003911784589e-01 2.701031387184182724e-03 5.993533806134012057e-24 -4.998915381974399558e-16
1.704739758528885929e-01 4.768131545161480994e-02 -1.650281833682760320e-26 -1.179669735580994401e-17
8.032405598034970673e-01 -1.386897398357562691e-02 5.772219339471818063e-24 -5.654950262847588354e-15
-6.896917709961827292e-01 -1.012496895629552392e-03 6.950403531146070288e-25 4.268298312778158828e-17
-6.948597073182061212e-01 1.173717038612685217e-03 7.247664019153084572e-24 -5.198219224895387016e-16
-5.495357131354645652e-01 4.945850845307681390e-03 -8.234039880050357656e-26 1.968094297216652553e-17
5.834738208386760494e-01 8.105069548398384505e-02 4.355929332958611410e-25 1.811569276661847617e-15
5.250582925109155141e-01 -7.768448682924477232e-03 -5.123640920006406360e-25 1.837877279660232919e-16
-1.132318917252699286e-01 1.074691733771770139e-03 5.780974666379785802e-26 -6.186567245945368078e-19
-8.364333606517335706e-01 9.219223073012889486e-03 1.630824100991431211e-23 -1.105932933109370191e-14
-6.768267105038310305e-01 7.190859782861053727e-03 6.736665747556635686e-25 -2.883362924085110129e-16
-6.681191857954174029e-01 1.002561437789768967e-03 8.192935005052564732e-26 -4.826145923847336354e-18
-9.077754185687367805e-01 -2.648361389225198197e-03 -1.055877420557902406e-23 -2.232364816613750046e-15
-9.726357671338046185e-01 -2.944768839675748068e-02 -2.009342470090206272e-25 -5.061175639340391519e-16
6.180125672624008359e-01 8.529129680785989959e-03 3.318480891105447715e-26 1.538286914518941794e-17
-2.531700047855478530e-01 4.924619627673839858e-03 -3.242371549250440228e-23 3.555033698414203241e-15
-6.258883377072448351e-01 -9.661090528501599384e-02 5.598951550891364656e-25 2.977321412192126297e-15
7.073391342739465681e-01 -2.473590308396090773e-02 -3.641376496931339440e-23 5.602953810911058619e-14
-6.539886460786885625e-01 1.437181354618890378e-02 2.518968093737944857e-26 -2.082094561263226122e-17
-1.711379362402996041e-01 -1.162990951814848973e-03 -1.813326643540532709e-26 -3.173910451920544351e-19
2.757497321900337361e-01 -2.327745761179620190e-03 1.725977783558983107e-23 -9.742756432554586832e-16
6.373103290376644914e-01 5.310307017799661272e-03 -9.022371112420724766e-23 -2.685265765488884241e-14
6.468161278773358891e-01 -4.161002241256362560e-03 1.213494984826394128e-23 -2.872187422281795065e-15
-2.125520113416665691e-01 -1.328963304617682833e-02 3.164317488423636723e-23 7.860573992932849085e-15
-6.082503117981807872e-01 -3.632170038490593195e-02 -7.527035561576473039e-25 -1.462407750450977229e-15
-6.330074562604037780e-01 -7.470255501525719689e-03 8.157966293659947895e-25 3.392518218746020274e-16
-3.907720774694869448e-01 3.137861208129938233e-03 -8.472114457885779751e-26 9.135768136361761694e-18
7.575162051857144974e-01 -2.138682393688299405e-02 4.008955728423920595e-26 -5.711701238402640262e-17
1.738490279223849910e-01 -1.778179062633702869e-03 -1.658480430187628706e-26 4.508728771803503898e-19
-4.915826312934103992e-01 6.333768475109619045e-02 7.159205867027301322e-26 -1.960286573413632249e-16
-9.310535418179692879e-01 -6.601367681274994403e-02 1.619692794075825456e-24 8.754618580271764665e-15
-5.048068778884242658e-01 -5.539144021157831055e-02 1.105976821744098341e-24 2.719630771756117811e-15
-9.275179447316224124e-01 1.829686319141448150e-02 1.471180413920845799e-24 -2.195638797363819866e-15
8.365358167136922596e-01 -7.406583126090599337e-03 1.389955520203882858e-24 -7.573547344199068988e-16
7.140360461495449673e-01 2.145917632577295890e-03 8.909524022816102218e-26 1.200559498946964948e-17
3.110008476763423957e-01 -1.965260110544795030e-03 1.284860509114783467e-25 -6.906111620341121239e-18
-7.148970936642535801e-01 -2.934632242124233723e-02 -9.853424715208612161e-26 -1.817943657580344591e-16
8.647147932827283778e-01 3.679002307895430646e-02 7.755338048066919695e-26 2.169699967503723562e-16
3.996566908910910154e-01 1.711712501672731090e-02 -3.743270497356703961e-24 -2.251983076221272447e-15
-7.629793696698550232e-01 8.901382798748736641e-03 -1.352331347412059392e-24 8.076987089930722291e-16
8.197949045587016315e-01 5.697033163765802266e-02 3.192112877764487864e-24 1.311077012338453576e-14
-1.751237478166198791e-01 -7.943050296351632233e-02 2.972104215738574403e-24 3.635736411312536794e-15
-5.061202772590123189e-01 -1.837201369758203768e-03 -1.512397127497662120e-24 -1.236722727524646835e-16
8.506835584259133665e-01 1.602939348360757355e-02 3.457150374163912733e-24 4.145714586539810766e-15
4.542694161169527067e-01 -4.210361917303191009e-02 -6.569047248903175518e-24 1.104921218062996769e-14
-9.625931501618658626e-01 2.807079743231230551e-03 3.105538902749892055e-23 -7.379560395154445040e-15
-8.571122898761773801e-01 -2.294166289932473256e-03 2.908418211840959534e-24 5.029391832211033673e-16
-3.165831064445012721e-02 -7.037753041930726317e-02 -5.208951639214455641e-26 -1.020629425352901805e-17
-3.420701795085496766e-01 8.344585615951384538e-02 -5.167580927587707869e-26 1.297189060371419236e-16
7.479120790990576584e-01 -4.290011866755545633e-02 -1.346034468032903879e-25 3.798054761250863199e-16
7.970984874695801192e-01 -2.419020377866051494e-02 -3.237304048188787857e-25 5.489477414406986322e-16
9.680545956662658380e-01 -5.479346047769954181e-02 -4.219192589930298531e-24 1.968130674866857724e-14
9.517621700320681999e-01 5.494061435615390718e-03 -3.293910441572804214e-23 -1.514710854148813915e-14
1.359945804086366561e-01 -5.606438950858067677e-03 1.842937259175258976e-25 -1.235706267897094521e-17
1.465377923678177208e-01 -2.418516726130432587e-03 1.854602315695731697e-24 -5.780235564677450097e-17
1.031467892332507130e-01 -7.564432865098809355e-02 2.253349281710044152e-24 -1.546167719436686510e-15
-5.085025572136299132e-01 -7.801639739407597619e-03 -6.919416873213222447e-24 -2.414040376412578915e-15
5.180779346561381615e-01 -4.397137087047832231e-03 3.092040164547830810e-25 -6.194499586265801923e-17
-9.054255265962443122e-01 -5.700572498034207729e-03 1.933235386024427943e-24 8.775097363321014703e-16
-7.990528704288122341e-01 1.794979051965918740e-02 -1.011660410232949309e-25 1.276044017467723993e-16
-4.992748227673238226e-02 1.076285624466925177e-03 -1.357383294224510159e-24 6.414542781643175706e-18
8.198539398467812322e-01 -5.484084612570694350e-02 2.772317915658204277e-23 -1.096174428572319696e-13
-1.385990002275965249e-01 -3.417474991522063445e-03 -3.575751241531131666e-23 -1.489459645262291334e-15
2.766169351369225371e-01 4.672934352860778906e-03 1.278949100692995190e-24 1.453843657835371154e-16
1.776531470018003489e-01 2.188499611301758518e-02 -3.165268454261535722e-24 -1.082245849090649803e-15
9.041210095030196570e-01 -1.658787937621279771e-03 1.045251779270392882e-26 -1.378587529785607512e-18
-7.584990908960951295e-01 -2.342840892543393214e-02 4.409691686096478665e-25 6.891314755781096627e-16
-2.596793999512467810e-01 -3.254999251912584282e-03 9.978824758265438474e-25 7.417606461449758951e-17
8.318750984927274494e-01 -8.112808994950050645e-02 8.219245484409758741e-25 -4.878174453562589852e-15
8.494573657185002791e-01 -5.589318612174747763e-02 -9.390107874816889151e-25 3.920730896852252453e-15
3.252768978620701468e-01 2.020824864554431142e-03 -7.762834867759763952e-25 -4.487435760959305646e-17
5.807098976785474154e-01 -3.050920635244165364e-03 3.079162275634153307e-25 -4.797541235786798382e-17
9.456239122414404896e-01 -7.400153159240889511e-02 -1.597409810509509548e-26 9.830407064287761858e-17
-6.560236564621102495e-01 1.107805844279266191e-03 -1.642596119930001310e-25 1.049808162996796665e-17
1.943512681735402037e-01 2.759798845321484190e-03 -8.508895393797608514e-24 -4.013599115739503595e-16
1.834118694379858194e-01 -5.157106918054509687e-02 3.582954086253158852e-23 -2.980374343358137761e-14
6.327511233952920477e-01 1.519739055277399137e-02 7.513137755047024858e-23 6.353591685902737215e-14
-2.618453563717058064e-01 -4.687591738515210077e-02 1.263062426421261043e-25 1.363375460626114520e-16
2.987986783129670254e-01 -1.486132567580277083e-03 1.124921928296222314e-24 -4.392933273915726240e-17
-2.319060072778187376e-01 2.564153891552505438e-03 2.268780180046230098e-23 -1.186436516465428687e-15
-7.071797986189012342e-01 1.348434046666198167e-03 -1.852513561688478805e-25 1.553520369100023900e-17
9.243076403931096419e-01 -1.686363211370432626e-03 2.757631912956112317e-25 -3.780071015961806701e-17
2.786845737933851819e-01 -1.699440117768287462e-02 -2.120575969483056389e-23 8.832194649857001212e-15
-4.988144050220921777e-02 -6.088719196962959906e-02 3.052360044063301778e-26 8.152610473409159356e-18
1.371219365577032168e-01 -3.465810456720155863e-02 -2.252297158974255120e-24 9.413116531659185148e-16
-2.972319439603257063e-01 2.564259334830498119e-03 1.847407681548169847e-26 -1.238272341510152873e-18
4.784197483373311410e-01 -6.127638212084136893e-02 3.358675775135830169e-25 -8.658971221728469131e-16
1.372574450556496295e-01 2.694310336802976675e-03 -1.283107559724481153e-25 -4.172944339256033746e-18
-3.086908528974126042e-01 -1.057915600932235814e-03 2.096653379666321803e-26 6.021399209086203472e-19
-1.940050870601792710e-01 -6.193069849624716072e-02 3.073129614407406539e-24 3.247102321799434150e-15
-1.804496899373342345e-02 -7.783576254432329755e-03 -4.599744644377506870e-23 -5.681526640211817693e-16
-1.553429345841477183e-01 -3.028035421050735004e-02 -1.162954441771721755e-24 -4.810731942348969841e-16
-6.829617440067803358e-02 7.517826321733601588e-03 -1.454995876215402081e-24 6.569713466690487389e-17
8.929209864623177673e-02 8.091382707210036107e-02 3.532338785254922681e-25 2.244368287619534451e-16
-7.021629466984811163e-01 -2.760263167158529679e-02 -9.434292536906377121e-23 -1.608028483024791328e-13
4.946295367046937841e-03 1.218557223800939039e-03 1.920610968045078495e-25 1.018031884477678620e-19
4.770934935114410358e-01 -1.569707564439472855e-03 2.605710314610435754e-23 -1.716107057629013597e-15
8.914853301799217089e-01 -1.491843042964945696e-03 1.545117721416422274e-26 -1.807152938842920964e-18
2.041580188207143820e-01 -1.247613386662279299e-03 1.721758254696237436e-25 -3.856689209661401077e-18
-5.200821850223074083e-01 -2.799514460159642157e-02 -5.129632619976288015e-26 -6.568057640656257044e-17
-2.372055486000501645e-02 -1.612237764526229088e-03 -6.964251876944998899e-25 -2.342202302484128402e-18
-3.273711055117967117e-01 -9.657813985983307314e-02 5.821840736045947134e-25 1.618734050564634724e-15
6.798715198515876690e-01 3.217207830251089806e-02 2.204061359596417474e-25 4.239607452926109472e-16
4.966881340053603822e-01 -4.476403324241330639e-02 6.840465448679512039e-26 -1.337502641008055136e-16
1.729368637937092057e-01 -2.564903352687959021e-02 2.688013087744246369e-23 -1.048542319215058324e-14
9.481524181301421716e-01 4.786032333648847226e-02 1.150908988623761584e-25 4.592939952638728734e-16
8.343408389820428095e-01 1.100744391780158083e-03 -1.466072301711367339e-23 -1.184080890701385837e-15
7.129410313802189147e-01 -2.357336624367370112e-02 3.703620151563902773e-25 -5.473909997728474272e-16
-6.554519892231593925e-01 2.779212773283832455e-02 -5.515401254847920318e-26 8.835594921181076993e-17
-2.077137927494443481e-01 -3.934070194339015815e-03 -1.811001195102730686e-26 -1.301434087417757402e-18
-8.429499310329064965e-01 7.271683255210027730e-02 3.370688102676308652e-25 -1.816984829461393889e-15
1.660409439542420706e-01 9.891586349718034868e-03 1.845489183979758524e-24 2.665561118201184503e-16
-9.038290760891298792e-01 -3.745806767092374479e-02 1.583212493739786258e-24 4.713753708160509538e-15
7.623765549467327318e-01 -2.224961926176744278e-02 5.873734402415609790e-24 -8.761983296853864776e-15
4.903226467247179254e-01 -4.404069535509767645e-03 -1.783449965287073579e-25 3.386827286490529851e-17
5.789067681094877127e-01 -7.924087249186168025e-02 1.324333010767481570e-24 -5.342580573549909599e-15
6.160080353790333696e-01 1.349526654440671644e-02 -4.370528749676838510e-25 -3.195198367987569318e-16
-2.335869094697990977e-01 -5.798806869956949460e-03 1.269195490160006388e-26 1.511860310338759590e-18
-4.378290010535026422e-01 5.758961216043561454e-02 -1.545719198044564194e-25 3.427482769271028455e-16
-2.980949219092809965e-01 -1.403132414057155393e-03 5.966870728047806010e-24 2.194804614463357298e-16
2.805565015040343280e-01 -8.466681799201414282e-02 -1.679313259916336443e-23 3.508013798579243295e-14
3.746512993976254258e-01 -1.316801019328405278e-02 -3.750009708320347116e-25 1.626955931699437879e-16
3.331457127620309766e-01 -3.779055952999093443e-02 2.467026545149931067e-26 -2.731413010400106992e-17
-3.937179990818380215e-01 1.030387536554599505e-02 -2.480264397069317303e-26 8.848707628549894957e-18
-9.787370732616529345e-02 -4.092263346254907536e-02 6.112033240287014633e-26 2.152837851749530080e-17
3.312163233655198713e-01 -1.343404061118328233e-02 -7.475636199646385099e-23 2.925247033185937371e-14
-5.680818622672740847e-01 -8.241565404258494043e-03 -2.141312633946022792e-25 -8.816510164510082943e-17
-9.316797482797545271e-02 1.541976254696960161e-02 -1.331594647690890545e-23 1.682334621525484054e-15
8.577223761912982081e-01 -2.483309391245181255e-02 -1.934534341381549398e-25 3.623681467894026731e-16
5.493242218443725733e-01 5.881830557184044780e-03 -8.012607575990358750e-26 -2.276727913111932286e-17
-4.539543045640164198e-01 -2.432049625229150067e-03 1.559300779817907380e-26 1.513946287553841109e-18
2.175743396657190409e-01 -9.177754812200182577e-02 5.248462542748483141e-26 -9.216631581165557077e-17
-6.941036609396431523e-01 -5.829538780569827605e-02 1.038335750787636896e-26 3.694811940978610451e-17
4.232153965606986201e-01 -1.267361922038731832e-02 7.195661730592800516e-23 -3.394132972448686304e-14
5.988095628771239465e-01 -1.806974867617272204e-02 1.272739055105630212e-25 -1.211089421954601024e-16
2.498403583678074913e-01 5.886252101086316205e-03 -4.165095792297567642e-25 -5.386695756996324166e-17
-8.405274821775083893e-01 -3.077936608420015624e-02 5.601545744684768117e-25 1.274428503563185073e-15
-9.556360364538674101e-01 5.176835549795457715e-03 -2.603505350190673363e-23 1.132690772020160179e-14
7.565461830792645781e-01 8.524105162073737640e-02 2.051598880174427786e-23 1.163516903743497044e-13
2.848817280618167747e-01 7.243625014508484755e-03 3.842951493082258937e-26 6.973992209598970561e-18
6.161072061007164535e-01 2.410942698250150527e-03 4.140454969171131910e-26 5.408629628608374040e-18
-5.330085568460973811e-01 -5.842399483484081620e-03 1.456269640824652921e-25 3.988074168421700004e-17
-4.571130914636925002e-01 1.224266705673184366e-02 1.184128535207085595e-23 -5.827664555554822130e-15
2.575427105013616824e-02 -1.883206068602473427e-03 -6.187923851834428928e-25 2.639295808819794887e-18
-2.560171429159920908e-01 2.078095760744082948e-02 -6.817456401613791232e-26 3.189723019858619648e-17
-5.557062629809195187e-02 -6.930367305527454502e-02 -2.702983007120692548e-24 -9.154631339420778855e-16
8.957278272967796884e-01 3.412522837920441230e-03 3.059057051007616752e-25 8.223093151022484969e-17
2.850068921784174591e-01 -7.440729075272163595e-02 6.399672655503988408e-23 -1.193506022452269888e-13
-4.243791260981211177e-01 1.032032242723910850e-03 -6.143076457033952229e-23 2.366078780958216922e-15
-2.914903718218666562e-01 -2.063063205300755525e-03 -5.216693290591640581e-24 -2.758849767185689313e-16
-4.405127781193216574e-01 -1.015423107468753708e-02 -1.745640844988073677e-24 -6.866832410907054711e-16
-8.914564259692041581e-01 -1.038226006900105436e-03 -9.771003173920632121e-26 -7.952930332477220841e-18
-9.289502018767767932e-01 1.578569722510538096e-03 8.358653842442859054e-25 -1.077924995136524271e-16
1.864621914020807569e-01 -6.432835378006600269e-02 -1.050007581156771672e-23 1.107596708836239628e-14
-6.765954911012557194e-01 -8.686154295069862391e-03 -5.219063737739337735e-25 -2.697399296661714038e-16
-5.962343132829981407e-01 1.709454131750377326e-03 1.987221484926329955e-25 -1.781216430563824177e-17
3.176016365764458005e-01 -1.531041416321349052e-03 -1.443974276736995933e-24 6.174831737101889983e-17
-8.635893900896289832e-01 -1.467417394749060203e-03 4.392973795361588471e-25 4.895708756256267137e-17
-9.962183414742133980e-01 -1.592468956393494443e-03 9.093893972710201655e-26 1.268736385493108169e-17
8.662766994761748052e-01 -9.031360463145549078e-02 -2.817297444644159639e-25 1.938378174893947598e-15
9.753152093527219790e-01 1.136855061348769364e-03 3.701505201075672862e-25 3.609312293156825215e-17
9.846801943810263857e-01 6.579131631078971414e-03 -5.703109425938278472e-24 -3.249162880871384434e-15
5.253390419875458850e-01 7.645835908645606804e-02 -1.331693446189818877e-25 -4.703974011281357676e-16
-5.499717122695273464e-01 4.239248555693660853e-02 1.129862824435652262e-24 -2.316599470791536240e-15
5.545574339594450120e-01 -1.101468345780991925e-03 -5.395980391602315676e-23 2.898577491676255976e-15
-4.470420152585639073e-01 2.319901524549847910e-02 -2.325370710683820176e-26 2.120831136899093706e-17
-1.170435991708922430e-01 -9.390804267101258984e-02 -4.661961521835882378e-23 -4.506248544820448152e-14
-2.971838304201088743e-01 1.295962394312328778e-03 7.523492973124387943e-23 -2.548197560499995737e-15
4.029389369510825158e-01 3.161862117273443740e-02 1.339229581480422823e-25 1.500490318346810918e-16
9.667772682139319507e-01 -4.317809340971513754e-03 5.215537914892518386e-26 -1.914630615247964670e-17
2.568430120169029607e-01 -7.532578798377866092e-02 4.764391760467805648e-23 -8.106154986795891785e-14
5.797076324821035520e-01 -1.577587304081771308e-02 1.574011880506457958e-24 -1.265920484031633579e-15
1.494259923753458175e-01 -2.795384105259659038e-02 -1.808589000074023339e-26 6.643600752696316418e-18
-3.813256627872816384e-01 -2.196760937836059972e-03 7.914514519466330969e-24 5.830410213531715850e-16
-8.033620431754400215e-01 -7.202892188874611412e-02 4.847098192970119521e-24 2.466584744382422444e-14
-2.717227328998150782e-01 5.459164909366865520e-02 1.103265377806695038e-23 -1.439223287044987736e-14
-5.233485654708551760e-01 1.138325097789764061e-02 6.960271805145846262e-26 -3.646527971285237192e-17
-8.685191140630290629e-01 -5.355741922038911862e-02 -4.732945788263289489e-23 -1.936094505585976632e-13
7.762678169483598900e-01 -1.679059035073281409e-03 -5.065310663029291624e-24 5.806034793262218433e-16
-3.694749822041325515e-01 1.185855120757149704e-03 5.297781361026287307e-26 -2.041299370082113032e-18
-2.151763782560769389e-01 -6.598899985382372657e-02 -2.098829510167264846e-26 -2.620832717892779437e-17
8.758532012599742345e-01 -3.840282839595195435e-03 -2.436762874243836493e-23 7.207817848842102111e-15
-5.470534569035878647e-01 7.293088967026373562e-03 -2.943184687284010528e-23 1.032653910158196128e-14
-2.540098981948661905e-01 -2.121958411078261539e-02 -2.795685065750923209e-24 -1.325170486812654948e-15
4.135735134970945914e-01 1.010406492896330239e-03 3.190041022430991107e-26 1.172306340840128671e-18
-2.536589277061402914e-01 8.112957282495388694e-03 -8.612110242605682441e-23 1.558600898877567880e-14
4.152602693821660917e-01 -3.953251973067772873e-02 2.260131367345434501e-24 -3.262905986781469136e-15
7.892590881900243271e-01 9.195406823584896527e-02 -9.434395073102629414e-24 -6.021443262830754159e-14
9.217696693649195527e-01 8.206413606685537820e-02 3.815691829406002277e-23 2.538312613405904144e-13
6.714308437006781816e-01 2.697239445764690671e-02 3.557144006812005251e-24 5.665239021239869163e-15
3.637678570290647784e-01 -1.273246065488529283e-02 1.030250590283494181e-25 -4.196387037224342667e-17
5.644708350282887643e-01 2.890027463235499833e-02 -5.688602033880789855e-24 -8.161031048689196193e-15
5.838813055411971042e-01 -1.353028245914696115e-02 -3.756087926399336641e-26 2.609535347271205116e-17
-7.115817203480911957e-02 -6.732507554003483267e-03 -3.041392121844148508e-24 -1.281356715723509133e-16
-6.352653321349754911e-01 5.068179005557112843e-02 3.263470484578241707e-25 -9.240230195608374100e-16
4.393999739163549911e-01 -7.760581687722472623e-03 1.402848629638120856e-24 -4.206889589495546708e-16
6.322104272380195678e-01 -7.825531920578264813e-03 -6.800522888756586236e-25 2.958787864692862818e-16
6.330473314526818829e-01 9.063460819616802125e-03 -8.416800140880595943e-25 -4.246911972438285003e-16
-5.178923406816786645e-01 -8.533214603751972799e-03 -3.025367912108183777e-24 -1.175780769277433394e-15
-5.269306054243971804e-01 -1.716284663806004127e-02 -5.109636019888466039e-25 -4.063766173654272580e-16
-2.987936089586806787e-02 3.738204432912029668e-02 -4.702940395778603756e-23 4.619551647860306690e-15
-3.242438377238467950e-01 5.180339338072682126e-02 1.526909074746270838e-24 -2.255480707748627254e-15
-4.787024791661773637e-01 -2.475412539751249003e-02 4.141416007732620596e-26 4.315768307219776738e-17
-4.192456123496750564e-01 1.183048171445966537e-02 -3.234759726850550173e-26 1.410941418826348458e-17
5.604243701479312278e-01 3.070382765746520852e-03 5.759051400484081512e-25 8.714781184852359273e-17
-1.981136437370139003e-01 -6.187100595556731600e-03 1.919108677330257213e-25 2.068698179932277797e-17
-2.826736869735770874e-01 2.972373165147081716e-03 -5.402330329690036251e-25 3.991773140597495752e-17
3.353973536920380472e-01 1.433318232007448675e-03 -4.388520295124192270e-26 -1.855309499853618967e-18
5.295781117110562874e-01 -6.635854726573315460e-03 -3.212567800459280042e-26 9.928307026546648019e-18
-3.533944823710510885e-01 9.690336461332692275e-02 -1.668563499077176526e-24 5.025014974439905475e-15
8.758190483589110009e-01 5.359954439118991276e-02 -6.776209298958555555e-23 -2.797424001019404175e-13
-5.259802961749626693e-01 -1.767797782944439304e-03 1.601730878967947129e-26 1.309747592191516566e-18
-7.274935581833206211e-01 2.470175177527716981e-02 6.082487700755153509e-24 -9.612451134962957483e-15
7.892092696337429381e-01 2.940595728655894317e-02 -5.258278391504596590e-24 -1.073166421355577531e-14
8.066107595461646795e-02 -1.003281245776474224e-03 9.555541924330592854e-23 -6.800455883410389088e-16
2.493686661747469557e-01 1.909696159926439415e-02 -1.144485434028897643e-25 -4.793055162101199121e-17
-2.447930819871975139e-01 9.205923966597775315e-03 -7.264957799448495157e-24 1.439778288110471460e-15
-9.097756760839577073e-01 5.283517179802686356e-03 7.096805998150222931e-26 -2.999966318637938079e-17
6.469933053595910977e-02 -1.158066239264141789e-02 -2.109471604247192645e-23 1.389961822649739286e-15
5.556892975803284784e-01 2.075290341553547632e-03 1.941678337846906301e-26 1.969174409052331792e-18
5.347690345533442358e-01 -4.283031614058959574e-03 5.045969594516513280e-24 -1.016384799642181454e-15
1.105406602036491659e-01 4.966636599681948164e-03 -7.997707559901234727e-26 -3.861410372746989623e-18
-8.945254230788757255e-02 -4.744337596672069772e-03 8.299112283824815197e-26 3.097390155913510785e-18
3.158388146488120274e-01 1.054485623962591635e-03 -6.585753232033575721e-23 -1.928890696404106093e-15
-2.927319020510388281e-01 -5.374010199869980881e-02 -2.597172481648123544e-25 -3.593067152335848348e-16
-9.353470829198158309e-01 2.644635388424862801e-02 1.959586418554421174e-26 -4.262839901903107144e-17
-8.447436607606249037e-01 -1.092175591732210457e-03 1.950042385706026948e-25 1.582185716306957148e-17
4.066537503095459805e-01 4.362763120086711813e-03 -8.064602614286367061e-25 -1.258245505367647841e-16
8.959791638928615853e-02 2.325779281687969519e-02 -4.114595274486522173e-24 -7.540315727027167032e-16
9.166852675421723884e-01 -1.621216658790179286e-03 8.780416403675574416e-25 -1.147552126572617528e-16
-3.118545365712432904e-02 -2.200059592241206032e-03 -5.385117759478304905e-26 -3.249209510464191661e-19
-9.879290051224962621e-01 -8.482980607686258293e-03 -3.376760662578092642e-23 -2.488688211982989145e-14
-2.122511557541519878e-01 -9.127963743879148606e-02 -5.921901679756759909e-23 -1.008976759866108278e-13
-8.007966503799852642e-01 2.882746616640903970e-03 -1.101684516081112309e-26 2.236567268708160606e-18
-7.445934548374089079e-01 4.735546729593635706e-02 -1.323777632762476686e-25 4.104879189430577029e-16
-9.094673750505561927e-01 -2.921328101013997980e-02 -1.376123427210043277e-23 -3.215295179678357984e-14
-1.600302093242327306e-01 -6.755942029669267067e-03 -1.796016501822701256e-26 -1.707631709249665822e-18
-9.809825038444366374e-01 -1.802775225230964472e-03 1.323500138502517004e-26 2.058367111848437846e-18
-4.225853261562462215e-02 -8.828148186426007515e-02 -4.950918221642253290e-25 -1.624298263996717040e-16
-2.450509036649346495e-01 7.786126542816068988e-03 -2.724691216181049095e-25 4.571840369301493558e-17
-1.233299727848755634e-01 -3.067007306101593445e-02 1.106759305295191482e-23 3.681566322754807454e-15
6.832924741794732526e-01 1.018073109049260922e-03 1.892501136115014072e-24 1.157757899613910998e-16
6.758802643072663319e-01 3.295564453140973488e-02 -2.715553077568151779e-26 -5.319292487799865355e-17
-7.337579348786134048e-01 1.387599085013570786e-02 4.504046150749922329e-26 -4.032883233022518418e-17
3.845380410134302540e-01 -7.764732617020184829e-03 4.453096368195225471e-23 -1.169294504741728214e-14
-4.001856656795421685e-02 1.068968697715903500e-03 -3.154197806764376731e-24 1.186619394582311527e-17
1.649469477418918917e-01 8.899945826667593485e-02 1.283425992031862118e-23 1.656908315100889162e-14
9.632627476481681050e-01 3.346998467546281539e-03 -1.327083381715700156e-26 -3.762655782350434273e-18
9.898903231699860417e-01 4.152218715694441786e-02 1.635959986197239755e-24 5.913382583239456702e-15
-9.820582894307052779e-01 -7.749999894587354318e-03 5.140108809816222715e-23 3.440386820740743053e-14
-2.752882245479659762e-01 -8.205843543344493521e-03 2.649008756793330119e-23 5.262477613389051276e-15
-9.450367101603460718e-01 -1.981403510565076832e-03 -1.243400932890702799e-24 -2.047523035358572272e-16
7.181514790615302068e-01 -9.791107259459315426e-03 -1.222879269203355078e-25 7.561839417539317155e-17
-7.226696025587144856e-01 -6.006047032536408932e-03 3.306898745571999903e-23 1.262250100649558021e-14
4.259188490640801739e-01 -5.596304901586335312e-02 3.588227298454346908e-25 -7.521495057074557796e-16
7.059109845156343876e-01 2.785377170128155999e-02 -1.732289503206792875e-23 -2.995369654153309892e-14
-2.401125892497293357e-01 1.301887886929221742e-02 -3.205951663987917025e-23 8.813359546077283619e-15
2.752320993176016195e-01 -9.747739963557512655e-02 -3.821472094928900766e-25 9.016328177664654848e-16
-3.724797541989768312e-01 -3.577388210589546157e-03 2.353390060254618473e-25 2.757773910070037663e-17
-8.057712406494901280e-01 -1.730869635469203804e-02 3.988754765292165670e-24 4.892259195185595788e-15
-6.415938793590230116e-01 -1.183184377499865367e-02 3.822769976675664973e-23 2.552036054849015603e-14
-6.282428893771458966e-01 3.349128697014320654e-03 -9.548943375827780949e-25 1.766894979350794782e-16
6.381936567460433363e-01 -1.289410114070569865e-02 1.056527627288104742e-26 -7.645755644690627710e-18
-7.394776404777207990e-01 -6.785655033038054743e-03 -1.622580129939084614e-23 -7.160098185989624488e-15
-1.493830371666098333e-01 -7.413368530125281908e-02 -2.305119556858161546e-25 -2.244948232365867857e-16
5.224407295185029554e-03 1.440356533617072029e-03 -1.255597319072790079e-23 -8.309089066116847512e-18
-9.903126895996756662e-01 1.089919471319314090e-02 -7.297866207564345057e-25 6.927214772404914586e-16
-3.839264071425929625e-01 -1.453935625628104394e-03 3.484350301533050311e-23 1.710452325340743924e-15
-7.983101532217642404e-01 -1.283986704729315033e-03 1.087870490189190695e-24 9.806304533769519809e-17
-6.710041406615843140e-01 9.220061059152007826e-03 -1.882784532572325701e-24 1.024367094908398506e-15
4.226227734704735006e-01 9.981694742776509727e-03 -1.113340446362102872e-26 -4.130295908655295848e-18
-5.209221661749254828e-01 -1.854681255764853041e-03 8.984287492461756250e-24 7.633465755659579958e-16
9.823264888577969423e-01 1.280904778010082167e-03 -3.300037417426606615e-25 -3.651636717335121942e-17
-7.947581104700658372e-01 -6.103739088247709874e-03 5.887633403650291663e-26 2.511699565200519912e-17
-5.770146233092503518e-01 -7.576212612609382890e-02 6.128465029106111049e-24 2.356061844187127127e-14
-1.305121250503551433e-01 -1.160112282081480388e-03 1.242269015030738043e-25 1.654102961388937796e-18
7.439319980111098740e-01 5.171987928811711682e-02 -3.844782438300137977e-24 -1.300943727966117155e-14
-6.141681706554014131e-01 7.111100653060469824e-03 6.358066024754288475e-26 -2.441997218804278547e-17
7.429237694809374126e-01 -6.398103781961422820e-02 -4.162528447601639890e-23 1.739997999255803277e-13
-6.826085297228219329e-01 6.261569892244386697e-03 1.916334590753046446e-23 -7.203147079425542064e-15
-7.423377702534359468e-01 -1.543619734896785681e-02 2.489504420976909361e-25 2.508711857790793807e-16
-1.488787216000775349e-01 -3.913010496512105835e-02 4.600594299758062557e-24 2.356967429452234105e-15
4.287104720693872828e-01 2.539006315555417462e-02 5.607258179800907936e-26 5.367529336061874491e-17
-5.937732848308383549e-01 7.607390284240578282e-02 -4.328413061682322603e-24 1.719416344090829631e-14
9.572698089772355701e-01 2.050062011566760635e-03 5.494699719670596104e-25 9.482903346155741639e-17
-2.584659097047294907e-01 5.300148789480395306e-03 -2.327188334699247832e-23 2.803618152678566087e-15
-3.172196150628818767e-01 1.472782360143633619e-03 1.726944059020170595e-23 -7.095334551719045092e-16
2.491067161570355015e-01 6.278249964756534018e-02 8.018291004285225628e-26 1.102812941138955359e-16
5.582630290687091712e-01 9.023421992974132999e-02 5.260530938252296280e-25 2.330428137802311442e-15
-5.206524911735477268e-02 2.855191388601097113e-02 -3.235447385482181969e-24 4.229738495911939331e-16
-7.137367571106074671e-01 -2.107280154189771978e-02 5.180772079469816316e-23 6.852528134207800482e-14
-7.192415786942214506e-01 1.688387285142911847e-03 -6.556012385503613717e-24 7.001363469249020003e-16
-9.580239073622067725e-01 -4.150185806835854363e-02 9.853267901092328713e-24 3.445245539704876464e-14
-2.025505206475630704e-01 -1.041681517564274281e-02 2.138103588509931441e-25 3.967281939387737682e-17
1.296757681070306312e-01 -2.343980939613331607e-02 1.001759882878723643e-25 -2.677765494423569460e-17
4.647501369180950803e-02 -7.919265307903695927e-02 -9.629636977073212982e-25 3.116810043537415148e-16
-8.774631736501625756e-01 1.085777911952311636e-03 -5.273290132511386258e-24 4.418222347257534338e-16
4.529187633771707411e-01 2.354797635513610973e-03 -1.098223273441922536e-26 -1.030055314716317585e-18
8.928387824081140955e-01 -7.082016826799319986e-03 -5.614342503164557289e-23 3.121942532134305876e-14
-5.315128607852757092e-01 7.731197545241727184e-03 -1.268584442331667263e-24 4.584330597776535168e-16
1.732840890546727408e-02 3.262904034396984891e-03 2.858716241580372275e-23 1.421444927180553123e-16
8.154267534331509637e-01 -2.762444032629709709e-02 4.811910395878805644e-25 -9.532174322613605089e-16
-5.038632074016180518e-02 -4.342327883331735527e-02 3.216197867622362490e-24 6.188337912840515235e-16
9.137279767397703534e-01 6.560095486202181976e-03 7.085661081514227425e-23 3.735110539131278254e-14
-7.699127099745188829e-01 -1.062629440866480739e-03 -7.675972437150870612e-26 -5.522716376565547034e-18
-2.382134223398144623e-01 -5.316441702595241410e-03 8.292128729905514142e-23 9.235264121879463629e-15
7.127789839655882531e-01 4.672213118267725535e-02 -1.085235431966075580e-25 -3.178319084286502438e-16
-9.253134420079200950e-02 2.305379468835038696e-03 -1.180945661151080533e-24 2.215425792337236408e-17
5.208574102159493346e-01 1.145164391969655249e-02 -7.242911594770745555e-23 -3.799232462359962792e-14
-5.987624866677434543e-01 2.988405868698635129e-03 2.673401389636248245e-23 -4.206823911327438410e-15
-2.542117082869526090e-01 -5.852965796132848786e-03 -4.546921677839840036e-23 -5.949562196591483474e-15
2.504038343513972364e-01 8.792754040507991253e-02 -1.358027192941728352e-23 -2.629482993035792884e-14
7.031541753496031166e-01 5.322710837312012722e-02 -3.369914747293037485e-24 -1.109170595302879405e-14
4.247555047802440420e-01 -5.645306004830197115e-03 -1.821614333871256186e-23 3.841306305942966430e-15
7.734397495965585900e-01 -4.668380021283239506e-02 -4.420244258180029140e-25 1.403572850243812971e-15
-1.814532695593813472e-01 -8.133791811609907343e-03 -2.250155944184880395e-23 -2.920562253976110866e-15
2.210973649286440690e-01 5.941561071287988251e-03 4.713732851643589461e-24 5.445591978558439764e-16
1.558321533414088744e-01 -2.039556536318677064e-03 5.847288336787657184e-26 -1.634343464293855858e-18
-7.506211596329710467e-01 1.194540425369032760e-03 1.784144942446522995e-24 -1.406849977434673864e-16
-7.268346858771426167e-01 1.143799053097401160e-02 7.107616031024131922e-24 -5.196433042976577455e-15
-4.675701917180030698e-02 -1.065392246075512819e-02 -1.370591323901019586e-25 -6.004271568109073180e-18
5.752118381997000096e-01 4.847625134547657241e-03 2.697678975538926602e-23 6.615202022265021136e-15
5.132320858575560862e-01 1.475748091927736507e-03 1.489453453374775589e-25 9.920851886111469768e-18
-4.043482225630956606e-02 -1.022751122648698184e-03 2.956712652510291976e-23 1.075302420383569340e-16
5.222340608058280154e-01 4.562147284632592920e-02 1.053867195727060561e-25 2.208088023526004784e-16
-4.867758182326997751e-01 6.120759323073516472e-02 -6.797640628401190159e-24 1.781100803292677990e-14
-2.033832598441076556e-01 -7.173733791816489826e-03 -6.230890870630724031e-24 -7.994781628127053128e-16
6.720521311915237384e-01 1.206249389029069238e-02 -8.961918329834619383e-26 -6.389061244427719723e-17
-2.005654907596359227e-01 7.438996883519784220e-02 -2.337684716927820405e-24 3.067273660222843714e-15
-2.100213982226999399e-01 -1.047336795556971963e-02 -1.732521344290951729e-26 -3.351386386437562189e-18
-5.617488923818647617e-01 5.988668505363058635e-03 3.898439906198880852e-24 -1.153345281250145897e-15
4.973033485017452904e-02 -9.430921057027998738e-03 7.369405567034072763e-26 -3.039512623802769998e-18
-5.393255371533476339e-01 -1.157562479049022890e-03 -1.207284736940812088e-26 -6.628284429351398683e-19
-4.962967719818560663e-01 1.785393191452123995e-02 5.139651260175435202e-23 -4.005022653880077741e-14
-9.742003907401692864e-01 -1.981445285278566910e-03 -5.167207697737962345e-26 -8.771670364167395673e-18
9.884661851635345720e-02 1.265603671558577321e-03 -1.645494964863752176e-25 -1.810306459465323215e-18
-4.975409497953608984e-02 2.626756418715511972e-03 2.625129963037382447e-23 -3.017139859768750534e-16
-5.639903663843812698e-01 1.334365359431398390e-03 -8.079044695603042920e-26 5.346904851970561880e-18
-2.173745368374346842e-01 1.224142685587959346e-03 -1.543208517520062791e-24 3.611281338137493325e-17
8.817561950984340591e-01 -1.250644741623942006e-02 -1.772666415318605770e-23 1.719117249860398204e-14
-1.143055526349321394e-01 -1.706484803879123810e-02 -1.880305438804829217e-23 -3.225478530922538880e-15
7.977612236990629935e-01 1.079125426919955340e-02 1.405418779380875084e-23 1.064012184746599525e-14
-2.087169998623257250e-01 7.802265928898213625e-03 7.354184189050072353e-24 -1.053195694780877930e-15
-9.176580523879129814e-01 2.020639932205032380e-02 1.018559878029225692e-25 -1.660934004172098784e-16
9.094429802821932807e-01 -3.932957763331581050e-03 -1.037023444100211583e-25 3.261965268115058696e-17
-6.087340447609097538e-01 -1.020667831730780357e-02 -5.042988783981461614e-24 -2.755472120488432102e-15
-8.960821895001869208e-01 1.408413266039502607e-02 -3.967611080760196071e-24 4.403551170231968613e-15
8.849744513128210421e-02 4.024009244198044344e-02 -2.872574906628894495e-26 -8.996157816308968490e-18
5.239775560226456186e-01 -1.960770080478289965e-03 -4.305315765556701560e-23 3.889917280179382637e-15
9.316644134874780825e-01 5.519221800338307976e-02 9.752729362840319519e-25 4.410212619663216988e-15
-8.040966650821022021e-01 -2.148011799631374327e-02 1.402068158344948455e-23 2.129658903847383832e-14
-3.580381770174860812e-01 4.884256821752368943e-02 -1.674493440548455982e-26 2.575178156818046010e-17
-1.721799100679670680e-01 -6.464525868135367025e-03 -3.564713169929715754e-23 -3.489311527947889204e-15
-1.875460542185394264e-01 1.798970976696656707e-03 1.277858419318332178e-23 -3.791497965729021616e-16
8.471964159347808998e-01 4.009940134096293997e-03 1.162519252710021030e-25 3.473106918475055508e-17
3.917622628068990753e-01 -2.721607134410703593e-02 4.099758301974708083e-24 -3.844167374542675230e-15
8.495780818117917299e-01 -2.603614035612523102e-03 -1.153740881142440013e-24 2.244316929451408192e-16
-2.324659404532010143e-01 1.602881531437798726e-03 2.302119934172720212e-25 -7.543705096330740282e-18
-9.766894118133990776e-01 3.606598291810971663e-02 1.059681119261015492e-24 -3.282656566889000215e-15
-3.598792396736423260e-01 9.827966625761352937e-03 -1.207863394370034051e-24 3.756940242729442878e-16
9.637649588007570767e-01 -4.891424943500048000e-02 1.854912390289769918e-23 -7.689992713422205745e-14
9.838076053246405106e-01 1.738293706313558335e-03 5.301255191790403098e-26 7.972748131484658273e-18
-1.492566189572928081e-01 2.743035568114492086e-03 -2.766415623827939377e-26 9.960438712201595810e-19
9.428993558436586930e-01 2.055658368815124065e-02 3.311296866517116411e-23 5.644304019721704918e-14
-3.315055940790241351e-01 6.875638428963867788e-03 -6.019674686289757501e-23 1.206626652205446770e-14
-2.113200432908666215e-01 -6.226155198320017237e-02 -3.134514954683367251e-25 -3.626828163998668524e-16
9.446184727509294721e-01 -5.547210292734993525e-02 -7.363183970804176326e-26 3.393069194970436825e-16
3.682895641136219034e-01 2.083919269494276943e-02 -6.180114063716379150e-24 -4.171217101625674786e-15
8.066366725080855726e-01 -1.415745630809829656e-03 -7.682264658895581336e-25 7.715222545574465423e-17
-7.499491234888764346e-01 9.708884036448678367e-02 6.479090527647196167e-25 -4.148691715954073285e-15
1.453049371139627510e-01 1.090825642081522410e-03 2.981243307361074051e-24 4.155555921107170464e-17
7.551301084342694203e-01 -1.960278377735430802e-02 3.386659799776664677e-23 -4.408665099780166714e-14
-1.116295713699297920e-01 5.975431238646537052e-02 3.031808865408174103e-25 -1.778469121682891016e-16
2.120465121257100183e-01 6.902594512392560416e-03 -3.985202670191114095e-23 -5.129675681012688504e-15
-2.445165317798925209e-02 5.400808885417603816e-03 -2.425232235934945498e-25 2.816542890880622497e-18
2.995760904296727034e-01 9.363953534472320081e-03 2.181373400711154489e-23 5.381364534517592145e-15
5.217752371543691314e-01 1.354586865038065815e-02 1.861705361966867391e-24 1.157170288403976788e-15
-7.381958520694806847e-01 2.236744325498093641e-02 1.294947695250645781e-23 -1.880339079323500133e-14
5.351790928997279817e-01 4.761830984531537081e-02 7.341517114796185791e-23 1.645337255545870749e-13
9.847389814590559176e-01 -3.348136910703872378e-03 3.173294914605490462e-25 -9.200909834824035635e-17
3.462484436439221547e-01 -3.057364264494949468e-02 8.725298097762744857e-25 -8.122903406205378767e-16
4.942759245679002600e-01 -3.529105124561203455e-02 -1.217459452351037002e-26 1.867602981741645698e-17
-9.572964195530364595e-01 2.078000551241206747e-03 -4.888439056950305930e-23 8.551815026891943549e-15
2.490340055550086529e-01 1.613278329914613618e-02 -1.004313832447787453e-26 -3.548406767552771927e-18
-3.794296754700219321e-01 2.613605757412528624e-02 5.065221693296572759e-26 -4.417390888607075652e-17
-7.960248585954066147e-01 7.362904801458538401e-03 1.905463213326251876e-26 -9.821377059332938509e-18
1.754637848684807988e-01 1.530235198240680614e-03 -1.092486648580069014e-23 -2.579632375577568099e-16
6.883056606825344037e-01 2.936479674104101184e-03 -7.229620175932579678e-26 -1.285049396243503164e-17
-2.088369025554246416e-01 2.791939794229007440e-02 3.908228661483988147e-26 -2.003960965243060667e-17
7.236156212396052112e-01 9.613592121294582682e-02 -2.317078170867172675e-23 -1.417523645619636126e-13
-1.250152334064504878e-01 -1.786559742169072790e-03 -1.022671602178642952e-25 -2.008688884854955203e-18
-5.024082623880077314e-02 -1.922587071333292695e-03 1.273838852374523588e-23 1.082064830384479976e-16
9.503191555870422746e-01 -2.131847068926932473e-02 -7.225519539696878018e-25 1.287332134598262295e-15
5.022271305400258790e-01 -1.944486228661145401e-03 -2.455911624887846001e-23 2.109180641622343305e-15
7.231595887946860035e-01 -1.531748637265801420e-03 9.214547804231764698e-23 -8.976182617121628952e-15
2.321492798692668114e-01 -3.465127180572363103e-02 -3.276885305095908113e-25 2.318161886055742943e-16
-6.321863069493367515e-01 2.122852975656557006e-03 6.390833201792950324e-25 -7.542554985059812619e-17
-9.515789135740577720e-01 -3.555839667455028275e-02 6.951526887378743341e-25 2.068536494491990659e-15
7.191957203836807366e-02 4.763503584738425223e-02 5.865418032846524081e-23 1.767130249762072389e-14
8.571581777795167500e-01 -2.659776232831457393e-02 4.894054704791823624e-24 -9.812301714546350747e-15
1.760543858095167113e-01 4.088690362079318297e-02 -1.122800083472576173e-24 -7.107706852892166082e-16
5.027003493586281735e-01 -1.435336109351214098e-02 -1.368168070552895766e-23 8.681569553683059493e-15
6.223052667478503608e-01 -1.761116861388281954e-02 5.525007095304672517e-24 -5.325010790042402831e-15
-3.351018457829377795e-01 1.186942638865218051e-02 2.472764154552739897e-24 -8.649385387610107982e-16
-5.379274033762284635e-01 1.277263957164295359e-03 -1.638126395842013504e-26 9.898006499846030694e-19
2.628902623993800702e-02 -4.321057290057575724e-03 8.578424469526313773e-25 -8.569748099418073362e-18
-8.124748958352001615e-02 2.296798932298806800e-02 2.360955820511221332e-24 -3.874510027282212382e-16
8.547283636182851918e-01 -1.475833500490594807e-02 8.591325726381418444e-23 -9.530631228237617636e-14
-4.711952536362709054e-01 7.067165608582191838e-02 -1.684562765123259004e-24 4.933207384822972538e-15
-8.268125614205943386e-01 -7.451704174694709186e-03 1.444856924033491213e-25 7.828589399285919738e-17
-1.763847428106339876e-01 1.447050537947607105e-03 3.406421351480598776e-23 -7.646084297937816033e-16
5.135066811244137774e-02 -6.893590238134546244e-02 4.554352463156870189e-26 -1.417797484763293773e-17
-8.189284456783374466e-01 1.883097233311902810e-03 1.415725150433906867e-23 -1.919966493895404377e-15
7.006798188806118155e-01 3.363218241213127881e-03 -2.683818893553143897e-23 -5.561908822855352948e-15
9.979151950333657872e-01 3.961360469138581336e-02 4.354883335603323792e-25 1.513946486253344297e-15
-5.519861604703946156e-01 1.893215419116526729e-02 -2.183194392063909410e-25 2.006395889626148437e-16
-7.112137300765331016e-01 1.887444261079002658e-03 -2.522419997580267510e-23 2.977746127013581095e-15
2.910038988506151725e-01 6.473892085026429662e-03 3.433834567584477165e-25 5.689048445066891611e-17
-2.225404961446220131e-01 -6.386418361079040928e-02 3.675164310548323873e-26 4.593451948119965484e-17
8.590755703730337256e-01 -4.094849060650242872e-02 -1.501338714474454815e-23 4.644553300340436063e-14
-7.949637770824753424e-01 -8.000155942893844713e-03 3.047033269798358762e-23 1.704193832867109329e-14
2.258466101285823147e-01 1.558263958807375128e-03 1.930925866386676351e-24 5.976077252734103666e-17
1.797911924722959132e-01 -7.568522719313803236e-03 -4.095405961541181145e-24 4.900862187598667098e-16
5.820642785015450738e-01 1.552365332790370082e-02 6.018485811880654944e-24 4.782424518532288877e-15
-5.310906942679862741e-01 2.965084631966976355e-03 -9.672199639426409700e-25 1.339451639139940703e-16
-3.191558757853627526e-01 1.234897653102390953e-03 -9.374530392227360923e-24 3.249221597800734366e-16
-9.186427899756270943e-01 -6.097852680070937198e-02 -7.914537401688179784e-25 -3.898927277255364500e-15
-5.206060933586786899e-01 -1.459796785848296342e-03 -1.365814862448129812e-26 -9.128291172097721705e-19
-1.536174159159042762e-01 -2.352091141120594541e-03 3.595795728129534215e-24 1.142577359093546215e-16
-6.686350514163663661e-03 2.442940363563708694e-02 -2.139175380982595823e-24 3.072871481893087599e-17
1.643300382673584803e-01 -5.209658026813891209e-03 -2.318537883449011180e-26 1.745566382393726933e-18
5.514943925982058737e-01 -1.502197698436863070e-03 8.958886943399198999e-26 -6.527069689388938015e-18
5.296679802643049495e-01 -2.323145563592013407e-02 -1.743474613445061327e-26 1.886651870883722892e-17
-9.987985072292728805e-01 3.254086260447481421e-02 -8.213333102394568494e-23 2.347590712371545579e-13
-7.756369652307948392e-02 -6.416240612877245619e-03 1.441213237126442886e-26 6.307588940392417210e-19
-8.014661618413565503e-01 5.549931279364230668e-02 4.654490160161849185e-23 -1.820710570027017978e-13
-4.501508332816488434e-01 -1.231717049429865291e-02 -1.197542843999465199e-24 -5.839236584793640715e-16
-9.085310947872593523e-02 8.055040875932444056e-02 1.062774010303560216e-24 -6.839816808223394880e-16
2.765853019464699081e-01 2.201218931621186457e-03 4.127371100464875987e-24 2.209845218959413657e-16
5.314293155147764569e-01 2.525470208496234312e-02 -2.620548574147994559e-24 -3.092971884137873936e-15
-4.717876990084781674e-01 1.371180418908490156e-02 -1.968676349502362187e-24 1.119983282693835656e-15
-9.058706645271903390e-01 -7.230852056745179501e-02 7.109880388968184673e-24 4.095566355391665292e-14
6.749311267280992954e-01 -7.374014171340959045e-02 2.632773306132212554e-23 -1.152319448276896822e-13
5.785299256681564195e-01 6.277122703616270713e-03 2.884587648571995891e-23 9.212260002541586312e-15
-2.526488002577298442e-01 3.952849590184408235e-02 1.837694220139618427e-24 -1.613974910734263228e-15
3.073370227757394879e-01 1.184858412997965259e-03 -2.283876136256903466e-24 -7.313914573239886126e-17
1.150415634141315202e-01 1.513905921412717764e-02 1.565567543957927106e-26 2.397847021680852278e-18
5.684405075216694136e-01 1.758698760156724925e-02 8.840164304540565786e-23 7.772000381116290092e-14
6.366260898044300287e-01 5.310416277296148291e-02 -1.147578503943820669e-24 -3.411861582944667381e-15
8.434994965438218362e-01 -8.784816031703727296e-03 5.484436775529066419e-23 -3.573925814653819791e-14
-1.554040647496357508e-01 -7.444286643919389643e-03 -2.339973451808771351e-24 -2.380632684551540367e-16
2.154831452881491582e-01 -2.235815863269650580e-03 4.229223446176036809e-23 -1.791867822927367825e-15
-2.246222686486949449e-01 5.554738338780457717e-03 2.412962970152800696e-25 -2.647665232930984834e-17
9.227221506691691832e-01 -5.323745831240154353e-02 -6.829804950021266865e-26 2.950479222501593809e-16
8.385176851664344344e-01 -4.283271313464244098e-03 -1.617491438364193460e-24 5.108881180587225183e-16
3.384946910750614713e-01 -2.684098161143500666e-03 1.977406090360671374e-24 -1.579945564202874569e-16
9.862756862160195759e-01 -3.102647278678120901e-02 -1.108859461840453322e-25 2.984030377900876951e-16
-7.525817144090740651e-01 -1.437280377049437226e-03 6.754619013803300208e-26 6.425279389540673112e-18
-8.213631845489022254e-02 6.419125643643537604e-02 3.570560347662657429e-24 -1.655554519579317268e-15
1.406773254590714117e-01 2.691694257806667365e-02 3.006314552294012484e-24 1.001106429099345734e-15
-5.751501634027900156e-01 -1.306969533328093767e-03 2.455491566288763021e-24 1.623234103830078160e-16
-1.862829151194567157e-01 -3.661076337485826698e-02 -7.154988233549101585e-26 -4.291278831029865111e-17
3.440806312340434214e-01 -8.788457023938461843e-03 1.594203827683086218e-23 -4.239481139175808978e-15
4.978293587434419187e-01 2.501608379155892056e-02 -1.306367894708010796e-25 -1.430742001812533248e-16
-8.620912384701351350e-02 -3.392957170684642466e-03 3.135322950298477815e-25 8.065102490139309435e-18
1.213168350352931135e-01 3.581215908443756857e-03 1.122046202588268848e-25 4.287047716189554668e-18
9.606218137717190686e-01 1.538574873710844143e-03 3.617265997729967618e-23 4.701620014432700997e-15
-6.412652067369961628e-01 3.130680644203493769e-03 -9.368944832102200653e-25 1.654105200721494795e-16
8.458380940805132475e-02 -2.941010898012243885e-02 5.251984735949641443e-24 -1.148955821503239734e-15
-5.391239080736087708e-01 -3.410245453393386666e-02 1.723666529334529561e-26 2.786913433202131005e-17
-4.065087470750383680e-02 -6.916839982361765865e-03 -6.711307309474686557e-23 -1.659513346205540795e-15
-4.524316666358514372e-01 1.226134940662996185e-02 5.535878521115730850e-25 -2.700684269130313842e-16
-2.499814676942206937e-01 3.951189906944717334e-02 3.594540885671612193e-26 -3.122303712778023469e-17
-3.830114110216660261e-01 1.444536646238672988e-03 1.270598830768364532e-25 -6.182223883891779568e-18
2.804404876783099798e-01 1.198008334630361500e-02 3.041772285051319173e-26 8.987176108467781661e-18
8.487190933810047078e-01 2.941815351454750080e-02 1.139274678863830040e-23 2.501519126087752719e-14
3.579454767819598704e-01 2.938996530864865578e-02 -1.488610351490315651e-26 -1.377187230519446201e-17
2.302563926584255682e-01 1.520394519353110863e-03 8.975893501940594918e-23 2.763386828805035376e-15
-8.728576019407787712e-01 -2.363944645497829608e-02 -2.360573734898021726e-25 -4.283455627678642866e-16
2.576105196540965370e-01 -1.807458484426753553e-02 -2.704894935613036412e-26 1.107588213555131524e-17
-8.096272409520555158e-01 -4.487941762137822102e-03 7.563557753387477348e-25 2.416876464248315136e-16
-8.603460049577340563e-01 3.348239167042888018e-03 -5.857839398863908539e-25 1.483963024223634460e-16
5.190845361126641411e-01 -2.905959581963322210e-03 -2.350822447057907455e-23 3.118483783296187698e-15
4.787597048995171356e-01 -1.254710887498006753e-03 -4.018496794432012785e-23 2.122857701425938234e-15
6.284558028494151571e-01 3.343114691856002851e-02 1.570353196786700958e-25 2.901478522010079448e-16
1.888197885726543568e-01 -1.077805569949664543e-03 3.713538552854307211e-23 -6.646176461366760584e-16
5.253442493014994774e-01 -1.203797081496248925e-03 -7.616969006962843408e-25 4.236190261436057593e-17
9.701441699233104288e-02 1.165299069156320796e-02 -1.768653771939347995e-25 -1.758379057564207223e-17
-1.167245724307397481e-02 3.703803892765408085e-02 -4.981030586460209770e-23 1.893762377856776738e-15
-4.287302873447589313e-01 -2.163854947479873850e-03 -8.289726357139010977e-24 -6.763141982412183139e-16
1.051551464786844026e-01 3.866233847622859571e-02 -1.616415426214462906e-26 -5.779198852921215774e-18
8.254001034815148241e-01 -9.183518756995383281e-02 -4.071295769598419437e-26 2.713952801993198521e-16
-8.050711965535020109e-01 -4.578115332605130899e-02 -9.483380890015401649e-25 -3.073832601382789962e-15
8.290275152396922032e-01 3.055050473308931064e-02 -1.083722058821119830e-26 -2.413799807815493352e-17
-7.042416568244134201e-01 4.175032585355707877e-03 1.095443319042275689e-24 -2.832484169707746230e-16
-6.772402525134639806e-01 1.482486085252423570e-02 1.528605212165623144e-26 -1.349661082316637753e-17
5.607765970630400609e-01 -4.561384895177060875e-03 -2.045585719060267973e-26 4.601509090892216048e-18
-8.880645998821266041e-01 2.063219156762735595e-02 -2.434587571834906404e-24 3.922936886007886923e-15
-5.020122459191458386e-01 5.060945195528372686e-02 3.826073006758115937e-26 -8.548603983872492678e-17
3.800171155292684233e-01 2.374800420385083342e-03 -2.728735757696198351e-23 -2.165647441141040426e-15
-6.304767375735162993e-01 -9.209276330297855306e-02 3.487016147147365572e-24 1.780510464439365202e-14
9.437852775096915448e-01 -4.395734577130371371e-03 -6.611939829725178641e-25 2.412290199395576807e-16
5.274555750445870661e-01 -3.117292910927614829e-03 -1.200259421706006910e-26 1.735539981919148057e-18
3.072734997368622434e-01 -3.475375483264633858e-02 3.965871927046420549e-26 -3.724444658048747970e-17
-5.586755752641432426e-01 -1.298439380588202983e-02 1.210507537629370940e-26 7.722267864788553234e-18
5.441051846968787409e-01 6.926428640494837821e-03 3.572526626277106720e-26 1.184032717652438390e-17
-5.401936064983929864e-01 -5.841792263211834438e-03 -6.814758784629941391e-26 -1.891219936708991635e-17
-7.837651509537402195e-01 7.828508746105102695e-03 1.900542790095573559e-26 -1.025507032083374634e-17
-3.407023251369418748e-01 4.734448188581943245e-02 1.334526930315265571e-24 -1.893074947240322087e-15
9.849714389993584618e-01 2.843382850004974594e-02 -8.464006465704287747e-23 -2.084639506585496771e-13
-7.249731354678434769e-01 2.688789843018091121e-03 1.230817539209714607e-26 -2.109931953441444410e-18
-9.352925560697049612e-01 6.522556910533910957e-03 1.025775530706929018e-23 -5.503179647224181176e-15
4.476927502865222230e-01 -5.137922475847524206e-03 -1.225621177171487095e-24 2.479247394567295674e-16
-9.316175705216269698e-01 -2.248980742244122838e-02 -5.045935890683170691e-25 -9.297391872044401918e-16
-4.006409241880208860e-01 3.938977410815648617e-03 2.397790032622103408e-23 -3.327713665072352273e-15
9.910349217664669030e-01 -7.393474149101501858e-02 -1.831448730389200034e-26 1.180125739715056082e-16
-5.529517481193033657e-01 -8.637854641423033109e-02 -4.145760724455574950e-26 -1.741379229329184929e-16
-3.738997010241207342e-01 -2.199620168373482565e-02 2.281830127856861662e-26 1.650373042923690034e-17
-3.219013450942100896e-01 2.334148241293609524e-03 -6.453753335879088190e-24 4.264416242475829762e-16
-3.558642489073053916e-01 -1.438044175514742971e-02 -7.745798738916717803e-24 -3.485931075822599727e-15
1.522101331412271108e-01 -5.307889099971714597e-02 -3.740214200687366447e-23 2.657405817159540855e-14
3.329785177273556496e-01 -3.492509914342112332e-02 -3.899813610310511412e-26 3.988354143677740471e-17
-7.639943054897968544e-01 -3.816857037032034012e-03 -1.308516412705629344e-25 -3.355607757126375354e-17
-6.250255878344916916e-01 1.413455114608446741e-03 1.504942965411088589e-25 -1.169218990341784457e-17
-6.790673450227988628e-01 2.373524100581337216e-03 -1.883907761088486675e-23 2.670312742040171102e-15
5.202978381957956699e-01 7.290999802655030379e-03 -1.636648900502536661e-26 -5.459974712665011241e-18
9.495816027207966137e-01 -5.536319474625610998e-03 5.566417684433498828e-24 -2.573506246312105015e-15
-7.243570228939031352e-01 9.415260947018899013e-03 -1.756289547907717811e-26 1.053360802260553790e-17
-1.684139526931440756e-01 3.606281440180388043e-02 -1.130734000276519540e-25 6.039404764680221192e-17
3.620209683016002433e-01 -1.927230867533163972e-02 -5.692018077099540353e-26 3.492446320000504874e-17
-1.244388919686112427e-01 3.221145754730814215e-02 2.358559367364474679e-26 -8.313986689843723534e-18
-9.573320570765391224e-01 9.277807101125567016e-03 9.397177587473017076e-26 -7.340089832210249864e-17
-3.392365338919574036e-01 4.033429570278680883e-03 -1.122547114234979739e-24 1.350758388279668977e-16
2.620224782113265150e-01 2.007996849299843300e-03 -3.134613500637088690e-25 -1.450379247141405317e-17
-6.059128896087604410e-01 -1.036440770090779357e-03 1.419462987916535725e-26 7.839254300736451693e-19
5.180259230707418006e-02 -9.915159809529137946e-03 1.838096239849616827e-24 -8.302625684757845406e-17
-1.324040759134255119e-01 -1.981737162621889821e-03 -8.830917579915890826e-26 -2.037742202460831867e-18
-3.054449851085205836e-01 8.383834255830439897e-02 3.347957207003790189e-26 -7.539656872306696143e-17
9.893596986826731499e-01 -1.058945249005275105e-03 1.882970087910092434e-25 -1.734870822896046818e-17
8.668657141800628629e-02 1.179576965747103530e-02 -2.413444510538210226e-26 -2.170258310568108873e-18
-5.360951352031961825e-01 -6.286750871215894543e-02 3.442836364834874571e-24 1.020423610545518876e-14
-6.342111508091110572e-01 5.426980450901579267e-02 -1.059007786931722597e-23 3.205437287598860574e-14
-4.155654261292158758e-01 1.233060174003583476e-02 1.266879564910181660e-24 -5.708933845550148791e-16
9.337395878457745990e-01 5.893796800803721703e-03 8.446368335947206482e-25 4.087774664268947816e-16
2.221765989725466017e-01 4.616349479015108281e-02 1.703350007990374164e-26 1.536373795216370667e-17
8.897203399881679076e-01 1.356732899938872978e-02 1.432515616559597717e-26 1.520698932543699526e-17
4.095088498151806533e-01 -3.029649359312548175e-03 -6.009594845438025011e-24 6.556874231354074237e-16
-2.327305848960437018e-02 -1.105429301526998469e-03 -3.598643793430335015e-26 -8.141778710275715384e-20
-9.943713044067137297e-01 -3.376772671813772254e-03 -8.804533586914681224e-24 -2.599876761621728955e-15
-2.344945697173850263e-01 6.555836768904435563e-02 -2.362471441646842656e-24 3.193915995526154813e-15
2.171457259463305256e-02 -1.165025332563245954e-02 -3.003546576236886254e-23 6.682162391823686729e-16
-7.112540796605919535e-01 -2.911096807431935718e-02 -5.352482741473741746e-23 -9.746141095688822181e-14
9.067580093199985036e-01 -4.718585329161432453e-03 -3.617736338659279673e-24 1.361244462198525557e-15
-4.682287941535181464e-01 -2.477086474161931812e-03 1.083427242992371935e-24 1.105083355096814153e-16
3.922311447918811478e-01 -1.335842245967008846e-02 2.520202703687402382e-25 -1.161258010602083170e-16
1.208567532145536916e-01 -1.190959038163791339e-02 -4.328985316675395136e-26 5.479612662147889032e-18
2.905565836559609316e-02 -1.081615701054275142e-03 -2.943917456525062964e-26 8.136269634493696635e-20
7.497508676770876512e-01 1.148319279614023677e-02 1.458300924171515088e-25 1.104136545800494520e-16
-6.416059337210509028e-01 3.190189809872510593e-03 4.178493056018792568e-24 -7.521432811483345956e-16
-3.606843161823622967e-01 -2.355280812713356556e-02 -6.032823093387362806e-23 -4.506989463507913373e-14
-7.829208684231543369e-01 -1.863092952808915754e-03 -1.324235727086546890e-26 -1.698688291332498880e-18
-7.950217686946441376e-01 4.537649485645338550e-03 3.908486179847295970e-26 -1.239979618557226152e-17
3.788191455411258346e-01 -2.199891094248474649e-02 1.665791169968893244e-23 -1.220814440443877714e-14
4.660159279033400104e-01 -1.347275257648064767e-03 6.845477764510382315e-25 -3.779695897324346821e-17
5.893697552151737629e-01 1.702140231611480592e-02 1.606447981753820168e-26 1.417247989888637415e-17
5.132887466244231423e-01 -6.147828179436517354e-02 8.692699242511743433e-26 -2.412315560561565556e-16
1.045925779408813927e-01 -2.018365389118299130e-02 -8.292283610813007345e-25 1.539468494210886237e-16
7.999008013281927454e-01 -6.557146752952347502e-02 -1.064679089570826674e-24 4.910952802490248639e-15
9.223359118126417400e-02 1.998498160994424851e-03 1.880943103369340272e-25 3.049049890357648322e-18
-7.836317297104620216e-01 -2.293267118958794079e-03 -7.086620451990453238e-26 -1.119958242262214236e-17
-6.450407507826390052e-01 2.871625130897557249e-02 2.103722924494887592e-25 -3.426884266009469510e-16
6.431767084202160145e-01 -4.402291325686288719e-03 -5.337474732048605397e-25 1.329048777079634408e-16
3.566629904764648806e-01 3.318512779297691506e-03 -2.773055178391005501e-23 -2.886396921447666146e-15
9.735399445886778746e-01 1.316460967809551449e-02 -1.042453176810268720e-23 -1.174936295543327785e-14
8.415021481498667910e-01 5.979328072289635983e-03 2.840112688045481131e-24 1.256721902510206568e-15
4.166973994994926933e-01 6.379241590562195405e-03 -3.923878468132935908e-26 -9.172788670894982020e-18
-8.783467458254272664e-01 8.572002359087618761e-02 -4.310989392184031915e-26 2.854442066674973290e-16
4.061022623018655242e-01 -7.811103243199333732e-03 4.520887215407522063e-25 -1.261152078374543735e-16
-9.566403281673612202e-01 -7.200842082978225686e-03 -1.426885930066352385e-24 -8.644049152930598609e-16
-2.725877266403440302e-01 2.829069496725818145e-02 -3.943651841226745318e-26 2.674511570763868779e-17
6.604188198628402340e-01 -2.606086343998524624e-02 4.124027764927102943e-23 -6.242029576498214039e-14
5.524312960291246632e-01 3.395513598639337063e-03 -5.611235730735781613e-24 -9.256317917042068691e-16
-6.861275767667971426e-01 2.773448241268322133e-03 1.135513857332551470e-23 -1.900261541883267712e-15
-3.950340258858142661e-01 -1.291278595672582311e-02 5.936644831839866756e-25 2.663124835563077565e-16
1.274875529726586798e-01 -2.422411041788649546e-03 2.285125164824673039e-24 -6.206140681279034007e-17
-6.890518476673705983e-01 -1.225183215077105779e-02 5.968225371180903618e-23 4.430922508774473666e-14
-9.375836713440275361e-01 2.790131356933999666e-03 -4.441276970481085585e-24 1.021735641663608360e-15
3.423336364722002756e-01 -1.925123927712593316e-03 1.786404499004036726e-24 -1.035342566141637095e-16
-9.226827517231470654e-01 2.334756756144253011e-03 4.611227677481823634e-23 -8.735878982455569041e-15
9.714830674189993687e-01 1.306295902692572106e-02 -2.615169038132825606e-24 -2.918586479441629069e-15
-8.868964679238198201e-01 -3.205464529557314896e-02 -2.877355685024826343e-23 -7.193718707141178086e-14
-5.407860912120745489e-01 -2.399584556871924186e-03 -2.830718856596429906e-24 -3.230385183989045264e-16
4.292137662610266968e-01 2.130312156666813728e-02 1.282908820028833855e-23 1.031593696356423598e-14
2.872971749291810539e-01 -3.663795112643723068e-02 -2.559413171174162087e-25 2.369184787432642519e-16
6.497963759199194556e-01 1.535530946316879470e-03 1.357286619896257483e-24 1.190977142382481221e-16
7.089578335721387070e-01 4.150743741503436224e-02 -1.186909099027192929e-23 -3.071565542089231240e-14
-7.602890741093595306e-01 3.895556525753148154e-03 1.260748407646010809e-23 -3.283769679660147056e-15
-5.126805375809739829e-02 -5.117534368082900936e-02 -2.886723039600185882e-26 -6.660528910921590670e-18
-8.404240037953532028e-01 -5.138763686526136472e-03 4.018539673770149604e-23 1.526234811976512725e-14
6.423791048464171372e-01 -5.544663672503319374e-02 -1.146186532219490434e-23 3.590193987476854091e-14
8.033178770801063795e-01 4.677969062784546363e-03 -4.639103131641091975e-26 -1.533115254670363149e-17
3.823110816934314204e-01 9.177994784668777953e-03 4.258342830163515907e-25 1.314018005477352371e-16
-5.105689878134196391e-01 4.819809711132418129e-03 2.435713474327694887e-24 -5.271163938054244134e-16
-8.552580394498987548e-01 -1.315345831994336502e-02 4.995873889809356375e-24 4.942476187065937268e-15
7.579891438446930696e-01 3.998244348858016016e-03 5.442597198739317786e-26 1.450556040093076079e-17
-7.870865979820205194e-01 -8.692174006128967553e-03 8.649113517088206974e-26 5.203775197001717588e-17
-2.608176593832309820e-01 -2.481067608081296248e-03 1.223789568098992354e-25 6.964313922978363827e-18
5.560451892326279122e-02 -5.705590398679645688e-03 -1.774252954489405455e-23 4.950193958356145373e-16
-4.385408075263625971e-01 1.194074933653258529e-02 1.859711916589832971e-24 -8.564130330626992099e-16
-8.403997733921748647e-01 5.693687840622481573e-03 -5.674408078558318257e-25 2.387790088470685335e-16
6.630526800721969760e-01 -8.695862002274531641e-03 -1.418916994851957458e-25 7.194716152744358482e-17
-5.190874177938735734e-01 -8.827123553680924981e-03 -1.722258192760074615e-26 -6.939912059961070756e-18
9.725746151960210639e-01 -2.292383572024933244e-02 -4.108924902428627212e-23 8.056277584615810531e-14
-3.259458749805694833e-01 -2.243133491317872690e-03 -7.871580831782725051e-26 -5.061259077549268045e-18
8.798982915210089573e-01 -5.240559418550064068e-03 2.272970820198257777e-23 -9.217220660664228175e-15
3.744122939856431298e-01 2.219519179523228580e-02 6.903447684549461775e-24 5.045114663432704958e-15
-3.463722871116283741e-01 -1.545870365169856346e-03 -3.289365831039416794e-25 -1.548903589053481573e-17
-9.438446390635735206e-01 4.939350079739135771e-03 6.211687492051594449e-25 -2.546689046119897457e-16
7.909316555527339254e-01 -3.499485186366992073e-02 -6.602858118712403087e-26 1.607204289357913107e-16
7.934268967723296928e-01 8.364338536421541542e-03 1.217491381403349369e-25 7.105594450773735281e-17
-9.180230476136825857e-01 4.770869464739683347e-02 1.659241116613530605e-26 -6.390820507492874750e-17
4.423991215840585856e-01 2.290467446065149685e-03 6.430210577761706731e-23 5.730065355558791684e-15
-5.387100858241642420e-01 8.875274463841906214e-02 -1.495540899197322891e-25 6.288270185043902759e-16
-5.579977200953356586e-01 8.812982476279174193e-02 -2.923975053969095497e-23 1.264517938006473257e-13
7.187597445053199863e-01 2.606663098473188320e-02 1.466959224575434293e-26 2.417033625062171905e-17
7.674819234880210228e-01 -3.270088773940181895e-03 2.517852984578347842e-24 -5.557174916770585716e-16
-1.316546672583935873e-01 6.263800938877871205e-02 -1.189201407447499008e-23 8.624335089143324797e-15
-4.225113089381147269e-01 2.093042445675168898e-03 -5.620355412075532802e-24 4.370953169787333828e-16
6.682892407688925118e-01 1.592496370888415308e-02 -6.158387058711356673e-25 -5.763760175456429370e-16
-3.742433972159182609e-01 5.595099881278012451e-03 1.587536633446370395e-23 -2.923356273288703249e-15
9.067473496901816699e-01 -3.335555525414456157e-02 -5.077118659344169316e-23 1.350416648042181479e-13
-7.291006987520023408e-01 1.833485365387279437e-02 1.006809910455915254e-25 -1.183609505946510082e-16
-7.955732959125512149e-01 3.339035210186144277e-03 5.087250793412098443e-24 -1.188448438815737652e-15
4.920700873582728452e-01 3.281066828841738836e-02 5.529638617860235249e-23 7.851177415576204419e-14
2.855352509092443647e-01 -3.212357031949669012e-02 1.956781079722519442e-24 -1.578417113510766537e-15
-8.988782082060811085e-01 9.839723957157495149e-02 1.429362315149653290e-23 -1.111788288536955991e-13
2.805867327236417630e-01 1.026853654954894670e-03 2.062529405976672429e-25 5.226029232424939133e-18
-3.312537570751725724e-01 -1.351839586797466339e-02 -1.255765654009537627e-26 -4.945276441720502555e-18
7.900058962236200522e-01 2.494440406847656371e-03 -1.883989922653303435e-25 -3.264961326220045733e-17
8.126152242624615774e-01 1.190470431517668196e-02 -1.223206243178967945e-26 -1.040636984832454853e-17
5.467190573087676864e-01 -1.086774503019552127e-02 3.045809522682467208e-25 -1.591484429206827989e-16
8.853820133217042976e-01 1.070401193501900605e-02 -4.294914971494656200e-25 -3.579545196074911172e-16
-7.493803456818257658e-01 -2.964030415830514430e-03 5.145610722025492552e-26 1.005119925203606395e-17
7.017886132006760924e-01 9.864519632815461903e-02 9.024070836660537965e-26 5.493900060647695806e-16
-4.166201612855564562e-01 -2.719695719076140744e-02 1.405955115249210430e-26 1.400967488213723061e-17
4.862905717710221953e-01 -8.800012057490247397e-02 -1.828638344153508716e-23 6.881814138469379242e-14
-3.032369952881193154e-01 3.259227028898688955e-02 -5.540050545200627186e-24 4.815113463977497061e-15
2.191916668974878135e-01 -5.765780286494433249e-02 -2.177610256959529530e-25 2.420239151493222199e-16
7.208870389852006788e-02 -1.905489470089749213e-02 -1.701242587672408112e-23 2.055114468445808297e-15
-6.399272641557582908e-01 4.285262719008871291e-03 -2.997811189015549060e-24 7.229501345483373127e-16
4.357406382387440935e-01 -2.523051683270523607e-02 -3.693129116355210561e-25 3.570628801604208822e-16
5.980955318039042901e-01 -8.379371760983179290e-03 -1.422912759207193699e-26 6.271281432881710906e-18
-8.888607923450531079e-01 2.397005630982581431e-02 5.665477850842635115e-25 -1.061537523933969010e-15
-5.132767032853779998e-01 -6.545268382535172728e-03 1.043098536588454268e-23 3.081770888758004985e-15
5.901714670547204555e-01 -3.152874430938254653e-03 1.797079087071693982e-26 -2.940682072831354278e-18
-4.606443915710847214e-01 -1.614742104623545461e-03 -3.012065336699929308e-23 -1.970286338964469569e-15
-6.198488300084690206e-01 -2.479760800520161568e-02 1.163112503341216764e-24 1.572219943572414736e-15
3.141465010553028403e-01 -3.892707590685839675e-03 4.478977473024107277e-26 -4.816803029986949305e-18
2.855267247956905230e-01 -2.169930750215978352e-03 1.419606345865465302e-24 -7.734933251754468464e-17
-5.163489806353001033e-01 -5.215717391946147335e-02 -2.985742974769668703e-26 -7.071406363508340475e-17
-8.496949296752085434e-01 3.255286093256779065e-03 2.489702128056053300e-24 -6.056135457391485145e-16
5.737822333885123083e-01 1.201834849077524150e-02 1.128616318828494086e-26 6.844381604099856268e-18
6.833886979659931082e-01 -6.609692000705828102e-03 -1.203552589183974225e-26 4.780904697345481412e-18
7.936338325370200231e-01 -1.300238879231436356e-03 4.308342935491229736e-24 -3.909755387677545566e-16
-6.342522439651319122e-01 7.870759662575159410e-03 -9.341597836124150528e-26 4.101057236370136617e-17
-3.001382286936205013e-02 -7.014156975471062816e-02 -5.372990375556750858e-24 -9.947383446224596217e-16
5.077500443401978814e-01 -9.761679454904192976e-02 1.016084403933663845e-23 -4.428945113778958104e-14
6.664088013128246502e-01 -2.669593841978073687e-02 1.798368162741416381e-24 -2.813588121795057303e-15
-1.133603803972937918e-02 4.695672378547365716e-02 5.085994890090653078e-26 -2.380844342695771318e-18
-4.999077881789892874e-01 1.528614063638002174e-03 -4.449992018204662678e-24 2.990494348432533393e-16
-3.339259627306989664e-02 -8.479357626030048847e-03 2.055699728915288051e-26 5.118807742547263694e-19
-5.765107747584745645e-01 2.021884847975569804e-03 -1.902692335643255296e-23 1.950421228877662765e-15
2.735826356959236705e-03 -1.049751144936631082e-03 -6.436826601856702735e-25 1.625708575495314282e-19
-7.789421827019264999e-01 -1.240013560737498154e-02 -3.075115345063548817e-25 -2.612095605751281038e-16
3.297018881754376629e-01 6.612660990935378263e-03 -6.259944549297836956e-26 -1.200229175021355506e-17
3.279545450496774706e-01 3.251249852644608890e-03 -1.634139234397520096e-26 -1.532318542932373438e-18
-4.291936010464263429e-01 -9.684066021644692837e-03 5.407032646164532408e-24 1.976359619954485981e-15
-6.858967763943952800e-01 -1.920427899214422265e-03 -2.734257691626746602e-23 -3.167321954735375036e-15
6.919513049585728215e-01 -5.356108083194708117e-03 9.945367752897938673e-25 -3.241467802220413589e-16
-1.677456535820009975e-02 -5.033992044250168441e-02 -5.715607658720661938e-25 -4.244457709568986656e-17
5.771868805680011594e-01 2.144301193672461248e-02 4.028332791240906938e-24 4.384535394451277119e-15
-7.962587259137070550e-01 2.116214657259122070e-03 -1.402256730127016681e-25 2.077961305415810662e-17
1.985775774804765526e-02 -1.974207614796060807e-03 6.130356281176839930e-24 -2.113512139689841461e-17
-7.939356536696717814e-01 1.299219745386775461e-02 1.045770425282345490e-23 -9.486374678898195121e-15
2.477178535175275087e-01 9.709166325240489726e-02 -8.499060086637990926e-25 -1.797654180594596383e-15
-8.754334248613364622e-01 5.145622649104515667e-03 7.054064958918277646e-25 -2.794451095891912940e-16
-6.175217768789547090e-01 6.357646732880926910e-02 -2.184814472326854684e-26 7.543262727568781601e-17
8.897111718054506735e-01 2.109699706472463118e-02 -1.892306504724187956e-23 -3.123612620878444392e-14
-5.218207343339262838e-01 2.016761168138958560e-02 1.293948510089337791e-24 -1.197536605205167486e-15
-3.706819945154671281e-02 9.802140588739942373e-02 -2.128498691516310348e-26 6.801298034803911803e-18
1.486343149108451112e-01 1.682425779776388838e-02 -1.366759136402498862e-23 -3.005681693227038717e-15
-3.108324660407375539e-01 -5.977215842921734801e-02 3.000838026665430945e-26 4.903022291695547777e-17
9.888998433294633461e-01 -1.682217123522282073e-02 5.664432255166399146e-25 -8.286797855056661777e-16
-3.741247736463813034e-01 5.095920845701703422e-03 1.504435760440116532e-24 -2.522369980004393371e-16
-3.637577155995008749e-01 2.075623516919221367e-03 3.524521567041725003e-25 -2.340221522907750371e-17
3.786984320778781221e-01 2.583245349602896184e-03 1.027408564709149948e-25 8.838902541721641817e-18
3.173830592001645190e-01 -5.536571380169128496e-03 -1.361987911777647750e-26 2.104717919831301122e-18
4.750349918633776092e-01 2.061201691314033715e-03 -5.167093227372737565e-23 -4.449266190896245890e-15
-9.078620385928699577e-01 -7.856361940539872968e-02 -8.061163727284706138e-26 -5.056326181066658038e-16
-8.406714945488673596e-01 9.430679898001040687e-03 -5.578446123144798514e-24 3.889363811257859875e-15
-4.400155030328356531e-01 1.507732838027019476e-02 -1.779125939863955191e-23 1.037994528118567790e-14
6.895816537642054378e-01 3.546663879730513509e-03 -3.202901039358437419e-25 -6.888826570464677469e-17
-7.182937220884033636e-02 -1.414568069745206387e-02 3.122736180631011184e-25 2.790340591637193013e-17
-9.467600187169711301e-01 1.314732086098623944e-02 -2.962876137162973049e-25 3.243296610137074625e-16
-2.074483230539465595e-01 -7.051206689724306975e-02 -7.850482058234689469e-23 -1.009870531324339067e-13
-4.062178448807090003e-01 -3.249356363145200662e-03 5.579022460001180507e-25 6.476053855738733857e-17
6.720482717157505448e-02 1.497297239026635154e-03 1.322391765495458584e-23 1.170212219865446394e-16
-8.531435709975501158e-01 -1.093273213885976106e-02 -1.220692913376276216e-24 -1.001274725578414051e-15
-2.459640737143813372e-01 1.514288135539561091e-02 -5.129347154564933179e-25 1.680112219447572881e-16
1.063841314932925108e-01 4.069491095238587583e-03 -4.283550754538884297e-25 -1.630860718722069536e-17
-9.514840301663451960e-02 1.995372403231877607e-03 1.013581905958876447e-25 -1.692311533695315931e-18
9.362051653717078370e-01 -1.931500948564633668e-02 -1.385380255580904879e-26 2.203083474597133616e-17
5.527521007190245861e-01 -4.973910430660529597e-03 7.551705189198576416e-24 -1.825868051884665402e-15
6.506147180263177621e-01 8.213311737815405175e-03 3.290396777794305824e-23 1.546274030270482421e-14
-7.648337246141223567e-01 -5.021802260476639079e-02 1.610303104250597674e-23 5.439140380533941645e-14
-4.056772411759823616e-01 -6.049981049769239359e-03 -4.300077090588847062e-23 -9.281259175161677653e-15
-4.899634536978820787e-01 -7.767806632627019710e-03 4.809203730770326431e-25 1.609649314243624002e-16
-3.300787372415301402e-01 4.787435820682165583e-02 -2.125852520170947814e-23 2.954266343300638804e-14
8.824583819106426308e-01 3.331383574003981413e-02 -1.384985823458090756e-25 -3.580636224073297317e-16
-5.075156318962561475e-01 1.955619692886399405e-02 -6.397043057440688525e-23 5.583533157985134996e-14
6.659780622734019495e-01 2.534739507984345649e-02 2.166326735852470651e-26 3.215979098491309398e-17
2.220753179907446473e-01 -4.716496853140905027e-02 3.771602842102854145e-24 -3.474095849195460235e-15
3.756329570933447659e-01 3.571630800798573837e-03 -1.667368800007417411e-24 -1.967242597217786608e-16
4.639800227694457213e-01 -1.593432716087492956e-02 -8.581120577524681959e-23 5.579213957229069381e-14
-3.357467165975664969e-01 1.891373279538654043e-02 4.777977674615064778e-23 -2.668266108262474236e-14
-3.886793977036728798e-01 3.213805932033671903e-02 -1.888201650097954896e-25 2.074223461601532026e-16
3.399467893614278591e-01 9.106565420682423417e-03 4.229953313120714417e-24 1.151587998179600326e-15
7.869812337596016061e-01 6.481816877578677749e-02 5.585069726245441904e-23 2.505449960883025350e-13
5.053318268313817807e-01 2.230019933475041374e-03 2.593173266833003833e-25 2.569880523978969173e-17
-5.259730638796760172e-01 -1.910658284877326391e-02 -2.319068980984587447e-24 -2.049539028270483155e-15
1.754078708344244397e-01 -3.444313574543620554e-02 1.300011035048255218e-26 -6.907084981262069458e-18
4.544818397633769713e-01 -8.166061163765007958e-02 -1.284647683336614368e-24 4.192848797479361922e-15
-6.628647822508864085e-01 -1.664625386975637821e-03 1.165347933034368074e-24 1.130818929935645416e-16
2.981427596906358612e-01 -2.683361161143211007e-02 -5.968491729277973528e-26 4.199175185305643303e-17
1.068652959835798555e-01 1.799658748329022217e-03 1.736849084736381538e-26 2.937547780406398768e-19
3.310217929862657726e-01 -1.862195453826629918e-02 -1.077570265899041487e-25 5.841487453261722564e-17
-9.916883704375327735e-01 7.700895174660603824e-03 -6.048092483171669256e-26 4.061915231687636822e-17
-4.498850917586760811e-01 -3.694921126022993746e-02 9.544726986235288182e-24 1.395295792966572710e-14
2.288313864568265465e-01 6.110330691304050217e-03 2.186222703851486839e-26 2.688256516891455466e-18
8.352199823837507253e-01 -1.133373659650469900e-03 -2.441240975935395773e-24 2.032266426316340530e-16
-2.083192453737225946e-02 -6.907339773336640572e-03 3.859769242060587195e-26 4.884246281527205035e-19
-4.683968516629661849e-01 -1.336601247129812382e-02 -2.278355589887951919e-24 -1.254392175415807853e-15
2.068452213400477913e-01 -2.546855380784080261e-02 2.895720343919015534e-26 -1.341536195036193552e-17
4.245708326531603127e-01 4.643603604839796617e-02 -1.206271901331666891e-26 -2.091445283709648883e-17
4.961039770177284591e-01 -8.591667162740797281e-03 -3.620890073066323222e-25 1.357255135055270335e-16
-2.808495743142898071e-01 1.000537624905011112e-03 3.782873844988394061e-24 -9.348136673401022371e-17
6.059203669719970264e-01 -1.646847267043489299e-02 1.630933732805481005e-23 -1.431202841957798333e-14
2.351145467462569805e-01 -1.788609066449544033e-03 1.693645368112441983e-24 -6.263447002767325576e-17
9.465977025014133961e-01 1.388483485282313891e-02 3.975109269830765274e-24 4.594637324378783612e-15
7.837982295064889193e-01 1.316821097332097597e-03 -2.051538402800458590e-26 -1.862115886816652997e-18
4.847109687036963432e-01 3.188939905923746619e-03 3.355723730917491474e-26 4.561538895496446010e-18
-1.814547912853248235e-02 1.399845682745624181e-02 -4.614434314224257408e-25 1.030773087417505988e-17
-2.769729819695825324e-01 7.199555961181429431e-03 6.859554751640194270e-24 -1.202915291767990811e-15
7.433335276340502507e-01 2.280081363303510314e-03 1.511285140572952831e-23 2.252560577852434218e-15
6.293907500957416357e-01 4.829671747697039663e-02 -1.046509195471649193e-25 -2.797544604107450286e-16
4.160059099902830848e-01 -3.848925244863860961e-03 6.591287955517676746e-23 -9.281224166432284861e-15
-6.135510278542470886e-01 -1.286341744644899218e-03 -7.495797538727123557e-24 -5.202605548466432666e-16
-2.054504467224169684e-01 1.857752314142301769e-02 1.208446171898631253e-25 -4.056189266648955439e-17
5.213921014138880317e-01 1.501259696868837822e-03 -5.126767672022572447e-24 -3.529067058330247911e-16
-7.693919252158256672e-01 7.764503551968555788e-03 -7.013332513317309121e-25 3.684527033838174317e-16
6.849532513050022864e-01 1.136604746323632842e-02 -5.719099743660254260e-24 -3.915561665719664949e-15
3.842772035765558147e-01 -3.150402727184657692e-02 1.615833840142363188e-25 -1.720296857327474190e-16
-7.113705930592482130e-01 -1.926616038079903212e-02 8.137617537257346474e-24 9.808088009441101471e-15
-3.207465433276659450e-01 3.290776664127112276e-03 -1.523683658730079097e-26 1.414331466472569403e-18
-2.302787553049325808e-01 4.831152547282803293e-03 -1.637194138766535460e-25 1.601772398689089873e-17
-7.474000193882359699e-01 6.936009869150047691e-02 6.598234427947872817e-25 -3.008060376743226549e-15
7.485873424819997624e-01 1.135882260604670520e-02 -2.360544460321571882e-26 -1.765159610852295509e-17
-1.342819132173911356e-01 1.182195569854689512e-03 8.027247912553067888e-23 -1.120648783709356899e-15
1.647218533123149253e-01 -1.358458848950210365e-03 -3.642743804953439275e-25 7.168401725095651822e-18
-3.182794730958116158e-01 4.793959510248198275e-03 7.903607128229594464e-23 -1.060533366077542585e-14
-3.834626961279425927e-01 1.311601368230881247e-03 2.344664292119122239e-23 -1.037054671797279063e-15
3.504154506192460605e-01 -1.839252026903515080e-02 -1.430241717890589326e-24 8.106435512186965655e-16
-2.476046889962524311e-01 -7.242278320762463029e-02 -5.911901778862259673e-25 -9.323034384088671155e-16
9.761811935590336553e-01 -3.999380344820785416e-02 1.538234723040412900e-24 -5.281311157083621083e-15
5.668776313961554347e-01 -3.067938015136966855e-03 3.531219886371908069e-24 -5.400782193862868414e-16
-9.256701699587528420e-01 -3.872959146425738325e-02 -4.361584511175479900e-26 -1.375116448034455824e-16
6.688847149474685949e-02 3.630421463233031790e-03 -3.631627126739139177e-25 -7.755424417127746734e-18
-6.876226654240471525e-01 -2.420574544983834092e-03 -1.303261214984435650e-25 -1.907638665856998066e-17
-4.898645705982214160e-01 -1.612681937907631041e-03 -1.514931209971777025e-24 -1.052479548070374565e-16
5.693023809727009166e-01 8.535305321604431950e-02 -7.018751971954981774e-24 -2.999286531171773224e-14
8.322685317738904853e-01 3.189459186994530494e-03 -9.113321016961492417e-25 -2.127419777317829097e-16
7.152737353239642104e-01 2.063624987425295623e-03 3.657836478410545359e-23 4.748138111934011060e-15
9.276484344950373107e-01 -5.261985195470307748e-03 -1.994603121021784976e-25 8.562203240753150240e-17
-5.031602030896544786e-01 2.275285717000315178e-03 5.096768041452279694e-26 -5.131367196638224080e-18
-2.211389204923390750e-01 -2.973236831872628008e-02 4.781585626424470906e-23 2.764793036643933068e-14
-9.390155172291918539e-01 5.172063841450809385e-03 6.933954620104143669e-25 -2.961512986380084771e-16
-8.747196035621658261e-01 -4.985095764398995294e-02 -3.005343563036177187e-24 -1.152477597866659100e-14
-3.321517289997806266e-01 -4.791113646735374945e-03 7.796411253337821728e-25 1.091097925544402031e-16
-6.859682275604337409e-01 -2.209904177511357558e-03 1.562349068679183222e-24 2.082818932743219115e-16
-3.445365679040874873e-01 -1.248789564525691446e-02 5.990695010895382196e-26 2.266719571348536280e-17
-6.814070276021626515e-01 1.402413093813917495e-03 7.453881154793373366e-25 -6.264133873286304336e-17
-9.544610545215936881e-03 -2.592288460455100668e-02 2.019200461127990218e-26 4.393564191490751718e-19
5.407572627963830314e-02 4.478283543337490888e-03 -5.466065079298469252e-26 -1.164085144660650892e-18
1.739358326619317996e-01 -1.889279261335476048e-03 -1.289784997962727928e-26 3.727335961374071391e-19
3.789172242896021725e-01 9.710942404609772954e-03 1.646493066020556420e-24 5.327968297451764101e-16
-2.407310431741360723e-02 2.111869922836077940e-02 -4.337497549560444814e-25 1.939253150199694733e-17
5.407356903957860617e-02 2.740894397779383446e-03 6.246343796821455013e-25 8.141402438918885296e-18
-4.496814247884173277e-01 -9.128127783174153770e-03 -2.234904967804831672e-26 -8.067551019866120840e-18
-4.531588381063580417e-01 -4.067416643849903861e-03 -1.775334290834755939e-23 -2.877698285008132085e-15
7.274875832609575266e-01 1.456048422524238621e-03 9.727621002311032659e-25 9.061582429680859391e-17
5.010796786518987300e-01 -3.310618845989864861e-02 -2.426452505883954056e-24 3.539841109937091247e-15
-2.168626883406321593e-01 1.583771141381100020e-02 3.256291236915493078e-25 -9.835501370638150930e-17
-9.475174847154055335e-01 -1.400013077604692763e-02 6.685836811043387553e-25 7.799577857709969146e-16
-3.808503225642132506e-01 -1.992875636119387488e-03 1.115427980716474577e-24 7.445126143937841244e-17
-6.456482757188326538e-01 2.291506910889614616e-03 1.328999291982190766e-26 -1.729170894254318583e-18
3.035624128584653025e-01 3.230738789292109895e-03 -6.481894110717084873e-23 -5.590462961901928642e-15
4.667306961390758069e-01 5.997861197321605747e-02 -2.902566693278300092e-25 -7.145637549422758265e-16
2.829876288752637414e-01 3.300012332367185594e-03 1.220444725832144786e-26 1.002298610718294568e-18
6.648425801460156048e-01 -6.071231944945268584e-03 -1.218096762482781391e-25 4.323878087455336656e-17
-1.439690224324985390e-01 3.040973483978987296e-03 -1.348799834632727272e-26 5.193082157192215219e-19
8.727469132258900419e-01 -7.909234593478919884e-03 -2.872452422988175226e-26 1.743699420072384886e-17
-9.242241933770072304e-01 4.276497070183755272e-03 4.598103539220504573e-24 -1.598233606311993502e-15
7.323927094760540601e-01 4.097928187813370572e-03 -4.269737849606914204e-24 -1.126952386862527286e-15
-4.270175885768898727e-01 1.261423472314709450e-02 1.104830904053774050e-23 -5.233575403934368996e-15
-4.346078781314135497e-01 -6.140048370565872639e-03 3.174291456832057830e-23 7.449243789929817844e-15
9.962409049624783020e-01 -2.034224342650663847e-02 -6.590619772438373000e-23 1.174587768103981252e-13
-7.209253152323364944e-01 -1.050438602969171013e-02 -7.285159657333120398e-23 -4.851723290970297097e-14
-5.307759927265272015e-01 -2.865845893749527362e-02 -7.430482490505431030e-26 -9.939787960029646590e-17
-3.502084097348083791e-01 3.492670268895303048e-02 -6.384186620066676431e-24 6.867295446258617533e-15
-6.590724929426909906e-01 -1.931232633502553281e-02 -1.436254390480485627e-24 -1.607663483640248090e-15
2.263662781049851080e-01 8.589097188602684216e-03 -2.974097752175740826e-25 -5.085228663859456861e-17
4.127623212989441903e-01 3.720745378359844452e-03 1.865326256023313015e-23 2.519305302912440903e-15
5.263455193022044121e-01 -1.026454255009180434e-03 3.282273101585270726e-26 -1.559485149979875295e-18
4.718182620108324343e-02 -9.590370563224670866e-03 3.184685648552441422e-24 -1.267280364471621250e-16
2.748925852858334906e-01 2.842056954168400637e-02 5.520421279855823351e-24 3.792835648255936131e-15
9.762094110603956043e-01 1.601819210560854675e-02 -2.279440410215098102e-23 -3.134589911599891658e-14
-5.862015432592864173e-01 -2.158357597834040589e-03 -3.122898547762289543e-26 -3.474755363459063771e-18
7.529347379938333695e-02 7.531290305961289670e-03 1.079957722096858216e-24 5.385542749318385860e-17
-4.962191493133294440e-01 -7.690795656925331070e-02 -1.843855597313649606e-26 -6.188247835406836148e-17
8.886034949304968400e-01 2.533581083991309421e-02 -1.002515444345289442e-25 -1.984860079792176673e-16
5.378517390421329036e-01 1.994178727949966461e-03 5.498495851935341483e-25 5.186406567709092737e-17
6.565055532412493733e-01 7.519468199236307646e-03 3.938517477220460168e-26 1.709835415746543354e-17
-1.677443426662907910e-01 2.265118614437687874e-02 -3.209093129756017107e-23 1.072302089485893302e-14
-2.597271419343138987e-02 -1.226981151680602532e-02 1.276432041280586503e-26 3.577246979229747553e-19
-8.267950939106163410e-01 4.446691356085872605e-03 -4.993817735157349935e-24 1.614594857205570077e-15
2.667621484480755534e-01 -3.623719694272872771e-03 -1.242430266777121685e-26 1.056201611532905963e-18
6.248611319373331696e-02 1.581449264724607909e-02 -2.391805664290240848e-23 -2.078550905628011434e-15
3.705806426301296863e-01 8.888565511431557875e-03 1.504777288081187893e-24 4.358957511237641793e-16
-4.437536872985636816e-01 7.448472159484689770e-02 -1.302666616655666557e-25 3.786504328185012304e-16
9.325454395933465701e-01 3.465414431549953406e-02 5.790101783300898291e-23 1.645535972851832066e-13
9.036796417903283363e-01 -3.095478484800520073e-03 -1.350971172156547638e-26 3.323413430136526427e-18
-1.219595073602164348e-01 -4.024566215175864187e-02 7.317885975390419832e-24 3.158758161614661024e-15
-8.614733611667371171e-01 4.496754462680961628e-03 1.317348421320891652e-25 -4.487843280421387305e-17
4.959784157792705983e-01 -3.158069279224556564e-03 1.037746969926967331e-25 -1.429459661587170192e-17
4.435943223461116247e-01 5.452863791376883797e-03 2.264627758459793945e-26 4.817297359259407020e-18
1.612024363797694981e-01 -1.958682353719459757e-02 -1.230472832236936993e-26 3.416674777607657719e-18
-5.201662920355847319e-01 -3.660674738352193234e-03 3.958228118255767855e-24 6.628269645292192688e-16
2.698185681520177681e-01 -2.806880814103410431e-03 -2.002210192167452817e-25 1.333525956350585353e-17
-7.492339671569396842e-01 2.075520054009136195e-02 -2.073671118873248323e-25 2.835830516142518963e-16
3.781006063841241271e-03 -1.677204107908451813e-02 -2.110666328337524912e-26 1.177087840748349774e-19
-6.774512060307855688e-01 -5.336005502647650500e-02 -2.758361760072913561e-23 -8.768827218614124596e-14
8.334166259462154613e-01 3.000150053371648286e-03 -1.687964813137025844e-26 -3.711628716570183133e-18
-2.372720056763695240e-01 -2.691249686211720851e-02 -1.667483714534104700e-24 -9.363928631452196822e-16
-6.320973017507731662e-01 -7.327398731739501181e-02 1.451714725105659410e-24 5.913043089177086900e-15
-9.642319091481377225e-01 2.677550899649099730e-02 8.555229180401338901e-26 -1.942436737057181865e-16
-8.157184502152399208e-01 -3.519219980534560310e-03 6.371288323449747878e-26 1.608458867662379823e-17
-8.895049855827963370e-02 1.316795360142766075e-02 -2.259122477367218074e-23 2.327032512671700516e-15
-2.591030398837652626e-01 -2.657670349637853216e-02 6.298624454398573575e-25 3.814304276554019394e-16
-4.422012939314092783e-01 -3.014330314735720606e-02 -2.692613299668619733e-25 -3.156318618621735883e-16
-7.709028627749647811e-02 -2.419788633811818107e-03 5.200084894863973959e-25 8.530677522989938025e-18
-3.449632877713848522e-02 1.209191278450067603e-02 -2.623465258530935833e-26 9.623636311724604675e-19
9.776661123788137342e-01 2.384406938602467302e-02 2.700880623256919957e-23 5.536972014535642701e-14
4.847102123626245707e-01 -1.759684991722128625e-02 -5.309450288916335615e-25 3.982563042412014612e-16
9.415275571048868919e-01 1.081968134364960296e-02 6.796048127652979374e-26 6.088354785981690504e-17
-5.055391753629212559e-01 1.997141705628832295e-02 -3.820246389371801770e-23 3.391962724048577406e-14
3.723583071699161362e-01 4.892092799232418410e-02 -6.610064545438904448e-23 -1.058906061889994438e-13
-1.322049791434161126e-01 3.229286197689959070e-03 -2.168164263327514497e-25 8.140339737848038388e-18
6.063239287618571449e-01 -5.725176190466728376e-02 2.085429713499654162e-26 -6.366271004914868520e-17
9.307716513897121846e-01 -3.614187213027957729e-02 3.171229178254370881e-23 -9.381611004543272520e-14
-8.584300108955349451e-01 -1.569780334150129878e-03 -1.234134863066071533e-23 -1.462521965674766365e-15
-4.629051275434334922e-01 3.425942710659659468e-02 1.694516866731939734e-23 -2.363273494506015068e-14
-1.060861756202766681e-01 1.397311254626285720e-02 -5.197171020149759116e-23 6.775088288567824332e-15
5.778795624517283347e-01 4.592934749728183955e-03 8.229489940658651054e-23 1.920863613653650026e-14
6.106845132809057830e-01 -1.762276154573136702e-02 5.096933775375677246e-26 -4.823872968003639876e-17
-3.310678715104145020e-01 2.055626564367130441e-02 9.494886106696874731e-23 -5.682599097029939803e-14
7.816909907855031925e-01 3.450425648765409904e-03 4.586752278061379817e-26 1.087950323762543029e-17
3.500857735313605001e-01 1.212909591376941550e-02 3.474930380017410426e-26 1.297612442692396964e-17
-2.220729721422487479e-02 9.409807879064912076e-03 -4.516987635534361917e-24 8.300827017630780688e-17
-8.836557641452125189e-01 -7.722148442800112755e-02 4.867475579937378443e-25 2.920929280183403107e-15
-3.255088874125084963e-01 -4.932077693347564247e-03 2.390136671223073367e-26 3.374516029626453148e-18
3.141391472101431326e-01 -8.522556121706384435e-02 1.540256782434740238e-26 -3.626444709557046127e-17
3.874085123392898566e-01 6.699232070749593093e-03 -1.087332372855598726e-25 -2.481718398120071669e-17
-5.797042045812539346e-01 -6.154378174770302676e-03 -3.808723906397965265e-26 -1.194995092658617403e-17
-6.841954483717320734e-01 -2.307233677504759439e-02 -7.792361679103845800e-25 -1.081774812232780020e-15
8.708505312788616948e-02 -1.380639754914607734e-02 -1.099468695186253941e-24 1.162526507655206625e-16
-5.540368279421521436e-01 1.363306412862162319e-03 -1.398305983915441967e-26 9.288173691112596646e-19
-5.728016816253003185e-01 5.612178109155790094e-03 1.338134591635496542e-24 -3.782958070510660819e-16
2.589801356947907252e-01 3.066927727070445017e-02 6.792046077828891428e-26 4.744239660736894168e-17
-7.078909025802220256e-01 -7.733408877288897032e-02 -1.483014485289520685e-24 -7.139679175282095315e-15
-9.697800944533652157e-03 1.179043094353039722e-02 -3.855441909561008478e-26 3.876797429659049094e-19
-6.055097056624487717e-01 -1.031451722029315529e-03 4.045962581978119466e-26 2.222224218660395609e-18
-8.240466910872481510e-01 5.227993170831888442e-02 1.982273297865515961e-26 -7.510111115453530697e-17
5.468781979741619281e-01 7.361846889661106952e-03 -7.439067537846421961e-26 -2.633855184466813680e-17
-1.111709480306433129e-01 -6.116008185167208858e-03 -1.295798745211055669e-26 -7.748059061166096745e-19
9.564482277375008223e-01 9.746069991305078561e-02 -8.407807224866854938e-24 -6.892388333050644031e-14
8.706234734813025344e-01 3.088883455882702415e-03 6.853471318619132465e-26 1.620833838029728246e-17
5.403056769178551377e-01 1.979663800652490396e-02 -1.563642835428919551e-23 -1.470836951611501910e-14
-5.428224216198729302e-02 -1.325957004209013697e-02 7.828827258160909027e-26 4.955413855370696865e-18
-8.746519697539434368e-02 -4.105186366518729681e-03 5.209011856429647413e-26 1.644824259366757212e-18
9.182513590003349435e-02 -1.416639991415959490e-02 1.286523223562253823e-23 -1.471752248586032788e-15
-8.859196270608840074e-01 7.818900040545050112e-02 -3.756251818086440960e-25 2.288182628711097086e-15
2.669819459212798840e-01 -8.811046204073749721e-02 -8.259530393974493436e-24 1.708679971234683589e-14
7.484787721941084104e-01 1.501725372682759414e-02 -1.282007158336757002e-23 -1.267232950050241275e-14
9.208386394084115967e-01 1.188920078580997519e-02 -1.030111108379035512e-25 -9.917821024528420001e-17
-7.111981802807458841e-01 -8.364430207051273825e-02 -1.795803070351565851e-23 -9.394673872998554022e-14
-5.288507287501049703e-01 3.148470088981882627e-03 6.280867421966534591e-26 -9.197044875660043839e-18
-9.175941537551657312e-01 -6.080704782116684061e-03 9.891018697197674692e-25 4.853349646228967126e-16
-4.192167039164889086e-01 7.099446588116702615e-03 3.166358119166382536e-26 -8.287415400742017681e-18
9.124346325708760919e-01 1.540751419626148165e-02 2.422734768801157814e-23 2.995271608361730396e-14
6.148500917440582469e-01 -1.301654962049932735e-03 1.180479735367522395e-25 -8.308443234279381606e-18
4.374033062944748806e-02 4.764005060845710043e-02 -3.461851996318139923e-23 -6.343935702795053583e-15
7.428426179405689389e-01 -7.362514176600006011e-03 1.376324238071265476e-25 -6.619721437774334220e-17
-2.120774368579705360e-01 -3.829190234380038492e-03 1.807244523457972398e-25 1.290667357224766797e-17
-5.266188532493900620e-01 1.620836644871471652e-02 1.315957782897692784e-24 -9.878104295384436901e-16
2.049720921788678041e-02 -2.488597367419943373e-03 -7.373387211081999210e-24 3.307595657500925125e-17
9.160873461914871285e-01 -2.168115354030631867e-02 4.097247723152276523e-25 -7.156612328170815090e-16
-6.001543062064085277e-02 2.722481278832468952e-03 -4.446972148211552646e-24 6.389814320932334097e-17
-8.687193531663950363e-01 -2.638007249816223202e-03 -1.060366254399414370e-23 -2.137014061972665464e-15
8.770275969467771215e-01 -1.150157765051258848e-03 -6.271538640610350172e-23 5.563406298583321075e-15
-9.596347034183116964e-01 -1.325563044333018681e-03 2.459433097607728627e-24 2.751296187609564057e-16
2.320358118163838856e-01 2.588999946838655558e-02 -5.252588245810835527e-25 -2.774958019120478066e-16
1.207252106134888425e-01 3.029344856263479612e-03 -8.178806333692933129e-26 -2.630465512976585355e-18
8.010525675615776109e-03 -5.087260667641212847e-03 8.020537050224935055e-23 -2.874381821557039501e-16
7.256534157987244438e-01 7.849130717153256220e-02 -5.670457731310568029e-25 -2.840304641316873492e-15
-1.465936058480910020e-01 -1.783658479740608468e-02 2.217202909863892445e-25 5.098332676522428299e-17
9.704103978719913481e-01 -1.702778720056061929e-03 1.275383509955293628e-23 -1.853320174031273165e-15
5.446334453190995184e-01 1.188993882717060638e-03 -8.978117230399868113e-26 -5.112875288952224433e-18
-8.481116483740369638e-02 4.765699365413759298e-02 3.730610398069044054e-24 -1.326036770450783458e-15
-5.476105103020700859e-02 5.689671715097812874e-03 2.466776104904131123e-25 -6.759035340052788091e-18
4.956555022965813961e-01 1.245525214281402795e-02 1.456270610594157211e-23 7.906249961706928789e-15
6.475071045337783548e-01 3.524102598321092461e-02 6.285071272438129720e-25 1.261244510064222878e-15
-7.101501792004270008e-01 -8.756782333221872772e-02 -2.971030561936180997e-25 -1.624792385770184313e-15
-1.033810659163938439e-01 2.939569048979740265e-02 2.430329373977476346e-25 -6.495099492085903949e-17
9.588961216049056713e-01 1.008883193643554319e-02 -8.927059350835835490e-24 -7.594809273396171804e-15
-3.046817209670382720e-01 1.485711628607666373e-03 -2.157298849205223949e-26 8.587905061585567013e-19
-2.677060945466758213e-01 1.789890843430568153e-03 -7.101085197309047801e-26 2.992302726319601704e-18
-9.377950415937210682e-01 -2.725918527750275256e-03 2.240483660985095889e-23 5.036844984771701985e-15
-9.327122032894052950e-02 -1.692314784280201214e-03 -2.058351016146121922e-26 -2.857223713939932596e-19
4.027663694473091471e-01 8.057124598823777600e-03 -2.530529560375685274e-26 -7.221720820184533482e-18
7.196466929937566093e-01 1.676129484158366684e-02 -3.165719107205554117e-25 -3.358112779580889584e-16
-1.420599022868216377e-01 -4.275092834649496520e-02 -2.045955528584119129e-25 -1.092720904385495000e-16
5.224988091146485214e-01 6.083826412763322297e-03 -1.680030317170630839e-26 -4.696509857230188585e-18
-9.623177294191993525e-01 -8.091481746561206279e-03 -1.074389301253894296e-23 -7.357058700917726774e-15
9.650419798729927834e-01 -1.880545852092704515e-02 -1.144455018401825526e-24 1.826521804235489276e-15
-8.663386674264490495e-01 2.575462260638119744e-03 -1.209490959060557827e-23 2.373239214350915019e-15
6.357128715936408714e-01 -3.432452820448655528e-03 -1.838957386661933984e-25 3.528850398804190966e-17
1.005789462035378001e-01 -2.923637761872389940e-02 -9.001645543661991280e-26 2.327815479431364817e-17
1.222729323300435489e-01 -1.671599799472553091e-02 -1.905034304046031131e-26 3.424218258433662821e-18
-4.953884522732188156e-01 -2.653494243879949907e-02 1.808263004604887437e-26 2.090362597794547657e-17
1.654011351133994889e-01 1.449864676402533650e-02 -1.962762323963750382e-25 -4.139326349603697698e-17
7.483472328835902854e-01 -2.612459258549544930e-02 -7.521893703323189924e-26 1.293230312443794110e-16
-1.976198299666007685e-01 -8.003243860895585884e-03 1.964896954167046466e-25 2.732954184617431786e-17
4.061341809930676394e-01 -9.251290865252149997e-02 5.631543918460782645e-23 -1.860781387457681681e-13
4.859117797154888230e-01 -8.284136249790166953e-03 7.166045739761499270e-23 -2.536764999271232974e-14
-5.181500345647667150e-01 -2.535376230816844059e-02 4.597367092761858290e-23 5.311328087556671191e-14
3.973966346632353819e-01 4.090091229330695272e-02 5.593855363349830015e-26 7.995845857342598789e-17
8.766488557769593903e-01 -3.712468646523342519e-02 -1.239415206138364409e-23 3.547327496455592707e-14
-2.393206382212647032e-01 -4.819526206610142555e-02 5.892506580247825154e-26 5.976963104860318254e-17
-2.880304521072667434e-01 2.849307556412044619e-03 4.174902032864990881e-26 -3.013144956131264949e-18
-6.177340307729730640e-01 -2.757661198227647978e-02 1.256463535460300350e-24 1.882297758569690110e-15
-6.449986175766797558e-02 -2.287704676497182704e-03 6.513605879918190400e-26 8.452325650909331678e-19
-7.570672235819644325e-01 6.188872229431488341e-03 -6.559126728919371357e-23 2.702638650187769720e-14
-1.986231348979070610e-01 -1.534273611797435256e-03 1.093670078687506105e-25 2.930994332429044112e-18
-8.600284356883374226e-01 -2.457612833935394342e-03 3.864174875633957851e-23 7.182556482889601782e-15
7.858760235363919655e-01 -1.452804320453487778e-02 -3.908560452943887907e-24 3.924406582818319207e-15
-9.941232649021527479e-01 -7.749628283379261795e-02 -5.942455252492176830e-25 -4.026085834773858695e-15
8.835433572387498824e-01 -5.697149418090375998e-03 -4.503407181188388734e-24 1.993529617042068949e-15
-7.413088408959691566e-01 -2.557640299866402109e-02 1.600006568787120380e-26 2.667819311203028393e-17
9.178746071707157839e-01 -2.269724015516793453e-03 4.755735169312467761e-25 -8.713047282240836313e-17
5.605753362996361844e-01 -1.342062956571817359e-02 1.295332167684217535e-24 -8.570063234520730395e-16
-6.895675593923860092e-01 -3.538561713015850319e-02 -8.220430841294348229e-26 -1.763982110616272324e-16
1.116016778174269142e-01 1.265860331472069356e-03 4.299642848410288389e-24 5.341766459714113771e-17
-7.982653497520011410e-01 -9.184585205491670873e-03 -4.896341822210263869e-26 -3.156999805537558130e-17
3.922293691364240331e-01 1.627829677366104738e-03 -2.164834854554182850e-23 -1.215541647042222366e-15
1.781566756908303795e-01 -1.270778596175824518e-02 -5.613860235803207344e-26 1.117711162466282622e-17
-9.472136935753572295e-01 4.465851870404118421e-03 -1.021619860353351734e-25 3.800472627808823144e-17
-6.991364599645442102e-01 1.230280266390250182e-03 5.331397245552182537e-25 -4.032766277173472113e-17
7.708782014586488263e-01 3.991582117930789209e-02 5.294184314148831220e-26 1.432603113531079196e-16
-2.758064131843616096e-01 3.703319826620380534e-02 2.462243091371608607e-25 -2.211681109544243180e-16
5.361693738128048281e-01 -6.900459434266308090e-02 5.531763506264879529e-25 -1.799863689806040550e-15
6.901611144705643852e-01 -2.106132376276762062e-03 3.369015554561433818e-23 -4.306606257391128779e-15
-7.274656060145792136e-01 -6.543524666570203763e-02 6.035211252296418800e-24 2.526461506727077006e-14
-1.905959622933355302e-01 -1.359568819190501258e-03 3.232305170613383600e-25 7.365856420343906400e-18
-2.990392696227102132e-01 8.209887695601287422e-03 -1.278978614110934193e-26 2.761370765517251291e-18
-3.192349505761828965e-01 3.497284849790781303e-02 -1.348071187937607650e-23 1.323580214219158087e-14
5.263893483814481300e-01 3.803846634032381074e-02 -9.863977406559390317e-26 -1.736913378273887378e-16
3.764521862828815735e-01 1.059189190186836209e-03 1.865499906938162297e-23 6.541458576010773848e-16
6.998709601032067074e-01 -2.658393041428152095e-02 -9.700874824666511281e-25 1.587245359771822134e-15
8.730909438065743711e-01 3.646925117609636519e-03 -1.731127982121549669e-26 -4.847429553080647984e-18
-2.728346448776148847e-01 5.490229361782970885e-02 5.253910944668236430e-25 -6.920997816518156549e-16
8.550486605783487182e-01 5.855058030461425533e-02 -2.164353677115497360e-26 -9.528976709244882698e-17
8.082252645295180393e-01 -1.633991342180668351e-03 1.299728803608787732e-24 -1.509492352081542936e-16
-1.693260972918404494e-01 -1.002545214234220293e-03 6.545059062283327852e-23 9.770964538813042104e-16
-7.598318176703804383e-01 1.142469661940137158e-03 2.365611580191782027e-26 -1.805932815576601078e-18
8.011830963826200858e-01 -6.988175927914738218e-03 1.251206161697631306e-24 -6.160564124743166127e-16
-3.841039914787298670e-01 1.991924769160595410e-02 -5.336808275597818664e-25 3.590867279510211950e-16
5.738645281998773218e-01 -6.828704153265734156e-02 1.770856055789839225e-26 -6.102769118673374908e-17
-2.640484685744537430e-02 -1.992047974275123947e-03 2.735339881915823526e-24 1.265291947886176986e-17
7.337887343454707612e-01 -6.976739382198304806e-02 1.022431293058326575e-26 -4.603134592616409692e-17
4.220325524537851258e-01 2.358512628807277189e-03 1.168146230628800290e-24 1.022533084789706455e-16
7.917421061603224786e-02 3.712919004873568851e-02 1.320497263554404893e-24 3.413757941061428475e-16
-6.610340809510066862e-01 -5.391184372263228136e-02 1.348144784438896398e-26 4.225134822409489508e-17
-1.121179917846277796e-01 -3.437642653952713463e-03 2.627558877520661957e-23 8.906037025429304416e-16
-6.342290350120016740e-02 5.624277349717513204e-03 2.339474250270112597e-25 -7.338834920446386450e-18
4.093120441451831848e-01 -3.396856267994899370e-02 -1.531161700967165204e-26 1.872184963239577192e-17
5.195681557069573575e-01 1.728952599369725299e-02 -2.262045029753262300e-26 -1.786993030073883105e-17
2.271566973412313395e-01 1.235613394472694429e-02 6.328506512585484481e-26 1.562087600398175307e-17
8.226304181680794692e-01 -5.454684332265222722e-03 -3.402355503414746889e-23 1.342610617071923117e-14
-4.922397304823848962e-01 1.845969395131784319e-02 -1.005804227879999756e-25 8.037308121053217939e-17
-1.842074697728990351e-02 -1.442718459541258947e-03 7.982499827574292740e-24 1.865622384755094294e-17
5.896458191605975507e-01 5.146603476623630435e-02 -1.151972869027788393e-25 -3.074327881319922550e-16
4.384442843496947351e-01 6.079861261203408501e-03 -2.894868704055018443e-26 -6.786298422046604044e-18
-3.738067568074445735e-01 -7.996764508711602659e-02 -7.519864288618742990e-24 -1.976821507609324849e-14
7.742355621137131383e-01 2.247507379466810121e-03 1.840894090019567144e-25 2.817079125903291613e-17
3.107316852756873971e-01 -1.700928852449985805e-03 1.237269697688953071e-24 -5.750850337392806124e-17
1.173656870316910350e-01 -7.322785145207183488e-02 -4.245083619394198095e-24 3.208482589219332156e-15
8.483022524829941791e-01 -9.614759879470187454e-02 6.935206784782957927e-23 -4.974443218334836714e-13
-6.965217328100758998e-01 -2.481084566245235143e-02 4.312916392661828102e-24 6.554556004556849976e-15
-5.784858741194240928e-01 -5.260403831207697591e-03 -1.408112787841198764e-25 -3.768298407573483831e-17
1.405905045483117899e-01 -8.009785621097253658e-03 -6.021295949592681979e-23 5.962973178323316536e-15
7.460159573580691372e-01 6.093496740483712003e-03 8.128295903955465107e-26 3.249452598211527715e-17
-3.369131186009304280e-01 1.925390296114683902e-03 7.018252911970516853e-25 -4.003701725713689404e-17
-4.384709956302710321e-01 4.230037445737621152e-03 -3.033313424107000584e-23 4.947643166181351834e-15
-3.335737158337399588e-01 -4.933624644387822611e-02 3.980518555062196811e-24 5.760943031689387770e-15
2.306644897468344002e-01 2.630422582241207386e-03 8.551436389290639031e-23 4.562904037573924662e-15
6.933887558835292175e-01 6.621471465232441067e-02 -6.694048686310724337e-24 -2.702814085995682058e-14
9.471533853365552424e-01 2.063852256015371364e-03 4.895459011014566357e-23 8.415663061377116262e-15
9.631417887131030753e-01 -1.754528786077867025e-02 -1.026365174420954371e-23 1.525276686677632003e-14
-9.433896737128124599e-01 -9.779076624652716099e-02 4.489237688884652902e-24 3.642147818793569445e-14
-2.943625961218347964e-01 1.812525801984102639e-02 4.566396336571732237e-23 -2.142576935540863506e-14
-5.972065993258861560e-01 6.555024667456020582e-02 -6.484438812615100759e-25 2.232375900339511285e-15
3.443122810866816597e-01 -1.988255715787466682e-02 8.490920202043911468e-26 -5.111819530523741731e-17
2.978430882709079963e-01 -3.324372440491984299e-02 -9.602282067756674487e-23 8.361181658857785350e-14
1.704892784027243202e-01 2.738659610368099871e-03 1.157382602070167316e-24 4.752346296600907078e-17
-4.003325024747941274e-01 4.241339414403466623e-02 -3.043260802013114597e-24 4.544216897595930690e-15
-3.274329064840657555e-01 2.792335167003795818e-02 -4.187672550845052924e-26 3.367119924976633460e-17
-9.959386774272798171e-01 -1.544900793686784140e-03 -5.719886993561188713e-24 -7.739566637133910037e-16
-3.672965205163558622e-02 -1.809596575313335504e-03 3.133225989818258379e-23 1.831413033243950373e-16
-7.211768787198180597e-01 -2.142078606540927938e-02 1.681816641961422673e-26 2.284819224901236252e-17
3.025869496279793847e-01 -3.433064805026549756e-03 1.033890382173455271e-26 -9.445015836649670345e-19
-4.931908608835102736e-01 -2.544190599951919735e-02 1.103358941688727834e-25 1.217523866432924425e-16
7.254346901903163669e-02 3.164060254075021228e-02 -9.054771482573903532e-24 -1.827749019783739254e-15
-8.349108080348901506e-01 -3.462248436976201466e-02 -3.563913188884489921e-26 -9.059858777852429410e-17
-9.863800550764347808e-01 -3.049328572180922455e-03 2.751088593426244421e-23 7.276944820449088447e-15
3.644978350865824002e-01 7.059489533206314560e-02 1.817725591307828120e-23 4.113320725028804682e-14
-3.249178656618403327e-01 1.181175321517029600e-02 -3.601063232917497617e-25 1.215387328503751647e-16
-8.382911717877414848e-01 1.579114129625196206e-02 -2.036392888320260070e-23 2.370642052905850384e-14
-8.081375785535644951e-01 2.495842633620365750e-02 -4.263926000650102129e-24 7.563244850424067290e-15
-1.490491236538025177e-01 -2.264692500803952568e-02 -1.209687900573297364e-24 -3.590938820560863977e-16
3.486615165110835690e-01 6.210174770434468555e-03 2.986993095166607513e-23 5.687718008100794117e-15
-5.154166398669699500e-01 1.077147221980924181e-03 -1.485588978972251119e-26 7.253175238641608979e-19
6.558292658651598828e-04 3.954318369678434635e-03 -2.636477118848983900e-24 -6.012878550911490744e-19
-2.229330177946990954e-01 -4.091659628509765334e-02 2.083484998619847382e-24 1.671322547499416287e-15
-1.344793424419781225e-01 1.394777311838334274e-03 5.135111309558551583e-26 -8.470446687920856756e-19
6.078008254977176339e-01 -1.573675838000131860e-02 8.689367088714310252e-26 -7.309046206000341160e-17
3.674420157371403040e-01 -1.030125556341375537e-03 2.778404227749225858e-25 -9.248480986931394138e-18
2.343065015883394331e-02 -1.974555352429225794e-02 -1.758636786746694497e-25 7.155266373402288597e-18
-1.198054225132632045e-01 4.667454976657326587e-02 -1.111359558594271193e-24 5.465214374129793647e-16
-9.507044615881727889e-01 -9.324686217695976609e-02 -3.917261181644253680e-25 -3.053924440737433606e-15
2.367445986462002327e-01 2.409035874492424997e-03 3.852819351104145772e-25 1.932404292715735629e-17
8.021826968416059245e-01 1.102578319845979107e-02 1.771101807577932239e-26 1.377597243882376136e-17
-5.543987354505564014e-02 -8.544886743631460030e-03 -6.261887004309788871e-24 -2.608733821191849112e-16
6.021310174719911590e-01 6.788629122296733522e-03 3.464335038939232161e-25 1.245342957397235137e-16
-3.785652758651094629e-01 9.584035749409174076e-02 1.102680981589270062e-26 -3.518317958118326206e-17
-3.042055062647732733e-01 5.353317146146729932e-03 1.260454196500277050e-26 -1.805149238949471928e-18
-7.916131262025416504e-02 -9.545836956680132934e-02 -2.036068520306350478e-23 -1.353054808032143014e-14
-2.526085545885412564e-01 -1.033962120562792637e-02 -1.466198837217255796e-24 -3.367763250153974237e-16
3.258136224703835904e-01 -1.167733863785040856e-02 -9.749229659208217442e-24 3.261965884182782289e-15
4.760125777301229544e-01 8.174938652210739926e-03 3.321929033751585487e-26 1.136813654226668072e-17
-7.120491737992016290e-01 3.751719081144214846e-02 2.119573017478750815e-25 -4.979487901520981575e-16
-3.452472104624524363e-01 5.007542982575993902e-03 1.164253106188224297e-25 -1.770101905676821800e-17
-9.933786324613473884e-01 -3.518376163593425841e-03 8.600368480733631349e-25 2.643444173706970354e-16
-3.884884442118452519e-02 1.289834535006786041e-02 3.489080446022418802e-25 -1.537514035871528325e-17
-2.579167470357806025e-01 -2.918984953243508249e-02 -1.981744190888605288e-23 -1.312063919821787200e-14
3.133632593694266610e-01 4.916369024991769365e-03 -5.064562077747179623e-25 -6.861679812613469347e-17
4.862904926164961505e-01 -2.484655246538668930e-03 2.430763282112167816e-25 -2.582858321012131932e-17
-4.279864409325011554e-01 6.698743453156673355e-02 1.533494864942728094e-24 -3.866354597908187165e-15
-7.862793116941244609e-01 1.828021748279549594e-02 -5.338293545430712665e-26 6.747713875014983319e-17
-7.689153731479128062e-01 8.196982928567524140e-02 -3.870075049463781295e-24 2.145102069913247892e-14
-4.661628570813298733e-01 -2.009837667446771024e-03 3.364764948814107923e-24 2.772358439857573465e-16
9.116164085990225985e-01 -5.456965974057124968e-02 -6.394277635359423913e-25 2.797376157052183791e-15
-9.929886045898550506e-01 -1.660646479161272809e-02 -1.420322705305000790e-26 -2.059702441249674756e-17
-8.120687894957494546e-01 -4.939842245286131528e-02 3.676463801765309466e-25 1.296976759168311458e-15
-2.609704591381618588e-01 1.427716017843876865e-03 -9.935340531045678568e-23 3.255456817683398358e-15
6.776017339474877943e-01 3.729104878004851995e-03 -1.817115311641804315e-23 -4.037918923717160060e-15
8.775855426527168213e-01 3.586494177325142817e-03 1.094078900856186340e-26 3.028337212899836782e-18
3.439629109770685478e-01 -3.494132938498022145e-02 -2.252410442106215073e-23 2.380644637029562325e-14
2.665860490597808941e-01 -2.309992467012330578e-03 1.400987615813499882e-26 -7.587143156150871068e-19
2.739791457567100075e-01 5.806603194230497596e-03 9.926965934521570963e-24 1.388839909390708211e-15
7.602468599601137633e-01 -8.768522902416860804e-03 1.571377717718258780e-23 -9.212079272882010754e-15
1.958531317951961448e-01 1.176764653777297772e-03 -8.607601880696554666e-24 -1.744609800157144050e-16
-5.428203518391752080e-01 3.741793860415416634e-03 -1.827009972741223321e-25 3.263419457044066780e-17
9.086315726559024419e-01 -1.358834997940403660e-02 8.273842680667712398e-23 -8.983753076908052907e-14
8.186770906273390658e-01 -1.678203060979011193e-03 4.780301730035561172e-24 -5.775750929210139862e-16
3.524465645316672280e-01 5.881343790247613688e-03 -5.631780613562284374e-23 -1.026624388187461064e-14
-3.817880720149087193e-01 -2.499075436902203906e-02 2.172626502592887482e-23 1.822983740089284155e-14
3.223446237590474883e-01 -2.210863015003894372e-03 4.426363469567070039e-26 -2.774120611277562600e-18
-1.486967851594525047e-01 -3.752683099747172735e-02 -6.279600437560367604e-26 -3.081566057870753994e-17
9.914878865003367014e-01 6.341161998971393127e-03 4.447935050271797376e-25 2.459295404244509178e-16
9.808024057610298385e-02 3.048261251438190433e-02 -9.857523513443552764e-25 -2.591776393836655720e-16
4.855801643213468743e-01 9.053123198072202116e-02 6.113736699290015422e-24 2.363535335553496007e-14
7.093182553311978555e-01 -1.743802209355482845e-03 -1.154093301589725268e-25 1.255380219745040929e-17
-9.137190551230474078e-01 -2.130335357253422546e-02 -1.690681819026618534e-26 -2.894133366007605245e-17
-7.041944099729540163e-01 7.604553403655536087e-03 1.713272312313647570e-23 -8.068423471804841602e-15
-9.606050251002118401e-02 3.198710161805771307e-02 1.586235583662283837e-24 -4.286308570666710319e-16
6.259749543263197769e-01 -8.865262200603918341e-02 -1.462170017795459545e-25 7.135795850253685112e-16
-4.920404315307571608e-01 -1.324199847887968899e-03 -1.526193989681144419e-26 -8.745005030189910936e-19
-8.086914855604814267e-01 -3.147531516122114431e-02 -4.340674111347501669e-25 -9.716416872005064323e-16
-9.768319990081792970e-01 2.250394410354698491e-02 -5.490836331428435674e-25 1.061482936390443971e-15
9.458834496998440589e-01 -9.842536670511606300e-02 -1.700296668240051848e-24 1.392083776777299480e-14
-4.990720502954459903e-01 9.569805402702111913e-03 -2.480130482274790176e-25 1.041686139983787258e-16
-1.409265094468783452e-01 -9.539018079358974056e-03 1.289295182464090501e-23 1.524209721763140630e-15
6.595269879803911106e-01 2.547898706717519751e-02 -1.332212156817165595e-26 -1.968720768351871791e-17
1.634806070147845070e-01 -3.150740206219576102e-03 -1.188345825091455969e-26 5.382916978163621645e-19
-1.918238745939093715e-01 -3.168296793361943114e-02 -1.003117120564232925e-26 -5.361374689961509263e-18
-6.830046134711447170e-01 1.847635158973020327e-03 -4.226719575377107901e-25 4.690717634668864500e-17
-6.448802393484125428e-01 -6.871743732034328589e-02 -6.316125578380758503e-26 -2.461459989424182093e-16
5.170292267053733237e-01 9.297760405391491609e-03 -5.625325883751498047e-26 -2.378138432352042739e-17
2.896068554511903592e-01 -1.015498259945782876e-02 -2.556719025437811283e-23 6.612520404774616464e-15
-1.838127998627478998e-01 2.483164233937278781e-02 8.937120834524450999e-24 -3.587358872420992213e-15
1.679960504164470514e-01 8.993361231075956697e-02 4.330389609362502631e-24 5.753658504536937831e-15
-5.012729054791364991e-01 1.481907562576945721e-03 1.541992866752697548e-23 -1.007334504882207210e-15
4.187147708346805608e-02 2.909724405582033921e-03 4.723840995717903493e-25 5.061292184654681218e-18
1.027480861957632552e-01 1.218778278661787270e-02 -9.738798378651745166e-25 -1.072506226054417900e-16
2.252916249595744436e-01 -6.180537394740936302e-02 3.800271977297734701e-26 -4.653524079258732466e-17
-7.018272468061148572e-02 1.211695671441452614e-03 -2.163485218259536397e-23 1.617982104151025409e-16
9.647564271672126601e-02 8.694504663996661942e-02 2.195758326270697185e-25 1.619731632753380737e-16
6.481502783206731788e-01 -2.459532297596945735e-02 1.876124919813654664e-26 -2.630183168017923788e-17
5.119778586490753014e-02 4.290255791233967865e-03 9.137020162506971316e-24 1.764960333853660639e-16
3.601228023062286177e-01 -1.827163408695920907e-02 -9.544634834853441075e-26 5.523105361892621328e-17
8.743564105291641297e-01 -4.258702409063280271e-03 8.428721909887224057e-23 -2.760091740895080643e-14
1.054181522926378456e-02 -1.327130369257082873e-02 1.759669089013280912e-26 -2.164990488850722318e-19
-1.990686986386089874e-01 -2.095627659580769769e-02 -2.284747453090052472e-24 -8.382070350051444657e-16
-5.293567817536315445e-03 -7.124598236562780518e-02 -2.998367489603203318e-24 -9.944654996641793117e-17
-6.209477270784069525e-01 9.664436174213349162e-02 -3.300123319480366769e-25 1.741637364200277779e-15
-6.223561866356792649e-01 -4.391812386237555974e-03 -7.936434858076904069e-25 -1.907674377285557673e-16
5.854813875316891014e-01 -8.322005016508817257e-03 -3.338578043143487097e-23 1.430535368661356188e-14
1.562458278039824400e-02 -4.639337212890563833e-02 4.994814659371810314e-25 -3.184049039202190123e-17
-1.541644444617031873e-01 -7.862166856571194129e-02 -1.330662430289324333e-24 -1.418372734957302816e-15
1.710045014409644626e-01 -1.655200001218917446e-03 -6.834827714359131357e-25 1.701302706048748245e-17
-8.868142013705475613e-01 3.168762322509176364e-03 -1.358330139097150242e-25 3.356785899344275234e-17
2.850532139750383553e-01 -9.257868987713128994e-03 -3.977267684730404042e-24 9.230342039675378263e-16
9.409420711736580234e-01 -2.596025008779227847e-03 -2.731902421248845053e-25 5.868578825895307295e-17
2.108962206667013284e-01 -2.518249405594641822e-03 1.904594721756785249e-26 -8.895412948290351273e-19
2.441463837148725169e-01 -6.932461222949036495e-02 2.332409747605454527e-24 -3.471671250722531941e-15
9.810390710923106994e-01 7.469050686270736067e-03 6.904867392091984083e-23 4.449416422096404445e-14
-4.387389172390421255e-01 7.041448096992439232e-02 -3.044448745881442160e-25 8.271281638120656309e-16
1.676726806682025117e-01 2.425688108184340455e-03 4.831212642540102276e-23 1.728022608272002896e-15
4.347226267400106092e-01 4.721200929006481861e-02 -7.532778501243980246e-24 -1.359614935852426447e-14
7.800305101689490872e-01 1.830975051003559673e-02 -2.432473681624646540e-26 -3.055189600418291991e-17
1.567831518531259682e-02 2.026427147811188031e-02 2.661204480451547215e-23 7.435405053060647749e-16
-4.916033101090562241e-01 2.810607003832511254e-03 2.314232624869103156e-23 -2.812016953527078008e-15
-6.782462366076493776e-01 -9.239042588463465544e-02 -3.111706900056709238e-24 -1.714782508735280064e-14
-6.012279095601003043e-01 -2.713792783886233642e-02 4.069397774692640490e-25 5.839046847186503192e-16
1.609382312160234640e-02 -7.575051442825724013e-02 -9.861123927639483329e-24 1.057224521046286161e-15
7.196899318663116940e-01 2.037060707483856134e-02 -4.751901048602015053e-25 -6.126504937024662155e-16
-3.332295871141059962e-01 6.485542306563309156e-02 5.425356278733722202e-24 -1.031131644662943592e-14
3.036294600160189816e-01 -1.842798078736596068e-02 4.592572939099072714e-25 -2.259819338546598751e-16
8.895063792095081467e-02 6.812659160399206493e-02 -3.100509458035763110e-23 -1.652322395993039918e-14
8.341379131956709880e-01 -2.812055227758839676e-02 -7.401885527232689207e-23 1.526863001822287002e-13
-8.152502023827776778e-01 -1.761358601497325579e-02 -2.922616151506310342e-24 -3.690680755264718165e-15
-5.512650773981053742e-01 3.858773357827913891e-02 -5.076522860017367330e-26 9.496686438431148290e-17
7.232980347946784683e-01 5.009918551211760968e-02 -7.997040463459343367e-26 -2.548433141487561817e-16
-6.515101934918654525e-01 3.738474222500715646e-03 3.021912224816813749e-24 -6.472818827416041284e-16
1.735868116686891671e-01 5.339426726737905859e-02 -1.840651550816426935e-23 -1.500302865787163099e-14
-8.219134465235649056e-01 -1.147032411843475208e-03 1.214200110584490193e-23 1.006672127153686767e-15
-6.726339022306546678e-01 -8.333555429238152790e-02 3.384568221104100478e-24 1.668431397472565154e-14
9.095010252963273700e-01 -9.174722596074845471e-03 6.982189006666417360e-25 -5.123700506342702713e-16
-3.586319995520281800e-01 6.667854420498432050e-03 -8.084773152684056027e-23 1.700195983860242632e-14
-3.641374928746916595e-01 2.833386207479948824e-03 -1.293412623418291909e-24 1.173557217625245120e-16
4.530021353931124040e-02 -7.616659739244317773e-02 -3.410575804684776286e-25 1.034876466446102623e-16
6.629242282146865506e-01 1.554033086716225800e-03 8.221222084708561905e-24 7.448289240080032822e-16
-1.198482308719661660e-03 -1.330953347541047327e-02 1.441002763571476280e-26 2.021414024762000928e-20
-1.700483785826722993e-02 -6.372055773645696197e-02 2.722222253939889204e-25 2.594009988529871184e-17
4.393802715621470956e-01 -3.985511580886964139e-03 1.194118386562112060e-23 -1.838941925119085168e-15
-1.321047939963535534e-01 -3.488578845499896303e-02 1.246126128536012113e-23 5.050392411226952413e-15
-1.409695887551665194e-01 -7.769453245159460564e-02 3.643378811227965647e-23 3.509265436417617954e-14
4.430596980451804168e-01 6.261042787878668206e-03 -6.594822709744695658e-25 -1.608822176444300121e-16
-6.211050385036491761e-01 5.660458668644666701e-03 3.171137582273044315e-24 -9.804552151473413045e-16
-5.075133777690916670e-01 8.151439041609656599e-02 -5.787319301087720353e-23 2.105499895105616752e-13
-2.398527120291011894e-01 -2.199119416083676268e-02 1.681660813511181180e-24 7.800597167495563744e-16
3.038488395594347580e-01 -9.732498833859171139e-02 -4.014384596584619427e-23 1.043991398010267930e-13
8.756320714222423085e-01 9.614383186807301529e-02 7.758974145953908063e-26 5.744383051646628136e-16
4.650439916157966813e-02 -8.347040724301460490e-02 -6.049293108424650338e-25 2.065033961241000012e-16
9.741024358445717901e-01 8.959950376178282827e-02 2.215144165858179264e-24 1.700232174180778385e-14
5.993869070039639091e-01 3.743456244873401111e-03 -6.858934892379056278e-23 -1.353420324281210682e-14
9.089703252661107680e-01 1.426038241165463166e-03 8.801845009501665844e-26 1.003345701233499658e-17
2.172656737265896698e-01 7.687325156630549217e-02 -1.569719842330432184e-25 -2.305602934224501016e-16
-2.678314289305836482e-01 2.712718566032309639e-02 7.639406170095655265e-24 -4.881146916001762442e-15
-1.904742530338969786e-01 1.035317458971402038e-02 -7.825105789148526133e-24 1.357050579315990864e-15
-4.835347844575963450e-01 -3.955172360959461828e-03 -3.226002919395514469e-24 -5.425676456215669649e-16
7.198349356615347805e-01 9.633846417535365386e-03 -6.085594451000507831e-25 -3.711347726313743377e-16
-9.658138956473849568e-01 2.799659792257784031e-03 1.616377247157478564e-26 -3.843593395872440708e-18
3.357549650206048675e-02 1.744816682834647928e-02 2.594242047214806043e-26 1.336530097078777574e-18
5.723514151149364793e-01 2.448736412959664696e-03 -2.970290464910002347e-26 -3.660999938872995016e-18
2.954076862245373913e-01 5.223839097887712085e-02 1.094013318646657936e-24 1.484670885639983882e-15
-4.779437311881407080e-01 -7.090828133542320666e-02 -4.151967095818244083e-24 -1.237438523607097371e-14
4.929395462719210474e-01 -7.026174884280014798e-02 2.197109487164649192e-25 -6.692067549490736784e-16
-5.730809507991718732e-01 -5.265358393494728312e-02 -8.681179496542149607e-26 -2.303661405766303417e-16
2.080012855548518669e-01 3.552591746847138382e-02 6.299895628197746111e-26 4.093932487237365541e-17
2.117871780590234732e-01 4.418518447479800187e-02 -4.701738714056964894e-24 -3.869285958260717252e-15
1.476867458522617138e-01 -5.211520696998408336e-02 2.559480013727323249e-24 -1.732422163206020710e-15
1.455915609701203817e-01 2.169574549519231836e-03 1.051378501984929940e-26 2.920558252338186084e-19
8.339139693146198073e-01 -1.014469533678267858e-02 6.451475114905151508e-23 -4.799713168631687893e-14
5.151056184366848978e-01 -5.516899413612348646e-02 3.021683921044932921e-26 -7.551554944846903701e-17
6.343050754451233786e-01 -3.883866208273332316e-02 -8.036811083746615743e-24 1.741174136228354461e-14
7.381918936134690412e-01 -4.834256102420089220e-03 3.178447924428663025e-23 -9.974933901546541930e-15
4.242860607376353066e-01 6.780092775871399136e-02 -9.407191555700833652e-24 -2.379854404068317921e-14
8.764906844743647341e-01 3.335143993985942301e-02 3.437861234997423472e-25 8.837842082351925949e-16
7.070615393575150343e-01 -9.623372827277230923e-03 -9.808502466422526314e-25 5.869258422736572809e-16
-7.691666942831862919e-01 1.687742585261960094e-03 1.714974871329388994e-24 -1.957854621238799466e-16
7.787577891544437136e-01 3.065481274554836440e-03 -8.922070214728987648e-23 -1.873107523104837083e-14
4.157394906229572307e-02 2.455484964335720791e-02 -1.571126243071648841e-26 -1.410475808872883702e-18
5.787065458113558325e-01 -1.137009984621612999e-03 2.164733860186622295e-26 -1.252631082087131561e-18
-5.941727613464342639e-02 -1.714624737832966695e-03 -1.303731905467344338e-24 -1.168062598598089603e-17
5.139823987340550460e-01 1.261587712072607470e-03 -6.731381592972946705e-24 -3.838538565912647886e-16
-5.673952605930139281e-01 4.559864742823055081e-03 -7.878876184345862556e-23 1.792660050828278920e-14
6.176926005735547953e-01 -3.748652499973736257e-02 -3.729735452926645082e-24 7.594892150962664562e-15
-5.125801920170864889e-01 -3.911164023595267020e-02 -2.624794828647752760e-25 -4.627636213372833064e-16
-7.677242162694246641e-01 -1.589885655739346065e-02 -1.539349005279767270e-25 -1.652358300880562143e-16
3.676193628221315901e-01 -3.829644354351579433e-03 1.163844335696379158e-25 -1.440946047234841795e-17
-1.101945456926030076e-01 -8.006061472973674542e-02 1.297269003064268074e-25 1.006479794530018391e-16
3.337270921047637007e-01 2.751732478302454377e-02 7.164897837072280496e-25 5.786336374050072759e-16
-5.434787905990250412e-01 -2.517370581764340198e-02 1.418857993159475111e-25 1.707122492271416621e-16
-2.053548042759898440e-01 -7.636472858255673180e-02 1.169291172030061674e-24 1.612561739606798986e-15
-4.802241192878948794e-01 3.794155955175295206e-03 -4.777284086563069459e-24 7.654841718905181803e-16
-5.511631743327431998e-01 1.034418283301329067e-02 2.925903179336790120e-25 -1.467007492631891584e-16
-2.440592023437657687e-01 -1.194097472181186552e-02 1.518133867339246564e-26 3.890819068934411543e-18
-9.295315764232374711e-01 -3.937301892975975798e-02 -7.407722568058017223e-26 -2.384204878707827178e-16
8.354511409644336251e-01 7.675618805351345011e-03 -3.029494120861516383e-26 -1.708443296354813872e-17
3.259042347458929179e-02 4.501183664800820043e-03 -6.054031760879849831e-24 -7.810115079806996096e-17
-9.390985601777428471e-01 3.055206449333979293e-02 -4.278318791666314163e-23 1.079495606986856728e-13
-9.356116228547490810e-01 -8.459459526885522440e-02 -8.751822718190668578e-26 -6.091619066587547607e-16
-2.312640333665207937e-01 -3.968798671394809484e-03 -1.731119951253064619e-26 -1.397302146939250022e-18
7.020825912764259158e-01 -1.236740509638851147e-02 1.042843974990882931e-23 -7.963099229397902410e-15
3.706557408418429400e-01 -6.856294363952560554e-03 3.492068831380130074e-26 -7.804390323725390593e-18
-2.141656419452047100e-01 -6.495406834846176314e-02 -4.819293007558913862e-26 -5.895701531141935477e-17
-4.157764417617857422e-01 -8.761948289988333305e-02 2.579656532440062077e-25 8.264535512111302599e-16
-4.904556824964092510e-01 1.839629204825715594e-03 -8.506090116138849709e-26 6.749258249457704295e-18
-3.870063761853210771e-01 4.652281872088951525e-02 3.570900752504386747e-24 -5.654027550934009479e-15
-1.056355992516919695e-01 3.263428469162766004e-03 1.965484523933466505e-25 -5.958679506600786416e-18
-3.625667683863558199e-01 -1.250216479250599450e-02 9.371322111100668127e-23 3.735683556734202924e-14
5.502266299181683973e-01 2.097336937036073726e-02 -1.623848833987483941e-23 -1.647977997961800647e-14
-2.539893487387949733e-01 -2.876718285163107000e-03 2.379456645851714081e-23 1.528926594508615385e-15
2.154056344007704293e-01 -6.146686404723052805e-02 6.831773216386115263e-25 -7.954768719203024395e-16
5.559741481417876940e-01 -1.058505192267542375e-02 -1.082943555785369025e-25 5.604661815164702976e-17
9.638122509647688574e-01 -7.665590605914074027e-03 -1.149584558270300606e-26 7.469215425476531802e-18
-9.940712702609248996e-01 2.633770339842493678e-03 1.377180728057951529e-26 -3.170898656255480181e-18
9.433824876400644932e-01 -8.592460715080376538e-03 1.189961017296553856e-25 -8.482699841296917496e-17
6.916936942535365507e-01 -2.447806029258832797e-02 1.201841781333734104e-23 -1.789509939499092903e-14
9.949821808058925132e-01 7.361203924725892404e-03 1.309902446696884523e-25 8.437214797700870673e-17
-7.211183662703175568e-01 -6.899033468321877360e-02 3.212343139719685275e-25 1.405441388990854383e-15
8.586734536112554661e-01 -2.080491514325297046e-03 -9.956916117350969254e-24 1.564281229901789011e-15
-6.026690220131389886e-01 2.597937616661253560e-03 -1.028039913237750180e-23 1.415512026773462883e-15
-7.417764933396928662e-01 -1.290510446436298224e-03 -4.946420478200572184e-24 -4.164104528822273792e-16
-9.313458945300729930e-01 -3.488045973496599339e-02 -3.936472600559567445e-25 -1.124595750664210181e-15
-7.280249125428739365e-01 3.074266466906936182e-02 -3.205782200094613366e-25 6.309831506800349546e-16
-5.859986674179551436e-01 2.499508092712864407e-02 6.965936137140700019e-23 -8.972772664602927546e-14
-7.601111001342701901e-01 -4.004809219615545340e-02 -4.364098970221331780e-26 -1.168286876364310351e-16
-4.986020078049662185e-01 -1.112257435293323438e-02 2.791653330638208699e-24 1.361497434426900840e-15
5.581164246412539942e-01 -8.091529532498087374e-03 6.623033606563773332e-25 -2.630318781870134045e-16
-8.287725054024688287e-01 -2.881089794908593248e-03 7.532911464750505117e-26 1.581797892244302567e-17
-1.340694264918977918e-01 5.900685105675655857e-03 -4.898784464476984838e-26 3.408132907284430223e-18
-8.231840261515954715e-01 2.256209527161158468e-02 3.117872996575622092e-24 -5.092497026964107816e-15
4.528194121503648084e-02 8.620075896689716882e-03 -1.809325888770197090e-23 -6.210819729084161346e-16
-8.957296349569381366e-01 -7.777597439294773977e-03 -3.943259848565560999e-25 -2.415871334394040346e-16
-4.295312402320965450e-01 1.895303092618337787e-03 1.036877587924152178e-25 -7.423298337067586623e-18
-8.054937234887649122e-01 -6.764393518137265526e-02 -2.931805838732441063e-24 -1.404825012583851124e-14
-3.735214022665389599e-02 -9.023929394851641639e-02 2.136405382766226298e-26 6.332728131215548853e-18
-9.111673213003572691e-01 9.844939825034256659e-03 -3.768581038551647245e-25 2.972932580447456303e-16
-4.574885219244246848e-01 5.230033768204943312e-02 4.071889919768830906e-24 -8.567946072621137714e-15
-3.144764090978773297e-01 -2.844169104242007251e-02 1.282340133360266477e-25 1.008655175172629081e-16
-9.818900559444203591e-01 -3.568978039510258774e-03 2.066092411393597543e-23 6.367258477833097234e-15
-9.327918498769378619e-01 2.030742354696725080e-02 -7.796097517577210311e-26 1.298711938772711553e-16
9.690562527309212193e-01 -2.158725440941580784e-03 1.030306510212785968e-25 -1.895434766419642241e-17
3.596993160349000185e-01 9.934553551327818255e-02 1.842221578276917060e-24 5.789297030935335970e-15
8.746118069780677295e-01 5.503969087895550262e-03 3.755551569678076436e-23 1.589867941537119922e-14
8.311855431936989724e-01 -3.893733733699345553e-03 4.726960224797867615e-24 -1.345371361981746941e-15
-5.054843744056691790e-02 -5.408675366873373636e-02 -2.017883080328151523e-23 -4.851663257264115048e-15
5.332100199996263612e-01 2.639193707963013048e-03 2.451167515447474214e-26 3.033462020822308442e-18
3.386275239594176423e-01 1.243331088693150344e-02 -2.409838491332177407e-26 -8.922632077625910241e-18
-1.933121280816871845e-01 1.054474246772331425e-02 6.904627629873483592e-25 -1.237745458373695969e-16
-7.939533821518172108e-01 1.126944422754654410e-02 -3.786559756967111618e-24 2.979465198036215532e-15
-4.277272236041507192e-01 4.948088593839560650e-02 -3.625307155013633440e-24 6.747535344840131852e-15
2.264468279947884355e-01 2.109319626421621297e-03 -2.946061434160807416e-25 -1.237503495890538726e-17
-2.670360333673222897e-01 3.188025848206974856e-03 1.296683234823696673e-25 -9.707817387935108515e-18
2.911481797366317625e-01 -1.462248979525855802e-03 5.830428679242968265e-26 -2.182890213089851036e-18
-9.362726679576935940e-01 -1.373338760910147900e-02 -1.452680189282783577e-23 -1.642653780162316423e-14
2.094836618038253828e-01 3.152243444224401073e-03 6.380150699589984243e-25 3.705073640444781875e-17
-8.247836645319184257e-01 4.511893720114908135e-02 -4.807095993101073538e-26 1.573177429384704099e-16
-5.997460361513684557e-01 1.433061666638810357e-03 -9.188376601038328772e-25 6.944916890262608512e-17
7.610948804657613476e-01 1.493555819590400248e-03 5.111842295255179962e-23 5.110150683217435757e-15
2.801187415805137526e-01 -1.011708554296511173e-02 -3.400675251738903286e-26 8.475371622011801602e-18
-7.658933355103689777e-01 4.397825247658267850e-02 5.023561201232606011e-26 -1.488037776160420380e-16
4.864774699874931940e-01 7.261699854928303777e-02 -5.840929126338200595e-26 -1.814591879754985744e-16
-2.613760481831237659e-01 1.221747796315075102e-03 -6.950096795027618142e-23 1.951795018637841524e-15
-4.659688185842647545e-01 1.468492116860028833e-02 3.078340543360881034e-23 -1.852427151295456698e-14
2.836985130364222396e-01 -4.001878443438004578e-03 2.350608180686665512e-25 -2.346914109752234796e-17
-3.384784260148709922e-01 -7.248608091306003864e-02 -3.135219037572923179e-23 -6.764714935595707176e-14
-4.944736218648386750e-01 -5.698254731534639107e-03 5.110071124533653533e-26 1.266216398718582913e-17
8.806088914555809666e-01 -5.560426332742701705e-03 -1.677710585757973985e-25 7.224440235171718713e-17
2.841083068777727760e-02 -3.000840430765425865e-02 1.337697888284624444e-24 -1.002953680225442307e-16
-1.966940904210592311e-01 6.312739115348161081e-03 7.275657232927943770e-26 -7.944697844741639788e-18
2.678070960152645341e-01 1.072501851687514100e-02 -9.184183819135455113e-25 -2.319832875033546059e-16
-4.121194164451653652e-01 5.502392815908490123e-03 2.337474586501795235e-23 -4.661412815345127074e-15
-7.314429901792047772e-01 4.096563411002588501e-02 4.707165713349634582e-23 -1.240382561647519269e-13
-6.979304624058646489e-02 -2.199864642132935005e-02 -5.237312201695910826e-23 -7.071516800537598415e-15
2.167837851491651868e-01 -1.230077192319246719e-02 1.216929408067747480e-23 -2.853780379045338212e-15
3.699555088178358986e-01 3.139415644730742666e-02 -3.151234168024976321e-26 -3.218659192182951597e-17
8.554396249577167488e-01 -8.054254929142450753e-03 5.360874021340711837e-24 -3.248226737392640492e-15
5.341534039096202946e-01 -1.863922096813721424e-02 -1.693251485819210206e-25 1.482556396481543428e-16
4.898714777534287634e-01 2.823362336491664834e-02 2.984846789726505957e-25 3.630503126677362788e-16
7.609827735615559696e-01 4.838739640408604506e-03 1.743935325230796279e-26 5.647203725803369970e-18
-8.894402955764011409e-01 -4.162924834468375440e-02 -1.398104410689545217e-25 -4.552510713717421981e-16
-4.689955833859904555e-01 6.314382569648757659e-02 6.946181405314625001e-23 -1.809013322699394464e-13
1.882442622027464818e-01 1.428116119557587202e-02 -1.168156926102209515e-26 -2.761737883599958506e-18
-7.503409189815462010e-01 -1.170344237784851516e-03 -3.052210562118184982e-25 -2.357125701253899773e-17
5.670986363800072372e-01 1.833575069477693179e-03 -4.290879501594549348e-23 -3.923734538318694769e-15
-4.121607630417642998e-01 -1.290121244464105532e-02 -3.498074787202072588e-23 -1.635770089671746435e-14
-1.620030217330472588e-01 -5.585212950988294872e-02 -2.165296100418997980e-26 -1.722963771487206168e-17
-2.835404122162892282e-01 -1.381515143220314124e-03 -1.317997260159437349e-24 -4.540264184596103244e-17
-9.151074901025171293e-01 1.412921557089847138e-02 -8.180062087821761207e-24 9.301280928679858804e-15
5.258877232795162726e-01 -9.249763477120871713e-03 5.409175287570549893e-26 -2.313932658414297791e-17
9.848078713073942225e-01 3.068737437386886285e-02 5.288885981449001888e-23 1.405631391623727223e-13
-1.506780889056993367e-01 8.186523538964358970e-02 -2.036931189640468969e-24 2.209642307727885475e-15
-4.891160841623092281e-01 -4.430796554635113571e-02 -9.413038860759509516e-23 -1.793988297566845694e-13
-3.652606346500510970e-01 8.723899855698854025e-03 2.833948600449218765e-25 -7.941481168374225274e-17
3.258030719115643237e-01 -8.394814878484153919e-03 -6.705837824403861462e-25 1.612929350604599938e-16
2.915859606654827019e-01 1.099792445336375676e-03 -7.419085783182477750e-24 -2.092298938606959394e-16
4.321505907762672738e-01 -2.116224261411109656e-02 7.805296810900652168e-25 -6.277434978256515259e-16
-7.149157622357562580e-01 3.056450974958732723e-03 -2.691685462529136155e-25 5.172406106876412633e-17
7.768219632834381105e-01 -9.092233626366053034e-02 1.156300123314708559e-23 -7.182219186144643969e-14
-6.861732116526757519e-01 -1.285599906813986648e-03 -3.981406514718742734e-24 -3.088674299946644377e-16
5.115720478344165656e-01 2.474462153939399178e-03 -3.073054353629354453e-24 -3.421006226386869869e-16
-1.520942956194077933e-01 3.449268391783266111e-03 8.734619540980025104e-23 -4.029766737657413446e-15
8.392095994710224716e-01 -1.616543943165274499e-02 -6.918909661207793435e-23 8.254516085384450206e-14
8.677059804715110403e-01 -4.213545104562595525e-03 -7.039515736256605475e-24 2.263388069866125804e-15
-3.654070123787316327e-01 -6.102872816529294336e-03 7.593650411031791340e-23 1.489216353989976294e-14
-6.149521817867287243e-01 1.517799870086325789e-02 3.097205415874821419e-26 -2.542271145790266207e-17
8.737827542750014054e-01 2.740669622792680539e-03 2.935104740431709295e-26 6.181299106961364430e-18
7.874945539023907592e-01 -1.917897311871857770e-03 -4.224697451244419783e-25 5.611313362945839677e-17
6.141703238468325665e-01 -6.998754331949469387e-02 1.865703102245159994e-25 -7.052581461436781006e-16
8.845625729615442800e-01 -8.385214108785989107e-02 1.732021248119651646e-23 -1.129774926677909248e-13
8.552117013201980811e-01 -9.730350251160074099e-03 -5.745599992997732678e-25 4.204685287962688373e-16
2.513871944802206215e-01 -2.706792184650987608e-03 5.553068808277993369e-25 -3.322975354551638267e-17
5.588896604668291967e-01 1.177136901227679965e-02 5.014670513762040911e-23 2.901292083756097338e-14
-2.178913130852062618e-01 1.413786133630474083e-02 -5.128274050613733318e-24 1.389283442067815983e-15
-1.623353141781989084e-01 -1.060907584309374145e-02 1.058528870184043489e-24 1.603205771918539743e-16
1.341966267730076989e-01 7.564455594157467461e-03 2.917025218301701469e-23 2.604086830088956548e-15
-3.464596689096517412e-01 -5.020125914247294124e-02 -5.297173374415787511e-24 -8.102284411914064079e-15
-1.809213720147673232e-01 -1.281063593311741787e-03 3.261448923058997833e-24 6.647634659581056588e-17
5.107553963370066175e-01 -1.033728974750842793e-02 3.455719010801280694e-25 -1.604553032916622547e-16
-9.256470993568965966e-01 2.123065783882604335e-02 1.157772146515825399e-24 -2.000912020165095214e-15
-3.936972573478600967e-01 -9.776649349004174622e-03 -3.141460451059352982e-23 -1.063359279289658482e-14
-8.520664049548596353e-01 -8.689048781730225254e-03 3.719244609729524109e-24 2.421566614141255328e-15
-8.816901990398691158e-01 5.179712909661884218e-02 4.095461061889173483e-24 -1.644828051170893524e-14
-5.572505075113098894e-01 -1.963262499747938164e-02 -2.796341201637430811e-23 -2.690388549460874338e-14
8.962786401537006231e-01 4.775905805160114356e-03 7.867967498799654523e-24 2.961811102765131515e-15
2.725479528856513678e-01 4.439520520093330133e-03 -3.114113554540181265e-24 -3.313671383358929612e-16
9.336295786963488830e-02 -3.167327990428459895e-03 1.899043122741229616e-24 -4.938538775693303670e-17
2.952649184368751900e-01 6.120754450793277485e-02 -4.172916571184887303e-24 -6.632122039557554547e-15
3.012515862457216809e-01 1.497254978877844526e-02 -1.367423912737940266e-26 -5.424057427093650243e-18
8.378100450098391327e-01 1.532186148470636444e-03 -4.921153692412730555e-26 -5.555459986719091112e-18
4.679441178991592398e-01 4.490972532439841541e-02 -2.429387485322423094e-25 -4.489801923368511555e-16
-1.125112153642631174e-01 -4.662335508700385725e-03 -1.075348802610235221e-25 -4.960719775590292724e-18
-6.833200788251823088e-01 -2.755861479819328094e-02 2.776864977010262721e-26 4.598670893329282089e-17
6.212752923436910546e-01 -8.552397050352530949e-02 -4.051715566276060841e-24 1.893245301544967484e-14
6.232802630738085714e-01 -3.074078332804445948e-03 -1.352856806478887981e-23 2.279534323470647389e-15
6.452945742810169971e-01 1.594131793844298650e-02 -9.595673137438329746e-24 -8.680678729679100762e-15
2.834679231281957978e-01 -2.234039086682213307e-02 -2.230251800990585964e-26 1.242065755311976447e-17
3.828267634597248836e-02 -2.317824205456871234e-02 5.691612701318120006e-26 -4.441341070792861067e-18
9.354125788084566295e-02 -6.330295019128981404e-02 -9.416674509576764981e-24 4.903664125307074103e-15
8.874906574759720002e-01 4.058038522554052036e-02 -3.147153172289070640e-23 -9.967674245467754342e-14
-1.367516827112806865e-01 -1.477146101580818771e-02 5.248230812602778187e-23 9.323201242483745411e-15
9.712333311829512983e-01 5.405795445656974563e-03 8.713418470289310503e-24 4.023164204920185137e-15
5.451496424491970583e-01 -3.309347349903215413e-02 -1.983802184006492170e-24 3.147403686499588641e-15
-4.572506913246718874e-01 -4.582177803732384244e-03 8.718100438340541214e-24 1.606364790649783012e-15
9.558155134193002667e-02 5.129624781469880289e-03 2.356941147014266504e-23 1.016259018140998050e-15
2.755888527411944899e-01 1.389393388081569319e-03 2.021853679194129246e-25 6.808204584001096820e-18
-3.106574070005876376e-01 2.430557086407084903e-03 1.178595479231557559e-26 -7.826152566888576844e-19
6.153392927967986648e-01 -1.808751729762745827e-03 -5.330211328600658722e-24 5.217158557847620649e-16
-2.391723736742223938e-01 1.143010496241381874e-02 5.981090412969503918e-26 -1.437929521270288888e-17
3.116740319843156470e-01 -2.601781561247457422e-02 -1.565734063964773079e-25 1.116568704876936520e-16
-5.203527051755123534e-01 2.361192899861567010e-03 4.097166378843079369e-24 -4.426993516080034135e-16
-3.929199564020777746e-01 3.540108201109120473e-02 -7.225118644540805671e-23 8.838154857317933827e-14
1.141845989291594421e-01 3.381465100740771359e-03 8.219591797272038951e-25 2.790992636735845589e-17
-9.551150977193827440e-01 -1.181914227673388183e-02 5.110231202793570350e-23 5.073156039481948601e-14
-8.531989781266324790e-02 -2.161261505046665685e-02 -1.909394822267000968e-26 -3.096345293306321776e-18
-7.031363958463765496e-01 -1.508640180249745145e-02 1.047307267019348770e-24 9.770018051822071182e-16
-7.920530107855967561e-01 -7.999493870681617658e-02 4.534147245707211147e-24 2.526436453911686801e-14
-2.442096098235020385e-01 -1.789297074262727934e-03 -4.414675424977125065e-26 -1.696445768663061663e-18
5.142570706966098637e-01 -2.265982084100957687e-03 -3.885176370749630449e-23 3.981470319408797986e-15
-9.801646044372118727e-01 1.474109585754066441e-02 -1.552537100155960972e-24 1.972726020418839325e-15
3.127819706609415995e-01 8.928393878938242767e-02 -1.548084880621183910e-26 -3.801944931012536727e-17
8.243200011943110361e-01 4.916752604962933842e-02 -1.148643543101666647e-25 -4.094071944018003589e-16
-6.777408969354474788e-01 -1.392937588098803157e-02 1.894200338498968092e-23 1.572596342167799927e-14
7.818043567883941058e-01 1.397001212984350354e-03 -6.877981202592517671e-26 -6.606202080459717931e-18
-2.018786069352713763e-01 5.123800521130297825e-02 -5.951563817536156025e-24 5.413892249061276516e-15
-7.919347348477523418e-02 -1.038447219523032025e-02 4.038010312761181216e-25 2.920365732431922774e-17
3.222414418519101709e-01 -2.267764779464811337e-02 3.734915778052716140e-25 -2.400248524607646887e-16
1.482265799608895041e-01 -2.462867324720827839e-02 3.129891397079958354e-25 -1.004829493455543066e-16
-7.107119822635747930e-01 -1.226842722333446002e-03 8.952782467963926965e-23 6.864937080008019180e-15
-9.999749821950532080e-01 -2.795288452254925463e-02 5.018597673442055090e-25 1.233656201984338889e-15
4.882767130267584577e-03 9.866483406155443156e-03 -2.737232227815412445e-23 -1.159674338605272350e-16
2.351588612818966695e-01 -4.211008797839953417e-03 -1.212432757673716941e-26 1.055847410903944436e-18
8.562888196698172916e-01 1.048888332163565524e-03 -2.249306878742460840e-23 -1.776618743578773889e-15
2.115850778243240082e-01 -4.553400707041427124e-03 1.329235109713454445e-23 -1.126208265755484722e-15
5.694137188059593679e-01 1.615694987438522860e-03 6.294810239950235564e-24 5.092909359188318213e-16
8.620329837575901877e-01 1.180916037573841127e-03 -4.743414311378770396e-23 -4.246488614134633349e-15
-8.351867617880857075e-01 -2.175338595171444865e-03 1.383736979093866394e-23 2.210853750550530779e-15
4.662419146917025081e-01 1.035865585891048400e-02 -1.054104853567690776e-24 -4.477076671320870649e-16
2.466624996118167434e-01 -3.427451118327499036e-03 -3.168193672623433103e-25 2.355494640947883721e-17
4.141992573532795596e-01 -7.197159411464595924e-02 2.296942180002175305e-23 -6.021663756580284887e-14
-8.832331463325302501e-01 8.924620310931620157e-03 1.377467219951010967e-26 -9.548658920367958937e-18
2.468599653501624136e-01 7.785654985827462557e-03 5.755669257215222782e-26 9.728315531965221869e-18
-1.848970437434940273e-01 -7.565744269628565943e-02 6.677961386244519377e-26 8.215264088454422994e-17
2.367636121264922178e-01 -1.607760767635823575e-03 1.030636321900861446e-26 -3.450148817171942808e-19
5.040350033749323444e-01 1.948077486208812242e-02 -1.386999526929156533e-25 -1.197675700208501758e-16
3.739657525238047064e-01 -5.356703885599493897e-03 -5.907335491329765614e-23 1.040679759100473649e-14
5.728586231139676244e-01 4.045409133835614623e-02 -6.534266616767217454e-26 -1.331688829481226002e-16
-2.902166658881470962e-01 6.060875737907395200e-02 -3.757959678499517039e-23 5.813073910297380067e-14
4.787513637178246739e-01 5.733418214463497850e-03 -2.049974753861690559e-23 -4.948438290899742319e-15
-4.989076889054098185e-01 4.077902297917869630e-03 -1.627502751670499284e-26 2.911888527124348707e-18
-2.808919123253179606e-01 1.538267246421438743e-02 8.301662517920447210e-24 -3.154511408302437004e-15
7.996460120830253260e-01 4.428706872479601722e-03 -3.003086722765200046e-25 -9.352734070013745932e-17
8.059624435143917243e-01 3.980908654329504831e-02 2.773946930062580223e-24 7.826924881300343816e-15
-4.578036024469362975e-01 -4.884646871975144994e-02 4.976329443936347875e-23 9.786276961259099523e-14
-9.292327108460134433e-01 -2.831501175032027917e-02 6.717965255173870515e-24 1.554443672291030550e-14
-5.516863106574951825e-01 4.626943886253455374e-02 1.462500960296719762e-24 -3.283058342098016646e-15
-5.407120057733276752e-01 -4.479424477914352443e-02 -8.714812169729939726e-23 -1.856274774783801025e-13
7.851293577894236098e-01 2.743837826039957628e-02 -5.766567488322403835e-24 -1.092478843307449708e-14
5.877854548318199868e-01 6.434754878302924308e-02 1.441121194938425045e-24 4.793440584437564992e-15
-8.494784240731536595e-01 -1.312808580717602638e-03 4.631258182036881297e-26 4.542016967596027969e-18
3.923673329316432756e-01 -7.819023053274422666e-03 -1.256925262320820623e-25 3.391179602575771113e-17
-2.153510551503290404e-01 2.164737733070722092e-03 6.559932538253221577e-25 -2.689352096264029016e-17
6.396340502794097826e-01 -6.251158123452193495e-03 5.912389775540553120e-24 -2.078983856881871281e-15
8.135041185924096752e-02 9.144189081952593112e-02 -2.837343548741097759e-24 -1.856149180429946693e-15
-7.189171620208198998e-01 -3.321300958806450154e-03 -6.807249611220835537e-25 -1.429403226992403581e-16
-7.593424983551571028e-01 -2.117970979502449471e-03 -3.039672617227879999e-26 -4.299129462001163337e-18
-9.500269536075984789e-01 -4.958249739982487775e-02 -1.163699839246537486e-24 -4.820602253477477022e-15
-5.389853027785636019e-01 7.546422289600830842e-03 7.535727474020342033e-23 -2.695499225692543848e-14
1.453826769372481564e-01 1.197824129548881282e-03 1.945656823149479761e-25 2.979668573504597746e-18
-9.313218129167595283e-01 -5.079293321124347949e-02 -1.211095456581539730e-24 -5.038223664646721445e-15
-6.046607169549551575e-01 -1.079393612995227514e-02 1.266645388651401094e-26 7.270137844115739774e-18
-9.446340427330324196e-01 -4.784638681816376360e-02 1.027265285523418289e-24 4.083112558474386921e-15
3.459623714000303885e-01 4.728395417419334161e-03 4.628070223637943913e-25 6.657920321914340951e-17
4.500444641958309955e-01 -3.521605770174689870e-02 -7.317485059441592150e-26 1.019891578018703191e-16
-5.002628454249433698e-01 -1.740400666375363547e-03 -4.709242305692865163e-23 -3.605740990945747899e-15
-5.106746227793392823e-01 -1.570501801756693343e-03 -1.097095452602726406e-24 -7.737900323488932905e-17
2.240156471251384396e-01 -3.511185681965522942e-02 1.041543287659859564e-26 -7.204527040921020446e-18
-7.286750602672578125e-01 -4.209169400960709878e-02 -2.908404799550175200e-23 -7.844787125016718747e-14
-3.291994956156152341e-01 -1.846543709270965497e-03 -5.451356507604821937e-25 -2.914199897805726072e-17
-4.738182308243328311e-01 -3.959104941151713603e-03 -4.464422961477597681e-26 -7.364955272440243523e-18
5.699029551104211055e-01 1.401783253547751349e-03 9.685046039794941891e-23 6.804237532115921328e-15
7.796942248437737089e-01 -1.216102975255909865e-02 -2.032732756843634437e-23 1.695004886291179959e-14
3.871747907348659368e-01 -1.109075226900860028e-03 -1.776233567272208245e-24 6.707553578546980186e-17
1.347325596606017140e-01 -4.364790660095057076e-03 -1.044644353974399754e-26 5.402570484959993603e-19
9.016342860225110556e-01 4.531504381916397380e-03 2.660536677751320252e-24 9.559563736139326554e-16
3.439855628753545336e-01 3.124410005379408412e-02 -6.006742788287224449e-26 -5.677318662028548046e-17
-9.712742998832046837e-01 6.000836934200367082e-03 -7.854881278264759993e-23 4.026144413432615793e-14
5.347674919263198934e-01 1.520554481653334971e-03 -2.061776579682277254e-26 -1.474363554953985960e-18
-3.504734505583877446e-01 2.232957330385586334e-03 1.520471779652870274e-23 -1.046429351800544689e-15
-1.356993523655829481e-01 3.969407919306604249e-03 -9.910457957806004616e-26 4.694542018972447824e-18
-8.860386533772592887e-01 -1.997374233830542713e-03 -3.937130616410389026e-25 -6.127565112726198307e-17
-6.859229798278392298e-01 -3.400512319024769081e-02 8.308294467919919646e-26 1.704227568361405274e-16
-9.217718560817380613e-01 -3.324534214204971638e-02 -6.806170022671750017e-24 -1.834226843445548091e-14
-7.828669927781148896e-01 -2.165630375225566749e-03 -3.499726971033509479e-24 -5.217980860387526816e-16
-9.810057843414579093e-01 -7.590230926252676882e-03 6.312829331575919527e-24 4.133772824370874358e-15
6.258873388048480368e-01 3.845856801040667319e-03 -6.400009686442744511e-26 -1.354771048726511587e-17
2.739268024655567846e-01 7.440230065591689479e-02 3.894641728081459726e-25 6.980465837160800626e-16
1.145515449666751895e-01 8.647565769755914677e-03 1.795232395523182168e-23 1.563909081788363423e-15
1.047878597776379372e-01 -3.557326799873575338e-03 -1.329163844961401529e-24 4.357217650148658973e-17
-8.998507981286418822e-01 -1.285255672441756912e-03 2.279538445820480951e-26 2.318477881596353051e-18
3.527579594181766698e-01 -1.510374877402883426e-02 -2.767964434593379096e-23 1.296934612609418076e-14
5.714862429335267890e-01 -1.636710656200892657e-03 4.914031025569008316e-26 -4.042142173538510476e-18
-1.711975718841529659e-01 -1.303813911722209468e-03 1.533916332913451178e-26 3.011000887338932468e-19
8.083836930765486706e-02 2.743039902411997626e-03 8.566112904050744711e-26 1.670434550018832619e-18
-7.765376576539444464e-01 5.571868527779586314e-03 -3.331165266800692157e-23 1.267522162526649359e-14
2.626309452890123186e-01 -3.523432524936522155e-03 2.223720415706266240e-24 -1.809622716836746027e-16
-4.742998698345413100e-01 -4.631908578971757201e-02 -2.609386157747656901e-24 -5.041355679831355273e-15
8.962753670250205307e-01 1.226548894383470761e-03 1.505443096945864394e-25 1.455414410978875384e-17
-3.065187425135573740e-02 3.298913526702396213e-03 -1.383837763713961823e-23 1.230577995916049823e-16
7.419266714607524182e-01 1.511638900030555120e-03 1.865013417081409109e-25 1.839445835185764555e-17
-1.159755578220500460e-01 1.168784559743761510e-03 -7.720181985166099470e-26 9.202895149402102504e-19
-9.754724951953024359e-01 6.747152708602710547e-02 1.055615369619054107e-25 -6.109944611272529274e-16
1.330544834523172959e-02 7.402663363772500615e-02 8.703532687267155679e-26 7.538919024836264825e-18
-4.484025987234978583e-01 6.467448741975525064e-03 -3.493044723513242557e-26 8.908431867192880849e-18
-4.400434296983037896e-01 -1.169633133894382171e-02 -3.911008298847722142e-25 -1.770230998526962241e-16
8.371778598417978223e-01 -2.082641259283417746e-03 6.027071212545026645e-24 -9.241330994978154121e-16
9.984523813726975394e-01 1.453422916573134972e-02 -2.947343966708074626e-26 -3.761371102938635797e-17
7.629654645511414479e-01 -2.734076627676535094e-03 -1.242256240862844025e-23 2.278886785396816783e-15
7.740608975392699875e-01 1.057157433617351289e-02 5.922247083071379817e-23 4.261841756563378589e-14
-1.886482551952362030e-02 -6.312162570054402622e-03 -2.315016416820125314e-23 -2.424270316397441938e-16
-8.302083681223881850e-01 -7.219306333822655963e-02 8.978931806413526696e-24 4.732637607646125952e-14
9.477720916284277930e-01 2.084693568687692386e-02 -2.539075261396153346e-26 -4.411819310046760416e-17
1.455339005305014144e-01 2.571434186510902775e-02 1.034054065471192770e-26 3.403132271824131292e-18
2.564298320764168970e-02 -2.739464227330338196e-03 2.460519348024210425e-25 -1.520046824286659644e-18
-3.135457792099280994e-01 1.517470580519556661e-02 -6.385436129035962189e-24 2.671823740750974099e-15
-8.328807354448990452e-01 -1.382533309541175530e-02 -4.623936197533020608e-25 -4.682375662934439864e-16
-8.081481871887952195e-02 -1.288856102423997264e-02 2.570107141162654455e-26 2.354196251717096411e-18
9.923608487804813638e-01 1.110300706357743609e-03 -1.061484386757908152e-26 -1.028536833084803004e-18
-2.917354074363442962e-03 -9.066616218744696920e-02 2.547571348839407554e-23 5.925932919753449118e-16
2.181647646928437378e-01 -4.184882199128027447e-02 -1.765417303467838240e-23 1.417461353065544594e-14
1.509473940642489520e-01 1.357869400287388048e-02 5.011036211372518231e-23 9.032483207257141490e-15
-3.336158000271183255e-02 2.417195751151917857e-02 1.089509746744493014e-24 -7.726548818412616773e-17
3.821363661091352615e-01 9.769984279068998079e-02 -2.387778470728803764e-24 -7.839750955478804910e-15
-3.844515381760675865e-01 -5.051593436532816894e-02 -8.861624602640519593e-23 -1.513489254591462200e-13
8.661524367568280702e-01 2.498209725102665778e-03 1.606883673971198455e-26 3.057761898806426536e-18
-6.658226460108807032e-01 -7.828559305651232314e-02 4.621533400936215236e-26 2.118470909608415927e-16
1.607905483156162330e-01 1.592761567384090712e-03 2.905365224585903489e-26 6.543468534207096416e-19
-6.416633870893866387e-01 -3.148913190305827059e-02 4.744736078075661425e-24 8.430940183375940948e-15
-9.080988550332120823e-01 2.636029990524559746e-03 8.364409115950663664e-25 -1.760819106589500290e-16
8.615081876156103213e-01 -1.729341135130557650e-02 3.170684943729484019e-25 -4.154216935753869150e-16
-7.594277689436965684e-01 -2.028935129014190330e-03 -1.358473613095560646e-25 -1.840779810514962991e-17
-9.662923989514811129e-01 -6.923748786440422735e-03 7.633125569552735996e-24 4.491053953568787365e-15
9.676616386425347383e-01 -7.741794689424048859e-03 -8.628912744208585748e-23 5.684826989100977934e-14
3.970568493540398425e-01 4.257503752512348250e-02 -2.682497378229599433e-24 -3.987888784430400246e-15
-3.583252962661089835e-01 2.359940737647285569e-02 1.124581265053509079e-25 -8.363063806140039310e-17
-9.512916877776267377e-02 -1.175700495856425156e-03 2.630423248862575294e-26 2.587212125838830453e-19
-7.632910476476690853e-01 -1.347272729916966158e-02 1.246587729277533816e-25 1.127364969814317313e-16
9.886780328774580351e-01 2.754539211619716141e-02 -2.422459949857373614e-25 -5.801715786735180915e-16
-3.270140152944134293e-01 -3.183987699456038156e-02 3.911117426054604978e-24 3.581249701313621848e-15
5.636278932531961772e-01 -1.006850184666833667e-02 2.221369877612868538e-23 -1.108598305605809418e-14
-6.381839377718563355e-01 -1.496158200802602881e-03 1.058433014543585538e-26 8.887564487920096298e-19
6.808457793795641422e-02 5.748351509954848816e-03 -8.683793997038808057e-25 -2.988804988609474400e-17
-7.322939334804789979e-02 -2.386792035683187388e-02 8.236006112644840083e-26 1.265938701208430369e-17
-8.910259615085958096e-01 -1.844284883871391079e-03 2.498169709958889042e-23 3.610241909574307502e-15
1.999895668773710167e-01 -3.338127235802852699e-02 2.431997698626736740e-26 -1.427806602795428686e-17
-4.041021038569738710e-01 1.365351640675127425e-02 2.766054625415953215e-26 -1.342123191402751849e-17
9.466951490914099487e-01 6.676233793071092992e-02 2.637007742874537734e-23 1.465713519734697464e-13
9.422454964726343363e-01 2.800154203448946503e-03 2.859630787093447411e-25 6.635168912379722867e-17
6.569028969537828999e-01 -6.228338683124254142e-03 -6.442760317545047170e-24 2.318149139122394380e-15
-7.902438971860576977e-01 1.491906909569777877e-03 -1.281408800100206307e-25 1.328576537106848863e-17
8.901822168667137269e-01 2.945057414962503218e-03 3.985689377456583656e-24 9.189082054272761597e-16
3.700195682521325580e-01 -3.380322385692528103e-03 1.794634375001090054e-23 -1.974034761184814434e-15
8.616716137632247641e-01 7.812947574892821490e-03 2.174200560044085423e-24 1.287218580237216488e-15
-1.945404288925522973e-01 -3.823480359340777381e-03 1.253826203263912175e-25 8.201665912623222066e-18
-7.345374263284858429e-01 2.855106328208630896e-03 -1.318842939656481522e-23 2.432345672193435402e-15
7.022876005781275577e-01 2.981985053464787216e-03 -3.940175373132495635e-24 -7.256580469421247647e-16
8.328001254010630738e-02 -3.237299355765253968e-03 2.521686832029270905e-25 -5.978755503727395005e-18
7.567003622745755997e-01 9.681965533987306471e-03 -4.015624605294173975e-23 -2.587239190744916263e-14
7.485616504604921673e-01 1.223037184380590045e-02 -1.293384397683755555e-23 -1.041335929552689932e-14
-1.280061698836509887e-01 -2.159718595759117527e-03 -1.999595179729951432e-26 -4.861453681578849985e-19
8.297948780807631319e-01 2.742512822727016623e-03 3.913146318379468545e-23 7.831437820144159308e-15
3.212007909442706755e-01 -1.818906173461635589e-03 2.528750030705845596e-26 -1.299238269571495574e-18
2.369442888236341638e-01 1.485113922784480310e-02 6.362083854748054357e-23 1.968799108526247026e-14
6.628440206338652718e-01 5.587075999940618529e-03 1.159170632211563247e-24 3.775194155561152614e-16
-3.794888810698797688e-01 -7.406092869455911665e-02 -1.450080620038393251e-25 -3.584068966628978904e-16
-4.778710873858971198e-02 -1.876655413457969978e-03 -1.952320966880319284e-25 -1.539722690365716136e-18
9.883418961645675793e-01 2.030127458953701058e-02 3.441709740647096358e-23 6.072964638596137859e-14
-4.800825641816446332e-01 -1.073485674730399481e-03 -7.333015046629315756e-24 -3.323462349558273926e-16
-8.184997167767522619e-01 1.094996694627774735e-02 -3.614510118652032378e-26 2.848897255782067736e-17
3.293592513952552370e-01 -5.119503125367966256e-02 4.832934523129712608e-25 -7.166458512068161537e-16
-1.345491533966980402e-01 2.837814065461920221e-02 2.331179057269233916e-26 -7.827742659114015348e-18
6.637973804999985905e-01 1.645545414502406351e-02 1.238064142349861094e-25 1.189281197290537266e-16
-5.336419849682225713e-01 -2.494023925444186288e-03 -7.379998764656786707e-26 -8.637795060068894958e-18
-8.746762393739724306e-01 1.124926575695985292e-03 2.105849565782625176e-23 -1.822194996394419351e-15
7.274040325849773225e-02 -1.561233293494386542e-03 -4.541313594396771651e-26 4.535456452158985472e-19
-8.067373433638724833e-02 3.307927870593769387e-03 1.577143923842490741e-24 -3.701310500134726789e-17
-5.400252784511450077e-01 7.695607707595648883e-02 -1.610777439971170717e-26 5.886925627341364450e-17
-2.026521573594615155e-01 4.153097962178891808e-03 -1.487578726038940194e-26 1.101030541103464090e-18
-5.264629044809783220e-01 4.701419465151910129e-03 1.159189342072236169e-26 -2.523173741302732536e-18
-3.692218491648102674e-01 2.275978074233041271e-02 4.557434242756744883e-26 -3.367998414890497887e-17
1.249889321057162661e-02 5.115975038934313275e-03 1.515771216583792605e-23 8.523728942890297715e-17
-3.138120844071941029e-01 -1.205739492100908359e-03 -9.920093330658855654e-25 -3.300919306485480063e-17
-8.483499850289781818e-01 -5.427717324880546382e-03 1.136272006224047219e-25 4.601194433428351968e-17
9.532403818128896145e-01 -4.802428024258134642e-03 4.319737219151049522e-23 -1.739068245950975683e-14
-5.072090402213798033e-01 -2.986127321618994510e-02 4.214569884479401693e-23 5.613640109336019150e-14
-6.640776602024589526e-01 2.017283664368553584e-03 4.565560385307184369e-24 -5.378682809798303406e-16
5.561822377395220229e-01 1.254601621666344945e-02 -4.588621449147904459e-23 -2.815796020747113881e-14
1.171401158559404188e-01 -3.290445803712050820e-03 5.312510734025610603e-26 -1.800761562975490213e-18
1.929527517309865825e-01 1.501806044122995466e-03 -6.403445335368223838e-26 -1.631828564773100652e-18
1.797793645335696855e-01 -2.939629998039508269e-03 9.692808919367143013e-23 -4.504827475856672116e-15
-7.092581091102738711e-01 -1.965133051072782706e-03 5.757923352244307938e-23 7.057618024716887336e-15
-4.197460293645662865e-01 4.257332776101706295e-03 -6.471701645841193561e-25 1.017041519209204909e-16
4.100603128745194947e-01 -6.560631938902129756e-02 7.318522270907713921e-26 -1.731461390314950481e-16
-6.025724128776897004e-01 4.635796205069141543e-03 -4.768038391397684269e-24 1.171303185432340682e-15
-2.023130040747647129e-01 -4.901317517857229841e-03 -1.851459684085290401e-23 -1.614532890696398420e-15
-9.397910269816154294e-01 8.186022265141632004e-02 -1.146460152537248971e-26 7.756381834446225012e-17
-1.103398916389703999e-01 -2.720378750731545798e-03 -3.293936648394715947e-23 -8.695071739002669766e-16
8.093144066481166021e-01 1.037718928726964057e-02 -2.515058969704224864e-23 -1.857552865817023572e-14
-1.053817711104279020e-01 1.560876834501942999e-02 -1.057799379981491575e-24 1.530147992795390733e-16
-6.293325004746712636e-01 -2.964769123440106832e-02 -1.179791989856771046e-24 -1.935853478035479823e-15
-6.729192391229337211e-01 -1.672946210769624825e-02 3.386321033698580842e-26 3.352502043810734152e-17
-9.000272639472208791e-01 -3.490128542833171102e-03 -1.268230718771185605e-26 -3.503413156969018941e-18
2.898329944478881259e-01 8.034785753209856482e-03 -1.156770921221504649e-25 -2.369002329788762956e-17
-3.696960601310375072e-01 5.489381316013597877e-03 1.699078436689031596e-25 -3.032338295193922000e-17
-8.564993884340139640e-01 -2.304611232061752439e-03 5.589464366317146375e-24 9.702662466469701629e-16
-7.184683481257558846e-02 -1.574063025296671770e-03 1.022590823885297667e-24 1.017015681247694624e-17
4.352555397508588442e-01 -3.103254438243769134e-02 -3.627846155908983205e-24 4.309298267374369906e-15
8.938563347074843790e-01 -3.425169151571509640e-02 2.612713726493657741e-26 -7.034570290388592080e-17
-2.348024089650180279e-02 1.734970186624845093e-03 -7.324025238559689225e-26 2.623858418762735643e-19
-2.374168435365939800e-01 8.171657034368255690e-02 1.004820523899795709e-23 -1.714376303434816599e-14
-8.454588871340944500e-01 4.815612694350094279e-03 1.056657357130295130e-23 -3.783330014218637892e-15
-8.471287068903654571e-03 8.753471699572990330e-03 -7.013758092749914086e-25 4.573793091639331899e-18
9.770007105965692329e-01 1.517922702122927832e-03 1.525036765174036332e-23 1.988936189199830998e-15
-6.486727507505718471e-02 4.465853857188479409e-02 3.383884111906817566e-25 -8.620682357788236325e-17
9.820795237011430423e-01 -2.042910466223667870e-02 -2.519241583788158014e-25 4.444898070006839679e-16
-5.588673415871769912e-02 -5.425265593260203412e-03 -1.101209903055100404e-24 -2.936269027482969195e-17
7.560311055290960258e-01 -2.748883026368747606e-03 4.887874742143499906e-26 -8.933301508477954505e-18
2.536094422771695278e-03 7.977221700816679306e-02 6.136739369286697256e-23 1.091819283017092398e-15
8.247230068668978120e-01 8.417412398637897850e-03 -1.940824768028312946e-26 -1.184865465357110599e-17
2.679713971823747265e-01 -1.718326554101282273e-03 1.704951936547567178e-26 -6.904023850138393281e-19
8.931098115164246565e-01 -1.358731321375905056e-02 -1.518958350186156960e-23 1.620989916573992898e-14
-6.156261487212459915e-01 7.365566697160798315e-02 -2.531970664887408025e-23 1.009666378703436772e-13
6.581734465319033500e-01 -2.078432236343280212e-02 1.717103463192623791e-25 -2.065706857264285766e-16
-8.888433445598815652e-01 2.611989577909919202e-02 5.161386495493953877e-25 -1.053802067040363595e-15
3.489963281416843532e-01 -1.376396772140792276e-03 1.553658180967202168e-23 -6.563205153340670028e-16
-9.814233000826888542e-01 -6.682185921479438968e-03 -4.883624811150615340e-25 -2.816522411073331169e-16
9.476120563710450639e-01 2.945155009190565058e-03 -1.221918384053244041e-26 -2.999003235492444606e-18
-9.313200541696060597e-01 -3.848111629763022526e-03 8.190276651226308934e-24 2.581316091137388547e-15
-1.127739460716561393e-01 -7.580364791647985906e-03 -1.137053949566865986e-23 -8.548225186044991366e-16
-1.380445123843938582e-01 9.109701854364829487e-02 -5.563806819796058125e-24 6.153062880225611964e-15
2.410958645910752374e-01 5.423976627572182907e-02 -7.241752000730662382e-26 -8.328124691487829108e-17
-8.086053846551122248e-01 3.465709938078697597e-03 2.641754934932498330e-25 -6.510545351399656138e-17
1.290722179854877361e-01 4.536483986581857884e-03 4.842249254506168565e-26 2.493419183998710139e-18
-1.237800133946043157e-01 5.070429997213574125e-02 1.584472105349267676e-26 -8.745324215255783241e-18
-4.842405964430631649e-01 1.178774284770252789e-03 2.206947561353898258e-26 -1.107847197341963631e-18
2.645875746670571793e-01 4.591943875808369296e-02 -3.288912390440061995e-23 -3.514101667180388255e-14
-9.007285977847803160e-01 6.806855194142963361e-02 9.102401483666853056e-25 -4.907863223238148835e-15
4.967302216305775620e-01 -7.384952119924699521e-02 -1.056765939662604648e-26 3.409126175389234560e-17
9.700364999775550334e-01 -9.179158087319036485e-02 -3.445236615049871345e-26 2.697776578778186151e-16
5.378555327485730064e-01 -1.046985369864178840e-03 2.854554727998979048e-25 -1.413645866432749931e-17
-4.087770632119447356e-02 8.257139451337328767e-03 5.946375520703549197e-26 -1.765080311976549605e-18
-8.458012593458470452e-01 1.726204231669383610e-03 -1.235755636683788524e-23 1.586679113212108428e-15
-1.961690278214263117e-01 6.982693468314767928e-03 7.219927797839682317e-24 -8.697256371196617888e-16
2.041400248323095301e-01 -1.432222550674971603e-02 -6.927652592448260447e-26 1.781233160767672905e-17
-1.880134447607191284e-01 1.169261710663165900e-03 -5.724775183019817509e-25 1.106764120021389110e-17
1.389644723787781810e-01 3.287322857599357488e-03 -2.431277671655024145e-24 -9.767348964074659831e-17
1.671746599499523978e-01 6.157342504923434684e-02 1.218986212889875327e-26 1.103464979387983606e-17
-9.694005406700443306e-01 -1.001095109932684940e-02 -3.874628829409674080e-23 -3.306775440480868009e-14
-3.130334396859408841e-01 -6.824441792802359019e-02 -4.642915549339612967e-24 -8.722573786097237050e-15
6.638214693545605449e-01 1.096983158335934150e-03 -8.411684791144870649e-24 -5.386792474823887258e-16
-2.689988827486105016e-01 1.006605288738491276e-03 -1.166722659097977919e-24 2.778262754973313800e-17
-4.918409732605306672e-01 9.268955327843826641e-02 -1.022813410526629859e-24 4.100604728970876862e-15
9.479303612259186718e-01 -1.396879084451616709e-02 3.824928760715813832e-24 -4.454044988357407773e-15
3.660186459123102587e-01 8.139766141074840367e-02 -8.861503954579570145e-25 -2.321766676224354393e-15
6.849671912359835968e-01 3.292429560120354107e-03 -8.594104610449934409e-24 -1.704444633476477565e-15
-4.393845677106207326e-01 2.822267261140288738e-02 9.360855505287068312e-24 -1.020832478684659806e-14
-6.984006623984193585e-01 -4.004732024298979925e-03 -2.801309976773870242e-25 -6.890254630286496431e-17
4.962861264261548833e-01 -1.223239729044870144e-03 5.360028570338121854e-25 -2.861586099932942912e-17
3.705923124923033996e-01 -6.661367053324826482e-02 1.932640970593953913e-25 -4.195724398062189184e-16
-8.659651569020465622e-02 -1.794045912890582586e-02 2.213266619236687730e-26 3.023874102601101816e-18
-6.639898312447456430e-01 3.796470046283682148e-02 6.566565788280449986e-23 -1.455712817814990735e-13
5.355270471467301618e-01 4.506044577108677535e-02 4.310224962434231015e-26 9.146876849351045318e-17
-4.017717402776210811e-01 1.376561554678681562e-03 -6.277665121145384975e-24 3.053297818811255673e-16
3.979306706892073997e-01 2.562888151246500018e-02 2.760580958797088206e-25 2.475902598150556022e-16
9.646302069762875409e-01 5.267232503103972709e-03 6.471267666599049974e-23 2.891536712067846382e-14
-9.404831216295568286e-01 -2.564848159169976285e-02 2.212183595637310022e-25 4.692776095593341549e-16
-5.243282361538132985e-01 6.790417398037320099e-03 -3.212781608406617351e-23 1.005951220639033149e-14
7.904988398542078798e-02 -3.339024573237590107e-03 -1.262584947077181345e-26 2.930741132827374288e-19
7.606303649799728284e-01 2.381635238509936109e-02 -3.967022766937979232e-24 -6.319891167690213708e-15
8.658244669215664491e-01 -7.026362639203115323e-02 5.351571763752968976e-23 -2.863108251656350320e-13
5.308124029832117508e-01 -5.999738453468654240e-03 -2.124223518498934685e-25 5.949351022445046708e-17
2.657567869254806592e-01 1.785200824657658374e-03 1.379670955488139534e-26 5.756293973769959465e-19
-6.556937360653756208e-01 1.974937066912067080e-02 1.212255823301196380e-23 -1.380525951893949633e-14
-1.831631381646103840e-02 5.577979719484238430e-02 -1.987562411628457928e-24 1.785795736902350967e-16
1.541366254853548945e-01 -6.793409577602384231e-02 -2.814442761091696295e-25 2.591684115011401987e-16
-9.046073946582688929e-01 -5.205907768008249080e-03 1.507686723835209309e-24 6.244011783932660883e-16
3.783464718516127423e-01 1.341999350906211827e-03 -2.062239068613397947e-25 -9.208247944753440480e-18
-4.842408638976671842e-01 1.965421274151717829e-02 9.814258503986417939e-25 -8.214300409543245894e-16
-6.580214476965686732e-01 1.498350570390295788e-02 2.016805100266859977e-26 -1.748692382177095738e-17
8.010877400240770108e-01 1.305801264647831091e-03 -8.976493033185052113e-25 -8.257714595486291374e-17
8.769364622312505464e-01 -8.369135233141943020e-02 4.236980658963540632e-26 -2.734646506896845838e-16
-2.625548536783293141e-01 -5.085050867190384766e-02 2.116438101985004848e-24 2.484945823166168029e-15
1.842526775294102137e-01 1.015407155920516153e-03 -7.346323260136844249e-24 -1.208704286809930626e-16
-1.709871092950410176e-01 4.845466534891763877e-02 -1.401303872538216511e-24 1.021003641863076032e-15
-8.100524201822838499e-01 -4.659869962575368882e-03 1.722727894518200184e-25 5.718730198526030017e-17
-9.805602066740246592e-01 3.047679173191984725e-02 8.874972580843869026e-26 -2.332418793888911763e-16
-9.709007608565423109e-01 -1.141110531039826563e-02 -9.219375139627223072e-24 -8.982558247605988675e-15
7.025756246770333835e-01 -2.966017705993134745e-02 5.137982802603315440e-25 -9.415761819894114605e-16
-3.780968625080369794e-01 6.938510903494070521e-03 1.383460954975917569e-25 -3.191774903888611562e-17
4.917705260807383461e-01 -1.949186428166326673e-02 -1.106620692965266130e-24 9.328475217814757224e-16
-2.258514042666872612e-01 -2.333205590307490043e-02 3.779250899257730663e-24 1.751368478572726168e-15
1.782095000983809907e-01 -2.026743641079313020e-03 -2.160235963608005508e-23 6.861623165692493146e-16
-5.858285109510597000e-01 -1.046798361887005605e-02 4.133062835924036576e-24 2.228956262640587356e-15
7.138402275787563145e-01 -1.129247323287776300e-02 4.207899329745787817e-23 -2.982987474210289297e-14
9.128034746909843289e-01 -5.449183815867310147e-03 6.014374337699019463e-24 -2.630844615835701421e-15
-6.504431311629437218e-01 -1.439006443024334718e-02 1.451635851181046408e-25 1.194884028256676284e-16
6.864743654518605798e-01 -1.145051535041043600e-03 -1.488392716194136251e-23 1.028875661615129456e-15
6.695971308812369571e-01 -5.397721458889039037e-03 1.750444957959743844e-26 -5.563761606090390946e-18
2.156310490395298984e-01 4.081007347304701702e-03 6.577667387218930714e-23 5.090337541572307314e-15
-1.662932773582976864e-01 -5.601106160869297711e-03 6.420297421593518330e-24 5.258957298048611600e-16
-5.913553571946197351e-01 -1.907446757572616976e-03 1.731693721319404618e-24 1.717781979843452198e-16
9.825680606832576380e-01 -1.097370854352393635e-02 1.900708654556529509e-24 -1.802302216336404640e-15
1.745992121590171919e-01 -3.256299790275599820e-02 1.308573392946540119e-25 -6.542756339042135318e-17
-9.840064753675006326e-01 7.149380889320684773e-02 6.572249471967374647e-25 -4.066084801659900527e-15
-7.423100419610895173e-02 1.774078230757025407e-02 4.863583229205031400e-24 -5.632620028511533858e-16
9.257306396119826530e-01 9.367182764340749312e-02 -4.752748689729673281e-23 -3.624386325256643556e-13
-6.914715594646425600e-01 -9.008785726900502000e-02 -7.371614996150910483e-24 -4.038306003983770163e-14
2.354037841706853040e-01 1.470036304047940903e-02 -1.380122932369960404e-25 -4.200057854934989970e-17
-6.763737526352853191e-01 -7.130837125827493850e-02 1.775914401162026187e-23 7.532606701247971705e-14
1.635707972072311112e-01 -2.815580151322845566e-03 -1.195097257464671466e-23 4.840307082739160035e-16
8.343463037967384643e-01 3.177778512045856957e-02 -6.261153893378516429e-24 -1.459890724220245558e-14
5.659544847843580584e-01 -1.167351761702632891e-02 -7.645634406356036233e-25 4.442145469346832872e-16
-2.786565256451691841e-01 -4.289253737020756047e-02 -1.910383739121746790e-25 -2.008017851394814086e-16
-7.947732535313005720e-01 -2.203671474458080912e-02 5.778747366505314823e-23 8.900610621513145472e-14
7.558888317359058195e-01 -1.391474732277565591e-03 -1.064463934079296304e-26 9.846008464223958021e-19
8.163694350338055461e-01 2.794370376782729162e-03 2.994439073633771565e-24 6.007339638537334120e-16
8.356837703580188847e-01 -6.642194558162201057e-02 9.565215884157307187e-25 -4.669219999865158202e-15
9.728296949081831624e-01 7.164315847837591893e-03 3.703598181511407445e-23 2.270028998779996192e-14
-6.085797302823692245e-01 -6.803443733871573917e-03 6.473411931194147488e-24 2.357086524888739100e-15
2.678597891058813740e-01 -3.670817189219489733e-03 5.011526015496012161e-24 -4.333474733853739374e-16
-1.305026201319861023e-01 3.689533700598733590e-02 3.677707913834566217e-23 -1.557270108265534348e-14
-4.349427374271332969e-01 -9.830789442246636381e-03 3.139738928520823367e-23 1.180619673514401901e-14
-1.853159504788892686e-01 -9.237056903385408579e-03 7.295766484551435216e-23 1.098280684938012932e-14
-7.925064017491489921e-03 -1.138189750512711568e-02 -2.021081330942033728e-25 -1.603235202906182819e-18
8.226276764575963796e-01 -3.588628785293523915e-02 3.658841215601310921e-23 -9.498858454308382783e-14
-9.148134349106802343e-01 2.717470433112242206e-02 -2.939316312604031195e-26 6.425984694049672813e-17
-6.276109696137521787e-01 -1.718807009583735862e-03 1.898703311661084932e-25 1.801236546566875689e-17
3.428446646139011733e-01 -6.530514490578665648e-03 -5.333519135777794080e-26 1.050158013466561638e-17
-8.932092325713056891e-01 -3.103320138674780983e-03 -3.777045448006786572e-24 -9.207208841988815164e-16
6.762011829796454876e-01 3.437075516251282548e-02 -9.973066434104362657e-26 -2.038401417840637625e-16
2.743263703034624079e-01 2.509394419675331674e-03 -1.815639759531662725e-25 -1.099163175199931445e-17
-4.245443488434297308e-01 6.724368326358111381e-02 2.028412752554973772e-25 -5.092451373919091247e-16
1.099148231576418944e-01 3.521254956454227154e-03 -3.016875689688502218e-23 -1.026850343163332081e-15
-8.271434744144239293e-01 -5.930164642358971491e-03 -1.192745713089757296e-24 -5.145072081685598759e-16
8.197619233141231199e-01 2.126718670733740435e-02 2.825509948871120195e-23 4.332021736676733851e-14
-2.133584008453097702e-01 -5.344976596911804254e-03 -8.876538892230630070e-26 -8.902156320544703503e-18
-4.473213809084046755e-01 5.916586765693178721e-03 1.442941969743429019e-23 -3.358425823304835326e-15
-7.728618867262282421e-01 2.867605030329135104e-03 -6.065511193135224436e-25 1.182182791433246081e-16
6.474563434821138941e-01 1.879750838288786474e-02 2.115513197994730723e-23 2.264240304928677500e-14
1.420409357829144348e-01 1.276585900274238017e-02 -1.644379279541710758e-25 -2.622174346494290969e-17
5.978272400021682476e-01 -5.818082477341029318e-02 -7.410065585112700450e-24 2.266593429598675485e-14
-9.284251526511182462e-01 -4.675355142197675472e-03 -1.134080726743005735e-26 -4.329138433991815719e-18
-6.612569760677617925e-01 9.033486223128760553e-03 -1.122058578589635642e-24 5.894367153610628877e-16
-5.971316501409555944e-01 2.119571295131413447e-03 6.596956536623913037e-26 -7.342733117518448222e-18
3.069878973029802616e-01 9.786131518618022829e-02 6.035444853584316915e-24 1.594547968837341513e-14
-5.889579957690207479e-01 2.390597632205505776e-03 -1.898024981446549716e-24 2.350112929156630982e-16
9.739824086685819893e-01 9.480723002624863796e-03 -8.924713426185041717e-26 -7.247410338142687741e-17
1.384582800235210076e-01 -3.158143303468668572e-03 -1.235420410247695073e-25 4.750743001861289069e-18
-2.314207628184967724e-01 -3.378863850535055585e-02 3.761512893969432419e-24 2.586613670036555980e-15
9.254655822453197178e-01 4.427613470379815341e-03 -4.495914604284321085e-26 -1.620108222279979001e-17
7.988112296738720808e-01 5.061507870305777257e-02 -6.118716720269736921e-25 -2.175606889286943139e-15
-5.628056863081083439e-01 -1.494103266205701027e-03 -1.302078648236015822e-23 -9.628803179415768441e-16
9.345371114083134145e-01 1.666893729070082321e-03 1.302701982536545270e-26 1.784619111334137127e-18
-7.113020485650276559e-01 -3.180285794479200453e-03 2.942557553811937408e-25 5.853844411133460173e-17
6.373017601287394029e-01 -4.228649302576380740e-03 6.762846433024885566e-23 -1.602774089832772081e-14
-5.700467126819050989e-01 -6.962816305577208820e-02 -4.123955923116776146e-25 -1.439479215265748322e-15
-9.162985538625461057e-01 2.905939568073039742e-03 6.935359167408766003e-23 -1.624009394185829209e-14
-9.418703240489101347e-03 2.560418138689042090e-03 -4.357498741495163143e-25 9.241347037274539876e-19
1.263755196783844514e-01 -2.920872009715683171e-02 3.195238814216710586e-26 -1.037229368241566645e-17
2.557751479793668459e-01 1.652035214854234713e-02 2.924326242791718513e-25 1.086674477690363671e-16
-6.479690985294610517e-01 6.175481184762084824e-02 9.384979485229507641e-25 -3.302588207201878633e-15
2.939229666739018310e-01 4.766290818660867679e-03 1.154287760896003029e-24 1.422080401507274858e-16
-9.376575094142753919e-01 1.494943401292452533e-02 4.897527770672165429e-26 -6.037288007188337915e-17
8.481287365293186387e-01 -1.573685792354445525e-03 -2.855229966097306167e-26 3.351327695313340915e-18
5.476087977301022924e-01 6.835572429369084387e-03 -1.628928037326604223e-26 -5.362202428746114268e-18
-3.318839631991532535e-02 -4.405211724249086074e-03 -1.506890793464334618e-24 -1.937451473966762904e-17
6.394490153842447011e-01 -1.212652327388666785e-03 -5.300623837157349576e-26 3.614641356515721377e-18
-3.603952418335045760e-01 -1.598220911921965914e-03 9.311347175647987411e-25 4.716549290973434387e-17
3.800825780199199588e-01 2.166317765194240505e-03 4.801039969280615404e-25 3.476413647993753814e-17
1.936784925348831177e-01 1.472552003734706790e-03 1.758498120962857100e-26 4.410521526750672781e-19
9.387551947644179329e-02 7.249343901428819716e-03 -6.712109321584817606e-25 -4.017039272706149347e-17
-7.319493135809285178e-01 -8.602594379915812217e-03 -2.991785869356271075e-24 -1.656673635133878072e-15
-5.460176677978341164e-01 3.231088206156221016e-03 1.535475842671154248e-25 -2.382289289537035994e-17
2.389266833222900566e-01 1.313858334345494429e-03 1.119689660655983230e-26 3.091055927702877864e-19
-5.497890306782486913e-01 -5.922865462502183154e-02 2.693607801166347158e-23 7.713621060487796939e-14
9.646537788708136052e-01 8.980503986652179152e-03 -3.302176813984450075e-23 -2.515755923583241101e-14
8.019323863363234661e-01 -6.233304603486971608e-03 1.337568677651666226e-25 -5.879876354901480957e-17
-8.971976274567055043e-01 1.378124535706774269e-02 1.933629752283212466e-25 -2.102547913727115932e-16
-2.101908888474692816e-01 -3.372461151598555099e-03 2.225356273773694944e-26 1.387255300800551904e-18
5.346702792860733577e-01 -2.198992097398298415e-02 3.584823992601652826e-25 -3.706581469096484279e-16
-9.375316554944190806e-02 2.005887723329826539e-02 -3.212607561312341788e-23 5.313078570541585558e-15
-4.605532411753860966e-01 -3.246935842393559868e-02 -1.290817009752807478e-25 -1.697517383344660931e-16
5.590505933711626962e-01 -8.990095922886576219e-03 1.263713591911894768e-25 -5.585474781297364290e-17
1.522541017171268329e-01 -1.070833505999294749e-03 -7.939490129925716336e-23 1.138359841343205348e-15
1.037480436277222751e-01 -2.927379215477420547e-03 1.363339571350848330e-26 -3.641320798507241963e-19
-5.644650322875433002e-01 -3.020389861208626174e-03 6.878771183490667998e-26 1.031351989272910956e-17
8.163561741684342010e-01 1.240002665500777347e-02 -1.640972874860015409e-23 -1.460830080544235158e-14
9.191115528158131376e-01 1.980235956690984053e-02 -4.401642972128069177e-24 -7.045243053347475554e-15
7.897231974154159673e-01 1.867052251749717765e-03 4.174298812678986326e-23 5.412661929721448802e-15
3.794000263880943358e-01 5.065214636537235422e-03 2.518897928623413480e-24 4.256981663564405876e-16
-1.878482097554283747e-01 4.645576838503064770e-02 -1.979604064233104353e-24 1.519221316132098646e-15
1.578531885409095725e-01 4.214312228969157442e-03 -3.580519314006039342e-26 -2.094701232517086932e-18
1.830048389673668563e-01 -9.421197033310324542e-02 -1.283879795974033796e-25 1.946655158343366753e-16
2.972009939724418182e-02 9.574938288845660783e-02 -4.123029980533854948e-24 -1.031807628095997558e-15
2.299987162468071222e-01 -2.865423102125764024e-02 1.746083667997436881e-26 -1.011987668581820565e-17
-4.089940029925700493e-01 -2.738863245796204805e-03 1.386792902979700173e-24 1.366139029280253295e-16
-6.512154820381785836e-01 -2.316054459123778175e-03 -3.052652450295456444e-24 -4.048991325000944569e-16
-4.310879787026657972e-01 2.630403542198514466e-02 -3.342237569434624037e-25 3.332894833140165284e-16
-7.714831239932877782e-01 -1.706640132385012568e-02 2.229725199316494204e-26 2.581759161794775616e-17
8.584743248775408286e-01 1.540730332443090555e-03 -3.941259037393260655e-24 -4.584425541137717130e-16
-8.861099469234934300e-01 4.916010630849741540e-03 -2.854008726287841322e-26 1.093331150870666088e-17
-2.972658506156835578e-01 -1.500945611920252156e-03 7.374406281197855579e-24 2.893563633773001964e-16
-2.803224246178122048e-01 -1.207744477052084429e-03 -3.350983093274833125e-25 -9.977026783009578538e-18
-6.073564908139463814e-01 3.016504535560773914e-02 -9.804251005006855524e-24 1.579639850883482990e-14
9.931261400614574963e-01 -4.720838899628486060e-03 -1.031190340831300679e-23 4.251659047788573918e-15
4.321233851907273493e-01 -9.568392273056330888e-02 1.613474463409450183e-25 -5.866848017326815282e-16
-9.555884907912861603e-01 -3.517911266428197514e-02 -1.554619913267220923e-24 -4.595957647752582089e-15
8.455197200101924881e-01 1.048705458732448982e-03 -1.038001311941582396e-26 -8.094148583606762976e-19
7.182538261226811827e-01 3.800701345180370911e-03 8.088378701230365687e-25 1.941776183202655977e-16
-6.300683936739688296e-01 2.616878391252438346e-02 -3.144772001572081919e-24 4.559911355879054655e-15
3.408512628601840788e-01 -2.025098335646484393e-02 5.993266206068558087e-25 -3.638066161893408927e-16
7.943976157302736762e-01 -1.452632991957510458e-02 1.429557311253072357e-23 -1.450746083874484885e-14
6.214188845736257072e-02 1.275695314041424243e-03 -1.439284477907611078e-24 -1.003399890741192212e-17
-8.514947305401110444e-01 2.775554078487463012e-03 7.793377956008988095e-26 -1.619770172246223554e-17
2.451172630310716194e-01 -4.622709072304323485e-02 1.159825002435265814e-26 -1.155736762481331157e-17
-6.374475992132631053e-01 1.724283898982266472e-02 5.124365386080334639e-26 -4.953239778081171051e-17
-8.055229550560316643e-01 -2.605280497196844642e-03 -3.096683178314501083e-25 -5.715117777089510531e-17
-6.959522100768851249e-01 -1.732043883868093423e-02 -1.060909750929057180e-26 -1.124637993252182217e-17
-6.855648693549727390e-01 -1.583050686134768919e-03 9.637398232046082665e-25 9.198122316267628713e-17
2.990470161476821431e-01 1.453487573586271847e-03 7.298595093170700732e-26 2.789883495954974774e-18
3.405976271917907638e-01 2.261104081290470341e-03 -3.839661471177117218e-25 -2.600465570574852977e-17
-6.767665919749947800e-01 -7.573989741082584777e-03 -5.017330951676505455e-24 -2.261686332705642376e-15
-6.628056135005166993e-02 -2.100116328744355051e-03 2.973963123205784658e-25 3.640500616536462232e-18
9.123329785843514728e-03 3.575517932126152584e-03 -2.984139386777989682e-25 -8.560663759926203068e-19
8.512899241222280367e-01 -2.083963360226410988e-02 -2.942316780887343071e-24 4.590426110086413241e-15
8.472036235316915409e-02 -2.953004523953954834e-03 7.700308562158890022e-24 -1.694166327088953619e-16
-6.694380253573186668e-01 9.136948113960735585e-03 1.531401309762241777e-26 -8.237521302328009925e-18
-9.023494514032330827e-01 -1.752537550488621676e-03 1.623596709198643110e-23 2.257960048658104315e-15
9.797179390410233335e-01 2.608478835875958305e-03 8.388888584152674950e-24 1.885336191085501280e-15
-2.729126234015106789e-01 9.688979559934857155e-02 -2.442685018222094105e-26 5.680219689896240669e-17
4.860392702722082792e-01 -1.686734951769095978e-02 -5.472939636795458805e-23 3.945798132518773906e-14
-8.905911130887234073e-01 3.624140040736104681e-03 -1.794302352809687318e-23 5.093014997100046523e-15
-9.326250673658338375e-01 -9.777225523858437684e-02 1.282996096658121556e-23 1.028831026077237206e-13
9.333157059658534482e-01 -8.396633225911612902e-03 1.459210803582489952e-24 -1.005652167819921245e-15
5.108044444576542720e-01 -3.819577301972735400e-02 1.097553645539183790e-26 -1.883179544639030412e-17
-2.987221122445113952e-01 1.920779124256258123e-03 6.422476280132482866e-24 -3.240733419932362949e-16
9.524635061999020547e-01 -1.401831042135948460e-02 5.349956705197514826e-24 -6.281889390095855391e-15
-5.143001933447621798e-01 2.755176643180580216e-03 -3.173072969367873606e-24 3.954050352050840709e-16
3.908626836888247080e-01 1.218571092643971811e-03 1.211212296846354926e-25 5.073309444123139914e-18
-5.376047170234838912e-01 2.230019068019902656e-02 -6.816182908374972969e-26 7.186358578760396000e-17
-4.296851587520831295e-01 -1.185996530302945405e-02 -2.029108581385667506e-26 -9.093583518579917892e-18
6.858785877540145570e-01 -7.611637382137419021e-03 -6.785894512572202821e-25 3.115504908645386141e-16
-9.823301304894098696e-01 -5.582112358970051785e-02 5.369667701253463507e-24 2.589401825440560018e-14
-2.354439525779290499e-01 3.134590912634221266e-02 -2.989193273246669955e-26 1.940074497253198337e-17
6.844151206059947423e-01 -3.720768822843449359e-03 2.570956530225139167e-24 -5.757620250614871145e-16
-2.777077198063515606e-01 -1.225813562503631424e-02 1.555417331874391347e-26 4.656453913647638325e-18
-6.939673553494025704e-01 -9.581632705237192946e-03 1.076273107714285548e-26 6.293569748697328626e-18
3.729118487279192706e-02 9.668325291099925597e-03 -1.283317574613576023e-23 -4.068998958044130854e-16
4.288619062460261588e-01 -4.596389929953267894e-02 2.369061343206658608e-25 -4.106829214129654162e-16
-7.934438754730610555e-02 1.443587452004169418e-03 -9.365181993219979801e-24 9.433471297134643552e-17
-8.031996749352590115e-01 -5.424649855848386222e-03 -5.746297589311032547e-25 -2.201807511183701252e-16
-8.822072162875027601e-01 1.653087437232764450e-03 -7.646199493042423149e-24 9.806365056340817945e-16
-2.370381594262243041e-01 -7.867846248578695342e-03 1.939033332389506256e-24 3.180207121619406193e-16
3.640229866876731890e-03 6.932408694886706482e-03 1.892096474335761970e-25 4.199061579865199871e-19
2.748859240629155654e-01 -1.025908989816484273e-03 2.072458557080544032e-24 -5.139764166624547051e-17
-4.107661946880689641e-01 7.930862048664415187e-02 -1.089740896071706923e-25 3.122010363126597990e-16
-7.986931728897037619e-01 -1.594675800980160929e-02 -1.168950003131817393e-26 -1.309315511062114294e-17
-6.495839634776308102e-01 -2.510369309396242449e-02 1.301141038078112926e-24 1.865921146810663312e-15
-4.078073499761138976e-01 6.140218087609742616e-03 1.336788117049176317e-24 -2.943726261016350438e-16
-8.681399418387059086e-02 -3.235654035657591077e-02 6.470003427243414033e-23 1.598278025835944039e-14
-3.305055500959561687e-01 -6.889305030852206635e-02 -1.462808789347285546e-23 -2.929123832025575360e-14
1.794163079757344903e-01 2.968963765095820710e-03 3.075669581120135380e-26 1.440795988162190225e-18
-1.950660132236485822e-01 1.116351475470009867e-02 -2.803967231918722375e-25 5.369718178070084752e-17
9.302931059866770269e-01 -1.074363538088355177e-03 -6.000258649428757848e-25 5.273962474191668638e-17
-2.404153053575555088e-01 2.991901952637008102e-02 1.533945336098628864e-23 -9.703208269526882710e-15
8.392765172223404235e-01 -1.362928296903789761e-03 3.009759699128772742e-23 -3.027651634338748690e-15
4.653548965079659094e-01 1.145167324373789694e-02 -1.267567455724949320e-24 -5.940463286856136951e-16
-4.949060677891321536e-01 -1.069131577642976061e-03 1.378993931019388720e-24 6.416708206757822622e-17
6.864683894638015094e-01 1.582671925728275711e-02 -2.949993128520973258e-23 -2.818567545995012203e-14
1.114690612907034417e-01 -7.356884191319917887e-02 -5.091471959096583583e-26 3.671872732261021932e-17
-2.138747072332687349e-01 1.822007169770115337e-03 -1.363537889735572239e-24 4.672751876415973903e-17
-3.277502850806244261e-01 -4.461178359916950081e-02 6.009380456920223632e-25 7.727132611998164083e-16
-5.679612380854479614e-01 3.877285043280158383e-02 8.688879864757341931e-24 -1.682698160588950304e-14
-9.197253906049538408e-01 9.116607156911234536e-03 -6.386791171718752984e-23 4.709449386343977422e-14
-5.500778577232117161e-01 3.496617043846923095e-02 1.108312954467054746e-24 -1.874695097352818639e-15
5.223468467559229111e-01 -9.230348829894009788e-02 -1.203045198386534365e-26 5.100996620388058035e-17
3.735682203582024741e-01 1.654159133143073487e-02 2.831726597470972976e-26 1.538843771178801702e-17
-5.876066692937140790e-01 -2.799032818239503406e-03 5.132041793040965153e-26 7.423024460284559761e-18
5.080066353945047464e-01 -2.761024345693563562e-03 -1.119044391288617925e-25 1.380330029245070056e-17
1.971791733011083458e-01 -1.802212140235210855e-02 -1.269510630635203739e-26 3.967338845387300769e-18
-5.106583526769103987e-01 -1.995369116495943843e-03 -1.864028605074252248e-23 -1.670329914206564966e-15
8.919784818283289507e-01 1.759865822057387133e-02 2.537051991603859623e-24 3.502348048115997974e-15
-9.093458110002463624e-01 -9.216260080929718213e-03 -1.110603530956996140e-23 -8.185379937605346170e-15
3.312952533999415916e-01 1.643490593948824857e-03 -5.674337997837602671e-25 -2.717025023510925143e-17
-1.821854847457247129e-01 -8.787629819104596229e-02 -1.943784061429311646e-25 -2.736714816134699274e-16
-3.961904642648841346e-01 5.191387361731872319e-02 1.080102300433992066e-23 -1.953657124092328283e-14
-7.199966814548690586e-01 3.348051041317234681e-03 -1.690272026409154573e-24 3.583233991935582467e-16
1.258783868697299635e-01 -1.958526998052113541e-02 4.475695317488043472e-26 -9.703697422861879543e-18
-8.613315237136767166e-01 -9.502778570821535792e-03 -3.761192820585581308e-24 -2.707338446223125100e-15
4.980420981225948118e-01 -5.606076576660850783e-03 3.937756526100939081e-24 -9.668741295024306351e-16
-4.453286007608858732e-02 -5.487955171369537227e-02 1.397808719467995619e-25 3.004241830622247613e-17
7.576530751950276699e-01 2.141835928293723407e-02 2.128243212854971350e-23 3.037203188112444339e-14
-7.610049520354709163e-01 3.289092101745528379e-02 7.513317237634943057e-24 -1.653831443170538822e-14
-3.601848715310431714e-01 1.638377625162492843e-02 9.835029387680439331e-23 -5.104005553343395938e-14
4.571414770566624153e-01 -7.064003270675571489e-02 1.070147018914487325e-23 -3.039071831573038860e-14
8.806826517717849523e-01 4.826969179155023680e-03 -5.001611550246452513e-23 -1.869820542650925402e-14
8.657185453725879665e-01 -3.866117425876464120e-02 -7.674270417464952308e-24 2.258836831157420366e-14
-5.207622704491312593e-01 2.943877648047146453e-03 -4.475341909227023018e-25 6.033669096974767436e-17
-9.762788141229301608e-01 1.661913598183795355e-03 3.049682548925023753e-23 -4.351439415098015641e-15
5.962107672354388654e-02 1.327594290424019335e-03 -3.294261338231037367e-24 -2.293080179971755645e-17
9.730217214629659495e-01 -4.386744450811309870e-03 -1.942640815079107281e-24 7.292112836660477818e-16
-4.145514088331758717e-01 2.217495705852041629e-02 -1.296605864005865721e-24 1.048202435970938787e-15
7.120973445965554927e-01 7.838047188393118536e-02 1.434062599830149126e-24 7.039006237074110026e-15
1.358826041623191205e-01 -1.058385284198891212e-03 -3.791934287215426082e-25 4.795837476751710334e-18
-9.968384941530532561e-01 2.805774893805505765e-03 8.743726428819835297e-25 -2.150652219895189470e-16
-5.938635039169819496e-01 1.901465192619723309e-03 -2.518611886762564054e-25 2.501106962784390417e-17
-6.902334437137509493e-01 -2.377938187402460751e-03 1.955629022176926710e-25 2.822793011518072549e-17
8.156207558632040389e-01 6.333696294881450625e-03 6.779730776515951332e-24 3.080022950671126338e-15
8.140637891724926689e-01 8.249913699854111160e-02 -2.621222159117454381e-25 -1.548130880758916349e-15
-4.108411575375638947e-01 -9.062162657466103777e-02 -6.771926889595030192e-23 -2.217246910215952333e-13
-9.624550420222792724e-01 8.521668048310445526e-03 -2.108997787108125814e-25 1.521168029123445259e-16
-6.380101511877220855e-01 1.026226951321052017e-02 -1.236437365620970673e-24 7.119330036108757663e-16
-3.429004103549677662e-01 2.051776444777856159e-02 -2.582807321810117377e-24 1.598034141678904561e-15
7.064966801885215197e-01 -5.807353737529910576e-02 -4.141144911907353084e-25 1.494186590325274519e-15
-7.221880709451340419e-01 6.037627527381529691e-02 -2.058014438460699994e-26 7.891526972426889030e-17
2.545400062275959829e-01 7.018137575291588486e-03 -4.977740747547617805e-25 -7.819990075216297206e-17
7.641623500235650290e-01 1.551814803406801040e-03 -1.577305155889489880e-24 -1.644891476198173142e-16
-2.184664019920548039e-01 -8.220895774793741950e-03 1.195023529287231687e-24 1.887453474323636427e-16
9.991965021269955116e-01 -2.687268063771329138e-02 -2.565546851358081504e-25 6.058119646464061334e-16
2.814545651427167172e-01 -4.265191952116128421e-02 9.042408300408142789e-23 -9.546122253113720635e-14
1.570362166654357683e-01 -1.430857580162531520e-03 -3.576477027696498359e-24 7.067204727086716438e-17
-6.827411693017249039e-01 6.798615985741771062e-02 1.932575757538130879e-25 -7.888767024651517874e-16
9.724889973833337198e-01 -7.023135514017461202e-03 3.373801821345518405e-26 -2.026428633973183738e-17
-8.682932831520846495e-01 -3.375851778229281563e-02 1.397061494180866058e-23 3.601316863242687857e-14
-7.182271402180100406e-01 1.334222834947857220e-02 -8.160402786443411592e-25 6.876980251247719335e-16
6.084399729102507592e-02 -1.751643957438907447e-03 -4.409827769357585194e-23 4.133150332309878367e-16
3.053916461077483824e-01 -5.727839437132822148e-02 1.054263294338380825e-24 -1.621784236233826698e-15
6.371780758932230615e-01 -5.828002893929187800e-02 -4.149158645713577653e-24 1.354991665456841549e-14
6.745931802896940610e-01 -1.851390039379060062e-02 -2.508259338199981539e-23 2.754915657947024873e-14
3.993696929737531320e-01 9.487953373424520831e-03 4.148193743507658586e-25 1.382301179692864090e-16
-9.890818196476924840e-02 2.800682040118248218e-03 3.496737829866583906e-24 -8.518342499977741581e-17
7.153583763831936615e-01 1.596665896460094892e-03 5.352973671183894532e-24 5.376861175769928001e-16
9.734616793987618255e-01 -1.312498174517137770e-03 1.339325079073591840e-23 -1.504872027359077263e-15
-2.416974822230850695e-01 -2.344850437613936727e-03 9.260855826299443886e-25 4.615666236394064003e-17
-7.706254604069489034e-01 3.729637335371371876e-02 -1.429907198728733012e-24 3.614213551869237631e-15
-2.494323443884594038e-01 -5.827197151202387522e-03 -1.571510876357616745e-23 -2.008749917103029185e-15
2.854590581520211057e-01 6.602516563028734860e-03 -7.745865811929660215e-25 -1.283864816012096946e-16
2.165462351155416076e-01 -4.391621648361371602e-03 -4.387629372298552043e-23 3.669454358257325503e-15
6.951988380615108376e-01 -6.071101361354517417e-02 -7.394830973055016392e-24 2.744737230568750620e-14
9.829274310622460042e-02 -4.300468821579814943e-02 -6.440682493900230376e-23 2.394226036453715894e-14
6.050964883548246576e-01 2.003456694966100626e-02 3.489398320506042539e-23 3.720070240525982945e-14
2.553706622329343645e-02 -2.329323951967426226e-03 -1.202357058989923754e-25 6.289706105540327987e-19
-3.081511958266927032e-01 2.713179837998444879e-02 -8.928751223056422113e-24 6.564915817618395157e-15
-7.061575560428834386e-01 -1.429004090878335451e-03 2.094897864117308017e-25 1.859062270069462915e-17
-5.999149147793148007e-01 -1.590972060439336047e-02 6.520784995363095265e-23 5.473285383322968137e-14
-5.867504956011235784e-01 3.630366107797795144e-02 -7.958224732714466440e-24 1.490788687565054117e-14
-6.365718484391007514e-01 -1.466586179262158044e-03 -5.653559312743190382e-24 -4.641656199152441993e-16
-4.437313733510714897e-01 1.172537267743035960e-02 -9.462018108464389782e-23 4.329388570545175648e-14
4.473057464393053184e-01 -6.987144759308732030e-03 -3.608003701126971719e-26 9.916700412893303535e-18
3.368568814945551715e-01 -7.064621404522794697e-03 9.853449839465918582e-26 -2.062142281718018468e-17
8.987499642697402980e-01 1.694557048136755700e-02 1.961661919822817479e-25 2.627333734822851773e-16
6.397967609979191561e-01 1.110527572648569057e-02 -5.552385406209175163e-24 -3.469340990549289672e-15
-1.691042053501576881e-01 -6.233218160313298145e-02 3.308357484483403394e-26 3.066727352040679621e-17
-5.989834100363911062e-04 3.208509058384345115e-03 3.406301108341196091e-24 -5.757011538421267048e-19
-7.179855705888673612e-01 -5.004218920461322995e-03 -9.887567034438078409e-26 -3.124190144858292614e-17
6.138496910918167515e-02 -7.217043878163376461e-03 -9.658123428167164854e-25 3.762791367022416733e-17
8.020363530112697426e-01 4.647925016405556400e-03 -5.075486765826928765e-25 -1.663898639519683625e-16
9.263705442266836343e-01 4.782147807466271411e-03 1.366140282959789832e-23 5.322296075256766772e-15
-4.477381780787506038e-01 -3.373953432902945110e-02 2.768436052769445832e-24 3.677847424474905848e-15
4.081466754870997082e-01 7.367778238127584145e-02 3.515137749702206702e-24 9.295893894286534239e-15
9.451797665381933555e-01 -1.293745656936173436e-03 4.190970469503047379e-26 -4.506858490994827392e-18
-3.681666119474200638e-01 2.922802090652210517e-03 6.486917385282925653e-24 -6.138724987057016121e-16
-1.392467963466361702e-01 2.126789384069151592e-02 -2.747416469415479123e-24 7.155338660317333372e-16
6.120917706710125028e-01 9.332202280542076928e-03 7.780245019292887797e-23 3.908318595241192475e-14
7.220562566863606424e-01 3.203566636263915218e-02 -2.977385022218460316e-26 -6.056696296775478603e-17
8.441522892600894501e-01 5.818031096984877144e-03 -9.825408611877606934e-24 -4.243688146386910237e-15
-7.973011038717925381e-01 -2.016149547120691526e-02 -3.446301145383792584e-23 -4.871854760859431379e-14
4.859917685888213157e-01 -1.111877122806028632e-03 -2.674525654527547251e-25 1.270950032383456302e-17
8.330005363643380178e-01 7.545937126302595943e-03 9.767940859551620251e-26 5.399548981023973807e-17
-5.366442875690125014e-02 -4.048707768181978445e-02 2.556903732858914161e-24 4.885548390415719020e-16
3.534620550698353014e-01 -8.642375757463479843e-03 2.650945492736586462e-24 -7.121520707758820405e-16
7.259835959729783461e-01 -2.920357007455378837e-02 -3.933903939742167191e-26 7.334702531353881084e-17
2.072699734073046862e-02 8.628468509479131354e-02 -4.908466562161535602e-25 -7.719904844510777546e-17
-3.206369493091436595e-01 6.937534619142268245e-03 -1.159340638186171227e-26 2.267909868692649226e-18
9.501905898495206504e-01 -9.783484924312191300e-02 1.588681246305593849e-23 -1.298784432583393820e-13
-4.838466601234761022e-01 7.392173340482878496e-02 2.718283650932127483e-26 -8.550089545897763591e-17
-8.210701571045313507e-01 7.689394170004666684e-02 -3.141836937192310808e-23 1.744423919197369096e-13
-8.574502340039544812e-01 -5.627181228335841751e-02 3.699848328270311737e-24 1.569928041339228540e-14
4.517089564772935883e-01 -2.545458575928034005e-03 2.743042618162655381e-23 -2.773660432894361932e-15
-2.572001038786539961e-01 2.772620545943680400e-03 -2.672983278590800839e-26 1.676308005616950063e-18
1.644450641467549712e-01 1.599617878153103846e-03 -2.510515350191479573e-26 -5.807590329947126886e-19
3.479339354622421610e-01 -2.388500686766824397e-03 -4.140705690500613875e-24 3.026164438346478065e-16
7.178653418557612298e-01 3.891589916476583845e-03 1.700659561811384034e-26 4.178144359847590394e-18
-2.722232389004817232e-01 4.150248416047573607e-03 -1.982956130457229388e-24 1.970191295597575631e-16
-5.101975187116478683e-01 2.699549721874993854e-02 2.357177966389200291e-25 -2.855078452118642967e-16
6.960717725237233200e-01 5.089936011945388888e-03 -1.571939584950956506e-23 -4.897767848335630003e-15
-9.636368140253206427e-01 4.106725044440329327e-03 2.324659531835882118e-26 -8.090295144487774322e-18
-2.902848603509564640e-01 -1.552226832315706240e-03 9.911628810078795376e-26 3.927539868441739077e-18
-6.870457520910782101e-01 4.294822349805088764e-03 -2.947451689895602744e-25 7.648452239774699805e-17
-6.510512059674427032e-01 -3.524297240128130421e-02 4.815268023628698600e-23 9.716372212686328382e-14
-9.910238703929727944e-01 -6.329610089447934573e-02 -4.633150437257311639e-24 -2.555838897049120332e-14
-3.168597770652432644e-01 -1.076261852874718997e-03 -2.651324971576440574e-25 -7.951407704651017755e-18
1.887283830180768174e-01 1.689052095944320979e-03 -2.798782693794146657e-24 -7.845948334316897807e-17
2.538141696665512370e-01 -2.057856305251589898e-02 -2.863076169686260591e-23 1.315103132205504418e-14
-1.520610014847190161e-01 6.656907934022716911e-03 -2.953891646153475497e-24 2.629547122969378379e-16
3.928747346962877529e-01 -1.960667269388748427e-03 -3.837681413317349439e-25 2.599698112151354198e-17
-7.075855178399446110e-01 5.694645667710637044e-02 8.671361917824056167e-25 -3.072762226061535660e-15
-5.925710431649859888e-01 -8.367601842862556344e-03 -1.020794853950610331e-24 -4.451187661622605712e-16
-8.960918352016145061e-01 1.622476214293213162e-02 -5.027979715887195536e-23 6.428658799678534014e-14
-3.228752405431722927e-02 8.930986172113653324e-03 -7.498690666285647946e-25 1.901584367930913118e-17
2.752901157854636960e-01 2.197792648246930589e-03 2.195376801939216375e-25 1.168106406656352625e-17
-4.309664027675716991e-01 -4.569088200575666808e-02 -2.804907719192034645e-25 -4.857217313902465671e-16
-1.696404603762602381e-01 -5.700183430826463206e-03 -2.713324632632257403e-24 -2.307363571168977807e-16
3.712409961859020058e-01 -2.962165326206886266e-03 -1.186530430295257869e-24 1.147466735742203414e-16
1.305468840764345551e-02 2.929597086331203748e-02 -2.269960119800846851e-23 -7.634641225387308342e-16
-9.261742832217070287e-01 -3.503572921590421534e-03 1.271823217761616187e-23 3.629331418421241518e-15
-9.418703061038018465e-01 2.358287678650563754e-02 -1.091096407081457198e-26 2.131311916998198777e-17
4.345473474991627949e-01 3.050677507252069678e-03 1.533965812207105582e-24 1.788319384673297003e-16
5.312867735073345532e-01 -8.363629822287622917e-02 -2.520547961872011615e-25 9.849513341593189373e-16
-4.051676866622582196e-01 1.817082373962312317e-03 5.082965051135447432e-25 -3.290959528133587758e-17
-4.875067268185391267e-01 -2.833559716527152619e-02 1.054751575631712556e-26 1.281324603904840335e-17
-1.597153176363497185e-01 8.357939652741917802e-03 -1.516830737641213624e-23 1.780651466478897246e-15
9.298291998064895925e-01 3.374941136237780831e-02 -2.339132452163180078e-25 -6.455355995675851425e-16
3.148933682273240553e-01 -1.288787771161618075e-03 -4.548502949316608674e-25 1.623339670451673296e-17
6.064910211445395660e-01 7.420621680920952423e-02 9.485685844948738487e-26 3.754303723265328895e-16
1.175730988650649511e-01 2.519956609050680307e-02 3.492126157217236472e-24 9.098859372266299382e-16
5.457020479478320585e-01 -9.721364729836171059e-02 1.432205801847912946e-23 -6.681658116802689611e-14
-9.257255690253844982e-01 -4.405940328318040666e-02 1.079450954822866126e-23 3.871861247550751465e-14
3.749777754348762038e-01 1.519410189012607854e-02 1.059496975346965981e-26 5.308554547340962214e-18
-4.179731515863882585e-01 7.339180629921082666e-02 1.021882787704050344e-26 -2.756722474166910096e-17
9.094108742832602843e-01 1.737899547736049960e-02 -1.414491952517860247e-25 -1.965989954768231908e-16
-6.657238792784028192e-01 -4.784334253046365615e-02 -1.122951226780795475e-26 -3.145375814655354690e-17
5.674232988162541957e-02 1.566682867450569158e-02 -3.068931569880294871e-23 -2.399227681776981135e-15
-1.121019393924105323e-01 5.769380734906431885e-02 -1.398362011250752147e-25 7.953493739352112638e-17
4.566381178160863197e-01 -3.201231943284511827e-02 1.046986420135973186e-24 -1.345942020999323243e-15
-7.305403281047735398e-01 -4.268066944781636653e-03 -5.818596906632654321e-23 -1.595473848845967460e-14
-6.026475865099056861e-02 -5.383193654012523310e-02 6.103605976772852491e-23 1.741349377143357384e-14
-6.466850098442544770e-02 -3.142347417175311158e-02 -1.180098711868427578e-26 -2.108925944375116878e-18
-1.402559373165270795e-01 1.060834278748847351e-02 4.832181385632304260e-23 -6.322779374205260383e-15
9.830797542938976008e-01 3.660887572564473086e-02 -1.434902978608232833e-23 -4.541441052118213037e-14
-2.187941024335360307e-01 1.371533818640679331e-02 1.256051212859106842e-24 -3.314709551314887811e-16
-7.231602149161000526e-01 7.881615379862544346e-02 -7.143648557482807599e-24 3.580682747595750848e-14
3.678115237414525396e-01 3.445102815808996546e-03 -6.390115491194125699e-23 -7.120856387937896459e-15
-4.874916140358196426e-01 -3.672093178324466883e-02 2.313539956397199164e-23 3.642116612309533483e-14
3.588630530825520637e-01 -9.338938144587820289e-02 7.529357252386964128e-25 -2.219116746794630802e-15
-1.447765851066855625e-01 9.052351522457237343e-02 -8.231670586976251209e-26 9.487323767603234894e-17
1.221830983799976345e-02 8.543630611462552440e-03 1.121310770030064363e-26 1.029379679896653418e-19
1.891070174471791709e-01 -2.940484408872884921e-03 -4.454359027913853178e-25 2.178250113429214038e-17
-4.178056355569936819e-01 1.024761165815957220e-02 2.513744784816003613e-25 -9.464858718717632315e-17
-9.976983793615985530e-01 -4.050776102214547619e-02 -3.507396846285824690e-23 -1.246575001478011728e-13
-6.489065955989559153e-01 -7.729275067593542603e-02 2.449210350162115309e-26 1.080296671422624637e-16
2.910235869134332187e-01 -2.941669279384941885e-03 -5.286640739631134237e-25 3.980135275130374314e-17
1.729148443145334113e-02 -1.539566426671048691e-02 1.403368906794820228e-26 -3.285477975506577460e-19
-7.983934460721009430e-01 -3.700598016972820974e-03 2.676476830926327049e-23 6.954219005295955967e-15
-8.975080012562679510e-01 -9.933886467313696178e-02 1.203747795641622977e-23 9.438196747782127035e-14
-8.884945156835466484e-01 1.422708878954921825e-03 1.026648053006087361e-24 -1.141269947947108231e-16
-3.348159748175265626e-01 3.201748472377477766e-03 -2.319102900747544783e-26 2.186298221060952927e-18
-3.707893633554109059e-01 1.903277568373056613e-03 1.597896181286750681e-23 -9.916854825863569708e-16
-1.519108009171628026e-01 5.437987043800154158e-02 -9.014926492405130550e-26 6.549151125893601100e-17
6.729847825618946455e-01 -5.524487381461915675e-02 -1.176202163789266712e-25 3.845698248036611362e-16
1.176549106861832783e-01 4.689034792074533477e-03 4.832437612348740782e-23 2.344529868675575787e-15
-5.102297761173317792e-01 -3.523479713346857212e-03 -6.970772396440909254e-24 -1.102083443666934450e-15
4.736874555102896789e-01 -8.290414975147730736e-02 2.943182299459778693e-23 -1.016438991271993606e-13
-7.405852784235753550e-01 -1.235188560031331116e-02 1.046012471933048722e-25 8.414749629009616424e-17
8.658113644094680428e-01 -9.066916083926802525e-03 7.300915460010457196e-25 -5.040297813758320587e-16
-4.833364063033247504e-01 -3.823932196862187688e-02 -2.776365022524214487e-26 -4.512656291052790098e-17
-5.012530223156561604e-01 -8.465286576289907106e-02 1.007449613040841485e-25 3.759395384202643115e-16
-7.533071425543353961e-01 -1.937188867437231480e-03 5.102376676526142661e-26 6.548058743684611045e-18
2.794869873025267459e-01 1.327521526561629929e-03 1.381937820929771914e-23 4.509077164844884913e-16
9.094110535729429401e-01 -4.141742518552173763e-02 -2.886677444653223735e-25 9.561754396103483891e-16
5.743930806743318129e-01 -8.183966464029328314e-02 -3.395748982540914757e-26 1.403798002969477175e-16
-9.982964676757206668e-01 -5.250212547368477561e-02 4.396082451004572721e-24 2.026274362689180295e-14
-9.178976123937478970e-01 -3.220894528459186668e-02 4.516615127202140721e-23 1.174302076650143928e-13
3.174781882608619377e-01 -3.877285995527713497e-02 -4.209887903980032578e-24 4.557306755435669424e-15
-6.495525636001042713e-02 3.426468688406465301e-03 -3.223686888933662668e-23 6.309717595377388043e-16
-6.822883422183585456e-01 6.540207385649675353e-02 3.732089850940109859e-24 -1.464561326431794727e-14
6.484250443522459051e-01 -3.227379084171606849e-02 2.854780060804004423e-24 -5.253859028640058939e-15
8.435067663742756849e-02 5.627979628955145745e-03 -4.861667988925430960e-26 -2.029655755857982576e-18
-4.325049972484591443e-01 1.832641956993414853e-02 -3.182417879379659617e-25 2.218308590389921084e-16
-4.944162400724312345e-01 4.585197060587031977e-03 1.478633705374854327e-23 -2.947863263462633498e-15
9.458160856478725620e-01 3.644524157563185096e-02 -1.159529213574040664e-26 -3.514999150048631626e-17
-2.308146124908030394e-01 1.010370728250788467e-03 -2.220742412056960536e-25 4.554474162509850353e-18
-1.682056116436947413e-02 3.729280778211607316e-03 -3.655609389668345096e-25 2.016607359335680855e-18
4.526360806413518567e-01 -1.368440419693066866e-02 -7.265770278642685186e-24 3.957789810743519547e-15
1.155696276066020545e-02 -2.109617036694900419e-03 5.280100512804817872e-26 -1.132101923178720556e-19
2.310054676034198895e-01 4.468300733578627754e-02 2.736383810526150540e-25 2.483920358050472045e-16
-1.666894615652003697e-01 -3.834141711606263176e-03 5.052679826694737993e-23 2.839841384513958894e-15
1.134373787646361098e-01 1.025530853463642311e-02 -5.835822486130914014e-24 -5.970393925849962575e-16
1.497281130134517912e-01 2.281695382034192379e-02 3.566277404145959674e-23 1.071450561987128377e-14
5.129072262024880757e-01 -3.473039302874572631e-02 7.150058633798060788e-26 -1.120093093509606925e-16
-1.293474298006582757e-01 1.748908693663078773e-03 8.389099736028461667e-24 -1.668922993085778539e-16
-6.553802769382395255e-01 -3.442368134919098627e-02 -1.299934194144656619e-24 -2.579099211257168758e-15
-8.904923975131160407e-01 1.371824589858027226e-03 -3.638958693656969279e-26 3.909326339022112257e-18
-3.706305794095547945e-01 8.028309265835585629e-02 -1.021601938178313303e-23 2.673271393606809376e-14
4.389890161555520809e-01 -1.785604174973580861e-03 1.172698312936930752e-24 -8.083903999229662380e-17
-1.271073520747214580e-01 -1.831136723792286050e-02 -2.124383303878260487e-24 -4.348308254498954668e-16
2.585488362446033417e-01 7.210145941875829856e-02 -3.159591143319336383e-26 -5.179806435370225515e-17
-1.485926925930745046e-01 -6.659082907813120011e-03 4.798868882938591107e-25 4.175867969616667560e-17
3.029730204001128691e-01 1.614338025362586481e-03 -5.265862350661610740e-24 -2.264977728318792449e-16
7.441025717932463479e-01 7.015749522224688783e-02 -1.640952758160592772e-25 -7.533537587577147816e-16
1.985090412610435173e-02 -8.969112309454302379e-02 6.522388086361141140e-24 -1.021250754579274487e-15
3.636415938508252843e-01 -2.700846817938672758e-03 3.079832789210207041e-23 -2.660091923611153430e-15
7.393975559511372087e-01 -1.581099417267448071e-02 -2.322883015472996873e-23 2.388144098215112983e-14
-5.385848619008148930e-02 -1.329086931379793238e-02 1.191855998362364355e-23 7.502868192905654470e-16
6.955642981888865428e-01 -2.987120239334841235e-03 2.207408691833595088e-26 -4.033376239559329709e-18
-5.590457712078475971e-01 -5.932313626675790943e-03 5.867580616656482642e-23 1.711301516782827917e-14
-8.426560109722824876e-02 -1.518305942354202659e-03 5.812844211697358686e-26 6.540249238846100469e-19
-7.558996007920761873e-01 -1.212370811315849296e-03 -1.941800934026511769e-23 -1.564949378049644981e-15
7.201341233557640997e-01 1.592428358866152666e-02 -2.907618159787967016e-24 -2.932288292611460996e-15
2.978562577104946207e-01 -5.762556831129158827e-03 -1.703999348927712393e-25 2.572097190423123407e-17
1.464009845992328973e-01 2.861121059862670873e-02 5.459226405927225506e-26 2.010978084629077223e-17
-8.228407119314462559e-01 1.627846153350332933e-02 5.266411686896951305e-25 -6.203544973518237118e-16
-2.079641835642442871e-01 -9.538207637893956342e-03 -1.110627045176580603e-23 -1.937401193986631715e-15
-1.465109455494870705e-01 -7.595190017525356961e-03 -6.644983034955370168e-26 -6.502772966586073680e-18
6.953997977114250162e-01 -1.415810976881434237e-02 -9.864047222931984101e-24 8.540651053258538529e-15
5.394229959621905657e-01 2.204059933485722281e-03 2.100923829844907858e-26 2.196641397732361606e-18
-9.239118087049384975e-01 2.965079673330347880e-03 -4.118014475108649259e-23 9.920892750502058363e-15
5.932008302484890194e-01 8.934059795409024507e-02 -9.117428449788603511e-26 -4.249315419315242532e-16
3.050473633366455051e-01 -2.885586578797809734e-02 1.103916002961251318e-24 -8.545420031621972688e-16
5.369014085453505114e-01 4.478580591901175356e-02 -2.779282960459906927e-25 -5.877108414750246293e-16
-3.766727560887439541e-01 -2.597220428057542621e-02 1.813965211218570508e-24 1.560622895218271873e-15
8.026390146914663681e-01 -1.662413567569676759e-02 9.647887529673678468e-26 -1.132107253949252037e-16
9.108347696425864726e-01 9.395861951881191720e-02 -1.342026504306514882e-23 -1.010027785865266188e-13
-7.708840979957058970e-01 1.160736613551336706e-02 -1.117666754743785551e-26 8.794904014977167229e-18
9.418513821622356286e-01 5.133772187277435561e-02 1.662933392400154308e-24 7.071146365635639266e-15
8.179497822799615125e-01 -8.509557838960148113e-02 4.754952710367965136e-24 -2.910555185088126438e-14
-7.137740259895204442e-01 4.636814120776604903e-02 -6.422398353694069739e-25 1.869277016813475279e-15
2.003337491196255371e-01 -5.706095785667737903e-03 8.133610451495193813e-24 -8.176596097631345827e-16
-9.150973722517234954e-01 1.513772857075245445e-03 -2.740347126031244456e-24 3.338332586521710400e-16
-1.289852470271415363e-01 -7.368773053997445741e-03 -8.609308758027657616e-26 -7.196138354253456744e-18
-4.902838959108151151e-01 -2.185514605376484565e-02 -6.609384985240464258e-26 -6.228140359681797081e-17
8.583876485806396506e-01 2.263615972057013512e-03 4.440905074921962615e-24 7.588460887734666487e-16
-9.990430630512805443e-01 1.442420671399917594e-02 5.525669204162494411e-26 -7.002563064990459643e-17
-6.671180865882018196e-01 -8.578786846782833486e-02 2.038548851409281015e-24 1.025996114390782855e-14
-5.287466197945216440e-01 -1.124246411561516824e-03 7.625011746642067468e-25 3.986076519276597060e-17
7.446555229341937920e-01 -9.396718125423869292e-03 1.931914568752563487e-26 -1.188818438263998166e-17
5.767530667757283513e-01 6.289663439033492745e-03 2.197792858367110267e-25 7.011324658583149958e-17
3.833929099840618360e-01 -1.166502349133148771e-02 -5.037822701919443724e-24 1.981383647810459362e-15
9.832887921200406112e-03 2.091242542761937058e-03 -3.078883257218712838e-23 -5.567685770494482891e-17
1.929869862720561269e-01 -1.534467577495212537e-03 2.834115532711102038e-23 -7.380729538258163775e-16
3.984269015104622280e-01 -1.739240079348036011e-02 -3.168826286999543603e-26 1.931090472924872252e-17
-2.231121119529249075e-01 1.902577898994364108e-03 3.437464909811848868e-23 -1.283216302937211611e-15
-7.646713552999033769e-01 1.962153992037817679e-03 -2.184910169868852932e-24 2.882952563667711719e-16
5.137142944451589255e-01 -3.309535715161703463e-03 1.503874131127972279e-24 -2.248517188493177176e-16
-4.547850126016548256e-01 -1.343894985161410991e-03 2.450226935180674305e-25 1.316963648508957162e-17
-6.758447609915467780e-01 7.502658278195091686e-03 -3.058089664489985195e-26 1.363667006688284310e-17
1.877496206311148885e-01 -1.545638381798158760e-02 1.337822064691671103e-23 -3.414139928566550110e-15
-1.005198522496320024e-01 1.848423626684032438e-03 1.295184969560562363e-26 -2.116319086850051271e-19
-6.359664384549188476e-01 -1.530711359144280859e-02 -2.940276651219068280e-23 -2.517165078498314378e-14
2.007776405970318478e-01 -6.772769253667925739e-03 -8.669065823567712706e-23 1.036692428857379555e-14
6.477980035460295660e-01 4.279559124120749930e-02 3.469673256057718049e-25 8.459081610061000931e-16
-4.546221993541021966e-02 -2.574102655958876180e-03 -3.554135648089774882e-23 -3.657686680893601701e-16
-4.214675351451138141e-01 -1.832508172526002566e-02 -2.614696322089257078e-24 -1.775935971119126750e-15
5.932167419771077199e-01 6.577132892147456895e-03 1.606322020072112371e-26 5.511611904482202792e-18
-2.316680018916097428e-01 -2.714223738160052510e-02 -5.200046525284831721e-26 -2.875510296546380101e-17
-5.364762486629603977e-01 3.158109805594197517e-02 1.517241868469654382e-24 -2.260625094702451439e-15
-2.950888831587354932e-01 1.414216595085461851e-03 6.121326717630280365e-25 -2.246520252759805457e-17
-2.805595367445081756e-01 -5.105385425018030797e-03 -1.429553944495340046e-23 -1.800736296486566592e-15
-2.131195396594751656e-01 8.774946809850005247e-03 4.511902545168944790e-23 -7.420334323967599225e-15
8.001932041613382118e-01 -3.544870371571446493e-02 6.666462135182093968e-26 -1.662978499566445774e-16
8.629009190805498886e-01 4.556266459815781593e-03 9.284368174311314643e-26 3.210098810364098806e-17
-4.875422468215249161e-01 2.427871357753630822e-03 -6.002611118713077995e-26 6.248476412838179480e-18
-1.811415240321023745e-02 -1.159050289238719965e-02 -3.712371657133380775e-25 -6.854373182620820762e-18
4.942130013972254599e-01 9.095863396661657552e-03 -1.687455235669057394e-24 -6.670929591158590137e-16
-9.704100907907200479e-01 -3.225137591129063550e-03 -1.976891348931938832e-24 -5.441045434158424417e-16
2.498125845151135671e-01 -5.725891699910439815e-03 -9.503535615819680434e-25 1.195469908848797378e-16
1.961939357169504294e-01 2.774947638284495574e-02 -1.150497337201421560e-25 -5.508355868532181812e-17
4.284301865171338264e-01 5.059168376476703283e-03 -5.166455550920622752e-25 -9.847996695786464234e-17
6.539915830228395510e-01 -3.037703812556042521e-03 3.368729668102862185e-23 -5.885450980891128869e-15
7.686994777336111362e-01 -1.417508124247542599e-02 -6.019267426979089087e-26 5.767953915293519084e-17
6.407915847362850581e-01 2.072412376129875115e-03 8.457408169686278782e-26 9.877027617513507881e-18
-6.003956145264726096e-01 -2.166014895921033068e-03 2.684511942794238150e-25 3.070154923813762176e-17
-6.066468631617125684e-01 -7.456032901039456873e-02 -1.008748763092908006e-23 -4.012571531531603110e-14
-5.426048263417881934e-01 -9.928100547565139877e-02 -1.333846796978645979e-24 -6.319049680608328567e-15
-3.230639922502529515e-01 4.417861240483924451e-02 1.559152139399979992e-24 -1.956974298344636075e-15
-2.316622855249999002e-01 2.859170311189711440e-03 4.150321449719233589e-24 -2.417536821194942848e-16
3.800497412448642365e-01 -3.490051325131074411e-02 -5.065376852669053675e-25 5.908537779020962447e-16
-6.891820415819351897e-01 -8.041956459011018188e-02 8.607725210759892185e-23 4.195464631951417479e-13
-1.217129397613421204e-01 -9.842832266128448415e-02 -3.447849101277687561e-23 -3.632462060506424529e-14
8.642397081938648640e-01 2.910110640775028651e-02 2.541866256093415186e-26 5.622020352831491706e-17
7.333737229021168869e-01 1.641813211317972665e-03 4.176722506345404753e-24 4.422631082105881487e-16
-7.231222509150154742e-01 -4.427201970407827064e-02 6.146171695745157469e-26 1.730381044405023441e-16
-1.680391743429798801e-02 1.508353452586026202e-03 -2.863507632838695274e-25 6.382752525299609440e-19
8.831535719278957863e-01 1.082728820274135324e-03 -4.809544077916010690e-23 -4.044416154746480869e-15
-7.485434657911769207e-01 3.787426375289490443e-02 4.087830159624889948e-24 -1.019178061814467804e-14
-7.330348685633729655e-01 -1.972398993487281364e-03 -1.081531998463417397e-26 -1.375164900859289008e-18
7.031703041773700313e-01 1.626645159427946670e-03 1.875092904158072804e-26 1.886132234905071441e-18
3.685991543228861467e-02 -1.150483805042013322e-02 -3.384424752424351605e-25 1.262163762361906456e-17
-9.596841255076826727e-01 -1.462280258021691863e-02 -4.649254933629848836e-26 -5.737705966153797812e-17
-8.326801741854450434e-01 -1.935285941124006114e-03 -6.525416615228087514e-23 -9.247569647019022997e-15
-9.618475201180012313e-01 -6.000097179469557340e-02 1.617790130995516230e-26 8.210747487934095426e-17
9.882839705201218461e-01 1.091206427323987600e-02 1.798185655459111079e-25 1.705372266214372652e-16
-3.279950007538079415e-01 -4.070025409750876316e-02 -1.141940099296863513e-26 -1.340613747914238753e-17
-7.838088975745500786e-01 2.768815109773118104e-03 9.809242728776756753e-25 -1.872128380579911184e-16
2.991664560079987378e-01 1.361266474860075822e-03 -9.460392663339322331e-26 -3.388138917264073675e-18
-1.524766756261897171e-03 -3.108872020278679281e-03 1.876944194833863606e-25 7.824446397175069297e-20
4.397014474538998297e-01 -7.584234602716414565e-03 -4.874145914475374518e-26 1.429434238819042167e-17
-5.509295915612133498e-02 1.696665619965000539e-03 3.586384366643656150e-26 -2.948120241530205348e-19
7.815031502450382472e-01 -7.210520713446910701e-02 -7.064474343257156479e-24 3.500847672310006268e-14
2.184878670118040045e-01 -1.734109761365606669e-02 -1.368551779630135247e-23 4.559961142564334208e-15
-8.880814154887026746e-01 -6.279299901623912328e-02 -5.384901536326952227e-23 -2.640813760893404299e-13
-9.099004174800116029e-01 -6.645299514356814430e-02 -9.382112035824719503e-26 -4.988902764133099419e-16
1.739499689357588696e-01 -2.074498145993715695e-02 2.390303324504005753e-24 -7.585538595440475330e-16
-5.606543235196159713e-03 -1.503215280493727874e-03 1.371381937184472633e-23 1.016414337808262335e-17
-2.619757032376577310e-01 2.823296658548849012e-03 -1.020615822287075208e-23 6.638589674094467475e-16
-7.199526152817239399e-01 2.782000738715999233e-02 1.671320787881309141e-23 -2.943858761870328683e-14
3.694000324867405816e-01 9.139723487559089227e-03 -4.145815815986625362e-24 -1.230937465911945594e-15
4.435195665916014107e-02 6.538207866419236576e-03 -8.818780000900622033e-24 -2.248930409307884076e-16
-2.197194067649279603e-01 1.619838315289686033e-03 -3.765208212787355388e-25 1.178487778050119525e-17
-7.151841698079022258e-01 -2.005932703573220371e-02 8.781053342664331384e-23 1.107839555662934030e-13
-6.526852334192851934e-01 -3.398082639742164811e-03 1.932403139879443890e-23 3.769046178573868735e-15
5.891636726005600178e-01 -9.187746261929247496e-03 -1.586743860028461915e-23 7.553492116732720369e-15
9.351772545388721269e-01 2.206983092612838440e-03 -5.502620460962821881e-24 -9.987539282831747870e-16
-6.238926700984464002e-01 -3.923370435562847230e-02 6.697299252718924735e-26 1.441666820872219882e-16
-3.418114564295677837e-01 1.622375871595450880e-02 4.693801084110852197e-24 -2.289068424946993504e-15
-6.602180494920377729e-01 3.607147062822636634e-03 -1.608135918403902045e-25 3.367983805003899569e-17
2.376806171353860186e-01 -3.330702555901298573e-02 -4.970098767918165872e-24 3.460115822145197057e-15
-3.873289694892181334e-01 -1.435286087739619200e-03 -3.177853655788568213e-25 -1.553632685783439987e-17
8.172736096824069207e-01 1.334076239389032220e-02 -4.653422951386240853e-23 -4.461867328009778949e-14
-3.963442213880241649e-01 -3.555227468853304051e-03 -4.107577656403081491e-25 -5.090045992785637984e-17
-8.733654229517038292e-01 3.682952592056577563e-03 2.044726817527538868e-26 -5.783935161344356185e-18
-1.436699342483116482e-01 1.759627720823587821e-03 -2.520476777633528222e-25 5.603577578850974066e-18
3.133990348683313165e-01 -7.312101851585547409e-03 2.031365626973840927e-24 -4.093775160951257109e-16
2.741136361323521786e-01 2.414541375017563961e-03 2.037917865448090037e-26 1.186172822495468344e-18
6.802871508169694437e-02 1.478211180726466886e-03 -1.420249320128057520e-24 -1.255999137998385253e-17
-7.512107059682107124e-01 -8.134791509240440338e-03 -1.306313020419382156e-25 -7.020231784398943024e-17
2.019073394086856599e-01 -2.154086758333519612e-03 1.179937253417924851e-25 -4.513050678815411407e-18
-5.786100898745842880e-01 -9.733922683203549697e-02 -2.389212174634981448e-25 -1.183381060769094141e-15
2.277356251752840066e-01 9.054195034089300431e-02 3.496255213372432833e-26 6.339864065011191072e-17
2.176152801486757049e-01 1.144465702220211342e-03 1.968653901861770588e-23 4.311789405147444422e-16
-4.327574750509610713e-01 -2.156863809589378358e-03 -8.378448453525173429e-25 -6.877441485955715801e-17
-7.865837626418406003e-01 -1.295082147116936519e-02 3.669286403562141147e-23 3.287152901040468297e-14
1.203754637907898939e-01 -9.220933323559677916e-03 -3.893953235523156497e-25 3.801015030494108345e-17
2.612313968769746086e-01 -1.287602991222381405e-03 -5.560536019265128761e-26 1.644826174052433679e-18
6.652048629104230226e-01 1.152670417129858169e-03 -8.472678600141550618e-26 -5.713171951445699447e-18
-3.037638892135037239e-01 -9.210414883126118168e-02 -3.401954403848957717e-24 -8.370276930884310476e-15
4.735814536395399621e-01 1.923887116388845603e-02 -8.489929863755549520e-24 -6.802591238754208512e-15
2.405695532032365858e-01 2.085701526496898731e-02 8.713612677560981237e-26 3.844917914571174865e-17
-1.608281688955377486e-01 -3.445386461743976756e-03 -1.544097260758976940e-25 -7.524379872996858177e-18
3.551263630153727036e-01 -4.018770957321883726e-03 1.083918958950034240e-24 -1.360407387505485817e-16
7.718635973489111901e-01 -1.076206117749108591e-02 -2.862836085910295184e-24 2.091358562799924511e-15
8.795010562884186811e-02 -1.143643573095254849e-02 -1.081269025250371453e-24 9.564379975553973948e-17
1.074869200039838546e-01 -1.820173564794951362e-02 4.090658120991102693e-25 -7.038135214157958076e-17
9.858301340742885444e-01 9.518804352588258744e-02 2.668452850222408517e-26 2.202115143870171435e-16
-9.184234381913685130e-01 -3.236576520290875697e-02 2.975389231492934350e-23 7.778012286356306786e-14
-6.017138917497286688e-01 -5.805534058393321817e-02 1.106434300972740371e-23 3.399020991787299334e-14
3.089544706427829190e-01 -1.033237750288499950e-02 5.619966320858126253e-24 -1.577700133779816530e-15
-6.089757268776403443e-01 -3.577686755583667916e-02 -1.240567253123759183e-26 -2.376942133966648653e-17
4.043468210242195937e-02 3.943342646029116341e-03 5.405259846886491978e-26 7.579335394508741130e-19
9.199007186495087307e-01 -1.087563681056384624e-02 -7.086158193751117744e-23 6.234512469566533357e-14
1.926950103786038149e-01 -6.521874555959412956e-02 4.269388636339728193e-24 -4.718506966088898612e-15
1.368569555148888561e-01 -6.813312363671759561e-03 -3.909954939015752160e-24 3.206217109318496941e-16
-1.919198696517887548e-01 -3.433161160799701357e-03 3.703212087237293985e-24 2.145797408044643032e-16
-9.664464785341855269e-01 1.526218336890059011e-03 7.507291094057692296e-23 -9.738088818266302889e-15
2.609401909197099911e-01 1.044903221369550793e-02 -4.746653872582431478e-25 -1.138152897125289084e-16
-5.285896103944740521e-01 2.657523856840594313e-03 2.483077136775830580e-26 -3.067481880474630971e-18
-8.612259672073332428e-01 -9.505300303174311904e-02 -2.298686443916402744e-25 -1.654850224210962606e-15
4.858154446255826819e-01 -7.124144988790033495e-02 -2.310202843686169850e-26 7.031535623862336817e-17
-4.353506928800203735e-01 2.141085263791826093e-02 -1.250949383468046496e-23 1.025436897233405601e-14
-6.609054458927001718e-01 6.081930331392249728e-02 1.405544731015505135e-24 -4.968455944399459341e-15
-1.378449071045688701e-01 -5.134186229108246916e-03 -1.046593949250592798e-26 -6.513832136765778426e-19
-4.837706765934735031e-01 6.349227485422806461e-02 -9.024094186325286588e-23 2.437586566399933891e-13
9.551715830583118461e-02 -2.931441573978872325e-02 -1.332201691665996170e-25 3.280413702806687737e-17
-1.347071929759464659e-01 -1.081579205337166154e-03 -3.782819560394958683e-25 -4.846862970713395943e-18
-1.124264459442623210e-01 3.077169877181534698e-03 2.062559257038220877e-26 -6.275125113651896426e-19
-7.386743246824494236e-01 -3.284987314415488933e-03 1.463097551348155965e-24 3.122165959651154511e-16
-4.038819566739313416e-01 -3.222973017693228030e-03 3.625195884853929479e-26 4.149909252406962798e-18
-8.785999101042449855e-01 -4.431273176904131084e-02 -6.175835786946664846e-24 -2.114518156515766716e-14
-7.866375875868345524e-01 -1.621885862611643784e-03 -1.442786818162121056e-23 -1.618799824517837790e-15
1.826968851618901990e-01 1.514669128848326060e-03 2.848431150384740898e-24 6.931873742964140053e-17
4.663633277890348872e-01 7.925554225833316910e-03 -3.027665644702270741e-23 -9.841424102369379754e-15
-4.665592074118358745e-01 6.516057677610496979e-02 -3.591851844026140743e-25 9.602981658925615815e-16
-2.833684070246067499e-02 -4.826730712001933016e-02 -5.857174670819232719e-26 -7.045124535942834714e-18
-7.111277555676864814e-02 -5.428664703053201479e-02 -8.476643709185749482e-23 -2.877799798629744722e-14
-2.068878721179172597e-01 -8.957625153639295346e-02 4.472121850568617107e-24 7.288489727562323839e-15
-1.693813501106729014e-01 3.154407601786147954e-03 1.371514476456998518e-24 -6.444360057648150246e-17
5.531418429319285845e-01 -5.748255853789026315e-03 3.726237181840953023e-25 -1.041931332153579655e-16
-9.503877806697240693e-01 -8.257258637283453051e-02 1.083431210135467984e-23 7.477115239924824762e-14
4.015548765752432470e-01 -1.386640293699139409e-02 1.489192393208370133e-26 -7.292148932280747743e-18
-4.405816761335294984e-01 -4.422804877190763401e-02 -3.621529516183299290e-23 -6.206006699979758149e-14
-8.430999031771690966e-01 2.423553412949687111e-02 -4.285969239209085659e-25 7.701524212732138681e-16
1.796701818375434634e-02 -3.599513343843224224e-03 6.311180001628406412e-23 -3.589437225092514562e-16
-6.337582294748800305e-01 2.177740626761590081e-02 6.070355237934186618e-23 -7.367834671336208497e-14
4.810020212025509778e-01 -1.607921444534146302e-02 -4.187061161982528143e-23 2.847849495905540702e-14
6.022670864225267984e-01 -9.283631893188377948e-02 4.922492791668938413e-23 -2.420405498581480277e-13
9.960680705309088445e-02 1.128248494394497488e-02 -3.359712895193577279e-26 -3.320411795861130641e-18
2.289500572594009853e-01 5.815077367107285636e-03 -4.621191280736662395e-24 -5.410609606358785739e-16
-6.957876351674299187e-01 -3.607772102523416381e-03 3.171602686049687616e-23 7.001491726787986953e-15
9.909957619429372588e-01 2.858508057353050750e-03 1.049984333302870090e-24 2.615712677680880647e-16
2.322433879486067720e-01 -3.027426599213689246e-03 4.813889010551323871e-23 -2.976521705874278159e-15
7.499385563522156239e-01 -6.775657743970488547e-03 -2.324793010484994294e-25 1.038860980515966756e-16
7.247029412003378468e-01 1.399420002225313427e-03 2.420617899431306491e-25 2.158889140161333056e-17
6.164149229948716613e-01 9.269191424132715296e-02 -5.629710874572427608e-25 -2.828766413954607708e-15
5.074490063167775844e-01 -5.914301072273558946e-03 2.144200207756697067e-25 -5.659227715157179378e-17
8.619109459362614967e-01 7.022717771646450231e-03 6.706025283373999109e-24 3.569675991455170679e-15
7.017089592342682369e-01 3.701169186137527514e-03 -3.630967376285961755e-26 -8.293050433715051564e-18
1.006346876062209628e-01 5.487719278904335668e-02 -4.146711659306834639e-25 -2.013907077427635624e-16
6.181325088129341339e-02 -4.289470593988298913e-02 -2.268120080491153347e-24 5.288680405237035652e-16
9.342384447564353600e-01 -1.813089328798705210e-03 5.873427829960809368e-24 -8.749124040468710508e-16
-1.307782860698702976e-02 -1.856279649980754724e-03 3.022801161255303318e-24 6.453341170852729939e-18
5.134394756218698674e-01 -8.969418695159719554e-03 -4.953045184062532141e-24 2.005958037785638170e-15
-4.817415880642297310e-01 -6.657223187892116235e-03 -3.075072556728099557e-25 -8.672785892317060753e-17
-8.346696532455502027e-01 5.862731715976768343e-02 -6.893160683370993112e-23 2.966395456702387283e-13
-4.128312773655897772e-01 -1.926564424283720711e-02 9.131233359195183158e-23 6.386774341829717364e-14
-4.016909995359594365e-01 -5.648006936280503335e-03 -3.440900868253675659e-24 -6.865236193715311816e-16
8.782450735767037830e-01 -2.938277998960446905e-03 -5.232363641204274358e-24 1.187414984263604844e-15
8.463867074378854660e-01 1.181291156969759351e-02 -4.524097765630597958e-23 -3.977899153150066475e-14
9.344148123734830058e-02 2.667329975189445049e-02 8.387054801574922451e-24 1.838323508052206599e-15
-4.355160639426998159e-01 1.407811174150218857e-02 1.297492639291378804e-26 -6.995994986872152484e-18
1.078441160533840648e-01 8.614623896146203497e-02 7.336948237756009265e-23 5.994379467308368380e-14
3.874250618455246098e-01 5.014424256982021565e-03 3.548616862081343950e-26 6.062669571569085507e-18
6.132008508480162323e-01 7.670761134311698815e-03 2.656050395062744466e-24 1.098685819455783670e-15
-2.592044145667360411e-02 6.955255582968943029e-02 -1.473640878249806119e-26 2.336378213707382826e-18
-8.867591718966696401e-01 -1.440404136381455598e-02 3.663250310683264403e-23 4.114837077284038044e-14
6.976836746447765414e-01 -8.705711771006725136e-03 1.565400918835535421e-24 -8.361504542501916595e-16
1.766755167924771719e-02 2.466637191404229268e-02 -2.559962056039329048e-23 -9.810952527631621976e-16
6.718269458198675714e-01 -1.145373255131566792e-02 2.429348634702379773e-25 -1.643956424104993321e-16
-7.145228581514266875e-01 8.544686443138507781e-02 -1.097373054797297577e-24 5.891997443505727012e-15
-5.472663929187886467e-01 -3.450631521406267305e-02 -4.227461896073152780e-23 -7.020581200215951741e-14
-7.596843634563377190e-01 4.190840775559454001e-02 4.728162219670504040e-26 -1.323801037186839965e-16
-8.976432104219300712e-01 1.406225455332926625e-03 -3.058260095620346579e-24 3.394916710417750515e-16
3.534377632030443195e-01 4.299336086226302964e-03 -1.094957129862491549e-25 -1.463212700747001515e-17
4.759080363397758529e-01 1.456108737483971169e-02 -2.279389517947416998e-23 -1.389093226180376584e-14
-2.784770020801634605e-01 -1.483265666984936136e-02 2.487812995400166057e-23 9.036952751174965469e-15
3.638434622171260457e-02 -1.446802198795680769e-02 1.182936512457792783e-24 -5.476223605840988746e-17
3.876466201295116765e-01 2.662212670306189199e-03 8.923736292781375013e-24 8.098814952037815910e-16
3.270905196686246796e-01 -1.263747937529334942e-03 4.809076752685016801e-25 -1.748179911456885558e-17
9.254162466715829538e-01 -2.465830212928701859e-02 -5.563968824935579125e-25 1.116557202966707914e-15
4.889452739933646264e-01 1.117526867584454214e-02 -3.807610604302408141e-25 -1.829644666271332756e-16
-8.585285520161229922e-01 2.824251173713481292e-02 1.228127381056510968e-24 -2.618770712901440687e-15
-4.017894486209001581e-01 1.917194645851837392e-03 5.331166213219955765e-26 -3.611461241890179067e-18
-1.394012195063607518e-01 1.067175474650991496e-02 -4.301958926804937895e-26 5.628137109647195133e-18
2.363495545440477130e-01 1.835405733255615970e-02 -1.871245345774714892e-23 -7.138609170860437017e-15
1.962498057113413186e-01 -5.890053767522985401e-03 -5.602830504882675352e-25 5.695501618253682747e-17
5.433283587551107630e-02 -2.063809607663470713e-02 1.958339264832464945e-25 -1.931149674623257490e-17
-1.323711068104773680e-01 -1.900131766446335260e-02 -3.704201650558189427e-26 -8.193463813879471600e-18
9.909579301729245504e-01 -5.009716561303266015e-03 -6.294782816763065486e-23 2.748179676508574679e-14
4.413743311195985619e-01 3.995957413581067985e-02 2.558119727756192958e-25 3.967754481161792942e-16
1.469825297643223561e-01 1.054170306579267288e-02 6.238711436822411361e-26 8.500948705067619569e-18
4.215768530389827351e-01 -3.802259751010153479e-03 1.324067712660392750e-26 -1.866485995596017542e-18
-6.900837554950909336e-01 1.140010236875507168e-03 5.488442094825324479e-23 -3.797131541365410895e-15
9.017545102090791520e-01 -7.211199589646440783e-03 5.601972670478691501e-23 -3.203559726273043914e-14
-3.994366174934647074e-01 -4.846118471978472231e-02 1.647210179808693878e-26 2.804057534082958814e-17
-4.292099418632646657e-01 4.149398992518382734e-02 -8.944434375463999368e-26 1.400889411015906787e-16
1.795670423501294355e-01 2.024342196854105654e-03 -1.196003083359080663e-25 -3.823304227423109187e-18
-2.856978552105982061e-02 -2.116514986729326267e-02 5.335643374462902832e-26 2.837338314997147468e-18
-2.556261599883005164e-01 1.190987164841036342e-03 -2.117229464763695909e-24 5.668606453670712649e-17
4.113213287778532123e-01 3.863403809202147193e-03 2.149678465523022921e-24 3.004144649153972506e-16
-9.056258699408445967e-01 -7.098234418146436020e-02 2.103604133034598612e-26 1.189211700457697630e-16
9.065437306720913746e-02 6.049389822942153293e-03 8.745469014779795223e-26 4.217736421497088068e-18
-2.918358037134829441e-01 2.933481716079396669e-03 -4.380222513953607577e-26 3.297722679894700042e-18
-8.367394795023777032e-01 1.280815287388385477e-03 4.267135033667207482e-23 -4.021695172326139330e-15
6.753180676390901915e-01 -2.520423429775227667e-02 2.762960509872643220e-23 -4.135733591047910519e-14
6.046306519308448646e-01 -3.332832548996403355e-02 1.063863264746989957e-25 -1.885321704776205510e-16
1.492978529284421096e-01 1.521995567795799732e-02 2.190946378465434376e-25 4.378190949659406573e-17
-2.752569199281891255e-01 1.781179143599150722e-03 7.137661826472618140e-26 -3.077498253914246616e-18
-4.158797254632564666e-01 1.484228618557654512e-02 4.610905827402672298e-26 -2.502942095863566323e-17
-5.661129882735305152e-01 1.567565987891658338e-02 4.394455439623552105e-24 -3.429493753562409226e-15
4.035477104313176522e-01 -7.244776389984089460e-02 5.295333817615378313e-23 -1.361473575662032314e-13
8.031037280110453480e-03 -6.735068705964354988e-03 -4.597266999877849218e-25 2.186801686104121060e-18
-2.143227282083313145e-01 1.009226297402028138e-03 7.031571499253197704e-23 -1.337535091156122923e-15
2.559621931138122974e-02 -1.564009757802900828e-03 -1.262591750526486581e-25 4.445025212209279023e-19
2.570544644495436071e-01 3.857034783321281173e-03 -1.734234133747713951e-25 -1.512106696160445833e-17
5.830167074561871665e-01 -9.316101180786294164e-03 4.408282888752438859e-26 -2.105623184287919338e-17
-4.257769525081633866e-02 4.593186877779008304e-03 -1.700645139854664414e-24 2.924865953820314501e-17
1.468124792120841793e-01 -8.255943028658639660e-02 -1.367687393965866197e-23 1.457848869380056007e-14
-1.788338203399075788e-02 6.722199375985941916e-02 1.509397709951687268e-26 -1.595734852407961246e-18
-8.650284811723045753e-01 -4.460431040756237739e-03 -2.063078739475164667e-26 -7.000338492417547665e-18
8.910917586903297494e-01 9.657321862942797042e-03 1.203778273537365690e-23 9.110068322959770270e-15
2.540089009507060513e-01 5.716391936899946000e-03 -4.933895054207872373e-26 -6.300236339067111085e-18
-5.758928888267538237e-01 -6.833857663565084430e-03 7.930236254677139870e-25 2.744667697538211542e-16
4.820722108764976532e-01 6.940802579597486581e-03 9.406840057147775244e-24 2.767971085744887129e-15
5.294901748806561947e-01 -6.201729621265605376e-03 -7.338081493663502657e-25 2.119089331013818455e-16
5.465476181269841582e-01 1.477848292921527668e-03 1.538213910664624022e-24 1.092623646112165886e-16
5.061125295015880265e-01 -8.057193269990808870e-02 -1.027321031866937780e-24 3.684113911290864286e-15
8.964054441798432471e-01 3.084648926677979307e-03 -4.550779687172149694e-24 -1.106603500118111249e-15
7.711036289356136830e-01 -2.186332191251368420e-02 -5.620796846072134073e-23 8.333410689864478639e-14
4.963078242017695541e-01 -3.548411622817611299e-03 1.235074470623240552e-24 -1.912820687336025364e-16
3.367511917219676576e-01 4.668854375281057678e-02 1.793226332788966446e-25 2.479422725788192610e-16
-4.439430342620800385e-01 3.341491498454760359e-03 -4.427776097819239284e-25 5.776293583469744865e-17
-5.555971351158450755e-01 -1.606266377202993957e-03 -2.870856458990118761e-25 -2.253123749067763176e-17
1.416468027978805555e-01 -3.854715687552926623e-02 -1.278129312472755755e-26 6.137195004502501530e-18
-2.681195507319926730e-01 -8.298347306277424618e-03 1.263723003704506624e-23 2.472680372787958794e-15
-3.122692417159775857e-01 1.767104580591459875e-02 3.807147795057953439e-26 -1.847511703683634742e-17
-7.870925190910471603e-01 -8.128584075971326262e-02 -1.705753426223240027e-24 -9.597385496789434291e-15
1.004915199551865701e-01 -1.153143631438169250e-03 -4.330316331255996767e-23 4.412944272392409032e-16
9.378509130471082145e-01 -1.638218915335217223e-03 -4.909728466950433775e-23 6.633751763429284698e-15
-5.088583758299494164e-01 6.773994520261419211e-03 -4.781535348527629648e-25 1.449456344181182158e-16
7.983242795965719285e-01 9.362051409560571968e-02 6.205353162089150378e-23 4.078616417310015975e-13
-9.767055391332781777e-01 1.246814712570962257e-03 -7.856701569779435903e-26 8.413986803946927834e-18
4.329992863462983621e-02 -2.274591032463081641e-02 1.615138217834372451e-25 -1.398930687577928546e-17
-5.820055380994353378e-01 -1.138414993503239665e-02 -5.315310524470433748e-23 -3.097079588430667077e-14
-5.794463106952878473e-01 -7.621248855444456329e-03 1.541504187224967756e-23 5.986597417073426585e-15
-8.265584354143158397e-01 5.117426898750099089e-03 -2.537336360969873107e-24 9.438419007923250128e-16
-6.631626598267947870e-01 -1.539159699728766609e-02 8.096258028605671661e-25 7.267484085190654236e-16
-6.008990602830879268e-01 1.114517000644571314e-02 -1.279991911837095359e-24 7.538612982715055214e-16
4.543970618073853718e-01 -7.168009996123682163e-03 5.824350962882138039e-25 -1.668313460654187463e-16
9.852876155697831706e-01 -3.759685766452432795e-03 1.027032130365644397e-25 -3.345758601518031899e-17
5.390045646878314223e-01 1.711491098662321032e-03 4.161335831471490278e-23 3.375948821363745437e-15
6.423828467052337121e-01 -4.547214282182990286e-02 -8.816408369679001796e-26 2.264785388413939741e-16
-1.937307951169946474e-01 2.692776633808499631e-02 -3.922163722348729604e-25 1.799370970937822656e-16
-4.700811358070504653e-01 -4.446344807491890705e-02 -1.511805507687813806e-25 -2.778867794305278731e-16
3.430502927664660362e-01 -1.486645323165253565e-02 -1.974031974739351405e-26 8.853507235150465220e-18
6.379283041083716466e-01 -9.210999332434627665e-03 3.097736145076905438e-24 -1.600733544892579660e-15
8.324077962515510354e-01 -1.427744375967029446e-02 1.619695668067761795e-26 -1.692840412497278170e-17
3.558739137313244871e-01 -1.066688033401060227e-03 3.371728076076345156e-23 -1.125594908971155891e-15
-4.829710399415341193e-01 -2.101926646037264104e-03 -3.926178242085978031e-25 -3.505134264336374997e-17
-4.463206390552787450e-01 -5.904139218902212244e-02 -2.116442336701244596e-23 -4.904627180302971713e-14
9.069619326654576597e-02 -4.360421710670372986e-02 -2.800605133878919026e-25 9.740145249978983003e-17
2.731891067506782012e-01 3.946754120297994890e-03 4.766464491323873848e-24 4.519556411787057565e-16
4.647013257805145958e-01 4.453505255234260773e-02 -4.193096288329630754e-26 -7.631443907532506985e-17
7.935671895680542764e-01 1.664839204191557315e-03 -9.701394926947452406e-23 -1.127161593299823141e-14
5.540941973688964239e-01 -3.714486598957612851e-02 1.341147249142604155e-23 -2.427475534073588031e-14
1.582042111071106927e-01 2.998924011173328356e-03 4.810059533271512413e-23 2.006919500260322098e-15
-7.492369406033465573e-01 1.262340803411146671e-03 7.120348286217127293e-25 -5.922335955094332379e-17
8.229372103365450997e-01 1.005063672814618739e-03 2.047543751232482626e-23 1.489324955886116416e-15
-6.691546858298482725e-01 6.282970798046283271e-03 1.024646419248575556e-26 -3.788450278631516588e-18
1.407898765968482735e-01 -1.008571908380036328e-03 1.608761532690935345e-23 -2.008935389975036302e-16
6.071471291384817892e-01 7.567911028950272817e-03 -1.083489599851392094e-26 -4.378150745749253927e-18
-2.917450832793178073e-01 4.013552619049109288e-02 -5.304262779951141264e-26 5.462023175949215325e-17
-8.449164043913870437e-02 -2.633922972345605421e-02 -1.782913933523761873e-26 -3.489339217772788017e-18
4.435717430568510977e-01 5.761957522899376072e-02 2.288522523047656866e-24 5.143812341105517394e-15
2.086304204318285560e-01 -2.702978307588653137e-02 -2.224292782425709915e-26 1.103082885592140540e-17
2.300220226489415598e-01 1.828441406957007423e-02 3.199795312932644116e-26 1.183501094842849857e-17
3.553815301118024017e-01 6.625670016883217217e-02 -8.236432010525598202e-24 -1.705531612673575148e-14
2.707958339310316820e-01 3.779448162352842117e-02 7.087556877852535442e-25 6.379151687422727152e-16
-4.959432167656694368e-01 -4.316038688494587203e-03 -4.998135565210338278e-26 -9.408520062276064788e-18
-1.777759863455017353e-01 6.591331574333327177e-03 -1.901806873525601383e-23 1.959786082224306678e-15
-4.965501652478732098e-02 -4.438660327165723854e-03 -5.401686024207073179e-25 -1.046984806937435009e-17
-3.498304678692720771e-02 2.639792181140303024e-03 2.018732531758519229e-23 -1.639465005759943292e-16
-3.731290244729255079e-01 7.186061872595175815e-02 1.974849093784673990e-24 -4.656717585877969949e-15
-5.151260493972280585e-01 -1.394448051204687407e-02 5.540557946891081266e-23 3.499978315694099655e-14
2.216616505517174929e-01 -1.391257919290516667e-03 -3.228699162136853055e-25 8.756323408512565503e-18
-5.260365693281943145e-01 2.481627499103821605e-02 -3.354672339792553958e-24 3.851222745037047857e-15
-9.469017568080151381e-01 -9.992475730290756308e-02 3.594658593149080898e-23 2.991105103367939740e-13
-1.806736262176094066e-01 -1.360576175618392197e-02 -1.840259882710889145e-26 -3.978256510370564507e-18
-3.188903496637662816e-01 -4.464070241998147753e-03 -1.971812835790680107e-25 -2.468505425169381157e-17
7.956041641708289092e-01 -3.952171017313021312e-02 -2.201770200862337322e-25 6.088366202946820145e-16
-7.609942602162662606e-01 -7.140838328259472602e-03 3.150307931400468428e-26 1.505495939924522393e-17
-7.820183679941274946e-01 -5.935909052057079804e-02 -4.146855522937143462e-23 -1.692852413926302553e-13
-1.948797515607636477e-02 -7.962066667578192661e-03 -6.807629568375535762e-23 -9.289331111025308567e-16
-7.554637543232465280e-01 -6.809334884411295287e-03 2.067796820636884905e-26 9.354534683158820346e-18
3.188387162409769271e-01 1.108534750539542186e-03 -5.828753287683527519e-24 -1.811724000446525153e-16
-1.150241799114493091e-01 -3.084727941992047515e-03 4.562956435905336037e-25 1.423797859579125622e-17
2.675966288574165297e-01 2.510483268303816216e-03 -4.691078862499383939e-23 -2.771447802866102952e-15
-3.464092581404103477e-01 -1.608649161093838459e-02 -6.371009017080609887e-23 -3.122159223325029365e-14
-4.631498876313075996e-01 -1.399318288327560051e-03 8.329855399097666342e-23 4.747571738704418665e-15
1.659140527814868538e-01 -1.322889780374761608e-03 -3.651168960074842133e-24 7.047494804787964969e-17
-6.298532534142482486e-01 2.541406549580568514e-03 -3.421605716452901376e-25 4.816587840582494012e-17
7.039584425300851045e-01 -4.112900211804756088e-03 6.150121233950728880e-24 -1.565939112543398909e-15
3.591437066072606932e-01 -1.284301623265757643e-03 2.441479080044626199e-25 -9.903399522975064135e-18
-3.876545291182611486e-01 -1.944914972218179938e-02 -1.796717382447065019e-23 -1.191300301567628213e-14
-5.504669630099874311e-01 -2.316210046847930887e-03 -2.149744845203678652e-26 -2.410416641289659595e-18
7.605554785966393005e-01 1.748446930313035446e-03 5.702643328745391600e-26 6.668920863042046983e-18
-4.900538981067665834e-01 -1.144462757302746464e-02 -1.522900629547283644e-25 -7.511264912331528946e-17
1.730394023311423446e-01 3.862360408933685103e-03 3.040923422579699313e-25 1.787307538758015624e-17
8.344872000952368030e-01 -7.819673554215152145e-02 5.427159941254592444e-26 -3.114418164031382706e-16
-3.146467225882527696e-01 -1.644213122823252708e-03 -1.776366984079372511e-25 -8.081835669080998257e-18
3.209017680146222240e-01 -2.654302792956069607e-02 -2.608066497103957466e-26 1.953607142974409058e-17
-9.721844394114860233e-01 4.910814986665524781e-03 -7.568901781889308137e-24 3.177833273961362472e-15
6.538840366316953645e-01 -2.810596794877004770e-03 1.683365823907237592e-26 -2.720656969491925665e-18
-8.757834158069344177e-01 4.936574903254484226e-03 -1.652453064182403818e-24 6.282718205594325624e-16
3.336023070998812567e-01 3.216732963465960583e-03 -4.108190788760762841e-24 -3.876954103859982759e-16
-8.420618991914701201e-01 -2.290631154573718672e-02 -2.533806727727676738e-25 -4.298022312555386370e-16
-9.543195314242425287e-01 1.809469856204127527e-03 -5.629348209837014326e-24 8.548684291051260616e-16
-6.802966455022383396e-01 1.933793936970551117e-02 1.294310211848306732e-26 -1.497417491129554318e-17
-5.781631179953208299e-01 8.572470656815689080e-03 -5.144198098109724837e-26 2.242177942601001048e-17
-4.968863048831628770e-01 -3.734103968189094336e-03 2.628014183046254757e-24 4.288122048872220860e-16
4.139830899613665682e-01 5.031811690603009424e-02 2.021439143911492675e-25 3.703084763942469877e-16
-3.078078673196407156e-01 4.619684845238064205e-03 -2.500319373243669401e-23 3.126680831387604364e-15
-3.010170458203580424e-01 -2.495321204919433416e-03 5.700974812780098494e-25 3.765846979839264535e-17
5.545677822447974137e-01 5.305563761520357136e-02 -1.560100693599586361e-26 -4.036777420559841632e-17
9.033439754276784139e-01 1.350065654479786978e-02 -8.927687009421366345e-26 -9.575092938158702125e-17
-1.437536590170107598e-01 7.243587447752672381e-02 -6.892995437386355680e-26 6.312139765541344797e-17
-7.862199811042063224e-01 3.279078415200503693e-03 1.709771572083547508e-23 -3.876412376503608110e-15
2.026426727266050776e-01 -1.094626948729886121e-03 -4.252030394820757217e-24 8.294484528906238841e-17
-9.249587670484871182e-02 -2.900031056971059257e-02 1.584008463517242411e-25 3.736616438478964465e-17
5.696657125200736971e-01 2.854129194154506662e-03 6.061795980781840378e-25 8.667443597435542253e-17
-9.142595255868468662e-02 -4.392636483402244559e-03 2.936863903351179056e-26 1.037228830995980270e-18
-3.637553413476328767e-01 1.246825893128141773e-03 5.737574229004909023e-25 -2.288439890630356389e-17
-6.742670752839650117e-01 -1.049551474521265293e-02 1.657082423423184921e-24 1.031278129471881692e-15
-7.286911489358551819e-01 -6.639242652331283669e-03 8.615136232769962800e-23 3.665389958554093568e-14
-5.133073217533083987e-01 3.317351489794886227e-02 3.082656569062584030e-24 -4.616258206710485644e-15
-9.301236993741910375e-01 3.403886700026048043e-03 -3.166305143584060807e-24 8.815857730766086741e-16
2.751113518494705534e-01 9.180590022608636075e-03 5.279103182223793451e-24 1.172560487396400058e-15
-8.512337231136579696e-01 -3.041561173243043786e-02 -2.515950526677035756e-26 -5.728533715831465254e-17
-2.945056768989064988e-01 1.163594134998065027e-03 -1.491983793927789774e-24 4.496300207638765022e-17
5.930678549218058038e-01 -4.071917412649932004e-03 1.590401841080218868e-23 -3.377584449293690172e-15
-4.555040684923394867e-01 4.115321184909316587e-02 1.571608709236234091e-26 -2.590815122913011938e-17
-4.007337387995912881e-01 7.183842589417790969e-02 3.961900733262728126e-23 -1.003026266676706086e-13
-5.209213509094761108e-01 8.045293934297785207e-03 3.470896879498470870e-23 -1.279239276460667936e-14
-2.993346070425952909e-01 -8.630828761689475492e-03 -3.626652805119245441e-25 -8.239700216680079788e-17
-9.655683741071559023e-01 -5.443182591359339850e-02 -1.713287606790889199e-23 -7.918851690117690488e-14
-4.069401620135768560e-01 -6.738241070430540935e-02 -1.898439982319825428e-26 -4.577938670504976108e-17
-2.259890284375329905e-01 -2.307584363585391072e-03 -1.234700875223997774e-26 -5.662428078589399678e-19
-5.285287457316913962e-01 6.790256235365997595e-02 -2.116465059069403868e-26 6.679775694323981390e-17
5.135100367875109484e-01 -7.798748340911032528e-02 -1.634100160978243321e-25 5.755042244065681547e-16
-9.593153923677191219e-01 -1.798375583090549429e-02 2.726920442147178050e-26 4.137235839705075192e-17
9.699554202802016523e-01 -1.214890950576307839e-02 -5.581423770276933390e-23 5.784023774161636429e-14
2.606398190892829092e-01 1.497055993877169540e-02 -3.081413129669777032e-23 -1.057364533368463144e-14
-6.869312456107530274e-01 -3.544634425477105871e-03 1.376260596418373083e-24 2.947008566157610089e-16
6.731880289350682389e-01 2.192161456376092495e-03 -3.465848432879574693e-23 -4.497948604631507201e-15
6.781990138212756758e-01 -2.203331049230154888e-03 -2.031274362183501775e-23 2.669325257906018815e-15
2.947297970887661211e-01 -9.649381384456822558e-03 -1.644497599774512984e-25 4.112943667486736155e-17
4.933265912098296901e-01 -2.874212041352410332e-03 -2.509189161661408467e-25 3.128835519040425620e-17
-5.938839619708111695e-01 -2.164450749831026838e-02 8.780744818031755712e-26 9.926054647219492344e-17
9.953758766595404150e-01 -3.705326264180603540e-02 1.632990495288383067e-23 -5.296551791851262449e-14
-5.662514861182430526e-01 5.430438176058358102e-03 -7.909170796109097818e-24 2.138804962040313651e-15
6.023688311325268163e-01 5.975411636763799939e-02 7.561357976405590405e-25 2.393459702418656312e-15
9.717414540173563431e-02 1.559747683832871622e-03 -8.182099442902093602e-26 -1.090600853239980820e-18
-7.955155080635634146e-01 -5.149744646768340817e-02 3.420606198448788306e-25 1.232348168208923196e-15
1.624860977568440834e-01 8.448936653671241040e-03 -7.516666617093652732e-23 -9.074852017702922205e-15
-9.980302576287891636e-01 3.522995408673888773e-02 5.561818867619546200e-26 -1.719763101611388271e-16
2.501549220359575720e-01 6.226708181125335112e-02 -1.717192909377194172e-25 -2.352245530545177165e-16
8.345419297822940230e-01 -9.076356173828820095e-03 1.625279303562791577e-25 -1.082639073759601345e-16
-8.592544539636253198e-01 -2.501605625255189091e-02 1.347273199280890712e-23 2.546785143512450790e-14
-2.111138786730526462e-02 4.587862625848708464e-02 5.327722597146506521e-24 -4.538003166049656548e-16
7.142990887315363580e-01 -1.681495035035684722e-03 3.417607025491181123e-25 -3.609888679536553994e-17
4.630963058880768202e-01 2.065806915870880764e-03 8.684232842101008659e-26 7.306148636360191302e-18
6.673012110191389734e-01 1.615994633868849187e-02 -1.227650929139124828e-23 -1.164213750717535725e-14
-6.823115719436860793e-01 -1.801806250649554478e-02 -1.150277224013941442e-23 -1.243624722953242379e-14
-4.693187614017038101e-01 6.202924972057853592e-02 3.576755731649130284e-25 -9.156926454655107768e-16
6.588559364368722360e-01 -1.218368315054805216e-02 -5.003278706506583984e-26 3.531992361988522826e-17
-1.427070688988723024e-01 1.311748652017711908e-03 1.700954409481577528e-24 -2.800172501926325257e-17
9.750476396851648353e-01 -3.911565970843206702e-02 -8.368312537091743127e-23 2.806793012348210359e-13
-2.988930019147506556e-02 6.201719263302223409e-03 -2.561709179764264281e-25 4.175934466922221355e-18
8.202827811531878677e-01 -1.385292417493369510e-02 3.156627931133584434e-25 -3.154455808429264589e-16
9.202060087923613629e-01 1.896040559412214693e-02 -1.064549097363399342e-23 -1.633406895145249741e-14
-6.691352605082268035e-01 9.823613367604554572e-03 9.672188458716623954e-24 -5.591211588990343337e-15
2.427835332639194377e-02 8.128295454444282864e-02 -5.125714914950108617e-24 -8.895475273673890110e-16
-7.581028640274714014e-01 2.770079584998104069e-02 1.679880977312299571e-24 -3.102379318234400966e-15
7.252602990167176245e-01 1.313019105622247051e-02 -1.159244003640609172e-26 -9.708135038411487751e-18
8.878545635602688169e-01 -1.609597965880782845e-03 7.884400594566519032e-26 -9.908865379614558438e-18
7.465775194878583321e-01 3.174825738400310904e-02 4.574653614433793873e-23 9.535621780195097567e-14
-1.112442381221130372e-01 1.441666177108531961e-02 -2.291622925912619297e-23 3.232074734709111499e-15
4.729841964276375599e-01 1.248981629584194029e-02 -7.155279311896966077e-24 -3.717279978685565577e-15
6.412468241250512957e-01 -2.591811231427774281e-02 -1.312835076258689180e-26 1.918822342638906644e-17
-2.343760806703247823e-01 -1.732079869663062351e-03 -1.379131196668226485e-25 -4.923600246388144889e-18
3.224654592147291332e-01 -1.917917937252472784e-03 -5.743872379469596719e-23 3.124021436855973923e-15
-5.531183270569468569e-01 -1.804825817387199077e-02 -1.472873700948205837e-25 -1.293048608928386282e-16
4.189232415737020876e-01 1.252021651184183695e-03 -6.099924665733773290e-24 -2.813628577620851111e-16
-2.241229435598679487e-03 2.163316323505426117e-02 -1.170232477833312693e-25 4.989700660142414613e-19
-1.837631845979512679e-01 2.135089123709248485e-02 8.111029399094394626e-25 -2.798636491621164770e-16
2.525674925588683450e-01 6.846593272796119845e-02 -6.326152004971442863e-26 -9.620277619511880716e-17
-5.349664462532632836e-01 -1.836993708923158114e-03 -2.683557288208222747e-25 -2.319215386955999104e-17
-6.883743356514568923e-01 3.253657072706863176e-03 9.832991494085923474e-25 -1.936770277552161665e-16
-6.571310766265610059e-01 -6.737798991841795204e-02 4.094247876315829724e-25 1.594190399437800234e-15
1.415167228578502190e-01 1.284196510389853940e-02 7.093509315452467585e-23 1.133695419962871451e-14
-3.065676931133169969e-01 3.750293006889036246e-03 3.211913544260250914e-24 -3.247516998966222348e-16
3.849852053026014964e-02 -6.793502030445733482e-03 2.248144929552232698e-23 -5.170803751645995201e-16
3.101724634305460526e-01 8.815968761844159007e-02 2.330369414699696404e-23 5.603947447916494993e-14
-1.823588067740817831e-01 -1.197296871268053184e-03 -7.199920074937084880e-25 -1.382459016055591543e-17
-1.900363994402396450e-01 -1.377763076472376426e-02 1.274880391350077800e-25 2.935464122407398896e-17
-2.086908711006785211e-01 -6.323788083729826870e-02 2.301406239284573225e-24 2.670976372285369613e-15
5.512693267645369932e-01 2.999811170862359214e-03 -2.432338630127761177e-25 -3.537347974718355013e-17
3.094085989251620372e-01 5.529152621684019914e-02 3.593142836888263281e-24 5.405818241374950115e-15
-2.006371120067562686e-01 -4.060288849378808178e-03 8.710057497016270693e-24 6.240009064616967574e-16
-3.578950924321999683e-01 3.346929609669023822e-03 1.424806886712420456e-26 -1.500908882658882533e-18
2.935591012417153589e-01 -6.796069539676143079e-02 1.596844318518561573e-23 -2.801637496200847734e-14
-7.843007978834208860e-01 1.042213813288597919e-02 2.537172649098192599e-24 -1.823834821071556918e-15
7.399711467393643716e-02 -2.668763553100627836e-02 2.833297564378662121e-26 -4.920543464333899494e-18
-2.810405118479875064e-01 3.138226676164812545e-02 1.402181494719662402e-23 -1.087560608550932957e-14
-9.566082840038621082e-01 -4.582607346133753430e-03 -2.603536892087517503e-23 -1.003706001008944089e-14
-3.421936842060340211e-01 -3.120168339136096796e-03 -8.209906738741859761e-23 -7.708754932984547536e-15
-3.564156860027043461e-01 1.186348138175506457e-03 9.890829781387353521e-24 -3.677881145486819288e-16
-4.073044771891343174e-01 7.713388590401903944e-02 5.469156051440823858e-26 -1.511056525459832424e-16
-5.176228118056769301e-01 1.346975834947973863e-02 8.471256951630968851e-23 -5.194180857905083318e-14
-1.318486055035019699e-01 -8.764363011725614938e-02 -5.316254048741611151e-23 -5.402535446077125170e-14
7.139385739156760557e-01 -7.269360417569049881e-02 5.142259695091819922e-25 -2.346967389717132258e-15
8.033903016229393401e-02 8.901781623207807859e-02 -2.072863573964265328e-24 -1.303677712410751169e-15
-9.191683643630277345e-02 7.879444682650173573e-03 2.625144517731454358e-23 -1.672013950541621451e-15
-6.786364558908695166e-01 1.340434839755098341e-02 2.187595161991856169e-26 -1.750031426713703595e-17
-1.941528440358748497e-01 1.817862918995262434e-03 -1.050791856810633200e-26 3.261501529050605348e-19
3.144735785298427011e-01 -1.023700243768295784e-02 -5.974827971358285639e-26 1.691524822363174866e-17
-4.547289755119412469e-01 -1.057371874221136546e-03 -2.895620401603941465e-23 -1.224385029388077115e-15
-2.146376699060204007e-01 8.928650266088342113e-02 -3.259852109553904990e-26 5.493962050019766822e-17
-2.168160422595004633e-01 -2.198769912531136749e-03 -1.030632432561734484e-23 -4.320868043507401308e-16
-4.558106813657190060e-01 -6.269100655230837316e-02 7.226354264128623977e-26 1.815954613215897792e-16
-6.181974421510685325e-01 -3.458657656044868134e-03 -3.582083329205494996e-26 -6.735447658680871305e-18
-7.637480257207744927e-01 -2.356884451318004732e-03 -8.454714699494622903e-25 -1.338392053367206593e-16
-1.950021849438177135e-02 -5.731136078860311033e-03 -4.135505863661664396e-23 -4.064478580371007978e-16
-2.341502350765951590e-01 4.230901542227654549e-02 -1.776855186691109097e-23 1.548016379909479117e-14
-6.999454412191656871e-01 8.455063553841335455e-02 -7.959809731625582100e-26 4.142664404074386947e-16
3.867650054619333755e-01 -1.257676811693116646e-02 -2.360683070836325780e-25 1.009833820946824888e-16
6.397490325029213665e-01 -1.073947143536881392e-03 -7.141454395618231469e-25 4.314944484490497611e-17
9.147265064213940811e-01 -1.326744428631971423e-02 -1.003845908386271599e-23 1.071375202241907730e-14
1.243964004660580436e-01 -5.975512659174365970e-02 -4.939640696197289539e-23 3.229046840301994708e-14
4.539488609819475329e-02 1.167265884314586631e-02 -3.171984743453089321e-23 -1.478099987888785265e-15
9.849084071204015078e-01 -1.107646884684176068e-03 3.098414331499608101e-25 -2.972573953384225344e-17
-9.691225279268598225e-01 2.398167969415954462e-02 -5.072129957573483636e-23 1.036679856857844312e-13
6.857716859687248423e-01 -1.682064715600239480e-03 -5.069549397286260104e-23 5.142657606272705060e-15
-5.765855851921646291e-01 -1.102499807229194613e-02 -2.326578928781731893e-24 -1.300636967758999328e-15
6.762769224977138727e-02 -1.357974139636654093e-03 -9.188503080007615181e-24 7.420904332209415006e-17
5.385805485310344309e-01 7.954034871599573175e-02 1.471574772325930288e-26 5.543914058856340373e-17
7.262417426485328065e-01 1.500909337171703892e-03 -2.304147423337536428e-23 -2.208726438666228838e-15
-7.919717291212879928e-01 1.937633300622642035e-03 -1.649460707993385593e-25 2.225969675559251839e-17
8.069778522631438911e-01 -7.881691349867742113e-03 3.947687271868136416e-24 -2.208105304233481961e-15
8.651463219617974154e-01 6.482095713865348129e-03 3.945585291637554054e-26 1.945863812709619592e-17
-9.857274174088845875e-01 9.569704218866741108e-02 6.519371533084863660e-26 -5.408254038629451536e-16
9.401950829088274730e-01 5.885567990409527189e-02 9.645158288990936855e-24 4.693660965995573044e-14
2.503864247771823148e-01 -5.326084091795580538e-02 1.885581604021224758e-23 -2.211363469031095350e-14
-9.438462515691532495e-01 -2.638650932965905249e-03 -2.956054479788536058e-24 -6.474282278965973298e-16
-2.341539007095629898e-01 6.735947083675533631e-02 -1.373785592036234877e-26 1.905526625090720596e-17
-6.791414041256300660e-01 -9.628682730147717847e-03 1.089375390308375881e-25 6.264705289827696852e-17
2.725390686224593573e-02 -3.502488685253074118e-03 -8.335202323532960101e-26 6.997093137887796451e-19
2.833250242106588601e-01 -3.436317749993759302e-03 4.995833424602648365e-26 -4.277422993088973343e-18
-6.229531820324083480e-01 1.734363106168522808e-02 -1.820491966417106340e-25 1.729737505361257654e-16
-7.036269118297486802e-01 -1.211698831475944505e-03 -1.048450738159180391e-23 -7.861060901869782592e-16
-5.761079997554858778e-01 -1.869667823053144939e-02 -1.408117890061863289e-26 -1.333838891580081477e-17
-6.885602917019575386e-01 -2.838931229651609628e-03 -4.158868424509474444e-24 -7.149374175125165689e-16
5.697319894764634185e-01 -3.048118765736192864e-02 -3.911862693196142823e-23 5.974232122430926454e-14
8.890331679953364930e-01 -1.949681700889114092e-02 -3.270969743077965013e-25 4.986022186242855003e-16
-6.634106821917167274e-01 -7.674829739077678598e-03 1.049960342197803129e-25 4.701323173335234770e-17
1.413374298407754637e-01 1.585444040525996537e-02 3.220545079729471821e-26 6.346488397081875526e-18
-4.673190389715831117e-02 -2.929626584769876030e-02 1.202236505655833367e-23 1.447476942192022750e-15
8.917961194939987291e-01 8.746585570659277942e-02 1.761355264270945396e-24 1.208222974574443142e-14
9.387290652104818278e-02 5.404249427262532157e-02 6.103355690185159495e-25 2.722954163667000336e-16
-6.641564434848978848e-03 -2.640859090891372121e-02 -1.650166016600275120e-24 -2.545301648839475648e-17
-5.072655281601772259e-01 5.560967803465765268e-03 -1.492550683868726734e-23 3.702634292123185199e-15
-6.795336601139883026e-01 -6.517946915373781791e-02 -9.381856382247717176e-24 -3.654319992300821011e-14
7.994929204454093163e-01 8.570359976937731716e-03 -3.052286148939610011e-26 -1.839225300127502435e-17
9.838460866524223469e-01 -5.008341184075140902e-03 -2.589860386173856436e-23 1.122259841036514563e-14
5.885545405231913385e-01 9.649742298589013278e-02 -5.243214180915162053e-23 -2.618761991106544404e-13
3.691675477417044604e-01 1.257244905790852072e-03 3.891116793447582701e-26 1.588230998365241424e-18
9.988221878792431507e-01 3.723843090041317836e-03 3.870800955208997712e-24 1.266124446021985219e-15
-2.246807243080506389e-01 3.188199141464570594e-03 1.042764190361440620e-26 -6.568910801819169603e-19
-4.501183549615435098e-01 1.006354777498082165e-02 1.316536968787425898e-25 -5.244533872993721035e-17
-7.166734381557380296e-01 -2.941196114431154571e-02 3.969233176041916899e-25 7.357798755679126207e-16
-8.269196298369418940e-03 -2.375736183956259767e-03 -3.820142837981201470e-25 -6.599896363935783480e-19
-3.386900140318114261e-01 -6.749673525061373157e-03 -4.509424735128337141e-25 -9.065720011301185751e-17
-5.448990904894224219e-01 4.580484424613287531e-02 -1.078594951787402561e-23 2.367455788056163885e-14
6.481009938816457705e-01 -1.813931639796840384e-02 3.985107761934323831e-25 -4.120023314388612521e-16
-6.405694964203179076e-02 3.071724843709660799e-03 1.229350935040093662e-24 -2.127259346148712464e-17
5.591517194005217739e-01 4.680228236976877176e-03 7.831735464204808589e-24 1.802398043175589372e-15
-6.028543186337209647e-01 1.189256380207985185e-03 7.180446510915802564e-24 -4.527258764026141306e-16
5.521879773572413441e-02 4.254045029220560568e-03 3.272872011920668490e-24 6.761048507335245519e-17
3.633704210339017138e-02 6.541518996236794954e-03 2.119664025754407353e-23 4.430892448740823235e-16
4.258562847947617858e-01 1.601857502070766623e-03 -2.194437992020731236e-26 -1.316455715453658700e-18
7.553816277294949089e-01 2.269242762873230606e-03 1.002622045368568942e-24 1.511404206821353463e-16
-4.144656862350846183e-01 -6.789153002084653832e-02 -2.041573403967697112e-26 -5.052021346055980107e-17
-1.984420784446356834e-01 -2.604446857499028226e-02 -2.004752618990629398e-23 -9.111839414993784836e-15
-7.482572065555030960e-01 7.192806538998859633e-02 1.066323928821297743e-26 -5.047013230010830225e-17
-5.442364516624111914e-01 -9.288798706133527538e-03 -7.782926768834310328e-23 -3.460079858592639995e-14
2.233899278731068527e-01 -1.149460713269021342e-02 -9.759774876609310085e-26 2.203908301405742343e-17
9.687727014135973924e-01 5.144989494975039240e-02 -6.386495380823120054e-25 -2.799400189187923368e-15
-6.267329545176540950e-01 -1.059111887197195434e-03 -1.461551254149681677e-25 -8.531677367323988090e-18
1.030395122223857207e-01 -3.274543999253926117e-03 3.657672949053380846e-23 -1.085314224811980434e-15
-3.144109307171942813e-01 1.024391225886395022e-02 3.600391301601816378e-24 -1.019786339973513620e-15
5.029149748167731637e-01 -2.216498411866918948e-03 8.065069246243956176e-26 -7.906168986983577893e-18
-5.473543500018407393e-02 2.709176834726309893e-02 1.755854656054807468e-23 -2.289762777912212412e-15
1.279721320284821218e-01 3.343912498436144715e-02 1.624027649342160878e-24 6.111667646204326926e-16
2.038498705128355404e-02 2.014901440400776109e-02 -2.016699742697758133e-26 -7.284529232883662775e-19
5.653406892996388766e-01 -2.013945093344922995e-03 -1.305784225657105845e-23 1.307450599064488931e-15
2.782786967502337561e-03 1.046431713651577514e-02 2.500154977790102294e-25 6.402561878442643931e-19
9.253385759717522863e-01 -7.702537107490932573e-03 -1.037013750177493624e-23 6.500024328032966922e-15
1.908143832150503982e-01 -2.202430098152191248e-03 2.907218793411903040e-25 -1.074451852678420311e-17
5.858131099241550288e-01 2.815843734666950010e-02 2.596955634996445989e-24 3.767282318493631771e-15
4.705850000869522543e-01 1.965791607131167542e-03 1.037099056277198188e-25 8.437072787808844571e-18
-4.483423002696809156e-01 2.574163306839845691e-02 -6.577310022840664676e-26 6.675597207580829997e-17
-9.759639971692157800e-01 9.161295589211065904e-02 -5.234456366451573329e-23 4.115838044372256856e-13
-6.672314699597174936e-01 1.393345355030152326e-02 3.568569441928719843e-24 -2.917597971265612434e-15
5.311377887865815772e-01 8.797716505830253247e-03 -1.058186431345243093e-25 -4.348458736736136462e-17
-7.653407323777956517e-01 -7.535756162642084054e-03 2.045633297650354815e-26 1.037541435017453344e-17
1.510725260098584322e-01 3.337544809483634217e-02 2.018990645862506279e-25 8.952470595782696248e-17
-9.230683327148037076e-01 -2.408058562332616916e-03 8.432407630551885837e-25 1.648346420918265408e-16
-2.237570686259606756e-01 -2.196544723823351877e-02 -1.215205996383509135e-24 -5.252459572650998465e-16
-6.716238657094208975e-01 1.991266191882812807e-03 1.833586145577635126e-25 -2.156516371551067788e-17
8.059922605912461790e-02 -8.308053513138753676e-02 -1.433282965420836047e-24 8.440304141047033731e-16
3.995556983914054783e-01 2.647363418705114650e-03 2.166602683202085923e-23 2.015422809375715405e-15
1.471707818869849582e-01 -4.068024018923377394e-02 -7.221757214147382507e-26 3.802279078714776076e-17
-9.053232822085028886e-01 -1.365296399178368312e-03 -2.650119994570445767e-24 -2.880661134336415084e-16
-4.369065628457837747e-01 -6.424742440106294417e-02 1.391680887874073503e-23 3.435420902804118377e-14
3.831236848391854632e-01 1.643973432091961132e-03 -4.376219762493612132e-24 -2.423979368915838098e-16
-8.008044277629169372e-01 2.840664685960556275e-03 -9.567112860529115054e-25 1.913918038552899164e-16
-6.477321185740891885e-01 1.152662052322342683e-03 -6.948200754630560766e-24 4.562110357187407187e-16
2.385524706358890246e-01 9.363110988904213561e-02 -6.058306409316725486e-25 -1.190011957678574272e-15
-4.569477731205011661e-01 1.408641772853370250e-02 2.385461819489272112e-25 -1.350316574616173016e-16
6.428506667858080448e-02 -3.344805352868913950e-03 -1.493064832251425200e-26 2.823290811977476707e-19
-8.864398628296303873e-01 -1.881948865173658884e-03 3.716447030606986697e-26 5.452316328289212502e-18
9.964152568493722661e-02 6.661796285977794607e-02 -3.581297213091202021e-24 -2.090586212505145156e-15
-7.151896987608594713e-01 -4.459471033519497515e-03 -2.900719461708475204e-25 -8.135913580492754914e-17
-2.498923402854513753e-02 -2.696881338397464148e-02 -1.537514236394493106e-26 -9.112340266776626327e-19
-6.949681018825817347e-01 -8.425744970720228100e-02 1.198331114587042205e-23 6.170864603458570733e-14
-7.708784109077932989e-01 2.030136344899395595e-02 -5.371896914446964697e-26 7.393239237890281386e-17
9.460814725600270592e-01 7.314846687918773009e-03 -1.914170935010134535e-25 -1.164958578275700547e-16
-5.998207366236929516e-01 1.615724542848608752e-02 -7.545166459262801784e-25 6.430631501151081829e-16
-4.962721706926309650e-02 7.475136745647482928e-02 1.567606942633751697e-25 -5.114135639646364411e-17
7.590511878526426948e-01 6.278895783945148690e-02 7.332848664644580493e-26 3.073428126884666771e-16
-6.413936806722386752e-01 1.070739297917065735e-02 1.722159074344454127e-25 -1.040106196534998360e-16
7.708662892463191696e-03 -9.263860632737512535e-02 -4.376226159790189083e-23 2.748317004784774491e-15
-8.731389795806054899e-01 4.907673752310288962e-02 4.857301596933148545e-24 -1.830417384603262236e-14
-9.142823605836154499e-01 8.483327982663343633e-03 -4.774736635794185224e-26 3.256806987240238421e-17
3.770557322369632036e-01 7.064130727231264853e-03 5.421236385431473382e-23 1.269868118943237008e-14
4.515933630322466197e-01 4.882342760955205550e-03 6.521576891196624074e-26 1.264516310309534336e-17
3.504216004121616379e-01 1.535665915464847452e-02 5.400099318646366892e-26 2.555555761764356766e-17
-5.292503602954430342e-01 3.905923780037687254e-02 -4.211184410588815744e-25 7.655704938811057671e-16
3.025785135353356026e-01 -5.065111056770952441e-02 2.789760982482313475e-25 -3.760019120003520163e-16
9.668966127979969905e-01 9.269089656214410389e-03 7.551857433975043298e-26 5.952054576182612856e-17
-9.607368160192013562e-01 1.237482638700150312e-03 -1.248753262256256439e-23 1.305618166512075604e-15
7.251708886770895646e-01 -8.384484663165424692e-03 3.790881763606226434e-24 -2.026996391416708064e-15
4.220694849991601938e-01 2.741543216336498126e-02 -2.643341296168263178e-23 -2.689851423039766651e-14
-4.440221272105584482e-01 1.875169321539010576e-03 6.832127078407717978e-23 -5.002614508404098326e-15
-6.043738176389750194e-01 4.677122696243108529e-02 4.142835882024681900e-26 -1.029859866949626818e-16
-2.892538909251407553e-02 -1.219467512253166004e-03 -2.918997624525994278e-26 -9.054806757852679178e-20
-5.934505024581566701e-01 2.515396031144878641e-02 3.715622944818873119e-26 -4.877738454590025351e-17
-4.503462178508128577e-01 -5.094013297532238443e-02 -1.404438930056630889e-25 -2.833384108107789868e-16
7.822791620400553203e-01 -4.951384445647627475e-02 -7.698122960143042116e-23 2.622220775558905555e-13
2.437846393603164685e-01 -4.254457824337432199e-03 -6.478381054557365620e-24 5.908987211896067130e-16
4.052266545771705530e-01 -2.882589227308902241e-02 7.218932160355376624e-25 -7.415658543619579550e-16
-5.254117284644828079e-01 6.537986333152071873e-03 -6.923393833397085775e-26 2.091504525943245596e-17
-7.912448809457353072e-01 1.503226078560626405e-03 -4.342670628374425768e-25 4.542428567500002463e-17
8.882372515515473133e-01 -3.496799017959043715e-02 -5.108875325488224154e-25 1.395471461757623420e-15
7.910571582465830698e-01 4.676880640371911674e-02 -2.447920725697273707e-26 -7.964481371799518038e-17
-6.034766953458108318e-01 -6.765769486710889943e-03 -1.481037200225854126e-23 -5.317893896825899233e-15
-3.339517203239956711e-01 3.623161889765621341e-02 1.030694833167033422e-25 -1.096724445707074606e-16
-2.347074109122477825e-01 3.097093632618485790e-03 2.226258791947442624e-24 -1.423156910484379036e-16
-7.303466325859493402e-01 2.579015879248956235e-03 -5.972798573386108580e-23 9.893658518307701063e-15
1.077698186016868842e-01 -6.833101283241008184e-02 -7.654619636848489390e-23 4.957179276358946496e-14
-1.930965129475668007e-01 -3.176007814183389767e-03 -6.476851121831264112e-26 -3.493139326185942156e-18
-9.395674854090863004e-01 1.836798729744932093e-02 1.546356643782703349e-25 -2.346903402011952380e-16
8.790127840105403934e-01 -2.099015382375830560e-02 -7.720361631343017144e-26 1.252692440478911099e-16
2.254294217880297158e-01 2.786262131284441418e-02 1.759074180993891129e-25 9.716564189999829208e-17
-6.024165594594277362e-01 7.336908539571941612e-02 3.406096407667360477e-25 -1.323923659153654166e-15
-8.519659546367848169e-01 -4.526235161881591446e-03 1.104601274669428174e-24 3.745940672137462860e-16
-7.409484483398229848e-01 4.838773834460363688e-02 1.046050592228955195e-24 -3.298162173398825687e-15
-9.002565578530943302e-01 -3.413401796097883297e-03 -3.968479319728460313e-23 -1.072442035130797553e-14
2.992217654298277019e-01 2.502895723281702706e-02 -5.531632513111242599e-23 -3.643218831681269860e-14
-7.060027728510422929e-01 4.365158396483711373e-03 5.258119178682944308e-24 -1.425058982359966060e-15
-4.226264226100646670e-01 -6.752385348749195826e-02 -1.851611882417836480e-23 -4.646862521885608974e-14
-5.077521798824315979e-01 -5.218669716973085501e-03 6.735662139935490100e-24 1.569596073387571684e-15
2.954365927217790233e-01 -5.743282110476576052e-02 -1.933530452879358960e-26 2.885170295368959587e-17
-8.637121266277150156e-01 6.214350627063965418e-03 4.551291714298740364e-24 -2.148302547269938337e-15
6.003242451742500929e-01 1.178957586449345431e-02 6.563858588201699254e-24 4.085444182113622255e-15
-7.383398406761336741e-01 8.146556457063507811e-03 1.853758919316629016e-25 -9.805723187080115503e-17
-8.097527625571503407e-01 1.211431516250529097e-03 5.244354683975874197e-26 -4.524174657085168992e-18
6.134484659196737244e-01 -1.039629930982595733e-03 -1.147497677475301797e-23 6.435831641624143314e-16
-6.589403044082706717e-01 -1.892285368561231682e-02 -2.539174417060619393e-25 -2.784333403709570191e-16
4.815173687884994891e-01 1.217624978075334315e-03 -5.878298738850886683e-24 -3.030910829396712438e-16
7.392164104059926188e-01 1.241138695239666322e-02 -9.363746478515261075e-24 -7.555053821124881405e-15
9.141812494036472003e-01 1.085911916848449413e-02 6.131246428783853245e-24 5.352684928250248864e-15
9.727775817166950389e-02 6.437106470889823739e-02 4.745916992682004706e-24 2.613487241485443916e-15
8.051832600645620897e-01 -1.175875229902421763e-02 -1.646454036016305063e-26 1.370886786848642981e-17
-8.299803194993644606e-01 -9.991529883604627349e-02 7.255598335006120822e-24 5.291380822103564596e-14
-5.775027164285080339e-01 -2.689497514068386538e-02 5.940307920848662052e-24 8.113909071795175570e-15
-7.736777636724991858e-01 -1.038858357433256529e-03 3.021458535306414588e-26 2.135645140611856745e-18
-5.606274451424047012e-01 7.630742049139369043e-02 -1.462659894871555207e-26 5.502758853495334363e-17
-3.443483797804700597e-01 -1.133203508998766040e-02 1.685357557423906888e-24 5.783543517365036607e-16
1.014419812694946632e-01 -2.058511352043034329e-02 -3.478324740205617820e-24 6.387591220340792351e-16
-7.946355116597410007e-01 -1.462560530042413681e-02 -1.338132654676116743e-23 -1.367656354780924656e-14
-5.691203492038556799e-01 1.912499874244739766e-03 -1.215102259425751854e-23 1.163092776037063984e-15
-9.565436678704137829e-01 -1.150342121380610455e-02 -7.896710505788296889e-23 -7.641419474175737862e-14
-9.925490216757892892e-01 -8.002397894394811320e-03 -1.201498316631562129e-24 -8.392498535856794910e-16
-7.502708747950048718e-01 -2.581896758501507974e-02 -4.948757918470826627e-24 -8.430419192375367845e-15
-6.829558458209912253e-01 -1.175676931606011409e-02 -1.686024799789194517e-23 -1.190530654352812124e-14
-5.048727061857272158e-01 2.041773386412969096e-03 -5.418027797042814013e-24 4.911641507762149916e-16
2.194058782710508471e-01 -3.040710660195643667e-03 2.430100211134280634e-25 -1.425750521416741776e-17
-2.468691715238118256e-01 -3.333475802438737659e-03 2.335637279653812321e-24 1.690306904160737947e-16
-1.831841302929875237e-01 5.122568639542103563e-02 -1.733191563384106201e-23 1.430270562010234844e-14
8.010777859768429821e-01 -5.588326927590869797e-03 -1.239752898023975539e-24 4.880761953243871277e-16
-7.193587580804550186e-02 -9.970352775398236972e-03 -1.507351103615356765e-26 -9.507503282050389378e-19
-6.087554043155551931e-02 1.060726604423659894e-03 -3.152851768780850993e-24 1.790382584190940711e-17
-2.301587987866833274e-01 -1.356813884908784820e-03 -1.985363376025248403e-26 -5.452351777295646610e-19
7.248265396728181820e-01 -3.093965430725873541e-03 4.121780714428051797e-23 -8.128874655036371854e-15
9.016454205701991409e-01 2.964817575436132571e-03 4.647689185420420119e-24 1.092614186133126169e-15
-1.996226578729776158e-02 6.979486873119704338e-02 -1.086545303625672635e-24 1.331303788236767604e-16
-6.549260378884138589e-01 5.145661160298703463e-02 -2.189201944236163637e-23 6.488066121271364012e-14
8.514423845363081611e-01 -9.052227116072614210e-02 9.406213306245494648e-25 -6.375606878444718961e-15
6.571012412442760464e-01 -3.001913576907440026e-02 6.476272869393161640e-25 -1.123444472599999708e-15
2.481563689722330324e-01 -9.589650551823104829e-02 -8.827433141061278776e-26 1.847390239983058014e-16
9.280422803502104134e-01 9.744569812765173367e-02 3.334352514946534192e-24 2.651782783733149184e-14
3.286738393881507569e-01 -1.871787081667293171e-02 2.052220710511795261e-25 -1.110303349757418768e-16
1.900997091000695693e-01 -1.722052226647158291e-02 8.410136270717219667e-25 -2.421178474026457102e-16
7.163441329760120713e-01 -1.050386838219915511e-03 -9.671925066150098976e-24 6.399998953464322755e-16
4.301920071203884088e-01 8.807965851891023934e-03 3.323407826985070515e-26 1.107433349771875398e-17
3.613194579849001720e-01 -2.185036740627314695e-03 -1.202834420457966126e-24 8.351258786971233698e-17
-3.024675810334318538e-01 -7.715623721492571863e-02 -3.819827023048228043e-23 -7.839521758866996506e-14
7.480361287735826092e-01 8.391349903486963399e-03 -3.552086592441469886e-26 -1.960802940303251747e-17
-4.064437861339098568e-01 1.322181054375879197e-02 5.627517306513021185e-23 -2.659526105974931222e-14
-9.918971713997739581e-01 6.808633114776175242e-03 2.092720116830301981e-26 -1.242892976725129474e-17
5.450356815710106773e-01 6.727360111120503361e-02 -7.035364876388356562e-25 -2.268570275429751750e-15
8.081120630485671974e-02 5.660908458302534030e-03 2.933866620321382159e-25 1.180304568489673613e-17
9.582975592094733486e-01 -1.084330145492827177e-02 2.040265206906543889e-23 -1.864423368130658851e-14
8.658447963956088511e-01 -1.778152704080707136e-02 -1.146639697100597182e-23 1.552501681617309273e-14
7.968849611818564771e-01 -2.160334544951435926e-02 -2.867980190137710899e-23 4.341989698633884676e-14
7.508090484151395128e-01 -1.139122383372280761e-03 2.320593776085241318e-23 -1.745400142288362125e-15
6.311212684646037019e-01 -3.125100592216380202e-02 4.257291116871795996e-23 -7.384246163311320263e-14
8.889765382571401808e-02 -1.724884507047757740e-02 -1.776332221692730422e-24 2.395358465007737066e-16
4.359083696051284651e-01 -3.185011994979023396e-03 -9.497812987047581505e-26 1.159647228353190245e-17
-8.607882035572715917e-01 -8.362961206129112396e-03 2.107965117500511692e-25 1.334491491477555354e-16
-6.643551186117258034e-01 2.155957638999707326e-03 -1.621872258899167446e-23 2.042928441700370484e-15
2.669899127387853621e-01 1.690582760019787491e-03 -1.204267723396135907e-26 -4.780246984799226370e-19
-6.882752674679217808e-01 1.323041122783060906e-03 -2.999381007709444201e-24 2.401945474780720174e-16
-9.168823590088372999e-01 3.921814735075668766e-03 -1.375834504541804806e-23 4.350737569852949045e-15
3.739835578757642054e-01 1.212084548996772773e-02 -1.720093977137204834e-25 -6.856991317719912461e-17
-9.475603101804757067e-01 -2.384200769750285595e-03 -2.244773141212387946e-25 -4.459828340645126147e-17
-2.143639679535154219e-01 -1.440871827917818843e-02 -2.492000047968174588e-26 -6.768948098798686895e-18
-7.854806315808608996e-01 -6.573808800921182582e-02 8.148315202420588752e-25 3.700124779049713491e-15
9.207688602261170363e-01 1.687553474484978014e-02 -2.893601301766661744e-24 -3.954056386594508043e-15
2.560189014021865272e-01 -4.155720502877902414e-03 -1.167430369865953196e-24 1.092308587316675827e-16
-2.838853834219385863e-01 -4.856411371088130424e-03 -4.016559773141749767e-24 -4.869773189535900768e-16
-6.348419827481828204e-01 -2.448239075025484060e-02 -4.898313696244092004e-26 -6.695176947686213050e-17
6.036849613685868476e-02 -4.925546905786535451e-03 -3.744823585877712426e-24 9.792468429220706728e-17
8.904552730360764112e-01 2.768856454092967316e-03 -5.779171661786881221e-23 -1.253066577192469096e-14
3.292354178154632827e-01 1.597610283848488119e-02 -8.379885477779610079e-25 -3.876247328449472901e-16
-8.575051324859490620e-01 -6.395409712605153174e-03 3.381650383925227127e-26 1.630909288366304085e-17
6.527102946388168014e-01 -3.830831408633045623e-03 -1.124569241519126885e-23 2.472838212061380017e-15
3.490825345560772952e-01 3.808999955128487130e-03 7.889076999375074141e-23 9.224891850375181027e-15
7.629489669591527079e-01 9.338275678891445886e-02 5.364745181628553382e-26 3.361300025451855588e-16
8.895673192378201755e-01 -7.149105991079000334e-03 4.394795767319370762e-26 -2.457905906794191699e-17
5.578790220078135853e-01 -1.450264653652977472e-02 3.801687003838736404e-25 -2.704952553426628598e-16
7.421019495921132858e-02 -7.468098143231963887e-03 -3.811312179472165236e-23 1.857565396450628794e-15
-7.824952486436389520e-01 5.555441928041498188e-03 1.649536127527237185e-25 -6.306060796360264280e-17
-4.467453692833194268e-01 8.250131483215972228e-02 -2.480469661551071107e-24 8.039903747197333066e-15
-7.771193803553053669e-01 -3.904163245224193373e-03 4.300133794175384050e-25 1.147344074777111669e-16
-2.604413530396405552e-01 -1.189046016264745220e-03 4.066198918538184743e-24 1.107371204034294467e-16
9.546257576074508311e-01 -1.484131633338658723e-03 -3.060718450185906867e-26 3.813510548250758200e-18
9.448059861401432169e-01 2.037259701852665514e-02 -1.480531063489172981e-24 -2.506123997572153021e-15
6.186084627182741880e-01 -9.097710209560475048e-03 9.209524020933739331e-25 -4.558071583110692371e-16
1.949162880143435750e-01 2.743378619076633149e-03 4.231053630721826386e-23 1.989657907484820002e-15
-4.548606313907459509e-01 2.980878844503482943e-03 -8.085563318719929616e-24 9.641152612588266049e-16
5.247211912922684629e-01 -1.124976211707212279e-02 -9.315765695243863458e-25 4.836002316539653818e-16
6.444384095588928663e-01 1.831069624386927417e-03 6.968998501709743432e-25 7.231903906189606308e-17
-7.153174371313011370e-01 -6.057499413477987135e-03 2.714008335556938311e-25 1.034187704542010745e-16
-1.968340892804816278e-01 1.999962045533050861e-02 4.807618518964387549e-26 -1.664363062187851173e-17
-6.252217834980755562e-01 6.745634793341495627e-02 1.835375201229768640e-23 -6.807345379031091721e-14
-2.383239092982614160e-01 -1.693445263531479297e-02 3.546908393230398108e-26 1.258881206596182708e-17
4.993529257110016495e-01 -1.135230719967407183e-03 3.509192240294960609e-25 -1.749423251011253200e-17
2.019356559659617467e-01 5.630421169855522913e-03 -8.679218638229434355e-25 -8.678217310186662216e-17
1.592497621157513699e-01 -9.288212508053452290e-03 -4.487866131357870483e-24 5.837767974015172011e-16
6.036729201561867875e-01 -4.886538805918926032e-02 5.123376131696155965e-25 -1.329092745570830171e-15
-9.830704764501274617e-01 -1.866482193709255097e-02 1.407969783937150803e-23 2.271945136095202039e-14
6.250845160474987061e-01 1.903126400437371926e-02 -1.049720028165746033e-23 -1.098185888449622232e-14
-8.043622725904675530e-01 7.965870547271155372e-03 -4.072680268063424452e-25 2.294886724902758103e-16
2.052264288014660210e-01 5.054881386421429534e-02 6.379036928150694916e-25 5.819629997655171566e-16
3.940137868275168653e-01 2.287043796997355674e-02 1.769583080860082044e-25 1.402338500266428007e-16
2.042472275939721804e-01 1.071253940992390567e-02 2.481117486777537273e-24 4.774104629919984622e-16
2.676223332427500878e-01 -5.108459430299013525e-03 3.935425097913528730e-25 -4.731512074922723422e-17
-2.285939401660661563e-01 5.321484930762761939e-02 1.417459790384190107e-23 -1.516366908745271045e-14
4.137384704904012445e-01 1.658826208874996473e-03 -7.840928304107769753e-26 -4.732496224520774168e-18
5.101318312995366533e-01 -1.251604800352473963e-02 -9.817821802798306065e-26 5.512654689174610664e-17
-4.892605248412966734e-01 2.466471356060817924e-02 3.193383262116365609e-25 -3.388935459846565992e-16
3.774265047066340806e-01 1.506164303921709788e-02 -3.120446052506466371e-23 -1.559974232649029010e-14
-8.454502087668402943e-02 -1.120917621155844779e-03 -4.249716272256214700e-26 -3.541748089544148569e-19
-8.114455428737858966e-01 7.535906569820245704e-02 -2.364329167885097898e-24 1.271448649532709120e-14
1.041866261060435672e-01 -2.222444832097996044e-03 1.670962068146851518e-25 -3.402558143713569602e-18
-3.876499895906462267e-01 -2.632328237197619804e-03 2.393017515310580875e-26 2.147443255959896046e-18
9.369276536086270646e-01 7.996447200514068820e-02 2.820301275142826161e-26 1.858209326568576298e-16
-3.509705245569672005e-01 -3.526322666046111109e-02 4.595744031002900775e-25 5.002009653773944556e-16
3.286667377271945689e-02 9.434697838916848017e-03 -2.595078106911041112e-26 -7.076690205604996162e-19
-1.158393003441517966e-01 6.944160943579144943e-03 1.569924130502404828e-23 -1.110581331323527506e-15
-7.156945290970750939e-01 -1.218013156210581878e-02 -2.073657656007328938e-23 -1.589691076951577475e-14
1.485246693283781561e-02 6.953155732072079098e-02 -7.267166471679277015e-24 -6.599965416391543611e-16
1.462835024336461842e-01 -8.664784098232587717e-02 -1.225544206835541825e-25 1.366086116169842992e-16
8.270078173355939199e-01 -4.442434117437013552e-02 1.950708276509935139e-26 -6.302588279830110757e-17
-6.347795027771634402e-01 1.235969351388433064e-02 -5.740308196670560287e-25 3.960607513211536103e-16
2.922881488427491181e-01 -3.076546087238978683e-02 -6.737718553522242916e-25 5.328236559853598270e-16
6.276685731365341248e-01 -1.421967854615683105e-02 1.003589612530731681e-23 -7.877208140801903538e-15
-3.213670277149252019e-01 2.708242714188333067e-03 4.127214496098053531e-23 -3.158944095025715351e-15
-2.061357548071185430e-01 1.189773868993911597e-02 9.876102680344758844e-26 -2.130096854548741318e-17
-6.570146150088327364e-01 -5.223957183721328508e-03 -3.036100606320782863e-24 -9.164036240054540655e-16
1.851497676155675620e-01 8.851099084691419969e-03 -2.305601627577747890e-26 -3.322772780957281182e-18
7.127503129498899970e-01 1.100280068704755608e-02 -3.065301539209289732e-25 -2.114023769949344772e-16
7.502248702193352603e-01 -2.861353690567324665e-02 2.414271187323006336e-23 -4.557692837522768255e-14
2.200046874774330696e-02 -2.613240305511489378e-02 -2.033659332306460322e-25 1.028218672441854642e-17
-3.930057875455557070e-01 -1.606040529811221572e-03 -1.412136899671444114e-24 -7.838414918027966562e-17
9.305911113177844918e-01 -1.422858047376781686e-03 5.246838184455498546e-26 -6.109619241044372280e-18
8.804931654034264810e-01 7.534875826975765550e-03 3.103541252048135777e-24 1.810737982498926640e-15
-3.278521914479637367e-02 -2.474779006547445787e-02 3.919510652022049337e-25 2.796677340220528140e-17
4.928635536014835949e-01 -3.200585688999778300e-02 -3.588924576073340560e-23 4.978706154535701931e-14
-6.853532490644271835e-01 1.857223464430176815e-02 -5.530186499204879582e-25 6.190338758896321818e-16
4.039852284319145337e-01 8.144346526978511747e-02 5.805469153046413030e-25 1.679790232154744754e-15
-5.918813067130552774e-01 7.670846177705561465e-03 3.298026430989128562e-25 -1.316824900089031555e-16
-9.733440464952540783e-01 2.860785673369917355e-03 -3.851108416687122738e-25 9.430472315156364516e-17
-3.927424441591464976e-01 1.342564081450351929e-02 1.564526072649047475e-24 -7.254736915981935981e-16
-1.902355010561955773e-01 -1.062065803930802195e-02 -9.524856122148285633e-24 -1.692378178424275815e-15
5.266072381645103828e-01 1.584692694000066140e-02 -3.079527465570197006e-25 -2.260018332267555523e-16
-8.720565332258927160e-01 2.123188456183234662e-03 4.569757629567842579e-23 -7.440846600226907977e-15
-6.915270435848674957e-01 6.661261312131912249e-02 -2.787624421566786262e-26 1.129265084377516767e-16
7.521284395373670772e-01 4.756696912113982795e-02 -9.338464978526483013e-26 -2.938116317740263836e-16
-9.761077286496462335e-01 -1.815950054534988187e-02 -1.598165519833125156e-26 -2.491262025003460432e-17
7.017120689319520377e-01 -1.378280758042407274e-02 -5.610768283492277346e-23 4.772159744173851089e-14
-6.297044150311592592e-01 4.116704361714644891e-03 -1.783117091953607101e-26 4.065016203693150440e-18
4.813847219463607274e-01 1.220621977841940308e-03 8.146613160458041759e-24 4.209655754680902637e-16
-5.628419329299856333e-01 -3.618592468281668639e-02 -3.253713544355278898e-23 -5.827757020923052538e-14
4.810058523832601018e-01 8.325980638400126699e-02 -9.267945277488944921e-24 -3.264113248828284850e-14
-2.858563358920938047e-01 1.011363484424163909e-03 -5.399924416270164352e-26 1.372899583179649235e-18
1.437628209865788875e-01 -2.486186490127239180e-03 7.085546631680077303e-26 -2.227150929144003914e-18
6.358418917509811585e-02 -1.957581089600545637e-02 1.096169481815879233e-24 -1.199893237614520927e-16
-4.280570250054658299e-01 -1.783836365426426764e-03 -7.078424715170841439e-23 -4.753234708681643102e-15
-6.726408680954865105e-01 2.763088083998461661e-02 -4.312642960769238387e-23 7.048837287630790444e-14
-7.838231335980003767e-01 -1.650713541051166897e-02 -2.673822245966097165e-24 -3.042414088434577046e-15
1.447940672850209776e-01 -4.528157942375324319e-02 -1.059607353072743200e-25 6.109607321790737953e-17
-8.672319294431418690e-01 -5.208925757804820644e-02 2.255213729383427507e-23 8.959156723952413562e-14
9.949698904239425712e-01 1.519058575108808446e-03 5.029835489425480934e-23 6.685505342991980690e-15
8.365980144508982086e-01 2.176120965935240785e-03 -4.954045523807926412e-26 -7.931509634982595502e-18
5.595055226067948695e-01 2.027331455010331768e-03 -9.034838056739026325e-24 -9.012504803061325749e-16
8.531571040162095887e-01 -4.989556678104298260e-02 -5.623990058760531942e-23 2.105384960723512402e-13
-9.351744482891894972e-01 -1.122809387553710264e-03 -5.015613523988648166e-26 -4.631468687289408171e-18
-2.526003499472395664e-01 1.186544320977633848e-02 9.424702228280766131e-24 -2.484171362353266394e-15
2.097301331812007064e-01 -3.646210086199086920e-03 -6.841893792167020620e-23 4.601239605153804084e-15
6.272800744272228890e-01 -1.854653357836662806e-03 1.482732529710801066e-23 -1.516991189706180480e-15
2.434844551971810933e-01 -8.109925947778444735e-03 4.973889634845626918e-24 -8.637345126253227933e-16
-1.175070506918447499e-01 1.013792871242104321e-02 -4.891403355366398151e-24 5.124395445843310289e-16
-4.833394859750674843e-01 5.342217289211591974e-02 -3.990711047732903972e-23 9.061917583668540190e-14
-4.709150877722856343e-02 -3.296593807219723796e-03 -5.230904278196909191e-26 -7.141358192679981075e-19
-1.816564028387863683e-01 9.184908594516351388e-03 -1.370775075725632468e-26 2.011350455944258379e-18
-1.141739370658367836e-01 -8.390430350225674960e-02 -3.714925901532729577e-26 -3.129661517095910419e-17
-7.444874636251754829e-01 3.261536724973916179e-03 -4.705182189155895003e-24 1.004736331799913855e-15
-1.000972089857066205e-01 -1.408159156351158556e-03 -2.335752790049933878e-25 -2.895320119610442506e-18
-1.997819144035040129e-01 6.809986977624172232e-03 5.633084153751077928e-25 -6.739764030528586851e-17
-9.585539971515499857e-02 2.035184871460458261e-03 -2.324081867922841219e-23 3.987198625453638147e-16
6.945362652047910590e-01 -1.125350802555718501e-03 -7.141057180153404050e-23 4.908416001706002548e-15
-4.973826463880619553e-01 -2.260176919043084716e-03 -5.467380511769839382e-23 -5.405157646237915326e-15
-1.164815027177146245e-01 -1.600077028315498653e-02 -1.233503708816532355e-23 -2.021781950380621770e-15
-6.465945558158912032e-01 -3.284117242983303209e-02 3.146459919463580538e-23 5.875825652749649965e-14
-2.535563331384640406e-01 -3.571895704086843620e-02 4.427004035833407741e-25 3.525974362075795161e-16
-5.290475904470821611e-01 6.552542622977342024e-02 -2.153777230443608873e-24 6.566007538479204782e-15
-1.081192589343931143e-01 1.189446612758587873e-02 -1.280765555193453773e-23 1.448483837884347943e-15
2.473745065258747822e-02 1.936627824293671307e-02 -1.278375562300038746e-25 -5.385866302959447990e-18
-5.238792760488448774e-01 4.492886865354928962e-03 1.245794597008367781e-26 -2.578690052076002723e-18
3.588647839683221097e-01 7.238247673770331798e-03 -4.654504116936450743e-23 -1.063245861296821879e-14
-5.008774083935161325e-01 1.105752002880002220e-03 7.305449717705209652e-26 -3.558214577803738612e-18
5.102533932405473038e-01 -2.891365548038268753e-03 6.880307482851958283e-26 -8.926737234006377818e-18
9.679614109710077408e-01 -2.374837926949330616e-02 -3.843272641942506061e-23 7.769431013425694596e-14
7.461031032545173414e-01 1.092588497101646371e-02 -1.992996848887573831e-25 -1.428756050700220243e-16
1.102866556924420038e-01 4.205242095279942451e-03 7.005671005721015076e-25 2.857325450000335594e-17
4.472544210133564402e-01 -6.991359564560882534e-02 5.342881273596735830e-26 -1.469223291439976923e-16
-2.865609848704626650e-01 -5.538126314043176346e-02 1.733403474870376500e-26 2.419221208955390289e-17
-4.107807876747842091e-01 -1.206488933474733627e-03 -3.373635582729527131e-24 -1.470373391791380200e-16
-6.792483226326584411e-01 -3.993655868369665879e-02 3.849466793082594578e-24 9.183236979720286742e-15
-7.889162298667635742e-01 -4.587668237033789426e-02 3.044466658076463339e-23 9.690141456900758628e-14
6.709207630763787122e-01 9.714365513149672560e-02 1.159612031330711066e-24 6.646521064195359885e-15
7.741346009882787982e-01 2.845241979732986495e-02 2.541631216662709911e-24 4.923163094627028484e-15
1.451490390783711781e-01 -2.817270508292269229e-02 3.848051214152045852e-26 -1.383819856000944488e-17
-2.756057824056756811e-01 1.193085921729328432e-02 -3.017383342640423500e-24 8.725423899513622268e-16
7.447983121401295925e-01 2.033562471074358557e-02 7.461529396234510774e-26 9.938482032479961804e-17
-8.871109362466049753e-01 -1.684406349770826289e-03 -4.514066190146504150e-24 -5.931830413389824763e-16
-4.719937734212265035e-02 2.348874043853606871e-03 -2.504203990333151660e-25 2.441527958006968290e-18
-7.655556252999389244e-01 6.834060810682183150e-03 1.388403634433046672e-24 -6.388035678977250269e-16
4.219092014698342386e-01 2.398537404966745099e-03 -2.892960869195869122e-23 -2.574566134859851218e-15
3.555315100769826930e-01 -1.065504626421181307e-03 -2.102975677469291376e-26 7.005896019891808591e-19
8.145051024244687188e-01 1.334429762974496947e-02 -4.600858885297759555e-26 -4.397688283663309376e-17
-1.284198065595951732e-01 -1.992003348046053612e-02 -1.336515722285003785e-24 -3.006714193728122950e-16
-4.588675143438718518e-01 1.797176267462232205e-02 7.301268082240516947e-26 -5.295077035534394113e-17
-7.728243433206694046e-01 1.148448416328607703e-02 -1.381709045264944883e-25 1.078462100757278950e-16
-5.762722812387910398e-01 1.253327137792704807e-03 2.621432585105011886e-23 -1.665048421107464269e-15
-4.873249052366057654e-02 -5.941546427465803012e-03 -1.336377586686615042e-26 -3.402853761505808301e-19
9.345735320668557833e-02 1.888364066671978717e-03 -4.900919405205717841e-26 -7.606288012976056621e-19
2.839916427919546571e-01 -2.665308637997855414e-03 -2.145753529497146839e-25 1.428331133479902171e-17
-2.711101548896726054e-01 7.169568695018834446e-03 1.980453957671577688e-25 -3.385318744758812171e-17
-3.117262396566953253e-01 1.931219814328109146e-03 3.130993857694514510e-25 -1.657613538996548968e-17
-1.275483772288246165e-01 -4.162898125827593776e-02 8.295678239469012637e-25 3.873634318929519800e-16
-4.601717614137323942e-01 2.124402734938996441e-03 7.265229696277740783e-24 -6.246002678713104026e-16
-8.434586965521524426e-01 -2.147484680093536460e-03 1.316576337115316943e-25 2.097181124791969896e-17
-7.462798538943216098e-01 1.154676982250364909e-03 -2.470355610724029588e-26 1.872051110719297657e-18
7.716786650653362223e-02 -4.379287018855541891e-02 7.966358557775769346e-25 -2.367531429743235513e-16
-7.724348187617608996e-01 9.561757921524489945e-02 3.717525704461196763e-23 -2.414624299412746116e-13
6.325793755866688794e-01 9.397253825814716466e-03 -2.469914200027902377e-24 -1.291200998173083316e-15
7.501931129523042863e-01 -5.728375338865276077e-03 1.547650677414463105e-26 -5.848890377773745507e-18
5.302382426525542591e-01 5.303472525938654654e-03 -1.124588202917531594e-26 -2.781127468286575419e-18
-1.138851553678013051e-01 -1.431548103788517429e-03 2.136986917196738588e-26 3.063874191559188666e-19
-2.300148336797898097e-01 3.201621694765624526e-02 -5.365230035501329563e-26 3.474643131047851974e-17
7.363040374781564257e-01 -3.532447384209271360e-03 2.948611367141871313e-24 -6.744448137467665489e-16
6.409426451337467689e-01 1.461694030721454604e-03 -3.406309922922002862e-25 -2.806440258769586362e-17
-1.110678516532237481e-03 1.995628675421493633e-03 1.606492396245522301e-25 -3.131430533593080448e-20
1.341083562172995514e-01 -4.282707951284317992e-03 -4.693967526782130781e-26 2.370884406235014908e-18
9.045276960245558495e-01 -1.006544755415949600e-02 -4.340938203351716706e-24 3.475638211040418528e-15
-6.987223106473638978e-02 2.504242301391502654e-02 2.349578662895282285e-26 -3.615488196515520766e-18
2.980992679444429694e-01 5.856569927972806594e-02 -2.505037766546472209e-25 -3.846046412287863769e-16
-2.213402023322499357e-01 -2.857806056962595292e-03 -1.334090059135375194e-25 -7.421201152847869121e-18
-6.379478179059612231e-01 -6.903897390105551146e-02 -8.072519016574180164e-24 -3.126688104567754747e-14
-3.747342370291544267e-01 3.029548068326352178e-02 -2.876201128333652771e-24 2.871550602579516962e-15
-1.476525361026750360e-01 -1.657439793119604632e-03 -2.185899758246699258e-24 -4.704407295149738028e-17
-7.388187075191696707e-01 1.209524452052495279e-03 -3.925448944188223321e-25 3.084877121635895666e-17
1.923414880982949882e-01 4.228031524415735987e-02 1.703155010007866282e-24 1.218039480141455444e-15
-7.474880678836031134e-01 -4.095441881480283743e-03 -4.686005733362831179e-24 -1.261548198092448432e-15
-8.848145242446603387e-01 6.680136868673795802e-03 -7.169319917221082487e-25 3.726589572926053277e-16
-7.391927157910067603e-01 -1.306786277280872974e-02 3.511262575145905964e-25 2.982782261819571587e-16
-9.404989322471686286e-01 -1.247257299823105285e-02 -1.501886917369618251e-25 -1.549343076739950056e-16
2.027968607284245106e-01 3.338391790536844768e-03 -1.008453221470976397e-26 -6.004132802097056811e-19
5.308052169559296374e-01 4.904479814980496760e-02 1.520016057212988221e-24 3.479944440543360184e-15
-6.525486177275181543e-01 -8.483683873480283438e-03 -6.586582550080158942e-25 -3.206664255068839009e-16
-6.609127573761353069e-02 -3.876084495702061122e-03 -9.943618488472436059e-25 -2.240153738027229238e-17
-9.001968139982949868e-01 5.570253125767335618e-03 -5.343905117395926990e-26 2.356498357518769966e-17
-8.844366094897881947e-01 -7.382678154940907483e-03 1.202159537170394746e-26 6.903013989066498285e-18
4.375969005589368521e-01 4.208052533260181992e-03 3.185503549927457265e-25 5.158571850306980821e-17
-1.399655787438616183e-01 5.322969815214267063e-03 1.589737484181381049e-24 -1.041589666228453340e-16
1.264953324761213249e-01 6.405465558017620770e-03 -6.946678346455938059e-23 -4.949922412639786681e-15
-7.020797668694740423e-01 2.598610395653596500e-02 5.619554866826158575e-26 -9.016241691737651422e-17
7.069447673573112656e-01 -6.987489191059254034e-02 -7.102784967790178923e-25 3.085540850680121445e-15
-2.155349948476548150e-01 1.652814453800931227e-02 4.586853805186736717e-25 -1.436986850844018435e-16
-7.772142840603848413e-01 2.645687646666252876e-02 1.834918552728684602e-24 -3.318120359762456923e-15
9.969058990342132276e-01 1.680077167806643887e-02 1.409689474747084429e-23 2.076360953057158954e-14
3.604541753974888074e-01 2.599617865599396227e-03 1.175217155902146993e-24 9.684421798796319218e-17
-5.059779767379701809e-03 1.245835926816707189e-03 -5.774948874480603652e-25 3.201375440439491136e-19
3.083601092610619432e-01 -8.071770759194263692e-03 -5.495150057814660088e-25 1.202825334524312304e-16
6.251909111582896195e-01 1.579069671506228229e-03 -2.615559662028923179e-26 -2.270777484025435794e-18
-4.576776629240471017e-01 3.150368956431491042e-03 -4.812997280969005306e-26 6.102850805884228351e-18
-7.674307382150518109e-01 -8.705633992345964897e-03 3.269096455641880249e-26 1.920716775874130809e-17
8.155073348956545232e-01 -1.947330535105399815e-02 4.954583311362594630e-26 -6.919435752401535472e-17
-6.595930149613171700e-02 -1.315572335274140491e-02 7.987414785301714099e-26 6.095270984655617445e-18
-4.817297972759575497e-01 -8.302725310571518538e-03 -2.232865692498689325e-26 -7.853853236476020898e-18
7.209832585174644759e-01 3.908904700707989399e-02 1.935649222502731997e-25 4.797366748069363402e-16
-2.201298938205222822e-01 -4.676138268291565002e-03 1.144369384710055523e-23 1.035925680559251739e-15
-5.111935100926869868e-01 2.069723429852199717e-03 -2.198368468711819232e-23 2.045474803892756813e-15
-3.483093520535724963e-01 -1.947618073265059910e-02 -2.167857762378663315e-25 -1.293289392532521056e-16
-9.870032901047898211e-01 1.739362583035075627e-02 1.695824205898866683e-24 -2.560268742330750206e-15
6.418652616511504316e-01 -1.299618918139195528e-02 1.399878193903273927e-23 -1.026942542222709569e-14
2.433793660240384238e-01 -2.405144878307696656e-03 -5.082896046965226298e-23 2.616569204162904176e-15
-1.480728114945628615e-01 -5.550781461119961430e-02 -2.471153633884458783e-26 -1.786179903280721250e-17
-3.158174387420886742e-01 -2.940575324664248744e-02 1.750785789226494073e-25 1.429872879445210519e-16
3.639850538372848554e-01 8.198883078832250315e-02 1.690735638813386288e-24 4.437209676799750098e-15
-2.975767999901890448e-02 2.300342644155998432e-03 4.113186887773751366e-23 -2.476087813918529846e-16
-9.896950260187489246e-01 -2.636682975965180808e-02 -1.770343795705711077e-23 -4.062682808454431477e-14
9.994286813008024239e-02 1.556404936386226318e-03 4.583940947757553552e-24 6.270604685974416636e-17
4.461786885125984536e-01 -1.101590779038807977e-02 8.458715363576773385e-24 -3.656196478799577317e-15
-2.941676116938642949e-01 8.328913447735177000e-02 3.251630331996336451e-25 -7.006165144341065568e-16
7.809428581268118563e-01 2.756365792441721821e-03 1.070425421883972954e-24 2.026322300990943097e-16
-1.239146251767264673e-02 1.101869523832816299e-02 -1.634756531686079588e-23 1.962916476242434280e-16
5.878074955616692243e-01 7.618320401186666480e-02 -1.827590010849900649e-23 -7.197292111302722634e-14
-2.996848177667073010e-01 1.881689806621838741e-03 7.499741131833428927e-25 -3.719247224569911797e-17
1.956536707377407591e-01 1.746952237970106911e-03 2.105895040435829203e-25 6.329971488276044243e-18
7.480619548445766043e-02 -1.471283102137968014e-02 -1.785219610056465563e-23 1.727911376473313956e-15
-3.568359289586648941e-01 -4.685826214284855712e-02 -1.017911169069572656e-24 -1.496789175155156675e-15
5.824529716401476431e-01 -4.225843119852175020e-03 3.207297676899613935e-25 -6.942397967760603290e-17
7.924855697935060395e-01 1.814928328121426671e-03 1.271154225961717166e-24 1.607848364680684078e-16
-1.195414279140842861e-01 8.715750734626567797e-02 1.477546650558111390e-25 -1.353818493594811883e-16
7.858380992559734768e-01 -1.462882911938682973e-03 -5.139176627041743543e-24 5.195557934770554814e-16
2.478701272938237388e-01 8.232121135547554314e-03 -1.429891533306658002e-23 -2.565872293289515662e-15
3.034352024104807199e-01 5.374742131306443210e-03 -1.439299726203082829e-23 -2.064290618379652633e-15
-5.523454354319363713e-01 -4.499673972220992468e-02 5.528451758175591723e-26 1.208346091550662369e-16
6.832052334574090224e-01 -1.369117119093934444e-02 -1.368074153366136469e-25 1.125375415660429956e-16
7.304760809890387119e-01 1.645970560622873544e-02 -7.515832912230754227e-24 -7.946962797447343485e-15
-6.130256836406484666e-01 -5.542910862393534560e-02 -5.652426064691784308e-24 -1.689069250307890783e-14
3.645911952476050821e-01 -3.026426969205924661e-02 -8.165423124145302535e-24 7.923390665303307781e-15
-7.394609503326401434e-01 -1.063867097435163478e-03 -1.489369910243252144e-26 -1.030388962742549054e-18
3.890395572615505948e-01 -1.329524933131497532e-03 -2.340411571317276054e-25 1.064580447665127117e-17
8.588626569802115807e-01 3.363593032245094407e-03 1.653313567257492130e-25 4.200281469188212548e-17
1.068664910697394443e-01 -4.367083828604674360e-03 2.902902757537453307e-25 -1.191410892898541229e-17
6.476206451437169775e-01 1.027366716230392572e-02 3.246722810207330238e-23 1.899710351425170819e-14
-5.007614330207361686e-01 -2.018844796813475118e-03 -4.797932748744326459e-25 -4.265637670482980833e-17
3.352602085217517569e-01 -5.371198176349614370e-03 -4.255622513584317623e-23 6.739261142445646666e-15
-4.530157198059445722e-01 7.922984760033311563e-03 -2.187002445456983226e-24 6.903150820551366260e-16
-1.892373302191854290e-01 4.106427919890802414e-02 -3.128650710660936998e-25 2.138080718531693289e-16
-6.989424498027736465e-01 -3.768250681919962670e-03 -5.658853986640597404e-26 -1.310707223026992030e-17
3.552936191630176044e-01 -3.072149339638808457e-02 6.951012658909902438e-24 -6.672273054490085134e-15
8.781476315086389484e-02 -1.369592125037238798e-03 -1.977208427724448827e-25 2.091256181986551666e-18
-6.078815534160177947e-01 1.809211474748814935e-03 3.455951952559173557e-26 -3.342504452405876727e-18
-2.678348232961635933e-01 6.026758891572953775e-02 3.330579804476169513e-23 -4.727882822423257428e-14
-2.218929009907784078e-01 6.763531340392056612e-02 -2.975998392730508442e-23 3.927766009877055014e-14
9.708097203301360167e-01 7.812818066868790212e-02 -1.515867051895107812e-25 -1.011111246702786979e-15
-5.693646300367518620e-01 -3.129380631204024561e-03 -1.571765610037193330e-23 -2.462819918178558496e-15
-9.557042319344695169e-01 3.670065463188496718e-02 -1.048533659570947941e-24 3.234265713720373715e-15
7.631934977953294119e-01 1.061838175359907863e-02 -1.169873326318804620e-23 -8.337346209924495334e-15
-3.865830801146310503e-01 3.437077450951468022e-02 1.520530469627703851e-23 -1.776737580027498623e-14
9.870163207821349705e-01 -2.773225770527038263e-03 6.072577028044077716e-25 -1.461768483245057494e-16
-3.032111063595599454e-02 -3.068400068480779674e-02 1.217645829009795628e-26 9.962631678647081955e-19
6.447050920118975181e-01 -6.974221904762470392e-02 -6.071695184734509916e-25 2.400837815217385392e-15
4.379170340427056551e-01 -1.405592633141924301e-03 -8.226796054270419372e-25 4.453259903479228376e-17
9.437546107802525786e-01 -4.879331461229056977e-02 -3.385175823032552759e-25 1.370871156019744042e-15
3.051536584455998291e-01 1.737040052764228125e-03 -2.547927246215923284e-26 -1.187712799875709529e-18
-4.212040317603715778e-02 8.442343221783137064e-02 2.742957597269973270e-23 -8.577695364177922308e-15
1.926014099528814416e-01 -6.862113115781148104e-03 -1.460585116617426595e-26 1.697618916895187178e-18
8.195390320548168184e-01 -7.039051171600355095e-02 -8.883062009266193131e-23 4.506531996968910471e-13
-3.450457567788509650e-01 8.444552586253213644e-03 -1.002904919015035472e-24 2.569857826266552973e-16
8.086491529385562149e-01 -2.932951186933069332e-03 1.009215525900755475e-26 -2.104965074885474609e-18
-3.795786041216377971e-01 6.517619000054637735e-02 1.773140467257495919e-23 -3.857712298632748670e-14
-4.251978123686004363e-01 8.027532486307503712e-02 -2.117209595197170013e-24 6.355254503659755352e-15
5.119923929137233376e-01 -3.510422279297824300e-02 -1.219456156058472837e-23 1.927458612207338264e-14
-4.771947735230319676e-01 -3.028365497218650677e-03 8.528994986265169740e-24 1.083921491564085756e-15
4.506173110624618339e-01 -3.369393499777274294e-03 2.931059327229383529e-25 -3.913634057844508315e-17
3.405247203573735781e-02 1.840895529599635705e-02 -1.140399714540290457e-23 -6.286818005282744740e-16
5.611605542908628674e-01 -9.431567246287278494e-02 -1.584056908067803578e-25 7.372890453922921170e-16
-4.068724860318537750e-01 7.812535334026550135e-03 1.158441050183516979e-24 -3.238323683458651736e-16
-8.644743987008043362e-01 -8.202057705798139475e-02 -7.078824471683073912e-26 -4.413997680355191388e-16
-5.433769940593078385e-01 -2.022284083177290984e-02 -3.532633900436078765e-24 -3.413799757550982127e-15
-9.204245772658496971e-01 -1.710128291854152169e-03 -4.037886621183045720e-26 -5.589423535300905915e-18
3.376642464361288010e-01 -4.312936092322958159e-02 1.575188025785741260e-26 -2.017374387975806071e-17
-4.397243446414167423e-02 9.980123163346853871e-03 6.335401784284798394e-23 -2.445043409951098675e-15
-4.408253638688597320e-02 4.154262619331400286e-02 -2.651839370082159136e-23 4.270745940872380142e-15
7.631459795027104587e-01 2.080560314008077748e-03 2.172339699900178238e-23 3.033274193161835877e-15
6.009366593838503245e-01 -8.427208596035956970e-03 -8.411055157011920470e-24 3.745923670928523272e-15
2.086848652327584208e-01 6.776275977290012464e-02 6.030363644436491630e-25 7.499314042929092444e-16
-4.235750009110694769e-01 -3.901229379785459139e-02 -3.099354737025087603e-23 -4.504007378165618422e-14
-6.266652343760310551e-01 -6.349928554379116741e-02 -2.021403933803036473e-26 -7.073812558091203961e-17
-5.578508764235101669e-01 -3.193396837090484858e-02 1.181309955289635322e-26 1.850678053178736462e-17
-1.617286150066727934e-01 -8.648861060476002727e-02 -7.036311025108826933e-24 -8.655393489359317721e-15
-5.824289091170686827e-01 1.006413286947645171e-03 -6.467201502092939444e-24 3.333739632431095938e-16
8.164493111979838069e-01 3.810945592582155265e-03 2.401710299703954945e-25 6.571713117282084155e-17
-5.772749697450205719e-01 5.426784493480831667e-02 1.096988564726388986e-25 -3.022201406127022329e-16
-2.710469040155862874e-01 -1.544767107018835042e-03 -2.792374398119420071e-23 -1.028198846272125215e-15
5.714217313887224314e-01 6.384322618470026495e-03 1.523012160099276343e-26 4.886196733148704532e-18
-6.976691216990589250e-01 -2.468157165407172671e-02 -2.553907574299134142e-26 -3.867439149712858172e-17
1.482802561704785749e-01 -8.251716779196459350e-02 6.606696999840451963e-23 -7.108992086722396685e-14
5.792466621471099586e-01 1.364808760207998238e-03 1.037945557551372242e-23 7.216156046356642772e-16
8.705396322170910750e-02 -9.749140869181978017e-03 1.446112315239468055e-24 -1.079326694234534250e-16
4.819684527603491642e-01 -7.375019943859999205e-02 1.629155449425881236e-24 -5.092609047719452730e-15
-6.205045497562622359e-04 4.762790948406155078e-03 6.002058748706889733e-26 -1.559921457990332567e-20
3.303780943050995678e-01 4.315781945076412399e-03 -1.352582623436779081e-23 -1.696018330047886225e-15
-6.155035705594298356e-01 8.416045645281523130e-03 -9.390868798349150550e-25 4.277996571668780244e-16
-3.248750314870159084e-01 -7.187020373146845581e-03 -2.606376339698272624e-26 -5.351781025069131678e-18
-2.426748397511540034e-01 -2.799530244127999661e-03 4.898011459816460933e-23 2.926346257809537774e-15
1.731910154898752552e-01 2.139569318181822402e-02 -4.602365617795788100e-24 -1.499784417415653099e-15
-7.492568172083264866e-01 2.475930636266714807e-02 -2.764077170859623365e-24 4.509364496063212087e-15
3.573882400324415176e-01 8.166125382269186217e-02 5.008147371106913913e-24 1.285373677506201894e-14
6.577685457835253935e-01 2.567761659465022956e-03 -5.030325058320049841e-25 -7.471707502110337851e-17
-7.971342338637261715e-01 -1.713570385040797620e-03 3.500332653706999687e-25 4.204735953233643530e-17
9.925116719223969763e-01 -3.278247085618811452e-02 7.068892012081498669e-25 -2.022668234809512684e-15
-3.672494127280141463e-01 -8.555057084676842560e-02 8.980447338571700338e-25 2.481292669922344579e-15
6.623043765125196103e-01 2.642289420969369095e-03 -9.594723354610295443e-25 -1.476612254648339895e-16
-4.465363861747768670e-01 -1.168407707049842932e-03 5.368120571796070462e-26 2.463029017967014326e-18
-2.321880376013367719e-01 2.732460348857196353e-02 9.775661515017975704e-23 -5.454260363202474106e-14
-4.809527041953185478e-01 1.140189724207409756e-03 1.365892461841221578e-23 -6.587065806258555523e-16
1.243306543552209487e-01 -8.353607981103185545e-03 1.505111275030140550e-24 -1.374728447243547423e-16
7.918805563400703740e-01 2.249051793288952932e-03 6.102817060818846276e-25 9.558406327300914006e-17
4.635331947240621808e-01 3.031184798599947158e-03 -1.305539070243194015e-23 -1.613166253920713863e-15
2.986634633605491640e-01 1.244298650064709459e-02 3.257404221278752352e-26 1.064570388937831864e-17
6.237835789957393295e-01 1.534623815764496121e-02 9.773577447430173631e-24 8.227832286972384000e-15
4.574132294685593347e-01 -3.128990499533528587e-03 5.420871241880270304e-24 -6.823042210400128127e-16
9.446673735649522285e-01 -5.446001065695068102e-03 5.078364145942427418e-25 -2.297610870943045265e-16
-4.422572016745682788e-01 -2.172756446797458052e-02 2.838154709277203187e-26 2.398380180057225845e-17
-6.887882385345200920e-01 -2.297340111747016647e-02 -1.772052297897099022e-23 -2.465945950709635156e-14
7.156230602319284539e-01 2.234021455484449300e-03 -2.363820293761629925e-24 -3.323396236470450348e-16
5.351480781011346277e-01 -7.235547751179912702e-03 -8.122764452423694205e-26 2.765955851930000261e-17
-2.377125571883933475e-01 6.728192516172404325e-02 1.631128687243109420e-25 -2.294218406505501718e-16
8.539021720512003366e-01 2.183894662960013302e-03 -1.075424939419710288e-24 -1.763664239898119623e-16
-1.432736586336134099e-01 -1.619602396896374294e-02 8.231199398223356287e-23 1.679708364085941320e-14
-1.860636646501678815e-01 -3.588269835644902067e-03 4.009233587652206110e-24 2.353986810107684443e-16
-8.423544977885912832e-01 2.153185801796144230e-02 1.104941647837746395e-26 -1.762429486969491454e-17
1.197804484212605658e-02 3.348157665140314571e-02 -1.868796793425152535e-26 -6.590978818986123044e-19
6.953996272215756669e-01 -2.544069315475257914e-02 -1.169211014872734559e-23 1.819082064315155603e-14
7.582031489039233740e-01 -8.355470494006013438e-03 2.433073808104402465e-23 -1.355525767524789217e-14
5.974909875398171089e-01 4.505873180074396883e-02 1.211234132581580642e-23 2.867704673227907342e-14
3.641492250791307228e-01 2.956085700619785501e-03 -1.062274845056301967e-23 -1.005609363359098617e-15
6.433658563420887599e-01 -5.845000210536182433e-02 5.711535791238674343e-26 -1.888823785728324560e-16
2.538788737206902901e-01 5.123480657642049546e-02 6.633589353920602554e-23 7.588155948301590130e-14
9.351923766416039285e-01 5.017708601609275482e-03 1.336751487683002875e-24 5.516365972560568421e-16
-8.407570325436095615e-01 -3.531775368981276107e-03 7.972461014035013509e-23 2.081862232360535173e-14
6.182553857535966202e-01 2.607098743175890153e-03 5.515974143444255786e-25 7.818863125915001676e-17
-6.110273624658135727e-01 -4.173018411242615175e-03 1.434602226769651380e-26 3.216906665690362467e-18
7.753137021295519737e-02 -2.014144175329718889e-03 8.926333603889031812e-24 -1.225849426211928582e-16
-9.728980043762112118e-01 -1.066859445637559052e-03 -3.622560646306063108e-24 -3.306634437128685185e-16
8.980438009174704916e-01 -8.242319416364900578e-03 -1.403338360657470102e-25 9.134932811661713805e-17
4.618390285140898666e-01 -5.579805069763790412e-03 6.457771252192246653e-26 -1.463485135685560241e-17
2.513531632746688338e-01 -1.291091103235192557e-02 4.563238502538450509e-23 -1.302298115796285254e-14
3.160102950238954378e-01 -2.417985620069154108e-03 7.982437680106495169e-23 -5.363971751793046868e-15
-8.617487985506211423e-02 2.241772888947688846e-03 6.327665780527117291e-25 -1.075008335663152456e-17
7.532836378578546821e-01 -3.944098355537593165e-02 1.288901591570837284e-25 -3.367611865586916820e-16
2.892141415203963728e-01 -7.761529941035499175e-03 7.632250498308475242e-25 -1.506660761676293701e-16
1.767261070796133371e-01 -4.630801644338651372e-03 -3.966744040897397657e-23 2.854874806439278009e-15
-9.927941564909332772e-01 9.165031173508362758e-03 -1.376429919087874936e-23 1.101395412629681699e-14
-3.811310148627382599e-01 -8.617068271489555786e-02 -4.517876806109505138e-25 -1.304860876097545438e-15
1.731489219117017253e-01 -1.598263872192841979e-03 1.824810942153154110e-23 -4.441014091343421059e-16
4.389874449206259133e-01 -5.440188266415163683e-03 -2.493525052451799308e-24 5.236917897431306278e-16
-4.401506229903582312e-01 2.529117661974810902e-03 1.876902509715417303e-23 -1.837418440696869539e-15
-4.940605544401928118e-01 -1.576365790159256486e-02 -2.438120973596439220e-24 -1.669892190014047644e-15
-4.417944103308852899e-01 -4.777048707143420961e-03 -2.050669407892220799e-23 -3.806024145585212824e-15
9.359695698161030197e-01 -1.219382943925781219e-02 -4.220771683891558197e-24 4.236329245381357538e-15
2.484378520676684410e-01 -5.521964091357958043e-02 -1.580988979115110358e-23 1.907375442552200775e-14
9.485584356091074643e-01 4.757704630407045415e-02 8.525082698939368308e-24 3.383421993631340074e-14
1.857475005675568447e-01 1.618329543782306675e-03 -8.231598706030916206e-24 -2.176056321254770661e-16
-1.316502779758841335e-01 -1.890710954775168522e-03 -2.774661574241322532e-26 -6.073694463963635801e-19
-1.933627679299909641e-01 -1.029996706032440708e-02 9.255456288260575945e-24 1.621072821049168257e-15
3.971639324923248449e-01 9.042013883675259489e-02 -2.982674293061482259e-26 -9.419694180028846590e-17
-8.911822773430699840e-01 -2.656469464829779373e-02 1.932696047187614289e-26 4.023749430319049997e-17
4.833412531202940787e-01 -4.312630544637358065e-02 5.947655221074655216e-23 -1.090279643656600809e-13
4.227773114143873467e-01 5.059210760579949118e-02 -6.149114257649003222e-24 -1.156652784546221670e-14
7.816579352528727487e-01 4.209789592068445552e-02 -4.125067169938333225e-25 -1.193724634193533842e-15
5.235137505481375353e-01 -1.844828438648336497e-02 -1.321368237648221086e-25 1.122287024222864164e-16
2.255103370250233219e-01 9.883392743798194435e-03 -6.854084684194333832e-25 -1.343439068675878545e-16
-6.702790622770331552e-01 2.821586530860185297e-03 -2.260358432507650435e-24 3.759432914026834367e-16
1.216258219638741700e-01 -2.042333683170857381e-02 8.348805448141585041e-26 -1.823781598484509611e-17
4.719145109574383046e-01 -1.479494963452753810e-02 4.279617934176705135e-24 -2.627712348240192355e-15
7.617406841795877348e-01 5.151157922068353920e-03 2.440161031122494155e-26 8.420279425853041996e-18
-4.078426440023565913e-01 -3.144176964234408900e-02 -1.845611005967623770e-23 -2.081305284108814322e-14
3.746259865000427514e-01 -7.849912430441334174e-03 9.240031106882243643e-23 -2.389638161829670978e-14
-5.760368981773171804e-01 1.606164702849153430e-03 -8.251678957149976948e-25 6.713959294739565037e-17
5.876112819149728050e-01 8.088968748603087705e-03 3.119656845263057999e-24 1.304025573937951257e-15
9.551920838014815729e-02 2.619683852075022079e-02 2.193578821930947350e-25 4.827128305017575714e-17
4.500962204812990475e-01 -6.613090675924595228e-03 9.659484984783561677e-26 -2.528481706073453269e-17
6.250979069736746219e-01 -2.975663838489828877e-02 2.448929725962721856e-23 -4.005938108948411449e-14
6.369652402586982731e-01 5.891495839480395680e-02 -7.212139029490786966e-24 -2.380133948817278084e-14
-3.323879580641269094e-01 2.128288256000235648e-02 2.225889499593656418e-23 -1.384762618149706596e-14
-5.997424925769099247e-01 8.067663455667362440e-03 -1.321572319289391557e-26 5.623407133753759365e-18
-9.051114732825449316e-01 6.769571627504980538e-02 9.873392758799218363e-24 -5.320171980639531061e-14
-1.690509808202951270e-01 -5.415334543779976723e-03 3.542509061346669798e-26 2.852002856985265243e-18
-5.415780848614031306e-01 -2.162488969858594647e-03 -2.577345722611230710e-25 -2.654505696931513197e-17
-3.059276768904755084e-01 7.023599617844057674e-02 2.971777316913754176e-25 -5.615530354906515343e-16
-6.939986696747386663e-01 -7.908022676499136538e-02 -1.718890232969685878e-25 -8.296037149341203843e-16
9.966559669312857750e-02 1.433045631084147809e-03 -6.215519652643913030e-25 -7.806902130161236064e-18
-2.473248026645111786e-01 2.985190161867319961e-02 2.296726398256898033e-25 -1.491231041489995385e-16
7.479369993698756769e-01 -1.635419178419273865e-03 3.434750023524395152e-24 -3.694751546337355550e-16
6.381179805351158141e-01 1.331645793183351689e-03 -3.506206533568701768e-25 -2.620132164740927632e-17
7.412440465168124160e-01 -2.181934230566650451e-02 5.145240669098100029e-23 -7.318204949811537709e-14
-8.836398817093058522e-01 6.893863206279117473e-02 -2.340637480501541130e-26 1.253915081182134315e-16
-4.179118509236685597e-01 2.892194221069531793e-02 4.676869657768513065e-25 -4.971224859026233511e-16
-3.126984537911188244e-01 8.464828410560161498e-02 -6.198740973470819893e-25 1.442923750672878730e-15
-7.539846901425621972e-01 5.041647593704205038e-02 -1.196625591599835955e-24 4.000269952832803284e-15
-4.090183438642513991e-01 7.191547228716494052e-03 -8.523414877635111642e-25 2.204828182134345326e-16
-8.256704441260618310e-01 -6.764421559189312538e-02 -4.126622408806462218e-24 -2.026880461945609528e-14
-6.405324909491660890e-02 -9.791538421546713833e-02 5.579287858019326258e-23 3.077278948903271033e-14
-6.926437071154991632e-01 1.593465488059059385e-03 9.177822699138847502e-25 -8.908164301899094617e-17
4.453984019863643784e-01 -4.234565165740861864e-02 3.277357249756375930e-24 -5.435972611097917064e-15
-1.305944869332655855e-01 -4.454024776692837306e-02 -1.409964820188015458e-23 -7.212432292685977425e-15
-7.536791016483828098e-01 -1.084816748859883991e-03 -2.138406750439788505e-23 -1.537549732187271828e-15
2.115108417370288318e-01 -6.565617783300042865e-02 -1.160524672582497828e-23 1.417289626956429506e-14
-4.155828661879454877e-01 6.450893006149137354e-02 9.070522137543313850e-26 -2.138482795949632909e-16
-8.969864718618403288e-01 -1.023457795322747299e-03 1.349172881873836656e-26 1.089229600569676041e-18
-1.049733263138068473e-01 2.869776164171903600e-03 2.027757312748419883e-25 -5.372036560948973851e-18
2.263321988248967465e-02 -2.906337726194129292e-03 9.419337935862261503e-23 -5.448899535141648787e-16
-6.973100588309555370e-01 -2.077998938710379131e-03 1.242286417763301295e-24 1.583029429612089495e-16
2.689483465921040928e-01 -7.532808826220845078e-02 -3.331264338086370421e-24 5.935139353274214281e-15
6.591731927711030892e-01 -1.314474869225275462e-02 -1.112141949000446531e-25 8.474382203334965149e-17
7.776912217805371785e-01 2.692234426400378147e-02 -2.769331350003031429e-23 -5.099070219727568981e-14
-2.649906105925252664e-01 4.159383484262904607e-02 2.299176368470204401e-25 -2.228577472935767432e-16
6.180616664796863002e-01 1.440874210594710915e-02 4.003810237381030059e-23 3.135648424973105394e-14
6.644259023709002676e-01 -2.090119431700156877e-02 -1.850047428223678807e-26 2.259417667143628367e-17
5.738335429268521803e-01 1.080717362204403932e-02 -5.282084521311539740e-26 -2.880709111242724939e-17
-6.364106070703774432e-01 -3.330632929954720212e-02 -2.580328516581468170e-23 -4.809890432244343027e-14
7.563861758230636667e-01 3.498976854851275353e-02 -2.286341322422943114e-23 -5.321348700134004568e-14
-6.622480053612174178e-01 1.437751836744636559e-02 1.651546760821081972e-24 -1.382902191512373015e-15
2.440096005142644575e-01 1.235825814023229323e-02 -7.482082424713746569e-26 -1.984187297412555801e-17
-6.703799973899877696e-01 -3.952536085142852040e-02 3.148155011873362175e-26 7.335825630316880964e-17
-8.856654331769588939e-01 2.021352081886649069e-03 3.432668479090966002e-25 -5.404300921667026025e-17
-3.039347865957098271e-02 -2.767453685171131217e-03 1.821921558570076944e-23 1.347678954225741532e-16
-7.572687952745535966e-01 1.035596440897148737e-02 -1.617966319200537311e-26 1.115850693166394960e-17
7.803035502650592647e-01 3.189591593200852022e-03 -6.381919882743896064e-26 -1.396837896644022063e-17
5.847491086097538204e-01 -1.065745680257980691e-03 -1.048015394751157742e-24 5.743634718597065211e-17
-1.218152733436350665e-01 -9.099823917131304868e-03 -1.029065041189287846e-23 -1.003167740872301782e-15
-7.447036120222223499e-01 4.699387173693684618e-03 -3.886325107296680567e-23 1.196078864448175102e-14
1.616012994524429480e-01 -9.213429703512776570e-02 3.075503621659680112e-25 -4.026970224023024460e-16
9.670334788825272199e-01 -9.432095887509430246e-03 3.496278105275326003e-24 -2.804475741459613698e-15
2.178019287686425720e-01 5.601335562272619778e-03 -1.767491422325171431e-25 -1.896298176860806471e-17
-7.628757116986952802e-01 -1.150380145510232445e-03 5.258593696208090978e-25 4.058455444996218954e-17
8.421795635801609947e-01 1.505686670216095299e-02 -4.374975604858204917e-25 -4.878776690934394474e-16
-8.029958478594310112e-01 -1.331418594028270161e-03 -7.608652649717397844e-25 -7.153715688858076458e-17
6.898364742275278072e-01 2.694770731499544422e-02 -2.395470395096283876e-23 -3.916109108607098488e-14
-3.359031332971229578e-01 -3.132259403688685689e-02 -2.772090734957615738e-24 -2.564928235080951694e-15
-7.366650687919236162e-01 -1.706337981765063821e-03 -3.297230736075787695e-23 -3.644856837716147892e-15
4.900775978448677073e-01 1.282336518180462754e-03 1.478991285451354135e-26 8.173884116982065077e-19
-3.830509457388850958e-01 -7.592986943716702360e-03 -8.027618279964119727e-24 -2.053297628726758865e-15
-3.249916501703222771e-01 -3.877074507466052138e-03 -6.876678492268903748e-24 -7.619931558768126904e-16
-4.983813728708572643e-01 -5.480213613257671479e-02 7.779277944128147161e-23 1.868506350295134696e-13
7.326213063241548973e-02 1.049925335651860853e-03 -1.564241928267429871e-24 -1.058127212457222940e-17
6.139628523940483529e-01 -6.655815079449405210e-03 8.646212262078304594e-24 -3.107171579613399852e-15
-6.279031669362054036e-01 4.363979762948184266e-03 1.041948609676013922e-24 -2.510832267669551357e-16
2.297099497203940466e-01 2.224268301124088069e-03 4.595869894409930696e-24 2.065050636486160435e-16
-2.709081804860495879e-01 7.276409589016630264e-02 1.446816806921945973e-23 -2.508122835890089135e-14
-1.218884708272733874e-01 1.059023180407141348e-03 -2.032838879227642169e-25 2.307634660519011339e-18
-5.414129921045021110e-01 3.886770991559750782e-02 -5.721082561191013250e-24 1.058746143477832142e-14
-9.248218212651757586e-01 -3.622197951976030561e-02 2.378986197459382266e-26 7.008388555550320303e-17
2.378238991040499961e-01 -2.207901156434461526e-02 -2.895313427822491838e-24 1.336985529579090715e-15
-7.162422548122169275e-01 2.836686347855242596e-03 -1.203188461891476437e-26 2.149814145343431363e-18
5.043040370083284873e-01 -3.091372520000416207e-03 1.537422979209778847e-24 -2.107818224321422467e-16
-5.220072937407369551e-01 -7.041303359528024164e-03 -2.040078883666045164e-26 -6.594359013328017735e-18
5.753430897830424939e-02 -4.899995349195509185e-03 -5.519113694044492200e-24 1.368320741243936254e-16
-6.154836774981007341e-01 4.925323624578792879e-03 5.027059601090488054e-24 -1.340174487865250708e-15
9.499486653548419035e-01 6.024962819129935782e-02 -1.887583719284637846e-25 -9.500724643120326532e-16
-5.006643618122021966e-01 -1.755125228453754960e-02 1.198589515376001370e-24 9.262351587457304119e-16
-8.084962427668138663e-01 -5.621521851967028333e-02 1.775792763174598129e-25 7.097741713021708550e-16
2.182069052215849236e-01 -2.767251401344347165e-03 2.195331823229914253e-24 -1.165771084924701363e-16
-2.891077959837420330e-01 8.884734229440631459e-03 -1.909431829157427427e-26 4.313247727198801072e-18
8.127308476592802755e-01 -5.604562194833853477e-03 -6.394795645204748354e-23 2.561598780371656862e-14
-9.003623743241584432e-01 -1.169516851537050900e-02 8.095963741076092059e-23 7.497014942938258197e-14
2.177570676372044822e-01 9.737333566373291074e-03 8.390075909585907791e-23 1.564495065572675489e-14
8.037270913499630076e-01 8.274454863025831886e-03 -1.530884626055785510e-26 -8.953368524989934453e-18
-7.835461459282959673e-01 -7.097268951916277900e-03 -2.229426575887002075e-23 -1.090297499606022870e-14
4.036243135161199369e-02 3.927677581235705651e-02 2.741429083690642265e-25 3.821960245635983794e-17
9.366639750902081563e-01 -1.573362961565225471e-03 1.052754070392397836e-23 -1.364381019308835484e-15
5.964099120521382247e-01 -4.385589165082207780e-02 -2.667205957981480646e-24 6.135152336705226073e-15
8.358445893865529275e-01 -2.833318580321212560e-03 2.484920523814956293e-25 -5.175227532041371686e-17
-2.098633043508191243e-01 3.814995681921810964e-03 -3.456041429571711213e-26 2.433355141771066365e-18
8.307656243333205737e-02 2.606688208771690968e-02 2.156409672599899676e-25 4.106717953424707709e-17
-2.300135130025862118e-01 -1.103096906072711676e-03 1.740746374181762651e-23 3.884172571363278843e-16
-2.060605896750065114e-01 5.081746690469613609e-03 2.791694229262885624e-24 -2.570820772859080798e-16
3.715875571726008353e-01 -3.275425629611960349e-02 2.159960259490440999e-23 -2.311908634755045654e-14
-8.604550162350146358e-01 8.909353798623821652e-03 2.345767321194673213e-23 -1.581449427837954357e-14
5.108925178386685140e-01 -1.874618995121336883e-03 -9.607656949301707460e-26 8.092003161808304516e-18
-3.083380200896601586e-01 3.431629874412793491e-02 7.529928163894355392e-24 -7.006713384664656805e-15
2.677128515675493148e-01 -6.837434598978960922e-03 -2.437190535642977284e-26 3.923267210491022411e-18
9.307787856145219862e-01 -7.032904660568119193e-02 4.348121561796482564e-25 -2.503103940731721411e-15
3.308691039806577194e-02 1.009627710464536081e-03 -7.715937132523311428e-25 -2.266742345998734413e-18
-9.564890219334665211e-02 -1.613898235252792836e-03 7.160373177990105216e-23 9.720481854690253564e-16
-9.932024017202512045e-01 2.085299651373481288e-03 2.342292587609914712e-23 -4.266221264557286427e-15
-2.291922985641079435e-01 -1.303439476337335361e-02 -7.939592698319863715e-25 -2.085859799917062244e-16
-3.693530389567756256e-01 1.399151747152468754e-03 -7.013470604898552016e-25 3.187391992152962434e-17
-7.577334046198294093e-01 4.831189270072264175e-02 4.355888393857073497e-23 -1.402307412410119869e-13
-8.928115719604272638e-01 3.375891923988672688e-02 2.352897034863202572e-25 -6.236591063034696078e-16
-9.011091786783840263e-01 9.403105186118011771e-03 1.015562540018876181e-26 -7.567481731085687029e-18
1.073293327977704603e-01 -4.435526036549822249e-02 -8.465163482527856144e-23 3.544009787753343995e-14
2.730460234895903948e-01 2.348061816822227810e-02 3.530879885306528355e-23 1.990784847423207598e-14
-3.019487099317073042e-01 -1.118759732468233405e-03 -4.893926000800949258e-23 -1.453862729866668133e-15
-9.232640207088893547e-01 3.108448414051977887e-02 -3.340999127780687868e-23 8.432220188499227968e-14
3.095169849045023014e-01 -3.668889273489304818e-03 3.426229397235464777e-24 -3.421618051916478827e-16
3.078661887320583990e-01 1.813550335102424513e-02 6.797161566833850151e-25 3.337453340266727497e-16
3.146030545433815551e-01 3.059361339270177949e-02 3.363010703674721852e-26 2.846544379454643080e-17
8.591074152259552399e-01 -4.078104543873442567e-02 2.938316409007697801e-25 -9.053163905757867602e-16
3.433872911565367669e-01 2.748813626507553426e-02 3.052233014031557157e-24 2.533630034645586989e-15
-8.714571552539811528e-01 4.214615046893428058e-03 1.417503766793975162e-25 -4.578510087766207898e-17
-7.231193227432834991e-01 2.282666727776443485e-02 2.528735739218510059e-23 -3.670725612613125171e-14
6.394775040334967908e-01 1.248808403419446843e-03 -6.395100382178858132e-23 -4.491221247349174341e-15
8.684399589764331129e-01 7.525908620566822312e-03 -2.189042417642919790e-25 -1.258197785297137050e-16
-6.053819311713641849e-01 1.515420295701611596e-02 2.462738734703414146e-23 -1.986904051245942752e-14
-8.767196483759853720e-02 6.266336895619750713e-02 -9.978800287110384985e-26 4.821129653133053330e-17
6.786573673836016063e-02 1.359318917020678344e-03 5.030765027720149287e-24 4.081332357863857771e-17
9.613176491654791267e-01 -2.708223676022137455e-02 4.826333388705560546e-25 -1.105006327639271276e-15
-7.215689906615203597e-01 -5.860615417425430601e-02 3.670555431717162690e-26 1.365050982248309328e-16
-6.278084156243928238e-01 -5.749097142608327812e-03 7.481883487241614160e-25 2.374836532553991005e-16
-1.999269882470071646e-01 -8.785992037659361154e-02 -2.663046842319257925e-25 -4.113741851249655295e-16
6.802751796778336857e-01 -2.763574892973870607e-03 2.508229641273444502e-23 -4.146857963832371545e-15
1.525194814011563427e-01 1.255945790834157557e-03 -9.640307050412060767e-25 -1.623988994287912230e-17
-4.579535001858132670e-01 1.493680547279517892e-02 -8.499581246020975363e-25 5.112962855796645817e-16
2.560446551259982773e-01 -3.471718236682813478e-03 3.254521439182957916e-23 -2.544153568516905095e-15
3.538949093516590150e-01 1.084212857776266706e-02 -2.955671585340554355e-23 -9.973349664780775061e-15
1.453147027111860723e-01 -3.145284641290621575e-02 1.273517074039405343e-26 -5.118825022436665726e-18
-5.363751147251341056e-01 -3.115958606264681088e-02 -2.967926465833088779e-24 -4.362238807168075216e-15
6.758983452588638308e-01 -3.782370780341016286e-02 2.944187003728546338e-24 -6.619220897895362631e-15
4.470371528107979220e-01 3.566433381719033048e-03 -8.540756556819571661e-24 -1.197484988659270912e-15
-3.691310450631990481e-01 5.836062371440396690e-02 3.970502992268707733e-24 -7.522150613103033334e-15
5.248214485263400508e-01 5.400025843003976658e-03 1.053201493646681752e-23 2.624912799065932460e-15
5.923116965449741755e-01 2.649240304577406887e-03 -1.636317239848221786e-24 -2.258058394737377996e-16
-7.594439627582001417e-01 1.081178518392158757e-03 -8.144295646716010201e-23 5.880884814683496524e-15
6.533066059130243630e-01 2.334336890330455851e-03 -3.055977872302668290e-23 -4.098517450877066453e-15
-2.752198627845983125e-01 2.354374246270197341e-02 1.797606240121594690e-26 -1.024344028054718075e-17
1.792409603736140333e-01 3.033761864375900813e-02 -7.304280388074226693e-23 -3.492948531213120751e-14
5.196596683603207367e-01 4.805768187941990288e-02 1.019050460386156691e-24 2.238069248238161837e-15
6.504702173846637070e-01 -5.054545345513498239e-02 4.360412668831047968e-23 -1.260761989260165227e-13
7.526755088133412208e-01 5.884150525851507621e-03 1.466714693753738697e-26 5.712591931240124793e-18
-1.848385225438242685e-02 1.416009798620001267e-03 2.487919469377669035e-24 -5.726523748491697060e-18
5.005412479532294068e-01 -4.413019298694463056e-03 -3.028435664486730411e-26 5.882880832210062516e-18
9.583587536758537695e-01 -3.168523993817433642e-03 -1.645093572987567789e-26 4.393106383412438036e-18
-8.777739352011728613e-01 1.218844337812881665e-02 -1.058675988208479483e-24 9.960702937047795134e-16
1.602097808728326633e-01 -4.612172210022662776e-03 -1.374600252330214066e-23 8.932375274340344127e-16
-6.301011310749493610e-02 6.220887819917987616e-02 1.867690891269635442e-25 -6.438187642281964644e-17
9.872883433801098452e-01 -4.971602396639398722e-03 1.257644542580474049e-24 -5.428680833319390550e-16
-6.331891872536068444e-01 2.752283653439450452e-03 6.731581243213609292e-24 -1.031667555215106104e-15
-7.159026360498095265e-01 4.114053745144421320e-03 -8.460389727004528012e-23 2.191342652904099582e-14
-7.143548628184559490e-02 8.685596493906435137e-03 -5.387887614853646728e-26 2.939870386222921173e-18
1.937578966295001592e-01 1.350576833637624459e-03 -1.408763907664223281e-23 -3.241999355375963162e-16
-7.770032449823904841e-02 -4.269920525498729219e-02 -1.952506944266026864e-24 -5.696803135062534803e-16
-9.020346842282929156e-01 -3.107238948809615611e-02 1.135516581600597705e-23 2.798899920857712643e-14
-8.945972348988324718e-01 2.741835429008914089e-03 7.881842320691192514e-24 -1.700171289810915306e-15
-7.748117465908814783e-01 2.067327336009081116e-03 5.519139257394380738e-24 -7.774505874928958482e-16
5.729531536177823181e-01 3.084772138977042496e-03 2.369114388074926679e-23 3.682342959477339474e-15
7.706173357267589452e-01 -5.560266923411301757e-03 -2.758741468104661923e-26 1.039540511264023613e-17
-5.149871479074561442e-01 -1.807429910067012008e-02 -3.593713114926795430e-24 -2.941692414568840026e-15
4.513381053261895648e-01 -5.132564204537253677e-02 6.037124447324196994e-26 -1.229879381861541285e-16
-1.905764517168149208e-01 5.309677452587715195e-03 -7.525610793914465572e-25 6.696920304257176583e-17
4.854729684012295543e-01 -7.821488852179304258e-03 1.375764551706487621e-24 -4.594038168216315220e-16
9.370177505164187792e-01 -9.871004826627480938e-03 -2.592019641798213527e-26 2.108353702207123957e-17
4.228628956154387719e-01 1.729998504437467227e-03 1.537040244975222154e-24 9.888411849117928715e-17
-5.524829180001780138e-01 -1.391368217404835485e-03 1.483883775794462871e-23 1.003129079455288350e-15
3.881320242951977750e-01 6.634234395237169346e-02 -6.654892389004438240e-24 -1.506979437492669814e-14
-4.811902712032034568e-01 4.198389919823918709e-02 -2.913091577180154596e-26 5.175469416951592941e-17
-3.642606218978652333e-01 1.771408768167297490e-03 2.179681425067483331e-23 -1.236858557836008212e-15
-9.672944232885336557e-01 -7.112670451609183833e-03 -5.792097998494489042e-24 -3.504477473312623134e-15
-6.095398047227820193e-01 -5.921379634044087251e-03 -2.124127489722936725e-23 -6.742198847612873762e-15
4.944016994634210516e-01 4.086740155580956962e-02 -2.847934477957128187e-26 -5.060378171957048520e-17
7.680640758298551418e-02 6.430363162943400490e-02 -1.614819804711242237e-24 -7.013794238956420396e-16
1.265911357160174333e-01 1.007356629508183651e-02 -4.897508191684154644e-26 -5.492343823759678183e-18
-1.418788562725370461e-02 2.242757432149949937e-02 1.195729196576987607e-26 -3.346022194938529916e-19
-8.184429768418925999e-01 -2.516322255545679412e-02 2.059906863883940838e-23 3.730768232692089917e-14
-2.329469924106233325e-01 3.781696886626671576e-03 5.113383586678950553e-23 -3.961395437429161545e-15
-3.536026702242784925e-01 3.368738370454679980e-03 6.866799721187364998e-25 -7.193383267177529295e-17
-9.640958998114679268e-01 -1.480714200158822838e-02 -5.487701292631129927e-26 -6.889345121668152643e-17
-7.976902324497898711e-01 2.976194974135820681e-02 2.738970596314320094e-25 -5.718459156177023061e-16
-7.025951473077551857e-01 1.448982568105606356e-02 1.575235631263812002e-23 -1.410294570060659076e-14
-6.509956267888232784e-01 -4.447322665156464711e-02 -2.393347693228850868e-23 -6.093664037027365351e-14
1.299565911955924413e-01 2.778363191528729695e-02 6.117777125822653220e-23 1.942571351070979104e-14
4.060535147343611317e-01 -1.127371410740568916e-02 -9.767646773745558769e-26 3.932205782355500080e-17
5.247761098599341700e-01 2.249740325483026888e-03 -2.482156033428614140e-24 -2.577101523626180717e-16
-5.110277575662269811e-02 -2.791361392666549465e-02 6.380786783831122838e-24 8.004437003387654401e-16
-1.927339705082991017e-01 1.324708309453553022e-03 -2.295831916417327904e-23 5.154833216350669104e-16
2.897170953981433872e-01 -3.075421380621143688e-02 4.351380966064826537e-26 -3.409587653922780684e-17
6.118319696864638058e-01 -1.788739699676818781e-03 -3.450790068724789860e-23 3.321190996425423194e-15
-4.793536180421544834e-01 3.845333292790413526e-02 2.858278120366178818e-25 -4.633300659755029946e-16
-8.753527478744185242e-01 -4.918663318430897824e-02 3.361264603854698148e-26 1.272708363566831256e-16
-9.344780998925643622e-01 4.771543951294148628e-02 -1.214186624449940710e-24 4.761124093812063433e-15
-2.264090782560388426e-01 3.259894323594638658e-03 -1.047440959612473041e-24 6.798653561665083564e-17
-7.720583721788334408e-01 8.424675635513544092e-03 5.164963858604603830e-26 -2.954381756458446585e-17
-3.256528035619812300e-01 -4.008388398570081335e-03 -9.562141226591804270e-26 -1.097680051905638863e-17
-4.084577765202990207e-02 -7.410722501381265294e-03 2.406580952568099184e-26 6.406254612881035709e-19
6.413147116218895771e-01 -8.497796205921082438e-03 5.160394924319369013e-24 -2.473184146916686004e-15
8.260318946178941690e-01 8.561864721405318054e-03 6.197703667246467622e-23 3.854712444167278654e-14
8.261755548808653593e-01 -9.157344942307990565e-02 5.526776571361112829e-26 -3.677137100811551858e-16
2.714471311130048914e-01 -3.712725712248606501e-03 9.674278454749635380e-25 -8.574182153376027502e-17
-4.499764354298119162e-01 -6.243122271023034825e-02 -1.187744194816994252e-26 -2.934340639349133600e-17
9.387276484051920722e-01 2.800481769669145929e-02 -1.571042262085583559e-26 -3.632086873507430339e-17
8.630746670085995831e-01 -6.462593119455875557e-02 -1.126603442734452831e-24 5.526144764556647776e-15
-3.909696728634981522e-01 1.471161779038612609e-03 -3.284918192188218585e-24 1.661590738842604689e-16
8.275222606109282619e-01 -1.045530608087313603e-03 1.052531660231574555e-24 -8.008434083398837785e-17
-3.470909773916632801e-01 -5.917655954884443181e-02 4.138752322977271400e-26 7.475813775145096268e-17
3.548418823278318701e-01 -6.953885185690111652e-03 -1.117429098087800423e-26 2.424813642808977982e-18
2.639759540555812745e-01 1.964253709192516784e-03 6.026716809764124071e-26 2.748139251980284060e-18
-8.386697020297435579e-01 1.044371126609225158e-03 -5.026799137354308246e-26 3.871982115087822852e-18
-1.168211293842276177e-01 -1.810262894915633594e-02 1.556561065852544924e-24 2.894844325517046189e-16
-4.912387877589003971e-01 -3.342800780353614998e-02 2.085048172381635043e-25 3.011031087546987851e-16
-2.537705934701119936e-01 5.787319092507636764e-02 3.121896974842551596e-25 -4.032118536515538666e-16
-2.358857665749183319e-01 8.431583788230054277e-02 -9.187096439229446866e-26 1.606886388472512926e-16
1.036760643814225169e-01 -5.953772493861169378e-03 -6.458300079987119426e-23 3.505782418183171591e-15
4.144306085513729254e-01 2.766236965955256796e-03 -1.610186434621423540e-24 -1.623354495458524287e-16
-6.174394518353190087e-01 -3.045585308566262778e-03 -1.039054684784511744e-26 -1.718302213828163309e-18
6.250332539231928664e-01 7.621533463121939016e-03 9.429230264050784427e-24 3.950187646415274081e-15
-1.300838895591642785e-01 3.915514385926840979e-03 6.291717696181194333e-23 -2.818237349834271270e-15
3.796394070924069553e-02 1.959752296525053492e-02 -2.283237257912273400e-24 -1.493893066092185116e-16
-5.281266084136058137e-01 -1.478142118137774734e-03 -7.078205624986889978e-26 -4.859296689139791451e-18
-4.703008005991993201e-03 -5.976102508695105980e-02 4.375052178880055068e-23 1.081366705261235883e-15
-6.421141900270652680e-01 1.113704958989162035e-03 2.959455297935361085e-23 -1.861187836684970381e-15
-2.457184727524162060e-01 1.904946986586166088e-03 -1.492510399052542158e-25 6.143757530012712676e-18
5.145656550892530046e-01 1.223890403905788550e-02 -3.268577059390824991e-25 -1.810247906552844257e-16
-6.151645300985584264e-01 2.994071882343622270e-03 -6.094601635860984206e-26 9.871765571073853850e-18
-5.638372648780460850e-01 4.848825782629102334e-03 6.057002286643457182e-25 -1.456277346912461529e-16
-5.055191004642356489e-02 3.962367649289786492e-03 -1.785341600608321890e-25 3.144920444401934782e-18
-6.448059592462882517e-01 6.628945205325817783e-03 2.758726769307119511e-23 -1.036998578594959080e-14
-1.782706508975016035e-01 7.037623467425709045e-02 2.355555090934990484e-25 -2.598933358240603815e-16
5.502659179371032216e-01 1.161745217275585683e-02 1.051013240072364727e-26 5.908642244404236042e-18
-7.521361683087386396e-01 6.692452173259717980e-03 3.849447978011689770e-26 -1.704025952182923945e-17
6.659124636727109525e-01 -1.438656226181075394e-02 -4.073195744619706857e-24 3.431669500012712591e-15
-2.507946731195829226e-01 3.338281704350051782e-02 4.488686765546673398e-23 -3.304886815266562300e-14
-8.009676473133440222e-01 1.671527484951686529e-02 1.588203754610382821e-23 -1.869953104423654690e-14
-6.777622272389118852e-01 -7.917232194919045229e-02 -1.541024160469473688e-23 -7.272038865881799071e-14
7.436543280648333365e-01 -1.635754803278771999e-02 2.022427561727630279e-26 -2.163506925213384077e-17
7.976625725572819015e-01 5.247626966616036372e-03 -2.451138517865737743e-24 -9.022897523696073664e-16
1.932073502855569114e-01 3.509116674475312031e-02 -2.540700225532398697e-23 -1.514854353074387925e-14
-8.454750739688168260e-01 2.057765518808137972e-03 6.141809354085267323e-24 -9.396995651462537711e-16
8.592045490288233722e-01 5.214559940328503118e-02 2.461149257966005143e-26 9.697240900655048265e-17
4.753521455474838397e-01 2.508328543723448417e-03 7.654828404072889354e-26 8.026594788544904754e-18
-4.890710959062993801e-01 -7.666058938012217279e-03 -1.314866475446438336e-26 -4.335326430767198566e-18
-9.777016275248227029e-01 -1.388354488045589509e-02 2.125198883820638947e-26 2.536893794512160982e-17
8.348427697238227640e-01 1.719445053731550026e-03 1.896594902679232736e-24 2.394217339441485658e-16
-2.500182165738871198e-01 -1.552406937891414153e-03 2.843360044372854733e-24 9.705213297176128405e-17
-4.889377233367619979e-01 3.798674125367317803e-03 6.304095226746844910e-26 -1.029684913438861176e-17
-6.328490306011014255e-01 1.562656947877690342e-03 4.594768093383605401e-26 -3.995980528828325942e-18
-4.245416878687875428e-01 -4.881763004111450838e-02 -4.166183093397643160e-24 -7.593314477166596522e-15
-3.085235357195337258e-02 -1.737247055847155382e-03 -9.675008574816999968e-26 -4.560340210016214189e-19
2.180275552243624571e-01 -1.544284279760922479e-03 2.635379272298034869e-23 -7.803290258936730858e-16
-4.938506074285189396e-01 1.367327911756828669e-02 1.768607081765031066e-25 -1.050257113093610296e-16
-8.768083292104071891e-01 -5.539109458441498698e-03 3.002503591856268180e-25 1.282401891761319668e-16
-5.240457754172631599e-01 8.179685103552543357e-02 -7.326186173533183798e-24 2.761720732178483354e-14
9.491275362313820185e-01 6.917155667285015963e-02 1.919859237669764066e-25 1.108453581340630890e-15
-5.441913842743864027e-01 3.338394867080345108e-02 2.462985951579891161e-23 -3.935023231473740164e-14
3.079877624941518288e-01 -4.498565351271844454e-03 -1.750763804987296398e-26 2.133197443046836878e-18
-9.369557836233786130e-01 -1.126867705982713581e-02 1.258597961837510159e-24 1.168624679721698738e-15
3.169399563079906557e-01 -3.844189648746742377e-02 5.315463735830812328e-23 -5.695330858260911679e-14
7.842966333701286707e-01 -4.973369558796964483e-03 8.834993361781922103e-26 -3.030632738705630817e-17
-9.433285014200571972e-01 3.214746664369251983e-03 -1.946173926659898797e-25 5.190239050108469117e-17
-7.608570228007540681e-01 6.141087002246716636e-03 1.822431541521884512e-26 -7.488511953591146716e-18
8.672689439494769559e-01 -6.889302715510152442e-02 -1.389270371816095235e-25 7.299814720208001444e-16
5.220658361759304977e-01 -1.936286216259242238e-03 -8.155410226758982382e-24 7.249977181955194946e-16
8.467386389564461879e-01 -1.628686236384753417e-03 1.777278000268622733e-24 -2.155451076818855293e-16
2.211068123142134745e-01 -1.138018609527190195e-03 1.460054169760613978e-25 -3.230847480414498193e-18
9.703199044489203562e-01 -1.116527894757218808e-02 2.985040756789613408e-26 -2.844007802661445528e-17
2.950403284219587086e-01 -7.165900467100237183e-03 -8.965176288222849974e-24 1.666890181819570907e-15
-8.898570399903651396e-01 -3.392386867745807773e-03 -1.815078746283744017e-25 -4.818557943369703937e-17
-7.261187556801116383e-01 -4.899826880578036364e-02 1.702933106015726360e-25 5.328217928179811741e-16
-7.030872599110444821e-01 -1.595365108155288609e-03 -3.613271861288056619e-24 -3.564231936331786222e-16
-3.270284539676262536e-01 6.135829284064549943e-02 -2.377546493688114844e-23 4.195500989429773252e-14
8.960529313856677724e-01 -9.804333814379709647e-03 -1.495368838888955925e-26 1.155303479141313414e-17
2.995644724351869126e-01 1.689034572975692261e-02 1.490319683973534475e-24 6.631385618443997170e-16
-5.012427633630966994e-03 5.878479631148140518e-03 6.238373909487468173e-23 -1.616517963855761456e-16
4.021291019614539053e-01 3.349716147147890205e-02 -4.276564544616738788e-26 -5.065992495880920383e-17
-1.330425858469026501e-01 -1.949101391669370289e-03 -1.938769305907057418e-23 -4.421272110581093944e-16
-1.781385800657673268e-01 -3.925890494202523978e-03 3.275276243933206058e-24 2.014373981881699604e-16
1.877581775849561652e-01 8.821205205431021518e-03 -5.353107034250902148e-25 -7.797021176855179888e-17
7.059158136440646381e-02 1.072193377586772543e-02 -6.638505839874762340e-26 -4.418678190647594291e-18
3.899151084157275182e-01 2.021140913049897236e-03 -6.874930182670452753e-24 -4.764649401853987344e-16
-9.712716378688650565e-01 -1.281038653400877816e-02 5.528557784378881799e-24 6.049379004842647375e-15
-8.867860763619503928e-01 6.518789450672264618e-02 4.827801718002064509e-23 -2.454320330321490243e-13
8.305690517406094653e-01 5.464226267021169044e-03 -2.432649276548219004e-25 -9.709121129255274212e-17
6.207167773782584774e-01 -6.309026509672887792e-03 1.921387480451489159e-26 -6.617086216312273775e-18
-8.625468330814229923e-01 -8.885268220087996424e-03 -1.973305685052312520e-25 -1.329975359283011340e-16
8.888755289251335512e-01 -1.231420234761314812e-02 -9.023920123771593866e-26 8.686373082634846469e-17
1.303008095464543992e-01 -2.776133394371817220e-02 -7.012811277228279169e-23 2.230876847392058279e-14
-2.764950155342604798e-01 -5.153728151948725952e-03 3.569373063991224585e-24 4.472977932142467864e-16
1.856657642504968564e-01 -1.241318878056899867e-02 1.350837117828819597e-24 -2.737878527193071279e-16
7.000278449838788219e-01 -4.362397548115067719e-02 -9.467342763652842070e-24 2.542521635091784289e-14
7.925507538811298325e-01 -5.749901281800114811e-02 -5.147082339440335079e-25 2.062740464112101930e-15
-2.937000764774611028e-01 -3.712271661964465942e-03 -1.638067317335092936e-24 -1.570621562589698055e-16
-3.914484964946673973e-01 -1.084981569794631453e-03 -8.676785401423667101e-25 -3.240797141395348654e-17
-4.798920565447131192e-01 -3.885714040114813562e-03 -7.792872086481695006e-25 -1.277932590578769860e-16
-9.111743959459037701e-01 -7.848879250555716378e-03 -8.467970116821970763e-24 -5.325795329046067520e-15
-5.078793546480828702e-01 6.378466864686220539e-02 3.338421050002704315e-26 -9.510732641020929974e-17
-8.326785220522630038e-01 1.440488473186045740e-02 2.320570902356266233e-24 -2.447811623694934880e-15
-7.337876805333625185e-01 -6.590056898528030838e-02 -1.309971659561071004e-23 -5.570798896141866144e-14
4.258007627582471866e-01 -3.945333133681075410e-03 2.594602496563595551e-23 -3.833159993900813985e-15
-2.251304886713396680e-01 9.383780968211056020e-03 1.732181015232926079e-24 -3.218114194246025757e-16
-1.649923427401105425e-01 7.460388182749076377e-03 -1.752533090743579222e-26 1.897087847055878600e-18
6.464009600795204147e-01 -4.172931465575670240e-02 -2.103590746244966682e-26 4.989999440396502698e-17
8.215866938592160107e-01 -5.026775961720535146e-02 3.199125115972736944e-25 -1.161903747159301351e-15
4.735115636313571574e-01 1.008147017781277355e-03 7.730277872781798143e-24 3.245230618307935529e-16
5.828760174428471164e-01 4.370626294014601232e-02 -2.551353737958583589e-24 -5.715925208637458784e-15
-5.376850849441394686e-03 -3.140490928716777215e-03 -9.646290656351179846e-26 -1.432457932959161601e-19
7.483848298882671557e-01 4.358699853503038985e-02 -1.107263971398596385e-24 -3.176355541348432901e-15
-7.433254662552764014e-01 -5.302309595858923676e-03 -2.594953102854289918e-25 -8.994346364673065591e-17
-4.824832624564880934e-01 1.857770966593583206e-02 9.970842468660870991e-26 -7.859633202438549752e-17
-3.473606937690236762e-01 -3.377216797439204238e-03 -6.710123438990932559e-26 -6.922550363050755448e-18
1.300391467478623220e-01 -7.841807372465718975e-03 3.117998119409484245e-25 -2.796160719609238027e-17
-8.944682418133702573e-01 -2.076559185623298720e-02 1.832689148202871527e-26 2.993601914635502181e-17
-5.498801895942737605e-01 3.367061914381611759e-02 2.746243198601755956e-23 -4.471509634044515131e-14
-7.596139577896403594e-01 1.154410230276618592e-02 -1.957617693156474777e-26 1.509652480418577975e-17
-3.645020665106142310e-01 1.299354333506966795e-02 3.113462591982368973e-23 -1.296782814551882699e-14
-1.426718473724859493e-01 -7.779308223621704023e-03 1.093105869523381753e-25 1.066933841034703626e-17
4.890995660152437363e-01 -1.636630542746454146e-03 1.885496091709286594e-23 -1.327301441429553448e-15
5.572362489441817779e-01 -2.506241781683143932e-02 -8.288581200315723281e-25 1.017978305603114076e-15
-7.682122531143198430e-01 -6.376047476556567783e-02 1.319940586022192875e-24 5.685689716734735454e-15
-3.967306091292823744e-01 4.744297892462214991e-03 -2.052651328036634258e-23 3.397651605444802383e-15
7.968075787508395180e-01 -1.691115661912013374e-02 -5.899372038252848201e-25 6.990826979009092878e-16
-9.276314056383343498e-01 2.487724662790468094e-03 -5.039962853564656811e-23 1.022824426708791045e-14
9.748502890510588603e-01 7.886733337713994207e-02 7.200703742997256752e-25 4.868621641732887908e-15
-2.145403699614392146e-01 -2.236171231433302983e-03 -4.856574642012437898e-26 -2.048991465041812283e-18
-4.857777744857443292e-01 4.946211745588979282e-03 -7.457470106677064596e-24 1.575788282682423913e-15
7.008653581475432492e-01 1.213399467742820939e-02 2.986020976306694747e-23 2.233198097583935301e-14
4.812323678699985674e-01 -2.228556335293725970e-03 -3.667355135917480356e-23 3.458815652085732120e-15
4.415080907216324402e-01 1.828451261719298612e-03 -4.243900938534273493e-26 -3.012890120661679841e-18
-3.580951742454339115e-01 7.188515427957308836e-03 6.151582923499749248e-24 -1.392581304971639072e-15
-8.963287596133335811e-01 8.205553217882670392e-02 -2.614437264492427629e-23 1.691022644529116551e-13
9.611474750403339318e-01 8.371662282855375781e-02 -2.782189660995802776e-25 -1.968722308223544158e-15
1.253608823792879967e-01 -3.183334562251944558e-03 -6.160679324512577222e-25 2.162065907649693364e-17
2.097897332715155105e-01 1.426602368785027941e-02 7.614763341491589219e-23 2.004193191364507371e-14
-1.784904278816403789e-01 1.956597955770015759e-02 1.480191066417794263e-24 -4.546009146157624825e-16
8.478734260678411072e-01 7.019500344452925950e-03 1.470261872923753919e-25 7.695341882362684000e-17
-5.333959098163436607e-01 6.128297676886376028e-02 -8.520762146867507089e-23 2.449424042708504675e-13
2.150232040730268857e-01 -6.957065348280130901e-02 -7.962298529011962457e-23 1.047480311200706153e-13
-9.280123901425270105e-01 -6.998452354912194744e-03 2.721250193658918996e-24 1.554247788957162137e-15
-3.212774642962095140e-01 1.080348381757423922e-03 3.042208079212916637e-24 -9.286006960803255005e-17
-5.670047630480461454e-01 2.734588906947317891e-02 4.192267508788680081e-24 -5.716414898030351620e-15
-3.014985557824154672e-01 -3.925707600684300719e-02 -2.231525511567243318e-23 -2.322742366690281612e-14
-7.982890190591667157e-01 1.000002833416770501e-02 -9.930986262976842935e-26 6.971877815584468326e-17
-7.883481465472907956e-03 3.057145259586436809e-03 -1.281322715140485351e-24 2.715742890010536387e-18
1.104467570092486639e-01 3.506554854327764009e-02 1.939994070807329714e-25 6.607391015708100858e-17
-1.510216304721734293e-01 -4.462071395046898759e-02 2.757801336708950044e-24 1.634310788934614733e-15
7.018232295281476851e-01 7.913184464722668524e-03 -2.834706095463648432e-25 -1.384468459911777567e-16
7.410203150820289242e-01 -1.411229270563486935e-03 1.008326884583314371e-23 -9.273102004667690355e-16
1.077752622721577236e-01 -4.316945803585844899e-02 2.258283867295134609e-23 -9.239962680861241140e-15
6.707208652961604844e-01 6.125752395146440675e-03 2.273731489198666604e-25 8.215546009650854483e-17
1.178450449519512500e-01 1.087047498575613447e-02 6.451913037599264314e-24 7.268492603673662154e-16
4.301562294303309386e-01 -1.036030189799753455e-02 2.039787141635709427e-24 -7.994282250227949047e-16
3.506882587312356581e-01 2.069227102914237768e-03 2.594133722188220520e-23 1.655456386039601669e-15
8.348824550015570001e-01 -7.097641779824766239e-02 -2.848805553478059206e-25 1.484561585909604072e-15
7.285710843516204349e-01 -7.370771936580922112e-03 9.117528377788800626e-25 -4.305841394662390426e-16
4.872723071795657113e-01 6.169138753212737199e-03 -1.133279023295521151e-25 -2.995912457857437096e-17
-9.708408446672178727e-01 -3.201642037287597692e-02 1.475491817279277434e-25 4.033235848823219305e-16
8.902140575105323972e-01 2.528384874290463130e-02 -2.928595557132974773e-24 -5.796862926376564997e-15
-8.136242192637233028e-01 5.422044795680977698e-03 5.075860445856915233e-26 -1.969212766535839582e-17
6.666596944753118148e-01 2.753079933008286805e-03 7.666991341519100969e-26 1.237496538963775992e-17
1.375827394334527831e-02 3.093068718437284956e-03 -1.226836030783231832e-23 -4.591303942810340256e-17
9.610375878322063858e-01 -3.120811484512684558e-03 -3.495864860003877889e-24 9.220586482297315258e-16
8.098660500579391019e-02 -1.848662024948479312e-03 5.645641476541736970e-26 -7.433271727612202505e-19
-5.929355225736192558e-01 7.701097781525524655e-02 -7.362265709952213815e-26 2.956429962171673732e-16
-8.822019257746280818e-01 -1.209311707612507891e-03 -8.581218101618881382e-23 -8.051025448515281167e-15
9.484949837165839170e-01 -2.534643318655037045e-02 -1.196609041466862503e-24 2.529881456025171817e-15
-6.947399966388483339e-01 -7.738695573480465495e-02 1.749187577023215421e-23 8.270322581864302693e-14
9.030214406256629189e-01 3.793302319823746178e-03 2.247174646753609975e-25 6.769371448429463800e-17
-4.803136521591611086e-02 3.039816063836707060e-03 -1.148259207582850772e-25 1.474375731038421325e-18
1.886849789091331608e-01 2.519229671882812840e-03 1.123771594043884882e-26 4.697633607381541928e-19
4.421786994516705427e-01 -8.797967769065918875e-03 -4.192244532475715112e-26 1.434243175076408223e-17
-4.975406656843646136e-01 9.034298458995387859e-02 -1.604180176589483137e-25 6.341210388548006129e-16
-9.032680107819768267e-02 -2.394134572062777550e-02 -8.040474882341926176e-26 -1.529124645042370089e-17
-6.676335018240391328e-01 2.767525894379381166e-02 -1.549504307040172291e-23 2.517784772231850865e-14
-2.176609528034347818e-01 5.917679473157443255e-03 -1.791804151992990901e-25 2.029637615441907718e-17
2.168801044426704738e-01 2.698583723283454194e-02 1.385318623435274804e-24 7.130192963483203950e-16
7.716587839555308914e-01 -2.092621455369811541e-03 3.263881532278864439e-26 -4.634963999753164574e-18
-7.261826680594918315e-02 5.648198026751871659e-03 -2.756487361381711044e-26 9.942779310701157703e-19
1.119361706349963903e-01 1.704904340700327684e-03 1.262777209311943269e-25 2.119303705291206951e-18
-9.073942967189041475e-01 3.481586715795707138e-02 8.555335058005054697e-25 -2.376874683630847344e-15
1.733231967908546167e-01 3.497068771065372454e-03 -9.798132281213370640e-23 -5.222761118628081236e-15
3.852308410655884696e-01 1.776581435144927203e-03 -2.954846404876959260e-25 -1.778431244059819092e-17
-4.982093154181745920e-01 1.803687073407842954e-03 1.125982774526316808e-26 -8.898171735637023147e-19
-9.374783503842334387e-01 4.768641153203655864e-02 -7.798448213184062953e-25 3.065914803514137965e-15
-1.366790333024159310e-02 -2.310131972183816079e-03 6.766127077381982603e-23 1.878775290661052020e-16
-3.504867972306240365e-01 4.629536375308629728e-03 -1.495622428601218726e-25 2.134160773741960471e-17
1.421930805419786559e-01 1.457107350144480704e-03 -1.549692743938975389e-25 -2.823654865347156036e-18
-2.459670105780138449e-01 3.586589682536782397e-02 -3.501202187779984717e-24 2.716262570454932549e-15
7.527291735175156706e-01 -4.467117427619659784e-03 -1.190591796651349392e-25 3.520667437204838835e-17
-2.971347851100043513e-01 2.078939795402486371e-02 -1.122212416001925647e-26 6.096302088113862078e-18
3.586015453237560990e-01 3.939990160199297389e-03 -1.713691767948013998e-26 -2.129295835994819724e-18
6.655377193132843150e-01 -5.156105241081901380e-02 1.740147733814180954e-26 -5.251417751223500615e-17
-4.060256387207052953e-01 7.822873922586605355e-03 5.943181796913681498e-24 -1.660102122003162296e-15
-5.055993570188965780e-01 -1.140277151697695335e-02 -7.795318941124901048e-26 -3.952271988565638930e-17
-7.011712309364208640e-01 2.207035614948165553e-02 2.872101508560802853e-24 -3.908671890341716522e-15
4.327377971610166796e-01 -2.560789376398078451e-02 1.480238212274977232e-23 -1.442534806982885619e-14
6.368496919943331669e-01 -1.301349129174615878e-02 -1.544473045801209668e-24 1.125659659876524036e-15
7.539640962052169826e-01 4.228937833954835024e-02 2.432875542264303923e-24 6.821782349449804778e-15
-7.048244692086815810e-01 -1.153057872762752213e-02 1.863883056806563337e-24 1.332130399670248392e-15
8.270719248359661435e-01 1.020005748282117389e-02 2.998823448541511383e-26 2.224809326628832766e-17
-5.236618379674466972e-01 6.241399952271999008e-02 -2.230880789877749860e-24 6.412174063679096078e-15
9.983253661920556965e-01 1.847939300840218020e-03 -8.442457510658833706e-24 -1.369697590964563689e-15
4.626654986820113447e-01 -7.941396902007408221e-02 1.610636382272308830e-23 -5.204242470162365289e-14
3.438481664824730721e-01 -1.602012353784184120e-02 -7.247699977686701723e-25 3.510983440993765633e-16
9.563530602113294865e-01 1.453273801708923141e-03 7.940201120291626809e-24 9.704947709834254086e-16
-2.651252021749939125e-02 8.485607547335399792e-02 2.457085131174002291e-25 -4.861274657346374398e-17
-4.339594113852738300e-01 -1.441455554258672112e-02 1.321686602847759819e-26 7.270677067285260566e-18
5.429762118032610552e-01 5.672960600968050132e-02 -1.736492312707675947e-23 -4.703914681551060495e-14
-6.535801878618001659e-01 -5.355677934901966614e-02 7.022991322547778113e-26 2.161879402185029038e-16
2.976059158231025847e-01 3.649943608188176841e-02 -5.400106970835426817e-24 -5.158531391337216634e-15
2.876611811428322341e-01 -4.810204819102353001e-03 1.618605280818983549e-24 -1.969616989470690548e-16
5.490202164575297417e-01 -8.202741881138105040e-02 2.981866062985070839e-26 -1.180950012067981300e-16
-5.679215160396655637e-01 5.275923319293023515e-03 2.971306366219474640e-26 -7.829431542013089517e-18
6.128997456545115519e-02 -5.508172329838731396e-02 -4.511097226510344501e-26 1.339291609735010772e-17
3.993768822196637203e-01 -2.216508963998866169e-02 -3.788063598461886004e-23 2.948938235312800539e-14
-2.127901559462967995e-01 5.112512793127437644e-02 1.338534646273872943e-25 -1.280594280379534232e-16
2.477481104521537247e-01 -4.725818081306626048e-03 -8.791024671546109068e-25 9.051547809648133749e-17
-1.634820337819609115e-01 -1.272253951753759670e-03 4.795955895695357592e-24 8.772331224005605208e-17
7.914891919737330195e-01 -1.228345588431464970e-02 -3.440261759056264531e-23 2.941392952566699725e-14
3.444211721807053372e-01 4.362745680114904837e-03 2.864349616763063150e-24 3.785051247053964451e-16
-4.247340860805528528e-01 1.645000344457295607e-02 2.211225343821919439e-23 -1.358664138953078787e-14
3.903889359773338175e-01 -1.175496131841429273e-02 3.937918926440447978e-26 -1.589210684321990093e-17
4.776163868444436300e-01 8.490174422220865547e-03 6.850356786012026105e-25 2.442896251154988410e-16
2.280934651937842617e-01 -2.458974209221284016e-03 -2.234627529323217580e-23 1.102219174355078740e-15
-1.181233811740733941e-03 1.050816100352374230e-02 -2.346345185657160001e-23 2.561241279273127068e-17
-9.722855476181482270e-01 -2.041196999592831407e-02 -6.458789657758665789e-26 -1.127264662876919268e-16
-2.244298927260681698e-01 2.547425888452459902e-02 -1.207880877621873272e-23 6.072987204965559725e-15
7.413033606571279854e-01 2.320599069332808170e-02 5.447440832986763989e-25 8.241089010977524041e-16
6.824751425025894491e-01 -4.142502729345682103e-03 1.818825428447429464e-23 -4.522063523219551309e-15
5.340715256322789983e-01 5.075479283699131823e-03 -3.536256768244356940e-26 -8.429780675817866420e-18
6.898289693489516594e-01 2.736185600936378789e-02 -3.551550012382070332e-23 -5.895232214985029061e-14
3.964566859841600621e-01 1.372509156972028096e-03 1.105612294701101637e-25 5.290660048383562748e-18
9.209805533344150863e-01 3.935585319396167625e-03 7.658980326439820767e-26 2.441331452163713805e-17
-1.040796475431222667e-01 -1.159323301180517976e-02 -2.234941635586876574e-24 -2.371551522447595450e-16
-9.285095969751706591e-01 1.279038478147422400e-02 4.807823026590205674e-24 -5.021280471246437436e-15
-8.144000504653037265e-01 4.709929736376658287e-03 2.543870701727660932e-24 -8.581105748879331869e-16
-1.674337319500083243e-01 -4.862865986125443525e-03 -2.018214134824169748e-23 -1.445102000953318671e-15
-5.584733654839046935e-01 -2.952904593996470012e-02 5.792474821352749406e-24 8.400633468082254252e-15
-5.917895094475884576e-01 1.275255973304935441e-03 -1.914020572380620614e-24 1.270302726924868833e-16
7.480910112899605835e-01 -1.585064658857262415e-02 -2.827556227715367749e-23 2.948551173930881215e-14
-6.796953246487207334e-01 -2.631432845695979433e-02 8.761922202642523444e-24 1.378167381948676933e-14
5.129378512269753276e-01 4.414198681814146541e-02 -3.154436590328574030e-26 -6.281081476108569001e-17
-3.694618992459390849e-01 -9.219880682778775968e-03 -1.546921452388837671e-23 -4.634034062169951388e-15
7.153073212618989984e-01 -2.698696569955879795e-02 2.029199008297866731e-25 -3.444826623210222936e-16
-6.102890616660212597e-01 3.807596616780283862e-03 3.547908227529196880e-23 -7.250281957142536349e-15
7.271257620127695720e-01 -1.070585279804062671e-02 2.119737437306613948e-24 -1.451138518557903120e-15
-5.406524683485658400e-01 -6.398438133761445712e-03 -1.098200442178886217e-24 -3.340948489735706610e-16
8.532060464940756095e-01 1.365763086910451798e-03 -9.798208099714338159e-25 -1.004088410966471042e-16
-8.827779921493252857e-01 2.271186490413408792e-03 5.575998102857494008e-26 -9.831570809404616730e-18
8.881100425775820817e-01 1.530144120973646240e-03 -1.111802805999097547e-24 -1.328687609694841226e-16
8.121118482260809568e-01 4.966252444182865655e-02 1.449148663456441809e-25 5.139887097230717908e-16
-2.603751096407294074e-01 1.260107472298489925e-03 3.582426341417144107e-23 -1.033666217139286431e-15
-8.524642520713801019e-01 1.282143594406701939e-03 -2.223436197559877636e-26 2.137142667547633320e-18
-5.414917978130215914e-01 4.710323724884762919e-02 -1.466796124873111306e-25 3.290094654740662010e-16
9.370304888563856238e-01 4.065244156902621947e-03 -3.142975132516460512e-25 -1.052876182663869271e-16
-3.732190459018929207e-01 -2.747538293748249746e-02 2.996250698218855942e-23 2.701977330543044062e-14
7.498083228546248424e-01 3.458962961281319189e-03 -2.056417800656858764e-26 -4.690331334350364529e-18
6.011370587178197500e-01 -9.247400683556884771e-02 -1.452316978870501142e-25 7.099873204263017300e-16
-5.867558270055590608e-01 1.768202707550846874e-03 5.191015622986480067e-26 -4.736284684974758832e-18
6.650259387621897389e-01 -1.142669369424613793e-02 -2.562326694752912140e-25 1.712338700170381551e-16
-8.459252757650526089e-01 -1.084704303209899166e-03 -2.925459458819501349e-24 -2.360660042519539569e-16
9.616715617962623419e-01 -1.008460211117079980e-02 -8.307081918434439216e-25 7.084839802261938347e-16
-6.357978105519377365e-01 3.859454199357467002e-02 6.549845400383832593e-26 -1.413422397710743512e-16
6.668802211326712026e-01 1.913899104961887948e-02 1.346721657054069603e-26 1.511613357104832047e-17
-4.664508703350769281e-01 4.307343316749010637e-03 -6.968565540326084356e-25 1.231274217725121642e-16
-2.113819638345826313e-01 9.324933558758971910e-03 2.827133109770345323e-26 -4.900675332304677606e-18
-5.847889868330395924e-01 -7.020604378159987780e-02 4.666639801939758498e-24 1.684899365766435977e-14
9.650805853372377285e-01 5.282392628869800322e-03 -1.389837714394676834e-23 -6.230951200487532398e-15
5.623168923894612536e-01 -3.731926488776715622e-02 9.117207490607218073e-23 -1.682565770893482401e-13
4.104217052469389948e-01 9.529972074492802647e-02 1.420681229155566092e-23 4.886687771014576236e-14
2.170874133350031432e-01 -1.039896454233458535e-02 5.612561765098282354e-25 -1.114248030171295743e-16
3.847632514505481272e-01 5.195827743816584798e-02 4.743160802009756388e-26 8.338965542443536697e-17
5.415396138354424682e-01 -7.658735765280295926e-02 -6.480209868642433320e-25 2.363591331953866440e-15
-4.265606631242246927e-02 -6.610337144362170292e-02 -4.848805938470428730e-23 -1.202361928434958700e-14
4.974892316986863072e-01 -5.209753956325192774e-03 -2.433631533641410703e-26 5.546917700555345089e-18
-1.382346531921530008e-02 1.015704842750497425e-02 2.216792456683262169e-26 -2.737193409786290158e-19
5.356451772207462270e-01 -1.613539718670767200e-03 -1.496510733855979196e-23 1.137450997639180496e-15
8.091295236182440842e-01 3.843881042118803271e-02 7.418055968864977664e-25 2.028962839839408450e-15
1.993249525353304463e-01 -2.856774643278810893e-02 1.547573857025774692e-24 -7.749702604046037025e-16
2.812556549392084548e-01 6.411929786734197993e-03 -8.394474541555965507e-25 -1.331311053431608580e-16
-6.074784036445450841e-01 1.746886463207775750e-03 2.632675767968891381e-25 -2.456908025048245211e-17
5.465036538467713534e-01 1.954196690693998928e-02 -7.792671004282192150e-26 -7.318864134048072883e-17
5.536370252823432647e-01 -1.181094212812892549e-02 -3.544222164267943173e-26 2.038105239848546465e-17
-5.053831522590273018e-01 -1.152776156630501599e-02 4.865337226763165328e-26 2.492726857643603552e-17
-5.721313338622111555e-01 -5.015104268629760886e-02 -7.608824478911733192e-23 -1.919947115884356477e-13
7.317752601751426056e-01 -5.977138118784443982e-02 -3.277423218063537353e-25 1.260664550315685990e-15
9.320342249937505485e-01 6.215452818523505701e-02 -8.822512041102313004e-24 -4.494619114813823754e-14
3.866549147435951461e-01 1.086571674488357678e-03 -1.832616360434768253e-24 -6.770947928061980846e-17
5.191447096517016746e-01 4.362079490735044224e-03 2.859992227196376917e-25 5.695644327647378449e-17
5.659450875160598748e-01 -2.594722040534140541e-03 4.096285013078327883e-25 -5.289946774128341626e-17
-1.418603219823633133e-02 -2.229241717675892534e-02 -6.061271163915072366e-23 -1.685690413068611837e-15
3.190281185954855214e-01 2.186324288008696659e-02 2.269244884624391687e-26 1.391941257359138336e-17
-5.488015237782704059e-01 -5.547765305789964518e-02 -2.719482040790746597e-26 -7.281411649326980579e-17
3.616037363736226418e-01 3.262873431418018399e-03 1.613657190463724126e-25 1.674327516958692077e-17
3.913177507747997996e-01 -2.062850656480160957e-02 -2.188007700249909936e-25 1.553252934051156683e-16
-1.810295002828250510e-01 -2.561563638117541220e-03 6.440869788021915367e-26 2.626606544114127045e-18
1.935538417639790509e-01 1.038649609942929710e-03 -7.228686523526870153e-24 -1.277986453099005784e-16
7.102199070510439860e-01 1.100628999478849273e-03 -4.776221022771322802e-24 -3.283327534844025137e-16
-5.495078355071236764e-01 -1.532333808763760956e-02 -1.439359290809128694e-23 -1.065841163599355461e-14
5.784502458052909191e-02 1.924435988513188006e-02 3.111377060910734259e-26 3.045917427313915572e-18
6.794331596654108463e-01 -2.482480656647881485e-03 2.310657997707022450e-23 -3.427395973862191970e-15
5.910270568328468421e-01 1.320903759416191398e-03 1.310350256641834029e-23 8.996258741746035344e-16
-4.658975705499825981e-01 -7.722400025360573808e-03 2.135133573475452916e-25 6.755597873442416726e-17
-1.917853198723542540e-01 -1.371407337095534914e-03 5.686931512589402186e-26 1.315393914370102834e-18
6.931411675275587214e-01 4.960359866365873088e-02 7.331624115026777946e-23 2.216823261422766742e-13
7.749375920794869810e-01 -4.262911738610799563e-03 2.477181576325574877e-24 -7.196592494049933595e-16
8.507107982046742123e-01 1.550540826391638054e-03 6.609319205222975694e-25 7.666866105487776058e-17
9.202541262513537212e-01 -2.213017519384965007e-03 -1.255397300800173464e-26 2.248380532612333155e-18
-6.616517347356916101e-01 1.487517859597686787e-02 1.212525008184167702e-26 -1.049490107209319443e-17
-5.660795345509708199e-01 -3.577161381633468112e-02 5.323401703390747193e-25 9.479844798513471058e-16
7.862049472655971982e-01 3.075815593944028481e-02 -8.759069297867915537e-25 -1.862730515856156365e-15
4.459766006458198984e-01 -1.155256496886735394e-02 -9.061485677411962345e-24 4.105687601079962709e-15
4.632904810718296851e-01 -4.251916710883200251e-02 -1.151449425914164103e-26 1.994706458135200843e-17
4.483292206656197543e-01 3.891507462725395800e-02 1.543687085053047350e-23 2.368482522937488178e-14
-7.447077662499055339e-01 -1.264587997339769974e-03 2.252518935120292269e-24 1.865517765223433016e-16
2.583729589453789277e-01 -1.355708389213185899e-02 -6.305179827108410589e-26 1.942257557966829137e-17
4.194860715388923911e-01 1.698646733317420859e-02 3.098354060342445639e-23 1.941545883873151912e-14
-8.122693293400868875e-01 9.698711578591349969e-02 1.155950494924840988e-25 -8.008465978210465765e-16
3.098657775250088786e-01 1.802039229375747287e-02 -5.869747020524471721e-23 -2.882393300001140616e-14
4.543893253442310431e-01 -1.130321231014481736e-03 -1.552659391832825854e-24 7.012973540163566509e-17
8.186099509447528622e-01 4.748786764331783261e-03 -5.174680803113125945e-24 -1.769046523885178669e-15
5.513847650004402023e-01 -6.734995065425804228e-03 -9.159817473233766189e-26 2.991402580749773004e-17
3.422475386215497739e-01 -9.734438879706146241e-02 -1.575021764995436313e-25 4.614597389256890424e-16
-9.748392865759569759e-03 -3.889885649493956404e-02 -3.824578952535741794e-25 -1.275409033843079242e-17
-6.116009901273846694e-01 -4.900160874056259247e-02 2.155197402970301907e-26 5.680173135678011589e-17
-4.869811138037374310e-01 -8.232233562702957752e-02 1.194406517118224978e-24 4.210929466329845218e-15
-6.351368114988109603e-02 -1.036623625603359019e-03 1.018085793242486841e-23 5.894795788465380295e-17
-3.981389889622422018e-01 -1.018120962956773137e-02 -1.620958190364715203e-24 -5.778324167244474963e-16
4.824899749891871092e-01 -1.962182270849541828e-03 -4.036529806948176615e-26 3.360715938233832828e-18
6.796202283864094529e-01 -6.114655977259572835e-03 4.741102764994624103e-25 -1.732661374095592503e-16
-8.779667952442826717e-01 6.677301333503393374e-03 2.603050750049767505e-25 -1.342016026938549489e-16
7.279146445649042896e-02 8.310775097060693617e-02 9.280900259161137300e-24 4.937511183363271218e-15
-8.789380144909202386e-01 -1.094062433943381041e-03 -4.949102123300665234e-23 -4.185263156803540262e-15
-7.198800097306137236e-01 7.541553473960334320e-02 -1.107137144802593582e-25 5.285892793762513386e-16
-1.420150909163091502e-01 8.836215392593424478e-02 2.658709564775407282e-24 -2.934051200417145506e-15
5.418228992368434582e-02 -3.151594820321856893e-02 6.255807962456670550e-23 -9.394358788400329804e-15
-1.981727824624075485e-01 -1.194712524634724410e-02 -6.240195119795199863e-24 -1.299276530415446019e-15
-4.591910389694460193e-01 -1.290028185418731071e-03 -2.926708044687472501e-26 -1.524642441651757173e-18
-7.332565070917766992e-01 3.003234038338395764e-02 1.587898071484322805e-26 -3.075131732675305251e-17
8.946355038034043972e-01 7.756987314239604733e-03 1.276294950041791781e-26 7.789081743715512323e-18
9.409246941607629644e-01 -3.565439908458920698e-02 3.426667878210444056e-23 -1.010964723589927356e-13
-3.859047289561108318e-01 -3.504491327176267185e-02 1.244572951674010153e-24 1.480203574469565016e-15
8.414980492246004751e-01 7.146106430818545407e-02 -6.235601733007182985e-23 -3.297592320386641681e-13
7.570465875350413931e-01 1.037719324626096718e-03 8.627039008964832609e-24 5.960192307634634399e-16
-2.292701651062492019e-01 -3.248200567429032279e-03 1.559433782527937870e-26 1.021299972453489592e-18
7.863079638026071461e-01 -2.222944915425766055e-02 -8.343758146851913839e-24 1.282564109454854170e-14
8.625102507891722059e-01 -1.991249002320998485e-03 -4.554166583097751309e-23 6.878515956999681474e-15
-1.790484413086375071e-01 -5.629756233352925521e-02 3.814497602802189413e-26 3.381376123706964720e-17
5.722794476305759215e-01 5.272772360290518129e-02 2.748294851475410167e-23 7.293004742605376192e-14
-2.980833575636323562e-01 2.564413911127544701e-03 1.964993922116748453e-24 -1.320939920359062651e-16
4.217668885735696982e-01 -2.012576159006659697e-03 1.209645078342911375e-25 -9.029813252101716098e-18
-4.056479978932474584e-01 -1.013170942675249882e-02 2.615601868954529762e-23 9.453653974478996193e-15
-5.371371181185715660e-01 6.861348923796131705e-02 1.122171314371383087e-25 -3.637054703595046464e-16
4.207047205135276968e-01 -1.871581289448108910e-03 2.962046748066060619e-25 -2.051039331387311118e-17
1.412195380111680443e-01 5.490646639865731649e-02 1.017793866418380994e-23 6.940233957327506142e-15
-8.905276923413956158e-01 6.568764056303670433e-03 4.054575944978179267e-23 -2.085799368199836500e-14
-8.633404615935451609e-01 -4.100369722735727578e-03 6.977389612232881711e-24 2.172171383078678877e-15
7.649783746165450538e-01 1.010893606324297315e-03 4.495711652580900062e-26 3.057377440634206526e-18
5.483844274437543742e-01 -2.540090174847741376e-03 1.537090929703615296e-26 -1.882911068272725315e-18
7.967590737608953866e-01 -1.011368103452839513e-03 1.198275881468693326e-26 -8.491591412649363644e-19
3.257016834994732601e-01 1.249174627270660141e-03 -1.084079962550981491e-24 -3.878827584014451864e-17
4.444622675206724161e-01 -7.121034046372674842e-02 2.637810488526233569e-25 -7.342053602756888413e-16
7.174193202857792606e-01 -4.583967455387107093e-02 2.199778377728025803e-25 -6.361939327872232415e-16
-2.917824451443884470e-01 -5.276083635647574321e-02 3.511206826233474895e-25 4.753606662523870692e-16
8.896689063464775504e-01 1.351980544196852881e-02 -2.159322149408663679e-23 -2.284085170768102668e-14
-5.125055928965218666e-01 -7.393189704779942750e-02 -4.080443933765364243e-23 -1.359671124481482100e-13
-1.044152190170295480e-01 5.359314429811855990e-02 4.754884068168354255e-24 -2.339962914592362962e-15
8.210924437460243031e-01 -8.552595572570390048e-02 -1.278158606682434531e-25 7.893520488337001373e-16
-1.037583330153459826e-01 3.389798856214348843e-03 -1.120950704171942841e-23 3.467204271545771993e-16
-5.448663869382759373e-01 2.284257935842678305e-02 7.408224891062574638e-23 -8.108589549905179755e-14
-3.659479628662820616e-02 -1.778241260775657515e-02 1.414931217568041060e-25 8.097320804677183023e-18
2.598369942465827975e-01 9.010078974785194761e-03 2.524628609603623737e-24 5.197842085347036567e-16
-8.134793759491421028e-01 2.344858484370760093e-03 6.049832574918104584e-23 -1.014851599792233149e-14
-2.453467141766021431e-01 7.543076412367805822e-03 9.344794265088632386e-24 -1.520878421059032614e-15
1.028397366587383566e-01 3.114384262271997512e-03 8.351823287233331082e-23 2.352396090828972154e-15
5.150971454797770299e-02 -1.045391600565959839e-02 -9.322738684210697770e-26 4.414765712948867247e-18
1.305114083202998376e-01 3.865261850530900961e-02 -2.970048459397562180e-26 -1.317610151196509436e-17
-1.885827235032657700e-01 -1.518055419133889500e-02 -2.671999260807380793e-24 -6.727006758142480683e-16
9.508937364306795370e-01 8.293069532378202421e-03 2.828766369535616771e-24 1.961735150505888500e-15
-8.392031311603580512e-01 -7.433667928414773585e-03 5.720183187547191562e-26 3.138168001707758492e-17
1.255459484838286066e-01 -2.741590203532970772e-03 7.451057523770031424e-24 -2.255377057057982712e-16
9.892043322145516182e-01 -2.601713247553769440e-02 -1.082727996726123305e-23 2.450534409356455792e-14
4.485006588709414821e-01 5.360908249566372942e-03 7.918167355153426677e-23 1.674257051576701116e-14
2.291252782297026336e-02 6.921946182917408652e-02 4.501497181497067100e-25 6.278475539718568575e-17
8.347433486107251888e-01 2.404870612280641390e-02 -6.262133934407736414e-26 -1.105510915064026884e-16
-9.784843339117743621e-01 -2.624597195879153824e-03 1.991722600290730908e-26 4.498227216697279176e-18
-2.028637179680385927e-01 -1.489778880927118991e-03 -6.946512175213025376e-26 -1.846243569743457825e-18
2.550855642922118527e-01 -2.553239145831652165e-02 2.848036266442722033e-23 -1.631243866677727908e-14
-5.841703712476555843e-01 1.902404106738299740e-03 -2.638246213899350167e-24 2.578419783512155811e-16
-3.190708071091181708e-01 3.580484715215642884e-03 -8.533036099320892334e-26 8.572914220930939041e-18
-7.296975409511392563e-01 -6.055413131497711793e-02 1.002364617684964372e-24 3.895008318216915278e-15
8.313176932966150900e-01 1.260622379033942558e-02 -4.147337634095873930e-24 -3.822235391516785859e-15
-7.339638773594492349e-02 -9.348945205147253523e-02 2.770816846649000787e-25 1.672018662062520861e-16
5.291291049861230888e-01 -1.119995105639584772e-02 2.889382272936379303e-25 -1.505839828807035049e-16
9.345453754774972754e-01 -8.362872932059934802e-03 3.421051170337188121e-23 -2.351318502426399187e-14
-9.263337288794970537e-01 1.088174470375788232e-02 -1.951824576958174507e-25 1.730225836460539949e-16
-9.263526675410249656e-01 -2.298779931564398464e-03 2.522866915009676775e-25 4.724589661649632382e-17
-5.591130540228654855e-01 -2.808756718334691829e-02 -2.589384118182178132e-24 -3.576071855614746887e-15
9.415769152880939519e-01 -1.811256248325134391e-02 3.800196026222851821e-24 -5.699512347153707582e-15
7.716243288746063023e-01 -8.412272355455049921e-02 9.196841704591523652e-23 -5.249935273568335387e-13
9.605524179403004403e-01 1.520274377648448035e-02 1.364902054883612669e-24 1.752832970207156633e-15
1.413813836041803995e-01 -3.240637769560147149e-03 1.884528133805405532e-25 -7.593138867282510746e-18
-3.409605857803470474e-01 1.026759569524919938e-02 -4.664560596602993325e-23 1.436083450364268777e-14
2.791134519612403775e-01 3.147274973271101985e-03 -6.709165561360118630e-26 -5.182985163290937618e-18
9.557547113622686386e-01 -1.299637740098271224e-02 -3.562133027893298532e-25 3.891122436329840873e-16
-5.232298392534537879e-01 5.206747681671440586e-02 -1.626156096288322808e-23 3.895984923977256266e-14
7.994668504169810674e-02 -3.348024043947227940e-02 -1.153487373768865782e-24 2.715175299978418475e-16
6.417331624342166307e-01 -2.953304397658394406e-02 3.434348570262189875e-25 -5.724045364081436993e-16
3.983450385183564535e-01 3.517649836352602921e-02 -6.536886300477822070e-24 -8.055248621737189592e-15
-8.004930235304459352e-01 -2.304445671466709075e-03 -2.796619544275013340e-23 -4.536839483489461402e-15
-6.429121238140962369e-01 -4.363488104496660025e-02 -1.703912375054661064e-25 -4.203670523104837143e-16
-5.052622609073262883e-01 3.143795218212985885e-03 1.243105930463682035e-25 -1.736501843899441629e-17
-5.500847915996212034e-01 -1.704791439831907429e-03 -1.673006507462434075e-25 -1.379731325306423912e-17
7.737610565597869972e-01 -5.104784909252911909e-03 1.496336922964853139e-24 -5.197682037486557723e-16
-7.025869490353087166e-01 5.642436332904007985e-03 -2.720186038638096633e-26 9.483340696634900952e-18
1.261296025157121470e-02 2.283803261794322380e-03 2.665326301838087103e-25 6.751839365156834175e-19
-8.132068609189946340e-01 6.671887005564781925e-02 -1.434068876035812060e-25 6.842514512986856953e-16
-7.096420093311994748e-02 5.819164377058673454e-02 9.799499811172278616e-25 -3.558769429483287673e-16
9.101139312720325503e-01 2.850579735157622932e-03 -3.737770852844547221e-26 -8.527812225910163939e-18
-3.295261096280794888e-01 1.658768156172551675e-02 1.720193047878893488e-23 -8.268918454994808262e-15
3.954817730156297007e-01 -2.016464050323767479e-02 2.749162060591952967e-23 -1.928027830303627957e-14
-2.416843996130959571e-01 3.431998586658245327e-03 -2.631195526853852704e-23 1.919308740297864660e-15
-3.483486753670286262e-01 -5.908810454292135611e-03 3.070152658761878739e-23 5.557381270863230924e-15
7.161552141628844126e-01 3.890006884825136096e-02 -1.585697432895302067e-25 -3.884846395049907745e-16
-9.660732262545737026e-01 1.163705906851553607e-03 -1.774647766547769690e-25 1.754532641058106518e-17
4.408795044492119786e-02 9.878616727043430454e-03 5.314513236878455070e-23 2.035520774700073752e-15
-6.480992132579470599e-01 -4.111452687158600669e-03 3.016623864630995464e-23 7.068934441824858777e-15
4.609061050082516875e-01 4.959874796375945624e-03 -9.886507673476362317e-23 -1.987568395578670696e-14
6.722738114168205215e-01 4.837233365372863719e-03 -3.684774447643632765e-23 -1.053780463320931427e-14
5.557965934892370452e-01 3.116205377476921178e-03 -1.054707953917924082e-26 -1.606460956211807814e-18
-7.484227292653342634e-01 -1.031203182102611270e-02 1.665078074847349800e-26 1.130112855953882062e-17
-3.776865748032198766e-01 2.905587427143375284e-02 5.354065235342660656e-24 -5.167079624951913808e-15
-7.476086189569477458e-01 -7.559797781828405880e-03 9.250157603565931829e-26 4.597583344744533134e-17
8.012653381783314543e-01 4.474870513137424628e-03 -5.664565959617201348e-23 -1.786156331868888643e-14
4.736196207082343790e-02 -5.707345631881702991e-02 -9.227039197256749706e-23 2.193422152779570471e-14
2.609411256868832130e-01 -8.350621529154455408e-03 7.480617226768951834e-23 -1.433490323855198082e-14
4.493247951922287875e-01 3.457582516055995956e-03 -2.695807771758571546e-26 -3.683136884671710855e-18
-6.873383603079452620e-02 -1.179048124639523343e-03 -4.500638765915333533e-23 -3.207541405729040987e-16
7.587528071953555386e-01 -9.406245299694122874e-02 -5.527197070457033388e-23 3.469105926897320910e-13
-2.270499914551145082e-01 -1.599942305616962324e-02 -5.002990631115517812e-25 -1.598274983963448628e-16
-1.130567031663372024e-01 -4.398975226558631511e-03 2.237774434788655133e-26 9.787237821071259098e-19
3.920269522440231746e-01 1.914842258529974271e-03 -9.239307357891488501e-24 -6.099361086000232611e-16
-4.931239156753690622e-01 2.387073359458805402e-02 -1.884352879061758300e-26 1.950653212958288366e-17
4.228271463452171197e-02 -8.373737323541088906e-03 -1.806689851158180349e-24 5.625508701095022815e-17
-4.258265707495472174e-01 8.620800027103690810e-02 -9.220633160007698255e-25 2.976713743311946055e-15
-7.329846024640787050e-01 -5.945497981884552419e-02 -1.378877935613172753e-25 -5.284512265430546421e-16
-4.374280383668931460e-01 1.893782914483838802e-03 -2.872699740418097701e-23 2.092777447967589930e-15
4.776408228020161406e-01 -9.638268427253543491e-03 -1.448851321772611464e-26 5.865705800262151821e-18
-6.516626653030366256e-01 9.476370732361249355e-03 -1.762916748073873576e-25 9.573983774021876652e-17
-5.149739487295639240e-01 5.495862042297029043e-02 -8.967863555325224700e-26 2.232061077952020976e-16
-9.556964527364411044e-01 -2.696089024777352083e-03 1.286918914566798503e-24 2.916093110612020627e-16
-4.311819986956775264e-01 -6.021941792130715461e-03 1.263996659793046426e-23 2.886284261685835648e-15
-7.718245832365016046e-01 -2.819594030996866799e-02 3.299848697613520210e-23 6.315317905273564478e-14
-6.271118050956745460e-01 6.377156435742324658e-02 3.134898884175006343e-26 -1.102532967646292281e-16
8.399778203231818008e-01 8.883301682378823283e-02 1.960166906064993877e-26 1.286267459614918740e-16
8.052779475969813472e-01 4.196382871571842713e-03 -6.240536426378543969e-26 -1.854551229924870903e-17
1.179699532719464816e-01 1.077876125846199615e-02 -6.173147373251896686e-25 -6.903079985826155339e-17
-3.338657886976019729e-01 6.732058281754378648e-02 1.895452316708720497e-25 -3.746525130568415549e-16
-2.677187013234749724e-01 -6.423984997076216501e-03 6.263246960897428542e-24 9.472808641516644297e-16
4.142646667743883349e-01 -6.259901719401086452e-03 -2.850673340663908713e-25 6.501130182459087119e-17
8.721577384840961678e-01 -3.273307380719740062e-02 1.216049436488221577e-25 -3.053015853350385070e-16
-6.598221812465800973e-01 6.066906344733828671e-02 1.101764262481784688e-24 -3.878634743872524112e-15
-8.342915953720897448e-02 3.130441442293819404e-02 9.068988562993928809e-26 -2.082947421173127958e-17
-6.573280616992767111e-01 -8.758570127884993117e-02 8.809027029794702343e-25 4.460045892417320195e-15
4.233387761763538482e-01 -2.592237349223258224e-03 1.294957751018282376e-24 -1.249724872638430576e-16
7.167776983530620427e-01 1.100467035992623317e-03 -8.076464329237944850e-24 -5.602460483284763204e-16
5.434390032847409291e-01 3.986569538996691947e-02 7.371271656250046196e-23 1.404392708982135592e-13
9.206822257285129929e-01 1.109939633215267004e-03 3.721536203747897612e-24 3.344470478237890239e-16
2.319937533707854271e-01 2.425580287497641763e-02 6.192412590034201373e-24 3.064416775091146956e-15
2.453441056297678280e-02 9.538852004856686329e-02 -1.465539904024374720e-25 -3.016236475927486001e-17
-5.989097901099833532e-01 -3.787749429064654443e-03 4.785580162812922278e-24 9.547139085703225053e-16
-4.338360331833408523e-01 -2.574368488577248159e-03 2.701169324394165118e-25 2.653042093716672274e-17
-8.003801790794458082e-01 6.167508339851821703e-02 8.995251680630173292e-24 -3.904949213130531535e-14
-8.952971706325374424e-01 -4.998377817439700159e-03 -1.333961359150196680e-24 -5.249712771105315768e-16
7.865135331435320065e-01 -3.461313981390729683e-03 6.447154240359284053e-25 -1.543516431000119517e-16
8.644653054860640395e-01 -1.553345738458552540e-02 1.023581479930036639e-24 -1.208743406234218219e-15
-2.662554801091099321e-01 -3.270221123581268374e-02 -9.479157055541231503e-23 -7.258408291951918155e-14
2.134780682993906442e-01 2.933915084470872445e-02 -6.050793341395465898e-23 -3.332799020769788516e-14
-3.509813398006609297e-01 3.224625287347327417e-03 1.165309948706782080e-23 -1.159847090498898153e-15
2.286948072654970687e-02 1.447276826708501080e-03 1.710060508090572119e-26 4.977547234175642056e-20
8.164004503162500814e-01 3.147545362000533919e-02 -8.995910496720478045e-24 -2.032901608954502828e-14
-3.025714522505376092e-01 -6.625345946174401868e-02 1.589721337661730975e-24 2.802550930271488436e-15
-8.705654105240923091e-01 7.430392917939561241e-03 -4.174253495154083190e-25 2.374586570342409536e-16
-6.503246721054187773e-01 5.577649182564036606e-02 -7.522743127372354062e-24 2.399681804692579846e-14
2.136387220730604497e-01 -1.566500922605862552e-03 -9.430283450840898846e-24 2.775436999222686480e-16
2.715293017834139455e-01 1.811650840129384616e-03 -5.492650684564247206e-25 -2.376124449372453465e-17
-2.350961733047820523e-01 -7.616680399570739148e-03 2.155244629467746971e-25 3.393937689834078966e-17
2.371869215870150427e-01 -5.068733558006299073e-02 -6.285255427800886173e-23 6.645216478993044787e-14
-8.849803271584442133e-01 -7.840255917460182966e-02 -2.856087837498365381e-25 -1.742735249822298295e-15
5.828561253972661671e-01 1.827283406927030299e-02 6.421388109504827376e-26 6.014398434589426156e-17
4.714520492438800670e-01 1.579053943842820273e-03 -1.774339499143861404e-25 -1.161628384333614741e-17
-3.534917064483023008e-01 3.955974932742968055e-03 -7.361249339838175287e-23 9.052745029371757028e-15
-7.182686734144374530e-01 -1.723592987229158801e-03 9.409026035102505490e-23 1.024382886579291728e-14
-4.213105230307949700e-01 -1.250425384981010499e-03 -2.035269348248064554e-25 -9.429268026554546227e-18
-4.251935738952721255e-01 3.175310588811432102e-03 9.574329653633258093e-23 -1.136782242224945793e-14
-3.512049838803987800e-01 -5.272143932932493726e-02 -3.374820660827886233e-23 -5.495340764621351709e-14
-3.188363867275094687e-01 -8.314498158069737188e-02 1.673481218581134992e-24 3.901402547194952798e-15
3.856995799270490632e-01 -5.518297428220448816e-03 -2.974359896790586092e-24 5.567289274652053887e-16
-2.977181579290959501e-01 3.044810597653241357e-02 6.102835684294923013e-25 -4.865116933597126270e-16
6.146883489888073093e-01 -5.683166284719410460e-02 -3.182030093545828297e-25 9.775649632371222271e-16
6.101062212332788448e-01 3.033128381842041879e-02 2.063107798269370354e-24 3.357485667006950934e-15
8.941583467689266929e-01 -2.564255842809837899e-02 -6.750032597841966783e-23 1.361061217376798096e-13
7.235252025940561715e-01 8.177041394149521525e-03 -2.377427530979154287e-25 -1.236952856106941595e-16
9.199521994813708581e-01 -1.286491291175565713e-03 -3.492039572242537076e-24 3.634521728594874373e-16
2.210137881054259346e-01 -2.923859979440696436e-02 -7.340738317529229485e-25 4.171686674459771050e-16
-5.859909304940451591e-01 3.826668933503174497e-02 4.951763254151082008e-25 -9.764896805198087270e-16
-3.567530725681300474e-02 1.386396549452401268e-02 -3.256741794354448978e-24 1.416558514726829605e-16
-9.039875123087817155e-01 1.449823923664231122e-02 -1.829171776088907308e-24 2.108279495457662886e-15
-6.322773067785036893e-01 -9.274000273803166897e-03 -4.070077974520555655e-25 -2.098811469993696766e-16
2.823818578862247186e-01 -3.431701390782694594e-02 4.143559736112270988e-24 -3.531147725184512411e-15
-8.438304405993355406e-01 3.450261168788631289e-02 -3.385687843170281897e-25 8.668622146554317140e-16
3.350367640435765182e-01 1.226068684160668736e-03 1.245653893860169041e-26 4.499877131836628202e-19
8.181756504935553398e-01 7.675317986016967804e-03 3.494268080751080921e-24 1.929723781497744565e-15
-3.195248099199003988e-01 6.398406578544855831e-03 -5.279190161852216053e-26 9.491606494451445443e-18
2.646141044691772137e-01 3.522593393400597767e-02 2.620428300136297946e-23 2.148047035932907152e-14
-9.935827504617806838e-01 -1.541711223100120922e-03 -8.819758137414223201e-24 -1.188118485894239847e-15
3.437733009008892004e-02 -9.827820979582849170e-02 1.460281687484420259e-24 -4.338723963543006745e-16
6.800240070045029395e-01 -1.314400074644836609e-03 -1.399197951111329154e-25 1.099833593956551436e-17
-2.975098210762279205e-01 1.318153578392925775e-02 1.332049771713073491e-25 -4.593923644316191351e-17
7.034953655135145478e-01 1.791472209792243156e-02 1.026602738873094120e-26 1.137809970728232617e-17
5.070313556154115719e-01 -2.285821766127761438e-03 -7.613018618646376848e-26 7.759434540470912348e-18
-3.110763840098658140e-01 4.790208972375427365e-02 -1.068274700503588691e-25 1.399911062710874657e-16
-2.526190145805622400e-01 -5.818279067532385052e-03 3.695143438470225576e-24 4.776259191547658892e-16
7.858070981433662450e-01 2.197078510029935872e-02 -9.491413065923814680e-24 -1.441081020002231641e-14
-8.458862971657672425e-01 -2.637945161630044465e-03 8.754664239922308645e-25 1.717960791070060206e-16
-5.145375824480769023e-01 5.805500729333147591e-03 6.263908248387953611e-26 -1.645501087436068116e-17
-7.429196750725508558e-01 -3.565407664051027659e-02 -5.162290926404399622e-24 -1.202512307960951334e-14
-7.412882050249376409e-01 1.793458403758622921e-02 1.495318104009829422e-23 -1.748267926189888174e-14
1.313261243009289370e-01 -2.256252908524921785e-03 -7.033826022981906650e-24 1.832848333998928902e-16
3.801597237327491996e-02 2.987503758455434602e-03 -1.492484294795040968e-25 -1.490665958425378740e-18
9.985175789379225897e-01 -3.631889992190207722e-02 1.121825852727624517e-26 -3.577748803086004042e-17
8.584399156513200513e-01 1.368557702397753262e-02 3.946764363741713158e-25 4.077652526447109463e-16
-3.279176250615980504e-01 -3.902582832249151899e-03 1.234371416233658533e-23 1.389180717361820849e-15
-9.821055960749127678e-01 -9.339832781069035139e-02 -4.245614805132101655e-26 -3.424789440935197743e-16
-9.178761717343670856e-01 -1.208473546008263788e-02 1.685438546729399179e-23 1.644107332052317545e-14
5.568704092893916879e-02 2.412581172883169166e-03 -2.822984396914149618e-25 -3.335343392467363468e-18
-9.949951654611401963e-01 1.775980721640829652e-02 1.085023010678452005e-26 -1.686142079018157985e-17
-8.786370705479260579e-01 2.522875370355271568e-03 4.516959233721099446e-23 -8.805367592577109358e-15
6.807869433576030360e-02 -2.398626939600413590e-03 -4.577907447402036253e-24 6.574109499732134577e-17
5.618599389776897102e-01 2.371202294966859303e-02 5.982597467612770208e-26 7.009426036949908863e-17
8.088585054475769809e-01 -9.706338495268360123e-02 -1.175306617512687183e-23 8.114750494669409498e-14
1.589290674335583908e-01 3.518206689170398117e-03 4.179452897908414261e-26 2.055133887613193478e-18
1.510606399782856712e-01 2.280345925657276118e-02 -6.154605651912982420e-26 -1.864439459443833491e-17
8.404662426799918151e-01 1.805661997511869184e-03 -2.339214698875266459e-24 -3.121927527553877996e-16
5.858798171109831365e-01 2.565818080584387345e-02 -5.997951423641253379e-26 -7.929272495510439013e-17
7.084608146838404785e-01 2.407108418215852391e-03 1.834829745096428869e-24 2.751713777312537766e-16
1.200205524883299901e-01 9.874862465864575611e-02 1.097405301103584712e-25 1.143799049526740296e-16
-7.356769831378555669e-01 -7.667026398306758805e-02 1.314666416801746583e-23 6.521172621740666928e-14
8.794526995573130890e-01 1.962582046033883778e-03 2.983304622382931606e-24 4.528286633769215943e-16
-6.154479737389595417e-01 -2.868620613199121885e-02 3.865141975295778002e-23 6.001031583786848011e-14
-6.328570715566657068e-01 -1.003067840726401972e-03 -3.645306587423670531e-24 -2.035007456009977654e-16
-5.109018518517398633e-01 7.747814894299438759e-02 6.626460397634393192e-25 -2.306717021187399237e-15
8.899156144146149749e-01 4.161893425647929072e-03 2.875578236772568747e-24 9.366147013968908209e-16
-1.249305323897185183e-01 2.948510271813718775e-03 -4.002880489123319405e-23 1.296701042609718283e-15
-2.138705897001342837e-01 -5.670609282511097915e-03 -2.646601181175401158e-26 -2.822703707574127702e-18
1.226130681486001794e-01 -3.759388517301553382e-03 4.228112222776626310e-26 -1.713943402698404752e-18
-2.434955431019523164e-01 2.952491096977334292e-02 -8.464689423335754941e-25 5.351636923911796246e-16
5.157589581068058315e-01 -1.179353468950908009e-03 -1.176398971575561634e-25 6.292763429962693450e-18
-9.115166660168629864e-01 1.918300731057651001e-03 -3.151834182555632018e-25 4.846638942560225163e-17
-9.438930032240726575e-01 -4.623350750495741970e-03 5.320944449081845149e-23 2.042040421168277707e-14
6.471448442908216414e-01 -2.717453268819069751e-03 -2.222595097501887004e-26 3.437319741605427375e-18
1.883889597358785473e-01 -5.229872237828909337e-03 4.588035415934037768e-26 -3.975294331809550547e-18
-9.870045031170084915e-01 2.577184971773069291e-03 1.071378501563154624e-24 -2.396644683583595683e-16
-4.605178737932049682e-01 -4.657141393902958920e-03 7.177851361454384133e-25 1.353805816085725453e-16
-1.918461631390835365e-01 -2.518397306435693570e-03 -1.428995660890845264e-24 -6.071615688160969817e-17
3.032436096604289588e-01 -1.036092932807601910e-02 -1.051541323719946376e-24 2.905445368213708744e-16
-1.412878096720400212e-01 -2.257036988591819109e-03 -5.399507143387589618e-25 -1.514235728902346688e-17
2.920460243601599171e-01 1.557730335130131163e-02 -2.423352948869176818e-26 -9.695188286748745335e-18
5.861838106754095890e-01 -2.831806069756010510e-03 -7.811777187435007784e-23 1.140363152851070634e-14
-8.131176569154425771e-01 -3.386603592160165269e-03 -2.113971993120298822e-24 -5.119328355090390249e-16
2.617215572409321567e-01 4.366151102689159666e-03 -3.194803023800260739e-26 -3.210541916648440496e-18
-4.331876328521868658e-01 1.448218453412516114e-03 9.084088422422477415e-24 -5.011727849980002457e-16
-9.619822520158693990e-03 -1.182059141537406205e-03 -1.276036663305089121e-23 -1.276043321135440977e-17
4.366640089734106223e-01 -8.082164705251358369e-03 1.732660347099924972e-25 -5.377550915670621003e-17
4.108307434955162929e-01 7.545507127546063897e-03 -7.157972333161416769e-23 -1.951359939704344942e-14
3.413614075664297420e-01 6.931276621632220629e-03 -7.441870769555718230e-23 -1.548480628052051246e-14
9.045522882524599240e-01 1.034574268600754830e-03 4.806713143529819426e-25 3.955847623632798577e-17
-4.979500246240020633e-01 -1.859432924078534017e-03 -2.034433991947538020e-23 -1.656555072261056538e-15
-1.997336848234561035e-01 2.017782117315769161e-02 -3.414704114895604009e-26 1.210248801509123095e-17
3.443005584864211599e-01 1.619298263580184680e-02 -5.363980358529058653e-25 -2.629951603073477202e-16
-8.886574890175227281e-01 -4.492110710983648197e-02 -1.469117491451323126e-24 -5.157478025257083361e-15
-3.430049126463334819e-01 1.225680732475560499e-03 5.053880873888177072e-23 -1.868524086271520612e-15
-6.542607761816876533e-02 -2.190169590419348625e-02 3.629537591581578401e-26 4.573786921840766676e-18
-7.321800309974404453e-01 1.397994456167166340e-02 2.453963528344104595e-25 -2.208957872189429794e-16
9.353214769195958844e-01 2.214355974913443260e-03 1.034546937232385841e-24 1.884319510010074255e-16
9.695952086109425050e-01 -2.999910914108270057e-02 1.095100420683921239e-25 -2.801229974458559961e-16
-4.527368589119975528e-01 -4.915272897091550047e-02 -4.382255090282081296e-24 -8.576046810356085478e-15
-5.094402471787407016e-01 9.641774329885848330e-03 -5.702412569086655906e-23 2.463229348883215170e-14
-2.999306040332321288e-01 1.513752827481422078e-02 -9.254406905523891368e-25 3.695050181757911769e-16
-6.549349478429880023e-01 -7.867039511945353447e-03 -5.240394704342673617e-24 -2.374485359498296398e-15
3.208224510203734336e-01 4.872562844290217153e-03 -9.747403419803361666e-26 -1.340007233346888409e-17
6.640987778149973764e-01 -2.427144183689692106e-02 1.539720236930381200e-26 -2.182559416026829282e-17
6.307805798349277460e-01 1.084045010493237416e-03 -6.217451206338288227e-25 -3.738815331336869542e-17
-6.054188331254100053e-01 4.602280480186876632e-02 -6.529490316136867407e-24 1.599942193801908941e-14
3.489594639449673519e-01 7.362666046246389706e-02 -1.282470488606081464e-25 -2.897700287856442045e-16
4.501905085135131657e-01 9.796210736223119608e-02 1.725298556034837473e-25 6.691364881440514877e-16
-7.099796354826681810e-01 1.377819758289805692e-02 -4.308624573440131499e-23 3.706576386455031607e-14
-3.590134847586483602e-01 9.243238943407069974e-02 2.883624378951129424e-26 -8.415300525901180201e-17
-7.630535760937284806e-02 1.928836355612710898e-02 -2.184217124106439335e-24 2.827106852204643748e-16
-4.679282487060603124e-01 3.706289148204729156e-02 -3.056732337259243234e-24 4.661996831157680400e-15
-9.270755696609742635e-01 7.290946097820351184e-03 1.507318476086150615e-24 -8.959835724336810202e-16
-9.895744035023066321e-01 -1.958984450249789261e-02 -9.533963514322066106e-26 -1.625357605851485945e-16
5.134867519517445356e-01 -1.513362228313866594e-03 -1.563478616884185948e-25 1.068464457134021224e-17
-7.403592811700958620e-01 4.312109073284577793e-03 -1.051644497737617873e-25 2.952549701333715008e-17
-2.447987096785442240e-02 -2.947163005377000794e-02 9.115998929558772237e-23 5.783803732498091300e-15
-2.898783878135413605e-01 3.479445211720362009e-03 6.217000402989208091e-24 -5.514456757736255428e-16
-8.125618979698816524e-01 1.912963388092670577e-03 -4.328608669448792079e-26 5.917079949259752853e-18
-7.233003844792305070e-01 1.095083793188592058e-02 -8.537249950529845994e-23 5.946754975808095757e-14
-6.919124587853575648e-01 -3.913128393605763006e-02 3.245161429745937967e-25 7.726940256354431418e-16
-9.912006934574884021e-01 -4.844729292115152602e-02 -1.040074540972786481e-24 -4.392295783447838830e-15
-3.536930915858540470e-01 -3.601068901869278888e-02 9.489236945775631105e-25 1.062882605468834779e-15
-2.967096881577382383e-01 -2.982546083909468331e-03 -5.478337417195576685e-26 -4.263474479058391321e-18
-5.131379493611025744e-01 3.371787117373074155e-02 2.236704443366689024e-23 -3.403289408495193624e-14
7.894066835621176281e-01 1.955889740419969845e-03 -2.769967842585244547e-24 -3.761108787155411272e-16
6.837970490451961147e-01 -2.721952682874546111e-03 4.449418854016394027e-25 -7.282945913672493667e-17
-6.936756726332689027e-01 -3.482677718718058587e-03 -5.370490507510053721e-25 -1.140984395775557951e-16
8.886360577048049159e-01 -3.280124099609914648e-03 1.493287519689874515e-24 -3.827838817339708207e-16
-9.447836021892890290e-01 -8.421303376762891146e-02 3.203159816743646716e-23 2.241229179219922592e-13
-6.774916980119789489e-01 7.229575554907169410e-02 -5.830545947182965872e-26 2.511435338884396943e-16
-4.997296014833558786e-01 -2.133844624125380215e-02 1.364022549860622131e-23 1.279132163007795549e-14
-1.202463960834840861e-01 1.593161634814107760e-02 -8.939853643911446536e-23 1.506115637808855634e-14
-5.551262456245558141e-01 7.497869593362190867e-03 4.739727044405361454e-23 -1.734918090473392181e-14
-8.047286687128860638e-01 -9.924216186631069914e-02 -7.182290994196459567e-25 -5.044343897561158738e-15
-1.839386904227717778e-01 8.669512337796896062e-02 1.828852430256431002e-24 -2.564734555412858376e-15
7.730737297237861849e-01 3.299916027899087514e-03 -7.600449861327774426e-23 -1.705136311180009192e-14
-8.067279783150227424e-01 3.077370386441093814e-03 -2.751376219999341992e-23 6.006934121391549076e-15
7.909168634388681340e-01 3.769392270401170520e-03 -2.791941773017336383e-24 -7.319889550351749914e-16
-2.475776138491514455e-01 -8.448013330926276709e-02 -1.521070168551928360e-24 -2.797764870185100530e-15
-6.554823060941803448e-01 4.484420326754258446e-02 -4.029596195771668884e-25 1.041657184438267693e-15
6.424096044684137752e-01 4.376212371524881156e-03 1.733335078331450053e-23 4.285376081806477417e-15
4.431827066583737817e-02 1.504935205772481733e-03 3.126095107025831684e-26 1.833575488216614197e-19
-5.980313344840988421e-01 -4.130527308260322807e-03 -6.365239959833823726e-25 -1.382739020049367202e-16
-6.175221054596318204e-01 1.297457678485941339e-02 -3.455161280738910394e-26 2.434501429277846843e-17
-7.337841869116172866e-01 3.113030318053399727e-03 -3.409678344445032349e-25 6.849535334831944938e-17
-2.649162848582060636e-01 1.673092499985874256e-03 2.054461666473421457e-24 -8.007973936588938053e-17
-6.333989599247615843e-01 2.185571349389472257e-02 6.313437275021347534e-25 -7.686067694367643277e-16
6.309206408034075952e-01 1.846841970791441483e-03 -1.883092138144492388e-23 -1.929621111188879040e-15
8.286712692904012467e-01 2.361671794119815128e-03 -8.980471058916515290e-26 -1.545599407101898551e-17
5.458967108582402084e-01 1.383306929316145900e-03 2.942081878328815544e-25 1.953798560817356131e-17
8.492178041977993530e-03 6.776379621503903807e-03 1.141278239379900822e-26 5.775696387903319346e-20
3.641845273484523027e-02 -3.973632039504191096e-03 -1.290267226050292548e-23 1.642044057812464071e-16
1.111618293620741937e-02 -1.978752743494764741e-03 -4.403121469912353960e-26 8.517338003121235651e-20
2.309754860431767476e-02 7.310367973159884181e-03 9.787089791183691281e-26 1.453298083432372008e-18
9.332415129383309083e-01 1.241472761537506728e-02 7.458198117205639994e-24 7.599082516311832255e-15
-3.233302279458938333e-01 7.811430151812982781e-02 3.050485930531955705e-26 -6.775508411749431701e-17
1.226059064470075288e-01 1.171101999308092959e-02 -1.907668223843440225e-26 -2.408823397434062637e-18
9.470493281080250014e-01 8.312496880435719937e-03 2.069826790251102120e-26 1.432960106294061614e-17
-9.570821277623935419e-01 5.104351846399605291e-02 -3.454470700906365981e-24 1.484114209751728988e-14
-9.479022577936473404e-01 1.665204375883053839e-02 -3.499580598896665190e-23 4.857838826976103314e-14
9.717385340485271694e-01 1.355235013825661092e-03 3.321733501282623037e-26 3.847023377112131521e-18
-8.060020339411229084e-01 1.215302439682864472e-03 3.246212243534802460e-24 -2.796362176423076326e-16
3.079431104161367561e-01 -1.326264589972722327e-03 -2.641944865013537883e-25 9.488999352469729877e-18
9.227595905058816328e-02 -4.644439456486453878e-03 -1.247042410246662999e-23 4.700013413623617976e-16
6.934121190793527401e-01 7.070188604542874955e-02 -7.314265791280097891e-26 -3.153473351218911614e-16
4.608529169982078511e-01 1.540596129717666796e-02 -9.867786456214199190e-23 -6.161222406195934982e-14
-5.700361383972742946e-01 4.062618920798424793e-02 -4.087879804621156166e-24 8.325351800351188207e-15
-3.079889690778865319e-01 2.484770095635286530e-02 -3.814936723654239507e-24 2.567466070461007359e-15
-2.338386240262004812e-01 -4.208864461150908787e-03 -1.418123798282167113e-24 -1.227414735126671829e-16
2.319804819345352431e-01 4.516228485118334302e-02 -1.861318160532295206e-25 -1.714920401727440505e-16
-2.353279681785065414e-01 -3.632000965179696395e-02 4.185266107722727503e-25 3.145854103066009850e-16
-9.701293635114318636e-01 7.798725877812939800e-02 -2.265816957914244500e-25 1.507558342532364093e-15
7.157793179780629345e-01 -1.250717557738997496e-03 -7.015073320856680000e-26 5.522892716679953045e-18
-9.626330213993563589e-01 -3.918844448767766324e-03 -1.905914694411002469e-26 -6.322928042097869472e-18
3.520788961801286643e-01 1.437460306100756327e-02 -1.100592057065547270e-23 -4.898444924837007016e-15
5.148199052328641390e-01 1.261247126854221634e-02 1.828596394284020304e-26 1.044165596008143684e-17
-2.314993303287056214e-01 2.028061406862625895e-03 4.462767839033679206e-26 -1.842600288138524313e-18
-4.661440772081961725e-01 7.896600995175747512e-03 1.522292074216642705e-23 -4.927814501970818967e-15
-8.597788640078616318e-01 8.190061360312236860e-03 -3.441504794858833979e-23 2.131171007866565847e-14
3.280714647003033502e-01 -1.616207963517409018e-03 1.628124147367502562e-25 -7.591877953177300002e-18
3.247132022005361218e-01 -7.365199811997173718e-02 1.442957687680838167e-23 -3.034827960101852538e-14
3.872455320891843300e-02 7.766373686671228238e-02 1.056657838641569671e-23 2.794699250066546699e-15
-2.589600000447800365e-01 -1.167577737327052433e-03 -4.350020260941208528e-23 -1.156660146909766695e-15
5.795742089812858655e-01 -8.641802450956277692e-02 4.432197314542092714e-24 -1.952218715719262304e-14
4.463868169471298941e-01 -1.514500361874515991e-02 -6.574859686547131634e-25 3.908978043029897715e-16
5.676937043181646825e-01 -1.005473224668977303e-02 -1.686753112412827237e-25 8.467049689884655030e-17
-1.418539223518511250e-01 -8.232927372430548507e-02 1.914622870349327848e-26 1.966413629464022387e-17
8.556059397740345407e-01 -1.672740400232818709e-03 -3.851762259703283950e-25 4.847946415436856425e-17
9.447506107150431820e-01 -8.716154797601648185e-03 3.262508900423111600e-24 -2.362597942691444461e-15
8.521981464058125955e-01 -3.483803255968839774e-02 1.902662839574588169e-26 -4.967662042356976557e-17
-6.076166443914108317e-01 1.151981986769310372e-02 2.640388285531333173e-24 -1.625321003885017062e-15
9.170487858996918540e-01 8.820356908663097573e-03 2.675922824917223083e-26 1.903479410067260107e-17
2.266421889574021797e-02 -1.235953606311024529e-02 2.298141932945066494e-24 -5.661294827766718710e-17
1.938840608174534630e-01 -2.308637855648477087e-03 9.579217655320453812e-24 -3.770717195944232067e-16
-5.679761978834270142e-01 -4.801856201484664549e-02 -2.346637401371464784e-26 -5.628352317795087686e-17
-1.259931617388301284e-01 -1.541885384848450634e-03 -6.563339447477159760e-23 -1.121295121638247547e-15
-5.398530914402928094e-01 1.878395817677099705e-02 2.902525136104859048e-24 -2.588419691405267369e-15
6.111618837764887235e-01 -2.452559398441273453e-03 4.364204602379050460e-23 -5.752768510080739193e-15
-5.825388865782730186e-01 -2.863760147139665820e-03 5.155738345203811584e-26 7.563946204876650485e-18
-4.088703968086173646e-01 -1.707480730891310951e-03 1.127211622277833957e-25 6.920587075754352184e-18
9.727055256830663410e-02 5.325461729083359047e-02 9.247437114393210352e-23 4.212656401014848059e-14
5.514418810956913664e-01 -6.611826916621926786e-02 -2.340125892675191567e-23 7.503371431469604976e-14
4.125044676439793001e-01 7.582846609083247758e-02 6.884444566048310007e-23 1.893763906759621900e-13
1.382284729009048974e-01 -1.619940172391342789e-02 2.087758224237023125e-24 -4.111238664811538041e-16
2.978488445360896186e-01 -3.511804597670998423e-02 -1.058556434899630461e-24 9.737249083486795154e-16
-8.983334757813801197e-01 -4.247407213281009959e-03 1.594644780216732488e-24 5.350833530717330521e-16
-7.307914192414670662e-01 2.261689217675805566e-02 -8.700326701250508221e-23 1.264613833300479755e-13
8.303829144491914338e-01 -8.890321988733768110e-03 -4.099141457455704786e-23 2.661244649250749478e-14
-6.980657720373562025e-01 -8.587718510536485050e-02 5.325929725722799317e-24 2.807796165810735199e-14
4.828894705479320759e-01 -2.010986148519023492e-02 2.207019704493527357e-25 -1.884772887571823349e-16
4.519592795302909138e-01 -1.193138767701573157e-02 3.541061097426976212e-25 -1.679266735854467771e-16
4.154557974301154033e-01 8.471039250917510380e-03 9.637025287517703281e-23 2.982637793880296638e-14
4.897578040970147484e-01 -2.534102205159532474e-03 -1.945424239071552022e-24 2.123321781507773053e-16
-5.193364225259187172e-01 -2.115691427185520737e-03 -1.107415739285459194e-25 -1.070059187655424532e-17
6.196368826844020905e-01 -2.702955683752751581e-02 2.746611463694740474e-25 -4.045474000441915552e-16
-9.082234433041476152e-01 -3.699271322772882276e-03 -2.043382915733325944e-23 -6.037465359531448882e-15
7.219333307130597621e-01 -3.090874585061596791e-03 1.790011546116375839e-26 -3.512613040259303583e-18
-4.892931711460279942e-01 -5.588618699785736360e-03 3.924517644297283578e-25 9.437477308828112230e-17
2.903711169473819353e-01 -4.873196264690645915e-03 9.736042796386722569e-24 -1.211562415418109560e-15
8.013351606882450628e-01 7.339634331961551392e-03 4.561334935967779367e-24 2.359264246056715496e-15
-2.387948873211462875e-01 4.092164634631668962e-02 3.778804430412755352e-25 -3.247345802691863760e-16
-8.480666067108513229e-01 -1.035077445024462292e-03 2.286028707100029201e-23 1.764739018741173372e-15
-7.332455167725819845e-01 -2.128476737883167394e-02 -2.049633094006157074e-24 -2.813134192700055573e-15
7.303803696035711113e-01 -1.804139318318693716e-02 1.934522147262258210e-23 -2.241758731331535950e-14
7.591879531537260029e-01 2.107533006930264498e-03 -5.061343653929192888e-23 -7.121730241371210466e-15
7.344588553871982395e-01 5.212402672242130719e-02 9.496572630918042652e-26 3.197189107595470762e-16
-8.221241877460159220e-01 -5.542477026364427649e-03 -7.029278772682022943e-25 -2.816748651046308238e-16
9.115238078310101688e-01 2.106592278549409419e-02 2.285077055791352034e-24 3.858738554455805416e-15
-2.844223008263011554e-01 -7.363814669724657452e-03 -1.517446337392976277e-24 -2.794961546370423442e-16
-7.419000598022940096e-02 2.335126528862568190e-03 -1.105822106701733959e-26 1.684756311294890918e-19
-5.746460457447741810e-01 -2.628445275029617223e-03 9.488223945486651353e-25 1.260318434851723310e-16
4.742553267346640844e-01 4.025837994406130348e-03 1.133598118114190069e-26 1.903371790153252863e-18
5.485589114965412350e-01 2.352309516556019484e-02 -4.326140169646296392e-24 -4.909240714252647323e-15
-2.651501720295419418e-01 -8.629315341780291818e-03 2.337072457946162130e-25 4.702582578869368203e-17
7.390015364404352027e-01 5.378469163503683120e-02 -8.654391343664340650e-26 -3.025077841194403880e-16
-9.220266679592161729e-01 -1.312422387634303196e-02 1.033729028533563474e-24 1.100068742781529839e-15
3.164808600148796280e-01 4.878433589552153005e-02 -5.039544460565490280e-25 -6.842505083755172096e-16
8.149468400680244251e-01 -7.022521070198271820e-02 -1.930693384218527434e-24 9.716987404859850009e-15
8.236475924480979316e-02 -2.643706140382465208e-03 -5.083927664404731359e-24 9.735314276909467443e-17
-5.823051383901720612e-01 2.671228837843882698e-03 3.611856875697990320e-25 -4.940697333593134278e-17
7.565551911828696241e-01 2.286724450656376761e-03 7.424313890302667560e-23 1.129553423954605234e-14
-5.797260364622174311e-01 -1.943942775182638111e-02 -7.168111749253730591e-23 -7.104067013209865745e-14
-4.664389950126286433e-01 2.717963201888138128e-02 8.601906010523351718e-25 -9.590232073259001395e-16
9.205925921749087415e-01 3.925287336116405935e-03 -1.214948162140637234e-25 -3.860936667646400197e-17
8.499108026408614958e-01 -1.208883317630760675e-03 -2.302661399576886560e-26 2.080577103610657979e-18
-8.166201853652157450e-01 -5.006697397606854616e-02 1.579536418056755572e-25 5.679329920147052888e-16
7.523725691364915313e-01 -5.569180981000869911e-03 -4.280914216071637475e-26 1.577454386380005434e-17
4.855163409196363578e-01 -5.657171928015404007e-03 -6.277980199604731534e-25 1.516418838572508820e-16
7.556418426410531630e-01 -4.509142605271714010e-02 1.153860710956880300e-24 -3.457477439767779855e-15
6.276703741255815761e-01 -1.361789881537504507e-02 -1.866057041898497903e-25 1.402693062365950702e-16
9.377823341996085471e-01 -8.890903628968599773e-03 1.454372643118521436e-23 -1.066398799021432120e-14
-6.596396771027619454e-01 -3.952120619677314262e-02 7.187261443773331218e-25 1.647769290644016854e-15
-5.980131711616358814e-01 -5.177221435396749116e-02 5.108418146376992223e-24 1.390880855097821509e-14
6.648771538433841943e-01 1.176116537742756887e-02 -1.599771812373951315e-24 -1.100134559206290123e-15
-3.781136406446370390e-01 -2.646806589033703222e-02 -7.345151882353486726e-24 -6.464595164170440431e-15
-3.685527958999115228e-01 -6.562170923892944596e-02 -1.504542228094258146e-25 -3.199982699408356679e-16
-8.636738627225679643e-01 -4.101312616875642941e-02 2.820913777795675210e-24 8.787360895220607226e-15
-8.879949302992782290e-01 2.710026305379038825e-03 -3.472824556200434404e-24 7.349585335670669850e-16
4.601302420881205890e-01 9.491516111493753655e-03 -3.635381948091812531e-25 -1.396247518228899402e-16
-5.347218776231852377e-01 4.786182484302687300e-03 1.554770857222121112e-26 -3.499287280686789361e-18
-9.454638018159824409e-01 -4.844130455931905388e-03 -1.422941532235292611e-26 -5.731176619008485127e-18
5.835605927805429527e-01 6.011291892152437200e-03 -5.067397411840260851e-25 -1.563272683148036483e-16
5.943465779516663439e-01 1.617399349088597922e-03 6.328089185043909250e-26 5.349653114255282380e-18
-6.134782347774960787e-01 -1.696307792405810652e-03 -1.760744649356610336e-26 -1.611373414289225714e-18
-1.191398090188278136e-01 -1.872828872502547851e-03 -1.716493065351962402e-24 -3.368162600230848200e-17
5.981813492621117501e-01 1.286334904509909074e-02 -7.369888748879525481e-23 -4.987051518864729616e-14
-9.161204053911320422e-02 3.562622654603916743e-03 -3.211698473562295813e-25 9.218349027588689585e-18
-8.441067766004419770e-01 2.677424684779502930e-03 5.681459445392190618e-26 -1.129199198678077792e-17
-1.578937741795916061e-02 1.934443043055527472e-02 3.018875918743612621e-23 -8.108905073766497210e-16
-3.387403015920362748e-01 4.259705221672837466e-02 -5.121714547924462544e-26 6.499168344919135208e-17
-2.443576188966243290e-01 -7.158309756343974282e-03 2.626876554927619603e-26 4.040843555336476723e-18
2.969600474237197307e-01 -7.672141162533801031e-03 6.928815283994503439e-25 -1.388256107515639376e-16
-7.782707064905591832e-01 5.896576276720166127e-02 5.959592989287695236e-24 -2.405155754999161710e-14
9.714305897554962321e-01 3.485623844555080144e-03 -2.616663901088079503e-23 -7.791772006268519526e-15
-3.461106317616120531e-01 -4.660188938724304022e-03 -1.529664164395711821e-25 -2.169754299702604302e-17
1.916866150450957651e-01 -1.298308015605579083e-03 -1.697426653983570999e-26 3.714980551407560866e-19
7.923200188239594155e-01 -3.562814569673139475e-02 8.358475273756745668e-24 -2.074994314184836807e-14
9.415036053954282114e-01 -1.911824660754643176e-02 1.007377524980634142e-24 -1.594624030201652697e-15
8.873545315005149092e-02 -1.681527915993502251e-02 -1.958148536641103623e-26 2.569466062495022807e-18
5.690083880510643510e-02 5.630457554274224258e-02 -4.110010894568266177e-25 -1.157980726069061392e-16
7.237978858304312535e-01 3.300759004820731646e-02 2.481859346918656109e-25 5.214399393860308982e-16
-2.099012398229271881e-02 1.153776278041582226e-02 1.697040418427554462e-26 -3.614304976413582754e-19
9.075055849384341400e-01 -2.002615982079089876e-02 -3.391304935478456074e-26 5.420131540053408692e-17
2.603331732189795300e-01 2.966746162812280291e-03 -3.862942836113879807e-25 -2.623760461374869644e-17
-4.009678385186909999e-02 -1.700917599847590056e-02 1.438660336554425475e-25 8.628734079060088019e-18
-8.994264327164318562e-01 2.162441424894087985e-02 2.419996912094608694e-23 -4.139241933868336978e-14
-3.227596228030806813e-01 -2.315337264740276874e-02 7.830738885806474211e-24 5.146265689196220048e-15
-4.685350040590374743e-01 7.301236883892685270e-02 -4.588896623759547922e-25 1.380520169356641103e-15
7.447388772571761351e-01 -5.289675356360482548e-03 2.036903716023500382e-23 -7.056665725685416317e-15
8.185892666290084385e-01 4.694782030533546820e-03 1.319458631837659003e-26 4.459367438980942620e-18
-4.727443503906347821e-02 1.731710435534345935e-02 5.420319742184916170e-26 -3.902316839132013499e-18
6.620206771369050447e-01 -3.455415788060302654e-03 -6.457889830180910293e-25 1.299147612413526354e-16
-6.263108100422121183e-02 -2.319221126368546659e-02 8.210987511314870127e-24 1.048874333199830489e-15
8.271333475287740988e-01 -5.655278245048483976e-02 -3.382982808333880165e-24 1.391634860286715447e-14
-4.092152067786769543e-02 7.925347929341297615e-03 1.471787205178421054e-25 -4.197697365198492561e-18
-1.737874538145063319e-01 -1.564227183365877322e-02 6.361657447706384424e-23 1.520843513238201122e-14
-6.523576713062393395e-01 -3.745121350470656529e-03 -5.591381736152124014e-24 -1.201342418696353781e-15
-6.016639389526978743e-01 -8.596585349344928323e-03 -7.694569198920786722e-25 -3.499937362609255374e-16
-7.143987471692292424e-02 -1.072425625823101789e-02 2.061570896196601240e-26 1.388999668558654394e-18
-3.082778551787499488e-01 -7.111102383901388158e-02 -4.380539099843121529e-26 -8.445061599954727190e-17
4.080357739115558768e-01 -2.087183694906569187e-03 -8.936229669944151260e-26 6.692821411716462032e-18
3.804217608534592454e-01 -5.633993007919149698e-02 1.500883451440290805e-24 -2.828945785331884745e-15
2.351590804644974053e-01 -3.827879351882331176e-03 4.255636624056781079e-26 -3.368841144035141891e-18
-5.898762719312129477e-01 -1.069882614831786823e-02 4.829312528998277095e-23 2.680268913243674109e-14
8.209228018077812106e-01 -1.386153463060577247e-02 -1.995022192584389559e-26 1.996445065108853763e-17
6.148829202474432876e-01 1.954887857646615389e-03 -2.662010865362284683e-24 -2.813974145798364305e-16
-6.189078765964464157e-01 -5.222660542208434203e-02 -6.184584021941583857e-25 -1.758021990120535338e-15
-8.731402336436766554e-02 1.435932086485504355e-02 -2.555857667629074163e-23 2.818062143914533203e-15
4.971518345654024618e-01 6.698676048371671188e-02 -5.644874473566821123e-25 -1.653211094568061674e-15
1.184342066384174164e-01 1.532184889589618439e-02 1.275168322963439530e-25 2.034941113136774290e-17
9.366995730573437484e-01 -1.585496440470503601e-02 -1.943734584041935756e-26 2.538625019335018229e-17
4.836988862017004287e-01 -8.612179443295926717e-02 -9.776280377714899780e-23 3.581441042847704513e-13
1.811053811848339912e-02 -4.803948148665252577e-03 -1.741345049138520422e-24 1.332325995748149739e-17
4.810957252429406417e-01 -5.547495903001856826e-02 -7.196375947468630780e-23 1.689033766290430781e-13
6.674133437375779909e-01 -2.268223038614109940e-02 -1.125508670636742492e-25 1.498392146229131262e-16
3.215427998596713799e-01 -1.866505939121712587e-02 4.150340874778230910e-25 -2.190523583105863310e-16
-5.905148559382833451e-01 -5.339832209565174327e-03 1.053788173971033187e-23 2.922185351221774664e-15
-9.755155446431462707e-01 7.618534700596375775e-02 -2.874961029447365341e-25 1.879029535656993113e-15
4.160796349233124580e-01 1.420189976014551384e-03 -9.142336795623120348e-26 -4.750902517070048862e-18
9.128123517310107182e-01 7.512986000056463658e-03 -5.427307844978723538e-25 -3.273215085790941096e-16
-3.039469222761981282e-01 -1.201698297396333864e-03 2.479133048748239574e-25 7.963225813206743817e-18
-2.935213366795734746e-01 -2.499127825839375996e-02 1.038550170833983802e-23 6.699642492325508783e-15
9.775259644076239596e-01 3.197465210399325162e-03 -1.156632669025511976e-26 -3.179256622826417703e-18
9.472487061767906891e-01 1.454136998682038296e-03 -4.156654853931122322e-26 -5.035114028167422993e-18
5.968308970139966085e-01 2.369449411867140254e-03 1.389574329275679914e-24 1.728130445344551525e-16
-1.087887748461882076e-01 2.887362638445547039e-02 -1.759375289726981398e-23 4.860040706067484856e-15
4.936731752049821065e-01 -3.336626818419713425e-02 -3.032370168706873503e-23 4.392637669466188659e-14
-6.061571377442038777e-01 -1.627617317312319038e-03 -3.804804934689021366e-26 -3.301155043008643994e-18
2.556130233509503746e-01 6.706034093698458320e-02 -4.020671191298231278e-24 -6.060986164919967501e-15
2.366897535020220378e-01 -3.546159295381646342e-02 9.504093086090153484e-23 -7.015269819603976338e-14
6.694848707097518226e-01 5.139043173755420899e-03 -8.868211512878059087e-24 -2.683212549470104385e-15
7.168107475013019148e-01 4.513016138097705743e-02 -2.980138140153726326e-25 -8.478202605794204960e-16
-8.286568994890726181e-01 1.468087614108638589e-03 9.972689438539949825e-24 -1.066927773382715602e-15
-5.592045613613618738e-01 -5.341935319489721050e-03 5.991342519581576631e-23 1.573944735635421570e-14
-1.664478751939715284e-01 5.471723995298542753e-02 -5.093001212110289868e-23 4.079173878886576307e-14
9.042019124035867161e-01 -6.192462688262450644e-03 1.313342647231897098e-26 -6.467000091423524244e-18
-2.832912551052451100e-01 -6.934750870074694526e-03 -4.134235624146255045e-23 -7.142582370371700767e-15
6.274262648736883552e-01 4.572779869838361835e-03 1.157394566050054521e-24 2.920252668806734861e-16
3.712873573264345861e-01 2.384499885508431852e-02 -6.586840865221947159e-23 -5.128385207643049681e-14
-3.375047123964762807e-01 7.187433928947451096e-03 -8.886654087210124898e-23 1.895780196987273007e-14
6.164168284522799635e-01 4.194519889607760399e-02 -4.606940586705825736e-25 -1.047527315373493862e-15
5.545434246925868838e-01 9.318243752449608189e-03 1.085108729682171951e-26 4.931044078390979661e-18
6.854530945848675838e-01 -6.016235801997088517e-02 -2.651147354438954817e-25 9.614627403694925354e-16
-5.720528166994651720e-01 4.178621300976568392e-02 -8.008963767100974851e-26 1.683609902093160889e-16
7.301490545128177523e-01 -2.492724038893029403e-02 -8.358324842705771190e-24 1.337830137624782593e-14
-3.445772897909260557e-01 1.704053544017087793e-02 -1.121517966993299280e-26 5.791247469955816777e-18
-6.258243878058058485e-01 -4.275842855951884902e-02 -2.922979579697209709e-25 -6.878535779877098741e-16
-7.580845506191664640e-01 2.651065736302984921e-03 -1.389281866038014200e-24 2.455412769470458866e-16
5.062305934118414008e-01 -1.885062628232674715e-03 2.987790187469414079e-26 -2.507380639264496298e-18
7.734768118763208911e-01 1.092270037494162682e-02 -2.176809166818514585e-24 -1.617311508660065488e-15
-6.660617253562810536e-01 4.327560982064495090e-03 1.463619462036714214e-25 -3.710067837092307563e-17
9.613974110607546031e-01 2.590202417689546621e-02 6.016401507396648465e-23 1.317557156955249845e-13
-8.401724971434214595e-01 -9.297444500388982180e-02 5.454342129561116723e-23 3.746885586796595959e-13
3.809736439001305541e-01 -6.148630936943489354e-03 1.985102322075364810e-26 -4.089330912034100198e-18
3.575439867788587911e-01 -5.350164053438263151e-02 8.525153776890642579e-23 -1.434150733609230806e-13
-4.348718293417501712e-01 2.506890444848769092e-02 -3.630939372936727286e-25 3.481060955086276961e-16
-1.391053565001267867e-01 4.595712164920574827e-02 2.218426965702404276e-23 -1.247204904483793067e-14
2.265844617177115161e-02 1.241371512126275035e-02 6.911206592366402613e-24 1.709549871053608556e-16
-7.231740537461783802e-01 -6.411620556954489292e-02 -2.388421632824078375e-24 -9.739073537294061215e-15
-5.229248471695022715e-01 -1.024560646145674693e-02 7.485290164205247055e-23 3.526806147585094460e-14
-4.029524579761196712e-01 -2.252727694767384103e-02 -9.222031438662774511e-25 -7.361818504054285794e-16
-3.822880571172324604e-01 1.381120669773956700e-02 -1.621883812188229919e-23 7.530747652699306868e-15
9.662738104364911873e-01 -4.313540478369368159e-02 -1.374696729224164694e-23 5.038914464143774292e-14
-5.420464435599692266e-01 1.853871207398975155e-03 -4.369352027552287142e-23 3.861260436845639360e-15
-6.449133072195922800e-02 -1.365816644635537910e-02 3.514819728541777808e-25 2.722656138740759239e-17
-9.130564585077807216e-01 1.036335202728865370e-03 -1.586958376633639028e-24 1.320563897094730592e-16
-2.150862926610943582e-01 2.343384998940694491e-02 -9.806479143367582823e-25 4.346758266511062936e-16
-6.199664450228434820e-01 -9.996647890885786147e-03 4.597263360001279473e-26 2.505635904735166105e-17
-5.081116068047084600e-01 -4.604700286792003106e-02 -4.391282852265107142e-23 -9.035410652324840326e-14
-1.803330004185244029e-01 -3.141592814841918241e-03 1.629907487067438879e-23 8.120524082725082250e-16
7.963290081890403993e-01 2.897408504879681653e-03 -1.186978855651423777e-26 -2.408470048447783044e-18
-6.292048756202379689e-01 2.027428616330928090e-03 -5.113072979963583027e-23 5.736085857640130141e-15
3.244282858738121167e-01 -1.278091824795471584e-03 -4.912398954994831717e-23 1.791308552889968830e-15
3.006883435919012193e-01 1.646857599366621447e-02 -3.903344769835287807e-25 -1.699830251404349419e-16
6.638627177138025637e-01 -4.024641540139458490e-02 6.528924477598946675e-24 -1.534062770185574299e-14
1.420308505317464665e-01 9.006856380843707155e-02 -5.004071488853295713e-23 -5.629572691366070425e-14
-3.757379079578455627e-01 1.370378220538148381e-02 3.383904838609358404e-24 -1.532285184530633259e-15
9.445063950109819917e-01 -8.429868632898321335e-02 9.252721801936836483e-25 -6.478749890826774973e-15
5.794757725520769398e-01 -1.455250005141958637e-03 -1.875634704932896102e-23 1.390968044720680285e-15
1.032725966279839369e-01 -3.276273899836626338e-03 -1.670885967426848049e-26 4.971736588960644690e-19
3.199135996790059000e-01 -3.799724965949288855e-03 9.698105273938983898e-26 -1.036734997323085467e-17
3.936098581724456480e-02 1.468695361486998564e-02 -3.252496731545814499e-25 -1.653524215474020874e-17
9.525832166018690650e-01 1.993349804405453000e-03 -1.299179341633821317e-24 -2.169459514237773497e-16
7.276304035299343553e-01 3.392732945447181781e-03 9.002988158734907857e-26 1.954533834441317397e-17
-4.743039410432636771e-03 -1.123799650524777774e-02 -6.382193439333862456e-23 -2.991655555131732962e-16
-3.664451282782541508e-01 -3.097898864731732371e-03 1.863772490067055697e-25 1.860651705045856309e-17
3.435313898253600229e-01 -4.533514062042044886e-03 6.093806729476845691e-23 -8.346147775278157631e-15
1.357935688075069258e-01 3.670361664814660030e-02 -2.927402368595002955e-26 -1.283117660931356176e-17
-3.054881545526542119e-01 1.792353912177324995e-03 -3.138070183323481321e-24 1.511042904279096322e-16
6.749017440168978421e-01 1.742683729773523375e-03 6.458659309676804761e-23 6.680323647405276921e-15
8.411114322318256065e-01 2.308011076433546128e-03 1.401241213948305712e-23 2.392215651038939321e-15
8.795286108668614045e-01 1.352282427552682284e-02 2.215184617977051044e-25 2.316985433535583603e-16
-3.882039582558405311e-01 1.532283055024285428e-03 6.891334345305847370e-23 -3.604941981501154379e-15
-5.531341067531194700e-01 7.503587346294794680e-02 4.813598698717852817e-25 -1.756973705778942118e-15
-5.673552070992604612e-01 2.019317025722360687e-02 5.218395838500709819e-26 -5.257660892366710227e-17
3.374689693333696727e-01 -6.507215648915713746e-02 -1.351763525817677539e-26 2.610512449933386497e-17
-8.575383735544250818e-01 4.183721767048406183e-03 1.455537079046231105e-24 -4.592356890599013747e-16
-5.307579349172666383e-01 4.071560223590781763e-02 8.867275260509615334e-25 -1.685169340548527378e-15
-3.732370594398888297e-01 -3.106514287787633111e-02 -2.847070826853037596e-24 -2.903035764033043005e-15
1.204812616223451816e-01 5.307252397053595881e-03 2.285580348713647571e-25 1.285232627319718414e-17
-6.068341819736347009e-01 -1.895759528564215993e-02 -5.321580852804610877e-26 -5.383812775657751612e-17
9.272567939688272087e-01 7.214607299159931687e-03 1.842904987276740158e-24 1.084205651061413447e-15
7.446348073421580338e-01 -5.103338375748476402e-02 2.932740723327223161e-24 -9.800931824524769835e-15
-3.171069967819346580e-01 -1.980192988271358909e-02 -4.091888552766244265e-23 -2.259608189017289603e-14
-1.055144765383622119e-01 -9.352639041553444110e-02 -3.079433802186839674e-25 -2.672471577434245021e-16
-8.609656789941311228e-01 2.489076097491753348e-02 -5.246311264596393977e-25 9.887217041778954210e-16
-2.851984426495020042e-01 2.377837445555974327e-03 -1.209751931032409612e-24 7.214755799504540359e-17
4.495224078092701081e-01 3.088123217110340379e-02 8.509105204251051986e-24 1.038785453360892676e-14
-1.811327865493896905e-01 -3.123897006371573019e-03 6.088028137589213840e-24 3.029468398748587044e-16
4.542390324513636557e-01 -1.230411443862018325e-02 -4.364343871147163298e-23 2.145111020164914682e-14
9.023191957372140859e-01 8.818959723048861582e-03 1.081938577864023149e-24 7.571399506107505311e-16
2.874692590596017450e-01 1.086764501972224033e-03 -1.688353803719995445e-25 -4.638593496229449222e-18
-6.735364124575669020e-01 -7.778428253163040436e-03 2.693248057158965420e-25 1.240867143332999110e-16
3.680366948717761488e-03 7.481434174922421687e-02 1.045321955134471530e-25 2.531174306956325810e-18
-5.975537361140168535e-01 5.732870629279408076e-02 1.335290859314398289e-23 -4.022730922315052530e-14
-2.527504108069504873e-01 -1.444243408913624535e-03 3.627700384247107687e-25 1.164554118737460731e-17
9.241403678665536248e-01 -9.597282840642579194e-02 2.313902865346927059e-23 -1.804792840800030490e-13
5.819494826049758096e-01 1.243297960424762268e-03 -6.904061881607434983e-24 -4.392999797875311253e-16
3.300813779337290477e-01 -3.998084255153921268e-03 4.543821941869565473e-23 -5.273394604248275752e-15
-2.958078009134434971e-02 -1.759004936366463309e-02 6.741556334909811247e-24 3.084841461822916527e-16
1.975640061342884835e-01 -1.522612840444228545e-03 2.122013445988186261e-25 -5.613599744863088443e-18
-3.264406463566054128e-01 -7.526916719173681880e-02 -3.725626565029815403e-24 -8.050385211471067344e-15
3.218314483805957416e-01 3.084402489047155613e-03 -6.478747287997965258e-26 -5.655702608524896091e-18
7.299684381258060295e-01 5.868645093555093645e-02 -4.115548293721695611e-24 -1.550478083526589200e-14
-3.596904129008482442e-03 1.228889242286606079e-03 1.719603194889782728e-23 -6.684452607098647915e-18
1.793760286667767101e-01 2.060493685495488544e-02 4.618504467543156952e-25 1.501181006643629350e-16
8.027556110982143611e-01 -1.640552556382189652e-03 2.058757718390145965e-24 -2.384375981962435802e-16
4.078167688635823129e-01 -7.973069678458552523e-03 5.383185856938751385e-24 -1.539309726320005499e-15
-2.086428283416845719e-01 -8.808073084742201742e-02 -1.126488758083420231e-24 -1.820569376221814624e-15
6.134231448023552691e-01 2.445256626004745689e-03 4.104214741444196031e-24 5.413905598849492767e-16
-2.353716221193773439e-01 -1.235421817934253749e-02 -8.102731946201016163e-24 -2.072033818501180027e-15
9.932092117627679961e-01 -5.367865950277912225e-03 3.434408196800736340e-23 -1.610238896057758298e-14
-8.029388054009287679e-01 -9.166667879124595908e-03 -4.751330873485858090e-25 -3.075425558819599001e-16
-6.888130168595172353e-01 1.255924178617509731e-03 1.929158213527066213e-25 -1.467670664329412958e-17
4.228137187180516232e-01 1.969596954530313838e-03 9.297963200593282967e-25 6.809422124861917769e-17
2.272441410368257753e-01 7.623087438468371946e-02 -6.004028838619108481e-24 -9.146656422891217879e-15
8.323602457028356216e-01 1.898039626186257336e-02 1.675889286550962875e-25 2.328401818797498003e-16
4.707330910344644792e-01 2.794381020663239817e-02 1.313482646696074327e-26 1.519429981062130802e-17
-7.204679165429406229e-01 9.027681912760535110e-02 -8.546390312944975929e-23 4.888432443415382621e-13
6.173465437858651761e-01 2.091871131453855101e-03 -1.234766043742483928e-25 -1.402311920387462877e-17
-7.115331526239936366e-01 1.230960440516338898e-02 -1.023404178131861087e-25 7.882834747386268912e-17
-9.670538959406498325e-01 -1.450792503542308338e-03 -5.999627650618829026e-25 -7.402463592557095269e-17
3.042550898753997313e-01 1.874414718591490767e-02 -6.181795519161368277e-24 -3.100374625712141701e-15
1.166080376350020487e-03 3.441661239603395223e-03 3.858247059310291865e-25 1.361703775959577117e-19
6.457442955814276520e-01 -1.954519213452067181e-02 -3.992989156279227883e-26 4.431947972696862121e-17
4.168889827115345170e-01 1.314864962824130110e-03 1.048121967795652895e-25 5.052535746026869462e-18
5.963507734678021865e-01 -2.191129912435580643e-03 2.527458368372685153e-24 -2.904356514466974733e-16
8.458627135058074398e-01 -1.223426409746792946e-02 2.886078433890204471e-23 -2.626526956472150705e-14
3.660546019053689815e-01 -9.231209068019191610e-02 -7.405171314277045165e-23 2.200571927631014024e-13
-8.043342466686020931e-01 1.233715757634050968e-02 8.154663603771729662e-25 -7.116291388491474366e-16
-2.753816927588688124e-01 -3.137643674726174527e-03 -2.862800391768136502e-25 -2.175333034483003474e-17
2.747918714553598818e-02 -1.223716125585865185e-03 4.359433329413260480e-24 -1.289171231297022041e-17
-1.708270706013093054e-02 1.247024840876396340e-02 3.638622789690133051e-26 -6.816553284528283990e-19
-1.000704410407478040e-01 4.746673795426913783e-02 -1.079352129843616842e-26 4.508731297499849908e-18
8.684246266269843861e-01 1.314938846105459004e-02 2.333004926016226560e-24 2.342876208809400055e-15
7.807398216701451066e-01 -1.109830768619256801e-03 2.180531023095843909e-23 -1.661580406287428885e-15
5.233520119649071045e-01 -5.575815715191619927e-03 1.123085582182047009e-26 -2.882114045928921689e-18
-9.064856179596518793e-01 6.725962084068694280e-02 2.735440942401293788e-24 -1.466691165566427810e-14
-9.266808946593627638e-01 -3.478913129603793120e-02 7.913866203291238136e-26 2.243667501664249781e-16
-4.244572658412506527e-01 -1.012723137502895450e-03 7.188982277218382829e-24 2.717616169348012349e-16
-1.987645381120981547e-01 -5.374386696650893316e-03 5.158828359540477848e-25 4.846351326462985182e-17
8.542367391606724425e-01 -8.763929994065666751e-02 5.430528721874348017e-25 -3.575322819682250939e-15
-1.322573949790228909e-02 -4.064222067732230909e-02 -3.547515239050052234e-23 -1.676940540406727504e-15
-6.489522713790851771e-01 -2.793763432871906177e-03 1.418975177514927207e-24 2.262419753958022261e-16
2.273868518333685973e-01 -7.161330037668470205e-02 8.034825780168373144e-24 -1.150618898080385981e-14
-1.046955702513410191e-01 -2.288149950431206392e-02 -5.020195749736206208e-26 -1.057619478222854392e-17
3.129659110550340184e-01 -3.401457428474782829e-02 -5.387803809909047308e-25 5.043939270954781238e-16
9.526865185561324001e-01 -1.740571502311588159e-03 -4.649224859328821169e-25 6.779824310939778136e-17
-3.786541803367058368e-01 2.347933626652809469e-02 -4.016995542873754284e-25 3.140696146951007378e-16
9.713596270603841454e-01 -2.338347137849595969e-02 1.369355125470592242e-25 -2.735275813899274286e-16
9.548535204064079185e-01 4.629773495829820999e-03 -2.154949197400263112e-26 -8.377791244362063741e-18
-6.183839820548289179e-01 -2.304575148137986626e-02 -6.524022798900964517e-26 -8.176370755740656117e-17
-8.647732977610145255e-01 -2.884297839755717990e-02 -3.804353050842757058e-25 -8.344862586023879140e-16
-6.845548406266042107e-01 -8.894314178990421829e-03 -7.894880589326124494e-25 -4.227292294536548150e-16
-1.322850604037899558e-01 3.443799924595377683e-03 5.752791869856995123e-25 -2.304747616221938691e-17
-2.605581176813061006e-01 -1.041272782354352297e-03 8.272056881197155374e-26 1.973688620575680266e-18
-2.486277210194909326e-01 -1.465612906413867045e-02 3.228234936048261985e-23 1.034498733780274291e-14
8.116529970480443890e-01 5.156474556614876886e-03 -1.547963694337882038e-26 -5.697443757685758588e-18
-3.637416534710440352e-01 -3.265253753372484267e-03 1.817285650836696727e-25 1.898144066838206983e-17
8.866419780690359964e-02 -7.904028763097446786e-02 9.444980814667911064e-23 -5.820950170016308300e-14
-8.621378732909386056e-01 1.162743477603228170e-03 5.313508695822129646e-25 -4.684228065917216903e-17
-8.874882530874947939e-01 -6.174725378569333699e-03 2.390354429607925990e-25 1.151963083094321568e-16
8.574585515654931100e-01 -3.414782415375573060e-02 -5.237484707573252809e-26 1.348636596780560216e-16
-7.838467272835127897e-01 8.537699181068814092e-02 1.166058851396793518e-23 -6.862596563285932649e-14
7.986093559278883980e-01 -2.365514872694918919e-03 -4.700307233898502059e-26 7.808764464139692111e-18
-8.167851938869117312e-01 1.169236601860864158e-02 2.213252406889596004e-23 -1.858819433008776356e-14
-6.263664200723646491e-01 2.797466977640711283e-02 9.546197703969308954e-26 -1.471024345250331051e-16
5.472964637616197781e-01 1.937033881389068138e-02 -6.050808921030712113e-26 -5.641171434813470147e-17
3.403582815379186943e-01 3.565851450293153549e-03 3.705666438096556481e-25 3.955140299325248497e-17
-5.699158451171653095e-01 2.013322227421171853e-03 -7.175618367652188895e-26 7.240679978666162061e-18
-4.205994170827700440e-01 1.629731622965849280e-02 2.949791863982867873e-24 -1.778165307569104922e-15
7.191487688010478330e-01 1.018880739738833559e-03 -2.582517497059659358e-24 -1.664107457824888223e-16
-4.568849771752099276e-01 -7.467497896995473061e-02 -3.496880977981344623e-26 -1.049201343923958127e-16
-2.180548234616070946e-01 5.688334089793390530e-02 1.007161773756319901e-26 -1.098616273666801981e-17
-6.167744092396798550e-02 -3.990821482826789612e-02 -3.058565081434523699e-24 -6.620676589361020059e-16
1.784972386595911065e-01 -1.994690418099621249e-03 5.200383972760322231e-25 -1.628314967480428479e-17
3.741649144064629340e-02 4.688370550244540767e-03 -1.245924109697468781e-25 -1.922084960703168613e-18
-1.646325161301966933e-01 -5.767548109618350800e-03 -1.201782987853230607e-23 -1.003526612050213972e-15
-8.895226347290698943e-01 -1.234652918692520640e-02 -5.757282924832192634e-26 -5.560520720651220649e-17
1.820245072174004886e-01 7.845870700689337729e-02 -3.307322164019365268e-24 -4.153780204891367724e-15
8.674816514284156010e-01 1.620139363526217850e-03 -5.394656094772298472e-24 -6.667644490267937386e-16
-4.368332447804890162e-01 2.246575923339055175e-02 4.985157830705927529e-25 -4.302409023735549164e-16
7.874899308699976341e-01 -3.255290072386558646e-03 -3.356356161009937411e-25 7.566564586202034638e-17
9.116582890312252552e-02 1.694117731854339042e-03 -1.581062610324051220e-25 -2.147438533979902607e-18
5.157884287567708892e-01 3.021653905930019816e-03 -1.930910173531117746e-26 -2.646515157213418820e-18
1.898999097739806352e-01 -3.061382141139336321e-02 -1.226976715385966894e-25 6.272990418663323238e-17
1.108830588347922141e-01 1.996035866750554746e-03 -9.423554314399572411e-23 -1.834189813396342775e-15
2.479089772189237983e-01 1.576902864406786202e-03 4.500811321690876124e-26 1.547333767606523885e-18
-9.683372396260256920e-01 5.116711630074112505e-02 5.109959776306401542e-25 -2.226542848752928416e-15
-7.716391446630024298e-01 -1.714462442677661385e-03 2.703917256559733568e-25 3.145803741263303795e-17
9.361461610405907852e-01 4.587727600601491929e-03 -5.962872933873779879e-23 -2.252126803339236575e-14
-4.584146824222006256e-01 9.750404964912679981e-03 -1.214971148004640459e-26 4.775767083918167573e-18
2.914745576190691523e-02 1.282875954630936961e-03 4.445546639873736825e-24 1.461862373988901467e-17
4.429796296466583794e-01 -6.023004001933609727e-03 4.854866460412350582e-24 -1.139121886730280523e-15
-8.600957739882340025e-01 -1.115331598003134646e-02 -1.062978710382470884e-24 -8.967500029388908770e-16
-5.379294635177200856e-01 -1.515540919662522468e-02 -9.389400238997304656e-25 -6.731732519879123803e-16
-6.207504724555119591e-01 -6.762653405714572595e-03 3.498736278999485202e-24 1.291639736270811007e-15
-5.309919173817023719e-02 3.325339009601031848e-03 9.344162076043217548e-25 -1.450975904987933261e-17
-2.495417681768279383e-01 -8.707426452258819338e-02 -2.816094779813770163e-25 -5.381165271990210568e-16
9.824251930552925227e-01 5.598025418450005078e-03 -6.367187038648082236e-25 -3.079484091803727256e-16
4.650544157466407480e-01 -2.411181976811005000e-03 -2.083584482602063401e-25 2.054664303510125685e-17
-4.645018194357579677e-01 -9.009225570749592599e-03 -1.284765843392939594e-25 -4.728189373458704369e-17
-4.616564968226957166e-01 -4.688062680676752594e-03 -4.953480475293065590e-23 -9.427983574610850144e-15
-1.250001088611540911e-01 2.740347401372363392e-02 1.951155452746066322e-24 -5.877652235989881161e-16
8.414467167766959133e-01 5.094276003348102017e-02 1.949145609360845009e-24 7.347665474017292073e-15
-1.981678769002606089e-01 6.762027620848079512e-02 -3.607884576755826723e-24 4.251662987613986457e-15
-7.929714358923409812e-01 -2.931393516245998226e-02 -1.424654933241337210e-23 -2.912308334968091059e-14
-5.522732469534441524e-01 3.123831435707882451e-02 -2.597680520106357475e-23 3.941153360401857205e-14
-1.311564539421785636e-01 2.810501515553211899e-02 5.083085241397650076e-26 -1.647771105700774108e-17
-3.748632491776164866e-01 -8.292088436839989418e-02 -1.252894080220478097e-24 -3.424894105339121023e-15
9.292018957443943794e-01 -8.958876754393040043e-02 2.337852534253950084e-23 -1.711499446928651085e-13
7.791597006252715119e-01 -5.001618836007992730e-02 -2.739568379030246256e-24 9.388910930541222067e-15
-3.155248583854499689e-01 -8.147758457601477280e-03 -4.854889025902185941e-26 -1.097607418621497705e-17
-9.031442586409919038e-01 7.409314634671043676e-02 -6.016525883597946705e-23 3.540600713571710516e-13
2.449043116148728050e-01 -1.234143399947781189e-02 -2.052573583666717357e-23 5.455779274991555056e-15
-8.722084443873578952e-01 -2.788074290083030621e-02 -1.009115784755797365e-23 -2.158050625496899065e-14
-6.318319937734080405e-01 -5.163745925764354032e-03 -2.552741961945400008e-25 -7.324355178636422658e-17
-4.679682004798979555e-01 1.148580305647573137e-02 1.892712888922906382e-24 -8.946608804074457368e-16
5.501113248429760905e-01 -5.000866090876642661e-03 3.411112030546085011e-26 -8.252542974694307051e-18
8.880317889915050333e-01 3.654641444670881853e-03 -2.035150613179076759e-23 -5.808524732801298620e-15
-8.641856465283321853e-01 1.487767837429069748e-03 3.177388157243469241e-25 -3.592596872301949407e-17
-6.099258670538341143e-01 1.110786428969870107e-02 -4.646732760606675314e-24 2.768543260558048510e-15
-5.472702927001493745e-01 -2.002146417341066353e-02 1.609123160400120437e-23 1.550540071877004884e-14
3.250010128116098684e-03 4.578902121852158717e-03 3.419842807268275335e-26 4.475568609161174309e-20
8.883816117733134288e-01 2.456098436213712682e-02 1.321940248286905988e-24 2.536606816056608773e-15
3.755645072776767623e-01 -2.382040806619503594e-03 7.169391709171269847e-25 -5.640427862425270782e-17
5.168656292007616226e-01 -1.643915172800033096e-03 1.177508149532579817e-23 -8.798668976010460844e-16
4.395551318295005672e-01 7.725458180936747854e-02 -2.350232574327457452e-25 -7.018502233341319711e-16
1.506778778595849744e-01 5.310862283513832771e-02 -5.772487226007093931e-26 -4.062314244733831685e-17
-4.645793865386147470e-01 2.399170760797672552e-02 -1.599619346901096760e-26 1.567955542425289208e-17
6.634851806910879723e-02 1.780224670786600700e-03 -8.981346588613353528e-25 -9.329180563444188284e-18
-3.752680908266547988e-01 -2.669978695725578645e-03 -5.483769971255113786e-23 -4.831974828603569688e-15
-6.178026403226446472e-01 1.792390693988449649e-03 3.633129999132038012e-23 -3.538012627802130568e-15
9.366888030433504486e-01 1.076918379929219004e-03 -1.091486270628182871e-24 -9.682609020674347195e-17
-9.417437516258857499e-01 -4.108243112255192259e-03 -7.870627111880558993e-26 -2.677899170643439034e-17
4.578680079747283749e-01 8.835367313732458636e-03 -5.887054427377057033e-24 -2.094396773726595544e-15
8.265005212625466946e-01 -2.878790382628035154e-03 9.733101216519699175e-23 -2.036575031520912544e-14
7.525671891401952696e-01 -1.278342864910787281e-02 1.198996388849420079e-26 -1.014393615078536765e-17
-1.716880056838649971e-01 -2.564833416536482433e-02 -1.269757512670015473e-24 -4.917177782599922808e-16
9.369086850456584958e-01 4.525828742951359257e-02 -4.095160298583575785e-25 -1.527081752276808606e-15
-5.092323766156856557e-01 -9.706124148743501545e-02 2.186667927280151964e-25 9.504749716564104226e-16
-8.295312896892363952e-01 -5.070299566570479234e-03 8.807450582806787270e-24 3.257711394758965111e-15
8.702152468509947170e-01 -1.931798898326803115e-03 -4.589854121184554119e-23 6.785525473510679191e-15
-6.390199340268927219e-01 4.813249606695912952e-02 1.128671919029783833e-23 -3.052927637416265454e-14
2.354549692835821162e-01 -1.803635149139717550e-02 -3.000316334304404394e-25 1.120519961332611604e-16
-8.784677593520457961e-01 5.219975856064365538e-02 1.286761974403899920e-23 -5.189058180470644795e-14
8.432240819542813348e-02 -2.590976883241749920e-02 -6.460225570550279894e-25 1.241224165230570702e-16
-4.478685021204538153e-01 -6.548415897539403181e-03 -1.259492932246856053e-25 -3.248467375874254741e-17
2.798218376569805432e-01 -5.780351256886168132e-03 1.559973988701024563e-25 -2.218958560571399682e-17
-1.179053959870635104e-01 -6.053552839525713075e-03 -2.843201090404448864e-23 -1.784627562588124456e-15
9.072194842736185372e-01 9.466251194944619307e-02 1.970593965225152812e-25 1.488276219470264605e-15
5.487337344726554988e-01 -6.665149535120160063e-02 -5.608744110624479338e-24 1.803986089488874406e-14
9.886823829165609645e-01 4.984032505573257089e-03 5.200083462057633414e-23 2.253429504239394935e-14
1.498367473960517948e-01 8.769322197294262058e-03 1.129873023139720710e-24 1.305599586302012686e-16
-5.824279211978815596e-01 7.771666961044894698e-03 1.270155509071780698e-24 -5.056025605112010993e-16
8.625644179152029967e-01 -2.346189533994094342e-02 -3.962958969655284820e-26 7.052940308073093124e-17
-5.304873415938238246e-02 5.845478344249539077e-02 1.551934450494363954e-26 -4.232183166288645878e-18
-9.251087979049203991e-01 -7.312136259085021128e-02 -7.523490121308618055e-24 -4.475612130692530041e-14
-6.630093455560310822e-01 -4.970229806791351228e-03 3.833463791319161382e-24 1.110921790594198618e-15
3.869220308574430334e-01 -2.777447555584892491e-03 -7.294043103762282973e-24 6.893402726694122435e-16
5.014616929243258525e-01 -3.599169981517495037e-03 -1.271967661859290722e-23 2.018887833785929213e-15
-9.074730079832207252e-01 1.077033533765321162e-02 5.881810932083951943e-23 -5.055568533992232417e-14
-6.384699219320089103e-01 -9.672604921920878451e-02 -3.650361010776269091e-26 -1.982511473649724118e-16
-3.755706930099207419e-01 7.751704564094867057e-03 -6.937983211701270472e-23 1.776307513608297428e-14
4.451083154436759060e-01 -1.267238916003165204e-03 -3.835967161358079536e-25 1.902808531960459304e-17
2.763863450940742261e-01 -1.149807178124676380e-02 2.839702724762958437e-24 -7.936161131579578943e-16
4.452471039308827372e-01 1.651299087703747212e-02 2.117445855266366709e-25 1.369099962329607926e-16
3.832811731900671592e-01 -1.122249642937216997e-02 -8.010684767824295305e-23 3.030209150777354248e-14
-7.603918544424164150e-01 1.386519883393259184e-02 -9.690963438403043111e-25 8.985174445998307037e-16
7.683893592344204215e-02 2.332540464567923327e-03 6.189017626993034121e-24 9.755021896437806633e-17
8.967455648146183123e-02 -1.392360889406045162e-03 -6.412019855431372211e-24 7.040636324551504056e-17
-7.270251310517026333e-01 -3.986626260603223088e-02 8.448542763880064266e-23 2.153439889893911984e-13
9.040850955336472428e-01 -3.170021449943884878e-02 6.508541500143012051e-25 -1.640405396143168321e-15
4.125536698878453645e-01 -2.938861671928169605e-02 2.047327223818657965e-24 -2.182945340507565090e-15
-5.624243523499705688e-02 4.706854528012730660e-02 1.314873707645942588e-25 -3.061081794990712698e-17
9.780015917926254687e-01 -5.284915894331749554e-03 -2.677017129679174024e-23 1.216815665720148666e-14
-2.504463243450796295e-01 5.679534523071071844e-02 4.776570805167954537e-25 -5.975023615675882168e-16
-4.992264223414009106e-01 1.378159534668151227e-02 6.514872784269644664e-23 -3.941840044176786416e-14
-9.641000122921630222e-01 2.699459241866373690e-02 7.008678205445480424e-24 -1.604098318968176878e-14
-6.571290450894269330e-01 -2.082232729596977805e-02 3.334705103798029474e-24 4.012669275518673594e-15
-7.949199878714248158e-01 -1.071662771446770315e-03 -5.713422475549103837e-26 -4.280296957605473437e-18
5.670024676830955901e-01 -1.943662533342900914e-02 2.320386640537150455e-24 -2.248858700607134036e-15
-6.199873804597337834e-01 -4.178796902434014915e-02 -9.219353941267510751e-25 -2.100538289848653804e-15
6.646516936057849101e-01 -6.789484102655763374e-03 -9.212885790747696990e-25 3.656137995775975701e-16
-3.746859515344269642e-01 -1.700454032580362915e-02 -5.421424271419359780e-25 -3.037677766197993652e-16
-1.668638337567169838e-01 -3.428413767082157289e-03 -1.840663419650400034e-26 -9.260316485480606720e-19
2.582177297115262338e-01 -7.837744871274367198e-02 -7.053831231648754843e-25 1.255446602990429045e-15
6.583438853456076156e-01 7.782147087773878986e-03 -1.131591134769784688e-23 -5.098445461225777705e-15
4.362643297372792439e-02 1.110742925065619398e-02 -2.645768999021690510e-25 -1.127486069367493260e-17
9.318040084145058355e-01 1.918661343482231871e-02 -4.377352993771876089e-25 -6.882250408606748073e-16
6.356609503791754712e-02 -1.517292548813411329e-03 6.770306439804970353e-25 -5.742475944516094771e-18
-8.014948297345092509e-01 5.948302429084981018e-03 -3.812611635688964444e-26 1.598498877600267484e-17
-5.102666965565132440e-01 -1.350867785942387253e-02 -4.191906126785062100e-26 -2.541075789156454749e-17
3.355288841882235751e-01 8.553549166280613458e-02 -8.359542423042397224e-23 -2.109865521178937426e-13
-7.956343940876893228e-01 3.467491838204255633e-03 6.684160673453009140e-24 -1.621705081285593578e-15
-8.695053904452811899e-01 -2.297188490782418532e-02 -6.655900590956820656e-23 -1.169154048182285080e-13
-5.411275222608638025e-01 -4.101522009016656672e-02 -1.694000815090298397e-24 -3.306391568220789491e-15
5.296515146799838369e-01 -6.003918943229998896e-03 1.488420572250499806e-26 -4.162427702551639173e-18
-3.777631088036323970e-01 -1.792353602943404841e-03 1.117053118123153338e-26 6.651399944680313874e-19
4.939164657152561588e-01 -2.269721146828589109e-02 -3.186066513621648192e-25 3.141064444854834598e-16
-7.241089682110060100e-01 -9.621609198174606303e-02 4.214193203094125033e-25 2.582034745480967118e-15
-3.037515020078815908e-01 -1.529810279152349697e-02 -1.266667294974247189e-25 -5.176241931005608694e-17
7.372920800058313517e-01 -4.131052367480318385e-03 3.536934830202371615e-23 -9.473780695851944299e-15
2.809014639695011084e-01 2.366882748846132947e-03 1.353915670185475576e-26 7.916229238112754086e-19
6.889054615435610263e-01 2.975466837979770171e-03 2.674141799191036461e-25 4.820534272779571396e-17
4.042440643309577197e-01 -8.369336723514668105e-03 -7.871382478845438363e-23 2.341972056663057722e-14
3.323503113839199052e-02 1.505256773995612999e-03 2.234437330449283897e-26 9.830392517210580775e-20
-5.465850427085301444e-01 -1.745861838476833782e-03 -4.379829967200399226e-25 -3.675537569823176269e-17
9.222606235420505172e-02 -5.068946587652163431e-03 1.173017929404387278e-25 -4.822497733596307211e-18
-4.832784425017733199e-02 2.980856572715298927e-02 1.530206150835120437e-25 -1.938583208679671092e-17
8.800100592716009196e-01 5.890239692095160240e-02 3.757213686121399547e-23 1.712704743082918291e-13
8.995165580316037968e-01 1.074698415697249859e-02 1.348638509439696706e-25 1.146535028302353284e-16
-8.602371648523827741e-01 -1.531185845154040947e-03 -3.541841351144398624e-26 -4.102713698943379512e-18
5.492294044230405792e-01 -2.149623033911365888e-02 -9.440016951208129586e-23 9.801326618136128908e-14
-6.994417405593746917e-01 -1.147579271083787062e-03 -2.935900152374120710e-25 -2.072390166306626932e-17
-7.367393941836941629e-01 1.973746913574779376e-03 -7.376616570492426928e-25 9.433189668827054715e-17
-5.028787631226681043e-01 -3.917092934893232070e-02 1.871711028762728359e-25 3.242365507470242578e-16
9.349442475533344954e-01 1.637606132984392032e-02 -1.320502588911443915e-24 -1.777994557825289055e-15
2.467078795702262184e-01 1.255084563030910800e-03 1.269276551606403887e-24 3.456274808500705015e-17
-4.277481130505560447e-01 5.970786939755453639e-03 2.469667694792333189e-26 -5.546949317806051037e-18
-3.199282882808098805e-01 -7.537834166844654613e-03 1.540436431243933572e-26 3.266923782945595385e-18
-4.380720544508980296e-01 -7.064604386678802195e-02 -3.939059043208606400e-23 -1.072066899116085973e-13
-7.754322131341746527e-01 9.081714723329420424e-02 -2.050042736068613337e-26 1.269610803141046160e-16
9.776759031503590158e-01 -1.133857606153298612e-03 4.037450746705987295e-24 -3.936014291538999539e-16
-8.140519405322710345e-01 -6.471262378390203913e-03 7.841423618396301914e-26 3.632720974188468108e-17
-1.367212851014365516e-01 -2.793106285521045756e-02 9.999160683558481911e-23 3.358018943163195084e-14
3.175037255118386970e-01 -2.895508325043679668e-03 4.163843221749125427e-25 -3.366386781188544159e-17
-7.831331643499910289e-01 -2.111919354535970756e-03 4.530533832811172712e-26 6.589588947259616367e-18
5.955479256889142370e-01 -4.083331516284918750e-02 -5.021801257288751201e-25 1.073956963901181796e-15
-1.225683741020946460e-01 6.984185777661112114e-03 2.824166448366819600e-25 -2.126084384154278902e-17
4.409127604030667058e-01 -7.393775960019603744e-03 7.249037698769750120e-24 -2.078238152256764167e-15
2.358035461123875187e-01 8.715757884558991350e-03 7.854416513057878490e-25 1.419598126467452886e-16
1.580433470490729686e-01 7.932096257115162086e-03 -8.743403593779981904e-26 -9.639193988758536567e-18
8.898592255850901189e-01 -6.708320669676775226e-03 -1.970784416944850954e-25 1.034594682124619513e-16
-8.981867538793086858e-01 6.219320843125529866e-03 -1.145797154630980287e-23 5.628767984010472327e-15
8.029631358914701700e-01 -2.089967215656491489e-02 3.852916355719367780e-25 -5.686180766704169206e-16
-6.279109751713267684e-01 -1.732924136373283769e-02 5.467780288943850909e-26 5.232204140515167877e-17
7.223185263666120903e-01 2.756878037640062007e-03 2.504015381704114240e-26 4.385097966706090142e-18
7.555800024851593300e-01 2.014961745702290724e-02 6.178396343714100702e-24 8.272161900854758748e-15
9.776479296880742353e-01 2.769466899949887990e-03 -5.963705715435695607e-23 -1.420008254135418992e-14
-1.798860423665558095e-01 8.099323042736559369e-03 -1.662217297445414953e-23 2.129756664848139472e-15
7.309926887290707498e-03 -7.992431531601236483e-03 6.310294291034431304e-23 -3.242183354992106802e-16
8.297355483216355410e-01 8.116737664513564571e-03 -2.821856782491402304e-23 -1.671291387580904523e-14
2.425054019986423448e-01 -1.261437359125149342e-03 -3.269649753475226706e-26 8.795982162682270067e-19
-8.828963028464036356e-01 1.080206080062893342e-02 1.069355723394745522e-24 -8.968803605771395384e-16
4.061134704107538518e-01 6.290863152765126254e-02 -1.710071919572746444e-26 -3.842094201539755697e-17
9.088165809619788149e-01 3.126204341391380925e-03 -5.457330854050337738e-24 -1.363546296381959386e-15
3.378677866930868134e-01 -1.458838828752840721e-03 2.461398835843866027e-23 -1.066920579276297313e-15
-1.461937980644536506e-01 -3.258797510436490727e-03 -3.176570203709659958e-24 -1.330885774888079806e-16
-2.314720449333738106e-01 -8.459864458235748230e-02 -1.542538661840193906e-25 -2.656403303138253387e-16
9.391801253452991549e-01 -3.531295390508605581e-02 5.312163152767397280e-26 -1.549352889835084924e-16
-3.926871638782358787e-01 -2.245462959807949417e-03 -3.786727193304410835e-24 -2.936382449079141911e-16
9.903984078025853677e-01 -4.095892230717840948e-03 -5.381959426014063731e-24 1.919971907710221539e-15
6.370596437686493196e-01 3.057876714243026872e-02 -7.930112659873164527e-26 -1.358549364808234396e-16
9.044219643328021974e-03 2.317477956899142294e-02 6.201726577619911855e-23 1.143129225746566760e-15
9.706740551991395183e-01 -2.534591203598635881e-03 9.481433511531908740e-24 -2.051404714246183948e-15
-3.353966478918206651e-01 -2.694489148742006991e-03 2.128712473800044359e-23 1.691796655479782845e-15
-5.335223309222247856e-01 2.072888111589377830e-02 -7.004655241215085371e-23 6.812573921823147744e-14
-9.736142695578782202e-01 4.841329127993448250e-02 -6.337297803696177128e-25 2.626949082732303746e-15
-2.386957593586758186e-02 7.570168859463440036e-02 -2.585355480490426211e-24 4.108341502133587759e-16
-4.377566775683690015e-01 -8.345691318315713592e-02 -3.964096872157097827e-26 -1.273606762256152388e-16
-5.187012942431559193e-01 -4.061690961562596652e-03 2.309612112406283551e-24 4.279167209317694268e-16
-1.753097483497390030e-03 6.331976319067585297e-03 -3.461768557036168038e-26 3.379398271350334489e-20
8.202174602488641053e-01 -1.086980887808046761e-02 4.187491160807216837e-26 -3.283226328053572443e-17
-5.990158423103137952e-01 -4.842581131782736949e-03 5.727372449427859029e-23 1.461055254165703889e-14
-6.118321484848330272e-01 -1.915573533755292194e-03 8.131934106604908264e-25 8.381485004321306286e-17
-3.152982087561442270e-01 7.195071342720235803e-03 -4.902471264007409208e-23 9.780648808346918604e-15
6.544538308773106827e-02 -2.227794904735043435e-02 2.960333047599941953e-25 -3.795690512178366949e-17
-9.253251659320407274e-01 7.540439136171052208e-03 2.676179963039617330e-23 -1.642110309432470546e-14
-6.221016005956241379e-01 9.812510923243889308e-03 2.371952758440636831e-23 -1.273337435531538390e-14
7.952817792168027644e-01 -9.677950976321980647e-02 -9.390911474335420870e-25 6.356355772531625612e-15
7.748295327965708523e-01 2.770477999125376106e-03 -1.051673229942044390e-26 -1.985352791452732550e-18
-6.764890138388799379e-01 4.807087385201531948e-03 -3.675186268941969225e-24 1.051037280080513819e-15
-9.477537984616088984e-01 -3.257918132860217197e-02 -8.382820401370335071e-24 -2.276259978112402698e-14
-3.841034227993607164e-01 -1.294417222544761055e-02 -1.132456635889105488e-25 -4.951537143785553012e-17
3.606127101255562906e-02 -1.031572290379990150e-03 -2.683454951695484920e-23 8.778716151445336498e-17
-1.981777425714881247e-01 4.394147205116888909e-03 1.504473380312620752e-24 -1.152152554588442174e-16
-9.171617887557363957e-01 1.411718944094811530e-02 -8.709246547929124904e-26 9.916782328612999427e-17
-6.448446486488392804e-01 2.076511925731055683e-02 -7.853802599009009777e-24 9.248376711845425323e-15
6.821919848333657388e-01 -4.537306891454324920e-03 -2.353770575625617304e-25 6.407150082054841233e-17
-4.825306648345084604e-02 1.441664652573923120e-03 -7.277714308596070931e-25 4.452256449819481073e-18
5.940580030563917813e-01 5.301062925289925024e-03 1.351193188295715829e-25 3.742012707485732014e-17
9.961975582957451891e-01 1.927743158315862147e-03 2.694835542988252688e-26 4.551168453814053744e-18
2.755551263075575186e-01 1.985467224559273741e-02 -1.948148212484660103e-23 -9.373228660541737315e-15
-2.337023495689931618e-01 1.922965644560798836e-03 1.077225544624077544e-26 -4.257329339213004151e-19
2.886758805514766379e-01 -1.867762337127703599e-03 1.110704657917209436e-23 -5.266555999823735599e-16
1.241979955711274286e-01 1.376457348180154614e-03 7.888183884438053005e-26 1.185906287990759474e-18
4.767136314946565090e-01 5.559415592905382619e-02 -2.324063930481510661e-26 -5.416650099595551952e-17
-6.909739924125357646e-03 1.952588291452944311e-02 -5.450395050943586970e-24 6.466903255051804873e-17
-2.654535010684999641e-02 8.303659586850668795e-02 -5.766221388295515805e-26 1.117751618400787275e-17
7.486421760519919033e-01 -5.870751085079428319e-03 -1.032051242527838379e-23 3.989010859560955865e-15
-5.027247140575428208e-01 1.522503008915673459e-03 2.668619861898251197e-26 -1.796267903276772989e-18
7.540258277660549791e-01 1.498256811405416057e-03 -3.269860772860291976e-26 -3.248611253763543376e-18
3.516883563977009075e-01 1.190475448758214049e-03 7.297604248747599093e-23 2.686920033935802854e-15
-6.901095364344027594e-01 6.549259005824725755e-02 -4.351558736308085118e-25 1.729621380182470270e-15
1.457931772068248311e-01 -3.094458025242022292e-02 -2.097551041829328489e-23 8.322050265537318760e-15
5.496677148540556335e-01 -7.483488254584458321e-02 2.134742456122649263e-26 -7.722284512138981112e-17
-2.177744304847628598e-03 -5.511432098583562283e-02 1.028275323441985467e-24 1.085367372365668300e-17
-9.147291246185607072e-02 -2.556399114482671604e-03 4.794658543502019961e-24 9.859953112538126428e-17
5.572165952646381815e-01 1.660361773878064537e-02 4.731476766890647682e-24 3.849634348501430328e-15
4.932885572354119841e-01 -1.930818015121165332e-03 3.049815765899329925e-26 -2.554535774481465460e-18
-3.535512394271302927e-01 -2.059264402097844837e-02 -5.829149346198853669e-25 -3.732206447323631710e-16
-4.629766965559072300e-01 -1.770893479528090966e-02 4.909408971809649093e-24 3.539784171534052188e-15
-6.234077160796540618e-01 1.026465488946871202e-02 -1.153105807113336669e-26 6.489058439794570055e-18
-8.728868643396439087e-01 -5.074117006270796593e-02 6.512494188268842614e-23 2.536657219986525688e-13
-7.850388328681345840e-02 4.852666693520619329e-02 2.841533089717817383e-26 -9.519635524594427553e-18
3.937131425676332341e-02 -8.423449856871377539e-02 -5.108420626244577298e-25 1.489884346640663612e-16
7.794278945783117418e-01 -4.677682702847676954e-02 -1.047585888079474156e-23 3.358863411997453410e-14
-1.422153833756087948e-01 2.552083402495489498e-02 -4.597668948778320834e-24 1.467489953935468808e-15
-8.123092067221349133e-02 -5.844537027397477859e-03 1.033466079182326938e-25 4.314830271159428681e-18
2.540209390372980547e-01 4.092978062019981406e-02 -3.257974652473868216e-23 -2.978877440427652055e-14
-4.491556718778464408e-01 3.729941054792446087e-02 3.335235025690658417e-24 -4.913843268771845721e-15
-8.669374500116466820e-02 -3.274771760836393819e-02 -1.916040057387792015e-26 -4.783760025674485996e-18
3.179663508669468008e-01 -2.377313962390305291e-02 6.308707571670774713e-24 -4.193765098632102175e-15
5.561391093516980799e-01 2.154064769946626226e-02 -1.287154588362805490e-24 -1.356028771829921127e-15
-9.890678717922554153e-01 1.745384533978860953e-02 4.631235780926717816e-25 -7.030886875559533042e-16
-9.950995774646456127e-01 -4.723968464839537612e-02 -3.177120154178175213e-23 -1.313418627904322700e-13
-4.278958430940655866e-01 2.831722293474579766e-03 -3.563395158427040378e-23 3.797070959344856357e-15
-2.559491941724156838e-02 -5.257504939280301104e-02 1.658496814391948956e-24 1.962655600605539422e-16
7.326537833233399688e-01 -1.309079554880161061e-02 4.205623658654718821e-25 -3.547245481569510291e-16
-9.819377010113656823e-01 3.190667425150398723e-02 -5.262135807182197579e-26 1.449851512618890219e-16
-3.415425099439040046e-02 1.054473849388933016e-02 5.142266469231373810e-25 -1.628662727877146152e-17
3.725470579814671446e-02 -1.563827143269827264e-03 -4.930238019701792999e-26 2.526002475155432280e-19
-6.437465770170811563e-01 -2.982768075031854565e-02 4.976794845789422429e-23 8.403886102681905964e-14
-2.740248489504515383e-02 -1.230993104929638607e-02 -1.498657451196431291e-26 -4.445738820121793593e-19
1.555674254786130195e-01 -8.914105759764132109e-03 -2.683821228168913701e-24 3.273000193246490890e-16
-9.047582038275965299e-01 2.495182740767893509e-03 7.402604155680188232e-26 -1.469655060764129343e-17
6.078866655670123187e-02 -9.999358835726160008e-03 -1.070434006786078517e-25 5.722037092758183063e-18
3.001019440835144270e-01 -4.315329246125517229e-03 7.738525956543704783e-25 -8.813268259197475923e-17
9.176142632795938336e-01 -9.560747483815482117e-03 4.858325359184795980e-26 -3.748302215719501378e-17
4.029996852499009297e-01 8.997526204868856736e-03 -1.938177570874838768e-23 -6.180411485805826452e-15
2.776355044123119953e-01 1.881256071134479804e-03 -3.478923566655032680e-24 -1.597952279320620511e-16
8.261767750301471924e-01 -6.224059150449445972e-03 7.201774302733677476e-24 -3.256733343961189856e-15
-4.871258834753318112e-01 -5.244548520597009864e-03 -8.965614814373689420e-26 -2.014305743306449609e-17
9.692398385154452622e-01 5.672045843840824164e-03 3.840154332692952915e-23 1.856588550722116257e-14
3.273118383860427194e-01 1.453151387581351961e-03 -7.088261032697248190e-23 -2.964887896498686554e-15
-6.215883400322237406e-01 3.444031733112002704e-03 2.401069188517763490e-25 -4.520335596282247164e-17
5.688703562359251897e-01 -4.542274551954701700e-02 4.809933458534769170e-25 -1.093004004282498348e-15
-3.563259092807329331e-01 -2.717982339721793789e-02 1.112452053719169317e-26 9.474828005425136693e-18
8.527931100963461741e-01 -6.161248690957369691e-03 -7.330514291194996159e-26 3.387215803364107770e-17
4.123796009471512036e-01 4.202977541251827313e-03 -4.770167573768541772e-26 -7.270828143352141178e-18
-1.337843888369438794e-01 -1.435756132651143033e-02 -1.751549968011754872e-24 -2.958725336011321367e-16
-6.264132257059662479e-01 -1.107230719004804152e-02 -1.079591704735209154e-23 -6.584981878667827339e-15
8.429288575397955174e-01 1.492306759000292405e-03 2.348449099788990870e-26 2.597922433671469272e-18
1.728432875092080767e-01 5.030411168759394737e-03 -2.268475478177133443e-25 -1.734547077845728115e-17
-7.918775687249943740e-01 -2.995967785464556232e-03 -2.403889476511575244e-25 -5.015401169042133085e-17
-3.237175666314531242e-01 -3.764235374514515731e-02 -2.097207098716539699e-24 -2.247399905336089664e-15
8.497506894281241507e-01 -1.709846275755097685e-03 2.965106519999050852e-26 -3.788653542026238171e-18
-8.229679937314380300e-01 -4.872978533583487842e-02 -5.494996178104678698e-23 -1.937942283272475959e-13
6.964209762301230011e-01 3.515228134852641656e-02 1.507375072277226523e-26 3.245209125125300241e-17
3.899914159229294075e-01 -4.329437847362330172e-02 1.755486546930679378e-23 -2.606634044931696378e-14
1.178514736059648182e-01 7.380344741751031223e-02 6.728835838522456155e-25 5.146922148360727150e-16
2.266025940574827313e-01 2.318573605472365115e-02 6.501905094809375568e-25 3.004155378261777864e-16
-1.933286931724387259e-01 -5.325864621698977487e-03 3.229707769693708692e-23 2.924459873652800916e-15
9.691927444332872899e-01 -4.171922724768638291e-02 -1.021803320699601783e-24 3.633370785345618864e-15
-3.698856326845012532e-01 1.990181194957882718e-02 -3.175273840488632151e-25 2.055593646254679694e-16
7.290343432718471295e-01 -3.399749494483316620e-02 7.610126709596002401e-24 -1.658757095417574891e-14
-9.305343918693378402e-01 -2.164123836304217632e-02 -2.869778851433016934e-25 -5.082284452245729826e-16
-9.872239033848473344e-01 -4.872261653708887669e-02 8.847871091763478472e-25 3.742665830734231986e-15
-2.049817565274769660e-01 4.862539493136327703e-03 -2.245919909576292381e-26 1.968650481659502476e-18
-4.504716885875512666e-01 2.681825461022312521e-02 2.251583454487153158e-23 -2.392115031369464597e-14
6.744952352977053867e-01 -1.979358560795192734e-02 5.225047236362290447e-23 -6.134647051012262508e-14
-3.748837358238932271e-01 2.319973600169748448e-03 -8.084999166645374419e-24 6.183802661766989989e-16
7.294754918090944340e-01 1.221971667280367544e-03 -1.560195401872927332e-24 -1.223057389454732612e-16
2.481065771430019939e-01 1.093479244218234329e-02 9.916215018548713680e-23 2.365869343454803284e-14
-2.204481613736437584e-01 1.690219791036792025e-03 4.923321111586302478e-23 -1.613257996349506396e-15
-7.290542713520880014e-01 3.769766657080950850e-02 -7.578186606530581343e-23 1.831621037749576221e-13
-2.449774274867706492e-01 -1.242214288728336327e-03 -4.951847777648220952e-25 -1.325213576182252245e-17
-6.023815570909671901e-01 -4.483135764562089232e-02 2.328176368304272437e-23 5.529239918456984979e-14
-4.909426568923238587e-01 6.499389699581304726e-03 -7.035490350732357159e-24 1.974211686662092337e-15
-9.172399424768287179e-01 -1.159747935450859604e-03 5.367375277120778158e-23 5.021165408568698996e-15
-4.328558562023305800e-01 -1.302668487030883213e-02 1.051720352201537164e-23 5.215230204385568178e-15
8.383273880297488212e-01 8.123359156052623042e-02 -3.429375908189615299e-24 -2.053810655051715057e-14
1.676917445572478904e-02 -1.441147053709975097e-02 -1.842947440924128920e-24 3.916777768923130364e-17
-3.831602733386854087e-01 7.803535743050429851e-02 6.933769150243142473e-26 -1.823212446756117628e-16
2.353851089861660473e-01 7.180128902755501460e-03 -2.304726272873177412e-24 -3.425520563215014545e-16
3.638951393432312553e-01 1.720404424016204773e-03 6.339831017506679884e-26 3.490442499237490037e-18
-2.619836857114044015e-01 9.207688965386461033e-02 1.481484525930761990e-24 -3.142809144614313321e-15
4.995077636373403962e-01 -1.424015467628381160e-03 1.431217080460557545e-26 -8.952791289304485654e-19
6.041530002533093135e-01 -1.980779759133389183e-03 6.626519632645500375e-26 -6.973721753675550908e-18
5.607871284137613266e-01 -4.012647248929337995e-02 8.576790994203167875e-26 -1.697265747503987390e-16
9.962849527719737086e-01 -6.352573419027614243e-02 -2.172020993218950274e-25 1.208908087466343155e-15
-5.682616541965530566e-01 2.183619739742437282e-02 2.619248016503246472e-24 -2.858235354695131810e-15
-5.201218631619888288e-01 4.451365540976267784e-03 -2.346347615380111854e-25 4.777346298934353111e-17
4.498472722586948080e-01 1.361553688039355680e-03 -9.195731713458435767e-23 -4.953157693114267279e-15
4.866146514706182202e-01 1.422306795749239206e-03 -8.377689796941654423e-25 -5.099161204748648003e-17
4.890211396818711087e-02 1.795138151838066021e-02 -8.677828837062307600e-25 -6.699348811899517160e-17
-8.311936304813061227e-02 6.549031090464403626e-02 -4.487785920423946770e-24 2.148361647429332426e-15
6.672292622449722543e-01 9.334589204932838835e-03 -4.045086581083559821e-23 -2.215614083110923250e-14
3.337228285431725894e-02 5.034594722996743599e-02 -7.296577776077334806e-25 -1.078116390370686122e-16
-9.432676673674655898e-01 -6.900659887063979522e-03 1.556914755159771365e-26 8.912230412234872443e-18
-4.464946452927947007e-01 9.905095825161183351e-03 -1.849530707982891407e-26 7.193371384616281167e-18
7.161140035158781725e-01 3.911741840468441894e-02 8.994681056174222230e-24 2.215818174935726251e-14
-6.233653665993790227e-01 2.138385277903720894e-03 3.314265036175356351e-25 -3.885186411655689923e-17
-1.076317802143280655e-01 3.390579712830971149e-02 2.916089836791894856e-24 -9.358610708762656981e-16
-4.176533975396259368e-01 1.764924718827364566e-03 4.906625593786021415e-26 -3.180688396767203091e-18
-2.138320062375140829e-01 -5.377513050499733299e-02 -2.868192743593840407e-24 -2.900404142569341267e-15
-2.751705673288371568e-01 -9.328177115126735919e-02 2.164043628615724054e-23 4.884957338306578414e-14
5.679084006294965459e-01 -2.102990527889442990e-02 -2.640085432880723837e-24 2.772870520633258818e-15
-6.449999042936185312e-01 -4.540757797772530108e-02 -2.963542693545084688e-23 -7.632998483960250028e-14
2.688344225950285438e-01 3.179515152219688622e-03 -1.292515030669949096e-23 -9.715773421577513036e-16
-8.867470515550537336e-01 5.703950900429772576e-03 1.533286485199749082e-23 -6.820164339615129733e-15
7.434381997706658307e-01 -2.325383998553376755e-02 1.252457510543350815e-25 -1.904138586531933239e-16
1.338850094523085232e-01 -2.500917959308460864e-03 -3.648782324209356139e-26 1.074423143338862005e-18
8.204273269000752489e-01 -2.087889234804600480e-02 4.891328024429677095e-25 -7.368351945214690227e-16
8.357300817903734469e-02 4.138713253849227863e-02 -1.212462890082922638e-24 -3.688041742336867955e-16
-9.727942614832449930e-01 -2.691171933641070199e-02 2.375382818518874108e-24 5.468800189127975016e-15
9.554592873734679692e-02 -2.137785934679550890e-03 3.589584918507762993e-23 -6.447875360248463982e-16
-9.013990396738864597e-01 8.028240285940223611e-03 -3.433900011799757383e-26 2.185350486794024784e-17
8.706031413683918974e-01 -5.114521480679764392e-02 5.136304171776527364e-26 -2.011277391998131614e-16
-3.152657122174113979e-01 8.404088968657083547e-02 -2.910412832475614907e-26 6.781378397103247342e-17
5.503867674706941493e-01 7.589496910208796965e-02 2.472764609966354540e-25 9.083636553315280304e-16
6.719078536168769933e-01 1.252478866055945807e-02 -1.289322702142166895e-24 -9.541963563923446939e-16
8.409567268524156258e-01 1.146056958762148347e-03 -1.771533717612890526e-23 -1.501499785084239973e-15
-4.981506573961025364e-01 -4.573012084839740005e-02 6.656908608324212471e-24 1.333618624062201540e-14
7.861899105379470676e-01 -6.695066715322769285e-03 -7.857332927608306146e-25 3.637085669338891659e-16
-4.444585181442533006e-01 -1.812825785424475138e-03 -1.377737351420008253e-24 -9.762245764165205296e-17
2.445416329386729259e-01 -8.507883421733733464e-02 7.242590077035600702e-25 -1.325147568199155085e-15
-4.476523740595290679e-01 1.402045622378448805e-02 9.081134466496938172e-25 -5.012324095058811175e-16
3.235299905268669285e-01 -4.377353477002276713e-03 -1.305760900827535703e-26 1.626244434769765343e-18
-8.374249753814761998e-01 4.778172036977389875e-02 -2.124887431489583665e-24 7.477210713516739292e-15
7.745717250125883080e-01 -1.065820214835404810e-02 1.677242630302676481e-23 -1.217692090446603081e-14
-6.674080376919095947e-01 -3.519487285247447500e-02 1.150241514434899111e-26 2.376051620499652939e-17
5.370848753058710123e-01 1.725082924125186101e-02 1.194809252734657069e-24 9.735258241802465394e-16
-8.259117304561680584e-01 -8.159275103151328312e-02 -4.091107103318750612e-23 -2.424499285051650210e-13
7.676885862568085805e-01 2.976905366754099141e-02 -1.352624292189537490e-24 -2.718462183059232176e-15
9.966247230781513089e-01 -2.029068258595040537e-03 -7.109560799279130149e-24 1.264349340663747610e-15
9.948961581136004373e-01 -3.352050228586356956e-02 -5.220597257648579779e-26 1.531103194839061467e-16
4.242004568870099135e-01 -1.209266857203828826e-03 -2.463464095650079281e-25 1.111310760138873921e-17
6.379606386601661683e-01 3.598009261976968000e-03 -2.353325851272583705e-25 -4.750444264372860470e-17
-1.080240622938510864e-01 1.574924087431982993e-03 5.949568049767193760e-25 -8.901466607079663573e-18
5.241807597683814102e-01 4.958199975411233494e-03 1.240524730245946325e-26 2.835349119544642752e-18
-5.569208173304862619e-01 -3.816311403793010149e-02 2.319367985195171152e-23 4.335137885811678135e-14
4.374766241197574068e-01 -1.744798869029021843e-02 -9.027357667860236852e-26 6.059780221143769071e-17
-1.407228354052492136e-01 -3.895841774870314328e-03 -9.208714240695884258e-25 -4.439774209000388954e-17
2.632460753619558780e-02 -2.113030154183848097e-02 7.831459800006337810e-24 -3.830948583576505050e-16
-1.041410797308499614e-01 -1.710785546110268548e-02 -1.062776357998846185e-25 -1.665158327258660164e-17
4.706507860632553886e-01 8.573591526198479085e-02 2.565968250128540887e-26 9.105606022631782261e-17
9.269639358679688801e-01 1.359788746032214966e-03 -4.801513921651559066e-25 -5.322411799201516286e-17
-8.440349334973682449e-01 9.657357612222351034e-03 3.114816850514318653e-25 -2.232786776018222143e-16
1.317437883448202562e-01 7.820103862698009334e-02 1.169062028742920712e-26 1.059195736378353130e-17
9.109859346349906684e-01 -1.057780591831526630e-03 9.233795416574084645e-25 -7.824985012667878902e-17
5.692886212464560725e-01 8.767732746174287592e-03 2.712395228796021739e-26 1.190607951980731294e-17
-5.411881481004232608e-01 -2.818068899658103185e-02 1.521241196181027700e-23 2.040299684241916837e-14
7.345565895716745786e-01 -3.129975799139231903e-03 1.192331955728900865e-24 -2.410790229376454789e-16
7.311920781280183412e-01 -6.079819808251319367e-03 -1.274439805514150071e-25 4.982387639567808670e-17
-1.372397953461723663e-01 -1.265745258071428788e-03 4.572369974128431979e-24 6.984956974064626878e-17
7.318268278864437093e-01 9.056002947605847064e-02 2.906961690977819923e-24 1.694260517104744743e-14
-1.310230322517271784e-01 1.594923327762698753e-03 8.058251197125395999e-25 -1.480894969805545670e-17
-8.390654779820541087e-01 8.055955247554775350e-03 1.377964355022016386e-25 -8.191187775349695475e-17
8.736179935285923737e-01 1.129686858162951002e-02 -6.763051705510398617e-25 -5.869733113263088287e-16
-9.448149455457806045e-01 2.365487755424920333e-02 7.701038151420510811e-26 -1.513605628832253052e-16
4.228739836243344818e-01 -3.664669512073850076e-03 2.470192462806973294e-24 -3.366453148201494886e-16
9.311414806702731362e-01 -6.458990215575896934e-03 -3.881412444486657258e-23 2.052891965715214346e-14
-7.961298559145735254e-02 1.422055234915051147e-03 -7.712066567991660387e-23 7.678336592012542995e-16
-7.967511551687631588e-01 3.740575499427615472e-03 -2.452033897476128898e-23 6.426634435228662432e-15
-9.578976414617248469e-01 -4.685820418291263868e-03 -7.613726470582738656e-26 -3.005370471904722062e-17
-6.141609065927133848e-02 6.379126210949387886e-03 -3.189791508801663290e-24 1.099010043662182773e-16
3.472961954949527197e-02 -9.774091830022722804e-02 7.742686874702826495e-24 -2.311341607385664384e-15
-3.149070514636065354e-01 -2.194127874572975381e-02 1.734014928616549289e-26 1.053642191157797443e-17
8.472592627435893142e-01 6.402498747926418932e-02 -4.949586812208904072e-25 -2.361189122832254187e-15
2.185036612414092971e-02 5.931107131295088736e-02 5.669975684904311365e-24 6.462070381152394670e-16
4.247498302832530825e-01 -7.445214819028274367e-03 -1.570147857455738229e-23 4.366636074771437226e-15
-7.129969354312479801e-01 -1.084926046654431653e-02 1.923397124179225343e-23 1.308436834417330173e-14
-4.637752617485169093e-01 -1.512358773815145226e-02 3.721987755475361150e-26 2.295796290302349411e-17
6.107916205484109629e-01 1.896915955256029199e-02 1.754190965937878977e-23 1.787368213561758755e-14
9.268323386706802669e-01 7.489411022204323087e-02 -6.896144462809367639e-25 -4.209700462756569186e-15
-7.425399104075198764e-01 1.033120647675622337e-03 3.438077688060246462e-23 -2.319436722707340528e-15
4.443213790110400740e-01 -3.253087638324206419e-03 3.687255545870889084e-25 -4.686970407448122130e-17
2.260305304999632448e-01 2.699845415211483881e-03 1.183136629333581219e-23 6.349461633065853218e-16
9.799642937880432836e-01 -1.510133173251476408e-03 -1.674894283944814545e-24 2.179761113226617355e-16
-5.380797308652782718e-01 5.583857958438721153e-02 6.253422969376525615e-26 -1.652322435446684699e-16
2.977319233395636644e-01 -9.772079022685106753e-02 1.661106290573167642e-26 -4.250165057680947853e-17
-6.494589345161594363e-01 4.928232927424303425e-03 -2.694795671742180771e-23 7.585160298844938349e-15
-5.369102187417151839e-01 -4.680362412158162871e-02 -1.102470971679494192e-23 -2.436376019248406587e-14
-2.016736410087371922e-02 -4.911527575638813259e-02 2.559151709046484963e-24 2.229244779198378026e-16
-4.231269161798427714e-01 1.691436303497306001e-03 -5.046962242190257510e-24 3.176525576094198665e-16
-2.940042113137353308e-01 3.083598407266906899e-02 2.776118150166151510e-25 -2.213325613209206135e-16
-3.000490166769553824e-01 -7.367775967977754914e-02 6.259691343763810691e-26 1.216963462167655638e-16
1.633087568303459580e-01 -6.846888904409921539e-02 3.114900374364701095e-23 -3.062971213683635470e-14
-1.067652914023249355e-01 3.533255350555335184e-02 -4.561510675567365038e-24 1.513246963016841393e-15
-5.306831336886348449e-01 -1.143307478823238094e-03 2.956565263804289608e-25 1.577545157517202123e-17
5.846479217728306477e-01 -2.377234270776134792e-03 6.120573611610437288e-26 -7.480911527678045913e-18
-7.828707543781709965e-02 3.975298233925100844e-02 2.503925368451348779e-23 -6.852943729688280630e-15
-2.957456415284598350e-01 -2.596272553677379455e-02 -3.744379090257597253e-25 -2.528392229712927939e-16
4.785611488154639659e-01 2.207359538089575732e-02 1.786541790471361286e-24 1.659662172877356778e-15
9.465424280811145508e-01 -5.979815807051326593e-02 1.043688203484309637e-24 -5.195109043211531137e-15
4.320891224240612782e-01 1.225985876068354935e-02 3.640206165314147202e-26 1.695824016456375743e-17
5.423786462869781833e-01 6.765788787016312374e-03 -1.689643271821280641e-25 -5.452705503220932220e-17
3.588370680494419318e-01 1.662296202960629465e-02 -1.328357819005717677e-24 -6.968138740179599462e-16
6.273700215347572939e-01 4.617169897700710429e-02 1.996278644462911759e-23 5.085302347938891433e-14
3.331954509511341200e-01 -7.068200017435435217e-03 1.226638925313369663e-25 -2.540508408778483812e-17
-4.947458276712879410e-02 -2.669093491236908342e-03 3.450525184076768729e-24 4.007071837886465634e-17
-6.018552359312698830e-01 1.179892316347557401e-03 4.934787317699096881e-25 -3.081760300880219481e-17
-7.237558186357684331e-01 2.596136034891442356e-03 -4.282464487544511005e-25 7.076349657117771808e-17
-3.027999696932559548e-01 -1.209893990936049442e-03 -8.281877142569753634e-26 -2.668258681512513308e-18
-1.263487152090070342e-01 -5.006112520753195835e-03 -9.010470013833467203e-26 -5.012044093178900509e-18
7.132224654693666288e-01 3.284625643878789913e-02 1.614119543394617087e-26 3.325390025468704497e-17
1.205473475228262537e-01 -4.715007822281907374e-02 2.692097452270914646e-24 -1.345633695856703004e-15
8.116554994475138063e-01 1.480191742793694233e-03 -2.142690537647115285e-25 -2.263837057938854349e-17
-9.490160819720441232e-01 -3.638350456519380289e-03 2.910928018219844787e-25 8.839049538010640473e-17
-5.656036543450859710e-02 -4.687732682893070227e-03 5.668274739732597193e-26 1.321666668276255007e-18
3.398528957405932971e-02 1.273202762727326104e-02 2.776102789714474251e-23 1.056379804460926828e-15
3.244406245602311500e-01 -2.418879294769185270e-03 -8.064908634193054055e-24 5.566021478063858053e-16
6.166445453825364353e-01 -2.955812346057389711e-03 1.075711125868172518e-23 -1.724262622113546567e-15
-4.200806791430258258e-01 -6.064579326300189623e-03 5.349554151592025252e-23 1.198524667532189732e-14
9.549998457510970873e-01 3.111224459341919643e-02 2.147939759447719687e-24 5.612453337781119761e-15
-1.747213116468027128e-01 2.382941897978746015e-03 4.260471282334475294e-26 -1.559958257158860470e-18
-3.440487205660707204e-01 2.212442791778273382e-03 2.844248625023134586e-24 -1.903950065465832120e-16
-2.522206163557056957e-01 1.141438364730832386e-03 2.128216200608493142e-25 -5.388213470555066358e-18
8.469953194088599702e-01 -7.836419372626285407e-02 3.210029758855382845e-23 -1.873715885898822708e-13
1.428786549546283702e-01 -1.289426751493272325e-03 6.450405544313156178e-23 -1.045074015733970491e-15
-5.792432174101482811e-01 1.230375011303073843e-03 -1.492966226984045845e-24 9.357168347791524489e-17
5.004682784125571438e-01 -4.745948372617945013e-03 -1.339326617708427466e-25 2.797577106950987368e-17
-1.643072576975130872e-01 5.003138268816394174e-02 1.007812391982352513e-25 -7.285761443804005685e-17
1.698021177673569859e-02 -7.197596577985864580e-03 -3.106109851227661849e-25 3.338438766036997785e-18
6.115305808621558370e-01 3.229842718132074769e-03 4.177287692005255105e-23 7.255877478300835755e-15
3.297341301980278860e-01 -3.025760744309300213e-02 -5.595567724965469985e-26 4.909515590407432637e-17
-5.258432618635833222e-01 -9.191159056448461318e-02 -3.231481470046771571e-26 -1.373486089574957429e-16
-3.817417056776577500e-01 3.827058481677279161e-02 -6.458068871365934846e-26 8.297234814836624886e-17
-9.610140563650464429e-01 -5.049851687439263666e-03 1.884724261468987494e-26 8.043631841449258573e-18
-7.890018465515657997e-01 -4.437390753399569204e-02 -5.063371823548232684e-24 -1.558983484983897087e-14
4.247830855239875802e-01 1.383852861489353117e-02 9.750326982394034637e-23 5.040484828435617484e-14
-4.372823652320712018e-01 1.075337132279672453e-03 2.407156356389283666e-26 -9.954212485305281084e-19
-6.128981261052208751e-01 2.846048771235799857e-02 -4.006599377919959347e-23 6.146141451781784835e-14
1.454877998750501167e-01 -2.079879017655460183e-03 -1.560083006823652677e-24 4.151531683312815655e-17
7.446388481489949474e-01 2.897386265792238971e-03 -1.471351958100617916e-26 -2.791673723755129673e-18
7.414162908457422319e-03 -1.266807608318817847e-03 -9.145293285108203430e-25 7.553816409750710614e-19
1.951347388934692173e-01 2.339459904354091596e-02 4.974082677452160251e-23 1.996913246707313265e-14
-9.930943995850327610e-02 1.492315808508417685e-03 4.622683903003042411e-25 -6.024783848141315795e-18
1.789950889522302635e-01 -2.295585199846954250e-03 -7.403041626403344927e-25 2.675104323689014835e-17
-1.203809199969048116e-01 6.116276936379580476e-02 -2.910738904632760813e-24 1.884707897830650452e-15
6.599216256279074599e-01 9.517261476673293669e-03 -1.419408925516163759e-24 -7.839852535200055440e-16
5.492383753878533614e-01 -5.673652152444055852e-02 -6.879388893151577279e-25 1.885252134083304212e-15
-5.128665844645745597e-01 6.889427879240048180e-02 2.307425584304664875e-26 -7.169869745837739304e-17
1.697581844666438133e-01 1.680358703066101717e-02 -5.360777776115322622e-26 -1.344796364518741496e-17
-3.021542153936414010e-01 3.821514449532210748e-03 8.944884594638024061e-26 -9.083116942499558854e-18
-1.611084620677358803e-01 -3.896594455464898188e-02 9.415361931177637514e-26 5.198003644278119515e-17
-4.096263040615433226e-02 5.631355325352049856e-02 1.067786868409566620e-25 -2.166114173667643695e-17
-8.638951865481674375e-01 -5.354864572282390725e-03 1.616547778266153448e-23 6.576488898134513465e-15
8.572531587520788587e-01 1.535355514055109297e-02 -1.522956246690835764e-24 -1.762793636216906625e-15
-5.053943816715251725e-01 -2.899012383444772925e-02 1.067250290890517397e-23 1.375126851250978323e-14
-1.971786204772132400e-01 2.837632409674273326e-03 1.430146227568057826e-24 -7.037078646845155076e-17
-4.340613936701382958e-01 3.327352286566950118e-02 -2.701606990833144169e-23 3.431374479348629548e-14
8.349105202237039336e-01 1.190714409451404041e-02 -1.536791973601842629e-25 -1.343564828934807827e-16
2.214229248636365721e-01 -3.257769355417172719e-02 7.289233600970427329e-24 -4.624031519508130280e-15
-1.378701650785343347e-01 2.849036273116605823e-03 -7.773973306559738554e-25 2.685389704679513490e-17
-2.865476966076163645e-01 -1.366164259340371667e-03 -3.003141183834850272e-25 -1.033883468839025027e-17
-6.627382436718978198e-01 -1.826099412244442874e-02 -8.313662437606457420e-26 -8.848198077263398565e-17
5.940392736394608519e-01 1.486072123156576864e-02 -3.862589246357552934e-23 -2.998676203230743491e-14
-3.651676328228681268e-01 -2.700603034518894892e-03 3.314360358818634210e-24 2.874410256462197227e-16
-3.415413067273980197e-01 -4.082637532041339529e-02 -5.995813425293156344e-25 -7.352383809040536165e-16
-7.652122075436493809e-01 2.402322530158740310e-02 1.512914772440356816e-26 -2.445815358873725161e-17
-6.743787840949431178e-01 -2.567129111973762753e-03 2.277287062835076654e-23 3.467092192343901880e-15
-8.391540789824969426e-01 -1.738204780053579594e-03 -5.213702141466232667e-23 -6.687824477582969489e-15
-2.323288007462891436e-01 2.069782042736716815e-02 1.570858659291346888e-24 -6.642946826000641834e-16
7.766980188682124364e-01 -9.025942752228651236e-03 1.097189819670252009e-24 -6.764295034201408884e-16
-8.088315880747964925e-02 1.459149312932180682e-03 -7.695055482181725597e-24 7.986667322007701597e-17
1.527023796456625782e-01 5.480772127424818341e-02 -8.127487959108811973e-25 -5.981910156038495328e-16
-7.961983222746411570e-01 2.391896206585672133e-02 4.796878427995580334e-25 -8.033749767462699973e-16
2.982553938392373816e-01 -8.836303815831978575e-03 -3.613881105623281144e-25 8.375848375998101932e-17
-9.116594291966475527e-01 9.843481358736564171e-03 -2.280215075614917445e-25 1.799505442041560200e-16
2.096313191017862287e-01 -2.939692531995862987e-03 -5.383851404490663968e-23 2.917743708889405408e-15
-7.312762714701874778e-01 1.398273217637881899e-03 -1.836748258250367441e-25 1.651654321229074849e-17
-8.289176127481423517e-01 8.877656651068069338e-02 -8.487243626862923925e-26 5.492529284365195606e-16
-7.526762771020809595e-01 2.392291246131663524e-02 -3.931467128990704103e-25 6.225481235678345353e-16
-8.669928814075784640e-01 -1.801208118946329888e-03 -2.078917120186719833e-25 -2.855042671416674901e-17
-5.811044478846962846e-01 2.223290257098617297e-03 -4.880195180045818513e-25 5.544770259770473176e-17
7.847482029529060377e-01 -7.067943849797481137e-02 -2.355003104818647866e-25 1.148711330658850752e-15
-2.986550632636570946e-01 4.948273781699508850e-02 -1.158867453336210425e-26 1.506098475135968916e-17
8.610443256430435621e-01 3.485630906457833772e-02 -6.595106844891105629e-23 -1.740703260988938385e-13
-1.740942346663547635e-01 1.099797913513355686e-03 -7.984111544103967178e-26 1.344373294220379496e-18
7.715914298542525529e-01 -9.097828246244789308e-02 -7.910331756200876051e-26 4.883327231604449916e-16
-7.420589958543093445e-01 3.668632124688762236e-02 -2.044906057797006096e-25 4.895668026901221532e-16
-7.969643564468535946e-01 -7.414754832756161734e-03 -2.215579072004009278e-25 -1.151380708890791364e-16
-7.535538538858039814e-01 -2.016611574581381183e-02 2.978900592022602204e-25 3.980966856714665257e-16
-4.537947913132831523e-01 -2.037034726025586245e-02 2.808828778231041062e-25 2.283385326062450161e-16
5.896045100493194635e-01 -3.828632845326166920e-03 7.633548296095843713e-24 -1.515398927859728587e-15
-4.025980105769457751e-01 -2.240907484924677118e-03 -3.280602351269260059e-26 -2.602826045323992667e-18
9.805963657262355415e-01 -3.079280048206694490e-03 -6.343062080762008701e-24 1.684358101000026513e-15
1.725264045588523754e-01 -9.275591911183415916e-02 1.464417433014981621e-23 -2.060905581813240614e-14
8.537240652987267975e-01 -1.678860070472584093e-02 3.896173042805622154e-23 -4.910958468582016281e-14
-8.851054854928472881e-01 -2.065127236226603144e-02 5.842168219319209673e-26 9.391001394272092945e-17
5.467396196529015207e-01 2.617302450827760710e-03 -8.668795044239544761e-25 -1.090910680124450979e-16
8.509556820777675057e-02 -2.206440669215367634e-03 -8.476326533277089259e-23 1.399596589023614360e-15
-9.253031880192374992e-01 -1.231208122361599280e-02 1.468156618571921273e-24 1.470902608023938361e-15
-7.224189562446325930e-02 3.696861256028695364e-02 7.822693971911712385e-23 -1.837276948256977579e-14
1.572767208609129330e-01 3.705279123284489773e-02 -6.906657773404789370e-23 -3.539560278424215218e-14
8.766332252602260233e-01 -7.321482519305979111e-03 -1.948531159534398141e-24 1.099816705533434837e-15
-6.985892722520616882e-01 -1.851631187579617227e-02 9.008041594053241773e-25 1.024714266056701726e-15
3.318485497889303026e-01 2.136509731653905494e-02 -2.256957965882798343e-23 -1.407227360635357362e-14
2.769579673706421552e-01 -5.232862569434275357e-02 -2.208908052927404301e-25 2.815313941997347857e-16
5.168969209197424863e-01 8.954171037848354664e-02 1.115984958389301003e-26 4.542382189620529225e-17
-1.172752269714143480e-01 1.289408528692609140e-03 2.083387277423092274e-23 -2.770529818376613309e-16
-7.672563390122688620e-01 3.550576223454852444e-03 5.630715380757800947e-24 -1.348959470176439026e-15
-2.961286787257748632e-01 1.407197147045103486e-02 -6.798006157025451765e-26 2.491225087660748074e-17
6.211814420363495071e-01 -1.055590260730482344e-02 2.023878211978053245e-26 -1.167062790233662903e-17
1.038903718666372988e-02 3.408024104898224171e-03 6.367410783762794853e-26 1.982607878268876279e-19
7.423819653367846882e-01 -9.780040653580895915e-02 -6.119976450542587009e-23 3.907633502610702053e-13
8.450201027364625528e-01 -8.969808550110406134e-03 8.835191031332151802e-23 -5.889279402719221595e-14
2.339853775868694363e-02 9.233486356943543250e-03 7.360741798293051302e-24 1.398530730798114179e-16
-4.569646862975043078e-01 1.534486774659327320e-02 -4.587278932674419001e-26 2.828765444604605480e-17
-7.325722585130243214e-01 1.018918987810231783e-02 5.949389103419786204e-23 -3.905336838088143934e-14
9.521639284178300411e-01 -1.090086622409456099e-03 -1.239913869224399261e-26 1.131775407717245593e-18
8.843073381743042916e-01 -1.000979182599473147e-02 -9.685697342241735712e-23 7.539719148827812341e-14
9.729007709059342979e-01 6.374441454974112860e-03 1.053878126088626619e-25 5.747739479130783343e-17
8.335409195502447854e-01 -1.134005658014068489e-02 -1.681438983183788508e-23 1.397717035967721451e-14
3.912872416714698875e-01 5.961385733259720772e-03 -5.928179350723524761e-23 -1.216074679810009007e-14
9.002038401725478423e-01 -1.608946991491597145e-03 1.474878878523415791e-23 -1.878602750389846476e-15
-6.485260960240866179e-01 -7.379878060295025355e-03 -5.857216655922779020e-26 -2.465266823927235478e-17
7.197033125177381141e-01 7.373988113096081876e-02 1.048687364412396101e-24 4.894383215954456889e-15
8.574670823894687821e-01 -1.790297792201322276e-03 1.576844660313771535e-26 -2.128764626455980238e-18
4.762888912915350659e-01 1.071515708693353231e-03 -1.266797509852190506e-26 -5.685546240633371696e-19
-9.750412472556342358e-01 -1.116264585790511729e-02 -2.603499986723886311e-23 -2.491975194078029382e-14
1.870059043780805119e-01 -5.103273114930026617e-03 -3.147785350627139046e-25 2.641832267689333704e-17
8.062725791945113407e-01 -9.461956704094857951e-02 -2.985980870978129792e-24 2.003299432391266308e-14
-3.870060203076719496e-01 -2.071583367484897131e-02 3.776381872539485045e-25 2.662514864386722730e-16
-6.372492539457093041e-01 -1.373224770101989485e-03 -6.785992403795231914e-25 -5.222282168620644150e-17
-3.655570214794503503e-01 4.598627919347451562e-03 -1.552566074074810228e-24 2.295247346827892340e-16
2.212450994711716579e-01 8.007747251466829086e-02 4.433232092921293152e-26 6.907175420200355376e-17
5.419070985396028384e-01 9.189918115679436561e-02 8.260667342648169169e-23 3.617825499579926718e-13
4.287547938051898821e-01 -8.187859101567809827e-02 1.970614046105300996e-26 -6.083827950584141413e-17
4.044372710963937134e-01 -1.605772954408358349e-02 7.402553041223436999e-24 -4.227784464360088878e-15
9.125355381407831423e-01 4.494123113594426094e-02 -1.436611367614020431e-25 -5.181196353268224034e-16
2.986679402422725005e-01 -7.508904605716802509e-03 5.683720941591840618e-26 -1.120969873882586075e-17
-3.168349634417797489e-01 -1.611933751109852772e-03 1.170394030090668266e-25 5.256641845109720941e-18
5.606065706450991115e-02 6.899169630400739557e-03 4.652933446160156361e-24 1.582624365482582869e-16
4.457163715669583137e-01 -4.675814885185526626e-02 -7.495405773821185238e-25 1.373747910467741337e-15
5.651934456819416308e-01 5.589997230303034303e-02 -1.481872032130551160e-25 -4.117327485366675417e-16
6.732361586351363059e-01 7.465282534171290701e-03 5.633759694760113438e-23 2.490049616761286325e-14
-5.007387304950479123e-01 -3.957263710459799771e-02 -3.819276208549078444e-26 -6.655539177525634796e-17
9.462383887979770591e-01 5.446868404195305546e-02 -2.222288350896850267e-24 -1.007265261523160287e-14
-2.534149113655548291e-01 -5.017732551193110346e-02 -2.474563315648451681e-23 -2.767159839640999788e-14
2.695568470922058424e-01 -3.000739561131359617e-02 -1.252002108003307967e-26 8.905939331703341833e-18
-7.722252554820736581e-01 4.788317900640467854e-03 -3.143798032419733794e-24 1.022298244593989253e-15
-2.011058567919417062e-01 2.048111852499703671e-03 2.135517304934796928e-23 -7.735305756993697275e-16
-3.504808142660946757e-01 -2.463795033777272606e-03 4.037084816863636344e-25 3.065721494096292336e-17
-2.693970246238164279e-01 2.672303511247624275e-02 2.443453670550456176e-25 -1.546958582952841663e-16
3.243255896322625453e-01 -1.652213163273444710e-02 -9.259246680955091246e-23 4.363338931993400837e-14
-2.998022044297792288e-01 2.876179860360617013e-02 1.837544172719265426e-23 -1.393428378199032821e-14
-3.066441208187442591e-02 -7.291232877096169053e-03 1.122069091006636171e-25 2.206232163557324496e-18
-4.761464932945560502e-01 6.158194850217620780e-03 5.708344952056800020e-26 -1.471974295474518780e-17
8.329170921207165179e-01 2.824868288827733082e-02 -1.400113303637789525e-26 -2.897071142542744329e-17
9.251798741788770375e-01 3.655229022265380628e-02 2.446043856274007538e-23 7.274464183238656924e-14
2.119236260059600419e-01 -9.435667345761952762e-02 7.356674471478970250e-24 -1.293687962303030796e-14
6.303505510562668057e-01 8.162573627560763129e-03 -1.128181457319170936e-26 -5.104864351013342910e-18
3.863054216832979559e-01 -5.373868606774055874e-03 1.065474203260435076e-24 -1.945166522645396528e-16
1.387437884427333845e-01 2.968243191947999345e-03 -2.032872224498371552e-26 -7.362394958520222721e-19
7.054019560305131442e-01 -5.923613787142248399e-03 -2.120188719966555066e-26 7.791012745185380757e-18
-3.396429403461231900e-01 -2.114535559597140874e-02 -4.344761184357985756e-26 -2.744097228282407151e-17
8.679542697479547542e-01 1.739423769774605093e-03 9.442512644138854419e-24 1.253677466223431514e-15
-5.621137272162957110e-01 -1.980064566330487410e-03 6.220563049240101450e-24 6.088765383859320913e-16
-1.000780478394291961e-02 6.052667387340512385e-03 1.467472724901595991e-26 -7.817208081710989615e-20
3.199154589425388107e-01 -3.197633334658937093e-02 -5.259327985921061704e-23 4.731405223734863075e-14
-3.018588059931193168e-01 -2.974057727854429508e-03 1.433963234257394616e-25 1.132106439769677398e-17
5.017988239684254559e-01 -2.058623517791171795e-03 1.038764128613732395e-24 -9.436686190710407857e-17
7.557831427852335082e-02 -7.997340901679246550e-02 7.628420178132852712e-26 -4.054837148658167623e-17
-2.249991904279782240e-01 2.411611525405251560e-02 8.153144629760655926e-24 -3.890536131345580767e-15
4.105011776163716153e-01 -1.789338706981414727e-03 1.020757460216325483e-25 -6.593644481728340494e-18
1.827765548083588598e-01 -1.487600629693859719e-03 -1.775822424931497771e-25 4.246218877426451804e-18
-5.686937875006117249e-01 -4.395603028701560583e-02 1.108349086738698194e-24 2.436517393563447683e-15
-7.261972358961779062e-01 -8.069784060618447052e-02 -1.960855246419055670e-26 -1.010550543473047082e-16
-7.536176829477567729e-01 -8.738312519336489947e-02 -4.875470066555363096e-26 -2.823521816961721791e-16
-8.963034319706431052e-01 -7.135487149754367146e-03 2.804860742607470607e-25 1.577560385492470993e-16
-6.879420189042972922e-01 5.656828404942875616e-02 1.116342891637738689e-26 -3.820484598421701428e-17
-6.015969656899129436e-01 7.660083275319456292e-03 3.245527251538930744e-24 -1.315286578707164799e-15
-3.232147290480165136e-01 7.504539354485183222e-02 3.546190344147334726e-23 -7.564378058886070438e-14
9.155859354973558961e-01 -2.203929153194041091e-02 -2.376959858367155173e-25 4.218077844024479709e-16
-9.038425272848993330e-02 1.139480518519609201e-02 1.050651890436185172e-23 -9.516001961623304219e-16
3.026412972679282110e-01 2.193440308856862281e-02 1.056806529158600761e-24 6.169436495598897244e-16
-4.226097692250296856e-01 1.361611602942730450e-03 -3.342922536083619026e-23 1.691667824450970887e-15
-3.175029644624811631e-01 -1.016828911272316463e-02 4.224874467951040987e-23 1.199514439486555000e-14
4.824637651266627802e-01 -3.254374176173896460e-02 -2.779818049027221580e-26 3.838349860399647059e-17
3.511800052680256190e-01 2.506113194231422009e-02 2.568428689986392150e-23 1.987897450744148707e-14
-8.646230704859059202e-02 -7.512445642710320268e-03 -3.372970005638916757e-24 -1.926711287525219655e-16
4.548363381392530602e-01 2.699829267493458751e-03 -3.805557506730248195e-26 -4.109658594130966970e-18
-5.322739753577350186e-01 3.183163377013849965e-02 4.876133109363616869e-26 -7.265503477530422511e-17
-6.234101885844485214e-01 2.879114528468019671e-02 2.513815024571913051e-25 -3.967913123219003476e-16
7.682922051917115969e-01 6.428687559448161178e-03 1.157844985330983005e-25 5.029156674726668192e-17
5.484163971269857552e-01 -8.885186579201877211e-02 6.601885356356318423e-26 -2.829052207257406128e-16
5.243972521738617942e-01 2.410926987682073669e-02 1.219351869245282127e-26 1.355718475172844808e-17
-7.000783100357030886e-01 -1.476607250801124666e-03 -2.968670142102176016e-25 -2.698792931267477037e-17
6.619088680291000948e-01 7.062286081275694072e-02 2.089833613857441169e-24 8.591148310444290693e-15
-2.842633654759516570e-01 -2.357660804528989140e-03 -1.990455559827002089e-25 -1.173142323198088894e-17
-8.264474956222789270e-01 1.186580014106974716e-02 4.423586261156024952e-23 -3.814896835047786495e-14
8.338736972283209425e-01 2.204836347891319000e-03 -1.044376456285759414e-25 -1.688611365990742432e-17
-1.528903024512817677e-01 1.289502114907976199e-02 -1.672183055068758720e-25 2.899224306936944925e-17
-4.345587197183782280e-01 2.887816408540855306e-03 -1.134580821588165934e-23 1.252130190271394836e-15
-8.810676121390577098e-01 1.696647354781690049e-03 6.759111676071949549e-24 -8.885593551467651103e-16
-2.241960531404507684e-01 -1.075266163203085490e-02 1.590394183908761697e-25 3.371667358230877781e-17
-6.503455015868078171e-01 1.162103053728020564e-02 -8.220059642930819685e-26 5.463359161960906777e-17
-2.060940349466964250e-01 -2.965264727712037338e-03 7.573815922150584794e-23 4.070423899172979991e-15
4.557590690110153719e-01 5.777276438417315065e-03 9.711232059092250667e-25 2.248685919359381251e-16
2.391214859108248270e-02 7.744665189542410122e-02 -3.236076940585943207e-25 -5.270309104000685679e-17
9.295983384198955868e-01 8.753277404547088816e-03 -2.358583159547468517e-26 -1.687769850394525276e-17
-8.505844118423264710e-01 -1.590305970225312088e-02 5.501395263134439060e-23 6.544356635625007555e-14
-2.825681885867221688e-01 5.984250012767478033e-03 1.397611290144256457e-26 -2.078334264063223446e-18
1.269534180969587034e-01 -6.004789188105131431e-02 -1.390945992439210141e-26 9.324991214616993122e-18
8.075679370899149223e-01 -1.226428559116952803e-02 6.526866961257584626e-25 -5.684890235614699077e-16
8.304606737643225323e-01 2.900567360368049019e-02 -8.466416101374521919e-26 -1.793484535923416889e-16
-7.286588221322742864e-01 3.549532841823557078e-02 1.819057151898327078e-25 -4.137497750774181280e-16
1.685304859522642751e-01 -6.972046331902075067e-02 -1.916973779833258743e-26 1.980846901986538989e-17
6.116145314147392043e-02 -2.337011163494001620e-02 -2.452717196531922220e-26 3.083060581534536372e-18
-9.473096335073869501e-01 1.337666792827481473e-02 4.895504185356255274e-23 -5.455484501414596449e-14
3.789993517199730100e-01 5.786536441014134176e-03 -2.783988625607357120e-24 -5.369336427257137780e-16
9.423381013552889485e-02 -1.043303264096381898e-03 -2.367250671926609411e-24 2.046715912953216394e-17
6.645449105152960723e-01 -6.500891715651398173e-02 2.340437680797502319e-25 -8.891813607087545813e-16
3.051823244913489663e-01 -7.594796469692458030e-02 6.820048403948111440e-24 -1.390141388641934349e-14
-7.048727689091729420e-01 1.624699332639269189e-02 -2.050612937839204003e-25 2.065206239480314137e-16
7.558958015366770145e-01 1.353423983924073072e-02 -1.720001239643809374e-24 -1.547464025909395666e-15
5.627386463703771824e-01 -8.912036750356741935e-03 -1.160163071844185215e-24 5.116803608351016617e-16
4.454836791475580426e-02 -1.792459728877189226e-02 -4.610784020083934938e-25 3.237814655995886602e-17
-2.415024915795347393e-01 -1.772886986065657288e-03 1.279621544512763660e-25 4.818148837406810858e-18
-3.116361827837852427e-01 -7.680915574468170047e-03 -2.432102803929955133e-25 -5.119632606226193363e-17
9.890139642938293729e-01 4.780269865479547589e-03 -3.506916156218439883e-25 -1.458062772985007674e-16
-6.410765113208216626e-02 -2.552045725169778748e-02 -1.270440442209771449e-25 -1.827883981246683093e-17
1.302295586824486762e-02 -6.724799137864998118e-03 1.789044913697411303e-23 -1.377863290761067037e-16
8.667282435339398461e-01 -1.414796107662900232e-02 -5.111490321461090331e-25 5.512141381892490542e-16
2.390506143709631992e-01 2.230340712728668979e-03 5.048015603282935816e-24 2.366888312983151368e-16
-7.233953580627106028e-01 2.730808731964091615e-02 -1.229163163807881326e-24 2.135367052108965559e-15
3.491753421207726138e-01 -3.714092838478712938e-02 -2.579644772620547157e-23 2.942064765898734493e-14
-2.783976386757283095e-01 -4.829324550355019313e-02 2.253634699865787600e-26 2.664596550914413250e-17
-6.786037198266765547e-01 -7.792121385872478878e-02 -3.528983228018582764e-26 -1.641033851974515899e-16
-4.959475626888298905e-02 1.874441305456329412e-03 -2.401639568477319351e-24 1.963411980634504358e-17
5.832237660027927983e-01 -1.637423936630517983e-03 -5.763598943723617887e-24 4.840454043135520601e-16
7.876461043690534680e-01 6.345901673686587564e-03 -2.227782176229768339e-26 -9.792491276310254662e-18
-2.925990235690498764e-01 2.020315034259492770e-03 1.631434308356914923e-24 -8.481204978412309039e-17
4.388111621912615945e-02 8.291088050237656326e-03 5.034169517953583611e-24 1.610693958303927138e-16
-5.696108151193723934e-02 1.214253368039605943e-03 -1.451697066140734529e-23 8.829976399796465078e-17
-9.544686117446781193e-01 -1.487321603334666210e-02 -3.500420575914737978e-23 -4.370013366999757240e-14
-6.700474691841078467e-01 -1.703036419773839433e-02 1.366561951354591137e-25 1.371370590699375363e-16
-9.241476059615931771e-01 5.317068011640011665e-02 4.918582198346057479e-26 -2.125443145204964558e-16
8.868839240618202613e-01 -7.994799040118421088e-03 -1.261403637027025844e-24 7.865465195591704911e-16
2.820864713160706749e-01 -1.811092880172980330e-03 1.290468377688929020e-25 -5.797841634261778587e-18
6.132782851319427131e-01 -3.824297448164896973e-02 -1.322940352522993695e-26 2.728635437470646248e-17
-2.492971704358513119e-01 -1.054731608712796689e-03 7.237167221673839511e-25 1.673493070646821340e-17
4.715478210776202772e-01 -6.381262152707374569e-02 6.184094531948065401e-23 -1.636456437907077965e-13
-5.546433599183187013e-01 -7.306906860082095986e-03 3.777505037112010263e-25 1.346320448269199062e-16
-6.808497923251195516e-01 1.196143860278365894e-03 -2.510154667466502204e-26 1.797757905363977054e-18
-8.987631997056035882e-01 -8.303562072373751532e-03 -9.716564700905551699e-26 -6.377030079373260851e-17
-1.869345243419286984e-01 1.203542063487508459e-02 7.996457814438786485e-23 -1.582138290667055674e-14
6.264291558560630691e-01 -1.438032534262112007e-02 -1.538464063963112256e-25 1.218776386215059986e-16
3.104530113440742145e-01 -1.868841835707940992e-03 -7.749146710687584989e-26 3.953832873718918815e-18
-5.687322207547560460e-01 -5.725623760931476680e-02 -4.785327534616744181e-23 -1.370371471339179660e-13
-5.298247306350756247e-01 -4.466876401834710304e-03 -3.301488496850737113e-26 -6.871348103220221002e-18
3.979983876505224227e-01 1.194171055402632083e-02 -1.445910136337271772e-25 -6.043453094716694858e-17
-4.342556147425238322e-01 2.530676345147196780e-03 -1.483187502225186658e-23 1.433422132065160482e-15
-2.069310960275405620e-03 2.447476456509613957e-02 3.411763838404892991e-23 -1.519564863517790309e-16
2.931098282953079615e-01 -3.915606554193100386e-02 -1.565273997606346819e-24 1.579849797918934110e-15
6.093952492224292694e-01 6.768075269958245127e-03 9.786430276709032619e-25 3.549641970917928183e-16
5.751887325806015472e-01 1.951982333032939226e-03 3.162702223850711709e-26 3.122774015484241440e-18
-1.071443519210351081e-01 -2.010110221758260908e-03 -4.811511876842576072e-25 -9.113112189684758548e-18
8.371402471106290655e-01 2.142797002995729637e-03 -3.466071638778021779e-26 -5.467802097987394459e-18
6.178742576855025259e-01 1.894347924071261915e-02 3.693464671337188600e-23 3.801804651363308154e-14
-9.600368737734441549e-01 3.978362459270002281e-03 -2.837144215946840352e-23 9.529490351334370938e-15
-7.363300887518078319e-01 -4.574065243181962837e-02 1.716677503034631985e-25 5.084633079361611737e-16
-7.081370983261037200e-01 3.165712488551724029e-03 -1.057593974627283045e-24 2.084989080184078426e-16
-7.774416586127652629e-01 -2.001820017932736187e-02 -1.376230618887810626e-23 -1.883562573371575449e-14
8.757428688629742553e-02 -6.763087527291984646e-02 1.172999835812259909e-24 -6.109639273247363615e-16
-6.360988741510529287e-01 -2.419520548800342067e-03 9.356191536588501452e-24 1.266336270292195721e-15
-2.345864186172976762e-01 -1.164953657679178084e-03 4.093058679613866117e-25 9.836837238309559624e-18
5.348219475876543338e-01 -1.215255147255144864e-02 -2.946476892582859167e-26 1.684130457983569880e-17
-9.656458053624881188e-01 2.451937053634816593e-02 -1.080453207566289334e-25 2.249723467132597073e-16
-2.829044011857406726e-01 7.252694609741076881e-02 -3.126995030010761715e-23 5.642379411676133411e-14
9.875420089913604649e-01 1.126756021901376137e-03 1.877000719378892136e-24 1.836732481675512969e-16
-5.762525217698510893e-02 -1.327563817361507390e-03 6.498024776304503087e-24 4.371652264439029188e-17
-6.215260390651464739e-01 -1.082187319824468551e-02 5.242430095249407909e-23 3.100918968584500429e-14
5.597410928886303871e-02 -7.581539377552778958e-03 4.966777979612492524e-23 -1.853597067593774381e-15
9.317129407193425195e-02 -1.212967465627045292e-02 -2.180759733602103684e-25 2.167380190915522341e-17
7.571952304134188516e-02 -9.602117967274118038e-02 -1.137423423938651201e-24 7.272656490567835460e-16
2.727673167837982859e-01 2.656080005458657731e-03 -1.074292693506600762e-25 -6.844663569558090320e-18
-8.193989828307188805e-01 -1.673961145426714359e-03 3.323857384638650834e-26 4.009398056753825755e-18
5.399583839388877315e-01 -3.389473249813130390e-02 -1.102157620636278609e-25 1.773912556174495213e-16
2.733086244170392920e-01 -8.459028029523435466e-02 5.255970588984680804e-23 -1.068618594975891604e-13
-5.453075331358581135e-01 -3.776256568903978150e-02 -1.704638047991627782e-26 -3.086961187731399288e-17
8.869517616998701115e-02 -1.004321696891950083e-02 -2.469107658799323641e-25 1.934233374774511737e-17
6.460361277563244631e-01 3.669162733983941105e-02 3.849678678185534053e-25 8.024985591428794410e-16
7.024002247229568230e-01 -8.799228116862936599e-02 4.545577915957931305e-25 -2.470667630658133247e-15
1.995562900823395491e-01 -9.367147482900191335e-03 -2.741644050761207137e-24 4.506920001052217855e-16
3.748414039968284150e-02 1.818128348888752716e-02 5.480611772200597417e-24 3.284710766368259758e-16
-6.393821955089893372e-01 9.941773429213644764e-03 2.493320308244177668e-25 -1.393793628041245160e-16
4.801443489601120440e-01 2.088456476477024842e-02 3.273017916508185600e-26 2.886301092625805647e-17
7.354158525183509543e-01 -5.701440139688420013e-03 -1.850981460116359595e-24 6.825203821743181099e-16
7.184731164949651472e-01 2.139126543705983235e-02 -1.507911488759367303e-23 -2.038068842952230818e-14
2.225300185088072702e-01 -2.851949601620239541e-02 1.988076507573384373e-26 -1.109582361636702841e-17
5.309341324912597582e-01 8.701395089533853211e-02 8.954057038744795239e-25 3.637855055345608260e-15
7.037130761256766842e-01 3.582416713901153543e-02 -2.739788148964204516e-24 -6.074138727571922384e-15
-6.146693493166921485e-02 2.708189051768583946e-03 -1.391277933079507419e-24 2.036715801025559798e-17
-7.417521799796928939e-01 1.150178229201984786e-02 -1.581627884886264112e-25 1.186654492713434497e-16
3.304781199077104770e-01 4.926285527095800899e-03 -4.491527245649556957e-26 -6.430612345893865464e-18
-6.414256696685662895e-01 -1.150462236712790701e-02 7.874334817332973741e-26 5.110090380817439787e-17
-4.337307683988391727e-01 -1.072583765171076890e-02 -2.321925574446772990e-24 -9.499390612007192491e-16
4.071977308490610792e-01 2.344234301633910458e-02 -5.972046298098496306e-26 -5.013321216000740400e-17
-7.719136529804790925e-01 9.421607967960733687e-02 -3.031886980125031040e-26 1.939111402535455119e-16
8.706519886295525090e-01 -3.747968342981051332e-02 -1.618337595895033387e-24 4.644143536967180783e-15
6.544306442307565863e-01 1.108114689426659139e-02 1.112857508266474856e-26 7.097148622215205561e-18
1.611250022346144561e-02 -5.934506371250619639e-03 -2.524726035229586535e-24 2.123038137294750135e-17
3.944001994092496410e-01 1.488525625058645212e-02 -2.323174302344840329e-25 -1.199419863162918471e-16
-4.982290912679019357e-01 7.205467114175929250e-03 1.234534880546667731e-26 -3.897540061326497425e-18
-3.725916192575793318e-01 5.426727287203990391e-02 -6.289105685707170242e-23 1.118293942739394690e-13
9.811561044385364028e-01 5.980740541781986996e-02 -8.186246074633302093e-24 -4.224485928957855189e-14
-1.010811391630450640e-01 7.978612445807754805e-03 -5.006920056597436896e-24 3.551110245793206727e-16
4.977386614577172796e-01 6.471779821523979126e-02 -1.592555083389120636e-24 -4.511444012762786396e-15
2.885353481366204065e-01 -4.975375962040201605e-03 -1.279988564058185133e-23 1.615946651939487082e-15
8.545080338405064424e-02 5.074017761731006160e-02 -1.516787915187504472e-25 -5.783476742856352927e-17
-5.582766460023265154e-01 -1.340855318481724151e-02 -3.050512083751104204e-26 -2.008168403683713736e-17
8.953766481929386067e-01 -9.649583510329491978e-03 -2.890143900595064936e-25 2.195987176876362786e-16
3.113251625685629076e-01 -4.085212111044032868e-02 2.101487819140932319e-25 -2.350453759227665313e-16
-7.657328416557738215e-01 2.692655298822342266e-02 1.652110532822196851e-24 -2.995664238671958459e-15
-1.502585417754949138e-01 -1.409961564963995231e-02 -1.708594948401528963e-23 -3.183329267982682820e-15
-3.400031637927121153e-01 -3.815340042217711929e-03 -8.594892481865171127e-23 -9.805114224351797450e-15
1.518880518179654970e-01 -9.519858014989553835e-03 3.151614054879071889e-25 -4.007588407740249237e-17
8.956835209995459568e-01 4.342362517281927320e-02 -4.501000202552540702e-23 -1.539521272065529588e-13
8.198142465820246194e-02 2.211015681036116592e-03 -1.801609022241315023e-25 -2.871863752940533417e-18
1.567019566628933269e-01 -4.023325054197123690e-03 -5.434221868702330691e-25 3.012956816840782922e-17
-1.398079371367200174e-01 1.684677341514756801e-02 8.005347954275802689e-23 -1.658153668969971521e-14
-8.880579262760242010e-01 -1.529242802880848191e-02 8.703652710749846632e-23 1.039477980794432474e-13
7.786311227326154771e-01 2.036072554299245708e-03 -1.449573057003469153e-26 -2.020975819448376828e-18
-3.817997625598772427e-01 -1.988301947426526425e-02 1.754136291535565551e-23 1.171055089767588480e-14
-9.418934508689649210e-01 -7.634221759671315499e-02 2.292990150437784486e-26 1.449989101473225237e-16
4.003502356788779526e-01 2.685832283555484624e-03 -5.339963793584524004e-24 -5.049557139808488117e-16
1.756947010318825608e-01 -2.034091765711198291e-02 8.497829329932042715e-23 -2.670749832789345553e-14
-2.739304876185315596e-01 -4.592674193847329396e-03 3.227586143251043536e-24 3.570917779575811109e-16
-7.329738209195124643e-01 4.007018154192233846e-03 -3.492452580276070963e-26 9.020618001008697386e-18
4.464737138021788176e-01 5.303935272180856052e-03 -1.062103684464632278e-23 -2.211856899532992548e-15
-4.195991185987224537e-01 -2.901392948617077458e-02 3.419998838569646376e-23 3.661534051862881992e-14
1.563786455729943015e-02 -8.423805900250757109e-03 1.907728414485356480e-24 -2.210030907102783377e-17
-3.129256822186958775e-01 -5.278511373910001192e-02 -4.095739912847729459e-23 -5.949507825217316025e-14
2.397310208653000707e-01 -2.708123084162436175e-02 -5.995223480597900641e-26 3.422898419980741740e-17
-4.838253381174186796e-01 -1.276549605569928707e-03 1.493907105534425153e-23 8.114203545200402762e-16
-3.670162967737495840e-01 2.007610146806189377e-02 4.159674664707255222e-26 -2.695380587645584880e-17
-4.506576205108794309e-01 1.868277487644850283e-03 -6.606485394552391540e-25 4.891641034260897882e-17
8.299652743028747004e-01 -7.274887382051981044e-03 -7.442971422628413646e-23 3.952105673064782116e-14
6.470539618945230220e-01 1.218876191264725399e-02 3.832063240003627070e-24 2.657839567550083490e-15
-2.872836587067257863e-01 -1.985508770702672926e-02 1.858326526534637936e-26 9.321821006169611533e-18
9.515790973344939729e-01 -1.790845108904776800e-03 -1.227708504543124813e-26 1.839899847327290224e-18
-6.527344109469268574e-02 -1.155181079520786226e-02 1.140278377938939636e-23 7.561247695656208196e-16
-2.782749566890794224e-01 -2.505153284043273518e-02 -3.827020342185817429e-23 -2.346200911892440370e-14
4.470702340411754072e-01 2.898418644616583030e-03 -2.278097201561644601e-25 -2.596002588025420578e-17
-7.170541682230531233e-01 -7.042945129398861526e-03 -5.213239078637692654e-24 -2.315314075514244031e-15
9.996942746588000084e-01 2.815954017419288608e-02 -9.547379418574862295e-26 -2.363594365633025297e-16
-1.930161491857671496e-01 -7.313845937105925218e-03 -8.169871509405926975e-24 -1.014263230080521644e-15
-6.687622385398204194e-01 -1.089215706818857281e-03 -1.561186188053446702e-24 -1.000083676915835558e-16
8.119235994507070231e-01 2.475360483795418370e-02 1.987829701194481804e-24 3.513409685251980798e-15
8.530078160351672878e-02 3.339604779108655986e-03 -1.927335445595273386e-25 -4.828379455712121240e-18
6.204352933189876129e-01 8.610732883419094236e-03 -3.803712330791782818e-24 -1.787064700606136102e-15
8.721799016215381339e-01 -6.515329804602412733e-02 1.762973206928198186e-26 -8.810168031601380586e-17
-6.205363895486164516e-01 -8.692710276524427682e-03 8.333121812747762551e-25 3.952994319451730605e-16
2.240999114086950073e-01 8.864859059006637010e-02 1.646794879975824035e-25 2.877060724939337703e-16
-5.302095805374338333e-01 1.482258861527078163e-02 -3.780254706448265274e-25 2.612694851055419445e-16
-6.681420435374869626e-01 -1.335789286205185146e-02 -5.299998396640903022e-26 -4.159857899913517669e-17
5.999369330964725577e-01 2.436304832571160699e-03 1.101910571233604013e-25 1.416379313388029944e-17
3.896850514148035849e-01 -1.520104605282242933e-03 2.398046913376363765e-24 -1.249225659995592171e-16
-9.111038692272721562e-02 1.657574516168539101e-03 -6.339804233132392338e-25 8.420013736576214846e-18
6.356902746906660795e-01 -1.832240966117719416e-02 -6.169044020031330331e-23 6.318907907014439018e-14
-3.572274087076687810e-01 9.833575605060599495e-03 -2.643778328436012310e-23 8.167276769756946678e-15
-2.763517941544955114e-01 -1.513016004918138133e-02 -1.927324778250743443e-26 -7.086906708172009238e-18
-7.209139629559746520e-01 -8.132352179032662637e-03 1.889334874368738823e-26 9.741022724874661609e-18
9.030621236665818952e-01 9.812396700773480182e-03 6.524806521712177726e-24 5.084594972729860210e-15
2.859959235761277974e-01 2.141905316912870449e-03 9.506284138265803619e-24 5.121143002555884364e-16
6.011024897368066888e-01 1.298897902878445865e-03 5.377903080351771962e-25 3.692602113455785306e-17
-4.828484186121051458e-02 -5.246450906497310968e-03 -6.127562902607580716e-24 -1.365086605303657491e-16
-8.177771904541939474e-01 1.690816790171947555e-03 -1.078228792344147126e-24 1.311108007772419243e-16
3.779072942878269892e-02 5.322562128956358218e-02 3.077819015863242993e-26 5.444338169054170348e-18
1.136681346026360284e-01 9.257172270226288191e-02 6.257731126377679270e-24 5.790685494163220777e-15
8.910369524296617438e-01 -3.597968278576279665e-03 -9.453750261540250546e-25 2.665343399837819286e-16
3.633646346363104129e-01 6.457730772095222893e-02 1.280873847873039866e-26 2.643169109610894927e-17
8.523871489132341939e-01 4.472984710054582133e-03 1.643651706937532865e-25 5.511122981364285001e-17
-4.975041252392831126e-01 1.589224693994424273e-02 1.443616721398662515e-25 -1.003760023284784132e-16
-6.474151667905667651e-01 7.215760996321807057e-03 4.831019805421734082e-26 -1.984722656605001741e-17
-6.434125187923172007e-01 -1.118129359597352804e-03 -3.118832674184739136e-24 -1.973193306830666627e-16
-8.821634076215953968e-01 -1.064619602714551513e-02 -6.125198288641606834e-23 -5.058941420000243622e-14
-5.658129057998739775e-01 1.957985926070828723e-03 -2.051677739662423045e-23 1.998883862203652909e-15
9.201185559662179436e-01 9.234215165305275155e-03 5.148915095402815536e-24 3.847295191776589007e-15
8.840064768794959615e-01 -1.912361756561332905e-03 -3.178982530298640022e-23 4.726173260259347730e-15
-7.640478709336953056e-01 -7.642538555230783681e-02 1.951867903504944002e-25 1.002315926305938747e-15
-9.034235961517229629e-01 1.431093733666623799e-03 4.181982900562749342e-26 -4.754860310746361670e-18
3.748617029994321115e-01 7.055113448554405434e-03 1.944756845126549165e-23 4.523102032630074194e-15
-8.709433479876291795e-01 -1.015234097632477031e-02 9.291337406955015427e-25 7.224874935746992206e-16
-8.188563114657210207e-03 1.564006894745084697e-02 -6.907866471494500836e-26 7.780120051888271070e-19
5.625569365832479019e-01 -3.955156314464881862e-02 9.116129994510285982e-25 -1.783760925515890823e-15
1.614350546836558209e-01 -1.608722255191866873e-02 8.875997606301261884e-25 -2.027178968406101291e-16
6.322103192682688722e-01 -3.634926989184213836e-02 -3.880935154522563599e-24 7.843134434390482774e-15
5.623975379137955422e-01 1.058343933684298584e-02 -5.280679650732785243e-23 -2.764114683175513631e-14
-1.348975674680958914e-01 6.469378907293462169e-03 -1.743054681483660910e-24 1.337746176983277759e-16
4.817961289336452069e-01 6.963693904340774107e-03 -3.661104817058824627e-24 -1.080217335212671492e-15
-6.163574396542297329e-01 3.281954954644416590e-03 1.226652715933479587e-24 -2.182141372949182226e-16
-1.576358855669650616e-01 2.041126600249801130e-03 -4.358012790503301887e-26 1.233131904492977660e-18
9.466713778986315386e-01 -3.693472691678646811e-03 8.395846198822216671e-23 -2.581633652345332457e-14
3.311566027206802598e-01 -3.333683276753947062e-03 -6.409287180379208108e-23 6.222479675890203647e-15
9.169147218934057264e-01 -6.294174059606342901e-03 4.258838733045938603e-26 -2.161498259059569628e-17
-6.032682499061281511e-02 2.549765902115425174e-03 -1.018408405911917676e-26 1.377617825401382930e-19
-9.527363815305716077e-01 4.785536500524340681e-02 2.426294246928152488e-25 -9.728432087045543754e-16
-7.221033041743960545e-01 4.448568489510570934e-03 4.544537242320494959e-24 -1.283823380576048130e-15
-2.519917204495085716e-01 -4.976825391416829503e-02 6.173480593959802982e-23 6.808708847276527187e-14
4.089972209284062910e-01 9.796959310754589645e-03 -8.456437967166553764e-26 -2.979854981725761726e-17
9.649477775096473309e-01 4.622258629174617536e-03 -3.841688840371500513e-26 -1.506871567503333426e-17
-9.893622352511819429e-01 4.922404933299454229e-03 4.701485724721888647e-24 -2.013556352074310334e-15
-5.308252207687196300e-01 -1.480332381062999950e-03 7.345162250306545604e-23 5.075843016999576529e-15
-9.614743388409714431e-01 4.054147320812753058e-02 -4.438574191562131974e-23 1.521516644896486056e-13
7.952312507809062847e-01 -6.286126032044209687e-03 4.311747080070350367e-23 -1.895508781731311108e-14
7.482794733559621214e-01 2.296086744767166041e-03 -1.509981769381842753e-23 -2.281496608785402614e-15
1.554113281732079077e-01 9.074917644860798494e-02 3.453855995327065131e-25 4.283764535047156022e-16
-3.134809705199141927e-01 2.468764612763855743e-03 1.657199727958073798e-25 -1.127876946556192348e-17
-8.778877566621212658e-01 -1.577616734801721640e-02 2.106367737717655658e-24 2.565492156919252245e-15
-5.567544783058415714e-01 1.119917266005156752e-02 -1.280588740942176894e-23 7.021911293365628027e-15
6.082798963559783445e-01 -3.874152863724351914e-02 1.430096217559699227e-24 -2.963749368258812212e-15
4.529095904506310610e-01 -3.669551088141460339e-03 2.602719916119535712e-25 -3.804064667172176602e-17
-7.033342009007625961e-02 8.459592542690852479e-02 3.204114090520439278e-25 -1.676544765907649161e-16
5.165881423262848049e-01 5.052477485963885982e-03 -4.583284700776200610e-24 -1.052014330395738304e-15
1.483701333949913881e-01 2.923983260963513089e-02 -9.104829678664182515e-23 -3.473675099903796528e-14
9.171515202474918027e-01 1.670118363947951240e-02 1.612437554714765725e-23 2.172037137668272049e-14
9.454197459170892159e-01 -5.735993463279045329e-03 3.821595471140223922e-25 -1.822527249369352601e-16
5.804783782204703257e-01 -6.820299621392651723e-02 -2.160222377754674034e-24 7.521145019338045968e-15
-8.728315443606646795e-01 -1.596490527632437109e-02 -1.422162432878388861e-25 -1.742777651683828306e-16
-7.810807872900042970e-01 6.009896918149669476e-02 1.928662137828737540e-26 -7.961870940093037386e-17
-2.358010309864191356e-01 1.853533310239050685e-02 4.954743343061726651e-24 -1.904422299043539946e-15
3.737883345064210161e-01 -2.401935713708459874e-02 7.381332940722317898e-24 -5.827978196498026368e-15
7.895988728184331062e-01 3.745702732983823002e-02 1.614089512993165743e-25 4.198203087824086047e-16
2.552072646685257240e-01 3.695893073021155190e-02 5.186607613917143016e-23 4.302212168974489257e-14
5.377882589274685099e-01 -8.888444726816024585e-03 -1.847049404251930762e-23 7.764466218607023514e-15
7.637324860146850192e-01 1.896295942234165963e-02 -2.418351387010737105e-23 -3.080085585848426302e-14
-5.883258452084572099e-02 -1.958763382794196598e-03 -4.539772183657120123e-25 -4.600764080414046361e-18
8.536442097959482389e-01 8.097363520923172436e-03 3.349093823638184130e-25 2.035840971549867267e-16
-3.648997110219021067e-02 -1.000160866254156886e-02 5.327288134990668347e-25 1.709800990787499075e-17
3.548704003044369504e-01 -8.670229149379658773e-02 6.448485779202410432e-23 -1.744833934125912862e-13
8.649469764934401006e-01 3.492839651583789715e-03 5.441137552986656608e-26 1.445618971168512614e-17
3.363763270415909279e-01 3.475397473126577708e-03 5.540377812533183751e-24 5.695938438985590256e-16
8.696393423784392063e-01 -3.086946705640557405e-03 -1.531442710203123619e-26 3.615472527815893496e-18
7.905544549735457061e-01 -4.754560721076040580e-02 8.529986607801623094e-25 -2.819593743469015679e-15
2.529659056826285557e-01 8.601434575723197751e-02 -1.646855127008533465e-23 -3.151260302370563109e-14
5.320855442178478167e-01 -1.033542370235991312e-03 -1.414587274433043942e-26 6.841250495508324270e-19
1.593402894379041257e-01 2.492755254779348804e-03 1.640617126087194259e-23 5.730710679509987477e-16
5.290295312107926584e-01 1.618695537454644187e-02 3.470859738894014758e-23 2.613834880582097330e-14
-1.126464875700863288e-01 4.384167622710852946e-02 1.162235840462502282e-24 -5.047717824894446373e-16
-1.656134661478032566e-01 -8.876829054627670412e-02 1.857112402434376160e-25 2.400975309075290023e-16
-7.449958150596969197e-02 -2.016048181833490771e-02 7.423115722493654982e-25 9.804760093931298604e-17
-5.515254557053914652e-01 -4.095944424142136144e-03 -4.526091901699619305e-24 -8.991641555011663332e-16
6.053943751168877618e-02 -2.387354468662214891e-03 -1.962866439605629379e-24 2.494836207254521322e-17
-6.904351207682866143e-01 -2.712226611570982097e-03 3.197070814651276306e-24 5.264984583666389989e-16
5.343705381217414008e-01 7.080910521074575137e-02 -5.617658030736668837e-24 -1.869316808101551755e-14
7.005781808896485163e-01 1.592310500087059169e-02 2.414420149506860186e-23 2.368608118294407928e-14
-9.437667155139450870e-02 2.763174000179131201e-03 -3.091391953360589715e-24 7.089620083933740004e-17
-6.908001077897352182e-02 -2.776912974109017711e-03 -3.237603510301040257e-26 -5.461781584744445154e-19
4.010574216930244962e-01 -9.128804778200595021e-03 7.900324314983208025e-25 -2.543673686261473195e-16
4.248509984521757765e-01 -6.927726160714522963e-02 -1.328643394777144840e-26 3.438996936360295874e-17
4.603603117678582990e-01 -7.777637015063101900e-02 -3.841771518173304464e-23 1.209687182281544819e-13
4.377703621133743894e-01 -1.086414879371648155e-03 3.623531191946700382e-23 -1.515549289017040928e-15
-5.589953494231021391e-01 2.602190423066468462e-03 -4.765178544819500071e-26 6.095684026590145276e-18
-6.017778723571181043e-01 -2.893833380624727652e-03 -8.919723254165652304e-25 -1.366020185256848846e-16
6.433769405891114346e-01 -3.876154200218466083e-03 7.744754349770462993e-25 -1.698518120620754627e-16
4.898740559545564643e-01 3.900711003027371171e-02 2.064711930865959469e-24 3.469634141007561529e-15
4.696761458234934850e-01 -1.568873784264791446e-02 -1.878781628326941379e-23 1.217471531335110164e-14
5.757055163509430251e-01 1.055572961659875103e-02 9.186432960520720572e-26 4.909435498521354662e-17
-6.386737756066007687e-01 -4.552096408083856904e-03 -2.968827440180813304e-24 -7.590519340791708744e-16
-9.168119855744729652e-01 -4.382001542557776436e-03 1.331822994957802125e-23 4.705386668896862761e-15
-6.066120320313084235e-01 1.038683856441044613e-02 1.091197838383095759e-24 -6.046358576794368220e-16
8.983874057409675373e-01 -1.412313624670548384e-02 -6.258615587100339486e-26 6.983434780702362788e-17
-3.146347654040286823e-01 1.590720849945205257e-03 -1.171528524834114187e-24 5.156435021129331756e-17
6.314947793894036820e-01 -5.001545059214632799e-03 -2.984611089363142239e-24 8.290060479401111756e-16
9.797553518641115566e-01 -9.759520833925837413e-02 3.716236729371198430e-25 -3.124967547974900203e-15
1.555420283322470620e-01 -1.017677919575923906e-02 -2.283220291781777941e-26 3.178351504994365213e-18
7.489379733166372510e-01 2.342256820795263553e-02 2.568137440093312503e-25 3.961818960532636757e-16
2.112977159024516105e-01 -3.827792096867690952e-02 8.050491688991392870e-26 -5.726134570003838141e-17
-8.456749722344150122e-01 -1.443839520763397829e-03 9.104545075321860927e-23 9.776348029648497733e-15
-2.837115351818313425e-01 -6.323713062559130522e-03 -1.968607618727785984e-23 -3.106020453609819465e-15
-1.553294484088296734e-02 3.608511333835984040e-03 2.333956041434921816e-26 -1.150457411278511657e-19
8.678742778144021841e-02 1.939879773470470567e-02 -2.767193750898366610e-26 -4.097011662975454045e-18
8.358824284290293782e-01 5.622193778020664195e-02 1.360469539144202481e-24 5.622582398207223966e-15
-7.978479331238594874e-01 5.089620185181814756e-03 6.790626078253297689e-26 -2.424997614727778470e-17
9.615873821332798776e-01 1.382051262613881969e-02 -2.825592786352001770e-24 -3.302314880160311644e-15
7.031323239076554543e-01 7.110661503032977837e-02 -5.160754968884050250e-24 -2.269113962252922279e-14
-1.433505147405174096e-01 1.195991242062693916e-02 1.141826505951739216e-23 -1.721564810250566121e-15
-4.008461898229376263e-01 1.345717348528195113e-02 1.103554315734397377e-26 -5.235055917735950732e-18
-1.140892596812952409e-01 1.527308583642044207e-02 -1.534555617859424340e-24 2.351528184326011939e-16
-6.535199275150553877e-01 -1.667453910531097733e-02 8.190661541718372632e-23 7.849240824487124500e-14
-7.203361492249915621e-02 1.807673330460509526e-03 -1.444385727702103074e-25 1.653995597831913766e-18
8.588782474702287839e-01 1.187938914213234123e-03 -4.545736813775185041e-26 -4.078739799392589596e-18
4.706428759092320391e-01 -1.779960226622989347e-02 -5.409811230276159118e-24 3.985473251435101143e-15
1.935361840074698581e-01 1.173730093203641939e-02 1.751449687980313577e-24 3.498839976334575629e-16
-1.528247932432469369e-01 6.356651234735768638e-03 2.704471005779115410e-25 -2.310471049019141318e-17
5.226184661117883046e-02 1.176113911317260702e-02 -6.467601991847890259e-24 -3.496016102629557949e-16
-6.341795350770647044e-01 -1.875985456659333330e-03 -9.623825811839071744e-24 -1.006897922182280583e-15
-6.365211345689505418e-01 -2.194360662490426033e-03 -1.955966487251590329e-25 -2.402582156111007296e-17
3.403936376387057816e-01 -3.067943500590875235e-03 1.217920121708467078e-24 -1.118519596546411826e-16
4.608492686463578902e-01 2.682365305023399690e-03 -2.020560016006877516e-26 -2.196567637224888990e-18
5.333531946992584594e-01 -2.423124504919586461e-02 -1.531102744287070180e-26 1.740167148547730152e-17
-7.122151225052877344e-01 2.684471369664967466e-02 8.432308334592521667e-26 -1.417791754158178611e-16
-9.577959097565380553e-01 1.074270565436708522e-03 -1.243790175114693975e-23 1.125459254690994788e-15
3.213209943216979170e-01 -2.181026299334217107e-03 4.627007397620898659e-26 -2.851649855039886641e-18
2.697543211201596236e-01 -4.058170017587370282e-02 5.144330447528001744e-25 -4.952488848723283004e-16
1.543758823594800766e-01 5.809930822479100060e-03 4.947589810240062674e-25 3.902474743263179558e-17
-1.352382982110273968e-01 -5.226218944347029750e-03 -8.085972710023640791e-25 -5.025919967063632775e-17
-5.379065002564125120e-01 1.814880355578983931e-02 9.135493284233341190e-26 -7.843010480034591679e-17
4.129530811553339120e-02 4.472733573865452644e-02 -2.155465158789838462e-23 -3.501150243507793532e-15
-6.828314872087193343e-02 3.329564216788577502e-02 2.702448483642152359e-25 -5.403241252288858653e-17
-7.458472801963607068e-01 -5.045448768642509137e-03 -2.451410345850139639e-24 -8.112631062803253174e-16
3.602505504268871395e-01 1.821312358528338199e-02 2.263378972511028523e-23 1.305997557539704205e-14
3.104280130421330774e-01 -4.439377813245647120e-02 -1.491351001386583799e-25 1.807419164251710797e-16
-1.694830738700936479e-02 9.089577591523388678e-02 -7.937558156990854434e-24 1.075357711921193232e-15
7.133342222041099134e-01 -4.494736528469486098e-02 2.523690780384784442e-24 -7.115893518142527508e-15
-6.841050474368954859e-01 2.347916454569351150e-03 2.191999110366153388e-25 -3.096291268389858977e-17
-2.824469093179162726e-01 -1.155414221959287675e-02 -4.596311418826211742e-24 -1.319106870487336202e-15
9.721042730235223139e-01 -7.479678659950597663e-02 6.002061533961047684e-26 -3.837887465821484537e-16
-3.251145795983805264e-01 1.568861180714239967e-02 -1.564328499220387615e-24 7.016894074065403720e-16
-9.528757918530113002e-01 5.678940605487495935e-02 1.314325388253049637e-25 -6.254642875538016233e-16
2.525390671407983234e-01 -7.009066395362179187e-03 -2.414931998489665671e-25 3.759149971468734451e-17
-4.439290228319781040e-01 2.484201411844491614e-02 -2.030227820032946279e-26 1.968979153503707385e-17
5.377435101474845602e-01 9.270958200268675925e-03 6.307669114521578559e-25 2.765442954237207287e-16
-7.258159792547325129e-01 2.659583602288143056e-03 -1.270923046168108999e-25 2.157522965406507639e-17
-9.760096874582455673e-01 -1.185749254599857520e-02 8.254307509611424370e-24 8.400857793400969679e-15
3.531166607600424445e-01 1.819013859546362221e-03 -1.382554043929093101e-26 -7.809663727357604034e-19
-9.476473560268610097e-01 -1.401012860812775101e-03 1.643107708265615251e-26 1.918451880963489189e-18
4.960438325558214068e-01 -1.761137726116572544e-02 8.260312394291486136e-23 -6.346084449590722352e-14
7.148967354381312589e-01 1.895146762082420763e-02 -4.745861758735914540e-26 -5.654539544349025975e-17
-4.831864700802446233e-01 8.083041728666114090e-02 -2.331329202769846634e-23 8.007356969614551605e-14
-3.770043347190783489e-01 2.911390491901062229e-03 2.048944156627203514e-24 -1.977756977294808864e-16
-1.631684457456612503e-01 1.602508374690927908e-03 1.869014078689091224e-25 -4.297788679896623868e-18
4.240403181861862603e-01 1.206007171123824398e-02 -2.974396647020238252e-23 -1.337679048975378635e-14
9.449930785863729366e-01 -9.213379812675713890e-03 -5.011894431401723746e-26 3.837474631202240506e-17
-4.911986501427296758e-01 2.554312832161190552e-02 -8.057152100757897595e-25 8.890144343033549763e-16
-7.978756753777502819e-01 -6.262579695465651797e-02 -8.376899132077143867e-26 -3.681016609086640796e-16
-2.182416219086102949e-01 1.438108306926202777e-03 8.070288146732891071e-26 -2.227482071045360297e-18
7.987329698491874019e-01 -4.759461311829015287e-03 4.206799749114661155e-24 -1.406394800338592004e-15
-8.643469185374279551e-01 -2.104411363017242610e-03 -4.264488785380572588e-23 -6.821528582468152198e-15
-7.316753855561430875e-01 4.521060279165657961e-03 5.587131116491067464e-23 -1.625337689664920722e-14
-5.089919192804992498e-02 -3.939681129409890875e-02 9.508445243401549561e-25 1.676785346451873871e-16
7.025526887403723553e-01 9.932799341384130135e-03 8.306360524171690701e-24 5.097501235159888177e-15
-1.360500648070639418e-01 5.792271058394968426e-03 5.393904983787767270e-26 -3.738065632130443036e-18
7.746241895121930288e-01 -6.770353187573123488e-03 -7.661073176200520601e-24 3.533360833847568227e-15
5.876629334129632731e-01 1.100051213482250087e-02 1.005056139453155271e-26 5.713832753715088217e-18
-1.799356578604986989e-01 1.879655236114230812e-02 -5.428426064454054802e-25 1.614601539715126467e-16
-2.659144221670524111e-01 2.004140477292365094e-03 1.433533707470782556e-25 -6.718525370036898420e-18
-1.785952590736701318e-01 9.030087255973107130e-02 9.776260609141391641e-23 -1.386534382495166229e-13
-8.186745671441644223e-01 -3.529183998635000014e-02 -7.197261029345547395e-26 -1.828726905403900681e-16
3.130058898038354798e-01 -1.009039721887854818e-02 6.466561633615121648e-25 -1.796098682528765200e-16
-3.819179188857486640e-01 6.670080329639575811e-02 3.366989135308928848e-24 -7.542908070299777088e-15
9.386141622328905143e-01 4.991679884761442663e-03 -6.197122924221900684e-26 -2.553406386080491956e-17
1.868423705788326838e-01 9.900266398959956665e-03 -1.849928266674819493e-24 -3.009353031281495002e-16
-5.849586134680757610e-01 -3.374655466939845833e-02 1.045511010421890357e-25 1.815010709220351169e-16
-7.173940638045028795e-01 -1.424208910454809532e-02 -2.169112343502798403e-26 -1.948989607518371229e-17
-5.663233811759063041e-01 -1.112979255716499893e-03 1.329321103765904206e-25 7.368472412525275028e-18
1.432540068866563487e-01 5.601927155203212730e-03 -7.727949191238951084e-23 -5.453866383928513377e-15
5.500945779403956237e-01 -5.005337756185026382e-02 -6.564609172378307588e-25 1.589555252683268959e-15
-9.952387437436456263e-01 8.631755843006681458e-03 2.402204245451065229e-24 -1.814814967072457005e-15
-2.558511348062886270e-02 -1.397895011734820274e-03 -8.697339601928466316e-25 -2.735547946923639738e-18
-8.804917390620325968e-02 1.822378724877842318e-02 2.268024374767259662e-23 -3.200424897670790706e-15
3.478429893666312722e-01 -4.304593183323844607e-03 1.804022696768642162e-23 -2.375490871618837746e-15
6.895681572620793176e-02 -3.568211592340485988e-02 -1.280967745988848074e-23 2.771800656320644738e-15
8.946974565964453951e-01 -2.860569550749211126e-02 -2.783083117933456210e-23 6.263987631092627773e-14
-7.721084376692588513e-01 4.036430385596782161e-02 2.673220572060693130e-23 -7.326668807334138573e-14
1.603424328161358048e-01 -1.078763891727340350e-02 -1.589178998910851575e-24 2.417373114061380069e-16
8.053774203928174558e-01 3.202896859774109761e-02 2.472466015279259588e-25 5.608784247179386834e-16
8.960638296276535186e-01 9.653051957233085845e-02 -8.536851117645113511e-25 -6.493775921926260602e-15
9.990359530593546644e-01 3.510413643790932098e-02 -4.858221496339415249e-23 -1.498348106224611694e-13
9.063759150465870995e-01 -2.275939573888921541e-02 -1.339243440984679441e-26 2.429543125312778565e-17
8.290550832612828547e-01 -5.076331415341235609e-02 -2.184293169374414791e-23 8.084260182661524979e-14
4.542396678055979908e-01 -1.807947935922230845e-03 3.556225225125948505e-25 -2.568362000971870211e-17
-7.015566925682583665e-01 -3.436593865648604820e-03 -6.474566825388501953e-25 -1.372769749730339107e-16
8.864176811477348927e-01 4.315704912268420596e-02 -1.215913308719091590e-23 -4.090616488684142024e-14
6.950501216039246533e-01 -1.787212051853925496e-02 5.049930574015272060e-23 -5.516626939563184631e-14
3.857146376960716161e-01 -1.028628638264689980e-03 -8.500633695672462398e-24 2.966006062869877324e-16
4.688706988917130669e-01 -3.953822794859876422e-02 -2.367273907900135092e-25 3.859355685531298263e-16
8.800987191609410676e-01 -2.821955460248292292e-03 -1.600420822676877774e-25 3.495519565849878832e-17
5.402539848933034516e-01 2.048688357682675390e-02 -1.014842624336616940e-23 -9.877989913724280392e-15
-4.441168472311529669e-02 1.390149993550859712e-02 2.745959714525185915e-24 -1.490901912874801255e-16
-7.343043234157327070e-01 6.110066492153717888e-03 -5.651655051235495057e-23 2.229942521047136138e-14
-9.082648793027543466e-01 9.013963949713349466e-02 9.711278739059478268e-24 -6.991989349701730158e-14
9.985955958259684628e-01 2.111315222464521524e-02 -9.742226074003572929e-23 -1.806329310207207808e-13
2.167046347782441984e-01 -4.788320327487798587e-03 1.396192977325412220e-25 -1.274068696833186047e-17
-2.864665128202925626e-01 -1.354940986372039739e-02 1.860171834509233749e-23 6.349555245430838597e-15
6.330213031913662913e-01 -5.787759457202318499e-03 -7.769116221276209819e-26 2.503204999628891251e-17
-8.741766326407993670e-01 2.143323214218355224e-03 1.036226145995934587e-24 -1.707408376113098630e-16
6.300638431288363428e-01 -3.273491214090618745e-02 -2.057758194068804619e-26 3.732381925093161579e-17
6.422714270416811644e-01 2.635364845876155687e-02 2.447407258539879113e-24 3.643020325605108893e-15
9.697094220087929539e-01 1.258873195510432259e-03 2.791932568561671540e-26 2.997260753679485045e-18
3.228340867852264040e-02 -1.450709402861662979e-03 1.300002773607059785e-26 -5.354267799584832410e-20
-2.227926103858550722e-01 -1.967918186238530598e-03 1.223966456878145904e-24 4.719253836692736466e-17
8.603563907924616228e-01 1.758294008621495317e-03 -1.105391070694649501e-23 -1.470556914905758081e-15
-7.292817954839405648e-01 -2.846617875533779228e-03 8.084536029560081165e-26 1.475963596651688880e-17
7.648594612307535456e-01 -1.016207322747686740e-03 1.548428295974676178e-26 -1.058403001224059026e-18
9.874372176989374417e-01 2.793782703135202702e-02 1.152082262577565803e-25 2.794998679997238887e-16
-3.220104338022475865e-01 -1.331306785117663746e-02 2.472052249224173853e-26 9.319695767750377961e-18
8.647549481306706642e-01 4.028067520782936672e-02 -1.156588396190644095e-24 -3.542946780207393801e-15
-3.001004514223004627e-02 -2.023694071436996870e-03 -1.206110580335250168e-26 -6.441613088782982215e-20
3.374962857301324615e-01 -7.249787693923823162e-02 -2.308101412880681734e-24 4.966439775740832231e-15
7.126741293994607318e-01 -8.975188798224580447e-03 1.117067130459402770e-25 -6.283619230156803879e-17
6.527371356777271760e-01 -4.277303722895448024e-03 -4.144167729384730229e-25 1.017517145619113236e-16
5.256872099804734688e-01 8.540101519640745653e-02 -3.342884583708211945e-25 -1.319799096818783734e-15
-6.820651252301113132e-02 -3.576858689116416308e-03 -2.670980657016145934e-26 -5.730524454664521263e-19
8.300645647497499890e-01 2.700864552526652945e-02 2.383873579071111795e-25 4.699957166434704357e-16
-8.940304590710779209e-01 7.798709912638672470e-02 -1.188031219067147031e-23 7.284486368912563474e-14
-3.740090697333136038e-01 -8.778556194194168938e-02 5.321370325953638716e-26 1.536472216051267146e-16
6.829367254165865653e-01 8.710361818543553916e-03 -4.616504304583438381e-25 -2.415048787224397035e-16
6.591055486568073718e-01 7.521951667247146756e-02 8.786677457497909731e-23 3.830947418592476794e-13
-3.502804922847613245e-01 3.844577055884450950e-02 -3.702182496650163588e-24 4.384482537517738858e-15
2.941403495895658082e-01 -1.013716778225645654e-02 -8.776016940187575996e-23 2.301254719103460538e-14
9.920040802917082789e-01 8.703562017051820476e-02 -1.476263547229234080e-23 -1.120909069320644848e-13
6.698531259606672617e-01 3.018551763632725676e-02 8.367876441074612879e-25 1.487953897539386975e-15
-3.731072025599138087e-01 -1.005905817812765245e-02 -3.362757294815479695e-24 -1.109896486602954702e-15
3.028233485551947712e-01 -1.093624087536091295e-03 2.245848165476699233e-26 -6.540844382472667303e-19
-4.980065363392707223e-01 -3.202267045251176031e-03 4.409686820631544223e-25 6.184382405050959709e-17
-8.008534343957811608e-01 1.600541866838758789e-03 6.198719262727734198e-23 -6.987439318595412574e-15
-9.926694719028250624e-01 9.366565647133746203e-03 8.351710153511178078e-24 -6.828989757293987598e-15
5.959935941263765358e-01 -5.976633184590116055e-02 -9.394735585318882629e-23 2.942922026192961962e-13
-2.532565333369327654e-01 -2.970145657037793086e-03 -1.732390085665179125e-23 -1.145988067412290366e-15
5.484999894636182205e-01 -1.880613017168606543e-03 -2.909713924218500712e-26 2.639504180049059560e-18
8.301107684848618717e-01 1.935270245525913535e-02 -1.764830607899920459e-26 -2.493312387533898211e-17
9.534353613163624175e-01 1.237405122292902599e-03 1.001026926897015888e-25 1.038591884657555757e-17
2.425852664947352189e-01 -3.696736495468440527e-03 1.533504200286106238e-25 -1.209383072329019236e-17
3.609848046421639811e-01 2.558865082637261628e-03 -4.275214245289830709e-25 -3.472883325204800231e-17
-3.631046526462129442e-01 1.914807671314045293e-02 -5.808503692620960255e-25 3.551544352698952521e-16
-8.726237113296957393e-01 8.145119517821113042e-02 6.128914231202952331e-24 -3.830928223978089187e-14
-8.195942007591447975e-01 -1.450109404762375299e-03 6.474212527573530398e-26 6.766788430456953390e-18
4.758267099242501352e-01 6.342448673906198042e-02 -5.404207072284592298e-24 -1.434279397655100918e-14
4.229551738104799785e-01 -7.127031806148062532e-02 7.974191702460196200e-25 -2.113906193434064524e-15
3.355257993059139743e-01 -4.731428743158172349e-03 1.228041900149849756e-23 -1.714460204188047971e-15
1.654214011268790863e-01 -9.520525941647360949e-03 -2.266452756837678978e-23 3.139028847737766089e-15
2.490369617754575327e-01 -2.585430423555415760e-02 -7.624608254027646234e-24 4.317279836526933216e-15
-8.286020546856682767e-01 -7.927320732369552703e-02 9.873311531690245664e-25 5.703366448068403146e-15
-9.728479059737089596e-01 6.832411256176982445e-03 1.443942277836718576e-26 -8.440434048433423888e-18
5.728327463377291817e-01 -1.417335807952068566e-02 -4.776474796376316677e-25 3.410390319878340221e-16
3.628327917145761639e-01 9.862317632997377737e-02 -8.138361687372518423e-23 -2.561052629594101727e-13
2.782922914001777492e-01 1.117585898999659370e-03 2.730638339463162943e-26 7.468652861204564067e-19
-6.085467260230759123e-02 -1.355434242538917922e-02 -3.949782212050511129e-24 -2.865111536101336645e-16
4.805955422254919451e-01 4.878019492164731297e-02 -2.647974810117160717e-26 -5.459251716076774698e-17
-8.733602861494551561e-01 -8.699267436537777565e-02 4.630490697799542342e-24 3.093849176951400216e-14
4.797297691719948354e-02 2.404077326624545763e-02 1.005974286560842492e-23 1.020300223724683474e-15
-1.600536629638791286e-01 2.344184554421294923e-03 1.195912106839209881e-25 -3.945960020001902511e-18
3.496191100480394720e-01 -5.928418311602224461e-02 -8.740398632793230646e-25 1.593166786114331503e-15
4.784795286408491943e-01 -1.609873654224388585e-03 1.096861659788257757e-25 -7.430242898060125670e-18
7.131760810969400843e-02 -5.463201245970999639e-03 -2.932056468499843641e-25 1.004644239396033027e-17
4.859123403876173253e-01 -2.298325170783565175e-03 2.865857690087642998e-26 -2.814621645552856135e-18
-8.134934884260764942e-01 1.377339902303831905e-03 2.370457443233496722e-26 -2.335733951714148496e-18
4.770840035178729455e-01 -7.580355097234028894e-02 7.244898246820676586e-26 -2.304160334105911945e-16
-6.838129140427038344e-01 -2.807359768558697830e-02 1.136900254412147606e-23 1.919348042975972042e-14
5.987629506737430773e-01 -1.049091081909895359e-03 1.744088507704889292e-26 -9.634576641915950758e-19
-6.884197508421463496e-01 -9.459647147957984253e-03 4.276307844346847596e-23 2.449025014833606426e-14
-6.943345668540519267e-01 3.353615882652505667e-03 -1.694975916183313092e-25 3.470896285294241158e-17
3.310911803591454206e-01 -5.624183362275231302e-02 8.904679739858712342e-26 -1.458214419039190074e-16
-4.685955934901508968e-01 -7.300692915256251636e-02 8.492968434144826726e-25 2.555158186772854662e-15
6.006520571909199635e-01 -8.948773987621384124e-03 -6.728013604638627999e-26 3.180309376923078746e-17
1.420959726366830544e-01 -4.389719215586757040e-03 -2.430025608380412519e-24 1.332985304774968749e-16
-3.963996301406089717e-01 3.651022975979253266e-02 2.596819257827331516e-24 -3.305107046748802783e-15
3.018379694884687492e-01 -4.221385253470921056e-02 -1.261797122202926788e-24 1.413885993550816089e-15
-5.721971465956476877e-01 -9.785058990670777307e-03 2.628537390925878047e-26 1.294253343336460974e-17
5.796802984869617870e-01 3.449792272797078813e-02 -1.231991121641436128e-23 -2.166631554282605773e-14
3.649761300986433810e-01 -2.739680581891173333e-02 2.019301320349054140e-25 -1.775666998107701628e-16
-7.914953995503786199e-01 3.481791055348557040e-03 2.232432722336992740e-23 -5.410351486064590447e-15
6.484856574983608457e-01 2.180628939349579017e-03 -2.290390361218887923e-25 -2.848312621387132352e-17
3.856993319458659197e-01 -7.042114691471865369e-03 1.650808277055192119e-24 -3.943161988615033294e-16
-8.717796880469996790e-01 2.819065166556870144e-02 -3.328630605768257896e-23 7.194050195070706573e-14
2.125425004327339273e-01 7.580858271930122731e-03 2.112161488811890840e-23 2.992866072055380613e-15
8.937771934695237785e-01 -6.397433800077795274e-02 -2.600601628171711761e-23 1.307690291749277464e-13
-7.028927651156910983e-01 -9.980707008441395967e-02 4.138928638997246720e-25 2.553490925419470708e-15
-9.810867563386036494e-01 1.527024690551573912e-03 -1.490151733591826103e-24 1.963269705417895519e-16
-6.153911809147103451e-01 1.515521847141609825e-03 3.286795508688417554e-26 -2.695765771301210141e-18
1.560264105116726530e-01 -1.412462147654742865e-02 -1.186349398886651538e-25 2.299235997689523064e-17
9.678373281897605374e-01 -6.059983101903256009e-02 -1.645050072098747485e-25 8.484942494470410776e-16
5.031064555900619517e-01 8.566875898179230481e-03 -2.570343974185223779e-23 -9.742482005151623928e-15
-1.768422591612364148e-01 -3.469342389146620135e-03 -1.656003356313468764e-24 -8.934915092756226795e-17
2.270520958626200958e-01 -1.311236833583788930e-03 -3.127209042710169881e-25 8.187655648392633476e-18
-7.844963876888355614e-02 5.822497042981512189e-02 -1.232501244260908374e-24 4.950893583471615144e-16
7.310631979820474413e-01 3.128866396514139864e-02 1.725652444360289399e-25 3.471292997506704136e-16
-8.800269873881303440e-01 -6.411380173319622053e-03 8.947110430365676568e-23 4.439420861625832886e-14
8.550382276019827810e-01 1.346026796764436366e-02 2.122998709288120258e-25 2.148745441089626739e-16
-9.992300516658840781e-01 -4.653407776253121186e-02 1.709154899178335657e-24 6.988983621203809986e-15
5.271776439961231020e-01 -9.728934824098001144e-02 -1.612163547042287385e-26 7.271556387000415750e-17
4.077984901453119981e-01 2.790450474085028054e-03 3.167374034074693203e-23 3.169679016585525266e-15
-6.636069420587162870e-01 -1.341611464803477323e-03 1.941792424525247198e-24 1.520325165292185183e-16
-7.904615595501947034e-01 -3.154402563019374339e-03 -1.068636975102585915e-25 -2.343279369407706051e-17
9.765113778694429758e-01 8.666250238537216363e-03 3.460431918793046260e-26 2.575341596851110272e-17
-7.659914633128661610e-01 7.303833347526364483e-02 5.103780843947516036e-25 -2.511093031035375000e-15
-2.818380077942359563e-01 3.254820075800073965e-03 3.810859652800435644e-24 -3.074294736328952199e-16
1.803387279988295511e-01 4.573423771878992218e-03 2.705736628469423660e-24 1.962510405566897179e-16
2.089650347980651635e-01 1.584690725590124846e-02 1.560897302034026168e-23 4.545571255855006098e-15
-3.867258353734372989e-01 -5.841339433265656939e-02 -6.954731818562982677e-24 -1.381630836714141595e-14
4.120961905804561010e-01 8.145386895386175913e-03 -2.350700133164466804e-24 -6.939106447845957623e-16
-8.894575028739597489e-01 2.589446971802059766e-02 -9.075625575298406826e-26 1.838250933665170801e-16
4.602574391745735127e-01 7.049387319654114303e-02 -5.215260884509331054e-26 -1.488072970616896177e-16
-5.978957353730418589e-01 -2.312528441730617515e-02 -2.149827149287221626e-24 -2.614039115971083370e-15
7.232580392456224860e-01 -4.307528569247139581e-03 8.555912076275930146e-24 -2.344141100211262930e-15
1.927524593558926913e-01 -3.995932345974292921e-02 1.126346847403981237e-25 -7.629326530384450177e-17
-2.446423628161114028e-01 1.683148976756651885e-03 8.729725237919593765e-26 -3.161191424544835508e-18
7.614424490959714742e-01 -1.606688792614657454e-02 -8.662214062673963706e-26 9.319524638913993607e-17
3.634698289316085074e-01 -8.663753240497601427e-02 5.793099293258183229e-23 -1.604284596078491445e-13
8.269851335358047173e-01 2.245738462054436974e-02 -3.196469782556095281e-23 -5.220636832716167988e-14
-9.601551096953711006e-01 1.187433987832759059e-02 -5.753499640135368877e-24 5.768713408436230765e-15
-7.647885666988081255e-01 3.520892851878771376e-03 -5.484805980650053051e-25 1.298827470128989267e-16
6.809445601033572437e-01 2.475120140432177096e-03 -7.583179279449760780e-26 -1.123971664583124361e-17
2.332720590251793347e-01 4.512040457467943882e-03 9.647737767701170943e-25 8.930118024275000448e-17
-4.177999221343997593e-01 3.202881519358639212e-02 1.446488885007140104e-24 -1.702238188786982152e-15
-7.289607852567638879e-01 -5.346155241373207884e-03 2.708625411936971118e-24 9.283049804408819433e-16
-7.378647723394717861e-01 9.214577931785607190e-02 7.335515665708619982e-23 -4.386103474535898511e-13
-2.114216757471292230e-01 -3.979720411309759648e-02 1.611257304890802442e-25 1.192238035676532715e-16
9.378155739144422576e-02 7.360109297568897570e-03 2.644583337111092167e-25 1.605295402226086293e-17
-7.589368035462040751e-02 1.033444320349283675e-03 -2.175514768050900319e-26 1.500550903592393642e-19
-5.217758829836225409e-01 7.134592239926737696e-03 2.994608641902717694e-23 -9.803682383949355948e-15
2.605010922607986501e-01 1.847282919259523107e-02 -2.602687274594108869e-24 -1.101440273600443368e-15
7.958325930289695815e-01 -1.776370876009411917e-03 -7.658491408712988347e-23 9.521263745661659194e-15
-3.511880598299750300e-01 -4.431031110350297682e-03 -5.960662571098782623e-23 -8.157086707045131350e-15
-9.490772087911769628e-01 -1.613513212557866503e-03 -2.084234171492893962e-25 -2.806833056936623582e-17
2.480960179120552667e-01 -8.593115023488962639e-03 4.384024872380961464e-24 -8.219386987197322336e-16
-8.190440287410230003e-01 2.264997540849477894e-02 -5.449402074543052509e-24 8.890370010028582145e-15
-8.561358310699525020e-01 2.129720314785550368e-03 -1.619259879841331679e-26 2.596437081594820808e-18
3.901037603872490322e-01 -6.187801456858061516e-03 -5.979218471069232344e-26 1.269278517064716946e-17
3.526071811669122535e-01 2.147996445717968023e-02 -1.734088011717291958e-26 -1.155026231330773896e-17
3.611946060585053964e-01 3.307233928855828758e-02 8.251579507329048745e-25 8.668406313794548210e-16
-2.926382316384905646e-01 6.186182290038863725e-03 -2.177850637753597585e-25 3.467191816472995432e-17
6.035451316621778250e-01 -2.605804102613225402e-03 -3.350676585721222995e-26 4.634256052795525241e-18
5.337357178757606846e-02 1.585310025658472023e-03 3.975512421073259254e-25 2.958214000745296259e-18
5.107393971765583629e-01 -1.052464888492292893e-03 -1.583871716421393077e-26 7.487261121743778366e-19
3.548951593736398014e-01 2.585155467819629828e-03 -1.543116615255081783e-26 -1.245034797507747195e-18
-3.112525153811729339e-02 -1.646751940486336149e-02 1.695842218861291044e-26 7.644032011459366849e-19
-3.442390604630922724e-01 2.568974798346990423e-03 -8.201713237876306270e-24 6.378529561484375715e-16
3.746156732484380303e-01 9.444638170196424654e-03 -8.822175542351385648e-24 -2.745003884737489894e-15
3.378682557243064544e-01 1.915247440420669162e-02 1.151761385348515502e-23 6.554367594961311584e-15
1.830430528078443864e-01 1.429071689413033679e-03 2.160074222197829272e-24 4.969033682499508794e-17
-1.982207351320641742e-02 5.430999538366470918e-03 8.358318605377552600e-26 -7.913047457769373092e-19
1.918953971391794688e-01 -2.519604600725426635e-02 -5.043551008447314851e-23 2.144516382275586593e-14
4.022023676565591455e-01 4.278967028520928861e-02 7.253129721084268761e-23 1.097753948892832231e-13
2.469316355273214469e-01 -8.385895856795111403e-03 -8.701404483279177127e-26 1.584570458969583349e-17
-6.414382151670297016e-01 -4.774336175491663420e-03 4.664139213285780028e-25 1.256132149538801069e-16
-9.249981918014200666e-01 -1.015451000817920758e-02 2.043989812209075692e-23 1.688397043106733159e-14
-9.634137796131594378e-01 5.604748082670495818e-02 2.431526542253098658e-23 -1.154633000117733452e-13
7.881114892321852139e-01 -2.631581408940673449e-03 -3.671661620362150471e-24 6.696735077431814146e-16
6.066109029578319323e-01 3.548882080264759847e-02 8.741470821231185378e-25 1.654940154661838600e-15
4.252612487179818768e-01 4.406944777879833602e-02 1.477162478233430164e-25 2.434544327428100381e-16
-5.176553515167807706e-01 1.235492155358294299e-03 2.780151383755090784e-23 -1.563670148484124685e-15
-2.524625276972849441e-01 -1.260611842736278007e-02 4.726521441914981515e-25 1.322866265537904992e-16
5.068689837723174829e-01 1.404155515565063761e-03 -9.218776594858822475e-24 -5.770058520906345761e-16
-7.653106613479860876e-01 6.219340724479383020e-03 2.568337724901985964e-23 -1.075053914335434771e-14
-6.184562018183061838e-01 6.769596659818460926e-02 1.610059672693413443e-23 -5.928020752179903336e-14
6.291887463647771739e-02 -3.864727817292848422e-02 -4.203032692286007940e-23 8.987908194939816296e-15
-7.895880389803238142e-01 6.505409022264218438e-03 1.031062739551900744e-23 -4.657536440288769828e-15
-8.927159017987105205e-01 1.259425502516117474e-03 6.071695940035664239e-26 -6.003323809636151694e-18
9.244654336560571561e-01 1.708268135433420104e-03 -1.277988719417857545e-26 -1.774883033828226375e-18
-9.816467079397999118e-01 1.989838151367333274e-02 -2.922795874465545280e-24 5.020736785137509696e-15
-1.725091744664790649e-01 8.361422341033003525e-02 5.615557935950270350e-24 -7.123300570253567800e-15
-1.493748739879623422e-01 -1.181223226070584470e-03 -2.145079129393184226e-25 -3.328502193296561139e-18
-8.174175636455320859e-01 2.667416438989063561e-03 2.378721850150023527e-25 -4.561151005435285770e-17
-5.164334448635805597e-01 -1.768188903794121539e-02 2.972775946643913091e-25 2.387268125750776357e-16
-9.105118234808986522e-01 -4.260294982875652281e-02 1.417933921391343015e-23 4.837012982736558025e-14
3.170700414979488180e-02 9.100530427213028573e-02 1.611786327983787663e-23 4.090019544985454420e-15
9.883268006378969073e-01 -1.310121976801087440e-02 -1.369777819560715408e-23 1.559762353735340615e-14
-9.524855019156135416e-01 -2.279447591169366655e-02 -6.015650184802265261e-26 -1.148594042373295632e-16
5.870660372258276194e-01 4.034292974210242771e-02 -4.331419374489734890e-26 -9.021538886852979651e-17
4.708318033169982542e-01 1.879281800835199377e-03 5.223289300730631240e-24 4.064412510566608173e-16
-6.537078624247352199e-01 6.652722663840457233e-03 -4.708726643791738456e-26 1.800871009855617086e-17
-2.965204137123431671e-01 7.812389448868169162e-02 6.930934446208615592e-25 -1.411972615161763884e-15
5.817103137770354149e-01 3.804011473764811607e-03 7.124713841440404804e-25 1.386474889335250662e-16
-7.748328101645429733e-02 -5.860378090818700071e-03 -1.676331490915749501e-26 -6.694059103542994545e-19
4.062287834977507117e-02 4.299250131171071521e-02 -3.675263382186773052e-23 -5.644791086954857836e-15
4.040874473439133308e-01 -7.410189376341609624e-02 -1.666220131993433462e-26 4.387660786068669148e-17
5.964043744300511207e-01 1.741570054992902863e-02 3.784641993251715793e-26 3.457025421059136387e-17
3.375353246154986220e-01 -3.369101247486400164e-02 -1.245363803362631234e-26 1.245447806318485056e-17
-6.335690326413003781e-01 -5.691504508866673633e-03 -1.005838287090846880e-23 -3.189665854921115070e-15
5.588362431722211365e-01 8.811308562819097912e-02 -8.395065687952385636e-25 -3.635340321314792463e-15
-2.337075165207596061e-01 1.196517708222449676e-02 -1.028651890478248284e-25 2.529625554031688680e-17
-5.284387101596648151e-01 1.453095264717633658e-02 -3.668472550088256345e-26 2.477250846216941667e-17
-1.948493341829271586e-02 1.785370671844889109e-02 -2.894737991430618255e-25 8.855897551000564405e-18
3.087046097103844922e-01 4.525552579521406084e-03 2.177889093629113287e-25 2.675755889739092692e-17
-4.526842360550313860e-01 -2.962366117496292514e-02 -3.734504110407338953e-23 -4.404159562784459140e-14
-7.219539238716543572e-01 -1.515899607053979199e-02 -8.701384326687461930e-24 -8.374603862016756962e-15
-1.464670228619056047e-01 3.369201813127700642e-03 -5.318673250244675599e-25 2.308161488585590625e-17
-2.886172960333748261e-01 2.096598883972400004e-02 -1.834262008546042507e-24 9.761017136202573407e-16
1.019966722410496907e-01 -2.127516813225770881e-03 -8.445808480743948880e-25 1.611744633637408572e-17
8.859197995015464233e-01 -2.179960148159070833e-03 -4.248394473417099753e-25 7.215456250316390258e-17
1.360724062298732662e-01 -2.493112108722548344e-03 -1.448460172642510666e-24 4.321300135425267647e-17
-1.923521222855979484e-01 5.501767098179541349e-02 -9.607841246272919034e-25 8.941718696360875697e-16
-8.197754708819871006e-02 -5.366821712920667731e-03 9.890302153611128740e-25 3.826640358061962376e-17
2.826082743178814916e-02 4.509821483847439166e-02 7.979410399956186405e-26 8.943572400860284245e-18
-9.104680493455752366e-01 -3.669429727608107539e-02 1.990531400904381006e-26 5.848282167927339165e-17
6.300698587586937016e-01 -4.797562704954238394e-02 -1.270553695783390541e-25 3.377523568611695776e-16
-6.467026452758866117e-01 -2.196226452421217584e-03 -9.196849676706290931e-26 -1.148727039180633274e-17
1.954369741462760324e-01 -6.862246003201151467e-02 -1.909929155966802599e-25 2.252611369587665545e-16
-2.995640544266688909e-01 -2.614707566380963452e-02 2.291387735525234740e-26 1.578364876970965911e-17
-5.212187025355388137e-01 -6.942546000544172306e-03 -4.227404549748980526e-24 -1.345267243945956174e-15
6.710948478044949095e-01 -3.387059458324771094e-02 4.631437371243381397e-24 -9.258028666092348837e-15
4.030048181921062067e-01 6.891815009790994151e-02 4.246714905896166905e-26 1.037272721676836261e-16
6.919443889788641222e-01 2.659655357653000970e-02 -3.325659406762130265e-24 -5.382330047614106785e-15
5.183967930048671846e-02 2.940197612674979449e-02 -7.930404028171469807e-25 -1.062992354449528140e-16
-1.438444404221999040e-01 -1.153839175238442934e-02 -1.671745328186718839e-24 -2.440082328529354990e-16
4.155565261655524978e-01 5.861893424028193599e-03 -4.757911588117336437e-26 -1.019249233095854811e-17
3.799731389687126537e-01 -4.402271959350627720e-03 1.264386535194949715e-26 -1.859968664875401731e-18
4.658534340425475317e-01 -1.649353687730081494e-02 1.506009427838441947e-23 -1.017622704325895305e-14
7.685200152022666487e-01 2.648400262953664805e-02 4.144685495205669013e-24 7.418675696990456271e-15
5.174056560444761921e-01 -2.880097680079172096e-03 7.865290982726855460e-24 -1.030740127803580535e-15
9.220475377428345443e-01 -3.116481335142096826e-02 -4.912381304098558283e-23 1.241383340464802386e-13
-3.767814622785086165e-01 1.534479278804855816e-02 2.037935778785604351e-24 -1.036184400571769346e-15
-9.061261648671701252e-01 -2.997252957649142006e-03 7.777198377353725336e-23 1.857510364517918361e-14
-2.337956899195776650e-01 -1.238304663997240838e-02 -1.668886789470855729e-26 -4.249001520230911380e-18
2.671470793421930612e-01 3.018424313127762368e-02 3.892470547763392182e-26 2.760273121343981229e-17
-4.490619827711130885e-01 7.489940584910234622e-02 1.170587254184426127e-24 -3.462457517675964018e-15
5.956517097221363244e-01 1.240745555535504880e-03 5.632047234658259504e-26 3.660474701604261972e-18
5.764590203318211703e-01 5.437258525095673908e-03 -3.822573864950957064e-26 -1.053659552264087625e-17
1.715079540905941613e-01 3.980335939000848727e-02 -2.274021507487164173e-25 -1.365194602101970135e-16
-6.906164395884109020e-01 3.695820239352507700e-03 -7.269737238657246076e-25 1.631783230760925982e-16
3.940686445583589936e-01 2.875731797793405764e-02 8.303995294849664154e-23 8.275673619954900477e-14
1.810783672931393085e-01 1.149463503821482151e-02 -2.010094336988685405e-24 -3.679376219259935500e-16
2.080985408193434250e-01 -1.122631267072670379e-02 -4.058325304430325911e-26 8.337752996032755594e-18
-7.215573137221520383e-02 -3.183722390703749242e-03 -9.928041100745796165e-23 -2.005698231597129913e-15
-7.688625938489503930e-01 -1.562979892214154745e-02 3.883550476598267191e-23 4.104186409196447027e-14
3.918792122096741437e-01 2.233820394810085309e-03 -2.852331829170865984e-26 -2.195818939349758835e-18
-2.477594994504552783e-01 -1.225133232806343208e-03 3.046231776736947933e-26 8.131535831712802268e-19
-7.694697919747959247e-01 2.207945422633400892e-02 1.123827168738881503e-24 -1.679095649059746041e-15
-6.239126811698414432e-01 1.790309730301711810e-03 4.079538840411478356e-24 -4.007366446649346263e-16
4.318114300002646733e-01 1.051640110455245511e-02 -6.780002119241071005e-24 -2.707616212887100256e-15
1.686297378818801818e-02 5.885269535997774554e-02 4.834206831961257243e-26 4.219118765880097281e-18
2.435113632431191721e-01 -4.809602998009090274e-02 -2.535379882539984060e-25 2.611364536814821911e-16
-4.577743358833643583e-01 -7.280905893864926537e-02 1.674323447314498429e-26 4.907634587229651620e-17
4.139331852172658532e-01 -5.284934358328770287e-02 -8.066715320258100721e-26 1.551895857647787953e-16
-5.695324978092355384e-01 4.237163595340815575e-02 -7.941315447350727628e-25 1.685319284667385546e-15
5.930768525314391582e-01 4.826703832881082401e-02 -2.495642691798613373e-23 -6.282608998176573189e-14
-7.130597704543466531e-01 4.183554650649447954e-02 1.331916472348037412e-26 -3.494172746655987572e-17
8.594474945965087098e-01 -1.582146329848821767e-02 -2.164191666827391598e-24 2.587960949326097602e-15
4.053194265561652632e-01 1.454671806842537142e-02 -2.937676414998778404e-25 -1.523219175215544932e-16
-1.384598916188575224e-01 1.658089915539896417e-02 -1.130002475331171750e-24 2.281431640889666460e-16
6.781171958734140137e-01 -2.111369799999411427e-03 8.145127107994008589e-23 -1.025564381622292337e-14
-2.580336752283256541e-01 -6.229125926622936654e-02 -2.491681539244233973e-25 -3.522021750154674292e-16
4.673292792909622406e-01 1.469551972748247767e-03 -5.110100024771333390e-23 -3.086265918475838592e-15
9.348616761386314700e-01 8.010370119370025313e-03 -8.169197706472408319e-24 -5.379914166827199395e-15
-8.585613106020999474e-01 1.227930619702081007e-03 8.615559053104822904e-24 -7.987752630038948625e-16
5.348581957388427455e-01 2.162674832931379271e-02 -4.346003377469904516e-25 -4.420953440961401602e-16
-1.881527637422197863e-01 1.091252326071798576e-02 2.195443476555948507e-25 -3.964186197550778730e-17
-1.643807933191610005e-02 -3.101718482017592343e-02 2.246618734380123579e-23 1.007346371356654342e-15
-5.271393385041196478e-01 -1.096089150927194271e-02 -9.259769607539135618e-24 -4.705085154229500015e-15
9.061485281419194848e-01 3.548469998447783408e-02 2.415035591150901413e-25 6.829046389488891560e-16
1.987867083738912299e-01 -4.830600217506739180e-02 -9.391186149962429256e-26 7.930578868904701772e-17
-5.050780065911075756e-01 1.255939698693394344e-03 3.424416679139310264e-25 -1.910336395678189345e-17
5.391719564438814949e-01 -3.298227243804544625e-03 -2.665033030619989432e-24 4.167796125326736433e-16
6.371972798053431308e-01 1.520813206075497317e-02 -4.098962389683426887e-26 -3.493170002360127340e-17
5.592794015104074479e-01 3.275195198804754619e-03 -1.042960412683412978e-26 -1.680079519621423012e-18
2.630918427859008091e-02 1.137149187078217126e-02 -5.054202505344361327e-26 -1.329760619089499347e-18
-3.380043873110381014e-01 1.276748985596122370e-02 -6.021616742816115299e-25 2.285267113219438566e-16
-9.682981657858562574e-01 -6.568147324719529612e-02 -2.060517669978201956e-26 -1.152455959943618122e-16
4.100145998399007397e-01 1.092753567934043020e-03 -7.768428184579943445e-26 -3.060911056707816261e-18
-1.910824112175912859e-03 1.977293605511341347e-03 -1.449328681690996569e-26 4.815648302487326269e-21
4.237889116696311742e-01 8.106668986844078884e-02 6.969094448245775415e-26 2.105544284794821480e-16
8.727209903280912506e-01 -5.043807486328873158e-02 1.525329987744842492e-24 -5.904644188510353398e-15
5.914476792149176987e-01 -6.829058747285951698e-03 2.012235492597387304e-24 -7.147464156188879872e-16
-6.470027721153470690e-01 -4.130146500678900587e-03 3.528602492522401763e-25 8.292210822537110137e-17
8.188339308512122550e-01 3.792062757395436856e-02 -1.642781429318959206e-25 -4.485874630449339919e-16
3.123161893531176680e-01 -5.200780561089902998e-02 1.342255382114955131e-25 -1.917318140175519434e-16
-3.250233904012227448e-01 1.460130697297862788e-02 -1.975079457627325476e-23 8.243030752905051301e-15
-8.758711492132698062e-02 2.610564489247145081e-03 -7.121928445629711416e-23 1.432083211795068969e-15
-9.898938626095743487e-01 1.903577634039558099e-03 2.769107861600766173e-23 -4.588757401273502844e-15
8.303028479919953853e-01 -7.668421600734703913e-02 2.149607567209819407e-25 -1.203642993276895290e-15
-8.724053730488654512e-01 6.407803018513746895e-02 1.975652044559471065e-23 -9.712565104702929245e-14
8.337718867864778449e-01 2.560831051455617503e-03 3.624861299090357227e-23 6.806370226628972681e-15
7.368068490963191053e-01 9.091553968558731963e-03 2.132051064670109665e-26 1.255987675695525167e-17
8.245111919328891315e-01 -1.088117107237914502e-03 -3.987315690294037735e-26 3.145928265320884441e-18
-5.921574924457524425e-01 -1.429054522256564125e-02 3.602138451185108831e-26 2.680664289345584153e-17
-4.959539187328669829e-01 2.459229958945990599e-03 3.111964400715200875e-26 -3.337882830426041107e-18
-7.407534742655936810e-01 6.659912048614088052e-03 -1.975814495931583851e-26 8.572043350211223686e-18
-4.654591788277380182e-01 3.953628891699331391e-03 2.367542982947454154e-25 -3.831522440277724340e-17
5.354706902762031984e-01 -2.355177627063702143e-03 -2.150264804673230363e-25 2.384774493577901958e-17
1.863566832732921341e-02 2.970044679754010267e-03 -1.017818606067773754e-24 -4.954209195078149371e-18
-8.377760157988261014e-01 -6.084460223547588642e-02 9.784706750205193046e-25 4.386254168510056980e-15
-9.376918989227567280e-01 -6.524177592441901888e-03 -4.887543252332769066e-24 -2.629496229137998396e-15
5.277888369240704147e-01 -1.131631242211448424e-02 -3.353341812047975310e-23 1.761322787018807828e-14
7.094260739145610284e-01 1.756616776185720638e-02 5.301451578203738243e-24 5.809984472807916252e-15
-9.529493188020736749e-01 -4.357820139078301923e-03 -8.547131612421160096e-23 -3.121443636377340875e-14
2.990774119812038556e-01 8.107504792519395348e-03 3.042126193237828945e-25 6.487002327451788838e-17
-6.158537365479233028e-01 -6.479606037302418353e-02 -5.419622347854635479e-26 -1.901915454392057618e-16
-2.189334275143099973e-01 3.429151601354917672e-02 3.693751193997104730e-25 -2.438722587154069645e-16
-5.651874072569924579e-01 -5.103142646032624713e-02 -5.947928624649521680e-26 -1.508661938233382478e-16
-3.342302178391101108e-01 2.618049700967785449e-03 1.036776824795920204e-23 -7.978199282059326208e-16
-5.597240737490933871e-01 -6.291870348568044669e-02 -6.343958584063353372e-24 -1.964762636364882089e-14
9.090957286769896228e-02 7.141619477664652715e-03 -1.586694052363366127e-23 -9.059318273836934809e-16
3.476395670995433562e-01 -1.610337158192567649e-03 -1.800782575863418494e-26 8.865501240546438533e-19
6.267279174146154208e-01 -4.326921508850977566e-02 1.555172470330899832e-26 -3.708793198522773008e-17
1.699353518223971626e-01 -5.642354632452189177e-03 -1.440290858760364674e-25 1.214479863718462034e-17
-6.731798556788448629e-01 -1.787789792578547629e-02 1.043634769324577928e-24 1.104567103303296319e-15
4.374489867188173786e-01 -1.988443341402124347e-03 -1.775689511673103726e-24 1.358324910799756756e-16
2.729769702515409957e-01 -1.004145234235925268e-03 -8.336617666629838043e-23 2.009594462563999069e-15
-5.511070513676283866e-01 5.387798380113622415e-02 3.927650271988919324e-23 -1.025595516636466601e-13
9.513212126190988549e-01 8.962695130435615123e-03 8.202259762342672113e-26 6.150286176019039516e-17
-6.898294552970258842e-01 -4.657730586545815593e-02 6.737413911616869928e-24 1.903729887768999492e-14
1.764816109734621552e-01 -3.004668906153098659e-02 -9.181042940769714823e-24 4.281383205756843781e-15
3.531841779907924916e-01 -1.378140177317815039e-02 -2.531220224546779220e-24 1.083479168916722950e-15
7.174254153843280246e-01 -3.606897555538984140e-02 2.273876828147022154e-26 -5.174560889725655873e-17
7.453538565134572025e-01 -6.295792555586173130e-03 4.539613259236462433e-24 -1.873388149782678874e-15
-6.518373524565164168e-01 -5.756391137578378836e-02 5.481707276241134764e-24 1.808845109489485165e-14
7.386062120349750071e-01 3.241175120816981725e-02 2.351613894074116711e-23 4.950823803696862563e-14
-8.305265571694639970e-01 -1.630082025423390752e-03 2.923416018431381057e-26 3.480563851167500849e-18
-6.170322836305304204e-01 4.229185256512405823e-03 1.591350197126985796e-25 -3.651962920784694882e-17
-7.879481831226993194e-01 1.463862910455004940e-02 -4.134836211867647731e-25 4.194231302395199612e-16
7.548370343370136570e-01 -2.603794113967916948e-02 -2.466195998631090529e-25 4.262686854723167729e-16
9.637853608286099938e-01 -4.668831574274597516e-03 9.105611735284695651e-24 -3.603243907503651085e-15
1.798217038290466085e-01 1.063778517653224918e-02 7.874809398724851407e-25 1.324736112449133525e-16
-8.221123580909031059e-01 8.893061979652477911e-02 1.716211375373573149e-25 -1.103441395128847200e-15
-1.799510938588817499e-01 2.230151315330260522e-02 1.905433770062442518e-25 -6.724789275444320772e-17
5.501125629182423982e-01 2.424755369715965968e-03 1.809705237226574619e-24 2.122869690343098561e-16
5.152715643933603040e-02 -1.079735989316111091e-03 5.810804550753969071e-26 -2.843059978989527658e-19
-9.396034279057112748e-01 -3.691906867823277223e-03 6.253281194265752208e-26 1.907652596780304406e-17
-1.855815755194352157e-01 -5.786575319835559478e-03 -8.688439273060705373e-23 -8.205295728364683665e-15
6.280832467020869281e-02 -1.199372638240029515e-02 -7.249107194790700442e-25 4.802328544552530824e-17
8.906740009174540784e-01 1.022579674463426971e-02 3.765737706202851261e-23 3.016212939282389900e-14
-1.226141274802836634e-01 -1.350624629699322295e-02 6.249940968839016923e-26 9.102215070449279751e-18
6.123520307868075552e-01 -3.310189554042629323e-02 4.503036703669176607e-24 -8.027041596022786642e-15
8.894994203186723514e-01 -5.869968296777407918e-02 -2.273184821332665653e-26 1.043787695310288544e-16
8.449584083765948606e-02 1.519776539007633952e-02 -2.863846612865199135e-25 -3.234154939246646861e-17
2.663838330333887505e-01 -2.072837735141540988e-02 -2.470605919214115200e-23 1.199699969666237048e-14
3.955949357663599564e-01 -4.844904823077896341e-03 1.000168326575812193e-26 -1.685796200442105503e-18
3.431768089432669644e-01 -8.727025581293176154e-03 5.108936824394762052e-26 -1.345583686744082202e-17
7.958022019993418184e-01 2.656491682623716641e-02 3.634546090053511496e-25 6.757091157765355950e-16
3.310897441656186491e-01 3.563094111402757402e-03 4.099057410044703484e-24 4.252585195837499032e-16
4.113096010113321821e-01 -7.158709484808116474e-02 -1.116993727694995258e-23 2.892346502419530972e-14
-3.595064434123158570e-01 2.702206419277685019e-03 6.558270115228075350e-25 -5.602869411156138839e-17
6.662097665714683536e-02 1.267529688170290422e-02 3.123237330993987405e-26 2.319370465593135506e-18
-8.650478364365756789e-01 7.425015668789941570e-02 -3.473689608834170901e-26 1.962115228961945520e-16
3.299538156145449541e-01 -8.809654696415752939e-02 -2.125877012153616115e-25 5.434332123953464095e-16
-1.638803822188554804e-01 8.835416793458878912e-03 2.532648226073941514e-25 -3.224964083002625908e-17
4.975124454368482496e-01 -3.636027776103197690e-02 -1.334899594362203318e-24 2.123614797400122846e-15
1.536934588064053919e-02 -1.228666569898102670e-03 5.383330929918009210e-25 -8.939979124011197313e-19
4.928220924937656289e-01 3.578877060506838181e-02 -1.209291697561916664e-25 -1.875702770750770987e-16
5.143242500887914570e-01 5.647886447044528357e-02 1.293359775243337915e-25 3.303986835037745170e-16
6.708818505214737549e-01 3.592219700166403382e-03 -2.343873578559654684e-24 -4.967514197564355239e-16
1.635865055141401125e-01 5.594432983001775689e-02 -8.516249007725146046e-25 -6.854060011351617304e-16
-8.227065295162188097e-01 -2.232508019180126039e-03 -4.068425339678981834e-23 -6.571436605632743720e-15
2.799096595231882478e-01 2.894069430761140801e-02 -7.021855761081249380e-25 -5.002357621152658244e-16
-1.039881594181280011e-01 -4.459078158599126020e-03 -3.418367358087344710e-25 -1.393938807545638950e-17
9.476734765965120211e-01 -3.481621082263927636e-02 1.981179887124874060e-25 -5.748574181232780235e-16
5.007287665965145518e-01 2.587671385956177503e-02 -1.572805967925819916e-24 -1.792184901865605327e-15
-7.756876346987648940e-01 -5.100338265150731326e-02 2.024199720129251454e-25 7.042635467760882630e-16
4.272064034497888851e-01 3.219337206117459105e-02 -2.204472905805907187e-24 -2.666275293303394157e-15
-8.511314622444059452e-01 -1.035417525711594504e-02 1.746015922916705457e-24 1.353182449891364173e-15
8.084896590587205001e-01 9.610624594833595824e-02 2.265404292853972196e-23 1.547988757879397314e-13
6.635110440240030716e-01 -2.420721598206168005e-03 5.003933482064476377e-26 -7.068064912025070429e-18
9.955842974100990173e-01 2.192807170283880489e-02 8.282204833413432028e-24 1.590085394050430428e-14
-8.839421213659626186e-01 -4.881373214969941116e-02 -1.271242615761490435e-25 -4.823811034415197488e-16
-7.395311597997116237e-01 -1.167731751091328346e-02 1.036811504258364444e-25 7.873999343654727764e-17
-9.877333776229175744e-01 3.683394366793483338e-02 2.243650527705606057e-24 -7.178590197216645230e-15
-7.747297373889332484e-01 -5.781941239085769055e-03 -1.470355321101647770e-23 -5.792181976956675423e-15
3.976231804809728931e-01 4.312634587323635471e-02 9.802081768945242032e-26 1.478184615010699072e-16
4.001459556043465149e-01 -6.123140776975403293e-03 6.317668593187965823e-24 -1.361273896827280146e-15
-8.537457513349429039e-01 -5.592248022524157203e-03 -1.914500111750710060e-26 -8.038340086723382339e-18
-9.173316238330071481e-01 -7.525770751521829345e-03 -1.806655433535061187e-25 -1.096853643413716706e-16
-5.255067217012543423e-02 2.318767283752673145e-02 2.472621080236361294e-25 -2.649653031425441267e-17
6.866062729174216006e-01 -9.975584390966624193e-02 -7.936629584636013860e-24 4.780553972610103311e-14
6.030514514587883568e-01 -8.361625757075996646e-03 3.641150294020890670e-25 -1.614654839971485078e-16
5.671132833886993740e-01 6.545622534429520675e-03 5.675735703535508749e-23 1.852844366184568239e-14
6.738116515309566790e-01 -1.283252359565058287e-02 -9.798966719591318865e-26 7.451211159193576910e-17
7.700117018547532055e-01 -5.467880824126795242e-02 6.217459148654156016e-23 -2.302105944324341280e-13
-4.685037521317694242e-01 -3.569826283907760051e-02 1.000518653711147658e-25 1.471571426753118187e-16
-3.656283937910216331e-01 6.174094681794480878e-03 3.218569748506587530e-25 -6.389577250916292497e-17
-3.307669421573000701e-01 -3.466004834116180166e-03 -2.834510527579540839e-26 -2.857757262532541906e-18
1.729661190232971713e-01 3.852756664125688707e-02 2.036460632268917742e-25 1.193451131424063628e-16
-2.268192797762962343e-01 -1.724066645562855049e-02 -8.721853391315358711e-25 -2.999430473708094252e-16
1.197076711899158763e-01 1.522731977662395396e-02 -6.514020961730068521e-25 -1.044216622378024061e-16
2.805893624413813292e-01 8.145597337873666799e-02 2.154569251264403764e-24 4.330625191744015271e-15
1.507135602246059136e-01 -6.121312401222415295e-02 1.532341242285477440e-24 -1.243221076752941739e-15
8.193776272405941530e-01 1.564466957866045629e-02 2.985512642444711856e-23 3.365622571297093044e-14
4.765557461527825112e-01 -5.552889462123506564e-02 2.411204322772191701e-24 -5.611290496698096091e-15
7.692982594166068999e-01 9.908507409423809517e-03 2.971943400167517971e-23 1.992230216246296330e-14
8.176610824683259171e-01 2.455606999344060737e-02 1.043793395307384447e-24 1.843073839959632694e-15
-4.703011130763834480e-01 -1.431311763568248558e-03 -1.598697798756944419e-23 -9.463954083810177997e-16
-1.990854639754924271e-01 -7.335064428730397185e-03 -3.374466561905602683e-26 -4.333558003411629561e-18
3.967899773359673254e-01 5.368539277991973835e-02 5.177876113172692413e-25 9.699838067406268544e-16
-4.473330391538692385e-01 1.883934090787145899e-03 -2.566876519014821521e-26 1.902381693137306694e-18
8.720347574948508207e-01 -9.394081701156639999e-03 1.613980466473412875e-23 -1.162739437289728790e-14
3.546471944747109362e-03 -3.492293800531827419e-02 1.054442304025410896e-26 -1.148487104910602429e-19
1.310306718501830225e-01 -1.138385111341332599e-02 2.373045956463125601e-26 -3.112893940748282678e-18
-7.933680736189150373e-01 -3.021550255845649111e-02 -1.409497734367633605e-26 -2.971426035347216902e-17
-1.332617314329767044e-01 -1.190729936876198762e-03 -1.548682498286640299e-24 -2.161111204552927436e-17
-5.219635448843085168e-01 -2.597406758231406501e-03 -3.839379365162326004e-23 -4.577592879493416969e-15
4.325295769898165332e-01 -1.947468213468685552e-02 -9.637667954190147141e-23 7.139275611251035419e-14
9.582515440337449064e-01 -5.310159472478183373e-02 1.444445482508075651e-23 -6.463745476387811625e-14
9.386691752425029289e-01 -5.214943411689658588e-03 -1.667761022294887966e-23 7.179463245269943785e-15
-6.666687546513945239e-01 -2.299938470232066462e-03 1.807733983621053879e-25 2.437568570040338819e-17
3.032605572270339334e-01 -3.134728128387007096e-02 -4.050395390283669865e-24 3.386173682103705554e-15
-5.424678134635296800e-01 -2.940922930959693777e-03 -4.935977039666965550e-24 -6.925111174690217100e-16
-2.262918915013059085e-01 5.674918273115986400e-02 3.474747658366577169e-25 -3.924170560085888041e-16
1.241560709557609776e-01 -5.035495590424648310e-02 3.411502984534376382e-26 -1.875650582742925414e-17
6.385448069619004130e-02 6.227582172794036627e-03 7.640035765250724751e-24 2.671789483133137463e-16
8.297267881959469182e-01 -5.260048648310666070e-02 -1.633638803264484702e-24 6.270135315354094235e-15
9.833587352396164771e-01 -1.675079581892501002e-02 9.112756516438680269e-24 -1.320058542049427365e-14
-5.773814667835635017e-01 -2.299250114915634899e-02 4.149651236574834196e-25 4.844585823622759755e-16
-8.138843329965061990e-01 -1.342718034024786670e-02 3.255706074574578969e-24 3.128878511779403118e-15
8.879295004824563353e-01 -1.595484106871778015e-03 -1.631611249829661103e-25 2.032748545583093762e-17
-7.483481619773653115e-01 -7.053343174071140427e-03 -2.206775547221634375e-26 -1.024360619748286595e-17
-8.224855550197751608e-01 -1.574857876686437674e-03 4.074941662428126544e-26 4.641806606243393948e-18
1.412255798979176191e-01 3.163416879632761653e-03 8.783312429792933045e-23 3.450834457398020888e-15
-7.298769553875901206e-01 1.405790931952217732e-03 1.392466172427145904e-25 -1.256466874119558979e-17
-4.294422919584690579e-01 3.162987573843374645e-02 -5.911499370404110150e-25 7.061483452622744081e-16
1.227092270304992461e-01 1.190880270239249661e-03 -1.438179692049860251e-26 -1.848223435936577192e-19
-1.025852901846397991e-01 2.501583125939651001e-03 -4.438888564043293787e-24 1.001775192506420300e-16
-5.902449784564718360e-01 -1.687033041917137405e-02 5.995588224547124175e-25 5.250294782744093376e-16
4.612930651768791801e-01 -4.263170339329330760e-02 6.998704704201038862e-23 -1.210384299128919085e-13
-6.829219606765171147e-01 1.610070007686661541e-03 4.722840060280406381e-25 -4.566832439307548821e-17
3.711032813669663533e-01 1.319091227501338398e-03 7.618581699514588058e-25 3.279742564015775206e-17
-2.302997911093198624e-01 2.737909787796456024e-02 -1.657761108652263314e-23 9.192436224846827495e-15
2.478881767649643297e-01 -2.470265008389802702e-02 -1.441909285949707361e-23 7.764854082273998845e-15
4.927784472318126330e-01 2.908886149346141814e-02 2.739433833419082873e-24 3.453307437909254893e-15
-5.250954910369562967e-01 -1.324213231850768398e-02 6.106441648486771567e-25 3.734052536295008104e-16
1.326335697855276496e-01 9.015172696910832284e-02 -2.473033831205112201e-25 -2.600480294259382920e-16
1.393036537069711756e-01 7.234324894995747268e-02 7.518103860182040833e-26 6.662923667910346496e-17
-9.415904178641754108e-02 -1.186532887413627949e-03 -5.722678190288853054e-23 -5.622599312597636347e-16
-9.889684652555443822e-01 1.192464847584641559e-02 -6.080221401698228890e-24 6.305846912702234617e-15
7.935375636149335499e-01 4.306255892560982741e-03 -7.052007684253566541e-25 -2.119220275797104551e-16
-6.272212818634386178e-01 -1.781593392229922738e-03 7.091202911902688740e-24 6.968596075792578600e-16
-2.172619930590480308e-03 1.469611896908771002e-03 -8.891515994283613340e-24 2.496653270133461397e-18
-9.466450811583952962e-01 -1.391136208227156459e-02 9.181099291447388387e-26 1.063279698004145325e-16
3.103003655911231728e-01 -5.242752979415950081e-03 8.620309630363210753e-24 -1.233276762940258919e-15
5.906792145706261099e-01 -2.577061123928733877e-03 -9.186745501718630678e-23 1.229798882037852337e-14
-8.672489972621226784e-01 -6.093956555735582752e-03 1.710036008580088061e-23 7.947753994453951951e-15
8.194076334404838402e-01 -1.316067717207180902e-02 3.164996813737023523e-25 -3.001563385750348408e-16
9.650480675194370583e-01 -4.795457707396089120e-02 -3.101181121649191767e-26 1.262124340846931366e-16
-5.725932586862194640e-01 -7.960665921985436710e-02 -7.456793125374995252e-25 -2.989122572796686519e-15
-9.326941211219976768e-01 3.145935238611761303e-02 8.064836023391721405e-24 -2.081040630022000181e-14
1.172207785551162562e-01 -3.897422217759945878e-02 3.816256354999840739e-23 -1.533259269578377476e-14
4.400263112648332697e-01 8.716769249311907830e-02 -5.589161423614607953e-23 -1.885284289607760731e-13
7.359103431115838756e-01 -2.554220043552472667e-03 -2.848327402482099017e-25 4.708354171475726919e-17
-1.488655409235866145e-01 1.829417776737711759e-03 2.800154664622403959e-24 -6.706332701524482980e-17
-1.690681733656451691e-02 1.758216229724378354e-02 1.277460122317469962e-26 -3.339469623404816963e-19
7.755664808164519641e-01 -3.645868783306584204e-02 1.409999421338602717e-26 -3.506186392561857534e-17
-9.983599279537238580e-01 -4.392492135292247468e-03 6.074239018845960861e-24 2.342534583182954936e-15
7.874244716283838041e-01 5.909212854843653821e-03 2.004549102636530479e-23 8.202594471314787192e-15
9.725180087372131688e-02 2.157722941116133747e-02 3.510347549991221801e-25 6.477977697493977019e-17
-2.779194587461564225e-02 1.128738959408244133e-02 -1.801755198368119456e-26 4.970547801479716302e-19
-3.195477165912550266e-01 6.591006602355085897e-03 -1.153311672524216206e-25 2.136142167261861928e-17
3.226368179897971533e-01 5.627771570800927520e-02 -5.319975594302842747e-23 -8.494856116918523821e-14
5.787731175778381143e-01 -2.680591706721191861e-02 2.413029869485193158e-24 -3.292287240830995744e-15
6.393725762678650337e-01 -6.048144583755593606e-02 -3.874175228905347772e-25 1.317502444454091258e-15
-2.907403221705449070e-01 2.415567765851669383e-03 5.652188489673392206e-24 -3.490897760231957937e-16
4.416349567059274506e-02 8.955950069443857631e-02 2.804557813508928895e-24 9.755184840886165717e-16
-1.415840518827240491e-01 2.316633243269416997e-03 -2.103443814283664822e-24 6.067342860706516524e-17
-9.787265660124822020e-01 -4.856012593262974165e-03 -4.979332574447139026e-24 -2.081173635574490705e-15
4.400886583833887311e-01 -1.901481293260489161e-02 6.888153526251646039e-26 -5.069102257840509947e-17
4.503015777061103453e-01 -1.617439957006151785e-02 -2.351237183784699089e-24 1.505996899906884025e-15
8.136077725897512547e-01 2.300208061348418126e-02 4.046930633934586314e-24 6.660456110025980415e-15
9.805757050002261721e-01 -1.061011818820211880e-03 -9.985348333218995394e-24 9.136094232851287793e-16
4.618800299671759202e-01 5.477747321630346833e-02 -3.248035397925931302e-24 -7.226831593216243144e-15
-5.425419957002777238e-01 2.829865926473769649e-03 2.383583650335873236e-26 -3.218293282228599387e-18
9.175911296356713542e-01 1.861987180732161502e-03 -1.242508714000475517e-23 -1.866901208329088674e-15
-1.221070822631782349e-01 1.717940384358884048e-02 1.550806513646815582e-24 -2.860899222332491447e-16
-8.541641941379454206e-01 -3.149484117271673846e-03 -6.067207391861368441e-24 -1.435375818664697146e-15
2.762647801132671610e-01 1.115659134660648699e-02 -1.397488961804532165e-25 -3.787925547184296057e-17
5.767134443986987602e-01 -2.264199423461636575e-03 -2.385856985019134180e-23 2.739776643007679653e-15
-4.607814694100289543e-01 -3.099054835625359924e-02 -2.014118136569067873e-23 -2.529328320174886448e-14
-8.747507230993512017e-02 -3.056327246188286426e-02 3.408011865529504221e-24 8.012743890311017095e-16
7.852427644790385131e-01 3.806314637788390555e-03 -3.145504377079765108e-26 -8.267894430111204868e-18
2.855565626234957133e-01 6.217009034846011223e-02 -4.350371439056223711e-23 -6.791973509648629008e-14
-2.640735068827140264e-01 -6.827008858455342263e-03 2.193163893764268007e-24 3.477141681513180493e-16
-8.723407956179221046e-01 -1.411656534666150611e-02 -1.706608738145678778e-25 -1.848183936240651918e-16
-3.635453176959657640e-01 -7.566866434655493238e-03 -9.123327982685603949e-24 -2.207109662002599678e-15
-7.645783247754738277e-01 -7.943812212921836161e-03 -6.265516199613395292e-26 -3.346600014529681163e-17
-5.989921685527166417e-01 -2.802306909118246030e-03 9.618243718909208502e-25 1.419804733547309687e-16
5.498490394440094242e-01 1.261977343842759450e-03 -4.918141410836733143e-25 -3.001179981644231257e-17
9.219709459506593152e-01 3.920311753083986772e-03 7.616125155872066337e-25 2.420850177419832948e-16
-5.939844553411195438e-01 -6.404110078603389607e-03 -3.159539116360596690e-24 -1.056947959530258890e-15
-9.279203815041221493e-01 1.231952732663102977e-02 1.537795018154827685e-23 -1.545963404211498734e-14
5.346400303324181369e-01 4.978319025489093969e-02 -5.799383360228135945e-23 -1.357444290753178535e-13
-7.123855246776698014e-01 1.121654210116321401e-03 -4.325579546275639711e-25 3.039585613822638959e-17
-8.298698560061423812e-02 -6.161793431856771308e-02 1.585922775390908638e-24 7.131734402539038380e-16
-2.368299581640473939e-01 -4.569068940582509536e-02 8.969833310388123649e-23 8.535809656989615649e-14
4.285245040501004521e-01 2.901672164836494386e-03 -7.339681658884635241e-25 -8.025964395137784723e-17
-7.663720134202909318e-01 4.649251784126090525e-02 -2.587879949225444189e-23 8.108916513788219906e-14
7.746539970248587093e-01 -4.019018388665863972e-02 -5.787069962101671414e-23 1.584464424025175196e-13
-4.657640996041221282e-01 2.676327241572110018e-03 -2.111414354946891395e-23 2.314593321111630643e-15
6.844718140502803472e-01 7.494742522560053632e-02 -1.470476721496736164e-25 -6.633862116857570114e-16
-1.434108548399408711e-01 2.631618130770214600e-03 1.015472233338731201e-26 -3.370303003836233825e-19
-8.596355775068869054e-01 -2.639789508740684586e-03 7.875533180189603126e-26 1.571663783412314671e-17
-8.507370229666944006e-02 4.025602579758425642e-02 4.188244104711680907e-26 -1.261404038465993092e-17
-1.229237315156788135e-01 -2.151628621365428776e-03 2.846370620443211410e-26 6.620495527407949886e-19
5.279471471674455074e-01 -1.034959940609754374e-02 -7.029806062272578082e-24 3.377950894457471396e-15
7.870553775302526756e-01 -2.154634367604092021e-02 4.140951337610994366e-25 -6.175540875364489239e-16
-2.913016402205619304e-01 1.509584831828051504e-02 -7.504401274010071232e-26 2.902100862500278769e-17
6.543215655682768084e-01 1.460655103040306045e-03 6.051924479494669050e-24 5.086609697299037774e-16
4.540662027488264751e-01 2.866522219929416165e-02 -1.706941435323872623e-24 -1.953840516501083302e-15
3.166502177098022841e-01 2.428346472238658398e-03 -2.435784995011697228e-26 -1.647120579065620791e-18
8.285573668513017687e-01 4.254256610938320429e-03 -2.438523049219333129e-23 -7.559083291558067297e-15
5.061197595496238488e-01 4.653820019944860352e-03 -1.647931686302296002e-25 -3.413485648862397760e-17
-7.068056041718702165e-01 2.907757419135588613e-03 -3.706640859690948049e-25 6.699380826388614555e-17
5.617563316094742465e-01 -2.895253559606605215e-02 1.428992429888724662e-25 -2.043904071454262809e-16
8.090725387407582403e-01 -2.774090073605696080e-03 -3.915930907746794284e-25 7.729279994437917615e-17
2.950777514160416448e-01 1.064566100365198914e-02 -1.887424906525148901e-23 -5.214045058760546176e-15
1.327934224336724256e-02 -3.770868049060469799e-03 -1.507605640581140151e-26 6.638984484590007223e-20
-9.956485135544577147e-01 -2.738928104949171424e-02 4.189840809689343974e-24 1.004801338769704043e-14
-4.000669380303385481e-01 4.761125304691735984e-03 -4.323515047760096670e-25 7.242278958612042039e-17
-7.124261974656136420e-01 -2.953645572673862726e-02 -1.322617828289213928e-25 -2.447533439783922149e-16
4.929294693058132726e-01 2.117959957527718734e-02 -7.197239597133601280e-26 -6.607915622855647780e-17
-8.826419858638603344e-01 -1.374549092231025678e-02 5.990146867037028150e-24 6.391139669738786081e-15
-3.571107548163097167e-01 6.604065708464666382e-03 -5.136320356627696285e-24 1.065276677482017160e-15
-3.346316844845540484e-01 7.468478520979341014e-03 1.746443014764210125e-23 -3.838394565345274562e-15
-4.905741911915948439e-01 9.036795827934387959e-03 5.736771761097463038e-24 -2.236571254027665574e-15
-1.913415841009533658e-01 -8.542724287774130718e-03 -2.928674796503136145e-26 -4.209910907962015321e-18
2.455270668152953473e-01 -2.335316789763061413e-03 -1.342179166613456801e-26 6.767864747918050171e-19
-2.644920591734774007e-01 -2.075677236249797927e-02 -3.561648386474176001e-24 -1.719568589015877987e-15
9.399517858464987441e-01 -1.209440237597401383e-03 4.897413524392283667e-26 -4.896128046464871722e-18
-8.035082016582386633e-01 -1.637347692406477401e-02 1.073532766237441860e-23 1.242059871919221289e-14
4.506402060347654004e-01 3.321884350827805643e-02 -5.219663486816979604e-24 -6.871522148166550478e-15
7.574863097436614900e-01 -1.302321717727228031e-02 -1.617719668955638602e-25 1.403435110494684641e-16
-7.462806013133957972e-01 -1.751411176910867493e-02 1.978372263409230373e-24 2.274020024428095384e-15
-7.168478642618536512e-01 8.941989722929465437e-03 -4.716298706187447622e-23 2.658633456614155097e-14
8.528882426316330978e-03 -8.034623650529816932e-03 1.036897687735301531e-23 -6.248698532369977253e-17
1.706703837823244641e-01 3.599358543213164105e-03 -5.919483354253044904e-25 -3.197886747837971828e-17
9.450094400782631521e-01 -2.226733688931251294e-03 -2.365472629718818524e-26 4.377421375005459310e-18
9.719556024899314028e-01 2.084037374061497097e-02 2.916454640547244063e-24 5.195210597081563480e-15
2.143718377356029769e-02 2.364447318055525049e-03 -7.818544755980505043e-26 -3.485132547161629818e-19
6.910258651502254601e-01 -5.905498817327424835e-03 -4.374082838900598426e-23 1.569762298413663268e-14
8.081374732547597084e-01 2.972979865022123535e-03 1.647295879140845466e-25 3.480525545583928317e-17
-4.194999335415545705e-01 -2.252279570565245918e-03 -8.498121642341256415e-23 -7.061112608523726093e-15
9.495194728015223795e-01 -1.573321702994719649e-03 -1.693656044036918314e-24 2.225064607915079645e-16
9.191092093930914864e-01 3.873821819868053171e-03 -6.806719790687443189e-24 -2.131280599349740460e-15
-8.946216754037554786e-01 -9.114292568681223172e-03 -2.425515290037057197e-24 -1.739251548272618386e-15
-3.282985981655064389e-01 -1.046909050873463809e-02 -6.644688126362856037e-24 -2.008392472097513927e-15
-4.561539979616944240e-01 3.458769607875337299e-02 -3.370203712929275213e-26 4.676115964438761292e-17
4.080163054231631392e-01 2.337530102016042305e-03 9.637612327620450325e-25 8.083513807612493769e-17
-4.738989064497654002e-01 -1.728311802235270572e-03 1.158593757853753571e-26 8.345166131931119372e-19
-1.173861227208925495e-01 6.258196873011379058e-03 -1.765427060068460000e-24 1.140543250261353658e-16
-7.676067031576279120e-01 -5.268905437286548754e-02 -5.822653740811665247e-23 -2.070981062160035164e-13
-3.844566758938625650e-01 9.276256791224924206e-03 -2.444010989997794285e-24 7.665126454233738798e-16
8.913372055139778816e-01 -1.013512371425864074e-03 -1.222468788421189275e-25 9.711914920699215456e-18
-3.142584552578533419e-01 -1.134370792525830982e-03 9.901168352100341372e-23 3.104019583587603294e-15
3.013815070572571919e-01 1.022174739787782291e-03 -2.640930320047641519e-24 -7.154753694847189041e-17
-4.181812342240811553e-01 -1.467064326711774299e-03 -6.662481790275756626e-24 -3.594559959429548337e-16
8.804524030736584628e-01 2.860896872786127670e-02 -2.384492807573985946e-23 -5.282020753709483958e-14
6.753185259173322130e-02 -7.380869342236481834e-02 -1.099718276523342941e-23 4.820517061803117733e-15
3.311521506709389495e-01 -2.222745262866661353e-02 -3.089651795719680704e-23 1.999966912385980450e-14
-3.133996687892781630e-01 -1.513563673308219136e-02 4.466682444321519795e-25 1.863289372732227847e-16
-3.161036759150588349e-01 1.109480542994407395e-03 1.558553223778573024e-23 -4.806919782600765207e-16
2.458367501450653414e-01 8.305101100645582990e-02 2.254148147674065557e-25 4.047344625548214022e-16
4.703677170384557016e-02 -3.651742966905024718e-03 2.113956410186292942e-25 -3.193226587925768823e-18
5.413348642776316666e-01 -1.622798935506612750e-02 -8.457667868120657622e-24 6.533973057222679688e-15
1.036575747156276428e-02 9.529564949531051793e-03 -2.684864971112068672e-23 -2.332343793212571210e-16
-6.659083409657244879e-01 -4.574384849418498822e-02 5.183247388439582717e-26 1.388497468402917465e-16
9.613068257854546772e-01 1.362532549632649616e-02 -1.576859437833173430e-26 -1.816343123801410954e-17
7.704938621703965040e-01 6.466733515582706593e-02 5.360465978584588771e-24 2.348835988420959031e-14
-4.661794272316692744e-01 3.151095398698361416e-02 -1.028200652680757878e-24 1.328276628123577956e-15
9.663458632910877366e-01 -2.859167051365236849e-03 -2.690757717316022369e-26 6.537966894889183293e-18
-1.495434006997093945e-01 5.140764025530094455e-02 -2.279584747910498192e-25 1.541156223843790256e-16
1.257447375989428906e-02 -5.839974347228533633e-03 1.190389529461232459e-25 -7.687512888654025550e-19
-6.407428686633995785e-01 2.882208869666459759e-03 3.939068333208545250e-25 -6.397329894126110619e-17
-8.119982937259810907e-01 -2.435682376302029245e-03 -1.650141749273437572e-24 -2.870073527870161314e-16
-9.731846944817723610e-01 8.760985842277333596e-03 1.433863220170182108e-26 -1.075107703575462768e-17
1.049391150457352762e-01 -2.155955112100359922e-02 -3.328488771346242742e-26 6.622473183919022061e-18
-7.010804645664354684e-01 -3.565267393497777854e-02 -2.058936692324754881e-24 -4.525837605037750775e-15
-8.929900086305564422e-01 1.752315503295397495e-02 1.295474111491887997e-24 -1.782722073610279842e-15
3.031790885140268621e-01 9.740527981708875516e-02 -2.945999968896373483e-25 -7.650863953767162181e-16
5.699267242345309459e-01 1.424833328678983468e-03 -1.750705210499097192e-23 -1.250236321418694799e-15
3.355844444814051197e-01 -4.473956135461737427e-02 -3.613172570485309264e-23 4.770657608860814225e-14
-9.902281085994044663e-01 -2.158450871414907893e-02 1.367881124316291368e-23 2.571116616800773331e-14
2.674918646582202797e-03 5.596495000400832087e-03 5.583951406191194674e-23 7.351303090440105496e-17
4.507243384078978288e-01 1.754976044047392922e-02 3.129588595185818609e-26 2.177035211017564632e-17
2.474333862367839032e-04 1.904997447414504691e-02 2.215374966988007769e-26 9.183240138655318534e-21
3.354010290255544646e-01 3.368081128212886254e-03 -5.248807984223112343e-24 -5.214391322343882722e-16
-4.230822980717390269e-01 -2.765212126212225272e-02 -4.632030040836663011e-25 -4.765633884736562844e-16
4.084842463995677075e-01 -1.705017336635874636e-03 3.243452271406439259e-24 -1.986587156101192900e-16
9.522107199656475451e-01 -3.537772830519636535e-02 -1.116628421437346829e-25 3.308016650009341762e-16
-6.634156292018729140e-01 -3.588462066794627283e-03 -3.469880128642995641e-24 -7.264479968641493827e-16
3.293547458372629855e-01 6.986083576187002153e-02 5.807971359166218334e-26 1.175217281445417551e-16
-1.929956011620228562e-01 6.206943466633058938e-03 2.405049493651808612e-23 -2.533641819850336476e-15
8.016987463194991115e-01 1.065890940153421153e-03 6.492409291688532990e-26 4.878944369276121568e-18
5.822412394703273542e-01 1.211405863353324022e-02 5.742021843507774028e-26 3.561668331247511075e-17
-7.966031201457624000e-01 7.146211719698380982e-02 9.601515972302373828e-23 -4.806773862817912947e-13
9.305630474035724298e-01 -1.968971093185942385e-03 2.916568042704152081e-23 -4.699517337545006464e-15
5.871620306635947362e-01 3.652418649946389401e-03 3.159451236273732193e-25 5.958626621317743203e-17
-8.575560508437736207e-01 9.245773127665016244e-02 5.130505061138837715e-23 -3.577353593246325013e-13
4.164090902339940836e-01 9.183536627224897497e-02 1.765764467750944244e-26 5.938256293850002917e-17
9.015996310376768186e-01 -2.049273815922632302e-03 -1.332191636848014902e-24 2.164593846921558653e-16
-7.063370917246400982e-01 5.886419247680112210e-02 1.717423863845475894e-26 -6.279668192761308863e-17
-1.328413506568297819e-01 2.568597856322979694e-03 9.191528682149518728e-24 -2.758119923625989934e-16
-5.770938686348392466e-01 -4.352456691703619762e-02 1.209431122891271745e-23 2.671517720484713303e-14
1.690831425869430138e-01 3.463484149817709634e-03 -1.137236344689492544e-24 -5.856798014667600388e-17
-5.341472040329895421e-01 7.395472508596857494e-03 1.217932591685407614e-23 -4.231030334633606042e-15
3.126147107074217502e-02 -1.989158561771883771e-02 -1.090678947476508174e-24 5.964468439209376632e-17
-5.629093740129946788e-01 1.402325166410508693e-03 -1.391142053300939124e-23 9.657277001988517538e-16
2.595386706454174686e-01 2.819733769017936185e-03 -1.008955491805560859e-26 -6.493490211424761922e-19
-9.745406778559733141e-01 -2.730057759224644668e-03 1.582225849584714947e-24 3.701998877841076150e-16
-8.544409065936164893e-01 9.260171856863732079e-03 5.860459732931018143e-24 -4.077826702972135265e-15
-7.869564820005932049e-01 -1.398306981970070997e-03 4.349338131687308692e-24 4.208936909314237475e-16
-2.849755112218126385e-01 -3.104543252548868943e-03 -6.272468512738090242e-24 -4.880223888394634865e-16
-8.473542745327586889e-01 -3.224519968833573606e-03 9.147797790846163134e-25 2.198075734076619617e-16
8.614951368543615207e-01 -5.045964237393570084e-03 1.487963322635483612e-24 -5.688335783604855927e-16
-9.900572277517580844e-01 -1.386358031707445732e-02 5.980349302068618809e-23 7.218687690286024263e-14
9.525841661408913641e-01 1.904577350022790619e-02 -1.720169257870849725e-23 -2.744537415812581376e-14
-8.373216672889636225e-01 -1.616799214387927217e-02 6.302004990440606045e-23 7.502796412986750501e-14
-9.514623422290910959e-01 5.773980905522411132e-03 -1.219636874181766731e-25 5.892417273967436252e-17
-8.181434096329052164e-01 -1.036583782367403710e-03 -5.956169049150114220e-26 -4.442187258500456008e-18
8.128851082354511259e-01 3.538915027025671400e-02 -1.824415480820453988e-25 -4.615503147578866747e-16
9.135712807015283765e-02 6.193756008912208039e-02 3.625291091204032574e-23 1.803995358443855759e-14
6.288333905219916087e-01 2.648085671816940989e-02 -3.934242971596370345e-25 -5.761357222850028738e-16
-3.126163210993768704e-01 1.668018929648368330e-03 -1.499420027282634223e-23 6.875937659738438662e-16
-8.486899363614139880e-01 -4.404421204111336891e-02 1.504113727366612211e-26 4.944411096387006835e-17
-4.178791476540739680e-01 -1.578733876105435727e-03 -4.143272346824788832e-23 -2.403804312663986575e-15
-1.172676892162816120e-01 3.857926431994375838e-03 1.951680211554959036e-25 -7.764919686881052828e-18
-2.535844765022405856e-01 -3.707237219209044005e-02 -1.290614754248687930e-23 -1.067003064410675883e-14
-6.840733493530877229e-01 -2.226964952999032493e-02 -1.477342507391773513e-25 -1.979216248971711900e-16
-2.488519875001735659e-01 -4.210193146202202349e-03 -6.113493179855727477e-24 -5.632854923750021806e-16
2.714493919272387146e-02 1.372548240181666350e-03 -1.026033340830290025e-25 -3.361816188110718442e-19
-6.912114660335730854e-01 -9.334991849684606477e-03 -9.239022980200945816e-25 -5.242602430515103282e-16
-9.941023960428738704e-01 3.089318447606402649e-03 2.340708143567645491e-24 -6.321746324997297457e-16
-8.644259262885742867e-01 1.702500097809782863e-03 2.286328670964373119e-23 -2.959031526871988627e-15
2.344768701265804722e-01 -1.388512662003646252e-02 -1.222678078192832668e-24 3.500724861444948166e-16
2.623660334255093485e-01 -1.013117740011586741e-03 -1.062486395129199589e-24 2.483630060029386021e-17
-6.401629004937279266e-01 -1.547659899887263851e-02 -2.300886206131388300e-24 -2.004735923464808694e-15
-6.683931469677244497e-01 -2.090393847557469112e-02 -6.555455072894049196e-24 -8.054877734232248283e-15
-1.054375970706125099e-01 2.294668418097502074e-03 -8.302373338323642533e-25 1.766500225462300883e-17
-9.363665696312335474e-01 -1.018078809230131034e-02 5.613060278905567339e-26 4.705686651618539482e-17
-4.930582794930535862e-01 -7.719629775880437750e-02 -1.632721635551722081e-25 -5.465159943823033584e-16
5.013832893358538545e-01 -1.934889063642455248e-02 -1.531189118315730203e-24 1.306323559776477490e-15
7.142677256645524331e-01 -1.954428012533404244e-03 2.345163285796086850e-23 -2.879053879426992940e-15
1.134478041646573843e-01 -3.123230091521708718e-02 5.025678998435216168e-24 -1.565996621417020414e-15
9.080487975198805461e-01 1.596820058607704941e-03 -2.350277884837800546e-23 -2.996956100616284568e-15
-4.713992070435850668e-01 -4.360336742463895993e-02 -8.440053291619857522e-23 -1.525632976157275845e-13
-5.356690266516093146e-01 8.237984073855687470e-03 -1.210138648312689244e-25 4.696221960117536782e-17
-7.411206163154431259e-01 5.200861064724878434e-03 -2.085269057354624331e-24 7.068418355754894416e-16
-7.190655734402275900e-01 2.820812618781416096e-03 6.284010987008100325e-25 -1.120922715934285228e-16
6.019243344011191432e-01 5.555341813370452686e-03 1.886840214079146251e-24 5.548605026739146572e-16
-2.890136417234323574e-01 2.917196787079901626e-02 1.349328143189593023e-24 -1.000455204633711338e-15
-7.174209663940027681e-01 4.335836064581992388e-02 -1.156195129635135398e-25 3.162816924003894734e-16
-9.088521847229447115e-01 -1.602006324524706156e-03 -4.394724747301972225e-26 -5.627106845336299489e-18
4.984080297889841304e-01 -1.201447653689826159e-02 1.059113589480271976e-23 -5.577356755578840262e-15
8.490665393104361858e-01 2.067356368519505071e-03 -1.845882853356919317e-26 -2.849424855978644983e-18
2.593960969672957084e-01 2.354406067373941702e-02 3.030805573351367966e-25 1.627791899549957095e-16
1.791876372683713914e-01 -1.263627277987842620e-02 -8.562222292759773975e-23 1.704941706277837264e-14
5.705041382137128192e-01 -1.468290916376344948e-03 -7.231438653950567548e-25 5.327109423323159521e-17
-3.817661298341685772e-01 1.579286128957065743e-02 2.953453011375427538e-24 -1.565973045029068467e-15
-4.521918711131733826e-01 -4.330350429664431983e-02 2.815380620381702750e-25 4.848181954622503894e-16
-8.533781003319051983e-01 -6.636575117357897124e-02 8.625131626238010032e-23 4.295831516165498462e-13
8.537394362624393107e-01 -4.246359510146973520e-02 -8.875924138044516866e-25 2.829773564491296319e-15
8.462628208999793955e-01 2.069132723743595872e-03 -1.057173857217856311e-25 -1.627931121752729928e-17
1.521442988785366435e-01 -7.134259708246053211e-02 -3.764908577670688582e-23 3.593809341549827567e-14
-3.796874949212734052e-01 1.012217775988612711e-03 -5.610176403426073035e-26 1.896150352866184756e-18
8.456729382650356452e-01 3.325750060866469997e-03 1.259099398000868300e-23 3.114211166538765453e-15
-6.773173715598226341e-01 4.869416623852340642e-02 -3.862473711079193277e-26 1.120290582774633839e-16
-1.409607072996368338e-01 2.191333490523192026e-02 2.175094091621741213e-25 -5.908545652100748848e-17
-7.835890609215570013e-01 -2.262623218277920976e-03 -2.138062832649109970e-26 -3.333627485588232890e-18
-4.663907212515792100e-01 2.112179513375469359e-02 -3.724318804014001605e-23 3.226439884711393152e-14
7.569010838463712254e-01 1.030945256639385433e-03 -4.305384652688722263e-23 -2.954491130911191741e-15
-1.791801804685522193e-02 -2.787255888080111127e-02 -2.417437208673779444e-23 -1.061739595872183792e-15
-1.604283342224686049e-01 6.950163055933980538e-02 1.031344973371696980e-26 -1.011290725241115746e-17
-6.541178076276379372e-01 -4.293153626547581425e-02 9.134810780567057494e-25 2.255942147299038610e-15
8.332763478236637766e-03 9.574068430832521903e-02 5.724845935074227240e-24 4.016477939642001722e-16
1.429133440907248698e-02 -2.670093364099171938e-03 1.240320312326971764e-23 -4.162258850112653280e-17
9.798040717166640601e-01 1.450750991990498902e-02 -1.291294489364796711e-24 -1.614185397071704682e-15
-6.632853920696277772e-01 -1.701490563214811194e-02 4.995899974874368170e-24 4.958378917839333762e-15
-6.706366682322777439e-01 1.099211995951489274e-02 -1.764300300932321135e-24 1.143766213241611822e-15
-6.148813084287065855e-01 -1.507406276470804954e-02 -1.031655526942586275e-26 -8.409154272567159133e-18
2.636884302401099056e-01 2.969443665237988823e-03 1.007083489732965705e-23 6.934699422826141092e-16
8.920844478787555154e-01 8.229702389732529433e-02 6.537663300734003963e-23 4.220934847773599702e-13
8.289251210557879723e-02 9.807073301709572088e-02 -9.099076930050906085e-25 -6.505011369819902581e-16
7.808878990112011476e-01 5.148084664114548764e-02 -1.621322165767840746e-24 -5.731914372163762328e-15
-2.024463805180078957e-01 3.208431105381422122e-02 1.764965712624165745e-24 -1.008172873604838990e-15
8.157267884211054643e-01 -8.100211276365270469e-03 -3.130897734161942314e-26 1.819306847164783665e-17
8.652912049946346329e-01 5.550050264697521663e-03 -1.330656293503306724e-25 -5.619803087088982084e-17
7.145986693859038841e-01 2.859394109173202941e-03 5.124755612083925151e-23 9.208849626985809624e-15
5.756544000680323681e-01 -4.310751996234579893e-03 -2.330721671615669220e-23 5.086291908674739429e-15
4.697730852215320496e-02 8.017681525267262438e-03 -7.708546793086691894e-23 -2.553321168704805597e-15
-2.417492828796579118e-01 -2.022411332145976348e-02 -2.776296117532759068e-25 -1.193703509359204451e-16
2.530944697811194910e-01 -7.006241678202703056e-03 -6.274877969988947426e-24 9.785185306791690482e-16
-2.680685648185037184e-01 1.296992355160166534e-03 1.766611306246253437e-24 -5.401573766169747668e-17
1.243592240332918042e-01 1.102162163097978979e-02 1.055216527986710196e-23 1.271923778745954995e-15
6.894496797427618340e-02 -1.387442906566547108e-03 6.630268848846840903e-24 -5.577567492638765995e-17
-2.529317205808343516e-01 1.154785620650223589e-02 2.644154731190570436e-23 -6.791841335563464504e-15
4.308817280054826337e-01 -1.601939294491791510e-02 -5.780271812982651871e-25 3.508717426391636443e-16
-7.059836664829912678e-01 -1.024518391123781669e-03 4.719527910622409112e-25 3.001988134567805061e-17
-8.941594662245089253e-01 -2.240100460167784510e-02 -1.099403672310895061e-24 -1.936580959540463900e-15
-1.677786948148858315e-01 -2.406745201622890323e-03 2.339030012590336467e-25 8.306129941175620707e-18
-7.097795977016245761e-01 1.806719029286539156e-03 7.460695932857824761e-23 -8.413747432068411800e-15
9.882734225294020902e-01 5.286314010523582296e-02 -6.457172824036918890e-24 -2.966664834348715222e-14
7.060605224391029999e-01 -4.628988743491908170e-02 5.844724145090313397e-23 -1.679917960197176643e-13
2.502001874258965586e-01 -2.109658376469369066e-03 -1.573844243848965954e-25 7.305627344887137162e-18
7.719877688608691724e-01 8.146544145570271123e-02 5.949303963285303915e-23 3.290379522717221110e-13
-7.069855969478882063e-01 -4.118680840575977137e-02 7.855234549869650628e-26 2.011517722282143204e-16
-3.826394911138137900e-01 3.080858294148211551e-03 1.574729777174567073e-23 -1.632538957015937681e-15
-2.780226600730884012e-01 -6.351619466116648939e-03 -2.557316298434047733e-23 -3.971413540195137891e-15
-3.125597469931373773e-02 -7.628581993256076943e-02 -4.955971898091465766e-24 -1.039206131741199710e-15
5.940683683574616847e-01 6.972034025521658962e-02 1.167497708355099023e-25 4.252535655647014017e-16
-1.780667156010002916e-01 6.705951407174677581e-02 2.028969028310626828e-26 -2.130662039578845489e-17
-2.654175653526777978e-01 6.776531626308759937e-02 1.396848880805493350e-24 -2.209441744380170635e-15
8.831959278178007633e-01 3.302193747813216874e-03 -1.011684684190251112e-25 -2.594781449307483026e-17
-9.914965629130594316e-01 -4.648587678540333328e-03 -4.470777190570242673e-26 -1.812137996494336059e-17
4.283351271713038422e-01 -4.513326644730484942e-03 2.074627051093524124e-24 -3.527089617140365372e-16
-8.489647005586358208e-01 1.116994848726533774e-03 7.074887101761697940e-24 -5.900058496090548871e-16
-8.960826377480506366e-01 -9.583100130340214962e-02 3.449161723939846388e-26 2.604735606979618143e-16
-3.585281954174290853e-02 9.417783377334364159e-02 3.603494559347012199e-25 -1.070019969840567031e-16
7.859161282694511197e-01 -9.774476388840483421e-02 2.856195713599264184e-26 -1.929539468978174210e-16
7.657851222688940585e-01 1.403353714653162582e-02 -7.300216333226975056e-24 -6.899312294948895290e-15
-4.365529814714323997e-01 -1.268430771416953831e-03 -2.913522077782673594e-25 -1.418789747685130996e-17
-9.374016775046190020e-02 4.345726635194422510e-03 -3.112091408025862048e-25 1.114901436725084086e-17
6.468661001184483617e-02 5.447355943747071716e-02 2.763729377714509348e-23 8.564295849217279496e-15
7.275266303578287186e-02 -4.811900179239806535e-02 2.963716210452805971e-24 -9.124269834077048405e-16
5.267782921690982167e-01 2.742235180851199453e-03 -3.413241615865095378e-25 -4.336063170252164041e-17
5.089274464705522139e-01 8.142190663834163178e-02 9.835436316589776422e-26 3.584154910507657705e-16
3.001376686604333432e-01 1.538627679096462534e-03 5.489197413245607234e-23 2.229250619712950450e-15
-3.415517987081038154e-01 9.538574525750571909e-02 5.677647768061304043e-26 -1.626688889795713833e-16
-1.885534844209675320e-01 1.850271188252041940e-02 1.166877608828567077e-25 -3.580067831253310365e-17
7.484115211769302167e-01 -1.835590941563751671e-03 -3.793760552380824771e-24 4.583342236464706083e-16
-4.469633111436215334e-01 -4.583354417726252100e-02 3.475622380143011790e-26 6.261579548726470111e-17
6.841815640717427982e-01 -1.132443967435323509e-02 -2.134133760786645740e-23 1.454138344584265156e-14
5.830942707883317588e-01 5.537093495892320139e-02 -1.925617186915408560e-23 -5.467472218146417702e-14
-7.049388483957441665e-01 -1.528515095572431301e-02 -1.542889146230392057e-24 -1.462015244741333011e-15
4.626511687134038375e-01 -7.336629498921120457e-03 1.552909907459432864e-25 -4.635456525622467979e-17
8.842379099677661891e-01 -3.976501115614116712e-03 4.500287648622546482e-24 -1.391574664661944898e-15
-6.478825243518031574e-01 -1.994216643303290543e-02 -1.370104462332440290e-26 -1.556747881046797002e-17
7.176709498645328367e-02 5.472998855233655174e-02 -5.272746603054072438e-24 -1.821308964776308034e-15
-1.087501008375939549e-01 -2.198741437366359859e-03 1.731333870278269890e-26 3.640664467131647879e-19
-8.402980767706156318e-01 2.867180713607957003e-03 8.981792400752054631e-26 -1.903037951790258200e-17
2.280528529299390428e-01 -7.370986650665323214e-02 2.825475306604440366e-25 -4.176847803909342626e-16
5.737346641591845042e-02 -2.609830675490169925e-03 2.274161869631249896e-23 -2.994613619236834563e-16
7.248438139875277297e-01 1.003663666440458326e-02 7.074983928995368785e-26 4.526412166604695951e-17
3.954822151065884306e-02 -5.198078554357356273e-02 9.245962825117718788e-25 -1.671544487377212096e-16
2.075015682621859092e-01 -7.289328269946392103e-02 3.197626129407209201e-26 -4.253364251857049596e-17
-6.491327083793427821e-01 8.277432798103860623e-02 7.127395101001883750e-26 -3.367875207737593945e-16
-4.063048596174094751e-01 1.203707431645724630e-03 -9.650641979204466341e-23 4.150736493052216356e-15
5.154374127135386008e-01 -5.994214437095757471e-03 -1.163363999580342920e-24 3.160966072162325017e-16
-6.707210128749121480e-01 -5.668283046764613364e-02 2.326282324946545217e-23 7.777712085309961456e-14
-7.769733933148019744e-01 1.415812394402778899e-03 8.767411596232859793e-26 -8.481628629414993798e-18
-9.799885714522620361e-01 -1.381866503278812112e-03 1.831280830048243364e-23 2.180911538094876747e-15
4.201940667878900637e-01 -2.060148632294144921e-03 1.449725465967141078e-24 -1.103647129932649344e-16
7.093591771265961299e-01 -3.930444605945369353e-03 -5.222042844492264107e-25 1.280395981873792789e-16
-5.100552135637292928e-02 -5.897354406570744917e-02 1.603548253569987881e-24 4.241822119234169969e-16
-1.632654335619787567e-01 4.295787011180261100e-02 -2.526233184526257174e-25 1.558139805471521340e-16
-3.426137270242335386e-01 -2.892673259147252821e-03 1.389942357217074749e-24 1.211426111245132141e-16
8.704612037257681845e-01 2.981533615585602731e-02 -8.622658721410504787e-24 -1.968005588643788487e-14
7.002040357073304744e-01 -5.391902696763050534e-03 -2.919009660030958903e-23 9.691660410615365263e-15
5.748838464269745430e-01 1.791443552296772537e-03 3.175894675010138860e-25 2.876373807267263419e-17
-6.310215337901794452e-01 -4.791573283623167673e-02 -3.443842823056365584e-24 -9.157177595728145309e-15
-7.467153755109168234e-01 1.553479776253196241e-02 -2.432109556851815728e-26 2.481074655340548236e-17
-2.591805876952140153e-01 -3.860937784284917008e-03 -1.870902336235373352e-23 -1.646426665593969291e-15
4.248025958678274261e-01 -1.261858078921148079e-03 1.750918117723503806e-24 -8.253905865358240328e-17
4.447903900575731484e-01 -8.256073631011918990e-02 2.889851802884296071e-26 -9.332554294548600503e-17
-6.359241147167040697e-01 -9.489292714758279512e-02 1.372836832904582379e-24 7.285411057107493969e-15
-7.730084210994911942e-01 7.996701115511416560e-03 -1.734465714741948714e-25 9.428808366937168518e-17
-5.292246122136772257e-01 1.865086518046249822e-02 -2.762650536788686170e-25 2.398065099035230341e-16
2.546384393018019665e-01 4.080503590036714534e-02 1.225650974867224017e-23 1.119954923701391344e-14
9.045414722675402253e-01 -3.676829337260455882e-02 4.384830117422140497e-25 -1.282480375339040601e-15
-6.731743884618339724e-01 4.469726335880584711e-02 -7.105695140538247197e-26 1.880230483083576419e-16
-4.080697982775700616e-01 -1.766709370964859513e-02 6.630631913228186600e-24 4.203881696530515267e-15
-9.300683878184290432e-01 8.550177608710719801e-03 -1.376865745515805177e-23 9.628920817107135961e-15
2.773691406932512482e-01 2.987481330159318105e-02 2.222657325318935927e-25 1.619689819570150165e-16
5.987186539316782241e-01 -1.674181625099895043e-02 -7.124915343083841763e-23 6.280599051857627202e-14
1.429917597933396678e-01 9.885216228536657102e-03 -1.487964226271640349e-24 -1.849633466894588953e-16
-7.420325640247784627e-01 -9.157452513163853378e-03 2.603575757328726370e-25 1.555836154173078830e-16
-1.965353198969195248e-01 -9.300215850371744419e-02 3.028600913181728182e-24 4.868236716986225737e-15
5.605494620316089360e-01 5.503603966517783830e-02 -5.061549228763889077e-23 -1.373221456354916543e-13
-4.826331653445197212e-01 2.689108912521241679e-02 -9.478294145367949668e-24 1.081811856491687005e-14
6.195540108077792762e-01 -4.895695403679917179e-02 -6.330120679338087556e-26 1.688501894181845020e-16
5.995282451758363607e-01 -2.028209860073342669e-02 1.888897946556002339e-23 -2.019886809174600038e-14
-4.280049295865722137e-01 1.372897694523977268e-03 -8.476243638614174346e-24 4.380123729165842392e-16
-1.603684616148670639e-01 -1.992947184393775543e-03 -1.701117235418677138e-24 -4.781289030625495590e-17
-1.692325676844161908e-01 2.678226413901730295e-03 -3.153865042578191239e-26 1.257101482485822924e-18
-5.673037346270282111e-01 -7.093025802142821981e-03 -6.123650669832908889e-24 -2.166973451025082894e-15
-4.961858223303914350e-01 -6.185150483916224823e-02 1.897297807951315855e-23 5.120662192480824553e-14
8.624665680192833417e-01 3.640864245799722322e-03 1.095976959559947232e-25 3.026524402692860041e-17
-1.017466078132729379e-01 2.017890413242633824e-02 -1.380105823646450249e-24 2.491873002175551718e-16
6.132306421250379724e-01 2.303820089347969387e-03 -2.163831453790586039e-23 -2.688387321085046203e-15
-3.283378086849344513e-01 -1.164984142165641397e-02 2.666972823143868910e-24 8.971302477988546296e-16
-8.363758099059670492e-01 3.808403928762049608e-03 -1.714075159961665352e-26 4.801426991234360620e-18
-1.411018425374803709e-01 -9.719742141660997134e-03 1.569424853225805656e-25 1.892883800587849025e-17
6.895044698783494574e-01 1.245605341248733240e-02 -1.265568403115157984e-23 -9.558707485363952742e-15
-7.327721810574103767e-01 -8.821537208579728964e-03 -6.367964849366404535e-26 -3.620011094186635746e-17
-9.488932550293533996e-01 1.338896002299751328e-03 1.429514391045088789e-24 -1.597161145744526276e-16
-3.924172221668158489e-01 1.022535504946827344e-02 7.746891546136098051e-23 -2.733694205731739493e-14
1.424225254730671075e-01 3.095609077884492813e-02 3.903940853685597012e-25 1.513644975899635091e-16
4.556110137428486251e-01 -1.521217553908157894e-03 1.625533282291458179e-26 -9.907804043790809131e-19
6.551136783876245762e-01 -1.512712955435555149e-03 3.575466356568107492e-24 -3.116031863227688125e-16
-9.197794386670832267e-01 8.508384924612756584e-02 3.295687731990514619e-23 -2.268155794600506607e-13
-8.333385967162318941e-01 -1.184636362933696833e-02 -1.316867834912672817e-23 -1.143259309839744179e-14
2.336826761705812494e-01 -1.284237323515897110e-02 -8.073212903102327693e-26 2.130660286713697141e-17
3.555211221284371170e-02 -9.992412761879894412e-02 -1.749921311136543629e-26 5.467015357649177219e-18
-4.975927704201492663e-01 1.451505005359173244e-03 -4.688899723977594397e-26 2.978238990500070422e-18
-4.288562183519923909e-01 2.729813834341366166e-02 -1.952573974273618837e-24 2.010241519752579521e-15
-8.435773477674037846e-01 4.075856391757115560e-02 -3.569399805726164991e-25 1.079282111720647897e-15
-1.201346442052937391e-01 -1.654382343063344127e-02 7.127257368571772814e-26 1.245726189066894683e-17
-2.734435515075053225e-01 -8.818910746629035624e-02 4.208209748688776544e-24 8.924338028836125406e-15
-8.181080089300840630e-01 1.280549487445802222e-02 -6.686709100065216745e-25 6.160492613623751654e-16
8.014462488529143780e-01 -7.806371537705681513e-03 3.767686555671511149e-25 -2.072976523112197080e-16
9.716770811691306520e-01 -3.831528441360587678e-03 2.046977499308925950e-23 -6.701979298901142220e-15
5.965724914256722577e-01 -1.940153686105483642e-03 -1.504348365988279282e-24 1.531241799653624223e-16
1.053409996386125425e-01 -1.653120448893802621e-02 -1.496384694992513301e-24 2.291612546371927931e-16
-9.791553144415361398e-01 7.194944069414992149e-02 1.035206283303315005e-25 -6.413600542788157901e-16
8.831730860500015545e-01 -7.674312608172343189e-03 3.607086533506143271e-25 -2.149997095422454352e-16
-1.733916784386311249e-01 -8.390028477125895112e-02 -6.127047985450580453e-24 -7.838608380018485457e-15
1.452778197397190940e-01 -8.554330345803931243e-03 -7.640232650592512285e-24 8.350027672954226844e-16
-1.019217435235919567e-01 -1.907577235926996920e-02 -4.664678527804164297e-25 -7.975661158607748166e-17
5.492956342930388480e-01 -1.442329479781729283e-02 1.428658314888181149e-23 -9.953939596270792854e-15
-8.762175156040650226e-01 -2.861547173742759118e-02 4.423836772147621981e-26 9.754565626590248242e-17
3.327912144846343345e-01 1.283603189538226825e-03 -1.804196385674690208e-26 -6.777701672332473539e-19
-7.011194625259897784e-02 -1.219799229981777255e-02 1.682218327276485015e-25 1.265198703855737051e-17
4.804048044901256809e-01 -6.781531500688263436e-02 1.012518974762311313e-25 -2.900910276699656620e-16
4.851152879983933186e-01 5.295444382235487552e-02 -3.811140173162115335e-26 -8.609903719578044821e-17
-1.069089677373940006e-01 -2.288078720207777344e-03 7.097210226384714957e-25 1.526752951598340670e-17
-4.803513357011415241e-01 -1.077108275193158857e-03 -2.968598896033032085e-26 -1.350721731207345137e-18
2.576541603946296277e-01 -1.656420305900028209e-03 2.741738951807343109e-26 -1.029034197546511521e-18
-6.329692769192869495e-01 -3.170125227541736868e-02 -5.627177774640711684e-26 -9.929918521228550686e-17
-7.268742426501639819e-02 3.037149004922739398e-02 1.134126801987030087e-25 -2.201825986639863770e-17
1.492332232033881656e-01 1.930663889837833103e-02 5.620800464125379501e-23 1.424184850200865399e-14
-3.357654622560632962e-01 5.445386456788504220e-02 1.507350051479836905e-25 -2.423677598142998660e-16
-1.776124193205086410e-01 -2.191457363380197414e-03 1.134697712467832374e-26 3.884029637383314099e-19
-4.232505245640156843e-01 1.233543344772114426e-03 -1.666438307764158423e-26 7.651333999812915778e-19
-7.896128689374171117e-02 -7.954111653034232413e-03 3.892840891032647246e-26 2.150148990369492259e-18
-1.992749171920364937e-01 3.056621180592843795e-02 1.784263065860261809e-23 -9.557606401390795864e-15
6.636365740892140597e-01 -3.998182318276762015e-02 -1.126364008898484649e-23 2.628256045581465662e-14
4.952545260430269991e-01 3.740345436948273872e-02 2.821100277157220793e-23 4.595731949548690189e-14
-6.228729784315774065e-01 -3.106035169086100636e-03 6.657902087831099925e-26 1.132763544891997922e-17
9.629540182729066089e-01 8.532624838634574049e-03 3.098490661506443655e-24 2.238898434697185526e-15
1.236639540803943227e-01 6.480374709636152475e-02 3.737415437521044823e-25 2.633968777460638312e-16
3.998442370482873098e-01 -6.107378254364910324e-03 4.556408655017313663e-25 -9.785078808931917641e-17
2.206120785872516254e-01 7.701646625528123583e-03 3.374596989657873819e-24 5.042324479974442131e-16
3.287228978825522674e-01 -1.202535261943229496e-03 6.552164035051503730e-25 -2.277763025060384597e-17
8.973668246382688896e-01 1.828848783563018568e-02 -4.336768288703904732e-24 -6.259073140165199688e-15
8.172272093496233403e-01 6.593843891854339785e-03 -6.366510431745491670e-24 -3.017025176850211840e-15
-7.648509421727132107e-01 4.297707038371254701e-02 -9.050591521304611994e-25 2.616294199602079817e-15
2.683804769939277524e-01 2.052698539658807247e-02 -2.633774333936605807e-26 -1.275999943843753622e-17
2.000050004437938789e-01 -4.033670819235124667e-03 -2.668464594445754365e-26 1.893209837135004016e-18
6.715508719759839540e-01 5.306677200436208525e-03 -7.910011095704855113e-24 -2.478989464981269853e-15
-4.572318235689276644e-01 4.196319875367596555e-03 3.963903146464278219e-25 -6.688428221214979037e-17
-6.485132272062792413e-01 2.467334478872696898e-02 2.840934951961092382e-25 -3.997644367127556693e-16
9.091393030258227981e-01 -1.175815968447886314e-02 -2.710676208153287079e-23 2.548258205782690400e-14
-5.801101855915866690e-01 -5.803688312314295855e-02 3.923206267387643553e-26 1.161586922805083889e-16
-6.309838614417295766e-01 -3.412676766779538205e-03 -5.249305395062799815e-26 -9.940569078709971751e-18
3.540454434139710393e-01 -1.915252435926762323e-02 4.691223937394692781e-24 -2.797481336018853704e-15
-4.936821800702719809e-01 8.594579112629192885e-02 3.219442750898709388e-26 -1.201292517244464417e-16
-9.033699096936771422e-01 6.669663912296349730e-03 -5.038894296587370116e-23 2.669935802702878025e-14
-2.054039966727456701e-01 -9.232668095025525767e-02 7.132190990577892010e-25 1.189474340722804244e-15
-8.678785035881813048e-01 1.987200176579877187e-02 1.258900878311250368e-23 -1.909361166624806586e-14
2.239525684347509760e-02 6.982257523906550134e-02 -1.636257739233799767e-23 -2.250088625816231318e-15
-9.569917170697108677e-01 3.830613309370373143e-02 1.858962569522917160e-24 -5.992984269935377135e-15
6.976287795960569582e-01 1.359000429387551521e-02 3.345011348386922935e-25 2.788929770649914182e-16
5.426738937567752163e-01 9.981928663021770454e-03 7.977239446296577595e-23 3.800161203554824557e-14
7.816429915350713298e-01 -4.607817176881796699e-03 -6.288903190663606768e-25 1.991932361369130890e-16
-8.618173703352192128e-01 1.100118614130632909e-02 -4.146382540667068343e-23 3.457165128757081543e-14
5.927923511250265953e-02 -1.030236141673160528e-03 -2.247178941572580092e-26 1.206904840973894861e-19
-8.396537904799634688e-01 5.140589135885612060e-02 5.848357344392334081e-24 -2.219949259857114815e-14
9.849275346589252411e-01 1.194252048972695287e-03 6.053774406156759531e-23 6.262136170087974880e-15
4.302037929373139225e-01 2.559402526580089807e-02 -2.879993982571872067e-24 -2.788691096429260713e-15
-9.645756560330471796e-01 -3.291090146843273639e-02 -2.526417851325820689e-25 -7.053054780130830632e-16
-9.906018563588949721e-01 -1.330731050858632988e-03 -1.497047992902966475e-26 -1.735486148843757434e-18
2.956047980090976690e-01 2.344514276375942764e-03 -3.284506563196245151e-24 -2.001845217629628238e-16
6.014607832151090960e-01 -1.095849361822810210e-02 1.966473781531282061e-26 -1.139835910582490864e-17
-5.294026428582490063e-01 -6.495346816505207128e-03 -1.667935133520411930e-23 -5.043866777945884540e-15
6.058035242430706013e-01 2.028131382781328193e-02 -9.526346723665653853e-23 -1.029319653800394613e-13
-7.851482073410636087e-01 -8.067981158639121048e-03 -4.584193651286737387e-23 -2.553732916909948108e-14
-6.033588248155572487e-01 -4.422539530501039262e-02 8.472320384499770944e-25 1.988134508170215634e-15
-4.839165286613278383e-01 -1.328217633714211081e-02 -5.501989912980105068e-23 -3.109964904031928176e-14
9.195032484076637314e-01 2.350876633738481405e-03 1.476308422994418522e-24 2.806442865666865617e-16
-8.663104920509456797e-02 2.620663136064478593e-02 4.727122798517640139e-26 -9.437949703172376617e-18
-1.211130923436394280e-01 2.481919358655438647e-03 -1.119891906889118344e-25 2.960403206665244288e-18
5.124225805824884628e-01 -3.841953220190009316e-02 -3.373113885888114101e-26 5.839925900156237615e-17
-2.666860265717541090e-02 -2.296277528326542885e-03 -9.412552348539599233e-26 -5.069067115710277799e-19
-8.981628235436471819e-01 8.539017878869270550e-02 1.984506266211057638e-23 -1.338478725577821745e-13
6.628232067899786362e-01 8.008723640362366142e-03 -1.223751986518885542e-24 -5.712818457947865810e-16
9.405716448789152029e-01 -6.928998202502056891e-02 -1.055145934641347751e-23 6.047430153526928189e-14
-9.073217300565425969e-01 -1.843892168314890945e-02 -4.127144996995779868e-25 -6.072150949170526857e-16
-6.577212070842297642e-01 -2.264486411627131615e-02 -2.456152188532243770e-24 -3.217087236131385971e-15
3.645097578014211415e-02 -1.311902289619133353e-03 3.019934518146581742e-24 -1.270001328466793645e-17
-2.546810010799316348e-01 1.629725323111095095e-02 6.473838572622266479e-26 -2.363027785702453042e-17
-6.077536544741806157e-01 7.609848755742724263e-03 -3.425353974331559614e-23 1.393173043033217000e-14
-8.435791308441282776e-01 5.409136115091610006e-03 3.880979670159741824e-25 -1.557367493329878428e-16
-1.901134550804697287e-01 -8.803480053686914969e-03 -1.865513943166970209e-23 -2.745754720902327142e-15
-6.908537901675766424e-01 5.219498056865035096e-02 -5.505234002490268829e-25 1.745768563280145598e-15
6.604639779836449787e-01 -2.035752194888085752e-03 4.080527670188662042e-26 -4.824878430622562396e-18
6.722868427552786130e-02 3.037824718687949163e-03 2.217065507309379935e-23 3.981913752981287456e-16
3.414804834266975675e-01 3.665524455486571243e-02 2.540384187347832226e-24 2.796387872964865531e-15
7.827008246284159476e-01 -6.890845674572302140e-03 -4.047397161548998772e-24 1.919729940001775872e-15
8.275427792885301503e-01 1.562295468583667314e-03 -4.572386296783118665e-26 -5.198673486882870707e-18
3.101490027912183756e-01 -9.595088058937882580e-02 -5.232234468381950046e-26 1.369312434005777217e-16
-2.126087052254723719e-01 -7.088023646518475628e-03 7.878160329970441572e-25 1.044063746231645761e-16
3.697151131364397880e-01 -7.366073173930278925e-03 -7.059669005393485733e-26 1.690766259434870912e-17
-5.880950546285721448e-01 -8.812163605728942292e-03 -7.793784418243696261e-25 -3.552012357685823066e-16
-1.554324120678649557e-01 -1.855094389479407246e-02 4.891448343373945150e-23 1.240340916206132301e-14
3.420770200421450191e-01 6.950769573843962323e-02 4.261259787610431517e-26 8.910268757521341799e-17
3.609553023542690919e-01 2.216057136788399454e-02 2.526312560781868409e-23 1.777122891921047571e-14
-4.221404062264344503e-02 7.059735042883014122e-02 -1.160087842576895764e-26 3.040410344948677922e-18
-2.376982059230505762e-01 2.398232537684569319e-03 2.827493166835476239e-23 -1.417472882146322309e-15
4.011665601780745050e-02 6.343207387457942825e-02 -1.160345261851573525e-24 -2.596670647632409248e-16
-4.660164638780586177e-01 -1.379545939984689641e-02 -2.679753226504096251e-23 -1.515054411675208325e-14
-4.719534388911283962e-01 1.294507434382075918e-02 -1.187741322871050365e-23 6.381482322584597135e-15
-9.969715204284745891e-01 8.654838772842407893e-03 9.006083849864619131e-23 -6.833980272834582000e-14
-6.945676116068169037e-01 5.120076876937335736e-02 -8.957912155512825321e-24 2.801520529624464854e-14
-2.458938319338206391e-01 7.258937353404466830e-02 -8.712252696775955143e-23 1.367562385530483159e-13
6.548278018752395901e-01 -2.262709744072638821e-02 -1.052582776678501200e-26 1.371539174770333549e-17
3.777455623458163547e-01 -3.973056737944654498e-02 1.316096683238899104e-24 -1.737032455807383061e-15
6.590192810200019569e-01 1.511803635413308360e-02 1.319202342506639792e-24 1.155848517976552754e-15
-1.406959217564252018e-01 -3.754037072601327726e-03 -3.875773539898035214e-24 -1.800256799756958389e-16
1.860315629819166983e-01 -3.287564700998179840e-03 2.698139478732784817e-24 -1.451180187475419007e-16
-7.250559121473434399e-01 4.161788524220767088e-03 -1.255863862379129027e-24 3.332652799277692841e-16
5.243139370707041724e-01 2.720872065048820371e-02 -1.111515382110994350e-23 -1.394475862934285369e-14
-7.476968653772753104e-01 1.929758194243142919e-02 -5.164057740615259787e-26 6.552628457027158916e-17
2.496928542199186030e-01 -1.435051345921043754e-02 1.832472526153286498e-25 -5.774402151374988081e-17
9.687258438263690596e-01 1.593947018593194981e-03 1.010531325428434437e-23 1.372209901874100289e-15
8.164283079117029551e-02 2.672532136161600083e-02 5.915282688202486520e-25 1.135043471750809890e-16
5.089729921931491763e-01 3.356554643705653759e-03 -1.601001094138560200e-25 -2.405337868426805356e-17
6.072134927810914906e-01 4.112571025656733270e-02 6.210480022272331241e-24 1.363879476599528769e-14
8.625145319043940884e-01 -6.280743678811168823e-03 -1.378497845915284935e-25 6.567190024823592036e-17
8.632247854178842772e-02 -3.886924258196098117e-03 6.823154585414054982e-26 -2.013312503026244122e-18
-6.222551588064841877e-01 -2.135123704992958598e-03 8.834794206455369769e-24 1.032247847986208851e-15
6.392267028589544431e-01 -4.959863209990425514e-02 2.473706363786320934e-25 -6.897135441991629757e-16
-7.384720307736523104e-01 1.872112516827573875e-02 -3.088239994566493015e-26 3.754680970915345781e-17
9.090838763533191091e-01 -6.800518761233109721e-02 1.332050853748389127e-24 -7.242071425385717778e-15
-2.819356472794483093e-01 3.619962804297835370e-03 -5.147279718931293440e-26 4.619849934917256731e-18
-2.452743088935740445e-01 1.095795677332610024e-03 6.806410283715261847e-23 -1.608776702180994594e-15
-3.721994520889939650e-01 6.888946411533398463e-03 8.745169344717108206e-24 -1.971935747294561518e-15
2.767777350935396452e-01 -9.555698035212913111e-02 3.154708377510377556e-24 -7.337511381512377440e-15
-4.215040221790327113e-01 -3.103097304755903299e-02 1.753889089566615911e-23 2.017414993162207460e-14
-3.454052513942438285e-01 -6.883981102591479884e-02 1.911085641631470133e-25 3.996177364127969653e-16
-6.181840834506346916e-01 -2.805792966291080666e-03 -4.304870653526552519e-25 -6.566433469971308247e-17
2.353466829212735867e-02 -9.715888580268720875e-03 3.870227240886532496e-25 -7.782570671182047847e-18
1.895993484335243284e-01 9.713652332144348187e-03 -8.826422260519075048e-24 -1.429552458109769836e-15
-8.947357999500273884e-01 2.070941583475727557e-02 -5.028252884958390217e-26 8.193619177420736695e-17
8.702521769771400795e-01 2.658678339064592805e-02 -2.056407413131925830e-24 -4.184235085197466503e-15
-2.796073111912456000e-02 -3.516439139782489426e-02 -3.975227464618894553e-23 -3.437238068608338696e-15
4.909544475690159615e-01 -1.000959778806214881e-03 -1.421029202753801941e-26 6.141250728904550903e-19
8.602474005957310155e-01 -1.387908785638179536e-02 -1.161690294957325528e-25 1.219749518663140585e-16
-9.181508684404950937e-01 -2.402961879758419659e-03 -4.415997075273635216e-24 -8.568123308332425035e-16
5.513063591946425479e-01 -5.236032615462771732e-03 -3.316382203443407553e-26 8.418911057591992126e-18
6.346214821304427822e-01 4.322569748686802549e-02 -1.007008412446882701e-24 -2.429326444469277875e-15
-9.852510804354202012e-01 1.781760331562985689e-03 -1.310490259146926569e-23 2.023140309030844460e-15
-9.436546188405339208e-01 1.534746841747018989e-02 7.037796793583398757e-25 -8.963601521990316251e-16
4.318454794343207226e-02 -6.465092458452025015e-03 1.881460049313416591e-25 -4.619490935601711819e-18
9.986542036974412895e-01 1.816373221321706047e-02 4.225652363023517429e-26 6.740777479304776600e-17
2.315977531840280879e-01 1.645882045867581855e-03 -1.525465767579361833e-24 -5.113656080494799214e-17
-5.862213624691419156e-01 7.712700859200515013e-02 1.506804244508390011e-26 -5.991298574964446147e-17
7.443057762585116865e-01 2.135534888257642049e-03 -8.648442393100094696e-26 -1.208904398030825788e-17
6.904076172455544391e-01 -4.517763848736759680e-02 4.224180415499149841e-24 -1.158690801378911896e-14
1.051379752908994103e-01 -2.043696919318709927e-03 -1.208482192922746589e-26 2.283559622646143535e-19
3.912975591733143244e-01 -2.949538729802416576e-02 5.266639781374181177e-24 -5.345531063511451535e-15
-8.434434057727235867e-02 6.970864402468714138e-02 4.868943444692851658e-24 -2.517522220216824660e-15
8.383681977463532942e-01 -2.365237916140013746e-03 1.657416012148530230e-25 -2.890261637651148070e-17
-8.549916316735135524e-01 -2.273257109358510410e-03 1.306103725529919002e-23 2.232462078802545840e-15
3.549446229718147272e-01 -1.362334295381073535e-03 -7.910442113629342740e-24 3.363884287543032029e-16
1.841203917598628337e-01 4.127660958600928853e-02 -1.116271010737390710e-24 -7.460562184719319825e-16
-1.979191055027813562e-01 -4.884494365608672839e-02 -3.021057224447737485e-26 -2.568397771885492051e-17
2.293090913317252788e-01 2.575130229741103439e-03 -7.139642735865486750e-24 -3.707600664053618871e-16
-2.432714006121938777e-01 1.841389016803045980e-02 -1.061432915082987586e-24 4.181433124355969240e-16
-3.969322851197754076e-01 -6.870617773961716634e-02 6.825790403005073364e-23 1.637047050525233476e-13
-6.403760923364520963e-02 -3.306259002113969003e-02 9.138328820045009320e-25 1.701511007058827595e-16
-3.500851276723560002e-01 -2.209494832970219490e-03 6.820399491739615364e-23 4.639513741967662505e-15
8.796314511390392887e-01 7.533678448789671300e-02 3.101918146137588551e-25 1.807732486085920913e-15
6.124900133835842198e-01 -2.180664014106989141e-03 7.601463554574409930e-24 -8.928551061997935105e-16
6.573950502034990873e-01 -6.200117030620825968e-03 1.089089631320170244e-25 -3.903785445847136286e-17
4.619131733196062406e-01 -8.276419711477575603e-02 1.087283662729831163e-24 -3.655457317308794840e-15
-1.654903234484967900e-01 1.424355007952532708e-03 7.540963844793367411e-24 -1.563196991536452344e-16
-3.170932325344524294e-01 2.111561693619657537e-02 -1.185895201859823659e-23 6.982855584841502106e-15
1.970889839131211296e-01 -5.096857242170631935e-02 7.279546091982825819e-26 -6.430801740883233444e-17
5.006655742857293312e-01 9.999080378534502822e-03 -1.443358254643430242e-24 -6.354449469368651583e-16
4.776114372269590902e-01 8.748409571817793162e-03 -3.271943612532748470e-24 -1.202280037450941803e-15
5.933228343447782827e-01 -7.143354455057243646e-02 3.495457551988795073e-24 -1.302846636267874359e-14
8.434287996867593229e-01 7.234328442832457275e-03 2.653110330406287492e-23 1.423632714623399821e-14
-1.197622918611251919e-02 -2.096806804003250799e-03 2.866899854758275761e-25 6.331214660384727270e-19
3.354821433317742851e-01 6.288204164852724543e-02 7.284839778334221991e-25 1.351487544733377286e-15
-6.328496795997575752e-01 -2.428385296267858429e-02 9.586278800496504809e-24 1.295579939986556363e-14
5.840093006649920149e-01 1.269955609246133967e-02 3.671076410402827321e-25 2.394405649836828545e-16
3.018930881239008102e-01 -6.943373420600877123e-03 1.281642586357652077e-24 -2.362580540513011556e-16
3.996125678614317334e-01 8.243782675518751546e-02 -4.149862099147740071e-23 -1.202251529481938424e-13
-9.875994535377692340e-01 -1.270154813735443079e-03 -9.582547770653635428e-25 -1.057096153948639354e-16
5.183846098884785647e-01 -3.760325868343612418e-03 2.128938543336283577e-24 -3.649528057576515777e-16
-8.651521475766095204e-01 -2.019819332530119541e-02 6.410759492941913688e-25 9.851684595559869511e-16
-4.812041474192751966e-01 -3.640539514019767997e-02 -1.702297999661878147e-23 -2.622567652182924344e-14
-1.761321175821712881e-01 -4.588730071754162573e-03 1.255172093191536235e-23 8.921345178224452566e-16
-1.413216259446707923e-01 7.183452833356483713e-02 -8.837433545223480755e-24 7.889764339199411736e-15
1.321533850725686854e-01 -6.538842632226692445e-03 -6.994732917843200592e-24 5.315526824142678191e-16
-5.962873273166202637e-01 6.149789726052093397e-02 -8.255997902991544313e-23 2.662449753824895761e-13
-6.731565201594447156e-01 -1.280725596461989961e-03 -2.445064740268652167e-23 -1.853781352685226585e-15
-7.238820712459848039e-03 2.240486282397749843e-02 2.538825028296911526e-24 -3.621086347206359474e-17
-4.494587712944140279e-01 -1.045320355103195736e-03 -2.853609969501001736e-26 -1.179043644086800186e-18
4.654879563212919180e-01 9.907112662229040911e-02 -3.591526764761730057e-26 -1.456567643356626129e-16
8.914627284639402571e-01 1.698104569217590010e-02 -7.187393482808080304e-24 -9.568305709972763248e-15
-4.166135327853803805e-01 -1.166510315701467515e-03 1.600810583922988307e-25 6.841603541641178137e-18
1.497289350829540400e-01 -1.578707336622768012e-03 -6.801973622490746739e-25 1.413963851728160853e-17
-6.471834283206867600e-01 2.345259007584957200e-02 -7.599079012657640250e-26 1.014320403135007498e-16
-8.231537838943712160e-01 -2.326702470629745875e-02 1.105043329051401363e-25 1.861217543223527886e-16
-6.153784283042440517e-01 2.991104351559454103e-02 -2.684644351390389048e-25 4.345668498561025060e-16
-7.058528541564810244e-01 1.598041666848260683e-02 -3.132467269839305398e-24 3.107311670322785409e-15
4.164068407006955574e-01 2.389105812291852926e-02 -8.435930859091799064e-23 -7.380439971134140750e-14
-3.542787079400648853e-01 1.616349968135352699e-02 7.487896760495774707e-26 -3.770824319810981919e-17
-9.745840783111385797e-01 -2.953015575508678280e-03 -1.149666836059021908e-24 -2.909732424847156038e-16
3.698004823976748234e-01 -4.278489548636790762e-02 1.001688411082277516e-23 -1.393755513528723935e-14
1.374013041543231672e-01 -1.004061190662305491e-03 8.533733013652511840e-24 -1.035347376837086709e-16
9.060887365248342373e-01 -2.355223128855749026e-02 -1.503232991065670674e-25 2.821142919997524152e-16
6.777838978114127944e-01 -4.310208145929566442e-03 -1.584162668487119800e-23 4.069914309813053292e-15
-6.185064745957393750e-01 2.082345553242830050e-02 4.006111297229594995e-25 -4.537493971257247830e-16
8.734325228572292765e-02 -8.530479271282932416e-03 4.591611347872223565e-23 -3.008596264909159413e-15
3.611478184398320135e-01 -1.824933809867931118e-03 -4.678212002357750010e-25 2.711490032000957103e-17
8.130361090775608535e-01 1.523669755418445093e-03 1.671289526987041875e-26 1.820741843921984970e-18
3.072963394519276914e-01 2.401951342230239633e-03 5.831220204836846189e-26 3.785097183975708164e-18
-3.091323985849878664e-01 7.511824277297269627e-03 -4.363113602301506541e-26 8.910097672920657494e-18
3.259623065820727028e-01 -6.983803028850039951e-02 1.412031545754322007e-26 -2.826830470419401464e-17
2.721645418042073494e-01 6.363690296894003277e-03 6.464035232820048483e-25 9.845557084531392187e-17
-9.444586791016083005e-01 -1.047571097501304865e-02 8.221116758840031588e-24 7.153083359709467314e-15
3.287067479192133934e-01 -5.404212868450441153e-03 1.138026713505308785e-23 -1.777827107629104647e-15
-9.269404071937012990e-01 -4.144577616332604381e-02 -4.038836502537919930e-26 -1.364534009805904990e-16
6.850649146748790663e-01 8.373652580105070409e-02 7.126264573687414802e-23 3.595047281919684959e-13
-4.558311917195356777e-02 -4.170005623515432580e-02 -1.076399735261832211e-24 -1.799327688830918704e-16
-6.303205621101397593e-01 -2.092299786962679986e-02 2.955878855534340174e-24 3.428214731368277350e-15
7.942282396367492669e-01 4.716368162000361686e-02 2.033177895255150784e-25 6.697680145469270057e-16
1.619769245131597035e-01 -4.762263282504232767e-03 6.463564905343182418e-25 -4.384647304562146951e-17
-2.597171674228142546e-01 1.027400723344616554e-03 -2.315248123955592957e-23 5.432929457606242810e-16
-1.630733563887343252e-01 2.225710219034417441e-03 -1.381145217430946291e-23 4.408460704734969677e-16
-9.779881074816831887e-01 2.028317631346630324e-03 3.668364833217968536e-24 -6.399382381619100357e-16
-5.298908388445955353e-02 -2.478562895151135634e-03 3.779391815700686965e-23 4.365201277713399181e-16
4.351387530127812653e-01 2.918401650957510272e-03 -1.586264191868017069e-26 -1.771513009966252183e-18
3.273982040470126975e-01 -2.197233737340188037e-02 -4.275441545380005256e-25 2.704764918564742423e-16
-6.414491343761281605e-01 2.746593731680277428e-02 -3.500953046331239343e-25 5.424240468109493337e-16
2.855826944755393004e-01 -1.329017677383954746e-03 1.571651555286840877e-25 -5.245838442796812960e-18
-4.100004457439345718e-01 -1.223806763596981505e-02 3.449797634286231906e-26 1.522252858734748312e-17
-5.131890419513196466e-01 -3.060157762530920766e-03 -8.948263793915969720e-26 -1.235822135490412397e-17
2.870549465837246572e-01 -6.063201931409741702e-03 -7.141554123930934518e-24 1.093089694333650016e-15
-5.750492040957668749e-01 -2.571157503761953636e-02 9.837776648320344756e-25 1.279165232373836596e-15
7.794609014691058491e-01 -2.703085265561245426e-02 -8.177050481166532427e-23 1.515119053925429488e-13
3.384139117901645566e-01 1.102057770587113773e-02 -3.652911998932268611e-24 -1.198085409822638576e-15
-2.750776595229296184e-01 9.612204700114196712e-03 4.394234208632206789e-24 -1.021780317075660430e-15
8.021296391815930793e-01 -3.553285540305597956e-02 -9.745693576143463000e-26 2.442774766694786680e-16
-5.032765796803895242e-02 7.762071608122791955e-02 -3.358087226949132572e-26 1.153645400184717437e-17
9.160372425610467939e-01 -5.481026656608499470e-02 2.356873391527562554e-23 -1.040656254407912942e-13
-8.189856536360229367e-01 4.422902802979300496e-02 2.770985585384904114e-23 -8.827016870012127966e-14
-4.060186584769296392e-01 7.456137300779490558e-03 2.351251233221971976e-25 -6.259720257311629515e-17
2.210969080224531869e-01 4.765113277910930367e-02 9.097673150885608167e-25 8.429119847190501091e-16
3.142351121940245573e-01 -1.128860038154280926e-03 1.830510249480525251e-23 -5.710353253369953238e-16
-9.121003247781636070e-01 -4.536441655100793141e-02 5.789595099887758170e-24 2.106697269518089088e-14
5.119967281297559403e-01 -6.532344349804054817e-02 -1.809264030629840849e-26 5.321501703708502150e-17
6.355992713232712088e-01 -1.031328288356707715e-02 -4.683306248372972227e-24 2.699783128671879390e-15
2.731362890543509447e-01 1.828438613204780641e-02 3.714473919296967297e-26 1.631372369823969449e-17
-1.416321173290826518e-01 1.504414526778947471e-02 -1.104683867193659453e-26 2.069966314264164675e-18
-2.435662577625778979e-01 8.491175634285029472e-02 2.814434089997583856e-24 -5.118845604481872159e-15
7.700232351402063191e-01 8.335341109002558299e-03 -1.817803651172170511e-25 -1.026053908415248738e-16
-9.959320248279972532e-01 3.034468604148723037e-03 -1.986937799508806918e-23 5.280713650373275478e-15
-3.123735571231545105e-01 3.371243808790261656e-03 1.089006675256367476e-25 -1.008534983021455979e-17
2.895976660370527256e-01 -1.685947713557977819e-03 -4.518432613571647369e-26 1.940094878334031428e-18
-9.712140900399175436e-01 -5.247610525931685130e-03 -2.170830013045857755e-23 -9.729676182321578066e-15
8.571801552141991021e-01 -1.160451349167856364e-03 -6.469618359277156854e-25 5.659443240635899519e-17
4.808852556471028272e-01 3.690862652656798880e-03 2.673921921547375905e-25 4.173631174790155331e-17
-1.736000162107358413e-01 6.543310895628203644e-03 -2.721450690615770500e-23 2.718590451552966352e-15
2.725557147404167324e-02 -8.372798020768309687e-03 -7.213968273489686629e-24 1.447758540173917154e-16
-2.951138862250637374e-01 7.366247844399925228e-03 2.375584234557470002e-24 -4.541532296544110855e-16
3.456309414428251348e-01 2.677949871202651294e-02 -6.437156681140429540e-25 -5.239684505481752970e-16
8.073590280332989533e-01 1.150600810491945580e-03 3.810868042742822560e-24 3.113230616919534937e-16
-6.933314458342110242e-01 -1.450264099137383439e-02 -3.057796665106031200e-25 -2.703912274057014090e-16
8.973141322713782397e-01 1.355432081489846806e-02 -7.040474652966578030e-25 -7.530437493766456828e-16
-2.687753736404949745e-01 -5.540185930658482125e-03 1.960684874150966630e-25 2.567542334425349496e-17
-1.747372845512407125e-01 -5.322508829567838828e-02 1.342051652428492678e-26 1.097658397957359541e-17
-4.223833089454827050e-01 3.083731785218523855e-02 -6.312842973521525396e-26 7.231099416607188188e-17
3.264001563978660148e-01 6.099557256593409610e-02 2.092715514389453228e-23 3.663994936941294572e-14
1.247158218893287263e-01 -8.688436250452694076e-03 -1.379039291914236714e-26 1.314122383545875073e-18
-2.004509527245179612e-02 1.093299840567461649e-02 -8.280068085164566843e-26 1.595795800186861411e-18
3.522194266476501578e-01 3.289979869861976020e-03 4.954905983399113303e-24 5.049378949775623910e-16
5.435845760656770054e-01 -8.569218820833962580e-02 1.735345379940386259e-26 -7.108701570610950226e-17
1.304724635036840219e-01 1.911830740405598764e-02 2.763252431478930359e-25 6.061566360841538394e-17
-3.899507637903725232e-01 3.551946278910179250e-02 2.417180628463526188e-24 -2.944294647657843490e-15
2.655782591697453121e-01 4.501012562630424263e-02 6.871472871603407835e-24 7.223515042292210082e-15
-8.996249456633753638e-01 1.286803922422912784e-03 -2.532130177275275338e-23 2.577839623808570521e-15
9.619126594609550551e-01 -7.738883522869957621e-02 6.062452603313107526e-26 -3.968791712928563512e-16
4.930845991257852834e-01 3.266333137485488702e-02 -1.776385872716082939e-25 -2.516026586872745639e-16
4.931994194829520950e-01 1.708905080396528123e-03 -1.061562718430170666e-25 -7.868322568425747683e-18
-4.347815819206886090e-01 -5.981703217447378179e-02 -7.959515680196519086e-24 -1.820449529656692383e-14
2.734275141920576857e-01 -4.801097808205347095e-02 -6.425062124480968136e-23 7.417475137675342787e-14
8.822151371840505352e-01 -3.250623492245076091e-03 -1.012488282320430963e-26 2.553448957940767059e-18
-6.237848287095060229e-03 -1.940381268009587750e-03 -8.185786163402244207e-23 -8.713211922624152691e-17
-6.242442347228096544e-01 1.045344805182254859e-02 1.043520041560438877e-26 -5.988401358128251592e-18
-9.017684324093873105e-01 -8.400437556580733073e-03 -6.771900577513780607e-26 -4.511318710846564103e-17
-2.314843691499184342e-01 -5.811326610870918424e-03 -1.529359619971859632e-26 -1.809266637484142132e-18
-4.544569637757878144e-01 -5.414884926792696423e-03 2.577849923687289021e-23 5.578733622191410602e-15
-3.415691462252925525e-01 6.391841606993273195e-02 6.058545704588225644e-25 -1.163239195561765690e-15
7.583849851432233891e-03 2.752434458236878781e-02 3.889354549542446162e-24 7.139704663425873307e-17
4.035412837562764032e-01 -2.826897745218649467e-03 3.058098228955833083e-24 -3.067930395838630993e-16
-8.873915733718540366e-03 3.758401139613123942e-02 -2.639206453687525172e-26 7.740834750412826398e-19
-4.085480148527322886e-01 -2.568458212913775698e-02 -1.576936430446846566e-23 -1.455210419715440672e-14
4.215202216235589550e-01 -4.697830515057940803e-02 7.893342502846232660e-24 -1.374588501323880641e-14
4.933646817579997457e-01 -5.142121779470659043e-02 2.388165196327051263e-23 -5.328080521972965872e-14
8.586027679144259128e-01 -3.746356793516496947e-02 -2.008725008169260408e-26 5.682218203702726566e-17
3.883111697733554468e-01 -1.236853427621972335e-03 -6.262482873875702064e-26 2.645091328094981598e-18
7.057971410809793511e-02 6.088864173338701287e-03 2.466163879569109162e-23 9.320390617052100419e-16
-4.723589063266129262e-01 -8.350915348419037099e-03 1.467538157382968941e-25 5.090865136857187735e-17
-9.871611876045078837e-01 -2.736821656723049945e-02 -1.630145511301985665e-25 -3.873084234162746760e-16
-6.269119390767843303e-01 2.557354294228768657e-02 1.088776937223860038e-24 -1.535084735114338509e-15
8.129358067379657271e-01 1.312487061100961732e-03 -9.537537719150820374e-23 -8.949186370530998487e-15
4.823885434666614902e-01 -2.123217904996119176e-02 -5.199886278393270004e-25 4.683617271972596063e-16
5.101836758173425856e-01 8.084093811478011704e-02 -1.005646688971471338e-26 -3.647533854878895085e-17
-8.303485989234959952e-02 6.454382460802915444e-02 -4.400323242578589577e-26 2.073937834002585055e-17
-1.300036924144059025e-01 7.736088808940785877e-02 1.243869384787637418e-25 -1.100139893013210161e-16
-4.990265283787749251e-01 -9.141655542311165339e-02 1.943396876291009940e-23 7.796613169490612352e-14
1.905157260429728439e-01 -6.919081088042124128e-02 -4.785559960800933666e-23 5.547636704942380649e-14
-1.680277717831546447e-01 -1.967729608905283839e-02 -8.686073056029263139e-24 -2.525608130327515301e-15
-2.780380837140272732e-02 -2.077671568793866292e-03 -9.088734591421486503e-24 -4.617220393321730636e-17
-7.877143141381415248e-02 1.232154760976697516e-03 9.917734419997990302e-26 -8.465302301618574453e-19
8.491013332660304336e-01 -1.398001405552762137e-02 7.733695633054658574e-23 -8.073283571324088927e-14
-5.561837911370746124e-01 2.114293557710109767e-02 -2.357394649956662938e-25 2.437877664702010270e-16
-4.903877284483477705e-01 2.208273489492283692e-03 2.126738083375427001e-25 -2.025361083277278546e-17
9.700286766838628338e-01 -6.159592484581644968e-03 5.404558915332303223e-23 -2.839833052579604034e-14
-8.908038193552594297e-01 -5.307529646892992364e-02 -1.017288383004272031e-24 -4.229748884469755265e-15
6.958698402474430278e-01 7.645416693898491114e-03 -1.187362619956497116e-24 -5.555313182802608777e-16
2.247373722115380001e-01 -9.666007153823662906e-03 -1.647541534793988577e-24 3.147420600768920833e-16
4.236645362369753087e-01 -3.416815496609963351e-03 1.920543032690078961e-26 -2.444914538496113112e-18
-6.839950540797361533e-01 5.363117691957379994e-03 2.112355532810355196e-26 -6.814489172389747620e-18
7.131224819770030088e-01 8.704176077675535375e-03 -7.126925412225179079e-24 -3.890361960451685992e-15
-5.632672265837874725e-01 -1.163225045361232285e-03 7.181426135410271155e-25 4.137947015176788648e-17
2.815474266025015382e-01 -1.679093682185760347e-03 4.485394352543624608e-26 -1.864760760642947897e-18
4.472295876455110175e-01 -6.597025790325357353e-02 6.111778963296479776e-25 -1.585777856858267861e-15
-9.165303285045827142e-01 2.908118625870578355e-03 5.064041515007520799e-26 -1.187004092395282962e-17
8.663710456443634023e-01 -7.505747386073741145e-02 4.602857015487332607e-25 -2.632214987913694948e-15
7.702481323133196778e-01 2.233512205434956890e-02 -1.812845484141552579e-24 -2.742684002711504946e-15
-7.943570525770273782e-01 -4.549369006491994771e-02 -8.801386439398303397e-23 -2.797138754356294815e-13
9.526409024596116382e-01 -1.025439231600258280e-02 -1.858394332953085641e-26 1.596515083345646803e-17
-3.454464575271765092e-02 -4.035943450735469951e-03 -7.265905596301428317e-25 -8.908643238208231788e-18
-3.664055086326944988e-03 -8.414128085224204315e-03 -3.148462193138274474e-25 -8.536219935571032355e-19
4.942670179088703986e-01 -5.930113094343224256e-02 1.025742082983241224e-24 -2.643983747191159908e-15
5.375530241286454736e-01 1.304203228512877503e-02 -4.343199508309341844e-26 -2.677764379859385002e-17
5.469814141074418323e-01 -3.548365067802380403e-03 3.268143860926465424e-26 -5.578250727071265114e-18
-5.341574856109987390e-01 1.569742512550378194e-02 4.265607340324693038e-25 -3.145390817067910382e-16
-8.220095177553399246e-02 5.592044417678546792e-02 4.996800878430750623e-25 -2.019926198489020271e-16
-4.220106278479995865e-01 1.002197509227686044e-02 2.731330492943070381e-23 -1.015890644713052229e-14
3.072764943798049764e-01 4.636364109781582199e-02 -7.343811372759069562e-24 -9.200774535538518843e-15
-1.893406065660392379e-01 2.212242291327989538e-02 -1.105033611077144515e-24 4.070501721336586125e-16
-4.119019142794333455e-01 7.712244776581035632e-02 9.610958086065497228e-25 -2.684956778464846245e-15
5.794473445893240093e-01 1.479204563185374010e-03 -2.694574793607966611e-25 -2.031086680167808296e-17
-8.258706137844054052e-01 -8.773116552276468555e-03 1.422370923831979019e-23 9.063058400905075583e-15
9.139062400212083492e-01 1.056218993570279263e-03 -1.416540818199413525e-25 -1.202487884368410019e-17
8.482735233412128650e-01 -3.824402680526229302e-03 1.462880681092828477e-26 -4.173538563245685724e-18
6.157033780571574688e-02 -9.394064493947466843e-03 1.497318383776378423e-25 -7.616145476536954000e-18
9.865423687058061386e-01 1.107201656077408045e-03 -2.413867587832572604e-24 -2.318739240899556554e-16
8.958986606025332033e-01 1.769813193982070713e-03 -1.960525071643942983e-24 -2.733724321372658293e-16
2.457462704875306159e-01 1.773359562584470722e-03 6.760533903841732338e-25 2.590960142542987963e-17
6.199298007124860455e-01 7.524597118000213303e-02 -2.160711538031482522e-25 -8.863771608583783229e-16
8.848329348087202728e-01 1.738199125997511030e-02 2.082616544182631590e-25 2.816865566399462484e-16
1.167734304416037094e-01 2.027778093685030439e-02 -2.937589794109709152e-24 -6.117185024295745234e-16
6.434038832656781004e-01 -1.746067525262908968e-02 1.314929130026812056e-26 -1.299101426608170535e-17
5.259544123518189451e-01 2.842131485604536267e-02 -8.013588458570688785e-23 -1.053453339726565486e-13
-2.312451616512676278e-01 5.043195917591572486e-03 -7.282184538530436104e-23 7.468547977719644329e-15
6.293467083232346937e-01 -1.121494066039424370e-03 1.422200245494922564e-24 -8.827621315601688240e-17
3.806378561491969847e-01 8.584194947703657763e-02 2.683775705059525038e-26 7.711764665105970794e-17
5.449687365466429068e-01 1.575888502071397940e-02 -7.787620581615138738e-26 -5.881632160089247621e-17
7.498400757388483662e-01 1.382499187819253563e-03 -1.319492084155248944e-25 -1.202918827262010329e-17
9.340074667360163119e-01 6.152392361560658600e-03 -1.630593223197613427e-23 -8.240166854825375108e-15
-4.731856362274848848e-01 1.715996161807194567e-02 -2.086649465398128058e-23 1.490024343420198780e-14
-1.461024442076852559e-01 2.419783642215537350e-02 -3.817575204617678043e-26 1.186909537358187617e-17
6.184703765420225263e-01 4.402222198042313184e-02 4.123028828734364729e-24 9.871956518294497926e-15
8.356928482241443579e-01 -4.504488771972939634e-03 1.046771208977305786e-25 -3.465293018634681452e-17
-4.660994354966319086e-02 -4.040218250280400505e-03 6.159652381174590680e-26 1.020083227647023202e-18
5.441742116944945362e-01 5.207120273455292242e-02 -1.188001631820275849e-23 -2.960387783758054836e-14
6.122672470841294956e-01 6.785528052658520992e-02 8.961160337583497547e-24 3.274047126450908621e-14
-8.755529628780573947e-01 5.573217745590293426e-02 -3.104451418428902774e-26 1.332199608171369396e-16
-5.806027680029268723e-01 -3.025220772574246670e-03 -1.889855031613810952e-25 -2.919178605101814275e-17
-1.434521428362094397e-01 -9.759138963528832256e-02 -2.718281815626083795e-25 -3.346640190269154854e-16
-2.340636559364375202e-01 1.737712335551865137e-03 -6.731815038423379842e-24 2.407908853037197832e-16
7.097535550024947071e-01 -7.714019000075113437e-03 -5.060804413610653599e-24 2.436709937001779630e-15
4.025462710929028631e-02 2.386557848672410734e-02 7.744390890514948849e-23 6.542911403468269763e-15
8.131119620099720446e-01 1.850555764182415736e-03 -2.933855029477182215e-24 -3.882282884761779607e-16
-2.869750790124110384e-01 -8.630945517617666721e-03 3.067393268654181984e-24 6.681408416340227075e-16
4.630134579392235494e-01 3.370544129688193141e-02 -5.663805049557393771e-25 -7.773165754914644881e-16
7.203324399915604914e-01 -2.780248416330377646e-03 -7.793704009184184873e-26 1.372639473754848415e-17
-1.193863209929899583e-01 1.391014755108763590e-03 1.558895975210148335e-26 -2.276666630551035953e-19
-9.143567358242086218e-01 2.848111051906305688e-02 2.056406298669895572e-24 -4.709529410642217912e-15
8.513371726121408134e-01 2.149715000609688474e-03 5.121699665552529336e-23 8.243138408932314200e-15
-9.591776842815498139e-01 6.178672833430313982e-03 -9.462713112300198142e-23 4.931805487185616751e-14
7.587542082125564580e-01 -2.481088839530323775e-02 -4.431634509521773954e-26 7.336743971952431580e-17
5.791657848189359914e-01 2.532115506101909053e-02 5.328294220688315384e-23 6.871801538149254730e-14
-2.393790287908439396e-01 5.620820578243285182e-02 -2.551487914751522388e-23 3.019084990186287010e-14
-7.520762733754513540e-01 -3.101729869974689455e-02 -1.744287032223725559e-25 -3.578325245678470843e-16
-9.359644148038364087e-01 -2.189792336158744804e-03 -2.010706879398203362e-23 -3.624157247508282456e-15
5.788413419992692877e-01 2.198959981045572800e-03 2.838729262145815628e-25 3.177582553476017503e-17
-8.408850728986736467e-01 -1.245212383780155757e-03 5.546075366928721406e-23 5.106952771696940959e-15
-4.152963924798556139e-01 7.435878187360991237e-03 3.077140641762862979e-23 -8.356679993755561609e-15
7.532268603874046065e-01 4.502514695374416204e-02 3.247392631818247362e-24 9.685270150769718872e-15
4.726916331088917289e-01 2.095560941640188871e-02 1.179211843727700010e-24 1.027226094398310192e-15
-2.515965125301204974e-01 -1.763505578994770812e-02 -2.658466293768942720e-24 -1.037310116685768802e-15
1.659912861711594356e-01 -1.987579064125053960e-02 2.107832501334861193e-24 -6.115638424272818356e-16
3.732423695668625196e-01 2.373132641511813135e-02 2.140719396560759978e-24 1.667510953191277607e-15
-6.225506614427787078e-01 -1.208728592167200751e-02 -1.899952329245340414e-25 -1.257309505726809948e-16
-1.889976936512904881e-01 -6.065032567899060478e-02 1.035357367924814376e-26 1.043700569672910350e-17
4.844340675966967158e-01 -8.516419746897782583e-02 -7.676973086625506188e-24 2.785337035206752867e-14
