6.708508572829928636e-03 2.675097419381893271e-01 1.223589521404882738e-02 5.850446261387943006e-03
4.319316320228540861e-03 1.647773607095111004e-01 6.978032149330694323e-02 4.275706184276970197e-03
1.025154296752165068e-03 1.452912501300300807e+00 4.444216615943409956e-03 7.678221182768907044e-04
2.108885621534793350e-02 4.080840106088149177e+00 3.510657883648304195e-03 8.265603295142335541e-04
3.176919562275163506e-02 3.440554493239674549e+00 1.891837122532826973e-02 4.687349617900953870e-03
2.616533184785422954e-03 1.029616977585968152e-01 5.456781265505801330e-03 2.493431812869670826e-03
1.965174076709484685e-02 1.319961958729710672e+00 1.788053293911683397e-02 8.018779806915213651e-03
3.690323537875625243e-03 2.433750880859059107e-01 7.296548939491120239e-03 3.285866016493816863e-03
1.862691722008360043e-02 1.360169447559352429e+00 2.420462548660527388e-02 9.100807697303059732e-03
3.805593700096635695e-02 6.001389133218415495e+00 1.182871116893204370e-03 1.960839937468510563e-04
4.869541975434962117e-02 1.195901014847574884e-01 2.808367589652446209e-03 1.584301341488696113e-02
2.862805086016407922e-03 1.492869444860470129e-01 2.624883728077548328e-02 2.816940111905310955e-03
2.522644520185227460e-03 1.497003009568807497e-01 8.061916338924188241e-02 2.510882906720936919e-03
9.427323962247324829e-02 8.792960435106351724e+00 9.151332055817144179e-03 1.029392376724008176e-03
2.794289662652486850e-03 6.657657153209558532e-01 6.803195316784045599e-02 2.719913293932551494e-03
4.357189967285500856e-03 1.146662984752485848e+00 1.279112438314018024e-02 3.133313840787733690e-03
1.451249967262287352e-03 6.464558607454311989e+00 2.858628633580708595e-02 1.092653615018272057e-03
4.840451853942326528e-03 1.170327696190307076e+00 6.739647247020321384e-03 2.629914519558631484e-03
9.986705461591693922e-02 7.966433805067434371e-01 1.586739371435200727e-03 1.952833330931383164e-03
7.015467746419538908e-02 1.195648579107714715e+00 2.450543141939202051e-03 1.991373847064980499e-03
7.257286826412794045e-02 1.176105465367415087e-01 2.048251196884589426e-03 1.404509451972499497e-02
1.333724684939282396e-02 5.916431026346004707e+00 1.308773282647615220e-03 2.176008277769631352e-04
2.414210994714682985e-03 1.119917901428889140e+00 5.507556251099194472e-02 2.301240637183824336e-03
2.759466895218388050e-03 8.680342733853215753e-01 1.929347380486614747e-03 1.231072774238824033e-03
1.670037880287374762e-03 5.318488515798382110e+00 1.814878049808021226e-02 1.121279655773860543e-03
2.497608719826315340e-02 1.032398462118927274e+00 1.771250975454061747e-03 1.605388155114173153e-03
5.568174357676356802e-03 1.980828024848813484e+00 3.657331462320700596e-03 1.386584060885294803e-03
1.481197179130804877e-03 1.465244852617284543e-01 3.452656304799007776e-03 1.393596631717745156e-03
1.913504277231477604e-02 5.102610287960326341e-01 1.291234534540099512e-03 2.234970781552203783e-03
3.933035667511737554e-02 2.593071222672491682e-01 2.385977316829400452e-03 7.456828010158222768e-03
1.861653617330387769e-03 1.076849182483303607e-01 1.775284265013595941e-03 1.672759136769074806e-03
1.933313938864002560e-02 4.035900981829879663e-01 2.088905052959795158e-02 1.407552450238539268e-02
1.521812269855451170e-02 2.858369181634933032e+00 2.387822485105468764e-03 7.919085122523170832e-04
1.086962062145884703e-03 3.762789258679048454e-01 2.122239340944911956e-02 1.066410059178825743e-03
9.943764668448690225e-02 1.912540320383414594e-01 4.480149019344354527e-02 6.980571530388514356e-02
7.441895884801721060e-03 2.687156556761567394e+00 1.495933518776883069e-02 3.184661573317935316e-03
2.691984796108392013e-03 6.032930947603339922e-01 1.861420982830682552e-02 2.475961659653624306e-03
8.799915383440919808e-03 1.810953917378827382e+00 3.681375350601678170e-02 6.141382902172239609e-03
1.539944443747915531e-02 3.493011657775791923e-01 9.793874452230801053e-02 1.459770168971935567e-02
9.165629108807368808e-02 1.370244195345739380e+00 2.734913214949724093e-03 1.953393645376535516e-03
5.703131659792635283e-02 5.762717704182419576e-01 8.288884068635515856e-02 4.083871191776528714e-02
5.129074990771163162e-02 5.719327515221186431e+00 3.008800939177217609e-03 5.207349553282044751e-04
3.689194383727621013e-02 9.361452217996673042e+00 8.860486992459969124e-02 7.532382850066877793e-03
1.413130722591417546e-03 2.855904739654450353e+00 3.470656501897124470e-03 6.533726090206421226e-04
2.388655379642353263e-02 3.179134688251831431e+00 2.111820122359276720e-03 6.463017512977080239e-04
1.470546567476756434e-03 8.692040865403066752e-01 4.877760450252679840e-03 1.165206959813080805e-03
5.545099090355530731e-03 5.747733615569976529e-01 2.062361063571366889e-03 2.178477447690123098e-03
1.203401161422528592e-02 6.342483969003615663e+00 3.097603440154466162e-02 3.474003148119797491e-03
6.555849177618132406e-02 2.570043898852286901e+00 5.636859722797306523e-03 2.122290832423053865e-03
3.329736937768207512e-03 3.279030840593720186e-01 3.024439369420443488e-02 3.213720727094123396e-03
3.578633331497356462e-02 1.977006240381275481e-01 2.587716907767323871e-03 9.583752503503467288e-03
5.638051130912377987e-03 1.610343204153057151e-01 3.811604025827694704e-03 4.553429432630327726e-03
5.728011548064236569e-02 1.853154842072470554e-01 1.073105572977945364e-02 2.879591525024880957e-02
1.341530993583902112e-02 8.871147582344653948e-01 3.018584386980550406e-03 2.714248785655249893e-03
2.746560234474558580e-03 9.129796065144006434e+00 6.521695495633676731e-02 1.983800596678030308e-03
2.980746188274211589e-03 1.709324875239509600e+00 7.700871530897790418e-02 2.795771859145910945e-03
1.139739589639542127e-03 1.286822762854789581e-01 2.970139600217832580e-03 1.086108017713909892e-03
5.695292609825552965e-02 1.471970859909292884e-01 5.762539711711879564e-02 4.971973224814519449e-02
1.017754100479201576e-02 1.068605384856774060e-01 6.320766057649129799e-02 1.000538416929888132e-02
1.562284640546037287e-02 9.881578917347919599e+00 3.527214917510749365e-02 2.905614570416186013e-03
2.024504450390931035e-02 2.508941173514805723e+00 1.180039908448292547e-02 3.816651915141291637e-03
1.978441852329360356e-03 2.551650375259265857e+00 9.491135774277055168e-03 1.291499271442841934e-03
2.253295295498824319e-02 9.020686866006113469e-01 4.780896981229700721e-02 1.581086748030595401e-02
3.522160390591927426e-02 5.530549506008545002e+00 1.450694857975824009e-02 2.441250211405429464e-03
3.744160507567886181e-02 3.147106924588733090e+00 1.711880742813101652e-02 4.749524291841654769e-03
1.259618531085446476e-02 7.100999681890090010e-01 1.133305698162880622e-03 1.416504452781352195e-03
1.896994199404343148e-02 5.028404459090204170e+00 7.629724027726000890e-02 8.430250963961103891e-03
7.019777008694785825e-02 1.993322361930904008e-01 7.408899635803493922e-02 5.904613350566219332e-02
2.742921338492572414e-02 3.831329027753318961e+00 2.940094435335491915e-03 7.464977529496200168e-04
1.403003891423559163e-02 7.369778440455745372e-01 4.046774357414669419e-03 3.946477491246571517e-03
1.941494351639236338e-02 1.377022337333863256e+00 8.419452139536282714e-03 4.649882364012029000e-03
4.101434586409293676e-03 9.603305288061434464e-01 3.296619896718847378e-03 1.868723107894447151e-03
1.501529872141030763e-03 3.370847851647514881e-01 2.619284260036776682e-02 1.473064796336721015e-03
1.227879069437826445e-03 2.538461114231560956e+00 5.131067656244991081e-03 7.638624526555485954e-04
1.735305660935317074e-02 5.235663353133417353e+00 3.938941057744132883e-03 7.210675873112925216e-04
4.769015740665536428e-03 9.467986412278653674e+00 2.929793439649166359e-02 1.876703845867071447e-03
2.251378593158589580e-03 4.295180294735307491e+00 4.764856270605489011e-03 7.431621074245655647e-04
4.001217591923175027e-03 3.080681879565669856e+00 8.827012810136213722e-03 1.669643954721633300e-03
1.340284437619062435e-02 2.940951670592690359e+00 7.163313006917014503e-02 8.645525021362000101e-03
3.508732004076255909e-03 5.111836563839075032e-01 1.132691032077244239e-02 3.029079831888556364e-03
6.328356539005403937e-03 2.824409123219659978e-01 5.168285093706867506e-02 6.116814167252201603e-03
2.631135771645184973e-03 1.445907197644397124e+00 6.537127952777695150e-02 2.486434069111941470e-03
9.160033047449183188e-03 6.456276896547445965e-01 8.514154487434318075e-03 5.405410195987604867e-03
9.744348084888590500e-02 1.557197967495322355e-01 1.584082362850000592e-02 4.976945968992062957e-02
1.210180911957028753e-02 5.281189855618773521e+00 8.119475620164420815e-02 6.771592135473990422e-03
3.681580115817180421e-02 1.297069023358332074e-01 7.420497352777009892e-02 3.458986263249917009e-02
9.178764510501853657e-02 8.691852060087028597e-01 1.555888771844230953e-02 1.497926774282748799e-02
1.441799476709393693e-02 3.278882157898535876e+00 7.492730163780564161e-03 1.972517936960613717e-03
6.059572578837294117e-03 2.993682459632429071e-01 5.427962253997094776e-03 4.541715628492262562e-03
3.418316486506305096e-03 1.855949522124158146e-01 8.702585412915965490e-02 3.393577160499153516e-03
1.283846176374321777e-03 1.645139349296416698e-01 1.019272976457728276e-02 1.257782791299938375e-03
2.999783680808006461e-02 1.054307400381836901e+00 3.130231809723368896e-02 1.492154584941665640e-02
1.111166170087556689e-03 7.943194969466840227e-01 2.405710100327692474e-03 8.129180532523420282e-04
4.512315260829641295e-02 4.431519946225859208e-01 4.541938023393844726e-03 8.352091180958613401e-03
1.185484798501581886e-02 2.182603613645141216e+00 1.183783370128647667e-03 5.186436224341280576e-04
2.202162251014627356e-02 5.098640224221547834e-01 4.954879886615545098e-02 1.795330408579057235e-02
6.011508130020474377e-02 8.204238996098382586e+00 2.775743246265291800e-02 3.203035465370641238e-03
4.801223422785380786e-03 6.717797843707862260e-01 2.293762417455682840e-03 1.995399877534372122e-03
2.848209540585169147e-02 1.180387963463249701e+00 1.049189768046165797e-03 8.619523558207346694e-04
2.347689961188342053e-03 1.258000240735542286e-01 1.515466392918974952e-03 1.964785591975752848e-03
4.544383078586480829e-02 1.452119313354396812e+00 8.755232516512074376e-03 5.323042200945586611e-03
2.354526130607899337e-02 1.424528127697473057e+00 1.457163478799214070e-03 9.803201721301068455e-04
2.055241253969522508e-02 8.777814500141978282e-01 1.673062933129492585e-02 9.889081568867724714e-03
1.075202278082381703e-02 1.084005932062460514e-01 1.018622722275830915e-02 9.648073597131373927e-03
9.919239357621467690e-02 8.862565933492799530e+00 2.213494739955888108e-03 2.491304852750029835e-04
7.479557760318958359e-03 7.340854729996307837e-01 1.104589269869989858e-03 1.252700330994855693e-03
1.081526781902494676e-02 3.327811063777922351e-01 1.047767206604885946e-02 8.050048250941395020e-03
2.032807616779206544e-02 1.211854255853317824e-01 2.052638826131084060e-02 1.814983118586310090e-02
8.964538921447630371e-02 1.227887066032961050e+00 1.936982059244971716e-02 1.341438737860260223e-02
5.988067835754483544e-03 2.403155403159210890e-01 1.425376825900688364e-02 5.438963333159998505e-03
5.539448727246072679e-02 4.628138771502262827e+00 1.388370840761751117e-03 2.983689097621545269e-04
1.718956945125502166e-03 2.565073578363564755e-01 2.356933188064646439e-02 1.687389966451705416e-03
3.140350536095290641e-03 2.502931189178103644e-01 9.058556579712216672e-02 3.113336214825824632e-03
9.245598554117780143e-02 2.172513356311411847e+00 1.449333896396567088e-02 6.222259423587564280e-03
7.639066796683967320e-02 9.753702424327737930e+00 5.895625872721176747e-02 5.601291730426402951e-03
3.151501938782258656e-03 7.995229597136947142e+00 3.338236170293531341e-02 1.795933032678229254e-03
9.497306907765085821e-03 4.690435647259444951e-01 3.297716752119246586e-02 8.367060321594786340e-03
2.842567340578267248e-03 1.798552884635083726e-01 8.240195025948898050e-03 2.676507380555629822e-03
5.890123339551595061e-02 5.265058709210745924e-01 2.739832955281552851e-03 4.781378267544375733e-03
1.363862172763472512e-02 3.778589428733300615e+00 1.461045498075177682e-03 3.760042844907259397e-04
1.541536993884170398e-02 9.787847107568220295e+00 5.813206745506258738e-02 4.287375633414527813e-03
8.734402277949704363e-02 8.107394343517722035e+00 8.298767907557531159e-03 1.011747909611988719e-03
3.335864444061935677e-03 3.576922460046245700e-01 6.390001899322633912e-03 2.810968810869529134e-03
8.262062827560633441e-03 1.894597070476095046e-01 2.128331514103692142e-03 4.760701035480935893e-03
2.353776732733326577e-02 1.879478010340243921e-01 2.273103968764113043e-03 7.989247040692289484e-03
4.065998438726848435e-02 2.489210652123991618e+00 1.507541548706365113e-03 5.967418931934629018e-04
1.013433752960875983e-02 1.058840997995916522e-01 2.804261607797526798e-02 9.760834162587975552e-03
7.504126401935358980e-03 1.730839133268756935e+00 1.999142521056346614e-02 4.548781525373644767e-03
1.090742031211114002e-03 7.922688460646538644e-01 1.945772133505554655e-02 1.044359681573017338e-03
9.708956592616488357e-02 3.595645264874426372e-01 6.133661547058794419e-03 1.450930642990811044e-02
5.170436118210598904e-03 4.325686586533175615e-01 5.551759069806716691e-03 3.685645593124150902e-03
3.762285263778866046e-02 2.118518033788548693e-01 8.797436124062489593e-02 3.449739203627652517e-02
1.490110676965439827e-02 4.057189689436563995e+00 1.035333172393358876e-02 2.178734835589320271e-03
1.316774643784140303e-02 1.288121099022896177e+00 1.909820920639272029e-02 6.973969608907371574e-03
3.666572943859038123e-03 3.199660622631860796e-01 5.205549366796388688e-02 3.585760369919554526e-03
1.935173728704207537e-03 1.385715036792854793e+00 2.307986390018600033e-03 8.951353628557783297e-04
5.095623332540819179e-03 1.916220417888006289e-01 1.025638014589021771e-03 2.610428406069598660e-03
1.122558356927600819e-03 2.325283598065043922e+00 2.335934764949966838e-02 1.009727396402261253e-03
2.836232516469153198e-02 1.228681256362872842e+00 5.548318812663571853e-02 1.742064698619351371e-02
1.396221047866972329e-03 2.375449987355131576e+00 4.782109486419546668e-03 8.244323384381301110e-04
2.359938234605469826e-03 1.018286937717739482e-01 4.055451327547122953e-03 2.227920778530414168e-03
9.916886599998979424e-02 6.831419366079846123e-01 3.895433155636882517e-03 5.392179560103845665e-03
4.560311287129658643e-03 2.240531351218174594e-01 2.600078336327568684e-03 3.273805051379296508e-03
1.111644449066096461e-02 1.188454402245221891e-01 1.995180044716042544e-02 1.042606666696812949e-02
1.523838200451099918e-02 5.257576425092631567e-01 9.816443279632424204e-03 8.390483828198007366e-03
1.165437632389967545e-02 1.287077357639867081e+00 5.131469107351664498e-03 2.970663619320084055e-03
7.705914182237084270e-03 2.814873519351464570e-01 6.357502187284677642e-02 7.451670495240125466e-03
9.205112371203841640e-03 3.231756404399026117e+00 1.765827466530362280e-03 5.157827655041995283e-04
1.162591276190372627e-02 2.233233821308849565e-01 8.138973216021361257e-03 8.814182400601593831e-03
3.700436705756162542e-02 1.130384253462144883e+00 7.791273452967140134e-02 2.407771805222691172e-02
1.218367333275660255e-03 2.292794683618817886e-01 1.351897876598613700e-03 1.009724918501218047e-03
1.250551552891386933e-02 1.945533266800335115e+00 7.597223001037382850e-02 9.472101294404958877e-03
3.949207072786679873e-02 1.068106751679213762e+00 1.975593739579792341e-02 1.259657799167468797e-02
2.966594801882774940e-02 5.381565156962400565e+00 3.619970284203717636e-02 5.483300190237918280e-03
4.593861964233481032e-02 4.845623016712293230e-01 7.005075606142463496e-02 3.486084264052822373e-02
1.023503039966066740e-03 1.077095232222207821e+00 5.200778021492943187e-02 1.002258148415361176e-03
1.478905489893922107e-02 3.628747622119695149e-01 1.047770315028436448e-03 2.415762245618212952e-03
9.394707489613564333e-02 1.335355063505484496e-01 8.491388300026065511e-03 3.792147369657117989e-02
2.485894179666091330e-02 1.158061894519198942e+00 9.623682985571251070e-03 6.228140844979470139e-03
1.885072535942855163e-02 8.074084108072149490e+00 7.182442428826891351e-03 8.494803947458573175e-04
6.182962416724727822e-02 1.114906239877155869e-01 3.023976040114146648e-03 1.885285588925626754e-02
2.299915276779748458e-03 3.385592946778214429e+00 1.088176027947016129e-02 1.340618953460294676e-03
8.797475844289591451e-02 3.101631057724722584e+00 2.446447343208319001e-03 7.817525428337657092e-04
2.163136836415084641e-02 2.208646637485392361e+00 9.803786687704785577e-03 3.683048391268009276e-03
1.149034878154303347e-03 7.844443215312685291e-01 3.467994199307810558e-03 9.120001920147496367e-04
1.263292191875648026e-03 1.307385838805060763e+00 4.233628721351357510e-02 1.215859453767724040e-03
5.738249056233347793e-03 1.626248745239220750e-01 1.628281519837094030e-02 5.427210964923738154e-03
6.840477295723418338e-02 7.187065208197732646e-01 4.253534905234272745e-03 5.447046079963057535e-03
1.123379489925417597e-03 2.890497272822067920e+00 1.773796133126032820e-02 9.495534735411996410e-04
5.452462777925688210e-03 2.498730787706382905e+00 5.172183839814108175e-02 4.315659335742417710e-03
9.228978658280928560e-02 6.416328814432383787e-01 6.530548828061833247e-03 9.167043534720985959e-03
1.010401458793925081e-02 1.312178346746846413e+00 9.758787375878080761e-02 8.895476866609106775e-03
3.772683905585693873e-03 1.524966576923868777e-01 8.855886686596733948e-02 3.748332902888958963e-03
4.571945531197575685e-02 2.170040538849065559e+00 5.710141575507310385e-02 1.670123910260805714e-02
7.277458808285791614e-02 2.554709368450746032e-01 1.721499419447632476e-02 3.498817508190423670e-02
1.041228727142662217e-03 1.115321009094659421e-01 6.009881719882981255e-03 1.021490219568075859e-03
1.913182197838422327e-03 1.127474268951501324e-01 1.896769646201469997e-02 1.891669560553200114e-03
1.522445578538014765e-02 1.955624825770682529e+00 1.602863098282588522e-02 5.327877061727285569e-03
6.845943832046247172e-03 1.554067854717881836e-01 1.232165246674671484e-02 6.301817001552988996e-03
5.281451659172008151e-02 8.621953425360885603e+00 3.842568168469396184e-03 4.419432577508124811e-04
1.945942994840843196e-02 4.875922236441490587e-01 4.805801711501613005e-03 6.542445364875062487e-03
5.828444443265736602e-02 2.221515103708192385e+00 6.409191296257389647e-02 1.929807817264338546e-02
1.136123531891378331e-03 6.150764297344777365e-01 4.834958480082900134e-02 1.119936938396939993e-03
3.610682634012438944e-03 8.050961157926016298e+00 1.988239079404850902e-03 2.311471623908887012e-04
1.009601080903202485e-03 8.995889172031148462e-01 3.268727251285638048e-03 7.900760225062669400e-04
1.586709290717996934e-03 1.022673372540751302e+00 7.774453729945351305e-03 1.312718463531124336e-03
3.411309931831288389e-02 3.911210764569921228e+00 2.086005090838933054e-02 4.612292665972992506e-03
9.560706611732437687e-03 2.586200458063062091e-01 1.254698657019287858e-02 7.986780043262814086e-03
2.147895224042338860e-03 1.941612422713128727e-01 8.704449250002948418e-03 2.049692604877558725e-03
5.643919827309575726e-03 1.432590608164688029e-01 2.345801071495872813e-03 4.197232239541581408e-03
7.581054115675838964e-03 7.565697368649538568e+00 3.244564319530576779e-02 2.739062164952438001e-03
9.061128466181445767e-03 1.369214308706550698e+00 6.066810246561320230e-02 7.522730171554600428e-03
9.519099483263007699e-02 2.420153000006453059e+00 3.957150454170782136e-03 1.607471444780799504e-03
6.920308088836432149e-03 1.353989671844502973e-01 1.685013070217169931e-03 4.447269272702984548e-03
7.344181054753748383e-03 1.752635457429895238e-01 2.361463038589135463e-02 6.964562313691248854e-03
2.424588104738278557e-02 3.485691357039579330e+00 3.519942608538228351e-02 7.129054474259021064e-03
2.785388956116608208e-02 1.307859731116972068e-01 6.476214159941998116e-02 2.637053569544154860e-02
1.411367870640300917e-03 1.155701209192607909e-01 2.730347911867540833e-03 1.331805345558021358e-03
2.781525241117119643e-02 4.205956409799383455e-01 5.462026055855122991e-02 2.290853243733572200e-02
1.674683968322056293e-02 2.819975388964338414e+00 3.019192606464340956e-03 1.006310419501917856e-03
1.380136995239806272e-03 4.767586613641139892e-01 5.089161286983929708e-03 1.222124953114351979e-03
2.376179165578219937e-03 6.556870553584950301e-01 1.485771458056099961e-02 2.150654320494176444e-03
3.191279906596294208e-02 1.198905976841490306e-01 1.124798122330183774e-02 2.381278697442619843e-02
3.138394311538656931e-03 5.476325216167470700e+00 3.388290867888071271e-03 5.168267667915373443e-04
9.563651796863231747e-02 1.433242530508993973e+00 3.482652203063901081e-02 1.937608139455797990e-02
1.234896388707854530e-02 2.114573600396482345e+00 1.729388563200700592e-03 7.670432305687018481e-04
1.673645976435500244e-03 1.909329388762004698e-01 3.493274611181787503e-02 1.658474753423037993e-03
2.985092070393860833e-03 2.630456041686019208e+00 3.203334912782671885e-03 8.649323588914324202e-04
1.898265832112328586e-03 4.033701551547234088e-01 5.596007280375183204e-03 1.669788097948930175e-03
1.266875782645915556e-02 8.533924954021101072e+00 3.456057851393521535e-02 3.068794053697540460e-03
1.755959342594896541e-02 1.218984377348572901e+00 1.441360742893354292e-03 1.107828632433669391e-03
2.550505083936169433e-03 1.086484075213398764e-01 1.071242237006455721e-03 2.026334150297388111e-03
1.819932667021181578e-03 1.675362980959198556e-01 1.449281224010640946e-02 1.782433222212443259e-03
9.899720792863437105e-03 9.353515352758690060e-01 1.664193140735830551e-02 6.360616853599893386e-03
3.195534321519984122e-02 7.335564052472191010e-01 3.579290305772255681e-02 1.930944174087112497e-02
9.060425589807826266e-03 1.774683587769464221e+00 8.423768793618530148e-03 3.114820230626933265e-03
2.070368192436932223e-02 3.342039303571203157e-01 3.128907357146991364e-02 1.695439460937753565e-02
3.745624772974234015e-03 4.064338572297347518e+00 6.077422838029156171e-02 2.995319708167506166e-03
3.320858856731629533e-02 2.742859893019748529e+00 3.066837540293701481e-02 8.364785474578589550e-03
2.781723298622279170e-02 9.675938766458708429e+00 5.360026057659682090e-03 5.431380265164410370e-04
1.745270342742955916e-03 7.125098174272729290e-01 3.100159688202494199e-02 1.677964574695852426e-03
5.969447964290101882e-03 3.306683684673303869e+00 3.229269937096028269e-03 8.392837144412162781e-04
1.127605951577663988e-02 4.426638652558344766e+00 1.182873659877677931e-02 2.160242590997132461e-03
3.529709621777171041e-02 2.456711193269450477e-01 2.773638978568408742e-02 2.689017791355468451e-02
2.190059640252053474e-03 8.686977963424281413e+00 3.035178545015032592e-02 1.346224140396505651e-03
1.344186237682427378e-02 7.698977280199818196e+00 2.508079061093517696e-03 3.180595475336015052e-04
8.102916079153997531e-02 9.125071874741504274e+00 3.996616560008512536e-02 4.155219735664065182e-03
6.986845245257891635e-02 4.305282577570915592e+00 1.481257654329171721e-03 3.423699044422695873e-04
2.705898952300550900e-03 2.519257995745950218e+00 4.472177514725467901e-03 1.071948165580294352e-03
3.660941429185234075e-02 1.061426962905921867e+00 9.583495770419047169e-03 7.242645426654259477e-03
5.810256103262729371e-02 2.316464461100949723e+00 2.516112264883216959e-03 1.066253571636422304e-03
1.212171382915618913e-02 3.013826603794517722e-01 6.790998712824380598e-03 7.881691949242328535e-03
1.786822658574587289e-02 9.652484995741370533e-01 4.562148993111218853e-02 1.296629684976186719e-02
5.277981646948051719e-03 5.017414694048929480e-01 3.248515857012525612e-03 2.907662341271826430e-03
7.259357764548502769e-03 3.965285381104208806e-01 7.106629668566286084e-02 6.976763735924569956e-03
1.129028729061789475e-03 6.149607059092159211e+00 5.724603160752972549e-03 5.102148354040940371e-04
1.891611996208785893e-03 2.128321241944780562e-01 1.742749568268138309e-03 1.536631835392117569e-03
7.317698561719888917e-02 2.016840867875320520e-01 1.417334301618342627e-03 6.411749390231659927e-03
4.888215645618772427e-03 7.314133065030000935e+00 5.837868855046160141e-03 6.861294728840983646e-04
1.499606107267930505e-02 3.065985643747187961e+00 7.423250992058372244e-02 9.260404580902244567e-03
2.150169908070122954e-02 6.372433829935278737e+00 6.017217568797646188e-02 6.561194013083275142e-03
3.602911447484695006e-03 5.765835838534635327e-01 3.024239969980260789e-03 2.135805829823987471e-03
6.157740154758466200e-02 5.808978636858817879e+00 1.841481544270766324e-03 3.153824619406609721e-04
6.803804561927150746e-03 8.926264670790815536e-01 8.854387366340142618e-02 6.367083989140975668e-03
1.332255023742932865e-02 2.907929490200130029e+00 2.895033807096518072e-02 5.697806175919808806e-03
1.520089505849772519e-03 3.396053883012497998e+00 7.458146573601697957e-03 8.983077580856623770e-04
5.547736642317738220e-03 5.324293720256531026e-01 6.961363654154485714e-03 3.895033860185622386e-03
5.817070842142921944e-03 1.908761705823212251e+00 1.657399874149243814e-03 7.555334318924751980e-04
1.419482423897619298e-02 6.015689425193151418e-01 2.321654683547885213e-03 3.034345464039539357e-03
3.517516634281399150e-03 1.191885861895797399e-01 3.221715097646640769e-02 3.472330544957788999e-03
2.125821128738332889e-03 9.153981623722358130e-01 3.980645884197770226e-03 1.427819409705377574e-03
1.493332304005497851e-02 1.473500578548718742e-01 1.366630978762984694e-03 5.721338886452070893e-03
1.060446566979563604e-03 8.947667647390485257e+00 1.579421991611814485e-03 1.513282333468812856e-04
9.643381461414137282e-03 7.907693960984601311e+00 2.449092736654257928e-03 3.000728644451380531e-04
3.800191393700377059e-03 1.759432600023550508e+00 1.936110150991747145e-02 2.824705124746809508e-03
5.394854981753248457e-02 4.406780918004197800e-01 8.626661184521048492e-03 1.436380148394846012e-02
1.685648062659485594e-02 2.931154619881649603e-01 3.514921436131200443e-03 7.006917048687599618e-03
1.557646723220473296e-03 6.108872876188608636e+00 2.465725750468801547e-02 1.123916756441097889e-03
2.603966170536536374e-03 2.909694946838881635e-01 1.270579430431449577e-03 1.631228439389562903e-03
2.635102651748827494e-03 1.844160456573218143e+00 9.542622019165745983e-02 2.507413365862235909e-03
5.248394057103868485e-03 4.787096247120246617e-01 3.921559128619039707e-03 3.198917754537481447e-03
1.856018027297062474e-03 1.179635891455645069e+00 5.224537789037573404e-02 1.781367015278335084e-03
4.764294951069637102e-02 3.809538382228637055e+00 1.116790812956756484e-03 2.913636489693283583e-04
1.090741510036242297e-03 1.554589603455333702e+00 3.390620512925143770e-02 1.038791367093981795e-03
3.948466212910637339e-03 3.406567179650310528e+00 3.982438586802710193e-03 9.019896346404512617e-04
1.759527696204381611e-02 2.181002887518409261e-01 7.001597144836934142e-03 1.136576613809776870e-02
1.403066629241010201e-02 1.060413944943420672e+00 2.326999118377739637e-03 1.897631708368481378e-03
3.414916383315431264e-02 3.479353708518246435e+00 2.659102678455055324e-02 6.244918017442825306e-03
3.348554918078079385e-03 4.623043616869538575e+00 9.413840279951575518e-03 1.266261377573067292e-03
8.150539004587188663e-02 4.934958835523589826e+00 1.686250372887154996e-03 3.402684149438579895e-04
4.861768864682569288e-03 3.394434224703019032e-01 1.466253625995441422e-02 4.369925680468003323e-03
4.082559486532727662e-03 3.103522821612143101e+00 1.535429699630505226e-02 2.236777709234524097e-03
5.198876231285068199e-03 6.533452785856173062e-01 2.628220325240457952e-03 2.267893905014249731e-03
1.408557583046653010e-02 4.920337506753144297e+00 2.796141326131219504e-03 5.462442068045436335e-04
1.324925064148219957e-03 1.004658836478939721e+00 5.262251928546216040e-02 1.292237641697532467e-03
4.319356947628914117e-02 3.160760940847868739e+00 4.744486562041692716e-03 1.450645653541748469e-03
1.533304923599186631e-02 2.392955580424700468e-01 1.592761326638650636e-03 4.641275097701074055e-03
2.529290353678720002e-03 1.307073689990337351e-01 6.222312874231746699e-03 2.401686655616709458e-03
2.662226859214216444e-03 3.724207471016239279e-01 6.806823695562142645e-03 2.323753506147550538e-03
9.916759913460089504e-02 4.024475540699632425e+00 6.045059120500366479e-02 1.304485668513033145e-02
1.538906464608714823e-03 1.730293699301249655e-01 2.361152654744155203e-03 1.382946423946182979e-03
3.082976441739255277e-03 2.347728668497533755e-01 1.305176851647191910e-03 1.983182328666336335e-03
1.855016863176613649e-03 1.410249014171945481e+00 5.269448023253978791e-02 1.767279653337029298e-03
4.128383900610636120e-02 3.842155881145957741e-01 1.355888110734766163e-03 3.251072904885438097e-03
1.036603797688893979e-03 3.415376973364199764e-01 2.455345917679196271e-02 1.021869341043246063e-03
3.290383581561966142e-02 8.961770864885368892e-01 1.128117488771661694e-02 9.104844264145298474e-03
1.844191544498666440e-03 7.561273729800415566e+00 4.451595687614781985e-03 4.462698686811153274e-04
2.110841808806021569e-02 3.964197771567934958e-01 1.059151577674882251e-02 1.179210325593716899e-02
3.348286810147876880e-02 4.840875141162749307e-01 1.372225470003194357e-02 1.535070947849574187e-02
1.504533907002878791e-03 2.315648028550689186e-01 6.852636609446990934e-02 1.496923350942964840e-03
2.768566536544908585e-02 8.522658752619497458e-01 4.760762194253356089e-02 1.851109570333691126e-02
2.076636637293882790e-03 4.874800340742148741e+00 3.041054966433020482e-03 4.797211432438617152e-04
1.805945042404730194e-02 2.743286016450200204e+00 9.934856357013498174e-02 1.205031097842968954e-02
4.565817160120637895e-03 4.987062790205739837e+00 2.232902072320492454e-02 2.260585401290896197e-03
7.324505340465430059e-02 1.954022438784061233e+00 4.572226618716200217e-03 2.267467774127232810e-03
1.391706148857994006e-02 9.461348525410091526e-01 5.574627379084352852e-02 1.125791279079132491e-02
3.637153357993542536e-03 4.661530159686694819e-01 3.161450380821123445e-03 2.367483703602097245e-03
2.268316625308903871e-03 1.283307480086689767e-01 7.723400592293974340e-03 2.185929017002254289e-03
2.207567104713563464e-03 5.396091935153923824e-01 5.432153821879349975e-02 2.160195910372775599e-03
5.993447027117579373e-02 5.011174459804882408e-01 7.660562554719604900e-02 4.305443290241071225e-02
8.997223182626928883e-02 1.743086094007038622e-01 4.790776000856495492e-03 2.105318459748986223e-02
9.580250510107200801e-02 8.052584467502082788e+00 6.488845002237485227e-02 7.432897950803670981e-03
7.142910954864208073e-02 3.418705181897173873e+00 6.226194628521932416e-03 1.775933622347101743e-03
4.280841194419855028e-02 3.671063752008088543e-01 4.620520797509099047e-03 9.726567427344352812e-03
1.532627289125380703e-02 4.601097377865253080e-01 9.736392541294261460e-02 1.429120518596760543e-02
2.563909759664877511e-02 5.839959228438885708e-01 3.620264412572243851e-02 1.813754984173386597e-02
1.395344868776389989e-03 3.796506912471362849e+00 2.919119712028264008e-03 4.957282146389191272e-04
8.951452722726864833e-03 5.932305949680275248e+00 1.782179324882686433e-02 2.249304942208548742e-03
4.307610537196476103e-02 1.072948047666284765e-01 3.900712753579871003e-03 1.971562661987241033e-02
8.001928438604061222e-03 2.537654117930965847e-01 2.593924705966972263e-02 7.420988190977353613e-03
3.254807385703356593e-03 3.959662182229584992e+00 7.566014588052304146e-03 1.203968787837709272e-03
1.154373103553893096e-03 3.922275042443351678e-01 4.137744778953506355e-03 1.040513831679422017e-03
6.788380537157585881e-03 1.905896577317012230e-01 1.768587237177244448e-02 6.325634093613186765e-03
6.866766540523766560e-02 7.723951198108831129e+00 6.693758159105286411e-03 8.558226191755756180e-04
1.112519355546848741e-02 2.880408801926445328e+00 6.846119259065583385e-02 7.578072553966858430e-03
5.183327929827521129e-03 1.020630497879491561e+00 1.500305716065112628e-02 3.832086926253399240e-03
1.631580715409086668e-02 9.712164559984989287e-01 1.018903312499688059e-03 9.857187926171164828e-04
1.594119809684035535e-02 6.231520750429754507e+00 8.574202896358197254e-03 1.266614723502214627e-03
5.284432085789806180e-03 3.410008910575026420e+00 1.658061536931560581e-03 4.452639380923491307e-04
6.071537861240116490e-02 1.229431179411596547e-01 9.351779663053203656e-03 3.376463598547828349e-02
6.806120317275237037e-03 8.409637994377604286e+00 1.077562159626090608e-02 1.078331737757380225e-03
1.138797853051787398e-03 9.762912388826203713e-01 7.653524805875924243e-03 9.943521129245997889e-04
8.340580074124972002e-03 3.720970474763316549e-01 7.850805521405346266e-02 8.023406457314131296e-03
9.407335511616037038e-02 2.925227324410207830e-01 7.045997375079300976e-03 1.917686770783371547e-02
5.692687734549765899e-02 1.805765087565311955e+00 6.456787322431561948e-02 2.196193755493877284e-02
3.569355102534889357e-02 2.524520234230517857e-01 1.159611335619139053e-02 2.008569957440454676e-02
2.597673525247616577e-02 6.317353184791920651e-01 5.333456192372585183e-03 6.371714552735241802e-03
1.486570956390872132e-02 4.289192831763062763e+00 2.527083549661671060e-03 5.667139692188136527e-04
2.920590682696488916e-02 1.929203154492536709e-01 4.405543008595062641e-03 1.281558222186700118e-02
8.520164620883542705e-02 3.499027151141155478e+00 1.106911446712501544e-03 3.151781080667802933e-04
2.770244746777087222e-02 2.012009504470590571e+00 1.169454234247738937e-03 5.692923660184185872e-04
1.921093976189364866e-02 1.076355649825402883e-01 3.080327047635397688e-03 1.149470528284193653e-02
3.524949447874269753e-02 7.873692459792872356e+00 2.037151490574658913e-02 2.410369182744634409e-03
4.504788789344948974e-02 2.208691674797653437e-01 1.067505214213882152e-03 4.364891107179694890e-03
1.454977062863458889e-02 3.211324834783446658e+00 6.892449722358603634e-03 1.870386582516817041e-03
8.696062827713279056e-03 5.339416041828836113e-01 5.382958221291565121e-02 8.005528270826501452e-03
8.088498098712809670e-02 2.947172976109448395e-01 1.377456723538944550e-02 2.962173755237415551e-02
3.521459958624412190e-02 9.861555164090300973e-01 5.992959607796637805e-02 2.229527808370037126e-02
2.086349826077036132e-03 8.340809548446136645e+00 9.549094029964229347e-02 1.764749655353314069e-03
7.134728416821967470e-03 3.408636165852299560e-01 2.720359189201429842e-02 6.549234504035885210e-03
8.546571224339431783e-02 1.707532852556193637e-01 3.516570153001313120e-03 1.659548094018441222e-02
4.388260173185365084e-03 2.783332363359111161e-01 7.217289601608359306e-02 4.315232493020785230e-03
1.320859136045746465e-02 8.606871242301265212e+00 9.629080367714497324e-02 6.057212330093562046e-03
2.324654773917182293e-03 2.122300154403199413e-01 2.493219787374876401e-02 2.279546810245842124e-03
7.590684565126975918e-03 1.122727929654065315e+00 2.009316292458294961e-02 5.330020449764713737e-03
3.993372068622979415e-02 1.047356411537666426e-01 4.332211646226418605e-03 2.031797028084223605e-02
3.390829956858878308e-03 4.504076989825263055e+00 3.797526505237906747e-02 2.418270947278117200e-03
3.924824822057591117e-02 3.578350395522342353e+00 8.479120816370773472e-02 1.477525046121670911e-02
1.471427877102271346e-02 2.123169276716474929e+00 1.246126633412758186e-02 4.195639317115753934e-03
1.596051379428661821e-02 8.399490366750088199e+00 4.751397379275676403e-02 4.176516373708758292e-03
1.393856575128516601e-03 1.000924342412575996e+00 6.387727599550679924e-02 1.364064023098961447e-03
2.887000731655767465e-03 4.678142516250527461e-01 2.260996489062893841e-02 2.724269637592263791e-03
2.999529092419485343e-02 3.961007369877254103e+00 6.010044926025048806e-02 1.007607249466575816e-02
1.857785927256522902e-03 1.747669022941875649e-01 4.658645408146202399e-02 1.844927892404656577e-03
2.941322508006495064e-03 1.276530956902027114e+00 3.367564503292811481e-03 1.390724570295273762e-03
8.107827882512378889e-03 1.266707491783720885e+00 3.225000760054585330e-02 6.149481405218913156e-03
2.621273453463646846e-02 1.632644518392899757e-01 1.436741433038734054e-03 6.588282253590488878e-03
3.806522666444702926e-03 2.224539989490416758e+00 1.156818133843576409e-03 4.575217241083974419e-04
2.430748422873845599e-02 4.234076041549972302e-01 1.734707399586742863e-03 3.506068926819801233e-03
6.261664388437171436e-02 8.815210402939200662e+00 1.892676782889966824e-02 2.075878323495744700e-03
5.734836543063496356e-02 1.752501595936197143e+00 3.616759880368652924e-02 1.517627890713187620e-02
9.433615718019074114e-03 4.957328989854016932e+00 3.366996465665974408e-02 3.948872109199315361e-03
3.700577669693779197e-03 1.973005716123792164e+00 4.075784101916345853e-03 1.325718201675400373e-03
1.862466385367339506e-03 1.838360560918121278e+00 1.753067430193812684e-02 1.558147395083677323e-03
4.355555484633501402e-03 4.804193720827702463e-01 9.021287294457178488e-03 3.535495168707556649e-03
2.115844159842623484e-03 1.492853078298994163e+00 6.342532091411119677e-02 2.015471654079178422e-03
3.508959006151114637e-03 4.779196086241773722e-01 5.523098030409748227e-03 2.691674980841299476e-03
2.135460126725299834e-02 3.468115357679854016e-01 4.683708848560762424e-03 8.273032349470603106e-03
1.852788252745884512e-03 1.194342572621624576e+00 1.718245589699142787e-03 8.098337789211527667e-04
6.834753232759657737e-03 3.713756038301334605e-01 1.341938748737559438e-02 5.747601492271983345e-03
1.689220365061866761e-03 2.184977733263777921e-01 2.116792188092527990e-02 1.660271325008771471e-03
1.006141380719115588e-02 7.916125921031137658e+00 1.212815336768281998e-03 1.509102357809069279e-04
4.225448034338791063e-03 1.592650526889360263e+00 5.142569425653041072e-03 1.830292808658170230e-03
2.261469762124430211e-02 1.124409280419142176e-01 2.100958902516690194e-02 2.017311906829763815e-02
6.052633777447655877e-02 4.034970374033394203e-01 3.654152216004893147e-03 7.877535711937092358e-03
4.704560310836669763e-03 3.553348451374152894e+00 2.384567216919426108e-02 2.765684729834987608e-03
9.912917374335845563e-03 6.012860878443839763e-01 1.461299490522116780e-02 7.040972699718666197e-03
9.718888120638195793e-03 2.070207847204091345e-01 1.672433605651127420e-03 4.411571651339575573e-03
4.257347539807962954e-03 9.109279603620649146e-01 2.463132440105490761e-02 3.678221317241801153e-03
3.464284945262877721e-03 3.754405528368466860e-01 1.780396968138283145e-03 2.001863781568388127e-03
1.930699806035817215e-03 1.313725907641075386e-01 8.704424590129719932e-03 1.876033461925317265e-03
2.015834708857769386e-02 8.948850091590150768e+00 1.956353711079402216e-02 1.972261338104829616e-03
8.155873838378170648e-02 2.114941050186515126e-01 3.687520803420697279e-03 1.436469716343842171e-02
8.243042641282895266e-02 5.735292660444997193e-01 2.786640952927603096e-03 4.588307681787489115e-03
2.100480408578814934e-02 1.351217305559949400e-01 2.233437569152438729e-03 9.250043455573765672e-03
6.338664104891650851e-03 4.825076191489641175e-01 1.031249908622975612e-03 1.598342413832527266e-03
1.813393999104528226e-03 7.610660012864960855e+00 8.773069101178757045e-02 1.566901042049896435e-03
2.656158113255220783e-03 1.025910133045809941e-01 3.709894221025773764e-02 2.636790445223329525e-03
1.781662242119953082e-02 1.347994219804657945e-01 8.725104545111437779e-03 1.397097487604442162e-02
2.330444780512723121e-03 2.952480341090796823e-01 5.040891163978231809e-02 2.299063584386239981e-03
1.907573388107286494e-02 8.252124714001323191e-01 2.929095997156185710e-02 1.240763090088178693e-02
6.954704803964928406e-02 3.704162396615617414e+00 5.766607994161297712e-02 1.272047135954433063e-02
3.704343408229168744e-02 4.154877572005881703e-01 3.689912611000718129e-02 2.614007667158244411e-02
2.881597681275351736e-03 2.590197508364769252e+00 2.765996134831931810e-02 2.269251193821840429e-03
2.447533430673871132e-03 5.083575616711300427e+00 5.841090556185972449e-02 2.017732321388473506e-03
1.108260541029253967e-03 4.644585066989801447e+00 8.464399563155417319e-03 6.891633142735042626e-04
4.526457981741748710e-02 1.570646843004752657e-01 1.269941555177981317e-02 2.901898727225912106e-02
1.239942835182685117e-03 5.010871138725077500e+00 1.188884783531508850e-03 1.991534079564925169e-04
1.702589514485542939e-03 5.239767198117054825e+00 3.346834744168985468e-03 4.644833949425563788e-04
2.211647717665077631e-02 1.129373851900471015e+00 3.267102223572525537e-03 2.558226802424882866e-03
2.800512600496369089e-02 3.376017423332168477e+00 2.788614030825155819e-03 8.023420435350702394e-04
1.454335994577861044e-02 4.591907703532427387e-01 9.967347783086296861e-03 8.708570705339669163e-03
1.147598828746223230e-02 1.078050888900117660e-01 3.676805015531333168e-03 8.586729012138463388e-03
2.125004252342301003e-02 7.686756094023329489e+00 7.705289555975997073e-02 6.811144654280162046e-03
2.429663924305337785e-02 1.765228866396039431e-01 2.659425288831634981e-02 2.092243304663667092e-02
1.944377965693622548e-02 1.690970537022197462e+00 6.499483745798785052e-03 3.209239458525798942e-03
8.174746398229294775e-02 6.210729397607213098e-01 1.344790961796085531e-02 1.711848044756482737e-02
4.663945975160701390e-03 4.557283184364001594e-01 1.071430828128577123e-02 3.891879382232410652e-03
1.480451303209159505e-02 1.052351206201503908e-01 3.687034888619423328e-03 1.040702845707611006e-02
1.538014001918641335e-02 9.916339461551938683e+00 4.639768196989694365e-03 4.540773810621288962e-04
8.126951926333686460e-02 6.014274451163286184e-01 4.169110227177002387e-02 3.741039994805928082e-02
5.336894657851769599e-03 4.747572074717140822e+00 1.410873081721658942e-02 1.908856829335611261e-03
4.317389491969653159e-02 1.820420934403873980e+00 3.457101962693300262e-03 1.819053600024122131e-03
1.245039615223319032e-02 1.874687430086006801e+00 3.955111341665645298e-03 1.804045342863607078e-03
4.490728801030521682e-03 1.943754298066407760e+00 6.736033479333035368e-02 3.975557147358702720e-03
1.646115883314666975e-02 9.841439561462960173e-01 1.585850092069382433e-02 8.142866128265750791e-03
5.243109304377399291e-03 1.023001904523932193e-01 1.670321866612185660e-03 3.968689949362919078e-03
6.994104821290167071e-03 2.370024350259042345e-01 1.344218298557394191e-03 3.131948873996160017e-03
1.841213422571419747e-02 2.257108637679531016e-01 1.363384890716069515e-03 4.548269529484622563e-03
2.888589721723768856e-03 3.058999475243736610e-01 2.600833111060302759e-03 2.156074641045624147e-03
4.110605392824437723e-03 1.376579260090340151e+00 6.405675039723609382e-03 2.182581111525925491e-03
4.894594015041804115e-03 3.749216967009032508e-01 7.928057316247433262e-03 3.974601903468912879e-03
5.892700666611308535e-02 1.911348091492800216e-01 3.617913251350447779e-02 4.493743793130684089e-02
1.092389218904798315e-02 4.889814511632335492e-01 6.249219356823828425e-02 1.006368867152285240e-02
4.555614181798084417e-02 6.015938578953313964e+00 3.879709468582854225e-03 6.359030831041318117e-04
8.477779572330457203e-02 7.982471501344673426e-01 1.125339322528091587e-02 1.208759416934432340e-02
4.158134493501722262e-02 1.175823300373131541e+00 2.084378753891783995e-02 1.242846527631087140e-02
1.996216229286644842e-02 7.689391460120851285e-01 1.318148156981773650e-02 9.222575803391233965e-03
7.198009379094627222e-03 6.524540575466742709e+00 2.588388187418472295e-03 3.759930515722373421e-04
1.667871558248624651e-03 2.306809239827739555e-01 4.314364515104568421e-02 1.653129291303068616e-03
2.286793998507455350e-02 7.863056213382072279e+00 3.858209866309741422e-03 4.803683783713995391e-04
1.193220174290123394e-03 3.057438698203864824e+00 2.247266838822414674e-03 4.548384925176792533e-04
1.379482037240905949e-02 2.482204101775153382e-01 1.753642916115341491e-03 4.672099004190464686e-03
1.774771472882708326e-03 2.380094773171385070e-01 1.464801545956241971e-03 1.377526888560062345e-03
8.849067109623166838e-03 4.960771074622326360e+00 4.131028635563778820e-03 7.611147127072776528e-04
8.021648564287180150e-02 1.392458236527931881e+00 1.765811061778904678e-02 1.095016236844764679e-02
7.405372177964431035e-02 6.698304455237403809e-01 8.292499828042362853e-02 4.633650670727222642e-02
1.227183705668174855e-02 4.832770757180357535e+00 2.905528892091257739e-03 5.731352179222104493e-04
3.434165928529447909e-02 5.039033300984405273e+00 1.108137082557652696e-03 2.185113867451413192e-04
1.024796731152473675e-02 8.962415462084104556e-01 2.516614875152826860e-03 2.204050441012063606e-03
7.015916743030865821e-02 3.109364096643100206e-01 2.510184969330519003e-03 7.239912086132719270e-03
3.671851955065886467e-03 8.613726702627518605e+00 7.124620034695854087e-02 2.542956950588338375e-03
1.165518105904861379e-02 6.108890068314447586e-01 4.647977989245435752e-03 4.603418181281924114e-03
8.566136617101729328e-03 3.513192029535456840e-01 8.111766301443766938e-03 6.248103368644742847e-03
8.592670152963485797e-03 5.317879045151198136e-01 2.871398866957802082e-02 7.412984814849479624e-03
5.374541297659011195e-03 2.876206301509937724e+00 1.563960687194534266e-02 2.702938870115010640e-03
2.750602483112324012e-02 4.701847134630805947e+00 1.517853211027809547e-02 2.889127761500311174e-03
2.251692353215000234e-02 4.446628432415664633e+00 9.745380529879105538e-03 1.997237114031651540e-03
5.167937846505050135e-03 4.883994430640682394e-01 1.565535395022659565e-02 4.450423070309251702e-03
8.530497700886947865e-02 1.247681332990739494e-01 4.709717541299195988e-03 2.616822569258696329e-02
4.923353828336320646e-03 2.228775595517492880e-01 1.185811967178021639e-03 2.557105812857485803e-03
8.312270151845005395e-02 8.837367509034072199e+00 1.249887238742496999e-03 1.411918407509799413e-04
1.308910247334021471e-03 7.675818255003458823e+00 3.000255740907465871e-03 3.009888403383507972e-04
4.807155164681613940e-02 2.719272758465058892e+00 1.927940039887955301e-02 6.178643281337534154e-03
1.990538588492679530e-03 8.649316555444064303e-01 4.667254762965090953e-02 1.919722907955194544e-03
3.820121615504004642e-03 1.305578478775613949e+00 1.194381315210482500e-03 7.380771073307819180e-04
2.487607181003484956e-03 4.255181845957553222e+00 5.978830408625766812e-02 2.113434200989781214e-03
8.671849809309757628e-02 9.147148103071304215e-01 2.000248240375653019e-03 2.132959252364713572e-03
3.170853002111992825e-03 3.374714507233582128e-01 4.893280628774032692e-03 2.601870725115501982e-03
1.433446425298127297e-02 1.443429533541463750e-01 3.301153632180003211e-02 1.348900765511648267e-02
1.785442794516741392e-03 7.744792946666303912e+00 5.659646296577502955e-03 5.185353993558720290e-04
8.368888593437552245e-03 2.019133000526667499e-01 3.047861466703839436e-03 5.383936261903852528e-03
1.102370684712354609e-03 4.716716210217919425e+00 4.924213162402642750e-03 5.361936660384239786e-04
6.792119309826059013e-03 2.651753851513841687e-01 1.034655232064369450e-03 2.478173937088706293e-03
1.102788006173873424e-03 3.819302997608431838e+00 5.685778533962140835e-02 1.026730403755015536e-03
1.089259204776545304e-03 6.849050784562041194e+00 3.706397088295848574e-02 9.067456374080697188e-04
6.186051700831926570e-02 4.835327281877813022e+00 9.948194092119597154e-02 1.543913314893702662e-02
3.942474411736222178e-02 5.238842197074497165e+00 6.016841025221227220e-03 1.115995147748101131e-03
2.152934110429684245e-02 7.804252584349706812e-01 2.083677464103908875e-03 2.375350535239346365e-03
1.927797849165316596e-03 2.089252787259265887e-01 1.259804055663464942e-03 1.460779336490871131e-03
5.695981067163332322e-03 2.438215466762270744e-01 2.997999435731838521e-03 3.892709692690499417e-03
2.118435086130268392e-03 2.578692175051698232e+00 4.713078333452407932e-03 9.811790242753850796e-04
5.708061312370684565e-02 2.390377811307327516e+00 1.583076367116741188e-03 6.546745809700377575e-04
1.139113819860280638e-02 1.731072225666530295e+00 3.326323011852692912e-02 7.151584360008861156e-03
3.304796798495034799e-02 5.705388173504863936e-01 6.778035509768842552e-03 8.738684192758966809e-03
1.700941022414293380e-03 1.381013512200928384e+00 4.088276987916140276e-02 1.608519483313143508e-03
1.927498833411482940e-02 3.040885846210488186e-01 1.052531292836193441e-03 2.934337854884196389e-03
1.480102680567141338e-03 1.292619038812703181e-01 1.033594642526804337e-02 1.453203528652237788e-03
2.931613062785878854e-02 1.349928244466428229e+00 2.494871061503584845e-03 1.738549062028679542e-03
1.711057139515062032e-03 6.278582904334448322e+00 1.282824865000987838e-03 1.825225374773756335e-04
1.291149890819954550e-02 4.814015741334822795e-01 1.645615017787723997e-03 2.702802745632181675e-03
4.251660301446057166e-02 4.039930129908489320e+00 2.134250648436291069e-03 5.218053208902475020e-04
2.509944658121188513e-02 4.020147776203460976e-01 2.401649905097933205e-02 1.767389481635642245e-02
9.112778148797635869e-02 2.739174404012580943e-01 1.250859098938596680e-03 4.348638119406827464e-03
3.012359674688115663e-02 1.054829983336354582e+00 1.140314236777907088e-02 7.955448549338486539e-03
8.658715983186707210e-02 8.074268856103751446e+00 3.518118960688601526e-02 4.148442233357937589e-03
2.181733376450041215e-03 8.874160416213136671e+00 7.177958044980381307e-03 5.900894808743069753e-04
3.399226133608779926e-02 4.163917155754049970e-01 6.472509154330660652e-02 2.789268367074979049e-02
1.547505219956327475e-03 1.625274752747823126e-01 7.825828635244687359e-02 1.542547669172068901e-03
8.468234672298990962e-02 3.566817527715553382e+00 3.967824831353468709e-03 1.098003310170389112e-03
1.278294944306736019e-03 1.872937411604511382e-01 1.049891799453625540e-02 1.249794707171059593e-03
1.917210408306659454e-03 8.509197239397344958e+00 1.021094080328113600e-02 7.380442451577155089e-04
5.523518242203585144e-03 4.228987681297688428e-01 5.544318101846699293e-02 5.300213751163596401e-03
1.001893675421799447e-03 1.383654728254947397e+00 7.408470952478778127e-02 9.834905753940512575e-04
1.055443103559573770e-03 2.616459927870922186e-01 4.875620681054309950e-03 9.988677847090597379e-04
2.358835375518573366e-03 8.534582771542328361e-01 9.524788892283293437e-03 1.947260682240132146e-03
2.338683287654099927e-02 4.773350351282262594e+00 2.610277420923313822e-03 5.343494246028939040e-04
9.980090758881591737e-03 6.999297520240384429e+00 3.318324858457948924e-03 4.525939727591513279e-04
9.226862361784141098e-02 5.020262396629904700e+00 5.079128699397367740e-03 1.000752488110350684e-03
4.897224370050608580e-03 5.647958798413994508e-01 3.778836667422195289e-02 4.563218094284757047e-03
2.151416966082593876e-02 1.242464215749880863e+00 1.165769553153643556e-02 6.533390658224463680e-03
6.898757790765597253e-02 1.757210090071686104e-01 2.386313380713062440e-02 4.574761015948186627e-02
6.147495959087303716e-03 8.864795906530978931e-01 4.590534465907724140e-03 2.810740104354022325e-03
1.148535206395678550e-03 9.222030150068386334e+00 1.288769360110226300e-03 1.245894587387324755e-04
2.167939464990719777e-03 6.016163280955137971e+00 4.098516324460142746e-03 5.183615109192801426e-04
4.889554205179662272e-03 9.672069770591293913e-01 3.844284722515690835e-03 2.192435765585374566e-03
3.538883770805410778e-02 9.809134893537582167e-01 3.794517303398907415e-03 3.487168543566506167e-03
3.192151824198114982e-03 1.418241684278792047e-01 6.707737848718545171e-02 3.170751521657742909e-03
3.666149221496401572e-03 3.008125750326752446e+00 1.658374648126331903e-03 4.792334370415679990e-04
5.588256451448346367e-03 8.517717321395087637e+00 3.024071070125718824e-02 2.171031152587630381e-03
2.363175236644710075e-02 2.370872442528215274e+00 4.992917952891594985e-03 1.933626289149894704e-03
3.357235451336728054e-03 1.160964668248871678e-01 3.086782921539632518e-03 2.980848454008638761e-03
9.476939916947037593e-03 2.147482139904925535e+00 5.156517191064785566e-02 6.795081316568796041e-03
3.909096199253831241e-03 7.766379344952582642e+00 7.093239911207146510e-03 7.403500916072697008e-04
5.543116910741976468e-03 2.136420052390215041e+00 2.685157256803981807e-03 1.024543464061864178e-03
2.718799396359540890e-02 4.944972097458498084e+00 2.396239210971288711e-02 4.112775322381840779e-03
5.882260585615337739e-02 1.131007213283373863e-01 4.426695950707403883e-03 2.350178492606553454e-02
3.617946098241273979e-03 3.073911939691638118e+00 7.977567584240248533e-02 3.175290030435506429e-03
1.054216390073298495e-02 1.141342867118070314e-01 2.081738546086156407e-03 6.680758035597591897e-03
1.809630903674717961e-02 3.806219463945500481e-01 9.301691336587770628e-03 1.039722206267845034e-02
2.825556030038789499e-03 9.106903902922487415e-01 8.138270157058898058e-02 2.738954146709224238e-03
4.180585656271287864e-03 3.128507319694031064e-01 3.572693347479320974e-03 3.060273965624509679e-03
5.459230136986416293e-02 9.379389946668611477e-01 1.443027251252453937e-02 1.200255256745875500e-02
3.586062990057873462e-03 7.485559311442531172e-01 3.678937146357141429e-03 2.073277730004040829e-03
3.553045470913934745e-02 7.944909109547684256e-01 1.338290135389560032e-03 1.608218494000673284e-03
4.609795790531153598e-02 1.250978815464740768e+00 9.440775385441274592e-02 2.861742844169459787e-02
5.068197381184589428e-02 1.318693723118110617e-01 1.353718152256303854e-02 3.393033361247372454e-02
5.886405187141049988e-02 7.285982955705429198e+00 6.689838107737524665e-03 9.040771468823584735e-04
1.465653063187899278e-02 4.169899265405268007e-01 2.833919477343790645e-03 4.643141040872193585e-03
4.292083971639406442e-03 8.697840607114585287e-01 2.565834688387174864e-03 1.748331699479936533e-03
2.382923288135811116e-03 8.595708750748686233e-01 7.104340127569694352e-02 2.316145228564072973e-03
2.508536757558659999e-02 2.905396035952264366e+00 7.424154864537105269e-02 1.265850921451037135e-02
3.672524852973401907e-03 2.078285164620141956e-01 3.079928571390638456e-02 3.583714690750067818e-03
1.344712271034779767e-03 5.730192221263433083e+00 1.655000014603497799e-02 9.175248927791103707e-04
1.069411420774041190e-03 8.961002820341636976e-01 1.025092819017681123e-02 9.779852471212457845e-04
2.027524033614528515e-02 1.140362969180761799e-01 3.669138230074928467e-03 1.243764097375086621e-02
1.466794115211875410e-03 1.260848318768943155e-01 6.543447914454461611e-02 1.462660131353883024e-03
1.807212070605913792e-03 1.075403825091949817e-01 7.898462443613032957e-02 1.802776188948341640e-03
5.002397712772460592e-02 6.638627833595417416e-01 3.286393390862089522e-03 4.504629137321761179e-03
4.341587306319028006e-02 4.092049025398496021e+00 2.524657006745941595e-02 5.402006073567107262e-03
3.174541460727714481e-02 2.886109178240223727e-01 7.699935046258338939e-03 1.449635335533560471e-02
2.386709699055932984e-02 8.358350972150540015e-01 4.959488630790797811e-03 4.752146976374635283e-03
3.439486153381660950e-03 2.773201987039166649e-01 2.443924434735463870e-03 2.473934532369832361e-03
3.854965714969241924e-02 2.016615118343065005e-01 8.084330817008246461e-03 1.965203878216652267e-02
3.296848198039566136e-02 1.367230961596508809e+00 5.745293516024771799e-03 3.727086559867021347e-03
5.621511708640021705e-03 1.281706444887535656e-01 3.753086090018702831e-02 5.515623458568928369e-03
5.591128478083374001e-03 2.271407211419351313e+00 2.949793117195735788e-03 1.053877019632866452e-03
3.270858757873044455e-03 6.330813306462098611e-01 3.400031454194121089e-03 2.032814602375904341e-03
1.028709920615412075e-02 2.202344802828009485e+00 3.214679213390323614e-02 6.034342395239422618e-03
8.380595259912038131e-02 1.309880353744651560e-01 4.947637552845527559e-02 6.858798479099140200e-02
8.100804284395751731e-02 9.480211795821197995e+00 1.305799661362396337e-03 1.375056994944560431e-04
2.108408833049494474e-02 3.547928360748428545e-01 2.931598210931570924e-03 5.936380195192517313e-03
2.301593748882690971e-02 2.481675099152120811e+00 1.535072697610797947e-02 4.875357996819219483e-03
4.786242561338824308e-02 4.571819510139458753e-01 1.423733906933666348e-03 2.923908542241685816e-03
2.365917575164257561e-02 3.910047827713732382e-01 8.389582077615774514e-02 2.130946746007448059e-02
3.919856715874528441e-02 7.858914192746631056e-01 4.050399029046718863e-02 2.226479682189563825e-02
2.375039058166211400e-02 2.887258369085164311e+00 1.113519772091244552e-03 3.795043078342466634e-04
3.938259319292795879e-02 4.944247713563610924e-01 2.398358063974640950e-02 2.173579232725973351e-02
1.581804749648149785e-03 9.084376699878946582e+00 1.747396459994429718e-02 8.680028408491111385e-04
1.193824910182583222e-02 1.212317284918604576e+00 3.383787522068224668e-03 2.262255797753999053e-03
2.537004018697556346e-03 2.035750744698893999e-01 1.018527479092182783e-03 1.683394941249181844e-03
7.324119654028135584e-02 2.634174987441135207e-01 9.463803493100794370e-03 2.410351287320101205e-02
3.427652516890140194e-02 2.275588829311376293e-01 1.997191820549511568e-02 2.464971026570927926e-02
1.852530522312099276e-02 6.985227983874199298e-01 7.631129037662220081e-03 6.872087699325573826e-03
7.941265211495608656e-03 1.535040196042039895e+00 5.070826949334091699e-02 6.402191777095062562e-03
5.731318018609816989e-02 1.840807637518209194e-01 7.941735716758661218e-03 2.461423229988244504e-02
8.965601551347862630e-02 4.466849381316545298e+00 1.803764177440003247e-03 4.020006688562538164e-04
1.517754268678976441e-02 7.592921913326960981e-01 1.818542375766153902e-03 2.068617168622248568e-03
1.900295699852906292e-02 3.977682671280898807e-01 3.698471048675382351e-03 6.243258498586094947e-03
1.500558693659781624e-02 2.605146792462818883e+00 5.509469172480355864e-02 8.777570451490183945e-03
9.086953850052291448e-02 4.524455812455671078e-01 3.014052109896844800e-03 6.206675416762032042e-03
7.482709369000043777e-03 4.358146734584251170e-01 1.784883373281166957e-03 2.646824204389088431e-03
3.708226357804773020e-03 1.384702445613120725e-01 8.689914047836934385e-02 3.686443502965083396e-03
1.190185401708099625e-02 4.367898315645571294e+00 1.281689721972895622e-02 2.353978584087209648e-03
3.952698519623503229e-03 6.146975912737557834e-01 3.718825932385909187e-03 2.390713453929784859e-03
1.131833155309414475e-03 5.311568124472549890e-01 7.700264018097456586e-02 1.123065075911146423e-03
2.364674549425861780e-03 1.771400561412080077e-01 4.681222397963677277e-03 2.170460449155403333e-03
3.390656333520464250e-02 4.595533803950475615e+00 1.115717244250721309e-02 2.265604228706931053e-03
1.076447831286099673e-02 1.495233960065889267e+00 4.039042744123918366e-02 7.697183448419808033e-03
8.615704718575891569e-03 8.495431425814002901e-01 3.048622598647746096e-02 6.947649321171182717e-03
2.558280241467392885e-02 1.363912005600746713e-01 9.834713215043221213e-02 2.470624666715852402e-02
1.227798168357392911e-03 1.278220552899979490e+00 2.118535489197108379e-02 1.143116840965657799e-03
1.394852504341883084e-02 7.860711414357536286e-01 5.153796216347949523e-03 4.460006655625892852e-03
2.839650016753470993e-03 2.101051190157046111e+00 5.177183291783971249e-03 1.319287168852029948e-03
6.518888122804462892e-02 3.808023198307284751e+00 2.188591864064476367e-02 5.281664494207742588e-03
1.375820168812369286e-02 5.277119599625924584e-01 4.103347359344147738e-02 1.168983025504355920e-02
2.688936901649756871e-03 3.298425202859430527e+00 3.473828961591040460e-02 2.142039063690285346e-03
2.138068064654775804e-03 1.124099759979197977e+00 1.312144394607621650e-03 7.550583092422010400e-04
7.972156626569752019e-03 1.152382742582975517e-01 3.950979405018203300e-03 6.468155238086814758e-03
5.261885014484353820e-03 4.745706781789416517e+00 3.680622418436635748e-03 6.759396040283607160e-04
7.700605578218282232e-02 2.406081369452801877e-01 8.134837791586442893e-03 2.349431498283512110e-02
2.721182691596792796e-02 1.543870746775562464e-01 1.625867675053040834e-02 2.162423997312799828e-02
1.710260660608588787e-03 1.983929845452566954e-01 1.085800061040148243e-02 1.658435883689230502e-03
3.785881928386943332e-03 8.001007284941029640e-01 5.822861678366272192e-02 3.598676652565953836e-03
2.847745262183606560e-02 1.345635762702622973e+00 1.668229256187496803e-02 8.637217957998048062e-03
5.932637212667259130e-02 2.375236756485965550e+00 1.900299739156072198e-02 7.049767356126896388e-03
2.095557505701386644e-02 2.023058617259611280e-01 2.806924897602397148e-02 1.820585579876872820e-02
4.375522070869619813e-03 7.662813816534237432e+00 7.159441114406436477e-03 7.699100108576880730e-04
1.024911153033547517e-03 3.967199173411556590e+00 8.897570860829244477e-02 9.801214027230702001e-04
4.099723416732493908e-02 1.523735620200209917e+00 1.354368844092536427e-03 8.699857843382783392e-04
9.695743331892985040e-03 1.930853849687594881e-01 3.113806860919571522e-03 6.055194089731990789e-03
7.039198404942306753e-02 1.088802418869543986e+00 1.904247300835977541e-02 1.400879296954621149e-02
2.430591948296062510e-02 5.474556739828050134e+00 2.404007956534592524e-03 4.313311042234152927e-04
2.510838039117616743e-03 1.983381673163859826e-01 6.136239858816310705e-02 2.490625027942157052e-03
4.769885627140776907e-02 8.518357983781090326e+00 4.532565164249051370e-02 4.786941273708674935e-03
7.971142919149459827e-02 5.231010515924652271e-01 1.005798539563267265e-02 1.549095865866003882e-02
1.566828680814889418e-03 1.635471182533756451e+00 3.445039634528604573e-03 8.985016161577023429e-04
1.428080755314325382e-03 2.317675105641852640e-01 3.120237440886708055e-02 1.413091229999164896e-03
5.316325331664599647e-03 1.017297807314729435e-01 9.362823642211446501e-03 5.026006087041033632e-03
7.718150869699998660e-03 4.140457057273125407e+00 7.979483686079896776e-03 1.542132875013066439e-03
7.468181438867305295e-03 3.745632397227451005e+00 1.903295853607712626e-02 3.023901725761302464e-03
1.220796766944876434e-03 1.475758017897105256e-01 2.737919426226131936e-02 1.212816216374800480e-03
3.010414691601448305e-03 4.627586323298325865e+00 3.650644836576043273e-02 2.178929597106414682e-03
1.853207420445991769e-03 8.942937507183279067e+00 7.401882936445826344e-02 1.514177005751176242e-03
1.261906701884825226e-02 2.719761836329716020e-01 2.327364102274194838e-02 1.099732798927057463e-02
1.241059057365209457e-03 2.575197758654844127e-01 1.473463515949094069e-02 1.214711711889001787e-03
5.151830455976560280e-02 5.856610838074353786e+00 4.428387644093450398e-02 6.593604419944101500e-03
2.922906563569094632e-02 1.134198622696394931e+00 1.650977886577185017e-03 1.386580854133705274e-03
9.573402368767530354e-03 6.878167035717901445e-01 2.046271408951354578e-02 7.242742736600433356e-03
1.758235948796910749e-03 2.352468588445943976e+00 1.241118872257463779e-03 4.058122576533038811e-04
5.910587359649403100e-02 2.573011097332673081e-01 1.594077014912234982e-02 3.024815853742426203e-02
1.550314364676254331e-02 8.525677425020784739e+00 4.062598651421546643e-03 4.623036718304785191e-04
2.079005929753679951e-03 5.128735511802670066e-01 2.454204037230595797e-02 1.992441218914249319e-03
4.541347455896794540e-03 1.637465792065522452e+00 1.193005024239254287e-02 2.797558628066147170e-03
5.609195854759942146e-02 2.579083891572872544e-01 3.796798174849368851e-02 4.061630566356588812e-02
1.509799965248350209e-02 2.894665305916893860e+00 1.254762723456566767e-02 3.367817789480758058e-03
5.797335806865396360e-03 1.836959733499649861e-01 5.842498431330705316e-02 5.693555946513294275e-03
3.406406361328554594e-03 1.276486684903488655e-01 2.103143802924743212e-03 2.822795693630749097e-03
1.628880703493567825e-02 3.662836591365825623e-01 2.544982608907567917e-02 1.319535675518266823e-02
2.149873714450155782e-03 5.310479671078999209e-01 5.620573057738233701e-03 1.786906129532875092e-03
1.432540176139492083e-02 6.149819170388214351e-01 7.127491127323055432e-03 6.406595027835359189e-03
9.013728859510008670e-03 1.150565867930979813e+00 3.604034318843794132e-02 6.999553078130454735e-03
3.728998012252706957e-03 5.552294876190609685e+00 3.907280608994672527e-02 2.437420388532443236e-03
1.156675229521115199e-02 2.894693045392797703e-01 2.823244385736446704e-02 1.034043137669229083e-02
7.178138296861059919e-02 6.703608660901203553e-01 3.799069287225956271e-02 3.166903473798281243e-02
2.283593822321248329e-02 1.906416843653287119e+00 6.976163843726533587e-03 3.153913130566366255e-03
2.507593781268747848e-03 8.266662930193555692e-01 3.187741911530089269e-03 1.519490625222959419e-03
3.021795685664465519e-02 6.545771355023782823e-01 6.888959423191343134e-02 2.347708014782507596e-02
7.554500541030391425e-02 7.559589712059854527e+00 6.072836384649566571e-02 7.261153386743096107e-03
1.067684638683908359e-02 2.173101239292528852e+00 8.287442934835711345e-03 2.809961609352673497e-03
1.837335581837507698e-02 1.020455104472157148e-01 1.499323818563349196e-02 1.633113241875362026e-02
2.786155366930105626e-02 1.250870580647789332e-01 1.458750290170123367e-03 8.220897578134643904e-03
3.024004286008603361e-03 2.723050707201681297e-01 1.102259404189883133e-03 1.730912364606549845e-03
6.917843028271100647e-02 6.421316538838095500e-01 4.297712410325543048e-03 6.102480072218997680e-03
2.972283138627397365e-03 5.052918311447627708e+00 4.044961738068854340e-02 2.167502331655958743e-03
2.077167667263050792e-03 1.221852139244932856e+00 1.206057950435566149e-03 6.691109292617683328e-04
4.162890778380875373e-02 2.477575896229418984e+00 1.548581356221895473e-02 5.434433901683122063e-03
7.636307962200539201e-02 3.938627545119080420e+00 1.676453839306433699e-02 4.031715752120785742e-03
6.170027275571035412e-03 1.061307359830107044e-01 1.727703104809433232e-02 5.944712335284556629e-03
6.248606394672630814e-03 3.652433862618029159e-01 2.581443120480416548e-02 5.741039267949420329e-03
1.196817713861733591e-03 2.760461372049981543e-01 2.259237607022416758e-02 1.179568436047483257e-03
2.227670876700004604e-02 2.057308678083097642e-01 3.192539310711606498e-03 9.146530549208936947e-03
5.130484697001687355e-02 3.825369418349128248e-01 2.732481612344290871e-03 6.270083900712264402e-03
8.944801961097482990e-02 6.300102648247209558e+00 2.755825380740781205e-02 4.170314838399551659e-03
1.732393026486666199e-03 1.505692823267430258e+00 1.419276544492914516e-02 1.463432536011749713e-03
1.417692068940863345e-03 1.740728648994389338e-01 3.036127020419460837e-03 1.311121793965690664e-03
2.105648165412826994e-03 9.704060137044090428e-01 2.037614379220698772e-03 1.051348597587743955e-03
3.593257802136977375e-03 4.060965913269148686e+00 5.864393287122073029e-02 2.877310094598422522e-03
1.780374991227427761e-02 2.316685942074824478e+00 3.428142060589245421e-02 8.081042377051367645e-03
4.098692424728259641e-03 1.913934871519562542e+00 4.891983791807907184e-02 3.532268955888305442e-03
7.310964615154351420e-02 1.991670002330648837e+00 3.100493503169781187e-03 1.524274023119851461e-03
2.901835356671678481e-02 2.958199446883180261e+00 7.138714679156631104e-02 1.317526989933942919e-02
5.067193529789773034e-03 1.011996123437249734e-01 1.659427889890196031e-03 3.870979636644767807e-03
1.866070445768399852e-02 6.617010279554579322e-01 3.062078802128039533e-03 3.708044763750661856e-03
4.771682173348806844e-03 1.798610631779794078e+00 9.596027471150990473e-02 4.379952406523038647e-03
3.270593855999323618e-02 3.825555134918958267e+00 1.286099730417965227e-03 3.327659097442313397e-04
1.846086458555406748e-02 6.786193086743110836e-01 1.999976470250612853e-03 2.541410439125595284e-03
5.262602399259090971e-03 2.929808330757811552e-01 1.302200199620073828e-03 2.409585474875854463e-03
3.033035541379519584e-02 2.636459343678020595e+00 1.313400708556676857e-02 4.278887495075166074e-03
3.651022064562263469e-02 2.799191678517871207e+00 8.905420102548666783e-02 1.700043038535076559e-02
3.007643608651843718e-03 4.886741818476139088e-01 5.922416586735829158e-02 2.934810821992257616e-03
1.676424910884782241e-03 3.941848477398910866e+00 9.884997611908773185e-02 1.571376901293636491e-03
1.104358326939611917e-02 1.035433332349545710e-01 9.669089923803081410e-02 1.091450574534017816e-02
5.443312485642950831e-03 4.419746369202093295e-01 2.781159522238099181e-03 2.918608213886305421e-03
1.270459221834705377e-03 8.198634407056511364e+00 7.229051234079225674e-02 1.110458068856139471e-03
2.526348743862245113e-03 9.035542784125338844e-01 8.179566447986371183e-03 1.975140943193117154e-03
1.889881128114367231e-02 7.585928096525529352e-01 1.064797571551419396e-03 1.306604537368027084e-03
1.202777245857506805e-03 1.333735389972308116e+00 1.344727704896145001e-02 1.074585120288779018e-03
1.385859721572755892e-03 7.030891773257736510e+00 1.132203318271985705e-02 7.448424890166808901e-04
1.955351080971481220e-02 3.574218713096319888e+00 6.264284096051096068e-03 1.608460009015149446e-03
1.205337661063251133e-03 4.320540716808322301e+00 5.966642734436757023e-02 1.108580313097171739e-03
7.309312783218546716e-02 2.349183534861821521e+00 9.870365242848181536e-03 3.973222301103243245e-03
7.306607746264350001e-02 6.389629163410346369e-01 6.200568668400466971e-02 4.168203680044175324e-02
3.314231381037432023e-03 2.610516172210314068e+00 6.355116569446031538e-02 2.917097743733304549e-03
2.456599332345001108e-02 1.938778495188393292e+00 2.554020748721343159e-02 8.575041269390423423e-03
2.462921461568390140e-03 8.063109065004370191e-01 6.690936680315021090e-03 1.899227715236247909e-03
1.291268421897137598e-03 2.881166654851822884e+00 1.263057800877832306e-03 3.272747491147600892e-04
4.387039379245253473e-02 1.805469249641902252e+00 1.409961034276223726e-03 7.672804319502508083e-04
1.339007150299164998e-02 8.112808607292022467e-01 4.187471227203753976e-02 1.063194081196032828e-02
3.820244621729500245e-02 3.925668874682230580e+00 2.106150307528445106e-02 4.704397723810590376e-03
1.562472421298613696e-02 1.291976534945992627e+00 5.699635971710888607e-03 3.440230985419518404e-03
8.487125379496611097e-03 6.395690126365518591e-01 3.659307260506634851e-02 7.390797501248412733e-03
2.504672494963521880e-03 6.601486352853886075e+00 3.522900716155646234e-02 1.704618284545123116e-03
2.858942695986101123e-02 4.311674242813903768e-01 8.388932300731226366e-03 1.157740509945527456e-02
1.707788037479776458e-03 7.640125457492813466e-01 1.121902825200142215e-02 1.529864948463089238e-03
1.481363133017597408e-02 5.016491766182326728e+00 1.028174651398130069e-03 2.021618264987516450e-04
2.222850550858263344e-02 1.216353680974026741e+00 2.186466476479716117e-03 1.663070233812203539e-03
4.161609280618049772e-02 2.442484258846183476e+00 1.186750033541596454e-03 4.802709893094132885e-04
1.851871836938054350e-02 8.484173539360826410e+00 1.820845144854188469e-02 1.923275061467260650e-03
1.367119352646289573e-02 8.800935762493968806e-01 2.646044395854473333e-02 9.397857723207402730e-03
1.487427089066734823e-03 1.978299688274830048e+00 1.390966468569291778e-02 1.227706853237344560e-03
1.889472177091520641e-02 8.522045592190199415e+00 3.675621612354776271e-03 4.216817571326044725e-04
1.217427075249326654e-02 6.618523670861363506e+00 4.449074954301755584e-03 6.370407173892522366e-04
1.013661646726785742e-02 3.344701391956701908e+00 1.690404186358107977e-02 3.372496437460857470e-03
5.540092294166398638e-03 1.633138212089134234e+00 1.543250288392709803e-03 8.072665241479898279e-04
1.729090550754386725e-03 2.237033235102668716e+00 3.843279168947921418e-03 8.617700236678594314e-04
2.698898360222844531e-03 7.444067143235314710e+00 3.764353094535803895e-03 4.258876316338046776e-04
1.346973121609443790e-02 3.357382547288371155e-01 4.885116285336062875e-02 1.232844841085345422e-02
1.490907471381754459e-02 1.150534943677923527e+00 1.329046649426891564e-03 1.072089854212362548e-03
8.904055497923817064e-02 1.484311583907403476e+00 5.879571058543464623e-02 2.741523162603505190e-02
1.549983364134468154e-02 6.304005844225770261e+00 6.462787084641424297e-03 9.615862802261429141e-04
3.070981560913882413e-02 6.714921416586477676e+00 5.024048759577832285e-02 6.016179063459445135e-03
2.381713204547064328e-03 2.974507168829636505e-01 5.283852638785742524e-03 2.100133876756813539e-03
1.046746994458459248e-03 3.818252396032629559e+00 3.084870486907830868e-03 4.559805982501153351e-04
1.116039736541324379e-02 1.057273925158392691e+00 3.809646061009079598e-02 8.521146918036764939e-03
6.707006114666975993e-02 1.700402876488470161e-01 2.855013632623046305e-02 4.792570209746670890e-02
8.433807922982294869e-02 4.788982696020168461e+00 1.972712416696227600e-02 3.927446553048748526e-03
5.822978483464605511e-03 3.727764792202776234e-01 1.571894656481948038e-02 5.116436692627257879e-03
5.438846303185481713e-03 2.003674617329589958e-01 6.453216945235577817e-02 5.348524682533933351e-03
1.610345097810512516e-03 1.247306447640097321e-01 7.857569037795490707e-02 1.606239143402904759e-03
5.586434698153633360e-03 5.110692908613175822e-01 2.732240747059770658e-02 5.057908502701068988e-03
1.560555606753678652e-02 4.527084202735387919e+00 1.787513171292568967e-02 3.151181122493439297e-03
2.600363221383309754e-03 2.362386600108664081e-01 9.390221581800467857e-03 2.440693561395549261e-03
1.012430764964432003e-03 2.703708231843738652e+00 8.795553627788155193e-02 9.818732928994192057e-04
2.972674000371478692e-03 4.634032268870030613e+00 7.959098449482438636e-03 1.088579609200293835e-03
4.139334935922728970e-02 1.562433956829871462e-01 2.057739523437706122e-02 3.149464148600082669e-02
7.481998772792629315e-02 2.010287845422506603e+00 4.144184905713949041e-02 1.616186296331866695e-02
1.416933459923852686e-03 1.095367857445760595e+00 6.279268537581435272e-02 1.382755526818685516e-03
1.611505204043678016e-02 5.972596476307265867e-01 8.596976717381327182e-02 1.449252079901500699e-02
2.632901579713664651e-03 6.177031346776149512e+00 1.843155428552373026e-03 2.680143044675903667e-04
2.987558828888797410e-03 1.046901813983315943e+00 1.033298836716764826e-02 2.293378608416939655e-03
8.063215268888453136e-02 3.470518947683079447e-01 9.054585950993671375e-03 1.971187016582251483e-02
3.230782849891904000e-03 5.031803108391980084e-01 2.818102096128454262e-02 3.054574913308646597e-03
1.242781158857649351e-03 4.077318250479612938e-01 2.965625639327951896e-02 1.221903119238110366e-03
1.105128585114704878e-03 1.637050490592481422e+00 9.199555400459606680e-02 1.083814677654193178e-03
7.752587201243311098e-03 5.142481879915227205e-01 5.393612254144673941e-03 4.457656401840731641e-03
1.499194548757739991e-02 2.009730847762306372e+00 2.148533705485837931e-03 9.979054408044381926e-04
9.057386365891335195e-03 1.222019375447071510e-01 5.869884843256754220e-02 8.889760336672053107e-03
9.242198698265613813e-03 4.203845624003093029e+00 1.578899582532507576e-02 2.670576562763530681e-03
2.798787609071695312e-02 1.415030835118837316e-01 7.542787869654297810e-03 1.835205606809244341e-02
4.039267921538630679e-02 1.937432388834635366e-01 1.221161125916534482e-03 5.452209046555534996e-03
1.643877600699157919e-03 1.800373945615112437e-01 5.186943520465906766e-03 1.555143384908213742e-03
2.645232537206906962e-03 1.356125313578686598e+00 4.339702255315452256e-02 2.443268114642787193e-03
1.469414266498704014e-03 1.188393603134313553e-01 4.073836615900567476e-02 1.463142533149304828e-03
1.243100669438465013e-02 4.219656840026135280e-01 3.317336467934438315e-02 1.073375723253222266e-02
3.236028555534458534e-02 6.734607903159356423e-01 5.725845934378617774e-02 2.343904997683899857e-02
3.392882889832949528e-02 7.606571643919161296e+00 1.038573190262135357e-03 1.359890587444157872e-04
2.077666830765765790e-03 1.119292834395085728e-01 3.738925927636487304e-03 1.956008064081138365e-03
9.722577651650082808e-02 7.520858319658199953e+00 2.874441478413011612e-03 3.806994002692520645e-04
3.659929612750624679e-03 1.377305640250499064e+00 3.890366179209487490e-02 3.240101776723865352e-03
7.069593329786040548e-02 3.498755551694732180e+00 2.211156500585422305e-02 5.801237555493906836e-03
4.927087271110364847e-02 5.150409277247725903e+00 2.666426209140947828e-02 4.684856011427138145e-03
3.809382410311195483e-02 1.234345425684349185e-01 6.425878962266520777e-02 3.549639896048380205e-02
2.812729878622422658e-02 4.044412850342559151e-01 6.937497792536291563e-02 2.416484144197598646e-02
2.677717349017031540e-02 1.418239552857748054e+00 4.354603614248191666e-03 2.754573203040592329e-03
3.672977910496069698e-02 1.287668095853005401e-01 2.441534459861048958e-02 3.076934782915245747e-02
2.406866777808477909e-02 2.767359842757047161e+00 4.318504523280625174e-02 9.467076408017652267e-03
5.399429483832467007e-03 1.766883664017267763e-01 4.555991951479738261e-02 5.288685380055987116e-03
8.650669633382394863e-02 1.590507349228233169e-01 1.693857891052021405e-02 4.773349455098244154e-02
1.385696225907393810e-02 1.352877302120862602e-01 6.041416210108637060e-03 1.057537784011779863e-02
1.292474064463748455e-02 8.581006141333333836e-01 3.179732913966090094e-03 2.879880601762730818e-03
3.853173361956823122e-03 5.504104363335965644e+00 8.413833842310000297e-03 1.094451712501266077e-03
1.193229780109071950e-02 1.024613113699901268e+00 1.163857625017635129e-02 5.819295574213892951e-03
3.065116889821790230e-02 6.069999775840337009e+00 4.665073717936112953e-03 7.497468294603457052e-04
3.685253538952877606e-02 3.285041032856984566e-01 6.580257714512725842e-02 3.112603751243132877e-02
3.562637365793634974e-03 1.118453028881049860e-01 1.366723365572353882e-02 3.461712146604487266e-03
3.404317101112739729e-03 2.112599594256489688e+00 1.027595393935676685e-02 2.002678052872274191e-03
1.922133285988842331e-03 4.929263586794737861e+00 5.159016964293701088e-03 6.776348865749624081e-04
7.857301662558333066e-02 1.906843951553116367e+00 2.428570717939864537e-02 1.095960764354861512e-02
6.496262246963192127e-03 1.157997812848661878e+00 8.408484017412359846e-02 5.962799844890439259e-03
4.554790478186981212e-02 1.697217148675517651e+00 9.596621398946997283e-02 2.522674032680602418e-02
1.049600754529386032e-02 4.370753775616507131e-01 7.381143775102284865e-02 9.881829660841371168e-03
1.832079345148536834e-02 1.550514736740953581e-01 3.153152850334630612e-03 9.637972602712508233e-03
1.626594718580686143e-03 5.175512338211824215e+00 1.847119894314634865e-03 2.926785620105004128e-04
1.025669910920415547e-02 3.096587699294156781e+00 3.037043826910798203e-03 8.951725069161652537e-04
7.433579152875821432e-03 2.657134132076135469e-01 9.147940162778248063e-02 7.276467383338488561e-03
1.989727549957692829e-03 1.809341765658071255e-01 1.838202421162553682e-02 1.951507511906579303e-03
1.877129913019943887e-03 1.677525183817236920e+00 7.372360881470234328e-02 1.800236972405714090e-03
7.975275971964995714e-02 7.212822814966659557e-01 7.487066098049470486e-02 4.510099126073192910e-02
2.296225277311382887e-03 2.352869944140849157e+00 6.647768850322802701e-03 1.266734965764041050e-03
2.226831460542248037e-02 5.177689786433130159e+00 3.088478082726779823e-03 5.809358953810249459e-04
4.272364401722576754e-02 1.015851549340974075e-01 2.164959410212051807e-02 3.558910601578515326e-02
2.088089671915025359e-03 2.609101406550401459e-01 9.774873615400674065e-02 2.076516183705767217e-03
3.424706324890691017e-02 2.301671176409688102e-01 2.584627833663124749e-02 2.624340154684666818e-02
1.315949066820095532e-03 2.773921120235613436e-01 1.217520397553962033e-02 1.277643094215650003e-03
6.716819732524063717e-03 8.716117374697834874e-01 9.709503420925453751e-03 4.190255845733710863e-03
1.157904713035835288e-02 3.889440307616053527e+00 8.463066128912094532e-02 7.557396099569101307e-03
2.453837446621211314e-03 1.199884818126957020e+00 5.025330551946666918e-03 1.547287506952567653e-03
5.078982561946931810e-03 2.144453636238470740e+00 2.086751531819993396e-03 8.166322053796276625e-04
6.307281059147024083e-02 2.590456967772643893e+00 3.011150361373760367e-02 9.815131311635168568e-03
5.488869799103485853e-02 1.664956627169094094e+00 2.616047862931870915e-02 1.221558254429479587e-02
3.629237051530210395e-02 4.670134723704017610e+00 3.003049244124036607e-02 5.462478195726974337e-03
8.673440182140633448e-03 3.812021118844883261e-01 4.880711412949108319e-02 8.123154432813983056e-03
1.585027197061550028e-02 4.229971192452408602e-01 9.245208977298424030e-03 9.187501796679632682e-03
1.724097951021899859e-03 1.197851647193806324e+00 3.154749763572285010e-02 1.618166880375282316e-03
8.942897095621689385e-02 4.571116047045181041e+00 2.937858425897869191e-02 5.996083307574005469e-03
8.081707224237516182e-03 1.037349514072652551e-01 4.407568199736788817e-02 7.930855861779839006e-03
3.683748971335797789e-02 9.980788593268359321e-01 3.423063732637003642e-02 1.776081255647916565e-02
1.155821629239116343e-03 3.057922086925009553e-01 3.076948282224785565e-03 1.036734558690580437e-03
4.789186590132581654e-03 3.418767979908301946e+00 1.441237466578284198e-03 3.874602846263447442e-04
5.190284492997513342e-03 4.278619659087152804e+00 8.945293961331550470e-02 4.158027971719082706e-03
3.853173884917906848e-03 1.728991078455780706e+00 2.295212823452214695e-02 2.986352730469057481e-03
2.206709384967897678e-03 9.166129717149287259e-01 2.314144763535501068e-03 1.177502787138821980e-03
3.351251465416177789e-03 2.746312494166828877e+00 1.303855032679871861e-03 4.158526326708955200e-04
1.036385319457200620e-03 3.964031958464220851e-01 6.742063571390724194e-03 9.768604975951705478e-04
2.287730527168455995e-03 1.147401722692261011e-01 4.740793086534211831e-02 2.275133263940198186e-03
4.125944989015682685e-02 7.323520824552597341e-01 7.662091710688741231e-02 2.959018133484125554e-02
9.934356260713445019e-02 1.144320588340276973e-01 5.127241985708101343e-03 3.087895017963864647e-02
4.319057347613977811e-03 3.261390282825308851e-01 2.633901859618334538e-03 2.814083090929208816e-03
3.738179133063596928e-03 2.336566138898420741e-01 1.977853949987360815e-03 2.593049275704137086e-03
2.353889478186285775e-03 2.850174595571208780e-01 2.790142464183026014e-03 1.897603920697434618e-03
2.015344100068945394e-03 1.535419434848069864e-01 1.262324927599066350e-03 1.618574949382720236e-03
1.297798070527563657e-02 2.596581371729198118e+00 8.839423980400908099e-02 9.395970967227232351e-03
1.725787462833277674e-03 6.168339833416028872e-01 1.010591476878411462e-03 8.404668664590939260e-04
1.484325234877959497e-02 3.666265294236986882e+00 3.590811804090734711e-03 9.187936934424752048e-04
1.360754826414319833e-03 3.754712514009622915e+00 3.522129934452662009e-02 1.188368667546731844e-03
2.121620358381287944e-02 9.804783528300342610e+00 1.603122511848362099e-03 1.622537017184918866e-04
4.597936664584761739e-03 1.072254383495634539e-01 1.005816303047373525e-03 3.085522205801079568e-03
2.965585407856356770e-02 7.596875358356401264e+00 2.043235257571224782e-03 2.665399961780272114e-04
5.588725588897386701e-03 8.708378720988819710e-01 5.408195597282553641e-02 5.127314857600550474e-03
2.259231075629367785e-02 3.617282204419751235e+00 5.356840412190622645e-03 1.389801946849219009e-03
4.837090823516492465e-03 8.768650893003925972e+00 6.534271296452290149e-03 6.457096778556170764e-04
1.940962200843181912e-02 7.396692191009553774e+00 1.251820558625305144e-03 1.677776676313063079e-04
3.255306495885896059e-03 6.467597333494319756e+00 1.277482362046166407e-03 1.862211563762322534e-04
2.820280360918909872e-03 3.667755113722784621e+00 8.984181532352312344e-03 1.310924289182380286e-03
4.013842108288470656e-02 3.983075875414630929e+00 6.601042255544725679e-02 1.172966992560522254e-02
3.570889819347496802e-02 6.851202102162394780e+00 1.252607656416243088e-02 1.739253314575399216e-03
1.942577737611838598e-03 9.435169266892778239e+00 5.463142276424851063e-02 1.454575460377332445e-03
1.164492083780201137e-03 3.531155984256655889e-01 4.658383754442764479e-02 1.154302933220413118e-03
2.115379624405953202e-02 5.808240951317487077e-01 2.151925367407800729e-02 1.346552128333357648e-02
4.116515029144637156e-02 1.456721422917352515e-01 1.381249554174010042e-03 7.706747692274647232e-03
5.024613281130177120e-03 1.774968353052107373e-01 1.450321486407714529e-02 4.733531990676517406e-03
1.072607919756105640e-03 2.439915439204666525e-01 8.003453857968094443e-02 1.069111999376216090e-03
1.405457386407970221e-03 2.113513806129765804e+00 2.544679390401282867e-02 1.258544989630154196e-03
1.280655015850397371e-02 6.770170645554627331e-01 2.125165266850230494e-02 9.095689255470109161e-03
4.965664088425791704e-03 4.293070249414498107e+00 6.210221572200160661e-02 3.696693228785222565e-03
3.222759393746985751e-02 2.853909697870016249e+00 3.085488493629095011e-03 1.046052312757142890e-03
1.717095349533751198e-03 2.741586118121183802e+00 4.471762428686368307e-02 1.553548426713561269e-03
1.044987668532916698e-02 3.896028130127206501e-01 9.195691860369692786e-03 7.243076440697458762e-03
4.709706388591309439e-03 5.948990398352497877e+00 1.510101028853664921e-02 1.649419300516686898e-03
2.786921627426258881e-03 2.309001484639663648e-01 1.196710769830063763e-03 1.812367399267957513e-03
2.701437246179081136e-03 6.237931806168560689e-01 1.604756550071160734e-02 2.444719770428834156e-03
1.186333941348190375e-02 2.026956944118462056e-01 3.992442335241928181e-02 1.118940179865716804e-02
4.548192267319280807e-02 1.266791548244422749e+00 7.067303897242786792e-02 2.505547498031931997e-02
2.472983781365571850e-03 1.654405759413339061e-01 1.560410159970998002e-02 2.409800011555764728e-03
4.809321663876199755e-03 2.577661557061212694e+00 1.814918041071000507e-02 2.857503185695009669e-03
6.640224226241875360e-02 1.823622833796287646e+00 1.610693948331227195e-03 8.716444923640950023e-04
9.352901331609568200e-03 5.260812307199318472e-01 8.856528556998272822e-03 6.012539188904446677e-03
2.454635322110108701e-03 6.160002601443717474e+00 7.232563708442225903e-02 2.030197646805270446e-03
8.607840693411419886e-02 7.050941048555420254e-01 2.649260449787896668e-03 3.600167710532420698e-03
6.532839339615245655e-02 7.527640061696875939e+00 2.663796727194550195e-03 3.519622716042346429e-04
4.115977579265771291e-02 1.118245966368506039e+00 2.640490137046731106e-02 1.500476312226839415e-02
2.837486359727135060e-02 8.876454446861355763e+00 5.199356284540731718e-03 5.738998596011408125e-04
3.817392959817622611e-02 1.744331347634960061e-01 9.152848210970574230e-03 2.209764714016433998e-02
9.949239198262082445e-03 2.016491489163415862e-01 8.348069048879459830e-02 9.715744870382819753e-03
2.872526704273318729e-02 2.779581921090125141e-01 1.492266351297140241e-02 1.871287684861404690e-02
8.330568195125481745e-03 3.191729359672289545e-01 3.347578620565072344e-03 4.642865031863253715e-03
3.075738982787825856e-02 2.081741388587737551e-01 1.234981590255593330e-03 4.973217228411931992e-03
3.984445873461241357e-03 1.336440188144022656e+00 5.464285681662700567e-02 3.630638358445530036e-03
1.671667086500518715e-03 2.921457846892818178e-01 1.076673919040143680e-03 1.150025098216249419e-03
5.958392651026749726e-02 2.781930386647077924e-01 1.928422173447906810e-03 6.209542639674821979e-03
6.313677690099793460e-03 1.878476113631170619e-01 4.914268584588610267e-02 6.164894172674700683e-03
2.944755992722100126e-03 7.308544356281007737e+00 5.155347511193313602e-03 5.690711521871797286e-04
2.987374402965320506e-03 2.629654116898754168e+00 1.070849763944411656e-03 3.583699476073136728e-04
4.158661615505254705e-02 1.678547283125141898e-01 2.876291798996730761e-03 1.213529941447474315e-02
1.539004301936702269e-02 6.655718921327965276e+00 3.569108394501510542e-03 5.181911390435984524e-04
3.157097036112523764e-02 4.827174505129780968e+00 1.445822694756736422e-02 2.735640540843766594e-03
1.495091045107936091e-03 4.006038782188536818e-01 6.418321057725996127e-03 1.367481593750420393e-03
2.792011931064175903e-03 2.041017172791019518e-01 1.267833561580004875e-02 2.671917007797008914e-03
7.301322972327179556e-03 5.688673684939915542e-01 8.371917395854885924e-02 6.956210720887687216e-03
4.576137768399547202e-03 7.369525474090076189e-01 5.275214006119032656e-02 4.301168005659663889e-03
9.140953538328036934e-03 3.914385216542760615e-01 2.644401894734297112e-02 8.051509527781107109e-03
9.062164132892640278e-02 2.751560580283407553e+00 7.825048146679697281e-02 2.164577650519905125e-02
7.866827184424678154e-02 9.722814416077563138e+00 4.822550583801964164e-02 4.665853493880228568e-03
2.353602125231250841e-02 3.810582005747814360e+00 6.409031807610461942e-03 1.569729481694498918e-03
7.396033022259347611e-02 5.553983472522818765e-01 3.086508292118691609e-03 5.168902569529478658e-03
1.478916923086220350e-03 3.347951660110887184e-01 8.280798363610505225e-03 1.395477084231658543e-03
6.363731498144007889e-03 9.515057765102238330e-01 1.770236657209508504e-03 1.439589374260240653e-03
2.739943523084233806e-03 4.648092194690002232e-01 6.765964650450548637e-03 2.305905206678062706e-03
1.305256187396884766e-02 1.410478978147607643e-01 9.999857095940949125e-02 1.281660022487856980e-02
1.504587337122566129e-03 6.531005581080330913e+00 2.461243151541389357e-03 3.013706250514796734e-04
2.471486033975356378e-02 4.804151878032074108e-01 2.158817880815659673e-02 1.594512077960734756e-02
8.958376297039358921e-03 6.164785967919356402e+00 4.289392326262575494e-03 6.456428157780025323e-04
1.049788829298141032e-02 1.356030201403860325e+00 2.599342850162675994e-02 6.783089528400353813e-03
2.691933237325857837e-03 1.244615521649059309e+00 4.673963665450786217e-03 1.567970289248762222e-03
6.677039573066632927e-02 9.111740350279557532e+00 5.586686386543795665e-03 6.075516052702379126e-04
1.675367591350694196e-03 3.719271563602734254e+00 4.916893168182769058e-02 1.486929920317787372e-03
3.930833745743269464e-02 2.708723215058130851e-01 1.547953505119825483e-02 2.328905060391021908e-02
2.400234147460387872e-03 1.218460379504981289e-01 2.678113711325495663e-03 2.163926138117653643e-03
8.379697962396867247e-03 3.463169514358473311e+00 1.423493330826437579e-02 2.757687162115018010e-03
6.252735799148581228e-03 1.033671779542295194e-01 4.152061785482349943e-02 6.156894945330602421e-03
4.540226532791817246e-03 1.706510675054316584e-01 3.634682915543089015e-03 3.742457946668109603e-03
3.401446789780302165e-03 1.869819986028903092e+00 8.140069090932840201e-02 3.154941260203267435e-03
2.038048804937093745e-03 1.296832188884120551e-01 4.434757694452976136e-03 1.923417800835350473e-03
1.769203529531777550e-02 4.415142891417555226e+00 7.270820425213636758e-03 1.506559627314764784e-03
2.924707283604256400e-02 1.922554782386342698e+00 2.870379879777749076e-03 1.420489823842829716e-03
1.284003138423948920e-02 3.186738517925901126e-01 4.858770647666984382e-03 6.970157962297847572e-03
3.731558172609105231e-03 1.802999997289072898e+00 2.653670277690540168e-03 1.055497089388823893e-03
1.752851775843003923e-03 5.587048563678919777e+00 8.711434532678795709e-03 8.251877308815906134e-04
5.848993219659613663e-03 4.023196147203372597e+00 1.396439927228433457e-02 2.178301042643810900e-03
6.633598985369588974e-03 5.915389670330292171e-01 7.154327217588060672e-02 6.288675355046881299e-03
2.348872810403644911e-03 1.088767715916919343e+00 7.611491352531311871e-02 2.272518696404134727e-03
5.906915866805485457e-03 1.000886368096859158e+00 1.824363637492718362e-02 4.461192713866734931e-03
1.163968666012466478e-02 1.391925553534059112e-01 5.181545405442433000e-02 1.128677354311432082e-02
8.231800984315352371e-03 1.374798846835905364e+00 1.603913966777091235e-02 4.826363187445012817e-03
1.195179417293652964e-03 2.871807060798970745e+00 8.285365846229649986e-03 8.450896270013338136e-04
1.142616497697121524e-03 1.591907319388578657e+00 1.255150024042279034e-03 4.665300351785642112e-04
1.850352275264763443e-03 8.183625629884529573e+00 1.422805002439636590e-02 8.963680887003009365e-04
4.194939921715385399e-03 5.576183047802640402e+00 9.310229556661171746e-03 1.194296208970898601e-03
7.797250530265685022e-03 6.609569511494777228e-01 7.935893250452488029e-03 4.727297289678689118e-03
1.326590974448803003e-03 3.094041583872741086e+00 5.792524693574541139e-02 1.238810076347647083e-03
5.970032442554253777e-02 1.305579465472479217e-01 2.001969564149768191e-02 4.297045687820628262e-02
1.747905920523121605e-03 1.507470685100896768e+00 2.103668406604248912e-03 7.759730377855587587e-04
1.825596446628166168e-03 5.140403956313415179e+00 2.079733600571869855e-03 3.311882488009288078e-04
5.311370415163631925e-03 8.797938991224284466e-01 2.250801483228226027e-02 4.398246165658906484e-03
3.811034309024061845e-02 8.928675557318274114e-01 2.325153900447623698e-02 1.547030669892253407e-02
1.586962967856868703e-02 2.076970234337407739e-01 1.029756106574994650e-03 3.777736172560956264e-03
1.510075825961437095e-03 1.281161776175019917e-01 9.313043872102777510e-02 1.506945362884833930e-03
5.793949893427348397e-02 3.487662503740877051e-01 8.375770044891878152e-02 4.667798994067887813e-02
2.276995592498333356e-03 9.477229901855578342e-01 1.554361417558969630e-02 1.999411943578725988e-03
1.162286983447373238e-03 1.372782783789995853e-01 4.414903265895481210e-02 1.158101548001343661e-03
4.837531782984367396e-02 2.023161057274064645e-01 3.401068663721987673e-03 1.247540185079299389e-02
2.476333938572346238e-02 3.688370037835793536e+00 2.983365813113261593e-03 7.832730668698979857e-04
9.159105357599230113e-02 1.261809342813234203e+00 4.649327413865643119e-03 3.542152677508949351e-03
9.923537691278878914e-02 2.193128117243802744e-01 7.445467996792745624e-02 7.678934850773025400e-02
9.544050659908701051e-02 6.587462245795408400e+00 2.378304285841819753e-03 3.596743916282501056e-04
8.085089554823740934e-03 2.011452103598935448e+00 1.575486713329963531e-03 7.140804784849010814e-04
7.668766940669539955e-02 6.456606688356796298e-01 1.165078675715008200e-02 1.460756482425285344e-02
2.097947432394826200e-02 6.506664135663183579e+00 7.242767813335938831e-02 7.272603287116530951e-03
4.685126012455953504e-02 3.405239901539534486e+00 1.152243593246545655e-02 3.155814619217397251e-03
2.704802317367420092e-02 7.039137123772610138e+00 1.750497719306590150e-03 2.464151724089229042e-04
3.680340001869564226e-02 1.143784860189801300e+00 4.372134977286153829e-02 1.875040256339245703e-02
4.098510948341142768e-02 3.164546232112978585e-01 1.047686229777515304e-03 3.063255703187286148e-03
1.407031854708422737e-03 5.606875195994008854e-01 1.381153904177063671e-02 1.331005760626542342e-03
1.832003377961087792e-03 3.252526765124906794e-01 1.966589368147705821e-03 1.405995678748464279e-03
7.295369708644797689e-03 6.627451302619163931e-01 9.135285744404735703e-03 4.770512763056570377e-03
2.349460454544908747e-02 2.583473877657777029e-01 3.546744227219128520e-02 2.006137366086956780e-02
2.152415480204270416e-03 2.307933824241002352e+00 2.829799796434692531e-03 7.811423893819075459e-04
2.170331734157079917e-02 1.361950375479038799e-01 1.855945526332531065e-03 8.371072478693678681e-03
8.259003104573658938e-02 3.304088745729049648e-01 2.669622645203885425e-02 4.084197819529520462e-02
4.354591958731889034e-02 1.168805704108741850e+00 6.529680380464038258e-03 4.951397594738405836e-03
6.152530931359581276e-03 4.639937467586999098e+00 2.066523823079204417e-02 2.583556347737118487e-03
1.337771379739804891e-03 5.514041551110503425e-01 1.522692598294586933e-02 1.275958870528062826e-03
2.207849715098809257e-02 3.330851261403786623e-01 7.708980114870008296e-03 1.129938959093551402e-02
3.561897628054832600e-03 7.065936660390376156e-01 8.789179608705824723e-03 2.768987693174803678e-03
1.083001251226812459e-03 2.894172786052947366e+00 1.927378659288773999e-02 9.315140992898530720e-04
1.448951812668649360e-03 5.820681634745337618e+00 5.400162044869610128e-02 1.253225108209067530e-03
5.300967766414872717e-02 5.581136643641525730e+00 2.894902762837864470e-03 5.136679338072952560e-04
4.203642163145406528e-03 5.764832582464853417e+00 1.886596290310171842e-02 1.840072522852494912e-03
3.215170894359156012e-03 4.763814748508984565e+00 2.838951679951430378e-03 5.027539809614970257e-04
6.074494402784331656e-03 6.187025835922142392e+00 1.284430847572716038e-03 2.007402347500634424e-04
7.057552178251358041e-03 1.018588074278202332e-01 5.618208728952860109e-02 6.968388663399220813e-03
1.416964773879904500e-02 8.998186785403854415e+00 4.112345624273149730e-02 3.455634065159546124e-03
1.028950518328580407e-03 4.921159057756014477e+00 8.665461505536341258e-02 9.721436758454605077e-04
1.995539788515008663e-03 3.102154069408420867e+00 2.329313578588102732e-03 5.455815702156426679e-04
4.870750222495887245e-03 2.108682194882168515e-01 2.638573697899041295e-02 4.688256016456150699e-03
1.652348835327137333e-02 7.380404084513936258e-01 1.108239883242898103e-03 1.376505729633205940e-03
1.503207117070662867e-02 1.117108973010741968e-01 7.829883019185876480e-02 1.471645282973592025e-02
1.013403503116042060e-03 3.741805054040719725e+00 3.603586200261316153e-02 9.169185877653682421e-04
2.499254821491718199e-03 5.026543258328253216e+00 1.276747383800772365e-03 2.305682551520177380e-04
5.790421990446981831e-02 5.433559138017085566e-01 2.661029440754996388e-03 4.515487801087081539e-03
2.738113319881765526e-03 8.931911478104229696e-01 2.822409015137436819e-02 2.519771448549056481e-03
8.223311494412527400e-02 1.301099779287948177e+00 1.983055343966208008e-03 1.496402927455822837e-03
6.203066398352890393e-02 3.682928386488136807e-01 9.849702989452568599e-03 1.868728460600179581e-02
6.266736586370202575e-03 1.427794642644284462e+00 2.495446249603655575e-03 1.366619194505216961e-03
7.065412182851394697e-03 8.446780628258521162e-01 9.139353478087152566e-03 4.274296299591635699e-03
1.784484880364024979e-03 2.462922378272295099e+00 1.000228988652791806e-02 1.239738591097204381e-03
1.128198645104346552e-02 9.115040912649772231e-01 2.083099363835752039e-03 1.900389277841952078e-03
2.594183878107909642e-03 7.036274679167798807e-01 2.489712463493271803e-03 1.496800661237421542e-03
1.047442181523956448e-03 1.360978777011066787e-01 3.065080008483059282e-03 1.000891443236296471e-03
1.315015559279261682e-03 2.475151504628988475e-01 5.745614964218255169e-03 1.244514426475316817e-03
5.147449364716190530e-03 1.422285337084806534e+00 7.480786287724331025e-03 2.601483300934833830e-03
6.849270119191594279e-03 1.332754288698737022e-01 1.392267881362002895e-03 4.136908864407628714e-03
3.430955252992687853e-03 4.402282597368518680e+00 1.614032416801472122e-02 1.772375307677525680e-03
4.953195990131499526e-02 1.609907579667804456e-01 5.470931855809486183e-02 4.323082628700534308e-02
7.901106868982779585e-03 5.315192115019020669e-01 2.898585010087694532e-03 3.226467310392420323e-03
2.300259574068541299e-02 2.399219586604490473e-01 2.639311939089948947e-02 1.902454436856882217e-02
2.996423886681388263e-03 6.874505124367236597e+00 2.532939222166507784e-02 1.652522669305348793e-03
4.819367088863105164e-02 2.420038903795881657e-01 1.025369475033891063e-03 3.894598247293967839e-03
2.087411963989286353e-03 2.661684645104498870e+00 2.909474201473342351e-03 7.174138019931510044e-04
1.460580641011807908e-02 5.362833484873911871e+00 1.301541553172824023e-02 2.081152559461463009e-03
6.027613373914547656e-02 1.144601094546426667e+00 4.911709527741568021e-02 2.506653168399267453e-02
2.140481727488692532e-02 2.443750091629222077e-01 4.889475918070455840e-02 1.933621296584929830e-02
7.971973384995280701e-03 2.533751161628988502e+00 1.979811673017794690e-02 3.946036241576025665e-03
6.263794023370983580e-03 3.918508714863350173e-01 1.221340983936454244e-03 2.081233730390835094e-03
4.728070664014504855e-03 1.339760074884043473e+00 1.474397744957222766e-03 8.927091291153980545e-04
3.404941854622407088e-02 1.064279619694772361e+00 1.085829018278855473e-02 7.850250268824939329e-03
1.608669201645134342e-02 6.673000746165942410e+00 7.432805101009407056e-02 6.581507462696921905e-03
1.666567143832722517e-02 6.388361696145834046e+00 3.276778763049702226e-02 3.922150432846814062e-03
5.101864755651359939e-02 4.328003750710371911e+00 2.073818698560412916e-03 4.747044851853129336e-04
3.139645339420309156e-02 5.943832407674055629e-01 1.561829892698539390e-02 1.430460043042143178e-02
5.020167778061373001e-03 1.075852172385382444e+00 6.531163469964842636e-03 2.747837872898717219e-03
4.916666869893625974e-03 1.250648453108698099e-01 1.076781969452516620e-02 4.651065266246798280e-03
8.599817265977924285e-02 6.704577169807109938e-01 8.707591442491671718e-02 5.173882283802989229e-02
5.167980512519133006e-03 1.015949984592749433e-01 1.748924674758403457e-03 3.974734028668035560e-03
2.873396716407295576e-02 1.843578066543783700e-01 2.766051927699898511e-03 9.856860869952138379e-03
1.046667496377779241e-02 6.258282197871357866e+00 1.030194201527672750e-02 1.422420475155610148e-03
1.003569767898678617e-03 9.295197030238758762e-01 3.833269443301329064e-03 8.071478610343923608e-04
3.512130085142161143e-03 3.513660279276062504e+00 2.067500309081594934e-02 2.199374329586044688e-03
5.476987627420547289e-02 8.242153084366677263e+00 3.103437417040286108e-03 3.739614547566571558e-04
7.245410907964786040e-02 6.757992155256654643e-01 1.178827682075323131e-02 1.405878253392805165e-02
5.691038215094964409e-02 5.943369824684807234e+00 7.532912720868668865e-02 1.036589739564461495e-02
9.456139031571508119e-03 3.722056823159370254e+00 3.595223807719517828e-02 4.778305134584366273e-03
4.965238359076935143e-03 1.647950301676160745e+00 1.053423953140203082e-02 2.794562855770246768e-03
1.724860827266970140e-02 8.550703578336841915e+00 3.007007934746569553e-03 3.446412839298192404e-04
5.246675516329561695e-02 4.291183210992016051e+00 2.474359365187855410e-03 5.703465468863553245e-04
2.899473348881273158e-02 1.755831044526858509e-01 6.267425694567109462e-02 2.681645215195171614e-02
8.375278160430377206e-03 1.146601158233924167e-01 5.860108306775971970e-03 7.196044625575906580e-03
1.044591735055646307e-02 2.406548839044818089e-01 2.883385170326514639e-03 5.580550168795619936e-03
5.220927130215283207e-02 3.761000469062235618e-01 1.618514517080596590e-03 3.975711781948635011e-03
3.856803284964932521e-03 3.140451990820797845e-01 1.053468102993230897e-02 3.459098196757944867e-03
2.830070076712955934e-03 5.605577083890493917e+00 1.989856033249813409e-03 3.154151407551860861e-04
1.778898481888918420e-03 1.439150629607473530e-01 3.784936362887771945e-03 1.666198080130025039e-03
1.296801466939348068e-03 5.989882557098299642e+00 1.995543480897007341e-03 2.650580998095912379e-04
4.430328220582607779e-02 2.125284027391706854e+00 8.559442659828124522e-02 2.109642679506488691e-02
1.114645431332382183e-03 1.576415581653788367e-01 2.853668258614701358e-02 1.107824011982964625e-03
9.498721059592174498e-02 1.384311807769862401e-01 1.308460345765480705e-03 8.596623977484948304e-03
5.755623845105361201e-03 2.373967064316745201e+00 2.225724516836573644e-02 3.566288913690998652e-03
1.653834208323159798e-03 2.312973378829872750e+00 1.661265922238307560e-02 1.344293630198924172e-03
3.250023820394350865e-02 4.105614369769091887e+00 1.656570915707527430e-02 3.589283530829825812e-03
1.803260061768065812e-03 2.960678203587398194e+00 4.161165454573413289e-03 7.898561358323798708e-04
2.462150537600528780e-02 8.178923178984867093e-01 6.536563894850047629e-02 1.882265295999010699e-02
6.268339969435291967e-03 3.615043173316916381e+00 7.980325888603911899e-02 4.882066044216290361e-03
8.925826203802523021e-03 1.065662833278310240e+00 7.359098344176975837e-02 7.904180135100039029e-03
4.297848416047221794e-03 1.043521617786455469e+00 6.887543785947589092e-02 4.035098655448908674e-03
8.901157841543860805e-02 2.007360767656973799e+00 4.365288043365948140e-03 2.122778930359679999e-03
3.198565806010026519e-02 3.681720938173471680e+00 3.798786376070309445e-02 7.801385557367970444e-03
2.322665392255473735e-02 1.245363316357329109e-01 2.036635937344120038e-03 9.596740897508849663e-03
1.561727508764040352e-02 5.260623728270567012e-01 2.394681671350132671e-02 1.162796068962240921e-02
5.590358317985155701e-02 2.071256792052418860e-01 5.356131202437207708e-03 1.768074464621508315e-02
2.633970665175473531e-03 1.111370697786281836e+00 4.890645074233839450e-03 1.647720236077905359e-03
1.368963375453973851e-03 4.222148374761451883e+00 2.509761017589759446e-02 1.112707435337754666e-03
9.331252305537654154e-03 3.134549863774070744e+00 2.156146833449189976e-02 3.959703900330185586e-03
2.389635265257527078e-03 1.820174515042789487e-01 7.941751532183931317e-02 2.376618954484396515e-03
1.011056436591270709e-02 2.873743123070543692e+00 2.608490677221660028e-03 8.329206618239611004e-04
5.442563030511559513e-03 2.179860228400929134e-01 3.838407220168321005e-02 5.279384010620798325e-03
7.547105229329474814e-03 2.051085583130642653e-01 5.639881557362274624e-03 5.921761805461377495e-03
2.806716132379063339e-02 7.046881852388489076e-01 2.398518843708242337e-02 1.538249369562209694e-02
9.736475630408250592e-02 1.102073471494665197e-01 1.177303246066832391e-02 5.093813784262028049e-02
1.012134570135615405e-03 2.146739720747085745e+00 3.425785564980995956e-02 9.517690360437636643e-04
3.649808995634789416e-02 6.391139493771996527e+00 3.702836230480074931e-02 5.000002833877619651e-03
3.310376887424483494e-02 4.681936220586567221e-01 6.000114723637624270e-02 2.630809185688306323e-02
4.818920583853101430e-02 1.380105712482876390e+00 1.774154882688433119e-02 1.014805947812470223e-02
1.079704170321850714e-03 1.182217514126955971e+00 1.079440398079532792e-02 9.655296689345031855e-04
8.494883323809571118e-03 2.204464215751247291e+00 3.461700610815179966e-03 1.325322539658202545e-03
3.178669409551243465e-03 7.815597595262266495e+00 1.322187701377096694e-02 1.104108495261200669e-03
8.499552622898004506e-02 3.443754872835000924e-01 1.948111340331781793e-02 3.396424424340710457e-02
3.436466335013693002e-02 1.992077248357163044e-01 5.474860646237987398e-03 1.527054252289804757e-02
1.478445106070481671e-02 1.484865754904735047e+00 4.444690695594188425e-03 2.489327544384783292e-03
9.587633515739077406e-02 9.789574183011744424e-01 5.475432164557422765e-02 3.532421555546900321e-02
3.088774433532540890e-03 8.704946333255211499e+00 5.804684862923646660e-03 5.484276695695718649e-04
1.263127115282664664e-03 5.682151206976334024e+00 1.911164795332117141e-03 2.656168711994980535e-04
2.345541590909285944e-03 5.984792746676207420e-01 1.019386784099203047e-03 9.867400765261611154e-04
8.086625651093722056e-02 7.663126271564565384e-01 6.693590662625282899e-03 7.883287348208400588e-03
3.437312755064367287e-02 4.740812118336709347e+00 1.248045953402675268e-02 2.445279100077346005e-03
1.737150132937168023e-03 1.821970666606751998e-01 1.084713097116774862e-02 1.687899652175644735e-03
3.114414284955450626e-02 4.802673385824299146e+00 3.722931785424046791e-02 6.206892327926199528e-03
1.610280870381489496e-02 2.762365749518688185e-01 4.996973455126996894e-02 1.478654618155088307e-02
1.766959485605495506e-03 5.203575563293951767e+00 4.038348141008827642e-03 5.392333982131072021e-04
2.386552167270669308e-02 9.218477111979852534e-01 1.266133850064662253e-02 8.717671590135256388e-03
8.375477654704701139e-03 9.110290593357314393e+00 5.477940465321137244e-03 5.610151693096533145e-04
1.904531195742323931e-03 1.172577769821625121e-01 9.146965729918596008e-03 1.859140697183894178e-03
1.085383040193069887e-03 2.876400791293570514e+00 3.795815885455119942e-02 1.002896443941003182e-03
1.478355061741560769e-02 4.139161349830300374e+00 1.127181782001867270e-02 2.299611600044915247e-03
3.211154672422179140e-02 5.797619710693573403e+00 1.003937258798754707e-02 1.643035175361052657e-03
5.613925587694260956e-03 4.410570680729382631e-01 2.332337846071608038e-03 2.723062293127295492e-03
2.803154318882789507e-03 2.961342559711293565e-01 2.091131927252816436e-02 2.696127018487159271e-03
2.725681524355632462e-03 6.811797546908712198e-01 5.049257036518486896e-02 2.629009348575692909e-03
1.266557579773178004e-02 1.341589634114676299e-01 5.877007631210557845e-03 9.824926154480970869e-03
2.053436333166049500e-03 1.391786523336696613e-01 1.783898232887637034e-03 1.769886604525676942e-03
2.702660254969999933e-03 6.718656196904917444e-01 1.351281537357741603e-03 1.153120499636142672e-03
6.055870683046790659e-02 8.133284121005432965e-01 9.157384092721525953e-03 9.494009390441492807e-03
3.349342118318515520e-03 2.400369152127204975e-01 4.945386464342022698e-02 3.295763276428150500e-03
3.069084536416996287e-02 4.367105396245898774e+00 1.212606307122670105e-02 2.546310570486376868e-03
2.920261221886376411e-03 3.401028630666250496e+00 2.090762992737691447e-03 5.078390823833648336e-04
7.537174156286946536e-02 3.345585661433904678e-01 1.703955494677627386e-02 3.039347079591124545e-02
2.722732112540311982e-03 1.425029754522503800e-01 1.419258374302225130e-03 2.138192251518832802e-03
4.340458326329846121e-03 1.034456900423851966e+00 3.196295993022230109e-02 3.805831704090793452e-03
1.802217693160935606e-03 1.344549039515282318e-01 8.840338341114223342e-02 1.797291250084617417e-03
9.612081945515086115e-03 3.190920014145423589e-01 7.135165637825287288e-02 9.215924142464445093e-03
1.308190252350813557e-02 9.645315550808152949e+00 3.396912403388001322e-02 2.774809608906011159e-03
4.956528194588523395e-02 1.705223687755959006e-01 1.319603295321863587e-02 3.021361890025981226e-02
8.797259926749199932e-02 4.074317609366661652e-01 1.223050822369234868e-02 2.238142004322138390e-02
1.795607522234549721e-03 2.243460009050688708e-01 7.609787581423911595e-02 1.786152214224983508e-03
2.078494383499765973e-03 5.571614126072635953e-01 9.106230898980645361e-02 2.052393698785782723e-03
2.935205908904659280e-02 4.516857180556939966e+00 1.608208217907821855e-02 3.175289945269295974e-03
5.540562094936501980e-02 2.700612025924761461e+00 3.121791353236665675e-03 1.132332534686871384e-03
2.501584732003085329e-02 2.884724512636438476e+00 1.253312109152497286e-03 4.270482932699218239e-04
1.199702056465561150e-03 5.388857241065277970e-01 1.670794769423230783e-02 1.155009764156858477e-03
9.150738330085229910e-02 7.590115064432607639e-01 5.136480798150315497e-03 6.301321864413327728e-03
7.376633422972987686e-02 1.270323818790411563e+00 1.829169074445346696e-02 1.204754610168565568e-02
2.501956449372087343e-03 4.899676336460702664e-01 1.391161292010634036e-02 2.299340794577947687e-03
9.708383155942101883e-02 7.515247185177909017e+00 4.735306544910738297e-02 5.916913170567485690e-03
1.473781860214089072e-02 3.326497478580320522e+00 8.506326258747279323e-02 9.349393833553078237e-03
1.352063598632201151e-02 1.791985409148350250e+00 7.892319475258222083e-02 1.034485054461398677e-02
1.125920347226933363e-02 4.506430019121414610e+00 3.700939993761227093e-02 4.748773252686047837e-03
6.825695075877639788e-03 4.922923568948867512e+00 3.802757672303275910e-03 6.939278743518880908e-04
1.911462349801720806e-02 6.198800175137970214e+00 1.505152895154690702e-02 2.154454862435606528e-03
3.216708144389056247e-03 1.912980789781632662e+00 5.993594834193030282e-03 1.587181476177332382e-03
2.881864055222030548e-03 5.126148735015317870e-01 4.895659824855989883e-02 2.797449805876056021e-03
2.762061367703632156e-02 3.837244985560394062e-01 1.093044466409576199e-02 1.402310719220314049e-02
9.441982192113408320e-03 4.286593430402049210e-01 1.235723204479091328e-02 7.112430690036935892e-03
1.761178296168807236e-02 1.972722868553975495e-01 1.448156370430951244e-03 5.181260582505370360e-03
8.303886484511242838e-02 3.021453359151413109e-01 4.343508599785054353e-03 1.225414235524588738e-02
6.295986852109585093e-03 4.596921210835596128e-01 9.294281315658392550e-02 6.105852169324702851e-03
1.831565111215642224e-03 9.429654511776780268e+00 2.533359316411978434e-03 2.342921738647406240e-04
3.965842523244080681e-03 4.277728951135975621e-01 3.757295544123620545e-02 3.794514053354896155e-03
4.393151228346150669e-03 6.019399476714748509e+00 5.086272603509023327e-02 2.890398762086942783e-03
3.786232556345402872e-02 1.691073186457396682e+00 2.310595681715329943e-03 1.318758305525119263e-03
9.159764782820085591e-03 7.394825512157470193e+00 7.130022960293990776e-03 8.723626969325173463e-04
7.730468597471522318e-02 2.026266493044198036e+00 3.021496147955567493e-02 1.250038748576698562e-02
1.469209208617781436e-03 2.211718824294527930e-01 4.463436793053369295e-02 1.458590358147194687e-03
4.839010816506743307e-02 5.395612458586075411e-01 8.164554827430416106e-02 3.666500688570580035e-02
1.941052099818162385e-03 3.550488908094680429e+00 3.397001400311856767e-02 1.613676629065926389e-03
5.984738862542542115e-02 6.923074698889634115e-01 7.138722425408387806e-02 3.786862483639314575e-02
9.970672218377005236e-02 2.488690350641582505e-01 1.112133094978780615e-02 3.085748832945798756e-02
5.148201264269224725e-02 2.255237325173445662e+00 1.781042393678048969e-03 7.778045751225258790e-04
6.048731952420730029e-02 1.925813293284310279e-01 2.352302545548208557e-02 4.045418840038716990e-02
3.251703541112312135e-02 3.403373322883013752e-01 5.362988357319688204e-02 2.695479545248724226e-02
3.023264834397623030e-02 1.235095696255452263e-01 4.874232240340869299e-02 2.808140556849315558e-02
1.202068242869443020e-02 1.898058828076825133e+00 1.654070224319103416e-02 5.052016744786925161e-03
2.100697864293473924e-03 1.687998011423055278e+00 2.366089523694066016e-03 8.407283417440224085e-04
3.584933166092043981e-03 5.116135582241055246e+00 6.988226535336693537e-03 9.890677458273024192e-04
4.829284978538255294e-03 6.269052926482662214e-01 4.445040664650086459e-02 4.521337960553769610e-03
2.911287257983143431e-02 1.177667035238150611e-01 1.412903994228933979e-02 2.342790092013093822e-02
3.752780791163985719e-02 7.523382980050395963e-01 7.375804295170974162e-03 7.773163208505546630e-03
8.605535832771396207e-03 1.256529504687490251e-01 2.023900775627184359e-03 5.608876973934994771e-03
5.875143752452233539e-03 6.625913975768575881e+00 4.060272464745087739e-02 2.999422599494599648e-03
1.169180468560910603e-02 2.119154733809692548e+00 4.301817091481643235e-02 7.418846361734204864e-03
1.662728207907807412e-02 1.949669008424454564e+00 5.609761069846468801e-02 1.053773438622143677e-02
1.243225204419649496e-02 8.550713701826865076e+00 1.286463677734156832e-02 1.342094434395451740e-03
5.346676848257499171e-02 5.470741455396150865e-01 8.720503964602301095e-02 4.003742733174529833e-02
2.782939018923670255e-03 1.609902728137388106e+00 3.577576323300937083e-02 2.473214109838662526e-03
6.858040397022108214e-02 2.739854951965697283e-01 3.122140725748825864e-03 9.771629512890445818e-03
5.462171995893857872e-03 1.723296979354610903e+00 5.044840460769049739e-03 1.905947996942492385e-03
3.175110897841615810e-03 4.315571367039922612e-01 3.962105411293716239e-02 3.068974473605419126e-03
3.835914403870368736e-03 3.769412610435570743e-01 1.755400493499026642e-03 2.103375092728388979e-03
3.722650201205213172e-02 3.263525822552513778e-01 1.026854686333866958e-02 1.705194054437330145e-02
6.594969870056217182e-03 9.410809575097387025e+00 1.647232192267688092e-03 1.705106830965939574e-04
4.206372673678693275e-02 3.512940616916858105e-01 1.580681348644666102e-03 4.064782424844737806e-03
4.599253753799180389e-02 4.544886505872308136e-01 7.906480590876822923e-02 3.637558992713756795e-02
2.849899635924951508e-03 5.076090527065625579e+00 1.003841712621407955e-03 1.849264995248162569e-04
2.380073403386082694e-03 4.178009685233873505e+00 4.405460329405382069e-02 1.941777045634507457e-03
1.191588923360220598e-02 1.055640489026646867e+00 7.318663385056843607e-02 1.016823230300817858e-02
4.075060544711992666e-03 5.277201314995926262e-01 1.554608884987457827e-02 3.579858486354474487e-03
1.016506974675792513e-02 1.886997146835903694e+00 4.432391285190163087e-03 1.908014519774994073e-03
1.479605807631874555e-02 6.196174783882920645e-01 1.132937853348309903e-02 8.178167340184634010e-03
1.522833022203468794e-03 3.933014476014669580e-01 4.036498859199896469e-03 1.326071593042309335e-03
1.960214047832179937e-02 7.778598221365589538e+00 1.681741205588407244e-03 2.138424955155415524e-04
2.995482002560081319e-03 1.368714253141785520e+00 1.732879305775595138e-02 2.422357018459057182e-03
2.198979258906042216e-03 1.486519441460090463e-01 1.989801711916282245e-02 2.163438517446708044e-03
1.513222453201930676e-03 1.171516873571967876e+00 5.866378011208881263e-03 1.162058907892753916e-03
1.375263842658011430e-02 3.241697356194032320e+00 1.892720809004960758e-02 4.098610284858967938e-03
1.292491982095719848e-03 8.530911934349298065e+00 7.507099353486279547e-02 1.126967398017684769e-03
1.401878351398470370e-02 1.278723994336818937e+00 2.087373140633037773e-03 1.462132622696327329e-03
1.714858480799608120e-02 9.227191777503674919e-01 7.351531972282652518e-03 5.439876195398703033e-03
1.623086752541832382e-03 2.107663477604857505e+00 7.130536727448104350e-02 1.548782900809755197e-03
2.502574439245719689e-03 3.254261866953526705e-01 1.046599411393035230e-02 2.321897756815412706e-03
1.890424431938928992e-03 1.397094861471233962e+00 2.370579176935642615e-03 8.941910714877229858e-04
5.612779941075969788e-03 1.206958733140551132e+00 1.379391787222974432e-02 3.764150743133485265e-03
6.115100345820456695e-02 8.929808840215150978e-01 1.921620567258431819e-03 2.078764631999512058e-03
4.276620502011303261e-03 1.773412569909837533e+00 2.138862239531872864e-02 3.157130505262787951e-03
4.636529617685028470e-03 6.838919448558896441e+00 2.308473188484891445e-03 3.146427318855237170e-04
2.714210643867627851e-02 1.475455474838350156e+00 2.130618188615622174e-03 1.371094668162534851e-03
6.861079364585224820e-03 2.179475545316972074e+00 7.798375711764890701e-03 2.351680658713722980e-03
4.184599208270322647e-03 1.551762458948988455e+00 2.575432180488065794e-03 1.188358954112245193e-03
5.489378375838381736e-03 4.066926252573399014e-01 8.262390645737116221e-03 4.321667997881499176e-03
1.500482978160962632e-03 5.062507836431532349e-01 5.081378720981614278e-02 1.478382481954399873e-03
6.603088081102134570e-03 1.923759277174696525e+00 1.765816814411534999e-02 3.840411925251870518e-03
7.327348942254675347e-03 1.676789073476896152e-01 9.340028823863889829e-02 7.232212204941210719e-03
1.618778909710969979e-02 2.500743209958337321e+00 8.950830248413222182e-03 2.931161465042355155e-03
2.116201713306327479e-03 5.005980016091511331e+00 2.076695505767737083e-03 3.468494136502898962e-04
3.045292742863996236e-03 5.667113881591829383e+00 3.778186978133556140e-03 5.469467462882836436e-04
5.123133632806669245e-03 3.652534499018995073e-01 7.377215669114915719e-02 4.996399189896767908e-03
3.569286363513286126e-02 5.217570822472354930e-01 1.644605165348443990e-02 1.673859365707591057e-02
8.201876085197174274e-03 1.455245715365215409e-01 8.359880691470579495e-02 8.086422904037052911e-03
1.148126242414881579e-02 3.161798630645312969e+00 1.412408716332398543e-03 4.299809156501526505e-04
6.643738044311993038e-03 1.048880613584374677e+00 9.199854396409202703e-03 3.780314705079537187e-03
4.984258035387240104e-03 1.522019647756084615e-01 2.526093150983837066e-03 3.833127283826996603e-03
5.542076291027741783e-03 9.931909655183037700e+00 8.029336617380755659e-03 7.055218746400937187e-04
2.397368582627810649e-02 2.819648812205699517e+00 5.278111779021835148e-03 1.736328627749192778e-03
8.079874538485458391e-03 1.677228244586731476e-01 2.082209893321386712e-03 4.894410661298649601e-03
4.714555836818768580e-02 3.116932891047199838e+00 2.774268961505043426e-03 8.735715368956845561e-04
2.354731045608723494e-03 1.241560665208755188e+00 1.814390557133228150e-03 9.017440041950421049e-04
5.328797533940441040e-03 2.815957253712578212e-01 3.333985849909997662e-02 5.099287830480470074e-03
1.971498293863939086e-02 1.047181265658010813e-01 1.633869654938667352e-03 8.709668134091465633e-03
1.406710450410732921e-02 1.157334378958484455e+00 2.391762384615120710e-02 8.369868803044829345e-03
1.550609837680821945e-03 4.296790008924751270e-01 8.729906314504584652e-03 1.440659062181216506e-03
1.513782341946235191e-02 3.181437276509604395e-01 7.843970890997617462e-02 1.426216204469887491e-02
3.030058213476725416e-03 2.391883798955105056e-01 7.678741465367576458e-02 3.001726546397348507e-03
6.842131170807470852e-02 2.659028478687195940e-01 9.175484869360930884e-02 5.709946217664722823e-02
1.491164094994927060e-02 6.036031984582319154e+00 3.241260747966629580e-02 3.948097983879505883e-03
2.142221484699090902e-03 1.271736789364566744e-01 1.239719480323370031e-02 2.096157438968231090e-03
1.087322801969666658e-02 1.155040630577730987e+00 6.038623563768517021e-03 3.530518809294645472e-03
3.983041450394907840e-02 7.775827675972512010e-01 8.648172543042603744e-02 2.932745867345801921e-02
5.259155184524405904e-03 7.655388564601840473e-01 2.109455268886667369e-03 1.808145223324525474e-03
6.919613194018596480e-02 1.346902235353188426e-01 7.913018086685096042e-02 6.190490231229513196e-02
7.364895272385303671e-02 4.651565806172136552e-01 4.896555998826431638e-02 4.333207362874918339e-02
1.061318716924406673e-03 1.825429881974528767e-01 3.010786466727716215e-02 1.054533070481744866e-03
2.303357222909187436e-03 1.056355326584247634e-01 1.016407173127781413e-03 1.858462375906935532e-03
1.191029084262880400e-02 1.053925990168241983e-01 2.358437440014910912e-03 7.773119765249457760e-03
3.310493908491730919e-02 2.405275586911701513e-01 3.518481004761272318e-02 2.699558646628919673e-02
2.681188472693377470e-02 4.180236069663493481e+00 1.982276490890364212e-03 4.659609368665574409e-04
3.723860266607126324e-02 1.437321304200892325e+00 2.128143082486228226e-03 1.424011771335256717e-03
3.094801837430928917e-02 1.405914233521652901e-01 1.630374146524707704e-03 8.435625138367619860e-03
6.835572583697692439e-03 8.464875828650260114e-01 7.393071216869166046e-03 3.834488975378777358e-03
1.534522185796407048e-02 1.190003645430046109e-01 9.033287165936632057e-02 1.504116340851175196e-02
1.347493685138271939e-02 1.864605792534899109e+00 1.929361952218801995e-02 5.852899103010648571e-03
2.682567233021062366e-03 3.682632012701141377e-01 4.220985622267272447e-02 2.621219508561094865e-03
4.101420300353349202e-02 8.677456768489000272e-01 1.142639003797139667e-03 1.275828807887588977e-03
1.061666632212980273e-03 1.446705124130990006e-01 1.747975477531260547e-03 9.759145553230413840e-04
1.268883884540547308e-03 9.503640993892412681e+00 7.325258370739017900e-03 4.795073411893720043e-04
1.712206286360652349e-02 9.795868724501239910e+00 6.812963462811164050e-02 4.945917277644447559e-03
1.028383357844813058e-02 7.742736690759793872e-01 1.695335919029879179e-02 6.997371123448971157e-03
2.761006040146949878e-03 1.953811764335908197e-01 1.116245873925032902e-03 1.861431340956751961e-03
1.789605868033157521e-02 2.259872420696511952e+00 5.212442256175210675e-03 2.043186030009386256e-03
4.009738122278533323e-03 9.796296703951147933e+00 5.567253723851911529e-02 2.350973735169315307e-03
3.175138844672352467e-02 3.559938361289551323e-01 6.949125193199170991e-02 2.730931380743678236e-02
8.089989745472590810e-02 1.159495442105694218e+00 2.163741975441333450e-03 1.824031811142417603e-03
1.393269380668374791e-03 2.697808840905498773e+00 1.326950965136256162e-02 1.085723105187464451e-03
2.293724740765502347e-03 1.442803313089166262e-01 1.495717984655673197e-02 2.244072864044966385e-03
3.567967518078497130e-02 2.526274320026562492e-01 2.938771076667594934e-02 2.730485461244787707e-02
1.318675610831070242e-03 4.463482353436379890e-01 4.641475392787715315e-02 1.302162799162916119e-03
3.719931456478323129e-02 1.262091136634844457e-01 1.504178969880251050e-02 2.835047250681674985e-02
1.170049637107452994e-02 9.397728775492653064e-01 1.922248001058679502e-03 1.741071084388347073e-03
4.784223315442004756e-03 3.246252453691567119e+00 7.695358200968845097e-02 3.980814127602158060e-03
3.266899659517332865e-03 3.838187467376931172e-01 9.098945591488874496e-02 3.222491508402663355e-03
4.796428923856626420e-02 2.621296275967979650e+00 2.047237408967316971e-02 6.716390178976541087e-03
1.295527178015967512e-03 3.226423197223555195e-01 1.869664910398021124e-03 1.058813411421495208e-03
4.643187898807643772e-03 7.527910703206261545e+00 2.533558603706233259e-02 1.951230092500575971e-03
5.255123574997078856e-02 1.405269600875657554e+00 1.270438388762007258e-02 7.713548690519714951e-03
9.527953949544445966e-02 8.911799375599234185e-01 2.096220904608430899e-03 2.295516039025700689e-03
9.192160757708688762e-03 1.626699658524575209e+00 2.363477675080515039e-03 1.254620698251966140e-03
6.236690349353108537e-03 5.867637659092772573e+00 1.879252795349003677e-02 2.116070993180952688e-03
2.612912908957882707e-03 9.245341557036187430e-01 8.619784216298063961e-02 2.541681325493161565e-03
2.060402138115995443e-03 8.290382902814918964e-01 3.431330778671645015e-02 1.962697031890426724e-03
6.843981512233668352e-02 7.694443099163528199e-01 1.312688574215037721e-03 1.664529286602884749e-03
6.474651788494209526e-02 1.150953824045397145e+00 6.083398156155080463e-03 4.886613013544914910e-03
4.577121894454366097e-02 5.353427295126548913e+00 2.120260423886171502e-03 3.926589760393346890e-04
2.359299947684971761e-03 7.923113501563556760e-01 8.394007110113024805e-02 2.307904166214275361e-03
1.670952024605826779e-03 2.754940475055226989e-01 1.903160605855935394e-03 1.345501517300874477e-03
2.470029791190959251e-02 2.748588856291092064e-01 1.574717666082208270e-02 1.725928481854796526e-02
1.055906214990854882e-03 1.567134159165367802e+00 2.429874376712670009e-03 6.281413646075403694e-04
8.413829234024292406e-03 1.025174167566685224e+00 1.339894423385831757e-02 5.118663106301831779e-03
7.654440896425381176e-03 1.162665223279119919e+00 1.562656137555015496e-03 1.143282433464450553e-03
6.829070185950057888e-03 9.598630944464538572e+00 5.120065504216976364e-03 4.947699254236608175e-04
3.580730218120867225e-02 2.320570051480904894e+00 2.871772804329169541e-03 1.196187821040996940e-03
3.542515757895223216e-02 2.680991867608817802e+00 4.536940649325554853e-02 1.145199484929959946e-02
4.280230268103576291e-02 2.021705249703197871e-01 1.318013712831038377e-03 5.657595518118885107e-03
6.984013794039946321e-02 1.271849566261886721e-01 1.599304416989923237e-03 1.065602945000723722e-02
1.987993131701649985e-02 3.622036708690271056e-01 4.068579633372981091e-02 1.689062379266624558e-02
9.556253025531993850e-03 7.683115503519248435e+00 2.868930810668079544e-03 3.593651544049326321e-04
2.973688709801486623e-03 1.393952468770965902e+00 1.159704539391887175e-03 6.500800918248239319e-04
5.183586095754856571e-02 2.212220300433702214e+00 8.783836330191816325e-03 3.688091741004464064e-03
3.889446207713265907e-02 1.297422473131949250e+00 1.311858534771635429e-02 8.025026984945889813e-03
9.713727094388446837e-02 1.381085786027320961e-01 4.900065717687047961e-02 7.625895374712034214e-02
2.826858803061188183e-02 1.378277230436930401e+00 1.819675036580288476e-03 1.261343616756652316e-03
5.544734516252069687e-03 2.241045184794663303e-01 3.621767520701184295e-02 5.360809347860659782e-03
1.037530254782046638e-03 6.713167487378730591e-01 1.190221089584087748e-03 6.545126946663388807e-04
3.877590018577638936e-02 5.994440152183611037e-01 5.374669846686483399e-02 2.706920657601726010e-02
3.568481979309539448e-02 2.688410512717028800e-01 9.360248906596507767e-03 1.762279396296700940e-02
2.060611259059366360e-03 2.498168509287320038e+00 5.880319027798504988e-03 1.098746026817634322e-03
2.262959272248626572e-03 1.484089065779546635e-01 1.977904160458401894e-02 2.225176320054767561e-03
1.311332599372344847e-03 1.211989379854580412e-01 1.628634363230010984e-02 1.298659484546471708e-03
2.664243367213962876e-02 5.016025307352537377e-01 2.832086573947455166e-02 1.810101492956508670e-02
4.296061868276055545e-03 1.394303722599211648e-01 5.729973879820376287e-02 4.251616211712318412e-03
1.298112123588504932e-02 9.000005314268682000e+00 3.538555486929959720e-02 3.017718491323627145e-03
3.665810428346424898e-02 2.247814317163199793e-01 4.548871041679118654e-02 3.103606952274026373e-02
8.523664183035045694e-03 2.325574905287767447e+00 1.115715822559199856e-02 3.069760043763187455e-03
2.250261259434592487e-02 5.712210981675322152e+00 1.978420104759928688e-02 3.001514228180487791e-03
1.415599953218117744e-03 1.850609377726807059e-01 1.913715204636801722e-03 1.245149041209851802e-03
4.780544086509126017e-02 1.201306913511389907e-01 1.657797553396260504e-02 3.550565946035615789e-02
1.867363672581226486e-02 8.826819490704368443e-01 2.219242850420010890e-02 1.071519121348393257e-02
1.957470473995248650e-02 1.606609911587642436e+00 3.140735166847678783e-02 9.780880595795552260e-03
3.675987618118639957e-03 1.286955684997316829e-01 9.292608227045579330e-03 3.497910274043256745e-03
6.646199684423884091e-03 6.768313013645885778e-01 1.568623584100782564e-02 5.165021745936797248e-03
8.913089739536495318e-03 2.243478097850337971e-01 2.520447043380382064e-03 4.970039165957582626e-03
6.818614652520307851e-02 1.484066343876999650e-01 2.849728441536746558e-03 1.498279950411239049e-02
8.732306381118779340e-03 4.436689195133491026e+00 4.539237426425894728e-02 4.711244707266868184e-03
7.747407436540861003e-02 3.784414211762276437e-01 2.667691814601936932e-03 6.461261402994424551e-03
2.865643921558498966e-03 2.207876104612221946e-01 7.869437662609707340e-02 2.842788054225586867e-03
1.243943874418890726e-02 1.614405899289214075e+00 5.507016785552029670e-03 2.677062061760027666e-03
9.930320550262310836e-03 1.951285067963467734e-01 7.494194788026974086e-02 9.680034908854115785e-03
4.816644531297110607e-03 2.431766239109552252e+00 4.261056843823506773e-02 3.778104841241492710e-03
6.964226550515201578e-03 8.053643808970137874e-01 1.703041223316408741e-03 1.622089684422527503e-03
2.218310212335738215e-03 4.319834799530879899e+00 6.471372270311068209e-03 8.941956198034693715e-04
5.821435049322945705e-03 1.739445278928283045e+00 6.178806050318269745e-03 2.206059281791028677e-03
9.839384424551671227e-03 7.720651644815422765e-01 8.873708966990001210e-03 5.301150716904100453e-03
9.165291999427898836e-03 3.112374576090195077e+00 5.416944705210905570e-02 6.003714681177762906e-03
6.843996636641938580e-02 3.760609665319695760e-01 9.431491540359666914e-02 5.376738356282895204e-02
2.375575678115952275e-03 5.591119777841339067e-01 7.409248599188501816e-02 2.333740079793724092e-03
6.046681025357728001e-02 8.529914850400967197e+00 2.204022670934662614e-02 2.477984671529512035e-03
7.825597072984627478e-02 6.468988823889418427e+00 4.706103745456857376e-03 7.207861584147058935e-04
1.162318073197423241e-03 1.639328492101605361e+00 1.180644489357941546e-03 4.446711753281664260e-04
8.785207651825052005e-03 1.227637733575935725e-01 4.415531306945798956e-02 8.575742856451818233e-03
6.888369436605504270e-02 2.917058570669971207e+00 1.543001458025547402e-03 5.249270809026629434e-04
9.246150098510758433e-03 4.806512153981136848e+00 3.601326587084118045e-03 6.930950398394233360e-04
3.119318603363054661e-03 3.903212368214498684e-01 3.062002244130163087e-02 3.000029192776202096e-03
8.412439522589226087e-03 2.529462288314920926e-01 9.106060492078528121e-03 6.818985907357840402e-03
1.150161014958460577e-02 8.720303001562628609e+00 8.582413631229658668e-02 5.303604898123649193e-03
4.402155010615341202e-02 8.296420253814226209e-01 3.911637367984900290e-03 4.258726311170007300e-03
4.503298465392149841e-02 1.241300427224640623e+00 2.555703501021707510e-03 1.968875691459200800e-03
7.318083529799441697e-03 1.791523165122933803e-01 3.170156544731305998e-03 5.177057070472558011e-03
1.206720153120112394e-03 1.170548937034793457e+00 3.227245434821547632e-02 1.156118300049841776e-03
1.509376891127825124e-02 4.192333970682555755e-01 3.956756342599063170e-02 1.301271975646038463e-02
1.555650335536508952e-03 9.862790257837909635e+00 7.131649685868401457e-03 4.936373750827930621e-04
1.781149565817830363e-02 4.792588455145900816e+00 5.140336323680137071e-03 1.011641243390223313e-03
3.177853762007691769e-03 1.550394273502160969e+00 1.257534497037125472e-03 6.461777153738108110e-04
4.272596784511385054e-02 4.573900446809177622e-01 4.259169693801204137e-03 7.645583986855753432e-03
3.804366457652476243e-03 9.246452810685201751e-01 1.074982205853250786e-02 2.866390703022503837e-03
6.144711167863685375e-03 4.786619517709616467e+00 4.873828831473889060e-03 8.734782551843066432e-04
2.203992122252434668e-02 1.575093171651346990e+00 8.963547840138964828e-02 1.588703179426916023e-02
2.650510337703444047e-02 6.010708176266725822e-01 2.537974944867496183e-02 1.628354990715691342e-02
4.448504975444347170e-02 4.293281900114025995e-01 2.636203814072985915e-02 2.579625826971494035e-02
4.492271273038499907e-02 1.119186002861581652e+00 9.460648548256312199e-03 7.114423197803846147e-03
5.764225905357872604e-02 6.820592763910938716e-01 7.634537503123305091e-02 3.804849532695953052e-02
4.531243521666640343e-03 2.810377865973753941e+00 7.860691219568620436e-02 3.899513131462779749e-03
7.298961925512187365e-03 2.210929087315055774e+00 8.462474754344169459e-02 6.130003087712013188e-03
1.301231529895514709e-02 6.536161513057998640e+00 1.655731460681830487e-03 2.484812911838530118e-04
2.958445386227784215e-03 2.878309228674768572e-01 5.506595452381894511e-03 2.562226357274269978e-03
4.955573077495759732e-02 3.750129742067082050e-01 1.041698073075166767e-03 2.630326759670765201e-03
2.258107479123776934e-02 9.287532427175758443e+00 1.769078276817299608e-02 1.756612219565640036e-03
3.011177483846300997e-03 2.399003266888537933e+00 1.272657136935369899e-03 4.510333364570840256e-04
9.245139245086806193e-03 3.936108264271364732e+00 5.944224181158543757e-02 5.734526746923811202e-03
4.591160983895990234e-03 3.219006501031852263e+00 9.144082000132312121e-03 1.754873923806182269e-03
2.500318898474785875e-02 1.943795665735909006e-01 1.877887148203545575e-02 1.986260245831605181e-02
1.131800019196785474e-02 5.558592665138858635e+00 2.357191187688963997e-03 4.087476396102362975e-04
2.597057510927203161e-02 4.348008500193780712e-01 1.131563234674683692e-02 1.299884523802531666e-02
1.010467677891488955e-03 1.637144091583431438e+00 2.575021668540060024e-02 9.494704766690436476e-04
9.916665072341701581e-02 1.909425721225918915e+00 3.577146277004424404e-03 1.838679177533705366e-03
3.242741415800589212e-03 2.459268356729037652e+00 3.082132190924824836e-02 2.576176327070253593e-03
2.606765314239050182e-03 2.255595843326098304e+00 6.544845259436968266e-02 2.391881594511900428e-03
2.182710800894721234e-03 2.147887695604195624e-01 3.962715380942948701e-02 2.157189478110794773e-03
1.073031727056919862e-02 1.313819421534384579e-01 7.768766973516691605e-03 9.082202900903078857e-03
1.781829912929388951e-03 8.819851237816819234e-01 3.591796989301250260e-03 1.239501133292180953e-03
4.492933307953753119e-02 1.209081949551046031e-01 1.267176455018712185e-02 3.144780864784602059e-02
1.844330586717649219e-03 4.132184961286569091e+00 3.482220212063060535e-03 5.784176608334357312e-04
6.984897572377382624e-02 3.159955338550650694e-01 8.895056419273641990e-02 5.596256795063089123e-02
1.416529471383088518e-03 8.460417768819255002e+00 3.086375088335965508e-02 1.020332968403179575e-03
4.263339010845685478e-02 6.715802908967194451e-01 1.969386897839368444e-03 2.743742991511637520e-03
1.254786085857781961e-03 1.084980649624823767e-01 4.283611828661551546e-02 1.250810755868818043e-03
8.480191652788834911e-02 4.594027429620426872e+00 6.899865444146921316e-03 1.475783324613983089e-03
1.011766249539109569e-02 6.551364960629755263e-01 4.671678364739020178e-02 8.860485143478638234e-03
3.138489211463708212e-02 1.489798526608140106e-01 1.950063863371419987e-02 2.531504164680140403e-02
4.711169488423929547e-02 3.117354678060418216e+00 3.485114489870416894e-03 1.092056985272201602e-03
1.192913453138344862e-03 7.002865270811367004e-01 1.502043854210171128e-02 1.130063502149216033e-03
1.805072513993202440e-02 3.804657458496237821e-01 4.295998769224367714e-02 1.556281731104608435e-02
2.725999947192800713e-02 1.351287493216922764e-01 6.808076346052847547e-03 1.768906903339668990e-02
5.656391781332886087e-02 2.756710798233272253e-01 1.399149293066389958e-02 2.675092951369257080e-02
5.068019977311596924e-02 3.289216298042974440e+00 6.822166444437099270e-03 1.992555034069069635e-03
1.790994705847564605e-03 9.665354988601208674e+00 3.625944673101272071e-03 3.101776312243405601e-04
6.511111128181355789e-02 6.258604180053127131e+00 3.920643501086190467e-03 6.204709455410335186e-04
3.904546049092716409e-02 1.148514468074686434e-01 1.040671154204875389e-03 7.354345330742038771e-03
4.632066061044783599e-03 5.651309596470646124e-01 6.106457287008210631e-03 3.242196926234560544e-03
7.600355671910958774e-03 2.427802795845452000e+00 6.410199852884558569e-02 5.901555642394124175e-03
1.021188153737867879e-02 4.751289395902655310e-01 1.087404781241950837e-03 1.869635623373875006e-03
2.445893527798235351e-02 4.160742166338640136e-01 5.635936219804976721e-02 2.071792764475672427e-02
7.183269299199540950e-03 3.377300341319930399e-01 4.978236977670712909e-02 6.849478931434326359e-03
4.298625904310317096e-03 8.431181702071272710e+00 2.198383910391778391e-03 2.458328225062850051e-04
4.925064864859193120e-02 1.983843443392860895e+00 3.179472570255680725e-02 1.209194757833239632e-02
7.136649241185565040e-02 4.685657764666911973e+00 4.944036838904597442e-03 1.039769706625306728e-03
8.241982392964846554e-03 3.520815442785621752e+00 1.683639657083159727e-02 3.026182541870345560e-03
3.878730663953363581e-03 8.081989062704899140e+00 2.867941359805845775e-02 1.853153016903815115e-03
2.454580080476961856e-02 2.567188264502289652e+00 6.544569060521306103e-02 1.250525150781763711e-02
5.312455666900597027e-03 4.097394550824578374e+00 4.115786447491218830e-02 3.474755865841775825e-03
5.256999576598216269e-03 2.425835753863585798e-01 1.634712902467931736e-03 2.953182090332965443e-03
5.817212980551712299e-03 2.010342930095746217e-01 7.447290045105670053e-02 5.727276682479009833e-03
1.468578471851414175e-03 1.489824299124296036e+00 2.174210290207157989e-03 7.319807900702390716e-04
1.602999731549116774e-03 1.552717156628189432e-01 1.379919113654202436e-03 1.358044761400730533e-03
3.080109097752218444e-02 1.277999856627259900e+00 3.973527086924139029e-03 2.824101212241436534e-03
7.700724722596921645e-02 1.645962032666577146e+00 1.174300464792887161e-02 6.529498736160036475e-03
3.094928785847913481e-03 4.768503947034807844e+00 1.395229382503107227e-02 1.504027967412369842e-03
1.115187946981648255e-02 1.986988995335548180e+00 6.209281971240948432e-03 2.440965222408702368e-03
7.766231330477457728e-02 3.431053132441289621e-01 1.573673108833367751e-02 2.883581942364873973e-02
1.603458160895811311e-03 2.589945719921662004e+00 1.056806678439889575e-02 1.151112435162453523e-03
2.875692266070378408e-03 6.366414336491371451e+00 3.272856512761456761e-03 4.361177343003099275e-04
6.916044879006812141e-02 7.422951466464507986e-01 1.566763856768392874e-03 2.048193364636948042e-03
1.631381898379164136e-03 1.599874448929782034e+00 4.853310323103893036e-03 1.060869194975371877e-03
2.307904781177756975e-03 2.119669256668980373e-01 1.305685935378314306e-03 1.678880882950074165e-03
3.170128246483076059e-03 5.880928460419022619e-01 1.742852664297098522e-02 2.863788725770892961e-03
5.669565399247666199e-02 1.027458159469219146e+00 9.345140644578703304e-02 3.492521578381413416e-02
5.630977000196166898e-02 1.093146697862803718e+00 7.001460914386913037e-02 2.996521296730219122e-02
2.108231588594013106e-02 6.523561766006618967e+00 6.545385773372473792e-02 6.798110709331468132e-03
6.644385422374827870e-03 6.399684776865769420e-01 2.189679758952096933e-02 5.563914167198520319e-03
2.700725895215858215e-03 5.307893822925393579e+00 6.050955668841984623e-03 8.016224318348750318e-04
3.227337572225367612e-03 2.192289802280217081e+00 5.652869383075147941e-02 2.868330798285772653e-03
2.726454803390705641e-03 1.141070707299497000e+00 1.011925272144721579e-03 6.691648126961036429e-04
1.237469001611466975e-03 3.375651842808353176e-01 3.441437630380975166e-03 1.103521979926247454e-03
7.721576984524128329e-02 4.583477818836568241e-01 1.184526689896468277e-03 2.500646088113564654e-03
6.516180339092896880e-03 2.968392217403025279e-01 4.359037455725944116e-02 6.239319821566679386e-03
1.255394976004452993e-03 3.490951540769077766e-01 1.826219806737271190e-02 1.225974308160003926e-03
1.380377873821266336e-03 2.578865860884454464e-01 8.274925097536617313e-02 1.374465030572195878e-03
2.242301060978013801e-03 5.707977028871297209e-01 5.134320277737788180e-02 2.187763764212890573e-03
2.268365743015026293e-03 2.817998949014193788e-01 1.233387304944870639e-03 1.494048267442304621e-03
3.767638192152734239e-02 1.717072788979880082e-01 3.195434716770988171e-02 3.133288987675351273e-02
1.447105855162614252e-02 1.552072915634620243e-01 1.038024312360508530e-02 1.189688336652838796e-02
1.706214350288761273e-03 1.259951240343998524e+00 1.880226374598652694e-03 7.960522350730283182e-04
7.300747109050298445e-02 9.232861558358621323e+00 3.651070541055322083e-02 3.751244900423325243e-03
9.110848946044643182e-03 1.903890344454963302e+00 1.458041362697857883e-02 4.160808949767602453e-03
1.079926119928502001e-02 9.546647671690737802e-01 4.205968938153356249e-03 3.129131571673724257e-03
3.341430734368024558e-03 1.626606784328694211e+00 5.789717432385045950e-03 1.723482635698839194e-03
2.308044851955224665e-03 2.984836717153321661e+00 5.937959219107224150e-03 1.068447289427479092e-03
1.647319500730525139e-03 7.744112791659523154e+00 1.131126817235223944e-02 7.741832862319572009e-04
1.600057525950289395e-03 1.513333082134998009e-01 7.051208473919957920e-02 1.594581653408314514e-03
2.574357171916677456e-02 2.460956989362438063e-01 2.293640147259624201e-03 6.842778560207360417e-03
9.952440436102692745e-02 6.019410243505449731e-01 4.782731923156887874e-03 7.358084259194896427e-03
3.081910597159457504e-02 1.416542232804555435e-01 2.970536533750149730e-03 1.247912637696439557e-02
3.066014725044908813e-03 7.852798072778872651e+00 6.757052420094172840e-02 2.260537733798805536e-03
3.918369008595247449e-02 1.020312676935163587e+00 2.720990276825420613e-03 2.496883527425013474e-03
4.550486387465257215e-03 2.463852157717394853e+00 6.416650621518578401e-02 3.873649004858950324e-03
1.067322153582603121e-02 1.461465898890808579e-01 1.110248322139083775e-02 9.358402974030727642e-03
1.678209034637901005e-03 1.606538617501868105e-01 3.347503565092565126e-03 1.553119480900095077e-03
3.258135932355017694e-02 4.443820934762631736e-01 3.133493231517229388e-02 2.228457939624377965e-02
2.060137124758425024e-03 1.965208805111619828e-01 3.145406182982866256e-02 2.033957110163210451e-03
3.858004420684772555e-03 1.345784209378145357e+00 7.207197547746684030e-02 3.598751542207638023e-03
1.658882669599654608e-02 1.359805000608680592e+00 2.138311871874223804e-03 1.436356311277555992e-03
5.441576205520610304e-02 1.818476245151597892e+00 1.105215565339297615e-02 5.467082478111997754e-03
1.997658003395904810e-02 1.989805034118194094e+00 5.028811472121313617e-03 2.243462351116589683e-03
7.808992420198695994e-02 1.643565770310939367e-01 7.457660661944837122e-03 2.869903835120705266e-02
1.928092961068846641e-03 1.740987622066434648e+00 4.808074910216306869e-02 1.802266647493386883e-03
4.067564978011793675e-02 5.886154572123908579e+00 8.781099586544447236e-03 1.439044314904410491e-03
1.802565898037141508e-03 9.629074777097171633e+00 1.517748045375034646e-02 8.409039619966009182e-04
4.825121222019181783e-02 5.444831683890291041e-01 7.104756442693735408e-02 3.522551794594288438e-02
9.190777466438416338e-03 1.864623093431065082e-01 2.933595050061249543e-02 8.683508406128193080e-03
1.044608104851287023e-02 4.409959471470243364e-01 1.329821290534570054e-03 2.340001575196746109e-03
1.031413287733171438e-02 4.752186696465310334e+00 1.212406341078341859e-02 2.045334655844001717e-03
8.727577636133621725e-03 1.160953793347393459e-01 4.819352613082642650e-03 7.211430427778141479e-03
1.968993494525664821e-03 1.605515846591888951e-01 2.402561233464873408e-02 1.943422266395836802e-03
1.521825998988389148e-02 4.274414439587186365e+00 4.817605599846425980e-03 1.049362800081734453e-03
2.466947414418307546e-03 1.069988083731468198e-01 8.539632061201812840e-03 2.392980280011410173e-03
1.031069787019216850e-03 5.743946948649623074e-01 1.041527592408746442e-02 9.755948037635440951e-04
8.202251302335529515e-02 1.690443350792684984e-01 1.429979307361305477e-02 4.164371413477570977e-02
4.156479106464043560e-02 1.025918963267356404e-01 8.314882900507736957e-03 2.747466395277444601e-02
2.925737038078720167e-02 3.707085412437088889e-01 1.084300768242361934e-03 2.659103394549528800e-03
6.877737417584224577e-02 1.664952922946704716e-01 3.050015200384201524e-03 1.446591543793361231e-02
3.763897928670248329e-03 5.645581453025858565e-01 1.517839772768610597e-03 1.568306495289337535e-03
2.655744038378210579e-03 1.290039365350652556e-01 4.168443207048828925e-02 2.634094598871040884e-03
1.136038980191020386e-03 2.431409569511791269e-01 2.439087891519643378e-02 1.123317824874336349e-03
2.459160469404913108e-03 6.375144952189760739e-01 1.580347625483697780e-03 1.234500425687587531e-03
2.755911428917008025e-03 2.491137741988746157e+00 1.189465180037843368e-03 4.069688237867678153e-04
1.042144260678813314e-02 3.308198741573637469e-01 3.040469553041734788e-02 9.360091957594809942e-03
9.005369230149025406e-02 5.046482236725702286e-01 1.828335556613521059e-03 3.482869310451078022e-03
2.167426671029250990e-02 1.390544527727030744e+00 4.896151519303385512e-03 3.028969176012375527e-03
3.219479129279416950e-03 2.620575167797236649e+00 1.201527395909992701e-03 4.013411533933431037e-04
2.168713803612617921e-03 3.500497522860065214e+00 1.226914378739901376e-02 1.339742971904891089e-03
3.628674108299587836e-02 7.059263698322829628e-01 2.273071489520216842e-02 1.706067384383678706e-02
5.448759661646051383e-03 3.593587377963585627e+00 3.964598358756781828e-03 9.174757773280304554e-04
5.494150724200353580e-02 4.169593930287988082e-01 4.017193582613980130e-02 3.498883544373154741e-02
1.105503914274756291e-02 1.937200078610951337e+00 9.338564130585770215e-03 3.356860684023502042e-03
7.841469412475197964e-02 4.974169200241985500e+00 4.810331702909781751e-03 9.552811743450389387e-04
7.988491175176368198e-02 9.756554989888687857e+00 5.630807609048207873e-02 5.382450594207447564e-03
1.581755799117593245e-02 7.352575331326097974e+00 2.763892353364003074e-02 3.037266869590798078e-03
3.304249943787974930e-02 4.512403907824088733e+00 2.124969835916564256e-02 4.121748404252233849e-03
3.392302492645071776e-02 4.962932021915587022e+00 1.952514818881757527e-02 3.525346845251069606e-03
1.489343683218707914e-02 4.042504768838623086e+00 3.182073565427837036e-03 7.476394024306482963e-04
3.527131444665945314e-03 6.852908132230989935e+00 7.372924824702541818e-03 8.244118730870242731e-04
1.071511853338656152e-02 2.837306246313051061e-01 2.231761218921238417e-03 4.535988033484131612e-03
3.940216854669697372e-02 5.417535800600561391e-01 8.279397822918569197e-03 1.101160911836090300e-02
8.016778372606706352e-03 7.641414430551557446e-01 2.225100867309456713e-03 2.136034763988125564e-03
6.227026280520467187e-03 3.330182681185156035e+00 3.443703420521481134e-03 8.868191938904915065e-04
8.103675261802551280e-03 1.240193641788144563e-01 1.168165309680303625e-03 4.356031803297107444e-03
8.530881610294967915e-03 6.979981009565960903e-01 3.638450989203134874e-03 3.235612060447980512e-03
5.074663745791592462e-02 4.886935021874469598e+00 9.879301573865378883e-02 1.445668711269222986e-02
3.117020156373843248e-02 1.243926519484995774e-01 8.064385637837276355e-03 2.104959103252592584e-02
9.907421898349220990e-03 1.860577359704133960e+00 3.053114238841026385e-03 1.407781398702143225e-03
9.579606390379545588e-03 3.801298621994761984e+00 3.233718268983862970e-02 4.505714867078592159e-03
1.311469684210157111e-02 7.245378801866275253e+00 1.069512828332799381e-03 1.459701266019256796e-04
5.912718372970653807e-02 4.431080446780043536e-01 2.236339378137341613e-02 2.722815933184094192e-02
1.107414487306033167e-02 2.012317757736447721e+00 7.594490316444182931e-02 8.561827054085424660e-03
3.713586814028943268e-03 1.078398515611027481e-01 1.024384763640035032e-03 2.669840302780839177e-03
5.453662662543259584e-03 6.072449695292140071e+00 1.121409713744426356e-02 1.379568285971309203e-03
1.547226432138597329e-03 9.838894022109110349e-01 1.321886150052615496e-03 7.191011091004131505e-04
1.722221937917086353e-03 1.945618157990161468e+00 2.080540046536048966e-03 6.597194679651646829e-04
3.180775496287065879e-02 6.169603459358669051e-01 8.643742647154575853e-03 9.726169163234993018e-03
1.166805311606932023e-03 3.071797323652380562e+00 3.007511852130048333e-02 1.042558809737577840e-03
2.093287419586279448e-03 5.464735882622907548e-01 9.070280965342661719e-03 1.858852534217148630e-03
9.549068617884751142e-03 2.482196515491604583e+00 3.037830041548024180e-03 1.084813412556583090e-03
1.061185095035130539e-02 3.873220925707006046e+00 1.326705465544529214e-02 2.589485796289403216e-03
1.409122674034669074e-03 1.703517632216664079e+00 3.973118873773402726e-02 1.328837430365592586e-03
1.281369983697500927e-03 8.518013655305651355e+00 2.744078077099078652e-02 9.167338626313894763e-04
2.139891434126036177e-02 4.625751795060561999e-01 4.470336225911081610e-03 6.657437700880004632e-03
1.182308224800416750e-03 2.988160967860415962e-01 6.058103136624802196e-03 1.117158465225680068e-03
3.134495124184941833e-02 2.037200093579703830e-01 6.649017390592532051e-02 2.859841242000116593e-02
7.536641524766207745e-02 2.302999358161934851e-01 7.714723908828846621e-02 6.152441688120356689e-02
1.267067051501396440e-03 4.420400131720757742e+00 3.732838725204247476e-02 1.101754182907901209e-03
3.459294368154553628e-02 8.183199534743923920e+00 9.914383881425965772e-03 1.170556903582550910e-03
1.575200645001631657e-03 1.024692833553681348e+00 1.550230642286822350e-02 1.426657384775885211e-03
1.410044777377753803e-03 4.201614454895732931e-01 1.457934825974014151e-02 1.354983656316487411e-03
2.662186213637329074e-02 3.472684965500037801e+00 4.799963743862532134e-02 9.098248703556667538e-03
1.646713010354949706e-03 1.648252859290539607e-01 8.319536791184113655e-03 1.594687285528470673e-03
8.606126011380103857e-03 1.279869605316431347e+00 2.753320520506513658e-02 6.147003703950195720e-03
2.895571457533822196e-02 9.595787169571055486e+00 1.960081046690184681e-02 1.908046536939024757e-03
3.536665417289128199e-03 1.714709062546149410e+00 4.080668060063166042e-02 3.079078213584316315e-03
1.148476085498625204e-02 5.253631589588187989e-01 8.860887523839609814e-02 1.075258211378057882e-02
3.584578790999614489e-02 1.173383947481305145e-01 2.245022105145466282e-02 3.018969672747484276e-02
2.348790005572465658e-02 3.084230801091045193e-01 2.104480702461571096e-02 1.747315275255223455e-02
9.165593688019282870e-02 1.060851174533594260e-01 3.572159567091024585e-02 7.204536502138256249e-02
8.282891330680886011e-03 6.024989082541996055e+00 2.642139888343516749e-03 4.164800735247330111e-04
1.025846318860276253e-03 2.167329955017900101e-01 2.053016015899348373e-02 1.014855771391728325e-03
5.007006440398940883e-02 4.965025193845232221e-01 2.501155412458601693e-03 4.577051237124662303e-03
1.925528544473080255e-03 1.953537189260332374e+00 1.361214872953452710e-03 5.116449540551945563e-04
5.810833890601344899e-03 1.671298187890391640e+00 8.624671745544617782e-03 2.733185718506409706e-03
4.224518996589333997e-02 5.453420080967047445e-01 1.486425623027367313e-03 2.560473273425608286e-03
4.484839856635509069e-03 5.882126212442324587e-01 2.534344925584358730e-03 2.197464534696557531e-03
9.826460964049706093e-02 3.349614908088785814e+00 2.904560602865810266e-03 8.595476462425023301e-04
1.206120525404282993e-03 4.990315611737509371e+00 5.152475853589304211e-02 1.079963397602159937e-03
1.170199218966405143e-02 7.987727435498128692e-01 1.235837358337782237e-02 6.662683880752670422e-03
5.927834678556308246e-03 6.906524187569864637e-01 1.119380994804306537e-03 1.272765623240043262e-03
1.358042045277938967e-02 2.040744432543811548e+00 3.825524991966523097e-02 7.875200347407837476e-03
4.197402898366517712e-03 5.779302985222271261e+00 3.112889772516124962e-02 2.359048476144490897e-03
1.101877425152638333e-02 1.203563563185169993e+00 2.991330409348055396e-03 2.027966514525162463e-03
1.408351904134653998e-02 2.729571716934013903e-01 1.525977446538044147e-03 4.001942681350709012e-03
1.023044016391912213e-03 1.491186249365489547e-01 2.210225165196167199e-03 9.569903044281659549e-04
4.881558885241561729e-03 3.425083987888178250e+00 1.712175982203410080e-02 2.469773992660175173e-03
5.460193576315027289e-03 2.444872338524104460e+00 1.549576086328119211e-02 2.933234822426408935e-03
7.404179278978943735e-02 3.475317801882493174e-01 1.099416449095527454e-03 3.033874156321160215e-03
4.595383248190178932e-02 4.591857009475325491e+00 6.773596288208188869e-03 1.429252777752547041e-03
3.871773315525463624e-03 7.438621451085167813e+00 3.003993443874507403e-03 3.656943825906091086e-04
8.200729060655482724e-03 1.330535693045588608e-01 4.523259602894759250e-03 6.606948868255487113e-03
1.671405390623193236e-03 4.473209082092650668e-01 2.569774682628763601e-02 1.624152037505802084e-03
1.097094948749854134e-03 2.234098013257731274e+00 6.096257526904533958e-02 1.054690805498615129e-03
1.409153211580145993e-03 4.820892403384524627e+00 3.871703886543898659e-02 1.198807785117777950e-03
4.878044351325894375e-03 4.757745186527340686e-01 4.324103369068283548e-02 4.629564599679022660e-03
1.741929527475829425e-03 5.106678514765210508e-01 1.068440757119971463e-03 9.505412418632252537e-04
4.329860628481760343e-02 1.131884444320284261e-01 3.349330087096265719e-03 1.757784813034670574e-02
1.230400386230979257e-03 1.735569932645734115e-01 8.065194626315730364e-02 1.227151220917834483e-03
3.548497263652570372e-02 4.960428098396061358e+00 8.046994361523306105e-02 1.113285928963297748e-02
6.509471976732532361e-02 2.524660286993031466e+00 2.151680687817595413e-03 8.412511843633562868e-04
4.075814272883629408e-03 6.471479474061578863e-01 3.246287829195385055e-02 3.769534274056926190e-03
3.754954846703411481e-02 7.149757331665030691e+00 4.719732842912892183e-03 6.487203301962502075e-04
1.001374982987494108e-03 2.850936027848232635e-01 3.973438421780658286e-02 9.942315779546016460e-04
4.247545251067016969e-02 2.222383451811464072e-01 1.931837302827146136e-02 2.853311379042372531e-02
8.218411606446233628e-03 4.127458222615491223e+00 3.202922570044925300e-03 7.090530161029101998e-04
6.919092224754373917e-03 7.552396747682959877e+00 6.103784731466004726e-02 3.727717900832495587e-03
6.133086689194351161e-03 2.865596936439303466e+00 9.625858367306989669e-03 2.170384549535672638e-03
6.616653520617919726e-02 5.766319410036725435e-01 2.217742415868082656e-02 2.432247735637443550e-02
2.026420613252886277e-02 1.809568516954738193e-01 1.066213973114875542e-02 1.507840675587475421e-02
2.378055206044950992e-02 3.969173035179783593e+00 4.441689945159404962e-02 7.609600421420765690e-03
4.995384456619664237e-02 1.538140993109832211e-01 3.153738956564232452e-03 1.453689920851413027e-02
5.114696988628936701e-03 1.279325939744191842e+00 1.030022128539925808e-02 3.127749124407648226e-03
4.749477986273420785e-03 4.716568705078492130e+00 9.371667991511067886e-02 3.833218089501449002e-03
1.863676937743413350e-02 1.450376561881662196e-01 1.926006141220657636e-02 1.634311223578626543e-02
1.904491021495462438e-03 1.280785533410203070e-01 3.128124428388270872e-02 1.889755115143954825e-03
5.748358831339518346e-03 1.995977708929798922e-01 9.063177635544506297e-03 5.102414883112312005e-03
1.480415357098039406e-03 3.101904402355353807e-01 4.820841062803902372e-02 1.466446674405366777e-03
2.722496094640666428e-03 3.893909714493216101e-01 2.271947094007094325e-02 2.601124764094953773e-03
2.648047283233513627e-02 3.591279784567893874e+00 1.196180145396235836e-02 2.958643920104935768e-03
7.532612031439898589e-03 7.541357330354677480e+00 1.387630561047250048e-03 1.796152120350095528e-04
3.588550033120477527e-03 1.300529362710328984e-01 3.404592984011238933e-03 3.155934640099642991e-03
7.708811541658742994e-02 5.342654609304132718e-01 1.086279203671812986e-02 1.608874857762686295e-02
4.805714024586843491e-02 4.362362714801767183e+00 2.148231404897579886e-03 4.874517928382127445e-04
5.702593174601794379e-02 3.850329068946112709e+00 3.130757043166285288e-03 8.016832094827101244e-04
2.414328772869897728e-03 1.220111936402632713e+00 6.006627363937128844e-02 2.301461232859200977e-03
1.922836484369217641e-02 2.133680457987150003e+00 4.117228462681803147e-02 9.631153354983469639e-03
7.263871451995649979e-03 7.512785776575934271e+00 2.179534572031961194e-03 2.789683864483351815e-04
7.137643169267096806e-03 1.682568419139760074e+00 8.705046447178376931e-03 2.999500691730957232e-03
8.986419429723942892e-03 1.181352212614036751e-01 5.796769197805575098e-03 7.595406689565957145e-03
1.887693765633392806e-03 1.234397879983245988e-01 2.945900444693968709e-03 1.749324681479183215e-03
3.093553871140738726e-03 5.946095684547812787e+00 1.921365013974517602e-02 1.580464743570063769e-03
1.680277070112689728e-03 6.947081853482679925e+00 3.944541554305858351e-03 4.243890256865659981e-04
1.936427274329217008e-03 2.486250928641904889e-01 4.877653874509582828e-03 1.762464783123026324e-03
4.909354222881165235e-03 1.066537739896322501e+00 1.374137386808341101e-03 1.020571130827351838e-03
5.187628748454205414e-03 7.111273530768829509e+00 2.286741332107059422e-03 3.027962193966891630e-04
3.699785351131215823e-03 1.317824326484589026e-01 5.752621426542731120e-03 3.410708780839671276e-03
1.007427885771130203e-02 4.923931706189392798e+00 2.208204371051976540e-03 4.293507929525845084e-04
4.833716738678564551e-03 1.327977949927514056e-01 1.568931697072867715e-03 3.430269098761271843e-03
1.717689673099400544e-02 5.242812696278838835e+00 3.828509485865526103e-03 7.004609833125825889e-04
2.049528623983998613e-02 1.528725774907299939e-01 6.482848464756693629e-02 1.955041280727595754e-02
4.478678081903899287e-03 6.554289133318188521e-01 3.449319332602452520e-02 4.127424189384191686e-03
3.598033894790266668e-02 3.522202911055185126e+00 5.144499443363036682e-03 1.403612964275260380e-03
1.845178595306002462e-03 5.924979004247463710e-01 1.045693579161594867e-03 9.020707227353376564e-04
2.637562825509306985e-02 1.083691140982977891e-01 6.104533433237098634e-03 1.796427919907693863e-02
1.731328601484554905e-02 1.819545774281614015e-01 2.774742247010866802e-02 1.554807558128869574e-02
7.426273001439345767e-03 6.727222559909870059e-01 8.926817583717049087e-02 7.032694130546454647e-03
3.818459412172101747e-03 1.930775964886862761e-01 2.739292551298478165e-02 3.718382093499832119e-03
7.251265597149038344e-02 1.105387500487312824e+00 1.556142810063352927e-03 1.380969834338965441e-03
1.650930923637636315e-03 1.425908269420273766e-01 2.246874977568519456e-03 1.494364665461345729e-03
2.053781050514244186e-02 1.467481674509451273e-01 1.965121430296514794e-03 8.105890917723025321e-03
1.948847147134899179e-03 5.192488115703999263e+00 1.100537626356443838e-02 1.015292694287907218e-03
1.332154926998018775e-02 5.043627232043113473e+00 5.502469221011012379e-02 5.997810580009730469e-03
6.963276670393196699e-02 9.812481952044345146e-01 1.956096818223659016e-03 1.937996302126994853e-03
2.028656570923949645e-02 2.525503012213413667e-01 4.564412008375133382e-03 9.558035565362820243e-03
4.250445122147784340e-03 2.962334395801422549e-01 1.083059174763434558e-02 3.807768264147751852e-03
4.720032603240217201e-02 6.920797243865429715e-01 1.507253288179589848e-03 2.081804648822090271e-03
6.013825786499073754e-03 6.302965541257617765e+00 2.274068336174835808e-02 2.255043445124517518e-03
1.065039251919029303e-03 5.593944067436337875e+00 6.867638817792683960e-03 5.702979928432091138e-04
4.698603089039118941e-03 3.829391449998964969e+00 2.251969454685155778e-03 5.226592294463024233e-04
2.207411665205254170e-02 1.770796670264305483e-01 9.251142715627304336e-03 1.551751474278050338e-02
1.035603406338176345e-02 4.403545665753565430e+00 3.115034287108813318e-03 6.621618378743876878e-04
1.150951518699469371e-02 5.440229078717602196e-01 2.889262136532663294e-03 3.634038812910637267e-03
2.368801193890898368e-03 1.299393952641858974e+00 7.505544167040323345e-02 2.275484126963471347e-03
2.392218330823034540e-03 1.029865141720538446e+00 2.018148535902682464e-02 2.131958687545850752e-03
1.043286569845696277e-03 6.465131992586982790e+00 8.477120865795582938e-02 9.663935922161647407e-04
2.326663538324208642e-03 3.871379342344655194e-01 9.210115923987090281e-02 2.304129393559398425e-03
5.907367714612554721e-02 1.336874889224025087e-01 2.626260546553536423e-03 1.474227494656409933e-02
7.157178909013156565e-02 1.294995659840876834e-01 1.643294159355127839e-03 1.077855143398365190e-02
5.525219708401227919e-02 1.079203749633447507e-01 1.602551703539985273e-02 4.026881643305894182e-02
3.528555955163258876e-03 1.956296047323242693e+00 8.110483405383318856e-02 3.251793129880033596e-03
8.048780404564106344e-03 5.478258342208628839e+00 3.617300724582832912e-03 6.102388091147056088e-04
2.213984390414330122e-02 5.110178676938541109e+00 1.543987205115877328e-03 2.980718258533013396e-04
4.403759808834318244e-03 6.431519405324096494e-01 1.645341295910074386e-02 3.757026196267388308e-03
2.177157779591455677e-02 2.278137716537096846e+00 7.525868979209255141e-03 2.868296095040538587e-03
1.107731477233137377e-02 4.225395999084871512e+00 7.893684383390539572e-02 6.953938298967704545e-03
2.912532344134721382e-02 1.629814303722126656e+00 5.435936966720637809e-02 1.554808615280543586e-02
3.357615775053772022e-03 2.332044297460320048e-01 1.505443016341353156e-02 3.191613600182551056e-03
6.288573112846924072e-03 1.624566177068358597e+00 3.191416668283223596e-02 4.763655556989015993e-03
7.857711157492761056e-02 1.635379298284949934e-01 3.013067910342802792e-03 1.492480066014245654e-02
1.393160717675411865e-02 6.270327373458496334e-01 1.122264299999057918e-03 1.586042014829578501e-03
3.927115539026053946e-03 3.789639955843703056e+00 1.227176935444194506e-03 2.991561730891900825e-04
4.412771188364346397e-02 6.106437502289045582e+00 4.774076525329784375e-03 7.682002300668662985e-04
1.511094564616959459e-03 1.150226988470383960e+00 6.082010048859112089e-02 1.469110683787418865e-03
1.331159509910211439e-02 7.021815706211738117e-01 1.504871258034299296e-03 1.845944079827091305e-03
8.323759398438040913e-02 3.820194089098936097e-01 6.631792337522172953e-02 5.626123681242272551e-02
4.232247525476764971e-02 7.776278589116237816e-01 5.206522656815361534e-03 5.780862076363372550e-03
2.009936896559119841e-03 1.302468593567350230e-01 3.492569823569341685e-03 1.869785817280694620e-03
1.430553234809433171e-03 3.009646105900195545e-01 9.939261606845252450e-03 1.371157838531181575e-03
1.708028662105193695e-03 7.026880828067685325e-01 8.457109705657842036e-02 1.684127948859487833e-03
2.139097884268621394e-02 3.702451831051199793e+00 3.514146543388445895e-03 9.088152849833229562e-04
1.975506451318530862e-03 6.824877712419910480e+00 1.459333978264106381e-03 1.929419332117645594e-04
1.253419643281362961e-02 4.333073194583322518e+00 1.778113878159014909e-03 3.973497247772529370e-04
6.446602511936850612e-03 1.024130996561719575e-01 4.915997867531746168e-03 5.683333145771779678e-03
7.741741635365613494e-02 2.110289451352178325e-01 3.384772390131023795e-02 5.221483044111104727e-02
4.594860733015464389e-03 2.734539464647701035e+00 1.745305192557248045e-02 2.671552525991523121e-03
4.664492621118102381e-03 4.855237680663162969e+00 2.217802794556894205e-02 2.307834349405603336e-03
2.499387797719451309e-03 1.488345142156601020e-01 2.234228096063865104e-02 2.458454942092001307e-03
1.611054501130656505e-03 6.456388939009479744e-01 8.069965268526638549e-03 1.427110415834332777e-03
7.200597799280148564e-03 4.370450301301358031e+00 1.752534992590065949e-03 3.798432226415632143e-04
6.708042660652825673e-02 6.421866367842802070e+00 1.459475019396803399e-03 2.264991162924146503e-04
4.804454639974930358e-03 1.723456618214155300e-01 4.348736937093634208e-03 4.035978838119876413e-03
3.225075540312219435e-02 9.900278324435861421e+00 2.295591794426462585e-03 2.302162673613284902e-04
5.845020799020449187e-02 6.392920948229307010e-01 1.344347753100881733e-02 1.546487793110622871e-02
2.569778542405202343e-02 2.334849330827618030e-01 1.546235797442397242e-03 5.265485484194550210e-03
2.748337090301567961e-02 1.672979669566648231e-01 1.296382158089325921e-03 6.044651023623275922e-03
1.122408714027224932e-02 4.013008685745653281e+00 7.438637942275212397e-03 1.590898135356896576e-03
4.493004794137138089e-03 3.960321675860405954e-01 7.271389950420955976e-03 3.609682955246476879e-03
2.520138614314622934e-03 1.244591669426134972e+00 1.995953947432460140e-03 9.800454149591060569e-04
1.789177657597062696e-02 4.917614122330542514e+00 6.035644780809217361e-03 1.148562390873943562e-03
9.372502285946150008e-03 2.942049306885599069e-01 2.084833680152893901e-02 8.277682022234198606e-03
2.659056544496793493e-03 8.103472606700259817e+00 1.157658263875326098e-03 1.355756384523329147e-04
2.213830031940544271e-02 6.609261546244710184e-01 1.169606519085693991e-02 9.834871982645754934e-03
1.878566798267140674e-03 1.719633125508565064e-01 4.098156533275602864e-03 1.741305273971392514e-03
9.231132630764116165e-02 1.540169292480572383e-01 1.017798150904123539e-02 3.851298043883068928e-02
1.974818616686502357e-03 2.815296229907132020e+00 2.264911537779763090e-03 5.716309094364863510e-04
8.300681045835636707e-02 6.059750174577122728e+00 5.638697070505969272e-02 8.367191881973995091e-03
1.055556471298358008e-03 6.946311081277019017e-01 4.931139427077197573e-02 1.040091119368252628e-03
2.467811247728846080e-02 6.534399840754109290e-01 5.118668225108488103e-03 5.946012347505965495e-03
6.611394411159479678e-02 5.666808296813316659e+00 4.802431171556880568e-02 7.511785458862246800e-03
2.698150036854430125e-02 4.627699660842818918e-01 4.094034212315293686e-02 2.067570224556353892e-02
2.951155183740226257e-02 1.609779148405211524e+00 3.100861427614305665e-02 1.165515158344577855e-02
4.281917432439431154e-03 2.410292864627628651e-01 8.807957159927740087e-02 4.232325393970563093e-03
1.294296500367334490e-03 3.766806676933777354e+00 8.111770017291413878e-03 8.084181595173396424e-04
4.635996546972310194e-03 2.916687704268550174e+00 2.807130175417847477e-03 7.969831594274442510e-04
1.948138932860258524e-03 1.004491621530747836e-01 1.621099232427565540e-02 1.924902715555557118e-03
2.307535377522790601e-02 3.121314477931295128e-01 1.044754460620254954e-02 1.365889990447747074e-02
4.777366370735357942e-02 3.392272898984199925e-01 5.123160972708909466e-02 3.629305619092904750e-02
1.440346046144351478e-03 2.491247769822490243e-01 9.080278477547771079e-03 1.385591545255422880e-03
8.303598208891644142e-03 4.914865040202273105e-01 7.244764588364294156e-02 7.860785968912009994e-03
3.182394074138605259e-03 1.247742298565577418e-01 6.161661528262642185e-02 3.162016841867468231e-03
3.334053161057132057e-03 4.677330266568982542e-01 1.207601549152535932e-03 1.455055094473532533e-03
9.065311877178986941e-03 1.201116202289395751e+00 2.076153513159977038e-03 1.451715565066142655e-03
5.605929961390508642e-02 3.727237532356583838e+00 3.986051340330809545e-02 8.981073321632063872e-03
1.901124148225108793e-02 1.543375046997129463e+00 6.097791816168590673e-02 1.283518276069082857e-02
1.372752508397014244e-02 4.462424576854768787e+00 1.284046036604813857e-03 2.818385793596707737e-04
1.706751056474528974e-02 3.075418911311424419e-01 3.423959350634106502e-02 1.479883049098287308e-02
2.187311503168560146e-03 8.410889015983061823e-01 8.550036978160454118e-03 1.800002454414828231e-03
3.272978750227029544e-03 7.203401345143204182e+00 1.503727589754418927e-02 1.274586127866765865e-03
2.071054081877351030e-02 1.098099612337944286e+00 1.045171577709167604e-02 6.521088003466592002e-03
9.060363258337190279e-03 1.488363114565416812e+00 1.139376201092316731e-03 7.058820248622072521e-04
9.608953499754682021e-03 1.535849362601957813e+00 2.849072638128047168e-03 1.554872556331719519e-03
1.823059434112001692e-02 4.758258663860577276e-01 1.039428377389819795e-02 9.937345520283582048e-03
4.857504575345510806e-02 6.390463540569805367e+00 8.338500846328714133e-03 1.270701162004571816e-03
1.708682740689682067e-02 1.185765029048220787e-01 3.026661137399651921e-03 1.023521072055250981e-02
4.475953966304318382e-02 9.094906343380270153e-01 3.410052004800400317e-03 3.459605060490341614e-03
1.970754508780930923e-03 1.776726344016203551e+00 8.072106711036157456e-02 1.888821827242788539e-03
7.342990524009619310e-03 2.505868191790360799e-01 3.035465287971476737e-03 4.571693693699250757e-03
2.539068928358205642e-03 9.805762142073117804e-01 8.543865632695745935e-03 1.966124550980017770e-03
4.776857720256059980e-02 4.471577040075086495e-01 2.160493009401949493e-02 2.402039690925801899e-02
3.390845153369445152e-03 9.293155279702894234e+00 2.300396065868670018e-03 2.306954956550457607e-04
4.920810932669825340e-03 8.117890647911933044e+00 1.208613281737130679e-03 1.445104094002278407e-04
2.301050252640753774e-02 1.414195406076423356e-01 5.017843735209516487e-02 2.160912370852861170e-02
5.805187956195199256e-03 2.857694112358931671e-01 2.455807237609410401e-02 5.437850658408000144e-03
4.345217922880282788e-03 4.163237479642461381e+00 2.207480263312335857e-03 4.725660722348840373e-04
2.561119076390162147e-02 2.930995575376838524e-01 2.564505391524989422e-02 1.981197684518227684e-02
5.161152829600246586e-03 2.028776900662612459e-01 3.297752808078123661e-03 3.917341854208102221e-03
1.078653649267569776e-03 2.134212112484494828e+00 1.115477817253342826e-03 3.520688755896212926e-04
5.331687711770801037e-03 2.208220137133404037e+00 5.218185450767554023e-02 4.350178024199281152e-03
2.715264954624974775e-03 1.018602633726687356e+00 1.372928073051140046e-03 9.007320614158522299e-04
1.956500489193239208e-03 1.498532932377495408e-01 9.567786667080363516e-02 1.950523452175230432e-03
4.130284977985941054e-03 1.206447297854294498e-01 1.050069291716286893e-02 3.943166971418275366e-03
2.492425323844500717e-02 7.787134182012051653e+00 2.552683744654898543e-02 2.897053346444218927e-03
2.570907157326890111e-02 3.868409064816214826e+00 1.262747285592189482e-02 2.896490350884892585e-03
1.981721039104632209e-02 3.413792620564188862e-01 4.111614637042072286e-03 7.491241686925252836e-03
5.490411878628501281e-03 3.130589218536508067e-01 8.608947467201715290e-03 4.576657684839125113e-03
2.712344482862297929e-02 2.634106970457077979e-01 2.068989678722943110e-03 6.090795857746852254e-03
1.008303777692621910e-02 1.825278164622223809e-01 1.006682261678273948e-03 3.565155492009403244e-03
2.221399342075184441e-02 1.925031051513309110e+00 1.365642193110440644e-03 6.874587916053793947e-04
7.395270369879448913e-03 1.133895162420718167e-01 1.468333647382653829e-03 4.707104558879208686e-03
3.133778009292395670e-03 1.213126138787258279e+00 4.491026399424788429e-02 2.889205824692383986e-03
5.777587228936440639e-02 3.013275591548206234e-01 9.140584672081003559e-02 4.853225672765090759e-02
3.366841671111622802e-02 3.386778003980625562e-01 1.082675312541180566e-02 1.639801441486995331e-02
3.677849740674514478e-02 6.971335862381529580e+00 7.957295455965157638e-03 1.107072228115842365e-03
1.093681589454914777e-03 9.044724625526786355e+00 4.499864440389110543e-02 8.965853054179663984e-04
1.216718349190983083e-03 3.787118018419147081e+00 6.512598952744303241e-03 7.125606544076956705e-04
2.092758488748192210e-03 6.809480793045025848e+00 8.312225708407325331e-03 7.709797572711578686e-04
3.515996515603699718e-02 1.979849125743233518e-01 6.991034907444328150e-02 3.197603406778401491e-02
1.299502401878510974e-02 1.786733325174820475e-01 5.314184951719925359e-02 1.245101642142811341e-02
3.033579088365561185e-03 9.091075413080918821e+00 1.041037224910819348e-02 8.313142452821762870e-04
8.043649070853751970e-02 4.287140495275386876e+00 4.296358503033339063e-03 9.898181086170196232e-04
7.132584821393692098e-02 7.069394890637264339e+00 1.999220109452805230e-03 2.816824850869525444e-04
6.273623740833804419e-02 5.203006734037303183e-01 5.890015810462333190e-02 4.036594967077973550e-02
1.474285466051186667e-03 1.244816803392809756e+00 1.507616048435031150e-02 1.314296633318218785e-03
6.417091362714865722e-03 1.554670501868109733e+00 1.506756496940844315e-03 8.420107618785690464e-04
7.209669316000966166e-02 2.109041158055365628e+00 5.842073838661424046e-02 2.001154251067902706e-02
4.709655841451084596e-02 2.038768265089807297e-01 3.480986999285843458e-02 3.691420520642421654e-02
8.171263174683153149e-03 2.580273948050008759e+00 3.898550218111984829e-03 1.275128249062278118e-03
8.307640103384651351e-03 3.316308460020018223e-01 1.923678929914629521e-02 7.266885538579770029e-03
6.097639707259144663e-03 3.166872215719204742e-01 4.330886391074467712e-02 5.837364775610747770e-03
6.836613694427776111e-02 4.549037585765473013e-01 3.036037409557637047e-03 6.080438390362639424e-03
3.281300704594332113e-03 6.196523919626850674e-01 1.159415537794850938e-02 2.791717495872916930e-03
2.026725610580466016e-03 2.511084814683678390e-01 7.138340368044432567e-03 1.891846416626853655e-03
8.815825776917340928e-02 9.481271377996854710e+00 5.008104476622265294e-03 5.250642417180846752e-04
8.495997567262099370e-02 2.099424741071886480e+00 5.515624928905697721e-02 2.006683321035775125e-02
6.855830272766234336e-03 2.906760310651110402e+00 1.048389102818537630e-02 2.363390489864152216e-03
4.258308351329224972e-02 4.485153727884645947e-01 1.349432301231649886e-03 2.810118478654778911e-03
3.519678519277818704e-03 2.290054583551608958e-01 6.517758939481949065e-02 3.476683739972394934e-03
3.767836286390371155e-03 1.547914375760320038e-01 1.263790175258817754e-03 2.578075567479260182e-03
3.923089502091973296e-02 1.219486402583603996e-01 1.406474361203867169e-03 8.913028223588857421e-03
2.546776791052597286e-03 8.652316736624501292e-01 4.004601512530883700e-02 2.413948093827085386e-03
1.772736857789882544e-03 4.141553694939984487e-01 1.118052201601841232e-02 1.663500213442386426e-03
5.256884605449310341e-03 2.361245949628988094e-01 3.612829461667991376e-02 5.082270243085968732e-03
1.260174785166071456e-03 2.096880674706596559e-01 5.877339111801880775e-03 1.205955350855553252e-03
1.335915385177159284e-03 3.487708344910226410e-01 2.572880172836619628e-02 1.312153322549282136e-03
1.164911229189592029e-03 1.110818465349542872e-01 5.873970601486281501e-02 1.162350631734255981e-03
1.247509157425512024e-03 2.198169443950320767e-01 1.449313736545180566e-03 1.049024042816587479e-03
5.470892757767048531e-03 6.852545966272080236e+00 3.034928488735499225e-02 2.447531677274149275e-03
1.788105143704824419e-03 2.573322167548100836e+00 2.149222732380730826e-03 5.692886582148203641e-04
1.073821024043929585e-03 8.357632958270047041e+00 7.330057827829151995e-02 9.566882962875229712e-04
8.665322146213030874e-02 2.470805167275699210e-01 5.311957877348653240e-02 6.176021342134233733e-02
2.241792440013511134e-03 2.014599224003052469e-01 4.602164175274827546e-02 2.220006505080748122e-03
9.429137724054023617e-02 6.224584112389428547e+00 5.260716058824834243e-03 8.376434567242206208e-04
1.048887012021657364e-02 8.874855649138691405e+00 2.280770365476789997e-03 2.508462954491102082e-04
8.623830505528269630e-02 7.172574283551191421e+00 3.870373141472176898e-02 5.078314113211443263e-03
5.522530410484237200e-03 4.467225189937206187e-01 1.317565139188031989e-02 4.651561533210025849e-03
5.335993475238448580e-02 9.729931930065475854e+00 5.146001970136621084e-03 5.236930071993643569e-04
6.955272598092166261e-03 1.488109895534292848e+00 2.874174009308072889e-02 5.113754543338206761e-03
3.304518626232140488e-02 1.979507275564368785e+00 6.299946097263842137e-02 1.621202398015099064e-02
7.368619569010290138e-02 4.133736335868781198e-01 3.360115067593707344e-02 3.864969058137058405e-02
4.737217613823842960e-02 8.037395183156580414e-01 1.015708988291689346e-02 9.976025281257397057e-03
3.727618078334439533e-02 2.747962319567557321e-01 5.397666652623728939e-02 3.133047860105073884e-02
5.516098336068863371e-03 7.270100886524469841e-01 4.717183796317849995e-03 2.981451712570106632e-03
7.666477962304536764e-02 3.036457877126889637e-01 2.579968814042787363e-03 7.648921378866845380e-03
1.592859826553094660e-02 5.259396357985478332e+00 5.295220825159889858e-03 9.469564886727398515e-04
1.455033021593483402e-03 1.111821658120732303e+00 6.655793522300214489e-03 1.170527995081008027e-03
6.410252907456294967e-03 9.661288577161501578e+00 2.394728435141394926e-02 1.787502025025534871e-03
7.321923913543578605e-03 4.531095911709336121e+00 6.079581331076244766e-02 4.736959896726592942e-03
7.836599759539876822e-03 2.680337975842023712e-01 7.788809071841359954e-02 7.630813207414037513e-03
8.262659724882191054e-03 1.515868451411777951e+00 2.326143972654715585e-03 1.294176394960874733e-03
3.307133431108047993e-03 1.271274964541687424e+00 4.020620852920517123e-03 1.616643950528266630e-03
1.836854797975323583e-02 2.289037044116433162e+00 7.127634728863981028e-02 1.155323484882158323e-02
8.484279727936463664e-03 6.458429824694074561e+00 1.144110477818321980e-02 1.465505106707030124e-03
6.541597554083561708e-03 2.057299009910150966e-01 1.351665768625065663e-02 5.949253046575509775e-03
1.599343473758394743e-03 3.526199097701591345e+00 3.087832955171386853e-03 5.658598034265676160e-04
3.190574961536528625e-03 3.369012104542052466e+00 3.253515579253627495e-03 7.413326397303568330e-04
1.105197611046852260e-03 1.954361936824449808e+00 6.440919178814821268e-03 8.276469803879454379e-04
1.160715840709123682e-02 2.893124368376632560e+00 6.849674681416861866e-02 7.788700111520197554e-03
5.519500160315156216e-03 3.949095090878303460e-01 2.792770600498773598e-02 5.119901790313128795e-03
1.476746644383453849e-02 5.835908274836437704e-01 2.512860825212674242e-03 3.333799773806019398e-03
4.792075728464358086e-03 9.849001564260403407e-01 8.897258309019075162e-02 4.550676623939690739e-03
2.424132888155465168e-02 4.289706166441419333e-01 7.364962926962853595e-02 2.124209247650287596e-02
1.333939139228809169e-02 9.789283918640816040e+00 1.001529445260076687e-02 9.502095879233613982e-04
3.805005896023758161e-02 5.939571218047957624e-01 1.258918235534636082e-02 1.361264143835217051e-02
7.272190948611279016e-02 2.566839722425940384e-01 1.983591496897045559e-02 3.746528090377888864e-02
9.391721903193702564e-03 1.126854457498004836e+00 2.321377345041638132e-02 6.450812116841190581e-03
2.575760017928074158e-02 7.983277327079463248e-01 3.079600505466439236e-02 1.544482965142906367e-02
4.221757527624307726e-02 6.511663760128859613e-01 7.033882799386555196e-03 8.601226988426229764e-03
9.865073237160308997e-03 2.049542230198396209e-01 6.987994188703811060e-02 9.587666149483888706e-03
4.128222192203340885e-02 2.181841876716157091e-01 2.195360300591578384e-02 2.927235501918174984e-02
3.938440963395682670e-02 2.194867395553905975e+00 1.229463208194544370e-03 5.522985603559508799e-04
3.620667407843206065e-02 7.079107591007697486e+00 3.136714992085535766e-03 4.377376886437859302e-04
8.766232549838134935e-02 1.167127686384802771e-01 3.955061850409543299e-03 2.443964225797834802e-02
1.104390712066276184e-03 2.833287007927995926e+00 1.785614686526716807e-03 4.012509603635984554e-04
3.142643047890998544e-03 1.464848209043132787e-01 6.562352814930694223e-02 3.120750958324926185e-03
3.989341984099283381e-03 2.363081768555100326e-01 2.063037149074279514e-02 3.815013233535536306e-03
4.941459121320043724e-02 1.828326593876505590e-01 6.326079495723784148e-03 2.035070189928457271e-02
1.633505227645281688e-03 3.619594978893008186e-01 8.569200706717024218e-03 1.528070522284338036e-03
2.983162560085441273e-03 4.366209425646504272e+00 1.949536497541461784e-03 3.883753331760728795e-04
4.547616657475257035e-02 1.932047142604079060e+00 6.437495252394325601e-03 3.104494911331848704e-03
2.754608877164982025e-02 3.016901677158446926e+00 3.618612176716281582e-03 1.149397971602972475e-03
3.697745341691127327e-03 1.550806706337506391e-01 8.860851318649125286e-02 3.673968473786290694e-03
1.266343166845930587e-03 4.367934942437559087e+00 1.984765598033504455e-02 9.903456637300118211e-04
1.722560059230621643e-03 1.714875391702697927e-01 7.958559663732572842e-02 1.716190082397584665e-03
7.824318947656489984e-03 3.496075057748440074e-01 2.386284876024841184e-02 7.019644645138469786e-03
1.156916242894294455e-02 1.066491098844444541e-01 3.524195211178985689e-03 8.569078941316766659e-03
2.741880830503835766e-03 4.339676307671026523e-01 5.807093223742117172e-02 2.686827089836465662e-03
1.953784637104813426e-02 1.059941084578384651e-01 7.321052536638834873e-02 1.900038495357361454e-02
3.460772037698634992e-03 9.798898008210216171e-01 8.820347424628197097e-02 3.332641361357591321e-03
7.584609027366870371e-02 4.972439122795227484e-01 4.978040545624449337e-02 4.315303154594928720e-02
5.765584599569271301e-02 4.082281690056404067e+00 3.697080030484795748e-02 7.826969303723804380e-03
5.152127271344055653e-02 5.849287077682266300e+00 1.874546044753854640e-02 3.017073773220419006e-03
9.850745274553804331e-03 2.764950214429714670e+00 6.739885489285768298e-03 1.954070992819337618e-03
2.658291321838619770e-02 2.966775492385349544e-01 7.175540929782744937e-02 2.395053750837700113e-02
6.817361663725074114e-03 6.009127222681033942e+00 2.316308875853833465e-03 3.648366308657909236e-04
3.341575633416505719e-03 3.708876202844152981e-01 1.328986263854907771e-02 3.056537557798797398e-03
1.770703194904018826e-02 3.630949392676086074e-01 3.033182330393872136e-03 5.675938229849590046e-03
7.087147702986656972e-02 7.062098239950509448e-01 3.632523545749427596e-02 2.980506047940662678e-02
8.903252371939807119e-02 2.408580337264008553e-01 3.164642851565413299e-03 1.144938660730298631e-02
3.574954926938234828e-02 3.911085428801778008e+00 5.649961947434108123e-02 1.028853181123268179e-02
1.381487625943291159e-03 1.416479667663855802e-01 3.242126893557220613e-02 1.373199412163473784e-03
8.544746221759189075e-02 1.346260606911990232e+00 1.412207208013018444e-03 1.036263460779724647e-03
8.056081444901046218e-03 2.684522231469279041e-01 1.847389038913800283e-02 7.211819282216995822e-03
1.414909564846058253e-02 6.632389772080751200e+00 6.793091569705476951e-02 5.941409503278088401e-03
1.557447402786198837e-02 2.263640390393276913e+00 1.362214563801070720e-02 4.340632291728681660e-03
1.146439659338678065e-02 7.025951198771379858e+00 2.675646929994348472e-02 2.858650209634515382e-03
4.885224157880728446e-02 1.153073851319324827e+00 1.074919602770865214e-02 7.828364904050815962e-03
1.108336245606934313e-02 1.288805662844208777e-01 1.462168121176197870e-02 1.009696382469191939e-02
1.835666448111351878e-02 8.301459381144787875e-01 2.107053492915135148e-02 1.065251387148655714e-02
1.399695751792605011e-02 3.071522471813523669e+00 5.214019612110309954e-02 7.671475834798066260e-03
2.199704193440083638e-02 6.923762256048541230e-01 1.064168066710333323e-02 9.047863110374853093e-03
7.015750976825617206e-03 3.209493734074171822e+00 5.647785301877658072e-03 1.406843419671338765e-03
9.701772539596802136e-03 3.808306411354155929e-01 2.061634793405517189e-03 3.474676241501779839e-03
3.661775351486461910e-02 4.002640112778249382e+00 2.241964590486073168e-03 5.516826680960076152e-04
2.676947762652962318e-02 2.346315517730794387e+00 7.485573117579532622e-03 2.850619139608179167e-03
1.288011973964566827e-02 4.246320347922166505e+00 6.593370808977996878e-02 7.040175945966352204e-03
2.508263227371453075e-02 1.615301386482331569e+00 1.572878800433925514e-02 7.014326920780332604e-03
1.394004396747035301e-02 3.855532423848940238e-01 2.865397223834586019e-02 1.173829121799965791e-02
3.543642028786742060e-02 2.153265126947338182e+00 8.047790201445383790e-03 3.380898593121549941e-03
5.749062865925569366e-02 2.964807236102791510e+00 9.325204452124959131e-03 2.982146219579582137e-03
3.917315374533138217e-03 3.633441290759619746e-01 6.428724912383131096e-03 3.207228153073056302e-03
3.342257798345682918e-03 1.562679101119612612e+00 3.828171163743521350e-03 1.413619232283398752e-03
7.508725031017699642e-03 9.586528977764730897e+00 7.081369937513275030e-03 6.725193910200146560e-04
5.305338514549569340e-02 1.414488886250520883e-01 4.079734175910112309e-02 4.481079954943225502e-02
1.249314087968456805e-02 1.066019964512715384e-01 1.382146561742798223e-03 6.362465517631098015e-03
3.602480886852846981e-02 6.356578632966717324e-01 2.920049442382394861e-02 2.019085012314318639e-02
2.283115759178730789e-02 1.361405558460455356e-01 2.890000133874090840e-03 1.100022267964876482e-02
4.606667771063794464e-02 2.044261244441208936e-01 1.471516061463080775e-02 2.808998516446738550e-02
4.906097702010767982e-03 9.929286003152665296e-01 9.771021286813522111e-02 4.673116510212294884e-03
1.107225729248260829e-03 1.357751199504844686e-01 9.581423069653056956e-02 1.105491199961175335e-03
4.442422757427331483e-03 1.850052603692566855e-01 4.949385587314476115e-02 4.369858945062628751e-03
9.076245484058057672e-03 1.984438488573805781e+00 7.406058125599453146e-02 7.300734661707683135e-03
1.703112977956299304e-02 2.514396365125016519e+00 3.943857497561122777e-02 8.165214447327380498e-03
1.756124389390168600e-02 1.482611087622400514e-01 7.026774477112744666e-03 1.281344422521745775e-02
3.057791837427879453e-03 1.053081233458392774e-01 1.208236911479235350e-02 2.978413378135717250e-03
6.256541921809992413e-02 6.950535336887039506e+00 1.432453085274790466e-03 2.054158366243429891e-04
7.166512140142898037e-03 1.914464036874299058e-01 3.452879121165310095e-02 6.892633074017291868e-03
1.793572612307568065e-02 4.495721940694431540e-01 3.074810234898093901e-03 4.951328314504733520e-03
1.993433011115444339e-02 4.486344060688405300e+00 1.239898470178129111e-02 2.427206367966743775e-03
3.351191753467009510e-02 8.415449536654167062e+00 1.000848653530325705e-03 1.185093338212112469e-04
7.841083530219288000e-02 2.817710117016344995e+00 1.147883000484751712e-02 3.872614393625076895e-03
5.496285088339755709e-03 3.106259165915504772e-01 1.040345407609410229e-03 2.081075917839325315e-03
9.970778362611485562e-03 2.837886113115648534e+00 1.474900490606344521e-03 4.939702370108363470e-04
9.540912975723816331e-03 7.517406656115607211e-01 3.621098269002414206e-03 3.200901823512467773e-03
4.712571074293671509e-03 2.491169128824536616e-01 1.258928939356610596e-03 2.438557886383454533e-03
1.366007546402883905e-03 2.688565022390284609e-01 7.196781629254871138e-02 1.359072046060620393e-03
1.337974368507722535e-02 3.927359122062848318e+00 1.764471347628172176e-02 3.363382022660894258e-03
8.996825845773331887e-02 1.003705968331556342e+00 5.430687099303783960e-02 3.378703845947456791e-02
6.476325778449121794e-03 5.353357664586320119e+00 1.711413250046554596e-03 3.046512456486189803e-04
5.433041696390322577e-03 7.384945085440513424e+00 5.342734376441727467e-02 3.102862697819659763e-03
8.271809472698673366e-03 7.547814211160065456e-01 4.535395691120643578e-03 3.480528056351990009e-03
8.281277899069969597e-03 6.076750357131083469e+00 7.473907415462046830e-03 1.070874382735802341e-03
4.832186477955221007e-03 1.115249963314472320e-01 8.722758659800425307e-02 4.802515570547435074e-03
3.451113898326752839e-03 2.537130736291828281e-01 3.947125336149493770e-03 2.824543952748311340e-03
2.229643146778232526e-02 1.910337941294768749e+00 2.246423930388076907e-03 1.117017786990953838e-03
2.154174278267213111e-03 1.490200916859287239e-01 1.394288426136190608e-03 1.751025377348623723e-03
2.711388456775788974e-03 3.103364561997047355e-01 6.552605386015968036e-02 2.677012020989236706e-03
1.072582102390016133e-02 5.789241433230576384e-01 2.811643816894335117e-03 3.342968522122659759e-03
9.566154855292262338e-02 1.046670397683203274e-01 1.542460719932132324e-02 5.800720003095074379e-02
2.388808525729432461e-02 5.704608589156675791e+00 6.103930054688245718e-03 1.024126907569314392e-03
8.879163485619085555e-03 3.297699011399393698e-01 4.947155581457609447e-03 5.577813884827051948e-03
3.799091478256978738e-02 2.109412493708672454e+00 2.237326262278960254e-02 8.291542420551389556e-03
7.874679591102910770e-02 6.312472539395941773e+00 6.121221543072815491e-02 8.633839734903319546e-03
2.382616649887682025e-03 6.204330043704270325e-01 1.175241798794765188e-03 1.055268552533708938e-03
6.297893715834465209e-03 1.002076843800062900e+00 3.976062908096667133e-03 2.434211439824457597e-03
2.869582585009333373e-03 5.290937377757465310e-01 1.283814686381403629e-03 1.314735966175482971e-03
8.071109408328251342e-03 4.502958036576186096e+00 1.347561879115096936e-02 2.183145649481818204e-03
1.913926195123627797e-03 3.518986932821886793e+00 2.154393328166732176e-03 4.638462914054037852e-04
1.929548811512815654e-02 7.670241877985754186e+00 5.236649994463482387e-03 6.593919804570526257e-04
3.351020323072070959e-03 6.947469176527328871e-01 2.865626648424603965e-03 1.848913771248993044e-03
4.688349106991701598e-02 5.518604745002240186e-01 5.657677166927336382e-02 3.217124596687173654e-02
1.626668262185069179e-03 2.135175702420539778e+00 5.630210987052265692e-02 1.532151332545994907e-03
1.573670344969316931e-02 6.508680522513047073e+00 5.049171865206567023e-02 5.196111318462166145e-03
8.846695247870368234e-03 5.386852512846316721e+00 4.395075933361801412e-02 4.244442713105544412e-03
9.820062213564125647e-03 3.755047760550273006e-01 1.628723701791585021e-03 3.008569307757913772e-03
1.051350384920798518e-03 2.477599983221219770e-01 3.204464222664004519e-02 1.042873140163332046e-03
1.675420251272187813e-02 1.907952180432781697e+00 1.010284734152160774e-02 4.023506395900443115e-03
4.362354838802579189e-03 5.251462506078146575e+00 2.404410389426333075e-02 2.233920202646923463e-03
2.549547852387565663e-02 1.761605083941666650e-01 6.626874427429820316e-03 1.519632468129193496e-02
3.662489878792386192e-03 9.917288574609294471e+00 3.894745091099838241e-02 1.895120819038131942e-03
2.467350923493874786e-03 9.761076126200077807e-01 2.676495323749525368e-02 2.263659288879786308e-03
3.696803769883513779e-02 1.552919801436428271e+00 7.944228262733662310e-03 4.493813757235758620e-03
6.303265700878528562e-03 1.350824356046310126e-01 7.107892965069914810e-03 5.628967003887693464e-03
2.290187080082591118e-03 3.120047013344575682e-01 9.665522215231307779e-03 2.132533905666865980e-03
3.683804091380826762e-02 3.752312171036510935e-01 4.385522373301176113e-02 2.800964561173860390e-02
7.783002427557846568e-03 5.777864894218905922e-01 5.152197851331755118e-02 7.158222313183920313e-03
2.862178842037507373e-03 4.335970522002083882e-01 6.679883856621775251e-02 2.809973328258781600e-03
8.999696332217038339e-03 3.552431848484779997e-01 1.082596161427862519e-03 2.276582279230445274e-03
6.636881025075022644e-02 3.212904240472457484e+00 1.993547654359442093e-03 6.147343568558241060e-04
3.252508638182571767e-03 1.327669834151866901e+00 9.104689564319894124e-02 3.105230836161687255e-03
1.601463300612460941e-03 1.659341769144084267e-01 9.267736354726351100e-03 1.556823869907994961e-03
2.648702627974986422e-03 9.763322442311539007e+00 1.457168769916255234e-02 9.545962126634859350e-04
1.990720757860056471e-03 1.604866604577642519e+00 1.140117513379566676e-03 5.235702845616765260e-04
3.911739500484336801e-02 6.482280235122465095e-01 6.866398036104225111e-02 2.856762682800812955e-02
8.427227252161672427e-03 1.083757190012437782e-01 1.623625115204065453e-02 7.978431774347313071e-03
2.783433117273187082e-02 1.997516959239205858e-01 8.309353431180310778e-02 2.608868499188422840e-02
1.090833265547824869e-03 5.772870384339592320e-01 1.206190435006728335e-03 7.166743143778067085e-04
1.668726448085689276e-02 4.301726579008719464e-01 1.236395142827404143e-03 2.451876765918510441e-03
1.281751611455066858e-02 5.063146616199888150e+00 4.688003618670923828e-02 5.375753704245768080e-03
5.360565859484707485e-02 4.164358056685420473e-01 1.932447869804457524e-03 4.270743354742174459e-03
3.798301261920868695e-03 6.809307146016836398e-01 7.421310008212978447e-03 2.816671096641275036e-03
8.541366413226442536e-03 4.060607066144884536e-01 3.958120940245749009e-02 7.853225576257357940e-03
3.900266314669335616e-03 4.095712624674584523e-01 5.115986689873006782e-02 3.782170254888958527e-03
1.870866355644618118e-02 4.372003358121847594e-01 6.958871439552929798e-03 8.600116116399039376e-03
4.964772473480368042e-02 3.888794962369803709e+00 7.204246552071506826e-02 1.349143237747344425e-02
3.774296594748178385e-02 6.968763710099955766e+00 4.113943722246647151e-03 5.812491770106374212e-04
9.787539694164975115e-03 9.274443905799275356e+00 1.741643286435964758e-03 1.842542993666639332e-04
5.850826971682258903e-02 2.118290030693155412e-01 9.687255391174812158e-02 5.187185243899585657e-02
5.004951325491992925e-02 1.810997283995856799e+00 6.190724413545886651e-03 3.199854603773831085e-03
7.099556355769481852e-02 3.057852129940432651e+00 5.499042114736472919e-02 1.434877032789215988e-02
5.620198776323370032e-02 2.538624459080452755e+00 3.500579569767197589e-03 1.345905613626216784e-03
6.025083851359209347e-03 9.271004649211890269e-01 1.794658562645366252e-03 1.465069304354459437e-03
2.419943427083648749e-02 4.841544128503107558e+00 1.756612137789328315e-02 3.155155813282432484e-03
1.383710725090178326e-02 3.190537860420644023e+00 3.178943257604947836e-03 9.294399368539798135e-04
1.100280540950456659e-03 3.851144842089596398e+00 7.195333315098617274e-03 6.924789330486120663e-04
3.281111968770016041e-02 6.121688176993024477e+00 4.040483169274612651e-03 6.470123198195495105e-04
4.176993520896005174e-02 3.378403198449412947e+00 1.387171189419048349e-03 4.066027389674792161e-04
2.076592662058902514e-02 1.468959494953976930e-01 3.670575908051165650e-03 1.134099645834482119e-02
4.171681396674442599e-02 1.327710852317232348e-01 8.599642391187689236e-03 2.537408367255394523e-02
8.466266219669874027e-02 6.029243012026770376e-01 4.231039362746903676e-02 3.837061420536077433e-02
3.190406076196085350e-02 5.818433986276572156e+00 1.105013065313726131e-02 1.792458865221339482e-03
1.651672169659565079e-02 7.120764399527653721e-01 3.098516980192927636e-03 3.444039451367759876e-03
5.148581405573200015e-02 2.622176251823730375e+00 1.528879411664908934e-02 5.237452749057496665e-03
2.474082053082752881e-03 1.155048670619742424e-01 1.092929060976863178e-03 1.961268529827596679e-03
1.563958536524867951e-02 1.322426959181659256e-01 1.149966976470351461e-02 1.325556573096186609e-02
1.895515768060009737e-02 4.640572304921496416e-01 7.409664240515863136e-03 8.666657708380594988e-03
2.938956364334120112e-03 7.342269221289270398e-01 4.117010192200704771e-02 2.792587632173801175e-03
4.034801301654852325e-03 8.486424393034778246e-01 2.591755776267729017e-02 3.563949376867550038e-03
2.784357409249258938e-03 1.589213866995521918e-01 1.042611007830167866e-03 1.954745142956240949e-03
1.406304291383143239e-03 2.313859953576266726e+00 2.146344011459116671e-02 1.221167668207529889e-03
1.498688946939223318e-02 2.886840813898609248e+00 8.605084904490417630e-02 9.972767642562243434e-03
2.799616790720959453e-02 1.087583950982657227e-01 7.320876164116723282e-03 1.977257570306055826e-02
3.783696609711735114e-03 6.443951623634483816e+00 2.568251840627311378e-02 1.940994193285756680e-03
3.771405294260587321e-02 6.851258329082566823e-01 1.349239392016288001e-02 1.293761712389083877e-02
1.072317560117504610e-03 2.339254472786229222e+00 2.277990023945931745e-03 5.103463410158597113e-04
2.554928831962510402e-02 5.328184737315009301e-01 2.784434720661985163e-02 1.715982868744780898e-02
3.015517464827015617e-02 2.467516076362481492e+00 1.396560363340525711e-02 4.765375597584609914e-03
5.131119885823587357e-02 2.533535504043193498e+00 5.848385096998093800e-03 2.209009881685362366e-03
6.588310373373472764e-03 2.559237056141405731e-01 6.019991362984391386e-03 5.146778690846320545e-03
1.375906417979255681e-03 1.456785772408420165e-01 5.460710565745309497e-02 1.370874504915992054e-03
7.130710008926255741e-03 1.438482319335850690e+00 1.861262706936629057e-03 1.095180601729444769e-03
3.957701624690820180e-02 4.004758067377000685e+00 3.905621231258100089e-03 9.517914706593065674e-04
1.429776132033303872e-02 1.079748307158505227e+00 4.113962485561376003e-02 1.039641924144646228e-02
3.945946950637613942e-02 3.948756077183955160e+00 6.974387402428999794e-02 1.220101083232267083e-02
1.629809145418855852e-03 5.016570227109987679e-01 1.113934153736933141e-03 9.399239339200608128e-04
6.492104379939130088e-02 9.560056638287178998e+00 1.033327291401069277e-02 1.063178865103113187e-03
7.145168220115876399e-03 5.314767478491011499e-01 1.083046654048373456e-03 1.585593934331301288e-03
3.764398930152151879e-03 2.901612002529209700e-01 1.018874431296737382e-03 1.816752578091131425e-03
2.609630252912421150e-02 4.222361524390614296e-01 1.401148418217509082e-03 2.944036866595505560e-03
5.060972054592963350e-03 2.923115535307136414e-01 1.488050019990927106e-02 4.603321782986633491e-03
4.308557060004182537e-02 3.097459226782833142e+00 6.229989503679421968e-03 1.921617488923202518e-03
3.319772129421295209e-02 4.939082715078106922e+00 1.499806914802345389e-02 2.782127781952456903e-03
1.128816614729405117e-03 9.184386910298570683e+00 5.460265088119675356e-03 3.894196294015773584e-04
1.730250475032212715e-02 1.437189031025865704e+00 7.339514833181821907e-02 1.292379936185213997e-02
1.127290822693831004e-02 1.175892283935689342e+00 7.583112718481514747e-02 9.595549835286376616e-03
6.114329006351604950e-03 3.883021658502853191e-01 1.212882416241892278e-03 2.067403644961967723e-03
2.919482764450847395e-03 4.809250396523220283e-01 2.199393503599765542e-02 2.744292197513780677e-03
2.986135578281232453e-02 3.423651972111675934e-01 4.695220655263900381e-03 9.397974628274111467e-03
2.846809296779205176e-02 7.127929862091688662e+00 2.014657195398983879e-03 2.798640763472786536e-04
1.005925284679161542e-02 4.054677239317716064e-01 6.309530514079228491e-02 9.448470494851961970e-03
3.502647485462843328e-03 1.845842135525699590e-01 6.144562378964704349e-03 3.169184556772859825e-03
1.537803632410231734e-02 1.912019754835880159e+00 3.111255872297474800e-02 7.906217914548600151e-03
1.179511355378535468e-03 2.524841600751794424e+00 1.159456604075197010e-02 9.384653197636343884e-04
3.577636420347438118e-02 7.672332264806854818e-01 6.317478618489452691e-02 2.494012730686957779e-02
8.313419556756886097e-02 7.795433653627003245e+00 4.452609694406577112e-03 5.672842004271018207e-04
1.794036201652980927e-03 4.870944091177624724e-01 6.035728296247587846e-03 1.567142174211553487e-03
1.853596149809323343e-02 1.044406538228425996e+00 1.356989894020474083e-02 7.638594852090822666e-03
1.009680546490056979e-03 3.061136665638429788e-01 9.244650005104050605e-02 1.006316122932760914e-03
1.720236810927410973e-02 6.561184952561325279e-01 8.510008371495955681e-02 1.518799065929148963e-02
4.811808841462418551e-02 9.400778421244500027e-01 8.242193777806398891e-02 3.106759385648192803e-02
5.458935369933848140e-03 4.508509245080787875e-01 1.654952684500219859e-03 2.194854014026214207e-03
7.754094273300522755e-02 4.331302553863181637e-01 5.644425920546996406e-02 4.861447431368238342e-02
2.596716666254732589e-03 6.327324130866285312e-01 3.267775616854482618e-02 2.472404960302019856e-03
2.783739303122916009e-03 6.776215790606251455e-01 2.236390507899861484e-03 1.510056403500604962e-03
4.469412828814173406e-03 3.556151872406511316e+00 2.851318134455716607e-02 2.869748329333460333e-03
1.648707129808781729e-02 1.143564601669386782e-01 4.864262434773222732e-02 1.587187262324067996e-02
6.146088355711034484e-02 6.523336822674835389e+00 5.930941566378626628e-02 7.920244573957348558e-03
9.296296465341287105e-03 2.127822635027416531e-01 1.729191448838975770e-02 8.342021333010971040e-03
7.636299728800400276e-03 6.076687715585328498e+00 3.859833651089537160e-02 3.467557821429696849e-03
2.171768773430875037e-03 1.497210933055847182e+00 6.129296029871524748e-02 2.062360405601748430e-03
8.234115732369952367e-02 2.028092484927493278e+00 4.384353051797819194e-03 2.106506308140156797e-03
3.921906065223341314e-02 1.184695461389421611e+00 4.735955167845315450e-02 1.979699081910998165e-02
5.717237325877641552e-02 2.776508787449694093e+00 2.026636449440331368e-03 7.207210944714482559e-04
9.488860909480171732e-03 6.420205090353937605e-01 2.423464296060320530e-03 2.700475025659179133e-03
5.661332605634322029e-02 2.639845638694154895e-01 4.504113725747263194e-03 1.311074032505919924e-02
4.739855981999353818e-02 2.389959897152382329e+00 3.293051266708916201e-03 1.338945887300984879e-03
4.478708446854499925e-02 5.835290744496870019e+00 1.353938146033190938e-02 2.205974610544010183e-03
7.833111717090494863e-02 1.236360203239443567e-01 1.771689236266372905e-03 1.211378563537019240e-02
6.001793273994335091e-03 4.817489850956079844e-01 3.543026950883127607e-02 5.548959375278087261e-03
1.587325979130244438e-02 6.595163592780600714e-01 8.365080487286626412e-03 7.050165821264619409e-03
1.689747299543723630e-02 6.445381985690217697e+00 1.186391458918986544e-03 1.820849505772137856e-04
5.545672463950369196e-03 8.685648208344034504e-01 4.199701963435675117e-03 2.583067535227486985e-03
1.886626009722233840e-03 7.966121692689985601e+00 4.989549223526475348e-03 4.702323727737956708e-04
6.097457564966477644e-02 8.407713311271189482e+00 2.119327882486182063e-03 2.510317077914338366e-04
1.899640595703603121e-02 4.344312065847327986e+00 6.194549461412617031e-03 1.326341624367008811e-03
9.856016464834561897e-02 6.306214475526983332e-01 6.868659593248464812e-02 5.174047246881537804e-02
9.101303663946295336e-03 2.510532818498859564e-01 2.784084791140549377e-03 4.998780110709151459e-03
1.093647221498224385e-03 1.003194854964765265e-01 1.035944029743753048e-03 9.889139299605886890e-04
2.910491433212296711e-02 1.665299724357793609e+00 2.509612574916484685e-03 1.432814795613571906e-03
1.963557327589462824e-03 1.307665282102047632e-01 2.786620410681240820e-02 1.945629711033074367e-03
3.796882562692773574e-03 6.360525261163092470e-01 7.005939299835976450e-03 2.823569989626900124e-03
1.926680651502833946e-03 3.308283137503109650e-01 4.447368344842150649e-03 1.685161859451525914e-03
3.069030916505017734e-02 1.230412478761845119e+00 3.937189122625419160e-03 2.897761543805335398e-03
2.244724629283076020e-02 2.992897891908511188e+00 2.666489506024084365e-03 8.569272753051524307e-04
2.562581064622130970e-03 1.610154936758396993e-01 1.077759039789320458e-03 1.853121673439026874e-03
3.368315114409364559e-03 7.871320516908062448e-01 1.304880974136323054e-03 1.110980659003609188e-03
9.678714494924141321e-03 1.858909660918345030e-01 8.466697510305710994e-02 9.477320059339745806e-03
1.816103026729583942e-03 2.482260617899712252e-01 1.440144830504066012e-02 1.760979623767147499e-03
4.870320662099811293e-02 8.375703837237955085e+00 2.111622411328157364e-03 2.508144869266638942e-04
3.177370251749830204e-02 8.468153586958576673e-01 9.781619094409224613e-02 2.491915098426876127e-02
3.393137434771151956e-02 6.501763457332526697e-01 8.379830337611622604e-02 2.686000554712550739e-02
3.668342999381592195e-02 4.459993979840847778e-01 1.281331203664667732e-03 2.664284476440618565e-03
1.757764403817292653e-02 1.444856481974065687e+00 1.325407031869579692e-02 6.027628364802658720e-03
2.971909332731945130e-02 2.597099245880149510e-01 1.107086077382328157e-02 1.751090360114105141e-02
6.537555920135058873e-02 1.285211153049095334e-01 4.603122655530632670e-03 2.313922684126267990e-02
6.240250233830209325e-02 2.972232151393494171e+00 1.113651267353904647e-03 3.724488505699800585e-04
1.351928721718753624e-03 9.822934717008241279e+00 1.113857036059481484e-02 6.166868069659352334e-04
2.639113846267072700e-03 9.979248017799050574e-01 1.860545258072533086e-03 1.092565964913394831e-03
1.544070390546930724e-02 1.954654457426583614e+00 7.496805171438989356e-03 3.072238651632966042e-03
2.081467718262895381e-02 5.537243835037017448e+00 3.319227636040925078e-02 4.654057292194752407e-03
4.275589883299532254e-03 1.425765363724805113e+00 3.201030025265833023e-02 3.591609740091743479e-03
6.090818570808052834e-02 2.453360043332706575e-01 2.438412999526257813e-02 3.776513101113421894e-02
8.211867674486372434e-03 5.206831659743829110e-01 5.991651463372768549e-02 7.664883812668410804e-03
1.277199881991558823e-02 4.126628714566656697e+00 2.887148561091320426e-02 4.520239313458215662e-03
5.221140363819364374e-03 1.477968779851154824e-01 1.987406751544033325e-03 3.760872619157970727e-03
4.640053628706473053e-03 2.486830700644996617e-01 3.019232304357955671e-02 4.469246118449112133e-03
2.052931655261884276e-03 1.318176027486712698e+00 3.681960578765999803e-02 1.912377891240506353e-03
5.523248217830423190e-02 2.826403124561442048e+00 1.183385804748029492e-02 3.891873394427248795e-03
6.225474259226788411e-03 1.894092210969068324e+00 4.388471309924234232e-02 4.906988755531947917e-03
7.347723357336730099e-02 4.748791158206855378e-01 2.837940459679911057e-03 5.526634011587536373e-03
2.089309357284897545e-03 3.379550040917254083e+00 1.982949009295279300e-03 4.580994467506440803e-04
7.648900312929395214e-03 2.457963274523814190e-01 7.063597893896445164e-03 6.041005444337399673e-03
2.736479353095175055e-03 3.138933840541164866e+00 2.899313003724045528e-03 6.905693410014270006e-04
5.938304337247089781e-02 1.336265968672192550e-01 3.613247151169827077e-03 1.857968125037184892e-02
2.426844014885236756e-03 1.157193549200121185e-01 8.118018559378978316e-03 2.345697507255890824e-03
1.637788226722522314e-03 6.295452464467907738e-01 2.258176702429573468e-03 1.124398617625317837e-03
1.649175543313222440e-03 2.555259629139298716e-01 5.227419567894523583e-02 1.635987072949999328e-03
1.393663311508126258e-02 4.004581714714243734e-01 2.052388240126099602e-03 3.747122027884789396e-03
2.970106442435189661e-02 1.412304591815324750e+00 1.011920594181665162e-03 6.996254458385139452e-04
3.212442387834914606e-03 3.820213844410232373e-01 6.630647679255658594e-03 2.710731454917621446e-03
1.091556741083644791e-03 5.607721813968292723e-01 9.416445708331006026e-02 1.084506919956683803e-03
1.540828994203997503e-03 7.784677512973030566e-01 1.085677828221007050e-02 1.387530897646566119e-03
2.204050127768400393e-03 5.534459365948656284e+00 1.389675630989112461e-03 2.254148479968221561e-04
1.427354793658231619e-03 7.532076928459819243e+00 1.969559023382245685e-02 9.233429647521162586e-04
4.233641321709883353e-03 1.024951477197589000e-01 1.038298309287628493e-02 4.063805936477656033e-03
6.453927368048449631e-02 2.445465073054508665e+00 2.700006850994473694e-03 1.085517092877704044e-03
3.727276777399472774e-03 3.338501824676721186e-01 1.183127157972420481e-03 1.816634473488984046e-03
2.100197400909250764e-02 4.043468726398192770e-01 3.626087514806589085e-02 1.701675145647289430e-02
5.037158708886739153e-03 9.814813970530856579e+00 2.671202509833247793e-03 2.582091080474023179e-04
1.861278138784169551e-03 1.724868759544510688e+00 9.885274693242039612e-03 1.404979971773869700e-03
3.102900616193482800e-02 1.035209790764235749e-01 1.996373342907036344e-02 2.672841907780336423e-02
1.034853441570051172e-02 8.665626341842427749e+00 5.579230785958622096e-03 6.061246044443861303e-04
4.481996591570599174e-03 2.609732609991827768e-01 5.388148043705117372e-03 3.682569341955670931e-03
1.422004883154060883e-03 2.091166779283872290e-01 5.786460445232852884e-02 1.414734593011492949e-03
3.780074902585978808e-02 2.180340128693537272e-01 1.366243524096317358e-02 2.357759239947709862e-02
2.889428176863006754e-03 1.062010846168796041e+00 1.282174361104198267e-03 8.515144568278934858e-04
2.021658229080125144e-02 6.565116327258027074e-01 7.565785548211576006e-02 1.719935340473470464e-02
2.568864113785900537e-03 4.117972418456792849e-01 1.748871516538783467e-03 1.600661626188091147e-03
1.081019815579609394e-03 2.368142230036322182e+00 2.100924683057379949e-02 9.636032893430636652e-04
7.104699005537537526e-02 4.154936980578473604e-01 2.016152513291579601e-02 2.883220429249284608e-02
5.703406054136466417e-03 4.085611871064721012e-01 2.628632636978868453e-02 5.238988184229885665e-03
7.205533035892575100e-02 1.111347805074495820e+00 1.225983211125054699e-02 9.566838762814748251e-03
8.585965572632404258e-03 8.088028440612919923e+00 1.619289641702397267e-02 1.623510588896390303e-03
7.916765332759667650e-02 7.599071229483089773e-01 1.635130384892276648e-02 1.691898075450014999e-02
3.359615513560889385e-03 1.531686921028943549e-01 9.306958378967758461e-02 3.341142116744991349e-03
2.373470677281640413e-03 2.813596845711526573e+00 2.454422463574152963e-03 6.378927822563948977e-04
1.671988968091436996e-03 4.376650386152352468e+00 3.099984264820476385e-02 1.352680162621157844e-03
4.705377655000795960e-03 2.072745065322328106e-01 3.901399367318537231e-02 4.590617513350349170e-03
8.361394213680388779e-03 4.813373978068298253e-01 3.445253087357423062e-03 3.856423866521894051e-03
2.170491370559495502e-03 1.035381160619837759e+00 1.396395771729019332e-02 1.869606705548309015e-03
8.882236143232180581e-02 8.063472454511954268e+00 5.663442371242817172e-03 6.968474685536921610e-04
2.179766490522761294e-02 5.924734015866214953e+00 9.073112759840282204e-02 8.994716428875969283e-03
9.121316281886247823e-03 1.602464609698417863e+00 3.727295964439543419e-02 6.551964291598614577e-03
9.639076870645045536e-03 4.124674336272877162e-01 1.306924734064489639e-03 2.384666241898072449e-03
2.182990153971945888e-02 1.496758397132061269e+00 9.998747794420566326e-03 5.115002871689471910e-03
5.569944288276024863e-02 1.766913387725274287e+00 2.372187208931580277e-02 1.081805380281661288e-02
6.122493186768758998e-03 3.669903762460206220e+00 2.183405326625824719e-03 5.422556268006322898e-04
3.860287825936812005e-03 9.818410964855600609e-01 1.193537372315711317e-02 2.929877805556114871e-03
8.709239912965760846e-03 4.383279983727902951e-01 1.342453673515847309e-02 6.780955629785414759e-03
6.623071475498907949e-03 7.172315551964837610e+00 4.563047698800763718e-02 3.244963077052833746e-03
3.460513803505563951e-02 9.568138062819759426e+00 2.446136501472013017e-03 2.537795283894216103e-04
3.953753928229757075e-02 5.647602249225270876e-01 3.690739923443608905e-02 2.463387563226335231e-02
3.203369789949764984e-02 2.834261621634334372e+00 2.641063302369143009e-02 7.218533236006437551e-03
2.301415284254770127e-02 3.666679471471236407e-01 2.000645534918377502e-02 1.618672875378821333e-02
5.219730799617365059e-03 4.582976610906344117e-01 1.197438874727814635e-02 4.350589311213718183e-03
4.559635256384838090e-03 1.555613383814701267e-01 2.571376181443415371e-02 4.437236025831549358e-03
3.973364748507050674e-03 1.245129224526325129e-01 2.219270450087618488e-02 3.886719289599579845e-03
5.841586698350161727e-02 1.068031400350123894e+00 1.576224223134473426e-02 1.178168728542421627e-02
4.875264427907192132e-03 4.409128977839571917e+00 1.605836518936661246e-03 3.388903561485113471e-04
2.511752292301281612e-03 2.177473724055873361e-01 2.525710245718970366e-03 2.064662060185565393e-03
8.280492477579178001e-03 5.126085310354900670e+00 1.875793702498320531e-02 2.537805042256398216e-03
1.578959990696733205e-03 3.270058864235295459e+00 1.655459283267180989e-02 1.203572070182140890e-03
1.339254632085138579e-03 1.006657333306022029e+00 5.845848717658167978e-03 1.088276211179345712e-03
8.593177987055326816e-02 3.739773544254223481e+00 6.999187937581405339e-02 1.536837855015468594e-02
1.205443121516047711e-02 6.764534167055275660e+00 5.308718683216711968e-03 7.368175459967964570e-04
2.703357880964121426e-02 4.311812312611679188e-01 1.214761104589547579e-02 1.379573337503409158e-02
1.757039405949461066e-03 1.705493138219764948e-01 1.410064391262299925e-02 1.720476452810146229e-03
8.189527776830034245e-02 2.740618595261218982e+00 1.799618695204790661e-02 6.079043425454725390e-03
6.591243763928758548e-02 6.834452426819982440e-01 1.172626729793179758e-02 1.361379256414954955e-02
2.769438939963560480e-03 4.754077894333696985e-01 1.172713894719436050e-03 1.304673859967732559e-03
1.862017391823581405e-02 8.394006713598519909e+00 5.139442202852825131e-02 4.607648607715945054e-03
1.109896466040452209e-02 2.302270054174171854e+00 7.420555328485574365e-03 2.497787854371730926e-03
1.548629626860751653e-02 1.143125574713490800e-01 1.678490940444907556e-02 1.400880909262142149e-02
3.759313951040794532e-03 4.287590148451421723e-01 4.891962166408433607e-03 2.827641719015960148e-03
7.029522825211112491e-02 6.649680223218495279e+00 1.305546453756479576e-02 1.909977138568573051e-03
5.803658694397491324e-02 7.652633867174626348e-01 5.843986887994627281e-03 6.748578013506267154e-03
2.022953267808620670e-02 1.760191124010932473e-01 2.689171417130654853e-03 8.704170520707349423e-03
4.306659581541220569e-03 8.678263242945655875e+00 5.244562558411756947e-02 2.514646836131495360e-03
2.885221040604513554e-03 8.749263209503809202e-01 3.720838185488490463e-02 2.701913144406901598e-03
1.289829175182128284e-03 2.938811204945944944e+00 2.920274947915904931e-02 1.141642163458256700e-03
3.784884550949439361e-03 9.962354462654181120e+00 4.302678777834818835e-02 2.017156840794967921e-03
8.372340643983548769e-02 2.046125710045191282e-01 8.921929980528944815e-02 7.023725786651499603e-02
1.780218819939698464e-03 1.014356889161414532e+00 6.934213872143965562e-02 1.735035787429915983e-03
1.019928805831707939e-02 3.254319011454193777e+00 3.901895196126097670e-02 5.511172048594468673e-03
8.684091083653067145e-02 5.742714432765148036e-01 6.015122315946345999e-02 4.747788418148198714e-02
2.458686102823416739e-03 5.467969012633795423e-01 1.147030487153451531e-03 1.131954407050577609e-03
1.210336280740413606e-02 7.635824029828673920e-01 4.115680752312846774e-02 9.883896851456306157e-03
3.415153527988394611e-02 1.842089453594064619e+00 5.194073643279669555e-03 2.604618244347926825e-03
3.177533272900497953e-03 4.440545903957405116e+00 1.074789772240459769e-03 2.249082326030452594e-04
6.818802973185173616e-03 1.114146603703889821e-01 2.149901042513958221e-02 6.586069773869701778e-03
2.159607616040466489e-03 2.762203104430338119e+00 9.266697569452614358e-02 2.028994627390211507e-03
3.545338821442797772e-02 3.544022929492975926e-01 2.503914486512355889e-02 2.360718860543087674e-02
8.257588122791302554e-02 3.266271360801025647e+00 1.170547669466322736e-02 3.434679857708948080e-03
2.653895799212382337e-03 3.455578847248871321e-01 1.121114968148367993e-03 1.459786824378727851e-03
1.433619224999886470e-02 3.501909260569235904e+00 5.223772673754737556e-03 1.351108762220673250e-03
4.059456563399635454e-03 5.581655595448501650e+00 3.481685890795942900e-02 2.459098255662968933e-03
1.388852439314834175e-03 1.422087965614245553e+00 5.436269405316305342e-02 1.340162518991841901e-03
6.809298806901344439e-03 2.061431828728142179e-01 1.705413224184420835e-03 3.735053299563077366e-03
1.997351830424902528e-03 6.272621267551578006e-01 1.677405159627858543e-03 1.143365693475963639e-03
1.344066824562465063e-03 7.752278639346178446e-01 1.567442570211679057e-02 1.260289060625511279e-03
1.582284064897381340e-02 1.005694532311424277e-01 4.169652658951302632e-03 1.145224014998511182e-02
6.430912108970351926e-02 1.904312329703150009e-01 1.850038227336717406e-03 8.439988882626453526e-03
1.343823290596767635e-03 4.357027498505047225e-01 1.457299384445923454e-02 1.291917195043578792e-03
1.637006185660788054e-03 5.723068031486389096e-01 7.401430083620880174e-02 1.616544042010225517e-03
2.420577036087086156e-03 3.955249394235751947e-01 1.507032636277611491e-02 2.275986519461793700e-03
1.431853412789290672e-03 1.075704306267982885e-01 3.242718145231996557e-02 1.425084438536242766e-03
1.808493153090722644e-02 1.486013609745122643e-01 7.939588562147757711e-02 1.749282268099990739e-02
4.649358438219590092e-03 1.014248499369053258e+00 9.702535245645392548e-02 4.433864721199243589e-03
1.350946529933176122e-03 1.195125722190497619e+00 4.603608771394489436e-03 1.000172008489986402e-03
3.414304039267063075e-03 3.008717148780681416e+00 3.316111154569974934e-03 8.332025749655154207e-04
1.894751270621630431e-03 1.594316318888820305e+00 4.297574535918425274e-03 1.112651203981734156e-03
2.591443578292049188e-02 1.610561102736425554e-01 9.374673759208887458e-02 2.480988046122641760e-02
9.491303716715238092e-02 3.168549800333449462e-01 2.408823150337779592e-03 7.038521665235267753e-03
1.374682599759053736e-03 2.877759159143090884e+00 1.339860017484407508e-02 1.061321872000119734e-03
1.079462057959745510e-03 1.397461046082532632e-01 6.376144416106549473e-02 1.076914230209846191e-03
5.491780840981176637e-02 2.003634416016592645e+00 7.124461399638398230e-03 3.339543361760133940e-03
2.745845724399379687e-03 9.812474109373267694e+00 6.681437480071589392e-03 5.456121570717769242e-04
1.338362779897775976e-03 4.580714197323836889e-01 8.424784029798977614e-02 1.328693965308898285e-03
8.417238806461094583e-03 8.974894782485751676e+00 5.468174403549271381e-03 5.681494813640091974e-04
1.735318914212345687e-02 4.649432818847845095e-01 1.990751468054616571e-02 1.234850548195108241e-02
5.651550629583575354e-03 1.101536127683156785e+00 2.726211185390366512e-02 4.600917052136000752e-03
1.371628534659883290e-02 2.089869413334239034e+00 2.208133261997504131e-03 9.810194868025642629e-04
1.239514651099661233e-02 9.283723238534815181e+00 8.438099122810432950e-02 5.243886909822583278e-03
1.430159380450467081e-02 5.687454485939037241e+00 1.727205088245991130e-03 2.973722966571878674e-04
4.154660652506382383e-03 1.055897425089432184e+00 2.157110643195933597e-02 3.452524096817505186e-03
5.540960075047719063e-03 2.802065417318092555e-01 2.396376032870741607e-02 5.203805265083840011e-03
4.951881855221024198e-02 6.447004540517845328e+00 1.829974324617334933e-02 2.684602562165068745e-03
1.719003185477895740e-02 2.473206561564254835e-01 4.144736387142423234e-02 1.559080959761663214e-02
6.693665658829507127e-03 1.039112620811848409e+00 1.832057762484377850e-02 4.851700358980365856e-03
3.156039142306388962e-02 2.343810833268254457e-01 1.926934325797715827e-02 2.280569142202112931e-02
2.352637616348078262e-02 4.329785029146747677e-01 1.402289158327577534e-03 2.846805079083943816e-03
1.036557726765942799e-03 4.158729738383267538e+00 8.419147642834635958e-02 9.860691158286606899e-04
3.441624226781254264e-02 1.487630207783110226e-01 1.347181693938003227e-03 7.169414378483771055e-03
1.086055770771752332e-02 1.102478539851578093e-01 3.450631652618602746e-02 1.049633959180178329e-02
5.894572586349774122e-03 4.677655015694379692e-01 1.332140787084588798e-03 1.920175346425231477e-03
4.808029005197793707e-03 8.936898889692407311e-01 3.330178189538956189e-03 2.099312530233015794e-03
6.478699756158129430e-02 7.118697806206620848e-01 2.865076360709292985e-03 3.789318424343213199e-03
4.192663767483690435e-03 5.328515859017380896e-01 1.768003322400657582e-03 1.852201954893488650e-03
1.309820661532411223e-02 1.173658621031413940e+00 8.522051780123992420e-03 4.671445048218950298e-03
6.925545166294204934e-03 4.951575499080850484e+00 7.452593291896988936e-02 4.743069402844128646e-03
1.137776206731692247e-02 1.120776669984130114e-01 5.317489074368948743e-02 1.111130071667534858e-02
7.491869902958914196e-03 4.547965182615411051e-01 2.993540615313915534e-03 3.503805369022442405e-03
5.315027006806447712e-03 6.423943378424748829e+00 2.436777358708498448e-03 3.540585880907670333e-04
2.552583151572943628e-03 4.481732623938310400e-01 1.914330077327111232e-02 2.408643156871505611e-03
1.410273759544099573e-02 7.753382963628919766e-01 3.830999191785620234e-02 1.097131722194798209e-02
1.987836601456404850e-03 1.761756107526934734e-01 5.377933377377374681e-03 1.866303830951706677e-03
2.590853268761612871e-02 2.220701327335639907e-01 1.678405685247871468e-03 5.851118720426439629e-03
1.789599569592038517e-02 2.271298553620339167e+00 6.567248003822671876e-02 1.105416214476493547e-02
1.366677692067640995e-03 1.337454904149065760e-01 1.231015947622060265e-03 1.189983415304043468e-03
5.309332717408143248e-03 1.261449046248089845e-01 2.325630235895457653e-03 4.122202601572443927e-03
6.085025721317241162e-03 9.754728361471725506e+00 9.317283092136531553e-02 3.717018474772062261e-03
5.067291921349043743e-03 1.133309160413742189e+00 1.651979795016876367e-03 1.132022135321925213e-03
3.612005113914606991e-02 4.089390611592614855e-01 4.055155218278530191e-03 7.780303080207613686e-03
3.042567246292387020e-02 4.297220916694421411e-01 1.641329129431598000e-03 3.393506293225056342e-03
1.516096875977657361e-02 2.303740052328108412e+00 3.003876308857166000e-02 7.010111342760134805e-03
8.924868745430233896e-03 2.765452217105506816e-01 2.169002812327102455e-03 4.174576619228076088e-03
3.689333919142860282e-03 1.512076222092198774e-01 2.201738038795608005e-02 3.598166991695060137e-03
5.585872582406669305e-03 5.578327874325888835e+00 7.996688135153862120e-03 1.140767478356864966e-03
1.851960181326396324e-02 2.944680271033953023e+00 4.881026063635810625e-02 8.746919359654600074e-03
9.320796421773884163e-03 1.019068321248889575e+00 5.233596989250010462e-02 7.889009123910660157e-03
7.267123954768478500e-02 2.771406480116645477e-01 4.494879687506726784e-02 5.018493492509171205e-02
1.389372822300956106e-03 5.081919258700385855e-01 2.921667682482826951e-03 1.118958483424094784e-03
5.144756956342481924e-02 9.898582335348071748e-01 1.474156263196660984e-03 1.447362971887057159e-03
1.694278147036392193e-03 1.376352563353791525e-01 9.279101463663678995e-02 1.690030942874047636e-03
2.923264274006470362e-03 5.607658093152481982e+00 3.864116069397141584e-03 5.576321107059552164e-04
3.747250161346243804e-03 2.596079300304708237e+00 1.537731946289019880e-03 5.114789880090243098e-04
4.777081879086716477e-03 7.270992455264882359e+00 1.328808736337011012e-03 1.760208404710174475e-04
4.726961284723931941e-03 4.160032148082833947e-01 4.779588783027637934e-03 3.349075685678811441e-03
8.820816052036618490e-03 1.635400759639078216e-01 2.852588006972696724e-02 8.396218356105981939e-03
3.478932571216863945e-02 1.974721446358326249e-01 4.873763164710556706e-02 3.049134888101252827e-02
3.698504039619783610e-03 1.331843849351803388e-01 3.187748453971580437e-02 3.642223027508263451e-03
7.356539583062590704e-02 5.542599278849228206e+00 2.826072301719669000e-02 4.768328191241017443e-03
6.230222744698542953e-02 4.078534600059112947e+00 2.152170937623943889e-03 5.232506167371373321e-04
3.161746828456576952e-02 2.784931610558419646e+00 3.263707381663607208e-03 1.130031375855983797e-03
7.621215183302981928e-03 2.331869670675879025e+00 3.570314024824350341e-02 5.088400681712414685e-03
2.656029685888734726e-02 3.089722886435463667e-01 5.233866666493712516e-02 2.296026247800115119e-02
7.489939398482441113e-02 3.956467002446727999e-01 2.330168850277573693e-03 5.460172736499638302e-03
3.169630436438582860e-02 2.679832953961287512e-01 7.109922127131869385e-02 2.831372136584755714e-02
9.662005783828324368e-02 2.410016423283700970e-01 2.887434110077257993e-03 1.065922002783985072e-02
2.088317905237157494e-03 4.613595288047640519e-01 5.560568969307030235e-02 2.052750430873495190e-03
8.898193749929393659e-02 2.675551644991677191e-01 5.702702544152575027e-03 1.719528010197035259e-02
7.498094229999664739e-02 5.329012199835830188e+00 3.902943625463904664e-02 6.672226637515048416e-03
6.657644511861360477e-03 4.082165327376465314e+00 2.137920899708126328e-03 4.855282865395182858e-04
9.251325657273465342e-02 3.359591324353720654e-01 7.263791202560813953e-02 6.479041112506007949e-02
1.704023734302073829e-03 1.008845292022006040e-01 1.111069358495048003e-02 1.678060037116255914e-03
7.217407229872430108e-02 4.204669227362282657e-01 8.983170064796842935e-02 5.394907640282915057e-02
3.511277765992239924e-02 4.137025373963577835e+00 5.734055210392129120e-03 1.333399091404716998e-03
8.077589064741364649e-03 5.203721739194941520e+00 4.502734100544692787e-03 7.815676592156364441e-04
9.767199887718769347e-02 3.872190928385175201e-01 6.195603275035064389e-02 6.064924938274613569e-02
1.689107098575751489e-02 3.079785098833095258e+00 3.002857216145998504e-03 9.218109739064462779e-04
1.918508196951877742e-02 6.807804020861730976e+00 2.116622817849567444e-03 3.059530047184129192e-04
5.942369986293652082e-03 2.567338924965824720e+00 2.441771063613024789e-02 3.657303137380524261e-03
3.410381770758722560e-03 2.553184096392440150e+00 1.743576551536689043e-02 2.274505371876650583e-03
1.255641587937789475e-02 2.484733591281329979e+00 4.133881007308766453e-02 7.155782593929219462e-03
1.994346755820942431e-03 6.852717232520874724e+00 3.216737221759428944e-02 1.399677121974612698e-03
7.109491820599768419e-02 1.081221145744039325e-01 5.729511408993856643e-03 3.036118481517475348e-02
1.421291023536231865e-02 2.345631386074277513e-01 7.467406553364273024e-03 9.826062902650350289e-03
9.079608103333271230e-02 3.354746980949758761e-01 1.549735399428199024e-02 3.061763529887776003e-02
2.520289424884806367e-03 1.981904924146285607e+00 3.868874885095810456e-02 2.232109311651075522e-03
2.786979056844140698e-03 4.376344802054330074e+00 1.442439133326666248e-02 1.510094130486647115e-03
3.831762904542802134e-02 6.355327130186448237e+00 1.862007417653540166e-03 2.907605161920578897e-04
4.246793909659477007e-02 1.281240355814541598e-01 3.144364625927978905e-03 1.555346156249997301e-02
1.798731149860456971e-02 1.453329742384180390e-01 1.691177505440855707e-03 7.065604239176267835e-03
2.026193749307846070e-02 9.828760655245160294e+00 1.625787840955533791e-03 1.640718515051623957e-04
1.914682831480350516e-03 5.461463205224892370e-01 1.293733458474054417e-02 1.771496566666774710e-03
2.289457218874804689e-02 9.387364866462485358e-01 2.293266775268764952e-03 2.207392831830213512e-03
3.874109667571208962e-03 5.000088908864060988e-01 4.874559609767815764e-03 2.772394587618094881e-03
8.600517294319468334e-03 2.262713695066446817e+00 2.727434177012955010e-03 1.057211360099002007e-03
1.036120600945501877e-03 2.378916105141718251e+00 6.477092732141660758e-02 9.981367185446351955e-04
4.505358540890477478e-03 5.761015039499467250e+00 1.823415506447022619e-02 1.859066806860872750e-03
1.950297934848432531e-03 9.707879429564163942e+00 2.629156969663868845e-03 2.378045133170758455e-04
2.338956753458583827e-03 8.292103020762024990e-01 2.465583955212049139e-03 1.309148990938904496e-03
2.616263287781929979e-03 3.770200533280697375e+00 2.044199012884197197e-03 4.491221487318633465e-04
1.541534010997006390e-02 8.170247324133976363e+00 6.082199181556380979e-02 5.020056978593049647e-03
9.125987862689081964e-02 7.449789469321705937e-01 1.237309220985854073e-02 1.405139345174083107e-02
9.506082920321776153e-03 2.139981126060502614e+00 8.499804419353615761e-03 2.801402324785515902e-03
1.614172576897736702e-02 6.022241477174856694e-01 2.196996073695372392e-02 1.119037661297273868e-02
6.011876137840141410e-02 1.312320179151405808e-01 1.051321559940133999e-03 7.069160763134244713e-03
2.240211061690688954e-02 2.260544991942274429e+00 1.170239890116079456e-02 4.205072674022290909e-03
1.311670236054591479e-03 4.304591867980865239e+00 3.600172840803232167e-03 5.107123703035348775e-04
6.139504142624330370e-03 1.211212083502165721e-01 2.956514532330031114e-03 4.905635903461246124e-03
2.835504514642320489e-03 5.039414047049505463e+00 6.797009868567570334e-02 2.342948874167063902e-03
6.746138347005366243e-02 1.127442637595840319e-01 7.097875808472525749e-02 6.093207387159103872e-02
3.199201662286397380e-02 4.097195875774110263e+00 2.253071337771423831e-03 5.406131790054659499e-04
2.365583552576261406e-02 5.411098092594170517e+00 3.587810377883376284e-02 5.178883243628474610e-03
7.562657828240976210e-02 2.169805222179641557e+00 2.011504792628820114e-03 9.158176899190154487e-04
5.130179487847266392e-03 1.365452867003412174e-01 1.315420774593080086e-03 3.347521707283501301e-03
1.501027305241325535e-02 2.906092536700056961e+00 1.210182676136599151e-03 4.051883772199335772e-04
6.172886223046522049e-03 5.714820778417627700e+00 9.258608096878076510e-02 4.469809537227966909e-03
2.270492350311176157e-03 6.870548758752050844e+00 6.986462963763524769e-02 1.856065873617227446e-03
3.571408165415045684e-03 5.618981810549592559e+00 1.537706241226579956e-03 2.541855625774673381e-04
1.054791732871040479e-02 6.414690761646427708e-01 1.023486104966782329e-02 6.349998051704529474e-03
7.133795225141316247e-03 4.568820031869000431e+00 1.063878580921516926e-03 2.254958355848349209e-04
1.658405477371764636e-02 9.426932662878459990e-01 1.153071776872607174e-02 7.039584660499970462e-03
2.281745914524253502e-02 1.568378128002150540e-01 8.322065438579015137e-03 1.595606100578148695e-02
2.821485203345294041e-03 2.398937147016335647e+00 1.431860236170510742e-03 4.926539814839451300e-04
2.891418758936324142e-03 2.640576925271759023e+00 4.762430999979801009e-03 1.110727469525609737e-03
3.583806087847369454e-02 4.844632085481921813e+00 5.411357744291678956e-02 8.515682241525076093e-03
1.114578628785439438e-02 4.418028511709489181e-01 7.650595615841678486e-03 6.781154460027893557e-03
3.983682599417262549e-02 4.926748564507389183e+00 2.844955757184036531e-03 5.692001860919123453e-04
2.113803225580866002e-02 1.626678930226016062e+00 1.003207919244724061e-03 5.992382046530277985e-04
8.766986990100483421e-03 2.013495229010745791e-01 3.850581115661596675e-03 6.011242539829923792e-03
9.308573300388060454e-03 2.425025243155130572e-01 5.653501797880157789e-03 6.652383390469146160e-03
7.235077695729852376e-02 1.502456031073106990e+00 2.435791531129175881e-03 1.585675368463910356e-03
2.630499209721335468e-03 1.701711332293011747e+00 1.255329261022445969e-03 5.761212896488054512e-04
4.886954975616832064e-02 1.843776249097056896e-01 1.223805096464403207e-03 5.843785858344018036e-03
1.101727362043900156e-02 2.700387758925102411e-01 5.092539327431663126e-02 1.040916419639635083e-02
3.100727806510290147e-02 2.854851536003469303e-01 3.106466563676200769e-03 8.054722172420284917e-03
4.755323239963302369e-03 1.562466357561795638e+00 2.926140006774240708e-03 1.343618161885999597e-03
2.185836260239372181e-03 3.153127373518151089e+00 1.992082135303672313e-02 1.623972933039891228e-03
1.309277277650286106e-02 3.104700034554928045e-01 2.996037505403301507e-02 1.152861306705106788e-02
9.329231691329316345e-02 3.204278329933833103e+00 4.081627084079129074e-03 1.256647258323308333e-03
8.195518578187456840e-03 3.328295729221196209e-01 1.234399414269260345e-03 2.553321943840605387e-03
5.198523175497599992e-03 5.422409911167405561e+00 4.683034725949112437e-03 7.406057333919622600e-04
7.445633722177207037e-03 7.525926684809430611e+00 1.192964032672246683e-02 1.306905300855258373e-03
2.127111524236944759e-03 1.808996477579421169e+00 2.395700237512517553e-02 1.832739668440889775e-03
1.376657955752342167e-03 6.681603281036286868e-01 1.229428926339478506e-03 7.874828316290848713e-04
1.562759817584037300e-03 2.453293577170004292e-01 2.368881100316216036e-03 1.345067728216384250e-03
5.600858163972125686e-02 1.055682111617163299e-01 7.918721067981963901e-03 3.206579474324926932e-02
2.906097987581099211e-03 8.423077339270792052e+00 2.099001903863422294e-02 1.341572975103498024e-03
1.507813994401064738e-03 7.934312066855312429e-01 1.354154637023812988e-02 1.385417376648278220e-03
4.900292162803191603e-03 2.750350148253317140e-01 8.400300110628223030e-03 4.222784678999101128e-03
8.646222850545989824e-02 4.619350248552985150e+00 4.225273854850242206e-02 8.271819165427133497e-03
2.933438817820067587e-02 1.220501626628995723e-01 8.131353976580375786e-02 2.809725508555854095e-02
5.973478038460411886e-03 1.144558424952189790e-01 2.299082205199499355e-03 4.604264943228225833e-03
1.841763546818270952e-02 2.586348183047177951e-01 1.231812715271525527e-02 1.328161225345996996e-02
1.374864276449144990e-03 2.677271927673382290e+00 6.461447107970997097e-03 8.758944434704176146e-04
6.778259300725358698e-03 4.699391098706757197e-01 2.078315214995099698e-03 2.676330585148888313e-03
1.485069476748543740e-02 2.233499274238504029e+00 3.388191704678221623e-03 1.376390703766721020e-03
2.326449018006270658e-02 5.672079645626081357e-01 6.767229002605468398e-03 7.886383381606371784e-03
2.377677305928182876e-03 2.982434027715670233e+00 3.058553116732708882e-02 1.930167354577058030e-03
1.422944206193412810e-02 6.811392548726649565e+00 1.243085453670001849e-03 1.801898861023149283e-04
7.910137192495031444e-03 1.345325337798168208e+00 2.667457064618393783e-03 1.585370025001696034e-03
3.215647705194152328e-02 3.559072438311645104e-01 1.749079839763582195e-02 1.943778538682107426e-02
1.177604307442909736e-03 3.825689450832149952e+00 2.986337466847930819e-02 1.023239741743493889e-03
2.712102800485751211e-02 1.387616933636058425e+00 3.807685041180603608e-02 1.363990508412133394e-02
2.530688729220583778e-03 5.293909869891515463e+00 4.139371873806672181e-03 5.973481646589346404e-04
1.022653349354713838e-02 1.775117790516091698e-01 2.479224425338469665e-02 9.528817334335993108e-03
4.661323608897380635e-03 9.119080984359752007e-01 9.678646743179211698e-02 4.465218718199823363e-03
8.213290350831990022e-03 1.254198111919743397e+00 7.669725679975408772e-02 7.240790645381783158e-03
1.845443590908699789e-03 3.458799755377322538e-01 4.464073526495399187e-03 1.614580475651326711e-03
5.318036794073271491e-03 3.676675407010912444e+00 2.407041420801411466e-03 5.829184167054661178e-04
8.005457503872345434e-03 4.450919693142699751e-01 7.494728080573611131e-03 5.425873405752484890e-03
1.194824214265497245e-02 1.369830306020376920e+00 8.933838106016642189e-02 1.009821780710124482e-02
1.177391607577314920e-03 3.551221220029932568e-01 1.265537234797425685e-02 1.139736139137594376e-03
6.369162398391502167e-02 1.793966931522940289e+00 6.409706892257350727e-03 3.383138936605012241e-03
8.445040449462808130e-03 1.596260172565414193e+00 2.051941350618949941e-03 1.115648706021965184e-03
4.376225329191535222e-03 5.996065380866538064e+00 4.318039344986557629e-03 6.183849223674086140e-04
3.005866940531723517e-03 9.059539736369261576e+00 6.005278545360941481e-03 5.431008016818105908e-04
4.721181258653658896e-03 4.205808489542234851e-01 4.919057807991847157e-03 3.363473606994556251e-03
6.147747535065473806e-02 1.206381611195268405e-01 1.773035566188156664e-02 4.334602448078813536e-02
4.023522524835753712e-03 2.556414014323351580e-01 4.881632546568275346e-03 3.323291994522310343e-03
2.355916257941999617e-02 9.340399156061504060e-01 1.715258657279649865e-02 1.031980174025882296e-02
2.258240688897954901e-02 2.408450913908676938e+00 9.548798717852058013e-03 3.372592564678996048e-03
1.846820257886408467e-02 1.145134388352657906e+00 8.390833867237439125e-02 1.475044487071737985e-02
4.418409407169055295e-03 1.312277279017740383e+00 5.631483619558882991e-02 4.005955984150352638e-03
1.284552989389224848e-03 5.755244570515324343e-01 1.828349691999871240e-02 1.234630796852743094e-03
1.965705807753901843e-03 5.066078502097476344e-01 3.309577847455062467e-03 1.511038792130290536e-03
4.015787792226090808e-02 2.923361386398937167e+00 6.610499333540259537e-02 1.446660507658423765e-02
5.112131476076520013e-03 2.751219795419682090e-01 1.270437772452981048e-02 4.602593535109264500e-03
7.204463674609148938e-02 2.455745689420544275e-01 2.362405714427567166e-03 8.486706519583666133e-03
4.195207081433726358e-03 6.849170138742374014e+00 3.845834176414835229e-03 4.952212357535187110e-04
6.420877380086370545e-03 3.564009035309007256e+00 7.003051535150653546e-03 1.504519017246010995e-03
4.674559905688756983e-02 1.834440215682132391e-01 7.427356132575908126e-03 2.169629615176938212e-02
9.908141938869852172e-03 2.965921880902308572e-01 9.773347465523817348e-03 7.617646613150432823e-03
3.913041464535445269e-02 3.705215853220199529e-01 3.666357010978134930e-03 7.897930630880725320e-03
6.266052983007938323e-03 8.567253751300868414e-01 2.311821902977110547e-03 1.886171079478030132e-03
1.072109950179226659e-03 3.667337431897850220e+00 5.018894218405286350e-03 6.011615346412603131e-04
9.176465007718190639e-03 5.438790673834279055e+00 2.559382338736491784e-03 4.476246186054669632e-04
5.807504125952231942e-03 1.714760659937482890e-01 6.276507215568819485e-03 5.012247156138209189e-03
1.805521724728556933e-03 8.224199721458195000e+00 5.926640051873972859e-02 1.443786506184125719e-03
3.004511417680435885e-03 1.486026258760757557e-01 5.852476220200245743e-02 2.981763903852409706e-03
1.178287665638115241e-03 8.379947436623467638e+00 1.981082432741894384e-02 7.863566439508798064e-04
3.411190810532411383e-02 1.923321384493816566e-01 9.957842619929369032e-02 3.200333868942385057e-02
2.889169545997664207e-03 1.050547031411937837e+00 1.202181419971130351e-02 2.306768090192085844e-03
1.075387859316846327e-03 7.226578369434629723e-01 1.265572171685820473e-02 1.013172944171322407e-03
1.260436328572677074e-03 1.222861724939095368e-01 3.386678547280481521e-03 1.205568692610516643e-03
1.667881025119151515e-03 4.597047443608011097e-01 2.431538661463123960e-02 1.616895735554837663e-03
1.686452679109832348e-02 3.167348601737238756e-01 1.748293953177166779e-02 1.291775084444097763e-02
3.181606739046183990e-02 3.409825285461815181e+00 3.544548228238404014e-02 7.835160101563966306e-03
4.238407198659335101e-03 4.739590837467307360e-01 4.204625861255054803e-02 4.045143577075484796e-03
2.418019558769717980e-03 6.109812754985721739e+00 9.008153419884185054e-02 2.077330939896268516e-03
7.979438209865089005e-02 3.065366032601397617e+00 2.286668647964243840e-03 7.390599921965046708e-04
1.184008321277751387e-02 4.138462324791395974e-01 3.793818019132944377e-03 5.166804292184285115e-03
5.883731488786304864e-02 3.195050668273296424e+00 3.040016842120905546e-03 9.363351082504977035e-04
2.200868822639956771e-02 3.063698979038739223e-01 5.121969952990267083e-02 1.944840915432817854e-02
1.073755205463105232e-02 1.436494017489604869e-01 2.134268003278608217e-03 6.232965878060700571e-03
3.423673304857774435e-02 8.748539379394832949e+00 2.654599823601062891e-02 2.787301765497791732e-03
1.451478211513981820e-02 8.139434816902223702e+00 4.387564864154174654e-02 3.930713736540808120e-03
2.498949266076881670e-02 1.032488093845223276e-01 4.849341606846977598e-02 2.372707264214199072e-02
2.689676815726406347e-03 1.970760260074343739e-01 7.641969838823152450e-02 2.671148895437510523e-03
2.079780502797068126e-03 4.209193062640578908e+00 3.011941147126283649e-02 1.611421376270609105e-03
9.884185256115339546e-02 7.475432699533559600e-01 4.618951225761599305e-02 3.802073776701368063e-02
4.019491790832629280e-02 3.796436554891421400e-01 1.444241277827489284e-03 3.475287674855471499e-03
6.649558282447081206e-03 1.177031074235020819e-01 5.411870118351286285e-03 5.809394038056084168e-03
4.735533256183064449e-03 2.994343703627970199e-01 8.475541041705784290e-03 4.056816631990113435e-03
1.914262748908328923e-03 2.713370651793256538e-01 2.839924609687352955e-02 1.879880513744395338e-03
2.532710066294715893e-03 1.444680153818725110e-01 1.754239356306503891e-02 2.480962663011598932e-03
9.258854278218565936e-02 2.868260161894745641e-01 2.372439049482326368e-02 4.368644809858768935e-02
2.380993213031311860e-03 5.927027935529766145e-01 4.837860604076385518e-03 1.843296885468397950e-03
1.799204354614963516e-02 3.514450393914773652e-01 7.649106456215527296e-03 9.849691926304672551e-03
2.334773645019988866e-02 2.363831467676187792e+00 1.466181831511634628e-02 4.900655686513151303e-03
4.607790537920690259e-03 1.610007601568190783e+00 2.882620742603943416e-03 1.289414288729462876e-03
1.669905178691306891e-02 4.710799132375926845e+00 1.945911468663176144e-02 3.311579983510200623e-03
1.839909661961473949e-03 1.237536148958433141e-01 1.311795546708286256e-02 1.808518229623182075e-03
8.444853997758853398e-03 1.752091651426788577e+00 3.878348897714319760e-02 6.112785717538310806e-03
2.603268312660630621e-02 4.529030758108255839e+00 8.286643683728542320e-02 1.074485057174605178e-02
4.018552627763052366e-03 4.513728488409065598e-01 1.540754545670609908e-03 1.845694312829741432e-03
4.623087744414557457e-03 1.828660450798463288e-01 1.662571989834548541e-02 4.399382349765112998e-03
2.976436837257650635e-03 1.138156469219487432e+00 4.856091245797340694e-03 1.753311629103873398e-03
2.689730324170008530e-03 9.675021057326437246e-01 3.911076989816322097e-03 1.615093137402182034e-03
7.718024217825152425e-03 1.370826915447441452e-01 6.216731322173638108e-02 7.588871409009345995e-03
3.944508837517404602e-03 3.192271993082675952e-01 3.009436129222214408e-03 2.780926347150401278e-03
4.768761913858363816e-02 1.987418029885091197e+00 3.914163267243681715e-02 1.393828362800339331e-02
1.915006271083825439e-03 1.301800855415196523e+00 1.334243278392439024e-02 1.613527871504190662e-03
3.100323103197643454e-02 2.880272908334672977e+00 3.913030399854511114e-03 1.301529325689573455e-03
6.317014108835844466e-02 5.167989255604077403e-01 2.919143259538375598e-02 2.982043486997064397e-02
1.028107054607266084e-03 2.775067547680540314e-01 1.298822055410467878e-02 1.006008498784624356e-03
2.597432486125717584e-03 5.054610256707711358e+00 7.840060212475515045e-02 2.224856728254763667e-03
6.226809285072596421e-03 1.308893091445218759e-01 5.727420542066619102e-02 6.139443839150622757e-03
6.949575701583250720e-02 4.008664425784942864e+00 1.536519943478295916e-02 3.632641022007779535e-03
7.694059843792427043e-03 4.800019596435177172e-01 4.788511367754669928e-02 7.143141420405392343e-03
1.235032881071594299e-02 5.374544357175141673e-01 6.672241149708552609e-03 6.191171674542181314e-03
3.157962317641968553e-03 6.286110566535898503e-01 1.344517308854247016e-03 1.275190602933259790e-03
1.805906254986911624e-02 2.973447451748306936e+00 8.304105134542856537e-02 1.096721899323889297e-02
1.254494409441717431e-02 1.949199813820224336e-01 5.528467099796416373e-03 8.697853272908664599e-03
7.194184479376575236e-02 3.234881991126749567e-01 5.872878868658477913e-02 5.152438241965281995e-02
7.484872001492205718e-02 4.601332165677847197e-01 1.352458149884744332e-02 2.110493855987283576e-02
2.915808075710869807e-02 1.537656513930218405e-01 7.667262412413188011e-02 2.754722800575670066e-02
1.937778248851325380e-02 4.611030545778039280e-01 2.319851799015905727e-02 1.398955668883838065e-02
7.530917140446898722e-03 2.094082938371184255e-01 1.326429342162224051e-02 6.730683513473131527e-03
3.360549994942686833e-03 1.509035093150407292e+00 8.671240608096316554e-03 2.120450371508937181e-03
2.474073513983841843e-03 5.237697612016528836e+00 1.705833362625881712e-03 2.877984108431949390e-04
2.904813925311689696e-03 1.162980713269710531e+00 6.097274473984457682e-02 2.752319511895783607e-03
7.835905065199179342e-02 1.965379329726611113e+00 2.200903564913802516e-03 1.104058327151670980e-03
2.859792827736462595e-02 1.256717319764186491e-01 9.159300988321411249e-03 2.053884211869456272e-02
2.391873743289154274e-03 4.143682009018077594e-01 1.268380267568443992e-02 2.218518030945291521e-03
7.015182704312092343e-02 1.364613172309996902e-01 3.511739820627729491e-02 5.512479532216759542e-02
2.113244233529606303e-02 6.011282703106783032e+00 2.457606004693040861e-03 4.010729786070363193e-04
2.037991498068331131e-02 6.888968357501441098e+00 5.163258688886122882e-02 5.479728399593506404e-03
4.613172714870003924e-03 3.416827418371803926e-01 3.667651069653715158e-03 3.226516869232401788e-03
4.546705572221219904e-02 2.112687358909255131e-01 5.110942073251133720e-03 1.579017977241101503e-02
1.408046872918044092e-03 1.382104614862252223e+00 1.154123315656375472e-02 1.204881315355728387e-03
1.356277502040809449e-03 5.258403067976223255e+00 4.037034142361684182e-03 4.902313123218124446e-04
1.785325074817748284e-02 7.329496739017596241e+00 1.067948376272769657e-03 1.445260342477760476e-04
5.864234910302537629e-02 6.157327396162091127e-01 1.657652557808699098e-03 2.573995063502145745e-03
2.310561986067764372e-03 2.197235845274577992e-01 3.643768704259122727e-03 2.028001305376918393e-03
2.654567320602248780e-03 1.139574804767721883e+00 1.330606346081768948e-03 8.109366549443810124e-04
1.056516403003810931e-02 1.367868091077246162e-01 2.876024065002245368e-03 7.031767112329347612e-03
5.156349766066387064e-02 2.157734237343254424e+00 2.538925788442749146e-02 9.580409384397315861e-03
1.308970387747332952e-03 3.223907801337575041e+00 3.542357676097469561e-03 5.973496181219165556e-04
1.061273223831536890e-02 6.966459235440035647e-01 2.704860846659862348e-03 2.842687595140175848e-03
3.977962109761146170e-02 2.655021486864938218e+00 6.687767839575789464e-02 1.542301495447181807e-02
1.642685101139571696e-02 3.282323813159622183e-01 4.339359371452194622e-03 7.325111864168958216e-03
1.807321854067172207e-03 2.769259841014606316e-01 1.634087324591266405e-02 1.753611582062551775e-03
1.094204366537700028e-02 2.047383842627089834e+00 4.195980375599463186e-03 1.726132109569054798e-03
5.290792573700848350e-02 6.004873003818635979e+00 2.830745090070847791e-02 4.328419059012937782e-03
1.733531942882298024e-03 3.043628783367854362e-01 1.081857442253246916e-03 1.165242304557120986e-03
4.727781742139654762e-03 1.659174171273390508e+00 3.566270442461491608e-02 3.875371813559854751e-03
6.903961730579201428e-02 2.552437082773182375e-01 3.714560645536622852e-03 1.201940255580452241e-02
2.056794650588560786e-02 1.935165527656668161e-01 5.137744533962085303e-02 1.908910347388418846e-02
6.358394051104642071e-03 3.026359103019937269e+00 8.261475981766758930e-03 1.909875790544606020e-03
5.517321209805783368e-03 3.482114745888573726e-01 2.905839356115263658e-02 5.175165354704517294e-03
5.792051704630332698e-03 3.130127044352492560e-01 7.924137569565928643e-03 4.713611292060691099e-03
4.623760399184474734e-02 1.453423791889197347e-01 4.524379406392952524e-02 4.025790000003476310e-02
9.823707265501378794e-02 1.019080547399360048e+00 3.615085162846640165e-02 2.606262156776005187e-02
2.507895426510184378e-03 2.303775075708598408e+00 3.742983598067712615e-03 9.859673782465572592e-04
2.842056321382627464e-03 9.553564227913210471e-01 3.522506069222882969e-03 1.604948650696284319e-03
6.837667834649724385e-02 5.257090688236088383e+00 1.850778047271323763e-03 3.502503181684572678e-04
5.137211825292338496e-02 1.286233710472636682e+00 1.672692181495230232e-03 1.268349835842316363e-03
2.466907490143919329e-02 7.529769874356021520e-01 2.795709411949508748e-03 3.227163433639526104e-03
4.548936192917869131e-03 5.989115027867854657e+00 2.214289229231310944e-03 3.419283931407105480e-04
7.433571261382200535e-02 2.073496312145282350e-01 3.266349504431761280e-02 5.050367763787366737e-02
1.123486221872559143e-02 1.199872647988620367e+00 7.793229596813443238e-02 9.578084982107423762e-03
4.990006185143200206e-03 1.297174855114726355e-01 3.562832026220422860e-02 4.900966021494157672e-03
1.391290178341403816e-03 6.354403945182410807e-01 4.440232165197755335e-03 1.160271770737312342e-03
5.293771361285885824e-02 9.606216562239179302e-01 2.754209209979888596e-03 2.719806349404084184e-03
4.811238624752253203e-03 2.370024097266457963e-01 1.244223935914802806e-02 4.407326975602636476e-03
8.617807312897671213e-02 7.566337145687701549e-01 8.053112139188566346e-03 9.473346156408492605e-03
3.369288574525586971e-02 2.124189956335590157e+00 3.565077649025553963e-02 1.120283377607308485e-02
8.480759299199652074e-03 3.437190037071926052e-01 3.039890141224627779e-02 7.738684732967051651e-03
2.718065306001580389e-03 5.540648873627611604e-01 2.378607961256424749e-03 1.664321743221802968e-03
3.418116187818352747e-02 1.281412299305117131e+00 5.630553884331931935e-02 1.922556594011562078e-02
1.570840273965065995e-02 8.430238267880046932e-01 2.519769994114365308e-03 2.511149521833616095e-03
3.701089244306810661e-02 5.341277128005725849e-01 2.736262174381903171e-03 4.499994679598893002e-03
9.903767916329174817e-03 6.690621085852668237e-01 1.288067929990568267e-02 6.539591598315607109e-03
1.779249030208370202e-03 8.044027531304310807e-01 4.909074657631808114e-02 1.728844837129304458e-03
2.921180974642929168e-02 8.172853011888445707e+00 4.288469559792990743e-02 4.448198485325290802e-03
4.842642588264314124e-02 2.661845900747423332e+00 6.447522642161141772e-03 2.306817108574790720e-03
7.768595008843094327e-03 2.665339207906397001e-01 3.697188713310387877e-03 4.979723193584108948e-03
2.002563729485889316e-02 4.312620395920364058e-01 1.005502847669490938e-03 2.088389643056711136e-03
2.056733633674323342e-03 1.071326985090861605e-01 6.321753066802946255e-03 1.987461079789939675e-03
1.387389937399371824e-02 2.130154729390826840e-01 8.276581404279930582e-03 1.022338900533833854e-02
1.106914671493527524e-03 5.250115239919128207e+00 8.860585856264844434e-03 6.684775190468260310e-04
8.558020226861848267e-02 3.054965524427291967e+00 2.632132128456771830e-03 8.530036927318953568e-04
2.597072620018864644e-02 2.840184775797935490e+00 3.418990384617417305e-02 8.225324305999140093e-03
4.449818738462296003e-03 3.619414489963523884e+00 5.242545770324336801e-02 3.404052420766793662e-03
6.210475570426004198e-03 1.678518409484474061e-01 3.204564284119774953e-02 6.014814591000743407e-03
8.856522059505770456e-03 1.075476147596515913e-01 1.323032860592375515e-02 8.261731026863488453e-03
6.360315252086436166e-02 3.495923955063920396e-01 1.781449555541648674e-02 2.829131836870791075e-02
1.259691170728974297e-02 1.070011835432599506e-01 2.238083398210254787e-02 1.188135761634640138e-02
1.326956196417338613e-02 4.250621560753192085e+00 1.717617891015954220e-03 3.921446527802601085e-04
3.045574037644399861e-03 9.068431854195709851e-01 1.923222093315471058e-03 1.250205990546308281e-03
4.872344648181303577e-03 6.586417626270973713e+00 4.310588644358755855e-02 2.793013333964280281e-03
2.710044469166771747e-02 2.174203528695672072e-01 1.213686053169773117e-03 4.628766336685468871e-03
5.870034509235266124e-02 5.480264768727393765e+00 6.104712721374597195e-02 9.362706244674973144e-03
1.687441358939422917e-03 1.632889235687049190e-01 2.107126632694034281e-03 1.492299366949476113e-03
9.001390055078013763e-02 9.709469287050880304e-01 2.514722459559957934e-02 2.011267288543796411e-02
1.811420644644286954e-02 1.152112288767051379e-01 1.286541110420947980e-03 6.908155835155989528e-03
3.024854089764713889e-03 1.550941329981032624e+00 8.520223733230049279e-02 2.866992884010158976e-03
3.683714172703831096e-03 1.443422837219390686e+00 9.887509261446721098e-03 2.395498657001868086e-03
8.898463256133418847e-03 3.384781099098568835e-01 6.353005000232407086e-03 6.036555644145950861e-03
6.239303413192585045e-03 3.790298935698621086e-01 1.898163220875895068e-03 2.778111475740110709e-03
3.524205423262608428e-03 2.770288034611762207e+00 1.671753410791764968e-03 5.152336207450066438e-04
8.980454572817703554e-03 4.976951716184914165e-01 1.850589647393212096e-03 2.629560852340802508e-03
2.657924302884296860e-02 5.174839641793935741e-01 1.927305975941575114e-02 1.551025712991318736e-02
2.361595867119940101e-02 3.132651857463595313e+00 9.382789455510076593e-02 1.320455196429294771e-02
4.570808972824371395e-03 1.509441457549602683e+00 2.538172421464934998e-03 1.229292810881814271e-03
5.482518341153951036e-03 3.419803073509167235e-01 6.504110644077223946e-02 5.328904204593061002e-03
3.705220416714782167e-02 4.114995758369337508e-01 6.191363688243043534e-02 2.973067368480993358e-02
2.877721798577340118e-02 3.491707908402837290e+00 4.914417465115042405e-02 9.451795691338091623e-03
1.146416606935019705e-02 2.727920149367699665e-01 3.338495025555539980e-02 1.048224269268825323e-02
2.157990575092979049e-02 2.687152695986564588e+00 1.791048798741213957e-03 6.465532746382943261e-04
8.805300275372149321e-02 8.349090873892652809e-01 6.513272442509389012e-03 7.166270186981068407e-03
3.648402793515050785e-02 7.759536597785873235e-01 1.505600633987454022e-02 1.266671475959040526e-02
2.949342178997262781e-02 5.543915554753253705e-01 4.642666061317529333e-03 6.522383191190089455e-03
1.085559031923968290e-03 1.674048556739799187e-01 2.109438501565639654e-03 9.994560251091345188e-04
1.477571224336961600e-02 4.279948977469278382e-01 1.370033312211807073e-03 2.631052243006759290e-03
4.782578610753786090e-03 8.204191355284340403e+00 1.594630235865514972e-02 1.382015548329314789e-03
6.460978069307380181e-03 6.931009757812200078e+00 8.008376468288403924e-03 9.801563908408703410e-04
3.830343953146609758e-03 1.092826497222507021e+00 1.398997111783991006e-02 2.948216176423233258e-03
3.550858128731550906e-02 3.298037395569590191e-01 6.635046982324855486e-03 1.284215973443098360e-02
1.323576104594984286e-03 3.291928078888846643e-01 1.153118527098298193e-02 1.275385028847443938e-03
3.005533908768970655e-02 2.442050780667534227e+00 9.987630946696036613e-03 3.599978076941223130e-03
2.037731662267757565e-02 6.465045267283410446e+00 6.666541135531442452e-02 6.846891458053585428e-03
8.344259546771594718e-03 5.903283196772891595e-01 1.807853112588607598e-03 2.240251649715867006e-03
1.918577398982553375e-02 2.558080985721742362e-01 1.984087593981958501e-03 5.523281373260593985e-03
4.155919164920241632e-02 5.123962569006343948e-01 1.030328758382091300e-02 1.355134709491266458e-02
2.548733018295231550e-02 1.613128530534530869e+00 5.735179180745352684e-02 1.484514558650548710e-02
2.749960507199636101e-03 6.705416484783277120e+00 3.963476074507285389e-03 4.865130035146218571e-04
8.698390811311751403e-02 3.630993555069387924e+00 8.159433013831859927e-03 2.190570905338945062e-03
7.962849497461746417e-03 3.910471657069982121e-01 7.180045856903458264e-03 5.554129054229564946e-03
3.930757262510512461e-03 1.555500354366579518e+00 2.448452473264416812e-02 3.145308427192751097e-03
6.269423463940483610e-02 8.022903583517264181e+00 1.648334319579753890e-02 1.989343626294719398e-03
3.448763400213723102e-02 2.593075553221809937e+00 2.126503740449692086e-03 8.010228459409768570e-04
1.816389243883154841e-03 1.142035334443582129e-01 1.124506567515320054e-03 1.533503403029098022e-03
1.026980693155044901e-02 5.114410486280838164e-01 1.062165536138732873e-02 6.871737668388852235e-03
4.853223940041135470e-02 4.586694195537599050e+00 2.059641892810774172e-02 4.110175205993545772e-03
4.516794130878659663e-03 6.875025310204139206e-01 2.833690516031701565e-02 4.070704842470932068e-03
3.369829007066020565e-02 4.808987248856948504e-01 3.418662554749406224e-02 2.286134228583152836e-02
1.749385655957500993e-02 1.414930790351498047e+00 2.785142479848397995e-02 9.262197458292875663e-03
1.997520615194042781e-02 1.382922275788399935e-01 3.918641635960078487e-03 1.171606078682083628e-02
8.798797526900692390e-02 4.653834147896523277e+00 9.058733042364745802e-02 1.593899918986833170e-02
1.085686601497273807e-02 1.391975832810082025e-01 2.742307122491272064e-02 1.028980817356508863e-02
7.259896339032823054e-02 1.676685154904399955e+00 6.676352696530757358e-02 2.571481347790889951e-02
2.367918665957358809e-03 4.881427135552614538e-01 2.970943582433924202e-02 2.279241946895010744e-03
7.658244178976143617e-03 1.055022480762604742e+00 5.555557690145695830e-03 3.120298027632927712e-03
2.526535501296182235e-02 2.035975455737741580e-01 1.383057571207144554e-03 5.353657670688722822e-03
3.248101972382305691e-02 3.378701221291337653e+00 2.648649152488731506e-02 6.315108936081608761e-03
4.284051005606362428e-02 2.443787668544325775e-01 1.121810692983381090e-02 2.215982667338469228e-02
9.739669905194783123e-03 1.533785003353972165e+00 9.876293699921891156e-02 8.460032925576519217e-03
1.361443446471126721e-03 1.409317501269602202e+00 8.683984459169186154e-02 1.332012931964547241e-03
6.911434400010089442e-03 7.230015241113511015e-01 7.431599628524042378e-03 4.132654313892657888e-03
9.245005051127935802e-02 8.373391019312088623e-01 2.126493249912869178e-03 2.471687554777239962e-03
4.465653283700410370e-02 1.555971463473488636e-01 4.248633171600266212e-02 3.837971979702565345e-02
5.422783813411335974e-02 4.979462554112761841e-01 1.966012760970770393e-03 3.680287025626394204e-03
4.156430904401083037e-02 4.670498460015599207e+00 7.904177632622848282e-03 1.626151193935297884e-03
2.349471121429790380e-03 7.046418002876922992e-01 1.797515501608048247e-03 1.223037448653636981e-03
1.473934468323827816e-02 3.932465202442566587e-01 1.081698587243710334e-03 2.318082677983519975e-03
5.860792708552396528e-03 1.769548180298737394e+00 2.157564587742106556e-03 1.009300312164588534e-03
3.311273991893324414e-02 9.895159252197135435e-01 1.795740445690357373e-02 1.172286743379919588e-02
2.966484519391447520e-03 6.162553783851160150e-01 1.854233681946873373e-03 1.493764010285407798e-03
1.146872113742885722e-03 4.461927312099761345e+00 1.921532561615240525e-02 9.056793818066702102e-04
3.653507523053838371e-03 1.222908069967825334e-01 1.696874344522350878e-02 3.559777865214371149e-03
7.213611270515340144e-03 9.339904756818434350e+00 2.727197399731130789e-03 2.806345473019823634e-04
6.904934584833088973e-02 5.729344519825293247e+00 7.551655871582654833e-02 1.106793206715729790e-02
2.621092131722336811e-03 2.780131446960436570e+00 2.557629914968222173e-02 2.039900972953500626e-03
4.022908841430501183e-03 1.154723141517811219e-01 2.508848220456986588e-03 3.394405738933638315e-03
6.563482607169209698e-03 7.760923774613834425e+00 1.271919349851349107e-02 1.311419781240197183e-03
8.494053843790759159e-03 1.022513567535613122e-01 3.119709994176400950e-02 8.263984188238164899e-03
2.809370564640553333e-03 4.128457138287648931e-01 3.040290764133244186e-02 2.706134585900866682e-03
4.910082562106757309e-02 9.731890899258147654e-01 4.448623092451964994e-02 2.367287330831169614e-02
4.292561033907991291e-03 2.319525638260113432e-01 4.575430613684140953e-03 3.525391952819307943e-03
3.320168667927139022e-03 6.554247602270077966e-01 1.705050742187913396e-03 1.458594668729984055e-03
2.568109473307705806e-03 7.360678702755332203e+00 2.949903913042741053e-03 3.466663406837536461e-04
1.438804351552797848e-03 2.046271582471209105e-01 7.894525618730531547e-03 1.387074783300557522e-03
1.472482512715516875e-02 9.382015577721771749e-01 1.197344811096192523e-03 1.174424435235598948e-03
1.548326408980666433e-03 4.287800052369507675e+00 2.271258570896078285e-02 1.198115821992505993e-03
7.208160881685315990e-02 6.772683800302058188e+00 2.186219530843823075e-02 3.089634267083932184e-03
1.460427831702717149e-03 1.641206530624823023e-01 1.990436947187471453e-02 1.443050762872133928e-03
6.418349881576694733e-03 5.456245869255241132e+00 5.212580824998883956e-03 8.315670486951150676e-04
2.885603919408450020e-03 8.888448564125353002e+00 2.007334992986388456e-02 1.266870962038544116e-03
1.002788946046864445e-03 1.101353549100725138e+00 1.156207168079175819e-03 5.128794057591678493e-04
8.093016158864803009e-03 7.608899417499199735e+00 8.402399482502050099e-03 9.716983058484922635e-04
4.831504809019809138e-02 4.364184034117943312e-01 5.132992826179183510e-03 9.458975258527664229e-03
2.566739792233043230e-03 6.969713432943573928e-01 1.956710084076682468e-02 2.351730225839989731e-03
4.083907980652430603e-02 1.595818709709584393e-01 7.951528714252072139e-02 3.774541620673327325e-02
7.661351058406365433e-02 4.102935208259964384e+00 4.433049545332171798e-02 9.469171200172219263e-03
2.703990320758914521e-03 1.289783413789711508e+00 6.496337342412898674e-02 2.566222538760043036e-03
2.558233986460919929e-02 1.306354816353791359e-01 2.554573187152308061e-03 1.108311326605522160e-02
1.372855929040911992e-03 4.236633902339405622e-01 2.134978537988348798e-03 1.078925874301568969e-03
1.225570283901803240e-02 5.826582116255643040e-01 1.942737010773390449e-02 8.961674975168445328e-03
2.867868349281807883e-03 1.735752119358277890e+00 1.087471311673973533e-03 5.141845389335108780e-04
6.200322945803968255e-02 4.404054223800111245e+00 5.643102158696512022e-02 1.061894269767833104e-02
2.663212379355505907e-02 6.548768234859387860e+00 6.184687303948212429e-03 9.120619412510351564e-04
5.418327799335598272e-03 2.863292890658438172e-01 8.054091079333396824e-03 4.543191738166234110e-03
3.593869576520571096e-02 4.569080365020366408e+00 5.375170426041206949e-03 1.139134228034688334e-03
7.097595577470364007e-03 9.432132949914093789e-01 7.873754476683201761e-03 3.836049584539489958e-03
6.911474660186694985e-02 7.566231332620759531e+00 3.690757433055995990e-02 4.556358091645807198e-03
6.578140127938737758e-02 2.048605163665706552e+00 2.586302078056866485e-03 1.238696824539084213e-03
4.150129144130095676e-02 1.942424445618162077e+00 2.066738533979073453e-03 1.037402780062909435e-03
5.086363374830795737e-03 3.532376901766856925e+00 1.271578246549397162e-02 2.107931065764884378e-03
2.112905835303754282e-02 1.816341322335594810e-01 4.255249931515144718e-02 1.938110046518645366e-02
1.682127427932209257e-03 3.190311066252101924e+00 1.039891928311657138e-02 1.109535764124194726e-03
3.097659837329522908e-02 5.062477323761879200e-01 5.155535255492783332e-03 7.664161110873804125e-03
4.486952202527794663e-03 6.586984560994948446e-01 1.325138570983979943e-03 1.388990446451957754e-03
1.137703107112455168e-02 3.168195481301238736e+00 1.788937794055472843e-03 5.379557562188855887e-04
1.050599145887731083e-03 2.499306200429072533e-01 3.455275332674200006e-02 1.042675536924421009e-03
5.670512601824499906e-03 3.004162177776208864e+00 6.912762918203502194e-02 4.549402235629786649e-03
1.330746288056230834e-03 1.395711203055908234e+00 1.756566345718352587e-03 6.468196837430471814e-04
2.862540949136710856e-03 9.359905459262757077e+00 3.231170284774789736e-02 1.564907558679234315e-03
8.431844369256953978e-03 4.295591120492244230e-01 8.406694181403796817e-02 8.083568494619868677e-03
8.129363467706099411e-02 6.661739296818676159e-01 8.917736115337776548e-02 5.057836452485588163e-02
8.464277699711650685e-03 1.154077815417486885e+00 3.743779765938856641e-02 6.712755863346932077e-03
2.258747901298753871e-02 6.933969886808467598e-01 1.863466908279139220e-03 2.401693713458746826e-03
3.609199948306383507e-03 1.837221234109495560e+00 1.613878433702243620e-03 7.064848213930072750e-04
3.088890110161751634e-02 7.610938397267582589e-01 1.438710371436238353e-02 1.172673832832580622e-02
2.915807914522757643e-02 4.117695574997878083e+00 1.679634807655950744e-03 4.022788306952094508e-04
5.828519543703178721e-03 9.389227468184131453e+00 1.049302240904686611e-03 1.096534772699611979e-04
1.396592084949306372e-03 1.019852002880183628e+00 7.333190286174320199e-03 1.169450952372756659e-03
6.580947889373888957e-03 6.870989741628314995e-01 1.089602883411545800e-03 1.277874322898300136e-03
2.725442733011871829e-02 5.271820095023181940e-01 5.174154476106809786e-02 2.133103840185585423e-02
2.459705570527824167e-03 3.277859396620345644e-01 1.875025109607320745e-02 2.358299195080917465e-03
4.456759523392350014e-02 8.552726338482760093e-01 3.215270811932183226e-02 2.039228358696967836e-02
8.354007703015249586e-02 1.204226382390821554e-01 9.127867658531166328e-02 7.524687676745960008e-02
2.606767923507973678e-02 6.234967280652536914e-01 1.729344392737754491e-03 2.506887387857704465e-03
1.499678210721175050e-03 2.734421790151213560e-01 9.341415544821372527e-03 1.436612883582725738e-03
2.212737649439893914e-02 1.169563764093810437e-01 7.424271592389669085e-03 1.640793222614406535e-02
1.019660936142374047e-03 6.285559827817078782e-01 1.487279322418685054e-03 7.125859399996375444e-04
3.661400798316378699e-03 2.134568226637954258e-01 2.157245471463496017e-02 3.533389227397365322e-03
5.289500724176100961e-03 8.336754953941972746e-01 2.427368561329546707e-03 1.877927168235195895e-03
1.516291519937860814e-02 1.755334533102672900e-01 1.442994905898449184e-02 1.280165464577728840e-02
3.037477069833005583e-02 5.582473452190470642e-01 5.366304559723675954e-03 7.301917800908724540e-03
1.630093608095117439e-03 1.377595224403932228e+00 1.435408536272697252e-03 6.356530902026626345e-04
2.829432872701765668e-03 1.200288838373652772e-01 1.867648710948250322e-03 2.394090844830133562e-03
2.647024002015674511e-03 1.374796580076570740e-01 8.962045783823953740e-03 2.543733411890769167e-03
3.349624850482032287e-03 2.187865645794753178e-01 8.724558577168691625e-03 3.090063094736725073e-03
1.828714068738689427e-02 3.591739466139749481e-01 2.227255227243640605e-03 4.630781464078808848e-03
3.025327953475902797e-03 8.511958865898138882e+00 8.891706167474736425e-03 7.764972053250801965e-04
6.947584391886248156e-02 1.579298747903633560e+00 4.482887344625242042e-03 2.727110481709667852e-03
1.821108126518921960e-03 1.378220661734724239e-01 9.190068250461311261e-02 1.816148065667694657e-03
6.575019274760720775e-03 1.014171046226413769e-01 1.388410229180027898e-03 4.441753763167806401e-03
1.700464391281922066e-03 1.064610987195468539e+00 9.856207509016595009e-03 1.436598088566636315e-03
2.215495640629995197e-02 6.995128982331594081e+00 8.020137897578362429e-02 7.555370279074870472e-03
3.590208838944828479e-02 2.268794420423459357e+00 1.795318136351794006e-02 6.483975572520513098e-03
4.561533107310816737e-02 1.574420846971295473e+00 1.195208710705574114e-02 6.508291901029198551e-03
3.443046955080295707e-02 1.964684465305089889e+00 6.436072199596805377e-02 1.678692180971632850e-02
4.315018891223605657e-02 5.704033613335117714e+00 2.510662517515835183e-03 4.357111385872968336e-04
1.051280461432681050e-03 6.211370157343214515e+00 4.862069261633978484e-03 4.486846699436230134e-04
4.316036037190260771e-02 1.411498518086508891e-01 2.937312140699149029e-03 1.404031080016319641e-02
5.127408813510370145e-02 5.078357486377893082e+00 5.918512299249247682e-03 1.139537101304851589e-03
1.590173651325750906e-02 3.721370279091065214e+00 5.929561657053736973e-02 7.958879193896230969e-03
1.396895918565348995e-03 6.029206514081105084e+00 4.378149169092327569e-02 1.171530509887788079e-03
2.964883875308910177e-02 7.297906947894636787e-01 5.355326357425008524e-03 5.882285888001069496e-03
1.539001641857760429e-02 9.317063680589260599e+00 1.335418744787182990e-03 1.420078811284582123e-04
5.604968364588779409e-03 1.295387767293900982e-01 5.130244076850908400e-03 4.910068144566183748e-03
2.326596911519625971e-02 3.220238645575868031e-01 6.922762178243733848e-03 1.117344598973765354e-02
7.622691753353902366e-02 8.769060402492179218e-01 1.929987706870393838e-02 1.707808894704290412e-02
8.918338823722690711e-02 4.160704598464814441e-01 1.257682731617231105e-02 2.257583132774904772e-02
4.566340674286866255e-03 2.364024890856357697e+00 3.402412731334880647e-02 3.466510021801041778e-03
5.359092358995966830e-03 1.009758754374046719e+00 2.283669921856937984e-02 4.332469268937109812e-03
9.353150565622277146e-02 4.356846909496475684e-01 2.461079601483502893e-03 5.327040586365002460e-03
8.263440149834894860e-03 5.090716406581075937e+00 1.546834154544336239e-02 2.221627404192239464e-03
2.943062521674916568e-03 6.526898783916811553e+00 5.543428995592598364e-03 6.591115238348577458e-04
2.038731460588831187e-02 2.163079277426669389e+00 4.701822684214821552e-02 1.052019955057768852e-02
1.561141250073866567e-02 1.756652374313029397e-01 5.462861405676910746e-03 1.039371699237912408e-02
8.313503298461703828e-02 6.663039763826937190e+00 7.434615265537795892e-02 9.837632466902116596e-03
3.117662390192562846e-02 1.061537208155078682e+00 6.205125652993042501e-02 2.033233658873667693e-02
1.557254424996134742e-02 5.690902834584221637e+00 6.453843141909118564e-02 6.561934074873004667e-03
5.900982269378029360e-03 1.937852667352706060e-01 7.840916353234138325e-02 5.816159094920760053e-03
1.642016151903626228e-03 6.912205048978199429e+00 4.992755417070272178e-03 5.016417818490355365e-04
1.170642973075492789e-02 7.028612060864425359e-01 5.682709878462190861e-02 1.022583162603470444e-02
8.938456192436403103e-02 1.148324596470301495e+00 6.997158140313167185e-02 3.623330973953045597e-02
5.762195708176415937e-02 9.113900897280917679e-01 3.954308713057734515e-03 4.034946625694987334e-03
3.652755137034521902e-03 6.648940572698526452e+00 1.207214363212060111e-02 1.212807527344512883e-03
1.482274168821366873e-02 6.154176456380961113e+00 5.551612514424728029e-02 5.607966458959398950e-03
3.843538614971179958e-03 1.169147711388203170e+00 2.850774135781302798e-03 1.491885384684765031e-03
2.052577705660572904e-02 4.290689324983915753e+00 7.205670061347653477e-03 1.552362658573726642e-03
1.434659636243225574e-02 6.465547921849377211e+00 3.479450155434836434e-02 3.913528081299628807e-03
5.124018740367525249e-02 9.136410664614661448e-01 5.118333754076591184e-03 5.050006566019526501e-03
1.240413414997953989e-02 1.474472260591515593e-01 2.612818025215521336e-03 7.296578158018252741e-03
1.924289889475418180e-02 8.101623423792172929e+00 1.042219858175113395e-02 1.205821340841958973e-03
2.575991411427669756e-02 2.348490233693392604e+00 2.881965835246756355e-02 8.311917541559238690e-03
3.823490187796520223e-02 3.142121903492262613e-01 4.845764789006123258e-03 1.098940271474276031e-02
3.285505388835945756e-02 8.255908320305967996e-01 6.403039353905956577e-02 2.307845803117132902e-02
5.477038763862849408e-02 8.785136512177523782e-01 5.538279830565748241e-02 2.930779635878393366e-02
3.340051277936105251e-03 3.341550175287439917e-01 1.759511498886982784e-03 2.043693687117870920e-03
4.847378884233068119e-03 4.782644437122515191e-01 6.014497706196920979e-03 3.498758624034147956e-03
1.506733773885982975e-03 1.525649065786472081e+00 1.133949124689777668e-02 1.252771374352164464e-03
2.178620282841930468e-03 4.115065654210424917e+00 1.326811145042047606e-03 2.808612739735801846e-04
1.860101897859392159e-02 1.688958982580799573e+00 3.532525444941095327e-02 9.845218049810753810e-03
3.983499605006587951e-03 9.250511022648303383e-01 1.079109626849008262e-02 2.969481759078993182e-03
7.971095293205521237e-02 1.512914040940088189e-01 3.360858561815372597e-02 5.866170084298680254e-02
1.279668517243692794e-02 2.201972378734377567e-01 1.103902551518996409e-03 3.602086648387466117e-03
4.388758071188349034e-03 2.897117819298661079e+00 1.155179978560426368e-03 3.655249702213447176e-04
2.518746922623110035e-02 1.198606865671635324e-01 6.329357896311604663e-03 1.705333970458011023e-02
2.649127535421740183e-03 1.311619750025055653e-01 3.135588718997773562e-03 2.384854085919395350e-03
6.077177549957275479e-03 4.024225329794251516e-01 1.864180954424507096e-03 2.628666441440336097e-03
3.140117178891978483e-03 1.719482767717884997e+00 5.593599920576618721e-03 1.597798187500455800e-03
1.370489527606767038e-02 1.734293826170715536e-01 3.861552010512602634e-02 1.291025369382718668e-02
8.524164302935775817e-02 4.979224351258043635e-01 4.450519173136183171e-02 4.363131531637189781e-02
2.679350250233043795e-02 5.301884306734477192e+00 1.303622607722981080e-02 2.252118312180407395e-03
5.902758471581863974e-03 2.447149413739864443e-01 5.118092641190370717e-02 5.740736116264550694e-03
6.056072777186256341e-03 1.352497713276838320e+00 1.013025285524730892e-03 6.665639859605069313e-04
5.083508617527250292e-03 8.735387878210456591e+00 4.774853016712099496e-03 4.935416508760450197e-04
3.722414193032960728e-02 5.308309971281126582e-01 5.553533460154674861e-02 2.745538811641220697e-02
1.752520203895970453e-03 3.192339794481934279e-01 6.564454169521361307e-03 1.614889206738590651e-03
3.619001995528665742e-03 9.498795770349284240e+00 7.839152744576137130e-03 6.720288684733391124e-04
7.718752127113218120e-02 2.933267548917895540e-01 5.486465008598469424e-03 1.505589459291858598e-02
9.021404532883886551e-02 1.550565576154998793e+00 1.450152666995051243e-02 8.473926533955199181e-03
4.572899190986446337e-03 3.525673303961975424e+00 1.539370035645267788e-02 2.233572910436866597e-03
8.549696075973578849e-03 1.529635551531876692e+00 1.417208092340872284e-02 4.446494850531629121e-03
1.423367016420864269e-03 1.189727300930164960e-01 7.251552067426988990e-03 1.390886344928062924e-03
3.525028491704081460e-03 8.637593691799485551e-01 2.434403153583363302e-02 3.133155886543581917e-03
1.941199930627588235e-02 3.138228966484791216e-01 2.145755190222246866e-02 1.511948523590536143e-02
3.729081205179689620e-03 6.298367433202581855e-01 1.269310589635170086e-02 3.146801923872497020e-03
3.515137406684982774e-03 5.708347143608708762e+00 7.456038737435002894e-02 2.769745879782238920e-03
8.720816075070150775e-02 5.517412614144741489e+00 3.982900613305047528e-03 7.159519346511761598e-04
4.314696829234103415e-02 1.168802793386318761e-01 2.865076261762892866e-03 1.563198003612993256e-02
3.739075511724579068e-03 9.401686407810434520e-01 1.215463581819282469e-02 2.900262207972211306e-03
8.596372015426130553e-02 2.748205133315600457e-01 1.279065349461599001e-03 4.415142993193345647e-03
6.190945017939878531e-02 6.980827009453693943e-01 2.412129825567224661e-02 2.217632511453953084e-02
2.959038834412619935e-03 1.354489330433819472e+00 2.451392832519143621e-03 1.122981974463242846e-03
1.869645196333940065e-02 8.729016923811729889e-01 9.485474217240009651e-03 6.872324090900687986e-03
6.039880775931900925e-02 6.871387486255453148e+00 4.463209444245501596e-03 6.426245487254042587e-04
7.311518785232793208e-03 3.868543224832478700e+00 1.159031863327408297e-02 2.125199035544854311e-03
4.157081308750488341e-02 9.806298024192010132e+00 1.560497023096414420e-03 1.585252917770621375e-04
7.571029135148117477e-03 5.218863406146523332e+00 5.994102315861291053e-02 4.563103832623664237e-03
3.536368308601317567e-02 2.194366139351156431e+00 6.319670136936450522e-02 1.587291682507671262e-02
2.894951083931297884e-03 1.029730495806352231e+00 9.868457089815742267e-03 2.223335755211739394e-03
2.111989376247042950e-03 4.172817928624263928e-01 5.713960312031844506e-03 1.829773591578339950e-03
5.168375049984030162e-03 2.842959118930462381e+00 5.071871187934445281e-03 1.326226567394442639e-03
3.318133271771174508e-02 1.114052397246892978e+00 8.381065153639399856e-03 6.132623686924475875e-03
7.810294311397717251e-03 2.190193408665342956e-01 1.244174544957203079e-03 3.288694651840803548e-03
1.571458476184337373e-03 5.461177815202938879e-01 6.621857484234822122e-02 1.551352741146637100e-03
3.658291167524823501e-02 1.008508933411582209e+00 1.763903714711142958e-03 1.669216513253939625e-03
1.097685427575372484e-02 1.462056879592051883e-01 5.910852320026678541e-02 1.068669564087434444e-02
1.151213311712471913e-03 6.180213219213455567e+00 1.887581301192097286e-02 8.360762498029749050e-04
1.385882821030947178e-03 2.968646524397958508e+00 1.221188305051295426e-03 3.172074824798946468e-04
1.966648120926640757e-03 1.708531325030990589e+00 1.009972549834215610e-02 1.475697869023070725e-03
1.300238580981894279e-02 1.628952153622631738e-01 2.307524821913478283e-02 1.190926086827211530e-02
1.418159549129691588e-03 2.058557971588996227e-01 1.314095736730273335e-02 1.387338763132380534e-03
4.707460797650687805e-03 3.191004841216226739e-01 9.461975849804713651e-03 4.062509745385855207e-03
5.291186762468845679e-03 1.002265962426256873e+00 4.608036874663758338e-03 2.460040264906305802e-03
6.083389572037403020e-02 2.922319488552113653e-01 8.963498464096170126e-02 5.076541939273102738e-02
1.048057719603541710e-03 1.801939142059425791e-01 3.296098148647995385e-02 1.042086966005291394e-03
8.292574605782788988e-03 8.507677688950360251e-01 4.495031972612716954e-03 3.227281962888410311e-03
5.230294342043091682e-02 2.187238614126254255e-01 3.691638223570124083e-02 3.992935958447892120e-02
4.120341457645351063e-02 1.077915947934301455e+00 9.369156634586539578e-02 2.795265715134194820e-02
1.766929750744481581e-02 2.551403598411895235e+00 8.032142467720372603e-02 1.131730418491487013e-02
1.561463782177379724e-02 6.657595666931556133e-01 2.712258295881817254e-03 3.230958692894381114e-03
1.051384397720809671e-03 5.244969665928365110e-01 2.505279731093880760e-02 1.028740350159461749e-03
2.396726910159095378e-02 1.479413042173187698e-01 1.600754476553463423e-02 1.962109998868673613e-02
2.309341734426502424e-02 1.925574278494014857e+00 3.189583750293691067e-02 9.645704547104769211e-03
4.192060325938944294e-03 2.507833055882157103e-01 9.107788340383948800e-02 4.144224150038990084e-03
5.851817240948100490e-02 3.690212324161831203e-01 8.621414306784301942e-03 1.669683962696246610e-02
3.179000935375148051e-02 1.644085910943433593e-01 5.319838893383191554e-03 1.603560417580365480e-02
3.819940573362481939e-02 4.916376985481842432e+00 4.795153031790533663e-03 9.510594905774974375e-04
4.505822655239044919e-03 5.613562643452360668e+00 1.259276008462903483e-03 2.136886869650000671e-04
6.154705836231494538e-03 9.009898186550753252e-01 4.076100799026384155e-03 2.607430116505195673e-03
1.302652246358998976e-02 2.232184527013752751e-01 2.552560691419546168e-02 1.169435510978073488e-02
7.965947740397898158e-02 4.682813470442130921e+00 2.150944565410639261e-02 4.342858898209732942e-03
6.011261181673791844e-03 2.249848398598267019e-01 2.904498540625130229e-02 5.743808096588903095e-03
2.720584242257092274e-03 1.822520329219817992e+00 1.610233786088688390e-02 2.080075881406029566e-03
3.162760448886682303e-03 2.311873444713262726e-01 4.246445010361361849e-02 3.109223115121289172e-03
7.622514406374114593e-02 3.919208606268160366e+00 1.909073576556291488e-03 4.840138776242459973e-04
7.909467877471643843e-03 2.113670749047089903e-01 3.410906220404610889e-02 7.539911198387700200e-03
3.690524231164766383e-02 7.102662800275223454e-01 1.844570820382469443e-03 2.426276578281703119e-03
2.159681203525682519e-03 1.011585760241975329e+00 1.630722786080036381e-03 9.230533564266427170e-04
1.515616047740180310e-03 2.320516144670804193e-01 8.197336872039978628e-02 1.509141180376198437e-03
1.162595993679949903e-02 3.837985307621485931e-01 3.929543302458642084e-03 5.444120103568190691e-03
3.769868520355650499e-03 4.456011915581293614e+00 2.623705317064361359e-03 5.092616242326589463e-04
1.088797821003678612e-02 2.337248525493778872e-01 1.735699513017740711e-02 9.495759956780662828e-03
2.716723087795851199e-02 1.278272635106028732e+00 7.917004663850381319e-02 1.888397096938931527e-02
5.645769859958901099e-02 1.580172706209648670e+00 6.095240469189561194e-02 2.291629328414222788e-02
1.138999159936614214e-02 4.326356632276723069e+00 8.582613659489871788e-03 1.689531114162389153e-03
4.512566814462999620e-03 2.879880590709801069e+00 1.904856412879787995e-03 5.768790355034284075e-04
1.860341685668942795e-03 6.421297835522989494e+00 2.847336079480541297e-03 3.580724935251292616e-04
1.104848418841025736e-03 5.928607025459227131e+00 7.456223114973235810e-02 1.015626701558338275e-03
7.339340073320408525e-03 3.525532791098492935e-01 1.697300557417473618e-03 2.907262866124174418e-03
1.944695027478525115e-02 2.756157865743941171e-01 1.436180850736111557e-03 4.109632256866147491e-03
4.533290981723487462e-02 1.389846477645795830e-01 1.744936848123115197e-02 3.330662793687500650e-02
3.273008578627957608e-03 1.189414544195303902e+00 1.495499586933374779e-02 2.596982914629668727e-03
2.019990848221705701e-03 6.283324996695149878e+00 2.256609731397499208e-02 1.292837069932383258e-03
9.604009537134080426e-03 9.039055926873360569e-01 6.596400428163997839e-03 4.146739746983835878e-03
9.214750227463804066e-02 1.526529882797938720e-01 3.070025767982528797e-03 1.650822916889023093e-02
3.104618286066399349e-02 2.827236735246959398e+00 5.158958748644622977e-02 1.149259539516827265e-02
1.046543899362063768e-02 1.983188048723094621e-01 1.871867478200234247e-02 9.420869721463980689e-03
4.847899415125454803e-02 1.047028537964235645e-01 3.904833829647857274e-02 4.290214873548084396e-02
3.627687346590231787e-02 1.439279429790662201e-01 6.673278117318302144e-03 2.035268200023018781e-02
9.766426002050121458e-02 4.718476843806652110e-01 1.025618353584807543e-03 2.126298642863259144e-03
1.170604228868960851e-02 4.270825634203189836e+00 4.932952723431559446e-03 1.051302884345371291e-03
1.017622373132712806e-03 1.005354525094724616e-01 9.756729958305392081e-03 1.007062516300522492e-03
2.577980456217587694e-03 2.566783364879762219e-01 1.839578890716879120e-02 2.488468197894147440e-03
5.738126218334845506e-03 3.554941871012205490e-01 6.387060896850385583e-02 5.560536333107579318e-03
2.056361303098413595e-03 2.002399769261605567e+00 2.227495152601685971e-03 7.218951471240301482e-04
3.541946932767366628e-03 1.773129671350829772e+00 3.049786478653257731e-03 1.157775521674676974e-03
7.932283675246484811e-02 8.627975041476664941e+00 3.457289822983694756e-03 3.986929441100817498e-04
2.062254098413796553e-03 8.237679882878160553e-01 7.540414039528809537e-03 1.683067181195749490e-03
8.350266389956968044e-03 4.353910595315005239e+00 1.828985409987246222e-02 2.794800828845731694e-03
7.872802329817020842e-03 1.519958783955448756e-01 2.402705384547449211e-03 5.255416376975408088e-03
5.959169194092132915e-02 5.874341442885160358e-01 3.782549760014717894e-03 5.811184249188372682e-03
3.666965256709693588e-02 6.245270776221051312e-01 2.972961470236686488e-03 4.213373347139832796e-03
2.143396658166089007e-03 3.437560882357119096e-01 9.463331907813127275e-02 2.126837313465406755e-03
1.239524824066758936e-03 1.347021021167155830e+00 5.238564097525263280e-02 1.201238251224384917e-03
7.578079095552484913e-03 1.041662021571578833e+00 3.773679003024006662e-03 2.451021754173228050e-03
4.003656111170471668e-03 4.289823466800609886e+00 3.416623595655624360e-03 6.642992734438008364e-04
6.100162118165501635e-02 5.091990848381928281e+00 3.087874637660844700e-03 6.004488767794767751e-04
2.366170204405602592e-03 5.353165759305458238e-01 2.610328403091708750e-03 1.593117226566318455e-03
2.095616900201654684e-02 3.775702681356035484e+00 3.432819202232976347e-02 6.340871074964235868e-03
2.105317831970816844e-02 5.374334303721808315e-01 5.516814549993284515e-03 6.900543941838253523e-03
1.140899991710728895e-02 1.259635105762870522e+00 1.068336829332088272e-03 7.894455146910232552e-04
1.155264214024507782e-03 1.940215431040782423e+00 1.166699838964733831e-02 9.690839873868655526e-04
6.975218515571915065e-03 9.300139155358877474e-01 3.644657251345827242e-02 5.921298759901010358e-03
1.294760782886635779e-03 2.654301694819470314e-01 2.617237026695254203e-03 1.144479533843345510e-03
6.199293750009283663e-03 5.675047376356344708e-01 1.714538384558429024e-02 5.143814311994820629e-03
4.465207631890941165e-02 4.902408657974657302e+00 2.775846225294812536e-02 5.025002052786469407e-03
1.704964655972768597e-02 6.539626805407982024e-01 7.301414756779249504e-02 1.479095223282873156e-02
4.100662883504202667e-03 1.045783106804042267e-01 3.356284787420177849e-03 3.636073256122674801e-03
7.218746688397342792e-02 1.947603440309062517e-01 2.595935625589942865e-03 1.125138770608390473e-02
1.101461514230413392e-02 1.528456041745755556e+00 1.729985662937665730e-02 5.582249335782073218e-03
6.844243011881482631e-03 3.630654351063168139e+00 9.400625046452562583e-02 5.413317321730689788e-03
1.101436788272762424e-02 4.266480566701569721e+00 2.370010898918321895e-02 3.692626478091355635e-03
7.643168675749821561e-02 4.139743958760572440e+00 6.448349724888528464e-03 1.526557667802775102e-03
1.991797284591449377e-03 1.105709293167498108e+00 4.309142513263058104e-03 1.318121761439842391e-03
2.194899185904466022e-03 9.482647247842313831e+00 1.292054650412820596e-02 8.406739778997165046e-04
8.777794557453625149e-03 1.057452597725002663e-01 1.083683304176398521e-02 8.085265172134684444e-03
2.387800566730657534e-02 1.001339960028000270e-01 1.160015224073984372e-02 1.979740436843326068e-02
4.196918103747365736e-02 1.859985616174695267e-01 1.105293610265153242e-02 2.459722937860826797e-02
1.588274327611662387e-03 2.065304915194556001e-01 1.292499997626783822e-03 1.266775850965407881e-03
1.236279892875034696e-02 2.765147714107166199e-01 2.899945218046562703e-02 1.105913269423769441e-02
8.131045950875524092e-03 2.138209371237219658e-01 2.347131914973075734e-03 4.671058829561015001e-03
1.323586562744191730e-02 1.712820185174883103e-01 3.156094014577956377e-03 7.702822313069359293e-03
3.058503939011882403e-02 3.758031566161133430e+00 4.789465282534665497e-02 8.996020961648963990e-03
5.131269424779476979e-02 9.402083060496821076e+00 6.091738636505503873e-03 6.398346756992822661e-04
1.266692239923950143e-02 2.921258620887602353e-01 5.127738074602194995e-02 1.181436126506645382e-02
2.964624858156628996e-03 4.204166007420938600e-01 4.547513088578435808e-03 2.326876927800345957e-03
2.581790009751574327e-02 1.924323932103963464e-01 5.366407784739841806e-03 1.340635067018342529e-02
3.429885348075414203e-02 1.630432568270771265e-01 5.920462021535888124e-03 1.763841550154919557e-02
7.000563180754294790e-02 4.361831659665093008e-01 2.639059290425562962e-02 3.245431465314789488e-02
1.645408560542057502e-02 4.651954455799952592e-01 3.988051010595394102e-02 1.380454490213475945e-02
3.957039698079491651e-03 2.723385552882999772e+00 1.209260640053131698e-02 2.092378649023361736e-03
7.286931924827377838e-02 2.186130561645911019e+00 2.409541314529747586e-03 1.085771623180445313e-03
1.836514422032538285e-02 7.144780020014231070e+00 2.434051656483326911e-03 3.344710450476095533e-04
4.767658094728262352e-02 2.434245152103857279e+00 3.752418698458351038e-03 1.493232028253432299e-03
3.817670154572777325e-03 2.239946178426664436e-01 3.794473872920101683e-03 3.115539834484798171e-03
4.294361595507806273e-03 2.384514888145903844e-01 5.585832165919895481e-02 4.217054391090774811e-03
2.826829450605798655e-03 1.598446380004109324e-01 2.596015614234696914e-02 2.778468387497620446e-03
3.759426434458718307e-03 6.196548434444076214e+00 7.104144176975502045e-02 2.831077197889338582e-03
8.985388161384258443e-02 4.069923280331546045e-01 1.274550346392766889e-02 2.322264975184656563e-02
2.172632970286656265e-02 1.042567197541463264e-01 1.633915602269718579e-03 9.104565931381097474e-03
7.025868735827332442e-03 3.122027022708746546e-01 4.031477559642399587e-03 4.550161617700824133e-03
1.884176615496782224e-03 2.362042023026766080e-01 4.494225550630926401e-03 1.714404036710195966e-03
1.689658093586668408e-02 8.703632147440526268e+00 6.841139719509332744e-03 7.510707891666779188e-04
8.083045611813376163e-02 1.734297924206929631e+00 2.349030242605454344e-02 1.160066522996267696e-02
3.221131190038802744e-03 1.066276557000881864e+00 6.531769693133152206e-03 2.111064763859952023e-03
9.745661461525828573e-02 4.271356124295373924e+00 2.038346220020557670e-03 4.748875270453033507e-04
7.343502323228925412e-03 1.527300774610524936e+00 3.614969070670136231e-02 5.604622437453776404e-03
1.538394292731281275e-03 1.158350077231133507e-01 3.585767448148938653e-03 1.465561107576078461e-03
1.331936764648838575e-02 1.382751410185915630e-01 2.482453476803048870e-02 1.239944986138178697e-02
4.304715890756365820e-02 3.250808635886601738e+00 7.718876669994236689e-03 2.250322147090602631e-03
2.247684689940677733e-03 7.564752921562801768e-01 1.007368730131351234e-03 8.362294290146627361e-04
1.896339148859785316e-03 3.324085750138365269e-01 5.230429665999070978e-03 1.692377671178055959e-03
2.649218867520323692e-02 2.014574901507472648e-01 2.027098802446177395e-03 7.292395435185019224e-03
4.429695110088303911e-02 3.636072330310199385e-01 3.628888710814516440e-03 8.145121726227982223e-03
9.037806515003680985e-03 1.410112832570632191e-01 1.330180367301936686e-02 8.247611033882645132e-03
9.942708746210513274e-03 2.000080880138517259e+00 1.651043982718233003e-03 7.622067591871295846e-04
1.365201576058182667e-02 2.962319584444683240e+00 1.980123052498156296e-03 6.372360132836550010e-04
9.083500330724535859e-03 3.001477521122535297e-01 3.886329179574597031e-02 8.488035731852777710e-03
1.121098978658436685e-03 6.581944815132863447e+00 1.357300654690300236e-02 7.262633920621198525e-04
2.133849100496907486e-02 8.197806846959224680e-01 1.007905577902355005e-03 1.162500954426336913e-03
6.261036797643576568e-02 5.394632691164242821e-01 7.589082063602688166e-02 4.332716538691098324e-02
1.749866842758611473e-03 9.881961409285237030e-01 3.078741510688929369e-03 1.120515839990052004e-03
2.878794499357844455e-02 1.416968636824962768e+00 1.140753616930167622e-02 6.291280898244698896e-03
2.027689102935928411e-02 4.454836690840437541e+00 4.561638694920161149e-03 9.747499345934089714e-04
6.494971319931430731e-03 1.070719920222383381e+00 5.571608906656527228e-03 2.889008236289170722e-03
6.658777423268344431e-02 1.784548413463016070e+00 7.750220770038700711e-03 4.077047654930172904e-03
1.517850977726766491e-02 3.557309549062423137e+00 3.296743049455194002e-02 5.754191005207862433e-03
7.499797718349068831e-02 4.316229543510433864e+00 1.204650635485657838e-02 2.690841930817295443e-03
1.152119665979818661e-03 1.816826888408505369e-01 1.975260694713523724e-02 1.140038572018284204e-03
1.942485509972580095e-03 3.260304629064852411e-01 9.380656337662307206e-03 1.819637633711671280e-03
3.934711765753472201e-02 2.783991720751970433e-01 2.684751990012356621e-02 2.794508789452879866e-02
8.734348209872518087e-03 5.385380757713707389e+00 1.752831598701941372e-03 3.137865595832041356e-04
1.044850088184361885e-03 2.757479765023071461e-01 2.146623568702970414e-03 9.212075496604753971e-04
1.403985652166560294e-03 2.429072241146107147e-01 4.961272754790053453e-03 1.313682986175551638e-03
1.137825614349970279e-03 7.400851511769749314e-01 3.233670315676297202e-02 1.108947252990014239e-03
2.410588154723970061e-02 3.396929897123701081e-01 7.862527191748958089e-02 2.183212742426513669e-02
2.374481826611190768e-02 6.582725578993112725e-01 6.110280127450951754e-02 1.890800617934491196e-02
2.117811794457644895e-03 5.149327143461106537e+00 8.010757203465534645e-03 8.968714114902020867e-04
1.824417993518390006e-03 7.405445550753168682e+00 9.739936121824601875e-03 7.642702575751979862e-04
2.471747857827601754e-03 8.702777883292275973e+00 9.173448521662741495e-02 2.002237630459111160e-03
6.898742242131179758e-02 5.625499514870733186e+00 2.075161027415875405e-03 3.669227740471833320e-04
6.305736414398791477e-03 4.485036133922929658e+00 2.279779705158622039e-03 4.703896857360821064e-04
6.045627658454114789e-02 3.141859242654990725e-01 2.829714006970256938e-03 7.838719200199847220e-03
2.288950305039985124e-03 4.548409965686750489e+00 1.446746578326928937e-03 2.792695421161143815e-04
1.066775312612887328e-02 1.215645200395652353e-01 1.658649822879788936e-03 5.986887420712267739e-03
1.148217624241320255e-02 1.122585376787796074e-01 1.456186059852877151e-03 6.090790658251813740e-03
2.580390714353024070e-02 2.388249905973129084e-01 8.202804814517380971e-02 2.400077279013450651e-02
2.027718043789803783e-03 1.567045210864153271e+00 2.449872840350118472e-02 1.794914628965432139e-03
3.988477946863488999e-02 7.908047273135415667e-01 7.351636411038250246e-03 7.539161139039620048e-03
4.728709294159884162e-03 2.398123384118238388e-01 5.273083874122836551e-02 4.629156977999334018e-03
6.945846771507148409e-02 1.251930687245782770e-01 2.570025810520518844e-02 5.189852745944837503e-02
1.184486597119907905e-02 2.439943276158154095e+00 3.549094755739324453e-02 6.528561902444054814e-03
2.037102135498058790e-03 1.206237054278271187e-01 5.406781465418285769e-03 1.948546261402932722e-03
5.916830542029860758e-03 5.992047322346405025e+00 1.670633434793017055e-03 2.662618597525457449e-04
4.394465581298931389e-02 7.675870756775226011e-01 7.335627018039173053e-02 3.010260237339252784e-02
1.201664384409877702e-03 6.529189557285642209e+00 6.357474043875306277e-03 5.378688923557202895e-04
9.482236040984467346e-03 5.603901577206944484e-01 3.168225719322503853e-02 8.120298637452595669e-03
1.219822248941282482e-03 3.389111097999943034e+00 1.239723785718282491e-02 9.147725786678157075e-04
4.471052072374880060e-02 4.791843744308528219e-01 6.211883524027386749e-02 3.324457548009496916e-02
1.031418013809138473e-02 7.473688876701719552e-01 1.270437870621479552e-03 1.459362914287363772e-03
2.934233457066401721e-03 1.785230917190264721e+00 5.409314111926017549e-02 2.675174300740574152e-03
6.663270870520631058e-03 1.387055756759947300e-01 6.452275765284501419e-02 6.569173134389407788e-03
9.937390583479197015e-02 6.303815115509124212e+00 2.570396613781775370e-03 4.060862787519616728e-04
2.954689859110281973e-03 2.359022454730995144e-01 1.184438617579603760e-02 2.790476035008478389e-03
2.386400829606891757e-03 5.572017187283931916e-01 4.217843574150420549e-03 1.814398249497176010e-03
2.270151086390087558e-02 2.605700703949245245e-01 1.168985220455920435e-03 3.745981624019868120e-03
8.295347606689096320e-02 6.189210555051695151e-01 7.242242354093846556e-03 1.025485202916640547e-02
4.248849088440721615e-03 7.461345729442567798e-01 2.183683912936613524e-03 1.732970060316798558e-03
4.212298992564681224e-03 3.299762341016638345e+00 2.505392677327417800e-02 2.709245562680713971e-03
1.026784804817777079e-03 2.414641458589243950e+00 3.050210837019055529e-02 9.495981719141599478e-04
5.988429305066014958e-03 2.484642659944067411e+00 2.014323619513886526e-02 3.444268293018878154e-03
5.180669994401204681e-02 5.269032376267164253e-01 5.232802794149589432e-02 3.404631052807478853e-02
1.703011903181774313e-03 1.826541804741518005e-01 8.095010667139899974e-02 1.696492889113832003e-03
3.706013254880360062e-03 4.531306337378757654e+00 7.841230451777465513e-03 1.179643426808761695e-03
5.586439837702760619e-02 4.665015623257046107e-01 7.988870369733591312e-03 1.310711822978526120e-02
3.538863867955227387e-03 6.117235956735789237e-01 4.175093251532519673e-02 3.364417171250347425e-03
8.582843966102503275e-03 5.890352432902117741e+00 1.342452089083376147e-02 1.800870171670182615e-03
9.356569409607419507e-03 9.755809057868304324e-01 1.467554076257061467e-03 1.295935469548510329e-03
6.857895717563923521e-02 3.432086843011873611e+00 1.269184776221321184e-02 3.508791953138415669e-03
1.597513552286674784e-02 2.997449292679974509e-01 1.075583309487047933e-03 2.930157748858077185e-03
2.023731765042197095e-02 4.354065943916408665e-01 4.329953187181861257e-02 1.681538429675471027e-02
4.017192740651278314e-03 3.169693037333815244e+00 3.967434744134960140e-02 3.041151550514540388e-03
3.152571502982430725e-03 3.005863207452379005e+00 7.150320172217669752e-03 1.355779631285011994e-03
6.361283436113115801e-03 6.310827569459900310e-01 4.850013036934529460e-03 3.480430384115311242e-03
3.507964745085008496e-02 5.458449795733925081e-01 1.896042859473751757e-02 1.745346927539367932e-02
1.300893884385937761e-02 2.929838920908960365e+00 3.880604053260341621e-03 1.202116970239169641e-03
2.564082203025468045e-03 1.587846692151646977e+00 6.084721254964773653e-03 1.536193988606324558e-03
7.122074903679534788e-03 4.569119131779723730e+00 1.864457351950669483e-03 3.859437139693819622e-04
3.823172424655871954e-02 2.122370602164973086e+00 1.030468465409023135e-02 4.308153410069712891e-03
8.086276383476198593e-02 2.429449035372060806e+00 1.427518306814775208e-03 5.833504040127049676e-04
5.683387072807436109e-03 1.457641216944617124e+00 3.484506143808122590e-03 1.682730676761698668e-03
3.931802995160969122e-03 7.062070423222124305e+00 7.864902186947042573e-02 2.905891559416790958e-03
8.035796823171070802e-02 3.826783385415564731e-01 5.160201776485304551e-03 1.154682605025865103e-02
1.992260319313549598e-03 2.120315709667224269e+00 6.756864034067469604e-02 1.875037695153933086e-03
4.844046610812816067e-02 1.108904982823563978e+00 1.732906070688719838e-03 1.513879607793995564e-03
5.652035966121423012e-03 7.478774959549991941e+00 3.056445816531104878e-02 2.371826435618519177e-03
9.523414140518587923e-02 2.869631922049894479e-01 6.743602870288548275e-03 1.884878047379598409e-02
3.502180514576458403e-02 2.412791512384322434e+00 3.593127202458317251e-03 1.428458222760542505e-03
2.654889574532691074e-03 1.362344448236136318e-01 1.755679871097819101e-03 2.201382931364539303e-03
2.180576653086731004e-03 1.654703989533055530e+00 2.645010653822486846e-02 1.918819600244310196e-03
6.092070282517418958e-03 2.786818437447141639e-01 2.014777430742090581e-03 3.306148707391235505e-03
4.389952721331510932e-02 2.922249352541689937e+00 1.166102770968412486e-02 3.657926392045398028e-03
4.077982627129339566e-02 1.477519794112298612e+00 4.919711493072633640e-02 1.833026664001058750e-02
1.749939074890266783e-03 5.311434616217249882e+00 7.513296996751181456e-02 1.557287324017030301e-03
3.550049153142140895e-03 5.148006540730176717e-01 1.779028507439350815e-02 3.219332279987398380e-03
1.329077888534644205e-03 2.277078683258620950e-01 1.973002322060911969e-03 1.152321704790168922e-03
2.892566511174451353e-03 4.377406687031231591e+00 4.287444379002587624e-02 2.233079863218828242e-03
2.286066969681139864e-03 8.217666540519479312e-01 2.792518482291359103e-03 1.366667468575128363e-03
7.872743776567425744e-02 4.584264452341395013e-01 2.472357068141642616e-03 5.047373132734026858e-03
1.661530384021926059e-03 6.779237092456166236e-01 2.546198256042094162e-03 1.151935502289234709e-03
4.584167586331811331e-03 9.329041914906053279e+00 4.390499977777648916e-02 2.322208457275574695e-03
1.617260073677351251e-02 1.569088943149083148e-01 6.587406692406104491e-02 1.557270336206917523e-02
6.095882107693996466e-02 2.042716070712983445e+00 6.451064477682000309e-02 2.080329531708918767e-02
2.747219546952067021e-02 4.976096700017755281e-01 2.125728202079095464e-02 1.671979557211181189e-02
4.599751118174918649e-03 2.300366153486425869e-01 3.035108336212438696e-02 4.444794961278752086e-03
7.410340497312789543e-03 2.732944717805794177e-01 3.863592350395873842e-02 7.041254349773058870e-03
8.200498767222015595e-03 9.133780757972806086e+00 2.752275271078737789e-02 2.203581341664023491e-03
1.509610944762550602e-02 2.998536269554706868e-01 3.009240928347677209e-03 6.028217840847944001e-03
3.729340691962417745e-03 1.359261138479534170e-01 3.502167770413169845e-02 3.676131211605742927e-03
4.226175137824662170e-02 1.398092911781229353e-01 9.133376190905475797e-03 2.566104618862415435e-02
7.595687050410578067e-02 1.301089146383163975e+00 1.599771446597150412e-02 1.058256431839109564e-02
1.558560297131062226e-03 1.256790652703880351e+00 9.344892104185570370e-02 1.526562011544703966e-03
2.122060319540362318e-03 1.272646429584942007e+00 3.037400113309717074e-03 1.123302480435053137e-03
2.767121919004952510e-02 3.940324855227125278e-01 3.431916880557641693e-03 6.624589803091692278e-03
4.377707266134532593e-03 3.948074818342949044e+00 8.395080828900776393e-02 3.630310832625599417e-03
2.687419547519421040e-02 1.463461109624880074e-01 2.607510246398619773e-03 1.071406428981329893e-02
1.959362673575935562e-02 8.949672007845076438e-01 5.964553183778136675e-02 1.514193239724319871e-02
1.687543505705166877e-03 1.934783275815842529e+00 7.132142533758563385e-02 1.613671089007123836e-03
1.486444205619203394e-02 7.453557495061382099e+00 1.191285100885911647e-03 1.581274777018138551e-04
4.685943760905905003e-02 2.900701006548273231e+00 4.008860390442539785e-03 1.342438852110877353e-03
6.424158092421965172e-03 6.132708194862366291e-01 2.104816130462653506e-03 2.236996700612657943e-03
7.276148749173119712e-02 1.334701635176370527e+00 5.996439871806631683e-02 2.777641318915649929e-02
1.292322937985420066e-03 5.637764220007567273e-01 3.766630925229580429e-02 1.267799825965869060e-03
5.909477000294146437e-03 6.358259271216614161e-01 1.992390968816882060e-02 4.971848859254867845e-03
2.702237170407789570e-03 3.083841997705051297e-01 4.996491681252298450e-02 2.657907924295558645e-03
1.839394374840306462e-02 1.008367806359991903e+00 4.620390921828846156e-03 3.668261726005647878e-03
6.040877630099772411e-02 6.418392651825961082e+00 7.207657286099070776e-03 1.102474744875287524e-03
2.091045625320813589e-02 1.159274669198236074e+00 2.837806286464318421e-03 2.191378242173195028e-03
3.729235461638722490e-03 8.830571164777712312e+00 7.575412238999914595e-03 6.974278816781430673e-04
1.791263519175746027e-02 2.374281469273438638e+00 3.960652303353529198e-03 1.526033063487761479e-03
3.002129499225141343e-03 5.322348818619745403e-01 5.861034212077665534e-03 2.359013951561884058e-03
1.745457399531272907e-02 4.600812713104957652e+00 2.092188794548911941e-03 4.431967221848142052e-04
5.815302794995832331e-02 8.283109596322935531e+00 2.396087103555973041e-02 2.755662175396920814e-03
1.862806120717544131e-02 5.486273002573772706e-01 2.713216993977338436e-03 3.907961021866703487e-03
2.929457352891164969e-03 1.040619105962160285e-01 2.384395185456860203e-02 2.892477033449415182e-03
1.521989069162600974e-02 1.140924676887368427e+00 3.910104851689746690e-03 2.797263342682772269e-03
3.312375894612433393e-03 1.066837922053946786e+00 1.239221456715366250e-03 8.599991959695877427e-04
2.316998164970212118e-02 1.777911074814860493e-01 3.696059026687533930e-03 1.095744172756595025e-02
9.335831939167848689e-03 2.614446147464978498e+00 4.494460674231107872e-02 6.050170775835536988e-03
4.464250066318718214e-03 3.111210166064211968e+00 2.006940541990936966e-02 2.638353080172324474e-03
7.841501067467906982e-02 9.236281895320923141e+00 5.341805441444663627e-03 5.741158024886457807e-04
1.742137558691474880e-02 2.773139020885468486e+00 1.588574521142847992e-03 5.546070577876568595e-04
3.417410210612939481e-03 7.391193140911677117e-01 6.166603770457007756e-03 2.424373752929306208e-03
4.539515432311699503e-03 4.660143114749804027e+00 2.716783509269723659e-02 2.552195837476853649e-03
3.080188108458511032e-03 1.404787968590425762e-01 3.030435374103629311e-03 2.695334422943513730e-03
6.903232935372702501e-03 1.591048317473087170e-01 1.356631161683832798e-02 6.386201745957180778e-03
2.388429530901607905e-03 4.586496722187211716e+00 4.225481536083877492e-03 6.648393319989844789e-04
1.783776432810348046e-03 2.335686487308935577e-01 7.237150259592151948e-03 1.686676448209210215e-03
1.224991728063793642e-03 2.715089825793424172e-01 1.237422877459215488e-03 9.654868243359933377e-04
1.543378728803499519e-03 5.001991609262918637e+00 1.188412967233837443e-02 9.356061047274226569e-04
1.932701350979247178e-03 9.337831083852860203e+00 3.489204052466487408e-03 3.131245697161072093e-04
5.450161521500402131e-03 3.196303241921408578e+00 1.737710192629092314e-03 4.943502509692294022e-04
1.543441273066880823e-02 1.368663894901025191e-01 6.342883208030534320e-03 1.157833142501923929e-02
3.829719141701668720e-03 1.920874860898463266e-01 5.270622155283302690e-03 3.360658969429432871e-03
2.632729442922528400e-03 3.013083145983129540e+00 1.131259210162163407e-03 3.285894685875939735e-04
1.639514271483017609e-03 1.615478182973379528e+00 6.049027361669405585e-03 1.140249726096636673e-03
1.917075725609153000e-02 7.435283794891672571e+00 7.326750911748129182e-03 9.372281903204338028e-04
7.457452491481629531e-02 8.458288957762828630e+00 3.199852490262565779e-03 3.764002248000445608e-04
4.978648564556419423e-03 3.341121588966142308e+00 2.302656361897295698e-03 6.053842344263462173e-04
5.149081248861324400e-02 2.172002016164835403e-01 7.148302466689316140e-03 2.007798092751296795e-02
2.686664631485195364e-03 2.519262023620059576e+00 6.161920118582984995e-02 2.420761893966093432e-03
9.163587746365761677e-03 4.004964626060713018e-01 2.641621555149363358e-03 3.835272795740798588e-03
4.984514750518931510e-03 1.299354404248892758e-01 6.464952058267530929e-03 4.530631705717744900e-03
1.061380596660164641e-03 1.321053565401323904e-01 4.313223172267311584e-02 1.057941445434895092e-03
3.948263386480228496e-03 7.559157309646203915e-01 2.462215885391717211e-03 1.784814911165924847e-03
2.847324954463935874e-03 4.339330060792501165e+00 2.683505296158151046e-02 1.949657347875599243e-03
2.775279891423552015e-03 4.003719961605480271e-01 1.115702087678612300e-02 2.523919030683316900e-03
1.180482834281971691e-02 6.207915701145129139e-01 6.339184063973941040e-03 5.475241216824167610e-03
5.305696117476104735e-03 1.565672412953213799e+00 2.930185982777646671e-03 1.383504843669995871e-03
6.673846670352746868e-02 1.884315308683132129e+00 1.816709270553216451e-03 9.503920781305092141e-04
7.792104162654997328e-03 1.195822605963103996e-01 7.760117181860895497e-02 7.699650474644358263e-03
2.493689923768889396e-03 8.733192357466377231e-01 1.152030230995828870e-03 8.627518128297143778e-04
1.554298288273355151e-02 8.600206375548165028e-01 3.546703471486432804e-03 3.259216359506286395e-03
8.881755507122428284e-02 8.623245845988202207e-01 3.567406163249138562e-02 2.822359417417789895e-02
6.399818346406384306e-02 3.023650576106634791e+00 1.482279445148283227e-02 4.553485547740227651e-03
3.354024984549922039e-02 8.022059871235062145e-01 1.206538573672809832e-03 1.439476292861144053e-03
4.130795322179722090e-02 6.687755730377385355e+00 8.568305238733052442e-02 9.778930512402986275e-03
4.164773786326454730e-02 1.855132400881404964e+00 6.073140012362535783e-02 1.832931274232241919e-02
5.804012778322717794e-03 2.390576790498998516e+00 3.441505485433592193e-02 4.136372886875650315e-03
1.444884955796209118e-03 4.027329586026768826e-01 1.358514004574534056e-02 1.385537172279638091e-03
2.129414636362124934e-03 3.879226124205532145e+00 1.248015503913500919e-02 1.281321599757436402e-03
3.831122342042484353e-03 2.155438671353362701e-01 9.921176950377549528e-03 3.536746336491518577e-03
4.397035271278735245e-03 2.495571047937290010e-01 1.593530260115914171e-02 4.113760085447597942e-03
1.181520960000400321e-02 1.396698063701663217e-01 4.345328979823588449e-03 8.563169782732256430e-03
3.156621773209850393e-03 1.826038234161830587e-01 6.606609509155328408e-03 2.903314392924420152e-03
6.281230925154349110e-02 3.424590773149582379e+00 1.222739531313605122e-03 3.550287969535460332e-04
4.698816727119792258e-02 2.961913951297417746e+00 6.259964380666451292e-03 2.022515289754430855e-03
1.041527056235003884e-02 3.022556386109737758e+00 2.238619457614061253e-02 4.328411560143788882e-03
4.535666451961950334e-03 5.240006820551970534e+00 1.483073941108131429e-03 2.664051285939588809e-04
1.151860403837003111e-03 2.094833043352961610e-01 1.135802795883299578e-03 9.500311261028134653e-04
1.182202627058148714e-02 5.047976761948456126e-01 5.420653017211234277e-03 5.627058245111280117e-03
8.572794769487924668e-03 5.055492267567691655e+00 8.356729045936451064e-03 1.385792551013972571e-03
5.921754955593994119e-03 3.676863243200070852e-01 3.040023338077190579e-03 3.450448706899948790e-03
2.045408141556117124e-02 1.383058726122181892e-01 3.688263245475569690e-02 1.899700032914813930e-02
1.968243635207417210e-03 2.386744284016584672e+00 1.901066204523756738e-03 5.670400502159421820e-04
4.808191730035933642e-02 5.431773489667136579e-01 1.013366724004514247e-02 1.344102260034343160e-02
2.768572769621185318e-03 5.715711362683023822e+00 1.024482508239057087e-02 1.088010253312796452e-03
9.381479089089432566e-02 7.789961366916060115e+00 1.253001882950400929e-02 1.581369735091720788e-03
1.748091183816996921e-02 1.706265841315730836e-01 1.133362426240342238e-03 4.813379092460378338e-03
1.393270521688234767e-03 1.486256004423027466e-01 2.411797053620412870e-02 1.381409807370404799e-03
7.033343469337211516e-03 2.017181756059293285e+00 2.516369699907353933e-03 1.059542409613601407e-03
1.090645769628959677e-02 3.038836083269285671e-01 1.500683434421719656e-02 8.933478515479367429e-03
2.262136308975588178e-02 1.493119620472351583e+00 8.681305802306883701e-02 1.628525180577858333e-02
8.105846861922742785e-02 9.143925222236815031e+00 2.470169175884849577e-02 2.614305121989745923e-03
1.332549358670913862e-03 6.103220885528506834e+00 3.383421794436215334e-03 3.914964263747734534e-04
1.590004703710582541e-03 4.031284763057706444e-01 2.288076361363677695e-03 1.242057673490806280e-03
1.773939490136444697e-02 4.157653004227732652e+00 2.096313438696094465e-03 4.902710141257738156e-04
1.799476359900962054e-03 2.589553572980286544e-01 4.606589425905269902e-02 1.781455869403620641e-03
1.701264191576334298e-03 3.106325354034682462e-01 1.313521258965442452e-02 1.635464666040405222e-03
4.314561434291565994e-02 7.846231507244706416e-01 2.149937070178006403e-03 2.576462919857732368e-03
9.453970733424157946e-02 1.031787491035914273e-01 2.457124389228243846e-02 6.767395851595418843e-02
3.871935226924092758e-03 1.184395026373435827e-01 3.970620623277335698e-02 3.827726585075346289e-03
4.695381956821922248e-02 1.069727716346424579e-01 1.176426085912692489e-03 8.910446832205480561e-03
1.459262030874575698e-02 6.861391537382101724e+00 6.231362477187731008e-03 8.549683522591758258e-04
4.639544333106731394e-02 1.628295948160420337e-01 9.006724837901217834e-03 2.523181123708815449e-02
2.516675799265988365e-03 2.170078590719746625e+00 1.281351560641744635e-03 4.782549017444650196e-04
7.144709373623314534e-03 9.735633136836103763e-01 1.994044366829327355e-02 5.296967631777537919e-03
7.520209218660667619e-03 1.241201577556247937e-01 1.505713154723048279e-03 4.642356821015967278e-03
4.288485697330086770e-03 3.975661699804328153e-01 7.412074032918447748e-03 3.486504975440593828e-03
3.221241215474818231e-02 1.002901366304432135e-01 1.868435531380757686e-02 2.746382535067661002e-02
1.607621763975815646e-02 1.000602781559225996e+00 8.182391380097063863e-03 5.420318173379843826e-03
1.638442533717384027e-03 4.735055849500465763e-01 1.252022495114057813e-03 1.011604856001420936e-03
4.549534322973401712e-02 3.904791360691354907e+00 7.260098507507619682e-03 1.786278802345010394e-03
1.355113086246247101e-02 4.611724155950977178e+00 8.597354486748992608e-02 7.847089744728277111e-03
2.861269699714243629e-03 6.238211022355560909e-01 1.949350039057188427e-02 2.621254768435896023e-03
1.432303749352015557e-03 6.256554180388744335e+00 4.040739512949083345e-02 1.172315366928549773e-03
4.752086147126553979e-03 9.027882707078760394e-01 1.735772415210442773e-02 3.810327292517889323e-03
2.381771008431926139e-03 7.358926727554708780e-01 1.890685055292503844e-02 2.179705106555651986e-03
1.471010600489829588e-02 1.901110909741158039e+00 1.428232856822330300e-03 7.147586897029421273e-04
2.684175756438327357e-03 1.625935661877172311e+00 3.977334366781055258e-02 2.418766454310138266e-03
4.740818445507838895e-03 4.792168492176799077e+00 4.153997460042665318e-02 3.064693913641354257e-03
2.010257255043533878e-02 8.009659801640193422e+00 1.260235399004353343e-02 1.459186361098388507e-03
3.501797225296392289e-03 1.662166467228754774e-01 5.175845372258879723e-02 3.462855198695306662e-03
1.809853940170655243e-03 1.379683196318569172e+00 3.288093210476232542e-02 1.682111949933273558e-03
1.287628124090747523e-03 1.924516069710499044e-01 5.188715503359031533e-02 1.281507814439149674e-03
3.511021018829385554e-03 4.350269993515310851e+00 1.770279756290086366e-03 3.646695466400219588e-04
4.058865222181824196e-03 3.804345106454522507e-01 1.256549835166304637e-03 1.821044298964463390e-03
1.479203224519968704e-03 6.328600017573966063e+00 3.646617399771125839e-02 1.177042818705525138e-03
1.720583851569834535e-03 1.465168705474814592e+00 1.543824309765279030e-03 6.534881989774115078e-04
1.635486539526700023e-03 2.750350544598896829e-01 2.153065553561287968e-02 1.602017365788528875e-03
2.549541168636400637e-02 3.631492660755017421e-01 1.786975767342768168e-02 1.679409279513834757e-02
6.172455969689197297e-03 3.837689300246179269e-01 5.689917344175993326e-03 4.358110183465880617e-03
2.727995959530206405e-02 1.560939505441067299e+00 1.198117434306436363e-03 7.465562770725042620e-04
2.744239828841900809e-03 4.315674830436237452e-01 2.027650651537780090e-03 1.732379333541399832e-03
3.756942258647563704e-02 1.528985739726510307e+00 4.788612808507384556e-03 2.890895608932777996e-03
4.053454622626104925e-02 4.885374483348798869e+00 1.916997076294695967e-03 3.886329483231519685e-04
2.558195427761495583e-03 8.737652900830015223e-01 2.731374558633272408e-03 1.406865451967813417e-03
2.085668633558505295e-03 7.217297578438468530e-01 1.405246927678933206e-03 1.006989569490508154e-03
7.882207899620543440e-03 8.830951273877163388e-01 1.411094966392666995e-02 5.278430154870955224e-03
9.489083107861442934e-02 9.223055244212893911e+00 2.327640631660551560e-02 2.458337680116491012e-03
4.911090483210373003e-02 1.522253848700166667e+00 3.535023351539570008e-02 1.576686838843003105e-02
2.496576672938111401e-03 1.987685201306428895e-01 8.814684693020352624e-03 2.363517577348267160e-03
9.552911084772446743e-03 8.898675928728381201e-01 1.279184746395296141e-02 5.739034212226882398e-03
4.281085305176498407e-02 2.835019763458666575e-01 2.331304986181411548e-02 2.815377245060909570e-02
2.277663424176834886e-02 3.513506189747820363e-01 8.846419643134340038e-02 2.088715540563069323e-02
5.035035412482296788e-03 1.326235303579214875e-01 1.975713167576784949e-03 3.763143952540477528e-03
2.396901620184268417e-02 1.601918036132232714e-01 2.503325028225814736e-03 9.459651518882561394e-03
1.194503357187080882e-03 4.203411299635577691e-01 9.742873011256666591e-03 1.135961585032517658e-03
2.826724533899546352e-02 6.801592268613202430e-01 8.794079660284515043e-02 2.319597925044929523e-02
8.235790938106807291e-03 3.690278566141716787e+00 1.359408028275825228e-02 2.545284306345620834e-03
5.115620672682796161e-03 2.411738727927767556e+00 9.724272435736935200e-03 2.254832332146501726e-03
4.455698075472861591e-03 3.323589530058137065e+00 2.659630909663305426e-02 2.862081680207276616e-03
7.867501056229098122e-02 9.856377248567737226e+00 9.023751730372152335e-02 8.200918570060092630e-03
4.626913442820972111e-02 2.476242937248498699e-01 2.142764534625087383e-03 7.289922044985485718e-03
5.306743323088112391e-02 6.034855736583035757e-01 2.557507213066288233e-03 3.924488568342492274e-03
5.564371391831596236e-02 3.347913771899506674e-01 5.681646034631449016e-03 1.300448465809122059e-02
1.427809690753052869e-02 1.165987517339707458e-01 6.338831410684756668e-03 1.130816137395007637e-02
8.592530994514485654e-03 5.114687331709551366e+00 2.270097224254017526e-02 2.926654092140940164e-03
6.991366923357590635e-03 1.196637348461850658e+00 9.777792050595033799e-03 3.767659980394958818e-03
2.498274400652651661e-03 1.270371511537863096e+00 7.730580360405072023e-03 1.771143579154532254e-03
8.142449963121392575e-02 4.656782878466539266e+00 6.280921014070332646e-03 1.326790457326240029e-03
1.534358814078453509e-03 5.885891337898031539e-01 1.661445941584436051e-02 1.455255927073171619e-03
2.380231676474294129e-03 9.419158361581598804e-01 5.296978192625955567e-02 2.283577868396107803e-03
4.582293387009678948e-03 3.517452856203032718e-01 1.441867812586189630e-03 2.163647632908772146e-03
2.009949313088666995e-03 8.891274816850142093e-01 7.031318964889497758e-02 1.960130058126661936e-03
1.138101133912204285e-02 2.772564838312256086e+00 1.557723261391690201e-03 5.354040040499053344e-04
5.787845027323851310e-03 3.673085255318132569e-01 3.108208055625673663e-03 3.437021366448146740e-03
8.057719105423112593e-02 1.224428695547133406e-01 7.258817928800891106e-03 3.415462055640897110e-02
2.052220600800178096e-02 7.454715783693149689e+00 6.808527404927781912e-02 6.320370474507078229e-03
1.074017502102485658e-02 1.322233794061165923e+00 5.355796220060369400e-02 8.489234180163994850e-03
5.688226396488903908e-02 9.779532301269991956e-01 2.361002766614120688e-02 1.694878811499943641e-02
6.057990142808434425e-03 3.182196957537131721e-01 6.938955757921683176e-02 5.894237201602106624e-03
8.773932712470819406e-02 3.721457925598463223e+00 2.162667829693097274e-03 5.773107913469630427e-04
2.207435608329654311e-02 5.211493455164462496e+00 1.067063477057274973e-02 1.873721449463814541e-03
1.960143817597190599e-03 1.602518257503424470e+00 2.341305646172742519e-02 1.728273441253626525e-03
1.481739600313152850e-03 8.140047714533322765e-01 1.860055299309923416e-02 1.391507994140029790e-03
7.326700622632516258e-02 1.166176294253167045e+00 1.233314681796000628e-03 1.042523105190561183e-03
9.951942804631384171e-03 6.755373176077004160e-01 1.345224224378162130e-02 6.635684930627376577e-03
4.906349742172351480e-02 3.555381241641319967e+00 3.373798406502938330e-02 7.951407384755327171e-03
2.526657974218230601e-02 1.816754527665409569e-01 4.586437645590948214e-02 2.296785171903690387e-02
1.266866424509349547e-02 2.753231808727038210e+00 2.026009952167484932e-02 4.654860512987671686e-03
4.465018127452128477e-02 4.322624920045505248e-01 3.454368854574115660e-03 6.778220873145656203e-03
3.584943714073678383e-03 4.064741148892871969e+00 3.908535478476711685e-03 7.582020347081594447e-04
8.410110586984388334e-03 3.059907178077967416e+00 5.546495143400125699e-02 5.744722816900354502e-03
2.249169111955585248e-02 1.053006091682544110e+00 2.961815253927304117e-02 1.249787690472562926e-02
4.956099178602653768e-03 1.558417716925868113e-01 2.822212660708795992e-03 3.891182305922187296e-03
8.805469461317143309e-02 5.079734490021480475e+00 1.432410181111392006e-03 2.810851028641962019e-04
2.849261610986444926e-02 2.577661500259008087e-01 1.163036861374267808e-03 3.895161241632100462e-03
2.043656896036539702e-03 5.398594816624219916e+00 2.377706184818516658e-02 1.395927717172639349e-03
6.307498003071908103e-03 8.562248003474856262e+00 9.182090938148862458e-02 3.971549329200681037e-03
2.663608119406960049e-03 3.356919624623919685e-01 9.873063519745661765e-02 2.639701718565619273e-03
1.833022043237809290e-02 6.805906313008539321e+00 1.758515519915718759e-03 2.547893176949019641e-04
2.843511250861734552e-03 1.113027708279876876e-01 5.860680151343700128e-02 2.828238091827549750e-03
6.100545747127985967e-03 7.672070591379945848e-01 4.573274900942270876e-03 3.014967354445828931e-03
8.058791732794196028e-02 3.934006218707456703e+00 5.850625933839009515e-03 1.460245066484110524e-03
1.381606999554801625e-03 6.159382047596552168e-01 1.501454312140738760e-03 8.818166685592228500e-04
5.031369505693219016e-03 9.357127846554279316e+00 9.252716095020199413e-03 8.264206779962856523e-04
2.377657444142189640e-03 4.380140052599049483e+00 5.369856241780435191e-02 1.991432578914667517e-03
9.985410826327270617e-02 1.200502223534149815e+00 4.787500315315185856e-02 2.849784445185014892e-02
2.377242006885251380e-03 5.880911705242466425e-01 2.395195348647724543e-03 1.501084411554711937e-03
1.467780503658125532e-03 1.162821999458665045e+00 8.217239983700697081e-02 1.437914208094663452e-03
3.601428614607156409e-02 1.580752977102730938e-01 3.362697837713339230e-03 1.337341183837252936e-02
1.561779549753459714e-02 2.915995731825191228e+00 1.198081675769564368e-03 4.003335920247796812e-04
2.461512832875199439e-02 1.533524799161780083e-01 9.654569419727955515e-02 2.368892702451131857e-02
1.409989724156653426e-02 1.012404689938135149e+00 1.908606463041734487e-03 1.662885473535973251e-03
5.498872932110103647e-03 2.824694240972269177e-01 1.510709558413076900e-02 4.986207003035712619e-03
5.055651301797258607e-03 2.927040604460408257e+00 9.396767249651162557e-02 4.367806062009369113e-03
1.018126394805922603e-02 6.699749758773488884e-01 3.439014297264644804e-02 8.496087847449146704e-03
5.722972439221031722e-03 5.925932835758748851e+00 2.528224374876370667e-02 2.444237953323631987e-03
7.758828435601532875e-03 2.959377209238228890e+00 6.917373285944086736e-02 5.825223138266360200e-03
5.951694088317538434e-02 9.301317735759102590e+00 2.939210197919470136e-03 3.143304262965354872e-04
1.186571688693220314e-02 1.907325413225456012e+00 3.276986107350263622e-03 1.500796455591951305e-03
2.533688133448332852e-02 1.751643089411701215e+00 1.014787539652149207e-03 5.663841256227847070e-04
2.655337981402496397e-03 1.987288284668296545e-01 2.106153529722493232e-03 2.123339793900157549e-03
1.741844924956946310e-03 2.912854047231469568e-01 2.903723971518883552e-03 1.482759187706668728e-03
4.528114111177840989e-03 2.306023849383916358e-01 6.416275883809015312e-02 4.455602990903676300e-03
1.227338663303090098e-03 4.890729512206742347e-01 4.463748489614646070e-02 1.211053146466611104e-03
2.283831568984035984e-02 1.643635032592095091e-01 1.466617625442125789e-02 1.818411820595955061e-02
1.897306191449516476e-03 1.364423062483893112e+00 9.864637290229998773e-03 1.502905960253781131e-03
2.736789291776987442e-03 1.101190008266323295e+00 1.278414813295645006e-02 2.214698103329147943e-03
6.383637557462075798e-03 3.113705297611794265e+00 1.599941443736324501e-03 4.755592205347499856e-04
2.316082574915475853e-02 3.544552422270799585e+00 6.093211109246576482e-03 1.600261320917035525e-03
3.618669540504705368e-03 1.596123696037098638e-01 7.215207056277217479e-02 3.589931783549317208e-03
4.600430156347514767e-03 8.720321022567274483e+00 6.555705357882497288e-03 6.461789002872187632e-04
5.609838827341499801e-03 1.187994482826344456e-01 5.769902989366883922e-02 5.545782923644656387e-03
2.047313277609032374e-03 1.294537641980234799e+00 1.065161796329188587e-03 5.869272411834814979e-04
2.555694291687338193e-02 4.114667095395710739e+00 2.305003115957991386e-03 5.481762120487470961e-04
3.892884239137678944e-03 1.950782991422286561e-01 3.112939766909385286e-02 3.800177018808515144e-03
1.626616859915039348e-02 4.971186776067343938e-01 1.784080796250002432e-02 1.119301575755578433e-02
3.308647568568775892e-03 6.460322087321405116e-01 4.979978935407140123e-02 3.172479283113292543e-03
1.843007800601675471e-03 1.704763635647585374e-01 7.628788717737486347e-02 1.835448563327473368e-03
1.997772541258706694e-02 6.546205036305298819e+00 6.874400614454231895e-02 6.883185126182571334e-03
1.421665224662578900e-02 9.158919781511601244e+00 1.823314465002248436e-03 1.963261262561775272e-04
4.270182284023750670e-03 1.693675649724322441e-01 4.673729495340205216e-03 3.697947987235970964e-03
2.655745009904333237e-02 2.910056766993192601e-01 2.081181608412654982e-02 1.936598415810595122e-02
4.387537122091378361e-02 5.606531201377887852e-01 1.052277647214642890e-02 1.314547728346263447e-02
5.591008221589585832e-03 3.807787184840502603e-01 3.336032234060052476e-02 5.255613676711326857e-03
5.823056518158692234e-03 1.077709635134200955e-01 5.166423365870826540e-02 5.753173723021868385e-03
1.820420738352729979e-03 3.533542884658001704e+00 5.506153231593691882e-03 8.395826701592110693e-04
2.349337650093184446e-02 3.027544361105095394e+00 1.495938010480791190e-02 4.082473564849966804e-03
7.010463167479940270e-03 1.984246819939432527e-01 1.415303590864743812e-02 6.383092861995533912e-03
2.929768380127645202e-03 4.259660402352475339e-01 5.371783409838639528e-02 2.863248895989327098e-03
1.976783186869190273e-02 2.308359434621201633e-01 4.393295741216515782e-02 1.790782373279808243e-02
1.052349278663483600e-02 2.080497961532890461e+00 9.409398194182776176e-02 8.537060691798605341e-03
1.312364129123617419e-02 6.592740673087871706e+00 2.337299480920805063e-03 3.452008616092166874e-04
6.519472136750213698e-02 5.691906858374829348e+00 7.278696081507374065e-03 1.254179449895087345e-03
5.330816532012165598e-03 6.210620382587755950e-01 3.620752085688782110e-03 2.784607914000381164e-03
1.889602348500724061e-02 2.034441592415377809e+00 4.072258698077825534e-02 9.720086567125790084e-03
9.706904330411591023e-03 2.178055736801086884e+00 3.428289989464337016e-03 1.354393496304553404e-03
1.117405778287596137e-02 2.138917729491476738e+00 8.645267124864484953e-02 8.753967768910799266e-03
1.058059275991413617e-03 2.906899920136756243e-01 7.631690105220263927e-03 1.017070004620911419e-03
5.272682277750706872e-03 4.840933742431234421e+00 2.944733609450404799e-03 5.453793672392523786e-04
1.909195666235992059e-02 1.645873667157291775e+00 3.555896369373814231e-02 1.013542565871086709e-02
8.057188446188780218e-03 2.547084427789605865e+00 5.904190285903452434e-02 5.978963980653649764e-03
1.050429904741875028e-03 1.360290643641995090e-01 1.607327390491367081e-02 1.041174023647038283e-03
9.649090625247296049e-02 1.060694948191793108e+00 6.073163179937801116e-03 5.404924223003915000e-03
1.221965323386519373e-03 2.281565486572675605e-01 5.309063066991546141e-03 1.160996895786699451e-03
4.261593919406061852e-03 3.016615368540917497e-01 2.523467445981489744e-03 2.823291924459494107e-03
5.675105069535119756e-02 1.323653987959061140e-01 2.867524104961445986e-03 1.567865317000546183e-02
1.262028356289314306e-02 5.489909611405503043e+00 1.305454083806437430e-03 2.333939326997092750e-04
6.506639360681003119e-03 2.164242457210014070e+00 3.768939803715228281e-03 1.373776825479169341e-03
7.322800794709976614e-03 2.306927032613616202e+00 5.233093999309803429e-02 5.535774530266543599e-03
3.637511302717513773e-03 4.347554322168646124e+00 1.521784086229619132e-03 3.193058948953460111e-04
1.244640450772669521e-02 1.004869723926897079e-01 8.622108887911940009e-03 1.086967647966734750e-02
7.524508873038161794e-02 1.777872624989575989e-01 1.741771648888549087e-02 4.255831702723038290e-02
2.049520907078926282e-03 2.072005725676800136e-01 1.977364593672529224e-03 1.687179586550454280e-03
1.850347036531927586e-02 9.436635709942823524e+00 2.784796881797546586e-02 2.545134542074182094e-03
1.754074740156587667e-02 2.011321003145363218e-01 3.472998430686544818e-02 1.592320598521435385e-02
3.548923785363000596e-03 2.312025405410398637e-01 6.210251870542162628e-03 3.134749693186990056e-03
4.587289174459410063e-03 4.348200271520105353e+00 1.322987510441463481e-03 2.853355055234821293e-04
2.046313984674368730e-02 6.508944070735706688e+00 1.148789794148813090e-02 1.624801630999004286e-03
3.361584478632003575e-02 2.954860097912940020e+00 2.018544926857139370e-03 6.695213406555070197e-04
6.523170389673066394e-03 9.296041312225113984e-01 9.234401870165245135e-03 3.937516524267533312e-03
1.238313344141478770e-02 1.962536419993847758e-01 2.250960759285213462e-03 5.954450244165287835e-03
2.847998088965855365e-02 5.840093683985767115e+00 2.911450064901246158e-03 4.899516122127494343e-04
5.530157068335066900e-02 3.677842417933758767e-01 3.309439648466427214e-02 3.425143529907644091e-02
3.326426779984066433e-03 1.500546865431249821e-01 1.944883235989764217e-02 3.243191659244521255e-03
4.091682115075028631e-03 8.417576961756891851e-01 2.729469316509414590e-03 1.808990946889040821e-03
1.022103644638995947e-03 3.862283152120705165e-01 1.777341901629125170e-02 9.998949795618243194e-04
7.674006904764910098e-02 2.757457806352182406e+00 5.282584382232292583e-03 1.869084457262137899e-03
1.937646096139296293e-03 2.860911923061846718e+00 1.440157988148508747e-02 1.399104761489717609e-03
2.577132382450295599e-03 2.327777924900566175e-01 2.132472874191964837e-02 2.506617178001275224e-03
1.087996475246263625e-02 4.317254004295559833e-01 5.795581159154505196e-02 1.006428266829710420e-02
1.779382571355909992e-02 3.894854669568737826e+00 7.995409758484025783e-03 1.840483078801641607e-03
1.939201167400801326e-03 4.960919607007408527e-01 8.528848032650322708e-02 1.917571677197377460e-03
9.251911237886309425e-03 2.782843570931282873e+00 1.666146665042167029e-03 5.623306936738071884e-04
4.492104590487962235e-02 6.287057111793170616e-01 1.493028200612135821e-02 1.553501499861659543e-02
1.313014675579213600e-02 7.656691658991566785e-01 1.163118574715947019e-03 1.361562197681612588e-03
1.883151631752294584e-03 9.357028571153072072e-01 1.215813904429817460e-02 1.644775499543394510e-03
2.387480968814158222e-02 2.639147855147231603e+00 1.709370081044854842e-03 6.305904950712954739e-04
2.856694337987912297e-03 9.432377969129118966e+00 1.386357798761649919e-02 9.704723462487168740e-04
7.777220132008287601e-02 1.056709418255230709e-01 7.586061366358131178e-03 3.733058904477971895e-02
7.306589459327331171e-02 2.688164935247268628e-01 9.684775101686088003e-03 2.412959559258608458e-02
2.288473117233718115e-02 5.947411630156268503e-01 1.783264471356285977e-02 1.297883505853655341e-02
3.187551038926574737e-02 3.917948906051360591e-01 1.209031722230278008e-02 1.567945629809440813e-02
5.539304786988721689e-03 1.627966996884857853e-01 2.343124932855602735e-02 5.334018504196721099e-03
1.917428071375103195e-03 4.831895657586654735e+00 8.069761351413798356e-02 1.719961060644901530e-03
2.386507585435585378e-03 3.257920048196209506e-01 3.725695547067744279e-02 2.337722305732344800e-03
7.323908679261512122e-02 1.401103874361840917e+00 3.279649305303821566e-02 1.773834012950026642e-02
4.886058868761922191e-03 4.698460590525962211e+00 6.073774854792110024e-03 1.022255437801570296e-03
5.538924787011907658e-03 7.641788868438722737e+00 5.620740257518443833e-02 3.159583241758918970e-03
5.210356228855457343e-03 4.992887674270682363e-01 6.216064725909718064e-03 3.673124515821620494e-03
1.340948497854602822e-03 2.057122157765063075e-01 2.370508223189930069e-02 1.325523744587616282e-03
1.492458634261419319e-03 2.653672386956771878e-01 1.084645621189514074e-03 1.093262590549561302e-03
1.530337001061775337e-03 7.302726704218336362e-01 2.054686955157580125e-02 1.451394318190033514e-03
4.884144042786962327e-03 3.806645434914514570e-01 6.530842567521721875e-02 4.748949480109792773e-03
2.444776175826650008e-02 9.205758749019484100e+00 2.007543910428009112e-03 2.161467547500924892e-04
1.351511752157920701e-02 4.840762329028303945e+00 2.505269997249341338e-02 3.742313338826915459e-03
7.774898774325610107e-02 3.731017862014676556e+00 2.834163838597624722e-03 7.522723163696694044e-04
1.869974866300062660e-03 1.250912190545719338e-01 5.066841825992027259e-02 1.861381552861011588e-03
9.099414803490364634e-03 5.103032815544730205e+00 7.486170311863596383e-02 5.615980064781456692e-03
1.025322819965040697e-02 3.061555885006752575e+00 6.320212459584230447e-02 6.850677211399511073e-03
6.006161656627709983e-02 4.587657607011019767e-01 7.864010381212116832e-03 1.333565402944779897e-02
1.335239764514450228e-03 2.214865663736856616e-01 1.034574899771825360e-02 1.298132101823702266e-03
8.902989261795756989e-03 1.130626757604916044e+00 2.244005853186419042e-02 6.146049937318800484e-03
1.745980825264098479e-02 3.327411008240727108e-01 2.182072846243539397e-03 4.767286418967862059e-03
6.627890673140371565e-03 8.423790043235545033e-01 7.158906215997718446e-03 3.723753516934520148e-03
4.368385749896169096e-02 2.123443438618114187e-01 3.975085187227202221e-03 1.310434500759893178e-02
5.803547059375380526e-03 5.001116904728334367e-01 6.166585159038958514e-02 5.542670622182023325e-03
5.058750502917188675e-03 1.009999695943391451e+00 7.210659472986117625e-03 2.960790523368019966e-03
7.317251544440080135e-03 6.893378695173495441e-01 4.843016478555259123e-03 3.584231894713489283e-03
3.004933212529422443e-03 1.822543050380400209e-01 5.177058075323034275e-03 2.717462777234295503e-03
7.126079875714032980e-03 7.860245898196731140e+00 1.048238170432377360e-03 1.309095840265779565e-04
6.020899599975457900e-02 5.094642186694733788e+00 9.470827671027731709e-02 1.420417981069061961e-02
1.187590337131160662e-02 8.549750960101233366e-01 1.264221401167957975e-02 6.586196098197502971e-03
2.113978982679584617e-02 6.714535440283671441e+00 2.802301509758167632e-03 4.092686193454788323e-04
6.308490307041852985e-02 3.703032016260350279e-01 2.397751481206828947e-02 3.195355519502373481e-02
1.266376230554162180e-02 6.664451289360716402e+00 7.786652898324689098e-02 6.077046743319969822e-03
9.693796613727250627e-03 8.504296514204836566e-01 1.960867476495023118e-02 6.824595597503937093e-03
4.838374616529203011e-03 3.203950064164998168e-01 2.857819105079221524e-03 3.136834734729087703e-03
1.354711245014444954e-02 5.874071300279649632e-01 3.831904704672690898e-02 1.121757262542954700e-02
1.016153504369633406e-03 1.029649132165608494e+00 4.200724370965964842e-03 8.135269590474526356e-04
1.493326092223275572e-03 2.955235696099025589e+00 6.266349772273629992e-02 1.395076624392155469e-03
2.204965336576716201e-02 1.509713856930479103e+00 3.472203829691076354e-03 2.082673469360914881e-03
1.504446630316339829e-02 2.066284828515956740e+00 3.404024363204315867e-03 1.484820738006021506e-03
2.862619314164770515e-02 5.222140083404075428e-01 5.911090776027553770e-03 8.111759226821156979e-03
1.156203610430188780e-03 2.052960561674072593e-01 2.882783478793473492e-03 1.068245858490229645e-03
9.763428442866069201e-02 3.943187250392255372e+00 5.006011252810172417e-03 1.253238442438271184e-03
3.133049967329720048e-02 1.135938528660622948e+00 1.742218741190029382e-02 1.029670324066074907e-02
4.123506951592795754e-03 4.009284821075187466e-01 9.634739509301184363e-03 3.519579889266716798e-03
1.196240688294476426e-02 4.050401362726761434e+00 9.102805052006520889e-03 1.891943144761777532e-03
5.121906668589063308e-03 3.699674955429121948e+00 5.894157283432910517e-03 1.215177662149483691e-03
1.144718392865481981e-03 1.396359793990788190e-01 1.713428952826268319e-03 1.047041097890245680e-03
1.183640695162527928e-02 9.672420492754570276e+00 2.496980897601786941e-03 2.526444759145917546e-04
1.382510729335961188e-03 2.968177801373363400e-01 3.851482900064105101e-03 1.249394768215736275e-03
2.963611463343363006e-02 1.147888259722749549e+00 7.043883034816512435e-03 5.083753836783126180e-03
1.530896037349900639e-03 9.578184584106872457e-01 2.425555473915846916e-03 9.541088423659426854e-04
1.024987378177537670e-02 6.663422651361662119e+00 1.517101382954970769e-03 2.227286209717920526e-04
2.224802363891479999e-03 5.254621265470778013e+00 1.310666459268994407e-03 2.242856618824497932e-04
1.666278390521239508e-02 9.233101535540899629e-01 2.459905518737993176e-03 2.296961639292388266e-03
4.701837789951218531e-03 1.733611935623027733e+00 2.889266705721675686e-03 1.230465193559877358e-03
2.724104646593635340e-02 3.347921442176277074e-01 1.518190262691637097e-03 3.887573635580283786e-03
3.627900708536025559e-02 1.322788559830362087e-01 1.437006741331021964e-03 8.360098872801468087e-03
3.930998900992827699e-02 2.356983630572238475e+00 9.775077213006604093e-02 2.018122709838518838e-02
9.545352756884265336e-03 6.502474611336270804e-01 6.255309172339374238e-03 4.791238263968523002e-03
5.556087237743167519e-03 2.776062665769085669e+00 7.718874020170053696e-02 4.630757698883012329e-03
8.023617282452313523e-03 2.226764612810783195e+00 8.091353145484796172e-02 6.572359201748592498e-03
2.754957225670285562e-03 1.115386689315550212e-01 6.894850784301232577e-03 2.637414997946955792e-03
1.942479732062254300e-02 1.138188978024040621e+00 2.633975059170108601e-02 1.056050688202139418e-02
1.490349485083593446e-02 4.412712564993768183e-01 1.027890395052404558e-02 9.088583037420249963e-03
6.217877144044323123e-02 8.636196718257899363e+00 5.135120739100391095e-03 5.889721846358819939e-04
4.007675647510178761e-03 6.271472479888491769e+00 2.644847605514734010e-02 2.054900519156651825e-03
2.183554286814233872e-02 1.833957783771045513e-01 2.994753742307171285e-02 1.926010612421562296e-02
2.636682229612162618e-03 5.468581182720503309e-01 8.707412702879951602e-03 2.262094112554105009e-03
1.249170828550692953e-02 1.249029603411473954e-01 3.106732741734793621e-02 1.189435459307541278e-02
4.067809899392792368e-03 8.216584848203295266e+00 1.105400453741513852e-03 1.302259317339627233e-04
7.112002026904346887e-03 4.719761304133388791e+00 6.392368645410141832e-03 1.137720513571828778e-03
4.784852039747483111e-03 3.214708507276556326e-01 6.260367025718176909e-03 3.841085996157006868e-03
1.170731660431549234e-03 1.251528610370963079e+00 1.712621529113033010e-03 6.309409129108328393e-04
5.226795166185924102e-02 2.711893725655302179e-01 3.822714886461545808e-02 3.812960691133748109e-02
3.576263955439214909e-02 1.189239498392462013e-01 6.293023565309931698e-03 2.134021406175998226e-02
1.875340804737738766e-03 3.070826210903858655e+00 2.115279126091885054e-03 5.037854170982286519e-04
2.772262208706154519e-03 5.345562372575871635e-01 2.741481012777480936e-03 1.799517992845690471e-03
9.132225210670304183e-02 4.386662905840154614e-01 9.120918467421196274e-02 6.345303800996711374e-02
4.131390654651681364e-03 4.056320589310223212e+00 6.593598315629035055e-03 1.166534483927001657e-03
1.330468919164416036e-02 5.222121077284193724e+00 1.031123528980954288e-02 1.719362021082034876e-03
1.549489440406730777e-02 3.290549167137289954e-01 5.019201474862505785e-02 1.406602134316320592e-02
4.133568097181913176e-02 2.518982692946918789e+00 6.532050597848138365e-03 2.440057164778144071e-03
9.113465314970195172e-03 2.581600451550286057e-01 1.134605468747291838e-02 7.548250334577379095e-03
5.404736106906365967e-02 1.951283338071244655e-01 1.473305532821900373e-03 6.624936825455263710e-03
2.817581824217521569e-02 2.039234043319432810e-01 1.906639139135336402e-03 7.020213721983116495e-03
7.167462477082595963e-03 4.412685350137059537e+00 5.626701473037819951e-02 4.588347069464268971e-03
1.581655027332996713e-03 2.184734800140872846e+00 9.464927497469823037e-02 1.525945159644452728e-03
1.333273068965346725e-03 4.128466262043994361e-01 3.530841949374707855e-02 1.312807184702870222e-03
2.375832901621289812e-03 1.306192531519997146e+00 2.068192167937165857e-03 9.501481212737407757e-04
2.508324169400791628e-02 1.475369758750841420e+00 6.511549257128189383e-02 1.599360432238845428e-02
8.076959559332896887e-02 1.304275313238842104e-01 5.054702765111725171e-02 6.683948259362780531e-02
1.117765462720204765e-03 2.499921462835279218e-01 3.309542054314714571e-02 1.108406916818490632e-03
1.246404612286379152e-02 2.230689337011065643e+00 4.601326624884881020e-03 1.769838140607237582e-03
1.120744903828994410e-03 3.214653062390310789e-01 2.004776564917008091e-02 1.100959440508800973e-03
1.127975701251038168e-03 3.584908545915992950e-01 2.570321035200881510e-02 1.110504974826470202e-03
1.008333043370141825e-02 2.455103261743801502e-01 8.000603740649753562e-03 7.700597256370111769e-03
5.282288170359455276e-02 1.714399083790334899e+00 3.612668966099255152e-03 2.026411704584400904e-03
1.222354269137137638e-03 4.664266781009658303e+00 1.458061297225063651e-03 2.489392371690847148e-04
7.596147858547436411e-03 1.557791587934582500e+00 1.709225589302155665e-02 4.488614979717771465e-03
9.314108632497559298e-03 4.043846088181668463e-01 4.994868369465938623e-02 8.661007714355789880e-03
3.800280276505937568e-03 3.272257893593700784e-01 1.665590633879374333e-03 2.175801260628356347e-03
1.027604875293284137e-03 1.127096820866963500e-01 4.226023026721847931e-02 1.024796254858544552e-03
5.477460406085887107e-02 9.661523427511696127e+00 3.039900044256169370e-03 3.128427736860582781e-04
1.242796592104812451e-03 2.214696666956490034e+00 4.415990735225821043e-03 7.656062656031304738e-04
7.093724788797345186e-03 2.965484390094609291e-01 9.616237805776528536e-02 6.941865631318417003e-03
2.050403554110498926e-03 3.999784566755841264e-01 1.513194309117427486e-02 1.944989501847604104e-03
8.184069764264207889e-03 2.059462144264376793e+00 1.878519326541951400e-03 8.206739999702682186e-04
6.651464959190189763e-02 8.837487711928019962e+00 2.734668086881708420e-03 3.080066260512547742e-04
1.331227100326421147e-03 1.972095162966698290e-01 3.425235112806595660e-03 1.236457545652625348e-03
1.217768211416301281e-03 9.851644050706149791e-01 6.528479248958795646e-03 1.028725174740387823e-03
3.914100382360909819e-02 1.803973501493692400e+00 3.781060697276163868e-02 1.365011918141890469e-02
5.232462195088918334e-03 3.268643944877616558e+00 1.375662112034539003e-02 2.332526032760256444e-03
3.125719341393030058e-03 1.204571938621986499e-01 5.326819408489082835e-02 3.103780898265991964e-03
4.661696268050766895e-02 5.738598608678880941e-01 6.025558954831943849e-03 8.569785607468471261e-03
2.024975342007698242e-03 9.940806739503357248e-01 1.282173525622933886e-02 1.750197546306868444e-03
3.574545663356903935e-02 9.682998490191279117e+00 4.362551429181254006e-03 4.449293334309950489e-04
1.235305933217093442e-02 2.493471052479513617e+00 1.760685292840101501e-02 4.492949209627421746e-03
2.560429953997074223e-02 2.372311548675301918e+00 4.392425184649212735e-03 1.726675995599013819e-03
2.077377926935341460e-03 4.359483536756843525e-01 4.453640388513632059e-02 2.035977167174092724e-03
2.405253911399927308e-03 6.856144629425074966e-01 1.374392065166027627e-03 1.093367242343497954e-03
4.441368658300486744e-02 1.228908571163688374e-01 1.748429218498261713e-03 1.077562783423559496e-02
3.597050351792509260e-02 1.905063976181430974e+00 5.606168975694528905e-02 1.618591230568644512e-02
6.120644509681610022e-03 4.179725787437013618e-01 3.053483352141714638e-02 5.647488112993480011e-03
2.359062863368610423e-03 2.767283099186373385e-01 7.626805671307030320e-03 2.173059009110932683e-03
3.305979087959014760e-03 2.503150345278520206e+00 3.049362579893917947e-03 8.901875035000443581e-04
1.679189483451448001e-02 1.035456271851600274e+00 3.628794903112132070e-02 1.135241556244754278e-02
6.079309839298253221e-02 4.596228640511235142e+00 1.100667820752019785e-03 2.385323368603209273e-04
5.508620960198871291e-02 1.275912604059206368e+00 2.387715721199628553e-03 1.809893369988796897e-03
2.922051253598986070e-02 2.863789209140423231e-01 4.855118324962152954e-02 2.492458459597035256e-02
1.333485681234055850e-02 1.328678679390641548e+00 1.174123677878548874e-03 8.287573656981921675e-04
3.217684427317222141e-03 9.744712374559530987e-01 8.661339584735345751e-03 2.362442976091880253e-03
1.887806947743606717e-02 5.259949828003046335e+00 3.332246458059173050e-02 4.743349637370634572e-03
1.240992852223329890e-03 2.652186599762765162e+00 1.015682140100558281e-03 2.926506725476875565e-04
6.801426689150861550e-03 1.040676782168106218e+00 1.196524490329749484e-03 9.834991973485334403e-04
8.592504767805554319e-03 8.181587013505058792e+00 2.297320743756356420e-02 2.116328055642238866e-03
3.785049637744040268e-02 7.724736991346245141e+00 4.011363735294544430e-03 5.122601380000839670e-04
1.992119160271182271e-02 3.680581445023642484e+00 8.869275644586535612e-02 1.090561219853724770e-02
3.118424153776261538e-03 3.294578764316549169e+00 1.578722976470491989e-03 4.153620988284254358e-04
5.759851930896648688e-03 1.624543498638180428e-01 1.311300068352556220e-02 5.376217638445792736e-03
1.150605635118957630e-02 3.652486531848390783e+00 6.584331629383834150e-02 7.023303097443665821e-03
5.812126250893407536e-02 5.477892700806530346e-01 6.238956383988726595e-02 3.848292602270399904e-02
1.252775088657658497e-03 5.059244657345916885e+00 5.901655140409354725e-03 6.040520476087036508e-04
1.022854600489290144e-03 1.290059203677818900e+00 1.728923892301396925e-02 9.503242959540119522e-04
7.183220877622040722e-03 6.308983657893171282e-01 9.707008217281907353e-03 4.896981540685339286e-03
8.729178046909435301e-03 3.422499766892008743e+00 7.985848680556392742e-02 6.352619388604179539e-03
1.552227051436430756e-02 1.040626208013571086e+00 2.127663070771762706e-03 1.806628988038471145e-03
3.317330628039671762e-03 1.308801399324263315e+00 2.350863351821428845e-02 2.800175962962344212e-03
2.384743041492749707e-03 4.879173826062774388e+00 1.367825354308338515e-02 1.288588916199601229e-03
4.842818957964357268e-02 4.055062175144290570e+00 1.224995388801030163e-02 2.843527558785091322e-03
1.870273190615895018e-02 2.462638078919565654e+00 3.278076850926691949e-03 1.242679234884860916e-03
3.462968077234682834e-02 2.294611245351391160e-01 9.469112363691495338e-02 3.194865541891356991e-02
1.108897375081195277e-02 2.716234857303525541e+00 1.715422081652182929e-03 5.975142030453343966e-04
1.916848513364799314e-03 1.623365761866603307e+00 7.660224862298790904e-02 1.842021675520616334e-03
1.084449444295320329e-02 5.968749372535269160e-01 5.833892185648323347e-03 5.140745763033597628e-03
4.805196919540018208e-03 3.675293254680656596e-01 1.552094061767813303e-02 4.314294738604303354e-03
3.195906875457322615e-03 2.236615116817411708e-01 4.846081101264804875e-02 3.149452169961887947e-03
3.581165742389624124e-02 5.875252737701985861e-01 3.542908797532559953e-03 5.161151884835343123e-03
6.513121412425988514e-03 3.040604112340904996e-01 9.870501504862361219e-02 6.385014743713701355e-03
5.735913204593141856e-02 3.467405159897747335e+00 6.479509456629920124e-03 1.809732294358288923e-03
1.317635534192052732e-03 6.478292526819674491e-01 5.280931576560825291e-02 1.296676229932518416e-03
3.047212573507417002e-03 1.816795598616928464e-01 1.119738330308368227e-03 2.039066185619113365e-03
1.903571401244831193e-02 1.880803660874381222e+00 4.847085717785541703e-02 1.094863259755762472e-02
1.647805604929814677e-02 7.133025544048557931e-01 1.681980953148818139e-02 9.699767928433519065e-03
2.043843925583546661e-02 5.744433554193414393e-01 2.145266816600636343e-03 3.157563688802104279e-03
6.180771911984384026e-02 3.527961321837012054e-01 1.142570234465280915e-02 2.125099413255207917e-02
1.238542201817633553e-02 2.105437297404605668e-01 1.065756026124515480e-03 3.593328808509423274e-03
9.928151759844756202e-03 5.886820439039931463e-01 2.144198278383878820e-03 2.664747050069464062e-03
2.253939644478176064e-03 1.473796628871342773e-01 1.273277241000384148e-02 2.196631792588892625e-03
5.854316536969345064e-02 3.592272193825483129e-01 1.243969910535545334e-03 3.269509678780145676e-03
6.203809895821121856e-02 4.338873482644650892e+00 4.495858692819179776e-03 1.019158767854913160e-03
3.054557161459066014e-03 3.703385479733457775e+00 2.253904423977747332e-02 2.033803931715695307e-03
1.183497622315760056e-02 1.063374502337367078e+00 1.646379372370298990e-03 1.369146577654161388e-03
3.848167882530462852e-02 1.820479931471324087e-01 7.547713246885034977e-02 3.521330790048082110e-02
9.468624995280037343e-03 5.848342567428065353e-01 7.473361010048694061e-03 5.438689879266832110e-03
7.415227766007237431e-02 4.159487775867908077e+00 4.920266543758296598e-03 1.164328276752241414e-03
3.481693982935137738e-02 2.144547264666489816e+00 2.719228990183722525e-03 1.223418632446214094e-03
4.502673489399576859e-03 4.898729939301082581e+00 2.191333829611634334e-03 4.069024125862575865e-04
1.635770068623707343e-02 3.842303023741513446e+00 1.105495757166761496e-02 2.446799945430289114e-03
6.532708500995759726e-02 8.844203788542465139e-01 7.608054170612832401e-03 7.601354901685807887e-03
2.441114831052606376e-03 2.751797606097652893e-01 6.224763090538754789e-02 2.415052785583710927e-03
4.251418656681294275e-03 3.519577004621263216e-01 6.787858309604537232e-02 4.159721507676638480e-03
1.583537016989998263e-03 3.071566836018241542e+00 7.696881029035493316e-02 1.489415425196296801e-03
2.567922892779562778e-03 3.596912057247244388e+00 1.504469866704008724e-03 3.596816001031070595e-04
7.954676902214231210e-03 1.711255702779862498e-01 6.254031074926594616e-03 6.532760255976536277e-03
1.161281659035154259e-03 2.836156866954196443e-01 1.723614011923617958e-03 9.749775568668719774e-04
4.770910357419431980e-02 5.277793979942970726e-01 2.024860969335802105e-02 2.126513520185593573e-02
2.435500508309379475e-02 6.150010437369096694e-01 1.956831833458871212e-02 1.379543865033993136e-02
1.011939879765466101e-02 1.292925701812412120e-01 2.562508397642940597e-02 9.627822366922663549e-03
6.132655903373107099e-03 2.485254420584501744e+00 1.273934895590095795e-03 4.730569616964110558e-04
5.039577496284720730e-03 8.399567043745000960e-01 2.617178718049415279e-02 4.337956132227958200e-03
5.018604380981291080e-02 3.534355415763789643e-01 5.095828677231328471e-03 1.120025604793204940e-02
4.930421124054461951e-02 7.496733882879415001e-01 5.810089020391971150e-03 6.697392948031330451e-03
2.003372252807168741e-02 2.532221508748317973e-01 3.704517181376955348e-02 1.762073169127435779e-02
4.456547113168767699e-02 1.960126941483983920e+00 2.796396473543487360e-02 1.080688057047653715e-02
4.283120014752691759e-03 8.156208882862483023e+00 1.529411876850564345e-02 1.304180203393302470e-03
1.453241243606772162e-02 1.818792182561755066e-01 1.793720760899194036e-02 1.266600815394958342e-02
1.351997377319300118e-03 3.579029132147773407e+00 7.676778245673817648e-03 8.292827017598573434e-04
6.204063311500977035e-02 4.424829238691745381e+00 3.884200481573757413e-02 7.690111208179290989e-03
1.350870892864878495e-03 9.511783545265583228e+00 2.221531619245594238e-02 8.558518561635378814e-04
4.054161319481901574e-03 5.734564576682164905e+00 1.178462070037345193e-03 1.955874370651490156e-04
1.376639076976039766e-02 5.100404967555297597e-01 8.038447409716714329e-03 7.348034934496265776e-03
1.778898867947940887e-02 1.806849857808640880e-01 3.634971813024493077e-03 9.440914069856629065e-03
1.037776695932754630e-02 1.809430405039112788e+00 1.877688738376127138e-03 9.433895265331177686e-04
2.160240604482201610e-03 2.521408229403510060e-01 5.477263522592681379e-03 1.964846980266265423e-03
5.293745541106046129e-03 8.397436494384741934e+00 1.586431911389824412e-03 1.824089438110287670e-04
2.889304851076126071e-02 1.019685650123792531e+00 1.381943526630745149e-02 9.225368971481791996e-03
1.328538018531456736e-03 3.945715818375185591e-01 2.980564562218960059e-02 1.305576345451732239e-03
1.691716262415020712e-03 8.383086863316115966e+00 1.149325272920117755e-02 7.572844909530945801e-04
5.944556743775246399e-03 8.347971126714449852e+00 5.840574067260862097e-03 6.259672241408172945e-04
8.403846007382529890e-03 6.617175319247663445e+00 5.143087018610267847e-02 4.037880421628614602e-03
4.050055920218614304e-03 4.602172160348571239e+00 8.152204776227139557e-03 1.232375258973546781e-03
3.183834102844606065e-03 2.633721590284160197e+00 2.144398382985395965e-02 2.288825060440828531e-03
1.193019713343762556e-02 2.972701509880810722e-01 7.319792144455812208e-03 8.036470065659412354e-03
1.741241604965612904e-03 1.885752499697092577e-01 1.119442168065120204e-03 1.346334434759853364e-03
3.555112521414370910e-03 8.583285390883312882e-01 2.177515112257356888e-02 3.118151287923750375e-03
2.795051946049980328e-03 8.345935249264110567e+00 8.199028298579505436e-02 2.175961928006900619e-03
2.111178806580998879e-02 1.038663011091174038e-01 5.240969029494525755e-02 2.026395134215248223e-02
1.700169026783137499e-02 8.774536100149946671e-01 7.869910030272613335e-03 5.871562182001308430e-03
1.191598226849737048e-02 4.484841077633596740e+00 1.264351721855804227e-03 2.754010942454343611e-04
1.837874900766033135e-03 1.811396093786825867e+00 1.163902073130791432e-03 4.760952985148134554e-04
2.703669982707639780e-02 8.104552312841370565e+00 7.111770194399860689e-02 6.624865207920393323e-03
1.644478302635136654e-02 3.578076567487780135e-01 9.299574754078400105e-03 1.007198856354109967e-02
6.120364440104045928e-02 4.150985384206354878e-01 7.209783171964975756e-02 4.525638268518188123e-02
1.471872545995565103e-03 4.415820269568115353e-01 1.547892887548710022e-03 1.036606622708645094e-03
3.179684546529928935e-02 2.085205258393377115e+00 1.201870846686634541e-02 4.879327460559395452e-03
3.079146074540298206e-02 5.779408586394881864e-01 2.570411659191974493e-02 1.819475095250958421e-02
2.720598460122545820e-03 1.438696495349805815e+00 1.559949293976034415e-03 7.752914571123590334e-04
1.526647489966508672e-03 2.778519537850100418e-01 2.632295063769540464e-02 1.502436432427243975e-03
1.108960460961158981e-02 2.002141923991266115e+00 4.750147270577082664e-02 7.557231481277772167e-03
1.240053251996002482e-03 1.116234878030165911e-01 8.318903277912052807e-02 1.237993342411517058e-03
7.427248142511837237e-02 1.996581849789112351e+00 4.952722996896291585e-02 1.859539753004770674e-02
2.527982523016062202e-02 2.399946306724704825e-01 3.859498951845018178e-02 2.184573756607107592e-02
1.823935367993882728e-02 1.623921599758237633e-01 4.523593537793459303e-03 1.102226766371521872e-02
1.012279707853243728e-03 7.830577013942537690e+00 1.023583294985039999e-02 5.704879654829463596e-04
1.060130215731756170e-02 3.611728383426588973e-01 1.449249813179379585e-02 8.385786420876796196e-03
6.241085809518120454e-03 4.990108087849645102e-01 1.779789099436081268e-02 5.311628847394334052e-03
1.538104368813710161e-02 1.197561846702679261e-01 1.862254548233934978e-02 1.399662329635355772e-02
5.017419757831324822e-02 1.271228272523736713e+00 2.021990076761102234e-02 1.207719014017271178e-02
5.291669736800506951e-02 5.218466604188939373e-01 7.146115324522363602e-03 1.087868804164807829e-02
8.114622061246974660e-03 4.231849432159751068e-01 2.867856633052378104e-03 3.692820420196753130e-03
6.380264916884402678e-03 3.038103229812502692e-01 7.392616847655761325e-02 6.217244870288324288e-03
2.664481376607270337e-03 7.321059941307452856e-01 1.347708100953565191e-02 2.327584984730582396e-03
8.311715546022889478e-02 1.691124797263836022e-01 1.237750802160949995e-03 6.726755902756645540e-03
1.081560870065112262e-03 1.409155772150466168e+00 1.217284698040802492e-02 9.612132376461233075e-04
3.967596568323939615e-02 6.310083232118272711e+00 5.064501956681877193e-02 6.675633188958562600e-03
4.576011941374451969e-03 3.982780394189329165e+00 1.576938236592376717e-03 3.644086138701929439e-04
3.094606509244570303e-03 6.425556711869688797e-01 4.514074022695972049e-02 2.964040061547915019e-03
6.071829300597334639e-02 3.126773299596395383e-01 3.105120031122074811e-02 3.768006083075164242e-02
4.226815920466463899e-02 6.710333639479022949e+00 5.177167348711005784e-02 6.524328879193090971e-03
8.108367350166368129e-03 5.333841767515021814e-01 4.310909581076654423e-02 7.369072842588742650e-03
6.304994547077492906e-02 2.515615656742752337e-01 5.192758098688511799e-03 1.555085794449586299e-02
1.450884872004930617e-02 8.992037164889611356e-01 6.782911347489959525e-03 4.962965170014019094e-03
4.881343976480096228e-03 6.509944071962842083e-01 6.515516760875716962e-02 4.654343765769908443e-03
1.149760053355471622e-03 1.315071166210108611e-01 5.066177141492717723e-02 1.146338769712791335e-03
9.086478972511098651e-02 3.626135876351975207e-01 5.059981425816918038e-02 5.503072811844753054e-02
8.402098441505989959e-03 1.806243207845123599e+00 9.774565269309242257e-03 3.291552355717184981e-03
2.322278563017014102e-02 4.035459969896276200e-01 1.826263756543472852e-02 1.534731802846573019e-02
1.922375621373828905e-02 7.963164182641292443e-01 1.746420488765239917e-03 1.968544309008724014e-03
3.211099670382617371e-02 7.384092082327307072e-01 1.600444266548156635e-02 1.294000144664811738e-02
5.055620571939024172e-03 4.980782474709458896e+00 2.070102137077610427e-03 3.840458086479022880e-04
6.024338028516557780e-03 7.085681477263802819e+00 1.308524298479024454e-02 1.413437443949279925e-03
3.384091606840822913e-03 1.336371261976218305e-01 6.428078702876925676e-02 3.360449540498533678e-03
6.879672666692975003e-02 8.754151331950582593e-01 3.657047557850820474e-02 2.599203027166645599e-02
2.087131541639949267e-02 1.376424890066268780e+00 5.703979191785001762e-02 1.388048199979772732e-02
2.220771190826331676e-02 1.109638370171954075e-01 2.616458539510326670e-02 2.029616319609468117e-02
3.762523840553087893e-03 7.261964910909680881e+00 1.385598829724562532e-02 1.266011824570700177e-03
1.028177241670739928e-02 5.334463126799712240e-01 1.460198441535438124e-02 7.474291301736739855e-03
3.873592538312564670e-02 5.059181053275666251e+00 1.815003806316394658e-03 3.554623378140636886e-04
6.684534626924641676e-02 5.852143690896817851e+00 3.042591854648569669e-02 4.823911675538438727e-03
7.471017817772765413e-02 1.487006306677287393e+00 2.765488159245108827e-03 1.814597958023395682e-03
1.945650781236700141e-02 6.647767970181265307e-01 1.551892035889382293e-02 1.061196875991355683e-02
1.461065125349163447e-03 4.683358783686677462e-01 8.387673021417267269e-03 1.350861393280330469e-03
7.519079634772178090e-03 1.344252092325776804e+00 6.903875115412749786e-02 6.558840216965768077e-03
4.005533096488490298e-03 6.675497773659911260e+00 5.700357199461294350e-02 2.726568901731069115e-03
7.781995993410839585e-02 5.091191835895746642e+00 6.651391764749883632e-03 1.284880101844217051e-03
4.122850371425938049e-02 6.283071191546429901e-01 5.943142881793531812e-02 2.871332874026739576e-02
1.510800418884828376e-03 1.123944850660325123e+00 1.182397511697360834e-02 1.321078611721744275e-03
1.181131671315895776e-02 1.467615034859832024e+00 9.455648003915745337e-02 9.981473681844725901e-03
1.673533904010337039e-02 2.821383716630089245e-01 1.791694763566069456e-03 4.603544921157783944e-03
2.420033831542768923e-02 3.079642193950979046e+00 2.527879557308054456e-02 6.129372795812765631e-03
3.285070066694562377e-03 4.463823855835268861e-01 1.758512804646562844e-02 3.032217965264673559e-03
8.260589863027582164e-03 1.122305705961146094e+00 6.906880804397454165e-02 7.283012125522800653e-03
1.467285431015267127e-03 7.073343821256496966e+00 2.707716789975773801e-03 3.035987213335787269e-04
1.504567487366822737e-03 2.672096875628362511e-01 1.119887089566751724e-02 1.452425972974979692e-03
1.264465945070040141e-02 1.025745127367562182e+00 6.480407236005699886e-03 4.212853141089981622e-03
1.929768461156493656e-02 5.327790980945220634e-01 3.906076305125219007e-03 5.313010646199796752e-03
2.766922844779367337e-03 1.996538606525884552e+00 7.896597872266758814e-03 1.628007969045081483e-03
7.610784157509816600e-03 1.115670196129847497e-01 7.284473396542665014e-02 7.523091462484288693e-03
1.000985964747949479e-02 1.957738575498111366e+00 4.159084673330531307e-02 6.803976295767303652e-03
2.839963045461287115e-03 9.579720414918446725e-01 5.012244307281722711e-02 2.693748576913567849e-03
1.086456566453574552e-03 3.190363086093249922e+00 7.724985681360836687e-02 1.039800839423046710e-03
1.471695048033772740e-02 4.105260004110778738e+00 2.512549832470228374e-03 5.875955812457313429e-04
1.091153458445865906e-02 3.573202950751205975e+00 1.568742588935499033e-03 4.220485184340929730e-04
6.864266947780375827e-02 4.642436229068306885e-01 1.478821456551004422e-02 2.175757288031989964e-02
1.003939059996979957e-03 4.277437396242661505e-01 2.275384355324288829e-02 9.853428847311971033e-04
7.408516621960241529e-03 2.664812909016167630e-01 1.014803283842716924e-02 6.201966110660357342e-03
7.930488441376058392e-03 1.339633082201235226e+00 5.733076971279371312e-03 2.779607537362660356e-03
2.696694972448777667e-03 9.534223821326524018e+00 5.527095595918182086e-02 1.840522415255547214e-03
7.069343818831211324e-02 6.922908506280216479e+00 5.457683293944209924e-02 7.092570696155383637e-03
1.577194742868709117e-03 7.905560415435971322e+00 1.822699831621119038e-02 9.365355197918751821e-04
9.558512335101226193e-03 1.841049910915776022e-01 7.308753211436262720e-02 9.333777693047542665e-03
3.889663662959481905e-02 6.347139718607890391e-01 8.194629464246297804e-03 9.693300557884792362e-03
7.018022727123564980e-03 6.433765824350390794e+00 3.409405483992991419e-03 4.927190602886413447e-04
1.823094816712615696e-02 2.537360951755239569e+00 2.453122448886585136e-02 6.317689617786522924e-03
1.164423706069548509e-02 7.183810471375132067e+00 9.563434972245309432e-03 1.194665912367443234e-03
2.597864976830790811e-03 4.679551317437691260e+00 4.649760162309607425e-02 2.059426060905996878e-03
3.320631205477399088e-03 5.320622274045653244e-01 2.728007404548055820e-03 2.015379325514103821e-03
8.240655095468223112e-03 1.520357845665871177e-01 1.760990441321303107e-03 4.814985181846452751e-03
7.788917868624417595e-02 4.362854254636259199e-01 5.790620893804531918e-03 1.134015502923120533e-02
5.373357804633598946e-03 2.110717391404587140e+00 1.046107325420998421e-02 2.578169494633770521e-03
3.149190814623834163e-03 2.136020370496663490e-01 9.737719135618879557e-03 2.945704020532016135e-03
3.629520900372996441e-03 3.440897212845303033e-01 5.104568057113257132e-03 2.916075467869207096e-03
1.152254428876197181e-02 8.091762070869910062e+00 4.468661778632899116e-03 5.269908658548528441e-04
2.198007773949131605e-02 9.130661242402400291e+00 4.278253399675124163e-02 3.862255820832885371e-03
1.029518686547829754e-03 1.176774746799551657e-01 2.428717374881400170e-03 9.806034657842451884e-04
3.154838614123431015e-03 2.994843280735204782e+00 6.250518555127581970e-03 1.256110038954917586e-03
1.310145132843454742e-03 1.320847664331090687e+00 3.251195142031019451e-03 8.550374001595400586e-04
6.850804764934379128e-03 2.049904996905925536e+00 6.589908786083671643e-02 5.647325202984794686e-03
1.027230866730831057e-03 1.423453783192969224e+00 8.841460887287379278e-02 1.010518737980478990e-03
1.281133848529206589e-03 1.304308210397194134e+00 1.835381060531570286e-03 6.705983145568406500e-04
3.376810410798062288e-03 6.883921118337005263e-01 5.786016385630223663e-02 3.246384793913588678e-03
2.386092611562348319e-03 4.333496007952906126e-01 1.411711645943713837e-03 1.377291480601158151e-03
2.683807672533649290e-03 2.039042221676226063e+00 1.748017354613407362e-03 6.497331114561125630e-04
1.844362789160894009e-02 4.106738886554947676e+00 1.061712962171206844e-02 2.267458574986845436e-03
8.707327680833489014e-02 1.977644561655551358e+00 4.197526088692219576e-02 1.706510651976301737e-02
4.858205477072460865e-02 1.568674316462173479e+00 1.157728428094315651e-03 7.269858837000943083e-04
8.233592477573038054e-03 1.387707080687834715e-01 5.243534030091302062e-03 6.760466895116914315e-03
9.484059141277808441e-03 4.297059039040909134e+00 3.401287176532652445e-03 7.305654825369179437e-04
9.219261389125846251e-02 1.217900211370202546e-01 1.563066084396475680e-02 5.365211452510722928e-02
4.283983889732490696e-03 9.862502259882180766e+00 8.318102424098508529e-02 2.840954978380057228e-03
1.208660594089519189e-02 3.468929111291681799e+00 9.668400995647901536e-03 2.264869326221290950e-03
2.764352408908422615e-03 9.699219881474182570e-01 3.045439444172167841e-03 1.470087099801548449e-03
5.144208235920569305e-02 1.822271923782239345e-01 3.413181249607390253e-03 1.373087152993986669e-02
1.196158035194184706e-03 4.109400329882017533e-01 4.696489572858754229e-03 1.082826085431239397e-03
5.070351448695722268e-02 4.701306838640855190e+00 9.919056976550916227e-02 1.489886417911838457e-02
2.267157203154216219e-02 1.060071922201171857e+00 3.311701898796481480e-03 2.745691796958169353e-03
1.889659248492721322e-02 5.114299311785749369e-01 5.151812633257692176e-02 1.591171465144658459e-02
2.558260206635405969e-03 1.593288554603978335e+00 5.678785969592136523e-02 2.386933903297107622e-03
9.350329484225448906e-02 3.039321375140163206e-01 3.040744699767825021e-02 4.833222539455842709e-02
1.513590052396837941e-03 1.071588644298247239e-01 3.509440388532349825e-02 1.506626926898578999e-03
6.974265649387230426e-02 1.244034105994595574e-01 3.922567042394857657e-03 2.171400713608572994e-02
3.384824211666524058e-02 1.237738551891519379e+00 1.873705328934138206e-03 1.449008689221325738e-03
5.788218158533385560e-02 1.769981603132586123e+00 2.762969432240806184e-03 1.520022640571616797e-03
6.174669631330455266e-02 1.080862078266836779e+00 1.980917735162339433e-02 1.413249744534114498e-02
6.555357535439253203e-02 1.215733087284062375e+00 1.293092906214564786e-03 1.046649937414812631e-03
6.796645751657250795e-03 8.788815516004344630e+00 5.838801782921908094e-03 6.051897197275876500e-04
1.587067372176843329e-03 1.101918561365422822e-01 1.090012639753338945e-02 1.562006500950289612e-03
8.251858924366602122e-02 1.886856727451270199e+00 9.114535086351503723e-02 3.046912867156820887e-02
2.426895147725350709e-03 8.683331338427018764e+00 9.002580248054083828e-03 7.264341942119609437e-04
1.439903141104890115e-02 5.636771243098375184e-01 8.927110805955124073e-02 1.319899701408683464e-02
5.824953411112640360e-03 7.133869822959666429e-01 3.755907279939962439e-03 2.765390992544318818e-03
4.645873025740973605e-02 7.881315627921011036e+00 2.472854160217327971e-02 2.939120804544983513e-03
6.468296879318814925e-03 1.274250774962851218e-01 3.790089050642560242e-02 6.330625997579804667e-03
1.483931466967235331e-02 6.655780730031971570e-01 1.322747829267832166e-02 8.495715335536006135e-03
3.616034630435928030e-03 1.115667432360742950e+00 1.520221593675656103e-02 2.857677664947261623e-03
4.143861634282900927e-03 8.001150835509073245e-01 4.225189216224242358e-03 2.321862801474750340e-03
3.083049170961799437e-02 2.571655411528063206e-01 3.165175668486649302e-02 2.465467168560013869e-02
6.818695728700059633e-02 4.146545907138670550e+00 7.912975157931063930e-02 1.491036973632614906e-02
1.406230780205437216e-03 4.257610878230749796e-01 1.083026806806254572e-03 9.055983472488342593e-04
3.402788017621394268e-03 6.837001629844656314e+00 1.967786045230100408e-02 1.559276538430472364e-03
1.174792859119663628e-02 2.803395889998980373e+00 4.579950718653068645e-03 1.434261044163927766e-03
3.750233866606952904e-02 2.998103009567527621e-01 1.141340655248737450e-02 1.889171343594814659e-02
3.167824041183798373e-02 2.146724276435998946e-01 2.989189080243364466e-02 2.580709263560669250e-02
3.180159541093970955e-03 3.254565043510189160e-01 1.816095681197330306e-03 2.025700764245044489e-03
6.023745841743237232e-03 3.435189461879763151e+00 3.339222823394418817e-03 8.369959761811268098e-04
2.072757729779597935e-02 9.566786391644148679e-01 1.459321954341362935e-02 8.787247024409732682e-03
2.271256454377246041e-03 6.104623066418789490e-01 2.569759583487448568e-02 2.154984065165957679e-03
4.531732794698976191e-02 8.811764808650577763e+00 1.710027761973828900e-03 1.932344077164488731e-04
1.115713267692833126e-03 3.333689513320871711e+00 3.531193760654295632e-02 1.009392905808080684e-03
1.111644242106751834e-02 4.446686840765034510e-01 1.089675466890685160e-02 7.647348396131839129e-03
4.645381517183581888e-02 2.397072261104997160e-01 1.820379483110442283e-03 6.527135307594707399e-03
3.038371869113349211e-03 4.338429660408924526e+00 8.053292132688986624e-03 1.152287881330646586e-03
1.215564758650723026e-02 2.112050700199513686e-01 5.271356333823229955e-03 8.174419947870310496e-03
2.375134699984980235e-03 2.597576601209111491e+00 4.039081605847481132e-02 2.060412010944358014e-03
5.326080149431784705e-02 2.114798449813326098e+00 3.191296614548999599e-02 1.175872675805933118e-02
3.081027898758930197e-03 6.990029173585677214e+00 1.125252874403214094e-02 1.057347010953721151e-03
6.563663163822849866e-02 7.066195715517560316e-01 9.795299159716849488e-03 1.144504758069798088e-02
9.206915953600897443e-03 5.843155806976186861e-01 3.768768870403491761e-02 8.056839171446590966e-03
4.236083042377573188e-02 2.941597300862795805e+00 1.597005988885534305e-03 5.360344382167352628e-04
5.047377718786803108e-02 2.840659600495155646e-01 2.638773158533256041e-03 7.845411679262509139e-03
5.955225338239182598e-02 1.514515898002055383e-01 1.503922048421104177e-02 3.722673161071086284e-02
4.637453864256645131e-02 3.544130708279114583e-01 1.636563916476330149e-02 2.313771322733774310e-02
6.681358360889114688e-03 1.642153996855734155e-01 1.803966412023167917e-02 6.298292851278378991e-03
4.748308157425592396e-02 4.217791014224560597e-01 3.404547108492960578e-02 2.989641017750582080e-02
2.518195683115219755e-03 1.557784800042698370e+00 2.856060455692813888e-02 2.214089830676722100e-03
3.365704775772353219e-02 7.998619854733706624e+00 2.149087069289941452e-03 2.665543485111908362e-04
2.267627030003975530e-02 1.220271992416253060e+00 2.146425015123753360e-03 1.632352850577851100e-03
1.153903946732780239e-03 7.237856179847340421e+00 8.803293879437892530e-03 5.921367183290155703e-04
6.570708527196636450e-02 1.311939397794014417e-01 2.385050769770163948e-02 4.826316340017332979e-02
1.830001090953013373e-02 6.010756961826829725e-01 4.918187605796883743e-02 1.495522467231231306e-02
1.127097296471812025e-03 2.724239158905985558e-01 6.137381506511262533e-03 1.073396150629729942e-03
2.698871609207933921e-03 4.968428501272659226e+00 9.094252259580756781e-02 2.352067626031081795e-03
8.021565091557195451e-03 1.152804003246356679e+00 3.476409431739364148e-02 6.336143133239790538e-03
1.799728998252461817e-03 9.698768101662297525e+00 9.833886930123143799e-02 1.528432205614434257e-03
3.320970714555089489e-03 1.851666728741833801e+00 1.274702418221707869e-03 5.702088304341995954e-04
1.296809612264068550e-03 5.387575054945093811e+00 1.843376271865424573e-03 2.707246305157014091e-04
3.943376669922274078e-03 5.784247720958155092e+00 2.888330638275395795e-02 2.203359346962506689e-03
5.297205185493228559e-03 4.349296243147905194e+00 1.064972584303646580e-02 1.674554012458680545e-03
1.523116343386222635e-02 1.435339389911439723e-01 3.821974435241717871e-02 1.440707158622651571e-02
1.286916183513628483e-03 1.501175248545392749e-01 6.969930528263454383e-02 1.283359040040674961e-03
1.289167413827831945e-03 4.851686925597982758e-01 1.758834594818666289e-02 1.244897302460201216e-03
1.472230179766685198e-03 8.315244235026222341e+00 1.192467351664835279e-02 7.264507459865772107e-04
4.697743271787820779e-02 7.543261219297083819e-01 3.704464063544825325e-02 2.400992573136665961e-02
1.336621979263811393e-03 1.255499491573803250e-01 4.469320563074711573e-03 1.288251081325913041e-03
1.212457739371028582e-02 1.056933584379529945e-01 4.384501016486914982e-03 9.382338772460337498e-03
4.306546846912993366e-03 6.855280254850306676e-01 7.409802358643521880e-02 4.141537200943223689e-03
6.994191280415888723e-03 9.531838812063909927e+00 4.402251265858565452e-03 4.332389684410219979e-04
3.786542360653847444e-02 5.668193082923043136e-01 1.673170538735200066e-02 1.658752281227125064e-02
4.988671358835175193e-03 2.331429691378104074e+00 1.945947796631772309e-02 3.122427489550769816e-03
3.685068828341786767e-03 3.070041390611829568e-01 4.196202954992261924e-02 3.588324598514791054e-03
2.884469016190712581e-03 2.756196103361909233e-01 5.663539475309854396e-03 2.529405163217831806e-03
3.146405878296534148e-02 8.615308349967435442e-01 1.506617177171537189e-02 1.124032192574540151e-02
2.335221332379713334e-03 8.150527886990193149e-01 3.106407108335292391e-02 2.200400457146273452e-03
3.502741944561813502e-03 4.055617248256534468e-01 1.659637324071672887e-02 3.226562124332735607e-03
2.125924127046498278e-03 1.187933853841251164e+00 2.190642386240811493e-02 1.906173119821359370e-03
2.169318625771037793e-03 1.235681606456236203e-01 1.282201623835142138e-03 1.794217267572734446e-03
3.168471228328541278e-02 4.852071542454742925e+00 3.184866394185136527e-03 6.430710080795631108e-04
1.204365577117036401e-02 1.290552086612075100e-01 5.469241258233159368e-03 9.378416010627711047e-03
1.925968250346388709e-03 7.219217536860057516e-01 1.086276437896722437e-02 1.707423603345190012e-03
4.869221619563310344e-03 5.315920332824236594e-01 1.132456383130640712e-03 1.481949883537624990e-03
2.404057596711628442e-02 8.798262718131747429e-01 1.924257870879967497e-03 2.004710180720513032e-03
4.132639414727418831e-02 6.399742840393614074e-01 8.632549837472231966e-03 1.016956383461660625e-02
2.625667825356499396e-02 2.206662329380534582e-01 6.341748684530276736e-02 2.405862857660839502e-02
2.312802388800908222e-03 5.756938421370508818e-01 1.597989805014793374e-02 2.134918200374085785e-03
9.685442031655645823e-03 9.844475399488787914e-01 7.238963001599382774e-02 8.558197879151262233e-03
1.914118213331488785e-03 1.404172837223114367e-01 5.938678738097231090e-03 1.831239200828164559e-03
1.413657294614018532e-02 3.807290472914178769e-01 1.610125260465087443e-03 3.255231913814433335e-03
7.751883102637920943e-03 2.045647652984041442e-01 2.387832842067726113e-02 7.269138872555106802e-03
2.074674703296718048e-03 3.682616846723186788e-01 2.320787786362411322e-03 1.560834596094647260e-03
6.366468875080232015e-02 1.988972595179935077e+00 4.333421441398069285e-02 1.623225668597796240e-02
1.991185003602555584e-02 4.233410677511106890e-01 5.713158560677475406e-02 1.735168793348235497e-02
4.558437268101146571e-03 5.617448388674683102e+00 3.400799113128075840e-02 2.600417235806856079e-03
9.963520511618714423e-03 1.576849538104178050e-01 1.347594703177964343e-03 4.600275596807556523e-03
4.212762952766781893e-02 8.553068386990748451e+00 8.201768872959437628e-02 7.811242443460225497e-03
2.169694302172573645e-03 1.640885477331265885e-01 1.697552704919020466e-02 2.125124778976793596e-03
6.950310591189776295e-03 2.512288534037697141e-01 6.637854712724249734e-03 5.502778981808213558e-03
4.241368090345905284e-02 1.629680038983520318e-01 6.044369901067930123e-02 3.806117410842416171e-02
7.913790376104734570e-03 1.351187606818491593e+00 2.392589689799579089e-02 5.469395761145289317e-03
7.657912932932267602e-02 1.366051082740835421e+00 1.732353302495981883e-03 1.247488444861594983e-03
2.829059658087798752e-03 4.353763515977937537e+00 3.186326358023133798e-02 2.040344500657811141e-03
2.009732437510133515e-02 1.159077068652138165e-01 1.461030366350842338e-02 1.733368038007772685e-02
1.181643273568544570e-03 6.316756234295733963e-01 1.352934546021741574e-03 7.615148308158186221e-04
5.840482370730302498e-03 1.550133379145092472e-01 1.253258169683343741e-02 5.446992110287511221e-03
3.405685789508863109e-02 6.548789800903915825e-01 1.485896806166245743e-03 2.127241155598025985e-03
2.240627926684750880e-03 1.670911277636734915e-01 1.984150239052579878e-03 1.884955854808958216e-03
5.338364257259980636e-03 1.375438496194586468e-01 3.182703490688410658e-02 5.217983817138519866e-03
1.776976017147247804e-03 1.632103639186003319e+00 3.946189301058380949e-02 1.655320064458575251e-03
9.534048140413949393e-03 5.889623227195707189e-01 5.600493202601115189e-02 8.665248557796989548e-03
2.191649179704873579e-02 2.667324638313584462e+00 1.803105469320685772e-02 5.166430736405222025e-03
8.477748920579442765e-03 9.090907411848220931e+00 5.688009391618081140e-02 3.599949734498590279e-03
7.361432032973705582e-03 4.158156365563003276e-01 3.381553599626515444e-02 6.750384030925311689e-03
5.594639334063417763e-02 7.753880505193949668e-01 4.422595692236266224e-02 2.824326349957803628e-02
1.029229709373457972e-02 6.625757613881660291e+00 3.711606156023647234e-03 5.312633335214181915e-04
6.739335114386745679e-03 5.197957253007567502e+00 2.626223679301877348e-03 4.700056214487239800e-04
1.179959115042387117e-02 3.764741176123360678e-01 4.435695266579280267e-03 5.895445856760499377e-03
8.275166566080170705e-02 6.054831134125377989e-01 3.044886534114874324e-02 3.127972278543887652e-02
7.994018697714645738e-02 3.161919632070910868e-01 1.813226903394961516e-03 5.350736621266918153e-03
4.244807045486951452e-02 1.007438641749795138e+00 2.298550019496495029e-03 2.165199015874523947e-03
4.591610550108938746e-03 6.836852655001764978e-01 2.860155253217878599e-02 4.137492393899799489e-03
1.593460503947281576e-03 2.720923521303120207e+00 7.392033782504961979e-03 1.004365378544249234e-03
6.218552813805217072e-02 1.037360827916509881e-01 6.405203484259240285e-03 3.098228679724655474e-02
1.429167424546832219e-03 1.877136671789436884e+00 1.165196463420105182e-02 1.161698528972197712e-03
3.185510171673366919e-02 2.920957616277334856e-01 1.095690273153484065e-02 1.722630549915406262e-02
2.682929604593355805e-02 7.987229831740798147e+00 6.269596226729634569e-02 6.072791085411719490e-03
4.102499574803517707e-02 5.249309394207153368e-01 4.784154902248335603e-03 7.457221782207583416e-03
4.739210507292927060e-03 3.872103085471687578e-01 1.127251056168149896e-03 1.803409506077301768e-03
5.999153811875265752e-02 1.598415419881279220e+00 7.512963886239172606e-02 2.635431660578311727e-02
6.283187588788315819e-03 4.846309451932055978e-01 7.007601317848481497e-03 4.379956328057738046e-03
1.009520473242080975e-02 1.248102398407772151e+00 4.332852956827007267e-03 2.583228427979294278e-03
7.261055585931895651e-02 9.187881951248884960e+00 2.221178589137441390e-03 2.409486657792941607e-04
5.917553190969659926e-02 6.278617871533579420e-01 1.201278181545322029e-03 1.853360903402604754e-03
2.646932290989068189e-03 1.924318148735902234e+00 7.097011617462765237e-03 1.540972881829878911e-03
1.688223743817127837e-02 9.137594276705773844e-01 9.563918811749049301e-03 6.460940820547487681e-03
2.128039119537132335e-03 7.654883166840523723e-01 1.467923613999710594e-02 1.915474450642266685e-03
2.239956704215612018e-03 3.740905778846967955e-01 2.120761922347428816e-02 2.154816484614687291e-03
1.514386701314599870e-03 3.425277072718508453e+00 4.333645078764692370e-03 6.893105102019354401e-04
9.643107695083407219e-03 1.362790868815573764e-01 7.175092750804429147e-03 8.150333577462887460e-03
2.407428779995683145e-03 2.277683046204684314e-01 1.399915963271575843e-03 1.729857375750576062e-03
9.764696386112216644e-03 1.542799126740771465e-01 5.077515067969207846e-02 9.483326502468369251e-03
3.790499714827640348e-03 2.003397908118483561e-01 1.262604190840109844e-03 2.366923589761650484e-03
6.754914957272247465e-03 2.030013065386065685e-01 5.094260304602624828e-02 6.577854393789684187e-03
1.413127559838164675e-02 1.178368093482326656e-01 1.119219405707706436e-02 1.230110624402377950e-02
1.880671790803676007e-03 1.338347783347695774e+00 6.236061040385475207e-02 1.807709206735119050e-03
4.401882469029170727e-03 1.391060048873674071e-01 1.067898285240085525e-03 2.797695754763682759e-03
4.159461275505090677e-02 1.010224500503987821e+00 3.709899740947298751e-03 3.374426619829032966e-03
2.051057788555339309e-02 4.024623459751654475e-01 1.684542775276744175e-02 1.376522763246052806e-02
1.662860907259472790e-02 2.535794379082412231e-01 1.697934633293606260e-03 4.773653869645570064e-03
1.213019834947989730e-03 4.944099584338447206e-01 6.570910073426739634e-03 1.111566776031677316e-03
2.756147427099429632e-03 2.941737461788544450e-01 2.799756505793086266e-03 2.137224868823740017e-03
7.366689607244470035e-03 1.843054061433911650e-01 9.421839546401614487e-03 6.438831061037349549e-03
4.289252658204460895e-03 4.277667128375776673e-01 3.500985160943977104e-02 4.075655339816035630e-03
9.844818462354543512e-03 7.720680847702999783e-01 3.070020349366022350e-03 2.832359029372798469e-03
2.217407629113768257e-03 5.245325150730819175e+00 2.276383832659729239e-03 3.629483607397776036e-04
5.709643880946374365e-03 2.642510666779290807e-01 2.480300203548032115e-02 5.382239461282927254e-03
6.862951615444911127e-03 1.639140660832289154e+00 3.536897849630221431e-03 1.641631499296616154e-03
6.391057473743015638e-02 9.726902801183678893e-01 4.489348260339490887e-02 2.679996001782206094e-02
1.572467505106337100e-03 6.639141288192276225e-01 3.551015564640097079e-03 1.215203014426948554e-03
2.047807991888394089e-02 3.015756192488479592e-01 2.008963177249414520e-02 1.566312776583216743e-02
3.477984103244293693e-03 1.325053030480214111e-01 2.241666210140173723e-03 2.884895030626763446e-03
1.989834139788307713e-02 1.197352019970300135e-01 6.256420093863117315e-02 1.916838268284226654e-02
9.152602827284125886e-02 9.543002046845597830e-01 1.104296956404791571e-02 1.027296869588649811e-02
1.005982367368433820e-02 8.994988294691546926e+00 2.020505791454695055e-02 1.836242766798028151e-03
4.624920152463674050e-02 1.283706981822837490e-01 4.660431512470111087e-03 2.033892607122202850e-02
9.259822831270748955e-02 8.367487331239122916e-01 8.890367343880958145e-03 9.531260175075790403e-03
1.616289308460065396e-02 2.854973261616026381e+00 2.102433817072152378e-02 5.059094273598155507e-03
7.153743397121357234e-03 1.961298733414337025e+00 4.587748578833437257e-02 5.478319062752481754e-03
1.454446181208069247e-03 7.975516605582802399e+00 6.867172700945486929e-02 1.244266007571506955e-03
1.984900765775602857e-02 7.852928933219555097e-01 3.398234520600084720e-03 3.552791072238754063e-03
8.397100638063047934e-03 1.376177651261183632e+00 6.527253616507354417e-02 7.134077777766677404e-03
2.737673415406156451e-03 3.226860093999904588e+00 2.650618735039143165e-02 2.053330979624237110e-03
5.639708453659352666e-02 1.363126023929163710e-01 9.556925745873602607e-02 5.219823538394571111e-02
5.900183896797667193e-03 1.456002745658356856e+00 3.428243741552992885e-02 4.717936989948228257e-03
1.018227467245780933e-03 9.320989714453417063e-01 8.535315008076432841e-02 1.007029747785786848e-03
5.402322913326275920e-03 3.117967201234455921e+00 2.890604543329670234e-02 3.413305568112929254e-03
2.550628789709188764e-03 5.861875584249720106e+00 2.758349633214156674e-03 3.972669783073269818e-04
1.211787651042295355e-03 4.151890914174247271e+00 7.337783887977902646e-03 7.188810894886731896e-04
5.472489245736717085e-03 8.196633317299612642e+00 1.227123184183239292e-03 1.457240690283270702e-04
2.076246551641947741e-02 2.213488155359843723e-01 4.695686996064229318e-02 1.891155964460007957e-02
9.010101232242589964e-02 7.162047586967689172e-01 9.696460855764482342e-03 1.177008605040497438e-02
6.227377151045310200e-02 4.930804747723057102e-01 2.543461600088038968e-02 2.821326375074699119e-02
1.143567561191143533e-03 2.975322957133322288e-01 1.625794029143224793e-03 9.456588510697573570e-04
1.392379454283131958e-02 9.179733463227464085e-01 1.410027562813441146e-03 1.383409620809371082e-03
1.852025174055932409e-03 1.486663355696117572e-01 4.023740791537424623e-03 1.733412409589089572e-03
4.973879503056375523e-02 6.540320833510537391e+00 2.190975090278663925e-02 3.138565407672001470e-03
3.311729394025266643e-02 1.242439738956058859e+00 1.867576757757067945e-03 1.437888803507989975e-03
1.677961259431653626e-02 3.600899434567271129e+00 3.595478954409817279e-03 9.424149468077209092e-04
4.311826293162177200e-03 1.313624325241771196e-01 5.310533987005176815e-02 4.266322466126507527e-03
4.197833984393144896e-02 7.097133652863680808e-01 8.366775705247067249e-03 9.204119569089130176e-03
1.751006806261737325e-02 4.087657593578804871e+00 2.458961357773989213e-03 5.815774995306315998e-04
2.811226637290776143e-03 8.697666741955597303e+00 8.896406059787889675e-02 2.205155890904162384e-03
1.585606300387473744e-02 2.526340312313742342e-01 9.418436880232534947e-03 1.112462034000620548e-02
2.259676897162842674e-02 1.613317029876865982e+00 4.850290344646959566e-03 2.653386371720629303e-03
1.004406368272546708e-02 9.741912746541491197e-01 2.026115902970200902e-02 6.773094041086394172e-03
1.785007001284516850e-02 5.161741042160014059e-01 1.219562896320458166e-03 2.086518062902118290e-03
8.221971642593475793e-02 3.320805900081739148e-01 6.142499965642026633e-02 5.691905056385682810e-02
1.478884101770063051e-03 3.633355132229041939e-01 1.290618926946032188e-03 1.044161913417157063e-03
5.404708432159680692e-02 2.156454910132839520e-01 3.550745478518856166e-03 1.262071063119263141e-02
3.799891734797569264e-03 6.204918891693022687e+00 1.721345484732596503e-03 2.585411274881970183e-04
6.131563159729590262e-03 2.359190170383677732e+00 7.670047165014363955e-02 5.158653567551436427e-03
1.001619280135496344e-02 4.005158844976186572e-01 1.557565877511791173e-02 7.964792322302127747e-03
1.370043996609929607e-03 1.243957493948951304e-01 1.071280242699105753e-02 1.348589577597230109e-03
3.122922374742909124e-02 1.373570523469280769e-01 4.374315445910714750e-03 1.576737446780663091e-02
1.760378315279957293e-02 1.759649837075305812e-01 8.688323667276216453e-03 1.297706729207895489e-02
1.224538248841063395e-02 1.453350976639357306e+00 3.392496844315233406e-02 8.031896761771486343e-03
1.550464208104069923e-02 4.901158235625484583e-01 4.342086586521100994e-03 5.637853882795459091e-03
1.480231283382802505e-03 7.844599079685748322e+00 2.431080227292369347e-03 2.562548120220556921e-04
2.660466280836191327e-03 5.604281338482137720e-01 2.850432524901077430e-03 1.746768908110246177e-03
9.980473681783372242e-02 7.406129812381401223e-01 9.654544385217354863e-02 5.652688227192944476e-02
6.384357148964052257e-03 8.713186099239016436e-01 1.485237524575756286e-02 4.644722576399331476e-03
8.908528408732203224e-03 1.562020552300653342e-01 4.888854513478499940e-03 6.934686264756686862e-03
4.864012722435427649e-02 3.333696640131597055e-01 1.046174954391854584e-03 2.947983659025312994e-03
2.508412601936266251e-02 6.501591324238411573e+00 7.662026896219999855e-03 1.125602580375595742e-03
3.638263393546091636e-03 5.318963303040949997e-01 1.138044014896652870e-02 3.109509103243362528e-03
2.079995785374773743e-03 1.491307179774169211e-01 6.984738523992997661e-02 2.070799394112157743e-03
6.632251820198901450e-03 7.111563031153416148e+00 2.346596986678673932e-02 2.203434700716036618e-03
2.850878838234030543e-02 5.195552674671597870e+00 2.688013687200091918e-03 5.081465135931470794e-04
6.684936115959997510e-03 1.611887121475140461e+00 1.232479955675716901e-02 3.566663199797182136e-03
5.375664262490182504e-02 3.084303067198932991e-01 3.096415121638090850e-02 3.501003897842635409e-02
1.364625429722925685e-02 1.585433026499582509e-01 4.512816001059540699e-02 1.302195900754028225e-02
5.537832531186654555e-02 1.806652998286724543e+00 2.727493336949619526e-02 1.186293213433618418e-02
1.182822493922521196e-03 3.470730453594241816e-01 1.116148324926192472e-03 8.647590990925413477e-04
1.586730571032637926e-02 5.179049685235660228e+00 9.766741273196617723e-02 8.616969561011636816e-03
1.647839980196033833e-03 2.879183263152349515e-01 6.314413296448940539e-03 1.532679691917561557e-03
4.138205343597416846e-02 5.135131123330095582e-01 3.697086333066489094e-02 2.627793866103685788e-02
1.302506724959185715e-03 3.226279041111557722e-01 7.071789414748366927e-03 1.229449483428734190e-03
4.046394335347577864e-03 1.117863173367241725e+00 8.102855264102561128e-02 3.832452576836453250e-03
8.040185449983233007e-03 3.751071469160405791e-01 1.070220877714563555e-03 2.105838092786881544e-03
8.125805238439909317e-02 6.518397619497452444e-01 4.691359442915443018e-03 6.611516830449912403e-03
8.401151150832234654e-03 1.534450788249298814e+00 2.824110737302816532e-02 5.768168574343450136e-03
2.369959415693238119e-03 1.261032454141923109e+00 1.536774310507217634e-02 1.984106295967203240e-03
1.001422342327934522e-03 9.283745288115613503e-01 1.749972217653666820e-03 6.539846697401082397e-04
6.525453500566551213e-02 2.519215395089897669e+00 1.786377049763611218e-03 7.014778215047965271e-04
1.725724521388180555e-02 6.081595641228087601e+00 1.549670300840632958e-03 2.511053952944993384e-04
8.542233632250472233e-03 1.713330451275209221e+00 6.908854677889673945e-02 7.048982213557698946e-03
8.551142829643162968e-02 1.694326979515460851e-01 1.430605011012083677e-02 4.248490295589419513e-02
9.372895725272620271e-02 6.309624608656436706e+00 1.247096393232591726e-03 1.972339408759657073e-04
2.036569547409617428e-03 7.126083298338425909e-01 4.396160497698110847e-02 1.971486133224965073e-03
1.627126074811237073e-03 5.143506768338272472e+00 2.450521343432267643e-03 3.685244174657112078e-04
2.436621863249976983e-02 5.148939143785338679e+00 8.470972724325006448e-03 1.541131947312673672e-03
3.709789662996448162e-02 7.672389268300022103e+00 6.861647330840006664e-03 8.732775669032657529e-04
4.545683982693971351e-03 8.037124113633680178e-01 2.141466846119220984e-03 1.679830404625625535e-03
1.994075871984285226e-03 4.086907193277095729e+00 1.268934694622478668e-03 2.686565720661344102e-04
1.707535888112946725e-03 2.551894106063140044e-01 8.448146933743809830e-03 1.623783141462496835e-03
4.501655423533133284e-03 2.772178325303998658e+00 3.950257694643338931e-03 1.082354143049450755e-03
4.840092584465251202e-02 1.715721200825952586e-01 1.053714394355139555e-03 5.449983890752655054e-03
1.578163473905194432e-03 1.570761377782055490e+00 1.079320023385779530e-02 1.283399814326583333e-03
2.450224740905152312e-02 1.039613551272408759e-01 1.513506936345052458e-03 9.132283837294223258e-03
5.003194594930128469e-02 1.811390504218075292e-01 3.106242774295710218e-02 3.873164462775329636e-02
4.124928053783488875e-03 1.137925554126431454e-01 3.359206234441837469e-02 4.068084202532705473e-03
2.124524114647540624e-02 4.956094470584676337e+00 8.084734058204841312e-02 9.227539531380054422e-03
1.521227592615979288e-03 3.805555234369951467e+00 1.366346589565555630e-02 1.068508120952071407e-03
1.107274024239190838e-03 2.778587401375200105e+00 1.950312387375596063e-03 4.295888433949725748e-04
4.274508983851396660e-02 5.196528660995788362e-01 2.676179877048549555e-03 4.596187961520704045e-03
1.317089115210159055e-02 8.027672629848984220e-01 5.069634996689954820e-02 1.089801607609600098e-02
1.924177616924933453e-03 8.557989195477192501e-01 5.385885860474917686e-02 1.867092157382828225e-03
5.955877918579996488e-02 3.962265310281010589e+00 7.526955454141337487e-03 1.840941791294887272e-03
3.733619046917483614e-02 1.997244666564073901e-01 1.089221143631787132e-02 2.216306538496927783e-02
6.587716016947404996e-02 3.257453272485268392e-01 2.481427292704105770e-03 6.828122654936666369e-03
3.933426391146391254e-02 5.678299765519638775e+00 9.660646492526299423e-03 1.630790628310346260e-03
3.874842111280439594e-03 7.150528486479622581e-01 2.201298205824449641e-02 3.441650499919028140e-03
2.030074350449481355e-02 2.680526374935385814e-01 2.362563453642791550e-03 6.145614203910822887e-03
2.293219683147562377e-03 2.388104246088773308e-01 2.634428523299811239e-02 2.246519064880999651e-03
4.938713207274864764e-03 1.613120883295335040e-01 4.284200990138510579e-02 4.848551343116880817e-03
1.864791508462750177e-03 3.665745203920307560e+00 8.195993011078137047e-03 1.016762723100399050e-03
3.119964459909638568e-02 5.282277405866344644e-01 1.257010521038328353e-02 1.349997951342604002e-02
1.039056165674298723e-03 4.979472595698768433e-01 2.055238982029829534e-02 1.013540829757674519e-03
1.250373367278425837e-02 3.714381219598504869e-01 2.507646943309876572e-02 1.054982198859645039e-02
2.299897159471898760e-03 1.557150672153180260e-01 1.253908728811821936e-02 2.236033838256982608e-03
2.357892076708454580e-03 2.481967457853171410e-01 3.050291976906054428e-03 1.978334021090974448e-03
8.471669336137702122e-03 1.035352015460948572e-01 1.485254838406032882e-02 7.999272946920243585e-03
3.110881155987582462e-03 1.632474593514360306e-01 1.443859865797163591e-02 3.005181044045476032e-03
7.566813277181845543e-02 4.874606247402535897e-01 5.749870337424902930e-03 1.020478185464265483e-02
2.234544930131148258e-02 3.165080543159906057e-01 1.750962983047663069e-02 1.591645291468361464e-02
1.914572147955137960e-03 3.568784037803380826e+00 2.204829950744266118e-02 1.461620749804405477e-03
1.407285687338148726e-03 9.770419083003163863e+00 1.308121034508325821e-02 6.861098332431717940e-04
5.741206114790146225e-02 4.099790742624543682e+00 4.970753821558193501e-03 1.187365802944344599e-03
6.336931427379268768e-03 2.260335590770500280e-01 1.435346777081571157e-02 5.761937045391184696e-03
7.946244319911123510e-03 1.297144930546767494e+00 2.379570040959505008e-03 1.490395212518619500e-03
3.416140433527488363e-02 5.205225455391873091e+00 1.491743726442326451e-03 2.842015895745077974e-04
6.180546951806750906e-03 2.770564977251744665e+00 1.275719395846542639e-03 4.285289301301351992e-04
3.785995164672140405e-03 2.715624449871216761e-01 1.451870164979726565e-03 2.216437081953631736e-03
4.144252357353184896e-02 2.042894525468784028e+00 7.655690710950176225e-02 1.967943847115216985e-02
2.986350940672662449e-02 3.697404710809056638e+00 8.435296314648241603e-03 2.119492349151890723e-03
1.202357186575718322e-02 5.947251256990028878e+00 6.473241110944513363e-03 9.980897223250259284e-04
2.388578367887122383e-02 4.547227629156032069e-01 1.076004766570960117e-03 2.152996990187721650e-03
9.127914725034842747e-02 5.604351692733264834e-01 3.113600331074321392e-03 5.236938344068252198e-03
1.498703733357610200e-03 2.172752494042057836e-01 2.482584269187830886e-02 1.479300308419576136e-03
2.761574350823924745e-02 2.737837390054034814e-01 2.243449831062222302e-02 2.065478905063442006e-02
7.574347174954761987e-03 1.348231950297150428e-01 2.165267963110116545e-02 7.233209851916332610e-03
5.743545333063390310e-03 8.645156541738677758e-01 4.325981210207855039e-03 2.674145978903764639e-03
6.212626468554143140e-03 1.173003400257691453e+00 4.780140308843499469e-02 5.390788564228366810e-03
1.142637395219846079e-02 3.026726397637241051e-01 2.635664315292006715e-03 4.941830876529875946e-03
4.968052805559374126e-03 3.873423723928000939e+00 2.913013529164879770e-03 6.531753102448098567e-04
1.932623961411185538e-03 3.157009031196416626e-01 6.082981023383437352e-02 1.913431982784874691e-03
4.409868476640632293e-03 2.479039614492922983e+00 6.513488292789343381e-02 3.776089603518102949e-03
2.788968807687350338e-03 9.023940877880429756e-01 2.183598672727805196e-02 2.500741051920489511e-03
6.306776753293154292e-02 7.590465438982653801e+00 2.240752965689361831e-02 2.820061813778548896e-03
5.507568970185906451e-03 3.000518975897945029e-01 2.208277574208084362e-02 5.124108190548896588e-03
1.089880824410597790e-02 7.540499046939842520e-01 6.391017503816219351e-03 4.767829500336748065e-03
5.790394669926662158e-02 2.786571532464580780e+00 2.554327909537280460e-03 9.023710368017138139e-04
7.151055391547700424e-02 3.954536556479615772e+00 1.319406450488387963e-02 3.187709978266651655e-03
8.790947729764053697e-02 4.287079264694854119e-01 2.880269807390477797e-03 6.241483782582224644e-03
2.329402916108935795e-02 8.464595677890250913e-01 2.064323642545269621e-02 1.191417064285406162e-02
6.535039439210100880e-03 5.213030687728008594e-01 6.860160588569115536e-02 6.225864776288634293e-03
4.900163305165028405e-02 1.022762712631469562e+00 7.688898854750122677e-03 6.517817844133979265e-03
5.477539765495306051e-02 1.716730069064016817e+00 4.365219913016094716e-02 1.736598616397318565e-02
1.038474481368531835e-02 2.709780497637873653e-01 1.310604352106222240e-02 8.549134511941832576e-03
6.586749966248042765e-02 2.750351438161579010e-01 1.911397168366917856e-03 6.286374758718026728e-03
2.372493558323536186e-02 1.383367276059915552e-01 2.518076847104528185e-03 1.030001913208962623e-02
6.204468458317537877e-03 2.193859170327994990e-01 4.259251422011538918e-03 4.701849737361226897e-03
4.371115463276857051e-03 4.935806511197184498e+00 3.784693652653315504e-02 2.784045663623195641e-03
3.757585984151851511e-03 3.742242151407939588e-01 4.518693608182196980e-02 3.644182084918682479e-03
3.964722358002204655e-03 2.415281453937315193e-01 3.933815648871296332e-03 3.188547725594022275e-03
5.857719118232509667e-03 2.806903871035014930e+00 3.181753008554856488e-02 3.861992514019608417e-03
9.207989248372461244e-02 1.939229628043098175e-01 1.086093163438832908e-02 3.482472661789030866e-02
4.192713387291880506e-02 1.261813219208356207e+00 3.722371677328507010e-03 2.756097333698498842e-03
1.067611737381604772e-03 2.627445575202295158e-01 3.882202884365261453e-02 1.059953030266872756e-03
2.684536637142655429e-03 3.483765562158633866e-01 3.508788270069808195e-03 2.119584321571290741e-03
3.283717362423703261e-03 4.031345080254329361e-01 1.414188993647502030e-02 3.002648469999629182e-03
7.420151506457009494e-02 8.013955998932120295e+00 4.297468292192714069e-03 5.324004390809146782e-04
2.313866009362761100e-02 1.134437105897248221e+00 8.382179291005718846e-02 1.762063918309220503e-02
5.074397552058494860e-03 2.062644065604382071e+00 3.387127558789929799e-02 3.876505607124683568e-03
2.317706493467118489e-02 2.540752888580483315e+00 2.430737209546416852e-02 6.771758821192836938e-03
9.738719781777428752e-02 2.571861789263745757e-01 6.738620810189924204e-02 7.099807073213916520e-02
1.973633138612017075e-03 7.382898747313347831e-01 1.219742179736104477e-03 8.993102348454964099e-04
7.841178964767853143e-03 1.118022610130857686e-01 2.029158539804782561e-03 5.475561059003141232e-03
5.548912594644642149e-03 2.643982663992321847e+00 4.127341961407286763e-02 4.093735590533275313e-03
1.650706224788587098e-02 2.018517268637196049e-01 2.373752058328189307e-02 1.447521142313823797e-02
9.226003772317704563e-03 1.709357126085547240e-01 7.438728787977907930e-02 9.034467828728458272e-03
2.336178032313662983e-03 5.304027952436439541e+00 1.275031860196365998e-03 2.179614373139649027e-04
2.890757751347334484e-03 2.319609550020717836e-01 3.046901619155246033e-03 2.369330425732819444e-03
4.444692961555111663e-03 6.788988325812526092e-01 1.477208450713476994e-03 1.460771629214999796e-03
1.985091217110385164e-02 2.682979859941868384e+00 4.997390896861450549e-02 9.609551309205207476e-03
9.118014729695944967e-03 1.429505976062769301e+00 2.482569605380128847e-03 1.458810326842652390e-03
1.574105422848966901e-03 3.236071099656629424e-01 2.326066973304220104e-02 1.540372390653978489e-03
3.357084789150667492e-02 3.070346230571911472e-01 4.806683678613601213e-02 2.764308719283166405e-02
1.134070402954610694e-03 6.357246878267914347e+00 5.478100247596541517e-02 1.002176872250635674e-03
1.361037379547805565e-03 2.311885170402902201e+00 1.509793547477732839e-02 1.126304213777226237e-03
1.944350334809419843e-03 9.251188545877111480e+00 6.030810804694048538e-03 4.882101800194674755e-04
7.565305235919661531e-02 2.199677381462958325e-01 1.244841713989203007e-02 3.237442939333579767e-02
2.806450860283059897e-03 3.974333781591330439e+00 1.793394594755639291e-03 3.887393884575804262e-04
6.601682893464843986e-03 9.123739520062322583e+00 2.194037602488916206e-03 2.320238944670656933e-04
6.435455408588855453e-02 6.535870319178082255e+00 2.089002848556517980e-03 3.180416452982835307e-04
6.952775016884955861e-02 8.666102393570215279e-01 3.976146765060080239e-03 4.304129386907741377e-03
2.565668463948813077e-03 1.857889422786137557e+00 2.835746443594092808e-02 2.196456613975206022e-03
1.044530920426128308e-02 7.538779480763238006e+00 1.181030016999378741e-02 1.362287979129448530e-03
5.787665171054774682e-02 5.952702054073248927e-01 1.473521975437093717e-03 2.373853702525206832e-03
3.741100061691462336e-02 2.417217072338026795e-01 8.106706644895994573e-02 3.365659884666170887e-02
4.319583207750055109e-03 9.045201458790607774e+00 4.547802968802243384e-02 2.323444415541609399e-03
1.149124675287065654e-02 1.284358310301972339e-01 2.279970356576221761e-03 6.975689890595844662e-03
3.479050890457118655e-03 1.280189000075865058e-01 9.243865792351566718e-03 3.319129892985590077e-03
3.214165407403937053e-02 1.163813950897611277e-01 2.289130620167609438e-03 1.220209398412632103e-02
1.151470308973264215e-03 5.150639181027490743e+00 4.157677897586415164e-03 4.745452052588965131e-04
8.224281712800704525e-02 2.081188900830229505e-01 4.851179495187209548e-03 1.816207280695180185e-02
6.252092682944374556e-03 3.065584386648717019e-01 3.122245625863059350e-03 3.873991663880177200e-03
3.547852463297155451e-02 2.660534498203458442e-01 2.667021549095717481e-02 2.620425467955685497e-02
4.277878217858184333e-03 4.384441501375310857e+00 1.012124489397493547e-03 2.190254274345415891e-04
5.006785771631858117e-02 1.560728787028847764e-01 5.985170505542709157e-02 4.428589426706900506e-02
3.119634410744053302e-02 6.508800705586491597e-01 3.113643348819144282e-03 4.147719475326087750e-03
1.068763058920304534e-03 3.378964842560771009e-01 4.147089881005031758e-02 1.059536545868646103e-03
1.512244116127073844e-02 3.611179467051875314e+00 3.097383550188114246e-02 5.473005837147543531e-03
3.341058334775714143e-03 3.214657293310828057e-01 9.640812280083918551e-02 3.304247330977429231e-03
6.027247735543221283e-03 2.164574838305719950e+00 5.289287582574570684e-02 4.834725933073259069e-03
1.417804583069474413e-02 1.697897797115573315e+00 1.011082355828357184e-03 5.714877059860821746e-04
2.450661184732963113e-03 2.332712388502542755e-01 2.009827748606136597e-02 2.382883240409654560e-03
1.262317388269505953e-03 8.985441557203122542e+00 8.913057577217674970e-03 5.554583781779084701e-04
3.016404904274130189e-02 8.258274153571404597e+00 8.949044542019063408e-02 7.972376098943165929e-03
1.781774859066773478e-02 3.697478383846492522e-01 8.889946135087524459e-02 1.658842953626623803e-02
4.501618790557907618e-02 1.290875850421844051e+00 9.348536724054973268e-02 2.776038828427579083e-02
1.045327827588635183e-02 4.564281141440538203e-01 1.087957342946323539e-03 1.941026370922671910e-03
1.134495029997768453e-02 6.292519097042715837e-01 3.153185554619541281e-02 9.250607114865885133e-03
4.251500844172705768e-03 2.125362474448126537e+00 2.369988133958820728e-02 3.077971994880995821e-03
6.629610713228039319e-03 1.209150787957449458e+00 6.092388388352600742e-02 5.858734371759863335e-03
1.364638254400084381e-03 1.429495443904617302e-01 5.401873930505383253e-02 1.359727955838856226e-03
1.119411946684798799e-02 1.605019797253999903e+00 3.182789417816878422e-03 1.684597857366052203e-03
2.993352649992559681e-03 7.661482983138921732e+00 1.856512056836542466e-03 2.241705530999688913e-04
4.133812025246527688e-03 4.388721436937403020e+00 7.996233024863967642e-02 3.369359313244434020e-03
1.211342240611303078e-02 1.172159382978970488e+00 1.655577996014187883e-02 6.520874407148079428e-03
2.752631484166071126e-03 1.340341640902801279e-01 6.218598280776906073e-02 2.736396565495178342e-03
7.513112616455563941e-02 1.775682907185712478e-01 6.242828306463696179e-03 2.395001495078431103e-02
2.309809666923098512e-02 1.277339480218146139e+00 1.103317986140245691e-02 6.286691855585101532e-03
1.168391794877641360e-02 1.442893668777319283e+00 5.548818799754666464e-02 8.961268281637933125e-03
1.053531903466269157e-03 4.462515740634186989e-01 8.539524362490794052e-02 1.047763481416061479e-03
1.618773935195297504e-03 4.082752244300509759e+00 2.320399939549550733e-02 1.259918944899703682e-03
1.451349163034137101e-02 1.737344192872704474e+00 4.277777554948868945e-03 2.105113197141825036e-03
4.055548362200436276e-03 2.329091433881965434e-01 1.928033173931346933e-02 3.866139979852386069e-03
2.043562554139841721e-03 2.449119850436222823e+00 4.616776886252194068e-02 1.843692563789202680e-03
3.398206830532025935e-02 1.240174140231916911e-01 5.659298334049439605e-02 3.162687694283678602e-02
1.262081159044564638e-02 1.709867415812239555e-01 2.397366043920116582e-02 1.157856582583539906e-02
9.291834977047588873e-02 9.702691929501520152e-01 1.305064182697367008e-02 1.174969252598119865e-02
1.051962201326203661e-02 2.596643351185320192e+00 4.824855924704860716e-03 1.579177732937869869e-03
2.133060023590217444e-02 1.762532692413429691e+00 3.971017381525296375e-02 1.095699234728280021e-02
3.752866658761705877e-03 6.666496174484997095e-01 2.864439353897516201e-03 2.003221221000927536e-03
5.668193795891481035e-02 9.505959596365999298e-01 2.929305552454226132e-03 2.922654585211805888e-03
2.197146430698004686e-03 1.428656620709519709e+00 1.315335123141584892e-02 1.773832114579222989e-03
7.714967125385301626e-03 9.192529812167170578e-01 7.472476872268977999e-02 7.046221662575522307e-03
1.108445603350131578e-03 1.938889773077688616e+00 1.364550873325358522e-02 9.576212272049092634e-04
6.979874091652450013e-03 2.030629016966805089e+00 5.218374942546578563e-03 1.878288442085295981e-03
2.338075854586105229e-03 9.128163742369897804e+00 5.548625708798871764e-02 1.688578005516547112e-03
1.357877562811496148e-03 3.351461672754593391e+00 1.945044879154087664e-02 1.100411321531160778e-03
2.339336341615965223e-02 2.299446222109817473e-01 6.052887763412150186e-03 1.238598558631638126e-02
1.932237716959292820e-02 7.310046061077591917e-01 1.372117034455294649e-02 9.521167073361615912e-03
2.459958596586419091e-02 1.844791007546746853e+00 4.600455300882820217e-03 2.264221398136199211e-03
4.976121662807957841e-03 5.269767135349421316e-01 6.257755851807500491e-02 4.775984955776924230e-03
4.614572013970229952e-02 4.554770308808863133e-01 7.253539931364334434e-03 1.183932987199906237e-02
1.551685219130769866e-03 1.263441535819150419e+00 1.077845699744616782e-02 1.312887723675165794e-03
1.538530981754837124e-03 3.166856352528967800e-01 8.614063438341592119e-03 1.456166928963726313e-03
1.854796096867762428e-03 9.914351665879538089e+00 6.954886553852807074e-02 1.466931403504098501e-03
2.384106722906206496e-02 1.246121338534398770e+00 2.729905642747403830e-03 2.006360520705193808e-03
1.744120592486038054e-02 6.426455942740896710e+00 5.018158968129012715e-03 7.473977556871726820e-04
2.485106554345950600e-03 1.922875768526357554e-01 1.614644464952880599e-03 1.917593473534752848e-03
2.550693087626759292e-03 8.306911075644730857e+00 3.498447880887106676e-02 1.588572650840062300e-03
2.511580571980790225e-03 1.125479537378653916e+00 5.324864152789923061e-02 2.384973007640142292e-03
7.251594900005493838e-02 8.321795752429268500e-01 2.397021700642556607e-03 2.770371759933389858e-03
6.646360389060011753e-02 6.285303086697461294e-01 1.746585731735400895e-02 1.959552644241123812e-02
1.800823918679535663e-03 9.212727345699367465e-01 3.421659190402851630e-02 1.717545774440983357e-03
6.022930264565606179e-02 1.253966704278926814e-01 5.410273906995707004e-03 2.513780376684486562e-02
1.855932596815082405e-03 2.150312820606730402e-01 2.181064484673182150e-03 1.568866822296256401e-03
6.409947038077710296e-03 1.190372440489041728e-01 8.847667772379576301e-02 6.355140339308235596e-03
1.028416095763510021e-02 3.248627259162667258e+00 1.522307295911684132e-03 4.481788022753863468e-04
1.666015942376590855e-02 7.557432300094477640e+00 2.712847724617301927e-03 3.513930044208956444e-04
3.586660978672273192e-03 3.144199370694982676e+00 5.507693268963909095e-02 2.977091933795015990e-03
6.742935001209285524e-03 2.366385205815985937e-01 1.087747364740051549e-02 5.880336751271116394e-03
2.843371811479904459e-03 7.677383467232374858e-01 2.487938955913653050e-02 2.614013252436131127e-03
8.672738304667354514e-02 7.755352213109103943e+00 1.369774179418425898e-03 1.762641105971380880e-04
4.616496878045308477e-02 1.044429451407035137e+00 2.594823658985791724e-03 2.357565171928643899e-03
8.412451577209491618e-03 1.569842873205649747e+00 1.634629393481233780e-03 9.265799837582338033e-04
9.609546779645436812e-03 6.390610628097729284e-01 1.602567524411076683e-03 1.988718271274975569e-03
1.604274757528672060e-02 4.909563751112922425e+00 9.007084952036932546e-02 8.558620392131174176e-03
1.968809463610489158e-03 1.335508629757945265e+00 7.670839869391644222e-03 1.466225834957252897e-03
4.657491338852787557e-03 5.744041014139479318e-01 2.654999175012882993e-03 2.319884253919654755e-03
6.889415272746041152e-02 5.874158470618301431e-01 4.785827620849853609e-02 3.732862859527196625e-02
4.210966708746278694e-03 2.418696584929960480e-01 3.303433180351491270e-03 3.218613110553194146e-03
1.606756257256041626e-02 4.394275674184403568e-01 1.045873495215634066e-02 9.592090726991775104e-03
3.805552638244756765e-03 8.546288094798669022e+00 1.711635143802752888e-03 1.902649515065394053e-04
1.200549794075911987e-03 7.081613784161818081e+00 2.515261936432559159e-02 8.972653718996374513e-04
3.035173050796991651e-02 7.795359545186217876e-01 1.336420520064964326e-02 1.095563961276092152e-02
1.207439522487882425e-03 4.502691397317798994e-01 1.139771821825734562e-02 1.152466699536498817e-03
2.865198116567531893e-03 5.810560021059372193e-01 9.369918147390876931e-03 2.432918791724087391e-03
2.394216555894206760e-03 1.783439101569444241e-01 1.219902333634611050e-02 2.313247558034187482e-03
1.488797829840292353e-02 1.260442994633329539e+00 7.346225571483895600e-02 1.185874119563036684e-02
9.054796145884660627e-03 1.250558336240580881e-01 1.302833604102862815e-02 8.330732304001079933e-03
7.113409668191220114e-02 3.607142788670040012e+00 1.961670688141854343e-02 5.052058569954072549e-03
9.521973954547641866e-03 4.481375324022657813e-01 2.410950319841866779e-03 3.437653165578338083e-03
4.153285057250039047e-02 2.374594594685921767e-01 3.611211007837632908e-03 1.113170333851168023e-02
9.326439334646959012e-02 5.099210624289705063e-01 3.657401318677116347e-02 4.054430846306346370e-02
7.812187749577637758e-03 4.846388710223600071e+00 9.223189190088615375e-02 5.538607126062237117e-03
2.263355521707557244e-03 5.241174948212713680e+00 8.441612033788206682e-02 1.984484292629676901e-03
3.216236053874176309e-03 1.752660782319686028e-01 1.595285475124899946e-02 3.106468416527268222e-03
2.421956446737788971e-03 3.132248732421480497e+00 9.191920852912996431e-03 1.326875158154124709e-03
2.336011519645442985e-02 4.433796456057543800e-01 2.629745143483077155e-03 4.730150523159493831e-03
3.203214313450277601e-02 1.678553970724926958e-01 8.834113104396475180e-03 1.991259875149769751e-02
6.967649435385560308e-03 2.737928668329515425e+00 3.767039472561584112e-02 4.625312629945801599e-03
1.077167172253340119e-02 1.137485691516530339e+00 2.591666771529349371e-03 1.880627845851980855e-03
1.604733670235509307e-02 1.177734199755626210e-01 1.839759234289767287e-02 1.455239663099701028e-02
1.781533891199242950e-03 1.160980040333521757e+00 3.240398606178151314e-03 1.087432696075380000e-03
2.299784562927418077e-02 9.707986748204758820e-01 5.502531139402987853e-02 1.635989158160063364e-02
5.623988893559333201e-03 7.573520637709242109e+00 7.671403118223599216e-02 3.616194479368105633e-03
8.254101499300339762e-02 2.382892075981411395e+00 5.245254879832146784e-03 2.144036361192677102e-03
1.490324842312696057e-03 4.588709315314275727e+00 8.052746798766945158e-02 1.373668245468902130e-03
7.874520333294693364e-03 1.359263212179167013e-01 8.715455234065763723e-02 7.778985759212899559e-03
1.390517117885863366e-03 1.259379236653553447e+00 4.182363194971586151e-02 1.334634904046500979e-03
3.234418546025348562e-02 5.669311582308984576e-01 7.395712507955543025e-02 2.591806219461504149e-02
4.394977454333391653e-03 1.155453915659224950e+00 7.311597492362398309e-02 4.109552747205698180e-03
1.826125527662278512e-03 4.721286999339571744e-01 3.303551426733667556e-02 1.779679168735138865e-03
8.463419370729441393e-02 2.464829614256597023e-01 3.098135278019740601e-03 1.094402690814014027e-02
2.170417636919494755e-02 2.099406086543079031e+00 1.484962541716338541e-02 5.334704840913967808e-03
4.401305444986582799e-02 2.347952131989594182e+00 1.951673410136558085e-03 8.158163000124187946e-04
4.737805606372400002e-02 1.884415389109970418e+00 1.022023953627877344e-03 5.362176762420134152e-04
1.826092779119646917e-02 1.537198533831275693e+00 4.224954422591099649e-03 2.388917557792023458e-03
1.965190322900050354e-03 3.567559974243784460e+00 4.117215506797693159e-02 1.679243106045262600e-03
9.785217830213247675e-03 2.667335071485388842e-01 1.485791466210140653e-02 8.323120179536878244e-03
6.364515843398747819e-03 3.543577082410209744e-01 6.322171845267596062e-03 4.691066560033312072e-03
9.964000450100346518e-03 1.089486170152804245e+00 5.136316414068746450e-03 3.200249896200620288e-03
6.387080045795323624e-02 2.021105251393211510e+00 4.166689579480053682e-03 1.997127333635574913e-03
2.389483674070732103e-02 9.671918132978560845e-01 2.897701906880236194e-03 2.662201512855110700e-03
3.945712525114061266e-03 1.615240610743204352e-01 5.341854213447887884e-03 3.525134717271854404e-03
8.840163156717411458e-03 2.761353409531504544e-01 1.448269038956660456e-03 3.291792441540217131e-03
2.768609319570896135e-02 6.670464262290853874e-01 5.524827979289569091e-02 2.074997415703955239e-02
1.162086187046234079e-03 2.306098189875390170e-01 2.448134014422648219e-02 1.149502988461319035e-03
6.505220581096081769e-03 9.389425672211247909e-01 1.506327510201551810e-03 1.286910237936412594e-03
1.556938810206124962e-03 1.204788254679500514e-01 2.294183418191695148e-02 1.544312129006185667e-03
5.890784822701237294e-02 2.301337607070017555e+00 8.093718701528447926e-03 3.318819971724800647e-03
3.919819483905146590e-02 3.512114504014910432e-01 7.948918545717952033e-02 3.341158994597630966e-02
5.348160219524889826e-03 5.802737744669668629e+00 1.334187902182432193e-03 2.204466014835063765e-04
9.829969009240470401e-03 1.477472812846450378e-01 2.292762902209585091e-03 6.017917660682589598e-03
3.946590932599484437e-03 1.286509134044921954e-01 2.988479575499632373e-03 3.373452766799963677e-03
4.926290352106493971e-03 4.725682715014760227e+00 7.581218676079384995e-03 1.210165474931849949e-03
1.032882365810515284e-02 1.783656071414057687e+00 9.867858772045279281e-02 8.703836988248985634e-03
1.230025176356624311e-02 3.523034482046901950e+00 2.111450516208135657e-03 5.714818975348307309e-04
5.286221725302765045e-02 1.267360511989108207e-01 2.314392004391998235e-03 1.357274219272735886e-02
5.730338599642978425e-02 9.733143706291468078e+00 3.881027554070872951e-03 3.959880082236920222e-04
1.532652885154373208e-02 2.007130898271662023e+00 7.959877404548960922e-03 3.150575265583053456e-03
4.022648736235751379e-03 5.689503470211796810e+00 2.307736898654759016e-03 3.684603416508071792e-04
1.655413732239971805e-02 1.896722645093956494e+00 6.093632867924831699e-03 2.690552372841396346e-03
2.700727835341632660e-02 1.157493527702872366e-01 2.289184138325066342e-03 1.141674512090414678e-02
4.731291416940195359e-03 1.133912487151639420e-01 1.488595553955451064e-03 3.477872647011612597e-03
1.204548370136154095e-02 1.905791447336117495e+00 1.143213177848270310e-03 5.714067447196814276e-04
3.282650000745904878e-02 8.640425907529690974e+00 7.069448593711356865e-03 7.982860339479419445e-04
1.052210105924739070e-03 5.268359630742118327e+00 4.748208045204161537e-02 9.422093766752770742e-04
4.081128955567007305e-03 8.695150040073087450e-01 3.141545903169189885e-02 3.666923479979499606e-03
1.138134389865154547e-03 1.845321959421159619e+00 3.059015412599464315e-02 1.065013866178991450e-03
6.105830361744555429e-02 1.114180888048312973e-01 6.544886717305352895e-03 2.993879884643945929e-02
1.005932389710948154e-03 8.016831706260232338e-01 9.885513332159345454e-03 9.300600748975226687e-04
4.439662404004079965e-02 6.804180534459857155e-01 9.517288331703373586e-03 1.063636480123324526e-02
1.728745516248336722e-02 2.009035437512667055e-01 1.423710550102838188e-03 5.026185255964705015e-03
2.941257423813510401e-03 3.336464749319404954e-01 2.943498260821530293e-03 2.205845224281874437e-03
1.829492011391952973e-03 4.521264741404641185e+00 1.350630557826313586e-03 2.567973453868287442e-04
3.638035732346567470e-03 2.856212928735471501e-01 6.839746074542375764e-02 3.583593453365402880e-03
3.094432438712782073e-03 2.810906136451988502e+00 2.475173135648613132e-02 2.289770139991792897e-03
7.115367981052981086e-03 4.688815254678686983e+00 3.843503546614784883e-02 3.809028583932875470e-03
8.492993862685270512e-02 2.509949414500900478e+00 1.108647173789454113e-02 4.198648038656253682e-03
9.244460582636634949e-02 2.019419953758426534e+00 4.923762894041158050e-02 1.929345743961519144e-02
1.019256765210039412e-02 4.307929865283987247e+00 4.176836973731123254e-03 8.853503280448002258e-04
1.307404732081869289e-02 4.445047753600500862e+00 2.178818858295871949e-02 3.565072340353986607e-03
6.376940548370560111e-03 2.267472488660817742e+00 2.504461491650254723e-03 9.414526772969644556e-04
6.225068669760425860e-02 5.307640154462652804e-01 6.354833474698572821e-03 1.004163365414604756e-02
2.864020072204192819e-03 3.582074063106224227e-01 4.609660682040505469e-03 2.342647082941799481e-03
6.811499013256867331e-03 3.300861300719789559e-01 1.605613399282506239e-03 2.837739747564015178e-03
2.449536292068588139e-02 1.547909979380794887e+00 5.607785541361355597e-03 3.156039713370889944e-03
6.044249894159637454e-02 2.784862864246835934e-01 3.477715586536610226e-02 4.072923867066820247e-02
8.123400040073379402e-02 1.400119452115928809e-01 1.765136971333651364e-03 1.091335601750502773e-02
5.287062950186545429e-02 7.128287446155075813e+00 1.688540113126902470e-02 2.267209067285754290e-03
1.428470026747998608e-03 1.538386335406116245e+00 1.780488889981435112e-03 6.393557888204103382e-04
1.622817156606291009e-03 7.273191386498945032e-01 9.605288115166399007e-03 1.445226495167320968e-03
1.260850747368996716e-02 8.224797905492207128e-01 6.768545393566615005e-03 4.979421840216991836e-03
4.168291071616242460e-02 3.439454253172820608e-01 3.992244301443570453e-03 9.079019837471908466e-03
1.726142620883903706e-03 2.816489407587064786e+00 3.037207023397022702e-03 6.637218828926388101e-04
1.623826871972615946e-03 3.300844184388941338e-01 3.127377641177527066e-03 1.386239809570699805e-03
3.991553044920084260e-03 4.921502044063736925e-01 1.062057086105769668e-02 3.368496073822500967e-03
3.797622186732352734e-03 2.926836452910365871e+00 4.283927705222304906e-03 1.056483872421609552e-03
3.758231556521582362e-02 7.423177465845962608e+00 9.900821909073119487e-03 1.288059054332106124e-03
1.523135736113924920e-03 3.473827544118118227e-01 2.205189068730364216e-02 1.487446088082990028e-03
3.828228371647641841e-03 1.897334019159090390e-01 1.131048732335372198e-03 2.331179392980694924e-03
3.421183019504687312e-02 1.368554429554353358e-01 1.378624199466127118e-02 2.553847033270273056e-02
3.725201717763045040e-02 1.813136366772465924e-01 1.292108119346523261e-02 2.446389045508160637e-02
1.353222295243568804e-03 8.147636466620063800e+00 6.609022067979474467e-03 5.071554456934802965e-04
4.463419631180515559e-03 3.531651246107611608e-01 1.408197601594450392e-03 2.105991291798462763e-03
6.889257898739470365e-02 4.567953534476504984e+00 1.137786437136762774e-03 2.481828235344989532e-04
5.368054344617978826e-03 3.522871187367241919e-01 3.006897849284480978e-03 3.295469583631110977e-03
5.007254716601690359e-02 1.163492603196779385e+00 4.005807391466149198e-02 2.040143115772505636e-02
1.206055170258167305e-03 8.775864987241074999e+00 1.579511124186403978e-02 7.221489509832797931e-04
2.208142846922580855e-03 1.263790950044372918e+00 1.992204477049393935e-03 9.197623744454137698e-04
4.160947145103618267e-02 9.769078338383839766e-01 1.524849657635984944e-03 1.504457444079222240e-03
5.361181687301464632e-02 2.271184442492189870e+00 1.247343162840991795e-02 4.981707943898966949e-03
2.630899473758057869e-02 5.612685101682927780e+00 3.833809387347376918e-02 5.422713967812689377e-03
3.523128166041168165e-03 6.137949045275879811e+00 2.202921930939760742e-02 1.777884321819877145e-03
2.515782773981050519e-03 1.845445976995383763e-01 3.676104433221416556e-02 2.484405934725499986e-03
9.250225616915293270e-02 1.438279042630160598e-01 2.211791122019713188e-02 5.775897430530631954e-02
1.130058353388903834e-03 6.430893156581161119e-01 4.823358193292956106e-03 9.820884906771617639e-04
6.287284388331338195e-03 3.413560706813255075e-01 1.193088687249327720e-02 5.328720714445081552e-03
1.236531312245670857e-03 7.309981783129440025e-01 6.269797118493341571e-03 1.080725603719079331e-03
7.589661832564577326e-03 2.233485488558521470e-01 1.385714844776608171e-03 3.413697738525650182e-03
1.902728522439140271e-02 2.429848670840030478e-01 3.064899606656546014e-03 7.585182564206944394e-03
2.560035901955335855e-02 2.805495052948515089e-01 2.029513882629438003e-03 5.640260308987999488e-03
4.975246727673226371e-02 3.702024847003078101e+00 2.698574271252760295e-03 7.184195935926272888e-04
7.876582364898100652e-02 1.139019948344720118e-01 6.563826224022181743e-02 6.929449688468973523e-02
1.773611903361516431e-02 3.837941457176327620e-01 5.170243828799775919e-03 7.656178540036163820e-03
7.654605206632064673e-02 7.078067266455754236e-01 4.444667528444533160e-03 5.803407777728400788e-03
1.641052141355922936e-02 2.473494647684422620e+00 4.955962074961129532e-02 9.021526103820785500e-03
4.194085442991487417e-03 9.586075643433145110e-01 5.837128547370597914e-02 3.923821498964614497e-03
1.730897437397553628e-03 2.336382116095935546e-01 1.172649500368086288e-02 1.673195078991021340e-03
6.516769239269794289e-02 1.418859849315950994e+00 3.018505918485840309e-02 1.603839048074355914e-02
8.685015632211936371e-03 4.736187174778713427e+00 3.505780798069415422e-02 3.996206144471024096e-03
5.132965989063458488e-03 2.660577784585349548e-01 4.032584113244533190e-03 3.834412722107510656e-03
1.047457769225889918e-03 8.586871734947298052e+00 1.615048451294602214e-02 6.727793964727600898e-04
4.791204677617028757e-03 4.408242237940164898e+00 1.269787758556153523e-03 2.717130789711689380e-04
3.119050774136908170e-03 4.374092589974393874e+00 7.690380042668597260e-02 2.649092098349338249e-03
4.365361148658737124e-03 4.530550911259025870e-01 2.593895721579114744e-03 2.476852875913651379e-03
5.289384741032231163e-02 9.988321481250368450e-01 1.374892052080008663e-03 1.341586405821316086e-03
1.919639204546389269e-03 3.592915185646687881e-01 1.670707098160588823e-03 1.358723732381734517e-03
2.180998548100144055e-02 2.216798637730350297e-01 1.430823223841497108e-03 4.980519933233404709e-03
3.109210432686610771e-03 9.373089677144694765e-01 1.956048936049792006e-02 2.706041042305610145e-03
1.762581605130696246e-03 2.013751455948368518e-01 1.225599046281373875e-03 1.366760388019924851e-03
4.563283026296398662e-03 3.472014751828555457e-01 4.701610713400410091e-02 4.414519740160837563e-03
2.187225041998392284e-03 9.223839563858381441e-01 6.346957964333194147e-02 2.119843132736960907e-03
1.354829529502992336e-03 8.657094594123566633e-01 1.175637649834416956e-03 6.782076672287267035e-04
4.796718404651438387e-03 7.635252082039953869e-01 8.969256426628685608e-03 3.405962243538937072e-03
6.082687869665934569e-03 2.787203484019530886e-01 2.048870913425577742e-03 3.328483999872774556e-03
1.714568290878496284e-02 5.467764222298686860e+00 1.128920949614668637e-03 2.040117650272270692e-04
2.144578612899507644e-02 1.775122142488000931e-01 3.574203956171495902e-03 1.038485956847806299e-02
2.998451325480726640e-03 7.259346408933399220e-01 1.696622255031535534e-02 2.657506780625818344e-03
1.239600179059967148e-03 6.797068576517178329e+00 5.787711376063124635e-02 1.082073797511849981e-03
3.661004971315584208e-03 5.369976189859408944e-01 1.540972129719550381e-02 3.246784669064248403e-03
2.892426246257367300e-02 1.429197653570688786e-01 4.819100642962479038e-03 1.556905159043182711e-02
7.944734778963397429e-03 4.765000475847501527e+00 1.435104296649537163e-03 2.901758617765477929e-04
8.099844916833387129e-03 2.422751154034271659e-01 1.904829270341757471e-03 3.989641436203276992e-03
3.342659651780318947e-03 1.369815337126544796e-01 4.407096991857910318e-02 3.308287648974094115e-03
1.834898835497246472e-02 8.852064818640698052e-01 1.795022086879031597e-03 1.826003445005697310e-03
6.951473390987113025e-03 2.187589996777280499e-01 4.183034211832783490e-03 5.098110004638127871e-03
1.031257763968702586e-03 2.534963698534535848e-01 3.788642748114669223e-02 1.024190746445699214e-03
4.783736086156069323e-02 9.095433211633897841e+00 1.031496478581660561e-02 1.107818656855600508e-03
1.032254590128364562e-02 6.384737193004197842e+00 7.363304154393911054e-03 1.037368588365816455e-03
1.006455998093124318e-02 1.950849857372951357e+00 5.631984184585771963e-02 7.462836488934648446e-03
1.133666722465035380e-02 2.749576820322326975e-01 6.394960211947354513e-03 7.621640917077635025e-03
2.255308309570308329e-03 1.419792299562145255e+00 4.959701751796895958e-03 1.370493781978753640e-03
9.383344899751801249e-02 1.002241521640607758e+00 1.552648437450942880e-02 1.329652351588867139e-02
3.370776538726306254e-02 8.539950535555520528e-01 8.720508007629869038e-03 7.837220190789358915e-03
1.025395300550357817e-02 1.075788206363655769e-01 1.252518445883160029e-03 5.452165122227519041e-03
3.101100281416939095e-02 5.585707906741096407e-01 2.558688877356465625e-03 3.991217085970237034e-03
5.143407722567990004e-02 7.312862226350296257e-01 5.256558870500777948e-03 6.306714132024581962e-03
1.107340956506704457e-02 1.879818205516139151e-01 5.580564213379737154e-03 8.065068030406984112e-03
1.140546007093325674e-02 6.235669028899075705e-01 1.883871909684339818e-02 8.279681942182884336e-03
1.179244875320751727e-03 3.792859036943193596e-01 6.532091585571397907e-02 1.171225162281609505e-03
1.624650205876443029e-02 3.493507653798210710e-01 9.043525548988105150e-03 9.981868759180037923e-03
5.756821070216167589e-03 5.006783342299778283e+00 5.499027126641660781e-03 9.223456229479734579e-04
2.792353911767686547e-02 2.546457390699742862e-01 6.223857455924985960e-02 2.506044268525756818e-02
1.937892273759052666e-02 1.066295923340510488e+00 2.547059300750213751e-03 2.126571405691328031e-03
6.892512478674629739e-02 7.465203076853152986e+00 1.821101293598855267e-02 2.356065370634779447e-03
2.675432893700030804e-03 1.158932029687495258e-01 1.540871649428347118e-03 2.227250640295781736e-03
1.495982552662964218e-02 8.269109270762536212e+00 1.356511231648930768e-02 1.478344774774030881e-03
1.475672899407838752e-02 6.195036643433944334e-01 6.804943760940659891e-02 1.300907356529036780e-02
1.147548353527495010e-03 5.588996678998577217e+00 6.367139411438939300e-02 1.042533549448076448e-03
5.946191018532885619e-02 6.504922887397857956e+00 1.310896235962267934e-03 2.008430348109267391e-04
1.773949738392175020e-03 5.734199160814094087e-01 9.256026415241271066e-02 1.754666319382511535e-03
4.798358808635501405e-03 2.105213417083909855e-01 3.873171201757228538e-02 4.676394352708585812e-03
1.455615036985276984e-03 3.897677563606793072e+00 4.310551227809752105e-03 6.284514857786688410e-04
4.437030056812189295e-03 2.761353833845782368e+00 7.326446643730094577e-02 3.801324529673357280e-03
6.202517242307162282e-02 2.135106092310953496e+00 3.094201323027183023e-02 1.174729910787669640e-02
2.036244884089257606e-02 9.793925723693556407e+00 1.163425434552810452e-02 1.122425040003984095e-03
1.436822928061349744e-02 3.203376046431025137e-01 1.442002354529180056e-03 3.427641852904351246e-03
7.151271240535668483e-02 2.005049983492101617e+00 2.528564431243290282e-03 1.239244376964791219e-03
7.405990439959861393e-03 3.153560212403089813e-01 9.777866030377382542e-03 5.978077489835584464e-03
1.137155083178397700e-03 1.718979940921546712e+00 5.821614884112252288e-03 8.513080082533015271e-04
4.633943396945700878e-03 1.439820840580482209e+00 1.170615236953407917e-03 6.916737837850738067e-04
1.035796179533901920e-03 5.075821247827601468e+00 1.496326926608155302e-03 2.294826326130201919e-04
3.600841807847377125e-03 2.564492994997817354e-01 2.470956772802275579e-03 2.621243907387206269e-03
2.068237268852258712e-03 3.037759357785501102e-01 2.043363964182621194e-03 1.581857625982686574e-03
3.049168301686389082e-03 3.030303745459165810e-01 3.371387201596640071e-02 2.967829481305029205e-03
9.339439660211100447e-02 1.899492957398249138e-01 7.967486297953368934e-02 7.638639790788559480e-02
8.598540587357618448e-02 1.180425521247429055e+00 1.314919373747967368e-03 1.099690319583832660e-03
8.238564328518717395e-02 9.677863837672673331e-01 3.124906036766852274e-02 2.319747895055472575e-02
1.565922013941033197e-02 1.901163629200622651e+00 2.548003126051152662e-03 1.234569734643641741e-03
8.324749724313813826e-02 8.736474867909023168e-01 1.206007554875565893e-03 1.357910941962234708e-03
7.651741890796551204e-03 3.766956074216276096e-01 3.093665766888702064e-03 3.961137938967638009e-03
7.949213605496309454e-02 1.075414417735723438e+00 3.498981439203783551e-03 3.125678200613083227e-03
2.033838490256930157e-03 1.979671558530061160e-01 4.868993633888426403e-03 1.878499167959981698e-03
2.419235543255228438e-02 1.465579928726064018e+00 2.744869372738945219e-03 1.738315151674332858e-03
7.086300660813098229e-02 3.897735725518280958e+00 3.387783324412704106e-02 7.742070034698542852e-03
1.246335849519619905e-03 3.491783988273092110e+00 3.627687312368207961e-02 1.112835176408607726e-03
1.209594051371218294e-03 1.733992373543518983e+00 1.452827821735987917e-03 4.949875567516530362e-04
1.589471123714722564e-03 3.256610306118895348e+00 4.163526025838600042e-02 1.413711921752877805e-03
1.062562948561740625e-03 4.621133829115975922e-01 5.955408172740747630e-02 1.053873739145743836e-03
9.313471806320638979e-03 1.238312699092507518e-01 1.469986207193366146e-02 8.635927559690963554e-03
2.327254947453771122e-02 1.132103341851185829e-01 1.119649887859044089e-02 1.883937945722920920e-02
1.719205949179573390e-03 2.856332812807334420e+00 1.724220128896549083e-03 4.467760331373125753e-04
1.513423136929604486e-02 4.261004046260857270e-01 4.657129861900997057e-03 6.346402594976033838e-03
1.093622834528072338e-02 4.934740276557869620e-01 1.064076829025020245e-03 1.801162161635970482e-03
6.762659521612157665e-02 7.602976571180521503e+00 6.744558326157711059e-02 7.842236176671428180e-03
1.160477631341697360e-02 4.680605641076564183e+00 5.908565649655966173e-02 6.046362066065760071e-03
6.295993663081171296e-03 1.031045129194446824e-01 2.868666703665303293e-03 5.134187688546985179e-03
1.587850688782929372e-03 7.251945439244813496e-01 1.179160440362595277e-02 1.446585428132966811e-03
7.917021138419083268e-03 8.974166864011990929e-01 2.649928441892492048e-02 6.243139219766338788e-03
8.851212185818227787e-03 1.993861186598658297e-01 4.561748332746808424e-03 6.382144554889594527e-03
1.058213752909423948e-03 2.198366171845520078e+00 3.418812462031174410e-03 6.297193260793104101e-04
1.484888106640223741e-02 4.992744582278555221e+00 1.055123047719529325e-03 2.083657791279038105e-04
2.611407740231269994e-02 1.228455206834916519e-01 1.786971490855289403e-03 9.342422848766979843e-03
1.503341700626786501e-02 6.332328906061374774e+00 4.708316430947315223e-02 4.974854573761464463e-03
1.874421020365367192e-03 4.622561220700652784e-01 4.101045607190499653e-02 1.835637944923709797e-03
1.915601205373301807e-02 6.897033289929826338e+00 1.028598542986519822e-03 1.479842647853159179e-04
1.984605460376433119e-03 1.586634698738170535e+00 6.175349391058706366e-02 1.888319055547550782e-03
5.393299256564929728e-03 2.488905086896520402e-01 4.105493761618716868e-03 4.064395753470714800e-03
3.688413608640963345e-03 1.125753885269004106e-01 2.542302031581832392e-02 3.629140231046079721e-03
7.949973328394891944e-03 1.018171570508682677e+00 5.810205660952736696e-03 3.321982573052848463e-03
4.019905419573559756e-03 3.764473576731233173e-01 9.320719375714983310e-03 3.458408981041888406e-03
2.772755595838683525e-03 3.521525896613371676e-01 2.221484454935428871e-03 1.926138938181459585e-03
1.152661541533898590e-03 1.116552749343581841e+00 1.173537298195779371e-02 1.038743509352855641e-03
8.452278915262213810e-02 1.894967722867425985e+00 6.630798866524641177e-02 2.474671701413768202e-02
6.679585357056698480e-02 2.176189181431183783e+00 2.336474274384401327e-03 1.056669476434148958e-03
1.296461163791012318e-02 1.670686140533065855e-01 1.430317004013467036e-02 1.125953966712691171e-02
1.279043924701514902e-03 4.521405143379635838e+00 7.203580667267742155e-02 1.183992341986944436e-03
2.312551862727814031e-02 5.905834136000566836e+00 1.390818331664110501e-02 2.137334717910518642e-03
7.895691937024812423e-02 3.541686797335795722e-01 4.055506997506612421e-03 1.000045566315847095e-02
1.279230278335190523e-03 2.112555715154629254e+00 3.398745893540488366e-02 1.185006816897785044e-03
8.847512404577829656e-03 1.466987504655420937e-01 3.611583125017011481e-02 8.540583681861713822e-03
1.680086443999969075e-03 1.326202106713067819e+00 1.237005207269717454e-03 5.997668338050348401e-04
6.011065970991135918e-03 2.495469013136375758e-01 9.522512450841041920e-02 5.917844558262460794e-03
1.287289609663935623e-02 2.536805941489963523e+00 1.666319360964757176e-02 4.349288245396060008e-03
1.770707460566967430e-03 2.455866250984731214e-01 1.701841209330349353e-02 1.726588889849856165e-03
2.184172018693800264e-03 2.824692778090257317e+00 2.153821029031558268e-02 1.697829255069896719e-03
8.139914612020648921e-02 4.931499296016750300e+00 1.178528689584918895e-02 2.321636995105551965e-03
6.049958563188480472e-03 1.427254032579703846e+00 4.819199574428776472e-02 5.130668219164722516e-03
1.378922851953968834e-03 3.150372477929228032e-01 4.820556072085908569e-03 1.264931538992092232e-03
5.829149828214304913e-03 3.731029604177977244e-01 2.983184032907768794e-03 3.371313342938909389e-03
1.814978066400055020e-03 1.043647805990666061e-01 1.687274374807917407e-02 1.794828642835904348e-03
2.866618284693434656e-03 7.696593024111382242e-01 1.709302257097565503e-02 2.538903711950233916e-03
6.059924590550495871e-02 6.462438796680742392e+00 3.560389912634975840e-02 5.050220524102504681e-03
9.017685530145333125e-03 3.389895939088751753e-01 2.098543284655634590e-03 3.670682937715816652e-03
2.657169977353185386e-03 4.509556534293416297e-01 3.470247605490286991e-02 2.568481114553467035e-03
7.127703867399322497e-03 3.493026160301571981e+00 2.678176791115529851e-03 6.922557178548785321e-04
8.751132032397083288e-03 2.245080349876540815e+00 1.206647593705987946e-03 5.063639401058443170e-04
2.329133690626586893e-03 8.886129526937146750e+00 2.917938802084372573e-03 2.877955488484271337e-04
7.433911740868588691e-02 1.677351026879099205e-01 6.169535901742794620e-02 6.184050282895395961e-02
2.153733986423863114e-02 2.931860822781835463e-01 4.333333586959676152e-03 8.765062922989766761e-03
9.678342605456752290e-02 1.517701568605343221e+00 5.834551949671857446e-02 2.751436241137850819e-02
9.400477640371818905e-03 1.420531886714466063e+00 3.229681212925959027e-02 6.650650580762440880e-03
1.126254543468934409e-02 8.119612424942586060e+00 2.820723268789142660e-03 3.370013942669193184e-04
1.219669926126558564e-02 2.368564441801216169e+00 5.872229392944432191e-02 8.174983378383382168e-03
2.914552069251793304e-02 2.171776671670924697e-01 9.680800032601540039e-02 2.735680580952102106e-02
9.280914134096220069e-02 4.856529599723836688e-01 4.288270918086433542e-03 8.062808322323467697e-03
9.846809471501717648e-02 8.828446632507667147e-01 4.353800813362855050e-03 4.696352741991417952e-03
1.460324281083997221e-02 9.030045334620965036e+00 3.229120912139036431e-03 3.490500445864754085e-04
5.703930952589460722e-03 1.551887843808014589e+00 7.581195887491794239e-02 5.107567540588099815e-03
1.887118556468799771e-03 8.281020825728866441e+00 4.372597237247575347e-02 1.390254234699284152e-03
7.769759083647799491e-02 1.485470271054882829e-01 2.112482303586245627e-02 5.024549251861247512e-02
3.269697817178411625e-02 6.373113356280658337e+00 2.403800398391772036e-03 3.728770032743921247e-04
3.349072676977746677e-03 5.117793320958222703e-01 3.555493442802271781e-02 3.195049856263809142e-03
3.615432269801498177e-02 3.238753737063528870e-01 2.019755988509036940e-02 2.288613303794708939e-02
3.307403413023245892e-02 5.323228578567404945e+00 3.974187783504449373e-03 7.300944007077276665e-04
8.020197038188350835e-02 6.742581926860562014e+00 5.985109564400648702e-02 7.992041861216665766e-03
8.466214404041159589e-03 1.411204562675303364e+00 3.264354118049354880e-02 6.197810970643462085e-03
5.829179126512516046e-03 5.946248890540813958e-01 1.808911998966299724e-03 1.998919086144286192e-03
6.379360842344892341e-03 2.907181790219822148e-01 4.340893372506809955e-02 6.117977379834419263e-03
1.330667955238645133e-03 2.005871829605328394e+00 5.905611385517073840e-03 9.164579694466283045e-04
3.590674229184884908e-02 1.322022754237422715e-01 1.980229893708576605e-02 2.896365419021729865e-02
2.536019589133026164e-02 5.728772722014900509e+00 1.403356501590517086e-02 2.233882007603551004e-03
6.588905822815663629e-03 6.374199317222526417e+00 2.544905724493252974e-02 2.486082636166022340e-03
8.820075178760220305e-03 2.116778814750115145e-01 1.445545702525302808e-03 3.848932465384335457e-03
7.679535878231810719e-02 4.907366106210687695e-01 1.493185480301967641e-03 2.926779936192750505e-03
1.289699779687529871e-03 4.907033490229566475e+00 1.887061021903456686e-03 2.962320590369106740e-04
2.921752821757689356e-03 7.101499914993385509e+00 4.486602320670546665e-03 5.194578862992679964e-04
3.941007287322752239e-02 1.179258938206157598e-01 1.589653949018075135e-02 3.049472104856262161e-02
6.604518698186603864e-02 1.241687622330040597e+00 7.436672974760948074e-02 3.140904262841962002e-02
6.303106453323442659e-02 2.770404716721073246e-01 2.463215677662684150e-02 3.688363027126791843e-02
5.994619800812131527e-02 3.665401151646007882e+00 3.405583984897883089e-03 9.149355660872551636e-04
2.959390889471391617e-02 2.349550415673469672e+00 1.134572020499128621e-02 4.151484831089596005e-03
8.861851417448456114e-02 7.048367395280095593e+00 3.836955713448383671e-03 5.410514733839731551e-04
5.507477694781794803e-02 1.886637825445558192e-01 4.909397108499758550e-02 4.545445553590063414e-02
2.115376177649306091e-02 8.830527029174818354e-01 4.641631431615738518e-02 1.508351705738717602e-02
6.349136512307710159e-03 5.652367628373695219e+00 1.018060349925670356e-02 1.403092830894421507e-03
4.699474088357574048e-02 7.609133645522193623e-01 2.578403572215883649e-02 1.968891382334717055e-02
4.204449260024318777e-03 1.845946329024680699e+00 6.246389304885340693e-03 1.874887207437884789e-03
1.533451548898684749e-02 4.458294234311882542e-01 6.919406199638314901e-03 7.713424097300543465e-03
1.632705921001063529e-03 1.335737994097262904e+00 2.944542259847561863e-02 1.520118734407184362e-03
9.672504595655726303e-03 2.631338167136392792e-01 8.862704858507795130e-03 7.514511401305841616e-03
1.851912370880761044e-03 4.835396307165265917e+00 2.605176805880065651e-03 4.173527638469598164e-04
2.458567999880063165e-02 1.476262575191125415e-01 3.238407969792431867e-02 2.210790500885900789e-02
1.964886026342988271e-02 2.887701328853841676e-01 6.114773582629578694e-03 1.019175490710035742e-02
7.528210739403557068e-03 1.859039977738977001e+00 1.791754437872546471e-02 4.226739617636373660e-03
1.616956129337883408e-03 4.036520571809112390e+00 1.088060909149747915e-02 1.010684012188048505e-03
7.521439619567845368e-03 5.638321448565416283e+00 1.390892065982099902e-03 2.388517128326727115e-04
8.483778597604907379e-02 4.801416659178993074e-01 4.522730902940553382e-02 4.463610255185340020e-02
6.137980602882514222e-03 2.327289134768918411e-01 3.039731393993918770e-02 5.862480323960642808e-03
9.327161294978889017e-03 2.134235605681837011e+00 3.661296141145727046e-02 6.042093033680889791e-03
2.666820979642479245e-02 2.440367839548610807e+00 9.123707332686654264e-03 3.278975647699965221e-03
3.382162638429419329e-03 1.019696098690709318e+00 9.345132472952587602e-03 2.470453255910928791e-03
6.162435433815817432e-03 6.882610598994659767e+00 4.567901401957319071e-03 5.991586176411264203e-04
2.972687892245943261e-03 2.657358573526249490e+00 9.235883316689620995e-03 1.602263676078873912e-03
1.335336342226835313e-03 1.356953457338187230e-01 2.318032632576947499e-02 1.324979077053154439e-03
2.998082682149857871e-03 1.694020003437606503e+00 1.345041319200592812e-02 2.176316082488115918e-03
3.958912418037772996e-02 2.236935771055162281e+00 5.036181920954645175e-02 1.435198820576416914e-02
5.761626465256670937e-02 7.075945507443489602e-01 1.690418073779482652e-02 1.688751166920788790e-02
9.428174885292137097e-02 2.845554846644746672e-01 8.889108528187829317e-02 7.242347970087986697e-02
2.257039713182765195e-03 2.086405124340320327e+00 1.053921522133264947e-02 1.560003722805409620e-03
3.884244813022040554e-02 1.038367514080787979e+00 3.206051137862556567e-03 2.860228369621687673e-03
5.740516480921978998e-02 1.136478211232206520e-01 3.581634998101235895e-02 4.855993960593772002e-02
6.475644662128800244e-02 7.389919070002226587e-01 3.802742021495917907e-03 4.767039409430582145e-03
4.038030134362156909e-02 6.183476594005955507e-01 8.325627656024355006e-03 1.009744582713257427e-02
3.265158338456105799e-03 1.054698177428305073e+00 4.627078436701328318e-02 3.038978830345722207e-03
1.645501672301287119e-02 2.412484416994572500e-01 3.389901232662842490e-02 1.473005249041937220e-02
1.419333874057325702e-03 1.291513822875707262e-01 6.278179809245392970e-03 1.379068141701253816e-03
1.134552249825892568e-02 1.862981902168190096e-01 3.059380598942743751e-02 1.061234206044082452e-02
1.994843614189127558e-03 4.754331804483494572e+00 4.454012064468793747e-02 1.644641875749128018e-03
2.415441468836091853e-03 1.770102245376862449e+00 4.818629185657567066e-02 2.218585938368961875e-03
4.604919730860863869e-02 2.459379051550299733e-01 5.636715849477997101e-03 1.530284566717524802e-02
6.453664962012452787e-03 1.375199545261259759e-01 1.589264254520417283e-03 4.141107527456739518e-03
8.254998879772126874e-02 1.832561161464040245e-01 6.976562324981036567e-02 6.783979079819191238e-02
1.381908399481161743e-03 1.210731613118982031e+00 2.278036486897477148e-02 1.287357506928489461e-03
3.716533809471135683e-03 4.414814512134603852e-01 1.967186213633250955e-02 3.430411758421112334e-03
8.252270631080325936e-03 5.150270717534595200e+00 1.373056162618731084e-03 2.582555970180523317e-04
1.785114016341954671e-03 1.722272915928487969e+00 1.517537755557580486e-03 5.899353360929480506e-04
9.655669298434513270e-02 4.984134384481178626e-01 4.722519136038205723e-02 4.782267244967301767e-02
5.643289675138007250e-03 1.722821678766800035e+00 9.959967145584321113e-02 5.141412742223255665e-03
1.603476824161070066e-03 1.448519118406146333e+00 4.466486146087808931e-03 1.054904351084873368e-03
2.374727321401319709e-03 6.871053200355058621e+00 1.221812163373178339e-03 1.654325801060704370e-04
2.393132596587347304e-03 1.477575042878109535e-01 1.823932756395610756e-03 2.004519245819583618e-03
4.180194257549302295e-02 7.230673607635478284e-01 7.994529706761665036e-03 8.743735221434501687e-03
5.834288503126156163e-03 3.263802499758394315e+00 6.637036723587713682e-02 4.533582663754495354e-03
7.566846252463202416e-02 4.984907988441919180e+00 1.799387015769595213e-02 3.445315017778922875e-03
1.300003347628386589e-02 8.621223464065932873e+00 6.242590235762476847e-02 4.650596405731850791e-03
2.828876323137401085e-03 3.171144051556536447e-01 4.451460193039289553e-02 2.772993758468094393e-03
2.300516769899005505e-03 1.627189320949012086e-01 7.968630510718621718e-02 2.289760298670400537e-03
1.574972559285551035e-03 5.274020322430171825e-01 3.115434716330962861e-02 1.534070841247037534e-03
1.084873374249463278e-02 2.003815143798965526e+00 1.229408449684003465e-02 3.919004458266499638e-03
5.914869773080265285e-03 3.082521892209223680e+00 1.850009388005763701e-03 5.448744946011475692e-04
1.116644726732030427e-03 8.981573725612744141e+00 1.969137422772024998e-03 1.832605556182011642e-04
2.961105506447664348e-02 6.116304441576899897e+00 6.314213235967923964e-03 9.975780905336533236e-04
1.198852477815866551e-03 4.888311821372258947e+00 3.177639813875829389e-02 1.012180929801299216e-03
4.023331462566545613e-02 4.129163971318735804e+00 3.485656762606828551e-02 6.977558725397233624e-03
4.544626055757305938e-02 2.137679016490018069e-01 5.299503255027532278e-02 3.840578313221348905e-02
1.439872805596109596e-03 1.388877561899444224e-01 1.626601252130961683e-02 1.422385444086220457e-03
2.354921541211443554e-03 6.884600851255437970e-01 8.646436167117393240e-03 1.983079713723392024e-03
1.037579886067859294e-02 1.765676421493403980e+00 2.251488334114679774e-03 1.135583637588870928e-03
3.749213659374879288e-03 8.426772886631233916e+00 1.890979658064460486e-02 1.403799169310020276e-03
8.864874173107842315e-03 1.587437227057552636e-01 4.710304184277221834e-02 8.607711526786637410e-03
1.634744642047865695e-02 7.036057247381301005e-01 1.455795754734795890e-03 1.836597474845329215e-03
7.413391607897152832e-03 5.950412113984656637e-01 4.837989092230135513e-02 6.793922451292638658e-03
1.592948718691253318e-02 3.036091879737241039e-01 5.623071657628567373e-03 8.563833439789787783e-03
1.082066968328096977e-02 2.931011306932827520e-01 1.366288985097370741e-02 8.782092825603200412e-03
7.909513109722219118e-03 1.237361400668647859e-01 2.323617931330279867e-03 5.565402221568372700e-03
1.616288295041694431e-03 6.629537314486740662e+00 1.138901061642138071e-02 8.327774555093997704e-04
4.970180785783993166e-02 2.230791321373629010e+00 6.188554806102766759e-03 2.627496147077696808e-03
6.956622220392651157e-02 2.466798302687896793e+00 2.050375255578189369e-03 8.213749295402169746e-04
5.662192048171091167e-03 6.774774026448503683e+00 1.831858675278403084e-03 2.580701038280105346e-04
1.691249768279227267e-02 1.954109469197395366e-01 1.620108580773704180e-03 5.563473332840442043e-03
2.889240814081992740e-03 1.978493276112278654e-01 9.369386224887130132e-03 2.723102006826580782e-03
9.704547913742818388e-03 3.804534461102987986e-01 4.294374354307761016e-02 8.936245786641167782e-03
1.809801718392170609e-03 2.794757269484755113e+00 3.617367950201785809e-02 1.587790193581915419e-03
7.966805001307945486e-03 1.998931786088495199e+00 2.274486185667583260e-02 4.685907915650461275e-03
7.165327084333283393e-03 2.640272498940255286e+00 9.455379874704132603e-02 5.970703015891781762e-03
3.351606790296982746e-02 4.206972196811025189e-01 6.061835467383151939e-03 1.007684616299245502e-02
1.608197359612064748e-03 6.041101283108317510e+00 1.027126452886241914e-03 1.537664372567161910e-04
2.045456669051149215e-02 2.479913655197869549e-01 5.581187228574443701e-03 1.071555459304157978e-02
3.530799187890377566e-03 1.223550038374896232e-01 3.888656901563986110e-03 3.177764898273336379e-03
3.965064439450589548e-03 2.083482928985673222e-01 2.551602641098573571e-03 2.995297933835922282e-03
1.310142852696519547e-03 1.391376461944588139e-01 8.618970691975709475e-02 1.307377764461091409e-03
6.322775748214526370e-02 6.428476442368246779e+00 5.578938725254180969e-02 7.631058182013436900e-03
4.709079176481498902e-02 1.511743872777974618e+00 4.808287227449675044e-03 2.979388048442407119e-03
4.057405719508504205e-02 1.500050385563836741e+00 9.250534158715318159e-03 5.353189079450496914e-03
4.128459677160853554e-03 1.069621255563268786e-01 1.323847763144907382e-02 3.995194122268646252e-03
4.291928170874380159e-03 2.990820428788778518e-01 3.060208045825201645e-02 4.119145965623671572e-03
6.576176053822336762e-03 8.634818202328142789e-01 1.206332979147700483e-02 4.471409697224142978e-03
2.306949697544459239e-03 2.083737197196117164e-01 3.945393178049632493e-03 2.056397689702317132e-03
1.908192818131387684e-03 4.116985217344930059e-01 4.691143709124991762e-02 1.876763683867564399e-03
4.673629610430065327e-03 3.158447154372930665e+00 1.904655258685898633e-02 2.633004762520106939e-03
2.824979161762164893e-03 5.494275804245675410e+00 4.629037432747919178e-02 2.115612056184450109e-03
4.169980598870863531e-02 1.362785781368881788e-01 2.502591012599901781e-03 1.274926067678625735e-02
2.024247090938005242e-03 3.708664936347771390e-01 1.440737852106749664e-02 1.923993539761440332e-03
8.007141797453719984e-03 2.458476960937451494e+00 3.210162520017775800e-02 4.963451652016333954e-03
9.984200077546219465e-02 3.535945866993914777e+00 1.264909100717306889e-02 3.453547590653402010e-03
2.008339552441111130e-03 5.390217771942713121e+00 1.403612257185082304e-03 2.305119026396809656e-04
3.497947096435490011e-02 5.773604878432405663e+00 3.569717125805997593e-02 5.254125245049514649e-03
2.202825616771535155e-02 2.502263172514386902e+00 5.061238651224209996e-03 1.852559843680861001e-03
9.580617668825702760e-02 2.187948097499077260e+00 1.379874596886347324e-03 6.265462127254304387e-04
9.549090676573010819e-03 2.316081166141464032e-01 1.179753789944643604e-02 8.041564210820598135e-03
2.381781703375031745e-03 1.627274534547288765e+00 9.671432410084153039e-03 1.700363472491946918e-03
2.913339441203947541e-02 7.119915396954491271e+00 9.972135474128641930e-02 9.458682242615229496e-03
2.073938141430845331e-03 3.961012119854175340e-01 4.553981676474781054e-03 1.756995087466093741e-03
3.101414192319254526e-03 1.055773425722321274e-01 1.316626937624746328e-02 3.026155105556689682e-03
2.422745405158022603e-03 1.689185292649572290e+00 6.438678725667304655e-03 1.481252023702654816e-03
1.425131073719684708e-03 1.464478352633910019e-01 3.774708679883786305e-02 1.417294711666091658e-03
6.139887520730541448e-02 2.188436252692427697e+00 3.635820672987287103e-03 1.617607889823814097e-03
1.500093413642444862e-02 5.650620099746613612e+00 2.411453415317469165e-02 3.322405234046866152e-03
5.528319989839639709e-02 1.507014566974021752e-01 1.077024146167749555e-03 6.328608715296797811e-03
7.220447776885994401e-03 9.409846368946121586e+00 1.013242404574073380e-03 1.060967263829944255e-04
4.024353575419077622e-02 6.743303467743139157e-01 1.534306881664266372e-03 2.153546474163858890e-03
2.780464932207458648e-02 2.843588380670598048e-01 9.398539245405004849e-02 2.564709392211057468e-02
1.908343459183336338e-02 4.924990772314505882e+00 2.477013092979785461e-03 4.900328488004126060e-04
1.268804812418375307e-03 1.583870078457420671e+00 5.090416436250442406e-03 9.096774545267024203e-04
1.472908710888241185e-02 4.796851911449487860e-01 1.247411322751151332e-02 9.403151642429229823e-03
1.138184286416662073e-03 2.208564197055321032e-01 3.492318448690703847e-02 1.130050242224206252e-03
2.463896254075888075e-03 5.262771178002446648e-01 2.602509803343749841e-03 1.644519601358598870e-03
3.808066709086094931e-02 1.236059249567175389e+00 2.595074247352520055e-02 1.353344381475591988e-02
5.685800423542702875e-02 7.315675061066951868e-01 2.377208454506186952e-02 2.067743434875624411e-02
3.614097877956542679e-03 4.712620089744302687e-01 1.210112981643478476e-03 1.501207135096336740e-03
2.844482548531993005e-02 2.545356860040161262e+00 2.094474361120290604e-03 7.997260664289730604e-04
2.725146106353882811e-02 5.626078096375414006e+00 9.069527508810196204e-03 1.522017045351096868e-03
1.025737832332183084e-03 3.273520862144617682e-01 5.494832968587074970e-03 9.666668981883633433e-04
7.831354809579754370e-03 3.444951366334006448e-01 4.888550095646472526e-02 7.421766803907465550e-03
6.909597597922906287e-02 1.453903023865925626e+00 3.631380509330019157e-02 1.834531786957256314e-02
8.013018727712430123e-02 1.434141740575448631e+00 2.307854498331830817e-02 1.340096965448345570e-02
1.178116955322730010e-02 7.676114997546698682e+00 9.257524896141589021e-02 5.959518555287825724e-03
3.078812998237852316e-02 3.899721341784950113e+00 1.414812911993346307e-02 3.245539592050333648e-03
5.329350765571044986e-03 5.978489590628750516e-01 2.533776917957274600e-03 2.360763290773268408e-03
2.548796083925415970e-03 1.552065578067336193e-01 4.327860398445350712e-03 2.335333922459908139e-03
2.431300600812667367e-03 5.773328188674668127e+00 6.072273378776194691e-02 1.974803967607536431e-03
3.683834187566853435e-02 2.402780632151521045e-01 3.376669657932635567e-03 1.017253356586998898e-02
6.129846420771144916e-03 2.749286810985292817e+00 7.134958279914592472e-02 4.958623989310166451e-03
9.226391249662084862e-03 2.004811274931423970e+00 1.993165299087780017e-03 8.974826292712025392e-04
1.265770706987805021e-02 2.110183305760348071e-01 1.141230032756520825e-03 3.789205845992168597e-03
1.230706932854113431e-03 3.973051657841160544e+00 1.369683458380940638e-03 2.693059330300408803e-04
1.737093035540128796e-02 1.613784994217881907e+00 8.103094856731365980e-02 1.290603971358300281e-02
1.596795526168696749e-03 8.929509165858995345e+00 1.161983176757296196e-03 1.203229140128887087e-04
1.861239016469096175e-02 3.695226247360286376e+00 7.277134666289647794e-03 1.780900977327962240e-03
1.400499643385658046e-03 4.588358552123370515e-01 9.258574572153660531e-02 1.390846352842629516e-03
1.987923512152383471e-02 1.376511657226612062e+00 1.866467561994817476e-02 8.061050619740049369e-03
5.403550145132793303e-02 3.943765518557629246e+00 3.246013165611703020e-03 8.107255258878150531e-04
1.038833393627657019e-03 7.098427239535719524e-01 8.753469929672788585e-02 1.030155177889062901e-03
1.298710373819258503e-02 1.047609660238722595e+00 6.695192197953778179e-02 1.079369782082485220e-02
7.146894065498608263e-03 2.731410077579283779e-01 1.106666283578895682e-02 6.075247557565042512e-03
5.880011559755937874e-03 1.422110939666025031e-01 5.000522270873520962e-03 5.037607222440582816e-03
8.588501090202968480e-02 2.915727424211014829e-01 1.117437530294986946e-03 3.668738353592204075e-03
8.037235835557106356e-03 8.226841754481885260e+00 2.968853170734266425e-02 2.490499211557990495e-03
8.082638596020194632e-03 2.083414982504944835e+00 1.425200746887070585e-03 6.306913433856974364e-04
2.435208485192318778e-02 4.297579386520824052e+00 6.260408920707883490e-03 1.374506807974512764e-03
6.725599209233037654e-03 1.071134204264298173e+00 6.411490969312473760e-03 3.167058564767994463e-03
5.052106823087190203e-03 3.076593801760966862e+00 5.816459754199619636e-02 3.986734766480932134e-03
9.114744239203722079e-03 2.711170015313370207e+00 1.458675370863620402e-03 5.080360040064925246e-04
4.561823723692498729e-03 9.761523603605541055e+00 9.969672504744665764e-02 3.153353040615601826e-03
1.151519019895227633e-02 1.313983971935034911e-01 1.819069732090509636e-02 1.063092432937955308e-02
3.682283970474598683e-02 1.356184852621722392e+00 4.143373795957712609e-03 2.821103633356550518e-03
2.148516024158331639e-03 6.938929442354973887e+00 2.124845385496903702e-03 2.680208006255284381e-04
4.252666016226236932e-03 3.135047946909487404e+00 8.928104621303082841e-03 1.705639566042975409e-03
3.433572383187660088e-02 6.943230878716863508e+00 3.262022307037493792e-03 4.634716632837238654e-04
2.701413027315129403e-02 2.927460773860952159e+00 4.332667078526275008e-03 1.403135744091634461e-03
1.078410101858704763e-03 6.992605454686509070e-01 4.087655163207949000e-02 1.058875983323247184e-03
7.478441199800094086e-02 4.341784192055981428e+00 7.543397115615950443e-02 1.409856926362385195e-02
3.693742291116504893e-03 1.818992966916483045e+00 1.176016849052827391e-03 5.502157993966697936e-04
1.477649003513246094e-02 8.477887065342693873e+00 1.464866358441475501e-03 1.707896235572705095e-04
6.144128041470810903e-02 5.722513493765942982e+00 2.307505862120862172e-03 4.006038039813696787e-04
9.229215555077188021e-03 1.698352588973744082e+00 7.416497448851796202e-03 2.964296627820254930e-03
5.941729260960672103e-03 3.309585199917994269e-01 1.761910268351084188e-03 2.807869501639836170e-03
4.274219172569748530e-03 1.368477771187031955e+00 2.939981004093680447e-02 3.564960393234141260e-03
4.654039957430546742e-02 1.946926636663622312e-01 3.997916548338143611e-02 3.794121607357398701e-02
1.601281394752335392e-03 1.164385079282598268e-01 3.437493964507955246e-02 1.592642846959074071e-03
1.077491981131630840e-02 1.362569279121154775e+00 5.624012592011760209e-02 8.544392499038979891e-03
4.143006463405607583e-03 3.335591568553019304e+00 2.215637143468080633e-03 5.724596610220558743e-04
3.044742602421008932e-03 7.745674130925058742e-01 2.274003183654645880e-03 1.494648948414568131e-03
1.147030740082195452e-03 3.681195703550917742e+00 1.258278108322724229e-02 8.588302794951476089e-04
3.072059444553430774e-03 4.577059298447238578e-01 3.806547255397411261e-02 2.962623159504026039e-03
9.513984322466787283e-03 3.388836936387399579e+00 1.503138149806649074e-03 4.237976980790701979e-04
3.999517981136777728e-02 8.346470085506227932e+00 3.602702780221232835e-03 4.270351525863058206e-04
1.459347897095766323e-03 1.276531995332426950e-01 2.102529445097052821e-02 1.446531195923704159e-03
1.171691107136555799e-03 1.322064007093924243e+00 6.749664884713329344e-03 9.529814942867015099e-04
2.340936847705091944e-03 2.394916926386224942e-01 1.748184362801594172e-02 2.268196788348519378e-03
1.871821350322948677e-02 1.331476926590612564e+00 4.118114059476599836e-02 1.166097763474940180e-02
1.786986483034356393e-02 1.093735709261308697e-01 5.378611383939118501e-03 1.310701178182093266e-02
1.616732732418166762e-03 3.033036815164454336e-01 3.778611493065430621e-02 1.596020724747679699e-03
5.507077863277900359e-02 4.545070825848087637e-01 7.183971149392140952e-03 1.228119809511997278e-02
1.161724057358524444e-02 1.391916634383612683e+00 8.370924765089880412e-03 3.962610812946945962e-03
5.404937013685222509e-03 3.606053998852283726e+00 4.211320866583794648e-02 3.694895399616024857e-03
1.033255070213329879e-02 8.671665664978412735e+00 5.098661171297458328e-02 3.747299625837949549e-03
8.480601268676833324e-03 1.250457950835843102e+00 2.100491248071925665e-02 5.635458272188502947e-03
9.622907804416299185e-03 9.643451885665250245e+00 4.436506922435572153e-02 3.112505593625497502e-03
5.780909053235749884e-03 2.770572198192704505e+00 1.643964231154738595e-02 2.928145098846911178e-03
2.724964495324111793e-02 1.033888791560527265e+00 3.044664237841864570e-03 2.657653899564336487e-03
7.984593953812695044e-02 1.301791725779575470e+00 6.332377332345751064e-02 3.022807591854088927e-02
1.328276209259562739e-02 2.497311239980887221e-01 5.465782537724299395e-02 1.252276992140256319e-02
1.533786215994105070e-03 5.677680577086261060e+00 3.798466894238575024e-03 4.658289194083042092e-04
4.259002735634523362e-02 8.356514236773356918e-01 5.151514637124210427e-02 2.518819015035503664e-02
1.685439375073973563e-03 6.377530530167672129e-01 6.377214789372406822e-03 1.442331165391284257e-03
4.731468282128472452e-03 3.710621286366236338e-01 2.970735303948427233e-02 4.467447527779089787e-03
1.792107638100734132e-02 5.744694328352026869e-01 5.149209291250810699e-02 1.493502987474189768e-02
1.771979980790356485e-02 4.867078306168964197e+00 4.268839306051231200e-03 8.357186482438050401e-04
4.329821749078440092e-03 2.562991150038477772e-01 1.026198953885671707e-02 3.907288371357882026e-03
3.263111169194520770e-03 1.452172444371938376e+00 2.819583109031600573e-02 2.793615312804216717e-03
1.067836833336618203e-03 4.360832697722876738e-01 1.006698348977868446e-02 1.020626007551706177e-03
4.230964559035111858e-03 6.401928265269594132e-01 8.269294537194177286e-02 4.096773469124101279e-03
4.610632235539154945e-03 4.062694948739677514e+00 7.176362648236551955e-02 3.656278133512326847e-03
6.239308198563717212e-02 1.160206395155987780e+00 1.539405062068119074e-03 1.299208572081786937e-03
1.297992132946652367e-02 1.049864498482774522e+00 8.428364078087603739e-02 1.117338468942206085e-02
9.496720021235326159e-03 1.465261696720181694e+00 7.399934994038566242e-03 3.296961359645771226e-03
8.339795890749898688e-02 1.781785699046961324e-01 1.439263099295632654e-02 4.103313532013275200e-02
5.446479875110845498e-02 4.351677398502554195e-01 2.293903449419854544e-03 4.806151166757905921e-03
1.524838553878404010e-03 5.640025369363880214e-01 6.719390134959754568e-02 1.505568821785312639e-03
4.249086555757200512e-02 1.044469833836088490e+00 1.528263507628794572e-02 1.088399365795163394e-02
2.137273482731485291e-02 3.973925176415321836e+00 1.315868355319454617e-03 3.260737715644755250e-04
3.079574332500529046e-02 9.825305308685566841e-01 9.958265611506396733e-03 7.625621926471129811e-03
1.970551104369602791e-02 1.344378922681747968e+00 2.084233178131727690e-03 1.437255519946672002e-03
4.207324797540761864e-03 7.358397308605391096e-01 5.889060979516724803e-02 3.997189982347076030e-03
4.551400244548466263e-03 2.167236620551149073e+00 5.081610303143625079e-02 3.811538869817988201e-03
1.088623521952904009e-03 1.285638071897829138e-01 3.015824873922547805e-02 1.083594804509380128e-03
1.413051038193055553e-02 2.549266481616725422e-01 8.672107326171400732e-03 9.983526042130999589e-03
9.901915276045021586e-02 3.656351621495523285e-01 9.056168020299841526e-02 7.073900680654608697e-02
1.500442622475870423e-02 2.977365702380003309e+00 2.062694005055729172e-03 6.622154854874326597e-04
1.420418220339237161e-02 2.279407894313251415e+00 6.749984689924589353e-03 2.450424093454313390e-03
3.117524563068507087e-02 4.442242021051527878e-01 3.446299428689537231e-02 2.223871745411098652e-02
1.907006192086384277e-03 7.496611240854511582e-01 3.196623725842444308e-02 1.825371125582586759e-03
4.531878120001669313e-02 1.588504803188614645e+00 1.064397399784612619e-02 5.837516335360925721e-03
4.850864502486762139e-03 4.521670020981491400e-01 9.917264114716706214e-02 4.745899465288236363e-03
1.645045833703692598e-03 4.237172426878347831e-01 9.605418246260995219e-03 1.533746767522290409e-03
7.135184000795233294e-02 3.753352007436530080e-01 2.647629114747006296e-02 3.547189717871739034e-02
1.885263053153837104e-03 5.127477473218241322e+00 4.883355623085719466e-02 1.573739905345863162e-03
3.577059253033178232e-02 1.485880754888513622e-01 8.399250790510724707e-02 3.364172886646158572e-02
1.961599993218605259e-02 2.010242424815246176e-01 2.586155812285335573e-02 1.702073079870626560e-02
5.407811938965358112e-02 8.224354474897338507e-01 6.799853231784268315e-02 3.269398364184348399e-02
4.396468418717835308e-03 1.700721866925400672e-01 3.503980153165830568e-03 3.623291484927345946e-03
1.983190909757703759e-03 2.069060840808668311e-01 6.592744344521887789e-03 1.866988989157698222e-03
2.771801552759771067e-03 4.595555378362074173e+00 1.359033898692241010e-03 2.672179816933230269e-04
1.812436090906389963e-02 3.108082977047863071e+00 2.329923614578391453e-03 7.198598545954138514e-04
8.441253017686859914e-03 7.038728204615346540e-01 3.700448171835389079e-03 3.239614712807261168e-03
1.937554191345631713e-02 1.114010722802802056e-01 8.467063547688866154e-02 1.889389161943798995e-02
7.137864851593548124e-03 2.111428010246383657e-01 2.450151980309121878e-03 4.419434242270695555e-03
3.610721942522896431e-03 2.626733803406603673e+00 4.128486421167045645e-02 2.936188885496694798e-03
1.188706710248682444e-03 5.879998866142943648e-01 4.759885166801682867e-03 1.036502753890588754e-03
3.560183239949325090e-02 2.173530594970953245e-01 1.844670608510145778e-03 6.853257373027049106e-03
1.835928694263835349e-03 3.145730981580324714e-01 1.135533710757829877e-02 1.747072387682506662e-03
4.061635244553635227e-03 1.125193281770184989e-01 4.779152210121111535e-03 3.707135708135983303e-03
7.471778981140417275e-02 1.717799926385742193e+00 1.034330867709126528e-03 5.973118083375355799e-04
1.427096238761904785e-02 1.278243653390366941e+00 1.262511773426831102e-02 5.837083375723646494e-03
2.367935248619384460e-03 1.241360667153433572e-01 3.591373338827902068e-03 2.188787693011385021e-03
7.659038798784752189e-02 5.448767903305509197e-01 3.351192172445829117e-03 5.693191793296329024e-03
2.554451903132868434e-02 1.875646941996505390e+00 2.680122045910111276e-03 1.353209760331397201e-03
3.977854957035818935e-03 1.818690298130540006e-01 2.666300880268405830e-03 3.128891431988361713e-03
1.646525225897212119e-02 4.888402114263280751e+00 7.726457664224195554e-02 8.064365924931191087e-03
8.596329677452112239e-02 1.417615036598387279e+00 6.959579726550149670e-02 3.124791636127943750e-02
1.031399638209537679e-02 1.888175701197676748e+00 3.403142880439458378e-03 1.534239904468688489e-03
8.649887102173177411e-02 1.233188067293881973e+00 2.118453660637230687e-02 1.433228337136572238e-02
1.074960939356439486e-02 1.112551770441887328e-01 1.337754857177929357e-03 5.675619187574612763e-03
1.457923836397898498e-03 6.662844444774326469e+00 2.711454059673408523e-02 1.073380062421500991e-03
7.319986607708864335e-02 5.240171618263667064e-01 3.149329827976149205e-03 5.553973237377435659e-03
2.726715083857395722e-02 6.773969028253695734e-01 3.175725117021509919e-02 1.724000325910449508e-02
7.147541249040475185e-03 5.405035337844418919e+00 3.474620286549652375e-03 5.898020574303244412e-04
9.893648804960267218e-02 7.416894805327696183e+00 1.055151085450702769e-02 1.402465467725425973e-03
1.047978416872725766e-03 7.815218435581361422e-01 1.580642727312324761e-02 9.963519372684502724e-04
7.139666040694156446e-02 6.427648260433793670e-01 3.644103572144220555e-03 5.252344909311213068e-03
3.661082542874077687e-03 3.370728694589941288e+00 1.439043486936917313e-03 3.823385646617237618e-04
1.965555617928156293e-02 6.031357348512674799e-01 4.465230583614115956e-03 5.377789272512630524e-03
8.584627783014477098e-02 5.482883966515229579e-01 2.304369647296750177e-03 4.006683956956184033e-03
1.324688375088006916e-02 3.015350670486385831e-01 8.360234771038450863e-02 1.264282762340039092e-02
6.790200116096726558e-03 9.330751763345946914e-01 1.872598602411564483e-03 1.549068304094056809e-03
3.589209326416374721e-03 1.120601412455247914e+00 7.275810940465785026e-02 3.401191251833741384e-03
3.010240848767289056e-03 6.161161955955880565e+00 4.896147718607480812e-03 6.287059749866109968e-04
4.901820710644642226e-02 1.411831071322580677e-01 1.584431041734225094e-03 9.131829271757176819e-03
7.722874742875061871e-02 1.382717690262531107e+00 3.765383229437069962e-02 2.013272385802646752e-02
1.503942744483976503e-02 1.685992116516513706e+00 3.037272015085634280e-03 1.608770527726253790e-03
5.351974337550993027e-03 1.035409991832991622e-01 1.220140293383628963e-02 5.119464598441720443e-03
9.269830540589604068e-03 8.262173704056666068e+00 7.261507267565415515e-03 8.027736988673748932e-04
5.605535410277465679e-03 3.426776773939799181e+00 4.040919731826496386e-02 3.799435510023252242e-03
1.149986853298582811e-03 1.080563075368756037e-01 1.179273968938402166e-03 1.040361145486979081e-03
1.159941746626275832e-02 1.662192646715775268e+00 4.449509673157928634e-03 2.174958795556514602e-03
4.001933024445993720e-02 1.345612095651718965e-01 4.688514948609170951e-02 3.589640594117059214e-02
6.244158735703637941e-02 1.279512539492217327e+00 4.999328393593687608e-02 2.403346061885092491e-02
3.937968262839736111e-02 9.330109020931340424e+00 1.945371369461049854e-03 2.074065162543524583e-04
5.271984382167121952e-02 4.494020763279644726e+00 3.375620907972876061e-02 6.574627669677915107e-03
3.828377140340694096e-02 1.766820083201862124e-01 1.494466813284699332e-02 2.635522556666695937e-02
7.892750696317804224e-03 3.574932997234245291e-01 9.870941893151392518e-03 6.138159752070910559e-03
9.782579936831355127e-03 5.192045861696779063e-01 3.814155576689271486e-03 4.195542141252964208e-03
6.402628014311357273e-03 8.122895377725385391e-01 1.084316470227346093e-03 1.104591867547822679e-03
2.328681942880647671e-02 1.331215814261060559e-01 3.531760314773443182e-02 2.140776742554181822e-02
2.330298468449030613e-03 4.545778497426113063e+00 1.587705150692910426e-03 3.037443692052459632e-04
1.904434162323671506e-02 9.588898972576053170e-01 3.774359579754528807e-03 3.261975409649471754e-03
1.164242695504801983e-03 8.975094353615084009e-01 2.731317876097369163e-03 8.420862238014784626e-04
1.069778422776733072e-03 4.661454137649762686e+00 1.724994061639699081e-02 8.298733361315762010e-04
5.509817621315948183e-02 1.187058593878890650e-01 1.745252571572526593e-03 1.160552493827569920e-02
1.436013613361985380e-02 9.492770982683422787e+00 3.459044507859570378e-02 2.906380669998700258e-03
6.474407978985114061e-03 6.181641066911519822e+00 9.187106037208894391e-03 1.208729722090581956e-03
1.653521682396475248e-02 1.007948753951721788e+00 5.844793209213636036e-03 4.293146244833120212e-03
3.210754273110633192e-03 2.585435977787360784e+00 3.073433524032232519e-03 8.675479640584464426e-04
1.938693867153663992e-03 1.612099905697850444e+00 9.517877133193124173e-03 1.459455190463910396e-03
1.470786969009382772e-02 5.800216969756364360e-01 9.376693845018406123e-03 7.701275736963883629e-03
6.541119389265024481e-03 4.367820564891490953e+00 6.271806491440362792e-03 1.177439578095901187e-03
2.874579295896611403e-03 3.038973769356386190e-01 1.782018816091902533e-02 2.740247521029496366e-03
3.031682264979925975e-03 1.370164461818683010e+00 3.742041247020691519e-02 2.728771327565257532e-03
1.553332883918012719e-03 6.439803250568626458e-01 5.331848619033292824e-02 1.524727255790144734e-03
2.083859146167781409e-02 3.549940116412881319e-01 1.708781156086677799e-02 1.454279353887710791e-02
3.320971789166548421e-02 7.358268976673819628e-01 3.965825666805472029e-03 4.637066426746223879e-03
7.194828604007294168e-03 8.662899973687183675e-01 3.258477412574817961e-02 6.039579277733094984e-03
3.198190345524066364e-02 3.773762954187412699e+00 4.253808876028300663e-03 1.088830211046914803e-03
2.038602193644876645e-03 4.672816368813972332e-01 1.434595840867259166e-03 1.225106252167475814e-03
1.808592331933921507e-02 1.078774263736892225e+00 3.679470873895150651e-02 1.181888453402785664e-02
1.115936814599768033e-02 2.233989274597806551e-01 1.819749887615213597e-03 4.708666726697058671e-03
1.189456957620334439e-02 1.347302914289118414e+00 2.886319838708032923e-02 7.648131016553562193e-03
3.700514141422237696e-02 8.492791919579982363e+00 1.907287155084656186e-03 2.232224729421569795e-04
5.313037317860380693e-02 3.501310980431837638e-01 4.636521889107998728e-02 3.791725780056839218e-02
1.555100747596184843e-03 1.846352734344494095e-01 5.802708628555573213e-03 1.481780115118653575e-03
3.285028137925841921e-03 4.255245098085076449e+00 2.148628487926985617e-02 1.990223593987333010e-03
2.400598307882415364e-02 2.843028377874386781e+00 3.679170979631057881e-02 8.408314769289167157e-03
3.790902958592110711e-02 7.943459240944013011e-01 2.505273653822391328e-03 2.911644997903012518e-03
1.108052230225199143e-03 4.330543390087370215e-01 3.175158177556452327e-02 1.091556053389562556e-03
1.974702039298207971e-03 8.691348114090622357e-01 1.107075142550522284e-03 7.743063349663852459e-04
6.781428400328141926e-02 4.993479361124903093e+00 1.204299539358710727e-03 2.403197579832997571e-04
1.961131578286848601e-03 7.707322432046371796e-01 2.402816434660625181e-02 1.845066469358285118e-03
8.745295424311588794e-02 8.415506074102566458e+00 2.981482002850030164e-02 3.404905814766493594e-03
1.044399158547803554e-02 1.557624936393037451e+00 4.965620762855296050e-02 7.866767545812723347e-03
3.897589342549795388e-02 5.797386948128842477e+00 8.186009012812758834e-03 1.362650953917745114e-03
1.505217367174978282e-02 2.366651642209439910e+00 1.020563356099886063e-03 4.192166378688063646e-04
2.981642048372381074e-02 7.443974145860556391e+00 4.789700747694412841e-02 5.292269993313170051e-03
1.720497738363528650e-02 1.294075455911674610e-01 4.765635389250089116e-02 1.643705571661280632e-02
3.000390249718285461e-03 2.318336053269204611e-01 4.547688930171259712e-03 2.602348330535446657e-03
2.927044485708826110e-02 1.448753135230763656e+00 9.729708767292283289e-02 2.038563533025918376e-02
1.613568167416060822e-02 2.548223943437610828e+00 2.125496548774146073e-03 7.931103986899281592e-04
1.120109408480366060e-02 2.828000777285284983e-01 1.460914786133854417e-03 3.535387973482081482e-03
4.326290621048770740e-02 7.813564602692193439e-01 1.717119065783010139e-03 2.091377841221908705e-03
1.472705215219327103e-03 1.162809895878834376e-01 1.526572527393510069e-03 1.324163414024314778e-03
2.360073366244745761e-03 3.764443894350071318e-01 1.440719134286165548e-03 1.459843638623682964e-03
1.183317622668222241e-02 2.110646808009357389e-01 1.789274686830055403e-02 1.038375589309188489e-02
5.564620474652651194e-02 2.734500290657541077e-01 2.772767058525439903e-03 8.577021938761789435e-03
1.133126564637010683e-02 6.721986259191017332e-01 2.735313905972964685e-03 2.994015092021418741e-03
8.441834193101942913e-03 3.008446602066276121e+00 5.268719276848130018e-02 5.696129098524267166e-03
1.807561227056171671e-02 3.455621872980869203e+00 2.831741261949997316e-03 7.839201575073056084e-04
1.843361693891116398e-03 4.878567490623735847e-01 6.736521605326797890e-02 1.819077793597157497e-03
3.700978335832666964e-03 2.406842347265984450e-01 1.704781386684717497e-03 2.430838382804981126e-03
2.381228444299955671e-02 7.479994778174406944e-01 7.230371780748907559e-03 6.875330494146959272e-03
1.493397340154813645e-03 3.544649102088605619e-01 9.164435220930923151e-03 1.411846152245169617e-03
3.599947376508522145e-02 6.232486532821850389e+00 1.546363093012721387e-02 2.321156178051520143e-03
1.349896432783853455e-02 3.611885701235691415e-01 1.973941922561153056e-02 1.082513640147726372e-02
9.566703416891909201e-03 7.765452472346072277e+00 5.449989703947061281e-02 4.048339590373141623e-03
1.400795850014771929e-03 5.361094650927393346e+00 7.537049426811609498e-02 1.273869471797025015e-03
8.845573069569600752e-03 9.883701318641254785e-01 6.184626596989811244e-03 3.664860235060407156e-03
2.157173533201464394e-03 1.786074973202634419e+00 1.163220498919392311e-02 1.620442834234427998e-03
5.995750045913480347e-02 7.484559450163229322e+00 4.102529371281787851e-02 5.022194041431892429e-03
1.969458396699574551e-03 6.516832770531260088e+00 9.570965922732679876e-02 1.736583210239253617e-03
4.979006761181070662e-03 2.545420177446773735e+00 6.345163032311625616e-03 1.661122903667772458e-03
3.717073243217603601e-03 9.112690142848781649e-01 1.792323814048291846e-03 1.286243696985023147e-03
5.977051021952694589e-03 6.905651926996577705e-01 1.600418205668188796e-03 1.670014910316730029e-03
7.763158748881731838e-03 3.611636679071043576e-01 9.345527387893227261e-03 5.971605195211482017e-03
3.307096195367032615e-02 1.745776043144494638e-01 3.620369943755454012e-02 2.852245096194662433e-02
3.561462691305827127e-02 8.923287313128989595e+00 1.752027957589827670e-02 1.860844985211989634e-03
4.065255012166965609e-03 1.349349796831918358e+00 4.751286489015233566e-02 3.644491505112863565e-03
4.272373133034750199e-03 2.833010896864865291e+00 4.023038168083423183e-02 3.284270272218244632e-03
3.452305298816572311e-03 1.991022074995582869e-01 6.015564080905106553e-02 3.413303572730445011e-03
1.238841398198264540e-02 2.575546680088840024e+00 6.200865736527266109e-03 2.015830964917949067e-03
1.767591445945298264e-03 4.571071054936599598e-01 4.147335907656905622e-03 1.479380460791839122e-03
9.589359598478248981e-02 2.192188031122859648e+00 4.268773592007760187e-02 1.618587264200952586e-02
5.102697013221719341e-02 3.984664272884064218e-01 1.421535191959940160e-03 3.334393741618159410e-03
1.425211535486406791e-02 3.840243320282014761e+00 3.527338114578441007e-03 8.629068650696925099e-04
1.226104603952864192e-02 2.077914287624739731e-01 9.331134239056236221e-03 9.631338926413398824e-03
2.695641227174373853e-03 4.090583624924436279e+00 1.428203395535200147e-03 3.091079597370255633e-04
7.175403414708983463e-02 1.420638564573534435e+00 9.992136460347796068e-02 3.551885042658688152e-02
1.260795132152278588e-03 7.780698202476405978e-01 2.722870721968156243e-02 1.216951225557150185e-03
4.002434421043532531e-03 1.361812540740835464e-01 1.776799656229790733e-02 3.883308842130406887e-03
3.680285199917391475e-02 1.948388171443060923e-01 2.318490265274463641e-02 2.810923185287571638e-02
4.238678407487809358e-02 4.202876423607788126e-01 8.999420840783015421e-03 1.422598718812670242e-02
1.935246753423442920e-02 3.700337829812370694e-01 4.078861712313154239e-03 7.022823942015669549e-03
1.799103002847963649e-03 6.820987185517016771e-01 1.074310589259023889e-02 1.614662931836948314e-03
6.651029017167181014e-03 1.467367381675221294e+00 1.141485939274809866e-03 6.964557182071037193e-04
3.337477879544688102e-03 3.548915897203445358e+00 1.673131283260666929e-02 1.954118572429192069e-03
2.693292473965420639e-03 6.183010717512273047e+00 1.538216761885598683e-03 2.277442995464770258e-04
1.050146673440074388e-03 1.185866804298651322e+00 1.163875235885301071e-03 5.073198494497944662e-04
5.494458608450231846e-02 2.124294328832517509e-01 9.996021018830515692e-02 4.919977736829234810e-02
1.121205159346006994e-02 1.244441616390628419e-01 2.907914983224444729e-03 7.576634494730532209e-03
6.021596055761622469e-03 1.031383558698115294e-01 6.951612218066402504e-02 5.968275441640659255e-03
9.170232459841312633e-02 7.083334945141520622e-01 4.479992313701599768e-03 5.916624982168740103e-03
8.539255786503220647e-02 1.773750131342466840e+00 3.615315439196258723e-02 1.645474735186283968e-02
9.734184395195575809e-03 5.519965583902295414e-01 2.586959050534156507e-03 3.163482221180598589e-03
2.074371934940166286e-03 8.298902522974327400e-01 5.248878485380662103e-03 1.562056437120161500e-03
7.342861461920639765e-03 6.331014958559758377e+00 1.166718352787059080e-03 1.797742938605481492e-04
1.906820429964827673e-03 3.704346310340147497e-01 1.175359803793924384e-03 1.191043016202767346e-03
3.129668910440164264e-02 3.297900129539843017e-01 1.537102218975799212e-02 1.872393761608409993e-02
8.444869614193672991e-02 4.735279643542102512e+00 5.854527505842577195e-02 1.078471032714519752e-02
1.735156843827681886e-02 8.784174216296033677e+00 6.285831426218160822e-02 5.066438755242030738e-03
3.078844310932890571e-02 4.670001104893493959e+00 1.185016172813398031e-03 2.516764712601422859e-04
2.643405571995138467e-03 3.540126119622981071e-01 5.870020409988335741e-02 2.601925661693320086e-03
1.359807865481471242e-02 1.045668653490125388e+00 7.393846688035931106e-03 4.651942279343325437e-03
6.399524740827473857e-02 7.979694400089865525e+00 6.654434123613037211e-02 7.377808349791552950e-03
9.493983267326377984e-02 1.337026576583672854e+00 1.149361252142151041e-02 7.882656901961571441e-03
7.273104704554834467e-03 5.549391233686954417e-01 2.422091594358170494e-02 6.234241748921663141e-03
1.180618833952413885e-03 1.477839452862047542e+00 3.841991767845935601e-03 8.119071502698825332e-04
1.020598199351830694e-02 4.086870664307793999e-01 7.334332924568635025e-03 6.506002605039141497e-03
4.797021915530573499e-03 1.109431603892865603e-01 1.641115381251281868e-02 4.646345721655247354e-03
3.074191822219711143e-03 4.041737064599695839e-01 6.939158392168552625e-02 3.020114445018483394e-03
1.176548529272159090e-02 1.820108027639523618e+00 1.359721485692883848e-02 4.569271776856383659e-03
1.326318948128893914e-02 7.304657949704804754e-01 8.300601135826789212e-02 1.187693577295179971e-02
3.947337820833998409e-03 3.568810585460990392e+00 3.004019611378716884e-02 2.687186222257599739e-03
9.506538205334964797e-02 1.704227951457519596e+00 1.071654744619265345e-03 6.246891658308173891e-04
5.907484943227626385e-03 3.555318632285711655e-01 4.833114475612743099e-03 4.117964486520365661e-03
7.278843854243285602e-03 5.245797432723968257e+00 4.499069221948500015e-03 7.672486779248896159e-04
5.542032596421540315e-03 7.200685806795750210e-01 1.715214316795413835e-02 4.495989001937902678e-03
9.082217297750763349e-03 1.140391524292537900e-01 1.226299912436176883e-03 4.923688354747581854e-03
4.090999821225840133e-02 8.515096292510602183e-01 1.122843473624739706e-02 9.972175993277527725e-03
9.388100820035473471e-02 4.462182177269188310e-01 4.928850111898412656e-03 9.883015511067537451e-03
2.824296030444931049e-02 1.292530507279130159e-01 1.313674240828779146e-03 7.473978850820305747e-03
1.040204702481564974e-03 3.507347612288849725e-01 2.263357489346210383e-03 8.958073901262217842e-04
3.357315963483533880e-03 1.444961826448540654e+00 4.221849684780933955e-03 1.562219334731287934e-03
1.857545247739801619e-02 9.330125783917740279e+00 1.625157487518605684e-03 1.725657116430380489e-04
5.625366669244739881e-02 3.491618685200258976e-01 1.229062405447733063e-02 2.165185556516970034e-02
3.150780291027476671e-02 8.917849466453709795e+00 1.960233399646792510e-02 2.054753784940268908e-03
1.728745877008811688e-02 1.432736475612965688e+00 4.699021969272452331e-02 1.132047686383200018e-02
3.863344954718038026e-03 4.380952519763455122e+00 4.520821757364672233e-02 2.810969371633323475e-03
4.001062995995298931e-03 2.587557603580075583e+00 2.471281155739777496e-02 2.819771312750688191e-03
2.337923436245884293e-02 1.247034420139002536e-01 5.032506316711543581e-02 2.209897899353388193e-02
1.397182261611111705e-02 4.163368176986369740e+00 7.254598478974656761e-02 7.754222717831450382e-03
3.479657351751749839e-02 1.527828069151622448e-01 3.777460666751420587e-02 3.050356618859419167e-02
1.110606411183366789e-02 2.167958898398231193e-01 4.585717557724360710e-02 1.055202584202549580e-02
1.788085439051141385e-03 2.829580940393021105e-01 7.924979024880839107e-03 1.680779674279938391e-03
3.715667967786311782e-03 1.468590095660668171e-01 3.496480890782233814e-02 3.658570381622137414e-03
6.135724621609463074e-03 2.019187596639992199e-01 1.481546414639146620e-03 3.341474007929042065e-03
9.747468148826723966e-03 5.080506084957098212e-01 1.640601422126827412e-03 2.425629380024791910e-03
2.316637429221041385e-03 1.600457074409655123e+00 4.609358375555538956e-03 1.283896171236797827e-03
9.766023063643710506e-03 2.325536718350949439e+00 1.209664939996957407e-02 3.393947215129083407e-03
7.520243788908149117e-03 2.797079857278228499e-01 1.462017064579144987e-02 6.574359918290939922e-03
1.866365760842670371e-03 6.066385989323613837e-01 1.461925434532640108e-02 1.732212066721851903e-03
2.960416656972785204e-03 9.181133764393747398e+00 1.922312057901340212e-03 1.955462602565034424e-04
4.909977652690399041e-02 2.311671712234003362e+00 4.130207442407947405e-03 1.723943584154033004e-03
1.822883453660908721e-03 1.247143879446064085e+00 1.466161126536397880e-02 1.578175025009130421e-03
2.875734794403339567e-03 6.851671356747556230e-01 7.090929928663741548e-03 2.250412070952408691e-03
7.309498024106452288e-03 1.053559204045007858e-01 1.013237878820704742e-03 4.153035138550477748e-03
1.370556523003397306e-03 6.388113332674345557e-01 9.898337947565945955e-03 1.259179659004877822e-03
2.714544596193162272e-03 1.714609728912843967e-01 6.157210367031589783e-03 2.523766935631534258e-03
4.356979810462295599e-02 1.114785689459950602e+00 1.344286654673112254e-03 1.173394301142888316e-03
3.843020563792992703e-03 2.234732172690058749e-01 8.627233739784181607e-03 3.495095531686564713e-03
1.198591473439114888e-02 2.827758809973239806e-01 2.324262827971452020e-02 1.046052201486622271e-02
6.827699096110519117e-02 5.021602271003893669e+00 1.072112505597878733e-02 2.070264299929579482e-03
1.731526724643981524e-02 8.136178450406868379e+00 4.431902550883061974e-03 5.281021078497389254e-04
5.114042910935986952e-02 4.512017186708875194e+00 1.283070573912383416e-03 2.827949082409792815e-04
4.686391393050290920e-03 4.191696043054431442e-01 1.981131899834235460e-03 2.353136814338790440e-03
6.237098426529676803e-02 3.813909423236633289e-01 5.094015631656521187e-02 4.251676194879060178e-02
9.378046990637756847e-03 1.788185012630159054e+00 2.943437713701919228e-02 5.974301190330250262e-03
2.953956994502935935e-03 3.055422871077469349e+00 9.204453547060398311e-03 1.491470012392174258e-03
5.714635193246775380e-03 1.628691440373273014e-01 4.315663238791100226e-02 5.593992327892475212e-03
1.515873479767246377e-03 5.058213664181709923e+00 7.442713693161118020e-03 7.466558016350779113e-04
2.993046399116611363e-03 3.154076468734431149e+00 1.187627335961083733e-02 1.667540146088813046e-03
2.704084436960362686e-03 8.405947711016983348e+00 6.647162042202624070e-03 6.118442389027593971e-04
2.201720693315609677e-03 1.062556368125000261e-01 4.982678774653280691e-03 2.102982110146654586e-03
7.111724709741110324e-03 5.938202102897895962e-01 6.851027129764175605e-02 6.698799674331905492e-03
7.287252949335329411e-02 1.499440433409478246e-01 1.003823733602690355e-03 6.131378016448533336e-03
1.647694710309133281e-02 8.130123805081154842e+00 3.275152193467188028e-02 3.237006768689829842e-03
6.655157281423947080e-02 4.297170873916200118e-01 1.414633747755183156e-02 2.202521781338826617e-02
5.037821489752898445e-03 4.040524802375295987e-01 3.248173223233831453e-02 4.740732330466687974e-03
6.214406084439666640e-03 5.314855320474546341e-01 1.965583010713073051e-02 5.320393837945327359e-03
4.509860524619126870e-02 3.747219958756963454e+00 9.576112064921835088e-02 1.631200388350890346e-02
1.595751058956711155e-02 2.794454945685517222e-01 1.854847452369422917e-02 1.286469773330807531e-02
6.595383776859462845e-03 2.158319309565361610e-01 1.067113122226821288e-02 5.819130566690478880e-03
1.623498310605247597e-03 3.993700110961537320e+00 1.638166125231915390e-02 1.163135934088468069e-03
8.769878343347428662e-02 2.929760881641830794e-01 2.335919945397285299e-02 4.176257939690416338e-02
2.589178427861718590e-02 1.150843786383763390e-01 1.512123022402917655e-02 2.162953853772872984e-02
1.569366318663459325e-02 2.504412617923140183e-01 9.580407395105235147e-02 1.507520620728885694e-02
4.042400820625256797e-02 9.655694927856033338e-01 1.631657625003733389e-02 1.191682249924203366e-02
1.155768292335064389e-02 9.924453725311527252e-01 2.380555261219083601e-03 1.986416393735239254e-03
8.221886307082126866e-02 1.580079103549394959e-01 1.818202937984866744e-03 1.009428055031232410e-02
2.457448145359992717e-02 1.218452591042956890e+00 2.416107467994391481e-02 1.097417587140880717e-02
2.211805322771109601e-03 2.419679273221601701e+00 9.905280974962236626e-03 1.435954084960438127e-03
3.726463641341000877e-03 6.651980818054488154e-01 1.438865804217294214e-03 1.368629041761935386e-03
3.020191945868892086e-03 2.585907356237257648e+00 7.768946730896952001e-03 1.506122736222162374e-03
5.187408108005204382e-02 6.983040409008530069e+00 8.112068057040214622e-03 1.136236222069599358e-03
5.193152245073861736e-03 2.362665814955295485e+00 2.071777555504276946e-02 3.261559587551224500e-03
7.746361049725022929e-03 9.965526926142498354e-01 5.415242194359929512e-02 6.779862896343780664e-03
6.416968874564286766e-03 5.229213188156301984e-01 1.153771958865903828e-03 1.641862404865682438e-03
1.244199745502361535e-03 2.337014317763172588e+00 1.088745175235807973e-02 9.819502207011714112e-04
1.341822665179848812e-03 2.574895624557030360e-01 8.010872543221322570e-03 1.286343258792240797e-03
4.705703722431935770e-02 3.981631356309258130e-01 1.357417439470976622e-02 1.976940635266299234e-02
1.234755287787636310e-03 1.167878588382456756e-01 4.055756976276935627e-02 1.230380609253782509e-03
6.673579044846202069e-03 1.658426851604839269e+00 1.138979273625465374e-02 3.384655491886964622e-03
3.566010620271030385e-03 1.986664355845318308e+00 1.861519993620162775e-03 7.420311108764939510e-04
3.949267869772785274e-03 1.914560232735496470e+00 8.844871492551353853e-02 3.638249146270984991e-03
2.622287116871201140e-02 1.198635486981356246e+00 2.032408359064367953e-03 1.592620947755166334e-03
1.775956147555340751e-03 3.795436161354920346e-01 4.443309910478376867e-02 1.749417379411649523e-03
3.233718745476316797e-02 1.257549896167738490e+00 4.993725750349238546e-03 3.536691541344870199e-03
1.666387071382626275e-02 9.735489395114041988e-01 6.948992746500921858e-02 1.350986293528955856e-02
1.923048582776319074e-03 2.922929333704102350e-01 3.454544775118807177e-03 1.653934698684667330e-03
2.310699859289409158e-02 1.360932321907706855e-01 1.188150875000999751e-02 1.827113536286411807e-02
5.912449402065794030e-03 5.848084964395182661e-01 1.652832788627964927e-02 4.889573066185572137e-03
9.479540189299745859e-03 7.188173767073267939e+00 7.075752563194674660e-02 4.829070883793816320e-03
8.425112988509548748e-03 9.018445860237022771e+00 2.708448429498054241e-02 2.214018594504629876e-03
6.746321420427358294e-03 8.310524710286129046e-01 2.004586189128671533e-03 1.776815916439534451e-03
4.357164562927448581e-02 2.817676534821806356e-01 1.471217968592907280e-02 2.375144331188967436e-02
6.365509180166067926e-02 4.858393693299182914e+00 1.220551198756233795e-02 2.416866942507129787e-03
8.163371506646999176e-02 1.497695615800890556e-01 1.364656360195681990e-03 8.196804586634010709e-03
1.288702964263338741e-03 9.011720251805950266e-01 5.739613449472017945e-03 1.071830673868889470e-03
6.160889383790083169e-03 1.343913748211970516e+00 1.866855545854863296e-02 4.267990129411204127e-03
1.525996249319362631e-03 1.219195350773185860e+00 8.523751741274210314e-02 1.493399670347929364e-03
7.365502558233409658e-02 2.522773905660335991e-01 1.630205207353197308e-02 3.442104005557987401e-02
1.903559007352891496e-03 2.958875193895769140e-01 3.754115203496699582e-02 1.875421585284796052e-03
9.481879175764230949e-02 2.969968330396651091e+00 4.044731353809990181e-03 1.342593338601258358e-03
1.420456491046603615e-03 6.000422157596230210e-01 9.922110647528835717e-03 1.308088455414407360e-03
3.839347043811700000e-02 1.034051605482827929e+00 1.835014497080661834e-03 1.696187380563818348e-03
1.899872066850287478e-02 1.014907678250055040e-01 1.404519445971143601e-02 1.670532926978163593e-02
2.749711345661686075e-03 1.686044858627504250e-01 3.139329548553151245e-02 2.709694790509907872e-03
4.611777388094921021e-02 3.416584596568669752e-01 9.840080797958162401e-03 1.772901371877591906e-02
3.502496376110299497e-03 2.475078229656731743e+00 8.772179361177816562e-03 1.761613100278355696e-03
8.336534677328485965e-02 1.547633373326236850e+00 3.867186416260764287e-02 1.922521849914620926e-02
2.046106678490005291e-03 2.503339694115746195e+00 6.855323676319387619e-03 1.171096878454377542e-03
6.545044416412866724e-03 5.415672018434946056e-01 6.202152160409558738e-03 4.164816977405188039e-03
1.942920889567588752e-02 1.572716963983862959e+00 5.407431316978555252e-02 1.241414644795864504e-02
1.885526232675413224e-03 2.028182363721855452e-01 7.704325006345659477e-02 1.876213284368095967e-03
4.304842554415078647e-03 1.001216919611540856e-01 1.304043203528050879e-02 4.167112506579476010e-03
5.465844696834722821e-02 3.868437919774150746e+00 1.346653879829855628e-03 3.459100310601323307e-04
4.826260596991537553e-03 8.369980477558957022e-01 2.556832687517648049e-03 1.870707434391635391e-03
1.175526726133475051e-02 5.709336217708226968e+00 1.122481897045956439e-03 1.933705377175530473e-04
1.408259790678980652e-03 6.399037091546038170e+00 7.393638910620649318e-03 6.346889368104687229e-04
1.497386455859441631e-03 1.361373364944505004e+00 6.929584290767015764e-02 1.454596053223519399e-03
6.790504773967426244e-02 1.521598350074427064e-01 4.305323304819528435e-02 5.476249950032008318e-02
4.920002100970367193e-02 3.222302663542070178e+00 1.565398939298222282e-03 4.810514310657854151e-04
1.879962911249095274e-03 6.097983853138985388e+00 1.093474197463116353e-02 9.177713883990456243e-04
1.914406846162344453e-02 2.024710926267465905e-01 2.903022761865860658e-03 8.198036933315300603e-03
2.134377649866469120e-02 4.402938398419402155e+00 5.214613469271578081e-03 1.122084931485068954e-03
3.020112931368836365e-03 2.244190139942342788e-01 3.713993414487117440e-03 2.554025916831732194e-03
1.552313104237178394e-02 1.093605855954273148e-01 8.311738200709334334e-02 1.521242707094413484e-02
2.091577792415280287e-02 4.385857126979656462e-01 1.247516059790711174e-02 1.205291008092600376e-02
6.835986528215130115e-03 1.835814662735022029e+00 9.415545700302238932e-03 2.930302936883983234e-03
3.396467753983294004e-03 1.706096425306463937e-01 5.708427564471937887e-02 3.362336227325757668e-03
1.137427599450866779e-02 5.740406350414621883e-01 1.651312785938573516e-02 8.151263510220090741e-03
2.060081413428085668e-03 1.243543424180370560e-01 1.534426022983316311e-02 2.026252124668907664e-03
1.718268404495465994e-03 4.459083212570318366e+00 3.791039781380231566e-02 1.429382307264975057e-03
1.828842818258055508e-03 3.346749482511116369e+00 2.684588281631521828e-02 1.489293928373862852e-03
1.177827378827024131e-02 5.017201132264862418e-01 4.754919962434187020e-02 1.047628498377535348e-02
1.145480917137970713e-02 3.158561380455272571e-01 6.247482344061088683e-02 1.082774749183229579e-02
5.366448386736073078e-03 1.627417438171683273e+00 9.262475057532621944e-03 2.762102504589550051e-03
4.487116553769106286e-02 4.685521131090732538e+00 1.154979727637992469e-02 2.336634368870604394e-03
9.197997034897572102e-03 1.688536931915779471e+00 2.458795511596656089e-02 5.637211852797453793e-03
5.381116531211788991e-03 2.223029053535328980e+00 1.948569896238612443e-03 7.537575056431749815e-04
5.141708225674244091e-03 1.338186866502445893e+00 1.104166387207103361e-02 3.167742687944946536e-03
6.970496359699672462e-03 4.445397470288347530e-01 2.121737123464284905e-02 6.082225803003357516e-03
1.891309657647949859e-03 5.776568235961792031e-01 3.474891691503264289e-03 1.438907908860534261e-03
2.546906092401427651e-02 3.022450963623890541e-01 8.785058805949458316e-02 2.341713671944032835e-02
2.306233370213717562e-02 5.626976715214444091e+00 1.206484645428053393e-02 1.961726183383596944e-03
5.672731647565306540e-02 1.712174293313439843e-01 4.226797184357262288e-02 4.612769104449423313e-02
4.096620733301390566e-02 4.004608528413514668e-01 1.928277549141277098e-03 4.308703476810969712e-03
7.003915349729429585e-02 2.142335861361414628e-01 1.402643786651071311e-02 3.383947672769865161e-02
1.148610615518899820e-02 7.031166788842190485e+00 2.364292517375398903e-02 2.601107717667505356e-03
1.576603187457929767e-02 1.224643625284189241e+00 4.120693420928205411e-03 2.772993749384733159e-03
1.315992320725195086e-03 7.020597118787532676e-01 4.984794434284725226e-03 1.110219102944515939e-03
1.954710576814695094e-03 2.320689919879256324e-01 6.673669930577930121e-02 1.941513574682863326e-03
2.968327537468128802e-03 8.092512347511117810e+00 1.093237283009929235e-03 1.292118463479218198e-04
4.761196661896668209e-02 4.965762084881685245e-01 8.252884979903405208e-03 1.231934638896304765e-02
1.896503375394227760e-03 1.737619422649638035e-01 1.094806158332139318e-02 1.841086102469014418e-03
6.226944753362419205e-02 6.753220659950831539e-01 8.428700991310400861e-03 1.039706761788668048e-02
3.231990365175008845e-02 3.631534591009697444e+00 3.062986857331899664e-03 8.219902667660139916e-04
1.182626999020510404e-02 2.428626007603668924e-01 2.135531598876264092e-02 1.042426980062861192e-02
1.775101384286759381e-03 4.269753295738312637e+00 4.920943828913194179e-02 1.538189248094932755e-03
5.282901488213185594e-03 1.456263359552504744e+00 1.057409162562467086e-02 3.058011683427550031e-03
2.023658161854430260e-02 1.150028715589226813e+00 4.839496953058414729e-03 3.483720946779110018e-03
3.827350166572447698e-02 6.028297854089306185e+00 8.078399972327801604e-02 9.925542445715076698e-03
6.035448635105707116e-02 2.390408260449960742e-01 5.057109083820300610e-02 4.695804792696639529e-02
3.870982793973176683e-02 1.444355304340122492e+00 2.393331470645699774e-02 1.160329890623332770e-02
5.487938007707916267e-03 5.105144770435078527e+00 3.397525536629477597e-03 5.935336144798724050e-04
3.443438195369535881e-02 9.138094706027516390e-01 1.000050365561786642e-02 8.304469297418638415e-03
1.342406404800276613e-02 4.837193506640906082e-01 9.416254077290073243e-02 1.255805638124016417e-02
3.980290104427767345e-02 8.675026956968265424e+00 9.012151411554288061e-02 8.238384563410522735e-03
4.693031104985979224e-02 1.055279170491925100e+00 7.568107379162526682e-02 2.836722012255398981e-02
1.455907829305529318e-02 2.378128566904906538e-01 8.798278694398706246e-02 1.400783598211361759e-02
5.849064228352285170e-03 2.631120349416814275e+00 1.504210389831228678e-03 5.207959122324697966e-04
1.098963826691537124e-02 5.054455897383168583e+00 3.171047905076018053e-02 3.993790879739583799e-03
6.622586101294500316e-02 6.334348202155505314e-01 3.374667344555574294e-02 2.952453921038979481e-02
3.697115066847785937e-03 9.803650861510067038e-01 6.256838050524935607e-03 2.340998492720180145e-03
5.596129290570972699e-03 4.063926819273326885e-01 3.910939452652344855e-03 3.538486241751312954e-03
5.439311245591903210e-03 2.430319761695280689e-01 1.810100653449065941e-03 3.143555328792425278e-03
1.140270444333114875e-03 4.247122224579318761e+00 1.942457252169678406e-02 9.127153714309238107e-04
3.820230004764865739e-02 6.091832231416980825e+00 4.359369462973447518e-02 6.027089370080084864e-03
2.222426323247681228e-03 1.174676279511596005e-01 2.360709797553147988e-03 2.001128131081200603e-03
5.838802179736782977e-02 5.055333973483472576e+00 2.146617658226314049e-02 3.958372155479515479e-03
2.073041862032505220e-02 3.261483125179645004e+00 7.444565646025687322e-02 1.086383257028325847e-02
4.570900523481436287e-03 7.471955856745746694e+00 5.900083435086805536e-03 6.733142725187674787e-04
2.327033302054360223e-02 2.110339231840748786e-01 9.315468995954779077e-03 1.523755903424386937e-02
2.920886540038181416e-03 7.805843367208830763e+00 2.994655799038270158e-02 1.658317243226574379e-03
1.133452341999285906e-02 1.316171899498231435e+00 4.876851483204106691e-02 8.679487362224406338e-03
6.337811242819565288e-03 5.770857189507975882e+00 1.027757274773158022e-02 1.390273008000307911e-03
2.647528514364727234e-02 2.674205860391233980e+00 1.834693070617986806e-03 6.687407573279225120e-04
4.447465612349662568e-03 2.308105870624494571e+00 2.769712950321557426e-02 3.244847271201579345e-03
4.449738390226937526e-03 5.874165542793845951e+00 3.043731219836033532e-03 4.641114516091963439e-04
8.914419345747440909e-03 3.147221031321426388e+00 1.589558146912268405e-03 4.779858100280836696e-04
8.074501700045448246e-03 1.355429604293925561e+00 1.243238979153496460e-02 4.294228306806866999e-03
1.567448122629351223e-02 7.704425483608939196e+00 6.672824142241363596e-03 8.207516372250541793e-04
2.760205197303777433e-03 1.295029209318755870e+00 4.371119972209944193e-03 1.518461456806535987e-03
5.312161798928682031e-03 1.431747206045314025e+00 4.186971018486437476e-03 1.886079815025257927e-03
1.297547569740246411e-02 1.590222722077370976e-01 1.182712491386577304e-03 4.727595319803914488e-03
8.915973508419031135e-02 2.044927955860114943e-01 5.260454737430638600e-03 1.996429513744035419e-02
2.161249107922475626e-02 1.539218231788815061e-01 5.504233790128563314e-02 2.038072622324911889e-02
3.567915165846493718e-03 6.496041324786570037e+00 1.245273131139221744e-02 1.246989039564256382e-03
4.433532666603372252e-02 2.307627641255439455e-01 3.230341684771183969e-02 3.367119099312090857e-02
3.328322349748294006e-03 6.928408777288803666e-01 2.024641062107127801e-03 1.556042502220524601e-03
1.008417902149173935e-02 2.576641337414583011e-01 2.667878273099322933e-02 9.189212478063452094e-03
8.577905076814161187e-03 4.096455472063165182e-01 8.537136358760716304e-03 6.076717335441929151e-03
6.045173555902839252e-02 7.943357981456370176e+00 7.141925862877034938e-03 8.859300797903586159e-04
3.549967867622148138e-02 5.464172462065826075e-01 5.812066872151590985e-02 2.661648824511456818e-02
7.716805326734459125e-02 2.681684476366497649e-01 1.490156335593206512e-03 5.183531421378445928e-03
2.060612612491864032e-02 6.778195691732603834e+00 5.548070774600952389e-03 7.872463206683567947e-04
4.423297936291194221e-02 8.433284221000159064e+00 9.842986170141876379e-02 9.234832019200448633e-03
1.508232867256814949e-02 4.185668190718170756e+00 5.473144355734232969e-03 1.203271599471784177e-03
1.958810314153551155e-02 3.078487081049919638e+00 1.151203664006859168e-02 3.140052322697921717e-03
2.364922087442141926e-02 1.036839925156647801e+00 2.111539657792173980e-03 1.875047880044324218e-03
5.316508337198590402e-03 4.847968967797894324e-01 8.505670062688567776e-03 4.080129100395191340e-03
7.346218462888498210e-03 1.842983144792714967e+00 9.308991158837016944e-02 6.413449167404119099e-03
8.789779299510835572e-03 1.454925430126584374e+00 1.968201000272571180e-03 1.172354414505361259e-03
1.260954655708421308e-02 8.845369656072784581e-01 5.454827779056693922e-03 4.141443376661708628e-03
9.905518113351089241e-03 9.881969195691397978e-01 2.506671389557865032e-02 7.123699174441566924e-03
5.065855753230963029e-03 1.704579159605845273e+00 5.318504378196313616e-03 1.930875678561814243e-03
3.656653023502127314e-02 5.847790806639668881e-01 3.284449813149614098e-03 4.868734689730646291e-03
9.470217099598601460e-03 2.397825885574535465e-01 7.467170662066670121e-03 7.261859717959895377e-03
6.565338725986243074e-02 4.151788159256649124e-01 7.757298236853651420e-03 1.454491178427322513e-02
2.894755851809822922e-02 2.235175093038515026e-01 1.159247479925785496e-03 4.398353261961793215e-03
1.038037794155521887e-02 3.447424622206033962e-01 8.587052875398253418e-03 7.326953173311934880e-03
1.672134344188985419e-02 4.917875721435761349e+00 5.124380109779114179e-02 6.419557942511304460e-03
1.005827601064448150e-03 2.229945186053381434e-01 1.133830929780781267e-02 9.863163256819699933e-04
4.878315519586339487e-03 8.702315326946443719e+00 2.484146959442014996e-03 2.696777742215944549e-04
2.773668803537823052e-02 1.362851020427779059e+00 5.627564078983067312e-03 3.594180178004472044e-03
3.680527117334752435e-02 4.368096567354279314e-01 3.294839320878907574e-03 6.260019609994250771e-03
1.929963654420092239e-02 8.597182260444068191e+00 1.974105452551099329e-02 2.052073132078995488e-03
5.846287304040594275e-03 1.345827255308560122e-01 2.345151227212589201e-02 5.656508771220538148e-03
1.054773626855917690e-02 2.510863877186499948e-01 1.031356112307372803e-03 2.956308146194165654e-03
6.731777156518583237e-03 8.321296735361690011e+00 1.654635719988770863e-03 1.931385600379775878e-04
1.244654673157434728e-03 1.457684267950714596e-01 4.109237606654723290e-02 1.239183421624269824e-03
6.182578419618774829e-02 1.814584227997866894e-01 1.222179923848588402e-02 3.223561032277056509e-02
4.822547762337739755e-03 1.111184172627668776e+00 1.310031642097141211e-03 9.473545792149787922e-04
3.043951167678719903e-03 7.144370763638244526e+00 1.917505754156979608e-03 2.466464077493130970e-04
5.183986744135003766e-02 3.522437515186504497e-01 9.233046480760067135e-03 1.740931897651174995e-02
1.040695975907898665e-03 5.220720880840822531e+00 2.225719634326341068e-02 8.364989950092183288e-04
3.691149482723533187e-02 6.354142758158341842e+00 5.832879777392482000e-03 8.956896428915279594e-04
2.653100360270105665e-02 1.356002820663554931e-01 5.026240107373766003e-02 2.475884944064403459e-02
4.533535439206122855e-03 3.094769294808509041e+00 2.749318033848082224e-02 3.001710541946933826e-03
1.393895661082316740e-03 1.229875306546869940e+00 8.934981636697671842e-03 1.169507172443071726e-03
5.039574274383566699e-02 5.724548945300492742e-01 3.354189814342734693e-02 2.709307085166717116e-02
2.306447319893160236e-02 3.039562503167636098e+00 2.916137659627891440e-03 9.210804543738246005e-04
1.440037105332270945e-02 2.266819647502491264e-01 2.245441062124590992e-02 1.257262831438090735e-02
4.710518584301021973e-03 5.267671963273483193e+00 5.773781983097140552e-02 3.294619439976371241e-03
7.457926993673161253e-03 1.843962844501068732e+00 3.473053292029155015e-03 1.503714765166546839e-03
1.649414149625386822e-02 6.359475584724535446e-01 7.809376629740367309e-03 7.039208264350583014e-03
7.209102021392761739e-02 2.956397227796994986e+00 3.622633000150801696e-02 1.047335077056088699e-02
2.050365657714455989e-03 3.406478685721991084e+00 6.387971978885048641e-02 1.848277372288325334e-03
7.058792306876178480e-02 3.044582998446507371e+00 1.303498453783167102e-02 4.036541084054357485e-03
2.677168345406691005e-02 1.575646104853269669e-01 2.862616662655529092e-03 1.082308927423771515e-02
1.516629449961345508e-02 4.802001287858785439e+00 3.210203578006562766e-03 6.402903849938527264e-04
6.441340097316687954e-03 1.191858866405180462e-01 2.555195670452884218e-02 6.253453070600631207e-03
2.258531259103082819e-02 3.888786830907223768e-01 4.501128845691342029e-02 1.889782461850139997e-02
3.450507925555596368e-03 2.118661882444891731e+00 4.378494442910415077e-03 1.292504846874699583e-03
5.699783820931669798e-03 1.776106460615225202e-01 8.594702948532671749e-03 5.099169162996641975e-03
2.904096761112330560e-02 2.017018847090218947e-01 5.474787938455083665e-03 1.402995457908595353e-02
1.659120877888266028e-03 9.629688249904022612e-01 7.399561997536080460e-03 1.364503200558899116e-03
8.531717672824732854e-03 4.841501390843939712e-01 1.009660269637809200e-02 6.054680596381547229e-03
2.071835399398902142e-03 1.971321814686557150e-01 7.899583600604444603e-03 1.969983046498381338e-03
6.381749710458921310e-02 5.161181725049929225e-01 1.468561866704182033e-02 1.967955925067338407e-02
4.855364225304852066e-03 3.497701653524637244e+00 5.239931717002781209e-02 3.666916736142143002e-03
1.375033165559294687e-03 6.955015204760957026e+00 5.553005879147043106e-03 5.051186867151565658e-04
2.963492351987041373e-03 1.104097690942507370e-01 1.230391114626931681e-02 2.886725520120348842e-03
4.273759768332969361e-02 6.403694158094586975e+00 2.141444012342842360e-02 3.101401585245609945e-03
3.056353296518330223e-03 1.095128866736833351e-01 1.893892433818142665e-02 3.003276009134256321e-03
9.992719435229528366e-03 3.459167138749641990e-01 4.340394854613142429e-03 5.562665885468839368e-03
6.118452787899755774e-03 1.414935739456910646e-01 2.315859067019175946e-02 5.897972901780445046e-03
2.099807881336695353e-02 1.000066142336597796e-01 2.022346152135829842e-02 1.902280482482730795e-02
3.798930302542644858e-03 1.080532907216190386e-01 2.032199461131010618e-02 3.723714453520237787e-03
9.156228437929773978e-02 3.084803963065992694e+00 9.846572289554419988e-02 2.366850669835721815e-02
4.414027794469926880e-02 2.223247504084049364e+00 7.453710634077577446e-02 1.905399303323850740e-02
2.819182905249076332e-02 4.664929350466182179e+00 2.454417758213728318e-03 5.165030678951576743e-04
3.721461817849744391e-02 1.253086817710289402e+00 2.660437198471686873e-02 1.351863843452048332e-02
1.444647819324350498e-02 1.226065746484471808e-01 2.099049508482955101e-02 1.332230688374968879e-02
8.063093474509001879e-03 5.331782168437108060e-01 1.008200928837603774e-02 5.652719480144782933e-03
7.561119642225397341e-02 6.244428614965237934e+00 1.400040597856251449e-03 2.235434949379519346e-04
2.434273497108639314e-02 7.252851125968466928e-01 3.762630937645646684e-02 1.656835329087081102e-02
5.440024548548096604e-03 5.811250797941590607e-01 6.550250403204682659e-02 5.189561733025239987e-03
2.836120297166808482e-02 5.156486500932438988e-01 3.812086302482544341e-03 5.864200889949377181e-03
8.186983340484383850e-03 1.090459810561191789e-01 4.115076288920937325e-02 8.013139862210721942e-03
1.128329552110288658e-03 1.173684098397652503e-01 1.691524577671712354e-02 1.119564430155871619e-03
7.942960996229145310e-02 8.716122984918323269e+00 3.856268082563589581e-03 4.399785716927461974e-04
6.466544257613652050e-03 5.300022965122210827e+00 2.850453672223597287e-02 2.936183036437689433e-03
1.346508202081206536e-02 1.112054590043826341e+00 5.698472983045227425e-02 1.066312680060242830e-02
1.008815882879478655e-03 2.898715627771521475e-01 3.861488111874809923e-03 9.377973308652068482e-04
1.295222372094712851e-03 1.021352108213084142e-01 4.254079974046563739e-02 1.291207145146131821e-03
2.380655641818982954e-02 7.739561120470418443e-01 2.460185347241272344e-03 2.804279480420947615e-03
7.284316509638385194e-03 4.268151619515988315e+00 2.417659108655947475e-03 5.255722562288271931e-04
1.102492796901467266e-02 8.155142050280469457e-01 3.197603093033069780e-03 2.892323740889356839e-03
1.473069178493658033e-03 9.741748722387878479e-01 1.933278762853804164e-02 1.371282155993342518e-03
3.601369092357092992e-03 2.599642727527231578e+00 2.994574062819916650e-03 8.727603769710507147e-04
2.156771969308908521e-02 8.240011838753650508e+00 2.408707315860212847e-02 2.574278982369770756e-03
4.105837001936943863e-03 2.025857466232966253e+00 1.160976382865522467e-03 5.028876311425225067e-04
2.572583347892154829e-02 7.165606623568785416e-01 4.579040018193113182e-03 5.118793746212475446e-03
1.617738733130405157e-02 1.604160938236020462e+00 7.309492021891565716e-02 1.193873758537007494e-02
2.841059816252097109e-02 4.829954159784557999e-01 1.170565266873933256e-03 2.233063108671598171e-03
5.835192264758215508e-02 2.052675554502649824e+00 1.475425813827388986e-03 7.100355402141825516e-04
2.128490592715867255e-02 1.626287100027545007e-01 3.920468617022263881e-03 1.130408351979279684e-02
4.293712114004558100e-02 1.353275985181379426e-01 1.713267499506916647e-02 3.206292316914072238e-02
9.268754090266438997e-03 5.676363413681732029e-01 5.089321378085181341e-02 8.400336957668542992e-03
3.595961124486338201e-02 1.934693151764433905e-01 2.388562474995983495e-02 2.784832748604306255e-02
1.627379370110245554e-02 3.769754671534859103e+00 7.508536624924530556e-02 8.956180695704996433e-03
3.827354791025830167e-03 1.485937964594324479e+00 2.978280747293860289e-03 1.315440183094545136e-03
1.056087298112041821e-02 9.414950041832098604e-01 1.575796379512527708e-03 1.444749228839791464e-03
2.262451288455611526e-02 1.999965222521401242e-01 1.038377493265839899e-03 4.222889544648947974e-03
8.517288366074377004e-03 1.023000276828301969e-01 1.870647405086045198e-02 8.138222460898181243e-03
2.068260437576023569e-02 4.927716369679436825e-01 2.307286226410029673e-02 1.434576027089126508e-02
1.350626532281435678e-03 3.266344952113462874e+00 5.127338682544053776e-03 7.259833688125746963e-04
2.143300479051153673e-03 5.820936130224859895e+00 3.529192160066991352e-02 1.583513912159016440e-03
1.569736278988817166e-02 4.003682918789053802e-01 4.447833578675442628e-03 6.505368516541105983e-03
4.316401876979092736e-03 6.054695743035941602e-01 3.745946164416252139e-02 4.034897487836737115e-03
6.178102788368147053e-02 3.845937767720046363e+00 2.616441916277723045e-02 6.128301974375710386e-03
3.715340332211228714e-03 6.158064632533704064e+00 5.743044698056304700e-03 7.454791501158769323e-04
2.167085118499468416e-02 4.125776378768478692e-01 1.954116193102824629e-03 3.886853132647957298e-03
5.446310573698496908e-03 5.987930741409686064e+00 2.707159197048360916e-02 2.470360283579311513e-03
3.582610485461187703e-03 3.050904497206140542e-01 1.889379387909449195e-03 2.269618844269119615e-03
4.966440415974756467e-02 6.240617583758740761e-01 6.740428191983884217e-03 8.871537829223936564e-03
6.169297847599064522e-03 3.879020702175147717e-01 1.526944638078536103e-03 2.403088998619495095e-03
7.974523584913630059e-02 4.359510933681673417e-01 8.347940017215133707e-03 1.544102753915533276e-02
5.081868136097912603e-02 4.354659796044648701e+00 1.598409744959426249e-03 3.644251183896256123e-04
5.516244704362616158e-02 8.446400650429569668e-01 8.266853564935222956e-03 8.312540464364959886e-03
6.437693732939767099e-02 3.317875364825850215e-01 5.588558611483237376e-02 4.657570682370858195e-02
9.049269576038196719e-03 1.489277683904684235e-01 5.809680548557859259e-02 8.844110324318163116e-03
9.403956214676347652e-03 3.932893018614708414e+00 1.232036958006180356e-02 2.349861601965632686e-03
4.951630457145875935e-02 6.378014264492876118e-01 1.969566977068522642e-02 1.901929186118912415e-02
2.249501658186237041e-02 2.351013584331758666e-01 2.854052220673605408e-02 1.897830355736930194e-02
1.477125475898289015e-03 5.086964925764247525e+00 3.516826089395710953e-02 1.217082436050517932e-03
1.336625175282353658e-03 1.089630450742499201e-01 5.901183877415823106e-03 1.304431468198135853e-03
1.369387614390399572e-03 5.369113226897137992e+00 5.802163314611264062e-03 6.040042614238376548e-04
2.702351018008777167e-03 4.526762865991602047e-01 1.485128215638557153e-02 2.496699539156389900e-03
1.073876171730578886e-02 9.316007128168712015e+00 1.539260496764626156e-03 1.627238101282683772e-04
2.053236311477462696e-03 1.701801061069002363e-01 6.029146366988437887e-03 1.940759347382862727e-03
1.814092758122046048e-03 9.967887888572239952e-01 2.728389924837405084e-02 1.701335097128708722e-03
3.265536655243555467e-03 4.030277667960535659e+00 3.320829556818449130e-02 2.338678205200942894e-03
1.208476671636752285e-03 5.807715368093250952e+00 3.798682049342748911e-03 4.243825686758117394e-04
2.187526377063549535e-02 7.270718892478581497e-01 5.181172399511012328e-03 5.375091574067638288e-03
8.974863632929281493e-03 2.804514688386145593e+00 4.790626095619215756e-03 1.435050767986647147e-03
1.484631486902970778e-03 1.504291616418133581e-01 4.441641383849138751e-03 1.413555939825208692e-03
8.812029550668348463e-03 7.907652755716354509e-01 1.392756870310551476e-03 1.467887699097101791e-03
9.467125518633925582e-03 1.847172330752076264e-01 1.044466449692884897e-03 3.540050046286000087e-03
1.694742255040773693e-02 9.402969373213714288e-01 1.156093029896144769e-03 1.146333844065370146e-03
2.577953773642669907e-03 1.318043880407906432e+00 1.939715843821528465e-02 2.193680442747641870e-03
1.594658088904652837e-03 8.287871872287416730e-01 9.205475393217197808e-03 1.394455759005279591e-03
3.508014491746779678e-02 7.157913795569686988e-01 6.400302242519401164e-02 2.519534850046129329e-02
4.537386193798463585e-02 2.389059625035315548e+00 2.273000975762788645e-02 7.865030667519526050e-03
1.356080865260543512e-03 5.912497231627961147e-01 1.396014356795677661e-02 1.282426396359243308e-03
1.158858572214844325e-03 2.336883617073489683e-01 5.788598699475907584e-03 1.107065987284280547e-03
9.609674119326661046e-02 1.745580235151815707e-01 2.329380594376837064e-03 1.171732540984551409e-02
3.547522175699178298e-02 2.420273964926649424e-01 1.199809849317401596e-03 4.349525222800004927e-03
2.306440129582259038e-02 1.563172559761929259e+00 9.737579923055078232e-03 4.904683806918102608e-03
1.065338325460925273e-02 1.979372660581471266e-01 6.255504674336414238e-03 7.967556862418359587e-03
2.754646897267681079e-03 5.456825665179587670e-01 1.053816260848106437e-02 2.410774227480447750e-03
1.226060577767892944e-03 7.407227632325179556e+00 3.225513701407275741e-03 3.213295992334109651e-04
5.696616694950407817e-02 4.812400696810063216e+00 5.003889443859926844e-02 8.792949517737264076e-03
8.844150237971930631e-03 1.083262629394386334e+00 5.639712088539195790e-03 3.277111910114192863e-03
9.226490717996624347e-02 3.571878740689368836e+00 4.174420856759042918e-03 1.154072259547804817e-03
1.256587688417887261e-02 7.564941808120046574e+00 1.792279821341519024e-03 2.325349283910605955e-04
5.703355377799534248e-02 2.001678566911900548e-01 8.535612623119642750e-02 5.030528012095412255e-02
1.650528555888240885e-03 8.485369228937875263e+00 7.400974414760726032e-03 5.706501814535726736e-04
1.057190032901452999e-03 3.967675703236098195e-01 9.101350103340817913e-03 1.010613362057816069e-03
9.089667406381289616e-02 2.593609015031968834e+00 3.791311892245090211e-03 1.438653797415886818e-03
4.355688467832903414e-03 2.483771151315619097e+00 5.861571523480989254e-02 3.677029708638706370e-03
5.901949354356450517e-03 3.830965470825016705e+00 2.438354073652083780e-03 5.745266885999286048e-04
2.839290666715372710e-02 5.478931349368965975e+00 2.365277379466764265e-02 3.747280637339855339e-03
6.986892796675533979e-02 7.789386306314606268e-01 4.228892919085767282e-03 5.037606492084553689e-03
3.975470725637764331e-03 8.342161042520771508e-01 3.276705046923784892e-02 3.610088338839046677e-03
1.058743687446800233e-03 5.797922860597801709e-01 1.068244059350147157e-02 1.001210532489570006e-03
2.936338035269046506e-03 2.559455437588912252e-01 6.075682309961939059e-02 2.900460261600355631e-03
2.180318877664004073e-03 1.575210930089336658e+00 1.191982824712934297e-03 5.617493953994872995e-04
5.301601693911336781e-03 7.913313402519073669e+00 1.210533830908458106e-03 1.486841458100721612e-04
1.734495974313076793e-03 3.841207129244743057e-01 2.305611660969728981e-03 1.345643490545849266e-03
1.659249825047499948e-03 8.399728438679279208e+00 1.451729783831540383e-03 1.565264719140194031e-04
2.667167194374374037e-03 3.629591515751485975e+00 2.152479112378711396e-02 1.839745642135424313e-03
3.478459485308753839e-03 9.991775018405775199e+00 1.872565901429832161e-02 1.217921548961771938e-03
3.703059756656415513e-02 1.874966030263832129e-01 2.321963926784519159e-03 9.280411662053168059e-03
1.960994461996131647e-03 1.515427356956671745e-01 5.051251290546546896e-02 1.949525045214454272e-03
3.852755245904283289e-03 6.233964531811219345e+00 8.371218676471105236e-02 2.993801063163552441e-03
5.072399166557063285e-03 3.521914196207859948e+00 1.546640223308248102e-02 2.353720780074820395e-03
3.387473458636737489e-02 1.956389616494751404e-01 1.797885003520054191e-03 7.228739874626737005e-03
1.668455852793107597e-02 6.321480430751947210e+00 1.749791581598756675e-03 2.722836644868928185e-04
4.222184158892049871e-02 1.327349276964164271e-01 1.972712343132662204e-03 1.099264464421349785e-02
1.181857638228003566e-03 4.880054344549514589e+00 4.505209387055919903e-03 5.183151429598660456e-04
3.017625387874624948e-02 3.069371599195233058e-01 2.013980270982003093e-02 2.067014016802081952e-02
3.481359905425613233e-03 4.698385317514023995e+00 3.093125513406084093e-03 5.536422029047092250e-04
8.527979132932506784e-03 2.142263588679556019e+00 1.200044970163065099e-02 3.380932915842428492e-03
1.314670860496125124e-02 5.994430549671304398e+00 3.852513570718700282e-03 6.127286709796674362e-04
2.529228867168710222e-03 9.891378930436076189e+00 8.002524747305913774e-03 6.129668068758788819e-04
6.675136491653021163e-03 2.229715194839182180e-01 4.577874255659111075e-02 6.464947162380903396e-03
3.815448719222742924e-02 8.266767302207214119e-01 1.311650774292336639e-02 1.120637648729754139e-02
1.947034104843094887e-02 5.082094058544136539e-01 5.372363995308104129e-02 1.644199594809687276e-02
1.081413833913665804e-03 4.681644177008706720e+00 9.146853615060725196e-02 1.024696742591940917e-03
1.865949703141592253e-03 2.418179619787831136e+00 2.464777976588852348e-03 6.591895132214210026e-04
3.280892847623605862e-02 1.312217215834014850e+00 8.567940125513394400e-02 2.183647264915471523e-02
5.007737155156461416e-03 3.965527946781172819e+00 3.563038686063615783e-03 7.618157513437560880e-04
3.864882484899791887e-02 1.099015513512271003e+00 1.895256096600173501e-03 1.650843176605255522e-03
1.931254219915362917e-03 2.472238209528733410e+00 2.876980851133939272e-03 7.261557141138407900e-04
1.509763357079723766e-03 5.700987137103845193e+00 6.816911505728729011e-03 6.672645127801163150e-04
5.557102449462714838e-03 2.521297129634921586e+00 1.062881060595022818e-03 3.918365289371337373e-04
2.061269961658023300e-02 1.759912790987194497e-01 2.361254582156928350e-02 1.786764755364386378e-02
8.908828568191530517e-02 1.202803135581793859e+00 1.149275355130359531e-03 9.453582330209093013e-04
2.301317768450927663e-03 3.779942091307356700e-01 4.156404392019206334e-02 2.254141337132184453e-03
1.356587986325918753e-02 1.361101803454623782e-01 2.079029638796443293e-03 7.184812460974702476e-03
3.676840724548256258e-03 8.044146164271295252e-01 1.846311349474303665e-03 1.413107925565700506e-03
2.229331330519230062e-02 2.630272311487334425e-01 3.444226015190789917e-03 8.249185658801611379e-03
1.735747595694588216e-03 2.468790457656868942e-01 6.409471685143377714e-03 1.626972662597144870e-03
2.032777951199694552e-02 2.658903966162808330e-01 3.212574247078284206e-03 7.578094708577731708e-03
6.340551418876566592e-02 3.525182233385893982e-01 2.520701587939260836e-03 6.425878393288306754e-03
3.646799071351384397e-02 9.547448425785866055e-01 2.195353066529651294e-03 2.163028136284043078e-03
2.809361959750460505e-02 2.057411475547015201e+00 2.384613270963636348e-03 1.113112867580710050e-03
2.654005873842315861e-03 1.825211905506361476e-01 8.468346461255968349e-02 2.638910591825613643e-03
1.981584417307758264e-02 1.167933796910989308e+00 7.838731419187731919e-02 1.529889596120657946e-02
3.668780716944821524e-02 3.996865890095018803e-01 1.156134162237868607e-03 2.681205705868614300e-03
2.398557982844835498e-02 2.067190257277859988e+00 9.094299700593033373e-03 3.717501591830148049e-03
1.428079142048339955e-03 7.759329784371941097e-01 8.895104579888983218e-03 1.269885186591509715e-03
5.420948764072833735e-03 7.208298013325235232e+00 2.229060085231196389e-03 2.925470836386302991e-04
2.108295247600118841e-03 1.774293488510795047e+00 2.025311714467803101e-02 1.779603842048184696e-03
5.144527127974995485e-03 2.318014096530683688e+00 1.902982051889594945e-03 7.079761589403605736e-04
2.882989865202550267e-02 6.442560677082061815e+00 1.266813481056712487e-02 1.840771503472889842e-03
6.850831860207065582e-02 1.402784543915837623e-01 1.335996721449361942e-03 8.361492869510054118e-03
8.948678504792210997e-02 1.817851501757269672e-01 2.218539833926094773e-02 5.162957382219868913e-02
4.483483117630372369e-03 5.159554024215744494e-01 6.915672828270193195e-02 4.338365738759781924e-03
2.186507528694646776e-02 5.678714901863293640e+00 1.525645432566498372e-02 2.392617826936855024e-03
1.894098393287121582e-02 1.380475148317985290e-01 3.638967560893714703e-02 1.767122957144533213e-02
4.685132841770882871e-03 1.191626500923535392e+00 3.305793801212173616e-02 4.008213200788301837e-03
5.380010011099526854e-03 8.425941168431135608e+00 9.789297199430039079e-03 9.554719516828391428e-04
3.938554260201809244e-03 6.435554459051742171e+00 1.952001182121009112e-03 2.816265824822445024e-04
1.304740416416303546e-03 8.928250075905102001e-01 1.145143553651710097e-02 1.184269787153776569e-03
1.152127375493192931e-03 2.381080280818533845e-01 1.082045292551576075e-03 9.191064562538373830e-04
1.071778327261327206e-02 3.376696486768163696e-01 2.128722175352591381e-03 3.969381943779508662e-03
9.097719856132132840e-03 3.174733986298359678e+00 4.503915434235751351e-03 1.227293872128290770e-03
2.139727530916699615e-03 3.978169323966657789e+00 5.368906893975948502e-03 8.275996491539236921e-04
5.838577555423262247e-03 5.215305180869120871e-01 1.477599915423638381e-03 1.907550695124676831e-03
1.675349841382242112e-03 3.918656383468205884e-01 1.080026623903766227e-02 1.579346645067422356e-03
2.851633853451131240e-02 1.846250572330657924e+00 1.126573875521545308e-03 5.974120609787347217e-04
1.153831142144212327e-02 4.248946252628559073e+00 8.665405225780629939e-02 7.369129745620837078e-03
2.128520411013762326e-02 8.047740063116863851e-01 8.010534596058019319e-02 1.753541881090285234e-02
7.774667859868657216e-02 1.845077449949479531e+00 1.608387173511846568e-03 8.620523946237704889e-04
3.526528719434330814e-03 7.794913109954149100e+00 3.507767150556530267e-02 1.977130039984860595e-03
1.380948461683304115e-03 1.883070186372199917e+00 1.737381992251405471e-03 5.530988741565364590e-04
1.093433248317869297e-02 3.202001385535172773e+00 2.463420571542236648e-02 4.515957580554764983e-03
4.993397680274662236e-03 8.670344148972998211e-01 1.248263169964405894e-02 3.707497622874577139e-03
2.176701599560351523e-03 1.618277014087213250e-01 2.445848443882540912e-02 2.145797860566227722e-03
8.157633318860307847e-02 5.524128853574874931e+00 7.922782329363099035e-03 1.409434273527684868e-03
7.071298103738299368e-02 5.630281845780299443e-01 1.688403329547712899e-03 2.876791348656205973e-03
1.841438485277570010e-03 2.782871465413117584e-01 6.709560737823152231e-03 1.710776416730094883e-03
2.185435298156500339e-02 7.441650394764119270e+00 1.689797797415449124e-02 2.057001535883422414e-03
5.289275318810751636e-03 3.380986777734215076e-01 1.295290675947774039e-03 2.221811001167418344e-03
4.076508426655788345e-03 3.164790101635673314e-01 1.694998242595439908e-02 3.788175589766571479e-03
3.711318796170787887e-02 5.480725015944070133e-01 6.034682761622184310e-02 2.775723496779954405e-02
5.984404260328537312e-02 2.674141439391973130e+00 2.581145088707924220e-03 9.499028753168041461e-04
5.181604047460678861e-03 1.151211381246846494e-01 3.028647268968392894e-03 4.328982290366069179e-03
9.881965978532188805e-03 2.315612590729583697e+00 2.551814278377732836e-02 5.210009952269216427e-03
7.340797679810903698e-02 1.593665732317207928e-01 2.937790172290737079e-02 5.250113587114228070e-02
6.498670374778311477e-03 2.100466627070554537e+00 1.706165695696001267e-02 3.610264904526350703e-03
6.355336510691837748e-02 1.135314694471482033e-01 8.157320313824401384e-03 3.372391381206102379e-02
1.355071926177152386e-02 7.888689809558880883e-01 7.053077614136027233e-03 5.386645203302556882e-03
2.582028185270958398e-02 1.145761558170767802e-01 1.901335963491192303e-03 1.010201904674299343e-02
4.224156899379936242e-02 7.142516352666289370e-01 3.624837480459141333e-03 4.530685930131708207e-03
1.192037953613150035e-02 9.573059678486736113e-01 1.175019299746782667e-02 6.047358442229489213e-03
2.353725253517311225e-02 1.024998511752255870e-01 8.036429836725082765e-02 2.285124986903542751e-02
6.605138829909982731e-03 1.097591144385575146e-01 5.292016990547093735e-02 6.515875295522708700e-03
3.344540301536050309e-02 1.845359163690413196e+00 1.126912531182634866e-03 5.997235719439766941e-04
2.655065208326099716e-03 1.433399492644761519e+00 2.039642945803409047e-03 9.264334078560015201e-04
1.098116328224964591e-02 2.997157186537715012e-01 4.419690234025224970e-03 6.294107056664799763e-03
3.763007614999336684e-03 4.311559067770229792e-01 8.516866055583450709e-03 3.160869421416980050e-03
5.730654280161759373e-02 7.652911103980285512e-01 1.282210842055825362e-02 1.296423418394595205e-02
1.183709316932334997e-03 2.045349891819054911e-01 5.668131910974721910e-02 1.178674697012303775e-03
1.014366189908397654e-03 2.328928124479640038e-01 1.996395980719303277e-03 9.070344993746276173e-04
2.131969612964760164e-03 1.021597088884373117e-01 1.703709021098247928e-02 2.105058638010774349e-03
2.688916828237244809e-03 2.266932112553437850e+00 2.754172237289017125e-02 2.201644285666502169e-03
3.416587494094897818e-03 7.641265906119444340e-01 1.487765424494295365e-02 2.906550905985768544e-03
2.944597688966187760e-02 2.399030033246895233e+00 7.349786637082586505e-02 1.501471999754407441e-02
3.329324290452284618e-02 2.535449499724599653e-01 8.356997892253635249e-03 1.656304739536629961e-02
1.124682430101412714e-03 1.042456092816858443e-01 1.419455259977814646e-02 1.115468955097618066e-03
1.018649248338962532e-02 5.566298454604037715e+00 8.302435751521369811e-03 1.301048533207730534e-03
2.351196766604476355e-03 8.365048889010858746e-01 5.168667717021179636e-02 2.265008397541123930e-03
3.843866559069965272e-02 4.042724545295980576e+00 2.406651751218475549e-02 5.154725354854145826e-03
1.190752909373835782e-03 1.645744684103382482e+00 1.162978605629012277e-03 4.434753940222060627e-04
6.107666518712870363e-02 8.427340288311844230e-01 4.800496932346714173e-03 5.210388179351396407e-03
3.506848198614059831e-02 4.851177919004533656e+00 1.557182070435915097e-02 2.940732551397517210e-03
3.094671231067009851e-02 7.488044871994302021e+00 4.256285698294386827e-02 4.802089000258105873e-03
6.977911339906082283e-03 4.736647798773054419e+00 1.000518466245385249e-02 1.621458546489855639e-03
3.566497857051726100e-03 3.607941838619246333e+00 5.285416861282731145e-03 1.038411781896165587e-03
2.710557741251723787e-03 3.405800688254750352e-01 1.464491168174913288e-03 1.662547987334120824e-03
6.476948149212920225e-02 8.822213537082738144e-01 1.180810305662440170e-02 1.109230520216439135e-02
9.133701030425794842e-03 1.907812434533765700e+00 3.214904236559391199e-03 1.422652995111424847e-03
4.549034399397224905e-03 7.172727757144214955e-01 1.975430678232594287e-02 3.904167333427987965e-03
2.390292417183181254e-03 2.479642146015786086e-01 1.786642795010781560e-03 1.794859573224680607e-03
2.934086870379321380e-02 2.689521404303251817e+00 1.603812643410101706e-03 5.844408933736213721e-04
6.021541497381283081e-02 3.524135811058771051e+00 2.259520230183289201e-03 6.344009202641417164e-04
1.956827763221101295e-03 7.034846666201133303e-01 3.114699295954447347e-02 1.874002782404116151e-03
8.218446924633172890e-02 2.140569546789712341e+00 3.204137826115532883e-02 1.266236924363564956e-02
4.879670933531936663e-03 7.203776784868256566e-01 8.473466646073093966e-02 4.685301829603135543e-03
3.556543356471675646e-03 4.717953292162435197e+00 1.652908828796148923e-03 3.189278374624355985e-04
1.053751605171862615e-02 1.628375256139254601e+00 4.898484043974178290e-03 2.340148268929773644e-03
4.225415184756844099e-03 1.699174444282563812e+00 5.666744651213437983e-02 3.750260370753171271e-03
9.072505282016920039e-03 2.792352682640694139e-01 6.914071227636589545e-02 8.751832109525212872e-03
1.370852413170544097e-03 1.397872647631549503e-01 1.052932142413198551e-03 1.159779151179401785e-03
6.978749566713181307e-02 6.297643824942617208e+00 7.634294894301862401e-03 1.191548381427660463e-03
5.377942540370831553e-02 8.498830228491110361e+00 1.277554025140651209e-02 1.462337198314552899e-03
2.125748946769254535e-02 1.973869715219518595e+00 5.926074362522042692e-03 2.630717630502067955e-03
7.900392201649970164e-03 5.294897480762068120e+00 6.135687346485057571e-03 1.010567213984617328e-03
2.853486358344109811e-02 2.201805464591519712e+00 1.351323549355772655e-03 6.008119077355215465e-04
1.164051031250592193e-02 2.523599964617437852e+00 2.759835693041857996e-02 5.638659638924513849e-03
1.724009181679174094e-02 1.915769087859180708e-01 5.340153158905342617e-02 1.623592457875013342e-02
3.429135440686089005e-03 5.706907627707154873e+00 1.979560879509037821e-02 1.724404651638979016e-03
2.023539322955889876e-03 8.846562068587614291e+00 5.083151451405035909e-02 1.496511820367908653e-03
6.469366022711069142e-02 3.012735018345504834e-01 2.658972197663264994e-03 7.766268852574718939e-03
5.900719019418114442e-02 4.647481694503984295e-01 7.011964424557397269e-02 4.241778251918847803e-02
9.142233636159688426e-02 1.678029142640128146e+00 1.217774716319226184e-03 7.200018350343077118e-04
8.054408066699292323e-02 2.855106504625062880e-01 5.763128867195469601e-02 5.757167500976595464e-02
1.710974557483071730e-03 6.996106323852953501e+00 1.161492414999910601e-03 1.513354085107618122e-04
9.666522328915112469e-03 1.727878969034823964e-01 1.700869632183197103e-02 8.802149166823690710e-03
7.908388181766211333e-02 1.149330490466594773e-01 9.671071270298180200e-02 7.228973459887901021e-02
2.909950285730335956e-02 1.699494739600697635e-01 1.569519372121150683e-02 2.212733511841117467e-02
8.950333005739660036e-03 2.888368229446709012e+00 1.750704173243254223e-03 5.676786644806710701e-04
3.799966196498036266e-03 9.301137762834033040e-01 3.931898811979316760e-02 3.486557985790123080e-03
2.062736567740482835e-02 1.584183818887971995e-01 4.303018111503960352e-02 1.917146587350152670e-02
1.564342652793927453e-03 3.926574500273869894e+00 5.035329070108566368e-02 1.394259435301037960e-03
2.425094980853285780e-03 4.485687935318695141e-01 8.933644152985431575e-02 2.395920604408349926e-03
2.182509494403691436e-02 9.816843570425831444e+00 1.420469970353066070e-03 1.437442163044498405e-04
6.931228806122654955e-03 1.832425650762121994e-01 2.680905221805073794e-03 4.703103282455523525e-03
1.210197496185464339e-03 5.290173429445683695e-01 3.183835539546323729e-02 1.186342162317770722e-03
1.093512410197738233e-02 2.888705874380748662e-01 1.115077856057664941e-02 8.521204343930168304e-03
2.553132473174201875e-02 1.394128317629431901e+00 7.958749210095834858e-02 1.764150713392272779e-02
1.177689678700384514e-03 8.116905999784121306e+00 4.302682495547667518e-03 3.655510769496100789e-04
1.055655265897744235e-02 1.152777602057667217e+00 4.583966046456857540e-03 2.888434580584880139e-03
4.503048911585919023e-02 5.957817073569563471e-01 1.111990538575601635e-03 1.792157567676522494e-03
5.108563237125864076e-03 2.555627095723365994e+00 9.828769747495198772e-02 4.509557447144027509e-03
1.075047661585396041e-03 4.131163569364236565e+00 4.330052985653807737e-03 5.307126070259043926e-04
4.705051567434481025e-02 8.312297191312453259e-01 3.788411964168608009e-02 2.315075886394020455e-02
3.861390512126636199e-02 2.118441609065673525e-01 8.070864910351702171e-02 3.506039951070319405e-02
4.160479295816131920e-03 3.100859096992586994e-01 1.037119772121884026e-02 3.700199771547597882e-03
2.083140590744744086e-02 5.143165982187429819e-01 1.219431230726868674e-02 1.108878539376297739e-02
6.359775551118870829e-02 3.319144148183922338e-01 3.093530097269370574e-02 3.780270317639103372e-02
9.082493623281890152e-03 4.066464246990182829e+00 5.501907358557997854e-03 1.177575094479528951e-03
7.291622595479633692e-03 2.586625242736346753e+00 5.303529365373465393e-02 5.378788892814249413e-03
8.911925236117622384e-02 2.077615282094676386e-01 1.288740747067653597e-02 3.657349930386823850e-02
4.522236340331083418e-03 4.744268920752383600e+00 3.602298811922696048e-02 2.834220655138584150e-03
9.856004592784768648e-02 8.962588748317033005e-01 4.486398297394329597e-03 4.763751954206731087e-03
2.067011771061350381e-02 8.864291076087514876e-01 1.363286271309140964e-03 1.431446667257476116e-03
1.817741197834409766e-02 4.886783520354261445e-01 4.927271580549021611e-03 6.485436824227809073e-03
6.819974731805824621e-03 1.375304148652445602e-01 2.502697449571228243e-03 4.960785433986454954e-03
1.625399029567494574e-02 2.546350861008716215e+00 3.927855694117425578e-02 7.914437420840919266e-03
5.026473971746079489e-02 7.105644045747130377e+00 9.506186787061809626e-03 1.303151635445974274e-03
2.630129595660036027e-02 7.303716604709014071e+00 5.098302546991724353e-03 6.799950012571139577e-04
1.025385631839991971e-03 7.384099999334455822e-01 8.125264385437473702e-03 9.379797316616805955e-04
5.096303403589807351e-02 1.503479024479977610e+00 1.477123996222068532e-02 8.236806338914343800e-03
7.731017072803880730e-03 1.138998331671271069e+00 4.311960865922826597e-02 6.419970944880713272e-03
2.122073258842894009e-02 3.588671209715825317e+00 2.955015817489550431e-02 5.932355345021004221e-03
2.294215323691021699e-02 2.347427052751845267e+00 1.776893605131393437e-03 7.327764687116906407e-04
4.195986111754936541e-03 4.446175220488929325e-01 2.676040817386569209e-03 2.472368122902878808e-03
3.118779489760037989e-03 2.742193453845797269e+00 9.973246194863382222e-03 1.678998335111363477e-03
1.489672818553353442e-02 1.827577817758683221e+00 1.370923094338000105e-03 7.141688915543908034e-04
2.747989214712834305e-02 1.421965255816223017e+00 5.571892943678475804e-03 3.429431644761925420e-03
1.135496682811104694e-03 8.350636472261928622e-01 8.277180871789599492e-02 1.122636060311282867e-03
1.474233699912729911e-03 7.332377508266720412e+00 1.299412229733300748e-02 8.047624717098393653e-04
1.207932203198060390e-02 2.061276619200561044e-01 1.002492437791206075e-03 3.467390966118452048e-03
7.062111960635488080e-03 1.930078866924122449e+00 4.442748989254896586e-02 5.404118711856899238e-03
2.479247728735332890e-02 1.263475707820717886e-01 2.242959368141895019e-02 2.175431586933318159e-02
3.528326011140606872e-02 1.197434418461587047e-01 7.350856132051473285e-03 2.240555969343061699e-02
4.395923290770981096e-02 2.061246750949376150e+00 1.305166182699130442e-02 5.534702611169290375e-03
9.070615556195529491e-03 4.201326139610950250e+00 6.656984061215075882e-03 1.348869343342262760e-03
1.000074332715411227e-02 3.012769375287036588e-01 4.748523386378665501e-02 9.404045689538396632e-03
5.705545577565539900e-03 1.352516195398183241e+00 1.444913661243738164e-02 3.719222416255631852e-03
5.654461380521624836e-02 1.891829274185503618e+00 9.629240061429560071e-03 4.669574109625491097e-03
1.122722593943927503e-03 8.266355153053067895e+00 5.459279218251139425e-03 4.158217998215263129e-04
1.503605761244202746e-03 7.655075130877371237e-01 1.692457521712427675e-03 8.949560923967789499e-04
1.192567801995793667e-02 5.283476623966508079e+00 1.345381186842612049e-02 2.098350014077560860e-03
7.850902362791560563e-02 3.237319082439741869e-01 7.292437801104852298e-03 1.750387300697354986e-02
1.301359167127294145e-02 1.706659388535780364e+00 1.733022892683581256e-02 5.703807234343228824e-03
1.840784601480191865e-02 5.366370503378921519e+00 3.336591821089932887e-03 6.014445785167590441e-04
2.076751968483019073e-02 2.552671018438006811e+00 7.808932811490257135e-03 2.666359046425082185e-03
1.755157490971692149e-03 1.201727639868941155e+00 5.794338969731627903e-02 1.693511286898109411e-03
3.872552738775161298e-03 3.019090999303594147e-01 2.900860415259565173e-02 3.722520758728135003e-03
1.486884164165141499e-02 1.568661148739600719e-01 1.204403288925788400e-03 5.063327560103338121e-03
1.372128564359472369e-03 4.449141674435296068e+00 5.008337950032093651e-03 6.183750321804847320e-04
1.471111704030429648e-03 1.125625145829632023e+00 1.202579200398386748e-02 1.293060615521983816e-03
2.494101397234932752e-03 1.254012915685591034e+00 6.853439396111934284e-03 1.712558334902791355e-03
9.839303116261218299e-03 4.947305078042096405e+00 5.829066020191856629e-02 5.361750719658643638e-03
5.120206647626437957e-02 7.560875961606893014e+00 1.189414970270752034e-02 1.526226592873382000e-03
1.335481451047712759e-03 1.592115283987883545e-01 4.057886313618321722e-02 1.328520305841472075e-03
1.146071938277642890e-03 4.870709940972430374e+00 7.502509481100941291e-02 1.066704609262656084e-03
4.656331017161702973e-02 3.706571455976350182e-01 9.416696753323793023e-02 3.935101380826552114e-02
2.537821437008690520e-02 4.510493844006774888e-01 1.564702330498060623e-02 1.465622246445208963e-02
1.817219083522388784e-03 1.330230392296367858e+00 5.271184469859841078e-03 1.245872585652812352e-03
5.404987353350921425e-03 1.268235775770436002e-01 1.209141717290581480e-03 3.449446508021881182e-03
1.443316477452134816e-02 1.487953164199325717e-01 1.601897046714323728e-03 6.166299621082040050e-03
7.119243123680295271e-02 7.693118554348665761e+00 5.142235406770618265e-03 6.622027735206861701e-04
4.145457565356506363e-03 4.567737321656654137e-01 2.672046695659207813e-02 3.871131263402328038e-03
1.334769295903508700e-02 3.617235582263331306e+00 4.925365744355780263e-03 1.235591684588538495e-03
2.779904318127495236e-02 4.304733517347147376e-01 1.357565961379668396e-03 2.832343705869949917e-03
3.407140160965181630e-02 1.985660315820190203e+00 4.109080578754952147e-03 1.950887345619099203e-03
1.436450341732183576e-02 5.496867403814064801e+00 1.949587172234084004e-03 3.461262376406026571e-04
1.464403046798880932e-03 5.049845322059138830e+00 1.837616963195099883e-03 2.914676633464103055e-04
1.568479367537815297e-03 5.026167229577763074e+00 3.626572346158350030e-02 1.288405828267849985e-03
9.005666313175442195e-02 2.842526145504303270e-01 5.300398493067483979e-03 1.544815324470893807e-02
4.812335060913287485e-03 1.094058256316944311e-01 5.865097123562733501e-03 4.415926576606912096e-03
9.518295508680250927e-02 1.537657783556117541e-01 9.500342178978937735e-03 3.746529146938127469e-02
4.376905974756865186e-02 8.073934794801311821e-01 5.517001699450167079e-02 2.667959238061419838e-02
3.371301450137620392e-02 8.471027070710658080e+00 7.948417461048821672e-03 9.128982912407779000e-04
1.696578789263095480e-02 1.254905272051115794e+00 3.729462387738276263e-02 1.080023569681659752e-02
1.650518993038427654e-02 6.233900585387444515e+00 7.069508954041266169e-02 6.721915847275843417e-03
3.543127396696790082e-02 2.334353683820943604e-01 4.384364221151350327e-02 2.980810462224089963e-02
2.787919974912684250e-03 8.193565543790819916e+00 3.937602238008200070e-03 4.099130320860921691e-04
2.939568645255683562e-03 1.079898772413054653e+00 9.271288046368060531e-02 2.842251559948902415e-03
1.858508470988125966e-02 7.103543421624107790e-01 9.202538528138447249e-02 1.625337023703087719e-02
3.324848514696092383e-02 2.507105405408733390e+00 9.953990968777480519e-02 1.809512773054101908e-02
6.531120025473816093e-02 5.404628419251128468e-01 1.752666494726802526e-02 2.166945166726979427e-02
2.189773772632265178e-02 4.045996779702751289e-01 1.129142830570241353e-03 2.475299972522062263e-03
8.698026396936765769e-02 1.799910147044613273e+00 2.445816202312979526e-02 1.175250384800559725e-02
1.644288491374698916e-02 1.109528890706776016e-01 3.293221015577643684e-02 1.557979226654913202e-02
2.051087826593573152e-02 2.395860734881130938e+00 1.022101351937380583e-03 4.179189277580668016e-04
9.237101527435470638e-02 1.504823151037717688e+00 2.681693418033040659e-03 1.748335773868926789e-03
7.409308677746984269e-03 9.137505899631221951e-01 3.613093068081995457e-02 6.240041660497955799e-03
2.597118010933018202e-03 4.431206959683707813e-01 1.244950311931165669e-02 2.377354471400637635e-03
3.166426722833437599e-03 1.356435543594260773e+00 1.328884478694416713e-02 2.392993405489052868e-03
2.147331303848151740e-02 3.446186970441593722e+00 7.472878761268945957e-02 1.078919104484583891e-02
5.578976158827472082e-02 1.192698237042416065e-01 1.835141742742467733e-02 4.094391832587478824e-02
1.393130699078345145e-03 1.030326698908885369e-01 7.620914852587915012e-02 1.390511705965957225e-03
2.243302710229056959e-02 6.438874822426836619e-01 1.504388134185545220e-02 1.144456062098235874e-02
7.290253940599107640e-02 1.481617048096712574e+00 6.789352440440894754e-02 2.813762707053716478e-02
4.853183333041134057e-02 5.233699783842262754e-01 5.732957535941990770e-03 8.936831807856069482e-03
3.165431761550075579e-02 9.853056522594201283e+00 4.065126781215028066e-03 4.072669761397878022e-04
1.741740321257575098e-03 8.363054219094614439e-01 9.436673373282543353e-03 1.508838840326933231e-03
1.117376797828039878e-02 7.284700354107442877e-01 3.061218851083122479e-03 3.053783461576335331e-03
1.471802283709171613e-02 2.599247539674620189e+00 2.218788868561348895e-03 8.068321022495495961e-04
1.494390259539560284e-02 6.858288521603819188e-01 6.991374503940163757e-03 6.060115725386799705e-03
1.639422453777477804e-03 1.220895764873162870e+00 2.466795058449903003e-02 1.516382761820498108e-03
1.327547152661019128e-03 5.174634914618378545e+00 5.083477585253630415e-02 1.169505672096567573e-03
3.874182246765094789e-02 3.062637516573226693e-01 4.716828229241224260e-03 1.102026508304192881e-02
4.871289339900444597e-03 7.145515672980542465e-01 3.406103110450366903e-03 2.409231520212035734e-03
6.513051665961051666e-03 1.272329102511604804e+00 1.131718226929934786e-03 7.826052896572527383e-04
4.322176802729585550e-03 3.903443115444691358e+00 1.201618014147195698e-02 1.797869757090810082e-03
4.395535623706596680e-03 7.895276539489634260e+00 1.575982666221508377e-03 1.909398325663840489e-04
8.424499487204337861e-03 4.816698768548658416e-01 9.992319575381226893e-02 8.095735971706957690e-03
1.762801544875327187e-03 8.246498235365313789e+00 5.349071214993351281e-02 1.386105609575163456e-03
5.601015833952811829e-02 1.555551640578276829e-01 3.224458094276983280e-03 1.512946971279485568e-02
3.295442520981514689e-02 1.074856216961728617e+00 3.677996053641687229e-03 3.099962269996855112e-03
9.638054442645280218e-02 9.191777050327720744e+00 2.035247249357148916e-02 2.164478544333607330e-03
7.442371215900510373e-02 2.447590320380251538e-01 5.396298511979589693e-03 1.700870757371022654e-02
2.526183612470717359e-03 3.733512862783733843e-01 8.771850404771182330e-02 2.499310892243102999e-03
2.938330522357457918e-03 5.259937531747284067e-01 1.508783572181349349e-02 2.665306167062696241e-03
6.178243096227817310e-02 1.815521197560637567e+00 1.295212474073881726e-03 7.052670024059072692e-04
1.736856083333137213e-03 8.356391690452613652e-01 8.444637572119615201e-03 1.482122748810150818e-03
1.288604452237191974e-03 2.862556870085085081e-01 1.685234955476561450e-02 1.261003156776478425e-03
1.713426596350199789e-03 4.827818888501180239e-01 1.177231602648779992e-03 1.006314476009450296e-03
6.931372318432228730e-02 1.286354641726763781e-01 1.087346196798077719e-03 7.534127352609738988e-03
2.289636752470270223e-02 3.019522021365105058e+00 6.371492219115178213e-02 1.098102525308097648e-02
1.478459292688309897e-03 2.667417192667790871e-01 1.360999435202556824e-03 1.146303405084980092e-03
4.236007652595370071e-03 1.044268404273163836e-01 5.084387119750381594e-03 3.896963253167616461e-03
1.215201940480034951e-03 2.214405253069326118e+00 1.877064973651869102e-03 4.993445141900972745e-04
6.917842440807366738e-03 3.629789305539743438e-01 1.595183033655153335e-03 2.687445092687396064e-03
3.491562304037152797e-03 1.043231595122876998e+00 9.859708885272394641e-02 3.367167799429518146e-03
4.414850622485793491e-02 7.830284780101127495e+00 8.959054679869585258e-03 1.115251486205949029e-03
1.381648663851735813e-03 3.059488546267761233e-01 2.442257687144746767e-02 1.358141513129648573e-03
1.457642241315172671e-02 4.262984718668182404e-01 1.104430407280495999e-03 2.199768079333912652e-03
1.814671774074314708e-02 4.150956081557452215e+00 5.363799156071617259e-03 1.206287223986242428e-03
3.582264329714974441e-03 9.803012562701755028e-01 1.330948874623395176e-03 9.845463818459261780e-04
2.456927633631645139e-02 1.699961076873083066e+00 1.847132978429893557e-03 1.040555241714051201e-03
1.065113827068948828e-03 2.757965489982095453e-01 2.223847476501810382e-03 9.408359676041727843e-04
6.747707667405416880e-03 1.280463141322738529e-01 2.701417280019432349e-02 6.538578312879624738e-03
5.831091848137396477e-02 9.523054929754229958e-01 4.936468407489539439e-02 2.744186098647588556e-02
3.767284368974402331e-03 2.319525806313464500e+00 5.738765690128913577e-02 3.269451050984388627e-03
2.351890452635450532e-03 2.972779668418028542e+00 4.074196508070248614e-03 8.659131524025800867e-04
1.768133706632887825e-02 6.932316309658322240e+00 9.642415989391543707e-02 7.785082789618969629e-03
2.820777515671576627e-03 3.290242215529104453e-01 8.144239904125353743e-03 2.532210939844231536e-03
1.962820288230983454e-03 1.749821367626291035e+00 8.866408246541832017e-02 1.889621912178292285e-03
1.079048650597047576e-02 2.247720257181413939e-01 1.843301140871224722e-03 4.659524691885340644e-03
4.582027326642173180e-03 1.228877898402306545e+00 4.241573334441350873e-02 4.045041950917601693e-03
6.888344691759888325e-03 8.103011020487288718e+00 6.676508851276408141e-02 3.751799722689284390e-03
2.660276907410380389e-03 4.022892350434804642e-01 3.014293211361873323e-02 2.569064327596378653e-03
1.159299393580423207e-02 1.039839551563610076e+00 6.313006690740309915e-03 3.984495039829651086e-03
2.086787500568399768e-03 6.168950216411801524e-01 2.360964650019996280e-02 1.978887578718919928e-03
5.603566134884207031e-03 6.920314039641836112e-01 3.218325606021479705e-03 2.541385288139702808e-03
1.142873531562001166e-02 7.989834217548935635e-01 1.365057506285221288e-02 6.847914369678332301e-03
1.969077143917542880e-03 6.315484038206289341e+00 7.554277332077943830e-02 1.690749845134333681e-03
2.060189515041135639e-03 7.406630825995001111e+00 3.371090445083994858e-02 1.418233567778259818e-03
9.487336995378604920e-02 1.194059887255416591e-01 6.690003744412941801e-03 3.522517861743955370e-02
6.134086805103081824e-02 5.590244175703848128e+00 5.975387627294858825e-03 1.050588602653860278e-03
2.105583159889527073e-02 6.219422124861066159e+00 2.606307927823222487e-02 3.495007989621737483e-03
3.182592778862623761e-02 5.680064584918950166e-01 3.052891033551996969e-03 4.598204523560319064e-03
1.259926385380001623e-02 8.879573573706766254e+00 1.594405378671750551e-03 1.770357477004032482e-04
6.542561252309385747e-03 1.353076232430188708e-01 5.394383541954496028e-03 5.620238382221727849e-03
3.308406036126560618e-02 2.595748019896422232e+00 3.372272543764991137e-02 9.328419709219328351e-03
1.796657757972066824e-02 1.134979598732544170e+00 3.437176202357175407e-03 2.591573976497990334e-03
7.202357215693973302e-02 9.032923978646387297e+00 3.088889945888466122e-03 3.403431255060628490e-04
2.552645843978321172e-02 1.722350486636178291e-01 2.254452160148770479e-02 2.136076043602143718e-02
7.224814116056294325e-03 9.560894741736465363e-01 1.085768325558268514e-02 4.415627952797745309e-03
1.150176752303703337e-02 1.128276675193763845e+00 2.670939791657124616e-03 1.963209431852922827e-03
3.344372781443194498e-02 3.348808613746226404e-01 7.995147758482430700e-03 1.393019861661444828e-02
3.463071534191094428e-03 3.693242247388705657e+00 6.771866166607853899e-02 2.912912413494115390e-03
3.660896476214574573e-03 1.027431474279938695e-01 2.439785812181414354e-02 3.605314779374110476e-03
1.334834871129077054e-02 6.166082468848075315e-01 5.385932160929228669e-03 5.279814402738152584e-03
1.479142529644006301e-03 1.292653057345995782e+00 2.290859771033516238e-03 8.062352060006024081e-04
1.512194269787364188e-02 8.531014156610844168e+00 6.768355369800264920e-02 5.203679430748837757e-03
8.162375036469680933e-03 1.629278960790673914e+00 3.205222375315602834e-02 5.768830130330008903e-03
6.171154510056254400e-02 1.186930447375956765e+00 2.000786035700216625e-02 1.324018762467930183e-02
6.667265022888282759e-03 2.439534495293292637e-01 6.360760784811526555e-03 5.309563168576264709e-03
2.947479891277467526e-02 4.609292374055686814e-01 5.197437802513150962e-02 2.336684351444278177e-02
3.734064767528626205e-02 8.129437172849904414e+00 5.262406043667592487e-02 5.516880942942497569e-03
4.213204335861977894e-03 8.976007862729056264e-01 9.484674315564822766e-02 4.051654783555007355e-03
8.409598504678870642e-03 3.837605532428952415e+00 5.391681978045500222e-03 1.203839068612420817e-03
9.578586379308315357e-02 1.394622071062138757e-01 1.052053599723475931e-02 4.220096203468558238e-02
5.049289131129279518e-03 7.250001917757955106e+00 2.284010226157063075e-03 2.965344024598449545e-04
3.787490722263529841e-02 2.290747634313053394e-01 8.712372936735100423e-03 1.897686455943002615e-02
1.790093062926878531e-02 1.229874920117638437e-01 9.587568134603019487e-02 1.749909930615805090e-02
1.215908774598525215e-03 1.415810710887226154e-01 4.026442840423712262e-03 1.166054379375420537e-03
3.571874491753922881e-02 1.154254461966967710e-01 7.812664641255723241e-02 3.392830115645184552e-02
1.929211046296859522e-02 2.950215101268188755e-01 1.967633373808926403e-03 4.956091580945923454e-03
5.726684616805643134e-03 5.993295897863347932e+00 3.452311870252613990e-02 2.871718921416318779e-03
8.622146490321747417e-03 4.797175253959006236e-01 1.856222130739286621e-03 2.670812023548567015e-03
1.028632088834796534e-03 1.405587913170764369e-01 1.204229470156867885e-03 9.183699311247202303e-04
9.318048626490234299e-02 6.267641623030653086e+00 1.467912272476880721e-03 2.336176955413603838e-04
3.612121624387854175e-03 8.047861124525594434e+00 6.968794774864850612e-03 6.984761004681735606e-04
8.092387180886872686e-03 3.782744147373387489e-01 1.486586209290042225e-02 6.710563813888737773e-03
5.026116282867767147e-03 3.796572041567553679e+00 1.182161488104311632e-02 1.922648438670616650e-03
1.090719510434191852e-03 2.184464889747510963e+00 8.555580030490672616e-03 8.531314361257789653e-04
1.563639453974031241e-03 1.253101581019252231e-01 4.821515051912850930e-03 1.502576749477343076e-03
1.571486852537903314e-03 2.380327996154946835e+00 1.991427368037568344e-03 5.459625646343590046e-04
6.634755911734826518e-03 1.938791308882444664e+00 7.129728405870155994e-02 5.620677187846015790e-03
5.282138360115457010e-02 5.834729645809183518e-01 1.655699849755771667e-03 2.692990857051516702e-03
3.926154655039226261e-03 8.853425757562209952e+00 1.728724595752952412e-02 1.304055688123065835e-03
7.751706616772902417e-03 1.108808003707842715e+00 2.864186808849275914e-02 5.962435874409439257e-03
1.689254776567318973e-03 5.394659576043759230e+00 2.424871307901611123e-02 1.227823949458732187e-03
7.882869036429725196e-02 1.441500443169039525e-01 2.310330916377772038e-03 1.331923004077122455e-02
6.827589601274123600e-03 4.139272018243662088e-01 5.771535947105575076e-02 6.508872242200419191e-03
5.694450863716934985e-03 3.385657369201452216e+00 6.601848884843741772e-02 4.407363224904813602e-03
2.274586432615794632e-03 2.154185768773943244e-01 5.295543262065750129e-02 2.253733000603902296e-03
8.601690469329702216e-02 1.126238784893040107e-01 2.180246536168825317e-03 1.580225450027057665e-02
4.009982570498153535e-03 3.936661871011488123e-01 1.818731642865439565e-03 2.146712378118228841e-03
3.498881396359412171e-02 1.135667502097256865e+00 2.414657968210994626e-03 2.004398177802497235e-03
3.981083719525799029e-03 2.845547364016202119e-01 5.074538985511768512e-03 3.254542192654226798e-03
6.095974898911445117e-02 4.495635990526338777e-01 7.379970008455910557e-02 4.445246670926195770e-02
6.556567169156981949e-03 6.390918331313447887e+00 2.644054075091487738e-02 2.536603826453160803e-03
7.253887128533335546e-03 2.630015369325513053e+00 1.841557043183775222e-02 3.562879100486182008e-03
4.355816493015893243e-02 1.016915880265299332e+00 1.597005041664524344e-03 1.515789616309405879e-03
1.571423412737195510e-03 2.601883214159106394e+00 6.027302777808960475e-03 9.362870071332417537e-04
1.506410224767968471e-03 3.812082617722176714e+00 1.607003184303205587e-02 1.109820428324694800e-03
9.771146448629641768e-02 2.556269608211524935e-01 1.570733947526021558e-03 5.781086864177309090e-03
1.130680790355702466e-02 2.559808024205409982e+00 5.328183112463647647e-02 7.326807895531150389e-03
1.298175733510146873e-03 4.068114426781933801e+00 3.596940325224327883e-02 1.131975896518919774e-03
1.791454218671177136e-03 6.699806565979562478e+00 1.185953811461463135e-03 1.610953508477195445e-04
9.562666310899959471e-03 1.251478549392359418e-01 1.916233556302377253e-03 5.886416796835787675e-03
1.349798640047175126e-02 4.991442013469938210e+00 3.232533839077632309e-02 4.376409739748296848e-03
2.096290646100655401e-03 3.022796095432519259e+00 9.688476572936741138e-03 1.267375398750429432e-03
1.520089898276451345e-03 6.173535419701472904e+00 1.923386058191188215e-03 2.585597308503392888e-04
5.581663921880684366e-03 1.465612378031395102e-01 4.265029770568867437e-03 4.683368699369759407e-03
6.216437068652407721e-02 2.320296202624137494e-01 1.396849614808084354e-03 5.488606161990014325e-03
3.851496552556993302e-02 2.214984571018927095e+00 5.591440963222935913e-03 2.369093655655904636e-03
1.545224068735345747e-03 1.049152086666064854e+00 3.755893236432257185e-03 1.079342182917207051e-03
4.020850048528338411e-02 3.809113256338944598e-01 5.986093674246180212e-03 1.129904349127540918e-02
1.346475530141223211e-02 5.743985645645365956e+00 1.710167022788123235e-03 2.912907696006527213e-04
2.799430845567600634e-03 9.809666063792315427e+00 1.750397969335075118e-02 1.089751535643891569e-03
2.252174520283141759e-02 5.648198024611501111e+00 1.982790738919410801e-03 3.456605347076803893e-04
1.074552319417729999e-03 1.580273526634806969e-01 6.263898322746752623e-02 1.071647180149904116e-03
9.782794947885921702e-03 6.296782315519974915e+00 2.601702165474312559e-02 2.904901409654354373e-03
7.861067396224760695e-03 1.500880955515606074e-01 2.401446940776053723e-02 7.492932819637461959e-03
2.074421841065022393e-02 5.921705660509527291e+00 4.607389865014327457e-02 5.658270193591721613e-03
6.401249140813647376e-02 6.969234913105228912e-01 6.552909762843468940e-03 8.198385333446979104e-03
6.014031217759646664e-02 3.831788744229509103e+00 1.233772034038290799e-03 3.202686367457334145e-04
4.141441013521598817e-03 1.728097211148101331e-01 7.588687815014353091e-03 3.784526271314698868e-03
7.061492131873631749e-03 2.006079169595085254e-01 2.004579980378634434e-03 4.137567195641465682e-03
4.219136237410929524e-02 3.173191551261723475e+00 1.077710348787835545e-02 3.143272339579084810e-03
9.587170202335877980e-03 2.034279096656038899e+00 1.148746598644500086e-02 3.553749819270890422e-03
5.712517128361020019e-03 9.933328628928574933e-01 1.313920343918940307e-03 1.074043376985718687e-03
1.339159485044792708e-02 4.137193199491221662e+00 2.856300963395910341e-03 6.565478948025150162e-04
1.470802403703715643e-03 6.295102711432265519e-01 2.651585020102611556e-03 1.090143973113908912e-03
2.162490526715660569e-02 5.301798870790487506e+00 1.521007608143474599e-03 2.831290850584000673e-04
1.839395580956563418e-03 3.038061557382870093e-01 1.881761334830349061e-02 1.786347092374437288e-03
4.998127972848099600e-03 2.455066546903091229e+00 1.704281047153385778e-03 6.095315854855025981e-04
1.127940758467423001e-03 3.361796266803775968e-01 8.828365524589388766e-03 1.081489274633820391e-03
7.970172723752605784e-03 7.225717934953392874e-01 7.667454632605523457e-02 7.413355871248953136e-03
5.115470393502229846e-02 5.461342154657572223e+00 6.933199038421125789e-03 1.238762286302710512e-03
4.888552103866063148e-02 1.715519653991697258e-01 3.649277931513551006e-03 1.482232635233146807e-02
1.642808865345943281e-02 3.582426983011700594e-01 1.213573800930663887e-02 1.106304822820902353e-02
3.097455745657492349e-02 3.124958631218478722e+00 1.181592662487884055e-02 3.369787639106276104e-03
1.472809017714351090e-03 6.916019176917798106e+00 3.021421503437468278e-02 1.101474222666396678e-03
5.128523046698497956e-02 1.004812331896782318e+00 4.443666148800337612e-02 2.374674846925422383e-02
1.075292031906296096e-02 4.009349699399003875e+00 2.990915352035077544e-03 6.975897781464765945e-04
5.896995897931087138e-02 7.220619227273893381e-01 3.166951279388618284e-02 2.515236473316597929e-02
3.469314262280922059e-03 4.406513732171866704e-01 4.766108305315587719e-03 2.626763853406073081e-03
4.634394867802133118e-03 1.821987044847814818e+00 5.293588690419639108e-03 1.785824626448978287e-03
1.873491147552528270e-03 9.985649066586754330e+00 2.435846326548523830e-02 1.059649091378164331e-03
5.877517511339793062e-03 3.456030663462414942e-01 6.095727672904839925e-03 4.408475048622609652e-03
5.220190866600039545e-03 1.372517792564063588e-01 9.472607854988514958e-03 4.853115348490784700e-03
5.862582857926870727e-02 1.021920463824074643e+00 1.229494258333027612e-02 9.982583565913749624e-03
6.830590343330994463e-02 9.266878298615023324e-01 4.569177721460244979e-02 2.863581392267392639e-02
6.322799014018136432e-02 2.159097200146201434e+00 1.471349857712489191e-03 6.741988650908824860e-04
1.427642581397571553e-02 1.042881712077805778e+00 2.533110778103016790e-03 2.075784634432278203e-03
2.453085773935657216e-02 5.805223741787562952e-01 7.326193139810072141e-02 2.053855691275465953e-02
8.870402550904332717e-02 2.384537498658655941e-01 4.343093761919570098e-03 1.511086062754345150e-02
3.324940931113864150e-03 9.620280927759669254e+00 3.477138065155568284e-03 3.260003780624689271e-04
1.515526022536817360e-03 8.635648889696103225e+00 2.327707768992116552e-02 9.700915041128576515e-04
7.971083342880705067e-03 5.068884097571847436e-01 8.297461345173053060e-02 7.600954762968662251e-03
5.251435192708282101e-03 5.150528989950068137e+00 2.126239177859108771e-03 3.827326494116255434e-04
1.557002951797585881e-03 2.253729351170277173e-01 9.088406316408949651e-03 1.499121387224634696e-03
4.390273900161768134e-02 4.268333931200357867e+00 1.231402940229932904e-03 2.866139082728949529e-04
1.492412062139305022e-03 4.618252310788039106e-01 5.508927748844020048e-03 1.326456320099508911e-03
4.262228898508216464e-03 1.754985282368194122e-01 2.058902431577065012e-02 4.112807477584091639e-03
1.257854247537478452e-02 4.655385832943748636e-01 1.162410711048501161e-02 8.364709863918434740e-03
9.133761089972890906e-03 2.845282165549288811e-01 3.893358184425080304e-02 8.562232888027954472e-03
8.631199216500455573e-03 1.042486817937755550e+00 3.652686932761444599e-02 6.925254352462407829e-03
2.353304067680868708e-02 2.865850905404543791e+00 5.808395502361425947e-03 1.866049455856496481e-03
7.371423445737246283e-02 2.370321933567417272e+00 5.868898624050941995e-03 2.395528635426138857e-03
4.126708337210129376e-03 8.638501436790292587e+00 9.393563529378959678e-03 8.606273463853518100e-04
3.109333686500938623e-02 1.773164929516863053e-01 2.234783335746349728e-03 8.968194713241200988e-03
1.485194875567898143e-03 1.024691506945188818e-01 1.008908676990970948e-02 1.463124686203922569e-03
7.342795368257203428e-03 6.414353589908107223e-01 1.150234889186488091e-03 1.441246384467486036e-03
1.080410621935214231e-03 3.338278468124801890e+00 7.736350220423975077e-02 1.032285153901453621e-03
1.786850530282087929e-02 4.518542769359219058e+00 4.636243247039330793e-03 9.703298804455555730e-04
1.587453364058221891e-02 1.777071431415851110e+00 1.072707262239541281e-03 5.815248763088840022e-04
1.073393248433209511e-03 3.797458278823421463e+00 7.629215813476761254e-02 1.018952283162806623e-03
7.201161250362310418e-02 3.525787030231458452e+00 3.545155881062712205e-02 8.822986883233201530e-03
2.026358456542035405e-02 2.571525174032789796e+00 1.412555943798725344e-02 4.321571981422206270e-03
1.136044391901307356e-02 1.333438832357951354e+00 2.447212165448553987e-03 1.580014728879162132e-03
7.772925889823170849e-03 1.005859367310754759e+00 4.935303051190040313e-02 6.709941894837007960e-03
1.706203916380180305e-02 1.008545551412645958e-01 1.041220519346514398e-03 6.432047006832979259e-03
5.049500911837260381e-03 6.272027893666326515e-01 5.894475755229875574e-02 4.792028532951243293e-03
1.478229051785003544e-03 5.349170700632250863e+00 1.636827935733931733e-03 2.535178428195811943e-04
3.724463817871635773e-03 2.346059758646967808e-01 9.456761084164714420e-03 3.409439950752909346e-03
2.440054694376784725e-02 2.612852806257198957e+00 2.525210555924750286e-02 6.922648739865287087e-03
2.838978319026845987e-03 1.972467169905822160e-01 7.005990749663809636e-02 2.816466690220909615e-03
9.852994616843444714e-03 6.027960810156289817e+00 3.811443590610383986e-02 3.851393853487015267e-03
1.245676398938483191e-03 2.158318192546501979e-01 2.548465209181138835e-02 1.232672022350429645e-03
1.196786016690772926e-02 6.420508713109890131e+00 4.565146437214016167e-02 4.460322666280187344e-03
2.299400941783957819e-02 8.857331080526821054e+00 2.355901424520412055e-02 2.384056437818943275e-03
1.083308342019446676e-03 3.599922658527273889e+00 7.925963310810139190e-03 7.260624866908006996e-04
3.903802057586297763e-03 2.024023592661280679e-01 1.006286244909875699e-02 3.619590786528312319e-03
3.201097308394692132e-03 7.905265169134866099e+00 2.972240457246651691e-03 3.364633459591670288e-04
7.287371801855369383e-03 1.494020577814836104e+00 6.047256725019865831e-02 6.175529265511002855e-03
2.352693225774052117e-03 9.627990257697205401e-01 1.150315148251218438e-02 1.965627047316217089e-03
1.083294033627583974e-02 8.640843209028362892e+00 5.981407490292224571e-03 6.506485303864817859e-04
5.920253913989407049e-03 7.261911491255500506e-01 2.601813548751084199e-03 2.232036844897871460e-03
3.080851272707540479e-03 1.557219342237339932e+00 2.445560226635262475e-03 1.040215523226496568e-03
4.917213384750941316e-03 8.038186428037126241e-01 6.025452910768667666e-03 2.969376189940963265e-03
1.330252884806657626e-02 1.254989802084517103e-01 1.912281130511048546e-02 1.223444139923201938e-02
8.149156337744548062e-02 1.388548222663583409e-01 1.084902930027930971e-02 3.988825950169851142e-02
6.375731886135954478e-03 3.853875142553935262e-01 4.240540845914581025e-02 6.026532145348206804e-03
1.815917651123921672e-02 2.503509583224199364e-01 3.727148601086228974e-03 8.180752507815481842e-03
9.392479116320627194e-03 2.240550924706491642e+00 1.906970643505156993e-02 4.465066229262358403e-03
2.293591946742872673e-02 9.470506819514877606e+00 2.158145518550085018e-03 2.256388353554531693e-04
4.008042233370814889e-02 3.030040341055582065e+00 3.849069256963022576e-03 1.231278999719710374e-03
8.517068609431289322e-03 4.004651367693199404e+00 3.515797065559489020e-03 7.958891538063532153e-04
6.772865797692305748e-03 1.482523755493408424e-01 2.106655900165429682e-02 6.464737609823430382e-03
7.355583498439942705e-03 1.728996943323762636e+00 2.772171121300499082e-03 1.316397590384996499e-03
4.888670842303352582e-02 1.146623734510082981e-01 2.706378410158341921e-02 4.049861314096232096e-02
1.030769400515119507e-03 3.636313344649219625e-01 1.929352363349550598e-02 1.011126005671048912e-03
1.366388291565060094e-02 4.803580806001676584e-01 1.820105711713000674e-02 1.004243863935853215e-02
6.538341665979806490e-03 4.531842716428241546e-01 1.199655225887561946e-02 5.243283367688904122e-03
2.790115172724626225e-02 1.409456954497743775e+00 3.374917770690304131e-02 1.288601351165864946e-02
1.816076699927830773e-02 2.601016713635790012e+00 4.478159635923247700e-02 8.838136587448693765e-03
2.467552463755908268e-03 4.751973056399851458e+00 1.571164412147537780e-03 2.915663430294719539e-04
1.445909230308980433e-03 2.783342666525467912e+00 1.221927464988478013e-02 1.087678508505671724e-03
8.280240895059970060e-03 7.002315304252934025e-01 4.227531489149722460e-02 7.281569152881796521e-03
1.856648917788849065e-02 1.223728185320967610e+00 6.263169936366629921e-03 4.012112152996631827e-03
5.287785525314619289e-02 1.054062407629425380e+00 6.241164398194880975e-02 2.793266238171435850e-02
1.301868939865538123e-02 3.870327928544681773e-01 5.627931652065868394e-03 6.868951063951113378e-03
4.006515267870556368e-02 5.665469950274524269e-01 8.164661060471898463e-03 1.059889160324880251e-02
7.767079812197510286e-03 9.262995218275008602e-01 3.663042600891853236e-03 2.620369301033321097e-03
3.013494896450730903e-02 5.326704024511695890e-01 2.493787317047967134e-02 1.833383617993699505e-02
3.184921813402052937e-02 6.636360230453267839e+00 5.505166635815720438e-02 6.581294168073839254e-03
3.255621284320035606e-03 2.714767225518864624e+00 8.140788550993141234e-03 1.560943407642583283e-03
9.567026782005176935e-03 2.363104081510207233e-01 3.256925520306404309e-02 8.946039341623164901e-03
5.013844946506674193e-03 3.645490451646737351e-01 2.982605626274530825e-02 4.724329831670056809e-03
3.042013227592886473e-03 1.535554434068589602e+00 4.276866195229538092e-03 1.453980876029387385e-03
3.708717949769650690e-02 6.167237040687932215e+00 1.390596922322592278e-02 2.125583021887175565e-03
5.810019770637311898e-02 1.115651954452847039e-01 1.620200267385834766e-02 4.149802112420947903e-02
1.100082623975825059e-03 1.988222989107787109e-01 1.260792655342345484e-02 1.081323932483560773e-03
1.075286405318908812e-03 1.815440955527197087e+00 4.357433751066068679e-03 7.426024434616149529e-04
1.840335229128003697e-03 1.417865846982416356e+00 3.221974406856504061e-03 1.016838397590392410e-03
3.726621094559421331e-03 5.177096307712630852e-01 1.771013090443841406e-02 3.360531274719022639e-03
1.238366979364362470e-03 1.023698909901682663e+00 6.089318840547463391e-02 1.213111614328153242e-03
1.311205639928480614e-03 1.182730308128882024e-01 1.410667287357062838e-03 1.181336608444796127e-03
1.319035423423120523e-02 4.999932021208631228e-01 1.004499830928986268e-03 1.743477389915628218e-03
4.535506415565983274e-02 2.386084005714827594e+00 3.122748492110816784e-03 1.272028908856091432e-03
4.738350592417691493e-02 9.849102774449374209e+00 1.779512699612657498e-02 1.740412917351748376e-03
2.206767519936030097e-03 1.427030499480998360e+00 1.437554726020777093e-02 1.810218822209677236e-03
2.177267960922291915e-03 7.143204596453318622e+00 4.678453093475281287e-03 5.034938359666677821e-04
1.618635345366169209e-02 5.224367475441467512e+00 1.715769320406140656e-03 3.218856885624543944e-04
5.695965058777692665e-03 8.162431654863176789e+00 6.700271652344217538e-03 7.174698130330936334e-04
2.227341961858878006e-02 8.668870847444974714e+00 1.058391237350629925e-03 1.214254251563102061e-04
3.792255918403420172e-03 1.419360847776541146e+00 2.823062493106442278e-03 1.304684674059232658e-03
5.526633334117293274e-03 2.712052816149260748e-01 6.312766387478967178e-02 5.398456747116384645e-03
1.097213189874664957e-02 1.989740665361713789e+00 3.014519704863545882e-02 6.363540646830302856e-03
2.925600914090010704e-03 6.907768875748008242e+00 4.480463490847553382e-02 2.016188220890088693e-03
2.899404547659943307e-02 1.596839243290121280e-01 2.184527533491096435e-02 2.392366834453393820e-02
2.078966642195566924e-03 1.195222500900956053e+00 7.569310367043631700e-03 1.565160895732870157e-03
1.333771940805918285e-03 2.975124255857044986e+00 1.390909053370123841e-02 1.037719880143379066e-03
2.264334085455941420e-02 1.277993661299509087e+00 1.973471484655145089e-03 1.445609630660409355e-03
3.436339884746710416e-03 4.726859065591044740e-01 2.063038806411241280e-03 1.922601846280006053e-03
8.203418337624260662e-03 1.990938451338743587e+00 3.488028296861778871e-03 1.443642339864918732e-03
1.129948986984425675e-02 4.267733680819670306e-01 3.232458264722527872e-03 4.534590785458766406e-03
2.500916469436305009e-02 5.255408812837343291e-01 1.907595995126713448e-03 3.169728934426576175e-03
1.337560520002744995e-02 1.183147232549667471e+00 4.197189157818458430e-03 2.803843012213702579e-03
1.522677942832944067e-02 1.686440021929994870e+00 7.778132400492682522e-03 3.539924676979790217e-03
5.026720600267477190e-02 5.607547476436307576e+00 2.961863937698722832e-03 5.227000244049566455e-04
8.512331613838132818e-03 4.160085005131762825e-01 2.647198369778401908e-02 7.507976782242651269e-03
4.357707946072771933e-03 1.201873989788672326e+00 4.797045910032630631e-03 2.083233322322717868e-03
4.684824732036602102e-03 1.406247055399607149e+00 7.004094898104822053e-02 4.282056384018955754e-03
1.491291055493349817e-02 2.717223429888924624e+00 3.293673665289620269e-03 1.121027746305484126e-03
5.938388539400010942e-03 5.133508521420552917e+00 6.390508929304866692e-02 4.020487582722136709e-03
9.206996567056144332e-02 4.542767110015298870e-01 7.281134074610634555e-02 5.847817101562189507e-02
1.119671492470944094e-02 5.645291204001721130e-01 2.131950611847048798e-03 2.824008663331127687e-03
7.081519406751847143e-03 4.765037880882436738e-01 1.991294003560890175e-02 6.055395239296532117e-03
1.128984460840310551e-03 2.032478198501067868e-01 7.777574853928168400e-03 1.096630317237973651e-03
2.744988437985052682e-02 4.260026066828721980e+00 6.049374987731324406e-03 1.350184871478390036e-03
1.625862373701268335e-03 4.287512083172626554e-01 6.683772080463563914e-03 1.472306723563501915e-03
5.674102719346321017e-02 1.417129862443061938e+00 2.422999418103491398e-03 1.659778904111185215e-03
1.350694353908283478e-03 1.450289322227668320e-01 9.090906156637529323e-02 1.347790151789270575e-03
4.657233554198116077e-02 2.094701594132619693e-01 3.129646543549700205e-02 3.550497418265478877e-02
1.500090903808943632e-03 5.527896780340294747e+00 4.161896725224824983e-02 1.250863342090692424e-03
1.797724711876586348e-02 2.782329458266011635e+00 6.514114939219760314e-02 1.016898959869402472e-02
2.441428818036173783e-03 4.368399561435791778e-01 2.379456673591721742e-03 1.685816630879555115e-03
4.740362132236559944e-03 2.092986449211337252e+00 3.953351691256367165e-03 1.350666699428331591e-03
5.921564698565970515e-03 6.353736532336113463e+00 2.731686160901789819e-03 4.008315319035317837e-04
1.732481009952649073e-03 2.337659181087146543e+00 5.968952416548362234e-03 1.032158627521542792e-03
1.548263747384437568e-02 3.893496398498576649e+00 1.154644518982934735e-02 2.488852944957517348e-03
2.978249520223921407e-02 7.985253256205775418e-01 2.199833144736781237e-02 1.431103888322131194e-02
2.565739765903048836e-02 5.294402222062071228e-01 2.345317772344586264e-03 3.777596208488829318e-03
1.467466775369003287e-02 1.400522310698005257e-01 6.104104697498466403e-02 1.419667322998505177e-02
1.617276313583967257e-02 1.701585263610624121e+00 1.516980628964389056e-03 8.449339216899050308e-04
1.191131998586872050e-03 7.254517998018428226e-01 9.497423086931039427e-02 1.180392374892632072e-03
8.480716121806798624e-02 7.656653942181699257e-01 2.271868147210000938e-03 2.866876893066869995e-03
5.636601178711478539e-03 1.015511650715048703e-01 3.601581240805812323e-02 5.548419514184477729e-03
4.501476575390647022e-02 3.710938401617414062e-01 5.147461076066266183e-02 3.398563936871232261e-02
1.025226879410312368e-02 2.240678288087422643e-01 2.531675235985459196e-02 9.399383068444571929e-03
1.310097786926394140e-03 2.372903149229709463e+00 9.668544195552476392e-03 9.913486272435936223e-04
1.062150680415464192e-03 9.639263874341770233e+00 7.625670577911035364e-02 9.364247535367296957e-04
1.274256834412802915e-02 1.532077327278422496e+00 1.998974684875131844e-02 6.446610626449010041e-03
2.896255777358906769e-03 1.618708373305245196e+00 4.164074141906655077e-03 1.362388069206887800e-03
1.647371826344548465e-03 1.004488767618568201e-01 1.249902294596448755e-02 1.625846967161939313e-03
7.633938980329805883e-03 1.315136904838835330e-01 2.649999923620149217e-02 7.355280028325290528e-03
1.412411767555670633e-03 2.654292233635776599e-01 4.308565297871889965e-02 1.400228151926077294e-03
4.704082132842694365e-03 3.389050719649068899e+00 2.012474218694288580e-03 5.272584017318269079e-04
2.708805101364471831e-03 5.481798311339771690e-01 1.719348664704033452e-03 1.453495970455361431e-03
7.644942434088777827e-02 1.573129343096499877e-01 2.012522920425508996e-02 4.785319564725738772e-02
7.690110260370786044e-02 7.801840484241168161e-01 1.154005803528430733e-02 1.240536084666804366e-02
1.351740014112408003e-02 1.431994996879133175e-01 6.362396487795989042e-02 1.311829142229725687e-02
3.321231964208638289e-03 3.039404828705047912e-01 9.733898002637120933e-03 3.009165538641598615e-03
1.412304950809228042e-02 1.762072024895990630e-01 4.664530902128153494e-02 1.340773101684281446e-02
5.281066222534990667e-02 1.370411051016320103e+00 1.028342479617751562e-02 6.570317729269460789e-03
1.108162067109910373e-02 2.499329547353420722e+00 2.830850540626899357e-03 1.027612484160982803e-03
1.073755788248025467e-03 1.499807848486040429e+00 2.441895567159027992e-03 6.470361685357026767e-04
1.500333431974879440e-03 9.223862762761028122e+00 2.663224517736815285e-03 2.421344063466871160e-04
5.330844357781272871e-03 1.780512643000954909e-01 1.027806397725374195e-02 4.880168242241766409e-03
1.346322384757508680e-03 2.125655086578431163e+00 2.742220096120016534e-03 6.587951184699206110e-04
9.097380858854560437e-02 2.931100917274020112e+00 2.808063810424564662e-03 9.480400013304151989e-04
1.836889406235540619e-03 1.121053958731275668e-01 7.851596939893425858e-03 1.789944224210799359e-03
4.500578023186084867e-03 1.002760242015646286e+00 9.831326066102760025e-03 3.084609736621609938e-03
5.798003836577634781e-03 4.269726171724093078e+00 1.021909130665215075e-03 2.298502414152587181e-04
5.041216201900000464e-03 7.133280358323170756e-01 4.723835669117764681e-03 2.862287300927425157e-03
1.220154485393435068e-03 5.295737292998351720e+00 2.846243212854845245e-02 9.944025531212433849e-04
4.661429503131543292e-03 2.770332844344958190e-01 2.133670509500163251e-02 4.395404437418760392e-03
4.934609046062517906e-03 4.344813981699001459e+00 2.750581776471984832e-02 2.773078043886893686e-03
2.774442775458161106e-02 1.516251732569921795e-01 5.676135390993684166e-03 1.593472590708494563e-02
2.181365407541745877e-02 3.342569989605873371e+00 2.359807371588210512e-03 6.838534179574901235e-04
3.809554299335651817e-02 2.211369557152148557e-01 1.002573978922221588e-03 4.051551863055996051e-03
1.373759820870780815e-02 2.877029523545136858e+00 1.527563577309145985e-02 3.829451632770116028e-03
3.723164034508673857e-03 4.827748145993755458e+00 1.316140897874654506e-02 1.573812645630815257e-03
1.052334348183598528e-02 3.153832688262957262e+00 7.901915342221543445e-03 2.023679504267321058e-03
6.758897875489121125e-03 1.694962086937191748e-01 1.009900960672852890e-03 3.166685437215440314e-03
5.217125047092128348e-03 4.916875965602151233e+00 1.423055940378242790e-02 1.861532697853239982e-03
1.016578217120448326e-03 9.163526363520404061e+00 6.472910774691817415e-02 8.886839315280219576e-04
3.525147931317459266e-02 3.007315626410901888e-01 1.446825092655184587e-02 2.034454561292601063e-02
2.008193471544921730e-03 2.590489507134162039e+00 3.987388892586031693e-03 8.713604982103988856e-04
8.511448593639416721e-03 1.344969041324414194e+00 2.259027714088090999e-03 1.402792121187315319e-03
5.907687092266104834e-02 1.904997778054915214e+00 2.510458267821939066e-02 1.077475095581901729e-02
1.767801421514316254e-02 1.106893370204040661e+00 6.909572519612124097e-02 1.377654348518614347e-02
9.109581792752344948e-03 1.705120297237569416e+00 1.797192881964473432e-03 9.446945649829575995e-04
7.828367481535748046e-03 2.960233411293636263e-01 8.922344528530933017e-02 7.630190347525426207e-03
5.701125791282127958e-02 5.510830849457838632e+00 5.059784235107000344e-02 7.907967696762488105e-03
1.694944416638913568e-03 5.781891407394438964e+00 3.610064401659437549e-03 4.562890500581935605e-04
1.006983408657320146e-03 4.267777514841915032e-01 6.531743036344653253e-02 1.000401236833937165e-03
1.275535557834640496e-02 1.084974224533439280e-01 4.054523083878743342e-03 9.509496078478276923e-03
1.139216025882821767e-02 5.610318674327092747e-01 1.135748798526594683e-03 1.718936735778129081e-03
4.812004867364831628e-02 6.877821493347117121e-01 1.511735938634726530e-02 1.508806711402066111e-02
8.033405531590849871e-03 9.682770105972857699e-01 3.676881934274208678e-03 2.578501899626409796e-03
1.002089997311204385e-03 8.676726837372436663e+00 3.387300852429502712e-02 7.974043160323907248e-04
4.863744643198998109e-03 1.817326534400485638e+00 6.525879728776165338e-03 2.065762175684759342e-03
6.825046234491095355e-03 2.142028771181069269e-01 1.735327211980576588e-03 3.704310854027659076e-03
3.291792437837642860e-03 6.398106294757194057e+00 6.122707067227253948e-03 7.414185407699449724e-04
2.938489396060103148e-02 2.070502151340420371e-01 1.196997843084443569e-02 1.948233475835514303e-02
5.482001343402767395e-03 3.643386839636937768e+00 9.444422946299234345e-02 4.525045414569598377e-03
3.174802690894952800e-03 1.619927325754016323e+00 1.836661321647280491e-03 8.354387292123329660e-04
1.356294978565825843e-02 4.927900600847621604e+00 2.011004704107274051e-03 3.961655544547262983e-04
3.964339079182236519e-02 1.133685131345673613e-01 9.154355093764815487e-02 3.778818731584719648e-02
1.972468326666795835e-03 9.491044109177563470e+00 5.591020026815347183e-03 4.536113384806996092e-04
1.418153361793142225e-03 2.003859019859011159e+00 4.806186172900000358e-03 8.912055119190412855e-04
2.064646453095658751e-02 2.270209907986396658e+00 1.469844754428731824e-03 6.277629258379099431e-04
8.578180533528562829e-03 4.975734399559036625e+00 2.731546840820850072e-02 3.347471285694379045e-03
9.473614937144712519e-03 6.036469057437252594e+00 4.768641474131999486e-02 4.307687910675194257e-03
3.457637471520642360e-03 4.307320970158858842e+00 3.873959639783574813e-03 7.137351003270236624e-04
1.165888835690432560e-03 2.312210321769694044e-01 3.608902471946385387e-02 1.157244443987363348e-03
1.842203123001336790e-02 1.072175915552433745e+00 3.231090110216086088e-03 2.589909705879598310e-03
5.660711855437837448e-03 1.203857960641478708e-01 8.372916245271062874e-02 5.615011434976461581e-03
3.250748000648293751e-02 1.752986622522608173e-01 3.038831058074634595e-03 1.130603137624371611e-02
3.689338895782252187e-02 2.820763960633275502e+00 8.244397153881677029e-03 2.708204963127968084e-03
5.545633462002767800e-02 3.965973552512061850e+00 3.705916107790774988e-02 7.996829142415300476e-03
2.562287536741256807e-03 1.115034117155903060e+00 2.560760390296430711e-02 2.305106963953797335e-03
1.638730238455047075e-03 6.366641909156218748e-01 4.033600980834972302e-03 1.301966841832043198e-03
2.874595103485598144e-02 1.702301107012531345e+00 1.950394843586095552e-03 1.101824315037114397e-03
6.017006215298581484e-02 5.801647867877027798e-01 1.544389782633073457e-02 1.845511605865534505e-02
2.988169090871366142e-03 3.809252837334662356e+00 3.369453866475782301e-03 6.825107526292789909e-04
6.034416962181718413e-02 1.428642435853186843e-01 8.414127325390183265e-02 5.473598010882913673e-02
2.823243493338425253e-03 6.358767645379489686e+00 1.859092920918513359e-02 1.436289297255542762e-03
3.185911207570185037e-03 9.642718913164979311e-01 6.140363620564829455e-02 3.034111604349105842e-03
1.864240313532379827e-03 1.234748779754451936e-01 8.840785656590603725e-02 1.859399010859071315e-03
1.004689879121135714e-02 1.803798664181419431e+00 5.287109646748400400e-03 2.269105245659270697e-03
3.967467449385132967e-03 4.668330094892066962e-01 1.769064272891934103e-02 3.591455374089123301e-03
1.252449637377279525e-02 2.348261166328195149e+00 3.959828074221732365e-03 1.486183280491777886e-03
8.409962213063901584e-03 1.567606698519866393e-01 2.873870741725406946e-03 5.765234771732254647e-03
8.021175709395422793e-02 5.562272412699310387e+00 8.022729653848592601e-02 1.222517492521670718e-02
5.655825079413383250e-02 5.004692228788280239e+00 7.483708536952289603e-02 1.182656851464502883e-02
5.497226102693135268e-03 6.209179926545513872e-01 3.207855198677508901e-02 4.968546618426847826e-03
7.728268642802180177e-02 5.699661148659487253e-01 3.885943265628832854e-02 3.622284139362916267e-02
5.607195555485416927e-02 5.735540963734420128e-01 2.379241947344364234e-03 3.862493304080734813e-03
2.297274818638754199e-03 8.208833788369538365e-01 3.058392600446479398e-02 2.163852398721957757e-03
3.574930935413789257e-02 5.273332231036021334e+00 6.148573879422818134e-02 8.792159818365620841e-03
3.621665523673660465e-03 2.911984786602306308e-01 5.154501798795899092e-02 3.549051083168213317e-03
3.016429191033658669e-02 7.210473671747134716e+00 5.275305842575571912e-03 7.142923610033159428e-04
1.474449202703793059e-02 3.026907233104551675e+00 2.123525502251386553e-03 6.696856367102517384e-04
2.536748561922806330e-02 5.138834194891209961e+00 2.119418506882305916e-02 3.547547426540697581e-03
1.074196740634817196e-02 4.632863245631636318e+00 1.544445199419900274e-03 3.233329703965019913e-04
3.981554278673487927e-03 4.503071816410786354e-01 4.061619661866952558e-03 2.762224395215802115e-03
1.033131457205456634e-02 2.238227397332070712e-01 9.955817424748936162e-02 1.009680169445743500e-02
8.622964130810205005e-03 2.920978977284308664e-01 3.794390839742816431e-03 5.182665573555208030e-03
1.232892870177954708e-02 5.375877036367479711e+00 3.450459242654791564e-03 6.100805256114400464e-04
1.078936145021361023e-02 1.221233063840764382e-01 5.803005163626653862e-03 8.792853002444549551e-03
2.117286161402239571e-03 8.484504099355227424e+00 1.707066359204639783e-02 1.031645492540384651e-03
1.337371033066070414e-02 5.795726229254307693e-01 4.673517337772291336e-02 1.147120847363376252e-02
9.324883274152954982e-02 4.396352471126996342e+00 2.096902339791348671e-02 4.537547331271689181e-03
5.558343062046625961e-03 2.277062505671770820e-01 6.727981136532833716e-03 4.678266435274149558e-03
1.938761061314885764e-02 3.524018622203355933e-01 7.175338301722661294e-02 1.770205251590830503e-02
1.409294004436322358e-03 3.197509610307716965e+00 1.644770424533024619e-02 1.106219455787396406e-03
1.880594212175516712e-03 4.692015449429691731e-01 2.305111594190912931e-03 1.359998139311725850e-03
5.779087989743537587e-03 7.923767938890756923e+00 4.645652421245522953e-03 5.322918860457804234e-04
5.447051495055523114e-03 2.256532630095541003e-01 2.292759711308933745e-03 3.546030184473645489e-03
8.104736641559197666e-03 3.869658039881770151e+00 3.881383217572250549e-02 4.482645533508783538e-03
9.556954931094457928e-02 4.699191482594401670e+00 3.317190606784905984e-03 7.007308511974540957e-04
1.173980178479152713e-03 5.615999865710155525e+00 6.104629628468829367e-03 5.644103235638373971e-04
2.305342476163435572e-02 1.234096479425999648e+00 4.115378178938021436e-02 1.363048872605294483e-02
1.873476079798055624e-02 5.986907255054124022e+00 8.432369835371641975e-03 1.309984548711983551e-03
2.164895996255898972e-02 1.165879568987090664e+00 2.468769801668392692e-03 1.928853011335735423e-03
2.051328630453239099e-02 8.524435058670892795e-01 4.080185002426990094e-03 3.880908101626106589e-03
8.078416346713160334e-02 2.207057440392482750e+00 8.537768584244573994e-03 3.691619147608737883e-03
5.540152129427686895e-02 3.250787713270676171e+00 2.386836572997473940e-02 6.483127630883022026e-03
3.726296979698340284e-03 7.572861049924182630e+00 6.816988414040485444e-02 2.635386322332550386e-03
1.313311569878967272e-02 1.590642159201102412e+00 5.555372123707159361e-03 2.758860910533110413e-03
8.271617433619385396e-02 5.893288939602038257e-01 1.042251312664616014e-02 1.457017149188693378e-02
5.118732932899908855e-02 7.393711306844208409e-01 4.350064274675673193e-02 2.737260916213869050e-02
2.660368306803472579e-03 2.126103983552955601e+00 6.643325178612992724e-03 1.436938683205623603e-03
2.741104802445732541e-02 5.737380954392587995e+00 7.086459347660330893e-03 1.181882874528249281e-03
5.843492367481659296e-03 1.944502160722746398e+00 1.315672157137503032e-02 3.135524771123148619e-03
1.119363731061339372e-02 8.164084649772254565e+00 7.416552709838961088e-02 5.014650218090479540e-03
1.987134516774734325e-03 9.224378813119542997e+00 1.601553301906236473e-03 1.596708886479713380e-04
2.407218581523012935e-03 5.946812715290775708e-01 1.243856322133018825e-02 2.158770295946427047e-03
2.757814580068946794e-03 2.129006181424721422e+00 2.179567910207207658e-03 7.465985489574138243e-04
6.171875732598434451e-03 7.034372836566413767e-01 2.012008412532685642e-02 5.076470874074169408e-03
7.052348930207372191e-02 1.994263789668884457e-01 5.360035181513875951e-03 1.946061309319644869e-02
8.664679956115303033e-03 1.771674935930825090e-01 1.503023543861574385e-02 7.861729279632708942e-03
1.547508902372679226e-02 6.277786243617449635e+00 1.481189994210879799e-03 2.323981842967081637e-04
2.006944488391194329e-03 2.711898060474470795e-01 4.862199070419651742e-02 1.984727920712494459e-03
1.411525246841648313e-03 1.358312839453835963e+00 6.112392150341180996e-02 1.368596072443334019e-03
2.074955161145393412e-02 2.507046666298699655e+00 7.615272742070191073e-03 2.649660812256794673e-03
2.526275069615612281e-02 7.639661450314108038e-01 4.049957166553907681e-03 4.381744937211432510e-03
1.167947728253410263e-02 1.667090590455100052e-01 9.673671597012217793e-02 1.144903604994385558e-02
5.044162801872436111e-03 2.485143607498206730e+00 4.245280001095895657e-03 1.276098196650971364e-03
9.029471069522260196e-03 1.015599473414666443e-01 3.990282150496977237e-02 8.826620775981428718e-03
2.640179542069985997e-03 3.381667640273532394e-01 2.188320642391676854e-02 2.536684423078441192e-03
2.102121481632143220e-03 6.542846108976900332e+00 1.171834381493835073e-03 1.650401381365021339e-04
2.359323861927695425e-03 1.167814212451299544e-01 5.663506669933644072e-02 2.347901503758359574e-03
3.674630460212278266e-02 4.347322777770514790e-01 1.654210867629063789e-03 3.448073216926461453e-03
1.857558277153118637e-03 8.484908122866959834e-01 2.823434366150952540e-03 1.192096310570544670e-03
5.575498722411179053e-02 1.305258857972972919e-01 5.437814691135238465e-02 4.917399391482490945e-02
4.688500948381041193e-03 1.061629914642943096e-01 6.600986968667038601e-03 4.359755031158860095e-03
2.805208322338311258e-02 1.448661138606497145e+00 2.543386480178997169e-03 1.652270954082963412e-03
5.653789361856614848e-02 1.684980323900634180e-01 2.817783874770531105e-02 4.225282011403466015e-02
9.382469934010808851e-03 5.710707849398135139e+00 6.198893508881830883e-02 5.032551161262613197e-03
4.031047356991871236e-03 4.999949075060056147e-01 9.272176559321238659e-03 3.311272446965887999e-03
3.194861875143416297e-02 3.479034680517597566e-01 5.745944330644979503e-03 1.088756342810472469e-02
3.597424559000252098e-02 2.611372962613254245e-01 8.553048036662456652e-03 1.714408552330885793e-02
3.297550230122618664e-02 7.534925705590679534e+00 7.378348885163123205e-03 9.509801480237431437e-04
7.874547393222519620e-02 2.544705711484642197e-01 2.696845101737647184e-03 9.340752264352799109e-03
1.992638566561844016e-02 1.652719716560580587e-01 9.077678797708333899e-03 1.462177938636601351e-02
1.042217460379346421e-02 1.140165113334016406e-01 8.603104285831623954e-02 1.028018006954206295e-02
2.951474422302183612e-02 5.110449214672247997e+00 1.432636769495139635e-02 2.560178960960698795e-03
1.729790073070663816e-03 6.548604474893210181e+00 9.328141558144868728e-03 7.811697247447974479e-04
6.779095634791371984e-03 9.675963626107451088e-01 2.109366204200207196e-03 1.649548302985813118e-03
6.947330168811015338e-03 4.929093621951512461e+00 1.493384461060090441e-03 2.903128817200171293e-04
5.633007810607668781e-02 4.808946922313890315e-01 6.221236850012981656e-03 1.052062430890975120e-02
2.263415530560898125e-03 4.247379511720362766e-01 1.251876899515809135e-03 1.280260404840391107e-03
8.515321484405874441e-02 6.280545495972427616e+00 7.225604887442351430e-03 1.135137661894205282e-03
5.347065979451520040e-02 4.242976596541164547e+00 2.859904141531476995e-03 6.656416576332576567e-04
3.675171262832523100e-02 1.075180368021736887e+00 1.359907430422161063e-03 1.222737192654741335e-03
1.749260361704211382e-03 5.012542777900322877e-01 1.065098993585907039e-02 1.616208782051751103e-03
6.847636135303837406e-03 7.848031458658815129e-01 6.543889287012771838e-02 6.327963959868070261e-03
1.159365941628683928e-02 2.359756789349778949e-01 3.060633139515670821e-03 6.121662204469603512e-03
4.385441661361542953e-02 4.658407320428189280e+00 3.245865755574635358e-02 6.012473616121023941e-03
1.633329968610535516e-03 6.896215275218118279e+00 2.058981531059749220e-03 2.524245761919688739e-04
6.769039364562466285e-03 1.065025287995696290e+00 2.200913644316558962e-03 1.583198106806945737e-03
1.566884673982759518e-02 3.052270087611260174e-01 1.042750098364676704e-03 2.804778562340161374e-03
1.099639340149911361e-02 1.776078061344646131e-01 1.152086846338075399e-02 9.402464948580394055e-03
1.358602637318893566e-02 3.076844856432501274e-01 2.526810117257390857e-03 5.118414834748246170e-03
6.126793377354212977e-02 6.126062179850804590e+00 2.602297544224591551e-03 4.218662978470277109e-04
4.853528706852763830e-02 7.094649495597186828e+00 1.493116398356148129e-02 2.017102090242868951e-03
2.533305849106980059e-03 1.422533834805787822e-01 2.991931158378797247e-03 2.260976368773132735e-03
7.464239563940974764e-02 5.901207347678142590e+00 1.617603610523745197e-02 2.644041293366509223e-03
1.207315415993417268e-02 7.099100728748055644e-01 8.773602836417614126e-02 1.099870095026731116e-02
2.017595789309371140e-02 2.851357615767985965e-01 1.252419405283475978e-02 1.382538105914581615e-02
2.665978341129183332e-03 2.318533082349152896e-01 7.274100628833980904e-03 2.457179762054071195e-03
7.092121327623385728e-03 4.818512038663699260e-01 4.247884772200216479e-03 3.930280818730572459e-03
2.065151058135852521e-02 3.942420989710870294e-01 1.271084405053177734e-02 1.258830549606899767e-02
3.287031541064835017e-03 3.463759143916407268e+00 5.916563178226454979e-03 1.124024679358889183e-03
1.025250101670704744e-03 1.574574991915827171e+00 1.839373407068404208e-03 5.460272117001235045e-04
1.760727896657775932e-02 2.664354261987170180e-01 4.710590673175805640e-03 8.821793804463759145e-03
3.011696721190098083e-02 2.003019631190822381e+00 1.153396712818498780e-03 5.650258072409867615e-04
6.738444995915734981e-02 2.898275991692675468e+00 7.335475171252819893e-02 1.839905256236003261e-02
4.174178921682881668e-03 3.401885493090071599e-01 3.579475422170854196e-03 2.988583015280182886e-03
4.062820374739189305e-02 2.599832011848013380e-01 1.559827859371847036e-02 2.422429414886985433e-02
2.990206469388619406e-02 3.265919897141956185e-01 7.636838030294568203e-02 2.651180876535876724e-02
4.520043988745608282e-02 4.961434335224466641e-01 1.227960568981078127e-03 2.346524125975052010e-03
1.575628278239531816e-03 2.874151668414981931e+00 1.705851541774359732e-03 4.311189554458952811e-04
3.370530067502174737e-02 3.367072997919262067e-01 2.192866289086779774e-02 2.221057888484513285e-02
4.044857118046379756e-03 7.899191920191914740e-01 2.076420582693695640e-03 1.593242041867012383e-03
2.869187222391266032e-03 4.133149595057409087e+00 3.557484762255628489e-03 6.620987623725935103e-04
2.028957059934212177e-03 6.007948800510327647e-01 3.780294516373949865e-02 1.965575464792263926e-03
4.035831499693490892e-02 1.734113632373863956e+00 2.708232832005740866e-03 1.503556107244453845e-03
5.033129382443320837e-02 3.784714816867204235e+00 1.175143674403411435e-02 2.924554997274517090e-03
6.712422015541332117e-03 3.209645816555990461e+00 3.376486132794085521e-02 4.097751346117887994e-03
1.306898646905959097e-02 5.778957678103401108e+00 1.431920523610070647e-02 2.082908404181874670e-03
1.884149430522602271e-03 6.266446422807841365e+00 1.544256598099456607e-03 2.179290979013730504e-04
2.608642810053761040e-03 3.140668516019693990e-01 4.137411802951637685e-02 2.557989626273696193e-03
2.438669012080817849e-02 3.185785410997262090e+00 1.923611131511148223e-02 4.839783556583238978e-03
1.461475653042881547e-03 4.198073309196924674e-01 1.421438690437998352e-03 1.020846013124397786e-03
8.830631046859436714e-03 1.199528057935906444e+00 2.444514378514153676e-03 1.655782175156491481e-03
2.631673823704487169e-03 1.873400343506544719e+00 1.732166279057452320e-03 6.842180503468186202e-04
4.127313458037296968e-03 2.767901838258212788e+00 1.230045827276192438e-02 2.139895022223885657e-03
8.986787908434374153e-03 4.167714265249813366e+00 1.515255543128737154e-03 3.494332327400706106e-04
4.099681346511409308e-02 2.349506964713531376e-01 2.878557483377024075e-03 9.432794339617182888e-03
2.631797999908436908e-02 1.419994049901188438e-01 6.954401560772152484e-03 1.711875157866507915e-02
9.883429757287573447e-02 4.180858535542297361e+00 1.176156740824544538e-03 2.805209624355322891e-04
1.452783145186762291e-02 2.112561124960092296e-01 2.539367400934510605e-02 1.296131937194056581e-02
1.811598977702358684e-02 8.595515052402951106e-01 8.822609905932629615e-03 6.551970294654702390e-03
1.853127491670446270e-02 2.705362948969352921e+00 2.113181359247578734e-03 7.495155756864367493e-04
2.480032914795319426e-02 1.698126993846830857e+00 9.788829497032576488e-02 1.734014471793922721e-02
7.113116586493908877e-02 9.380544316471256749e+00 5.603968249558796688e-02 5.511171059704857850e-03
2.089911898088268188e-02 3.909028482695847462e+00 4.749508678604179995e-02 7.683279446412207003e-03
4.101273345880463578e-02 3.102809298070102750e-01 1.242930375113628690e-03 3.649378182312383503e-03
7.119806840578252194e-03 5.222382703313132701e+00 4.302382293606420854e-03 7.383951803608781225e-04
2.586894343010823216e-02 1.662816557350976776e-01 2.521432484646317015e-02 2.209890006560556730e-02
7.004659145397983469e-03 3.185735699190187509e-01 9.865408351729239300e-02 6.849722321544612046e-03
9.886483071683506429e-02 3.071268318963782384e+00 7.407096271151544092e-03 2.354306898136524807e-03
2.411278996805895844e-02 8.840851968590324184e-01 3.817708933262190137e-03 3.662378906603663224e-03
2.746056843970020797e-02 2.419778961518805893e+00 1.204867026593150082e-03 4.890566733197211332e-04
1.525401568781689296e-02 5.364377096581973703e-01 1.631087147127509643e-03 2.535239546824011748e-03
5.630669174368842754e-03 2.998445192212196186e+00 1.201781375434452480e-03 3.741675706213316095e-04
9.940346249168229009e-02 3.599019840988732510e-01 2.629814634681050881e-02 4.211330919987649191e-02
4.152629219984435571e-02 3.925099155935277695e-01 1.582758159944168061e-02 2.045816567110585182e-02
3.213711380598776451e-02 2.300163062756251708e+00 4.138584620648796952e-02 1.153466843179156050e-02
3.302546483239240938e-02 2.517728106001930755e-01 6.135944392662406877e-03 1.402286347382205797e-02
5.809865423498002807e-02 3.426032534876586877e-01 1.843844049200622781e-02 2.793840325683599746e-02
6.677423872017274054e-02 1.409558757764990622e+00 1.586118862377506461e-02 9.629805771552037499e-03
7.278303195011434808e-03 2.205881399742592175e-01 5.637611818812680170e-02 7.076767462519755435e-03
3.713123238111572244e-02 3.521673388782597502e+00 9.001009028410195123e-02 1.513848146781745195e-02
2.964824198367152584e-03 2.214021313941976210e-01 7.904600845345487528e-03 2.737495525011661695e-03
2.178403510817036436e-03 1.156955398345911323e-01 1.634393561665965430e-02 2.145321590908649215e-03
3.616587873352994364e-02 2.838775093975268171e-01 3.323166291310896553e-02 2.762984109608613084e-02
2.160544228164119895e-03 5.308924762083480076e-01 1.002749631434956754e-02 1.938773466465471907e-03
1.201091258678437012e-03 7.109278962917533473e-01 4.319122030041724902e-02 1.177806063977784650e-03
3.322371810252056079e-02 3.133658422003156918e+00 1.223748372002623867e-02 3.494432902054381285e-03
5.711486098933279097e-03 9.266926716395628816e+00 3.106796834526687982e-03 3.166684324797582072e-04
9.118008599626691024e-02 1.883850152666753930e+00 2.845910887273290970e-03 1.486067131138919806e-03
3.890069817383340171e-03 1.107399635204378702e-01 2.448761079706961163e-02 3.822818767684245996e-03
1.209461333589179760e-02 3.988687582534205411e+00 4.513153799284243956e-02 5.845881525297406955e-03
3.389425700776598632e-02 1.212663074617345238e+00 6.164197083168774377e-02 2.033503670775872046e-02
9.348612274846845871e-03 1.872486472034599336e-01 1.224804386816326926e-03 3.848400736099602364e-03
6.852127602999003031e-02 1.708269736891852852e-01 4.713604612486676539e-03 1.967138248118455168e-02
8.204696007361733656e-03 1.206273835511445292e+00 1.227782307093025016e-03 9.054991459123386743e-04
8.093250150355646086e-03 1.802899274906797911e-01 5.304942485460719531e-02 7.876603134073697707e-03
3.283028572087702199e-03 1.101844790909043637e+00 8.905249570669292181e-02 3.154874877853637224e-03
2.130038609221484788e-02 9.369706267502956321e-01 2.342473383127937660e-03 2.237439237952947631e-03
3.038036850748490787e-03 1.257480258650076399e+00 3.544297681976352893e-02 2.742439167853008564e-03
3.111199862894865539e-02 3.530554492752753237e-01 1.817617139248935490e-02 1.939261457255110968e-02
4.102459781111052715e-03 4.557192542117969758e+00 1.248525854326826843e-03 2.568175554552734152e-04
2.603762674421005591e-02 7.021091506322172826e+00 5.190959106062542627e-03 7.189240728375802768e-04
3.214546737972136942e-02 3.275527770044236453e-01 1.565028314238901125e-02 1.921669074719284734e-02
2.359793872168030725e-03 2.370991392628230443e+00 1.392349536255089570e-03 4.702260741554561019e-04
2.586410649961327305e-03 5.344848057765603233e-01 3.918220242815160376e-02 2.498268603494697027e-03
4.475221729167650625e-02 4.697718697017401190e+00 1.867647526395871393e-02 3.651279533195411764e-03
8.150212615735239266e-03 1.256513908821567771e+00 3.321427059238057228e-02 6.229492156050571439e-03
6.884579809431930382e-03 1.385967512093286169e+00 2.166348802109727394e-03 1.273847509389543177e-03
4.090677486094373289e-02 5.327238053202344226e+00 1.840110030829159591e-03 3.425231403869241588e-04
9.474606229192857401e-03 2.495634914801962090e+00 3.371837008052688128e-02 5.569188111032559105e-03
1.070820286722539262e-03 3.113414807009052820e-01 3.494186447636569125e-03 9.775493784758618448e-04
1.361254865567534771e-02 1.614521162281811750e-01 6.903806480006817459e-03 1.032550266311617858e-02
5.792489492919113830e-02 1.385462755246836541e-01 2.850321286528563480e-02 4.519884481398542958e-02
6.832080161478373825e-02 2.168618012823301522e-01 9.578217805725226103e-03 2.682549229434867330e-02
7.084181248386357821e-02 1.500713026006583073e+00 2.319025079185258950e-02 1.268567746677130501e-02
1.610679089286445875e-02 2.044949020029759534e+00 1.418635769218355583e-03 6.650813635832443331e-04
5.862137239304642672e-02 3.468151023739030059e-01 4.238427692640100129e-03 1.011275898147235425e-02
1.066089038906718658e-03 7.424380882487088273e-01 6.752375500331932699e-03 9.542348137885921623e-04
1.198473504603108676e-03 5.323068755394413820e+00 8.809647633539845896e-03 6.951074543531750218e-04
3.998479709777509432e-03 6.633496356856647402e-01 2.154747069847740351e-02 3.560232236421377681e-03
1.186889509806773706e-02 1.520404148283291401e-01 2.168317104759372085e-03 6.477819756581858039e-03
2.860270032138627697e-02 4.718942944135830153e+00 4.956295116966975486e-03 1.013096601140069586e-03
3.486174601980703870e-03 7.983112513965390233e-01 2.469882979791860559e-03 1.639167946408148866e-03
2.798610441336453480e-03 1.104331819535671749e-01 5.864350116559999444e-03 2.658503582943878493e-03
3.940640791530838211e-02 6.775806978778876610e-01 1.103824044213308139e-02 1.152585886880333997e-02
2.587036018602235227e-02 2.521768368726837739e-01 2.296009836861421637e-03 6.734599882767105042e-03
3.802541253892558620e-02 9.978871391074571662e+00 1.917190342583759144e-02 1.828846453380373899e-03
2.230536560086141939e-03 1.540504208238254957e+00 7.212591772596326292e-03 1.510783953524506016e-03
5.724563788529012272e-03 7.046070894753261316e-01 5.978427496407881514e-02 5.362746192227747441e-03
4.286981941481803060e-02 7.734919952829754086e-01 2.766978444691898728e-02 1.950046611982797495e-02
1.637274392163739394e-03 5.690378458641097703e-01 7.593232488197881533e-03 1.458339673634853530e-03
1.139444164148772573e-03 2.930029861229230814e+00 1.845007838748661524e-03 4.055633218054579929e-04
8.496995456125063309e-03 1.591434903413099788e-01 1.447890746415151156e-02 7.771211748432981480e-03
3.134607268962268014e-03 9.641083467604866897e+00 6.008548504162527365e-02 2.085612971914050685e-03
1.306225799377815511e-03 1.317107695908285026e-01 5.097074163259811969e-03 1.263575718063198600e-03
1.503693162931672711e-02 2.106200579499633296e-01 1.019987433042484444e-03 3.663061007653179314e-03
2.274346386922722601e-03 1.225867827171856383e+00 6.821282647194345551e-03 1.614468271493808968e-03
2.499041597101923917e-03 1.217113562258036463e-01 4.267694297099051785e-03 2.332782458774662181e-03
1.455028286010443331e-03 5.659143329271777212e+00 2.573134925312663829e-02 1.102288254189146607e-03
6.561403750116157063e-02 4.232018425872324130e+00 1.502543000382810384e-03 3.531308827423062287e-04
1.324189306267074123e-03 1.299399005328026657e+00 1.510260349086235167e-02 1.188753752794985061e-03
4.083189103951608695e-02 6.617554402955927451e+00 4.087538327047327696e-02 5.365195488194092477e-03
4.067407351441207353e-02 2.116574531866830089e+00 4.055493611059270316e-03 1.829863843310808704e-03
5.319378451597496851e-03 3.306555089305399098e-01 2.193853026760297920e-03 2.952369703546567185e-03
1.452141115755384336e-03 9.728830045679751626e-01 3.024667107335059571e-02 1.387341100518018656e-03
6.052383197606567983e-03 4.667386462507288059e+00 4.722494176461784765e-02 3.787057514041430005e-03
5.127635110929457639e-03 2.272489135077113420e-01 3.813393764218462462e-02 4.975596997100329918e-03
3.545540223027430354e-02 5.019311367760581177e+00 2.744269257423368608e-02 4.736956570905758064e-03
2.451023759097088750e-02 2.963387971202703364e-01 9.289481224789089553e-02 2.273278806643106581e-02
3.721032186660017116e-02 2.570671083159569159e-01 5.082681488425918985e-03 1.291133447217547060e-02
3.872521032665725282e-02 9.451004451228694592e+00 5.063407571965041973e-03 5.284425122554555626e-04
3.822768907236432506e-02 3.073527227041465970e-01 6.818754312632747949e-02 3.260886151800019422e-02
1.293438553470452898e-03 2.703770860212335592e+00 8.294011014560666306e-02 1.241107384416924482e-03
7.568065278616166458e-02 2.633946510235173344e-01 4.446115437868681901e-03 1.380168144689274991e-02
2.147563391594850199e-03 3.476121252716851684e-01 4.251442371391490720e-03 1.826793202936983357e-03
9.480064592004809609e-02 1.399908529243693911e+00 8.625349859102948713e-02 3.734322867464223705e-02
7.005054913297679986e-02 3.562169761268765722e+00 1.533914432043005822e-02 4.056748790297832162e-03
7.655220821633467766e-03 9.242374821258317885e-01 5.503850813436240476e-03 3.349461993254311022e-03
1.602300565931116284e-03 7.027315484770582543e+00 2.015067914563638610e-02 1.027917176072389244e-03
3.135175729776393944e-02 7.898360059196207761e-01 2.954726930705184676e-02 1.705686875396709642e-02
2.992756144653186193e-03 1.012250485591507654e-01 3.400849670667767909e-03 2.747971529451336600e-03
2.677198468921838416e-03 9.965885738275637173e-01 8.526623840334213167e-02 2.595968046830684876e-03
7.312697932662763807e-03 8.507318800512067014e+00 5.783962786880627628e-03 6.220474199686438751e-04
4.960506143643170912e-02 1.261184792753434980e+00 4.995487735939024843e-02 2.202366043166916962e-02
6.738940919839556641e-03 9.987331778077405131e-01 1.047199427863161961e-02 4.102343760801381578e-03
1.589888101839699672e-03 2.379469914165941724e-01 1.915261652480199084e-02 1.559092371330824366e-03
1.717338331512993817e-03 9.384138581102106080e-01 6.074631255260373036e-02 1.672955525956826327e-03
5.813067823838790477e-02 7.152039156269304199e-01 2.967093073385229825e-03 3.872247641639142528e-03
1.925055044230695881e-03 2.615568875647638514e+00 1.993410369641267915e-02 1.536862197728748039e-03
5.922525370882603807e-03 1.598034444614030880e+00 1.027194631506810540e-03 5.798533726579425561e-04
6.343595104716039275e-03 9.222950239158548280e-01 6.433293983873675757e-03 3.322235795000968474e-03
1.376884623941905007e-02 1.153153667611253708e+00 7.909300436269144086e-02 1.146691098931840180e-02
6.624321903994548344e-02 4.172969388621817766e-01 2.608245801694021853e-03 5.711436501799721857e-03
2.793474364444089100e-02 2.097615150331252565e+00 9.564067427220912521e-02 1.732202678187532222e-02
2.847149016918368303e-02 1.348319201652731669e+00 2.786375481072792936e-03 1.926707947497528078e-03
8.915542519163204005e-03 2.110551613397698922e+00 7.264808083492312052e-02 7.081381031482125374e-03
9.859704082171230274e-03 7.607695348254286394e-01 1.826882161541002261e-02 6.989782077115404280e-03
4.983941356731400041e-03 8.515479522235489540e-01 2.910865251149122659e-03 2.027634244587378943e-03
6.425799746711001459e-02 4.210576261771244999e-01 1.263070789223403679e-03 2.865965604027942946e-03
1.693627630789578190e-02 4.077076756323106288e+00 5.610606632554774806e-03 1.272721372778646805e-03
3.233657762805387456e-03 7.276496891587899363e+00 2.398487408180740785e-02 1.632317550705112037e-03
2.661481768945777541e-03 5.337202411913079203e+00 1.128621933924164704e-02 1.178375323451449387e-03
4.418159469610588586e-02 4.961804187755948448e+00 2.050313507565569224e-02 3.778774253691359088e-03
2.816349792138507675e-03 8.114088201648189669e-01 1.729198405938406737e-03 1.213136729078879593e-03
1.242255688444388745e-02 3.591707119574644169e-01 6.232744018993129249e-03 7.239811470257234705e-03
2.538311131429311571e-02 3.944489325897351240e-01 3.199777691625862487e-03 6.147410132827442475e-03
2.660543475144848749e-02 1.225509167788877196e+00 5.513212221244486594e-02 1.671824456242872181e-02
3.689755425400640526e-02 1.750882716332538003e+00 4.423367816468798050e-03 2.364469889072570458e-03
3.714249661013885317e-02 4.554242704865528735e-01 7.318638862907647646e-02 3.016942690374589328e-02
3.026041392752391087e-03 1.048384704945378026e-01 4.329426140781888685e-03 2.819442297006132057e-03
1.074758520758549440e-03 1.170640151578906885e+00 1.151865974729442956e-03 5.136791499881774355e-04
1.753281928235909557e-03 5.017072432560213402e-01 8.298667091882613867e-02 1.734892578442798683e-03
2.552758908146782538e-02 6.582740939144593462e-01 2.692942048647504680e-03 3.525875338140649958e-03
5.442694665221421008e-02 2.592000178585082137e-01 1.039397605138469129e-03 3.734848426859885794e-03
2.416346372544364920e-03 2.538155589305206572e-01 6.437242021136853690e-03 2.206155562262288386e-03
9.184527789639709144e-03 8.740473617031065956e-01 1.202244103625986363e-03 1.196326820748035884e-03
7.090769156323582789e-03 7.995266255015571755e-01 4.253405234076963054e-02 6.256813892981614826e-03
4.719034722610185306e-02 1.513756655716968824e+00 4.520632056584711865e-03 2.808626918993448011e-03
1.560892401331320962e-02 1.151073704309169277e-01 6.168374089223839160e-03 1.208797994736642012e-02
3.031073669560670810e-03 1.486266627747614422e+00 7.884666320841403342e-02 2.867250424153147941e-03
4.858902463300243668e-02 2.441318792919394021e+00 7.865586999376325550e-02 1.937280438890200476e-02
1.428388693201157293e-02 1.243858073531862285e+00 9.502392525860217654e-02 1.203385343102928579e-02
4.861434095105170161e-02 1.782403623875685739e+00 1.667015974075884005e-02 7.843637394053387668e-03
1.373098451317807675e-03 3.876083885323632905e-01 6.365279838633278175e-02 1.361712670431576956e-03
3.710858380375021970e-02 9.235187393437895409e+00 3.424850385780513987e-03 3.671785264007609937e-04
2.589873329316439484e-03 1.927386221696325119e+00 1.663122962618933083e-03 6.472428762215557286e-04
3.107208816808310851e-03 1.898265377521418440e+00 4.870647663531483748e-03 1.405347125346885365e-03
4.628843168141663460e-03 3.132488390675129408e-01 4.371790683973568459e-02 4.480248018790795352e-03
7.845469242121080877e-02 1.164642474276194495e+00 3.086197017524799913e-02 1.980851123786063830e-02
1.124798903707893358e-02 1.099904943879389974e+00 8.810560349175637629e-02 9.863030184963384947e-03
7.208545077719296507e-03 6.798667642643744458e+00 3.068856130678805985e-02 2.775759455849635422e-03
1.276852621269776488e-03 9.253180468754605981e-01 3.103816412654946191e-02 1.230030440332413122e-03
1.217910213147479050e-03 6.519418844588469319e-01 1.380675883079123673e-02 1.151678833460989407e-03
1.626882595191917087e-03 1.212267484219151870e+00 6.946024873369931359e-03 1.267107048275696113e-03
9.486410864946510924e-02 7.629569955123512770e+00 5.034449068565412765e-03 6.553019565166622691e-04
4.527956057492093199e-03 7.866069906576836912e-01 2.919119683000434562e-02 4.035562682184429088e-03
1.504050592541849966e-02 3.522767429673229200e-01 7.586225557858406431e-03 8.855553382965229356e-03
3.061011641256264869e-03 3.156661656659641046e+00 1.097248241969131250e-03 3.121509160062159449e-04
8.741259015901128859e-02 7.436443539579881135e-01 8.062088806494513427e-02 4.839342085899088486e-02
3.512246087031369729e-02 1.891391194349245630e-01 3.916260129598161249e-02 3.002877272948961326e-02
7.258486095360582036e-02 1.555848362606321034e-01 5.563294244412979317e-02 6.033688861075916371e-02
7.246102968741335339e-03 9.057672163719693970e+00 3.733017940882177657e-03 3.899589650519933240e-04
5.816244339854328635e-03 2.562262098141910194e+00 9.934807033055030601e-02 5.057580228939814911e-03
1.121397390577152757e-02 2.570830140380177653e+00 3.402192676482265667e-03 1.183692994823586867e-03
9.542174301234933320e-03 7.819650935298917638e+00 8.247178994713850325e-03 9.497049469453981794e-04
7.152520974027279377e-02 4.842859288061411860e+00 4.867516418450864787e-03 9.911633472698491449e-04
2.690257010595025009e-03 8.697852530352077061e-01 1.059595563499809512e-03 8.385202666094037586e-04
6.883864186157916294e-03 6.537067303185439826e+00 1.383543084688473521e-02 1.618765540265841270e-03
3.325829678226454797e-03 8.910390975954669557e+00 1.862710686052920046e-03 1.966862971831307859e-04
4.406415373640892863e-03 8.785404840335981902e+00 1.820549108741597406e-03 1.979166735133839467e-04
8.391905577403329861e-03 1.890098761705428232e-01 1.877099384018127842e-02 7.738039562923878026e-03
1.531568101525883699e-02 2.627803593225608858e-01 1.603800004042522584e-02 1.224328629814653777e-02
7.369636521637535839e-03 1.729463765526054742e-01 2.862284222479922688e-02 7.055462502856207387e-03
2.116469915808344773e-02 1.395563081989024679e-01 8.339107467339948454e-02 2.044070047614557004e-02
4.814216670993605798e-03 1.252611333914763758e+00 4.348420216897235652e-02 4.227896529651600441e-03
4.671223076247137465e-03 8.281796686800457774e-01 1.988373504055522458e-03 1.585821959476441936e-03
5.785011364087872324e-03 2.656933486337346717e-01 2.556536911443216958e-02 5.456930247849923338e-03
9.527094612631098469e-02 6.257874829586093313e+00 6.351794463263633200e-03 1.004308418387514284e-03
2.963460188302270704e-03 1.472554583893783686e+00 2.012757397179057092e-02 2.435434030072609109e-03
2.328638176929135901e-03 1.529362458824415461e+00 1.980376769371519022e-03 8.321586899586553643e-04
5.690116459195252406e-03 1.709025354684682030e-01 2.137919733342112660e-02 5.442556058972512940e-03
4.788805175336462161e-02 1.991985910726065567e+00 7.015342334874018204e-02 2.029354914876531357e-02
2.589682339476553907e-03 2.089267232445761457e-01 8.292497889787890653e-02 2.572895180171545608e-03
2.747546033068369933e-02 8.757787504269458623e+00 1.535309845317208485e-03 1.741964924659551923e-04
1.239712296033883450e-02 9.747719747705511084e-01 1.172480349723696450e-03 1.096443336174890123e-03
6.388045406997317974e-03 1.353533902620120133e-01 1.869358993185947504e-02 6.105638379445665030e-03
1.209598861374195852e-02 2.642507152716372376e-01 5.159615903185637426e-02 1.139035780412871006e-02
5.714653877734154896e-02 3.984869939779005055e+00 2.216826273582398355e-03 5.509474524790428226e-04
2.459153151410972248e-03 4.761496029108307049e+00 2.890348520003547216e-03 4.868497344253962310e-04
2.153546789939679226e-02 7.687381042574240597e-01 4.643691381747260677e-03 4.717434162783474584e-03
2.937100345068130967e-03 8.323665813964217008e+00 1.690534143478402383e-03 1.899637691668854813e-04
2.888928547828690380e-02 6.848506582771992868e+00 2.708185008266754141e-03 3.901019043187286357e-04
3.901323711439922542e-03 3.795724336084178030e-01 8.075648956702530940e-03 3.296790023989369916e-03
5.809193999319236558e-03 1.041131227710973273e-01 9.861314098328567701e-02 5.773782283965738817e-03
1.058562502019063691e-02 4.245703103263318567e+00 1.573628774398139543e-02 2.745208319561324734e-03
6.113413433067145519e-02 7.126279868936290507e-01 1.430823988522310353e-03 1.943968087706160822e-03
5.361528903170885256e-03 4.725389375540617332e-01 7.779653473012380915e-02 5.192431561459763187e-03
6.006894223448760832e-03 6.790821342646650161e-01 3.119418942671539022e-03 2.603011219826115771e-03
4.166518538381391162e-02 1.764952525744429845e-01 2.866082275859199377e-02 3.315768629045157817e-02
9.171639937373269810e-03 6.438356701296094720e+00 2.782378812775344705e-03 4.127102607088348348e-04
2.852220249701525184e-02 1.703172960239200950e-01 3.267877425380599082e-02 2.483098229198083332e-02
7.333749717817710304e-03 7.696723609865430582e+00 8.640378864940660708e-02 4.435879506325954465e-03
1.595034428658174443e-03 3.342426872765501766e+00 3.128882228236425089e-02 1.362823628841538940e-03
1.784590104099947807e-03 1.318474223780410903e-01 2.516988255045253184e-02 1.768061872338322479e-03
3.471233241411151443e-02 1.328320773466808991e-01 6.378622240509333394e-03 2.014797591447841166e-02
1.503546960364055170e-02 1.646832499156366536e+00 6.903889578147238276e-03 3.278190802358380961e-03
1.526102494504100876e-02 3.151079384514700044e-01 7.038152003852674900e-03 9.066363873876640347e-03
3.126286920967504684e-02 2.821923114108138564e-01 3.040886385939596190e-02 2.423257648424637437e-02
9.655045662626134118e-02 2.227235620166596874e-01 2.984397329271712071e-03 1.176656014007561660e-02
8.122527060999681914e-03 3.077280097383690571e-01 3.581620241507042085e-02 7.592653511691910620e-03
8.273310682008375855e-03 7.134862517949245309e-01 1.578730346678595964e-02 6.021764903416338029e-03
1.321193231866947320e-03 2.912868398519422031e-01 5.278595265909561546e-02 1.311630535661077604e-03
3.060401394991198523e-03 1.365893446229826946e-01 5.073523337382587067e-03 2.827442483074589768e-03
3.406546529779115595e-02 2.242972216301644672e-01 8.030255155789379692e-03 1.745604005611026480e-02
1.476714252114523507e-02 2.217815274722326091e+00 5.089709649922113943e-02 8.985339274043366298e-03
5.940125626220073285e-02 2.829844982701045786e-01 5.263205998206473175e-03 1.416406037334396600e-02
2.862228020488061849e-03 4.252892747949930552e+00 1.291629338896878526e-03 2.745717366315197634e-04
5.656827133600505347e-03 3.248330426825716266e+00 3.408074697913484469e-02 3.675250276634314545e-03
7.668508442390812446e-03 1.539802832726973714e+00 3.107078585421686918e-03 1.597488914903104004e-03
3.547793284186202822e-03 3.910064966356165406e-01 1.471824888789503155e-02 3.242211488690780602e-03
4.243720742182710559e-03 2.979524085471108474e+00 4.117187508575413657e-02 3.246645518375930548e-03
8.336536756836858408e-02 1.306848213498365274e-01 2.738677529805969360e-02 5.964021086377774977e-02
6.522475629709319211e-02 5.662874200710054318e+00 2.671689616693522732e-03 4.684022926206931172e-04
5.689885795060347501e-02 2.158501432343052084e-01 2.038226300136887752e-03 8.098738808253611032e-03
5.931171651630710168e-03 1.062733817147578419e+00 6.866217170409426307e-02 5.432465805605270898e-03
1.963450340352532880e-02 1.432250939997909311e+00 1.918318993420297432e-03 1.253842299460586991e-03
2.577816775405270076e-03 9.203154446398283284e+00 1.155615229950915542e-03 1.197349235545459118e-04
1.619044803421407566e-03 3.834865138647896021e-01 3.827220628351871157e-02 1.593198680704808155e-03
8.906496773845926085e-02 4.214409673528432543e-01 4.766569578084368236e-02 4.982720408789561434e-02
1.193975134038120778e-02 1.395448940434887153e-01 9.064702548140809654e-03 1.008591648802899948e-02
3.280309008875376825e-02 5.018676040684382222e+00 4.474499836780190982e-03 8.679785926567289665e-04
1.764573616610732448e-02 1.854643980053823915e+00 2.265144426637068741e-03 1.142274818148669886e-03
9.421140902770588910e-02 1.865114489905705941e+00 5.389613843422529429e-03 2.803699606727445837e-03
8.139518963584833899e-02 4.227883717792638163e-01 2.737358818549652170e-02 3.606090967947626208e-02
2.037142877123919449e-02 5.858243398686752146e-01 8.147668518939034377e-02 1.776879256469831095e-02
2.456619122102536232e-02 4.413415947320742938e-01 8.919230614281116465e-02 2.190362023109338613e-02
8.759047397731976881e-02 9.846517825064527329e+00 8.719371712533069071e-03 8.766654790486002637e-04
4.168280261238559159e-02 7.863031231330706028e+00 1.433134564239891542e-03 1.814688604658615994e-04
8.649479794815763400e-02 5.267274269981465640e-01 1.026976603833704800e-03 1.906749468060701643e-03
2.791339396701232947e-03 7.351381271033958775e-01 1.890531227921776487e-03 1.338502398683813922e-03
1.143271099386834917e-02 2.899356778068139517e-01 1.181964117448716482e-02 8.928706335024369153e-03
1.041607201804727219e-02 2.843356550936367633e+00 4.175985518794438772e-02 6.094077069093022797e-03
5.137602100793017823e-03 9.888669295688727878e-01 1.187989567040519763e-03 9.736811890889017669e-04
2.791194661362225368e-02 4.512522743936703051e+00 8.438640719515911118e-03 1.752626672752360514e-03
1.061127388019677924e-02 4.848756507664649940e-01 8.398306518047887054e-03 6.580058899672329431e-03
2.387007745504909906e-02 1.494374858665328709e+00 8.472387261900815592e-02 1.679779200308549603e-02
2.261826313098518060e-02 3.334967708649768658e-01 2.518980900933193590e-03 5.662334966490993778e-03
1.144444390100374069e-02 4.703113922689460047e+00 1.607314848600816881e-03 3.318458341134915388e-04
3.164143615571311796e-02 3.920020748831906654e-01 5.944706762228281482e-02 2.617919984848396386e-02
1.406866929796372163e-03 8.259451223219331784e-01 3.298793723145563780e-03 1.040390884177551899e-03
2.776449199029751985e-02 3.934175806725741520e+00 1.922960262614349788e-03 4.803275240769203807e-04
3.545162323198126821e-03 1.631752642648449214e+00 3.253868084564890545e-02 3.010029845565055911e-03
1.569117477020814423e-03 2.898887162499932946e-01 3.884740518397212117e-03 1.404645644196407745e-03
9.082618880288037544e-03 1.399173516561516672e+00 2.874921907471395238e-03 1.675651869709953367e-03
2.102425513772792319e-03 8.880516486671160559e-01 5.008174883282955764e-02 2.026863443708121736e-03
3.307578172202853273e-02 1.268137036483570068e-01 2.770984059007390934e-02 2.872730489469419238e-02
1.490891560606637072e-02 1.666849335653164677e-01 7.609486448337349218e-02 1.443742105592647415e-02
5.871447134386500316e-03 1.040847272284415315e+00 3.200064196046584208e-02 4.929955488538386582e-03
5.635717338656032194e-03 7.810315823728141149e-01 5.873939477268282083e-03 3.221595003499047247e-03
6.099264058983882089e-03 3.463277483169935889e-01 2.790893110948706839e-03 3.471664190840821184e-03
3.408431532612345854e-02 1.879102481458585772e-01 7.074752899040201437e-02 3.125480933022426605e-02
7.804113265332947129e-03 5.423630665827578134e+00 1.644202965751980546e-03 2.918195059468350655e-04
3.793988575701297706e-03 1.481497180737199326e-01 2.180983269257745494e-02 3.698667313713110277e-03
3.740812341335031464e-03 5.485493537855197221e-01 2.483070480172829431e-03 2.048184119595046308e-03
1.173383833774487017e-03 4.078709341498784613e-01 7.322252877160048690e-02 1.165764291499038572e-03
2.031081482241398062e-02 1.634954074613924335e-01 2.796529100760610301e-02 1.815500727117379948e-02
2.424501333801920479e-03 1.215577992899225107e-01 2.110577068341396023e-02 2.391112287655819662e-03
1.171352143225881833e-02 7.705321407618210827e-01 1.279767530893517096e-03 1.454632187439221886e-03
1.328538891696723605e-03 7.005266990001404181e-01 7.829732521677150101e-03 1.187399308592716057e-03
1.088998773719905208e-02 2.493537955468142775e-01 4.237891303342927740e-03 6.637171602609167297e-03
1.160146079716940434e-02 1.052898339797131211e+00 2.376804749168860784e-03 1.889698189236662567e-03
8.369530218774665076e-02 9.811592517546035452e+00 5.613148537737059490e-02 5.354904403814446899e-03
3.119293572807187945e-03 3.488744511387504299e-01 2.666035958716575071e-03 2.215112810486648699e-03
2.932321148834692286e-03 4.277949340425172831e-01 3.603842221425991154e-03 2.175180319840141867e-03
1.424847140678191758e-02 5.126560747266173834e+00 5.142045107111728464e-02 5.886444547147769157e-03
1.670404624403143759e-02 2.852856073405281578e-01 1.298284629621327541e-02 1.221899720723563718e-02
3.014533214596594110e-02 1.634474752878196102e-01 9.547351473317089443e-03 1.988376017601510559e-02
8.101837812920217874e-03 1.905470915320862935e-01 9.009517336187118641e-02 7.965351442070370616e-03
3.013365622259846568e-02 2.535144849037338499e+00 2.743723345353778122e-03 1.044751677892401080e-03
2.041274160177084310e-03 6.723136321334469701e-01 1.545830731878576614e-03 1.081302367494452101e-03
5.257449317473374129e-02 1.527168309885481357e+00 9.908105889822420992e-03 5.775210726263614591e-03
7.368433781623360407e-03 2.802319954100668808e-01 8.943669613822138528e-03 5.986337355203143369e-03
2.193464113696918637e-03 6.229646004227847200e+00 9.841409576735433984e-02 1.926039279250895027e-03
2.158269293185519685e-03 3.223771609753908196e-01 1.538373260080736892e-03 1.486123934094969127e-03
3.353309762011513848e-03 4.969446468857984800e-01 1.388944837791960618e-03 1.524393579000623460e-03
9.582958073841397334e-03 4.204187012652516597e-01 2.599982611142194391e-03 3.758656738164248019e-03
4.232562142842947149e-03 5.707938375881368431e-01 2.985944717999537701e-02 3.915740555786679719e-03
3.494115378191215652e-03 5.946738159033337912e-01 6.134891039183310718e-02 3.379648270654760610e-03
1.336396489480923266e-02 2.762575882034333130e+00 1.406506852536134212e-03 4.904442466012996380e-04
1.439072134674751653e-02 8.460323324171944437e-01 2.868493984764305602e-02 1.010272703964588438e-02
1.025983107506806252e-03 3.068950942363235956e+00 1.279152057744913432e-03 2.963944615125894922e-04
4.524985207434770347e-03 6.368697395432104891e+00 5.431562259252114590e-03 7.176019078398658936e-04
2.323864853179263140e-02 1.182951080552391065e+00 6.428192203519487828e-03 4.404175975078511614e-03
3.474181358402334517e-03 2.561083910871849501e+00 1.592413551899009554e-03 5.273869802668051422e-04
3.041539466453553262e-02 9.589591680363549475e-01 9.184438421206716704e-03 7.283884135825494099e-03
1.256593137448313961e-02 2.822281258646537894e-01 4.194454242768486801e-02 1.158629667644684239e-02
3.566210332640519943e-03 5.614430543449787647e-01 4.322805676359582627e-02 3.408343702805034098e-03
2.739521579330998075e-02 8.144255844050730886e+00 2.359543630300315123e-02 2.620098386228274148e-03
2.225168812459895826e-03 3.379962086770078145e+00 5.941216805625464115e-02 1.975136311196049564e-03
7.190343130097141822e-02 2.283938010463679724e+00 8.186762111261113375e-03 3.414286689445988465e-03
2.170252918433081615e-02 4.319058544218685181e-01 3.225876058155417031e-03 5.556620429519560506e-03
1.067380079999768463e-03 2.196475294808629963e-01 1.646591824698583756e-02 1.052395708560235682e-03
6.036874466802151507e-02 2.338953252858476106e-01 3.803136548694412838e-02 4.402391416354134446e-02
7.112028668490448513e-02 4.498959200116675050e-01 1.339399810026521351e-02 2.098633557052801552e-02
3.682764038347689870e-03 1.209491314029759179e-01 6.561727168089236117e-02 3.657933037218607901e-03
2.365177708802708098e-02 5.768378933559613841e+00 1.551733389139644571e-02 2.415354618502965189e-03
9.816004916454691698e-02 1.017748391961053933e+00 1.336223308936986117e-03 1.295592125057735793e-03
3.326201228814281742e-03 6.340101788642227731e+00 1.599598178681660866e-03 2.345104507504272204e-04
9.904176326087239454e-03 3.160876635633958376e+00 1.149740550157865408e-02 2.660364298161501263e-03
5.042268741397061549e-02 1.157461974255638848e-01 2.194093117809220537e-03 1.377678209586211469e-02
3.348220818202122216e-03 1.562635305388080154e+00 7.839253556438136039e-03 2.008028941991580468e-03
2.956766980156219984e-02 6.331566218153057868e+00 8.283721999437956840e-03 1.252883116671421214e-03
2.568080535012855561e-02 8.635616996545959489e-01 1.460826190970459029e-02 1.019844143872975992e-02
1.055255551616597620e-03 2.899217087991424524e+00 2.107455374722228339e-02 9.214829164397923779e-04
6.374096458539568744e-02 4.444821740207276939e+00 5.491026131011448458e-02 1.034816258835520759e-02
2.724767841965018006e-02 2.006649588755507363e+00 1.119862731080752474e-02 4.632042629688098816e-03
9.725507868937482980e-02 3.181601258992654002e-01 1.219033870289604714e-02 2.748641674889755818e-02
1.442853176147533209e-03 8.083245558832599542e+00 7.400838249573585270e-02 1.246429154613013868e-03
2.755014649820794904e-03 1.824077564877694402e-01 1.140300146392426994e-02 2.638724717055661653e-03
7.480064759201971065e-03 4.896457972200630060e+00 3.888112609649001933e-02 3.851742729117571887e-03
2.334492448581123279e-03 2.441833019267695359e+00 2.085539753672730270e-02 1.833373420437559671e-03
4.185061048385041449e-02 2.096699968021215887e-01 9.160447522138169887e-03 2.137522492648308986e-02
1.766190435393233133e-03 4.241398458514544223e-01 1.282221436189635464e-03 1.114857604011471612e-03
3.678958721935674404e-03 2.474460928201651644e+00 6.285852606723449885e-03 1.502693687323829403e-03
9.231824071973001797e-03 5.989111314849012713e-01 2.962519383686765349e-03 3.220780711355494385e-03
3.484343988133867254e-02 4.070220224657131181e-01 1.365121010833262281e-02 1.708945203717801217e-02
1.587246905138200341e-03 1.444040587539509868e-01 1.176733127735921612e-02 1.556921088123690592e-03
1.281756607354518455e-02 9.138210706980824938e-01 1.554988655623794694e-02 7.310743714203611805e-03
6.048646374364054050e-03 2.401775160892165584e+00 4.462670454632387471e-03 1.421426506264438080e-03
4.536855860272449859e-03 8.047402230900709830e-01 6.277232689930112818e-03 2.868479048656821361e-03
1.105042430959635863e-02 1.726482121111514445e+00 9.185418953123837549e-02 9.149954393118213403e-03
8.512385987493960651e-03 6.688266506094667996e+00 2.058888088292498350e-03 2.970920098156025349e-04
8.618287979963715206e-02 7.740161922116334914e+00 1.185695264638750865e-03 1.529155952285584676e-04
1.349979737580284675e-03 7.057972490799884202e-01 1.239967497302667081e-02 1.253647355632280446e-03
4.313840569819996779e-02 2.256716642790859151e-01 4.273001531301960122e-03 1.315883277803185473e-02
8.774235054858020577e-02 2.272245223618897025e+00 6.978233765171876733e-03 2.967218479579336512e-03
4.240085121842604790e-03 1.607152555831970586e+00 3.628965648306287789e-02 3.569756953383409429e-03
1.108742796480691184e-02 1.969625295840637669e-01 2.908038647841526547e-02 1.031296974402325789e-02
3.736201568189453145e-03 1.724536583872150253e+00 5.548368748495693947e-02 3.347466570372864721e-03
9.545007148214912016e-03 9.475132966118520628e+00 8.367099306735015229e-03 8.082804979083644745e-04
8.170687615923076519e-02 2.565588657883454693e-01 2.467419887736760700e-02 4.417598789977699586e-02
1.091124676469825208e-03 3.766819570670588702e-01 2.500606717683773357e-03 9.371001720979213728e-04
1.966001738742910367e-03 4.862070962998566337e+00 1.687933440215261607e-02 1.255185033577440766e-03
4.101148952651484381e-03 1.903697459046017615e-01 2.754768208279987762e-03 3.195504316160612500e-03
2.128697518502615377e-02 6.492773961016632400e-01 9.721586045319760908e-03 8.790105980805398150e-03
1.761249029588203520e-03 1.011860083177150427e-01 1.969645512353380545e-03 1.615113379913370130e-03
1.370296219270607328e-03 8.398771337767621858e+00 1.495758888050847729e-03 1.576087309227609823e-04
4.207502794633979221e-02 1.324945881820775107e+00 1.373608530176957492e-02 8.317780471222342709e-03
4.689922029099591674e-03 2.657677287394037524e+00 9.965850391904288591e-03 2.083760564444713231e-03
1.436381565056131689e-03 2.379904089677816525e+00 3.264676012279894759e-03 7.016656842908022699e-04
3.023248197708114718e-03 3.468230923250789299e+00 3.555378778111632082e-02 2.334708973932671499e-03
1.418884551014213541e-02 4.996484178780024599e-01 1.799585493797517446e-03 2.872537287884222197e-03
8.812338763813112874e-03 3.358908002571397988e-01 2.256626271804310774e-02 7.790473767819911834e-03
1.479560924094215635e-03 3.411192240806388831e+00 1.801898889862068491e-03 3.892586602274816462e-04
4.423524133268490720e-03 1.738438122846707401e+00 1.269267782966976548e-03 6.266831618073771251e-04
8.935731410925525087e-02 4.706356701203847637e-01 2.338408945250942950e-02 3.193118615991465126e-02
2.727402158844861868e-02 3.707520752041805201e-01 2.593030533667299922e-02 1.962209856246554737e-02
3.108763569511365215e-03 2.410196379277413481e+00 5.802005980158756078e-03 1.356707188425886187e-03
9.409372712640154401e-02 3.219119042747535353e+00 5.043903267602877979e-03 1.541194140996037833e-03
3.273734900835192918e-02 2.322549957217159011e-01 1.218364003975377962e-03 4.521312232224574193e-03
1.487176521262253970e-02 7.479239187638256681e+00 1.116982379924995154e-02 1.357156286112455547e-03
2.014244873975752637e-02 6.785968775392859698e+00 6.374664695943766529e-03 8.975306512561864649e-04
6.814402215310587721e-03 3.377184841205391752e-01 3.823050130170971977e-02 6.427488680009928873e-03
1.810468804627124017e-03 9.361248520334061185e-01 1.449757417331671043e-03 8.346865694793268245e-04
2.735653202284547836e-03 1.480625864674120773e-01 1.593699678676587222e-03 2.181270761939197843e-03
3.507900176926000840e-02 3.465235532769257443e-01 1.862314624006830045e-03 4.660298777339242672e-03
1.139811586861474990e-02 4.422806580183982206e+00 1.130758545812454849e-03 2.500564936952541311e-04
3.317944438515183642e-02 5.717507162528497888e-01 1.164547890514763427e-03 1.919007074256276610e-03
3.565754554074607868e-02 9.586657967283489512e+00 1.912205213793530777e-03 1.983556742671499745e-04
2.184897603795515203e-03 1.009907574476659603e-01 9.843455876294843199e-02 2.180010812780744638e-03
1.810193434409007596e-02 1.203414902217573024e-01 6.115174452884223309e-03 1.334723688660440291e-02
1.012684806869207019e-02 2.895097813392690234e-01 7.392277294522381359e-03 7.251041473493908748e-03
1.649023524834021537e-02 1.914472940174865467e+00 8.208958133216805175e-02 1.190990844461001751e-02
3.617122489656608621e-03 1.263280970878117415e+00 7.256323324357820403e-02 3.402839354694940904e-03
1.845048371546934886e-03 3.876046697437300348e-01 6.134596427297123872e-02 1.823787309773490604e-03
5.572074777736703288e-02 1.111499261025897134e+00 2.035766092939038027e-02 1.378450750427370579e-02
9.803644522617433951e-03 2.895742612021549589e-01 5.176241511516254529e-02 9.293924024263700706e-03
9.941059109690203455e-02 1.151459896734652877e-01 6.086462746835268056e-03 3.450933536022766229e-02
1.228739228930265069e-02 8.067677646665452063e-01 9.018881905803161070e-02 1.107057407249903598e-02
5.691209485252549799e-02 3.085256820417329848e+00 7.660344272136297705e-02 1.728708531226688314e-02
4.718994839131934044e-02 1.482860260247086670e-01 6.687213590133955603e-03 2.305979789039814057e-02
5.538471752827815037e-02 1.432933823530258000e-01 9.612722970400007505e-03 3.033781735091023099e-02
1.465157956224688324e-03 4.725850048029536232e+00 7.117253622942827651e-02 1.335255784711878628e-03
2.566011223665729153e-03 3.923824100809886195e-01 6.292216926446948452e-03 2.212047437734379531e-03
6.284253736715614269e-02 9.406523020931298884e-01 5.416868076192910518e-03 5.275229341525375891e-03
9.990015077694975112e-03 6.844681386975298709e-01 2.282744424873079866e-02 7.687317482229739582e-03
1.369576238964157009e-03 9.347360782814687630e-01 2.071557889434748681e-02 1.289864508516664699e-03
1.269943201291727844e-02 1.056366478676633136e+00 9.220499688935204774e-02 1.108642591094474369e-02
5.371371580646857637e-03 7.994911363591236331e+00 3.211237806507671443e-03 3.737145980846259125e-04
4.280624281225928196e-02 2.390848411133808860e+00 5.975419069990476131e-03 2.361414436301054794e-03
9.800262703558344085e-03 1.028999289084925550e+00 2.293242974866015541e-02 6.806934718644527295e-03
1.924812676047734164e-02 3.897768668883928034e-01 8.111035967709481764e-02 1.761846913495092315e-02
1.181263848996469586e-02 1.166405485776453171e-01 1.355973421004543281e-02 1.072304746279421558e-02
1.853797134286601063e-03 3.059398371127642902e-01 6.464362908761772837e-03 1.704272881305785676e-03
1.154872713825534853e-03 1.230193384246493771e-01 3.204103480173279422e-02 1.149774551423607405e-03
5.288150015094692999e-03 1.728945878029568561e-01 1.122454146843140455e-03 2.914307419107361758e-03
1.601112324626738359e-02 6.287931511832476339e-01 6.423921542666521933e-02 1.384181004075042166e-02
6.738513479206697555e-03 5.878295481735640315e-01 2.357927394107015365e-03 2.514458514128030744e-03
2.999988806944670419e-02 4.317799942877410757e+00 3.565950335744084293e-02 6.475946259838482981e-03
2.518672266149566200e-02 4.394328234661856181e-01 7.562151549014841864e-03 1.022359454415682108e-02
8.998993503973684235e-03 2.409568416295345461e+00 1.841047717961657657e-02 4.132166198396450794e-03
1.784941810047382645e-03 3.966578537712792674e+00 1.706388014575762778e-03 3.466458031898240837e-04
8.000243825938274655e-02 3.058963422407783850e-01 1.605505168187368326e-02 3.169312504187084267e-02
9.883549704137722935e-02 8.864861375488013451e-01 1.337257434624737574e-03 1.485814732650144994e-03
6.015102034928081730e-03 2.038684970884004910e-01 4.216535146061261598e-03 4.659875953070938097e-03
3.780594089140686120e-02 4.540578630878525090e-01 5.186855249520337316e-03 8.772624233207420089e-03
4.494660446136570543e-03 2.220915758960102238e-01 2.856293376506940582e-02 4.342883996344178675e-03
2.081247920334500061e-03 2.117559134392654752e-01 1.701453394642892056e-03 1.653065080398011385e-03
1.727636263074048498e-03 3.580637318820676929e-01 3.557822074313848892e-02 1.698110951952048944e-03
1.136479936640940117e-02 1.062711158816080081e-01 1.896497820866261189e-02 1.068438393940821830e-02
4.620181734136033329e-03 5.328564244711295750e+00 1.130993097466361647e-03 2.029284738772177453e-04
2.552435799163183319e-02 2.152790308879639625e-01 4.370922322934176971e-03 1.130827674757276836e-02
7.732083493275128915e-03 1.733117058535429189e+00 1.021565120805940745e-02 3.344656524156901147e-03
2.377132213455734194e-02 7.293166578667360511e-01 2.397652891734991087e-03 2.888112394379914547e-03
1.468459887918159654e-03 2.710380779265991524e+00 7.454020211555617212e-03 9.573052762749111348e-04
1.384040652727155582e-02 3.033680209536019579e+00 2.369146430041689858e-02 4.992468483163464005e-03
3.921966110417789315e-03 8.687368017115229435e+00 7.047818927113235973e-03 6.722208778784754916e-04
2.646860396483493617e-03 6.533966832046356643e+00 2.240886514211299849e-02 1.493907138375562141e-03
1.524054294215216113e-02 2.167549466715951834e+00 6.120247016911484900e-03 2.382229056837781040e-03
5.810861151052623165e-03 4.142592536691455329e+00 9.271829240873243061e-02 4.613165817778553876e-03
8.626050149449057680e-02 2.669908300022274528e+00 1.214740078542142368e-03 4.525873194062808385e-04
9.052272778229743244e-02 2.911489086662799042e-01 1.242226801069913796e-02 2.899844252795740623e-02
8.791035345529897571e-02 3.039900911297799824e-01 1.125481269087498341e-02 2.605183555576127269e-02
6.831239430085415953e-02 3.776052898407475378e-01 4.033779677307540272e-03 9.237924879157168728e-03
1.898876298912102745e-02 4.580191395210228555e-01 9.012913857513484700e-03 9.663626292286097916e-03
1.662259618381044593e-02 2.929592955643122831e+00 1.440409580615592718e-02 3.794415814482683755e-03
2.228479315950832994e-03 2.223638091785947069e+00 5.482464179373609803e-02 2.043754346531651087e-03
2.022369857440952517e-02 3.271204025543808513e-01 1.386500203804283057e-03 3.504107181757339876e-03
1.859739444863652003e-02 4.620641783160394311e+00 9.476932874198246148e-02 9.753462228860337868e-03
4.044215379223690954e-02 1.050557736210344373e-01 3.412796473059616364e-02 3.596479955123729061e-02
3.832585972005349804e-03 1.705151355538106484e-01 1.945475884340039721e-02 3.708027871021943398e-03
1.646634623518615850e-02 8.782945925338246695e+00 1.157708744686718541e-02 1.220436547388231187e-03
7.036223320235607259e-02 1.600933500139293808e-01 2.810949609330232191e-03 1.405172390980086866e-02
5.141238661431053042e-02 9.085231945400320530e-01 1.966010573202937178e-02 1.522949089636749763e-02
7.530249528235926498e-03 2.073964509421873270e+00 2.506149757254278864e-03 1.041289378185845851e-03
1.380799269125544161e-03 2.289514906576259889e-01 6.545393114637744654e-03 1.317180734891900415e-03
1.993127693854146801e-02 9.264039965578003688e+00 2.947715768055159894e-03 3.131891688517341485e-04
1.151037344260170221e-03 8.351340081147984318e-01 2.091265149627194800e-02 1.100453906709519683e-03
2.436235839633348749e-02 2.007821444314891457e-01 3.347113218004629104e-02 2.125597507669184372e-02
7.078614981304610053e-03 2.389765146767210691e-01 1.199359897550193212e-02 6.203631272584544595e-03
6.165536315988735284e-03 3.100150586910466632e+00 3.767310345964349026e-03 1.015125270143327815e-03
2.390108514075321017e-02 1.258583833761735549e-01 5.114980367326748753e-03 1.505005417570019592e-02
3.206474754293474339e-02 1.626490821998894276e+00 4.172781962587527455e-02 1.425202460400357314e-02
5.408910514330390884e-02 6.350700773847593794e+00 1.367868801147086553e-03 2.145343409097566446e-04
1.990518859246991849e-03 1.449494505873595518e+00 3.879409198192765914e-03 1.141527065889750506e-03
1.873802089949525365e-02 9.695094347101501642e-01 5.335084151946866901e-03 4.253675743315852610e-03
9.309408228469283342e-03 6.913687793652252278e-01 9.234444584047149518e-02 8.702836866255515488e-03
1.230906503812141456e-03 1.567391071089274668e+00 5.619172300992360779e-03 9.162999591283096283e-04
1.157874358291936844e-03 4.031623881919700558e+00 3.021135838164577467e-02 1.002909588241882683e-03
1.470787178753406137e-02 1.543663995108005560e-01 1.091099631340464822e-03 4.773984666849874145e-03
4.620064198281332440e-02 9.935997523510879503e+00 1.049927536307147628e-02 1.033062643187170363e-03
1.648071578808415344e-02 2.978810437886889040e-01 1.044460453948216133e-03 2.891194024593308001e-03
4.931286252991343849e-02 2.413172884492350345e+00 8.949913040630581851e-02 2.116770708386356628e-02
7.481562048366788634e-03 2.528487716414457687e+00 9.844718825916386196e-02 6.275666551581114173e-03
1.205596337561788385e-03 1.072199051802802616e+00 1.733817469208301029e-02 1.121949903733255021e-03
3.609046126094667128e-02 1.978880226658697561e+00 5.159758424742458272e-02 1.513767566957576957e-02
5.788652290408239157e-03 1.186952404646433035e+00 3.496290257167799630e-03 1.952206569874779911e-03
1.296955610402304032e-02 5.204889846264499909e-01 8.472237624002598722e-02 1.201242951887061816e-02
9.276140373253114607e-03 3.341378314138260253e-01 1.863780623748669462e-03 3.483312582955454869e-03
2.388276596428241458e-02 7.807685581845968947e+00 5.745270181467279635e-02 5.625283458464329020e-03
7.847376928023997583e-03 2.990877093562112621e-01 1.710540008885659199e-02 6.900544345651345862e-03
3.260095799482726903e-02 2.695189512655474573e+00 1.357149462821114535e-03 4.958857859690285214e-04
2.610086287465032337e-02 1.990220720122870268e-01 5.325999616024786748e-02 2.378137581636455278e-02
5.450508709656037669e-03 1.139135168899666928e+00 5.239128543145945768e-03 2.494403299179286451e-03
2.195712024865192208e-03 1.783266058292028444e-01 2.325268816188062401e-02 2.159350548545958207e-03
2.466161119700781973e-03 8.487110795557734066e-01 3.274272911781155038e-02 2.317985369843084814e-03
3.908481138309236741e-02 3.914745793235912874e+00 3.001268600937100420e-02 6.409362568495917054e-03
4.456173427655285221e-03 1.965041492352462171e+00 2.562801328858404365e-02 3.321339834242367436e-03
5.540753388059180967e-03 6.458315910505482149e-01 6.223508598690278767e-03 3.517983115771369622e-03
4.233046520421754159e-03 1.846479228385742299e-01 2.110463977970240736e-03 3.089012018876796314e-03
2.171255241695594935e-03 2.211913438400070486e-01 2.832944445052976677e-03 1.856522970232137460e-03
7.694401146910437306e-02 2.201063719517810657e+00 1.902749657650905975e-03 8.548638099385714832e-04
7.699737734677881973e-02 6.128228537671433607e+00 2.715623739236510022e-03 4.405978430448390538e-04
4.244562546705624856e-02 1.110718175563060323e-01 1.697801807895606488e-02 3.322077085603814678e-02
2.413879449518239323e-02 1.186640373081658817e-01 2.890027233996700015e-02 2.196205828378098440e-02
3.154491952999773866e-03 2.761219033862091887e+00 5.607634989879464217e-03 1.235465142822964003e-03
2.221716200963744225e-03 5.172735487742778915e+00 1.299872606000110212e-03 2.257581081501428152e-04
6.706590719601797541e-03 2.277914834316539405e+00 9.349958101224310758e-02 5.764689159548243465e-03
7.574398456271137781e-02 6.941282731692492991e-01 1.153260444830960180e-03 1.625789627703377004e-03
1.135981793401574964e-02 3.383908656516998015e+00 1.218576330967382918e-03 3.490443156116149821e-04
1.631253958748149838e-02 9.258939267570697851e+00 4.760288246244370053e-03 4.984199941712766065e-04
1.021590398581091741e-02 4.877186394390788937e-01 2.770340611369192726e-03 3.650479008374553531e-03
9.885438738600801911e-02 3.613836783281541898e+00 4.024546838507214556e-03 1.101243196294048087e-03
4.848910890267804467e-03 4.438235403364668485e+00 5.725888457315356228e-02 3.524308420502762253e-03
2.134506519470756765e-03 1.019149839309004546e-01 6.189082122620863380e-02 2.127030284300684797e-03
2.397905451483570496e-02 3.489319562693977694e+00 1.264572172212538766e-03 3.570164160188102603e-04
2.795619838333139248e-02 2.838532964519172808e+00 1.649503957639589236e-03 5.692781344414673921e-04
9.092059143230506874e-03 3.689522006757678385e-01 2.352461743873193040e-02 7.957364419714854642e-03
2.977526549947030407e-02 7.473931006476760786e+00 2.518955361453479799e-03 3.332599573346178585e-04
1.929287410209539269e-02 4.898549293739272170e-01 2.241544065567158735e-03 3.698673423403941226e-03
1.100694981955999954e-03 4.104188680863384842e-01 1.689393887073951592e-03 8.684660891020936800e-04
3.887354335467939348e-02 4.996823663219106537e-01 1.401399068820511837e-02 1.629184509908807033e-02
3.292881848039759529e-02 4.605719095211824321e-01 1.613968703615797223e-02 1.697644637293708667e-02
9.080097946525224339e-02 1.551693924928674972e+00 2.847561252840122726e-03 1.798776633783902507e-03
7.845639998890682754e-02 1.625779863172198914e+00 1.016682724965266120e-02 5.791857538010511224e-03
1.197921078945412068e-02 2.283421016360006828e+00 3.528318713198869833e-02 6.747869406756980618e-03
2.726799959017602113e-03 4.409182157470617480e-01 3.687967463991885519e-02 2.640711449730485504e-03
7.599099252004588856e-03 1.062004681589995503e+00 5.996734430872777653e-03 3.239477975335361675e-03
1.042850124342948638e-02 1.015353613640557207e-01 3.176215278193163932e-02 1.009206008990565749e-02
4.253325554548339181e-03 5.314772756161942446e+00 2.585006658925774817e-02 2.269065250496958043e-03
3.315010046594957238e-03 7.750720735962124408e+00 3.336650419393810945e-03 3.810158328792434481e-04
6.627242637158012317e-02 9.403423577933729405e+00 3.977225760987090214e-02 3.975811807197559763e-03
6.137087181264362298e-03 1.281178653860205741e-01 1.356802202561516527e-02 5.800922187260462368e-03
4.784424187977297238e-02 4.117945883832783593e+00 3.329667994517773039e-02 6.916800020658177284e-03
1.086859451570272410e-03 1.089605302417601951e-01 1.235654978498910289e-02 1.076541907989091336e-03
1.315911349347215773e-03 2.861772410600859740e+00 3.236194411753733936e-03 6.081869122533506943e-04
2.099351697417431266e-03 2.334692047058364306e-01 3.612649995284010485e-02 2.071250709584345016e-03
4.125836831612816197e-02 8.322577796488944912e+00 6.149731850452432730e-02 6.266847001925970537e-03
2.048983856369275720e-03 2.703291091139291558e-01 5.222492688686555806e-02 2.027480306832230971e-03
2.688564925916407319e-02 8.121864862622864223e+00 5.765736331715127366e-02 5.616119894125576675e-03
6.369001834355036973e-02 7.340205510778591957e+00 4.806076846646712211e-03 6.480978078235761922e-04
4.195660433901559142e-03 2.167263746786980416e+00 2.884789634583276568e-03 1.010494779806353407e-03
1.732918243601037217e-02 1.367131125705687067e+00 7.395484389240404577e-03 4.122582835914126616e-03
5.527937471863478974e-03 1.110766705665344606e-01 2.314166156166925017e-02 5.385054158339195284e-03
1.565765658136157980e-03 1.368768126905395566e-01 5.967345276874614149e-03 1.511480871499564513e-03
5.323741221211675603e-03 1.438488215093253475e-01 5.604397307739646117e-02 5.251975505341926163e-03
8.516411730869641317e-02 1.446654383043753711e+00 1.033713592297269297e-03 7.086091720344043186e-04
6.645977088639773434e-02 9.745081770479847805e+00 9.047106783896229076e-02 8.145870139243347255e-03
1.244335441211083873e-02 3.955751184991362912e-01 4.656114361119793876e-02 1.125365710819017928e-02
2.107461140321041388e-03 3.413950105638458576e-01 1.558714475168159093e-02 2.014476261270572739e-03
4.923739768884338036e-03 8.226896146395343834e+00 9.090669848408224757e-03 9.024618777877088573e-04
3.497910495925506819e-02 1.533957851611883749e-01 2.515958582254664011e-02 2.883056750346918787e-02
1.019427081371198675e-02 1.418747689349213692e+00 5.141939618139386436e-02 7.956335821501667183e-03
2.059167691423266500e-03 1.414185343160758501e+00 8.451768836870895973e-02 1.990582459743484890e-03
8.206256007256987339e-02 2.475298691758311964e-01 3.078725675468655439e-03 1.080077711447340397e-02
1.523238180225806697e-02 4.125337934822139729e-01 3.064503795525122878e-02 1.264041954938872545e-02
2.879159458190410584e-03 6.102231705044723675e+00 9.149248584095576176e-02 2.415341528186809930e-03
6.566517294377810510e-02 2.985296374730415092e-01 5.014760813090107100e-02 4.721036039628512954e-02
2.982523560186083750e-02 1.040443339463896083e-01 1.169711539831483045e-03 8.164773954007994300e-03
3.669932314361244383e-03 4.866941878833229929e+00 1.230567554547999133e-02 1.497031928068334435e-03
6.730568722159031847e-02 1.702336988970480636e-01 1.439917945953459941e-02 3.748119787323873908e-02
3.205086402125868414e-03 1.677832735448052115e-01 4.429846629039671350e-03 2.858125164299099921e-03
2.663207371765873629e-03 5.660582161170062854e+00 1.103584090551332914e-02 1.125601071949917324e-03
5.056709438889599867e-02 7.053871752446989163e+00 4.544966741504893187e-03 6.362156672825792147e-04
1.470654193538738696e-03 2.351172175845669399e-01 3.674054399542037858e-02 1.456942477136165346e-03
6.343870467827553324e-03 2.484023042460189734e-01 4.184765481445940766e-02 6.113652328348544336e-03
1.584781919272551911e-03 1.039448323972472776e-01 3.362997001557207436e-03 1.510779321920522646e-03
1.267486999350924239e-03 8.165343262139649338e-01 4.807796423770066378e-03 1.042972349291270686e-03
1.683060082946897292e-03 1.199059647613712309e+00 1.799482895524921397e-03 7.933413104387624032e-04
1.227847494953222644e-02 8.107013700811883439e+00 3.086410020400952997e-02 2.906035565542893721e-03
1.151441181324429006e-03 4.385514658567765345e+00 6.240038818538131207e-03 6.364240886611674010e-04
1.273932272556588599e-02 2.990542400118803013e+00 2.990067513169473827e-03 9.270796850738500031e-04
1.797191816532469483e-02 1.160933697066450360e-01 3.688684840197041515e-02 1.700979771149411027e-02
2.329318739430276050e-02 3.345567353868190708e-01 2.411428652176568835e-02 1.760414452104288804e-02
1.022107651358136445e-03 4.321001422186814822e-01 3.285270827387440969e-03 9.009844927749446203e-04
1.122593547079185627e-03 1.517393375526966404e+00 1.728573205467513058e-02 1.021891619004793418e-03
8.430523624259046722e-02 2.475647647199995749e+00 4.122559316291812131e-02 1.390571265174081819e-02
1.930296719592492632e-02 1.332974494295414924e+00 3.165262234300591799e-03 2.114470710160662719e-03
2.562941437126751466e-03 1.437856579729897444e+00 2.123821958292702872e-02 2.183987596644041979e-03
4.582519557132126199e-03 2.691276702518450303e-01 8.796106117787225870e-03 4.019021357370085139e-03
1.229713533828032980e-02 1.190008350271560961e-01 2.215977342824377097e-02 1.153537169873734315e-02
2.433962154163624159e-03 3.802532182824326923e-01 2.660505100478820564e-02 2.352137290411901796e-03
4.182282277735996368e-03 1.262262997884876503e+00 1.854652055089825533e-03 1.087314878410785331e-03
9.120540613392838156e-03 7.724841521755237972e-01 8.422023359725576419e-03 4.966117586201483115e-03
2.852115812802125637e-03 2.405428145368665727e-01 2.721094844555754094e-02 2.781975268769608031e-03
6.602903914148946021e-03 1.422020315305002391e+00 2.330966676285089328e-02 4.706898582342307347e-03
7.398143270974702132e-03 2.608484702959883439e+00 5.730009597523572605e-03 1.693763436913624026e-03
7.803750954771213402e-03 1.410074380941437999e+00 1.002818513524810504e-03 6.517822447087995037e-04
1.473845521339347230e-02 9.264270550871636090e-01 4.484457107407805593e-03 3.643837627576195903e-03
7.177003789106640996e-02 3.288339975178034558e-01 6.998968935979605829e-03 1.641588751585536590e-02
1.402542321068835692e-03 4.774380492321215641e+00 5.813260800721653694e-03 6.517705557293698325e-04
8.175876689073116599e-02 5.451437181068418125e-01 9.750856566045774942e-02 5.611095835745944643e-02
3.169369260826407353e-02 8.046982233787519645e-01 5.708608831506134518e-02 2.190664860616745382e-02
2.238757208813200658e-02 3.403555135751620830e-01 1.057519967047306636e-03 2.728432945465158674e-03
3.582936990852075149e-02 3.415214624499355089e+00 5.391512333168922699e-02 1.095838255289032816e-02
1.041695134612524720e-02 2.592186880235702318e-01 8.442927265990386732e-02 1.009411520100915102e-02
2.535847601760389536e-02 1.702657911735915963e+00 4.485610599387852837e-03 2.386539496017211267e-03
1.648166845329330360e-03 2.217574238104088324e-01 5.738513395503114407e-03 1.549478579332695281e-03
1.408468680336704684e-03 4.131928965254095587e+00 1.641021214484358198e-02 1.039737694540687762e-03
1.524076049774384517e-02 6.908614070571305055e-01 9.764229713937941021e-03 7.333107226468658230e-03
3.425796846492032335e-03 4.083787885849798904e-01 2.132611356829830409e-03 2.068700495775555731e-03
1.679148924540088033e-03 5.335345713805867085e+00 1.259711528448348265e-02 9.812802209889896505e-04
4.785278039216692841e-03 1.055572377696659403e-01 1.876808611318080567e-03 3.770494308564821800e-03
2.470371783565547888e-02 5.432879190576548334e-01 2.995112786324439363e-02 1.705934893115864520e-02
4.311213553132991171e-03 2.653503244987845955e-01 5.715865672564034855e-02 4.226621321069785192e-03
1.996671511823942813e-03 1.392044043003808795e+00 1.305775274254684839e-03 6.382025779878746155e-04
4.887900734043141952e-03 5.783679300223103503e-01 3.662931744220487666e-03 2.758739782067428249e-03
1.022460190145110109e-02 6.197440071356637326e+00 1.783371502847280396e-02 2.245596965956065446e-03
2.646478821920744857e-03 6.063251686709864030e-01 2.425128270524604113e-02 2.482237427159787995e-03
1.227480145153352423e-03 6.601638378772971549e-01 1.213914783427406940e-02 1.150668307010173017e-03
1.530710334135211700e-03 2.733333986723755604e+00 3.481023713687528536e-03 6.951679586921744817e-04
1.603138059469574059e-03 2.122601523852779781e+00 1.225224769428984173e-02 1.254676175854735646e-03
6.350850730914427145e-02 8.730427144588746025e-01 9.497835656656436476e-02 4.009954399191410085e-02
4.857947294153567436e-02 2.039404139060680521e+00 5.638028459368620710e-02 1.761893534439974707e-02
1.138936374925975450e-02 2.746569129992362690e+00 1.048288046925118606e-03 3.692962440430596553e-04
1.041081823683341970e-02 2.403276356712549244e+00 3.156148856198979884e-03 1.166163861917063555e-03
8.840365679590312178e-03 3.626222262918460393e-01 8.492653419435372900e-03 6.417832933854097401e-03
2.259768562257550087e-02 1.376126531579142220e+00 7.355777021731538245e-02 1.588299319145138055e-02
1.038844626253104808e-02 3.909980707627971896e-01 2.484332045671188739e-03 3.942496664915003460e-03
2.431719725401344182e-03 1.278959092885627868e-01 2.037271548388530119e-03 2.109661735909001360e-03
2.372576462280154286e-02 1.570043739453483855e+00 8.118480240123144426e-03 4.245570438409495932e-03
5.420913073266276153e-03 1.287536416692673658e-01 2.335449294804687465e-03 4.173606917877551586e-03
2.959565411938033103e-02 8.180333421857932663e+00 1.164859718296116717e-02 1.358607326512061486e-03
4.553612329425331048e-03 3.638234864438595562e+00 1.545352900882270182e-02 2.197625653619827459e-03
5.769646419505935868e-03 1.203344285304924988e+00 1.297041976746974830e-03 9.081981296878641067e-04
1.993722254813655274e-03 2.004907137574939435e-01 3.257384668103123059e-03 1.775807893438935805e-03
5.895026006472438990e-02 7.985408997142553922e+00 3.233161751602879608e-02 3.788625427388739308e-03
9.499764996291017519e-03 2.129477771238073303e-01 8.735988158303596013e-03 7.713568354011006781e-03
1.974415129888375253e-02 1.763084919688997221e-01 1.051590465818635000e-03 4.580709313592107659e-03
1.013820109141528626e-03 2.621804137682195446e-01 2.621456395312716462e-03 9.204869154109992634e-04
8.765094145970192541e-02 8.852485764121906797e-01 5.038753924594158856e-02 3.450930684732429754e-02
2.235369609843811112e-02 9.541788531863421019e-01 1.748487849712747604e-03 1.693617953671218293e-03
7.938713349228630756e-02 1.734145816284753838e+00 1.006589075352285444e-02 5.409033281719661211e-03
1.600970205722227965e-02 2.534507576436642040e-01 2.566886898061792113e-02 1.382437859196401428e-02
3.603571226638504262e-03 3.342840598237536209e+00 1.023628555495621588e-02 1.655436655634727862e-03
1.891726608317997535e-02 1.737402013531357259e-01 1.330619803986685503e-03 5.451592385347862890e-03
3.097127893200922379e-03 6.737978401860396538e+00 1.118953123639126936e-03 1.576153313638288739e-04
8.713176341455096396e-03 1.314656089651834447e-01 3.619038399712923987e-02 8.445851742806898335e-03
2.050252611611564149e-03 6.642527175367519021e+00 1.328542318816949017e-03 1.822288274307229958e-04
6.948701516344582378e-03 2.255420531695597752e+00 2.076408922789733588e-03 8.129262450141871640e-04
7.383185731524834206e-02 1.045255702276121079e+00 1.272246335938426046e-03 1.197422545380772948e-03
9.294071930512516622e-02 5.201906539268492224e+00 1.747973297897293873e-02 3.243004839603085259e-03
3.052651613356729965e-02 2.713067334368817196e+00 3.394273752110204406e-02 8.873970968767942724e-03
1.154790775436226238e-03 4.687807011586771488e-01 3.191845126276384760e-03 9.873364433662737156e-04
2.481388276143880675e-02 3.421792324616888537e-01 5.969174429397791463e-03 1.024334052245264200e-02
1.068783151554753572e-03 2.641144336834891249e+00 7.530361882704401932e-02 1.030166611691037777e-03
1.301466003848439357e-02 9.192599391313081014e+00 2.219575766237579656e-02 2.036673869104128638e-03
3.279231608012770412e-03 3.305514892068210031e+00 5.129856236899701938e-02 2.707193116920838995e-03
2.211668351061046520e-03 8.018443329262932906e+00 3.895450512744569414e-03 3.983175579843039726e-04
1.089992862189122225e-02 3.928290274520216951e-01 4.050205261037848059e-02 9.857780747998647411e-03
5.306568264556237036e-02 3.389322895322863238e-01 3.980365893022428173e-03 9.615790598176302689e-03
3.545554654585890419e-02 3.868773970146119012e+00 1.021243528815340106e-02 2.456796926107210691e-03
1.393778313623859986e-03 1.951918072111032132e-01 6.647210367606368707e-03 1.338977240901555524e-03
4.352526119011891625e-02 4.081935227267172173e-01 1.833379617957304336e-02 2.210447765064576728e-02
1.566207255668432404e-03 1.307346012095861598e-01 4.775997111705307906e-03 1.501820896855192390e-03
1.855471646472169446e-03 1.591446678762055977e-01 8.457332878133833054e-02 1.849015793803259313e-03
1.164724671560306291e-03 2.600845180344572016e-01 2.998296659631120679e-03 1.057847212348711962e-03
6.529618490329951175e-02 9.025298490926628503e+00 2.160414256717322137e-02 2.309081644932035448e-03
9.953208823269069083e-03 3.170698671723396478e-01 1.231988963904069763e-02 7.923520121455918108e-03
8.602039973433553421e-02 9.605914938939683623e+00 6.499716746526440492e-02 6.272939493874791703e-03
2.815746241601563022e-03 1.357679274265930935e+00 7.841207322989193762e-02 2.684849823328582397e-03
1.899969836925077815e-02 9.032938902957395877e-01 4.735201920844598136e-03 4.108567336930055505e-03
1.856669563671883155e-02 3.479338906841693557e-01 1.125348740263377480e-03 2.754527979142178031e-03
2.115879570241194739e-03 2.330470097465278556e+00 6.652441773257497526e-02 1.969866982151418158e-03
3.494990649089389778e-02 3.008344100268970922e-01 8.031518069659761283e-02 3.090420806409722651e-02
8.796792184212566534e-03 9.059581715936961821e-01 2.255583490371805555e-02 6.500135882263632578e-03
1.616511718562367974e-03 2.395255079217779304e-01 7.227513370555204222e-03 1.534314681301123320e-03
4.781036429145756050e-03 1.723196069094662664e-01 5.027922392761593855e-03 4.107920041291380185e-03
4.578376909626519914e-02 3.427948301422079624e-01 1.633503426150875997e-03 4.316031316832882533e-03
1.474166265298692061e-02 7.790902859400775649e-01 7.173247092033108348e-03 5.667472397637791405e-03
3.897939117836503146e-03 1.835552570777897463e-01 8.118164526402444833e-03 3.582223070620252532e-03
5.701315043324709474e-03 1.055464350802107348e-01 6.809742209143743695e-03 5.238414395223679569e-03
2.734186682778826788e-02 1.471831109479970978e+00 1.470599174567483467e-03 9.639375009053894293e-04
2.875254459744945503e-03 7.282908210855734588e+00 2.673771789897944062e-03 3.255602095168305546e-04
1.803565278987863743e-02 1.437945203791057280e-01 1.677358422396161772e-03 7.083532355960688899e-03
6.192161755447852384e-02 1.103155387291071543e-01 4.866446115286571922e-03 2.576120981692154102e-02
3.442005290690085002e-03 3.964599246462081616e+00 1.557490020675703253e-03 3.526051178680484136e-04
2.189131133395807657e-02 2.423822534202424162e-01 4.755915710081322183e-03 1.034719014514580253e-02
3.020711315792151339e-02 2.709408128881366729e+00 2.913033614925280082e-02 7.929293968608575743e-03
2.454608870062487125e-02 1.886049187189822618e+00 9.478232447352373524e-03 4.171409459440867350e-03
7.338584918932555823e-02 1.652592432054802996e-01 3.360810480848200332e-02 5.392623713630983334e-02
2.963374684198399889e-02 1.702209090408709491e+00 1.160201962473251299e-03 6.662618021417110415e-04
2.471014173824418250e-02 4.622260584279714202e+00 1.956865250911099096e-03 4.162255991932639013e-04
1.539462006179568611e-02 9.043102328446354088e-01 6.822232987618445654e-02 1.278558219823923946e-02
1.742158779674011018e-02 9.425709100511557859e-01 6.572633813832053085e-02 1.393905213823036157e-02
6.800866035161137746e-02 3.324828353883095833e+00 1.734940946379643191e-03 5.178404263668292011e-04
2.805051750782342965e-02 3.480116306453283626e-01 7.839628366717824037e-03 1.249354879789092189e-02
2.447903835027700342e-02 2.217799644390238356e+00 5.907574855697569904e-02 1.275625665513199260e-02
2.232009170036680992e-03 9.452845580870606890e-01 4.706243235969492789e-03 1.541106555185617301e-03
2.387453528836899937e-03 1.024982632988952619e-01 5.826729925577769226e-02 2.377468683314440823e-03
4.615566366195662969e-03 8.358493338816117557e+00 1.032350412844187460e-03 1.202902717106493026e-04
6.251087091630561088e-02 2.507170117030446121e+00 5.697221715176555012e-02 1.666552564847337964e-02
2.325813814827065035e-02 2.865580792643379615e-01 3.093761452081272151e-03 7.373533186844111187e-03
1.377996226792486609e-02 4.273257570425912366e-01 3.509589442574585078e-03 5.145922643303405160e-03
7.951960643656773298e-02 7.797944312807761902e-01 3.261877913549696226e-03 3.973953924235239243e-03
1.447516800559535410e-02 3.866924853616550695e-01 9.622095923704540588e-03 9.151492379855031764e-03
1.398381800112497497e-03 3.466410984355223213e-01 2.277138415069460738e-03 1.152951851506512802e-03
4.029453216529294002e-02 1.242242651916532908e-01 1.415319471005471990e-03 8.881906007013303309e-03
2.337150754655850909e-03 2.546729621869359139e-01 7.753360307372648107e-03 2.170524193639420101e-03
6.542756855147080497e-02 1.391032929950237751e+00 2.770331168784022705e-02 1.526813845020402564e-02
1.535381515529490350e-02 4.784001753986416361e+00 4.155658627395587140e-02 5.547832556358263216e-03
5.517791078358491585e-02 1.577209485550502555e+00 7.965056052555633329e-03 4.626645590323072953e-03
4.211232365130591904e-02 2.572339512880105761e-01 1.463293258514176270e-02 2.419835129659217085e-02
1.434728688267330630e-03 5.643163696843402910e+00 1.027998061630897020e-03 1.616431977486179606e-04
1.698120748087087514e-03 1.487007362634674923e+00 7.369238173367109734e-02 1.641861288349714867e-03
4.049636525732890763e-02 6.793547600152417765e+00 4.202691434748198965e-03 6.093217546922741852e-04
2.302856889098849058e-03 6.004435775084147053e-01 6.239920169867939348e-02 2.252933001515410993e-03
4.504277226943044499e-02 1.148329670171331252e+00 3.955359728857393148e-02 1.951853103454228092e-02
6.473644647175443197e-03 1.159329752497092747e-01 2.887687715673943264e-02 6.309656915789855700e-03
1.564607808085162824e-02 1.716411319976537619e+00 6.912742261545731792e-02 1.126843679421276126e-02
7.493387661263113675e-02 1.606348959317984437e-01 3.338032609150871910e-02 5.507408078135719171e-02
1.493978537600536109e-02 2.799731844823726834e-01 2.064660964419976971e-02 1.242303685363188234e-02
2.356973867161155783e-02 3.990955711835969533e-01 7.487401146820008013e-02 2.093911407219381862e-02
2.884062426265668767e-03 1.416274929298405816e+00 8.827183600363599711e-03 1.971694960059980697e-03
2.657263427285694226e-03 2.881658226964665559e+00 1.063388823555703848e-03 3.240221249843277737e-04
1.694587062837520780e-02 1.168203200606199588e-01 1.213126020493542588e-02 1.456852679810238631e-02
2.242026884411637763e-02 2.445734579853696022e+00 1.987109001359978460e-03 7.840659536882604386e-04
4.074873068017433389e-03 7.570022066595774035e-01 7.847993320275990781e-02 3.920765668337904651e-03
6.545444485441501148e-02 2.405313948215314357e-01 4.150399466016217731e-02 4.745368139513626848e-02
7.356088139318628372e-02 1.158539655963996440e+00 1.050688851557864643e-02 8.073699776615520310e-03
2.244908524970925384e-02 5.143452265775304566e-01 1.645142249718500264e-03 2.799629825646279737e-03
3.418671140880569920e-02 3.410754574405893691e-01 1.473806538718319768e-03 3.836180044211232563e-03
9.212155712331512869e-02 4.580796425522860593e-01 3.291801760690074314e-03 6.666091293524428578e-03
3.535197031405818563e-02 1.487921645801608128e-01 3.017944275380600450e-02 3.010487145906483655e-02
4.096121221824255976e-02 2.213639436025273799e+00 1.853599933180646864e-02 6.952307418565428429e-03
2.302131644289345195e-03 1.128315429317870322e+00 1.226060741807043046e-03 7.381942626524890189e-04
9.773875447660854143e-03 5.506428876589522403e+00 8.242893977086775473e-03 1.298136733758251506e-03
3.000315479100729849e-02 1.481813342022648916e+00 8.504448425460383459e-03 4.817660640214956221e-03
2.538234731237151709e-02 1.277775106071468991e-01 6.004886948688312881e-02 2.408167453062045119e-02
1.083024673626383286e-02 2.549779330404425837e-01 2.979272608212253648e-02 9.911549794607071515e-03
1.305381436864017607e-03 1.578891378632050757e-01 4.253208151950422372e-03 1.245047857181100183e-03
1.988511393379790992e-02 2.920559230296028819e+00 1.464968219825528266e-02 4.005627456133155004e-03
1.228422596809934653e-03 5.253547431072516538e+00 2.583549032083506079e-03 3.511835752027039101e-04
7.469714781515297830e-02 1.014114879580070516e+00 1.251567477415810314e-02 1.059154013775603226e-02
4.664398161726988727e-03 1.009612648005255409e+00 1.671430008732051678e-02 3.639088922690388028e-03
2.787369064972430172e-02 2.198312335013316021e-01 5.663635113607601822e-03 1.338855904777244005e-02
5.378150907884952231e-02 1.999499851587220434e+00 6.617000180634489970e-02 2.048703020794375926e-02
2.900075353790485411e-03 6.596840322442000248e-01 2.316772724945435208e-03 1.588407703717349163e-03
8.271060378562998527e-02 1.460077267082762864e+00 1.747735848578528669e-03 1.179939512982191739e-03
1.346073461310250130e-03 6.104756747966919583e-01 1.561999368030472313e-03 8.820433230211089911e-04
1.094619985770764730e-03 3.806314863258732917e+00 4.337965008056647413e-03 5.583468070603709362e-04
9.932211384264628615e-03 3.866978261566575981e+00 1.981160758069632714e-03 4.871970541457881993e-04
1.971123878663330435e-03 8.769812346275464021e-01 1.272505834252801336e-03 8.357700359069186085e-04
9.059763602855278042e-03 1.270373069335280214e-01 2.165061644957659570e-03 5.915261797878657891e-03
5.182601869790844085e-02 6.013432774308991036e-01 8.587144977335434484e-03 1.119524454760321280e-02
5.877814191250051168e-02 1.048293439056151577e-01 2.265641327404677684e-03 1.580220763776645290e-02
3.425368526221220233e-02 8.016232224653579763e+00 1.433204076957008462e-03 1.778594038154342357e-04
2.861277810947989927e-03 1.132494832092612702e+00 1.088132362378735861e-03 7.192880704311764095e-04
4.367466341637692845e-02 2.575781471321790583e+00 9.098815444239185049e-03 3.268119861338398494e-03
4.220355383359243595e-02 1.698298129629902120e-01 4.719555055810204826e-03 1.675632086544239299e-02
9.999148698434567883e-02 1.343185792784938049e-01 7.820288386678941883e-02 8.533575878381108315e-02
6.895335056934868978e-03 6.243088248368808379e+00 1.252604031003635033e-03 1.949654763532809724e-04
1.702599521522644641e-02 2.133274027104503645e+00 1.182941573914970436e-02 4.182873573053101646e-03
1.992784638271041797e-02 1.221866053321133544e-01 3.232465305962750612e-02 1.853189610247388264e-02
5.113295400490436987e-02 2.830315509057413914e-01 8.571205828050992848e-02 4.374648363752692282e-02
2.862431937624434347e-02 3.765567079122756899e-01 4.794397689835620639e-03 8.812411913022401636e-03
3.471715495732809187e-03 3.041330767788454903e-01 7.276912828518128373e-02 3.422062151540688438e-03
6.427570731895744516e-02 3.288208770836179573e-01 4.653516053724090183e-03 1.159840992293495465e-02
2.053148648913459898e-02 1.475046770939678897e-01 3.085866101855759980e-03 1.036207479096250619e-02
4.043892782981403124e-03 4.082332769836071740e-01 1.819286267343869518e-03 2.120088273863976643e-03
3.071217220637838946e-02 7.604592509218519591e-01 8.770577526165822604e-03 8.384612125135389518e-03
1.013326162454016976e-03 4.200900734721312091e+00 5.624962171134137955e-03 5.768074130983616519e-04
1.333494739144493613e-03 1.339744601794746748e+00 9.908398134470212948e-02 1.309876889501406308e-03
8.478174679693274707e-02 2.084115995506306884e+00 1.213939667951208917e-02 5.450274435880303817e-03
8.682763738217236932e-03 1.212483477343050398e+00 2.584135342415691886e-02 6.169374746633098268e-03
1.043615675469589284e-02 5.042981539386723888e-01 8.006079685493266984e-02 9.792434200632625999e-03
3.983601571847193018e-02 3.003412671295763725e-01 5.920264728759180167e-02 3.313889920159223540e-02
4.692543707466744450e-03 3.640740702920877148e+00 8.039533126761695681e-02 3.870126158348841626e-03
2.213081227684877625e-02 2.081843720859212210e-01 2.679123907682809825e-03 8.137225672267550322e-03
5.917111761400108139e-02 3.686177168482819955e+00 4.729231174504171242e-02 1.054355501054979154e-02
3.626431127534381332e-03 1.783413880516171002e+00 1.851822986800068932e-02 2.687745370735592897e-03
6.774651338780361860e-03 5.414972379960920179e+00 2.373797097089732147e-02 2.661532066922782727e-03
4.140150312533788513e-02 2.352273731370894683e-01 2.826125314247695391e-02 3.079099330298632614e-02
1.522004500977977397e-03 4.683566471538201936e-01 1.267776124911113760e-03 9.742221336544894510e-04
7.374465575991223654e-02 3.220772529752057856e-01 2.531095614469607014e-02 3.804433780780998309e-02
4.379712814158592121e-02 4.647329237947714908e+00 1.518428636180838009e-02 3.040490552424536096e-03
1.971698245699350302e-02 1.264558021253952225e+00 6.657604049339126140e-02 1.434475507981403108e-02
1.089316347319499879e-03 6.307380274964477174e+00 4.079434379906844016e-02 9.322956991296856531e-04
2.800000298692133065e-03 6.504840281171107019e-01 1.902704311608947527e-02 2.555386984787506519e-03
9.989139588924038360e-02 4.179847761722531585e-01 3.642105553159578901e-02 4.653904931575315873e-02
4.705489730381429841e-02 1.159650313922309106e+00 1.433986221326297508e-02 9.792326988152249764e-03
3.375897810810979394e-02 1.933278024770761216e-01 3.698727838983031924e-02 2.869553874855161960e-02
3.813755394144603943e-03 1.441999780433905198e-01 9.584456739265095199e-03 3.606801875588259206e-03
3.704153748568311463e-03 6.745392744331508261e+00 1.197307537724874582e-02 1.199979853497172349e-03
2.108854616249939903e-02 5.985011833145533089e+00 8.609118734678516613e-03 1.346595345797044554e-03
7.299539698002717111e-03 4.404217727585472142e-01 1.174177367921848056e-02 5.730530814565441312e-03
2.458071814407685948e-02 5.677741647940733882e-01 5.272833827629478526e-02 1.943626776330265385e-02
9.648223655108524588e-02 4.053071997372942326e-01 1.902220172239896864e-03 4.475570435514763905e-03
5.443637806070497111e-03 3.888493987596237211e+00 1.458879191915838204e-03 3.509881672248023050e-04
6.115201366101028629e-03 5.078454980376380101e-01 2.911204308425700132e-02 5.525734132511820121e-03
1.291034934955958766e-02 4.029353266290338631e+00 1.479885776557111161e-03 3.571169196555647424e-04
2.598741607648389403e-03 7.808371033521593896e-01 1.632753638323067649e-02 2.311470919157743772e-03
1.044546974752853449e-03 3.934066661350204885e+00 6.767876927686611310e-02 9.847546709555884091e-04
1.209472688452988909e-03 2.192608104137918623e+00 2.262043486527501486e-03 5.567585457562169906e-04
5.378172196374237518e-02 4.449331245610696484e-01 5.308778797969694596e-02 3.707169220180270980e-02
2.504167869417706516e-03 9.503161166710242469e+00 6.536669223728923568e-03 5.396195645452980675e-04
4.320563156667122338e-03 5.260282315517891050e+00 6.128119928792307575e-02 3.151693409024386525e-03
4.456324142136604792e-03 3.449948302021334179e+00 5.543618446852327519e-02 3.488782049635841178e-03
1.342391566434915102e-03 1.437251194282838929e-01 9.186184958267984077e-03 1.314777586826354917e-03
4.267232261214673472e-02 7.136749351101184802e-01 1.834331100589663794e-03 2.424243087595570525e-03
4.033074518393149795e-03 3.176216205239765222e-01 1.260200616053285157e-03 2.000038734616845209e-03
9.948039308914207249e-03 7.367064234199980355e+00 7.555951095020722180e-03 9.297794329135942309e-04
2.382249042709733231e-03 1.346842757729706408e+00 7.588837125151621892e-03 1.674345708495750826e-03
5.487750482803561460e-03 7.436701921980054530e-01 8.901158367345701761e-03 3.762629223052797126e-03
1.305423373019116897e-03 3.418773448627119849e-01 1.724409354567442995e-03 1.037029573673229439e-03
1.491989190832128734e-02 4.829635219098759036e-01 6.548737949299420977e-03 7.103598948846969775e-03
2.197813907220737273e-02 1.140444023211123620e-01 1.062515514341908808e-02 1.778309162890353082e-02
1.044827372549395408e-02 2.175775897880799226e-01 2.650287331122002515e-03 5.624124886204727100e-03
1.853961344655844119e-03 1.826396658744577239e+00 9.606508861875348582e-02 1.790838492815705020e-03
3.472911278685129194e-02 3.920546686563683991e-01 4.638519154858605775e-02 2.684820537198560550e-02
1.183040009190355077e-03 1.357115437679373260e+00 2.385156304362934850e-03 7.070816588338364739e-04
1.730864631565514223e-03 1.369564898537133923e-01 2.172573866875781440e-02 1.712182721412638638e-03
5.357275889649005390e-02 8.100990630782903823e-01 3.150656169597818371e-03 3.625987397250606328e-03
8.165875234329197929e-02 2.902163951616758997e+00 3.041954064067175969e-03 1.034883829298420413e-03
7.009469794987099878e-02 7.693980614301449528e+00 6.679799680262144511e-03 8.575634598589413878e-04
6.588531248334522118e-03 4.046882553395643178e+00 8.389386306129360121e-03 1.576888779337200491e-03
1.715542471977141636e-03 1.589467715791984259e-01 1.228262712521647516e-03 1.403875657839262839e-03
1.173835086637783345e-03 3.849417988641455679e+00 1.486690313820752734e-03 2.905995251694893852e-04
2.663596056204061650e-03 4.728602928504858638e-01 2.333502132878540955e-03 1.729888156497507183e-03
1.092082657851998866e-03 6.825783979481751196e+00 1.490901409297240056e-02 7.280611845731858444e-04
8.116342497271833434e-03 1.188808847338314600e-01 4.281397801140573306e-02 7.937459793472625286e-03
5.600615148928111270e-02 3.900244394242379231e-01 4.523339587822898349e-03 9.607987637512577575e-03
4.267599490946040464e-02 1.353023761156276206e-01 2.205565517799041968e-03 1.179547606577600362e-02
1.946139908948929086e-03 1.641489474434616902e+00 1.160056283335083281e-03 5.184446673975292349e-04
5.028262507861919542e-03 1.567869977977690565e-01 1.240028813380746227e-03 3.073952757177374207e-03
2.892956394938416345e-02 7.343115408093053631e+00 3.557925827154477267e-03 4.765440118860618740e-04
5.400503806781060956e-02 3.207685613035116678e-01 3.020354454824309212e-02 3.432059970457637665e-02
7.767888642128316368e-03 3.265437710761610601e-01 3.800958452684620806e-03 4.658833339553856631e-03
3.794877568609948681e-02 4.664501581485889226e+00 9.169415805498544805e-03 1.868972098732570074e-03
1.261902873240077329e-03 1.174182720661634649e+00 3.501822802559177022e-02 1.210676279225195422e-03
3.389930865018500605e-03 3.122690501825488574e-01 8.165512990595029386e-02 3.346546507114444777e-03
2.577699865767288379e-02 9.475201828862095610e+00 8.516628318917680504e-03 8.685475474871595615e-04
2.785132028358359123e-03 3.185246584696348471e+00 2.119958468695594053e-02 1.963479941830503957e-03
2.391622143080292251e-02 1.068396093153057169e+00 4.817858473050021413e-03 3.794057173518945725e-03
6.826580302801987798e-02 1.521276119745999522e-01 1.871131596596549993e-03 1.042197663513453297e-02
1.828508623030810493e-03 3.066822235840848676e-01 3.133450130046090687e-02 1.796360448790620219e-03
2.427683339272740035e-02 7.040788071159875816e-01 7.489808744230322390e-02 1.976596121446051388e-02
1.744800693676163209e-02 3.226147069151573454e+00 5.073774192546512407e-02 8.271442618604600214e-03
5.996914451984013475e-03 7.793531166827802892e-01 6.057387076862296056e-03 3.385079680872350727e-03
2.555534150936361257e-02 5.918989808376831085e+00 6.015348750773968911e-02 7.271200163170692468e-03
2.417128117023229286e-02 3.926802906215803857e-01 7.110171161023328551e-03 1.035203367865749659e-02
1.282888758493411566e-03 1.208393094752285402e+00 1.429850352632735600e-03 6.155325748173031460e-04
7.792297705833110821e-02 5.901130188264495091e-01 7.630021939428414252e-03 1.108965648570294817e-02
2.980992723155306921e-03 1.343380059596873954e-01 2.729194115156443473e-02 2.937884501675782495e-03
2.177192295076735631e-02 8.626692982580964397e+00 1.722766854689775085e-02 1.829233333470583816e-03
5.463229320114117160e-02 6.584977246870891143e-01 1.599914621368285494e-02 1.681732287159372341e-02
2.729544004032206234e-02 5.200755262993783656e-01 8.385977548506097501e-02 2.334382335733361374e-02
2.953887888885066773e-02 9.179105370604592196e+00 6.909971377310635855e-03 7.340855059593332302e-04
1.313193380618680279e-03 2.136342081956316419e-01 8.705073582434862123e-02 1.308974877783390970e-03
2.741718088671399670e-02 3.892191398623774945e-01 1.247280914070123502e-02 1.477565573906798602e-02
4.069807585090666480e-02 5.828538976453080167e+00 7.382008440025647662e-03 1.228303191949390661e-03
9.819842417974423976e-02 1.944742062630701596e-01 2.274048933859386824e-03 1.044906075059092235e-02
1.621054326301215459e-03 2.167958201571442423e-01 9.982067786891872518e-02 1.615367117182702275e-03
8.353977503403819949e-02 2.213705878836389473e-01 6.982882756334034616e-03 2.289784248221330212e-02
1.386451113949762086e-03 2.398705293342511535e-01 3.483068422940805570e-02 1.373338267664597724e-03
3.837085853877988343e-03 2.989802946791610960e+00 1.213918861051326188e-03 3.671679592894880177e-04
1.155615715016364720e-03 4.706713146721871466e-01 4.184540637606268265e-02 1.140787524974596007e-03
9.784350005270860129e-02 1.719129714199910675e+00 3.340238986661943354e-02 1.621069497265358039e-02
1.639248519881499229e-03 2.163737255127879955e+00 6.806275243492099399e-03 1.077657146076868144e-03
7.228473232316698360e-02 3.487825695039705298e+00 3.870086182055304438e-03 1.092823248334839382e-03
1.237469000649930352e-02 3.118749975106287486e-01 8.219825628350226066e-03 8.420917384430621003e-03
5.538368421604671077e-02 9.620579792146298104e+00 6.037498446191138374e-02 5.636883971449587957e-03
3.587489075075821210e-02 5.524407081163627886e+00 1.763312349477773669e-02 2.931074738189377773e-03
6.723689749956822913e-03 5.373830866125675954e+00 2.411770593244971957e-03 4.207167319802534436e-04
8.417680752819035883e-02 6.678378246563672072e-01 5.117283427748954561e-03 7.023158639929928324e-03
5.083878234783082567e-02 4.179937468234741438e+00 7.995636952214855986e-03 1.843496990471005801e-03
1.770477541972579477e-02 1.935608816180560465e+00 1.115905394462353125e-03 5.583331136603748900e-04
6.303604420720709811e-02 3.885360763826672947e+00 5.737170728191842706e-02 1.196364979242455287e-02
1.768736049183103256e-03 2.519873765972311386e+00 4.163607443981397899e-02 1.597707251534601384e-03
3.104637767557861389e-02 4.767818552540022403e-01 7.557881852686636204e-02 2.596169748923104342e-02
1.223387565705003933e-03 1.044743911050445950e+00 1.109812310469768986e-03 5.685784139315290574e-04
3.059623825976092587e-02 2.960430097551884354e-01 8.547482386479815508e-03 1.485467630171708950e-02
1.458800507465558664e-02 2.243707778888913040e+00 9.677241160778167484e-02 1.090097944769072118e-02
2.535699233455713034e-02 1.697582556831055411e+00 4.366230504580663474e-02 1.276867303524722129e-02
1.829693062430939529e-02 2.288434921853093051e-01 1.092871148767358925e-03 3.787153405951815700e-03
3.754675394252080661e-02 1.574029663388736289e-01 9.230387553223688701e-03 2.289054791511887024e-02
2.363332819829656092e-03 4.045184937270883130e-01 2.364127128599757127e-02 2.271478197963408205e-03
9.011030769255553088e-03 9.144058769557315003e-01 3.287006821442061549e-02 7.204927791851195584e-03
1.231501180657897359e-03 2.084443653457601908e-01 7.790223515945146615e-02 1.227456528352464677e-03
2.147190946442912446e-02 1.219964465247159069e+00 1.262010554983122000e-03 9.869176886626253222e-04
3.428959104896103088e-02 2.307479166762385903e-01 1.154883009182546168e-02 2.034854306737607019e-02
4.428812524810029488e-02 3.585126399786474405e+00 2.851176363545164169e-02 6.742114364203926138e-03
9.650576557276972084e-03 1.566938534572495101e-01 1.118776767833822017e-02 8.501480475773150539e-03
3.034603266490972819e-03 1.650201259310901003e+00 4.961805102677636914e-02 2.756412131468860289e-03
1.233711108823242700e-03 6.479866200014287037e-01 4.632681739203104582e-02 1.212782992238032763e-03
5.462730066180473271e-02 7.738080046891167463e+00 1.182658639894167835e-02 1.486765163090423246e-03
3.720620952166231715e-03 2.326372882948147813e-01 3.310137393171686936e-03 2.949394946099228188e-03
3.332379826611908159e-03 4.546851301017742486e-01 9.012538612655423415e-03 2.852773029251527270e-03
2.599716447400840860e-02 9.118470676899662619e-01 1.745396109407215245e-03 1.782862957961895431e-03
2.046663381899305797e-03 5.062157517809102725e-01 6.018251976655055076e-03 1.746073576487496308e-03
1.768306023969701962e-02 6.771055847606497480e-01 1.895768805954649999e-02 1.083799689315330383e-02
1.720858519670014769e-02 3.008730180832507317e-01 9.080086405940095140e-03 1.095938340929358996e-02
1.428871319820630443e-03 4.658310642037857274e-01 6.288025816449312709e-03 1.292097625432829739e-03
9.615983843688022045e-03 2.540393803391109095e+00 2.577957064386861633e-02 4.937383484903410009e-03
1.485432045317926350e-03 2.426948075013030115e-01 1.630427708456965233e-02 1.453297927606104220e-03
3.011943834024756808e-03 6.898285929502346647e+00 7.160012571092202495e-03 7.719280239845472714e-04
9.442964217794055926e-02 3.917771070921395538e+00 3.764722873831115833e-03 9.512547221290333383e-04
8.498724727597645190e-02 5.702863356944556372e-01 1.394536712854267625e-03 2.376935966898485915e-03
2.446457523649410784e-02 4.851718346354215505e+00 2.562556214605142806e-03 5.170129856156763844e-04
7.472644832048391805e-02 3.795534181600220824e-01 5.076861335401848009e-03 1.134512656833843412e-02
7.390659245257980015e-02 6.905591157716675532e+00 5.173780012854935217e-02 6.802562202171972584e-03
1.722656625378829595e-03 3.527786346952815344e-01 1.195877269553904509e-03 1.142211727906438865e-03
8.836681431934176670e-03 4.385057555163599519e-01 2.867551839902119162e-02 7.784727686727230603e-03
8.304894052714581129e-03 1.111916841602939715e-01 7.940965869502242258e-02 8.209428650206733458e-03
1.313062605175971875e-03 1.763744654881138185e+00 2.328125534544311058e-03 6.582586269936214086e-04
8.012258099992503046e-02 1.763537894639000958e-01 1.659531427053331440e-02 4.327580926985207660e-02
1.488779908489946610e-02 3.161839280321720458e-01 2.673313019395002349e-02 1.265878636470974851e-02
3.904347349184145166e-02 2.265822713350418016e-01 4.805270432308419298e-02 3.297308929893310453e-02
6.001932384672156728e-02 4.247491191865327309e+00 4.900664088662829571e-02 9.677446086744933423e-03
1.726711597954243282e-02 5.552413501543853158e+00 2.376849188810963281e-03 4.177191425205489545e-04
3.666789583625142731e-03 4.530786329629967191e-01 1.466671530888118743e-03 1.719293212733256568e-03
2.925108191779985170e-03 2.962977939037587216e+00 2.216320885708472979e-02 2.102798550940776414e-03
7.452353797086275211e-02 1.710270579023135951e-01 6.144664480167051634e-02 6.172107332056937096e-02
1.352409955839882884e-03 1.669255825351780187e+00 7.230960392127876168e-02 1.311465770273293223e-03
5.064396344250692017e-02 6.663415001416317374e+00 4.756980072519139541e-02 6.256950296797027765e-03
7.599981466246577382e-03 6.364611781501053223e+00 7.793644636491331608e-03 1.054606992213571537e-03
1.463076570305233380e-02 3.093173484292694453e-01 6.866967058438943651e-03 8.818857910812105683e-03
2.471523982042822531e-02 8.378185362853078910e-01 1.766769624151493662e-02 1.137892124435589160e-02
7.217732146103367392e-03 1.173761191057389075e+00 2.062170683685356047e-03 1.412958459067253144e-03
3.930990986493519690e-02 2.253481204586570197e+00 9.386236207428608203e-02 2.022357726527868049e-02
1.021728754022564831e-03 1.044346105428153870e-01 1.529607200927791955e-02 1.014650654131206420e-03
9.775924438643428943e-03 4.106237049068747758e-01 4.615876087384044972e-03 5.228727743975232836e-03
8.378958752159748613e-02 9.865697907265568389e+00 1.594604125772266416e-03 1.613199645732289798e-04
7.549933309065861436e-03 7.224225569237390232e+00 1.331152918530268542e-02 1.481139372653007651e-03
7.202116740000326367e-03 4.776002771847711159e+00 8.006403092148025799e-03 1.359857875567971547e-03
1.775783258648174281e-02 1.289707226553131081e+00 2.236465173612669360e-03 1.579815395083454055e-03
2.987057224580785819e-03 1.817926469985405302e-01 1.108745357720774182e-03 2.005052176977478902e-03
5.237925139396004334e-03 2.591177230257187825e-01 1.652070238365888500e-03 2.875550124949303663e-03
1.599161791437457916e-02 3.298542791136087615e-01 4.547451133520249295e-02 1.432944618294034779e-02
7.764119226400463362e-03 1.587682729693534078e+00 1.805889350144162771e-03 9.920959216389751197e-04
6.182800062844421955e-03 8.736221546430568141e-01 1.502208495310891579e-03 1.345356262301282716e-03
8.689459372301514342e-03 7.108288787849954549e-01 8.755110430666777910e-02 8.116818888669294005e-03
7.356083157795930208e-03 8.827905060444210861e+00 3.458060734183183212e-03 3.719144513895742549e-04
2.767532614215262657e-02 2.131369963806410528e+00 8.001220834077345245e-02 1.593084019132825699e-02
7.417812713314909934e-02 3.994088074665551602e+00 9.519771818409069469e-03 2.309265170488949363e-03
1.340800456575844471e-03 1.821149507653751776e-01 4.107654348083848717e-02 1.332877158687810395e-03
2.996088523494275235e-02 1.980282382989405898e-01 1.405454940607426574e-03 5.738005225767907856e-03
1.060410771252357463e-03 7.574574629843725537e-01 6.046460291049842242e-03 9.360634428520793341e-04
1.537635824088944003e-02 4.922244811737891190e+00 8.753493915788891980e-03 1.593999844680517395e-03
2.564926134153788263e-03 2.293954723454797673e+00 9.048217592371015847e-03 1.554242196062794856e-03
1.102869224060699276e-03 3.155161641125188154e+00 4.008084602352489367e-03 5.903448461310760367e-04
1.735272531354035974e-02 8.596696349934360271e+00 4.521514264665528471e-02 4.036220448229893391e-03
1.150449193296291086e-03 7.083287447992224983e+00 5.257004660762947673e-02 9.960499812009975581e-04
1.267084760213725006e-03 9.237882064993367948e-01 2.316368716034514306e-03 8.417352708586201774e-04
1.601910510920523736e-02 1.704146452329927675e-01 4.999110505385092468e-03 1.036114247889216577e-02
1.781052282563766638e-03 1.199076760446908141e+00 7.307196870787559424e-03 1.378243594843772245e-03
1.403928862080236657e-02 3.948996084488772595e+00 5.063432778955533758e-02 6.701551763379061388e-03
4.600490711081544476e-02 1.479921852250024372e+00 4.012114507404028300e-03 2.560163028836205841e-03
6.857861282698105021e-02 8.287757937284276011e+00 8.928403797891229510e-02 9.310428925067374198e-03
4.336916048620499675e-03 1.762735361053894501e+00 1.801696037420854159e-03 8.271612298201396754e-04
2.916254475509626101e-03 4.064786920186890251e-01 6.729112942655782192e-02 2.865771271573246994e-03
5.914907198161147711e-02 6.180058538923772993e+00 3.030857829132433366e-03 4.863925748224275460e-04
2.477736818553036464e-03 1.005598983181154732e-01 6.841889632764551477e-02 2.468746389597042089e-03
3.239023752753101421e-02 1.730202755194013287e-01 1.921055351261927169e-03 8.268650338372119171e-03
7.299181905480682693e-03 7.536106217524205508e-01 5.392416949847470692e-02 6.623524021769082622e-03
8.805310138562817690e-03 8.603919408902191535e+00 1.000736037362767727e-03 1.147952860409354051e-04
1.110935678056677823e-03 6.971071856338908468e+00 2.287688519706000852e-03 2.533342524318332191e-04
1.034371439867149290e-03 4.577715873234311506e-01 1.182769066046320504e-03 7.386590991980945256e-04
1.265458850639575392e-03 1.181426866010306442e+00 2.689040731660389573e-03 8.132884737487984473e-04
1.782862998301146945e-02 4.637448160869181990e-01 1.840739622954460850e-02 1.230270232798717951e-02
2.058909382484317915e-03 3.632604021263492022e+00 1.340425936337988518e-02 1.321531628525832863e-03
4.346856122382048576e-03 1.020139921079383782e+00 6.701567086866249724e-03 2.615915067848461999e-03
5.162147909066071988e-02 8.466376062553614190e+00 6.174170567664564319e-03 7.190990466530263392e-04
4.872242540196614589e-03 1.981450107792831705e+00 3.363883336040922323e-02 3.785757197152893674e-03
8.841832932751420362e-03 1.153167684922116631e+00 1.330612617690583518e-02 5.005928527372332203e-03
1.819691208974582447e-03 7.241446209203042272e+00 2.417807614101507435e-02 1.177789106426988149e-03
2.946157996161817127e-03 9.089245109380553744e-01 4.751378987486926109e-02 2.788973891857516371e-03
2.087666830732424345e-02 1.821449931416762924e+00 8.236742329298928425e-03 3.716953422179724610e-03
2.873529322574072589e-03 6.008431946460794926e+00 7.969414551931229204e-03 9.074899864444041725e-04
2.442122037617735879e-03 8.028091975959109616e-01 3.066168688777673543e-03 1.489629044842377984e-03
3.320988467272446149e-02 5.532814806087740678e+00 1.548073352340531821e-03 2.774608609554124754e-04
5.039820645936608084e-02 7.762079449747877113e+00 5.677452650133893268e-03 7.209709656365893837e-04
1.443989360709170555e-03 5.223118625117835201e-01 1.212348561909262420e-03 8.901926394520649115e-04
4.975862224849943866e-02 2.180224979765274240e-01 4.737993486793683727e-03 1.512566259103890511e-02
1.109434236412784602e-03 4.163351634915142263e+00 4.424923166606527930e-02 1.004571808521548216e-03
1.731263590247401549e-02 2.522885335940669993e+00 3.276057011174907801e-02 7.419988897674082394e-03
4.525740804963727069e-03 7.301244014925337034e+00 1.649103888081283062e-03 2.151296747433129736e-04
1.805773737686234464e-03 1.081664863476176769e-01 6.956950639050912821e-03 1.756459174245021551e-03
4.265301875000999943e-02 1.861299528403187020e+00 6.334043868762968821e-03 3.151577340852919698e-03
6.271233491990489683e-02 3.347590732994949470e+00 1.129763106147727535e-03 3.356789813407847910e-04
1.484888338994435654e-02 9.662858616942054724e+00 4.160613957220510306e-02 3.337882754202301221e-03
1.410398144106835699e-02 4.223467497162829432e-01 3.103525527771159101e-02 1.183283836593222553e-02
4.712547794931196826e-02 4.969256930645809867e+00 5.878372536592469874e-03 1.153980670906194729e-03
7.597640309371518109e-03 1.297644189104552037e+00 4.985149332786882603e-03 2.551529524015348337e-03
1.296553741985109580e-02 1.543620946504520308e-01 2.889856897554756582e-02 1.212576068042488416e-02
1.757199096989013609e-02 5.398041656894332796e+00 2.669721521983644749e-02 3.859458867557698063e-03
3.685991395112822588e-02 1.568563711095875668e+00 9.241075843537295206e-03 5.079546784143027308e-03
5.540663178306746463e-03 1.667165928920504525e+00 1.443444794879418687e-02 3.378573302256991737e-03
3.103981928258108414e-03 8.622397987121658502e+00 9.391273325110793824e-02 2.415577390438677832e-03
1.414702302253102208e-02 4.454507824398064919e+00 5.751829388998938065e-03 1.183240299279016182e-03
1.464254403316408819e-03 4.448110801328359010e+00 1.039304762133979633e-02 9.001463154165022674e-04
7.875468914306611376e-03 5.032156633343622953e-01 4.816289469575954149e-03 4.320427281787535094e-03
4.733883150128165296e-02 7.001054207325420053e-01 4.644066539756519507e-02 2.762463479430150512e-02
7.678555675368125243e-03 1.299828436881253824e+00 2.393059978275703659e-02 5.418603087666514807e-03
2.203778267454867268e-03 5.671458099465064295e-01 5.702538310447239495e-02 2.156512534279315853e-03
1.853757819592916425e-02 1.760227366365463009e-01 9.053307950781519509e-02 1.789268185706043013e-02
8.014115490549174325e-02 3.913255339091312734e-01 6.506444214320571129e-02 5.407622995424542223e-02
6.636930169153046691e-03 1.091314337865319783e-01 6.917750232006766864e-02 6.568160648339356998e-03
9.683283593138855561e-02 3.224588006186031586e-01 4.469243877161239824e-03 1.212448731909833780e-02
2.225287597524445646e-02 2.191847044701709546e+00 8.612879794562629601e-03 3.339758831349031679e-03
5.439039989470700887e-02 6.052698619200588270e-01 6.485392288205230060e-02 3.607709822037322156e-02
4.049337038057759276e-03 2.523907624693403129e+00 3.853276894557820277e-03 1.108700393532408707e-03
4.350095987597689395e-03 1.136302167473378866e+00 3.127521589050114535e-03 1.685762109808556283e-03
4.239187830193218154e-02 8.496678436999084427e-01 3.711082098793133666e-02 2.151238776837861161e-02
2.999933385482691540e-03 1.929193861177745106e-01 6.862792106820522764e-02 2.974846244901328124e-03
1.553950345263831320e-03 4.878958889731697113e+00 1.019634614730731935e-02 8.912481870770196492e-04
3.102924419437337687e-03 9.517751300821201355e+00 8.630440674330653456e-03 7.017108737995416496e-04
1.267683445901139931e-03 3.682185777669955140e+00 1.161642916230617257e-03 2.526114257117681623e-04
1.562268325339055859e-02 2.194835427292931129e+00 1.592821867244621423e-02 4.955281039015158907e-03
3.524836153742633583e-03 3.350064731503161308e+00 3.904407779340747509e-02 2.706336125945789980e-03
7.555972944507281623e-03 5.152560139142466911e-01 3.674304572101760261e-03 3.668676208245110013e-03
1.189342943681993316e-02 1.478652701788588431e+00 1.262497245882854974e-02 4.970146821465100742e-03
3.720183301607183409e-03 1.913291360821969544e-01 3.960088134951893039e-03 3.153397107701157512e-03
3.473946682352379439e-02 2.042243303005840005e+00 3.290020209186443178e-03 1.539587720653829393e-03
1.079995848498601719e-03 7.005921776892592989e-01 4.723369457876963606e-02 1.062968159527138750e-03
1.923117935439444537e-02 3.303560068140666939e+00 4.183740750764881194e-02 7.635874801564111920e-03
2.077754743520648581e-02 2.299197956075450300e+00 4.538584648767262503e-02 1.012270791309140446e-02
1.532505596327031309e-02 7.052230123616007873e-01 1.114065321292627940e-02 7.778809151621113478e-03
4.298978902017474429e-02 2.213027986543869008e-01 5.267654786184720189e-02 3.641328904836135805e-02
1.503834813889028989e-03 7.092736603274634177e-01 7.614207886936837782e-03 1.319055889739340764e-03
1.638201858321769932e-03 7.710579142922467710e+00 1.359917332787804892e-03 1.592277197026144384e-04
7.316514684443110872e-02 6.865792698973491426e+00 2.470760108286192483e-02 3.429949154704711560e-03
1.818521147536134161e-03 6.233443446485891215e-01 4.115410843283298994e-03 1.425794679555931685e-03
6.154059739688490238e-02 1.287363411407881908e-01 1.033523094684699918e-02 3.483652451074181061e-02
3.553937962109343218e-03 1.185673467173684381e+00 9.104464483971232147e-02 3.396727568924637862e-03
2.188416827181325144e-02 4.651311134206105313e-01 7.378740916005471946e-03 9.196942769214051447e-03
3.984532577015127003e-02 1.778029210353475609e-01 8.510560257553647159e-03 2.174429165265762479e-02
7.692437703962198316e-03 1.569123760992443828e-01 1.040715965780832693e-03 3.561617704136936253e-03
2.962498398653460110e-03 9.417281238163914381e+00 3.197549521586615096e-03 3.046264870054918761e-04
4.938905640120962691e-03 7.597569761348728079e-01 3.974129179276572610e-03 2.540329534290301262e-03
3.117801651331388729e-02 2.105002621578019539e+00 2.806800170551262703e-03 1.278708374499613323e-03
1.147886159400264387e-02 7.556312224819249579e+00 9.552231547802551848e-02 6.016056016962026930e-03
5.703217542700126513e-02 6.173868419434222155e+00 4.599304042296173747e-03 7.353577253134480421e-04
7.251537193716069835e-03 7.826787273693454061e+00 1.063188745492876265e-03 1.333419065096822160e-04
1.623392707391730022e-03 1.932985803238793932e-01 1.101141628638377607e-03 1.263363716286241894e-03
1.144386579645061998e-02 3.427071338957010105e-01 1.185554219635709741e-02 8.599193702965052255e-03
1.147981591725106372e-03 4.047213657850811330e+00 1.022371049069645266e-03 2.070501180839735801e-04
3.291112281662410093e-03 5.397394981534144875e-01 9.480541798116577656e-02 3.230581751411880365e-03
1.975036878821704450e-02 1.578205980504837902e-01 5.159192202642276168e-03 1.231191365631004522e-02
5.249179284302431941e-02 2.400955749899597258e+00 3.470020051413667470e-03 1.406539627973167009e-03
1.667668584368364867e-03 2.050132804739960513e+00 6.494656866852699384e-02 1.584268896076964587e-03
1.196522442626241209e-03 6.539976615112437219e-01 1.602919441151526292e-02 1.140828775471659090e-03
1.732499716482218148e-03 2.751778703776641688e-01 8.413545942465525118e-02 1.722737985461344264e-03
8.669754520914083051e-02 7.465941766052559547e-01 1.127041028958172082e-03 1.483741617239183819e-03
9.510074520422190369e-02 1.279145280234535997e+00 7.861434401333426691e-02 3.733250541589399479e-02
7.737593483750256074e-03 2.833551759386669033e+00 3.957634600764495247e-03 1.183137653894205180e-03
6.826718878804614865e-03 2.017899632773898777e-01 1.509119085235075680e-03 3.568917597984722079e-03
6.634444440935667944e-03 8.872460934541118727e-01 9.822625625299436988e-03 4.148425759758961329e-03
2.213903137435393326e-02 1.743849245293314087e-01 8.988072155145571465e-03 1.548684985786072388e-02
5.593334669406186017e-03 1.378982176633172685e+00 1.998853317340499453e-02 4.035954100767120793e-03
5.983821564100842705e-02 3.356142978793978937e-01 2.726910526353880111e-03 7.153758992701406833e-03
3.542080015519336218e-03 9.516740995883408161e+00 1.673133237512275948e-03 1.674958949913746395e-04
3.375892907402452264e-02 2.636013802105979797e-01 2.277487159660236769e-03 6.879282574881055538e-03
8.809747905137089996e-03 6.362563400747874853e-01 1.298307618651041093e-02 6.153194113057753982e-03
1.124827295854200198e-03 5.977710220234658811e-01 1.057905759155336944e-03 6.877216476933608290e-04
1.365131390132121600e-03 3.606096057793994003e+00 6.232611745448670554e-02 1.265200229304930040e-03
4.374112597795548618e-03 9.728687055916758197e+00 1.447413752142157235e-02 1.110172913992245368e-03
5.821963053517844981e-03 6.131236068346849200e-01 4.929646582805488619e-02 5.428856688877110870e-03
8.380967687663314070e-02 5.133597812556940809e+00 7.154586103051728541e-02 1.194966644997521275e-02
2.933999687354809857e-02 1.195225333148443453e-01 3.244775495673127980e-02 2.647834954304353894e-02
1.947070816039491586e-03 3.019365720440685408e-01 2.126699890055032752e-02 1.894695027541654130e-03
4.821629077195124444e-03 1.872350910322597983e-01 1.793829748476938671e-02 4.590598667632819242e-03
1.502403386313653708e-02 5.548906684440709780e-01 2.699293647443851314e-03 3.674729657413283810e-03
6.483528970273303230e-03 1.009693030677522918e+00 2.183504956224878533e-03 1.621651077443674082e-03
4.446552994922983726e-03 1.279875282497536348e+00 8.965503435701500587e-03 2.719986784879111115e-03
2.655784853117779815e-02 2.459626464186108308e+00 6.131809307570548068e-02 1.285905285682900807e-02
3.951280510175201460e-02 1.617099264522634250e-01 8.506135136816848907e-02 3.675207395153284873e-02
4.455177758940515736e-02 1.117665694921344266e-01 1.645855383067695941e-03 1.106761716642573612e-02
3.643814401383541068e-02 9.052117691000761468e+00 5.237065627166110487e-02 4.992738064560460313e-03
7.777967902216538498e-02 2.237924225287643676e+00 1.714402923669874554e-02 6.973817616247227937e-03
1.568763336074170157e-03 4.386510219674456534e-01 6.857879078118037097e-02 1.553178290920736180e-03
1.067235597739572481e-02 1.227547936748023816e-01 4.273206959754649592e-02 1.035489486751547082e-02
1.314837176764985151e-03 5.575916686623630936e-01 4.781994346082372310e-03 1.140052259740175671e-03
1.698609543845499073e-02 1.483725511338972014e+00 9.847608285567903408e-03 4.772351724578496358e-03
2.233085791120013788e-03 1.292735339601532307e-01 6.505828367602295784e-03 2.138208457565197486e-03
2.236005987952253277e-02 3.961125735012037907e+00 5.503021605159044705e-03 1.307990019226053019e-03
1.331106722909200903e-03 9.603856628092248826e+00 2.238248406129638574e-03 1.983321931768258924e-04
1.092296957173860767e-03 3.137129484821289616e+00 9.157953381278022276e-02 1.052900071240547375e-03
1.916631105838124960e-02 1.327477147179140227e+00 1.115247739617362347e-03 8.048465444503614345e-04
2.753384111416509912e-03 5.505930114972102940e-01 6.567341509660607965e-03 2.236999025232351730e-03
8.199061231974067235e-03 8.917335649478643766e-01 1.525413387452988212e-02 5.542510083982262609e-03
1.543803202323202131e-02 1.282867734034718321e-01 1.752495061146972215e-03 7.247560840355281135e-03
1.717042788426823702e-02 5.003542753603107407e+00 1.551962814699323675e-03 3.046691368329302197e-04
1.830873995248688546e-02 1.224847563232322467e-01 7.598149718808670794e-02 1.778386152938866635e-02
3.755402348396392337e-02 1.834244990018895072e-01 2.749688797691789491e-02 3.003089406867466907e-02
4.704445222002636567e-03 1.751923954899999636e+00 7.269368427790878252e-03 2.204751948168577527e-03
3.097167617506284276e-02 4.910448686628304804e-01 8.389770343422262369e-03 1.101120706798824379e-02
7.456092158447101548e-02 2.203576171213331492e+00 1.392048573924590475e-03 6.264151218490512062e-04
4.716049165972080459e-02 2.828792204605250493e+00 1.248948055113033870e-03 4.374177603619512481e-04
1.229892851607806417e-03 3.992368786139693260e+00 4.667797094256390805e-02 1.112831052323496987e-03
8.184232550826640862e-03 1.088069298964477127e+00 1.812285525292057359e-02 5.487730849470199603e-03
5.377019598324909999e-02 5.090929789028338703e+00 4.969607171653430203e-03 9.587630432254790318e-04
5.859079248157140346e-03 5.911419554525445541e+00 1.259178353991852878e-03 2.055355030035473053e-04
2.837477367487168441e-03 6.437980402447371020e+00 1.633159823914779457e-02 1.339352095288305492e-03
9.423219336847153682e-02 7.657049318145703332e-01 3.661616498496098916e-03 4.551066371989636455e-03
2.259630122128822131e-03 1.180248270460200199e+00 1.322267916754479421e-03 7.489827688122208419e-04
5.066283014958936071e-02 1.741967416551064796e+00 3.835461388813077299e-02 1.534783919510179610e-02
2.461069923109672833e-02 6.060723443848196723e+00 1.556893011351661443e-02 2.326035963040055856e-03
4.391661881787813776e-02 4.388345375867628739e+00 8.507732189988449767e-02 1.344970111764911061e-02
1.976958657767154473e-02 1.734566350441573590e+00 2.832128617637084868e-03 1.508197695700021863e-03
9.270888518200073869e-02 2.341849498292740250e+00 3.885882906241065055e-03 1.630145547155861145e-03
1.201007943197828290e-02 3.584074727278296901e-01 1.372012644517360720e-02 9.141925279932057100e-03
2.639675445418350822e-02 1.202362388086077649e+00 2.745438151557662906e-03 2.101579308435838189e-03
1.293243947949951171e-02 7.237498645716467394e+00 3.056595886069047620e-03 4.089720830694265142e-04
7.134894299100544290e-02 6.625535556152744032e-01 3.416116065528311541e-02 2.993065531081776781e-02
3.027665047317976491e-03 7.438130736867536008e+00 5.473124890700449378e-03 5.919556777353109263e-04
4.136912132320643559e-03 1.456581678993729145e-01 9.179704121348306739e-03 3.882083992571092740e-03
1.996590168321213388e-02 2.224197234067941675e+00 2.725748484412494118e-03 1.154627177563933259e-03
8.050734356627217703e-02 2.578773965054369510e-01 3.049219652069636022e-02 4.789641916847055259e-02
1.761017152056984156e-02 1.277090553520581206e-01 1.748424544042303380e-02 1.560315557557691302e-02
3.964626748752279189e-02 7.519919991517357571e-01 8.890350088783367799e-03 9.106783809858742806e-03
4.920825933117608381e-02 1.135243070896794215e+00 9.214151248685404152e-03 6.967268824541759074e-03
3.638456327931620382e-02 1.632625083367081897e-01 3.828673875780689174e-03 1.425999850581598748e-02
2.791387545281287779e-03 1.000768751728682293e-01 9.282464939366465162e-02 2.783012143373072601e-03
4.668290925420919869e-03 2.859065736899017107e+00 3.994164306824958370e-03 1.075243492186913220e-03
2.689699142333540609e-03 4.425983304625639714e-01 1.277425970486936041e-02 2.460409165321887897e-03
4.855854048671778139e-02 6.511185312223625177e-01 7.196717465864792967e-03 9.003487115866459778e-03
3.368301844740257539e-03 4.104750862319558991e+00 1.918415088544857131e-03 4.104175778524117514e-04
2.422120326562038697e-02 4.242622476216815208e-01 1.918427325518770599e-02 1.577256042802700070e-02
2.641108579052150671e-02 4.920618732072734147e+00 4.205085026129171816e-02 6.456661432408255727e-03
4.668972615269911808e-02 1.726833412400396173e-01 5.014605083800706409e-02 4.022267901487319719e-02
2.397835956291703360e-02 5.958942019337794882e+00 3.272232137114103410e-03 5.368356141472184788e-04
3.624907473137789927e-03 2.187860892558969039e-01 2.022567569863060240e-03 2.603884847697880093e-03
5.590576864786866128e-03 1.895017470099915891e-01 2.663451858329858417e-03 3.999658483288161780e-03
2.696647128653868741e-03 7.336137470672752237e-01 2.414457837220588057e-02 2.492428800578373217e-03
2.269922449161321590e-02 3.342499917409180177e-01 8.444475513683130652e-03 1.195650814711668626e-02
1.633667107445510580e-02 4.281138107574885332e+00 4.002979217161825587e-02 5.946689906333136807e-03
3.473791350404507004e-03 6.132093338669963867e-01 2.440365504098557497e-03 1.854779761821790090e-03
2.535153895289951609e-03 7.868706380137400203e-01 6.086013030449566319e-02 2.454695311619830862e-03
2.760526640188870964e-02 9.884228246372545712e+00 9.335229952797853212e-03 9.132134309233026423e-04
5.197814178343206776e-03 1.208203226369170546e-01 7.174444830618233356e-03 4.779453657347674904e-03
2.132176719162753604e-03 9.135631614491979136e+00 8.952616098454389826e-02 1.751164604615447484e-03
5.229285389751792829e-02 1.755776125934106702e+00 3.238732865392665583e-02 1.363607330046642287e-02
2.315523324271377865e-03 2.350184180821265623e-01 2.855123475864660559e-02 2.272214588384721852e-03
1.336950247089127098e-03 3.160497886078583729e-01 7.877356338674560907e-03 1.268886919336179551e-03
1.844676802592315479e-03 2.176145591439748728e+00 4.095096395197651840e-03 9.315296302930152136e-04
2.205157322416198031e-03 1.239365009019942898e-01 4.123544922738712516e-03 2.068088938944345496e-03
3.676605213062732278e-03 3.074194310528090224e+00 1.284340185331490740e-03 3.751517200261009709e-04
1.003220933727438013e-03 4.044638897896139618e+00 7.586293047065885940e-03 6.536202759150985418e-04
2.768943735734936788e-03 2.257180579038840507e-01 1.212757690068693057e-02 2.633238502606560522e-03
2.273770157814285903e-02 9.794881599543313611e-01 5.500268283946220527e-02 1.618441795041079476e-02
2.909619348805705247e-02 5.885073137266825682e+00 4.764211326119796065e-03 7.876274570968055553e-04
9.092755680728684467e-03 1.581045809536379410e-01 5.476315669106313760e-02 8.860164477494096580e-03
3.888807832080011864e-03 1.589625720480236648e-01 1.196605564174840416e-03 2.564149876017275155e-03
2.949018147124035909e-03 2.741713468969691814e+00 3.031937171092254253e-03 8.042634256955892872e-04
4.781946154403383248e-02 1.024663281005162574e-01 1.877151323136599156e-03 1.324537246787259488e-02
1.115909802330164544e-03 2.651936225978232198e+00 1.788340972685610250e-02 9.574691470072370760e-04
1.392181333762193378e-02 1.169835788168708701e+00 2.543391610419981630e-02 8.487175118361089607e-03
2.632688612417808868e-02 5.314952121338391677e+00 2.117092446274947831e-02 3.459805564517300352e-03
6.615454484207085317e-02 1.576758202417223309e+00 2.697766617141021672e-02 1.359380563593759299e-02
4.683001786980461878e-02 1.369030396739945032e-01 1.132200243660006541e-03 7.028813821661381370e-03
2.441108915838646407e-02 1.136805414451814267e+00 2.533301080736307873e-02 1.164965413172383037e-02
2.740060409726767857e-02 1.316580335522274936e-01 1.487777818462947613e-02 2.205321948198986012e-02
2.781670133779024726e-03 7.953547451032902060e+00 4.736296995669195958e-02 1.896008465674089809e-03
1.405126756804086531e-02 4.350500359393345562e+00 4.438338044111233768e-03 9.511333495787947876e-04
2.351439889869269897e-02 2.612031285699040417e+00 1.625962931104044454e-02 4.921930137884554177e-03
6.156402504949655061e-03 9.976840316781036222e+00 2.129305742381614255e-02 1.584832510237658108e-03
5.458136697965454420e-02 1.691678506726618514e-01 1.052176088538372099e-03 5.583463552441924119e-03
7.694866579538818703e-03 4.444523897309932137e-01 1.212345902545312448e-03 2.013847078617069918e-03
1.882970032849982586e-03 2.207949910104208602e+00 1.876106235474071880e-03 5.854955766245239579e-04
2.935026157700715288e-02 9.785546689865117997e+00 7.477334893080157981e-03 7.447315649238254879e-04
7.344559573010707443e-02 1.488490273928927854e+00 1.701527013234520888e-03 1.125603564330108879e-03
1.935331369845725430e-02 7.847987114678195431e-01 4.256101194231481574e-03 4.236129534384234716e-03
2.228940373198555827e-03 4.930440900822286032e+00 1.536476825584407206e-03 2.734055686806372508e-04
2.721697200133062385e-03 1.160420501810090627e-01 2.557620205273224666e-03 2.422545737424194531e-03
1.847895392581150754e-03 4.346161397840515028e-01 3.307662470384108242e-03 1.486871807902722222e-03
1.189077943975905792e-02 4.208111922538282812e+00 7.773443191345297265e-02 7.234149956014976866e-03
7.350900935193610541e-02 3.781599452149499996e-01 6.200054074900727963e-03 1.340540395543445180e-02
6.477881626381867819e-03 2.911483978854425003e-01 7.217625261533446891e-03 5.135843475741697084e-03
2.610497803031957154e-03 2.275680907742526848e+00 4.104784758227102148e-02 2.280457955004078913e-03
3.993511857764190515e-02 3.379518442795103050e-01 2.632930005815652553e-03 6.519056987267087162e-03
8.360122217618505894e-03 6.347606271677250778e-01 3.280193049122912159e-03 3.193575362953613925e-03
1.479724967673260588e-02 3.630488258951426461e-01 5.039904877483560031e-02 1.337191365108494033e-02
4.380334407710954892e-02 5.108794485463161728e+00 6.912725966993664602e-03 1.312557717816656162e-03
3.794491294951736482e-02 2.004034572063936981e+00 9.714616518104754461e-02 2.128426761411472343e-02
6.736511580022884471e-03 2.365459755056098512e+00 1.164348361813544001e-02 2.844123482601158305e-03
2.518371084737635462e-03 1.130457283974446725e-01 1.289284844037291797e-03 2.062863601324414157e-03
7.649494337818936451e-02 1.560952668728468606e-01 7.984930270625226548e-03 3.065463698996234027e-02
1.009225020212628108e-03 9.086097041912036820e-01 1.437553474637100030e-02 9.487084718185497629e-04
1.277467732285772484e-02 5.697196238622741493e-01 8.956589280903958991e-03 7.047769809813865874e-03
2.301273011431815944e-03 5.524676764653786432e-01 1.013808563074642842e-03 1.020944788119718767e-03
1.040602900006431034e-02 2.234419163339905978e+00 1.681282856165854014e-03 7.017077455649151259e-04
8.746622255934277668e-02 8.642383512439538729e-01 1.616975479486797585e-03 1.831799370672583397e-03
7.887188302316850211e-03 1.653855847291975656e-01 3.334581996479563104e-02 7.590270843750435495e-03
2.671903015958477720e-02 2.392477600813959493e-01 8.952980080039102395e-02 2.493841601913856024e-02
9.805695866773956118e-03 5.338668812198795521e+00 3.226055029525271792e-03 5.692033592914228987e-04
3.922523907792512671e-02 2.115946219503510028e-01 6.256951489170942127e-02 3.463138405510043233e-02
5.960656983005126891e-02 2.008372451413082405e-01 7.588990060733956378e-02 5.148507856378693043e-02
4.568004911065606799e-02 2.151906887329606277e-01 2.434804434989852259e-02 3.254201479806454606e-02
1.983152760712198273e-03 1.069312455870999212e+00 1.589621299825436443e-02 1.749732390931525586e-03
1.130654655501013963e-03 2.534608051517883709e-01 8.954021766307359090e-03 1.095589912159206786e-03
3.812839149000488842e-02 3.808849275337954365e-01 1.552863619979848175e-02 1.970246091922187373e-02
5.192574737908821347e-02 1.102407454469870096e+00 9.237047355464045317e-03 7.214769221359641771e-03
5.481892841985865766e-02 1.630968218151855331e-01 7.909975535531886537e-02 4.925189481240187239e-02
3.099047847122597069e-03 6.130970559773004425e+00 1.662270066085019381e-03 2.493149006320271731e-04
6.310032943391215114e-03 3.369150691479954052e+00 3.158790254550891685e-02 3.771630726604639078e-03
2.238252699110710332e-03 7.431257838829896656e-01 4.586308756934941687e-03 1.642552829602485914e-03
2.803829246147896206e-02 4.112088216253341200e-01 1.160130871996498331e-03 2.563340896080865215e-03
4.496934672450275672e-02 2.378169892155915233e-01 9.255624551234666042e-03 2.086302356203679001e-02
3.952057378131242082e-02 1.706113344955217104e-01 9.380735172320162074e-02 3.687041285599636231e-02
2.402828897310634298e-03 3.470343258638957096e+00 4.190419853057071944e-03 8.036405904867801285e-04
1.342012240284662242e-03 3.618365477903212613e-01 1.604021546335318571e-02 1.302578972007705426e-03
1.038847345959435656e-03 3.776568036605153722e+00 1.987104807244470875e-03 3.492664914704890207e-04
1.549762173693654613e-03 1.547687982687666886e-01 3.222766305070114135e-02 1.538313255951149301e-03
9.490491971230907708e-02 4.802164829030037829e-01 1.042578856490674341e-03 2.122505351206766151e-03
1.591699529579281925e-03 1.478852548377350473e+00 3.766762855935777005e-02 1.498082792858590820e-03
1.846448991306027035e-02 2.232951102130837084e-01 7.268533791768591601e-02 1.747332640666408171e-02
4.945469808916889282e-03 9.588600919710735804e-01 1.095205190357321536e-02 3.451179804166433062e-03
1.827249251691717138e-03 5.003769794178563934e+00 2.581156558749708729e-02 1.349293904267452691e-03
6.950070361083756677e-03 1.500334329869911443e+00 1.955669183044207032e-02 4.533078835466002217e-03
2.837203427906285352e-02 8.641834723087425729e+00 6.122161371323701050e-03 6.911748247520154006e-04
3.371950932872975343e-02 8.006918684263566455e-01 4.989079590921043084e-02 2.187929514159531880e-02
2.681761024840666544e-02 4.037970305891314116e-01 3.060943141657180774e-03 5.909883101981502559e-03
2.288722625092414874e-03 4.590233837311704868e+00 1.261118776442420042e-02 1.248585930525313893e-03
3.757867442586623839e-03 3.907640147315528112e-01 1.214273884282554604e-03 1.700919876943794012e-03
2.612361814588537359e-03 1.859842813776378945e-01 4.147138692245277460e-03 2.338405772776863331e-03
1.615520567639504301e-02 1.500408698610251390e+00 2.171390115303347638e-03 1.328216194489492772e-03
1.511325218009091243e-03 2.068140788384617679e+00 8.081259417233557785e-02 1.455047540824867206e-03
3.334341468169604861e-03 3.754880565112078128e-01 1.243979111734925744e-02 3.029442581371524518e-03
8.601048976900255161e-03 8.653978125389588660e-01 4.398173005067968627e-03 3.194603311694677733e-03
2.627444343347993747e-02 4.410211048341821538e+00 5.503088285071312639e-03 1.191232968040664740e-03
9.824958677699406964e-03 4.960352220610400042e-01 5.831028675259340016e-02 9.067135028191180765e-03
2.636623629685611384e-02 2.655315709846675531e+00 4.936115170128844640e-03 1.736522237584726524e-03
2.083666388888484947e-02 4.046860370267599816e-01 4.050862239444315283e-02 1.724659831793041651e-02
5.991035978127579043e-02 7.041627545078615213e+00 3.197382611851280060e-02 4.220787732463520542e-03
1.654430948593710315e-02 1.027129163754661789e+00 1.881683384735449976e-03 1.649347761989057148e-03
1.375865647356826985e-03 4.314334633145350817e-01 5.036229636631699841e-02 1.359837937082536375e-03
1.293288443906206574e-03 1.309323158030003098e+00 1.879968047087064373e-02 1.186424344983032968e-03
1.607716907046104595e-03 9.205180919932868022e+00 7.816976651371957893e-03 5.556826098081741683e-04
1.228215176320411996e-03 3.478316153083143902e+00 1.165228298347130431e-02 8.987156502058749443e-04
1.483490068339841017e-03 5.585439692259044797e+00 1.082416584684707701e-02 8.402642579982378627e-04
2.972093160000597711e-03 1.066597343816291787e-01 1.674780279400379848e-03 2.499068998405503360e-03
1.242028169762406662e-03 1.353933052251860558e-01 3.101539796863614015e-02 1.235330335686861750e-03
2.266805705518379604e-03 1.121732847843855962e-01 4.635627971703227233e-03 2.148931769314188500e-03
1.390190575445386656e-02 6.463606289647036984e-01 4.657066541822122395e-03 4.745545055810632476e-03
5.678300223069165237e-02 1.488438385641696060e-01 3.074935474662774879e-02 4.454054197353907174e-02
4.625927987510643213e-02 7.848179091183538958e+00 5.269552527209142058e-03 6.618301060161927568e-04
7.135505513126891124e-03 4.734008136347063633e+00 8.044831584743466005e-03 1.372499725956861363e-03
1.209237727571622466e-03 1.003290125475908567e+00 1.061837434281727097e-02 1.085241983048017798e-03
1.762023914513338382e-02 1.700845055422100793e-01 2.703006044250819834e-02 1.586160076112334491e-02
2.779513423378908703e-03 2.264355383451429615e-01 2.780386571867796315e-03 2.266466115586006011e-03
4.594006345959752470e-03 1.584410267636794600e+00 1.491356848317520155e-02 3.087234993985877446e-03
6.211832273552416600e-02 3.683413635085269200e-01 1.092560945860411060e-02 2.007552991713504320e-02
7.643531716006964072e-03 4.842757199218630682e+00 1.293801077891374145e-03 2.581394087121510403e-04
6.512642586071024087e-03 5.218480993171933591e+00 2.374140204798003834e-02 2.678433266498530304e-03
9.028360958026690128e-03 2.156601253808418661e-01 4.206355255032996621e-03 6.171614897674071974e-03
7.903363585426316507e-02 5.908142572083353583e-01 3.148256129619469556e-03 4.992092154521250019e-03
4.593069727248765693e-02 1.870561527820750469e-01 7.306074418358221405e-03 2.110828737338602337e-02
9.179131821025048044e-02 4.098976070857583309e+00 3.666082471755916210e-03 8.857592216846541010e-04
8.337236786292101520e-02 1.309352106774944180e-01 1.239432986132262340e-02 4.432918169379222728e-02
5.364636804334584931e-03 5.267789003821047311e-01 6.356047128079607422e-02 5.136271783104220771e-03
8.355541702070505214e-03 8.080686362830757474e+00 2.681411105241615200e-03 3.191547989738023074e-04
1.484783494562794950e-03 2.896193884023608445e-01 1.484607273461455677e-02 1.442986837406351778e-03
1.498852577502839990e-03 8.480870105195309483e-01 2.377410452629696684e-03 9.766538343292366278e-04
2.345710723891033730e-02 7.687551352019818651e+00 7.631213568034500919e-03 9.523686636925490388e-04
2.753836696478047588e-02 1.103722565077286805e-01 2.183763029102960083e-03 1.151341472294601688e-02
1.619263720038304497e-03 2.954671206865914890e+00 1.474024072997424072e-02 1.222473042302385298e-03
8.811073862032875459e-02 5.776080739639926076e-01 8.928843670978903191e-03 1.315106203018431147e-02
1.432521664667474846e-02 1.026001054768377468e-01 1.779756947296532235e-02 1.323244735108784417e-02
5.672623394606935571e-02 1.196492187815245467e+00 2.278903851427615396e-02 1.425892844750049730e-02
1.235335443481869362e-02 2.032731368079564227e+00 2.848733312247455750e-03 1.258643908948266959e-03
2.344169360705773350e-02 8.595182163893910765e-01 7.272126972821803433e-03 6.216873993234120314e-03
1.347030811818435321e-03 1.873735781955438773e+00 4.081133252781221979e-03 8.322964601037965895e-04
8.820023136551689846e-02 1.111707609872915892e-01 1.655346017326186567e-02 5.539030426742749119e-02
9.797998486505371182e-03 9.051768588870520160e-01 2.711944300358623376e-03 2.294442110255051886e-03
2.210219353527117549e-03 3.078528321592083894e-01 5.677693523141393722e-02 2.184045464338183699e-03
3.634731554269808422e-03 7.299357699435141678e-01 2.296662025176533090e-02 3.258327236271082224e-03
2.013185198682359081e-02 3.824515156768090174e-01 1.004943433388322087e-03 2.324269419852755762e-03
1.749414002469762072e-02 5.361658416773856572e+00 1.222679394996298210e-03 2.251069348355628380e-04
1.913710419925543707e-02 1.982572037679251942e+00 3.536606239846861593e-02 9.232492514357870661e-03
2.539709345682847688e-02 1.518356498794471543e+00 2.560340601119792323e-03 1.581268443743904942e-03
5.391052366961966366e-03 1.620160152633684181e+00 6.677820456915852486e-03 2.335844734432747372e-03
3.623161886282317418e-02 4.884963629257432771e+00 7.491590514753328212e-02 1.077514641004008802e-02
5.094411681534214559e-03 1.516180800997989353e-01 5.435089279856576694e-02 5.023027188913026936e-03
3.243285255073243174e-03 2.959813596211364750e-01 6.094084210811442220e-02 3.192988677357633861e-03
3.514628573773144558e-03 7.025488978645505478e-01 7.720945106594389457e-03 2.662990387554718414e-03
3.604528398425914382e-02 4.468455404574905310e-01 7.182181339675432902e-03 1.111620806435249277e-02
7.998481311109327530e-03 6.355342530146769198e-01 2.215495119015548769e-03 2.427876730340821059e-03
6.345889449425562434e-02 2.685741182506422575e+00 1.015386422559466434e-03 3.758265846835163407e-04
1.075361766697807003e-02 1.936857489231035845e-01 4.029359356428068202e-03 7.089152620164662286e-03
7.254346470895238659e-03 5.504938404460713919e+00 4.472634305087973966e-02 3.832462492014443532e-03
6.363200475388401667e-02 2.343090661608663972e+00 4.194972063026855373e-03 1.741363184170405601e-03
7.749008838403603772e-02 1.774614868835137638e-01 9.324955890662693994e-03 3.131293046867776597e-02
2.159083723467367447e-02 1.882498751357725153e+00 4.041360506403461617e-03 1.952651649848704271e-03
2.208124691825253446e-03 1.867065084265101094e+00 2.039193130531940634e-03 7.307467791335313465e-04
1.755120470460885471e-02 3.141498724067440573e+00 4.686907084038869319e-03 1.375048033285613007e-03
2.125047375796192042e-03 3.523321279896734493e-01 4.050142877776971399e-03 1.793495937280227374e-03
6.279953642182360685e-02 2.112351560556504193e+00 7.269931661201442866e-03 3.262816108630343416e-03
2.323641005831740200e-02 6.061775519873856544e-01 2.673437176662090634e-03 3.706767856213035936e-03
3.507317698275494965e-03 2.046094747390545976e+00 7.051378985052303254e-03 1.738260950956307558e-03
9.658389627792939025e-03 6.335235613383838338e-01 1.671431348089192585e-03 2.072249003958257299e-03
2.936221658835075007e-02 4.094758283637288443e+00 4.950346764519739616e-03 1.161139012339032842e-03
9.954778245340032208e-03 2.314407770979820533e+00 5.762977278208823717e-02 7.111657078943933383e-03
1.715632959272567551e-03 1.061444925415718110e+00 5.854486581368518322e-03 1.308592586976061855e-03
2.037898359248654489e-03 3.009304461216087745e+00 2.591852724415268615e-03 6.054131187863692623e-04
1.008121221486258214e-03 3.733409212460846227e+00 1.656147878251623944e-03 3.080508731784784493e-04
2.163936446135313399e-02 1.392952526324699736e-01 1.224781297587456286e-03 6.252235446682375200e-03
5.446333118771574423e-03 1.138993278415968285e-01 2.395564602831250570e-02 5.308859703112797125e-03
2.098888821784742828e-03 8.143229471988776780e+00 1.889397987131163827e-03 2.089251822032748163e-04
9.665321456367594044e-02 4.163912125826961130e+00 1.966525396542185156e-03 4.699818329952026668e-04
2.765298589820256673e-03 2.055170698370662574e+00 2.456355554092311873e-03 8.345160071957112482e-04
3.029871585274982251e-02 2.133380249435877785e-01 8.654268131061765290e-03 1.734428141823124783e-02
9.982042294064188970e-02 1.925167296126105154e-01 1.699354935589333579e-02 4.684542392414611095e-02
7.248424640236914539e-03 4.561911873519482796e+00 3.405765147912926533e-02 3.677717680202595256e-03
4.623711348622350573e-03 1.037939089648558522e-01 8.286480736772277450e-03 4.370587934594336380e-03
5.328496133353261867e-03 2.209625145196496110e+00 9.688841161310933481e-03 2.405413276300847995e-03
3.615092090468317171e-03 4.620706547996115132e-01 1.090318009686199081e-02 3.134820166286930374e-03
3.467407269917033297e-02 1.942605697111416951e-01 2.189435748440177534e-02 2.651631964833223165e-02
8.085468385168574287e-03 2.145628891413194073e-01 1.552519031115448360e-02 7.272781251060722423e-03
5.057869436847147598e-02 6.248200898279970161e+00 6.393423299297391199e-03 1.002951858759589237e-03
5.730041231189288153e-02 2.147966801963930639e+00 1.960753713827766403e-03 8.985274556744481372e-04
6.181290570461200895e-02 3.716731960130967849e+00 2.343135509653051195e-03 6.240641505637082231e-04
4.574139465165581904e-03 1.064013621100118989e+00 9.430759693309696823e-02 4.349665601800081077e-03
7.331577203277601928e-03 5.296738187299899536e+00 1.310939009308812950e-03 2.394170643220832110e-04
9.051255377944343594e-03 7.022645261828860397e-01 1.347645530759634773e-03 1.583313921307074722e-03
1.345739506491155099e-03 1.552401442173694246e-01 9.230353800154888697e-03 1.315955179616113161e-03
7.613916624612646067e-02 6.566527796442421794e-01 4.038833169677352730e-02 3.402249024885077577e-02
2.234372537537358816e-02 1.246108431761358659e+00 4.019127299369964525e-03 2.818490692733975102e-03
4.243389830828260545e-02 1.147553972774422837e+00 5.055986085223812543e-02 2.161554506366517373e-02
3.220197882948161797e-03 1.326343841047786354e+00 2.684837849457328077e-03 1.242926868581264522e-03
5.184869794793679591e-03 1.185355371030560739e-01 6.949541211761706312e-03 4.763595314725640323e-03
7.979142901213383265e-02 1.879266013217592457e+00 7.087845187268126956e-02 2.561042433881540251e-02
1.605277108229604755e-03 2.572882552855086935e-01 2.280115427172226504e-03 1.359091895021265206e-03
3.832963186544849441e-03 6.118006701037328021e+00 1.733935811651722905e-02 1.629370269534085583e-03
1.716425055417175128e-03 4.038047114651181602e+00 2.885780325798955118e-02 1.384015244753860350e-03
8.167969380541100985e-03 2.914348445783465635e+00 7.916243218102870724e-03 2.038414465045879087e-03
1.516911018796791855e-02 1.985291611461203753e-01 8.102147311261818918e-02 1.462549105326222017e-02
7.686213701676943011e-02 1.711950405086299087e-01 6.302919188147156071e-02 6.358722205858870213e-02
5.133796323456928795e-02 1.035295145657229438e-01 2.379823093747834156e-02 4.196555655480847802e-02
7.178495600773403262e-03 3.127079611394421477e+00 1.576752273707263119e-02 2.961830491488251938e-03
5.722545947381482007e-02 7.387837578088390922e-01 2.280731082000483911e-02 2.005328184254872789e-02
3.412291270301035916e-03 1.407584182541431195e-01 2.106697463806842668e-02 3.336228166141919776e-03
3.759637135784304942e-03 2.991902791367215264e-01 3.917745735772402461e-03 2.920978049803199614e-03
1.942425762977355568e-03 3.264634111414897455e-01 1.848781362506066476e-03 1.446334026513447762e-03
1.807884342035274636e-02 6.980497816535761402e+00 1.515899408299168673e-02 1.938740346486821000e-03
7.443760781867019005e-02 1.035467098840232997e-01 2.376420084118584675e-03 1.754181898717229252e-02
6.658450449320001130e-03 1.046453696987311277e+00 2.014230003448194955e-03 1.493171394491104231e-03
3.487602561621978847e-02 1.474851799829877796e+00 9.408472721153046323e-03 5.392846621476206186e-03
3.515987551034123644e-03 3.214240040439302781e+00 5.580798788697412249e-02 2.923893360373351711e-03
2.445282666427013238e-02 6.392296821623959513e-01 1.408197459913511362e-02 1.158902486055835013e-02
2.476256446801845118e-03 2.777072859020104367e-01 8.197644007259623916e-03 2.284607907204169990e-03
1.284340146920361254e-02 6.468691383686775431e+00 7.846896282975943798e-03 1.108372141826104726e-03
4.896471865479772381e-03 7.075507499504041675e+00 2.981343736482744769e-02 2.264724529968071675e-03
1.235138384760994627e-02 5.712101673586507111e+00 6.266244546782649694e-02 5.809924145208382809e-03
6.929696871156383609e-02 3.795829902803988354e+00 2.441003815253993403e-02 5.884655879481504037e-03
3.102169239821580670e-03 6.063542718975931667e-01 1.716730038359742761e-03 1.480257543823905409e-03
8.442031946348679816e-02 1.121736113800490431e+00 7.872741571861575915e-02 3.832321563900396855e-02
3.620369552383254173e-03 2.923985737957235820e+00 6.225473422497461960e-03 1.340669907185916511e-03
2.365328637523146302e-02 3.602063288133272034e-01 5.607367601141960423e-02 2.053336326209460536e-02
1.073081566585656552e-02 4.252916479925232807e+00 1.008567631908722367e-02 1.942243808011071210e-03
8.553055718475947519e-03 1.824061239582467908e-01 1.523479559616855439e-02 7.758537354170038161e-03
3.950908169719803686e-03 8.591764181932946443e+00 4.530830207946540816e-02 2.258686053027851841e-03
1.410963663757851434e-02 2.056864774756316461e+00 5.161531136116328730e-03 2.130504003917352198e-03
1.846320132571248069e-03 3.464783763030411468e+00 1.256384399625460474e-02 1.223403122594213287e-03
2.031131268760868330e-02 1.243071999326755828e+00 4.099003888296268508e-03 2.836914696472207873e-03
1.050233184011727453e-02 6.862427546490347474e+00 6.905397861175820509e-03 9.182785062335763453e-04
4.526722821893804094e-02 2.292387563470704159e-01 1.678092818052366250e-03 6.301286284449819294e-03
1.518474921385300431e-03 2.263060814241310226e+00 3.521956758945374300e-02 1.383486999571301558e-03
3.617552917053843027e-03 1.406381037916605070e+00 3.233719365023726700e-02 3.125770834184571183e-03
7.691719052865016171e-02 1.969378663193352974e-01 1.256416548177157616e-02 3.487289871120236723e-02
1.201812521036105556e-03 4.494657926026900951e-01 4.309490026556577619e-02 1.186934869663734205e-03
3.996429124836843594e-02 7.423533446118497636e-01 4.448051655752997130e-02 2.397406428119875504e-02
3.338793314897190410e-03 1.056855117718144443e+00 4.754954141658658540e-02 3.108140232790442860e-03
1.816597159992238515e-03 6.557256267650335424e-01 1.365440096770474329e-03 9.702049871161334176e-04
1.639263126414832123e-03 3.143920865974292878e-01 1.257052773001822443e-02 1.574702850284658093e-03
7.823891343689555467e-02 1.180403602571016952e+00 7.775398790201215604e-02 3.576202184034912857e-02
1.313977692749535367e-02 3.830653408230817458e+00 2.582154972120216489e-03 6.411838579706834618e-04
3.276885105967277702e-03 1.331315556126106747e+00 3.063562567904196468e-02 2.868417327021771917e-03
7.715598782017350776e-02 4.533331162819577820e+00 1.552018383383237761e-03 3.408447611777743261e-04
4.404304216791153116e-03 3.155305393540996928e-01 1.157659149385032588e-02 3.932262382621366618e-03
1.054963731309978194e-03 3.255295948729449496e+00 2.266545060711014706e-02 9.161506086904813891e-04
9.771133468413262246e-02 1.322169513360708371e-01 4.741196005388230439e-02 7.678774901893604954e-02
2.925157165827280484e-02 4.099438726487894868e+00 2.920094167403893080e-03 6.953821016512091828e-04
3.672865204231423857e-03 3.156916009266027556e-01 2.979563367230332258e-02 3.535289917730233874e-03
9.675661460603729100e-03 1.532853652505310471e+00 1.420665232207310620e-02 4.733750204552450609e-03
2.296347415025317210e-02 2.228694186684280876e+00 2.194959327601854731e-03 9.443613826726213537e-04
5.468241663422726898e-03 2.608674636593416807e+00 2.009081791301834188e-02 3.197766528740042091e-03
3.838904358876900347e-02 1.082511389965438442e-01 4.007555002922292414e-02 3.478227514294942452e-02
6.323013768905258458e-02 2.819240107852306609e-01 1.470336827170858323e-03 4.817968709788214912e-03
2.827597842752020783e-03 8.507842955496653925e-01 2.486549813049930557e-02 2.578166563421557898e-03
4.164285720183069639e-03 8.855288483647345998e+00 1.076248217961126540e-02 9.407960653802037833e-04
5.297107380805997356e-02 1.455338742358085469e-01 5.530162768318959421e-02 4.649029425898697915e-02
3.972540510648093354e-03 2.518933619363742604e+00 9.493716200053675669e-02 3.593751906379808944e-03
4.089159847831087130e-02 1.397704555353267430e-01 1.080199819009239554e-03 6.499919904049529518e-03
2.735279957997653610e-02 1.321199412376623528e-01 1.112182767728447583e-02 2.064466422530361958e-02
2.421761633770353611e-03 3.022413248993865986e-01 6.001719536873734683e-03 2.158514034629635796e-03
1.629603654117938935e-02 6.878623337840185314e+00 2.878075850486250600e-02 3.329278485180891742e-03
4.061921611032442113e-03 8.201151061102242679e+00 2.367685227943028617e-03 2.695437219889122498e-04
3.470434351547043578e-02 3.567073201744577204e+00 4.702545507601743613e-02 9.553933614867695517e-03
5.027392449367945604e-02 1.066737804729304684e-01 1.250676535958560130e-03 9.507159441986016632e-03
1.165221809024080939e-03 2.040106557302860057e+00 9.226898634194180548e-03 9.265179044298577950e-04
5.179541480962200801e-03 1.305710042406662108e+00 1.014610114625243533e-03 6.756868841322094966e-04
1.189484917792722231e-02 5.228902337028670466e+00 1.926174359879986864e-02 2.812657202507727258e-03
6.919031225715687426e-03 5.220963246198075502e+00 1.574542909953064894e-03 2.889848913450657870e-04
2.578576780278851732e-02 3.383426393005434019e+00 4.735034357285767409e-02 9.071426692556549057e-03
2.208806432838458442e-03 8.395034175945998101e+00 4.735135607362244564e-02 1.587237168924000245e-03
1.086732241765631796e-03 3.068087692409505740e-01 5.026697526813683065e-03 1.019133495219167731e-03
1.505351606094157239e-02 5.119003928816476368e+00 3.371270459753434451e-02 4.581447093890176660e-03
1.963673264041106148e-02 5.672660471197903398e-01 3.768053412490892512e-02 1.515620279373641917e-02
3.969361515570827420e-02 7.396803805626179340e+00 7.864221319347721242e-03 1.035457146202590009e-03
8.539309364487534040e-03 1.449890646030551844e+00 8.967817023217030184e-03 3.587024586254424635e-03
1.110002614628486685e-02 6.903416548879545145e-01 1.669513998475604570e-03 1.985748480808888650e-03
7.068347157245004342e-02 2.728108662531200657e-01 9.687577758931807323e-03 2.363592655873731491e-02
2.116101875290582815e-02 1.267654673589271030e-01 2.590825463941479577e-03 1.039659843942359468e-02
6.917080204045816631e-03 1.053605958823700339e+00 7.371496978089175922e-02 6.294746159872600770e-03
4.483468079877147433e-03 8.903457474341471833e-01 3.609690391069252970e-03 2.129036885663523372e-03
2.001086318151357180e-02 1.164893094688065123e+00 1.386381469549087010e-03 1.123326910112957449e-03
1.458373697718855352e-03 3.974269737161021165e+00 2.839255782594583052e-03 4.795121565770006319e-04
1.104425789633484319e-02 1.332891029847322606e-01 2.553427860641863806e-02 1.044225066755725961e-02
1.132637906553436366e-02 2.086109009382171475e+00 2.121611367476855178e-03 9.332225222167747506e-04
3.182827900035542501e-02 1.377054777653346607e+00 4.605650144963562703e-02 1.630846497140704676e-02
2.590245343624319237e-03 1.001297361695936000e-01 1.077821039869372374e-02 2.529379819567899659e-03
1.752612814780096220e-03 2.590198155698567817e+00 9.536710403757991950e-02 1.672976663871577783e-03
1.065285368102226017e-03 9.916889403405916292e-01 1.204297138938567949e-02 9.793729610852507182e-04
5.394808561142435538e-02 7.963865572844849305e-01 3.140818785565461287e-03 3.675166542075701277e-03
6.216666132424596494e-03 5.159328848490943864e-01 3.878883984572101956e-02 5.741879949264703381e-03
1.446673490375882665e-02 1.631116624797110393e-01 4.484746060202829399e-02 1.374360179859517202e-02
1.316377360309987227e-03 1.475142322910663606e-01 1.199291604728508834e-02 1.295402728695545496e-03
3.192794349517878716e-03 2.201818366979303720e-01 3.004758212265189968e-03 2.587436016919198931e-03
2.733297656396140984e-03 4.584233084259245139e+00 1.266419398077171235e-03 2.508971799511179514e-04
3.759948631003179331e-03 7.100298971042885432e-01 1.988088205313362500e-03 1.604870769178649804e-03
1.062390476023518859e-03 7.958295207458609966e+00 3.107018606053169041e-02 8.351338943660116445e-04
7.134631536999291174e-03 4.789725184405366321e+00 3.440741748834676757e-03 6.526464217725770406e-04
7.385206698599398878e-03 6.181965378030938929e+00 1.186308807468324259e-03 1.870382947133553304e-04
4.593901060938094388e-02 4.005565515845968427e+00 8.888335117053728501e-03 2.116750707604222754e-03
1.199407183220298038e-02 1.430692806481697332e-01 4.621561134115720858e-03 8.746500701667226860e-03
1.871479638756826450e-02 2.413903339591639552e-01 5.721180693682784840e-02 1.734518238222100897e-02
1.407145436788653260e-02 2.259899147005036912e+00 2.217272527618782685e-02 5.780736452524095313e-03
5.075886508731855193e-03 5.784452422436443086e+00 1.769135005364122146e-02 1.908488256865841599e-03
1.810928881372096330e-02 2.504574878778112468e-01 1.373417564539490369e-02 1.361352559208591113e-02
8.230459280781020695e-03 1.650826423864085457e-01 5.907465201372163500e-03 6.691440467300683280e-03
6.344777871456269702e-02 8.475348124992763132e+00 1.592595731242204193e-03 1.873543066234612767e-04
1.483597832403221219e-02 2.889466865090699055e-01 1.606438890092180263e-03 4.044136948496516830e-03
4.376651695642306411e-03 8.839154253343070033e-01 9.886322318375941401e-03 3.145711765337838497e-03
2.176393976183543105e-02 8.726099675308939263e-01 8.703367278846454655e-03 6.839535744411153265e-03
8.398164475554946440e-02 1.513239885708131283e+00 3.338223588830747154e-03 2.149547023562444013e-03
6.894374616352977325e-02 3.115942524796093127e-01 6.751574769716622675e-03 1.648643606272082521e-02
2.860895544058861348e-03 1.593293812430763290e-01 4.720921701092771483e-02 2.833536564521697831e-03
1.503081618577772720e-02 4.073184965436994487e-01 7.286366627606802315e-02 1.386575385093791017e-02
1.550707181057081260e-02 3.437969869526679378e+00 9.382319396497617800e-03 2.320630315349730011e-03
4.792130504955480555e-03 1.197373052746422695e-01 3.830672542128129437e-02 4.721408483756456623e-03
6.553882152554412269e-03 6.985249399631905387e-01 2.806919849740987377e-03 2.491035432716834971e-03
4.525475319640846761e-02 7.245712327289499655e+00 1.358050037923838951e-02 1.799742390649138480e-03
4.829067786294255482e-02 1.285304333088948536e-01 2.245135932776135077e-03 1.282769509159793417e-02
5.825241228922150433e-02 2.315176853387695133e-01 2.414856268590769711e-02 3.737773469040990559e-02
3.882939084748220776e-03 1.057527126119090777e-01 4.635571778663120923e-02 3.848844986885295409e-03
3.564251942129553069e-02 2.971360129331453992e-01 2.593243587683581770e-03 7.010793227315520112e-03
5.634497446328672748e-02 3.803538597428250068e+00 1.538506005896780058e-03 4.016102251616598235e-04
6.369243970765822715e-02 2.494020633023029121e-01 5.025118175582929565e-03 1.530654382742295538e-02
7.379230155176084993e-02 5.325268979077233844e+00 5.796188766979438155e-03 1.072610249518456561e-03
1.860767647669748712e-02 5.406463102394949871e+00 1.110803152630655127e-02 1.850283086034738237e-03
2.692206708213948797e-03 7.389168796624868696e-01 5.280143953128506838e-03 1.955473604060090683e-03
9.592571360278199025e-03 1.335298213901388698e+00 4.066968190923847710e-03 2.311737790977737208e-03
3.616152733321122831e-02 1.378837620739424175e+00 1.360391412758723759e-02 7.751358267645775194e-03
1.348624094500100326e-03 1.162996344619275035e+00 8.206831687588261870e-03 1.132237115040603693e-03
6.560529661285030914e-03 2.379933885810660676e+00 6.066910847254689161e-03 1.835846929722144243e-03
8.043002004327108601e-03 1.937607661635331879e-01 4.539761752690983122e-03 5.987575469406981356e-03
8.941806439306973497e-02 3.407542225738423025e-01 1.413461093277436180e-02 2.833566619319026481e-02
1.446543576193254355e-02 7.411850580794268950e+00 3.643641129056859884e-02 3.669063763220812690e-03
1.279775718121954403e-03 1.529724869448514823e+00 2.577474692762464752e-03 7.273338513624851053e-04
2.175183167132031109e-03 1.082579713348702649e-01 3.281767841135011573e-03 2.029553966023025808e-03
2.497781254981614255e-02 5.420105847082337114e-01 6.077466315856676869e-03 7.738789589050006079e-03
9.633663760136045029e-02 6.455467696123500687e+00 1.998310728435977873e-03 3.085617226903379141e-04
1.728001019788682341e-02 2.927096248636641973e-01 7.279317408755858754e-02 1.615732063760014561e-02
6.972721559962680692e-03 2.370241993569555672e-01 1.371058192851163727e-03 3.161626879849140006e-03
3.709401675985142185e-03 1.362505704014632002e+00 1.119187228954131481e-02 2.555414830790382879e-03
3.449180311135422155e-03 6.160939487688535721e+00 2.257358093580632500e-03 3.312142410621926993e-04
1.221638625846970102e-03 1.333409164123344315e+00 2.094728698158586366e-02 1.133493661841892880e-03
1.049184310964331856e-03 2.124122526777819875e+00 7.714598741685734125e-03 8.140276994760513437e-04
4.457982600709119690e-03 1.699838323114839234e-01 5.475318833793730959e-03 3.916006675820229294e-03
4.095759595473595811e-03 2.549101096227128771e-01 6.538464265458183988e-03 3.531806859102505462e-03
9.065987829706489975e-02 1.971269987978500893e-01 1.446999303744695873e-03 6.790626575356082349e-03
4.644002098137231353e-03 2.798601323172747346e+00 1.385684623169687818e-03 4.474305065000494931e-04
4.504886477635289960e-02 1.356166661502640647e+00 1.015884475678405620e-03 7.368330065475628366e-04
1.334446430004693381e-02 3.495420355454712524e-01 1.391805211241467759e-03 3.066728627022564848e-03
6.481953279515806354e-02 3.691848544746422767e-01 1.593793955409008884e-03 4.047493961954315780e-03
3.553238622156971570e-03 3.551132430664190043e+00 4.381491541296038406e-02 2.758758622705939807e-03
1.064614863248378000e-02 1.347164938769160880e-01 1.007634076145127403e-03 4.393160998261284519e-03
2.825238817319543089e-03 4.707271938779291065e-01 8.257097049323193494e-02 2.780455829642316905e-03
1.057146281049178849e-03 2.453547123723743839e-01 1.438196384823339736e-03 8.956225565969465905e-04
5.966046991930274053e-03 3.616051245814561277e+00 4.494171319914211371e-02 4.031021360904179021e-03
9.243433821131148698e-02 1.468432516653369158e+00 4.122582337167059879e-02 2.153421326121707571e-02
1.745577175281670581e-03 1.821179910161660198e-01 8.019090155674346229e-03 1.679015902369564552e-03
2.640341739613256532e-03 2.254293324110372976e-01 1.121826869701639945e-03 1.725068075326860592e-03
6.057100656620140362e-03 6.310745310013252674e-01 2.574375543487287133e-03 2.437642513662225882e-03
2.058699910452759657e-02 2.515298829046499485e-01 2.027690940983381020e-03 5.793011370290439624e-03
3.308156633209909884e-03 6.941345251978072728e-01 1.274291231249379680e-02 2.803041339185332204e-03
1.837814956314768808e-02 1.837539430589090639e+00 7.863528438158003120e-02 1.285672323396724881e-02
2.729047301353361432e-02 7.490140036809509461e+00 3.332432745790461261e-03 4.377723853766645628e-04
3.323425887408228835e-02 1.256249376475509827e+00 1.313594255263427543e-03 1.013752061156657572e-03
3.315532853416067356e-03 1.981870552308384048e-01 5.012714067277539154e-03 2.931283213775629816e-03
2.726783581892201075e-02 1.059037099959589279e+00 1.347172588307990991e-02 8.674149357130345184e-03
2.216826720621146388e-03 4.022911880189528611e-01 7.631317575540623281e-03 1.984871029176969899e-03
1.888744250912174905e-02 1.944470285040241220e-01 5.069390903011210085e-03 1.095262541941173680e-02
5.918653665050804813e-02 1.167845786983507661e-01 3.840020380300919640e-03 2.113797397430189698e-02
6.865729681792374396e-03 1.245120169515043118e+00 3.325042461881044104e-03 1.922639182759891064e-03
2.206260140385784413e-03 3.709048135628700837e+00 4.822348689221837847e-02 1.886189460378687134e-03
9.378717403733208280e-03 1.016771339693802872e-01 4.082329327817189185e-03 7.602768469173230848e-03
1.993835161929348801e-02 1.456842019050765824e+00 7.035041799271128139e-03 3.887447038392960290e-03
1.020716372487229240e-02 2.247946005443524520e+00 2.991354752984069949e-03 1.177230493219274480e-03
9.342119289863545784e-03 2.329563815976043895e+00 2.200005868763650098e-03 8.576830172964483795e-04
5.411935909705751363e-03 3.719517747625017634e+00 1.790973384964051479e-02 2.548042606799355916e-03
7.479262929967678795e-03 2.421590348029677431e-01 1.511492744097115868e-03 3.402345890813939736e-03
3.250075477911558257e-03 1.050900441790436346e-01 1.843925554385212814e-02 3.190969114583340743e-03
9.142451424510664171e-02 5.874499378023686269e+00 5.488313166313602519e-03 9.248100075751349404e-04
1.807988891394426111e-03 6.900231833686675254e-01 5.316358574777774182e-02 1.766534802652743258e-03
1.564892268781494303e-02 2.646260112846894330e-01 3.341150390316301871e-02 1.392323887440953187e-02
9.936450717350973905e-02 1.416726233589169770e-01 5.927575322193562660e-03 2.944245541805476374e-02
1.233420634883834743e-02 6.663268918560369514e+00 3.757340857717248600e-02 3.869739023911037724e-03
8.800435889294751235e-03 1.102600290245854403e-01 8.284234803091770905e-02 8.698549371620000262e-03
1.255238960727472503e-03 1.343014494660343505e+00 9.409511737421945299e-02 1.233145970007177824e-03
5.286405741138684722e-02 7.329757417030385858e-01 3.224627207898398459e-03 4.061375187264641175e-03
2.317611633514189695e-02 1.406981468813409464e+00 1.873687694914098886e-03 1.259345052997932037e-03
7.801176759581529563e-03 5.305491282382322815e+00 7.556101771393572246e-03 1.204336955564560066e-03
1.239734046344602783e-03 7.489195960707079047e-01 2.689701223588299855e-03 9.216043570180359242e-04
1.920568885546083395e-03 1.079924853015989727e+00 2.015141290420842390e-02 1.741342434089536775e-03
2.304469392296121938e-02 2.233436053771017948e-01 1.382163119252255044e-03 4.878433322635647093e-03
2.710269859951534160e-02 1.859743937827848637e+00 1.128525405249984279e-02 4.958083058946616099e-03
1.449484844850179241e-02 1.487421031633792357e+00 1.063057102838979584e-03 6.811144372604107386e-04
2.116165649698925275e-02 1.130398157188887032e+00 1.983657841739311280e-03 1.620454827266550740e-03
5.209167269657606798e-03 8.304454605728185612e+00 4.132889203201622896e-03 4.542713609929626426e-04
1.177473678471361185e-03 3.316435336148499946e-01 4.829595120828313395e-03 1.089390007740348703e-03
1.703892829539292719e-02 1.489894906090572846e+00 6.472577365089378365e-02 1.223874718054303833e-02
9.645949667030592756e-02 2.110724300037471468e-01 4.580031757323267498e-03 1.771403576485120618e-02
3.768108633490667436e-02 2.860167397231912823e+00 7.234503234476188926e-02 1.513463694474691777e-02
1.047202411788752952e-02 3.592239607338485019e+00 2.225858656789529016e-02 3.892880199595186771e-03
2.972608983828940472e-03 5.565321143689109462e+00 1.882801544473418007e-02 1.582298348427276175e-03
4.834180281209455449e-03 1.296381748281315582e-01 2.338613012709598368e-03 3.812514416554409376e-03
1.919121150985934237e-03 1.814690377461008586e+00 6.334480008737348490e-03 1.238313360182735851e-03
1.477563821808519640e-02 1.093642693124992959e+00 6.463181643922877827e-03 4.221365588007363646e-03
8.456731885052143002e-03 2.560181145948994264e+00 4.853704834144655610e-03 1.548662541450422387e-03
6.049014530199993411e-03 3.255411129982617724e-01 2.282062248259622995e-03 3.247086959624886655e-03
7.712891146508853157e-02 2.123286953587379955e+00 2.997392422934858427e-02 1.193273133779607434e-02
9.695878796678096545e-02 1.632871110601401998e+00 2.689796199905143681e-02 1.408058276850506461e-02
1.832407239634499616e-03 4.623115314353014149e+00 2.440145925667313535e-03 4.097795865620234884e-04
1.022434384924246140e-03 7.213751022359058407e-01 1.850907845488224514e-03 7.311015169600421082e-04
4.266818302776763383e-02 4.981981534015976543e+00 3.720448633701209894e-03 7.339355160366257697e-04
1.058502260792055063e-03 2.484660687858377681e+00 1.960280726420157108e-03 4.520318333291051933e-04
9.245474386342229789e-02 1.885238615739972534e+00 2.164459578007164355e-03 1.134026665191712911e-03
7.116397501623519632e-03 2.526081585801450480e+00 3.575614286849353174e-02 4.735565484731581003e-03
2.159861634489656894e-03 5.362430697403433477e+00 1.081273094860122491e-02 1.042829664836525134e-03
6.010737775473316141e-03 3.757211896010046015e+00 4.656686556138635302e-03 1.027526117763050357e-03
1.424726798112705339e-03 4.771578669879785295e+00 1.268075798595303186e-02 9.274941424337830370e-04
1.445438744241382993e-03 3.273204070538537902e-01 4.372642291354454820e-03 1.304311709519982102e-03
1.716234298974356632e-03 5.951528760920444805e-01 7.291741703287435428e-02 1.692525526708688445e-03
9.949230010366865232e-03 1.596388072504529576e-01 1.228617111950556454e-03 4.339448626528864469e-03
2.950845097751236823e-02 4.692400830687914137e+00 6.295969727511668314e-03 1.283382520449531357e-03
1.044939225314676359e-03 2.085186912610433041e-01 1.496693878651832827e-03 9.121482743444793125e-04
1.126318229611527125e-02 5.099253721991019450e-01 1.066899776282050419e-03 1.764491737300094868e-03
2.285422245980123918e-03 2.736652276065948408e-01 8.934725873093820464e-03 2.135906454290767680e-03
5.423834523422237618e-03 6.779075515955003128e-01 7.722514507593699479e-03 3.674381143548147762e-03
2.769901002281312252e-03 2.594833208336257968e+00 1.535636305172733383e-02 1.886798873053998314e-03
4.868002814675452712e-03 2.855738718506538376e+00 7.733670748382805160e-02 4.126279031401092721e-03
4.673740002420157663e-02 1.898249961401373698e-01 5.579951686593110499e-02 4.032574802614265208e-02
5.966138501360006285e-02 3.775749309575029411e-01 2.908467301287368401e-03 6.822191182698343452e-03
7.117600033806622400e-03 5.983192795436174549e+00 8.426987244366159618e-03 1.175778157595129591e-03
1.115717078406920507e-03 9.220802758356172468e-01 2.073919350479087875e-02 1.062986943840536899e-03
9.707924199973294588e-02 9.000604613681408850e-01 5.062704570868391263e-02 3.561365556246858660e-02
3.814304552103970312e-03 6.249900908632138874e-01 1.015155536857665144e-02 3.088927752710313342e-03
3.387993645323118114e-02 1.065202380376711666e+00 4.254215002010864992e-03 3.572659575401449308e-03
2.131685423954436144e-03 1.647682204407622253e+00 2.930906527947502865e-02 1.903565872650728012e-03
1.058752372850022385e-03 1.614454910399979459e+00 1.194593574398927598e-03 4.355446503086666198e-04
3.457986430031042158e-03 2.331582980265787697e+00 1.065647498614671028e-02 1.968579150031631031e-03
3.594514619913823789e-02 7.190085567816910661e-01 4.228921066413646353e-03 5.054540590752249797e-03
1.659217437130811089e-03 4.066882974027047126e+00 5.621673818699993858e-03 7.540778878442564717e-04
2.841988188127315094e-03 1.641240081312165533e-01 2.088619760477253284e-02 2.779906266245361652e-03
7.058170071440164617e-02 2.276011625294124541e-01 5.525286925504378083e-02 5.468293029291169949e-02
2.447471364652909973e-02 2.082792983163797573e-01 2.003114599032566456e-03 6.904350253383118377e-03
3.311194210387130837e-03 5.194523268813652228e-01 8.371196366971422886e-03 2.746813681218175911e-03
6.733907140160549920e-02 1.952496447823683368e-01 7.923444551389204060e-02 5.775532364766107485e-02
1.730341255101219269e-03 2.054039520331547297e-01 1.851774861226156838e-02 1.697755519838740641e-03
6.706205083399962956e-03 7.049644968098560227e+00 1.972445636339763622e-02 1.974248180773743692e-03
8.824306888172700480e-02 6.149893536394083426e+00 3.408470009022919380e-03 5.507730938281470276e-04
3.422940220322718587e-03 9.114217125187915602e-01 5.459198968332779761e-02 3.237905216543861091e-03
1.066794048784289357e-03 5.897165152659986642e-01 7.804064883286507617e-03 9.872122859792250085e-04
5.222484647073753067e-02 5.367160355579407849e-01 5.234822489996232911e-03 8.218547373624230171e-03
1.134467862277568255e-03 3.918783338408077022e+00 6.355226220267819193e-02 1.060295940002364953e-03
2.776676888376879496e-03 1.209241158714740694e+00 1.243512404026791453e-02 2.186333660425940437e-03
6.370718752759181591e-02 2.678151364876224072e+00 1.528964177296771292e-03 5.658321998897254852e-04
1.996028725980978843e-02 1.311061787590536709e-01 3.498765691522795485e-02 1.857124307122060003e-02
1.396915319756884474e-03 3.997916957671592275e-01 3.179948272439885905e-03 1.188233103196135142e-03
1.937418839774076099e-02 1.079746257699132211e-01 1.009580143737045209e-03 6.306558220997848796e-03
1.800125904264975041e-02 1.371023883297100010e-01 4.147494728454137990e-03 1.128561867359329299e-02
6.059611484551935545e-02 3.776399852572044913e-01 4.644614320498297207e-03 1.022392659257481684e-02
6.400904770950220993e-03 1.363084942612568407e+00 3.199545811248524774e-03 1.717468155561028675e-03
7.560343895856873331e-02 2.880894472524867522e-01 1.946968338280874108e-03 6.203661149066714772e-03
4.452272641457821929e-03 2.569583410422159875e-01 2.234914034406859651e-02 4.235460174672470851e-03
6.840271886463775153e-02 3.835075685611694651e-01 4.367601637534253289e-02 4.273497349381811389e-02
2.360711523200825692e-03 6.656953254488838789e-01 1.000806669312442410e-03 9.184761799769184526e-04
1.996804377546354536e-02 4.879036587328504093e-01 1.569660526701356640e-02 1.232082356343604940e-02
6.278189871102525521e-02 8.260644809666091604e+00 3.049369339286540827e-03 3.669864243663977887e-04
2.796612344877950559e-02 3.021859734489943383e-01 2.278877998755693499e-03 5.939635121753787141e-03
8.064842693256604050e-03 6.233535653919433983e+00 6.602745854444164002e-03 9.362618200281426929e-04
4.386928276771939056e-02 8.145431861250074235e+00 1.521023034687604344e-02 1.791093211217196623e-03
4.834139096340215637e-03 4.138582652912620730e-01 2.523077148081753762e-02 4.478982707763624893e-03
5.812629933818077438e-02 2.536936627220119700e+00 1.108956272869953763e-03 4.338614072745424995e-04
3.628909429076245495e-03 9.724477145648357634e+00 1.468076956900724039e-02 1.066142998924192887e-03
2.330913949491626811e-03 5.866333104840352197e-01 1.616942199931068955e-02 2.149166421928924188e-03
4.212419580946251407e-02 8.397003148564067487e+00 4.753797248983620757e-03 5.586225851203515226e-04
1.488539284471612593e-03 4.188560472234860721e-01 1.714114702376431237e-02 1.436296152172592336e-03
5.479036986235949307e-03 3.174563660591242176e+00 4.602199997058120662e-02 3.976252407033064803e-03
2.777558552588101429e-02 7.375164729338421488e+00 5.697639802941210224e-02 6.044293995596187151e-03
5.320142835817419369e-02 1.200430978088698142e+00 4.657242760673351717e-02 2.243557950567832276e-02
6.710534594913457329e-02 6.617544863930480581e+00 1.695004670742613533e-03 2.551640452861609959e-04
1.756182809392453463e-03 6.655803469229780722e-01 8.280205167968094845e-03 1.538937636893099011e-03
4.875310722321078011e-02 4.168822405225200534e+00 8.091678318783562807e-02 1.388283707139474459e-02
1.777204916094144230e-02 4.009451571924556035e-01 1.209924735835085467e-02 1.118491211992627549e-02
6.434238690928432980e-02 1.056110702714730953e+00 3.399598220839167295e-02 2.145572604036100756e-02
3.322187483318486678e-02 5.391730477154199619e+00 6.250122332523579301e-03 1.120121065615216349e-03
1.750885286929262930e-02 2.932659875544899597e-01 7.386493745317231595e-03 1.032876799005064648e-02
3.106316654504661864e-03 2.243171403498430971e-01 3.446440757464731396e-03 2.583903946736207900e-03
4.078566314426445433e-03 2.243932842164480412e+00 5.600276908125101372e-02 3.505666728465721069e-03
1.632109744265763246e-03 1.594988781269840672e+00 1.602888845233143254e-03 6.219774788937770761e-04
1.854352900690470554e-02 5.818706387733953100e+00 9.251725094665352866e-02 8.560150769013553235e-03
6.560768588113793584e-03 5.316506801973249097e+00 2.178911063929125924e-02 2.522580213400761433e-03
6.043564130822985658e-02 9.857481063413146671e+00 1.361906121585718631e-02 1.350718225965386043e-03
3.810959598471459504e-03 4.309117812940354675e+00 1.308538126232191732e-03 2.812560659908740798e-04
2.302931898365205392e-03 2.068327610693709406e+00 4.837142098039506205e-03 1.160332440552109146e-03
1.014301550952508230e-03 7.052869263689377499e-01 5.875785236218498443e-03 9.042139941095941880e-04
5.554778558119093101e-02 1.172687054002226059e+00 1.329791721682494670e-03 1.111283722584230750e-03
2.041924573479527924e-02 1.170043109177407864e-01 2.313562604390950392e-02 1.850798697781675176e-02
1.222376624186891254e-03 7.762351002055625671e+00 1.369620329765296358e-02 7.221100345242883588e-04
1.660546269862486768e-02 1.362954954531695684e+00 3.400886746007614897e-02 9.970327848908213872e-03
2.807167160862681417e-03 1.788892829138911233e+00 2.026556105679012953e-03 8.071308064858065011e-04
7.560492989928723449e-03 6.020850555851875008e+00 1.058631397890530184e-03 1.718314212966319142e-04
5.361982016710753474e-02 2.932728507683265429e-01 3.712785354861647142e-03 1.024172490936549156e-02
5.723611468872892571e-02 4.589254209279943097e+00 1.303597613291213476e-03 2.826515903114262341e-04
6.239312141406067741e-02 1.897599661903248247e+00 4.096290685011010069e-02 1.603791698417039724e-02
6.008912905290491810e-03 1.166390267258375024e+00 1.340932932452928820e-02 3.946284073088881725e-03
2.942741508740106052e-03 1.368615425198313751e-01 1.310928456770187912e-02 2.855028305194319809e-03
4.290721472524980894e-03 3.319267460692675975e+00 1.453859462538686443e-03 3.974350876408314060e-04
2.897381672347534159e-02 6.010971523138332051e-01 4.642235432228838422e-03 6.097622766958501507e-03
1.356085218052233143e-02 1.677959680966862877e+00 6.811307730555045403e-02 1.016501988802286441e-02
2.923494189918088206e-03 2.040345452038190843e-01 1.414365419910311493e-03 2.056279739166589748e-03
7.332255944257726893e-03 1.573516720805153146e-01 1.515094806427863885e-02 6.813415254971965165e-03
2.870812344856166903e-02 3.519284676099055709e+00 7.421582762126897534e-03 1.964523374139781793e-03
9.172970488139421674e-02 5.628454107482184776e-01 5.267158311314329433e-03 8.491775684105043465e-03
1.228334531531563578e-02 6.888593130497547845e-01 3.809887046582435127e-02 1.005107153094301348e-02
2.951670893914940669e-02 2.428146844545329142e-01 1.321514785385740796e-03 4.595191621929838564e-03
4.469221913822882947e-02 4.371003129057143610e+00 2.562366726311713153e-02 5.182424898001788093e-03
1.657260761497618071e-02 2.251666469191626052e-01 8.697117753972267995e-02 1.589079477289328732e-02
1.023301415929202219e-03 1.020695636102203707e+00 6.851317979794709773e-03 8.879360944120004385e-04
1.388385725095230396e-03 2.587992751672501868e+00 4.016812785079053316e-02 1.274388700323980227e-03
3.923298585071513522e-02 2.835026225863861993e-01 1.719271590814201722e-02 2.382174674326420147e-02
7.481102048246499048e-02 4.587318307303256959e-01 6.056022966213845532e-02 4.775134633282415719e-02
1.108874725595740103e-03 3.571918605311763528e-01 3.719119196183059278e-02 1.097189806619963681e-03
1.760320145911324586e-03 9.995690772106307520e+00 1.525201359955101867e-03 1.404146408933743418e-04
7.183412657310915030e-03 6.960649897832635880e+00 4.819401320301865826e-03 6.315095897376416835e-04
7.052290153999555417e-03 8.813448878227271521e+00 4.837450831533007811e-02 3.086515788994818009e-03
3.531251264344118651e-03 1.431640489757569856e+00 2.196545432813952481e-03 1.069570351048384528e-03
2.876318659119836071e-03 5.781846572676698770e+00 3.303415059668165458e-03 4.766603146642186791e-04
1.292271528158922544e-02 1.741788807891227364e+00 1.337925585199203904e-02 4.817677545007604395e-03
4.364765699530223642e-02 5.601064642688915463e-01 7.403493328605655413e-03 1.014558038276952220e-02
6.413646869792698213e-02 4.607275106209526849e-01 1.591251524126991498e-03 3.277296139338714467e-03
8.554493317862491009e-02 4.771874982504141549e+00 2.810819069006861848e-02 5.510920362281321143e-03
2.235340709635603475e-03 9.432010897051191778e-01 1.798869877151882193e-03 1.029135971217910381e-03
1.727582540910543429e-03 8.661527014012022629e-01 1.559226352040433104e-02 1.576308209567929856e-03
1.424650163569214992e-02 3.962133551484803839e-01 1.154694767137923878e-02 9.568835411703379215e-03
2.217907547991757045e-02 2.600986965977938326e-01 4.055150369644793668e-02 1.941688173639909490e-02
5.751730052835795498e-02 2.805267703327755324e+00 3.976822188166600353e-02 1.137313434366871677e-02
8.684506827938437423e-02 6.602784208919771913e+00 9.913926153463318430e-03 1.475958569844944323e-03
5.645983621750469070e-03 1.970927849502004392e-01 1.136518241059889661e-02 5.142475837195683089e-03
1.383716101322658883e-02 1.210677875472636611e+00 1.065614174641636757e-03 8.275400688615596649e-04
2.127239150538679131e-03 1.756757230204678555e-01 1.139696255318398957e-03 1.601959589792566804e-03
1.396523243536612092e-03 3.697577070419521661e+00 4.776112053052677248e-02 1.260267835542325677e-03
4.670928588094624620e-03 3.550573081936406084e+00 5.232596862442036312e-02 3.546789947612728582e-03
3.220974984677488911e-02 3.433874473312979791e+00 3.070409860898910825e-02 6.998676515937420073e-03
1.361889505314801095e-03 7.435097643919745813e-01 9.907497248521346389e-02 1.348111372663875814e-03
5.691585582869949228e-03 1.570646224079859377e-01 3.571585730377687101e-03 4.552197522620319431e-03
1.108603813815724768e-03 6.464620036863141017e+00 3.132948592821625799e-02 9.022188707037630912e-04
1.020204676749056176e-02 1.538279056940635714e-01 4.538004778826745800e-02 9.861026937405743473e-03
1.925689878361686730e-02 1.003442851920748335e+00 1.120854068685574276e-03 1.055767901408082932e-03
4.024130984263500459e-03 2.182264412089471417e+00 4.090468956349307787e-03 1.278771286670577845e-03
6.707568698004454100e-02 8.013607520761281133e-01 9.424106705800500139e-02 4.271343247431150236e-02
8.199421507860049640e-02 1.147490179098662022e+00 5.536463685798445090e-03 4.556712258487603806e-03
2.870497112594447287e-02 4.509223675403720044e+00 3.358873749757242122e-02 5.914176215535024879e-03
1.024532966700536550e-03 6.781868634874571589e-01 8.192337560771656424e-02 1.015916573346749155e-03
2.316550606240463245e-02 4.824448520683047303e-01 2.668989341036754476e-03 4.465740911358438529e-03
1.330303307322215330e-03 2.330730431959907811e+00 7.542568411684883595e-03 9.427572389361951700e-04
3.020574065828332544e-02 8.226488024340938843e-01 5.361699668864568051e-03 5.360869887651037620e-03
3.876355271711571810e-03 2.973924939854932781e+00 7.078915298468065054e-02 3.333496495082307644e-03
2.237298254632167499e-02 6.920908879225968757e-01 2.238826544695247858e-03 2.826233100145007782e-03
7.720127646476718231e-02 3.583446699905200594e-01 9.080323935232175944e-03 1.907777362136486507e-02
3.875527758734596557e-03 1.381739304895665876e+00 7.053869860173078710e-02 3.602075021822678802e-03
9.437083747643075504e-02 2.258227607618515709e+00 4.083179582542788288e-02 1.517402108819778869e-02
8.972025898145240264e-02 6.992326543347685330e+00 1.445527928866947864e-02 2.020744729151083795e-03
7.515404846501873293e-02 1.358584766753818451e+00 1.368791738241632167e-03 9.941849304750558988e-04
1.627582571440900922e-03 1.634853362105326002e-01 6.541221953224818364e-02 1.620988662776510830e-03
5.027412214549727837e-02 3.610017890227332216e-01 9.070913706635184981e-02 4.189232286295842267e-02
8.679680464498802650e-03 8.139817153791360838e+00 9.657488193565624823e-02 5.012615550733888828e-03
5.961939997919413203e-03 3.102527423408657281e+00 4.185561760183685066e-03 1.100139294224117921e-03
3.912901412730620393e-03 1.697757695399289002e-01 1.049174047508195061e-02 3.679897710828586646e-03
1.789172180406397097e-02 1.630918617819459571e-01 1.020913903048694445e-03 4.637302260146545195e-03
4.262564247275046729e-03 2.115903769720575145e+00 7.950601469353149944e-03 1.997076868516833512e-03
1.662712391864059648e-03 2.405130068831906165e+00 7.314596121113829674e-02 1.576520771143796046e-03
9.679601865022029183e-03 9.867304733784095783e-01 5.501006489541482997e-02 8.247605943645630253e-03
3.941981549490955472e-02 2.767536796675332256e-01 1.566241795291878694e-03 4.948849751308895262e-03
6.440034751461490292e-02 1.746292576553266862e+00 1.878984691104521390e-02 9.219482189041137976e-03
1.092572157080463381e-02 1.189695430050685260e-01 1.190933780459036730e-03 5.224028432720488266e-03
1.561917460517555679e-02 2.759825343946407661e-01 6.829406313372894666e-02 1.469184712975599855e-02
1.449865830284313359e-02 4.468226893002365863e+00 2.478781132227036305e-02 4.012343058259743196e-03
5.476070576817050270e-03 1.200402869722880100e-01 4.565349881573638885e-02 5.398341704678907317e-03
1.485194886528008349e-03 2.527215035477287097e-01 9.280324692748091048e-03 1.427461520265612370e-03
1.753947200488048530e-02 2.405212943033659290e+00 1.733592665085128843e-03 6.923148391101892904e-04
8.402862699638342925e-02 1.677853680690832017e-01 1.506344368569236284e-03 8.111187957792954928e-03
4.352787689125609330e-03 8.966360540680128111e+00 3.908681205197440250e-02 2.178013927456550706e-03
2.919788112025497803e-03 4.160343382644769994e-01 2.128503842556693851e-02 2.762152709369243390e-03
6.436175543163427659e-02 3.700658832480209881e+00 7.319459146931138645e-03 1.918910602066424076e-03
1.293561027522350387e-02 4.915636831813156582e-01 1.269975021382841601e-02 8.619757766129698337e-03
8.824825931870365278e-03 1.748192555647056334e+00 3.479132335266591630e-02 6.113791256035189942e-03
1.204685586650108137e-02 2.338381687739405079e-01 1.886504816189096476e-02 1.048168328853586913e-02
1.524156913158608052e-02 6.889235827367902409e+00 3.820330665166086527e-03 5.350687190991201825e-04
2.719074828259047862e-03 1.437612809549280446e-01 7.954017471813915052e-02 2.705777370698462300e-03
8.203055250829187350e-02 5.845402970117140606e-01 1.396697529455300478e-03 2.321766117941525317e-03
1.983973767133911936e-02 7.802505792361599246e-01 4.374107202247851621e-03 4.370948722442097832e-03
8.402541571222348418e-03 3.878686819353350801e-01 1.342640753805110759e-03 2.451602058042434348e-03
1.071942744672018007e-02 1.807826926153826008e+00 2.029025455134004022e-02 5.482851369923658069e-03
2.553296786936919485e-02 8.881549772484664373e+00 1.878301525778332303e-03 2.097462545432809511e-04
7.594390588871113845e-02 1.146363617308829436e-01 4.676125705114209802e-03 2.653726579205941197e-02
4.801627965090154646e-03 2.687933503643171740e+00 3.349387746991236425e-02 3.466034063490298304e-03
2.838660913324348237e-03 8.400454454577405139e-01 6.909248925998769109e-02 2.743958088541709889e-03
5.566407823667817584e-02 1.078451449062507006e+00 1.169864113584399758e-03 1.064027481953650541e-03
2.283632193790399376e-02 1.859423646669962071e-01 1.047644837303423650e-02 1.624999093931667193e-02
1.242291588267643767e-03 1.191791041322041389e+00 3.283976989728506699e-03 8.562560982467002811e-04
2.467732259500276127e-03 3.484631038229036193e+00 1.573368722468805256e-02 1.595644142391177420e-03
6.197720370373954041e-03 2.003916574572809639e-01 1.488287548899218903e-02 5.720358208303452652e-03
1.765192771957330153e-02 1.174926957998113503e-01 7.711975444912226238e-03 1.391088864031457192e-02
8.863932566692038495e-02 1.483326883436210109e-01 7.535038808174270020e-02 7.547029354330329898e-02
8.386282225786809499e-03 5.545101933866201982e+00 1.228853071993833181e-02 1.752896275623910295e-03
9.054301336259053257e-02 1.080111825018504890e-01 4.383622109824308194e-02 7.402776236849788194e-02
3.998446079632949658e-03 1.619683565479147491e-01 3.425478342205707377e-03 3.362694304323712337e-03
3.288060514204849821e-02 3.562311353688278892e+00 1.614213332587386557e-02 3.982522853009924473e-03
4.179104232585382356e-02 3.468668012989877814e-01 9.758314060617039737e-03 1.681397268257484381e-02
7.398969162059784895e-03 1.347010026509258829e-01 1.495364888724927920e-02 6.936647251265979155e-03
6.616247414157529032e-03 3.300196297474667917e-01 8.699055617547284125e-02 6.454243776228284907e-03
1.033242392848643127e-03 1.022739727757390638e+00 5.834984115489921103e-03 8.748107962822359576e-04
1.933747550155457415e-03 3.658996063438187285e+00 4.994860654848670353e-03 8.002030823059977198e-04
9.503674885860997901e-02 1.076474734359898489e-01 6.770885058083488464e-03 3.784892768052470352e-02
2.899560299313888936e-02 1.251410744153386434e-01 1.270549518492909355e-03 7.519834537637806217e-03
1.711222714006365841e-03 9.363693853507709663e-01 5.986512922055569480e-02 1.666614486163290471e-03
9.804045228285446917e-03 3.865744082689227534e-01 2.429190304801917989e-03 3.829424301418718219e-03
2.681810342597168700e-03 9.394295693384458801e+00 5.222222966060564332e-03 4.604497015186628035e-04
6.188760050951372382e-02 5.716264330444077446e-01 1.708503023496126677e-02 2.015476370761456332e-02
2.450115406958051998e-03 2.581907588346495919e-01 8.726817492920074804e-02 2.432482614868489157e-03
2.352276785195157524e-03 3.400223801497648246e-01 2.936299688018129475e-02 2.289901527421353122e-03
6.265267514477122941e-03 1.231248274985878632e+00 2.361492189377887262e-03 1.468437813552530202e-03
1.238408823668749222e-02 4.965704781737261264e+00 2.714412053442452621e-02 3.792370996645937856e-03
4.894571366120164906e-03 2.576462881368093427e-01 6.141109817847544006e-02 4.796084455694974748e-03
4.997199389738512382e-02 4.186071542791093059e+00 5.133630668024336680e-02 9.847042555296888627e-03
1.502773568095113052e-03 1.001108906307666802e+00 7.560446127744126221e-03 1.253368044526989447e-03
1.794674049995336612e-02 3.807200228248251328e+00 1.021038169186208166e-03 2.642374791079351941e-04
1.541582621841121022e-03 7.793754320827560589e-01 6.143258162544634748e-02 1.512011363443136218e-03
4.297639646310140622e-03 4.975946234234570831e+00 4.126944415951716225e-03 6.952132749145295901e-04
1.290513404459684571e-02 4.338061379677398688e-01 4.250563623342324543e-03 5.569571131160258592e-03
2.312607237490632572e-02 1.401382433501274505e-01 1.079305158742974950e-03 5.777594719928758581e-03
3.057757391161220611e-02 1.106958140413547786e+00 9.713676972837769624e-03 6.818379201143101587e-03
4.646906902054338470e-03 1.060362083368593611e+00 2.544589542473477475e-03 1.582505501959789382e-03
2.071738650856362780e-03 6.374041742218303774e+00 1.262349721279871616e-03 1.807653604085567803e-04
1.809666013979393737e-02 1.117507862848637623e-01 2.906775404435227392e-03 1.067193165703751723e-02
3.500931588265874476e-03 2.277290801977131518e-01 1.583519011506511051e-03 2.328558236178938489e-03
5.802380357510052850e-02 5.387327954520060302e+00 4.604604870685912246e-03 8.423029249755712485e-04
1.772528267578332359e-02 1.055299554733217793e-01 1.060997126707144932e-02 1.506866272736269094e-02
8.078019768124151609e-03 1.005736264858467122e+00 6.371906575911433224e-02 7.164523208484218503e-03
3.059709782312020152e-03 3.637604434627127459e-01 7.256854557749117807e-02 3.013491137716803759e-03
2.990421470180750635e-02 1.011794142141084318e+00 8.807946918229721950e-03 6.742498539326089411e-03
5.300001996389236240e-03 1.833234413249815065e+00 3.417969740895645484e-03 1.379251313042388410e-03
6.694096193052654666e-03 4.316913980800635153e-01 4.397516805913182295e-03 4.039548019991523638e-03
2.426292067848521278e-02 1.608433312291526418e+00 8.452593098464586743e-03 4.319581730294179585e-03
6.244180325665799232e-03 3.340886682964198662e-01 7.513853134627896529e-03 4.887295273404226176e-03
1.969070026248220893e-03 6.683494135141270220e+00 1.141800909035420655e-02 9.147451386484540571e-04
5.245178415635629032e-02 1.968195204909904739e+00 3.669846469325978994e-02 1.375578842239696953e-02
1.127607635964508401e-02 1.995461427975746826e-01 3.428031517494990223e-03 6.807655257496956179e-03
3.329456721869133301e-02 4.600425875158121514e+00 2.232252614711262035e-03 4.782573712297486001e-04
7.737171757581663700e-02 2.283450138294558784e-01 3.096943168535666591e-02 4.926628187961692301e-02
3.800234954090612322e-02 2.591459270527254333e-01 2.042424845547608642e-03 6.527599979293005443e-03
5.422957947529923051e-02 3.357916413023455116e-01 6.673625715030754961e-03 1.454411244521772867e-02
1.652768479279071714e-03 1.004559849302501529e-01 6.880631754282716048e-03 1.613826645030211815e-03
1.702493327131713099e-02 4.831659298921144319e-01 1.188096549435847804e-02 1.005989568970187473e-02
2.632082987608443114e-02 8.535294141366621901e+00 7.186981750102697242e-03 8.159285310705138980e-04
5.021129426397245160e-02 2.587060358601380727e-01 5.324466172747661583e-03 1.459768730012017332e-02
8.683888577764656280e-02 3.843266036616877490e-01 6.654777677635516364e-02 5.783430199510514180e-02
7.679651673664786293e-03 4.999824645487787600e-01 2.036688234019654823e-03 2.661682496645220893e-03
1.236039083210688228e-02 3.222428534212011364e+00 4.922215752368001851e-03 1.359482702055890817e-03
2.090763597156789291e-02 5.785137167625904020e+00 4.897719030552428673e-03 8.136567388119920032e-04
9.519887451536029888e-02 1.438925608478969886e+00 2.440665251516413881e-03 1.666480034562915378e-03
5.713650010501157041e-03 3.478197736821872166e+00 3.954983043173583221e-03 9.483469454625659614e-04
1.885544675493328872e-03 1.392355889929362656e+00 7.058863642186530285e-02 1.817931729328571121e-03
6.662620031008186644e-03 3.134330340515310565e-01 5.323776301462045113e-02 6.411139013949873101e-03
2.024175287960112805e-03 2.951589466699858555e+00 8.540463526365982272e-02 1.891831067224626758e-03
4.250413500113668121e-03 1.076786953391734164e-01 3.374823889568802360e-02 4.193542495399699317e-03
2.095115743954326353e-03 8.767398900467833212e-01 5.634760485242605588e-02 2.028973385444441876e-03
2.266368016554602335e-02 5.151381375325876810e+00 1.047371061870071849e-03 2.015107101690051322e-04
1.105992155157094203e-02 1.421427841123601432e-01 3.206989255947463244e-03 7.421735908553349359e-03
1.980314732032238331e-02 7.263124417392009535e-01 5.559254303099011620e-03 5.520400410283163306e-03
7.753703199251583966e-02 8.947196235921706986e+00 1.538925733627808691e-03 1.716201858651840429e-04
1.404893793499200488e-02 1.070092285636552232e+00 1.318811155274466664e-02 6.565107354957109426e-03
1.249973324152955489e-03 2.530334178917301169e-01 2.350845045538277420e-03 1.101743642490982588e-03
1.346501005226552992e-02 3.539725845444811059e-01 1.347796822717103275e-03 2.968265518361693292e-03
1.391884739696374988e-02 2.413356474178924405e+00 7.309462472618017716e-03 2.487476598612002165e-03
1.556285673203956083e-02 2.977156017903778373e+00 2.980361201212684916e-03 9.405743961299999067e-04
4.874061489678874551e-03 3.556842313831856117e+00 1.055087617123826385e-02 1.844061860271171928e-03
3.115102149625597738e-03 5.427663211231493534e+00 2.808327386984306451e-02 1.944439295485812314e-03
8.594966068630945089e-02 1.530060954008965135e+00 4.110659482120362918e-02 2.046810341316353948e-02
1.681321630317162905e-02 1.604350408562070784e-01 5.091083868740350210e-03 1.099022307030469298e-02
2.951441456883406242e-02 4.754571341238852611e+00 8.532988918364198261e-02 1.116051109384156963e-02
6.949023620623766273e-02 6.345080241268791221e-01 4.538237029705502468e-03 6.484904311605138930e-03
5.840634337905785400e-02 1.113875764186182810e-01 7.029030546037375038e-02 5.345847741141662723e-02
3.619468148364141102e-03 7.364973473300221452e-01 1.437896596386850634e-02 3.053396401018784907e-03
1.253023696862881880e-03 8.097182336319818097e-01 6.547064251733671243e-03 1.084897526899836944e-03
1.025439904041531907e-03 2.028382482662385022e-01 4.567814331709760256e-03 9.807794651787769911e-04
2.588682888782925517e-02 1.422049293809660941e+00 2.209585171782955590e-02 9.709879906960048115e-03
3.457079264358583343e-02 8.489373424438195315e+00 4.210708764598951499e-03 4.889820181242518840e-04
4.157281039856285804e-02 1.774118583029603013e-01 1.268533260736063803e-02 2.628827460246239631e-02
1.934532836423181893e-03 1.496182374047629882e-01 4.408169730684658588e-03 1.815337384825362966e-03
1.637828648548260435e-02 2.637042372271221957e+00 1.678164600895159370e-02 4.583057915775755331e-03
1.476517089515539359e-02 7.221169009667131045e-01 1.103563019513768839e-02 7.509650441171005636e-03
4.843266299535588758e-03 4.083193663950130947e+00 3.319945817774765107e-02 3.035251414276590991e-03
7.151898961611348991e-03 4.280105726617861706e+00 7.971740538760908878e-02 5.167585154447926384e-03
2.698650114436650614e-03 5.484111937024288563e-01 5.471306435772164446e-03 2.124090736825099118e-03
1.559082643241954539e-03 8.951535566107546860e-01 8.482736911969985041e-03 1.338814762672521511e-03
1.106994651584693569e-03 2.345843306635194025e+00 7.548809622509983219e-02 1.070179820930445679e-03
6.478490849061768753e-03 3.987085397201136083e-01 9.222098796341180252e-03 5.060959993291830154e-03
9.128067372302917787e-03 5.872543103390902353e+00 5.101686882475272786e-03 7.932412569008958237e-04
6.147129005431976878e-02 2.009666583082678315e+00 2.048843129794904530e-02 8.744650601150753821e-03
7.256235910302379251e-03 5.853764287822209589e-01 1.080322524281195594e-03 1.471311136674343604e-03
1.649611129199560211e-02 7.476337470119113204e-01 1.165858428083642187e-03 1.424717502187957058e-03
2.985525042432232365e-03 1.253712508750423060e+00 9.636284528085247575e-03 2.150293614110389013e-03
1.043790787761478397e-03 7.514890914910280273e+00 6.163078510949271394e-02 9.259426970244535827e-04
3.954455126109997914e-02 1.182432964503069561e+00 1.618032302242979059e-02 1.016607438805081608e-02
2.638076753918426869e-03 7.130245762192100045e-01 2.485563472113235320e-02 2.452479139250018664e-03
3.452654345466335106e-03 2.612338051185976173e-01 8.472699096346424097e-03 3.120468931796869638e-03
3.548943805854011275e-03 4.681710495243189274e-01 1.445051276680990766e-03 1.650828934989936620e-03
5.329649944026577241e-02 1.125090253452055933e+00 1.277500605872677972e-03 1.111778904483888943e-03
5.414177555180273160e-02 3.465512706280736155e-01 3.924419569081806503e-02 3.662914629295882518e-02
4.652403110468687070e-02 4.982250351946960198e-01 1.305467697779054241e-02 1.676199941220642142e-02
2.225661621408653659e-02 1.324597689181345572e+00 7.534285295790819903e-02 1.599708384231066441e-02
1.533376754597472538e-02 5.463655419599632523e+00 1.138108005271975653e-03 2.055133854624512600e-04
4.973316928704486772e-02 7.648478777840955756e-01 6.590858057575155193e-02 3.153382086856248295e-02
8.139484788120390779e-02 2.554723907583321130e-01 9.961236820077318602e-03 2.636265703260329274e-02
4.461978136992267481e-03 1.635789500696055665e+00 3.036990816619222072e-02 3.597406649842233451e-03
7.648402822583010713e-03 8.294305709735434462e-01 3.956081873190005205e-02 6.591427180578662663e-03
3.237117409756860246e-03 6.385423814327975123e-01 2.381693621652396925e-02 2.978608393771304836e-03
1.478117953617741126e-03 2.105522307441653140e+00 1.131888248486253960e-02 1.159346948767351042e-03
3.196115243600619604e-02 5.328459654474570151e+00 8.512266602130319493e-02 1.065128250794714071e-02
6.137758200353802228e-03 3.718253420042695989e+00 4.714768382144266141e-03 1.050899680433267343e-03
1.403124668499219733e-02 7.524500774598273267e+00 2.232685206341676262e-03 2.905771359088870969e-04
1.101236012940966019e-03 4.119267792724043531e+00 4.742973213843965086e-02 1.005105469796541790e-03
4.672338957759127921e-03 8.198181466423958286e-01 6.998743440846073860e-02 4.429887662719506417e-03
6.704970075240836158e-02 1.236908738484780335e+00 1.778688390031601951e-02 1.184065235389931796e-02
8.693456540673199368e-03 1.536383217052229300e-01 2.003926598607621429e-02 8.150231036143115379e-03
1.875404836912788207e-03 3.520442638353712184e+00 2.712363557890328306e-02 1.508271427584869252e-03
9.457191870231793085e-03 2.489094029838854472e-01 4.824877775796367757e-02 9.017253862607965340e-03
6.228460783783586197e-02 4.557960080969985839e+00 5.119706198311808898e-02 9.516278286428632091e-03
1.033488685482210432e-03 3.696950975788963145e+00 9.424003604644835830e-02 9.932207148587422502e-04
9.288832291884548120e-03 2.977372565801901239e+00 6.751847066675247845e-03 1.822729617832633073e-03
2.459660338315914491e-02 4.949416138116034536e-01 5.017148053467616886e-02 1.979374160883556888e-02
1.675621689613093811e-03 4.873239909059088326e+00 1.023981259362492400e-03 1.867098485480890981e-04
5.118031953712667143e-02 9.701821233947862666e+00 1.032288627854429383e-03 1.061807855225085066e-04
6.552191586318915906e-02 3.746085579464364934e-01 2.966468577506433616e-03 7.064988425267954009e-03
6.311916739610607882e-03 2.189719767404323392e+00 6.643688300798171985e-03 2.049077559009727240e-03
1.314472345923612361e-03 5.967681575266284177e+00 1.038803585107402928e-02 7.489301821949417241e-04
1.724001009659951317e-02 6.167012658857657925e-01 8.561130062393373583e-03 7.689963023424894149e-03
5.323225447973492508e-03 9.416866971210811954e+00 1.251047623791736070e-02 1.063179963555111601e-03
3.176337832017016305e-02 2.092959186574629704e-01 1.244711767518155363e-02 2.070495945576577429e-02
1.931718054245826557e-02 4.201939830800831110e+00 4.979986138723876618e-03 1.116653738839172788e-03
1.440385293717479781e-03 7.045811191487264535e-01 1.228655012856298429e-03 7.888202522472097461e-04
9.616238263833239153e-03 1.345177270878679776e+00 1.702675221340592057e-02 5.464644589532548051e-03
2.340418731768486010e-03 1.531261271230657695e+00 1.076636222737467272e-02 1.755925019559538645e-03
1.236628065989174401e-02 5.063086118481493481e-01 1.009752341753210846e-02 7.633184661058734118e-03
6.339991569057003284e-02 1.945890536717272967e+00 2.471244894961594635e-02 1.058042083954088310e-02
5.230809557394356692e-03 4.246150640143405930e+00 4.951459774319364598e-02 3.611013949506151812e-03
1.371918936050306893e-03 6.898419408644554940e-01 2.419785943547704543e-02 1.320281160879753285e-03
7.952916788303761655e-03 5.230075755856362640e-01 7.840157475144124075e-03 5.196186149810502752e-03
3.039433882566857509e-03 2.415023614720498202e+00 1.051248391441086862e-03 3.807638446090841691e-04
4.235794895089060354e-03 3.441874389507096677e+00 1.599982709653743115e-03 4.188871284990498909e-04
2.420909544870680427e-02 1.345511033726754235e-01 1.870443304833469683e-02 2.061841642834370131e-02
5.025262515488728050e-03 1.749050004894981136e-01 1.037953014842651032e-02 4.632942725108265235e-03
2.179548715887212260e-02 2.264080399244580821e+00 4.739616583311565164e-03 1.909950455944755144e-03
7.342095927321751203e-02 1.370623515685528149e-01 2.884526001870149278e-02 5.443145204940013498e-02
1.862007410047498285e-02 1.778965252430416977e-01 8.296235436864284052e-02 1.790517243341909967e-02
3.210798386755750206e-03 2.597535202934280640e+00 1.001968117860336290e-03 3.443666092443889632e-04
5.285880036635721112e-03 2.244157120016470053e+00 2.796076799455900121e-03 1.008275407471058947e-03
7.513167231144320980e-03 1.035166939238455930e+00 1.909142715076314611e-02 5.338423534748313465e-03
2.149536445921819069e-03 1.920551156082976330e-01 1.719881646945841877e-03 1.733450091914759536e-03
6.528755056378837685e-02 1.245798699081648531e+00 3.345270004930673419e-02 1.902679534055142299e-02
1.508359998213079124e-02 1.587330868028660746e-01 5.359014118420954431e-02 1.443852471968100348e-02
1.497631010161875383e-03 6.270287223457945425e-01 2.373746470319988006e-02 1.440639111158203371e-03
2.791580486993563634e-03 7.884802022938787402e+00 8.175321421353987095e-02 2.199414783562743565e-03
6.992739589123563027e-02 3.973915117550347986e+00 2.697180837818275584e-02 6.186724247352454707e-03
7.476463146958408149e-03 5.349306742428256989e-01 4.673122316811330682e-03 4.028639871936884331e-03
1.930553609417786157e-02 1.332757607413845857e-01 1.023323573089594037e-03 5.493396091482137186e-03
1.073976710112229793e-03 6.469228358548407831e-01 1.423808322688070423e-03 7.217716246750020045e-04
2.139650903584712580e-03 7.178361086331923602e-01 1.656732027510523023e-02 1.958118206776457513e-03
4.456698186653337834e-02 4.172620027080945704e+00 3.660056111934444426e-03 8.602292802596015571e-04
7.574462789546847728e-03 3.238105206361148181e-01 3.024196085926670122e-03 4.182423601511305392e-03
3.332774723409363815e-02 2.031973889982254367e+00 2.724419066664118122e-02 9.561255245935451966e-03
3.536108885793202983e-02 1.090831081617277265e+00 3.265627299200207084e-02 1.621189899846795304e-02
7.123550693807790060e-03 5.138088913311521511e-01 4.700369420085991415e-03 4.004935992018739989e-03
4.003466583631130199e-03 2.128604463819045556e+00 4.306432889021166374e-03 1.343962536463289784e-03
2.268639472321217626e-02 1.394789352453875475e+00 8.457332002052952991e-02 1.650945395061138854e-02
1.828643940925610235e-03 8.396250214229833420e-01 8.251691016291676575e-03 1.541769967977202208e-03
3.681422111194463959e-03 3.864165307421920215e+00 1.850658660143818766e-03 4.237954770736977435e-04
2.590787869821806807e-03 4.092590206215575677e+00 8.427821607704581719e-02 2.301265865310177499e-03
6.126457799519914593e-02 1.325511107957200452e-01 5.460899489329395368e-02 5.333355565870837728e-02
3.535478515198094140e-02 2.239928595766876307e-01 5.763966036971635704e-02 3.108408525217620094e-02
6.673770343822826856e-03 3.803711954911543902e-01 1.467124907136183867e-03 2.444370221667325951e-03
1.930776572154276755e-02 8.882550434686008245e+00 5.460353845401755973e-02 4.662740194820575758e-03
1.203045145382143459e-02 4.242824388008327396e+00 8.794981351402303416e-02 7.612445769404244111e-03
2.129191028972384284e-03 2.722960202188988710e-01 1.330696886163183768e-03 1.483044554049345017e-03
1.355363829399618310e-02 3.374155018941768502e-01 8.719510483021863934e-02 1.287820250487603686e-02
4.513276808143841003e-03 2.818882264820617323e+00 2.124912616516698438e-03 6.459297850541689725e-04
3.484574108997861349e-03 2.166863544746392201e+00 1.123954270112092514e-02 2.084338963839982035e-03
1.994926766800674336e-03 2.932226748407117944e-01 1.766320032938648379e-02 1.930977962087541749e-03
3.967740536179352635e-03 6.306572440414854874e+00 1.515591926225634545e-03 2.265949560470100789e-04
9.719451460311921698e-02 3.956494325175170967e+00 4.609364905862312761e-02 1.040315951466758496e-02
8.338967368217632681e-03 6.195799148619722807e+00 4.104806978631114073e-02 3.691957673946217027e-03
4.034678299775798505e-02 2.901808193222431775e+00 9.672368090351393666e-03 3.078862937832565864e-03
7.808910606431785500e-03 1.222915949845831074e+00 1.945564604752217375e-03 1.321658799482731397e-03
7.314882631503627150e-03 5.524094145772684428e-01 5.871533637509337988e-02 6.843884126756253662e-03
2.728929398383064114e-03 6.196328613112399353e+00 8.989780612344027214e-03 9.472319089813100194e-04
1.203178661370195301e-02 4.569344467092995465e+00 1.255201818668101252e-02 2.236406866235753077e-03
4.615678461053857040e-02 1.759791245969460904e+00 6.081234056393494507e-03 3.214959577767184228e-03
1.031215125143745449e-03 8.259228177731453568e-01 5.058449803282449170e-02 1.014139794626250273e-03
9.927830470536128105e-02 7.977516232893838044e+00 6.934061192184241655e-03 8.616565442067157478e-04
1.826018903090521417e-03 5.321731971522566162e+00 3.194466077126453200e-03 4.517606250741500987e-04
1.883330031955456844e-03 2.431649304828382430e-01 8.304751029141127505e-02 1.873001493305858408e-03
7.535760365663432547e-03 6.842329544894124593e-01 5.892505540469409470e-02 6.929405273094127633e-03
3.705667291504921058e-03 5.877746968174520248e+00 1.556855010959273637e-03 2.472032218170283255e-04
1.838311807432406767e-03 3.070521107383696879e+00 1.174421606166548351e-02 1.241577446185469433e-03
1.802358501532991568e-03 1.472324519173447976e+00 6.926431185209780406e-02 1.735854390520689570e-03
5.927493932980821764e-03 2.833486016456871481e-01 5.748383895927377564e-03 4.587214206413343064e-03
1.907398100410592073e-02 1.265003881096168792e+00 1.254834396603207725e-02 6.525802234959891639e-03
1.068229979648414657e-03 1.037093243202149351e+00 1.323251207348615129e-02 9.857046840915650865e-04
5.881488185131054230e-02 1.997461944964693981e+00 1.682462230601106459e-02 7.367837074021122042e-03
4.191149706103218520e-02 7.554954094076030691e-01 1.185670961232116773e-02 1.141831321538025641e-02
3.652818902742245924e-03 4.225736228143564865e+00 2.934668284429115762e-03 5.835334692106146012e-04
9.178527526396727809e-02 4.225082846668935521e-01 1.609866933684318824e-02 2.692521080774134060e-02
8.664675153921008732e-02 1.847306953776273630e+00 1.903090879586733820e-03 1.018092690951287894e-03
1.053812387042536887e-02 2.288788580762488589e+00 6.701360270880325765e-02 7.749076177248824700e-03
4.494052440322856418e-03 1.957046701224590457e+00 2.008817626756919175e-02 3.125594511329072168e-03
7.775448907659029442e-03 1.485702465006115469e+00 6.524142853100184380e-02 6.605791407825872645e-03
2.174013903286763343e-03 1.797371879683373752e+00 3.697223568077729304e-03 1.056948784581467982e-03
3.127980657321639216e-03 3.368335880301047136e-01 2.745016103454107903e-02 3.012358463765206062e-03
9.005662330438631014e-02 4.363221853169392261e+00 4.576100384627499601e-03 1.036715822279785180e-03
1.960524046159545231e-02 1.645572133700563322e+00 5.039542021181941944e-02 1.195314676803841888e-02
2.701466697051186847e-02 5.676625885815745898e-01 1.904136537105323174e-03 2.983848433727365537e-03
4.071067646644417962e-03 2.685670026261826049e-01 5.225946433248208553e-03 3.366698609528409082e-03
1.004937171684314352e-03 2.830369986553195272e+00 6.083467554959386819e-02 9.600497496791086504e-04
2.215142538490650834e-02 2.678144553873792688e+00 9.784059372838995253e-03 3.136082932758242712e-03
8.086278755572441634e-02 6.251997902321645428e-01 3.565555807478491129e-02 3.344363588065248777e-02
2.710449691948685000e-02 3.254547750439101828e-01 1.242508453778081411e-02 1.585097248060648306e-02
2.159755147010949602e-02 6.453230038717450157e+00 3.155260758847208170e-03 4.781188201004987195e-04
1.979155763907125207e-02 7.874536462816487115e-01 3.101474534375180288e-03 3.284901491356374652e-03
3.900615184741754952e-03 6.829324861647289024e-01 5.110074985206668023e-03 2.564009637251148891e-03
4.950144505529596728e-02 1.389501688088088160e+00 1.957474900878066870e-03 1.369777887870707051e-03
2.304440966190896434e-03 1.805463682467943753e-01 7.378823591931401964e-03 2.181439472976574867e-03
5.498940538508435144e-02 1.485632843982262197e-01 2.208331978161665737e-02 4.014013829851611342e-02
1.479052342745762298e-02 2.317658143187869779e+00 4.059797572061735194e-03 1.566192586847461789e-03
2.149440243611958415e-02 6.023915582182580053e+00 1.313035337902418789e-02 1.979016047673682818e-03
4.537616350659880171e-02 1.251434934526743925e-01 8.058689236125653188e-02 4.238921963726848680e-02
4.209983933209630706e-03 4.876202484223942091e-01 1.314606932799354750e-03 1.643505974774463804e-03
3.655361711529590135e-02 6.825000388604736123e-01 1.020050084889611609e-03 1.435869945314773499e-03
2.342705978144742421e-02 1.243601392407116757e+00 2.448803995323902208e-02 1.069865278821990721e-02
2.646511013449994940e-02 3.026125401910426227e+00 6.804866887564822546e-03 2.072600034086576407e-03
3.990172712786179549e-02 1.070163240781242531e-01 2.445981409326771980e-03 1.453203904252468523e-02
1.914437334809254015e-02 1.618437529313217771e-01 2.800594180167382749e-03 9.088947050784010676e-03
1.756632817623247260e-03 4.567666371453155683e-01 2.787844982818430632e-03 1.364045965339023489e-03
4.093929420741348330e-02 2.553210737773780270e+00 6.327593094961119109e-03 2.336827156684284992e-03
1.122015246755130946e-03 4.875218902033139901e-01 5.811304555633458463e-02 1.111552416249638299e-03
1.463344878134079227e-03 3.337909648786864247e-01 6.018166649921051145e-03 1.353491692964649924e-03
8.924422542320262913e-03 5.753298839931931807e-01 1.533974500544870584e-02 6.686373690470356901e-03
3.048630594355510037e-02 6.145549700647281455e+00 2.097481914715414175e-02 3.069384995551278222e-03
8.790047478853422677e-03 2.050507967196522952e+00 5.437968988558238362e-03 2.037334484467970101e-03
3.731679864216182023e-03 3.575686279357198627e-01 3.800728633028142671e-03 2.762012854847406725e-03
1.208356853192281942e-02 1.452770421079198293e+00 3.986208861405787784e-02 8.389126294855272364e-03
2.675873933704963487e-02 8.778108683478688334e+00 5.426266283152000880e-02 5.021550904542088425e-03
3.197598839682476435e-02 3.438306681843487089e-01 6.799267079690998750e-02 2.752519978732314784e-02
3.610179041560059032e-03 5.717751400614218937e+00 1.114542164569204668e-03 1.849410204569991217e-04
5.073566098043275768e-02 7.838777757371132582e-01 1.113901116091513396e-03 1.382298112422927642e-03
9.365602899996909245e-03 1.247206286490827043e-01 3.473068584184912412e-03 7.008470729063695850e-03
1.033304346266634803e-02 8.136721609150309176e-01 1.047522166678354445e-03 1.144772768240334910e-03
1.473138168058811147e-03 1.005094657477751396e-01 8.056996856484185954e-03 1.446554671452634664e-03
2.908364218885990584e-03 6.951151792355334536e-01 7.274599984252123029e-03 2.275884429326103901e-03
2.337078487947630030e-03 9.879718365390813828e-01 1.202389548376428573e-03 8.002827761933758825e-04
1.117419550211804294e-02 4.719315109902733063e-01 4.919998253026242746e-02 1.009244594702477307e-02
3.322431824544706119e-02 9.409531267643244101e-01 1.150329609835363046e-02 8.936789951893103073e-03
1.151786317988316146e-03 1.984938006169570057e+00 6.979878366248926276e-03 8.676062173800333944e-04
2.252548633079145407e-02 3.458461437527584614e-01 1.991635017343421250e-03 4.586240464514010698e-03
4.429148400793945367e-02 3.166980169036280324e-01 2.963993185832860221e-03 7.726414873269562590e-03
1.841012893743988483e-03 3.831253678526870821e-01 5.978171586793157473e-03 1.646723118637202386e-03
3.086676443121799673e-03 2.464844761370853732e+00 4.055997372215731922e-02 2.599134703484617687e-03
8.393187959937800993e-03 4.422245200607264892e-01 5.794237128407137699e-02 7.887904428622333208e-03
5.951849849838394824e-02 6.610706569652112785e-01 3.176470273585854653e-02 2.658656324861355391e-02
2.486966121987003141e-03 2.395134845149509417e-01 4.755986831379105384e-02 2.456203486578390546e-03
3.864142352254984827e-03 2.446218244467711855e+00 1.577703866059874949e-02 2.416399216333503259e-03
6.955180408644584360e-03 1.574914062465410325e+00 6.007524872388527067e-03 2.463450906559498752e-03
6.504448739528874250e-03 3.830858213762523556e-01 5.291572165743144499e-03 4.422109957197381709e-03
1.051450754084239277e-02 1.703792700673290694e+00 1.055162683433536006e-03 5.848544637482860778e-04
3.513128029526423057e-02 3.924251568094037079e-01 2.285778608114726052e-02 2.191407193157357547e-02
1.564765957518363939e-03 6.931005530619117616e-01 4.130680114661481467e-02 1.524732982499381112e-03
3.882456869782753561e-02 2.958566732297615243e+00 9.971052292311602394e-02 1.804127795650640326e-02
2.752923982026849164e-03 6.494292546218899176e+00 4.107698419218327492e-03 5.143357383890458578e-04
3.728200659903457836e-02 7.905037439092694740e-01 2.190823569200387507e-03 2.579663139746322421e-03
2.192787302867102352e-03 8.652133711181253517e+00 1.934079151226267279e-02 1.106938976187376829e-03
1.967731317068650496e-02 9.230059058294488139e+00 2.387722109877780160e-03 2.553330359181570151e-04
8.584512895687775036e-02 5.157101502498626644e-01 8.509065873338839125e-02 5.646655357104445744e-02
7.053381953472220856e-02 1.497541268329763975e+00 1.060537952475456864e-03 7.011463544724668264e-04
4.375733508981625997e-02 2.364878259746297839e+00 1.860467025471422911e-02 6.668205363524706830e-03
6.250288941562939272e-03 2.726060372628391626e+00 6.984810706402164171e-02 5.024595122998568551e-03
2.016013217054824294e-03 1.213666850195977698e-01 8.983764376754274639e-02 2.010537428440017146e-03
6.480279857348297638e-03 2.889382079783214818e-01 1.255946494415139661e-03 2.601656694865089881e-03
2.977196515625201052e-03 6.152512621746552002e-01 2.016911278823936560e-02 2.729324031132847155e-03
1.134970161484458086e-03 4.859672265861148532e-01 6.447822197875224814e-02 1.125343768592229361e-03
4.772183713738311489e-02 1.712919817787928567e+00 3.478373145484118991e-03 1.947786394569596576e-03
1.415552065408197998e-03 1.269413511713667120e+00 8.209994292460144616e-03 1.161364329849767091e-03
3.618487401521928992e-02 4.855775081613133981e-01 1.382864056199269772e-03 2.640090728600952893e-03
1.364617489558198494e-03 6.644558139772412941e-01 1.841772271552951984e-03 9.144312834482154744e-04
5.212482317703940465e-03 3.772398162082720163e-01 1.048033522749648337e-03 1.812259629123994095e-03
1.316578898108084318e-03 2.543249967016484980e+00 8.618462344935932593e-03 9.481930629552853601e-04
1.375315309007400181e-03 1.281796525540728204e-01 1.104554385722809375e-03 1.186025102892018963e-03
3.805255551756369509e-02 2.151746485247929552e-01 1.742424774307324217e-02 2.588755888815895412e-02
4.184411296915173384e-02 1.494684132346934424e+00 1.501629607458826801e-02 8.101384275593150400e-03
5.407050536749434012e-03 2.211832855689908062e-01 7.085956310412133696e-02 5.317306427343773158e-03
3.242939583406031362e-02 8.660602056227892476e+00 5.046605740175573625e-03 5.724228259320250861e-04
2.537446994011350113e-02 1.809811411414589122e-01 2.576514630257087640e-03 9.119734797752594019e-03
4.915305036113344975e-03 4.598113184874649484e+00 1.575710743265218775e-02 2.019148869574278159e-03
4.298762826156065503e-02 3.551450430869958486e-01 9.740917550747067721e-03 1.674435982469875753e-02
3.159597212251777018e-03 5.622120038065682168e-01 4.806935124122859587e-03 2.307046927557365214e-03
1.036267450233119107e-02 1.194358187496251666e+00 1.181442719252903976e-03 9.029898739621617385e-04
4.156159464318649049e-03 9.494248003660339386e-01 4.278415615026108509e-02 3.805207152184916699e-03
4.718048978923027742e-02 1.045737809457338435e-01 4.971059727857516340e-03 2.367888489378916148e-02
1.829966400873771822e-03 2.785440668682490628e+00 1.670624046407208699e-03 4.517194106291594759e-04
9.334181985943552917e-02 1.705858935702906365e-01 8.890693254554788566e-03 3.344444713966510108e-02
1.561819228090141273e-03 4.834385897982094726e-01 1.056655184016837105e-02 1.457660609909980972e-03
7.465928815153866430e-03 3.383843203446391112e-01 2.552855560524635442e-02 6.793619608619097701e-03
2.198602013084343092e-03 3.787774485577100059e+00 2.446921975019273558e-03 4.992985706823383158e-04
7.009562501304539978e-03 3.415234234063535546e+00 2.777419705216018289e-02 3.764684066334143819e-03
9.846660853593953988e-02 1.546128550788011591e+00 4.170018236875972992e-03 2.625165679112369255e-03
1.453537674553348133e-02 3.089162954673976280e-01 2.362411143374112954e-02 1.221389258547203940e-02
1.643144169292447927e-03 7.167432246978494570e-01 1.196381513369508195e-02 1.495889496362903933e-03
2.655180113064791077e-03 8.029593726929606934e-01 7.770196175203211708e-02 2.584272338730368712e-03
4.588444559625180948e-03 2.083385663222631745e+00 1.099692017898366674e-02 2.454647213907604208e-03
1.242175932868026193e-03 7.837358404628914421e+00 3.107296506959582316e-02 9.458381909382084472e-04
1.821702160106676571e-02 2.228999548900009842e+00 3.941177979968055883e-02 8.972601364941818272e-03
2.240283374062555701e-03 3.666127683346818711e-01 1.072005375906242555e-03 1.268456179732488278e-03
1.292271396445690513e-03 4.955451082088448089e+00 1.226145493758111103e-03 2.076705930878405533e-04
1.530667009368380863e-02 5.511052071403637065e+00 8.699443776406537432e-03 1.430971866295925685e-03
5.023164641939579372e-02 3.151614884490498092e+00 1.891640304115639604e-02 5.361490947829060903e-03
6.234077321404785793e-03 2.439851183131493961e+00 1.329495031731718581e-03 5.011074462364430724e-04
2.606539153384299350e-03 1.219740128296556536e+00 3.038916729643181824e-02 2.359671436599659021e-03
6.244778081967538447e-02 1.572225677921722742e+00 7.164426798541076793e-03 4.246964503258262962e-03
1.485337878657588297e-03 4.031267648795673786e+00 3.462616039683202862e-02 1.266351620094950409e-03
9.852308187955355345e-02 8.165403688031860341e-01 1.224834218102614433e-02 1.301824249887064550e-02
3.042950036432825502e-03 2.373394811784994840e-01 1.105679628119348237e-02 2.856376132953230770e-03
2.284995408883539955e-02 5.113670414476354509e+00 2.079061591965766093e-02 3.451557576630157314e-03
2.553324425416109503e-03 3.413333258276363136e+00 3.909611034401162810e-03 7.906961098909814261e-04
1.410663943388586368e-03 1.689425792301468165e+00 1.420351765123510808e-03 5.267793888194960287e-04
1.272802302382230978e-03 1.439107144317888887e+00 2.407037427040619598e-02 1.182794427488294579e-03
5.575848667623297360e-03 2.180360783462762075e+00 1.033772626159633334e-03 4.369722532835419162e-04
1.555656762221371619e-03 3.277221740692193297e-01 6.764373397130786503e-02 1.544019659675588668e-03
3.541822247141273444e-02 3.358376387437145283e-01 7.305136502659895746e-03 1.347584271350974958e-02
8.632252605869412954e-02 1.222625361908087210e-01 1.580179830037369048e-03 1.124138534203899219e-02
3.270871472750137496e-03 2.109817007081896012e+00 2.381568409580563789e-02 2.536022214148856823e-03
2.327630519139359342e-03 4.591274449055324780e-01 1.785347300944928328e-03 1.456058336423830509e-03
1.802673776602775266e-02 2.151556309624643448e-01 3.464143822253031024e-02 1.621163672170162703e-02
3.377034889807466189e-02 1.735990096264513172e+00 1.715864357120749917e-02 7.646154496327853441e-03
3.816751120725858648e-02 3.280971931188900736e+00 2.921910368910550330e-03 8.702567417902693165e-04
2.835617495620129658e-02 1.787520908881315762e+00 1.849725247382097773e-02 7.581340703742302060e-03
1.186241783594912079e-02 1.846560843142082575e+00 2.452322848258056687e-02 6.265731448125332927e-03
3.544619095771086442e-02 5.092086095976744442e-01 1.763617517965992282e-02 1.751781721111310072e-02
5.980737915612423933e-02 1.789476779401492634e-01 1.058998399127872476e-02 2.974582072368176996e-02
8.867076039852324343e-03 3.742694945287338149e-01 9.539583535474516207e-03 6.578511805654873972e-03
6.341905447155507525e-02 7.419413540205717972e+00 1.075201497868554564e-03 1.445869241669922155e-04
4.723271422977608908e-03 1.363932672288951098e+00 3.447424627018661532e-03 1.646481334738056487e-03
1.848914814176665436e-02 8.103039979217053101e+00 1.372363268508064232e-03 1.678266774142120614e-04
1.470202786527588512e-02 3.912463941188355498e-01 2.448842916982121171e-02 1.190552529029091644e-02
1.100263159798184212e-03 2.623716723903929959e-01 1.418371340910493279e-03 9.141984363136596448e-04
7.373145528830667150e-02 1.201082133969739313e-01 3.870180483355368378e-02 6.000182727418650747e-02
2.152596634593269536e-03 8.040409707800693084e-01 1.596005557454804056e-03 1.032696691480652516e-03
1.689068551524189115e-03 5.860836179128682266e-01 1.743799304557431011e-03 1.077425893749078996e-03
1.109339593222740186e-02 5.463781938584429954e-01 5.898357021969222874e-02 1.005965890908301630e-02
1.356258029317172114e-03 1.126949538765122244e-01 1.544899552101438103e-02 1.342971445732173705e-03
1.044181729044454249e-02 3.397042432510889221e+00 1.843715721174215422e-02 3.571191789651293608e-03
1.057731300013472001e-02 1.797942918194011641e+00 7.033117286269765026e-03 2.855661858906620530e-03
3.043464393389363250e-03 3.354055105507213752e-01 4.781323187281407046e-03 2.508012950525706324e-03
5.759020488315626761e-03 7.088745026967829155e+00 1.906438703940479575e-03 2.569400489619291187e-04
4.141228198160945388e-03 6.922821609655162023e-01 1.542025245121544930e-02 3.492002924462036997e-03
2.747482891079810509e-03 1.664119376030974040e+00 1.269164487630281349e-02 2.019839704217073380e-03
1.473943715307680620e-03 4.109761352301498083e-01 1.651923926271859494e-02 1.421806485654868385e-03
7.293757053483953916e-03 3.140377258967895213e-01 7.077811652492910222e-03 5.510465342322226102e-03
1.275864994230227305e-02 2.111479608720088774e-01 1.740893821750707712e-03 5.008381591079631538e-03
7.802786806855662068e-03 2.256148112355685242e+00 1.315712106659184394e-02 3.337375136187154066e-03
8.171493063316391525e-02 4.263981827972469496e+00 6.075487718470580847e-03 1.400420312953614722e-03
4.434966071965754791e-02 4.267407588122266171e-01 1.008604195874957280e-03 2.243921402992206729e-03
1.664159744474938418e-02 5.747394210846971108e-01 1.893245605767652703e-02 1.105610733352361055e-02
3.297854282494809466e-03 5.287729432018902775e-01 1.902708491555918065e-03 1.720776910590873570e-03
9.423289053455176367e-02 1.248327040197932503e+00 3.832790195165664687e-02 2.315797207971456717e-02
3.888081447449678700e-03 1.811136033017903268e-01 1.685035932331286268e-03 2.742131709676417107e-03
7.640649242001444630e-02 1.062630424461366574e-01 3.815138423657262520e-03 2.442545771509270491e-02
5.596258836895715710e-03 5.444241864528742703e+00 3.865569219717727208e-03 6.300863226280314661e-04
4.107678037950535099e-02 7.778526211332370544e+00 1.223011230181638266e-03 1.566296416308180645e-04
3.407940840193422576e-03 4.050495620508525740e-01 1.339933434161208687e-03 1.678632144203737056e-03
4.766115568812772513e-02 2.141417150571476302e+00 6.008692818288616927e-02 1.766157272931491093e-02
5.598607712314819518e-02 2.099016903891538277e+00 6.499008673596463892e-02 1.993657094081453807e-02
4.879592216169894789e-03 1.775018087540838341e-01 6.176905975902044835e-03 4.279511682812721027e-03
8.787655529153290401e-02 4.747510236638809999e+00 1.393070928087698258e-02 2.839504014373308606e-03
3.753560998611528508e-03 3.410936654746165031e-01 1.435710017034239755e-02 3.446237606037105914e-03
1.027717456232355407e-02 1.311556263298794822e-01 8.788187907753645944e-02 1.012192709301623292e-02
1.162375275729734397e-02 1.757784551328805123e-01 3.221559068867351633e-02 1.093050850916196456e-02
2.163405286708237202e-03 2.540379761250610158e-01 1.123014219699221272e-02 2.062470909622567648e-03
1.487077466781063992e-02 9.831434820287988430e+00 8.548630169453863906e-03 8.214863597127677799e-04
3.628939702121806304e-02 3.284454037649216840e+00 1.195895946732746873e-03 3.604910166585626060e-04
2.674692921702548701e-03 5.261446602642942949e+00 5.725665133821972175e-03 7.735161031183657599e-04
9.631980123181779069e-03 6.404493788973681934e-01 1.312062331296345516e-03 1.689346096900081265e-03
4.894907899935953439e-03 9.318366444621910105e+00 2.869277187404624049e-02 1.890153768732797789e-03
4.571885427186200140e-02 5.310694520338165248e+00 2.919401603986477873e-03 5.431899558909700221e-04
4.072093619734815095e-02 4.728770943965918683e+00 5.086790712952524163e-03 1.048025623833112076e-03
1.621631056956650968e-02 4.669720532972783111e-01 4.542774282738071094e-03 6.080477312994933721e-03
2.373606864222627816e-02 1.087183631097610625e+00 2.281013600915587219e-02 1.113681492224637311e-02
2.856989226531487375e-02 2.642563350834161717e+00 2.486677964210541603e-02 7.078608510514468495e-03
2.146573420302501714e-03 4.438300684573103894e+00 6.219373319613604595e-02 1.861430457256991891e-03
1.404206945274706240e-03 3.981521927701431540e+00 1.668533791931737890e-03 3.227487185880825726e-04
1.994600332203403173e-02 1.813822035377493369e-01 1.651030477632550644e-03 6.250181479143704366e-03
9.238219444856335394e-02 8.282791120907640803e+00 6.417870146333948256e-02 7.148839179048201327e-03
2.106612058176695994e-03 2.389973901121014710e-01 4.251894111480573890e-03 1.883574461293357084e-03
6.570156069950474839e-03 1.113876541279070764e+00 4.698523456892193806e-02 5.684714332263794169e-03
2.517389924467459267e-02 1.452409669445296758e-01 6.543610595581557388e-02 2.384172844092952159e-02
2.599745314269804718e-03 2.411847529921633815e-01 1.488300488806581275e-03 1.829133787040146310e-03
2.534063152831850501e-03 8.191002129634439299e-01 2.329443212731813987e-03 1.340029300531157428e-03
4.908460790696355519e-03 1.800454026163554877e+00 1.439186639027024072e-03 6.874024977207588566e-04
4.447344868641369547e-03 7.925533860834863553e-01 7.614895701626726854e-02 4.250594718368933683e-03
4.527870226287899688e-03 1.372009562376279801e+00 7.218115293228051857e-03 2.433486548711044813e-03
7.744726485319340659e-02 7.370060153347439691e-01 3.640425371319522957e-03 4.643333192590644309e-03
4.866976535729063830e-02 1.163315036914905454e+00 3.060085081408251816e-03 2.495605366027070764e-03
4.506564664289235828e-03 1.588378850727335978e+00 2.431763417832351337e-02 3.481694147765763189e-03
2.399390544323497243e-02 2.448869422614589897e-01 2.909612357037503517e-03 7.946469388680699880e-03
1.029406415859587809e-02 5.837630275345565556e-01 1.437228222497003577e-02 7.258967278536175745e-03
6.439850497537783110e-03 1.154004740023638759e-01 9.974157117484947974e-03 5.993297500109016560e-03
8.093955270128566637e-02 5.847905806024874309e+00 6.786543875199461950e-02 1.014980823695744647e-02
4.329099655232601131e-03 2.612511578862280470e-01 8.771751088325943635e-02 4.273993092374328041e-03
3.121126175230273803e-02 5.629118730965585904e+00 4.960895244715186198e-02 6.872401928366628568e-03
6.780685318962806352e-02 6.239814407319468792e+00 6.475645495928364706e-03 1.022150395002757164e-03
1.731080108119375507e-03 3.491725413099235897e-01 6.293136638194583507e-03 1.579382921694987962e-03
9.760589470702864257e-02 5.168194841928899219e-01 6.417957541879099059e-02 5.465080397740081780e-02
1.925813566272287572e-02 2.111081051561611022e-01 4.232792782649499874e-02 1.757050862421741591e-02
1.271734486438408016e-02 1.622671138537101210e-01 8.574995709061808413e-02 1.241848898425184679e-02
3.344096524813525931e-03 9.456586106839770522e+00 2.868536258681903331e-02 1.590582887423988567e-03
2.865461560235845959e-02 1.404904241003866572e+00 5.287499484031716462e-02 1.626844567646839115e-02
5.795140443269153861e-03 1.487353305832605499e-01 1.349005241806942000e-02 5.447099919811273540e-03
4.596091835083072202e-02 1.136356340819948962e-01 1.487589557167037215e-03 1.018882748236528760e-02
4.165521493331380415e-02 2.922989285103791524e+00 2.190907834143197841e-02 6.352387655606955147e-03
1.037472983288881961e-02 9.950224292509742829e-01 1.995328604759877365e-03 1.680491445099001595e-03
9.914438460166586503e-03 8.872085533651345557e+00 1.080875840055832253e-02 1.084967325049904360e-03
5.308397238667928592e-03 8.471234373190585920e-01 4.223473750945434813e-02 4.797583196466999149e-03
2.808713255687889446e-02 4.095629826719585864e+00 3.072742164733001033e-02 5.920923434143980993e-03
5.580642613440203043e-02 3.662034533928218427e-01 1.164704116735402854e-02 2.025897385250271382e-02
2.881047000651961593e-02 4.837193925809116779e-01 4.291138426408419755e-03 6.782659486065398778e-03
1.471940092120950158e-02 1.059151633639661694e-01 5.102061948969226733e-03 1.127435963136461106e-02
2.271328054562556271e-03 3.752867326436242768e-01 1.744088572883282888e-03 1.525675267143283180e-03
4.366020659053592920e-03 7.265694711575301667e+00 2.010022618333174357e-03 2.601609548532934414e-04
