1.458874356789326421e-01,2.428450133497576657e-01,4.776361940486126834e-01,1.628560234807065882e-02
6.064540653769825429e-01,6.141370478305842262e+00,2.284734976357176262e+00,2.814903931230112288e+00
8.098988414769514588e-01,1.394176832882524086e-01,2.544724994332050461e+00,6.346394276856634487e-02
3.020430795308117200e-01,5.578749027995975052e-01,1.201858181121834734e+00,1.571638722660322063e-01
2.359222810612299215e-01,9.607546279316510507e+00,2.723676674850584511e+00,9.199286271311867269e-01
1.093829121696554135e-01,5.075429444833956083e+00,3.319704058414941539e+00,-9.835927900442367755e-02
6.044976801624196483e+00,5.594528601519381805e-01,6.129240309090531191e+00,-5.185694966851084331e-01
9.149471926431880675e+00,2.714761054343646229e-01,5.669548334607113382e+00,-1.430319352310767567e+00
1.733387237101448042e+00,1.930642119197099049e+00,3.540256238356731977e+00,-1.299087614477111519e+00
3.604132409001943316e+00,2.026157818414588974e-01,1.281196590538248969e+00,6.998450506882180067e-01
6.345669740134390224e+00,4.885969842946062403e-01,5.770802399128511340e+00,-1.520025058979018295e+00
1.111785624883398604e+00,9.359568904310497928e+00,5.972332985271170402e-01,5.851792204536164554e+00
9.942415865615943815e+00,2.131633014367402268e-01,4.264792264855178594e+00,-1.910579890321608021e+00
2.077831178359580144e-01,2.147904718929317447e+00,1.596461346099293355e+00,4.461513605376076774e-01
1.261074511583032132e-01,3.800714298748710807e+00,5.396195859233468894e+00,-3.715393413959824920e-01
1.566943512465210353e-01,3.210109799108306738e+00,4.837525444677511777e-01,2.339503396793505829e-01
1.667397674734731661e+00,3.236059055538378360e-01,3.928501847368661704e+00,-3.821165727036502369e-01
1.989599418845069689e-01,1.905803801422176202e-01,2.420311646493848556e+00,2.503895354565143644e-02
7.203309793890934065e-01,7.690795562203633473e+00,2.190232865192581979e+00,4.510633159277664284e+00
2.257742451900869085e+00,9.386729543622381655e+00,2.632181092595978544e+00,1.033496592658521784e+01
5.780856829015613707e-01,1.541316976717438392e-01,4.475095475808218204e+00,-8.660450869839232679e-02
8.777619151716248291e-01,6.449106598019987979e-01,4.282055080742018127e+00,-5.144667052771866311e-01
6.347976562766077357e+00,1.206422284261176925e+00,2.092350677577833551e+00,6.640131909145565281e+00
3.840774353949650166e+00,1.713396270459410564e+00,2.838013979872716419e+00,1.967236130838215802e+00
1.769269742786497845e-01,1.466827086365081190e+00,3.037807732893091472e+00,2.688606819058211167e-02
3.096020348578797154e+00,9.316311656758511361e+00,5.561363410879928360e+00,-1.905843118796042646e+01
1.975887206429888243e-01,6.139188119016534273e+00,5.526601202439307414e+00,-8.326770621123698035e-01
9.825540709557770702e-01,5.692600884538093764e-01,5.330172622036695174e-01,2.842141857439599573e-01
3.003606010842614360e-01,6.415990148144949501e+00,1.757046644326273110e+00,1.893782224463303576e+00
4.515206913427906588e-01,5.619055550743908833e-01,3.892822736133300765e+00,-1.731681421084848016e-01
6.238169171073059127e-01,3.854992835312465171e+00,9.613372098678466537e-01,1.971842393907394131e+00
1.082560493181292882e+00,8.430863272410809017e+00,3.916319661337214431e+00,-6.384472020130955272e+00
8.005949042909836777e-01,2.029963888587296150e+00,3.317763752412314471e+00,-2.848308258811348970e-01
2.771504391841479897e+00,1.697905560395025770e-01,3.171286346640411313e+00,-1.397106438175427061e-02
7.316669182874317556e+00,6.688658340479935127e+00,5.189852797294906672e+00,-4.346555395311917636e+01
1.956823535500574307e+00,9.705717987574117300e-01,7.397787810514855344e-01,1.280322751554451965e+00
3.534452129868991488e+00,1.550779680581470810e-01,2.972967554682294455e+00,9.198866515174305980e-02
3.865062583128702767e-01,3.451631045707637124e+00,1.516925323688661509e+00,1.332141666253123580e+00
4.637773378269154811e+00,2.017995409978575516e+00,5.222309187123792107e+00,-8.168385088749248624e+00
4.661357626470686299e-01,1.053015976030620970e-01,4.647136655764832369e+00,-4.898037924619795536e-02
8.529670954328942400e+00,3.064177811389140249e+00,3.111440521773659373e+00,7.879496297615533607e-01
5.063368954341133765e+00,7.911853935613777367e-01,1.595940698484757114e-01,6.366333980185855390e-01
3.922724431610018492e+00,9.683392259745494002e+00,1.028485249946920810e+00,3.253508253233878378e+01
1.961785813648615762e-01,1.889528885094077792e-01,5.715122934462227633e+00,-1.994284877317998098e-02
4.778454636985214776e+00,3.892106859013791387e-01,1.823935058955050481e+00,1.800555039427026882e+00
2.241132846905137921e+00,4.977266450626509631e+00,3.792056331955090620e+00,-6.754798856671876628e+00
8.913087815361173671e-01,2.321058619352687480e-01,6.981965911922699553e-01,1.329888940129902442e-01
3.757698897800486604e-01,3.378429286480720606e+00,6.553868864492934376e-01,7.737244228364849041e-01
7.938288997508926137e+00,7.027042698881785121e+00,3.304994770765138146e+00,-9.074502522745639510e+00
5.334166503797008296e+00,1.782064883562945179e-01,3.446094539406751034e-01,3.211346439708395173e-01
1.230725675968194349e-01,1.456092757627496681e+00,3.661859301155335533e+00,-8.908490726410407679e-02
1.312146403962118346e-01,2.038176967874802958e-01,6.942240711827901700e-01,1.711043895436741707e-02
8.512625982750794407e+00,1.134982805822126323e-01,5.416482302052701314e+00,-7.364124014109252325e-01
8.991808875246402266e+00,8.818578841442752392e-01,3.820708276324779717e+00,-4.980557935057182917e+00
1.297112581029993050e+00,1.118355507683787275e-01,7.133424026028746257e-01,9.492432825397113805e-02
1.591804468733668099e+00,1.142450169350926054e-01,4.783541526188870741e+00,-1.813955835538364203e-01
2.925937383103535128e-01,6.772665182996609801e+00,4.974616462336797440e+00,-1.913896959348129423e+00
2.594535929772737504e+00,2.227923181425216725e+00,5.978683697138068354e+00,-1.733074541222005882e+00
1.545772917776294220e+00,3.764362349253976614e+00,9.640382182208068196e-01,4.780189888616013683e+00
3.039061147059299306e-01,1.142195497204886445e-01,3.521939626416006330e+00,-1.288658277657063478e-02
5.711804220200593640e+00,1.527793696599357987e-01,4.872648865359205494e+00,-8.614636297710429602e-01
5.678766792759701865e+00,2.874922759872243549e+00,1.817758060078934923e+00,1.583067850033591206e+01
2.213437326276016748e+00,1.144130931185853184e+00,5.178892388679325443e+00,-2.261859398721048464e+00
3.091276950919344291e+00,1.264695930438040350e-01,2.460525096816065904e+00,2.461526193364119985e-01
2.183471268914392305e-01,1.430271789852588293e+00,2.182067603612660722e+00,2.557449376106982197e-01
2.409013619426563502e-01,1.083120568291936342e-01,2.646846336579128600e+00,1.238894870068355837e-02
3.449184815227865353e-01,5.390773749393598102e+00,9.884524649327773860e-01,1.552907201142217586e+00
4.554907248134763553e-01,5.024364774486852481e-01,1.662827323261059309e+00,2.278866713921504084e-01
5.618769333286255829e+00,4.587674781400917778e-01,7.854039619015036333e-01,1.822725826336844657e+00
1.644118463261659280e-01,5.495716428594253911e-01,1.278875404637653812e+00,8.653337682553828569e-02
2.129613696295853675e-01,2.142637383254009542e+00,3.824690486415993185e+00,-2.880153729965275189e-01
1.576244293622759418e-01,2.297872791413521742e+00,3.407487181237391027e+00,-9.517642009408018577e-02
4.610029665106726293e-01,8.986267006844139260e+00,1.806505276836780860e+00,4.028146162769619565e+00
7.707019008540935801e+00,4.881444016870041813e-01,2.450282928177891506e+00,2.398538995842348864e+00
3.785085799847094812e+00,8.495168413990873413e-01,1.128358511863661873e+00,2.905876178050609049e+00
1.974040197205843006e-01,4.629805925468603256e+00,4.744452133604866617e+00,-9.134725531901664031e-01
8.523900391464513948e-01,1.024825225627348679e+00,3.280138177956020140e+00,-1.206397456920741407e-01
4.917139979602732636e-01,1.314373551250814565e+00,3.617174540022868978e+00,-2.959103382627354395e-01
1.706091619951725091e-01,5.802963832536586208e-01,8.762512330769250957e-02,8.664129790405527068e-03
2.088871460398240121e+00,4.666998484135786107e+00,5.453302833461294519e+00,-7.193142509778140514e+00
6.492204446123836625e+00,2.323683054194282338e+00,1.378683782194503882e-01,2.073275665332567019e+00
2.193045404334359461e+00,5.014075551790008189e-01,2.916288405847525134e+00,2.456559926597335075e-01
3.537261794636490375e-01,8.508798438308893264e-01,4.520302701260399125e+00,-2.954429060633474435e-01
1.466783216186717809e-01,1.892331217053424552e-01,3.702146658809934099e+00,-1.475684096225033694e-02
1.220798920735788551e+00,1.867413834635170411e-01,1.440735137907195595e-01,3.273145877169219425e-02
1.740935817533891261e-01,2.188829669165836211e+00,4.630118426821200339e-01,1.701990243831226213e-01
7.768197325380545859e-01,1.423767137803505500e+00,3.789989707451581591e+00,-6.679302465663694566e-01
9.623910193732693186e-01,8.079392315455573126e+00,4.934761850102730385e+00,-7.584076622141917134e+00
1.183396389042424141e-01,1.091282786663455712e-01,4.998621954591551564e+00,-1.238877730771763622e-02
8.188293839429180210e+00,4.951539853415398262e+00,3.855523735345149472e+00,-2.654904728568093120e+01
2.161338413329715546e+00,9.584264852538951773e-01,6.412396823113384325e-01,1.239139605471559324e+00
8.063177876514080467e+00,5.112284263912256321e+00,5.068014849923616616e-01,2.000810861960756526e+01
1.333397525816986784e+00,1.161478780774765490e-01,3.042545773308195312e+00,1.531444990197208637e-02
3.235149300629382996e+00,1.983248745346860575e-01,5.133504656234648245e+00,-5.855552723245525115e-01
8.264123378983100565e+00,1.742100573313389578e-01,1.666858855774617787e+00,1.433055762153851331e+00
4.246539356783690100e-01,9.588252010377090739e-01,1.236368852729102102e-01,5.021293898381227333e-02
2.207379362742357021e+00,4.882149047709338774e-01,5.508957614982332274e+00,-7.534720396644475349e-01
1.044709436329949448e-01,1.240295761939140262e-01,4.167995714178628575e+00,-1.108437426799872318e-02
1.805812851431229937e+00,1.276180193185366019e+00,1.016223669930830020e+00,1.959150535869476517e+00
2.194447881292208802e+00,1.798740444619036094e-01,3.325729739395232087e+00,-7.227332320737551996e-02
1.597026159032032933e+00,1.939160108022933704e+00,5.420942354547122477e+00,-2.351480652639056590e+00
5.884078932255806249e-01,4.811207615685455075e+00,4.490532755179547308e+00,-2.761567829464012025e+00
1.719072600707064469e+00,2.168971532375453037e+00,3.841634503675904977e+00,-2.402161998354602090e+00
2.641596689032413292e-01,2.148362435518407221e+00,5.847019831770482234e+00,-2.397545751526942437e-01
7.851284893665914311e+00,3.864580657509967043e+00,2.997916088116667765e+00,4.344440301634363344e+00
4.386213124204281777e-01,8.439743427376945606e-01,1.122116129537508444e-01,4.145195299844912223e-02
2.157004212930797582e+00,4.635085966391042644e-01,6.918181896488326821e-01,6.378044310142363393e-01
2.992058912774781532e-01,6.160674143570412653e+00,3.132674106329778496e+00,1.643942939660725244e-02
2.734342969293420911e+00,8.533037208162378207e+00,5.616492770332401463e+00,-1.442843338545155696e+01
2.009863659135432634e+00,1.079929691839301764e+00,4.084325164377043293e+00,-1.756305549791789655e+00
7.591713948060701433e+00,1.543105538639823193e-01,5.739843023134245215e+00,-6.056557689207338058e-01
2.221617753409610430e-01,1.452732244709943887e-01,5.814216165850046636e+00,-1.458685296218198597e-02
1.080055896465683674e+00,2.714766376899297118e+00,5.050683118867222099e+00,-2.765914418341227865e+00
9.155869897996296913e+00,3.848979845416840018e+00,4.632861942617235940e+00,-3.512937646117758561e+01
1.701371498736354015e-01,1.676047517335612913e-01,4.735002957698370984e+00,-2.850850370172050910e-02
5.442928573425147576e+00,6.378623537623608009e+00,6.161547351431955200e+00,-4.212668014164544950e+00
1.279769775211643923e+00,2.484357905248345322e+00,4.657536380705693979e+00,-3.174624246261780414e+00
2.364180995522819462e+00,1.446237256694322904e+00,4.449044629760609659e+00,-3.301290210501518718e+00
3.262217996076340332e-01,1.287278678898417239e-01,5.532326024418592336e-01,2.206525693805967345e-02
5.233289423471836344e-01,1.096702024033395645e-01,3.070525161240662548e+00,4.075386052707316228e-03
7.485200670617741636e+00,2.982690752441902404e+00,4.932303462527069193e+00,-2.178834091920156268e+01
1.190773297152293742e+00,4.599729549718666100e+00,6.813625263019585931e-01,3.449846966376010293e+00
6.808764299165041223e+00,1.397704451430745731e-01,5.562600142092779087e+00,-6.279312241893897362e-01
5.186798734846704839e-01,5.608864269462331409e-01,9.000725894144118167e-01,2.278989833731026871e-01
7.056785091724576908e+00,6.239583728822846176e-01,3.819941019114619696e+00,-2.763005229556852349e+00
4.308137203782526070e-01,1.916132683821698546e+00,4.221723782354469989e+00,-7.281038757608548906e-01
2.455303781571729349e+00,1.396770292641941857e+00,3.169479905351164639e-01,1.068864050855432568e+00
4.976926950520821791e+00,2.341883493856428800e+00,7.241452716272824830e-01,7.721638101920623498e+00
4.597013891693224608e-01,2.175339363584011809e-01,3.287974625614867641e+00,-1.458607128549741297e-02
2.048212325715531301e-01,8.274933495202534406e-01,2.110836863790240159e+00,1.453679747005629241e-01
3.729491852552185849e-01,1.289351140259429318e-01,2.504125251079371672e+00,2.861911303688115943e-02
8.613074059771517188e-01,1.455007108532692384e-01,3.584520195044877400e-01,4.396569137386029807e-02
9.545948634940174315e+00,9.713438759278197665e+00,5.928719649122500268e-01,5.180907899155479868e+01
3.651495318369958887e-01,7.405190794700263091e+00,5.538312469460431764e+00,-1.832984326138356046e+00
4.150362126914922678e-01,4.431898835362408917e-01,4.825519280429388047e+00,-1.827640317738815356e-01
4.227137496491920055e-01,4.140382469169168189e+00,5.543907874024355920e+00,-1.179202208890258063e+00
4.164175409480423973e-01,2.471479661138723749e+00,2.745770613172296759e+00,3.968128122452821982e-01
2.680172634040127733e-01,2.938492236315721207e-01,6.016539360506941492e+00,-2.075217667145515602e-02
4.129501325759371788e+00,8.021601463269506516e-01,3.565608017625574888e+00,-1.362849277364225564e+00
4.333230842027817054e-01,7.917840099115908137e-01,3.732493985005798098e+00,-1.911434020367554221e-01
1.014818399420597261e+00,2.270506107405453888e-01,1.711754625096566729e+00,2.281298380254041802e-01
3.244339411095687353e+00,7.242392406840164831e+00,2.145736320212766390e+00,1.971908291650089495e+01
1.269143367307946857e+00,9.561445951688423150e-01,5.784188567466810760e+00,-5.807067966152785754e-01
2.081520593043197920e+00,1.303979607191349810e-01,5.206105554141226222e+00,-2.390117057369334219e-01
2.414356165258508380e+00,1.132572317957121655e+00,6.085492747101919342e+00,-5.370627561941437866e-01
4.826374980367612588e-01,1.088494364255628566e-01,5.288516894559982084e+00,-4.405456342619754051e-02
8.643336591208634623e-01,6.576917595216652535e-01,3.027774160909030954e+00,6.456223585544584864e-02
9.092801165508253902e+00,8.002089484887568105e+00,5.420556511734452521e+00,-5.526629658055822603e+01
1.588700344096120043e+00,1.435121447356589586e-01,7.853167092795196313e-02,1.788664931190969004e-02
6.746583195247971787e+00,3.739163768815290112e+00,1.512883061982057020e+00,2.518428697385033388e+01
3.067448839504588243e+00,1.165411689670540762e-01,5.656744334419475884e+00,-2.095804864527334443e-01
1.610325098365067709e-01,1.527749066854880711e-01,4.737081051497336603e-01,1.122304183710915587e-02
1.219783992957384156e+00,8.482054945051836770e-01,5.970191314948701589e+00,-3.185706426996269269e-01
2.789917357354292804e+00,1.751328927894662657e+00,2.531788183610548248e+00,2.798283363754563879e+00
3.569224214686406160e-01,2.544899113443862548e-01,2.184749449995536108e-01,1.968727552774184736e-02
1.960278556177103892e+00,3.364865710471671267e+00,1.440710471323581210e+00,6.540342285267210620e+00
8.620382142798562741e-01,1.461215365166230740e+00,8.588465873676122408e-02,1.080493868107118977e-01
2.490221590573296617e-01,8.452334299767291226e-01,3.749499145153371682e+00,-1.202167666819102115e-01
9.293317733275135994e-01,8.451362554088420964e+00,5.155765645233712391e+00,-7.094691191355851245e+00
2.138459794379428680e-01,2.197218158413289490e+00,1.570736875941101118e+00,4.698662682943743896e-01
6.118343591573365714e+00,6.939044901792912334e-01,1.358368709986898626e+00,4.150114589042987134e+00
3.310626076174043142e+00,8.995348917555418211e+00,1.688467490283535266e+00,2.957429841829708295e+01
1.987264635199035956e+00,5.516564119016759804e+00,5.695811779500198568e+00,-6.075368263084544473e+00
2.509062141334200913e+00,1.875862395235557978e+00,3.375096993304470328e+00,-1.089064382288737143e+00
3.332633438139742221e+00,1.537212807162452177e-01,1.553691615829816186e+00,5.122217404845882394e-01
5.841623741582921969e-01,1.523453640457358982e-01,1.141384061882519951e+00,8.091467889210109121e-02
1.221522475959809784e+00,5.888971581586122106e+00,2.450732015480455050e+00,4.583710411187069234e+00
4.088995525922810792e+00,8.003667847541955371e-01,3.877783568220076305e+00,-2.197517767045511494e+00
4.401311711923508341e+00,5.281810134960048808e-01,2.116932806617066731e+00,1.986534321910285339e+00
1.959030614356463973e+00,2.416487105007356639e+00,6.034893950510508809e+00,-1.163364550987721957e+00
2.145453579248888687e+00,6.560569903069871645e-01,4.739299665081388113e+00,-1.407030189224981021e+00
1.431150760180727455e-01,3.819658491513774567e+00,4.253912642555246926e+00,-4.901969393335801062e-01
2.958903342179203033e+00,2.019583512116443491e-01,4.108116030796477247e+00,-4.917538673166592100e-01
7.455089290277370218e+00,1.299789525915260091e+00,1.030330538361257542e+00,8.308915952270258032e+00
3.382749083777449872e-01,6.040315805542390004e-01,8.436269477972406505e-02,1.721728235756525907e-02
3.819146005677434008e+00,7.468553400580963952e-01,5.094647579424629313e+00,-2.646479850991201310e+00
1.699390186802086922e-01,1.805682312497124409e+00,1.806383236572282280e+00,2.983797585974425903e-01
1.626544799709042310e+00,1.054871050227458307e+00,3.873841366949524634e+00,-1.147083833709455991e+00
4.780593398548385053e-01,5.810295601253272935e+00,1.095370553256002299e+00,2.469617129326978855e+00
3.210554877864669199e-01,5.533723311376018472e+00,5.932569691427553416e+00,-6.102305965664318599e-01
2.086514164218120193e+00,9.406171816765528604e+00,1.940471602057943556e+00,1.830026335907080082e+01
4.043514636590112232e+00,8.348562289029848316e+00,4.477533626451275950e+00,-3.283082236270433896e+01
1.812309722602632567e+00,9.045584341333203326e+00,6.262528077622910416e+00,-3.386181524916044849e-01
4.023270000817300129e+00,1.271267879341351437e+00,5.326555334129261077e+00,-4.179972104364089169e+00
4.651347029233704689e+00,3.550640532076421163e-01,3.935657545495662823e+00,-1.177882392248668308e+00
3.420143206244729006e-01,5.077267336967153932e-01,5.852786861923034989e-01,9.592966274707796781e-02
1.816904465933507906e-01,3.029941525802907210e-01,3.429913468811429667e+00,-1.565339359262110999e-02
8.552336515254168603e-01,1.437094893995709000e-01,5.692191444180366489e+00,-6.848112437838611843e-02
3.779368039092093845e+00,1.402350536228292865e+00,9.903594366443687624e-01,4.431981655692914579e+00
8.386835659614704230e-01,1.467386715708930867e+00,3.442772573645161316e+00,-3.650757624635928011e-01
1.174618106930822581e-01,2.458718107195702718e+00,1.028066550159525860e+00,2.473047140457309556e-01
2.310212114145397400e-01,5.613104998254683231e-01,4.497333719105528260e+00,-1.266875250107849515e-01
2.533081443544500377e+00,4.256011425334842890e+00,4.235236452482484815e+00,-9.576672720117594295e+00
1.036979963074164818e-01,6.728395820621675405e+00,3.016337441573521350e+00,8.716487487267812750e-02
3.965463189968380653e-01,1.874371960682869043e-01,3.596574082662757021e+00,-3.266290847324163776e-02
1.310489316763540080e+00,2.793268515249971440e+00,2.682391081070269578e+00,1.622474203666980586e+00
8.375228839995091379e-01,1.923003714211348469e-01,4.723709990471181008e+00,-1.610456408866808020e-01
1.548686735680262216e-01,1.135503192973994713e+00,5.252403121026013366e+00,-1.508301152948665902e-01
5.242953218345093980e+00,2.934342253399255807e+00,2.988381924849333515e+00,2.347877999043582964e+00
6.738296599039479418e+00,2.683542660022564696e+00,4.240424859473010399e-01,7.440015794793623627e+00
1.976464946455165794e+00,3.793831071533095844e-01,2.271952022691304585e+00,5.729486351076268358e-01
5.356351733242322721e-01,8.473124970914991394e+00,5.659329822450996694e+00,-2.651251980132513619e+00
4.618522991791664256e-01,8.847676919151318486e+00,2.902177958270343083e+00,9.690056229370141994e-01
1.747393770472445151e+00,5.331257425505099512e+00,1.873086604830435542e+00,8.893400919359850221e+00
6.800329156274641740e+00,1.152701303362845403e-01,2.437650360002721062e+00,5.073456634258897147e-01
5.286541714960550919e-01,2.660337530583412602e-01,3.610357009464066458e+00,-6.353887470018340644e-02
2.975617171063753563e+00,1.441500616709587623e+00,1.640064161329673587e+00,4.279067870149989794e+00
5.613444488508151364e-01,8.309288047481263817e+00,3.620854322952661519e+00,-2.150854925129464412e+00
7.638155967294643078e-01,2.277104345338982316e+00,1.897746873057984063e+00,1.647150951289634513e+00
1.657024639347442152e+00,9.643309161955050390e-01,5.270396735690820122e+00,-1.355534277765911400e+00
1.550596051429729894e+00,6.188245210899926407e-01,5.233111312251722325e+00,-8.323685575438678486e-01
7.186610042739693505e+00,1.770447763141624220e+00,5.451511265792242433e+00,-9.403444328274279229e+00
3.020666353717714081e+00,4.932560100943145898e+00,2.360800322606499968e+00,1.048698427809667777e+01
2.099330679030493862e-01,3.757090860835826440e+00,5.984750430731820003e+00,-2.319082807749673902e-01
2.914568845680496345e+00,6.442073242649189346e+00,1.636196782389023552e+00,1.873572603405495585e+01
1.495247217245907700e+00,5.618639411736283229e+00,3.725035798615999649e+00,-4.628257606827899551e+00
9.860623362760625454e-01,5.695414452990396059e-01,6.250809600696947577e+00,-1.817912956608044861e-02
1.106357993875122930e-01,4.381693709913629498e+00,1.646864071468181923e+00,4.833703433382550707e-01
2.819492068697973530e-01,2.440089979562605205e-01,3.399563025579542597e+00,-1.755168683325613807e-02
1.743666476556222922e-01,5.272723861090126141e-01,2.092040063126175298e+00,7.972930444524577165e-02
5.900588511467221409e+00,1.956729710258880706e-01,2.261554500221426345e+00,8.899121430358801765e-01
5.182140434005791718e+00,1.572371213642575205e-01,2.430504706200368847e+00,5.318023141626647687e-01
8.087710551205061771e-01,2.099329883563912369e-01,5.042028574061514057e+00,-1.606461953790718211e-01
1.294419211117619151e+00,7.206421870069070756e+00,2.763720439773090565e+00,3.441554493396916214e+00
1.529878657970082712e+00,4.382454840329434442e-01,3.981968136114835577e+00,-4.994232195322164114e-01
2.455504470280857277e+00,2.298462135104194726e+00,3.639969060417310942e+00,-2.697776971358455178e+00
1.588741794032100474e+00,1.827002927758702766e+00,2.112481554072179968e+00,2.487097535824489558e+00
6.780022552323192730e-01,1.094032951527561387e-01,1.481745023855911558e+00,7.388176358916605235e-02
4.260918071119242256e+00,6.967804038673135469e-01,3.238375798752398449e+00,-2.868934458875992410e-01
3.298352371598996524e-01,3.634563627424415522e+00,8.751333038006875453e-02,1.047777456022415399e-01
1.731081851582897124e-01,9.829594165998205568e+00,6.144316720180778013e-01,9.809529073368261631e-01
2.556372436318678498e-01,1.535265786353938511e+00,4.637496457499145741e+00,-3.913709645782839086e-01
3.079640206025314075e+00,8.560417241529849619e+00,4.785559900029773495e+00,-2.629246305225251135e+01
2.850154593567467032e+00,6.905077009461127346e+00,1.934572569769131167e+00,1.839264027302858651e+01
1.028043145803938241e-01,3.790412271666775967e-01,8.723609009090627087e-01,2.984290121594744549e-02
1.842983842079863877e-01,7.629602381376125564e+00,9.100820445634417721e-01,1.110210476596039220e+00
3.803044441371681850e-01,1.152362029627439277e+00,1.108207316181994084e+00,3.921885420830628077e-01
8.808507239038958048e+00,6.252805420957085580e+00,1.904893855585806595e+00,5.203244010100021910e+01
1.935760260045893133e-01,1.955140844852152060e-01,3.824849294320588289e+00,-2.389354089966022957e-02
9.152633380148099462e+00,6.641615975368857505e-01,4.584462002034894179e-01,2.690217286866831703e+00
1.438269499923681360e+00,1.397064552298176998e-01,2.721234146015075961e+00,8.199933501528422486e-02
2.374809084015953309e-01,1.348943504486988521e-01,2.790757111276556568e+00,1.100981380103144627e-02
1.193938009711475345e+00,9.416092681823267085e-01,5.674710707670008070e+00,-6.426244740482206508e-01
3.005918329957600887e-01,2.927594905027726124e-01,1.737217008543132435e+00,8.678528936677197547e-02
1.033636642501770009e+00,1.726503254336800408e+00,3.290265051135874863e+00,-2.643410186726106725e-01
2.194917347154303477e-01,1.502083609561510880e-01,4.216167073838420265e+00,-2.899296424058812535e-02
3.709564456215541650e+00,1.933791313770305553e+00,1.776271144988535999e+00,7.022622837441999444e+00
1.250536330215159531e+00,1.150480542596641786e+00,5.098025736429608878e-01,7.021013447711180744e-01
2.300041621502684208e+00,2.433709181869901705e+00,8.595967810586347957e-01,4.240651151189612555e+00
1.866717375472532747e-01,9.851147752527324997e+00,1.080041869459863246e+00,1.621895723702693415e+00
1.159219012486969458e-01,3.707849681906485451e+00,2.757134680514299330e+00,1.612072538125831067e-01
2.996878424718071976e+00,3.264397885868961069e+00,5.638421785917054230e+00,-5.879677624960227611e+00
7.316435431192538807e+00,1.051315054562810491e+00,3.362044493781884968e-02,2.585556693090671487e-01
1.127632963288583090e+00,4.182628254676469259e-01,2.599403819298261809e+00,2.433755519788610988e-01
5.132284496606500657e-01,1.372246413979895108e-01,3.124021418804727723e+00,1.237436040194554027e-03
2.609060974531641208e-01,1.300691998755772183e-01,3.362026424838834959e+00,-7.420172072231365906e-03
1.699880593399391293e-01,1.316259776782230106e-01,4.531342048994818406e+00,-2.200914382464900371e-02
1.296608941738867649e-01,7.057212023619654495e-01,1.286937147080547073e+00,8.784259707702253561e-02
3.200117201597022509e-01,4.831833124666122803e-01,5.784339007245325348e+00,-7.397424798973847859e-02
1.906697525830282736e+00,7.145828712351574019e-01,6.108757334161417418e+00,-2.364536691897677068e-01
1.444545146525335388e+00,2.316912844071649769e+00,3.954359182860473165e+00,-2.430480984832324332e+00
3.070059135267424466e-01,1.374122208388898758e-01,9.816952437853275759e-01,3.507545045274319123e-02
2.320010836975423263e-01,1.981352176882515970e-01,2.115286863135174222e+00,3.932027225002362320e-02
3.123435457282068284e-01,6.192996216386489339e-01,1.225066227737872548e+00,1.819884039374056184e-01
4.277830054941709759e-01,1.476283526591077588e-01,4.925871866295773671e+00,-6.171926275140535156e-02
2.766007244010195265e+00,1.023255191049969870e+00,3.402872062551008714e+00,-7.311219729118795252e-01
5.838424611338273174e-01,6.954238166166951673e-01,3.982555471524128698e+00,-3.025992603095089550e-01
2.175329937307252381e-01,4.435598140667910805e+00,1.137288194961852961e+00,8.756345169705088693e-01
1.420314459297330467e+00,4.781156528041970444e-01,2.991159757195892777e+00,1.017702947452105711e-01
2.049244971268944504e-01,1.593441081540608817e+00,5.134652473836424313e+00,-2.978534563052037121e-01
1.893779096163655806e-01,4.271248562782886671e-01,5.549955538122867793e+00,-5.413615415525791646e-02
3.463387988599385126e-01,9.667817962208060667e-01,1.806913642910801920e+00,3.255435983582556925e-01
1.440901484919977493e+00,1.055933476738010884e-01,4.348620705730568692e-01,6.409839673172827712e-02
9.697096579344376410e-01,1.616138700120226757e+00,2.086913839363733647e+00,1.363046514342571625e+00
2.864357552220883618e-01,9.636429110112459284e+00,4.343506087926251702e+00,-2.574540002022377649e+00
1.309529878740661735e+00,4.799949116768171820e+00,6.203329207734314288e+00,-5.014163119721667394e-01
1.699552955469152138e-01,3.314581588347907393e-01,5.713459040955656931e+00,-3.038614614889854210e-02
7.714577360058304301e+00,4.458518856493886240e+00,2.408589249516539521e+00,2.301424945243987707e+01
1.968643802119275144e+00,2.384287758247854161e-01,1.971028374057604005e+00,4.322864094499095367e-01
3.688370631053479176e-01,2.516739535762501645e-01,4.765193465281360119e+00,-9.269729701421215717e-02
1.177319145725138766e-01,9.007194162180047314e+00,1.438976945149450737e+00,1.051234309257392363e+00
1.985971503311789954e+00,2.541444291181489401e+00,1.050214752284592157e+00,4.378628898020903826e+00
2.734238823374163241e-01,2.936334385705642536e+00,1.737364998896028467e+00,7.917518960653842086e-01
5.384211202741391311e+00,7.173693528155524746e+00,1.028550790632003498e+00,3.308404815464226090e+01
1.603166440733275300e+00,2.165267016506662034e-01,5.638225105350799460e+00,-2.086819771522848699e-01
9.769178108414781292e+00,3.712153304270240373e-01,4.615966010017161780e-01,1.615150016071025041e+00
1.205706639508460215e-01,2.884963472671008944e+00,5.722055185725482218e+00,-1.851017899654134047e-01
2.082818293725524350e-01,4.196587670638297629e-01,1.003631279256558123e-01,8.757749857234486957e-03
1.115784266802778979e-01,2.484378213524400525e-01,2.085562569112803466e+00,2.412796730878953924e-02
2.675335104899677074e-01,3.522093226432865265e+00,6.867437764520880616e-01,5.974253959388616808e-01
3.703560969035336603e-01,1.099163154639924977e+00,3.129157049553075165e+00,5.062177299448997886e-03
3.391890371143902350e+00,1.073817872363268755e+00,1.766826608815302180e+00,3.572513931180043123e+00
6.617645583372000040e+00,2.601651565402893773e+00,2.167545658016609256e+00,1.424117053891547791e+01
5.031798224225048077e-01,6.509373172725775980e+00,2.729419548113905858e+00,1.312123864056694345e+00
1.622839575368522302e+00,7.281839736653044071e-01,1.849801026495113465e+00,1.136028457638770917e+00
8.813859004538082687e+00,6.053324734843815724e-01,4.010588136597198705e+00,-4.074477748107315556e+00
5.627683489453882082e+00,1.036287921397163858e+00,5.255874175857633723e+00,-4.991591291058857571e+00
8.633406992350259657e+00,1.947949927600108655e+00,5.843589807236409861e+00,-7.157058023718266604e+00
1.174257117405046458e+00,7.497781663160989485e-01,3.779006640503915992e+00,-5.239622094501318328e-01
2.072640236909499556e-01,1.958464084811756933e+00,1.628936438442154300e+00,4.052332810252336492e-01
2.136875772551310171e-01,3.838056868404586819e-01,2.704933540415061177e+00,3.468511786918651585e-02
5.254044527846055246e+00,1.022039734965493274e+00,2.601151741632369063e+00,2.762859650353997054e+00
5.190228963361160908e-01,3.655040864704916181e+00,4.885550049193883915e+00,-1.868679603037722625e+00
4.338246067573751752e+00,6.635094179900947964e+00,4.287420010186719921e+00,-2.622431867460771215e+01
7.584768209599069166e+00,9.602097879095909505e+00,1.965384613180642948e+00,6.723308340931735927e+01
1.164778491785888742e-01,8.987544873056739547e+00,1.365648496222967800e+00,1.024898375503312975e+00
6.300571245333753900e+00,1.861914442262106784e+00,1.668847040528304904e+00,1.167477858172401639e+01
9.980358407610222526e-01,1.499771210953144918e+00,4.280594776420187486e+00,-1.359441299582655915e+00
1.506893233324364756e+00,2.257985180986295859e+00,5.954132300361818508e+00,-1.099521388124623522e+00
9.033334576340923405e+00,4.085537885338512143e-01,1.161324057657763253e+00,3.385504797142656397e+00
4.900004438703322029e-01,1.717863985578325092e-01,2.033587038696507587e+00,7.532100662083481002e-02
2.545686825333447256e+00,3.162619738066912989e-01,5.334984724084670837e+00,-6.540402735004103851e-01
1.897788343618001194e+00,1.360634593902421141e-01,5.015925413726328941e+00,-2.464152470607292034e-01
2.286670576026339941e+00,3.454744295722008474e+00,3.331591434455663414e+00,-1.491949774421618580e+00
1.683597600429708740e-01,7.924050918511228447e-01,5.249831599383210978e+00,-1.146012074374216649e-01
6.809027052094443810e+00,1.115987783219538620e+00,1.776137233257283787e+00,7.439152034909525923e+00
1.263667974533239979e+00,4.637539485557866215e+00,7.055175881999241616e-01,3.799988847066269937e+00
2.615295080339258504e+00,2.350674239698276491e+00,2.429259581367929854e+00,4.018149191544402754e+00
2.639339623650107658e-01,9.507444311436357154e-01,4.433780290155230119e+00,-2.412574898555275571e-01
5.457650761008934204e+00,2.838488388170418375e+00,3.360010291036283903e+00,-3.356772944421920091e+00
1.522643360731766871e+00,1.061828220725183458e+00,1.274479726697368864e+00,1.546323785436147569e+00
2.000029977191372321e+00,5.750792400835474716e+00,2.254593215307572507e+00,8.915928261157095136e+00
3.338636927520858944e+00,4.558194321677381255e-01,2.667062102691649450e+00,6.953493774516885662e-01
2.853163920382199015e-01,7.228650069363071751e-01,1.283161546639731476e+00,1.977721729138592066e-01
2.241985134750108966e+00,4.529402154961904015e-01,2.724811763341863813e+00,4.110877274195793296e-01
2.537180986672302296e+00,3.202974037690170306e+00,5.832065845740130428e+00,-3.542947661738799603e+00
4.026754796602687314e-01,4.872889661980650544e-01,2.890069774519195001e-01,5.592260899529821749e-02
1.290540035799050134e-01,4.434740950057854403e-01,3.116311551599067475e-01,1.754802996601336623e-02
4.104125715387317186e+00,1.231153462292096989e+00,4.055880285005931896e+00,-4.002471108463015348e+00
1.537610079470588476e+00,2.124866978825546426e-01,5.919556647537563165e+00,-1.162044356331186912e-01
1.432828590096334176e-01,2.532958663964514079e-01,7.887267007367152472e-01,2.574827315316030249e-02
3.589047967755575108e+00,6.695008894713458947e-01,4.003556558978067947e+00,-1.824073116343669643e+00
9.255274311044034974e+00,1.695528152744038231e+00,3.903757628517527056e+00,-1.083555387159901429e+01
1.052413158630876172e-01,2.689522106599315343e+00,3.255841744105400615e+00,-3.226776837921521701e-02
5.209557484372870917e+00,3.752877653239662381e-01,3.029146131265450403e+00,2.193793089077165637e-01
1.162163502415188149e-01,3.540268503168596537e-01,4.602064247362819494e+00,-4.089357101444811293e-02
5.687318107134761824e+00,3.418974170580378891e-01,2.672926103104205975e+00,8.783155407392491121e-01
1.421733365595650112e+00,3.192916529452745622e-01,3.608378917115597773e+00,-2.042849008480643325e-01
8.849313763400046273e-01,1.112193645468031455e+00,1.771474842056330434e+00,9.644633848943411358e-01
3.118498789463853837e-01,6.366147076618311473e+00,7.493221548158263134e-01,1.352260339079841778e+00
6.203745602079714372e-01,1.866469089945447912e+00,3.820791281768853409e+00,-7.273639370410786009e-01
2.477310023608293721e-01,1.851638495182265309e+00,6.228752495241907106e+00,-2.495645217130144228e-02
1.810936103612361903e+00,4.243108319197355982e+00,2.211390530954071565e+00,6.160574436075961557e+00
1.710887586893531598e+00,4.984117843133201831e+00,1.543317404626086908e+00,8.524046120649064306e+00
7.650362450685945781e+00,6.254419803082902796e+00,3.162311946036194588e+00,-9.913177587358721343e-01
3.052766818627159484e+00,2.556155168693786006e+00,2.218176490970685144e+00,6.224467858366601547e+00
1.274632441269151761e-01,1.133623176776241248e+00,7.441899147919943669e-01,9.787765508157710015e-02
4.292020647643238540e+00,1.587574467617517859e+00,2.146459074750445506e+00,5.715717279968161257e+00
7.634931654338040552e+00,1.718666622400615851e-01,4.280246778876779068e+00,-1.191561417295758041e+00
9.329596934915920237e-01,5.777530307252368713e-01,6.125570057739754271e-01,3.099158768658429319e-01
1.451145260941497372e-01,1.731089887448751530e-01,5.503941867270994770e+00,-1.765330512248888470e-02
7.471667132260357835e-01,1.375738963512680435e-01,5.542630612641768373e+00,-6.935257815335561793e-02
1.668538595237842870e-01,1.491308137924227228e+00,3.675839421931403450e+00,-1.267027366575198266e-01
1.113112629284459087e+00,1.539170904332405609e-01,3.567711288538172543e+00,-7.081626472389924987e-02
1.068038477070097497e-01,3.434725500092184358e+00,3.419436240067392330e+00,-1.006183406220949317e-01
1.878185610287856244e+00,1.822102109128082015e-01,3.935851983295299394e+00,-2.441241118385637510e-01
2.274692569189226798e+00,4.841371007258750581e+00,6.232908532547208225e+00,-5.534463180699815688e-01
3.513159227160605802e+00,8.123562624475081151e+00,1.055840917955296332e-01,3.007707757436516971e+00
3.047532909446416305e+00,1.417553256864425848e-01,6.011562928965799024e+00,-1.159043828744667215e-01
4.726354703792950751e+00,1.651231988711265586e-01,4.067440083544802576e+00,-6.236660530107611677e-01
4.539109444054504894e-01,2.913653454370871976e-01,3.561124062907065291e+00,-5.387132523925298316e-02
9.156695751444169362e-01,5.964130263536055132e+00,3.317039180034888624e+00,-9.532358126380433561e-01
1.408641700607435876e-01,1.072720757536978209e-01,4.348277294078313204e+00,-1.412013558868304743e-02
1.370166733425265404e-01,2.547913560683134904e+00,4.990843995596187105e-02,1.741613551105538130e-02
1.057522550699573349e+00,2.597556537831729795e+00,1.044594465913304626e+00,2.375366440051390526e+00
1.794096266865187472e-01,1.402367790229405442e-01,3.951289034564171132e+00,-1.821767293438100385e-02
1.269244374509888917e+00,6.858346361042975126e+00,2.918106928151949386e+00,1.929270882314299218e+00
1.055277308343613329e+00,2.029456044250874669e+00,4.458722335396896774e+00,-2.073103828307918839e+00
1.306346657979795545e+00,5.822803382676830175e+00,1.531033073193544647e+00,7.600587071765091629e+00
7.299760168558825368e-01,3.665986628276359793e-01,2.588752611268894110e+00,1.405227746584249704e-01
3.183115587434860672e+00,1.886424442397102719e-01,1.197392693229287763e+00,5.590929537003220817e-01
1.683088249197700614e-01,2.059731611014306019e+00,5.807052662032694101e+00,-1.588950637377513353e-01
2.338639142625083878e+00,1.639142430272726714e-01,4.872872421428297685e+00,-3.784104501459011893e-01
5.736284472434870274e+00,1.815290517175429663e-01,1.172766949632392114e-01,1.218407451103181716e-01
1.489613086829364996e-01,3.706896052877880265e+00,3.137125542967133196e+00,2.466659197794431393e-03
2.217707788865861396e-01,6.522240534551780877e-01,5.260640572992715924e+00,-1.234447559701455366e-01
3.880189680780410377e+00,2.024161234357627404e+00,5.616122093287409633e+00,-4.859203823192570937e+00
1.798635754713235335e-01,2.557350578580117051e-01,4.261551512247020668e+00,-4.140147525427748110e-02
2.478908108286052014e-01,1.067635476559851915e+00,5.192008102984583040e+00,-2.347959677051797700e-01
6.392024106381891668e-01,3.370595912765520508e-01,5.218715090222372094e-02,1.123858230286798980e-02
5.087875946085378409e+00,4.989943967703719396e-01,2.621220250187699108e-01,6.578865525806649739e-01
1.261466318295582645e-01,1.041918794252534725e-01,1.765624203095434552e+00,1.289479372466376464e-02
1.822903341221178142e-01,2.524064141473679745e-01,4.450715715923950100e+00,-4.444495585634804236e-02
4.375088112537214302e-01,5.913370315227108875e-01,5.424373671627042981e-01,1.335552378163254450e-01
2.800001291318049201e+00,1.072688294385175239e-01,6.205505577176749554e+00,-2.330787213595996929e-02
2.536225779288257431e+00,5.840326901588963615e-01,6.078647201453079241e+00,-3.008616865975826116e-01
1.090402588864741062e+00,1.822744605874832891e+00,4.883180735588007693e+00,-1.958607949648029090e+00
9.110286159911918702e+00,5.670450563006568245e-01,2.452121109309745250e+00,3.286208688823608615e+00
3.264353852726155747e+00,9.185991029947439657e+00,4.444432579264777416e+00,-2.891623247529796004e+01
3.104116263337797776e-01,1.250914292538878869e-01,1.811283382907300996e-02,7.032798745640195248e-04
2.737178365959070936e-01,1.120127953829931799e+00,1.674872621911564829e+00,3.049399775172977889e-01
4.288626520508613815e+00,4.629409106619746694e+00,2.801558183622171683e+00,6.621633433666728408e+00
2.688498089409939507e+00,6.775310029356707453e+00,3.717465544757989626e+00,-9.919512074193363560e+00
2.437726357380497200e-01,2.338679100345019968e-01,6.546457522950369645e-01,3.471251356099977481e-02
1.876095461721554170e+00,1.683219729139213416e-01,2.849081075525034645e+00,9.106002979702082500e-02
2.112211601997756816e+00,1.245152919905079925e+00,2.565856067898486970e+00,1.431925209103016572e+00
2.317835050516424689e-01,9.462216765181015177e-01,5.206573781630884135e+00,-1.930783509484305938e-01
2.817419774564944746e+00,5.416169458112204405e-01,4.866203405542459670e+00,-1.507946577328527882e+00
1.133230641886373791e+00,3.302005040192650842e+00,3.538584121428802742e+00,-1.446801827390020723e+00
1.149831154005683365e+00,1.046784918403233094e-01,1.362221049186699728e+00,1.177539629457261539e-01
1.760095679629938958e+00,1.296014895861778982e-01,4.688049658017713561e+00,-2.280434584469874515e-01
6.867631754983833936e+00,1.211218508021979279e+00,2.974292169249701967e+00,1.385156547244831060e+00
7.495884556063210358e-01,4.266978630109173332e-01,5.529574249240364558e+00,-2.188643216610060838e-01
1.386151006136479014e-01,2.152385323452853605e+00,3.852720279223681210e+00,-1.947316440484710698e-01
8.394367315527277995e-01,9.133071847531171628e+00,3.772487316011946312e+00,-4.522298892687211413e+00
7.913468434642845217e+00,3.729014021602036877e+00,5.258243640032193689e+00,-2.522123900223389725e+01
4.086281090143272010e+00,1.265686819373515459e-01,3.649545721427899458e+00,-2.515584634385764629e-01
1.557375251155909579e+00,8.387383681906099842e-01,1.781527950012582739e-01,2.314795774057750444e-01
3.045888134347152665e+00,3.395261021932772572e+00,4.119719042079034860e-02,4.259237531015124256e-01
1.609350753470893403e-01,1.909290579490757200e-01,5.877990610040370711e+00,-1.211258458569024719e-02
6.521525569621292817e+00,9.021202245228419514e+00,2.663540941529823236e+00,2.706567262482360547e+01
8.743613706825565046e+00,8.051902421265014098e+00,3.403812189091839802e+00,-1.825013593109357402e+01
1.028778214531339996e+00,2.206411871041920880e-01,6.740710916379477613e-01,1.416812947934053268e-01
2.878464708271751160e+00,8.174339340770422346e-01,2.210901213348291927e-01,5.159873013436746536e-01
1.413587114581602300e-01,2.763168423703086685e+00,6.177152387343389783e+00,-4.133867540265031421e-02
2.498223295209244910e+00,2.672404726881560499e+00,4.429559600811765918e+00,-6.411013631444794747e+00
2.307877908845219483e+00,5.104954257272801499e+00,5.003229253189284305e-03,5.894585565972237234e-02
1.959312044457807600e+00,1.356889449466927910e+00,2.606499856399053794e+00,1.355660240457116528e+00
2.258177179715028515e-01,4.822739063259167125e+00,6.532814304049451293e-01,6.619256551708525560e-01
1.061769008041925089e-01,3.019311729619953422e-01,4.866637583483682583e+00,-3.167749828477068458e-02
4.305174439273874443e-01,5.268712065334904437e+00,5.149953934630497443e+00,-2.054569797775700035e+00
3.357426542211893183e-01,1.058407478065669372e+00,5.457200967725472474e+00,-2.612606414502781638e-01
1.010289481701464709e+00,1.479072067291197667e+00,3.058914711828737865e+00,1.234041969710491515e-01
2.043612463363105869e-01,7.032641116722428087e+00,3.351953913550120845e+00,-3.001061994945072309e-01
1.120550213074948287e+00,2.455983666862428194e+00,4.610579634461258736e-01,1.224376965706873266e+00
2.044155732036141704e-01,8.121888974199231725e+00,1.415601853057517845e+00,1.640286970720591375e+00
2.579386103226342652e-01,4.442913628917271929e+00,5.790831457292513029e+00,-5.417153867729866956e-01
6.017129404772657564e-01,1.665613628086080877e-01,5.627927407894103062e+00,-6.107173133278422789e-02
9.332054781211637229e-01,1.643000469173455880e+00,3.968651789660230023e+00,-1.128390497761871281e+00
1.988497924714783816e+00,2.235499478378518146e-01,2.354048429917029228e+00,3.150030377285191752e-01
6.742927846004877601e+00,6.298746339705081354e+00,5.829778782090963674e+00,-1.860402368632490777e+01
3.106871175689867592e-01,2.194998083373283226e-01,4.973829964925604447e-02,3.390542902865662737e-03
1.321191817222958087e-01,1.802724077907124745e+00,5.653474552730813230e+00,-1.402635453297522983e-01
2.717081915814425042e+00,2.099395153431119765e-01,6.156140567585064005e+00,-7.227443441197051177e-02
3.657245283044313844e+00,2.275740893027680123e-01,1.987736263827690975e+00,7.609936424243810560e-01
7.393976134627592955e+00,9.047191085537843236e+00,4.081086676808430624e+00,-5.400139937854991246e+01
4.459415437894889145e-01,1.767485455235120906e+00,1.344510372811702936e+00,7.681012569207412710e-01
7.349890430203409153e+00,3.987195625682253275e-01,1.286411704590262106e+00,2.812838255891734640e+00
4.548655914577405812e-01,4.216438492292565066e+00,4.041123259861724826e+00,-1.501792923926321910e+00
1.755954776474306422e+00,1.219668179560570720e-01,3.065131758183829547e+00,1.635954234711228111e-02
2.073782664814312948e+00,8.204410114618924110e-01,2.146113248772622217e+00,1.427522185428604651e+00
1.638362857908754189e-01,1.474049557809010425e-01,3.494827295321831784e-01,8.269342255558340821e-03
2.742097293469379249e+00,5.953607241285403973e+00,2.243646942280885348e+00,1.276722795069962224e+01
5.024783401979653341e-01,3.743802884679622300e-01,5.820338504098059751e+00,-8.399415203914156747e-02
5.808511961005653923e+00,8.204066676840790606e+00,2.399246407649192836e+00,3.221460183592429161e+01
2.124405941698705558e+00,2.121612440945197964e+00,1.871479350244449780e+00,4.304949451190671184e+00
2.941386447762544543e-01,2.229799155643092112e-01,6.251822471268155823e+00,-2.056657435261117009e-03
1.694791212351059562e+00,4.102571881867533854e+00,5.599025493368158024e+00,-4.394451637354912066e+00
1.526891187390500559e-01,1.847950083646522357e+00,4.572596101067068375e+00,-2.794093460675964868e-01
6.961554636437939925e-01,3.228815214941230138e+00,5.244826160623122568e+00,-1.936605772287455673e+00
1.079010668732760109e-01,1.420014903821237295e+00,4.299267534106813393e+00,-1.403309547316576034e-01
3.321596767956183527e+00,1.543615448672681911e-01,6.219305995521139607e+00,-3.273036525748503761e-02
1.539003055533228193e-01,1.771104371232269159e+00,5.760688837453613154e+00,-1.360264637522268505e-01
8.093341097796708183e+00,1.931119105025377536e+00,4.899860603565299400e+00,-1.535536008912085926e+01
6.299206979353836333e-01,9.299489539432649332e-01,3.383886792199182203e+00,-1.405498013012427549e-01
3.722033319071810231e-01,1.935765420865268593e-01,5.399228381780115882e+00,-5.571282215539532373e-02
7.285446911212114518e-01,2.748422330204247643e+00,4.977161443684167352e+00,-1.932570797085363168e+00
7.374743367645609560e+00,5.457435852157892064e+00,2.144099777038761978e+00,3.381221623454167968e+01
4.548187607420033363e-01,1.321610568796532936e-01,1.007635818416344753e+00,5.082676862499298232e-02
1.190539235988839595e+00,1.589980967258075140e+00,5.709571308891849384e+00,-1.027241058449978928e+00
3.854592608743891979e-01,1.343412051592258738e+00,5.690125753319105861e+00,-2.894159057734461138e-01
6.858782361278286110e-01,9.103964347013073777e-01,5.260206840192641842e+00,-5.330452327768779863e-01
1.952126860825532384e-01,7.631737975206340785e-01,1.104608033724493676e+00,1.330831358713811252e-01
1.343289283455603167e-01,2.240859491360615574e-01,3.412354718118441266e+00,-8.051048778771283457e-03
2.278414908155124707e-01,1.091989452297569718e+00,6.040657743054315354e+00,-5.975117872815050024e-02
7.618119142246626563e-01,1.816405986961382446e-01,6.821425961413287720e-01,8.724018384511708635e-02
1.365827646064576018e-01,8.903897424312595676e-01,5.531665918730207743e+00,-8.303048226575474033e-02
1.134111145133724213e-01,1.466687985415248141e-01,4.170188006133063396e+00,-1.424815890694304359e-02
1.243700425240056529e+00,6.458986923103072542e+00,2.267756025694171562e+00,6.159716770185958090e+00
7.030806111553655313e+00,4.059588955854453451e-01,3.188450448284135597e+00,-1.336934377703625498e-01
4.327717661309783637e+00,1.118818323238980200e-01,5.797189740913767375e-01,2.652355154178667740e-01
2.013983657048742104e-01,6.980529078759797557e+00,3.279580869021144540e+00,-1.933780558135280159e-01
1.179010538195176760e+00,9.597806023097417594e+00,3.834077637647402170e+00,-7.224665368211217853e+00
5.468007425849730208e-01,1.156520384758528364e+00,6.240891603288864324e-04,3.946653501877036402e-04
1.299903189488453403e+00,7.760123135341131517e-01,3.560731368719177947e+00,-4.105311825947375315e-01
1.994401943587932990e+00,1.606660440844099202e+00,2.001328194000916161e-01,6.370185498456583106e-01
2.397359339595102501e+00,1.743534093042216737e+00,5.637885157205373865e+00,-2.513938401107479681e+00
2.131270320523144246e+00,5.700600453362927311e-01,2.750044037089846238e+00,4.636503534577532948e-01
4.478331765964849165e-01,1.760140502457725742e-01,9.434101299216121062e-01,6.381387825177066431e-02
2.138807176781989117e-01,2.252664057105775997e-01,1.515980571759319995e-01,7.276071048697524586e-03
2.227060935770488026e+00,6.956289447077563359e+00,5.162031108918809785e+00,-1.395220961365190071e+01
1.088683180030594722e+00,1.035025226915737395e+00,3.436953619331748477e+00,-3.279990447098932727e-01
3.132160351346322980e+00,9.526787147892430418e-01,7.240149965223661166e-01,1.976557084931185315e+00
2.581218245657052046e-01,6.025151942212165768e-01,1.480305035935331581e+00,1.548859948886013860e-01
7.239145443728770557e-01,2.504858601604085244e-01,7.800281209246344716e-01,1.275295334101148037e-01
4.618447118926912731e-01,1.698974127043695104e+00,4.454625295722124179e+00,-7.587389181054733367e-01
2.584365753672194232e-01,1.340239250256448855e+00,4.326773164968107821e+00,-3.209320794122698106e-01
6.383126796439893003e-01,1.251157161245586291e+00,5.112609605678034796e+00,-7.355178303376391780e-01
9.348114632883492092e+00,7.304094404535233842e+00,3.497537561511900317e-01,2.339710011649205157e+01
9.003825520466985921e-01,1.609958753113679197e+00,1.185917464287280718e-02,1.719040485196866169e-02
2.613639223007743428e+00,5.821830077022223104e-01,7.750329913678040139e-01,1.064735279838906035e+00
3.498497407857029007e+00,1.891125177865286444e+00,6.099064305922193618e+00,-1.211291247651349989e+00
7.198318374361404315e-01,2.214036541386678880e-01,3.896047510004038150e-01,6.053365327844920096e-02
6.966105501527739996e+00,3.991787067872425432e-01,2.624372994906834844e+00,1.374970277975238186e+00
1.484208390961837543e+00,6.682977285596125583e-01,2.007510899733356613e+00,8.988001311290322315e-01
5.036148529934917351e-01,1.150068449172569229e+00,4.813213208465705328e+00,-5.762501528726849953e-01
5.344134571480764206e-01,2.001446737866953429e-01,5.541602255782891007e+00,-7.224678920847871222e-02
6.356226053938861753e+00,1.255868583070017530e-01,4.366992849531583509e+00,-7.511144405631571264e-01
4.838283949028354680e-01,1.215924667826559780e-01,9.392998915012765737e-01,4.748424920892758277e-02
2.609938934748006201e-01,1.270062612861154738e+00,1.514945742201725121e-01,5.002534170669973440e-02
1.313847995682786429e+00,6.456684480234699208e+00,3.586971085563567474e+00,-3.654515458150026319e+00
8.413215949086056966e-01,5.276650789905983352e+00,6.994861555818082666e-01,2.858169308477668480e+00
3.734096697216168215e-01,5.834083164988118853e+00,4.235407104337138406e+00,-1.935348549457392542e+00
2.295402950801287423e-01,9.607461246935843358e-01,4.957992470910673077e+00,-2.139120145304441167e-01
2.947604126665424040e-01,4.590721256503238479e-01,6.093640886505357734e+00,-2.549514428731322266e-02
2.462251544009557591e+00,1.442358619764051164e-01,4.310119266098348945e-01,1.483761590733856384e-01
8.343248100001735557e-01,3.110920119078937063e-01,3.739794505206370356e+00,-1.461685298690020562e-01
1.344571573779853590e+00,5.988241788114122777e+00,3.289301475734797808e+00,-1.184975321944625515e+00
2.166905667852857542e-01,5.749781756397175370e-01,5.603632490075696193e-01,6.622007571389745828e-02
6.204725950799425682e-01,2.696925978753523356e+00,6.284427315340458398e-01,9.837495539040626014e-01
1.287414434217822867e-01,1.445616573798237603e+00,3.684513660611533625e-01,6.703173084070679355e-02
1.103609879406250160e-01,1.424992982869571989e+00,2.455068644016939194e-01,3.822261498029362603e-02
2.799927228903653642e+00,1.921370066892481854e-01,4.578180094901025399e+00,-5.331319433838690447e-01
8.512777662478702823e+00,8.466680093796380424e-01,4.512222994823618549e+00,-7.063588673540759366e+00
1.483229684393669034e-01,5.144027016861381973e+00,1.322442354507795459e+00,7.395679470904078512e-01
6.372697614013062228e+00,1.323910360626041338e-01,3.530545591287259644e+00,-3.199431839047263137e-01
2.236334582273150851e+00,2.494518148030248628e-01,5.580914963443269983e+00,-3.603495778226284418e-01
1.264288175356614585e-01,1.145285163447754551e+00,2.553701150032447131e+00,8.030556582088317630e-02
2.289851240431003965e-01,1.211932540184026408e+00,2.910241966284569770e+00,6.363198046467917479e-02
1.286969794575202997e+00,2.217548879382583160e-01,5.010055651197935944e+00,-2.728412893167079245e-01
2.288469937073963401e+00,1.096193583417436473e-01,5.428256787619453405e+00,-1.892803498079283775e-01
6.136585953382359904e+00,5.614239889794761851e+00,8.765459780864183204e-01,2.647772208167932817e+01
1.564054940597723320e+00,1.918581695778601270e+00,1.865866237986152365e+00,2.871079466125947555e+00
5.087962476110901022e-01,1.378709666438914516e-01,5.405231051854032742e+00,-5.397442083799316309e-02
1.319879212578261296e-01,9.868810227273037583e+00,2.493183707817695272e+00,7.866430318173429637e-01
2.934275167285290919e+00,2.460276995831651436e-01,2.426700998663619657e+00,4.732396531114024807e-01
2.930277403775635725e-01,3.243928976542752030e-01,1.309685294052463922e-01,1.241380033113770320e-02
2.000621810899319897e+00,1.754041302836220340e-01,3.372614124114048373e-01,1.161199577908117037e-01
2.253526525479041087e+00,8.738987380500946145e+00,3.189566881304047308e-01,6.175422265296992563e+00
1.078028469067293799e-01,1.199833920184297797e+00,6.157818376575517227e+00,-1.617320670961863716e-02
7.022458139747226324e-01,2.357108718232770350e+00,5.306502499884719448e+00,-1.371631074283304441e+00
1.019183482195670370e-01,8.963331507788828034e+00,5.817483087945892528e+00,-4.102200415767228159e-01
1.178249271837549933e-01,1.570058537164468471e-01,4.882967066444571458e+00,-1.823072064957307475e-02
6.303927919703132154e+00,3.135433009657894177e-01,6.677538883959833749e-01,1.223929647878923888e+00
1.051088422873672990e+00,1.418773488266615035e-01,2.251352061358556700e+00,1.159038997452229991e-01
6.823097158549273900e+00,4.319019554089422286e+00,4.650395560160582725e-02,1.369935356114781344e+00
3.869471180922261055e+00,1.471361830816341199e-01,2.848085442464735273e+00,1.647162261363150915e-01
1.057728919928262012e+00,1.593772428054832879e+00,5.692133025400473834e+00,-9.393753323281966994e-01
1.379737325487526700e+00,9.389537630574723570e-01,5.402300875443565964e+00,-9.992292317375662813e-01
3.687752782965627585e-01,2.825010998719531541e-01,2.794630771696153815e+00,3.542541060279359028e-02
9.401888610826876658e+00,3.475929641439345019e+00,3.392015933960218721e+00,-8.098638601875936871e+00
1.745013537482868193e-01,1.763469672468579663e+00,3.026182855003044292e+00,3.543602166368450823e-02
5.451265786111453515e+00,1.169777220695196185e+00,3.394699126504531872e+00,-1.596823077124980061e+00
1.375164775846319909e+00,8.831730104763497735e+00,2.507790574793330673e+00,7.192472790963727824e+00
5.835861630370602349e-01,1.912046802160235204e-01,1.798371417521452409e-01,1.995902944411827654e-02
4.172118393194023112e-01,4.595549823230816178e-01,5.342683182160861577e+00,-1.548913129262815824e-01
2.897617562236219912e-01,2.819851724998938103e+00,5.328568072752232432e+00,-6.668171689850660444e-01
3.736608210696840349e+00,4.159243177399336577e-01,4.584184380275209136e+00,-1.541391405737623899e+00
6.958746614905885197e-01,1.065790784918117379e-01,5.516233038932647936e+00,-5.146682948411482328e-02
2.076417356102820300e+00,1.019987174778526073e-01,5.171345063141552068e+00,-1.898747179606957436e-01
1.642121506339255355e+00,2.707978951704881898e-01,9.007629728984212908e-03,4.005486072618390410e-03
6.926678498518092475e+00,3.940486901754785554e-01,3.143344247791493906e+00,-4.780883878705220226e-03
1.942476974765695308e-01,1.512963308863260137e+00,3.944127667998988507e+00,-2.113419012868776869e-01
6.203654033076156926e-01,1.220023361709623000e+00,2.448975462145457804e+00,4.832957826409097213e-01
1.448950471264461637e+00,7.086196185528688574e+00,6.851623925248331859e-02,7.029434344057081674e-01
5.011952862689155630e+00,6.765284719655375589e-01,1.899022193333653741e+00,3.209717297016963400e+00
6.629988258248764588e+00,6.715668532699417881e+00,5.137164215194805372e+00,-4.056794590962319091e+01
3.584480784946435517e+00,8.558579985008903934e-01,5.729716565428977226e+00,-1.612565718546313143e+00
7.287431984172172417e-01,5.462139848198368508e-01,5.691616367163359946e+00,-2.219780159911969031e-01
5.126852518561966221e+00,1.348552704831654514e-01,6.143794445708969931e+00,-9.606070339724966101e-02
3.321687003345840661e-01,6.729527270797698302e-01,7.886052904487450554e-01,1.585684010421627987e-01
5.481647401250808294e+00,2.079192596219071321e-01,5.364470931625752392e+00,-9.058906015630170394e-01
8.855108126350719644e+00,1.723795455869530091e+00,5.057265328518099068e+00,-1.436558580060529522e+01
2.845644823583203809e-01,1.447925052842501392e-01,8.999044215082474540e-01,3.227281726169690945e-02
5.918400449589843682e+00,2.406840526933411439e+00,2.400468808449087721e-01,3.386638436992195800e+00
1.692018345918047395e-01,8.618560828500370974e+00,1.025102357436872058e+00,1.246486925952486224e+00
6.949098466032556765e+00,8.147041450624316283e+00,1.035578316383086062e+00,4.869746462326914838e+01
9.037024794112808124e+00,3.617297636649376424e-01,1.608756794832780779e+00,3.266605844222122634e+00
4.660722586871312245e+00,1.408656131575320714e-01,2.526753196104523536e+00,3.787076835184349788e-01
6.407835478596036083e+00,5.823004201911022193e+00,3.839518978279935713e+00,-2.397836870369532747e+01
4.304061782107872602e+00,1.146342883850198335e+00,4.481246744482989541e+00,-4.802714466761980106e+00
8.539505261186357998e+00,5.227538986095465745e-01,1.686459413794950679e+00,4.434232958587799089e+00
4.455120468323590543e+00,2.326951158254372931e+00,3.404587828379141978e+00,-2.695109849783164702e+00
1.143088913842697840e+00,1.613393640330436640e-01,3.955657202726706512e+00,-1.340925817729380631e-01
5.436434402044751923e-01,2.324032277575989736e-01,2.077739541101412402e-01,2.606262489788215356e-02
1.884923689208584330e+00,7.487251213543089090e-01,4.978358293488259534e+00,-1.361666196495499248e+00
3.726029535428239114e+00,9.116309519672389783e+00,3.620172781037685361e+00,-1.564275280129772483e+01
1.245998220339851192e+00,2.320216726585983213e+00,1.346420530478723787e+00,2.818518091446660101e+00
5.285981833046071721e-01,3.888229289250987319e-01,4.080392469260859301e+00,-1.658326941453540093e-01
4.333732020205984248e-01,8.074741962984418819e+00,1.284116974668082722e+00,3.356560695257957416e+00
4.234099499117587317e-01,1.912992323570428921e+00,1.254615167775861240e+00,7.698290924269166613e-01
3.810015636666848948e+00,1.780023023576928209e-01,4.213381483977634012e+00,-5.954914943522167103e-01
5.494292690268752777e-01,9.561537649182277221e+00,2.196902484330766736e+00,4.256901790455987822e+00
1.692007194994222141e+00,2.055848690388460742e+00,3.844469535778651803e+00,-2.248562862124796169e+00
6.507802743256427824e-01,1.617540745771105515e-01,6.219301174941317178e+00,-6.720276838107963960e-03
1.461223051975204079e+00,1.534757881464115792e-01,1.008622645065451323e-01,2.258127664409874044e-02
7.085279244900855034e+00,1.013164620066621335e+00,3.657277604796155490e+00,-3.539966500148128414e+00
1.639699690842179924e+00,1.426799759000509704e+00,4.815196987369437132e+00,-2.327170230987503530e+00
1.195061124221646898e+00,1.469259204001507890e-01,2.342536797416776118e+00,1.258417413412984687e-01
5.387555333698687221e+00,5.401675291198383411e-01,1.773726045669912654e+00,2.850466461202058710e+00
2.995970664975788456e+00,3.098544109642419331e-01,2.383293664885239860e+00,6.383904280650156693e-01
2.613100207064457337e+00,1.534105625946358964e-01,3.053184696431780143e+00,3.539458269996196421e-02
9.091471054341022651e-01,4.978610564851542186e-01,3.589351490211566631e+00,-1.959640668665513230e-01
4.507367366576944256e-01,1.245334997746313649e-01,2.414378802427096016e+00,3.731592434704621153e-02
3.238941027035474818e+00,3.798072137566116391e-01,3.026062203157584563e+00,1.418065128560282717e-01
4.799930324822465622e-01,2.314801287291101406e-01,3.040528694659498932e+00,1.120999437786986998e-02
1.698100996084736192e+00,2.504090808676152857e+00,4.920116329663036581e+00,-4.160785937415383273e+00
3.230424517761918857e+00,3.619324088843304921e+00,3.133334295333279229e+00,9.655524133008605570e-02
2.134049564589977521e+00,2.837847481859828713e-01,4.762922579803522183e+00,-6.048376255500840237e-01
8.558904604713839959e+00,3.659236686183597431e+00,4.590990152626791776e+00,-3.108855596719675063e+01
1.478592707399198347e-01,3.752376953476028731e-01,3.244763949051897023e-01,1.768847634714152545e-02
3.219531775793019746e-01,9.291884064793525244e-01,1.899926721186598444e+00,2.830976404822792558e-01
5.561630697876719376e-01,3.338846396363510660e-01,5.448088238217523305e+00,-1.376666388178698353e-01
4.399089374420327658e+00,1.574498065364745847e-01,4.352941675747389105e+00,-6.483703753885531329e-01
3.953571189101575678e-01,4.400099540498165318e+00,1.083470961047731329e+00,1.537099907609012828e+00
8.941665232363910087e-01,1.643062934647189666e+00,5.024269837202726130e+00,-1.398296249943137282e+00
1.126707934175107617e+00,1.944506179263667978e+00,5.508055217415571470e+00,-1.533204936227995141e+00
1.799750490714744577e+00,5.696825080307953648e+00,6.483168594747882318e-01,6.191146942503925388e+00
2.912094125209660600e+00,1.816814334206406090e-01,2.340438686032021709e-01,1.226990221833798300e-01
2.380608529461824663e+00,2.345193710952684085e-01,1.491722428142573165e+00,5.565542921112472952e-01
1.907130046758963582e-01,6.237037863021613893e-01,6.272441518445170949e+00,-1.277932142820572495e-03
2.393223399582066424e+00,7.239304493448683431e+00,1.895305243852031474e+00,1.642102220481786290e+01
2.274858771233048138e+00,3.450541418241513725e+00,5.561648062945771187e+00,-5.184901909577244616e+00
2.513538531758407579e+00,1.641151807623962400e+00,3.523885851994659202e+00,-1.538864228698674896e+00
1.910509516257556939e-01,8.215680108782061453e+00,4.256379760391335587e+00,-1.409225775373232459e+00
3.097800298853090606e-01,2.706746911238246067e+00,5.015900506023879935e+00,-8.001708907495487244e-01
3.808778552900599079e-01,3.819534450251835800e-01,3.684184217943272444e+00,-7.511839189794627947e-02
2.767258454952325586e+00,7.448134469104186195e-01,5.179703629794030206e-01,1.020482906969233161e+00
5.631869294519210589e-01,2.234146963683067699e-01,3.999993847161259719e+00,-9.522359037515455704e-02
8.295639933193122983e-01,3.172113685166219610e-01,3.394857613424475673e+00,-6.593574870335400240e-02
2.027165415393723080e+00,3.913100067014490424e+00,9.933166631229686239e-01,6.646176231555859459e+00
4.460759119155620844e+00,3.365597938942151313e+00,2.257263584913689947e+00,1.161249828892378488e+01
2.877123907114859658e-01,4.769169020746897858e-01,1.030843695189637588e+00,1.176937542868106978e-01
2.226182705503928272e+00,1.877593268655070868e-01,5.259988196761559820e+00,-3.568672843677749285e-01
8.178601894481024592e-01,1.377309050020099901e-01,1.101044581833437563e+00,1.004430363324731318e-01
5.081845390163815424e+00,3.035522616448452116e+00,4.635959470979791774e+00,-1.538102312060053301e+01
3.176165487411529154e-01,3.213998175646946565e-01,3.585672099333983898e+00,-4.385711997311884935e-02
1.995547561040754148e-01,4.159728379074105198e-01,3.703464946312006845e+00,-4.422502656062592824e-02
3.318434053396595473e+00,1.105729045128393262e-01,5.109826380448303951e+00,-3.383289465779354410e-01
5.838704923549927983e+00,1.333089330629062819e-01,4.420719587945179718e+00,-7.454779826526587438e-01
1.098690705504982157e+00,5.084905197248620112e+00,6.281193270984259946e+00,-1.112897710600922567e-02
4.531936087261470014e+00,2.925911058280731836e-01,2.236738454011340943e-02,2.965677262455713656e-02
1.118045314601934459e+00,6.609327034901933295e+00,2.294244832539564793e+00,5.538652842016247746e+00
1.012086917043035328e+00,1.371406785269777273e-01,1.580979494069820301e+00,1.387910901180220424e-01
9.334877419126412335e+00,5.136444042429547663e-01,1.502006743754686235e+00,4.783467492644715158e+00
4.066015052197344382e+00,1.912278311543817166e-01,4.819515123354142005e+00,-7.730780036358895213e-01
9.314389246148294665e-01,4.494182437087089754e-01,4.351113000189946511e+00,-3.915832141143901213e-01
4.676764872303963649e+00,1.071295843371330214e+00,2.422410573790483745e+00,3.300566309654408226e+00
7.617224761186448312e+00,3.444352950933605162e-01,5.054125668765713897e+00,-2.471926602943523843e+00
3.735481278322295040e+00,4.689662809688991962e-01,3.519607853356014449e+00,-6.465537072239079253e-01
1.798411161509197553e+00,1.740557570970182599e+00,4.046835928142704653e+00,-2.462168331505757202e+00
8.756551901458291098e+00,1.620166975163350176e-01,4.212501602225393604e+00,-1.245109661851999672e+00
3.398092116688045117e+00,5.945179766011463585e-01,3.806960167752306834e+00,-1.247183599270563770e+00
4.141960604194922513e-01,8.028575278130130055e-01,1.858449147118044431e+00,3.188771426299755185e-01
2.182814278577191180e-01,1.257413801999947012e-01,2.030665661285977919e+00,2.459555203317305774e-02
9.904086721770580803e-01,3.496056837959189423e-01,4.393902082540001253e+00,-3.288395675760705794e-01
1.841736245697140339e-01,4.654822347017815720e-01,2.515447930978093272e+00,5.023967835763058776e-02
3.294343026398953156e-01,8.421391548149838258e+00,5.319412314380437934e+00,-2.278666348606894765e+00
3.764396510350492608e+00,4.088114495677258597e-01,6.170076844646147585e+00,-1.736949093964518520e-01
1.836318275868688010e+00,1.266377667781320548e+00,8.962037461663757698e-02,2.081308400492628552e-01
5.744296592255701661e+00,2.018382508343627424e-01,2.363764306358761225e+00,8.136034651860400979e-01
1.733775511892570176e+00,6.534897137767858410e+00,3.361578825976800022e+00,-2.472398477514676340e+00
5.878361009267616399e-01,3.708227387632193617e-01,1.196234870052202082e+00,2.028698306373155347e-01
8.637351542349112066e-01,1.557319650027277069e-01,3.186629920031612162e+00,-6.055967768924429111e-03
7.976893894245375982e+00,1.969863216525234995e+00,2.538176006319445843e+00,8.916705330564713705e+00
3.016284105608289856e+00,3.631819053162196553e+00,5.898512598607304369e+00,-4.110776286641813826e+00
6.017645060472449181e+00,9.464649345388378432e-01,3.743950665501160735e+00,-3.226990916354654182e+00
2.054321901052336141e+00,1.508505497349915014e+00,5.796292732242148027e+00,-1.449945170860365451e+00
7.587310088216068671e+00,3.737196233103937115e-01,3.988364763947030767e+00,-2.124223864474868773e+00
1.251981158375145009e-01,6.088870998578059357e+00,1.790766534701806467e+00,7.439463923047338056e-01
1.078637047843761021e+00,6.159061355292104745e-01,3.785893492909376268e-01,2.455464554851885250e-01
1.077167317982411276e+00,4.560133862472814492e+00,5.422347413014935169e-01,2.534858804657514231e+00
2.844568088582639653e-01,4.777732699305922148e-01,4.698539147441622710e+00,-1.358928253441488987e-01
3.070431836109453361e+00,3.906406694235229349e-01,6.192638037003058926e+00,-1.084572693392822779e-01
1.788560352592925451e+00,4.444434704103448652e+00,6.057434605425419782e+00,-1.779320159226626341e+00
7.285592665012525782e-01,7.386460876432643374e+00,2.110338108489891784e+00,4.617004731030673881e+00
1.242448256028267028e+00,3.164729407570223141e-01,3.904977226763874043e+00,-2.718478473910727056e-01
6.796742429353460402e+00,4.061615451522483378e-01,4.948717219243130572e+00,-2.683843039599931313e+00
7.768912957223480520e-01,1.948399543537393808e-01,1.317628280607871183e+00,1.465443772733235617e-01
3.101466477594617910e+00,2.064682807421807542e+00,6.121990680228740267e+00,-1.027752635711870477e+00
1.178381568567386933e-01,9.963544722374479079e+00,4.244116437979330136e+00,-1.047694592729046192e+00
7.732660429954065773e-01,8.973349358005597409e+00,5.513862020002410880e+00,-4.826961589416520759e+00
1.678522915938273630e-01,2.139417681159741402e+00,2.141138323242514740e+00,3.022655351502774312e-01
4.648703449773663010e+00,8.510311416127498418e-01,3.032931306690680451e+00,4.290396229628052338e-01
1.239763188376922232e-01,3.135949320774529814e-01,2.766153302454578800e+00,1.425596270816458129e-02
9.672174528295069962e+00,1.251927769896303000e-01,1.698331989739839010e+00,1.201051986938915350e+00
1.806164334737518640e-01,7.651915389475078655e+00,2.274283198018068664e+00,1.053948117748672919e+00
1.944930078882765923e+00,3.085456347910900399e-01,4.060583395787688232e+00,-4.770731209353050173e-01
8.035927775664669648e-01,2.077554846353913132e-01,4.679308493623981491e+00,-1.668594665958705037e-01
2.050992981248600078e+00,2.433310273933286361e+00,2.202613973903759792e+00,4.027273750126972196e+00
4.979059801299902110e-01,3.657363661837325641e-01,1.402339060871958587e+00,1.795245921507704068e-01
2.800439559454947158e+00,3.021341443888687639e-01,3.859968819266116569e+00,-5.568772455397119625e-01
2.460414271907634121e-01,6.985781911152993295e+00,2.205833222404985361e-01,3.760696562159281386e-01
1.355818407875459597e+00,3.280123090861365664e+00,8.791294160304541361e-01,3.425201295144559399e+00
7.062516752613602344e-01,1.636871343164113812e-01,6.275191620738164389e+00,-9.240947865043064313e-04
1.250760923681545789e+00,9.027221535620819637e-01,2.929388135919035907e+00,2.378037446604588934e-01
4.588882855923573700e+00,2.005627288891199955e-01,2.193425702923560205e+00,7.476515799908524107e-01
2.162514875428909189e+00,9.136121269611979789e-01,1.479060419094774703e+00,1.967392415331889133e+00
5.397979474646284359e+00,1.626467665748579650e-01,4.459940074072996086e-01,3.787140065056396332e-01
3.356374657843233522e-01,3.736079803258939847e-01,5.200960847213152327e+00,-1.107259169316319042e-01
8.225485856418277564e-01,1.995215706683821422e+00,3.028240310352764642e+00,1.856314234122559692e-01
1.123775901552734463e-01,3.222139058015027757e+00,2.702145581983764089e+00,1.540499044397780348e-01
1.819512898954470881e+00,9.068471903464090378e-01,3.063364089447993877e+00,1.289470942114529228e-01
1.312272911405266695e+00,7.973691735069163400e+00,2.470027934635736777e+00,6.510611333687435831e+00
2.945821035717138159e+00,2.167491892312471136e-01,3.699668856658020921e+00,-3.381233276422477840e-01
2.236144819943099549e+00,3.802481934900350247e-01,3.956981182837310485e+00,-6.190043582483150120e-01
2.090254506943841351e-01,2.011195051766564657e+00,6.203964058433722784e+00,-3.326907120895191555e-02
7.719597586546450785e+00,8.973429440728237783e-01,1.715516776548011935e+00,6.854712047478692227e+00
1.813354697520297876e+00,5.438816043361356378e+00,6.121166269465077470e+00,-1.590931438965179634e+00
7.524004774198310486e+00,1.185400144490307950e+00,5.824900286937730876e+00,-3.945842103703201875e+00
5.702800852764700057e-01,8.491438610865800207e-01,5.333720182695387280e+00,-3.937456027298378847e-01
1.903811822353942640e+00,3.796726102375448164e+00,3.483041694345084149e+00,-2.420400662231430466e+00
1.804709243759396342e+00,8.896473705934182519e+00,4.988700029332194141e+00,-1.544653504287484225e+01
1.162581162756421982e+00,1.541786324553886256e-01,3.567232097460637519e+00,-7.401091579880572646e-02
6.748564622564801496e+00,9.571056568330016390e+00,3.985132385366539687e+00,-4.824946799827066002e+01
1.173183296241955276e-01,4.230806779429412967e-01,5.757143729150971723e+00,-2.492248959569613731e-02
2.898031855181363081e+00,1.964795734930375959e+00,5.865096986511401767e+00,-2.311861212762172713e+00
9.479743050802017734e+00,8.159637869443774338e-01,2.848787053140691139e+00,2.232663553730004580e+00
4.231288538868348326e+00,9.165463484686958040e+00,3.226573971140732855e+00,-3.291756291427976322e+00
6.176861298254351373e-01,1.734895184083822706e+00,3.376672706573583760e+00,-2.496027889787250376e-01
8.587332765536442869e-01,1.016445332629087872e+00,5.972810580831656307e-02,5.210300951773755296e-02
4.210484190269266236e+00,8.489811944482523742e+00,9.861124636329465787e-01,2.980829352890941308e+01
2.731133382469931870e-01,3.906321520640211098e+00,1.990170440696068965e+00,9.744179243481191355e-01
2.485389290391780137e-01,1.739511318974429621e-01,5.114793315519035488e+00,-3.978021403649067977e-02
2.249103263763421179e+00,1.911897783200570577e+00,2.563961567837296229e+00,2.348006167869652216e+00
8.797297678113324970e-01,3.334510390558823034e-01,2.510523311454624373e+00,1.730771022754976629e-01
3.412484895182636979e-01,1.829111597338313189e-01,1.430220084199388397e+00,6.180242814262557755e-02
5.212806651099057831e-01,4.512475107772967675e+00,4.252183582294347453e+00,-2.107539308559130298e+00
3.907026424605761772e-01,4.936288118450238294e-01,3.051215060459423700e+00,1.740669147578090617e-02
2.764769082813602008e+00,5.797030250893651981e+00,2.435275845867825861e+00,1.040239466310786831e+01
2.247145703563734997e+00,2.855350805024672756e+00,2.909581345372845629e+00,1.475355066453301056e+00
3.068507392947897205e+00,1.722981638496202672e-01,5.905332549154803878e+00,-1.950502693999482950e-01
1.956974806498341657e-01,3.327686695663671923e-01,2.823404256739451834e-01,1.814325794798558877e-02
5.784766727520394003e-01,7.687128072219969077e+00,1.209006962824826115e+00,4.158959007301178623e+00
8.764955268725339366e+00,4.548180335853162504e+00,2.283639022846252864e+00,3.015780095099297142e+01
1.150119906607522113e-01,4.572188736201470149e-01,4.765546159745635557e-01,2.412211183584410390e-02
7.588422571284301199e-01,1.367192076960576541e+00,2.973505449825031732e+00,1.735676248532602994e-01
9.135924100759490685e+00,1.911599388002321875e-01,6.262547263434382394e+00,-3.604018936159424785e-02
1.352564577145372593e-01,8.573715438391596777e+00,1.110088947897364120e+00,1.038743182943213439e+00
6.000168915403597536e-01,2.488298069718605898e+00,3.054721362450817601e+00,1.295375788666819350e-01
2.153037982290422203e+00,1.005591157421501958e+00,1.954283187400426725e+00,2.007817060489604177e+00
2.847632626758912266e+00,5.431926523082505120e+00,1.645011471758454219e-02,2.544410566761882153e-01
3.360617338222203543e+00,3.785741650854748119e-01,2.233986501835433458e+00,1.002568456191954560e+00
7.301014773021107906e+00,8.133036198213812185e-01,4.490827583665519818e+00,-5.792791826393085763e+00
1.919848527073501510e+00,1.980423362845222246e-01,5.500062021373140375e+00,-2.682376838306074207e-01
4.849023178591768790e+00,1.273482574350238705e-01,3.377971631986418366e+00,-1.446119524558851788e-01
3.793039926217266489e-01,4.327212763455750455e+00,4.874221424965886840e+00,-1.619882954156001809e+00
3.488492500511747862e-01,2.397690470220425141e+00,4.529059908496453346e+00,-8.224157867090857721e-01
1.059945408166843572e+00,1.142222712890656577e+00,6.084087137989958372e+00,-2.394575366390100102e-01
7.037400762404637966e+00,5.601100186262647718e+00,1.292271857871798213e+00,3.789813361645805401e+01
1.028983920524872558e-01,2.314493426370807794e-01,1.667228440904093167e+00,2.370511776497950807e-02
3.984598847137734712e+00,4.089975027295686516e+00,2.847284486048730745e+00,4.727372286513712218e+00
2.490413249107051863e-01,2.466185376115322958e-01,2.173472591112182606e+00,5.059764146181819355e-02
1.867716392043105023e-01,1.209500622122788027e-01,1.794477759260497018e+00,2.202726562877529645e-02
7.016814710064124938e+00,1.250890836456855837e+00,2.097215269867733767e+00,7.588931225858740248e+00
6.506239867595963844e+00,5.128935656711386404e-01,2.905396740044680293e+00,7.808795650464813720e-01
1.128335297428474382e-01,9.436886738490366966e+00,5.164321278406459825e+00,-9.578968563645064993e-01
1.624441821787347084e+00,2.498265543361806618e+00,1.664528689547648543e+00,4.040472519663690143e+00
8.035985077102035135e+00,1.556552836290014119e-01,1.240437877028848002e+00,1.183205585144037064e+00
1.097990193476406251e+00,2.491374464361542640e-01,9.625294580983271286e-01,2.244863619345897621e-01
5.899633240298393311e+00,1.740762001874908704e-01,2.968266164117562056e+00,1.771139030217637744e-01
2.164024272810515459e+00,5.240327827271971106e-01,2.991785389098604586e+00,1.692496656696385327e-01
5.365786049695225879e-01,2.957620010197707372e-01,2.264707180164956757e+00,1.220004024423658462e-01
8.292545850084123149e-01,6.364977555237971707e+00,3.009046588633600194e+00,6.975562011066809287e-01
3.174138503874000428e+00,1.546512568939070187e+00,5.746102346025502960e+00,-2.511521437948315949e+00
1.074902519275016788e+00,2.050102745180005570e+00,3.402282222918443289e+00,-5.679866536103863606e-01
6.170040215225648383e-01,1.063273301378875102e+00,1.595688320487761214e+00,6.558406672984121721e-01
6.803256150443368178e+00,3.643435519393254385e-01,8.780366683102913683e-01,1.907343398105487253e+00
2.090648485306626780e-01,3.268617355811824776e-01,3.886560373703702886e+00,-4.632778502164743017e-02
1.080051736953631103e-01,5.007267414685838691e-01,2.762681077187464140e+00,2.000510312142763161e-02
4.404095957649198922e+00,9.151108480868080930e-01,6.219923451543983184e+00,-2.547901800958103369e-01
3.452831399044494987e+00,2.021477435889527108e+00,5.423378406148976261e+00,-5.288725804307360612e+00
5.408865185480586035e+00,4.480925952628428410e-01,2.735171043240072652e+00,9.581382273545013817e-01
2.844049199683261198e-01,1.772976918172939342e-01,4.044260493922189781e+00,-3.958222001732496914e-02
2.617875803867132145e+00,2.767585139589570642e-01,2.526037966286680980e+00,4.183458343137802515e-01
3.280508756345790755e-01,7.731214175535684241e+00,3.795606843532834063e+00,-1.542985347574635346e+00
1.703453175536574937e+00,6.368578297647279340e-01,1.077468662627429463e+00,9.555011369861767800e-01
1.792514901052499887e+00,1.488907762669604840e-01,3.084505665313769018e+00,1.522761142396111649e-02
1.563303649972812570e-01,2.077166836941072015e-01,3.621877432834180510e+00,-1.500329148727067193e-02
1.493380007046885838e-01,1.919134018811729514e-01,6.377431370327307780e-01,1.706367530819629871e-02
2.400204617456304312e+00,8.270061167515936340e-01,6.044613625722518258e+00,-4.690814790645415622e-01
4.875333358889786251e-01,8.475300222073007816e-01,9.470524960097014278e-01,3.353926918672656132e-01
1.853252014179180840e+00,4.615539094074708970e+00,2.576483773453769111e+00,4.580603416900609126e+00
1.436881844662537822e-01,2.939416425366782604e-01,6.474575957839830975e-01,2.547505063954129401e-02
2.845285085186463614e-01,5.351885647261665824e+00,1.987900222969040787e+00,1.392211428346326718e+00
1.584192751615779160e-01,1.648760094958056643e-01,3.023006010885149308e+00,3.090173665090666013e-03
1.269456531808999422e+00,8.222481783591900628e-01,2.449194888533913872e+00,6.663511754838682410e-01
3.227203711594173186e-01,9.827143133604518965e+00,4.076956372999648082e+00,-2.552405833364499887e+00
1.759273627407246798e-01,8.413018318644929217e-01,3.468602820431785805e+00,-4.754210891176336579e-02
3.334123989602823523e-01,2.560313574803125825e-01,2.970046102855040893e+00,1.457218635249532893e-02
3.759666807970446278e+00,3.391015816134516303e+00,6.032282789077166640e+00,-3.165322541751993679e+00
7.642087339681274960e-01,9.351107591506650607e+00,5.976762862612932992e+00,-2.155648263619476701e+00
6.735741247872282234e-01,6.098206029589496424e+00,3.629640626070286813e-01,1.458387777967852239e+00
5.992224751021086426e+00,2.361031848892006790e-01,1.519280638333342592e+00,1.412906440607315961e+00
6.736400834068153820e+00,2.537351159666285660e-01,5.660485445400840199e+00,-9.968932365708059740e-01
1.822823399318685145e-01,5.174520206881044748e-01,1.105856794398022869e+00,8.430992147705999862e-02
3.972625834518693777e-01,7.002537018898044030e-01,4.814349555515618384e+00,-2.767398491577596764e-01
4.302960890539793137e-01,1.044709933795560763e+00,1.579123432585138875e+00,4.495190132783145609e-01
1.596794980652952001e+00,2.856150725977112170e+00,3.474216449264082573e+00,-1.489174410541762139e+00
1.806859853455043963e-01,2.027655040573669964e+00,4.657136475980096613e+00,-3.658097586032225124e-01
2.046743376181579865e+00,3.494873537088822868e-01,4.050841992565193728e+00,-5.644109377603715449e-01
9.607432047208047665e-01,2.517915264246699536e+00,5.354836429909657802e+00,-1.936784234912046987e+00
7.877708266010460036e+00,2.843925518053579959e-01,6.128478946518814752e+00,-3.452172530114741567e-01
6.016587778067172820e-01,1.080531846093860104e-01,3.618241741070893802e+00,-2.982739678698504565e-02
1.265109067036517931e+00,5.478516703902004403e-01,4.230274787007238801e-01,2.845302112318029986e-01
8.032065013726070291e+00,7.138190079146433664e-01,4.684210483168447681e+00,-5.731164574844020976e+00
1.393323812787832239e-01,1.521097950799275289e-01,3.959549880923772247e-01,8.174233060656340560e-03
1.386384569366688746e+00,1.411895060442061700e+00,2.940671801657037676e+00,3.906476214661972479e-01
3.175408130638383009e-01,4.517015885292382515e-01,2.951708491047087879e+00,2.707241195999944908e-02
1.557311984036219066e+00,3.830632939886967403e+00,2.432947035131140190e+00,3.882377435671918064e+00
1.621123980484798777e+00,1.167675967785112956e+00,9.182803446477866283e-01,1.504057805711895623e+00
2.882257044194981299e-01,1.885617432911489977e-01,5.716552049353403220e+00,-2.917389243792905401e-02
5.590814370084509211e-01,1.564894159240790339e+00,5.071610116859076811e+00,-8.190589983271949759e-01
7.697945166022977403e+00,8.959030408854586014e+00,1.370762125113509811e+00,6.759092529495067936e+01
5.936658044820481983e+00,1.401236228978273379e+00,2.452225679671767189e+00,5.291074219856894523e+00
8.438055149902630170e-01,1.120506676154546799e+00,2.030303959154907467e+00,8.474149864614678451e-01
1.265120669904745254e+00,5.202542385143959613e+00,1.823761647930613461e-02,1.200304907500978485e-01
5.500619897181260320e+00,1.167646273036291094e+00,3.352537116858666622e+00,-1.344823939792351597e+00
2.565823475225649797e-01,1.415268917932830939e-01,9.027624414741428419e-03,3.278184001240038196e-04
4.561023362485880916e+00,2.140755335377601210e+00,2.196949828660593074e+00,7.911677242919675557e+00
3.290596591531218529e-01,1.092037036072132511e-01,2.829889311378946726e+00,1.102041505839067813e-02
5.374995626200465004e+00,4.220012588582608415e-01,6.165314466603662780e+00,-2.667424455623100266e-01
1.023423638062751939e+00,1.858430762192799235e-01,1.637264068313836862e+00,1.897762121717257444e-01
3.667872723850924555e+00,2.295445759419967757e+00,3.130416241253387799e+00,9.409675932494919459e-02
1.219704676896632201e+00,1.169812878598553763e+00,4.558051305629320815e+00,-1.409866360197687518e+00
1.955248346327197684e+00,3.698696540120832932e+00,3.390959672163134098e+00,-1.784757653476055861e+00
3.887787773587834117e+00,1.500278804664482601e+00,1.810052754987938828e+00,5.666616088593111833e+00
1.162219718509571065e+00,1.174228581800993293e-01,5.460995257383904899e+00,-9.998398226895000018e-02
3.236242172618186252e+00,1.940199162055330273e+00,2.564027152224721551e+00,3.428220841648059736e+00
1.739863168441477537e-01,2.483367464946565129e+00,5.665761923626616792e+00,-2.501420898470804732e-01
1.515864293166286680e+00,4.157701023212968527e-01,5.775143691931194923e+00,-3.065964283279331570e-01
8.363434303975571638e+00,1.808490458281608593e-01,1.363519311865680761e+00,1.480143523120673654e+00
2.328697824033322261e-01,1.259795339254067947e+00,2.301535657896645493e+00,2.184658213948172112e-01
2.250258951829198217e-01,1.288525971596794217e-01,2.238131073945181182e+00,2.277495193809522117e-02
1.475980981240725687e-01,1.088411022479327528e-01,6.169632304352338892e+00,-1.820281667014320712e-03
3.786309997848880116e-01,5.142401682079923431e-01,5.911764856995950446e+00,-7.066693769077130038e-02
4.506773919521572580e+00,1.317258887899500353e-01,1.567775052394132729e+00,5.936560906382557512e-01
3.215458380069946553e-01,2.168304899866394742e+00,3.804436195491589512e+00,-4.290353065459416304e-01
2.765804415294369711e+00,5.103421623253855621e+00,5.351637501455778434e+00,-1.132796596695766134e+01
4.392251393664923786e-01,7.869760999628489628e+00,2.635253193045740350e+00,1.676377819427803395e+00
1.471086346769737707e-01,1.887696668934840394e-01,3.436947334991208969e+00,-8.083166684978767419e-03
3.667179768239487436e-01,3.507033444259683996e+00,2.551638293631123489e+00,7.154828024237214201e-01
2.334360939265469059e-01,5.881906115500668442e+00,5.584672915490619616e+00,-8.829793588961960538e-01
1.791110648572846520e+00,6.184587807653607605e+00,1.158941240691510943e+00,1.015099651535295777e+01
5.344821282737882484e+00,6.419720193438860356e-01,4.547158055671977728e+00,-3.384493787197505821e+00
2.099567213820601186e+00,8.785155846073202213e+00,1.128162950770442929e+00,1.666742034833029606e+01
2.527436195519239259e-01,1.656317001955297519e-01,5.742458555331938719e+00,-2.154903246854419224e-02
2.477737517528440847e+00,1.011207752208926058e-01,3.099722030908970360e+00,1.048765040764283903e-02
1.639089642449231277e-01,2.054803046702807223e-01,2.282272343041277907e+00,2.550924447012536608e-02
6.692120100956878703e-01,2.271603348666361710e-01,5.603422680258312916e+00,-9.556006326088595237e-02
2.082844167307489336e-01,3.959651314843631309e-01,5.995581094196574590e+00,-2.339403706377257697e-02
1.444321802369751495e+00,1.588337239383255106e+00,1.164264740526956832e+00,2.107098448700025717e+00
8.992558175490710237e-01,1.093444023116612263e+00,1.082055187771298943e+00,8.681673207077539312e-01
2.736748474545696586e-01,2.587962207767119605e+00,2.364246144884261991e+00,4.967669796495330359e-01
1.856382062994505200e-01,5.641043706571475802e+00,5.843080579093165916e+00,-4.461401486439789954e-01
3.793000270468302459e-01,6.007801057113025145e+00,1.872183992736181413e+00,2.176045144629939809e+00
1.400585369402957692e-01,4.927510264335682177e-01,1.282254797286463743e+00,6.616094330680669100e-02
4.648031212258368683e+00,1.676314644103390761e-01,3.951467321348248962e+00,-5.642655632178991132e-01
1.675583760620386053e-01,1.276593449576733263e+00,4.549984476907882880e-01,9.400241568237033274e-02
9.798973239765619070e+00,1.848896298772498392e+00,4.850189374528002695e+00,-1.794554327936083382e+01
2.794526025695847959e+00,3.828194601312592038e+00,3.224003473924179075e-01,3.389595339985874034e+00
6.611947971833689319e-01,5.589407340310176275e-01,2.342736176250627356e+00,2.648177531086056136e-01
2.372903184073871796e-01,1.190509082652168177e-01,5.196622651868240794e+00,-2.500182352062099017e-02
3.639589533681746869e-01,1.784459647091971302e-01,1.984870398710335770e+00,5.945828651192758274e-02
4.559220905336488272e+00,1.364322580662441498e-01,3.284746048480652991e+00,-8.874114224775700444e-02
8.057116611116093452e+00,2.907395808362091660e+00,8.711613269641783619e-01,1.792210890833411341e+01
7.448435430028890192e-01,4.894273197699280153e+00,4.222912154020944442e+00,-3.217413158641970305e+00
5.587345583315548314e-01,9.714785072590709447e+00,5.293424427388496945e+00,-4.537225133329975790e+00
4.728854594861672034e+00,3.493126608852941128e-01,2.797141830691326270e+00,5.577959813296737845e-01
4.034549353421820195e-01,3.036817389458200900e+00,1.313068511685394069e-01,1.604177416912096199e-01
5.475260530290115391e+00,2.341624268803543241e-01,2.712008658120983906e+00,5.339853263971987563e-01
8.507571812931482569e-01,1.905093969583620428e+00,6.367034847134079856e-01,9.636271046529651940e-01
1.565647025017063432e-01,1.261260835007043335e+00,5.960373855104842633e+00,-6.264386636284099974e-02
7.699362081881339082e-01,2.210026150947014045e+00,6.881897667686747155e-01,1.080740992576108894e+00
3.924374858369095165e+00,2.622852800630298464e+00,2.832024161146082797e+00,3.135756000282713174e+00
3.475190932732521443e+00,1.162575694935493953e+00,8.010797493502536115e-01,2.901279965882617606e+00
3.392105645403320047e+00,7.913023173162888391e+00,3.767836554707447494e+00,-1.573213490207528942e+01
5.042650210212763495e-01,3.270625286144210331e-01,1.191219002692176732e+00,1.531869661006603767e-01
4.480247498963718655e-01,1.073177340193007145e+00,4.227097119279054738e+00,-4.252951296131639025e-01
4.466908596894056949e+00,2.532202664013253335e-01,3.329601861382867956e+00,-2.114088144252409540e-01
2.681826274340941119e+00,2.022457309566347006e-01,5.977562345800953914e+00,-1.631976498325128644e-01
3.623064762377637749e+00,2.011095743654169876e-01,3.719142124308097319e+00,-3.978135997895159148e-01
3.495909604412085203e-01,2.318189935122174195e+00,6.241218780810536160e+00,-3.400045642879868935e-02
5.515082150005620854e+00,1.487275842155861838e-01,1.964261214183852022e+00,7.575668197849294572e-01
3.388014244576919576e-01,7.028838840235191121e+00,6.111798555261389154e+00,-4.061419569096069715e-01
9.653540417825247744e+00,1.191785672817235797e+00,5.704545619430019698e+00,-6.291891885700847453e+00
1.819408137151622695e-01,5.353129554797317891e-01,4.909538524988171559e+00,-9.550862048057146003e-02
1.114910958308688915e+00,1.308358631680638373e+00,2.410821322611029327e+00,9.736031262193690639e-01
5.852196524119959165e+00,4.831137022480302079e+00,2.488661262973551391e+00,1.717619662821346793e+01
1.066748684654483803e+00,4.505600320159325101e+00,1.851638978293435711e+00,4.618041385095454032e+00
3.223996441015660519e+00,2.568740510899470308e+00,2.825774882887768680e+00,2.572217638517242388e+00
9.927720840137348901e+00,5.880222804638565393e+00,5.065227984558501539e+00,-5.478090812844234136e+01
1.010478406152847786e+00,4.424837984767233223e+00,1.511443044124133994e+00,4.463329941513307197e+00
2.842617423756690354e+00,9.330172916968518138e+00,5.170290961337036251e+00,-2.378985546814372043e+01
2.297478850013208618e+00,3.189456710634518966e-01,2.217243160707675909e+00,5.849190802963381008e-01
3.475292246124182416e+00,1.543385416236133123e+00,5.791918682270094543e+00,-2.530295689947093862e+00
3.880671035845387196e-01,6.160064764757794187e+00,5.314980357518981791e+00,-1.969475617785996002e+00
2.627407871541540541e-01,3.939785775490979081e+00,5.774918446890577428e+00,-5.037664723769094133e-01
6.826143036689218402e-01,1.400520258803800988e-01,3.107925064335906873e-01,2.923621236285466052e-02
1.686201484381193438e-01,3.589164653480797496e-01,2.132603305132058313e+00,5.121816948753524917e-02
1.789261039663084585e+00,1.326729471868932364e-01,5.696343992308222859e+00,-1.314488941607605543e-01
2.899523125552155189e+00,2.079241676068181999e+00,5.543277306142878835e+00,-4.064743643749085145e+00
7.556199212208092320e-01,2.926009236487470577e+00,1.668683756904626669e+00,2.200366715014670405e+00
3.189708926609766682e+00,1.179787847379193955e-01,3.833098601569202124e+00,-2.399771935412776391e-01
7.112940168450302414e-01,8.471552035142320136e+00,2.836594271932127986e-01,1.686434882384334921e+00
1.107939769828292675e+00,5.815151714557829976e+00,3.892918551478203870e+00,-4.397934627594779933e+00
1.114983854127854945e+00,3.910749097414699116e-01,6.055312976150824866e+00,-9.850427650544862912e-02
7.512435346634914746e-01,7.210101697721434943e-01,1.316309840789911645e+00,5.242090080434651522e-01
1.382211385463699926e+00,4.063781224456884944e-01,1.409158742354720939e+00,5.543787373049590128e-01
4.833520674482700841e+00,2.871859694951637287e-01,3.151609239592621403e+00,-1.390398405561415682e-02
5.355056586571519617e+00,1.920407309541817265e+00,6.416463558592931937e-01,6.155064022719184180e+00
6.917110906374015933e+00,3.325138629826151160e+00,4.107459876660476183e+00,-1.891876572515741373e+01
6.947334723850695504e+00,1.953724915767230119e-01,3.086518293589856299e+00,7.471564095610652712e-02
1.068792745973303759e+00,6.267512865549847989e-01,9.522130448921137247e-02,6.368928328276608763e-02
2.094347565450442872e+00,6.758315346787583389e-01,2.786509514491363859e+00,4.920988232127722628e-01
3.564096116951050330e+00,1.891447443030319420e+00,9.913190962732988387e-01,5.640776615170986830e+00
6.173375374686048689e-01,1.375334726128484064e+00,3.737133103775830634e+00,-4.762775179829207284e-01
4.625204765801836260e+00,7.273128733098603860e-01,4.453688031088787191e-01,1.449167531275191712e+00
1.313913820762774021e-01,9.595357595981869991e+00,1.834759447943867583e+00,1.217079485646815007e+00
8.260333845857525503e+00,1.324098488643176807e+00,9.816577465666838087e-01,9.093648524791928978e+00
1.214452272324155618e-01,8.607614881520513350e+00,5.143861915659217132e+00,-9.495478482050940805e-01
2.610085243347260997e-01,1.485819877504611197e+00,1.114194917635341842e+00,3.480827222549447431e-01
4.123897233449642208e+00,3.779506655172464868e-01,7.189403902249705824e-01,1.026494322625754130e+00
2.374579143825071181e+00,7.420951337415887750e+00,4.657521086001092492e+00,-1.759511808370260511e+01
9.878678629244010523e+00,1.374362398258174300e-01,3.848482847929310946e+00,-8.817809895166972556e-01
7.368906845047140663e-01,2.528267373526234540e-01,2.093085917896014170e+00,1.614672569072237163e-01
3.629892672502532225e+00,5.323887517976447548e+00,1.172776114624848320e+00,1.781449705255307236e+01
8.024451158255569538e+00,2.718826904746794448e-01,3.196652386563927362e-01,6.855994985486184579e-01
1.841113250955125347e-01,1.693115328369253048e+00,1.945768880141774737e+00,2.900625575642854503e-01
3.634146678876660541e+00,1.237862839121011138e-01,4.548543486721129625e+00,-4.438327185785900797e-01
1.880063040756219550e+00,7.489283782915060250e+00,1.820709020190131699e+00,1.364290649929254684e+01
3.305215150001971303e+00,5.423680765334120135e-01,4.295952469390653228e+00,-1.639437066517243302e+00
4.427783195379797476e-01,1.640914621003108920e-01,2.119694647331022974e+00,6.198294286011496457e-02
1.066744324195139759e+00,5.403678959004906801e+00,4.464232964123904246e+00,-5.587764616118604089e+00
8.598082223155588011e+00,9.359484610770589796e+00,4.042158485956726111e+00,-6.306544534495284182e+01
1.918190508047858400e-01,8.681087306593365582e+00,5.677646623859975428e+00,-9.478390891334805834e-01
2.327481427305472250e-01,5.747291503675152624e-01,2.156641357530139747e+00,1.114608242840504221e-01
2.650838736860811284e+00,1.287175270727987375e-01,3.472004263794330470e+00,-1.106993873273180717e-01
2.305761078556778088e-01,5.216295970291574546e-01,2.174900345797156742e+00,9.898795741295943196e-02
1.588242119878584324e+00,2.480353704710211993e+00,2.877388797278509269e+00,1.028738778517753971e+00
5.015994694501065609e+00,1.196906039761633511e-01,8.971784396923567773e-01,4.692291060586586404e-01
2.587369545085759004e+00,1.655805319133318854e+00,5.246893733383692471e+00,-3.686627167501586033e+00
2.966172703762087748e-01,3.589999981153912056e+00,3.969409080870198281e+00,-7.842195576897675879e-01
5.683300575862346715e-01,2.373284872583834471e+00,3.298607688128368132e+00,-2.109141761471173826e-01
2.152714771744562716e-01,8.214801747267308496e-01,3.528770993703617798e+00,-6.677121124582331702e-02
4.304993046494833830e-01,3.668349860890600111e-01,3.831917880823411338e+00,-1.005629626356399492e-01
5.057632307303497887e-01,7.432584312803730553e-01,4.125690922720020914e+00,-3.130501000379268817e-01
3.502308891859493012e-01,2.795964552859601104e-01,4.551966677351315660e+00,-9.666597143697769345e-02
9.857185684040860041e-01,4.922601552611249431e+00,3.467501947130815498e+00,-1.553562493568377167e+00
1.335809826177690063e+00,1.352645082733971549e+00,5.759441641805359557e-01,9.840735675930265547e-01
1.302879423588860996e+00,9.071813050370151288e+00,1.810820379777538180e+00,1.148064078562446433e+01
2.475385800169302708e-01,6.845186354257812855e-01,4.797139414469524965e+00,-1.688366050960280473e-01
5.890510135623075350e+00,1.147070655402170569e+00,1.584265961242833587e+00,6.756218381681566854e+00
6.054809903057638998e+00,5.958514596789222795e-01,6.102011100588501158e+00,-6.500644196601547131e-01
8.318828000993951921e-01,1.755063419727888263e+00,3.138150151064055482e+00,5.026068105612775325e-03
3.497399624063560974e+00,3.201939543710701663e+00,4.812904219483903567e+00,-1.114193898400182192e+01
9.576843755154235138e-01,3.077495160010726760e+00,3.082380240304766428e+00,1.744129516936361590e-01
6.650932234633978979e+00,1.021469725276241025e+00,4.253334603095763611e-01,2.803258129273460408e+00
1.368913502246860370e+00,1.907097447911224597e-01,3.611344609307569176e+00,-1.181750858247387903e-01
1.521648430247918737e+00,1.507927663479195823e+00,5.637579349919480620e+00,-1.380582124744683670e+00
9.439392661046426269e-01,3.056256761206326833e-01,4.210473387632747144e-01,1.179114840667855046e-01
1.029523062516651155e+00,1.283756145562801043e+00,2.646787918119861249e+00,6.276015895778079834e-01
1.289131528457236442e+00,3.177557516900918255e+00,7.487497504489275535e-01,2.788440307891100201e+00
6.340164124237425369e+00,2.999283540278555593e-01,6.098279590782730963e+00,-3.496155751584011928e-01
2.463871044423428192e+00,9.783148894221946890e-01,2.573989765604664637e+00,1.295883288705353742e+00
1.163418645464381340e+00,6.385691914703289784e-01,4.950605533479162546e+00,-7.219434170419566366e-01
1.567987834457696406e-01,4.832242427225387216e-01,1.397536742630870465e+00,7.463456546706663530e-02
2.956673989653633150e-01,7.309164759217122942e+00,5.698195165943794827e+00,-1.193330235319285615e+00
7.220149451344759495e-01,1.938765436497039973e-01,3.239571321531400372e+00,-1.369329316029320107e-02
1.354340201232649699e-01,2.990292660090743682e-01,3.367598226526538951e+00,-9.075218939259794421e-03
2.860971950158141541e-01,2.250629527934480123e+00,3.320855466502742326e-01,2.099208830789854596e-01
7.059915621332897295e-01,3.373460992629026545e-01,5.582771822659093885e+00,-1.535044450808049354e-01
4.259979113145045737e+00,3.849290048122610663e+00,8.947718229626345776e-01,1.279144596264886680e+01
1.078361134527359155e+00,1.128454369311428507e-01,5.326292765900614512e+00,-9.946854055489846858e-02
4.203927102990100195e+00,6.577378925741992344e-01,5.312783752070335375e+00,-2.281504251168303909e+00
1.085338365554264772e-01,2.211658151254714544e-01,3.763400067102183666e+00,-1.398244054116629283e-02
3.028197191863472582e-01,9.474664418209240324e+00,3.139502587237677389e+00,5.996636812614020845e-03
4.899217407838807326e-01,8.453718793660877751e+00,1.873858500604136668e-01,7.715547057922210739e-01
1.494327566895221837e+00,4.719962297980213606e-01,3.182406917868568108e+00,-2.877900194311196896e-02
1.736116841549113776e-01,3.692962955589612850e+00,7.654248621191173108e-01,4.442106848229100402e-01
3.917966672528935490e+00,3.675694144587686729e+00,3.122956661972418058e+00,2.683659867403085930e-01
5.195574678311918326e+00,1.835404057111470200e-01,6.097710975197784933e+00,-1.758556091236015417e-01
1.024550147370962616e+00,2.145665335142472596e-01,3.349793218635565673e+00,-4.543964898908003924e-02
8.985623307856858588e+00,7.304828978579537280e-01,1.377969931434369855e+00,6.442193301954673323e+00
8.352281981234142005e-01,1.051503585510178862e+00,3.094330728561993649e-01,2.674421468889439657e-01
1.074385255931601946e-01,2.619484752877181410e-01,5.763861433001729040e+00,-1.396735913582169454e-02
9.830452512889761962e+00,3.670980781619358480e-01,2.968032288734036239e+00,6.231944707771162051e-01
1.437372743984975665e-01,7.166592720787175352e+00,6.156571288645502626e+00,-1.300777245441150920e-01
1.475557682460917341e-01,1.979755719160630756e+00,2.561166616142649843e+00,1.601952388118772497e-01
1.234115697252091276e-01,4.695437166551019281e+00,5.417688497486261134e+00,-4.412195205596733394e-01
9.714379021657535418e-01,1.623382541969483617e-01,7.050300238598737890e-01,1.021995344563134123e-01
1.337546450102433115e-01,2.108007942922015265e-01,5.926172831781927108e+00,-9.853698749463615444e-03
1.783448198269767415e+00,1.889870335880617258e+00,3.545172397148945276e+00,-1.323633615649619344e+00
1.908219670326380069e+00,1.200374890035552644e-01,6.223638163103644594e+00,-1.363168428905674884e-02
1.561166147213350675e+00,7.898192474010545361e+00,2.378360288492290309e+00,8.523515461985587294e+00
2.894790177926871433e-01,3.744824193117161304e+00,7.305005436924076889e-01,7.233229646191424722e-01
6.710455801074285409e-01,4.047042825793252807e-01,1.082222009162438603e+00,2.398015370052225814e-01
3.947754647517276450e-01,1.325646784441485870e+00,5.444562846134925138e+00,-3.892146367838588694e-01
3.350180942097369829e+00,2.966277779914419988e+00,4.630294707660945974e+00,-9.904099123659509729e+00
8.376000691857679925e+00,6.554405334329730159e+00,3.018982953920956724e+00,6.714383576953587784e+00
8.027132354427153338e-01,2.138477049619072479e-01,1.723860409566116969e+00,1.696514470962851295e-01
2.778165746774872158e+00,1.678434704624090223e-01,1.266455286432317529e+00,4.448681285791008522e-01
3.909134516442034801e+00,1.626646876043913725e-01,4.977933996852746290e+00,-6.135903696573506982e-01
3.091821603227570825e-01,2.938203254565826539e-01,6.235714246293349028e+00,-4.310841688977326731e-03
4.757510912850452023e+00,2.086425023347362462e-01,5.167127162925794437e+00,-8.917451262222246822e-01
3.812330524588175007e-01,2.711121353251189969e+00,5.914543264634074760e+00,-3.724456198209754043e-01
4.706746207274400184e+00,1.311844655560695516e-01,3.434135691542511415e-01,2.078981219007718373e-01
1.326912195936435224e-01,2.729211461035659703e+00,4.429993187591596993e+00,-3.477981505757035130e-01
1.988840401178348705e+00,2.282659887673835986e+00,3.470692954697752519e+00,-1.467240813560398704e+00
1.462524369331283047e+00,1.133007134480432804e-01,4.419738972084076956e+00,-1.586597289290282708e-01
1.375903965355959047e+00,7.851333800395802420e+00,5.618272021508141201e+00,-6.665155992653069461e+00
7.691822727132301196e+00,8.302189292682344846e-01,4.206324557559406152e+00,-5.585482153760042756e+00
4.799285105328162104e-01,7.488624468516354993e-01,6.814276574159493505e-01,2.263872313574948614e-01
2.658065822746476847e+00,5.681162929510258586e+00,4.530579738965080594e+00,-1.485201454273136967e+01
2.589651690217710023e+00,2.330498237634546221e+00,3.842329105211273799e+00,-3.891367240316335518e+00
7.833411432754729953e-01,7.406169178817597620e-01,4.197417270721706117e+00,-5.049133699536811903e-01
9.691516845753943343e+00,1.108820762623957679e+00,4.989964446318094105e+00,-1.033482072368498805e+01
4.301651103794614350e+00,8.192364287125067923e-01,4.664429906817892046e+00,-3.520017256746284851e+00
5.600560695272135403e-01,1.254391561507384456e-01,4.094914829330693173e+00,-5.728029251565833202e-02
7.401259614907710338e-01,1.321704986866792275e+00,4.793805132083458709e+00,-9.749878280877354308e-01
9.498554238743134093e+00,1.188212070958776095e-01,3.514584266765104381e+00,-4.112760102369034665e-01
5.503998375360598105e-01,4.126621390080071339e-01,2.669167647360372264e+00,1.033544516975701544e-01
1.445283308410610923e+00,4.651244985030737467e-01,5.129015385303317132e+00,-6.147331189399491969e-01
3.716847364974273371e-01,1.309017840246465003e-01,2.692581205130759603e+00,2.111957865995024372e-02
2.606119314861742087e+00,5.009373914854100995e+00,4.134142946446564437e+00,-1.093257362710052583e+01
8.906756113753352411e-01,2.752656007557614526e-01,4.345770963921807173e+00,-2.288794255032234326e-01
3.366305501534592737e-01,1.190128860542363887e+00,7.630409315819581817e-01,2.768869603919985045e-01
2.595506308300289167e+00,3.133786586621961079e-01,4.054550175201022455e+00,-6.436372217388898198e-01
3.534098882846056222e-01,1.644453655029735950e+00,5.104690591922793175e+00,-5.370158970215851424e-01
4.451478685472777919e+00,2.331592771812074638e-01,6.282944037256691594e+00,-2.504149077009256178e-04
8.094268398766034878e+00,3.035515167442935924e-01,5.897717470516200322e+00,-9.238243500682541409e-01
2.200268006338514937e+00,1.647529075279917654e+00,2.889654110387678276e+00,9.036477972810874615e-01
2.072354076847974236e-01,1.626856108162029635e+00,4.216130622829337149e+00,-2.964728120906568454e-01
4.777638366729394237e-01,7.449957312713900714e-01,3.129939627038061722e+00,4.147591396101085910e-03
3.142534679254131436e-01,9.091214230167540267e-01,7.358952731933902092e-01,1.917727670576560295e-01
2.761730482588201085e-01,3.080843835175836265e+00,3.611179345711315936e+00,-3.850229363638375535e-01
1.217660214756617343e-01,1.848557581793789817e+00,6.205875270202467320e+00,-1.738450287163748401e-02
6.205013609574675293e+00,1.633489797898458606e-01,4.994271179614636402e+00,-9.735801642991539495e-01
1.568892541351086523e-01,3.161459654387714036e+00,6.322095512518230986e-01,2.931000704233752141e-01
6.795791647513828027e-01,5.574723784013960071e+00,6.281516401433647978e+00,-6.322589962427152717e-03
5.670366757002207603e-01,4.002353979461891420e+00,3.471205577672495490e+00,-7.345785397122194249e-01
3.705305050834856395e+00,8.436979529520311161e+00,4.571060602026589592e+00,-3.094989727278053593e+01
3.507388377589541140e+00,6.009029420743269512e+00,4.174449796121676215e+00,-1.809936057956557676e+01
5.828704234259720174e+00,7.211689592429616269e+00,1.471842180548271095e+00,4.182917274944731645e+01
1.340464470010889197e-01,2.263965114260075295e-01,2.339563136670248955e+00,2.181293615982486667e-02
4.797638192808365565e-01,1.024222151890173543e-01,2.477932348949271280e+00,3.026951323180069459e-02
1.162505368456842492e+00,4.930014313852990604e-01,5.591401970256365317e+00,-3.655978391987286802e-01
8.021849431324543644e+00,4.142138826686683206e-01,2.373212865653765213e+00,2.309223336983360131e+00
5.890010431779783673e+00,2.418559158163872402e-01,2.364081375309043054e+00,9.993218714548758319e-01
1.249896658862058585e+00,4.105259839730028282e-01,4.901613002871016533e+00,-5.039562032742953557e-01
1.630789445488884049e+00,3.974384965382370627e+00,2.276214012443641632e+00,4.934542952680411432e+00
2.791788115978356966e-01,2.287223048058989683e+00,7.235496577795071937e-01,4.227476628246623624e-01
4.239571353151305177e-01,7.074231888157599402e-01,5.250962346089568022e+00,-2.574612302809621833e-01
8.045290359600928420e-01,3.903675863145861680e+00,6.032284820779202583e+00,-7.797418181055553177e-01
3.140407763763617965e-01,8.559545026863494277e-01,1.025484371810015727e+00,2.298186804119372595e-01
3.563962385050966741e+00,1.444493280859534268e-01,2.152500183123553068e+00,4.301396535708310598e-01
1.602966458180281328e-01,1.142653043748274921e+00,2.918799381745965649e-01,5.270586123579863030e-02
3.780013856436379438e+00,2.898110275774480993e+00,4.830908122949390204e+00,-1.087804646848567813e+01
9.300013028139019866e+00,4.630819577537438891e-01,2.411353757531762732e+00,2.872752865219038831e+00
6.306082502301156190e+00,1.112323032087140645e-01,2.357236143494430891e+00,4.954761160606510617e-01
1.143913128872708906e-01,1.602402705045888054e-01,7.855216175749218932e-02,1.438388267047339616e-03
2.391857646268623627e-01,5.969275536831479823e-01,2.772700266778771017e+00,5.148274122819147813e-02
4.953960627225701407e-01,6.501844253336240165e+00,3.536411937380240733e+00,-1.238925292745807649e+00
1.117701719580494329e-01,2.029194315272575100e+00,5.241336789185737643e+00,-1.958081074298309576e-01
3.141939632349235456e+00,1.437434838551259197e-01,9.780479394556911288e-01,3.745885145117963666e-01
2.698827909734659247e+00,4.331723474027068810e-01,3.383527257213021056e+00,-2.800843848010078907e-01
2.962732055297412903e-01,5.418310691044236904e+00,2.672895673623075119e+00,7.251529350615756320e-01
3.779188430787032149e-01,5.621063208610904915e+00,6.222216667001903012e+00,-1.294358060871920735e-01
6.286872384120598678e-01,3.890239984638706794e+00,1.175007942036283559e+00,2.256670840293574898e+00
5.461775296896509424e+00,2.833175063443149622e+00,5.356938260781339167e+00,-1.236959391149472154e+01
2.283234585732345778e-01,2.967281000659233170e-01,3.990121642324247819e+00,-5.083340735604691824e-02
5.738060166099061554e-01,2.813350502087523242e-01,5.696467464452810603e+00,-8.937357827846194314e-02
5.769542311378778265e+00,2.846123421970164546e+00,1.507037659073580560e+00,1.638746409882173083e+01
8.308202004196446611e-01,7.397746604158099260e+00,1.534542341884055083e-01,9.394627378551200225e-01
2.809829383713498885e+00,1.335853443005313279e+00,1.287473494460059431e+00,3.603874351296002754e+00
2.833089117377514565e+00,3.340798684346328429e+00,5.079904500057800476e+00,-8.832749748872132045e+00
1.923115669350736190e-01,1.440482636774302660e+00,4.039575613351279237e+00,-2.166506002384600560e-01
2.366010089711621245e-01,1.562964880085598640e+00,5.096258944045470862e+00,-3.428859184563062823e-01
6.302824154480517471e+00,1.118851153986017533e+00,1.783966563613186951e+00,6.892302765796115338e+00
4.653000778476468646e+00,1.364440671911074210e+00,1.141333224588039652e+00,5.772210527780226030e+00
6.120130201479801357e+00,1.643989462590962070e-01,3.135105823308534934e+00,6.526632822298032710e-03
1.367271991240693596e-01,1.181231662792701920e-01,5.885017220150647432e+00,-6.262097637383241128e-03
8.385747867334426786e+00,2.602211769392352103e+00,4.761340655076478079e+00,-2.179535196159858756e+01
9.543177687689370359e-01,7.633447339538539822e+00,3.131286281156486773e+00,7.507785698386526541e-02
2.271885581803740006e+00,2.504974901710891877e-01,4.053829974979153761e+00,-4.500882047768666183e-01
4.482316433736749373e-01,5.936291681911510798e-01,2.818406022991892801e+00,8.450537226045902461e-02
6.093788312179096778e+00,2.511483319075247689e+00,1.738835711707831244e+00,1.508887802844062698e+01
6.299156627475461789e-01,1.786232661157335144e+00,2.773207722108880890e+00,4.051861912192885606e-01
6.447663281812917369e+00,6.908511996633468044e+00,2.186222567484420676e+00,3.637120203634355420e+01
5.004842893726187292e+00,3.203147853830115577e-01,5.171117885041215390e-01,7.925395967270172370e-01
7.298918298014847039e-01,1.887626535615520573e-01,3.130814431120435337e+00,1.484955061332739277e-03
4.801128207676418569e+00,1.140527467266703177e-01,3.361641758691447990e+00,-1.195248236223701299e-01
8.428742268470664767e-01,1.868753138478772557e-01,3.358415442003879647e+00,-3.388530783110263456e-02
4.465125680661806706e-01,1.026384193054618171e-01,1.090873118819711607e+00,4.065202064016915084e-02
1.424619506595855012e-01,1.112676049369093700e+00,2.930708094389131713e+00,3.318093433352183735e-02
7.259098100740348336e+00,2.517287372847335281e+00,4.859659379549873925e+00,-1.807543369613805595e+01
3.858338139462630600e+00,7.770609151604396025e+00,2.185188509641308396e+00,2.449871512749458802e+01
1.149897990441450357e+00,1.838333365934988972e+00,4.612551189180618572e+00,-2.103369373456223101e+00
3.561411739080045380e-01,3.646347278755815324e+00,6.472971576841537455e-01,7.831066998329370143e-01
1.270563434631103994e-01,3.816925433890270725e+00,6.224547127890924791e+00,-2.842114659398624343e-02
8.199403171115218214e+00,1.639170473309187859e+00,5.684987480473331800e+00,-7.568915558837577606e+00
2.362163076252282501e+00,1.943262468818215127e-01,4.363024985450916660e+00,-4.313005445066054877e-01
3.887463024872229500e+00,3.994180232968551625e+00,3.827314398114246341e+00,-9.832334196657070535e+00
1.082865457253651270e-01,3.805003827153196738e+00,6.330966330086935656e-01,2.437755425363826722e-01
3.803138295785198686e+00,3.229464516076225422e+00,6.249190702549161536e+00,-4.174447265115950323e-01
1.252919182002605325e+00,3.779688368119452080e-01,4.554420744981370284e+00,-4.676680282293638191e-01
1.689789062742385328e-01,4.402394643131650298e+00,2.583013822496814882e+00,3.942595600164792158e-01
1.997108107577453273e-01,4.254970934219348244e+00,1.684375317267013283e+00,8.442885293920133760e-01
6.932252393553960168e+00,3.226887213238634478e-01,3.532853774033003269e+00,-8.530747094728233781e-01
5.663881758357115714e+00,1.848694547006556110e+00,4.725337707413204136e+00,-1.046990951782673207e+01
2.708269945121894451e-01,1.299530307998331136e+00,7.968078327084382462e-01,2.516879421983984066e-01
3.803210594304781145e-01,6.262970673458226223e+00,9.216332729135692237e-01,1.897429366083995150e+00
7.551063647298545956e-01,4.371717533315644388e-01,1.262791956028229023e+00,3.145762924814089478e-01
2.289114618583442784e+00,2.666756133374980631e-01,4.438427995384723879e+00,-5.876853838599913615e-01
1.087259342481487895e-01,3.229684359356171930e-01,1.610095919297075406e+00,3.508793156413495679e-02
4.909584560124314656e+00,6.763082599201590384e+00,3.334118734218527447e-01,1.086661273220449075e+01
1.574239723004551561e-01,2.158990718691287392e-01,3.093540440063255126e+00,1.632555278471030250e-03
3.462001421125052714e-01,2.195621776351315724e+00,3.389993792000901784e+00,-1.868800363326296454e-01
3.119104460286764358e+00,2.835046314024514680e-01,4.513102642617360938e-01,3.856745308839199526e-01
8.934810797355379197e-01,5.375655865596492555e-01,2.849422531200052067e+00,1.383426646866397214e-01
6.203762205187072887e+00,1.980910087443754408e+00,1.987363684588127899e-01,2.426245016511943575e+00
1.158465667348467232e+00,4.647437800852548540e-01,5.494706264808606466e-01,2.811664105517540091e-01
2.441985200025423186e+00,1.446534463254088854e-01,1.039120925418597352e+00,3.044797154874734901e-01
3.199094480490822345e+00,1.742599923222810931e-01,2.489856343033483022e-01,1.373733451577327236e-01
3.328988874073789406e-01,4.007968125547614946e+00,4.981309870112947458e+00,-1.286292807363054402e+00
8.514333311944224381e-01,4.074343324721352855e-01,4.054614579373010841e+00,-2.745234985078605083e-01
2.018279226062491105e+00,4.361675612255248247e+00,5.582843424041228353e+00,-5.673400929923473335e+00
7.769042364494654906e-01,7.613439630534994951e-01,3.647983308737781982e+00,-2.868875231587565966e-01
3.529433155238088649e-01,2.260328282911769460e+00,1.593876397081140484e+00,7.975552864634064543e-01
1.398888414278756098e+00,7.780934367860281586e-01,1.508000730930779243e+00,1.086320532438113995e+00
5.856546930793822270e-01,3.894993319939000109e+00,4.787431725488032086e+00,-2.274701162735271787e+00
2.352378412318025247e-01,1.482235198652427921e-01,2.245406842395534674e+00,2.723000319278642486e-02
9.222384806168573590e+00,6.149719643551457615e+00,2.018852489119447480e+00,5.111678657316726770e+01
1.309415872901863009e+00,4.027897748669267419e-01,2.630395486560760165e+00,2.580249879828731552e-01
1.105075888746213514e-01,2.190206269616381540e-01,4.845750507677681895e+00,-2.398852751200730368e-02
6.134407758181916748e-01,1.684935691910976752e-01,3.101673276034647930e+00,4.125004054691449110e-03
1.243033508657643615e+00,9.688356828659072661e+00,4.560669297613622497e+00,-1.190461033220985954e+01
1.065388851658639335e-01,1.006804436292544791e+00,2.761997602614199021e+00,3.974600619864858408e-02
4.785975013022419899e-01,5.009567786304524262e+00,6.210989413098764622e+00,-1.729441367804503416e-01
2.443330982753069591e+00,2.306545208566709970e+00,9.772660681463160026e-01,4.671795504380884090e+00
1.491164935850962880e+00,9.329198918627976678e-01,4.619338076993043884e+00,-1.385119213676393901e+00
3.497862512995187689e+00,9.045719983438071932e-01,4.981014411601342395e+00,-3.050594313400380120e+00
1.740203230671452550e+00,3.945358060237009301e+00,1.735520805587991600e+00,6.772787458799562899e+00
6.211365600762192685e+00,6.584438942737339318e+00,8.366541399713761651e-01,3.036317453793516918e+01
4.073239858676203640e-01,1.135875769101039046e+00,6.140871150259413547e+00,-6.562237575180164539e-02
2.608191765066517842e+00,1.208373809880889244e-01,2.603786948820847158e+00,1.614451751004663815e-01
2.187108478173649839e+00,3.149687848479935659e-01,1.731650772213993772e+00,6.799781235591710882e-01
8.965446639162550913e-01,1.991798882703383622e-01,2.905811425957395056e+00,4.171528506966085820e-02
3.310565202042697885e-01,8.866809753766407454e+00,4.130618799923353457e+00,-2.452513666582187390e+00
5.874785900476980238e+00,8.136434984858084363e+00,7.083272107089847447e-01,3.109685127275545113e+01
1.464178599817958171e+00,6.996785464695295609e+00,3.131561365089425841e+00,1.027642483614404911e-01
3.971852493561325748e+00,2.728185844619284595e+00,2.816810064288677307e+00,3.457781990383857362e+00
3.980503897717471706e-01,1.144336928614952509e+00,5.085285742222456662e+00,-4.241996843216247481e-01
4.917107575927579077e+00,1.121564841158622511e-01,1.563009825276671538e+00,5.514687796457835578e-01
5.566116530143382590e+00,1.335891640993807306e+00,4.902817922044842014e+00,-7.301313886791528596e+00
9.282568479632621106e+00,1.642697536451303009e+00,2.462244268588860141e-01,3.716718849516709611e+00
4.312834434262515781e-01,1.546076316686445240e-01,4.741409121979490493e+00,-6.665163595613465830e-02
9.018436527447605044e+00,1.119119270538325717e-01,1.035799752496006310e+00,8.682456076692656177e-01
7.412312059416167997e+00,7.616565042497323024e-01,1.892002558242212862e+00,5.356891277431103937e+00
1.570385566149373080e+00,1.690273899384739931e+00,5.555628957493334852e+00,-1.765287813219254431e+00
1.116576252050378165e-01,3.881948792902468526e+00,9.362204744711152271e-01,3.490666915974751650e-01
2.421197115494561902e-01,1.128332209622161297e+00,2.790933569659557634e+00,9.384587521414947120e-02
3.803564483720578870e+00,5.309745862767554225e-01,3.368003694703581186e+00,-4.533621875099020926e-01
4.891964166559480631e+00,1.212977489936783781e+00,1.251314783608077352e+00,5.633580374634583166e+00
7.734643713205077376e+00,4.316492660901373180e-01,5.477193714040716976e+00,-2.408897012816279659e+00
3.317890407225454918e+00,1.815576962139534845e-01,1.118919378698486566e+00,5.419262642721032197e-01
1.246867370771484795e+00,7.461553420650684387e+00,1.562765635598283520e+00,9.303267494247455360e+00
4.985493550779589000e+00,2.136213730074270067e+00,5.188220446042899781e+00,-9.466985342437544304e+00
3.208558092159061736e-01,3.745992253582442366e+00,4.979024951461552995e+00,-1.159450689312690352e+00
1.204748601189704171e+00,1.710764720886556178e+00,3.410518722915613365e-02,7.027857688745647868e-02
1.319527063888954688e+00,1.702351645784504486e-01,1.553196969063231347e-01,3.474933810810178214e-02
1.242371428521319016e-01,2.255475936024098349e-01,2.976674324507402769e+00,4.600320930348873218e-03
2.393761914731504792e-01,5.650004327427090800e+00,6.283019487672715897e+00,-2.242669881923555375e-04
1.735275348035006937e+00,4.716250996684075436e-01,2.384658872347049652e+00,5.619913585473722550e-01
7.706241206072765415e+00,7.610475729189457583e-01,1.022504838554792794e+00,5.005129681299028910e+00
6.832298454014804179e+00,2.400836198973120617e+00,3.494812033799029383e+00,-5.674208792539046975e+00
4.162798812220724010e+00,4.950927856498587687e+00,6.081416032743888422e+00,-4.130249565161834724e+00
7.306162198314374301e+00,4.539618809526218435e+00,2.515073078480154045e+00,1.944688335600034179e+01
4.432932800601315226e-01,1.543484385471174614e+00,1.266595989597169458e+00,6.528016850516157321e-01
3.816977173789555700e+00,1.103734220221280482e-01,1.314577978482561305e+00,4.075398352858967121e-01
8.428385754159132270e-01,3.208934229874513822e+00,4.547122301846565406e+00,-2.667761890788881818e+00
1.544534400009857089e-01,1.987907474020239151e+00,9.368058312155660983e-02,2.872155304531215717e-02
1.183594989069971792e-01,1.461533075261802483e-01,5.963798413780159180e+00,-5.431502724498158893e-03
2.286281998019096817e-01,2.412242878693331427e+00,1.536597198791680219e+00,5.511842625447095356e-01
1.939465721235855977e-01,3.375488868223404659e-01,5.345109790485387258e+00,-5.279355690528533818e-02
3.453550381242850520e+00,6.593165454873870068e+00,2.416201967115284344e+00,1.510613807660089591e+01
1.178325031800307177e-01,7.697283578319340513e-01,2.377888604906251313e+00,6.272758141338277693e-02
4.280024014276863631e-01,5.986077787684852547e-01,2.853430905516618488e+00,7.281112390989730176e-02
1.448279970814979056e-01,2.961903949470283681e+00,5.574556340431223944e+00,-2.791686511765031353e-01
2.944969356776015457e-01,4.951946985572674431e-01,5.332443908259914878e+00,-1.186859440071847682e-01
8.734561367811006782e-01,3.533119670249633137e-01,3.805792195998587868e+00,-1.902315468821053068e-01
5.877426555869553759e+00,4.557185530497289139e-01,4.819694525224607951e+00,-2.663046623793358325e+00
6.998433527012440925e-01,2.309205272449904311e-01,3.474050662205826701e+00,-5.274365117073899489e-02
1.914077904010171860e-01,3.914050208521790419e-01,5.476609253283544199e-01,3.900916393825650669e-02
4.735871795549892127e+00,2.816209147815101677e+00,1.699379793359709012e+00,1.322710057294626296e+01
1.025994340873569582e-01,8.393612388574130945e-01,5.366053397689247717e+00,-6.836569519503701842e-02
5.767471649125536004e+00,1.073727393675830477e+00,2.533843168217452924e+00,3.536159710783139953e+00
1.882172761945609896e+00,9.987957513332659687e+00,7.708208224111551266e-01,1.309776266624045959e+01
2.390342953612537014e-01,9.687106322233686839e+00,2.259942552323920051e+00,1.787116955110308325e+00
1.691622891494933278e-01,2.425897915460485665e-01,4.455104323233451957e+00,-3.968628865997612248e-02
7.361507431918528965e+00,1.195300687013186175e-01,1.751775304767580144e+00,8.655505720347058674e-01
2.449393362153205467e-01,3.758518850686442536e-01,2.669420191244219476e-01,2.428410345910463411e-02
3.030373676088654045e-01,1.805883535832374931e-01,2.400431212220905497e+00,3.694733106115658666e-02
5.274762654750076329e+00,9.479406929050988140e+00,5.435505331723754496e-01,2.585974207177587658e+01
4.940105636858266314e-01,2.498998873848436997e-01,3.333022911549589296e+00,-2.348860043803030484e-02
5.367989691524295282e-01,2.950511572143938110e+00,3.182044573811312560e+00,-6.405155645011416377e-02
2.189349941792906318e+00,4.179094251986353870e-01,2.943123046754447358e+00,1.803999653110598678e-01
6.556640418225264888e+00,1.830277584883524822e-01,4.881915265398784953e+00,-1.182844282997558727e+00
1.287291904236687878e-01,1.507411684703051924e-01,5.252943225745749345e+00,-1.663812352979891426e-02
4.132492192914129170e+00,5.048502837879337513e+00,4.900944963695524237e+00,-2.049312301773771594e+01
1.764054316005008394e+00,2.709326255430128394e-01,2.101937906724108185e+00,4.120938059558866273e-01
5.140908794589310382e+00,2.696580974433507860e-01,4.371024635463300889e+00,-1.306297217305146585e+00
6.718567503802832519e-01,1.887595391596716132e-01,2.279528928235163399e+00,9.627966820663790004e-02
7.307136803929999758e+00,4.009245270010401541e+00,3.940538109745006956e+00,-2.099420264973194250e+01
1.058099631511002059e+00,6.902442439558039711e-01,2.796836518492853974e-01,2.016135124871660800e-01
2.147455819233919705e+00,3.047799098315292499e-01,3.246477602862333445e+00,-6.852155118016782509e-02
8.565579377507059888e-01,5.962281457380515626e+00,3.748098439251478009e+00,-2.911012228521536294e+00
2.690417752831479881e+00,1.641725620186141044e-01,2.626880146475312205e+00,2.174385626120803050e-01
2.993417782298044116e+00,1.420268981413616294e-01,6.197395399813513173e+00,-3.642849897481180432e-02
1.001931779934260303e-01,1.030168262437841376e-01,1.160311581207348786e+00,9.464143393789464093e-03
1.964493659358010236e+00,8.461469276787109139e-01,2.303511953310701355e+00,1.235651507568017227e+00
1.693600412030103197e-01,9.701465197574997035e+00,3.032056297294334901e-01,4.905809160088859811e-01
1.152457493085631141e-01,6.619054459211757280e-01,4.416928322779863691e+00,-7.297635493824179698e-02
5.631210986894200410e+00,7.510902407620979604e-01,2.462451220077322755e+00,2.656685418772898100e+00
1.445821208004842429e-01,3.291569917044666616e-01,3.896874673966316927e+00,-3.262280885489136223e-02
2.240368333265782219e+00,7.972466655335769259e-01,1.866243044671490880e-01,3.314029923527018751e-01
1.677040851798047016e-01,4.651462182886648700e-01,3.666861128442899798e+00,-3.911620424684935510e-02
6.581016363709841777e-01,1.123272756628572039e-01,1.499981545495727930e+00,7.373748989611883520e-02
4.281512993136372458e+00,7.791255439305059260e-01,4.864205250909352962e+00,-3.297467442787279435e+00
1.384670343162067163e-01,5.756166071928061623e-01,1.164384323413210520e+00,7.321165131755667799e-02
1.776657682570443597e-01,1.235445102633347808e-01,6.005934643502482295e+00,-6.007884741253923487e-03
1.489751728540872899e-01,2.382726024203822401e+00,3.600189559818985252e+00,-1.571405014247755638e-01
4.402719263280028827e-01,1.060029741806123443e-01,1.574289544790697715e+00,4.666984889145309873e-02
2.530567030229847192e-01,5.133985974561581234e-01,1.368977985435525291e+00,1.272820834827641800e-01
1.718885559826040244e-01,2.767900159364577561e+00,1.217889580758724888e+00,4.464495994324263473e-01
2.998767213086773964e+00,1.003803660025609640e-01,3.634342614540118088e+00,-1.423964040596425173e-01
1.248550446789330332e-01,1.415648720003165106e+00,2.412259404953193798e+00,1.177819534516237332e-01
1.206112911451525521e-01,1.037733640887240766e-01,4.342739783668490894e+00,-1.167081932453357430e-02
1.409463484037837055e+00,2.337486436608189055e-01,3.520442375651669398e+00,-1.218515062350287170e-01
2.912981399559287365e-01,1.672434198464406663e+00,5.809373400265801735e+00,-2.222898694492493055e-01
1.856739913933163344e-01,9.663710364862605484e-01,4.406613475357499254e+00,-1.711068908015188628e-01
1.369840231628246252e-01,7.114531213914401242e-01,5.446509518077856882e+00,-7.235457538753201079e-02
5.474816067964513033e-01,3.912519503509999108e-01,2.366103132216558880e+00,1.499563490591428738e-01
1.520657671761382335e-01,5.817328589642441372e+00,3.154174408453095935e-01,2.744198547461044191e-01
3.084222835581851285e+00,5.225640358538881092e-01,4.346533952348874408e+00,-1.505038494276827787e+00
4.667523608677642821e-01,8.914597286080480076e-01,8.057822321745718164e-02,3.349159794718269134e-02
2.157457339438613730e-01,2.479496480430661565e-01,2.549125199008289711e-01,1.348910737203884089e-02
6.665816038575654190e+00,1.732709613754850775e+00,5.521399120402405103e+00,-7.971930909818889077e+00
7.441301432945431893e-01,4.733025821569785130e+00,3.936113747325712620e+00,-2.513037007067503215e+00
1.909276297192245675e+00,2.553692714598585045e+00,3.187133281814833907e+00,-2.219659244910517082e-01
7.891171932388377108e+00,2.670655002744976692e+00,4.287513878323320426e+00,-1.920086002630446842e+01
1.308714994171839896e+00,1.600567967837728922e+00,4.895026697778557256e+00,-2.059848546154326332e+00
1.298166960387293067e-01,2.512523735666879476e-01,5.601857567904798607e+00,-2.054284265728115177e-02
1.367291123103113293e+00,5.957474136561693001e+00,4.735760818176657949e+00,-8.143376866212364007e+00
3.015088387922950086e-01,1.046784426654899347e+00,5.289038615311776326e+00,-2.645779671965167168e-01
1.150986753512721616e-01,1.484718971776949337e-01,2.247061670869937355e+00,1.332791455246130213e-02
1.569619231583809782e+00,3.964662033668705732e+00,4.108674714412135387e+00,-5.122985103805429929e+00
1.777904551556729607e-01,2.104174675839282915e-01,3.165040268731610373e-01,1.164378587568362829e-02
1.744998974948657466e-01,5.649348264382516582e-01,3.797773026613369574e+00,-6.014380871638606851e-02
1.426370283550062179e-01,4.181559716010820438e+00,7.332942319091653172e-01,3.992132067788318195e-01
2.922467706843564494e-01,4.873654902604948269e+00,2.728592441077773323e+00,5.716597240914160771e-01
1.905346779124061363e-01,1.959963597285826253e+00,1.224929406344312133e+00,3.513265678168711048e-01
1.528655339787568623e+00,2.294353223341761283e-01,4.253633106995426516e+00,-3.144637530071547893e-01
1.067786738348051490e+00,6.760191660305413741e+00,5.873563117154497526e+00,-2.874837337751173560e+00
8.182005740575654329e+00,8.133159247540261427e-01,3.135131808413697208e+00,4.299375411000471575e-02
9.831026594233138738e+00,3.743633960119378212e+00,4.307704707174378811e+00,-3.383100544170964952e+01
2.356415120979518385e-01,5.464131746373165122e+00,5.060153761896522440e+00,-1.210497853423326386e+00
8.505780389228945637e+00,5.665866215225809022e+00,2.801748241167672404e+00,1.606454548813041328e+01
1.432610246829427170e-01,1.850451843223494874e+00,1.246794674903844991e+00,2.513043419370937781e-01
4.245433910460028493e+00,1.902618266250760026e+00,3.659235498433770051e+00,-3.996985332872298624e+00
1.532688764776855894e+00,1.023402061316837308e+00,6.237338191442594493e+00,-7.188861638695047407e-02
6.661746831368245969e-01,3.978283074937288166e+00,2.009715304045462947e+00,2.399020226033688363e+00
7.518609554076917112e-01,2.347110229871648968e-01,1.900472850106330158e+00,1.669666323580381861e-01
4.460689495485903322e+00,5.971456366283648398e-01,4.844373244868607209e+00,-2.640514469227555949e+00
4.595833385659729764e+00,5.008064390006661259e-01,4.997080629198647622e-02,1.149660941371225542e-01
5.108503974958606086e+00,1.823053483645575845e+00,2.316435251067524348e+00,6.841893911042224552e+00
1.076764959249458808e-01,1.787102609417986487e-01,4.484629753917410255e+00,-1.874594300632121541e-02
2.481437942221506265e+00,1.738501382200456913e+00,4.774012377533485285e+00,-4.305794831164593717e+00
4.715637377501997185e-01,3.049432180940806703e+00,3.114146606338142664e+00,3.946250602642049909e-02
1.029081199672874231e-01,2.001727926393717383e-01,5.711836990121088142e+00,-1.113947282514964228e-02
2.934456405961118897e+00,6.766451406592886464e+00,1.344599869795467972e+00,1.935005795968620745e+01
2.465321282018109184e-01,5.712557172993062427e-01,4.479639178295536261e+00,-1.370354446211585475e-01
2.153891859588873137e-01,6.234098139385781945e-01,4.676692810975421999e+00,-1.341901932489791560e-01
7.089193040179365690e-01,1.826523024904202375e+00,1.811124334873125130e-01,2.332348004262522201e-01
1.229939030054105986e+00,5.809770423965330721e+00,2.716152204421529159e+00,2.949172546894326175e+00
5.062444814118689074e+00,8.020859592431529572e-01,1.818808320820130664e+00,3.936273649344662395e+00
3.119036523599027610e+00,1.581467255588182019e-01,2.247683757037973962e+00,3.845132692411238340e-01
5.160503116294706816e-01,1.585743599461225117e-01,2.193554751342317033e+00,6.647017565843804654e-02
7.113633251769776678e+00,5.353003548987435023e-01,2.866218519791496000e+00,1.035402908592387261e+00
8.000275130913970800e-01,4.050336839608076334e-01,2.818665783550342585e+00,1.028313812434871188e-01
2.489945070858147425e+00,2.222654447571557945e+00,3.050075278845116866e+00,5.057767550235741094e-01
6.170806594267378431e-01,5.557025793985349793e+00,6.286631511726218369e-01,2.016549824322110496e+00
4.780972550640909979e+00,2.568270113777498143e+00,1.964153831689727125e+00,1.134106239286339424e+01
6.922079945293513781e+00,1.559118882448664034e-01,5.321295314578363467e+00,-8.852681025338173804e-01
5.615465091886306936e-01,1.699053110219046758e-01,4.837566586246464517e+00,-9.466320165310951329e-02
3.967917069996212742e+00,6.749552170410745511e+00,4.752065376857561141e+00,-2.676058596977273751e+01
8.750159984748046016e-01,3.269283217388863072e+00,7.599403930365173920e-01,1.970656837055977384e+00
2.274888229636906622e+00,2.881511735200380508e-01,2.284748946260914515e+00,4.954223198288807972e-01
1.249076650573108793e+00,6.292656163284891413e+00,4.577147880623877008e+00,-7.788238975719073309e+00
3.657043502657250644e-01,5.478309289080251610e+00,5.674701927670958490e+00,-1.145214678868573754e+00
7.227908879036055723e+00,3.287067270077629555e+00,3.673357113459278622e+00,-1.204692705706134959e+01
1.299938239255254535e+00,5.228947499026525003e-01,4.092441527936674373e-01,2.704758005067071092e-01
9.750294190878924239e-01,4.623148180928371986e-01,2.085905561451526946e+00,3.922780731627202311e-01
6.978861104871256771e-01,1.684871937470565406e+00,1.850365247748654018e-01,2.163355111878551285e-01
3.100226351475381947e-01,6.315682711450614217e-01,3.886820663487512206e+00,-1.327800062869893827e-01
2.878420163512452890e-01,2.065901947221437940e-01,4.428664799311484934e+00,-5.708788886341061714e-02
2.651475052014371059e+00,6.997973978266978090e-01,2.579841073274618424e+00,9.883656232406461406e-01
1.105952663146720027e+00,6.655480655586294425e+00,3.776727335657659168e+00,-4.366968093771767201e+00
9.652075992578080799e-01,6.907352044848246164e-01,2.406618930366572276e-02,1.604344865858617353e-02
3.486534000924237375e-01,1.023991871059938052e+00,1.745584100378103187e+00,3.515785272289230767e-01
4.535658684315487577e+00,1.933781094591527916e+00,2.605802172539679606e+00,4.477764070236414540e+00
1.047730682723149842e+00,1.423087885836668010e-01,4.002520970345468498e+00,-1.130855566345073532e-01
2.605799631916966508e+00,9.522169712152660503e-01,2.218208908149016612e+00,1.979190845503423279e+00
2.517893777987623150e+00,8.983042587475825513e+00,1.127700191653980610e+00,2.043406075523959586e+01
4.693587482819583934e-01,7.866972896309724739e+00,5.245191147510817054e+00,-3.180613752682043049e+00
1.764850719235377952e-01,4.488929471474985888e+00,1.846002663328893734e+00,7.624167861317495687e-01
5.283595216115831716e-01,4.855991588854898566e+00,4.273411689921789991e-01,1.063364788740685407e+00
3.216797253594610329e+00,6.812120161922475603e+00,5.696437680122876657e+00,-1.213237015233265659e+01
1.802155489641135366e+00,6.080123950556886925e+00,4.127640778061762994e+00,-9.136780657251915017e+00
3.786443009212312916e+00,2.462965319300590483e+00,4.010362972542304227e+00,-7.120638112502680528e+00
6.568822034738548421e-01,5.557881915552759011e+00,1.090339603751202979e+00,3.237536126819636539e+00
3.062940496578908101e-01,1.631875040045286385e-01,8.542393274971089578e-01,3.769102987201848609e-02
2.799137004791251382e+00,4.163908194944952457e-01,5.324540082144232578e+00,-9.538899191137241163e-01
5.555579253288761565e-01,5.898307215204420473e+00,2.532115146817497386e+00,1.875797890205755269e+00
1.808085345967718860e+00,1.353445079478336144e+00,5.834389225585654870e+00,-1.061769756668388354e+00
9.151698084013242251e+00,6.417958207953178285e-01,5.518053109599883044e-01,3.079049484627372824e+00
1.228065971864335942e-01,5.610923227088902010e-01,4.450354740544828935e+00,-6.655373911586717761e-02
5.497733388319056003e-01,2.330098330390869277e-01,2.306152220747981207e+00,9.499986502317429859e-02
6.157226847627127242e+00,1.428004727071386648e-01,2.945102313165362862e+00,1.716555406934663353e-01
6.965795414341386049e+00,8.037404269811300184e-01,4.803368379906368668e-01,2.587031684248398911e+00
8.721032081745042630e-01,2.079460579430466305e-01,1.315124102847226917e+00,1.754553588078577586e-01
1.073177097434821897e-01,8.418244466544980042e+00,9.257379249624774209e-01,7.218963568454230817e-01
1.421303701895161309e+00,5.500759059462436262e+00,2.618313809155732752e+00,3.906958216494364589e+00
1.019208546303037449e-01,2.969753533050960570e+00,3.265275463458590544e+00,-3.734091682285495956e-02
2.550129283348259168e-01,3.134291828405478153e+00,1.111060348606686121e-01,8.862278243735792482e-02
1.339819797167153548e-01,1.175708244590504936e+00,5.810341385019166971e+00,-7.173945194230824107e-02
3.581495014839720659e-01,3.740001350991620788e-01,1.800276158341602706e+00,1.304364960250054828e-01
8.977674991460479204e-01,1.471619922823956816e+00,4.943551278760001111e-01,6.268489196027795529e-01
1.439060063430218084e-01,8.659175040489297537e-01,1.762727664241777514e+00,1.223225844462757228e-01
8.444916590108309862e+00,3.970723743430928376e+00,5.103747440286003467e+00,-3.099710192993126157e+01
1.016978717424651957e-01,1.619150579851209859e-01,2.387616484381628545e+00,1.127196513226203997e-02
8.694546695920458035e+00,5.854838718201869519e+00,5.741021750254685863e+00,-2.626658282645081144e+01
3.219524604994127959e+00,5.813967279750351658e-01,1.734254729690467567e+00,1.846870433678408085e+00
2.473174603277913386e-01,4.929900691110888356e-01,6.099901147549436686e+00,-2.222202360318028744e-02
5.665509991030153181e-01,6.876155691408142978e+00,2.190539123513463249e+00,3.171202589957554441e+00
2.231942130732184615e-01,3.721439036105915754e+00,1.836977450301354731e+00,8.013518567393732583e-01
1.583374963789925816e-01,6.171129083421567074e+00,2.338437191832837936e+00,7.030884339233230973e-01
1.878158891338866654e-01,2.204636635120285071e+00,1.986619523888187855e+00,3.787808032566490901e-01
6.989091091369206143e-01,4.049507114494986126e+00,1.600815893541201129e+00,2.828962236870059321e+00
7.915619721286825117e-01,4.622124384567024791e+00,6.114708027462703477e+00,-6.134955248892697277e-01
1.379399307258160345e-01,5.067518045846371999e-01,5.315271886740364771e+00,-5.757801396617590051e-02
5.095029247457995014e-01,1.366133313459166221e+00,6.046058492123201233e+00,-1.635094191312119194e-01
8.718676999956790352e-01,2.552750314762947781e+00,1.230698018963984008e+00,2.098178886174279167e+00
1.345247472830065349e-01,1.442339371573691797e-01,2.248682481501047103e+00,1.511302608388327869e-02
2.543524024960164720e+00,2.446731125487912051e-01,1.213429325862823704e+00,5.830137027038826414e-01
9.750530927694001093e+00,5.219820899267353376e-01,2.453609715437623073e+00,3.231797011437363754e+00
1.875136646501836868e+00,2.384833538967678468e+00,2.443777081715248212e+00,2.873391594287913353e+00
2.325461693713375966e-01,1.196929629256112904e+00,1.197087908881574597e-01,3.324038934498178138e-02
4.087877014382059193e-01,3.383839367708502133e-01,4.681372193211898569e+00,-1.382606588294641170e-01
1.005875553683328594e+00,1.444508464238919154e-01,4.228510443108217665e+00,-1.286187811283705518e-01
1.474395175865504115e-01,1.736356052367627356e+00,5.998546075881360906e+00,-7.188977730660862930e-02
5.870372240969941036e-01,2.575603959668069987e+00,2.642457784004151655e+00,7.237314217773925806e-01
1.248952349933448724e-01,2.967246504541075081e-01,5.086866861891965463e+00,-3.449122498268417797e-02
5.683740360711244222e+00,1.650950588888867143e+00,1.270212096448180450e+00,8.962849492564888720e+00
1.422266667508274463e+00,2.824612445675272476e-01,3.741490714682501828e+00,-2.268029636316706565e-01
5.267925835336549900e-01,4.594812887034157356e+00,2.667186088033264735e+00,1.105716228467889417e+00
2.268039634450342401e+00,2.795499627883016203e+00,3.505309645529737228e+00,-2.255566382369802003e+00
1.111640435791879100e-01,7.887995428740810500e-01,6.085646724389659923e+00,-1.720896562189763029e-02
1.528514658949101435e+00,6.585048182572283082e+00,2.701535211879266818e+00,4.287749769173766268e+00
3.634144453731512070e-01,2.092513537429223081e-01,2.413559969563060292e+00,5.060049834078998721e-02
1.156192078645882221e-01,2.171009842205043228e+00,6.809101289654332367e-01,1.580111850577544941e-01
4.649500469825781357e-01,5.478530481153728537e+00,4.426614097256131863e+00,-2.443935744716200897e+00
1.931502244129953139e-01,1.975196666411814794e-01,2.553175654802602335e+00,2.117550194910281999e-02
5.694205743074741699e-01,6.469915847548828758e+00,3.904556746598928818e+00,-2.545961764793017501e+00
3.812289055922548187e+00,2.953515243756562048e-01,1.859253217091709764e+00,1.079444987087128549e+00
1.522415656643918702e-01,2.263190086428066849e-01,5.119440899868283879e+00,-3.163989688471517681e-02
5.075988752018621319e+00,2.961765521258520883e-01,4.586552916443121575e+00,-1.491501678500663175e+00
3.104515537832155392e+00,2.965651126769809354e-01,1.419162789045541384e+00,9.101266657982685082e-01
2.870097985430696497e+00,1.329788581191467256e-01,3.535929252497363784e+00,-1.466330680936402953e-01
1.160346599514982868e+00,1.303651580709845603e-01,1.578095060089685253e+00,1.512647387231201013e-01
1.105989802072606221e+00,1.320059594834506744e-01,4.140483064180377482e-01,5.873744190172307256e-02
1.296948541861171256e+00,9.959666922240330678e+00,2.338175127771086714e+00,9.296916309382238452e+00
6.058255610656664292e-01,4.855455024281251641e-01,1.212453608726826726e+00,2.754709056869187322e-01
3.281647247717780491e+00,1.513145882936350606e-01,5.656518279178605724e+00,-2.912074428187130803e-01
4.886923124064644242e+00,2.510148693425020561e+00,2.143859033311518836e+00,1.030719584153580470e+01
1.309093231934051749e-01,5.204340030320628863e-01,9.834200929953448855e-02,6.689213718931103295e-03
1.641730508430064184e+00,3.555134743154720334e-01,1.943615929087863181e+00,5.435624109304685314e-01
5.909020568297521869e+00,4.917449925303013503e-01,2.485520858298247426e-01,7.148122135932356569e-01
1.844864065462175073e-01,3.986129173610438059e+00,3.229662755315218181e+00,-6.468188529327227598e-02
9.421708070307400762e-01,9.145294554379781005e+00,1.252673494168440316e+00,8.184093644317048444e+00
4.794892210470317329e-01,1.175647670521604571e+00,1.178036281627372617e-01,6.625363890815151591e-02
1.273605523247945515e+00,6.398628664993353254e-01,5.174399679489243731e+00,-7.294937209933703981e-01
3.398767593425036648e-01,3.095662922505822978e-01,2.231342788891768514e+00,8.308328535297899997e-02
6.675824685706432504e+00,4.280337791859084584e-01,2.211754376016291879e+00,2.290335421713708186e+00
4.106581931540680963e-01,1.192315854004429854e-01,3.763880317557727118e+00,-2.854056243925151559e-02
1.695903355181485606e-01,4.155617611162553793e+00,3.463912106371274557e+00,-2.232426575206714336e-01
5.429697713456381969e+00,5.227539786444456160e-01,1.885061823727578023e+00,2.699381897845569256e+00
4.634693585378571457e-01,2.243911315899502323e+00,2.714444380042219329e+00,4.308414975902755129e-01
2.411310188165816382e-01,1.080667094306687392e+00,5.762545320251194703e+00,-1.296228967636538498e-01
2.613381808179691124e-01,1.896129743297307324e-01,1.625914523895191088e+00,4.947785726370065862e-02
9.815261983953404989e-01,1.105673113917580719e-01,5.416020023262334560e-01,5.594550770403646650e-02
7.568871110761995702e+00,8.492942105028832289e-01,2.055145129406104054e+00,5.688816459535912529e+00
4.786081558910020739e+00,2.300058572766255360e-01,2.094503708661131114e+00,9.532841830306393316e-01
3.207397781875510612e-01,2.939750881508203406e+00,7.394669604962392784e-01,6.354114863939318569e-01
5.958687537727792360e+00,7.776787370535842570e-01,1.475087835364425448e+00,4.612737061394850180e+00
5.826711317365058651e-01,9.831798432865493709e+00,3.093822578275404744e-01,1.744220461434988323e+00
5.263771170114056597e-01,3.036695366710182586e+00,5.803901886165943047e+00,-7.371133504339482112e-01
2.608429011081013216e-01,1.471884736030914798e-01,6.053041022536442384e+00,-8.758150232665348062e-03
3.528041397350327180e-01,2.718437077857445705e-01,1.508608177030257569e-01,1.441387704155750946e-02
2.838534707255681577e-01,3.580363736764364813e-01,4.906091907666420227e+00,-9.972920316927200157e-02
2.465042748175929166e+00,1.395167857428399438e+00,2.360901700434340000e+00,2.420371055490882828e+00
8.148519729327196259e+00,5.175359942730179963e-01,6.059019081419090291e-01,2.401683672852537033e+00
2.359487414170338582e+00,1.998091701266856424e-01,2.687347831224160100e+00,2.068634233977654224e-01
1.653040093255761789e-01,8.038465093677616968e-01,1.640128800863174918e+00,1.325598045315092566e-01
5.857390969338081010e-01,6.467205541896712262e+00,3.997465345670890180e+00,-2.860554680585529752e+00
2.088721177077183189e+00,1.565905723929620130e+00,1.979383554058078643e+00,3.001503074830970341e+00
5.558283032459063300e+00,4.729628545338333545e+00,1.925240507208383134e+00,2.465450178818137061e+01
2.193817695298669879e-01,2.626899148413100793e+00,2.315293934831132550e+00,4.238228250759858984e-01
1.891637447981325826e+00,9.354442639445908370e+00,2.349519416074541844e+00,1.259564767698470078e+01
6.703633510297366538e-01,5.883250594313772730e+00,5.362938912562460914e+00,-3.138374243682495734e+00
2.646788766243855839e+00,2.486698782899065208e+00,2.623867648712788547e+00,3.257346267335197609e+00
3.175068332290224005e-01,5.806572966120758794e-01,4.803231722143655347e+00,-1.836024648911962764e-01
2.511724358792437606e-01,2.647578679862524265e+00,5.328739661319057852e+00,-5.426346306750090553e-01
6.500392449349907675e-01,4.134415601366184800e-01,1.904585390778807674e-01,5.087745068248714087e-02
1.538835565844722530e-01,3.386200079304842347e+00,2.617502809948408338e+00,2.607618280970435132e-01
1.844154891984620681e-01,2.060232046597978872e+00,5.668794787281209224e+00,-2.190196944260152101e-01
3.003458090239589651e-01,7.882744345317623802e-01,5.121751568919572506e+00,-2.171929797191056166e-01
9.901605615766133628e-01,3.388350744558371042e-01,6.277793165023583200e+00,-1.809061007048525871e-03
8.580569975084499923e-01,1.299269803088393960e-01,5.547606261521920601e+00,-7.480812066955361272e-02
3.100526544679746088e+00,2.076982168001883622e+00,2.047539148519995855e+00,5.721670890463677495e+00
5.047524296511769037e+00,1.558428324562610712e-01,1.075005995043071039e+00,6.919058726620740396e-01
1.593273626368604257e-01,2.680516005798782686e+00,9.824443630897031765e-01,3.552688762210561291e-01
3.166617272233074321e-01,9.825839407380113855e+00,4.509574172805994152e+00,-3.047693026991553644e+00
1.022017055085907566e+00,2.098271390946186699e-01,3.531441021401699576e+00,-8.150015640033832220e-02
7.393671920946515153e-01,8.495016917622614017e+00,1.628671578055601143e+00,6.270420601725263943e+00
9.691022473042863794e+00,2.752345068970006858e-01,4.853688007595311049e+00,-2.640721149984623484e+00
1.077366177246224854e+00,1.277169746286621610e+00,1.814214795286835491e+00,1.335415229457313835e+00
4.991360666076624319e+00,2.691926412574809357e-01,3.160463634026036139e-01,4.176175758458438025e-01
7.392968295084076935e-01,9.011886341938334377e-01,2.247062274348944122e+00,5.196153300524067875e-01
3.196034260571943286e-01,1.138383660403999409e+00,5.175308623424556664e+00,-3.255389851180342520e-01
9.937599993250231023e+00,7.050437109197095431e+00,1.440492150106378322e+00,6.947044674205376680e+01
1.461180527324562606e+00,6.677791133427510850e-01,1.205678968824664743e+00,9.114264900776690714e-01
3.843558711771696834e-01,5.747466966983028058e-01,4.307337475453286046e+00,-2.030319155998478453e-01
1.185494923205511614e-01,3.507924037251400340e-01,4.556874919443963279e+00,-4.108440001000781411e-02
1.543121738744554772e-01,4.051564243295986856e+00,1.840406379367021339e+00,6.026200269887851402e-01
1.841222002532962310e-01,1.089110066698251389e+00,4.812254107285930615e+00,-1.995302286311349260e-01
8.722954016579111070e+00,3.190656082195633125e+00,4.226630043888442323e+00,-2.461237100570980019e+01
1.132322747026733856e+00,3.458396358740449816e-01,4.367473216215467247e+00,-3.685382655785220951e-01
1.937891985035574693e-01,8.375642566398463496e-01,2.908753095516361853e+00,3.745184292260808623e-02
7.440700825262137608e-01,1.390433837368324488e-01,5.841501008807319373e+00,-4.422444872962423557e-02
1.040305072863658004e-01,1.666242894559008647e+00,2.734877644709010069e-01,4.681763621345498561e-02
8.620240494441928192e+00,1.069966108556753559e+00,7.348936839412265609e-01,6.184342751094013657e+00
6.267638176982726961e+00,7.872707898155232975e+00,4.534227040975036260e+00,-4.856223455610150808e+01
1.733289250256417446e+00,6.274556403232294244e-01,1.074879160682548962e+00,9.565463977161454689e-01
4.630173355447573691e+00,1.379916858465700669e-01,2.386582797277660983e+00,4.378529415263289204e-01
4.741827871192654809e-01,1.104375403562773555e-01,6.218630201279585989e+00,-3.378247179470206078e-03
5.183935427650993688e+00,3.178603388180121225e+00,4.686419654196669171e+00,-1.647211870615457840e+01
2.934193283454717527e+00,7.112116117655672198e+00,4.508012203454426547e+00,-2.043400474725415705e+01
1.346514004124043928e-01,5.334806505014398681e+00,1.650239563223528050e+00,7.160735577052281808e-01
1.355892029903305318e-01,1.260907780494086916e+00,5.674564837278216700e+00,-9.774715208568826585e-02
1.697084292825587759e-01,1.474737232759309569e+00,3.877844959662350988e+00,-1.680638018746019591e-01
3.427745640908200775e-01,1.323436803839641129e+00,3.389513903022887131e-01,1.508346986418968583e-01
2.419736318360728333e+00,6.834268978138832162e-01,8.419890902339163263e-01,1.233619026795280682e+00
1.820395316562923860e-01,3.007926488122388275e-01,5.922077140088015668e+00,-1.934595918208731335e-02
9.518863611101386013e+00,2.842708187871768599e-01,4.083798427324541791e+00,-2.188714789259893045e+00
1.332567197771319656e-01,3.357964725119684690e+00,4.335253504369584121e+00,-4.160245690581390043e-01
2.660478125617411482e+00,2.325568972052989569e-01,8.364861251278863374e-01,4.592660767654063170e-01
4.294836003232389565e+00,3.067407314521839456e-01,5.500194567650313004e+00,-9.292979607643234718e-01
1.242686585093927543e-01,5.086012524494393228e-01,5.770448184150494875e+00,-3.100522650526997548e-02
8.131573576034222484e+00,6.049533652526880578e-01,5.412950959566400932e+00,-3.760647591455807515e+00
1.504381414293046504e+00,1.588771998517865269e-01,4.525276529631683253e+00,-2.348400684541526451e-01
6.411059106660300655e-01,2.286262154976027028e-01,1.952679219826948476e+00,1.360151268621402620e-01
5.750390333159284495e+00,2.535366652921882569e+00,4.073934154272678132e-01,5.776591659115871025e+00
1.035621503601309223e+00,1.561918860860652125e-01,4.409930644436327540e+00,-1.544131191501544043e-01
6.114608059030371301e+00,1.241021562049919869e-01,3.218985373058401489e+00,-5.866977575531941852e-02
4.973685413134297240e-01,2.112276226856257377e+00,1.073533835230153555e+00,9.233458223755836025e-01
1.246511785598261923e+00,6.485420971760611497e-01,2.588670421346507045e+00,4.245605659892651151e-01
1.035255621520084074e-01,1.009938841665065090e-01,4.127834413080153197e+00,-8.719404725467201980e-03
4.708931562421687644e+00,9.095642466561093542e+00,2.276872497556764241e+00,3.259051113797623600e+01
8.539609136021146796e-01,4.970201824603680540e-01,5.070209743908218769e+00,-3.975530167368976353e-01
3.354014645848799603e+00,3.167568518962712520e+00,6.861609176381926467e-01,6.731110022084773270e+00
3.237081200168773765e-01,3.116689452618368050e-01,5.464170744863557694e+00,-7.369727074960601143e-02
2.171280322920829509e+00,6.018608769379069301e+00,7.050680160175265554e-02,9.206257896143779096e-01
8.971350276794467504e+00,7.637357819002620340e-01,7.052563955419084429e-01,4.441497920342852623e+00
1.267544599186274823e+00,5.048057950319069676e+00,2.480684286809031303e+00,3.927703211176918341e+00
5.773510950395706942e+00,3.483997511890944976e-01,3.082434326730225660e+00,1.189269731912317996e-01
4.874266868070600722e+00,2.422140673009537115e-01,5.830637461291330759e+00,-5.162341704705459833e-01
6.787685854501790406e-01,1.022485244442556951e-01,2.958522438501179352e-01,2.023482884593316711e-02
5.207166087301761115e-01,6.097026029911237544e+00,3.337435156170485584e+00,-6.177982811858954149e-01
3.817881420061084441e-01,1.090944204135762263e-01,3.763614469609960711e+00,-2.426915760761273397e-02
2.831970637471768470e-01,1.943805340970425677e+00,6.231722470126224600e+00,-2.831675775163350686e-02
9.396788456828163660e+00,1.840338871715231361e-01,5.195947237062037871e+00,-1.531053505796361680e+00
4.476502633277594789e-01,9.201511681228305983e-01,6.043286182418136754e+00,-9.787075662597725934e-02
2.435457807919762241e-01,1.349458488587052196e+00,3.676291797922363269e+00,-1.674766977012911995e-01
1.316536008395685076e-01,2.257409726648846426e+00,5.343929540608147732e+00,-2.398726156662741582e-01
1.064901297661295709e+00,1.110497027042816609e-01,2.583603184936048791e+00,6.261490195934894809e-02
1.492426930591862211e-01,2.701380008104099506e-01,6.270732973493677864e-01,2.365658894825297884e-02
5.272163243827644452e-01,1.290242919399591015e+00,2.572907627144929155e+00,3.663243634479868005e-01
1.597625476501513264e-01,1.006310876015096278e-01,2.861414922522213633e+00,4.445737620333376633e-03
2.503579165801860795e-01,5.412433827190068492e-01,3.324031433675473379e-01,4.421724902551577713e-02
2.706430637580131138e-01,2.586776660970066533e-01,1.643795113930100360e+00,6.982286527309701507e-02
9.471594364550854905e+00,9.373176123915710756e-01,2.678904834338048602e+00,3.962690936982396384e+00
1.748057101701585792e+00,1.088735019594004427e+00,4.251391135542922917e-01,7.849581436278325608e-01
1.256941532507967141e+00,7.241463623195719457e+00,4.029112791937034643e+00,-7.058753159184449899e+00
5.092159180742807045e+00,9.851334428086152561e-01,6.264132081520619622e+00,-9.557389111849638741e-02
8.165239341102342507e+00,1.091029504377546838e-01,1.106207463130610247e+00,7.964266367363133092e-01
1.917447713705293211e+00,3.059889224047069312e-01,1.536499358384329605e+00,5.863727207257035667e-01
2.318046231792066925e-01,2.749017071136959700e+00,1.625492076413202147e+00,6.362819200083329463e-01
2.433849779673379565e+00,4.081015986805108797e-01,1.019546720545388752e+00,8.461273792061387855e-01
1.271716398280320792e+00,5.919077963394719921e-01,4.512864487960582593e+00,-7.378052164936057533e-01
2.144168137608239710e-01,6.194214305017285760e+00,4.968348733387395022e+00,-1.284873778545440048e+00
1.677088163675714672e+00,7.601996079450925592e-01,1.665372520596406225e-01,2.113418812266757429e-01
6.922785990154225466e+00,1.429265109322608973e+00,3.206130087746570823e+00,-6.381222276945861527e-01
3.118593843324078740e+00,1.975731411527073267e-01,1.869262015690289935e+00,5.889096242411189230e-01
1.611742248048243287e+00,4.247624571128721271e+00,5.289944775979081193e+00,-5.735639936261485161e+00
5.843539969586067917e-01,6.302326021031906533e-01,4.373712400191187122e+00,-3.473589223439644824e-01
8.206685320069632139e-01,1.661110214211418690e-01,4.441661572291969229e+00,-1.313567767191514413e-01
7.069529710638307485e+00,5.929421133350424311e-01,1.896219238709948351e+00,3.971816639419824657e+00
5.834521922321297405e-01,1.169971110754760707e-01,5.887795114767472526e+00,-2.629244398766706486e-02
4.527837631994897194e+00,1.216228998485364032e+00,1.922975824605301698e+00,5.168891954920581178e+00
1.060688139835314070e-01,2.750212215441759867e+00,2.609349694071924741e+00,1.480341757890260013e-01
1.367290628408024622e+00,6.621679904795999327e+00,6.136173007547488290e+00,-1.326224935501853608e+00
1.396265975834260487e-01,1.596821211868224288e-01,3.771666895449505841e+00,-1.313683316732682654e-02
2.739438630863436086e-01,2.800740721937729494e-01,3.951224208224606738e+00,-5.555112931683094807e-02
1.921726045947101946e-01,8.802224734829646735e+00,5.662607067720719645e-01,9.074811269299680738e-01
2.591835229839294374e+00,3.418462603234669217e+00,2.761035841772801480e-01,2.415339780406714709e+00
4.920024344267667438e+00,1.115792978025729881e-01,5.235859056194639649e+00,-4.754597664595902606e-01
3.730527626947028885e+00,3.600519028641185892e-01,2.316311617222393537e-01,3.083485098235645427e-01
1.232190611711881240e-01,8.203580363323538904e+00,1.416984195460086360e+00,9.989037427400832003e-01
6.973674722656363345e-01,6.068289073216241114e+00,2.717578397376689825e+00,1.741069143714849998e+00
6.683490493365012775e+00,4.047046752868681985e+00,6.148843240594420223e+00,-3.622817454701481754e+00
3.458709426537954212e-01,1.136064584562742202e-01,1.232720488718077378e+00,3.706896723046085307e-02
3.618703858285612363e-01,2.765792970953622754e-01,5.556021804122650565e+00,-6.653240071007861245e-02
1.889374076829032356e-01,3.431436323572542690e+00,4.521331246937115189e+00,-6.365296816413050784e-01
1.898621540957487808e+00,8.043776505644190777e+00,3.238179800367816163e+00,-1.472794877637199518e+00
2.316909201078971137e+00,5.555840855109535958e+00,4.716682045401127787e+00,-1.287226017552427138e+01
2.427941013733435405e+00,4.615340769140919619e+00,1.850395865803127426e+00,1.077061042003700919e+01
3.314887699616412275e-01,1.093662705439718330e+00,4.226855672566440347e+00,-3.206371338765873213e-01
3.889561648253149873e+00,3.308091364752750341e+00,7.695319140142952152e-01,8.952864861729198154e+00
6.043050055463969450e+00,4.042530689087797668e+00,4.596384750715984069e+00,-2.426502780442472229e+01
6.219047820089294021e+00,2.049166765013318847e-01,3.487736012464535129e+00,-4.323642585081974854e-01
1.750613071349783612e-01,2.450726824732543940e-01,5.040881818847553042e+00,-4.060871956555172496e-02
1.321837256893063861e+00,9.565372171501783427e+00,3.838686890847015309e+00,-8.117266963550799019e+00
6.554983568607532618e+00,1.790519338864509924e-01,3.200233261505816884e+00,-6.878601592137868759e-02
1.436518642317058669e-01,7.389064260931108574e-01,2.082449732692314370e+00,9.255191272290443083e-02
2.657336927751882794e+00,5.839668649896744279e-01,3.012882532638091249e+00,1.991809297580039162e-01
7.313945339495062647e-01,6.006329865741614205e-01,6.281458308097103149e+00,-7.586697728517373699e-04
3.967122514961532342e+00,3.258528741327747724e+00,7.366168919942662763e-01,8.684162646694844057e+00
3.359796289327811714e+00,5.681022566250631733e+00,1.815776713592802405e-01,3.446773883577175734e+00
9.110143598752877381e+00,2.751959274498877228e+00,3.507005851285494913e+00,-8.958660429096562794e+00
5.050602562094660408e-01,6.418768169415905334e+00,1.401333639625969463e+00,3.195426697683560580e+00
1.345422298750988954e-01,1.849933418075295322e+00,2.498766434205076603e+00,1.492020854837844968e-01
6.255654985084484476e-01,4.016449882186612919e-01,5.757403078571326382e+00,-1.261024288221278544e-01
1.835168183725561564e+00,5.291598107962351971e-01,6.024832426824420217e+00,-2.481041250541840271e-01
4.956918175958630712e+00,2.144717311826194184e-01,5.413388056112857782e+00,-8.124334729380950915e-01
3.940524933421090115e+00,1.893914060333885263e-01,4.225847277952119008e+00,-6.596971004596722254e-01
5.733594722245915598e+00,1.255384220343520874e-01,5.508409551803711501e+00,-5.035308125942068447e-01
1.714576989400611318e-01,5.565080832069012828e+00,2.235630687088820956e+00,7.509545896156128997e-01
7.400508876840450334e-01,8.439617556383353758e+00,4.078613932036017076e+00,-5.032808173576965416e+00
2.268810854296226254e-01,7.758781399382478350e-01,2.770441640369537550e-01,4.814718811630930295e-02
9.692344881710225346e-01,7.576788674652950029e+00,2.836159974185978871e+00,2.208289059436839175e+00
1.315682173681142209e-01,3.372691389776967252e-01,2.932988484194590573e+00,9.189591914934141029e-03
7.215432648784173786e+00,2.033825911848164303e+00,4.425903482614992335e+00,-1.407682665495238261e+01
4.841473353376135602e-01,3.799203133864731186e+00,1.549766130372510764e+00,1.838967339443070559e+00
8.174032507556421301e-01,2.293662884530475843e+00,3.623877593166124456e+00,-8.695630778067060529e-01
3.367801422044726656e-01,4.880943604925007673e-01,3.045901808691677815e+00,1.570571331436165091e-02
6.172513930290510764e+00,4.021147433208318134e+00,2.916030448977417144e+00,5.551232860921931689e+00
1.948104112651023734e-01,1.034610625648854532e+00,5.134071387062519420e+00,-1.838972139868375322e-01
3.699773867258440152e+00,6.917872786189377399e-01,6.752296341502415089e-01,1.599856305542267210e+00
2.134611743719197485e-01,4.565868862237868475e-01,3.935325947662987822e+00,-6.948918619414787279e-02
1.701028562152477885e-01,1.510006539291018357e-01,6.057087003829685123e+00,-5.758126353787525013e-03
2.030434470649123302e+00,5.260284158371959506e+00,6.054724869660328856e+00,-2.418937527993116010e+00
7.566077745368989582e+00,3.046011789031757289e+00,4.308913312648938732e-01,9.626023527580610306e+00
9.567607072663569800e-01,7.720213709567663507e+00,4.490882389486989368e+00,-7.205929417972302353e+00
3.296847642151818913e-01,3.769904597131508717e-01,3.934701024872937047e+00,-8.855988712407335262e-02
4.927669814792817737e-01,4.889560169497758402e+00,1.568311511814207027e+00,2.409406367260121584e+00
3.212018158795320044e+00,3.430572169487233758e+00,4.551813680185196276e+00,-1.087730501041282594e+01
3.283601660864068350e+00,2.146702315809191575e+00,2.536908960314059769e+00,4.007321628387462198e+00
4.179693594936802370e+00,1.017161944249007355e-01,2.370994253633849524e+00,2.961392812813962716e-01
3.897263679064189579e-01,3.725869661481175932e-01,6.000008708113769629e+00,-4.057186236384868749e-02
3.939250293485052623e-01,3.127380921435622407e-01,4.420377272915462785e-01,5.270078508825926794e-02
9.299378033078892214e-01,7.024643930677830772e-01,3.914753437140944925e+00,-4.562291385883613382e-01
1.566786319815029471e-01,2.810646438091718435e-01,6.252500483741591175e+00,-1.351050127124521537e-03
3.836279083753454167e+00,1.733109163406025832e-01,4.709881516810677127e+00,-6.648669532046664887e-01
1.190365885437502325e+00,3.572281405582576896e-01,5.464423449093703589e+00,-3.105473175463670521e-01
3.753173548273994076e+00,3.580533340025217059e-01,7.658099976844102708e-01,9.314412815889168140e-01
8.834643561418157320e-01,1.447485624089386025e-01,4.513752765457788918e+00,-1.253656371557807236e-01
1.986523955854803569e+00,4.574512432003653650e+00,1.656563590127561492e+00,9.053975531333579241e+00
7.585369739504780107e+00,3.810484332973938515e-01,1.463630688180601158e+00,2.873811810195687322e+00
1.355993769935214477e+00,1.196021914598621866e-01,1.320705800506144723e+00,1.571344155227553940e-01
4.186251820592699624e-01,6.674587070412984602e+00,8.924740864767872761e-01,2.175599656489925149e+00
5.620289381220521463e+00,2.911464376537121090e+00,4.730799511955673609e+00,-1.636049925104642355e+01
4.267823021809688200e+00,6.933807944699618808e+00,4.723695154346148506e+00,-2.959037381208264961e+01
5.592651737707228676e+00,1.730120281565334928e+00,2.081655226521010593e-01,1.999685938474241143e+00
5.449675007589201980e-01,1.308343481447050427e-01,5.794858487122851010e+00,-3.345053802982282665e-02
3.047094390417260268e+00,2.083240439053894111e+00,7.609624598688008446e-02,4.825799967243631916e-01
2.911723758197473533e+00,1.454699744314897070e-01,5.282451349289263298e+00,-3.565883763016467478e-01
3.117148499142269880e-01,5.187861701598273090e-01,6.315121949785479361e-01,9.547006206237040882e-02
4.075019263984003715e+00,1.254882135015976674e-01,5.882693737714909332e+00,-1.993671508063310782e-01
1.119601638229713453e-01,9.261965884663199589e+00,4.796466680742312860e+00,-1.033308170669334558e+00
4.894718235458759281e+00,2.204231255557794478e-01,1.989412277205068469e-01,2.132264786881064578e-01
2.903669782815607725e+00,1.383424656301361022e+00,1.255274947452288958e-01,5.029217959724937570e-01
1.239178039877359139e-01,5.984534748400695214e+00,2.169376834977696067e+00,6.126547438760254760e-01
3.575539267576879343e-01,3.091228945622115365e-01,2.511790958979541966e+00,6.509934166419453772e-02
9.661208108135145523e+00,3.460663892203328817e+00,3.808208602113650532e+00,-2.067336332199866789e+01
1.722818271467419171e+00,1.220058752683375713e+00,1.248576388116439562e+00,1.993762692501373168e+00
1.449534143110306483e-01,1.183704846825604173e+00,2.885447553690514866e+00,4.347088331857756199e-02
5.861005207732040700e-01,2.511686764789970105e+00,2.069518570005900671e+00,1.292790835815861072e+00
2.720894460280979255e-01,1.856625570754290022e-01,6.285545975101622940e-01,2.970269012093992508e-02
8.386818915131632579e+00,3.169295196982360174e-01,3.604768392072848382e+00,-1.187585408410788190e+00
4.267624292324713742e-01,7.060341209543298469e+00,2.694545296570535764e-01,8.021012632055100067e-01
7.922114995163864748e-01,2.305110442466136444e-01,3.429268096244456832e+00,-5.181182568324817217e-02
1.476372493341264081e+00,1.185502543240128270e+00,6.838113904494066281e-03,1.196827008514063720e-02
1.564011317577716498e-01,2.389409104796877070e+00,6.078469974128152487e+00,-7.597017035310717203e-02
1.480459841070222438e-01,4.924124945741161774e+00,9.275279068048704056e-01,5.832993006303039962e-01
7.947724679672570680e+00,3.374737932956599629e+00,4.788899860013868803e+00,-2.674302089534733895e+01
1.789224759373016171e+00,6.752294641069406245e-01,3.445518577872426214e+00,-3.615574282108376392e-01
4.255950582097420276e-01,9.099117668277638682e-01,5.569065826535217756e-01,2.046880122926398871e-01
1.940645518196310315e-01,1.077497807638317706e+00,9.260266404679521335e-01,1.671240098596495638e-01
7.785284401698672196e-01,7.689530094597736287e-01,5.967680084955715891e+00,-1.857597309094883853e-01
3.328329564258767914e-01,3.167325420466299835e-01,2.847961486540755427e+00,3.051141629237194564e-02
2.068124364593718345e-01,1.798833200603095372e+00,7.992926506260378261e-01,2.666881811936780422e-01
3.960093536800533554e-01,1.152436524455622141e-01,4.734269985927266333e+00,-4.562663961648848188e-02
1.436368074791262606e+00,3.267600964432383903e-01,4.933726311441110290e+00,-4.578979057579073420e-01
6.629415642923947694e+00,1.662411299719614766e+00,2.008926966006438608e+00,9.979858858065659533e+00
3.759276227777387458e+00,4.500170621527227466e-01,5.598521781407011844e+00,-1.069876375630467003e+00
2.784975466910911690e-01,1.495961044014643138e+00,1.305138584663007473e+00,4.020064088976910699e-01
3.353944422143027571e-01,3.494155239923214751e+00,5.085629587267760376e-01,5.706344227986548390e-01
6.169911439468445558e+00,9.782104376194328266e-01,1.088200669762708239e+00,5.346180550483783378e+00
1.605669415678972589e+00,7.218757973131699757e-01,5.628821095809818154e+00,-7.054881863861376390e-01
1.097414722634002110e-01,2.847973315274917039e-01,2.029003034552431917e+00,2.803013228494978179e-02
1.664459568648168075e-01,4.985577689283570146e-01,5.289786933561028803e+00,-6.953021446360670155e-02
5.796801467719958634e-01,5.282335381289761322e+00,1.832206451782024681e+00,2.958035890887351638e+00
6.100800584278098349e+00,7.527098108871761450e-01,5.087577051704123221e+00,-4.272697843071215473e+00
1.626583843656143058e+00,9.660323803069257309e-01,4.928750829572835279e+00,-1.534696949011335132e+00
1.422267420385411318e-01,1.164963796498546422e+00,1.236238435768503563e-01,2.043097813226823697e-02
1.536243892916483167e-01,1.173932716489548278e-01,4.839928427758743545e+00,-1.788799123805031102e-02
2.319765154533872664e+00,1.409754988437133649e+00,4.477772258728175636e+00,-3.180705755381030730e+00
1.027929630072805356e+00,2.890088113088714827e+00,3.580322912605103269e+00,-1.261970148448982254e+00
1.547059288211192485e-01,1.770888733319281538e+00,6.072435547900942865e-01,1.563271984714021956e-01
2.643361348847629078e+00,1.402608211319451292e-01,4.245598286217329154e+00,-3.310950664082477624e-01
2.966716096706730088e+00,1.456094405170211548e-01,3.679680406596032682e+00,-2.213885065596417623e-01
3.291699904869564985e+00,4.051195175795582415e+00,3.898691382017408280e+00,-9.158904998753170545e+00
2.782005072356510400e-01,8.752817162524357819e-01,3.638944061113036810e+00,-1.161755498281743793e-01
2.433933237897427937e-01,6.737996489290816182e-01,5.913885925987362846e+00,-5.919718990233940187e-02
6.761790407523399438e+00,1.582125496509021678e+00,5.608448351991156322e+00,-6.682954940361875096e+00
5.644959114778191456e+00,1.376943075900642077e-01,3.719307194507007974e+00,-4.244803174103672361e-01
1.894904728044237041e+00,8.548702797725361568e-01,5.819815416570073729e+00,-7.240378816979908816e-01
1.996592194843263002e-01,1.027042916291783570e+00,2.170673916451457686e+00,1.692563270178562840e-01
2.451730292603402361e-01,1.619285232441560196e-01,2.788812663847150652e+00,1.371683966870138396e-02
5.886360279278076924e+00,4.186745660590595053e-01,6.115180150683959148e+00,-4.120985229830899099e-01
1.652090543561117453e-01,3.110926049113309499e-01,5.668997107009687397e+00,-2.961887727056833342e-02
2.928592131879891314e-01,5.496669390287410861e-01,1.627721979331772928e-01,2.608670829872998531e-02
1.232486338359190942e-01,1.121160999269507963e+00,4.942512342983858886e+00,-1.345388555846423195e-01
1.426215532303479472e-01,4.845858751064475722e-01,3.865184141554189878e+00,-4.575796686801798102e-02
1.585137943776845915e-01,4.173659713280809314e+00,4.485338254548494774e+00,-6.446028067158947605e-01
2.401702187183485826e+00,3.842002056308926772e+00,6.278094218235786172e+00,-4.697702986060051794e-02
2.238283926434331939e+00,2.235428125600447125e+00,4.761260514320603932e+00,-4.997548757329535185e+00
5.730487576508984660e+00,1.752076372003984917e+00,4.268976538205035531e+00,-9.069288284588305160e+00
1.235847481070183163e+00,1.790653239906150884e-01,3.182167255231983294e+00,-8.976591552776620395e-03
1.248378709358395122e+00,2.618690358156128273e-01,2.604808269086355210e+00,1.671745759316042301e-01
1.915546866406137694e+00,2.641272323296798841e-01,1.275283904701727700e+00,4.840167780714831891e-01
1.240216661340052262e+00,7.089105810480281766e-01,2.806329198479198705e+00,2.892734905873156070e-01
1.935271363368328945e+00,2.301023304070902498e+00,1.227069957614570939e+00,4.192622059829447245e+00
6.395800228050199099e-01,9.786928936721851491e-01,5.328928810533255955e+00,-5.107046049574870406e-01
1.346357398523398086e+00,2.452164411668248112e-01,3.497411923563749525e+00,-1.150101781449397037e-01
1.950081204279868974e+00,1.156689779466565815e+00,1.023827756617869289e+00,1.926552754288245906e+00
4.068512020753530245e-01,4.234227980740953301e-01,7.890968211564199919e-01,1.222630494046386546e-01
5.771279007619543044e-01,1.600839593336306654e+00,2.759401809665307237e+00,3.445682969139806096e-01
1.023843760284434135e+00,5.052546277076771730e+00,3.918240643168025450e+00,-3.625729416467949662e+00
6.781285053950279362e+00,1.276649546256920509e+00,9.642463228786012364e-01,7.113026845938155596e+00
3.600351975848183006e+00,8.156012178853334404e+00,5.006993026575267791e+00,-2.809940866947379945e+01
4.514022364422389799e-01,4.251748004188510066e+00,5.978406759127564030e+00,-5.759318240305738579e-01
1.365834026343087093e-01,3.676546532390883915e+00,2.845325968250830839e-01,1.409594295281262066e-01
2.552540636841016397e-01,1.352139659918372372e+00,5.543310200832545220e+00,-2.326913178514436464e-01
1.822967913154679431e-01,2.688871145155185549e-01,6.096650623807355895e-01,2.806693387785036756e-02
1.627126934745658282e+00,4.115309965075708010e-01,2.723405263568588808e+00,2.719330617560966057e-01
2.650305756736907603e-01,1.510036192250833187e+00,5.007990895387344210e-01,1.921494524967490847e-01
6.541132447000804762e-01,5.080321397374673031e-01,6.223360120691570074e-01,1.937153858992183009e-01
2.244523834626296566e+00,1.143251825463825339e-01,3.250261535474178398e+00,-2.783019365213114035e-02
2.255314329843582377e-01,3.611099876352799498e+00,1.457853506217462458e+00,8.092276675819892739e-01
4.680554076280485809e+00,1.950073603560089075e-01,2.996236308255104674e+00,1.322062107927036989e-01
4.016802722507280876e+00,6.699837586517334298e-01,3.149322384298300470e+00,-2.080198682268872071e-02
4.830865281394543409e+00,8.605186162246234005e+00,2.698210238293029528e-01,1.108098711778411882e+01
9.457328148678756818e+00,2.482546817136173090e-01,4.463652749369518169e+00,-2.275570023054513946e+00
1.297062669340957042e+00,1.086464133169722096e-01,5.075932377018391506e+00,-1.317109777794660541e-01
7.866975031533130824e+00,8.249320854361890554e+00,4.397928959935817339e+00,-6.171487184392416481e+01
1.049529923859055663e-01,6.108343493890040499e-01,4.037386630569325341e+00,-5.005016411714095087e-02
5.099833282077426588e+00,3.171271944986859825e+00,2.787451930273234790e+00,5.608531861657635176e+00
1.683246678337111946e-01,8.852469942974714456e-01,1.037988405610401621e+00,1.283539135287865562e-01
1.460622438970929360e-01,1.066102700612507226e+00,3.087591115664005237e+00,8.404890126746396295e-03
2.292346755228646116e-01,9.574416726241462783e+00,4.284223735778521225e-01,9.117946824661655736e-01
6.411937333746063894e-01,3.860077726625673611e-01,2.356467361214030110e+00,1.749652422264707519e-01
2.822713626684285604e+00,3.385162798833079911e+00,5.858289900386823845e+00,-3.938956850831099477e+00
1.550436353619848717e-01,3.764742127193553056e+00,1.545307212955344900e+00,5.835097026280842147e-01
6.733636063377506087e-01,1.401281669472081770e+00,6.198533386908790632e+00,-7.977982562693182456e-02
2.597814828419158228e-01,5.401592434536124365e-01,2.484612529230056932e+00,8.569946419371690660e-02
3.879513996541035792e-01,5.185708263494941406e-01,2.423978320143832743e+00,1.322939859435852683e-01
1.575803012915335755e+00,2.220437104046916410e+00,5.755914892694982576e+00,-1.760599715437989099e+00
1.254284461215613433e-01,3.550848003165137379e-01,2.853519906751940560e+00,1.265338941763045379e-02
4.081892898006563186e+00,3.650506681685353971e+00,5.067203999218657273e+00,-1.397280690262422276e+01
1.630416151114797429e-01,2.557527097021481954e-01,1.713221826204239129e+00,4.127612345905854602e-02
1.047411298271207603e+00,2.050477181200648924e-01,5.489978719677881536e+00,-1.530460092768879954e-01
8.308198565984456607e+00,2.516214420801635709e-01,2.599931928001070869e+00,1.077788331827983281e+00
3.102655977449307323e-01,1.060947338180310007e-01,1.975826272457266608e+00,3.025420702987982255e-02
9.042871939041498663e+00,9.777820367832856796e-01,2.225382715536364131e+00,7.014323445067545570e+00
1.408794913471413113e-01,6.831041911044188897e-01,4.976743476271939137e+00,-9.289228539109017913e-02
2.154444134853808368e+00,1.776943626833341616e-01,5.623114871477078225e+00,-2.347424063598972932e-01
9.704857018995993734e-01,1.111286182312854143e+00,8.694266034433293378e-01,8.239201934921618342e-01
8.363833084888989688e-01,6.907370107382800883e-01,4.476632061156193831e-01,2.500723807970821611e-01
3.978099787989017866e-01,9.289937347789029687e+00,4.685691093082551717e+00,-3.694312777299234352e+00
7.264744289099782648e+00,1.432970928893961382e+00,3.752982959553758047e+00,-5.975503400387112585e+00
7.910446303229655918e+00,1.152832397119330915e-01,1.515366713797424492e+00,9.105412917986963617e-01
5.625159627914538163e+00,5.389855164033728663e+00,4.440718905971955621e+00,-2.920682628340923870e+01
5.358467036661571647e+00,4.400337534792427285e-01,2.867107039751383812e+00,6.391148649688997985e-01
5.680868712264580900e+00,2.566444566941599170e+00,3.903128516284013916e+00,-1.006044187159495351e+01
1.570262663235984235e-01,7.155462679591945152e-01,3.295930461214960361e-01,3.636607076585361004e-02
6.021955054986150024e+00,2.024772069301230548e+00,1.755436723822146661e+00,1.198583239751863339e+01
3.750348130500217314e-01,3.092551874991479099e+00,3.285304883164191558e+00,-1.661063918400147166e-01
1.432404035106994433e-01,2.816235028153093900e+00,5.439520783510968016e+00,-3.013726902911967320e-01
1.232844566139882581e+00,7.663746019357762229e-01,5.388180821073572657e-01,4.848082174027779634e-01
2.925189231858363881e-01,1.931885359615830300e-01,4.211618473381692596e+00,-4.957244359773213538e-02
1.759849890404846295e+00,1.149238989988088377e+00,5.268490142889203476e+00,-1.717738944578247384e+00
5.075419032932345864e+00,2.925372522170827105e-01,1.629607833439209008e+00,1.482182157564977620e+00
5.375021332664995377e-01,1.364150962925760047e-01,2.551630601333180426e+00,4.079197267108608527e-02
3.262509105488579308e+00,9.018204474613540356e+00,1.009769044714570879e-01,2.965893669693033363e+00
5.275130249020961726e-01,3.431493458356552839e+00,2.492537301243423209e-01,4.465311354877344319e-01
4.780618222386233129e-01,1.841569766993752522e+00,2.012842459701749132e+00,7.957601209382096918e-01
1.291613020204890327e+00,8.089340088935925266e+00,5.447726012470864632e+00,-7.748506169839942892e+00
2.473785212220944718e+00,7.768921490135345387e+00,2.334712055164417599e+00,1.387841315670464226e+01
1.502013289295154541e+00,1.439349877169740499e-01,6.215502340456904307e+00,-1.462136449150519719e-02
2.016143403937725731e-01,1.098994394656642948e+00,4.058992730059445719e+00,-1.759342695983994731e-01
5.835809365407218507e-01,5.662533511380087869e-01,5.682616964873355769e+00,-1.867437143827162527e-01
2.487679759491947251e-01,1.113871768133429807e-01,2.234198598056235774e+00,2.183241068134103569e-02
2.974429033779090847e+00,9.147631596637397777e-01,4.075400769247058186e+00,-2.187304798578114440e+00
8.066198549634300718e+00,1.511990180363161018e+00,5.638984565005268124e+00,-7.324432198698910490e+00
2.082151089508335939e+00,1.619956420639620254e-01,2.454228726806399474e-01,8.195247138228231587e-02
7.932214100500197818e-01,7.527313293857902377e-01,3.428396430153307861e+00,-1.689075092591111882e-01
2.322072146890536704e-01,4.672278972657166740e+00,2.488512953179575771e+00,6.592458761879498308e-01
2.937975846653347323e-01,2.371375966208749020e+00,5.932703135822928964e+00,-2.392139927974580582e-01
6.350405926074865981e+00,4.168169656493838637e+00,3.208660074994684308e+00,-1.773915202976297012e+00
5.100220559881744053e-01,6.192586459536778776e+00,3.346395859646234427e+00,-6.423289521661166290e-01
1.222923313537316037e-01,7.484674373690121119e-01,2.080132740633886812e-01,1.890282452071955638e-02
2.473206464589020326e-01,2.346356314849462166e+00,1.290334094887394478e+00,5.576285518991331847e-01
1.053461280879633422e-01,1.093139434208731109e-01,4.676095978409075649e+00,-1.150821731521492995e-02
4.660804610490898447e+00,3.682936172643567208e-01,4.348351716433461078e+00,-1.604054231869470826e+00
1.130717507075842621e+00,1.534907945578900257e-01,5.546983703343011385e+00,-1.165381921027040246e-01
1.714036455837363748e+00,1.102600894778427848e-01,9.063395485224021719e-01,1.487825834850883266e-01
6.069206682973158351e+00,1.651025955603156459e-01,1.428389438594711347e+00,9.918983716339457857e-01
3.693657787790012859e-01,5.292982144337619488e+00,1.030770683409248711e+00,1.676834555087638012e+00
4.391241032715669235e+00,3.540576940248491566e-01,1.615967220401880455e-01,2.501508904345626783e-01
1.342318428110464701e-01,1.242373760445218078e+00,5.085098918574168181e+00,-1.553166192901279385e-01
1.884957249858669970e+00,8.302159970061628869e+00,2.809941928468908667e+00,5.095451317975098426e+00
4.853349231449088030e+00,4.252368822524589476e+00,4.373984941708303431e+00,-1.946774807612141700e+01
9.682908275136508536e+00,8.057821784818713695e+00,2.043487901995061140e+00,6.946760528223884990e+01
1.645537350938794940e-01,3.281086439331421634e+00,4.900694408832239723e+00,-5.303708751669901078e-01
2.376982537276241259e-01,1.485357515566194442e+00,2.904764703325954489e+00,8.283666027713686153e-02
1.191473452336817562e-01,7.945239802941188145e+00,8.667586975967277174e-03,8.205105134182228560e-03
1.729857808419691667e-01,4.801834869728836552e-01,6.029428248733545104e+00,-2.085282114206816334e-02
1.050672953355475531e-01,3.515864987232000693e+00,2.339988677122524230e+00,2.654055461323558962e-01
1.435113559268201389e+00,2.714068448698644387e-01,7.874566419747768276e-01,2.759841967441737931e-01
9.221037562505017826e-01,2.475732143970312826e-01,4.883055499757868567e+00,-2.249715709500801908e-01
1.550542742271944885e+00,4.366584624040737439e-01,7.585177357136787535e-01,4.657115650753797520e-01
3.582208708505176364e+00,1.368520695823819966e-01,2.068051784905279966e+00,4.308630759620958872e-01
4.428541591644042374e-01,3.363784867267263667e+00,3.356241768237862910e+00,-3.173057484266786910e-01
1.339436787637251047e+00,1.420523059824655654e+00,2.854047953149140504e+00,5.396032761229072605e-01
1.622322004014756514e-01,1.646898145839998662e-01,2.356850790301833865e+00,1.888006941864509014e-02
6.720012737343123099e+00,4.184267782338152664e+00,2.627462257038664095e+00,1.382797334106411746e+01
7.443914824269819430e-01,2.226690535276860672e-01,2.387281454329282404e+00,1.135054420209148929e-01
5.150734148356809206e-01,5.057384175218566646e+00,3.612773208980541106e+00,-1.182475395306098687e+00
8.431218165458711056e+00,9.392442392108980798e+00,4.846835254543299776e+00,-7.847509945510347507e+01
1.536642318604693747e-01,4.157003747993225362e-01,5.106610282740319917e+00,-5.897855504870783833e-02
9.642894400337036487e+00,7.518796102694538241e+00,5.375876884980375081e+00,-5.712137750415382698e+01
5.443314661838035695e-01,4.208431364439122468e+00,5.433067175501054002e+00,-1.721197928348513484e+00
8.114675491151052356e+00,1.017498715397582520e+00,2.975033054817346923e+00,1.368878152557278405e+00
3.568812958822495052e+00,3.188369362110995642e+00,4.455195012394547405e+00,-1.100442076396755375e+01
1.204360124178168040e-01,1.284256790379052493e+00,4.461368154902995542e+00,-1.498232860340558414e-01
1.957315923005321645e-01,3.381903798427461805e+00,1.229819029710663009e-01,8.120225385979629174e-02
3.097430060167374766e+00,1.945596642327313441e+00,1.569792696945692123e-01,9.421313832683145817e-01
1.584346284255958581e-01,5.401485684632269191e+00,4.887750314914195648e+00,-8.426577251653518674e-01
2.278883794914321026e+00,4.323370953896427338e+00,5.030635028821805577e+00,-9.357725547116345410e+00
1.428847028318763757e+00,1.226165106212739747e-01,5.954496173616695032e+00,-5.655509462709384233e-02
9.862592451659233372e-01,2.246724587920433169e+00,2.508398995512205465e-01,5.500138230177714638e-01
1.442073773083342614e+00,3.771570761311712427e+00,5.743756363717532842e+00,-2.793661226080729865e+00
9.985135144698023879e+00,5.575002782184491634e-01,2.772709277934104932e+00,2.007213738550748250e+00
1.854133807311452387e+00,3.568589296793291510e+00,5.249628597290014298e+00,-5.684520122355790406e+00
4.539979920454093154e+00,1.828469649048209966e+00,3.738572587811544778e+00,-4.666506160561259442e+00
2.542576998409437627e-01,8.462147495075482695e-01,4.841632777741916804e+00,-2.133621321230481094e-01
5.852766588162721106e-01,4.216563317021101986e-01,9.716603777950411081e-01,2.038012780336818930e-01
7.536063858454350450e-01,1.139574660031660164e-01,4.677930368753049351e+00,-8.582809290871352970e-02
1.126764392048312247e-01,9.853656556964274671e+00,1.822842712695117440e+00,1.075194808564714277e+00
3.548067484792490678e+00,1.663633296280105089e-01,1.633242582834277812e+00,5.891178085035385648e-01
2.677897841445810445e-01,1.185028726960676432e-01,4.137258523104235586e+00,-2.662855829169315236e-02
9.952676198880348934e+00,2.146667078738838441e+00,3.670716542840617436e+00,-1.078460714152166311e+01
4.938116589027686798e-01,1.652640116629749745e+00,3.786096885203050988e+00,-4.903104412432852111e-01
6.363110911424948446e-01,1.719070035895740256e+00,2.041359984513158032e+00,9.749744683880757767e-01
1.396891439652298839e-01,2.889069000438718171e-01,5.537912511204340582e+00,-2.736910693403436790e-02
1.046068404691412601e-01,8.326073318929639200e+00,7.560242000120681594e-01,5.975112484333549023e-01
6.696024640195919808e+00,4.545488204003542698e-01,5.473894133051548927e+00,-2.203003117840204972e+00
2.152924185803033186e-01,2.627941637038181177e+00,2.691615525526796837e+00,2.460813690811816112e-01
3.478349565505108321e-01,4.032386960886353400e+00,3.033920399862749306e+00,1.507300190553548802e-01
5.155569438203750909e-01,2.340321981673713303e+00,1.740285384952740211e+00,1.189280414913387096e+00
4.717006459416712261e+00,2.607402185586533250e+00,5.466465196646970170e+00,-8.964890782549479908e+00
7.087353216280724233e+00,4.247489620289377044e+00,2.555758461702715145e+00,1.664404203099886459e+01
5.973715699941197776e+00,6.539637436009337890e+00,2.898303383496415364e+00,9.410840238320282936e+00
6.708789870645812670e-01,8.865930361221511902e+00,1.092145897374255048e+00,5.279517968373903081e+00
1.312840072822448523e+00,5.474800423854429887e+00,5.082590198629545419e+00,-6.700614526683394523e+00
9.846500575844110870e+00,3.952443957551897036e+00,2.144641687978690925e+00,3.268388521445404393e+01
1.628145101067402178e+00,2.092811445221093580e-01,3.206278839591908625e+00,-2.202580761660223596e-02
6.637771257394339264e-01,5.259180169472837951e-01,5.787372212682407202e+00,-1.660796352411369192e-01
3.725251173869906784e-01,4.418300147903677200e+00,3.553567919434196920e+00,-6.590625776582700324e-01
2.695255328537494166e-01,1.158652787913026838e+00,5.894527865781201470e+00,-1.183398263454812083e-01
2.157162087156541674e-01,2.948130663975835897e-01,1.362486760402013553e-01,8.638081148777412843e-03
2.424204854001228704e-01,3.064035604394330203e+00,3.438426170560164419e+00,-2.172599127605957525e-01
2.628789735107078140e+00,3.075706356088312443e+00,4.673894725605182821e+00,-8.079395543884491104e+00
2.747057416853618816e-01,3.788940170676580621e+00,3.512851984446357712e+00,-3.776068798368599766e-01
8.683290767091316198e+00,2.674460305366748170e+00,3.151229623745949393e+00,-2.237970163305073035e-01
4.049397130680798540e+00,2.588918575788904608e+00,1.180426529439295491e+00,9.694864542471712809e+00
3.111609065079370962e-01,6.636945219778382921e-01,6.126644347961800463e+00,-3.219630733917610427e-02
6.444525795867906970e-01,5.695008953149340858e-01,4.093747270133795801e+00,-2.989960557742504799e-01
7.063414419493095897e-01,6.811095827632546174e-01,5.974054428244907733e+00,-1.463642116329093024e-01
3.035483106613113269e-01,4.621209366454197998e+00,2.662075873436874129e+00,6.471641754781927158e-01
6.274509692806652383e-01,1.367360576362462776e+00,4.440014277005786880e+00,-8.263231327997643261e-01
2.060614452809188535e-01,1.658818554261310529e+00,5.424549222563151751e+00,-2.587402302772948692e-01
1.885210009541612663e+00,3.351975180452154923e+00,5.151924161369106692e+00,-5.718536530549597430e+00
5.958180775640717908e-01,1.850821656966402662e-01,5.268284325208143493e+00,-9.367096115423376168e-02
6.200121430626763797e+00,7.467001992222883633e-01,4.594700176671084435e+00,-4.597607180631542612e+00
5.902467851660881060e+00,1.014168882728119225e-01,3.635685012357465773e+00,-2.838804356766565506e-01
2.326143050040293814e-01,1.709434323671949196e-01,2.191621578493911038e+00,3.234389375214997975e-02
4.543677611533530225e+00,3.166749659356874691e+00,3.937312736325500495e+00,-1.027881479683256494e+01
2.376957032343308962e-01,6.493569732303127395e+00,1.658759279810243736e+00,1.537526096937995579e+00
7.922660364618084650e+00,7.084271320218003432e+00,3.306980828378412784e+00,-9.240361806694146196e+00
3.015918465793115733e+00,1.106321344391900663e-01,7.210074427521973028e-01,2.202612402282296267e-01
3.859328839923228949e-01,8.714992696530796223e+00,3.044071372636710571e+00,3.274836373410008883e-01
4.221309730174195862e-01,1.853208207435080301e-01,2.349775199824568173e+00,5.567067387037619858e-02
1.255355889941285885e-01,1.651296946385388265e-01,5.434481297960552793e-01,1.071910522738435227e-02
7.846590147798739423e+00,2.744815316945960149e+00,4.957490693667639725e+00,-2.089374376464972016e+01
8.158333451585814133e-01,2.369583819414725845e+00,3.020913267915930955e+00,2.327297826258139524e-01
3.262163281069394571e+00,1.386220926514173168e+00,3.472899704370493446e+00,-1.470938587919518259e+00
1.915083356313572183e-01,4.592668380399480554e+00,4.504668102074833591e+00,-8.606273511423253586e-01
8.881670216094442738e-01,1.109898102947506626e-01,4.262178943272013854e+00,-8.875480665266465008e-02
1.740091417861981682e-01,2.869024853029698008e+00,4.630330278894928320e+00,-4.975566581697085655e-01
3.600736649140796053e-01,3.195580669179630129e-01,2.905427764609703978e+00,2.692228373124990956e-02
9.134817092199295496e-01,9.403222229266057219e-01,4.569435831728148933e+00,-8.502053320392459757e-01
7.624876906345418037e-01,5.506669103771081986e+00,5.297355688158577713e+00,-3.500640321873599081e+00
8.179889287296971956e-01,6.524285292150996618e+00,8.780670652567725831e-01,4.106693636453456087e+00
2.810891129124008514e-01,3.561406107513059860e-01,5.781183108805604931e+00,-4.816977302425132224e-02
3.436113687498418834e+00,1.052491476065922527e+00,2.776668949804792508e+00,1.290642364748544324e+00
2.481082890991694601e-01,1.970712519590198664e-01,1.497694774289533681e+00,4.876442583760545735e-02
2.408497712804646529e+00,3.912914819736859506e+00,1.161551447649508129e+00,8.646006823934300201e+00
3.141630426282490673e-01,2.841646877020225781e-01,4.440873475791002001e+00,-8.600353806287491798e-02
1.923787946598176424e+00,1.878106016217045149e-01,2.553333645180079436e+00,2.004945672683084157e-01
5.010467837871044328e-01,3.295938462654143031e+00,4.674562810757747489e-01,7.441575142332922388e-01
3.372105003888406838e+00,1.852239793420517255e+00,3.377911694311909185e-01,2.069931188756246598e+00
5.012019211536877794e-01,4.917503185896073603e+00,4.855092305369697492e+00,-2.439609119274801508e+00
9.659709863251023876e+00,4.069807069045209835e-01,6.174415229589242493e+00,-4.267668262352909414e-01
1.709451712987302807e+00,4.338052348863609353e+00,5.024056612049689896e+00,-7.058429132169234954e+00
9.027996314999302996e+00,8.262237585144271979e-01,3.826767103263658765e+00,-4.720207397795251225e+00
3.463839145117120211e-01,4.486560945636339226e-01,4.244576330731784530e+00,-1.387097977951822492e-01
4.170833887346959701e-01,1.064679973811262448e+00,5.179081994951042489e+00,-3.965730074250252146e-01
7.474373267767639994e-01,1.064705613770325771e-01,6.074569955544879996e+00,-1.648146829009951991e-02
1.295452930290925897e+00,3.744711141890233019e+00,3.377158564345263514e+00,-1.132213564497649649e+00
1.404533293159764495e+00,1.938357320262290850e-01,4.155428918839952246e+00,-2.311026891366094738e-01
1.324117700475541115e+00,7.228040091123836497e+00,5.219554239673846574e+00,-8.366053030989572648e+00
5.786905345157993708e+00,8.138787182422916544e+00,4.230634174105523115e-01,1.933651327922369134e+01
1.895333221725924666e+00,1.009095555382204745e+00,3.294618342040213754e+00,-2.915317881614405970e-01
2.451862992723027102e+00,1.824680606731189092e-01,3.079761875431499471e-02,1.377626654637821753e-02
2.139339698002420687e-01,4.003219495057017241e+00,4.476533954918957003e-01,3.707045568979037697e-01
2.358965150168497449e-01,6.202084069059987659e-01,2.628710713363274221e-01,3.801794916015063114e-02
9.550062229070517272e-01,3.159485950635075646e+00,5.216246303986920019e+00,-2.642355459362179193e+00
1.818852778999721531e+00,1.268938224453401986e+00,4.222911132257313405e+00,-2.037001552260204740e+00
1.245703141353174670e-01,6.907448474629290125e+00,2.759023217079436652e+00,3.212154832253918957e-01
6.079285379150294766e+00,2.775503062969809420e+00,5.350422212867094629e+00,-1.355361402367975465e+01
5.623331632502241106e+00,1.132965912492388094e+00,2.131408352560558939e+00,5.395826555581512807e+00
3.868060510362071880e-01,1.201863069344667190e-01,2.894164609312561698e+00,1.138562292564184938e-02
3.463607386803384536e-01,3.339909875405657202e-01,4.447989246117824425e-01,4.977495889562744830e-02
1.736152162689902634e-01,1.725361439853169143e-01,3.991425663484255093e+00,-2.250122770913550591e-02
1.133495782363897808e+00,7.693626894736549815e+00,1.406482721237437117e+00,8.603233435123948780e+00
1.170734157713460677e+00,1.483454114961696713e-01,1.551798956299207943e-01,2.684252924883843289e-02
4.205629697217916352e+00,1.639777104764768290e-01,1.470680346543424832e+00,6.861762640843146466e-01
3.605029107245634745e-01,4.395196711798287081e-01,3.780673821188633710e+00,-9.450768056631307645e-02
9.102495803439424327e-01,1.415353844051777665e+00,1.419543835946432075e+00,1.273616604036898803e+00
1.430352868367932739e+00,1.839274196022389340e-01,6.232269932738711660e+00,-1.338908666282349023e-02
8.395608840520977223e-01,7.794209553869593243e-01,4.016100777267820554e+00,-5.020520966805491758e-01
8.353635371432236667e+00,1.103980837622426936e+00,1.277313326723733544e+00,8.827929127452838642e+00
1.145728656231900677e+00,7.279731319778147691e-01,4.675008454115754941e-01,3.758745875588592744e-01
1.120758661464973799e-01,3.535289762310257711e+00,2.776130358810256382e+00,1.416017748507016061e-01
1.130968921448219255e+00,7.801669892903435155e+00,5.246681833611916090e+00,-7.593713194942056433e+00
1.224665858389027306e+00,7.592313980985314625e-01,2.610214449983918605e+00,4.711525192244932492e-01
1.138459043616398964e-01,1.488627692644752587e+00,1.108935203437134920e+00,1.517174600185986488e-01
7.066380116922515997e-01,5.319588641953242325e-01,5.152318283529496945e+00,-3.401095986176516650e-01
1.613353553335025614e+00,1.324350774260414088e-01,5.059265383847168174e+00,-2.009385686892376788e-01
1.082822379156265502e-01,1.752479888348472237e+00,4.747177097980481264e+00,-1.896476292920204754e-01
3.756122699350298522e+00,9.901895766777190744e+00,2.481624883678160032e+00,2.280254588378121383e+01
1.621585826576167122e+00,1.849681732233245057e+00,1.521283714819578359e+00,2.995741897350483018e+00
2.760256361176969819e-01,1.294883018643483430e-01,1.403823258876934377e+00,3.524500256201999748e-02
1.152349068045426250e+00,6.099902900249734028e-01,1.865886221876289719e+00,6.725386545087250756e-01
4.714734329799556423e-01,8.416550510324241063e-01,6.209132205771326518e+00,-2.935875291879697438e-02
1.176104371373753787e+00,1.008988929113571326e-01,5.272399275820219167e+00,-1.005411062248283138e-01
4.473147285242738413e-01,1.765685418228057912e-01,6.134749027943843025e+00,-1.168074625739813285e-02
1.199098849928772248e+00,5.478452040085042718e+00,8.445663896366951695e-01,4.911684890125735059e+00
2.193231545793785209e+00,1.206464837582452848e-01,1.032950591416393227e+00,2.272471301972645574e-01
1.185370857595574590e-01,1.676330773690404952e+00,3.014742061014902275e-01,5.900182964151897552e-02
2.481329423694388636e-01,3.546988365405942645e+00,1.498153080349060362e+00,8.778034536171414048e-01
4.025814476764909777e+00,8.615606267256863404e+00,6.325964408232837011e-02,2.192687029154438694e+00
6.591096484484837426e-01,3.129895877520895819e+00,5.647825476165521330e+00,-1.224289867878258553e+00
7.239219320880167174e+00,1.147478418068603068e+00,2.004651002112753044e+00,7.537235910376203663e+00
8.398256849054527962e+00,3.710160431770011424e+00,7.689230006198255474e-01,2.166669025373785828e+01
1.482888718143839379e-01,1.633926855188076566e+00,5.133795975884728691e+00,-2.210959871477162497e-01
5.448119788054516244e-01,2.427052071356408103e-01,2.426372098229686358e+00,8.671346067988593143e-02
2.337564297891853382e+00,2.981440626995049747e+00,5.299569495127189889e+00,-5.801991877330280545e+00
3.055065701744077433e+00,1.591925686818594921e-01,2.650155312818613051e+00,2.295025132087347153e-01
2.212899127360564933e+00,6.765588078848627784e-01,1.322551406879895586e+00,1.451261280328334902e+00
7.929435874643946391e+00,6.777356304564082556e+00,5.788795320362992491e+00,-2.549963945526253895e+01
4.043878756064420710e-01,5.211951708834319241e+00,5.287646309852349624e+00,-1.768428709691812317e+00
1.990071797633016504e-01,3.201739029887843646e+00,5.244913933170182396e+00,-5.489389008562627348e-01
6.981187410610445454e+00,4.713331257688299303e+00,4.011588535534376554e+00,-2.514988789345394693e+01
3.279347179020799974e+00,9.553000874658758690e+00,4.209499473026351524e+00,-2.744904818599496110e+01
1.702144464911159172e-01,6.705785410003219926e-01,3.441861921929619816e-01,3.851506855535639928e-02
4.813658605620176889e-01,2.018306949384630844e+00,4.123544724255244764e-01,3.893633399024016839e-01
1.919845478400226124e+00,5.647597957252248335e-01,5.337630525395639758e+00,-8.791347513519488510e-01
9.018894687230611495e+00,4.199808812152710402e+00,2.904246079883967546e+00,8.905956539922087245e+00
3.972644423513714829e-01,3.361820914427820495e-01,6.951718806485953639e-01,8.554314854400123236e-02
8.374770588859268283e-01,1.123683616480119163e+00,7.377554015225123996e-01,6.329834121345309095e-01
6.683732131323083081e+00,4.808919763569468486e+00,4.010528427289351328e+00,-2.454463188054526768e+01
2.142173470778327093e+00,8.569149320503852696e-01,4.148600144384671395e+00,-1.551567121902461377e+00
5.770772562265267247e+00,5.999366244931819026e+00,4.795839541652929583e+00,-3.450049788063563483e+01
6.286520746241730961e+00,6.605795361479295247e-01,5.968562667019999601e+00,-1.285099343102424019e+00
2.409074403056529756e-01,3.605689926964979808e+00,3.337833229378996514e+00,-1.693699421555283635e-01
3.816817300927853873e-01,1.211015503039731822e+00,1.193707110152042450e+00,4.297469106406354156e-01
5.785837638275914685e+00,4.549798663467641835e-01,3.001975636460414432e+00,3.663404836582466184e-01
3.990505538651697992e-01,2.149504342491191378e-01,6.233999223956748104e+00,-4.217288952700670550e-03
8.294857407847693320e-01,3.504028237519025701e+00,1.175999841127353562e+00,2.682955347493029663e+00
3.878582824994687428e+00,2.899531207461822357e-01,5.517287596804660410e+00,-7.795600639999333836e-01
1.098811901506084737e-01,2.261935898089917352e-01,2.458825005612813808e+00,1.568171442035709573e-02
4.152858947487331198e-01,9.905084918148205020e+00,4.709026416539738413e+00,-4.113418797810727057e+00
1.938979524070019445e-01,3.842669097015500856e+00,4.678418693603428657e+00,-7.446558039058001066e-01
5.598811004350615628e-01,3.067939862353083136e+00,5.288546064352207310e+00,-1.440383294263102298e+00
4.305638493009555035e+00,2.903852322449279044e-01,2.910130169976483216e+00,2.868189687925302156e-01
3.043773863032031568e-01,5.081084265649311593e-01,1.988263491857310994e+00,1.413746106220336307e-01
2.170444685617779756e-01,1.543030249175083357e+00,1.013225682558715368e+00,2.841823117343750260e-01
1.103752260160430598e+00,3.885353332244750879e-01,9.791058701837757061e-01,3.559423703804220351e-01
7.218101795639060292e-01,1.281748788838339204e+00,6.196895994425402954e+00,-7.973405406323468003e-02
4.869002460415657318e-01,2.502672072276076687e+00,4.378725471920457579e+00,-1.151347139199361935e+00
3.261003074606988461e-01,1.648704890313160254e+00,9.044286220679653709e-01,4.226262941289189445e-01
1.015270521342168386e-01,4.782082903392468887e-01,2.491152422622777252e+00,2.939946480312535804e-02
1.952518119982798450e-01,5.183559002577633468e-01,2.953685484645244053e+00,1.890635009886638962e-02
2.953583999878920396e-01,4.386914402230848165e-01,2.410869064299477893e-01,3.093619202348607891e-02
9.576132319797238113e-01,5.977172577137516152e-01,1.960290655796997461e+00,5.295112287374448279e-01
1.438053451875415667e-01,5.682770603239615248e-01,5.911326850936480248e+00,-2.969322203475725092e-02
1.378232487713672294e-01,9.070446401207217235e-01,2.220430574346125230e+00,9.954756423462404746e-02
1.505427007904422965e+00,1.029881329974748683e+00,5.825257944767896490e+00,-6.854212158248211839e-01
2.967010641651479652e-01,3.383960863867901736e+00,8.086597188484808685e-01,7.262737836867015906e-01
3.839397489309875677e+00,3.812105946008522483e+00,2.987175310478827228e+00,2.251110441340283597e+00
6.042369605443295155e-01,4.146624742564128496e+00,4.440936785991587143e+00,-2.413797262194113724e+00
3.985971430805322235e+00,1.181972258241475116e+00,3.723772442842753883e+00,-2.590493412051018574e+00
1.022042066728141352e+00,1.646438266475764189e+00,1.660216822855291319e-01,2.780879086421972901e-01
1.070062648762509783e+00,8.689940621923229358e+00,4.678155572879002300e+00,-9.293332669168997029e+00
1.203402122144470843e+00,3.307278711778475211e-01,2.581061144819412956e+00,2.115905730835310194e-01
1.292059234230031661e+00,1.075496295132604557e-01,5.720565605356319416e+00,-7.412207230163489480e-02
3.142258341353848738e+00,2.905972496037064756e-01,4.487865179913559821e+00,-8.902122464534327761e-01
5.207782378728533779e+00,2.327128874805333703e-01,5.724344730623810662e+00,-6.425632215051806373e-01
8.682898256483517763e-01,1.589668730767956895e-01,4.192725065323334555e+00,-1.198075332518234865e-01
1.607202065367338284e-01,1.364060775731474329e-01,4.145199700229214912e+00,-1.849035355123820890e-02
4.324099441977862224e-01,4.204053278515049175e-01,1.788772564394632003e-01,3.234450497777768829e-02
9.363092621519072623e+00,5.704424208206089197e+00,4.675261025350018862e+00,-5.337424327418296599e+01
1.292042714225800082e-01,5.541910379148204058e+00,1.325596934484735590e+00,6.946210238104361112e-01
1.597994956346072970e-01,7.631267085597781552e-01,2.639016216362560119e+00,5.874016515770417307e-02
9.648592322733997584e-01,4.866108870279449938e+00,7.791710222561561983e-01,3.299206171711653202e+00
1.488610624874906918e+00,1.557167230711272943e+00,4.947997257107293656e+00,-2.253974771990353343e+00
2.271377202714626176e-01,7.653064267815990362e+00,1.978494334186680526e+00,1.595821563550784195e+00
5.225051587316487556e+00,4.907727993751524465e-01,4.311302257724008435e-01,1.071621028279756249e+00
7.955306378788381538e-01,1.063306294347194036e+00,1.920092960339277732e-01,1.614231059514063260e-01
7.128252680696530064e+00,2.764841045735357827e-01,4.750344243024467339e+00,-1.969429125860879592e+00
3.000234997953857619e+00,5.743266328986229574e-01,3.409581744392653047e+00,-4.562684836201572613e-01
2.079093761615196545e+00,3.520511346844448219e-01,1.098522754453120781e-01,8.024445889909538610e-02
2.962722046327403436e-01,2.157930543323447026e+00,3.719000268767337136e+00,-3.489832650922248813e-01
3.830515961060443342e-01,3.128772087602809115e+00,6.129429704853970762e+00,-1.835479871297414356e-01
5.804735114377000960e-01,2.612857790576260664e-01,1.740705526640494494e+00,1.494854521402092518e-01
6.530826089514028432e+00,1.080765173062074869e-01,5.744981945752068775e+00,-3.618037992243203771e-01
2.447942243020816144e-01,2.025907948400144098e-01,2.913639285860238015e+00,1.120725266765241687e-02
3.850834358375944677e-01,1.328389163640957937e+00,1.961318075628814439e+00,4.730270588750679073e-01
2.978710376341482946e-01,1.981517606535390941e-01,2.651679181552536235e+00,2.777356102545882124e-02
2.354960004281652530e+00,3.320100020746801661e+00,2.476902848628262710e+00,4.822693184266080735e+00
6.617426492072054911e-01,4.364730312185431060e+00,5.112007666595321353e+00,-2.660755138894226324e+00
1.046852714334361778e+00,3.659663341029366634e-01,2.278045897719557900e+00,2.912239333555742826e-01
6.819733961485347606e+00,2.836887587678770251e-01,5.607442696035738194e+00,-1.210098825648084686e+00
3.372309090422532796e-01,1.098811872890085445e-01,1.829819143996386233e+00,3.581919387999359800e-02
1.065824266432941148e+00,9.035036535682002823e-01,1.595991401206492410e+00,9.626704902921873197e-01
5.652586913291551163e+00,6.242537883677218069e+00,6.201208521247343342e+00,-2.889434070322306258e+00
2.022605866265534957e-01,1.442801131523038016e+00,2.648051972389690256e+00,1.382497012050228347e-01
1.949346785812962057e+00,2.582876834709788016e-01,1.218923288378596093e-01,6.121998318063031491e-02
1.369899804920783060e-01,4.032522281280748189e+00,1.029120658878427408e+00,4.733346863813456262e-01
3.617460912993039068e-01,2.233823823061297897e+00,3.299064107017257275e+00,-1.267238124418228196e-01
2.072089023121443385e-01,1.231267414700549928e-01,3.410160553143787521e+00,-6.769887283874296939e-03
4.389292901444148409e-01,7.687275458267427419e-01,2.270796654066601139e+00,2.580707127054223116e-01
5.854911342424203857e-01,5.697109397556080701e+00,7.407676735038940530e-01,2.251049808955683407e+00
5.158976747727252565e+00,7.709539184323065397e-01,1.550002280046418823e+00,3.976473485430433996e+00
3.027194689603812883e+00,1.083509026644538242e-01,4.304193304480016913e+00,-3.010503809358684446e-01
1.967991103598561997e-01,2.664143643258403138e-01,5.281157849487875922e+00,-4.417575952717348736e-02
1.528275839433658190e-01,9.471976412156550840e-01,1.951832330790525871e+00,1.343758685481779847e-01
3.175657673550606463e-01,2.788903429189639738e-01,9.085208094374338517e-01,6.984272768404851950e-02
3.358915328248249788e-01,4.588729738252962598e+00,5.374496049789432739e+00,-1.215633348277406656e+00
1.286351802724808313e-01,2.723307594410239396e+00,2.242540589874618018e+00,2.742031835294907460e-01
1.685081055858765331e-01,1.044555930151655598e+00,5.712022798457534911e+00,-9.515615656963544167e-02
6.616806311178522471e+00,7.489186784305505107e+00,3.940983873103566459e+00,-3.552719654156352647e+01
1.164747814215418176e+00,4.925064012185990769e+00,4.015352460589881822e+00,-4.398417074900619284e+00
1.230502721138212019e+00,2.518330139856234329e+00,6.012589398913995575e-01,1.752939349823875670e+00
3.356644064242048642e-01,1.946066610048652112e+00,2.308222472962959237e+00,4.835184265434440687e-01
1.246525423456087855e+00,7.792154043323646917e+00,2.841930791643941578e+00,2.867284826515425600e+00
1.162395109109747998e-01,1.347274846146437666e+00,2.403764116907277870e+00,1.053465400950131942e-01
7.864393587168635458e-01,4.376877500118725450e+00,2.047944383661109757e+00,3.057689227670089771e+00
1.542650018119815725e+00,4.504292293725579377e+00,3.737269186544181387e+00,-3.898613362781374825e+00
1.022143569326408707e+00,2.410681674579206124e+00,1.012056100413207593e+00,2.089337007471996799e+00
8.476451197123412440e-01,8.493176620514610864e-01,1.127553807639814831e+00,6.503510754468989630e-01
1.788875147965661716e+00,5.026944332121150438e+00,2.589446474888571270e+00,4.716747126759919695e+00
2.227073691435898783e-01,1.367127558577815316e+00,2.328450313310316266e-01,7.025530771731323953e-02
1.137516526526568400e-01,2.529053099973071372e+00,3.353968634138227323e+00,-6.063891657496241899e-02
5.991503927960024622e-01,5.016385428429941840e+00,4.626039848338440841e+00,-2.994371238606233998e+00
8.247908103809734826e+00,2.892115905180874247e+00,4.087224945838806356e+00,-1.934234852696603824e+01
3.007605618366760991e-01,4.703216576502558532e-01,6.319712777832708905e-02,8.933550175930452669e-03
8.511803703767985008e-01,3.209171298139436024e-01,6.001652417041372090e+00,-7.589118210503734141e-02
4.003677876923438461e+00,7.203536036352081062e+00,3.595838163338370475e+00,-1.265482369977602772e+01
1.029742090585176878e-01,7.693118376430361671e+00,5.933707593049599716e+00,-2.712524638255859877e-01
9.020750343190451215e-01,5.519370386283359409e+00,1.028552225081746485e+00,4.264678688628637637e+00
1.370374692614024559e+00,1.173751264038495473e-01,4.692018180027883290e+00,-1.608145304328026104e-01
4.548292095733837970e-01,4.404567698755341154e-01,3.038452305430891176e+00,2.062575990176473278e-02
1.774331031869776476e+00,1.223188421664171299e+00,6.326272102589505231e-01,1.283248034252997050e+00
1.807743043893890178e+00,7.414115929903398516e+00,5.673558211704156307e+00,-7.673940335217219300e+00
6.390056348127144403e-01,1.214289419740930631e+00,5.647274674332948052e+00,-4.608375127886635836e-01
2.687504313910827891e-01,1.134330910418507865e-01,1.213062033519961114e+00,2.855525301129180002e-02
7.107539910529485638e-01,3.158931343147805659e+00,5.138201198964289063e+00,-2.044732583723985364e+00
7.585984819198386298e+00,2.303339996127255207e-01,4.882050799807146624e-01,8.195608583413929171e-01
7.097314312724642971e-01,2.379909984750538943e-01,2.472623778250155890e+00,1.047539802282932420e-01
1.717884669922630447e+00,4.244751553917920361e-01,3.806114995527391631e+00,-4.496849853354921711e-01
8.124005089753817188e+00,2.421761909962829140e+00,3.114704231437386284e+00,5.289499936233812427e-01
6.774300279830447913e+00,2.190823767380055465e+00,5.783910633328373407e+00,-7.105848460775638031e+00
1.388060366015993752e-01,1.023273926664316075e-01,5.519149239281913921e+00,-9.826678658121559135e-03
7.332039925878993891e+00,1.387510594013492637e+00,3.919656614035125219e+00,-7.140645144268537692e+00
1.757980643758594086e+00,8.729797633672252033e+00,1.534065538526469263e-01,2.345078712885424022e+00
5.443099776489650488e+00,4.322531096855890542e-01,5.723884714459284595e+00,-1.248378671772773174e+00
8.059227321903408292e-01,1.375439296306511849e+00,4.779739362305842398e+00,-1.105984631863790701e+00
1.073155761877101710e+00,6.224504150902118838e+00,3.560581343021268275e+00,-2.717614070043346874e+00
5.662120254587796886e-01,1.365468860501337922e-01,5.291966852935185983e+00,-6.468856213738113925e-02
8.833686674492836843e+00,8.091027309668502587e-01,1.917824013550620155e+00,6.721289883332529413e+00
5.274038649654632094e-01,3.180173857299664952e+00,5.624581209039029028e-01,8.944150147312452948e-01
3.756265300343252234e-01,3.838979143295161656e+00,2.733037536853781813e+00,5.728921154227827328e-01
1.648740001064302185e-01,2.183708345366685288e-01,4.337933827606336834e+00,-3.350887215273254394e-02
3.969928369558025416e+00,8.281956336058080126e+00,4.365297040785567795e+00,-3.091807758014097018e+01
3.765348749057182975e-01,1.644222438177270318e+00,5.986551165443006361e+00,-1.809668668972930217e-01
1.796857692984345611e+00,1.870843205407135001e-01,1.014496498406521896e+00,2.854753551196267392e-01
5.638980737754931694e-01,7.843531196346474887e-01,3.408870673821436381e-01,1.478695721756967951e-01
2.812159736744500593e-01,5.387270642218530137e-01,1.161264390117150880e+00,1.389708225144802300e-01
4.930405899507465661e-01,1.514835269222310488e-01,1.927561273852994805e+00,6.998456965242126626e-02
5.673988553915287891e-01,3.545474280873846418e+00,1.717552390953027253e+00,1.990073586929895999e+00
1.493888654344404376e-01,7.440200605668075617e+00,5.689122764168375923e+00,-6.221328456581624033e-01
4.336767468452197294e-01,4.009957928887023293e+00,2.269581837968243754e+00,1.331439698419993656e+00
7.470854668200469506e-01,2.003581720336887972e+00,5.060505999027694379e+00,-1.407061001020216251e+00
5.503852145175073041e+00,6.205472737251941595e+00,1.455654515497968093e+00,3.392785376292975741e+01
3.526133954153884975e-01,4.163105288826934869e-01,6.972266649760273660e-01,9.425726764630516785e-02
3.602946953467812130e-01,4.993836289420099384e-01,4.457214886533022558e+00,-1.740991781731572319e-01
5.888918799391103853e+00,6.090947650927673873e-01,6.249458464913471012e-01,2.098533505125845799e+00
2.885509497843195437e+00,2.172918913531048934e-01,3.910418146517285365e+00,-4.359462945260511035e-01
2.105490585292356664e-01,1.851777360502667169e-01,2.216126604779109055e+00,3.114835574761248144e-02
1.069961944240741952e-01,2.518115015100862220e+00,6.262416196554367431e+00,-5.595392681019294157e-03
1.310764939556796072e-01,1.474074819118893487e-01,5.406265154587975630e+00,-1.485396541525633822e-02
1.798272889735630098e-01,2.689111445384959609e-01,2.499930676549214414e+00,2.894333948658849368e-02
2.055070141799718364e+00,4.941715968020795602e-01,1.461583894526277128e+00,1.009506854547770560e+00
4.989189352500269514e+00,9.878011644093105392e-01,5.707439016736393533e+00,-2.683281482571545418e+00
1.915618196027288334e-01,6.417423315701848985e-01,2.046102733288764686e+00,1.093064825440400734e-01
3.808310210381773975e-01,1.847611277134653562e+00,4.199071796537411139e+00,-6.129443884511456275e-01
9.867986532750803619e+00,1.369602745404987720e+00,5.940602676753068856e+00,-4.540043515990702439e+00
4.798449560789341817e+00,5.391120255125897209e+00,3.693175691487764922e+00,-1.355630097551839164e+01
1.607029815028002406e-01,4.232993679932829378e-01,6.945783938918640432e-01,4.354048921276768708e-02
8.748896998449503526e-01,2.396421972207661177e+00,3.758086237689986397e+00,-1.212210404607176661e+00
2.999357820041542055e+00,3.042666893080020696e+00,3.676020354907780785e+00,-4.648339361754708854e+00
6.078374494255430749e-01,9.373509706575660516e+00,8.150420834969785977e-01,4.146432157315225631e+00
1.540582745633621853e-01,1.116116073453534252e+00,2.402212770413005849e+00,1.158629641260069537e-01
3.632853314218253415e-01,3.645154386723952644e+00,8.543094067423235849e-01,9.986259355985939168e-01
2.714830943959599674e-01,9.529323674957183243e+00,4.376322774811057248e-01,1.096381746857807205e+00
2.107868978415389449e+00,4.457184350068781775e+00,6.008503354323545764e+00,-2.548351133704023663e+00
7.146310926993208135e+00,3.086403698890581859e-01,7.438600106395044653e-01,1.493512495616384550e+00
3.191297059760441535e+00,2.462452593656872524e-01,2.790397065890506401e+00,2.703458087202657012e-01
2.449971234917788232e-01,3.381582073845092129e+00,6.198939684309531017e+00,-6.971310402307048792e-02
3.082527463604730844e+00,1.780165697382899981e-01,2.787603200506175938e+00,1.902170235177810531e-01
7.169052692112879654e+00,8.547713811079278301e+00,1.711578357667283834e-01,1.043724827015416068e+01
2.152675069228485949e+00,1.433827294965495991e+00,4.890161274952246728e+00,-3.037920254242102214e+00
2.891007819846087568e+00,1.392917344931728363e-01,3.881306164689348748e+00,-2.714461486622263831e-01
3.167870164169382274e+00,1.751969469362449072e-01,4.136222882020764047e+00,-4.654004401457970674e-01
7.336001859535365099e+00,2.540032095264499468e+00,6.092062565085590187e+00,-3.539678355686290967e+00
4.453815502846772412e-01,7.753909431761353055e+00,4.311241386064966541e+00,-3.179291014600581278e+00
2.042454287365869536e+00,3.368740088653126907e+00,1.690813336271880019e+00,6.831003461729236115e+00
3.778927614625337550e-01,1.736072825668494302e-01,4.361975230353341004e+00,-6.161817325299091125e-02
2.169351813378556093e-01,5.928073902761304970e-01,4.286214813510420996e+00,-1.170979498100784139e-01
1.639213917693386646e+00,1.428610603232417509e+00,6.249753249165978630e+00,-7.827655587074835997e-02
6.733699460469121378e-01,1.796170182981968455e-01,1.725042259176456039e+00,1.195127581591288318e-01
2.863813966422849688e+00,2.040067475444937439e-01,4.943464328630159166e+00,-5.687087389395575343e-01
2.700292973310955524e+00,4.544717075719288069e+00,6.504949523282563817e-01,7.431723046344210104e+00
1.840120482903621624e-01,2.498894031274569438e-01,5.215481178730915213e-01,2.290962056885157555e-02
2.172648788622603799e+00,5.499533402276582938e-01,1.040909861651132806e-01,1.241492078754184852e-01
2.749072310364645499e+00,1.913636593652207951e+00,5.062057007015814847e+00,-4.942380435486570356e+00
1.137200370773030211e-01,2.923054591164283345e+00,8.046506237442089260e-01,2.395307151362978670e-01
3.561513973992919802e+00,8.396185466357021232e-01,6.715581828756263250e-02,2.006660188440182457e-01
1.004488486316437584e-01,5.953768046117962065e-01,4.158907864238123864e+00,-5.087603033685130643e-02
2.956653922183896110e-01,3.528969525506284177e-01,6.112146976760615580e+00,-1.775915500584622844e-02
1.605792453403147579e+00,6.291041031291814356e+00,1.884952625094152623e+00,9.607683203616309342e+00
8.764988720141050349e-01,3.053594172622278724e-01,5.153067516209950405e+00,-2.420768257538995216e-01
3.179065984729195549e+00,4.363542588975436232e+00,2.047407639449568606e+00,1.232602108856420919e+01
1.726067891033720436e-01,7.332012521274578809e+00,2.414039442002627656e+00,8.416503030473865277e-01
6.832275533418789237e+00,7.672923488244094425e-01,5.342884682490566028e+00,-4.234433725070567256e+00
2.976071907274063122e+00,1.085190750392328818e+00,1.484220345572283994e+00,3.217509670342187267e+00
2.376792188979599096e+00,6.915265450422094506e-01,1.666741169472786499e+00,1.636055615445858757e+00
6.668140456432028351e+00,6.456351240443948258e-01,3.413583905904815641e+00,-1.156588211771169883e+00
1.037145767373903515e+00,1.671944557293352784e-01,1.338256799466140956e+00,1.687377046726977192e-01
1.877869283099557751e-01,3.147323753019584114e-01,6.036000698886619276e+00,-1.446094177417220003e-02
1.738782585798534841e+00,1.224232695763071838e-01,6.018863812600965701e+00,-5.561255505138632677e-02
2.364211070301160678e-01,4.498859417795083360e+00,2.465482069614388372e-01,2.595862765947705708e-01
1.323599660698319802e+00,2.954395855688055073e-01,5.580811008580295329e+00,-2.526267012182453753e-01
1.588197760915043555e-01,1.383414242641611558e-01,4.896488545089972888e+00,-2.160007075012689709e-02
1.584374427447541089e+00,9.314660976268350767e-01,5.754554346531302045e+00,-7.443176602048687807e-01
2.235694270045220478e+00,2.004326407247552400e+00,7.388780406390547117e-01,3.017810704557752466e+00
4.852840408352838697e-01,1.521265804454179082e-01,3.532716460994138163e+00,-2.814397531047749951e-02
6.933653920119970060e+00,1.188072251894397441e-01,4.124414449186671883e-01,3.302052005686910152e-01
6.541129593239285001e+00,6.748295038302382309e+00,2.919281303646144465e+00,9.732518353007021616e+00
1.342696036064935650e-01,4.242428705895500696e-01,3.115333649368940083e+00,1.495617716957335598e-03
4.273662023120412989e+00,4.623736873590805208e-01,4.986948122518465532e+00,-1.902016346672108060e+00
9.550777978006442126e+00,1.168547759020958782e-01,9.782129788322316832e-01,9.257675172768354832e-01
1.249063662735398900e-01,9.836923539648215753e-01,4.440877634221361170e+00,-1.183683210952846399e-01
7.988036290165061004e+00,1.171217099022784591e+00,3.644232115924924909e+00,-4.507028796002517268e+00
6.052407839872556927e+00,3.743675457541555951e-01,5.692171832324315339e+00,-1.262524241571485684e+00
7.127806919757614601e+00,6.828211951236542454e-01,2.830660839438527532e+00,1.489044100686897965e+00
1.798545135836794762e+00,1.216540195440795891e-01,7.174506978440413352e-02,1.568437526121696513e-02
1.204592272394889030e-01,1.072727964507940834e+00,1.719397863144851657e+00,1.277958604744345583e-01
2.754191998901597271e-01,2.119293783051998947e-01,4.427868269374780397e+00,-5.602275305192660343e-02
1.546622743996664273e-01,5.137932530859540492e+00,1.496559869469497706e+00,7.924556734079679643e-01
1.038302524185671510e-01,1.128035730234769884e+00,2.699567086142546923e+00,5.010237737745698583e-02
1.988012596026195455e-01,8.764928556278020366e+00,8.925775311315553573e-01,1.356853448259490724e+00
7.621230883414300550e-01,1.869364273642319663e-01,1.831186967042546243e+00,1.376658776282312924e-01
4.903681436417555717e-01,1.564365525095822995e-01,2.706950605779848029e+00,3.230212092441003130e-02
2.371251345696971657e-01,5.603356061281438150e-01,5.907532659125280361e+00,-4.874718551754138318e-02
5.818082776525997923e-01,3.817185518895488960e-01,5.967912162128988562e+00,-6.886388935467931127e-02
1.106707448960811552e-01,2.083208860995407474e-01,6.119802570739788727e+00,-3.750057444848770016e-03
2.589755696383663430e+00,2.815881048037321421e-01,3.363963496217598159e+00,-1.608295335994376352e-01
1.709298790138570112e+00,1.275068670461573683e+00,1.678817387963217556e+00,2.166770048963639006e+00
2.618737136733315651e-01,1.756178212221855828e-01,4.120639039302492534e+00,-3.816987108949260188e-02
1.212979056373227005e+00,4.388570049219444158e+00,5.324141913199620380e-01,2.702157465487203591e+00
4.001266343920424351e-01,4.180610567110120357e+00,1.643967808450707668e+00,1.668297563557977314e+00
5.574072879140766545e+00,5.806232344678575741e-01,3.976537759115993609e+00,-2.399039636766979289e+00
3.534411427761089408e-01,8.461498728988471996e+00,4.812282206459848055e+00,-2.975732890424599209e+00
6.690505003354338953e-01,3.001042149765954514e-01,1.606062442302898852e+00,2.006600301582991130e-01
1.546666218022946016e+00,2.635569955674464282e+00,4.229152496279741769e+00,-3.609587912540889398e+00
9.750995167149030252e+00,3.695269989736316707e-01,2.874657616750719846e+00,9.504534088068046227e-01
9.564668482680506401e+00,1.359561075788003615e-01,5.912920393504378147e+00,-4.705568607681188675e-01
1.034640273725338372e-01,2.153954542918295190e-01,1.378252140366006628e+00,2.187385438644662630e-02
4.693494972526953468e+00,6.533345155894421108e-01,6.111515761574318972e+00,-5.238295291066364934e-01
2.184636023125403059e-01,3.934402197488771624e-01,3.532784593314975297e+00,-3.277282818826669775e-02
8.052236313014395463e+00,9.414424875129544512e-01,3.066078927927539333e+00,5.719043205843172828e-01
8.009945168091775480e-01,1.364929999149054329e-01,5.681776601682949845e+00,-6.185949514005667504e-02
1.617282956620041401e-01,2.923689832585745774e-01,1.775455373686555705e+00,4.629752906102999749e-02
2.480599813331511860e-01,9.734549378508319251e-01,5.997392345390736290e-01,1.362951872394422559e-01
3.318883400037811349e+00,1.258501646358699266e-01,5.715742595633858336e+00,-2.244946068232895608e-01
1.435526337156758814e+00,2.698427503277031625e-01,2.378653736229193960e+00,2.676890298553917802e-01
3.159332609233244771e+00,1.240619909877102578e-01,4.423400549373133650e+00,-3.756998358473469524e-01
1.674212530878603777e-01,1.325217825202453514e-01,3.920152607281485402e+00,-1.558090433663732004e-02
1.985154027588197589e+00,7.137582496058596071e+00,3.589326412163180297e-02,5.084696653764846364e-01
5.358699123624538707e+00,1.194183621704862253e+00,2.867626344733696708e+00,1.731335120377152315e+00
9.427729913408915863e+00,7.058142341299750155e-01,1.363410130259192332e+00,6.511642184651063481e+00
1.063106903750776100e+00,2.564690441897180317e+00,2.180788050734461248e-01,5.898987659214223189e-01
1.099140728816549589e-01,5.920882518387178273e+00,5.159845836091093929e+00,-5.867184436833876582e-01
4.205524003000252975e+00,1.861501820849653210e+00,6.278394712058447347e+00,-3.750346443217868891e-02
6.445562997139290040e+00,2.128977021912223044e+00,2.522193046441313147e+00,7.966522271922760190e+00
2.891402923002571512e+00,2.632580101933804428e+00,5.357797467342708231e+00,-6.080757563995840442e+00
2.421404220877749203e-01,2.613340059426179640e-01,4.717639636641384193e+00,-6.327865421783039623e-02
1.918569115880899734e+00,3.396765146060494178e+00,4.523290293493275271e+00,-6.400758304961618350e+00
2.515149828880533511e-01,7.844216843111450066e-01,5.580223555991095985e+00,-1.275465258079633013e-01
2.542094240755838452e+00,6.785043254058351625e-01,1.398540712301898081e-01,2.404377843666893610e-01
1.119964612177715368e+00,6.858173058255113697e-01,5.724309830340671645e+00,-4.072673351780441986e-01
5.074357147378119048e-01,7.855559900842993493e+00,3.173197837871330140e+00,-1.259633487895062132e-01
2.419701079361761487e+00,2.525436686052884849e-01,3.501813010509697399e+00,-2.153938231841161510e-01
7.733029828841287978e-01,4.886995770708843168e+00,5.648393514706992136e+00,-2.241060481197214571e+00
5.974360264128516285e+00,1.036495544952604347e-01,1.952984255648444245e+00,5.745621658315566149e-01
1.456603361201323388e+00,1.788695594006555756e-01,2.034836429462694607e+00,2.329900999888030177e-01
6.661637234674220309e-01,6.580302800674314945e+00,2.811822177556652314e+00,1.419509857701414468e+00
5.149509694324773124e-01,3.520001425942969608e-01,1.845278193710691239e+00,1.744773800289283194e-01
4.953341154789772993e+00,4.213946052612134174e+00,2.596584538655010377e+00,1.082114392112553247e+01
3.369556233030950754e+00,1.046487729298496566e-01,1.459751912199071855e+00,3.504481043635141457e-01
2.491787178875407793e+00,2.261590846468293226e+00,4.399294744104788712e+00,-5.361438455766196931e+00
2.544799378831076986e+00,7.114314383463323566e+00,2.888661672878947151e+00,4.530520684959597588e+00
1.002356621088548172e-01,4.828729064706082097e-01,1.751739026483098538e+00,4.761091282439027655e-02
4.414690078714015864e-01,9.983403382940698734e+00,3.044233804086716066e+00,4.284182487278265783e-01
6.667215963797173961e-01,2.395168263536569420e+00,5.204926062214124016e+00,-1.407095255579793092e+00
2.240180703161180897e+00,9.799700585018874532e-01,2.339405881877618665e+00,1.578159881826146416e+00
4.340967579870709692e+00,1.228451852876243588e+00,2.152932657327513155e+00,4.454325548731064011e+00
2.511160035418025238e+00,9.158719334712863702e-01,2.283027730584454407e+00,1.740807679156227472e+00
2.322242052852699634e-01,6.288771863889121017e-01,7.046631236072650184e-01,9.460171278438168907e-02
3.854145350961107219e+00,3.734497332703936578e+00,4.181483400669915973e+00,-1.241204280136168947e+01
7.376000018649014223e+00,1.148860811458734421e+00,3.476438047657202546e+00,-2.784751745956651980e+00
5.571638645439045412e+00,1.207808468769425991e-01,2.785771635926546530e+00,2.344279471402335724e-01
4.632931747910908893e-01,1.551861424545411650e+00,4.439641271272244616e+00,-6.923897371495999487e-01
9.813005297343442734e+00,9.558953769830854652e-01,1.058380005959888709e-01,9.909298561899071434e-01
5.110029139375904528e-01,8.450486981265406428e+00,3.294807892185959819e+00,-6.590321071217190019e-01
1.121759093992510614e+00,4.525498358961660195e+00,4.764776672991152928e+00,-5.069554354252651329e+00
3.145096081299493251e-01,2.253482827408712363e-01,3.295443115030989745e+00,-1.086106294290082458e-02
1.050576022922515285e-01,2.909529992971197632e-01,6.285740946660073325e-01,1.797304791685995495e-02
5.412046843743017810e+00,2.004025482781403578e-01,5.717797563363611779e+00,-5.810606993066276260e-01
4.255116950150885202e+00,9.002646682960716573e-01,2.979999824047379509e+00,6.163282547423317714e-01
3.697964662718017603e+00,7.807136703564555580e-01,1.519155474426211461e+00,2.883202857827364074e+00
4.193752503789470509e+00,9.591062783661900681e+00,8.401941759507061125e-01,2.995665281918262934e+01
2.107580273378620306e-01,4.357282608542989988e-01,2.542042532958733503e+00,5.181883834180810861e-02
4.908330577413211326e-01,5.383283752257338683e+00,1.544897498529183677e+00,2.641407516034107950e+00
4.133242866629561973e+00,7.303076258933973719e+00,5.374480892408897148e+00,-2.380745438774414069e+01
1.965194068621074208e-01,3.556843690981283390e-01,4.288457965888331502e-01,2.906545021179981342e-02
7.067160369188000280e-01,1.080184870903037719e+00,5.320614380442921565e+00,-6.264812373324406547e-01
2.643913347468345165e-01,2.489136916864449045e+00,6.151103164016809011e+00,-8.667156009831464281e-02
2.367076337837529465e+00,2.902913229737094092e-01,5.741269894451757061e+00,-3.544125235894866610e-01
6.608069879530641400e-01,1.792856449426600385e+00,4.577024583450111983e+00,-1.173894403168259437e+00
4.840818281539196466e-01,3.605716542503535904e-01,2.970445193751992452e+00,2.972751179806998670e-02
5.102485202321236368e-01,1.236877540107296225e+00,3.292210339969777966e+00,-9.469807289494362734e-02
2.001034400363504717e-01,3.453043813881781499e-01,4.263999766537670405e-02,2.945385906931529026e-03
1.698529193813071436e-01,7.469592706124769776e+00,2.945524180982026952e+00,2.471676012444852799e-01
2.056620139797117108e+00,4.907118498430120823e+00,4.925852606881556461e+00,-9.863019046967330894e+00
5.919526241834258684e+00,1.816475491262939390e-01,2.367757643496335440e+00,7.514864605006018605e-01
5.222825133597421843e-01,1.113919176253478499e-01,2.435430215903997997e+00,3.775282604886417981e-02
5.919499746059821987e-01,2.486334027684271142e+00,5.603927237525824445e+00,-9.245990354116339072e-01
2.243843748208808053e-01,1.765544030906006867e+00,3.171853865441642828e+00,-1.198646701206784217e-02
5.497620588640016237e+00,5.508012593084890440e+00,4.419284092726143975e-01,1.295066550274540162e+01
3.785446340130985687e-01,1.902907202581975765e+00,1.783562248221355118e+00,7.040921747627497673e-01
2.625367310503338159e-01,6.605001569210608992e-01,1.430773141086417954e+00,1.717083903947065893e-01
1.561126371713445760e-01,1.682278646638990960e+00,2.295398680407467751e+00,1.966438646755505060e-01
8.962880723031600994e+00,1.093786076254911754e-01,2.768905337765824815e+00,3.569636897880468229e-01
3.655390410158690373e-01,6.992303062204793251e-01,2.918062266875454558e+00,5.665886761831808588e-02
1.167133426501893112e+00,4.089781843113714288e+00,3.804106707637632923e+00,-2.936074557907637050e+00
3.241515821819269672e-01,7.398813255613927442e-01,4.014681907899326774e+00,-1.837887199659518356e-01
6.821758545426976905e-01,1.799456561283069078e+00,6.055441158501427168e+00,-2.771559068318160679e-01
1.675859502586570349e+00,4.111323608870416924e-01,2.067891916350162784e+00,6.056112954092935929e-01
9.585192663432444693e-01,1.262857666773389065e+00,1.430133344992181588e-01,1.725243301922539940e-01
9.050045778859715284e+00,4.653211832336650922e+00,2.648949921548024999e+00,1.991701954724223000e+01
5.325767850108383605e+00,2.929544631407063893e+00,5.426082858729132319e+00,-1.179437134449869085e+01
2.861104304295815637e-01,2.139002069890789670e-01,2.459503144652051554e-01,1.490063889106718088e-02
2.719252428346658479e-01,2.731907780706408939e+00,9.312975838208781276e-01,5.960789383085972615e-01
2.072173918417095362e-01,1.366056878995969559e-01,8.592509071821953226e-01,2.143846506885915132e-02
4.042148266822568892e-01,4.876095217817852046e+00,4.818386131391666716e+00,-1.959927919890578130e+00
4.838635734151751855e+00,8.474974096734101403e-01,5.707971768930081957e+00,-2.230855120338651520e+00
4.864335362612795421e+00,6.173036816213318900e+00,2.925680306184737400e+00,6.433099408301677258e+00
5.904459364946594846e+00,2.071078298829413522e-01,1.130756854201503625e+00,1.106363846183312960e+00
7.869057736596129615e+00,1.441546642877400419e+00,6.025936208020027607e+00,-2.886055139804326153e+00
2.492772196041440069e-01,1.171148267949959632e+00,1.788582954236674905e-01,5.193803937897257389e-02
5.798374465413869139e-01,9.778397228930261198e-01,2.182695260692511852e+00,4.641130341150213612e-01
7.055623033687687062e+00,2.053620535179901396e-01,6.670662643429692285e-01,8.964463572252684420e-01
3.849259675073413711e-01,8.130773841459751239e+00,3.068235539881226437e+00,2.293832743108432659e-01
6.773348463908480666e-01,2.270041075693981281e+00,2.028507377311865145e+00,1.379309375661855075e+00
4.990358947941792245e+00,2.878245932302052168e+00,4.616203916995885947e+00,-1.429708920529477467e+01
4.765037096525367444e-01,6.897392438028058237e-01,2.716826719801490153e+00,1.354446232474653955e-01
1.043332119321335738e-01,1.157681305681239198e-01,1.677884616982850297e+00,1.200926976025152963e-02
5.770988191760321406e+00,1.691786384519010367e-01,1.013610524167944948e+00,8.286550231030581637e-01
1.656466110100682787e-01,4.333436363866432828e+00,1.090735386898426418e+00,6.366816496195146780e-01
6.821539739188055007e-01,9.684699682841786839e+00,4.265280970446182707e+00,-5.957049978621922648e+00
3.729535393977028712e-01,7.949651298247840003e+00,5.952321085987323457e+00,-9.631628361325723642e-01
3.450792679563933207e-01,3.807886999578470100e+00,6.198474201804089034e+00,-1.111792475573143285e-01
1.270837888409417138e+00,1.400817357385343853e-01,4.631952940371454552e+00,-1.774455930454518493e-01
9.832352384768146436e+00,1.060033671748845663e-01,5.710836441986055778e-01,5.633887742519234632e-01
2.318572219876500196e+00,1.175349065978694707e-01,3.219708659598089495e-01,8.623318550751478406e-02
6.721704056732684673e-01,3.716342091808366721e+00,8.769066697317096093e-01,1.920384823843338307e+00
6.317660800193273252e-01,2.250247257308653825e+00,4.996695262123109771e+00,-1.364560640739503672e+00
2.486637167977943985e+00,5.310138080597248234e+00,4.557440061374756546e+00,-1.304619044578926790e+01
5.422405901138785289e+00,5.983008498628689331e+00,1.274551001268776407e+00,3.102909239316719692e+01
3.364012425479364077e-01,1.826236724426525959e-01,1.173992903863617876e+00,5.666141109139569837e-02
7.240136942528779818e-01,3.493752608701575224e-01,3.136031492647043617e+00,1.406702164147653929e-03
2.919635378630201505e-01,6.978546831545678897e-01,4.491828888404860720e+00,-1.988123377218551646e-01
3.521609404529687737e+00,6.879968588410992680e+00,4.286163669738541238e+00,-2.206090115561785936e+01
2.024772403390937558e+00,6.942783634954541316e-01,4.446056955888724183e+00,-1.356192627048292243e+00
1.522309328709784637e+00,1.378068391134444071e-01,2.899184060151953624e+00,5.035701740010007504e-02
3.717060488663713080e+00,3.831456088413739414e-01,4.979302189282608815e+00,-1.373744851304389059e+00
1.879826241620227989e-01,2.366048664304467863e-01,3.384058810109878301e+00,-1.067895578489210483e-02
1.126355737869803586e-01,9.973396942193479831e+00,1.353192334870592761e+00,1.096867697723171720e+00
7.519048831190845439e-01,3.223115465314801420e-01,6.161797009350681087e+00,-2.934597228403868982e-02
2.018583567165151971e-01,4.455905852614436835e-01,5.949444276014679289e+00,-2.946456411655299854e-02
1.400312002997043948e+00,2.419715301101998062e+00,6.276873867970757637e+00,-2.138526333165283178e-02
1.104592828211140992e-01,4.117346240117376044e-01,3.170116046480554672e+00,-1.297065482800138433e-03
6.616094060109774411e+00,5.508113727864050624e+00,3.770856006491514201e+00,-2.144803287046137186e+01
2.303187104374236238e+00,1.361153105387887807e-01,5.801729531975822418e+00,-1.451719795008092617e-01
3.445779719134077990e+00,3.514077972654889304e-01,6.350386642589325170e-01,7.183008379843262015e-01
5.213714849966906151e-01,3.223727540868204677e+00,6.277833737432516603e-01,9.871978863320750586e-01
1.220913280653857236e-01,2.149600325688230118e-01,4.014539763784036097e+00,-2.010941403629680838e-02
1.042010509431022136e+00,6.056265444724572289e-01,7.016426259464859649e-01,4.073382508057910578e-01
1.028934995797845114e-01,1.159948737046697653e-01,1.181631383831947657e+00,1.104268452110633916e-02
3.996217717770381705e-01,2.571899170335464113e+00,1.641449463933322583e+00,1.025222683094895615e+00
8.524174925335985975e+00,3.198488233895992572e+00,4.958123478673498674e+00,-2.644541860260439492e+01
2.580418504239077038e+00,1.206573935312732715e+00,1.088780151997730039e+00,2.758723943201057960e+00
2.966535183634221307e-01,1.249904424269612235e-01,3.312008491904466556e+00,-6.288283706174080563e-03
2.283764014769422701e-01,3.111631405752063539e+00,3.991492982581256843e+00,-5.338305246653651803e-01
2.956734005647833063e-01,9.718717618053545948e+00,2.050293131533971192e+00,2.549506100846911760e+00
1.074414961557745851e+00,1.979570289844354347e+00,4.405075242011845305e+00,-2.027234761476362834e+00
3.243630148376255740e+00,1.030951616632428125e-01,1.623228137949490835e+00,3.339430276223914751e-01
1.081385006401989424e+00,2.073849254036995160e-01,2.250197380522845680e+00,1.744651799917150692e-01
8.646566894852428575e+00,3.885365411539060787e+00,8.106907465538897295e-01,2.434847420345515090e+01
1.938143880065712477e-01,1.280884596314247892e+00,1.561934139391817578e+00,2.482441154791261984e-01
3.188270019857756932e+00,1.972410925651502667e-01,2.716484077706073474e+00,2.593533684117124150e-01
4.227955448651093961e-01,1.722961257922451250e-01,5.281011717434001440e+00,-6.138322948204363860e-02
4.204173607416897274e-01,4.508916935414136740e-01,3.090039278636193543e-01,5.764789100378467368e-02
3.216591680497066785e-01,4.884646450258108286e-01,2.895416746184193424e-01,4.485955574002423868e-02
1.115303225932513936e-01,2.418074908792927913e-01,4.062509067646414174e+00,-2.147143826513746995e-02
2.806359266289490395e-01,2.709691809814933072e-01,3.295621854659706695e+00,-1.166668835486620211e-02
3.903975631406851887e-01,9.501994930363111269e-01,1.258658592341974414e+00,3.530307190899579783e-01
7.508795645618850045e+00,1.950337313562642283e+00,4.476959233443077224e+00,-1.424069881849258756e+01
1.356996720510185162e-01,3.079674970645004617e+00,3.246944298875974688e+00,-4.394620085471612203e-02
1.657578332443508384e-01,2.976985046060228512e+00,6.228586844450914484e+00,-2.692869678655696736e-02
1.939537782450782899e+00,2.448978894630772452e+00,2.449804893373964898e+00,3.030024070206679188e+00
2.031763468595918276e+00,1.250445047647166685e+00,5.948215818297081015e+00,-8.352005615844853015e-01
7.355816297952613603e+00,3.590341465151599909e+00,3.624036748989464929e+00,-1.225275580443829426e+01
1.247357718705610768e-01,3.213319720368060795e-01,3.539642927397849692e-01,1.389304325691043986e-02
7.397715844807807528e+00,1.815448637261036113e+00,2.507490436011478252e+00,7.956766466794665149e+00
4.809313612645038649e-01,5.862431139697397597e+00,2.701657628930265620e+00,1.200739476290612062e+00
1.877914357330975059e-01,4.434173028913700465e-01,5.525959283040428716e+00,-5.719881983440910922e-02
1.912440781030909198e+00,3.632549111160093602e+00,5.654235364966576860e+00,-4.086912643508227028e+00
1.032210367163176601e+00,4.445999673244244832e+00,2.229088012880412750e-01,1.014523992734770008e+00
9.011456464200389149e-01,5.015566988475588239e+00,3.072664511487716577e-01,1.367019517058504219e+00
2.009527830901716716e-01,1.312705265219770434e-01,1.702898003921847314e+00,2.614934259198398170e-02
7.986585332663640457e+00,7.774468264589189381e-01,3.032494882330787789e+00,6.760609462114371970e-01
2.881886665891264521e+00,3.197309228304967998e+00,9.992347982624734115e-01,7.749739823628535085e+00
1.949191824292878517e+00,2.371954894368804023e-01,3.854824498656233001e-01,1.738425341940480762e-01
9.242358299645553998e+00,1.199265518091391813e+00,2.878582175902639761e+00,2.881725326361607831e+00
4.044150992562899560e+00,9.509136057366965877e-01,4.336941613207866197e+00,-3.577765160695675295e+00
1.236859668578556143e-01,1.296632600837161364e+00,1.154620372770753578e+00,1.466858743554912414e-01
1.716340195379594535e-01,8.148228285356662326e+00,2.946729302849920629e+00,2.707975651592217092e-01
1.660699531600807466e-01,1.677585129986009616e+00,2.323146918569732655e+00,2.033990010185214303e-01
2.961230773682736572e+00,6.899875463963770272e+00,9.426023859001485539e-01,1.653143134818348159e+01
2.029920945648105157e-01,1.652291298479583892e+00,4.111767245091047407e+00,-2.767014758039496591e-01
2.278469308347289335e+00,5.572993011451022660e+00,2.738649548788702148e+00,4.979192368446392791e+00
2.540355960073428787e-01,1.558116238255788100e-01,2.859331743351497757e+00,1.102460348420124074e-02
1.212622331945921866e-01,9.558630124127784455e+00,1.890184694570689050e+00,1.100482369916778280e+00
2.421532675630354847e-01,1.090606769196642567e+00,3.066633320516200190e+00,1.977777585650216871e-02
3.822262831209113365e-01,6.468932233648025942e-01,3.040685502786174332e+00,2.490794087833621620e-02
2.963942153919413958e+00,1.695188680634153844e+00,5.971143371323845983e+00,-1.542516524684134360e+00
6.330471864072900745e-01,7.868259633554353094e+00,2.056658995833759551e+00,4.404542987110441565e+00
1.505662248927923441e+00,5.448437017366660751e-01,4.461707988619885157e+00,-7.947094829672168848e-01
5.876865452316796912e+00,2.476957647740434532e-01,4.336565969249370767e+00,-1.354077120725432293e+00
6.688657996395533933e-01,1.023849669302384913e-01,3.737257450964536432e+00,-3.842234421679134593e-02
4.398251060348561947e-01,3.344909689198877434e+00,4.168908528011657566e+00,-1.259199594851537540e+00
4.111450755656830269e-01,9.604669491395396719e+00,5.435624238357981142e+00,-2.960375432642715410e+00
8.346402106050525571e-01,1.079197742685659600e+00,5.947135422123256632e+00,-2.970290863402033632e-01
4.626268402442983430e+00,2.299760678939088976e+00,1.295824664480869082e-01,1.374812946217451648e+00
2.599673808044762335e-01,9.001763334595143107e+00,1.185925686532686596e+00,2.168974775148345024e+00
1.606565621913542241e+00,2.141112628572114096e-01,1.399976135168393032e+00,3.389773417097029506e-01
3.246018886341807130e-01,1.887837762101591266e-01,1.732334757745233933e+00,6.048177250349420081e-02
7.900864294302049062e-01,9.277255752954646439e+00,4.696856385900484376e+00,-7.328949687213670572e+00
2.453905020417673999e+00,8.208124227785571492e+00,2.736172599882503498e+00,7.944084580159758602e+00
8.247831467151115703e+00,7.373595488232177475e-01,5.181089575594523211e+00,-5.425751463614721715e+00
2.382415908432442553e+00,4.076285309417093106e-01,5.549058919162374259e+00,-6.506048598699019081e-01
2.479604611467126629e-01,3.773962192830694895e-01,1.270790421696119665e+00,8.939959536873692825e-02
1.464592403613487193e-01,4.655785218583831653e-01,2.858938748243231576e+00,1.901806646957324154e-02
5.244204670391469092e-01,2.333747209622076269e-01,5.750592882317016041e+00,-6.214398751230789525e-02
2.219542948485789258e-01,3.644341275434805905e-01,1.086853199160699557e+00,7.159915464121467676e-02
5.046316297775821358e-01,8.477857650597931949e-01,2.443262183366976092e+00,2.750622187285607922e-01
1.083807309953260245e-01,3.071117452770240952e+00,5.140054403452563037e+00,-3.028723188670717215e-01
2.581045693942193298e-01,8.437016787560854825e-01,3.639202805060993029e+00,-1.039442572158869316e-01
1.122003900450381453e+00,1.249763981182765216e+00,6.006596382570785764e-01,7.925275359889940585e-01
2.577575234549379091e-01,1.963300117969429270e-01,2.334251876446979956e+00,3.656002559412754177e-02
5.365450879285778463e+00,2.445274016005153095e-01,2.454266522603421929e+00,8.324280292157563155e-01
1.863415843915049219e+00,2.741725973545040551e-01,5.088591103612616351e+00,-4.751687812964522917e-01
1.789038974023539508e+00,6.695709699333110443e+00,2.161926554785534638e+00,9.946204487847253972e+00
7.819965820246774335e+00,4.454432442686696580e-01,1.568467301211232900e+00,3.483341497570040968e+00
1.286206548714736997e-01,5.150854828031783406e+00,4.099847872531775517e-01,2.640719561804890092e-01
3.986427795230113258e+00,7.268818281488734101e+00,4.237331220103633278e+00,-2.576793109436697904e+01
5.991151930952488547e-01,9.961113359209301521e-01,2.570565245478079741e-01,1.517236837766863244e-01
5.429661985694968607e+00,2.333090120943676626e-01,3.726882345576658651e+00,-6.998260693180058389e-01
7.490477479576007624e+00,5.410870258198894334e-01,2.762415962280912574e+00,1.500241387236393109e+00
1.323725585096385271e-01,2.869180754127512722e-01,4.849065211462910696e+00,-3.762589021557459501e-02
2.543079063868295964e-01,1.086438299386602857e+00,2.376259227758340309e+00,1.914073876652808703e-01
3.063646435954316405e-01,3.712908480216699836e+00,3.042470630822944333e+00,1.125671423126644033e-01
1.579753243581847877e-01,6.574458155363685385e+00,2.113321576819425118e+00,8.894668099044055198e-01
3.281824371504863169e+00,4.551348428131315238e+00,5.044465749996404291e+00,-1.412069312844499258e+01
3.007933697470617673e+00,7.766254101062986415e+00,4.571084180778638206e+00,-2.312754634341234805e+01
1.466221591931484158e-01,9.396439503984943542e+00,1.461047232261453388e+00,1.369437311265585988e+00
1.949329660620036098e+00,1.092375661572407425e-01,2.035525836088361906e+00,1.903562104238840369e-01
1.012552698258371853e-01,8.571188295723666251e-01,3.385866704872672717e+00,-2.098980182729810393e-02
2.834569903778190625e+00,1.408401677470904612e-01,5.795467976700572343e+00,-1.870793290723052060e-01
3.650768681131172588e+00,3.383169815878516173e-01,2.952846547461382531e+00,2.317418209489196246e-01
5.359312840607640682e-01,3.591792099361037049e+00,3.108372847496441160e+00,6.393482958997218080e-02
2.270118071184366482e+00,1.551187734193825385e+00,3.139549913610206744e+00,7.193257291434529931e-03
8.471624873130447764e-01,5.817978184910774786e-01,2.856049901612467856e+00,1.388328206040552182e-01
8.882595523812746308e+00,2.750169015023353314e+00,4.539541235869756441e+00,-2.406462741985338383e+01
8.970363857676368013e+00,4.017883421364132346e+00,4.548779475794555438e+00,-3.556056557953494490e+01
3.267881198582567315e+00,1.077235588298794067e+00,4.674653882027950402e+00,-3.517771894701406499e+00
2.167518095055476768e-01,2.309087659463918973e-01,2.689068244088257398e+00,2.188367716091173948e-02
6.960286890637484625e+00,5.467172790122659443e+00,1.867674670261601388e+00,3.638843372259265152e+01
2.377785028622400265e+00,4.087402010980447642e+00,3.014098238953121900e+00,1.235759335936277958e+00
2.941818926720636274e-01,1.272803927776571253e-01,5.589748248351292581e+00,-2.393335041864250515e-02
7.770272792269166118e+00,6.306968992132824248e+00,9.619180167136067716e-01,4.019984903772227369e+01
2.673536299347258449e+00,2.994076334250371230e-01,9.354239608778737447e-02,7.476940071276944044e-02
1.218777141387713397e-01,8.613513640134835114e+00,3.813978819449044266e+00,-6.538698079614008174e-01
4.719159946218504653e-01,2.949154766086382606e-01,5.409181944220489147e-01,7.166462297050296693e-02
3.081554317745090477e-01,1.541748154712352936e-01,1.698366715428504703e+00,4.712373869040648033e-02
2.243282376602458716e-01,7.603868305420460327e-01,3.373757047823131128e+00,-3.924692887331825836e-02
4.335084206291288211e+00,5.921097858810711934e+00,9.193099962700067573e-01,2.041113187644162252e+01
1.716237551775468884e+00,1.676795693197468962e-01,1.081416591917095937e+00,2.539999192627643843e-01
1.482247469520309835e+00,2.316478490807280632e+00,5.952131480679134778e-01,1.925165758415682937e+00
5.373350711061828378e+00,4.470686229081513474e+00,1.046563948279527700e+00,2.079653701921496634e+01
1.225677716618542301e-01,2.824299089396271611e+00,9.003684326367663582e-01,2.712420070862797683e-01
8.623869690146136469e-01,5.966645889365348454e-01,1.283438951366861369e+00,4.934570210777150523e-01
1.126985836468342717e+00,3.592746118490364737e-01,3.452784507391516211e+00,-1.239769362968616145e-01
1.318761593510622054e+00,4.506502495572490830e+00,5.270310718057500843e+00,-5.041789033185474445e+00
8.535822378017847711e-01,1.109482430019255172e+00,2.094448586284003433e+00,8.201306045740183182e-01
1.834698827690032230e+00,3.050965982105642293e-01,6.742605535812177253e-01,3.494695136895428766e-01
4.557562808946933886e-01,5.294879363182118048e+00,2.088512038743131960e+00,2.096932666745285445e+00
1.170268827452020766e+00,3.494342276813374171e-01,3.442183316927056591e-01,1.379985819663069324e-01
4.993798991210896432e+00,3.040331606285583188e+00,2.529854863235183049e-01,3.800188158475180433e+00
3.061511119317355867e+00,1.155072233581388108e+00,5.166009968552312870e+00,-3.178630410684236907e+00
9.916577719354304321e+00,2.139908816374098244e+00,5.964320318504837459e+00,-6.652415187057052037e+00
3.736235964609518900e-01,5.202265932088481204e-01,5.910912320685874022e+00,-7.069852323846897990e-02
3.174591677871541062e+00,2.474956994258711018e-01,5.631651466846205878e+00,-4.764524488358600207e-01
3.053922358913882196e+00,5.846196530169898153e+00,2.697836907025940034e-01,4.758455659907288471e+00
4.291064833904428832e-01,1.032590655122856416e-01,2.338143038184095079e+00,3.189172942325918525e-02
9.317905590559714568e+00,9.039375229088042474e+00,1.154187288012241241e+00,7.702371605645781472e+01
4.373182713074264427e+00,1.084336706774657655e+00,5.023182163167609904e-01,2.283078259156384071e+00
4.893671519158878880e+00,9.109314545467418478e-01,3.237297693860855308e+00,-4.259828722460461403e-01
5.272733330803363039e+00,4.354852564773125656e-01,4.943997215386302102e+00,-2.234885693511480920e+00
2.276066321250092284e-01,2.018586345989100916e+00,1.874824532683734502e+00,4.383727850923637703e-01
1.658556820003204146e-01,5.451565506583727627e-01,3.840279735516713977e+00,-5.815758631240376675e-02
2.480405678712003514e-01,1.351457568801190390e-01,5.033939120068592565e+00,-3.180353462340800019e-02
2.972973181184099256e-01,1.685986166972903710e-01,4.365591424018675504e+00,-4.713983958028678672e-02
1.250068259641899382e-01,3.576491793534389618e+00,1.332218105427068533e+00,4.344221586504209420e-01
7.288739686926102301e-01,3.901422852091321891e-01,1.150905413282216516e+00,2.596627782142399421e-01
6.847894674152059658e-01,2.248434219149485491e-01,1.504910039153302348e+00,1.536363350299506381e-01
1.273610182426695436e-01,2.192088980406855236e-01,5.939706711590101662e+00,-9.402017264302625285e-03
7.028499757058807029e-01,1.361801446696732920e-01,3.913830236860016853e+00,-6.678362230903810148e-02
2.808508874648787401e+00,1.271406002281546543e-01,3.132681404189713970e+00,3.181946757767865116e-03
9.194836684941630756e-01,1.607515746083852726e+00,5.804538904098027530e+00,-6.807733677923284432e-01
2.899822917513768528e-01,3.350607501909782293e+00,3.792215459442537018e+00,-5.884909235085787893e-01
1.982097334543489575e+00,1.579623905772818693e-01,1.912737816740847641e-01,5.952271387648642303e-02
2.778944535973794649e-01,8.814161242143004671e+00,2.707651357213345378e+00,1.029853116270532665e+00
9.835660075751590625e+00,2.699937789274734268e+00,5.426118795923691174e+00,-2.007410536233285114e+01
9.266466143445223347e-01,1.141116909671991558e-01,3.754007833849271947e+00,-6.078484778524710641e-02
1.486375412481683311e-01,2.029163847092872341e+00,5.792692668106584009e+00,-1.420765228958200121e-01
8.329093149647439631e-01,2.884395620495000534e-01,3.092297273951423175e+00,1.183812322150070914e-02
3.815163379936380217e+00,4.967994043693202855e+00,1.643201354384809632e+00,1.890404835230324210e+01
3.969730756064054900e-01,3.003518286070436250e-01,6.047779638508135491e+00,-2.780927598290086622e-02
5.754321079485896995e+00,1.042252044343946693e+00,1.619981535246761140e-01,9.673322919313966928e-01
1.211146872850058648e-01,1.074863272391819308e-01,5.126127488707901136e+00,-1.191975432581101300e-02
7.256572101285834187e-01,2.038133583051685571e-01,4.727720669240715878e+00,-1.478812507383059360e-01
1.317427655820604393e+00,4.828419585337134556e+00,2.846319546135655632e+00,1.851085516600219361e+00
1.951635924092599284e-01,8.014148770645894260e+00,5.569291447335427137e+00,-1.024124575700352979e+00
4.855539982597568027e+00,8.100239107886075374e+00,4.648232375594580468e+00,-3.925011797251088552e+01
2.732127419641490196e-01,1.891878219811218564e-01,5.027702630993220012e+00,-4.914023585615798911e-02
1.047557585027701216e-01,1.445973545281768802e+00,9.852087289781059631e-01,1.262365800179878483e-01
5.156406464133882039e+00,2.896395606011528123e-01,2.704529613286683620e+00,6.321690011470778581e-01
3.770157559266571035e+00,7.649532151627147059e+00,6.966383693202987670e-01,1.850494469087651339e+01
4.420488941868181421e+00,8.880506488307803314e-01,2.284605181339860458e+00,2.967271226229085013e+00
8.022268076586704932e-01,7.631488040476588353e+00,1.937156925343522573e+00,5.715899192717416533e+00
7.004133667512013606e-01,3.573449675984383123e-01,9.729941399451276229e-01,2.068826884405163269e-01
1.408871067281920464e-01,3.001921532931685288e+00,1.521843321039246522e-01,6.411547310973524094e-02
3.287279892811762472e-01,4.861880975904393942e+00,1.935960065915796946e+00,1.492857125906454696e+00
4.064574182804100211e+00,3.938966624551793583e+00,5.875868286278832509e-01,8.875333878198816251e+00
2.764330280944027773e+00,9.264550744958111039e+00,3.571059980351333429e+00,-1.066377566568588620e+01
6.499657710954920287e-01,2.169823234514026034e+00,1.361985136637938076e+00,1.379676120145850282e+00
2.261728116865711513e+00,2.051465234196934995e-01,1.272209483044076661e+00,4.434557567966862512e-01
1.948347646113596787e-01,1.125129295373420296e-01,1.385500884806990740e+00,2.154617608026678996e-02
4.340918954266358987e-01,8.093920268750379732e-01,7.784122009965133149e-01,2.467006775060848200e-01
1.135249878275895741e+00,1.384291963599424413e-01,4.359892889555363915e+00,-1.474890788103023487e-01
2.539865333777163725e-01,4.754978578411729551e+00,1.346231652999852146e+00,1.177376540486707590e+00
3.390337001518753279e+00,3.358083332661326192e+00,5.151213522711652892e+00,-1.030632167833243962e+01
1.390142820733343276e-01,5.756794479294683464e-01,2.168116678995740454e+00,6.617053024862046273e-02
1.352977961920077132e-01,7.459838351432331649e+00,2.597172288144463437e+00,5.227388587725381175e-01
1.347452326869610639e-01,1.281833246749925215e-01,2.433757268086505832e+00,1.123015325460664793e-02
2.056192554455544830e-01,1.414318273509919399e-01,4.593130758684750070e+00,-2.887454866223165828e-02
3.875320671395637628e+00,2.718180153895012996e+00,5.136278249641663685e+00,-9.601536118360275651e+00
5.195713557169496788e-01,8.747893272845947976e+00,4.389339001246297944e-01,1.931575636294879716e+00
3.028873465783743058e+00,2.424263558071024782e+00,5.581005195607868785e+00,-4.742586039225724193e+00
2.420818986170050646e+00,2.964437899784904573e+00,5.702586497234724661e+00,-3.936415006345453715e+00
1.357710685468351552e-01,1.460522111141859536e-01,1.308726483097560678e+00,1.915259656478190617e-02
2.366800880729611478e+00,9.452075693177157234e+00,1.147350534148867451e+00,2.039532400852069216e+01
7.258512390117517477e-01,6.568482129701455063e-01,4.075831851171494158e+00,-3.833964853789244565e-01
1.854801001328582721e+00,2.072118846591639862e-01,5.878751935919026117e+00,-1.512357308918632903e-01
4.198152633203218187e-01,5.922514734925533375e+00,5.746493486443465137e+00,-1.271266314740455483e+00
6.394657016123961313e-01,6.709711735483268491e+00,6.217580749993341094e+00,-2.812830423903678323e-01
1.346913176844085847e+00,9.914153804889673793e+00,2.627272882824718714e+00,6.569159496002046517e+00
2.298517232113043984e-01,6.074157082925798257e+00,4.225533508285694850e+00,-1.233933920584349364e+00
2.420725175554817366e+00,2.779660165121284332e-01,6.094829418012275291e+00,-1.259926965298998891e-01
5.084300711713874987e-01,1.983728868632312625e-01,3.443702805804451650e-01,3.405031406354073337e-02
2.369964552058914542e+00,2.816728382532533437e-01,2.029137580027363441e+00,5.986547665726725809e-01
6.131243409981251169e+00,1.836929145770768379e+00,5.780486480812742300e+00,-5.426261972451124294e+00
3.528615696474080465e+00,4.627302305069034283e+00,5.873135610630382253e-01,9.047765751171175097e+00
2.272585260189677603e-01,1.681007213544863099e-01,3.349473456826007389e+00,-7.884454768741094161e-03
3.936060077941975210e-01,9.998368847854688379e-01,3.856186444290746085e+00,-2.578921305910656936e-01
9.104746767247535733e-01,1.838351061438912026e-01,5.999033756897566683e+00,-4.692304986893910262e-02
7.718837996471208385e-01,8.837009643883694254e-01,1.276769061486534573e+00,6.528411767154791434e-01
1.756994981782603049e-01,6.741740253800978522e-01,5.231755819526076934e+00,-1.028321954023123791e-01
3.014161961786776089e+00,5.627417742067950535e-01,3.278005885402551556e+00,-2.306664695954042110e-01
2.367659141124117961e-01,1.283003066233285194e+00,5.880750060595150153e+00,-1.189751636364914239e-01
1.254364213557417118e+00,1.561628521055069774e+00,3.181390854343864039e+00,-7.793816448918620965e-02
7.024997514401005283e+00,5.376109222708680413e-01,6.778441000122915894e-02,2.558064261582967958e-01
1.017193283695243394e-01,7.888601448829724028e+00,2.612347930162970400e+00,4.051286810096551561e-01
2.335483712232545805e+00,7.745349726609253693e+00,1.377423881102659786e+00,1.775198799284950013e+01
6.213364851923075527e+00,4.961037370078399955e-01,1.726264134950664442e+00,3.045296433161260641e+00
5.213035866554537101e+00,1.059187279598497566e+00,5.444114553175408489e+00,-4.108181045411180676e+00
1.768933932882122750e+00,3.768105933688630227e-01,5.699226645462600160e+00,-3.674912946482137843e-01
4.588186027539032708e+00,3.500998474475247590e-01,4.404178709130312619e+00,-1.530630091773893309e+00
6.486576122311276116e-01,4.393471724175863180e+00,5.914199897488805036e+00,-1.027856651416094724e+00
2.546243482406376213e+00,2.724852331459943766e+00,6.761982350826263310e-01,4.342110808905863095e+00
7.920840550650262379e+00,9.940261600807352993e-01,3.895785252571133395e+00,-5.391004454366664866e+00
7.754473763502273131e-01,1.844472186999965846e+00,4.957570051616864149e+00,-1.387515958210442824e+00
1.005756772223823203e+00,3.285799819953895806e+00,1.341753765626799932e+00,3.218410210868841936e+00
2.245871827217617300e-01,1.053443741814619750e-01,9.463273705907153666e-01,1.919392180811243034e-02
3.013247108716343714e+00,1.413361336164768112e+00,4.332963665738028269e-01,1.788123202472891027e+00
2.954169470964928546e-01,1.149205295815642458e+00,1.206518962093743388e-02,4.095968797137285178e-03
3.354834312283934139e+00,4.317019072165168558e-01,1.047456125078647382e+00,1.254441724139955250e+00
3.356070868547239794e+00,2.845892806596980407e+00,3.317632166022475459e+00,-1.672685806835766176e+00
6.789021613968592161e-01,4.121763398115799504e+00,1.466026770818658065e+00,2.782930271383996956e+00
3.437773516131260809e+00,5.624897337016310228e-01,3.352875765207405934e+00,-4.055278016217366277e-01
2.629540821774364323e-01,1.740260367432688304e-01,2.122961603270686060e-01,9.642044259281119800e-03
3.399911657312111313e-01,1.950795871174921814e-01,5.081098054746603587e+00,-6.186783504675735790e-02
1.309560221318008644e+00,4.723914650701009910e-01,3.396923710081015457e+00,-1.562435027023164613e-01
6.646794245636974630e+00,2.377756981210657816e+00,3.409543790368885219e+00,-4.184329835839474043e+00
4.891178226473940960e+00,1.978071580739305446e+00,3.416644217696941599e+00,-2.627724084013919548e+00
1.659602645353664419e-01,9.280802717580682870e-01,1.939707153733493783e+00,1.436617833683744017e-01
3.450887403043662038e-01,7.535531321955221351e+00,4.755976132084261288e+00,-2.597957205116552704e+00
3.924130857415136120e+00,6.018809261368149865e-01,1.725145227774506962e+00,2.333781346387070244e+00
1.797320927799641310e-01,5.836782662694903756e+00,5.610118333878222785e+00,-6.539686216259954499e-01
2.862042969871502196e-01,1.045234667500827497e+00,1.556420924639645209e+00,2.991197436625894768e-01
2.216697050936907498e+00,6.349797943117740928e+00,5.382685088821233421e+00,-1.103015460019426897e+01
2.210651599249481569e-01,5.674519944234887037e-01,5.288248516443974090e+00,-1.052128495816431336e-01
2.298773911440515072e-01,6.542045568497057317e+00,9.130205585618028641e-01,1.190092233815266409e+00
1.526704925521089606e-01,9.427709920876029548e-01,9.504925933312277087e-01,1.171188148814363422e-01
5.431950339377033643e+00,9.482401481438277102e+00,1.164494776198657933e+00,4.731461038141360120e+01
1.044362103187557594e-01,7.625810925074690827e-01,6.135803629502232681e+00,-1.169518911443081545e-02
5.909650773978813998e-01,6.620776848865083331e+00,1.740552101351149572e+00,3.856407721663373867e+00
7.977818602746256538e+00,6.459544887553291481e+00,1.924414025815008422e+00,4.834452321143270126e+01
1.338835775928964189e+00,3.793565570807682641e-01,2.502228517873761326e+00,3.030541532524777537e-01
5.070359897617176870e+00,5.149902230529825875e-01,5.455335233292343489e+00,-1.923082792971801291e+00
3.728229461119431765e+00,5.623844098574770634e-01,2.876160977507697059e+00,5.500181201859684066e-01
9.785935922385288421e+00,5.269170154214779522e+00,4.662747021303993655e+00,-5.150023962966736946e+01
3.247801502916724647e+00,1.449453505267884967e+00,3.057463569427142369e-01,1.416992265275701213e+00
2.191953687388562000e-01,1.890520986264881964e+00,5.196376790604011475e+00,-3.667988604401027364e-01
1.347282872177882618e-01,2.582975348925072190e+00,6.274388156586997667e+00,-3.061367553080662166e-03
5.150310637270853142e+00,4.058730835238193890e+00,2.477322953883803525e+00,1.288681766177795396e+01
4.538826042322096632e-01,1.434604242888315895e+00,3.197183329984228717e+00,-3.617877845400321174e-02
2.527272574317537934e+00,2.097209869770943480e-01,1.927733374905674646e+00,4.966155641679619870e-01
1.160506598577108334e-01,5.859465717974571275e-01,3.805644409815816420e+00,-4.190894471976579910e-02
1.093340021866751194e-01,2.008509995758077926e-01,5.727036206045704958e+00,-1.159303128491730520e-02
2.651735301913268117e+00,1.941075297356848750e-01,1.117558854642284549e+00,4.627524902833153875e-01
1.087534378698752136e+00,2.892876098524974626e-01,6.185673071826478520e+00,-3.062975082426287743e-02
5.473187792533346085e-01,1.837104277321559564e-01,5.031878226745817528e+00,-9.546002360345795523e-02
3.117289287250347707e-01,6.607362650959930361e-01,3.787440269009346494e+00,-1.239686733875657865e-01
4.479431314761439964e+00,1.051812557265312531e-01,4.861945309146425309e+00,-4.658928713736378846e-01
4.350336537187736163e-01,1.176718234464575463e+00,5.655877443240267866e+00,-3.004756266956064015e-01
1.545658000010135535e-01,7.741979175762746301e+00,4.339661245537561385e+00,-1.114480538324325032e+00
2.407491577106094738e+00,4.715085378644907621e+00,4.866156182056289303e+00,-1.121759278072648947e+01
4.942340166731308271e-01,1.006993055700995399e-01,5.409594547554531729e+00,-3.815489445157138615e-02
7.334370862970167604e-01,1.630738087349525300e-01,2.484014963557155120e+00,7.310236983470763672e-02
1.234330242552643897e+00,1.655924781189819506e-01,2.961762293152712999e+00,3.655877959953661438e-02
3.632394923786462226e-01,6.765248391261894367e-01,7.477373085647130713e-02,1.835781900258382990e-02
8.626761006617410743e+00,1.106019946297492618e-01,2.313499282882063746e+00,7.028586026208517579e-01
3.133564501428334759e-01,8.034794925697460455e-01,3.834748120228126389e+00,-1.608763878431740124e-01
7.649923182045379910e+00,2.235244968009921340e+00,3.904010543444014214e-01,6.507355996038098667e+00
3.450729591182146283e+00,1.204227913218352403e-01,4.788669474452142971e+00,-4.143381025344164414e-01
3.160633666297261724e-01,2.531727593593927073e-01,4.801170367842061637e+00,-7.970348291857130840e-02
4.629882566351637974e-01,5.251455634126056538e-01,5.977902372435186074e+00,-7.307776399753897201e-02
7.458787569908865933e+00,5.974811026455415508e-01,6.104810176294449775e+00,-7.907172775966894163e-01
5.113209663770030389e+00,3.756724004885061419e+00,1.820820147235145514e+00,1.861164555105759177e+01
1.746281960741596251e+00,7.393696501860369530e-01,3.163192382566585970e+00,-2.788627582923268108e-02
1.926331981598355503e+00,1.808701892483168372e+00,5.745877495347564867e+00,-1.783280408892706115e+00
1.597298891097723272e+00,4.631046450967739037e-01,2.730490325236266891e+00,2.956055620065232148e-01
2.818073862946732344e+00,7.341386275255332716e-01,3.493844174995591523e+00,-7.137803546605476779e-01
6.519798524237558013e+00,8.608318650195075250e+00,1.845638200221593861e+00,5.401804535731893253e+01
2.501041199073083532e-01,1.256861748978392868e-01,2.930497568807151509e+00,6.586523248895875642e-03
4.636645544554034437e+00,6.645854379907854437e+00,3.334289679648218208e+00,-5.901177546416415787e+00
7.764003989263187577e+00,1.741495590152069450e+00,4.253493686002039476e-01,5.579283740690541116e+00
1.267576049525854121e+00,1.013489328624402219e+00,3.144490009655223961e+00,-3.722155114472013460e-03
2.756579294474240105e-01,5.928677833211690729e-01,5.854038454594119756e+00,-6.800189487567945279e-02
2.333518867697142785e+00,6.523999624758264337e-01,2.933992125445958443e+00,3.137831861904271102e-01
6.493142900693611441e-01,5.091472634120138174e+00,6.198218984098046391e+00,-2.805579146806704283e-01
3.539489860356944462e+00,2.066780912060624253e-01,2.766418739152776585e+00,2.680595568751349966e-01
1.556790001948593627e-01,3.426553986894868675e+00,2.422714373153386447e+00,3.512937257207257025e-01
7.217467676367144591e+00,1.289404380098003178e-01,3.540477948300962296e+00,-3.614461318808872559e-01
2.103042247036666368e-01,3.967838402243415441e+00,5.061010151400700430e+00,-7.842563285090270453e-01
7.026680204061913626e-01,1.490059811270264545e+00,6.172326252894619003e+00,-1.158337547773777426e-01
1.428565805058830684e-01,1.841140209354883428e+00,5.616634952425234140e+00,-1.626189607039528473e-01
1.191317842825004025e-01,1.083095539638298938e-01,1.174644623798459797e+00,1.190380022698237124e-02
5.419227060662383799e-01,9.856567242825072794e-01,1.820690247654201288e+00,5.175583523435307587e-01
2.702808727127881561e+00,3.019857402576830108e+00,2.566153577717155798e+00,4.441839334672057049e+00
6.486249457980538535e-01,2.773868100570775042e+00,4.828007973528491092e+00,-1.787187807090842462e+00
7.888923269920987691e-01,2.895124538840979866e+00,4.396190420786687980e+00,-2.170713676951428805e+00
4.662617488521174636e+00,2.926926505934127620e-01,1.689279488707096544e+00,1.355145968496150655e+00
1.966952761284948448e+00,4.227995061461068405e-01,5.777281882589058171e+00,-4.030045285622580464e-01
2.850880579226246492e-01,1.454672990093295870e-01,2.620349758575020616e+00,2.065082613061476960e-02
3.315903784217142380e-01,2.408377973668366590e+00,3.145234745468430404e+00,-2.908549801259503048e-03
4.272637772699136249e+00,9.259419810780290305e+00,2.295228061752558890e+00,2.962714772550681275e+01
1.017538323955719665e-01,1.559758528196074634e-01,4.734620577414163201e+00,-1.586721883978879644e-02
2.316904515090706607e+00,8.942053342836196350e+00,5.222572402762551746e+00,-1.807956382726458955e+01
1.201719492159041419e-01,1.193318024410435219e-01,5.371948287632402064e+00,-1.133262708949598317e-02
3.773143335751226735e-01,8.545241674302953561e-01,2.372485223506790142e+00,2.242441649392555580e-01
6.752545967832528362e+00,7.752983988904921020e+00,1.476878274586256035e-01,7.703732705604927844e+00
9.896064634698172879e-01,7.391816623947008447e-01,1.965811358972344047e+00,6.751667869734004901e-01
3.198545244276131960e+00,4.117462044054687631e+00,3.670527455017847718e+00,-6.645710103200054952e+00
1.503382667521288685e+00,7.796207557948109379e-01,1.183340508281743031e-01,1.383721288822979123e-01
2.739966353087814444e+00,3.321216847588364107e-01,7.550759106470948945e-01,6.236645308342129157e-01
3.954183830086544837e+00,9.661951655538466355e+00,1.008848016916493416e-02,3.854251886565630003e-01
4.374422741276317694e+00,6.322955834430487032e-01,4.605110950331756214e+00,-2.750027490763048199e+00
2.328768066833452610e-01,1.640033415066622924e-01,5.177195416291706209e+00,-3.414066111499722972e-02
7.317139586081089497e+00,2.301805720723627324e+00,3.292163748009604429e+00,-2.526442049992329242e+00
4.504787391023720167e-01,3.126578572829795122e-01,5.303375976275443549e+00,-1.169570369535339605e-01
2.844101681591766795e+00,5.380052941333753225e+00,2.383832052995005224e+00,1.051661110554441514e+01
1.795166587533146840e+00,1.563248933450270550e-01,6.166991484459738437e+00,-3.253405990301136419e-02
6.045090465092505028e+00,4.780151915856971634e-01,2.356201095454449668e+00,2.043274132549699473e+00
1.625398392330142050e+00,5.965204083572611671e-01,5.251214678331177055e+00,-8.322048379557270836e-01
1.185017281768438319e-01,6.335382252839354855e+00,4.336150421085422924e-01,3.154322048473021667e-01
1.508689529147335673e-01,1.728730497651513875e-01,6.896892532692068256e-01,1.659538681051712580e-02
1.047699751691390513e-01,1.206716389552860702e-01,2.240039576967257418e+00,9.915611212862026139e-03
7.645506310012824436e+00,1.443051033715869291e+00,4.749540846589533238e+00,-1.102524254851837249e+01
4.791865243750331516e+00,2.750136984915630967e-01,1.084157814371271789e+00,1.164841696683929007e+00
4.867619136236299049e+00,1.803126884542923580e+00,2.291586061208531755e-01,1.993752792387757156e+00
4.135545510886111109e-01,1.254855166932852262e+00,2.196791553710430112e+00,4.205477787993799343e-01
1.093692914583673570e+00,1.616231249043341700e-01,5.734812156144146300e+00,-9.214808141189324842e-02
1.073603270210968574e+00,7.434100892518378245e-01,3.886825419141502813e+00,-5.412444955980002526e-01
1.079136980527748008e-01,2.667608833185385331e-01,5.189568663671251691e+00,-2.557144865781059082e-02
4.789574553395130052e-01,1.839541557214401934e-01,5.776447832339660415e+00,-4.276035136857988389e-02
7.068624907853066075e-01,6.965569808662573914e-01,1.596169484820322282e+00,4.922115177702356958e-01
4.201086598333687583e-01,8.446416360206109308e-01,5.255102750795749067e+00,-3.038542228184574756e-01
1.673146829883750963e-01,1.013216754719909130e+00,5.706031951311910433e+00,-9.250029161532802302e-02
1.062538246892185678e-01,2.551528855825406228e-01,2.113585969013025423e+00,2.321433982028917042e-02
4.640868702910799115e+00,3.078566460053756559e-01,5.470954008571076166e+00,-1.037000696775693065e+00
1.932505486630650360e+00,1.139156247198195970e+00,1.125488036054478336e+00,1.986738076733467251e+00
2.607367885539015884e+00,1.264627240108785911e+00,2.107650966464779785e+00,2.833482678756070072e+00
3.896903945813977033e-01,7.767465895375293528e+00,4.825031070108647846e+00,-3.007724084647469986e+00
1.314839752233915915e+00,1.616326558055955376e+00,6.277963004776687672e-02,1.333322997306374547e-01
2.859892126364678155e-01,5.044307100386194342e+00,5.054539469696981868e+00,-1.358996567311879344e+00
2.131629374229065121e-01,2.990604517071585033e-01,1.127705029597565023e+00,5.759244223133763718e-02
2.416065580410016178e+00,1.238216779910271681e+00,1.263692213977635030e-02,3.780377365585347454e-02
1.169632479137595604e+00,7.263515958194479261e+00,3.782379114820006993e+00,-5.078917603210808984e+00
1.321874627224967957e+00,2.596679888558660831e+00,5.438744223534891731e+00,-2.566126066303683118e+00
2.846298734717757295e+00,7.921623147234316598e+00,4.211871319960016180e+00,-1.978152407837755078e+01
2.047607386802949014e-01,2.683900807642599418e+00,1.047476672963631117e+00,4.760074443524329180e-01
8.730596956870972036e+00,1.218932700530088731e+00,3.797819720907022578e+00,-6.493029939599644251e+00
1.198361751268749997e-01,1.776579404575164001e-01,2.165858911118627272e+00,1.763040885342529243e-02
4.739931978768746390e+00,1.301577426161432793e+00,5.887845332727524861e-01,3.426173779702550437e+00
8.129882172129784257e-01,8.035731430024228850e-01,2.232371610009515894e+00,5.154667532100999372e-01
5.853871436735708755e+00,1.121891287304380147e-01,1.033197515545577927e+00,5.641013772714168484e-01
6.804709664884782683e-01,7.752800813125875212e-01,5.230456858345025051e-01,2.635250590446369667e-01
1.602196137832403999e-01,3.178673657795512142e-01,2.639717540976900700e+00,2.450022843456112556e-02
1.081993567109927445e+00,2.913382958990070049e-01,3.437210133364042353e+00,-9.183502711429897269e-02
3.062285965953063904e+00,4.755456286246094066e+00,6.046056100318599746e+00,-3.420938356682232673e+00
1.154534271837700743e+00,2.358182067920320257e+00,3.691520783264177208e+00,-1.422902482753614084e+00
1.857071527165073677e-01,2.911896810914130995e+00,2.086491530843110620e-01,1.120122505148082453e-01
3.612897208481826716e-01,9.362126791374130619e+00,6.024234514675439911e+00,-8.661295053411030009e-01
6.966839427780902039e-01,2.131818326406454689e-01,3.657550108464235450e+00,-7.327517635885387459e-02
4.032331915639716935e-01,2.857437236554272619e+00,9.927559717606858625e-01,9.650191361172621995e-01
6.278411699621820885e-01,3.666116771401667140e+00,4.961714479165010516e+00,-2.230567143960187071e+00
2.945046810231546353e+00,5.085386443948362034e-01,4.762895569973491838e+00,-1.495760303565587757e+00
2.990189681545661893e-01,3.980177428737000422e+00,2.721759104714269739e+00,4.851146199952560134e-01
4.328983741893820181e+00,1.952587763450328862e-01,2.748239389978220260e+00,3.239824171075531556e-01
3.760005730297590887e-01,4.407482069655824231e-01,6.428035485336432986e-01,9.934044221469036373e-02
2.930818984746650369e+00,1.260088424582012090e-01,1.969081644008558785e+00,3.404023120541824765e-01
1.221346032786954916e-01,2.861436353175539349e+00,4.005404107173490935e+00,-2.657182566204214780e-01
2.909364799047873262e-01,1.972610488641609594e+00,2.931341257804898626e-01,1.658319997354736897e-01
1.103377136192048857e-01,8.115442896608539014e-01,3.700485248049157350e-01,3.238452207668509469e-02
5.315608677384697778e-01,1.224205017499117032e+00,1.260560267133023382e+00,6.196741750363417012e-01
3.386951468314497227e+00,6.253308021184985632e-01,3.433982906500227195e+00,-6.104861751279920812e-01
2.271699667178136206e+00,4.073491913534523334e+00,4.616435911850669704e+00,-9.211183299525693258e+00
7.046944020977955470e-01,5.777922757778339857e-01,3.736810865974102835e+00,-2.282942327617688283e-01
1.414869161103666784e-01,6.551866685216252151e+00,6.274333994482248933e+00,-8.205089931671554621e-03
5.066748368514413237e-01,4.291505886165980499e-01,6.084944539861781188e+00,-4.282365165430054854e-02
1.280131513203651705e-01,1.174093416205455265e+00,8.263304835131732862e-01,1.105376834577215528e-01
1.788869726069317156e+00,6.629895047543663544e-01,3.910046898823459127e+00,-8.243005749831339157e-01
9.245559047650618867e-01,1.216568604860353148e-01,3.315889042722328650e+00,-1.950549689333379993e-02
1.176402096483207815e+00,2.831004236239838878e+00,4.654153430477751208e+00,-3.324753590892989497e+00
7.890564177630527531e+00,9.823130042854934629e+00,4.212423004521048675e+00,-6.802272205260651106e+01
1.308994703673335425e-01,6.051618873709768698e-01,4.287420732932023526e+00,-7.216930788018077747e-02
7.981742172060786622e+00,6.967385653814575974e+00,7.153010950284338643e-01,3.647275639178452877e+01
5.728014449802669716e-01,5.245358231422462048e+00,5.358738767900989686e+00,-2.398493877241167915e+00
1.481913836801082240e+00,6.837011439429943049e-01,5.689214930978479856e+00,-5.670355009913281563e-01
1.356842310617168701e-01,2.453684734212226159e-01,8.300253511698076903e-01,2.456824764616416523e-02
1.484413961946630667e-01,1.575536933789555283e-01,3.028021365734663295e+00,2.650441040327118723e-03
2.406795104973551147e-01,1.144453757832582408e+00,4.691049928299912963e-01,1.245261287264102651e-01
1.079815388477063154e+00,5.057250649805069553e-01,3.329687253904141553e+00,-1.021119179004843225e-01
1.803779371138725995e+00,3.984096175937757778e+00,3.512385042646622324e+00,-2.604032441670428799e+00
2.717926505302853957e-01,3.059263403338100540e-01,1.515462026535326689e+00,8.302126777256840784e-02
1.037250357121415556e+00,4.275784358308877486e+00,1.709969660456045260e+00,4.392176328234077332e+00
8.406173194642576618e-01,1.657138996754386195e-01,3.257012310088866602e+00,-1.604251165501692153e-02
5.666745719198255093e-01,1.915065170203305300e-01,3.286990820009066283e+00,-1.572334426067092603e-02
2.328470776111970508e-01,6.696691299450745483e+00,4.022054190421257225e+00,-1.202275401397454146e+00
5.471549551481217577e+00,1.077252190508384139e-01,4.384326572207616346e-01,2.502227454987661082e-01
7.255096140399329707e-01,5.057567368304786370e+00,4.129393794184353261e+00,-3.063207208501560697e+00
5.783656438269280109e-01,8.844043903752274005e+00,8.924805856582024299e-01,3.982766823912832432e+00
1.131601941283181395e-01,1.818835560552344077e+00,5.836738073033487240e+00,-8.886551566663668245e-02
7.444531891377262234e+00,1.798548693350213279e+00,5.058546601468063564e+00,-1.259514111255635882e+01
8.560052470237383693e-01,2.726578649510874808e+00,4.603701779134981464e+00,-2.320193735291066428e+00
1.004651738612300171e+00,7.771258672213656737e+00,3.316350170087125182e+00,-1.357469067188713518e+00
3.315164556712649535e+00,8.301285218355943796e-01,3.149488220473748878e+00,-2.172847420768410018e-02
8.060628722262791257e+00,2.750040750077029639e-01,6.044601676316579741e+00,-5.238665660752385156e-01
7.029823615155322836e-01,3.591686669200152338e+00,1.971398374409109255e+00,2.324987503716701820e+00
4.656882650394464029e+00,1.067259130549533253e-01,3.554455616022028419e+00,-1.994170200447927255e-01
1.185305545017019346e+00,7.929875033013654706e-01,1.667376178433966460e+00,9.355522022398835569e-01
2.471534122788233423e-01,2.480537204597116074e-01,2.931038394439922534e+00,1.281335017167047063e-02
1.395173370716089156e+00,3.148403082819099530e-01,4.697184585319003070e+00,-4.392060428250957327e-01
1.618989421034987830e-01,1.712936713913826015e-01,1.534284269086632291e+00,2.771378087917099331e-02
1.472852958377682375e+00,2.865590575855290645e+00,5.606019943870619748e+00,-2.644566373366161738e+00
1.008718761235036343e+00,1.566288051326887310e+00,1.987102454449456213e+00,1.444999411312070769e+00
3.532381697405498344e-01,2.435546504905886422e+00,1.788306305154613030e-01,1.530342605360121566e-01
5.198989849762330806e+00,1.294215913052596811e-01,1.951783772094291436e+00,6.246159670716634471e-01
2.825869327887311488e+00,3.043123927243716498e+00,5.474532550465747160e-01,4.476148036339389513e+00
4.843463342819419815e+00,7.148615910081550950e+00,4.963121631158093905e+00,-3.354139597950796770e+01
3.273143500654512872e-01,7.307844627090856804e+00,3.102897548887880497e+00,9.253413997119240564e-02
3.197526264813561059e-01,1.282114331177620914e-01,4.529359713212029348e+00,-4.031118115315562855e-02
4.646697693729415768e+00,3.950211153283997856e+00,4.567170555734637816e+00,-1.816223362763345150e+01
5.591190489473704117e-01,2.553057489878927111e+00,3.773315243159209853e+00,-8.429680249717402818e-01
2.461356019509097326e+00,1.122119117473323602e-01,3.401437665866787752e-01,9.214438870109563362e-02
6.968789456870121413e+00,4.639138896076180352e+00,8.210362724354992592e-01,2.366018973474396248e+01
1.127943417529394976e+00,8.015291417279358788e-01,2.823191610367278948e+00,2.830206223640536201e-01
6.279960679820781877e-01,1.160565547549269549e+00,3.593960150557938604e+00,-3.185690268162523209e-01
5.174197627025439727e-01,3.184141886656825626e+00,2.655480430586608431e+00,7.697165890011994360e-01
1.684423365936093264e-01,2.425366267286477862e-01,2.467275739364222176e+00,2.550740993218497329e-02
1.998374665751903034e-01,3.627104234388582871e-01,2.955190980323899375e+00,1.343287179386764424e-02
3.937680416371203695e-01,1.679799797235587699e-01,2.280695139887697565e+00,5.016632074107590239e-02
1.418204872874122335e+00,4.551607838194698274e+00,5.077966459009411793e+00,-6.028542286877200063e+00
1.645086236875376029e+00,2.256856857867833632e+00,6.581548447589958828e-01,2.270917991318525786e+00
4.479634044729766118e-01,1.794367844048069704e+00,8.856412805052460424e-01,6.224077918058795733e-01
1.625382259466447099e+00,4.564578810295192857e-01,1.304899506960865097e+00,7.158454673952878711e-01
1.185063881799671703e-01,1.430640737215665426e-01,6.033192882922306488e+00,-4.194363925238834764e-03
3.879400286214642612e+00,6.187027049549226332e-01,5.686785912565655465e+00,-1.348110846650977690e+00
4.313642970650967690e-01,1.662609117880033294e+00,5.574834464783381627e+00,-4.665912061856830051e-01
3.129916402502908035e-01,2.217775610528215091e-01,3.022321613600591483e+00,8.259526990358489335e-03
9.923494753812033053e+00,4.710235171217254546e+00,3.836898376530082366e+00,-2.994386654421699845e+01
1.250163462869530451e-01,2.883139843896038723e+00,2.232306209808931907e+00,2.844104952207502368e-01
6.777220827519044200e+00,9.327887038518023033e+00,6.000248051935056282e+00,-1.764879444518987839e+01
4.925404327742468058e-01,5.645975874702807928e+00,4.839221096550900825e+00,-2.758534283527161790e+00
1.225001258575885849e-01,3.355677750988020236e+00,1.485189822893443035e+00,4.095656052194993069e-01
5.000824943240863574e-01,4.402528891832369062e+00,5.599830860965343549e-01,1.169442659431882969e+00
2.614715272533433499e+00,2.328787857204413836e+00,3.854688248638666437e+00,-3.983367868779064125e+00
5.357999215604958287e+00,4.078690119770933542e-01,4.272341177889625641e+00,-1.977165266781441888e+00
3.060814648122998638e-01,7.241984041273060946e+00,4.922466676680634090e-01,1.047598218667151082e+00
9.642168901519759805e-01,5.563829519664921897e+00,4.705592788639145319e+00,-5.364614503399271150e+00
1.104566557604844124e-01,3.002021709904759028e+00,5.513293849572926675e+00,-2.308079257740557333e-01
1.532764743887520265e+00,8.765409320624863554e+00,1.585952037640733225e+00,1.343376738628654365e+01
3.127062403072213836e+00,8.447298397871455533e-01,1.213423682030781547e+00,2.474629237855256125e+00
8.330956971328735250e+00,8.496326128903628483e-01,4.230020925609668581e+00,-6.270616446214758000e+00
4.026966556489339766e-01,8.421625778531272033e+00,6.233038218343211589e+00,-1.699955883241522081e-01
3.182798471292435316e+00,3.582887062444690685e-01,5.651953160304001855e+00,-6.729723986306431760e-01
6.781543392289653971e-01,5.050775082761682633e+00,8.325730738736814018e-01,2.533505763261902466e+00
2.772764874322256601e-01,1.808130117134628678e+00,3.480975735940877502e+00,-1.669027907466518468e-01
3.124341057101633012e+00,2.292197984843086900e+00,4.599082478299889587e+00,-7.115685772585162994e+00
1.180978560202837202e-01,8.497392266563313257e+00,6.192620143397164156e+00,-9.076010943630496985e-02
7.386577123547689361e+00,6.990550255313424666e-01,1.872747224362771856e+00,4.930011921405527353e+00
4.739593270737752384e+00,1.441372092664987281e-01,3.779919656408492923e+00,-4.070578145888602006e-01
8.331937527975749047e-01,9.760177099965412495e+00,5.504535780213890561e+00,-5.711339023561673223e+00
4.914059984823389016e+00,5.537008265206809554e+00,3.665835354445638128e+00,-1.361976591273551485e+01
4.191836394484252382e-01,5.417652322732036119e+00,2.864268894510515029e+00,6.217579848581217261e-01
7.474783637532276259e+00,1.522397104060785322e+00,1.176806520235851750e+00,1.050773975260868909e+01
6.394193368193992200e+00,1.380138321150587100e+00,5.788089477508626679e+00,-4.192837342691070113e+00
1.130560198648410120e-01,5.999944826810346576e+00,8.305390722392214098e-01,5.008076078123597785e-01
7.713429707184856987e+00,1.869489315618041214e+00,5.862422862537754575e+00,-5.890014180135061395e+00
1.162468900272026984e+00,7.177819670653801332e+00,3.911931230313920427e+00,-5.810574781916223230e+00
5.096100715969512862e+00,1.300675412260757335e+00,3.590927825742825874e+00,-2.879145097268120956e+00
5.247900399349125777e+00,6.117665591964180916e-01,3.936172898188534663e+00,-2.290908023828262419e+00
5.629605586638881665e-01,1.546387131643208512e+00,4.027549415673250532e-01,3.412177879270880121e-01
1.675524345866076514e-01,3.921001810066767623e-01,4.216890445830081546e+00,-5.779603785008795291e-02
1.506582286516892910e-01,1.610098705841469524e-01,5.594533255927303550e+00,-1.541554436432428753e-02
4.690720231951890917e-01,3.513705790973771226e-01,1.058535591094710515e+00,1.436618316456548250e-01
1.108834606698751557e+00,1.416245824910226991e+00,3.664781960590541843e+00,-7.846342516952724555e-01
4.416646378485618030e+00,3.739081199466936511e-01,2.892960797071006951e+00,4.063783100051103769e-01
1.995512905546811266e-01,1.307428641618827991e-01,2.104562573329636643e-01,5.450341088762561577e-03
4.989381469012089121e-01,9.742011725419428281e-01,4.155483948632655355e+00,-4.126191322159941666e-01
6.152779595496418175e+00,3.524768166971652406e-01,2.836669561738131229e+00,6.510903667204732681e-01
5.847391101426861582e+00,2.155288394670259677e+00,2.707023568766417476e+00,5.306031510057968248e+00
2.858012177528954645e+00,3.777136344679472568e-01,5.666715360418678848e+00,-6.241279918066408028e-01
1.152056114585066515e+00,2.945371363612260929e+00,2.911042788667559944e-01,9.738925720453933677e-01
2.184713934061162099e-01,1.255015168019995908e+00,3.895563067828250237e+00,-1.876901253165381700e-01
3.514118564097105324e+00,2.866323497429262179e+00,3.251663960579089796e+00,-1.106466883308095284e+00
1.984888252202920311e+00,3.919031696145465204e-01,3.924260366218841334e-01,2.974870773940308522e-01
6.503713918567250118e+00,2.196796816649852213e-01,2.076277929038423231e+00,1.250058311473853934e+00
2.151878495922649126e+00,9.406544784489606625e-01,5.241105837665687162e+00,-1.747783349451991652e+00
1.768019838926941256e+00,1.441966443318757618e-01,2.306210436880435033e+00,1.890533945706038832e-01
8.633571970010937013e-01,3.709574412031893531e-01,4.893112472858075712e+00,-3.150528501255954739e-01
1.258355070007407095e+00,1.830468095063948697e+00,1.030890737196652474e+00,1.975739796722765451e+00
8.591917829198932210e+00,2.113125166248662090e+00,3.555380358771042637e+00,-7.300087598786412002e+00
7.665764913932288094e-01,6.325776973041688400e+00,3.079857545716578215e+00,2.991752642797949613e-01
1.122722165927657889e-01,5.787347033776029104e-01,1.964134835969538750e-02,1.276130816870056943e-03
5.363904727282966078e+00,9.403222167668550124e-01,2.068500027978894096e+00,4.431890923078012356e+00
2.576505323959548566e+00,1.371052667918351842e-01,6.182714400308680247e+00,-3.543191304291071902e-02
1.350445290061192072e+00,1.922701472526998079e-01,2.411199466756675847e+00,1.732289729207014128e-01
1.369603481727346694e-01,7.233062498942770979e+00,1.839254933731975516e-01,1.811789076805762622e-01
2.414616881253198066e+00,1.032241157072540383e-01,1.426462962299159365e+00,2.466550276697009048e-01
1.751875504704195619e+00,5.983201863104675722e-01,9.978670932293226548e-01,8.808051963443663812e-01
8.900758064810148085e+00,3.246203643350636270e+00,6.275505474694267782e+00,-2.218963892612266231e-01
2.430167463658673699e-01,1.399298465565234351e-01,4.395051295406827485e+00,-3.230739555932913426e-02
4.932893835302165075e-01,4.451287144867783319e+00,1.736772395755195875e-01,3.794414405561993830e-01
1.105347597943829641e+00,1.297623609813534085e-01,2.272276995935024857e+00,1.095663011025830164e-01
1.687857951256753475e-01,5.954356922901000715e-01,3.648878860312993577e+00,-4.882413186025369445e-02
5.783401182400147444e-01,1.761484621053585942e+00,1.038532328309770936e+00,8.778054562313121201e-01
6.614841542757919912e-01,2.025149930624373928e-01,3.023597264965592224e+00,1.577006268257646199e-02
8.166787837374242187e+00,1.335896370868761451e+00,2.326527581726057559e+00,7.939960255371891762e+00
3.453756680547783731e+00,3.046422025134042366e-01,2.114025158610227439e+00,9.006954537983937747e-01
2.412853494906522789e-01,1.056961791940662920e-01,7.479722033014031268e-01,1.734591724155171502e-02
1.097754120584976817e-01,5.434243371612718088e-01,6.901760872416735637e-01,3.798049132973713160e-02
2.217156545162246029e-01,1.289635478067312213e-01,1.207147729913313539e+00,2.672339095419377572e-02
7.312421352625090298e-01,9.994522161209808075e+00,3.390864901344274873e+00,-1.802977138196628193e+00
4.727522659228912794e+00,1.265825887375160441e+00,1.001531602001200172e+00,5.040494174801351868e+00
7.823399592337899833e+00,3.194762386014288857e+00,2.709830594226313227e+00,1.045924362333297886e+01
8.206658910175317345e-01,1.160996489010206023e+00,5.255842338601209862e-01,4.780324510886219125e-01
5.117182012628316290e-01,4.960546635372723445e-01,5.734936293569644405e+00,-1.322999054076310910e-01
7.569146167296230132e+00,1.226105452106812377e-01,4.476334686447752453e+00,-9.023205509993541540e-01
5.274444190226575957e-01,2.266744858052182288e+00,4.105003055507750354e+00,-9.817434106683037287e-01
1.295896083535134746e+00,5.280329658943603288e-01,2.495231336009224421e+00,4.121295674232344219e-01
7.113345786269538173e-01,1.075622090963341160e+00,5.609239676271520203e-01,4.070237970627459956e-01
2.023348508301941795e+00,7.379403241134375513e+00,4.500595676254367739e+00,-1.459747662822269376e+01
1.921664228753989512e-01,2.060164418049454660e-01,4.817089954070594260e+00,-3.937264528071612174e-02
1.166317091106034293e-01,4.612347507831222604e-01,4.755992293673097393e+00,-5.374346692651391783e-02
1.124473866624622481e-01,1.754261423805350439e+00,3.461522521599107449e+00,-6.203893206930460869e-02
4.912981809410131295e-01,2.393928741142832717e+00,5.460083740690308218e+00,-8.624091215074113359e-01
1.586484811564144337e+00,3.826365072325526029e-01,3.154633911791817069e-01,1.883406006374669650e-01
6.893365723729596439e-01,6.747158388403364793e-01,1.255068087806918475e+00,4.421163346027403573e-01
7.427543266283270107e+00,1.175957762757085245e-01,4.001851704657953590e+00,-6.620834590396176278e-01
1.215930976027086996e-01,1.801053770643515628e-01,3.211616033351957444e+00,-1.532229082110332175e-03
9.055818950948625323e-01,1.150392712457287026e+00,4.656965229155923258e-01,4.678040414240064448e-01
2.766296855858029868e+00,4.052869152654522966e-01,3.975428732154071554e-01,4.340553590293679265e-01
2.365360317405773127e+00,8.978143169089435327e-01,6.473063224581870889e-01,1.280648140911689215e+00
4.342594199562938684e+00,2.963938561189956911e+00,1.867880240870997133e+00,1.230734981150338214e+01
7.093063038702329237e+00,1.362457141712750675e-01,2.783402812574014007e+00,3.387998660906901272e-01
5.523248524110849766e-01,2.737655712653006557e+00,4.601529109225824143e+00,-1.502793164281020166e+00
4.694617036132475163e-01,3.513297247446683258e+00,3.542473912565947458e+00,-6.436289808804332990e-01
6.256964282547854417e-01,8.381431466338276071e-01,4.009391312119959139e+00,-4.000864259412377777e-01
2.868307776631556227e-01,2.996352186440981447e-01,2.253147293188099809e+00,6.670094444390779753e-02
1.947511939935354375e-01,1.516285544595037671e-01,4.310220060707050216e+00,-2.717378028328588935e-02
5.544883254309064924e+00,5.009744986339158546e-01,4.870159236513624812e-01,1.300006088049490360e+00
6.707444018845156730e-01,2.115791240356443392e+00,5.426773232692567284e+00,-1.072167149435975464e+00
5.862047293985931162e+00,3.130808743665497440e-01,5.671518484193869725e+00,-1.053886656698263424e+00
2.228154033864138961e-01,5.054454875417629944e-01,1.151852844939721177e+00,1.028814867037391168e-01
2.006759448789797062e+00,4.328705207465418425e+00,2.825732483253860394e+00,2.698376838872152295e+00
2.511010841966354046e-01,6.540521641215944371e+00,3.107913640349953877e+00,5.530166776683931307e-02
9.090439092071553873e-01,4.878778277116523121e+00,5.908133018184225094e+00,-1.624643124024452545e+00
8.414649286866755062e+00,7.225472065031000923e+00,5.600302923491116580e+00,-3.836660786857471095e+01
2.353620313315313073e+00,2.733134563651564708e-01,3.239462710540974566e+00,-6.285701008454949723e-02
2.448320514081990529e-01,2.819395881275328808e+00,5.954954337003588449e+00,-2.225243445712749846e-01
1.187049929538758486e-01,8.206437953999138557e+00,1.315162224010318237e+00,9.424885119779571330e-01
4.969793181859249565e+00,1.459176054593318561e+00,2.355486371582679261e+00,5.131429027809228494e+00
1.094220155260178684e+00,3.991950991500588408e+00,2.736809282397425491e+00,1.720233059278886145e+00
9.257451249869932397e+00,3.590211325766873518e+00,3.458135891913660664e-02,1.149124114161407029e+00
3.293146433942810702e+00,2.912081489376923571e+00,2.409494773609768270e+00,6.410197989974013133e+00
9.838556483798855723e+00,6.947081912555867156e+00,5.540514501563926331e+00,-4.622171941446338650e+01
5.856895756840792444e+00,2.248695653886847723e-01,4.741171416744443867e+00,-1.316492105190901096e+00
1.518986785238009285e-01,4.176910911236031865e+00,3.742623082912181598e+00,-3.587865484418928941e-01
1.682636474186558484e+00,3.671724638411090202e-01,5.858344202170087556e+00,-2.546496718120399017e-01
2.186494341057144464e+00,9.239399786343646781e+00,3.671299365068244391e+00,-1.020761909647424659e+01
7.610101901711320282e-01,1.696633093994302621e+00,3.354764839146699984e+00,-2.731584992357978248e-01
1.425267541067367638e+00,1.975313818423855450e+00,9.968551151757057971e-01,2.364240380986760037e+00
3.105878288811003252e+00,1.337745245681887907e+00,4.942321754410349044e+00,-4.045524774558474590e+00
1.060502344631360394e+00,3.426276541049543045e+00,5.935100963525930418e+00,-1.239403707760378115e+00
3.681138731819975085e-01,1.019017675989483340e+00,1.422866106519374840e+00,3.710176414565419245e-01
3.315836172761960632e-01,1.163492945196085815e+00,5.510050433718261864e+00,-2.694325670486891755e-01
6.246089104923877589e-01,1.829465900381798127e-01,3.636989181101007995e-01,4.064970589471129242e-02
2.190646122745881497e-01,1.274639174293376032e-01,1.695769168576668040e+00,2.770506494553863150e-02
1.487398601303207668e+00,2.509476173039371094e+00,5.104523907828802720e+00,-3.449270040906242674e+00
9.855976014362205717e+00,5.504639456587615554e-01,3.020671655586079307e+00,6.544422901641521184e-01
1.305583127496351858e+00,7.362204465218691318e+00,1.770383130049040687e+00,9.421158714364246123e+00
8.263053380300924289e+00,6.155294734968003167e-01,4.992899552246521822e+00,-4.887356611105041715e+00
3.040922346453382441e-01,9.087910510066828929e-01,4.450817992181141380e-01,1.189801515372466423e-01
8.528334221526629122e+00,4.006363592197716095e+00,1.302849877143027468e+00,3.294839166461757429e+01
2.071801101944398260e-01,2.930515642844112034e-01,4.231877284488883006e+00,-5.383906036311760651e-02
9.650630099730474143e+00,7.462758764755147212e+00,2.990060987729702635e+00,1.087164250329723636e+01
1.358929490889612124e+00,5.169228752628563406e+00,5.415946280752980790e+00,-5.356591628757767509e+00
4.116303081642009309e-01,3.298639337829265106e+00,2.158929610320573733e+00,1.129676034463835910e+00
4.548015806562102803e+00,8.123569361522879007e+00,5.061427933539240698e+00,-3.471833794986447685e+01
1.413856099170793801e-01,1.754134301947159580e+00,1.312629754351270384e+00,2.397902420220511810e-01
1.764915828085976135e-01,8.690448087131211752e-01,3.087002702665992970e+00,8.368799167753919813e-03
2.995992912128261909e-01,1.112336351768752202e-01,2.907626040734888839e+00,7.726117421103051094e-03
1.687001452598525242e-01,4.418660994248983509e-01,3.163671294427878422e+00,-1.645671658454707451e-03
1.116545035998479929e-01,1.272169863454007510e+00,5.425976366079174440e+00,-1.073875270589138842e-01
5.582227655745553463e+00,1.565697300008673243e-01,2.275875915673611694e+00,6.656094151619287302e-01
9.123588861722391030e+00,9.142449701589308031e-01,5.253188775190283932e-01,4.183016915130789215e+00
5.480666995437103672e+00,2.117827421120249465e+00,5.251950497818668850e+00,-9.958132055057843601e+00
6.689081270984242877e+00,3.275646731098716735e+00,1.647228293995555592e+00,2.184709781419124752e+01
9.911992187414295330e+00,4.006141871090406759e-01,2.307557777549564815e+00,2.941029382069436870e+00
8.094848341497205002e-01,1.621784349916571832e-01,5.575377789023248987e+00,-8.535489288416939213e-02
1.690229164021530561e+00,1.083488588829943366e-01,5.895305105068936236e+00,-6.926636455288734395e-02
4.150185727897867105e-01,3.450092702836954905e-01,2.846505166791247543e+00,4.164164509322770824e-02
1.061764159593553636e+00,1.405508044844172577e-01,2.958194410896698656e+00,2.721568410460533868e-02
9.331333053343277006e-01,5.079630836947958139e-01,1.002840709431630950e+00,3.995808512251801115e-01
1.008162855181977235e+00,5.879299406145389595e-01,1.638654181192507053e+00,5.913649846818078704e-01
1.640740261764503105e-01,7.078402357698182712e+00,5.184545597200168388e+00,-1.034314606890690547e+00
5.511788121948053565e-01,3.468109539284560117e-01,5.079141439070855135e+00,-1.784424381890162004e-01
3.661283245629502470e-01,9.801190205279404211e-01,4.640340623610554327e-01,1.606063271470785092e-01
4.026992786107750910e-01,6.618367300525342500e+00,3.792855156060201960e+00,-1.615627317527835283e+00
2.820622326927435974e+00,6.321539706615565635e+00,2.008316365359781752e+00,1.615111895582379731e+01
2.235265059455331105e-01,1.470139709294794317e-01,4.549583546757437702e+00,-3.242697305264537894e-02
5.768399514271985495e+00,4.020407098618176356e+00,4.456407314302077260e+00,-2.243563021692119008e+01
2.439806283325097525e+00,2.251296881792387017e-01,3.323464532197510035e+00,-9.934746777282278674e-02
3.518124743230016005e+00,3.852289858583028970e-01,2.931332056157577082e+00,2.828677038576707381e-01
1.867135674075172336e+00,1.460734337775540792e-01,2.661004439515792352e+00,1.260874310624957861e-01
4.397094144036648999e-01,1.249705658081656789e+00,4.197727409154214051e+00,-4.783238104132824242e-01
1.959907662502636372e+00,1.185551895996358462e-01,4.325543853574915332e+00,-2.151869321043047012e-01
4.189320077468977388e+00,1.044121331460885704e+00,1.685428754836285847e+00,4.345450395392409071e+00
4.543318154984472557e+00,8.707203190949986960e-01,6.248557536135677992e+00,-1.369586829042971354e-01
5.509853865518223870e-01,7.634946804704005885e-01,4.184319725679455537e+00,-3.633707818160377689e-01
1.410302407089367716e-01,6.897386249171408856e+00,4.527154155730151786e+00,-9.560994066436599992e-01
9.827945949918929225e-01,1.594692779612740530e-01,9.986264971899756482e-01,1.317635667888591156e-01
4.653967496663206305e+00,9.398357292068347801e-01,5.872030921915997403e+00,-1.748132824763552806e+00
6.019676197246091043e-01,7.595676491747630266e+00,2.814234354889721068e+00,1.470206361529038164e+00
7.521159574391047542e+00,1.064951313452359383e+00,2.476995747360745792e+00,4.939898184624963662e+00
9.000899474179348658e+00,6.041910294012625693e-01,5.548009980847649736e+00,-3.647536386039609724e+00
5.024720455446540779e-01,1.767928514744325774e+00,3.139518035203955115e+00,1.842954090537668238e-03
5.714276184029453143e-01,3.089585514693727886e-01,1.583284619354733413e+00,1.765336824851998498e-01
8.642001360497653106e-01,4.133073807934393717e-01,2.188880090061528616e+00,2.910984979130021300e-01
2.317201509463252762e+00,2.786761582666777426e-01,5.815359544445999340e+00,-2.911983198539423445e-01
6.846949579111587525e-01,1.880953299088120367e+00,1.131609342261390649e+00,1.165656485846765955e+00
4.650802182515140437e+00,1.453373621006786909e+00,4.672516963131073453e+00,-6.753980985663848635e+00
1.941218412018802242e-01,3.140452424344074567e-01,5.786222908250855390e+00,-2.906459205841086316e-02
2.672345299023085596e-01,3.846544248239107233e+00,5.670553104627487961e+00,-5.910830239742314030e-01
1.361122394781846046e+00,3.592328224398987913e-01,3.781938678481716387e+00,-2.921402781192143361e-01
2.577506608057825166e-01,7.595610775572969153e+00,3.594492098064149932e+00,-8.566718434790666636e-01
2.133793149673012535e-01,6.640268042905086432e+00,2.549228463372202214e+00,7.910869111572575996e-01
9.683583318635343717e-01,5.173343144175185593e+00,2.524679740779691151e-01,1.251382771368536595e+00
3.756116194679821607e-01,5.337762523192632891e-01,3.107994516620627756e+00,6.734909311528050613e-03
1.292939377244758936e-01,5.505054669126488776e+00,9.591867817374960525e-01,5.827439825744522572e-01
1.437790744282633204e-01,2.354350545502770786e-01,2.827014977681479468e+00,1.047389058505050416e-02
2.396753744536521680e+00,1.826987510477655174e+00,6.202097706829057699e+00,-3.546805786307098418e-01
6.790532742600693616e+00,2.198869600480956310e-01,1.729676446698394043e+00,1.474343504439005859e+00
1.148184378483152912e+00,1.197917635708829920e+00,1.044609562255888413e+00,1.189373808582999015e+00
3.472548521122910681e-01,4.498634686037635610e+00,4.789028590892445258e+00,-1.557587155554904568e+00
1.260474185479986686e-01,3.118132788519969889e+00,2.586521821664248044e+00,2.071295494435384521e-01
1.062153101270805866e+00,5.512817693155128707e-01,6.075005122735457341e-01,3.342393900857504319e-01
1.936202970125616485e+00,3.035728365735481660e-01,1.131962321804364374e-01,6.639232868518053776e-02
4.471633199240137024e+00,9.507291883217473538e-01,1.289281103665680162e+00,4.083961825650471056e+00
2.051872505014544212e-01,4.823000777310144094e-01,2.658182440801573065e+00,4.599758834761737136e-02
2.421889564180726984e-01,3.319090986865947279e+00,3.395992937149266755e+00,-2.023002330793386705e-01
6.513449674687251667e-01,1.367634169671867683e+00,4.416977968857995762e+00,-8.522143910648546372e-01
1.929853957819606780e+00,3.057130469930732009e+00,3.230376837813000446e+00,-5.231223956982250511e-01
7.500154571049362673e+00,1.275463721172179488e-01,2.462292438764259295e+00,6.009937391212911706e-01
1.364247831912541509e+00,5.341708929421004726e+00,2.463401056750934570e-01,1.777081237168036010e+00
6.186891208009520637e-01,5.304747078087422851e-01,3.248124578309083965e+00,-3.489756721633526654e-02
3.611179655332992233e-01,3.907034784958283602e+00,2.889473031474103504e+00,3.519591778803468629e-01
1.071115532737620946e+00,1.035477709117979817e-01,3.172953313547085763e+00,-3.477691670329267556e-03
2.187743680315341610e-01,7.912785360684836400e-01,3.573683563539164165e+00,-7.249396562176679826e-02
3.957865415224819827e+00,1.179227118933387081e-01,1.384646545420155972e+00,4.586591778597076674e-01
4.256331960984999441e+00,3.163871475628067476e+00,3.264477379486538045e+00,-1.650663916598684722e+00
1.914479859929904826e-01,4.689636624902236761e+00,1.007401170831408121e+00,7.590602772878639604e-01
3.643542791007319814e-01,4.699572134724847139e+00,1.597109223551268942e+00,1.711716476917596319e+00
3.081962185497620910e-01,5.044391392805814833e-01,5.917069354835421180e+00,-5.565559223609180955e-02
1.045820375581685557e-01,1.531129693508958001e+00,2.597011529055563095e+00,8.295623170427372794e-02
4.088819701540076235e-01,5.263267527192702744e+00,3.342772836818337645e-02,7.192491980396689688e-02
3.059450829018536266e-01,2.105847088129666200e-01,1.705600172346389387e+00,6.384285270570880244e-02
1.113440431356125526e-01,1.107020639328945288e-01,2.806484839217916250e+00,4.053668868620029925e-03
2.020026475645555208e-01,6.001264156789562598e+00,3.168790928106338445e+00,-3.296762124009510603e-02
4.424886499961155906e+00,1.170885578057139442e+00,3.127652285535187371e+00,7.222320649085879618e-02
1.303263811532676675e+00,2.084708564074619630e-01,7.576497483252199183e-01,1.867114479961520523e-01
2.186880967538933795e+00,6.915932569150577969e-01,4.378868953065193637e+00,-1.429090835603629150e+00
1.258587555578371542e-01,8.469026334915881193e+00,5.347252740261997594e+00,-8.582129515506142781e-01
1.976550656288166063e+00,3.504434971778513486e+00,8.533023853211483267e-01,5.218957359736632995e+00
1.142993590858810249e+00,2.472533964928731010e+00,3.210861089336580765e+00,-1.956023584094590817e-01
3.299940749936946638e+00,5.570418420896190881e+00,5.763226391445568808e+00,-9.133020510106870660e+00
5.216516034332668639e+00,2.579474107988183107e+00,4.400901454171964211e+00,-1.280835463506257099e+01
1.769961398004650466e+00,6.026549457272647459e-01,2.419704887550834904e+00,7.048624058952180915e-01
2.485909939012972969e-01,9.872123962426172739e+00,2.016057350097689049e+00,2.214840066645339611e+00
1.075256109606752331e+00,1.497713014853579439e-01,6.302787441548455272e-01,9.491361717655634467e-02
6.423934436304157281e+00,3.308601772647301598e-01,3.252475147126300481e+00,-2.351896902922235855e-01
2.818055310654314916e+00,1.478475570381412307e+00,2.416149743211397360e-02,1.006572952239985358e-01
5.920763719689667859e+00,9.467589522681912895e-01,1.477318467824491721e+00,5.581062988703408223e+00
2.899021505013467115e-01,3.170418387140416794e-01,3.408673728921708168e+00,-2.425691656544646038e-02
2.261110049526799670e-01,2.083099885746442781e-01,4.747788438885746309e+00,-4.707167218496005612e-02
1.784683367015412747e-01,2.561150557510415426e-01,3.134869471248947548e+00,3.073037808905535904e-04
8.399948383049971046e-01,9.379400927215305828e+00,5.881852368197244552e+00,-3.077760216820981665e+00
2.488566586652166013e+00,2.499638805964533361e+00,2.213951253152077303e+00,4.977705851124043512e+00
1.371123970655143132e-01,1.307039964909913587e+00,6.845795995562280467e-01,1.133238499881225186e-01
8.270526956392311391e+00,2.826377349316412602e+00,1.789900798030897855e+00,2.281677692113407474e+01
2.633963648263466961e+00,2.499026981453969398e+00,1.333743240083304360e-01,8.753154600752482972e-01
9.551584745770455021e-01,9.356314883316766418e-01,4.067276948812219572e+00,-7.140763626918668061e-01
5.018012643688661178e+00,4.432538965679854392e+00,1.803380971670619948e+00,2.164363186477968171e+01
1.101189560297134884e+00,3.735703174554221739e+00,4.442246511175720336e+00,-3.964524678816236936e+00
4.412393932900143811e-01,4.490487406657744374e-01,6.048404288401949103e+00,-4.609284499614946240e-02
1.169179992849198463e-01,8.953650785255414135e+00,5.032461239940559494e+00,-9.936765943282833691e-01
1.564062106492158932e-01,7.702743676977093834e+00,2.774499892412149560e+00,4.323913768190754126e-01
3.809847243546311546e-01,2.369633814114263881e+00,5.390264440196799178e+00,-7.031926611834221630e-01
3.852413490826107179e+00,6.424337224052775186e-01,5.544508143660373811e+00,-1.666389724293156682e+00
1.226412499844960619e-01,2.102527994048384308e-01,4.598536681618899280e+00,-2.561872521523667415e-02
1.566930524427703753e-01,2.110411212401564485e-01,2.808291382805604197e+00,1.081889398951080793e-02
2.732486302870839601e-01,5.474989405690500188e-01,3.291813503273545383e+00,-2.238911138498896405e-02
9.325578877184416138e-01,4.695964085843824520e-01,5.527707369917306934e+00,-3.002580060836244069e-01
9.344438572924985698e-01,4.199057590834489040e-01,1.006105765674563335e+00,3.314632803374072401e-01
2.675876868632889316e-01,1.131442414689040193e-01,5.904345031932261456e+00,-1.119737564165267617e-02
1.902919211553650847e-01,1.491024560907948660e-01,2.843634662357127585e+00,8.329425068283035152e-03
7.210151244080724720e-01,3.592239371170891093e-01,1.447774192080442113e+00,2.570484070742762861e-01
2.796024548078380745e-01,1.446608953291645960e-01,1.559384552919566846e-01,6.281795858258194289e-03
3.811920245164473364e+00,4.014168759302236822e-01,3.377110026551143562e+00,-3.570590062216342231e-01
2.387470627035685466e-01,7.598692371583630756e-01,2.117908809267025738e+00,1.549352173680978439e-01
5.997475913693088856e+00,7.016115493943007042e-01,4.234524436405211034e+00,-3.736525421869405506e+00
3.632016239689276116e+00,6.282530185781484144e-01,2.012471578119455540e+00,2.062854008775947268e+00
9.172939701318172379e-01,4.479393941141212032e+00,1.596156142681092849e+00,4.107599857672028065e+00
2.021309218166832955e-01,3.191359584740743216e+00,6.271883255139926838e+00,-7.290487240119566600e-03
2.987294580340048356e+00,3.208789551953302177e-01,4.451273558715300283e+00,-9.260672960980889101e-01
2.706011802292456747e-01,1.958858707215847872e+00,5.704309215778293307e+00,-2.899922564569136774e-01
3.586966649948625463e+00,3.365973489683811715e-01,2.834076344423049676e+00,3.654597398948721820e-01
1.050320046426194587e+00,1.657536732235995458e-01,5.256057981889565411e+00,-1.489928731546940055e-01
3.016951060349636338e-01,4.267899241571895819e-01,5.432977624828982499e+00,-9.675283578626873993e-02
2.959583904332338533e-01,2.304040130707561140e-01,4.389390077895485298e+00,-6.466374566517205102e-02
7.386379604505632912e-01,7.871454311351590016e-01,6.148258819068366243e+00,-7.821054013156789053e-02
1.633049081826899451e+00,2.117409337857696638e-01,3.180820801756953475e+00,-1.356096133066857050e-02
1.422040189681314792e-01,3.754153357596520468e+00,6.011670336610876575e+00,-1.431754073261832516e-01
1.163067293218983250e-01,7.105613355987642210e-01,4.842262616845708578e+00,-8.194706708470832213e-02
1.898971824098019956e-01,2.872273322146897900e+00,1.839228226556457013e+00,5.259034202912346023e-01
6.958940801865501902e-01,3.183155119380132736e-01,3.042383836779059436e+00,2.194009811257353892e-02
4.348666334384824750e-01,6.151970295415005729e-01,5.442677412301185846e+00,-1.993040436837985874e-01
3.548976675729009767e+00,1.108280340361919997e-01,5.843735673519733886e+00,-1.673372318800654124e-01
3.576289915351867910e-01,1.812065727865311615e+00,3.563433390837717596e+00,-2.653367972440852096e-01
4.538500772516995241e+00,1.355233449362874820e-01,2.611527069650250610e+00,3.109746145608191514e-01
4.780486292357892242e-01,1.270317633285734882e+00,5.282815490860831353e+00,-5.111244229824697394e-01
3.094230546383913150e-01,1.160011819209698508e-01,8.429282763887020469e-01,2.679784278326362290e-02
1.058876813396494448e-01,6.747932261038197543e-01,4.223917075315277714e+00,-6.309601545030768532e-02
1.815376918970723841e+00,4.436032653722260299e+00,3.173049257434454429e+00,-2.532804975905873501e-01
9.044211444453901905e+00,2.152575500084346061e+00,3.346432639398282394e+00,-3.960066271670694249e+00
8.999559428500431002e-01,1.158008235877431069e+00,4.265863337397436617e+00,-9.399759713311836018e-01
9.862977243421094942e-01,4.487332500881181518e-01,2.252371926329465701e+00,3.437027907514998981e-01
1.483526091702194849e+00,1.158252068386313782e+00,5.528487540766353625e+00,-1.177151311091053199e+00
4.852925813251253717e-01,1.415066569539072061e+00,4.285187051323338103e+00,-6.250047193714575178e-01
8.701924941124035584e+00,7.388999194087451095e-01,7.542984631929948725e-01,4.403018313487684132e+00
1.402459197558792170e-01,2.814826416697596145e-01,4.203430418674760083e-01,1.610943886036029365e-02
1.265534225424729708e+00,4.136302491427619188e-01,5.903571747928336499e+00,-1.939753578100076314e-01
1.245771187102022726e+00,1.289786171994715680e+00,1.002837102270200731e+00,1.354515019708959933e+00
8.530578653507543407e-01,1.140838905935831260e+00,3.988456126902150345e+00,-7.291291199553697755e-01
1.782615751440258522e+00,6.018927814873202831e-01,2.477639762119383970e+00,6.611851636197383364e-01
1.418545341296735263e-01,7.342291168029723147e-01,2.556713985931424182e-01,2.633996148836818471e-02
1.143470485734520148e-01,2.557074006599727722e-01,2.586436028269707865e+00,1.541139089096969436e-02
7.474525843336833120e+00,2.918901518627242009e+00,6.053374613704089136e+00,-4.969856420547139386e+00
6.349280237515774195e-01,1.290546307958712058e-01,5.359456315878818877e-01,4.184321916528450924e-02
6.270493182650577202e-01,1.435412429851937177e-01,4.193568694671093944e+00,-7.816288738108634337e-02
1.908350609342525650e-01,1.006536892481790096e-01,6.650202699303653375e-01,1.185293427218830735e-02
1.701511591504992482e-01,6.194200607550183202e-01,5.728514027978132361e+00,-5.550776264639314256e-02
6.974469810879830867e+00,2.047871806824320962e-01,1.344176109532981833e+00,1.391762762214060256e+00
8.868582168045613390e-01,4.917100227217920394e-01,5.020595739155521819e+00,-4.155287219373493546e-01
1.178793275272496555e+00,2.257161710574890900e+00,5.151192085610519555e+00,-2.408651946493567841e+00
1.157147798015695450e+00,2.261756256892669403e-01,3.091275084392442363e+00,1.316348881450186969e-02
1.952485639262455108e-01,9.272409868833149105e+00,2.275155629325011919e+00,1.379591767275184733e+00
8.527692820992463396e+00,4.033966717548960190e+00,5.443295041214279095e+00,-2.561352303360272842e+01
3.036867553069353409e-01,1.086929031081164787e+00,6.265103289678143561e+00,-5.968294693461799992e-03
2.429548377456182684e-01,1.150119345906719659e-01,3.402994335678241278e+00,-7.221369580521953477e-03
2.334973684606418964e-01,3.999525052440523254e+00,1.881399708586287467e+00,8.891918590641804121e-01
2.825985914915450703e+00,9.959945287698213079e+00,3.908437738834398711e+00,-1.953003731184224989e+01
6.041145521190983025e+00,1.316458063382059673e-01,4.836501121510154988e+00,-7.891740672427626224e-01
1.150913810366477996e+00,8.400535717610371211e-01,4.999387154603698313e+00,-9.272839446854208578e-01
3.388393438918492762e-01,5.804218982787959780e-01,3.393936618385707149e+00,-4.910340303405986984e-02
4.991020936989367662e-01,2.226970430706872506e+00,4.643632988214254631e+00,-1.108859428396750779e+00
3.501358016603006273e+00,3.022709137364783860e+00,4.772651805224255028e+00,-1.056437496552493727e+01
4.563474828859996002e+00,3.549624277856946009e+00,2.791088236233312259e+00,5.562146420992239548e+00
4.068342467683319974e+00,2.491695123472879858e-01,4.012195522999837394e-01,3.958944489203228834e-01
1.023312479074821035e-01,3.434571245917240834e+00,2.052946260814052515e+00,3.113970977081039204e-01
1.478149505766640226e-01,4.245493599096985093e+00,8.196123177545837635e-01,4.586626724704906954e-01
1.420511631342384895e-01,5.039520369612826123e+00,4.880957835801313927e+00,-7.057229080462321669e-01
4.179788737512589725e-01,2.730312580744156392e-01,5.926635767394391685e+00,-3.983322505452845802e-02
1.360974731244534719e-01,4.650618752709058334e+00,5.045555729729379379e+00,-5.981331402888281357e-01
4.609410822223005133e-01,1.775378623872418127e-01,1.690752634909936214e+00,8.124642072893535627e-02
1.265603418075508246e-01,2.671530559997679077e+00,7.954331825360999586e-01,2.414668389040445784e-01
9.041742353924698605e+00,6.029656955412534547e-01,4.643484348397485029e+00,-5.438923283951886845e+00
4.071863682766530879e+00,3.646632930185766397e-01,3.732421589479357760e-01,5.414335413583476475e-01
3.165288239328094000e-01,1.002156894503964946e-01,2.160261570895479988e+00,2.636783133782924851e-02
1.918940955866177189e+00,3.579563824364443425e-01,1.128589596235549664e-01,7.735803470700977624e-02
1.447283518594769225e+00,9.953081575447522145e-01,2.301357861970675600e+00,1.072878987416940433e+00
1.496367617638312719e+00,4.807036553182184591e+00,5.719827373669756021e+00,-3.841315126863106943e+00
1.863171319928019765e-01,4.849921511682758202e-01,1.244674187593384662e+00,8.559951189790443449e-02
2.827768205877725372e+00,1.745444137591098122e-01,5.245398163442493988e+00,-4.251039043176779719e-01
2.794379365259980763e-01,1.833077813558197378e-01,7.305691691150697498e-01,3.418088187742900075e-02
2.461708790232777222e+00,6.734314141499017081e-01,2.857764985602091912e+00,4.642351767894495884e-01
1.959021382999330818e+00,8.046666610830234490e+00,4.344850715067410718e+00,-1.471081606499574512e+01
1.589545786357849488e+00,4.610190195090480891e+00,6.981616490078745851e-01,4.710585398120651135e+00
1.632519286541742609e-01,1.911762923535314851e+00,5.334686248620964300e+00,-2.535933821176031833e-01
7.672318631947936396e-01,1.973402560445326248e+00,3.474046263888466601e+00,-4.941326988443177082e-01
8.363778212970636172e-01,3.247048835086325247e-01,5.677651724321229887e-01,1.460397566454434692e-01
5.609881142854784564e-01,1.403502071860518230e+00,1.540138161228890246e+00,7.869779863870300929e-01
1.225186932454516014e-01,1.500400879167631818e-01,2.139179650485014683e+00,1.549244314997947312e-02
1.046384674135674986e-01,1.848219870783420204e-01,2.012476359272576953e+00,1.748357139242763883e-02
8.474197431619872045e-01,2.931230604276453544e-01,1.175309864195524939e-01,2.912732675653674844e-02
7.596000722149448769e+00,4.053899891555105661e+00,3.851777262595696971e+00,-2.007650607158465661e+01
8.697934296760116979e+00,4.519564466977969985e+00,3.701618548654037610e-01,1.422135085812133681e+01
1.892485153099815909e+00,1.645663516745005328e+00,4.305783209157133307e+00,-2.860472603040566053e+00
4.892040805726294295e-01,1.388769294334946558e+00,3.667452255253673243e+00,-3.410251367123285915e-01
2.090847318873421679e-01,5.130281608232759583e-01,3.757497672128883526e+00,-6.196750334479307620e-02
4.777736934211903375e+00,3.585560599725898356e+00,4.711086756901226913e+00,-1.713085078202667688e+01
2.476295054107502391e-01,3.065713363911717892e-01,1.901350855739856405e+00,7.180620060451173292e-02
2.328831902420782918e-01,1.125968015727005556e+00,6.539051205764829788e-01,1.595053636719690193e-01
2.193978740990625287e+00,1.396748792440939857e+00,2.780667866161770974e+00,1.082174075515950129e+00
1.050199333477938313e-01,1.976296900763662712e-01,3.319344038958658594e+00,-3.669843516579163450e-03
1.824336029836385320e+00,1.619501570316519978e-01,2.350366081693610276e+00,2.101298548241353759e-01
2.078726637834158009e+00,1.670256259131688514e+00,5.056569380255227841e+00,-3.268381079389881982e+00
3.457088639742722513e-01,3.369198281434733211e+00,2.689894800096258365e+00,5.084111878298135379e-01
2.861366545697910269e+00,1.239455665502141174e-01,2.410045243245180213e+00,2.369164463986502822e-01
4.421742474075332496e-01,9.453596556764110037e-01,9.107392946948712487e-01,3.302129537745578380e-01
8.782111307911679710e-01,3.046770291491635030e-01,5.675917522700158813e+00,-1.526827966381498203e-01
2.961277636401389857e-01,4.529967070384263161e-01,2.791312756945944162e+00,4.603326125619352366e-02
5.198781023461626072e-01,1.378759122865540476e+00,1.018509103542596383e+00,6.102197008794485455e-01
4.512811971576612402e-01,7.187570924694947294e+00,2.912849974972640421e+00,7.354999991817658955e-01
5.932864171054180735e-01,7.064076451739896179e+00,2.263002244644868099e+00,3.226415267030993572e+00
2.648184763790581986e-01,9.203489915242993646e+00,5.327067010564747740e+00,-1.991137143919237795e+00
4.576492652672735084e-01,1.618813748520417040e+00,3.829613724976226319e+00,-4.704462491472876096e-01
4.935708099806437876e-01,3.451910074855339960e+00,3.749250003556301447e-01,6.239223321508355902e-01
2.692751487281888068e-01,2.424721722328917917e+00,4.266570866222158642e+00,-5.890999898098771004e-01
8.197920936651695856e-01,9.014430681721940175e+00,6.000580723859628485e+00,-2.060748132918982289e+00
3.851188856646761582e+00,2.687897211490182237e-01,1.068238506842489111e+00,9.071659755709577944e-01
5.073311883989468640e-01,5.420899685894243980e+00,5.879038097880131986e+00,-1.081471038374249405e+00
2.567195791244209158e+00,2.792271037253000188e-01,1.098477723396725503e-01,7.858398740533979743e-02
4.124079187961418591e-01,9.121501443769555184e-01,3.778359828637953832e+00,-2.236751376303469652e-01
3.812471044780872953e-01,1.122770531260014887e-01,5.830977245317060742e+00,-1.870389266712993437e-02
2.339349835224207586e-01,6.072772290824401509e+00,5.934700615097597165e+00,-4.851095005922430037e-01
4.670836698412280108e-01,4.784442614059439158e+00,4.600176779011754924e+00,-2.220680350867668462e+00
3.810266556236237445e+00,4.334001492461950766e-01,5.306131805713982352e+00,-1.368742233634612671e+00
2.012095855151095680e+00,1.733945083463981796e+00,6.348498788100619405e-01,2.069093825155828181e+00
3.702056158166769362e-01,2.965849379462150104e+00,3.551405849259156700e+00,-4.374746016197071929e-01
1.019282327561743084e+00,3.542613886801814771e-01,4.146673387575693370e-01,1.454788755183115678e-01
2.206129325356813997e-01,1.812563127710549449e-01,1.431074793086382080e+00,3.959780128036474028e-02
5.657461794472674832e+00,3.058932474442882743e+00,2.140873576290488689e+00,1.456904305483812223e+01
4.167762848847080814e-01,5.596346647056745782e-01,2.884952549852547232e+00,5.920443112406896524e-02
1.210899934349221052e-01,8.226497114562817403e-01,5.457871447828972045e+00,-7.319293035640253575e-02
1.558249893822740706e-01,1.046995650553528556e-01,3.565546090034269699e+00,-6.711375443820013185e-03
2.772640686232730189e+00,3.970140658931607724e+00,3.874272091549852526e+00,-7.362702188213453347e+00
4.624559963534919049e+00,1.054613284718521227e+00,5.039237542478654852e+00,-4.618921884362163333e+00
3.584969029385873807e-01,9.916527135747330135e+00,2.730727766673651580e+00,1.419893157227570368e+00
2.045539683730322744e-01,1.849230364061782705e-01,4.067297107562482417e+00,-3.022525042763896802e-02
2.186117403398163128e-01,7.103801318746789661e+00,8.991044132692034285e-01,1.215621576119132019e+00
1.955032080970197983e+00,4.800640604021854663e-01,1.408421690748888899e+00,9.261952420702004307e-01
7.438796888677312591e-01,2.449539268866577579e+00,4.929767348077524147e+00,-1.779280124563034304e+00
7.488551034193551281e+00,2.925938276068444033e+00,5.283231156249499350e+00,-1.843696000343251029e+01
6.366493568904479927e-01,8.244477754527869351e+00,5.370965737985432753e+00,-4.151119988821924345e+00
1.350014282301178259e+00,5.224301324722273598e+00,5.002848461816157055e+00,-6.757453019914080983e+00
1.479870103763052114e-01,3.326543415473179444e+00,5.490305003219256991e-02,2.701438323369604114e-02
5.633907648345743979e-01,1.404465285012909681e-01,1.333349822791646933e+00,7.690613463330721322e-02
3.574536311466761873e+00,1.240564007003668590e-01,3.729767751106793039e+00,-2.460421753233250908e-01
1.212781612860921732e-01,2.974861575329913244e+00,6.135206043714867441e+00,-5.319417145922807760e-02
5.072127869784747167e-01,3.043203158191110536e+00,2.813963670343147871e+00,4.967134046607585840e-01
2.859377197504078816e-01,1.358758566486252928e+00,5.472393999063930536e+00,-2.816121800259085983e-01
1.264379359874942266e-01,9.438221577733052925e+00,5.756233960405600314e+00,-6.001360524390975115e-01
2.397513072270924250e-01,6.292093320506114695e-01,5.380011990954060686e+00,-1.184647829079496506e-01
6.372345259641291060e-01,8.990776033325938998e-01,5.702590927483577765e+00,-3.142604655347051579e-01
4.600064114027204720e-01,8.762655904045542066e-01,4.626606199872097314e+00,-4.016056008027225621e-01
1.509097231599388911e+00,5.497074997403286201e-01,3.637176334685938706e+00,-3.944942514976412795e-01
1.463037133275651158e-01,2.928497533206670389e-01,3.885612932653240037e+00,-2.901683643373285243e-02
1.664691265581087487e+00,1.620783181300322395e+00,9.464119952203731145e-01,2.189034028605061799e+00
8.964212167693490496e-01,1.565911083819366389e+00,5.641864784787546938e+00,-8.397788119491703673e-01
2.662887794201056479e+00,3.677628262778756874e+00,5.002725396511385370e+00,-9.383246415350493308e+00
4.809315600120170231e+00,3.401473556005821797e-01,4.068356589164086046e+00,-1.308179134932504706e+00
1.147400323568101399e+00,5.234891666974249347e+00,2.383738720598934879e+00,4.128665014911887532e+00
9.129829478277339261e-01,1.286754398407623068e+00,4.243988032609850691e+00,-1.048250320933475255e+00
5.268069944073558997e-01,9.937337549281416216e+00,9.828961262611349836e-01,4.356129664942772095e+00
3.499171633355774524e+00,5.330531604555293512e+00,4.191754113757943934e-01,7.591682981891283433e+00
2.248018573496750327e-01,3.005888743740707802e-01,5.002209515114576455e+00,-6.475481997638579679e-02
1.300137507463053066e-01,4.108310217179543145e+00,4.332856952272187812e+00,-4.961266371567781830e-01
4.702540379081276534e+00,2.737121226106572491e-01,1.254526424224209125e+00,1.223302850654436558e+00
8.402788207248528707e+00,6.661630786672602111e-01,5.028373807159783659e+00,-5.320493226934250863e+00
2.053253319314384817e-01,3.645640464276415083e-01,2.058142601652098502e+00,6.613960379086160357e-02
9.726658803898967420e+00,8.379043640542742644e-01,1.001026075326471698e+00,6.862511502696650112e+00
3.537206212478688716e+00,2.034851257573621286e+00,2.031636006610997747e+00,6.446821379201901792e+00
2.676823945947814365e-01,1.827472745875315108e-01,3.158382856017565743e+00,-8.213083610918126779e-04
3.694775385744049623e-01,1.286858726858160162e+00,5.268799608863040440e+00,-4.037444229973547460e-01
4.554562958961060337e-01,2.593127913610848267e+00,1.099654787638778997e+00,1.052381186127953727e+00
5.966394399837324336e+00,4.646632178952344039e-01,4.958579859705839255e+00,-2.688771096190779364e+00
1.498061717413806948e-01,3.154551655189659964e+00,6.035678136734683896e+00,-1.157742329815941718e-01
1.887884860839838197e+00,5.978153883187483641e-01,3.618138123110134163e+00,-5.177057110733650491e-01
2.240889472183695830e-01,7.331368927808825653e-01,6.228971874377537965e+00,-8.902247386650815816e-03
1.332129548759951598e+00,1.787348188683789418e+00,5.742003191433634690e+00,-1.226560417173925055e+00
9.604637678967733905e+00,1.743881402622821097e-01,2.254316988496364527e+00,1.298667705670208949e+00
6.698281445003655854e+00,5.644840620092839156e-01,2.830308456674134332e-01,1.055929648034132029e+00
6.388198033984475721e+00,1.009631287251479437e+00,4.349931745364263413e+00,-6.030675538458126539e+00
1.611296992337847955e+00,4.556299372677720116e-01,5.695654871481442783e+00,-4.069475333924555960e-01
1.381690048066422261e+00,1.478697227824934957e-01,3.824579168287712161e+00,-1.289426628979868372e-01
2.831216168501556329e-01,8.053346180667013243e+00,1.540169100879950737e+00,2.279007088743235432e+00
3.475233662042659155e+00,1.694105595291470479e-01,3.039021221144625251e+00,6.028220263112445826e-02
5.684584060704007680e-01,4.319411254373714537e-01,2.487765791168365936e+00,1.493447613809395780e-01
2.635783799502868785e+00,1.755179588618473341e+00,1.008272280013647437e+00,3.913419123773229646e+00
3.472219918280177176e+00,6.389793076203090116e+00,5.197339192644601980e+00,-1.962859174631132220e+01
1.078739938964036055e-01,4.641598678514425202e+00,4.537325497915992933e+00,-4.930547113792435598e-01
4.389061730603106004e-01,9.249625607815958883e-01,1.321787958035951505e+00,3.934505034132197987e-01
9.445013662681237321e+00,8.083334521998544187e-01,5.208309230504663212e+00,-6.714974801811662175e+00
3.342167360826017841e+00,5.092877410198766164e-01,2.731979897483767239e-01,4.592540493625771880e-01
5.270190541457256295e+00,3.684904812267754681e-01,3.663487848143846204e+00,-9.681409756052247184e-01
5.044133960075470879e-01,4.636211224251475804e-01,1.490940854145842431e+00,2.331114609755293166e-01
1.267661910715890849e+00,7.691917506941658988e-01,3.349001819200235097e+00,-2.007926165198536672e-01
1.019031496960265848e+00,6.052586880769708078e-01,4.564079301133704192e+00,-6.100068443396160500e-01
2.167047080707579232e-01,3.102731845878663020e+00,6.109057977352395419e+00,-1.164883917894412452e-01
1.021389556626712269e-01,3.226441140105253957e-01,5.592698670574860920e+00,-2.098915138245651887e-02
1.744711572401270450e-01,1.198636533382246017e-01,4.435747016368274842e+00,-2.011760634739781506e-02
4.266707791278531725e-01,1.049128449964459531e+00,4.662976399741360467e+00,-4.470860939327170880e-01
5.098037813974990229e+00,6.661881896286137028e+00,4.974765789638847302e+00,-3.280019972611577828e+01
1.674464761729136164e+00,6.325632804787978181e+00,5.427464144837077953e+00,-7.997462792579574042e+00
2.203855929588041995e+00,4.715938772805413848e+00,6.990227728630952209e-01,6.687743872635536491e+00
9.004571462769827006e-01,4.132072979541026925e+00,3.379209404541982931e+00,-8.758173225546374008e-01
3.333697795856313539e-01,1.124666710580967260e-01,6.213120816636211963e+00,-2.624778445989020808e-03
3.120789362210525386e+00,1.362143576422520097e-01,2.375400593368712343e+00,2.947602727201211192e-01
5.307413397340079442e-01,3.198542941572446896e+00,1.938478493996058649e+00,1.584136551676583293e+00
2.746692180394150196e-01,6.996992388099407378e+00,1.415357989751037326e+00,1.898688051681377331e+00
3.031387574032434196e-01,8.571934550837257971e-01,4.335365820219377220e+00,-2.415980147619677942e-01
4.549315956452323340e-01,4.733752282401053058e-01,3.578838063782539880e+00,-9.119043463156908946e-02
7.239481530948566057e-01,1.042532268957146790e+00,4.627195288760485248e+00,-7.520020310589269341e-01
2.553064427129041025e+00,2.547079766616015206e+00,3.361772840132473128e+00,-1.420259875881361378e+00
1.125926353970766680e+00,2.497181648611008775e-01,6.652103919940260957e-01,1.735415222022523851e-01
8.404152060912921662e-01,4.092700135207515966e-01,5.781390124742811665e+00,-1.654432572581850669e-01
4.127985236847685258e+00,8.564057174632583980e+00,8.253400471726147769e-01,2.597611046338335683e+01
2.805029130205487498e-01,6.673423329888624744e-01,4.879974124924102874e+00,-1.845689989703283573e-01
2.683972035034302706e-01,8.964655970623439885e+00,2.763929080101267033e+00,8.872444523481710643e-01
2.251013105103902845e-01,2.625395291245257168e-01,5.040085440226524938e+00,-5.595316800564391346e-02
3.569010932179356388e+00,1.280940449220919986e+00,3.406571255817571142e+00,-1.197273694875586214e+00
1.895964162915116935e-01,5.864575279173547706e+00,3.051419713230893116e+00,1.001276926493069180e-01
1.050909123475345236e-01,8.444199762801695153e-01,3.136390721917097224e+00,4.616218380802744538e-04
6.542379755700566957e-01,5.557482278043218704e-01,4.802729150562683458e+00,-3.621089058223443957e-01
8.984031274062546757e+00,1.610193821964523153e-01,5.770791176699229252e-01,7.892354310681530816e-01
1.546867800907321788e+00,2.752295865510306361e-01,4.751485268017076713e+00,-4.254184478534834835e-01
6.746530133406417606e-01,5.093031173135390333e+00,3.756080113986825175e+00,-1.981007434388388777e+00
5.843369949905942384e+00,2.434075216745846537e-01,5.720402561619878590e+00,-7.588673262816904019e-01
6.412173329483008555e-01,1.973165606970979757e+00,4.228928213620408272e+00,-1.120222111452411351e+00
6.120284583143673629e-01,1.822987341745161416e+00,1.987940856212513152e+00,1.020046644695988158e+00
1.300006645075767242e+00,2.326488658004682186e+00,4.880306873635951170e+00,-2.981911471090593846e+00
4.780004485729731356e-01,1.945715081731832496e-01,2.427916317451426664e+00,6.088286247558840486e-02
1.946561718318826628e-01,8.317272348250576153e-01,1.499216473486515655e+00,1.614862529276246406e-01
7.129205104620584876e+00,1.516727860187423726e-01,3.212351862304724914e+00,-7.644855337493627889e-02
1.279432767794176362e-01,1.365402621173165798e+00,2.951407650472454569e-01,5.081406027592989816e-02
4.372494398722866826e+00,8.690651774105410121e-01,5.403628897370160722e-01,1.954890462679011121e+00
1.233857452087985695e+00,7.067974505805886265e-01,2.941960950796057794e+00,1.729422038891763325e-01
5.366752929672114369e+00,1.086955175306697358e-01,5.509286992400843630e-01,3.053671297572821408e-01
1.339524840757324309e-01,1.978431392482913775e+00,3.954885711849525531e+00,-1.925482366836340775e-01
2.658969274403069627e-01,1.737767885024432912e+00,2.527129095766734945e+00,2.663910811375477805e-01
1.399184601227310698e-01,3.031506677834891472e-01,1.600287654947263882e-01,6.758905276621662156e-03
1.212715378523057552e+00,1.108970027210221948e-01,2.304944920996353730e+00,9.984296988083839197e-02
1.083504693984753686e+00,8.505994575662638724e+00,5.333086188659780014e+00,-7.497200489328712969e+00
4.643385841957288762e-01,7.658062166272655569e-01,3.688891339666592550e+00,-1.850445294400500929e-01
3.585771674978017298e+00,1.014965868901227530e+00,1.136256368760571456e-01,4.126439523720913383e-01
2.965943185761795720e-01,4.290229065260452224e+00,1.446174544174179122e+00,1.262589340132299842e+00
3.615169049836472470e-01,6.943016854586976372e-01,6.077630546781349175e+00,-5.123204515055476693e-02
6.221229077968923882e+00,3.018625100822654783e+00,5.485268462649023569e+00,-1.344434560472462437e+01
4.140682580468463825e-01,8.668598020822502193e-01,3.986301271193553486e+00,-2.684066688528211619e-01
8.848226152260800781e-01,2.551064349821491994e+00,3.989741979643480985e+00,-1.693059827703848663e+00
8.300972763551097700e-01,4.207272158410230722e-01,6.231267661118576662e+00,-1.812380866138895222e-02
4.892541879898251622e+00,7.241449399322815061e+00,5.041739719515286211e+00,-3.352487035709872742e+01
4.036535828634791656e+00,3.980922025917197349e-01,1.672861332130669787e+00,1.598550880412155761e+00
8.366199332408600364e-01,5.942882144672545053e+00,3.402587198734029705e+00,-1.282965434388093851e+00
1.173439891514675010e-01,3.092284790127276306e+00,3.031780426468797529e-01,1.083339064646162142e-01
1.085729434813091476e+00,2.834865351226674712e-01,4.877886923186888879e+00,-3.035841743320660258e-01
2.346847658224655131e+00,1.078844608351152562e-01,4.490844530651021849e+00,-2.470002777096728108e-01
7.191130629742972680e+00,6.630557841717203971e-01,2.898725963009418649e+00,1.146667105704474832e+00
1.347364377196123841e-01,1.301431397159951153e-01,4.524993160134495263e+00,-1.722803260740467940e-02
9.974632180378208979e-01,1.077295006891915374e+00,2.700157065583893790e+00,4.590936485518500310e-01
1.522107872316910415e-01,1.945022402131000971e+00,1.610744021777994472e+00,2.958171987094632138e-01
1.670535710751744063e-01,2.058529068205665058e-01,4.268454047447771238e+00,-3.105514200212238646e-02
3.446810945890514954e-01,4.077937320826770851e+00,6.215415231180175581e+00,-9.518389987166954447e-02
6.144051743053494663e-01,1.546068233422181359e+00,5.600538851503324089e+00,-5.992508885687430897e-01
7.659885680527328766e+00,2.159325681625967608e+00,6.193575415026907116e+00,-1.480181633840588429e+00
9.543558704945070303e+00,4.304585883183546180e+00,4.091320173246758785e+00,-3.340946525185199789e+01
8.579944998541808587e+00,1.610272173477926838e-01,1.653917065006359044e+00,1.376834622652492790e+00
1.773207215969863970e+00,9.448298970557129639e-01,1.357158522743486584e+00,1.637291302887594391e+00
1.030177148254018127e-01,9.100981168681375744e-01,9.411109260470262861e-01,7.577498496707123221e-02
7.359860005693006357e-01,9.096374369847893604e+00,3.739336864764599255e+00,-3.767696918989693611e+00
7.373615785439761261e+00,3.216334783348092419e+00,3.963551389137764058e+00,-1.737152509053785465e+01
3.238941089401207729e-01,1.787966526282367130e-01,2.006536650728702575e+00,5.249983497632962348e-02
4.859901105865709892e-01,3.233466617435484913e+00,5.150015270863016248e+00,-1.423341239035352368e+00
7.933044097257284655e-01,9.216359539518178323e+00,2.637007034007374795e+00,3.534647583971925577e+00
2.808442768718481641e+00,1.766571465660163875e+00,4.325587220174034186e+00,-4.594774212228366572e+00
5.969890311953744977e-01,5.268712151564000079e-01,4.619698992986493558e+00,-3.131861443402482736e-01
1.093424812536330920e-01,2.411103288047054427e+00,1.479689216342789937e+00,2.625426165913057330e-01
1.193957484301159666e-01,7.027856589963876743e-01,4.682138291169529509e+00,-8.387122964689916471e-02
4.374129730430300622e-01,5.204085028963777226e+00,1.702784727342175231e+00,2.256535133630492851e+00
1.436401017975801331e-01,7.232862376200510646e+00,3.664958032466693716e+00,-5.192545337271741168e-01
1.399353406989492399e+00,9.093102764943177263e+00,3.563935032385063817e-01,4.439522861521399300e+00
1.168851429715617174e+00,1.425720361049310325e+00,2.443875520600188089e+00,1.070647487101961781e+00
9.574322664370036318e-01,4.264035441065053611e+00,3.553890772858359970e+00,-1.635932834790226220e+00
1.277485269786868549e-01,4.264424571408836906e-01,5.422196932767278099e+00,-4.132039892176354173e-02
1.789047592559513289e+00,8.987789311254514857e+00,3.644421057464281688e+00,-7.748843833979573326e+00
5.895799596289151623e+00,1.250214240332048865e+00,6.171037538065395012e+00,-8.249109125308602408e-01
1.534611518359635385e+00,3.569040551324262345e-01,2.549645292038766886e+00,3.056096733126067999e-01
2.016577745784839060e+00,2.603118074290285411e-01,3.385547869404025967e+00,-1.267951348140838042e-01
2.675671671811981622e-01,2.030518999727722651e+00,1.077524726298710878e+00,4.785325500184887670e-01
1.348171997961727653e-01,7.318216554992263312e+00,2.786007205275707665e+00,3.434816555210805089e-01
7.034039505825107064e-01,2.863700356184696316e-01,3.106505440058784817e+00,7.066301147319566794e-03
4.131306791185175853e-01,1.183687524005033298e+00,1.372289753357965214e+00,4.794143918445942232e-01
1.547680756044760519e+00,6.555003983930894229e+00,5.777837343798378988e+00,-4.911341538740443546e+00
1.119513711847943960e-01,3.643394010410240025e+00,1.191550499477641356e+00,3.789004686420799350e-01
1.044448069576453253e-01,2.072965075463703566e-01,4.631603512466616057e-01,9.673204072547207308e-03
2.027204607332703024e+00,1.218487817643650661e+00,3.050627513049721351e+00,2.243854364587067607e-01
2.654608653848343214e-01,1.645407743773007025e+00,2.309808948968003595e+00,3.228473370576415147e-01
1.078472001967555882e-01,8.407589532595155513e-01,5.721914597940908065e-01,4.909750037718665222e-02
5.982096893696022377e+00,5.369978419028362815e-01,8.880871809047247156e-01,2.492372290295466364e+00
1.299702492255023212e-01,9.178759434253388250e+00,7.685129251637167203e-01,8.291909160439361326e-01
2.731326389281993006e+00,8.837487057543473412e+00,2.446053240565600473e-01,5.845596838013944918e+00
2.586855250739758194e+00,5.252002355744355144e-01,5.185679093158736208e+00,-1.209268865980975827e+00
1.073616955395596317e+00,2.010625917197818247e+00,6.179302473267496154e+00,-2.238427435845759539e-01
9.531571493758480784e+00,2.665118091363583019e-01,3.750835593384511668e+00,-1.453664951336320010e+00
1.548738686807968612e-01,1.117616661613552165e-01,5.524896141510763137e+00,-1.190303300499702399e-02
1.478254400437983840e-01,1.014073338414138048e+00,4.008126347158226466e+00,-1.142416172606932345e-01
3.220013920013632180e+00,2.304860202900650412e-01,4.899181503478941657e+00,-7.292581358493774868e-01
4.260236078253269554e+00,2.499673577497617316e+00,3.417146457806786497e+00,-2.897433048997716476e+00
8.968847608870495591e+00,2.429630802431227199e+00,4.748110156923754488e+00,-2.177708721374372658e+01
3.906739001037759174e+00,1.022566177680216626e+00,4.080903278841676141e+00,-3.224488150585168356e+00
1.214783244829120007e-01,3.548314766747244775e-01,4.573611500724922507e+00,-4.268992175616426882e-02
8.128205859980759840e+00,1.455278337603143957e+00,2.002218548949920685e+00,1.074495183133704224e+01
9.125505261599755613e-01,2.030289321934093671e-01,3.500541483205624527e+00,-6.508500593312281646e-02
3.531143968456358917e-01,1.344914611765657853e+00,2.442088580952933574e-01,1.148275755939832943e-01
1.734064954254298740e+00,4.724349358937200094e+00,1.040710177157973426e+00,7.068042272959270456e+00
1.674986264722823748e+00,4.456997290882477869e-01,3.040242595043707752e+00,7.553250170845163258e-02
8.706664628942249351e+00,2.567657495294703440e-01,5.038814265730670705e+00,-2.117523058049163964e+00
4.015729089140381625e+00,7.968862045498328328e-01,9.564729370568608724e-01,2.614988282829182609e+00
5.861712423027078955e-01,8.695330199638062751e-01,1.261874728380834920e+00,4.855672925764784598e-01
4.648052729183970833e+00,6.083760437725147519e-01,6.221004446528837661e+00,-1.757195084319196354e-01
4.688204575208999025e-01,7.867218137996671246e+00,3.601740605374871063e+00,-1.637908439679511385e+00
2.495210561393197413e+00,3.989200384132740584e+00,4.236392850503778007e+00,-8.847387241119241352e+00
2.412373968965976445e+00,1.670902826543806174e+00,1.555294835437464940e+00,4.030358194988870046e+00
7.110863198655182904e-01,1.748588453561318756e+00,2.762721029488502289e+00,4.598982927210216176e-01
1.595446293846254082e-01,2.609044232179870360e+00,2.111659064040054545e+00,3.568441833032933719e-01
6.650277444741276023e-01,1.091930571920652626e-01,2.207336297811519188e+00,5.839501577489183970e-02
2.406983060104888938e+00,4.664930141577335654e+00,2.792442279835960939e+00,3.841233467926265188e+00
7.338864245357124894e+00,9.737209212162677430e-01,5.738747421306122476e+00,-3.701183084831175307e+00
4.569559943764089915e+00,9.448531447165352537e-01,5.842521771930935692e+00,-1.841612087452592750e+00
4.226499433549285034e-01,1.223274619657274825e-01,3.820199631129610474e+00,-3.245363149139979253e-02
6.357694960953970131e-01,5.959620640002409875e-01,1.314714373255512880e+00,3.665386800350973195e-01
7.855491534386192853e+00,3.113751698946519708e-01,2.881265809163646718e+00,6.295928777215832328e-01
4.462015498091403409e-01,6.399461715455642130e-01,3.871729540698427563e+00,-1.904503974454781201e-01
7.907533678947323175e+00,5.342598895362893341e-01,2.188100679144998895e-01,9.170433367241915823e-01
3.901922945321358860e+00,2.659863575194789220e+00,2.307854778196883228e+00,7.684809238350249316e+00
2.218480187150190797e-01,1.664789645470065582e-01,1.870956095525609042e+00,3.528172548588674046e-02
1.263947472633754732e+00,1.591687302218366407e+00,1.722263958649035698e-01,3.447762659791422379e-01
4.045550959117232281e+00,2.026907784144238167e-01,2.141091332636036348e+00,6.902247561647997243e-01
1.925905916367650628e+00,1.777298165608298675e-01,4.107213347975265272e+00,-2.815007907258312847e-01
1.517745427048803053e-01,7.303708515562294945e-01,4.406503915088446632e+00,-1.057060546678905283e-01
4.107402171603313779e-01,9.142007613086282625e-01,2.933638423133362760e+00,7.752501651705066832e-02
1.072824417125476160e+00,6.128495600173402558e+00,4.231521209320519006e+00,-5.829177130022955566e+00
1.081411178838575182e+00,2.108861735175203034e+00,3.466484866576987844e+00,-7.279656341192617397e-01
7.742797049864585945e-01,1.036883523083593328e+00,2.024425478992358529e-01,1.614206654503957672e-01
2.091358283558199249e-01,6.092984600522829197e+00,4.429480994582450037e+00,-1.223606608805660967e+00
6.081302081049139163e-01,1.050332269881123937e+00,4.223499894861358683e+00,-5.639138161463271848e-01
4.374678267612595595e-01,1.141458904988172374e-01,4.161145869135179254e+00,-4.253846518264135790e-02
2.076969056100541167e+00,3.660454865053698104e+00,2.858017759066583618e+00,2.127142416598254648e+00
5.348870665318838036e+00,1.945700593563528813e-01,5.025589332842175239e+00,-9.901010614147909283e-01
1.456204308548329163e+00,4.740714174954790749e+00,3.234731358353053476e+00,-6.420490262667353232e-01
5.809907212668597332e+00,2.247652764411808834e-01,1.742761327037099628e+00,1.286604435841026461e+00
1.080149834044703328e+00,3.289282508648040948e-01,6.030676653512181851e+00,-8.876391499926299111e-02
9.076284753952688078e+00,1.636314441111795248e-01,1.299642757408764615e-01,1.924755579329768818e-01
2.797962557322297705e+00,1.111566328588738051e+00,4.414292173222521320e+00,-2.972955894964484980e+00
6.418441698774532966e-01,4.025629227950839328e-01,4.542742883527636444e+00,-2.546734731606582480e-01
1.730436879022481944e-01,3.981814576742798706e-01,4.945566837052740361e+00,-6.703807173590035917e-02
3.245635875159855743e-01,8.721547910107358970e-01,5.564075756716160726e+00,-1.864622396831083773e-01
1.698574243247054749e+00,2.858337068022541505e+00,4.394854090295520876e+00,-4.612381552171367360e+00
2.811275058153089201e+00,2.788795815516214027e+00,6.388422805177111641e-02,5.005163422201160950e-01
6.785905955556917890e-01,6.298732930973272026e+00,3.229078909494443872e-01,1.356331986368589204e+00
1.238301923722152198e+00,1.216701735153503661e-01,4.608229452185745423e+00,-1.498478538640419799e-01
3.097965530657313504e+00,1.361082009405364168e+00,3.912781350384954671e+00,-2.938909776093030057e+00
3.500682113365625625e+00,1.295878811073711279e-01,5.419712671047212105e+00,-3.448179709207475074e-01
2.825922683987564632e+00,1.568249474739938920e+00,4.798966263989203895e-01,2.046084309669627732e+00
5.492194059617633295e-01,1.598177767534201266e-01,1.232023757016395660e+00,8.278618057397023333e-02
5.069832557776986492e-01,8.941523472266650341e-01,4.866250074442564966e+00,-4.479650663488586315e-01
5.654950372915972245e-01,6.073009475849331373e-01,5.288414832939314358e+00,-2.880084335559450204e-01
3.228244747450301322e+00,7.202222513428381490e+00,1.843656229557084636e+00,2.239036315641395447e+01
1.008649370226986641e-01,2.633924157343200623e+00,3.944200396836441413e+00,-1.910624493037366423e-01
6.496360555667354264e-01,2.615481833456501093e-01,1.943002816753681250e+00,1.582768352357264430e-01
4.599232344729509148e-01,8.653458673975828574e+00,1.080157373927518760e+00,3.510422593070035902e+00
3.121448785167482143e+00,1.283597618817699793e-01,6.202603748427683250e+00,-3.225155594901358419e-02
1.237007859938705767e+00,1.635487958021735855e+00,2.307487024803642761e-01,4.626986316591829573e-01
2.066420242960418374e+00,1.477325384025623078e+00,1.176624908832660132e+00,2.818673304863732909e+00
1.183529948198612236e-01,5.309224448949974029e-01,6.228115255381486470e+00,-3.458647370308563351e-03
6.236721844097067313e-01,1.706541238164878127e-01,3.841264601177891702e+00,-6.853881675206555113e-02
1.892960923184459632e-01,1.828641830886963859e+00,3.876862139350022662e+00,-2.321961234601754298e-01
1.414085311688808022e-01,8.483600281556753497e-01,3.269929617835555247e-01,3.853248293991094753e-02
3.551327356361571042e-01,1.301211361333730054e-01,5.442568003354020245e-01,2.392686790342962375e-02
4.011148708367877069e-01,2.180193573470696755e-01,1.011294939347683774e+00,7.411629532138876153e-02
3.974970583285942105e+00,1.238128941157017465e-01,1.588249364405067254e+00,4.920776569042853432e-01
1.494948179915309150e-01,3.191710492560937418e+00,5.445213107414208942e+00,-3.546555944853047593e-01
2.032609421901067748e+00,1.834503272123660489e+00,5.814847635025499617e-01,2.048116110043030957e+00
2.886286550031367804e-01,7.548515780252464502e+00,1.549683673499802739e+00,2.178232399591622404e+00
4.924806772695519363e+00,9.206159033508188871e-01,1.155097573659024379e-01,5.225407296822635050e-01
4.790547715631445769e-01,2.312416154244014255e+00,3.800910799872438073e+00,-6.785980325714561223e-01
3.107118431083259469e-01,3.099254072947893235e+00,2.627294402340252244e+00,4.737104879201311514e-01
2.687349453546727940e-01,5.834330829530103735e+00,2.350569481980616882e+00,1.114883320115441556e+00
3.328280676146263550e-01,2.393846788479103427e-01,5.021058122254526968e-01,3.834487619315665036e-02
8.221728420310149943e+00,1.193097383660214783e+00,4.672398910309753184e+00,-9.801480150286288051e+00
3.256568558782779732e+00,2.844542499958124804e-01,3.769480323659350152e+00,-5.441688427026589725e-01
1.098427492013101192e+00,6.501920823704225860e+00,5.482624582354479692e+00,-5.126066525983988598e+00
2.531095945563464511e+00,5.074738004611584863e+00,5.014369375170325327e+00,-1.226342033121438924e+01
7.947793336601701064e+00,1.616666491552438689e-01,3.944953883793026250e+00,-9.247296430901256192e-01
1.121981291085068611e+00,1.186392779979329015e+00,3.099766178288354990e+00,5.565942832960898978e-02
1.790075418751830572e-01,1.953173895734885701e-01,1.442869342890568563e+00,3.467758318500626519e-02
1.110091257873942056e-01,1.938390453351126475e-01,5.655950782668210941e-01,1.153183835376703388e-02
8.707711179896943099e-01,1.046582077732208127e+00,1.666234190868258747e+00,9.071862068628866460e-01
5.343695107657109311e-01,1.000812391493672293e-01,1.933081853481518397e+00,5.000891222524483926e-02
1.956334963809165384e+00,1.474600470507712702e+00,2.225098176976667119e+00,2.289020850989384570e+00
1.931817419953003823e+00,4.668760002555877309e-01,3.495963835463782754e+00,-3.129665790380363743e-01
4.176126215496920313e-01,1.118454687031074757e+00,1.501054617179417294e-01,6.984838718763679288e-02
2.067078744986078132e+00,2.063762700294595742e+00,4.031420591327149694e+00,-3.314494957522263086e+00
4.130598348899261474e+00,7.602872438609994399e-01,6.465387549220552588e-01,1.891887674772719574e+00
6.095329881029488028e+00,4.001941053857997588e+00,1.363737233707642993e+00,2.387210697770095535e+01
8.373510599074059924e-01,1.588017551470480015e-01,4.891705786185849725e+00,-1.308407019233853441e-01
2.005347899110469623e+00,7.017726465906517497e-01,2.700785126513104983e-01,3.754771846580018946e-01
1.151545330112120624e-01,6.082491044553485438e+00,5.547045838324390132e+00,-4.702887184128410336e-01
3.675192139611827558e-01,2.015006689333292966e-01,1.136973433607792877e-01,8.401769471533326178e-03
5.835938847263172136e+00,1.726881974460936719e+00,3.485563408738620694e+00,-3.398575234398145906e+00
2.468707817477732991e-01,5.668579085109237248e+00,6.137964405333671714e+00,-2.025095350816927819e-01
2.779213728527561322e+00,1.099030622437523891e-01,6.228002010294649615e+00,-1.684685904797879330e-02
4.107053765644779753e-01,1.967699865940331916e-01,2.564196931149659964e+00,4.411208101559341982e-02
1.121769261984588262e+00,2.984151143684326546e-01,4.374784092085959308e+00,-3.158563354235289222e-01
1.551382122739798919e-01,5.597072246398566708e-01,3.374899270592787826e+00,-2.007518981855002313e-02
6.415040705317016645e+00,7.719432229478893071e-01,3.148426384289335189e+00,-3.384069356435274317e-02
3.569384037216305483e-01,1.852047569038073882e-01,4.196363285745407623e+00,-5.749874473560222243e-02
9.619903143598675932e-01,2.467595491945481445e+00,4.342177517048438240e+00,-2.212979845085184305e+00
5.058090858916011179e+00,4.149734406017315802e-01,3.384664541083802547e+00,-5.051921208533601826e-01
6.109553627900728978e-01,2.603967714662397182e+00,5.294516044116827302e+00,-1.328877653145656090e+00
4.309415987771373358e-01,2.589939315213442006e-01,6.164687353329187047e+00,-1.319477549058748096e-02
6.519976582828378442e-01,3.005318207101398964e-01,2.795747268320358803e+00,6.642416613286623861e-02
2.162340698056589794e+00,2.131137590205752219e-01,1.633804599475644270e+00,4.599101105217464625e-01
1.668111955826431458e+00,1.403008908022070012e+00,4.635563412220816915e+00,-2.333472684067305458e+00
4.633478924650912267e-01,3.244236702630401759e+00,5.653133606161969027e+00,-8.856712289804078431e-01
1.430371852707788882e+00,1.880422322339612151e+00,4.690663350285793620e-01,1.215890163718433170e+00
3.879387381980555771e-01,6.853370052986150540e+00,3.978588018152727557e+00,-1.974432646747922515e+00
6.261563865132682150e-01,1.620549118452874193e+00,5.830933869291944349e-01,5.587122223753254735e-01
3.013562949730962615e+00,5.784414742705684676e-01,5.214312235375484050e+00,-1.528165283753699422e+00
2.110388342029449749e-01,1.496595356832217005e+00,4.702200767306359275e+00,-3.158233474883574421e-01
2.277163219626415214e-01,1.581492184942995260e-01,5.015757353654361594e+00,-3.436864085490182186e-02
3.466761282587550230e+00,1.912381987766519631e-01,6.151994062832869758e+00,-8.672752124094509907e-02
3.742549272913686664e+00,1.185553674664836382e-01,2.345621162239360569e+00,3.170424931402399671e-01
8.702830669351311332e-01,2.673355379108648844e+00,5.643099271086006397e+00,-1.389581082382068233e+00
1.008242460140329894e-01,8.991654817977936531e+00,3.844117917369872739e+00,-5.857819446959259269e-01
8.479877133668179967e-01,1.089866188697987459e+00,5.499250735562354997e+00,-6.525460729056341558e-01
8.221095074264670455e-01,2.382745772631799652e-01,1.714174945217955770e+00,1.938777676589306664e-01
9.178574398241639010e-01,3.550178637287433325e-01,1.971686678452853725e+00,3.000199561043232488e-01
6.409399387753749622e+00,1.763049941390946174e-01,3.856399954651064665e-01,4.250554245136886067e-01
2.967048996136458228e-01,1.604488271134242305e-01,5.486509237781356241e+00,-3.403998590433841148e-02
1.704837028564205326e-01,7.522256612705510159e-01,2.634074767827229824e+00,6.232693453068401807e-02
1.958822551982378979e+00,1.756371270592280043e+00,5.386156621700838976e+00,-2.688606957847316181e+00
2.528614472484175479e+00,3.265704467266504540e+00,2.757455778149873193e+00,3.094650684270911167e+00
1.042862837309441959e+00,1.042387554582333564e-01,4.334085592710628987e+00,-1.010203551929735738e-01
2.159932307238479621e-01,2.216322582248432926e+00,5.509663931167370521e+00,-3.344554978140747425e-01
3.288319803559137111e-01,3.998094943255220968e-01,4.329337997443942321e+00,-1.219423277791176485e-01
4.350136690698180431e+00,5.406546425501074893e+00,5.514830877382306262e+00,-1.634474791760376178e+01
5.203661508366013155e-01,3.710740666045321046e+00,5.515055163353475010e+00,-1.341603621340905939e+00
1.414972263476182324e+00,6.447661829987162418e-01,1.473951434185530873e+00,9.080512846070173394e-01
1.566037728784718530e-01,6.997982489746031876e-01,4.539063112795678201e+00,-1.079490038257969464e-01
2.392676332379130300e-01,1.448150764828133041e-01,2.781739218849451412e+00,1.220139438626198329e-02
4.429530231738406099e-01,2.085335811544409168e+00,2.302184943321770039e+00,6.874658798638836332e-01
3.205366829506766102e-01,5.063666581010259904e-01,1.095869414862531865e+00,1.443457164070291732e-01
4.561916558377729913e+00,2.983384825467805812e-01,2.043939363135224063e+00,1.211476934601759758e+00
2.523336214290878843e+00,1.285303941490338220e+00,6.800649155877001029e-01,2.039499183064365173e+00
8.714992511452744894e-01,2.014319753819785230e+00,2.170373180318483364e+00,1.449277944666357953e+00
2.047875790435392251e-01,1.765027216391268139e+00,2.972885174288808496e+00,6.069141082507074902e-02
3.414628341346538920e-01,4.428011263552372512e+00,3.072103452343757368e+00,1.049832236972524091e-01
4.173778204132613467e+00,6.896879553437247345e-01,1.527821321771437146e+00,2.875946787813158156e+00
1.236338976577318283e+00,2.115272705876524717e-01,1.190088627711310076e+00,2.427951171979699230e-01
1.047561295046599839e-01,1.191471339551861131e-01,4.435692878305996345e+00,-1.200664088747316165e-02
5.508272111883863786e+00,5.518621071878032636e-01,5.960075599935719559e+00,-9.651899221736135459e-01
3.036866067353266363e+00,2.270129226411449874e+00,3.815875187925641843e+00,-4.304228411996497528e+00
7.639428346001372327e-01,8.533401329545810654e+00,6.213799608699599908e+00,-4.519646471439547897e-01
5.995560288188981346e-01,2.237153629883465444e-01,8.892681716880919407e-02,1.191203010516752626e-02
1.750710566852140770e+00,2.451573469373932834e+00,3.317243201623262028e+00,-7.500207018669137193e-01
4.648682094987137137e-01,5.822582789782361878e+00,5.544851237951670342e+00,-1.821785314530934397e+00
2.215093612898666187e-01,1.318308765535503579e-01,2.682247773047183426e+00,1.294692711311245213e-02
3.959005964670692546e+00,4.254173359309132985e-01,1.293374422346576846e+00,1.619832765024524113e+00
1.142548999214181155e-01,6.494608067596681522e+00,5.075500801206154211e-01,3.606597491583268256e-01
3.895754185362420574e-01,2.077569102546142354e-01,1.234651935572880221e+00,7.640722149403654517e-02
1.004983723857219458e+00,3.141197824501882341e+00,1.760354379287036863e+00,3.100305894535744233e+00
8.843375555360484697e+00,4.748226561815878655e-01,5.997288918374003686e+00,-1.184201659396345585e+00
6.111625434604725626e+00,1.170688467128673249e+00,5.038310268322344854e+00,-6.778152690771389821e+00
4.314409972795559822e-01,7.428353120499198159e-01,1.365225832313575083e+00,3.137416002041357177e-01
1.696316988683229943e-01,1.774381971923423729e+00,2.234771042485322656e+00,2.370455081662640739e-01
7.078371559383859202e-01,4.064156252466113450e+00,4.883870884100118381e+00,-2.834567274257818070e+00
5.190632113225607247e-01,3.203556642381493624e+00,3.633173084850158219e+00,-7.848973123723528289e-01
9.192029756264762597e+00,4.716281939321886885e-01,2.198336764042936320e+00,3.509248631144905151e+00
5.919672695449622601e-01,3.140214682713521333e-01,8.711903753846890197e-01,1.422240217742824775e-01
5.169166767301713428e+00,2.939904885524712852e-01,5.879524197528567253e-01,8.429065903737806842e-01
6.532518118350323366e-01,1.795823622988405033e-01,2.961236917314985728e+00,2.104346421039107740e-02
6.477665938986562288e+00,1.812180188290899885e+00,6.712741094764883565e-01,7.301284109763471974e+00
1.905109024333782486e+00,1.035873261107169041e+00,4.085832849252033050e+00,-1.598597641790304280e+00
3.292095985218580267e+00,2.519569850786629872e-01,3.836733614899749956e+00,-5.312681174170362786e-01
1.866230968032906334e+00,1.048122368443865221e-01,4.597831112150891464e+00,-1.943217412687436307e-01
1.294008567406895072e+00,5.762406257421531786e-01,3.033886672343326651e+00,8.015688728572339938e-02
3.747444840602758287e+00,8.697388113310264401e+00,3.835928312870585444e+00,-2.085543608677683380e+01
3.758367551759826508e+00,5.570956159309975453e-01,6.219238816181090534e+00,-1.337980196672844957e-01
2.614039075280256252e+00,3.108173844788971074e+00,1.752472755696626583e-01,1.416587454783443611e+00
1.237896643783969464e-01,6.739717837294366687e-01,5.153891045042674257e+00,-7.543063842873283520e-02
1.369446704386960700e+00,1.041679957253745098e-01,4.932732486696189689e+00,-1.392035269846758072e-01
8.268704470230536785e-01,6.181451294569912491e+00,1.714791271190345023e+00,5.058361075465532153e+00
7.284605650821114331e+00,1.281019777546130445e-01,2.380268931063806104e+00,6.437772705469659851e-01
1.888691944840843240e+00,1.268137087198505819e+00,3.925873559956238434e+00,-1.691712557345775192e+00
9.262924030862665914e-01,1.416492916968058735e-01,3.411502721051179687e+00,-3.498610256618502751e-02
1.104514336757790760e+00,1.340457193160935201e-01,4.262155436541585907e+00,-1.333010291885981524e-01
6.384353680490124638e+00,1.113466902810141601e+00,5.724470630811544503e+00,-3.768334116620243979e+00
1.149615881597311623e-01,2.704860592158488064e+00,3.039706619549175759e+00,3.162719337489440508e-02
1.111405069972746240e+00,1.143407729913689108e-01,7.496930410541101653e-01,8.659336810730393352e-02
1.229717540653684216e+00,3.727475021179349035e+00,2.414525511999542129e+00,3.046727107075907881e+00
3.097414853270842872e-01,3.788137259354810160e-01,2.906734703993679059e+00,2.730426525016759268e-02
1.728609133209237703e+00,3.807713105783358642e+00,1.679464532330757098e+00,6.543222907241497133e+00
5.422688543108833414e-01,1.412685024545236256e+00,5.704652102719339091e+00,-4.188761867440289888e-01
3.945593477410389571e+00,2.297760288278392515e+00,2.410995582031498774e+00,6.049891388769427891e+00
2.402507146876829702e-01,1.180603816324786032e-01,1.735689827697759924e+00,2.797935606432890368e-02
8.499618105605494245e-01,8.111771624767608602e-01,4.354057128272550869e+00,-6.456766834775304886e-01
1.074117702919990647e+00,8.860235798435953658e-01,5.037345830414206915e+00,-9.018862547859308743e-01
1.227209020505004355e+00,1.970567624696129005e-01,4.299405131890490672e+00,-2.214985617421700304e-01
3.959511731873136764e+00,2.639334119228156972e+00,7.985178121612167557e-01,7.485911555034753029e+00
4.375837306309293240e+00,4.924305934162885201e+00,3.770852376002056694e+00,-1.268197592315529398e+01
9.191149997710608588e+00,5.557968094760583622e-01,3.188374591444033790e+00,-2.388942445173641849e-01
4.441776837729501937e-01,7.085391514608512242e-01,3.609066172465984046e+00,-1.418217751066238597e-01
2.392163990671381801e-01,3.552399184836213752e+00,4.031207670977755342e+00,-6.601434997299183705e-01
1.012897802793160995e+00,8.932912362304378462e+00,2.148212698717175240e+00,7.581206420637271570e+00
1.357197689968242527e-01,4.264504069095277572e+00,4.945854282233832500e+00,-5.630755856896209055e-01
2.150015777283223739e-01,1.944826347241590314e+00,4.276709759339477834e+00,-3.790795320583051908e-01
3.910808673006526348e+00,8.742670248351023243e-01,6.211892555946152861e+00,-2.435499727415896265e-01
2.360466939414457566e-01,1.008471778031265337e-01,4.418497538917058876e+00,-2.278399162794481070e-02
1.823843561730293494e+00,4.458225949244653208e+00,3.746008506151673689e+00,-4.620757645109371481e+00
2.223555982918832552e-01,2.723984449390327578e-01,6.805277809046290649e-01,3.811041699956312784e-02
3.830778575977396017e-01,1.655713277997854505e+00,3.565427687551232960e+00,-2.608481610935657891e-01
1.446593152791739278e+00,1.195933841981892953e-01,5.968220705031855644e+00,-5.359334724678746498e-02
3.828000674355853117e-01,6.151483055744112471e-01,2.891859515881613607e+00,5.819750168826080816e-02
1.997321556778562490e+00,1.950009725417333195e-01,2.434091526096643143e+00,2.531371112788285971e-01
6.306007042240389104e-01,2.542055513307451831e-01,4.445207265597962198e+00,-1.546144841813072990e-01
1.172172111262104188e+00,3.761091246702024105e-01,1.915462689301893562e+00,4.149366000460085746e-01
9.781989385958791416e+00,1.902995231176182467e-01,3.818969036596079558e+00,-1.166701592342412219e+00
1.495426578332814116e-01,1.104930852427849608e+00,9.213143040869660183e-01,1.315921251356054755e-01
9.845712691211556677e-01,2.225678514507663519e-01,6.244373860325792336e+00,-8.502769142576832584e-03
1.827215200546150164e+00,6.032573188758957983e+00,1.344427084784158399e+00,1.074159228261718546e+01
5.316893133919851078e-01,3.336891714192170788e+00,5.163168126500536914e+00,-1.596962181557617821e+00
8.626975467938450270e-01,5.505239775226002941e-01,5.387647386836188268e+00,-3.707088867062756088e-01
9.378056407437187048e+00,7.925031285226903144e+00,2.644334176333169584e+00,3.545262818904954116e+01
1.812470986083817848e-01,5.812064785850304949e-01,3.490842603233233810e+00,-3.604730501785168018e-02
4.988692254679477855e+00,8.500302875324903251e-01,1.329890845940883137e+00,4.118082659810226254e+00
2.057873936229916434e-01,1.026199844310498321e-01,6.167924985474308563e+00,-2.428670044482077271e-03
8.378676098985582410e-01,6.407228916459799528e-01,1.565824124760495817e+00,5.368343217404258905e-01
2.075679196847641517e-01,7.234416783221052860e+00,4.184247685150157103e+00,-1.297028184514932292e+00
5.613536424270562097e-01,2.417992810093960998e-01,4.637683964098785694e+00,-1.353563258839813599e-01
4.240257517059309311e-01,1.300081254513931472e-01,3.431034411833850939e+00,-1.573413762996848930e-02
3.573628563925146828e+00,9.486259191654198730e+00,6.674607880101675050e-01,2.098411341218870874e+01
6.229706657026497396e+00,4.730587508454489609e-01,4.132415789183478960e-01,1.183463623265585962e+00
1.334787903095988604e+00,3.673688385415525559e+00,2.214165931271006027e+00,3.923262725689319996e+00
4.916722847584239497e-01,1.154959737091619143e+00,1.544509805427011495e-01,8.735850180409256149e-02
5.513141571085484749e-01,3.412613291443912455e+00,5.011276691758231649e+00,-1.798008425966620694e+00
1.301679610964736056e-01,6.187672101552395887e+00,4.575642168272462840e+00,-7.979176810475273607e-01
8.767318622172056708e-01,5.721073980757651611e-01,1.159576732914525454e+00,4.597696670438912725e-01
1.917914665541504471e+00,6.691316768445410013e-01,1.908926665794626665e+00,1.210670430105572182e+00
1.915973509897619109e-01,7.739332676295509472e-01,7.107613238970804659e-01,9.674181948397216069e-02
1.005277986418388197e-01,4.257214646719710949e+00,6.474627697931955028e-01,2.581354040935222027e-01
9.463512943716159143e-01,1.686106810744736562e+00,3.991159733085042571e+00,-1.198324078106962620e+00
1.412304131161650878e+00,3.804481010605992086e+00,5.670661892243862745e+00,-3.089168529304734179e+00
7.967692510090961244e-01,3.299272076501576834e+00,9.183855485388013606e-02,2.410821577030141660e-01
2.108042914699263526e-01,7.101436622315372205e+00,5.075252102470040327e+00,-1.399534372771930713e+00
4.212605883657028372e+00,1.616891764008138999e-01,2.896861991000095671e+00,1.650350807132869579e-01
2.655354782853810658e+00,4.056973925238681611e-01,2.425972188380933314e+00,7.067818849582871987e-01
1.414061932084940409e-01,9.387587237686515707e+00,6.423142081589588992e-01,7.952167707826597320e-01
3.022292495256577283e+00,4.277314825438400248e-01,1.772631178479511516e-01,2.279550883873867895e-01
2.547252109444802848e+00,1.096806237001852757e+00,2.340207165333155981e+00,2.006874488785169941e+00
2.126064018973670144e+00,2.893091324749906268e-01,7.845492962218830746e-01,4.345647660527548473e-01
1.258932257457296144e-01,4.236707348899499959e-01,7.327561786200981198e-01,3.567842008218972266e-02
4.864269362605113223e+00,7.912410164574473770e-01,3.656900144120335483e+00,-1.896702651763398473e+00
6.295015650590872092e+00,1.085562252554455709e+00,2.979222382524029378e+00,1.104709493044684132e+00
2.336416316743782917e-01,1.284641968690230507e-01,3.409970564182716934e+00,-7.958900274467944555e-03
1.196502487234309409e-01,1.294262250187379060e+00,5.525702444376523026e+00,-1.064026690157495597e-01
1.402966804662341416e-01,3.240222342392755084e-01,6.104774856480575274e+00,-8.067446525697560822e-03
1.001868768078516131e-01,1.007382541561471889e+00,2.057208735055645832e+00,8.922060884320225094e-02
1.437189973610814020e-01,3.126810428236956318e-01,5.081935259517769587e+00,-4.190448709640211961e-02
2.887931900073263392e-01,4.200826635556464406e-01,9.633864036719226309e-01,9.961692170374174260e-02
1.067682330909512506e-01,7.730673097336225652e+00,5.320644274787416528e+00,-6.773534644392714688e-01
5.361498035310418020e-01,5.247696964688395305e+00,5.970640019406633137e+00,-8.651154017162761001e-01
4.902448206218422477e+00,7.009904447837091990e-01,2.711487975424282215e+00,1.432932399788112487e+00
1.922161554031791564e-01,8.943492193865949957e+00,3.742620369417759552e+00,-9.721252960107569230e-01
1.503714763546418531e+00,5.506790634111840887e+00,2.398827152165924570e+00,5.600426706581187908e+00
3.969894653104398818e-01,1.396001644960726817e-01,8.140214421031140013e-01,4.029318828335219649e-02
2.195721070029971189e-01,1.726194651754918485e+00,1.955956261133505070e+00,3.512562610178473488e-01
3.911893624393252833e-01,1.080674845702023212e-01,2.655500783737554826e+00,1.974971227737482016e-02
2.041841927920638178e-01,3.359645053571325590e+00,5.148129390441124720e+00,-6.218863180950633396e-01
1.178338245137005913e+00,2.762244590254733456e+00,8.934566750298545967e-01,2.536324920807112804e+00
1.655453548788433094e-01,9.181844687583395892e-01,1.695311880994399667e+00,1.508243728781544224e-01
9.677974875204496952e-01,2.893193309723826045e-01,4.345894214906354414e+00,-2.614073195918771852e-01
3.447305004057180100e-01,5.612201448683010518e+00,4.173416760216132282e+00,-1.660427877801141205e+00
5.363524130728673178e+00,7.824287972549486270e-01,4.932349949981409409e+00,-4.095463296964378941e+00
4.101909695010753087e-01,3.819724015543789486e-01,1.706778331291351369e+00,1.552352522620469577e-01
5.644442418797628314e+00,1.310889320947349057e-01,4.062066351150408927e+00,-5.888969505833264728e-01
3.076930610753703110e+00,1.127834247630113973e+00,3.038933821878066155e+00,3.556282098058664021e-01
3.520896747633046608e-01,3.977708470962922904e-01,3.316296539065781257e+00,-2.434318140483745369e-02
4.339431037202647445e+00,9.713293764296894395e+00,3.393727596347571929e+00,-1.051528540379626975e+01
1.924976656346082615e+00,1.232822880269679455e-01,7.934664202437788916e-01,1.691558549650064303e-01
6.981110948991910981e+00,2.595334757940571002e+00,7.927755402336532642e-01,1.290575327009238649e+01
1.009002402721514702e-01,2.215315057762654583e-01,6.156798491035647913e+00,-2.817556589519709664e-03
1.564297399216507956e-01,2.649388418882949292e+00,7.850021553728213641e-01,2.929394803142194026e-01
6.750671174005304920e-01,8.348084159788864422e-01,1.886389596439610461e+00,5.357192483603405719e-01
4.047764043944361845e+00,1.960375726584778211e-01,1.542170626534369093e+00,7.931887452633407110e-01
2.756588058858485679e-01,7.366949882314734133e+00,3.083172460465974929e+00,1.185701886250581094e-01
1.113330530528381823e+00,9.174451437853857749e-01,1.917940526055209816e+00,9.604900929092532458e-01
3.797829485226529744e+00,9.121878193131934154e+00,2.082874130264958656e-01,7.163709890412439663e+00
5.711606251699632431e-01,6.395424679877349528e-01,4.571557712767856607e+00,-3.616650637284721803e-01
1.166890691337009178e-01,6.406533216456654634e-01,4.394507529609444241e+00,-7.101188050848435129e-02
5.390985570384766667e+00,3.362919985150080171e-01,5.859137170809744610e+00,-7.459425313443539540e-01
1.119076819610130835e-01,4.025969461695054541e+00,3.607668994524245498e+00,-2.024643483430145774e-01
3.086954515819164691e-01,3.587877391440617569e-01,1.836153796661210924e+00,1.068795468507861557e-01
1.303354947010590403e-01,3.354644673721921766e+00,3.725485149507195892e+00,-2.410338754777943682e-01
1.850393474374038894e+00,3.117927410603858807e+00,2.417387386021545570e+00,3.822455501997366945e+00
1.765557791040669677e+00,9.371740578219425188e-01,5.037554341228099197e+00,-1.567928633078488732e+00
1.031256980188647754e+00,2.741347955109514345e+00,6.254232999069671450e+00,-8.183773125389090519e-02
2.808480356845993176e-01,7.439302984394074336e+00,5.584756265694403865e+00,-1.343460750637869294e+00
1.223612965618383841e+00,3.366030021176491527e+00,3.159048605696685996e+00,-7.189249254764938646e-02
1.051908331040882216e-01,2.643540919661866995e-01,2.219071135853873056e+00,2.216620139691488633e-02
4.400002654542502611e+00,1.008265449718393159e+00,3.038752498216149345e+00,4.554332713849858494e-01
1.367873226291032307e-01,4.657344335705134175e-01,1.909000896226735744e+00,6.009771020149019122e-02
7.034189259281268924e+00,9.854820734228013634e+00,3.463003678110358585e+00,-2.189879203812038710e+01
2.521874394199404623e+00,5.449083583340131653e+00,1.228425814854363418e+00,1.294434460138377041e+01
3.858439737182091656e-01,3.415879630337439465e+00,4.471753754400071834e+00,-1.280020850450061642e+00
3.254507395534967262e+00,3.111314379647446060e+00,3.934812912690983655e-01,3.882290634326645229e+00
1.200495564709339824e+00,5.159546731019331034e+00,4.550860322137980418e+00,-6.113382941004213755e+00
4.678092528357772895e-01,1.961423511865841185e+00,5.419630711302055204e+00,-6.974987584429930276e-01
1.307344782575119990e-01,1.630384321490022659e+00,3.593162177564115822e+00,-9.301291293979516150e-02
6.244096677586696842e-01,1.882237639219472625e+00,3.600219739669240915e-01,4.140476304117252093e-01
4.550648033626692457e-01,1.281212215537494759e+00,1.036027619940255606e+00,5.016351028147630897e-01
8.022998417736342258e-01,1.016543673616081556e-01,2.029167524392364808e+00,7.313848439943643198e-02
2.932128829697116856e+00,3.879142800011921910e+00,4.719050286895770441e+00,-1.137389408683491254e+01
2.351920537154000845e-01,1.904510371074779052e-01,1.629675413813809426e+00,4.471495072516366853e-02
2.166702062898135051e+00,6.115177807447785829e-01,4.810017179631450368e+00,-1.318667497892576757e+00
7.276018669453100607e+00,2.728361773275137292e+00,5.460770038279202154e+00,-1.454709082088577787e+01
5.120257987462618843e+00,2.192216389797843501e+00,3.711432484111628627e-01,4.070991175897265002e+00
3.471407953557220427e+00,1.068526720419153531e+00,3.489674508398253217e+00,-1.265222211564210442e+00
2.366749278397671130e+00,1.313744881114573548e-01,7.447573897683640309e-01,2.107466395229037337e-01
2.669583110286311567e-01,5.462678103539022167e+00,5.680083109519884488e+00,-8.271520674056059841e-01
6.864778511750951884e-01,6.126204490346040643e+00,5.145301975718231446e+00,-3.817535684181624145e+00
6.156548080260026090e+00,6.494244109302815815e+00,4.265171782825674995e+00,-3.605004542604149265e+01
5.944346272068706805e-01,2.669555919247462716e-01,4.417254425207467250e+00,-1.518264720201029372e-01
4.401530383894588283e+00,3.989088992890835739e-01,7.826883222756101377e-01,1.238175959566180984e+00
2.935627871111359699e+00,1.988472917948089502e-01,5.176286559980530555e+00,-5.220491330317788004e-01
3.101268234474306773e+00,4.089025082612289252e-01,3.870317805076534112e-01,4.786396285145200213e-01
4.940595901583180627e+00,8.875277082529172690e-01,4.063144995461922981e+00,-3.492765625830750231e+00
1.711374338025372088e+00,1.399206201302305219e+00,4.918095184438395329e+00,-2.344080913409955613e+00
2.571400369789153206e+00,1.113350406814091753e-01,2.019677155998866602e-01,5.742843144709466191e-02
7.388862712250280351e-01,7.552658899905852152e+00,5.133501031357146971e+00,-5.093010283595807763e+00
7.484316508579031080e+00,3.855029769343444546e+00,1.075208454598850727e+00,2.538102698942490321e+01
2.968293262815956624e+00,7.820408477971604100e+00,3.187901035091318391e+00,-1.074584603948898431e+00
8.304020533384555591e+00,5.065189495219796889e+00,1.022145923077102170e+00,3.588804514150699276e+01
6.096816799897156747e-01,2.834220357005377000e-01,2.528871993633827309e+00,9.937487430556543599e-02
1.288008493547130540e+00,1.728261418621966250e+00,2.392893236083650343e+00,1.515218760355513838e+00
1.294383851509294692e+00,1.593555728876300481e+00,5.281777568658174715e+00,-1.737246471588416608e+00
2.961948735268449817e-01,1.049219973175836484e+00,5.877640495402919329e-01,1.723244742659578166e-01
3.604849816821943942e-01,7.210092747310962169e-01,5.599161330517065771e+00,-1.642434162330433656e-01
6.610730673271305591e+00,1.001011863405798508e+00,3.926516016529871589e+00,-4.677000211256584272e+00
5.255466498272371112e+00,8.632564907038042801e-01,2.333872883774070317e+00,3.278815940645676719e+00
1.840336848877379139e-01,1.226493128548741957e-01,4.625911765044567581e+00,-2.248725886133812538e-02
8.259917386062687328e+00,1.609837956877368192e+00,1.011846394036672869e+00,1.127347078386577373e+01
3.581625338222818589e-01,4.174049700026207788e+00,5.756815843408334743e+00,-7.510784385045057299e-01
1.775340222593499329e+00,1.140305108337227535e+00,3.919626106598819160e-01,7.733379860364617553e-01
1.098776156212290855e+00,3.687057693763827526e+00,2.030149657252466877e+00,3.631295954097336409e+00
1.336027161014807785e+00,1.880120594435133186e-01,5.227201500206013485e+00,-2.186313394594208703e-01
1.725367039858551332e-01,3.961205897687585242e+00,4.971704810155277432e-01,3.259666013838541931e-01
1.451755053359001513e-01,3.858757919592875063e-01,4.116345424468311975e+00,-4.635984887431416485e-02
3.691877248317719573e+00,4.553649473122617364e-01,2.684525699667987375e+00,7.419224763594862715e-01
3.454796171579413766e+00,6.866906191480720567e-01,7.398730658575844998e-01,1.599442148955796839e+00
3.253684562767716226e+00,4.931929676918197503e-01,2.103669941005268829e+00,1.382204761959553441e+00
3.222122750916535106e-01,3.780511648537018821e-01,4.839006341539390021e+00,-1.208375816227254124e-01
2.192306764215884995e-01,6.243558580673209679e-01,7.667390092840637994e-01,9.496461826587108968e-02
1.862567579154772002e+00,1.337489029557994424e-01,7.440728769815070365e-01,1.687240270666497954e-01
7.327115457334132387e-01,3.250920128109345164e+00,3.503081693104914240e+00,-8.424311177575397602e-01
3.451062043892573206e-01,4.706053895240617790e-01,5.113951747335501175e+00,-1.494894275776960657e-01
8.536033390903202900e+00,1.248663650925551538e+00,2.947267484050680952e+00,2.058229776160624969e+00
1.064171058347967103e+00,5.140704023378248610e-01,4.820931183830801103e+00,-5.438394444906301528e-01
3.303262810016705853e+00,2.032452814737928826e+00,4.054946237302506695e+00,-5.314300302194617132e+00
6.591962203296228839e-01,8.259577347324932317e-01,7.042642751604140106e-01,3.525286427497591468e-01
3.818062706715704135e-01,7.151508473594729853e-01,3.851321048382967849e+00,-1.779263623280317452e-01
8.226534631437560918e-01,1.199186054569521265e-01,2.129663775737742792e+00,8.364224502168626785e-02
1.771932031844752342e-01,1.565076067256922832e+00,1.081741484448098672e-01,2.994047392966332072e-02
9.938007970373400113e+00,3.970952818992269928e-01,3.173434817917309747e+00,-1.256386480000291628e-01
6.178710910401631118e+00,1.653750609033641239e-01,1.956967181584671422e+00,9.465570257631586992e-01
8.013600715111474315e+00,2.617796980290575171e+00,4.389042194590051515e+00,-1.989084455801592810e+01
3.797885966610692332e-01,1.542326334619177064e-01,1.397738216342303774e+00,5.770083592555725477e-02
8.124404832868376003e-01,1.389710766226746608e-01,5.904074799512970095e+00,-4.178576466044656851e-02
9.172316903008947975e+00,1.366416022767077687e-01,3.951341492468416483e+00,-9.075465854488968809e-01
7.841494879442624466e+00,4.181707400408168906e-01,6.211576983044162503e-01,1.908351293296375539e+00
6.285371992797416318e+00,1.028702906694109132e+00,2.254980770229983111e+00,5.010558077848558334e+00
1.167009605253673116e-01,2.220918105813467935e+00,3.222347780522536898e+00,-2.090763658957036503e-02
7.469628191434288800e-01,1.894283382554098782e+00,6.207376033674022686e+00,-1.071643179722155531e-01
8.224981949367584644e-01,7.284654015807451088e+00,2.397885423252505976e+00,4.056448698677195708e+00
4.983417706391292334e+00,6.432718855851115025e-01,7.893574404898917596e-02,2.527810252501047072e-01
2.540057133631462016e-01,5.225098322926914340e-01,3.390048972876355649e+00,-3.263702496093964789e-02
8.162798474474497468e-01,1.673202375568841438e+00,3.743694773814018273e+00,-7.735573671546553953e-01
3.883378058605496674e-01,8.596037569681685753e+00,4.166201451193784600e+00,-2.852500053469390284e+00
4.461943919975581152e-01,4.062943504321213650e-01,1.315872795956543717e+00,1.754275567731766461e-01
1.400499932415919524e+00,6.577956197696842588e-01,4.039361446574869952e+00,-7.203547096323860144e-01
7.233175272425764746e-01,7.333142433461109277e+00,4.166693791924674706e+00,-4.533845293941402232e+00
7.728428500632823273e+00,2.535459253778772570e+00,5.817691510797952326e+00,-8.795544156964986371e+00
1.448204327499506006e-01,1.308120884997115707e-01,4.426681291805153684e+00,-1.817630906512901837e-02
1.292000411994882192e-01,9.406088446033217920e+00,5.374461191989038156e+00,-9.585054344074499522e-01
3.375442279177660154e+00,2.990966560940591101e+00,2.180127379799452036e+00,8.278898187847403278e+00
1.742157043580573605e-01,1.155324635314704945e-01,4.717258658056400655e+00,-2.012733086064563692e-02
7.102609579647516824e+00,3.135993995187433270e-01,4.695973467461157291e+00,-2.227074001725093400e+00
6.710986332806328392e+00,2.630003862888810051e-01,5.011287618079344419e+00,-1.686734696289684310e+00
3.269243733513920613e+00,1.364146579666042358e+00,4.689435317493201971e+00,-4.458552858966790211e+00
3.026049564837541839e-01,2.945152529724301083e+00,3.093299498479420873e+00,4.302298939323708632e-02
1.410966643157933187e-01,6.845708428271218837e-01,3.954521391245730655e+00,-7.015412895336209376e-02
3.031391477829566306e+00,1.398767816156814003e-01,3.016455853768488016e+00,5.292229345805866264e-02
7.819469294924535907e-01,6.379209912784077119e+00,9.910965976200194483e-01,4.173266653549600136e+00
3.839220644538083316e-01,1.132673514763618272e-01,4.044479924093007384e+00,-3.414152944576816229e-02
2.343268378814570951e+00,4.517689948539741707e+00,1.658272372577441534e+00,1.054568286443325498e+01
2.097134305065395388e-01,5.268692022564453126e+00,1.760951262243854454e-01,1.935662012287075739e-01
3.993423845776445269e+00,5.270834141241291348e+00,3.245588530654237136e+00,-2.185031844327888884e+00
1.400774135746130911e-01,2.952000049477920829e+00,2.226978119434903203e+00,3.276341707125440261e-01
1.521071031510823623e-01,1.350920541919160556e-01,4.238717853358644483e+00,-1.828606890725100950e-02
7.561020126987642698e+00,1.791137889969774522e+00,4.267352639046753104e+00,-1.222369060516136408e+01
2.375042175789236765e-01,1.616605000749055332e+00,5.695617027823268508e+00,-2.128386489760534239e-01
1.946537915978977518e+00,1.201954639180409651e-01,3.299568575274319793e-01,7.580518690048397568e-02
2.604959407492904777e+00,2.658621075820420288e+00,1.769898761758462058e+00,6.788781303602257289e+00
6.479413660305877176e-01,2.310305092243361003e+00,4.689034314522984026e+00,-1.496534009571939272e+00
3.554550663146329170e-01,1.638335008820550609e+00,5.288893441678339080e+00,-4.882303734867427525e-01
6.157760439879733205e+00,2.262681509524644141e-01,3.953897260137323233e+00,-1.011364302649343516e+00
1.186758022145351504e-01,8.095475785625166898e-01,4.393867502114317425e+00,-9.124115024226063519e-02
1.105996432235425209e+00,5.610450610193671750e+00,5.802724674101814806e+00,-2.867938661517204668e+00
1.084980329947754729e+00,1.650081677434791949e+00,1.758496670228165915e+00,1.758861133551814948e+00
5.415421917445218947e-01,9.428154668946797656e-01,5.337454986336866547e+00,-4.140372519114847161e-01
4.825269747843864976e-01,2.999238641455743704e+00,3.378306557183088921e-01,4.796661221687647525e-01
4.513469559242231366e-01,9.976285330670513929e+00,4.287764433525560470e+00,-4.102891016631478038e+00
1.512760938160923718e+00,3.751924908863318198e+00,4.271297637089485733e+00,-5.132516811025324088e+00
1.457730667969120875e+00,3.141528989198645316e+00,1.619087897742011339e+00,4.574164315243104184e+00
3.943902078174231107e+00,1.258325098648236828e+00,1.121989554568692204e+00,4.471231243629464558e+00
2.712441495452222462e-01,3.057593902777132056e-01,4.804353648333319349e+00,-8.258497961886135386e-02
5.438780898981469214e+00,1.729757637500433542e+00,8.465765592083543956e-01,7.046577937412923376e+00
2.865746164447643185e+00,1.093612495967959120e-01,3.009159191439596537e+00,4.138363984083497094e-02
7.029573311710548555e-01,1.165761518868742241e+00,4.680177135249241616e+00,-8.190554950916799637e-01
4.695870033617474348e+00,6.739378588972069206e-01,4.813167985315870645e+00,-3.148667076738020931e+00
1.299351025567026419e+00,4.180623785571732753e+00,4.054170328838959669e+00,-4.297241053689557333e+00
4.289996337262304671e+00,2.263579240235138901e+00,5.008281650724434320e-01,4.662635953224794072e+00
3.193575340661738982e-01,8.426096204763665609e-01,2.986812671354447613e+00,4.148422022093205264e-02
1.104823572713310997e-01,3.566678587348100504e-01,3.622533301665987082e+00,-1.822951190945969538e-02
4.398857419849717232e+00,2.436193784444077581e-01,7.922281797896163491e-02,8.481010814867730174e-02
1.305260431162864609e-01,5.870294371995469218e-01,6.047331355235050943e+00,-1.790466892883609343e-02
1.008419805102343192e+00,2.236229625781552155e+00,5.899691179226594251e+00,-8.437595189936407669e-01
4.050946264139104191e-01,2.368293444953990801e-01,5.528320173586886987e+00,-6.573600274239543850e-02
4.557804614070752880e-01,1.309275186091656273e-01,1.276922308859830935e+00,5.711590625266543819e-02
7.618819216759938229e+00,2.537500086876132155e+00,3.828853207802591641e-01,7.222686451081162140e+00
4.194005638879114151e-01,3.131323954845618651e+00,5.429904252189875713e+00,-9.894793159097744484e-01
1.167149729931250990e+00,4.995478475248451566e+00,4.163854544063608998e+00,-4.975080788324336645e+00
8.090176842587130324e+00,4.219413495247064105e-01,4.881553194692834552e+00,-3.364854087279473660e+00
7.888199694710447574e+00,4.125653911767298565e-01,2.292341163639482815e+00,2.443357222172668042e+00
7.101360412598008987e-01,1.814640537663493869e-01,1.450582683254425076e+00,1.279341569222402775e-01
1.314693466363519581e-01,2.548312692739380103e-01,4.999716472228032949e+00,-3.212905415077005333e-02
6.211934485107003745e+00,2.423944808567053411e+00,2.482335692666866045e+00,9.223096155933601992e+00
6.141844476196446356e-01,6.596268819346696732e-01,4.733465070101572358e+00,-4.050425951870298413e-01
2.731754540123852992e-01,1.267114500984733549e+00,3.446245656055507478e+00,-1.038302806692925073e-01
1.672261412004870385e-01,4.563853005788982564e-01,9.958668806388786265e-01,6.404970935778757368e-02
2.125615438060898033e+00,9.100640694152822618e+00,6.056147549463751112e+00,-4.354289364333380874e+00
1.024201102703616861e-01,7.313076991223028678e+00,5.585198265982014298e+00,-4.813688673270744567e-01
5.416025898150691908e+00,6.843163147706879279e+00,4.559915040737188008e+00,-3.663275985135874890e+01
2.839342020720154736e-01,2.067414383278035395e+00,3.759980588349909336e+00,-3.403026338347415747e-01
1.016445299877418940e+00,3.071267196550124812e+00,4.569733975280170668e+00,-3.090064174151540222e+00
2.259249236838746455e+00,1.473817254465072502e+00,5.508890421763105394e+00,-2.328181044040459113e+00
6.538886987677730023e-01,5.809945611084529560e+00,5.245551946809909438e+00,-3.271762887425384125e+00
1.706363576449933861e+00,1.493658660334588606e-01,3.877031623326590903e+00,-1.709971874850157725e-01
6.031349286903087581e+00,5.974243446436265259e+00,1.764764319647595947e-01,6.325975311046785343e+00
3.619660946376971888e-01,6.479341743159370282e-01,5.648010075281922227e+00,-1.391511266891902465e-01
1.068793785932194568e-01,4.168844890906350797e-01,5.001160840496853943e+00,-4.271146994034252103e-02
6.188338192124812842e+00,5.976787170303729191e+00,1.811598813161440891e+00,3.591920891499849233e+01
2.284865816371699054e+00,6.125532791313272440e+00,4.940285500388182705e+00,-1.363413639180268255e+01
7.432489273985375178e+00,2.943962497372292209e-01,3.377332303979783568e+00,-5.110568344719732536e-01
3.737358358155708493e-01,2.360941212672595935e-01,2.490957226730566632e+00,5.344435635240742805e-02
3.703201361003236047e-01,7.473933567933199740e-01,5.726481364587214351e+00,-1.462452398454268110e-01
6.775728947936894286e+00,1.144767823736907886e+00,5.343055300441659661e+00,-6.264529321062911826e+00
1.719068470771237811e-01,5.291501001737903387e+00,3.972774082930024431e+00,-6.719805770756700491e-01
2.156162608590304064e-01,2.133428356057498476e-01,4.494951030077032783e+00,-4.491703475227885184e-02
2.152376845071568845e-01,3.700244060496012732e+00,3.282331063951399730e-01,2.567465425090340037e-01
5.134838716678682413e-01,9.117566414352460402e-01,4.975639206853271546e+00,-4.520434681700867818e-01
6.888145474491173204e+00,6.213090400536412261e+00,1.734925944472706094e-01,7.387713540554249114e+00
3.312934878256734161e-01,3.756021590090406481e-01,2.859510625065130984e+00,3.463710252895015052e-02
1.614036447882870373e+00,1.038314538236780049e-01,2.925814709703843608e+00,3.588177702855607776e-02
7.913608346431250773e+00,8.926763066705543093e-01,4.219671697115446207e+00,-6.223998798350500294e+00
1.816078436014520736e-01,2.607914070622514568e+00,3.836010984372423493e+00,-3.030862058941843906e-01
2.038639919321900695e+00,4.376806900434655034e+00,6.064684128187508350e+00,-1.934151292622693807e+00
5.207325214967897686e+00,5.245862590213592469e+00,4.086852741432133840e+00,-2.214443468970666018e+01
2.395978543745281630e+00,1.474043730437925914e+00,4.206775260020080509e+00,-3.089871965567668521e+00
1.131229597129163933e+00,2.061898143118220117e-01,1.184936169106418857e+00,2.160984714739392354e-01
4.874640205840884200e+00,6.583630749423918793e-01,3.366505122653787874e-01,1.060114410938661766e+00
2.663310943265390307e+00,6.168517456800177712e+00,4.053443465963307624e+00,-1.298914391029954274e+01
3.504854720588237438e+00,1.114485298975763872e+00,3.494142417961041414e+00,-1.348747699390974164e+00
2.673901316742265388e-01,2.195564413312559360e+00,2.461135971487859120e+00,3.693553730952630065e-01
9.860237450338008580e-01,4.709499986043180209e-01,2.972688213877276109e+00,7.806139258979825912e-02
1.068777175057023798e-01,1.002689656957211684e+00,1.018318000836549997e+00,9.122184441788010190e-02
5.390253954478918530e-01,7.188279069569044610e-01,2.320750382154656233e+00,2.835170570147697577e-01
1.153496070816735219e+00,6.011482213919370210e+00,2.178179941372767381e+00,5.693994427971915684e+00
8.417887129681751457e-01,3.167368722104915157e-01,4.205351537171114096e+00,-2.330805478710661904e-01
1.230231617355233453e+00,3.607369146398502036e+00,2.933517977917923680e+00,9.167657088859866299e-01
9.687674084767495586e+00,7.502805635638177151e+00,1.209566682229486378e+00,6.799387687017342330e+01
7.166150158550368410e-01,9.241565781475808983e-01,4.264941882109322790e+00,-5.970675833225568274e-01
3.190407982368974049e-01,9.279873454651959008e+00,1.983197849008827340e+00,2.712439342098182937e+00
7.517433155439546821e-01,1.018400119537715254e+00,3.867026939592771217e+00,-5.079290486650012149e-01
2.675427729388312859e+00,1.176936045339565390e-01,5.258093043894569441e+00,-2.691481102877424925e-01
1.033317197056460718e-01,2.598182289639815457e-01,5.740613328270146809e+00,-1.386242775605059548e-02
6.789320397323686862e+00,2.278010393202951900e-01,4.533886383872441250e+00,-1.522039577465425175e+00
6.772741349809888511e+00,5.181244566252801498e+00,4.001762578259323355e+00,-2.659751717394055603e+01
7.076339672259248648e-01,6.347141005189816942e-01,2.040299208501179962e+00,4.005447381449003807e-01
4.975977873465325274e+00,1.032484102163689910e+00,4.727552084922006514e+00,-5.137027438486639674e+00
2.431150748406177176e+00,1.044523099898568841e-01,2.482113990859254049e-02,6.302415993598154721e-03
5.199394484337748201e-01,3.848513940106235154e-01,3.537902140173921239e+00,-7.724168038341283626e-02
9.634103117501520153e-01,1.231096199947120162e+00,6.154562648889680965e+00,-1.521327171012562540e-01
7.254169715284565223e-01,1.291457640101725812e-01,3.137595098496130941e+00,3.745080686876551320e-04
2.249085325252566103e-01,3.911618590132410200e-01,3.706395038881648230e+00,-4.708886458475868009e-02
1.101266702461346364e-01,1.397919348500963610e-01,4.348845787322031531e-01,6.485925955548633298e-03
1.380556077148812899e-01,2.619216473065414386e-01,2.017730448408803667e+00,3.260801187202559681e-02
2.559428843862481262e-01,5.526096417063742550e+00,2.309417282734430588e-01,3.237401723382444807e-01
3.392550725228009156e+00,5.277357025751865383e-01,5.558144855582927146e-01,9.446625882051363776e-01
3.470794682702179612e-01,4.437664576070431188e+00,4.762709437367681709e+00,-1.538272637210510219e+00
1.498052380531009753e-01,9.189693039741287706e+00,9.632883781550247715e-01,1.130341885362674548e+00
3.210920190021412157e+00,7.339198639103201138e+00,4.491098121502413498e+00,-2.299093280769394454e+01
4.378471397656429343e-01,3.271466197246696517e+00,2.017068089186105251e+00,1.292116228450166160e+00
6.152836861466430829e-01,1.680793564838871212e+00,3.351086875938808163e+00,-2.150703092551929652e-01
1.622659428698952910e-01,4.046368165783610138e+00,4.473719857266289956e+00,-6.379757597203457031e-01
5.820806822652246915e+00,2.543188032076137972e+00,1.309521925601859982e+00,1.430100187730736927e+01
4.284880749826753821e+00,3.108494862648882417e+00,6.079688477792126733e+00,-2.691813501625774485e+00
4.835173230947824585e+00,5.124455119858474461e+00,2.360251898133633730e-01,5.793997479846208165e+00
1.270177364432716893e-01,1.463837015489801163e-01,1.141789868877822300e+00,1.690838950764691345e-02
3.437733092853354044e+00,4.961799757988811233e-01,4.527855311201518518e+00,-1.676774235313422734e+00
1.054656071694698438e-01,3.525956727922809897e-01,5.867135508874133265e+00,-1.502902627193470828e-02
9.612516888659753178e+00,4.134665766386019237e-01,3.084141575319627293e+00,2.282111054442254039e-01
4.382716970727834394e+00,4.869248858374073397e-01,5.050247350600908236e-01,1.032517380808063212e+00
2.043382891397578782e-01,1.729152494356412662e-01,8.257556002215008517e-01,2.597203683306296279e-02
5.502552150390499719e+00,6.375866781099957414e+00,1.424440426269857563e+00,3.470846411756520666e+01
1.045212259153744716e+00,6.348316744948114820e-01,3.777396871811814716e+00,-3.940228389224900152e-01
1.803988060787498626e-01,3.994860189967739950e-01,6.032702804806137742e+00,-1.786330120251583206e-02
4.054689256426263988e+00,5.419876639937161400e+00,1.082103294787834180e+00,1.940357308368763967e+01
5.685339209575262842e+00,3.908773350361241516e-01,5.716336790424494829e+00,-1.193306087293377615e+00
4.183201583214230190e+00,2.089877649391276293e+00,2.717155918848928042e-01,2.346318981499670109e+00
1.992620719679837338e-01,4.371811917638698475e+00,1.987447642443035400e+00,7.966099625588135558e-01
5.214269958553938711e-01,5.926284570406024521e+00,5.726346029191226705e+00,-1.633148274989556725e+00
8.329758170637295844e-01,2.843756822856783106e+00,1.741144846073896524e+00,2.334494324716249292e+00
5.456110368329467608e-01,2.804678502295590459e+00,8.701607997707918596e-01,1.169783363977963120e+00
1.495225060021441399e+00,4.550710994883793159e-01,3.788638807687207954e+00,-4.101873924833904228e-01
6.810809776517078973e+00,2.067970806586341415e-01,2.050182492505355558e+00,1.249691946916921870e+00
7.490943821115235712e-01,2.582903767528229588e-01,3.344202478295977166e+00,-3.893407296177317511e-02
1.697071976996718190e+00,5.628211585829033803e-01,2.973008595148646460e+00,1.602610854359694803e-01
1.066277166715527525e+00,6.056797289703190756e-01,5.064573159426958959e+00,-6.061828657083199179e-01
7.242576252197753028e+00,5.938752180779244050e+00,5.591537648924479242e+00,-2.743327180926789666e+01
5.890758925407799218e+00,1.403730541166494927e-01,2.900026535704486541e+00,1.978148793049214482e-01
1.135447175569934908e+00,2.813922687799921829e-01,1.639354782441341252e+00,3.187554698155048438e-01
5.325475612715068197e-01,4.479336466055781618e-01,5.928354540388287575e+00,-8.287842734181427584e-02
2.769435304850605295e+00,5.627409958109810262e-01,7.210339224243812462e-01,1.028845249115207805e+00
1.217409842338166293e+00,5.640019216258189694e-01,3.089595858086517932e+00,3.568603163239119497e-02
2.500157561486701763e+00,7.971329863806952076e+00,2.484389020026217310e+00,1.217508743080777478e+01
1.890072375195525900e-01,5.834471158799315660e+00,4.077284334466335203e+00,-8.877302140967777699e-01
1.333454900278908228e+00,5.438423779353185772e+00,1.784828053957792982e+00,7.086422880215483389e+00
2.590782063583100259e-01,1.475386155991988690e-01,1.547963166638419041e+00,3.821407621811186150e-02
1.610281236484086831e-01,1.288510036822050897e-01,9.611457414946462663e-01,1.701073002126552228e-02
1.420258850374195025e-01,3.120695748632278943e-01,2.946540573345150626e+00,8.590376678883997891e-03
5.453996265824871958e-01,5.449855508389340741e+00,2.761228254838957508e+00,1.103510927707994194e+00
2.534489800128038262e+00,1.200026170183607688e+00,1.487026195795930317e+00,3.030788724411027424e+00
7.513413789328716064e+00,1.856810802389994297e-01,1.739580976569488513e+00,1.375273953272470040e+00
9.973931032671582431e-01,7.416401556838110309e-01,1.548154333813024364e+00,7.395171755041815009e-01
2.224209106160307314e+00,1.746380158315841979e-01,3.348122983742862324e+00,-7.965377898844615279e-02
8.153543935838168943e-01,8.806592403650403966e+00,2.007285998051774101e+00,6.507259852531421807e+00
2.806067811097148645e+00,6.086704387973461472e+00,1.780254907887953986e-01,3.024587228144567153e+00
2.354257063329721344e-01,1.080382547177447528e+00,5.141164550150445045e+00,-2.313249329466548210e-01
2.269013470326978421e+00,1.177429402173295753e-01,2.537940652197443026e+00,1.516543097389398687e-01
2.442040775062707114e-01,4.858003573883381554e-01,4.773463261673398961e+00,-1.184132396628204964e-01
1.243397245705727960e-01,6.241263405622443194e+00,1.318956894569391691e+00,7.515574297373716073e-01
2.756690533125958353e-01,1.381060760154002587e+00,6.193445312993007157e+00,-3.411958705819741894e-02
1.970698738874542277e+00,6.917820447336325174e+00,3.988900245549940049e+00,-1.021789864624291155e+01
4.174968596560677980e+00,2.458786703701218990e+00,4.754405847645048588e+00,-1.025629728778840466e+01
1.159077245499030018e-01,4.316764899768507635e-01,2.959706435944658764e+00,9.050515660199430143e-03
7.906031936101420854e+00,1.318768352083142137e+00,4.984251567306435149e+00,-1.004329464740950506e+01
2.489926773129542692e-01,1.689690514153772694e-01,6.685568478473725984e-02,2.810661260971044142e-03
1.431631150871604252e-01,1.363259298056116675e+00,4.538144474268023032e+00,-1.922131672327531404e-01
8.750395040266706559e+00,4.319095717797686085e+00,1.299080233464896317e+00,3.640720526936065937e+01
7.605179090428061395e-01,3.454061733810393497e-01,1.285533560288069976e+00,2.520717821394979352e-01
4.838497120527581075e+00,3.124953408455711568e+00,5.701858727424323092e+00,-8.302935170797624664e+00
1.100705513912321187e+00,1.259839446041059796e+00,6.174326663732927045e+00,-1.506576457844435168e-01
1.413649994404312105e-01,6.576420174468858848e-01,2.680040158134914474e+00,4.140205280048179365e-02
5.001223752781110754e+00,4.320642858028476696e-01,6.188010485188148557e+00,-2.053481864805738188e-01
3.955261323223782655e-01,2.031365537763282769e-01,5.987075197608971777e+00,-2.344505565732615815e-02
2.963417602315462140e+00,5.624330206208538740e+00,1.407515771608369493e+00,1.644555351773611562e+01
1.050958730370069816e+00,5.179884157591129856e+00,5.714583586981398788e+00,-2.931261513554324516e+00
1.347693150137699858e-01,2.542386458260875504e+00,5.454600980394900489e+00,-2.525140096293200798e-01
8.352902842829323937e-01,1.902013035159199061e+00,3.654232539869153751e+00,-7.792409549813732461e-01
2.510708833866309941e+00,5.318170884092350725e+00,3.478452300621810434e-01,4.551463766584998183e+00
2.069533765517183599e-01,8.558273682733176457e+00,4.497902159384464582e+00,-1.730578751477796162e+00
1.684680722291116206e+00,7.662719096081409553e-01,5.260807234155125967e-01,6.482345157331194097e-01
3.595357409817407923e+00,9.297456929109637613e+00,1.045129660940760763e+00,2.891459638454685077e+01
1.813001224490129903e+00,9.568936769179440915e+00,2.353014491541973285e+00,1.230618551547374295e+01
8.114947654746619277e-01,1.377225184027957017e+00,1.635714377329762215e+00,1.115256850817426981e+00
1.580094833707450797e-01,1.346047272922254179e-01,5.815844297243113026e+00,-9.581903052883311567e-03
1.061269810904095223e+00,1.235823140955365773e-01,1.008599998820857380e+00,1.109677684725710739e-01
3.322023486874538523e-01,1.328756760640666668e-01,6.329204346904926393e-01,2.610985307764733532e-02
3.049848638410649126e+00,9.230663932747972256e-01,1.054424811014420094e+00,2.448155162126322892e+00
1.913539850367769635e+00,6.902794544641039920e+00,1.763149763901964651e+00,1.296516369059222029e+01
3.758050811514463962e-01,3.173996929639214315e+00,4.520561425510433828e+00,-1.170925098021969424e+00
6.127985773150390614e-01,3.446293154385458912e+00,4.663886341679509329e+00,-2.109399919658791145e+00
2.596946259182628114e-01,2.631929284897592591e+00,1.302640168386268282e+00,6.590704066474198930e-01
1.551329507499488614e+00,5.843227268907610572e+00,7.475755466437716823e-01,6.162800629650079465e+00
4.863212069771439827e-01,9.858227078015689315e+00,4.621164132338418717e+00,-4.774329850642716089e+00
6.526597564984893296e+00,3.826536746924543153e-01,1.609943558721529611e+00,2.495513125569710500e+00
2.203096454633079737e-01,6.250987540502343620e+00,1.049064471120397801e+00,1.193932789868289657e+00
5.418266282281134494e-01,2.497332987179620711e-01,3.183593540381034259e+00,-5.681559551154593407e-03
3.247017100389666400e-01,6.117506970627684115e-01,4.045765504692817593e+00,-1.561111979111932113e-01
5.906660259930038848e-01,2.297200654814168796e+00,3.900668384319158299e+00,-9.338731843438959901e-01
5.178198008628649429e-01,7.020434054389377287e+00,2.017774277231933477e-01,7.285581185244177638e-01
7.060782623196844021e-01,4.216865511206327466e-01,2.527549915250931978e+00,1.715528950338621739e-01
5.487603569672783177e-01,1.110583483779047143e+00,2.893292508159674092e+00,1.497749271481995936e-01
1.543965633774849744e-01,1.463070895995802978e+00,4.744724330924863231e+00,-2.257750345220116417e-01
1.611112038503330346e-01,1.978748540724716287e-01,3.425373868739857386e+00,-8.925965047337672958e-03
2.558778444526001561e+00,2.676591007574327108e-01,3.150429077490929597e+00,-6.051814226296209180e-03
1.347424404469638404e+00,7.327709781676485790e-01,6.090368168997391862e+00,-1.892012030141946854e-01
1.031970849805055712e+00,2.008320639069623714e-01,1.540710432799315077e+00,2.071590441393901805e-01
1.625560986641409189e-01,3.499547409537261400e-01,1.800584061501512068e+00,5.539198193134974024e-02
8.420683345679781384e-01,1.157363395373029791e+00,4.280695163743856724e-01,4.045626653609913914e-01
5.057416376532288815e+00,6.265127299088956159e-01,5.123881816399484812e+00,-2.904041404309772645e+00
9.981860213070471444e-01,1.446514126938294176e-01,2.495985682168301967e+00,8.687646934324638748e-02
5.936699290155570630e+00,3.267956476511482578e+00,4.668661346684451985e+00,-1.938232958554629093e+01
8.330015816177951393e+00,6.160214905130491303e+00,4.979490999224570835e+00,-4.949506009402583118e+01
1.309099582142643214e+00,2.973985768750074143e+00,5.027398586815692738e+00,-3.701670260501613630e+00
1.816883215133447416e-01,3.716661196296730640e+00,3.533366825627721308e+00,-2.578390115246185221e-01
1.899356417423438748e+00,6.924563373760544982e-01,5.235655748760420281e+00,-1.139233402485086755e+00
4.661125843859447171e-01,1.144115521797321122e+00,6.160225652205468805e-01,3.081295155873337577e-01
1.903046893135966089e+00,2.752861676955926207e+00,3.860325964723744452e+00,-3.449409089307800436e+00
2.548572884469760269e-01,1.351486904254514954e-01,5.017674318612894702e+00,-3.285099770225097249e-02
5.719452228190212928e+00,4.507224864062712832e+00,1.643598357392403564e+00,2.571057173954472930e+01
6.696200918952919245e-01,3.613235399326621522e+00,2.587450151995717373e+00,1.273172922622948233e+00
1.281297357464808717e-01,1.442758794810077849e-01,4.939140256784851246e+00,-1.801282290338579450e-02
8.681226628375190435e-01,4.307969791456523478e-01,4.380786220131121844e+00,-3.536105987570087872e-01
2.077292715283286739e+00,3.149277702908583887e-01,3.635447482961573495e+00,-3.101049111518075496e-01
2.074643756346295498e-01,4.057036383473598740e+00,5.812181925343226752e+00,-3.819428635199176858e-01
1.779722536258449561e-01,2.450349992298096469e-01,2.819593783548217214e+00,1.380078572700664877e-02
1.203265988382559437e-01,1.542859740568720550e+00,5.701874088783877248e+00,-1.019425628899282982e-01
3.426247731434409194e-01,4.739588052639244764e-01,6.322409155121508917e-01,9.596503644981371761e-02
2.222336930563155732e+00,1.615681429459654872e+00,4.789254218834834376e+00,-3.579986656139214407e+00
7.735950966324794287e+00,4.572894027482967694e-01,3.467058019385204637e-01,1.202070951335447058e+00
2.713585891282918716e+00,3.989455465447041327e+00,5.080814419020615702e+00,-1.009927567725027053e+01
5.362362596352774347e+00,1.131428136529634143e-01,4.357528745924355462e+00,-5.689115883723635525e-01
3.666202456162793499e+00,1.957917141431734898e+00,6.001213985815486929e+00,-1.997309621811799607e+00
5.649097193117034177e-01,3.029650981577644675e+00,2.513561451455442963e+00,1.005584402463915117e+00
3.210871371470619628e+00,1.635705447616235264e-01,4.784295313391464965e+00,-5.238467752992859161e-01
7.597366023808375113e-01,5.664445128407551877e+00,2.951260354738201919e+00,8.141559303799438263e-01
6.914380101739033613e+00,2.901830607454762401e+00,5.516155055663945816e+00,-1.392466887667490738e+01
2.001100743048719099e+00,6.592050777650154680e-01,2.192252243126393108e+00,1.072499140064910872e+00
1.832595025080305251e-01,1.121661287971702503e+00,1.096805137589760726e+00,1.828933885880587029e-01
1.064002013271256653e+00,5.671833713500853413e-01,4.894909501712904287e+00,-5.934599653956044163e-01
3.627433033322257638e-01,6.046370903131982111e+00,4.606829172578410514e+00,-2.181072173899448075e+00
4.399930252528513108e+00,3.616958501913741242e-01,9.402977421508667000e-01,1.285456854583399089e+00
8.433803490282130610e+00,1.386269216200342269e+00,5.606006823900240299e+00,-7.325867909045040705e+00
3.010700578966378771e-01,7.132819881828382780e-01,5.461760130644083056e+00,-1.572206313167180403e-01
3.043203308141878005e-01,1.294786226718240285e-01,2.725602909506732008e+00,1.592256437788006421e-02
1.913381356801572508e+00,1.212999330271364418e+00,5.000783363715480156e+00,-2.225079990357875293e+00
8.559205152791778959e-01,2.672825540493856677e-01,4.573238620310434044e+00,-2.265613510261614283e-01
2.808855455112786892e+00,6.687602157064105324e-01,4.771478197208212535e+00,-1.875172395265121805e+00
2.137220888205698444e+00,1.232244506086688229e-01,3.365028346569755247e+00,-5.835515611010149567e-02
1.128617847388573153e-01,2.920160266251177195e+00,4.663646450180523928e+00,-3.291830696875985840e-01
5.758912679538562562e-01,3.026087240215558638e-01,4.340892872590055518e+00,-1.623819626648749237e-01
2.155700756912033889e+00,6.001053536384317599e-01,4.071266924289195899e+00,-1.036761714987455507e+00
2.772635663100458947e-01,9.015607578922530951e-01,4.057511962973519459e+00,-1.982568769559301114e-01
1.988206590439962174e+00,6.666143547612040088e-01,2.181202361856863003e+00,1.086026102669229942e+00
1.097619131731757181e+00,1.423703309179884968e+00,3.979062900674601000e+00,-1.160999544290882923e+00
4.572503604432688329e-01,4.316192742895447410e+00,9.188329510663822974e-01,1.568787558705611707e+00
1.170146475389760299e-01,8.482152697702996846e+00,3.874151049497067678e+00,-6.637822456277935323e-01
5.806493693880961926e-01,7.861342722770470193e-01,2.918902381585168015e+00,1.008129838466430422e-01
3.707750306213708491e-01,1.104738753544457913e-01,2.742833043015775019e+00,1.590413791019573350e-02
4.522207201854714143e+00,5.167446329931355997e+00,4.800766945901697169e-01,1.079256688359134131e+01
3.669741165565370888e+00,3.883001322007386125e-01,5.610543052211806270e+00,-8.878288831231726519e-01
4.507625136729262572e+00,7.305012126845183751e+00,3.971924367332573258e+00,-2.430616347587742965e+01
2.138797761162302358e+00,1.437619116103197925e+00,1.088767951621501195e+00,2.724425552732451017e+00
3.333909457990884007e-01,1.125359320425121989e+00,3.612001574154169337e+00,-1.700527343615254317e-01
8.018459276708965744e-01,1.500413413857914824e+00,1.066914191277134716e+00,1.053572763915713306e+00
3.649866028271195884e-01,5.802727549803216034e-01,2.950357161331939038e-01,6.158354840529727675e-02
5.907604105106251113e-01,1.547218697872024540e-01,2.192545702336441860e+00,7.429836372158987734e-02
1.967589863991293653e-01,1.232379194273581113e+00,1.767562070682307196e+00,2.378027541868037442e-01
3.578741786935615843e-01,1.607469044599470154e+00,5.955202992160060660e+00,-1.853143060580640655e-01
2.215869022652053655e+00,2.277375575962703014e+00,4.184072779337776993e+00,-4.358329633842523698e+00
5.481362075315512339e-01,8.476242789925944043e-01,1.867582403670788427e+00,4.443012721656691699e-01
1.103659053456744893e-01,1.039457678417789049e-01,4.437680798247029657e+00,-1.104191666008176587e-02
9.638978802988971140e-01,2.824946750336573942e+00,5.216504827896831564e+00,-2.384229089072048335e+00
2.883229970438796030e+00,3.560377139534272928e+00,3.330493873963883189e+00,-1.927631886805719841e+00
7.895595300262643335e+00,1.020921913027943995e-01,1.172582852756791638e+00,7.430071889597309465e-01
4.836989881556760906e+00,1.759090433374649987e+00,8.004433100434595050e-02,6.803463587801311663e-01
1.224638760895387923e+00,5.407602487131840441e+00,3.029640614676778476e+00,7.398389656979700302e-01
9.043048034934839663e+00,4.215858931967594314e-01,6.617707974649978953e-01,2.342789448800129737e+00
2.424974152937426908e-01,1.101401129006729512e-01,5.004223434992681518e+00,-2.557938766323845925e-02
4.125887573055893043e+00,1.361171118299170368e-01,2.312445283952066166e+00,4.141018276088296868e-01
8.344209133639093778e+00,7.466167511177101090e+00,1.492688653924101050e-01,9.264845374322222327e+00
1.500967460481249516e-01,1.155196470146652304e-01,3.776444383890487089e+00,-1.028310810937943000e-02
2.272791307079514933e+00,3.486909718682968062e+00,6.461337714682107158e-01,4.771685480236340204e+00
7.180425646558979969e-01,8.058313578143680544e+00,4.748912659186932395e+00,-5.782353234380813056e+00
4.885452967202617569e-01,1.321250072410591614e-01,5.671535748942305055e+00,-3.706527447801507419e-02
2.467644103810784362e+00,4.373605413105091877e+00,2.532182005481563802e+00,6.177458474240169473e+00
7.141584839467707280e-01,4.330084268904494493e+00,1.770390833136090969e-01,5.446143185164721290e-01
3.705895144373946848e-01,6.376119744451882454e-01,1.553038737720377482e-01,3.654977113205878925e-02
1.200788816735860021e+00,3.325435907841240435e-01,3.614155378600258928e-01,1.411971231820976780e-01
3.395326625822930877e-01,2.389874416749072084e-01,2.516597443290484737e+00,4.747684273507366687e-02
2.458693201478339696e-01,1.088239436804107757e-01,3.718497942704223735e+00,-1.459385333167124640e-02
1.134473399736105892e-01,1.543925911522991301e+00,3.341445186969782100e+00,-3.477247021834189988e-02
2.867258912576050034e-01,9.932565448455498158e-01,2.354953846814233476e+00,2.016282986914224307e-01
1.443694112130001483e-01,3.580117017029678106e-01,3.429524053406615813e+00,-1.467722451549656124e-02
7.091201020491881835e+00,3.062215517812942323e-01,4.649042396739093697e+00,-2.167123193821056226e+00
8.888329046790734989e-01,8.641975272839412803e-01,2.182832025354539685e+00,6.286968529215216650e-01
2.420741432445629560e+00,2.727443304668646817e+00,4.897833935118525162e-01,3.106014917930298935e+00
3.199589365060042656e+00,2.194048090716952948e-01,1.326663416178477106e-01,9.285952028231372890e-02
2.774994616763928335e+00,5.044814294170238078e+00,1.930682342000672680e+00,1.310249287145377473e+01
2.725529309999976668e-01,1.398140697830969059e-01,3.909218748970525237e+00,-2.646242258112740595e-02
1.099134425715528884e-01,8.022222451167785096e+00,5.921511964654222027e+00,-3.119982878139512805e-01
7.806148718402314834e+00,3.433296946746779432e-01,3.220231920485690846e+00,-2.105425747011994975e-01
1.172760819017782286e+00,9.522876882648946051e+00,2.776734688863757849e-01,3.061376333531072191e+00
3.818490955336654391e+00,3.913171691699584565e-01,5.929511049494032626e+00,-5.175258861369299579e-01
8.455004453843151246e-01,6.445864487537094067e-01,4.011432184004334545e+00,-4.165014419381830035e-01
1.123125165863543135e-01,2.016979162475695198e+00,5.105947147539215081e+00,-2.092137320910800458e-01
4.488836838355263481e+00,2.791036022135732431e+00,4.072059378988700296e+00,-1.004659435213058494e+01
4.616375961296734332e+00,5.144079373217291362e+00,3.909936287881830008e+00,-1.650286578393296111e+01
1.922816497071601072e+00,1.572869432623025476e+00,3.438244253456416821e+00,-8.840739764153840996e-01
1.150801149591906603e+00,1.038898485752383083e-01,1.237116986753012959e+00,1.129622572296533484e-01
1.516286478803344329e+00,2.686541936408957998e+00,5.059277875482202091e+00,-3.830925003040303256e+00
3.893164987924374598e-01,4.057716879144533384e-01,9.249941835682734537e-01,1.261604542644297056e-01
4.208693273401629575e+00,4.493453003297617210e-01,3.806090518950721702e+00,-1.166208001002104977e+00
1.538462037261452420e-01,1.582415713748337727e-01,4.722581256404416727e+00,-2.434360053602011020e-02
9.010835004755357147e+00,2.611524991648921823e+00,2.361654047783122934e+00,1.654855881934777528e+01
1.684198681484273818e-01,9.810908035876440891e+00,3.628861736845206298e+00,-7.736551864747422957e-01
4.350376946281627966e+00,1.501524946281553641e+00,4.518034293675788682e+00,-6.409214559511736020e+00
1.529239805311916500e+00,7.667516145759743829e+00,1.329152979379474853e-01,1.553909658669549998e+00
8.038556675922456929e-01,2.510711758715713504e+00,2.500360218210986307e+00,1.207283813125910044e+00
1.922917791595251114e-01,5.916273036491364046e+00,5.221629219512322173e+00,-9.933000379950583936e-01
1.676163014207416868e-01,5.975241775137381417e+00,5.119939122769692652e+00,-9.195157486674081504e-01
9.694065120259234281e-01,1.275779176115547031e+00,5.094440689889964347e+00,-1.147581117754764124e+00
7.023594227493114239e+00,2.094525433010256954e+00,6.084518737666155808e+00,-2.903415945742422455e+00
1.119180714162685053e+00,5.680197514989697716e+00,9.254464254527104972e-01,5.078673471186815114e+00
6.595756165151471784e+00,2.802070198096820453e-01,2.264538530716121212e+00,1.420986859416419668e+00
3.471642176279781111e+00,2.342244152166450544e+00,6.258935245080384568e+00,-1.971684434251572138e-01
3.676222188191517137e+00,2.598289293597646044e+00,1.369085968198105130e+00,9.358227538770970355e+00
8.571956125941408544e+00,1.303376873977944717e-01,5.388654339845354357e+00,-8.713598831531521594e-01
1.717328874735815358e-01,3.567909608751612116e-01,4.337647055301304455e+00,-5.702054333981133177e-02
6.372165862479063136e+00,8.216730387975271555e+00,2.452798619226686849e+00,3.327932604919783444e+01
2.260824410193487122e-01,1.153554017731013154e-01,4.386997840419821770e+00,-2.471131150310557772e-02
3.695678774232022068e+00,2.379756567692913993e+00,1.168600216834079664e+00,8.093020912194797134e+00
1.333463558255451931e+00,2.101333811417473996e-01,1.121437448637348178e+00,2.523880537384067813e-01
2.889164484737883232e+00,7.787744611075967605e+00,1.867026221678582953e-01,4.176460239473223979e+00
6.225585813005904967e+00,1.680896038186456609e+00,4.032978983816383867e+00,-8.140839167815258293e+00
3.971700816813255042e+00,3.864555428854390406e-01,5.007929129256608825e+00,-1.468340760207748286e+00
1.941878828342592733e+00,8.887788262306873577e+00,3.591843499626850011e-01,6.066726828976829466e+00
2.091903084124654422e-01,1.806007251779453981e-01,4.855481486873289398e+00,-3.739380017189065930e-02
1.902269339958983618e+00,1.178764103904500343e-01,2.738502286767444893e+00,8.795816065988061594e-02
5.576699626366721674e+00,1.016459977375558044e+00,3.928314739676253442e+00,-4.013532186528812495e+00
6.079777948619501382e-01,1.583062942541328399e-01,4.729487822128446872e+00,-9.623264219192401159e-02
3.013046815084641783e-01,7.654513677854312137e-01,8.446030103688123569e-01,1.724468453681888558e-01
3.035017874027230445e-01,2.091385143806969993e-01,2.462964706645220492e+00,3.984419763210941823e-02
4.220486892038834981e+00,1.295388257717782876e+00,5.881726944057926509e+00,-2.136357413370806757e+00
6.683075771631152850e-01,1.939730100246943589e+00,4.515227787784681368e+00,-1.271221897016854951e+00
1.926543216313802764e+00,2.216096392116233549e-01,2.118359099483656305e+00,3.645200870969825258e-01
3.038350050341900865e-01,7.781862955398947790e+00,8.646346680862575518e-01,1.798975035311782822e+00
3.630530732524012372e+00,3.548450952297474426e-01,3.502365602894915053e+00,-4.547582526743205178e-01
6.407351724584762209e-01,1.401744770588845002e-01,5.129843995042260296e+00,-8.210176447312467207e-02
1.534666286427662230e-01,1.649726088982139127e-01,5.698549821369101487e+00,-1.397277305637053754e-02
1.837077923905284349e+00,6.459555943907299147e-01,5.246526421259948059e+00,-1.021377110114530362e+00
4.674579919489239899e+00,1.299900903503929672e-01,1.110308696518463867e+00,5.443538531424340077e-01
1.483832051868192170e-01,5.438147970215295723e-01,1.711184570994049636e+00,7.989910445267833783e-02
8.259548171644541803e-01,2.775787913944662844e-01,2.894019565181260578e-01,6.542816476735886788e-02
1.236819090291483958e+00,1.407313294603977361e-01,4.679172133975211700e+00,-1.739631788279275004e-01
7.190070385837906697e-01,8.240506747849343228e+00,3.609731829032617689e+00,-2.673508753987406728e+00
3.098097054994269905e-01,7.136808109509226172e-01,5.885922720179850742e+00,-8.554463682873973684e-02
1.745448514352741787e-01,3.898933450322898953e-01,1.622880175294710847e+00,6.796159104632136516e-02
8.087211590198974065e+00,9.360343322003979338e+00,2.185118410342239859e+00,6.185858999579718898e+01
2.437095200823123919e-01,6.179053523679618465e+00,4.591942100178434849e+00,-1.494984025360131197e+00
2.476948983207557742e+00,7.091636427121517094e-01,5.124484332995787206e+00,-1.609509073195289686e+00
2.141603241590125106e-01,2.953422473341774102e-01,1.596800339423478876e+00,6.322920733274767224e-02
1.170426640285824105e+00,3.386564808980380814e+00,2.775210036226875232e+00,1.419967021305089450e+00
5.123334349002433896e+00,2.204930361102804603e+00,4.450388226552883353e+00,-1.091108433027836710e+01
3.227528810618314203e+00,2.089385651207586569e+00,5.444356527128431100e-01,3.492724631875506969e+00
3.525012930916612497e+00,3.315303267400757647e-01,2.392979367347881858e+00,7.954097163289319816e-01
6.550606419312009265e+00,1.491666816053421885e-01,2.030406882636635491e+00,8.757306409168640338e-01
6.520792630453952299e+00,1.239482702764268973e+00,4.411305178286828443e+00,-7.718827669041157691e+00
1.155347029257297042e-01,2.678401315887116052e+00,6.869329412940664570e-01,1.962424372480781054e-01
4.350093139166193446e-01,7.074776865051998209e-01,1.638757583352935532e+00,3.070489274156747439e-01
3.012325878261741807e-01,1.544571819120587275e+00,5.501286367874437921e+00,-3.278461121427158620e-01
4.529086037374109308e-01,1.399356271021475473e-01,8.809164567038966220e-01,4.888491408913323011e-02
5.468661309777241186e+00,5.472971251935840442e+00,5.207212083641685751e+00,-2.633982512727086700e+01
2.079747191465322942e+00,3.004849838748636093e-01,4.717374063608888335e+00,-6.249250361877006776e-01
2.221163011124278053e-01,1.273136123535543451e-01,4.183978889790007649e+00,-2.442152619075270772e-02
2.173619907213678815e+00,4.867687530817241814e+00,1.406261236381966873e+00,1.043760871911756993e+01
6.755477921633216809e+00,2.813132550384714881e-01,4.062324309356575049e-03,7.720042159809491905e-03
3.905945863143417407e-01,5.749513244573751791e+00,3.476895958336788439e+00,-7.389696178496457657e-01
1.875067559645849924e-01,3.131371032933234044e+00,1.860467367250158821e+00,5.626911821184913398e-01
1.450315369915035735e+00,1.062733407252617612e-01,3.494628123125461006e+00,-5.329003833701802251e-02
3.287869423725798157e+00,1.052138749758928793e-01,2.390215958188310896e+00,2.361471790941898352e-01
3.056671797312249250e-01,2.827142697761406698e-01,6.037488337332432842e+00,-2.101928817762557453e-02
5.627750238985780307e+00,6.713205296891432416e-01,4.761172620545866430e+00,-3.773529609540829277e+00
3.806706878071052791e-01,1.001780506073266297e+00,4.247499035210546836e+00,-3.408763082213472906e-01
1.955786126226003896e+00,5.198653819508317397e+00,1.071912576692853447e+00,8.928216862196203252e+00
1.230335975697002482e+00,7.292742001049586920e-01,4.898460690689214747e-01,4.221482850249089758e-01
2.913306092184226315e-01,9.265848278826499751e+00,3.369231473702402280e+00,-6.092005851361971258e-01
3.799923567725547180e+00,1.721558119335031112e+00,7.101544540040568565e-01,4.264925371839513701e+00
1.753287841282869797e-01,2.038282759321020876e+00,6.073612964340330933e+00,-7.434775800472827323e-02
3.767378626307060330e+00,2.084930589082036878e+00,2.695646578395108905e-01,2.091805728863757707e+00
1.274680302596899739e-01,1.923117567254142291e+00,4.223124400025630720e+00,-2.163763398313863218e-01
2.777772324879020371e-01,1.840517158843094414e+00,3.778172159242958461e+00,-3.039139757180799872e-01
5.709509646766319335e+00,4.751074632999549685e+00,2.215309073440894228e+00,2.168456885891255936e+01
3.215967991146430283e+00,8.558233814992722843e-01,3.532822717539806590e+00,-1.049523295951365842e+00
1.153500457667177015e+00,1.544649257163642209e-01,4.910807703127689217e-01,8.402379709970794752e-02
5.767466116668854559e-01,7.225796192380364857e+00,6.213323568288040555e+00,-2.909087734622136656e-01
4.415238967627704625e+00,5.777632227790023833e-01,8.132083566959195098e-01,1.853263173240025319e+00
5.137684962050325099e-01,3.604162056904670841e+00,5.034398299210921301e+00,-1.756529949531718371e+00
3.536130708958173385e-01,6.098042569426875836e-01,5.243784111120790570e+00,-1.858989270805743443e-01
7.091401333419079300e+00,1.289685235967474586e-01,8.284922040468442050e-01,6.739566858342806999e-01
6.106643013375679274e+00,8.463897974805041358e+00,1.912292438706247433e+00,4.870137845002391686e+01
1.659419617501877997e-01,5.404933629849165477e+00,3.329288499605998375e+00,-1.673586763419882273e-01
5.697582018057998354e+00,2.255579893364702826e-01,1.352645551498550258e+00,1.254676587964849155e+00
3.431676038732353717e+00,6.896602773395512642e-01,1.398709508366605458e+00,2.331733606043237650e+00
8.532692147706538721e-01,1.047476603117521582e-01,8.981472669907241135e-01,6.990910172369765863e-02
1.087282621647721603e-01,5.700429645875837448e-01,4.258486663692156782e+00,-5.570388662359717497e-02
1.392531950017552589e-01,2.758367493123256242e+00,3.245354311647460133e+00,-3.978456496942232856e-02
1.349091571654303046e+00,1.733074191035004930e+00,3.083421342695253031e+00,1.359322395101440206e-01
1.950553196230669362e-01,1.965607726087356677e-01,8.962621789000833061e-01,2.994363760374005312e-02
5.175057908738250667e+00,1.502057944016803592e-01,2.308170418969944127e+00,5.754034633531251997e-01
4.350688601331566652e+00,1.953084742397483142e-01,4.829625210995020623e+00,-8.438935765461698102e-01
9.849868258574704383e-01,6.419006486954465629e+00,1.973850421036155822e+00,5.815987370314998905e+00
2.585600094872514187e+00,1.313606612118954020e+00,7.668765724983530596e-01,2.356768905234063016e+00
1.145073126936457797e+00,2.673448973461299838e-01,2.638804012913544828e+00,1.475148875643683966e-01
1.163842211523105769e-01,2.502710803650284865e-01,1.652904830014845228e-01,4.792622935648757111e-03
9.745887730676087157e-01,3.568587423248050783e-01,2.860183953795923384e-01,9.812374739510137944e-02
6.164197194342185826e-01,8.052593617491762279e-01,3.511273207899310744e+00,-1.793500101016715365e-01
2.285806396342144442e+00,1.260609488217854013e+00,1.008289213124190065e+00,2.437528321893408290e+00
1.224712741264391447e+00,2.239844589363158445e+00,3.194842968947302353e+00,-1.460054406931355353e-01
4.510713398648358852e-01,3.972594699370161075e-01,3.454645670436639726e+00,-5.518492193036048793e-02
1.505926198391986381e-01,2.503564810285354159e-01,1.354853727753459580e+00,3.682620786482832670e-02
2.025766516210327328e+00,6.369001894546852505e+00,5.220996911806928542e-02,6.733128129683867424e-01
8.587042218722892528e+00,5.423675016892157252e+00,2.341134934600662021e+00,3.342450787321424599e+01
7.713914940272391441e+00,1.462362461816603121e-01,9.746213789377675685e-01,9.334526515532740598e-01
6.207348636372844730e-01,5.397069879287982319e-01,5.580686032093249871e+00,-2.164622755653103081e-01
1.024810129317490215e-01,2.775801728067850971e-01,4.186261371739703030e+00,-2.459951528952296351e-02
5.831235892640216356e+00,6.180908509860663091e-01,1.146621708457002953e+00,3.284821852777397577e+00
6.634316285008351466e-01,3.990875750492817731e-01,2.890505397341902594e+00,6.578336517873205336e-02
5.865055838880315342e-01,8.622142008552811987e+00,3.913799245221294409e-01,1.929040244109230473e+00
3.024962007182578350e-01,8.183944616464433608e+00,3.441660743300979597e+00,-7.317544485500810936e-01
4.739913634693684874e-01,1.592645702640004546e-01,3.927503243698376778e+00,-5.340685877771373519e-02
3.194902771065049607e-01,6.574048244662952234e-01,5.629442451786634827e+00,-1.277349260176994794e-01
1.729717531867060121e+00,6.423178504549809098e-01,2.704394939464676462e+00,4.704121366541673677e-01
2.770333415494671270e-01,1.515321483920217538e-01,5.789718789912646990e+00,-1.988489976744050799e-02
2.365415505718317102e-01,4.755714846995919842e+00,4.559516877541216040e+00,-1.111805071904397257e+00
2.796175663139449652e-01,5.163037934109415694e-01,1.615481334894642407e+00,1.442235011646254284e-01
6.807611454754550984e+00,2.131598561701721462e+00,5.064807969144121458e+00,-1.361925014607037454e+01
1.030218095165913311e-01,1.270066104299472365e-01,5.207505527134192569e+00,-1.151318283539131022e-02
3.401845592807612451e-01,2.205630853695595750e+00,3.486201870779067846e+00,-2.534803037185611174e-01
1.722858783390275983e+00,1.498143029248268643e-01,9.296384819376747322e-01,2.068494332556414517e-01
6.290647834877931999e+00,8.646905191176758043e-01,4.309926643501169607e+00,-5.004846725576432398e+00
7.136549058517807076e+00,1.155059433410551728e+00,5.308181890536662895e-01,4.172999012718259237e+00
2.716669762036477698e-01,1.188578728021586206e-01,5.257925930866226949e+00,-2.760286173624754494e-02
3.051501243629656246e-01,2.651845868759818980e-01,5.851042567295482222e+00,-3.389117855490604569e-02
4.878742119676443778e+00,3.376327083131326567e+00,4.442710912609769025e+00,-1.587686869178717330e+01
7.301258756864986710e-01,7.898891547692003634e+00,4.311988157037168534e+00,-5.311028633507327790e+00
3.565653587986458817e+00,8.418868254584437327e-01,5.451281240047650023e+00,-2.219032468149103821e+00
1.874757892167178697e-01,5.326103047943171465e-01,1.495301879522763500e+00,9.956712485346008723e-02
5.914415193294090045e+00,4.812545275725992333e-01,3.060356969578712061e+00,2.309700694780951469e-01
8.843872124347648134e-01,1.916931570455578049e+00,1.316588757716718572e+00,1.640827392721414757e+00
7.342838400030270662e+00,5.162694467808562893e-01,2.360296501889410647e-01,8.864760736901176053e-01
1.724788905411669127e-01,4.200017634182801274e+00,2.854294183265823737e+00,2.052718416552784531e-01
1.999629234662914090e-01,6.050776279979359629e+00,2.717289491174183169e+00,4.981114194934934680e-01
1.090301999262852373e-01,4.506099467854934204e+00,3.587949212196676729e+00,-2.120857309642967536e-01
9.053441243862669907e+00,4.776702513239249881e-01,1.713391997073158368e+00,4.280667233478836486e+00
8.005154701193003319e+00,4.862794340195601972e-01,3.270986294432733921e+00,-5.022917090893639358e-01
1.203367346481900135e+00,2.283080440933934474e-01,6.994339719670066291e-01,1.768723970663603484e-01
1.333185319819130965e-01,2.819914523245040106e-01,3.682987846880922067e+00,-1.937375098546680052e-02
1.103911388150832229e-01,6.227868892626604591e+00,3.592667152463330793e-01,2.417171948326201081e-01
4.844706722533769216e+00,5.963872815481479073e-01,1.262541152070789652e+00,2.753131553591137148e+00
1.094966956204240338e+00,2.314023651890134481e+00,5.029335999126502088e+00,-2.407575323550029456e+00
1.083177380698186809e+00,6.255256392923911335e-01,5.724566130317013446e+00,-3.591149619399661708e-01
1.940758532117050628e-01,1.797554728862430951e+00,4.065729782178105545e+00,-2.784271411328659851e-01
1.640094803771940724e+00,7.359691049582968159e-01,3.820235603741690689e+00,-7.577159514514983929e-01
4.774818002476494350e+00,7.774478809972548810e+00,2.986848136405853893e+00,5.721484582110691441e+00
5.609413194628261046e-01,1.497144379312644435e+00,5.937606905225532028e-01,4.698586520522529120e-01
5.271235280689543501e-01,4.182888272208613589e-01,5.450687677370215312e+00,-1.630775488234303960e-01
2.097998793317498445e-01,4.704047436320803466e-01,3.764491093873143956e+00,-5.757542716467926869e-02
1.206680415592257249e+00,2.934538966624281042e-01,1.038339790529570594e+00,3.050836874026727208e-01
9.026703905505868875e+00,1.278633356174629254e+00,4.384594571527915541e+00,-1.092729628333776937e+01
2.061378352351099341e+00,1.057807172557103437e+00,2.431377255688137229e+00,1.421706294147164096e+00
4.878307077436949135e-01,8.567028778452876026e+00,1.273045611193119431e+00,3.995367189973573208e+00
3.264804741205372451e+00,1.417000216120847478e+00,1.502311683060394865e+00,4.615384417676021478e+00
9.415413708746163124e-01,2.074986331335764711e-01,6.247693724174541607e+00,-6.932483386121290891e-03
4.676538556463605723e+00,1.359535782252767167e+00,3.876814699306935896e+00,-4.264587671425043247e+00
2.957687800448181914e+00,1.521866706191420671e-01,1.764972033521192918e+00,4.416615670531545690e-01
4.418099648575618543e-01,2.160349538882011977e+00,5.322421599252922242e+00,-7.823066520762862464e-01
7.712261147746130030e-01,1.384764787573048217e+00,1.724522302677322649e-01,1.832617288931836230e-01
4.827387710079078076e+00,4.475027099346508552e-01,2.053339426207381635e+00,1.913604601499683699e+00
7.382721919216251649e+00,2.296509101101781081e+00,4.474800971224205171e+00,-1.647821082863108799e+01
6.368751749397597584e-01,4.453091116228939939e-01,5.274662890107391533e+00,-2.399437224154869763e-01
1.984456137764189831e+00,5.694093647401558655e+00,3.616109668160513824e+00,-5.162923698483973922e+00
3.038790584859207833e+00,8.589711312583160341e-01,3.568430161860942640e+00,-1.080621289225561776e+00
8.083609111966763905e+00,8.356728063851055488e-01,4.554867178145586060e+00,-6.671616029851555218e+00
4.426729227911025966e-01,2.485864635013895096e+00,1.349816545378399235e+00,1.073666109853792738e+00
1.113956837613997441e+00,3.471060547215838010e+00,2.191542641911538691e+00,3.145274330582799927e+00
5.941786692349807497e-01,2.324949381475739374e-01,1.497777200671914111e+00,1.377754202086292901e-01
1.525380671826267687e+00,1.590309596387230184e-01,3.282960416583363905e+00,-3.417927043533817988e-02
1.701627842533552926e+00,1.081666911954838606e-01,3.588626193947057175e+00,-7.956751834237643650e-02
2.086665204043924415e+00,9.104173096983894098e+00,3.574731236671794488e+00,-7.973603015783063519e+00
5.112279675652660060e+00,2.826939696564113369e+00,3.399331413827711312e+00,-3.683764693128668721e+00
1.286996795242924541e-01,7.772830934134633551e-01,3.832363358704902745e-01,3.740589229083716299e-02
7.188020553517401545e+00,2.594368940894717923e+00,4.546521003210735046e+00,-1.839243605983236307e+01
1.940033483349156374e+00,3.867696502383780599e-01,4.045213431744511645e+00,-5.894512258281000561e-01
2.459765370882051272e+00,1.141078612570807921e-01,5.844828759632079596e+00,-1.191345713062185729e-01
1.513343340204818532e-01,1.149397076115215299e-01,4.666893682208701044e+00,-1.737632562997933061e-02
2.331802839947240413e-01,2.183591701553599107e-01,1.732648212049805458e+00,5.025159551230512500e-02
1.181804860908212129e+00,6.381543791815670552e+00,1.547935465596969484e+00,7.539768831017684469e+00
4.736930659230091045e+00,1.360940101821993542e-01,2.503062656222640125e+00,3.842321921622229852e-01
7.045793878142923461e+00,4.009392512299673195e-01,3.677553044340451383e-01,1.015625638661172614e+00
1.672550847385271822e-01,7.827308234212372540e+00,3.767193567798581721e+00,-7.666220893595246944e-01
2.738229331818850643e+00,5.037564309602093005e+00,3.400255939061683108e+00,-3.528348677995630123e+00
7.840221903424429151e-01,8.188631193428047794e+00,1.333386570899046664e+00,6.239988359606009283e+00
5.073893588682062417e-01,7.265540759483927191e-01,2.005832795466389040e+00,3.343081727133591086e-01
3.538564396379238364e+00,1.344063470934510895e-01,2.403104288411728628e+00,3.201637669570406852e-01
1.318834703218733972e+00,2.591733852119301851e+00,5.603813272116228816e+00,-2.147588230250485175e+00
2.342530973855989629e+00,1.018607594187908166e-01,1.680508257092915292e+00,2.371773724790633975e-01
1.554404476014143166e-01,1.548535025469550686e+00,6.109853455521794707e+00,-4.151323838109315101e-02
1.136692698755844999e+00,1.625437876131790693e+00,2.968500599067291024e+00,3.182143566583657823e-01
1.241261126786239455e+00,1.118244568945962580e+00,5.395769584436939326e+00,-1.076340288025415592e+00
5.502345910640912274e-01,3.387865026401615798e-01,6.613207500819838769e-01,1.144867702407132148e-01
8.908173066826673425e-01,4.201875107987756430e-01,5.605783865131038546e+00,-2.346065965156542699e-01
8.540321440462935731e-01,5.862603785997147376e+00,2.944425692875883183e+00,9.808021182593673615e-01
8.762418684954629278e-01,9.445238577882209441e+00,4.819602252932699393e+00,-8.228792234535829309e+00
5.525339767204796360e+00,4.415305085449882094e-01,5.960537867562626602e+00,-7.735466325169544355e-01
1.633178707291103926e+00,2.163038453335668077e-01,4.550630372428232207e+00,-3.486511926167580322e-01
2.142525724729601677e+00,5.154117254948201721e-01,5.297894738112900903e+00,-9.203454630086557176e-01
9.602178767648556601e+00,1.207203190080707589e-01,1.328604833263471008e+00,1.125347145899938228e+00
3.416265448236315283e+00,1.599133864202469280e+00,1.287108423733229534e+00,5.244705566231427696e+00
2.779688159741489084e-01,4.537630633479962761e+00,1.340059861469593105e+00,1.227892611222488606e+00
1.873085527203048328e-01,2.478198063113727367e-01,3.492437714723905184e+00,-1.595373700431131428e-02
4.154379422008239509e+00,2.948346389383606492e-01,1.029704259871035310e+00,1.049880383194264022e+00
3.494409915577608938e+00,7.902355389179317458e-01,3.529565102579725444e+00,-1.044674292301768448e+00
3.702719278592215169e+00,9.955080587584296481e+00,3.837703538096581268e-01,1.380141771004969975e+01
8.095503002632481460e-01,7.875067643467663636e-01,1.297288802863359458e-01,8.247378966311247339e-02
1.495144834688330870e-01,2.212713481621917833e+00,5.703076993258772376e+00,-1.813342185072810975e-01
6.601138210431910736e+00,1.378389755537668071e+00,3.899479026431527551e+00,-6.254501907905456903e+00
2.584627130887350854e-01,1.112523798552326637e+00,1.254193009670088177e+00,2.732544336987233202e-01
2.210096126837075570e+00,1.270903559574706909e+00,5.843120361005397889e+00,-1.196551921194618062e+00
4.049267498393763764e-01,3.108545462026290340e-01,5.321415287127829963e+00,-1.032419809772044395e-01
3.198683107745064369e+00,7.372743739541890440e-01,2.584310177423724042e+00,1.247265704502002581e+00
1.475828099743173416e+00,7.843243186594726080e-01,4.820058889898775512e+00,-1.150824848127303346e+00
2.314978029747071897e+00,4.093808530540196666e-01,3.154588449319048582e+00,-1.231586874891285772e-02
4.266223853743736916e-01,1.383265800632387466e+00,5.746153028704301668e+00,-3.019047007539344407e-01
9.921316156890819249e-01,7.515636294079685031e-01,2.759041069547797154e+00,2.783428267116331845e-01
7.580827130559627536e-01,8.659791693954614900e-01,5.771434597920927168e+00,-3.214830371293338485e-01
2.966471671594980375e+00,4.022056022397634933e+00,2.343207814647172427e+00,8.545564278144098580e+00
6.868878117356826074e+00,2.084749049981971525e-01,3.404135938307743192e+00,-3.716548030519887247e-01
2.408118023157526544e+00,6.329064099485451900e-01,3.102712639212267032e+00,5.924261991943505223e-02
4.460207910526375885e-01,1.111781412316186490e-01,4.755627926802443284e+00,-4.954141492031077093e-02
5.301469735808270745e-01,8.583574984852537781e-01,3.827007587199150462e-01,1.699301555668714936e-01
1.035406885685462297e-01,2.029339407569887843e+00,1.103235662746810508e+00,1.875671849787926282e-01
3.812813903419538075e+00,2.180686441096539030e-01,3.659125675761482288e+00,-4.113522436480060995e-01
1.291812340950390103e+00,1.348022427976566240e+00,5.741768073954363061e-01,9.458262545892036632e-01
8.028167019416951877e-01,1.218357889031070229e+00,3.345824603316230217e+00,-1.983771437902467627e-01
3.675254158438815644e+00,4.750597465118516216e-01,4.331656073978115806e+00,-1.620941161215521342e+00
8.397832261676169807e+00,4.837007814867093636e-01,4.009123432302501122e+00,-3.098256093732940197e+00
6.946601843028572532e-01,3.070652581627957289e+00,2.027583768160928224e-01,4.295385003570053595e-01
1.098668412200318745e-01,9.185273508679717480e+00,5.516795053048747732e+00,-6.998899629244310638e-01
4.251528461347442445e-01,6.086427560530459635e-01,1.593366388887978324e+00,2.587002940653013727e-01
1.059268827114159484e+00,6.877895219432232921e+00,4.917148449933633536e+00,-7.133344490786690528e+00
7.668295134895689813e+00,8.191428342057319512e+00,2.276469011206825765e+00,4.781269598948527033e+01
1.632117588514684137e+00,1.123797420022538907e+00,5.127045640538038462e+00,-1.678732283462607056e+00
2.669095841275968550e-01,5.809469798689220754e-01,2.877124542891244197e+00,4.053213242017027901e-02
1.117098754820954998e+00,3.914799097532746686e+00,1.810254822982720890e+00,4.248434219988077132e+00
8.009409845238691261e+00,7.987751159003830814e+00,4.237570308598541224e+00,-5.689973868504572607e+01
8.191221967184937114e+00,3.883088842066470647e+00,5.503949607601563265e+00,-2.235209007329308406e+01
3.105162545326755730e+00,4.401472841005205083e+00,2.418965138682610760e+00,9.038967576193780218e+00
5.309416332390334281e-01,5.725291703352867190e-01,9.422315480348163463e-01,2.458806345644141134e-01
8.257852059585802706e+00,5.037419274768187627e+00,3.791737521222053875e+00,-2.517950047975692840e+01
1.957853698480020443e-01,1.368224924845343471e-01,3.516195602088974415e+00,-9.801752951440194372e-03
1.576216035406908578e+00,1.075081721780848931e-01,6.091681490823619427e+00,-3.225350142750936511e-02
1.668680305515093387e-01,1.516068538002196542e-01,3.705242019267813713e+00,-1.351625888159934015e-02
1.866719849465842573e+00,3.793878948146830465e-01,4.278522605848008808e+00,-6.425931763111626394e-01
1.121778890300990095e-01,2.255901084690218106e+00,4.332802285469493420e+00,-2.350487109500977168e-01
1.930781646140593277e-01,7.580069173272807603e-01,1.000441076618216574e+00,1.231880027046388937e-01
9.249868100703604767e+00,1.691973089159345134e-01,1.300152000449764367e-01,2.029078647630024324e-01
4.676933292883382332e-01,6.245311639885496646e+00,4.422603405446285940e+00,-2.799104553079142299e+00
6.368281100212229262e+00,3.805171069642336867e-01,2.253082814952331425e+00,1.880756355901926691e+00
1.701291711086406089e+00,1.189369367641186226e-01,3.037728326367185261e+00,2.097880854342216300e-02
2.194383803711134062e-01,4.178066860278139671e+00,1.016101861607618062e+00,7.793602845295471981e-01
9.988106051632305027e-01,1.258600158394159729e-01,4.360777045505619398e+00,-1.180192058858162280e-01
1.082182288908840384e+00,4.102526204125732434e+00,1.754173544941006524e+00,4.365243111507800755e+00
3.631294988579393257e-01,1.129721155517651843e+00,3.524026680454628302e+00,-1.530914288681779478e-01
8.889678328320435696e+00,1.570017118555585567e-01,3.282861475418769714e+00,-1.965129919825042426e-01
4.267384245429767908e+00,1.985606231163139945e+00,4.224171535554478218e+00,-7.483407041817783600e+00
2.359956002231855976e+00,7.824638767815670359e-01,3.196255669966767687e+00,-1.008893892131426523e-01
4.230724398203294934e-01,5.015887642620868725e+00,5.800316090226629306e+00,-9.853307398533638350e-01
5.758677973167589670e+00,2.004925498433557385e-01,1.190004918638132958e+00,1.071870954246852525e+00
1.196488246651963072e+00,3.210026380025400305e-01,6.071985211328242649e+00,-8.051516415752914269e-02
2.846870574750493432e+00,7.522468858540705128e-01,6.046128552476096374e+00,-5.029273047128153262e-01
8.316805391358321753e-01,6.767964133587259568e+00,2.474780537649132750e+00,3.481313461467269832e+00
2.906047219945385174e-01,6.964915834889263024e+00,5.744110542063804559e+00,-1.039023806323354560e+00
5.760061502672478184e+00,3.335891988436427091e+00,1.672215853229198634e+00,1.911620600998894304e+01
1.241677199679438681e+00,2.890506010125686309e+00,2.411078640613670387e+00,2.394819812379592072e+00
1.605519122324729819e+00,6.339485832927629350e-01,2.905029597013757403e+00,2.385383372590343942e-01
1.485946982990473397e-01,2.334445295728646563e-01,6.100758113773336877e-01,1.987413676051833639e-02
8.273796178886074770e+00,3.411778805850340213e+00,4.655613396422672245e+00,-2.818287807065606643e+01
2.122079746489634378e+00,1.462907613865473688e-01,4.665104456648234255e+00,-3.100936808129634570e-01
4.699353124913939195e-01,2.546623297341944703e+00,5.572157724274810597e+00,-7.810130915401520824e-01
8.274453037425714141e-01,1.948661315605827726e-01,3.781078213182843317e+00,-9.622588351300614962e-02
2.410757133256909435e-01,7.154859791178179718e-01,4.245903035439080320e+00,-1.540568650349123936e-01
1.760052067921961783e+00,1.190466435410628909e+00,5.579405735135442690e+00,-1.355865649582445487e+00
8.874555740482943378e-01,9.717983984975948175e+00,5.851878989672125719e+00,-3.605447510579190329e+00
3.157091649211418716e-01,1.855502871376775165e+00,6.821327349164230114e-01,3.693171149879473369e-01
5.938700847538543215e+00,3.049798003558639614e+00,2.026061234248484499e+00,1.626704911998529113e+01
1.114101936094789858e-01,3.644268876150069114e-01,2.740051423720053059e+00,1.586834037555317004e-02
1.622204155243421875e-01,7.685843378904463563e+00,4.042234868299178885e+00,-9.771500746188804820e-01
1.675605883335835322e-01,2.881160633461289922e-01,1.495237004598840569e+00,4.813915113634712611e-02
1.480873964869330095e+00,5.627856712866380562e+00,2.379346682520123935e+00,5.755125409864988661e+00
4.506706864607726182e+00,7.980792892496743063e-01,3.038375031284156202e-01,1.076078370536399209e+00
1.974394770931128251e-01,2.106219703481585714e+00,1.514522416002004546e+00,4.151926420654861727e-01
9.721049189775872179e+00,1.753706034030146022e+00,2.280292047302917791e+00,1.293405117657602510e+01
5.038565261212818669e+00,5.734044490981059505e-01,1.287115592561501654e+00,2.773662006104513633e+00
2.796302049291479741e-01,7.505292667427081454e+00,5.046738301765610224e+00,-1.982488622787353716e+00
1.693855670895525467e-01,9.266746364340402442e-01,5.526968454538399911e+00,-1.077055703434016548e-01
4.144769591749778437e-01,8.849489315482845342e+00,1.668607335081980780e+00,3.650377972850445740e+00
2.623786683141848819e-01,1.328023760351180194e+00,5.654921605043598198e+00,-2.047954380057954438e-01
1.912610626900580035e+00,2.150546489585790866e+00,5.472319239344496822e+00,-2.981562700680061795e+00
1.148292537302867178e+00,2.851481415228542815e-01,3.793712720699711660e+00,-1.987104731264502377e-01
1.428585844658366577e-01,1.916236953617476590e+00,4.461144078606188446e-01,1.181135179278732517e-01
1.315951652673150951e+00,4.430945395739176895e+00,2.121301737670646670e+00,4.969452692816995309e+00
3.161133559476997590e+00,4.350074011194353218e+00,2.437155994721068808e+00,8.905318767273410430e+00
1.140479427166803061e+00,1.508906276484521358e+00,5.729575433019033603e+00,-9.047703397680081361e-01
4.565892916690130199e-01,4.940566919363966192e-01,5.181777590886531559e-01,1.117298017160570783e-01
1.907852275915233431e+00,8.361884622013443513e-01,6.077315500232440826e+00,-3.261140336164992104e-01
4.687746720440707504e-01,8.890451693775618836e+00,1.618016861470674250e+00,4.162973006412928889e+00
6.628460434906023879e-01,7.861643424600017749e-01,4.886686256544661155e+00,-5.132104634488943162e-01
4.355360454835145445e-01,2.772255003650363481e+00,4.170574226448801602e-01,4.890906385105535659e-01
6.015517807499329628e+00,9.841640281571613968e+00,3.997676870688634310e+00,-4.471462709516042366e+01
1.047667959722754366e-01,8.436999877289073524e+00,2.394639965540943383e+00,6.005387397735119093e-01
1.012787245915488382e-01,4.761439085734925913e-01,1.628368134304657877e+00,4.814335156278519434e-02
3.846764705943780949e-01,4.747621081549109334e+00,2.745035580936873387e+00,7.053983251368602936e-01
1.052037439942812735e+00,6.515740266319168805e-01,5.559099455731317363e+00,-4.540970402305415377e-01
2.779969846988955773e+00,4.670012026303997033e+00,3.093019029624161309e+00,6.303587685657170425e-01
6.155760165903871872e-01,3.665437250591340179e-01,6.066430275524389515e+00,-4.852556510869093787e-02
5.035515310357612684e+00,6.628467593533247992e+00,8.818582653696287466e-01,2.576500433445982452e+01
9.045455831607117858e+00,1.022716994400444529e-01,2.317035817578609436e+00,6.792475953477485895e-01
2.627242514666970674e+00,7.292758932906223457e+00,2.247914465986022847e+00,1.493283132058535045e+01
4.106639892386305113e-01,1.074764494271969323e-01,3.825098861089554880e+00,-2.787301421176379551e-02
1.975823936519843504e-01,1.079402437874970727e-01,9.592978331122459235e-01,1.746238085900846115e-02
8.798978896108955450e-01,2.395914799065200995e+00,1.809963907766598101e+00,2.048152658057706077e+00
1.931792851916902753e+00,1.012027806652189971e-01,4.321641499775052075e+00,-1.807667094325380308e-01
6.572025189411402346e-01,5.913644589866527967e-01,5.488797197603684230e-01,2.027691012901230438e-01
3.276127872562691890e-01,6.010042419744308084e-01,7.397247337133568135e-02,1.455165462996294186e-02
2.644450665678713452e+00,2.173867160870968929e-01,3.435870844683451608e+00,-1.667401019224852010e-01
1.878935223024843781e-01,7.951231717865554494e-01,6.059758394669183978e+00,-3.310262013589459346e-02
1.064264789569286107e-01,3.809535314750252533e-01,1.446114534374315808e+00,4.022881521173123087e-02
5.643704614124473995e-01,8.402419290668400320e-01,2.026717880773035163e-01,9.545192093704671366e-02
1.110127268732467865e-01,1.701128701012815991e+00,9.015846047646716710e-02,1.700309206440461102e-02
4.083061857421657614e-01,1.249374894802435687e+00,1.290224553543320329e+00,4.901801192564378962e-01
3.738796708769406285e-01,3.287560389418676676e-01,7.375984663625406723e-01,8.266200964941733398e-02
1.089615170556046175e+00,1.943418942410828076e-01,5.618122091364205595e+00,-1.306776652193922805e-01
3.210832585648401016e-01,9.438861642208890013e-01,5.216633061382489056e-02,1.580267387055712611e-02
1.376740986808431266e-01,1.162841559130864261e-01,5.685920281922182795e+00,-9.003368839001716500e-03
1.176934573887201907e+00,1.175281168582132940e+00,3.448420846492209701e+00,-4.177856426228825359e-01
7.915949020058542729e+00,1.696028130710821313e-01,5.350817463262670159e+00,-1.078126146293288734e+00
4.820169879181622541e+00,2.684214827873487863e-01,3.441828368705989849e+00,-3.826463658540191770e-01
1.661942274478055204e+00,1.519633680782585539e-01,4.862487392898308336e+00,-2.497147170973668118e-01
1.652068235633912807e-01,6.566857795003026688e+00,2.299284607749591258e-01,2.472549020201406100e-01
2.090822092366624030e-01,1.222590288313292195e-01,9.626822601809227331e-01,2.097957645269923205e-02
8.438589237671504373e-01,4.158404466881705508e-01,3.702935485846515107e+00,-1.867979760001762246e-01
5.698818857174127173e-01,9.922795718175621005e+00,4.816931389440341604e+00,-5.623948570427939053e+00
1.167096303763415222e+00,8.327612296716295770e-01,5.706665059668424078e+00,-5.297991951972421676e-01
1.188233407918381085e-01,3.223721243374332524e+00,1.499429952080563400e+00,3.820782660337049275e-01
5.106104550445447643e+00,3.650826456021197264e-01,1.784329690455400241e+00,1.821812039005195283e+00
3.405023197928046752e+00,3.966670687191769407e+00,3.531698701188697775e+00,-5.136379776218379156e+00
5.812208325181333901e-01,2.886984657970915080e+00,3.871945666836099864e+00,-1.119432326057861582e+00
4.207618313011924904e+00,1.003160536647795142e+00,4.498273720734212056e+00,-4.124531037803147449e+00
2.862777677607042381e-01,3.453047204595069974e+00,6.193890593079695250e+00,-8.815330324857804933e-02
4.102087159379109060e+00,1.560143491928410953e+00,5.878959985259047727e+00,-2.517101330143328042e+00
5.569100520506641283e-01,2.541576234530990019e-01,2.250132496131162618e+00,1.101189825042007270e-01
4.347000545668156524e-01,1.774587492729150506e+00,2.609461372473371732e+00,3.913927859312230084e-01
8.464234306638646288e+00,1.512842967053136534e-01,3.172588153914387643e+00,-3.968356104998778389e-02
7.928970687385363370e+00,3.291947596275104360e-01,1.938124751652597677e+00,2.436051046565498091e+00
2.222070045545317951e-01,1.454777005346526986e-01,3.391723635418648630e+00,-8.001723419574495455e-03
1.165181869824438721e+00,1.580412355317872830e-01,1.110439732070569452e+00,1.649760215296054988e-01
7.727824560104991081e-01,1.558362918514576700e-01,6.996036901418920539e-01,7.754504982750254349e-02
2.179365001498605903e+00,1.453576297269236317e+00,3.227773880158474551e+00,-2.726733812404640855e-01
1.659064026809204506e+00,1.849311842363696945e+00,1.229380291800479696e+00,2.891039050802795440e+00
1.205903659675319428e+00,1.052145578483001803e-01,7.501529992470041819e-01,8.649958823186122692e-02
1.564652650513854049e+00,4.602727531816503515e+00,2.453864674952813907e+00,4.571499405882391009e+00
1.688913590105567408e+00,5.016659139593410144e-01,3.389139278987803650e+00,-2.076033669229460643e-01
1.675990623043045691e+00,3.052787998802569125e-01,2.468387886510385432e+00,3.190076059698698785e-01
1.553843958420583760e-01,4.222328942935927309e-01,1.331216167463725064e+00,6.373447540261073518e-02
1.188740834644730071e-01,2.460152901008420268e-01,4.840914980771800380e+00,-2.900362766330229561e-02
3.502135395923007266e-01,2.733384389233928680e+00,4.277051931488866643e+00,-8.679818572241976282e-01
3.101208685563976886e+00,1.001860302623253096e+00,5.891326384561394569e+00,-1.186576882893657592e+00
8.983475767069734053e-01,7.436718596141198567e-01,1.098151031071747941e+00,5.948327589134052573e-01
2.308430235559108257e-01,3.826677418619565341e+00,5.937374802007164831e+00,-2.994237035880054631e-01
6.224055614071431819e+00,2.183565003685573325e-01,6.225639770688361274e+00,-7.816485256351438093e-02
2.276326087119293629e-01,2.142143457897538461e+00,4.214550201004024998e+00,-4.284325505254258371e-01
1.451178185980175117e+00,2.646478878498513820e-01,6.004406060973859205e+00,-1.056840774885450807e-01
6.850720989432478980e+00,8.025636717461910763e+00,8.388978728331073498e-01,4.090104891963201084e+01
4.908149564619214145e-01,6.441262805859578222e+00,5.393318683007061409e+00,-2.456422137687511498e+00
3.520449097378322012e-01,9.986562803427099233e-01,4.789472196471638021e+00,-3.505278884085371582e-01
3.284142911612419446e+00,1.923446288645458857e+00,5.663783446126522847e+00,-3.667249235802910512e+00
1.384581858197846183e+00,6.556445276748620543e+00,1.569248814399196501e+00,9.077924314560117836e+00
9.437718686606534346e-01,1.159884058688005481e+00,2.475075121427203761e+00,6.767800595865381963e-01
6.059360374970268470e-01,2.521989484530646752e-01,2.703467043001241521e+00,6.483128008448756086e-02
1.773948365314391706e+00,6.322653441146180775e+00,1.884338933263226323e+00,1.066924293313611471e+01
4.656954994929290437e-01,1.771224863631876700e-01,4.165332514870645042e+00,-7.044721113119790934e-02
7.109732023669467438e+00,9.106968980525572022e+00,3.648327329389054352e+00,-3.142386665252859146e+01
4.766987308161610981e-01,1.178878150262040736e-01,2.289058186201611722e+00,4.231354904109263515e-02
2.600941483985407032e+00,4.791433676362949257e+00,3.438181615555230053e+00,-3.642211423800571168e+00
4.714768248237767523e+00,1.574983616613425397e-01,2.987662049987913182e+00,1.138531187825587154e-01
1.792024833065916978e+00,2.286912985046394287e-01,2.701538486825986851e+00,1.745788026001126592e-01
1.345533258764296303e+00,3.135595872052514554e-01,3.280417371764364987e+00,-5.838287111145438329e-02
7.009225547230899522e-01,6.381854614175921370e+00,2.542595733775898648e-01,1.125135316527331675e+00
1.715507675317216318e-01,4.605661523842236038e-01,1.225768063943529773e+00,7.435406510394342028e-02
1.205548581272548825e+00,2.330142414019039876e+00,1.855729599398221907e+00,2.695838129902139890e+00
5.150171359945121985e+00,7.724244959737309735e-01,1.483388447764013574e+00,3.962931503951971912e+00
1.175706474410283947e-01,1.124455308628999672e+00,4.006568477727640243e+00,-1.006169572866527084e-01
5.673483552112019712e-01,2.968316963958099741e-01,5.806437376026608810e+00,-7.728064210742470463e-02
2.576394488857277620e-01,9.516546026823865523e-01,6.082758269857697186e+00,-4.881310607745801416e-02
3.203650554056647892e-01,3.548064784101129243e-01,6.281003749363363475e+00,-2.479722382441878364e-04
6.753745388972650865e+00,2.470361691830891271e+00,2.208041873756716456e+00,1.340971494983841517e+01
5.619920828229660437e+00,6.737046100320621456e+00,3.560032959707494449e+00,-1.538455091948269704e+01
2.097352555800087170e+00,5.872426324896524719e-01,4.986585314737440378e+00,-1.185644053897952244e+00
3.802167861679796701e+00,4.296200117851417533e-01,5.332554652766997805e+00,-1.329302945188329366e+00
1.265074713608107526e-01,3.400786033237070405e-01,4.040032421436297483e+00,-3.365890295909223368e-02
1.028319827586610336e+00,2.348654181142914577e-01,2.485078350226125998e+00,1.474120429346990058e-01
1.963566105536031392e+00,2.740630748377457682e+00,2.342788073836060025e+00,3.855902283108358031e+00
2.810452163538047499e-01,6.596802304306553788e-01,5.881560444913436214e+00,-7.247552384367855760e-02
2.292436224523876298e+00,4.546894799674481291e+00,3.993891483245449181e-01,4.053223657275251135e+00
7.707994642268450214e+00,1.682029168255116947e+00,4.496583913293975776e+00,-1.266433814219932152e+01
6.152195709221019992e-01,2.756311349150431522e-01,3.878651743216493530e-01,6.413497110465199436e-02
2.320277085465069222e-01,8.412045301911311057e+00,2.837977713679870728e+00,5.835413163357022759e-01
6.866821592783082906e+00,2.496400108714543098e+00,1.643009571366624400e+00,1.709765707418272385e+01
6.650859007628527886e-01,1.872782027887052614e+00,4.795237493165196874e+00,-1.241288678564808512e+00
1.368969248329004462e-01,1.037170294541061466e+00,3.863380172149676550e+00,-9.381367193795632498e-02
5.686028646980757273e+00,1.264743213890063556e-01,4.500503004808259711e+00,-7.030538614700811983e-01
4.465357476756168231e-01,1.374850371630716162e-01,4.321776449799376252e+00,-5.676769464401407866e-02
5.007522287852067544e-01,3.094313410515013851e-01,3.974113856448743487e+00,-1.146045909978902905e-01
1.412007384573897850e+00,3.929812096645068364e-01,5.500460579607477918e+00,-3.913177856699916468e-01
6.099106741105224216e+00,2.596030302864717143e+00,2.441400821006701083e+00,1.020252172072971142e+01
3.245857851240538383e-01,8.372750478492532622e+00,1.969657012477237013e+00,2.504349288482570657e+00
1.392137512377406572e-01,4.867107405970368950e-01,3.845905349638069737e+00,-4.387323843968899545e-02
4.762922929749809242e+00,1.263981729672415677e-01,6.136842698981893385e+00,-8.778774231306848974e-02
4.329668153143043652e-01,1.323473612587181547e+00,2.824840424750405532e+00,1.784854683323723601e-01
1.464076847959649541e+00,7.990489682126542981e+00,5.149775618825284340e+00,-1.059739614205389202e+01
1.319980692545966505e+00,6.007444327964333031e-01,5.988176026805269281e+00,-2.305553261027513678e-01
3.496688249023292006e-01,7.590084871940898203e+00,3.185412068306182842e+00,-1.162602159732606666e-01
4.165240854845753127e-01,5.443090223458439958e+00,4.706307012296272241e+00,-2.267136245824230567e+00
6.849013862107288908e+00,2.985056661432551550e+00,2.959548874261151319e+00,3.701306615375565379e+00
1.287636821107472906e+00,2.738301939397989049e-01,3.796562294856011821e+00,-2.147773079259213957e-01
5.874253748464507652e+00,2.161826262785183417e+00,2.036139472683841323e+00,1.134878903208631939e+01
2.234105844898997884e+00,5.217106338224154483e-01,5.341794915274656219e+00,-9.422097052130553596e-01
8.378573215522839845e+00,6.111240223536188232e+00,2.114759962191552489e+00,4.381297428090086044e+01
9.581970652356975870e-01,1.615277965434890606e-01,4.776915533328938146e+00,-1.544533549491496349e-01
1.374896622503863353e-01,1.505800402998057341e-01,4.756021260226585667e+00,-2.068349488380208726e-02
4.581518837876613071e-01,1.777774924665012968e+00,4.600854438891057718e+00,-8.094300655277395506e-01
1.263142605222941639e-01,5.686930523045126140e-01,4.560996622466607420e+00,-7.101240805115849319e-02
2.045269909722770674e+00,1.380889719863578891e-01,1.148259084038611544e+00,2.575899691040108852e-01
2.605553796883374407e+00,2.927335177566415259e-01,1.303467509302509653e+00,7.356406134796897867e-01
6.296604595392764736e+00,5.523302935376337430e-01,3.534602498125263281e+00,-1.331896971727410062e+00
2.509210015675243377e-01,4.513158942815633345e+00,7.707165057985639056e-03,8.727864625488334846e-03
2.557316979365967580e+00,6.207671864523423011e+00,1.857675919809705922e+00,1.522619779063725076e+01
3.120007505031759942e-01,4.122347317380631537e+00,2.854431454540523605e-01,3.621647492929906398e-01
8.201825031570653124e-01,3.596503463015821578e-01,5.603003668399148679e-02,1.651903340165171083e-02
1.093670983115360151e+00,2.919557384979689196e+00,4.980156363836385047e+00,-3.079248202515182609e+00
1.685833708302325817e+00,1.536221076131909780e-01,5.039657747783573782e+00,-2.452355957710974643e-01
1.310465850349054717e+00,5.183135410751541494e-01,1.489227127821154684e-01,1.007796203861931333e-01
1.954885324394558255e-01,2.734638775314628401e-01,5.137921786851384454e+00,-4.869151590369370786e-02
1.395942355057455675e+00,1.712161904091462905e-01,4.950161793461556492e+00,-2.322834375620396463e-01
4.930742765456820109e+00,2.260612906979437287e-01,3.196841935535220003e+00,-6.155229047965792011e-02
8.428103722176335522e-01,4.383097587803493900e-01,4.260661507960436190e+00,-3.323579057999518915e-01
4.005386863121959129e-01,7.556536544971607761e+00,3.753617132406690260e+00,-1.738908278881931446e+00
4.197194804925798550e+00,2.913294751412148553e+00,3.752327857984357529e+00,-7.012198338234483685e+00
1.727154635145490558e-01,1.171108402578629748e-01,1.557059841598555261e+00,2.022494477489817158e-02
3.607234993913699950e-01,9.716844567055668236e+00,3.715842403468423982e-01,1.272671682854543906e+00
3.069202994672672880e+00,3.195603402270401627e-01,5.028740402318081948e+00,-9.321253569892795632e-01
1.775317153101683587e+00,5.676396587499741297e-01,3.810949058847839854e+00,-6.252841833935426363e-01
2.756459606714385946e-01,4.574140400142549523e-01,2.146084263276655690e+00,1.057892533607706076e-01
4.882749410240896926e-01,4.125062939665236961e+00,3.959017585081307633e+00,-1.469104944708372606e+00
2.396280611554307161e+00,4.607129366710017493e+00,2.356923806971991386e-01,2.578013838917651235e+00
1.051777748113812555e-01,8.679619290420871991e+00,4.281262467771019264e-01,3.790071210651292377e-01
6.845217037413124928e-01,6.418027010870634985e-01,4.139031633420018785e+00,-3.690725418153006365e-01
5.679075925269158054e-01,1.274958245048236627e-01,3.483994356922493624e-02,2.522105311636545309e-03
7.082959869254915830e+00,5.753165783402489630e-01,6.837519522807062877e-01,2.574166752831119176e+00
1.153107661599244299e-01,1.545127775380011004e+00,3.696176489262818610e+00,-9.382239152904561785e-02
7.461800992408814670e-01,6.965913286780267555e-01,2.274720692129503341e+00,3.962345066349937661e-01
2.767305109667823060e-01,7.382055397403294528e+00,2.930235056393757365e-01,5.900705834824855334e-01
3.134836889162231799e+00,4.353823237686438863e-01,1.648383361394688773e+00,1.360746595582925211e+00
3.711155185731145889e-01,9.624993625284691268e-01,2.772624591986942111e+00,1.288247409021779366e-01
1.499880429480213939e+00,3.713871859809048548e+00,1.961668912780432650e-01,1.085726158766424421e+00
5.070548705246841203e-01,1.288537409508014875e-01,6.123516320022424075e+00,-1.038784975190626056e-02
7.133449350725272753e-01,2.052219784264762925e+00,1.654178943582515604e+00,1.458854395507398261e+00
2.239475641505166426e+00,7.220005406138094273e+00,5.543323830182468548e+00,-1.090092482224080506e+01
1.233271106079432355e+00,6.689551705000396087e-01,3.751160705492010639e+00,-4.723252881267562264e-01
6.144556053050799216e-01,2.510257695154170521e-01,3.343112245662881676e+00,-3.087327085712274558e-02
1.759971793368235504e+00,2.561837825793515933e-01,3.430325918097506754e+00,-1.283816659872913102e-01
3.785346857056005043e-01,2.216908237344861199e+00,8.346637284580730176e-01,6.218892972779751505e-01
1.098980320807521283e+00,2.172525699448801362e+00,3.489148533989180123e+00,-8.132059750234548190e-01
2.114987448696213079e-01,5.725058847226415892e+00,1.028423435385881657e+00,1.037070210290847783e+00
1.079152905150863262e+00,1.620914301986524420e+00,2.457893191446489656e+00,1.104918051882482377e+00
2.039707281828180840e-01,1.862575584080855995e+00,2.726177524495582843e-02,1.035576266669632761e-02
2.394013443821982889e+00,9.928998404359695940e+00,1.083998084850083643e+00,2.100889942361330043e+01
1.513744358384664812e+00,4.772906500391203011e+00,4.443295992388643256e+00,-6.964951513218626822e+00
2.300694053033155717e-01,5.231259675385855346e+00,5.114911238193633913e+00,-1.107359869943771002e+00
6.441076546042275197e+00,1.297975124367959920e-01,7.211894402606715548e-01,5.520163508435798061e-01
1.645491494789991516e-01,2.432719024568107125e-01,4.249677670327852042e+00,-3.582083157141538465e-02
3.884511657363848514e+00,1.082047323070938344e-01,3.215961725100478841e+00,-3.123019097255611345e-02
2.737367319071262184e+00,9.450216999745331137e+00,2.892508712141498961e+00,6.377059305164968883e+00
6.971260286350375868e-01,6.056584148530933298e+00,4.004848829802416077e+00,-3.208717614107697180e+00
1.274799809494840952e-01,5.152507436589152334e+00,4.953552796296996519e+00,-6.378329987687897384e-01
4.903566955399567995e+00,8.852977683409386955e+00,2.612412671260484487e+00,2.191507170493495948e+01
1.660197660044479662e+00,1.270192420396190514e+00,3.085721871296640106e+00,1.177573701659815619e-01
1.176333945692781713e+00,1.125561639172590223e+00,1.641756339253982733e-01,2.163993189282246432e-01
1.179945289766832772e-01,1.532232656910775814e-01,1.961077131061392143e+00,1.671996907995019696e-02
1.262252498915964249e+00,5.971925288361046302e-01,4.156869278741512908e+00,-6.404550294301916136e-01
1.647988060977995550e+00,4.909624268900978361e-01,6.746713716022284535e-01,5.053969430797330409e-01
2.598354266716107475e+00,1.244657523803117005e+00,9.167393991212857696e-01,2.566622290783770133e+00
2.974908079845964282e-01,7.518090044431411378e-01,1.116863758639975002e+00,2.010065112170365265e-01
2.543266288996154367e-01,1.082084326425924337e+00,1.001120921235177708e+00,2.317417480526339502e-01
2.448954837838225984e+00,3.169138174845073097e-01,8.557007282977826534e-01,5.859849771975196298e-01
1.701538634791096793e+00,1.272687488534341771e+00,5.259473080599700090e+00,-1.849457446695183860e+00
1.809125354761429438e+00,9.303034343085478497e+00,5.225183733423430787e+00,-1.466558058132059195e+01
1.124656503502083016e+00,5.772240781277300670e+00,1.011748610488119260e+00,5.503481987928257269e+00
2.801789819551481764e-01,7.509865513155891570e+00,2.107251428965482010e+00,1.808533901430995350e+00
1.050934720072294465e-01,1.541982676872066804e+00,2.609280147737846445e+00,8.224596234403661055e-02
4.434741773486535199e-01,4.563283692627158494e+00,2.125832681926954848e+00,1.719903461164965508e+00
1.023005500954362046e-01,1.021424279843272442e+00,4.981417294466988221e-01,4.992576986351408147e-02
2.140537260387020135e-01,1.428990542349483639e-01,6.728449106334569718e-01,1.906289741795520742e-02
1.677206233392913581e-01,1.489151669355295526e+00,3.894787902141819913e+00,-1.708301366674508937e-01
7.676820672363333653e-01,2.541849149559377574e-01,4.776896819717122433e+00,-1.947273416212965402e-01
3.242997062671003849e+00,7.309013004406764713e-01,1.256651471370624051e+00,2.254310058421146401e+00
1.196626482491416066e-01,8.038223695581613315e-01,8.797274735995438411e-01,7.411875148920314682e-02
5.917127820351689715e-01,6.280202913762189532e+00,4.519101260382452773e-02,1.678760988023383083e-01
1.419183826247484570e-01,6.192832388565841839e+00,3.480581435055626560e+00,-2.922560436992314714e-01
3.228844582881346348e+00,1.234534675932446923e+00,2.139166613940894912e+00,3.359419937719552607e+00
5.718594190645798214e+00,5.913469082486738637e-01,4.877729514178334114e+00,-3.335554971114449430e+00
1.995454419091101883e+00,8.094436605794451012e+00,2.661543855881383092e+00,7.459392966894877297e+00
3.276336671481852925e+00,1.658319017720893296e+00,3.094743779090106006e+00,2.544467383349764966e-01
6.386887369210815235e-01,1.022225271368402827e-01,2.437373891232261336e+00,4.227021733797192704e-02
1.202469189962491969e+00,7.640727854499009819e-01,2.831174061016128896e+00,2.806461738476281331e-01
5.415289029163925960e+00,2.293165705421314371e+00,4.431856974846464681e+00,-1.193270803982521855e+01
4.751730543404766305e-01,1.512503297138400926e+00,4.439030266021060989e+00,-6.920151536059390152e-01
9.668495243723068677e-01,3.110224956715271105e+00,2.669333628115952095e+00,1.367936274691518683e+00
7.662600572159622425e-01,6.905341369244333727e+00,3.237196631029109373e+00,-5.050978452304764055e-01
1.381998858417118559e+00,2.139630126952464795e-01,2.997872484427742901e+00,4.235142070335921882e-02
8.931004105222410949e-01,2.261639270219148568e+00,3.212949819272207463e+00,-1.440099814065600725e-01
1.100943175543787483e-01,3.525418444576952082e-01,5.632350189350288971e+00,-2.351480698645438960e-02
1.963760338187290566e+00,1.114211913602117132e+00,2.318941698772373217e-01,5.028596095021361512e-01
7.296664642781189869e-01,7.047499823249520068e-01,1.245438123462744295e+00,4.872538858868372125e-01
7.467452519547551626e-01,1.648809080687845041e+00,4.422459722082109579e+00,-1.179853430451523577e+00
3.896891686730351800e+00,2.656543841722942001e-01,3.228045243965605771e+00,-8.938655678060782039e-02
3.485581202192752914e-01,1.816079691832837295e-01,4.944652836433122367e+00,-6.160116256013251079e-02
3.251270558790158027e-01,1.693665530198126823e-01,3.145328593095805036e+00,-2.057214540292009184e-04
1.334333239402770432e-01,6.050702835485889608e+00,3.444487905847292364e+00,-2.408249085652796884e-01
5.524700834830699847e+00,4.826787557452529853e+00,1.790729721126127272e+00,2.602421275043926130e+01
3.915553852350106556e-01,1.728943178925487434e+00,1.445279061557344980e+00,6.716512645020574768e-01
3.085184363708145749e+00,5.935275073942920532e-01,5.205268417537562087e+00,-1.613188422205193762e+00
6.319250893501894062e+00,6.877959943190143921e-01,1.933584715393511066e+00,4.063455126774414339e+00
3.693921290951106329e+00,7.025222283285402547e+00,5.162028169745727091e+00,-2.337123010563609427e+01
9.587089051815571139e+00,1.338896973582274219e-01,5.328878356035002817e+00,-1.047316385823080065e+00
1.234380488678332277e+00,2.407052098942135565e+00,2.569866313032811433e+00,1.607680535716316639e+00
5.216964967846453582e-01,1.741235818385600265e+00,1.323539382598078351e+00,8.807699400958863833e-01
4.740045940082479703e+00,3.123293666420041692e-01,5.086283245981039869e+00,-1.378173912184209815e+00
2.513314791983958685e+00,2.847841368221529557e+00,4.191849197555944428e+00,-6.209514123333802260e+00
7.542054960396463059e+00,1.263647838669497425e-01,2.438410789091289832e+00,6.162880142053865917e-01
7.566663234313880659e-01,1.069901939456228135e-01,5.746845175430347119e+00,-4.136792309995474676e-02
8.346505144939536658e-01,2.162242474568536910e+00,5.374215364475795065e-01,9.238755198739856400e-01
1.491550488322959556e+00,1.286878334358486087e-01,5.802279761204225395e-01,1.052267259905538960e-01
6.552798998747019432e+00,5.632932053064898525e+00,3.437944456057630660e+00,-1.077936745091385262e+01
8.632494003639517022e-01,8.419792381951754834e+00,3.104838779635309631e+00,2.670810085975520720e-01
3.152997629916718836e+00,7.257373091693241074e-01,5.853850789472800464e+00,-9.525194127359815077e-01
8.899838302766521769e-01,2.587840037435172880e-01,2.781444025988188073e+00,8.116557515352150476e-02
1.183670418664724222e+00,1.588592166898273650e+00,3.680619883332095554e+00,-9.651963158988675628e-01
4.129216535949679745e+00,4.925746128697865878e+00,2.658584547097935236e+00,9.446571479719697351e+00
2.254893475169589545e-01,1.184772400169823020e-01,4.735986639404029752e+00,-2.670791767585814144e-02
3.131618662357639193e-01,7.683075149718285868e-01,2.676040227005447747e+00,1.080113826657892323e-01
8.830321066008954833e-01,2.638068223140236923e-01,6.266558981132762440e+00,-3.872922450150415637e-03
4.148278363468165253e+00,3.822821245631488729e+00,9.141672832458251907e-01,1.256050104805158263e+01
9.306739096708994685e-01,7.724854911082651432e-01,4.105751557374548888e+00,-5.906528170403364530e-01
6.339062258706218422e+00,4.883582573046244768e+00,1.429147874918028416e+00,3.064728453742329606e+01
1.311095186521395173e-01,3.416600441340393313e-01,4.668239970943828254e+00,-4.475123538069782081e-02
3.503646054627609807e+00,1.444554131963658450e-01,1.320377618114023877e+00,4.903341014255546693e-01
9.732677830980485112e+00,1.023574588616295578e-01,9.597349892265960580e-01,8.159371685524540174e-01
2.700050019169604187e+00,6.174434714748322506e-01,6.253834890761926779e+00,-4.892388363666844153e-02
8.507592798832902758e+00,2.254491654722162175e-01,1.687963755644820152e+00,1.904879197641012878e+00
7.628476026213870220e+00,2.083479713873816752e-01,3.910226263806874325e+00,-1.104861563034671645e+00
2.983831036101247114e-01,1.893237922135095896e+00,6.221098657874201798e+00,-3.505085306023580927e-02
7.450876110850415124e-01,5.085278277097662780e+00,1.298222843174281937e+00,3.649093618611746415e+00
4.071413552978680461e-01,8.093215951542678255e-01,2.762919400395595915e+00,1.218152744664597331e-01
3.899880646541046048e+00,2.385544074640822299e+00,2.510021704099720363e+00,5.492814936732210107e+00
2.337372117794728754e-01,3.786845894094822640e+00,5.003337959661132039e+00,-8.479267635386973367e-01
5.933002389577087143e+00,6.954554956466708404e+00,6.901436429400944483e-01,2.626898050604181378e+01
2.588492012931941089e-01,3.234895390390160608e-01,1.898332978298981066e+00,7.928346342425367232e-02
9.525484800788262874e+00,5.876151579926739643e+00,8.382854598837495841e-01,4.161593625086508297e+01
2.616336335949959735e-01,1.196252089064191004e+00,9.839324886271548776e-01,2.606124508029188380e-01
3.530816991270165905e-01,4.833804361746699141e-01,6.138485091273667704e-01,9.831053402267862784e-02
7.365406245421953990e+00,1.161262182186649117e+00,9.833755580729003354e-01,7.119425004520023137e+00
5.489854606386313840e+00,4.031489209247749450e-01,5.079152637741692011e+00,-2.066033238500404767e+00
1.115352967235683640e-01,2.204786666930533545e-01,4.504406454708458796e+00,-2.406120152616805785e-02
3.235360122101745173e+00,1.605663579431907684e-01,3.644018055661423894e+00,-2.501617648592283083e-01
1.679934099527101488e+00,5.885492766540811438e+00,5.083057654301827988e+00,-9.215751393169297145e+00
2.646121712126622283e-01,2.135950398637147529e+00,4.716468712589733769e+00,-5.651937689500415862e-01
8.337797521907147624e-01,5.359372617203922440e-01,3.646906704503638519e+00,-2.163139212111621912e-01
3.192391685649786037e+00,4.895860618819769527e-01,2.324523112192192098e+00,1.139615135016774472e+00
2.365321121906399648e-01,1.279589901497547588e+00,3.779108960590984001e+00,-1.801461099816064060e-01
2.873997106206580110e+00,2.283290099278444951e-01,3.963508916849735275e+00,-4.806472609825916398e-01
1.124982686045017388e-01,1.908067379757128590e+00,3.308929079253306593e+00,-3.575208084904709510e-02
3.572918758880324397e+00,1.782024653758071286e+00,3.693881470085240259e+00,-3.340379988068876038e+00
4.150843494174202952e+00,6.361974824574351040e+00,6.248254316110106288e+00,-9.222547271793150037e-01
1.584780722741711223e+00,6.272466580988333540e+00,5.742622209979113101e+00,-5.115560839846311048e+00
6.740131851179809175e-01,9.665987106804659890e-01,5.370398135614411927e+00,-5.154743707299059841e-01
4.422860433839682082e-01,1.008753412276843092e-01,5.446745647344981567e-01,2.311719751717807025e-02
1.514708946863527472e-01,6.718714783791161160e+00,2.523794730446282664e-03,2.568437275006895965e-03
2.039386143986552935e-01,3.560067230702601004e-01,3.442972388051211308e+00,-2.155148560963215595e-02
2.545819493882792162e-01,2.304109803908628851e-01,1.130531185445738052e+00,5.306472780767305247e-02
1.152859581131670391e-01,6.015697490753397325e+00,5.900721310178115298e-01,3.858920947400593660e-01
6.072120515526091555e-01,9.429510045945558305e-01,6.182013631722433900e+00,-5.782921727445991533e-02
7.432067057487264927e-01,1.299337270478447159e+00,2.465879884853524828e+00,6.039856592074029917e-01
8.505065589851422914e+00,1.535383203193065205e+00,3.213230412971318728e+00,-9.346842367592693712e-01
5.220444814910675246e-01,2.473690328950262973e+00,5.303102954665284585e+00,-1.072543926827782546e+00
3.715818961800317233e+00,1.770696164162607333e-01,5.779518828841928579e-01,3.594491304070259741e-01
1.105124989713371780e-01,1.072138043428951387e-01,2.529452255753679157e+00,6.808371366056924917e-03
2.313543784104052037e+00,1.268817624723419524e+00,2.423384786891766396e+00,1.931642546766475510e+00
3.700381831419962353e+00,2.024860595804803154e+00,6.117446530759703904e+00,-1.236162817193199093e+00
1.517565328199372010e-01,1.378063494122258925e+00,1.328804703147797195e+00,2.030366366212209006e-01
1.068839110262479242e+00,1.136846010294602527e+00,5.831783630694953757e+00,-5.300621113981619503e-01
1.670965467814266470e+00,4.583993786338439458e-01,4.158247271523920041e+00,-6.513440284208951159e-01
4.615765121721496556e+00,8.017353331505544523e-01,3.249850933260749919e+00,-3.998408879984213238e-01
1.086044914273061740e-01,2.439399887445447668e+00,1.153997073287908570e+00,2.422489860475482426e-01
8.710028820327645249e+00,4.651561359372219928e-01,6.160855571499650907e+00,-4.943865777500808800e-01
6.156973623842260102e-01,3.903987410490566967e-01,5.078755986649547083e+00,-2.244154724133891332e-01
6.066304316902693117e+00,5.042311189497619139e+00,4.972360179567534844e-01,1.459051011649093077e+01
4.271841498174925311e-01,5.263623354762038131e-01,2.095582808340780367e+00,1.945953029197327599e-01
7.958486606078425396e-01,5.021920120261604836e-01,1.904379893936420043e+00,3.776371119347260996e-01
1.838272987465521036e+00,4.158748984018113326e+00,4.015880115479806278e+00,-5.864312351167461301e+00
3.343355352168286831e-01,1.579226875328392787e-01,4.585283335186832732e-01,2.337043879690224937e-02
2.264796704219376622e+00,2.452636311554932558e+00,5.311767590782852100e-01,2.813735346654141267e+00
8.468713690699791741e-01,5.377335630742434702e+00,4.327984363086290642e+00,-4.221575634833458324e+00
3.790360441190417928e-01,3.238965237670871078e-01,5.581185374896970863e+00,-7.927724381931022801e-02
2.275533361479506578e+00,3.490558673868462858e+00,8.840338730022128111e-01,6.142253346035636774e+00
3.687100460018764903e+00,7.866741263887288005e-01,2.739535297096023836e+00,1.135020021449573813e+00
1.580436733230498880e-01,6.046241284779622083e-01,3.136540530323534082e+00,4.827637814477300240e-04
8.379118384255129781e-01,1.258969847732273606e-01,2.489093685781771370e+00,6.405112339714269520e-02
4.840307091349957069e+00,5.762007141123256737e+00,3.574873958063796042e+00,-1.170959977677424213e+01
2.177927058219958356e-01,4.433519961837980583e-01,4.309387192418102863e+00,-8.882329965825506990e-02
8.586523439816829972e-01,1.683571276070803924e+00,3.051070888165697159e+00,1.306798433755088917e-01
5.683472913597398701e+00,1.596022571091079367e+00,4.929983887879016535e+00,-8.857053388788177273e+00
1.400003628233202346e-01,3.521075664327583121e-01,1.204575375535262005e-01,5.923627234806652306e-03
1.694550242275150831e+00,9.626865082168805543e+00,2.392862765951650830e-02,3.903153954074712884e-01
1.157683366886844978e-01,2.947918650609150593e+00,6.241658167241378230e+00,-1.416812822950713584e-02
1.453931934725470221e+00,2.000402245109349053e+00,1.156779600247919149e+00,2.662720634505586936e+00
7.437951941295540825e-01,9.162578062203339258e-01,5.740009205496907185e+00,-3.522426436306640429e-01
1.599541147100839722e-01,7.617458814013305934e-01,6.152843363425966494e+00,-1.583650422207420055e-02
5.677249922185993114e+00,5.284351500820513303e-01,3.634904984618524626e+00,-1.420665300802557596e+00
1.515996686622035627e-01,1.126455663007026819e+00,7.031236848310947751e-01,1.104207054936227062e-01
4.078008675075635026e-01,2.573434359682277961e+00,3.635472449368714720e+00,-4.974865783654935369e-01
4.884620431654898010e-01,7.747392260275285381e+00,1.093083207814528723e+00,3.360648718126015400e+00
3.863634240774292961e-01,2.574453095137910208e-01,4.271827486045381761e+00,-8.996953891745269882e-02
4.492588159751485399e+00,3.083259776493356696e+00,9.552937994213349659e-01,1.130977820981781434e+01
1.013043337528402588e-01,1.661054391193939606e-01,3.907742375678119995e+00,-1.166740775979432758e-02
4.635984971453984471e+00,7.666679363031128069e-01,6.812040965434961182e-01,2.238220678070608205e+00
6.467214286870507145e+00,3.856421697681953198e+00,5.557960625823366918e+00,-1.654299441762215395e+01
5.176486797902781767e+00,9.995056998369178380e-01,1.314488088056272819e+00,5.004908612090882336e+00
2.285684067938026365e-01,1.065718442687205586e-01,9.053251803560620203e-01,1.916138796882016146e-02
1.267992066974189813e-01,2.258385434463994201e+00,3.021060242865936996e+00,3.443232568236285346e-02
1.783882672217398657e-01,6.294197960697342609e+00,4.603886846844717495e-01,4.988608651006292138e-01
1.056708040754920752e+00,1.283767966189813592e+00,3.185664412047843008e+00,-5.976698209430173631e-02
2.836447779460251062e-01,9.384866139223249082e-01,1.374672262058547201e+00,2.610936327034358295e-01
6.739289210728244939e+00,1.942514877848455113e+00,4.803958405094719275e+00,-1.303632343403108962e+01
2.344059140260492946e-01,7.134790192023131361e+00,3.391197952938433957e-01,5.563481246692268956e-01
9.295692570391285159e-01,1.579600572775223810e+00,4.506018018230968925e-01,6.394763975036464876e-01
2.562567363267286291e-01,1.517324782926589843e-01,2.601148420144371975e+00,2.000569024556302089e-02
1.242008856499689173e+00,1.745461536507958433e+00,3.174263264631610681e+00,-7.081332247853605599e-02
1.782984627677073330e-01,1.101512017131098364e+00,5.810632402833184607e+00,-8.939264378569414249e-02
5.814620827006973691e+00,8.840049787432283424e+00,4.977380377910542109e+00,-4.960735428641920919e+01
8.659614870432772449e-01,1.365694043339186647e+00,4.499519509255780925e+00,-1.155944780430346208e+00
1.222588005501107578e+00,1.419030164533331972e-01,4.507855833462011574e+00,-1.698727077309126754e-01
2.062803509759680298e-01,3.589552694445083403e-01,8.554003124613575038e-01,5.589196631948431526e-02
1.352598579212822338e+00,5.357970881769712479e-01,2.786919586846728247e+00,2.516829521734407771e-01
3.315103982777877878e+00,2.137194340620510946e+00,5.135087794535927230e+00,-6.461434345081300101e+00
2.208452591364669537e+00,6.487210997822493441e-01,2.063375226308878041e+00,1.262348606202298829e+00
2.453400885141308607e-01,2.609226623469008022e+00,5.181062053657301547e+00,-5.711197514839189138e-01
1.844662109763460511e-01,1.748464874497240640e+00,4.428338606461920790e+00,-3.096082295906608106e-01
1.019721532890484200e-01,1.872749630561447720e-01,1.157754729895093648e+00,1.749086743345426923e-02
2.026595730523614414e+00,1.133516269377061958e+00,5.206115386720460592e+00,-2.022833992471120723e+00
2.980366184545131802e-01,7.494039133417447651e+00,4.154936502171363344e+00,-1.895358909919949042e+00
2.754260310063727957e+00,2.750907827566693165e-01,5.835467907366745699e+00,-3.280028971834178519e-01
5.566584275805263049e-01,5.932906431271961267e+00,5.716175190190432076e+00,-1.773868864393401523e+00
1.701442378487889873e-01,5.893144756249896199e-01,3.511263882548934845e+00,-3.622788683824050560e-02
2.473299565680401546e+00,1.635541487456824816e+00,1.352710729693744396e+00,3.949367556650877020e+00
4.100846103523524411e-01,1.879651968241735360e-01,2.494836165948352669e+00,4.644947922175556021e-02
1.095988226632961027e+00,7.911888353192043866e+00,3.154879150610130356e-01,2.690545252104123986e+00
5.884399374382770276e+00,2.098446669178847035e+00,4.140226572365938829e+00,-1.038144262474359714e+01
1.606281276044578377e+00,2.623024459505315154e+00,1.023165493723771524e+00,3.597161824115553408e+00
1.820556940491238618e-01,8.264068806780070497e-01,6.234929071355512775e+00,-7.257433514095263521e-03
3.962488970455209536e+00,1.612872901365108858e+00,9.486524315060874679e-01,5.193516890563058652e+00
5.402710146075019315e-01,2.646550255114567540e-01,4.435949807713896575e+00,-1.375567679134276355e-01
3.724118952976942953e+00,1.255219722821147688e+00,3.673215419558544248e+00,-2.369701802259415402e+00
1.196227836341727524e-01,8.241268695017938128e+00,1.725975655297027123e+00,9.739974389959943357e-01
5.989757968764548579e+00,9.485511942055926404e-01,6.252330057993361834e+00,-1.752791238268501250e-01
1.723266516765285195e+00,3.110797971049579225e+00,1.986648829951929152e+00,4.903850780937340836e+00
2.815258981457754439e-01,1.068265574257388356e-01,2.941545219876300354e+00,5.976267470391006045e-03
2.907069507538557307e+00,1.930953672886701167e+00,2.710684847250567131e+00,2.344700487869805450e+00
1.990343713821017824e-01,1.591228392839703076e-01,6.036289013736923614e+00,-7.740230599944332782e-03
1.589627255411844298e-01,5.753714310531438336e+00,6.278882816665823929e-01,5.372853264043966348e-01
4.288776991523158832e-01,1.847925733134433979e-01,6.807550185150156308e-01,4.988050766928705387e-02
4.004847309751904949e-01,7.000620083888693390e-01,1.941919109940778876e+00,2.612771622155795614e-01
2.664032460258409230e-01,3.166960552242322757e-01,3.633062109411558716e+00,-3.981551377621857929e-02
6.737898043033615281e+00,6.051704410932096101e-01,8.688412287160381942e-01,3.113561004735327487e+00
2.744237109527588370e+00,1.766725393481078377e-01,3.562823959849608535e+00,-1.982399883868852519e-01
2.796017315551560856e+00,3.304044839629563413e+00,4.913828598334708531e+00,-9.051366738235330445e+00
2.495840579118401958e+00,7.404613635462010457e+00,3.831320626833981891e+00,-1.175979741431368097e+01
7.111420682621752976e-01,2.367016340548311337e+00,3.508349573027814916e+00,-6.036090011136233668e-01
1.211028967298550946e-01,4.617795622813508416e+00,5.497824155347154296e+00,-3.954195766504337572e-01
2.479685624595085791e+00,1.338821074065234262e-01,6.035082145551116106e+00,-8.152424256090765042e-02
1.239690572974852800e-01,1.401762776704810420e+00,6.515437143909366124e-01,1.053798262186373264e-01
6.634769346090840791e-01,8.569507323790837017e-01,4.042870633994909646e+00,-4.458251751841041388e-01
1.632430747345096633e-01,8.987628741359468876e+00,1.000664815086299120e+00,1.235106163902503607e+00
4.790627440177483432e-01,2.151982623343899892e-01,5.050566592092233797e+00,-9.725434279164808793e-02
2.055262067183318553e-01,1.424124699689491624e+00,1.336310311472452383e+00,2.846850254675513670e-01
1.767475226669760646e+00,3.360020155240900586e+00,4.040390679487714465e+00,-4.647544000997555713e+00
2.753058066653327751e-01,1.063219438758468971e-01,7.838452437659509942e-01,2.066559000740806132e-02
3.761624078878536559e-01,3.652164101402790020e-01,3.189461965375854025e+00,-6.573807520956427390e-03
2.304727488228629217e-01,2.926699626776509078e+00,1.174648930640298516e+00,6.222855725951111916e-01
3.568230100284346396e-01,7.355101162256199032e-01,2.974324702749628013e+00,4.369454195546838143e-02
7.560710830643285085e+00,3.656626304652276005e+00,4.293916038498055698e+00,-2.526107605884033092e+01
2.713629883653728703e-01,1.971548217596440777e-01,5.995209753225767102e+00,-1.519477555920396503e-02
2.053628012211007547e+00,7.210401202399955523e+00,3.986649828315131039e+00,-1.107613060257422966e+01
1.394537770365230633e+00,3.746203370201641736e+00,5.533742510930618863e+00,-3.558901804160969018e+00
9.353720920014964690e+00,7.210951924757789122e-01,8.698867689846467854e-02,5.859922540584718842e-01
1.566332510277794299e+00,9.673448782188071249e+00,5.745411100436057517e+00,-7.761159527122568846e+00
7.862092062892552136e+00,3.219945756538526438e-01,4.836830255772774478e+00,-2.511974947077558529e+00
1.201841688055405033e-01,1.481144395984322681e+00,5.139715086323852766e+00,-1.620029349400275709e-01
8.057971292102852345e-01,3.319108005449766807e+00,2.766512731716634477e+00,9.798049215555434399e-01
1.211339653906409880e-01,3.982154445005076093e-01,6.266114739741427409e-01,2.828658267913575566e-02
4.505131849347431050e+00,1.348512297727876952e+00,1.311146752790305570e+00,5.871584175730346189e+00
1.518542029314592645e-01,2.670196423436786759e+00,3.519951905787128688e+00,-1.497830010890049690e-01
4.839725445141216831e+00,4.529582351487041469e-01,4.335434722374352567e+00,-2.038279710300702430e+00
2.665114051790809846e+00,3.282467871935072168e+00,3.647867458933693907e+00,-4.242177334083851115e+00
6.436614372321137756e-01,3.292911358888209183e-01,1.793403242375323670e+00,2.067221383058215622e-01
8.867258313322443186e+00,1.473737890489660307e+00,8.477252192795167174e-01,9.798098657612674955e+00
2.740411317087639853e-01,4.143992007614778039e+00,1.474015607779367798e+00,1.130309992898364868e+00
1.138560272064661483e-01,2.485046186729651829e+00,2.587510375985720756e+00,1.488712664946313935e-01
1.024129682397566743e+00,1.182500933318871184e+00,3.393310266443202217e+00,-3.016296621537825629e-01
6.212597097396175272e+00,1.063651459140843997e-01,2.047736543127246234e-01,1.343715104790549064e-01
9.722174858564529565e-01,2.203175304665472567e-01,2.916051371792546032e+00,4.790162559376470730e-02
3.105374003560734120e-01,2.456289013616711203e-01,5.425108236784637050e+00,-5.771012399387626807e-02
2.091151770778671537e+00,1.564106546108261775e-01,2.647101346830246449e+00,1.552261691319522519e-01
1.156441139544739510e-01,1.713084324063648189e+00,2.875070757482129924e+00,5.217726756933360049e-02
4.913782599772771320e-01,6.119157582288359265e+00,5.478677332220738272e+00,-2.166383045924655804e+00
1.406643446470988157e-01,1.669199716451601034e+00,2.930267898898818668e+00,4.924990675393681183e-02
8.158324762636036454e+00,4.233637201886451429e+00,4.499587949355510652e+00,-3.376028834631339492e+01
8.777350327034751931e-01,9.056738703105232657e-01,2.085176457074934042e+00,6.920745310694101926e-01
1.275802037021168400e-01,9.082989574010469358e-01,2.369949027060618274e+00,8.080545177601003437e-02
3.447200655076927411e+00,5.930695889171453405e-01,4.315616814257231759e+00,-1.885604601928426716e+00
3.557478079139336224e-01,6.814007582166414778e+00,2.565265861867496722e-01,6.150402605939332412e-01
4.514768391739636955e-01,7.439606815855798194e-01,5.529739653613426675e+00,-2.297949643621568783e-01
2.578246067408157538e-01,1.872374187608067397e-01,4.585142070141294823e+00,-4.788411666764350733e-02
3.489418270526616350e+00,1.042049079626256453e-01,2.957958364690992603e+00,6.639744773472106010e-02
1.199331203764429699e+00,1.062827445640831259e-01,1.254623372950071314e+00,1.211499090113080518e-01
4.305643712928706179e+00,4.914945400600072012e-01,1.319974830590233905e+00,2.049982040098333513e+00
9.866147047364535183e-01,8.023562388394079870e-01,4.493181505438109902e+00,-7.726731571235311291e-01
8.266549969809426912e+00,1.141824947038901472e+00,5.015601313047399756e+00,-9.008369207253299038e+00
8.295108012395809860e-01,1.407496548428145144e-01,2.581676534463794859e-01,2.980822535046396410e-02
2.316460949138856862e-01,1.229555831418273348e-01,1.760322724317486376e+00,2.797216648019635807e-02
7.408690372801832957e+00,4.120508138795468511e+00,8.132446357257934189e-01,2.217890556890738196e+01
4.301067492955784388e+00,2.730822368654805543e-01,3.959843281722361219e+00,-8.573606907074656780e-01
3.450104056874433223e+00,1.930651912334887088e+00,1.743285088927217563e+00,6.562105896102425007e+00
1.018740772232772818e+00,5.376898115001269574e-01,9.088060979837787601e-01,4.320620416009414710e-01
2.495951533458964811e+00,1.179355434962411908e-01,1.094147150076407726e+00,2.615510784677210765e-01
2.954695844472335353e-01,1.540061722100285191e-01,2.221542739502150865e-01,1.002599378836515481e-02
4.333295931377834087e-01,4.311336599225637833e+00,2.823258976531723086e+00,5.847267473127782944e-01
7.029459536145307830e+00,4.268930888986918748e-01,1.462549359150178363e+00,2.983263896681545013e+00
1.578228437296855802e-01,4.644087763277746639e-01,5.546363062800677035e+00,-4.924922273998223049e-02
1.907073138583395666e+00,1.869762815885210872e-01,6.617371612513093249e-01,2.191126568125619511e-01
3.184676728130489742e+00,9.729444269406590351e+00,5.241739722205587704e+00,-2.674435769343951819e+01
2.640522411294055516e+00,1.029634154393187062e+00,3.173972676663594950e+00,-8.801851942119588712e-02
3.382577471811027414e-01,9.116049463485410342e+00,1.393621715218796853e+00,3.035302827605793841e+00
1.394304577340421403e-01,7.185229361784083446e-01,3.843364108781125221e+00,-6.467592941137925711e-02
9.462495787248000889e-01,3.647953318523871946e+00,3.581842539518302893e+00,-1.471069859007694713e+00
4.496613775764370380e-01,2.786218333486953469e+00,4.493504125034124996e+00,-1.222961909838121253e+00
2.020436985331609536e-01,5.350249064156185952e+00,2.005639685585652310e-01,2.153558441668864398e-01
1.542252395753421990e+00,6.196481757789138456e+00,9.300185419672049036e-01,7.660818030011302682e+00
1.379263948292848707e-01,3.945013933663925165e+00,1.762920418350581997e+00,5.341101844205049520e-01
4.343728322765771921e-01,8.564272774449420922e+00,4.650744681516040480e+00,-3.713021456892985128e+00
8.896450572753790809e+00,2.835966863211982325e+00,2.336779655237794628e+00,1.818331479536162831e+01
7.054529231115335364e+00,2.260979858614046434e-01,3.699893769943269461e+00,-8.449528074235036490e-01
4.397955255068482505e-01,6.736599748191921533e-01,4.841712527384742337e+00,-2.937985759392521268e-01
1.581862987530277265e-01,2.697493162670599465e-01,3.602272040769896044e-01,1.504084215876463730e-02
7.000240720058703126e+00,3.595824580057542796e-01,2.178897799031964233e+00,2.065922249777257580e+00
8.222499923225122131e+00,1.846833901429684455e-01,8.151930548284527234e-01,1.105295426780277923e+00
1.234500460123319154e+00,2.067944091975125076e+00,4.764444288196249211e+00,-2.549419877069308171e+00
2.251623902446517889e-01,4.575116955809964914e+00,2.353185983391000935e+00,7.306101612250491817e-01
1.138061351109405317e+00,8.072615981841053667e-01,2.993251892908914136e-01,2.709059923379500412e-01
1.313988019267042118e+00,1.873179655038098579e+00,4.229443304910004642e+00,-2.179834699687381416e+00
1.140746160433279560e-01,3.966517243934655212e+00,7.760482136603301662e-01,3.169454542562845645e-01
1.143585433579298982e+00,9.408928011005908587e+00,6.551776106070651418e-01,6.556015943361219733e+00
2.734310112156945305e+00,1.473251066581447777e+00,1.801491492698275465e+00,3.921605596616062783e+00
2.529092648847517388e-01,9.256127608498440074e-01,2.915988011931226698e+00,5.236628343977053207e-02
7.284925360454213461e+00,2.739395227867602145e+00,3.940710730798814065e+00,-1.430349847783259420e+01
7.763500132329133940e+00,7.429061235890647152e-01,3.401531628969857390e+00,-1.482385260985251030e+00
2.186266294066711025e-01,1.254027623367515831e+00,3.620181867514409846e-01,9.709850147783836982e-02
4.002143364333347053e-01,1.010418928527651916e+00,4.139773299100625970e+00,-3.398794482326699118e-01
1.566980895294983522e+00,4.807274512661011912e+00,9.642608134674910403e-01,6.189245967656750835e+00
7.627511262013929816e+00,1.029076670440587149e+00,1.550380937078851273e-01,1.212070193779736016e+00
1.357156300029071394e+00,1.034098840201313346e-01,1.225907495847071427e-01,1.716173828351767391e-02
7.612284205442418461e+00,4.969805561148151085e+00,4.377607795355876519e+00,-3.573124771612987161e+01
3.154989078557646764e-01,2.673009740733109929e-01,1.486157450112459699e+00,8.403127526357906385e-02
4.527940814811667991e+00,6.283268254506732653e+00,3.196763198466191724e+00,-1.568820577614945977e+00
3.249387150567662363e+00,7.834328599598164189e+00,4.501026478075931259e+00,-2.489025128744737358e+01
2.118675530681412011e-01,2.882617297157259451e+00,1.274653729861616736e+00,5.841474468195783087e-01
3.904449041141642596e+00,1.060722808896717773e+00,2.104980214260752991e+00,3.564557407173090553e+00
9.620423861262716869e-01,1.891919292877473902e-01,3.202329517805790893e-02,5.827584791203673127e-03
8.107607317521813073e+00,1.673448789343096710e+00,2.823401159910268188e+00,4.244635364324043536e+00
9.155858447944681400e-01,1.141403405344597388e+00,1.580217640419636416e+00,1.045006421432340238e+00
2.463415823184940567e+00,1.141677709668055402e-01,4.133071063876892381e+00,-2.353540819195970579e-01
9.931221898418450822e-01,1.218056316159315949e-01,5.170960656919564302e-01,5.980143177971123519e-02
5.153452005985900364e+00,1.478222607712007974e+00,1.475638407035319843e-01,1.120058605588694522e+00
1.175043023675812898e-01,5.024244968945810186e-01,9.094968483189471709e-01,4.659172689770356424e-02
4.120178625047660859e+00,1.643995108800682670e-01,1.496280774305057681e+00,6.754756900087086624e-01
9.681558389286365696e+00,7.568086883513742702e-01,4.556090203717275244e+00,-7.237771717807957472e+00
2.020095457478771728e+00,1.551518219358005990e-01,5.238630775170473264e+00,-2.710158359771773773e-01
5.239695561963053638e-01,2.053777864142026566e+00,4.383365050613678093e+00,-1.018392199208311810e+00
2.800108300753100243e-01,1.665829247978075911e-01,3.357215595273042030e+00,-9.979981907096251159e-03
4.981764938079819238e+00,5.585031773678216460e+00,3.787649245365027006e+00,-1.675081631637391766e+01
1.289440432737028186e-01,1.959410614808425377e+00,9.266606936085760582e-01,2.020272318021750502e-01
2.758659291876677244e+00,1.141248520297051539e-01,5.551937623711657999e+00,-2.102441717511932540e-01
5.145640933966070252e-01,1.564493744561324118e-01,1.947870574746111139e+00,7.484754696446242750e-02
1.681257381409255069e+00,6.932464400373148372e-01,2.310144611701933304e+00,8.612160797384180722e-01
3.661924997301874818e+00,4.520638962724233600e+00,4.552158413464999498e+00,-1.634218966469828160e+01
3.114770938042433990e+00,7.187475740807097502e+00,1.012444646303522378e+00,1.898736449358195344e+01
1.123530824658772881e-01,1.882804659381069334e-01,2.091637995082035850e+00,1.834889885533916645e-02
3.823573992230269170e-01,1.927878178435149303e+00,2.636532528589736191e-01,1.921051415776835192e-01
2.424774164636771534e+00,1.138898470033454791e-01,3.452577078393526566e+00,-8.450298294694470747e-02
8.509871876550137770e+00,1.684023344810946787e-01,6.332565822917944898e-01,8.480594595863775176e-01
1.823670231664788144e+00,9.316035147206338518e-01,1.463481475818504185e+00,1.689164094520531734e+00
2.135443153106177494e+00,1.371744403747039986e-01,3.819312128240860194e+00,-1.836713003446421855e-01
1.903373144846451093e-01,2.232818549958439092e-01,4.778739220408461108e+00,-4.240535542747310427e-02
3.812918185732436793e-01,9.852912371204810782e+00,1.293249299076383529e+00,3.613062454824811365e+00
1.294776608550470387e+00,9.755588288896637650e+00,6.053495812745135929e+00,-2.875835259978715808e+00
1.746726815248791587e+00,1.188676253650071957e-01,3.251337298433672363e+00,-2.274048881685324444e-02
1.116265884910759426e-01,2.557892440146571023e+00,3.262437692109853682e+00,-3.442081916389049673e-02
2.128089813715731415e-01,4.505683075104151003e-01,3.204005770531613173e+00,-5.980596064649280202e-03
8.739263142737321743e+00,2.556892291298091369e+00,3.983850277141777751e-01,8.668441152119807924e+00
1.611481777578870900e-01,2.385895829425725978e+00,2.108101098542402241e+00,3.303057902409983759e-01
1.344951085609079611e+00,1.822726975340430433e-01,5.841550260164295238e+00,-1.047806597010119412e-01
1.273682762328216256e-01,1.245095566612852839e-01,2.984728975986486788e+00,2.477443908033020049e-03
2.836349710484282749e+00,8.559882806122134369e-01,8.377676050833582355e-01,1.804283565833940006e+00
1.350713175578529546e+00,9.780440467074123845e+00,1.628670650466736758e+00,1.318845198850003086e+01
5.831422617268156028e-01,8.958190278321268352e+00,5.189187702745593711e+00,-4.641270838986065073e+00
5.402769450461745393e+00,1.243419293537720016e-01,3.356327954912406764e+00,-1.431511016556290261e-01
5.079383523555026869e+00,2.325404220929212784e-01,2.558690687381973472e+00,6.501694497972531073e-01
2.403571336044938167e-01,8.140533741581192917e-01,2.289866473683833448e+00,1.472208708048106107e-01
1.496665540012281359e-01,7.259068160319193108e-01,6.264377567968387739e-01,6.369390117304964127e-02
3.292112896098819963e-01,2.880114315004514980e-01,4.642670495072419357e+00,-9.458627210644297845e-02
2.043307002336434142e+00,1.382155421145656815e+00,2.233801902283587826e-01,6.256296830473551118e-01
3.944048805650727241e-01,5.917737185359540852e+00,2.501057468330179501e-01,5.776761237398191362e-01
2.350709460640913184e-01,8.364393747218563657e-01,4.801169249935838046e+00,-1.958482205912961405e-01
2.125782623085173684e-01,5.717749292412990236e+00,4.852666166455957608e+00,-1.203529993688450261e+00
1.088012754828403955e-01,6.014623403910103860e+00,2.560767681101856486e+00,3.590776020608291708e-01
8.748919022369988641e-01,8.837759847176203110e-01,3.023718102429806542e+00,9.093068607274698567e-02
2.817224761169093150e-01,8.162781617224864616e-01,3.510293423269415847e+00,-8.287986959924178998e-02
1.963052309474096591e+00,2.679366559849825080e-01,2.422229411472983873e+00,3.465671132558130751e-01
5.696535506127947457e+00,3.820277991689167152e+00,1.584490056175176464e+00,2.176030883627906576e+01
1.419868865111474365e+00,1.659925940331425653e-01,5.011754303417127687e+00,-2.252052354404416867e-01
4.917991320536687083e-01,3.915582799511828083e-01,1.616092488622210332e+00,1.923705060267788813e-01
1.699221972887364984e+00,5.363890210867494623e+00,5.104764826743740436e+00,-8.421771651900341382e+00
5.732932955535510189e-01,1.701693928899481678e+00,5.721991564340598302e+00,-5.191954970084847742e-01
1.737078458345626963e-01,4.724217877730111148e+00,1.160557247907928913e+00,7.525420369323200243e-01
1.666826863689513161e+00,4.210147650515721374e+00,1.998423414737600545e+00,6.385670230323238883e+00
2.952911360100982652e+00,1.276030908723534696e-01,3.077416785797742360e+00,2.416491121560616906e-02
5.421600876357904886e-01,1.522416309128878376e-01,3.714002692160824015e+00,-4.470821490240588919e-02
4.124122953909029055e-01,8.718800795729892528e+00,5.374922637947288528e+00,-2.835012343080194341e+00
7.845955245316409421e-01,1.075242766405720418e-01,1.112162498958749746e+00,7.564483263894108966e-02
6.547247084936497208e-01,7.587811873636243654e+00,2.816859153618121780e+00,1.585048330152067031e+00
2.401852038187678728e-01,1.137236183008592194e+00,2.331637025204342351e+00,1.978287323883089477e-01
5.283550940781736927e+00,1.277477633491123310e+00,1.439114042155591466e+00,6.691182720177594412e+00
1.917134382033476525e+00,5.775093839875476753e+00,1.249799647045189421e-01,1.380132545129738375e+00
5.129442437490242535e-01,3.159600077325929179e-01,5.195631508865430348e+00,-1.435117216473148216e-01
4.093429968663070184e+00,3.083422492259559333e-01,1.453666397655342335e+00,1.253529126671557359e+00
1.533654009805402563e+00,5.099337862055004500e-01,5.741312862960098684e+00,-4.033415149074575101e-01
1.626302850253331433e+00,1.720227147035027437e+00,4.715137811942844870e+00,-2.797599742836297754e+00
2.676464675697607376e+00,1.043744008760749908e+00,7.532809041353490942e-01,1.910883771596650682e+00
4.221387917876549878e+00,2.689851625576242800e+00,1.709064537596386879e+00,1.124653785495301683e+01
5.359162462190500520e+00,8.397922510064523394e+00,1.417981920333765800e+00,4.448135935386370932e+01
5.767970362318438626e-01,2.363279749372765970e+00,9.472582047587981002e-02,1.289308509357229848e-01
5.761587680003649181e-01,1.866814713547857718e-01,4.140765229998160990e+00,-9.045896051682796035e-02
2.584064840423581644e-01,7.459469367536232243e-01,2.642145511871488051e+00,9.231934436253441678e-02
3.909489209524064646e-01,3.976547199974757585e-01,1.284787467144554274e+00,1.491474033022814061e-01
4.436183784276067632e-01,5.360851920803783033e-01,1.304153306535982715e+00,2.294129905961805604e-01
2.232477510001843690e+00,1.724576384835215526e-01,3.115367998528447480e+00,1.009553946900969973e-02
7.444466153409858400e+00,4.810969870716816033e+00,3.383948582492693813e+00,-8.595279591702633226e+00
7.121503934999222629e-01,1.357403530798721336e+00,1.774625635017471614e-01,1.706496922950669071e-01
1.895701048372818165e-01,3.641545717972781926e+00,7.340630347715504378e-01,4.624451971643120940e-01
2.500842177302401992e-01,2.172086134251660361e-01,9.207175315209874533e-01,4.324103667831820375e-02
2.927226524810915720e+00,3.367361055328770281e+00,2.420719274856995007e+00,6.506043324883210133e+00
2.187840437063434340e+00,2.679180640038971162e-01,5.244639461641727785e+00,-5.050765431409107720e-01
8.000949828315903067e-01,8.901866144087096089e+00,8.863191650421377021e-01,5.518029760905948322e+00
1.536888099777850569e-01,8.833208050521603738e+00,6.067436956980798435e+00,-2.906255138825347140e-01
2.295110343709911849e-01,9.577859955524642421e-01,4.937005344399994833e+00,-2.143004324850652786e-01
3.806359648115041905e-01,1.116233886692752503e-01,3.244700480264747444e+00,-4.373074435702810868e-03
2.130084146728891958e-01,8.992078176747872575e+00,7.325198767122051979e-01,1.280906864601066841e+00
3.294075318571641486e-01,2.384497230464092343e+00,1.636268705684622349e+00,7.837884352425645851e-01
8.640474684913254322e+00,5.332306394582595477e-01,2.564528440999565895e+00,2.513621701772227990e+00
1.277928247249267679e+00,2.999362603792694593e+00,4.957662947674151610e+00,-3.718252601806781410e+00
6.012546073055029083e+00,6.387136254869042462e-01,1.702840557702422819e+00,3.806864640507783282e+00
2.675055935758395287e-01,3.460326691035948699e-01,5.462581269197595013e-01,4.808726982121142024e-02
9.878208739876564337e+00,7.788934239038943552e+00,4.445638330682831096e+00,-7.421951825473732356e+01
1.464279298084582848e-01,2.593557161532630495e+00,2.426775959330407684e+00,2.489307366312068504e-01
2.050369105653324198e+00,5.368588708660212427e-01,7.482946044662874829e-01,7.489452546125960897e-01
2.717335353095780892e+00,2.968732037441091376e-01,2.691358972720940379e+00,3.510581936886174037e-01
2.784288768908214973e+00,1.242032257084011715e-01,2.005628933815244874e+00,3.136360535985850406e-01
1.919734473171837319e+00,8.036760270775694437e+00,5.121311554504705654e+00,-1.415636672732758150e+01
1.465009314043686617e+00,9.944683215519637409e-01,5.503368675621702621e+00,-1.024421612799321091e+00
3.780446679767014428e-01,5.084116506324414253e+00,5.207683097683312390e+00,-1.691051611116417774e+00
2.696031235703294504e-01,1.741434834329954828e+00,2.569145419260663310e-01,1.192978649004107633e-01
1.230688088597740315e-01,8.172074773629510958e+00,4.069526660257689166e+00,-8.049673108616378636e-01
2.633982003501956104e+00,1.404447039014862897e+00,5.430807722501599599e+00,-2.784999692756729761e+00
1.142323728874450883e-01,3.323395393762036965e-01,5.168962403821339535e+00,-3.407522980220845793e-02
3.341817746157422775e-01,6.151970736306994203e-01,4.212827933877433040e+00,-1.804633840239894538e-01
3.705194287850281376e-01,2.956840195560367368e-01,3.072792948293089577e+00,7.531521986547759506e-03
3.958400616011145123e-01,6.418578207299996841e+00,2.028913643785704490e+00,2.278747355066976343e+00
3.092928916053033772e-01,4.015570682977119610e+00,1.309581345617395698e+00,1.199855423894654383e+00
9.805712219748855318e+00,5.009036782637237284e-01,3.442936502935041609e+00,-1.457816206342270604e+00
7.839742797389124274e-01,1.138794867138517852e-01,8.243574953069433553e-01,6.554045238043079702e-02
3.204916011700731371e-01,4.530938805889118015e+00,3.813246481017894318e+00,-9.036322031145118672e-01
1.333966034236413689e+00,1.738762981750648362e-01,4.261693339007386783e+00,-2.087840390461500328e-01
2.103247302968196397e-01,2.688840097088928793e+00,3.859959979559191900e+00,-3.722068707839363833e-01
8.231042924873369415e+00,4.428597019764831444e+00,1.889863019676699230e+00,3.461218980077083529e+01
2.039916517922144290e-01,4.857950260293193878e+00,1.933050069664038029e+00,9.266671190023679783e-01
1.541515654151744130e-01,1.511656787783947964e+00,4.650361503416484688e+00,-2.325761342222726347e-01
1.440619048575274341e+00,2.397481070005808235e+00,3.410624530587019976e+00,-9.180291643653636369e-01
6.222262726005235445e-01,2.479384426320235535e-01,4.053479798522398703e+00,-1.219782194282773985e-01
2.645029468500615377e-01,2.309880582915481151e-01,1.829230849226837208e+00,5.906806622776612087e-02
2.821783454204896291e+00,1.057957686101631128e-01,2.508082850686912391e+00,1.767245633778901925e-01
6.363713154586689846e+00,1.196269607582798183e-01,3.281426863108170888e+00,-1.061052408595052066e-01
2.235816902709856890e+00,6.075504994679481463e-01,3.464789404465258293e+00,-4.314180527497264439e-01
2.073154255465647910e-01,2.184861077280342012e-01,5.149026904116281500e+00,-4.104584884378553039e-02
9.485441951511701220e+00,7.778083125919280638e-01,4.100821135177427301e+00,-6.040610737358405480e+00
1.072664912863410119e-01,9.672859846943111961e+00,2.211172509725350288e+00,8.320003377981384229e-01
2.640856011247636914e+00,6.491666688822027576e-01,5.972423851873031708e+00,-5.242220416674987504e-01
1.955934161570855312e-01,1.220864998945014185e-01,5.556097907422810067e+00,-1.587249544315328872e-02
1.624125801902664423e-01,2.859188899928559291e+00,4.965517383952165353e+00,-4.495705496663272016e-01
8.134411866879919240e-01,8.701363659280267893e-01,3.658900914461916454e+00,-3.500394622081895446e-01
3.480428543407135256e-01,5.592789682021262365e+00,3.754711386303834608e+00,-1.120074387692547413e+00
1.563942298359602967e+00,2.711920649662251104e-01,1.645398728092624940e-01,6.947162437867707152e-02
5.588849982036121489e+00,2.753706900246310485e-01,5.892738604185321361e-01,8.553138317793862466e-01
1.292644626521262774e+00,1.566963544069810199e+00,2.839437102751743769e+00,6.027538852117904078e-01
1.970053805434425653e+00,3.841897542090787487e-01,1.703624529955029832e-01,1.283201721650383820e-01
2.704228696695532896e+00,1.304139828657090161e-01,1.106812672219827237e-01,3.895423023374947752e-02
2.430442013582642669e-01,3.084696843085283469e+00,2.054878448133299340e+00,6.635769927593406781e-01
5.839981546411114888e-01,1.648856408625009040e+00,5.503855952958191189e+00,-6.767489690273101877e-01
3.193479620238433014e-01,6.603128073585495805e+00,2.533366066583810916e+00,1.204935987505879158e+00
5.191835288375612478e+00,2.194721728805128169e+00,1.721849479202058220e+00,1.126488471769321897e+01
5.619740819527558884e+00,4.429199703775325681e+00,2.752328731676852991e-01,6.764640870097224479e+00
8.842332236752831420e+00,5.485622124992848292e-01,5.996406017289388046e+00,-1.372053974639862561e+00
5.914325109213421916e-01,5.722802210614857943e-01,5.502555534553195571e+00,-2.381870470285318286e-01
4.004021464265280272e+00,2.133362844652956003e+00,2.367502622296948189e+00,5.971440487007756204e+00
8.244230209894715111e-01,1.290991344868098467e-01,3.950859409016355350e+00,-7.703371891380503267e-02
4.229176101762306961e-01,1.084314308736263055e-01,3.741241527508377018e+00,-2.587983603978541783e-02
5.491140581524649456e-01,3.102980439627510134e-01,2.267629748249914423e-01,3.830763467216780765e-02
1.602682600787880829e-01,6.411668693419175113e+00,1.409969531178957292e+00,1.014326204145978183e+00
4.869673735132944437e+00,9.673551240089822700e-01,5.728115502856141461e+00,-2.482553292279061630e+00
1.090764162741973409e-01,1.032168031930207619e-01,3.408476014504739471e+00,-2.969168908917418654e-03
2.059641466590546033e-01,7.059949916537705539e-01,3.440778759692988853e+00,-4.285841517899147829e-02
4.986533553301440436e-01,6.694152215885216251e-01,6.899300933437735317e-01,2.124620260543265693e-01
1.823689468403115965e+00,1.153442965787953023e+00,5.408024743383718302e+00,-1.614760956563068506e+00
3.233954923095399447e+00,2.761580023674296669e+00,1.028674064525526566e+00,7.650284455609794421e+00
9.773087155416174676e-01,2.458988979595281565e-01,5.914408158833335705e+00,-8.662905593383983527e-02
1.925286726207791510e+00,4.510768262278371243e-01,2.680789874149029473e+00,3.861723033684471007e-01
4.295744367664159902e-01,4.791177908806331098e-01,6.154744768040971259e+00,-2.636259142546484510e-02
4.691458122709121881e+00,1.113946943105865034e-01,5.971364629305230487e+00,-1.603305980768186811e-01
5.262769927729821218e-01,2.041131362049510012e-01,6.014655264734490636e+00,-2.850009047057207659e-02
1.989698811098514208e-01,1.710999707117546453e-01,5.593455817261965279e+00,-2.166300352808702909e-02
2.880212825286967426e+00,4.141235047482514808e+00,5.690353228667022201e+00,-6.664115575970820160e+00
1.284787129549107565e-01,5.597729576950114527e+00,4.911668404858289705e+00,-7.049559651628402035e-01
1.927696376411689727e-01,3.788338830409986313e-01,5.705659232539458614e+00,-3.986966956012358287e-02
8.651734477830913761e+00,3.272072245292751536e+00,5.137360596799914525e+00,-2.579101812564820406e+01
3.541915378276752624e-01,8.389428797723843090e+00,2.036027329901881178e+00,2.655651342849158159e+00
1.255231598713431873e-01,8.664186174904675575e-01,8.572678367828235890e-01,8.222545325309436881e-02
1.822074529921066111e-01,9.157084931040111897e+00,4.074904748434624580e+00,-1.340790555963783159e+00
5.351586367644683984e-01,6.357828693578978507e-01,4.398835787202636460e+00,-3.236555968620898893e-01
7.570656417070632749e+00,2.294605696902578540e+00,2.599025096240000221e-01,4.464282185338841913e+00
1.261100775043537126e-01,1.327600100232864677e-01,4.382442017182960114e+00,-1.583928354207329164e-02
3.151762496260994695e+00,7.147713000712397902e-01,6.273811101485109454e+00,-2.111780171248012553e-02
5.284145745743328959e+00,2.287132314714928505e+00,1.269646697720441253e+00,1.154164426795000331e+01
4.392221680234827730e+00,5.316578854893950101e+00,3.205209108784913941e+00,-1.484543753209699890e+00
5.106894117137850131e+00,7.366529244324376835e-01,1.615622951398831164e+00,3.758229379693261318e+00
3.461974102101136541e+00,1.510635376815652187e-01,4.896427151403250910e+00,-5.141463789196542011e-01
5.959052809183012833e+00,8.946705391461621915e+00,2.557279052707806866e+00,2.940938077119802330e+01
1.250316017693646087e+00,8.053760634860228862e+00,5.439161373611424821e+00,-7.525351828772550711e+00
2.554144799682510625e-01,7.493099487379234480e-01,6.559204144171940642e-01,1.167233532480966007e-01
1.683778956569434437e-01,7.952773657962079135e+00,2.446209974229969220e+00,8.579152733938938402e-01
3.846566315668401348e+00,2.012000689451756141e+00,2.332730824812238868e-01,1.789039885213703052e+00
2.497961241832722390e+00,1.324139677711682062e+00,6.153469331303260681e+00,-4.278527768037149182e-01
4.851055525911690758e+00,3.963582054956515943e-01,2.592981759483033333e+00,1.002721843196841878e+00
1.628176501437947343e-01,3.030139741027002565e-01,2.144168807722715897e+00,4.144602345660332310e-02
2.454457864284844248e+00,3.128693935646066904e-01,3.991796525443144450e+00,-5.770301262453593205e-01
5.756222644187637405e-01,9.057914372678233406e+00,2.077300706086679050e+00,4.559304711618566763e+00
6.160962238949811542e+00,5.116183856680373232e+00,2.527143677448970394e+00,1.817189878777235634e+01
3.216111327552322319e-01,1.258950779681391463e+00,3.081533100802398284e+00,2.430305072015178855e-02
2.303610656465515660e+00,2.189866878376292292e-01,2.814843261079037262e+00,1.619145853328431972e-01
6.953388997593796361e+00,4.543734959611802182e+00,3.539583783294292463e+00,-1.224493842921028630e+01
1.033346194772330362e+00,2.016106542500699650e+00,3.190907917355082279e+00,-1.026986266235697248e-01
5.636586595495808316e-01,1.564318736350109207e+00,1.510214901981691504e+00,8.801242525694822350e-01
5.769095055089833224e+00,1.102155941990357879e-01,4.684232787947963494e+00,-6.355922166461649425e-01
6.979708432158047149e-01,1.253598763266341232e+00,2.856220272518974479e+00,2.463185134268153498e-01
8.638107740509191057e-01,7.958484841642249341e-01,1.857131700862251877e+00,6.594726980241825132e-01
4.069510823850946979e-01,5.009486318964383456e-01,6.276208342343315927e+00,-1.422323591344175310e-03
2.504046085201747651e+00,7.827133573403854960e+00,5.327661350178914290e+00,-1.600527319345465926e+01
5.223932908218446025e-01,4.147218687844876683e+00,3.769500349342550738e+00,-1.272704348304344979e+00
5.173580073245791944e+00,7.532953396545634561e+00,8.669378520531849652e-01,2.971059282803719981e+01
1.973647501937469517e+00,5.527103698447753954e-01,4.876059529858376429e+00,-1.076277083815013302e+00
4.119705839383544621e+00,8.997854941799835471e-01,4.662487882716360943e+00,-3.702237260437401201e+00
2.142854227373191200e+00,3.003807222471302496e-01,2.524188318542357479e+00,3.726350706534864443e-01
6.080794612093746165e-01,7.802564332258673296e+00,9.846815988614909809e-01,3.952689958219872679e+00
2.499430221240163341e+00,3.177004054128481636e-01,5.092682163100363368e+00,-7.373383373521814610e-01
1.051233794815373157e+00,1.032286312479906987e-01,8.288728994002468875e-01,7.999581784238071758e-02
1.452450205773415381e-01,1.530389123785491856e+00,4.388523114650135781e+00,-2.107254912479936404e-01
2.544953607143082830e-01,6.780539816030971556e-01,1.567328496364102652e-01,2.693547412102006641e-02
1.327383708941095863e-01,7.312812298577680004e+00,2.880581139815923120e+00,2.504944630161420327e-01
9.083256968005143150e+00,1.837421012477019056e-01,3.602808807756896048e+00,-7.427572550029176712e-01
1.922730180256649657e+00,3.711806017845199479e-01,3.101633517230566017e+00,2.851045357068055300e-02
1.675023646769822627e-01,9.267412530352004296e+00,5.714068550539079361e+00,-8.365234891725336075e-01
1.734804910297391922e+00,3.216348721512305997e-01,5.856496688961217778e+00,-2.309222315883825705e-01
1.348709396336863708e+00,1.692240802484732187e+00,4.465976464692427150e+00,-2.213400089447748353e+00
4.257933254225827469e+00,5.965556107326857038e+00,2.940989974040794319e+00,5.061390253781251403e+00
2.454592347739095459e-01,1.851626845250561870e-01,1.969717424413703677e+00,4.188119279362814695e-02
1.722593254264653539e-01,3.354792945207246913e+00,4.773147390212193919e+00,-5.768280248794306342e-01
6.218556419260368173e-01,1.349377574491224641e+00,3.999795258984792046e+00,-6.349343294759317580e-01
4.214849932442648051e-01,2.538329753917270559e-01,5.448419934011075050e+00,-7.929208410135517304e-02
5.816825232616689156e-01,6.782305900797467313e-01,1.223820610738804993e+00,3.710039385538921874e-01
1.884912982891535194e+00,3.262003419837241847e+00,1.888663687116698631e+00,5.840573415250425171e+00
1.591556054762032213e+00,1.402058012313100732e-01,2.108809321553967386e+00,1.916213251313951260e-01
4.472957890624060795e+00,2.821897982194307541e+00,1.427618156767778979e-01,1.795857846650951606e+00
1.215373249830685454e-01,3.734788201582927236e+00,1.656268355325822839e+00,4.522591416054185243e-01
2.608196516647923180e-01,3.985416661584740616e+00,2.420121311640846429e+00,6.865629590437744012e-01
8.910867610622347224e-01,2.796054107216741080e-01,2.868940079457815262e+00,6.709356998046671350e-02
4.055882595038928229e-01,4.559244286535195645e-01,4.809727796049737769e+00,-1.840422541733104933e-01
1.392389945887231972e+00,2.134917065669191150e+00,6.204389515684230361e+00,-2.339889833796041652e-01
9.432105012619361739e-01,3.030087473582043778e+00,1.390934327014957672e+00,2.811906015575197593e+00
2.278966891761263991e+00,5.000457441187118324e-01,2.388986679113555667e+00,7.789574265258184527e-01
1.244134761284033441e+00,3.770499588270708191e+00,2.275633754842289538e-02,1.067409848091447899e-01
1.419573245603663880e-01,1.261831656240113009e-01,1.114715593021923024e+00,1.608169573902389071e-02
6.317868346700630688e+00,3.363664089137087476e+00,9.240482574617525646e-01,1.695945889744603363e+01
7.737271953442463879e-01,1.763017182059937182e-01,1.416345409554388590e+00,1.347856364235115734e-01
3.525359432891913780e+00,1.909061607588088849e+00,1.769086693799808430e+00,6.598250115308338160e+00
6.016898519911549670e+00,5.738601217034334567e+00,3.213161864165437809e+00,-2.469074207427755852e+00
1.081767791764099845e-01,2.123587959159975114e+00,2.168311806648745677e+00,1.899201805012435962e-01
3.268106756729901363e+00,8.851258688257793716e-01,5.183794742109295584e+00,-2.577182779222873865e+00
6.149328560423494849e-01,1.704711343392778078e+00,7.196531419369320837e-01,6.909483498482077435e-01
4.783387690190820329e+00,1.223052418711541023e-01,4.746635749023800699e+00,-5.846903463224776276e-01
1.920916737093580684e+00,3.629939562206629500e+00,1.250479380596658530e+00,6.618144264519035147e+00
1.386894081766042675e+00,5.045481082783729754e+00,5.403495234297159833e+00,-5.391900119852463646e+00
1.872550715444871727e+00,8.887123241361637227e+00,5.150074443874815167e+00,-1.507287111884601671e+01
2.008135723338433376e+00,9.840897564953790422e+00,3.741959735464514658e+00,-1.116437076579843612e+01
7.457744137115945859e-01,2.648979253786787780e+00,5.493110468742665731e-01,1.031429446926209526e+00
9.693158105540574665e-01,5.071309417621965299e-01,2.505570620580803265e+00,2.919926106927171472e-01
7.019556859902464918e-01,7.197995284353105871e-01,1.256089857919964636e+00,4.804523161620508631e-01
9.476227764015119348e+00,1.961291048765023137e-01,6.541392269583309327e-01,1.130892343118622856e+00
1.241887193125066347e+00,1.816391196233186622e-01,3.122949497516562187e-02,7.043457563980807731e-03
3.767977171127236402e-01,3.103735951056196374e+00,2.154674877989584680e-02,2.519655539994855586e-02
5.478299971933455748e-01,3.485637054458848860e-01,2.804886312623272815e+00,6.308730183223694443e-02
3.365731994857960041e-01,4.198005613454304785e-01,4.445601326103551187e+00,-1.362950392515305253e-01
4.773588903024327812e-01,9.654030665763132513e-01,3.625086232662746877e+00,-2.142347956790733587e-01
2.467491799377878881e+00,9.005998712278563190e+00,1.419239285988363575e+00,2.196749897264001206e+01
4.148459175799304788e+00,2.584766111653998277e-01,5.302757803315128804e+00,-8.907807056150788272e-01
6.633842805146220600e-01,6.376455947834755555e+00,4.221815405618746908e+00,-3.731161383591003577e+00
3.450774304083650823e-01,3.263951880424471041e-01,3.390195418110848458e+00,-2.771299924643397944e-02
1.878820433208052421e-01,6.999778705158948178e+00,4.897353421117929706e+00,-1.292700232166615226e+00
8.699495704461632783e-01,6.212826361803645003e-01,1.821789503087581474e+00,5.235491424947480432e-01
1.135420557111395251e-01,2.044563662517243641e-01,3.696275029259744049e-01,8.386621191970276834e-03
1.659837709849199650e+00,1.800363744351179740e+00,1.869877855499211261e+00,2.855653048817382800e+00
3.553075955852920131e-01,7.291561687391002522e+00,1.935642853921610396e+00,2.420220464427998763e+00
4.379673031325554966e+00,8.884248779522712081e-01,3.042894821557700968e+00,3.834111057802725986e-01
7.101734517155187554e+00,1.718745322531016972e+00,3.540205881280745981e+00,-4.737673301640139556e+00
1.033692081419968600e+00,9.874630194027949059e+00,5.250331886019561800e+00,-8.765690020072669952e+00
3.831119222008036451e-01,6.032091991907981843e+00,6.214950443255283119e+00,-1.575661372807740934e-01
6.549000946872396867e+00,5.428220526756255548e-01,2.458706416553623875e+00,2.243291706432417154e+00
5.995664842675342276e-01,3.333553963834443579e-01,5.485077910439462912e+00,-1.431132444350778632e-01
6.091753698767481850e+00,6.504245511960827564e+00,5.115319301829336140e+00,-3.644914929265704018e+01
3.369155409838951454e-01,2.003633765134554823e-01,1.356835099739370741e-02,9.159106946378902086e-04
1.068293147528439485e-01,2.575538806581601392e+00,3.577172510066712885e-01,9.633773305575447921e-02
1.581865145897139113e+00,7.221685705650567888e-01,2.640282541253299975e+00,5.489958828764014420e-01
3.288479803250599076e-01,1.610193145691760919e-01,1.436373036875919995e+00,5.247319520228023448e-02
2.393464688503159077e-01,1.237400478020713179e-01,5.681782768825335062e+00,-1.675713814419641998e-02
1.978600286914853568e+00,1.979254843178982481e+00,2.145954249451863749e+00,3.286070084907787514e+00
2.975175615888390190e+00,1.641985102748396930e+00,4.924042000304874378e+00,-4.776180886935170733e+00
7.863447332438309623e+00,2.081935014856878041e+00,3.740929474272827182e+00,-9.234904419373249240e+00
7.383841447093654864e+00,1.613001513366598028e+00,4.666384642157836993e+00,-1.189754633840570186e+01
1.462871322005931118e-01,8.115747402787203413e-01,1.749948280047185944e+00,1.168228001682212330e-01
3.025458554596288874e+00,8.765329690120388095e-01,1.788811772665230282e-01,4.718516802393927789e-01
2.776228110603310206e+00,2.514536517031325857e+00,5.146652599224714741e+00,-6.332958126265067378e+00
6.377469783836277051e-01,2.427329874164371848e+00,6.165062060975977865e+00,-1.824324769770763466e-01
1.870707126348744476e+00,1.772774027271767083e-01,6.154731786387959147e+00,-4.248251346164320236e-02
5.617583653629257823e-01,2.949074497668232042e-01,1.572672491214607060e+00,1.656664353415915336e-01
7.876677167763635801e+00,3.428860918953188452e+00,5.272896473611978330e+00,-2.287540829653737617e+01
2.973157152044447304e+00,8.872664966393341013e-01,2.648244583211820657e+00,1.249288890270010555e+00
3.617533876535475867e-01,7.489323224688896552e+00,3.321245855516885115e+00,-4.841182585321054943e-01
1.525218163356334145e-01,1.072745698715362184e-01,5.207202943124221051e+00,-1.439924050760263592e-02
1.073652972802355693e-01,2.920678969234583588e-01,2.948192763756636747e+00,6.026889602860649106e-03
1.152720220741343810e-01,6.183668918854293706e-01,1.584304472472146952e-01,1.124580251176210410e-02
4.385244115838531909e-01,3.339333344754698896e+00,3.654584718276308486e+00,-7.186973408849280931e-01
4.568461872361552878e+00,2.945023757979289503e+00,5.975944901163641632e+00,-4.068954654702327645e+00
4.940512487742344305e+00,7.746832878520349963e-01,5.246654707725518563e+00,-3.293965968540308875e+00
7.424403508638648397e-01,1.179935401888174251e+00,4.621403475101616420e-01,3.905918115682374125e-01
1.867430626377942215e-01,1.287049928580385805e+00,2.114844600203556357e+00,2.056463234563046250e-01
7.572647822374251270e+00,3.705251051355766823e+00,4.816331086081174107e+00,-2.790712591517174701e+01
1.106921579530003030e-01,3.992554861645373432e+00,3.007255191100345559e+00,5.919129578669506120e-02
1.632333853258747247e+00,2.346903094558112912e-01,6.110985006456624014e+00,-6.564317424266924439e-02
7.514751350745492164e-01,6.353603470905421213e-01,1.328636691722376639e+00,4.635264191180860638e-01
6.790358503424241299e+00,3.944349770830253843e-01,4.316078737718744840e+00,-2.470759844479713419e+00
8.608341758355391171e-01,2.430564473987055774e+00,8.238718159968496657e-01,1.535301127805159371e+00
5.438612537820176618e-01,6.316396736636668008e-01,3.558788595813833222e+00,-1.391955489800895396e-01
1.351084896835137994e-01,4.499785489624649748e-01,1.293806114341190083e+00,5.847855521131105350e-02
2.861472676443082008e+00,5.328346801822588796e-01,2.120861510575366538e+00,1.299785264797267637e+00
2.303277516023921612e-01,1.863191528861428470e+00,3.276646962382205430e+00,-5.778181493562530024e-02
9.239180366890111795e-01,2.579124404911968149e+00,4.792150595140133085e+00,-2.375323671828264427e+00
1.990583224174399257e-01,5.638904326766150277e+00,2.534930247494600497e+00,6.399527509545772652e-01
3.551471189014688279e-01,5.900743252965209074e+00,1.188468932380941423e+00,1.944324912994723320e+00
2.404904798816164035e+00,6.016303721087221668e+00,1.191820635867197054e-01,1.720322656292373686e+00
1.635774316476950874e-01,1.445661887299829251e+00,3.325426054182015090e+00,-4.322804876963037835e-02
2.271872058283201934e-01,5.635303776312859947e-01,8.579946999557731824e-02,1.097116710242333759e-02
7.002039167877106784e+00,9.518600559278461049e+00,3.487919292019326711e+00,-2.262386794858000627e+01
2.422020664754317987e-01,3.885281882379687524e+00,1.621179788606723626e+00,9.398291627568887696e-01
5.088402854669629161e-01,6.868829832023028104e+00,1.134020766612429121e+00,3.167015145757258399e+00
1.411920049520668519e+00,5.371389037096776509e-01,4.268495150470651645e+00,-6.848980893134944958e-01
1.912663330663080696e+00,1.531504206818346536e-01,5.122167994484177811e+00,-2.686735910362352819e-01
2.441266443645082607e-01,9.764367614467339695e-01,3.811841287440036918e+00,-1.480735073946900238e-01
4.267163600010774438e+00,3.939485780589060848e+00,2.656448923665826189e+00,7.839300580689091191e+00
1.230913698865450767e+00,9.682224546684468081e+00,1.096579092882609130e+00,1.060283864680171639e+01
1.509476506208842772e-01,1.456661135143357821e-01,3.932561623410058882e+00,-1.563420620143072051e-02
4.895690746198859689e-01,8.446297611480053646e-01,2.588650027081464966e+00,2.171699847886687795e-01
4.526730611865794174e+00,4.518351911042506330e+00,3.683189502781888613e+00,-1.054380965653536251e+01
3.775303724054376975e+00,8.112179582710741244e+00,8.845394168781292588e-02,2.705454088969346582e+00
2.422633307100503508e+00,1.403881743588832609e-01,1.051633122265560383e+00,2.952944812249660433e-01
8.771539305821244525e+00,6.273351902063032393e-01,1.976895239342274513e+00,5.055154744437658998e+00
1.028923668374523759e+00,6.443394503417994024e-01,5.652451617877809475e+00,-3.909818347419585782e-01
4.929160594135584272e-01,3.528448429218815630e+00,5.029452196585399548e+00,-1.652537270073398235e+00
4.602854056176296282e+00,2.628025999308649108e-01,2.812072366542938795e+00,3.914270457642081147e-01
2.239838451895377336e+00,2.428225031839314152e+00,3.339878860122824644e+00,-1.071392256632857976e+00
1.314476079336664993e-01,9.826333870634250900e+00,3.909501773582443995e+00,-8.972209339535175410e-01
1.189112763439081205e-01,1.167469938576464888e-01,5.904507789605220935e+00,-5.132261815774595386e-03
1.851537142352487564e+00,3.540486293205638457e+00,5.933507529057224339e+00,-2.245828025919718307e+00
1.469146482000069642e-01,4.341936281812620813e+00,6.201101512607141153e+00,-5.230198430473833454e-02
1.134913209802168449e-01,1.015551324084481150e-01,2.557646467270336732e+00,6.354313945189404497e-03
5.458739929138665126e+00,6.020215849839339883e-01,2.565279017136395279e+00,1.790814225909774793e+00
4.026936789782980419e+00,1.071629777063606737e+00,6.265140746033744934e-01,2.530216001384047786e+00
4.656306325456895934e-01,1.200329645133828699e-01,3.317520050418669264e+00,-9.782119600281509106e-03
1.879560557238535712e-01,4.715194932966838337e+00,4.011443284419854982e-01,3.460556658632052973e-01
1.085463317468794570e-01,8.249310115906558494e+00,7.219340927708461919e-01,5.917352770875224932e-01
4.538618766507497071e+00,2.783140654932630742e+00,3.109047210079383561e+00,4.110289234284600357e-01
2.785684433894836776e+00,4.553963987405993841e+00,5.702397130997830743e+00,-6.960541875868282879e+00
9.383192065826206907e-01,3.057158022514376405e+00,2.593974981607530594e+00,1.493545069244204937e+00
2.874573246517112546e-01,7.826706163181161857e-01,4.993632338052619524e+00,-2.161450087895374905e-01
8.218150868551441945e+00,1.398946823465189393e+00,1.953875254798432826e+00,1.066345045864802543e+01
7.987023352055774517e+00,1.454050443100888823e-01,2.985520555019506861e-01,3.415965921836952579e-01
3.202320878884843847e+00,1.648895399618663937e-01,6.235875672788959712e+00,-2.497155152121445162e-02
7.876617568513682999e-01,3.191890413036015950e+00,3.262220769785471930e+00,-3.025398029044651382e-01
8.821806171560211851e+00,5.822254763337392225e-01,1.412608734401599175e+00,5.072150817158997071e+00
3.577512637397252671e-01,4.163030191929510959e-01,1.706870916723608689e+00,1.475562145185615459e-01
2.504169415909676566e+00,3.346010726169281191e-01,2.375919699843592969e+00,5.806818404050440030e-01
1.316550565962230357e-01,8.177473002005034575e-01,3.392885715501658517e+00,-2.677051227001497891e-02
2.466305157121672753e+00,1.915145068624896751e+00,5.231704022087846795e+00,-4.100604827349084935e+00
2.581531844505892126e-01,7.132473939479136993e-01,7.551372035580526942e-01,1.261986027192601445e-01
7.630901095480589369e+00,1.059739363733273598e-01,2.968899390063140853e+00,1.389598958093318792e-01
1.280674352948293127e+00,2.573161734757572372e+00,9.993250219110026977e-01,2.771766106709634858e+00
1.498409762953581137e-01,5.069185104947211418e-01,5.834124314975630554e+00,-3.297451025446310885e-02
7.433834766197510824e+00,8.344881604246755513e-01,5.166627878599006074e+00,-5.574388056586987439e+00
1.815364061586204891e-01,5.165927127399639884e-01,1.881568110282455741e+00,8.928810219676595883e-02
3.688641862199019350e+00,3.417368411506004122e+00,2.590429795355051912e+00,6.601198923873267788e+00
1.580612906929500516e-01,2.951910179310489823e+00,1.816581536420597942e+00,4.525603206823696767e-01
2.872537743712460845e+00,1.338492217868773482e+00,5.201696652782872299e+00,-3.393706572615179606e+00
4.682370367760793628e-01,3.807755680448975166e+00,5.814184675537109603e-01,9.792040000519411924e-01
5.413931946474637158e+00,2.838938446552640160e-01,4.775535248248807818e+00,-1.533918652858656584e+00
2.826205441541570274e+00,9.993793649652130684e-01,1.071229659574607362e+00,2.479275844348125091e+00
1.506894448394797414e-01,1.271181004562494665e-01,4.044613852804222809e+00,-1.504081117668141197e-02
1.027227409848298634e-01,7.761895500155662209e-01,4.744999098770656509e+00,-7.968992739444606677e-02
2.232490252918808149e-01,2.120352000295891159e-01,6.106890847126314803e+00,-8.302028868715373433e-03
1.313855908679884832e-01,5.323631324161463008e-01,6.819329180400777179e-01,4.408587419950331376e-02
4.774440247292721651e+00,5.329999288262958324e+00,8.928057634840828038e-01,1.981960013621799277e+01
4.719537580089288031e-01,6.339407218399882638e+00,5.724708158265667812e+00,-1.585397606328544873e+00
3.547099597353741696e-01,5.423321078563027031e-01,2.187804732910553440e+00,1.568999687079451477e-01
4.534575044180016445e-01,1.849253647273796930e-01,2.387489114831798709e+00,5.741065591649310851e-02
2.370122290219989769e-01,6.566444367782346525e+00,1.438341083716636826e+00,1.542695154518332057e+00
3.056536058011328549e+00,9.121499373803239052e-01,4.689102430111512732e+00,-2.787263287662927080e+00
2.257645666536951090e+00,1.110178374951107161e+00,3.119735051284802552e+00,5.477930057887176601e-02
1.395912871727607585e-01,9.361516256909098166e-01,3.227126450698226012e+00,-1.116381365551472743e-02
8.146922857543064111e+00,6.729695962685989796e-01,3.730141605491692491e+00,-3.043708597389052972e+00
1.835848949686732789e-01,1.603149097304141790e+00,6.143078137595712196e-01,1.696405128576762289e-01
5.233780234693926614e-01,2.618826362456606049e-01,2.411438497039373630e+00,9.141930782711295278e-02
5.128077643850633471e+00,1.228876407466728410e-01,2.399379086162053643e+00,4.259500557221186923e-01
8.779848038231105045e-01,4.570429554663568150e-01,4.937205700632423699e+00,-3.911786322935550397e-01
1.590192349793282389e+00,1.331712900157311141e+00,5.814968406870704598e+00,-9.556999625356168426e-01
1.475588363967917482e+00,1.618900588627634196e-01,8.989874526487184880e-01,1.869730991907497808e-01
6.471084196669453448e+00,7.780613865509480309e-01,6.160826388829407030e+00,-6.145289019647689477e-01
8.988463266279130837e-01,3.503702962752782701e-01,2.472463120068230324e+00,1.953515821384144702e-01
6.736983899325096337e-01,5.142129446214643629e+00,5.270501789433708062e+00,-2.938566215587969044e+00
5.201388280636256578e-01,2.913735471599571802e+00,6.036222216354161674e+00,-3.704910990964694895e-01
2.650992661303314346e+00,1.884837839684251337e-01,2.394611943703881529e+00,3.394884345871128084e-01
7.788670031569275842e-01,8.012033408195310402e-01,1.497520453955747843e+00,6.223562733518240853e-01
6.607175905555551232e+00,9.273463857469527838e+00,3.089392884932497640e+00,3.196900979221176442e+00
2.810433050206984973e+00,3.273528343619104275e-01,6.145482917558287461e+00,-1.262866510058547331e-01
9.760726640795309716e-01,5.097595432173109842e-01,3.467973232919896898e+00,-1.595268442865536707e-01
4.917370698053141753e-01,3.471478175197143523e-01,2.689731067960888566e+00,7.453700527566710365e-02
4.717031853785750961e+00,4.225798280676649199e-01,5.529760336174261326e+00,-1.363713197348969342e+00
2.454015081271594401e-01,4.515075592325999310e+00,3.318829283962972720e+00,-1.953527891398017247e-01
8.622735559349779422e+00,6.248664863188421181e-01,2.291286836144929673e+00,4.049030057355712309e+00
5.017385796824189725e+00,7.588160882284926689e-01,1.528890096717583580e+00,3.803930515428437076e+00
3.197957728594979177e+00,1.048539743260867158e-01,5.704204235263697242e+00,-1.834767211735922332e-01
2.347596025055395663e-01,1.140771282284627486e-01,1.847226878228530156e+00,2.576399206913110307e-02
7.799665844848449048e+00,2.739775602199789883e-01,1.585561350336579745e+00,2.136700490866201729e+00
3.157423233568349419e-01,4.155185888890634338e+00,4.773997455501278964e+00,-1.309478978262553550e+00
4.793086344855631786e+00,8.966271894113588825e-01,3.331632981691320161e+00,-8.118123610309005977e-01
4.864133687167563558e+00,2.359621755468654491e+00,2.937843447310209744e+00,2.322388039727037778e+00
1.348506941622554522e-01,4.371751580935511194e-01,3.217508438256555525e+00,-4.471193985968317450e-03
1.768957786920974939e-01,4.358218523458532445e+00,4.085418856985225666e+00,-6.243224915275522591e-01
4.730979874546602737e+00,1.339201572918165273e-01,2.426165244536874877e+00,4.155863041455116758e-01
8.621353227023021981e-01,1.243108116623308224e-01,5.260012096014238914e+00,-9.150028008934975310e-02
4.193215823407827614e-01,1.018560071349576407e-01,1.905206574762541072e+00,4.034443714999488145e-02
3.051560439905268041e+00,8.034043029380114831e+00,5.521929696746919802e+00,-1.691215090183256464e+01
1.512796858689937074e-01,3.855641789100940353e-01,6.061451553814223736e+00,-1.282757336638425463e-02
9.051335959884045934e-01,3.972286948359028402e-01,6.169808466103920530e+00,-4.067680428896035955e-02
3.691433506002281817e-01,2.036999205866590335e-01,2.834026037468414749e+00,2.276439995796189497e-02
5.389077035316902631e+00,7.590315251937616026e-01,7.959390184204931940e-01,2.922732873762004413e+00
8.724887925074900963e+00,8.512897535824244244e+00,3.286853339426068388e+00,-1.075120048457767297e+01
1.047614788276530207e-01,1.453612151264958574e-01,3.696687846913499609e+00,-8.025659403011333598e-03
3.076679682162607232e+00,3.030242703392875381e+00,1.716972253015716543e+00,9.223658327583022398e+00
4.451764783050873753e+00,8.485194433556305427e+00,4.886199258231090248e+00,-3.720494687596141858e+01
8.408457645203070152e-01,9.955792072203197840e-01,2.091057967400625994e+00,7.263673649650513875e-01
7.510796647017530248e-01,6.792296966641009348e-01,4.232544040579124811e+00,-4.525419619263718607e-01
2.161100856494202915e+00,1.629710066453118333e+00,7.107785737685636818e-01,2.297816382815494052e+00
7.524245190066493061e-01,5.118439713040771721e+00,1.741148553029059576e+00,3.795493290912780093e+00
7.953714005060174008e-01,1.568463332028281032e+00,2.224437183890730640e+00,9.903678594643189337e-01
1.475365890819945736e-01,4.709890637188830498e-01,6.252783266784041061e+00,-2.112255207518816749e-03
1.712798960705891105e+00,1.174125328517410943e-01,1.298118520793952513e+00,1.936739099369904904e-01
3.037692255863142510e-01,5.783364424278931715e-01,6.224837506496143646e+00,-1.024477376836159699e-02
3.947931174779793495e-01,6.952161145382873109e+00,1.674040123522537060e+00,2.730050280418064190e+00
1.096984328459864821e+00,2.455523034925688741e-01,1.726073259776106594e+00,2.661262039761041476e-01
1.382206678823109935e-01,2.230232681432900155e-01,4.566381801071391244e+00,-3.049842803616572076e-02
5.905194815656886753e+00,1.353789998464039745e-01,4.359337505341644103e+00,-7.501315442121547772e-01
1.554739994761765720e-01,8.426948906033665310e+00,8.460059008110900614e-01,9.808446336487770534e-01
2.827868780030581841e-01,1.079628061795778304e+00,2.086742935354305661e+00,2.655619505463684416e-01
1.453357884171433190e+00,8.647254824247950111e+00,2.185526137061313823e-02,2.746453552395403119e-01
3.354056319735449598e+00,3.040769968428158609e-01,2.134550409154857942e+00,8.620683117404083218e-01
1.499744303646983967e+00,1.398722169824534234e+00,3.227425657255894809e+00,-1.798330855545159090e-01
1.584649589793181823e+00,1.791460826774450066e+00,5.516015475576820926e+00,-1.970439054626514697e+00
8.678751419709440640e+00,1.161385205975078883e+00,4.505065871774135644e+00,-9.863528100147240352e+00
5.430644480519056794e-01,2.512096127148477187e+00,4.658683394195026750e+00,-1.362263151976665032e+00
7.406299475646008768e-01,9.027467773567225962e+00,2.463347703773554720e+00,4.194987590149031220e+00
2.517396420948555313e+00,1.628606710788366829e+00,1.554392353116357262e-01,6.347141985324300517e-01
1.122516915685946914e+00,1.235283692890240814e-01,2.821459305795135819e+00,4.363619494097251833e-02
8.615904199418419340e-01,2.049371237671085144e-01,4.680921354299729664e+00,-1.764844479981040604e-01
1.731413131902554969e+00,1.737852125279014670e+00,1.019541742926406869e+00,2.563219982137503905e+00
4.180193350772348104e+00,2.330100068370074329e+00,1.236723105954254942e+00,9.201774159099963768e+00
5.324538708887246452e-01,1.620444600616289144e+00,3.591468189404789069e+00,-3.751967812929050128e-01
1.928392772555013179e-01,2.561108197157009880e-01,5.586202337727037559e+00,-3.170265778259459544e-02
3.148292178893143500e+00,8.793616698630704054e-01,2.100496783244551580e+00,2.389089684534835722e+00
2.031233776420374448e-01,3.079059151248552673e-01,6.142075247035213792e+00,-8.796171306179479538e-03
1.332734726076899578e+00,2.312192332626332281e+00,6.034834428118814209e+00,-7.574600697533327986e-01
1.872010695840701899e+00,7.356993117901637014e+00,3.031270956807353478e+00,1.516311026870039047e+00
1.246353216469854752e+00,7.171855388769075024e-01,5.711418328300969627e+00,-4.836879934992177610e-01
6.343985881112026881e+00,1.740052589131358296e+00,1.484546964737366137e+00,1.099783569336882216e+01
1.259672661721631393e-01,8.273737818408797295e+00,4.987014862528438286e+00,-1.003164727973160586e+00
4.217394994476647341e+00,4.129910713111808462e+00,1.886932889811571368e+00,1.655431859624862412e+01
1.102905294634200645e-01,2.390150426127138683e+00,1.790921250075312166e-01,4.695867841125544312e-02
1.718932639678654395e+00,3.767100787978953091e-01,5.923623921433069484e+00,-2.278455575611721684e-01
5.614937999652259926e+00,9.453807510526770486e+00,1.940926704580988149e+00,4.948780336020497117e+01
1.021194864587147144e-01,2.940564361502005397e+00,5.615693771720294158e+00,-1.858842021309365655e-01
1.254796617186044072e+00,1.123283314935123567e+00,3.392424772362958585e+00,-3.498502094517589867e-01
2.738295390595646861e+00,2.790139834110534900e-01,3.381162914202682668e+00,-1.812912667666396194e-01
1.501067233080676522e-01,1.368940711281265432e-01,5.824662255191294769e+00,-9.095360959279347179e-03
6.178870878848627957e-01,3.985328856088767857e-01,5.732226916756074653e-01,1.335509142537869565e-01
3.378592691935159653e+00,1.506317209705051896e+00,2.097610468471297285e+00,4.399199830293802016e+00
4.390212108980342531e-01,1.554236322263438386e-01,1.528382195428158896e+00,6.817290511014460763e-02
3.425254700551073839e+00,1.076760629361253496e+00,4.030333239553444358e+00,-2.863054160740460929e+00
1.856526149813957138e+00,3.376125940373321921e+00,5.003909282910233181e+00,-6.003412502686015451e+00
8.202785784067403441e+00,2.060382161355394925e-01,8.446935182577131052e-01,1.263792655567253398e+00
4.969095445543749712e+00,3.374184874529336797e-01,6.054493322899483054e+00,-3.801061812958528296e-01
1.967958020447234668e-01,1.874982909861127034e-01,5.804091243704450953e+00,-1.700947530483782125e-02
6.549928782223850554e-01,1.044875917070418048e+00,3.252025295022701878e-01,2.186619013803164091e-01
2.130877982817500071e-01,1.184560993409443791e-01,4.229302518254097087e+00,-2.235304370721983430e-02
3.251149781776537129e+00,1.656847897255656177e+00,2.744495665160619602e+00,2.083252527103876428e+00
1.589055332083999295e+00,1.621979093423569607e+00,2.750314189705825640e+00,9.829500393420180782e-01
1.675941027877095035e-01,3.067515088619387154e+00,3.533272732337433109e+00,-1.962524806715946202e-01
5.036261469037990324e+00,1.532710415207788612e-01,1.865542359713890930e+00,7.386250240233240838e-01
8.975734887500196990e+00,4.097820830874668863e-01,3.566001903870930967e+00,-1.514575345431614206e+00
2.228302890845953177e-01,1.059335417088202586e-01,5.078691752548387228e+00,-2.203918413145035046e-02
2.912800806907767659e-01,5.120606737098460925e-01,4.687392720479111929e+00,-1.491064803922810544e-01
2.576818541067221968e+00,4.246021636745099803e-01,3.511378596360589910e+00,-3.954332982079515890e-01
1.067851196361652155e-01,5.849758452010675569e+00,3.025748089228860849e+00,7.220254878258317022e-02
1.208146219501200630e-01,5.262856167554615938e-01,1.195511871152539873e+00,5.915783710399983436e-02
5.580503838542708372e+00,3.538578364601416282e-01,5.287278024316335312e+00,-1.657276394852836177e+00
1.529361796106886828e+00,1.757984710200972467e+00,2.973265044048812644e+00,4.504305615238451410e-01
4.645163042904017492e-01,1.858757263057463915e-01,2.960579643209220180e+00,1.554387069538008294e-02
8.700247551104233423e+00,3.643961929484275108e-01,5.855148398326602610e+00,-1.315961327401998782e+00
2.731540951921342053e+00,4.428135507865134990e+00,9.225696202417965619e-01,9.642103408706793388e+00
8.138005683497212317e+00,1.900389155120162654e-01,6.174991701746584738e+00,-1.669992407408778801e-01
1.383947060344946189e+00,5.101975246304244038e+00,2.918679500212598033e+00,1.560956649209883862e+00
2.417659474261821817e-01,6.485571127624210064e+00,3.070597510383023643e+00,1.112262014873264260e-01
2.027973165795259103e+00,7.309379369410147209e-01,1.055391375438320400e+00,1.289758744045989447e+00
9.498965522869521338e-01,2.952202055940411629e+00,6.123681511789786924e+00,-4.454001230817457024e-01
5.781904434830704709e-01,5.576984947975567319e-01,2.253028586805692068e+00,2.502797089715997347e-01
1.760561929356728506e+00,4.277700042602670116e+00,5.767148340957808372e+00,-3.716151307475273224e+00
3.460140551763745131e-01,1.322118294265984373e+00,6.263485671390583320e+00,-9.011439298803833667e-03
4.951582556258714796e+00,1.866900558370955254e-01,1.705466736000758043e+00,9.160412692294116477e-01
1.590747080089033039e-01,3.737420649234238779e-01,6.419452830886142047e-01,3.559770407317718044e-02
4.430840945831852618e-01,1.639685079228583753e+00,2.078446620096444430e+00,6.348965434692166454e-01
1.583157977717697396e+00,1.013199914696857745e-01,3.990556666352270465e+00,-1.203998092936220121e-01
2.243522859900348720e+00,3.047164617523557273e-01,6.080344934214210184e+00,-1.377205040234999456e-01
9.687466066851619928e+00,9.152086890901638405e-01,5.125479497901691772e+00,-8.120280946073203054e+00
7.557098273345517203e-01,4.624017875950960921e-01,4.915805577220512035e+00,-3.422368186977127191e-01
2.144530611272489617e-01,1.762049733459829293e+00,5.982354899324124897e-01,2.128147418819082703e-01
5.458316948118566714e+00,7.880053345393304376e+00,1.906051384127196657e+00,4.061720640856221820e+01
1.164474547776285229e-01,3.100762647739653266e-01,1.937409105262749565e-01,6.951836353927637498e-03
6.165113216866817680e+00,6.593274104782849143e-01,4.275595585777096197e+00,-3.683192919412100697e+00
2.014974887292990402e-01,3.314865277048863468e-01,4.211225375762766454e+00,-5.857968756362554735e-02
1.247081705592553158e+00,1.966078010669865650e+00,3.156193765716676758e+00,-3.579860956422399598e-02
4.781528634039809766e+00,4.540681601725190530e-01,5.125031714962156038e+00,-1.988903550484259153e+00
1.883286860267115115e+00,1.017089077801696329e+00,3.745928866074797359e+00,-1.088400953391482906e+00
9.087686707571561939e+00,4.838638778004393792e+00,5.963229122753208600e+00,-1.383030241318627951e+01
1.350295425088401391e+00,1.792997608416487809e-01,3.601140594641316639e+00,-1.073851502990676027e-01
1.697734207264301798e+00,4.856162961935647782e-01,4.072352641606835633e+00,-6.612678681958725768e-01
2.574432513156431845e+00,2.427522049714284424e+00,7.614447200604457233e-01,4.311948726404388310e+00
3.608937505638224463e-01,6.424284892006421721e+00,2.671806658421151059e+00,1.049567337806651457e+00
8.952383306894050596e-01,5.506149550483445676e-01,1.261859769265390341e+00,4.695949705265655694e-01
6.975431138650801666e-01,2.205928459623133497e-01,5.329064432440854482e+00,-1.255304772765174770e-01
2.069561647297915030e+00,1.953119757612227503e-01,5.606195106597381184e+00,-2.532173996404939453e-01
8.336975316232567712e-01,7.981464877815293013e-01,2.064342343598311036e+00,5.860013785867508318e-01
4.083288726404416202e+00,1.739605841591141511e+00,5.578858882561447352e+00,-4.599542011490460602e+00
4.669322420717842981e+00,1.704714317818815106e+00,4.775817169668915341e+00,-7.943854354486541425e+00
2.781542755910018538e+00,4.832938314635510935e-01,2.310218722059874885e+00,9.932484994826470404e-01
2.237095468984886093e+00,9.366157961180299196e+00,5.307776482364493731e+00,-1.734763457569178513e+01
4.326906568203777503e+00,4.182424709534053875e+00,1.326669276906925266e+00,1.756036243581710110e+01
2.203295054911373896e-01,1.598939489572117401e+00,2.938010770946222205e+00,7.122619228172849537e-02
1.648191254708535336e-01,1.380887886749593285e+00,1.476577664326473416e+00,2.265872750627588583e-01
2.773510309669276808e+00,1.292539723150800457e+00,3.407876755825777759e-01,1.198170322228896412e+00
5.935973453852217974e-01,1.591986256142307266e+00,2.805398049302352259e-01,2.616459713007502907e-01
3.595297082900205332e+00,6.586075934672400933e+00,4.848190044960895007e-01,1.103550923603777001e+01
1.191962768133114636e+00,1.226353666739277370e+00,2.980924106893013903e+00,2.338509678427042882e-01
3.311654542098434906e+00,4.966006190884507121e-01,3.316497368393142686e+00,-2.861786558338289543e-01
6.839136015258698187e+00,3.460868188375398335e-01,3.555481376654270775e+00,-9.519166505691600833e-01
3.858179566989270448e+00,1.728757192482574645e+00,1.717238714929840260e+00,6.598464625659195448e+00
3.142242995463102040e-01,1.528358327147230911e-01,2.992794520709037176e+00,7.119649943983524625e-03
5.771568846917477513e-01,1.031993294336477907e-01,7.501143114673701762e-01,4.060488806607320811e-02
8.733700478980781057e+00,1.925399847792270691e-01,4.821106911136092243e+00,-1.671658511316579387e+00
1.790541745687560249e-01,8.784600886436373379e-01,4.806069544141111649e+00,-1.566022498493267190e-01
3.220312300894949131e-01,1.659684120909431515e+00,2.897118934216557751e+00,1.293662083792971040e-01
4.706909174439412036e-01,5.153937685206007036e-01,9.065403799828420928e-01,1.910103870239119872e-01
1.045113202519319717e+00,7.866320504138505143e+00,4.527072578041699380e+00,-8.080432108840183147e+00
6.109076440949057218e-01,8.644234385645758190e-01,3.229033684993883657e+00,-4.611729149022154167e-02
4.030045243198054350e-01,1.147813626049935531e-01,3.786551157434946191e+00,-2.780834782266573130e-02
1.085991439276980719e+00,4.427238858760477735e-01,2.424841614873313844e+00,3.158523712392789506e-01
1.473562609278740165e+00,1.036327023911081807e-01,1.977159642888612456e+00,1.402732994625092711e-01
3.883529590390351505e+00,1.052411771581625854e-01,3.046908460400583607e+00,3.864031776815776004e-02
3.763628846650887372e+00,1.666319287267785665e+00,2.548141147225889469e+00,3.507132160239826657e+00
1.626088038994671636e-01,2.089212933092184699e+00,2.672640816737266167e+00,1.535389688878048831e-01
2.909961616864413236e-01,5.418651018859961255e-01,2.212771052925495141e+00,1.262887934557325731e-01
2.306031857221541692e+00,1.924750829277196706e-01,3.848771367235746865e+00,-2.883680134493823988e-01
7.140910555414706096e+00,8.773161941107291639e+00,8.298649958001786953e-01,4.622448528764294906e+01
1.541496121121343488e-01,8.408075809430293202e-01,8.256327501216964571e-01,9.526048736247533233e-02
2.397802447128638992e+00,6.445278451628154492e+00,2.448125548507066984e+00,9.878632707386310940e+00
1.257592744631675086e-01,3.006264188696288753e-01,3.364440323212000816e+00,-8.355543512794615796e-03
4.972498619448050272e-01,2.972462971574019175e-01,4.742649726337456073e+00,-1.477380116164812018e-01
1.591621377338983956e-01,2.536768812369848414e-01,4.953130720247406416e+00,-3.921137423534255123e-02
5.694097185573632203e+00,3.775560676695797202e-01,4.455224002919167425e+00,-2.079143256764436121e+00
3.032146441841573892e-01,3.575994034321737125e+00,3.455216040777616904e+00,-3.345125394798129648e-01
4.872596424399800341e+00,5.630581550535186608e+00,1.908002201048286661e+00,2.589045778819415133e+01
1.092956001536806054e+00,1.752705745547794569e-01,3.107300167179576772e-02,5.951480406642394548e-03
1.051875231229977503e+00,2.936297001576522625e+00,2.435629807220283105e+00,2.003793008797688291e+00
3.515934444947041437e-01,2.388608554616381774e+00,4.191886249805920173e+00,-7.286012542324136199e-01
1.566279121818965614e-01,2.911853717071323788e-01,3.110685577803717461e+00,1.409377987624949339e-03
2.394204543907514082e-01,1.542396331353536321e-01,6.163267634929026961e+00,-4.417728760403623854e-03
3.230048103223006617e-01,7.991154638106445773e+00,5.191902832534421641e+00,-2.290073972511765366e+00
5.780561482644118731e-01,5.577222116164299415e+00,3.822026853155225723e+00,-2.028284003123886237e+00
1.387858983008330105e+00,4.168742751133332480e-01,7.662485047596496734e-01,4.011968506199023454e-01
1.192225830750141824e-01,7.006378053649234161e+00,2.126795967914281160e+00,7.094971898838281499e-01
7.781702665956127252e-01,5.722987511429548091e-01,1.684544521844616671e+00,4.424678892591800694e-01
6.348073725064526052e+00,1.185150266909904548e+00,1.454516789197150439e+00,7.472616722651312493e+00
2.786808659517979070e+00,2.943957282596326497e+00,1.160675563372237651e+00,7.523889533502076787e+00
8.706979407953442163e+00,5.498621144316131470e-01,3.826722333440128132e+00,-3.029490200055460214e+00
1.635167819191275740e+00,5.149172840699642428e+00,5.956567571225614088e+00,-2.701408274207452997e+00
4.894981316479955491e-01,4.362338296210965360e+00,1.912394496704567848e+00,2.011976602386612356e+00
2.312896602657342759e-01,2.526340753618748769e-01,3.833686048827504411e+00,-3.728817516122093917e-02
6.970665503076355352e-01,3.692889029068425200e-01,4.949883809205744889e+00,-2.501932979811073432e-01
6.199424907359257553e+00,4.543946080022561729e-01,5.118467773039172108e+00,-2.587898989716941323e+00
3.819558707056809777e+00,1.955577085849407037e+00,6.201287401807192623e+00,-6.110480000698376157e-01
8.321458753283297316e-01,1.497806192371345713e+00,6.245153681133748691e+00,-4.739093546162873039e-02
1.434734809398655608e+00,5.567987647425931552e-01,5.112136576479375805e-02,4.082095550162630204e-02
1.228067845756246196e-01,4.794167125900611559e+00,4.574805984837422734e+00,-5.831927265249905457e-01
4.010274711815798310e-01,7.934829111961264836e+00,4.705169060483370025e+00,-3.182001516742706038e+00
5.655145728017077822e+00,2.076399945716239648e-01,3.355834646003909683e+00,-2.496502378197049954e-01
3.422139188652982611e+00,5.527737049174469286e-01,5.790332423036162801e+00,-8.950262615301445290e-01
2.333453250238587129e-01,6.802717487829180731e-01,5.371854870739025678e+00,-1.254539347552623418e-01
3.534883910212298641e+00,7.345079120697797670e+00,6.160575960040389099e+00,-3.175459218034800024e+00
1.861297196979226687e+00,4.109124206558432135e-01,3.862875834256667584e+00,-5.050546870573580094e-01
1.431141926737307779e+00,1.793947016066598787e-01,1.547839340913498507e+00,2.566716280967624719e-01
7.990322674648906442e-01,1.782858508030212286e-01,4.483908112546510338e+00,-1.387539401866940969e-01
1.026082516837896863e+00,4.586829871980725670e+00,4.122006936645460584e+00,-3.909793339107309862e+00
6.155988189635884789e-01,8.441766231595511982e+00,5.296533186881529964e+00,-4.335040277638330330e+00
1.984152452841289049e+00,4.096980145848470478e+00,8.136317953180969287e-01,5.908071668314428315e+00
5.037833513262254925e+00,1.738689871014332367e+00,4.426475329143439552e+00,-8.403643657196051109e+00
2.636027647455409184e+00,3.586804074278912569e-01,1.811025802650101379e+00,9.183401723571071873e-01
8.892603600121429253e-01,2.847716737593538050e-01,1.068785631628946353e+00,2.219910757300501969e-01
4.109728863506803553e-01,2.647769976271332482e-01,4.787997279440022957e+00,-1.085052850358554505e-01
1.422945521604765950e-01,1.044726442312231829e-01,5.358047600957442036e+00,-1.187343883738500340e-02
6.905795733722650986e+00,2.155959948808760240e-01,2.916373298152441063e+00,3.324929125630817772e-01
6.957849537312648103e+00,1.039510083484713965e+00,4.009098962571521874e+00,-5.516556319544502429e+00
1.072087131648437497e+00,3.050631910324549390e-01,3.712336978206028704e+00,-1.766938924330987704e-01
2.111084517015508200e-01,3.367147975757266432e-01,2.316348238027516881e+00,5.222589704783669323e-02
1.433871440528587504e+00,1.154213927763313302e-01,3.524216904376553217e+00,-6.179024788582712646e-02
3.098608079952383410e+00,1.120705597069872050e+00,2.755477060849381932e+00,1.307766595462744208e+00
4.135448319219206859e+00,1.307707136959734395e+00,2.237656504899770304e+00,4.249395958323566092e+00
5.519356139847357845e+00,4.537794482087997849e+00,2.160697789101865940e+00,2.081286712194568622e+01
2.856076211296824319e+00,1.091337337368019744e+00,5.483845401533730346e+00,-2.234523820146755657e+00
8.996060936077663328e-01,2.244723188796256430e+00,3.193305884215093204e+00,-1.043814354212535822e-01
2.988396625725348588e-01,1.793104025724539530e-01,2.965081464875556794e+00,9.409324688099721459e-03
7.769184974531145649e+00,1.128348502484284449e-01,4.589853127368017205e+00,-8.700617025720898123e-01
1.711511751900350653e+00,1.638858955653575755e+00,2.573730732634378904e-01,7.139688512751140026e-01
2.766214787010798370e-01,2.349748086379025658e+00,3.275342570861051072e+00,-8.667724525605549624e-02
4.372903924741604165e+00,4.456299272115780696e-01,5.512823997419662447e+00,-1.357061932317976227e+00
8.658758531542694037e-01,6.035862306606524230e-01,3.665744724846273339e+00,-2.615657591785707226e-01
5.902902274736216981e-01,6.258695824702767974e-01,2.078272056836373949e+00,3.228850669349674352e-01
1.914049985494444828e-01,2.084494603153748571e+00,9.889811882743636540e-01,3.333366818693815903e-01
5.151263348620055416e-01,1.997083130721696076e+00,3.077289563658982985e+00,6.610623211032734536e-02
3.282308588231820368e-01,4.829543742844132126e+00,4.019537362559821858e+00,-1.219700893787085016e+00
4.467760109557579185e+00,4.071240989786715225e+00,2.800206755532286262e-02,5.092722331559706994e-01
5.036326255498226878e-01,1.796152633794280140e+00,4.834781179711937327e+00,-8.978341261381822536e-01
3.817914558408687764e+00,1.208764693280967861e-01,4.336167250923358196e+00,-4.292187418545636568e-01
1.713503953530460588e+00,1.668955456645680568e+00,3.144995417659371739e+00,-9.731075830435531593e-03
1.908406504801241910e-01,1.449320157466649495e-01,5.740037660170233202e+00,-1.429504833720605418e-02
2.441319370155583091e+00,4.548768931097414203e+00,1.242614471049207969e+00,1.051232326969819653e+01
5.749926740205590914e-01,7.762362489397321319e+00,2.635955543804617385e+00,2.161866724489748925e+00
6.138275995098748661e-01,5.881268469116389674e+00,3.682560197616740361e+00,-1.859069618550758696e+00
4.511770296970998295e+00,2.324102845609756496e-01,2.377886190954233925e+00,7.252026297013038914e-01
1.007194849001005338e-01,9.124063455037528803e-01,1.211237479882687262e+00,8.602047438763381348e-02
9.788878898358966296e+00,1.334474025706597011e+00,5.677200169320950174e+00,-7.440322693606094440e+00
3.574887463110725250e+00,1.566081528807337309e+00,7.583965610077648689e-01,3.850459866703007883e+00
4.756880092360198375e+00,3.203992112338947540e-01,4.274380641571773332e-01,6.318017798979047583e-01
8.582197456284625048e+00,6.377148520425738321e-01,1.725473418412681870e+00,5.407654501838871752e+00
1.105444247018647352e-01,4.060090936418584429e-01,6.142431063907667355e-01,2.586732247620306124e-02
2.836788758418804512e+00,1.725234586625362387e-01,2.469766793582263809e+00,3.046182867072346756e-01
1.720585503091754398e-01,3.815699208813833065e-01,1.261609695765657069e+00,6.253922276986312312e-02
1.641295491114718452e-01,1.214731573673016207e+00,9.021404660641886286e-01,1.564394218317597396e-01
4.620619213287187610e-01,8.945405312508040163e-01,1.055591631907765837e+00,3.596791237226664162e-01
1.835843791225198585e+00,5.708845823339539827e+00,6.096996565467494023e+00,-1.940105396800820392e+00
5.300220610698239687e-01,4.710301406561029358e-01,3.868791837498984254e+00,-1.659665404055945537e-01
5.376982065963326063e-01,1.474209587572514746e+00,3.159760326627176763e+00,-1.440035615875902113e-02
1.385965513772261515e-01,8.851850259992108949e-01,4.180546635454706283e+00,-1.057378275550041324e-01
5.234231424232647534e+00,3.444184395327928527e+00,1.234851166324354876e+00,1.701989674432199351e+01
8.796285942019256288e-01,1.836774899204924594e-01,2.237285059577787560e+00,1.269919862798527810e-01
4.079703136391416574e-01,6.082852029273849936e+00,3.503217539351088039e+00,-8.779845688195418996e-01
1.038178087979171327e+00,1.013721586225425852e+00,3.653740200217867162e+00,-5.157405539832428110e-01
1.624305220628040836e+00,1.257995447555768642e-01,4.248114141702943880e-01,8.421722433240752537e-02
5.664839391961395965e-01,2.415091718203261184e+00,1.485694027072067769e+00,1.363159456025005989e+00
4.875262804030514374e+00,7.161317579811170120e+00,4.500356760163366943e+00,-3.413143079668604685e+01
5.566917606802908480e+00,2.802319008138018930e-01,5.198864168272854691e+00,-1.379043202789977052e+00
2.837971181099342211e+00,3.912577357207400741e+00,3.324124181154560098e+00,-2.015554300176590985e+00
1.021978664390165714e-01,1.702870037511399648e+00,5.350875843229048634e+00,-1.397455718918493572e-01
1.717085956069248631e+00,1.062224860457446685e+00,2.438275875619565713e+00,1.179629360695888529e+00
2.028575529636019947e+00,1.915352905918187576e-01,2.286942576856576981e+00,2.930946160521996080e-01
1.884219337203248301e+00,4.293269379154310283e-01,1.836846803693224617e+00,7.804848367212682270e-01
3.208851465984921436e+00,2.454867910785868634e+00,5.477072342879862887e+00,-5.684277005108250513e+00
2.016794937966326917e-01,7.705446641751180215e-01,3.546805184574024494e+00,-6.126207489800782058e-02
7.798312327227449048e-01,2.831557656696974123e-01,2.784689893697601448e+00,7.714653615933174391e-02
4.142486096813529528e+00,3.402514752624320238e+00,2.630336311206637134e+00,6.896243969787223982e+00
6.770336402088848793e+00,5.245813372915576478e-01,7.247304965256826659e-01,2.354470091091656059e+00
7.239560126794700068e+00,3.296060439919876295e+00,4.048703074099973875e+00,-1.879676302115908371e+01
4.418428161738509052e-01,1.092574444142709322e-01,1.825109842894952372e+00,4.672192325593253065e-02
7.138294219575042066e-01,8.715034042647259227e+00,2.124815824368491590e+00,5.290482871802480780e+00
6.243820981410371118e+00,1.406137846944144065e-01,3.233496635840795719e+00,-8.057515165889636566e-02
1.679973254199707222e+00,2.641207880694615984e-01,1.491735358312039184e+00,4.423298286980636429e-01
2.534116802016403103e+00,1.659324771466975379e-01,1.160709882309458041e-01,4.869743635042316637e-02
3.355800632570820619e-01,3.714495635508946458e-01,4.290483880166517494e+00,-1.137204731257629164e-01
3.860449092900227752e-01,9.674352834953986457e-01,4.496124548891325290e+00,-3.647737193478060025e-01
2.136875510726564953e-01,4.372520601628641645e-01,5.159209081859235546e+00,-8.426237402588891701e-02
1.194777129969388368e-01,2.894352284531343522e-01,3.929617565989028449e+00,-2.451664758114911399e-02
2.144051360133145956e-01,2.191968298740632815e+00,3.213125574426899611e+00,-3.358961074013840781e-02
1.292285557436135379e+00,2.065850450670451977e-01,4.301586131963059501e+00,-2.447553611887195169e-01
6.543759729726098540e-01,2.055672215293846139e-01,5.936978775216329218e+00,-4.564632931335062954e-02
7.493274405081003842e+00,6.600581489660878320e-01,3.597840258655576218e+00,-2.179120374532859561e+00
2.061742683872360260e+00,8.431146290323400239e-01,5.821465399653530604e+00,-7.743862973567167129e-01
6.102578980894089788e+00,6.357198783456564639e-01,3.141311146471573057e+00,1.092115511932901508e-03
5.889927956220146754e-01,1.064369331269209074e+00,4.020205263255864914e+00,-4.826260904477773783e-01
2.481782991729759136e+00,2.274591954770069702e+00,4.027654225247095710e+00,-4.372576465419483860e+00
1.396669575749128978e+00,3.237633287189243259e+00,4.031907965253429538e+00,-3.514741019889651152e+00
9.373887010612956816e-01,5.595802514033466624e-01,6.084956939190290903e+00,-1.032999079252529540e-01
2.745161541840837605e-01,2.194538972052300974e+00,5.495003050990497684e+00,-4.271711973098367143e-01
1.782796880720284083e+00,7.201824481970089398e-01,2.817948404022337372e-01,3.570379477097366250e-01
3.941901864965413615e-01,4.684056647025104381e-01,3.865506868420837128e-01,6.960886081334775877e-02
2.222356032594488828e-01,3.413181245419518173e-01,1.978042233314183607e+00,6.964940991344807653e-02
1.245677207739919412e+00,6.019620845129721509e+00,2.531379145779834250e+00,4.296961369217595639e+00
1.300980744370250353e+00,1.292423269683053322e+00,4.118364474025068667e+00,-1.393382307300071954e+00
4.895945713336367633e-01,3.234504747701899552e-01,5.046423735131073229e+00,-1.496066202162783521e-01
7.001125049111308840e+00,1.793782470316364619e-01,3.082568322097529290e+00,7.408264623884447397e-02
1.226110402597626603e-01,3.770253580484703160e-01,4.711273335154083419e+00,-4.622744258579421922e-02
2.737677019422581459e+00,4.211974407622121497e+00,3.607351183665113314e+00,-5.178591215078612642e+00
1.921144247520884640e+00,1.268006011296746616e+00,3.552765161298232943e+00,-9.736401364782352186e-01
4.066764409723799822e+00,2.971650738258752700e+00,3.757918632063047326e+00,-6.985627953793045464e+00
1.643878959599366363e+00,1.046637784700262114e-01,5.538189887688078628e+00,-1.166475779871914698e-01
9.785223741029113187e-01,4.281564581931589508e+00,1.461785677636760372e+00,4.164738158809984547e+00
5.777003009527951427e+00,9.552596155774362163e-01,8.005258916485388232e-01,3.960778015219038828e+00
4.885132796226314689e-01,1.437468485540377705e-01,1.142215349525334545e-01,8.003463078002731601e-03
2.107573542852217319e+00,5.705766276867301201e-01,6.248117687851665991e+00,-4.216129911870355323e-02
2.674832168219304362e-01,1.435893041641111700e-01,5.307450941110354314e+00,-3.180596915442973627e-02
1.043011919124893438e+00,1.784399497417676894e+00,1.967939149446753078e+00,1.716296402610773431e+00
7.533631791187697102e-01,2.075722881197575864e-01,2.081529063147876890e+00,1.364214725533164918e-01
2.914584154337897526e-01,9.092044769480994049e+00,4.157578850405498017e+00,-2.252461277873672341e+00
6.438807030216372462e-01,1.053500992759527355e+00,5.437331035925798695e-01,3.509228491900447389e-01
7.155346176046613049e-01,6.658899337551358322e-01,1.808500564179879699e+00,4.630695739504139818e-01
1.792888702150637004e+00,3.700140107122921185e-01,4.837172155163924181e+00,-6.582358369779778284e-01
3.532188109219634331e+00,3.404704226816592794e+00,5.744685392795418011e+00,-6.167548004202093814e+00
4.627741030265966615e-01,1.561049963370497506e+00,1.577114972848704388e-01,1.134611939315552792e-01
1.162663216259801069e-01,7.108447176286363245e+00,2.037614518869360070e-01,1.672404408651564645e-01
5.091127272415830740e-01,9.678578367823139628e-01,1.120994563702293778e+00,4.437366568462057237e-01
2.510796453783188387e-01,4.746515311182634145e-01,3.023633040407056161e+00,1.402529814027391776e-02
6.927178579683708648e+00,1.062606600518982980e-01,4.368995986486832739e-01,3.114620240206880664e-01
5.526888676731771533e+00,1.881527310383336982e+00,3.275025966552794987e+00,-1.383458123849410581e+00
5.606761927993670902e-01,1.212371258225753756e+00,4.804961619554509511e+00,-6.768371660086861530e-01
3.174796194665628346e-01,1.187132376528712563e-01,3.922865073663302837e+00,-2.653999290536241534e-02
1.199700424416680455e+00,5.734610792016413550e-01,3.939604134550944270e+00,-4.925736048145943902e-01
6.604622183107853317e+00,2.210667533531066820e+00,4.948782012301626843e+00,-1.419456646793538823e+01
1.899629568495926790e+00,2.243734948819836317e-01,2.417136703451542079e+00,2.824723052896925823e-01
6.809835875911034897e+00,1.953322997801391903e-01,5.838969365247728582e+00,-5.716453079933017101e-01
2.911502497685618085e+00,7.002288969320097367e-01,4.357799096641077341e+00,-1.911887408912452679e+00
6.231627512876055652e-01,2.621825926264363282e+00,2.205199049830521396e+00,1.315924281822758557e+00
5.172180205982692236e+00,2.210088797630273660e+00,5.740981835918478104e+00,-5.898666505217954104e+00
6.789602122712583565e+00,2.851807368153663202e-01,3.424569724520661662e+00,-5.406349437778036338e-01
1.051193282011329971e-01,2.960595691666614293e+00,3.040441063291844603e+00,3.142632161898248344e-02
4.252268767760112866e-01,4.225869701678632850e+00,4.773627107487541821e+00,-1.793585042935628593e+00
1.256126875859936209e+00,6.793115120694737108e+00,1.056483524126794249e+00,7.429106799959328988e+00
6.519440278327882643e-01,1.807163969758037447e-01,3.740277603353372893e+00,-6.639653753118303359e-02
2.009895376984584814e-01,5.426679803192451246e+00,4.773603354172721858e-01,5.011097582927137584e-01
4.245953326098542924e+00,1.360835467810346533e-01,3.417294755129759221e+00,-1.572914071439380224e-01
2.998173817716253353e+00,9.973992060022281336e+00,3.673870150175321037e+00,-1.517607147920378452e+01
1.714325307273105059e+00,3.629315453934889302e+00,7.973049444403088604e-01,4.451567040544041731e+00
1.589784475729425217e-01,8.804432327182411200e+00,3.678659311313154046e+00,-7.161191425510143871e-01
8.353652976514300832e+00,9.072400556331491117e+00,1.479127009681352911e+00,7.546947688308468116e+01
6.001186223627026362e-01,1.292406132292800991e-01,4.142755961220897731e+00,-6.531294113128742473e-02
9.166685071276578611e+00,7.752490591388345731e-01,1.847073651660236182e+00,6.836969515628487315e+00
4.644835211726000779e+00,3.859056013439690069e-01,2.651952747611280525e+00,8.430122468825269610e-01
1.013824568129330972e+00,2.412674003715663540e-01,5.247426879119045928e+00,-2.104194044975206124e-01
1.488475149833146105e+00,1.286832595168615478e-01,3.248329251258132100e+00,-2.040572605319339664e-02
9.499940193104484676e-01,4.195187389022277280e+00,5.932641734662082555e+00,-1.368620739590524105e+00
1.059770438017238137e+00,8.449333148151051409e-01,2.839943951251817200e+00,2.660292484721303863e-01
1.427541649903095733e+00,1.829607665380483528e-01,5.497295403821111037e+00,-1.847758532138994436e-01
2.613161732331522047e-01,4.015603129920378156e-01,5.173804632218537591e+00,-9.396051303107355590e-02
7.638751060487595224e-01,1.502446228968489228e-01,1.246915590232964943e+00,1.088010480787269529e-01
1.780533434478373422e+00,1.213501476047684768e+00,4.460472379783633201e+00,-2.092481259781771907e+00
1.252823138723287544e+00,2.287645017351634391e-01,4.784834978859177745e+00,-2.858496871744897749e-01
4.305568261753393244e+00,3.875538314853361754e+00,3.338895666169688692e+00,-3.270956945413667327e+00
3.258367695081755500e+00,1.721581455875107747e-01,2.387337080901016151e+00,3.841115645983856353e-01
7.187842880141139368e+00,1.947728620480274619e+00,6.031894796865558961e-01,7.941789282287941454e+00
3.179910781364512218e+00,3.518651903363509970e+00,2.476667731405883532e-01,2.742900284944651546e+00
6.434837212763149239e+00,5.740483823507596117e-01,3.335295588142267231e+00,-7.110546969417205210e-01
1.902262042577654411e+00,2.256368534548549576e-01,1.849697640693259926e+00,4.126346949311841539e-01
1.029442397528424480e-01,8.971951092869805411e-01,5.476284688773958464e+00,-6.669823895324127061e-02
2.518810588547203966e-01,7.108998863295883375e-01,1.006050027191842666e+00,1.512582245772752243e-01
1.045934282215720407e-01,1.406316457022545596e-01,3.354209271079238608e+00,-3.103899207519041688e-03
6.413362188510344231e-01,2.489950410453703800e+00,1.931203285261810398e+00,1.494300258925366220e+00
2.778333450061547527e-01,3.966214482304920019e-01,6.273921198684354827e+00,-1.020840717568329481e-03
2.554059033582277927e+00,3.551687419933946543e+00,6.992669371051356553e-01,5.838752345560635604e+00
3.425223811634097726e-01,1.028287732828762763e-01,2.182450321789596526e+00,2.883553870859442356e-02
2.846442712738529224e+00,2.107975971742070409e-01,3.146003015232813116e+00,-2.646311099122091760e-03
1.179350978179640880e-01,1.174812028411855724e-01,3.086595293296877651e-01,4.208944405226435793e-03
1.654335324206179791e-01,2.754876000066085240e+00,1.431951217810194743e+00,4.513629656060280659e-01
2.364783336906879918e-01,5.202418039637311864e+00,3.376555102999919900e+00,-2.864122858431482066e-01
2.929995877242362656e+00,5.089414278840311834e-01,5.121459913535085562e+00,-1.368158815733252931e+00
1.435471881103356218e-01,3.389417399949450349e-01,2.061011729157797845e+00,4.292420762255756000e-02
1.774820074324570562e+00,1.285898202548471925e-01,3.166686216152390099e-01,7.106947348475388393e-02
4.226015977118998457e+00,2.218051877546945716e-01,2.108430420005856565e+00,8.051131191968913248e-01
1.620853851719380900e+00,3.912612181856903182e-01,1.031724689508436432e+00,5.442417963447050422e-01
4.490405396806880778e-01,2.021549334722702262e+00,2.589149662146461583e+00,4.763624848936065526e-01
4.895648361385830150e+00,8.079560817782284188e-01,3.153755012941494407e+00,-4.810664774138298516e-02
7.803709912474084964e-01,1.659663806844067502e-01,4.714631021909410080e+00,-1.295150234879184348e-01
1.561114887657512496e+00,1.056251643834334591e-01,1.387499408570908921e+00,1.621307454650686430e-01
4.693674792992780231e-01,9.440197235113412688e+00,3.450487697285196553e+00,-1.347027470176417108e+00
2.866996284709487086e-01,9.387139138264872784e+00,4.843638814249108471e+00,-2.668141788234786205e+00
2.490895924306660847e-01,7.411075363309348241e+00,3.009323744940100909e+00,2.434599382825201053e-01
9.530802733075841360e+00,5.897641692390782175e+00,3.598342690789385845e+00,-2.479017379835779877e+01
8.989592834215288875e+00,3.177123252496514838e-01,6.237701377861094798e+00,-1.298620655984251970e-01
7.358743154282105792e-01,3.837671874970831176e+00,1.194261468741082632e+00,2.626203913606413476e+00
1.983566112716079299e+00,2.826013096206521080e-01,3.438225552791625006e-01,1.889577159022036157e-01
6.799915351243274841e+00,7.840400529033584309e-01,4.639312160015428788e+00,-5.317176880717147114e+00
2.159328005599806533e-01,9.871018809829698037e-01,5.760938879490629105e+00,-1.063241077631711246e-01
9.133694411212744058e+00,6.996125737490924701e-01,4.063964908633697526e+00,-5.093101313544847741e+00
2.081751329624168534e+00,1.560823971213230466e-01,4.628699842392470565e+00,-3.237875360984963646e-01
2.848595992154367984e+00,8.832826809041851579e-01,3.859080100854876516e+00,-1.654329944648273099e+00
6.573854702322285970e-01,6.452262810801660642e+00,1.637802867634297277e+00,4.232105200600949857e+00
1.448525556163908323e+00,7.058812790912842861e-01,3.985860193471501223e+00,-7.642934986693848964e-01
9.018663453433299892e+00,1.389133178094453802e-01,6.023582576011126122e+00,-3.215927183573648596e-01
7.842363015940052584e-01,4.594155217794618773e-01,1.944422859956551619e-01,6.961506721747875992e-02
3.554866356991160381e-01,2.071339005801854150e+00,2.301607464100950295e+00,5.482982725309127892e-01
1.069680876706817996e+00,1.629706202733274822e-01,5.729990799397531198e+00,-9.159255902076950118e-02
3.520615454915963394e+00,1.858398312570890276e-01,2.970248739713690078e+00,1.115575420181954824e-01
7.349768849483075961e+00,6.720959577136572882e+00,6.207351046482134649e-01,2.873123002505119317e+01
6.025625655214765786e+00,6.662785566926662462e+00,1.146638730468919065e-01,4.593381358395204117e+00
3.780222506677809680e+00,4.038789047232275164e-01,6.089001502801967725e+00,-2.946108593585360924e-01
8.551140906645715134e+00,2.917589000361082263e+00,5.886570953542018536e+00,-9.637631825412043440e+00
2.081765919284753075e+00,7.005074928027169578e-01,2.994453516663524439e+00,2.137985115273629833e-01
3.458310562903778584e-01,1.977248413892669143e+00,5.278226081635701838e+00,-5.772178624749938480e-01
2.792521255051115814e-01,1.937727494101989523e-01,1.623134719973303275e+00,5.403735510398412906e-02
2.038998630362953701e+00,2.757795417565624962e-01,3.130318851888528986e+00,6.339283458883961456e-03
1.097484814897300570e-01,2.062846320762877217e-01,1.871660648642473168e+00,2.162247817132427474e-02
3.622431192790845911e-01,9.325816088512400848e-01,1.828564636463025916e+00,3.266600937652672787e-01
6.005988586396846962e+00,1.071671744853986086e+00,1.939316410105371924e+00,6.004314690362463125e+00
9.732730036994962086e-01,6.133823937261043691e-01,3.821801910055919294e+00,-3.754793488357010545e-01
2.953664571410903328e-01,7.535305734389392995e+00,1.259305543940822947e-01,2.795404646496341128e-01
8.436872323123180806e+00,3.285250392640374884e+00,2.334562369036567109e+00,2.001839742436606784e+01
1.264461789348308551e+00,1.387038968146878215e+00,5.847833312860147847e-01,9.681623419427751731e-01
2.176440734696627466e-01,1.586627626847189498e+00,3.339642962803168302e+00,-6.794453626645025057e-02
1.018414647140469365e+00,3.347657068902885058e+00,3.811756369974811598e+00,-2.117566852505726960e+00
4.301676513910442701e+00,5.802956321748605761e-01,1.926059056437413874e-01,4.778242074192265432e-01
9.945536921419061427e-01,6.094616503027551424e+00,5.214948383350977323e+00,-5.311944385730882345e+00
1.485014834907952164e+00,1.973771639734792638e-01,3.011656040791325761e+00,3.797838382420092723e-02
3.521365034050303322e+00,5.749138948760998069e+00,4.121061410956820659e+00,-1.680727407719460587e+01
1.837852288953962354e+00,4.736024487784604720e-01,2.672677322420746293e+00,3.933553920555474259e-01
8.939370374365868344e+00,5.955170367655035157e+00,4.411969525633848144e-01,2.273272395367262888e+01
1.740579454298998074e+00,3.734059952114762160e-01,1.819828157405007252e+00,6.298930405373021069e-01
3.054219313967848071e-01,8.285293663950250576e+00,1.856763520304028692e+00,2.427744519139304558e+00
7.896203428049851647e-01,5.260689844508945612e+00,2.584178851670797528e+00,2.197410322269399696e+00
2.679111417021888819e+00,2.129409741851132354e-01,5.882349708336682248e+00,-2.225992755647969445e-01
1.184784276739678344e+00,2.809223136047719116e+00,1.194505523941350900e+00,3.095454130114319025e+00
6.211201237874954817e-01,1.319519905416396133e-01,4.270746798607650163e+00,-7.409424286879766341e-02
4.569279039598939107e-01,4.810880628536258197e-01,3.706953951396550373e+00,-1.177635461696337760e-01
3.610639013152707744e+00,2.225345275708359438e-01,3.711856989107761073e+00,-4.337687489536369290e-01
1.122358069288089455e+00,3.605111493461395256e+00,6.280070657879084806e+00,-1.260255452751883609e-02
1.032698385006070918e+00,4.984876538859646100e-01,4.889253484650324388e+00,-5.067568157822710528e-01
1.567876772371480376e-01,1.567683233521145747e-01,5.478600361050707690e+00,-1.771046990737591351e-02
8.294856878755000551e+00,1.831939548990138444e+00,3.003043415386136505e+00,2.098620170520694383e+00
5.775172213336974281e-01,2.544689763855350062e+00,2.769981522239421956e-01,4.018913178225102523e-01
3.984477323287201056e-01,4.168864238981712766e+00,1.273743709183952522e+00,1.588325002782976281e+00
8.815665938104323418e-01,1.794139056231591201e-01,1.600413165426799900e+00,1.580959428199995298e-01
3.704362371001308496e+00,5.110970196820228573e+00,4.994006542120615344e-01,9.066949050713590808e+00
1.206686374088733193e-01,1.353663130078497923e-01,4.020418194390919631e+00,-1.257737807744894153e-02
7.309513113553700592e-01,9.653622050905925178e+00,4.582337643530246751e+00,-6.996738685199519026e+00
1.897240962196496405e-01,4.435789836336647696e+00,2.387836639466720534e+00,5.759597657904860224e-01
2.757586498202944103e-01,1.960738352152475272e+00,1.193963293922946228e-01,6.440319695507465414e-02
6.783586094832498858e-01,2.176355587807978220e-01,9.974957162497729568e-01,1.240303811864033739e-01
1.510062709217658006e-01,7.888428268473393068e+00,3.440088698856531013e-01,4.017493388720114189e-01
3.460964405602958927e+00,7.966628131602266905e+00,5.691764838055331843e+00,-1.537263522335255139e+01
6.864932498853335563e-01,1.044863877605446273e-01,2.218097459932566462e+00,5.721940237944382612e-02
6.508959971253137633e-01,2.030271555408700856e-01,8.397803960814892443e-01,9.838489026401327220e-02
9.794413806287650681e-01,7.898930460871889103e+00,2.467314957672892550e+00,4.830178728578806258e+00
1.500120715359169188e-01,1.374023988048558020e-01,5.789782824004243711e-01,1.127825799835927879e-02
3.996946679011731174e+00,2.708547300846679828e-01,4.776131650789183780e+00,-1.080393303718634845e+00
2.111796169070990103e+00,1.893801869662259163e+00,4.053821517174377997e-01,1.577213094464070320e+00
1.413855019266461732e-01,1.565681622867517442e-01,5.410324907737265043e-01,1.140075249694201889e-02
5.929209635373337006e-01,2.157524819278768824e-01,2.835575307445307391e+00,3.853887179244510491e-02
1.603960581351300263e+00,1.226928841500310563e+00,1.933880226436496708e+00,1.839647252463836313e+00
5.113203310842797666e-01,3.247769662664493850e+00,3.774764372420380099e+00,-9.826146778362223611e-01
3.541890137126467941e+00,1.467681026042002346e+00,5.305401275190704702e+00,-4.310801256328257836e+00
3.439176083476353507e-01,1.340394165917634162e+00,5.147739152998874523e+00,-4.179855761853754625e-01
4.439293871839850580e-01,3.413619514131845389e-01,3.556572741132904003e+00,-6.109688331273379486e-02
3.934668656871136427e+00,1.586784928575243059e-01,6.051550065037917037e+00,-1.433310322629578470e-01
7.415747155066396701e+00,7.961905927002559391e-01,1.236547709550860574e+00,5.577584224418378867e+00
1.239325722142709946e-01,1.495750740197797413e+00,2.903049644998204615e-01,5.306177246576478101e-02
3.834641683658459588e-01,3.845573894119560521e-01,4.236377504798539029e+00,-1.310703617455203640e-01
4.671787014468878674e+00,3.335036044965474233e-01,9.205124731338192312e-01,1.240076878805742799e+00
5.239246638269801082e+00,1.806792178611267508e+00,3.110065022217801456e+00,2.983983651502605805e-01
3.043115564841960996e+00,6.822456684010178130e+00,2.928447784757394423e+00,4.391781591188724576e+00
6.267203551488369939e+00,2.474643197058412070e-01,2.253879403128211667e+00,1.202932386825593225e+00
2.667651189904591269e-01,5.346686818386985340e-01,5.023933857771230471e+00,-1.357648651819472474e-01
7.272759036721998527e+00,3.722001737765735285e+00,4.055046883679813696e+00,-2.142851147400347855e+01
3.347670784869703375e+00,2.279078393394102231e-01,5.389607837691193559e+00,-5.945891454732791237e-01
2.646786622700236236e-01,1.331004845907289402e+00,4.789876325772255861e+00,-3.512314899968839721e-01
1.610486523447325569e+00,4.508118090763617580e+00,4.800769673633499934e+00,-7.231926391649166952e+00
1.056114511083758201e+00,3.136087609443911184e+00,5.989570193012387911e+00,-9.585604309381881016e-01
1.050668076427456077e+00,2.684379498377316708e-01,2.785289263274251859e+00,9.837870529155279264e-02
4.623363837594733905e-01,3.197398460685464960e-01,3.061645333910805622e+00,1.180581586594737185e-02
4.214077611008442581e+00,3.576820772690334493e+00,4.290839012491003857e+00,-1.375344700504157203e+01
8.295409578267134876e+00,3.700407285780751732e+00,2.030528184781489554e+00,2.750923369116785366e+01
3.964798089701196293e+00,2.005104392576396166e-01,1.437017676068089278e+00,7.878802090326761931e-01
4.146007012817043424e+00,6.045890800801312359e+00,6.013107887979819210e+00,-6.687842007471108019e+00
2.288870368242285736e+00,3.544976684910381981e-01,4.364577420524860862e+00,-7.628133336444364865e-01
5.907192243797315889e+00,2.947434085767304257e+00,3.433080604113099898e+00,-5.003550790333823883e+00
8.503593171855194921e-01,5.026554359115114057e-01,2.820174065402384578e+00,1.350330587486263390e-01
1.435386869677542088e-01,1.409866442622584870e-01,4.388726793371917623e+00,-1.918627117061518297e-02
1.159568622912389602e+00,6.437612521911511010e+00,4.616913793646887143e+00,-7.430856345670195928e+00
5.008856977931568366e+00,2.193516145337220946e-01,5.038723551264721934e+00,-1.040715545211918780e+00
6.314054075715025416e-01,1.976499637557602052e+00,6.164714223627922429e+00,-1.475030515022529298e-01
2.203777064476888370e+00,2.158014869446732709e-01,1.731681309740821018e+00,4.694367021945328733e-01
7.094367544070420140e-01,1.246796586379460142e-01,1.123276033620043135e+00,7.974180494113648765e-02
3.315496167261159921e-01,1.121854592900666026e+00,3.575968791301714411e+00,-1.565333268303448488e-01
1.276682785729117420e-01,6.287017206437572892e-01,4.951303026086238290e+00,-7.798537455966887688e-02
4.192463630766976590e-01,1.960227049382766151e-01,3.505360097619831361e+00,-2.924009462744616220e-02
2.610636663953771475e+00,7.108376915250917971e-01,8.812393698448013346e-01,1.431754464770989443e+00
1.961646143619911964e+00,6.428931059631873834e-01,3.723647739188137518e+00,-6.932951823131041635e-01
2.403931491943308796e+00,5.228308313531188745e+00,8.512394414316203084e-02,1.068588261205055456e+00
3.291639755542147827e-01,2.178034245725472662e+00,5.817288921895673148e+00,-3.220622249412318783e-01
2.359854015007104788e+00,6.371368555258206667e-01,4.918975598550977324e+00,-1.471579636328511409e+00
3.022709518373023041e+00,3.294651814274599300e+00,1.290560830960356009e+00,9.570286867360872307e+00
5.596505453528437535e-01,2.365678054832278665e-01,4.463774971731378827e+00,-1.283247271458620165e-01
1.017963917839422167e-01,1.472633144797277138e+00,5.914739063920383622e+00,-5.399208934063574189e-02
1.176174753293976333e-01,6.554441004354337741e-01,3.710853751376467891e+00,-4.155317265051140102e-02
1.619532631833212832e+00,1.555500205180937456e+00,4.360085267449646196e+00,-2.364455812635553489e+00
9.105826094247033708e+00,2.594167578293244958e-01,1.278015316249202282e+00,2.261680142595655418e+00
5.893951703010494647e+00,4.120937766458220075e+00,6.004956589204077488e+00,-6.670937051433835308e+00
6.478050157258420372e-01,1.116239964137710067e-01,4.496747820960774966e+00,-7.063582848993767149e-02
1.047587404913010584e-01,5.897076082714863832e-01,4.575230695433840644e+00,-6.119684978493693250e-02
1.388949649473908698e-01,2.033894462604120879e+00,4.388355524173868649e-01,1.200292162830173676e-01
4.420096575086661872e+00,4.387269009575955003e+00,1.346924857579157697e+00,1.890822676215864817e+01
1.643977806681859721e-01,5.484024743933026080e+00,5.050282394129854247e+00,-8.505827855768969270e-01
1.502553001220248985e-01,2.479234002158242633e-01,3.223182105989984780e+00,-3.035983403469152530e-03
5.863950008845348894e-01,5.013372104705745791e+00,1.676122773236343955e+00,2.923524747309034222e+00
1.813401164444757574e-01,1.428435328580794639e-01,5.563910136506995840e+00,-1.706609452595144599e-02
2.489833242129248614e+00,4.676630486586777380e+00,4.568313795332963778e+00,-1.152338754917327179e+01
5.818645681590569607e-01,3.559562215789571216e-01,4.085019795198914228e-01,8.227464632935199695e-02
1.441801941032441747e-01,3.597899159983615203e+00,3.430587408489765178e+00,-1.478367484496975470e-01
6.328397936594516437e-01,8.678565428944531313e-01,5.769801125111206019e+00,-2.697344344492682566e-01
4.372261105467801778e-01,1.064396324914520520e+00,3.793596075669590117e+00,-2.823844463460427612e-01
2.478769581156056834e+00,1.320699885581682609e-01,2.358115721120139341e+00,2.310411381228466843e-01
1.653737228947627647e-01,1.099522085290151469e-01,3.081830177479022437e-01,5.515471176882737712e-03
1.120847564488963444e-01,1.048352575814139653e+00,3.340491404218622673e+00,-2.321767291821034973e-02
3.860586840465580760e+00,6.230695527249120680e+00,2.392218814622923961e+00,1.638521121333293351e+01
2.999046707842679460e+00,1.530255900110696121e+00,5.900328997244315588e+00,-1.714435047972918458e+00
1.711073203092637329e-01,7.994768477020194553e+00,3.107691675830849820e-01,4.183109680190938984e-01
4.807804290328865804e+00,2.116445168587259840e-01,2.245219922739274399e+00,7.947711606055303246e-01
7.007202880203233786e-01,2.054213818559439186e+00,1.641359598478748794e+00,1.435847199878641289e+00
7.167562203332619175e-01,4.212042430291521811e+00,5.069905491012296039e+00,-2.828112155962077434e+00
9.970726143834862665e-01,5.816122924758565516e-01,4.243521068116616668e+00,-5.173260811240936174e-01
6.813827826084337680e-01,2.486519921227699825e+00,9.421707150153461052e-01,1.370388853378002869e+00
2.992856212942168748e-01,1.953267371812503761e+00,1.775645312570442780e+00,5.723621724446974479e-01
7.486534569282527585e+00,3.154257811326739436e+00,3.928284813194333314e+00,-1.671953799414147213e+01
2.089948823681770929e-01,9.328425050098072546e+00,4.381574865470334146e+00,-1.843882691563019094e+00
3.096338284532543783e-01,1.184960719650967720e+00,1.604977996985681998e-01,5.863477974629455192e-02
4.528910432219297455e+00,5.377833731979104748e+00,1.723197467788488479e+00,2.407342994214649678e+01
3.900052300838142139e-01,3.206322086392136006e-01,5.107091157793678171e+00,-1.154334203138356885e-01
2.206452928834646554e-01,1.783148709951182520e-01,2.836578293938385897e+00,1.181537475968651336e-02
1.177224195241640903e+00,4.891511911527052225e-01,5.698838842005724992e+00,-3.176650128900339598e-01
1.399727252611546735e-01,7.495683909737617334e+00,3.179115666657915007e+00,-3.935958128624377633e-02
3.837403985632283909e+00,6.342746131659358966e+00,3.000896612245354422e+00,3.413209500987614664e+00
5.425129951337391843e-01,2.265707036040708888e-01,2.809241007228790110e+00,4.010392677395314964e-02
5.211579792356437757e+00,1.040687081422902588e-01,2.803082320024451679e+00,1.801089630908514483e-01
5.098977780326070075e+00,1.730376626995362710e-01,9.370398089252007789e-01,7.109772440126733706e-01
1.136682287469391039e-01,1.233329185031093594e-01,2.258746951672266690e+00,1.083038957030755221e-02
2.904054455686965852e+00,2.702001601671921716e-01,5.746589419836102053e+00,-4.011367821052496674e-01
8.680436883492410161e+00,4.775195044979047565e-01,5.095491915091681090e-01,2.021901679172316779e+00
7.437720235092255550e-01,7.719789923590306024e+00,4.571328118533457108e+00,-5.684733147287408528e+00
9.315787883363347177e+00,9.859390305792153919e-01,8.046539416506238718e-01,6.618481044692255288e+00
6.378158666521728470e+00,2.742401658750150073e+00,3.912969399209657251e+00,-1.219370734917182908e+01
1.838405753815841148e+00,2.008518291397046962e+00,2.495400629765944345e+00,2.223423821186035099e+00
3.845396236688050529e+00,2.210703675066403306e+00,4.666642579329703722e+00,-8.492137948132896241e+00
1.126043578644757015e-01,1.531654972922939173e+00,1.187638506594638876e+00,1.599649277132628167e-01
8.799688664770469515e+00,4.401098659536641478e+00,3.544226622452633979e+00,-1.517541380928293115e+01
1.448024822469525796e+00,1.758767163918528997e-01,5.794802540025686177e+00,-1.194925470407966900e-01
2.793032568431988327e+00,1.089716480076550864e+00,4.517400049979118926e-01,1.328633697449951523e+00
5.019460359347386103e+00,6.038038379546425416e-01,5.374865326019588885e+00,-2.389675383586316482e+00
7.869008907928781049e+00,1.133125878824467747e-01,1.639710136615137870e-01,1.455517462646935822e-01
5.218482346806062599e-01,1.651506356856697444e+00,6.078721534165169693e+00,-1.749889530475672583e-01
2.090723678229091664e-01,1.568241140411541279e+00,2.101418117476525182e+00,2.827905170369511278e-01
2.811685048361410200e+00,1.587093427735787543e+00,9.770678392600223860e-01,3.698712885029057595e+00
1.063852115151114608e-01,1.068590348767839426e+00,8.269105066694500961e-01,8.365223916056724329e-02
8.213760605065956177e-01,5.245434968673537313e+00,4.251708898768374212e+00,-3.859317813161420752e+00
1.934266263134364061e-01,3.796334928739528158e-01,2.096803683636805360e+00,6.350469002938184671e-02
5.964287649764530297e-01,3.143853753561250408e-01,5.915738611077670406e+00,-6.735937310703002390e-02
1.659608932562074424e+00,5.787506975962252831e+00,1.098863413409373324e+00,8.555087758634478234e+00
3.204081418207053722e-01,7.583829075230725802e-01,2.279581232927494483e+00,1.844682362532533426e-01
1.293020436253937422e-01,1.072283499696987663e-01,1.836592740112823474e+00,1.337796144461514229e-02
7.650844335247991346e+00,5.207222845387727839e-01,5.635109033815074220e+00,-2.404935852781355354e+00
4.942441847139935618e+00,5.998736692284135863e+00,3.598326528618492226e+00,-1.307551462086545868e+01
3.017647590997152296e+00,7.850358969364156003e+00,3.296341774187569129e+00,-3.651333297121043930e+00
6.666972294468783700e-01,3.456260532233300875e+00,6.743151480050051383e-01,1.438705601093973385e+00
3.486605717955023387e+00,5.383013302220252427e+00,3.246651535846392989e+00,-1.968166618066223839e+00
2.691668087871433857e-01,2.043841471590822079e-01,2.683723857361296483e-01,1.458749480067614984e-02
3.696363929621583999e+00,3.770529270617680506e+00,1.475374008898632461e+00,1.387384428205276166e+01
2.894776305222389823e+00,1.662783161411475197e-01,2.336424252626745357e+00,3.470197390206787302e-01
1.360712938313510589e+00,3.363385034581754529e-01,4.035793325894848849e+00,-3.568416660891156611e-01
5.861885362579259962e-01,4.263106089442906255e-01,2.048664934028013640e+00,2.219040593074358969e-01
6.477267210889173121e+00,5.139583535549717475e+00,5.961445777057527096e+00,-1.052701833249698282e+01
1.222283196810977079e+00,4.155902517578493160e+00,6.985826470253182763e-02,3.545697575364493703e-01
3.482484675275359542e+00,5.042635338251697519e-01,3.668913661078204935e+00,-8.836997581008718683e-01
1.610796731754287281e+00,9.542057302646135275e-01,2.637045613281920442e+00,7.430178776598107548e-01
2.728450038579194104e+00,1.489314621207230849e-01,1.194934005915572639e+00,3.779851984187770353e-01
1.115056878533313256e+00,3.106055673327446920e-01,2.833878414560008441e+00,1.049006880843388750e-01
1.371183912900258983e-01,2.828629176515231047e-01,1.772162314932454574e+00,3.800201520369621971e-02
9.385326719977167276e-01,1.191118520206704279e+00,1.791555875280943066e+00,1.090773704238354291e+00
4.366975439263632297e-01,1.147242421181435157e+00,5.351952194919982198e+00,-4.019789736115325085e-01
1.091120252594929840e-01,8.676920422775873831e+00,4.166247966910207268e+00,-8.090366473191317187e-01
2.185093408409483295e+00,3.317874042469039164e+00,4.545450196756126715e+00,-7.149077457346549203e+00
3.604175499231280888e+00,1.730360741835086813e+00,1.798635571463584215e+00,6.075351593152028329e+00
3.714231058821215736e+00,1.999677324803743328e-01,1.864392193276633414e+00,7.109446831857016980e-01
1.256799338909062591e+00,1.711821799055652793e-01,5.520986631615143914e+00,-1.485582050448844005e-01
2.653518824754451111e-01,4.425278374487952249e+00,7.422813810283471758e-01,7.937628301598589342e-01
4.634720346158557325e-01,1.796466392915359034e+00,5.373020835786000760e+00,-6.574342737660375802e-01
2.548011904494821844e-01,6.822783156127826265e-01,5.158800329970212317e+00,-1.568088744153900149e-01
9.376223533259189225e-01,8.730848110195020828e-01,2.489456622580159539e-01,2.016943914141388350e-01
5.056381291440696923e-01,2.073310329682271080e-01,8.206782249898758597e-01,7.669777888759085616e-02
3.505370032452560514e-01,2.495771771395728589e+00,2.153101659835697124e+00,7.306807903222820588e-01
3.864434116586721313e+00,9.609060927396840812e-01,3.700477520605701898e+00,-1.968975055848800837e+00
3.661939380117520959e-01,3.767976612287857741e-01,3.108848891924992586e+00,4.517210321689790926e-03
7.040061395663147481e-01,6.631896245620716446e-01,2.884869326920640908e+00,1.185491594725297526e-01
6.510030086240242708e-01,1.977503312735925944e-01,4.327743937459771484e-01,5.399074824923941196e-02
5.159413729218298439e-01,3.065492817314856011e-01,4.605992697985675122e+00,-1.572670942519208137e-01
2.043639755491126753e+00,1.535799568170979901e-01,2.541216111931790422e+00,1.773174028748490672e-01
1.030675645648035377e-01,2.996886672763444115e-01,4.807014398561892499e+00,-3.074999829737390042e-02
1.319093710649565709e+00,7.082235902252363990e-01,7.213393833983268444e-02,6.733005812495741760e-02
7.508298435222055645e+00,1.389835950401681952e+00,2.569851794528884792e+00,5.646509748889322111e+00
1.900300900698475459e+00,2.233127194814502336e-01,3.395531491057094620e+00,-1.066073903411053486e-01
1.557492924129486367e+00,9.618868095084357250e+00,2.265273132018634339e+00,1.151147537345495664e+01
3.059518827945715724e+00,3.616741060912722627e+00,4.594971529753127948e-01,4.907515692655783468e+00
8.081664166350498446e-01,3.257872621492388099e+00,5.949295639869572661e+00,-8.628559926147228998e-01
5.075752310451891347e+00,1.092020603211637964e+00,3.576592300885625964e+00,-2.335802798516531276e+00
2.402875790810469481e-01,2.164338117034191988e+00,5.263536545682959478e+00,-4.430547082190846586e-01
3.263214326856486713e-01,3.435757281441322863e-01,2.510156714427647984e+00,6.618264441158104583e-02
4.032220404154022830e+00,1.329309311088232581e-01,5.465997402042159337e+00,-3.908692842726781413e-01
3.279613976217798932e-01,1.004455555541892559e-01,4.792740447605988940e+00,-3.283597845605373128e-02
6.146096253368622531e-01,8.747229624914498736e-01,5.625046031736933294e+00,-3.288288445984178243e-01
3.482299665371085595e+00,2.150847631079438660e+00,3.433885792279154803e+00,-2.158204970750071450e+00
9.470623122219606893e-01,7.697384919318045249e+00,5.109242530485944123e+00,-6.723344410003685212e+00
1.953573671253191757e-01,1.414559434380638470e+00,4.072724203515240227e+00,-2.217101467837710727e-01
2.137872403682633760e+00,1.010136707349762464e+00,4.758880534937062201e+00,-2.157209922600649143e+00
5.248069825018183643e+00,4.035786469565762147e+00,2.088981375919177541e+00,1.839955782443717069e+01
1.809639948482923311e+00,8.240708928706283132e+00,3.872577672900743284e-01,5.631797263537086096e+00
8.735588046411488783e-01,1.523497754931119330e-01,3.568918721110915238e-01,4.649558104892338728e-02
6.352875765714541600e+00,3.103253157370962634e-01,8.951288537581258975e-01,1.538308461140780459e+00
1.454788893060431576e+00,5.364654467012496264e-01,4.321272844645358546e+00,-7.215080770709890734e-01
5.659960920823288610e+00,7.638604869872950287e-01,3.844233658800457754e+00,-2.793947338168321526e+00
8.792222305778467639e-01,6.854058714144843911e-01,3.270362259316493159e+00,-7.738538821786035415e-02
1.875125427200433903e-01,5.251410024343680094e-01,1.982000638406816506e+00,9.026203235372429190e-02
6.760329821559680763e-01,4.717927596221514364e+00,5.085642071273187348e+00,-2.969866722671929526e+00
5.260640431961275176e+00,1.201845870005347344e-01,4.016773395873937780e+00,-4.853510069644430547e-01
3.287595045196441301e+00,2.654411903346676649e+00,2.579521881463287869e+00,4.650766848583147706e+00
1.336697920429560149e+00,2.874696481354502620e+00,5.231933554560979083e-01,1.919951093324320457e+00
1.239939902482298129e+00,4.225781289711940225e+00,5.795443712365613287e-01,2.869491914965945689e+00
1.618748220607546806e-01,1.419871227271673586e+00,2.252043364441572493e+00,1.785380399130002682e-01
8.895026429920878996e+00,1.628656994788150625e+00,6.996673014724765771e-01,9.329060608374527774e+00
1.076304415368637857e+00,3.724053966156384288e-01,2.259238701065752419e+00,3.095290747448486424e-01
1.109787858270348648e+00,7.147444427719121585e+00,3.454632440175422037e+00,-2.442721445700500205e+00
5.874893942724769280e-01,5.868197126805870800e-01,4.739678697657384809e+00,-3.446219927791467907e-01
1.024889656018821843e-01,1.346954600824679937e-01,3.795128865153202469e+00,-8.393286168248772355e-03
6.897175836199164189e-01,1.228415450583833918e-01,6.071867311181334159e+00,-1.777116784387533857e-02
9.009352622273988365e-01,3.320491808146190382e-01,3.985347567177065731e+00,-2.235117645244825424e-01
8.381864839992440031e-01,2.706233208844314175e-01,4.612694978535248902e-01,1.009599459521691861e-01
1.035998921643808135e+00,7.510416874892513306e+00,1.014681141072978132e+00,6.608315155132472363e+00
1.418857724437410373e-01,7.367204543249318505e+00,3.127848550215000412e+00,1.436627966587591954e-02
7.647600029417430667e-01,8.018627028287546032e-01,4.404919306101238163e+00,-5.844734005016271050e-01
7.990536024576269547e+00,4.542973372588025249e+00,2.113191553504476072e+00,3.109071208534181352e+01
3.280576254030101335e+00,7.921853607945859466e+00,4.502587145256445877e-01,1.131004460541710799e+01
1.359975802734408434e+00,4.416088846347325791e+00,1.995605043332581596e+00,5.471966287632852755e+00
6.973300046949045594e+00,2.553556823567337819e+00,5.760493098288659297e+00,-8.889375073356497126e+00
1.718067488207049576e-01,5.231416154556519649e-01,3.046132182809608402e+00,8.566891384667235654e-03
4.873525451719610269e-01,1.064934843162300471e+00,4.891616507888184806e+00,-5.106852265092322041e-01
6.925170375066049822e-01,1.355159623483962184e-01,3.351774865753462507e+00,-1.958008381842218232e-02
2.425193673780422499e-01,1.414741181781205226e+00,1.255786097662964229e+00,3.262191815351588864e-01
2.383499883320345791e-01,2.542692408208404586e-01,1.109925605389673331e+00,5.428187707517675986e-02
3.579463534407626990e-01,9.087506006657710245e+00,4.242223358391819410e+00,-2.899884638353093180e+00
4.601644528365815834e-01,1.132100163863537956e+00,3.893112318091084045e+00,-3.556800952058357668e-01
1.422289261213282696e+00,2.085018384155964688e-01,1.544177043396391946e+00,2.964448663258844041e-01
1.409825320541447657e-01,1.758737787911603123e-01,4.970073632053243706e+00,-2.397646036275843245e-02
1.354432955361433821e+00,8.117021510301294374e-01,4.871648673321781864e+00,-1.085483238079823165e+00
3.745615908122235660e-01,2.614718780602445780e-01,5.986752396285690558e+00,-2.860852648119023914e-02
2.926998469226708366e+00,4.171364500595355906e+00,2.150511243186905008e-01,2.605491793381067289e+00
2.303271448482044625e-01,3.753049440788327917e+00,4.682621066684227173e+00,-8.640461927133563647e-01
6.871119920685425653e-01,1.723562481912677413e-01,9.161463042837617587e-01,9.394435791032841598e-02
1.344504716519299370e+00,7.360304376245970781e-01,5.228980774939153697e-01,4.941975668071024730e-01
8.851038933292508792e-01,3.484478023607374020e+00,1.907635669583783500e+00,2.910809551845432441e+00
1.197226479841141389e+00,1.072762309913960266e+00,3.883406199767732714e-01,4.863191334732454019e-01
2.281301432854933864e-01,9.198685808080947490e-01,6.198044727811596211e+00,-1.784515147143126215e-02
1.578653432471380513e-01,2.161500158687982565e-01,2.810732089002557554e+00,1.108496563979249894e-02
8.704646791521980509e-01,1.451127863614944502e+00,5.631483807729927848e-01,6.743369074189045076e-01
1.135307921070804610e-01,4.039383593876973322e+00,4.564745420417690269e+00,-4.536051293063015910e-01
2.656182393251639073e+00,7.230020877488583242e-01,4.693413383385598991e-01,8.686063901392717668e-01
7.162327767811472734e-01,1.058176656289965822e-01,5.300786680585171107e-01,3.831955677846494296e-02
1.266493380913769062e-01,3.936919519037230142e+00,1.434786801702561565e+00,4.940035810679717643e-01
3.798812891706030204e+00,7.588735698500373994e-01,2.713370713192104322e+00,1.197101849657267625e+00
3.965806846732004010e-01,9.668189305651587739e-01,5.793143201030959588e+00,-1.804624290160403155e-01
2.981015995784180861e-01,7.473726494623713634e-01,5.356499010584257370e+00,-1.781529547407524616e-01
9.326225000564061229e-01,9.693395020051708277e-01,9.998455735389552013e-01,7.606377497889529327e-01
1.633069482084283652e-01,2.426842649646335115e+00,3.154663589498820642e+00,-5.180129301469374101e-03
6.135296593469368176e+00,8.529344714089652779e-01,4.011627600471120658e+00,-3.999855802131976112e+00
8.607912501291198337e-01,5.238042522097888565e+00,1.800488155898652298e+00,4.390443168029984911e+00
2.780086117050879491e+00,3.381274348504425653e+00,2.610625042080993108e+00,4.759977311206652573e+00
5.228759152490543016e+00,7.765974582116791369e-01,3.979164031922556077e+00,-3.017137163937789079e+00
1.818968627730323195e+00,4.519646691287888096e+00,5.443104355233910674e+00,-6.122226417975151769e+00
5.783192468922195850e-01,2.218837959562270368e-01,1.610295743324263285e+00,1.282195803643214338e-01
9.119419292970864177e+00,2.741554424774028664e+00,1.514637340648203323e-01,3.772340617068482338e+00
2.515539459063899641e-01,1.051827647910408947e+00,2.330270876124862500e+00,1.918811254854410620e-01
1.894239181318261522e+00,1.230193138068710113e+00,2.746568363647809097e+00,8.967630861803319586e-01
4.903021201955528596e-01,3.039268346784985031e+00,5.025209834141155518e+00,-1.417841155057316227e+00
1.411613651052818108e+00,7.340324671487830521e+00,2.634768906448277104e+00,5.029598704184611968e+00
2.170678066691884123e+00,2.393188971922719788e-01,1.896483242860052265e-01,9.792981886021562277e-02
9.084307665289571787e+00,1.402282585378110402e-01,6.121316696137337310e+00,-2.053013627110159833e-01
1.706593931531698305e-01,3.428488909178005195e-01,4.287293264232691747e+00,-5.330291640002829401e-02
1.340114887105099850e+00,5.675123289034107454e-01,3.391331510864100451e+00,-1.879661192906600942e-01
7.848804152443063842e+00,1.748502641021185022e+00,6.220162307443664496e+00,-8.643334527952475366e-01
2.981536447895277164e-01,5.248286808966964756e+00,4.716543714472129167e+00,-1.564782335405304092e+00
3.637810883370978798e-01,1.405137539365904076e-01,1.591946765419725462e+00,5.110481356183300961e-02
4.700520126057429415e+00,1.894329625617777291e+00,9.390994619774785113e-01,7.186035235395229925e+00
9.302868843810566446e+00,5.687428608489074611e-01,6.080165393989945599e+00,-1.066802420262741524e+00
2.790535595372827249e+00,3.022630590365921854e+00,4.682981758322688925e+00,-8.431111391919982267e+00
6.945193612279903839e+00,1.215340000432809514e-01,4.773078982809274784e+00,-8.425231531092987058e-01
6.344344361526546017e+00,4.399670177674027016e+00,4.330383785467044611e-01,1.171316001974874510e+01
3.389338257984061187e+00,1.023610778583377678e+00,6.277637187604869773e+00,-1.924834298309950620e-02
1.288390347625470445e-01,1.948941203430590630e+00,4.423774770277653978e+00,-2.407140251158797761e-01
4.649776611941803250e-01,4.660448860538751181e-01,1.038449148195372373e+00,1.867130434565220931e-01
1.455079271041453404e-01,3.444216588032359194e+00,3.767067757935037009e-01,1.843570993987101447e-01
2.556141073316376744e+00,7.527177749959719222e-01,3.381420461754383933e+00,-4.570305919442615994e-01
1.985301875810303318e-01,4.228167538499049694e-01,2.084091599554952712e+00,7.312439006729434809e-02
8.655240891017292881e-01,2.798996360195280975e+00,6.731641978704152596e-01,1.510400799528088589e+00
4.092504615380750721e+00,6.302313146946452171e-01,3.367101823923616344e+00,-5.767214976037356999e-01
8.387050649146177150e-01,2.149520862524023357e-01,5.830745585207617321e-01,9.926169606071895413e-02
3.742522369749593514e-01,3.577889494168959850e-01,3.923171597662335586e+00,-9.432163342544863660e-02
1.212062726872303736e-01,4.592554583878452945e+00,3.586470794391880546e+00,-2.395516113134785741e-01
3.589394122930093189e+00,1.905798148079158871e-01,3.962249023820501481e+00,-5.004582622788497082e-01
1.041672956026287622e+00,2.234940985747004838e+00,5.941120423660627203e+00,-7.809141838612300157e-01
5.277341404798263635e-01,6.285550088580740713e+00,2.844355821169001208e-01,9.308303495386228699e-01
2.892511006953833785e+00,8.377926582246703058e-01,4.364229048979152203e+00,-2.277930051248671983e+00
2.020881982057164961e-01,1.596410183418365936e+00,1.669869126677294924e+00,3.210336481701537292e-01
3.227309003650584152e-01,5.307636990848618730e-01,3.468009839077864864e+00,-5.492562224120418890e-02
2.029711334877165319e-01,2.715188935764936584e+00,3.860912757052829214e+00,-3.631083924339454927e-01
8.900440317117294109e-01,2.159230354275512465e+00,5.689885944378563210e+00,-1.074483184307066796e+00
6.818296242492767334e+00,1.761568853275445878e-01,1.944513710665812578e+00,1.118186577775732493e+00
1.569266573464023484e-01,1.916924342986962571e-01,6.234422565048461706e+00,-1.466282635553508001e-03
3.899454753784012961e-01,6.264231759361104324e+00,6.893884657313641140e-02,1.682641743471105233e-01
3.832838069876133291e-01,1.048404301011662682e-01,2.651685870871102413e+00,1.890815574381905437e-02
4.486328369921254833e+00,8.402641748307335234e+00,4.344309505970344709e+00,-3.517206875202247573e+01
1.609011742547278578e-01,1.030747402579692829e-01,3.806285045702415992e+00,-1.022981610584663796e-02
3.269230137015591620e+00,2.443680345112653196e+00,5.356300358666163497e+00,-6.389195631450705903e+00
5.777141179447104591e+00,5.962510960681621786e-01,4.121209240981348887e-01,1.379757558744018286e+00
7.083661168224921756e-01,2.441613814254067205e-01,2.138489615821872913e+00,1.458264334041287913e-01
2.905901069194569253e+00,1.037985340854685523e+00,1.587217155944185665e+00,3.015876060225944677e+00
5.519403380228654399e+00,2.941411040338123839e-01,9.795468519011382713e-02,1.587736125628018136e-01
1.188978798287565475e+00,1.702845305740868787e+00,2.856907901742399947e+00,5.686320326463132346e-01
3.522826944562341689e-01,1.438672426924198833e+00,3.723942353121859838e+00,-2.787445156657943901e-01
3.499881064453982393e-01,4.163094575699816779e+00,5.291555076244203626e+00,-1.219419615300931348e+00
2.558672857459616701e+00,5.744737521869730523e-01,6.594956798184456459e-02,9.686838200806187349e-02
6.654342456254687121e-01,2.686839626347218513e+00,5.384288981188812606e+00,-1.399294549449919378e+00
1.170588030898270793e-01,1.352658748827314517e-01,5.901147382176388234e+00,-5.903132010303346888e-03
3.924371937555142797e-01,1.676967613840194271e-01,3.841228472047244491e+00,-4.237791985584302146e-02
9.775156165284271115e-01,9.477617968372625823e-01,4.871078353635695635e+00,-9.148113126265157158e-01
1.983583474878552744e-01,6.252364389150235624e-01,5.793430592557910153e+00,-5.834058782841910346e-02
5.420648200941251105e+00,3.637534270065312381e+00,2.702754673909229410e+00,8.377850689832975206e+00
1.014628019014075067e+00,4.231552989960281619e-01,5.273737004514580384e+00,-3.634571705260455365e-01
9.100735516574675055e-01,8.778613260871783730e-01,5.545223110303665770e+00,-5.374976297441687034e-01
5.716557334138160362e-01,5.149209062843128626e-01,2.376503063251159453e+00,2.038724746536591526e-01
5.554033753709211929e+00,2.735745430603816475e-01,1.800431559957859307e+00,1.479556110711955697e+00
4.944417771828328867e-01,1.107224548386452456e+00,1.858942848465611863e+00,5.248876009164882284e-01
2.199923217742104364e-01,3.841121934197131438e-01,1.323496084612834522e+00,8.193092186373314434e-02
1.984408690478463910e+00,1.836668865324498634e-01,3.922843119683967483e+00,-2.566481702611356219e-01
1.214218744434072850e+00,6.251916892431717443e+00,4.644060540399227222e+00,-7.573480780227770381e+00
4.027229967525686183e-01,3.169149999135622231e+00,1.529186772985375198e+00,1.275184889052358050e+00
2.245875752537596914e-01,2.549988900282850746e-01,2.567525668308854758e+00,3.110033694223953565e-02
9.933617371433726362e+00,5.250750415416006511e+00,5.188568951666813867e+00,-4.635639097258594177e+01
1.358160157422206860e-01,5.287987121143215674e+00,5.532232926681641239e+00,-4.900486673742506238e-01
2.889806877821473385e+00,4.693040293885832881e-01,3.138677436764940154e+00,3.953605662219817837e-03
2.814685762621063070e+00,9.317953344413648864e+00,4.398889955390796191e-01,1.116852736959288883e+01
1.207256327566841536e+00,9.278255175702988522e-01,1.362827530285224853e+00,1.095987171605918631e+00
2.377466192626045138e-01,4.374162897835067731e+00,2.556644638834040251e+00,5.742105009778831759e-01
3.602233324912665346e-01,6.853582927000085867e+00,5.161368284974511056e+00,-2.224137166196940907e+00
1.928621729382276606e-01,1.669831350280172877e-01,3.979902333158747418e-01,1.248147264063964590e-02
6.375551529492490488e+00,7.933388198349718756e+00,5.089686298752816640e+00,-4.702213567458536403e+01
2.982378599176729317e-01,2.068578474407258394e+00,5.038720110996921520e+00,-5.843699245970180867e-01
9.613258205587096317e-01,1.685204978234092543e+00,1.625554022256606723e+00,1.617602910530832938e+00
7.168243447328823681e-01,2.832346663884643956e+00,2.813206632732609513e+00,6.548020557036255962e-01
1.266725106149234892e-01,3.262936546634049861e-01,4.286085539862041216e+00,-3.763320501406320490e-02
1.162154023705345707e-01,9.857989821340588321e+00,6.022374418098603854e+00,-2.954220742844370640e-01
3.637469579349061899e+00,1.329677360614907322e-01,2.285749258296645436e+00,3.652279243186833946e-01
4.697373022080600258e+00,8.538812552870755912e-01,6.246385139284804655e-01,2.345648458536229164e+00
7.851645339275080460e+00,1.737883006382142104e-01,2.292391364846575463e+00,1.024420602572672978e+00
1.172652195110025941e+00,1.057486122720324717e+00,8.680321741347214459e-01,9.462409995480381975e-01
5.895111467961879903e-01,5.152767079674114292e+00,3.051984653995308605e+00,2.718303586617006329e-01
8.220143819997316470e-01,1.525613750447016304e-01,3.800771484120109456e+00,-7.680816011418913070e-02
9.474855397382556887e+00,6.654714346326252583e-01,4.754861704951939494e+00,-6.299559350899925469e+00
2.057987363175854512e+00,7.879656318159008244e+00,1.206358177813881216e+00,1.515121849448215841e+01
6.051725491577959026e+00,2.652119216325593332e+00,4.192263615768781371e+00,-1.392740897808931955e+01
1.730588218480919038e-01,3.692482368007640847e+00,6.507853429558420055e-01,3.871235817356812881e-01
8.650259638483737135e+00,8.955815077596358531e-01,6.976370050354395724e-01,4.976747282916243798e+00
1.424098652817499255e+00,5.561930519821858265e-01,1.719022917823387120e+00,7.833883210548769904e-01
7.240364712758805332e+00,1.952231524291222486e+00,6.277344846103154019e+00,-8.255367844087371787e-02
8.598204953863827216e-01,3.421198620257679401e+00,5.858867419723104986e-01,1.626532982180449061e+00
3.010912396099009736e-01,2.520181784405576830e-01,1.946071880463406956e+00,7.059969061111337485e-02
1.076320863291321484e+00,9.727453226767250882e-01,3.585119521687224253e+00,-4.492907822400780127e-01
1.727263865390985254e-01,1.341239279018806851e-01,1.725321958633505570e+00,2.289070164310705660e-02
1.698095043205238019e-01,5.960751553847057904e-01,2.014097836159466137e+00,9.143542599956840100e-02
8.935860436773347404e-01,2.662904748002836164e-01,1.250558872986328840e+00,2.258560640395351482e-01
3.164021719854347214e+00,1.544430961928547064e-01,4.820835122985543286e+00,-4.857906591039266031e-01
1.624919614434509885e-01,2.351355016221150507e-01,6.171984977130740901e+00,-4.239950124111798238e-03
3.587126558672647292e+00,3.189111968095509342e-01,5.515151412299946543e+00,-7.947449423315788852e-01
1.238672190067157675e-01,6.381253137790342533e-01,6.704574588376730482e-01,4.911281307958626635e-02
7.284191367007426532e-01,3.789660896913172650e+00,3.380625856602063273e+00,-6.535763344423847210e-01
4.328129541581731132e-01,2.929088333692075441e+00,1.759394943222670316e+00,1.245267595230815649e+00
6.778553627244872093e-01,9.533758578525592942e-01,5.096396062657964521e+00,-5.991850476471792808e-01
6.793608147156838806e-01,1.016024443223504520e-01,1.932760059749497383e+00,6.455214166654242580e-02
1.382622773529021409e-01,4.407564464666013038e+00,4.984933010631389827e+00,-5.869064659401712625e-01
1.767394063052706299e+00,2.712595911709349661e+00,4.524513263742483637e+00,-4.709862918175697466e+00
9.064309899871703990e+00,4.592446902134864062e-01,2.385636862679774151e+00,2.855572217442845506e+00
8.847377932219815833e+00,2.240032991067493207e+00,4.722572576880225137e-01,9.015351569927512188e+00
1.268854163976192440e-01,3.271529857845831391e+00,1.555993409393370053e+00,4.150639483907525018e-01
1.115540824941488873e-01,7.269818162669742456e+00,1.909934316775162344e+00,7.647860412804526886e-01
2.595358275572591800e-01,4.833199373884352612e-01,3.796990379851718167e+00,-7.645178818375361618e-02
3.090236933659816776e-01,3.519349505767258357e+00,3.333894416240053005e+00,-2.078535449901419696e-01
1.875503989476491329e-01,1.240273293748330508e+00,3.263874712355670393e+00,-2.837365341469656743e-02
1.234312787727797733e+00,1.665245349881869341e+00,4.228355207848383479e+00,-1.819315690566142063e+00
3.127413405866788509e-01,3.321214906139791645e-01,4.265133358942093444e+00,-9.365138393171093534e-02
7.665809506021145303e+00,3.216528765697102443e+00,6.013387197585866595e+00,-6.572078342656483940e+00
2.189272322853365871e-01,2.665204724111684964e+00,6.129773213435790069e+00,-8.916308369481600049e-02
5.597317617571485604e-01,1.148105118841831473e-01,3.765140558863554254e+00,-3.752444323385375341e-02
9.168160819751366430e-01,9.878456276007842041e-01,5.501124413230398108e-02,4.979706003392748992e-02
1.055367263507616393e-01,1.446790512012769980e-01,6.092422107622911476e+00,-2.895120381490492133e-03
2.325838971792856813e-01,2.213577980827197422e-01,9.611393032751641696e-01,4.220908427417456588e-02
1.528950543372157300e+00,2.060132465506342714e-01,1.911215381850454698e+00,2.969086521639620613e-01
3.839962132554734175e+00,1.795542154175805871e+00,4.794382214901150796e+00,-6.871650321589160448e+00
3.137213563926877224e-01,9.600051032651163441e-01,2.863775331695828541e+00,8.259920156004973979e-02
1.674589844392164295e+00,8.569195047606879001e+00,5.067021778041389091e+00,-1.345695181671893614e+01
1.936800386704250199e-01,1.699659423672687242e-01,4.571208008157575442e+00,-3.259148289976904200e-02
5.974500459655027740e-01,1.491578632695380602e-01,4.711878976235517769e+00,-8.911436067698925989e-02
3.141335922516204526e+00,1.229676448259731991e+00,1.610294557903891866e+00,3.859813973853009728e+00
3.743670824716078815e+00,9.408575365925260225e-01,5.599606212223727120e+00,-2.224561357849715648e+00
1.147604533387876075e-01,5.845167779021768206e-01,5.764365860450926249e+00,-3.326168017342689964e-02
1.450313817639003189e-01,9.988971884706643323e-01,3.918480982978149729e+00,-1.015641348073230144e-01
1.823136323438588613e-01,1.641708799897271698e+00,3.135843929099688232e+00,1.720617648939979684e-03
6.934137408625721477e+00,4.186704817665144240e+00,5.660465216423409274e+00,-1.693234753985361607e+01
3.016778681860378342e+00,1.393751468200999710e+00,6.071404637428740036e-01,2.398836550710853111e+00
1.258109834770855917e+00,2.779277611912586710e-01,7.625589624702497904e-01,2.415385634226117351e-01
9.231604963650469342e-01,1.006221154601274204e-01,4.718676815751861042e+00,-9.288852576227059343e-02
1.482912647914295112e+00,1.447366887572859362e+00,4.681035788717645474e+00,-2.145263810264085524e+00
1.564664653053816634e+00,7.074166241512937603e+00,4.885476699110124166e+00,-1.090330586398159696e+01
2.029978090940164070e-01,3.661466431590887360e+00,5.828929100852628054e+00,-3.261423219031025500e-01
4.017385986775762419e+00,4.952383832274308340e+00,4.002764824035535796e+00,-1.509296602782147545e+01
9.264873228292157537e-01,3.784296313647216525e+00,3.664156965256416765e+00,-1.749909323520514093e+00
2.072854145620416588e+00,6.490611212212739289e+00,1.071660717741073077e+00,1.181264619768692903e+01
1.021899813951639563e-01,4.057339350836627334e-01,5.304533534230445824e+00,-3.440286595771856193e-02
4.797036446782240837e+00,2.861784827064452585e+00,2.963071707365012131e+00,2.437754190116830699e+00
1.086057573868198928e-01,3.200861321734954412e+00,3.699468132137054166e+00,-1.840311455718365297e-01
3.717377248757579355e+00,5.516939684758321860e+00,1.688185459859483428e+00,2.036740224019117562e+01
1.773125968923281170e-01,1.095608433391457970e+00,3.443949225578498474e+00,-5.784647821661554473e-02
1.540075357719666860e+00,1.340667301496319519e+00,6.545902748409271332e-01,1.257077555367178023e+00
3.147872676456059393e-01,1.938306380999542389e-01,1.782150428423654454e+00,5.965768616970374555e-02
4.743781531057562617e+00,2.069096028488215833e+00,8.225882733896535681e-01,7.193752185443919700e+00
7.729750392720893259e+00,2.126236627188734740e+00,3.471536940295870455e+00,-5.324871121849490407e+00
2.038817773978243153e+00,8.023204535581262009e-01,5.164539528562894333e+00,-1.471404502625596633e+00
2.481827102508287475e-01,1.607126713141367791e+00,1.252758973217802607e+00,3.788585689090172015e-01
7.640736502362894811e-01,5.933706163422970192e+00,5.392346623667307881e+00,-3.525471019723844357e+00
5.896537743495163797e-01,8.274914889729215739e-01,1.838986481071829049e+00,4.704908631615496994e-01
1.504107454269717037e+00,7.654857578563337484e+00,5.735443751184748251e+00,-5.995895144926360665e+00
3.015265043546051515e+00,3.797292434148901386e+00,8.697247618248657997e-01,8.749413974145435091e+00
1.036710135472996008e-01,3.041721104950171339e-01,3.074419926679776260e+00,2.116620818363534103e-03
7.237867733494283140e-01,1.962268704337759295e-01,1.664435708233521008e-02,2.363829192399263205e-03
2.482753347057597093e+00,5.204894985483613512e-01,1.345936938116296458e-02,1.739230517819862626e-02
1.091848429517041363e-01,1.045157430545514243e+00,7.476265824858442377e-01,7.758705363497257756e-02
4.276341835866176666e+00,3.316406010907793966e+00,3.690196317927387781e+00,-7.395905387770023154e+00
4.600162983835429209e+00,7.856414887578547779e-01,2.261789605371200551e+00,2.785057538154199541e+00
3.195180412748627408e+00,6.476969472855818033e+00,3.128009041738837759e+00,2.811053705036599126e-01
4.443913623022799908e-01,2.797355807930358429e-01,1.160356190686005151e+00,1.139873726280354466e-01
2.300021940644177976e-01,2.404485295608915496e-01,5.288716524709866640e+00,-4.637046220415539516e-02
1.733851729428654287e-01,3.686634929722878984e-01,1.572840580598403815e+00,6.392064992513374344e-02
2.226024884858105179e-01,3.391560121888352430e+00,2.170296272924280068e+00,6.233164895918622550e-01
8.092803487842833432e-01,2.486378325022164104e-01,8.641908367051287509e-01,1.530401870141440968e-01
4.346542708104700892e-01,1.566198195751278055e+00,4.476215661448995853e+00,-6.618573052067778795e-01
3.850991357474484733e-01,3.489790204415259112e+00,2.018116712302437499e+00,1.211686580561025739e+00
3.040537438155090033e+00,4.895705032080648889e-01,5.915732692470490939e+00,-5.347482808778899477e-01
4.026001858472398887e-01,3.987411833291658159e+00,2.271506080651833681e+00,1.227091883005144712e+00
9.960572286778865969e-01,6.074486431435288658e-01,1.843530153080632061e+00,5.826896799490539625e-01
9.464490484655181390e+00,1.114227414863297461e-01,4.558770195708005346e+00,-1.042140794800825443e+00
5.734737329508589054e-01,1.284605619556212497e-01,6.129075593518717113e+00,-1.130818566667584311e-02
9.084705140276935209e-01,7.298204057397255085e-01,1.123956959343349382e+00,5.979232396370917080e-01
4.570626481053247758e+00,1.619161327046640286e+00,4.152721618070366105e+00,-6.271487898396294725e+00
6.152916981878118197e-01,8.173363699136025673e+00,4.827689226962111668e+00,-4.995611696075189734e+00
5.412604330279061848e+00,2.866347047923105240e+00,6.111396276211812584e+00,-2.652114475613574385e+00
4.643409103255259573e+00,4.024692979032551854e+00,3.733685778774099795e+00,-1.042992054731965013e+01
5.589356584837040565e+00,9.562290526205096342e+00,4.329224352611987570e+00,-4.957140068835153102e+01
1.105167770417011530e+00,2.026649346997919654e+00,1.959251253731607356e+00,2.072913008371783050e+00
9.919962614487505270e-01,1.325838931833249190e-01,3.090911776460518734e+00,6.662833974554041583e-03
1.655039810411635115e-01,9.989302700577431526e-01,3.930604765852465210e+00,-1.173255179062525078e-01
1.342866104965692586e-01,2.498351414736667664e+00,2.764693278672809118e+00,1.234753809823158355e-01
2.500564116747335253e-01,3.567477468954295627e+00,5.811649929601052200e+00,-4.052272203464850620e-01
6.697244631713183516e+00,8.322556951256574465e-01,1.016274707486592987e+00,4.738596564075667317e+00
4.651046130044095284e-01,5.855080957835361311e-01,1.190213415144109721e+00,2.528373674941019611e-01
1.809359976981705920e-01,6.559163098401294967e-01,3.826054065910388657e-01,4.430742249289678497e-02
3.164886428226314496e-01,1.699014525197428960e-01,6.066039071180933107e+00,-1.158481588639209345e-02
4.153388552512188525e+00,5.814865527518335853e+00,2.429791761383216731e+00,1.577565416679328436e+01
5.410261060931762511e-01,2.549629989176094846e-01,6.148981870781677905e+00,-1.845672261513748094e-02
5.129160403917082611e+00,2.968000693327009554e+00,4.913974774446885352e-01,7.183267387715565278e+00
2.005860509060337915e-01,2.148220963737216049e+00,1.657657142411942841e+00,4.292786420064611530e-01
2.052230720746034187e+00,1.567541348562073722e-01,5.822829471079280506e-01,1.769107672569598944e-01
2.043420934532545752e-01,1.849857364489813749e+00,6.036167796774943639e+00,-9.242685992801873140e-02
1.065163258101631122e-01,7.030274978722917290e+00,3.645673921095885506e-01,2.669949363654089414e-01
1.724828124619178782e-01,1.704748032658640167e+00,3.716961829120163596e+00,-1.600001231862676065e-01
1.965387586501718742e+00,3.645455191296807507e-01,1.959521252427687543e-01,1.394977171965215146e-01
1.617684310811590420e-01,4.023053657406900463e+00,3.504419273490330333e+00,-2.309818877254936065e-01
6.922574244825623335e-01,2.391353712321596936e-01,3.052755843937808855e+00,1.468699691644007564e-02
1.103459155645236889e+00,1.343091887927055472e+00,4.124002976886997907e+00,-1.232822395784505698e+00
5.854323622341781608e+00,3.471630788942585255e+00,3.670751022303226474e+00,-1.025972271225422006e+01
3.501236272181692755e+00,2.205227304447533232e+00,3.364560260124899838e+00,-1.707308924968838904e+00
1.060921104828473904e+00,1.028696628946179414e+00,3.943938730641643353e+00,-7.846797333719038869e-01
7.247537551731810801e-01,1.061523501105288703e-01,1.499401485925993871e+00,7.673832194573811105e-02
4.103660721674332379e+00,4.431209603787877427e+00,2.804861798248736715e+00,6.008113602760030147e+00
3.302482250163754518e+00,6.560341407752812160e-01,3.947538600889505478e+00,-1.563129004693452728e+00
3.671177057430804247e+00,1.153170806712068980e-01,4.654246239096102578e+00,-4.226340395112160864e-01
3.908355248039997454e-01,3.526080726981671631e+00,1.115947572131404719e+00,1.238000927263317896e+00
1.439251599566753470e-01,9.374543926238726455e-01,2.397084331446683425e+00,9.142540005288483929e-02
6.718437645658906776e-01,8.722258959526134614e-01,6.234638744891272566e+00,-2.843708964672057860e-02
3.327638551300287073e+00,5.423697774675382277e-01,4.057788235703255530e+00,-1.431740125543727871e+00
3.888930282498084257e-01,1.468886179604544706e+00,4.244407127368005739e+00,-5.098201778334457979e-01
3.901277362287133843e-01,3.543326033740515246e+00,4.727825463866643041e+00,-1.382185070911627900e+00
7.835300291850568755e-01,3.323089148097813639e-01,1.775017790979608601e-01,4.597454122844844837e-02
5.062299076621834537e-01,2.002047533208676899e+00,4.266675408033968608e+00,-9.144810626146060439e-01
5.737664953638073051e-01,4.090580334156429521e-01,2.634600514307407160e+00,1.139604152254664604e-01
3.852063895196339072e+00,3.165301794989746620e-01,4.095655147348248093e+00,-9.946661348876059128e-01
5.599288155927141020e+00,7.152526772966465440e-01,2.001828297549899105e+00,3.638597400814030269e+00
7.429617172570733175e+00,1.624336468733252881e+00,5.621573251108872071e+00,-7.414575013099771184e+00
7.599918960012499447e+00,3.392417419073572860e-01,6.255041520316806825e+00,-7.255100709118815494e-02
7.168735811989012774e+00,1.140891097686653977e+00,5.889192871296200948e+00,-3.139641116925872222e+00
4.749072302111715382e-01,8.274753888602247587e-01,3.708363826113910466e+00,-2.109920432761384079e-01
1.480893908593307884e-01,1.429910883785310949e+00,5.735753247462786142e+00,-1.102174972355438459e-01
1.903997063070213880e+00,3.218612285083231495e+00,1.065061369939923896e-01,6.514606481053399900e-01
3.245929196685034324e+00,1.054234890286686932e+00,5.360845991646527864e-01,1.747853497276008472e+00
2.537362957633547467e+00,2.167048657993317029e+00,8.601167923528714176e-01,4.167483736591647059e+00
1.055891508951843250e+00,9.843731023914237710e+00,5.883533353044256842e+00,-4.044247746179025604e+00
2.834762071635570368e-01,1.799537919129149843e+00,1.820673921087666569e+00,4.942830410636676053e-01
3.778681223924731380e-01,1.191763711597002340e+00,1.204262329960754219e+00,4.204164244200881417e-01
4.094808311821571678e+00,3.884156409541116517e+00,5.962665872666146782e+00,-5.010983597174861970e+00
8.539687902142516496e-01,1.540148903205004471e-01,5.456525509516441552e+00,-9.675859400955122425e-02
6.294764375485031316e+00,1.538617482481280385e+00,1.462564260631201485e+00,9.628562579805445054e+00
6.100087284497853979e+00,3.992118038465605756e-01,5.177842303268532120e+00,-2.176163016979792086e+00
3.001499505370874288e-01,9.072632702969150031e-01,1.699173182136462401e+00,2.700741460121492965e-01
4.159904581396705048e+00,3.246695340874956148e+00,2.738287753998966068e+00,5.300545348141902480e+00
9.383781888252553216e+00,1.878154315433159693e+00,7.667230804694702417e-01,1.222729269162461740e+01
2.323067496751306305e+00,8.757870930660756059e+00,5.600120988847484327e+00,-1.284128966986787290e+01
4.699019738156202108e-01,7.641658137604223633e+00,3.862836073839580386e+00,-2.371093335741744745e+00
2.690730235744556165e-01,6.337984468847461805e-01,3.387853331248404043e+00,-4.157362646689191643e-02
7.442857972594567606e+00,6.426234045233120362e+00,2.192869338426417958e+00,3.886974419757449795e+01
1.268485344642647783e-01,1.249808316740019104e-01,4.657899785104354096e-01,7.120323599307475625e-03
1.586041667655299525e+00,9.097027045271479651e+00,6.258264534621431174e+00,-3.595262678410535151e-01
4.529153950531892292e+00,1.183482471926078361e-01,4.515942256412798783e-01,2.339182732199709680e-01
5.913327028461955459e-01,1.561797833070800223e+00,5.504780644042680748e+00,-6.484599173228712266e-01
2.495913313859666749e-01,9.337066625854012258e+00,8.165291133009404678e-01,1.698370893667711323e+00
2.211988832025715557e-01,1.139798623221861096e+00,1.119476546341572620e-01,2.816557109538883955e-02
4.526666523309594292e-01,1.138011023326158444e+00,1.919831836878181708e+00,4.840782639930996667e-01
4.696400312941417798e-01,3.792317570476667066e-01,3.193497161396533279e+00,-9.240167890890374144e-03
9.129456895359581381e+00,1.632983299612697781e-01,3.806338506396153232e+00,-9.196290375034511522e-01
2.665143751781969272e-01,1.739836024572700424e-01,3.532170909373179679e+00,-1.765380330329532899e-02
2.144824997625540131e-01,4.517834832603102591e+00,2.058834118409777592e+00,8.558706481240264674e-01
1.809462489983531819e-01,9.033993775079253163e-01,4.753290461266397315e+00,-1.633300134784308744e-01
2.540247215057169328e+00,7.219430042506673750e-01,4.007745920647269422e+00,-1.397153975837602369e+00
3.897701997394941720e-01,5.394790618946110783e+00,1.374016345677270490e+00,2.062148509217532677e+00
7.895909493445686600e+00,1.123930077753674261e-01,2.705235240352191095e+00,3.750706584753743522e-01
1.145015496713694736e+00,2.500359171381892343e-01,3.666674731547727717e+00,-1.435151104410583578e-01
2.288611321608812421e+00,7.113576994177925883e-01,4.808691403483600801e+00,-1.620477854970031162e+00
3.420826508575838254e-01,6.950339612730520145e+00,3.900083552476726556e+00,-1.635370557788911938e+00
2.313715036858423613e-01,9.046706452684236677e-01,5.583979222670545361e+00,-1.347172873045529295e-01
1.631994155845796213e-01,1.306272542101284406e-01,5.474418790117775657e+00,-1.542242252730823167e-02
2.068379335697177468e-01,4.920935364715848248e-01,3.254144316444810503e+00,-1.143174287634030929e-02
1.775605276834286261e+00,2.972357647264422642e+00,3.779594550290275468e+00,-3.143373886736954059e+00
1.314526915970888332e+00,4.602524970831592732e+00,4.425777381843463587e+00,-5.803341250774178839e+00
2.175176648570791293e+00,5.140640643597834680e-01,4.036558285169856042e+00,-8.723902671162163669e-01
4.612940858952960799e-01,6.265031264620396501e-01,3.552646828670833479e+00,-1.154783125222574869e-01
3.887554621026320101e-01,2.935363041597132683e-01,8.788565307483052758e-01,8.786877774183121659e-02
5.780741498112367260e+00,8.540741554590365325e+00,9.488971551291927042e-01,4.012810643466052341e+01
9.626688936365832561e-01,2.860554865305006800e+00,2.050054567145884743e+00,2.443520087223997717e+00
5.782931465217235889e-01,1.520817895120508023e+00,3.308467437298088232e+00,-1.460825879121488702e-01
5.045526230069475204e+00,2.356600429704120092e+00,3.229344401461151648e+00,-1.042055096572249928e+00
8.918528744188627400e-01,3.649444376294269654e-01,5.041303155482971476e+00,-3.080291220196215152e-01
6.122582525130728648e-01,1.018961084095132280e-01,6.040363282704246828e+00,-1.500044181774613967e-02
1.455789285045327175e-01,2.560705172059904555e+00,2.833219101990771399e-02,1.056039479923719625e-02
4.496745370675649944e-01,1.005003005334147576e-01,1.939163690782040206e+00,4.216075951024786383e-02
1.123610548699376377e+00,1.669083830993021822e+00,5.591826851435963697e+00,-1.195725719727357861e+00
3.067273172362008915e-01,6.370672769909484501e-01,3.883439611081583642e+00,-1.320261542126613397e-01
3.271781883218777054e+00,9.936120923496236657e-01,4.845559422669094118e+00,-3.222098451553683240e+00
5.413902742590061656e+00,1.941751395131618707e-01,8.470497822581446457e-01,7.877297026694783932e-01
5.557108411440445650e+00,5.969536181470990854e+00,1.260045488898459798e+00,3.158449684469006158e+01
1.036630933968496066e-01,3.129553412192667139e+00,3.338524494141320798e+00,-6.347631240702153455e-02
2.564408584704878646e-01,1.127856394404799900e+00,1.708214303405122259e+00,2.865019048939236868e-01
1.668084103266484597e+00,3.760382223177236583e+00,1.431900425772338004e+00,6.212224970670451540e+00
1.642324632171517029e+00,2.789704910436276553e+00,2.198660794460350620e-01,9.992422882689976360e-01
3.750803418346641660e+00,1.175500808395574248e-01,1.098540531948462240e+00,3.926474789122624265e-01
3.367359784136273682e+00,4.589324679182129052e-01,2.955670806076890145e+00,2.856694532075549908e-01
5.584916057631350572e-01,1.300319509009597585e-01,1.804373648929866958e+00,7.064968158373437224e-02
3.662375158799764385e+00,2.040224829856874811e-01,5.265159520936288473e+00,-6.359276894735508279e-01
2.471061275922416645e+00,3.573416049296725294e+00,3.672329496043671426e+00,-4.469537701645806216e+00
4.779552540636384350e+00,8.243197065332604767e-01,4.305575524293230316e+00,-3.618331415687074948e+00
2.913319921045947503e+00,5.963302370377202566e-01,3.569915324354914432e+00,-7.215801947165747521e-01
2.485847584362954055e-01,1.904512644623334472e+00,7.662005994442065981e-01,3.282795408301190099e-01
7.882879452568185563e+00,2.180022027444391775e+00,1.099497614837622983e+00,1.531134754007502607e+01
2.111140206954417731e-01,1.054832443882851578e-01,5.783316104847314065e+00,-1.067376715219438624e-02
1.884104360093478980e-01,7.345474105186945657e+00,2.467835787761085697e+00,8.634915393796978034e-01
3.537399030903345398e+00,4.306929496890054665e+00,7.945235499789403688e-01,1.087086181949084640e+01
9.049212223224024854e+00,1.615517341865045642e-01,2.544436417118987048e+00,8.220252887820554966e-01
8.748466629581969300e+00,1.937076401774676437e+00,3.750531835192256747e+00,-9.693328414974240914e+00
1.302919698111519642e+00,2.045440105256945418e-01,4.461709858428251962e+00,-2.581746064707836630e-01
1.073112733233753530e-01,6.355664256104655685e+00,2.028851528871815080e-01,1.374273051184751737e-01
4.615548339317959159e-01,1.519428257017623851e+00,3.576682226181191471e+00,-2.955918514447175571e-01
1.633763444213172766e+00,1.337061867201327359e-01,1.837567957785589012e+00,2.107172462368181731e-01
8.034150576104236663e+00,3.681507780030494059e-01,3.513941881543918289e+00,-1.076053769066295240e+00
1.339172239573986012e+00,1.678651755552317049e+00,3.760789314025527297e+00,-1.304699053906375417e+00
1.344319105169333173e-01,9.245177310993991426e+00,3.058758139177951030e+00,1.028329220271771427e-01
5.001707650707225561e+00,1.077024534503462500e-01,5.489479711190138111e+00,-3.840669769522701005e-01
2.233161398643115358e+00,1.069931869791976409e+00,1.136264203474418144e+00,2.167283160248044904e+00
4.431789955350731725e-01,5.905116009685834833e+00,6.026515771247012765e+00,-6.643591389190746099e-01
5.278629705637374769e+00,3.691438474073205911e-01,1.235842498362791142e+00,1.840282648101333463e+00
6.546328172484898733e-01,5.718767667369149876e+00,5.100554807050336592e+00,-3.465180332134527585e+00
1.858746445372145173e+00,1.202573455440052896e+00,3.912707075496613562e+00,-1.557843954919103213e+00
7.244302107994803341e-01,1.045577472719530610e+00,2.907527273586831384e+00,1.756778874144148683e-01
5.429379571688142114e-01,1.234850498006751840e+00,4.060749499925087047e-01,2.648310191051679308e-01
6.266193300510132680e+00,3.215982596589410658e-01,1.375301705989671330e-01,2.762774982218916264e-01
1.448171379783003976e-01,2.057740253863814317e+00,4.554162159724102210e+00,-2.942735563878158822e-01
2.323366289825548048e+00,6.964468875578732288e+00,1.257222272442781508e+00,1.539198064582070202e+01
6.512423532214152155e-01,1.924735957753914040e+00,4.777796821131688354e+00,-1.250789242480502494e+00
4.254808562694206486e+00,7.542021150885117597e-01,4.624093410528225867e+00,-3.196484943160970982e+00
1.223443356544639676e-01,5.819217572350946499e-01,7.206348607250446792e-01,4.697875140314963782e-02
6.369231248183392369e-01,8.833880644271310700e+00,9.262465023739792080e-01,4.497659455915625770e+00
1.281342099490643927e+00,4.127949072909106731e-01,2.199857785209353267e+00,4.276834739292758591e-01
5.082520344319274130e+00,1.593465873919482689e+00,4.340376035056612736e+00,-7.544843366441148724e+00
9.274361941063522963e+00,6.377757382642680994e+00,1.725771336549409396e+00,5.844074499670807654e+01
1.696791985393735214e-01,5.240278765687889084e-01,5.392398265641786814e-01,4.565725229543939750e-02
1.240513747096940039e-01,9.292304356167596424e+00,2.127692726639628162e+00,9.785462237050392975e-01
1.149704045795542307e+00,3.757197198663116411e-01,6.813882452493295050e-01,2.720835398613782319e-01
7.499897281036058683e-01,5.225220079911042648e-01,2.030730392680153873e+00,3.511620235924297062e-01
2.359524260551861818e-01,5.914520934663978657e+00,5.621734991080443722e-01,7.438626975355473459e-01
1.379394834929839608e-01,4.558977689375266484e-01,5.217280669432433626e-01,3.134121550939386602e-02
3.530158741474970219e-01,2.882477979724305528e-01,2.232030010636765649e+00,8.030945907148910601e-02
1.544342394521712514e+00,2.954643678814223851e-01,4.685401278932485036e-01,2.060570473313842466e-01
1.239615148801553463e-01,2.366498225857148530e+00,1.337951869863385879e+00,2.854382304798308567e-01
1.325133451536356644e+00,8.531643158897305179e-01,2.512136486175799988e+00,6.655645786516518614e-01
8.873454046318328681e-01,3.472209289895135664e-01,2.958640651185288739e+00,5.605447821843981271e-02
7.027062910312019461e+00,6.445602604710238381e+00,2.222852957592314025e-03,1.006810520606905568e-01
4.100707265595610274e+00,1.084725933761692129e-01,3.181163419410649507e+00,-1.759705133149146519e-02
1.962205834098550206e+00,4.598039390914753000e+00,6.015791656365779616e+00,-2.383859491295464927e+00
3.666803995379250836e-01,7.273816828957038183e-01,5.314341917398829551e+00,-2.198361831196362082e-01
1.383518044339821174e+00,2.734246916373273883e+00,2.361223461421043390e-01,8.849455097753011756e-01
4.213031253737166359e+00,1.254386734707247653e-01,4.936126947591109371e+00,-5.153047074715498832e-01
6.424198195069457107e-01,7.868953871940135292e-01,6.872496178603867412e-01,3.207069598133316934e-01
3.651684193139097534e+00,4.533095192896914316e-01,3.432799342281823485e+00,-4.752628047771712549e-01
4.650776456356437549e+00,1.793399827518757927e-01,6.289384679044822679e-01,4.906723700732362192e-01
1.560722500924037470e-01,2.016112054741516779e+00,2.433550078556454110e+00,2.046379728118929153e-01
2.730804611423214290e-01,9.589755307233835069e+00,5.545053872823283214e+00,-1.762191524308026391e+00
9.456279713025800504e+00,5.886940873915732508e-01,3.658258565804077822e+00,-2.749937751220613347e+00
1.058631196336203173e+00,1.759737289007336614e+00,4.214132170445472170e+00,-1.636414187218314664e+00
2.727903200015429075e+00,4.885672359202049009e+00,4.717737861033998392e+00,-1.332745060794731984e+01
1.469579232710610972e+00,4.519904665498532537e-01,1.730951491022957034e-01,1.144027044167010981e-01
4.965052822984896252e+00,4.921343428234719930e+00,3.326696601227633110e+00,-4.497180463551308627e+00
1.693154670128003692e-01,5.790906442350443939e+00,9.028591318247456421e-01,7.697836729573579451e-01
1.638178315574616351e+00,5.563496449885705353e-01,2.257031321488274678e+00,7.050928024875184885e-01
6.444106035045271685e-01,2.743770406742095935e-01,4.569086845582601697e+00,-1.749991228395889054e-01
8.659057447796007168e+00,1.841416492019324780e+00,4.357895398261158348e+00,-1.495351354931274379e+01
2.101084467241057518e-01,5.393182567167041697e+00,4.913820890801132157e-01,5.346725650663836094e-01
1.740779531394659907e+00,1.069276530549300164e+00,2.900133817503013911e-01,5.322881049076616522e-01
1.684616183742574103e-01,1.367077800096346607e+00,4.711804689277953706e+00,-2.303000993359669291e-01
4.698881546084319738e-01,2.438099855492951384e+00,3.887757059675266191e+00,-7.776877894186610130e-01
2.259601775283425429e+00,4.284410460741551852e+00,1.931790952628056113e+00,9.057078150265924776e+00
2.319101310330328847e+00,3.227823108545350372e+00,1.203464369609884788e+00,6.986272422484833378e+00
7.923318692711287525e-01,4.482872960806534302e+00,4.368847254006239744e+00,-3.344375845311870599e+00
2.025797360292627414e-01,3.740712153166133813e+00,5.239000647158132296e+00,-6.551229889051015665e-01
2.987059746638225821e+00,2.378764803151013629e-01,5.103415066248378373e+00,-6.569177607658408524e-01
2.985908062937459029e+00,4.237220333630524749e-01,1.613492384375422972e+00,1.264042015283808773e+00
3.923402005085983912e+00,5.095650983031153380e+00,4.959446190339084737e+00,-1.938524713424952139e+01
5.041134329827015037e+00,1.870107088987839894e-01,5.992004800722855684e+00,-2.706466049768305737e-01
1.969914611407169502e+00,3.869785072218910216e+00,6.216904210985086721e+00,-5.049006073010620099e-01
1.189744046929550464e-01,3.200458189532879305e-01,1.569696787193613829e+00,3.807723776697600343e-02
1.094293433813989663e-01,9.856202744695911733e+00,5.630522245429459005e+00,-6.550127622749443157e-01
3.032735053393285529e+00,6.682181205282420322e-01,4.411483659407944735e+00,-1.935473666910436874e+00
1.622816518189685586e-01,1.137910227345722280e-01,2.948464363995940918e+00,3.544216083558064320e-03
6.218529328825823654e-01,8.066187358558571940e-01,5.098562415914019041e+00,-4.646590786989978072e-01
1.263731267550723736e+00,6.016860898419453818e+00,3.934406025168596610e+00,-5.416345080640907028e+00
6.602457045788320267e-01,1.508136109845968020e+00,2.854272399139466732e+00,2.821762487020947341e-01
1.391835717714740017e-01,3.968665851220811169e-01,4.291640559351971973e+00,-5.041970453638401628e-02
1.991891687829204782e+00,9.020798591669601407e+00,3.384981876357717745e+00,-4.330277601976662005e+00
5.594857895885112953e+00,1.153756408387886401e+00,1.287252405180497217e+00,6.197351027675871649e+00
6.473482782985466422e+00,8.381377025234241884e+00,1.762720923151736896e+00,5.326048932139655534e+01
1.178496909335407794e-01,1.308360239058262986e-01,5.481601906847766159e+00,-1.107789861262912373e-02
1.138680171291548276e-01,1.215832102593774888e-01,2.920723474132314923e+00,3.033008845715398985e-03
1.976122062181522865e-01,2.121215620656002887e-01,8.000158820132071691e-01,3.007046004588569132e-02
1.499074560705891124e-01,7.994143475375425467e+00,1.363885344078551665e+00,1.172820450131514258e+00
5.656165082918425124e-01,1.234018411461191844e-01,4.324561197108589994e+00,-6.461440270525546647e-02
2.067192415684127871e-01,5.701399987021032345e+00,6.356070249390856075e-01,6.996883876216500875e-01
3.743813184322848375e-01,1.435715585606768541e-01,2.130782096523765323e-01,1.136659289665414505e-02
2.452851495667928816e+00,8.687115289449611755e-01,1.572183013079615499e+00,2.130818324400924446e+00
9.464366641211126030e-01,3.806151117452835297e+00,2.839512608304292307e+00,1.071702755639603488e+00
3.819281546225243296e-01,6.209742054884835660e+00,6.058288629548184367e+00,-5.288969803245443524e-01
1.568291731089971330e-01,2.297999890932085620e-01,1.475369257786052490e-01,5.297864945771127432e-03
2.033339942990596061e+00,4.434897326322972400e-01,3.713322528187392724e+00,-4.879340907507166425e-01
8.538251128442824189e-01,2.823292858079547996e-01,1.124091168968126102e-02,2.709675243713535828e-03
7.916236421936237999e-01,3.457145536517978734e-01,3.267131834774491761e+00,-3.426686372358971056e-02
2.184983460842094272e-01,1.011907392242941128e+00,2.899011324953641555e+00,5.311027042565651113e-02
6.529143432506482325e-01,5.009647332532402686e+00,1.792785916473801366e+00,3.190607786053854422e+00
5.778228928184249158e-01,3.047730210351890179e+00,2.735532042877414582e+00,6.956023594857176917e-01
2.099483218061891643e-01,7.012873877728572403e+00,4.731920317639731977e+00,-1.472060281306965646e+00
3.754448653674237746e-01,2.921224584893827858e-01,6.127812115652900182e+00,-1.697221103496183991e-02
2.634940686742467619e+00,6.859776861935339420e-01,8.917771823849092172e-01,1.406584980905180249e+00
1.178859974382824083e+00,9.969333371435751268e-01,2.653927752687895936e+00,5.506777283617502183e-01
1.493693080968084175e+00,3.407156139622457225e+00,1.430058963686575479e+00,5.038927331291762179e+00
6.080534725920342387e-01,1.904088243232474165e+00,1.303591960965640340e+00,1.116700847680949904e+00
7.846706883480957018e+00,1.093422573422840882e+00,5.843151595150120947e+00,-3.654722814552255006e+00
3.629273252851513920e+00,1.271391960374192165e-01,1.973693989032971219e+00,4.244761653998159190e-01
1.372848697942425644e-01,2.750087327252603298e-01,6.039299587788946738e-02,2.278723868481072508e-03
1.968808524937581128e-01,3.197211437740372642e-01,5.949672812715746772e+00,-2.060657176757367537e-02
2.693192540677536773e+00,2.608064431608703604e+00,1.419652002568695393e-01,9.938202317261882746e-01
7.185260298783964217e+00,1.612447824546890673e-01,3.027220029988384908e+00,1.322217818364759823e-01
1.503733712549922830e-01,1.195930447484574666e+00,1.130741326469527186e+00,1.627027911749015232e-01
2.803663071313998167e-01,1.638872260338415654e-01,2.677248778584874422e+00,2.057738421440930346e-02
5.096072759505186900e-01,1.151261461488879145e-01,5.116904833954929011e+00,-5.393411598568850773e-02
1.965247722913748829e-01,4.655814939871686375e-01,9.045702786814623364e-01,7.193226918648128188e-02
1.450862222471256124e-01,1.258257158058592839e+00,4.189866361921225746e+00,-1.581960788615228986e-01
4.511024995009149108e-01,4.878706009782612263e+00,1.768500197147275133e+00,2.157925321864900159e+00
2.587884169458196104e-01,2.442637546650134051e-01,3.843405906134197192e+00,-4.081029412388203353e-02
3.261158782979343695e-01,1.300277658864032126e+00,4.197204952181505355e+00,-3.690015207948084686e-01
5.863554225021320399e+00,5.628641730872355753e-01,1.656116201705918334e+00,3.288379341955624646e+00
2.908096408702190994e-01,1.023048932259153165e+00,2.737405209961560448e+00,1.170032758216551089e-01
1.435865215146382157e-01,2.844446316322693402e+00,3.541312933515181172e+00,-1.589426239938608876e-01
1.195468263790660929e-01,1.346053743729630214e-01,5.338518603055597112e+00,-1.303908696449907444e-02
1.292660142114763211e+00,1.542153032736681251e+00,6.179261713661785116e+00,-2.067968722695730510e-01
4.470675079300643340e-01,2.097190974653017737e+00,4.799869033702920618e+00,-9.340006700303963294e-01
2.180681201931884694e-01,1.417922019814590873e-01,3.375244978195870438e+00,-7.159056901046766293e-03
9.226358585619447439e+00,2.619029069290204514e+00,1.543369824845969573e-01,3.714626392782872877e+00
1.164203267927186758e+00,3.106773389437264665e+00,1.335088399258619107e+00,3.516905342285420399e+00
3.825209192272399417e+00,4.828743773397200512e-01,4.346035702491273689e+00,-1.724521980070414351e+00
8.456739542747117033e-01,2.922268883178153476e-01,4.417366828493908493e+00,-2.364516474775573696e-01
1.586217466048212010e-01,1.542867869037231610e-01,2.054038618660363635e+00,2.167088335405600863e-02
2.961654855775617268e+00,3.916055488974709675e+00,3.715900737329477899e+00,-6.300662587937463144e+00
6.126989672541802712e+00,3.228854295514627992e+00,4.758873823875978459e+00,-1.976178664624958969e+01
4.189105277119664072e-01,7.532816531717088093e-01,1.602249119019319157e-01,5.034413815816874554e-02
1.075672457830668532e-01,3.229310536916701668e+00,6.805472650099877452e-01,2.185703861700829531e-01
2.178782159556610920e-01,2.275624550778475863e-01,6.440307703880486789e-01,2.976954574426454725e-02
9.243930144359393530e-01,1.580784998868855762e-01,3.947862725291927166e+00,-1.054611254793351022e-01
2.644121331048394086e-01,1.928108578805804718e-01,4.461468416136642190e-03,2.274517323123082478e-04
2.419160483672267437e-01,4.421496101835094450e+00,1.545400447532519594e+00,1.069285953786505594e+00
1.724517898825530804e-01,7.471510535286532972e-01,3.141437492788508479e+00,1.999208692570445897e-05
1.042949702528261469e+00,2.991984826572226641e+00,3.748630420454895917e-01,1.142551961618259559e+00
8.340755355155872186e-01,3.234673318517607754e+00,4.502009976901824473e+00,-2.638476778279456259e+00
3.386215642300589579e+00,2.128486532649847829e-01,4.235866148051417923e+00,-6.404562987353865644e-01
6.768665556957114582e+00,1.589769708255941993e-01,3.246299008492363747e-01,3.432186086742675668e-01
1.948726162141279639e-01,6.665612724467009365e+00,4.827966800849305962e+00,-1.290279236457131162e+00
6.553011991213857357e+00,1.539986584535470993e+00,3.626307394814022533e+00,-4.702218320301767562e+00
6.259910756568233259e-01,5.210530535550441655e-01,2.060960718330345109e+00,2.877692942196508619e-01
5.430397138238916011e-01,3.655535001817500351e-01,4.043795211281191015e+00,-1.557696872443785074e-01
3.455696200943085272e-01,2.138387153797211671e+00,7.589641115359827550e-01,5.085313965556912397e-01
1.193935353001511768e+00,5.433163539449606283e+00,2.329152465169924691e-01,1.497261549815289028e+00
1.863483345324496332e+00,2.901779804755318937e-01,9.944651609747247045e-01,4.533945210259398562e-01
6.020065034984667385e+00,1.578214708516155751e+00,2.331678503633950239e+00,6.880857564480451494e+00
8.022057183764210730e-01,1.751365450353333242e-01,1.639214180719056779e+00,1.401668361765178727e-01
1.918148318561931465e+00,6.247662875049186937e-01,5.085401406964501492e-01,5.835014025385346637e-01
1.152748018291681165e+00,2.090990851967211295e-01,4.123590479558789212e+00,-2.004497232722483313e-01
1.288544499759229023e+00,2.899267745993940881e+00,1.117513660724525959e+00,3.358569942459031399e+00
2.988835652662010567e+00,2.170892401847043018e+00,4.175421102666475370e+00,-5.575281221182190272e+00
4.545403720474489595e-01,3.859874668141709542e-01,5.145470885737477573e+00,-1.592490474575234960e-01
8.602040493230630247e+00,1.210037744306493135e+00,2.117721570786996743e+00,8.890438223656452976e+00
1.399650675261858712e-01,4.068736450356750467e+00,2.302927425343877399e+00,4.235523535711976928e-01
3.946975660212487802e-01,4.361447356463599156e-01,2.053449727298019223e+00,1.524805122640045252e-01
3.162159908274810305e-01,1.122284298014059045e+00,1.417872542804972325e+00,3.507427164550573906e-01
6.693252094053815382e-01,1.002894437736772337e+00,2.869100606170518208e-01,1.899605491582737893e-01
3.943546263401798591e+00,7.569566222354362495e-01,5.477954833284333525e+00,-2.152223631343347598e+00
1.404128637155903359e-01,2.509035328834135381e+00,1.965785396552492736e+00,3.251739427340566424e-01
2.043330670906807200e-01,4.981145523746243420e+00,3.833182616997786174e-01,3.806619392035957006e-01
5.827702416305272637e-01,2.987278257068977538e+00,3.591894352953162173e+00,-7.577030427179498595e-01
6.261151994432418988e-01,8.186151704360547399e+00,7.208809460905589717e-01,3.383052288042143196e+00
3.059969609232576215e-01,2.660325464967484566e-01,9.803407225034529437e-01,6.762220959811020282e-02
2.038320044411304988e+00,6.598297423604033263e+00,3.565235261180996318e+00,-5.528847215199651721e+00
7.123596328395636945e+00,1.352140506090946659e-01,1.711462324437383664e+00,9.536965332592199918e-01
3.036610655254119440e-01,3.715638517450552958e-01,8.913611293806249398e-04,1.005717950629560740e-04
1.577790163807116508e-01,1.168807267587550713e+00,2.517954945218998652e+00,1.076958621376519348e-01
8.949083343634544718e+00,5.920520977144297925e-01,3.418201158979388588e+00,-1.446943825842124998e+00
5.632482285612059769e+00,7.151721510708467733e+00,1.814100630369029243e+00,3.909552994458528730e+01
2.881722933371990703e+00,1.041735745799548390e-01,5.457677342843205714e+00,-2.206142331069972928e-01
1.139262344092608625e+00,3.832794099020803702e-01,4.896967352079975577e-01,2.053846731929890312e-01
2.164552198470317546e-01,4.928781730175879616e+00,1.609737681475317483e+00,1.066051726017958501e+00
1.304858684893047460e+00,1.127777673621864762e-01,3.924783775512089790e+00,-1.038272498883122397e-01
1.052278820628050227e+00,1.106749962358247963e+00,4.865940603143362964e+00,-1.150906859844600838e+00
2.508351171440499905e-01,5.797495594568199628e+00,3.569014862371856278e+00,-6.028105593113701755e-01
5.299039063740859090e-01,4.411501556474401120e+00,3.983096517729097563e+00,-1.743075826444452803e+00
1.741912740645492841e+00,6.443123454455529364e-01,6.008026266784963987e+00,-3.049386573036939607e-01
5.395649162960817868e+00,4.693909405314338201e-01,4.839273367404957060e-01,1.178347306790836768e+00
8.609155433408103297e-01,9.767769022840079529e+00,4.024924207184034763e+00,-6.499130298532969086e+00
2.106740997589191811e-01,8.838713414260279677e-01,3.600421871392270878e-01,6.560391394052010605e-02
1.245694518521352628e-01,1.758102797762665370e-01,2.574911999344709379e+00,1.175699283088293967e-02
1.777621863363122889e+00,1.990981714623964727e-01,4.877498444222110763e+00,-3.491080642375520848e-01
1.006384828313704183e-01,4.259260061271481490e+00,2.313482300991869245e+00,3.157637335856572913e-01
6.366601819938622064e-01,9.538797186727583366e+00,9.036663878488041535e-01,4.770931348921295445e+00
1.970672166133592973e-01,2.559097387753540565e-01,9.509981888184589893e-01,4.105096042677235102e-02
5.631072771933461896e-01,7.067692831855081792e+00,4.155026616605484335e+00,-3.377528940367108934e+00
3.197157237834334365e-01,1.700569451820365396e-01,2.496359894819338177e+00,3.269719832030584111e-02
4.838105292763583698e+00,1.227765582621031637e+00,4.403584437579668887e+00,-5.659079953595383294e+00
9.218225813699657323e+00,2.077466722426168033e+00,1.628129612109158741e-01,3.104202026010884907e+00
8.639942720084830441e+00,2.899152356117581597e+00,3.981252330452015098e+00,-1.864650993030991089e+01
8.343479466859948346e+00,6.682368346413045668e-01,4.734169546354211278e+00,-5.574097890775592035e+00
1.874462017834306993e+00,5.741623277468912434e-01,5.305425028011323541e+00,-8.924740996692146489e-01
1.208476842442866461e+00,7.891041884515510141e+00,2.417398495528594538e+00,6.317999347189786619e+00
4.503817746689759538e+00,7.878086332729532515e-01,6.041047175205852326e+00,-8.507707731094903414e-01
9.103920445254085614e-01,2.263697210269016935e+00,6.423189598915054477e-01,1.234561308244670697e+00
2.409053747547492019e+00,1.393289456207706944e-01,4.674667565377036427e-01,1.512531231777627105e-01
1.050062423735243611e+00,2.297157820796262573e-01,3.357600651386617674e+00,-5.170031510071170650e-02
7.752554413073478035e-01,4.787939230034614080e-01,6.097200405205159157e+00,-6.863798321493576327e-02
1.100519931562062181e+00,2.062261423831693863e-01,5.344913644287510479e+00,-1.830485183869109134e-01
4.963532065732553789e-01,2.172275168055557149e-01,2.338369620163940343e+00,7.758817537710004097e-02
1.459105500488568907e-01,3.343061119252086488e-01,2.005362691011553178e+00,4.424493175928580907e-02
1.362145001850240400e-01,2.369413399474404436e+00,1.782153857967626154e+00,3.155663477751526336e-01
1.653773489427837473e-01,4.041070561474461087e+00,4.424493438513110277e+00,-6.407966026421182404e-01
5.218159172960725734e+00,2.445367029181626073e+00,1.911029745130244040e+00,1.202885231297243962e+01
8.134528528797497771e+00,6.528968409668869377e-01,6.919124658607462841e-01,3.388481506094223050e+00
1.299871904056857375e+00,4.609900844807459097e-01,2.846858549102720737e+00,1.740670206187217295e-01
3.232859290263808694e-01,6.511251175654915180e-01,3.325937272039473758e+00,-3.858505784213163425e-02
6.161082545548676848e+00,6.402874076008419735e+00,2.081498960108585816e+00,3.441504039283550043e+01
1.191832309607127466e-01,3.863959608599458750e+00,4.148257314761787384e+00,-3.891632164356484402e-01
1.873200880372998811e-01,3.844281192542966519e+00,5.801768987074122030e+00,-3.334366253268264413e-01
1.548381407650455122e-01,2.911607410684371455e+00,5.674458070486958050e+00,-2.577941006942244262e-01
5.927060565987249952e-01,2.341553201379820148e+00,5.760881837742915401e+00,-6.923689515697925012e-01
3.266214650098420602e+00,9.554773951591479797e-01,1.050402924934955351e+00,2.707674877426061055e+00
1.726376324796597750e+00,2.873600584266466917e-01,1.493465158383347369e+00,4.946089995480029700e-01
1.685296679509485251e+00,2.014699911788821740e-01,5.758143181471806482e-01,1.848838418534302364e-01
1.531826974337454073e-01,2.316105682811707922e+00,1.475795249315496660e+00,3.531875057158185838e-01
1.527944845458570233e+00,1.806985044725860634e-01,5.333758815914984019e+00,-2.244897209975587338e-01
7.442754497083161613e-01,2.950573483193772439e+00,2.933332856002614619e+00,4.540478663348866961e-01
5.857390547712573170e-01,8.217698234637156318e-01,5.776237067708813733e+00,-2.336974403488461527e-01
2.574392181686456227e-01,2.387993740905252071e+00,5.148307935833330795e+00,-5.572720599850311540e-01
1.997704229776826823e+00,4.812666705825487390e-01,3.601477599130800122e+00,-4.267252252078136965e-01
1.725110806415027787e+00,5.643724997540860988e-01,6.212858934691353419e+00,-6.841368884525433902e-02
9.761906619834366694e+00,7.915462163237899640e-01,2.008320637246645279e-01,1.541418633926292081e+00
9.468878999155320386e+00,1.160228062949028166e-01,4.028376226554038375e+00,-8.514671239453174278e-01
7.750017090183766166e-01,7.485756361564462225e+00,1.412165142853154309e+00,5.728633194372131143e+00
2.822615904219431648e+00,7.266762287008398324e+00,5.904797362348475076e-01,1.141985120219357874e+01
5.405301221840037584e+00,1.146203309444298879e-01,5.369990223728573930e+00,-4.903553300451420349e-01
8.687681267660657403e-01,1.834732216776318314e-01,8.002085550973649930e-01,1.143666249935958446e-01
1.685611726257505161e-01,5.691472898348397536e-01,4.167988449874631129e+00,-8.206740673316800794e-02
8.291407875254673598e+00,1.174231918282822917e+00,1.219502365500556795e+00,9.141438837746457935e+00
6.869781245396987757e+00,1.426665972614540978e+00,1.868148424898967708e+00,9.370777732600654275e+00
3.215923771605623038e+00,1.406082339475353549e-01,2.459084169895840777e+00,2.852121061410551883e-01
5.688930693967532148e-01,6.635757408453422990e+00,1.110836066011197332e+00,3.382697391437773149e+00
1.716854843852641810e-01,2.624923001586414895e+00,3.712383219896651987e+00,-2.434910886125519480e-01
2.791377891525154364e+00,4.072048648812590099e-01,1.986349750799271563e+00,1.039924759970826562e+00
9.042442612969971094e+00,6.048240049611024460e-01,2.840470261549915776e+00,1.622088804715736909e+00
6.626746419360211249e+00,1.845567541370393694e-01,3.833494447330290544e+00,-7.802842978230674076e-01
2.338351305314683160e+00,5.188926672062389445e-01,4.863678520933364169e+00,-1.199493876952329341e+00
3.027117967577592772e-01,7.138181244331481601e+00,3.294745116902288107e+00,-3.296414343639843536e-01
2.327011904730712788e-01,1.063120075568621425e+00,3.804331019131917735e+00,-1.522131580795839378e-01
4.007727280561571348e+00,2.300355233305465541e-01,4.251874835233155459e+00,-8.258778572376553884e-01
1.356557578697765720e+00,2.504635929033318109e-01,4.411988232486137917e+00,-3.245527761263317101e-01
1.124266054306412577e-01,2.240694685850771695e+00,4.612217665444630299e+00,-2.506508659935614003e-01
1.333566335995054475e-01,2.256826739863682540e+00,8.858316070858436309e-01,2.330780552890116819e-01
1.020730978301739450e-01,7.038135120276066692e-01,3.793434250369065008e+00,-4.358209784942811832e-02
3.291449703608015920e+00,4.494549255759859308e-01,3.918958237471656503e+00,-1.037628021541606493e+00
7.312127599942150447e+00,5.067846962386280962e-01,1.025568930955319674e-01,3.793765908114473673e-01
1.247522963150606623e+00,1.722785987210549707e-01,5.373285971223269897e+00,-1.696680551093164846e-01
4.353494508884538483e+00,5.238456572879004902e+00,4.172907317318319542e+00,-1.956662914137045917e+01
4.640030858029342564e-01,7.484532280996945008e-01,5.983133195745162780e+00,-1.026469080161417774e-01
2.406449800304646836e+00,8.955982573484221332e-01,4.989341756874797085e+00,-2.073083773715908240e+00
5.909633802717122464e-01,7.562172289166423589e+00,1.765963328131205490e+00,4.384124887131678250e+00
4.078287002601261868e+00,7.712976763521370849e-01,6.031066573466590253e-01,1.784181057838515772e+00
2.218250069309901096e-01,5.801483855477826523e+00,5.751929538433195432e+00,-6.519718739557948117e-01
6.595569265408572690e+00,1.727744653183050927e-01,5.557939783652877885e+00,-7.558827065648230370e-01
1.529198799432956446e-01,1.738182807695612397e-01,6.147435266006915811e+00,-3.597200785843511408e-03
2.629447345872316100e-01,3.807445233267184315e-01,6.123144014980718142e-01,5.754225605284947476e-02
4.464355748024667059e-01,4.736359028339015786e+00,2.577745951932985946e+00,1.130065200114874102e+00
4.026611770330189577e-01,9.873400974438665045e+00,3.548650316775724178e+00,-1.573990288394715220e+00
8.380896042979429916e-01,5.005925830247117680e+00,1.302827847154024887e+00,4.045683320532960536e+00
1.373172754790480954e-01,1.493680067005709045e-01,6.178560415554484209e+00,-2.142028134107951554e-03
9.166785925688273551e+00,1.888884893287072209e-01,3.556036125783736401e-01,6.028327140775882054e-01
5.069922072005795810e-01,3.437897554628967511e-01,4.007983288278189060e-01,6.800326318393495884e-02
1.132123293914623519e+00,3.308701955981867115e+00,5.937562884707330291e+00,-1.269030795455317495e+00
1.500058347634448674e+00,1.172907526487221963e+00,6.160330455297678753e+00,-2.156111406731906488e-01
1.128062791232663065e+00,8.755250923838920230e+00,1.460756353297277155e+00,9.816737012976620491e+00
3.490646212386508407e-01,1.312232253288632966e-01,5.080403580206092506e+00,-4.273841527602830620e-02
1.121066915094286881e-01,1.240349727092736748e-01,1.281881321859271505e+00,1.332883155292931970e-02
1.425922767761627741e+00,2.591274911513656853e+00,4.743792628622895080e+00,-3.693136079943471817e+00
2.479320805104469616e-01,8.537068820934358371e+00,4.677580146193407451e+00,-2.115331061267277768e+00
1.067595802737521637e+00,4.169581144480887680e+00,4.964623487546210967e+00,-4.310571603520012118e+00
1.246793858209315486e-01,4.436162758059984945e+00,1.440189541926665484e+00,5.483873402881999093e-01
2.807880962154885029e+00,6.650014360389145729e+00,3.890680670611205372e+00,-1.271539960415102932e+01
5.480582518504485634e+00,1.546069875651341352e-01,2.666476969390936702e+00,3.876066609781667616e-01
1.613896873525614062e+00,2.826569759650403024e-01,1.123688305804071863e+00,4.113373620187324997e-01
1.877515858457292852e+00,5.514149879963513357e+00,3.309628239749889733e+00,-1.731481006225524810e+00
6.587250871215209358e+00,3.404601084759378282e-01,5.374302288173298692e+00,-1.769078427001316234e+00
3.149207825124325510e-01,5.187431943422011749e+00,2.982100697560629232e+00,2.594476333832593240e-01
8.460952155112845929e+00,4.235824916553670993e-01,1.481708129953891173e-01,5.290900726774090401e-01
4.374931495574357676e+00,5.923009073652155676e-01,2.348414186383986912e+00,1.846509074482830748e+00
6.684410943913046133e-01,1.146771581557148173e-01,4.682456258417652784e+00,-7.662058748918823547e-02
3.208001446051361505e+00,8.008010470054138352e+00,2.777819680019503745e-01,7.044717307277991836e+00
2.363040434419782787e-01,1.279721208344035022e+00,5.698435436496072093e+00,-1.669238461247514460e-01
2.570540535026374585e+00,1.209268859442124810e+00,3.056945393305068759e+00,2.628097521784368840e-01
1.553207562570747324e+00,1.069163910093215430e-01,5.397154165420706029e+00,-1.286272860076335400e-01
7.365237835017053314e+00,6.291374289638901329e-01,5.126070015799197854e+00,-4.242877823401464354e+00
5.491152924051915241e-01,4.286748902779599080e-01,4.915160778742881043e+00,-2.305692612129673635e-01
9.012870522767102432e-01,6.722595036997978113e-01,1.493487858432830384e+00,6.040890809221465263e-01
4.746782851039860751e-01,8.248854407954514301e+00,5.446645685116924263e+00,-2.906627819819691982e+00
2.431471723515258532e+00,6.208460280779225515e-01,1.922897834723729993e+00,1.416957524591666351e+00
2.918885056111145904e+00,1.611437436864707751e+00,5.391244353646881038e+00,-3.660774489337560667e+00
7.727822600149996113e+00,2.128464952159283108e+00,1.053030751485754646e+00,1.429246265729262966e+01
3.392162307531672583e-01,8.229975040213781678e-01,3.792084122025769055e+00,-1.690615834306109233e-01
6.205098599855639385e+00,7.331186847594755029e-01,1.835310397828053164e+00,4.390855376381002095e+00
4.145828771685276415e+00,1.151054614574437279e-01,3.660491382695040818e-01,1.708064740163432738e-01
3.518546386087598066e+00,1.276897213548813692e+00,5.359745994891819798e+00,-3.583836627984074319e+00
5.708467951208400226e-01,7.136172303503782732e-01,2.488351260243899077e+00,2.475823102557291322e-01
2.017906910132684362e-01,3.559333322614451678e+00,1.333917366732840781e+00,6.981835572459889061e-01
1.071485749637439977e-01,3.564493503781402950e-01,5.305074461613064507e+00,-3.167897206600155113e-02
2.153919527423460600e+00,2.746834658404191387e+00,2.342835726514494787e+00,4.239081926568723624e+00
8.968717664624908936e-01,1.052018284972622286e-01,4.674418522815713573e+00,-9.428454127022196929e-02
2.072416641399969173e+00,3.483807716693962497e+00,1.253339014514180949e-01,9.025311190227554015e-01
1.072946020482600238e-01,2.009479356005168249e-01,3.286023992675783378e-01,6.958057394334500947e-03
9.355385017751428833e+00,1.946226202712508124e+00,4.685388824203868374e+00,-1.820105907941684009e+01
1.017181533754959233e+00,3.546397788532202333e-01,3.236239292752953745e+00,-3.409121796625268208e-02
1.552026828860204322e-01,3.386632343292687586e-01,9.988875596905594234e-01,4.419730920688020454e-02
1.235945914765216092e+00,3.121035026475432184e-01,4.237475478427052522e+00,-3.430537442444160923e-01
3.222479035245706669e+00,1.519148871639579124e+00,2.726877466548767170e+00,1.972510213351306829e+00
6.663958591849056257e-01,1.451692045321115732e+00,4.110357569329806116e-01,3.865340303657423537e-01
4.859468118686237070e-01,3.322651689352719151e-01,9.542405868651033796e-01,1.317337655488402814e-01
3.925475594792765532e-01,1.862970605492582532e+00,5.934700609236593927e+00,-2.497214809318963058e-01
2.318668360032440645e-01,2.451160317710530556e+00,4.879755922021485892e-01,2.664611069606848126e-01
1.046890712802982654e-01,6.259319285005815026e+00,3.410171790544737291e+00,-1.738868845316184075e-01
4.100144282199542189e+00,1.019724190923465695e-01,5.563250676808658035e+00,-2.756692585596804412e-01
5.348207404224858408e-01,8.444007861320934616e-01,4.607278325543446407e+00,-4.491106379917595426e-01
3.550333853869584555e+00,7.319212944337930571e-01,2.373985739284782959e+00,1.804483064896993172e+00
2.111572278997777552e+00,2.588175720543224867e-01,2.067747778053816265e+00,4.804059361421755270e-01
2.512068111535264991e-01,1.268642392818711828e+00,5.714535478047352512e+00,-1.716137897783372723e-01
3.857714592131592735e+00,1.932070663277181966e-01,1.652706799586702413e+00,7.428387600362610366e-01
1.721746319689175353e+00,3.943582238477454371e-01,4.973333080226464809e+00,-6.559990372731685504e-01
1.397996884787422234e+00,1.617831965718019571e+00,5.679964879486876228e+00,-1.283070340496306638e+00
8.833028791023487258e+00,8.751553243964531603e+00,5.356356115430421561e+00,-6.182055564277866466e+01
1.105764223283588893e-01,2.362906996956428696e+00,2.144768871042135761e+00,2.194115566904390469e-01
2.088323849439711388e+00,5.015966469059413235e+00,2.475560740729630727e+00,6.472173753292654652e+00
3.458158534271649209e+00,2.373266235423793447e+00,2.546903545340015285e+00,4.598055443567542255e+00
1.404375041977918293e-01,6.144808327717825591e-01,1.491909115850278633e+00,8.602777498518242305e-02
1.220775854672355942e+00,5.437426056399210061e+00,2.256608952332225471e+00,5.137085092721465962e+00
3.765770199281201158e+00,6.799960382159818018e+00,1.933268890908087956e+00,2.394321493886313590e+01
1.153426509298676850e+00,8.074239631906117154e+00,6.233450902489644285e+00,-4.629876787925950032e-01
2.305048712879328665e+00,4.629306112098609538e-01,4.577884617785798582e+00,-1.057439676500634640e+00
1.185585183455554192e-01,4.502668746831971269e+00,2.538047675023493266e+00,3.029829223005958694e-01
1.403430902470770014e-01,2.060299317404169217e-01,4.981175360269739727e+00,-2.787665674596687126e-02
3.476128662103762923e-01,2.432787203660863096e+00,2.155684623738688632e+00,7.050959013249264995e-01
8.272136375275723097e+00,5.131859297117868479e+00,2.054944454978736346e+00,3.757257144057538056e+01
8.534837101355039479e-01,2.689250191221242758e+00,5.018209690921720423e+00,-2.188732909176294150e+00
3.799597113826050254e+00,1.262181052825782190e+00,5.987336246022227471e+00,-1.398219718056266547e+00
2.532350285051623295e+00,7.678000306034610256e-01,5.599839389934930384e-02,1.088229445952117735e-01
6.116094199958082456e+00,1.423436327286339009e-01,1.943540953548925643e+00,8.108050156608304082e-01
4.365645714127059929e-01,2.226807440397043369e-01,2.687370889760130610e-01,2.581182356818046558e-02
1.949224582100079317e+00,5.016185713279943670e-01,2.249949628504451571e+00,7.608054276646309955e-01
7.342851336344838664e+00,7.371692469828694527e-01,5.038618501071128186e+00,-5.127432567802085117e+00
2.863236031626690270e-01,3.532559183529115021e+00,5.081289423964364005e+00,-9.434088253249804934e-01
1.422643469980528486e-01,1.196921070398291542e+00,2.124180282085949223e+00,1.448651769459756433e-01
3.304846574491356659e+00,1.345183001292224456e-01,2.619523052445137168e+00,2.216921763797490563e-01
2.495550441092717620e+00,1.106480528056570156e+00,2.037264466119742323e+00,2.466269259361928867e+00
1.059776430950270798e-01,1.903936596772483503e+00,4.036654182041465866e+00,-1.574342289798595362e-01
8.879923282284472030e-01,5.120997459418758169e+00,8.835975853333052354e-01,3.515263841526360622e+00
1.245447426886472642e-01,1.109052907509331831e+00,6.800681772613416110e-01,8.686043332472406786e-02
2.382414124905570585e+00,4.242083491057919709e-01,3.811965423918160401e+00,-6.278885055366163481e-01
1.259043150059368621e+00,7.419107068380768055e+00,4.080310922269029916e+00,-7.536313278118641712e+00
2.424479970470888368e+00,1.365394734444232150e-01,8.111484925319477624e-01,2.400279964544539957e-01
1.188376150604246173e-01,1.639853456652505370e+00,2.206436521210803470e+00,1.568153361781853827e-01
3.131536471955148060e-01,1.517548665447430611e+00,4.088354906405413658e+00,-3.856590769958394005e-01
1.493368813142033069e+00,3.050641342733179329e+00,5.333917363418651192e+00,-3.703762629698791997e+00
8.463247569999420294e-01,3.572190725540056455e-01,4.506148870074172308e+00,-2.959164437597033293e-01
1.608961532971691644e-01,2.384834666082070509e+00,3.433815999655426054e+00,-1.105401621339410084e-01
1.770794620600245062e-01,1.982964835820318905e+00,1.380040419697509568e+00,3.447730437903509526e-01
1.405981639841793751e-01,5.733481675494571661e+00,2.596320102459340085e+00,4.180934970772917647e-01
6.627740355438739961e+00,1.085257708447753933e+00,1.224441175941310300e+00,6.765670722436813556e+00
2.425369916069536336e-01,1.385011632864672493e-01,5.402263690920297456e+00,-2.591010920251993893e-02
2.161950579809128303e+00,2.111337469474325879e+00,3.382668909086036457e+00,-1.089790382680482450e+00
2.208625726745850226e+00,2.410787633995376211e+00,1.814514933968735422e+00,5.167173627872439390e+00
5.507777858911286906e-01,5.807562327655990231e+00,4.411348205645944986e+00,-3.054826734002658917e+00
4.405542198545447263e+00,3.991949426168897586e-01,3.605202481584204866e-01,6.203903941699848712e-01
7.220562393792907541e-01,1.915071974345732730e+00,7.384864162545735633e-01,9.308516989356445670e-01
2.235180589022873310e+00,3.618024339728022287e+00,2.188487903412201341e+00,6.592613697747637502e+00
4.444855674366744447e-01,1.841338642724934527e-01,3.046715570887709834e+00,7.753555434278415828e-03
1.218843000319894676e+00,1.619011089915830814e-01,3.606283992249366133e+00,-8.843373746295268845e-02
2.996906289532920820e+00,1.575622651940496166e-01,4.936066416925267930e+00,-4.604360678037149324e-01
1.178473205053997219e+00,1.274493638449729349e-01,3.634345734981860865e-01,5.339253794639775563e-02
6.262191139355341107e+00,2.295097924459238992e-01,1.885129371815094323e+00,1.366813739194364441e+00
2.745376720974105123e+00,7.130907992840884724e+00,2.078309984545695599e+00,1.710945365029628462e+01
2.265839341124162853e-01,5.793732724267330880e+00,1.541203486516671717e+00,1.312191977126786480e+00
4.073742378309074930e+00,1.851803800136644362e+00,5.809125143241678835e+00,-3.443750270260818258e+00
6.088849286696177421e-01,8.844438106770645902e+00,4.132357227124042076e+00,-4.504462644286050477e+00
7.037111156264574063e+00,2.589387377309571026e+00,4.098629685224956631e+00,-1.489612030222432182e+01
2.328805988113512027e-01,6.982328280125647879e+00,2.337836835611736053e+00,1.170702654897837869e+00
1.024176594881959779e-01,5.664016918576656456e-01,5.044694736634012244e+00,-5.483598851999910845e-02
1.623334362270454911e-01,3.093893988258871741e-01,5.030146905347590902e+00,-4.770993387207651815e-02
6.282327344664986768e+00,1.847301782842538653e-01,3.733999625816741386e+00,-6.479959479599339822e-01
1.403889027853934213e+00,5.083653027723809892e+00,4.892382590002941178e+00,-7.021587170108405829e+00
5.293105430533675992e+00,7.811795176711289201e-01,3.829766914480301931e+00,-2.626169001455235463e+00
9.589195738702221306e+00,4.205376063283855714e+00,5.756977429782981659e+00,-2.025413732427464808e+01
1.809294516646806350e-01,2.032615092153680525e+00,4.698486285717718758e+00,-3.677243934166466999e-01
3.533190223838365007e-01,6.278799997306329317e+00,5.177239505410554443e+00,-1.983019843957685602e+00
2.690843694283824306e-01,1.171066695009599784e-01,4.862419152204961570e+00,-3.115759121217498082e-02
1.035793646361573561e-01,2.017319271933686042e-01,1.342665306369928979e+00,2.035388482213293729e-02
5.781816490875387515e+00,1.668199632818811451e-01,1.784409693753630899e+00,9.426000639412581705e-01
1.266675533937079157e-01,1.795005000010095331e-01,5.176959924534987323e+00,-2.032709454419759365e-02
9.054827514976995229e-01,1.476422036607592803e-01,9.077350355073188215e-01,1.053606454029647338e-01
2.811306260654645728e-01,2.817893588365393054e+00,5.407764895802473326e+00,-6.082584662867392966e-01
2.196795076427977111e+00,6.814446944128057737e+00,4.528828381100715283e+00,-1.471844852032714890e+01
1.022588088220348079e-01,8.788892784671299196e+00,5.645162046469613948e-01,4.808332350625559304e-01
2.834184566519031834e-01,1.811486936499561162e-01,1.560806302340854490e+00,5.133832127490566000e-02
9.052361950942338087e-01,5.577931725172241784e+00,4.480490525579922334e+00,-4.914183975964782292e+00
6.151056252043212602e+00,1.146196710808434549e+00,9.970343611906162806e-01,5.921316994108241971e+00
2.359200458421457369e-01,2.856838290192804219e+00,1.179134377138127299e+00,6.229485004299384343e-01
8.143069768242602535e+00,4.509958677174942809e-01,1.309918357060143812e+00,3.548228037606666607e+00
2.556765202460738795e+00,5.097614983929264376e+00,1.680343011213747628e+00,1.295527925178145168e+01
2.502440013433765431e-01,3.439462825124546264e+00,5.215993001365964998e-01,4.288612169560330201e-01
1.710522999723275595e+00,4.465472750721077855e-01,5.842261937291453044e+00,-3.259830593196150206e-01
2.902152091082677465e+00,5.198937648017879276e+00,1.589499870003926008e+00,1.508546876353164556e+01
3.489816200075034569e+00,1.666400792325418712e+00,3.221503327812483164e+00,-4.642206985386817530e-01
5.527057751052722345e+00,5.092079551207440158e-01,2.630632642304666646e+00,1.376294088340738186e+00
2.969365773939557140e+00,9.068854460146547058e-01,5.727033071381862683e+00,-1.421628382092413601e+00
6.115760012897712095e+00,7.181323129981004305e-01,4.356132580120912756e+00,-4.116151687635268175e+00
1.055610857504595962e-01,1.638826608281037434e+00,4.709623536174603942e+00,-1.729956546169323373e-01
6.579983509323385604e+00,4.899649632654838882e+00,3.655999705782588372e+00,-1.586249364675505547e+01
9.397373667319715018e-01,2.496502402944813792e-01,6.008256020291791621e+00,-6.369048170659759311e-02
8.139282269352955623e+00,3.792489055482317628e+00,3.720631788669824580e+00,-1.689166163457311853e+01
2.682677276131409383e-01,3.033906486054549489e-01,3.315502408606390894e+00,-1.408325930271866859e-02
2.385558024470719185e-01,3.809890129193697073e-01,6.051624428870957528e-01,5.170530099498156507e-02
1.467483800640976943e+00,3.394301798853326169e+00,6.000095632292545389e+00,-1.391334375513702870e+00
2.403485230296661168e+00,2.131264417156194524e-01,5.693079746495396165e+00,-2.850387802526587189e-01
3.883723559911910206e-01,8.041829040563529318e+00,2.663736978444630754e+00,1.436296145860832318e+00
1.186135409803958929e+00,7.801899586127999164e+00,2.745150017620400007e+00,3.573375644256730155e+00
1.425222562810090965e+00,4.635163072511427895e-01,5.092851343226996175e-01,3.220844384862998067e-01
5.172532912062426380e-01,2.545060704992627265e+00,1.911990388635856908e+00,1.240555822140751774e+00
8.418375248491081209e+00,2.062841234610389485e+00,6.487977387533272466e-01,1.049290050844909494e+01
3.460314164139378423e+00,1.088573523393343567e-01,7.530385857099208824e-01,2.575964103206530020e-01
5.843610495618408507e+00,3.905532544309230580e+00,5.201266195791905744e+00,-2.014901003781415412e+01
2.004190000565610585e+00,2.728193439808284548e+00,4.931229550233739545e+00,-5.337409542406530427e+00
5.142439788917748444e+00,3.922485898384935332e+00,1.713435264316961248e+00,1.996629549569757955e+01
1.747200339866348928e+00,3.346135510455328532e+00,5.518743243911702345e-01,3.065159048670382802e+00
2.043315773801567925e+00,2.318960612260339449e+00,3.523779732678077981e+00,-1.767177693172242492e+00
3.868871051421040708e+00,1.591313322655928841e+00,6.234040234098493727e+00,-3.024440911792763420e-01
1.753666989750948535e-01,1.574589605188943253e-01,2.478138881788547021e+00,1.700527107754055620e-02
3.818224377354216825e-01,2.936798507823604076e+00,4.100083126154656199e+00,-9.176168044849263294e-01
3.021619475556097112e-01,1.454441130000469817e+00,3.572302329554545075e+00,-1.834884790648678987e-01
1.316723903991548761e-01,3.247945608403704831e+00,4.437725789116827357e+00,-4.116344338333397523e-01
1.488123313256543012e+00,3.382141512963306784e+00,4.774979600630079091e+00,-5.023188162283315883e+00
1.879742895085611210e+00,7.576798103833813691e+00,9.237675485981767798e-01,1.136372953362665505e+01
2.017569806500605356e-01,3.743372093325966432e+00,4.689947989121222349e+00,-7.550612873861710650e-01
2.327862529971345962e-01,4.025403590593257697e+00,3.665444380991344175e+00,-4.687345689155793527e-01
4.473384963873066611e-01,4.378122446278095437e-01,6.957998873770600279e-02,1.361626654795444410e-02
2.089360716852936228e+00,5.323956844180223191e-01,5.559514904163309623e+00,-7.365420549983912046e-01
3.346575029457545813e+00,7.550294894569173909e-01,6.222408733492555299e+00,-1.534734637811810132e-01
2.201375639471403189e-01,7.394086373611854945e+00,2.457409865102127000e+00,1.028781619064208952e+00
8.775170236869969109e-01,1.360112838555798787e+00,4.679518843906603998e+00,-1.192877459968054721e+00
3.327629582387331975e-01,1.266813406578720880e+00,2.451856432360558280e+00,2.682455747175867544e-01
7.263233952177563513e-01,1.289143360567554797e-01,3.246258669715061274e+00,-9.782361463572281091e-03
3.033005620434214844e-01,3.810957573002504151e-01,3.786128275045358205e+00,-6.944755790682798080e-02
1.145071397204867614e-01,2.367592009502302586e-01,3.692214415080226075e+00,-1.418474197139400240e-02
4.652970157104299731e-01,1.681201878997016230e-01,1.347962049702870813e+00,7.629168883074458063e-02
5.050581516683219974e+00,4.903241914496614395e-01,5.143764715510112495e+00,-2.249560683761684832e+00
1.365446659197569357e+00,2.496735226112823947e-01,5.023470478540054351e+00,-3.245529695624169708e-01
1.450697162292826192e+00,4.648834363814882686e-01,3.725199712097354787e+00,-3.716225138418763341e-01
4.907862225793804711e+00,7.411640803674356626e+00,1.899060152936630885e+00,3.443299804095106253e+01
3.895377359854972354e-01,9.116250131680205815e-01,6.153621535457617142e+00,-4.588107693487954858e-02
3.168889777493872906e+00,1.357311596178450985e+00,2.021383654691462972e+00,3.871877344571252877e+00
7.681262014498099200e-01,4.117870615556017966e-01,4.617995900994903202e+00,-3.148963326913782335e-01
3.226945407459375637e-01,6.513149105262656668e+00,1.329362711016456089e+00,2.040798705913047684e+00
5.701471922592347141e-01,6.389309165350849362e+00,4.082104052031542807e+00,-2.942908704436314249e+00
2.919245927700430787e+00,2.189552085970821738e-01,2.170127975528573394e+00,5.277825002187644943e-01
3.470952394318694179e+00,1.454998282387590935e-01,1.189368345776111280e+00,4.687290067936172866e-01
3.268803472451143333e-01,1.807617095892598280e-01,5.178532024604973749e+00,-5.278331664566068143e-02
5.971683159104213878e+00,7.920360693174458566e-01,6.014301202014846304e+00,-1.256495754589957992e+00
5.640840014426080629e+00,5.805225875347821418e-01,5.640972121274136164e+00,-1.961405414088967181e+00
4.523526148160229354e+00,3.148287233219935755e-01,7.319608042544391013e-01,9.517920658692361480e-01
1.979613670696438732e-01,2.057014110046934352e+00,4.136554641958554157e-01,1.636815182058465046e-01
2.194708013573284933e-01,1.296559479076418331e+00,5.839112497156383697e+00,-1.222515846839464654e-01
7.994803783008161968e-01,5.956787911394371804e+00,5.778920580353415382e+00,-2.300987983348171895e+00
1.439403738197825522e+00,1.031482580098375568e+00,3.374124516283179442e+00,-3.421417890089157310e-01
2.407710795301753581e+00,8.272921360925337808e+00,1.514716134916854973e+00,1.988748808156060477e+01
2.131296402146593660e+00,3.128419848845471196e-01,3.778603917705022130e+00,-3.965852677795658754e-01
1.646056015155061003e-01,4.079215828372329544e-01,1.367747651463011138e+00,6.576674967038161068e-02
1.427739312025959328e-01,4.298074971301475422e+00,3.355221129502843347e-01,2.020527651821617254e-01
5.817840230445430194e-01,1.465666531030714870e+00,3.511384473844627152e+00,-3.081844656494043821e-01
3.167023193357061395e-01,1.647650402757000476e-01,6.174140392781844788e+00,-5.678853994146412093e-03
4.779669106386368327e+00,1.227925786354525928e-01,1.451745978963852712e+00,5.827536860509264782e-01
4.962953119803067970e-01,3.777312246109016391e-01,2.928644254756881615e+00,3.961960449505396581e-02
1.073935695223580344e+00,1.839938549694390690e-01,1.285776020138446718e+00,1.896256810028213446e-01
5.066548862771238504e+00,1.293328218598891466e-01,3.996631997062618069e+00,-4.944654025524626295e-01
2.495346178260116621e-01,2.350450260527073287e-01,2.835657301577294120e+00,1.766507696913753936e-02
2.303456435753226395e-01,7.679790513465279966e-01,1.824403389573137080e+00,1.712422355813320585e-01
3.660997400362654197e+00,2.150027671986246336e+00,1.538632208586274697e+00,7.867174546962178106e+00
1.266319484167596432e+00,1.352964466810306687e+00,4.553822581348993204e+00,-1.691791532471153436e+00
7.460088978291083528e+00,7.471841759453559995e+00,6.657873699257484956e-01,3.442977489521084777e+01
5.683115870033701000e+00,8.485756344018873243e-01,4.697967503437232573e+00,-4.822052168548037088e+00
3.537604599285706808e+00,5.576690620212805261e-01,4.765823824694606081e+00,-1.969996839986479786e+00
1.931169159199273899e+00,2.802086611962702478e-01,2.096341891559244441e+00,4.681049868490348986e-01
4.148682016051868260e+00,1.920190202785679034e-01,3.111663109955419060e+00,2.383908886361534377e-02
4.537617427799787606e+00,1.748208191838017900e+00,5.674580915878821408e+00,-4.535306976243166588e+00
2.759618525322630744e-01,1.359637582478307127e+00,2.121505956395348669e+00,3.197348606772759672e-01
8.146130840280286778e-01,8.379566174113529664e-01,1.059722566865890725e+00,5.953863411244127990e-01
2.119435319728692479e-01,3.583644054322091543e-01,5.208161031292953602e+00,-6.680840351897229801e-02
1.130517770934412053e-01,3.404293133411743000e+00,9.651752757279197237e-01,3.164132935818339543e-01
4.640417784972334481e+00,6.703331253469222428e-01,1.245587315611181189e+00,2.947579093183831489e+00
2.924423515071088442e-01,9.567332643879929988e-01,1.230149953888256098e+00,2.637123264257755784e-01
3.659621045798285288e-01,2.973705914121557825e+00,1.238890525651223706e+00,1.028869578109809835e+00
1.194812486293112652e+00,6.908145560555933873e-01,3.175220419655445880e+00,-2.775092060804170910e-02
5.216534354460644618e-01,1.256702236526910266e+00,2.720704716693231329e-01,1.761670455471358865e-01
3.862010108854056600e+00,2.551710380280494572e+00,1.034844928909327333e+00,8.472932184442312220e+00
1.472966685771497364e-01,1.994679403287721031e-01,3.568928183227818018e-01,1.026466653903539139e-02
1.627826931092337948e-01,1.446498399629420895e-01,5.148881832830293881e+00,-2.133876987243751855e-02
8.710638418236921865e+00,3.067669504875857545e+00,3.256641445005133306e+00,-3.067482709046186251e+00
3.058472713007941657e+00,2.535383772644876021e+00,9.442485307612257239e-01,6.281504101761880676e+00
3.031014215078477569e+00,3.642040014852045982e-01,5.295089341166422159e+00,-9.217404016965736746e-01
2.604113815551893918e+00,3.947211329222999332e-01,5.034367432276022569e+00,-9.750762780289996545e-01
1.841885138125759269e+00,3.731067702306122280e-01,4.856413983680091029e+00,-6.801045576492802391e-01
1.836158933249689429e-01,5.062350971165301416e-01,8.325209029890688894e-01,6.875071638253649198e-02
1.030519940330922729e-01,7.846737373345909816e+00,2.167087137127492458e+00,6.690734357439891422e-01
1.720023383938527273e+00,2.325927341630480705e-01,5.355454443268561349e+00,-3.201564949747068289e-01
1.458463382318595514e-01,3.471170963076934401e-01,5.534386322867513641e+00,-3.446396525792255749e-02
1.179388765221203034e-01,1.034590048279810798e-01,3.819223146844606287e+00,-7.649928150892189652e-03
6.851365526867890798e-01,5.345337838526121210e+00,3.434315638050235542e+00,-1.056790975685606426e+00
1.743924042649321660e+00,4.468194130426937360e-01,5.798078037337411672e+00,-3.633524112268069484e-01
2.200630980300906980e+00,7.989352696324719894e+00,3.744959739953015010e+00,-9.976130271172493735e+00
3.333885882745790674e-01,8.519701888271740131e+00,6.068672194427443323e+00,-6.046347583187179353e-01
1.353564132592800229e-01,1.932712419127670556e+00,4.517673541717035057e+00,-2.566614102185703072e-01
9.564546995394078710e-01,4.310067120761426729e+00,7.760465460747705269e-01,2.887578941934449084e+00
9.723672513258584615e+00,1.153412454437433121e+00,4.882828585798079657e-01,5.261259805162141312e+00
1.016836866157055264e+00,2.255423055649837139e+00,5.634985591142132932e+00,-1.384643784608169836e+00
1.411217623928675557e-01,6.633338500446561703e+00,3.466992996763459178e+00,-2.992627649320842576e-01
1.108216057279097111e+00,9.419055983890979311e-01,1.017478454204298055e+00,8.880797332122747356e-01
1.032497586390683342e+00,1.541452990040804494e+00,4.719808496675637066e+00,-1.591502685254725602e+00
8.302820002272005340e+00,5.645029921432910269e-01,4.310129778456451177e+00,-4.312847751322647305e+00
5.490552277838411932e-01,7.356506161295184310e-01,2.262269245339550761e+00,3.111371169395791281e-01
4.589009821717508153e+00,4.027755233118567313e-01,1.975234661766959610e+00,1.699223271827440485e+00
3.286297651782925100e-01,6.029722285355628708e-01,2.033933375866975535e+00,1.772801032375412311e-01
7.499678111700347927e+00,6.105494206390950751e+00,2.055866453952003958e+00,4.050709755513828014e+01
2.468046618894401245e+00,3.746715549581077109e+00,4.755438922742147412e+00,-9.238501182625345365e+00
4.509233658830101854e-01,3.974866381111839431e+00,3.034597803578966246e+00,1.914076121905202987e-01
2.374648512925229549e-01,1.269994701148325689e+00,6.132181025232661398e+00,-4.536686468550290424e-02
1.135352017079887865e+00,4.125963994937704271e+00,5.368459197127798177e+00,-3.711914746671115317e+00
3.075197543544585965e+00,5.542852162375375702e-01,5.995174853210310850e+00,-4.841654042672699498e-01
2.763457010494177357e+00,9.524786400215884186e+00,2.206659103938462874e+00,2.117708541719448689e+01
2.186155301876705259e+00,2.715683679297147268e+00,2.430032051016585704e-01,1.428530534572988620e+00
1.344084209952569053e-01,8.189552602017154959e-01,3.376292753212264852e+00,-2.559796614940959905e-02
5.953681023402822570e-01,3.266820124525245395e-01,1.660593088669803707e+00,1.937124211904465154e-01
6.661185134258190699e-01,3.100638024134804716e-01,5.566717329168406891e+00,-1.356395169627363229e-01
6.426434132626674511e+00,1.587723556377108380e+00,2.634801415817853876e+00,4.952468638907012277e+00
7.633886695370064146e+00,2.492845530999358572e-01,4.074104662247108877e+00,-1.528343846526686978e+00
1.273314569370801230e+00,1.366879172796897080e-01,1.639703729962763701e+00,1.736336730646391990e-01
1.107142130326148388e+00,2.403234220491673234e+00,1.051113859007276830e+00,2.309445137337825305e+00
6.999555609588482552e-01,6.902290175194820243e+00,1.565362517043876522e+00,4.831225066529409418e+00
4.364456398014062155e-01,2.173542710242731157e+00,1.541531719477673423e+00,9.482270548666353882e-01
7.194666388798850676e+00,1.502158536220664087e-01,3.415942918450825538e-01,3.620411007915674828e-01
3.428151314875538258e+00,1.438981207671035656e-01,1.714396879882372327e+00,4.882270205597551427e-01
6.683514634606703142e-01,4.021392121905707384e+00,2.959333873984983043e+00,4.871499900873333400e-01
6.495155162342013400e-01,1.228145635527494228e+00,8.742852764244211095e-01,6.119035694534468162e-01
1.681271334701909259e-01,5.028443325407663256e-01,5.193476956896912355e+00,-7.494560768719125965e-02
8.960736399475921488e+00,9.416980445630864782e-01,6.137513560087666242e+00,-1.224880266142952312e+00
4.652177250432293354e-01,5.148949889218890075e-01,4.324622253182171860e+00,-2.217539518539606291e-01
6.206163587835304085e+00,1.116809604464498840e+00,2.988713018729217907e+00,1.055501709319206949e+00
1.911593376506918185e+00,2.917841853420359843e-01,5.695078008125281421e+00,-3.094452220131959086e-01
6.312889839218538413e-01,3.218422641563773112e+00,5.327454780736142759e+00,-1.659406200668882336e+00
7.294006097930965105e-01,1.759874721139364384e+00,4.812768627917963116e+00,-1.277192028600798723e+00
1.223457123671139873e-01,4.279192830185257201e-01,4.648377922862259481e+00,-5.224686790643734424e-02
1.418183848162840044e-01,1.228486166928242779e-01,1.740047679950879500e+00,1.717324927691196712e-02
2.116187460479372617e-01,4.882483500684991484e-01,2.872257430518894150e+00,2.749315577380755105e-02
9.249643819445216408e+00,3.707201621270549197e+00,3.752709513438222011e+00,-1.967517212623207712e+01
7.106468237341699856e-01,5.980324777235014544e+00,4.618076323347874990e-01,1.893615147638266105e+00
7.320202643431996670e-01,1.233065699983409313e+00,4.046175570251286047e+00,-7.096176110488159328e-01
3.490750824745311176e-01,2.047626915918669077e+00,1.144690853019325383e+00,6.508619978095566694e-01
1.576496323511898501e+00,1.635034999141452561e-01,2.013998464739650551e-01,5.156312178665740931e-02
1.975158584968458086e+00,1.489635222132892345e-01,5.569798253448782432e+00,-1.925414735125848265e-01
1.511120500096234387e-01,1.040512883690473817e-01,4.848832136636038292e+00,-1.557727119445837666e-02
2.321319138256689174e-01,2.131975061610336120e+00,3.480443825621751586e+00,-1.645064628672126272e-01
1.333733979977204553e+00,9.830176258724379057e-01,4.241083028988375858e+00,-1.168144493047815313e+00
7.397835921991053887e+00,2.323720049342522298e+00,3.680821782246355589e+00,-8.826885894667725552e+00
7.278374828677319774e-01,2.244817422435171572e+00,1.944973710782886833e-01,3.157821269313941248e-01
1.217934513943155772e-01,1.122687490983517861e-01,2.973391921347496858e+00,2.289079957672592557e-03
1.065863243051299175e-01,8.561701396613262460e+00,4.995308703414258922e+00,-8.762809558999090642e-01
2.954756740876259835e-01,1.851987007967722976e+00,5.066588492482479111e+00,-5.132482957315237515e-01
2.501801720653280103e+00,4.671317597777595032e-01,1.911596049789420881e+00,1.101458042094280332e+00
3.724792513341378397e-01,1.405527268265082119e-01,3.104075862925609552e+00,1.963654864019608905e-03
1.406872736600015328e+00,3.977934914122381649e+00,4.620624814772936517e+00,-5.572901809099469084e+00
1.718402114677571202e+00,4.953673761385045893e+00,1.423965851753462131e+00,8.420807949901055522e+00
2.086349629572728237e-01,2.210128883942120925e+00,3.086186719302205894e+00,2.553516970489668261e-02
9.572591816758921013e+00,5.879210269087459251e-01,1.577163523947364032e+00,5.627813929996224651e+00
7.604692943329365740e+00,6.557616727278624547e-01,6.028923022058785719e+00,-1.254353829308186397e+00
6.652472739747249619e+00,1.496913522673428254e+00,5.771704492095271810e+00,-4.874219486454156147e+00
2.812903449679360346e-01,7.429383415708888272e+00,1.053915401812661301e+00,1.816810498159733500e+00
3.197039094785863345e+00,2.513008157002376564e-01,2.834543990044319450e+00,2.428305640898272000e-01
1.180165958287173966e+00,6.491810605427545955e-01,4.169509854131075777e+00,-6.559893076717693283e-01
6.831438982975155394e-01,2.505993640574394998e+00,3.911224962233482039e+00,-1.191299706253927226e+00
3.687496144596100311e+00,2.915041653295431967e+00,3.361504775552710544e+00,-2.344873064198885526e+00
2.278813920662341008e+00,5.803045145095786062e+00,3.489171060441679906e+00,-4.504406126005672029e+00
4.772169919005509464e-01,2.252362341099032772e+00,5.827171907616206958e+00,-4.733411198476434878e-01
7.857336652656234044e+00,3.390806528484581750e-01,8.362232847740994623e-01,1.977200679839561159e+00
2.489413014047290318e-01,8.872826043185502165e-01,1.643865344776194393e+00,2.202918969537424887e-01
2.197746192720589353e-01,1.879224458203846426e-01,4.995163887336363295e+00,-3.966032625011556290e-02
1.547240055905056977e+00,6.688837105038072828e+00,3.094738130941654397e-01,3.151937539036220759e+00
7.012073057780543017e+00,4.427352749734594362e+00,2.638058595055126077e+00,1.497991838503310547e+01
1.981892063342274579e-01,1.063270445946082748e-01,5.465357549180613894e+00,-1.537607764678411079e-02
2.337054220894108081e+00,1.467192365948912336e+00,4.573223292058872680e+00,-3.395757681874520095e+00
1.726628612646684768e+00,2.112479911363296825e+00,4.706344640557424519e+00,-3.647401630421222674e+00
1.729564274154059000e-01,1.659978605228451309e+00,1.416041145397223255e+00,2.836728746757092301e-01
2.183329085778081158e+00,1.953710103605389437e+00,4.277547986490478849e+00,-3.868623457950489453e+00
8.331182610142319200e-01,2.050180179616505782e+00,1.973577443076495630e+00,1.571355443231158056e+00
3.329545344262490048e-01,2.555105875471634036e+00,1.246882216882150729e+00,8.064932789657336398e-01
2.529726135143742782e-01,7.045275852823364104e+00,4.490978563532244117e+00,-1.738754488368972062e+00
2.115511914718456454e-01,2.219382394209446385e+00,4.595427179785430027e+00,-4.663051656726970307e-01
5.166405863482559369e+00,1.333011045047825860e+00,4.734970302185361746e+00,-6.885120289356792433e+00
1.374710920686455173e+00,5.109586119531150494e+00,4.078529040337627087e+00,-5.659734198319001486e+00
2.597942139939771189e-01,2.545331984395796110e-01,8.745994412301942855e-01,5.073779277807295013e-02
7.228269595231972211e+00,8.010890134352285363e-01,4.915435286278918348e+00,-5.671532356376600248e+00
3.795466100484134131e+00,5.772805580827097494e+00,1.036567545899458764e+00,1.885751495993681459e+01
3.078040615004680181e-01,1.652952243240546348e+00,3.311302066499948182e+00,-8.593179263707108329e-02
1.977329361431194310e-01,8.577808029307758542e-01,6.074630049562067313e+00,-3.511750144016437952e-02
1.852146878343109870e+00,3.001264018819971291e+00,3.733646671024637431e+00,-3.102170531880734661e+00
5.693956665373752779e-01,3.664999369408679097e-01,1.829919128676048334e+00,2.017166024279505587e-01
1.279735357231720216e-01,1.487696946896800654e+00,5.556259308911756456e+00,-1.265258247374885792e-01
3.943095096238427022e-01,7.091642893744832143e+00,2.308034202957986114e+00,2.070181414934965769e+00
4.662512290038656193e-01,4.550314223489685950e-01,3.366706825479996112e+00,-4.735762546711271004e-02
3.222727156987987285e-01,1.781013241887938081e+00,1.749675084003013970e+00,5.648135682430124316e-01
2.729672086430746658e-01,5.308304743524816516e-01,5.804811515767438479e+00,-6.670238845421294638e-02
1.102882738677624541e+00,5.203143272631871596e-01,1.690179219229761332e+00,5.697612414473034459e-01
4.740572003356157360e+00,1.436918748416677327e-01,4.398121479058647587e+00,-6.478194874685475613e-01
2.034020210581392263e+00,2.298976193479424779e-01,1.218363417544337857e+00,4.388746865183720813e-01
8.201004542906156214e-01,2.192733607191645617e-01,3.316385413122608483e+00,-3.127250303323481778e-02
1.126197766600641081e+00,2.152363823015875366e-01,1.448488918715718166e+00,2.405879583308701275e-01
9.384577740277549873e-01,1.571809271834870292e-01,3.249977278413428206e+00,-1.595627951006287418e-02
1.697877475330577812e-01,4.689726155965694421e-01,2.532843771481254613e+00,4.553334207437242931e-02
1.566627676772551769e+00,5.708092368856578780e+00,3.580251297758305640e+00,-3.798088773406168350e+00
1.824382626806116070e+00,2.672379473085143342e+00,3.234724869891080878e+00,-4.534046761140771986e-01
8.439508094044084752e-01,2.896208338664401638e-01,5.430347584710585984e+00,-1.840892993609195560e-01
1.842862597284909421e-01,2.672956469624276354e-01,4.921478253510080947e+00,-4.818607354162829370e-02
3.655040711620356042e+00,6.137266268341958764e-01,5.724978753043655111e+00,-1.188144187512397476e+00
8.328372508197267043e-01,2.468899543918360973e+00,1.438613436261300782e+00,2.038254433929425069e+00
4.474287104507147506e-01,4.467623744559594989e+00,4.680475277693704861e+00,-1.997925270984178159e+00
4.845781202433401824e-01,6.857192918918375568e-01,2.937530606328214056e+00,6.733705435188133692e-02
4.406643148097173501e+00,2.389583343174731311e+00,4.041235166293378533e+00,-8.246124038312327542e+00
3.608663731981905265e+00,8.581208229428508583e-01,6.223344363808340773e+00,-1.851970476077944849e-01
4.195825759002593802e-01,1.669431307188568303e-01,3.505809393493489079e+00,-2.495176538116795559e-02
1.203261057810138257e-01,6.187273085634473979e+00,1.270295795809806227e+00,7.111287054344767045e-01
3.781153693314989184e-01,3.619657500748251766e-01,2.222913268958518707e+00,1.087802728117638063e-01
3.798387781270462504e-01,5.387129771753208507e-01,7.734067265002686486e-01,1.429456587929125166e-01
6.678603642398688311e-01,6.950711928517829818e-01,4.149287900555913566e+00,-3.925381576989248056e-01
2.306106434108401160e-01,2.428452059647263184e+00,1.448991775939784787e+00,5.558776486439169773e-01
2.742978078906943007e-01,7.764908161429133315e+00,5.651429803425024545e+00,-1.257837135929194661e+00
5.038485679058716471e+00,4.765318328163743899e+00,2.756163076013946611e-01,6.534079023694444821e+00
9.380391717200938784e-01,2.498154893891599282e-01,5.657133413781217257e+00,-1.373095970316134395e-01
1.195338187593692758e-01,8.907546988070476957e+00,2.644662700221737772e+00,5.075987523359855036e-01
8.523485984562302775e+00,2.065562701601004303e+00,5.491726802441877275e+00,-1.252439403186740385e+01
6.768782218071155654e+00,1.930903764975183012e+00,9.936107994676171007e-01,1.095257125871860104e+01
1.786672644149426059e+00,1.425430366205003629e+00,6.128082704764352684e+00,-3.934299250751490673e-01
4.292933972390062802e-01,5.561672136742016326e-01,5.373696745026545152e+00,-1.884260850205817239e-01
6.065147601916203612e+00,2.725729501069655836e+00,3.912902433579038330e+00,-1.152400937568955896e+01
3.494679138481661118e-01,2.462808389779878482e+00,2.613763944616366519e+00,4.334852369875672462e-01
2.391546835022974327e-01,2.941821588817853383e-01,2.460485803833600826e+00,4.429928343716385553e-02
1.787750906178313226e+00,2.073275009200539198e-01,1.156961077717260311e+00,3.393616309389068109e-01
6.153025580096072922e+00,3.806312437169188101e+00,6.279657276416895861e+00,-8.262750079084980881e-02
1.624855432096080909e-01,1.828031709019017625e-01,7.434063956770786685e-01,2.010288959426972596e-02
4.267366278252918144e-01,5.145566236935669835e+00,1.342340121793680119e+00,2.138748478203932990e+00
4.485079571848295643e+00,1.278650877620317872e-01,6.185829940235103130e+00,-5.574369711764870505e-02
4.540895433529468228e+00,1.016726236051698651e+00,5.287245079722054264e+00,-3.874784168278516461e+00
6.553230385459877461e+00,1.514432796698365058e-01,1.047665351489806440e+00,8.597126301796312875e-01
2.456941291068283906e-01,1.672605951013784731e+00,5.191662486202002214e+00,-3.646478558057217878e-01
1.952249051628417664e+00,1.663373168100718003e-01,5.762711261293299358e+00,-1.614863878739521419e-01
4.302625339891776868e+00,2.550018371212603885e+00,6.032693657087007999e+00,-2.719686494173104041e+00
5.138173310702362606e+00,1.709098750266836220e+00,5.348237292308549051e+00,-7.065432844619778940e+00
2.613494630220791315e+00,6.332851073683104515e-01,6.056413406354833384e+00,-3.721186395235646094e-01
3.247858859793400832e+00,3.434084079207037732e+00,4.030822553591523416e+00,-8.661599136520040432e+00
3.650314950482251852e-01,2.250826552371301581e+00,3.843284746412607422e+00,-5.303663717665595412e-01
6.524955750567313917e-01,3.045185453557721078e-01,8.077602889384690732e-01,1.436064871585536473e-01
5.433966384062061117e-01,2.737732954723662848e-01,1.717346022752717971e+00,1.471728197523881621e-01
3.591603873412947401e-01,3.681545239711641493e+00,3.791868746780255872e+00,-8.005075270305617163e-01
2.909082053919625821e+00,1.016589162560078252e+00,1.303386333207813552e-01,3.843653843584135532e-01
8.009508979102030191e-01,9.038020225746905556e-01,5.264407091055058885e+00,-6.163785329498048249e-01
4.234363923722875178e+00,3.487120481476257527e+00,2.703702119696767880e+00,6.261115172952310459e+00
2.888342318596421432e+00,1.738657388953117611e+00,2.507498635513691454e+00,2.975177160677568544e+00
9.556953483292970120e+00,1.227184977137645294e+00,6.210618942943112231e+00,-8.503224449904510651e-01
9.255393488522651868e-01,3.060247620575982541e+00,3.410054756712317392e+00,-7.512856884602759910e-01
2.976772207140648163e+00,3.063854064101308783e+00,4.485319412749761425e-01,3.954997148550615460e+00
9.098485392924541060e+00,1.210574656508230512e-01,2.535023263163516560e+00,6.278780598608503238e-01
1.585141631499686010e+00,4.364130469694349479e-01,1.692862370392160143e+00,6.866291094206837808e-01
2.165513099651604545e+00,7.020350765257217240e-01,3.767949882772270609e+00,-8.911760618607958984e-01
1.714029585035378833e+00,1.974932148416402189e+00,5.578863513450266431e+00,-2.191905211776430384e+00
6.659570968013267533e-01,1.321992721018090622e+00,1.159079094861634074e+00,8.068205781060299175e-01
1.327787495837039478e+00,2.786563082328115559e+00,2.844697977267509614e+00,1.082432339049329340e+00
2.086599222649673013e+00,3.721460014683516948e-01,4.331531814036186923e+00,-7.208790998300950159e-01
1.023984600867573896e-01,2.148874813775402126e-01,3.467863358303684862e+00,-7.052608889191549525e-03
1.023855120407544117e+00,2.208321374311485563e+00,4.842979851465247343e+00,-2.241749001204809577e+00
3.591769178600477397e-01,8.191918078176951834e-01,2.310163754802569525e+00,2.174085984610279743e-01
9.757758495858665171e+00,3.328094589836196882e-01,5.672359078403777843e+00,-1.862570977674950390e+00
7.387955821158307401e+00,2.506587798801792055e-01,7.289208840244025822e-01,1.233456678449336152e+00
1.563233140760706075e+00,2.550772645163366659e-01,2.429967087784884683e+00,2.604068255221215766e-01
7.032452258557959190e+00,1.771293883846760897e+00,3.414847747794789168e+00,-3.361611273188082727e+00
1.591644353275851298e+00,7.425470716039134222e-01,1.240961240230479934e+00,1.118163014899797414e+00
3.085720595175023728e+00,6.969739204758954365e+00,3.596184055873714591e+00,-9.443475671563094309e+00
1.007070459189259165e-01,6.129993471866409527e-01,4.936751499124070186e+00,-6.018607697672961887e-02
1.627474677460525876e-01,6.844644271899988919e-01,9.270645718877397190e-01,8.910046378582830995e-02
5.109579575890803582e+00,4.444895748156385551e+00,5.554895839391640777e+00,-1.511667077872021991e+01
9.812238054201152249e-01,2.738086221661740760e-01,4.214032791630597075e+00,-2.359893607058691223e-01
6.843248627937126294e+00,2.610611768965727553e+00,1.640800592446737746e-02,2.931169463231170225e-01
1.562517828376670970e+00,5.083727729750200375e+00,5.973130001933903976e-01,4.467557516108909610e+00
1.016522879359537113e-01,3.254125398389886126e+00,4.397937545156190176e+00,-3.145694327663302592e-01
3.268106908640401320e-01,2.743570982956316406e+00,2.049139492722341860e+00,7.959896856670338749e-01
4.315628656386579109e+00,7.408233771498879960e-01,2.825357133713851887e+00,9.942749886281273541e-01
5.057894559133867540e-01,1.277753859655050395e+00,4.635759777684755001e+00,-6.443778848468324494e-01
1.659770163555664146e-01,1.699534083551981212e+00,5.001779125742221943e+00,-2.703540207055272759e-01
1.054249939576665934e-01,1.166094747222401612e-01,2.649525403751664676e+00,5.808075471130287777e-03
1.359444800758061733e-01,2.554486624547230300e-01,3.431118773315068982e+00,-9.914445588795166298e-03
4.582647503304627890e+00,3.743568927886669617e-01,1.620902958603910093e+00,1.713392542184889900e+00
1.122209364432538825e+00,4.048408393008671169e-01,5.223334859738967495e+00,-3.962919907567349909e-01
9.755796510753892425e-01,1.640367062612997640e-01,2.576573770190794033e+00,8.568561254080798995e-02
6.880898619531320426e-01,1.175898587420370456e+00,3.904122208598005184e+00,-5.589045580510479949e-01
1.714004991341869344e+00,2.043399807102595389e+00,5.210518039886627983e-01,1.743467677020582807e+00
8.403290579660415816e+00,1.230504765249721411e+00,2.404986413153268054e-01,2.462921883017807900e+00
1.212899505162933211e+00,1.417651565568351701e+00,3.721176921538980054e+00,-9.417120891348632616e-01
1.652278388648791285e-01,2.066188363297183361e-01,2.985546982996236665e+00,5.305678068366970375e-03
1.046161270830736484e-01,1.567121253796480429e-01,4.920352843477644456e+00,-1.604136641452096057e-02
1.870926272524968459e+00,1.882385436618080998e+00,3.944029547507498457e+00,-2.532359627951084491e+00
5.331902412003376446e-01,3.151136536514608011e+00,9.233051513918534292e-01,1.340091152184488044e+00
1.251146827260074257e-01,7.585576218859044317e+00,1.428567543918438210e+00,9.394837826890162225e-01
1.321557214952106429e+00,1.259204283756291565e+00,4.606431584119059508e+00,-1.654777783498278865e+00
1.768931862925694709e+00,8.483717581356200910e+00,1.545226746175678789e+00,1.500221276010937288e+01
7.857145161344615936e+00,6.715039777476524030e+00,3.139893061050043621e-01,1.629553013486911794e+01
1.361783339614353883e-01,2.020422251970338812e-01,5.385707703380917977e+00,-2.150907061410787385e-02
5.596111250207086663e+00,5.971331289127782549e-01,4.958397671363456105e+00,-3.241014381021161128e+00
3.880228948996582439e-01,1.850448007981933263e-01,1.597564845868363115e+00,7.177589597303672686e-02
1.951003343051974426e+00,2.257547336020786055e+00,1.478164219925480749e+00,4.385599121156375624e+00
1.170368647924082128e-01,8.112052416216597450e-01,4.189193433352604856e+00,-8.224038176505026054e-02
3.325723115378978467e-01,1.990464637190548780e-01,4.437080457999434735e+00,-6.370444154545840121e-02
1.054508625586486059e-01,3.410308055785434611e+00,5.251854550720460146e+00,-3.085479011273153938e-01
2.675234729099277509e+00,4.425858777129780264e-01,3.432673574888626788e+00,-3.397996658784811497e-01
2.390709994407485273e-01,2.522953962953390916e-01,3.143489255964973861e+00,-1.143963723759720244e-04
4.238034565009496379e-01,5.103018490253869111e+00,2.381841194271559381e+00,1.489524822938851578e+00
5.582420187277010726e+00,1.122322215378680488e+00,3.135272517316588736e+00,3.959712306762632611e-02
9.456784722718811764e-01,1.391008403395281035e-01,5.756356494279316394e+00,-6.613996051026077572e-02
1.709269891508160000e-01,2.274596142576081614e-01,1.554128861108614146e+00,3.887358676640678690e-02
1.090486402597005688e-01,7.220446666162836813e+00,1.071894029045480784e-01,8.423725560807812651e-02
2.523622286527528846e+00,2.328523517752151495e+00,3.199467930569193985e+00,-3.399034633572112774e-01
1.016441370260403154e+00,5.517897480160005586e-01,8.640802822113305970e-01,4.265345850566824026e-01
1.811796986280995170e-01,3.023688078240834298e-01,6.105700095065426325e+00,-9.672220239661077912e-03
3.669000258221879474e+00,2.647031306036125020e+00,1.945354800853577038e+00,9.038621175752350467e+00
1.840363831361624181e+00,3.034933525499650120e-01,6.191771430900024908e-01,3.241561604347306669e-01
1.147245924507724057e-01,5.842373962355096317e-01,5.539813600433344476e+00,-4.536172115036562341e-02
7.323142172324061949e-01,2.673522530183234935e-01,5.883558080339787999e-01,1.086599842175916819e-01
1.129387731809742945e+00,9.947681002685665463e-01,4.079222659722825384e-01,4.456873733763010437e-01
3.271217876043394646e-01,4.835253593451428245e+00,1.947908949802007461e+00,1.470572327875880880e+00
7.611334051608007023e+00,1.075996165424932816e-01,1.551537528991279391e+00,8.188247502795807931e-01
7.801315178165119768e+00,3.088240794599060868e-01,1.468642478194468692e+00,2.396674235634867145e+00
9.822828878815681453e-01,6.948776876924740442e-01,5.731012915809978736e-01,3.701151316522305335e-01
1.632510376641133076e-01,9.290226335130014057e-01,1.983136045198679698e+00,1.389523015080718071e-01
1.799268742239230612e+00,7.091775793197150790e+00,5.300816203441301333e+00,-1.061396409641426430e+01
2.031392254571726397e-01,6.391744034878816816e-01,6.030173912202632103e-01,7.363698306705519780e-02
2.443142472390755771e-01,9.200925846266340358e+00,8.294394152034515258e-03,1.864489808826367764e-02
2.090105119618002494e+00,5.516924904402205065e+00,7.658630514907330822e-01,7.992787654786587481e+00
7.320632484760681180e+00,2.942337148751026366e-01,1.242810302351665008e+00,2.039154929535499594e+00
1.174401954972864731e-01,3.334237184525091546e+00,4.530994287100195805e+00,-3.851489384007846795e-01
1.984653664001736761e-01,3.682564052926152964e+00,5.355453189894589627e+00,-5.848806711352189103e-01
3.092695111201002045e-01,5.926162171704174142e+00,4.116298609733902436e-02,7.542144713186603455e-02
3.101846641786762504e+00,1.167651623044194231e+00,1.805648566739786576e+00,3.522451182752723842e+00
1.558837030283026337e+00,2.930636584037161763e-01,3.608012464906972805e-01,1.612749505058989896e-01
5.926072905332580021e-01,3.358158823092376455e-01,6.347451727087072282e-01,1.180056111379887279e-01
6.141310678760480535e+00,4.682555997410461579e+00,4.972189662619261874e+00,-2.779197968400577068e+01
4.158279358612956278e-01,5.467699671544773432e-01,3.814486156764641533e-01,8.463908074618249622e-02
5.328639636923319101e-01,3.440012089529522310e+00,1.419561523185351559e+00,1.812135576391915581e+00
2.554931366648297342e+00,1.892514152120623738e-01,1.598423654591848431e+00,4.833398590025981267e-01
4.136450794936442854e+00,2.739562251500606838e-01,9.698192475618773178e-01,9.346500015157037655e-01
3.765316181179511723e+00,1.785968919229916352e-01,7.328269419541761920e-01,4.498671513351706341e-01
2.731981922286710329e-01,1.103602379315320875e-01,4.194095651196582786e+00,-2.619046660806628388e-02
8.815073237478001644e-01,2.065967084664680764e-01,5.818307449840938173e-01,1.000829243030631754e-01
5.831786230789860248e+00,1.071676414343436384e-01,4.557260172178616564e+00,-6.174738037935446622e-01
4.252280333528354883e-01,1.436788592666567554e+00,2.805432440250356319e+00,2.015350357429049055e-01
3.144248375851755872e-01,1.844305491285900545e-01,4.333517657780297405e+00,-5.387708308769711268e-02
3.261922246457650276e-01,2.950274073635419936e-01,4.839593223630870078e+00,-9.545810500942716881e-02
4.149482309986789907e+00,7.925291491948161848e+00,1.763790632762466670e-01,5.770348830499460568e+00
4.630790085879759044e-01,5.705675697371453969e-01,4.120871699683614331e+00,-2.193260780946167110e-01
1.398127152787533578e-01,6.028817631299726587e-01,4.420553518024720852e+00,-8.072651386690568587e-02
1.304402666717047188e-01,1.630160442785962560e-01,1.031716084710007975e+00,1.824824168740851391e-02
2.117749192511829415e-01,5.355091370040795384e-01,1.888879835767241167e+00,1.077184962864063400e-01
6.844014320038635191e+00,2.481858412975030515e+00,9.539940270173702386e-01,1.385592595685639061e+01
6.480775085837694460e-01,2.966878013613120091e-01,4.111413486554841512e+00,-1.585868186104042454e-01
1.533165029990641026e-01,1.529954295539439346e-01,1.143354501886995944e+00,2.134630405413811063e-02
1.196414060319373612e-01,2.809781572145021222e+00,4.585016618578375613e+00,-3.334429696371600804e-01
2.017820603073377239e-01,4.026879997677899614e-01,3.626638004752566147e+00,-3.788512013864447914e-02
2.673645254741593424e-01,9.099702265249494104e+00,1.896485932373846772e+00,2.305038789192149107e+00
2.092320990473794939e+00,6.721066425125087562e+00,9.089194542944896149e-01,1.109316514154275346e+01
1.792216131974652404e-01,9.973689936055354366e+00,6.037776439828116182e+00,-4.342786138734819890e-01
1.892189398656529464e+00,4.967997053560360143e-01,2.080138724584351895e+00,8.207155926829066139e-01
7.197847489799970688e+00,1.965704039502735645e+00,5.138440808903475876e+00,-1.288399599127762585e+01
1.353523452142257888e-01,4.280085093905749982e-01,5.663094603804407434e+00,-3.366477956116008252e-02
1.079809323284989908e+00,2.894153260612274181e+00,2.449053651612190574e+00,1.995376985932430403e+00
1.276129276190966388e+00,1.022533776460332833e+00,2.494871401475835970e+00,7.862886418976199332e-01
7.181120289796217193e+00,2.779860133582763737e+00,4.847840714387424477e+00,-1.977966202189652378e+01
7.442309467626451180e+00,9.863954783803091653e-01,2.834261696254529728e+00,2.220786277140972320e+00
1.579850717796260184e+00,5.076800392880439494e-01,5.291170517233226178e+00,-6.714271983418983458e-01
3.203932998189519932e+00,5.205255777942379147e+00,1.680422356319813737e+00,1.657717834704137516e+01
7.424387265142701864e+00,6.264449832697714937e-01,5.401344917331138973e+00,-3.590131207930382207e+00
9.617598630769251145e+00,4.500539595553362027e+00,3.968281358092978994e+00,-3.184400131716333604e+01
1.446776883986083284e+00,1.100037619981833192e-01,5.475585401092676996e+00,-1.150072512974662509e-01
7.112240468772151880e-01,3.618622165317005202e+00,5.953217969943796817e+00,-8.338941694643614566e-01
1.085628092623627250e-01,2.308081826920762136e+00,3.294022579010114526e+00,-3.804691168376261867e-02
1.615510152818214473e-01,1.721444051047107682e-01,1.878233046988049493e+00,2.650615416619153328e-02
9.308804647698579515e+00,3.470808367996441657e+00,1.401378238150222000e+00,3.184650959935698111e+01
8.952146938313381153e-01,1.392845343872463726e+00,1.533142857656277780e+00,1.246011808332269322e+00
1.896571547767097243e+00,1.757871248169589340e-01,3.494544438560272859e+00,-1.152436216028516480e-01
3.418634070895040011e+00,1.731542509075415515e+00,4.512331278702975901e+00,-5.801446252319249375e+00
1.977403200757188173e-01,3.893089054980964359e-01,3.887823310386521403e+00,-5.226127331942082704e-02
2.265037833215343965e-01,8.948854867439450800e-01,3.404422428933548517e+00,-5.266302291465851937e-02
1.904459695246028872e+00,3.744338837099108752e-01,1.604053516810493463e+00,7.126999207845567952e-01
1.779345576257911898e-01,4.365741459685366976e+00,4.210089911900012638e-02,3.269500307338273765e-02
1.501681363312909578e+00,8.357689239928232539e+00,1.063187113908858672e+00,1.096807197007045609e+01
1.762716903201666518e+00,7.464585079889194397e-01,3.119344700220843425e+00,2.927133157606518626e-02
6.442050323268985856e+00,5.019517250899022676e-01,7.183162864052357044e-01,2.128088944891832313e+00
5.693110998364092623e-01,1.511724893119672786e-01,9.524634281820787418e-01,7.012904708076053706e-02
5.081779141108015097e+00,1.463654422656548215e+00,1.475196216567207674e+00,7.404005179317526775e+00
8.914774131904698251e+00,1.877805655632396320e-01,3.210275402495113450e+00,-1.148860111422718155e-01
5.560941741914179337e-01,6.944129938919350487e+00,6.145458291029713971e-01,2.226544672809249725e+00
5.111235533311949020e+00,2.656680360738324920e-01,1.491502971776533348e+00,1.353625312914070955e+00
2.387039386250632000e-01,3.726927163286152922e+00,8.451937141940332188e-01,6.655335519445499948e-01
5.479712115763371472e+00,9.628292057559846739e+00,6.457309521612922820e-01,3.175020011488381400e+01
4.580683792839827184e+00,3.938936808178516991e-01,5.757355604406774852e+00,-9.056349357016244550e-01
5.193970456890831811e-01,3.018027710593675472e+00,5.203363843821246171e+00,-1.382385154033218377e+00
2.922079284502275276e-01,2.401149925200720403e-01,3.751398238451907119e+00,-4.018320719258270529e-02
3.374301712951977006e+00,1.541378802538528325e-01,3.891908141407572685e+00,-3.546456202808126457e-01
1.390953183716940877e-01,2.985750060801477090e+00,1.299732424669802544e+00,4.001396890455837796e-01
9.217645883066560852e-01,1.324038110119535538e+00,2.157512328026586879e+00,1.016347152072141879e+00
5.673398714972223367e+00,5.018499567645677839e-01,2.627333500909940223e-01,7.394765069831183979e-01
1.043409265402886588e+00,1.747519469072141174e+00,1.922372080834210184e+00,1.711844205147445619e+00
5.836029139578103653e+00,6.377296189177956265e+00,4.241322818303525644e+00,-3.316447595845284724e+01
1.610236092567959298e-01,3.984053040092025988e-01,3.244479802381710964e+00,-6.588845240458924765e-03
9.414694714872998915e+00,7.938598820062265915e+00,4.285246862851466609e+00,-6.802439608577670072e+01
5.742710309278306724e+00,1.045388177558047138e+00,3.911474275088454355e+00,-4.178641239537630447e+00
1.726192539337285003e+00,1.929641751557175322e+00,4.640549493346586729e+00,-3.322341564760435961e+00
2.957538788833640742e-01,3.781585979594724867e-01,1.226865274151524909e+00,1.052920127935339789e-01
1.492535502035484130e-01,5.443362261254505174e-01,2.951756913373474234e+00,1.533056844972765891e-02
1.538920103848942234e-01,5.956248834276635762e+00,6.037293145382042203e-01,5.203797694377870764e-01
1.934855092560827106e-01,7.310594744774943088e-01,6.162058937942426873e+00,-1.709138939076158825e-02
1.674944959344868867e+00,1.907791687303874439e-01,6.267362329306346957e+00,-5.055936267163537411e-03
1.960898216627410262e-01,4.070272689640224151e+00,6.666840094954996632e-01,4.935559627608191446e-01
1.128525685016915359e-01,1.286779999662219787e-01,3.086636564742446076e+00,7.976510435453041054e-04
7.163422226081870292e+00,5.219658250438982350e+00,4.065583636578932847e+00,-2.983820115283574026e+01
4.183247889888738191e-01,1.164128003818215129e+00,4.604005043851358003e+00,-4.841260833850601908e-01
1.082866925729600860e+00,5.134832398299691292e-01,5.485793230228066086e+00,-3.978627436291777841e-01
7.340075534383446509e+00,6.529900654843582286e-01,5.354118093129225819e+00,-3.839487002888110734e+00
8.036050586816378072e+00,5.640167895337042658e-01,5.873663537647119348e+00,-1.804695680726775775e+00
2.753337044168316705e+00,9.331893843205065764e+00,5.699333993164598766e+00,-1.416351188291075580e+01
9.602921321064863847e+00,5.225547166630469809e-01,5.062059067855293470e+00,-4.714388377827948062e+00
1.054155230564317869e-01,1.645793471675911279e+00,4.557442524591991173e+00,-1.714137078712220930e-01
5.467576947500647044e+00,7.179730468637745000e-01,6.153285114482457407e-01,2.265945913182025873e+00
1.474240193571871582e-01,2.811347394225668150e+00,5.340866276119447420e+00,-3.352666092820900112e-01
3.860180698680504285e-01,5.006455907688402540e+00,1.803432135283738136e+00,1.880522749809509397e+00
7.304847413193103378e+00,1.699582151593893864e-01,2.166043619557994349e-01,2.668204935997980365e-01
7.913362303554861699e-01,2.968961173403508624e+00,5.309654686924861977e+00,-1.942701960479086720e+00
7.824963765318218023e+00,3.459327726492579025e+00,5.028455200380554935e+00,-2.572825924200859049e+01
2.044263692729904047e-01,3.193100090668777313e-01,1.491220234763332542e+00,6.506882142476362596e-02
4.306833693913781902e-01,3.344266705853399246e-01,2.268917135666445872e-01,3.239999859412594913e-02
2.700805788068811331e-01,1.625005541909748941e-01,2.468412011311118981e+00,2.736326217561786678e-02
1.481522428254564261e+00,5.035616030605853943e+00,5.943416746953731788e+00,-2.486311941883966092e+00
4.281046209001991620e+00,2.439023620350595500e+00,5.965347916955535901e+00,-3.263127256442014623e+00
7.917018541250757657e+00,1.244323783777084191e+00,1.169268728663717338e+00,9.067809022234472494e+00
1.951357044573824639e+00,7.046534875401599951e-01,3.873970639395614146e+00,-9.194000975820985078e-01
8.354001852777850345e+00,5.886175738909859234e+00,5.710985011602160100e+00,-2.662641863329141501e+01
2.221744898097080867e+00,9.179957071028892468e-01,2.513655423292919799e+00,1.198189505514951181e+00
3.134460596298829782e-01,8.925937518544891702e+00,2.150835340904775794e+00,2.340195334224449919e+00
1.107569189313376334e+00,6.371053615868008890e+00,4.836671100854503358e+00,-7.001956194787315013e+00
6.824819157429423022e+00,4.955385771106806114e-01,4.656995567546772463e+00,-3.376773845049673817e+00
1.171054634200947131e+00,2.191865582068193152e-01,3.491950994521166862e+00,-8.810121206515846015e-02
7.259158981280562362e-01,1.336571384891754311e-01,4.835956797616956848e+00,-9.628405497967618132e-02
6.844289305169299897e-01,1.214995444700861293e+00,3.598444424640802275e+00,-3.668298041303871826e-01
6.613378022937361767e-01,5.502451229782543862e+00,6.138466661368913613e+00,-5.247917993946840109e-01
2.879278649166330695e+00,5.792724129095037089e-01,5.214629975427248709e+00,-1.461912639707861672e+00
4.233304161987611280e+00,5.998380707542901868e-01,6.668082253885836141e-02,1.691969633397197581e-01
6.985285292294520332e+00,3.684758909977491892e-01,1.504181019885029169e+00,2.568200344920183564e+00
7.606435378403140213e-01,5.405165727573324475e-01,1.182622012420544655e+00,3.805522566709252930e-01
6.331221607969239606e-01,1.878688898896161641e+00,1.346083597988480429e+00,1.159534874310530705e+00
2.103317084824517513e-01,3.608623529900635063e+00,2.794579296735328455e+00,2.581315543263819068e-01
2.031232529419801480e+00,1.752583324697096490e-01,4.398612694662590528e+00,-3.386091199976007937e-01
1.059081069442375928e-01,1.999087215230155035e-01,4.861224106995756244e+00,-2.093788736965013220e-02
7.609297351370665652e+00,1.519689970626108000e-01,1.657504199097354691e+00,1.152033039897236044e+00
3.224846369447494254e+00,2.239296634273179598e-01,4.475355483919100763e+00,-7.019469286502618699e-01
6.544079450226853112e+00,2.220931839068183145e-01,1.456384665093814756e-01,2.109228020905989376e-01
4.635290296333736126e-01,2.331737925287298285e+00,1.538957150587154654e+00,1.080280428453718855e+00
7.203154989481010517e+00,2.733294709834732106e-01,2.650897450227269303e+00,9.277919659288677012e-01
5.466148450871048947e-01,9.395116449936580239e-01,2.389068145444567026e+00,3.510037668051744775e-01
1.577711494296346051e-01,1.910494875585230679e+00,3.910783012419553284e+00,-2.096544909136807966e-01
7.640039294609083598e+00,1.018541691889920831e+00,5.079864405015438678e+00,-7.262171335451961696e+00
4.553133964930002442e+00,5.355500881729658325e+00,5.661055101870964279e+00,-1.421038679088263379e+01
5.272245474529463571e+00,8.316806441563587837e-01,4.414026943189222507e+00,-4.191099713966682572e+00
1.164929045099855620e-01,1.485487098181252019e+00,3.435422266232380117e+00,-5.011833564649158246e-02
4.570802164284834546e-01,9.300412175482419830e-01,2.404097903818056992e+00,2.858547507668846577e-01
5.833832468038105290e+00,1.880119864826688802e+00,4.317090432045355364e+00,-1.012244666402352422e+01
3.158987772819651374e-01,2.507953397371329274e+00,5.779632422319229690e+00,-3.822972177598860655e-01
1.532328437362236340e+00,2.145977738984448102e-01,3.226394632208857249e+00,-2.785238600695930447e-02
1.711608786872010901e-01,1.192414367846074352e+00,3.705096011332336570e+00,-1.090174179352178113e-01
7.266138625858283850e-01,4.232684231402068509e-01,2.323729753225908023e+00,2.244169596192231719e-01
6.220340473475124199e+00,6.030408628999496257e-01,3.187147296872853808e+00,-1.708218135212918876e-01
3.061010591805026770e+00,6.503729866444643903e+00,1.686799868314239781e+00,1.977418704232833591e+01
6.202869713787041439e-01,5.463182145236561427e-01,6.244307326219771248e+00,-1.317142098830892047e-02
2.892591886565522574e-01,2.190465713180071106e+00,3.235565241074005449e+00,-5.945459460126716750e-02
1.200170507340232728e-01,2.107874753533292900e+00,2.711703113223987049e+00,1.054349545212677347e-01
3.422080546938154333e-01,2.543759646983141831e+00,2.744233137390517108e+00,3.368684718152933355e-01
3.807901685948698045e-01,1.090759923237412998e+00,2.699549295379114255e+00,1.776817379024226706e-01
2.925361798528617330e-01,2.145456496042886796e-01,7.411910792769332845e-01,4.237507799853479362e-02
1.015953533200380399e+00,7.704713873674865710e+00,5.562803508864563540e+00,-5.163666538005944773e+00
3.221587064384725529e-01,6.767060840383944953e-01,2.765368190193937536e+00,8.009821711075366946e-02
3.689485864567140228e-01,2.084367060531411575e-01,3.453837056022600382e+00,-2.362406338998174551e-02
3.507049076958437261e+00,2.782338182767723489e-01,3.994472560621908919e+00,-7.349357470835163886e-01
2.626106095688131692e+00,4.166311478786336231e+00,2.141813225068640580e+00,9.205377977608833362e+00
1.217462889023866790e+00,2.234395693014076478e+00,2.068629187683757920e+00,2.390103161121252651e+00
4.871643850001488030e-01,2.971708785010043763e-01,4.890181129539712401e+00,-1.424889789604089352e-01
7.830587597809228750e-01,1.558141752048169737e+00,4.138983652166658977e+00,-1.024969244158740578e+00
3.450117671028239741e+00,1.030801159126220057e-01,9.101442173424418858e-01,2.808094246073533085e-01
3.597119205404020637e+00,7.641767650493612507e+00,1.228547860227848565e+00,2.589409223134143545e+01
8.951455082759034454e+00,2.129659804310510274e-01,4.380484433686084422e+00,-1.802313150652248286e+00
7.781896191492755355e-01,1.192360307805768072e+00,2.269174720827324077e+00,7.106520097761221955e-01
5.879197040677606623e+00,3.441138966786717601e-01,4.648755184101218241e+00,-2.019018728870180635e+00
2.096177125743431680e-01,1.868313679376155001e+00,5.609326947008401731e+00,-2.443803456192830958e-01
3.929208615787586290e+00,2.397415277923434784e-01,4.108662601309256424e+00,-7.754741731660261816e-01
2.119319583798516149e+00,6.111824410201021074e+00,5.883659965354571142e+00,-5.038436976115473698e+00
1.264478452580649837e+00,1.170058945359951696e+00,5.973268225627499817e+00,-4.512217895669410894e-01
8.079787508933886642e-01,6.360965066071674334e-01,1.657347831356857926e+00,5.120286114808348943e-01
1.092276934662367749e+00,6.800695314261617774e-01,1.979069999708104488e+00,6.817697437414892425e-01
1.206767108754467077e-01,4.999272302014194480e+00,5.880154752766000747e+00,-2.366173396109781113e-01
2.194497486936493047e-01,1.047134602843468265e+00,1.934220653853538696e+00,2.147844762887675396e-01
1.425971439006497476e+00,3.974636288735603706e+00,1.391158734926186691e+00,5.576515803143167638e+00
1.292675935043578805e+00,9.327026443021493307e-01,1.406605106029046093e+00,1.189466893290438865e+00
1.674919769479320253e-01,2.928780836791304409e+00,2.637524723720645170e+00,2.369301756684284166e-01
2.306069058679767192e-01,3.175760354912751104e-01,6.191068372750854643e+00,-6.736667790290365269e-03
7.444164410287298139e+00,1.757986364226293619e+00,3.369185935849114077e+00,-2.952807174736330253e+00
1.217805293945728673e+00,2.065576774934648085e+00,2.140186770134540062e+00,2.118603961174093886e+00
2.175504192599117204e+00,1.307437646727607428e+00,1.145044619764510108e+00,2.590418022088621264e+00
8.567344485651230412e-01,3.486280329304134451e-01,3.113823461714196328e-01,9.150852918608289033e-02
1.285534790000648353e-01,1.356487922411397373e-01,5.694519375048441745e+00,-9.682553264541423482e-03
1.467124973454016379e+00,4.302592387303069144e-01,2.921276495085334268e+00,1.379509124564877454e-01
1.281771732645334838e+00,1.471762658494977227e-01,1.550544606548913684e+00,1.886076936300115081e-01
2.232234266920749832e-01,2.277100897977727689e-01,4.877863900068614811e+00,-5.013589771172709264e-02
4.451134431351617682e-01,8.095631106628259355e-01,2.592540426938927944e-01,9.237851949542431884e-02
3.672220803364171893e+00,1.985981407726786219e-01,2.529350679094213294e+00,4.191292009972586441e-01
1.007109186994046501e+00,2.665015409384561273e+00,3.778627566026719453e+00,-1.596459314269171426e+00
2.691368754185116119e-01,4.259526330116712778e+00,5.182479267838926873e+00,-1.022043088926288146e+00
2.653119416973821920e+00,6.884427237530132970e-01,2.019233568014084934e+00,1.645924885521221626e+00
1.608234353799738170e-01,4.929087994274165219e+00,5.991588850807778144e+00,-2.278904059148677552e-01
4.394543819162803344e-01,5.607265937202844386e-01,5.496724051440831538e+00,-1.744259753382638445e-01
7.170182554096871108e-01,2.363209857905316236e-01,1.595623897949552283e+00,1.693942395292110659e-01
3.853277512504685309e-01,6.563069904944537347e-01,5.318043212147049559e+00,-2.079111204119783174e-01
9.512673821655690531e+00,2.045393984035162316e-01,2.556480330578670301e+00,1.074605693998965439e+00
2.315448302981834683e+00,1.068740214714993808e+00,5.422698893307615897e+00,-1.876151951168496979e+00
2.787965814292084898e-01,1.709311612006179648e-01,3.167800117187013154e+00,-1.248774330071316437e-03
8.746659791167745723e-01,1.559549480169304947e-01,5.209299525703697142e+00,-1.199111814026082024e-01
6.847368411248163866e+00,2.215739083867498682e-01,1.788293751269929288e+00,1.481453794359043341e+00
4.164225778160343672e-01,1.021181387525960771e+00,1.793789904866980089e+00,4.147138802403094737e-01
2.354017544651357596e+00,6.184798441195666907e-01,4.650412364307010549e+00,-1.453117145729445392e+00
1.509226319560736496e+00,4.401608660173387477e+00,1.245966303966710820e+00,6.295626636985437230e+00
5.635915921237130144e-01,6.281794737070608425e-01,4.883003093280573026e+00,-3.488962994443219334e-01
2.616098484493426302e+00,2.038189702045803686e-01,5.738264860989475302e+00,-2.763896943047825516e-01
1.407706989983961432e-01,1.408333157924320123e+00,2.669700693717731887e+00,9.011988426922222517e-02
8.622136616972813083e-01,2.974858512131885568e+00,2.424861916065411460e+00,1.684984391790022684e+00
1.029338260849369968e+00,1.143383885054989557e+00,2.768689186589370799e+00,4.287797353335342510e-01
2.044578250255246754e+00,8.506617646990544124e-01,1.410836036217971490e+00,1.717040666608707467e+00
2.905202774459930914e+00,1.196760387927976454e+00,5.209055413546572311e+00,-3.056746480537514188e+00
4.068525693877513838e+00,8.914631694131653905e-01,4.588059651167405661e+00,-3.598944670606874396e+00
1.671710359791494183e+00,1.339186929815029181e+00,5.778447964569807027e+00,-1.082600862700617617e+00
1.747367231962750456e+00,5.360399510652491539e-01,1.725325872670938399e+00,9.254974681044162432e-01
4.768355820065989237e-01,4.571997226025192873e-01,5.082302268071143381e+00,-2.032626768646297599e-01
6.723749283704750113e+00,8.735153030250501160e+00,4.678881282603318148e+00,-5.870001032469096458e+01
2.021000806150727858e+00,1.302080690915932981e-01,3.444264338449909868e+00,-7.843769965635534469e-02
8.221567440097458102e-01,2.250895744066087278e+00,3.481781167991149228e+00,-6.174764640273899818e-01
1.332884736294880357e+00,3.651479346362358047e+00,3.176313961446272760e+00,-1.689546904953677098e-01
2.016123520203043085e-01,6.581506550701855529e-01,1.288177795992200725e+00,1.274272383871794534e-01
7.341527088324507622e-01,1.284712202284720828e+00,1.929264733441520496e+00,8.832222795881852218e-01
2.391905760247814872e+00,3.458053217378985966e+00,5.248030357496284104e+00,-7.112865902095064641e+00
2.165076261289326176e+00,3.099741608599337450e+00,4.754934528077997768e+00,-6.705103859075770778e+00
6.142926230593659831e+00,2.935054085441621385e+00,3.402822908438759564e-01,6.017510541726068141e+00
1.178604045583642596e-01,1.234921600899056282e-01,3.465866965652719234e+00,-4.637476430269391048e-03
8.713932693980892097e+00,5.465092457862893660e+00,1.604753805311271986e+00,4.759499351382417132e+01
3.349896382323522825e-01,4.920784554447831027e+00,3.615214333696145754e+00,-7.518608871178757980e-01
3.613543905422604285e-01,1.796963542721251583e+00,1.652936605494202071e+00,6.471513381983630131e-01
6.906770008531433191e+00,8.376413419325543508e-01,4.890620860132237624e+00,-5.693747906438034967e+00
4.653578135854139486e-01,4.517651449899749316e+00,3.762678446020881751e+00,-1.223381506094609605e+00
5.510574071299096488e+00,1.397132449312552316e+00,3.491174720923878816e+00,-2.636948037161351177e+00
1.095159476072770977e+00,5.480835785687968587e-01,3.371068089199529716e+00,-1.365343923184806074e-01
5.154433729500611516e-01,5.237318085214172747e+00,1.484882376673516413e+00,2.689584090899602487e+00
2.091132511108460879e+00,2.764430832704255714e+00,3.236569793034417497e+00,-5.482179283017104554e-01
2.443455142292600968e+00,2.163306626555039913e-01,2.452891252047812554e+00,3.359402159570184510e-01
1.391054345504890044e+00,1.692092192374416992e+00,4.894569175827509611e+00,-2.314839373472670214e+00
5.291143816584882309e-01,1.463631016789358474e+00,6.215567428104269432e+00,-5.232529905516604407e-02
9.738083940298107866e-01,2.909987331462773330e+00,1.662628861849429152e+00,2.821829589340397515e+00
5.580559322951554435e+00,4.367687783111820821e+00,3.563439319962593999e+00,-9.979892677173397786e+00
1.999475354706420127e+00,1.047563747737972006e+00,5.544952537389074898e+00,-1.409612835060788161e+00
2.769688914739532049e+00,6.376867910600400036e-01,7.836477816193957446e-01,1.246699837451181736e+00
2.636026501717485537e+00,3.730241277459295013e+00,5.870494892223704575e+00,-3.943779563491992324e+00
1.268836530882172797e-01,2.049567916090802910e+00,5.842919082126058150e+00,-1.108310318290609692e-01
3.013162245411190376e+00,6.620520519916061053e-01,3.685753784237923991e+00,-1.032745460459805642e+00
6.179891174951215760e+00,1.584140552761020171e+00,3.374987157308225072e+00,-2.264201598133318338e+00
3.249921595356802806e-01,8.795087360668280008e-01,2.669870879826586219e+00,1.298886312376948959e-01
2.684613992406762240e+00,1.460817018076036866e-01,3.901257551363742859e+00,-2.700811049074261505e-01
5.735741413695135682e-01,8.568065599429172119e-01,2.057476433623842027e+00,4.343809531299268611e-01
1.670270120251395873e+00,1.447095332918997834e-01,3.551864547178077203e+00,-9.640574040078467299e-02
2.057963463731546094e-01,7.808038744733464043e+00,2.476745972857781197e+00,9.913373661241869916e-01
8.856994413002124977e-01,6.401462674686171361e-01,4.050705216385223295e+00,-4.473216264849532720e-01
3.521064246395191888e-01,1.494772704441189148e+00,5.383394426394788823e+00,-4.122114670849453266e-01
4.181322561456017883e-01,3.539767495021987287e+00,5.511417228703924032e+00,-1.032220581009247962e+00
4.344943727373917763e-01,4.461299966681807061e-01,4.780121915403385380e+00,-1.933964960206002448e-01
3.272163251315387544e+00,1.047084946880146167e-01,4.338098961128658004e+00,-3.189025989254887783e-01
9.910614321815316430e+00,4.155131882272476318e+00,5.759853427945906823e+00,-2.058043575307780060e+01
1.140944979148101057e-01,1.910132689565328112e-01,4.089905131810900762e+00,-1.770580420708416092e-02
1.049657831580375289e+00,5.443690604966636704e-01,5.662550075233807156e+00,-3.322995639941250245e-01
2.051828818679907740e-01,1.750606467988527370e+00,5.514272533284029443e+00,-2.497674248943336506e-01
3.275006009814124819e-01,2.496516576884529659e+00,3.271456574415085417e+00,-1.058799374608664079e-01
5.095766935227962202e-01,1.291880414501871410e-01,5.717283300720989558e+00,-3.529721117931420432e-02
1.036954074619457211e-01,9.752727263844039873e-01,2.463113541418851526e-01,2.465867458350578384e-02
3.304900123203536211e+00,5.872592992367156040e-01,1.706731260483108858e+00,1.922929269339436642e+00
4.193477553941365343e+00,1.075032286952557925e+00,2.785241335616135405e+00,1.572691010375752318e+00
8.782203975370879157e-01,5.142855130937320496e-01,3.849545375103180067e+00,-2.937028040996121359e-01
4.312118596030542483e-01,1.113331050220438101e+00,2.940495602817616572e+00,9.589359869412297788e-02
1.466792906618869241e-01,1.051815392850598663e+00,5.132641239221886309e+00,-1.408550639354039791e-01
2.287218357351169296e+00,1.606242298823502557e-01,2.885831119891793417e+00,9.294129648371095287e-02
8.063247081963018204e+00,3.905647274389138612e+00,1.094354953885198878e+00,2.798499475575917828e+01
1.439402501457397010e+00,1.082482907553465878e+00,5.077064281583110628e+00,-1.455665464751208615e+00
7.530994901443480494e+00,2.023043277890276548e-01,6.142858399677480818e+00,-2.130944880275343623e-01
6.272189036203553059e+00,1.830525274851337314e-01,2.386553227856817172e-01,2.714160334095606641e-01
1.356395933206202997e+00,1.311042799502525780e+00,2.874191959503943572e+00,4.698702167679072450e-01
1.136947228468807441e-01,5.626317519626467423e+00,2.704289334656771793e+00,2.709043656514554810e-01
6.183555374938512372e+00,4.198049819645828684e+00,1.367164828529070952e+00,2.542252814598053590e+01
3.026250472519324553e-01,1.682853003151983273e+00,5.136382330955472142e+00,-4.641790016627840298e-01
3.172594684983487845e+00,8.656188193965024258e-01,3.054748825381844224e+00,2.381958590178621937e-01
1.051654054985855069e+00,1.739714547137586775e+00,1.546820460328660829e+00,1.829052023949536920e+00
5.023142629613436272e-01,5.393124217720967062e-01,4.642899776063041273e+00,-2.702505202426234709e-01
4.514607958062879511e-01,1.724340447376779162e+00,3.020954283702483423e+00,9.368597503460907028e-02
3.720308982994085523e-01,4.715194947955089866e+00,2.492448269607264510e+00,1.060421664343489834e+00
1.202931978803109120e-01,2.898838716047455133e+00,9.449016886819492367e-01,2.826087733776619926e-01
6.532000511595412284e+00,3.843362957631706767e+00,6.022887603197999873e+00,-6.461190718392746390e+00
2.137246426516059838e-01,5.307641095610151183e+00,2.707521719131327220e+00,4.770809114094949344e-01
4.096645968226668155e-01,1.664565491913307937e-01,5.803487377351614462e+00,-3.147107547586939363e-02
8.272935409110869998e+00,7.920808605480318398e-01,2.615377859385394910e+00,3.291251368670153887e+00
2.711343139207041286e+00,1.470961060795653585e+00,2.757747485236000440e+00,1.493565422798677655e+00
5.308095698705678878e+00,3.773352772639202435e-01,2.949075723490750534e+00,3.832207942185065774e-01
6.935645826762046884e-01,1.210491934926352237e-01,1.063680572731188073e-01,8.913346289230916070e-03
1.075252430278552801e-01,4.131738820732582251e-01,5.228892778411535325e+00,-3.863121657299321138e-02
1.090376367919270451e-01,3.864590706096540096e+00,8.342753495408928854e-01,3.121668205258202322e-01
1.614348325355922098e+00,1.008705375419381434e-01,5.994770572901136241e+00,-4.631708853395399839e-02
2.330194476628196121e+00,3.704076530181860338e+00,4.778985527122618926e+00,-8.612085585508788554e+00
1.766551406638179056e-01,1.073688162936285773e+00,4.852858029799914874e+00,-1.878043414432875591e-01
1.732643378337239137e-01,7.762145040948534858e-01,5.082176668836194011e+00,-1.253992996982661312e-01
1.257965982293432206e-01,1.176229053757643195e+00,1.829989290284735448e+00,1.430231385476818939e-01
1.229611679831824844e+00,1.559934866276744936e+00,5.489440657026888326e-01,1.000846496179804035e+00
1.030474576711329082e-01,6.869614956714141796e-01,5.805301897042485670e+00,-3.255620568435046991e-02
3.690924467657185071e-01,4.310348464046175887e-01,1.718102340406370887e+00,1.573687546506675472e-01
2.111778969246424775e-01,3.073777975664726103e+00,5.758024535375898978e+00,-3.254346628642841299e-01
1.624294137370000390e-01,2.976636068695419191e+00,3.619021965022875875e+00,-2.221639232015385212e-01
1.019153538022493227e-01,2.132154496407316469e+00,2.898201517583302245e+00,5.236808178694710852e-02
8.272832114988753816e+00,8.586375125938100483e-01,5.185717659884449660e+00,-6.322390590646635999e+00
1.856695958998385798e+00,5.353056433082838517e+00,2.398670473998691488e+00,6.723165467514783167e+00
2.795087888162965939e+00,5.499886497085496373e+00,2.578875668486102057e+00,8.201105454985514243e+00
4.105464244718579625e-01,1.013890151679605278e+00,2.321004631628255321e+00,3.045056336063972080e-01
2.175540478952545098e-01,6.129401597362420517e+00,4.889473255085476922e+00,-1.312622576987745093e+00
5.242753407222726203e+00,1.433140590107960799e-01,5.905626476942627434e+00,-2.769907209684073224e-01
2.359429841354155066e-01,1.039511449353079098e-01,4.078580372889756944e+00,-1.976294492376860432e-02
5.003397185533493108e+00,3.391144086330856178e-01,5.873663836483480338e+00,-6.755853270704846869e-01
2.277258380816778449e-01,2.211412201084235640e+00,6.143700868924476310e+00,-7.001620832032819097e-02
1.604638632998240499e+00,4.676803963744700088e-01,1.386807667652591114e+00,7.377916365788333986e-01
1.896326403295511831e-01,6.980074381907805936e-01,8.944526783937221115e-01,1.032270379970652158e-01
1.551830698336432446e-01,6.874435583656614668e+00,4.426145281608583559e+00,-1.023389405195447521e+00
9.847840067148827536e-01,5.967969834417144348e+00,9.940749574290539403e-01,4.926559323929446066e+00
2.641441980652912136e-01,2.366919646193889892e-01,3.037605406205364567e+00,6.489656261210023126e-03
5.564155475020332586e-01,5.107498185900314347e-01,2.957760513969649209e-03,8.405621910456524898e-04
3.412420775654318561e+00,1.111184382126444437e+00,2.483706379243860451e-01,9.321259888094851620e-01
1.280080005495908835e-01,9.048921085694324518e+00,4.805832094370756202e+00,-1.153280909062130100e+00
5.363660267374840140e-01,3.239196413269707531e+00,6.631098275195179692e-01,1.069489266912146519e+00
2.599095971913150116e-01,2.005508085211396452e+00,5.793994783978074992e+00,-2.449417478125173742e-01
2.680039852842329928e+00,2.083453883988714228e+00,4.654345447345813014e+00,-5.574336127609750946e+00
7.319933652813284120e+00,1.563048599855711762e+00,6.184261243105932948e+00,-1.129985870724883767e+00
8.926948526747133794e-01,2.069225140092999293e+00,3.219993521596701047e+00,-1.446727190616177716e-01
1.156205877288100647e-01,9.159139856437352734e+00,4.781949433919578940e-01,4.873209702871371118e-01
2.247474792992669446e-01,7.890383792756679782e+00,1.842390366390533885e+00,1.708341047110697675e+00
7.175317190119248068e+00,3.361321857283986247e+00,1.884400041810255999e+00,2.294224162057033212e+01
4.171579821731485893e+00,2.901890444920599776e+00,2.307323772971564768e+00,8.967798239036866903e+00
5.645221810607449209e-01,8.923692944265422256e+00,1.987307366949156995e-01,9.945536932148344444e-01
1.845456414875595863e-01,6.019429941191201117e+00,3.917462059343390646e+00,-7.779759766980608449e-01
3.514639038603539767e+00,1.321782430408557363e-01,6.194012174208579857e+00,-4.137128420803451445e-02
7.095655928277389002e-01,1.862998831517630183e-01,1.077335062521695558e-01,1.421397321748033189e-02
7.931589815140347444e-01,7.973671837455894362e+00,2.546311632767260580e+00,3.546347360360443624e+00
1.675447260019094387e+00,2.823423996109634126e-01,3.336055421458742121e+00,-9.141188630615419697e-02
1.062430316200178582e-01,1.635963697571938269e-01,1.699551134649411432e+00,1.723710404174421881e-02
9.224563425741406419e+00,2.820027366402124702e-01,2.095497943665896479e+00,2.251401220116740820e+00
1.375458859786648391e+00,2.946734009555009859e+00,1.601007115167205175e+00,4.051261920914146053e+00
6.622132851422691147e+00,2.422957510475531873e+00,5.275287903693773872e-01,8.077120706918071491e+00
2.144747459874631612e-01,1.663447976498893255e-01,3.177400544860588205e+00,-1.277236491963518921e-03
8.567960308036800532e-01,5.440728273832977635e-01,1.045135632513971347e+00,4.032244670951451448e-01
5.196437494201921581e+00,3.652246505739016769e+00,2.073560144911765768e+00,1.663013926409180598e+01
2.127005885368511429e+00,1.424101900290123401e+00,3.233839590225588534e+00,-2.790265939035471154e-01
9.405050928956588674e-01,1.088280440524146270e-01,3.993431466657823559e-01,3.979633141249411948e-02
9.267357532170024115e+00,6.704409418779098129e-01,3.012269689730846522e+00,8.012736572332094243e-01
3.014594263397545326e-01,1.219357730284047620e-01,3.170629545161181895e+00,-1.067208060627252830e-03
4.053088987426934686e+00,4.602741119960253591e-01,5.548529119156454747e+00,-1.250525875322829883e+00
3.475219854340651504e-01,4.328273973118972329e-01,5.693303208131224480e+00,-8.367143952801699147e-02
5.482654551983848101e+00,9.253782448927568183e+00,5.387210258324848233e+00,-3.961506113025509279e+01
6.516320878888656187e-01,3.477941521584348439e-01,4.501954361029785190e+00,-2.216343374800570365e-01
5.387360627973434291e-01,7.358581558031526804e+00,1.377467248154391033e+00,3.890477999375442586e+00
3.466214521205729149e+00,7.924124431667579627e-01,4.730638353686272168e+00,-2.746214154754963221e+00
2.517976945620811868e+00,2.741929784045036733e+00,3.817056377576096171e+00,-4.316862602661358572e+00
4.889849605869200033e+00,7.772870278183551029e+00,4.091254811849602824e+00,-3.090896106641170960e+01
9.508384092690086220e+00,1.535971284121128377e+00,2.683687000115126065e+00,6.456264859160983249e+00
2.487080475737441509e-01,3.103198382388547838e-01,3.558367692457143239e+00,-3.124313020707897987e-02
5.821342368606384765e-01,2.538246522457160981e-01,3.871863370024665851e+00,-9.856647491916287196e-02
8.027247203358551797e-01,9.733509145137992036e+00,3.322573173308819072e+00,-1.406353525128409832e+00
8.900964459787253702e+00,9.346318595246829730e+00,2.180846641173989298e+00,6.818514492770430024e+01
9.477339273082048265e-01,1.479291257673512605e-01,8.244183464621237523e-01,1.029263756919360784e-01
1.379879575308179396e-01,3.811201561861329079e+00,5.471355602075495206e+00,-3.815653927453080962e-01
1.575664690499593290e-01,4.729962482826182146e+00,1.347132174070433175e+00,7.267194244264978398e-01
7.937201001886539098e-01,2.773680217906028034e+00,3.834727159155050913e+00,-1.406668231746866171e+00
1.727391320235393435e+00,1.132601316204927128e-01,6.060756072977017794e+00,-4.315912530540982894e-02
2.305774272010714387e+00,6.859684652558653006e+00,4.812460097822183869e+00,-1.573775350772272219e+01
8.510967942697520883e+00,8.161471776601612049e-01,3.915862675576838203e+00,-4.856745707651740851e+00
1.053701310513581180e-01,1.445391131830175979e-01,2.182208876164550837e+00,1.247098891376357058e-02
1.059389397168130631e-01,2.864350529772339726e+00,5.397783502374228881e+00,-2.349188025339141450e-01
1.444644514788524958e+00,9.032478326512709543e-01,1.765657449848448746e+00,1.280176762460191187e+00
7.450185384763234886e+00,2.132729725409662436e+00,1.052739190252871992e+00,1.380429308983635295e+01
5.847158745738689767e+00,2.176854284556317687e-01,3.372331541267571620e+00,-2.910948386008403443e-01
3.529898336464385999e-01,1.048949771563584488e+00,5.841235493641712573e+00,-1.583649012458838434e-01
1.270649261397116536e+00,5.332034654748609270e+00,5.908802873079552320e+00,-2.477656013135118851e+00
4.600407397398371678e+00,1.492930306225693227e-01,2.720889881898965079e+00,2.804941033659337224e-01
1.175606784051028253e+00,2.194537359213640515e-01,1.029259984983304843e+00,2.210773328934956816e-01
1.595558299641356703e-01,4.732431594166026656e+00,1.868263906288755383e+00,7.219249914748314678e-01
9.001288903143757736e+00,3.170710961974707032e-01,5.550428263872164258e+00,-1.909134647070106938e+00
6.308059006884866315e-01,1.031430830911153618e-01,2.557497951390875102e+00,3.587877326468022487e-02
1.675114418645761605e+00,3.005224552794411585e-01,1.124225500610875228e+00,4.540418288014397286e-01
1.811876960527826208e+00,4.089454849522181079e-01,2.638716128523097559e+00,3.571036165000295859e-01
8.756550372497994061e+00,7.982688330325188319e-01,2.077988630058288599e+00,6.110111938595216508e+00
2.582122917629473546e-01,5.989818159860585745e+00,7.612643339489991723e-01,1.066933231044108199e+00
2.491842904508260403e+00,1.295378419228353228e-01,2.644170725535862410e+00,1.540219760223916490e-01
1.584797761557015461e+00,1.118535434170862874e+00,5.441605146082343580e+00,-1.321861418371044428e+00
1.005774462419690291e-01,1.568220527876436621e-01,6.135618504424066977e+00,-2.319097801322300614e-03
7.515122644218368286e+00,5.192345563959247512e-01,4.579936528719010802e+00,-3.867932742560559856e+00
1.061553866856980860e-01,1.237654527340307675e+00,2.680897870923758752e+00,5.840932302922736269e-02
4.155365223799314389e-01,1.090189521829363128e+00,4.829274443821028662e+00,-4.499225007030877022e-01
2.939820441361709058e+00,9.184081041525425926e-01,5.419307327451955203e+00,-2.052956614034961103e+00
2.603357206520422462e-01,1.198351805363476075e+00,2.294478962813024936e-01,7.095529299864535011e-02
3.882665217338845398e+00,1.024344278540215258e+00,5.186651335615618308e+00,-3.538223228659889585e+00
5.939583727971275984e+00,3.263327121885261639e-01,5.445378368401447844e+00,-1.440486516470070422e+00
1.417451740751588307e+00,1.936372224839886802e-01,2.863590457607417594e+00,7.532459050023283809e-02
2.195663664445642649e+00,8.352664633677814976e+00,5.389915531742761168e+00,-1.428888523599901639e+01
2.665842990066118023e+00,3.372537739773723509e+00,5.875226633337782722e+00,-3.566920136597928170e+00
4.600543826671684933e+00,1.797418805440345047e-01,2.785192673191426938e+00,2.885112798444163795e-01
5.706781276640261469e-01,3.782690991123892621e-01,4.758523965934776001e+00,-2.156402092485619204e-01
2.783057426292733894e+00,9.678437059392679398e-01,2.839505197368030753e+00,8.013726017667067714e-01
8.055386852129235109e+00,1.281393791171731023e+00,5.232168720712307319e+00,-8.958865515370099786e+00
9.231029500020605738e+00,3.044637953505011652e-01,4.540897200582889037e-01,1.232816525180762124e+00
1.889444405911613056e-01,3.605691269569456736e+00,3.691971304741905158e+00,-3.563138056224717798e-01
5.871744309311135446e+00,3.209336946474178554e+00,3.681091737122973662e+00,-9.680489807976382366e+00
1.903579995315159146e-01,3.247445865109154228e-01,5.851808478343126119e+00,-2.584734648215945146e-02
2.790294477335145684e-01,2.645471585459727937e+00,1.731425927585172886e+00,7.286619224212257384e-01
7.754055333833641761e+00,2.188465555275657781e+00,2.776185600603227943e+00,6.063696926722728087e+00
1.463343886322861220e-01,1.175746106165230564e+00,4.624194515448110110e+00,-1.713833879954325956e-01
4.444977487143150774e-01,1.026103935982435100e+00,4.914753357652564603e+00,-4.467937447321614908e-01
2.722126904149505533e-01,4.186825269226093216e-01,3.595603654837947194e-01,4.010204251877386161e-02
1.212455197571603027e-01,4.108709504518777145e+00,4.901971984834685436e+00,-4.892369914606439218e-01
4.233172350300014597e-01,2.710362831603112088e+00,6.259367106208469700e+00,-2.732506951072311355e-02
1.508262533178643450e+00,1.440793355536830411e+00,2.146815811120013517e+00,1.822438512517083220e+00
1.135020004569130131e-01,4.480583336758902635e-01,9.260036619985012596e-02,4.702512247315108335e-03
1.494894088272102906e+00,3.936914220349099214e-01,3.924913190375964422e+00,-4.152859132437551337e-01
9.103056169703624967e-01,3.867097243664368023e+00,3.554997296193466383e+00,-1.414184323312477343e+00
3.341257766548593189e-01,1.955305982720838831e-01,3.237686983060011237e+00,-6.268359230520552557e-03
3.459400287432994880e-01,9.717589996912890937e-01,2.483209956625719972e+00,2.056819186094026586e-01
5.314919191469292814e-01,1.143578245561022166e-01,1.222117839129952754e+00,5.712280971538335334e-02
1.642452623508560583e+00,2.301320385297535853e-01,2.394420395803176227e+00,2.568633979339483564e-01
2.758866492976396190e-01,1.642366734894016522e+00,3.274651817458515080e+00,-6.011230008018998705e-02
2.070732397126444357e-01,7.771964075405179972e-01,5.484451319206953279e-01,8.390606079150490781e-02
8.673792783228073233e+00,1.806222827542106391e+00,3.914445306073250475e+00,-1.093825371926157075e+01
3.045571343493069794e-01,1.478551938563636425e-01,1.552562595801743939e+00,4.502286874975928999e-02
2.193570363263133594e+00,1.993773590426644593e-01,3.760738001263310260e+00,-2.538104150495656963e-01
5.310836965468055393e-01,3.995456979720211965e+00,1.270254523660840240e+00,2.026809526615879875e+00
5.811105685581482438e-01,8.017781985695515701e-01,3.859496786254874023e-01,1.753911903598917577e-01
1.259168365079022189e+00,9.347458061954921904e-01,7.088283582167865804e-01,7.661635529203915107e-01
4.090070234476879563e+00,1.264471570382794230e+00,2.490344211745888769e-01,1.274679127162968495e+00
4.992085559946073836e+00,1.232250901108875363e+00,2.836729033530382971e+00,1.846453807823484450e+00
3.512624563230961172e+00,6.606056170873255695e+00,7.896732953099475094e-02,1.830501076892110168e+00
1.201698163749477466e+00,8.509984192053702046e+00,4.676255644287642177e+00,-1.021975719646644087e+01
9.814391768901272739e-01,8.268613363027537133e+00,5.462782682020482561e+00,-5.935580149102778869e+00
2.222073930748281745e-01,1.587086261058513914e+00,3.006709942106512212e+00,4.742394151155526760e-02
2.497194819520146269e-01,5.396925605911105928e-01,2.148815147780042789e+00,1.128776371997472494e-01
1.856070045308803040e-01,3.488024411661712954e+00,5.067388874483329531e+00,-6.070340135563409012e-01
4.053411360465803970e-01,1.432018645749442709e-01,6.249259252224518946e+00,-1.968880694839453011e-03
5.881297045993878481e-01,1.733711391191491868e+00,5.104715440320736874e+00,-9.421764816165065781e-01
2.180309509354427799e-01,1.020127921743771010e-01,3.062073474237048676e-01,6.704714112174562680e-03
4.734504017676097187e-01,1.420774911456951006e+00,2.480738750899221579e+00,4.128767524389528876e-01
3.394565555234294152e+00,7.916944383597535939e+00,5.777488177604531927e+00,-1.301851829817965722e+01
5.607151452685423809e-01,3.659475589267418449e+00,1.359487947091893245e+00,2.006283137993851273e+00
1.194661608158218202e+00,1.289613568240393637e-01,4.958327017727343744e+00,-1.494292637480388319e-01
9.881771556702384496e-01,2.244197278808713669e+00,3.914152759849138796e+00,-1.547865237765828184e+00
6.155774431252115653e-01,1.179016643038262174e-01,5.291741656265265270e+00,-6.073418996647285406e-02
1.528846274579259257e+00,3.592900912358641730e+00,7.055870016296845737e-01,3.562100526456731586e+00
5.657435741720550304e+00,7.806898094570964730e+00,4.135477384013807267e+00,-3.701864341863392127e+01
6.281318245256581001e+00,2.668361887216551320e+00,3.138975510667180835e+00,4.386543807804086509e-02
1.326612250518142966e-01,2.096161653890365795e+00,9.180420044105345179e-01,2.209101198486028150e-01
1.433939038290040213e-01,1.143778204224332296e+00,1.021811893090183387e+00,1.399102361669764261e-01
3.281236810893405909e-01,7.793508052836028988e+00,1.816636627440240792e+00,2.480346594567787832e+00
7.037074890523139281e+00,2.486792656155901171e-01,5.207886522058312373e+00,-1.539509111301436750e+00
3.918575050334670351e+00,1.039129096221437371e-01,5.248029967403101459e+00,-3.501601010186773943e-01
3.333157459414277102e-01,5.481547698138359515e+00,4.901843992093291469e+00,-1.794394134966897703e+00
2.534301870966373937e-01,2.114887823549990165e-01,2.860783517776634977e+00,1.485368500755024704e-02
1.085924751896172186e-01,9.976653475842319097e+00,4.498111125955679412e+00,-1.058612601939964426e+00
5.967038782482626535e-01,1.699480533732096177e+00,1.700398937098093866e+00,1.005581816308817711e+00
1.079551086938465465e+00,3.672194829350736267e+00,1.480977454081399802e+00,3.948341722485896099e+00
1.743341161953676277e+00,4.463341587929781973e+00,1.062266468621727578e+00,6.796513043416380739e+00
6.246781790203060680e+00,1.061779272596235085e-01,7.688671003893539357e-02,5.094644431649248545e-02
6.998158424034949476e+00,9.930796672014919890e-01,4.246155232418170833e+00,-6.207967911590148269e+00
5.838694292502748517e-01,1.362591439579408981e+00,5.717700199696210461e+00,-4.262896081754773969e-01
6.561764077414325991e-01,8.010776323780691044e+00,4.621160353514194519e+00,-5.234623633711503743e+00
1.028506376645354603e+00,2.403177431349123039e-01,3.332371390794899857e-01,8.084969936198448115e-02
2.758405107553378310e-01,2.265853692715597834e-01,6.222397638246979223e-01,3.642936730327466649e-02
4.800133042646785309e-01,8.015651413542894232e+00,5.514798294171096238e+00,-2.674004443264855091e+00
1.873720303824105482e+00,3.744546655976026983e+00,1.010482720254649358e+00,5.943370271546530859e+00
1.337177769588396625e+00,1.090372147312363094e+00,3.863721123996374907e+00,-9.637279007591579294e-01
1.067889082441571547e-01,7.308760048969975553e-01,7.033410449232607720e-01,5.048000095801634390e-02
8.161978375303711175e+00,2.673081484530155816e+00,5.318879917160979964e+00,-1.792652809595511343e+01
4.662566539546035393e+00,1.591031707543643980e+00,4.177817628990382559e+00,-6.383343831408212488e+00
6.574454850191429500e+00,2.778671639502192647e-01,1.081586679902382775e+00,1.612546837137509570e+00
9.920431650418628067e+00,1.387397313923313114e-01,2.435432107214375641e+00,8.931425021244142615e-01
2.016206367384289488e-01,3.639693882646457990e+00,4.676394831112435924e-01,3.307995625329015477e-01
2.879320617386902814e+00,1.797945325515980075e+00,5.480349282335419403e+00,-3.723866697374952128e+00
7.801086352458602713e-01,1.641972631401348082e+00,1.197769035426598183e+00,1.192826263643448348e+00
1.205842588010014760e+00,7.895152679343658830e-01,3.252654139669403310e+00,-1.055167611850210407e-01
3.368490316280878250e-01,1.566657376685380854e-01,3.684908098951241495e+00,-2.728226509832924404e-02
6.750070593516860340e-01,1.098171158095735178e+00,2.287942603695870325e+00,5.586860856013597942e-01
1.370185123175096109e+00,5.307142169212653027e-01,2.593129027328970881e+00,3.791330855818564882e-01
4.481596943882893980e-01,6.806119520935640210e+00,2.185622125655552583e+00,2.491652131421744798e+00
3.751478759896946347e+00,3.429145273402133820e-01,4.326544068671213106e-01,5.393798195602472756e-01
1.712019103261545605e-01,1.250334897719644900e-01,5.433635632324511633e+00,-1.607552390938518996e-02
4.580679199251004863e-01,3.195313217529108241e-01,4.398150420791260728e+00,-1.391997477738160516e-01
2.511860872692087465e+00,4.641320285566933879e-01,5.506562504935581082e+00,-8.171041008445028009e-01
4.273508708478670037e+00,6.826460045975961677e+00,2.127865915869006308e+00,2.476222373670012900e+01
2.591789794915860257e-01,1.511777318884117705e-01,9.320235155187718279e-01,3.145648015828428345e-02
1.170009639829056175e-01,1.263605437956727695e-01,9.513531282229208408e-01,1.203740885991121112e-02
3.532392577105963327e-01,7.938833529246909215e+00,2.124538076914027851e+00,2.385239760093081696e+00
2.996656470523142990e-01,2.061148283610135246e-01,5.591373285042746666e+00,-3.940231225130703258e-02
1.510393282264703430e-01,1.512547313783095537e-01,2.573261648565850823e+00,1.229599913509381824e-02
5.116674289371142548e-01,1.017690471752648734e-01,1.495894799783694440e+00,5.192590707605516248e-02
4.150271475232845120e-01,9.438888894781495509e+00,4.798595822520164700e-01,1.808483566423549460e+00
1.216301436849010348e-01,2.210758234065126615e+00,1.120138131165150597e+00,2.420485460173800452e-01
4.390524574000623126e+00,2.594451357960927851e+00,1.423653171231660908e+00,1.126791085953955118e+01
7.370691480609987689e-01,4.228489465715432161e+00,4.147547859564207906e-01,1.255918251723878276e+00
6.977077891320301539e+00,5.626266716303971460e-01,1.597291407296571375e+00,3.924112366289518761e+00
2.960245460744624357e-01,1.754675597477797666e+00,2.264387073707228470e+00,3.994162349553477820e-01
1.052190233400391028e-01,1.317378811457593502e-01,8.429249126484652521e-01,1.034876178208572750e-02
5.317369499868116911e+00,2.487719908315994211e+00,7.848481530365319925e-01,9.348551526906961229e+00
2.701410761287319939e+00,4.385441454619568802e+00,3.868628434118590587e+00,-7.874120927973655704e+00
1.257723247071475814e-01,8.710979422123049432e+00,1.510750351680449688e+00,1.093625622148019394e+00
7.130530696579091554e-01,4.565589123503317470e-01,1.104556750958762379e+00,2.908030844772466206e-01
6.338684034906768572e-01,2.305198715935482756e+00,3.679057520180490037e+00,-7.480720850876930728e-01
5.073241025185662778e+00,8.037196235469052041e+00,4.287817107189473842e-01,1.695258850782890647e+01
8.426965884486778968e-01,2.435468029344888041e+00,2.856120774590086064e+00,5.779658105992266925e-01
8.132477740905638797e+00,5.674556644584457743e+00,4.652995299469531609e+00,-4.606683310629289707e+01
8.447913871602178659e+00,3.265574778265203926e-01,5.489280577526623794e+00,-1.967239418496535386e+00
2.153525921280001199e-01,2.642329884708208287e-01,3.860024914883890546e+00,-3.745402251352469847e-02
1.293614731967114295e+00,8.526358032894329142e+00,6.197137447800153076e+00,-9.479218197501424470e-01
1.293507635912404252e+00,7.761430284206898289e-01,7.739719111817824349e-01,7.017400500193260449e-01
3.672546793634801077e+00,1.710840975909481587e+00,4.391652997387630819e+00,-5.962726124354953861e+00
6.410052783008867161e-01,3.355650532455807245e+00,2.534025024190946773e+00,1.227939965331008576e+00
4.122881459270014148e-01,1.955033409099571906e-01,4.959209647292611933e+00,-7.816094221678715481e-02
2.347419506882979512e-01,4.844363435288451925e+00,2.546295231917710566e+00,6.376767924155777312e-01
3.209001179552833372e-01,1.477844409483397126e+00,2.378567391441029688e+00,3.277528396909871744e-01
9.107359787747558499e+00,2.259223335474745964e-01,1.136650767186743849e+00,1.866676057820825241e+00
2.396592533642847744e+00,4.707056936694662852e+00,4.178270725788567397e+00,-9.709669792042545211e+00
4.550432771693861955e-01,2.704273609960107794e-01,6.454762846750831118e-01,7.402799343528267129e-02
3.693018860409431614e+00,2.477459990498762643e+00,3.314714180613878458e+00,-1.576041685160008976e+00
1.548081516900380317e+00,7.118272172883695958e+00,4.801091499055006873e-01,5.089718930859343793e+00
1.625861530046835313e+00,1.127711491107904029e+00,3.082694726724378498e+00,1.079270852309722056e-01
5.835788796770364328e+00,7.537173093707669747e-01,1.861626195849149568e+00,4.213824017321537774e+00
5.269879331609710338e-01,3.778727442667132230e+00,2.264578884701846206e+00,1.531010332102404892e+00
8.672897434500512759e+00,1.615472095230902960e+00,2.693739559416296725e+00,6.067126053195240232e+00
4.541232136527694863e+00,6.268645823572576603e+00,4.734962222415411759e+00,-2.846012338092444338e+01
8.680688537797090376e+00,4.045070133505527243e-01,5.196951273884500289e+00,-3.107163327499043781e+00
4.550342865202130938e+00,8.378508880861794239e+00,1.063280918548402676e+00,3.331960122578478689e+01
5.476829431265751724e-01,2.656820605218090381e-01,3.147107273424497365e+00,-8.024256888385741283e-04
4.812117280108887951e-01,4.312647814164423110e-01,2.933100925461374686e+00,4.295543068095310918e-02
3.456275019070538801e-01,1.434538419551037558e+00,7.339582466569211094e-01,3.321044452340829456e-01
1.581774083827673039e+00,2.247211084906194589e+00,8.632998025648784546e-02,3.064858123657367983e-01
4.083263501834077380e-01,2.218541064296623011e-01,2.938021740851556540e+00,1.831415307607855633e-02
9.044290449115951702e+00,4.615648096172894732e+00,3.428718073159246593e+00,-1.182211201965941072e+01
1.140389188278394750e+00,4.928233029252523600e+00,2.147011429870711918e+00,4.712630402019502895e+00
4.537770233686866383e+00,3.254806993686727434e+00,2.384067654962514826e+00,1.014854365584069207e+01
3.346369473531212724e-01,3.338504411400224026e+00,2.525839606220871225e+00,6.452574816636477140e-01
4.524289912425225602e+00,1.003108761201965793e+00,5.708238515223134968e+00,-2.467912610437464682e+00
2.459377542824163321e+00,5.310188255034272720e-01,6.092592408076622057e+00,-2.474054757275538918e-01
2.631554630974716757e-01,2.166487232102384475e+00,2.718312297112894793e+00,2.341800037709743654e-01
7.967014277061577054e-01,8.226324212963390892e+00,6.089867265132089535e+00,-1.259114894788514016e+00
3.483402317862991371e-01,2.276761971039393817e+00,9.932263759818998894e-01,6.644425319079333425e-01
1.454385376727019008e-01,1.784256047262811340e-01,4.891676210458832941e+00,-2.553400843257284253e-02
7.482740094946439546e-01,1.011240865124912069e+00,2.886926741037743938e+00,1.906257467811910689e-01
3.947255666641867333e-01,1.785520535561431477e-01,3.453543814473566176e+00,-2.163116618050451440e-02
3.747103392606758732e+00,1.029418772010177729e+00,5.876839152642197028e+00,-1.524634891378189083e+00
1.792420762154119107e-01,8.751882478154053402e+00,4.748282203166958038e-01,7.171897270146738723e-01
7.246879299913792316e+00,1.046369286903626072e+00,4.225559892970514930e+00,-6.701934782751394870e+00
2.009771332570729818e+00,4.202428112098190560e+00,5.237898442267502119e+00,-7.306298788129800492e+00
8.268180106976172894e+00,1.957040815469527351e+00,4.311364542221520324e+00,-1.489737773082582528e+01
3.707489047403221161e+00,1.269040550813869406e-01,3.094397000571517786e+00,2.219709482223032951e-02
6.779925139995558681e+00,9.514633065514566113e-01,5.734830302040250238e+00,-3.362725686474604014e+00
4.760637488326840971e-01,1.489462784774411575e-01,3.187047568186078372e+00,-3.222003825305418383e-03
3.136654096371568556e+00,4.337700079536460862e+00,2.001215233308042407e+00,1.236488795242892103e+01
4.090623570644170703e-01,2.245874220031378043e-01,5.203993971003318286e+00,-8.099065072483895011e-02
3.147075818660839963e-01,8.223617056404391334e+00,5.903087035440682584e+00,-9.601912060470251253e-01
8.476348962061646120e+00,8.054921051026358025e-01,4.313997722551254910e+00,-6.292934864799664574e+00
7.905459896091067584e+00,5.622913230712350163e+00,6.044482719511084845e+00,-1.051026133688802311e+01
2.218416022218610284e-01,9.126288205074754245e+00,4.434666427124619226e+00,-1.947012812332011400e+00
7.701157111475306571e+00,5.902774549547920024e+00,4.062683170544555189e+00,-3.619662371921862132e+01
4.321601758808839566e-01,2.703983641952858008e+00,5.910630650109356843e+00,-4.253490290370827154e-01
2.104227381897944671e+00,1.859126017910980977e+00,1.090185820228122549e-01,4.256390014162509949e-01
1.375760562070834636e-01,1.558838217349276800e-01,1.505429815331403187e+00,2.140008095679826056e-02
8.747461158899254130e+00,2.995467507554573361e-01,5.233076431534652961e+00,-2.273028085440992552e+00
6.762430111177110126e-01,2.324246865810324358e-01,2.249337994481142022e+00,1.223594335044022319e-01
5.163723990292022670e+00,3.104430281474741538e+00,3.386540073034528309e+00,-3.887462308920981879e+00
4.430585278373557756e+00,2.840102968097070191e-01,1.589033363307875479e+00,1.258122591771938081e+00
1.670921516754515779e-01,6.118450219405003665e+00,3.913236924395836702e+00,-7.128962428189058453e-01
3.414767667380924632e-01,6.252031008525564815e-01,1.777565327374802440e+00,2.089448063316264870e-01
1.364932270678984372e+00,7.276055438642510254e+00,1.759949791891575854e+00,9.754185402096558377e+00
1.608055797461591441e+00,4.736216340240431144e+00,2.874258302978849322e+00,2.011879804333810196e+00
1.973665306134327002e+00,2.368215999949854655e+00,4.676874215669932333e+00,-4.671118370253680929e+00
3.652221764669095760e-01,4.463770107172982726e+00,4.412664006675927730e+00,-1.557586791128318326e+00
2.640280447117683060e+00,8.397114889381089853e-01,2.881278989139118840e-01,6.299988110491002713e-01
1.623874220411218594e-01,1.777549171307987730e-01,2.091808147962883613e+00,2.503521696551848363e-02
1.241783987043630244e+00,1.544094086373292152e-01,2.942854333350350515e+00,3.785635311718035800e-02
2.863714712123581196e-01,1.811704707257697777e-01,1.295352254534072323e+00,4.992633511066488228e-02
5.670584231363791972e+00,1.615900653282742183e-01,2.789311407469417858e+00,3.161634947211917623e-01
4.269405176806517210e-01,8.454379858412052196e-01,2.649492197664965243e+00,1.705418062307349492e-01
4.681458347605074621e+00,2.734630452015496704e+00,5.926069961565167077e+00,-4.475254431646206399e+00
1.284905035159642051e+00,5.874724083608331426e-01,1.575818719415000624e+00,7.548367352578355671e-01
4.707037618074942364e-01,2.758351788336014243e-01,5.819030263448852658e+00,-5.812363852950928195e-02
4.593490751640016967e-01,7.252723237537149759e-01,4.295088100130669773e+00,-3.045640339675491637e-01
3.416315106603622365e+00,5.071877448680013778e+00,4.793137792475243408e+00,-1.727067257452928573e+01
3.159392454213953427e-01,3.310203815910219394e+00,5.569325077087507125e+00,-6.847594527661470254e-01
2.493309069438210734e+00,7.057582303878428220e+00,1.757264300443996508e+00,1.729169745109735601e+01
1.427893157176135797e-01,3.448040992727590126e-01,5.697033555424132478e-01,2.655613130121453266e-02
1.851159294932001709e+00,4.839547105519397263e+00,3.018709025407029234e+00,1.098117938071885957e+00
1.761811631945806034e-01,2.296013537220662926e+00,5.828574002309508728e+00,-1.776275564543352559e-01
1.659761021692418015e-01,2.693142318517631750e-01,3.397150198057226511e+00,-1.129941520045470854e-02
3.713233247558277439e-01,3.768855021876904021e-01,4.974542500906787845e-01,6.678099543775919966e-02
4.387688585510111094e-01,1.680546836783674836e-01,5.639719509760356964e+00,-4.424021400304312818e-02
1.356606538625188429e+00,6.442749335420484336e+00,4.871968909770719058e+00,-8.629222988924812654e+00
2.142800284241476394e+00,2.743768661874680603e+00,5.033973697316360685e-01,2.836222524431212477e+00
9.815746683176293175e+00,1.580067279124933277e+00,4.535183503663741789e+00,-1.526666312616183063e+01
9.911923163995011166e-01,5.194706264722479538e-01,2.804736254468861656e+00,1.701841217244316751e-01
1.062188206727245204e-01,3.181964912603784668e-01,5.909387911717741027e+00,-1.234161545443008753e-02
4.833610614416795848e+00,1.576068518223631421e-01,6.137795888606494721e+00,-1.103693412812182806e-01
8.844907869859653937e-01,8.040815021454135181e-01,4.952447744114519407e-02,3.520754488961036488e-02
3.862602702178027370e-01,1.125890746113854979e+00,1.802503640476294633e+00,4.232648372412561866e-01
4.617763339967385638e-01,4.779994451745555928e+00,2.603325034553814366e+00,1.131564903566875335e+00
2.316256889280017273e-01,1.018277326791925397e-01,1.342310980394388009e+00,2.297293450294317710e-02
8.015774539330429604e+00,1.826667661338911897e+00,4.482649691984938123e+00,-1.425744516804547501e+01
1.144571189482867374e-01,9.526456495068497787e+00,4.404168701228504901e+00,-1.038987020794738259e+00
1.175853432032814977e-01,3.443431894739609200e-01,5.656074695222280013e+00,-2.375967066543074879e-02
3.223359808607637156e+00,4.060142887639444087e-01,5.914134446931922362e+00,-4.720986949403130351e-01
5.217834637468954373e-01,2.863220573134138691e-01,2.769649795385505708e+00,5.429517842110991033e-02
2.751592158444803315e-01,1.544694983193190818e-01,6.219630789085617728e+00,-2.699484414715706913e-03
2.746452616875893149e+00,5.439616687539359230e-01,1.491175496101609654e-01,2.219516988443688554e-01
7.175993412297966279e-01,2.349406318661041659e+00,3.855940176526183372e+00,-1.104495800088894475e+00
2.717143422264964858e-01,7.571898979286186382e+00,3.298165649325912607e+00,-3.208176996952935567e-01
2.332107588997210101e-01,2.524090442308207560e+00,9.138407430178576707e-01,4.661216127430196088e-01
3.995510414207513183e-01,3.260293216394786198e-01,2.834471157164271116e+00,3.938131158865688930e-02
2.610622605247604477e-01,1.193699860870218732e+00,3.684366972448021027e+00,-1.609611147663742858e-01
2.737328180141186174e+00,5.328680571642954167e-01,4.489906406918489523e+00,-1.422683299356434006e+00
2.415784450205692657e+00,4.856077071726868088e-01,1.215823439729328159e+00,1.099986230968823309e+00
1.821895602574473694e-01,3.911803747739157622e+00,3.199192351382659005e+00,-4.102802196452366712e-02
5.696249387632418282e-01,2.290154613134182671e-01,4.816939809802104122e+00,-1.297405850185204823e-01
4.749446913985370111e-01,4.413578633030931786e-01,1.073438821999235904e+00,1.842242819809589705e-01
7.550018602171004289e+00,2.236241550941607592e+00,3.690038176563217309e+00,-8.802490844992950869e+00
7.247108044314236608e-01,5.519819665699587929e+00,1.083341327348769534e+00,3.534352131184486545e+00
9.826440259363423024e+00,5.023685513445772521e+00,3.218756788013603209e+00,-3.805424229620884446e+00
3.309225427108797302e-01,2.453541054670560495e-01,3.885585429088430631e-01,3.076043554702991706e-02
4.731293454985455171e-01,1.471902346790069371e+00,2.117837610671102072e-02,1.474752273572191644e-02
8.152707033472388787e+00,4.068614298900019022e-01,2.504826452021143179e+00,1.972296354362848669e+00
5.913738250790821382e+00,4.416421491496754115e+00,3.076595751475035279e-01,7.909153167296961939e+00
1.414672645092716508e+00,7.557416233030906483e+00,4.490517444571350048e+00,-1.042919828803340998e+01
2.847299027053354692e+00,1.407758857574911704e-01,3.395402175396898148e+00,-1.006459684167625990e-01
1.014328298559756592e+00,9.902347387353968022e-01,3.237256251061396473e+00,-9.594023920502622871e-02
9.195274382942183466e-01,1.800963602519033147e-01,9.554490595250272333e-01,1.352273898114488559e-01
1.724438870606681329e+00,5.677019165818602886e+00,2.456013430358228167e+00,6.198051825164136552e+00
1.923136514803212016e-01,9.716979789993709815e+00,1.071765816732282328e+00,1.640813236674072639e+00
7.638022728334536104e+00,8.996057513705180142e-01,2.583540110006125712e+00,3.638547120027829429e+00
3.908557615248991812e+00,7.471578533348423035e-01,2.993493460393531702e+00,4.309162023760041982e-01
3.175592814027875743e+00,2.356738428165728649e+00,5.184607642634202485e-01,3.708670208674358815e+00
5.643939729323160570e+00,7.930203110278628564e+00,5.591305622212868975e+00,-2.855470388714322283e+01
4.902938689388400384e+00,1.046429706011837019e-01,4.980171990358226886e+00,-4.947726119941904255e-01
6.944180873943903709e-01,4.965771835837177184e-01,3.896497151287432459e+00,-2.362855995079235216e-01
8.646075366643982463e+00,6.943890101123505687e+00,1.920624292513989584e+00,5.640103341712296015e+01
1.866036572005846939e-01,5.303568036628459881e-01,3.588799991315790194e+00,-4.279799171058342594e-02
1.973834007777720556e-01,1.399981749318664481e-01,4.226270505611822159e+00,-2.443207784405411823e-02
2.765982850865342346e+00,1.850276618470810819e+00,9.277022496866422774e-01,4.095516249855538859e+00
4.363553789288961759e+00,2.653669916727410816e-01,4.525358233909839711e+00,-1.137749395664689800e+00
8.342945990790555655e-01,8.700584483847478623e+00,1.440035393195936431e+00,7.196881572136906158e+00
1.670802294946644173e-01,5.183477582648340132e+00,3.176059757899778457e+00,-2.984455405316067261e-02
2.518734649032767225e-01,2.682096994292357373e+00,2.457263134641550106e+00,4.270507966066266481e-01
1.847213981245071635e-01,3.943966166486011726e+00,5.873822335397990146e-01,4.037423444178168674e-01
1.386628335754639674e-01,1.159849971257489232e+00,5.570312061836166784e+00,-1.051831808863141343e-01
2.579258211565611525e+00,2.157836562860358409e+00,1.879635604542420957e+00,5.302291697497950373e+00
8.057897034819495374e+00,2.498144664189039799e-01,1.365086971699954299e+00,1.970538271724790347e+00
1.125365788621002228e+00,5.777917598286077538e-01,9.820828894726110203e-01,5.407651118866404483e-01
1.216823798603778872e-01,6.100942568493624707e-01,5.466997961633376590e+00,-5.408510837651216846e-02
2.987394463130647049e-01,9.726548097818922267e-01,2.997511511814193952e+00,4.172100841913416180e-02
9.166493886200034469e-01,2.161609607979000369e-01,4.870961966375510488e-01,9.274354688537606028e-02
4.080348210821378996e-01,1.132670848277116615e+00,1.105682955517300475e-01,5.099719668901857988e-02
4.668849120678730813e+00,5.814528324789198344e+00,4.236861303478662855e+00,-2.413521305949042883e+01
3.853689630727132442e+00,5.380627630600839373e-01,4.589211247627661194e+00,-2.057816213729687149e+00
5.936473824858395920e-01,2.623034550011935195e+00,3.191853043073569207e+00,-7.823040110141170345e-02
3.001171610495672604e-01,1.009083187127628040e-01,6.899917394888422928e-01,1.927690159469926459e-02
1.510333005947402052e+00,3.927952718795636233e+00,5.060097098339678690e-01,2.875436625295128223e+00
1.882597650806533407e-01,7.077034944735241417e+00,4.651819951562971234e+00,-1.329877802084268978e+00
7.133390832259118852e+00,6.317926096325596763e-01,2.744787794746663234e+00,1.741767622264077886e+00
1.138983588756624643e+00,3.912853559941775750e-01,4.989658072062324479e+00,-4.286460183380347844e-01
1.609160019042276957e-01,6.208673121341012902e+00,2.654031035549989426e+00,4.680396215810166960e-01
1.021478775067295036e-01,7.309720712194724079e+00,2.547367311173515780e+00,4.180373088462551734e-01
1.437996526876796355e-01,5.924268843223236658e+00,7.812218847580337799e-01,5.998687903017615453e-01
4.159323144894708335e+00,2.377713245642618212e+00,3.028670138183969796e-01,2.949675019835878764e+00
1.281290358433484766e-01,3.026358010647479668e-01,5.027343852549852166e+00,-3.686903457513511506e-02
3.069565019786060667e+00,7.406978729021844732e-01,5.833571584631442875e+00,-9.881555699922487390e-01
4.445540841997168147e-01,4.666354252277481685e+00,5.887737329528891728e+00,-7.991217976838601578e-01
2.144080682177439634e+00,6.049754273336215293e-01,1.658894840487217914e+00,1.292085696874388567e+00
2.180585451807145247e+00,5.107796847582847244e-01,1.126500930239181075e+00,1.005664198472512094e+00
1.477229450953400969e+00,7.878394546701941170e-01,5.466976064097096355e+00,-8.479059790127402296e-01
3.887084159637371195e-01,5.056857852381679841e-01,4.250688407416324033e+00,-1.759832963389920402e-01
5.163792815283353654e+00,3.800276777046506016e+00,4.659436501826624166e+00,-1.959633606261511574e+01
8.471794863551231458e+00,2.998585496580461474e+00,5.312288750566068529e+00,-2.096776933177176261e+01
4.487929607824034939e+00,1.031663799306545282e-01,1.682645493404241854e+00,4.601103278111989825e-01
8.509538559817244163e+00,8.369725016410104468e-01,1.247227004122764660e+00,6.752651907551385335e+00
1.563691362823361741e+00,7.259950595499359061e+00,2.122331290627788025e+00,9.669013488205759899e+00
1.839495054943029562e+00,5.820648261761705022e-01,5.791335308736571541e+00,-5.056485299583246551e-01
1.187472434218306977e-01,2.084640416551131192e-01,2.918964855990002327e+00,5.465635118713917107e-03
1.171936415699834644e+00,1.173206911334302882e+00,6.181740677814704377e+00,-1.392395393419322003e-01
1.351243562593940517e+00,1.972864097958007545e-01,5.251273612935912105e+00,-2.288024175003770255e-01
2.154847446299829716e+00,1.097157095127309773e-01,5.879979306718114529e+00,-9.276418183773063597e-02
8.818715009031571128e+00,2.988946220395130915e+00,5.569677025755381372e+00,-1.725149052246815629e+01
2.156095550380391579e+00,9.408153151581583273e+00,4.509544098888597752e+00,-1.986898486929614904e+01
6.198850633550695655e+00,3.762417787367594357e+00,2.192700573745372861e+00,1.895597591515868174e+01
5.477232386489552241e+00,8.500188056697274286e-01,2.950198678960628929e+00,8.856522499562264894e-01
4.386419816004203831e+00,4.546050511958793727e+00,1.858315054385246134e-01,3.684353616422464395e+00
3.282520225336037711e+00,2.410642210093646431e-01,2.319700570699072095e+00,5.795747517287833661e-01
7.176637191499738444e-01,1.360334727118289955e+00,1.238372116554230962e+00,9.228164075909781605e-01
1.961567484359741376e-01,1.175630296881586684e-01,5.555786362540496626e+00,-1.533378573738112399e-02
3.886134555899840026e-01,2.941940849435495942e+00,8.859064113212262725e-01,8.854557252446174642e-01
6.743654031746762811e+00,3.667968584330187354e-01,8.349475683253363908e-03,2.065261490717627477e-02
4.566893079079825113e-01,6.753003986365424538e-01,1.483797384112651052e+00,3.072360868558007829e-01
7.986107852265691420e+00,2.399627388211361456e+00,3.310212557919208209e-01,6.228369690177162354e+00
2.635460917833664096e-01,5.563499307010376649e-01,2.950815030704788011e+00,2.780317610461478448e-02
1.168362340815204126e-01,8.602362570542201325e+00,4.939651644320054658e+00,-9.792241389937725859e-01
1.155531438830559754e+00,9.931170978971522345e+00,2.083508692970057918e+00,1.000019213883316205e+01
8.970304068521540719e-01,1.044747110636264020e+00,4.000020204062598062e+00,-7.092649146679169680e-01
1.611521774422644826e-01,3.053519389295872966e+00,5.764437129402709026e+00,-2.439706568215077864e-01
6.399814471203555399e-01,6.264733998258000369e+00,4.906594551390945469e+00,-3.933943622548303765e+00
4.577092378507501280e+00,2.980488554780962307e-01,2.467440542058533026e+00,8.515797953665359410e-01
2.411303684973477857e-01,7.225348765158329911e+00,3.646430518268909404e-01,6.213143039868227469e-01
8.993069026602424909e-01,8.691565873173833223e-01,3.329206186979232651e+00,-1.457871824952770845e-01
2.142104408897447243e+00,6.725488456628220257e-01,1.853830945710587930e+00,1.383349023610741302e+00
6.241131263326726852e+00,1.600200682106415750e-01,2.697627903465620758e+00,4.289675267513564094e-01
7.578759637727180198e+00,2.772339240020603723e-01,5.655572198564688513e+00,-1.233789893064073384e+00
2.879346280655381007e-01,3.974187978626104290e+00,6.236837700091104608e+00,-5.301687483000550039e-02
6.812886942099598997e+00,1.352529863080134398e-01,4.239885966584463262e+00,-8.205003354643307656e-01
8.280923548845647852e-01,2.854566629423068158e-01,1.599921760445712993e+00,2.362842259207433571e-01
1.090591460461827422e+00,7.416857788155962972e+00,4.440801033090845173e+00,-7.792277312348256046e+00
1.662990637217678924e-01,1.533625852387241917e+00,2.206480940630226595e+00,2.052223034603611607e-01
2.941402261647841687e+00,1.456209164033776204e+00,3.565318883902785618e+00,-1.761120339613216457e+00
6.271117076685953640e-01,4.687226519794082114e-01,1.378402973260561160e+00,2.885180713265465546e-01
6.235916407420921681e-01,2.141427472290686307e+00,4.488464376814794932e+00,-1.302036560773543350e+00
9.187365987681219703e-01,5.195219119178884348e-01,1.755707173827158130e+00,4.691670276425687902e-01
1.158497782762520023e+00,1.041869041428673537e+00,5.622145745750881218e+00,-7.410247096543977063e-01
6.612220303730789173e-01,5.892680767969119771e+00,1.127340448765855180e-01,4.383237702707009076e-01
1.332388577060238832e+00,8.459527385708677016e+00,6.131734736501238459e+00,-1.700538187406785084e+00
1.309661596942296891e+00,1.418616818655345169e+00,2.558788893905154627e+00,1.022531271781474516e+00
3.318594866593959747e+00,4.755481062586677798e-01,2.437123853481133473e+00,1.022056949070844656e+00
2.421164106510949932e+00,2.133803696296291630e+00,5.999536175122674564e+00,-1.445841848251025130e+00
2.866621380442613831e-01,2.348036854244959226e-01,5.524842000574634149e+00,-4.628994774466092810e-02
1.188105944886084647e-01,5.214781814535084381e-01,1.974138683972299191e+00,5.698533780719202552e-02
9.612799956120808176e+00,6.231562230558013171e-01,3.656363688354290209e-02,2.189774812246144398e-01
3.526796608185581938e+00,1.451412949610284109e+00,1.757607392831443960e-01,8.950657641332490089e-01
3.788376671702041731e-01,7.705579081219928739e-01,1.094779262529596897e+00,2.594631775901915516e-01
1.738807088670973611e-01,2.613859194783700324e-01,1.510777467703614096e+00,4.536813215675199878e-02
1.208432125373193333e-01,9.699466474041775754e+00,6.018740998816702437e+00,-3.063590550409409641e-01
3.543030860795008508e+00,6.175866163221248151e+00,4.393898339632955619e+00,-2.078085559177348429e+01
4.395063059938520311e+00,3.397556248830006509e-01,4.601780248944399077e+00,-1.484122293345068178e+00
1.970509342179827816e-01,1.057717161822022245e+00,5.208574604585937351e+00,-1.832892194196345803e-01
7.666465737007105652e+00,3.385750686327509973e-01,3.643935028254448483e+00,-1.249764803176991679e+00
7.224679967801584723e+00,2.762149792583737939e-01,5.024340545111313894e+00,-1.899251714898803955e+00
8.822397036811558735e+00,1.572651981476227645e+00,4.729888854805767984e-02,6.560066104693664801e-01
1.687001596954043281e+00,1.619989753725018800e-01,3.558074458560410935e+00,-1.105592663065230047e-01
1.523759496077316422e+00,5.402727006255910736e-01,5.929463212761988622e+00,-2.851655931354216689e-01
2.997085718027727275e+00,3.567916997880314911e-01,3.344718441300156275e+00,-2.157189742011670075e-01
3.660953657159582875e+00,1.630215616459310124e-01,4.798449016242416931e+00,-5.946056439649287650e-01
1.059307172809450109e-01,7.488965601457201471e-01,3.789809191870772143e+00,-4.789742393263272946e-02
2.024129022353602814e+00,9.409476203011646334e+00,2.706369535811198324e-01,5.091856179905826174e+00
1.420482578556849562e+00,9.565048568296164788e+00,5.855077250153586377e+00,-5.640641463473449413e+00
6.648656759389865556e+00,4.762588911694986216e+00,4.447589323243664516e+00,-3.056114021204886200e+01
5.288737654116223430e-01,2.451672756010966348e-01,6.135759425643380283e+00,-1.904644513081966972e-02
1.782975230826044089e-01,3.416585390808285716e+00,5.271676121031675377e-01,3.064651722256985233e-01
1.747963622045442200e+00,2.249697044913812061e+00,2.465296237597542017e+00,2.461317068281967391e+00
3.089766469959904782e-01,1.233604090907867573e-01,2.845042775918094513e+00,1.113819968555820362e-02
1.511816004760864640e+00,2.169744722971610196e-01,6.026735944362409114e+00,-8.320288829852751089e-02
7.649309813908701017e+00,4.546290039821857532e-01,2.131582140869434205e+00,2.944960259570532646e+00
1.994519502970672209e-01,5.093853356272016741e-01,4.416312787748259083e+00,-9.717724161187772658e-02
6.028258248164735100e+00,3.220716784329177851e-01,3.373259448270299110e+00,-4.457757852787148090e-01
7.331689413960573720e-01,7.274768453699598236e-01,4.036287413059706175e+00,-4.160331341310140041e-01
9.664608723957632819e-01,1.507534285977187860e-01,2.940213452998497345e+00,2.914249578558860201e-02
2.923034516470060407e+00,1.766992051459983060e+00,3.265729424260316094e+00,-6.395183360942684470e-01
7.994351761113347443e+00,4.915176766748370341e+00,1.757165346439902187e+00,3.861322364058776202e+01
3.004933297323852393e-01,5.220183964857156411e+00,3.638540210191974378e+00,-7.478360048812938699e-01
6.251533501271797633e-01,1.932216524220992326e+00,5.892334912113219580e+00,-4.601915313204471558e-01
4.304948799562018813e+00,4.403000095158070559e-01,6.006397321945007306e+00,-5.179697027935762366e-01
1.847222772598603902e+00,5.303188209123695929e-01,1.575973645814827684e-01,1.537467759642954512e-01
1.700653092404529332e-01,1.594185177390242902e+00,3.693752747768585643e+00,-1.422075965544089271e-01
3.007826137553103685e+00,1.034726084511089911e-01,2.556265909445870843e+00,1.719444699488407169e-01
2.913658270460896205e+00,4.154052173564894423e-01,3.904795119663709624e+00,-8.366405339173585975e-01
2.907314711476833402e+00,1.274861980020599361e+00,3.227063353170771531e+00,-3.164051722465744954e-01
5.256560712768788557e-01,9.079670727577107137e-01,1.945090880229196184e+00,4.442344043851213509e-01
8.155448940698197813e-01,7.674384400775309256e-01,3.719534842775060302e+00,-3.419194540577208952e-01
2.245746812773336543e-01,1.123625206493881340e-01,4.150314350347910075e-01,1.017473078558589830e-02
6.413895854850281131e-01,1.328690895954774742e+00,2.757939287785912352e+00,3.189907938036543045e-01
2.640689952540885344e+00,3.419364607014145907e-01,4.749456947855342226e-01,4.129093098833515052e-01
2.315214809248866246e+00,1.618083815111158730e-01,1.831556810192492835e+00,3.619567905435598920e-01
4.007826542847610973e+00,9.581919441867959852e-01,3.158888564666591403e+00,-6.641760682417527373e-02
3.503923294721176807e-01,1.441185031605983491e-01,3.221384920804950980e+00,-4.025077027401271525e-03
1.606587694186127069e-01,1.645606657105920467e+00,3.988588139469401384e+00,-1.980992256712551247e-01
9.641068573120589180e-01,1.914423438975899616e-01,5.731384668419130524e-01,1.000875565295464981e-01
1.176384028051070674e+00,5.410469898309663961e+00,1.069760312172779448e+00,5.582464704444891623e+00
6.860750358020256678e-01,3.391409345377254247e+00,3.713435549198865981e+00,-1.259202879571124756e+00
1.371431891077642129e-01,1.097613240364984644e-01,5.105843533378195964e+00,-1.390281935900680894e-02
1.627332599952098446e+00,3.345126889077425503e+00,4.901814143892066156e+00,-5.346261773247127813e+00
2.952582297304526260e-01,3.611229111837996886e-01,2.192351529221630457e+00,8.668293911425022091e-02
1.533144171507037745e+00,2.168515893231347746e+00,6.123816743393689421e+00,-5.276042832387994874e-01
1.086744176822057040e-01,1.218065382997924467e-01,1.549871820897977592e+00,1.323435685900834803e-02
1.504105943176620996e-01,6.949671197103443276e+00,4.389473329683220904e+00,-9.912768118096837444e-01
2.882124594941213314e+00,5.307515408700299586e-01,6.202970174228862987e+00,-1.225729054405335361e-01
1.560735418986085310e-01,6.652146516911711105e-01,3.601813105255273761e+00,-4.611226853525937641e-02
1.717162987849882194e+00,1.023140895140613321e-01,3.850009958939833332e+00,-1.143096379867690332e-01
1.444757494670493858e-01,1.577384293164535156e-01,5.240209456297955981e+00,-1.968789941203715962e-02
2.125765361742922632e+00,4.257029607288207451e-01,1.836882765482133806e+00,8.730972393049403202e-01
3.542075446985102349e+00,2.868137864545969418e+00,2.738824167954614808e+00,3.982053620490969337e+00
1.097607373990431706e-01,7.207049172788165814e-01,1.578208418878823238e+00,7.910293019564268446e-02
4.938893706157538865e+00,4.444585009978093137e-01,3.875128787471751490e+00,-1.469642829959239005e+00
6.184169579289984675e+00,5.863455291695857108e-01,5.599545442222170877e+00,-2.290288914283991506e+00
1.105005791492820189e+00,7.786521377000561017e+00,2.797716219714257768e+00,2.900795827745597411e+00
4.227917253964786903e-01,2.754890243704343211e-01,3.376019419171400138e+00,-2.705532915245602646e-02
1.695461197465002900e+00,6.076366723093447053e-01,3.589523116580775497e+00,-4.461913161352289436e-01
3.006050505455726718e+00,1.305546418476257742e-01,3.523448583969458703e+00,-1.462453227928164068e-01
5.017261302190427763e+00,1.419962245069124329e-01,1.080497721799104360e-01,7.682843678616899097e-02
2.074976789192364557e-01,1.018428027846458139e+00,1.164311283831162003e+00,1.941021873804218700e-01
8.856074036975440933e+00,1.945673061591301822e+00,1.154097754759117134e+00,1.575656854889966141e+01
3.117407236890153976e-01,9.192222055977040895e+00,5.812235885779256428e+00,-1.300211452762119357e+00
6.525908607379333759e-01,1.346651730492724741e-01,5.257009705302497338e+00,-7.516693887048501999e-02
6.740441451618925939e-01,1.840326328040659432e+00,2.946798683559743726e+00,2.401091322912170534e-01
1.787251684036798294e-01,2.722287805336886191e+00,5.154314724791468905e+00,-4.397991906340892321e-01
2.611847443117391587e-01,1.638467936953274195e+00,5.911643966833679542e+00,-1.553655152524274774e-01
3.886371426278306007e+00,1.979708786353146233e-01,3.083305906976029576e+00,4.481975664403883841e-02
2.400558417185924664e+00,1.001139660497009504e-01,1.773603007911350504e+00,2.354039004305013005e-01
1.363300890817530919e-01,1.587801610881978132e-01,1.967049016691083008e+00,1.996920732170433602e-02
4.552063908202664266e-01,3.685084863451292936e+00,2.466490850566343873e+00,1.048382431721768926e+00
1.436891806912861780e+00,2.364032974318072799e+00,5.491582408961853012e+00,-2.416799551139967583e+00
2.842178016624618553e-01,9.613988951785312764e+00,2.426985800840551377e+00,1.790641521699080085e+00
3.056040281840942008e+00,9.985731148872739604e-01,2.193608994119374600e+00,2.478699283158442235e+00
1.583886066480819199e+00,1.412755174673236969e+00,5.939034738887434273e+00,-7.549745089058641501e-01
1.671800008764810830e+00,3.627318132653084559e-01,8.126656146239696898e-01,4.403316330094821374e-01
1.564644412612755664e-01,3.784148770226744563e-01,3.993183496947461553e+00,-4.454427348216018906e-02
3.549474137825242570e-01,1.926603734755324426e-01,3.674993531784692014e+00,-3.477100419149026234e-02
2.063117670789768598e-01,8.216419676382077375e-01,1.501072274666722217e+00,1.691025307997909011e-01
5.358851180137375048e-01,1.439381129143875448e-01,7.232652235238592464e-01,5.105024909401295607e-02
9.070999520270630612e-01,3.712212741989975306e+00,5.982312836772549325e+00,-9.979256918500928331e-01
6.682673181055823974e+00,4.646266032116161959e-01,4.934923223879245313e+00,-3.028383669772467091e+00
5.258465020468061191e+00,9.137875100620055369e-01,2.173003078598588100e+00,3.959839432977427798e+00
2.233343406649812124e+00,1.294261940222350304e+00,3.339506547223916488e+00,-5.683489295603311175e-01
2.073758343810571336e+00,3.365793996903088670e-01,3.661337702781184422e+00,-3.466601131646743217e-01
4.827060846528508642e-01,4.839389329555330299e-01,1.403002343475690195e+00,2.303194890236883452e-01
5.948931277942142160e-01,3.365152712925507106e-01,3.969729232386817408e+00,-1.474749287739229309e-01
1.493684003362503177e-01,1.219932809190817785e-01,2.598194858950334307e+00,9.421606168762940159e-03
2.874319742382741016e-01,3.952245297808275049e-01,3.524874324532156766e+00,-4.248260436371670973e-02
9.574712877508138931e+00,2.995601785844205445e+00,9.217994200732427812e-01,2.285069717567526837e+01
8.271218456325218904e-01,4.585650420860435617e+00,7.356306188075104613e-01,2.545238272169439320e+00
3.303095035064333107e+00,3.482677835140539635e+00,2.732576468516749735e+00,4.575066922495899746e+00
1.388193903203408519e-01,5.863157238788633485e+00,4.118404291217854230e+00,-6.745094010044239141e-01
2.534771862831569078e-01,5.356678533727410318e+00,6.164379894368212653e+00,-1.609342759369054299e-01
5.698546528635007880e-01,2.618792948793779440e-01,4.244432933257676233e+00,-1.331893942641968476e-01
2.379292843421096648e-01,1.722550120648533578e-01,2.368634263994456202e+00,2.861768322789409041e-02
1.708708282143720059e+00,1.001751444839037219e+00,9.456269166468604936e-01,1.387956688728218424e+00
1.202672667945327456e+00,4.459134726960497730e+00,6.104364743569806961e+00,-9.538903717766084034e-01
4.653051531220115944e-01,3.121388920585961291e-01,6.150979885402740877e+00,-1.914560767578148137e-02
6.667090062256324501e-01,3.274098359969161987e-01,2.752480920527855535e+00,8.281085141947115702e-02
3.084207593567695471e-01,1.204869050342516762e-01,5.856127601033023211e+00,-1.539174426156875858e-02
1.481519275090269261e+00,5.982640643256550206e+00,1.199326888577183947e+00,8.258869120980575573e+00
9.706275732645222476e+00,1.033159782482351075e+00,2.217441028669820735e+00,8.003552747910358534e+00
8.234814349470271466e+00,8.745187043929145698e-01,4.942682442126639764e+00,-7.011375639623548039e+00
3.255569730900191860e+00,6.017436426799694926e-01,5.341806674296681656e+00,-1.583612544988010962e+00
1.581709763486553177e-01,7.198904169940630871e-01,4.255670607559245866e+00,-1.021950458903719411e-01
6.406163677285339197e-01,2.795171115136346751e-01,4.993143475309715917e+00,-1.720523121648296350e-01
1.523467293259503919e-01,3.951378513607549103e-01,1.701250301108375940e+00,5.968645367408664804e-02
1.939116317809471135e-01,9.035083723439566450e-01,2.656249851578476040e+00,8.173319757986280409e-02
2.162380068334160743e+00,4.241207768977678150e+00,3.497518378644853265e-01,3.142613126006331026e+00
3.187478325641321941e-01,3.171643064681315405e+00,1.558996999793970328e+00,1.010883978736843769e+00
4.811682684914124764e-01,1.662009941032705607e+00,2.156659472196349903e+00,6.663435177263047349e-01
1.688323256682331686e-01,2.429787873747367710e-01,1.320524359968499484e+00,3.974461647033836198e-02
6.487781165836783437e+00,6.342835916179162759e+00,2.996906265839892836e+00,5.933227764592543529e+00
3.325575442737381815e-01,3.854932214009129110e-01,5.802221025996308512e+00,-5.930910270856943473e-02
2.199072882238162774e-01,2.957786162464406399e-01,6.261603922610899708e+00,-1.403627881994182506e-03
1.142713182358109814e+00,2.626872093456254498e-01,6.016242165117199114e+00,-7.918168742872326582e-02
1.537453926570073737e+00,5.225911649919115831e+00,2.374273807337378805e+00,5.577681752796709524e+00
4.787830208620095007e+00,8.270398875285318585e-01,3.738506846607311473e+00,-2.225734432102195903e+00
9.016122219693745166e-01,4.931115892051953331e+00,4.052851239293237207e+00,-3.513529094428368804e+00
5.347951175249607836e-01,2.350843431804473305e+00,4.631241414553644020e+00,-1.253082510453012333e+00
1.031083472324655137e+00,1.259738134080752969e+00,5.610983911049893358e+00,-8.088349888334582793e-01
9.548247187094245803e+00,2.002554332736481868e+00,5.947106838483519065e-01,1.071284099955524205e+01
2.184024358066686045e+00,5.140269297414231664e-01,6.058916113090134559e+00,-2.496699386591626213e-01
1.937202109163607577e+00,2.152624801602420757e-01,4.235307631548224094e+00,-3.704434843732444804e-01
7.932474379577444168e+00,3.652933668913672660e-01,5.369542225370003585e+00,-2.294193215521044049e+00
1.425094032514828135e-01,1.817906154032824517e-01,5.451888071947793790e+00,-1.914015832811605256e-02
3.644038926181878413e+00,2.357546711853700572e+00,5.495118533587279863e+00,-6.090938178497634858e+00
9.236660163650948219e-01,1.009539564918428889e+00,4.496303626660245634e+00,-9.107919378901986329e-01
1.809699268907001946e+00,2.684622203062744017e+00,3.081973456534781164e+00,2.894798915605363843e-01
2.463283590374840404e-01,2.039418640707031105e-01,4.043424517588248612e+00,-3.940887000023943210e-02
3.631385198204899023e+00,4.918703224367885762e-01,4.475920825359568589e+00,-1.736464059067816645e+00
4.321020973151994959e-01,6.668617704860949624e-01,3.087415558569939655e+00,1.560362251391632545e-02
2.622826955578651198e+00,5.659446048448865119e-01,5.083831862131993340e-01,7.225424900752563939e-01
7.529168853848642318e-01,1.416325450007559217e-01,5.513028902225103778e+00,-7.424611849566703503e-02
2.444480679348597640e-01,1.138779859351174012e-01,4.389187720453797681e+00,-2.639593937525475803e-02
4.766300825901772065e+00,1.859840047442283262e-01,5.606736849131035427e-01,4.713789080461640024e-01
1.141949416334473583e-01,1.408367740048461769e+00,1.230380005966484669e+00,1.515994500265255840e-01
1.309341536298771480e+00,7.397391312676742103e-01,3.872190664428250439e+00,-6.463422044690385615e-01
2.639128762631250069e+00,1.035183193382734901e-01,2.221852686994922887e+00,2.173138646385088801e-01
8.172196621853490273e-01,1.435837197661550491e+00,1.681940126810417047e+00,1.166154409396496172e+00
4.457862257734721112e+00,1.603174707305538238e+00,2.277603261269478541e+00,5.434656283527652398e+00
1.125471261547525414e-01,1.257317517111759819e-01,8.000863799906041685e-01,1.015197635745159442e-02
3.861193490654378224e-01,3.028894118317223327e+00,5.264387092337611485e+00,-9.958164809447722643e-01
6.206323192629218610e+00,1.703415356455772356e+00,5.286167754425015630e+00,-8.878910590199346586e+00
4.744366728083158624e-01,3.400823845236361720e+00,1.804780570082555213e+00,1.569508908206265207e+00
6.711081317690283932e-01,1.260609616048581072e-01,5.946024905251277914e+00,-2.798659406024727250e-02
2.399492329780994471e-01,8.819019677851266392e-01,5.408518726874680244e-02,1.143947941662547610e-02
1.365819247141478732e+00,2.130081949818747766e+00,1.865863416461953861e+00,2.783574344400909784e+00
1.266209213423422408e+00,6.025651187444605483e+00,5.562337209531226234e-01,4.028434787673021766e+00
4.215541867461194414e+00,1.011273723049903817e+00,5.262602532572402403e+00,-3.633892986462691432e+00
1.476299717283275359e-01,1.077422494913530399e-01,1.701284080686085165e+00,1.577076124782406108e-02
2.514720594641129736e+00,1.182678297567872905e-01,4.437652682901910062e+00,-2.862566915458087391e-01
2.546783676184805500e+00,1.051519557176251313e-01,1.047868442029231018e+00,2.320107631967205097e-01
5.390153766905705357e-01,6.743643271525873173e-01,5.263729579061239505e+00,-3.096314932265523678e-01
2.241418271270201767e+00,3.125953475836887874e-01,5.126225908593713854e+00,-6.415107173347459613e-01
1.344535489063777844e-01,6.324600351155797995e+00,6.029433582476884546e+00,-2.134733261345961586e-01
1.387221136205700089e+00,3.799494880359502780e+00,1.515866633185027235e+00,5.262789978577936623e+00
6.454874909114410642e+00,4.459823576159790193e+00,4.821418680801890844e+00,-2.861666676965610279e+01
1.598546167312153710e-01,4.562566154527850415e+00,5.269732676450012976e-01,3.668029930311504927e-01
8.181169412908070981e+00,1.360397275059644639e-01,5.903892425369746455e+00,-4.120901911385140837e-01
2.174785179196189855e+00,7.090033888768405568e+00,2.849557197452504465e+00,4.439248948819108698e+00
4.169784644696805653e-01,1.854203388973300337e-01,7.410077697031520749e-01,5.219095128280324541e-02
3.890724938985752335e-01,9.860705742680604402e-01,1.541648366558032723e+00,3.834899725731996112e-01
7.891638835565726318e-01,7.292868627063832321e+00,3.384494511724630339e+00,-1.384258951237277824e+00
4.316271050159568023e-01,4.382680689542798880e-01,3.638993311604281078e-01,6.732898260669044344e-02
3.619316120876113763e-01,9.384000874815821014e-01,5.369692402212337790e+00,-2.688708711644357541e-01
8.865206397509693304e+00,1.238359872430471603e-01,5.302363627364753640e+00,-9.122484089941623742e-01
1.317787325105607366e+00,6.808336526551886925e-01,2.732721015699319800e+00,3.567011970586639324e-01
1.947506381861501823e-01,7.407367697795981698e+00,4.372587179395623025e+00,-1.360103386904313982e+00
5.114761612093913890e+00,3.311320783556082059e+00,4.996882396190157061e-01,8.115212277511107075e+00
1.153632637307922398e-01,8.180015484071249787e+00,3.669159745637153414e+00,-4.750760050876056129e-01
2.213643842125525840e-01,2.149075072215220761e+00,1.695952329357070187e+00,4.720076280520072443e-01
2.697802366922773754e+00,5.350111753937971670e+00,7.720211766406501752e-01,1.006862158873109436e+01
2.110637007004406929e+00,7.833718273833239820e+00,5.431548012896119992e+00,-1.243962206902379997e+01
1.049068799362222082e+00,4.061489640367635268e+00,5.759980565954741394e+00,-2.128936899608424582e+00
7.073959666599013429e-01,1.079761926781000470e-01,7.231653311209503832e-01,5.054658389320530049e-02
6.470285599152250988e+00,2.932436981212055205e+00,5.790465871347225679e+00,-8.975009995015829745e+00
4.515343296779414928e-01,5.388493172288993271e+00,4.035192454820814234e+00,-1.896185758798059062e+00
3.204333038826840507e+00,8.117333357461794519e-01,5.413076710756751453e+00,-1.988250571331588112e+00
6.691382568935996034e+00,1.631368991446568717e-01,1.170832068834058548e+00,1.005455877242659390e+00
2.144341064788817697e+00,9.310026290918347769e+00,4.212180429131142212e+00,-1.751794919820742180e+01
2.447934756681875434e-01,5.383240628840768593e-01,4.097093961451895860e-01,5.249290347884073837e-02
2.850842100976833660e+00,7.658764741460216463e+00,2.178430855556041656e+00,1.792567369294481949e+01
3.628945003697412464e+00,3.397470945965354039e-01,4.571299492167155698e+00,-1.220672426442024561e+00
5.649817747666046053e+00,2.424156611910142367e-01,1.407558086190471514e+00,1.351397055726811791e+00
8.937001174271963500e-01,4.139932586116489510e+00,2.680496188429424720e+00,1.646179147864565095e+00
2.507327437745733523e+00,9.771786672977232913e-01,3.566805444508404754e+00,-1.010704942534358608e+00
1.382151334163952860e+00,1.164057230294828632e-01,3.396800780980489431e+00,-4.061624786093994549e-02
3.170087626816019410e-01,2.325747990679732924e-01,5.829908015189086079e+00,-3.228664885083459141e-02
5.019777516276723306e-01,1.475236200425362187e-01,2.166699898746498043e+00,6.128982685067438374e-02
2.746071230559802512e+00,3.638017192382466680e-01,3.787168654614957219e+00,-6.010722655043040374e-01
3.461099615373122163e+00,3.158464064674142979e-01,3.213896153093809827e-01,3.453182207258875813e-01
3.719336343830204616e-01,1.260063630436687010e+00,4.958781875908992554e+00,-4.545058225422539122e-01
3.954264549990517130e-01,1.100975342021353276e+00,9.528868177624980618e-01,3.548539021518541947e-01
6.590045380412494769e-01,2.636078532286964649e+00,1.633300052994072438e+00,1.733795470666057215e+00
9.525275744937504729e-01,5.566432571136532559e-01,5.456042591770061456e+00,-3.902405121186569570e-01
1.460342616984086961e+00,1.837607545904379691e+00,3.307865760701266034e+00,-4.441468146106718473e-01
7.586116866936837511e+00,2.294136239123865995e+00,3.123639690714270500e+00,3.124291427675205401e-01
7.454044150158687376e-01,9.030527424832818228e-01,2.913247820033663782e+00,1.523756486529394827e-01
1.459922753794180295e-01,2.783691726702878011e+00,5.299986230352653038e+00,-3.382345010286741949e-01
8.509219955581647232e-01,1.963125319223093523e-01,1.016045284609482291e+00,1.419949324754346820e-01
3.499635117550954355e-01,3.422454202802892365e+00,4.994799793717138670e+00,-1.150287537497867829e+00
4.926288835154992163e-01,1.922550776912348880e+00,1.698152079736218178e-01,1.600607896650010353e-01
2.646512037191479649e+00,1.693531041048896846e+00,5.585740923438724970e+00,-2.878581614545158818e+00
1.097937781611147079e+00,2.105182532447110177e-01,4.448607119684481859e+00,-2.231411427445776086e-01
3.576398484066172778e-01,1.112657685723111023e-01,1.790851132691911318e-01,7.088315872172582834e-03
8.518225877937501522e+00,1.529782150250086625e-01,9.799558032782873518e-01,1.082191525074410965e+00
1.541339629391788479e+00,1.191732060428233597e-01,5.719997170013329857e+00,-9.806734320127424853e-02
5.297673309674193476e-01,1.592845996557659571e+00,9.435734986171906424e-01,6.832221517451154691e-01
3.312917706611422819e+00,8.471774001784156738e+00,4.922442947640332633e+00,-2.744938359042406262e+01
1.179496132607221970e+00,1.947493941977691545e-01,3.607816817550813515e-01,8.108758262759388491e-02
3.661760135412981398e+00,9.950525245103554184e+00,1.674686303359593120e+00,3.623998191270296587e+01
4.961586237911709496e+00,5.287960422997979748e+00,2.743327768592522364e+00,1.017509577575111912e+01
5.573118233532075028e-01,4.915234184778796145e-01,9.745243386233435334e-01,2.266607333340935615e-01
1.518546623880148438e-01,6.440220873672148905e+00,4.010051002952008226e+00,-7.465234611048741087e-01
6.223457520553005828e+00,1.406954496970559187e+00,5.747718566869174595e+00,-4.467745399453948885e+00
5.129980977833699995e+00,2.715798652054342011e-01,8.230880446360362424e-01,1.021562268574143673e+00
1.917225130879032680e+00,1.751525662102245418e-01,9.329557010976696763e-01,2.697817089914577582e-01
3.859698455959023611e-01,1.906594531710779639e-01,1.903314736737647506e+00,6.955784597225625476e-02
2.931334863683810465e-01,2.064687538055772487e-01,2.538703363342643460e+00,3.431798527656198389e-02
1.070398425388143115e+00,5.254537526502383038e-01,1.634908212523089599e-01,9.154547463385738493e-02
8.578791167567387799e-01,4.889519797608595786e-01,1.652436726858978189e-01,6.899838187234912101e-02
2.288732429913711841e-01,1.632234213306416604e-01,4.512656822484578889e+00,-3.661479802958864105e-02
1.120421251314907135e-01,1.144665718128978077e-01,4.553187923060975528e+00,-1.266289528919789867e-02
1.469270580785489333e+00,5.164750145565346617e-01,5.127184319539811463e-01,3.722481540120110011e-01
2.669465929197136322e+00,4.574471151669087909e+00,4.546685871849232008e-01,5.362812281807582515e+00
1.336390459960198784e+00,7.731723489750064182e-01,3.811426757837208523e+00,-6.415057083602809795e-01
3.094880724221140689e+00,3.241431486994489908e-01,4.280340087416560024e+00,-9.110014876826361130e-01
7.641998653901810323e-01,1.105304896103406070e-01,3.560021870620066142e+00,-3.432126827315022666e-02
3.721745905682222189e-01,1.124009952171021315e-01,5.024999044903214696e+00,-3.980533052173327452e-02
3.354462278382450702e+00,2.163551437613298878e-01,1.229613240389298312e+00,6.839222499625593477e-01
6.970651080765074559e-01,7.659258182070369791e-01,1.854559696271963709e+00,5.125487518203432069e-01
3.326974188226998308e+00,2.076469500505965238e-01,3.858581922537148934e+00,-4.539609385363511662e-01
4.484843674524516266e-01,1.129950912570713700e-01,4.788175976249645416e+00,-5.053106706638599982e-02
1.434120257467496606e-01,2.832993430417145575e+00,3.526316658193835440e+00,-1.524802362127222199e-01
3.750414766507916831e-01,2.755985476863984651e+00,2.705230979165289984e+00,4.368494855953396483e-01
2.621415870675028348e+00,2.168770216005918017e-01,1.689133702321129693e+00,5.645487740433142720e-01
3.412148105607852866e+00,5.319131197127793698e+00,5.908619903600231815e+00,-6.640382863586813400e+00
9.695802590137899912e+00,2.453940924363073872e+00,6.191386266681604411e+00,-2.181101453508674570e+00
5.167870142198346395e-01,8.149011225869152497e+00,3.897033786401859601e+00,-2.887311010969073610e+00
2.847034817295029718e+00,6.171589736841266438e-01,1.827257840716187909e+00,1.699605554518285100e+00
3.276645446419196306e-01,2.663388107645998648e-01,4.407278501837344820e+00,-8.323912284987902699e-02
2.576261221811548818e+00,9.877909354540776121e+00,5.419621776083399567e+00,-1.934467796320523192e+01
3.768696393231568131e-01,3.416363533684646514e-01,5.444165388890803037e+00,-9.579029423253998532e-02
1.379544193267703556e-01,5.989195920919109462e+00,6.221174981754414191e+00,-5.120233677513057191e-02
8.843595951520261123e-01,3.658728539397536395e+00,3.831903834624748484e+00,-2.060376321177417314e+00
3.036169521829337636e+00,1.391543170668760210e+00,4.541355838684387081e+00,-4.163316465688129853e+00
3.754062276730885106e+00,2.413111511362182326e-01,5.676261096817427632e-01,4.870392182653812685e-01
5.105047202485798463e-01,2.502919154408878577e-01,5.985509882917434687e+00,-3.747629596354962872e-02
2.087906004653975245e+00,5.196870512193184410e+00,2.121500394072066420e-02,2.301777697799977651e-01
5.639390656592186524e+00,3.062073134116712669e+00,4.960972458156365228e+00,-1.673743419261780829e+01
4.880266355214827878e-01,6.062706017649235335e-01,1.371568176210066659e+00,2.900236608590708309e-01
2.447164223788309001e-01,1.108978473001980408e-01,4.968564146706330398e+00,-2.625289118779745856e-02
1.663081831803742139e-01,2.997749190746617387e+00,2.995456093282564236e+00,7.259737229471262265e-02
6.679354889265258777e-01,4.024593223826537502e-01,2.506150108405561294e+00,1.595518779805552290e-01
1.703698728780651261e-01,8.779287153481165618e+00,2.939672628532050691e+00,2.999689272650130634e-01
6.545901204911714899e-01,2.286006956563760184e+00,6.837923492911529566e-01,9.453301939953830946e-01
1.281263881156374518e-01,1.986199864176097230e-01,3.602792955929432939e+00,-1.132515883173885150e-02
3.390932168010473147e-01,8.099711667255830028e-01,2.104037910973936665e+00,2.365235739206855425e-01
3.173815473621796612e-01,6.950717617043240537e+00,2.293238393404884334e+00,1.654948400404750997e+00
4.726324343327136246e-01,4.571083909904473108e-01,2.207905891268342025e+00,1.736603791646239570e-01
1.472203517658087435e+00,1.740497727849761755e+00,7.829306006854401812e-01,1.807390587905606916e+00
1.396130063655546483e+00,4.154990742899899558e+00,2.249407701827127237e+00,4.515688165010057098e+00
8.474827705522359977e+00,3.018849871059048784e+00,2.592447068400394627e+00,1.335391092446839068e+01
1.218000260192279027e+00,1.345682809970772942e-01,5.996946201656355058e+00,-4.627775415833170619e-02
4.627964594712276059e-01,1.187986774103986454e+00,2.410268587034956944e+00,3.671844470191873433e-01
1.044632712369313460e-01,1.636367835062641496e-01,5.506439570543417261e+00,-1.198227145982437396e-02
2.283796158048916336e+00,2.457279704119481600e+00,5.562305865165922292e+00,-3.704126953091330332e+00
5.993506469725077279e-01,7.273878897058311255e-01,4.872898652856821222e+00,-4.303565476880138463e-01
9.272886017644900170e-01,7.687075425625442548e-01,3.774287606651783200e+00,-4.215011732921183918e-01
6.440860936361558764e+00,3.119270916422779205e+00,6.257586277428575094e+00,-5.142485662429341353e-01
1.515855073790725260e+00,2.097840446861275188e-01,1.386733259904396887e+00,3.126305676285733859e-01
1.177910167467163038e+00,5.907787994595791403e+00,4.538020655157450067e-02,3.156853796366850262e-01
4.456172422568187574e-01,7.900102847971654185e+00,3.427831813301690289e+00,-9.939785231321197623e-01
5.536003087923814903e+00,1.344003386619219365e+00,4.047558604852038444e-01,2.929990268399353059e+00
7.403956890051559547e-01,3.021102820979983949e+00,1.618229615893879814e+00,2.234295656432337296e+00
1.072727502976527358e-01,7.401930928868940551e-01,3.970834207911075442e+00,-5.855297215650059894e-02
3.269144949485143781e-01,9.707000967966694649e-01,1.746484253004350284e+00,3.124510314909341724e-01
5.276499630600937962e+00,2.313873933822566675e-01,2.519610613884522454e+00,7.113629432496237914e-01
1.463015256700687106e+00,5.870701060151093387e+00,3.583147363639591632e+00,-3.670439196697956152e+00
4.045941644654665659e+00,9.195966798402317011e+00,5.930195756269212026e+00,-1.286240364142036263e+01
1.280954794594091561e+00,1.167761234857952690e+00,4.170140095343386477e-01,6.058671009804714735e-01
1.317092614645644366e-01,9.176609884398233774e+00,6.062348933495536052e+00,-2.647484573360744942e-01
2.251433469936820586e+00,3.755579539893485919e+00,3.799405015356059234e+00,-5.169545980803366803e+00
3.563965807899977523e-01,2.561660340638102884e+00,1.983463525344173251e+00,8.363274174894029800e-01
4.646627754561243884e-01,5.336725297940570378e+00,4.441132067680754747e-01,1.065454499061160520e+00
1.484610341627950136e+00,3.818883416468148884e+00,2.123721790757062244e+00,4.824743654723336661e+00
7.435870845903757020e-01,2.512716205673771519e+00,1.175928523269800907e+00,1.724643335246214937e+00
7.144502963659919992e+00,1.172701201180159497e-01,4.411243403183485512e+00,-8.001318238365646707e-01
5.807369364476171469e-01,1.068213432307194344e+00,2.344781503123998689e+00,4.436320759261247471e-01
2.308687916471073853e-01,7.922109912729212722e-01,5.521801311296762549e+00,-1.261848796788110627e-01
6.135699969587266267e+00,6.356965799703179210e-01,1.613974160991404005e+00,3.896808203357486011e+00
1.549545228456711554e-01,4.357756827153334456e+00,5.828411890939226403e+00,-2.966112992932219417e-01
1.613381428188859656e+00,3.812672492256279355e+00,9.301923091945373256e-01,4.931707843735550156e+00
2.098944022053367053e+00,1.107802764365673820e+00,3.909695152507588922e+00,-1.615494382304061505e+00
2.118570723015811841e-01,1.361748715677890686e-01,9.726645430356350985e-01,2.384100142854301066e-02
7.520035444461574237e+00,3.609541367500886389e-01,5.545468373709876886e+00,-1.825697799517080000e+00
2.994484100959651229e+00,8.939684590796412422e+00,1.646831197731867924e+00,2.669239866818339735e+01
1.424777864645054570e-01,7.508680651729213729e-01,2.449401260046559337e+00,6.827868050064002381e-02
7.398096624381486075e-01,6.026361131243470615e-01,5.300138470915007005e+00,-3.710205755017991214e-01
3.518231779308824692e+00,3.781146707083464231e-01,6.074443430766245378e+00,-2.756760475334256166e-01
3.231886840296049335e-01,8.642200841939916556e-01,5.798963017905601980e+00,-1.300226548658813819e-01
6.857006801151978692e+00,4.060596688361667539e+00,1.439503143522335105e+00,2.760390157201688766e+01
1.973561128877018733e+00,1.503115259815380078e+00,1.839939188161192174e+00,2.859693746673077186e+00
1.957322206363317552e+00,1.636787409221981404e-01,5.633557962437865996e+00,-1.937897433762004740e-01
4.198025147855927175e-01,1.204719356653052520e+00,4.556371347564280860e+00,-4.996014042973629388e-01
1.627123459794588833e-01,1.241505892457051896e+00,5.656354323704762876e+00,-1.184942825069871808e-01
1.594243348413346251e+00,5.130077164013645552e-01,3.410666583050869782e+00,-2.174186943617459067e-01
8.789115600427263031e-01,3.327884704244967295e+00,3.983993418670331632e+00,-2.182699494344249480e+00
5.025048955696907349e+00,1.016307446334671516e+00,4.429839635688371580e+00,-4.904491047913517754e+00
1.861697475194937113e+00,4.986693120314631411e-01,3.304507677255548614e+00,-1.505774929556707720e-01
8.429671073752272870e-01,1.911888572339956738e-01,5.497545102077562085e+00,-1.139890935755422108e-01
6.856150912873154368e+00,8.448304645267887825e-01,2.313466198682462505e+00,4.266977608666070232e+00
1.459738424495651554e-01,5.336444627168316579e+00,4.507181641090409308e+00,-7.626373299516587823e-01
1.776407200321336588e-01,7.339202377384459908e+00,5.042427563642954524e+00,-1.233378074144827696e+00
8.677742874464389189e-01,9.316225968150998460e-01,5.440125497564364920e+00,-6.036461552007474918e-01
9.457986954213657427e-01,3.427245035362584402e-01,2.065343348871318874e+00,2.853101596886187252e-01
1.028107274743662369e+00,2.698466033768328831e+00,4.272103492543146253e+00,-2.509726442735220164e+00
9.194135815711443893e-01,3.751439533297861728e-01,2.050675055212379139e+00,3.059549012566657455e-01
1.602039873852756646e-01,1.727288935892628885e+00,1.023835415508388191e+00,2.363478461761548688e-01
1.857872688437905151e-01,3.263909577880296231e-01,2.487790798443167972e+00,3.688133561962315954e-02
1.318821621856622217e+00,1.865147407299337923e-01,2.543355953925674928e+00,1.385323773572242345e-01
8.558487382415277622e+00,1.255473356057897671e+00,5.111676884361557316e-02,5.490081134500279791e-01
2.333721680871603810e-01,1.128040529002017456e+00,6.342679881101567219e-01,1.560007339742196797e-01
1.421038105628815440e-01,1.515602413586710773e-01,1.960121371013071823e+00,1.992555478937036578e-02
3.267042814140576290e+00,1.603007343032539112e+00,3.643357463627117987e+00,-2.518903551016152154e+00
3.178991513584018325e+00,6.243361431317818733e-01,3.100081682855190479e+00,8.236562561969122676e-02
2.263154926670078559e+00,1.474947601205717662e+00,1.008117666244616073e+00,2.823407433256329035e+00
4.286000085533263615e-01,2.553499757538705506e+00,9.176925005558899118e-01,8.691980423098890629e-01
5.949580089468375022e+00,1.783060552610063576e+00,5.302782394367721253e+00,-8.812679590278884589e+00
5.939739583997591943e+00,1.117377733812390112e-01,4.139748064312953169e+00,-5.578162239688659874e-01
3.859807582000544635e+00,7.136343307974867045e+00,4.550768453738744057e+00,-2.718594142067800590e+01
7.572010823497924425e-01,1.738587601518733483e-01,7.974423352162525180e-01,9.420219534477501655e-02
1.264213910223218051e-01,4.109728674921731439e+00,2.900329955278521332e+00,1.241373521930813628e-01
1.705386734319573661e+00,2.314161621046015582e-01,7.972633861157452095e-01,2.823539752985250173e-01
8.410347773767741231e+00,1.936011796504337967e+00,4.825913696785517182e+00,-1.617772163124028495e+01
3.498354126930620089e-01,1.344682282370116777e+00,2.623936472945338050e+00,2.327836272340107759e-01
1.745312591242240030e+00,4.992501750492946755e+00,4.977497674848057940e+00,-8.409062399640438557e+00
4.055619048894334888e+00,1.798083520226488874e-01,1.532876298473627497e+00,7.287099471139941720e-01
1.021988966435649765e-01,7.290566219385478774e+00,1.140959732255189957e-01,8.482719526188942094e-02
1.289747299894469013e+00,3.674846079718923630e-01,5.256017624183606962e+00,-4.056346567572607920e-01
7.354639617697466214e+00,3.630010962779669503e-01,4.614949420473728026e+00,-2.657078377502326116e+00
2.121001909294443488e-01,3.971552370872981075e-01,4.270771357765177356e+00,-7.615515632982201855e-02
4.638835826196147316e+00,5.814229317818484510e+00,4.757050416561500739e-01,1.235189959700883122e+01
1.030717863054506217e-01,2.278753688355608653e-01,2.651469839013488983e+00,1.105638068538299969e-02
2.944782168072214823e+00,7.265346874115714115e+00,4.495489882625311573e+00,-2.089357081314424036e+01
4.182204342167735178e-01,6.532178757646527778e+00,1.355575067155711633e+00,2.668863638616062239e+00
3.604127780879713860e+00,2.056191557161728412e-01,3.831290545052363772e+00,-4.715508255853188002e-01
6.654661956293600689e+00,4.048282559601945052e-01,3.320319759067988374e-02,8.943282004318377221e-02
8.440756963737941376e+00,1.099913763333524308e-01,6.966992102751128346e-01,5.957513460202438216e-01
5.829220641624665022e-01,3.769667462711458583e+00,1.540440885552123218e+00,2.196410005810511823e+00
2.457714612492128969e-01,4.247084100540208240e+00,1.654005086244302092e+00,1.040200630294903839e+00
2.363699840629774895e-01,3.282765463786317950e-01,3.864719644698005219e+00,-5.134693653566062971e-02
1.048965584938429618e+00,3.263051511735334809e-01,1.906483597148193265e+00,3.231780585149793272e-01
9.088707006029668634e+00,1.451074486209435466e-01,2.416140338608555815e+00,8.750153537597493703e-01
1.895970933008329640e-01,6.886991981844090560e-01,5.709137663035544819e+00,-7.090703762322474180e-02
5.094845078057904653e-01,1.896798045476194128e+00,1.499017411067637973e+00,9.639007658781464372e-01
1.480359978455518366e+00,7.939661614416896329e-01,5.831285040032804901e+00,-5.132494479493666661e-01
2.021681510546098792e+00,9.487379957298420763e-01,1.156515796801012019e+00,1.755791195258713078e+00
3.765076043422278307e+00,2.100893756103676957e-01,2.911282786439353565e+00,1.805694278862201296e-01
3.731552601125056601e-01,3.015805671921782949e+00,3.884415741854257753e+00,-7.611622613298656415e-01
3.940672700661008943e+00,9.942969792327978951e+00,4.390628855759124427e+00,-3.717118055981193692e+01
7.658809321835180484e-01,5.628823331199144242e+00,5.879267630329489513e+00,-1.694328771505690057e+00
2.295920653330039585e+00,7.067418435196406890e+00,6.245750922348825007e+00,-6.072771550823129472e-01
6.646923298011349956e+00,1.077289429429577616e+00,4.802914363862397784e-01,3.308494675596248769e+00
6.233244781745487240e-01,1.077664336118473898e+00,4.699877249726616135e+00,-6.716819828369375855e-01
1.757118752147702301e+00,1.376452269782336424e-01,5.454146873048239641e+00,-1.783183166054816415e-01
1.397851227939586327e-01,7.098363048990196100e-01,3.275289360317347853e+00,-1.322651035019212391e-02
3.617680153917443242e+00,4.067353679413687750e+00,2.347361413590758783e+00,1.049613908999681122e+01
3.067922784752628029e-01,5.171957704707617509e+00,3.902429132768778786e+00,-1.094084813979206983e+00
1.680830769559038818e-01,2.426159285855125525e+00,5.704092885056107676e+00,-2.231724709627971592e-01
1.188648402499317358e+00,6.950562725896632266e+00,2.311326845624531723e-01,1.892609414118542999e+00
8.998731483524643693e+00,9.139114906790235082e+00,2.836969983821719055e+00,2.466664182175903974e+01
1.733662820617594802e+00,3.738482020897286429e+00,5.761462867160779489e+00,-3.230096181224420437e+00
3.108429941990313417e+00,3.074960324097532616e-01,4.045216231198229373e+00,-7.508753021327509991e-01
9.041374677066327692e+00,6.803329872488169450e+00,2.310460723936538230e+00,4.543819214762797998e+01
4.333635555780683823e+00,2.069121942893341615e+00,5.780276875160662797e+00,-4.321791311192946239e+00
1.282601446187419336e+00,9.710983451141276035e+00,9.928203964273679683e-01,1.043220573172171051e+01
5.020824368777595303e+00,4.582147075971582662e-01,1.182124778005660737e+00,2.129020258978153279e+00
9.935916889593469081e-01,1.008401349101019084e-01,6.067450728398751991e+00,-2.144801516372339678e-02
3.727870046580052388e-01,2.419379263792800216e-01,5.967725378936861169e+00,-2.798219244853276944e-02
1.418625390674816134e-01,7.200451293307803535e-01,4.846156020559689637e+00,-1.012348985126872991e-01
1.374476977844518055e+00,3.419328883315368994e-01,3.422698405838676017e+00,-1.303806810022331841e-01
1.796148197567119631e+00,1.332077776857307327e+00,2.612298371054527113e+00,1.208086515453029808e+00
5.146916864934721891e-01,1.325434672691374827e+00,1.511933925660066125e+00,6.810087279480666611e-01
3.802425101185205936e+00,5.108940385095591452e+00,2.496608053069056421e+00,1.167886014147124207e+01
2.136006981342573052e+00,7.799933114450841032e+00,1.941797530296108576e+00,1.552719720377194967e+01
3.868707069324355263e-01,2.673600187346488077e+00,6.232796858104380000e+00,-5.209661516221549687e-02
2.445529386919306769e-01,3.788715678704823731e+00,1.355043381623275200e+00,9.050601304158496507e-01
7.677773025813017238e-01,9.744491149868088620e-01,2.506477370336843258e+00,4.438610722713207668e-01
4.758424239751311013e+00,3.789743611664181611e+00,9.918862724589742053e-01,1.509486740384296688e+01
2.299215872771453451e-01,2.916688002067236329e+00,2.078931723134761267e+00,5.858801977755987433e-01
6.573501152826315419e-01,8.167698472120770603e+00,3.317308430549961162e+00,-9.385772225645956368e-01
1.792249577839531149e-01,6.206608713904604002e+00,3.133756481835705987e+00,8.716705137518055910e-03
1.314086964523146772e-01,4.412939246060527676e-01,4.424464930445011213e+00,-5.560273192223657429e-02
1.099879978990550289e-01,2.765999313678540461e-01,3.881833204316840646e+00,-2.051904408502805421e-02
