1.100338926937468372e-24,-1.899781862598970460e-03,2.308666738906870908e+00,-1.406243471129591383e-27
-4.419543873305010775e-25,2.712012224396419605e-03,4.679541580222133845e+00,-3.936334473629785196e-29
7.915685027865073291e-25,-7.582770689726480752e-03,3.904660820062994198e+00,-4.337962824031126914e-27
-9.915108552212434261e-24,-1.606757206876644958e-02,2.115744890862282013e+00,8.258307099728184605e-26
2.631615922247947683e-25,7.331295733705678504e-03,4.708278495294819344e+00,7.930400093049443652e-30
2.537947773782754663e-24,-2.196911078164188319e-02,4.381083592157978046e+00,-1.813633195323291217e-26
-1.138296666376175638e-24,3.308300214260435912e-02,1.688834182903987235e+00,-4.434786549469269786e-27
9.448205275134153150e-25,1.568481359004870361e-03,2.041148854655994604e+00,6.716130398103299552e-28
1.091607368097061964e-25,-5.337098352385393624e-03,1.424541035527766564e+00,8.490511256251451891e-29
4.023610376362185463e-24,5.962201604504629299e-02,1.440123981668750774e+00,-3.125860617942658026e-26
-3.027015882673308346e-24,4.221430481520543898e-03,3.197204558156526044e+00,-1.275858252825459545e-26
-4.526505335391901065e-25,9.499377797245594016e-03,4.765490219548929041e+00,2.282226447101552496e-28
7.961102730905007530e-24,7.022286743174885326e-02,4.338677039298649341e+00,2.040949727152462122e-25
-4.550902297519222149e-25,1.053973267949589489e-02,5.289738945880914756e+00,2.617971438690059319e-27
-6.503672624728932401e-24,3.305053637708969816e-02,5.787641823177930078e+00,1.890936366196935427e-25
-7.213854951960989965e-24,8.969186218798658183e-02,6.307609212577030000e-01,5.225230510245460913e-25
-7.002742739605219835e-25,9.523993255242547279e-03,2.225282713369101995e+00,-4.060014083798578477e-27
3.322668747387609318e-25,8.635432102220723383e-03,4.983799003817193096e+00,-7.692223853736440867e-28
-2.376895050299429267e-24,-4.575871441334810295e-03,4.847621278237324915e+00,-1.466357035445876450e-27
-1.315581941978750589e-25,-9.357522134720320031e-03,6.320209796266129665e-02,-1.228600797344391594e-27
-1.622209398414395706e-24,3.552170658377951096e-02,3.930202397461962427e+00,-4.061500183916363655e-26
-3.712612924126237145e-24,-5.813919263366807387e-03,3.712166689055121371e-01,-2.011461744474923185e-26
-3.698216488984848142e-25,-6.565198930454449119e-03,4.149476262373728574e-01,-2.221910402486606758e-27
1.977367015718824477e-24,9.760507702086224091e-03,2.716003929608693301e+00,1.757845608904012986e-26
4.847021504022648837e-24,1.026362761638666306e-02,3.896970766575211353e+00,3.621717691268905192e-26
6.088261270521767268e-24,1.896973007486102382e-03,5.848546339447396214e+00,-1.047544097294877566e-26
1.123297307942130634e-24,-1.606886545128131255e-02,3.602901007769591768e+00,-1.616335101335665886e-26
2.962322530345705574e-24,-1.008962776744372564e-03,5.201724659198047718e+00,1.404888842823034773e-27
8.651078975499048108e-24,2.083080516280436546e-03,3.938932335556536990e-01,-1.664088808291543225e-26
-1.266318247063397979e-25,-7.032424068485676472e-02,5.980279113999042551e+00,-8.499861417452050870e-27
-1.699604959613462735e-24,-2.973406534274152663e-02,3.652736943433793293e+00,4.407690118344065572e-26
-1.883216436623212495e-24,-4.024219450147287214e-02,2.840694442690612220e+00,7.237980311346604901e-26
-2.309089149547868759e-25,1.213775950593012996e-03,8.226817779316303314e-01,1.906570537415752395e-28
1.246536311534353150e-25,1.309735718618169203e-02,2.618431445529695978e+00,1.414258825436041805e-27
1.330516091707208808e-24,9.587997304601632298e-02,4.655481187699623824e+00,7.255800611742232251e-27
1.522471504109478288e-24,-1.108954374389983094e-02,3.101431269696051984e+00,-1.686990015328308082e-26
1.515212423611886411e-25,-3.167048831616346011e-02,1.202831371757715706e+00,1.726194288478123410e-27
-3.321443136540171939e-24,3.388409934343197122e-02,5.206410703687695651e+00,5.336510454742942427e-26
-2.071380646103773243e-24,-1.857834373893202731e-02,4.348566434547616488e+00,1.369407973749752272e-26
4.060629187028589448e-25,2.910243340137894791e-02,4.057293731761199673e+00,7.199582662040530025e-27
9.538947820546520918e-24,-2.007714066047869977e-02,4.762189053401676198e+00,9.533509149016367656e-27
4.980524673479063737e-24,7.348065953159676165e-03,4.503552098192530551e+00,7.587416725963104343e-27
6.690457170057285686e-25,2.865905935221736613e-03,5.323417693389515648e+00,-1.100044878789893913e-27
-8.909046905006990672e-24,9.496814053078176526e-03,1.138068599519322710e+00,3.548006761539351709e-26
1.244961522596936410e-24,-2.394988974969982590e-03,2.975544194975973333e+00,-2.940658055415473690e-27
-1.184916739694192046e-24,-6.791197924369446470e-02,2.337445433960977370e-01,-7.828173061599056176e-26
1.069999615906271566e-24,3.764203801841597280e-02,2.692928570001039912e+00,3.629064919894130032e-26
8.442917407952835970e-25,-1.147305944946567548e-03,2.168718814879265544e+00,-5.452850170174720971e-28
7.859236075607704880e-24,-1.502309952264944959e-02,8.422172082736834042e-01,7.861226240112303329e-26
-1.569247833158407771e-24,1.375902689484977386e-03,3.299033076221526084e+00,-2.132427812264577243e-27
2.904991250831293377e-25,-3.471275329901934298e-02,4.941420769121363854e+00,2.289423489382711475e-27
4.333942325565823807e-25,-6.628553471346421144e-02,2.089858848864635466e+00,-1.425087947515387210e-26
-9.602195900796194465e-25,8.992933095588469261e-03,5.456725875237080636e+00,5.850205328679994619e-27
-1.271808263222431727e-24,4.969817839381144957e-03,5.040969838728626584e+00,2.039676345675678193e-27
-9.865663630707184206e-25,-1.817261303159479341e-02,6.152339611857271073e+00,-1.777523437766496691e-26
1.513847072540866335e-24,-4.281917435737938454e-02,2.137950207395871161e+00,-3.482439294139916137e-26
9.055284407456828931e-25,2.344790605837275121e-03,1.453055761677441104e+00,-2.494183412421453315e-28
-7.291388210272936852e-25,2.956261697345422684e-03,5.624109580101595895e+00,1.704068919249409452e-27
-8.776373581053215668e-24,5.320511707818118344e-03,4.024477638721765338e+00,-2.964769139051544518e-26
-7.950256681508446180e-25,-8.643887165703301179e-02,4.298394133301835396e+00,2.764443840947876926e-26
-2.423496883170020054e-24,4.464573516619622928e-02,5.430821943055390122e+00,7.121707288216759101e-26
-1.065239378375900644e-24,4.051034245985497828e-02,1.475604266378669704e+00,4.101642086404397014e-27
-4.930375919782540395e-25,4.099875843115780537e-03,2.489119789381778691e+00,-1.606168128501241218e-27
-6.563139471942782569e-24,8.834301723575304841e-03,4.773262124417505525e+00,3.527291448765217784e-27
-1.691574671786047704e-25,-9.633952909209334003e-02,1.382387079495576709e-01,-1.614108548837005830e-26
2.677176538325092590e-25,-4.159212607778061538e-02,3.289792318143356376e+00,-1.101289085394040980e-26
-2.115677982162753755e-24,1.017536007715947460e-02,6.271894986977788466e-01,1.743061948500987765e-26
-1.260261575295485175e-25,7.163067989247894063e-02,3.460386498647167741e+00,-8.572489123325179337e-27
-3.029052824811288842e-24,1.258757241582863368e-02,6.184671217332810222e+00,3.794355270908818968e-26
-1.656904603563774247e-25,1.638529296601202914e-03,5.106828003658982595e+00,1.043304769915262647e-28
1.502001526504814966e-24,-2.505494931908471001e-02,1.088898109284479165e+00,1.744126909386901408e-26
4.211535760628183280e-25,2.795569494676094710e-03,2.932434859990576737e+00,1.151704774727265542e-27
-2.690975051600651254e-24,-1.439360123142143649e-02,5.122978180815772831e+00,-1.546019137090230184e-26
-1.201290543884870734e-25,-5.271061137977758188e-03,5.767007178259005329e+00,-5.507081439516076711e-28
-6.042922806889558172e-24,-1.771678071219729171e-03,5.797120969477452590e+00,-9.466112930631106232e-27
-9.540659134175974422e-24,-2.162374275921972663e-03,2.072904329285984115e+00,9.928920280891296390e-27
2.931774277046064450e-24,5.641615846659010260e-03,2.234982593599981637e+00,1.019552906500649936e-26
-1.488863889084301250e-24,4.999640737436176867e-03,4.931241049705901602e+00,1.616114235084866709e-27
5.504995850360790750e-24,2.367367337540879704e-02,1.570949631204866970e+00,1.997916316175069656e-29
1.116648138458548655e-24,-8.310606510836463304e-03,4.905762545324879653e+00,1.783348284457510716e-27
1.528086438638209560e-25,-1.302197607596493334e-02,5.628221533397051779e+00,1.578106591361880827e-27
1.444595797300691718e-24,-4.366072828181452592e-02,5.321251171985974082e+00,3.607311178396363345e-26
-2.851270360529142010e-24,8.067675795986970627e-03,7.061486035846663567e-01,1.750231207144064855e-26
2.755980534065072657e-24,-1.265675314475376602e-02,5.542380621711653355e+00,2.574015211699172814e-26
-6.005147473090674241e-24,1.817233959981650812e-02,5.847077959453277352e+00,9.891354757462479047e-26
-1.316423394830004206e-25,1.111185013881020459e-03,1.950421972121519243e+00,-5.420701574062558835e-29
-2.524108824064823779e-24,1.495098483063648804e-03,3.931406215431215490e+00,-2.656665053679919994e-27
4.939721400500667036e-24,-1.942986954471368280e-02,6.100567008786964784e+00,9.438217639589137218e-26
-1.200734396748795446e-24,-4.400502322421942503e-02,1.685644549552386851e+00,6.055058354142152103e-27
1.573801671769641976e-25,4.390975931124228154e-03,1.147863854053512211e+00,-2.836330449659466461e-28
-2.441324753728968599e-24,-3.902696944032247456e-02,1.965902875368672476e+00,3.667293449250820951e-26
1.639987420502768543e-25,2.580907640891089237e-03,5.224474402382644378e+00,-2.073985491744920088e-28
-6.846224061982879630e-24,-5.004849716225617806e-02,3.351967896981863593e+00,3.350888410549525915e-25
-5.262365611198847099e-25,-3.918722232054495762e-03,4.866813938971657372e+00,-3.171870953860497620e-28
5.181327922707662837e-25,-4.581153894574297586e-02,4.966737182401007367e+00,5.972440847014470815e-27
1.466912774197283330e-25,9.585035083872052442e-02,6.106759941415101922e-01,-1.151913992143357961e-26
5.682182662775881044e-24,-9.323990852333990595e-03,2.902820677978463326e+00,-5.147751381024875005e-26
-2.961822070329636207e-24,3.841806534475841056e-02,2.383012142709406422e+00,-8.258845012519205920e-26
3.248657495251919645e-25,-8.070323812199844613e-03,5.297088062868390956e+00,1.447082953450079067e-27
-8.677080116814762214e-24,6.108201087899430004e-02,5.288014020131964088e+00,2.885177328591399258e-25
1.017886818977337427e-25,-8.841012730331511416e-02,1.724626186814124829e+00,-1.378884748074621172e-27
-3.425697279757795650e-24,-1.959016828233628785e-02,3.699791055093998970e+00,5.692340969331166946e-26
3.951812196630074265e-24,2.400768615977211251e-02,4.712598308120228729e+00,-1.985973159150565874e-29
-6.292986990884617953e-24,-2.030680574386418968e-02,1.026204560549916905e-02,-1.277837356515424541e-25
-3.504659730739663928e-25,-8.112169436278904300e-03,2.524881872148644124e+00,2.319309435251865736e-27
-2.549537101924461757e-25,-3.669523090439535257e-02,7.152718176410247097e-02,-9.331663235700266465e-27
1.075901555691434579e-25,-5.295039786504623230e-03,2.691766324627948848e+00,-5.130224780159035832e-28
-2.699040953208401039e-25,-2.054417590642165434e-02,2.906747562586248890e+00,5.392750349859982193e-27
2.628681684549856834e-25,8.673062845779649921e-02,3.555683578340623097e+00,2.087182987975402543e-26
1.458267917835282879e-25,-1.065628278253149576e-03,5.238168966900920154e+00,7.799193420652389425e-29
2.770506718255803953e-25,-2.951680113111977005e-02,1.834414295586944244e+00,-2.130892925130148779e-27
-6.399442826010262663e-25,1.908534200966784155e-03,3.435633810632667373e+00,-1.168935551584910035e-27
1.173131568543777038e-25,3.037516022306872149e-02,3.097888155368538343e-01,-3.393780587642353344e-27
3.450883604080705011e-24,-1.299639557076962167e-02,4.895847511291434806e+00,8.181863461907340425e-27
9.761039171481035793e-24,-1.189438168328884379e-03,5.106921379108283254e+00,4.462670411006452674e-27
6.628893491878559505e-24,1.489234340112489258e-03,4.476216452978951210e+00,2.309875752583827646e-27
-1.755865048372227516e-25,-5.529557931794504277e-02,8.053197232553049867e-01,-6.727288171865062588e-27
-2.745635834718503612e-24,8.319649643063564345e-03,4.118815903484805974e-01,2.093237210976119270e-26
-8.914856259122847405e-25,-2.245022510963715946e-03,1.739523930262664997e-01,-1.971200880989719615e-27
-5.236614264886257007e-24,-9.561909746632113460e-02,2.758486873186329458e+00,4.644221922651545139e-25
4.372483702275221309e-25,-7.205682635288732790e-03,4.328611730798191282e+00,-1.179692665488247859e-27
-1.501679087702526720e-25,3.039364409909669270e-03,2.862362089898579764e+00,-4.387370367538120676e-28
2.682979857834341619e-24,-6.799150635051990493e-03,5.710581187479705889e+00,1.533225739658958052e-26
5.687139558401099482e-25,-3.197573322724859418e-02,5.473019764462760506e+00,1.253637996986792256e-26
7.071468616779499992e-24,-1.216009996627903135e-02,3.176557075339493608e+00,-8.593720893512280164e-26
1.093640030131507350e-25,1.066362985262128780e-03,1.486340149696425472e+00,-9.837720141096602494e-30
1.488498316087280616e-24,-2.703387002174715420e-02,5.001421099993621056e+00,1.146935389249075763e-26
1.175520176480204490e-25,6.135177231219554606e-02,4.240838136356417820e+00,3.276195055508115182e-27
5.204315296658306869e-25,-5.773338392342400316e-02,5.055416350690986604e+00,1.010575235906906172e-26
4.957604984983134772e-25,2.343453486632490496e-03,3.163829015759036523e+00,1.161504453259475283e-27
1.379606059766634447e-24,4.192153638150156181e-02,2.858043354798457170e+00,5.552576016279718774e-26
3.519252379036444461e-24,8.483630882059341183e-02,1.225621471962946352e+00,-1.010212560720794033e-25
-8.394744579084776395e-25,2.035784569539833382e-03,2.556075612003633868e+00,-1.424316783287510864e-27
-2.373316138810504272e-25,1.927560619987836107e-02,7.062610108641819151e-01,3.480411415621852313e-27
-7.732660509895523646e-25,-3.676057141223506436e-02,4.738220049987664773e+00,-7.341846308934365972e-28
-1.875099744136118573e-25,1.019836836011761040e-02,6.189089107957466140e+00,1.903836210838542421e-27
4.822793777800152620e-24,2.855816956189252079e-03,1.764966749533674495e+00,2.657539481185699167e-27
-2.352980587685751869e-25,7.022860144822586775e-03,4.821975161681200994e+00,1.807251356741910729e-28
-1.657641814802359665e-25,2.401889739353580029e-03,6.981618216306683111e-01,3.049908076942172065e-28
-1.843344746474302085e-24,2.659081951733667341e-03,3.759488141050267185e+00,-3.995295328894597948e-27
3.709760675032091449e-24,1.101958195825993329e-03,3.592997921956281093e+00,3.678526420168303506e-27
1.386319053209270507e-24,-1.924751429287774318e-02,4.485236972544812240e+00,-6.009151977282800256e-27
7.125464958851891400e-24,-7.787446477729062858e-03,9.230853498940360113e-01,3.348009230902575259e-26
-1.641538718523274080e-24,-2.572517598579637105e-03,3.720892530577196045e+00,3.533906842000533011e-27
2.895138865557958450e-24,1.271916469162619710e-02,4.375423508929269012e+00,1.217484231008140730e-26
7.504892331742603399e-24,3.168037919507579736e-02,5.448870693841252333e+00,-1.596985139140549612e-25
-3.978638855505354620e-24,3.234568832174039912e-03,1.599549227809571983e+00,-3.699753110761090692e-28
-1.804042536877032038e-24,-1.626096535131430626e-02,5.042197104479821945e+00,-9.500630339933385471e-27
-6.163660384991835944e-24,5.444330274801095770e-03,3.723211750933334674e+00,-2.803936747221699612e-26
1.132090103846345962e-25,-1.095447310501642020e-03,5.429082185518100623e+00,8.146450938601599129e-29
6.899636299303507651e-25,3.823655256124908197e-02,1.003615342537016869e-01,-2.624907741564206074e-26
-3.558788991401837980e-24,5.784205528376250467e-03,8.165973063456773984e-01,1.409449529494166739e-26
-5.622357866000009161e-25,-1.276975511225542093e-02,6.111083722674576890e+00,-7.073549167637580714e-27
-3.313470840068324333e-24,6.639032598104349647e-02,1.161860615621549409e+00,8.747226993073003647e-26
5.036665321767634008e-25,-5.511978671522917844e-03,1.198972655917232011e+00,1.008635050240494250e-27
-6.494502879429712344e-24,1.385850195528405202e-02,1.893153766522638337e+00,-2.851360330352804950e-26
-2.464866232330461856e-24,1.179765809265932545e-02,3.500872289977253971e+00,-2.722292353332524286e-26
2.073558696167132774e-25,7.305117218678967156e-03,3.335075306918802718e-01,-1.431295618630894570e-27
-1.306878558771694391e-25,2.118777440205999243e-02,1.038816138885795270e+00,1.404542260190445021e-27
4.825875660188529971e-24,1.874087792380243426e-03,4.222294414536238882e+00,4.257149104497997330e-27
-2.987591701755705330e-24,2.157546492278619721e-02,4.086946275834632547e-01,5.914988724881697763e-26
1.805474890239477371e-25,-1.890793613071460122e-03,1.304960405466812468e+00,8.968544491223364891e-29
2.251256158360887062e-25,-8.485622861246244764e-02,1.141965533039168257e+00,7.943304636302808931e-27
4.569091288415089630e-24,-8.041734195787755834e-03,1.418025719660289452e+00,5.591504965185686979e-27
-3.724664776853631940e-25,6.031402417033576713e-02,4.761385204449601005e+00,1.100257486707485851e-27
3.421181941934567392e-24,1.852313659913208243e-03,2.944019058084241358e+00,6.213818441708527346e-27
1.937387083120204843e-25,9.985754965105484576e-03,4.602212007490304124e+00,2.127203982539067542e-28
-2.918410339993500180e-24,-1.673714987727034685e-03,3.180719838740961425e+00,4.880848606726797183e-27
5.019287777450921675e-24,-2.818970340147180370e-02,5.578666173670439932e+00,1.078061987269176521e-25
2.080656832167112100e-25,4.378767512626638610e-03,2.182756161431268493e-01,-8.894536377550808747e-28
-1.062671602821047585e-24,-2.963949865184712512e-02,4.725871976112344663e-01,-2.804477486781939140e-26
5.340282702868602191e-25,-8.024093626324399833e-03,1.752859294464740092e+00,-7.758538907026381232e-28
-1.013652878136589394e-25,4.660956549471698997e-03,9.032886855533375225e-01,2.924666540083927659e-28
8.133767982344758682e-24,1.383965515042183403e-02,1.448787583655875899e+00,-1.370029669846472767e-26
-2.368983911908103041e-25,-7.478973835096414634e-03,3.399500492722980383e+00,1.713157280486032622e-27
1.753657054459266800e-25,2.354566493228036142e-02,1.452957599132968236e-01,-4.085594318352752344e-27
1.740319801944979220e-24,2.888278747337673716e-03,4.835989892225695641e+00,-6.197028277130075005e-28
3.654343923448007506e-24,-2.730291642311799549e-02,2.021874172812974990e+00,-4.349516851774288843e-26
1.909975942686285322e-24,6.821891947814806741e-03,1.835627579593588576e+00,3.410463952061864229e-27
2.542851148159411442e-24,-3.327037795988384717e-03,6.233588382852544463e+00,8.449758626963643161e-27
-2.433806417190678220e-24,1.413761133844036733e-02,5.582294637547533078e+00,2.629709662982039512e-26
9.760562376069489545e-25,-6.338815680864254981e-03,6.221515337963159809e+00,6.175279082363163549e-27
5.522566814949130337e-25,2.373502812198520235e-03,4.864206929290339154e+00,-1.982367850489554961e-28
-5.494708660568432009e-24,-1.335438675573916460e-03,3.060334913063439188e+00,7.313634541856691917e-27
-1.084218527951480058e-24,9.065561783783360195e-02,5.145152813853083984e+00,4.122121135276205237e-26
-7.483371438328324677e-24,-1.536131463325634064e-02,5.901582148540887474e+00,-1.066856133571263408e-25
-1.145411749663332946e-24,1.578007647534219364e-03,1.123996527355903552e-01,1.796063024824143968e-27
-1.004815453705498656e-24,4.383535160794326674e-03,1.434251216530680662e+00,5.995654162125007171e-28
1.724565847762953300e-25,-2.523667656050704051e-03,3.605769673018129673e+00,-3.891722815587771813e-28
5.556205648727327108e-24,7.414411901101525086e-03,3.937466975251799450e+00,2.882320596458275663e-26
-6.902260144144360829e-24,-2.637917041665791083e-03,4.881901064199170470e+00,-3.071646707284200287e-27
4.232638670297094705e-25,9.428245943751065172e-02,2.041955167765300061e+00,1.811426094799951868e-26
3.032082532779288793e-24,-1.356555800010387537e-02,9.081742792090577998e-01,2.530376950474610424e-26
-5.486733581138125319e-24,-8.650560518068928229e-02,6.149829518727810473e+00,-4.704190766846907653e-25
8.251281813720635409e-25,-8.446332408702074759e-03,5.374327616625479642e+00,4.283665016715287086e-27
-3.981108046587992963e-24,6.570168529423216566e-03,2.929382739296784166e+00,-2.556980308633626956e-26
-5.269400425419619287e-25,-5.814633598476033616e-02,4.873018042890159052e+00,-4.900478434831437005e-27
-2.446905787867528209e-25,-8.659531208923388831e-03,2.883322594817999462e+00,2.048628521910870285e-27
-8.694135933099050709e-25,-5.483505918505789806e-02,4.428423638560570197e+00,1.335665350781535272e-26
-3.260369155117561660e-24,-3.420129201663770803e-03,3.664100507955638797e+00,9.663025227322925588e-27
1.924847092551821804e-24,4.008206970480927833e-02,2.980358140324445682e+00,7.615118425288865719e-26
3.860489403751615986e-25,4.520894289442498049e-02,3.768612011809111539e+00,1.413297966956159372e-26
-7.256018332928691383e-25,-4.263271325169953191e-02,3.363898703057898398e+00,3.017312962753622863e-26
-8.381425913638581326e-25,3.212354903464710587e-02,6.358417002706320265e-01,2.166239235661456596e-26
-3.293162245621629759e-25,8.151871786715586543e-02,1.091332578067093717e+00,1.238389261594557572e-26
-5.750018057362370837e-25,3.213374530060630896e-02,3.439804383560291168e+00,-1.766145188785089248e-26
7.486399363859804185e-25,-1.825596445659960617e-03,1.755613865353916170e+00,-2.511572558497355353e-28
-7.154541951191865842e-24,7.394359109095182195e-03,3.552438235104269371e+00,-4.850082567687918191e-26
4.825476992591816036e-24,-1.676181008452272761e-02,2.794557719271080654e+00,-7.606186940619135179e-26
-9.263730250872052967e-25,2.857603461923752947e-02,1.902155260987380636e+00,-8.612113769357870995e-27
2.034692406449583564e-25,2.543228012278600687e-03,5.898600431013266920e+00,-4.796697884565366760e-28
-9.594161281986455774e-24,1.895281591161770106e-03,6.047826598735237091e+00,1.768232812834261358e-26
2.281771984438177704e-24,-2.853886071820009238e-02,4.849380401067824309e+00,8.892892018699451969e-27
-5.965304324665607969e-25,-1.297099989720493229e-02,3.476578145439792600e-01,-7.274681067923895566e-27
-4.397553649693748783e-25,-1.047565622403444363e-02,3.945815770016993351e+00,3.195552374954328554e-27
5.114231762461505304e-24,1.280062608779186650e-02,4.370757635609320069e+00,2.193250926836108999e-26
2.665097692697879989e-24,1.435671175770529030e-02,2.430000836355576066e+00,2.897673451731463822e-26
-1.839351980887555924e-25,-1.985027076281536962e-03,2.221082457011633871e+00,2.210466090973855785e-28
1.548588848551689541e-24,-2.841609997700758269e-02,5.335057546210867585e+00,2.566385078068677761e-26
-9.469345371308065737e-24,1.478375587079903009e-03,4.744099038649841837e+00,4.438426107668876492e-28
5.114240331667970909e-25,-7.488508185255761396e-02,5.282298571055477510e+00,2.066392954113312679e-26
1.708979006926876353e-24,-2.708806275566467449e-03,6.996825150513409364e-01,3.541625276815369480e-27
-4.904369720209816237e-24,-4.642759499929741823e-02,2.251935198301982410e+00,1.433765176467092392e-25
1.568285034208752689e-24,-5.291739191766828276e-03,2.780865344283467433e+00,-7.764837630637809571e-27
-1.707648684498703628e-24,1.586367912773847463e-02,3.346430812626992601e+00,-2.652325356570642953e-26
8.999064375729437905e-25,-4.969162510182821568e-02,3.984242544284174681e+00,-2.975913514362633696e-26
1.232868546021438738e-24,-1.105867445432361096e-02,2.431611006145546039e+00,-1.033958693286106465e-26
3.099350785235012076e-24,1.305982456696747063e-02,3.817917512411676206e+00,3.156711907321033820e-26
3.054076938737840688e-25,-6.352258890554268733e-02,2.350077513193912004e+00,-1.363390549687144702e-26
2.807145529889606325e-24,3.218989228508690320e-02,5.632211643081149077e+00,-7.188221554704532331e-26
3.241695684528290785e-24,5.364030619613146048e-03,1.032760050276720909e+00,-8.910777114530368684e-27
4.484981668738020753e-25,1.932611077280645476e-02,1.727403385839178851e+00,1.351885103860526629e-27
-6.379313988664463852e-25,-9.811935624298502578e-02,3.252798229019536969e+00,6.220678049590519709e-26
1.261101606151488236e-25,-7.868770238024834843e-03,1.257888423791533761e+00,3.054661843867734044e-28
-1.052419901506422579e-25,7.194871989430598469e-02,4.553017650934770622e+00,-1.201661931671812574e-27
-1.877352121095666181e-25,-1.158696453822027732e-02,4.863002931894454761e+00,-3.263904263385892387e-28
-1.934581437757496573e-24,4.349364483795170253e-03,2.817847428153324785e+00,-7.977087509070207205e-27
1.559239803153723822e-24,4.462435916696577860e-03,3.149564711827958607e+00,6.957786597896409426e-27
-4.714642338384300170e-24,4.629388464615231957e-02,2.841042210502676468e+00,-2.084753553396789384e-25
3.837216719335863170e-25,3.277261749732169466e-02,6.666670070629796552e-01,-9.882972567345336746e-27
-2.950739548970139746e-25,1.481483055326029367e-03,2.468492870856281218e+00,-3.418022214585688946e-28
3.842655409446945398e-24,1.965581507448312809e-02,4.988824926496517875e+00,-2.061444377459338294e-26
-3.022573322487943182e-25,3.758387508318875459e-03,3.096792570807750167e+00,-1.134860369363450579e-27
2.481705636493680128e-25,1.556488250625178912e-02,4.988461465181799337e-01,-3.392012799308922157e-27
2.598066396343512442e-25,-5.109149580487062914e-02,3.309732449951713562e+00,-1.308671817726300594e-26
-1.413996791326368043e-25,5.047602659773099860e-03,5.990778093302994378e+00,6.834335475387288600e-28
7.315535616344321146e-24,3.370838716390690132e-02,5.275999530200634169e+00,-1.317413034072490998e-25
-1.566250535777732641e-24,-1.110113790676466169e-03,4.917641731765326263e+00,-3.543757927432469202e-28
-2.801466185456439537e-25,1.843270386258390528e-02,5.127781893165927585e+00,2.083872777191758526e-27
-8.569866333501169340e-25,-5.778716559268602497e-03,1.371124530366118588e+00,-9.822737086083353957e-28
1.611769887761037055e-25,1.075504608560548525e-02,5.665468350627803851e+00,-1.413126398917472015e-27
8.887259258724124170e-24,2.476398798214187336e-03,5.605597671086860245e+00,-1.714646420187549077e-26
1.600822992728145674e-25,-4.315294192080817992e-02,2.293486635735583867e+00,-4.568999521260267758e-27
-1.926368672160628216e-25,-1.202352711806672697e-03,4.233136419258952121e-01,-2.111732252549166855e-28
1.542798595478406750e-25,3.974509399365201007e-02,4.479584580547788519e+00,1.414665822698456786e-27
-3.294051351071106683e-25,-1.842579823525696686e-02,3.646651572052075796e+00,5.311744446227050492e-27
-6.209577988202571269e-24,-3.387182541531325031e-02,3.413420679107548761e+00,2.026067898058324329e-25
-2.270493237549803922e-25,4.062464623392105303e-03,2.592496263052236127e+00,-7.867867605969386287e-28
-5.556266188856202744e-24,-3.430769757666902054e-03,2.559832172375322124e+00,1.592646117513141065e-26
-1.254554927750937897e-25,1.580240113665960094e-02,1.990171071872694819e+00,-8.072522989511528900e-28
2.685402195210047495e-24,-2.604348360376145845e-03,3.595591819328601613e+00,-6.285261531595935092e-27
-1.361796447620396481e-24,-9.356938761028020524e-02,6.623194992830396810e-01,-1.004812720700642872e-25
-3.546115084678746908e-25,2.995502051208375274e-02,4.352318272587990755e+00,-3.742698987468795943e-27
-4.410319800882573274e-25,1.613168637528218305e-02,1.879968218916750589e+00,-2.164755440018205739e-27
1.540502659833641578e-24,3.045454281855192787e-03,1.322254764071583599e+00,-1.154072376960603058e-27
-5.774479162464552403e-25,2.721300579389030957e-03,7.737700473052215588e-02,1.566707523944655436e-27
-1.869252504515307633e-25,4.751335113165387064e-02,4.987539641999583218e+00,2.413016988711661139e-27
3.860803152178496600e-24,3.199014605874347678e-03,3.923922538556168682e+00,8.760065237134024254e-27
-4.575885664868432785e-24,1.383582567259890317e-02,5.561629952053674053e+00,4.753270203466247417e-26
-6.516017944839410062e-24,-3.017954238386090504e-02,5.419527565617622500e+00,-1.277561444593683121e-25
8.119960091638784383e-25,-5.644127276763844132e-03,5.827469907498675106e+00,4.115296307365380470e-27
-5.919646106930514466e-24,8.071358387382676636e-02,5.923372978242569253e+00,4.471992007843372537e-25
-6.705857715514256583e-25,-1.789364770605816543e-02,2.697865176624300698e+00,1.083719297621172518e-26
9.388968270450699721e-24,5.597245697019131300e-02,5.617810612230257128e+00,-4.134218247493300698e-25
-1.779253029299133074e-24,-3.799589251042772425e-03,4.243230849898072421e+00,3.056630983919771741e-27
8.214482521699364487e-24,4.499145638383911239e-03,5.743655374828840365e+00,-3.170825735038925119e-26
1.111393498576013976e-24,-5.684360924873246845e-02,6.171875042919418242e+00,6.278464951864883901e-26
7.261061661703527799e-24,1.028760131440348280e-03,4.287291716550978293e+00,3.080653094182443032e-27
-7.834692540236509538e-25,-1.054349857855243523e-02,5.421664473050389788e+00,-5.379937350949866709e-27
-2.793687312222813819e-25,-6.281494981715675385e-02,2.587087374941885454e+00,1.491907868365494965e-26
-7.184098771619457768e-25,-9.059680570848420433e-02,5.893006795877162141e+00,-6.019387997164767921e-26
5.989799738819883579e-24,-1.053095139057522861e-03,1.949808787432475654e+00,-2.333916884526039043e-27
1.868598025889686426e-25,4.155210723705099647e-03,4.599693562373343703e+00,8.731634191911203991e-29
2.171025981019257530e-24,1.850946006473302161e-03,1.761361165505218151e+00,7.611491892059111551e-28
-1.869353870480240032e-25,-9.174804485044639468e-02,4.746789425548277208e+00,-5.898841708772757132e-28
1.901425773643033106e-24,-5.962036376524493947e-02,3.600351748676001939e+00,-1.016421967353471178e-25
-4.946122362227110078e-25,-2.488803448637043683e-02,5.901118342822586627e+00,-1.142233112687036687e-26
1.810263732224546037e-25,-1.126588519431092955e-03,1.837517467388814607e+00,-5.375304217567583689e-29
-6.707672277082403529e-25,5.498617360219436312e-02,4.090599860290949352e-01,3.383990192321316836e-26
-2.013665103546698637e-24,2.706455167914304655e-02,2.289253625321124197e+00,-3.587251656889710922e-26
-6.449524185097656829e-24,8.810783277203627223e-03,5.625968718209125363e+00,4.498839447192424663e-26
-2.680679269837414807e-25,5.525226064750242763e-03,8.926560792080912021e-01,9.291844506266155684e-28
-4.066652459165645783e-24,9.188885014945075494e-03,2.870034965266282878e+00,-3.599862312215736323e-26
1.861776928021722382e-24,-1.105084121160911266e-03,4.514120063864824672e+00,-4.052550959894379879e-28
-3.178768704160087549e-24,-3.181196517135146187e-03,3.469516030750257940e+00,9.573436651626621081e-27
-9.494553977292055883e-24,-1.649189642765576738e-02,2.104697296075803692e+00,7.968445026804003551e-26
-8.973465241589262103e-25,-4.924576921628441052e-03,2.402534133401781069e-01,-4.292126676163409984e-27
-1.396119009561444603e-25,-2.767516295448654070e-03,5.462272112009247671e+00,-2.633373231040226301e-28
2.853823807536019991e-24,1.415729311244306489e-02,5.010284854426899415e+00,-1.185849032069880424e-26
-8.824344181086384972e-24,1.535018594465245882e-03,2.015474534292683639e+00,-5.826846518269805326e-27
-3.631287775654874470e-25,9.466316240249800229e-02,1.608739554792096293e-01,3.393105813077866006e-26
-5.587595255099252039e-25,1.110113408633623495e-03,6.753674963179745472e-01,4.841194566440341162e-28
1.202659662919967165e-24,-1.368258304820205986e-03,6.043489278588355162e+00,1.598503127764945160e-27
2.399050791372181259e-24,-3.390090724173781388e-03,2.741145574305883681e+00,-7.489572200952233474e-27
-6.382282198620573946e-25,6.627803871638746069e-02,6.277750879729381062e+00,4.229989003685973828e-26
4.904586392366382553e-24,1.360027923205030850e-03,2.658036829584315530e+00,5.905598093511699025e-27
1.215911251336324751e-25,-3.177625370055183612e-02,2.848086454903412612e+00,-3.698480339746669157e-27
1.417232488680655441e-24,1.820238892389832580e-02,1.922238786612161299e+00,8.880686486520239297e-27
2.986473995127992770e-24,2.447005978430550916e-03,4.823782910979906191e+00,-8.123753921589607509e-28
-1.691244123595847340e-25,8.960305332810301893e-02,2.178323963639543059e+00,-8.650534285041810302e-27
-6.525855324686667938e-25,5.085737320363707681e-03,2.213914501441623273e+00,-1.990310282790849333e-27
-1.685458139332989330e-24,-2.644621270204066191e-02,6.195653825590133223e+00,-4.440333585909375271e-26
6.934708559746547826e-25,1.779396882582653244e-02,3.495957880166337350e+00,1.157290177330032371e-26
1.273289694213141860e-24,2.413236026126151183e-03,3.603384426100932014e+00,2.750895374437559064e-27
2.101646091035516286e-25,-7.194685482387125353e-02,3.243418898212355739e+00,-1.504236029503589719e-26
4.341563141674499851e-24,7.037161633588750152e-03,1.837022229202630585e+00,8.038066370587190096e-27
-1.738633712624630878e-24,9.448448295836804622e-03,3.515058039694426650e+00,-1.529502790926878480e-26
-4.565491688038257321e-24,7.395582354492365174e-02,2.943164413664643320e+00,-3.310193076939827284e-25
4.609502161580268604e-25,1.072506570364004444e-02,6.105298709266960167e+00,-4.865708723627421374e-27
1.238360670680227204e-25,-1.500422504620736557e-02,5.712159842493538697e+00,1.563277051978152153e-27
1.976572572301797531e-25,5.238724687280957304e-02,8.023039526924581333e-01,-7.197069629131448018e-27
-2.742488832220090120e-24,4.329170846893498625e-02,5.733671872865890862e+00,1.012478848251161574e-25
1.340629298146946260e-25,5.991305623728545443e-02,2.560180588164519211e+00,6.712345939804612708e-27
8.552562178860556290e-25,-4.059155355597014736e-02,3.583541431150407686e+00,-3.138064412444140675e-26
3.332525565508252862e-24,1.297272579009290088e-03,5.228657269264251006e+00,-2.134093873798209943e-27
-2.628706340139961340e-25,1.112952519429557261e-03,5.801675021970772228e+00,2.592971482849622545e-28
-3.570209589129974867e-25,-2.249824793021559539e-03,3.884809712278825683e-02,-8.026285705622424603e-28
1.116015144731190250e-25,2.101299583720785125e-02,2.438335394396963451e+00,1.788687378849018186e-27
5.985922472036565968e-24,-6.376255829056455549e-02,3.596937832647667754e+00,-3.427883123379416066e-25
-1.560967357502871954e-25,-7.910230933285231081e-03,3.944092054566664007e+00,8.580498689280226663e-28
9.809003965172529570e-24,-1.063450544735497667e-02,4.653018621690900858e+00,-6.189516350809333676e-27
-9.160135850706484860e-25,-8.370133171126455107e-03,5.754834503382533661e+00,-6.621659433167388197e-27
-4.213379565957552283e-24,2.453321955608487800e-03,8.339787537876423018e-01,6.945635560969624107e-27
-7.198919780786168856e-24,1.658107540841907007e-02,1.071791553293006904e+00,5.712274651920219535e-26
2.532648520446038465e-25,-1.520772968779540192e-02,5.566057429837306003e+00,2.902924778451735796e-27
-2.067862695562380263e-25,-5.886270329769434373e-02,3.971549921489935020e+00,8.214970779092523238e-27
9.487912904034989926e-25,7.271572398865360463e-03,5.881351575819486754e+00,-6.349650884857908967e-27
-5.380877457934353353e-24,-4.687600129191867374e-03,2.354070950367392001e+00,1.779772363034150281e-26
-1.019519940939859038e-24,-7.791970912614973321e-02,6.722775692790700086e-01,-6.215482220614044886e-26
6.562980806883181363e-24,-1.425384189719436541e-02,5.304434109813294107e+00,5.220515317862262020e-26
-2.191975019474766931e-24,5.264807297992605412e-02,5.125363419581925761e+00,4.631542315509539094e-26
-4.896288130862722790e-25,4.271259819534840851e-02,3.411921703432148067e+00,-2.015381135561617125e-26
6.055628491185807736e-24,-2.335056106905019843e-03,1.370435168711421348e+00,2.814235364933320539e-27
-1.632826761937326906e-25,-1.975428333563565911e-02,4.362986570891147942e+00,1.104217053313563126e-27
1.182812751286730260e-24,-7.981966143686373624e-03,3.832528360980109294e+00,-7.275839302184764207e-27
-4.384087942158099259e-25,6.249651971875750181e-03,4.599787303066765531e+00,-3.078660612551748838e-28
1.990388641807891599e-25,5.133777466784138904e-02,3.013333121599439224e+00,1.013428012504829286e-26
-1.220591993143323831e-24,-4.233299525117940193e-02,1.324650797863029972e+00,-1.259061942469105924e-26
-6.360489898671581341e-24,-1.940485305901643682e-03,6.102865826964007923e+00,-1.214232241702615963e-26
1.023981545516028108e-25,2.100465232556706502e-02,6.207666645598431288e+00,-2.144707362503291745e-27
3.614237340841069521e-24,-1.556098284243513652e-02,3.021969591003468292e-01,5.369251700195090871e-26
6.442281001258971009e-24,-6.440591858805144905e-03,3.825949912073029591e+00,-3.214914045965991428e-26
-7.143485641865596987e-25,-1.810289956897173994e-02,4.884695959338381854e+00,-2.217226413600261806e-27
-2.352249312317537585e-24,2.661156597653631904e-03,5.042165388860829545e+00,2.027089221327769351e-27
-1.526962566541764326e-24,-1.951685691978382242e-03,3.633024084093605222e+00,2.627474818689979144e-27
7.753054084443418629e-24,7.451400890018844599e-03,3.692124636376695079e+00,4.923522060177413218e-26
-2.762488232785931615e-24,1.705259218678285317e-03,1.641870542504517916e+00,-3.345316512818267197e-28
-3.789186067021352954e-24,-2.187233921993815902e-02,2.470245946295370310e+00,6.489248764048072795e-26
9.062453006766443644e-24,4.039693568931122108e-02,6.027338638751440492e+00,-3.541787015292981662e-25
-1.913796141267825490e-25,-8.880373877864324028e-02,4.988913098903630328e+00,-4.639925439839165512e-27
-7.337742184874369855e-24,-1.043105305592543705e-02,1.469391570477770470e+00,-7.748263301194491688e-27
-2.084511566212992862e-24,7.646454903684674065e-02,1.129707503923757628e+00,6.804799648240489862e-26
3.719513077603977641e-25,9.362695660141494292e-03,8.456570514119817750e-01,-2.309710242164987149e-27
-2.983065471427024060e-24,2.649736435263349427e-02,1.881237348954391431e+00,-2.414605937779561182e-26
-9.949537092040325485e-25,8.010357583289941241e-02,3.312772918164158753e+00,-7.853449612102755110e-26
-1.855800334620972444e-24,-8.777731119072045007e-02,4.403084418188402793e+00,4.958528960229349202e-26
-4.818023402375361940e-24,-3.370096563598946101e-03,2.006235418721880048e+00,6.848991685488937557e-27
1.728703300194458068e-25,1.174276406770914617e-03,6.356085343749234839e-01,-1.633542758771791399e-28
1.911324558353567308e-24,-6.396715622485372142e-03,3.517935673969436294e+00,-1.137054750653429193e-26
1.812493751469099164e-24,1.027012442878983810e-03,4.092028372092733512e+00,1.082116262027074709e-27
-5.240164083862238222e-24,7.191531716327139237e-03,5.777978393399560098e+00,3.297700726955563814e-26
-3.796457355028572130e-25,-2.255182729940847022e-02,4.155032999028875018e+00,4.528664110560540472e-27
4.791238508721783631e-24,8.924731386399358674e-03,1.815927578334082027e+00,1.037727846994328731e-26
3.775800931743246553e-24,5.794137427237670140e-03,1.289190002132412527e+00,-6.079739289530144141e-27
1.519545086873078522e-25,4.509057203487631602e-03,5.292804977720294346e+00,-3.757288063391798770e-28
4.782584153595094532e-25,-3.032139856524275826e-02,3.828029125299524438e+00,-1.121701919771531421e-26
-3.209257996925034595e-25,4.744115433849847678e-03,3.845816042143456404e+00,-1.160326356213634363e-27
1.523522795830872947e-24,1.173531306874925524e-02,9.015697044887244216e-01,-1.109177760039532819e-26
-1.925704939642219814e-25,6.009574438125365146e-03,2.554327490180908100e+00,-9.633772409564537881e-28
-2.589572084684344529e-25,-9.281760406628310894e-03,3.167442501600913562e+00,2.402775756027892695e-27
-6.505248853940872052e-24,-1.049623705959177103e-02,2.145370242724599308e+00,3.710896611949372670e-26
-4.481615983240902682e-24,-2.016440224773013556e-03,1.527625840824726078e+00,-3.900066600207558428e-28
-1.979844364144756471e-25,3.561818421310511667e-03,3.211434926938656065e-01,6.691321150079941385e-28
-1.411971371275076240e-24,-4.197336232841614341e-03,5.210132720931834882e+00,-2.829582321344060322e-27
-5.942655222545987677e-24,-4.552497369175700394e-03,1.494653648068804686e-01,-2.675229352874394103e-26
1.968189712284095730e-25,6.885491027704113143e-02,2.340093705286896419e+00,9.427153563416522659e-27
-1.136185279632745939e-24,4.000818636571477904e-02,3.493953158717402641e+00,-4.266388311716303554e-26
1.230991386577740006e-25,3.452705587034358981e-02,2.891355252509375084e+00,4.117871082213309377e-27
-6.950133842489967709e-25,-1.580596677804443082e-03,3.510007665826225143e+00,1.024823355218111712e-27
-5.273655333372273794e-25,-8.762405972145786981e-02,2.342266243190886055e+00,3.221707511947162952e-26
-2.918113875423841582e-24,-2.359005674023840603e-03,1.362817348928761607e+00,-1.421396409626243835e-27
-6.303776807512658026e-25,-1.223282716651928788e-03,4.857752239396978311e+00,-1.116996379291516170e-28
2.133294965536962654e-24,2.799128085341722957e-03,3.345249097147095507e-01,-5.640351534796628860e-27
-8.539489317863109101e-24,-1.612778516911573048e-03,1.858393444942826545e+00,3.906498520229919067e-27
-6.517654238861955221e-25,5.912221915648925227e-03,2.888820524363549413e+00,-3.730932384499876610e-27
4.271069070746342943e-25,3.153192380305428616e-03,2.422355799273237242e-01,-1.307430719808041412e-27
-1.215201417584374689e-24,-7.519502488035978774e-03,4.523423468620276999e+00,1.716454164881543691e-27
-1.603941001765204903e-24,-1.111293523796401828e-03,4.044598434052458558e+00,1.103786429222476486e-27
-3.261909165633668584e-24,1.045237528166175585e-03,4.942614520940681544e+00,7.780312024076161833e-28
7.645339923732212729e-24,-3.451300134546462541e-03,9.157915607214635045e-01,1.607359647407709814e-26
-1.717293926933144815e-25,4.260293595806255960e-03,9.924092466668135160e-01,3.999563938583269258e-28
-2.825987721137223389e-24,5.572473605235193223e-03,1.145219919594905988e+00,6.501389807227142873e-27
2.953257869721997981e-25,-5.117892020454254363e-03,1.521966563927761307e+00,7.377419943689747648e-29
-1.241445330762469294e-25,2.042264453491309667e-02,4.640841231167089020e+00,-1.812445512030625797e-28
1.002862186044961008e-24,1.327351722666180421e-02,1.919686787168690456e+00,4.550610070047837555e-27
-2.528270931923427940e-25,8.497726774444351594e-02,9.844941708097368904e-01,1.188707239400199546e-26
2.813934577330948628e-24,1.451349023575988946e-02,6.270882690865529518e+00,-4.083692139403460200e-26
-7.259422427420932978e-25,1.057268665448731805e-03,6.278549133648474445e+00,7.675077376569647596e-28
1.132767581104861607e-24,2.151672947555503118e-03,1.818021259045110027e-01,-2.397176596177016175e-27
1.994324041099466276e-25,1.273738437074535372e-02,2.240804382899394653e+00,1.577473947281671453e-27
-1.713142012332242875e-25,2.041413022323372572e-02,4.994778580580701899e+00,9.745081354090608462e-28
-4.176640729598957066e-25,1.043299209068657054e-03,2.169967460494662159e+00,-2.457439885793028804e-28
5.760445116760273218e-25,-1.497454764475699383e-02,3.264692863078641150e+00,-8.560730690334654986e-27
1.349058426489107108e-25,5.088064431541160226e-02,3.765493029236887779e+00,5.570941768964708718e-27
1.124486541557929363e-24,1.627126686391999408e-02,1.050736678340567387e+00,-9.092273844888042252e-27
-2.063936893385880661e-25,1.620860732415977052e-03,9.232391338212208032e-01,2.018051248722087224e-28
6.147261310486444996e-24,-2.379829812432683947e-02,1.353439976298271397e+00,3.154822201336019226e-26
2.853507273859735842e-25,3.546714589153235602e-03,1.261927498243250900e+00,-3.076464688501412321e-28
-3.066331551091578847e-25,-2.852261730206356524e-02,5.097303247092467515e+00,-3.283937804005419434e-27
-2.708744754585709322e-24,1.663119741546656080e-02,5.316473888674275727e+00,2.558862511406174631e-26
-5.584040394494313641e-24,8.319049616774732217e-03,1.133917989601636700e+00,1.965525584802299082e-26
-1.510911223299926823e-24,-4.909933840761222107e-02,5.566004426813056405e+00,-5.591019268453565504e-26
-3.088422364725847057e-24,7.100230711260357985e-02,3.312802180503475746e+00,-2.160790366889179348e-25
1.421560053375242103e-24,1.791529888888842778e-02,4.701053533332058443e+00,2.886812793034437518e-28
-4.567801342436873221e-25,2.153634317411880217e-02,4.974438292907039205e+00,2.548474422630281491e-27
5.670694791223072230e-24,-2.802854412346958771e-02,4.082686157305149166e+00,-9.360127475084234275e-26
-2.101409244674645142e-24,3.929630759423795479e-03,5.229729741508881702e+00,4.084046881116597484e-27
5.591398743580197254e-24,-5.958264291568261123e-02,4.258885246051598017e+00,-1.459590780431768199e-25
4.656708758908251554e-25,3.354287411974165439e-02,4.330761214664395453e+00,5.817359489500665001e-27
1.392975296759658571e-25,2.162838520125542896e-02,4.792691718335295170e-01,-2.673337164899066232e-27
1.053805113267218277e-24,3.801714332749748636e-03,1.487287830389984133e+00,-3.341685370882236041e-28
-7.670472540189116771e-25,-2.139821023860701259e-03,3.632483357077020969e-01,-1.534242187857948889e-27
1.753464475636342173e-24,5.727087129832194971e-03,1.756213138112748817e+00,1.851350077774678981e-27
6.388930378393596435e-24,-1.923654664257867797e-02,1.552370822787213500e+00,2.264383948643985645e-27
4.965016568838316860e-25,-1.610109449563318015e-02,5.168518120941524963e+00,3.521264459929464981e-27
8.680310910294767693e-24,6.701961792446976818e-02,1.925086334042016345e+00,2.018237489347398925e-25
5.728699338732366522e-25,-3.663805684350334574e-02,2.699239133687256764e+00,-1.896859600184395130e-26
7.304536104718405187e-25,-3.231893282676567055e-03,4.531296600110460426e-01,2.122504723259627007e-27
4.034424399819295638e-24,-1.918998181355758854e-03,3.836799086624319344e+00,-5.945288931591458297e-27
1.744317677868166795e-24,1.122965127938081037e-02,1.700860184458143243e+00,2.540524147215637054e-27
2.547849479164235961e-24,3.553857138921701769e-02,8.407194756723955775e-01,-6.038818377982509570e-26
1.360567545024025586e-24,-1.715026615499084042e-02,3.194886531219780057e+00,-2.330096617607416117e-26
-2.929881255859661658e-24,-5.456807311321291813e-03,5.420898033691686990e+00,-1.040329769432996189e-26
2.673452142324744994e-24,3.495899097784388020e-03,5.318199444631942718e+00,-5.321946465135910928e-27
-3.483792861559438420e-24,-2.008199521376047292e-02,2.494969306745691728e+00,5.583787477001156648e-26
3.419352935022573520e-25,1.685250923524668097e-03,4.250746084565593996e+00,2.566716215980464339e-28
2.554878860266040352e-25,-7.088034639505978729e-02,4.640868042986252107e+00,-1.294073742546847000e-27
-1.638916998037378054e-24,-7.652618809895340816e-03,5.436559582318757577e+00,-8.309260407460020975e-27
1.038483394387531865e-25,-1.729983446504506500e-02,2.358561282805164083e+00,-1.273362225175614893e-27
5.338606872757003487e-24,-4.018434117731024130e-02,4.756399729707929680e+00,9.438507965699232202e-27
8.020677742105072422e-24,-8.614845085371254652e-03,8.757853505210890788e-01,4.424922877073358467e-26
7.848913623130853181e-24,2.837181434359644858e-02,5.122183397959590323e+00,-8.872349385751213483e-26
-2.224014045675158266e-25,1.596960802514721259e-03,5.773236292809219350e+00,3.099782995926123554e-28
-3.044867876305284801e-25,-2.276987247799565350e-02,1.702701260900868263e+00,9.118638222052661988e-28
-2.324459824210444496e-25,-1.064675678773549343e-02,4.701685593325342083e+00,2.648819201475262860e-29
1.098037387581634036e-24,-1.077760680302430538e-02,7.886501527847321613e-01,8.340796808782445073e-27
3.443210275431187697e-24,-1.068060025849468242e-02,4.116265979330941960e+00,-2.064720784696850764e-26
-1.743333115951213011e-24,-2.418871471099549517e-02,1.138248844278235916e+00,-1.767660788927023293e-26
-1.984621712104384175e-25,4.652176565841001366e-02,5.833994646100530090e+00,8.316905115353745036e-27
5.657935432037999765e-25,-2.245328095702234586e-02,5.449944046093192718e+00,8.543138022789949876e-27
2.680414294888024984e-25,-2.748499474665139913e-02,3.664729568109934998e+00,-6.381811330154494294e-27
3.070540697267252656e-24,1.088063405358410604e-02,4.805291951430947783e+00,-3.099372356634769766e-27
-3.578662409011427850e-25,-2.336290001990288731e-02,5.428674959705444003e+00,-5.489595725903753787e-27
2.813806741867351180e-24,5.703633721696283951e-03,5.760797297711927278e+00,-1.390848059440535214e-26
-9.313575921649759251e-24,7.848679012556146126e-03,3.854821743293859182e+00,-5.528154765561953198e-26
3.727809080258912046e-24,2.188621687044911383e-03,2.858867028996674886e+00,7.834849678658182723e-27
1.754841167829811842e-25,1.991283242844866727e-02,2.698102939955633328e+00,3.156338055783065855e-27
-7.948227542803738696e-25,1.537471545101422483e-02,2.398666978923538640e+00,-9.000068146672750104e-27
9.964187329477339508e-24,-1.008831815339199765e-02,5.299419477469338169e+00,5.567818056482732308e-26
1.043399054202142441e-25,7.147227791872448610e-02,1.229090088251324930e+00,-2.498942314433822239e-27
1.667363856100293388e-24,1.653863800128420325e-02,1.257856921386008242e+00,-8.489431447557866098e-27
5.057993105263448625e-25,-5.934305550504900134e-02,7.713730879653186712e-01,2.151986352070995679e-26
-1.100891357702045504e-24,1.657037712539118079e-02,5.961094508600552899e+00,1.730409243879489341e-26
1.063524001064130673e-25,-8.916139374869561096e-02,5.415374558747309663e+00,6.130438460174272042e-27
2.289988230683817987e-24,-2.213908621575194635e-02,1.382118024861494820e+00,9.509004618919494373e-27
-3.648807002891884273e-25,2.967471481272688106e-03,1.663709647738199848e+00,-1.004593539073507687e-28
1.506571299576866963e-25,-1.942250718652586278e-02,2.595615353594198371e+00,-2.500737754264689513e-27
-7.498539111474881275e-25,-5.051010612590417503e-03,6.195498294491787128e+00,-3.772968246799920938e-27
-1.126104304686561710e-24,-1.854342593024747941e-03,1.831591053568796534e-01,-2.053254577182090792e-27
-1.914823971602291961e-25,1.936569852269329206e-02,5.885555257764326420e+00,3.418882215678694468e-27
-4.639250087378486218e-25,1.326386231887522610e-02,4.202816825961225078e+00,-3.001670181735380964e-27
9.601441215352328837e-25,3.107978501873075172e-02,3.133060445681739914e+00,2.983998669715928856e-26
-6.698143696449115545e-24,4.915972879064854119e-03,2.455320696102800238e+00,-2.547346853921219230e-26
-5.267730294222019154e-24,-1.979912447196167154e-03,5.825607544831265194e+00,-9.356697320304933421e-27
-9.135405269108512688e-24,-2.396941904696201983e-02,5.985074408455900219e+00,-2.093122428492047589e-25
9.551755284572371625e-25,-1.020761121122024974e-03,1.493700608469904711e+00,7.509434932464529926e-29
1.746537822392260837e-25,-6.613142985090444785e-03,2.250186519139697250e+00,-7.257146980280115654e-28
6.377907803904596138e-25,-3.025697282105959188e-03,1.024791045225352804e+00,1.002081845262484586e-27
6.764921783014093258e-25,1.038943164588937602e-03,2.086647521629322100e+00,3.466922066884603706e-28
-2.159745172980469803e-25,-4.924511451670154916e-02,2.566465760903712479e+00,8.924655015639414308e-27
5.261249204449612125e-24,1.763811396774885715e-02,2.339477021309213978e+00,6.451236534564267891e-26
8.353584758662231451e-25,1.552523485079505133e-02,1.387564326454273911e-01,-1.284448706161043408e-26
2.709646994661269739e-25,-1.684169018969361572e-03,2.963576784125359520e+00,-4.491386356026145672e-28
1.738463926090136281e-24,-1.838767844072001795e-03,6.987988942185843211e-01,2.447390383299223328e-27
-1.434188385479842208e-24,-1.797008714524833727e-03,4.182333579742073759e+00,1.303008502399425762e-27
3.117034307582508997e-25,-1.291559193919571006e-03,7.275950515514116868e-01,3.006396581032073294e-28
7.869533039816173274e-25,5.315499233871308175e-03,3.455385259123155084e+00,3.978790349661520300e-27
-5.066522561868439568e-24,1.718790621613381503e-02,2.125323351377271575e+00,-4.585274753232986771e-26
9.107591451131500076e-24,-9.402654729528996114e-02,5.477622462367873979e+00,5.932020029941985264e-25
-5.222890476219969682e-25,-4.036148656981770194e-02,1.546215644314741455e+00,-5.181175152866201030e-28
-5.384815070473388659e-24,-7.376055917918155833e-03,5.938027993070316146e-01,-3.291960866617535988e-26
9.860699161504505836e-24,8.377657716754945486e-03,2.459091693629168685e+00,6.410483063928953525e-26
-1.673663076459112731e-25,1.229050832057925619e-02,3.508965588665867052e+00,-1.919760716149461228e-27
-3.405325134194715855e-25,2.623930641032596461e-02,3.485081092559172422e+00,-8.413384456128678625e-27
4.137860294607878823e-24,2.629184906764637716e-02,1.180653786293821339e+00,-4.137579981326203372e-26
4.574948678461306473e-25,-3.615946904891699856e-03,3.847340786457868589e+00,-1.259114216750372149e-27
-1.503137279198728377e-25,-3.090049333085299194e-02,2.392789624488110167e+00,3.402312537246937170e-27
2.143513504315085852e-25,-2.116515638641708764e-03,7.315410701813889194e-01,3.376025786879896469e-28
-7.570142092571731951e-24,4.811846893124310451e-03,1.373782500610904345e+00,7.130162202891920551e-27
6.661390669725712769e-24,-8.157043307851022385e-02,3.532358200631209866e-01,5.098237467166906713e-25
3.550829264621219482e-25,6.473435746208102727e-03,5.098351509670943749e+00,-8.653127954114804467e-28
2.055968452870779446e-25,-1.446380621314950592e-02,3.133342665013344241e+00,-2.973611729953325338e-27
6.169827082522926494e-24,6.143797466974904725e-02,2.005431640733725374e+00,1.596151597329180310e-25
9.495022987430442162e-24,1.112697197316488661e-02,2.979826382724974909e+00,1.042715135021011429e-25
2.489163860613423552e-25,-2.042129509240735163e-02,2.827234824175612005e+00,-4.834093704303871667e-27
2.278108994908073425e-25,1.685692110617656794e-02,1.931199408028177800e+00,1.354248687511456867e-27
9.211389991247723898e-25,-3.225148189455003499e-03,1.640363631158065827e+00,-2.065045668234802320e-28
-8.203124604811233536e-24,1.227305610780629348e-03,1.301676369043379022e+00,2.676842897176708293e-27
1.002081962544857128e-24,-1.022749024628980593e-03,4.248958977157821337e+00,-4.581400462529131261e-28
-8.484990728865751893e-25,5.120634702051789743e-03,1.956013499786440457e+00,-1.632624015917974792e-27
4.291212877044872733e-25,1.120876175636486942e-02,4.627082453848265331e+00,4.098199417470382980e-28
5.213900397577634883e-25,7.624972770887200255e-03,4.679097745153913301e+00,1.323276841969213314e-28
-3.282562267242919093e-25,1.549474649608290761e-02,4.482767222103578142e+00,-1.157676747130255334e-27
9.256571390897921203e-25,4.170338193299970644e-03,2.809918916201737726e+00,3.649911600759723834e-27
-4.499059430990520739e-24,1.290807452303366701e-02,2.448774961798967809e+00,-4.468515348010181195e-26
-5.678868381582919517e-25,6.635058624362501212e-02,1.101668641842120211e+00,1.703527422976469027e-26
4.497802674597561877e-25,3.917073601707989766e-02,4.684365968556885029e+00,4.936510872353316464e-28
-1.830073654526437922e-24,2.480915556507549882e-03,5.860766100869012618e+00,4.141168652803899727e-27
4.954994461328583111e-24,6.490020628727379004e-02,2.161042325391463681e+00,1.789803971283920865e-25
3.332847818003810405e-24,-5.486275021462180823e-02,4.300291211551465764e+00,-7.323701998443696197e-26
1.309278169876679891e-24,-3.217033715615563033e-02,4.765435457011166220e-01,3.742716040908259135e-26
1.782169564544984017e-24,-1.774390773361146645e-02,5.497865763574814046e+00,2.236234980981544022e-26
5.234804386222798104e-24,-1.175218013961785296e-03,3.503218708110324986e+00,-5.754139737295830624e-27
-5.452610849613954334e-25,1.750192218097879754e-02,4.845888885250853484e+00,1.270224324852893357e-27
9.703408812785965737e-25,-1.700038198994902874e-03,4.957130641994311304e+00,3.997114847486211719e-28
3.673195282918038956e-24,-3.684210639266838078e-03,2.820369918674584309e+00,-1.284062217841911835e-26
-5.430061057422350129e-25,8.379548195794006560e-03,4.954695176884152730e+00,1.091771494600644097e-27
-1.316241090146225658e-24,1.229664214059674387e-03,4.988118116337513896e+00,4.406437752489703244e-28
2.276285312406013502e-24,1.275811001243530064e-02,4.115404657592054427e+00,1.632548147672267296e-26
2.358028227630751243e-25,2.017383220226786657e-03,6.277544309315996607e+00,-4.756970892794863328e-28
1.524164524616082182e-25,-1.869386184600207654e-02,4.193099779287235762e+00,-1.413978874689888293e-27
-6.462360124849166064e-25,-3.620292957076982204e-02,2.104028607440382448e+00,1.189245912872111521e-26
-1.260239069303267547e-25,-6.436000566221377825e-03,3.342216986201488993e+00,7.948213791883041712e-28
-4.545017502496658547e-25,-4.201410504415398206e-02,9.091474148451206272e-01,-1.173262158527053323e-26
3.148061547796827827e-24,7.085399953872932588e-02,2.844196194376278353e+00,2.132613266072274619e-25
-1.696580321920683366e-24,-3.590296729020363373e-03,4.093414187097186852e-01,-5.587988753537713949e-27
1.945197043829256122e-24,1.507739571369547072e-03,1.095057403682958341e+00,-1.343232184896689564e-27
9.397764568261224969e-24,-8.747481201317497054e-03,5.394461966499369154e+00,5.182344052944351385e-26
-1.386785187046016897e-24,2.199528450450809192e-02,2.768714274619201721e+00,-2.840666667897286529e-26
8.744511361936589502e-25,1.127834192813681122e-03,1.906804679001474545e+00,3.251829809798916203e-28
1.292167230724160185e-24,5.588800088795246174e-02,6.636209828243466724e-01,-5.688988643355786598e-26
1.724196997553905839e-24,1.899201703770154450e-03,2.530432770766350092e+00,2.681840016404215302e-27
-4.289215093966203804e-25,4.977532466702520170e-02,2.836408518661963640e+00,-2.036317246338134917e-26
5.907455525019529254e-25,-8.876715699730429454e-02,3.356425503482957762e+00,-5.123334217801082770e-26
-1.796223423784840905e-25,-4.958721550268817974e-02,5.360233727056278319e+00,-5.375083496341394336e-27
1.507985679175281370e-24,2.761891958329002784e-03,3.364833870994237142e+00,4.061541666137401692e-27
-2.709987738819487011e-25,-2.370997606220674476e-03,6.190903467151404271e+00,-6.398034806596249720e-28
-1.312849652019903328e-25,1.159248008772354897e-03,2.712460705420120632e+00,-1.383921857758131901e-28
1.557449123637981169e-24,9.740982849006465938e-02,4.860838672563054241e-01,-1.341380507619924186e-25
-2.989739927922947577e-25,5.107994965126022580e-02,2.799914393472036966e+00,-1.438878255610486129e-26
2.266835392323055878e-25,3.678625885446039877e-03,1.822790666876042964e+00,2.079171238002518683e-28
5.047381155196102064e-24,-7.080912853502220258e-03,4.878340976059797995e+00,5.903948782386092000e-27
7.502764498718209265e-25,2.106811806606911572e-02,1.579282706909984402e+00,1.341418605724787370e-28
-4.826038105528879749e-24,1.548618719280298907e-02,1.940858305073396739e+00,-2.703034559563908260e-26
-9.267564968374917077e-24,4.108403398844671234e-02,1.691304317949419156e+00,-4.577231800297364703e-26
-6.733208376011417710e-25,-7.014392305411387522e-03,7.872919045821112904e-01,-3.333290066590005220e-27
2.518079139193311256e-25,-1.538025008977945279e-02,8.062007566294261407e-01,2.680974735731907032e-27
-6.689244089525818285e-25,-4.049291618345988129e-03,5.273323730026364231e+00,-1.440952680347374514e-27
-2.658688038578926238e-25,8.645318763791978375e-03,7.698335517153540586e-01,1.650398741314791656e-27
-3.823170333714918061e-24,1.018684154601634181e-03,4.543499411696492740e-01,3.499481987195687875e-27
-2.397095696605035794e-24,-1.792901351575564017e-02,5.792110539506174050e+00,-3.789875385186542591e-26
7.468282527594946110e-25,4.727877684426387214e-03,5.997335775146836134e+00,-3.387636861097005638e-27
2.677593597572583122e-25,-6.464852100074483521e-02,5.979709756823294420e+00,1.651923108784088165e-26
2.201716508539007225e-24,-5.163461107642588338e-02,4.784768031657121723e-01,1.009176654252876178e-25
9.180548686993119410e-25,-8.613362048034516744e-03,4.484515316938610496e+00,-1.786365773682354818e-27
-8.203395889105607355e-25,-3.575217753505435803e-02,2.449996633448659367e+00,2.258999296042616248e-26
1.321619177316755144e-25,5.665012899495515397e-02,2.370674677032470701e+00,5.370203061384998206e-27
2.500477685628978908e-25,-1.313321702405978106e-03,4.527763559505140756e-01,2.953029573251789959e-28
-1.155029711702508078e-24,9.488210161269383658e-03,2.934144988250494190e+00,-1.072419783297348539e-26
-1.452833458549237669e-25,-1.668776873104660732e-02,4.553833444390709140e+00,3.828020938524543807e-28
3.562883091199182712e-24,8.088546004430528791e-02,5.944133765798230939e+00,-2.717791965982644669e-25
1.033558944693423376e-24,-3.672098339247504423e-02,5.316153835852464482e+00,2.154782463365426994e-26
-1.021985224042483877e-24,-1.076427943036600658e-03,5.442386813502316123e+00,-7.336171428301128723e-28
-2.082973286035436692e-24,3.408569565601671583e-03,5.899887263283219774e+00,6.584759852628352426e-27
-1.585961322366677801e-24,8.805831351210218969e-03,5.730033742309144085e-01,1.173505567374097702e-26
-1.363723656136062804e-24,8.959503713493634225e-02,2.175172211441616987e+00,-6.943024932221610037e-26
3.293334557464700420e-25,-2.879729382091752304e-02,1.454577028871185673e+00,1.099734050262238580e-27
1.876692918963884267e-24,-2.938948705869041597e-02,3.530578141887517951e+00,-5.103464563093380571e-26
-9.253970745303787358e-25,3.273720901451328963e-02,1.001808831010576606e+00,1.632227575003033236e-26
-4.840886619930480403e-25,5.816419073652810169e-03,8.825300670465634489e-01,1.788506263501307827e-27
4.681325299049544995e-24,-1.293518652801163397e-02,5.272079545258458566e+00,3.214947429617341458e-26
1.693395097041175199e-24,6.965288075260919753e-02,2.594319806900766689e+00,1.007228939939028399e-25
-1.217410309728631611e-25,-5.738310846815196375e-02,2.931543546960148738e+00,6.832333897554382053e-27
2.117602906928191737e-25,-7.439427687473075188e-03,1.383007917929732322e+00,2.941015392620046614e-28
2.274931327376931340e-25,-1.016665845726259093e-02,1.725829408435765489e+00,-3.571328331947912987e-28
-1.600725914374883488e-25,-1.555700884367975691e-03,1.207046587782454106e+00,-8.859841837455828452e-29
-9.111800941443582009e-24,-2.162063479857193743e-02,4.133138654487384045e+00,1.078387502466447238e-25
1.208763072673043409e-24,-6.620246542919330790e-02,2.990386435836350998e+00,-7.911004031228087205e-26
1.410549341049987589e-25,-9.097840107862709136e-02,4.081900251926402490e+00,-7.565533524441855328e-27
-1.032624695924433031e-25,4.049468223448605270e-02,5.577708595661469815e+00,3.183448155157809751e-27
6.214762410866054119e-25,2.252602598866547748e-03,5.082106957422222848e+00,-5.058714277976141250e-28
5.947425991507347227e-25,-1.685535839892988866e-03,5.941273507587131242e+00,9.444329547236365863e-28
-2.771668461781434277e-25,3.470819350574048251e-02,5.928901843365120605e+00,9.022515855955924020e-27
8.589830628868368848e-25,9.494148183655607212e-03,2.598728024631777433e+00,6.982842418426379539e-27
3.547728677740710351e-24,-7.898206689964678770e-03,1.607764674949117012e+00,-1.035642852560218375e-27
-2.530399354179533158e-25,-8.938907222730257257e-03,3.867648759883250520e+00,1.691446174843933550e-27
-2.049708623769047996e-24,1.354027279361438331e-02,9.781913549560325993e-01,1.550105140417409290e-26
-3.653678343107538757e-24,-4.459703915089211629e-03,1.845468731925340222e+00,4.419536064172604780e-27
-1.448577095836905299e-24,-9.508752243240478630e-03,6.273541114149807640e+00,-1.377352014400459962e-26
-1.656188269988663310e-24,-1.281400493770715014e-02,1.828521079233289326e+00,5.409190099906579748e-27
5.361432704850724333e-24,-1.774048195062176555e-03,4.323368000351839768e+00,-3.607524921316235012e-27
2.761888496495319866e-24,-4.620720433133373301e-02,2.003335311415876951e+00,-5.349504989910324487e-26
-5.897566907791360121e-25,-1.836070111088745384e-03,5.703149013387134758e+00,-9.057291883001078148e-28
1.573096134597369793e-24,-1.721422968307390750e-02,3.045637181126131132e+00,-2.695506655705274562e-26
5.754824682101672511e-25,-1.893953269907161160e-02,3.643484850935195585e+00,-9.555191517975599187e-27
6.040919140718055226e-25,-7.867680333853753830e-03,2.140161180713306965e+00,-2.562222335930181840e-27
-7.511162885388755918e-24,-1.396697979536181463e-03,1.075468022162668680e+00,-4.986504918295879679e-27
3.079629424924145744e-25,-1.117126603327104305e-02,5.996595324226976054e+00,3.300016366993551035e-27
-4.095871172275464778e-25,4.931577778396511666e-03,5.020988675900839304e+00,6.134969424276171816e-28
9.502731771147619662e-25,7.983718610374346270e-02,3.205539817507722322e+00,7.571206988754992579e-26
-4.263833739139893478e-24,3.566969762945923581e-03,2.827130504156030177e+00,-1.446316207427968728e-26
7.424759132629173018e-25,2.032222889290728491e-03,1.807428617304927876e+00,3.537260803176560628e-28
6.911474260071467058e-25,-7.871131116872116112e-03,5.650027148387161802e+00,4.385616307119752891e-27
-1.815877211680932734e-25,3.285165681064478038e-02,3.390892869035534662e+00,-5.781037251053119891e-27
-3.032988005827624285e-25,3.084185356938911726e-03,4.818346159535059847e+00,9.893013810425186624e-29
3.427788102477262492e-24,6.767464953410297357e-02,2.184689896859180358e+00,1.336298653866510983e-25
5.748539363465228731e-24,-1.432120526135775666e-02,2.382853084699086299e+00,-5.974429763357148192e-26
1.036984745873037051e-25,1.307600217495810159e-02,7.379335898216432543e-01,-1.003222116304652248e-27
2.727939677783531324e-24,9.344566725126830439e-03,5.614960057885060252e+00,-2.000878534118213620e-26
1.273457361605584777e-24,2.631662205935760696e-02,1.604224634384723513e+00,1.120077451903585889e-27
-2.727295390761691787e-24,-5.804824466058514099e-02,4.211883886838326596e+00,7.597028025846864112e-26
1.765617748145661562e-25,-1.528861903863259044e-03,5.929444189221202421e+00,2.532248713272424531e-28
-2.564539623092734535e-24,-3.163914814006088972e-03,4.788394558528734635e+00,-6.161145137134205905e-28
1.495658506689291653e-24,-1.561585030507074831e-03,2.516232944033386598e+00,-1.893592102777130892e-27
-1.499339963166191061e-24,5.254561991035096302e-02,2.079285365125377538e+00,-3.835649841900562673e-26
1.746649920568553783e-25,-2.134029849093737122e-03,2.191465403170593351e+00,-2.167781499755053386e-28
5.444133410033817011e-24,-1.471443881492008610e-02,3.284467014840403820e+00,-7.929113868051269768e-26
-3.492157194605298105e-25,8.326366659905286641e-03,2.723923080213173531e+00,-2.657742843540244468e-27
-2.224516041615599733e-25,-1.587128947950165346e-03,1.714982059413148185e-01,-3.478800667601960189e-28
4.970790356420507159e-24,-8.097702874746218193e-02,5.609196807794637252e+00,3.145042976033685960e-25
-8.872882252683945873e-24,1.996909358093816589e-03,6.261965143921958799e+00,1.771435251011362560e-26
1.142689396922586587e-24,-2.291847011253872815e-02,5.893204010829934170e+00,2.422234544971123108e-26
-2.202061155234368549e-25,-5.654080979149835560e-03,2.048649911423515491e+00,5.725725142188189658e-28
-1.170771327281285290e-25,-6.678632355682090349e-02,1.302971677129617811e+00,-2.069215371224581373e-27
-2.505139603094955270e-25,-7.159208107794991227e-02,3.815173481757244023e+00,1.401772647602627427e-26
-1.043839338125232013e-24,-2.696097612940140387e-02,4.216056032036124890e+00,1.340177975192989591e-26
-3.451050845879316111e-24,-3.740787248371148926e-03,3.378445563442906252e+00,1.254922559780074173e-26
2.901686734375029798e-25,-7.081441783727057682e-02,5.726728129147835133e+00,1.744806464767710123e-26
3.253167665201317287e-25,-3.768668920343722084e-02,2.980738583836339828e-01,1.171948912587190109e-26
-1.098478509522116852e-24,2.480216014428733313e-03,4.989165242357192831e+00,7.444762057207646186e-28
1.216081660824806189e-25,-3.200713740945758390e-02,3.074295467285410144e+00,-3.883518600896040387e-27
-1.608430636153747198e-24,-6.096669679015582349e-02,9.766332557137551162e-02,-9.759341687010908767e-26
1.521055837132797493e-24,4.147858070101724526e-02,3.958612279252246680e+00,4.317947008181016956e-26
8.219202109409632583e-25,-7.261693383264972330e-03,1.754455328565361905e+00,-1.090022672479854265e-27
1.244608875059636509e-24,-2.362310409284675006e-03,2.157427406268104253e+00,-1.627546401944296956e-27
-1.847534014210661048e-24,1.916031657920341151e-03,4.025655795973420048e+00,-2.244368461200162185e-27
-2.874036685079434542e-25,-3.859077120842567543e-03,2.303176303774182726e-02,-1.108818763399340782e-27
1.043751184810546648e-24,4.068491962101850913e-03,5.028686488139073596e+00,-1.320871215212386965e-27
-4.955825938649474309e-25,1.609473358661380480e-03,2.959682209322376245e+00,-7.844660341938924192e-28
1.547731256812556603e-25,-3.387952483499274969e-02,3.269170101531139849e+00,-5.201025046764489011e-27
-8.760248699870972811e-24,-4.252731500434381307e-02,3.265393334148180671e+00,3.696985376257427686e-25
9.495690135419702713e-25,-2.130196439550231802e-02,4.243590472710377370e-01,1.843354675143576686e-26
1.786055342955228107e-25,-4.976389753059358260e-03,1.476682209657408651e-01,8.791376866585581442e-28
-1.866771952549633534e-24,-1.679977763840906704e-02,5.469204920980839546e+00,-2.153302019205412927e-26
2.868736037935668910e-25,-1.504226119994903424e-02,5.763199768492844655e+00,3.744868351908462633e-27
7.525827265872079128e-25,1.031742105789920649e-03,1.443566889236528039e-01,-7.683949411323025091e-28
-3.408119567728224130e-24,3.655896728281308149e-03,1.839127835341939909e-01,1.224960799261665402e-26
-9.986091843963871232e-25,-3.343540429874902048e-03,2.602210672630869581e+00,2.864855466405279422e-27
1.516194243280917013e-25,1.013892612034726984e-02,3.880962748017317665e+00,1.135869510523871838e-27
-1.547061483167177980e-25,-5.343728572521369569e-03,4.098518979495671566e+00,4.762127159164963664e-28
3.413115096041977320e-24,-5.099371196763738227e-03,5.307901586379196956e+00,9.762896867015849799e-27
-5.556589674094240035e-25,3.565256589512796372e-03,5.798471218114773507e+00,1.752864158931888699e-27
6.425670066970653261e-25,-1.729630550836829678e-02,5.493947293566221468e+00,7.828575182079285458e-27
3.609888484843437352e-25,4.289936941251073881e-03,4.756341833291994448e+00,-6.804432699524268630e-29
1.131246492315629297e-25,-2.071305397374233886e-02,3.755982964828156190e-01,2.179811546940246133e-27
5.543907892168186095e-24,-5.717521388107954343e-03,3.900202933541729866e-02,3.167330661256000825e-26
3.185964515313562001e-24,6.354706183544771292e-02,1.356555749807056566e-01,-2.005986726923383913e-25
-1.417199484078977829e-25,6.471795148050356501e-03,4.170429121027102504e+00,-4.730973875121146334e-28
-5.112876618429859588e-25,-6.097705677044985319e-03,3.016100900332627788e+00,3.093164971695567959e-27
-1.158846717214463114e-25,-5.014512206572614705e-02,2.980021851716094794e+00,5.735366766058702971e-27
-1.135268346941186137e-25,-2.927656019617021557e-02,3.373720377948278282e-01,-3.136312328056386598e-27
4.409168081822076652e-25,2.137341021142999051e-02,7.373762425696479550e-01,-6.975899237636858920e-27
-9.120339859735375542e-24,8.678024872943501666e-03,5.252176683430152870e+00,4.067767022483079118e-26
-1.983793425353270307e-25,3.237807757138257570e-03,5.258298500433739697e+00,3.334867131801391399e-28
4.724031883225913398e-25,-1.960446182006929296e-03,2.053255059114058867e-01,9.066675494385895372e-28
-1.754328133706886663e-24,-6.263118936012680368e-03,2.833690771310907408e+00,1.047083726221846712e-26
1.724571139887649524e-24,3.994422031895312857e-03,5.591919044541806549e+00,-5.307298714520402211e-27
-4.953964513724444753e-25,-4.260938176720092257e-02,4.644913342156549163e+00,1.423231413620403829e-27
-1.913697594139602901e-25,-3.514643543187630226e-02,7.511312707767360264e-01,-4.916123983902021302e-27
-6.787246132916057352e-24,-2.172266420845705460e-03,4.719525249059841054e-01,-1.313195899893974075e-26
-5.839187750357859876e-25,-1.452692254433874796e-03,3.009522101929098969e+00,8.408671356369548902e-28
1.426481124316173175e-24,-9.706301401548834973e-02,2.659761775021358687e+00,-1.226947702282047203e-25
1.310074445837719160e-24,5.601615735557620782e-03,4.757515193012412880e+00,-3.310478460259583184e-28
-3.422388905697434399e-25,8.983537611365062514e-02,2.355380923620838285e+00,-2.172241651913462695e-26
-7.292169030151273679e-25,3.282655957872459077e-03,4.932886932357113174e+00,5.235543214793233279e-28
-1.952076652496954210e-25,-1.237107381544628234e-03,1.644901522803638771e+00,1.787949956963932411e-29
-2.271488915021917383e-24,2.492098381494696133e-02,3.419767636531032995e+00,-5.443163463417192751e-26
-9.910968617559386445e-25,1.466035944757335466e-02,2.454696465376916326e+00,-1.123473075099346641e-26
9.929912515505230811e-25,5.443265981199527787e-02,1.532397851173628478e+00,-2.074971964908746627e-27
-8.139425659533980310e-25,-6.835762517603659154e-03,5.041434031217078005e-01,-4.871703141127453259e-27
2.622948428913523333e-24,8.074408992834290408e-03,3.040415046070724880e+00,2.107044832280622502e-26
-5.200244949164298509e-25,8.661979913416075622e-03,1.014287738673643080e+00,2.379358056002007936e-27
4.544119863738091808e-24,-1.607139657532079833e-03,1.551736496390139664e+00,1.391861855944196860e-28
3.991192061696692954e-25,-6.092636481977754120e-02,1.610031651123886021e-01,2.400239125136442590e-26
1.601775771655009531e-25,8.073328902393477058e-03,3.795893614315307474e+00,1.026093239266028727e-27
1.213807444654385865e-24,4.377100775703294394e-02,5.854823218209521229e+00,-4.832917597281229709e-26
1.153052434915733996e-24,3.352606589988593733e-02,2.572601382482090582e+00,3.256665485550303427e-26
1.144108855150549557e-25,4.371399843924952261e-03,1.034247846992459641e+00,-2.556556480815628750e-28
-3.845030324467845569e-24,4.614550558161981814e-02,3.341236811935060835e+00,-1.739065963315443385e-25
8.807673107784251701e-25,2.705164345734920733e-02,3.565741182442396240e-01,-2.232749168837955333e-26
1.042103406423059997e-25,4.873799320441115322e-03,3.528548696481014213e-01,-4.766085291436724520e-28
1.291412253083527777e-25,1.135623535337533345e-02,3.293976805156743737e+00,1.449563650516747363e-27
-4.862077230818862807e-25,-2.182383644249279858e-02,3.199991194721968357e-01,-1.007226195749390243e-26
-8.077134720055308307e-24,-1.802619118366308821e-03,3.290885862069942158e-01,-1.377866851490741433e-26
1.606834292592052237e-25,1.582336730792020156e-03,3.260890117729573934e+00,2.524481708680411944e-28
2.796492857964789294e-25,-1.281375278456166680e-02,4.419197107234975164e+00,-1.035623645876616241e-27
-1.559712676337424739e-24,4.118628683491425829e-02,4.817825243632312571e+00,6.760554025570565491e-27
-3.053687192054346741e-24,-5.153451690309739791e-02,5.980237447225617231e+00,-1.502038378673634262e-25
-6.311736211305382783e-24,1.914398872102263767e-03,5.685060149450007039e+00,9.985453268485591322e-27
-5.463790450064321268e-25,-1.071179564964023535e-02,5.630011720673814279e-01,-4.949377979145811390e-27
-1.422077017586084297e-25,1.584029919035075291e-03,5.218354691678109170e+00,1.091734031249223848e-28
-5.744096277833244707e-25,-5.521693342678785088e-02,5.783842559885669310e+00,-2.784439555315705049e-26
3.340048191203122471e-24,-1.943425241033509485e-03,5.418940660820399380e+00,4.214140409393985650e-27
9.470697379496872040e-25,3.847988690056597383e-02,4.965233473429357502e+00,-9.116579262595416166e-27
3.666317277391879106e-25,3.179714897781861505e-02,8.146104731785946962e-02,-1.161918489660412323e-26
6.597080300061291613e-25,-1.161838423166855656e-02,3.731428215768413104e+00,-6.369646538388895956e-27
-9.588192508609470447e-25,-2.045849703321847568e-02,2.990304252175454813e+00,1.939194136551164317e-26
2.702782180031237262e-25,-1.136819421048292089e-02,5.193953110574221377e+00,1.423112354830369362e-27
2.709216213911562443e-25,-2.044335242363650579e-02,5.152733036515136256e+00,2.360809328063057489e-27
2.782960607328854456e-25,6.902335253210420407e-02,2.632399675484785817e+00,1.677204790722480767e-26
-2.035415183591380969e-24,2.206446296700749401e-03,3.287988869896341537e+00,-4.442994592923986120e-27
3.640535178548015405e-24,8.558288600479921349e-02,2.109893455656113304e+00,1.599467260074872003e-25
8.272142062760557725e-25,5.575668099214603317e-03,6.048811447776086148e+00,-4.486172086170666864e-27
-2.799665082745349683e-24,2.229165167803018668e-02,4.986001088680825255e+00,1.686363709429278077e-26
7.489266648140046157e-25,2.077440748747295778e-03,4.583850478293383546e+00,1.994364807119963574e-28
-9.918976506333666485e-24,-1.955641112279758558e-03,5.608200443665309898e+00,-1.514430432030769565e-26
5.851957990539593117e-25,-1.432306896820219159e-03,1.068204983640977934e+00,4.037496563405579111e-28
-1.146187274454155145e-25,8.634994114456085237e-03,5.810621858225699654e+00,8.812617696055863483e-28
1.717862860380850043e-25,-1.505994558723293929e-02,5.133483928468582924e+00,1.057499758074951400e-27
-1.056705460669005747e-25,2.198892209511929541e-03,1.967244576984661375e+00,-8.972382141674325560e-29
4.830094200907554612e-25,-1.509157041442396293e-03,2.989546577841845632e-01,6.966049813084055702e-28
-2.279548910204185152e-25,-8.315377270124010844e-02,5.783685845766095568e+00,-1.663939544405917084e-26
1.681033016149533700e-24,1.056040718452036682e-02,2.420641819014472507e+00,1.333521469565395760e-26
-7.994222265483436351e-25,4.289805291281902945e-03,6.066096918552152495e+00,3.348874066487179722e-27
2.386798278399041965e-25,-1.632801870359882127e-02,4.280418791414462021e+00,-1.631591866053693638e-27
-3.400781706312283721e-25,1.214630936003507911e-02,1.838156489073997424e+00,-1.091272987972750582e-27
-5.670156653213711915e-25,-1.205818896467596331e-02,1.752435607595115574e-01,-6.732464467888943527e-27
3.729975927149356605e-24,2.468493807140249158e-03,3.551725429635248510e+00,8.443831493721192536e-27
1.977930038990855756e-25,-7.024903779616456512e-02,6.772886199932707241e-01,1.082784209428385221e-26
-9.715975832599941854e-24,-4.632714612665826681e-02,5.197544269318318477e+00,-2.099084789292488872e-25
-3.698594176116228316e-24,-5.104905723635071862e-02,6.112946162062336874e+00,-1.860803648955622196e-25
-2.142372822907354504e-24,-2.987285157428814716e-02,4.769084797090303862e-01,-5.685769090194252052e-26
-5.304618371642882260e-25,1.773911875762876691e-02,1.148036694170801786e+00,3.860691891639783738e-27
1.116026933779645074e-25,-1.720364301560599676e-02,5.267486651979974788e+00,1.011876228655912338e-27
1.613382500564034147e-24,-4.732988143643968720e-03,5.127156830972888102e+00,3.077184461828545516e-27
-3.335862699266067703e-24,1.512392594562978268e-03,2.564482976856084506e-01,4.880142794722426446e-27
3.306038236584523035e-25,-3.847483212330198715e-02,5.795055638757518501e+00,1.123438599042807784e-26
-5.236969458321037106e-25,5.588840517903776589e-03,2.345802337478056554e+00,-2.047982657991625604e-27
-7.522157418885422510e-25,2.543041875028706142e-02,2.577670223500388769e+00,-1.616729872409162213e-26
1.746428722321540331e-25,9.856934327015669239e-02,4.279028650087928654e+00,7.228734173595575394e-27
1.172596974088073504e-25,-1.280319634088425765e-02,4.989980323464352274e+00,4.114159529141391688e-28
2.101834543988516509e-25,-3.555649643485759431e-02,3.601823186158729762e+00,-6.695782269647623592e-27
5.392854515607934592e-25,1.211437329343826620e-03,5.517349199894207246e+00,-4.709082337448017504e-28
3.425062106116398247e-24,-6.284873822766490203e-03,5.241190781381523500e+00,1.085989096425453874e-26
-1.047840138420351139e-24,-1.451942980440770140e-03,3.000554137692164502e+00,1.506297418983040018e-27
-3.268242064366519510e-24,-1.608345548916364706e-02,1.623190051643378096e-01,-5.187367266959445455e-26
7.072336610960759610e-25,-4.463109356789710450e-03,4.605077309567244370e+00,-3.380753814521859181e-28
2.043664652529966804e-24,9.128339963499716714e-03,5.997011098469646306e+00,-1.789657198756899696e-26
-7.651290303603179960e-25,7.435974597211806626e-03,2.009287176693899557e+00,-2.415602874660956844e-27
6.940575066156832420e-24,-2.573375494736121136e-03,4.005699920866379493e+00,-1.159730119429049707e-26
2.914018009908410465e-24,8.864125417931442708e-02,1.085297144607400011e+00,-1.205367049367807087e-25
1.818664151505281507e-25,2.152597863937060971e-02,4.217034000678317796e+00,1.860901649090375591e-27
1.398821031587393427e-24,-2.517864165064303411e-02,1.372267227214855057e+00,6.946435371150784476e-27
-2.967737168757433968e-25,1.168062969786184393e-03,2.328122144748219657e+00,-2.381421063778303920e-28
-2.277123277597868237e-25,3.849818942251315677e-03,4.217373677005710753e-01,7.998382915209880913e-28
-1.182460303476357852e-25,-1.168055467901076049e-03,4.664352771525002161e+00,6.632110102333482240e-30
6.687140756232459286e-25,2.673126290716494602e-02,3.572949826474748125e+00,1.623815414327238105e-26
6.490951312892641993e-24,-3.132645075279886365e-03,5.281242038956476037e+00,1.095315353295683224e-26
-1.892521202389694837e-25,-4.064814487517556633e-03,1.224032245315024081e+00,-2.614428613047007994e-28
-3.703777454993302552e-25,1.030060069796004873e-03,3.202153317085977946e+00,-3.808119258601500111e-28
3.842603849305135798e-24,-5.515725571225389701e-02,5.344410831054797306e+00,1.252137541053588663e-25
1.570268557001293928e-25,2.450555270024440402e-03,1.469309179509992402e+00,-3.898555422430325764e-29
-3.246824897027307608e-25,-7.178796465510151568e-03,1.543455633610718358e+00,-6.371855537782809476e-29
-8.005716308738516474e-25,-7.800671698800423770e-02,5.108737789735438461e+00,-2.410898275857295304e-26
3.431033133872896216e-24,-2.197304531952089766e-03,1.647732871057827841e+00,-5.794544547898154976e-28
-5.298306949818063085e-25,2.025668767316015414e-03,1.336172056128216434e+00,2.495092200482001415e-28
1.308737679454419971e-25,1.275927746061765629e-02,4.394166100597822477e-02,-1.668242841085848442e-27
8.147647290234149905e-24,2.580308206300978291e-02,5.048049622019940230e+00,-6.924974667969971117e-26
1.422824492776177639e-24,1.190350290080798359e-02,4.813509712187560297e+00,-1.709723680351039229e-27
-1.105136902603543313e-25,3.949505419081388372e-03,5.525912121431622026e+00,3.171911428719787052e-28
9.532019654132078111e-25,-1.489575635472641232e-03,2.636454494186520892e-01,1.370804905257784525e-27
8.897118108597504344e-24,1.600213157602935546e-03,4.104761619274530204e+00,8.128366971880545154e-27
-6.436016983652685358e-25,-6.313621174970857064e-02,1.040439786814586265e+00,-2.055463042636127596e-26
-9.415944144591372588e-24,-5.064204555239424504e-02,4.983714753944904707e+00,-1.277981009939984687e-25
2.175541553869594227e-25,1.061529910366040439e-03,1.763696331028504316e+00,4.427261020823442142e-29
-4.104012861034578124e-25,7.192030920797608251e-02,3.330863177808966125e+00,-2.898907970077560183e-26
1.667491584357136885e-25,2.695246482470627092e-02,4.796642548165960113e-02,-4.489131624326171940e-27
-6.934507453096001340e-24,2.162669953565131073e-02,5.800850117012483764e-01,1.254377421177370846e-25
3.823036434163220827e-25,-2.015716551662197990e-03,5.172092988864248397e+00,3.419090167874513537e-28
1.039122820165110177e-25,-2.870658127738945180e-03,5.045707661168196800e+00,9.759694744546027305e-29
-3.184923785964290888e-25,1.223809543176430014e-03,1.293508530076665552e+00,1.066998787868318559e-28
-3.343058300798127992e-25,-9.220959849686517773e-02,5.251189666921233012e+00,-1.581714105496803636e-26
-1.385707127814331639e-25,-1.576236149651761859e-03,4.424833339501638707e-01,-1.973843661420758944e-28
2.408956932756418158e-25,8.415536822783328819e-03,2.990260334040444334e+00,2.004097152412517855e-27
-3.249497426815060357e-24,-3.164433653109419153e-02,3.049366421630361312e+00,1.023911882824176309e-25
3.124433450245098240e-25,2.797993627374413192e-03,5.316674736787641464e+00,-4.967063486369568858e-28
2.541319092779236170e-24,-1.465591041637357220e-03,6.014010057304395751e+00,3.590416077497333959e-27
1.384341643863803234e-25,4.933386664089963597e-02,5.471801719903151451e+00,-4.702076009885987921e-27
2.030117584440041021e-25,-4.087765397871585653e-03,4.706623369441799376e+00,-4.784648996324136822e-30
-2.761655761102947109e-24,-1.259487581679975994e-03,3.583497291173134425e+00,3.144144105740757604e-27
-5.424076698821693832e-25,1.915625678691557435e-02,4.419444947759624043e+00,-3.000486504263000746e-27
-1.322837599670246095e-24,-5.728409441705831912e-02,2.388818193897495501e+00,5.530207058702111958e-26
-4.714168500986101728e-25,-1.033492142266113738e-02,2.004515695330932601e-01,-4.774501778325698211e-27
9.559087619505268562e-24,5.124660768085089087e-03,2.345362135026298755e+00,3.426184945749928611e-26
6.989342298122900764e-25,8.911830484470982527e-02,4.604779627065734182e+00,6.689824937591970422e-27
-1.287686507710485036e-24,-1.966656614428963917e-02,3.208872017568523471e+00,2.526707794675220860e-26
9.907491574004988061e-24,-3.183286417069182157e-03,9.263921978053660244e-02,3.140314851414460194e-26
-7.922395118016179358e-25,6.980884553067896736e-02,4.011342763535063582e+00,-3.567290432090596489e-26
-8.489673463967262014e-25,-2.090948398700416891e-03,1.977839552570951343e+00,7.027733322363753509e-28
-5.764005174944949229e-25,1.813675286769189394e-03,1.201544631888164627e+00,3.773045451824819543e-28
1.125788988574245003e-25,-1.103098497291673391e-03,2.769698486772267376e+00,-1.156963741828696189e-28
5.285215251974492154e-25,8.524871663803085253e-03,5.277248928018869911e+00,-2.411824841239690932e-27
2.752275499857274338e-25,-5.685913933190496136e-03,3.307660619373462119e+00,-1.543390579626979210e-27
-5.205475071534081599e-25,-7.585347512900036948e-02,3.431676642303228331e+00,3.783563428065401534e-26
-2.998316505021889688e-24,2.845866617842435047e-03,5.340573401354665073e+00,5.014533373646319913e-27
6.482613944269222652e-24,6.464041754830274211e-02,1.834097073124357102e+00,1.090628088749059481e-25
-5.930840101706925447e-24,-1.353853135120290478e-02,8.133636641257523392e-01,-5.516725145801898291e-26
9.136454940569251319e-24,7.924068357473734031e-03,5.202287557176924260e+00,-3.406584393494502931e-26
-2.640277454064863115e-24,-3.946655144293473305e-03,1.601357055265506757e+00,3.184013092747281161e-28
-3.438556265254962629e-24,-5.741619699959556178e-02,3.254150600764060375e+00,1.961795021002729837e-25
3.319060052491642147e-24,5.029391103269944402e-02,1.349309590753787758e-01,-1.654112345036455345e-25
5.508984501233218740e-25,2.193041864810146412e-03,2.592479358173517934e+00,1.030531376510865429e-27
-1.058080202341520139e-25,1.525829496003013649e-03,6.192949818414040131e+00,1.607881656709742108e-28
2.011248411330608584e-25,-4.965866316746162662e-02,9.234658791864582827e-01,6.023107127734498407e-27
-2.721678315013990483e-24,-4.230710360542935117e-02,2.922432757504489498e-01,-1.102641216688886395e-25
-1.254364778251863200e-24,-2.886206688180469309e-03,5.011598377810351224e+00,-1.067153598812833699e-27
-1.510228834374895444e-24,7.423394965714398552e-02,2.664469293966320151e+00,-9.958973620289163385e-26
1.899224353307393189e-25,-1.951820869016531595e-02,3.832007722432741126e+00,-2.857987473986267896e-27
8.416369940707357133e-24,1.382716281273397782e-03,3.002716554381583691e+00,1.152540872787606474e-26
6.402808055393409403e-25,2.251958521612711095e-02,6.024583689819643872e+00,-1.393940993474125333e-26
-9.447134138625093497e-24,6.183855316967108023e-02,5.912724498726690037e+00,5.445655320594500940e-25
5.714655244797511575e-24,1.705914072752338657e-03,4.126491230518819719e+00,5.390526481632973362e-27
-3.028743227199554226e-24,1.877299028008351306e-03,1.279303112799064168e+00,1.634017247028263214e-27
-4.602650481282731641e-24,-1.623475678865025570e-02,4.198902806451638270e+00,3.670515029903248553e-26
-8.167951742941066985e-24,6.057155650317603418e-03,1.522477189203428061e-01,4.890226731560548371e-26
-1.833927628231578368e-25,-3.121169480633509581e-03,2.718031313655096426e+00,5.218174762336031947e-28
5.802273483335601127e-24,6.449292966534780902e-02,1.014370238579936245e+00,-1.976384909619148311e-25
-3.957047263741082966e-24,4.373442742559360309e-03,4.346305918018500414e+00,-6.194840824618861425e-27
-1.816904212381598565e-25,5.053254527302202675e-02,1.620019598278177320e+00,-4.517501321797592302e-28
-1.394938822836492492e-24,-3.967378257003345565e-02,2.004863586355124738e+00,2.327508201060451571e-26
-5.693218876320994124e-24,-6.502883378034821429e-03,3.828894765504609499e+00,2.861680565120815173e-26
2.954437302737189297e-24,-1.075670656029639825e-03,4.757371836583836888e+00,1.429073791209698139e-28
8.578261061068299126e-25,6.841947391623534082e-03,2.930031549784852252e-01,-5.619060415224686812e-27
-5.499217012942598483e-24,-4.967940721128712850e-03,4.536426469548588081e+00,4.782488491147467391e-27
3.126172739984445096e-24,-6.342091811438509141e-02,2.677802760986946140e+00,-1.773207616503078457e-25
3.985430047435561999e-25,-1.651959342814667692e-02,1.765482352600581839e+00,-1.273685971018577294e-27
1.613470069184188779e-25,-2.816657685871383140e-02,3.040314940106388253e+00,-4.521305444015588035e-27
-3.208868206329605160e-25,-1.223534049458860178e-02,5.369906402680335589e+00,-2.399487098268066792e-27
-1.877306426725410828e-24,-1.366291316598737407e-03,1.832296595700832365e+00,6.631161433727797363e-28
-3.307331681630495361e-25,2.691106614094724691e-03,3.871008346459582583e+00,-6.635803920284756077e-28
1.784212426173465083e-24,1.490057886483450028e-02,1.618328964571967621e+00,1.263217304054040592e-27
-2.175215230958027101e-25,5.329651833367850776e-03,2.918728742532691989e+00,-1.130642361646772401e-27
1.643531816556165290e-25,-5.929624219231618976e-02,3.641362530749035376e+00,-8.553578696596202292e-27
1.111037473801823811e-25,-2.145564838888731896e-02,3.621701630129471550e+00,-2.114301130434663733e-27
1.114307065554857134e-24,3.792168812938117445e-02,4.946678233001679525e-01,-3.719097998248579197e-26
6.262145465403694515e-25,9.461078097504115395e-03,5.946315527422656899e+00,-5.591662628921204824e-27
6.971266504622977141e-25,5.407736474107220637e-02,3.676000280479298610e+00,3.244245098709471766e-26
8.471893989082851026e-25,-1.603954759510137175e-03,3.282224512110861969e+00,-1.345438360349658988e-27
3.039812742199663452e-25,-5.113994578148701314e-02,5.213265263138604055e+00,7.464902739720280349e-27
9.317548187696861109e-24,-2.461323500488018286e-03,1.275170094786466812e+00,6.681422435549446998e-27
-2.338895868828705485e-25,-4.625523242579839336e-03,1.269927858111474572e+00,-3.206094773274620055e-28
-9.768591432929491828e-25,-3.409500492396149232e-03,1.141175815749546851e+00,-1.387281649872912209e-27
7.604145150693630856e-24,-1.711212568484581434e-02,1.809462839174119431e+00,-3.076202805514380838e-26
-7.849808745937167355e-24,-2.633015122307930979e-03,6.123177084316314023e+00,-2.040464305478823974e-26
1.740986596039764310e-24,-1.027124786974907035e-02,4.226053570464062048e+00,-8.357905318050430021e-27
-2.555591818373873409e-25,-2.599872725804794685e-02,2.991397272129002083e+00,6.569411992263490009e-27
-4.689615521671190382e-24,-7.330373400033815372e-03,4.687328440641968519e-01,-3.066881909356683798e-26
-1.676486221168285105e-25,-3.900238326698155390e-03,3.221792563826158418e+00,6.517678553462890829e-28
2.993479142418936846e-25,7.139431662799257394e-02,5.428681408444358425e+00,-1.403252987079750011e-26
-8.478032447638164416e-25,3.481658470696041840e-02,3.268770541494767645e+00,-2.927922294522101569e-26
3.814923442200446752e-24,-1.089641989358845417e-03,9.213266237695212357e-01,2.513944600955795684e-27
1.142373895704022885e-25,-1.414896541781418896e-02,4.497596604093485162e+00,-3.445142972123332603e-28
8.885218189319551202e-24,-1.289017276317610010e-03,7.599079569172036974e-01,8.302417834349681401e-27
-6.544653451675817683e-24,9.058470177131990389e-03,9.444749793133987437e-01,3.475072431991386791e-26
1.144343963732417375e-25,3.341088040243875984e-02,6.099763881632042306e+00,-3.759218694934516402e-27
-4.017119057303491882e-24,3.315449135193748731e-02,2.182288957104686844e+00,-7.646051980132422438e-26
1.542721125466488402e-24,2.099509802712645756e-03,2.970616066412295364e+00,3.191731122318493278e-27
4.622250373135801412e-24,-1.228701487442850852e-03,3.229123318822925692e-01,5.385829424339403560e-27
-4.038064051153989265e-24,-5.200795533688234475e-03,5.645510101756058496e+00,-1.687404123645308668e-26
2.213320628885057313e-25,-4.176492866013766653e-02,5.322788185474886191e+00,5.298563979738082084e-27
-3.512878694926370773e-24,5.874236978811678278e-02,6.861208175580328916e-01,1.596586737173385453e-25
-8.703139671030829802e-24,-3.352054445413240723e-03,1.531444703016189512e+00,-1.147724311699132437e-27
-1.397941471857059764e-25,6.765540169822664707e-02,1.564192614894495792e+00,6.245632518173728468e-29
-2.360339026051525189e-24,1.763123896346651537e-02,2.328150792755634413e+00,-2.859004754713754490e-26
5.382384746862392104e-24,-8.077141309279470271e-02,4.128582586707691071e+00,-2.396319237475310816e-25
7.530180307253261599e-24,3.154973347865173451e-03,5.177857696222192274e+00,-1.066336485678367472e-26
-7.374480614186123163e-25,-1.177067569715229160e-03,4.604909441658219471e+00,9.311553725677750292e-29
-5.513065955639742172e-24,1.689101265785005043e-03,2.960342581451110178e+00,-9.159585893830911603e-27
1.241889329797865316e-24,-7.470433752708071501e-03,4.802692758624477420e+00,8.366507661455049168e-28
-3.530980667926691327e-24,4.417586876537495100e-02,1.201675653760846396e+00,5.627837086230769041e-26
9.500353749579851327e-24,5.564499795664420295e-03,1.794761876682033019e+00,1.174114077731122423e-26
-2.443179926615499031e-24,1.300175995320183679e-02,5.369635798459143849e+00,1.940688479254372950e-26
1.428365739841787527e-24,7.163147018293848124e-03,4.598846044645207520e+00,1.159230644916911507e-27
-4.182491163293470744e-25,1.448068570253413772e-03,4.027761232965614724e+00,-3.830059364476673658e-28
-1.143932541437952328e-24,1.020431914690622839e-02,5.453869881350693616e-01,9.979603346241023292e-27
1.257284767742570577e-25,1.662865141831090408e-03,4.276691651230311031e+00,8.823625386925995233e-29
-3.475046602812377155e-25,2.354438084106506499e-02,1.671916561178754979e+00,-8.259344676510602432e-28
-1.486315710118624800e-25,-3.467170110990555609e-02,1.076282648072636183e+00,-2.445779441149074234e-27
-5.417710703804253308e-25,1.007571048818532190e-03,4.638796166168387636e+00,-4.013606717125983119e-29
-5.766011630342278327e-24,9.946564824884582268e-03,2.924451540845574016e+00,-5.600523156455195296e-26
1.098034582087706309e-25,-4.351039932934057386e-03,6.659782797918253339e-01,3.756681761595973539e-28
-3.898588699601783970e-25,-9.816805123783486561e-03,3.103961515286369544e+00,3.824459040334414816e-27
-2.035596324795105746e-24,-7.692563609085573129e-02,5.858937522237882556e-01,-1.304732601018656437e-25
-1.389967002304002508e-24,-2.553946593159172121e-02,2.567646602990670157e+00,2.981083062406194608e-26
-8.701276604497266084e-25,-4.137865480618872077e-03,3.196944410992994090e+00,3.594957025457114978e-27
8.628709967668150047e-24,-1.548412681907875964e-03,2.100816727552656804e-01,1.306705178340234799e-26
-9.773844171334670239e-25,1.957732136520713359e-03,3.332282067434770401e+00,-1.878773180659805836e-27
-4.459329489254299772e-24,-8.114860050848259065e-02,2.903362700210596170e+00,3.516481710800915093e-25
-2.614810635410366258e-25,-2.040311477123037467e-02,6.243214651919827496e+00,-5.330766954686153250e-27
-3.758487363412130531e-25,3.917880835822224253e-03,2.481639368545971447e+00,-1.163329878601870847e-27
-3.312717559532159094e-25,1.109122902331138773e-03,6.251810627207129434e-01,2.979260252538106039e-28
-7.932801719728790871e-25,3.554925246279377980e-03,5.429329791693300322e+00,1.853004300273272018e-27
8.575022333819489217e-24,-2.527174740513064583e-03,1.119325458654845784e+00,9.454646488657498260e-27
1.057180266582983951e-25,-5.561433632195644100e-02,1.181777909016109129e+00,2.229955306667934160e-27
7.647769135700396148e-25,4.810148737923669593e-02,2.148619695328335855e+00,2.009308107155305735e-26
5.274215178503927941e-25,5.466566025006557722e-02,1.764351119698207571e+00,5.545762697532933714e-27
1.197060374724239756e-25,-5.753071679045884679e-02,1.238039124218229814e+00,2.249566313817837652e-27
-1.264065314902101700e-25,-4.894708287579400616e-03,2.616731064780829286e+00,5.354388271708737079e-28
-9.253909536831318700e-24,8.147826754378684200e-02,3.649345669354232768e+00,-6.588682406045093367e-25
-3.354643973280236009e-25,4.276201659615162104e-02,6.028445539172202494e+00,1.388220094334623440e-26
5.188809874291583463e-25,-1.378274521364917246e-03,3.519424229076218991e-01,6.713246054602707554e-28
-5.282300651308067356e-24,-7.393643514668622740e-02,4.277071245124714594e+00,1.646962478247161982e-25
1.051458929567667573e-24,-7.379187028353118016e-02,1.135368938698892771e+00,3.272693202469417195e-26
2.127795161369989728e-25,1.157623299052576438e-02,5.127376563279819166e+00,-9.931035017683751350e-28
1.714652624271276869e-25,-1.225792646047599993e-02,4.860943556688273048e+00,3.110861311430601325e-28
-2.092879053209991142e-24,9.326540674160722910e-02,5.452809382949448391e+00,1.316770129845394126e-25
5.075044303543704633e-24,-6.149987353914260733e-03,3.548788965095595493e+00,-2.865944694438312744e-26
-1.129924264739860840e-25,-8.675080635913854504e-03,2.222421716343832454e+00,5.944824227441970287e-28
-1.263027608101834780e-24,1.024162207405142225e-03,5.719309936853529841e+00,1.093291692065318136e-27
1.410031663778480351e-24,1.262989773419221501e-02,2.437823033867270173e+00,1.357739074418634870e-26
1.266950552423248004e-25,-5.778645457463796667e-03,2.920710817544795557e+00,-7.143385360511882138e-28
-1.679807899684668093e-25,-5.890035666919388180e-02,6.123547935146703480e+00,-9.768324517465324073e-27
-2.701003496259979177e-24,1.585559624760370795e-02,3.762377201845771957e+00,-3.483564282334020226e-26
1.413544700923337975e-25,8.663862382225301362e-02,1.948809907853662038e+00,4.519972018197884001e-27
-2.651051600092749114e-24,3.511533744734482432e-02,5.966039567555091461e-01,7.701068104753592255e-26
9.482382358060087108e-25,3.365337084292637469e-03,1.260582954486298757e+00,-9.741336364776689804e-28
-7.712105528181646606e-25,1.415483630358434653e-03,3.918921186661799005e+00,-7.781069296204190663e-28
3.754488982112084191e-24,-2.277456513808423944e-03,9.804707777014443071e-02,8.509618452639342852e-27
-6.010990934355573894e-25,4.068581747275079423e-03,6.193287067856854122e+00,2.435745074813173304e-27
1.081502275581302510e-24,4.681581745728876850e-03,2.325531502516297699e+00,3.468736749190325062e-27
4.599223391468988954e-24,-9.285677594428713710e-02,4.602030001167680129e-01,3.826377982301510142e-25
-5.319998334024444889e-24,-1.548008629011454274e-03,9.320361888100107128e-01,-4.909951536471487292e-27
1.550672842015131921e-24,1.331392038388694299e-02,5.155347675242549776e+00,-8.848975165008278886e-27
-2.098749406195990561e-25,-2.309977379592649191e-02,4.240096754335903384e+00,2.205523634124760700e-27
3.278904266682399523e-25,-8.466386974174743701e-03,5.186214424922259703e+00,1.266692610795937385e-27
1.767295901009317886e-24,-2.097006007177150150e-03,2.346987821873417701e+00,-2.596321690694885972e-27
-6.518566945795731736e-25,5.013866520976864583e-02,1.116205750272643460e+00,1.435102440870592428e-26
-5.758353990517940397e-24,-1.666281366371620901e-03,1.184572529991663403e+00,-3.614384286809672200e-27
7.892466531980546412e-24,7.994501323605228763e-03,7.761782308717455336e-01,-4.502529867550568328e-26
3.846954504379189986e-24,3.163424009904716727e-02,2.507000889259280108e+00,9.800304965565247520e-26
1.175229580684116781e-25,2.178166667208841778e-02,4.330600401446778491e+00,9.537495999301821354e-28
-6.627610863774018405e-25,-6.722361047656702851e-03,2.523991506867288681e+00,3.632287870332862587e-27
1.367268206322398349e-24,1.416211544937047082e-02,4.687906560842208137e+00,4.740157753925070545e-28
1.719808356011723100e-24,1.100882367517026219e-03,4.167680180350386010e+00,9.810529417154797361e-28
-3.415241304302725522e-24,-3.367001438301660699e-03,1.910490350653337721e+00,3.831491664619772849e-27
1.411847771544125288e-25,-1.166304349903552438e-02,5.623012944662272083e+00,1.300662089962326585e-27
3.015936734605221804e-25,3.695070246290401567e-02,1.090606896265078785e+00,-5.147984812099543012e-27
-5.065883747044624422e-24,-4.266566687757522569e-02,9.811245682630691523e-01,-1.201925284105972204e-25
-7.897474498164084913e-24,-2.209813430284855631e-03,5.293597153754959095e+00,-9.581713529309191162e-27
-1.167394856538672686e-24,-7.754341020819198460e-03,4.389976668984830077e+00,2.868295652096192340e-27
-4.881833231036372247e-25,-5.766628211977086263e-03,7.180897484680524023e-01,-2.120004330415926967e-27
8.039280007685609316e-24,2.655806485575592027e-02,2.868645257775152224e+00,2.056037810898992056e-25
3.135747765292252508e-25,1.299479600175759524e-02,7.693359294461453723e-01,-2.927254377938051677e-27
7.969966664653312202e-24,4.176729792603815598e-03,2.003963372157127498e+00,1.397271960351284651e-26
-3.699776694380292684e-25,6.592461135023200934e-03,2.883326222799760252e+00,-2.358169899693333668e-27
1.480412021835617254e-24,-3.868614249328092280e-02,5.977885495489865697e+00,5.462302069814514407e-26
6.401522508408070718e-24,1.021618337397960964e-02,3.289682921056497289e+00,6.468331223113686022e-26
-4.169973656107440985e-24,-6.693047240303166834e-03,5.076344899392016607e+00,-9.935168459990294253e-27
-5.757471219907007468e-24,7.575246021695229703e-02,6.153368706565461643e+00,4.324727537813815384e-25
2.103640147571006515e-24,1.924068469812733554e-03,4.793796818191100151e+00,-3.291382775696574107e-28
-9.041229400426169786e-25,-7.887533156004755686e-02,2.968913790259199104e+00,7.025243082395332332e-26
7.526018794420915395e-25,-3.898001890183847018e-02,5.150166640718874866e+00,1.243652907105993552e-26
-2.449705379869321429e-24,7.233432953052650397e-03,1.640706044216313775e-01,1.748181334033793328e-26
1.514348915043949787e-25,-5.219266271257775452e-02,3.171726425983550257e+00,-7.900201991154882393e-27
1.410725640571043329e-25,-5.092350667203092950e-03,7.880435399619778458e-01,5.066335514665517821e-28
-2.074272859536693094e-24,8.932578224911075226e-02,2.789437074850479537e+00,-1.739152982850898099e-25
-8.633228026233280472e-24,-3.894213855637304600e-02,5.322143420810824033e+00,-1.925282831254021798e-25
2.839449939959529699e-24,-3.098856901089715177e-02,2.781788170622236489e+00,-8.235607932043749305e-26
5.414320444270797298e-24,2.165753922347949615e-03,2.648574812842543480e+00,1.032960940745030785e-26
-6.975221503526167078e-25,9.060964834887848263e-02,6.305461573365414019e-01,5.104880195852712618e-26
5.838131525052107751e-25,9.662821437863892970e-02,3.423451727645610010e+00,5.418677317208027392e-26
7.068308208406728309e-24,-4.867669453411526889e-03,4.283789796918560100e+00,-1.429911192118459181e-26
-5.746284269294038056e-25,-9.917833867225977693e-03,4.363787019203336115e+00,1.946711980217111199e-27
2.588691361962332845e-25,7.398732172212975529e-03,5.123578322022866338e+00,-7.655464186995808639e-28
1.618643945003411799e-24,1.207132559592107761e-03,3.669855018107114564e+00,1.687567939554766864e-27
4.940236688492674537e-25,1.705042951242354346e-02,5.236479880031255085e+00,-4.215247310617775537e-27
-1.584179271729150843e-25,-1.100529747473345636e-02,5.778800342202334406e+00,-1.526329532946580157e-27
-7.231065291922279161e-24,-8.389374884408553126e-03,5.886436388146580434e+00,-5.595185961236761827e-26
1.538613972646797468e-25,1.599593017138948095e-02,5.334173039186781651e+00,-1.433589606805584030e-27
-1.012129520557489088e-25,1.927914707085614642e-03,8.012239563245675544e-01,1.357769092501084201e-28
1.341222824401056525e-25,-2.579866956510631915e-02,5.700959197128277367e+00,2.890079908835729155e-27
3.113247663750943842e-25,-3.615148522713987431e-03,1.681424862166527867e-01,1.109612916236072665e-27
1.538478798773614709e-25,-2.057464328952689908e-02,1.364017631468547709e+00,6.498757207577097623e-28
-1.233702218027985801e-24,5.649986349316950263e-02,5.845293984814432520e-01,5.813118025200761466e-26
1.615302463021298990e-25,8.874038781387710850e-02,2.203084616078353708e+00,8.471434111476268391e-27
-8.173781822511835994e-25,-1.021079877044708123e-02,2.577805254205348451e+00,7.054420995611921478e-27
-2.377875104286764448e-25,4.678452521480242626e-02,3.205928525688712671e+00,-1.110176041324162951e-26
-1.049312913876790496e-24,-5.238449787267585381e-03,1.609282320548715672e+00,2.114965522719024268e-28
8.351547204157470065e-25,1.524148445125453680e-02,2.488807151056573019e+00,1.011185165882561202e-26
8.854226072961988707e-24,4.795435752122026440e-02,4.020751240112850233e+00,2.708088227319723795e-25
-2.341906963426735393e-25,1.606707997281287686e-02,5.728208962131649429e+00,3.198018831771614110e-27
-3.514554968402806513e-25,7.914761026719020418e-03,6.134815745948309029e+00,2.751125031686739125e-27
-5.065246917741378160e-24,-7.447238760493020242e-03,1.065924217011361863e+00,-1.824601193893080540e-26
5.304116332235944655e-25,4.441010238854655248e-03,3.183906235803070306e+00,2.353455061911109607e-27
-4.258922073640361956e-25,1.451214398002940303e-02,5.050063762985785409e+00,2.047599202318711703e-27
1.701471145535637020e-24,4.134856242636915889e-03,5.084902893946049218e+00,-2.560568304811713638e-27
1.942425461813070023e-25,9.941794227658642957e-02,5.042974609699622413e+00,-6.268355774486743919e-27
5.403198213452277276e-24,-6.716324031096929104e-02,2.040066007282033134e+00,-1.641144209369427363e-25
-2.926808626208029700e-25,5.097290227375420556e-03,1.811238101894741881e+00,-3.552637781801948652e-28
-2.789790112190561928e-24,3.057926667843751875e-02,1.468975214911709015e+00,8.671330619653875089e-27
3.561305189745149975e-24,1.118035871810184670e-02,2.820202039723316845e-01,-3.824371927369222604e-26
-8.466912941648570338e-25,-3.703932978839490856e-03,2.773643009749549582e-01,-3.016228066786111153e-27
-9.306474497063947699e-24,3.829798419774703422e-02,5.463507472593498449e+00,2.432406878365488485e-25
-6.983294218061761840e-24,-1.727647406986590603e-03,1.520607821068037602e+00,-6.052535979814834901e-28
1.233433046038176140e-25,1.040871702361111832e-03,3.619805460721745138e+00,1.139822212069069036e-28
-1.027817915803022057e-24,1.642246973561697215e-02,3.350058125582014767e+00,-1.651386568736793191e-26
-2.726756051847783221e-25,4.549210387647530801e-02,2.089299331906654122e-01,1.213482962244921205e-26
-5.168741496478558775e-25,6.316412644360616668e-02,2.825308769841154533e+00,-3.102849715647677978e-26
-8.961141844021015695e-25,5.113251567877907973e-03,2.780019137838499521e+00,-4.285787650407563116e-27
1.043808866020366904e-24,1.208553741608933132e-03,3.585450405176922040e+00,1.139262074911097829e-27
3.881245235642483054e-25,-8.546464236787020691e-03,2.322724780193611505e+00,-2.265735025753680492e-27
1.690346821597818546e-24,1.762154899110664544e-02,3.566238876613250675e+00,2.714102518958570166e-26
2.896174755691437267e-25,-4.745378868194593223e-03,5.136283111951977176e+00,5.652858765202079429e-28
-1.966981995479326604e-25,7.487914164417005213e-03,7.544850047225739598e-01,1.073161127453121438e-27
-1.200160776993406595e-25,7.634684475127734987e-03,4.558447472530285260e+00,-1.404978195140831547e-28
-1.680313918355666150e-24,3.540778452303311626e-03,3.406227910442098494e+00,-5.742500967075710906e-27
-1.541488266405931617e-24,-2.519654950152849706e-03,5.271602352431267846e+00,-2.060547803900248556e-27
-5.983734139081933653e-25,-1.204253382770367406e-02,2.927021036492453820e+00,7.040683474825116847e-27
8.296293328694980757e-25,-2.084747878650520039e-03,3.295333158931965212e+00,-1.709168062424972059e-27
1.062536464414055972e-25,1.765105948036385392e-03,1.271302271242197968e+00,-5.533384414823491056e-29
-1.836234866417225125e-24,-4.208067403256623984e-02,3.420029671097037482e+00,7.429403975581110279e-26
-2.199241232655340296e-24,4.607641058591685317e-03,1.441042139204758543e+00,1.311153582771150030e-27
8.934317137935169120e-24,-2.985113690107418869e-03,4.989973453235840850e+00,7.308457442918285181e-27
-1.007476831661701938e-24,1.259899219209016652e-02,1.847226094392021345e+00,-3.464260474924475267e-27
-4.441273743092763572e-25,-1.763738248734442269e-03,5.486710836631840671e+00,-5.477250698946405855e-28
-2.774032410616801486e-25,-1.442362971265824696e-02,5.522213369379090686e+00,-2.897505531920069091e-27
-8.993734060209555125e-24,8.053242733122759067e-03,4.001154722572823452e+00,-4.727924627202105687e-26
-1.103874190966082816e-25,4.001231363761738671e-03,7.609039577581271363e-01,3.198744377344331568e-28
-2.696518958853779003e-25,7.263015181064031225e-03,4.889976731365826446e+00,3.459778367623963448e-28
2.544332345550028382e-24,-1.784973195809675534e-02,5.998049908124714946e+00,4.358192879748750448e-26
-4.828739356370218349e-25,-4.662677567621972136e-02,2.527685849935783047e+00,1.840372524019258513e-26
1.063599984885192206e-25,-8.183522129492838693e-03,6.258949940186606220e+00,8.701437979792082087e-28
1.166071168357294181e-24,2.601528943903013563e-02,5.025139436109773428e+00,-9.333585553107221306e-27
1.225814681966203430e-24,6.585632759407497594e-02,4.049369597208464455e+00,4.968781753139311960e-26
-7.124453478585699796e-24,3.725179217154258021e-03,1.183276807915201623e+00,1.002923034833460610e-26
-3.834624623952759069e-25,5.951512451945357822e-03,4.194966214764501267e+00,-1.128862690725782057e-27
3.242466481985176247e-24,-7.219102187532982877e-03,5.836932107183597118e+00,2.111539298470829889e-26
-5.307753786686247601e-24,-3.564600485712841188e-02,2.063399633922864851e+00,8.947680783203941287e-26
-5.906044912055968318e-24,7.736504303540975291e-02,4.623990211772648351e+00,-4.033870609484559795e-26
-3.219824045094080055e-25,-4.275191102488905964e-02,2.611985428770819073e+00,1.187958496615694597e-26
8.228571813934292931e-25,3.157633230972126809e-02,5.657335403302777621e+00,-2.105817386454686301e-26
1.385807212660714315e-24,1.222679983218652715e-03,1.120807417297186248e+00,-7.369881317258947609e-28
3.236360055072166651e-25,-1.314233400351385618e-02,2.927637644948883455e+00,-4.156351424970266491e-27
1.198949835133614942e-24,-2.771035482159038901e-02,6.119316042578370585e+00,3.277824742672310333e-26
-2.168773824781425101e-24,7.752101236105312342e-03,4.741555538108152668e+00,4.902948123915636618e-28
-1.148258095551088962e-25,1.947888383902017214e-03,4.634881876945885715e+00,-1.731849613302044319e-29
9.302383197241893698e-25,3.004697478326374960e-02,5.981599137661278043e+00,-2.668932895200562438e-26
8.890077320532314485e-24,1.106432622201482252e-02,2.298744872391890404e+00,6.544460410871198631e-26
9.624874674058713071e-25,4.375039519248418579e-02,5.319288262107208176e+00,-2.401585825781071793e-26
2.275969869167960516e-24,-1.140746561262886202e-03,4.397912210477041839e+00,-8.030862584601457338e-28
-1.108737584107501292e-24,1.981836881780993116e-03,6.163485907818003540e+00,2.181614159473504830e-27
3.749566388757895821e-24,2.373571850730829633e-03,2.758174347259833570e-01,-8.563476174088249469e-27
7.693047983916509239e-24,-5.296784565846477527e-02,2.300497001942142017e+00,-2.716479240235373382e-25
3.345504637403640301e-25,-6.592799936260901154e-03,2.490527380747362407e-01,2.137572701848967983e-27
2.172095341692349784e-24,-1.127776639175041059e-03,3.669164840777180636e+00,-2.116565626331032945e-27
4.077113275766834960e-24,-5.254435662075861158e-02,5.075872470723915342e+00,7.616542864546401715e-26
-2.021624195171341003e-25,2.478926182550371740e-03,1.256311547465355449e+00,1.550176801296547656e-28
1.999572076322098416e-25,1.183026016052889269e-02,2.541292462611894454e+00,1.951968137590254195e-27
1.472994037470115637e-25,4.095234854484381543e-02,1.806254510100322674e+00,1.407256382786726157e-27
7.302993069138067227e-25,4.368799050056065662e-03,2.150232205021014753e+00,1.746981530575086891e-27
-3.030214324607225829e-24,-9.093190253179767035e-02,1.430708199430269278e+00,-3.847419503314279434e-26
-6.510915001299115417e-25,-7.270728724834042700e-02,1.996004722815496013e+00,1.952788059635375377e-26
7.317048085804402156e-24,7.283039173099220553e-02,2.978280933587055035e+00,5.258127997316304128e-25
5.078874447033291671e-24,-2.699397938388579596e-03,5.225062580976633342e+00,6.724829126080458168e-27
-2.373904947585396716e-25,6.525273911068060241e-03,4.441559703483446420e+00,-4.144150317955464492e-28
-1.012412480541307548e-24,-2.221973950685324217e-02,5.706623470581516422e+00,-1.885895503744846267e-26
-6.522760486295781134e-25,-1.090686962450701687e-02,4.837707502947154126e+00,-8.892205229551842984e-28
7.001748204066035169e-24,1.279169310120571723e-03,1.295233924229053368e+00,-2.436936263567144373e-27
1.448868358595482289e-24,-9.323879752438649776e-03,5.428527794704084641e+00,8.868395284951134584e-27
3.784948871802941522e-25,-7.962842521008947627e-02,5.670538567433789368e+00,2.465754802791262699e-26
8.014645451884543460e-25,-1.776525741131018687e-03,3.112379289828534623e-01,1.355415131987952386e-27
8.575954461682286162e-24,-1.937423668501086918e-03,6.582181069574895016e-01,1.314405554029776705e-26
-3.217438602299465137e-24,6.647904085914684014e-02,6.231077480915294231e+00,2.136019151747852192e-25
-1.949931181085796817e-25,7.878149319879791668e-02,2.512426002153749227e+00,-1.242033436456213884e-26
4.179651718312905741e-25,-5.363717050020589718e-03,1.300457158708869354e+00,5.987038306522588112e-28
-2.414312152778865037e-25,-4.130067322890233761e-02,5.083904907968316067e+00,-3.619854389763837052e-27
2.241213694789895764e-25,1.081020746208277272e-03,2.298966053316189306e+00,1.612383658201053041e-28
5.104464164771965043e-24,-5.170107868636013987e-02,4.401167774250028808e-01,2.387565386090505684e-25
-3.954614684424238054e-25,4.805047070955874647e-03,1.407492392230309974e+00,3.089345237947498382e-28
-1.565641100216785891e-24,-5.715866732031872621e-02,5.778253556688317083e+00,-7.832228239276733287e-26
2.057615015627239230e-24,3.682885765385950690e-03,3.915351172962532100e+00,5.420433449937407987e-27
7.224836702345231103e-24,-9.886525074733591711e-02,1.169820670140659047e+00,2.787975467538184433e-25
3.967123732197747457e-25,-6.797245352696577175e-03,4.793103479032710723e+00,2.174145397450676623e-28
-1.208340708914007514e-25,1.802087530778661434e-02,2.526105980254902850e+00,-1.777941717849453857e-27
1.002547140547906177e-25,-3.350086889948754310e-02,5.607780355660780813e+00,2.621247881037430488e-27
-2.095496988945443559e-25,3.326243387634203463e-02,5.051476942401677661e+00,2.318455305214530166e-27
-4.710790891251240594e-25,-7.750819011617339840e-03,3.963286543159033837e+00,2.486433766047882751e-27
-6.592859329566271175e-24,-2.263627043279926344e-03,4.967079214772939899e+00,-3.759980075963798901e-27
2.045312251702128028e-24,-7.230779529817915607e-02,3.389891519276422294e+00,-1.433564504364164754e-25
3.585937911650477209e-24,-9.194558378128844800e-02,2.844334376130703390e+00,-3.152510560586360265e-25
1.181138850106920071e-24,-2.526131968252057908e-02,1.165663981116149550e+00,1.176001669394488756e-26
3.554086208626898464e-25,2.982031942718520873e-03,4.191530052493276592e+00,5.274031798169114110e-28
-3.551045148836209454e-25,-7.035274933389282226e-02,3.140785508151240801e+00,2.498257078506922627e-26
-8.430578235746100147e-25,2.618503113003667511e-03,2.286327185394692485e+00,-1.448192610946043216e-27
-4.983834423670219283e-25,6.442509711520543782e-03,3.705678539960961970e+00,-2.713409354405984106e-27
-5.532134699622174574e-24,-2.266392244143970985e-03,3.561812366234034855e+00,1.144717386871401322e-26
-2.364578359967183551e-25,-1.276197179413546485e-03,2.412615932370433924e+00,2.250747182037347605e-28
-1.712396860940782330e-25,-6.562194252195760295e-03,6.006853408788656701e+00,-1.081077600735767987e-27
-2.147700988623267971e-25,-6.580095484788395406e-03,1.789876395666608166e+00,3.071349468054495319e-28
-7.001271805272448357e-24,-1.370089965535090624e-02,1.601760734509744544e-01,-9.469582364728470849e-26
1.910747056610165733e-25,6.366868560109781305e-02,3.008938596774962448e+00,1.205859369711188281e-26
5.418180930208737379e-24,1.438667256798660489e-03,3.274218078739075111e+00,7.726505190518870191e-27
1.650782653264296624e-25,2.276690887802858190e-03,3.790894683062215886e+00,2.993525908940684085e-28
-2.526525004974839980e-25,2.368397633792316409e-02,2.752675793493969181e+00,-5.536946358051873748e-27
1.416986168275319817e-25,-2.732166350129183741e-03,3.674150441921369747e+00,-3.335290589576036625e-28
-5.160353060519669293e-25,-6.097558567770616431e-03,4.756088609303573911e+00,-1.374595479363036209e-28
5.719256627935853981e-24,-5.559248289343532781e-03,3.779842425652363502e+00,-2.553564194331466813e-26
-5.059799538729941085e-24,4.278221130932496202e-03,2.145358160359585487e+00,-1.176439895561881545e-26
1.091304582584549274e-24,-2.007702861738204763e-03,4.178923314947410539e+00,-1.114176212728644276e-27
-1.592065432118110095e-24,1.355791324681903396e-03,2.017488576576723869e+00,-9.324426601141858554e-28
8.171343539647694927e-24,-4.978255103929717096e-02,3.397031724215423321e+00,-3.935909768926720071e-25
2.007888900648706697e-25,5.564538386710041543e-03,1.407101821318571755e+00,-1.820797453581071033e-28
-1.058935976497548301e-24,5.704570302164273937e-02,3.310989248280028718e+00,-5.954311139510305395e-26
1.725839047728416345e-24,-3.264944273179517728e-03,5.799110955890411923e+00,4.987367893660378801e-27
1.533412786020413588e-25,1.583046903575683131e-02,3.860417532913817951e+00,1.826861291438210222e-27
-1.780802818386847581e-25,-1.495065020716708319e-02,2.100145523007363124e+00,1.344444777725251623e-27
-1.869718859857760062e-25,-6.692076022854168138e-02,3.279646866726908971e+00,1.239325425128020964e-26
-2.158559341164731196e-24,5.474984203062516035e-03,5.481757007806241866e+00,8.221617250525469890e-27
-2.716001133892209871e-24,2.201516993637039551e-02,2.183667163150322832e+00,-3.439415042098862888e-26
-6.318559597396211006e-25,-2.450782775689559420e-02,3.653755971804731661e+00,1.349842716717646281e-26
-2.096921112281336062e-25,7.792570562436033910e-02,3.921937636987186337e+00,-1.161265045509799448e-26
9.661106753583262205e-25,-3.581832329214962307e-02,7.575966360115912734e-02,3.450520537188929015e-26
1.273956608730904671e-25,2.723525212598166146e-03,4.545157740090857601e+00,5.775336441764262017e-29
-1.792438952681747693e-24,8.654455402175758108e-03,4.129761380934203530e+00,-8.535332338522855990e-27
2.391991579618981362e-25,5.502598065350200116e-03,3.384868922351509379e+00,1.277459484049546892e-27
9.628579087768331990e-24,1.998371387264981022e-02,5.464990565696644431e+00,-1.315231919494600587e-25
1.220362116069441798e-24,6.239940058478008270e-03,2.654325710338380495e-01,-7.348302898390746253e-27
1.228316097436650756e-25,-4.535789909117120267e-03,2.325761267125295184e+00,-3.817863903178853452e-28
1.211410948892252286e-25,3.681295274909708592e-02,1.033973963995227896e+00,-2.280654991861550065e-27
-1.435955078724031607e-24,9.269999065142042749e-02,3.600849558395874617e+00,-1.193201366296814974e-25
-1.897333250701063235e-24,-6.399319253542188647e-03,4.961861526733820860e+00,-2.997684624186331155e-27
1.001047277221441248e-24,7.145817539960758191e-02,5.003160355910602597e+00,-2.050789259710010977e-26
-8.522690749322540275e-25,-7.526789861153283800e-02,5.348850598927834987e+00,-3.812689252270591018e-26
-1.106261615661970939e-24,-1.603966854638848305e-02,2.386351961383360365e+00,1.291957383389908149e-26
-2.115956076764084928e-25,6.602864784658412853e-03,4.758229217822405488e+00,6.402267276572322497e-29
-4.949355803832393186e-24,-3.233282985542499516e-02,2.754096583851699087e+00,1.481620010138037292e-25
5.317113060810997014e-25,-1.028165759824299554e-03,2.475107762218730301e+00,-4.296960740256946870e-28
-5.637969279199633827e-24,-2.112853295418730317e-03,4.430159067587430499e+00,3.317524776155225796e-27
-3.150973610527035670e-25,-1.667519393690626572e-02,3.627512260735782146e+00,4.646101444349136546e-27
1.861508251738678560e-25,1.642699598149026038e-03,6.198040627306074413e+00,-3.046821254851504184e-28
2.415951016796984957e-24,3.698755848961904347e-02,2.384203711174388562e+00,6.493196105342508182e-26
-2.854337444655544124e-24,-8.464248530345155550e-03,4.550334045788094528e+00,3.898104003360670827e-27
-1.774146483148689249e-25,-1.479977604407782012e-03,2.414689692479770500e+00,1.962015754521849590e-28
2.396231978950630216e-25,6.058434747107293260e-03,6.618572874951178520e-01,-1.145209388822536934e-27
-2.868082987943778627e-25,-6.229639595218829096e-02,2.276867924462999682e+00,1.159307580755363410e-26
3.058995993959371978e-24,-2.334066933992844095e-02,5.622367389785340563e+00,5.636884243746951957e-26
5.372164829031519192e-25,-1.845122404078598441e-02,5.130660823395568393e+00,4.026197372148681078e-27
2.437366041279835286e-25,3.645920996733552875e-03,2.688906868352805013e+00,7.991362569054505104e-28
-1.963867285377446749e-25,-2.676162660353628014e-02,4.856855943086690885e+00,-7.566263475574404234e-28
-6.463812970680233588e-25,-2.791325724661496144e-02,1.910320917166018706e+00,6.008889404923335882e-27
3.679726181796279426e-25,-2.485798660124414333e-02,5.854836356186880586e+00,8.320647155528067931e-27
-3.511268645257856582e-25,-5.925880312848534094e-03,5.630247073713496420e+00,-1.652732973160014024e-27
2.055642617640718385e-25,1.569590189313849584e-03,1.961188371693177945e+00,1.227854048490859190e-28
-1.151251631725039880e-25,1.097715689566213567e-03,5.780681116114187112e+00,1.107521614730777545e-28
8.911933643103463887e-25,5.733593252561132100e-03,3.939208651265818650e-01,-4.718391828956116128e-27
-6.654611754418806927e-24,-1.642436955603105483e-03,5.251150615354312379e+00,-5.607779975691277892e-27
-9.720422063897880445e-24,9.928475933089804181e-03,4.374733857964212547e+00,-3.197106264180973771e-26
-6.481626894225838277e-24,-1.260720084062664278e-03,1.675421471121070427e+00,8.533872534393011890e-28
3.874705966508903640e-24,2.605132036266712484e-02,4.618752570449514039e+00,9.437966400814066851e-27
1.875303362449032998e-24,3.713449952699463680e-02,1.986636853209014397e+00,2.813107708467909179e-26
-4.614212143567669646e-25,1.530091966919538277e-02,2.446745950611788345e-01,6.849890293620525572e-27
3.392917990003253580e-25,8.655818816644818281e-02,4.046664020418443641e+00,1.813884034647035599e-26
5.928753396395016857e-24,-9.843176598146280432e-02,4.684946546518194310e+00,-1.601278151586645036e-26
1.510572365755125352e-24,1.220101964051800107e-03,5.226236148791352676e+00,-9.059177524822034459e-28
1.350713031908082818e-24,4.375940483644541468e-02,2.315393836664277227e+00,4.005498112305773990e-26
-1.928657061332304403e-24,-4.955853710317868407e-03,2.878531310406829746e+00,9.229327241039883450e-27
-1.350825744962562361e-24,9.813762833861094936e-02,1.870482232021869251e+00,-3.913639769094094403e-26
1.010439166333503399e-24,-1.534564093087929966e-02,2.347039932489160208e+00,-1.086345104330273051e-26
-1.670098588217184012e-24,-1.300542157371665630e-03,2.866171491384060577e+00,2.090171296210374231e-27
-8.677254862335969137e-25,1.096324382075057786e-02,5.789006249303015217e+00,8.374925110139945689e-27
-4.544379461891437422e-24,4.943608377433343637e-03,3.330448890630827830e+00,-2.206618450546069917e-26
-4.142465067757435117e-24,-2.695752454439588434e-03,1.849023988172447286e+00,3.067054346211777474e-27
9.954246346282220116e-25,4.315290186009470424e-02,1.186972662400844758e+00,-1.608547375304513891e-26
-2.905689791274401807e-25,1.073770284198177077e-02,5.042448240518850433e+00,1.011203212774450362e-27
1.124597522464612369e-25,-2.820850916611494785e-03,4.366832162293572850e+00,-1.074530898507348348e-28
-1.844315067235680686e-25,-2.777329078235806978e-02,5.082063783237530608e+00,-1.850738710207778376e-27
-4.178680325991838566e-25,4.723891249645528236e-03,4.519341749310505918e+00,-3.787056329830844080e-28
-3.926204423339710560e-24,5.567545340948026888e-02,2.003538167875095422e+00,-9.166957091914518131e-26
-4.030079971444981059e-25,-2.556774652292873300e-03,3.278282562406706901e+00,1.020789540053561283e-27
-1.074822739021709138e-24,-9.230512760680824325e-02,6.973058679910220103e-01,-7.605317234014095006e-26
7.843524678880903085e-24,-5.805777715661492727e-02,5.852387014029919676e+00,4.137709740162152238e-25
2.541298004123546167e-24,-2.181856128015983304e-02,3.885579469052060197e+00,-4.079682816939907870e-26
-1.344960298609234971e-25,-1.463333297478739900e-02,2.995475653202874344e+00,1.947152631236416486e-27
4.339577948577933368e-24,-4.957610962815132971e-02,6.217017524368911197e+00,2.146686049160624789e-25
2.272991256430307921e-25,-2.170701616330394587e-02,6.214361015321058446e+00,4.922304795807588383e-27
-1.931311824434968479e-25,-6.252771269525944642e-02,3.812677725512129356e+00,9.457327892848426372e-27
-9.278750365412896596e-25,-2.615293114553584371e-03,1.790226570804920980e+00,5.282208621247210838e-28
-2.232136680111972914e-25,-3.812945024713737530e-02,4.585379804796280823e+00,1.078073005725040593e-27
-2.087597642019530382e-25,-3.846828466207965948e-03,5.798933329920469504e+00,-7.107295787305015079e-28
2.555211470967798693e-24,-2.911181516350533002e-02,3.960673343273486413e+00,-5.079826021026517141e-26
-1.238506680982452354e-25,3.153395520631432219e-02,4.672680815039254476e+00,-1.550395458486732551e-28
7.345306240520714956e-24,1.050664514702555298e-03,8.697273794507900391e-01,-4.978026238559240458e-27
-1.451377370518729744e-24,3.328157992999740411e-02,3.784069430948229673e+00,-3.867297295836151787e-26
1.788096314473190745e-25,-8.788647329466540981e-02,4.981541270601648197e-01,1.380504781309505307e-26
-4.763184217905916833e-24,1.218182542493518108e-02,6.251630302791030935e+00,5.799539308819107697e-26
1.567099354435788603e-24,1.888922784203253200e-02,2.978740599792577992e+00,2.920963858782470170e-26
8.342860009108251358e-24,1.083116014855044565e-03,5.480527464005815474e+00,-6.278389607553535942e-27
3.320449609623151232e-25,-2.679341430888029091e-02,3.582413202962963505e-01,8.331815632266317678e-27
3.556491174169585683e-25,-4.317882379055326507e-03,1.298811546987435950e+00,4.125431094917508541e-28
4.465517848508861730e-25,-4.435480507354937207e-02,5.433406107852261080e+00,1.307538492438334751e-26
1.786018322910968148e-25,1.051835448156281062e-03,3.381710383957717281e-01,-1.772199307200992936e-28
-2.776192952596175956e-25,4.535763329620448592e-02,3.183060107425384366e+00,-1.258132932397384147e-26
-5.933683404221074074e-25,8.211630211368881049e-02,1.603628770957344629e-01,4.810004044279213263e-26
1.514243613795339164e-24,5.118051698986852971e-02,3.980587104943583476e+00,5.178621987560678722e-26
5.952849155827957473e-25,4.765870430059299112e-02,4.794767252148310455e+00,-2.334470950380732281e-27
4.200765485648799351e-24,-2.876359660940993549e-03,1.706219027149849798e-01,1.190746078349199144e-26
2.698582144515829925e-24,4.766620066741285300e-03,6.210067617187543298e+00,-1.282874674495395677e-26
4.011543380436885916e-25,-1.951159644916990871e-02,3.053865007900095296e+00,-7.797061404890985149e-27
-4.040094304981996212e-24,2.058270647760132056e-03,5.549068672029124016e+00,6.173696928035042676e-27
5.076755457041966965e-25,3.307191558607889669e-03,4.270250804301868874e-01,-1.528211011231028006e-27
-3.971303945054471900e-24,8.568586620977664686e-03,3.875873753116855003e+00,-2.525975759328279627e-26
1.367883570317572948e-24,-1.673177672263741287e-03,3.481271851129196016e+00,-2.157938893326758671e-27
1.815288089332476150e-25,5.875347539191340396e-02,5.068850760479961082e+00,-3.721821557024041621e-27
-7.197439736404631516e-25,-7.925572495051059693e-03,7.607314087163340455e-01,-4.131866798953791618e-27
7.757945467499293099e-25,3.951800107697820384e-03,4.373351120223626376e-01,-2.777244114637427373e-27
-8.937432386173458812e-24,2.118978762753681577e-02,4.003426892579847518e+00,-1.232966432539727464e-25
7.497780448331901203e-24,-1.599814909987732833e-02,2.822724138364809843e+00,-1.139039877854030376e-25
2.373811532685720054e-25,6.555351613684405609e-02,6.020946528636892836e+00,-1.502916416783623616e-26
-8.033310773238564234e-24,-5.767762738336618469e-03,1.818554719946125831e+00,1.136260909401852503e-26
2.830027623687963774e-24,4.110821096538033737e-02,5.516576339783037852e+00,-8.379398834442607897e-26
-3.570337462170067031e-24,6.412332488824906522e-03,5.197960519009945379e+00,1.068503733467408590e-26
9.669351312101213790e-24,-3.075220206888759286e-02,2.104385082098177762e+00,-1.512420404825167777e-25
-9.731707251966012034e-25,-8.200765908105092650e-02,5.545803375965099313e+00,-5.907597935773824441e-26
-9.171877938139076826e-25,2.161671424608959877e-02,1.573652430783547329e+00,-5.662671565075691890e-29
1.027356000171018013e-25,-2.156385483523143645e-03,3.634005428685940675e+00,-1.952177377234225754e-28
-4.912782392237831926e-24,-1.920999179828851780e-02,1.638558322224096919e+00,6.390112224193031676e-27
1.018145211445156589e-24,8.249167064918247472e-02,1.894484378219820409e+00,2.671382243772313763e-26
-4.693821485744847753e-25,-8.160211908579012574e-02,2.328132475629592246e+00,2.631341710625961639e-26
1.463628174937980639e-24,2.191504276929775921e-03,5.345624692524165056e+00,-1.898086107696492035e-27
-3.966037073957105703e-24,-2.770414866707252097e-03,3.569611531328196641e+00,9.996377769143360024e-27
2.182751962721257385e-24,3.790466779818794756e-03,5.491539882959588503e+00,-5.813690565307269031e-27
-4.054196453892066500e-24,-2.502756080461038517e-03,5.691803708337399570e+00,-8.423469103054082451e-27
-3.244292996382199887e-24,1.101220826527525565e-02,3.617766537218448430e+00,-3.175240775092196494e-26
8.811866739145330807e-25,3.759272826453227603e-03,2.229532511370395653e+00,2.027714875303397005e-27
-9.944486752789120506e-25,-7.068226585698826614e-03,4.424213699730058735e+00,1.997661210741875888e-27
-2.079230578732856923e-24,-9.683404101394692612e-03,4.696033986487087475e+00,3.292772564172144068e-28
2.076192151381308032e-24,1.632022702367388325e-03,6.016296910989070490e+00,-3.268430719818403757e-27
-2.254541385685429815e-25,2.269974989176907609e-03,6.234400876439494255e+00,5.111663842688570809e-28
-2.066263802991551528e-25,-4.613182895232001424e-02,4.576224941310048422e+00,1.293915809701461185e-27
1.148589204088467659e-25,-4.221371490906164481e-02,4.090884906242862051e+00,-2.823151871616743374e-27
-7.064619649527454605e-24,-1.024041257934222085e-02,2.907416549410671625e+00,7.037003499037541996e-26
8.020246930298094305e-24,6.110547644831530040e-02,6.095319051023102119e+00,-4.814580227049400669e-25
8.619825679559523467e-24,-2.077219608990228412e-03,2.089383993106035398e+00,-8.874819020798004440e-27
6.390667657177078153e-25,-1.012111316185294744e-03,3.950715581688084566e+00,-4.463829234044395403e-28
6.287573767634512026e-24,-7.675477651314893679e-02,3.789340803453394635e+00,-3.848478006626103578e-25
1.068981243290628837e-24,2.104946933720823216e-03,1.781521434270032067e+00,4.706614229605745643e-28
-6.663263011995258080e-24,1.544532718089712629e-03,2.307958862849044390e+00,-6.917927413974283265e-27
3.273638470704279874e-24,-2.254994233342497156e-02,4.020238318830495317e+00,-4.711173940257619318e-26
-3.084372323973749910e-24,3.367609561019130164e-03,1.193278145167596005e+00,3.828785249154297518e-27
2.773454802686922573e-24,-1.396681370637983723e-03,3.344344818897982297e+00,-3.794285535696630773e-27
-3.149123829713179073e-25,-4.844217793560579716e-02,2.174967792199574479e+00,8.666090332882143534e-27
6.796059260130210883e-25,4.168465058613335383e-02,1.984565110670135191e+00,1.139009493980037321e-26
1.217633346332854946e-24,3.848396146121708505e-03,1.693379667295778379e+00,5.729801068130787714e-28
2.972852145675751055e-24,-1.218847003258198515e-03,4.952821371790807170e+00,8.628258029273764478e-28
6.986732757090870513e-25,7.090590586610966140e-02,5.430749977062796496e+00,-3.260486950280685153e-26
2.710171429802755743e-24,-1.799388208995719675e-03,4.848567924706706833e+00,6.620464405180979207e-28
-9.616224111757096141e-25,7.003304374584771314e-03,4.866370067673188693e+00,1.032897917803869635e-27
-9.763407865998080508e-25,-3.614427513853914632e-03,1.981431987329834277e+00,1.408714632832672905e-27
7.448496616383447772e-24,-8.303445894756338042e-02,3.828499730536608081e-01,5.737061185978275904e-25
-8.324842255816831144e-24,-3.063519491077817958e-02,2.473105024671886198e+00,2.001398088919575500e-25
-1.051204563542392403e-25,9.334449361726166253e-03,6.151833309777284597e+00,9.727888894913966141e-28
-4.039935145091868418e-25,2.335618132139259846e-03,3.033316304416181275e+00,-9.380488548234812924e-28
-1.653602180876510725e-24,4.862947852221843892e-02,1.881842400637634860e+00,-2.461102346691070558e-26
6.286786670031532082e-25,1.352449413889723851e-03,3.009560760316872141e+00,8.428558434150920155e-28
2.766067650024046966e-24,-2.422916966135746277e-03,4.055051584331785364e+00,-4.094968179252844496e-27
-6.919484837111417540e-24,-1.119538424457029854e-03,3.267208156093069249e+00,7.685591460391117972e-27
6.139798583699659231e-24,2.381162492762530902e-03,1.277977576599355958e+00,-4.220053263566024359e-27
-9.541702095406911369e-24,9.607328461648152740e-02,4.076982310549882804e+00,-5.440674879250547871e-25
-5.926187107507171268e-24,1.447544604919463306e-03,4.631290493182256829e-01,7.674760623999514225e-27
-3.067110664211141322e-24,-3.764069359045481983e-02,3.761146623562435565e+00,9.399069073796099845e-26
2.376581149581371145e-24,-1.282928514943664769e-03,1.736199682250241683e+00,-5.020157643739115205e-28
2.010584087591614370e-25,9.173683925927070271e-02,2.714985588477492745e-02,-1.843766550147581934e-26
-2.351683824455881919e-24,1.005633699740948045e-03,5.644988529889848117e+00,1.899445984535789323e-27
-3.556165346996433984e-24,3.304480834963018088e-02,1.940187372111581654e+00,-4.242771759057729221e-26
7.104858606524721977e-24,-1.772638159344121873e-03,4.081863065398704471e+00,-7.425242429987233225e-27
-2.803619661308929514e-24,-5.075050263917470564e-03,5.067078306977730762e+00,-4.941548201885041428e-27
-7.489563891163057214e-25,-1.413940627762951679e-03,6.128512779484232453e+00,-1.046337800292575898e-27
-4.611436984001477201e-24,-1.714459638087203509e-03,3.803946519588866870e+00,6.234348053289351728e-27
9.938579306322155758e-25,2.126956721343851563e-03,2.995370477470485904e-01,-2.019767920249952914e-27
4.697019158215339738e-24,-1.057014868261567202e-02,6.075338593579898472e+00,4.857963871493543475e-26
3.271965986881024336e-24,-1.383966635581460568e-02,4.504683499525030221e+00,-9.338027827033860823e-27
2.173967906405405935e-24,-5.654003079834659176e-03,5.015001455594705781e+00,3.663087358915412378e-27
-1.322242832238026824e-24,4.865119524698673092e-02,6.197066411519848828e+00,6.409029586075370565e-26
1.924862901663333891e-24,-7.210914710441475306e-02,3.621380755654658223e+00,-1.231286711567276532e-25
8.806923383856846731e-24,9.008010251866179277e-03,2.782197192650103235e-01,-7.628218299882949178e-26
1.109157303071808686e-24,2.478822482236385863e-02,5.367790723122652707e+00,-1.675700724682985924e-26
-1.237145059953937999e-25,-6.604213102177432584e-03,4.077492619845539124e-01,-7.500527288526377191e-28
-3.901884950693570212e-25,-8.666178929695515093e-03,2.552803369955789492e+00,2.812054468912510052e-27
2.178117648241855427e-24,-1.171985782269253885e-03,2.823495010765665114e+00,-2.424658213961047394e-27
4.136700090591782127e-25,1.434666385700412387e-03,2.855746135027382171e-01,-5.694425420993915348e-28
-5.536291052855911506e-24,-1.888885922418858396e-03,6.125086788813427496e+00,-1.032700185405263253e-26
-4.768192551756744435e-25,3.892637146211249538e-02,4.103713215010570181e+00,-1.061274786977016132e-26
2.169922170577692264e-25,-8.038500571903278713e-03,4.034040880364433868e+00,-1.094556689380235252e-27
3.645762018194803210e-25,-5.346778377799654702e-02,1.463198254520954755e+00,2.093373248654780658e-27
-4.957577001782387295e-25,-5.098195632378625664e-02,1.312184463566484105e+00,-6.463721373606826852e-27
5.281912568799098613e-24,5.207605287606190819e-02,3.543446103816845216e+00,2.531491385458620472e-25
-6.240402688390637576e-24,1.237449234744398760e-02,3.273844526981231962e+00,-7.654747273788282470e-26
1.740138665331147587e-25,4.117119432302889480e-03,2.970880125270916938e+00,7.060217377272298507e-28
-5.268296196988912277e-24,-3.253150653983358578e-03,2.072052033146985828e+00,8.235543914639778658e-27
8.447799742585871421e-25,5.691562274359248524e-02,4.532447312300625697e+00,8.605193474938971643e-27
1.164420079593772238e-24,1.905363307390386257e-02,4.797601410162228852e-01,-1.968171021776261044e-26
2.231728238833568075e-24,-1.071860178895381668e-02,2.365927379566389988e+00,-1.707853097214128316e-26
9.827564144343704185e-24,6.603449937826286198e-02,4.292419500497400620e+00,2.646014365905092282e-25
-1.173949481296361515e-24,-1.052245782362616145e-03,3.788460364090632027e+00,9.857258924523422121e-28
-3.698681031322670620e-25,6.797335379038962899e-02,2.658201198868816562e+00,-2.226059311283788527e-26
-3.206758652887127994e-25,-1.087572904860370851e-03,1.439244853792808476e-01,-3.451524777853367906e-28
-1.387099924542579410e-25,3.396377064640451054e-02,3.780700699904128159e-01,4.378409613637105444e-27
4.077168247110806340e-25,2.557115653909345504e-02,3.950588661521823752e+00,7.196144170621780644e-27
1.470699690973288936e-25,-2.108346812971803944e-02,5.806196087902073977e+00,2.754643620152106199e-27
-8.834704546781154374e-25,-9.291292194292595508e-03,3.661870726406158738e+00,7.122430572735184054e-27
7.729125682977821409e-25,4.383946912990504402e-02,5.564439168930023882e+00,-2.550223752360981433e-26
-9.275266797387597870e-25,4.300287284680004429e-02,1.346397355344390867e+00,8.875519778429704285e-27
2.069211196154647367e-25,2.560228014766677794e-03,1.580905833719540521e+00,5.355574209607639336e-30
-8.209746343297271588e-24,2.173155298092546012e-02,2.484348307527976640e+00,-1.412438345805186244e-25
1.007302508869499978e-24,-1.158367650795914111e-02,3.731923138822621944e+00,-9.693491250206729761e-27
1.516970157161289205e-24,2.537451496279049049e-02,4.944402718033656718e+00,-8.850852415721313820e-27
7.646081128519002639e-24,-1.685529643686234369e-02,5.890049825706332953e+00,1.190452550810995460e-25
-1.723041336829118362e-24,-6.178687972255315214e-02,4.183920635753932693e+00,5.367900667730111199e-26
-3.348733603490287594e-24,4.822592412141691112e-03,3.930092231992860619e+00,-1.138400420158201782e-26
-2.673089791948559771e-24,4.821300815277165808e-02,3.475867536959596382e+00,-1.217441204242142693e-25
4.911078930771219285e-25,-1.129082602028593429e-03,7.820048265083539007e-01,3.934199236236550127e-28
-2.797141283124570870e-25,1.141628417414329404e-02,4.543473489241253382e+00,-5.368357619609461322e-28
1.080854739061745215e-25,-3.602440132536968102e-03,6.481681572342530284e-01,3.104034414582002683e-28
-2.353212012438512833e-25,1.231022779505664029e-02,4.391554331268935130e+00,-9.135493297307180679e-28
-4.144738261796429274e-24,2.620437185722596356e-03,2.629084596233849602e+00,-9.465573236747882589e-27
8.258370055051881151e-24,1.312745717013293501e-03,5.477064130549146093e+00,-7.505349581683445941e-27
-2.469832200480132001e-24,-1.649033313068912557e-02,3.401781329091987383e-01,-3.839442733648931853e-26
-7.493726481885915918e-25,2.863919187013979142e-02,2.279350286078964505e+00,-1.396573323381557730e-26
4.634186886818303565e-25,1.426683180464314703e-03,5.940130260317408428e+00,-6.226273000378021514e-28
-1.286249800594160382e-25,5.400274959258048041e-03,2.639701627944392559e+00,-6.089470232012926036e-28
-3.355628546986804415e-25,-5.253931734134660060e-03,1.432671109165339240e+00,-2.427445279247549177e-28
-8.894634572391604341e-24,3.022503486137836318e-03,4.525765657106451734e+00,-4.988120684704749198e-27
-3.425478632577474284e-25,-2.910438179540470165e-03,4.085488979318915526e+00,5.848562392848892881e-28
8.314174949952159721e-24,1.397196774990736197e-02,2.419223598661047525e+00,8.715209241656906226e-26
-8.972866688391790449e-25,5.606859678965743499e-02,1.848527526723476866e+00,-1.379361046762537406e-26
-1.069841273201227949e-25,-8.151206002491777347e-02,9.186316635298968913e-01,-5.292541246999922569e-27
9.836182299099571948e-25,-5.031740969551615206e-02,5.789506445712208738e+00,4.358342124088950456e-26
-1.170262420259698602e-25,-3.270893578148238723e-02,4.705489403383875668e+00,2.641001776584511373e-29
-4.290259624501019966e-25,-2.328162550658203003e-03,5.539383027965515183e+00,-7.350473561146083843e-28
-2.697697844970536665e-24,-1.361758418800738469e-03,1.600887867845275148e+00,1.105279866298882589e-28
1.902480125268212047e-25,2.197882442261252928e-02,5.498276637005620415e+00,-2.958162794408305600e-27
-2.931510432680077629e-24,-1.373184831546637487e-03,5.787114329525753220e+00,-3.540269021574129880e-27
1.044710629764931708e-24,3.821662429588371795e-02,3.369641851186526260e+00,3.889161856401242826e-26
3.482475559429386955e-25,-1.977958466767778221e-03,2.876529314707205742e+00,-6.647628179454436841e-28
-7.070866867624896941e-24,1.210888137086260467e-02,5.431475593552056225e+00,5.639788748492195385e-26
-1.913572541145816954e-24,6.578486765808824917e-03,4.030491766963240075e+00,-7.934061858504762742e-27
3.921868098728349658e-25,1.887873269792941788e-02,1.629978083543254019e+00,4.379253902528302702e-28
3.004438505782021868e-25,-8.347610769967471825e-03,5.859259020354099512e+00,2.285983508818954232e-27
-2.044368327263175603e-24,4.721770599933548807e-02,4.522910025726829986e+00,-1.818122734435212123e-26
4.961689305409835651e-24,-7.634136230937384367e-03,2.488112953274002948e+00,-3.007428207875541334e-26
-2.772770032567310736e-24,-1.661727588563417790e-02,5.467731056755896546e+00,-3.158675839724985638e-26
6.691953975803674728e-24,-2.521715465220314423e-03,3.511949367970929048e-01,1.584518022260677949e-26
-1.805268994359225183e-25,-1.066725505471901670e-03,5.515710993047513000e+00,-1.385881022737076809e-28
-1.962090103492659861e-25,-3.777572118075772124e-03,3.300404501280640446e+00,7.318664170973285492e-28
5.236958392663630077e-24,-1.575076363368315552e-02,3.211812111880477882e+00,-8.228281727456950396e-26
-4.517255142973097237e-25,-9.105641358864116630e-03,2.724060946623649393e+00,3.759891991399515846e-27
2.415016594854631375e-25,-1.690459599174788316e-02,4.178882755512659308e+00,-2.076171404907301762e-27
1.243114512218880442e-25,-1.796574085727916520e-02,4.581525793681136882e+00,-2.914294854410190625e-28
8.263666174569298635e-24,2.089802267663978200e-03,8.112369146532808495e-01,-1.189176329350435132e-26
-6.400390238751181564e-24,-1.915718144580581730e-03,3.502618000971709833e+00,1.147091776354280955e-26
-8.274985532750500105e-25,6.407291875105160933e-03,6.080231313247993485e-01,4.351790043891400166e-27
-3.532840438610205134e-24,8.749517978017194719e-02,2.749445235955322531e+00,-2.856423901687245615e-25
-9.130295163431942654e-25,-8.883218852823839343e-03,1.246593100609748817e+00,-2.583674065648889925e-27
-3.419812756731961540e-25,-1.239766492850658333e-02,1.058573975358509278e+00,-2.077976993935652128e-27
8.680720093335009462e-25,-6.200949810630866990e-03,4.941207429291665676e+00,1.220980084505101824e-27
3.903809678549342645e-24,-7.334912448851621525e-02,2.599709912020726765e+00,-2.453195714835706992e-25
-8.546670047394243517e-24,2.074509420892057046e-02,7.246272213561313347e-01,1.327538719670442064e-25
-3.791659161546673382e-24,1.190126489566903888e-02,1.142654113206847288e+00,1.873528579759808831e-26
-6.378118998241292248e-25,8.825863307607849373e-02,5.698037184355553286e+00,4.692705473282022057e-26
-5.474214867002449876e-24,1.811593288787484175e-03,5.600044164452062656e-01,8.402248808406999689e-27
-2.406091869595261588e-24,-1.264554772320943682e-02,2.447508093062950696e+00,2.338689758364660093e-26
2.547986775127794822e-24,6.588451283983440265e-02,2.429383437599659690e+00,1.270663282636220670e-25
-3.525489216414727844e-24,6.185092766870785991e-02,5.651978667113323418e+00,1.760391191167820125e-25
-2.164661465300815140e-25,3.088974743433527820e-02,4.871055108841808590e+00,1.056488596395550400e-27
-7.221846872749905442e-25,-1.448016472661538268e-02,2.299879946911938866e+00,6.966547469855916547e-27
-1.169805537960697316e-25,-1.488277856260247951e-02,2.159528709995277573e-01,-1.700556976465935455e-27
-3.315262329340500279e-24,-1.162657494969744978e-02,4.600566098782378432e+00,4.301252132232894905e-27
-9.291945804316630996e-24,-4.725147341917874076e-03,4.999013665106657456e+00,-1.241288580712294579e-26
-1.946272250372657495e-24,-7.578942335189302326e-02,4.426222201352683960e+00,4.163778751380603593e-26
-1.027699086154433970e-24,-1.337908227866806436e-03,2.237899227811984026e+00,8.507094125032015847e-28
5.295613535865225733e-25,1.912331029620844159e-03,8.398547193080935225e-01,-6.760468887455920376e-28
-1.189941674101481464e-25,-5.911554572414629005e-02,5.761897536689238208e+00,-6.100085553642843314e-27
2.934562063714865104e-25,-1.589895942572256901e-02,2.245809764061522884e+00,-2.915600059952687646e-27
1.566935969143229281e-25,-7.214854509324417423e-03,6.946092773835289558e-01,8.685840312923771388e-28
1.181130771172174640e-25,-1.027094842459875222e-02,4.500356072436659360e+00,-2.553011353345098342e-28
-3.217443757312060992e-25,8.893851084618183481e-03,3.142740694957634418e+00,-2.861544679309264317e-27
-1.708163840193725592e-24,-1.142259824739104770e-03,5.232569213397616714e+00,-9.698012581195377958e-28
1.552947575718349069e-25,7.547053954749320150e-03,1.830281975642235492e+00,3.007204047243015271e-28
2.290485914924378335e-25,-3.298316355263653660e-02,4.912502851759685818e+00,1.501739673148926410e-27
8.398363110248510149e-24,-1.561384625206721976e-03,2.551511690309456792e+00,-1.089559676480911614e-26
-1.102762822408921642e-24,1.008692985333597752e-03,5.296649653233272304e+00,6.135526946883359813e-28
-4.349270666652057295e-25,-1.358400271982511008e-03,4.260239843916312275e+00,2.581225541869670933e-28
-5.007635175843112064e-25,-4.329533310218853202e-03,1.430766436913118556e+00,-3.026037349450425955e-28
3.394198669564689418e-25,-6.942807365275810438e-02,1.660450451243399961e+00,-2.109894267792929799e-27
2.534856130902781694e-25,-3.271133917012946334e-03,5.547727988817135802e+00,6.148608678384346695e-28
-1.325412527371618373e-24,2.581562996750698738e-02,3.896449953406898370e+00,-2.492214662593004262e-26
2.250349406717139216e-24,-2.998171615061737821e-02,5.024913982156615333e+00,2.074427794244923914e-26
3.925824932991868967e-25,-1.971052604376198007e-03,6.170078985571159969e+00,7.688563883946885230e-28
3.533616785189281083e-25,-1.052683439063290937e-03,2.165334845719048662e+00,-2.083547353497613446e-28
-1.797695228054915227e-25,1.096653699953622704e-02,2.955288579626866863e+00,-1.937334250919218346e-27
-1.167745616069122016e-25,-3.699082580777976470e-02,4.486800537521178911e-01,-3.892036638764637720e-27
-5.940413835254112089e-25,-2.408609387330745699e-02,4.069079719400839679e+00,8.582685771241158338e-27
2.121658799964015560e-24,1.296518196576110747e-02,1.025781576166615805e+00,-1.426083234504832857e-26
4.715987260484722528e-24,2.489894871126186252e-02,5.894787483796568139e+00,-1.086770984818771303e-25
2.975846379226908670e-24,5.345813998328848883e-03,2.068387689604496593e+00,7.593206723858690885e-27
-2.089616825922820310e-25,-3.347431529205145955e-03,2.241032085069951663e+00,4.344995838411603229e-28
9.360706540943772565e-25,-1.744206202484196609e-03,4.214606219297659884e+00,-7.795793460763223218e-28
-4.781661777659985875e-25,-5.552791366499739562e-02,8.955802128941139362e-01,-1.659648443226741868e-26
-6.926005455308724925e-24,1.966362536305749087e-03,2.567601614238899099e+00,-1.143645862021578524e-26
2.378937377629668126e-24,-5.435048102579219040e-03,5.652860292963883815e-01,1.091824522372563482e-26
8.129743014836412239e-24,1.347041340744489909e-03,3.044380176425435014e+00,1.089939526631296784e-26
-3.034865933208752744e-24,4.287242555426010182e-02,5.920310300294287842e+00,1.216391878356286297e-25
-1.501528452270517975e-25,3.285945162917264933e-02,2.074760519764696998e+00,-2.382603001891929500e-27
1.207895574931858132e-25,-1.505112113957132432e-03,1.201694319725089999e+00,6.559011069819475543e-29
-3.534087900922270903e-25,1.173277320377025257e-02,2.259173851491510732e+00,-2.634187205284056145e-27
9.497179752732628367e-25,-1.524981416952475924e-02,5.090722627411055967e+00,5.349629874371563796e-27
-2.474564323924414463e-24,9.744870054182853958e-02,1.621746723219658071e+00,-1.228102032672847287e-26
-1.930513896600666043e-24,-2.352283203663802988e-02,1.631583623914457659e-01,-4.480805657315012636e-26
6.847977852076778235e-25,1.470518153110141578e-02,3.511909811228996592e+00,9.387451587992559465e-27
1.636309129077861134e-24,-2.331327184967942404e-02,2.237468702608488513e+00,-2.358956898832900413e-26
1.943116382831868546e-24,-2.741683168280278568e-03,4.685322584913517829e+00,-1.441761666760775161e-28
-3.008590278897081619e-25,-9.948402082739736529e-02,5.679175896336237095e+00,-2.463488654293491772e-26
1.005865873312264852e-24,2.257162212314596517e-03,6.082446684221040734e+00,-2.224811779864031761e-27
-1.695180589706443765e-25,-1.382972564767512378e-03,3.678673534049285543e+00,2.014312095560858593e-28
-3.707557174094361697e-25,1.005553300921717928e-02,1.843317081020287906e+00,-1.003467933405479049e-27
1.197658328236714864e-24,1.991536885013892380e-02,5.405616959387763210e+00,-1.524186369414865337e-26
-8.653880309813995444e-25,3.079276250282097366e-02,8.252004990108084970e-01,1.807804945425244191e-26
2.557594014959274433e-24,2.737972819876697758e-02,3.627233989365942213e-01,-6.546990031794012213e-26
-1.775480522053989639e-25,5.381065357123859978e-03,1.859919941050385717e+00,-2.723956509995233642e-28
-4.471402632053225704e-24,1.224735377580691946e-02,5.028909505164485871e+00,1.704558443933633228e-26
-2.411941519075933955e-25,1.623739632748017522e-03,4.263953634729519493e+00,-1.697964005347359380e-28
-1.936551528495900551e-24,2.295334243702124456e-03,2.987787577851593324e-01,4.248103309743976120e-27
3.035053819409035139e-24,-1.010380203339636971e-03,3.223766841250098381e+00,-3.056210503687395926e-27
-1.818440775388223310e-24,7.189694233692868475e-02,3.817479563553285882e+00,-1.019973856083854628e-25
-7.439717689834119474e-24,5.167291478827858858e-02,4.772060682925517661e+00,2.292609468757121179e-26
-4.062200675395681249e-24,2.739750258877355488e-02,2.442648641972804846e+00,-8.519812823419045916e-26
-3.385369013615995642e-25,3.568652204036197942e-03,3.007363369253544527e-01,1.153898355099961751e-27
1.604532927902028093e-24,-6.019093725220598518e-02,8.280993767374342784e-01,6.531371731120265814e-26
8.068315521566440504e-24,3.470290348431025879e-02,2.421190738162208422e+00,2.104268542717829794e-25
2.859532660839831978e-25,8.530113123966813135e-03,4.455745747035479987e+00,6.191582114657926654e-28
4.180816152148912991e-24,7.894159716774460517e-03,4.405740699679915551e+00,9.962760797514910406e-27
3.294594611781118862e-24,2.742168157857386573e-02,4.224055431352718770e+00,4.238501068620598104e-26
8.111649744594285700e-24,1.411757682268689404e-02,3.608353928456506932e+00,1.022670161785048088e-25
-8.201987021309207881e-24,3.023727024183893095e-02,5.660293555940399735e+00,2.014289499959835730e-25
6.035937803946913057e-24,-8.035325717934027612e-02,2.230005423845259127e+00,-2.970629970812634357e-25
7.984635513561777475e-25,1.358893289358188011e-02,4.810002560143797012e+00,-1.057452288137843749e-27
-4.892799585951419952e-25,2.867359010585200305e-02,5.932358658901180526e+00,1.317486650841310020e-26
8.165705518539586604e-25,-2.101703755326280593e-03,4.397323659244353422e+00,-5.318103288346896045e-28
-3.414154437653145008e-25,-2.214176993706202818e-03,3.793843017756108438e+00,6.007718584073450723e-28
6.231821295768454385e-25,-3.087610347319948156e-02,5.315703998313427547e+00,1.091711678766061893e-26
2.962268312607473750e-24,5.728595398735020217e-03,4.053212740549186899e-01,-1.559468474412127918e-26
5.519473050459989072e-25,-4.683840526673595933e-02,3.953093962684814056e+00,-1.779701074034357936e-26
-2.434716049209035138e-25,-1.279538806676686806e-03,3.055456629980653815e+00,3.103763910088977603e-28
-2.142260033548103287e-24,-3.097814435466765461e-03,6.017104275945825975e+00,-6.402783881963816997e-27
-4.636732010633597295e-24,-3.717037117213133762e-02,3.505546449760368333e+00,1.610596168948322689e-25
-8.602731176789710485e-24,-4.766814684968308236e-02,2.818455692297315629e+00,3.888523325862294931e-25
-1.010293699375578008e-25,2.016277178266323491e-03,3.748628150563393380e+00,-1.673101430508340211e-28
5.528262300747295001e-25,1.361111027055290738e-02,6.167899218350011203e+00,-7.474629991374504935e-27
-3.401613186950603189e-24,-3.173200831755033924e-03,5.420682561706857250e+00,-7.021916324064522173e-27
5.175488427603737156e-24,-4.480108136506763365e-03,3.768420161895491560e+00,-1.877877305620718749e-26
-8.375314767246391743e-24,-1.077967086213086137e-02,3.008858060784349142e+00,8.948897811122988776e-26
1.334033444293452536e-24,-8.659179572535993796e-02,4.697777511331558964e-01,1.030023403417943285e-25
-2.682687008766398942e-24,-7.196759075958181207e-02,2.558643184636090417e+00,1.611801628106134944e-25
1.015021486755971573e-24,2.512223183362866617e-03,1.448036841494180660e+00,-3.122462060647490986e-28
-3.068892334569208481e-25,-2.373420136002257850e-03,6.677918626062053775e-01,-5.719151153910654446e-28
-2.773341886705159985e-24,-3.596780106832972099e-03,4.248685948823339942e+00,4.461495224600446528e-27
-5.074015103059604556e-24,-1.023559714487300978e-03,5.708239173313704562e+00,-4.358545569571949640e-27
-1.366572827805338190e-25,2.392127660588748601e-03,1.568017058970158750e+00,9.085461129596155929e-31
1.978048196760123791e-24,-9.239327955767967504e-02,7.557303656862492947e-01,1.330062047617215855e-25
-4.233268140651723613e-25,2.414405437252816530e-03,1.197977784346342389e+00,3.722851882263532270e-28
-3.561764656061870189e-24,1.334737643505978441e-03,3.546375762820975552e+00,-4.369838602891906756e-27
3.499519751986234740e-24,5.664937680009528298e-02,2.568186536463762160e+00,1.665378221371656566e-25
-1.097006114851615244e-24,2.224716760890027914e-02,9.250412548777791066e-01,1.468713698854674880e-26
2.443405751101973168e-24,-1.925028708020686853e-03,5.398858349401324475e+00,2.981206439689230643e-27
-3.339000190331260936e-24,-5.714825918166374294e-03,5.545651705846545987e+00,-1.412300425778403780e-26
-4.422283075018171218e-25,8.203088516490644744e-02,4.265062794369548271e+00,-1.569157845980962655e-26
-5.604919495888642894e-25,2.557352020009742277e-03,6.399052225693903084e-01,1.149785307806125148e-27
-1.923698671741709945e-24,6.868945339035347972e-03,5.492955737666329469e-02,1.319385135495385131e-26
-1.312886390435132921e-25,5.925634058511437818e-03,3.395390052620600674e+00,-7.530469486305574111e-28
-2.965888130072154397e-25,3.603039722711146291e-03,1.027824736147951779e+00,5.521378871215314650e-28
-7.400809833035872777e-25,3.310728408493293206e-03,5.448717556711434540e+00,1.645490855392831186e-27
1.404111930344990508e-25,6.442885027364602529e-03,5.997433518125894203e+00,-8.679694964984925388e-28
-5.003066112556748626e-25,9.794985630370229082e-03,5.764658893122803107e+00,4.256327980742705846e-27
7.353203905984630697e-25,8.185140175114038324e-03,1.284930053848684972e+00,-1.697205368683798526e-27
-8.106605741374232979e-25,4.287455320419044508e-02,1.005212608892537940e+00,1.862642414008109418e-26
-1.441415564528189039e-24,-1.520280134637355457e-03,6.206044848231650590e+00,-2.184838685956887549e-27
9.039312056895970165e-24,-1.861594523068728704e-02,4.333530514241760834e+00,-6.223833775403402704e-26
2.813042029790936428e-25,8.528817499714484371e-03,5.365106470083191859e+00,-1.457143433459686578e-27
2.364177279216948967e-25,-6.547604081169429956e-03,6.272766684525869607e+00,1.547885666688173244e-27
4.028018865955852219e-24,3.367575556111125634e-02,8.777464087531137160e-01,-8.666276183905700159e-26
-1.227934707493147426e-24,3.068588905869394385e-03,2.171044078084393369e+00,-2.128358396915584353e-27
-1.128439694457688166e-25,7.431691611583295110e-02,3.550261281533383606e+00,-7.695616869788816265e-27
-1.589628264467963758e-24,1.753459867488789056e-02,2.332988808006510428e+00,-1.924689760239548237e-26
2.872868992183992410e-24,-1.029261766236394364e-02,3.863392399924529652e+00,-2.219527415470028572e-26
-7.972057199557545959e-24,-9.329115448425359669e-02,1.023469693933193758e+00,-3.870377975988122255e-25
-8.558438304964734355e-25,-2.509121691216921381e-03,6.163437262304110043e+00,-2.132038169590336001e-27
7.302291486653840883e-25,5.902109380929796388e-03,5.281367752733207688e+00,-2.322049277041576058e-27
-1.175391740200207379e-25,3.316869151116071807e-02,2.993021875697250422e+00,-3.855672027742476482e-27
-8.327214855946728432e-25,-1.361625059901557877e-03,6.417218413470279215e-01,-9.082925758850266623e-28
4.153792971758851649e-25,-3.503697182716834779e-03,2.594758973872951291e+00,-1.243135274610263975e-27
-8.069412111034584171e-24,2.148286731836698132e-02,3.979899641136568356e+00,-1.159258038196586445e-25
6.686533213322734674e-24,-2.851743535215577486e-03,1.277421572937244010e+00,5.514249023904125227e-27
-1.649866563497397180e-24,9.771201470584182924e-02,6.264795641549397942e+00,1.611845273984177203e-25
2.653054798120948738e-24,2.488718590484375812e-02,2.023010074634346900e+00,2.885104431113167720e-26
1.018775028815952398e-25,-3.297708713062854485e-02,2.012957089045563031e+00,-1.437560707356344596e-27
1.405857304233021685e-25,3.021517713547917840e-03,3.675281577569606384e+00,3.657104927019243973e-28
-1.282645846655675139e-25,3.004121352897255477e-03,1.588933853835416299e+00,-6.988411865747200375e-30
8.582193831610200452e-24,-3.894030892719447124e-03,3.250455865723704818e+00,-3.322149385231529852e-26
-9.480330583527294562e-24,3.232766206473669524e-02,1.686224610909349553e-01,3.021301265226355478e-25
2.929859869339391448e-24,6.056490459196605530e-02,6.276831566729099698e-01,-1.436236233868187851e-25
1.214102835875927192e-24,-7.134895653937996240e-02,3.962547560884296161e+00,-5.903688548392892025e-26
-1.206619116877925244e-25,-2.098877786345048832e-03,4.994954194854573259e+00,-7.061246191575731817e-29
-1.444551374768886280e-24,1.247935883944792509e-03,5.178081147761941949e+00,8.094902406477626688e-28
4.544615533843252410e-25,-2.392072245539247216e-03,3.077590832690334732e+00,-1.084879110978326422e-27
-6.029608079259223942e-24,-2.018401442533919801e-02,6.174594985748139031e+00,-1.209848567165499340e-25
2.473364847112791956e-25,5.477115579197103928e-02,1.029789035853177603e+00,-6.976651984870849741e-27
-7.258689845007740983e-25,-2.805623980873997794e-02,1.706014174321324184e+00,2.745348517983686015e-27
-1.585676847386740109e-25,-1.538524573050076456e-02,5.084018553133149432e+00,-8.859033223192667948e-28
2.186372133024917003e-25,4.860366243697081257e-03,4.757509119322648417e+00,-4.793096132301715170e-29
-1.547711678925214559e-25,3.594262019921756063e-02,4.158352273311289871e-01,5.088808366594157457e-27
-1.487187281983718500e-24,4.994494532702480755e-02,1.207548209314797338e+00,2.639170287336150029e-26
4.142605541877459402e-24,-2.752983051126286877e-03,2.807857396344470846e+00,-1.077528243186768156e-26
7.971730284208777031e-25,-9.403938823580279549e-02,2.488815174646694217e+00,-5.955271123356207557e-26
2.990778973403342205e-25,-1.865427283537276701e-02,5.691270820936849439e+00,4.629934077245157439e-27
-1.147045588226563909e-25,1.883838491694156056e-02,4.067132435447904371e+00,-1.299541764736371975e-27
2.285862217187415262e-25,-2.182402495840250756e-03,1.714022794707490194e+00,-7.120694021068320982e-29
-3.042366530744570997e-25,-5.987861852971753697e-03,6.017079239245296307e+00,-1.757606303429217515e-27
-1.686599106416076683e-25,3.556482045569799716e-02,1.017380803247866172e+00,3.152713680676183167e-27
2.684687834990489352e-25,4.761369358902503741e-03,3.221921071770794232e+00,1.274157110069062489e-27
2.463957151935837711e-24,2.455808403500014947e-03,5.060655628040977128e+00,-2.065021175573625151e-27
-4.044857961670658369e-25,7.817489341442060771e-03,2.563279730372533205e+00,-2.647867678035195142e-27
-2.358820446863246425e-25,3.973548436016018787e-03,4.283474380955719085e-01,8.526078919755624268e-28
5.252329987446751918e-25,5.220715304228621539e-02,1.240730353588791912e+00,-8.887269226567665897e-27
-3.801553677346982782e-25,-5.527949531509643473e-03,8.550367875623954284e-01,-1.378971532890468649e-27
7.423603848087511509e-25,-5.337912537037763083e-02,4.514068802211674836e-01,3.565732581954387145e-26
-1.349518690711924867e-24,-1.726539170404675638e-02,3.539189084019802145e+00,2.148243905073775233e-26
1.278098069800103938e-24,-2.718827932403875339e-02,3.068139815972614759e+00,-3.465558771366247073e-26
-1.689786254219009672e-24,4.412817647280883881e-02,6.115785522743099278e+00,7.352483707192670558e-26
2.238971154937762687e-24,1.532866527992736904e-03,3.731862172918028797e+00,2.851310183927763329e-27
-5.058185065282220481e-25,-7.200156056633205161e-03,3.602492001669185928e+00,3.261942843295744903e-27
4.992277236985097318e-24,-4.176455682816579418e-02,3.785350401347288840e-01,1.937398931113259331e-25
-3.795127209683838359e-24,3.398439807076484263e-03,4.096541575343038311e+00,-7.450253292353801243e-27
9.128333974129096542e-25,-8.611538109820512238e-03,7.675976815779252949e-01,5.656553476191460399e-27
1.211718408581366322e-24,1.457959811954162750e-03,4.204246333663961721e+00,8.595666664483740825e-28
-1.616928759347788574e-24,-3.872937747971707916e-03,2.669480700886334379e+00,5.577234233348360884e-27
-3.484081274180038012e-24,1.682434156987368951e-02,6.208167942430135255e+00,5.845251303759061119e-26
-3.634548499572918626e-24,8.443985801075094486e-03,5.870681645889645139e+00,2.811579133365412045e-26
-1.474220573705794247e-25,-3.678291263456810387e-03,3.239868104290950512e+00,5.396447754755229231e-28
-1.358928677300099297e-25,-2.288984041600986095e-03,5.684356915944584365e+00,-2.569316950178783033e-28
2.514044911472505780e-25,-8.075018587862213548e-02,2.024232878621977427e+00,-8.892985340282305313e-27
2.720404856004796343e-25,1.152525045775583228e-02,2.238588933724062091e+00,1.941569429656179615e-27
1.712239205068237160e-24,-3.938332319286366560e-03,2.039433387004667253e+00,-3.045781368743152523e-27
-4.472663759021683069e-24,2.716893617595911650e-03,2.023668660194390956e+00,-5.317000386396303444e-27
-4.682568134919206397e-25,1.539857448278322827e-02,2.918780215528528288e+00,-7.032242968361960168e-27
2.208299240479814610e-24,2.698303449963821571e-02,5.780619559898610760e+00,-5.221870525953555584e-26
8.291835206907800874e-24,1.724476042767530970e-02,2.090640040599118787e+00,7.102985007998771207e-26
-5.128459495517027886e-25,-3.828264695411307678e-02,5.673414686736641066e+00,-1.609481129662363818e-26
-6.342820523094286976e-24,-1.605141440653411883e-02,5.778657874229531366e-01,-8.528018455072079913e-26
1.458911885008313376e-24,-1.917727193383882839e-03,2.169688317586473847e+00,-1.577194390565234068e-27
-1.661195617259140223e-25,9.491181096499354264e-02,1.697622813297986921e+00,-1.994279867472118586e-27
5.124079401524274481e-25,2.823281974465855979e-02,5.289692279395807439e+00,-7.895448179658717272e-27
4.819955950076222833e-25,-1.649061846029864714e-03,2.968625274909959977e+00,-7.829802532742753845e-28
-9.440689223185459375e-24,-1.866333356706307038e-03,4.496183613593704997e+00,3.779815515223398609e-27
2.002426219446526421e-25,4.647135938227311275e-02,3.497219268147115478e+00,8.723284819428539672e-27
7.335482364867570429e-24,1.410454840220485857e-03,5.436439470605268554e+00,-6.853686067501479892e-27
7.463632708791062321e-25,2.174009460842284483e-02,2.461495232479752104e+00,1.261590722120565057e-26
3.753003782332219504e-25,4.919374380251103837e-03,2.543460534984358201e+00,1.525714701651070471e-27
-5.270079534277059192e-24,9.914833400076759895e-02,2.053182078915970266e+00,-2.423937149452246876e-25
-1.095095415790561082e-24,-2.581696233877293477e-03,1.168142174549394063e+00,-1.107872580652023159e-27
6.649773685963161662e-24,-5.460081296834130155e-02,1.190908326485722979e+00,1.346371699178493980e-25
-8.249716899941226735e-25,1.709479148614114624e-02,2.534148906538866153e-01,1.365230520349756910e-26
2.028143342988026528e-25,7.918915315544214351e-03,5.054324745289692444e+00,-5.385334535456895223e-28
-1.594640910339996064e-24,1.365482301631726868e-03,4.614048131674830522e+00,-2.137876919844874819e-28
1.523165898058936775e-24,-2.017334223155188566e-02,5.460686221987834266e+00,2.090663744490665510e-26
9.353555880284700441e-25,-1.396353053308197617e-03,3.281841931922156341e+00,-1.293262402221733373e-27
-1.837247770947337494e-25,-7.551423775826028584e-02,6.180399854807982152e+00,-1.380061350415312212e-26
1.029701904049878016e-24,-1.104564252002488475e-03,4.234828906253968128e+00,-5.227516011396314732e-28
-5.530085824949176201e-24,3.195328657398056882e-02,1.286958079290373425e+00,4.948472420655530007e-26
4.741146531698205302e-24,4.414997072315881080e-03,1.728377783743260343e+00,3.284883905702204624e-27
-1.168194822479413920e-24,1.838045840179890894e-03,5.564061611853607481e+00,1.615514055840272771e-27
-2.746098873808225281e-25,1.116439538575610645e-03,1.673603015553152051e+00,-3.146353065505543213e-29
9.314261726443348793e-25,-2.073534745955417716e-02,4.711171797139480866e+00,-2.350799624939962682e-29
-9.399565871059710598e-24,-4.707149459987483575e-02,2.142392461131721326e+00,2.393553273642308561e-25
7.597059304767377740e-25,3.019177251521091773e-02,1.365871696219755682e+00,-4.667500650632420187e-27
-1.320330713868218569e-25,-8.592059095721121809e-02,5.007925794905975891e+00,-3.304083660804969337e-27
-6.275177095082876843e-24,-5.084752862402713153e-03,5.123727455197739644e+00,-1.275787340211391375e-26
5.098365101074284665e-24,-1.948776102178001110e-02,6.828195392280551612e-01,7.707984259632359375e-26
1.158031966626043493e-25,-1.172400907469625577e-03,2.369474869933273276e+00,-9.726875677985633907e-29
-9.139134243577700930e-25,-7.836143826498498388e-02,2.372052000149841300e-01,-6.961022783128970784e-26
-5.129477909077727880e-25,3.936911356632048081e-03,5.910131118085925728e+00,1.880530675110128260e-27
4.045920505493730441e-25,-1.042993190966603340e-02,5.276348181553740246e-02,4.213994877069355447e-27
-1.958458582595835387e-24,-8.812402622827421317e-02,1.587877000365692792e-01,-1.704160559344803283e-25
6.719735772600258840e-25,8.583496377030932004e-03,2.580049126522248049e-01,-5.576971341122753182e-27
-5.351719546821890335e-24,-5.241944297847279249e-02,2.715242418734162833e+00,2.554210688301526003e-25
-1.274860453612289809e-25,-5.177653853096695485e-02,3.230901819975770195e+00,6.574479277417838562e-27
1.646402768989603589e-25,-1.383949698608240254e-03,9.328517277896853921e-01,1.356973539206960695e-28
1.064677395653035932e-25,8.354259224478520485e-02,5.218246807655507524e+00,-4.309945299006059308e-27
1.093636903717515490e-25,1.020307667165647712e-02,4.264026152675228776e-01,-1.015932709304619292e-27
-4.384974780110910159e-25,-1.458841048028873414e-03,4.636986611352580390e+00,4.818906014608535435e-29
-2.925199607053989373e-24,-9.410162357417536233e-03,5.288831662801039002e+00,-1.500323504331512502e-26
-1.660001893290567346e-24,-1.233945785519951783e-03,5.891381314583098217e+00,-1.893131678224006428e-27
-1.672343472136795332e-25,1.028244294113261946e-03,1.953311370076240561e+00,-6.418408214522399032e-29
-2.612782417531817311e-24,5.442873581813154754e-02,5.183237020551758611e+00,6.451265981831457154e-26
-3.605451466171140989e-24,-1.579226215760742499e-02,1.617871003293674115e-01,-5.619467774146568658e-26
-6.407892625718455974e-25,-1.444270461531445759e-03,4.080028894902755887e+00,5.470009387650975233e-28
6.263221123448830176e-24,4.463305978876616793e-03,5.720284212036654381e+00,-2.364156060649134801e-26
-8.437550792896220230e-25,3.054234569925353554e-02,9.139441157897572054e-01,1.573601844695719519e-26
-1.098071835903278296e-24,8.373026291385599063e-02,2.067111404237471195e+00,-4.378164553396482665e-26
2.524172673109398606e-25,9.737646726613246109e-03,2.804397878030195468e+00,2.319534303737250808e-27
-1.178900410393941829e-24,-2.544707914205806068e-02,3.945186782151850036e+00,2.082342129369450118e-26
-4.916313707861385647e-25,5.795516975986865493e-02,6.545363546382573228e-01,2.260402602110341715e-26
-3.558719408995188747e-25,1.380409620803288960e-02,6.317951357336756280e-01,3.964225648908337172e-27
2.053416187145840876e-25,6.660371655069156037e-03,1.634887511015265416e+00,8.759440698817666392e-29
-4.030592550078566891e-25,1.644831117513750277e-03,3.695090541644917348e+00,-5.639778584605952995e-28
-6.095026738108052420e-25,4.466921616724726929e-02,3.031753338331567349e+00,-2.706193528267332795e-26
8.333517127115699309e-25,9.071103358762088245e-03,5.840317536432169554e+00,-6.830135466300851462e-27
-1.906462929398047941e-24,-2.570475186406035589e-03,5.406114336795835307e+00,-3.133418743858909835e-27
2.011980283490516347e-25,-1.015538378183085573e-02,1.489734157477559773e+00,1.654483911064263241e-28
-3.078111510479533166e-25,-2.632501287811368773e-02,1.719233865844614018e+00,1.198396856601897976e-27
-1.449916969945077740e-25,3.587201595254843178e-03,5.854985753550434602e-01,4.334824521469685723e-28
-3.083292188434091173e-24,3.247437098181556788e-03,4.769119698752003700e+00,5.677285499275797830e-28
1.093329544966733837e-25,1.267453370207021791e-02,1.624173422405567280e+00,7.393188313263612591e-29
-7.946589476369009371e-24,2.289483980648249813e-03,3.697326662369876393e-01,1.696413903035545024e-26
-3.102170036215215362e-25,-1.794422936818094658e-02,6.150293897342903549e+00,-5.517523886688898356e-27
2.861744990504140878e-24,1.251122156122634263e-02,5.499931748576235790e+00,-2.537143572743638040e-26
2.710370570836189275e-25,-1.708512359937115407e-02,1.298665668189874722e+00,1.244659877067660969e-27
3.435991108892359291e-25,1.642152538528894893e-03,5.206386554398806155e+00,-2.675350267059370634e-28
2.302013661045440277e-24,1.726002316921390958e-02,1.911087660471587402e+00,1.326129127706802455e-26
-3.391812473257876468e-25,3.469976082830255465e-02,4.920136721393180701e-01,1.037344893138277271e-26
9.811583694985716841e-25,2.038178148537610462e-03,2.992559505973000356e+00,1.977608237733442010e-27
-1.521179337175167310e-24,6.949817737048587241e-02,4.104773612948879880e+00,-6.035627822021196343e-26
4.795063690926425827e-24,-1.364533241180528912e-03,2.170284976708289459e+00,-3.691707271019321329e-27
1.500118629487889059e-25,-1.335237233266156360e-03,3.622160083224509997e+00,-1.776138338406334357e-28
-1.336322236618274027e-25,1.709886558085626845e-03,3.757856643176307632e+00,-1.864626347611640521e-28
1.382683754973576499e-25,-4.327777999360205019e-02,3.109271465498939513e+00,-5.980823013597267724e-27
-1.381818572509800496e-25,-2.625672795438860341e-02,1.858635616061370399e+00,1.029978278050879226e-27
-2.785980156326490235e-24,-1.166910618957385862e-02,6.013272992811128148e+00,-3.133285404984673152e-26
3.244402380232495451e-24,1.232284138167327042e-02,1.109619988624086950e+00,-1.779128825586700965e-26
-5.835065057464189613e-24,-1.952555541981055654e-03,4.286742535106215612e+00,4.704398612310117352e-27
-4.271890938788740592e-25,3.680032428308816547e-03,2.168014631035488193e+00,-8.840446957075102054e-28
-1.411028587145094812e-25,1.302099559677823105e-03,1.994248650642563403e+00,-7.549653636041138273e-29
-3.272705704693460462e-25,1.387941807812439338e-02,1.633948959330450146e+00,-2.866691458331959691e-28
3.886090149868428356e-25,-1.289149631651596850e-02,5.070907355665346117e+00,1.757857737809116598e-27
-4.800017873142101537e-24,-1.187602802159848890e-02,4.886954727861760439e+00,-9.900682461622633565e-27
1.377281529991344182e-25,-1.944791381736637494e-03,6.042813702996313374e+00,2.601516514460606821e-28
-1.278843992181029236e-24,-8.087493593813563711e-03,2.317956520132086862e+00,7.028427164210973193e-27
-8.790771502267121300e-25,-3.799905704309339965e-02,4.488343034273441390e+00,7.421598444094218206e-27
5.123393181932943501e-25,-3.672967819669254851e-03,1.540171595340616983e+00,5.762079031865932471e-29
6.151517636404882203e-24,3.516665158458779500e-03,3.390253072171841353e+00,2.096746621195503896e-26
-8.399171143121508339e-25,-1.756609636470087043e-03,2.691108421697369635e-01,-1.422303196581930338e-27
1.558921734830151360e-24,2.961893101517336716e-02,3.132070307636837470e+00,4.617150194075634067e-26
1.825090304634906174e-24,-1.626329636806840215e-02,5.952062119699518483e+00,2.806959340141828709e-26
-1.166411156843791582e-25,-3.841586498403284488e-03,5.569729696701920529e-01,-3.803626920619354522e-28
1.780427953577151177e-24,-8.402632674371950106e-02,5.902943143001749604e+00,1.389174072731115518e-25
2.869085907006290188e-25,-2.331928194036091140e-02,9.517455763480136000e-01,3.882246431025920832e-27
-6.126016628181149370e-25,-5.625279029943294762e-03,5.743829887257974498e+00,-2.956852951482007126e-27
-3.286374006298301386e-25,5.688679207464709259e-02,1.725537718789255326e+00,-2.881378790928031917e-27
1.787547342366602086e-24,-2.243943776550609819e-03,4.002539213510829086e+00,-2.614149743583360575e-27
-3.598869777492481209e-25,4.709120331113783586e-02,4.091554776610636934e-01,1.554861465775334640e-26
9.056658191731334444e-25,3.428916219404721123e-03,5.417500424123713465e+00,-2.012701660913355722e-27
7.634335563999424925e-24,-6.569236996310391652e-02,1.588141144723329345e+00,-8.698295243843757550e-27
6.678842145429973227e-24,-1.713878757419199511e-02,2.422487206846443808e+00,-8.612462404878799878e-26
-4.788978006531471324e-25,-4.249919940525199828e-03,3.321228654287649018e+00,2.002527246474277424e-27
3.069953268245276055e-24,9.767565079609219492e-02,4.634888087735220985e+00,2.321613598120270478e-26
-8.659568705968030097e-24,5.101533729878256034e-03,3.642607235201027027e+00,-3.874752825319461564e-26
-3.739576909566438676e-24,-1.603154267492546640e-03,5.102671780301112570e+00,-2.280842687162516949e-27
-2.727314098637536861e-25,5.156085807146990226e-03,5.233235521833106141e+00,6.997588694630926275e-28
5.982209215049873463e-25,1.249572723187161423e-03,5.689470146409666640e+00,-6.195958439749240216e-28
-1.597039138131828671e-24,-2.654623095154269932e-03,2.196968289478881786e+00,2.484569155506385518e-27
2.041425626384117038e-24,-2.733147483188832008e-02,1.899743276819255255e+00,-1.802444203821072069e-26
4.814971242787739792e-24,1.848867049167035159e-03,1.309669397867677665e+00,-2.298286758632638759e-27
5.035982854111735144e-25,2.294456998946059825e-03,3.895279245505992360e+00,8.425458441113224039e-28
1.265450043323016214e-25,9.133703462346643570e-03,4.663048665056270359e+00,5.700561119424451905e-29
-2.767318773495123828e-24,1.555850225888814930e-03,4.972080495336169470e+00,1.105585333575090643e-27
1.672871973240771329e-24,2.166052001304847457e-02,1.601589328838573412e+00,1.115616628480217838e-27
7.969831227345314084e-24,9.238346489220948185e-03,1.255348987481349043e+00,-2.284250029433226372e-26
-3.223046321015117041e-25,1.451068662557006110e-02,4.307178068760133982e+00,-1.843677742037830082e-27
1.889083181618110612e-24,9.564518063913346468e-02,3.649047152372620229e+00,1.579129772217139683e-25
3.504013140780958136e-24,1.238457921310883152e-03,1.488146737947451115e-01,-4.291609772248276981e-27
8.587086964256118184e-24,-3.490659739081536372e-02,5.799886985257872496e+00,2.654151815600361415e-25
6.186431319624316636e-24,-6.328493542117123033e-03,4.184852978012298941e+00,-1.970873721086053081e-26
2.567587845698702676e-24,-9.175129253282302000e-03,3.620586554762883935e+00,-2.090671669443713646e-26
-8.207044752222814468e-25,-5.904977035648789965e-03,2.423062757491035946e+00,3.648125640912323566e-27
1.162959060080241625e-24,8.077573945209851058e-02,8.856881811325382214e-01,-5.944045990121014988e-26
8.433513028914372526e-25,4.071554621122883827e-02,9.186769929320343087e-02,-3.419271213094635402e-26
-3.044506800206090346e-24,1.004736664076076071e-02,2.747146799450453702e+00,-2.824031522932367595e-26
3.770496504487218249e-24,4.539569542707474342e-02,5.203432879702184488e-01,-1.485104671409429853e-25
6.243284925310500145e-24,-1.716466724760690871e-02,9.291440469508364108e-01,6.413973297526946496e-26
-1.351583799360972815e-24,3.329322342430255516e-02,1.528582135199914926e+00,1.899014600454420335e-27
-1.558315285379426166e-25,9.765118639028859404e-02,7.139268566764527257e-01,1.150105448364913758e-26
-5.623051320377874083e-25,9.474603005281819965e-03,5.725975990836867702e+00,4.521731418149743960e-27
-1.492176993685201167e-24,-3.296488680833341723e-03,8.780724521130687243e-01,-3.141413095483345539e-27
9.122112547971620976e-24,6.825710681320873441e-03,1.993669597120195647e+00,2.555241440235064209e-26
4.418146544438345683e-24,-6.810848850459265934e-03,5.745818006688628188e+00,2.585023462264994555e-26
-4.419683665756176382e-25,-3.804973633656448528e-02,9.439114609161362024e-01,-9.865139918802444696e-27
-5.761358106286978351e-24,-7.081190189367891907e-02,5.398929665456811300e+00,-2.585997928948684699e-25
-2.609201734359476720e-25,-1.158625021600042217e-03,5.051162956825603345e+00,-1.004665338800639586e-28
-3.487469516560248179e-24,-9.315177067188747106e-02,2.470807068816681884e+00,2.544768515460443959e-25
1.778161950390877045e-24,-2.362576788400289410e-03,1.095954536976887717e+00,1.920707917459959130e-27
-2.179684447614561844e-25,1.457826327211235928e-03,2.745906419091349360e+00,-2.932075354525587946e-28
-1.344378859600996555e-24,-1.148451080424708545e-03,5.900107783615365697e+00,-1.432045643305131289e-27
-5.559789408132877169e-24,5.229636699940311273e-02,5.554824505549830205e-01,2.470403754256577113e-25
-7.584166295085501273e-24,-3.329059331741447778e-03,4.604837882178189901e+00,2.710233093979211501e-27
6.225143922266074086e-24,-1.632173078489962360e-03,2.393251605686749883e+00,-7.445813099782373975e-27
2.447854570393831246e-24,1.091148334425774084e-03,5.243186136397706143e+00,-1.352102264391754755e-27
2.653626086255534674e-24,-3.854252222475169649e-03,5.840283138004289665e-01,8.532477803048076144e-27
-7.642856315195188769e-25,-1.306225612329991884e-03,4.827069377466584599e-01,-8.842620064331971350e-28
-5.401563953253827272e-24,-2.854041760519227325e-02,5.027112303590299369e+00,-4.772164644192719708e-26
2.116793744625090920e-25,-4.375668192735767542e-03,5.090873118846833023e+00,3.422566101175268324e-28
-2.394367604370281716e-24,1.753752426203073964e-02,1.402976709456436932e+00,7.013929325138516422e-27
-1.012849421678394098e-24,-4.665710126092654370e-02,3.812868087220795954e-01,-4.386295787406707392e-26
-4.945824663392034680e-25,-2.449424385247513103e-02,1.230691317000415230e+00,-4.041203165035757927e-27
9.697727711360707250e-24,-6.307915669911299920e-03,4.512240813839440534e+00,-1.216197233124603965e-26
4.890967651682578715e-24,-7.695878635650515998e-02,3.800418762701162745e+00,-2.976260986345496152e-25
1.808027998919492994e-25,1.989671609270410313e-02,4.501471157741956941e-01,-3.239021945766914367e-27
3.233989509879571735e-24,-1.484142065671991643e-03,6.672627384368746695e-01,3.770253179875196761e-27
2.956609522212999720e-25,-3.847371242102863402e-03,5.654760861699706709e+00,9.202001229302466882e-28
-4.725583177186459215e-25,7.577862044858454937e-03,3.917429898522060583e+00,-2.556229921158212825e-27
-3.652540831678324197e-24,4.237098086068095265e-02,3.032717260542590942e+00,-1.538453820980985498e-25
3.945250130124671229e-25,3.610209962686714014e-02,4.263917451007136705e+00,6.175682753995628331e-27
1.659455170883988460e-24,2.765450180459144355e-02,1.423886541631727842e-01,-4.542697816797181497e-26
2.667919316848526695e-25,-5.892719207570927542e-02,1.919150348323034772e+00,-5.366483731111794910e-27
6.114842946232382588e-25,-2.081745769246239920e-03,3.760578357443993269e+00,-1.036780195600790992e-27
-8.423913094740642300e-24,-2.736643440329694643e-02,1.272844824440694245e+00,-6.767570602680703945e-26
-5.728450486573634955e-25,1.471504765458091224e-02,1.057730455062532382e+00,4.137597355640796874e-27
9.362729075038299727e-24,-1.155697003936685327e-02,5.767892825384106636e+00,9.415424030051181455e-26
-1.265973974279854575e-24,-3.776680637898993664e-02,2.398190464269750244e+00,3.519761956163181021e-26
-4.746544136390496022e-24,5.034965528638576937e-02,1.455850148974361824e+00,2.741017300533727177e-26
8.689509342067986762e-25,-1.688665684054182353e-02,3.527866459015472245e+00,-1.359250937772953160e-26
-4.029381293991525669e-25,4.759884906342620563e-03,1.232943020491574337e+00,6.357249336321939370e-28
-2.004945542972206301e-24,2.289450601540775690e-03,3.790568235958333698e+00,-3.657046636361863446e-27
3.072467806284178988e-24,-8.264096553625600861e-02,5.162415127792480796e+00,1.104488190069457960e-25
8.388084819216425559e-25,-1.605962562259616658e-02,3.826526575236595562e+00,-1.043272355221422047e-26
1.416668424531042979e-24,-2.252450320966063041e-02,2.152215896997507372e+00,-1.752518073787637729e-26
6.083422566635090434e-25,-1.788822610260366527e-02,4.120188259745532378e+00,-6.074296993458282436e-27
-6.956435260349214511e-24,5.360660997201669060e-03,6.278180136561577918e+00,3.729062407745943539e-26
4.157045139213161539e-24,3.839756811950988807e-02,4.931360576475962709e+00,-3.467368882214376136e-26
7.440450113942207057e-24,2.213055684081832036e-02,4.164612864756737309e+00,8.575396422267854809e-26
2.091695155354019311e-25,-1.525105970052998772e-03,1.162452416378103801e-02,3.189841235901412788e-28
3.292370652220420909e-24,-4.653794078086879310e-02,3.475953359401176557e-01,1.440567504213814469e-25
-3.984873852625300005e-24,5.931252521900170355e-02,1.686542472624241507e+00,-2.729589744371691508e-26
-1.467253086860738389e-24,9.951655213185889304e-02,2.604423770716741693e+00,-1.254511992510031351e-25
8.644406535624617197e-24,6.035943534792418026e-03,4.027445667183866540e-01,-4.800239033615568046e-26
9.697788095530856666e-24,-4.499153476909757005e-02,4.131170418814560819e+00,-2.395574644683439749e-25
1.312713312770591656e-24,2.791081185629849110e-02,6.260340995235627037e-01,-2.969060780953671970e-26
-4.697558314087186975e-24,4.990577029481063805e-03,4.990373194903781062e+00,6.433321158036418497e-27
-1.346107213692309811e-24,8.709455515471994577e-03,6.060664175010798793e+00,1.143479929035344547e-26
1.146989469876738242e-24,-6.511751195956282101e-03,1.625793712826546056e+00,-4.105634835689698155e-28
-1.604936662174441180e-25,-6.870022055978927678e-02,4.131690603121043637e+00,6.048924189177700717e-27
-1.728425918559620102e-24,-4.699269039092707906e-02,1.398270879898801944e+00,-1.394368729112078153e-26
-2.528311938283799912e-24,2.329526037774089925e-02,3.310491880224366135e+00,-5.805959449055203772e-26
-4.915777317594997239e-25,3.261528189949231774e-03,4.013933278127279181e+00,-1.030975805491903293e-27
5.535923575886017403e-24,-3.049220553226388367e-02,2.877549767198087860e+00,-1.629522859584009746e-25
7.155110664057388678e-24,7.678429463976997604e-02,1.246054929363211716e+00,-1.752936424364390681e-25
2.190995020788527761e-24,-2.063324632377813370e-02,1.188360302174884753e+00,1.687054820463049608e-26
-7.935528674125665437e-24,1.937029561054265598e-03,5.253425716191936878e+00,7.916630362733504415e-27
2.077090923593919282e-24,1.019336846395583638e-03,1.396071448204791787e+00,-3.680577597512857353e-28
-1.754066730311915371e-25,-6.960761403481741105e-02,1.137903835669002404e-02,-1.220884953657551394e-26
3.494514332866117601e-25,-1.326778610501133486e-02,4.106077472875520051e+00,-2.642034296625477074e-27
1.727061914895541498e-24,1.191459057711536469e-03,2.703723791707538293e+00,1.863592455162457962e-27
-3.718637782072335526e-25,7.232852553415101624e-03,2.606416048436865918e-01,2.598792982459139270e-27
1.534275748384387693e-25,-2.106406577807720844e-03,3.713455272366884774e+00,-2.717609650022597125e-28
-2.132651650052358201e-25,-1.778034426720610794e-02,5.295464182448687218e+00,-2.087811443749316405e-27
-9.956739167062737040e-24,1.160262433847132277e-03,5.347327247839730902e+00,6.852067802067208313e-27
5.481762547533346607e-25,1.129666559830738021e-02,1.624428508923061010e+00,3.319615152687567843e-28
3.200725173779167274e-24,-5.822535390049847492e-02,4.885367372608269143e-01,1.645626755386444616e-25
-2.159139289449767999e-25,-1.384785123881265671e-02,5.679111061262113402e+00,-2.460808438395921181e-27
6.323183360760919452e-24,-9.866044798619169609e-02,4.574795585234630479e+00,-8.556679010720865082e-26
-5.580164093316786812e-24,9.969150250439316741e-02,4.088343534229920806e+00,-3.250558733474463593e-25
-1.216663893311121832e-24,-5.026550903424953191e-03,3.759356866140238562e+00,4.985305984611805943e-27
4.585898693972643489e-25,-4.221522471332245924e-02,9.429777596379280702e-01,1.137138161427112189e-26
1.995142987599959268e-25,-3.723412699673320746e-03,4.742466569007872224e+00,2.234049200421660582e-29
-1.777740123239075456e-25,6.198670549001858605e-03,4.452784585059828548e-01,9.945110116471499556e-28
-6.119174348112924189e-24,4.085837806491313812e-02,1.955713494299580857e+00,-9.387792814314681929e-26
1.652056494673961647e-24,8.008848922580689630e-03,3.918670684045829411e+00,9.433296551310316377e-27
2.005315629079188025e-25,2.907751931940325690e-02,2.963737605935335750e+00,5.738979555068792757e-27
-1.404826796102336174e-24,-3.382793666562340304e-03,4.171949974939230366e+00,2.445086374591754599e-27
-5.950745943662084077e-24,-1.753580724253576625e-03,4.220247706029861767e+00,4.930738463914828864e-27
1.087145136414752472e-24,-2.131566186921900804e-03,4.755050627008682973e+00,9.883077900125272090e-29
-2.961994538260437807e-24,2.467084253801348024e-03,3.148192881381611574e+00,-7.307330917645224113e-27
-2.681185076533336851e-25,8.256160320070179970e-02,2.535159306030810189e+00,-1.818908316645778357e-26
9.170447546388040359e-25,-1.304730088424965739e-03,5.212612705347139830e+00,5.738655857379578872e-28
-2.290784911806864044e-25,5.546564227591595231e-02,4.640659707177966276e+00,-9.106097853688001846e-28
7.990090808204504081e-25,-7.298198112009395000e-02,1.574724657341398437e+00,-2.290731935550206569e-28
2.521704512517899185e-25,-1.862618589293058013e-02,5.539964363506098444e+00,3.458348334011139368e-27
2.931660780805871730e-25,-3.809083105083041227e-03,2.321228620047058211e+00,-7.615350266212266281e-28
2.604602037089793288e-25,3.985068053484189764e-03,5.545052944974250053e+00,-7.678004309123166066e-28
1.523380273080755728e-25,4.346136716987241549e-02,5.015045924879258515e-02,-6.612494776856243477e-27
2.054588807366864525e-24,1.660875649746229935e-02,9.232533370823043928e-01,-2.058467222804058839e-26
2.073950503122667115e-25,3.628941605288438232e-02,4.790961763435471532e+00,-5.907497483349463142e-28
-4.393084332802799910e-24,-1.956107286603795889e-02,5.346270979413638713e+00,-5.089640792984196080e-26
-1.349841839796166688e-25,2.153072548298229014e-02,3.919398568720243947e+00,-2.070612897874801362e-27
-6.711924748956905498e-24,1.668296528274301749e-02,1.831834704602091524e+00,-2.889889403344045983e-26
4.273723972786770741e-25,-1.829727640208784339e-02,2.494899700278486510e+00,-6.240793205126974731e-27
-4.121313581922889893e-24,1.028131546224480934e-02,2.021993820623487093e+00,-1.847626420631412385e-26
-6.865718244091230663e-24,3.991058255475565114e-02,1.043356602019502422e+00,1.379178663209767355e-25
-7.583561990273853217e-25,1.975851510776058598e-02,4.816782760151510523e+00,1.561395962788853849e-27
1.352166844032203126e-25,-2.193057984621435766e-02,3.646812740961354660e+00,-2.594909323867459448e-27
7.191206263665988948e-24,1.409426430999281485e-03,2.432399179853335092e+00,7.691684661726599497e-27
-1.652987899258244773e-25,2.647807506577179795e-03,2.666824641046095845e+00,-3.892715100869887769e-28
1.023910511958527375e-24,-5.821083726284698862e-02,7.476970303474415047e-01,4.370407167313087813e-26
-3.000763907802105307e-25,1.756684842413666278e-02,4.139421063437040971e+00,-2.857773527481393863e-27
2.147125673290763858e-24,-5.639441614486436806e-03,4.621851910191879576e+00,-1.094779176056412464e-27
-2.224404894592581365e-25,4.099767646705837140e-03,5.788636256018935278e+00,8.026865408295683782e-28
-5.499121777150614940e-25,-4.130451894287847509e-02,5.612604910341054243e+00,-1.779542449748425990e-26
1.881165142019578057e-24,-2.778704169800061928e-03,6.881191729023198311e-01,4.037709224832136843e-27
-4.259013005105398761e-25,7.055552164264941584e-02,2.102374836467075347e+00,-1.523202660156601204e-26
2.369414604551161339e-25,2.710364990111600869e-02,6.261247432752609754e+00,-6.420433099367498617e-27
1.821292021050759227e-25,8.552091274893728820e-03,4.930045706983405829e+00,-3.363485016222773894e-28
-6.743865884924903298e-25,-1.067511479817434376e-02,1.879850254358555572e+00,2.189676928239089903e-27
1.027518491999959414e-24,-1.025329396242731159e-02,2.523141392462741571e-03,1.053541561471139430e-26
4.155979702651868760e-25,-5.889040172464072437e-03,2.814630687981274360e+00,-2.317811962905611749e-27
-6.786966484922548158e-24,2.330437021658481045e-02,2.666903379479144132e+00,-1.406783241633272274e-25
-4.251581313121834275e-25,-5.185710111115552148e-03,5.235967627141239866e+00,-1.102334976619710874e-27
-1.216034052238808471e-24,-1.323180623701141270e-02,4.581986241796717430e+00,2.092281085164281838e-27
-7.701168931545948277e-24,-2.774350328775352162e-02,1.208774030199846417e+00,-7.567022557905319497e-26
-2.460856138773249871e-24,1.417945869680145923e-03,2.312728149328938443e+00,-2.357807299816620096e-27
-5.215939099733693106e-25,-6.623124318083203205e-03,4.210524163412713960e+00,1.661865150719708604e-27
-7.194482585764509649e-24,-1.364919429961476346e-02,4.235880588244359757e+00,4.504180124918113052e-26
4.549315553201714065e-25,-1.757480492026877034e-02,4.825117262754802461e+00,8.993925029700314468e-28
1.285404981698412448e-24,-1.362378660007121031e-02,1.172436627683432597e+00,6.793059678341364695e-27
-1.476622701780516573e-25,-1.567470763478466186e-02,4.312003096051086892e+00,9.021558348186557867e-28
2.868589356846402380e-24,-8.160918979340655091e-03,4.562038967642132903e+00,-3.506496986262748454e-27
-1.988075863841810403e-24,4.064467820165159305e-03,1.522737082472693571e+00,3.881918257410473478e-28
-8.558568983004847749e-25,2.034893649494456253e-02,7.130570318750317771e-01,1.317269615378317631e-26
-3.988128178349623419e-25,1.690364274655879176e-03,3.634518575559380515e+00,-5.938840936631967592e-28
-6.278801996416058001e-24,-1.760915069576584778e-03,4.189693053493804165e+00,5.519571358594464656e-27
-1.706660468009974958e-25,6.332622403475753232e-03,1.218215631425272560e+00,3.732102674558796147e-28
5.818731636750792325e-25,-3.683118989203892826e-03,1.857696221630259270e+00,-6.064571561388664317e-28
6.307700313001673192e-24,-1.625919475286523308e-02,5.990850681811969558e+00,9.820696320074635564e-26
-2.443089845244372171e-25,-2.952816262929725682e-02,2.053725733126492869e+00,3.350003159022761316e-27
-1.016893931978587717e-24,3.331712003380295304e-03,1.005229179628469582e+00,1.815610143058653283e-27
1.391887457874889161e-25,3.428838137961692789e-02,4.740232216749074468e+00,-1.328662581378487570e-28
1.253905518302116825e-24,1.633293802862858298e-03,4.566305244045087086e+00,2.981159564108770091e-28
-2.411919360527740740e-25,-3.132660646534263238e-02,2.733765094894021974e+00,6.936039167087231840e-27
1.286931623409441426e-25,-2.316077875372914065e-03,4.367011004222943527e+00,-1.009100619191603924e-28
1.066372599802423084e-25,-2.192213720433663915e-02,1.439742189281798757e+00,3.054912050524235265e-28
-7.626551911221954127e-24,-1.662789784889252484e-02,2.865087355366119581e+00,1.219965584948388229e-25
4.762123538468095392e-24,2.326324972452596326e-02,5.345561330034949599e+00,-6.555055582123210223e-26
3.286997553338853148e-24,2.539805518320052691e-02,4.050387632396058812e+00,5.131693452355398474e-26
-6.094204736622421550e-24,-7.521018593643379220e-03,6.270947099487867327e+00,-4.583119476896937852e-26
-1.987689816200758166e-24,-1.854415654828768176e-02,2.092048214097372849e+00,1.835504815524958740e-26
-2.760997277001596459e-25,-4.211388867155945598e-02,5.342089995079966513e+00,-6.847549737011731389e-27
-2.760274236073742722e-25,2.148277318982975970e-02,5.848197563051351189e+00,5.377619921784363971e-27
1.931866526809813891e-25,7.647281384463281220e-03,4.829829340693859052e+00,-1.731022800197341605e-28
-5.352472056785403944e-24,-5.966396472656750744e-02,4.268814090433030728e+00,1.370556714419625863e-25
1.072139633918257686e-25,8.367692511673777492e-03,5.245818749442585638e-01,-7.764990220236626753e-28
1.264134956780751198e-25,1.539277052072805622e-03,8.017990503581835515e-01,-1.353176054956956352e-28
-1.282169997923425364e-24,-1.582981089948269551e-03,3.904650746157076746e+00,1.466881121599659422e-27
-4.971337925851559376e-24,-1.409827576825008720e-02,3.490271827365710067e+00,6.586977626208378099e-26
1.712453823822494413e-25,8.701957655491889682e-03,6.437749661428016079e-01,-1.191891151835529213e-27
1.926615106534290464e-24,7.844618520325804395e-03,4.420493055949337169e+00,4.349206165379512380e-27
9.785361243548775172e-24,2.418545683907235427e-02,3.955771506024728268e+00,1.624613361538605646e-25
-7.881462798974887991e-24,4.685264923960665712e-02,1.858980631098372971e+00,-1.049501837016160114e-25
9.625550270499983164e-25,9.287370806113685873e-02,1.361426695246817697e+00,-1.858037444375989535e-26
6.824507352217881855e-24,3.046726737290119530e-02,5.484004457907219354e+00,-1.449842409822018084e-25
1.736076818371047614e-25,-3.953116577337191517e-02,6.082235279912797665e+00,6.724814336901816831e-27
-4.234627875214397861e-24,-1.614444166498621349e-03,6.095108238342572982e+00,-6.716011332512371812e-27
-5.865929831339365803e-24,4.576137596876227176e-02,5.378039484612260335e-01,2.305398559962810173e-25
-3.050437311132422374e-24,-1.352066539272255008e-02,1.107437639895221482e+00,-1.843419265697336034e-26
-3.987024006885486335e-25,5.020933024229390362e-02,4.224592752548033125e+00,-9.382314042786845488e-27
1.095667353414938852e-25,-1.408566387493413643e-03,6.779090166389538652e-01,1.202070214349087498e-28
2.877915132825708406e-25,-8.570989010770876590e-03,1.281043002764430838e+00,7.047632348980903467e-28
4.133086101411075082e-25,1.025361582498375296e-03,2.344763259935641830e+00,2.962202800324968613e-28
1.749600182597323240e-25,-7.325051123363583716e-02,2.404357250236677679e+00,-9.488001543392553263e-27
-4.569781907986334124e-24,-3.804494126858099651e-02,3.737698064333023318e+00,1.438716749026977619e-25
-6.015257777356707768e-24,-6.290397324412272395e-02,3.956235775254690168e+00,2.596196149294775996e-25
-4.384015025616327231e-25,1.221546059259705740e-02,2.924179669471564935e+00,-5.229206362023526766e-27
-1.346761520369741301e-24,-1.759525289296937772e-02,2.542177269259162653e+00,1.956547468449845773e-26
7.448576389900985949e-24,5.252328485415895531e-03,1.311143429582147579e+00,-1.004447677516401639e-26
-3.014831668212722066e-24,5.184753515064080207e-03,1.557255393485829753e+00,2.116540145940048905e-28
1.058536273283112857e-24,2.833037075724621073e-03,2.541319439330753105e-01,-2.902554403833816023e-27
3.327332832027516713e-24,-1.077245571344631961e-02,1.438612914133153398e+00,4.724137036436833045e-27
-4.748622523845438906e-24,1.413880589760137772e-02,2.066489034729396934e+00,-3.193447303163636485e-26
-1.905089100974031727e-25,-2.689734836531232701e-02,3.211414990677416537e+00,5.111698988715556474e-27
-2.271257366901377959e-24,-2.475289913233578651e-02,2.701179000975472810e+00,5.085541368979728516e-26
-9.527099355082216878e-25,-3.514773113653932302e-02,4.585803370542609336e+00,4.227482887309655891e-27
5.447652459309258813e-24,1.459899742331086537e-03,3.438438145457355599e+00,7.605192502095583688e-27
3.006565502204315569e-25,-1.607376211406141711e-03,3.788466586868350500e-02,4.829214232780893602e-28
8.568927805575726757e-24,-2.663332904050151606e-02,2.230570180455050622e+00,-1.398841842760418689e-25
-2.829454371338208028e-24,1.192467978404466306e-02,3.506048001684131776e+00,-3.152420570958224564e-26
7.325108371029380500e-24,4.718562332953715743e-02,2.997310696043825828e+00,3.420484003468834519e-25
-7.512582713284743410e-24,-1.255244906902553900e-02,1.400613413455880307e+00,-1.597111751781584081e-26
1.216674167029775399e-25,-6.986510912624271930e-02,2.976448923445104366e+00,-8.384658429294264797e-27
7.897114681344728688e-24,3.097133121376547879e-03,3.893148864398266351e+00,1.786998382866186107e-26
-4.908160131183862134e-25,3.009250005713007964e-02,4.000957648834468472e+00,-9.643529521400380608e-27
3.046490793673274564e-24,8.774663015229079710e-02,3.294526319825156868e+00,2.641992628860088063e-25
-1.153222621466143814e-24,4.313198631179037713e-03,9.792385991554242164e-01,2.773818236962171485e-27
5.474128928181723619e-25,6.664338771671526884e-02,3.341540996189650947e+00,3.575462387219785754e-26
-3.713243729311056999e-24,-2.819589094037244087e-02,5.720719096649042434e+00,-8.856867189879871050e-26
1.229745606811614574e-25,-1.278855535688779108e-03,5.948575601463264917e+00,1.485444592822706790e-28
4.546301917198503567e-25,8.033045458842667796e-02,2.166092443518919386e-01,-3.566722816127609546e-26
-1.679192134926999587e-25,-2.155872479695749785e-02,1.611547593652570831e-01,-3.573216900295458208e-27
1.469497507466551245e-25,2.652751943578273309e-03,1.052914577068302160e+00,-1.929774038192087425e-28
-1.077963935408531939e-24,-1.327557898075229460e-03,1.901364544716937832e+00,4.644940688594967147e-28
1.964308644492718850e-24,5.071256808262827008e-03,5.976654417709537093e+00,-9.497168781569485850e-27
-1.937842097106328569e-25,3.535033038205427636e-02,6.906716850135397046e-01,5.280364145278111194e-27
-3.157878826303837695e-24,3.121102473487830445e-02,3.724764627559661090e+00,-8.227054507799700842e-26
5.752039100237325990e-24,1.001910476822504828e-03,1.694563716269144482e+00,7.114553201251716011e-28
-3.849113017655686856e-25,-2.940387723364396022e-02,2.901309850115456612e+00,1.099272990490154486e-26
2.004825822263359770e-24,-9.099124766285961174e-02,4.950281769772836071e+00,4.298861510114147379e-26
4.904616314866405499e-24,-2.228524319823314056e-03,3.979655734456318150e+00,-7.311157430019437267e-27
-9.162581956853103508e-25,2.016651726746201360e-03,5.250830594551552544e+00,9.475359867139286203e-28
-5.551652503982630482e-24,-6.006586306791444202e-03,3.750328109084370087e+00,2.735651103798576203e-26
9.934670670302693654e-25,1.643947385246972330e-03,5.215795567689267997e+00,-7.878794491022973452e-28
-6.246875254920132421e-24,-7.713143251195457226e-03,1.730340719472860389e+00,7.654763163832880878e-27
1.098764105796351063e-25,-2.472990770865274648e-02,2.460133755172500436e+00,-2.110351746077150373e-27
2.903108130979773012e-24,4.660356046717373246e-02,2.414276374138225378e+00,1.010602747151277286e-25
-6.383829074627119779e-25,-3.352329912683975517e-03,1.240264255228633594e+00,-6.945519337635218817e-28
2.153130152483219078e-25,-2.173946731999046398e-03,2.656930757100299800e+00,-4.141715464521003579e-28
4.058891252343639541e-25,8.873655160132803976e-02,1.986353088992707017e+00,1.454012147781496118e-26
4.170393649857782794e-25,-7.854551508599684484e-03,2.184166792545069402e+00,-1.885556045303759285e-27
-6.964327435116016430e-25,9.084477510435608194e-02,5.836059633889485454e+00,5.704769871113324806e-26
-4.695512301791324835e-25,6.667201160953708031e-03,1.474184382015227390e+00,3.019823411312512043e-28
-6.003295661264624914e-24,-9.881028806446312540e-03,5.185018739840566937e+00,-2.700362887713339281e-26
-5.123560568834664143e-25,-7.896033011163948456e-02,3.577883337034287070e+00,3.666612136350768683e-26
-3.330407558602095121e-24,-8.429026132926890902e-02,2.295240099782358989e+00,1.860390909306604545e-25
-7.253069012356833805e-25,1.982535213380312664e-03,5.660723238201372354e+00,1.168253058173530453e-27
5.465715559073123734e-24,1.287292242132013651e-03,1.970964792200521343e+00,2.741028745807899738e-27
9.594106225632606111e-24,-1.037466891647578163e-03,4.189168032168590017e+00,-4.973526538830005412e-27
1.533311810482258217e-24,4.768782334480671514e-03,5.359783432802860403e+00,-4.409959453717774614e-27
3.942209331888574253e-24,1.752612990921521884e-03,3.267106737410129913e+00,6.854815928731072713e-27
-1.096125770343292980e-24,1.559497123313064414e-02,3.737634655175678944e+00,-1.414642024708474794e-26
-9.446669034239061582e-25,-3.057829984306583565e-02,3.408652454515553210e+00,2.786231631792889804e-26
9.747787709020304082e-25,-4.862469806622646620e-03,3.412707647395001320e-01,4.466486783097332923e-27
-1.095393886516521546e-24,-2.225410667849701471e-02,3.837967098530304266e+00,1.870138091340899802e-26
-1.540443065377759813e-24,3.855753173206661211e-03,2.373816635052440560e+00,-4.273264448955364769e-27
-1.112821404124576436e-24,-3.986158142655933136e-03,6.121713390947445710e+00,-4.378178864911704686e-27
-3.838891182676857263e-24,-1.342479464110823278e-03,8.973280804247928399e-01,-3.214324418388243542e-27
-2.518223755799199300e-25,-3.869154680957007011e-03,5.859750074026666589e+00,-8.882887701993622600e-28
-3.031820125951798827e-24,2.517604785508218909e-02,4.238234058750676603e+00,-3.485092444864777155e-26
-1.806020779334328989e-24,2.314997998252411524e-02,3.087508564098669694e+00,-4.174821177154176822e-26
-3.683366655956783319e-24,2.625183927826149361e-03,2.875505606309493700e+00,-9.329217862028844885e-27
-1.168616472789009117e-24,3.832291404955982198e-03,3.731088800171176167e+00,-3.722605223382662117e-27
-4.329896427595269768e-24,1.260714820437974304e-03,2.270364421541116173e-01,5.318680376689886482e-27
-3.274170490305039299e-24,7.670316560806005046e-02,1.880929102725593660e+00,-7.664394964495691480e-26
6.548964149395633887e-24,-3.532634811521256652e-03,4.486103947586681073e+00,-5.190563451915288903e-27
1.113592577145748681e-24,-2.329775631821337512e-03,3.126984046882385737e+00,-2.594144015454810505e-27
-8.727185045342920044e-24,1.749861286573868233e-02,2.418553007105782804e+00,-1.145043705514931844e-25
-3.024168092615178033e-24,1.732143527329978519e-03,3.289540547263537729e+00,-5.181068284740885423e-27
-1.915414977040218708e-25,1.246213079064529584e-02,7.159417244743581099e-01,1.800944472961633683e-27
-1.290108384789158879e-25,4.675926624303860732e-03,3.639323059647419090e+00,-5.300525086202174486e-28
-5.756324814595884231e-24,-8.176456123589774180e-03,1.592092878281261337e+00,1.002274908663092907e-27
-1.430390129619944328e-24,-3.152988475034386624e-03,5.316174234360794948e+00,-2.560611031235351121e-27
-1.542400270625483001e-25,-1.609166315731440020e-02,6.037033304976168857e+00,-2.407164916181372469e-27
2.884655338885848189e-25,5.209252982637712498e-02,5.874775890184674942e+00,-1.379099230364063874e-26
-1.082455448255642755e-25,5.173013491477861624e-03,1.874962071904900940e+00,-1.677052202374811524e-28
-2.376931878101870098e-25,-1.785949065613900641e-02,3.053844102573119113e+00,4.228746602539437579e-27
7.101080652683224870e-25,-2.044123371721697380e-03,3.220268750042662442e-01,1.376932922062144245e-27
-1.817808537296456831e-24,-2.960968223281785008e-03,1.880060540626840471e+00,1.638197952328365877e-27
1.252963376747345969e-25,4.197518644247422159e-02,1.993316710470362407e+00,2.156646362261609368e-27
5.973387600743561896e-24,1.367589766268540374e-03,5.750133506300808328e+00,-7.035758937366103325e-27
-2.431702323949190621e-24,-6.159843253819353472e-03,3.621059287955153305e+00,1.328990019324597923e-26
1.107474331315024556e-25,-1.708806792785668924e-03,4.081457794365459080e+00,-1.116356136741234005e-28
-4.492180418767127702e-24,-1.938771942502064182e-03,4.345958288636022182e+00,3.120419574622278017e-27
7.970924065091696161e-25,-1.623429686869682026e-03,4.165819378581478438e-01,1.183355164640499758e-27
-1.975215911646421569e-25,-1.299353988384597744e-03,8.569211801899142555e-01,-1.680464189397044911e-28
3.286105281319330937e-25,-3.875972520400448092e-03,2.795995883741765553e+00,-1.198376766883360431e-27
-2.681866297110788054e-24,8.408495478579695176e-03,6.199115020110170349e+00,2.247081633793939485e-26
-4.565724626854751790e-24,5.983945452219367050e-03,6.235698067809120282e+00,2.729024790698868568e-26
5.209279105001922155e-24,-5.175416504041210203e-03,4.725552728421344106e+00,3.548868861372495112e-28
-1.083173080860242192e-25,3.275940983029233117e-02,7.330064276946071100e-01,2.637058979255047021e-27
-3.532446563282313154e-25,-4.097984410677167622e-02,1.670657050004165534e+00,1.443173548966369510e-27
4.820107668986892050e-24,2.803270405806559257e-02,4.665379744568637577e+00,6.349579359296953582e-27
-3.631366624783941347e-24,4.610088436091180214e-02,8.143725149157202692e-01,1.148971104854431496e-25
-1.791705410999543455e-24,1.449866869694359586e-02,1.375167972219627943e+00,5.049552400105090634e-27
6.658969298989041598e-25,3.507001291082159286e-03,4.586073530265248444e+00,2.942008296904050942e-28
4.536585111115240955e-25,-7.528949482007958605e-02,3.811761478312442053e-01,3.170428676237377939e-26
4.969446541591962887e-25,-5.087531414635962888e-03,5.412219172269287171e+00,1.628396653099022734e-27
1.260803676152251083e-24,-2.078854011876110543e-03,6.221697673089434666e+00,2.616073645020415823e-27
-2.832794776459942021e-25,4.539710365745556857e-03,3.155508869031403929e+00,-1.285882258368935296e-27
-1.951801837289995259e-24,-4.225105908317381559e-02,4.910970215104215164e+00,-1.626872067335398288e-26
1.005511716471089641e-25,4.345487440707474294e-03,7.806268047303472901e-01,-3.104366267311161600e-28
-2.611040691726750608e-24,2.173535366896325177e-02,1.478263306001193156e+00,5.243933194335823454e-27
-1.257628739949851334e-24,-1.333567697356486705e-03,2.527807506072249133e+00,1.371012276785323645e-27
3.430915264159984177e-24,5.130063072922885770e-02,2.718895153799379294e+00,1.605168833270855104e-25
1.905065054270803425e-25,-3.183682188112629124e-02,5.816067737839115459e+00,5.415365170276058948e-27
-1.822150620150127031e-25,-1.115617009634941453e-02,5.002715937851083261e+00,-5.819269010197510315e-28
2.823048376671305135e-24,1.060334892856216061e-03,3.675051461484814208e+00,2.577457094282081292e-27
-4.137278900361162049e-24,1.083697282535768438e-03,4.854717090561207371e+00,6.359840185987024415e-28
5.742481409775323162e-24,-1.102619590667621146e-03,3.903851794775255346e+00,-4.579630431618153593e-27
9.536451137799698581e-25,2.564052370071483265e-03,1.089671779848675692e+00,-1.131578888387572261e-27
-6.212002730294857538e-24,-6.574340098067535387e-02,5.971199617967895890e+00,-3.886831483001112630e-25
-3.022008896273140412e-25,-9.674038462592106369e-03,3.061964649117357773e+00,2.914239516368138052e-27
-6.219341179445626167e-25,-3.677968116250296491e-03,5.416984001779145963e+00,-1.481641826789368555e-27
-3.855711024798003457e-25,-1.677828552214255531e-02,5.449770294519182379e+00,-4.349592988534077475e-27
1.138788106458520300e-24,3.249097110045155983e-03,1.858186242889081630e+00,1.048774976030556938e-27
-4.863725181394097438e-24,-9.397621378152865024e-03,5.480996633884458014e+00,-3.177284594431201898e-26
-7.743130904879566392e-25,-1.233666925179698493e-03,4.466764881709416102e+00,2.322789014368686317e-28
-2.865041010220004052e-24,-1.200291652747690133e-03,3.760716359512520146e+00,2.800584121023663797e-27
1.828185824985933830e-24,6.934612892191592028e-03,4.244058311113084514e+00,5.722707496185163084e-27
4.741943848227698842e-24,-1.538714438833857327e-03,8.464786550076662808e-01,4.834838468110052921e-27
3.250386044528368157e-25,-1.193912551481717682e-02,3.877126285442726417e+00,-2.877416219857731427e-27
2.149464727207890364e-24,-8.384667026061963513e-03,1.819579528867331097e+00,-4.437597893650871884e-27
-2.815654420461079430e-24,-4.570458794137609998e-02,6.159997272408787694e+00,-1.277131178141332402e-25
-4.870887002466571566e-24,6.062305571755104670e-03,9.524213094143874070e-01,1.711819858168289716e-26
-2.880814328472031365e-25,-1.152053860455252640e-02,6.150559143195031275e-01,-2.710644152514612013e-27
-3.583512925730088155e-25,4.311755267917466439e-03,4.121266487854295946e+00,-8.610868862963844430e-28
2.066367627721557178e-25,-6.993223894129109094e-03,4.590434662842671543e+00,-1.757944399590115841e-28
-2.592901614750919597e-24,1.794236434666353960e-03,2.243099249081409674e+00,-2.897389855018699088e-27
-2.035916084162504603e-24,-3.516840708740988451e-03,4.645934854982830764e+00,4.754609121836427808e-28
2.790461200685090322e-25,7.903820270106855922e-03,4.408748782466870075e+00,6.594444415179889326e-28
-6.835728980033307857e-24,6.521105212748531943e-02,4.287474159116482220e-01,4.054176344001216014e-25
-1.125358200150420183e-24,4.988522605395683679e-03,6.089561676627578413e-01,4.604755833010046393e-27
-8.616166999788112447e-25,-1.321332768291024612e-02,1.448803522328605986e+00,-1.385424236820477654e-27
-5.624499810926346713e-25,1.350022262759913855e-02,1.068916722046981960e+00,3.652892590141286751e-27
-9.797920579866596954e-24,4.001836739809744997e-02,4.805924520742752115e+00,3.662153048076350226e-26
-4.085453970373113745e-24,-2.756920221625669583e-03,1.145235181898118570e+00,-4.649837896858264817e-27
-2.102932945792182673e-24,3.666922307112792639e-03,3.554231345002851761e+00,-7.064050813737112641e-27
-9.807438122230372952e-24,-9.494736659572356949e-03,6.526471576659126535e-03,-9.311705908772216292e-26
-2.382873481818814428e-24,-5.441961493496236431e-03,5.212887001120652286e+00,-6.222620152984534977e-27
-7.382439239020209765e-25,-6.643147692911557933e-02,1.388088267812075838e+00,-8.910714147194559452e-27
2.283266105809550629e-25,5.363940138035358518e-03,3.400008525573581242e+00,1.184064344191743545e-27
9.092736029384784965e-24,-3.283053320199977310e-02,6.282636852042803532e+00,2.985193272119710102e-25
-3.630028720871993470e-25,-1.369053973874644406e-03,9.376415538795178639e-01,-2.940529693798465366e-28
-9.208689192662262579e-25,3.180416783477758164e-02,8.172210454563548776e-01,2.003996258071613577e-26
1.050829956954004962e-24,5.909192179037697779e-02,5.107753584600379426e+00,-2.391577593805439971e-26
-6.232963921284726619e-24,-1.104591855650764731e-02,1.826251258934497912e+00,1.739710358041305514e-26
-2.038539393727820958e-25,-4.833324310653674266e-02,3.061439970393818211e+00,9.821289135368617501e-27
-8.538476492470867426e-25,5.614715166729240120e-02,4.036087259469112176e+00,-3.000696852747048368e-26
-2.268957097018204765e-24,-1.884366628012889774e-02,2.358584794805620000e+00,3.030486189516529048e-26
-5.102984370959667329e-25,-6.115329868610647895e-03,5.919258573241056531e+00,-2.916260876777086276e-27
5.980933281075555335e-24,-1.127099248578739736e-03,3.750688511009217407e+00,-5.528823007560690330e-27
-3.057363144131847795e-24,-3.324132845541466746e-03,1.608692817899589622e+00,3.850529374256643619e-28
-5.007094734987776646e-24,4.519741895497415840e-02,3.577978473883273836e+00,-2.050993659541502119e-25
-1.957267634645862705e-25,-2.219403338935103508e-03,4.306888247842956652e+00,1.713603210865342917e-28
-6.676403426294707076e-25,1.204688956224984724e-02,4.320260317267690553e+00,-3.073679678450720193e-27
1.815316867809411353e-25,-6.894397705801760812e-02,3.791230868142604571e+00,-9.966139465919021159e-27
-6.536280112555527962e-25,8.180549163674062652e-03,5.994656319025702729e+00,5.126008204697052986e-27
-1.730926894382651011e-24,7.169646718270948627e-02,3.141472017229422153e+00,-1.241013423757434284e-25
3.199599692942000097e-25,-7.878109226319783553e-02,4.039012514195214010e+00,-1.571968863370159607e-26
5.238326062184934218e-24,-5.963072080913565248e-02,4.151312569219960835e+00,-1.662088403701731151e-25
5.594698922663456709e-24,4.104254632015922125e-03,5.896830015920531132e-01,-1.908416594126674080e-26
-7.237657798631029187e-25,1.256064967813790186e-02,3.512971994962084121e+00,-8.471215890728790919e-27
5.429799061894261720e-25,3.733222383562013764e-03,5.442797429265469944e+00,-1.352404779134553956e-27
-6.210766029347908307e-24,-3.928813252194009870e-02,1.963749382796310394e+00,9.343560602942796967e-26
1.912504421157143896e-25,2.665954426996422922e-03,9.312984823303881443e-01,-3.042836313363629358e-28
1.139360937013554085e-25,1.222138948499858734e-03,3.882353635678507775e+00,1.027571195849612431e-28
6.402623441871376955e-25,-4.544083654025069322e-03,3.060960444998002128e-01,2.774168462414029238e-27
-1.115118351531857829e-24,-5.343281362633000957e-03,2.246574346318856996e+00,3.727000644215474580e-27
6.143403055292250524e-24,8.459889554037515469e-03,1.968560688368956368e+00,2.013197903747643339e-26
-5.741065262119436947e-25,5.360970388280185406e-03,2.666301777635816883e+00,-2.736627210936294662e-27
1.373102287349042607e-25,-2.427704723469909995e-03,1.949381806080303869e+00,-1.232078373841765048e-28
-2.798193623842321423e-25,1.172859792154193857e-02,2.277707719848740542e+00,-2.131548647726446749e-27
2.786513280494142686e-25,6.842482707850407186e-03,3.240569095545715039e-01,-1.807427631305292898e-27
9.165348493114593372e-24,8.237152174312119268e-02,3.348590747387143907e+00,7.388469520593257968e-25
5.762959072719658140e-24,2.781300891473901735e-02,2.066882989772558243e+00,7.629378293141855937e-26
-2.124800576877440724e-24,1.505405890898082327e-02,3.915874900703535111e-02,3.196235173032044525e-26
3.684293102751350098e-24,-3.124651971033838224e-02,5.097123602570445833e+00,4.320655414962820627e-26
-5.581492718617822593e-25,5.331283416825455951e-02,2.590243622652500299e+00,-2.534715759494403330e-26
-8.110369458426447120e-25,6.916379285825056955e-02,3.918078143004640967e+00,-4.001666318016318875e-26
3.832690423664068065e-24,-7.193282726245001091e-02,2.325617132480884752e+00,-1.888955397536734031e-25
6.772532922323572776e-25,2.780585836297494277e-03,5.798588435237388872e+00,-1.666339072984192836e-27
1.001085454135270936e-25,-2.941508329985042126e-03,1.003367528994612679e+00,1.582675509341426033e-28
-1.668425464322124737e-24,-2.880723619237702312e-03,5.419843612683498790e+00,-3.123603086682472929e-27
4.057432624557837474e-25,-5.833970958267846972e-03,2.878240005224461218e+00,-2.285483262095859479e-27
2.927473336655018081e-24,1.511469652188982514e-02,5.689984221792138364e+00,-3.668836413463031402e-26
-5.615093914561222923e-24,-1.346141712899652423e-03,3.827652557254856092e+00,5.848538701804348826e-27
-7.006115592039557772e-25,-2.152411795687459838e-03,2.245751618520576809e+00,9.422953818705605868e-28
-7.961719361247833233e-25,1.783513397527809307e-03,3.152269212997678149e+00,-1.419902384400177071e-27
1.944436242799926174e-25,-5.507419400125007636e-02,4.659375018988575867e+00,-5.674513931252342162e-28
-4.947619008068525957e-25,-4.768703883652247733e-02,2.741757108742091109e+00,2.173277507864127755e-26
2.034262508789445427e-24,4.070930956931326228e-03,3.588197566363029889e+00,7.469097045472579381e-27
2.837132109172504041e-25,1.586784371670998256e-02,4.403390626981858347e+00,1.369053553907933965e-27
-9.056336607005689741e-24,-1.904363846902854679e-02,1.630117503949399138e+00,1.022486307374379728e-26
1.183520194514383495e-25,6.045899712460861553e-03,1.603088998064603254e+00,2.310282556811740846e-29
-1.374492413697291600e-25,2.146430932193518510e-03,6.142113833912383747e+00,2.920944956958391190e-28
-2.669617534283419472e-25,5.464040187095568074e-02,1.658617239279647437e+00,-1.279388616912846483e-27
-8.893209583422975130e-25,2.022073881189240165e-03,4.995612813172969346e+00,5.025317770910707757e-28
2.217469061421516843e-25,-6.884861816400131285e-02,4.972555766836244118e+00,3.927301264005882530e-27
5.435268412091508836e-25,-4.685039041109336638e-03,2.269685252956530785e+00,-1.638299596944823149e-27
-1.975533173288413628e-24,7.593437982020078726e-03,1.620521002548473352e-02,1.499911896671170102e-26
1.244298266593604108e-24,-7.732635554172866132e-02,5.533471791923565419e+00,7.041973089005013675e-26
3.876965719636892372e-24,-9.950756003469242439e-02,1.102522112561265671e-01,3.834450442333346555e-25
-4.572934339838942941e-25,-4.216188172023696557e-02,1.070794486456798200e+00,-9.243524124988628830e-27
9.804300514261329807e-24,8.914869185979321098e-03,5.806051335028381111e+00,-7.764231263912701435e-26
1.548022411231337673e-24,2.574267472754916339e-02,6.152362788667131710e+00,-3.950971440810968003e-26
-5.847326082485687606e-25,-4.193637977573052948e-03,3.679922889231229899e+00,2.105338446985902498e-27
3.561982834570095682e-24,-2.124213334650583082e-02,2.483292337008315975e+00,-5.985282607785583872e-26
-2.074178474026838734e-25,6.948323959621059698e-02,1.466358617196031000e+00,1.502428250898865626e-27
-6.301946330533884408e-24,2.760326907655193118e-02,3.297416463651723806e+00,-1.718466924450489327e-25
4.991471203541015601e-25,1.628105256559878727e-03,1.046322009554122356e+00,-4.069480648519823485e-28
-9.588281596764531369e-24,-1.416726230022615288e-02,5.160803630697324174e+00,-5.889159929498901235e-26
4.017534608457670859e-24,3.274980751750507929e-02,5.948792066385354183e+00,-1.242855797166713695e-25
1.642593656417116938e-25,-6.269634859700022600e-02,1.725086627790012317e+00,-1.582656068452215588e-27
3.290698285862043838e-25,7.996952418373668922e-03,8.035008002452687093e-01,-1.826802654125688927e-27
-3.052804349317476249e-24,-1.981692648690243624e-03,7.874928149065197891e-01,-4.268828117662953310e-27
-2.902824821337723703e-25,-2.060449930033433560e-02,2.326630991009460470e+00,4.102431597129504446e-27
-8.284740430203276763e-25,-4.510896660946452433e-03,2.073206829351650349e+00,1.799590759731670178e-27
-5.946836016011977908e-24,-1.783564284109818206e-03,4.092937814838290222e+00,6.158048087138363670e-27
-8.871834817887568922e-24,1.222110098681763492e-03,1.403698943839689406e+00,1.803310517662635540e-27
-5.567119279078491024e-24,8.664440227991516974e-03,4.342963744965467221e+00,-1.741702090704364836e-26
2.697951396960869215e-24,6.228684099790932419e-03,1.589561302423802447e+00,3.153210352835044020e-28
1.927216375726250028e-25,-5.674353235487376856e-02,6.006757407225308931e+00,1.052054850820192585e-26
9.303788059599473103e-24,-3.072717640655406660e-02,2.434697576913364081e+00,-2.173773816806971512e-25
2.506397868337060198e-25,1.848414043593149189e-02,4.601689621025695232e+00,5.118079382653497490e-28
9.244860528362717083e-25,3.140594980024598304e-02,2.415339164918699044e+00,2.170805221777479963e-26
5.749733408940628440e-24,2.411047430766419426e-03,2.110119873667164470e+00,7.119360667884409164e-27
-7.028541454942068118e-24,-2.132662483258644052e-03,1.952702064234190571e+00,5.586433032483200042e-27
1.459656198327676385e-24,-6.329293061548763207e-03,3.340016419028455363e+00,-9.057316907818673784e-27
2.511938932723821542e-24,-4.081613214639528975e-02,2.657730898321488677e+00,-9.075797557242980477e-26
1.296179353873045869e-25,4.073346420289440661e-03,1.597008536521274724e+00,1.383790505620215373e-29
-9.415089639756016445e-25,1.510228970014650595e-03,2.631398550194518293e+00,-1.240815519909392517e-27
1.259679297983430771e-25,-5.160994556147019408e-02,2.819558834839138495e+00,-6.166995360241052046e-27
1.045212038511635749e-24,6.245172592050035956e-03,7.775749173940258441e-01,-4.651628260274135185e-27
6.619286492297179362e-24,-1.513833832232118525e-03,3.542528916458520083e+00,-9.225834042288859972e-27
2.335972521808405082e-24,-1.696013885806157626e-02,5.299813300447346442e+00,2.195727791741927171e-26
2.823581632358091879e-25,-2.304377213581895734e-02,7.405268706584297034e-01,4.802605220654598259e-27
-3.410789358023615458e-25,-1.880975284013025259e-02,6.155061996898511190e+00,-6.363024484300603234e-27
-3.145321094282017024e-24,5.529275791083885366e-02,5.749778909632488499e+00,1.497534210458617114e-25
-2.582452543181513255e-24,-3.763401612136429205e-03,2.388642645723758395e+00,7.091568340710745146e-27
9.447228935534563890e-25,-5.873860486162232712e-03,3.536278252823982227e-01,5.205802015323326730e-27
3.160589010889952475e-25,1.389871562126299056e-03,3.143205902155607578e+00,4.392807069502632991e-28
1.051587575772517195e-24,1.615372518312865402e-03,4.931010684447329595e+00,-3.684226594440792826e-28
-1.024901467560511997e-25,-6.511842039101650714e-02,1.693891305437690509e+00,8.194623212283868869e-28
9.001635003372461979e-25,-3.302881735575253358e-02,1.573270005694199059e+00,-7.354570311730592322e-29
-6.448211276365084336e-25,-2.454317623158671496e-02,1.276593172663340381e+00,-4.589169276158924552e-27
3.910807070143371394e-25,1.134115125799966357e-03,1.334108874049754756e-01,-4.395893146779634237e-28
1.010226910647397374e-25,3.387460177766604685e-02,1.211720524410398347e+00,-1.202558386960524147e-27
1.083921241716272699e-24,-5.328254684262923729e-02,5.577374437798837903e+00,4.395581524967718665e-26
-1.339386377127269924e-25,2.566384116005814703e-02,2.915601301755491370e+00,-3.349975777708093131e-27
5.439339533614886931e-24,-1.846149281248335786e-02,5.249282331451665229e+00,5.136085313213250941e-26
-3.080826821122499097e-25,1.268910420836697091e-02,2.067321434841311589e+00,-1.862282326674948358e-27
5.090735368836968484e-25,-4.100651037611489913e-02,3.428684117230168749e+00,-2.002093385126251695e-26
1.222338614691385754e-24,2.171312903416039788e-02,4.085711849935316664e+00,1.556502343857621427e-26
4.697739019259255991e-24,6.519023223225717083e-03,3.530675697494761733e-01,-2.873563085781552515e-26
1.811797591691537021e-24,-2.666390819883274806e-03,3.878654319665604255e+00,-3.577068498283446316e-27
3.593456525645501474e-24,4.265721048086526176e-03,1.196753527741331258e+00,-5.600819976030465711e-27
-4.623638553419600841e-24,-4.045867936582538821e-02,1.351082097781973967e+00,-4.077123895182260847e-26
1.248468332027281101e-25,1.149512976428974237e-03,3.415787451926576290e-01,-1.352218750763978458e-28
1.004952479272497720e-24,-5.577783953128581662e-02,2.341524821225953623e+00,-3.905052463724874204e-26
3.263301903489649635e-24,2.078318388103368372e-02,5.600018748840716043e+00,-5.260107932569846324e-26
1.515034854455786005e-24,-1.358459836551658036e-02,5.040355987770761992e+00,6.629577534260810074e-27
-5.249550888127262070e-25,-4.373692261420396819e-03,5.361856828478296144e+00,-1.388530286810164096e-27
2.213249854446348752e-25,-8.948082445462891832e-03,1.679319703359596350e-01,1.952574524460134894e-27
4.926269070454505881e-25,3.301557480583224014e-02,5.377220216425333543e-01,-1.396909565436975953e-26
-2.778019553510350643e-25,-2.916816923663289457e-02,6.063437300366058658e+00,-7.908117446501142606e-27
-1.809261984390292129e-24,1.429835227700611581e-03,9.632414887087124011e-01,1.476788371991005873e-27
-1.071938646811468831e-24,-8.935467685639705490e-03,5.536866589823664420e+00,-7.032303105306840753e-27
1.840610387444362083e-24,3.118659216622371270e-03,5.372889575942483731e+00,-3.521705393282990759e-27
-4.146031972966688892e-24,1.406082856605171032e-03,4.579383781761382721e+00,-7.730915879015055017e-28
-1.298568171805066529e-25,-2.178522265677341682e-03,5.508267473940629877e+00,-2.021230936568938511e-28
-4.731372549142069074e-25,3.067038754294061295e-02,5.961134347094064978e+00,1.376525161396497074e-26
-4.101632177963483316e-24,7.929586715057185958e-03,6.089261861905753470e+00,3.191460380793321957e-26
3.313381029743255093e-25,-3.858402772729258110e-03,2.985586289277259109e+00,-1.262910105586830474e-27
-2.101227043154799625e-24,-3.766604538401960821e-03,2.514649525054206691e+00,6.409350319114251260e-27
7.795264742590531023e-24,1.075521905017991827e-03,2.851566559601637074e+00,8.033832996675279905e-27
3.399640719714892618e-25,-2.112746638986112702e-02,4.951585594168606441e+00,1.701712467890050280e-27
-3.033738524089913845e-24,6.283027769659724204e-02,5.090445617855674065e+00,7.035725139953203021e-26
4.651634721816892810e-25,-4.912619930319119671e-02,4.467932264400561237e+00,-5.530782584020496855e-27
1.099853132364056047e-25,-2.292424453408016885e-02,1.245909524001953095e+00,8.048124181294722269e-28
-3.189539590134502623e-24,2.471388663436841198e-03,3.353525346063194856e+00,-7.706228443969385998e-27
6.223414596310296312e-25,1.920285060487081797e-03,2.406548277243558687e+00,8.865063453845079540e-28
-3.328483278057462961e-25,-5.818494587457995887e-03,2.263145100099200224e+00,1.236271257782704606e-27
3.037697548399520264e-25,-5.936725173344340606e-02,5.011458153094797474e+00,5.313365089774234437e-27
1.298641135394000965e-24,8.801972179661418649e-02,7.677965254420331398e-01,-8.223665610448352979e-26
6.257433567873163004e-24,-1.494822135266604332e-02,8.244266291065089902e-01,6.350990817530573666e-26
-2.509309290975813987e-24,2.905755283938902221e-03,1.894112735737940589e+00,-2.316583982516337387e-27
1.792330719789230721e-25,-1.030343485255269531e-03,4.392924048452405472e+00,-5.799771482277972263e-29
3.415098714118272111e-24,1.489936419165576679e-03,4.930723009996666129e+00,-1.102139270082812566e-27
-9.876446795940796013e-24,9.332779838885370272e-03,3.940782762316958010e+00,-6.427226501873693812e-26
2.776481958772378951e-25,2.102354530553682960e-02,3.956335076579726717e+00,4.004610312403184523e-27
-9.548251261949116926e-25,1.744770828755161721e-02,1.299981982449173623e+00,4.456688706352796643e-27
3.730955822486547364e-25,8.817446113442661826e-02,5.420996487734092817e+00,-2.140894175170168482e-26
1.483661559785281021e-24,1.337447229968610849e-03,4.740844125446697532e+00,-5.645646675216360374e-29
7.403990007834271873e-25,3.733093501751296589e-02,3.442238102314460146e+00,2.640001945901169229e-26
-2.738638022010673066e-24,-2.648184162997387764e-03,2.128606741281453107e+00,3.838920800757081310e-27
-2.751392806763050605e-24,-7.573067748204402247e-03,2.503519035663163805e+00,1.673679534827347473e-26
1.830145413853752473e-24,-2.604971836398435256e-02,1.971693957364026639e+00,-1.860483962066203746e-26
-2.666973543231408906e-25,-1.203689982751811674e-02,3.973569132625362155e+00,2.161806129311168126e-27
2.978144607572891997e-24,-4.608483842257303856e-03,3.993801261129216462e-02,1.371378697774451632e-26
-6.407187771934136423e-24,-5.715972465580335289e-03,1.011661787810559820e+00,-1.942693428315416615e-26
-4.044801982755270246e-25,-5.292853490576870240e-02,2.613295290317648512e+00,1.848984378511421890e-26
-6.431468321550167240e-24,4.060941332108176233e-02,4.293278478789339103e-01,2.374751264004243449e-25
-6.882805413163655558e-24,3.621696187982126336e-02,1.446298685703200748e+00,3.095395501748855214e-26
7.360107318802945294e-25,2.257271027860982115e-03,1.392561175240424887e-01,-1.645292796833571425e-27
2.357487669286707332e-24,-1.229339686019745650e-02,1.058957569772529750e+00,1.419460887005367542e-26
-1.216265206867777040e-25,-7.796861150931112643e-03,6.154013563813451881e+00,-9.404046921902940218e-28
1.473962899157415576e-25,3.675699595006393788e-02,4.116729897359657997e+00,3.039705959360239926e-27
-3.577892365170396613e-24,3.124815458334635407e-03,2.649122359276827599e+00,-9.851676842269988447e-27
8.806621770909900097e-24,-2.495466205581147942e-02,5.464441620910955866e-01,1.877634047236254187e-25
1.756214958865587750e-25,-1.527038709599366252e-02,3.084111817163273983e+00,-2.677379034673000559e-27
-5.390922192573751087e-25,7.601160224707528661e-03,5.762407917279033676e+00,3.554501604631844070e-27
-3.548293252725748655e-25,4.940091217606109968e-03,2.266265259112315800e+00,-1.123155948524375202e-27
7.534492268014210786e-24,9.903585821286556290e-02,2.128246702115611289e+00,3.947499420462230400e-25
-1.220937457003436128e-25,-2.658250983537897415e-03,1.983995583792899309e+00,1.303225943664885245e-28
4.949781033811223883e-24,-9.381269813631930299e-03,2.129655895820590228e+00,-2.462087059399449851e-26
3.338892953216820686e-24,-1.665682459546549005e-02,3.094582778569797021e+00,-5.555391260713145898e-26
4.734039364422356665e-25,1.246618883839449880e-03,5.451949802819105351e+00,-3.977424651061823967e-28
-8.226776183979199739e-24,-1.629632040849766234e-02,2.351982509223441209e+00,9.439897369503754823e-26
9.179443620525958423e-24,-2.036659424373371639e-03,4.534147689020172400e+00,-3.314675845402001902e-27
-8.409296851299135727e-25,-2.332724245722107154e-02,4.697222260761887647e+00,2.975076208557876718e-28
-2.043923940301241613e-25,-9.985965836348417030e-03,5.154567350234805723e+00,-8.733866896604114463e-28
7.378852821301788000e-24,2.112380900306414996e-03,2.925160253909753205e+00,1.522330105204497858e-26
-1.013445978573279475e-25,1.105475319128268810e-03,6.049379307428145225e+00,1.089856941038849032e-28
2.561697888456771024e-24,2.949082982935188543e-02,3.215409848592087338e-01,-7.167479935466026721e-26
1.773592281958929512e-24,-8.132912193159561043e-02,2.501140874640511935e+00,-1.156591352643643500e-25
4.744843038634360332e-24,1.923160657262045284e-02,5.725663853886097776e+00,-7.743273829684416688e-26
-7.133562645045088168e-24,-1.558290144608345980e-02,5.629702993365774510e+00,-8.825914819655973101e-26
1.158634858961531615e-24,7.993437211792697727e-02,5.535823377055571370e+00,-6.793148647941181204e-26
9.828753690658654872e-24,-6.553190431480478487e-03,5.050449538397094873e-01,5.636831975009907600e-26
-7.638744637599923046e-25,4.263403063530592924e-02,4.398439943628331683e+00,-1.005725941465158573e-26
-1.265355108470561323e-24,-1.112245903525906424e-02,4.823595952399816866e+00,-1.561887436277922105e-27
-1.081067527086332936e-25,9.645541667845608513e-02,3.569217797104593526e+00,-9.488520438591590220e-27
4.298983518129303310e-25,1.318134953186701113e-03,1.680673132658545565e+00,6.213802764204596759e-29
4.109051699451231420e-25,-6.155133839977634455e-03,1.018719211021506865e+00,1.326443950921095231e-27
3.247943952863815860e-24,6.844815642960408453e-02,4.525356905944298624e+00,4.133818500989045964e-26
-3.857175038718079345e-24,1.380271133492858016e-02,4.314975188234181580e+00,-2.060553900924129864e-26
3.837873027581534811e-25,4.219783329065116689e-02,3.032646085730564600e+00,1.609897559345379966e-26
-3.678669818779372098e-24,5.758239036761529650e-03,1.839359382180601576e+00,-5.620739995894853293e-27
4.244008134952867846e-24,4.451758775479515429e-02,5.825236112613044526e+00,-1.694655487687736176e-25
-4.444228548540257341e-25,4.187026277221268453e-03,5.268239649398656965e+00,9.818864337906590316e-28
3.641250350427377119e-24,1.118662538964171858e-02,5.603562393862210556e+00,-3.168276163977225141e-26
-2.043653253658376431e-25,-1.146926653937766286e-02,5.538164304952778672e+00,-1.722954146114370248e-27
1.144292727542528060e-24,-1.100696100319542136e-03,6.987267078757742889e-01,9.643652905107068817e-28
8.437078251375168583e-24,-5.454470693677439253e-02,5.594534935247707175e+00,3.553208706245595779e-25
-7.360322112417675981e-24,2.739729062258489806e-02,4.760969696534453455e+00,9.792588565197404570e-27
6.667791531738421944e-25,5.066699291632294211e-02,5.763003776656018040e+00,-2.931509042528392080e-26
-1.609987642278057995e-25,7.059769633765818932e-03,1.882912739451449324e+00,-3.490240766468611058e-28
-1.399622560358408162e-24,1.513160127893792934e-03,4.149502546881814524e+00,-1.130148923210945914e-27
5.055901661130895019e-24,4.663728085464345641e-02,1.145674341625341874e+00,-9.724876638501946593e-26
4.816170261143633755e-25,1.078498746143967922e-02,2.651925785488114862e+00,4.583857070059440592e-27
6.355629175555904013e-24,1.115514668167301611e-03,6.069512892569278506e+00,-6.928566854266296527e-27
3.846610685693855450e-25,2.904554097586396159e-03,1.542523241539333956e+00,-3.158443005999437098e-29
2.363792523915884963e-24,-2.334059930878055501e-03,1.737503788947205807e+00,-9.155096453103951292e-28
-1.170256853885944160e-25,8.027031188581834620e-03,2.361255859764615828e+00,-6.675874790043044657e-28
6.905364171133043023e-25,-5.568902468338804944e-03,4.669684648191778642e+00,-1.641708795106042865e-28
9.991327613720625768e-24,1.163647947918735291e-02,9.006888503325427564e-02,-1.157926076907968755e-25
-5.676309148510962693e-25,1.107288019611212156e-02,6.083433085714161415e+00,6.160330607254282033e-27
1.165210986705396646e-25,1.979910459645991064e-03,1.168107767705324457e-05,-2.307013420115047641e-28
6.321470810424749971e-24,-3.178445116556737754e-02,2.243720118025041010e+00,-1.252312175791103152e-25
-4.969889677778890176e-25,-1.385629899975761433e-03,5.743207644810060408e+00,-5.906627939960271929e-28
-2.889983210186928781e-24,-4.953597128151097234e-02,2.472860167386238484e+00,1.123230310412368691e-25
-1.565863719288779013e-24,-4.133416834159752556e-03,5.605221972868322133e+00,-5.041014697175011279e-27
1.166895119807729844e-24,-4.603851794813556067e-03,1.418884491353543220e+00,8.129673396186229416e-28
7.434718315880601091e-25,2.904209044212326465e-02,1.360405030350034128e+00,-4.509324095658304749e-27
-2.435795607881388895e-24,-3.140137737676557822e-02,9.641590973197150527e-01,-4.360603803828387399e-26
2.107458318338334915e-25,-2.861204497278243761e-03,3.558112524697476520e+00,-5.514330276033191451e-28
1.069348806710572132e-25,3.084674200881676667e-03,5.238380537494342626e+00,-1.656126985263465979e-28
-3.096700066217293950e-25,-1.554557628656224547e-03,2.456907241388254448e+00,3.729010246435481060e-28
-7.529009685638827340e-24,-6.489510311075911975e-02,6.009998017551681393e+00,-4.704766987321621875e-25
-2.507551260630201801e-24,3.806878424929052013e-02,2.706655568073597973e+00,-8.657182617634918989e-26
-8.865444802018570913e-24,5.381299616297156516e-03,1.554051154197799933e+00,7.988349089916825528e-28
-2.475083373501638918e-24,-8.439842183839846301e-02,1.576220656007772503e+00,1.133099554294439374e-27
2.708317198567010142e-25,1.170084988817066997e-02,2.447549497730888035e+00,2.435873120084986918e-27
-4.422887611190280550e-25,7.896914020756831687e-02,6.135613984087830097e+00,3.454754328928337770e-26
-7.881228973632445293e-24,-2.078158130919007494e-03,4.431215676393911451e+00,4.544739804904707108e-27
-3.162368869687351698e-25,-1.078553628462170216e-03,3.261292110781918385e+00,3.386378788615938566e-28
3.228577165326689251e-24,2.369279717046005648e-03,5.867064882542180726e+00,-6.996633007438975206e-27
4.574208753121884978e-25,-2.434571744232726619e-03,8.170632014497515305e-01,7.621257924150875462e-28
7.966276199748625343e-24,7.118066211920592856e-02,5.310490072407067608e+00,-3.192883166113774580e-25
-2.334404543553264281e-24,-4.925142813236279074e-03,2.141861828884993990e+00,6.214608549480279161e-27
-1.943682366398261036e-25,2.342983219126458516e-02,5.290875186595067170e+00,2.489940023539838850e-27
3.882790180009382054e-24,1.336113258183487711e-03,1.698750934289301906e+00,6.619991092751365175e-28
-3.586871579327657546e-25,-6.061025385211233490e-02,9.704247364232333473e-01,-1.228206151633933672e-26
-1.243364985746285294e-24,1.382295233160496734e-03,4.831222288451215263e+00,2.037581605100501541e-28
-1.837267923940349470e-25,9.660818923827734633e-03,2.816518893390695943e+00,-1.681992054271364537e-27
1.982522996825041652e-25,-1.044620477879013064e-03,4.204695907158788160e+00,-1.006835007897919710e-28
8.395146228700005370e-24,4.701480231795776565e-02,4.871549827139271649e+00,-6.255527905126574010e-26
-7.076287984779476396e-24,-4.506349981780388529e-03,3.095348928620714535e+00,3.185414010226818251e-26
-2.280655825186798461e-25,1.074812939894472007e-03,3.039455611935231616e+00,-2.438503665826539772e-28
-5.312674447755183396e-25,-2.186267046518630686e-02,2.114068308555572262e+00,6.004215205831875738e-27
3.663072654462983723e-25,-4.654735463008932532e-03,1.107118642984949108e+00,7.625734074864622783e-28
-1.892327652488490042e-24,-1.983419679096019156e-03,1.552840072470686561e+00,-6.739122693296346031e-29
-3.870894088814290304e-25,-1.092813770728442210e-03,2.654496675930230420e+00,3.738180437600552731e-28
2.527461214733798467e-24,6.473093121330682209e-02,1.566302922289938282e+00,-7.351406018950975050e-28
-3.070191498881638884e-24,-2.184988263247065760e-03,2.083110767873709079e+00,3.288396720787506152e-27
1.647951393685937947e-24,1.516935197027625840e-03,4.131549400895382362e+00,1.371724770356588830e-27
1.256429474829227619e-24,1.923068429711203035e-03,2.699932095669491439e+00,2.184348855004157962e-27
-8.744314919623497119e-25,3.577508708482957274e-03,2.282348813873991578e+00,-2.042803260741065094e-27
-6.845833751765259917e-25,-6.812446853088112431e-02,4.969523754365383184e+00,-1.186025139952857086e-26
-4.748944497023908673e-25,4.037547445123608816e-03,5.942932665398747982e-01,1.588658426207174544e-27
1.836533377385618473e-24,6.492525635510654203e-02,3.532565253179890341e+00,1.102396091416214900e-25
5.469539932945264047e-24,2.194860086551903358e-02,2.419033757745777946e-01,-1.165533829067875925e-25
1.243775884188513932e-24,-6.171398555520835744e-03,2.829355005762785868e+00,-7.304699033317582038e-27
-4.111112921971896499e-25,3.656027824667060916e-02,1.448495553504283162e+00,1.833643496794279024e-27
-1.890851707074077222e-24,3.004940911598326728e-02,2.758535128158062566e+00,-5.270108925693404869e-26
2.461220532523122193e-24,4.641581443764201259e-03,3.064556504869549780e+00,1.139007419195518791e-26
4.361677065505615490e-24,-6.298926526730283526e-02,2.851646828226567454e+00,-2.632710604396894857e-25
9.158920298343928917e-25,-3.978160660397675463e-03,2.110299042369643413e-02,3.642754366519591416e-27
-1.474555889450494850e-24,5.337826052161803031e-02,2.205735495705587468e+00,-4.668468972751402382e-26
2.648734741983853408e-25,4.807858717363351804e-03,5.769033154559075616e-01,-1.067369686839604997e-27
8.857566712748350649e-24,-4.078222452673810165e-03,5.918452828981474845e+00,3.374691992500648522e-26
-1.630013155299919643e-25,-7.137139640773913773e-02,3.729886218451936575e+00,9.677888483742710507e-27
8.788522679388046595e-25,-6.754260715854094529e-03,2.048868618727728741e+00,-2.730965107187439500e-27
2.990460181777894168e-25,2.105007037721023586e-02,2.457412224082531349e+00,4.878183641555821110e-27
-7.013395232398127181e-24,2.884845967780469769e-02,5.559137429375066830e+00,1.515683086640284931e-25
6.077950155050330093e-25,2.925961051450032963e-02,4.486125396595667780e+00,3.989590852079567838e-27
8.709563737254885049e-25,2.461733873642876422e-02,3.380733793546379928e+00,2.083046574862602153e-26
-4.739147978310142856e-24,-4.513865659781905910e-03,5.385324408042563071e+00,-1.333321828570857132e-26
2.712112802769434437e-24,9.907767583874712083e-03,2.932845124996752428e+00,2.628764751917793872e-26
1.292101328016206071e-24,5.847767365941450995e-02,3.330203826222283947e+00,7.421908336667838040e-26
2.633691094179859942e-24,-5.961755074880527999e-03,5.653317188303467411e+00,1.268840013081805470e-26
3.027579263835936050e-24,6.829739961655592433e-03,5.487817268181124142e+00,-1.447476003843911357e-26
-1.409890815217136668e-25,1.370369341882550149e-02,5.141731810268188596e+00,8.042697629329445627e-28
1.570130019213489739e-24,6.632329301777432906e-02,2.168337705719425745e+00,5.858822840811329708e-26
-5.733339756801777546e-25,-1.391321996048367621e-02,2.047839154935089667e-01,-7.810243531370078122e-27
4.774949303873870590e-25,-1.986307807743553644e-02,1.888641373862048667e+00,-2.964104504325774843e-27
-1.741446636876355753e-24,2.478583312088664722e-03,1.349416959795746829e+00,9.477584024376703907e-28
6.531290414391688986e-25,5.069041457616224253e-03,4.471263436820376747e+00,7.905902379656130505e-28
-2.583688310303336237e-24,8.147748025076836931e-02,3.811582158694126310e+00,-1.650055624021473260e-25
7.053686084508139743e-25,3.335927390622805272e-02,1.121325509759715650e-01,-2.338280619350100257e-26
-4.598181051879922665e-25,3.562117037299372853e-03,4.455615808112782794e+00,-4.159690471310164690e-28
2.284128947269975627e-24,9.177622580495764515e-02,3.106754604136993780e+00,2.095015347815277521e-25
7.647747230361670921e-24,8.724301760505741993e-03,5.801459934670511132e+00,-5.912816646656511225e-26
7.854335522590203623e-25,2.694910105028790540e-02,2.527468871828811636e+00,1.729911554865935189e-26
-5.865355234820867157e-24,7.174471669905495286e-02,3.180975149151255899e+00,-4.204819590465439648e-25
1.058770886075438683e-24,4.363779064570886754e-03,5.715877023191558770e+00,-3.896483405966243431e-27
-1.674358989178997374e-25,-2.188776961253295628e-02,1.883807272322277349e-01,-3.599963558621073844e-27
1.104840820130080309e-24,8.815704344012726887e-03,4.235527508821588683e+00,4.470569335942775900e-27
3.727448850129967548e-25,1.544562009215019217e-02,8.464741702537629253e-01,-3.814931772998585736e-27
-2.013681366703089755e-24,-1.154062969790119186e-02,1.442891978673699338e+00,-2.964290608156713078e-27
2.345305711136558387e-24,-3.330209190936764870e-03,4.408421817571561263e+00,-2.337701624244194883e-27
-5.345989969883860435e-25,3.689309783811143585e-03,6.160083268692428504e+00,1.957375935338662087e-27
9.122809396972173858e-25,2.277706847649601987e-03,4.668283289728717200e+00,9.161788045435095789e-29
-6.548681978471792544e-24,-2.225686351940441704e-02,2.679255976941760764e+00,1.304508927872114015e-25
-5.734341807813441959e-24,-1.369053078290013645e-02,2.156540439258342712e+00,4.339975709402734213e-26
1.771535794372460730e-24,-4.317000307471574767e-03,5.092857781874557510e+00,2.840025298323356990e-27
-1.771025668952310525e-24,-1.825933559405558187e-03,3.525607715270933529e+00,2.998252518114251485e-27
1.221337553006761473e-24,-7.030140460389501522e-03,5.114952916184172693e+00,3.363879452084095137e-27
-4.735948989026704120e-24,-1.045377445823290289e-03,2.084626048649568464e+00,2.433424217177695803e-27
4.797204116108615330e-25,-1.371857467438852580e-03,1.812238126115602643e+00,-1.573555075070833974e-28
3.525985876246569841e-24,-7.431398419606118598e-03,1.997149261785751972e-01,2.568217326535593291e-26
1.124526779900206615e-25,-2.210063601088609747e-02,5.672216059299396207e+00,2.035670397778442264e-27
-3.114455542905090082e-25,2.762793023289571506e-02,3.594847080022000707e+00,-7.735762216209806567e-27
-3.920519621140674600e-25,2.736287708753888312e-02,2.504213454212118606e+00,-8.621378948808412318e-27
5.716890250976992851e-25,5.107994614821061499e-03,3.959856681344695595e+00,1.995915205957681792e-27
-2.803893565200283383e-24,2.137996295736827382e-02,1.393586446206005247e+00,1.056771206015547927e-26
-4.002211849982095953e-24,-1.199556669054092223e-02,2.517386322486001138e+00,3.895564727717406316e-26
-4.201082572287426352e-25,-2.476423094541119543e-02,2.890486217145080250e+00,1.007737934138408021e-26
7.943401067333935073e-25,-1.991114618448792169e-03,4.372374341879580406e+00,-5.274724150061469587e-28
9.841551616270920211e-25,3.889163051929649118e-02,4.198812368738397693e-01,-3.495069675225773464e-26
-3.283646447021537509e-25,7.676846199718248553e-02,3.359189732889076740e+00,-2.461361825155813542e-26
9.474551197634162383e-25,-2.929097871819602052e-03,7.168823809156640303e-01,2.092097655744682823e-27
-1.235956867746762791e-24,-6.712043355133650788e-03,6.249020709384168093e+00,-8.290955043815422342e-27
-2.334027687039026776e-25,2.977922847797722164e-02,1.492875588473959292e+00,5.410444360503756697e-28
4.622789900509063470e-24,1.088012336923217371e-03,5.110610458288614710e-01,-4.386993822842768286e-27
-7.519852805745502543e-25,5.052852346490383645e-02,6.225018751218859059e+00,3.793244597178511372e-26
5.300248647334736462e-25,-1.533098310524073351e-03,9.946286222266403909e-01,4.427053656018957169e-28
5.338917709550855636e-25,-1.850029432758711024e-03,2.764803074737663735e+00,-9.184278991194323274e-28
-5.510535192413760355e-25,4.755034319724441363e-03,4.741130431427972858e-01,2.331256477819119978e-27
5.859975433745236788e-25,-4.249869494849103924e-02,1.921805174633262281e+00,-8.563168760303067631e-27
-9.929357020411711777e-25,-2.633215003257785569e-02,5.931446791642190242e+00,-2.454533914801455663e-26
1.885453466155143024e-25,3.937061211576086024e-03,1.934806458274315633e+00,2.642821442472476241e-28
-4.252985080808703527e-25,-5.126543369146203087e-03,4.065932092595857306e+00,1.313336640380408923e-27
-3.211822498456040691e-24,-4.473172720533937288e-03,5.601987934325406648e+00,-1.116059090867113131e-26
4.782258915384302151e-25,4.567919865769445864e-03,2.109058543288779397e+00,1.119871100242912810e-27
1.482380578031266784e-24,9.462163770245992853e-03,4.488269254038884881e+00,3.117370418593636591e-27
5.657990396405653608e-25,2.489871691743543794e-03,5.604050562755870324e+00,-1.096184848650329077e-27
-3.881261314494423930e-24,-4.698147503329036176e-03,5.708188080559532196e+00,-1.530247939855513802e-26
-1.102142508626118398e-25,-4.734164702757087673e-03,4.939982191254766342e+00,-1.177293134062869670e-28
-9.051573407180504674e-25,-1.087493470616895247e-02,2.751416951930406807e+00,9.103709598411242159e-27
-4.968682771648140365e-24,-1.322176677009732904e-02,4.455164428993882098e+00,1.671257731309216135e-26
-1.480027442963941822e-24,-4.613276450462219097e-03,4.907978608345305638e+00,-1.326943766411487831e-27
-5.045832198873719658e-25,-1.137883956679166739e-02,1.401094779176664806e+00,-9.696836277320274787e-28
-2.527493515179491422e-24,4.082981662255459956e-03,1.904223443732846910e+00,-3.377468810768376588e-27
-2.274381765351476722e-25,1.182250582491286943e-02,3.223776035977979237e+00,-2.679813752272861640e-27
-2.061040555497079013e-25,-3.363984348403712982e-03,2.359333649593086779e+00,4.917955051091678737e-28
3.295217112501260764e-25,-3.779339446197749891e-02,1.523219350195588184e+00,5.922879812279275875e-28
4.720051387844154779e-24,-4.129239819700776526e-02,4.041651647941809422e+00,-1.211441690966390231e-25
1.571510785950712950e-25,2.240090102285910087e-02,5.956891278512212118e+00,-3.334581888334410523e-27
-4.333406768452135547e-25,2.052540310651897182e-02,2.003019410532642652e+00,-3.725818033470493659e-27
-3.663083479851243683e-24,-6.615621141541118411e-02,5.880177828153954955e+00,-2.229211591291509089e-25
-7.973443206383399441e-24,-2.536533038088911469e-03,1.359922824770170235e+00,-4.233357836015990983e-27
-3.420015189043479458e-24,-2.586053296733780392e-03,3.596499215936631799e+00,7.944890472878989093e-27
6.285233428312495288e-24,-1.333449888514177386e-03,4.383682166742844721e+00,-2.705563105794973516e-27
-2.540903804957690870e-24,2.667009022193881154e-02,4.500722661634451782e+00,-1.423694101647545265e-26
-2.588506104995116879e-24,7.603666219153089149e-03,2.321770119803304055e+00,-1.343012449454533179e-26
3.465033615905506593e-24,2.816424710618849886e-02,4.832091621970364237e+00,-1.165391079531044850e-26
-3.345474944181836315e-24,-3.639169409284127160e-02,3.014231871352857528e+00,1.207614157330231608e-25
-5.696102347568992912e-24,-2.406798742618731189e-03,3.178666968666554737e+00,1.369995124804880903e-26
-2.659886859036972388e-25,-1.804110800134425775e-03,4.336173578584031851e+00,1.763068976683343871e-28
-2.226365545187795849e-25,5.682104952071245774e-02,5.501699548412377183e+00,8.980142555653577247e-27
9.018390576415603151e-24,-4.960610279254123317e-02,2.386832425474297581e-01,4.346844074391994345e-25
-8.147372631959982991e-25,-1.835570082528818064e-02,3.485926715630300876e+00,1.407721755077272744e-26
3.231006551230169418e-25,5.184354909442913384e-02,9.515520232332376205e-01,-9.722431556209994092e-27
1.576983271659830916e-24,-1.200682724737887550e-02,5.116254715356519656e-01,1.650999148514783261e-26
-1.274464735178193615e-24,-9.577931354936253597e-03,1.902818803315224461e+00,3.978855251436728752e-27
1.745658356464586128e-25,7.956420224118358059e-03,4.526621027080402371e+00,2.565352110905780809e-28
-1.221749602195543020e-25,2.671733510524905691e-03,1.720701712046561749e+00,-4.874889863588802869e-29
2.514312057374266526e-25,-1.704768554563578387e-03,2.269529750908768850e+00,-2.757168738505620877e-28
-9.127623156586564069e-25,-1.571007657834037549e-02,1.221665503380648721e+00,-4.905295863429185865e-27
1.031129417305979011e-24,2.828640710595292651e-02,7.454748006424452011e-01,-2.143087820578520455e-26
-1.086678363840852753e-24,-1.160597081748281729e-03,2.181508363947037843e+00,7.232338746855983592e-28
-2.942616180193325685e-24,-6.519229458155494095e-03,5.817215485935422592e+00,-1.713835571149473585e-26
1.719165438047188952e-25,6.568159992683426408e-03,3.558704665975395809e+00,1.032362960999163662e-27
5.904688305526906659e-25,3.567597938426840531e-02,5.600695939084091357e+00,-1.634697538702212531e-26
9.388820956924915349e-25,-4.962980059810749578e-02,5.537191102009080268e-01,3.963383050330532961e-26
-8.831567116733027093e-24,-3.693718030652704681e-02,1.942692139016543695e+00,1.185400977317941930e-25
7.532348313693273428e-25,-1.153742022275456138e-03,1.072420545444388473e+00,4.154000715193449792e-28
2.521812869133245891e-24,2.557113369508979758e-02,4.936771702625107672e+00,-1.434834581639108093e-26
-3.418589391732845318e-25,4.130407326975972515e-02,4.405535718207074680e+00,-4.265143009130142899e-27
9.383068547579585770e-25,1.453954917664734489e-03,8.669724688614895147e-02,-1.359131921432202947e-27
1.667742062784407736e-24,1.163803482495526969e-03,2.848299591365107908e+00,1.858040786814873708e-27
9.284947213736506786e-25,2.431525446774175647e-02,2.996972343165933861e+00,2.234090160204727454e-26
7.723363030712136337e-24,-1.827074917384023667e-02,4.794304957082816898e+00,1.154637364131162066e-26
6.486178853761620321e-25,-1.208454382966643939e-03,6.957110075453973863e-01,6.016627474119009852e-28
1.011526375791696046e-24,2.335359425271574859e-03,2.804362827604663710e+00,2.229222046197921641e-27
9.128265642409062023e-24,2.313573732119525786e-02,3.336872232643037339e+00,2.071751805659801331e-25
2.963906264173658265e-25,3.584896470065486711e-03,3.117311698772398110e+00,1.062216510751700278e-27
8.318681841327733692e-25,-1.561078890291597854e-02,3.277066424451626325e+00,-1.286713272174294638e-26
1.632305896988640980e-25,-6.954699369409317322e-02,4.126647856003448744e+00,-6.275688679446987795e-27
-3.373045671840569133e-25,-6.713299843250758112e-03,7.985361680923719341e-01,-1.580017431154554828e-27
2.559520472304667171e-25,1.175906936585479311e-03,5.897079447514971484e+00,-2.788187178706587694e-28
-2.657199711497780840e-25,-2.825831597753336415e-03,2.485617397837059706e+00,5.950373711249634897e-28
1.770332213542121413e-25,1.836344260414910293e-02,2.010938439362705665e+00,1.385121369420229477e-27
-6.161664966045537704e-24,-7.137985360557396776e-03,4.587566105817509232e+00,5.475698843240827000e-27
-1.725134995738179878e-25,-1.835895927151369109e-02,3.020063102615259787e+00,3.143808446569912443e-27
2.100582579076622523e-25,-1.355294331333197801e-02,4.747125763255348185e-01,2.532108384015909812e-27
-1.367583057112342690e-25,-1.981922458146234689e-02,5.013381188290579882e-01,-2.376897060370278099e-27
-3.013058039305468914e-24,1.675948929743852891e-03,8.780920186129713700e-01,3.224862186073893973e-27
-5.870826818591804307e-25,-1.426505701867483407e-03,5.151125810639417324e+00,-3.557570184632441848e-28
-7.537271348758549555e-24,-1.393007681492126199e-02,6.002779049433351943e+00,-1.008939973502830415e-25
-4.034624529788386713e-25,5.628082605491973450e-02,2.500904960258969023e+00,-1.820401903711788736e-26
8.719316954566952615e-24,5.917204171810220258e-03,4.402873601595910458e+00,1.571537522396546716e-26
3.156430385979437057e-25,5.883143119351315689e-03,4.170705843815434299e+00,9.574161912865063000e-28
-3.690519132124206169e-24,1.554729573417342175e-03,3.199173654472799999e+00,-5.728249887856995820e-27
5.111990036280351215e-24,1.541586609764136404e-02,1.742916316932172638e+00,1.349717158466234786e-26
1.786605143473009058e-24,3.449827240165929260e-02,2.793340629553928256e+00,5.793489476002760310e-26
-2.176565313105251860e-24,-3.630196913293544554e-03,2.563406385943639787e+00,6.617035923718294735e-27
-7.418576884543228734e-24,1.015608884093828620e-03,5.408641424725081359e-01,6.458946945858761490e-27
-1.283887737507073601e-25,-1.363198167400426347e-03,4.956959834361589046e+00,-4.237917833236031206e-29
-1.066228499841014319e-24,3.898330805123643300e-02,3.252655424801442208e-01,3.938568483801026550e-26
-9.166954856055815805e-25,1.438931755802655942e-02,5.152021015224398148e+00,5.614014904789242988e-27
-9.520451698183887353e-25,8.778979298475118875e-02,1.480776867686752984e+00,7.513655319183236229e-27
4.848733900137892437e-25,-9.219863893116934592e-03,4.557992650778363242e+00,-6.874846262358842610e-28
5.078021166434500134e-24,-2.384889685122189990e-02,2.852090473723762010e+00,-1.160655443549871957e-25
2.096889522828763601e-25,-3.719225380792201552e-02,3.901827649622816807e+00,-5.651591777697393098e-27
-1.024717224882995938e-24,1.728979199740104727e-03,5.327242681436304750e+00,1.021994215510315353e-27
-4.927930144776459954e-24,4.611090824655741244e-03,5.024107218155466015e+00,6.969060532908456183e-27
9.683095200120666655e-25,-8.936557041299562909e-02,2.577586303990347716e+00,-7.313123633013751389e-26
-5.501519876240083510e-25,-6.848471313182503961e-02,5.075140753781264280e+00,-1.336961872668554163e-26
-4.909819565509380343e-25,4.351458014929454610e-02,3.095575931832470484e+00,-2.134225721831490415e-26
4.931694440105611879e-24,-1.206868561187927989e-03,1.924678245664490639e+00,-2.062584456783249103e-27
1.190518194524887247e-24,4.784768714064378814e-03,8.384518661026151287e-01,-3.808666918012460993e-27
3.634024292859230458e-25,3.621383991562230047e-03,1.234548383413544226e+00,-4.342174022842700791e-28
-8.174157560832074959e-24,1.543593275737270478e-03,6.194101678975053815e+00,1.256754188675389553e-26
6.394583963993919302e-24,1.075820732436101254e-02,5.261291752577283987e+00,-3.589350842606549967e-26
2.942596946875030439e-24,1.528231266289656158e-02,3.384037473931901463e+00,4.365450008483018479e-26
-1.664599969011359194e-24,5.132202790948684791e-03,2.823134175967747073e+00,-8.113512496308212674e-27
-2.709613293291949460e-25,3.604187624132000438e-03,5.814739809928437531e+00,8.713880348469606035e-28
9.051372672162969970e-25,-3.600349215393640941e-03,4.834811013600265106e+00,3.979544018306812451e-28
6.215713031179910721e-24,1.622983082539419027e-03,3.031440589128794549e+00,1.002685771058625183e-26
-1.674957170924058453e-24,-2.025924478495500294e-03,5.788381048642718518e+00,-2.986345613731553470e-27
1.962200187696334003e-24,3.408587292300983580e-03,1.219445419131962804e+00,-2.301899341821299748e-27
-3.588785949019961065e-24,8.657864994097611011e-03,2.248847543789618264e+00,-1.949024911710491150e-26
-5.007095062557865742e-25,5.435934946752498352e-03,5.530939066373011137e+00,1.987356072295364149e-27
-1.312749460170413613e-25,1.664248487969314811e-03,1.723403708408797197e+00,-3.321150335284384754e-29
1.472770626453758822e-25,-7.161760476802926656e-02,2.892397417070892374e+00,-1.022182691737241803e-26
-3.769470506577109475e-24,-5.502245438263219345e-03,2.002258654168326824e-01,-2.032619052311314018e-26
2.135411202852523624e-25,-4.854086101664646831e-03,3.719920783222950611e+00,-8.679813351449441110e-28
-5.245279053376580255e-24,-1.348012254471059670e-02,1.524353970290677873e+00,-3.282619566733481051e-27
6.894698534475694593e-25,1.790109581215318076e-03,2.579978240166941550e+00,1.044645008673941407e-27
-8.840104315662059358e-24,-1.113739957155213123e-02,4.691754011335803831e+00,2.031487673809801341e-27
7.795056653781521557e-24,1.374830258547582104e-02,4.834572698509465027e+00,-1.306172600911106800e-26
9.469359326648327250e-25,9.156253272889262884e-02,6.185993675727410768e+00,-8.629466304818619410e-26
2.906062647239303332e-24,8.779916888552188881e-03,5.927153824393382564e+00,-2.391487869096818241e-26
-1.381353784274762592e-25,-4.783780595265490349e-02,1.310050699019710496e+00,-1.703573408293805327e-27
1.187607745230503762e-24,5.195577001220255675e-02,1.833045881630208651e+00,1.599675952277644768e-26
-8.216134831722155454e-24,2.241700824642293977e-02,5.175046513175456830e+00,8.220517763304773159e-26
1.538432419292735916e-24,-2.250267687505303621e-02,1.275371024334340575e+00,1.007916511759197195e-26
7.479328528807161989e-25,7.944232015969668326e-02,1.340685552496145183e+00,-1.355226785291964919e-26
-1.767708435200897789e-24,9.967673498682595723e-02,5.533811226330888289e+00,1.289982938584094298e-25
1.361276624259480931e-25,2.245511923192869321e-03,3.465069092998186662e+00,2.898227284323579380e-28
4.822861516138349719e-24,-7.030998147933140673e-03,4.039556085817475606e-01,3.118026777065420809e-26
4.784096063876173418e-24,8.232397759537674053e-02,3.989429229896864548e+00,2.605711251278485024e-25
1.222749379018600293e-24,9.720987724421117915e-02,3.206708217211942102e+00,1.186114136514896144e-25
-1.360095993905739257e-25,-7.043292722045582654e-03,2.891639803643765716e-01,-9.181836052903000632e-28
3.918076781044338306e-24,-1.128395736874651060e-03,7.541098135113727396e-01,3.222487051569557770e-27
-9.864878437324010891e-25,6.884874019158739034e-02,1.295824419969681784e+00,1.844120941426901691e-26
-4.377119077011947433e-24,-7.456345801140278062e-02,2.918094594972811429e+00,3.182556145903174742e-25
8.102766026325489324e-25,1.156098026674328219e-02,4.181872573046960362e+00,4.739803180258619031e-27
9.984147867748302093e-25,-1.919668583136831166e-03,5.389616899110967196e+00,1.201024842057069470e-27
3.025375480519389752e-24,-1.105599545715271661e-03,1.391544625071986285e+00,5.963650639373221942e-28
-2.190201760151488022e-25,2.275136459504350020e-03,4.701101487625211739e+00,-5.624447099991426712e-30
-1.140181394783738050e-25,-2.985046480641829689e-02,7.949223421304595361e-01,-2.383603994264280485e-27
-2.576535613235429440e-25,-3.115800653280833676e-03,5.021517759556358484e+00,-2.442340313554305725e-28
-4.019987738167043071e-25,9.814089714154329222e-03,3.984191583199115261e+00,-2.625665036921639168e-27
2.366944771251748524e-24,-1.261823901618258637e-02,4.312719026960118995e+00,-1.162155112074288846e-26
-1.442923168921853815e-25,1.098436441432917941e-03,3.544506052387518924e+00,-1.458039893660940311e-28
-2.909893364886534851e-24,-1.383020798235165679e-03,6.464532137153639058e-02,-4.016036863254953813e-27
6.218007196921442900e-24,1.884072655375751588e-03,3.457403077474220154e+00,1.113580304876665679e-26
1.186354309168891578e-25,-2.082662542677846985e-03,4.950734201610650587e+00,5.833376666689288647e-29
-1.244589822196603846e-25,7.821896210521397247e-03,2.895705976182180841e+00,-9.442240284939355720e-28
-6.268089496018997839e-25,-3.763984339156436348e-02,2.764643369385713534e+00,2.193657130184679363e-26
4.323390262477357157e-25,-9.268293077506706279e-03,2.452121401113370514e+00,-3.091765545907026315e-27
-6.957453620374707731e-24,-6.371045975252246675e-03,5.401166680735497216e+00,-2.817350350545975146e-26
4.473518252138401214e-24,3.715693814129935463e-02,2.569407325666106079e+00,1.397463113639603468e-25
1.559521308517316942e-25,-8.699531097845861552e-03,1.289688043737802492e-01,1.345442992732845842e-27
2.714856383020934268e-25,2.105830565783342427e-03,3.711594418948874541e+00,4.813165625664073064e-28
2.049886477024840418e-25,-1.686494791089404935e-02,3.444818142730113664e+00,-3.299403126584518377e-27
2.415766319811010652e-24,3.517698863605325799e-02,6.230445131712460061e+00,-8.486122558348357548e-26
9.961069147502206770e-25,1.436880700784606097e-03,1.871650202068637858e+00,4.241415724271509910e-28
-7.775465305749643565e-25,1.441016257460364831e-02,4.156146545679495929e+00,-5.916000962877496081e-27
-1.913250819060455422e-25,1.570057267731981773e-02,4.941809705448301671e+00,6.831303436023364779e-28
-5.765029125462323944e-25,2.170501335162772563e-02,4.135276271770641721e+00,-6.827176553538016086e-27
2.460312348196206306e-25,-1.075444741655888839e-02,4.464576700273117815e+00,-6.490033888171844841e-28
2.471041356818257906e-25,5.047374914521179576e-03,2.473583092745044620e+00,9.791433926489889065e-28
5.517654534924044406e-25,5.228479167398525883e-03,2.449971670399510693e+00,2.221983537127685006e-27
7.607254861680726637e-24,-1.139819100746008789e-03,4.762658481346054629e+00,4.356979769251928193e-28
-8.297428761601884861e-25,-9.040460578059688820e-03,5.380064381471810542e+00,-4.644495557567552599e-27
5.217321855285604565e-24,6.976838801955987691e-03,6.002323527446492335e+00,-3.497413338292479474e-26
-1.094071009752628095e-24,1.082259923435121250e-02,2.348419114390683848e+00,-8.307280852541540999e-27
7.458942128006090382e-24,1.601724413045281167e-02,3.417032166667858917e+00,1.149683017499640241e-25
-5.147532000543838720e-25,1.448561083085251472e-02,4.453368165205866092e+00,-1.909868043898281027e-27
-1.634603204608849681e-24,-2.317210182585766054e-03,2.095197483291836971e+00,1.896491003975330654e-27
4.691492087110531606e-25,8.506472631916989213e-02,2.264023788408418891e+00,2.550216240271678810e-26
-8.844614809771018305e-24,9.706589624818148451e-03,4.316464651525122598e+00,-3.310941555220836876e-26
-2.436781928080111843e-24,1.493086435554204271e-03,5.905543101899138669e+00,3.381957248202278447e-27
-5.822812697580334860e-24,8.404209255613602492e-03,1.004904846799764995e+00,2.623801664195520921e-26
-3.921336234378586293e-24,-1.983288139683233448e-02,5.906016966329524998e+00,-7.230494076168404447e-26
-1.530620676876679111e-24,3.055717426130591646e-03,2.778864576665983410e+00,-4.372813306046835362e-27
-3.276620123921092337e-24,-4.111776603427061937e-03,3.131904357063238553e+00,1.347209767277299866e-26
2.460114790740031625e-25,1.413263572990666739e-03,4.749907440218660959e+00,-1.304132284691909053e-29
-1.180431343314036320e-24,-8.037890831237856984e-03,8.758153958127984362e-01,-6.075952247389021943e-27
-2.382800250917900116e-24,-2.058367625994033528e-02,1.992505137929258874e+00,2.007583918508718810e-26
1.763592272011957781e-25,-3.895213632024170213e-03,5.624579661808624564e+00,5.432773407288019753e-28
2.285119628562219017e-24,2.343763522031484890e-03,4.167702949567220649e+00,2.775095179727644466e-27
-2.244045329613923113e-25,3.186091461500070200e-03,4.915924050292327152e+00,1.445194870310543968e-28
-1.278941429004319226e-24,-1.557132501122227008e-02,1.393566786616367237e+00,-3.511045008922079980e-27
3.686626594541289957e-25,1.892497557883314127e-02,5.254707980329575978e-01,-6.035659132667814251e-27
4.416366053380140870e-24,1.126789826670702164e-03,2.822444300043121856e+00,4.725027160747507826e-27
9.198693989690210736e-25,6.902687024655904113e-02,3.542084314373645348e+00,5.847125369199639567e-26
-1.223967889825134275e-25,-4.111842744230896629e-03,3.523844982580025320e+00,4.669533071784792368e-28
2.346327881076762420e-25,-1.643657673084836972e-03,4.265553488526447473e-02,3.853051862249421389e-28
-1.803488306555131583e-25,7.341766720502780272e-03,1.891392034126263999e+00,-4.172596389285369557e-28
1.705376413742592702e-25,6.611968688480856712e-03,5.575564218391973803e+00,-8.568670033574089060e-28
-2.796163599161091862e-25,-3.650634975268766177e-03,5.726311246756691453e+00,-8.665494808741027970e-28
1.671274257298939935e-25,4.967401797840170427e-03,5.528172541232746262e+00,-6.045958159710202465e-28
-1.945440780006037346e-24,-1.282703306140373957e-03,2.255067801706551300e+00,1.577378691115779025e-27
1.915516221410892540e-25,3.181469550981730864e-03,6.188552823965149052e+00,-6.066889369801701821e-28
-2.149982893442683738e-24,9.215896335877332701e-02,1.960958749389184019e+00,-7.536037143538376618e-26
-9.495549066666948980e-25,1.192052045708549878e-03,2.371775229599322188e+00,-8.127604838125010929e-28
-1.171234163434450916e-25,1.444299814405628803e-02,5.175316731661019354e+00,7.554231007324749499e-28
-4.591484549678663113e-24,-8.433797484646806883e-03,4.240377457909779046e+00,1.760682223004476896e-26
4.241438493676502034e-24,-1.850449098757582164e-02,3.114789645825870590e+00,-7.845746997103460698e-26
-4.043165052148772056e-25,-3.062442336720956962e-03,7.996197207889140790e-01,-8.629971608890441947e-28
6.018047395359627572e-25,-3.180631649154741850e-03,2.840116611667784952e+00,-1.827790986505733888e-27
-6.455507459427266882e-24,3.418461574499845335e-02,7.277919067087505745e-02,2.200948523259225965e-25
-2.923762781072559743e-24,-5.337043756298294472e-02,1.259804734735108234e+00,-4.774944358440781537e-26
-2.198887902858870770e-25,-3.318694504504682979e-02,3.987974492059470633e-01,-6.724797255400132434e-27
9.349697175151036918e-24,-1.113139779602555744e-02,4.749420872079518574e+00,3.853220646364065415e-27
3.221901517888317211e-25,1.145991737837829096e-03,4.853421506125801810e-01,-3.265871844986900550e-28
-5.366813771173554647e-25,9.770127162155497341e-03,2.697402658518207819e+00,-4.734616346215181710e-27
2.455063520913110341e-25,-4.967926830547338829e-02,4.181796937601525599e+00,-6.172004942402270272e-27
-1.945855602095605049e-25,-5.838098459907955368e-03,3.601170108158994410e+00,1.018137303678848158e-27
-3.070757427276494264e-25,9.396942360275021763e-03,4.857265256118589392e+00,4.165901897281719529e-28
-3.411641358324703783e-24,-1.002208807996573170e-03,9.277004511905271311e-01,-2.050397591804918464e-27
-3.500659674520750297e-25,2.568899950677397404e-02,3.776609476496318507e+00,-7.239794809383894622e-27
-5.399313697654665095e-24,2.181019182327844849e-03,4.270345426416690238e+00,-5.037628288546059099e-27
-2.082322039504020161e-25,2.952274338893887823e-02,1.063794190503783987e+00,2.985013755204270310e-27
-1.585714628833208385e-25,4.428816622303280437e-03,1.128351570307290386e+00,3.006829263373287424e-28
2.530005775160982115e-25,2.078704611144760028e-03,1.748151169395890658e+00,9.278508740597297440e-29
6.032350911720228056e-25,2.143872895685453115e-03,2.307028628609969712e+00,8.684247032562586815e-28
1.165590118073277312e-24,2.784309161533803263e-03,3.873769173743012662e+00,2.413645392180893519e-27
1.421861982203329975e-25,1.352292048581984303e-03,4.476574578577357855e+00,4.492268457502053466e-29
2.206728511254131401e-24,1.527503856040329788e-02,1.319628700189890758e+00,-8.377587742610442702e-27
-6.007943245751434938e-25,1.365911589889330776e-03,6.068934219112505524e+00,8.018689194328490706e-28
1.796058712097314718e-24,-1.266323655161735165e-03,3.219881110781476430e+00,-2.267425225407452579e-27
-1.957493988277023277e-24,-8.708328057314694559e-02,5.548953888317162964e+00,-1.265439984548879735e-25
8.680248404023962477e-25,-8.078398673168318486e-03,3.056013505019272269e+00,-6.986588258732219007e-27
-1.348876149254136388e-25,3.680714914117132110e-03,3.826719260023412339e+00,-3.844460086365904969e-28
-4.532614225647310378e-25,-2.701353007967035105e-02,3.939037576372660943e-01,-1.130650462828267946e-26
-2.214081534068729935e-24,-8.714742908353717565e-02,3.193251833337892087e+00,1.926941086871632143e-25
5.983988203705783121e-25,-2.987273213269674849e-03,3.537278364605877190e+00,-1.649458834593527962e-27
2.604748765153264986e-25,1.962500203680171956e-03,3.786725806193499189e+00,4.084444913175396885e-28
-5.070600398837835120e-25,-2.517598984973248594e-03,2.756378024171183050e+00,1.183023708897584089e-27
-6.478218047806870339e-25,4.557422019268716346e-02,2.957108742783187694e+00,-2.902298282034108471e-26
-2.037634677156524716e-25,5.305316684497579649e-02,3.531178942908525187e+00,-1.000024134034921036e-26
3.354628831590804586e-24,-1.818622124576098993e-03,2.538397374679289276e-01,5.905303928816878323e-27
-8.162441242673810502e-24,-8.224093027874397263e-03,4.043313453045156436e+00,4.163730649332390411e-26
7.987489856007935525e-25,5.171760325567536370e-02,2.842071647614767826e+00,3.947020397055988731e-26
-5.939155454360141385e-25,7.215436298070978909e-03,8.980029818145854881e-01,2.670520709269952169e-27
-1.098244118795331210e-25,6.041609333487212539e-03,4.019292185409106821e+00,-4.239354353384778782e-28
2.575112850661804304e-25,5.276812749210062214e-02,1.637686341179160066e-01,-1.340657381250537714e-26
1.169615094024368383e-24,-2.206296168784682363e-02,5.145261762198622968e-01,2.246407402125045106e-26
2.517928421215066431e-25,4.516473099359944766e-03,4.995415156311940663e+00,-3.175819001703364825e-28
2.043691925342764543e-25,2.906629310302696716e-03,4.622805893769518448e+00,5.314348931741955033e-29
-6.041396645668338000e-24,-1.851390980218093609e-03,3.001981400404877487e+00,1.107615921446061722e-26
-2.692863223999129609e-25,-1.232682061989088043e-02,3.987992128132293423e+00,2.199742110965943244e-27
5.034731524921834579e-24,2.093325566926780307e-03,5.377298196924353846e+00,-6.502638255052707843e-27
2.309359733144152762e-24,5.045146428421964924e-02,3.622722158467693854e-01,-1.089483403381552847e-25
-2.923061606706141394e-24,-5.601408885475690595e-03,1.189455983145004669e+00,-6.093553319394857811e-27
-4.089158021530267439e-24,-3.286590942752617289e-02,4.069836180034851481e+00,8.053434456592816092e-26
1.202602543032549472e-24,-1.330240679060795163e-02,1.301226374008650266e+00,4.260407521485488665e-27
-1.358075335600909451e-25,-7.581895290399437090e-03,4.273988937871061822e+00,4.370896226496006679e-28
8.600751519806615135e-25,4.130033303070824481e-03,5.845452914514852161e+00,-3.217226302652308403e-27
-1.087689903299642151e-25,6.954433889216364920e-03,3.477788772021201513e+00,-7.140792500858868844e-28
-1.005679433222873252e-25,1.422759414514852784e-03,5.948927604051323925e+00,1.351648751654951485e-28
-7.235455679035727646e-25,4.179800660086537695e-02,6.090732796841676233e+00,2.968442368586058287e-26
-3.259916972182185669e-24,8.242343520725912975e-02,5.890663092342747653e+00,2.482586586707586303e-25
1.796333914146803624e-25,-8.739300849648350134e-02,3.933736792346706590e+00,-1.102552220657082505e-26
-1.732690477554073266e-25,-2.781892707206871842e-03,4.501182989891701069e+00,1.010494489190744048e-28
1.371844670003700993e-24,-1.206558588453953904e-03,6.078899801234540767e+00,1.620792813194090907e-27
-2.157477855991326376e-25,-1.420576098910293107e-02,3.265274425851997009e+00,3.041449473744859588e-27
6.858162219865611360e-25,1.326793442474831670e-02,3.274914837730848571e+00,9.018614661493752042e-27
1.758864691923752670e-25,5.173670485468154223e-02,1.249781634261123431e+00,-2.871251768872224364e-27
-9.111265003361467481e-24,-5.239043295120702701e-03,3.241792351580494724e+00,4.749488648976643019e-26
1.084527604494185542e-25,-1.543034394630892793e-02,3.758292572109763974e+00,-1.365197188257500972e-27
5.767504869342031384e-25,1.685913794405733551e-02,3.677548101644948275e+00,8.360095396074054902e-27
-5.225362407618759102e-25,-1.245969346630050600e-03,4.483699132687163136e+00,1.475973320108441535e-28
-4.267677112225498037e-24,-3.029299791501973566e-02,9.718652370406010155e-01,-7.288329893317672025e-26
5.808910852103273743e-25,-6.473707362291906096e-03,5.383172091809370841e+00,2.337537102085108570e-27
5.415888667725996157e-24,5.320810278347001820e-02,2.048800562459071273e+00,1.325601263488550206e-25
5.501611586083447766e-24,-6.990333820025102125e-03,5.100852753253882099e+00,1.456666346177991497e-26
-9.104937338191460964e-24,1.291278883452362698e-02,6.146985905082416046e+00,1.164813386053972435e-25
4.815039246452759265e-25,4.271635590975340208e-02,5.528671664404858355e+00,-1.498601031452579086e-26
1.001404154581858781e-24,-1.209792063688892166e-02,4.796566109199076777e+00,1.018594251081394662e-27
1.227065894652637746e-24,3.946469746329504119e-02,4.501186456643590184e+00,1.015178065868250930e-26
-3.939018402861210235e-25,2.277158291892132039e-03,3.825370204371128846e+00,-6.953291633141762716e-28
3.612662282752223482e-24,3.892851749234936803e-03,5.827255892670513582e+00,-1.262699707334587444e-26
-3.411657328542974692e-25,2.298665732010677851e-03,3.998301712109479378e-01,7.223718137188001424e-28
1.431250696859079723e-25,-4.576886943245609719e-03,1.500778290679399385e+00,4.582905547734515968e-29
1.346868736413723024e-24,-7.687866303235106613e-02,3.070125077563174099e+00,-1.032811451069082250e-25
-8.249711811029918549e-24,-6.322974429018859803e-03,6.449847323712993852e-01,-4.168369365047460095e-26
2.424756212605442198e-25,-1.436465448082860146e-03,4.709424946155922775e+00,-1.032394883622404471e-30
-2.490898606815287875e-25,2.404189066684821879e-02,2.732760061898023896e+00,-5.495044672754637252e-27
-6.346371964206645863e-25,-4.061479879002414042e-03,6.586619362662021748e-01,-2.038370061666753531e-27
-1.205339280744679060e-24,3.080738233177820334e-03,4.275754666182320030e+00,-1.570339391627295054e-27
-2.230682288347811067e-24,2.640992136836992077e-02,6.804201814722400377e-01,4.579290679308750048e-26
-8.445216806137274275e-25,4.282612270587705765e-03,4.531991453011828597e+00,-6.489212857967131036e-28
-2.250463656339379325e-25,4.402300892358503026e-02,4.166347449137297154e+00,-5.144902117210299865e-27
-6.612777616089907794e-24,9.691852737478285837e-03,5.203110043461868450e+00,3.020321201664031338e-26
-2.521511581323600306e-24,-8.371863561959876077e-02,2.970574521426467829e+00,2.080180201145204522e-25
2.377323237973597334e-25,9.110698256044165444e-03,1.591948523647984448e+00,4.581028490864020869e-29
1.691037143606685716e-25,-4.466364723060391867e-02,1.117970352775657927e+00,3.304408731766480957e-27
-1.492801102591998780e-25,4.433766620348338246e-03,6.971306845386260331e-01,5.074498860243696753e-28
5.535746718222927942e-25,-3.974785207459733544e-02,5.144437261138559592e+00,9.213523794478780137e-27
-2.847263337067765296e-24,-6.326547327438412395e-03,3.445125241290365459e+00,1.718989458093640392e-26
3.998649992587615589e-25,2.709825023796736190e-03,5.094931152898510618e+00,-4.044729394084699545e-28
1.644390313238905352e-25,-1.947567224537985952e-03,5.288950046154345053e+00,1.745857256923504388e-28
1.151026560365147215e-24,6.568084090706653722e-02,2.020181566900510539e+00,3.284170958434692739e-26
9.325172308346951316e-24,-3.388292431529198439e-03,1.983415618159847904e+00,-1.267048187523818750e-26
1.033402532357130129e-24,-3.235975112211829548e-03,1.891057330525858227e+00,-1.052759455957605775e-27
-6.264171404720141630e-24,-1.109974797147352497e-02,1.161363526679018987e+00,-2.767942140424098605e-26
-2.019060232572771793e-25,-2.226011883392882678e-03,1.884703623034396536e+00,1.387784989823488013e-28
-1.951746539076975094e-24,2.354322029422153614e-02,4.416800233346543370e-01,4.154075945482739001e-26
1.386277357154473307e-25,-6.347907379219822066e-03,5.294208124573885677e+00,4.835971306886799654e-28
6.729004960745678042e-25,-2.795365453707937889e-02,1.010647369526660011e+00,9.994001063906977686e-27
-7.113167805055784859e-25,-5.269270253395837676e-03,3.084530543692614923e+00,3.742019909747400076e-27
1.555636518803444239e-24,-2.353823336816230835e-03,5.138519445744745839e-01,3.188813671302970136e-27
-9.773617710791770864e-24,1.019084941480520676e-03,2.322321563235740446e-02,9.957460911655725596e-27
-5.197771317115992487e-25,-1.482646989720461800e-02,1.656757498058215594e+00,6.616407783500638198e-28
-2.504519229331482984e-25,-7.432428162475375640e-03,4.839170444753038147e+00,-2.353676595746574779e-28
8.946817783850269741e-24,9.513632553660787694e-02,3.433551296091559291e+00,8.151476341212742540e-25
1.278643320522599634e-24,-1.906503048405298797e-03,3.525306465516168664e-01,2.287821299107070542e-27
-1.810715336151805360e-25,1.454066520639166714e-02,5.553800934981076853e-01,2.237175836249228048e-27
-2.964753113181402922e-25,6.929585028190043960e-02,4.288137681696063019e+00,-8.456912224939460369e-27
6.149950659912471453e-24,3.316477844414299301e-03,6.447133547263609321e-01,-1.630209299251298267e-26
9.512677100067368443e-25,1.142308339645600789e-03,2.384004531567672114e+00,7.894398194439678456e-28
2.619376507704478870e-24,1.263003630287857018e-02,5.977053159668995974e+00,-3.154467981314423513e-26
-4.075217413303616612e-24,-9.007017209395254409e-02,5.153751307082243827e+00,-1.567957131326318401e-25
-4.313094009355492374e-24,-3.414218772879393845e-03,3.696282611114840133e+00,1.251790868496959632e-26
-1.364667418892931544e-24,-1.588280314426961451e-02,7.111095742634547801e-01,-1.642161295329556117e-26
2.232080483448711031e-25,1.668989496201832073e-03,5.964011434875220452e+00,-3.537171525823695703e-28
1.131762838139197230e-25,-7.940533046622329227e-02,3.625191066734816836e+00,-7.956261472222750767e-27
5.969003662299149602e-25,-3.694380248100093134e-03,3.431730389256131719e+00,-2.113010408221130503e-27
4.805366582151974181e-25,-1.112354607642635634e-02,1.188897771661240554e+00,1.992091454754637934e-27
-2.928449568470590202e-25,-1.471614818929800443e-02,4.216681242350570180e+00,2.049855968964566930e-27
2.193948975283263361e-24,1.438714599606745990e-02,3.511883615532016112e+00,2.942527723909231542e-26
2.882666449624284128e-24,-6.792150377275144035e-02,3.233171177193310708e+00,-1.949745838935361599e-25
-2.566124623259144311e-25,-2.885469306899607345e-02,4.869604200594912058e+00,-1.159306487096682407e-27
-7.057905132649430890e-24,2.322857835131639931e-02,2.354840869937848691e+00,-1.157696667499551729e-25
-3.999645085410480379e-25,4.586832609139268428e-03,1.982887758523638633e+00,-7.347940938060885713e-28
-9.580773153026582323e-24,9.872054130699427221e-02,5.951857544968595981e+00,8.943771998276267887e-25
8.267812081348492051e-24,1.237391682596640681e-02,3.180245351715695890e+00,1.022288049537388266e-25
-3.269000650600215888e-25,1.058207563593394074e-02,3.583641665801382103e+00,-3.126764758213842100e-27
-3.693811130555673863e-25,-5.700103435682269543e-02,4.515625822909631104e+00,4.116188369266587914e-27
2.126488977629948585e-25,-3.545871771469992842e-03,5.186675052804064379e+00,3.443661419742618574e-28
-5.117648209273435202e-24,3.893879696174073340e-02,2.810090586740367602e+00,-1.884254424230269622e-25
3.530681306296618843e-25,4.647040891480633956e-02,5.779084030501653757e+00,-1.436630870251763755e-26
-9.436676820442575766e-24,-2.601040630618305441e-02,1.210301558319564874e+00,-8.657999046320351637e-26
-5.855272163879360120e-24,9.748535159679517018e-03,3.742859107306195643e+00,-4.706957087660702541e-26
-5.018111354848096182e-24,2.204231092851738003e-02,2.556874843408104336e+00,-9.223476866602629237e-26
2.835393961852077956e-25,-1.127017871959420155e-03,5.379114496429988179e+00,1.976173022872654628e-28
3.950150782515942092e-24,5.869127740109351433e-03,4.845029985809251372e+00,-3.066131826354415060e-27
1.612523288969718916e-24,2.304132370472465607e-02,1.701334031866588992e-01,-3.661823895163358007e-26
7.770507743993148474e-25,1.416676215824712228e-03,5.665652836554165184e+00,-8.975168462554933135e-28
-3.683679047211101653e-25,-3.314154824411234129e-02,5.557988680259375869e+00,-9.136300515563658767e-27
1.473332837138189915e-24,-3.629251546484797523e-03,5.332883906321424838e+00,3.109003959838139690e-27
-1.111618672498871445e-25,2.191490045396833272e-02,5.096387456573396868e+00,9.126384106643025436e-28
7.792006390733102541e-24,-1.533041534825316373e-03,1.354800585170228056e+00,2.560154663326205620e-27
-5.645981685179482095e-24,4.907559378889796153e-02,2.706346263075793068e+00,-2.512466867521249521e-25
-5.856481763996009370e-24,-4.195659785898080141e-03,3.125971879533255393e+00,2.456880721934966894e-26
-1.073501246180031371e-25,-2.532163392473922581e-02,3.418982954094205162e+00,2.614369852362951107e-27
4.062529000596184389e-24,-9.365554846601474581e-03,7.934299456604293477e-01,2.668693278833493373e-26
5.423611384254945246e-24,7.321993972753727820e-02,5.331370758991962333e+00,-2.304094351958989003e-25
-1.246579191999484626e-24,-5.370337660804242602e-02,2.691244724924894971e+00,6.027075715371569520e-26
-7.450822762123631419e-25,2.473567097748225613e-02,2.925365908368263046e+00,-1.800094531753632683e-26
-2.054267101637110434e-24,-8.006607240966348224e-03,3.392331262949221493e+00,1.593338046616830206e-26
-8.809662949868689094e-25,-2.064830289563087621e-03,2.599912596812814947e+00,1.558637999252599443e-27
6.689931418892208040e-25,1.744420413194124530e-03,1.959345235351443171e-01,-1.144676002540690902e-27
1.669766384437304816e-24,-1.305546228143211578e-02,1.849551054199173095e+00,-5.998341003564745427e-27
8.556645710696845137e-25,-8.843435797132544185e-02,1.985592645916228083e+00,-3.049533637387445822e-26
-9.243084583011446768e-25,-3.336813360163932290e-02,3.712009003361881998e+00,2.595935535502208043e-26
3.477845910953027994e-25,5.062753335641993063e-02,1.089189325925919771e+00,-8.155852959618160455e-27
7.997311892198190999e-24,-3.613918635221401339e-03,2.686583414818991766e+00,-2.596109455866004009e-26
8.279819159020319513e-24,9.247231888609258946e-03,7.223512337844912867e-01,-5.744344868478421942e-26
7.302896492909217414e-24,-5.384916454005414868e-03,5.011637263090293892e+00,1.159323158620196971e-26
1.038122478197586295e-24,-4.409986411469034480e-03,4.316884959075978578e+00,-1.763822243163150242e-27
-2.054961698024440771e-24,-1.859444428213035804e-03,2.665740583070652647e+00,3.396574676381716618e-27
-2.077162556694032396e-24,1.691036025504402771e-03,1.584156912257721928e+00,-4.692841798254294576e-29
-2.510058311769830310e-24,-9.497519562591202891e-02,1.359051974178708821e+00,-5.010206956567626832e-26
1.455427946302670832e-25,-9.963638051718544733e-03,5.145246281905881069e+00,6.082830480871775098e-28
3.930152486127180227e-25,1.515842615535339163e-03,2.670919363916688383e+00,5.309693716520340364e-28
8.505912056641879939e-24,7.092838456645622625e-02,4.604175636459423515e+00,6.515891378769000742e-26
6.083854692143249962e-24,-1.795837952751599270e-02,5.393794755073049174e+00,6.881887763345408288e-26
-2.043286244912412623e-24,3.726755209667704204e-03,9.673279858146065502e-01,4.321427007935289124e-27
-6.282913928318569998e-24,-3.175893815630697909e-03,3.610412251636981207e+00,1.780089017887774298e-26
1.510096769212654930e-25,-2.803450126571937345e-02,2.536892944571720765e+00,-3.482769881998738476e-27
-1.006469424600954879e-24,-1.120231578730661141e-02,1.783672161467547035e+00,2.382043574261144587e-27
2.257708990366832810e-25,9.930447116983004419e-02,5.472043600404136177e-01,-1.914633718160908528e-26
-5.091904474508733997e-25,1.586973852483609731e-03,1.796332029386610851e-01,7.950694783511214994e-28
-8.209575754522628698e-25,8.255612634741094080e-02,3.668336273891703136e+00,-5.858807758835590612e-26
-1.165483177694484387e-25,1.318517777737985728e-03,5.535389699938897401e+00,1.126700139876386826e-28
-3.030349653476182142e-25,2.083935199608975830e-02,5.522592638031123435e+00,4.574798068676745314e-27
-5.015724540449306146e-24,-3.309485101992704244e-03,1.301304691144365977e+00,-4.419465892782069225e-27
-9.558863713984216901e-25,-6.649496127330055753e-03,3.266635693440893107e+00,6.306535715162358863e-27
-3.031066827410918968e-25,6.203348254983693036e-03,2.230754804550492576e+00,-1.152767414631649608e-27
9.580053977217868264e-24,-6.516202690771216721e-02,5.176016934861601193e+00,2.791646775961082314e-25
4.817923868329721670e-25,-1.739349076074636668e-03,8.339077221301791076e-02,8.350930783961579205e-28
3.631342150213635453e-25,1.173119870529010060e-02,5.231200430779398225e+00,-2.112313750668701104e-27
-9.628538784808983567e-24,1.637544226601740996e-02,1.135093002933906137e+00,6.654499439571627135e-26
3.809622451063592298e-24,1.160525219698765181e-03,4.356119268193349825e+00,1.542015974655108233e-27
-4.121916228885045524e-25,-7.193608599627894507e-02,8.815594042851806478e-01,-1.885679574462241573e-26
-2.178490543523865937e-25,-3.483427593825374341e-02,4.198799788223164242e+00,3.728335749643370764e-27
-1.059765584748526311e-24,1.106268587583836109e-02,9.682013640261889487e-01,6.644872627505297808e-27
2.490571751694537347e-24,2.937723498720121867e-02,1.722511078769387804e+00,1.105784387692613518e-26
-4.757448705972107841e-25,7.038224671844427183e-02,2.409268997455038530e+00,-2.489946106901497605e-26
-6.970207643246636076e-25,8.426052187981865338e-02,1.889808807102003885e-01,5.768569214885060420e-26
1.926932365678619769e-25,3.223518434107400504e-03,1.746264121059540209e+00,1.084334251639043464e-28
-2.174054834053236413e-24,3.504826733370493188e-03,5.770041893783503184e+00,6.638313102375238997e-27
-7.813133923395594645e-25,-1.631034568302816568e-02,4.013693425230962397e+00,8.196861539905341937e-27
-8.353850700574379960e-25,-6.555228249129544001e-03,5.790074752493790555e+00,-4.823738168243799191e-27
1.191841464229763039e-25,-4.178533362548568324e-03,4.239024928631839884e-01,4.539359836563865601e-28
-6.945739590854672744e-25,2.113981969640882363e-02,1.698168590136155842e+00,-1.865175473010933719e-27
1.858192640215215193e-25,-5.201585385284054550e-03,1.827339169066973579e+00,-2.452517313993017695e-28
-8.201182529155892442e-24,-5.749967637778243337e-03,5.145961560407572577e+00,-1.981119035363065485e-26
1.848132789242079191e-25,8.438484979185553389e-03,4.546870026221002448e+00,2.569570554248268238e-28
-9.041026457372866733e-25,-1.812330272127204989e-02,4.055559993070366964e+00,1.000502254238934816e-26
8.043642281703948917e-25,1.006198102837114290e-03,1.320537841740378471e-01,-8.023032069741493556e-28
1.359496162274789882e-24,1.807678325040397091e-02,4.287409303876099642e+00,1.013245907863510933e-26
3.800666356918522087e-24,4.640511401086663823e-02,4.110870636987105087e+00,9.980709620466017420e-26
1.187635005765201247e-25,1.030531129545908618e-03,5.433824806684712350e+00,-8.083378164113225634e-29
9.757757263193885337e-24,6.251128273754708031e-02,1.851303824374666007e+00,1.688661146490324225e-25
4.305503200967767928e-25,-1.937499713101813788e-03,6.185064797994699326e+00,8.301786988546311613e-28
-2.080929476846723943e-25,-7.614956252743815442e-03,1.098896003153537748e+00,-7.203355454649332696e-28
-3.355964855977473189e-25,-4.952633851831354274e-03,3.583222712546862532e+00,1.502619544281395511e-27
-3.438553134804715121e-25,-7.257640997213087031e-02,4.642561300582625172e+00,1.741188724722635296e-27
8.937362604751000792e-25,2.460880509304578731e-02,1.293339201513685088e+00,-6.024336779111489290e-27
2.550811721826511346e-24,1.641057279746468284e-02,4.164438603717807830e+00,2.180664387176966920e-26
-7.127239660136785809e-24,1.098282714836092480e-02,1.283362543343698592e+00,2.219098927977029710e-26
1.481459224600953258e-24,5.432910300601919221e-03,1.189059157773693975e+00,-2.998383431242095857e-27
-8.786591226745495097e-25,1.080327752971370348e-02,4.035144274687281651e+00,-5.948394327137498570e-27
-2.650075587940187914e-24,-3.894119426980691828e-03,2.485500328728215358e+00,8.177153677817300939e-27
-3.764920447320611225e-24,-6.216692903629468525e-02,5.455514480964648527e+00,-1.583589177163347485e-25
-3.905977065269190979e-24,1.435283559960958376e-02,2.870237030472723383e+00,-5.401045532839051142e-26
-5.822157101353279199e-25,1.250758403293806068e-02,2.727576932223445993e+00,-6.666866152077726750e-27
8.100846553707793764e-25,9.403936193937641186e-02,5.360330571667274668e+00,-4.597807515559049855e-26
6.685424866362096202e-25,-7.477228334402676035e-02,5.798597680522036946e+00,4.423313451492529641e-26
-4.245488677003424066e-24,2.935202596904796027e-03,4.731585251740081155e+00,2.391971370715104954e-28
-3.500281920358954360e-25,-1.713699263478300544e-03,2.507929471542489797e+00,4.833918919268225557e-28
-2.437947955661157683e-25,-1.705684438765959349e-02,4.170425178504989283e+00,2.144967733415704420e-27
1.075868211813717177e-24,-6.247022089002451754e-03,1.363108210852110203e+00,1.385852769163137203e-27
-1.742239084633258338e-24,1.275968772315997984e-03,7.072768148937501609e-01,1.689810593703057447e-27
3.878815925046090904e-24,-7.909418128454799579e-02,3.343505118723097524e+00,-3.005592453147209197e-25
9.215290368367435907e-24,2.960749014993871962e-03,4.363772852347083564e+00,9.320201705576351085e-27
-3.568855444041821325e-25,6.084359333518100238e-02,1.604584706558564777e+00,-7.335480047394974255e-28
-8.719901204304317619e-25,-1.268882571025201772e-02,5.520285087301788352e-01,-9.421032860906997479e-27
7.275746173858663339e-25,7.633454572383136134e-03,1.718050604628568179e+00,8.148842460207597033e-28
4.300244046594856587e-25,1.038154062646762460e-03,4.371210727392320194e+00,1.493749646753950005e-28
1.680971144097490178e-25,1.878904461297981835e-03,3.437455921194033870e+00,3.021154914503357723e-28
-3.241090007171613321e-24,3.627899920889043200e-02,1.794319876149055526e+00,-2.606436846578206059e-26
-1.350036620282888983e-25,-3.045719647248493200e-02,2.608717673952241967e+00,3.541727852190866023e-27
3.779102277884399077e-25,-6.637876838071613862e-03,9.085464859056532338e-01,1.542471476139028031e-27
1.869166558835516094e-25,6.503621014520633188e-03,1.954509241441840794e+00,4.550923946514354253e-28
-3.047314277662008488e-25,3.830238323254150229e-02,4.303930233823675344e+00,-4.636040142624139847e-27
-1.103398385227402179e-25,-3.413604123585602113e-02,3.648116878050646328e+00,3.293620376733596219e-27
1.683403320778118157e-24,2.487071904062907856e-03,3.243403922606170608e-01,-3.968452980514398997e-27
1.855274974161808894e-25,3.368631920116545164e-02,1.212226244168244760e+00,-2.193255845217324818e-27
-3.560139961298261704e-24,-7.403474194442255518e-02,2.528232987699853052e+00,2.155294378630226703e-25
-7.516262002841270418e-24,1.037565106000574652e-02,4.916036823156852087e+00,1.577215533696836678e-26
-2.287684407938639513e-24,4.730464285836976680e-03,1.604337545802808906e-01,1.068283663817552397e-26
-4.275659434722907504e-24,3.389312671886322414e-03,4.996120470922180701e+00,4.056761925085661805e-27
-3.862416856546389032e-25,-8.665797148490443289e-03,4.654386609175334755e+00,1.940304403376134417e-28
-1.546612328651490696e-24,-5.929387838252338574e-03,3.235049576045686770e+00,9.130445154597503621e-27
-1.334692966731189661e-25,-8.539211524833102002e-03,2.520789437148986956e-01,-1.103702752556152217e-27
-5.095766204473472191e-25,5.880586475928642996e-03,2.521488687234622716e+00,-2.438694786889949565e-27
1.883428457355246600e-24,5.194283279325975083e-02,5.510337876541155921e-01,-8.335008646121663415e-26
-1.129742121628272868e-24,1.263104025032242691e-03,5.095300386534221460e+00,5.331526774241440240e-28
-2.347977589217205614e-25,-1.438706844133109432e-02,7.365344876546211714e-03,-3.377959801109842372e-27
6.597371685063736619e-24,-3.378535490502735522e-02,1.513046890819095047e+00,1.286488068065792734e-26
-4.324670151180724616e-24,-2.064335377828988190e-03,9.917818444227036179e-02,-8.883698387971451144e-27
6.318765866128862882e-24,-1.728611340367137809e-03,1.259225208786740158e+00,3.348399739918172649e-27
3.847510912084561708e-25,-1.397820314927076049e-02,2.986011482074867329e-01,5.140141027088824829e-27
-4.714728318022726594e-24,-7.423518286726062121e-02,4.986152814230863761e+00,-9.462460794900242783e-26
-6.841969296959973445e-25,-9.468803469880285317e-03,5.782754152145581195e+00,-5.684101990856047623e-27
-5.239820855392548449e-25,-4.591393010558792592e-02,1.143435228992767172e+00,-9.971367520372304719e-27
1.316935280532416274e-25,3.210705590900147718e-03,1.812364901921805105e+00,1.011517043173170946e-28
3.077050048202454477e-24,6.097801189714829873e-02,1.465458622785666076e+00,-1.972823415751484909e-26
1.431011959554741281e-24,-1.265436479864105908e-02,2.239872855656422690e+00,-1.123204173677613635e-26
-1.148740879495593931e-24,2.689412382309438847e-03,4.142231584104889563e+00,-1.667569095102336196e-27
-6.816901193312389208e-25,-1.250462976284130289e-03,5.249724833280324354e+00,-4.363146419428142983e-28
3.251601905126906577e-25,2.537192625976434929e-03,3.083572590760709442e+00,8.236058269896768895e-28
-2.888609540264927069e-25,4.050723467713147896e-02,4.803804871204716775e+00,1.068164337836820447e-27
-3.605965853034479894e-24,-1.016585284846233811e-02,3.420606094081421134e+00,3.524007673055093106e-26
4.323603637108548911e-25,7.430682616128470031e-02,4.605635969321889789e+00,3.423178300191940266e-27
-4.104419845529456062e-25,-3.086877414859376043e-03,1.156135048195237713e+00,-5.104424722452037323e-28
-5.989288762880534072e-25,1.506540264944573881e-03,3.881223961960402757e+00,-6.665521837824389991e-28
3.520005470328140133e-24,-8.794381061579122430e-03,3.216887892634819668e+00,-3.086855957554893453e-26
-1.585481454051473191e-24,8.113011410342019225e-02,2.309881488635329383e+00,-8.664691424225815928e-26
-1.422977204746492240e-24,2.584449906578134559e-02,5.123694279680591102e+00,1.470332251570618124e-26
6.144571167945939990e-24,1.834894837552854263e-02,1.933790204632510612e+00,4.003339093032876239e-26
1.309785653130940105e-25,-1.803754604351797200e-02,3.197283987270716832e+00,-2.358869123916140511e-27
5.131444905553060273e-25,-5.197983882319126385e-03,9.786494989983843817e-01,1.488745865514981837e-27
-8.946121182591233376e-25,-2.265979818864213499e-02,3.428448623845868237e+00,1.944339027732257430e-26
5.021032406542858822e-24,7.319050759743861261e-03,4.616230835098494190e+00,3.528290856000282041e-27
2.235686859455332396e-25,-9.405024869553451489e-03,4.905031438934596144e-01,1.854755863646944289e-27
5.107344388026433853e-25,1.969387119540813927e-02,2.863759739080196542e+00,9.672621776217092091e-27
1.054037178423094316e-24,2.051316322970410042e-02,2.812270143283216228e+00,2.045972587509766300e-26
1.437084411231086069e-24,-1.552472969053374056e-03,4.673619336950615377e+00,-8.647475295835570333e-29
4.087021420547978889e-25,-1.956361434677394116e-03,3.792455616594241796e+00,-6.361061987757611673e-28
-6.777378513979636789e-25,-1.778218164378610189e-02,5.285294891302679154e+00,-6.532917421185860896e-27
7.887770373528148082e-25,-6.701209082127664550e-03,3.537662639359075101e+00,-4.876559031023184956e-27
1.527150606635135493e-25,5.977821250087890850e-03,2.616773015097416000e+00,7.900396252129953910e-28
-3.207199710134263692e-25,-4.038417515273225178e-02,4.519137242079806605e+00,2.487448203790871653e-27
-1.251355019917266296e-25,-1.627338893435437053e-03,1.844980217460305161e+00,5.513727508970505999e-29
-3.456557296557674280e-25,-3.007894051031747076e-02,1.147323235697795152e+00,-4.272413982629066684e-27
-1.199480814677747418e-24,-3.738350016982015800e-02,2.698421244259836538e+00,4.050900431935983133e-26
-6.686161258067889013e-25,3.524379329243097856e-03,3.353098472127684637e-01,2.225221991302204632e-27
2.197494377246693794e-24,3.352844655152281694e-02,9.279849645301068151e-01,-4.416647752047966612e-26
-1.041195365570749124e-24,1.142622615551001919e-03,9.826937665613011408e-01,6.600220891445042466e-28
1.312039416508926722e-25,-2.267834818776271431e-03,1.806385881650455660e+00,-6.945275434023676796e-29
2.301499206392505900e-24,6.888991032734881337e-02,4.154585950066602251e+00,8.392428382368898491e-26
-1.378479490718198768e-24,-1.938675553158287785e-03,3.706512429950441945e+00,2.257214040458281102e-27
3.841451564004481793e-24,-1.934490282225352110e-03,1.689582582546074407e+00,-8.806559992321217833e-28
1.535419039522955471e-24,-3.768561952860922677e-03,4.955938507615786470e+00,1.395365202355099297e-27
-2.978364968762146396e-24,-2.168950865993251285e-03,6.112771049837777859e+00,-6.366352630290969614e-27
2.897842335688552201e-24,-9.435149544917904516e-03,6.112109358590009478e+00,2.694244798125204756e-26
4.103938789269198179e-24,2.483789842594305228e-03,1.361556289662420260e+00,-2.117321800521230280e-27
3.448162355927484818e-24,3.885289456461694935e-02,3.740681945803734809e+00,1.106399559974186340e-25
1.279085448305337177e-24,-3.792516867388826679e-02,4.354960823717194951e-01,4.398169423276929005e-26
-2.856827173289737129e-25,-9.821623080417250795e-03,3.907740972895916709e+00,2.021870940335859376e-27
4.162578648547942139e-25,1.537348835225371864e-02,2.042956642635114672e+00,2.910490044704605778e-27
9.882559879436284437e-25,1.310916690047496391e-02,3.607611589176050515e+00,1.157372305853302377e-26
7.909308780050754268e-25,1.915919739587215037e-02,3.572726653330003721e+00,1.376693169042234207e-26
-2.135116632461001797e-25,3.719102130559097386e-02,3.558089423921057204e+00,-7.261879331973162827e-27
-4.850356523414711317e-24,5.174711813208929256e-03,8.770182573715935570e-01,1.604959263215931726e-26
3.465159485876695150e-25,-1.181877632480408339e-03,2.735714445185774224e+00,-3.762668309385618994e-28
3.120802106064508122e-25,1.349760295386186713e-02,3.902135925211192458e+00,3.051674925194532626e-27
-5.434350739472986326e-25,-3.026708105220306342e-03,5.964462996937575090e-01,-1.360819850312525395e-27
2.559033553584916581e-25,1.268238792842390356e-03,4.196533837093835650e+00,1.600919693417583164e-28
-3.385713336478300696e-25,2.268702238310733171e-02,4.009341279903404498e+00,-4.966230954357048160e-27
-1.328859249427676682e-25,-1.178096654737674498e-02,3.743542503854462744e+00,1.290357190349696700e-27
1.471388266235814916e-24,-9.365173224560063847e-02,3.973808315143675163e+00,-9.277104167666888001e-26
2.120998069896816726e-24,-7.182082699526088319e-03,2.064681702548647468e+00,-7.221298609430215860e-27
-5.415958213341099976e-24,-2.102054304399049271e-03,3.330600936500291986e+00,1.118188978431730084e-26
-5.935894361876615190e-24,8.847766009809582277e-02,1.759537960752355357e-01,5.170850620602111291e-25
4.156426312247985805e-24,9.332400940875725665e-03,8.122107926161574731e-01,-2.668307906115049298e-26
-7.038899078573726983e-25,-3.356770880053590572e-03,5.025537817191978895e+00,-7.278735116880520429e-28
2.458127713623636841e-25,6.383303748757369889e-02,1.921948772123632798e+00,5.397384307947450994e-27
-4.254850668185630212e-25,-6.859705547937001123e-03,2.174510896643116808e+00,1.656959940965476732e-27
-5.887631700627684769e-25,-3.660811864288768952e-02,2.102932490711193925e+00,1.093571925693418733e-26
-5.503639114227107204e-24,-8.390645155615973627e-03,5.906590868376028425e+00,-4.294296543253061766e-26
1.414713083044896696e-25,2.084930061653719399e-02,4.860699867403088237e-01,-2.607944770170543615e-27
-3.638894361157822143e-24,6.805617788143820089e-03,2.309330824001389892e+00,-1.667186980593251833e-26
-1.521473893492623110e-25,2.784802089180225815e-02,5.559056492535769500e+00,3.173841375342384212e-27
-1.655341909183419060e-24,1.003839774573671555e-03,2.514901356096928442e+00,-1.345929534441949398e-27
9.664483332303976030e-25,-1.624044957871172840e-03,5.151938710649225150e+00,6.678961713341508058e-28
1.043257090523548499e-25,2.318628690616422218e-03,5.957018588113607294e+00,-2.291394096728764537e-28
2.415257418401593852e-24,-1.148479991691219370e-03,1.158816440324404118e+00,1.110726995751492311e-27
-9.675694317174180847e-25,-3.534113934821251843e-03,1.174187886096749622e+00,-1.320926672789241280e-27
2.533633225912273206e-24,1.018619773238110295e-02,4.818657587617247273e+00,-2.737430570909177561e-27
-6.219135432886136268e-25,1.649238281985904381e-03,2.689672325531763164e+00,-9.227154150373793194e-28
-7.691433577347615126e-24,3.492621055761899445e-03,4.917024912566607675e+00,5.458902499349922755e-27
5.071846314719903523e-24,-2.543180800825882524e-03,3.548731087475208046e+00,-1.184425930015575625e-26
-7.024186486794924350e-25,-5.638226060405036530e-03,1.909034317323745622e-01,-3.888447476605947802e-27
2.949847927683621746e-25,-2.353982376573297841e-02,8.987893922164067462e-01,4.322973002349287435e-27
4.812209347537325091e-25,9.257669290737768897e-02,1.229689831711101355e+00,-1.490326071214525165e-26
-2.545884678163957154e-24,2.059320567394211810e-03,1.400820267208529701e+00,8.868642757094040895e-28
1.711507194294645750e-25,7.441550659750164123e-03,6.197421539802792090e+00,-1.268945587222182839e-27
2.182663901985738984e-24,-2.323593281439730995e-03,2.039311419327482611e+00,-2.290151748575169945e-27
7.392690366397376453e-25,-1.141159834428165766e-03,1.239466053176486060e+00,2.744319730827814216e-28
2.275949680553096596e-24,5.605053108390389144e-03,1.866056841635046704e+00,3.712095248661199486e-27
9.209551257096233180e-24,1.150055440757542617e-02,6.042997180518258737e+00,-1.028744703294400687e-25
1.550296465187197044e-24,8.676265728752753648e-02,2.533306131642746872e-01,-1.302147598333955223e-25
-8.070476525545144614e-24,-1.000805689968428842e-02,1.479430485869815959e+00,-7.369336776872545269e-27
1.422266788367388210e-25,-6.271318343120238503e-02,2.001375843234369789e+00,-3.722971845965645340e-27
7.483828026629998559e-24,9.764030010130179960e-02,1.869652268134000428e+00,2.151446822290546256e-25
3.267356641472745961e-24,-3.149543323125037018e-03,4.204775451597208225e+00,-5.002228956159854222e-27
4.155419172103463562e-25,2.804192820629315686e-02,3.984779315566042257e+00,7.749984869032390918e-27
-1.880159839307268595e-25,1.065704728661551887e-02,4.420657414751020475e+00,-5.762849049109435905e-28
6.938303671678970510e-24,2.260657403683437316e-02,1.549669660818704831e+00,-3.313498006715154671e-27
-1.145102470515358880e-25,1.612464043761482543e-02,5.840533274772213623e+00,1.668474932017347405e-27
3.013509671442942924e-25,-1.490033697467110741e-03,6.189183551960235619e+00,4.470406980919318004e-28
-2.519477778389798727e-24,2.064734330760706511e-03,5.588897046888200215e+00,3.997825518246040688e-27
3.771153371294654624e-24,-1.341122884422574039e-02,3.046564009957295038e+00,-5.034761172116787988e-26
8.671128844262410076e-24,1.404842396879614486e-02,1.004301875455057225e+00,-6.537573182323253249e-26
-1.092688290488736014e-24,4.582931446676937609e-02,5.681196333585015523e+00,4.127413843179458666e-26
-2.432682230290558135e-24,-2.646256958991629639e-03,4.200551085215901814e+00,3.152962663584313693e-27
-2.271918733922278817e-25,3.052277633987763791e-02,7.390907266662013475e-01,5.125179489682389454e-27
-7.253784173565006742e-24,-7.456092405601023355e-03,1.023521001440673928e+00,-2.814374275437783327e-26
-1.064525843748991285e-25,-1.279427007394544910e-03,4.143925443695899880e+00,7.332070784134043204e-29
-1.754199762810584757e-24,-5.375755434711718822e-02,4.075458455921760148e+00,5.608398294136338200e-26
9.330813716939878109e-25,9.204687262861527275e-03,4.133400457555135965e+00,4.699556355996124262e-27
3.356760099055614741e-25,2.294539398931746965e-03,3.343335675571438070e+00,7.546008102789456994e-28
6.486957461488970054e-24,-3.299114322801115825e-03,1.381327767738685264e+00,4.030640301429087741e-27
-1.992436993656491038e-24,9.489242439884084182e-03,4.678949371077256281e+00,-6.321154310683304783e-28
6.863190836860306409e-24,-2.481242069065201731e-03,8.513315407555978043e-01,1.122196462182280577e-26
2.033441743679691692e-24,-3.744078918059319614e-03,2.359334929467704622e+00,-5.400342847369066878e-27
-3.007621110239844271e-25,-5.493167840281378000e-02,4.636912735204370861e+00,1.245787196890131316e-27
-1.307017508615525764e-24,4.050469401559746163e-02,1.210927334505498054e+00,1.864302802357265236e-26
-1.041763197706950586e-25,-2.413827222451225482e-02,3.670821633172749898e+00,2.170625537571245419e-27
-8.403702649006069844e-24,4.799662887168381839e-03,2.033232103355027132e+00,-1.799460130660781769e-26
4.407166865040038782e-25,5.595288576168813525e-03,4.967253342404288396e+00,-6.216976320242898481e-28
5.794772214360893831e-24,-1.930221933821819977e-03,2.473690949850394505e-01,1.084471864808927957e-26
-6.397809387364781755e-25,1.518914708371887044e-02,2.353047722825400090e+00,-6.849813599155916888e-27
-1.272977317152372584e-24,1.887485849106287396e-03,3.730710639365151682e+00,-1.997701618107086060e-27
-1.213096153437336983e-25,6.499037709722878600e-03,5.503034850979747539e+00,5.603977937495431117e-28
-1.872324628867932898e-24,2.804419905988377731e-02,2.538130156516840596e+00,-4.323367796982785552e-26
-3.096213948619474366e-25,-1.211746928990684166e-03,1.876842406449046319e+00,1.130391222197647265e-28
-3.646264013361800618e-25,2.524314268501577294e-02,1.209949127365905097e+00,3.249740316206996223e-27
5.287614430592183525e-24,-1.642796513482219821e-03,5.688069427378744658e-01,7.318738645332667771e-27
-3.146737522007277646e-24,-1.002921853602626104e-02,4.207889932359396568e+00,1.525479483359142001e-26
-1.711604017533291458e-24,1.275634616035591562e-03,2.651324513521897241e+00,-1.926193495480411128e-27
-1.332212574543449101e-25,3.025068232910325255e-03,5.063542086926672070e+00,1.386254201827007101e-28
-2.656225498717297315e-24,3.136196570374590823e-03,4.214907223840860695e+00,-3.975405574918925712e-27
7.424051770996101534e-25,-8.931602031540839676e-03,4.252965589209884989e+00,-2.940334641912306127e-27
5.940557593819496563e-24,-1.142833381721844671e-03,4.955470492365822821e+00,1.634092453715006153e-27
-1.100667282948380024e-25,-2.608467207835826404e-02,4.989190927121781804e+00,-7.846038853234059099e-28
-1.519672297848297573e-25,5.213764865884432803e-02,2.090821103864593855e+00,-3.937058045337303884e-27
7.540482843145881138e-24,-1.223465857425672619e-02,2.583179610883645783e+00,-7.824138765579984889e-26
-3.304018731133470005e-25,-2.763123899853685284e-02,5.762065349331817465e+00,-7.917594458697312145e-27
1.810996936234253435e-24,-8.102373916505266338e-02,5.740094909448432148e+00,1.256210619343577126e-25
-1.648695474169176234e-24,7.760534289464587898e-02,1.470381159227713563e-01,1.265669411729311161e-25
7.458457280107661567e-24,2.666783134735052369e-03,4.724843477531022740e-01,-1.771093820901373837e-26
3.314003517157269304e-24,-1.592786719685932058e-03,1.492986444735255436e+00,4.103052075924314393e-28
-1.042138622181956774e-25,2.375093874615137948e-02,1.255334439187426598e+00,7.679375413401170851e-28
-1.146440996512808433e-25,-1.767684540003292698e-02,1.665301952365601634e+00,1.912350396575138593e-28
-3.641809560130026689e-24,8.678215855284859837e-03,3.921589903792664256e+00,-2.246806366963912671e-26
7.350561640326753833e-25,-1.488391899318353227e-03,4.907960778717360917e+00,2.126042814447451653e-28
6.443322761771387931e-24,2.454451110750908646e-02,2.887055512811043556e+00,1.530526633454572182e-25
2.329715206805877544e-25,-1.326595989353204948e-02,2.362826820057537081e+00,-2.199823722723695622e-27
-2.253908099560136222e-24,3.461403266926768585e-02,1.274650459895121601e+00,2.276812712550586010e-26
3.099078055253400400e-24,5.272280282903576976e-02,3.692673833427322805e+00,1.392033386345597163e-25
8.648683952721050757e-24,1.102384345896397985e-03,6.121917247095607806e+00,-9.410462792905394940e-27
-5.405456464705147744e-25,2.213713383456854256e-02,2.076118165657915071e+00,-5.792673506700806231e-27
8.429682067015038328e-25,3.954485242346913142e-03,5.514574321290949932e+00,-2.396380041431173761e-27
-2.240045029628101372e-25,7.697102542877513887e-02,5.013890971674792141e+00,5.120051640148103634e-27
4.068722114459847025e-24,1.508562505393321127e-03,3.918688959259651217e+00,4.376047468370424809e-27
4.471096196914051339e-24,3.163344972566818625e-02,3.345738705427604209e+00,1.384991982321288082e-25
1.598110557308470567e-24,7.313727889946941563e-02,3.869022372695678058e+00,8.729712211224920767e-26
-6.224405209034766970e-24,3.418815245930048596e-02,3.911667924516865735e+00,-1.527608959130227608e-25
1.183295084050198530e-24,-1.755961975273221450e-03,1.669720587290530522e+00,-2.052118396410240824e-28
4.150315372404610956e-25,2.311793425954412895e-02,1.323311733574118743e-01,-9.510785578776748691e-27
-3.126562144886806777e-25,-2.443286035449299121e-03,3.736305177370635278e+00,6.327527941855799650e-28
-3.505572391939801688e-24,-1.222358714528817619e-03,3.177499559475403412e+00,4.282304878445049975e-27
2.111566034386929823e-25,-3.295546410715335332e-03,3.074677863111193510e+00,-6.943190434953398030e-28
-3.791696913943059630e-24,1.734503465744617222e-03,3.387959877819896604e-01,6.202861595416157720e-27
-3.422061973950511930e-25,9.831281072066978127e-03,6.068445378351963626e+00,3.287052971635375107e-27
1.765817271392485958e-25,-3.063819140144028244e-02,6.162886787984688475e+00,5.371044854704333424e-27
-1.121552369461192386e-25,-1.159323723553938200e-03,5.767817922697770605e+00,-1.131356029285556716e-28
-6.220714756429670559e-24,-3.122683854679933133e-02,3.445129607194700849e+00,1.853730210800543478e-25
4.725848144908051108e-25,1.064280407781797305e-02,1.843180657016018964e+00,1.353113791981758802e-27
2.569359892811944866e-25,-1.070165048060657109e-03,2.727341414008801035e+00,-2.517069054991373249e-28
2.090135957829781878e-24,-9.732221499989411953e-03,2.013676194991384616e+00,-8.717283921671980686e-27
6.855617130986652401e-24,-9.722664176812172154e-02,2.871096681966939013e+00,-6.423119139263919510e-25
6.607846337296570592e-25,-6.787571190007027355e-02,2.098180051819655390e+00,-2.257246887975740252e-26
-6.111053058629374431e-25,-1.933938172016268567e-02,1.521400664246378653e+00,-5.835402707854918933e-28
1.656029193651852779e-25,-2.187441569309667589e-03,1.031107836673447631e+00,1.861472755524056433e-28
-4.816690847072519568e-24,-5.622026789215919633e-03,1.239636250348224444e-01,-2.687176571492816369e-26
1.095136409334788418e-25,1.703936769609507365e-02,4.922683905962561113e+00,-3.895334140550546438e-28
6.198137877084208581e-24,-3.142197106316455685e-02,1.648872760838191009e+00,-1.519054302612826231e-26
4.142738858600321038e-24,-1.951286835990285887e-03,2.172117550340729508e+00,-4.573195315616859806e-27
3.727901551832206107e-25,7.749279288326750559e-02,5.011930484136897235e+00,-8.524495742670304702e-27
6.041343693294578397e-24,1.739680983275745940e-02,4.622161117777979555e+00,9.470096384149878026e-27
2.489403405992212883e-24,-1.043403692625168890e-02,1.968506310040616158e+00,-1.006014415236046188e-26
2.486864607530356802e-24,-3.792421825109643096e-02,5.341132612972928406e+00,5.546786596126994638e-26
-8.684476418327315355e-24,-8.423719838626733680e-03,2.342636661565770329e+00,5.102275506753552216e-26
-2.871768042577719782e-25,-8.192619074008940239e-02,6.077068956837693214e+00,-2.302930212356429433e-26
1.442318871657420126e-24,-5.685312998961094925e-03,4.225805215403710235e+00,-3.834408915329766815e-27
-1.772340327312539529e-24,-3.056759343420162138e-03,1.253385735935091727e+00,-1.690879435118738683e-27
7.048082259367271925e-24,-1.811761275151653255e-03,2.708274619359894331e+00,-1.158925943067605963e-26
6.995753705624765850e-24,3.035427703159077409e-02,2.805252170007864532e+00,2.004527518146287923e-25
8.393671588257318364e-25,7.498986254194910106e-02,1.361038787593102706e+00,-1.310637917966616767e-26
2.642412648760979449e-24,2.101966469980018695e-02,5.407675471029245173e+00,-3.558091031584541983e-26
4.286230943235992755e-24,4.525266435935789214e-03,6.267436103246733836e+00,-1.939393156507590223e-26
7.803901307562388851e-25,-2.161401377310469187e-03,2.494916393761666296e+00,-1.346168860668663098e-27
-1.715756033082612348e-25,-3.036223781641520306e-02,1.509603619821480169e+00,-3.185795573596327817e-28
1.659627732281599074e-24,6.773144608506502171e-03,3.160577320518977856e-02,-1.123528468761176588e-26
1.836331507404569192e-25,-8.381069366113869795e-03,3.359665740627010844e-01,1.452997541007587000e-27
-1.297862600233730105e-25,3.693072803393139276e-03,2.250374236380707771e+00,-3.012295124236284568e-28
-4.246552919742457589e-24,5.155351098104513086e-03,1.107687477914906182e+00,9.780059783936237679e-27
-1.284695413626966949e-24,2.278629931857372847e-03,1.641528484875772964e+00,-2.068848496586043596e-28
2.623232152462969863e-25,1.607219641513018063e-02,5.275928735901453948e+00,-2.252169946111304944e-27
3.692238465604579843e-25,1.306172468102868292e-03,4.411999702364078679e+00,1.426998781649813836e-28
8.154410390573562147e-24,-1.350456558936678764e-02,5.543060951330394559e+00,8.131223022824970447e-26
5.424350217215736491e-24,4.260060502900999031e-03,4.280507678694256968e-01,-2.102317237058040926e-26
3.172568440809340808e-24,6.412719828592185201e-02,1.270887634613190043e-01,-2.018071356494225070e-25
-4.682523087440434528e-25,-3.205009135503049302e-03,1.739789511383484033e+00,2.524115771352781400e-28
-3.574544306765893640e-25,2.742964774692796971e-03,1.305608328871414203e+00,2.569759758278694450e-28
-1.090172009003477294e-25,-1.587248935402185701e-03,5.888813494019027317e+00,-1.597547560714165705e-28
1.567571749831536617e-24,3.681125531036070955e-03,4.940619171068458826e+00,-1.305582294567171881e-27
1.096009830354972070e-24,6.105514456550745379e-03,4.041040941514901341e+00,4.162521152990357661e-27
-1.850175916554799035e-24,-7.657240368002828784e-03,5.032026439407555785e+00,-4.451664738976123773e-27
7.254811045027929543e-25,2.526106157951361203e-02,4.174766919989252756e+00,9.384868788675283776e-27
-4.776974978692945267e-24,-9.780788353373775015e-03,1.457257814323067002e+00,-5.293422332387741028e-27
-5.890900173602059931e-25,2.734146841176613926e-02,2.205866686121533693e+00,-9.554977031036799171e-27
7.136434600195090471e-25,-1.702497442832637611e-02,4.460069504397357498e+00,-3.033196026703901359e-27
7.791306783230471683e-25,-3.057766264423293634e-02,2.358800586131471810e+00,-1.688995376398215263e-26
-1.103048342656258095e-24,3.289916138362097148e-02,4.844229702939269799e+00,4.770567767047811921e-27
-9.922159259120128481e-25,1.751546523668865221e-02,5.094335585206736461e+00,6.477677424758974122e-27
-1.871921871043670313e-24,6.753515633627366066e-02,5.000793555216769271e+00,3.595691517785071124e-26
-2.632595341980038233e-25,-4.445563508271024866e-02,4.602296066177423484e+00,1.285856880578245446e-27
-6.894318583823662712e-25,-5.834851738193376491e-03,2.613574075530360474e+00,3.474864850932776094e-27
-6.987010674037802258e-24,3.104247182388531444e-03,2.969943769437677794e+00,-2.137067074368828756e-26
5.837714053077425969e-24,1.970130213560479689e-03,5.181478721247448904e-01,-9.991404838581751566e-27
2.313311183767478500e-25,-1.240635009555062602e-03,7.906951243876798596e-01,2.018600713744156638e-28
1.785507538971046932e-24,1.039841468072893842e-02,1.983834741598444973e+00,7.452462184059580371e-27
-2.390250572508012906e-24,2.881225840649597955e-03,2.183799395529880449e+00,-3.962187140144719921e-27
-6.080042643847685072e-24,5.819467664727662713e-03,3.007117440896102112e-01,3.379484915531494227e-26
-3.269976261716890928e-25,4.983947040630119091e-02,5.893056859669110636e+00,1.507280629206004976e-26
5.198107180358592724e-25,-1.710970948472778641e-02,4.696167864895300248e+00,-1.442611985563996788e-28
-5.696188038718195994e-24,-6.263474053591015951e-03,6.125958880417344155e+00,-3.523785183668089388e-26
-2.669169463454813089e-25,-6.573283317266132020e-02,1.622539953091103992e+00,9.074475794216061656e-28
3.008210534930521568e-25,-2.232352459364061494e-03,6.118167012209225319e+00,6.624160016260421084e-28
9.833040205701843691e-25,-1.212132815748449138e-03,4.305767994938189069e+00,-4.714041474581995738e-28
9.597648753739932571e-24,1.704389931248902895e-02,1.073668088078399974e+00,-7.801249933437743458e-26
4.821595034329146453e-24,1.204870884428410095e-03,5.604463070143206771e+00,-4.521894406887165681e-27
1.406657817082902847e-24,1.143555767258287378e-03,4.011438064985151541e+00,1.037452658811361736e-27
-5.630393069231214462e-24,1.813444926720325905e-03,3.292326840220368478e+00,-1.009463291337490139e-26
-8.684474409445084149e-25,-3.108330450695520955e-02,1.089867227717720377e+00,-1.248760764330325938e-26
-6.694094415655477941e-24,-1.413284357070048337e-03,1.395239182260639588e+00,-1.652367898159796703e-27
-1.256361182423063920e-25,-1.028715691693049550e-03,2.497999064537566927e+00,1.033879050786507930e-28
-7.477901357588121430e-24,3.157416273770041054e-03,4.454826299857243654e+00,-6.014258700131918307e-27
4.496921439349345624e-25,1.252466731976346372e-02,5.677256360787376721e+00,-4.629555123065623886e-27
4.122374371090777830e-25,-3.029341776512912629e-02,1.415975061541939195e-01,1.236309783679553102e-26
-1.178827201099892126e-25,-1.836652247345163264e-03,1.089127776849489804e+00,-1.002999012313623763e-28
-5.901077805008158940e-25,-7.619967635473161305e-02,3.068439498568909851e+00,4.484576030636570738e-26
2.355326484528276739e-25,-7.137108249115967952e-03,2.663549575086856969e+00,-1.492574212112512635e-27
-6.360952743290785025e-25,-4.585054375195263265e-02,3.048309490933158727e+00,2.903851158280576368e-26
-4.461688914404773525e-24,1.713352977593716282e-03,3.429851209533009371e+00,-7.329041059793538528e-27
8.166193685410497102e-24,-7.854448200976094085e-02,6.158797299915415024e+00,6.364537833975022214e-25
-1.766608169445962304e-24,-3.362087569655161732e-03,4.496060628106680390e+00,1.274882175003579807e-27
1.541749512637178899e-24,9.266533387920564135e-02,4.758328393600923079e+00,-6.560905608076689153e-27
-5.614562678965698735e-25,-3.668984970889417607e-03,3.621204612982866777e+00,1.827556006356054887e-27
-3.174651171566991744e-24,-3.554221666627752768e-02,6.247099511260379323e+00,-1.127606823080963935e-25
-3.169620459217960855e-24,2.063645468509803932e-02,5.142172704482903534e+00,2.725454683940333117e-26
-8.536702102306724977e-25,2.572237045227486821e-02,5.055837111164532161e+00,7.394187572647363556e-27
-4.345642121622378117e-25,-5.847279599958925961e-02,3.175526533469382517e+00,2.539555591234334870e-26
-1.229315528049886424e-25,9.074234903202221814e-02,1.577310222683101781e-01,1.101662106663139347e-26
-7.190034680566850389e-25,-1.733202090417335388e-03,5.688506284722300244e+00,-1.032244847578357906e-27
2.026923620460328454e-24,-8.567638729532564557e-02,3.152403606428517691e+00,-1.736493448490934615e-25
1.126923530126653774e-24,2.208208837842326466e-02,5.606479866958986591e+00,-1.940120722507383569e-26
-6.966668858749643703e-25,1.238091873127826091e-03,4.641476431424726989e+00,-6.111349130045257411e-29
-4.630123472414379801e-25,1.699247435012212967e-03,3.808342670108624262e+00,-6.182739657936205404e-28
-4.458400210056723924e-24,2.148922901783238085e-03,2.213357404728657052e+00,-5.741247484470520752e-27
1.758559164444125133e-24,-6.062231265631470335e-03,5.761979995457188197e-01,8.939502805112258695e-27
1.234220059469432962e-25,4.850079329529686720e-03,6.221155345744143972e+00,-5.974552550916923138e-28
-1.511820041472788106e-24,-2.013891826225066087e-03,4.299063697718697341e+00,1.222901186391818992e-27
-3.511178452577547644e-24,-3.263599811939567330e-02,4.742681995844347576e+00,-3.470770389154096505e-27
1.440738307196710309e-25,6.815712110340666104e-03,4.192648259666170496e+00,4.876983125288683454e-28
-1.214182402404257049e-25,-4.858023791847116031e-03,5.696017983540071050e+00,-4.910602376964566435e-28
9.657096808164123627e-24,3.239284680822487189e-02,5.727657980895364709e+00,-2.657796237089819451e-25
-9.283905292886454700e-25,-3.756371688277172771e-02,5.798892522729813592e+00,-3.086346687154283687e-26
-1.436056627575151892e-24,2.283430459062292008e-03,4.223971053808047493e+00,-1.538666705944345450e-27
1.127262016746614387e-25,-4.625158409613888688e-03,5.244629365138730570e+00,2.645803929751059308e-28
-1.977089758056936738e-25,-2.926025893640509749e-03,2.570935998220264640e+00,4.868359481879072577e-28
-4.695011208527503719e-24,-6.489097504632712447e-03,3.622862121699632620e+00,2.700564767956045530e-26
-2.783941931817154228e-24,-1.854557698906988007e-03,4.481147012463297052e+00,1.183286098919735884e-27
6.244623368550003411e-24,4.264910892819314368e-03,6.265220317458685351e+00,-2.662846460143485796e-26
1.444068727339469495e-24,1.850823010892147999e-02,3.198133543725878880e+00,2.668444602654395403e-26
-7.003633545162506994e-25,1.157485693856020147e-03,6.062243090342785301e+00,7.909545371851708477e-28
1.414706573197081840e-25,4.433987893933273236e-03,2.212699248009816877e+00,3.755650209859812017e-28
4.106863127491032974e-25,2.500096003819978884e-03,2.092429788029948501e+00,5.116290644819716566e-28
-2.654381812398707114e-24,-4.771215357341088148e-02,1.235074300010016390e+00,-4.172373784298256826e-26
-1.251408182390732643e-25,2.954137842509879913e-03,3.523402158202676659e+00,-3.430630523404382428e-28
8.268238100509569186e-24,1.474695953237546014e-03,5.552133759004354907e+00,-9.077458370721816384e-27
2.769979016270632375e-24,1.745379975439030618e-02,1.816715088242286003e+00,1.176987556019117705e-26
-4.492041394823975539e-24,4.614752831394566823e-02,4.774077589861716930e+00,1.277973035208827802e-26
-1.374171169596982241e-25,5.044733172614442734e-03,4.533616129357628033e+00,-1.232721036390175507e-28
-1.583528309829826774e-25,1.413458991201050827e-02,6.375592590702711115e-01,1.798549821285035241e-27
2.690719965309717010e-25,4.950444303580713544e-03,4.506553102453254023e-01,-1.199038956483418863e-27
-1.496837246643760313e-24,1.064814367475813749e-03,5.724125070547600558e+00,1.351195821731397024e-27
1.874307668984408158e-24,-8.870486392098805156e-03,4.515277032530931045e+00,-3.256007015696827089e-27
1.541001529447327146e-25,-2.706797715411038939e-03,1.212046909998646838e+00,1.464515865369642030e-28
-1.341263461409857937e-25,2.578998956362874191e-03,4.757687184471783404e+00,1.566382096742400254e-29
-3.610874035091608474e-25,-2.517014433124737174e-02,4.392466485121541808e+00,2.858307922242608983e-27
1.278400706143986956e-24,-5.196599006124322934e-02,2.633617957140963917e+00,-5.804491283673541222e-26
1.229148886852620959e-25,8.065605507543474259e-03,3.268030297176848231e-01,-9.389125340716343573e-28
-1.584043734433703941e-24,1.426072712168464842e-03,5.115584244527958901e+00,8.863247568167250791e-28
2.473934007926623330e-24,-1.133026268646458896e-03,5.550464151798622403e+00,2.083653591791671265e-27
3.546731227111768645e-25,1.054224150498382639e-02,4.965178288971735299e+00,-9.351572314714461827e-28
-5.563176537001386954e-24,-1.050597700194723502e-03,3.213033437087002397e+00,5.829751871199073226e-27
1.527786089577537960e-25,-1.033965261382589242e-02,3.425046679223261448e-01,1.487924428336072542e-27
1.310491603832502844e-25,8.432674593530159468e-02,5.037454563196870794e+00,-3.529351992920547792e-27
-1.300440218726973963e-24,4.617750046323462754e-02,4.189390209938252951e+00,-2.999433027473223697e-26
8.514646209800055589e-24,1.275640919706779244e-03,5.186418896279918478e+00,-4.958068968520408717e-27
-1.033336122153161198e-24,1.040404220690323983e-02,6.170343134681901098e+00,1.068249788466742821e-26
1.412598163813078746e-24,6.077605824963996234e-03,5.927513513179537563e-01,-7.120635483856283018e-27
2.325540315180342501e-25,7.239797214971008081e-03,1.891273504417763984e+00,5.303806645336515066e-28
5.858924965315567939e-24,9.504285247208146825e-02,9.320420384025808191e-01,-3.319909989642595292e-25
4.589120769199545945e-24,-1.260002032954157932e-03,2.125650156866075502e+00,-3.046226667267895916e-27
-7.664951680736881548e-24,6.115652454585478875e-02,6.273840120863840575e+00,4.687413366828442225e-25
4.241256225633541964e-25,6.123378322289981662e-03,1.184110761908037768e+00,-9.794134586104302681e-28
-1.942872829969822198e-25,-1.816014039179608686e-02,3.677773852916234709e+00,3.033145394962895215e-27
-4.961934286230573031e-24,1.686440408560559850e-02,4.758087865436697150e+00,3.822754774504349541e-27
-7.598388891980535832e-25,-7.877698092357663870e-03,4.540195220415496280e+00,1.025628181450365987e-27
3.488263713862624791e-25,9.550022819692814691e-02,2.585064921011079431e+00,2.828588078397637307e-26
5.486599126586855167e-25,-3.174429809310806185e-03,1.877311290649807507e+00,-5.255315385963629539e-28
-3.620832495945066353e-24,-1.307864577406075805e-02,3.396160047097397605e+00,4.582942534744070064e-26
-4.034600486040794086e-25,3.053787196238597762e-02,5.701436129651077600e+00,1.029407209350210159e-26
-9.988061909380845237e-24,-5.380756385229676711e-03,2.586247272856883939e+00,4.566669424126966949e-26
1.094322492827863994e-25,1.617701194163015041e-02,4.662075241016380711e-01,-1.581360791589521365e-27
-9.076488158941646248e-24,4.682820715463550248e-02,3.525691926303808899e+00,-3.940660103983341151e-25
-3.271605931333367303e-24,2.000599536747004088e-03,4.491192482402464492e+00,-1.435992213014721935e-27
-9.777092490934320012e-24,-1.766127321947760787e-02,1.031028882489321452e+00,-8.874445078774798119e-26
-1.622456464593231740e-24,2.559464187350539432e-02,3.446536749230916463e+00,-3.961032891712330423e-26
-9.611124065369460465e-25,-3.017457176998221934e-03,2.999586949000150771e+00,2.870923321036538828e-27
-3.989687209048876884e-25,6.756394656376420171e-02,2.720316264785638261e+00,-2.459908585183742683e-26
-3.478627523695544257e-24,-3.702494030951230912e-03,1.483150384677437650e+00,-1.127399762794800020e-27
1.473080638179717467e-24,-8.132546941214107566e-03,1.837396127322465045e+00,-3.156138575912044275e-27
2.884715706569598786e-25,5.785286944392202188e-03,3.261052078746283556e+00,1.656996967521261173e-27
-3.870892252857123880e-25,-6.175726435747323079e-03,3.488432517220227069e+00,2.248203365779048944e-27
-1.272285224551134038e-25,7.918020374743820616e-03,2.001419024286633430e+00,-4.205249430045482794e-28
2.849584452469820528e-24,3.487437000579869661e-02,2.690636014799272058e+00,8.944275581058400414e-26
-4.756973569770607823e-25,-1.112731429065144315e-02,3.616594906302084134e+00,4.707229015174147875e-27
1.748366458759221173e-24,-1.936335805574469077e-03,2.332608214951009895e+00,-2.336733911793052312e-27
2.517246858939790706e-25,-1.558649911515274560e-03,3.669344550642919867e+00,-3.389679702208948915e-28
5.332646880080254808e-24,2.685951303643553667e-02,4.047461929753907839e+00,8.837457532863533421e-26
1.714673883717237577e-25,-2.334469807418683603e-03,2.647697584134784954e-01,3.863366053632337393e-28
3.748011389412790898e-25,-3.449950248000819772e-03,2.643846508984572186e+00,-1.136148315676630306e-27
-1.005198886163699505e-25,9.574237886147564380e-03,2.008707411465042725e+00,-4.081049228704809348e-28
-6.702604650722188971e-24,-1.340343511977568416e-02,9.547501811901293323e-01,-5.190949225101891997e-26
1.022121658173314495e-25,1.858006425382787959e-03,1.876269696647113960e+00,5.711467802189869136e-29
1.182045793856413703e-25,2.379937896702921489e-03,6.024727185458661260e+00,-2.719755897317390379e-28
1.481971513540060085e-24,4.830709094746001020e-02,4.159763707739076999e+00,3.757913551360369465e-26
7.945235829589600959e-24,-1.880750354807334164e-03,1.338509325642522452e+00,3.439935087690111495e-27
4.674704998568761749e-24,-2.195525607434892917e-02,5.391451694101444758e+00,6.446093126567016104e-26
4.502365111879149225e-25,-1.741171707267507055e-03,6.029165061747887577e-01,6.457191107390180270e-28
-1.017781962590790122e-25,3.401118963705826361e-03,3.630498753851310934e+00,-3.056061510786623223e-28
1.388007627864262432e-25,-8.277529435523863985e-03,2.667189761149308946e+00,-1.022046341384414331e-27
8.649145469897027769e-25,-1.696861596770425987e-02,2.332024197470484506e+00,-1.012394306593919775e-26
6.100366611891247682e-24,-1.396245934334710420e-02,3.544947759776781115e+00,-7.834067513824011402e-26
2.351129112323058434e-25,2.014269872974538272e-02,5.309769946752478376e+00,-2.663792650074789217e-27
2.213906458372016442e-25,-2.807541494223988326e-03,3.684514327436748893e+00,-5.321843973995048129e-28
2.931227202990051867e-24,1.681922031841715653e-02,3.148264689007438388e+00,4.929985879242102778e-26
1.429914563254736228e-24,-2.255500299159105167e-03,1.806415416838818233e+00,-7.529004945623184181e-28
-7.044293829738626690e-25,-1.792418823711193704e-03,1.339103884480571161e+00,-2.899320735549646332e-28
-1.095221811085331709e-25,1.298950916811167366e-02,3.677758758175794451e+00,-1.223005394806495337e-27
1.562459398315337792e-25,-1.125216657421300795e-02,2.894837352751344017e+00,-1.704852456149336873e-27
4.731583134660192319e-24,-2.247918339600069385e-02,8.658561384977042641e-01,6.892140993821092027e-26
-4.351664044119193945e-24,5.443188112670525186e-02,2.579112739494225370e-01,2.290347714037464739e-25
1.502496689916471111e-24,2.590424434874798176e-02,5.418402526721623147e+00,-2.525218280541490699e-26
2.509367208916721660e-24,-8.459880226998656161e-02,9.745784091208395394e-02,2.112820921316286644e-25
7.092664095735758243e-24,1.427266277332993848e-02,3.026727015579160796e+00,1.005641087080737495e-25
-5.379156239155005518e-24,-8.757677565782939766e-03,3.494748888510982976e+00,4.420162543153247657e-26
-3.049194218522049087e-24,-2.568199607541065896e-02,3.119291151006307050e+00,7.828992089704796511e-26
2.339908107007468867e-25,2.212736153338627689e-03,5.561035630612708225e+00,-3.885200742065937064e-28
-7.293131454071902230e-24,3.178378163544107876e-02,4.453124788694565517e+00,-5.942727338039928694e-26
2.205888567827865702e-24,7.267031413653114551e-03,4.167547285721521888e+00,8.308207426069128476e-27
1.112035771839803065e-24,1.617815403162228523e-03,4.085744989346830280e+00,1.055027255683404187e-27
2.512850981753007506e-25,-1.133919218005908190e-02,1.111816953487478221e+00,1.262365919227116736e-27
-5.923636291302739725e-24,-2.177367453858948879e-02,5.259177317250441241e+00,-6.706235263569469872e-26
6.891236552388456924e-25,1.212376535539826713e-03,3.417247313139236908e+00,8.039357576267792431e-28
-2.188832637037092555e-24,-1.452363455220047773e-03,4.083368331766083159e+00,1.870363154508662981e-27
-2.095448560706716719e-24,-1.534214759348974041e-02,3.218422906200196110e+00,3.205384273102636547e-26
-4.764256346366535141e-24,-1.334465934626045567e-03,5.040623717093239975e+00,-2.049559895421690925e-27
8.174324016919131507e-24,-6.237958264935635974e-03,4.993856441854286565e+00,1.416357445920546819e-26
-1.153524576342932759e-24,9.771799053003037139e-03,4.920012562781716170e+00,2.323557023087214364e-27
1.553418171596236986e-25,2.224640021470277937e-02,3.138216064128345195e-01,-3.287017926456980822e-27
2.779445495964980130e-25,3.742429142812034315e-02,1.698339571189195540e+00,1.323095232681620949e-27
3.928843126448130702e-25,2.232425418682833576e-02,5.520239645033480080e+00,-6.339600887838640246e-27
-2.777962486934516527e-24,-3.821908560779741382e-03,2.360058099505669915e+00,7.536386262231831050e-27
-6.915229952225453414e-24,-1.933462653803319498e-02,3.112316408876628859e+00,1.336460941561335275e-25
-2.230025634205940586e-25,2.437196185643107638e-02,2.474361800238165987e+00,-4.269408273002912643e-27
4.765039859968590800e-24,5.391273482002308798e-02,1.719647045254647288e+00,3.809815164785181934e-26
-4.747291724854587979e-24,-3.092457950281228118e-03,3.867467995938251413e+00,1.098004436094059848e-26
-7.016746419674251747e-24,1.650515942058422992e-03,2.294325941834855165e+00,-7.667184138699537222e-27
-2.628350456528210807e-25,-4.072658628012673816e-03,3.172766926629436490e+00,1.069917314111643217e-27
-4.076125701076728907e-24,1.018708471002817417e-02,4.170363842981098523e-01,3.796496976825726595e-26
-2.990426086341587621e-24,-3.909357763293042770e-02,5.636661395498714811e+00,-9.331270542659728850e-26
-2.960006378810339855e-25,-3.631838007460048284e-02,6.237759468817744235e+00,-1.073917395501710668e-26
-1.940550937552456807e-24,1.781792302962606749e-03,2.037239095130952915e+00,-1.554950314921831222e-27
-1.076948450586682212e-24,2.932175443512090654e-02,3.279545403978574303e+00,-3.127801422055192049e-26
-3.245923472711781863e-25,-1.332464305828293680e-03,2.747019986381764589e+00,3.992742221773217831e-28
-1.885037314151730347e-25,1.842779362761999377e-03,4.521193573355509088e+00,-6.601179257779725228e-29
1.511256705033469020e-24,-4.838754922460390857e-03,1.073557491959189703e+00,3.488114713586483515e-27
-5.355705320697347446e-25,-4.865201688901574228e-02,2.692291825662930169e-02,-2.604714366786024487e-26
-5.058664030976700414e-25,4.458117893987123548e-02,2.006057342501264884e+00,-9.509036137297136315e-27
-2.294002128632990798e-24,6.414676066950467104e-03,3.924070034212615354e+00,-1.043562178570964871e-26
-4.170941626822534170e-25,-2.583308360057128689e-02,4.571135962666453167e+00,1.516920883751576895e-27
-2.027347887748555420e-24,3.318468924583136380e-03,1.864054166298831694e+00,-1.944790492553804262e-27
1.216772198577814784e-25,-8.876678560299304521e-02,1.545658852608174261e+00,2.714786435484092449e-28
2.266497642136540787e-24,-3.561457197320174600e-02,3.517688816944683161e+00,-7.507844088480430060e-26
-5.745751285387478071e-25,-1.023762243382431679e-02,1.058559328452820081e+00,-2.883073782380287538e-27
8.476351324779111637e-24,-4.762621173232023386e-02,5.249314005146609396e+00,2.064891998038294170e-25
-1.763166513878574051e-24,5.835136222566336336e-03,7.234110360271154283e-01,7.711630227601834713e-27
1.593105036337861857e-24,-2.135722435600795072e-03,5.235195910572452149e+00,1.698881306555599805e-27
2.791602509456916361e-24,-1.350398450304003553e-03,2.818518851971639760e-01,3.621027937102680078e-27
-9.232385123229985213e-24,-5.122019098067978615e-02,9.897682414675725848e-01,-2.595585637269176057e-25
-3.068986213432498629e-25,1.134589709478843987e-02,4.130862592424782598e+00,-1.912684893096354059e-27
2.470510304867190994e-25,1.606643531670492401e-03,5.168761415461856856e+00,-1.749218377999398469e-28
8.402710966447640277e-25,1.390685440033356769e-03,2.283956448765029457e+00,7.644988125702782732e-28
-2.275827331878686960e-25,-6.033806675190965703e-03,6.165189764181753240e-01,-1.120380566221805237e-27
-3.662417646443206838e-25,2.446002949001043619e-03,1.521878700701662313e+00,4.380432547109964120e-29
-4.368461722359505873e-25,-3.197296615560232640e-03,3.240877920496344267e+00,1.389848279233098941e-27
-1.007316297953612372e-24,3.825435625037183329e-03,4.786751665024355340e+00,2.862869055071949952e-28
-8.015052851028056705e-25,-1.184658909280437294e-03,4.842169683910753974e+00,-1.228824933920743910e-28
3.686419835673386557e-24,-8.510545057234977784e-02,1.653208372574654028e+00,-2.582623808945424607e-26
6.046334846941783420e-24,7.437502616664272426e-02,1.018535121966094747e+00,-2.359168119923045650e-25
-5.872042125062405667e-24,2.219002677334636076e-02,2.573784922305674350e+00,-1.098542314681817632e-25
5.713466073438450182e-24,1.523775386933786877e-02,2.103882425417383573e+00,4.424353614445593810e-26
-2.029202276390032869e-24,-3.497387716705212344e-03,2.944752124403398508e+00,6.959861404997024193e-27
7.529323432681731874e-24,-7.826555455698709640e-02,1.900072681569327626e+00,-1.905507633575573151e-25
1.867677191330215016e-25,1.409831898636162723e-03,1.883651211760737354e+00,8.104088409531321849e-29
6.088617061777735078e-25,-3.219501767300516574e-03,2.190190792674543696e-01,1.913403462304406526e-27
-3.358775525753410873e-25,-2.163925629221453290e-03,1.478489848659385875e-01,-7.188846730894862878e-28
5.007913613316308262e-24,-2.635455957962971191e-02,1.289164581895391404e+00,3.668071786409379889e-26
4.013385122209172962e-24,-1.859489471243598938e-02,1.761654403607684882e+00,-1.415713046568925526e-26
-2.499455461042968292e-24,2.944394013432352370e-03,2.526186198901332780e+00,-6.009221228525052993e-27
-3.969864872419266046e-24,-1.896332181194038862e-03,1.355372312574791405e+00,-1.609236798147591198e-27
6.980075536095808954e-25,-1.065511470719341866e-02,7.131780236383770087e-03,7.437161410661415605e-27
-5.904412767942062168e-25,2.353191863881593134e-03,4.479991030483921222e+00,-3.200000097432922380e-28
2.163509202637680457e-25,5.716748972230380199e-03,4.905906372730286513e+00,-2.378558477014377474e-28
5.696478148946185523e-24,-6.499732754250709017e-03,4.004611375069558221e+00,-2.407206538289142193e-26
-4.256468850204240358e-25,4.918606705576542698e-02,4.903748032098784293e+00,3.981867499771176434e-27
1.984219793760330309e-25,-7.184224834465950671e-02,6.124342081401525029e+00,1.407562273440811235e-26
-7.222400983924531400e-25,-1.989561585935410715e-02,2.476631766539261759e-01,-1.393097084965784579e-26
-3.260093656046859647e-24,3.212024045132675504e-02,5.179394426176996191e+00,4.714419831504379262e-26
-1.394811139157735203e-25,1.286878221962022527e-02,3.756833329336429550e+00,-1.465819907001678036e-27
5.070112544952912262e-25,-1.028089388256636476e-02,3.250166858165463024e-01,4.939629030362976058e-27
1.142523346752816834e-24,2.454836335629706837e-02,3.475824592726019180e+00,2.649502434992437148e-26
-2.315308520380199716e-24,-7.042270313451493707e-03,9.325934116013006037e-01,-9.713770332611279615e-27
2.001556647077759157e-24,-2.237708932779768067e-03,2.243621970966914958e+00,-2.791243634188928754e-27
-2.163112893248873417e-25,2.915101923214304808e-02,5.228795687984052698e+00,3.113490970470244715e-27
2.327133531736184196e-24,-2.099297329609469461e-03,5.319861645500835179e-01,4.210196837019005347e-27
1.941779140664642294e-25,-3.245246711356233188e-02,1.780859349634707156e+00,-1.314009390289268494e-27
2.091265331105061235e-25,4.137445190995373001e-02,4.652663337932676946e+00,5.164686821549273219e-28
2.194083395376452843e-24,5.351946355190513940e-03,7.721605139134433138e-01,-8.412469095689669035e-27
-9.733502222086624508e-25,1.685323262112588651e-03,2.556216983505827489e+00,-1.367289061493812454e-27
-5.859011814911419511e-24,-3.277286297647755749e-03,1.436130582252555854e+00,-2.577997269344045845e-27
-3.274530796370292175e-25,-2.466617683147090401e-02,8.179919632748532399e-01,-5.522158606796633328e-27
2.553102083037802686e-24,-1.998863011584369777e-03,6.120043994165081713e+00,5.035539402701232113e-27
9.420936867826101225e-25,-3.427677561435767302e-03,2.701964753931560548e+00,-2.922129691083047653e-27
6.669401296041641835e-24,3.963031736090398549e-02,3.351151846781647237e+00,2.585280927945713339e-25
-1.158674432474978988e-24,-2.362901222721817268e-02,5.029225072155633747e+00,-8.530039694047624692e-27
-1.181289966177605486e-25,9.352526441011047020e-03,2.581274221632352539e+00,-9.358643923321393529e-28
-1.522553102211191016e-24,5.622363996369525441e-02,1.654932049768437219e+00,-7.193816161118012280e-27
1.097619486877385482e-24,-2.536804924380617332e-02,3.036385032813723850e+00,-2.769050705276084560e-26
7.963387005399251595e-24,-4.085083702850243921e-03,2.107869857105578060e+00,-1.664368415826890540e-26
-9.325948549883338716e-25,-4.143138295874293497e-02,3.358727809093582373e-01,-3.647968049686538934e-26
6.066130972120147752e-24,-2.232755859037834426e-02,2.486417150050930502e-01,1.312767277041381456e-25
-4.174584459525048096e-24,-1.045610731807110859e-02,3.235544415763956128e+00,4.345739738403569250e-26
-6.236786328943984329e-25,2.858599634179025128e-03,1.688011993425270418e+00,-2.084994463781970058e-28
1.171252272067325683e-25,2.088070631055559401e-03,3.872032032815783342e+00,1.821724569468896041e-28
1.144083106530167846e-25,3.659329479563062232e-03,3.049856238868042357e+00,4.168973173921290877e-28
2.325901317798639657e-24,1.153004130385809579e-03,3.305433243195995963e-02,-2.680308921529706366e-27
5.865628264637151940e-25,3.867704215045639909e-02,3.598526958523959873e-01,-2.123341448733649026e-26
2.700260959464130213e-24,-1.487485824874721892e-03,1.165679223182854995e+00,1.583048010406209301e-27
4.378641208789348911e-25,-5.475490967014952359e-02,6.013376318750594862e+00,2.310783109122527727e-26
-1.662867558040699150e-24,-2.184841653774615214e-02,5.747761010676952331e+00,-3.124657732686104380e-26
2.915692120473615756e-25,-1.140715362557591719e-02,1.028194260611972499e+00,1.717420511331882576e-27
9.450048222949704246e-25,1.799664376203339829e-03,4.035706190156904682e+00,1.064990368627478700e-27
9.651395081749881342e-24,-5.307025126382168556e-03,2.661031547868669467e+00,-4.541877531687779982e-26
-1.288645986627838423e-24,3.767298495154783322e-02,3.777810491132866932e+00,-3.904882992238856552e-26
5.158380664220024994e-25,-1.546182177899829745e-03,2.316293620203451614e-02,7.973656751963438724e-28
-1.989893375463013347e-24,-2.149456929535040195e-03,4.572815504021507493e+00,5.950459014321652658e-28
-3.808177008614635825e-25,-3.096313394037955753e-03,4.319809286198813325e+00,4.511038173553312250e-28
-2.715738198137735300e-25,6.557708176629082654e-03,5.709827638956098461e+00,1.496107740210103566e-27
-1.553795590135196404e-25,-7.427959685333249129e-02,1.662434187857491308e+00,1.056161579290153200e-27
1.609298676931289403e-25,-1.582252725728231337e-03,5.362871944333472030e+00,1.541975392787733522e-28
6.977057326810540032e-25,-8.248954960364330777e-03,2.159651578704190555e+00,-3.196571928728088280e-27
-7.642085691551578875e-25,-1.179920198556745148e-03,1.669049825481227600e+00,8.845320550382366116e-29
4.223632261385090684e-24,1.728979790777798991e-03,2.324582600924110842e+00,4.997913187545863803e-27
-8.683388212850171030e-24,-1.104928348961727383e-02,1.867632911315793898e+00,2.806365070793878148e-26
4.759110429551357221e-25,5.717166040721056997e-02,4.263163469818214146e+00,1.181583541969819785e-26
-1.283750323382326638e-25,7.005369590965089370e-03,5.941894982100309974e+00,8.474452988828825555e-28
1.139984518761962950e-25,-2.383154827329527110e-03,4.409698245327418498e+00,-8.098380327706720430e-29
-2.836978314139275882e-24,-9.658070068821189569e-03,8.148011355503425035e-01,-1.879657734378488876e-26
-7.955962685513204089e-25,2.669309232537998323e-03,5.577387894721530515e+00,1.616330781018803580e-27
3.785641355529557523e-24,-8.925132366838154155e-03,5.499460997641204330e+00,2.393122143611705814e-26
8.725681187804761456e-25,3.320723421877194888e-03,6.106190890405088112e+00,-2.852289825075930497e-27
1.542332347744595280e-25,4.600690327134285967e-03,5.808855134132452136e+00,-6.312409818414405672e-28
-3.846153799905839994e-25,1.184943682979941416e-03,6.206881884394679361e+00,4.544214789347280828e-28
-2.516470608994966034e-25,1.784851992431695043e-03,5.620733454018304265e+00,3.541509247586670859e-28
8.471215472636385348e-25,9.979947998198078485e-02,2.115810509895964753e+00,4.382927785067721802e-26
2.637785287097132652e-24,4.719979255266824186e-03,6.650837901623443127e-01,-9.796699866799054413e-27
7.931651831216250124e-24,3.343925825106153910e-02,1.682156887180146665e+00,2.947499138984322651e-26
1.249056129879535732e-25,2.967202657910670335e-03,1.461908584135171552e+00,-4.027630440388464326e-29
-7.899622459684769060e-24,2.151785105158170175e-02,5.991160233316362493e+00,1.627863056771236074e-25
3.114187416014297377e-24,6.830013650110770829e-02,4.379731521996285792e+00,6.945826286240301082e-26
1.959614744999225974e-24,5.274356481516134267e-03,4.057533651798756580e+00,6.294905396245282257e-27
1.237727173164148775e-24,6.145034778865691300e-02,1.869598698805444492e+00,2.238986422675002826e-26
-2.330600106436710987e-24,2.037348010836978474e-03,4.512884341817964717e+00,-9.410250297811544164e-28
1.955614412541061374e-25,3.375928239117222812e-02,1.768621240435552522e-01,-6.499026601967314316e-27
9.518707540065523419e-24,-6.404071733972654251e-03,2.573413342985729102e+00,-5.138081548496246185e-26
-1.502949357720075139e-25,-2.809214226401053269e-03,4.178901024665343300e+00,2.147108853156306726e-28
1.484378398749581475e-24,5.946360839231210060e-02,5.682915537502339021e+00,-7.283603488966011127e-26
6.621407714816818713e-25,1.802272354634614155e-03,5.552780426882003795e+00,-8.889375575103302053e-28
-1.114818801643537446e-24,-6.056673543302520946e-02,8.286983796372994204e-01,-4.563305828661607092e-26
-3.640399756027679649e-24,-1.223280392203039170e-02,6.046911340002894875e+00,-4.329505196596169761e-26
-2.153332353251344921e-25,-6.931056648103818552e-02,4.236953762722035499e+00,6.831492007756688071e-27
2.178892679718860449e-24,-4.590069515601571254e-02,3.624928554164186245e+00,-8.855618926464664827e-26
-6.606444906025430339e-25,5.038918087726339083e-03,3.791454366192351877e+00,-2.650388576451912093e-27
6.100361518121605549e-25,5.757482299692679578e-02,4.216782812449103579e-01,-3.204608942411002437e-26
4.462416579000662004e-24,-7.461542646065728868e-02,3.201295786849508995e-01,3.160487064910658157e-25
-8.147293203407056115e-24,5.270272525853329955e-03,1.036939073894846963e+00,2.184956102893152357e-26
2.030392384821678948e-25,-3.563497402013884180e-02,5.236572253389292442e+00,3.621310808631422339e-27
1.051226291045984751e-25,-8.797347352193110592e-02,1.198577018493387270e+00,3.363347530517314956e-27
5.766733765829966830e-24,5.889675471912117488e-02,5.697868921724107416e+00,-2.831042080731339473e-25
-3.323849197878386172e-25,8.149227967505589740e-03,2.250693572342950421e+00,-1.702982962818589388e-27
-2.891389354337931166e-24,5.451622177680499198e-02,9.545953204786111757e-01,9.109915980214380088e-26
-1.099707640469746806e-25,3.783017417357582846e-02,1.644739134060418717e+00,-3.073375975977122842e-28
-4.097097362384719343e-24,3.726813402973369604e-02,1.750660129732080739e+00,-2.731577532678955608e-26
-2.465891495198614113e-24,-4.208949084560898585e-02,2.554195344806107215e-01,-1.004209595635709584e-25
5.821307596996124320e-24,-4.784951871424380533e-03,1.654796838988859875e+00,-2.337056432063716716e-27
-1.968489144279379302e-25,-1.157475905091217075e-03,2.123162610849481435e+00,1.195524817376387561e-28
-5.430530031005532674e-25,4.559847391301213165e-02,3.783902732301286598e+00,-1.982759215087065328e-26
-1.507588242780617074e-25,1.551996648475791052e-02,1.635566146227797280e+00,-1.514406661009383404e-28
1.702610892901236312e-25,-1.060801104295741419e-03,6.263431188505501623e+00,1.805779127814970733e-28
3.163093886448996490e-25,-8.877620076336131816e-02,1.200938844392386073e+00,1.015069974108585409e-26
6.517344956590708369e-25,1.128119507570751572e-02,2.672970424193597427e+00,6.559698183305084384e-27
3.033959512424361827e-24,9.197492243618498459e-03,1.201868463779367291e+00,-1.006291423993946343e-26
2.218461876700205655e-25,-1.537675631755307595e-02,3.872199859070118322e+00,-2.540612850878079076e-27
1.060012144889713344e-25,8.049646685774017318e-02,2.628850610983105796e+00,7.435437442006950858e-27
2.789825828675402072e-24,-1.656096111569389491e-03,6.021595159842594747e+00,4.463039650179422308e-27
-3.706055477883217618e-24,5.501102458514923847e-03,2.405605029512344117e+00,-1.511048385327275984e-26
-1.039157491685311747e-24,3.271297651541053148e-02,1.563808872452312260e+00,2.375291332059754134e-28
-4.592000035504573555e-24,-5.791992581095580656e-03,2.027979343388454370e-01,-2.605177807000442406e-26
-1.191657258012391471e-25,2.875030119336238147e-03,4.675880350881600478e+00,-1.250526243366932025e-29
-1.032931090504544110e-24,-1.635999626360352954e-02,4.760748232352189468e+00,-8.168923635907558253e-28
1.030966738375608372e-24,-3.048189258704799703e-02,5.303952084069750939e+00,1.752489583834250796e-26
9.923702287248025846e-24,5.074149214189528634e-02,9.449479832994833739e-02,-5.012969969951554185e-25
3.930308954693569282e-24,-6.197519253840825387e-03,2.506809046279279585e+00,-1.961319569523291338e-26
-9.285240312161333256e-24,-5.708565856926879796e-03,2.791969951591366961e+00,4.979868587214631862e-26
-1.225840986786972467e-25,-5.648093184290915725e-02,1.675492210660281645e+00,7.235555995551379984e-28
1.386693362553106838e-25,3.611659777492853222e-03,4.955275859124077087e+00,-1.204516528713281685e-28
7.994147316639711661e-24,-1.302954270096866318e-02,3.512488055389527020e+00,-9.707752943227501417e-26
-9.798050285600054794e-25,-3.354090213353527229e-03,9.823727706006787352e-01,-1.824092358825380557e-27
-1.698709476491053578e-25,5.931005597340358038e-02,6.027741241744078771e+00,9.748131822400853551e-27
-4.947448097158692838e-25,-4.800637663417562165e-03,5.465257809108678089e+00,-1.623932649229441941e-27
-4.588449359882034695e-24,-1.648938328229347531e-03,2.867597963634670455e-01,-7.257112476138709532e-27
3.577678384838232010e-24,1.447671548813314786e-02,3.189389800345041603e+00,5.173388101572165470e-26
-1.716968231745336228e-25,2.689448641236564033e-02,2.124875862952502636e+00,-2.429651491672628127e-27
1.098879280888709901e-25,-1.533760815545735269e-02,3.037478906802422607e+00,-1.676291541199435434e-27
-1.384512666550051308e-25,1.126030179942433436e-03,1.170151212030407395e+00,6.080305999336404952e-29
-1.986921619077662791e-24,-6.166523743665826111e-03,2.924358227523329745e+00,1.196443422173253398e-26
-3.791411797625793518e-25,-2.399145789781989210e-02,4.320234175120229447e-01,-8.260398931063995791e-27
1.430791420684794308e-24,-2.755848872819577008e-02,5.686319709533778521e+00,3.261297876171504243e-26
7.333491334833288888e-24,3.016796787128842375e-02,5.266802537089890102e+00,-1.164688193554119278e-25
-2.624969659546068647e-24,3.625776444240726842e-02,4.327940572207181091e+00,-3.569537994036830147e-26
-4.274953966770040730e-25,-5.022843507477251987e-03,1.581979402335794427e-01,-2.120429390997925481e-27
5.589042158458165343e-25,-9.424165589873597856e-03,2.490641780952455253e+00,-4.190104327748344227e-27
2.175536324152490065e-25,-9.794125020999940034e-02,1.434993581437366439e+00,2.884727575557863956e-27
-6.612553461839551878e-24,-7.622014481046837653e-02,2.883845287707696325e+00,4.873606428997256491e-25
-1.697969231669969786e-24,-9.431585695526429128e-03,2.432582501202580350e+00,1.215514524369406100e-26
-1.374002738149165411e-24,8.786422532586522088e-03,1.159992476553333374e+00,4.821137141399134382e-27
5.811738516576945793e-25,9.021994025450204291e-02,1.721360446631642560e+00,7.864805236643861516e-27
-2.750612679240466388e-25,-9.978428981486815730e-02,2.170357097575683181e+00,1.548767396848592978e-26
-4.792002468124161803e-25,-3.940183619522268782e-02,9.939629859515479726e-01,-1.029737789649884062e-26
8.839258787756797009e-25,-4.079363893993875889e-02,1.927065162076818661e+00,-1.257649510191804545e-26
1.112856758552255634e-24,-5.242351018072873188e-03,5.748222697441902618e+00,5.018906144255024112e-27
-2.230199607858406553e-24,-1.093072509416790489e-02,4.533294651951440990e+00,4.342605746986011050e-27
-2.249731312312757788e-24,-5.210089712085409774e-02,3.004318439996324308e+00,1.161103594863861602e-25
3.168535432177269649e-24,4.673514852335791669e-02,2.347139130172914423e-01,-1.440217017739369784e-25
1.355181047479971315e-25,-5.297076595391096189e-03,3.602649277233643144e+00,-6.428939966985285120e-28
5.648357892123496672e-24,-3.431817937235446397e-02,1.666882378831694433e+00,-1.859680416012104859e-26
4.107335851286878471e-25,-1.498307469522942815e-03,4.086069736959898474e-02,6.148915308460095489e-28
-9.133853065596217282e-25,1.415887351617217552e-03,5.639696163106949989e+00,1.034609846124603754e-27
-1.018835081252948576e-24,-2.971396943514155453e-02,4.282268279961104263e+00,1.262351559710103453e-26
-3.653796570590761087e-24,3.994307885005314585e-02,1.136242165144657923e+00,6.144325718433869036e-26
-6.281534115503323271e-24,5.825154745560980063e-02,3.772727514379336622e+00,-2.954197681395940880e-25
-3.195394846874251426e-24,-3.778655744372712288e-02,4.472312770512255620e-01,-1.088676520453946040e-25
5.234792212753238888e-24,-1.599979627520618222e-03,8.310576634769066828e-01,5.645922881095504397e-27
2.491876425733194428e-25,-8.358090151127503531e-02,5.898513419695358806e+00,1.930530019468048024e-26
1.345061028270540998e-25,3.172458946202371538e-02,1.784170320121792885e+00,9.036058000776762138e-28
-5.755116257759778614e-25,2.948118788141061361e-02,2.749401812403440726e+00,-1.567854611013103960e-26
2.391270875724180798e-25,-4.590037964916858504e-02,3.349357167333264051e+00,-1.073997899559292380e-26
1.277871113479058345e-24,1.791836184591730566e-02,5.970925520017159371e+00,-2.179008137650020777e-26
-1.297148129636155897e-25,-1.639482683821727590e-03,5.432954711546688742e+00,-1.403185946412127024e-28
2.284485238662720770e-25,1.828556217639591697e-02,5.409959411065792700e+00,-2.683326418842634987e-27
-1.106808104854599179e-24,-1.234413250244488156e-02,5.653716940004500202e+00,-1.104402292312714535e-26
1.223333867728213462e-25,2.140873427052456934e-03,4.952175616811649306e+00,-6.220010868868277327e-29
-3.318405554432378649e-25,-3.161030547018758158e-02,9.135652228444204326e-01,-6.408369478966145661e-27
-7.741551494669319602e-24,2.446025368240775221e-03,4.620011010158925124e+00,-1.746785243671612813e-27
-4.815618949606261801e-24,2.317135750196452210e-02,4.076207563693609259e+00,-6.629545834321314591e-26
1.672623861808248905e-24,-7.299824998560303091e-02,4.739600622055307078e+00,3.322093731860686326e-27
3.667889716240890310e-24,-1.444857802936685108e-02,1.609815012210599194e+00,-2.067301431951281560e-27
1.511386161349642126e-24,2.080882340642302430e-02,5.424100999617081698e+00,-2.054108406773030569e-26
3.540109150924579517e-25,-4.391617234024760945e-03,5.548231578881065218e+00,1.153357998223442217e-27
-8.721769036479255657e-24,-2.441686754463716011e-02,2.640528765692911950e+00,1.867797461540394866e-25
1.327464145880409405e-25,-2.185599876972617664e-03,3.273130109627030659e+00,-2.876242300222922769e-28
-1.402334073109210235e-25,2.183073370746067832e-02,6.241304292642055884e-01,2.484237661460429821e-27
-1.402593044710954129e-25,-1.318526589347771309e-03,6.162432107396282888e+00,-1.835889557367449032e-28
-9.440045254660279261e-25,2.171234745641134525e-03,1.164690491634323699e+00,8.096854158777523279e-28
-5.999524064884746411e-24,3.777008551334751826e-03,5.363679976039030350e+00,1.373695491895584815e-26
8.154411950682156088e-24,3.107578121080022820e-02,5.961664910560052988e+00,-2.404192641128146641e-25
-5.360797237044410948e-25,2.530809355916815648e-02,4.431711961721033433e+00,-3.758186784493606639e-27
-8.240072727223468461e-25,-6.068624907717644866e-03,1.436730776343646543e+00,-6.684005289339841554e-28
-1.093873564360164377e-24,8.134082592039157400e-02,1.191712959114957782e+00,3.292747988010059919e-26
6.485725201796133878e-25,9.492207426693754016e-03,3.786391772909958764e+00,4.920309135158584224e-27
-5.145385935071228266e-24,1.640957142226111970e-02,2.880257674879695418e-01,8.095546710837170670e-26
-8.852863369441515848e-24,-1.086196045204959777e-03,1.800423887436926718e+00,2.188732170344325193e-27
-7.513740968409820383e-24,-3.648370652661401658e-03,6.398946683681359104e-01,-2.198950470728207761e-26
1.453340228913542813e-24,8.658448116447267640e-02,3.521739300452817023e+00,1.168532560741525412e-25
-2.921061551465890722e-24,1.701726130009105498e-02,4.603779068486267612e+00,-5.388224349573962944e-27
-1.677670816819568514e-25,-5.945021429538504577e-03,1.057058796769229758e+00,-4.901476340962420211e-28
1.900401924998021044e-24,5.753558759040030245e-03,1.894470671899195713e+00,3.477606858567359939e-27
-4.590125239050426184e-25,-5.657789814614659456e-03,5.972379033086030908e+00,-2.472567272632127698e-27
3.456724822465594363e-24,-2.442961803853810343e-03,1.104485395052831276e+00,3.796663799608839346e-27
7.594670758068274633e-24,-1.355903949200471578e-03,5.249151456968476737e+00,5.265766717871430581e-27
2.207461513698276788e-24,-5.150633700203244292e-02,5.817039666844419088e+00,1.015674767337288630e-25
-3.408254630201269375e-25,7.655670662939343882e-03,3.727733026196013100e+00,-2.173716683193341225e-27
-1.063628088131182993e-25,1.056862536246963927e-03,4.654987710704745041e+00,-6.448983714967980641e-30
-3.215396510748690407e-24,-1.240679983952547305e-02,1.559011918414966003e+00,-4.701019408321664028e-28
-1.997148065154257247e-25,9.836750982030785517e-02,1.517360071666323362e+00,1.049279657231936054e-27
4.722992352627514255e-25,-4.948675516925170673e-03,2.469426858652788770e+00,-1.828843891267872290e-27
7.095351259201644873e-25,-7.295912650333210778e-03,5.306628713090688620e+00,2.898329035065793300e-27
1.195254095571082920e-24,-5.008295322921492432e-02,2.620936364201475577e+00,-5.192973390287254353e-26
2.524189437783112530e-25,6.129021266221462705e-02,6.173526856825772846e+00,-1.537788585655965495e-26
-9.221353334313553672e-24,-2.359045527200120083e-03,6.273491289891625300e+00,-2.175257021031907917e-26
2.328532590502773876e-24,-1.396503329451858656e-02,5.918435076679362528e-01,2.698716000585132323e-26
-3.926303702144405626e-25,-2.985098531753750239e-03,4.826926838263556618e+00,-1.339496620258395237e-28
-1.340023103686020111e-24,-1.268118832568194878e-03,4.100766609214284486e+00,9.757369767287692850e-28
3.934213593734946518e-24,4.572643665418445538e-03,3.797081191556822333e+00,1.426138400355363567e-26
1.140125335653627729e-24,4.312047943175501517e-03,1.154209780659239543e-01,-4.883564133558268543e-27
3.556023132216119658e-24,3.226499669111665674e-03,3.802876640580540979e+00,9.054941956052133458e-27
-1.040797005328294231e-24,4.430258936638712536e-02,8.606218714174266315e-01,3.006215661770849008e-26
1.078762593423432067e-25,-7.915907173784340889e-03,1.642674854467091272e+00,-6.132699914593117379e-29
-2.690251688437743347e-25,-2.416288473411133588e-03,5.253839882020410634e+00,-3.350187952405767079e-28
3.122715988364276066e-25,1.755047791471268243e-02,1.122513117229663182e+00,-2.375359758627276126e-27
9.520979906062239263e-25,-4.272194972097472822e-03,5.811767480269040220e+00,3.623881553660215431e-27
1.505911829445927338e-24,-1.049538350267381105e-02,3.858912824086390359e+00,-1.191026695747794467e-26
-3.741058076327268468e-25,-1.673744983401292269e-02,5.262461299332722220e+00,-3.273232469757040229e-27
-2.785755300537704160e-24,-7.182948923187217061e-02,5.260852411440400944e-01,-1.730418411374528337e-25
1.263603860742582646e-24,4.373720939381555567e-02,5.116052979752271357e-01,-4.819016730378832133e-26
7.064860830205056041e-25,2.063411029982573086e-02,3.750078469420325078e+00,1.196122394674098091e-26
-2.378945743948388254e-24,7.280583261825899696e-03,2.759345041168412838e+00,-1.607009588110037520e-26
1.141160097822297117e-25,7.841292138562159716e-03,5.465737348867211409e+00,-6.121307761641851680e-28
8.708743724817457365e-25,-4.500049440346225171e-02,2.480991447393592342e+00,-3.094516831643979190e-26
-1.374444829379236313e-25,2.231902227760055625e-03,6.212195472821450792e+00,3.059899983683132985e-28
-1.019418397013974676e-24,7.860853663877744035e-02,1.381195767700031496e+00,1.510277099150553077e-26
1.216529241778334865e-25,-1.837662059668465284e-02,4.087477039729625616e+00,-1.307866041666732648e-27
-2.397154634547161545e-24,-1.057138298796464135e-03,2.968707834979334770e+00,2.496346788055459340e-27
-6.524020266114253664e-25,2.949510420358606930e-02,4.103195309035722715e+00,-1.101077588880069547e-26
-1.735137767760434772e-25,1.913670569982109035e-02,4.294332676600459031e+00,-1.348065640103731263e-27
7.386054630818064702e-25,9.227831380054765664e-02,4.037297384330519989e+00,4.259616679988556857e-26
-9.790764913046679900e-24,-1.001200534674194943e-03,4.816884411539956723e+00,-1.022455334424054502e-27
1.305646638576544996e-24,-3.460580905635682325e-02,8.232250159977880788e-01,3.071807275170665029e-26
6.433267450085746757e-24,1.439564125215894892e-02,1.306250214702772361e+00,-2.421511175032747681e-26
-2.984681481821997051e-24,9.220422533116076277e-03,5.396791989814682111e+00,1.739845052382919296e-26
4.452370796685102776e-25,-1.388411673062753260e-02,2.804730505382079464e+00,-5.834288811143239508e-27
-3.385963710006095907e-25,-2.054258216261661135e-03,5.495116153715017049e+00,-4.905228397647382164e-28
6.029984700108212206e-24,1.617097100790661560e-02,4.786412186319335405e+00,-7.211465196612605039e-27
-8.772622723521746300e-25,-1.048898913814675119e-03,5.828048822854791311e+00,-8.264881701938365087e-28
7.766340204746187237e-25,2.085558336362403412e-02,5.765751641132127681e+00,-1.407680990924779871e-26
-4.035814982502013309e-25,-2.267557613933928774e-03,4.905762266456682674e+00,-1.758636418124297239e-28
7.594001492423029156e-24,6.639287911959836086e-02,3.837839606170680096e+00,3.868402602972613524e-25
2.179541537508460941e-25,1.885739842565273272e-02,1.855913085123749584e-01,-4.039467728737272708e-27
6.343225625950080936e-25,-3.755491675581592529e-03,5.299474993241187093e+00,1.319585648600252543e-27
2.280367139808120879e-25,1.596850389896865580e-03,6.208119406919247574e+00,-3.631150515356305606e-28
-1.027992008458734180e-25,4.838160371423091966e-02,3.924926596586736149e+00,-3.524111430465467664e-27
3.770864607362257475e-24,-5.423981324542717815e-03,4.968756564087649430e+00,5.186262359145279051e-27
1.567205019458380233e-25,6.755910796965962362e-02,5.570496903685381085e+00,-8.010874525664935791e-27
-8.833131067598417580e-25,1.376531662745374314e-02,1.645049777910542188e+00,-9.020245634608786983e-28
6.301027098532841798e-25,3.106872947061866102e-03,1.891835113995618434e+00,6.177409469872335142e-28
7.251534492071972089e-25,-8.759039971089128962e-03,4.892499339195262920e+00,1.137822468833093255e-27
3.642594833611771146e-24,-4.836740593443705598e-03,9.413702432685723265e-01,1.037154899759094194e-26
-8.103921872140875625e-25,-9.838511542106756491e-03,3.016563426765684230e+00,7.910815419752569036e-27
9.926412558796560943e-24,-1.936025957710485208e-03,7.921953248258255253e-02,1.915752103158368224e-26
1.123911604962486540e-24,3.295178242818618680e-03,6.191753439631802358e+00,-3.688019659999341132e-27
-7.852535081033924068e-24,1.013250733502703499e-03,6.067514985266650562e+00,7.772257980347154678e-27
6.046641624930824259e-25,-4.477322715484905596e-02,1.355397242017602144e+00,5.786460095593289616e-27
-7.539113063470750934e-24,-8.842704978569997445e-03,2.154248384606216593e+00,3.672692901870743672e-26
9.177421557996049645e-24,-3.480205531220953441e-02,2.422201348484807948e+00,-2.402497354411802107e-25
-7.038008329323209547e-24,-9.301208715066816568e-03,1.212421150906943801e+00,-2.296099404279281651e-26
2.379823324685287362e-24,2.869918978437449933e-03,1.157911489783797876e+00,-2.740520713269710544e-27
-3.237542966154580371e-24,2.055613999333351372e-02,5.458954018383269435e+00,4.519647207947990949e-26
1.360660091573727879e-24,-3.100604696521391205e-03,1.655182900699899429e-01,4.161210177006142465e-27
-1.897619212703833613e-25,-9.428467271792306814e-03,6.374253842734557696e-02,-1.785530508396883940e-27
8.119984119499944170e-25,-1.758857887309757742e-02,7.742524708869765737e-01,1.021075582999483229e-26
2.077043229848855874e-24,9.079765143488731372e-03,1.315257594632328608e+00,-4.766943240222926545e-27
-2.496930582516592517e-25,-9.660161967785398096e-02,3.819700021503315224e+00,1.878431201848591218e-26
3.120200602905599327e-25,1.123870056178159034e-03,9.359208521341989828e-02,-3.491352802993308179e-28
-2.786232900947315261e-24,-4.867859724579203656e-02,4.770588663032448551e+00,-7.889162214363480929e-27
1.187949081742162895e-25,-3.253656510777834694e-03,2.812220315864365716e+00,-3.657407719964554829e-28
-2.247158635989806433e-25,-7.901436438098811965e-02,7.012486816805398870e-01,-1.356607673615399073e-26
1.104351086131902976e-25,-9.777246869821220113e-03,1.158813874635171715e-01,1.072509710990853927e-27
1.481397879052623483e-25,-9.771388172160225261e-02,1.941993095226225652e+00,-5.250644333557133655e-27
-5.536297595622780080e-24,2.329277592995625257e-02,3.879211921178041950e-02,1.288587234065850539e-25
2.162932940004540190e-24,6.592793375764999242e-02,3.371886114371940746e+00,1.388330419810883684e-25
-2.115285672847814975e-24,-2.188008435207448865e-02,5.609625545620540166e+00,-3.617478706746804977e-26
-4.716149864076162385e-24,-5.214514014082324150e-02,3.246258423054984021e-01,-2.330797020708067445e-25
-8.722198445722568578e-25,-6.988185198494646644e-02,2.514848890140199966e+00,4.936783519056673472e-26
-1.792091229206842390e-24,-1.084668424612994335e-02,3.839666561416088530e+00,1.489128371614675314e-26
-7.154703207560512029e-24,1.830798642192411896e-02,1.718811011068437145e+00,-1.931746211055429196e-26
-3.207545727087320671e-24,-2.015993639430646665e-03,1.680721965896924575e+00,7.093915601224657525e-28
2.928238471660643036e-25,-8.252089965047522402e-02,9.012620719124695423e-01,1.499673661153208753e-26
1.775464388649264376e-25,4.428176936271017126e-03,5.303175247364272371e-01,-6.782187622866591451e-28
-7.159034462770722306e-24,1.092942153720842698e-02,2.581160500201393759e+00,-6.627475081278012437e-26
1.835118042685469678e-25,-1.094503761508427422e-03,1.346644341096679742e+00,4.464583538045480011e-29
2.107726578381728863e-24,2.540891565204006497e-02,9.812491188891495630e-01,-2.977578786128316527e-26
-5.929168877308520887e-25,-8.423037344136581617e-03,6.030268383085688910e+00,-4.835280053732600856e-27
-1.462526056249477799e-25,-2.822551717631414242e-02,2.423153504747046938e+00,3.107740542054054141e-27
2.266372229102016608e-24,1.567526363032563722e-03,3.903455888997557466e+00,2.570486456412951676e-27
1.170789655059637917e-24,5.843320645926303701e-03,4.327641652353209523e+00,2.567710333154893055e-27
6.430792058875151365e-25,4.286686549362874257e-03,1.709171882829529476e+00,3.802408085580793526e-28
-3.204315237136100888e-24,3.757891624605411152e-02,1.763217647432847368e+00,-2.302763478114064034e-26
5.852954186040681036e-24,6.560644252354602690e-02,1.548940897771398095e+00,-8.391630931658824222e-27
-2.789605275598411273e-24,-9.313616239208484526e-02,3.297292645193965033e+00,2.566702287107011874e-25
8.115449640918665845e-25,6.431295791590514732e-02,5.385366046237368920e+00,-3.253268053162040307e-26
-1.214950055963415220e-25,-1.871717500572934404e-03,2.800123189799436307e+00,2.142748210978186713e-28
-1.529357027702688073e-25,-9.836597188241390233e-03,4.309253975970366746e+00,5.901690849658781266e-28
-2.720575407835577393e-24,-1.474148632256986344e-03,3.807012888239319492e-01,-3.723395572794565775e-27
-6.822985510114368579e-25,-1.726252343108817741e-02,2.302427855249966626e+00,7.868829570196062689e-27
1.381800826899645586e-24,1.917496258406242021e-02,2.143011099224219507e+00,1.434744931430634139e-26
1.742382757359771613e-25,2.240099782305703460e-03,5.578510943042847892e+00,-2.973478093570778070e-28
1.189901733915753477e-24,-4.515679223893538131e-03,1.784727709778325178e+00,-1.140751140935160558e-27
2.076370888463164763e-24,1.476485908432887979e-03,2.811715876249933022e+00,2.900435015085586292e-27
-4.656774274649200320e-24,9.896987968263135788e-03,2.187097577054804898e+00,-2.663984792766622669e-26
-7.277171437946582920e-25,-1.962215386201162422e-03,4.319699433398887400e+00,5.464355508365706879e-28
-3.236827819552868261e-25,9.368146263014047459e-02,2.369638540693251194e+00,-2.172796928066972969e-26
1.067362629168737720e-25,-3.084172424382122107e-02,5.593291384070182559e-01,2.790277305720579459e-27
8.207661314392210344e-25,-1.177105939292910283e-03,3.088625879460043855e+00,-9.647737779453779088e-28
6.204505541756206373e-24,1.275300851269700088e-02,1.686463965055352787e+00,9.131935970946202793e-27
5.813516557860375011e-25,-2.249499391818253827e-02,5.215647353918285489e+00,6.307050082119156154e-27
-2.636004595054983902e-25,-1.206408660654572328e-02,5.017474353735621229e+00,-9.552209198777868425e-28
-4.171506037183562547e-24,9.962429654953619193e-03,2.725449405192800878e+00,-3.801153001573719387e-26
-5.729031758619587071e-25,-2.195533210960006788e-03,3.534076010192880535e+00,1.162185309966622470e-27
-1.257814738037260640e-25,1.811774673043952972e-03,5.782502179327051017e+00,1.999155796502654013e-28
9.030735594389406995e-24,6.311704126160845585e-02,1.584902888004443289e-01,-5.628494041105985958e-25
-8.777835733657890891e-24,-2.601094700221060624e-02,3.013550329323040344e+00,2.264507426640411070e-25
-2.961418577901720009e-25,-3.067587265319101416e-03,2.546352012151145150e-01,-8.791485391253363371e-28
5.702973785754290555e-25,-4.988756281744899379e-02,5.953742199027276527e+00,2.692074066334026871e-26
-3.347841441453438545e-24,-3.819521062147131826e-03,3.816659686564269016e+00,9.982481931642156422e-27
-1.111560735115774719e-25,5.149963184712471470e-03,6.998571804053438372e-01,4.378863350726497717e-28
-1.388589128758329906e-25,3.759473902040494538e-03,2.057284401321568534e+00,-2.440647327105912169e-28
-1.549953070832024765e-24,2.000600764528912348e-03,4.533025201349252242e+00,-5.532005223400673645e-28
2.432058598951181684e-25,5.105273459710418099e-02,4.149051402040834224e-01,-1.136285576215932216e-26
2.353407909939065533e-24,4.153698090390420261e-02,2.219882803716009878e+00,5.908794976019110689e-26
3.242557348190921699e-25,2.192179363526192484e-03,2.811447900566090841e+00,6.724388366152244126e-28
2.932107139531021239e-25,-2.362716714399175355e-02,5.968268499373903246e+00,6.587047259432458015e-27
2.520193247804948267e-25,-1.522858012323983871e-02,5.513544174133392595e+00,2.756225437471818918e-27
9.019986544917814889e-25,1.666794177541760244e-03,2.815884943938932850e+00,1.424401691589804043e-27
3.708568155696197161e-25,1.769088140064329143e-02,3.296777491785809477e+00,6.481942859565847371e-27
-3.121404531326273258e-25,8.068840922339386157e-02,1.581958877364310956e+00,-2.811354619403791467e-28
1.843765481217954052e-25,-5.211211542807054828e-03,6.238623336256889473e+00,9.598713650861088163e-28
1.604824775544397111e-24,-5.721767916151339339e-02,3.543950440331363527e+00,-8.449128132425293257e-26
1.291425880062913554e-25,-9.402530788852026325e-03,6.468666365151196640e-01,9.689562411727594591e-28
3.399920999243077818e-24,2.195461495643547586e-03,3.064317026640028363e+00,7.442119827083673897e-27
-1.353321310064007555e-24,-2.733367072147566829e-02,2.997970061474050318e+00,3.661037698181230252e-26
-3.970495051427750650e-25,-4.721691625531035906e-03,7.232665758166992864e-01,-1.405398691977535186e-27
-1.611437085927536666e-24,3.015996338382798299e-03,5.051351656027843084e+00,1.616022974105798526e-27
-6.992777428379153211e-24,-6.130422606460125823e-02,4.438934363952999007e+00,1.157708581681417568e-25
-3.649686711104177900e-25,-6.484683881953553358e-03,2.988479516446016060e+00,2.339018516051932995e-27
-2.567694172920040889e-25,-3.630411472729043465e-02,3.173133518277708287e+00,9.317149989807128265e-27
2.751983249021723551e-24,1.715347343737399013e-02,5.315004522910449225e+00,-2.675636548277677251e-26
-9.203597222703969959e-25,-1.121966465197506450e-03,1.771008755128910428e+00,2.053634619364566041e-28
-1.260910734867109027e-24,2.663959644243879630e-03,1.601214516270915489e+00,-1.021594084243527508e-28
-1.127999417880814907e-25,-2.438902037264563047e-02,4.737150230478990309e+00,-6.811322109298461878e-29
-8.303700224300979717e-25,3.147610690306337083e-02,1.654399431430386480e+00,-2.182574344615885582e-27
-1.236938602158335796e-25,1.226370425778750516e-02,2.075180563834372993e+00,-7.330916182098184710e-28
1.004856910203049932e-24,-9.918190758121706377e-03,2.844565176665519779e+00,-9.529942559879476183e-27
3.039982122330942736e-25,9.532986573621884605e-03,2.437025652868372028e+00,2.207971529652281497e-27
1.246060151932833876e-25,3.773189804843322948e-02,4.289208891093669429e+00,1.930777699028084141e-27
3.629927714717395109e-25,-5.884139432761999883e-03,2.726628778172937029e+00,-1.954628130797083379e-27
1.531347505039450991e-24,7.809869933892750471e-02,4.924190187446295219e+00,-2.514166648214691691e-26
-2.823736085204097319e-24,-9.114803653596343161e-03,3.271866116677212055e+00,2.551970833120382241e-26
2.443629109706592061e-24,1.552752237814086257e-02,1.439348312724468837e+00,-4.973247769213362753e-27
-2.297641783994609769e-25,-8.253133450124816584e-02,5.543960427511254174e+00,-1.401329717767621714e-26
-1.027718572441431808e-24,-7.132484098117935351e-03,4.420383140354013030e+00,2.110168111710142502e-27
-3.851133098724895875e-24,-1.715542752015421571e-02,2.271279934777047149e+00,4.258650014345446366e-26
-3.710034989141291787e-24,1.221161682919642399e-03,4.553017998426092561e+00,-7.189859683530002999e-28
4.004727829152002730e-25,2.150315805460666085e-02,3.825599533055067947e-01,-7.988926998609138876e-27
-4.937747987811789313e-25,-1.370870311516619736e-03,4.383398659532912411e+00,2.186984315221755645e-28
-4.352854453810974612e-24,-7.062681509656590709e-03,2.978460280776010993e+00,3.033466438569477462e-26
-3.250678387993844765e-25,-1.562266907867465929e-02,6.073868141407423593e+00,-4.967580595244298113e-27
2.141383634839808601e-25,9.123538846319483031e-02,3.618902146423480737e+00,1.735342735605906786e-26
-1.434349589905367680e-24,-1.287241342594767912e-02,3.275601031500309013e+00,1.829800247394241756e-26
-7.519203997925488515e-24,-1.510274654410259827e-02,4.680788556127189359e+00,3.587966937294665632e-27
1.634949355248985163e-24,-5.016406048332285386e-03,3.639947393983379520e+00,-7.204014152344540114e-27
-1.851017873997183166e-25,-2.397468260358935621e-03,3.078725213980418207e+00,4.428989784360751994e-28
2.569251310594311298e-25,2.359193341647774188e-03,5.064812812382981200e+00,-2.092222136561597627e-28
-2.181048655567966685e-24,1.553302485926420437e-02,2.007094236941546761e+00,-1.431652474753156366e-26
-2.408580258262983051e-24,-5.994051416515080999e-02,5.894849884585549482e+00,-1.336217254200043790e-25
-6.765732503516678569e-24,-2.490948203848833854e-03,7.374738310467808811e-01,-1.247414373626583358e-26
3.034390307754642074e-24,8.532459625991184460e-02,5.850805635849172681e+00,-2.350811136028917575e-25
1.458508231206026690e-25,3.899659482196770124e-03,2.781131769143149857e+00,5.322162745250703226e-28
3.369872914631907978e-24,-1.999370664117994419e-03,5.869447646411246389e+00,6.169134927001014482e-27
-1.499149888935197943e-25,1.839673129375678576e-02,5.517257548698808023e+00,1.987760563858093557e-27
8.672107685102004664e-25,-7.368428434054724585e-02,1.376533308121300481e+00,1.233543997072724485e-26
7.536093665635187452e-24,2.973516425924110050e-03,5.533873374911706833e+00,-1.640670121652467878e-26
-4.049280166671385019e-25,4.992815412420331667e-03,1.434958486782443643e+00,2.737837620456055219e-28
-1.267214957672271259e-24,-9.866156156578979874e-02,6.014477411530248396e+00,-1.205388369167418991e-25
2.467287658573717848e-25,6.380551450700198968e-02,1.472034385615025309e+00,-1.552248957537369948e-27
1.331428232071519213e-25,2.720400602560095991e-03,9.425461056095852941e-01,-2.128768690169277547e-28
9.722368379571805385e-24,-7.362638146362331451e-03,5.676965624709373159e+00,5.882687464118165165e-26
-3.266252912493019103e-25,7.890183257794790989e-03,5.436558545371541484e-01,2.205570937021417513e-27
4.584411226389305997e-25,3.121018997772264519e-02,2.838229659893554579e+00,1.365469041486245070e-26
-6.025122061864166938e-24,1.764878308889733169e-02,2.373411713776212295e+00,-7.647432916327101507e-26
1.151545931783794887e-25,-1.358264696554629600e-02,4.311987881804232536e+00,-6.096686469409863040e-28
5.062967240453367275e-24,6.131980719511299915e-03,4.306214564262809574e+00,1.226621622742188249e-26
1.706910852138879647e-25,-2.987330586868214028e-03,4.157433397516407503e+00,-2.686747774779894575e-28
-1.122968697621454073e-25,-8.227807271499411670e-03,5.236328178690758506e+00,-4.622508701419527779e-28
1.624079991408649958e-25,4.236325092694878669e-03,3.177547812029941632e+00,6.875684074112141825e-28
-5.684943948132226180e-25,-7.464126061959341918e-02,2.602933478343251394e+00,3.642449033307534527e-26
3.019966074197468358e-24,-3.470539020361790294e-03,3.044201332166084129e+00,-1.043124329674885607e-26
1.035249383632333958e-24,1.718678605383888161e-03,5.664077007549739307e-01,-1.501401002989650404e-27
4.404666063871161937e-24,7.077400104807724315e-03,5.840825934696616706e+00,-2.817294566735436565e-26
2.452010375304657522e-25,5.819695260422100280e-03,4.707825328352256200e+00,6.512287468781291477e-30
-2.657631250432431782e-25,-5.850499578327579553e-02,5.266062232210904526e+00,-8.175622642431622362e-27
-3.374725729198278316e-25,-2.757596945564166208e-02,4.971660601448526506e+00,-2.385874697244022010e-27
5.613178321050860543e-25,-1.848205299555927272e-02,8.397382120694018015e-01,6.926485660897375292e-27
1.747342531649277157e-25,4.170467194566912679e-03,2.549426542134576756e+00,6.046463418487463523e-28
1.168003204223252121e-24,-1.437736487956174387e-03,4.683504131423744887e+00,-4.849902826098307243e-29
7.790325570379904110e-25,4.708954012604453510e-02,3.855041446944623029e+00,2.773733005831946095e-26
-2.168242334753092556e-24,-6.577397677158824951e-02,3.620626343874540076e+00,1.265614021681713056e-25
6.612742066936759020e-24,1.578915952004594780e-02,6.417847124226064848e-01,-8.363511339368978917e-26
4.367584225159878531e-24,2.863394687447974596e-02,1.121757353017212244e+00,-5.428905343765325612e-26
3.868779410033954025e-25,-4.962307910307749148e-02,1.346576575222626859e+00,4.268609595415126673e-27
4.467922882323554538e-24,9.382359348928204223e-02,1.940646121886248965e+00,1.515292463870986051e-25
-1.504489160164475000e-24,-3.769853827212477863e-03,4.379344383930118489e+00,1.854203974729500807e-27
7.738182361544841743e-25,1.235023927075410907e-02,1.264616303988108474e-02,-9.556076187816481272e-27
-7.532929493501085469e-24,1.361986570795677576e-03,4.757310301525712326e+00,4.607264826617922540e-28
5.613792946593157319e-25,9.489555056103762820e-02,5.813963966262301497e+00,-4.751475180731565745e-26
-6.133927253733954024e-24,-4.202377513271454701e-02,9.487250440578017807e-01,-1.502081075752952484e-25
-8.776658624273652465e-24,9.552141286089831096e-02,2.084261199624867000e+00,-4.118003988572110442e-25
1.038032411370735785e-24,5.406967674153936865e-02,6.137812735499586836e+00,-5.553405926198064079e-26
5.521787451780548036e-24,8.469309320432448496e-02,1.774289415941837422e+00,9.450959055594568083e-26
-3.143234782026484373e-25,1.511957563320403966e-03,6.190561126716375817e+00,4.732066024062251889e-28
7.435427329061942870e-24,6.808854332823871536e-02,4.996045819973058966e-01,-4.443873959551527587e-25
4.610288224972745858e-24,-3.756480464397905089e-02,6.206495785605494753e+00,1.726755523446008420e-25
1.188644288346012330e-25,-3.456097155918749775e-02,5.785620600178472905e+00,3.609956369489534114e-27
7.134878874485191843e-25,4.057232880961623121e-03,1.008630324819892010e+00,-1.542979418182020494e-27
-5.553251788705144305e-24,-8.740201888693826388e-03,1.432382644844356401e+00,-6.696690644331039227e-27
-9.304753832610214667e-24,1.736568176930361473e-02,3.926246551613335467e-01,1.492881922821076400e-25
-2.318642121391119118e-25,-1.137512783452065968e-02,1.317530609965587240e+00,-6.608662636136003919e-28
4.321828499450680365e-25,3.850334729914591837e-03,1.986278551313560126e+00,6.716619065633764769e-28
-2.432718848562258304e-25,-3.395727953763704159e-03,3.915122407830992746e+00,5.910218004832587279e-28
-4.602640948975829875e-24,1.293062007549460393e-02,3.278738216952688411e+00,-5.895617217282471095e-26
-3.590303344590341421e-25,1.566733883451880763e-02,2.084718853378936032e+00,-2.765256790569535064e-27
6.149147866379510391e-25,-1.209710571845439876e-02,5.901713930078407166e+00,6.903980333951212578e-27
1.246116406776507923e-25,4.737589610318015260e-02,4.440244822642735123e+00,1.586868545779372248e-27
-1.244296295451015627e-25,-9.947990413528591883e-03,2.875446891795268911e+00,1.194243157615786994e-27
-9.034240307477493890e-24,-3.691378594848760547e-02,2.414355650390930919e+00,2.491202525936737855e-25
6.498771694083932288e-24,-2.475619482552307224e-03,3.163490561722138938e+00,-1.608462861033807664e-26
2.725774002218857919e-25,1.088308285486343750e-02,3.196514001127737092e+00,2.962009574268312268e-27
1.080663067593177399e-25,3.490911365280418427e-02,4.575705942866579612e+00,5.140325770757445170e-28
9.092266126595265310e-25,1.780133965373275132e-02,5.963388554321839230e+00,-1.536483855826049661e-26
-5.349575528914567512e-25,1.051776072515177166e-03,3.832270529771617529e+00,-4.337029719551854756e-28
-1.305473912581296303e-24,6.850160026335648522e-02,2.120977673145675535e+00,-4.675620291215354232e-26
3.652498330439761220e-25,-1.752920122116839253e-03,5.150035556610220056e+00,2.713453300551441460e-28
5.087504136551628406e-25,7.639006331428166430e-03,1.129631269320804821e+00,-1.659444257829863954e-27
-8.669334495186707414e-24,2.927613144365691367e-02,1.507276049512367821e+00,1.611089784375368068e-26
1.622776285532078144e-25,-1.405431071511649768e-02,2.968692619496536844e-01,2.180935549132829527e-27
3.110639064273421209e-24,4.729237875084630477e-03,4.879712795730412722e+00,-2.450022855843716957e-27
1.394702766724682128e-25,-5.321899344387865174e-03,3.486564000251407336e+00,-6.985174112022474172e-28
3.592210008507322205e-25,8.354094637719187977e-02,5.595259970686342399e+00,-2.318441344925885260e-26
6.451825280515371871e-24,-6.652412506055844707e-03,1.994163948645447659e+00,-1.763303898187288394e-26
9.677749096945870292e-24,-1.024862320676783560e-02,3.356697602664346469e+00,-9.689781846941396111e-26
-3.607450265634586382e-24,2.994205990083321015e-02,1.866486913838049766e+00,-3.147548083767331108e-26
3.507193830222985561e-25,-3.302876562336611727e-02,3.287979189213776632e+00,-1.145993475025974374e-26
5.164953235557828328e-24,-1.819620785172738897e-02,3.722137915189067670e+00,-7.858480815721189920e-26
1.667643469950152692e-24,6.811016111375867155e-02,4.709594474272657649e+00,3.174092752155757487e-28
1.622605126846989570e-25,1.985241099050779300e-03,1.056024663030240340e+00,-1.585943814105972528e-28
-1.030317980959261302e-25,1.607586895813529083e-03,5.893220329570875826e+00,1.531972685078640117e-28
-1.988837522799971775e-25,2.494772786750505678e-02,4.995984373768407316e+00,1.388328807596808479e-27
2.441543771633173038e-24,-9.005890956240224232e-02,5.667120890440481062e+00,1.794592706728781789e-25
2.032831542368303859e-25,1.113507710491028332e-03,1.015353335097339160e+00,-1.193627056989214781e-28
4.130931355494876312e-25,-1.051749487112999286e-03,3.005633891070855768e+00,-4.304611283244027029e-28
2.638319571763790803e-24,-1.132781107839317229e-02,1.311497902431786322e+00,7.662943793852697993e-27
-1.117223296423245582e-24,-9.037421870319164996e-02,1.045616497528561784e+00,-5.062227704097782142e-26
4.298787588401493272e-25,6.390606409864883763e-02,1.623952122508623530e+00,1.459600965897386957e-27
-4.423372104572111234e-25,1.800961473911397506e-02,3.261254845224825782e+00,-7.909355722448365190e-27
2.247133466957578791e-24,-2.367239192056231484e-02,2.724005854679794059e-01,5.123360700353792467e-26
-2.507442918458927347e-24,1.089541349783197059e-03,1.399749264907884871e+00,4.650189191546782947e-28
9.605678340413302077e-24,-3.713960663679396253e-03,8.256822724463828145e-01,2.418971077776838387e-26
5.076116111142103462e-24,-4.922517571903367584e-02,3.656561289729709952e+00,-2.174662587491853429e-25
9.994195046444160643e-25,3.960164222178885057e-03,5.231521963088272109e+00,-1.963605995204666309e-27
-1.897730026728048406e-24,-1.967573863300377170e-03,2.700452914480676370e+00,3.376459085457666358e-27
-1.806274710886458757e-24,-5.363819813320271947e-03,9.820771994358283852e-01,-5.380005413590731822e-27
6.263533295936999372e-25,1.601751250239016877e-02,1.992939624045242386e+00,4.110531250779004797e-27
-4.502679651738098904e-25,1.709825484922412875e-03,5.102268140684754094e+00,2.926132725893940608e-28
9.463631046864183641e-25,1.857479691056589458e-02,5.102367171307439442e+00,-6.682788410700514826e-27
-3.638420551377045403e-24,-6.021413611274665373e-02,1.550501274680711195e+00,-4.446023080961700752e-27
2.039311396277925558e-25,-6.487892490194587490e-03,3.287417751624432505e+00,-1.309040564349237169e-27
8.073038476188273448e-24,-1.501609657482808058e-02,3.080509384265473494e-01,1.155189960859020713e-25
3.990400519901508580e-24,-2.122370879666280949e-02,3.689310949718544563e+00,-7.230205442114126543e-26
1.020325105321549403e-25,-8.968896348958346754e-02,2.033052651434574809e+00,-4.081144911372657264e-27
2.977052706893249368e-24,1.026472935361085956e-03,2.499283698244809948e-01,-2.960918765641713960e-27
1.126196948779980610e-25,1.343231476526266649e-03,3.914868651912841724e+00,1.082558787140150448e-28
-1.033579057762604003e-25,1.246632367454589231e-03,5.884476850318177910e+00,1.187427800933142312e-28
1.689285971487367672e-25,-5.963814834652533120e-02,5.038363128062795404e+00,3.226203543970239920e-27
-1.865440818624697111e-24,-1.747644086430966484e-02,3.449624850100284412e+00,3.106679044554315355e-26
-5.141847126316053050e-25,3.204381030100242247e-03,6.059746384952782172e+00,1.606685302072905358e-27
4.348082940832214407e-24,6.522187113750092281e-03,5.641486301500578726e+00,-2.271783508188255113e-26
9.865950364155360995e-24,4.609345618678292560e-03,5.671975184084704580e+00,-3.724241220042876642e-26
2.274702820821552536e-25,8.798865612272208092e-03,6.400285804843559578e-01,-1.605344810485534829e-27
-6.944104845437378625e-25,-1.397504728671226069e-02,2.617173198809093382e+00,8.400288755683717596e-27
1.562564479972455260e-25,-7.151645781824969225e-03,6.156663256167511200e+00,1.108558391633299592e-27
-2.850617312242586566e-24,-1.127031728460865540e-03,6.255118996445834689e+00,-3.211470874931832726e-27
7.327541212696025966e-24,2.195048480301928229e-02,5.354297733566324879e+00,-9.630083144892598715e-26
4.848545450487291605e-25,2.124600144448175049e-02,5.527954562495046353e+00,-7.500456553629710512e-27
6.228678188475199277e-25,-6.476426780332499022e-02,5.613743233241676123e+00,3.163300670640662645e-26
-5.992037301508688999e-25,-4.664661158428754645e-02,2.270599195780613755e+00,1.800220036418905323e-26
1.270223377335027874e-24,1.385839624645256347e-03,1.200393450822522690e+00,-6.372221549084071634e-28
3.102826553119906860e-25,-4.879967234677397986e-03,2.554465659269627764e+00,-1.260599871233477358e-27
5.714659191564788711e-24,9.948286048781396218e-03,5.689329940011047526e+00,-4.711756703400471149e-26
1.056590068357170717e-25,3.641122704403440200e-03,3.180667378090052733e+00,3.844237462533500162e-28
1.129186156615370016e-25,-1.291904123983019133e-02,5.371040048458066707e+00,8.928596409024085569e-28
-1.354024549593831131e-25,-3.446764464968807978e-03,5.104837224974686727e+00,-1.784903392754401801e-28
-5.389981580605093220e-25,-1.719351442273125280e-02,5.820201258071231898e+00,-8.291648869763572428e-27
9.067515503222083524e-24,1.613222768256959445e-03,3.850553091038968923e+00,1.110316492538575140e-26
1.278138067995273348e-24,7.099770882743623029e-03,8.862873064074727747e-01,-5.737732266744462109e-27
7.085121879203232590e-25,-8.692414580780669087e-02,2.304116448503749748e+00,-4.122252142779354562e-26
-8.733986364812325501e-25,1.907476817297031231e-03,2.449303710426935954e+00,-1.282455633600992967e-27
3.789957785678937464e-25,-7.039920191471998878e-02,2.574164960110559619e+00,-2.249972171948364678e-26
9.632137853555892947e-24,-5.423352781815500567e-03,5.304963468188995668e-01,4.505861807300720456e-26
-1.011544928255601471e-25,-2.230190300792155023e-03,4.931484505710828969e+00,-4.903209714703662700e-29
-2.754508403706714964e-24,1.251566540792278803e-02,2.993775514985628217e+00,-3.409855846586017981e-26
-1.011046491632083346e-24,1.575412626874855143e-02,3.599889428662004676e+00,-1.428448551783436459e-26
1.019280365040301556e-25,-1.388012331738072529e-02,6.001459176187012856e-01,1.167546557541716673e-27
-3.079329285183496607e-24,-8.514378879927916519e-03,1.814371087167847840e-01,-2.578820857790620938e-26
-1.380946478414140838e-24,1.898703755576012630e-03,4.768791084405580527e+00,1.478083858598793919e-28
1.326495371205215955e-25,-9.068250585131967106e-03,4.541180783017236600e+00,-2.049415601396003298e-28
-1.172565486476431988e-24,-3.445791014591096258e-03,1.743275174030818331e+00,6.934360913499693699e-28
7.769907033337126976e-25,6.425713565132812506e-03,3.843099909474181786e+00,3.813790386554439236e-27
-3.053366622616340308e-25,3.369787397877228863e-02,4.609261897638910810e+00,-1.059214979854952739e-27
-2.897544466796905591e-24,-5.056362913428286837e-02,2.985188398247514474e+00,1.447220242723819834e-25
-1.977371132182467331e-25,-3.406116594509716895e-03,5.142753452141236359e+00,-2.809921266800057573e-28
7.178891670323273079e-25,-2.770962134234635638e-02,8.990565212020835695e-01,1.238003316882542159e-26
1.301433762705189931e-25,5.752662118536476174e-03,4.767187742237418924e+00,-4.100570685239714934e-29
-8.856540835500864277e-24,9.586812586733457070e-03,4.539934726582671165e-01,7.630526620541627785e-26
1.276779555725293697e-25,8.384163441408085463e-03,6.155288605220285980e+00,-1.061729609987413018e-27
1.239380421673806773e-25,-1.872955065514845044e-02,6.248316588543308292e+00,2.319892829277365172e-27
-3.467283959920175786e-24,-1.155246903428804039e-02,5.067822435092145028e+00,-1.393925053559212094e-26
7.531482789777815358e-25,-9.926836858445288458e-03,2.388971964029332096e+00,-5.457009792273946608e-27
6.585549182770890204e-24,-2.452740756882366806e-03,6.251069144946961309e+00,1.614431529739919630e-26
1.261393570086348579e-24,7.668611207780513805e-02,6.711222577064896999e-01,-7.575268211609832330e-26
-1.409981492585137638e-25,1.570813354215399530e-03,4.923241456327010823e+00,4.635471194614022544e-29
-6.568095007261297486e-25,1.006971942376777909e-02,5.834809571631684122e+00,5.960120580260313779e-27
-7.054302108790938215e-24,-2.622076839593157245e-03,4.269587935116551769e+00,7.925414001725797572e-27
-1.222688172336687977e-24,-9.204148961112154637e-02,3.480908499171560866e+00,1.061214144027967438e-25
-7.295963132447486967e-25,7.923734545058777612e-03,3.117020548469262575e+00,-5.779382310297867294e-27
3.576066751546567302e-25,-1.335693735329825452e-03,6.263950512912616730e+00,4.775646380550955054e-28
2.120632401773588906e-24,3.490805704650574298e-02,4.598143135210834842e+00,8.438909508032298147e-27
2.210166471002567133e-24,1.069082967327731996e-02,3.812878230612790631e+00,1.850166211041979611e-26
4.202573689108914350e-25,-2.105740213059455884e-02,2.086189343412046426e+00,-4.361727693754319104e-27
1.062660518633132182e-24,2.411646280144146698e-02,6.129501517164160695e+00,-2.532556253037641718e-26
3.318862425482073485e-25,-6.968698846577035810e-02,2.129763808245285883e+00,-1.226511632142624391e-26
3.157562359091935351e-24,-1.140094938388268135e-02,4.611127653213705102e+00,-3.639101058725183537e-27
-7.456165627902044396e-24,1.420599212659923345e-03,6.165428247391615990e+00,1.051886812271063971e-26
-1.046107948958551867e-24,1.480501790367580580e-03,2.172888466651698436e-01,1.512346288770469546e-27
2.863476628498719307e-24,6.008269292862031263e-02,1.035878140121010649e+00,-8.770368983069653530e-26
-2.235437286322068612e-25,-5.098136301910824106e-03,3.756918065312899180e-01,-1.060169933736838586e-27
1.551961585287977815e-24,-9.097359796278218017e-03,3.633927956364268325e-02,1.410943174532246395e-26
-1.465657926863129541e-24,-1.168406680866626406e-02,1.085831523169685786e-01,-1.702399074744517587e-26
-6.642241632455129036e-24,2.780447909086475062e-03,1.295332840445331479e+00,5.023276993591559038e-27
8.708602050711774640e-25,-6.790300143880035472e-03,9.337415646637812205e-01,3.517471924528535120e-27
2.036445340162187085e-25,-1.956599939452438944e-02,4.894984402509528820e+00,7.235169041754153128e-28
-6.386539215707189005e-25,-1.815261381629272933e-02,5.860016034741465596e+00,-1.057062227568847070e-26
6.504899033898830593e-24,-4.506576184071546184e-03,1.375658385962414076e+00,5.684198707822704599e-27
-1.235323336780426125e-25,5.065179909461599295e-03,5.063134331723015968e+00,2.149938270497249551e-28
-1.363455963559949496e-24,1.858597593926506267e-02,4.637421342164974369e+00,-1.897987900114083519e-27
-1.893049137668829747e-24,1.732206823349128136e-02,5.697140277023481580e+00,2.731975405066770694e-26
-1.047281221061620863e-24,-9.223023112130407375e-02,1.256283013985672659e+00,-2.988077928818602015e-26
-9.385560721177024291e-24,6.008193215443422691e-02,6.500304306136794885e-01,4.489033565687293103e-25
-6.028244692318224171e-24,-1.523938445697841336e-03,1.940823001240021162e+00,3.322271496495109628e-27
-3.943473262618836507e-24,-2.228472635587790823e-02,4.821825342723647934e-01,-7.785966966161820910e-26
4.712688839486100549e-25,3.166325162303010310e-02,3.298126237638946634e+00,1.473946428356646969e-26
-3.471098864172318132e-24,8.912666517871132774e-03,1.870226200954857587e+00,-9.125582200828246013e-27
5.679964892975922998e-24,6.996594311184430037e-02,1.010079614614458610e+00,-2.113368378810657511e-25
9.145270529166536684e-24,-5.351411744294106744e-03,3.487345348288217295e+00,-4.604386321163221304e-26
-1.733509330807415032e-25,-8.819018827810692907e-02,5.942318928750797147e-01,-1.266718936436119646e-26
4.522863558386262687e-25,4.085534652866485740e-03,3.830415771723552965e+00,1.426516019391659864e-27
1.383514949397836247e-25,-2.823868119743036184e-02,3.178937455538591639e+00,-3.904139752427189590e-27
-1.260903018044373798e-25,-3.894509598417318294e-03,7.361713903181661411e-01,-3.638973417818903797e-28
-1.225784264025765044e-25,-1.243561889759745714e-02,1.000114594065381723e+00,-8.234566645488779526e-28
-5.028637444912623450e-25,1.803286050678663821e-02,6.209188626518657550e+00,9.043256931124964939e-27
-1.339331328653707188e-24,2.389586131021294475e-03,1.403940809234699882e+00,5.315378971631959404e-28
1.133190422737005833e-25,1.268048489107256134e-03,3.559889961442349815e+00,1.313050141945205961e-28
-4.099032344513553417e-25,-5.055508087285937383e-03,4.309755663365080203e+00,8.120029765150292100e-28
7.233239500570767245e-24,4.609663118154784522e-03,1.004621075677653685e+00,-1.788534489891564520e-26
5.804055813715631997e-25,-4.285121869640191872e-02,4.453020425424275786e+00,-6.378694481809872527e-27
2.921750605989410733e-25,1.179549317201812088e-02,4.260065131900351965e+00,1.506250444194077315e-27
-1.281714683134413323e-24,-1.730208190389609033e-03,2.426215869378673506e+00,1.673971940334372666e-27
-1.616021255380500471e-24,8.281386624409919905e-02,7.728046227250628952e-01,9.581557933371773186e-26
-6.010641490338433006e-25,2.353763129200889606e-03,4.597114537257276368e+00,-1.627250280606426278e-28
-2.722182069753448475e-25,1.630554421857085753e-02,1.733484206955291818e+00,-7.189359560377247778e-28
3.241014294279750161e-24,-8.462272895188392013e-03,5.346682116044763511e+00,1.625308083557896446e-26
-6.846258426906147067e-24,4.078871078861512345e-02,3.094052142563459729e+00,-2.789345478381054625e-25
-8.176455948827667056e-25,7.952030889351160980e-03,4.609179515439867814e+00,-6.698713147989040926e-28
1.842838342871878095e-24,-4.309097464578461739e-02,2.613121636076039422e+00,-6.857655063998049485e-26
-3.877621070340691386e-25,-3.220181165454957806e-02,3.781138422928827847e+00,1.001886899831317019e-26
8.950464136509069973e-24,-4.735267031021832967e-02,1.531820526001613336e+00,1.651486834078233284e-26
-2.497608160931732234e-25,8.583862414868842494e-02,2.650545688048650650e+00,-1.890587024226956255e-26
5.195664024498233642e-24,-7.562754718986203564e-03,4.060583235790235612e+00,-2.383635837107762809e-26
-1.547906800131139920e-25,1.819937292762291610e-03,5.159473092208278766e-01,2.450380299671361301e-28
1.493633114590126717e-24,-9.117959782971520044e-02,3.001103348975335816e+00,-1.348470793108526785e-25
1.800372401842802020e-24,1.015024530502008429e-03,6.381895380565476561e-01,-1.467740960740340489e-27
-1.959344337759729487e-25,2.860375902420743237e-03,1.020894685368437971e+00,2.928910395721298728e-28
-2.184111807025269559e-25,3.088099479997706044e-03,1.339211458949617795e+00,1.548058550707002446e-28
5.159374195395783582e-25,-3.896540231073121561e-03,4.577055510444491659e+00,-2.712407297590739188e-28
-3.387325963734738408e-24,-2.717636913322948357e-03,5.018206300657229946e+00,-2.771531140454751787e-27
5.413370680799218150e-25,-1.467404036964584883e-03,1.413029856293009257e+00,1.248041628652901181e-28
-4.600642532194923775e-24,-4.150255088033160018e-03,5.144261876105082010e+00,-7.992155771692346171e-27
4.801766875352550423e-24,5.570530333481242373e-03,5.163436626118993011e+00,-1.165985357834775060e-26
2.891050957975169706e-25,3.716134938959727522e-03,3.013024648390353555e+00,1.065486383859990339e-27
3.652055559736614634e-24,2.116009732410431641e-03,3.279627246797179652e+00,7.654281062582908820e-27
-2.568724177382562826e-25,-1.026415263345807757e-03,3.780689331747116855e-01,-2.450380412646705289e-28
-7.132402572628937328e-24,-1.811067499725230352e-03,1.818145258728712799e+00,3.162590730224711129e-27
6.941253539463452922e-24,5.774965797636284238e-03,2.321784748143251864e+00,2.735280889053587610e-26
4.675059201890579784e-25,6.603362122814330527e-03,7.463644537400829782e-01,-2.266439987347358351e-27
1.681998684270246511e-25,-4.660061830367266331e-03,4.332827186731750269e-01,7.113906847954510959e-28
-6.027626014056395036e-24,6.872376050086849431e-02,3.111822250251364164e+00,-4.140575739621030577e-25
3.435016739559404503e-24,4.454543346508331447e-02,4.737136397981241975e-01,-1.361644178656682972e-25
-3.195833722000094188e-24,-1.249828511253697066e-03,1.840014944497330829e+00,1.062382183683117988e-27
1.090088370163546592e-24,1.066641279703925502e-03,3.338964779176410769e+00,1.140159103414091983e-27
2.772783682637809627e-24,-4.649260264209816897e-03,4.298475250999750585e+00,-5.184861911660652672e-27
2.147966406513842810e-24,6.375163031412898855e-03,1.980449792379829210e-01,-1.342596799344341617e-26
-3.717728168136337935e-24,-4.747687286065735424e-02,5.995977301432104944e+00,-1.692761555704156255e-25
-1.875811649675921721e-24,-4.508615254041056092e-02,5.231390648650744879e+00,-4.194941590635729379e-26
2.760099183123052281e-24,-1.365021604360026203e-02,1.355456254732954280e+00,8.050584155778193011e-27
-2.333646864716313454e-25,-2.263871262951815903e-03,5.552521690124457621e+00,-3.934474185453259890e-28
-2.177850289845387258e-24,1.248516344177893946e-03,2.588502826932295608e+00,-2.313681400931840336e-27
4.227875175373063946e-24,-1.436336234365289885e-02,4.631504792621351285e+00,-4.906459909045261440e-27
1.050626621247379474e-24,-2.371878851461496282e-02,6.103141431567213004e+00,2.451678630747793085e-26
-1.500075750562052742e-25,1.424412524914301162e-02,5.593639014227840711e+00,1.648558862847275357e-27
-6.034784956309207234e-24,9.233797061645055565e-03,3.812643520642129857e+00,-4.364127440270230426e-26
4.260890488729077458e-24,1.397374584794642237e-02,3.994142395773464305e+00,3.918161112823155599e-26
-6.879367314706766492e-25,5.527176301764353400e-02,9.557351620273322190e-01,2.193986804763936724e-26
2.620056438773304298e-24,1.294886710509364318e-02,1.999939258850026436e+00,1.411664108298422573e-26
1.421638319870722579e-25,9.407436970887994576e-02,2.141982334726626025e+00,7.230373239638828173e-27
5.960710579779447181e-25,-3.688793281823646557e-03,3.913326189260512233e+00,-1.575873906866112826e-27
2.969113475763161711e-24,2.456448507406107026e-02,1.470228798358482969e+00,-7.322509227605041539e-27
9.016793493025032129e-25,-2.368580317311950491e-03,6.006365615592870633e+00,2.054392735885809464e-27
2.953356977444125662e-24,8.557730955515624460e-03,1.826978740396952627e+00,6.404172679209779911e-27
-4.681444697711147559e-25,-2.089448723698185406e-02,9.891140572923276530e-02,-9.733828481398829951e-27
8.693744859603249224e-24,-4.077955885057481591e-03,4.257834195382374176e+00,-1.556594932908639940e-26
5.907369573169232026e-24,9.712073869386128600e-02,5.820444888371506309e+00,-5.133905646767017629e-25
4.614503801207245109e-25,-2.879550465687219507e-03,3.185365328282476316e+00,-1.327496867624153707e-27
-6.544977342811575850e-25,-5.059394706845015723e-03,4.162745438115530661e+00,1.729800426053504289e-27
-2.132100866296991417e-25,9.819050830140309272e-02,2.551774733903678261e+00,-1.739803543793469497e-26
-2.405984954299324665e-25,-2.122271754349925460e-02,5.400958743549883145e+00,-3.244621082492558282e-27
-3.092416610220137568e-25,2.402340924614787283e-03,6.219561086105068526e+00,7.414007521307775450e-28
-1.860362418051055629e-24,-3.499775479063979133e-03,2.159494490325704508e+00,3.615337422916388872e-27
-3.451243604249660631e-25,6.181647273067095161e-03,2.502892336053120115e+00,-1.712875268980055576e-27
-8.479537618846933298e-24,9.737662867168577624e-03,3.446485861981314347e+00,-7.876262842432396203e-26
-5.736673127477670822e-25,-8.856201089720396047e-02,2.257532589900371978e+00,3.221129895792836955e-26
-1.074460185919212338e-25,-6.361852203425644690e-03,2.608797374224818721e+00,5.888084423832343279e-28
-1.488760162390363011e-24,3.754078772460783375e-03,4.170305934550888161e+00,-2.883445617479295547e-27
-1.365910444977506753e-25,-2.684413068814761605e-02,5.465027584563372898e+00,-2.506413223263556663e-27
-2.767375527217978224e-25,6.134910421193118940e-03,1.885369286112651421e+00,-5.253046546503561909e-28
-5.688320142186045393e-24,-3.073480866134382927e-03,3.923877714556599283e+00,1.240073279720371415e-26
8.243068633380508582e-24,-1.732466912189661260e-03,3.119454317959424294e+00,-1.427734424226761997e-26
6.390203652831962109e-24,4.205012523931116533e-03,7.247434458462694538e-03,-2.687018069294952842e-26
1.852914452600083130e-25,1.471538582065650379e-02,3.509511677862483747e+00,2.544162793508108865e-27
-1.022657138927679052e-24,-1.685869094965366036e-02,8.332257876907395167e-01,-1.159420365665186680e-26
-1.784709873525270150e-25,5.348801721305885930e-03,2.970941827495126919e+00,-9.407397481700690978e-28
3.568458777100005696e-25,-7.057073464474837576e-02,3.739239648153659168e+00,-2.081772480989042586e-26
9.260410551626688938e-25,1.283959332662796713e-03,4.008348744329888191e+00,7.696421368768619600e-28
-1.063006102907112348e-24,-3.481378437436206258e-02,1.035961120331719831e+00,-1.886257592972977462e-26
-7.722552669105898213e-25,-2.134528054567439229e-02,2.332938121189739977e+00,1.138174929239563595e-26
1.435095349765750065e-25,6.176485123667053816e-03,3.555208450714725021e+00,8.116388403934149846e-28
3.027302974199427074e-24,4.250283033461897675e-02,2.846117865014159865e+00,1.230929465924360005e-25
-8.428791308379472075e-24,1.386898673774417980e-02,1.023580365185751129e+00,6.082381598977843609e-26
-8.272901283960459483e-24,8.106151577459634605e-02,2.964652789428339208e-01,6.413584530551308761e-25
-4.366757199109578116e-24,5.203264197635087962e-02,4.373442919688352859e+00,-7.554710425876155702e-26
5.121693382713979119e-24,1.588352140507255043e-03,5.598473971766929402e+00,-6.301425163841396310e-27
-1.643909537568685333e-25,5.986249207044035472e-03,5.258295363605821393e+00,5.109301071144826531e-28
-7.204229218488752149e-25,2.129732004646711641e-02,1.560322460434248493e+00,1.606984054767416704e-28
5.109457511827452587e-24,-2.403432001933283879e-03,1.623704681963702878e+00,-6.494238789207284615e-28
3.690297995955029180e-25,-1.201192765856070807e-02,5.334569793367884394e+00,2.583450633818279695e-27
-6.351102303886541546e-24,1.133783814023068973e-03,8.462986013850170020e-01,4.772382688547416464e-27
4.357548623344931658e-25,1.720851959580548506e-03,1.451381352062799168e+00,-8.933299283472845931e-29
-8.731214491078789085e-25,-2.531312580924814735e-03,4.377030870081143554e+00,7.273744115647797782e-28
2.112230884767308191e-25,9.653424059303810853e-03,5.963889617140877286e-01,-1.687027296083217115e-27
-1.083222567251088977e-24,-1.681393885149394876e-02,5.714398069940921587e+00,-1.534565113521145512e-26
1.097377053511394931e-24,3.741712792158074369e-02,1.920373630030697276e+00,1.406331795544574905e-26
-4.365875130703393297e-24,-4.278737290124332883e-03,1.478978783743067016e+00,-1.712782475869303010e-27
-4.858012176742091979e-24,-1.445987094815535338e-03,2.556614632273354726e+00,5.856598275955035887e-27
2.465508906692454468e-24,-6.974889973868865500e-02,5.981864329666258584e+00,1.642186295489250595e-25
6.808929321947898389e-24,-9.243609204297283805e-03,3.094069502749409395e+00,-6.286802274650979043e-26
-5.143361195369172373e-25,6.090226314419225351e-02,5.673042106255948624e+00,2.567227610851351714e-26
-8.330165437849291142e-24,-5.369606534781820595e-02,5.425880497558809523e+00,-2.927459491733580653e-25
-1.795186764227679917e-24,4.586823239758487658e-02,4.680572011087754447e+00,-2.619432273595334615e-27
1.283394135098437748e-24,1.158352233177742906e-02,4.236170996548808354e+00,6.814993302507904420e-27
-6.418835717130622036e-25,1.650579637732791814e-03,1.836302269434164081e-01,1.041667227689626879e-27
1.648459787181412749e-24,5.053698871946754947e-03,5.452747246708087303e+00,-5.619574504201665545e-27
1.317054746370458778e-24,-1.451215671933606989e-02,3.109133697272395302e+00,-1.910323703663487184e-26
8.745049942885274704e-24,-1.627636349120339943e-02,2.394447177651260361e+00,-1.044233753692657472e-25
-2.123548412042363851e-24,2.458444101688775363e-02,1.112351829142870674e+00,2.310407246597718669e-26
4.555189718553416253e-25,1.211586050741937995e-02,2.307972803795604211e+00,3.709875497616301952e-27
4.578827348595543560e-25,-1.125260103118379609e-02,1.766405912044989313e+00,-1.001438316285302353e-27
-1.992977021237167354e-24,2.772943863101783382e-02,1.508763912489540671e+00,3.425969469842870374e-27
9.309282123288851311e-25,-2.631376514592322080e-02,4.539990388810737798e+00,-4.202226593767029387e-27
1.127654535566772514e-24,1.313215272968597941e-02,1.159631804053210313e+00,-5.918630449483232992e-27
1.734453105429462798e-24,4.967318678182842430e-03,1.928347009197395323e+00,3.015288644266349779e-27
2.672484569675450922e-25,-1.717402443108648116e-03,8.422742128389602012e-01,3.055694656252589578e-28
2.055694466293161947e-24,1.523777612746797863e-02,2.740067539504879690e+00,2.883287267188352306e-26
2.455691507949016041e-24,-4.721310847252027480e-03,4.738773737867565394e+00,3.058715750684748694e-28
-1.557971981582444797e-24,2.636889998700174542e-03,6.259542274540614848e+00,4.107052562264979378e-27
-9.796442347003973349e-25,8.589254309619900191e-03,3.404383495896003975e+00,-8.125536084388358587e-27
-1.716247639683668681e-25,-1.227229131320915767e-03,2.873232669322405286e+00,2.030840934097113520e-28
-6.443602344028816815e-24,-2.540408559741079084e-03,4.842168292556579878e+00,-2.118448779855808568e-27
7.243318695899399647e-24,6.092979069684008667e-03,6.058120657650714946e+00,-4.302033106846950706e-26
9.175529631223040558e-25,3.332437763589488067e-02,4.903539624337256875e+00,-5.809262167772841393e-27
-1.168184921194055806e-25,9.639132468169225865e-02,3.009228225950511870e+00,-1.116179108157647241e-26
9.740496113556405905e-24,-2.736064858904160846e-02,2.615267943628398317e+00,-2.304371220996999709e-25
-5.696426109466347292e-25,-1.441797202360393590e-02,4.376863501398175593e+00,2.704286704653112682e-27
-1.163618816220853773e-24,-1.377970923290566287e-02,2.082382770673916195e+00,7.849785194043134519e-27
2.842384630406471506e-24,3.042904283953243218e-03,2.891507819010620484e+00,8.380043098207055135e-27
-9.970462097198073603e-24,3.077636300468757774e-02,3.807324046611243684e+00,-2.413304525620904330e-25
-9.686409079661916879e-25,-8.854986154987266531e-03,3.945702211628663747e+00,5.950527314918003688e-27
8.483259570700453123e-24,8.496532711487972053e-03,3.964379731382253191e-01,-6.648806344209477008e-26
-3.135589256754270064e-24,1.307462023989541160e-03,4.349986485957444415e+00,-1.453419812320290061e-27
2.695637319526146585e-25,-1.197975413536956843e-02,6.007351180152326720e+00,3.107234117345466012e-27
1.310210421920680764e-24,-4.102215790540496287e-02,4.717871268487960457e+00,2.946586744896376663e-28
1.737601037686932774e-25,3.095009953937906226e-03,1.369776782639578805e+00,-1.073795453290699684e-28
2.845577744499948531e-25,3.100712952587724586e-02,4.756100513162705212e+00,-3.855580231303870974e-28
-1.153467285143815684e-25,-1.258773924837383465e-03,2.729309809699792311e+00,1.330293050617171162e-28
-5.497090754413709281e-24,-1.913630092543278744e-03,5.612146467114712545e-01,-8.905820238883858202e-27
-8.246707320780970821e-25,-2.330857378184073882e-03,3.492028400620324491e-01,-1.806177549861233314e-27
6.695600292131414305e-25,1.040672398805264718e-03,5.256840258947755862e-01,-6.027123239571936610e-28
1.597261018477561454e-25,-1.812929869786183198e-03,2.698219629160555577e+00,-2.615734293780949950e-28
-5.980000077076842758e-25,1.029948972965273081e-02,1.957915842798909623e+00,-2.325197878312528137e-27
-1.090975515532347803e-24,6.321592942852495740e-03,4.625675812428900358e+00,-5.972858028929956088e-28
5.647690650725641812e-25,8.144502237782303908e-03,3.776279629896281076e+00,3.703992828978382361e-27
-1.491352410050301109e-24,-5.186852649578110180e-02,7.675541959481744225e-01,-5.566498076953083929e-26
6.523494707576179712e-24,6.052408487445690849e-02,3.218682816032577332e+00,3.936559163332220972e-25
-8.543493726988751790e-24,4.846597160933263475e-03,5.994144898277666833e+00,3.968922558189201882e-26
-1.440928716243079882e-25,-2.008015250004869037e-02,3.358692900518787106e+00,2.825487460067698988e-27
1.668859610494051875e-25,-2.057939484088904761e-03,8.704281735955232691e-01,2.213475919657231019e-28
-1.215917359739914766e-25,-3.396006858450936056e-02,2.838677664808030965e+00,3.941262419211820769e-27
9.998685605994163804e-24,-1.591572055806080759e-03,3.890889292142633682e+00,-1.165145163808300457e-26
-3.851623622346202303e-25,3.941043937938555619e-02,6.917658044335939227e-01,1.168998567571135562e-26
-2.368223727524115749e-25,-2.326875650873757185e-03,9.453441369749666645e-01,-3.226235317602012040e-28
2.173282580990262468e-25,1.294079765357879566e-03,3.830992540233336463e+00,2.170127004415245478e-28
2.062033246575732844e-24,-1.211822416317478480e-02,8.396433467764174985e-01,1.668531726339303258e-26
4.627529686160421464e-24,-3.577964455140526800e-02,5.557653490323234635e+00,1.238716637195806546e-25
-2.295161981704679034e-25,2.538889078391230042e-03,5.564831511184211266e+00,4.387212880400458953e-28
-4.859953915197194303e-25,-1.221626615825524651e-03,1.909417433790797203e+00,1.972209431956391031e-28
7.236553370514536803e-25,3.708044155987649804e-02,5.650248121198536033e+00,-2.163564654465868837e-26
-3.434438889297171592e-24,-2.859753726854565720e-02,5.706377963557450528e+00,-8.232585465106057504e-26
1.430101997014976826e-25,-3.427120333418563758e-02,5.365115079716984425e+00,2.976723655372478623e-27
-1.021768316134774696e-25,7.535362588375005277e-02,3.807561423388979710e-02,7.693814309623903003e-27
-9.141628807872773848e-24,1.083577945213476737e-02,5.303041835408411231e+00,5.516499713968512775e-26
-4.107805973088257177e-24,-2.041358978652832792e-02,3.363669824335912217e+00,8.179575704691184762e-26
-5.886975001942357960e-25,2.201803106285747311e-02,3.495890715565559859e+00,-1.215689569161858453e-26
5.754952157325295261e-25,5.660304303404302406e-02,3.026086688126917501e+00,3.235772164707236525e-26
4.707461794623923792e-25,1.102575651519366621e-03,3.312594418498824300e+00,5.114630669604238155e-28
-1.589773477357008838e-24,2.631500630480694894e-02,3.166778142795942941e-01,3.975466819386948762e-26
1.574853432274934098e-25,3.054253532524815306e-03,1.520194815585086678e-01,-4.754529229150374545e-28
3.655471740637919317e-25,1.684630756456179709e-03,5.086407541033516111e+00,-2.249925324807780782e-28
1.149727052186447299e-24,2.385452886192177512e-03,1.196069845863024117e+00,-1.003848193285629545e-27
3.252110577404157293e-24,1.870328316020524514e-03,3.731784870512138141e+00,5.053558159404966136e-27
-2.513452691428115292e-24,2.180236744150795825e-02,5.594873201794510642e+00,4.232249584508438543e-26
1.643733128364397454e-24,3.350962933201265953e-02,5.677339342597849559e+00,-4.527762727913482971e-26
3.682435587332112674e-25,-3.540525045838068680e-03,3.211701941079776468e+00,-1.300572623021328422e-27
-5.084614198875341405e-24,-3.841020438583501312e-02,5.275711147001186374e-01,-1.687464540733387528e-25
3.752794508660188434e-25,6.794987342419169137e-03,3.693661613894035689e+00,2.171191539852952116e-27
-7.834789870377001567e-25,-1.517819418456079579e-03,5.208382355981278522e+00,-5.659371886932980611e-28
-1.354183567010470333e-24,4.878735443757707679e-02,3.388440793338807655e+00,-6.406436946075265171e-26
2.973338886278241306e-25,-4.630219427556673747e-03,5.339664681392448209e+00,8.080544531351549864e-28
-1.082678724957569374e-24,-3.585185617910910394e-02,5.117533262054417165e+00,-1.529939594756260909e-26
-1.234052670584132413e-25,-8.534148587156235172e-03,1.511590096011188322e+00,-6.231714561016151028e-29
7.062354678122408007e-24,-5.031574512805530447e-02,1.335131413142070178e+00,8.296996792527965742e-26
-4.191665782846285530e-25,1.591031894298696250e-02,3.028978478742125890e+00,-6.626830184405113732e-27
5.417292440030780273e-24,5.092477040603466537e-03,1.623159821462371588e-01,-2.722481866005664701e-26
-1.867712195968283734e-24,1.232996416914889509e-02,4.352353464487721979e+00,-8.113226932895135536e-27
2.271612420883619554e-24,-1.326074726985584235e-02,3.030948448221763236e+00,-2.993907954169781406e-26
-6.282796676206867072e-24,-3.728456912046600787e-03,1.547474683370058113e+00,-5.462631633527580258e-28
8.528814619156681688e-24,7.237153756957087798e-03,5.788931903585894823e+00,-5.433736609260949093e-26
-8.371636199761111693e-24,-1.364610516091398391e-02,1.816320740296013536e+00,2.776780609327869939e-26
-6.121477911636609133e-24,3.161819838755162981e-02,2.423347205962108397e+00,-1.457357751881123330e-25
-2.240556380333613731e-24,2.103392027373199562e-03,5.486748645386669843e+00,3.295443207564485154e-27
-2.992497733111402210e-24,6.665377709329144140e-02,4.782317632446801525e+00,1.393669330261359188e-26
-1.050338989324296892e-24,-1.573875797248515656e-03,3.278201850560067854e+00,1.637701922836184026e-27
-4.069040969415458666e-24,-1.136699126530441636e-03,9.854057766955325315e-01,-2.555579996598796623e-27
1.006706854268121806e-24,-2.679225530313971218e-02,5.409396175489411540e+00,1.731398820867231960e-26
7.947003603642053588e-24,-3.270162835115541459e-03,3.431530744358837648e+00,-2.490329786579787556e-26
1.515424842007337030e-25,-6.255385708103802789e-02,5.232705157346022595e+00,4.712809317268506568e-27
3.744975749899060409e-24,2.168730661197964659e-03,5.277703290736310393e+00,-4.350719424168945101e-27
6.705319434285889276e-24,2.848497373378459235e-02,2.692889721745450160e+00,1.720937742383335768e-25
-2.730938605881321504e-24,1.960563279063113479e-02,4.279828617334337615e+00,-2.244453811729437045e-26
-1.027689867032422419e-25,1.924475538338670227e-03,4.106226615311319716e-01,1.813357326247381423e-28
1.956078968980664546e-24,-1.606577352983263804e-03,2.318365625421060283e+00,-2.136517154861563140e-27
2.708811096893380219e-24,-1.277853150369968448e-03,2.431841204855974325e+00,-2.625602142790795665e-27
-1.790336311192941812e-25,8.791021213322487704e-03,1.315728953492338427e+00,3.971087432201303030e-28
-1.227340281449089077e-24,-3.896605257406870592e-03,1.646066334103237772e+00,3.596360284576857484e-28
-4.063484244550288149e-25,-9.070121190986293186e-03,3.218829415353577694e+00,3.674641576304344543e-27
-1.032592785136048398e-25,6.761537913429116475e-02,2.506442671885684259e+00,-5.620321152979772615e-27
-3.161407565989186974e-24,-8.925952023451076689e-02,3.313310420318838379e+00,2.780355317233192584e-25
3.333460297057615369e-24,4.904862885996251476e-02,3.324676727006031118e+00,1.607690332017233616e-25
-3.465875303754831963e-25,7.246038951606521838e-02,5.176687421016581858e+00,1.124587990297735753e-26
-2.451659008932112631e-24,-3.685174032916963688e-03,1.539346377970588708e+00,-2.840968480906728325e-28
6.067381462365591077e-24,7.983189649306427979e-03,3.208939606092654273e+00,4.832725255214205140e-26
1.431566187669514029e-24,1.598745344623695840e-03,5.147932780107052686e+00,-9.656146537398285608e-28
1.010694810951115444e-24,2.194051124261236965e-03,2.992433283504796204e+00,2.192893565366765011e-27
1.460822339575292699e-25,-9.074315904857186907e-03,3.980806844319340065e+00,-8.855616744497081573e-28
-5.365699822614037617e-25,-1.882837856779790917e-02,3.605926135155225420e+00,9.033066868016244920e-27
3.479380192604077525e-24,-2.554470426566652838e-02,2.772719201417115364e+00,-8.290116523037470361e-26
1.082872668685098263e-25,-4.922028639375277542e-02,1.526383983099641517e+00,2.366368852684801655e-28
2.334970071877757103e-24,-5.856636837695978690e-03,4.100166407915379452e+00,-7.858896492389317315e-27
6.173832003156808135e-24,-3.897379848225918098e-02,1.722998537782442829e+00,-3.648131057911027769e-26
3.516593828600589078e-25,6.162566242142024364e-02,4.050548023602365433e+00,1.331849878311223599e-26
8.210672014182291865e-24,3.997091524403832002e-02,5.366747552497672658e+00,-1.997518147155168970e-25
1.440567214716007239e-25,-1.374503721831903634e-02,5.810856331437594946e+00,1.763269879372583655e-27
1.186377844443184644e-25,-1.066384375095046034e-03,3.111357395369789836e-01,1.204391232304919102e-28
-7.385369379555122970e-24,-7.100791955090175744e-02,2.941830318108870301e+00,5.139909820213648605e-25
3.137004238931557318e-24,-3.046150669486775986e-02,4.319725004217387365e+00,-3.656531655603385478e-26
5.556942419381839895e-25,1.616680125972200449e-03,7.705761331051258489e-02,-8.957139226731290266e-28
7.606583936738112598e-24,2.696460506311045002e-02,1.193568620051910445e+00,-7.555060297796780942e-26
3.494708786358438414e-25,-5.884500251385914663e-03,4.770429948228455785e+00,1.192920103322898788e-28
2.288386072296482877e-24,8.271223647718834587e-03,5.128967246753894926e+00,-7.658807199647608998e-27
-1.354482674381051734e-24,-6.142154830162229601e-02,1.277160269564682205e+00,-2.407934094551483573e-26
-1.372811331138529721e-25,4.818407574030091067e-03,5.858188757736408014e+00,6.026316094176950168e-28
1.027917783173020692e-25,-3.873279537598722094e-02,5.385049776743139560e+00,2.480696461788873583e-27
-6.007804464544403471e-25,-2.496501524274610112e-02,2.741383408813347633e-01,-1.443843159452723765e-26
1.284179264389432465e-25,4.145983784743323061e-03,4.599639241604196904e+00,5.990295474790304386e-29
-1.099499091903343081e-25,9.995156976600205745e-02,9.359455348302432309e-01,6.517502586834957402e-27
-1.499060237163051430e-24,3.605324080343601245e-02,4.372918877688816153e+00,-1.799663470580178166e-26
-2.489155604791251472e-24,-1.433399772858103818e-03,4.258746456056725194e+00,1.563629702566129552e-27
2.770180055593985488e-25,-2.163706715125170935e-03,6.815950243909719708e-01,4.654642423347740140e-28
-9.234848114738222041e-24,2.015725288809156607e-03,2.532369044874562825e-01,1.802122248230028113e-26
-4.752187778624838773e-25,2.525986358330682864e-03,2.410615132412731842e+00,-8.937215432133965529e-28
3.177614753480236841e-25,3.786803213743484414e-02,3.841535256238491902e-01,-1.115598848170640537e-26
7.757826997666411841e-25,-4.861754939391653256e-03,5.859267496079233695e+00,3.437814180595619047e-27
-6.790386235382425412e-25,-7.682757486392081947e-02,4.527983504077403687e+00,9.565798507029097259e-27
5.416348834297798000e-25,-3.000985035246249346e-03,2.149601773437120222e+00,-8.891542584693938699e-28
-4.701185956246432680e-25,5.610405747968919173e-03,2.726498500267711567e+00,-2.413570470166151963e-27
-4.361045554873764110e-25,-3.929411724349235469e-02,3.333725712608488934e+00,1.682102031921072279e-26
-5.194383505380645220e-24,2.958869485430164203e-03,6.150435292982607827e+00,1.523427656972081442e-26
2.104855739997447117e-24,3.619526687275745509e-03,1.839295546506324319e+00,2.021093330961349389e-27
-1.582679013474677700e-24,6.754221487283243452e-02,1.110555774470702861e+00,4.748004773025896997e-26
6.499347899371973060e-25,2.613256907187770216e-03,4.219525657840379473e+00,8.036206086852629268e-28
-9.552058738228304792e-24,-6.413641839463780914e-03,2.315112266137362873e+00,4.150409914082660497e-26
6.918916607760622454e-24,1.530411932314191051e-02,5.768227217021224540e+00,-9.215567647683327508e-26
6.237715531127567578e-25,-7.079762208372987475e-02,1.013954404690950994e+00,2.333972223492913375e-26
-9.260907993234032652e-24,1.418557847646311106e-02,1.673509192619576647e+00,-1.346981306676984945e-26
2.434760112318760979e-25,-1.535834648401312921e-03,4.455675169919801171e+00,-9.494436739890350419e-29
-2.674559490128432170e-24,1.238824002633634111e-02,1.004972813870627091e+00,1.776301672816470894e-26
2.824280364899137138e-25,-1.709586774181328511e-02,2.420412437165427644e+00,-3.626222934064391717e-27
-1.646452778224146747e-24,3.266408325758098780e-02,4.849349557939445887e+00,7.342715782533203628e-27
-3.423428092294349578e-24,-3.604725994300346081e-03,3.250613686263376323e+00,1.226725568847856894e-26
3.229820098016236365e-24,1.527846402745167489e-02,4.380232090916812981e-01,-4.468796233817151840e-26
1.256854245749529288e-24,7.747768186501050036e-02,5.394179880804919058e-01,-8.355121218492191919e-26
-8.272346039947193366e-25,-4.662911493915309312e-03,6.212227244700104123e+00,-3.847614919592695060e-27
1.437711822972094248e-24,6.204934742700027837e-03,6.206296689703292735e+00,-8.894551451431479163e-27
-7.744340613108972727e-24,2.189881058147461965e-03,1.774716340021294858e+00,-3.434398894862170716e-27
-1.257508657341832364e-25,1.432154665233879420e-03,4.521511891219496704e+00,-3.416758736222649018e-29
-1.224685218238569669e-24,-7.565695978201996720e-03,1.661243013740050012e+00,8.369003153025463004e-28
-3.173127355922071843e-24,-2.868808611317662932e-02,4.115477771253718053e+00,5.116763219841433849e-26
2.406911914883112072e-24,-4.778196528737228659e-03,7.048304093535909809e-01,8.760328375685648379e-27
-9.343694415552830313e-25,-1.553496442234715905e-02,4.210173587904646020e+00,6.987255145205574880e-27
1.600858470163185101e-25,-6.179703809755177080e-02,8.683107442568769319e-01,6.391924168664898671e-27
3.321853322479542913e-25,-1.989209053431558252e-03,4.534945453001832050e+00,-1.166378745840144613e-28
-3.076896543297602145e-25,6.514500944563737794e-02,5.703781510464081883e+00,1.677297616181755931e-26
-4.448750387025692669e-24,5.704151027493328807e-02,1.878968516765340713e+00,-7.697087801894816228e-26
1.074039855492653641e-25,3.358962387481066042e-02,3.676748695178116311e+00,3.103269223184974822e-27
1.148595629794016363e-24,-1.502736901517649987e-03,6.484295302518511273e-01,1.375708898442558539e-27
-1.583713549700707682e-24,-1.165598925877785880e-02,6.188563803717554990e+00,-1.837717258633309169e-26
1.789131484211177138e-24,-1.803626017306763241e-03,4.956989146654515288e+00,7.814590826269894287e-28
-7.302665094511266354e-24,-1.825816102973345633e-03,2.373993122538837319e+00,9.594388283412385884e-27
-3.391629003076159046e-25,4.002510807238310320e-02,5.227307965260799882e+00,6.685219053230593665e-27
1.327783316605961254e-25,9.030474129372872971e-02,2.712152648746320338e+00,1.090176296183040835e-26
-2.635589009099178776e-25,-1.848335357579744542e-02,1.033590916803645454e+00,-2.492902622678060706e-27
1.237190910741361128e-24,2.324445663903141300e-03,4.349115980619322031e+00,1.021867896416531275e-27
3.867806003872803059e-25,-8.015909269158160919e-03,3.439901036114580091e+00,-2.963469203665983909e-27
-6.214195227432869224e-25,-3.370615812263403482e-02,4.759428336993480002e+00,-9.849072796016326829e-28
-3.398388410971651312e-25,-8.638947483284814197e-03,5.116184359792455005e+00,-1.153528616134602724e-27
-1.418925072248193980e-24,1.510639279839959834e-03,5.003567425113968348e+00,6.153540809517901243e-28
-6.989352492658232045e-25,7.259446147469407473e-02,5.278007724634885101e+00,2.719288112609576106e-26
-3.244357225689809780e-25,2.109099002044679746e-02,2.299047152642078817e+00,-4.554243251371190037e-27
1.457884632234559747e-25,-8.847536678172608637e-02,5.846691955298400245e+00,1.168930314591573126e-26
-2.562828517807329289e-24,3.329041605184160195e-03,3.413207650326890885e+00,-8.218978692926462793e-27
4.297783489208143215e-25,-2.649771411557408016e-02,4.554321845932494561e+00,-1.792604673891073193e-27
-5.244836072223701350e-24,2.627567757252632918e-02,5.284462609323921534e+00,7.460799780046585355e-26
2.550160321657061776e-24,2.129658461644410097e-02,5.036455047351267922e+00,-1.729349204478106718e-26
-2.147675487446605242e-25,1.913721100109537152e-02,2.479981967203577220e+00,-3.242846022905382861e-27
6.506173511581198497e-25,-3.440206893002733732e-03,2.729739074012532463e+00,-2.051096018477979517e-27
-3.618023425086456188e-24,6.468665231950278260e-02,8.965302162594094293e-01,1.461154758910382175e-25
8.189010509088649761e-25,1.953532955265467001e-03,1.283578376400000165e+00,-4.531856164368859054e-28
-1.239308306815988197e-25,1.558486264699248617e-03,5.703347312433635352e+00,1.615753038842289904e-28
-6.347636493026543106e-25,-1.264725587563475485e-03,4.639466225613858796e+00,5.849064918820584105e-29
7.859598251191297886e-24,-9.736252822888019631e-02,2.431827790394875538e-03,7.652280938959465762e-25
1.121773809861034574e-24,-4.597769965202978121e-03,2.734404249018798527e+00,-4.735957113880122436e-27
2.837505861628081487e-25,-1.629458755949128026e-03,5.329340116962476337e+00,2.674987968298452888e-28
-4.039683080059086051e-24,3.227964933872938882e-03,6.828482107337350282e-01,1.011611870680730179e-26
-3.848222975078444695e-25,-3.228704645117244643e-02,1.436483982764171552e+00,-1.663787757702504185e-27
3.556458680227554482e-24,4.413633807792879254e-02,2.854612431723691390e+00,1.505495016362936780e-25
2.475321309806825316e-24,2.412137109527732678e-02,1.983186649633616128e+00,2.393104807476721846e-26
1.624483557078528249e-25,8.856409725373853847e-03,2.266632204670099515e+00,9.222517497448630272e-28
-1.074925859489297428e-24,4.924645679232095979e-03,2.305299490607623181e+00,-3.547888104799883041e-27
1.208791472362380800e-25,-6.376718930076240299e-02,1.919469213879632763e+00,-2.633486950460022869e-27
-1.421956660562346990e-25,-2.600021011843565641e-02,4.244596322432617974e+00,1.667093687583239545e-27
-3.322764550980219821e-24,1.537789350708578667e-02,5.968814515774554685e+00,4.859290732501615226e-26
4.198606751249547155e-25,4.111474587827863847e-02,4.605150093808438427e+00,1.847661358866254157e-27
-5.585673486296603685e-25,2.141301570035407387e-02,6.009222960271692671e+00,1.151455775793771164e-26
-2.982906957206480691e-24,3.016484999235984413e-02,4.304354748416150400e+00,-3.570415772798045866e-26
-2.189083226585588575e-24,-9.263322252725962602e-03,5.390524772488042987e-02,-2.024872857279471168e-26
3.850914233407925002e-24,-1.252022241690663347e-02,4.742017742292285121e+00,1.428321095650647135e-27
1.467339216451254490e-24,-3.464414326869117572e-02,6.576575980770906771e-01,4.023192286782366719e-26
3.508159691069522846e-24,-2.550531090450264878e-03,5.851649376586993689e-01,7.458965879992124382e-27
-1.680949370798560268e-25,-9.167058758565295451e-02,9.888760572322552456e-01,-8.469434488300104655e-27
7.849594110680532549e-25,-6.476808607898305870e-02,5.292367003634108613e+00,2.786077701359610230e-26
-1.898502186405699799e-24,-7.090973747035800821e-03,4.824648354130961714e+00,-1.508089219709629945e-27
8.794090605171605368e-24,-1.434521659647841792e-03,2.864604493401642138e+00,-1.213446080843183374e-26
-1.787843083844817241e-24,-6.301032743310022721e-02,2.264067343824316847e+00,7.199136580396030528e-26
-2.301846707195771806e-24,3.623305215355232534e-02,5.511492327227299093e+00,5.977747490756758632e-26
-4.114461003641550677e-25,-2.435361634433807348e-02,4.510753140855332521e-01,-9.017968572921976541e-27
-9.995767514368817158e-25,3.767826964109101309e-03,4.327170355431533277e-01,3.419097644189063554e-27
1.219437405055103935e-24,2.203293800565246999e-02,3.930994602054893150e+00,1.892217805453988446e-26
6.161843355611851476e-25,-7.091295248115697669e-02,4.879381960197346935e+00,7.262966693847114812e-27
6.143440044364179277e-25,-2.230834595148825303e-02,2.084198978818080139e+00,-6.731128659978071974e-27
-6.765883833794029972e-25,1.949126900019595987e-02,6.170150169007742491e+00,1.310340746056331300e-26
-8.041092032743977090e-25,-1.087368841708760865e-03,2.634520135449503808e+00,7.643420687662415222e-28
-7.433047547558628450e-24,3.278070029470296631e-02,5.127646177058894139e+00,9.829880749225723887e-26
-4.460332981193569211e-25,-1.754049899733683276e-02,4.606568956697310036e+00,8.263542177592403398e-28
1.139999102124023350e-24,2.059105953926828464e-02,6.064952628294483894e+00,-2.291702882186836590e-26
8.504966607664310676e-25,1.811754517906290912e-02,4.911665996356959774e+00,-3.050359041054177104e-27
8.252388997143579744e-24,1.172432734577880890e-03,1.511396478562853085e+00,-5.743776630202230751e-28
4.939509497146603428e-24,6.865191041246393455e-02,5.184163398647095633e+00,-1.541130324091637467e-25
-3.102458628012944897e-24,-4.861896858638039415e-02,1.241175889566987101e+00,-4.882394510976712254e-26
-2.031512334307836355e-24,9.456926093260036026e-03,5.668319060053472747e+00,1.569322118599559014e-26
-1.434914501193486664e-25,-5.286856113399460329e-03,1.410071242519227663e+00,-1.214047677111152705e-28
4.665134230462427415e-25,1.384561284725754904e-02,5.169711925225727533e+00,-2.852029355074646112e-27
-1.934587131817004145e-24,5.737595400595627698e-02,5.270137563237098810e+00,5.874913896999518246e-26
-1.163587609650856958e-25,4.611208718611492507e-02,6.258580615999747465e+00,5.363921286459300822e-27
7.872585780714944755e-25,4.739247408863016611e-03,4.338369085429451211e+00,1.363164310127996355e-27
9.466112698310171079e-24,-6.528808961118170995e-02,1.038402224703361076e+00,3.137076714346197059e-25
6.794711763869329923e-25,7.983336781661055925e-03,1.186630568888060955e+00,-2.033005969312956767e-27
-1.461638514673087924e-25,-2.406772999768488214e-03,1.266424255727912840e+00,-1.054273767945486435e-28
-2.255789453043353860e-24,6.156566365102623950e-03,4.644762395623274198e-01,1.241658023759444217e-26
-8.411216482400035951e-25,-7.641080139194142071e-03,3.726146669877698603e+00,5.359914815629747422e-27
-1.414931072367802854e-24,-9.989931137505010661e-02,2.074946279482559497e+00,6.828131016794740944e-26
-5.666305054988741994e-25,4.141953664343561367e-03,5.898412203795980524e+00,2.175356281383092175e-27
-3.369692041946036335e-24,1.193386167389638448e-03,1.905566712852459377e+00,-1.321221823962970384e-27
7.007683941299351136e-24,-5.175816269295991506e-02,3.952912769629778111e+00,-2.497374070676668393e-25
3.961769822635263131e-25,-8.988043817750399761e-03,3.934698317130052914e+00,-2.498424125178721947e-27
-7.349344080944695073e-24,9.681922703094312729e-03,2.681362098771630453e+00,-6.375203075629584390e-26
-1.105207876109315428e-25,1.789311425105104573e-03,4.021215006753792842e+00,-1.260580817845457616e-28
1.607411606565806017e-25,-6.123077969577250812e-02,1.032119083241670676e+00,5.049113150848452635e-27
-2.219979849546023914e-24,-1.413670881838526017e-02,1.238412248908546953e+00,-1.024026392637411914e-26
-1.303466814578200254e-24,-1.092629082698210385e-03,3.534907100323514850e+00,1.315458907129686450e-27
-6.287947853775713918e-25,6.443289909438221219e-02,3.499488588171378201e+00,-3.794787236085444308e-26
2.271428878118401650e-25,2.410747861234534186e-03,2.000043848370992361e+00,2.278972780956460588e-28
-3.832510023456083551e-24,3.984099304840198717e-03,5.964124687870113739e+00,1.449847660530543553e-26
2.458843458115848586e-24,-9.815064985344679194e-02,3.434277156891108351e+00,-2.310736890133395827e-25
-2.841579718290572918e-25,-2.330660608582934071e-03,3.742908610540545133e+00,5.461072236815746999e-28
-1.563029427708339816e-24,1.203388772584925619e-03,4.994168956722540575e-01,1.651198723437158736e-27
3.042664206071959665e-24,-6.296101355989007498e-02,6.271943549534983120e+00,1.915571174813558957e-25
9.860269506040367522e-24,-1.847890939609024953e-03,3.759336187914378291e-01,1.694826460251545799e-26
-1.580592127289931720e-25,-6.677176574864114589e-02,1.618299316105484609e+00,5.011529256510389846e-28
4.925134826322342474e-25,5.425654603068965492e-02,4.157330477555128745e+00,1.408234989594779241e-26
1.605534403793264152e-24,6.273676268388606037e-02,4.039416752676062927e+00,6.278383814948764667e-26
6.458006373268195511e-25,-8.062123524584579801e-03,5.646942283655967287e+00,4.187783337557075354e-27
-6.789619026026582837e-25,-2.917933979824666874e-02,3.497776698153858832e-01,-1.861204277460381373e-26
7.966140097835772045e-25,-5.039130975863594097e-03,9.051194594936797788e-01,2.479162463643894373e-27
-1.121265302948971075e-24,-1.259802761729411505e-03,2.768800809356422032e-01,-1.358772405718158366e-27
-9.374461580349601502e-25,-4.361714639488593892e-02,1.756832949001490229e+00,7.562998311762578351e-27
-4.590647676486802162e-25,1.986718271756143361e-03,3.341452500343262688e+00,-8.938778217051806585e-28
5.740997815552148074e-24,8.388137453771990840e-03,3.671490549275937099e+00,4.155206330971379917e-26
-1.077299497954044600e-24,7.333845197423878755e-03,5.802897199687264695e+00,7.006871717315925710e-27
1.628208317786142290e-25,3.847832212139477154e-02,5.875488050758862490e-01,-5.214431865882216596e-27
2.069317692948103703e-24,-1.146337029760146698e-03,5.760480711659230479e+00,2.055389339015703454e-27
-2.803398979897257374e-25,-7.188151998716285629e-02,6.198865262166812329e+00,-2.007966400209010207e-26
-2.367858564436459725e-24,-7.071307587135898520e-02,3.461184728190267457e+00,1.589600861464684680e-25
-1.213778381723489536e-24,1.443839883405917358e-03,1.825910350153335804e+00,-4.422538531248816554e-28
2.159273533994992777e-25,-7.286597526464386188e-02,1.761733976734603524e-01,1.549022322154639602e-26
-2.566462644736667637e-24,6.566318926971036196e-02,4.366942800380503975e+00,-5.706437675510624294e-26
1.061711168420673845e-25,-1.602068521306948025e-03,7.819227907021930601e-01,1.206914699993479479e-28
8.179542037396088942e-24,-3.720056381952003416e-02,2.320675547954445417e+00,-2.073845873283843922e-25
5.568877997102705593e-24,7.879937130140966806e-02,3.881529105819578884e+00,3.240765923402803909e-25
-1.549635121643070536e-24,5.207350176418050654e-03,2.423502119657841902e+00,-6.076839872929795363e-27
1.818287831249292817e-25,1.784170694442690488e-03,3.816883595906891635e+00,2.532129497811184466e-28
-5.667427369132133920e-24,1.255000710129564349e-03,1.295382278335931447e+00,1.934245782930858472e-27
2.582676608900001072e-24,-2.907427853302855733e-02,3.293280713224448153e+00,-7.422723752597640912e-26
-3.350699291950416974e-24,-4.688146554681636366e-03,9.891955788811073180e-01,-8.629694211191986220e-27
1.921916893737722768e-25,1.731961335118225448e-03,2.601669414894892451e+00,2.855174025343159682e-28
-7.845131609755999080e-24,-1.029639603491136653e-02,5.843768075400664230e+00,-7.310278518752227476e-26
-7.021925643647135353e-24,2.420917580348568975e-03,1.442370418898480722e+00,2.177180317757904627e-27
8.138516010592960047e-25,3.176943801401091970e-03,5.601638787306138845e+00,-2.007944831842620383e-27
-3.794408181540219005e-25,1.173614511093945718e-03,4.550048877333005670e+00,-7.197572845340651306e-29
1.506457746661829275e-24,4.695852660150275949e-03,4.144955836471134525e+00,3.802113057361735201e-27
7.685845152586532025e-25,3.699835984834944080e-02,7.698543740065079133e-01,-2.041765342449760053e-26
-9.253205590729685905e-25,-3.188990115606476269e-03,2.281803989427418244e+00,1.925709910939042233e-27
-5.540885649836250539e-25,-2.427185675566953613e-03,3.063494043650228704e+00,1.340776449181805722e-27
-5.220501858312100766e-25,6.946033463142078923e-02,1.289111468441332287e+00,1.007985025331246181e-26
1.451721245666794460e-25,2.723927259447648814e-03,1.712479217752708701e-03,-3.954377275910111311e-28
1.047166897287726450e-25,-1.383575149261497645e-03,3.102227251078124581e+00,-1.447711659224391480e-28
2.415699849688219202e-24,-7.562301832397049298e-03,4.729466723082356161e+00,3.119653323481565378e-28
6.006360809898480913e-24,4.699516450204934900e-03,2.386665763797597872e+00,2.055832877198337195e-26
9.959227690832197438e-24,5.078637635197450623e-03,5.489518594692840203e+00,-3.546802841969145444e-26
3.536454736386727160e-24,-4.678073565475034112e-02,5.564644469077247635e+00,1.245362452631514303e-25
-2.126048417922073812e-25,1.695924359665613654e-02,2.281073473292914322e+00,-2.351020851456585748e-27
-1.444482491283459981e-24,2.317090197877696815e-03,4.957941858293572146e+00,8.136301983936693463e-28
6.580406855403410683e-24,2.212466530778724530e-03,3.922047211129773725e+00,1.034548510185076508e-26
3.297556181025648443e-25,1.927959473167984101e-03,5.750447821427805417e-01,-5.335056109795571674e-28
-1.076181182088333240e-24,3.546475096478565736e-02,6.027730424171076073e+00,3.692793574090004052e-26
-6.137411414164706562e-24,3.020459623034098956e-02,4.989029321158831465e+00,5.063142664855168152e-26
-1.166393250617366737e-25,-5.410728126453806693e-03,2.812277707669286642e+00,5.971907580757401901e-28
6.853007987055805455e-24,-4.632896357475707605e-02,5.928384451996052462e+00,2.977179404164919610e-25
5.716961028217264445e-25,2.498095906411117693e-03,5.922861896990292863e+00,-1.336439856402956696e-27
3.615609652895806396e-24,-1.550251092150584271e-02,1.326589315416819348e+00,1.355240661764745084e-26
7.541827676444323324e-24,1.182473204850921890e-03,1.466642702142577359e-01,-8.822265942374777387e-27
-3.390420903648106562e-24,-2.234556214914183367e-02,3.628870482353910187e+00,6.694310835363656055e-26
-7.445538711662804823e-24,7.621266532954815154e-02,4.039940475493752459e+00,-3.534629666222418002e-25
-1.094129259886642475e-24,-8.313106956808220815e-02,5.163166889096774348e+00,-3.962648378198610216e-26
-1.091824604443113589e-25,3.377683269550746988e-03,4.820912922642891368e-02,3.683553040709435467e-28
-1.595512534256892326e-25,6.271052485894157424e-03,5.333383382217872004e+00,5.821667025332116830e-28
5.754045917494269800e-25,-4.370831163501984022e-03,6.042239123875596363e+00,2.442344691527089811e-27
2.679176341951873158e-25,1.008417101957930981e-03,5.472430939229578684e+00,-1.861360002872030228e-28
-5.826615609257690931e-24,-5.321639643376420425e-02,5.044348715092235480e+00,-1.010511801328319591e-25
-3.203145752130972893e-24,-2.091961650820405721e-02,5.590199182339707029e+00,-5.155250211669048071e-26
-3.319627865500841830e-25,-2.592850126983766226e-02,4.915056706652795038e-01,-7.588393634223678678e-27
1.629811465976934418e-24,-3.601546156520349373e-02,5.112179079781679292e+00,2.284688963817889722e-26
1.961130914509869824e-25,-9.530108196810795074e-02,3.638190039102098705e+00,-1.643222726905989341e-26
3.112075493316562765e-25,-1.352875254342126481e-03,3.034576187668039937e-01,4.017879329443349225e-28
-9.663991843474119963e-24,1.321095026328960058e-03,2.318977101555381282e+00,-8.685508492415212617e-27
-2.676162304714072589e-24,-2.210265767511847626e-02,2.995519345699791725e+00,5.852036346843343279e-26
-6.571358075941345843e-24,-8.951213027599379257e-02,4.139366346955809739e+00,3.189157613299215784e-25
-3.557535686020152861e-25,3.925400005179712631e-02,5.860089809549686279e+00,1.273337165590840012e-26
-1.492182344322392081e-25,3.396095211915494544e-02,4.985180733120597729e+00,1.365316077710484933e-27
5.678371934678618861e-24,2.867270954358114125e-03,4.457952017932629851e-01,-1.469021539907657429e-26
-1.893004143924922919e-24,5.163941345991431703e-03,1.323275889296602559e+00,2.394970840257065971e-27
-2.597754109528616660e-25,2.011713381458423051e-03,6.200989546071646430e+00,5.208293052603261226e-28
1.062596107860568098e-25,-9.800834269885316807e-02,2.067957966219713395e+00,-4.966933894469472066e-27
4.231416902581577411e-24,5.074400865992693965e-02,4.060074115557048557e+00,1.303403951391494010e-25
-4.501253863700661161e-25,-9.671703416707547185e-03,3.604056250789854143e+00,3.896172669518115384e-27
1.766282346155834915e-25,-6.203126667643787256e-02,3.243116298291443655e+00,-1.090005714534038529e-26
1.471057026185475475e-25,5.268055425979013828e-02,2.032293261724900990e+00,3.450815609900479406e-27
2.697218219287269789e-24,-6.702112992492788128e-03,5.159063717328539411e+00,7.808728477847016382e-27
-9.427514823709730477e-24,-1.285818005768482597e-02,1.458696414045419054e+00,-1.356038545609634339e-26
-1.424693473338469975e-25,2.178554042942617425e-02,6.018829883230968569e+00,2.995950175305950756e-27
-1.380067066216477940e-24,-7.195371360063586297e-02,1.661251076899245671e+00,8.969998789103201298e-27
7.678154841141691914e-25,-7.524899345191216060e-02,1.301120259063355489e+00,1.539299483756845930e-26
4.724404260226016127e-25,-2.678848507760301419e-03,1.274937724992925014e+00,3.689988542463072210e-28
-6.798396278959278709e-24,1.036807469174328734e-02,3.867716521464661827e+00,-5.270637505402041721e-26
6.093588780679248337e-24,1.058900129375445025e-03,4.275790337754445503e+00,2.728502543609493305e-27
2.264539107255659324e-25,-2.018207165046943721e-03,3.823435775460964692e+00,-3.548444877806951616e-28
8.048309262371122243e-25,-5.346308199091097911e-03,4.365792346776767197e+00,-1.461681187832370934e-27
-7.970106087758937627e-25,2.979596050345329188e-03,3.839311018105876716e+00,-1.819809894311205463e-27
3.234035098504294256e-24,-3.242866614390420548e-03,5.796155802600877927e+00,9.268125731446193353e-27
8.455995363832676897e-24,-7.691361366879471972e-02,4.643580116675375957e-01,5.815118205622087246e-25
-4.825481289710183441e-24,1.121170772155092362e-03,3.915677764728472621e+00,-3.868614303788069124e-27
7.697123388039968295e-24,4.791473973907956624e-02,1.409292441688567710e+00,-5.930494737506195144e-26
1.510826461853633885e-25,5.031020156736457083e-02,5.613515250479899521e+00,-5.959384260355264779e-27
7.200293773971791754e-24,-3.668610293844671438e-02,5.543426885826166384e+00,1.951100231951271243e-25
-1.650085930577986220e-24,9.041778418688299623e-02,7.646655306260161655e-01,1.076627183703524822e-25
-2.215825704611613562e-25,6.918659106173371924e-03,4.558157126261353831e+00,-2.355095089578771216e-28
-1.075838435440481145e-25,-2.135876674335828937e-02,4.143290635689381496e+00,1.238253120467671209e-27
-9.825795561790094518e-25,1.021914656250020974e-03,5.203495711709089200e+00,4.735415449511080458e-28
-6.413111843427302211e-25,3.706100949141304113e-02,4.810467097072286258e+00,2.327349914089428460e-27
-5.691798583849237196e-25,1.443754064691158030e-03,3.367031276256077454e+00,-8.009621533697644890e-28
-1.478678536152901355e-24,-1.405810931041861188e-03,8.495516191859853183e-01,-1.372635088050023648e-27
-3.720254379441386732e-25,5.812947067568548232e-02,2.637630993377819699e+00,-1.893706326127638903e-26
-4.485884965207951719e-24,3.693964100565960609e-03,1.924466765027996962e+00,-5.739151883880521130e-27
-2.076518099835432662e-25,5.555512207813822004e-03,3.292450785967127036e-01,1.091647850108060518e-27
-6.242676357082826260e-24,-1.002091110476932166e-03,3.444673124119334573e-01,-5.888240550075839277e-27
-5.129384285423616119e-25,2.821974869098544877e-02,4.859868214813573672e+00,2.127030825271353976e-27
-1.888384546698715904e-24,-9.194891650080022974e-03,1.086014978587814817e+00,-8.091645879864612829e-27
-1.622389504161931414e-25,-6.683534228245217521e-03,4.673485595779517610e+00,4.217345067767804649e-29
-9.106710207316475869e-25,6.518109321698915826e-02,4.366700391068538412e-02,5.930194904468731743e-26
-4.650970773916553383e-25,-4.616741173689039440e-02,2.247303689147682082e+00,1.344325387959801192e-26
5.993680788701315664e-25,-4.360386479554935642e-03,4.711627808112839766e+00,-1.989305628008949014e-30
-2.268192919949484754e-24,1.398640442305308998e-02,5.354002325197420475e+00,1.898637447191306357e-26
-3.636927495221527251e-25,-1.981492465931101489e-03,5.985580766744624803e+00,-6.889756658708122857e-28
3.123989680977509938e-25,9.523761921992454638e-02,3.240233760915252947e+00,2.960750615120258602e-26
2.019806372329218414e-24,4.241569615069385596e-02,5.749268018701884746e-03,-8.567007747953579082e-26
-1.177294989393851514e-25,1.050593932064950884e-03,4.461448302113003805e+00,-3.071309875719041517e-29
-1.608286458745027989e-24,-1.029294051471890334e-02,3.490566405209011069e+00,1.555619006385050064e-26
5.807942907311361333e-24,-1.474198264044815528e-02,8.548713153446271251e-01,5.619413172002207230e-26
8.691329059902666673e-25,1.155498862129676922e-03,2.892747962501754255e+00,9.733477884863626313e-28
-7.299316610478599048e-24,1.033217922311817187e-02,3.962105565617005443e+00,-5.142336544499907596e-26
5.609898082741647504e-24,8.382478525242363990e-03,3.260530304298205895e+00,4.669263148028240420e-26
1.447829271385617321e-24,-6.868337549110822837e-02,2.268947572215072928e+00,-6.392144672034936333e-26
2.322873781499549833e-25,-2.069132062623745168e-03,5.676215672371366594e+00,3.947826684790647945e-28
-2.290436421749215771e-24,-2.942098732221860163e-03,2.062555970732457222e+00,3.181859528766295341e-27
-2.777275036325828064e-25,7.537482306160280150e-03,1.950053367293396400e+00,-7.750277994714578378e-28
-1.376604391315638670e-24,1.147667076781331251e-02,2.368207125112819611e+00,-1.130485308587518885e-26
-5.155756437681027308e-25,-1.113905823241185394e-03,2.556113226397982441e+00,4.786510163052828713e-28
4.260035157911454975e-25,-5.460943895586454350e-02,2.699781209026999029e+00,-2.102998941239546039e-26
-1.100372806485854371e-24,8.149135151009304079e-02,4.816144090132131517e+00,9.287126869208461846e-27
-8.232915707566727858e-24,1.180896877009570724e-03,4.441233849469321981e+00,-2.604044735425929851e-27
-1.703775220881693781e-24,-2.031341661929253473e-02,5.969316768155202624e+00,-3.291869449390007505e-26
-7.442874674915233106e-25,6.392862132364332539e-02,5.306058527982165929e-01,4.103887694893524366e-26
-2.848131161330841162e-24,2.444533023588732566e-03,4.053866603599555418e+00,-4.260602646159013508e-27
-1.644183266950387694e-25,3.901758600068360588e-02,2.336928044343617117e+00,-4.448002183234016748e-27
1.419313590151875584e-24,-5.068551254706060716e-02,3.144713531365593617e+00,-7.193828644536470922e-26
3.791714352113359029e-24,3.018333145329075377e-03,3.345743474517815841e+00,1.120699159437404693e-26
1.077967299008562840e-25,-9.234727766627497461e-03,4.826320010058290366e-01,8.817669414715366524e-28
8.647285573664525745e-25,3.444887263965913139e-03,9.672143107609193491e-01,-1.690805054165714867e-27
-4.793380149961536943e-24,1.183253640882639271e-03,4.274534920825975526e+00,-2.404819293462891896e-27
-1.099426522307045354e-25,4.947752370274575290e-02,3.438025848773973880e+00,-5.202435226890301492e-27
1.061289335937905963e-25,-3.961993662354740091e-03,7.587508545250397640e-01,3.051422266597804959e-28
5.600672866591682085e-24,6.274283966794792083e-03,4.022623408288715119e+00,2.236169748948192246e-26
-5.345097163949918524e-25,3.737887472704461578e-03,9.039064306991023701e-01,1.235814489839360221e-27
6.755424135439370892e-24,4.934701261228954805e-03,5.746867182625231329e+00,-2.865548719466013529e-26
1.113175398302664754e-24,2.024226577073697485e-03,2.830841048201574228e+00,2.145394287290086105e-27
-1.369856267112658871e-24,-3.950369986289824220e-02,3.755596949636257342e+00,4.423026323982391249e-26
-1.605560481698563016e-24,1.672512581323248870e-02,5.039565922516670682e+00,8.629840302672867794e-27
1.919110950152458562e-24,3.195342542750222257e-03,5.132427476753164797e+00,-2.500691075730652158e-27
2.955059468424770408e-25,1.369201951540202980e-03,2.603585766560766235e+00,3.474491342785819874e-28
5.058533894942801907e-24,1.528943392497831601e-02,5.770563444148241850e+00,-6.740068552788228008e-26
-4.032684186930901001e-24,3.179360688765760917e-02,5.070076888475764321e+00,4.488877988779112361e-26
2.729920163012970072e-24,7.113860357614211309e-03,4.291541238447051931e+00,7.933848112097705005e-27
-1.488439915350585435e-24,8.958773376216446621e-03,3.535981187484296573e+00,-1.231092148123241474e-26
1.687791686357512331e-24,-2.769575372415658196e-02,1.487328953438631363e+00,3.897125464758267628e-27
-1.013235183018412339e-24,1.377984773722888689e-02,4.665099628409098975e-01,1.247027111741281506e-26
-1.228636709635129194e-24,1.152477446093035790e-02,4.879704089696417668e+00,2.358103653663012075e-27
-2.472288260962826083e-24,2.961978250976652488e-02,5.914272666680454371e+00,6.830181767674571405e-26
-3.411520646822386081e-24,-5.071798479711170371e-02,1.814240186730170512e+00,4.170715583718262229e-26
-1.768150457915668878e-25,-4.012461303261036227e-03,6.052236984647846540e+00,-6.906271028134766314e-28
-8.729758817635513188e-25,7.568242322288336842e-03,5.606103626776193671e+00,5.149441644677733118e-27
5.477227488611740999e-24,4.188492267322319745e-02,1.398785015179114577e+00,-3.926736373507275100e-26
-3.430724495132920302e-24,9.858100994601477415e-03,1.229650008944946693e+00,1.131521857512089167e-26
-2.101559967104131486e-25,7.410001483638677111e-02,1.695932330108773645e+00,-1.943606452017583446e-27
-5.930542980175053680e-24,2.584225362047371140e-03,4.586675786392088172e-01,1.374182820406455603e-26
1.724196573637046936e-24,2.441176061925220356e-03,4.100957772090635167e+00,2.416172882957295818e-27
4.508444166025179019e-25,4.662663510524733823e-02,4.618499251174344344e+00,1.970791126175784066e-27
-2.514777215966780908e-24,2.244686756762290063e-03,8.399759208818878831e-01,3.767853517630832030e-27
-9.701041341323229979e-25,-3.625504462776465292e-02,4.015090177091608759e+00,2.258514311488135377e-26
-4.586051680544526401e-24,1.322948530904412235e-03,4.606737096412279464e-01,5.434633508516843855e-27
-6.538811863362589437e-24,1.526300791903836959e-03,3.220396693637175289e+00,-9.949220874391295718e-27
4.422844465165202247e-25,-3.747922185606729524e-03,3.898878300564123212e+00,-1.204618069803429435e-27
-2.023682397645421998e-25,-6.129542781541549162e-02,2.387589992761583790e+00,9.042134088990442462e-27
-7.980208071320755725e-25,9.423247840397347419e-02,1.437691933919278964e-01,7.442364534712687028e-26
2.670203895251813174e-24,8.222710932861114139e-03,1.020511260726077341e+00,-1.148162080561736977e-26
-1.539115972109639441e-25,-3.252953552854843250e-02,1.809004079520470709e+00,1.181381354636991342e-27
1.829946499516054231e-25,5.285100028146765688e-02,1.216240873158126456e+00,-3.357671283873381795e-27
5.823420352633640317e-24,-1.202089338738755037e-02,1.187244077370974926e+00,2.619620402409420184e-26
-3.394536038385976623e-24,3.235593874025470551e-02,4.155374543933933462e-01,1.004865219799154791e-25
4.752137490329853153e-24,2.665398834950840484e-03,1.854278397179002003e+00,3.542781217104593650e-27
-1.342615204137006557e-24,1.455209814218933091e-02,3.305078690950129960e+00,-1.927734826409134460e-26
-3.692711665172638693e-24,-3.444501141058772115e-02,5.457215003526733277e+00,-8.621869220863567156e-26
-5.763349499202058689e-25,1.260568505962851756e-02,9.498968202177753284e-01,4.226593713976825985e-27
-4.521101369754439946e-25,-6.480524270409895871e-02,4.653585256883226329e+00,1.721903840002636937e-27
1.403105917600729956e-25,1.502024013581398400e-03,2.273453864896837207e+00,1.361966887946727342e-28
3.692464826769434670e-24,-6.031849926841836851e-02,2.632342590600469823e+00,-1.944625777481058452e-25
-4.320481821461528835e-24,-1.250376816174873784e-02,4.273520221987235912e-01,-4.916388426943707844e-26
-4.975748032865648119e-25,3.611186880907551935e-03,4.881392724133323036e+00,3.022284135809018811e-28
-1.346255646243862929e-25,-5.335260885043957568e-02,3.036629888610459460e+00,7.143095258908319300e-27
-1.676813923272790345e-24,-3.895658445308191470e-02,6.232626410932020633e+00,-6.523947167848418599e-26
5.635288462376301487e-25,5.173624927992408890e-02,1.849577885354410034e+00,8.022966668484344351e-27
1.402234578424216278e-24,-1.504643870303732896e-03,5.508488406641700585e+00,1.507778378111513810e-27
4.298222681843567550e-24,1.869959695878071560e-03,7.491576287921980493e-01,-5.885564599486980391e-27
1.040000020986628326e-24,5.002657131600506818e-02,5.350651174827750545e+00,-3.099809908112579706e-26
2.204529649637989750e-25,6.048223769222540319e-02,3.781363965372936509e+00,1.069655536110793028e-26
5.169490218899337913e-24,-1.477499988483593589e-02,5.323839275648290403e+00,4.384591661406789434e-26
-2.631762803971213941e-25,2.421238428299486017e-02,2.836131364474149041e+00,-6.077148910927317621e-27
-1.884893918078806841e-24,-1.121782805376923993e-02,5.899716188221023394e+00,-1.960874521604390783e-26
1.825080387059991922e-25,-6.486646463831487533e-03,8.385577040759083500e-01,7.914566047846795729e-28
-5.769744234219701265e-25,5.891283817820713170e-02,4.657383963684507577e+00,-1.868743906865938859e-27
7.763740236766319815e-24,-1.981659839827289073e-03,3.854893431203906484e+00,-1.163430198657153422e-26
-9.249696333960037972e-24,1.194509901138993786e-03,2.635281456914746023e+00,-9.662657528943127397e-27
-8.377399310122525572e-24,-1.745786059270592119e-02,4.852933351080514157e+00,-2.048721857810376762e-26
-1.064093851656039907e-25,-1.833907176439336997e-02,1.560749316311391688e+00,-1.960590223867399716e-29
-1.533896752626980769e-24,-1.350571558341971462e-03,1.984205668668351574e+00,8.322467020710319602e-28
-8.508852240139964209e-24,-4.589429535722785482e-03,5.834648959782829714e+00,-3.518798325461007645e-26
4.890729284329407589e-24,2.489036042486176062e-02,9.602158845831589851e-01,-6.979421329906078806e-26
6.461407787605190773e-25,-2.593355563767585012e-03,2.441223304549716921e+00,-1.281226437986608648e-27
4.195977714031581771e-25,4.171167096580941092e-03,8.994132087476437443e-01,-1.088753782242611050e-27
1.253168201734466720e-24,3.204418397671071530e-03,9.425886436964736603e-01,-2.359994554013814811e-27
-9.063068443979171839e-25,-2.321192705173572447e-03,3.265596942344024534e+00,2.087559088489306403e-27
-5.243690168310273338e-24,-1.953270224521463493e-03,1.728467069659455069e+00,1.608235118802255607e-27
9.085241477537617020e-24,2.979079042516717939e-03,1.246229640253307736e+00,-8.631185857606326840e-27
8.514314672213678943e-24,1.911490125116762501e-02,2.880001751385258046e+00,1.572134813216956468e-25
8.504909122527210419e-24,2.211752489152114809e-02,6.646574200167177926e-01,-1.480647357817173234e-25
-8.158935547057874676e-24,1.790629934739518389e-03,4.295433581334438422e+00,-5.916588864999591617e-27
-1.495228875379452052e-24,9.059047678561270300e-02,1.844145507109588911e+00,-3.656672489036459550e-26
2.121439762613214285e-24,4.859087352514741831e-02,5.180275057742224298e+00,-4.649031625119439770e-26
-1.402546255137596946e-24,5.058279919785154018e-03,5.393066815532767677e+00,4.464692455842310228e-27
1.231984384636258433e-25,2.071321906333670887e-02,4.907036406332945688e+00,-4.935777764883267561e-28
-5.241091996388033086e-25,-2.918803368192805781e-02,2.069896376901133817e+00,7.322031394382452452e-27
-5.150457016243454757e-25,-3.472495458142556800e-03,2.741073495944770233e+00,1.646950131209805420e-27
2.351741654637839150e-25,3.395054940563960871e-02,5.759980277575629692e+00,-6.916171165668558101e-27
1.575471968562263635e-25,5.676824466443135264e-02,1.318453689397278472e+00,-2.232995665728857534e-27
2.068187635075161982e-24,-3.416767516460783582e-02,5.896476986102743290e+00,6.544692999927248334e-26
4.102523410312587431e-25,-1.514752939240425304e-03,6.288656441843849532e-01,5.025482725666698708e-28
4.670433403234323382e-25,2.335113307314522126e-03,5.421938210909492684e-01,-9.341839711458652202e-28
-1.120123433672894164e-24,1.209877075402429353e-03,3.694191143733824401e+00,-1.153506632433595266e-27
7.676334174568088257e-24,1.038205408988319457e-02,2.589810563613134775e+00,6.786855088250887105e-26
-3.315975667587729814e-24,-5.274824527577230693e-02,2.921689409371109214e+00,1.706997674237970753e-25
9.154503306222993616e-24,1.013920010302676216e-03,1.617910703268906847e+00,4.371507664448619062e-28
-8.274830456791220350e-25,-6.452183967999752801e-02,5.309611835010180414e+00,-3.002418119037554265e-26
-4.486493487367746141e-25,-1.768342082030097129e-02,9.214415113652711931e-01,-4.797264404863211715e-27
2.800964105711259646e-24,6.512223191573774349e-03,4.844791034037286614e+00,-2.408030111797409520e-27
1.568444026596676771e-25,6.688452744526461428e-03,1.450748855358691802e+00,-1.256330986199990244e-28
-8.214427854356566544e-25,2.292912443516909211e-03,4.450127916730246547e+00,-4.883246187745775820e-28
2.995072923859388991e-25,3.291539875460126191e-02,7.342915879004709989e-01,-7.317947171078781987e-27
5.657193971010266924e-25,1.454300359006328175e-02,4.097443668243598403e+00,4.746419824817685081e-27
1.163381220332943938e-25,-1.954551653730305250e-03,6.020853840348885377e+00,2.196094356882631896e-28
1.057091214130925961e-25,-3.034592352094136330e-02,4.156294604922856628e-01,2.934732867537511552e-27
1.888679504185349740e-25,1.141658681475122422e-02,4.863664411094872797e+00,-3.249415636382176419e-28
6.108143542787137612e-24,-2.264083460925149852e-02,4.856297769772528916e+00,1.983302363278670176e-26
6.251262686076677449e-25,-1.576914130459116173e-03,2.517241886229137915e+00,-7.997977666803409031e-28
-1.128789776767111449e-24,2.981796527994175390e-03,1.240949617967853857e+00,1.090182847509431454e-27
-2.889112858408845945e-24,-1.544567053670974945e-03,5.855282145532938465e+00,-4.060086435701440374e-27
-2.046515891697174377e-25,-5.239810012398340294e-02,4.294197472268255350e-02,-1.071346897551850040e-26
-6.562356000318541002e-25,1.366187346525664370e-02,4.690687251023503812e+00,-1.945495803433780164e-28
-2.495671865804301365e-24,2.511545040213173513e-02,1.286274461412091119e+00,1.759416485182439960e-26
-7.952601194461483424e-24,-8.513889521573990773e-03,1.749103217770168639e+00,1.200885549755179725e-26
7.306790749170300393e-24,-1.526884159729963468e-03,3.298572803640946294e+00,-1.101944008077735296e-26
-2.451619229707034844e-24,1.769742655916815149e-03,5.597731300971320323e+00,3.358752528977428846e-27
4.876204286599574827e-24,-2.758090182602113832e-02,6.072612543106401084e+00,1.315194075082946616e-25
1.493152101448432786e-24,-2.907898411819822074e-02,1.042154279950899598e+00,2.189903461127655943e-26
1.322297881583960055e-25,5.495393554141826675e-02,6.051783994300683034e+00,-7.072864495927738927e-27
-1.265063239503876588e-24,-1.905252310658733838e-03,1.586488993544599824e+00,3.782192770975294764e-29
2.156765053886282301e-25,2.688722742813697865e-03,1.856344967100601817e+00,1.633469055377525529e-28
1.647851635674877929e-25,-1.050507692288544549e-02,2.776807540163705568e+00,-1.617176468363407770e-27
3.598624182202772484e-25,-1.379683410944929078e-02,2.794001960807298790e+00,-4.668038148150097299e-27
1.172002174653847097e-25,7.130696599439229066e-02,3.637628863713069371e-01,-7.810336001497050914e-27
2.583544169790110581e-24,2.024269371333022385e-02,9.803097900394398823e-02,-5.204680122280078700e-26
-1.604692807008237177e-25,-3.090675901396325656e-02,3.841363176363007614e+00,3.794033227934801059e-27
-1.638029424107737041e-25,1.456350421340970626e-02,6.037116376295432296e+00,2.313686255131507132e-27
3.377984321985203981e-25,-1.642709530016951344e-03,1.596993483997913632e+00,-1.453526305479773403e-29
-2.118641756570883135e-25,-7.544676217946610572e-03,1.764147765930522915e+00,3.071398462102309560e-28
7.783078337629917898e-24,-4.316164119380774822e-02,5.864596033926959606e+00,3.069272993979839676e-25
5.445229854523273356e-25,-1.924871134121837121e-02,4.637652702846891906e+00,-7.826092403604108219e-28
2.762430803211055082e-24,-2.439617555769425534e-03,2.925592162539060404e+00,-6.582670472444844743e-27
8.527111603220806680e-25,-1.785326959192075433e-03,4.037844578772201487e+00,-9.507822294951410595e-28
-2.321906493055757191e-24,4.458795583995547179e-02,1.044911654233091403e+00,5.196934744453162957e-26
-4.140310524767074727e-24,-2.628093880190262438e-02,3.333095719147003866e+00,1.068220972502629947e-25
4.655238634608286416e-24,2.066948477318755750e-02,1.100945101467884824e+00,-4.356458165297042953e-26
-8.989682951098240119e-25,1.795517483891835835e-03,1.773077050750102579e-01,1.588807428061150211e-27
1.883555625130225274e-25,5.253623647273406548e-03,1.367664858931266547e+00,-1.996290890093298480e-28
1.635053846807209619e-24,6.139601389967253714e-02,5.101534285002430558e+00,-3.808614345618151997e-26
2.837687677000170782e-24,-3.409657344387350547e-02,4.176579930649429784e+00,-4.939721274482228734e-26
-3.288245375263244560e-24,4.381475514223522050e-02,6.128754791154604753e+00,1.423590866944975473e-25
2.035864147949001445e-25,-4.307788780358857289e-03,1.379880676722128108e+00,1.664191356160996327e-28
-7.956280852398600158e-24,-8.211204812447577689e-03,1.797173682022999541e+00,1.466338556580143660e-26
1.238966184265375504e-24,2.818496032829061280e-03,1.619486977882812928e+00,1.699616140023480095e-28
6.902672219975706409e-25,-1.846742512109087950e-02,2.728629653524271337e+00,-1.167585232731178738e-26
1.600593773765917294e-25,-4.116935795453166569e-02,2.377637870237490514e+00,-4.758346449256415887e-27
9.898246057440224099e-25,6.217540302003069647e-02,5.483904134352782123e+00,-4.290896625039642828e-26
-1.435093506166004493e-25,1.455804812045410294e-03,4.067609329437364529e+00,-1.255665514683903516e-28
-6.551388334667862259e-24,1.003321714042704031e-03,2.321444810337589093e+00,-4.483631873385634527e-27
-1.364146339823212558e-24,2.619840482182784341e-02,4.521102827918746847e+00,-6.794658028672353840e-27
1.464526604028168681e-24,2.608163128606451678e-02,4.276106626846185033e-01,-3.475793255170801905e-26
2.345662666104996967e-25,1.681930514005204602e-02,4.682265086182252567e+00,1.188280673356772047e-28
-1.846035708992697878e-24,3.317733606474595337e-02,3.583022102177763735e+00,-5.537556827408429071e-26
1.802385630836071216e-24,1.523594353807751489e-02,5.124075689166086356e+00,-1.098869330723566617e-26
1.171104130853090195e-25,-8.190667865825436086e-03,9.985309073976904592e-01,5.194499417032671053e-28
6.004102010029580905e-25,1.691726563082921950e-02,1.833062065296693577e+00,2.633477563917994049e-27
2.002030103042720477e-24,-8.794087810964530683e-03,2.685434487704047246e+00,-1.580583773672818342e-26
5.030045952252989609e-25,-1.370545572986403473e-03,5.078438601789367013e+00,2.467533271264779810e-28
1.692180816159607860e-25,1.793090930773267059e-03,1.072631399652667072e+00,-1.449800443592643856e-28
-7.359714564149444392e-25,-4.888290396242676861e-02,2.031375884296115153e+00,1.599034482682880618e-26
-1.713734713578200188e-24,1.092564539026094975e-02,3.703186862348210595e-01,1.745441951646339568e-26
-5.800720572185169623e-25,5.060838820318071078e-03,5.338746104390661884e+00,1.720870832027537079e-27
-1.565328706420912256e-25,1.121561276866052045e-02,3.602618886918705687e+00,-1.572319898303230624e-27
4.008542549395221919e-24,1.118982396315137962e-03,5.137490924735990561e+00,-1.849876725740614894e-27
-2.565776467133463508e-25,-6.490786256342571427e-03,7.952713965165243426e-01,-1.165925014893081296e-27
-6.871332092939964028e-25,5.784020439567300748e-02,4.490126110262747106e-01,3.580435412777230751e-26
1.989856632243439161e-24,5.045568294562226969e-02,2.973159697730698992e-01,-9.599466768906558653e-26
6.521780488886124421e-25,1.794570974551942723e-03,2.672729611832992624e+00,1.044075480916961661e-27
-6.033033333762485658e-24,6.097143190721895055e-03,4.154635268914358193e+00,-1.946923922123147856e-26
-7.168858729650119290e-25,1.217703650156269201e-03,5.318243582184156715e+00,4.971168677123900784e-28
8.335782889357722152e-24,3.456469469825783087e-03,4.559269647314020624e+00,4.394513230702718403e-27
3.146245686962134247e-25,1.177839895567291085e-03,3.410651932436004063e-01,-3.492317059859793379e-28
8.863966674081831942e-24,-9.189225421252474046e-02,2.090181350469074495e+00,-4.042889369973963184e-25
1.389483665855047159e-25,3.141466315529262317e-03,5.662598825360480426e+00,-3.551104530618386278e-28
-2.920847302315626013e-24,-4.029857165913987294e-02,3.423843154703724689e+00,1.130484744340867833e-25
-9.293730204197301135e-25,4.491280464884793260e-03,2.303778885302259383e+00,-2.792828395645568535e-27
7.744927144037347821e-25,2.744368553565152118e-03,1.062728373795777559e+00,-1.034031634698739940e-27
-3.022118150626013203e-24,1.631502832531163752e-02,1.741019562594503967e+00,-8.352543275987707613e-27
-4.305166417670529993e-24,3.449124480789509360e-03,6.872867767058699062e-02,1.481399795900039940e-26
-1.905309083556681659e-24,-1.011626860544046890e-03,2.432986541748511922e+00,1.463463421084078360e-27
-7.856279493774542330e-24,1.334981767047022094e-03,1.860182461333899015e-02,1.048617536489162700e-26
3.990469705081909898e-25,1.863543185963950632e-02,1.100084333257676933e-01,-7.391460793360364363e-27
1.520325851509876128e-24,-1.113909324039377875e-02,2.127344245586487936e+00,-8.946080544078846465e-27
-1.635109930717588038e-24,1.156823758283628996e-03,1.153078630420712569e+00,7.673489065439055698e-28
2.216435033451560897e-25,-4.277972428711034059e-02,7.627095531420300389e-01,6.855060170656148781e-27
-9.178482369765105752e-24,1.912373197084759821e-02,3.944972652430035254e+00,-1.218644337050549551e-25
1.685806496094911015e-24,-3.115328696592949143e-02,2.036326893303620267e+00,-2.357535671315235347e-26
1.322663550585786194e-25,-1.972273893665393504e-03,3.263745862845255807e+00,-2.589216580102753469e-28
1.639043600845406250e-25,1.830237916624534488e-03,1.972548157392926438e+00,1.173031195697275170e-28
4.267884293807998697e-24,1.160434361273001043e-02,1.029304370147792635e+00,-2.552644526542110637e-26
-7.408418116699758115e-25,-1.504486115711665961e-02,2.683693982378802634e+00,9.997653362677758790e-27
8.223484916465724047e-25,5.023274337795005824e-03,3.813049204368091250e+00,3.234135063101500448e-27
-1.378457349333288275e-24,1.471786634423832493e-02,4.696658674019486557e-01,1.809116281523590700e-26
9.171230162165552494e-24,-1.543921293313829310e-02,5.296655899990524441e-01,1.221944571923433351e-25
1.100427379325581847e-25,2.961864505744093122e-03,1.850201173289355738e+00,8.988661982175213674e-29
-1.347528096543842013e-24,4.349006508598336068e-02,1.453007771945072024e+00,6.886939556482829893e-27
-4.619718071308198315e-24,2.272464965524873242e-03,2.802726389929127038e+00,-9.901140350124214975e-27
2.646445332669019577e-24,-4.221084960340858172e-02,8.160536163092926287e-01,7.653177622337490412e-26
1.368333188657545175e-24,3.131266817550384766e-03,5.832821818363769673e+00,-3.857392665551946646e-27
1.689924661326244361e-24,6.425815435573097034e-02,3.195832406039297968e+00,1.084317435607816266e-25
3.008852906195108922e-25,3.738408450613820051e-03,9.748001764969200789e-01,-6.314058756941241220e-28
1.111987132904735707e-25,-3.308442791086716080e-03,4.264553949406131750e+00,-1.593039001795691323e-28
8.616474420603337367e-24,1.477821298745137174e-03,2.121731767472141428e+00,6.665846984639837475e-27
-2.327105932466296279e-24,1.570721526732542749e-03,5.646104079552476840e+00,2.938207656030876956e-27
8.337176358583787485e-24,1.541557045992152271e-02,2.306676910942367265e+00,8.626934650353711217e-26
-1.076924917684714769e-25,-2.301404088214753854e-02,4.252886718405407329e+00,1.099192964795151541e-27
8.960184428635679420e-25,-1.652243975047238333e-03,4.759741607879750092e+00,7.007657939049605858e-29
2.980652523404172874e-24,-4.742312269729817738e-03,1.385949601398059006e+00,2.597988662006589825e-27
2.253287159890276327e-25,-1.137326241769809169e-03,1.716616695665676540e+00,-3.723742081015676348e-29
5.297407008819628355e-25,4.222860549673286557e-02,5.168697897247379380e+00,-9.857158043026665132e-27
3.959049454701912407e-24,-5.317943749382194642e-03,4.657921382599171878e+00,-1.146193993603950191e-27
8.910884733871005249e-24,2.433968931706082840e-03,3.781296360788287902e+00,1.740034474308741288e-26
-2.572383565173453719e-25,7.285134794859562252e-03,3.045709740749039440e+00,-1.865408284943870834e-27
1.291072663998360371e-24,-7.677209868138222711e-03,9.094244292239197502e-01,6.087850171493387502e-27
6.178538114579290423e-25,2.196282222234443877e-03,4.163374889927394129e+00,7.081359136685687312e-28
-4.262198009564845961e-24,1.646739280652159340e-02,2.426705403504277658e+00,-5.300313538826866380e-26
6.706695505053563800e-24,-2.508970455777637457e-02,6.879087607251762604e-01,1.300005100840127275e-25
-2.066398594380515401e-25,6.107840767221258543e-03,1.664678667541292567e+00,-1.183171104913048567e-28
-4.359927283587724956e-25,3.262036389618670068e-03,4.106660330003757409e+00,-8.097593054462207651e-28
-2.940193400314072351e-24,9.582744995721542355e-03,7.487400892885731629e-02,2.809618395971082269e-26
-2.169125383550406899e-25,7.850019153543248696e-02,4.590027748358480597e-01,1.526522227471145118e-26
-1.770020785955777832e-25,1.316482921422551348e-02,8.466862435554617372e-01,1.543686860072839617e-27
2.982288565644508011e-25,4.961171061630684394e-03,9.740875384868996623e-01,-8.314013487098521668e-28
5.529115137772650040e-25,-5.030519615568058295e-02,3.358937968694855503e+00,-2.715994407874266306e-26
4.137189349136191200e-25,4.081004279653182437e-02,8.781845170358042463e-01,-1.078119546340495954e-26
-1.093525919337409318e-24,1.741849530464882959e-02,5.221267127565968558e+00,9.279938100509126946e-27
-4.581131207054754867e-25,2.327331477028313569e-02,2.905363321717679082e+00,-1.036570427974183060e-26
2.847925587254381312e-25,-4.415474118807029974e-02,5.040087411384225113e+00,4.047430980936401059e-27
1.964271823994465084e-24,1.532981716883576040e-03,2.572174696352767853e+00,2.536071501821802295e-27
2.072080651026204875e-25,2.873217447581179543e-03,2.533795833932410702e+00,4.887308141658602399e-28
3.887623101388526546e-25,5.994980772972206828e-02,2.021016584439489172e+00,1.014202701561364200e-26
1.161481021259902402e-25,8.715086769090560695e-03,5.775132696049101177e+00,-8.843882203924971792e-28
-8.775634775866119650e-25,1.562660252405365276e-03,5.704773425696490818e+00,1.148261369572060071e-27
-2.542431643193982491e-24,-2.304124714300908108e-02,5.846363210938841704e+00,-5.308009935092984344e-26
1.272060003330019153e-25,1.703560586029246628e-03,1.264917969327307823e+00,-6.525600331130275015e-29
-1.751041967095594667e-25,1.673342682755623060e-03,2.612516319667246734e+00,-2.529472295274972159e-28
-1.192441730523171916e-24,-1.622838944101866535e-02,4.386286976792313830e+00,6.199280045752857740e-27
3.691523551175165724e-24,-7.883894815915453921e-03,2.443446975692816991e+00,-2.229437685149820919e-26
2.335357415768934982e-25,-4.118602636447693879e-03,5.431096395471769256e+00,6.332879398061438164e-28
9.651763447445978735e-24,1.344377933135208585e-02,2.716624769873130507e+00,1.182146221464947282e-25
-3.386665626345692306e-24,3.250774156393352373e-03,2.750680870037962134e+00,-1.017876693066116609e-26
-5.132534372793993624e-24,-3.191347655460851154e-03,2.146872494778967688e+00,8.922639099009690107e-27
3.701808257287603294e-25,3.268398250752052852e-03,3.774630975852425463e-01,-1.124724706846598671e-27
-1.180993206494484430e-25,1.185954901151439842e-03,5.567370799547285642e+00,1.056838847406499427e-28
-8.250307805465460724e-24,4.116275231880565932e-02,3.578506829330405203e+00,-3.077034344313215070e-25
-6.877341819175311614e-25,-2.952016086397822505e-03,1.602967018967372148e+00,6.530175002944580436e-29
-1.039141818310059242e-24,2.633038628201039670e-03,3.431400113918264827e-01,2.576593728499501586e-27
-9.173186517415140471e-24,2.920173435211540283e-02,2.852170246544184273e+00,-2.567318194995970607e-25
-9.240085188748943705e-24,4.683820498330529616e-03,5.756216756967359238e+00,3.740749447068742056e-26
-3.090351126934162636e-25,-6.878905059070893405e-03,3.487607112562020717e+00,1.999829659372724434e-27
4.577907364328782618e-25,1.647063477249225425e-03,4.913905423165983777e+00,-1.509191908347719997e-28
4.847644634647261148e-24,5.422986466588725421e-03,3.446641820283856905e+00,2.507501894338462611e-26
-4.209567342896495647e-25,-4.892441450026699390e-02,4.389160254777570991e+00,6.541604035743977272e-27
2.349507369700392932e-24,-9.932691958897385542e-02,3.851956456762267944e+00,-1.769230498566693714e-25
4.664322218875169431e-25,-9.564572237155942805e-03,6.144835739162650690e+00,4.418597472457793602e-27
-3.499269937009469335e-25,-9.312559694828871637e-02,4.373391683526564933e+00,1.083658708811011061e-26
4.336609674607533254e-25,-5.810707437559090548e-03,3.783770029920756617e+00,-2.017901226217536863e-27
-2.355083982048376392e-25,3.011766206093993009e-02,2.526260233430099866e-01,6.867827419792239170e-27
-1.622355093849096917e-25,-1.966772706092166385e-03,4.495753551276720827e+00,6.858470432660397274e-29
8.727008383787485724e-25,-2.595925449431738148e-03,1.623343350792728346e-01,2.235681532385752325e-27
1.161298230755688409e-25,1.613131952610401222e-03,2.876044332561641159e+00,1.807664811104095115e-28
2.936654837216405982e-25,-1.245876404908695910e-03,2.628913513827503268e-01,3.533005351363614804e-28
1.170879870111553375e-24,-3.711922882206230255e-03,5.300063444069978980e-01,3.749931767115615085e-27
2.199645902888329091e-24,-6.249120058074500439e-02,9.965314637432098888e-01,7.466990054880427080e-26
-3.191454526544816304e-25,-1.063550398097720283e-03,1.656659214494775878e-01,-3.347800921095021130e-28
-3.947785730455596912e-24,-6.838999400256216832e-02,4.531682172563867184e+00,4.852375825903048045e-26
-6.298007619099173480e-24,4.103056225040225928e-03,5.904302618658417989e-01,2.146621618880047297e-26
2.753508065144329323e-24,-1.628431908033559430e-03,6.096896332279284181e+00,4.406321434934293171e-27
3.954688794901907223e-24,1.221846848849207287e-02,2.037754203804049702e+00,2.175241606079094580e-26
-4.846194214316435432e-25,1.459991701699916381e-03,5.040932475013376823e+00,2.282983386475966864e-28
4.690002733101592280e-24,3.425153402677974523e-03,2.764103780013548839e+00,1.493296442890454694e-26
7.552631878971969127e-24,-3.546149340393464026e-03,1.114329736252367420e+00,1.180528435667601976e-26
1.800690288915495814e-25,-3.076447931189826498e-02,3.510765773739928708e+00,-5.166496368839413770e-27
1.936006520991178529e-25,2.676025703182705051e-03,5.418462523082308024e+00,-3.361569751258073780e-28
8.816602447530954892e-24,-1.895356618912956643e-03,5.529952663474413832e+00,1.219007869776641309e-26
1.934406181144120827e-25,-8.908333609249453888e-03,4.519210633703518165e-01,1.550237875525726183e-27
-5.457114900966596777e-25,-3.798768824419016671e-02,1.508259594651528035e+00,-1.295561499631387568e-27
-1.928376749890451799e-24,4.069511842508602428e-03,6.026253377708345127e+00,7.589949610572012648e-27
8.947237880069496812e-25,1.166787844966654664e-03,5.590652805582818630e+00,-8.034590031279252527e-28
-3.694064423327982520e-24,2.641060742861258900e-02,1.587427879192094160e+00,-1.622540782424245261e-27
-2.794788793618792026e-24,1.348686321734999735e-03,9.795064453420990747e-01,2.101126181179806054e-27
3.549751321227743910e-24,3.795081611868566379e-02,3.512230880307189551e+00,1.255682560506811958e-25
8.199924298297506595e-24,-4.206074904030580874e-02,7.209529636031138944e-01,2.590771662123262604e-25
-1.162198612403362192e-24,-6.876272830019164624e-03,1.013069375130640992e+00,-4.229623245582832565e-27
3.338310437961379740e-24,-6.539770990109905827e-03,5.450179700751419887e+00,1.468525512995098577e-26
4.205726885521496857e-24,-9.873195709813532839e-02,5.944613678850288352e+00,3.916665112810971592e-25
-4.057081041501169119e-24,1.473054168799159663e-03,4.767723220643486748e+00,3.305252962439674088e-28
-3.965153286271688959e-25,1.783740593280481188e-03,5.275707646342651991e+00,3.776842611509095899e-28
7.662244686423545532e-24,4.073973955457605226e-03,2.825343793508185097e+00,2.966775454819166671e-26
-6.578647015291318170e-24,4.443447822292612148e-02,3.892351987833081672e+00,-2.137350103450366162e-25
-1.665659830648340190e-25,-9.279929262184308247e-03,3.545141267445198974e+00,1.421557913725476416e-27
2.619040796201056209e-24,1.554742569937286184e-03,4.013387649226880072e+00,2.620100495736413823e-27
-1.850595038801933736e-25,2.271697525033005566e-02,5.898243808083931228e+00,3.896345710998058676e-27
1.212897680134586739e-25,-3.430439061054936685e-03,6.249066976434317411e+00,4.158350118996672965e-28
-2.255467419391062937e-25,-2.312342543831420738e-02,5.854332537763593969e+00,-4.743123168102721671e-27
2.039230783147211470e-25,-3.032340265386688875e-03,2.412101772365534025e+00,-4.609990291215744353e-28
-2.371065869860790453e-24,5.140706617597980144e-02,2.064375532106525135e+00,-5.774893811543535080e-26
1.895310624444408100e-25,-4.012565302605450301e-03,2.860281912854526709e+00,-7.306120950199886820e-28
1.098477643668552832e-25,-4.231723391035979373e-03,2.350973759262561025e+00,-3.269748005742328380e-28
2.386093534227079683e-25,-4.430114921255221168e-03,1.420241215125868539e+00,1.585462737602576270e-28
1.011877485599365743e-24,-2.967287387545830199e-02,2.407633596891505690e+00,-2.229464746411987448e-26
2.517075267448168533e-24,-6.022768164431076959e-02,6.204223631180747489e+00,1.511252519149395289e-25
-2.035113064084353997e-24,-5.684505604051841819e-03,3.827586521286728272e-01,-1.073148215530429824e-26
7.385998053080150800e-24,1.572043867352790336e-02,2.122674887610787042e-02,-1.160849720400197954e-25
2.490461949310634566e-24,1.468638532865575207e-03,3.864773460162552327e-02,-3.654857149705862677e-27
3.058925735747511915e-24,1.525304294124134883e-03,4.084128763965159337e+00,2.742263933143393036e-27
3.545488936359107492e-25,1.661086841114209345e-02,3.150263298641667653e+00,5.889143637405962711e-27
-5.131468160534703103e-24,1.036933229773381003e-02,3.220820341003128640e+00,-5.304298589849954431e-26
-4.731736274119397260e-24,1.031838693789220067e-03,3.516052373955855237e-01,4.583689269536670323e-27
-9.523579240653011292e-24,9.000973033741562282e-03,5.047805536492290912e+00,2.821630017094447922e-26
1.032146905606606745e-25,-2.057271590090427316e-02,3.827924255378024387e+00,-1.642616082242154942e-27
-9.659405352457893239e-25,7.246937230496264259e-02,3.298182634160819138e+00,-6.914462820798476549e-26
-6.658229591545602478e-25,-1.794195591346924371e-02,5.685355949538068110e+00,-9.874214831993188764e-27
-2.521334312526411896e-24,-2.163089832986362857e-02,3.887976597282226443e+00,4.003954712919910425e-26
1.990430205020124099e-25,-1.236945136366246131e-02,6.210686229762615973e+00,2.455585376725316440e-27
-1.935681204474587063e-25,1.782098270119510108e-02,2.128414530347979561e+00,-1.825399770178200152e-27
-1.584083684168516711e-25,1.343182019430400921e-03,4.157421302359696647e+00,-1.121125513700707673e-28
-1.247894811692411633e-24,-1.737688422897119703e-03,2.907268489895054486e+00,2.109191779809371285e-27
4.252481730106515451e-24,-1.334935853963991085e-03,4.527446963293695781e+00,-1.043902360817797693e-27
1.866468525343573326e-24,5.563408654800621432e-03,8.876498467338737042e-01,-6.554714082490930984e-27
-3.007581990903952139e-24,6.129473298249799029e-02,1.330962058852403151e+00,4.379054860907739508e-26
-2.582590546120488009e-25,-6.015784424228898253e-03,4.572212873693901614e+00,2.170694050463675429e-28
-3.683794991143542044e-25,-1.935987174920189569e-02,6.030815867411988940e+00,-6.905869987755250329e-27
4.024762218931484603e-25,-1.080775776516992512e-02,2.278001992628229111e+00,-2.826160310854379456e-27
-3.681576319543385510e-24,5.956530616514793888e-03,1.022278908922845397e-01,2.181493465152889869e-26
2.016330592915832955e-24,6.924114922652915317e-03,4.127208279818890269e+00,7.711527034077939394e-27
7.023107549964640430e-25,-6.580820295008026066e-02,5.887099110094453636e+00,4.263953547456610637e-26
-1.640180936924671298e-24,-1.162047893717774302e-03,2.314045837128285932e+00,1.289738609947688926e-27
5.142885762751148741e-25,5.510708131031858553e-02,4.682686606528077000e+00,8.416694957482655638e-28
-2.520550094021932070e-25,9.084498772833895716e-03,2.275368640495248673e+00,-1.483117609149353031e-27
7.565161936900255661e-25,-1.851119146492137546e-02,1.818837057425820580e+00,-3.438057727556502034e-27
-5.901893375777969738e-24,1.034986293145282463e-03,1.846657275944817655e+00,-1.663772320762786911e-27
-3.576376285060867253e-25,-8.632149588036502896e-02,3.102807833961932271e+00,3.084859833355959390e-26
-4.656289871210858964e-25,3.216115185887345046e-02,1.626056135801691171e+00,-8.271036366562889093e-28
-3.487467132311557625e-24,5.922287119590192994e-02,4.854277922785672494e+00,2.920719952456623158e-26
7.710623384937492904e-24,-9.794989731544696820e-03,2.814873154692306034e+00,-7.153019989408452900e-26
-1.176019737217155899e-24,-1.771231336903834538e-02,3.135657668236223383e+00,2.082966325581818428e-26
3.095562938022834613e-24,-8.115839944304099884e-03,3.094511424736418714e+00,-2.509525403224281355e-26
5.807020270772785724e-24,-1.060341342994707524e-02,2.686425470105916258e+00,-5.530521250790705987e-26
-1.636219261559267757e-25,-2.463167350158846844e-03,6.608750280135736732e-01,-3.181727919965863624e-28
-2.492701666970439358e-25,2.132798695477276883e-03,3.976723098740888585e+00,-3.567755625568634251e-28
-1.180579392602299411e-24,-3.114695720435486578e-02,4.231591017730734761e-01,-3.352807476449584336e-26
2.382771850575553710e-24,-1.148242893710610130e-03,2.806011517754994244e+00,-2.583384229585263411e-27
-4.138977616286384537e-24,-1.956262773463686433e-02,1.550110556781054139e-01,-7.999844240679554637e-26
-3.739568607194611784e-25,2.228236387326660954e-03,1.031880696676815562e-01,8.288320128188054711e-28
1.483147147314672875e-25,5.178694407548434936e-02,5.623127265309566525e+00,-6.067472002073144486e-27
-5.409631087813505103e-25,-3.475572974630008333e-02,5.851872583923322102e-01,-1.567314971982461947e-26
-7.098180314548859778e-25,-8.574089606689955234e-03,3.098757772614058048e+00,6.080460841335302125e-27
-3.122498834908880411e-24,1.021627965217463546e-02,1.736718174997606390e+00,-5.268707759205752338e-27
-1.164798875373049307e-25,-1.137158406851088285e-03,5.877889393238456606e+00,-1.217252545866639816e-28
1.156360867925186907e-24,-6.741838096698332672e-02,2.453952720693858502e+00,-6.024327141226580809e-26
-6.881413051394567344e-25,-5.844735357602438841e-02,2.322453849788670421e+00,2.746427776999451651e-26
-9.601984453523811725e-24,-2.429003001617413993e-03,5.113650622740275153e+00,-9.109596521514247081e-27
-4.866881977440695171e-25,-3.366094323228762362e-03,5.106095665522310867e+00,-6.284514106130971784e-28
6.717498421317791194e-24,2.666141766709875099e-02,5.118517085745620143e+00,-7.075363603201778761e-26
-3.910851818735680562e-25,-5.251830206937437018e-02,3.974595478299456364e-01,-1.893804949783123389e-26
4.259469520337860373e-25,-3.808637891126303437e-02,8.088971343803793568e-01,1.119853113731965148e-26
1.356916825790084185e-25,-4.414445257888343493e-02,2.400588417710940892e+00,-4.419394201073622758e-27
-3.537873215353041471e-24,1.142751133021572586e-02,9.410794879986654760e-01,2.380933302228078096e-26
-1.481547799068598618e-25,4.361516925307896281e-02,1.056760422042112291e+00,3.177236403264758957e-27
8.829702956558853615e-24,5.595362460498175955e-02,2.931068180243678434e+00,4.831458904961318132e-25
-1.198276517783943748e-25,-8.430916980868218349e-03,1.254656543917781919e+00,-3.140888672617649079e-28
-3.230450685608532487e-24,1.032809684931271579e-02,3.573578244122082026e+00,-3.029942707554572073e-26
1.105440322467698563e-24,-1.128588575876151960e-02,3.425292579884299471e+00,-1.197716721562382356e-26
-4.501291891083387531e-24,-4.694666341906084291e-03,8.696085500299697291e-01,-1.363283716218535403e-26
-7.970874270213586339e-25,-9.972306797805847653e-03,3.292798282910980756e+00,7.858106083897539676e-27
-6.052807825901799628e-24,6.669562483121857163e-03,2.126714988137501816e+00,-2.130399011306514538e-26
-7.932246893852183509e-25,3.356241897666980070e-03,6.060285459191285362e+00,2.596391143495589962e-27
5.567642506100347675e-25,-1.183820468452115348e-03,3.542033264975898543e+00,-6.069663630500693012e-28
1.320287042014158119e-24,5.387358267173400668e-03,4.188303020357763806e+00,3.559430248817055694e-27
-5.610256625302173890e-25,-3.075271087130049784e-03,1.939797834618370187e+00,6.222908388476555374e-28
1.443413556557849315e-25,-2.066926024720669441e-02,3.170584494120084251e+00,-2.982175306244696585e-27
7.759340281034269115e-25,-2.884727317510360142e-03,5.778832336162479599e+00,1.959654142539915413e-27
6.987401287609914180e-25,2.664928523403811353e-02,3.776828399178877138e+00,1.498857532853379526e-26
-5.165759998757860954e-25,-4.555830987372205820e-02,1.675157767460368374e+00,2.451620641126218627e-27
-3.690677440378439090e-24,1.388287115888452248e-03,4.676337941255356512e+00,-1.846754188770581661e-28
9.785225180275058708e-25,-3.767036536910400163e-02,3.130717601735404365e+00,-3.685912106430017610e-26
-7.110438363575906895e-24,3.941766926121365554e-03,8.046971157071641789e-01,1.943242571196916400e-26
-1.458764276676577566e-24,5.354115171439155496e-02,3.400814975970249510e+00,-7.549443717468868596e-26
-9.547937049609303070e-24,5.309658049584890967e-03,1.183163323564617730e+00,1.916309758968653174e-26
4.976347176520416694e-25,-1.629176481620506906e-03,1.319623696097398824e+00,2.014999937366569449e-28
9.908177481447352989e-25,-1.791823841377605721e-03,3.247371984398430111e+00,-1.765447572473246132e-27
1.992059826148849213e-25,3.198799539028995918e-03,6.125899074267987743e+00,-6.293541616902960015e-28
4.078059204309131714e-25,8.862194581361513071e-03,4.213132365206575969e+00,1.730312243822333649e-27
-3.153766078674715750e-25,2.250399510502498063e-03,5.411362769911606918e+00,4.566590493572843583e-28
-1.150115299305257037e-24,-1.009933660478736991e-02,2.101735055807747443e+00,5.881377964253927473e-27
6.260962393409495435e-24,-7.205862947415252531e-03,3.114448463641739995e+00,-4.509901718669960411e-26
-2.204788529308744641e-25,1.082008125547356554e-03,2.306017592909900937e+00,-1.600143655391789063e-28
-4.812593543026023635e-25,-5.825732079227367854e-03,4.607264730293649357e+00,2.941930453858991875e-28
3.994454693970330604e-24,4.204693567543329319e-02,3.885216266848092737e+00,1.236179896540756504e-25
-9.241542063084721976e-24,-1.196216762799532686e-02,1.422003558406209400e+00,-1.638824595927343546e-26
-1.554864609011548445e-24,-4.533291555988402076e-03,5.829195742213450160e+00,-6.334658439827959853e-27
5.828283767760251944e-25,4.064306965232718921e-02,7.512764821547833760e-01,-1.731157288333647867e-26
1.097588459779113658e-24,4.432292159398582010e-02,6.153286875992439953e+00,-4.823846778265557907e-26
1.000600642185638212e-24,2.375621166891687605e-02,3.263865978875127305e-01,-2.251556715638519117e-26
-3.317121149740631179e-25,-4.258386938634879312e-03,5.365158758569779529e+00,-8.579725983137939750e-28
1.724657865633093676e-25,3.122181283255518955e-02,3.384953532959803724e+00,5.226026949231730385e-27
-1.022148556875852339e-25,-5.337076355291703322e-02,5.809522354208110251e+00,-4.854676627739850303e-27
9.399814839919050755e-25,-2.672123784613214190e-02,2.886028919904465972e+00,-2.430167709623652513e-26
-3.294242565976893548e-25,-3.701152670619820700e-02,3.759395692347097473e+00,9.938748647546587244e-27
-1.717772807088634371e-24,-1.775313074856969516e-03,7.631812728915086108e-01,-2.203753893566348490e-27
-7.350700462870906482e-24,3.527309266218652331e-03,5.678208273056494448e+00,2.132633250583334388e-26
-1.034554801897703253e-24,5.948803001226070364e-02,2.909801225836828875e-01,5.895652670263379199e-26
-6.940368725055851823e-25,9.108023135905979339e-02,2.413178006063788850e+00,-4.717150957966405197e-26
5.406776632958181810e-24,9.072418468449081064e-02,3.298223894294421754e+00,4.845205788080423557e-25
-6.442162657679434917e-25,-5.583710440939478915e-03,3.920658345849535209e+00,2.559601711729842083e-27
9.947750450890771357e-24,9.754921398444067401e-03,3.952581881284278786e+00,6.683903947034583122e-26
5.476562263955862875e-25,2.448235471542055744e-02,4.051341255215669679e-01,-1.232253720347950144e-26
-5.518743537551968110e-24,-5.682614862176593902e-03,3.864703101100761096e+00,2.351286525478633548e-26
-4.324519341766011619e-24,2.148602027788693979e-03,4.731561570052189580e+00,1.781344821012377957e-28
5.768379642276256693e-25,-1.130290755625735317e-03,2.539441674317937991e+00,-5.373212653068516936e-28
2.987612010748571410e-24,-2.723300974169563272e-03,5.166912893544627572e+00,3.572058804348655243e-27
-1.885627136657967290e-24,-3.662719089400753164e-02,5.338857472663857351e+00,-4.049208055248330402e-26
4.625051520696863988e-25,7.175977935648689653e-03,4.570866585522808556e+00,4.681361208780277164e-28
5.568867440557207976e-25,3.824993893160161251e-02,8.222352808397758173e-01,-1.449706610969763743e-26
3.683440530514501999e-24,2.676023345530629052e-02,4.563891285581240354e+00,1.458364056432044253e-26
1.186156395740407913e-24,-1.920446606048832345e-03,3.616517951200398429e+00,-2.025842195816415572e-27
-3.749215936502864760e-24,1.864367403175169052e-02,5.372916264101831985e+00,4.288546334782816905e-26
-6.244071729379389662e-25,5.397766525573098953e-03,5.212377775234763533e+00,1.615824675630849833e-27
-1.033327109534516257e-25,-2.623124774303450032e-03,6.558040009202090737e-01,-2.148264618466516550e-28
-1.467400231942055910e-25,2.882485524492912812e-03,4.792804570298500266e+00,3.397721643623055747e-29
-7.285594800829117402e-25,1.582982766167671763e-03,5.929811087581619233e+00,1.082035282641336739e-27
1.800366782238956755e-24,-2.072025482928992711e-03,6.272910939841818134e+00,3.730208957434566569e-27
-1.687975785266440732e-25,-5.205920308118773543e-02,3.026563888350120024e+00,8.729395293943744420e-27
-1.300922699207272142e-25,-8.777467770476315295e-03,3.521414756436312743e+00,1.060499561109420752e-27
1.566487293043925245e-25,-4.632843406840980727e-02,6.006281422166498629e+00,6.980834444530815615e-27
6.169341030441210259e-24,-6.922249409291097999e-02,3.619742631218073825e+00,-3.791617314932709611e-25
4.133697226131041024e-25,2.294240935380205057e-03,2.651587037308276162e+00,8.367752761759651972e-28
3.450595885519236772e-25,1.369437432021235364e-02,4.289520910397135012e+00,1.939188004338978860e-27
1.060103031309089436e-24,3.802722804194449014e-03,3.834820175765399353e-01,-3.738476000609505647e-27
-3.005652926521675787e-24,1.461516575461648112e-03,5.452361868749401097e+00,2.961931791226680713e-27
-2.788193298642502379e-24,-9.221434984961425496e-02,1.562918924670520404e+00,-2.025349196110397658e-27
1.331561842030184946e-25,1.689393628108626713e-02,4.062503834202404462e+00,1.361180549917786568e-27
-8.658103198837825594e-24,-1.595996358531769294e-03,4.694120427263205109e+00,2.524263277613281463e-28
-7.387267322840518226e-24,4.790254282350055182e-02,3.113203110413412134e+00,-3.537262956833039965e-25
-1.953973200153133775e-24,7.112632293877553524e-02,5.287945201944386220e+00,7.564643713104202330e-26
-1.278693140791138193e-24,-7.109549207300755458e-02,3.577155378235709282e+00,8.242136600227952561e-26
1.241015807285464608e-24,-5.126142640259941097e-02,2.985342499212487510e+00,-6.284125214716141816e-26
3.696071471565989459e-24,1.089682501784045975e-03,5.372891862575483124e+00,-2.470955071001052476e-27
-4.227821546998721852e-25,4.945152853952910522e-03,2.205287364353744728e+00,-1.239312667220474828e-27
-5.587254690026448875e-25,-2.974599106354750173e-03,6.009911465250890039e-01,-1.370764026177969557e-27
1.313027934024910681e-24,-3.336927917152911292e-03,4.290588473305260386e+00,-1.793794447971147801e-27
-8.495831107573799031e-24,2.416699002819413990e-03,3.833348099803717712e+00,-1.581215343538524176e-26
-8.362580204212406164e-24,1.908963164152133879e-02,1.316564600674418495e+00,4.014940570598974458e-26
-2.704094803213511105e-24,-3.138930422893883299e-02,4.757326101405407570e+00,-3.812963720023059707e-27
-7.585911259521450204e-25,8.569348860037710389e-03,6.872941575502815592e-01,5.024764647106928467e-27
-1.165292191701114809e-24,3.808006948460913865e-02,2.670142610589856691e+00,-3.953363219049655992e-26
-1.140019160705566679e-25,5.546462573701278070e-02,6.853506012298362648e-01,4.895305778903913266e-27
2.042864744558886290e-25,-6.113729772103452392e-03,2.014371258238934370e+00,-5.360143097278148814e-28
-2.260020295863414118e-25,4.245190956269507404e-02,4.863139458901462042e+00,1.440860977536798895e-27
2.067689240342612795e-25,-3.100852126599643044e-02,1.748270679348380208e+00,-1.131930302866123424e-27
-2.947499169140309512e-25,4.328179895506526625e-02,4.181028332042678208e+00,-6.464214663616695976e-27
-5.839929192118282829e-24,-4.135121909495466375e-02,9.580556920707010704e-01,-1.388826751031609880e-25
-9.275906041001108895e-24,2.373963338573123732e-03,4.749094533864413492e+00,8.080990584924615907e-28
8.906367942694957537e-25,-5.030984899459095550e-02,6.802557871016667868e-01,3.483411701251300021e-26
-1.224367647345480134e-25,3.841210518610349393e-03,6.134991828602909258e-01,3.845397623204452750e-28
-3.493000996599614508e-24,-4.294752356973570266e-03,5.564049227409117115e+00,-1.128681100036740166e-26
-3.159624060649957901e-24,-2.497413048560652004e-03,1.541780212617137158e+00,-2.289307322323680699e-28
-4.266971001340223820e-24,-3.698906892183877887e-02,8.256034081633805144e-01,-1.070275420719788834e-25
5.881344136729754805e-24,-1.028305818522248435e-03,6.159199257179515108e+00,6.001394733360309347e-27
-2.072769865283971269e-24,-2.111318919397422306e-02,4.917539753111934253e+00,-8.915125278915303636e-27
-1.127894085407921245e-24,7.045922973770098012e-03,1.986208383254566279e-01,7.790812911313120075e-27
-2.845490346693610123e-25,1.241443334806047747e-03,5.335488399338975007e+00,2.061416508733594145e-28
2.861816572609826553e-25,-7.851376317507409441e-02,4.034617700789254080e+00,-1.408950149727747194e-26
6.139281801801644787e-24,-3.340390496943105528e-03,1.100576964012100201e-01,2.038352274656039981e-26
-1.322147974691496578e-25,-6.350821769824294138e-02,1.176972507874884277e+00,-3.222011166142600322e-27
-7.701470519530989334e-25,1.219509815709981550e-02,1.194675552972931376e+00,3.449831180176178063e-27
-1.074922568009962899e-24,-2.535777288552605591e-02,5.159081186204292457e+00,-1.177488353354220636e-26
-3.385504592908665012e-24,1.535749068604497919e-02,7.192864613578479061e-01,3.911297895441006492e-26
1.883737992832971551e-24,-7.936301987449001505e-02,9.805129540297552460e-01,8.321069071521378753e-26
2.759020014473137868e-25,5.264318803590085569e-03,4.010033405506391091e+00,9.382991944763592529e-28
-7.616911019725796397e-24,5.134699691926813102e-03,2.588922726633395399e+00,-3.328800452770952100e-26
8.324007544558928987e-24,-1.850543901948839684e-03,3.711984563560981165e+00,-1.296533455514701431e-26
-1.039725354422534173e-25,-7.900618848200326172e-02,1.975554419629898195e+00,3.234830277150327369e-27
-3.012107007192316721e-24,-3.133199608340503980e-03,9.336883743916053746e-02,-9.396425395306961941e-27
4.767751888304521051e-25,-4.108258161837382086e-03,5.067718456580815989e+00,6.814357305370681466e-28
2.818214184568369711e-24,3.374484150025922058e-02,4.803024694023173002e-01,-8.434009965824606644e-26
-6.756726681857746705e-25,-4.749990994476531447e-03,5.477836276902479540e+00,-2.223690686993105129e-27
8.775576528821887396e-25,2.352942379514429833e-02,5.678710124670969250e+00,-1.698953477073438484e-26
1.107987423343479110e-25,-1.866590482021333224e-03,5.537451127864386535e+00,1.519248656737085800e-28
3.875203684769391996e-24,3.212089902754559217e-02,2.711688621853057146e+00,1.131485148415379060e-25
2.629299842046057254e-24,9.589019875403861221e-03,3.347213515362573499e+00,2.468129415334495900e-26
6.685795908834771616e-24,-1.052242131957594265e-02,3.029611715875486055e+00,-6.991013235460316342e-26
9.383317560756298325e-24,1.990910915888566626e-02,2.394988265177550701e+00,1.371209598226689686e-25
3.943091726889913633e-25,-1.583422282558006851e-03,3.817558096770615084e+00,-4.870636721138878394e-28
-5.008881240885232520e-24,4.293098771854003855e-03,5.573462576831516913e+00,1.631141285015186078e-26
-9.249792772076999303e-25,-7.945773440465082882e-02,5.561506529442559632e+00,-5.517384772269603578e-26
2.127627124529470461e-24,-8.072769892800613425e-03,5.717468822878045032e+00,1.449992953972503506e-26
9.024556992611838281e-25,1.976042948880114575e-03,3.899743831810860151e+00,1.294862849832347374e-27
-1.794403158113846638e-25,-1.249307147482048991e-03,9.239192385564874987e-01,-1.351103248491269917e-28
-1.563641295467938200e-25,-5.644409326094327294e-03,2.149423301483092796e+00,4.826626044340806719e-28
4.223120006519865954e-25,7.651786967762901764e-03,2.763154490482101266e+00,3.002793777514454167e-27
-7.105461843752744632e-25,1.122109419338964895e-02,1.658035299207038848e+00,-6.946835977406507475e-28
-9.900174446069598292e-25,-4.901231632181710443e-03,5.399819709666326517e+00,-3.079047215864253394e-27
-2.883853019026323092e-25,-3.004266992302633086e-03,5.110808214455905274e-01,-7.556764349750222457e-28
2.378615430863776188e-24,-9.972638607654903120e-02,5.111257302818392745e+00,9.212689138078665901e-26
3.632441234297012638e-25,-4.352548809594807000e-02,5.521539940626150944e+00,1.144199413635734726e-26
8.995021972909728036e-25,1.303340647252765501e-02,4.276437409393572864e+00,4.950552246900193582e-27
-1.675683964647832115e-25,-8.303050083750618607e-03,3.275894805066756010e+00,1.378799891436849413e-27
-1.356697232829540446e-24,-2.399929165318857860e-03,9.248030358276619900e-01,-1.960071871777326448e-27
-5.315776554075621445e-24,1.650123301537053874e-02,2.984489587186821780e+00,-8.663660579881784541e-26
2.518812107688204589e-24,8.344786077086702170e-02,3.301262817821189355e+00,2.075158253049594949e-25
6.102951789153941073e-24,6.315518633365659051e-02,4.128923596298155196e+00,2.123425120346619838e-25
7.403959645417764149e-25,3.511648654255386873e-03,3.420677964373740831e+00,2.499410407524871044e-27
6.896258656258757321e-24,2.899234743755139173e-03,2.929215655475798652e+00,1.954466323056824899e-26
-2.905489308699125102e-25,-3.302423838743972790e-03,3.146192423644583180e-01,-9.124171910536344187e-28
-1.259696569424584991e-25,1.010767102765108491e-02,2.475513386111649894e-01,1.234444938885138996e-27
-6.114018481434484146e-25,-4.650835047196409666e-02,9.402788267170791858e-01,-1.676439098370943515e-26
-4.292609026812954182e-24,1.262234351114279677e-03,1.776840585594106903e-01,5.332971436021238645e-27
5.105078453485956258e-24,8.082119211401065512e-03,5.939751906391382619e+00,-3.885044708517522347e-26
2.208230733209082914e-24,-4.532078786346155352e-02,4.319622041114384636e+00,-3.830475615902294325e-26
-4.432440480404530644e-24,8.441389780106689847e-03,1.427781934130816222e+00,5.332798280883711562e-27
-1.070109189142654655e-25,4.605184787099266853e-03,4.291947551089027257e+00,-2.011450253331299595e-28
2.203223315545411994e-25,-3.294685882433963375e-02,2.462520983394510310e+00,-5.648579768311908985e-27
1.591904550118126918e-24,2.040014140999061101e-03,2.525695534252594410e+00,2.650796154923724546e-27
9.761458593097012915e-24,-1.293477929200950467e-03,1.018364616793985711e+00,6.625725628320237833e-27
1.860319055469115499e-25,-9.550648644261815201e-02,2.734179635630858751e+00,-1.631298526024893137e-26
1.654231229530054705e-25,-9.459397324889724790e-02,2.698679198132882373e+00,-1.413810302066922756e-26
7.819191684735402214e-25,-3.407749837948264443e-02,4.697925324576956108e+00,-3.853829543075217412e-28
6.351422045310884963e-24,-8.674876322796035155e-02,4.710338080300044972e+00,-1.130000049375018012e-27
3.954102903808574222e-25,-9.746353794536083762e-03,4.655727461713784265e+00,-2.182458225732581511e-28
-1.218402316976798354e-25,9.520367539824688141e-02,4.956641157355811345e+00,2.805149311179980366e-27
6.926346157170647472e-25,2.145670350756941850e-03,2.546169325395881256e+00,1.230413030206659122e-27
-8.462909001001390675e-24,-1.191178227771508107e-02,2.610007988534355228e-01,-9.739417395125510090e-26
-1.681897605065277770e-24,4.844714808214288515e-02,1.138534388173175316e+00,3.413538724530622358e-26
6.593625601194568866e-24,-5.352435860294083719e-02,1.961494012561130429e+00,-1.344036411109474882e-25
-6.227985653701329947e-24,-1.561151487596673486e-02,2.491534997593139178e-01,-9.422602710595765848e-26
-2.489513685011063994e-25,1.146633520418499077e-03,4.989777757461554941e+00,7.817074513113620230e-29
9.928632491456227338e-25,-2.718519974713461823e-02,3.300506842990251211e-01,2.553436128800887531e-26
-1.199945357283370192e-24,1.677377668924282580e-03,4.329008871290334071e+00,-7.528882145601945409e-28
-1.616798958289899752e-24,-5.729729788391461909e-02,2.432868075745540093e+00,7.033024672709803173e-26
1.416593235585233672e-25,-1.328915948867647173e-03,6.237735773044941645e+00,1.880589341441590008e-28
-6.323615117868269465e-24,-1.157181393486713230e-03,4.492669387082267818e+00,1.594907986869788050e-27
-8.585499232758592399e-24,3.304965565336746153e-03,5.752103839215264358e+00,2.446643290681549038e-26
-3.668678074046126248e-25,-1.743578489396255260e-03,7.122375727984441296e-01,-4.841617161033014279e-28
4.480757468887139347e-25,4.910716102722843118e-03,3.902574361336465625e+00,1.593420508601509120e-27
-1.865405554343430672e-25,-1.963073467258802905e-03,2.826923938101351563e+00,3.482123684012691736e-28
-2.930660923001562587e-25,-1.713355693958256570e-02,5.078583084779496382e+00,-1.797936495697479664e-27
-5.572905929102943367e-24,2.176242073993691923e-03,1.646014133495825371e+00,-9.113810276682749683e-28
-1.460651573573391647e-24,2.935575324159048725e-03,4.050842991908541357e+00,-2.634188451024614171e-27
3.216681459842444606e-25,2.241516070054277651e-02,1.975164281807170852e+00,2.836781982677823600e-27
8.169364847557102591e-24,1.856587193679619038e-03,4.275764328348799381e+00,6.413927809610676378e-27
-1.026573400169655812e-25,-1.424038440957986137e-03,1.827413657885778309e-01,-1.437538529177047897e-28
2.209569571489960837e-24,2.010039408630151774e-03,2.712796135040002721e+00,4.039234774437112088e-27
-7.128869380862077896e-24,5.244581671589178262e-02,3.962682713910789190e+00,-2.547703091670563101e-25
-7.283484520606618672e-24,-7.927037537304042897e-03,4.550724760650650680e+00,9.293314583307241472e-27
1.325489916204579833e-24,3.347440777476359819e-02,5.514253686190028425e+00,-3.188667058565201740e-26
-2.688608678777707304e-24,6.626988850465802272e-02,3.656274476467895607e+00,-1.550912735178217485e-25
1.087487443749486117e-24,1.308970074206323607e-03,3.298373944741263220e+00,1.406029387033780335e-27
-8.710046430087010001e-25,-1.291041825839674573e-03,6.243638796220728260e+00,-1.123624218849312507e-27
-9.195111689276540323e-24,9.035173129548595972e-02,3.401999575170687518e+00,-8.027842701109411890e-25
-6.086288707390949197e-25,6.709816295888126891e-02,3.896046876769200251e-01,3.777745911417647210e-26
-1.319875816544298702e-25,-3.623238431059562156e-03,1.238903152944566655e+00,-1.558208891684150586e-28
-2.458673667494110356e-25,-7.501828732927001524e-03,4.790220592486125195e-01,-1.636854270492655456e-27
1.396477116479432694e-25,7.772243713628369799e-02,2.050388794044316398e+00,5.008116742693426175e-27
1.339661160848903118e-24,1.650704225854139444e-03,2.494431386371895876e+00,1.764239222031501453e-27
4.056981462631326084e-24,7.463516063798186773e-02,3.172239966797855137e-01,-2.876855825014833521e-25
-1.632805682168992294e-25,7.898652326207533658e-02,5.955164599477341447e+00,1.220932232202271553e-26
8.440548376813109225e-24,-2.265164953542131779e-02,4.149686661417524292e+00,-1.019961078915791195e-25
5.196928495999239404e-25,-3.618628044463753635e-02,2.801255243288096164e+00,-1.772709261369659646e-26
-1.040592637932296312e-25,2.637473547705260907e-03,4.751208043196483821e+00,1.065135422277762089e-29
-2.851358473519820327e-24,-1.547108722292597641e-03,4.035381317041832006e+00,2.763556798346854992e-27
-9.548727656872801847e-25,-5.622927011666770634e-03,6.254904527839952877e+00,-5.367032868304880229e-27
-6.058685018136160166e-25,-1.137324414953268248e-02,9.165730450502522775e-01,-4.193281988808017748e-27
-6.043875182778650439e-25,7.048108215722453766e-03,1.465412795451856764e+00,4.480811181753012462e-28
-1.129605037507172170e-25,-1.209976686688138403e-02,1.754973123062225859e+00,2.503113050595967367e-28
1.613809967943396804e-25,2.446877717948267323e-03,1.400409197828738295e+00,-6.695731309279170529e-29
3.074004633033783615e-24,9.299528206848500789e-02,3.468125034410702856e+00,2.707627556119337249e-25
4.076163867942154577e-24,6.435656701468886465e-02,5.776581177936615852e+00,-2.293788082220074594e-25
-1.501054095062388573e-25,1.225757585096182156e-02,7.803411389606046411e-01,1.307588534468802609e-27
-1.635475521160009946e-24,3.750541781670365185e-03,4.221437445342644423e+00,-2.891929757614306031e-27
5.987765564577552577e-24,-7.909598448722181263e-03,6.033122417724797515e+00,4.588775100083739405e-26
5.715914668961804437e-24,2.463506913997643571e-02,3.118300826171772400e+00,1.407737589031227189e-25
2.869879788975826819e-24,7.417038244623489797e-03,8.451012518575262700e-01,-1.412657735439597641e-26
9.148943757702482351e-25,6.130664969280300199e-03,3.823465195891878388e+00,4.354724290708515835e-27
-4.386847300745029166e-24,-1.194609787773252309e-02,6.664972077531995387e-01,-4.119046861585700918e-26
7.348891107613256442e-24,3.432832130466220537e-03,8.104427662529516407e-01,-1.738623636689031133e-26
3.070377408451028791e-25,1.264028058589079968e-02,4.527625424712661939e+00,7.130024301083924886e-28
3.837304127584300189e-25,-9.707038675722642201e-03,5.023124097163910173e-01,3.264756711519403305e-27
-2.165176510164829322e-24,1.797890135410010800e-03,8.210836274814240499e-01,2.652630512074643761e-27
-4.069897937276471879e-24,-1.166930561539152381e-02,1.241228864429003265e+00,-1.537030211181249594e-26
-3.245230547047371069e-24,-1.010684115068222503e-03,4.519835201140786296e+00,6.276622333965793377e-28
-2.212082264029822614e-24,-9.155452283703619312e-03,3.715547859726186175e+00,1.700733561093472093e-26
-1.602202731383371103e-25,-1.002097967101204731e-02,4.171891780349825107e-01,-1.467857233447723686e-27
2.756846121097665826e-25,-4.054189954197850304e-02,6.152283086661798350e+00,1.108115527950421285e-26
5.291323393192586902e-24,1.881869744686322796e-03,5.617938870082874736e+00,-7.834273495205986398e-27
-1.121757909841339981e-25,2.452561874101594902e-02,3.631176671296779013e+00,-2.427995509595199734e-27
3.641931932986223055e-25,5.251815760747702636e-03,5.581139460033479160e+00,-1.460371042698424599e-27
1.469961811577765729e-24,-3.444849012613333122e-02,3.199355008420473379e+00,-5.055351191462319315e-26
-1.262120986290613391e-24,1.030310522300685984e-03,1.326508665474918525e+00,3.145158261849622082e-28
3.303637246401701717e-25,2.873493751313443978e-02,4.887339166641557320e+00,-1.652339578921844349e-27
1.400930102642391277e-25,1.496725894404903924e-02,1.747030893997284284e+00,3.676202329166724735e-28
-2.430288481971387579e-24,-1.326378474256722020e-03,5.873770736739135856e+00,-2.957074483369820342e-27
2.768783296980815235e-24,-2.587118687680763779e-02,3.636817425004132520e+00,-6.302601355470362263e-26
-2.933702551075246705e-25,-2.311551502893627579e-03,4.092686103301679701e+00,3.938594409825794498e-28
3.171956103446979019e-25,1.278920644264494762e-02,8.687603730321807882e-01,-2.619696673790757524e-27
-4.423475724909400133e-24,-1.974467955595020363e-03,3.100742467435979144e+00,8.726724697712671562e-27
-1.071146041653485958e-25,7.554375709905233882e-02,4.061906937496794434e+00,-4.900175993148878146e-27
8.576853526475592308e-25,2.110136352534153215e-02,1.030175050810157922e+00,-9.314645385786345668e-27
-2.437465089228904594e-24,1.249018806284027741e-02,5.607867933037764097e+00,2.376211352274207643e-26
9.450279936894443248e-25,-8.075810574804168085e-02,1.912236834415036446e+00,-2.555490931893989912e-26
-2.202129952381441360e-24,4.607932731431937240e-02,2.861784524920654604e+00,-9.752623709521389859e-26
-2.620932553073386123e-25,-6.600827821737012720e-03,5.911555860184636302e+00,-1.611935029992098382e-27
-3.991594498125498211e-25,7.157796307823262316e-02,2.790571051719091589e+00,-2.682881432915769393e-26
-3.794879478095100657e-24,-3.607675147086059075e-02,5.232529550675141472e+00,-6.804303171399454150e-26
-1.451578899428839304e-25,1.321944396397662161e-02,3.941587169215704733e+00,-1.336922646713672115e-27
-2.635661654617707326e-25,-1.815340104606119696e-03,1.394455448098376182e+00,-8.393585373541847611e-29
-8.444452333663990226e-25,5.730149116687256565e-03,4.286941771937943235e-01,4.400931134872334686e-27
1.139129531765779379e-25,1.020070648549771921e-03,2.337805379941218786e-01,-1.130383567806655378e-28
4.757089472503919232e-24,1.196792458090403842e-03,5.912639951380977976e+00,-5.306847994928142206e-27
4.510331109178003507e-24,-4.619166693647901167e-02,7.307322265014205565e-01,1.551476468366563030e-25
5.625289273626511518e-24,9.959067879101295151e-02,2.569317362269607941e+00,4.709660557501436190e-25
5.393189156362687782e-25,-8.664198730709501972e-02,5.398151225060257019e+00,2.959090564393139795e-26
2.409540412625140884e-25,2.344867489563254130e-03,2.480544538514810160e+00,4.459864689254552891e-28
2.434311123157269718e-24,7.790070462951712016e-02,2.143826654759788841e+00,1.028162136011697025e-25
1.442705951770746991e-25,-3.903027341830261898e-02,7.642512923607849284e-01,4.064965441140206120e-27
5.017297641206116363e-25,6.868325147240456063e-02,1.048317391666621301e+00,-1.719678490211117993e-26
-1.729555664104210650e-25,7.023888678338929999e-03,9.951141814169428210e-03,1.214760496319334161e-27
8.950997397952613007e-24,-9.450393787201137250e-03,9.480691153433266072e-01,4.933760133808327274e-26
1.822773852637041509e-24,-5.063307847659567935e-03,2.536392746455156555e+00,-7.590040432188907740e-27
3.530269499279421044e-25,-2.051578940201046614e-02,5.822857270557027398e+00,6.488718514074895256e-27
1.072885584020850143e-25,2.692326631121240432e-02,2.968425490900784780e+00,2.845357140377841272e-27
-2.097036061207363834e-24,-1.588591420549693295e-02,5.654891628502413781e+00,-2.695154073888090817e-26
1.963779290865506095e-25,4.907214443303391412e-03,2.219069394488075719e-01,-9.400389974388009038e-28
-2.705362717229434716e-25,6.727920107765983718e-03,5.179583338584376584e+00,8.197631607452459937e-28
-1.556261115085520344e-24,1.009388189961856440e-02,4.733521321664386328e+00,3.319372383319650187e-28
-1.049989760332559684e-24,-1.326158537225532964e-03,5.001560126991728694e-01,-1.221888204400576993e-27
8.759212417787815590e-24,2.893758175623990098e-02,2.834039464538081088e+00,2.415768679688872117e-25
-1.320448500943605820e-25,3.852632754008392547e-03,3.451804828437004424e+00,-4.844384949355657727e-28
4.015367190559075751e-24,1.287884336644575271e-03,3.183005069179611013e+00,5.166894760707829422e-27
4.521477805179030317e-25,9.541046620378786092e-02,4.894034877744758205e+00,-7.793115410508547824e-27
3.000077098784552081e-24,1.648764267802055317e-03,5.452725898130609927e+00,-3.336541654246059414e-27
4.724328782098328482e-24,-2.730801163876549545e-02,5.495824406761832925e+00,9.104605116101959573e-26
-8.725928692713033174e-25,1.475174930466856965e-02,1.169228342951765365e+00,5.031282610115527899e-27
-7.111935814790597343e-25,3.636991181610048363e-02,4.514401489835214165e-01,2.327478079684551386e-26
4.799187125271252619e-25,1.401338229365836456e-03,1.210435029949618879e-01,-6.676076661566417635e-28
-2.599014742344115329e-25,2.928542681179752919e-03,8.513458896090363437e-01,5.015645948270538246e-28
-6.149749236048991884e-25,5.282900615959423320e-03,5.293733394746446663e+00,1.784100229270917260e-27
-3.858164524117421181e-24,-1.395188005907399683e-03,5.866833502343403062e+00,-4.923009147733501736e-27
-1.480831592855182777e-24,6.826154772730501190e-03,5.019871474185365834e+00,3.059405683471401302e-27
1.301795352351466586e-24,-3.412974174361495250e-02,2.691410029817042915e+00,-4.000328002982727904e-26
2.749352287685791669e-25,-7.119839366071022656e-03,6.041785030827147018e-01,1.610957537161516904e-27
7.938884457975950319e-24,4.220098747686124030e-02,6.161914305973597905e+00,-3.325682050155295464e-25
-1.203513259340608373e-25,-1.584267401662817036e-03,2.612190552493095730e+00,1.645678890153558522e-28
-7.052640179986971142e-25,-7.226488521808014862e-03,1.439615686618035406e+00,-6.666570747394288186e-28
-1.502251770898754859e-25,-1.124521740292442479e-02,2.445482527760573788e-01,-1.639052255592611204e-27
-5.247893757248360761e-25,8.557276570745514510e-02,3.556505954397817804e-01,4.209736250911842831e-26
-2.613627651324799653e-25,-1.863292820255228873e-03,5.464591489682500303e+00,-3.327389282141636182e-28
-5.991678034182531626e-24,8.024344370136491864e-03,2.216931621311554412e+00,-2.894879235695629030e-26
5.885839730863940220e-24,-2.508522141757390123e-03,3.570213722389269151e+00,-1.342913505014081611e-26
-3.164729203133067364e-25,-1.181318871854547103e-03,8.121065614775673236e-01,-2.572017518470943429e-28
-4.118745774721785120e-25,-1.993091691103464000e-02,3.761120133122014320e+00,6.683412216638997124e-27
3.527020417471161799e-25,-2.551031046990279768e-03,5.814475166439174725e-01,7.518959576713704850e-28
2.883735103235022121e-25,3.769290374048398819e-03,5.691279750593183806e+00,-9.020481727381022545e-28
7.588041609554352045e-24,-8.442537338090240484e-02,5.614787843798789702e+00,5.027712529357008757e-25
-4.045312112372939505e-24,1.284951565472158136e-03,3.725224605324911842e+00,-4.337583262972988386e-27
1.720125474792242212e-24,-7.784181149548317913e-02,3.263884581153921438e+00,-1.328976891086128945e-25
8.497879172949442043e-25,1.010995791448593287e-03,4.256849302271875635e-01,-7.824597241404925882e-28
-8.000740087553486660e-25,-3.640041825851015461e-02,1.102164787104146448e+00,-1.315387558039669026e-26
-2.462094305642922012e-24,1.087869875678407596e-03,5.688772292265166897e+00,2.219025447777984775e-27
8.331882310822339548e-24,4.548515922418074758e-02,3.725357473064641045e+00,3.162159459949909036e-25
1.440325959693700889e-24,1.022035298175116499e-02,6.004168429134636220e+00,-1.415134348755933450e-26
-7.437887161786911956e-25,-1.159790148184090472e-02,1.011082778738877197e+00,-4.580124584136502536e-27
2.197634407693043871e-24,1.493583214599458232e-02,5.193622991389964305e+00,-1.519312392456089408e-26
2.245806675023997207e-24,-1.012671562171920878e-02,1.821068249992837007e+00,-5.632612341713739603e-27
7.066351544262478963e-25,6.107195043530794579e-03,2.325049026383561923e+00,2.955053969743803535e-27
6.501204277308311716e-24,1.776474880728597799e-02,3.819088952878058052e+00,8.998517023776007695e-26
1.810516323067201191e-25,9.861365807093276301e-03,5.717485167574623439e+00,-1.507272657194993805e-27
9.174256911421832057e-24,4.507097246883194283e-03,5.152160190313534116e+00,-1.760372543677729203e-26
-4.538454553459697973e-25,7.999755623705135169e-03,5.431701751645092280e+00,2.392120374545059343e-27
-4.290158562755090621e-25,-2.264503797817346651e-03,4.046057731501986887e-01,-8.930662022732854152e-28
-1.361596734768580466e-25,9.727758020630883698e-03,4.046933949063176605e+00,-8.177865100755822533e-28
6.257164852434207802e-25,-7.979435051697030337e-03,4.008406312501173296e+00,-3.231674609653154904e-27
-6.493686973075889265e-24,-6.452228448003038963e-02,4.166143988647917240e+00,2.176566058547517522e-25
-6.052887165561238322e-24,7.855768737330969670e-03,8.643161760365926094e-01,3.086763101059962457e-26
6.202780629096272140e-25,5.549613628176160857e-02,5.205320239841038088e+00,-1.628933202269114198e-26
-8.683501143553482872e-24,-4.996098870654139962e-03,4.930135236076773064e-01,-3.821710028708509036e-26
-1.317083248913584429e-24,-2.795387308364395695e-02,2.077120845834125262e+00,1.785528091799995314e-26
-2.044767674877316224e-24,-2.491307141418760713e-03,1.852591088946674347e+00,1.416579998790145267e-27
-4.897936697706454038e-24,5.570852083428928792e-02,1.630747737705435796e+00,-1.634835341081089704e-26
-3.752108811266476233e-25,4.196821775493814015e-03,3.528627725626521716e+00,-1.458216642902035121e-27
-1.614331219542302727e-25,-1.082360769713034201e-02,1.101255895739611468e+00,-7.906071130992017162e-28
5.455030858677471882e-24,3.000577495139064230e-03,2.405692168066613235e+00,1.213257695933399606e-26
-7.133302123818812624e-25,3.096235025124405727e-03,4.634016161259545186e+00,-1.729200375258743462e-28
-5.397352927287981772e-25,8.908898900941326915e-02,3.522119725592497197e+00,-4.464494145728030020e-26
8.224913668917343027e-24,-9.035933126933967663e-02,5.258098964696266364e+00,3.857382501312701982e-25
1.485701652836521296e-25,-2.147936922000491175e-03,4.311931842727137365e+00,-1.244052784939455179e-28
7.853275077437231693e-25,1.845009423193205364e-02,4.000342866630744787e+00,9.467121705597815160e-27
7.595282890856825490e-24,-1.162059827397724995e-03,3.807075119189908818e+00,-6.942835334123789620e-27
1.440746700662328153e-25,-5.176701840172701075e-02,5.048335689022638739e+00,2.458731633562399312e-27
5.385268999339156594e-24,1.474925392998294475e-03,5.435656048257015094e+00,-5.256888020324721956e-27
-1.555032945291664148e-24,-4.234444591542284309e-03,1.328833881712787157e+00,-1.577749402901302171e-27
6.033919611144656243e-24,1.364914633276850982e-02,2.238947294184815640e+00,5.102362228134566919e-26
-6.158689953138403042e-25,3.779708822292102144e-02,3.904226489559642355e-01,2.152634134790863454e-26
-2.785447849253835380e-25,1.777154781425112741e-03,3.020511983681062773e+00,-4.913930204245134164e-28
-6.990592414190030349e-25,1.534641253285505200e-03,4.977838990601775926e+00,2.814435042058025295e-28
1.024766006983940377e-24,8.618864559470289927e-03,5.235449978871977272e+00,-4.412045607175503252e-27
8.469561051703340275e-24,-2.446294816385347244e-03,2.005428762280697441e+00,-8.724313416454072227e-27
1.689613633005748208e-24,1.756084005021845557e-03,1.329743340329889056e+00,-7.083226679300677780e-28
1.522380420461997799e-25,6.387050083028527649e-03,1.854242002763705877e+00,2.719332954585504385e-28
-3.676646808731992080e-25,1.376192691728738565e-03,2.467333604888890086e+00,-3.952542783035712856e-28
-9.466454313015585740e-24,-2.186067863367831959e-03,2.605867259639193190e+00,1.779500885767863749e-26
-4.755778479390753750e-24,-1.535429544026121161e-02,6.264045873849405588e+00,-7.300825366429703409e-26
3.126177993848580386e-25,9.564860909696611124e-02,9.930692166061370896e-03,-2.989998328158431044e-26
6.059275610576266328e-24,2.912725574986945246e-02,4.955497893880566274e+00,-4.248491539285505775e-26
-3.326779787578853804e-24,8.873080362940636082e-03,4.343546662724207863e+00,-1.064258005534334202e-26
1.128035623796997002e-24,-4.171558453352645912e-03,3.777793288263623150e+00,-3.785044890124197346e-27
-6.361680485293903678e-24,-6.028920381433419684e-03,2.102842285629907604e+00,1.945692326377269441e-26
8.917326014914730717e-25,9.450172294102098317e-03,3.982053601464635051e+00,5.621833966761739995e-27
-1.408552113862591746e-24,-5.047091656937836152e-02,3.873526823398148800e+00,5.288333613063895274e-26
-6.845122617297817292e-24,-9.934805167083915478e-02,5.499331948889552013e-01,-5.797827011597398388e-25
-5.121159582273479940e-24,7.931926099882528197e-03,6.081009388304207341e+00,3.979329653235673026e-26
2.835747182697864780e-25,1.322504112018310467e-02,5.938811711570310958e-01,-3.108144716704099194e-27
-3.608290579080881371e-24,-6.244156607972518522e-03,5.735434864372106922e+00,-1.923444441643217804e-26
-5.768974291143420375e-24,7.751568865167582367e-02,2.406785677533683110e+00,-3.317942157114412018e-25
5.622107766487877121e-25,-4.561242196205466011e-03,4.581376347901930934e+00,-3.350058313782243840e-28
-7.567792904203891162e-24,-2.582856750224702801e-03,5.515885825750808102e+00,-1.406935365187625742e-26
-7.703619048070448568e-25,-9.039635172853437151e-03,2.544278335505921973e+00,5.758003872800299680e-27
6.717002451810510754e-25,6.513949773671172915e-03,3.242477397076908741e+00,4.353174605031822794e-27
-5.581484386889495311e-24,-1.167224363867500579e-02,2.799121293198060467e+00,6.136512037625438597e-26
6.985377189506905794e-25,2.803522596505262851e-02,7.326187496811459310e-01,-1.455899400332658771e-26
-6.564169238901131464e-25,3.853350311820918223e-03,4.281235670952016292e+00,-1.057085744758010927e-27
2.215232391207797623e-25,-1.085550110467811517e-02,4.707064997963873232e+00,-1.280276370783570092e-29
-5.725746721717692864e-24,7.916597013333478983e-02,4.330398111569402353e+00,-1.689701437626585409e-25
1.616065479847847383e-24,-2.555979677238941553e-02,2.505057024359221840e-01,4.001701917372714818e-26
1.172288878685892825e-24,2.473256726828175836e-02,6.029686975854096076e+00,-2.806710327103158221e-26
1.116066886794823282e-25,-3.683910069397138953e-03,1.735049985097953718e+00,-6.722947353606970195e-29
1.010952415522203510e-24,-6.076708299797087959e-02,4.668184593503273305e+00,-2.714707410643203091e-27
1.416173699047288277e-25,4.497777459954421103e-02,1.694948539593999159e+00,7.887741928195395258e-28
4.814189329247905036e-24,4.408289194751385288e-03,2.074517521128635522e+00,1.024376544797584898e-26
-1.389909836831914713e-24,-3.615843556947764478e-03,3.149845553511140039e+00,5.025525378225788378e-27
-3.689301403374569436e-25,8.133806331020185243e-02,4.848390689226454775e+00,4.068578357805626105e-27
-3.837387062545039246e-25,-1.897457750395698233e-03,5.641465658145768280e+00,-5.832797395418058833e-28
2.080194810649212682e-25,1.526226946554876682e-03,4.734259512559988003e+00,-6.943011010857901442e-30
-1.091767673793100055e-24,3.193159877675303196e-03,1.971584357379511321e+00,-1.360115775350620240e-27
-4.398712199966784336e-24,5.032740489043264175e-03,4.396598406147597338e+00,-6.875224104895695737e-27
-3.231774078289105006e-25,-5.543001903277074149e-02,4.279782372019199421e+00,7.510128844470573186e-27
5.649572454794607397e-25,2.609207402795189756e-02,5.977021419009640013e+00,-1.405540694315111020e-26
3.603092145989042686e-24,3.319627677751900516e-03,2.541314444397551942e+00,9.869897597153841797e-27
3.594462573546138824e-25,1.102321857124720188e-02,3.297587151523583948e+00,3.914143027900283403e-27
-2.367884274817421263e-25,-4.658801193078473089e-03,6.083927860813219013e+00,-1.081323091189936161e-27
1.055755747000096999e-25,-9.037318653453496956e-03,4.231945366353283333e+00,-4.409681850874644515e-28
-1.132038381939127576e-24,6.978092406541094167e-03,3.299065206841027109e+00,-7.801726718531297721e-27
2.898669096371048100e-25,-2.596311825481041613e-02,1.049891909404221613e+00,3.745350104012700830e-27
-5.285798821721360680e-24,1.258208462906408934e-02,5.506107907762791243e+00,4.741677284338492028e-26
-4.810598850271353906e-25,-1.117470291456598534e-02,5.837728625213702394e+00,-4.851108052783223132e-27
-1.973759360807430768e-24,-2.311127363705762355e-02,2.603083699305603904e+00,3.916024450653710231e-26
8.042721955968593484e-25,1.489261188166256635e-03,3.283319895311456182e+00,1.185761904505454423e-27
4.866268090793145461e-25,-7.182180642485405664e-02,5.897869108406353256e+00,3.238783918960470924e-26
-1.233762878999468187e-24,-1.581139523356460451e-03,5.936856660595477564e+00,-1.834925937714182112e-27
3.902210849584547304e-25,-5.603445501284711958e-03,2.033078151005660139e+00,-9.751974291289285048e-28
1.537763121711516285e-25,4.530983852161559779e-03,3.217645099631458727e+00,6.947439431056497015e-28
3.163160453345815229e-24,-3.581071788449348686e-03,1.950309702977004234e+00,-4.196483832789221422e-27
1.488714985230592794e-24,-5.908961776202804189e-02,1.632814290642577548e+00,-5.452074845518468172e-27
-2.642195647289492223e-24,2.338643091719662045e-02,2.361802104349088050e-01,6.007612279446743944e-26
1.894237156247025779e-25,7.143099301567108934e-03,3.668487339853087281e+00,1.169558917421881257e-27
-4.027105316122784535e-24,-6.737720635419010284e-02,2.960863991469956158e+00,2.669158654748781225e-25
1.203428189138464106e-24,-1.251350205873837280e-02,4.952105071027008698e+00,3.575434866660304305e-27
1.558771339423003682e-25,-2.257580353431510537e-03,7.841766269663005273e-01,2.491382962405615955e-28
-4.100395643048113183e-25,-5.064410312169864703e-03,1.563537149786280667e+00,-1.507433699668698490e-29
-2.711726649032107798e-25,-3.117949319932624558e-02,3.192621631592606590e+00,8.444020389037118641e-27
-3.269380061229177168e-24,1.825112784379372827e-02,2.609532776299191559e-01,5.764971827227381630e-26
4.989988159316117146e-25,1.591051877501509226e-02,3.608364995888685200e+00,7.090023403110861978e-27
2.466784960570516050e-25,-4.620190253152968787e-03,4.327385729157229299e+00,-4.280287768993855676e-28
-2.339205002178904826e-24,-2.536683362120754903e-03,6.249386166634463002e-01,-4.812324237380948412e-27
3.290799826257877890e-25,-6.000791330172851844e-03,2.674445147792326449e-01,1.904537058340706690e-27
7.379088033769534040e-25,-2.289018862901838827e-03,1.870745732164569075e+00,-4.990777470642326917e-28
-4.521144383554362580e-24,-4.549740253219189574e-03,4.814438233647495125e+00,-2.095514908907904885e-27
5.960338416678205224e-25,1.952381760130183358e-02,3.272766866261567209e+00,1.153688368732811951e-26
2.362719696353337913e-25,-5.925992669771467519e-02,6.094380101244517789e+00,1.375264220580843398e-26
-9.717789616284105397e-25,-4.615754528088838841e-03,1.316978313020944036e+00,-1.126313912809612820e-27
8.090201700852096393e-24,-2.933026908145750650e-02,5.972135727698820062e+00,2.259010307751185249e-25
-9.732391139895283783e-25,5.707062144207828563e-02,6.278789123978844700e+00,5.554282432063553736e-26
1.472269725417886783e-25,1.203428913287080820e-03,4.929121964172638926e+00,-3.810021803695842768e-29
-1.080720647533838779e-24,2.042839531020063451e-02,3.599189636869665421e+00,-1.980599454446345183e-26
-2.203934886491089409e-24,3.217459774293297652e-03,2.938998297198324727e-01,6.787016797642267731e-27
-3.890408548220811652e-24,1.232110386316457966e-02,2.308160145042074674e-01,4.666291653982969653e-26
1.560930490683451467e-24,-7.037919335637328813e-03,4.069854441119836741e-01,1.008837181808107848e-26
-8.808404792606119721e-24,-8.877725733101021754e-02,5.822069983042442054e+00,-7.003128922919380056e-25
6.235279202192965466e-25,2.426926060353553141e-03,1.425903913230878173e+00,-2.184929605771850844e-28
-6.096625056641415083e-25,-9.135220519273767534e-03,1.167832231756758654e+00,-2.184022614847815592e-27
2.623351756821238704e-25,-9.793588618995657802e-02,4.364258764377334288e+00,-8.764598569613840631e-27
-6.268332845921254866e-25,2.387698230206255264e-03,4.767358200681451885e-01,1.329804227220547390e-27
-2.961254429054567479e-25,-5.970095604721063071e-03,1.458396497344193410e+00,-1.982931979324694691e-28
-1.962633009093893650e-24,1.196701792836448505e-03,4.205217658113098445e+00,-1.140772468380679434e-27
5.939990073035911944e-24,1.356745007472454426e-02,4.309836966056285412e+00,3.157275673782682769e-26
-1.220068853256975688e-25,-9.537508408958268388e-03,1.109595568879964578e+00,-5.178481659696956724e-28
3.241542901201023333e-25,1.322570796393571658e-03,6.181329198641566158e+00,-4.264950216461991555e-28
1.857685285337980060e-25,-2.238590940264827307e-03,5.222017728785703916e+00,2.028785095991189562e-28
1.211660506228973191e-25,-2.583708161978782048e-03,3.633071660390610358e+00,-2.760028990220627368e-28
4.455057317294424491e-25,4.349099330133887609e-03,1.193919332811357092e+00,-7.130536425463046195e-28
-1.131845830592584108e-24,8.894440770061155452e-03,4.986272733998423412e+00,2.722883002065960974e-27
-8.041780740997571414e-24,-1.371218242243076729e-02,5.176944534639560835e+00,-4.940393541815858061e-26
1.790749814419335037e-24,-2.100036591224718058e-02,2.470283458221147477e+00,-2.944611320652323373e-26
-1.117590542439980314e-25,-3.259283577689884442e-02,2.258450444529913170e+00,2.312018357133265406e-27
3.266628023837597588e-24,4.039269016073242929e-02,1.353883911684661490e+00,-2.839722153719262279e-26
-9.218084326609638976e-25,5.906093066706136208e-02,5.170801917322094710e+00,2.409235322129443936e-26
8.593437468434651495e-25,-6.847940458691832710e-02,4.449934459829225641e-01,5.311641006345105812e-26
1.023507955345659812e-24,-9.867254993281407427e-02,2.199681018024077783e+00,-5.940793865427880151e-26
-5.948570262679893299e-24,-1.072679420469944880e-03,3.623844121854085110e+00,5.653185348478780867e-27
-6.225293784830298133e-25,-1.005785842303372592e-03,3.703277149646229560e+00,5.299318865233176894e-28
4.984095378651240806e-24,2.944456407944176513e-02,8.709598729840446474e-01,-9.452349638113380562e-26
4.981380852658020256e-25,2.287430350604244874e-03,3.017527130717707173e+00,1.130698018246786009e-27
4.351199188033671845e-25,6.907263753395088968e-02,2.261038495239143131e+00,1.913666173680403505e-26
-2.853564388366550845e-24,-5.588818634590248143e-03,4.731184296143763568e+00,-2.997310593656665734e-28
3.919097133856435610e-25,-2.712282597246182952e-03,2.160948315020533084e+00,-5.915292573165602287e-28
9.064714849731422564e-24,6.157597214424492121e-02,4.363627568718203342e+00,1.907452254458528518e-25
6.578599342924105063e-25,-2.258484551537300478e-03,9.076349993871442035e-01,9.146545093036865947e-28
1.728376031916873656e-24,-7.676033032754653665e-03,7.387610155333356188e-01,9.808391396225762686e-27
3.555867737290576732e-24,-3.137955895446878536e-03,1.334683854112175938e+00,2.610168736304518539e-27
1.359290921060327279e-24,3.811523516944907708e-03,5.023631067889405166e+00,-1.586626686424815102e-27
5.131477626559059276e-25,-5.349310828423708281e-02,3.257109488771610106e+00,-2.726692496955959501e-26
3.330669678156972684e-24,-6.007263841512122671e-03,1.722935622137786726e+00,-3.032305727139808039e-27
1.877869071855429696e-25,5.201612075404297986e-02,7.625627280226748850e-01,-7.062890611867032319e-27
2.329719597097078530e-24,-2.276905322863545002e-03,4.310104329215656449e+00,-2.076846420300845465e-27
-7.892473466017415117e-24,-5.686518057830066905e-03,2.568267040877365126e+00,3.770434709429700704e-26
2.864966884540238487e-25,8.891675280479320598e-02,4.725648737847203407e-01,-2.268246169482078385e-26
-3.337332827913974488e-24,6.941222188620536915e-02,2.108837414517138242e+00,-1.187110258048648054e-25
4.112106697938800996e-24,-3.018721408011773924e-03,1.680667606876758313e+00,-1.361123284459406812e-27
2.906736225972094489e-25,-1.381165600381016947e-02,1.118205646043296753e+00,1.755608675137678662e-27
1.415609493428472336e-25,-4.432219264147482796e-03,1.399036021706346333e-01,6.212988344577600093e-28
-2.110256562274662696e-25,-2.083184899764194652e-03,2.852278711221076346e+00,4.213353827088630411e-28
-2.552094178958173102e-24,5.185749343310053217e-02,4.678012345438895991e+00,-4.548686844583456125e-27
-2.038160244431095430e-25,8.647845056712342993e-02,3.001954383245697855e+00,-1.745413268600046794e-26
-1.519246448636660998e-25,8.139661323420492589e-02,3.985456366012064322e+00,-8.218306451854751352e-27
1.375991442110830298e-24,-1.413025799209397318e-02,1.584058325879304840e+00,-2.578470024832447939e-28
1.225923121583249319e-24,-8.957430448730874240e-02,5.395167398826758998e+00,6.928549519650933168e-26
7.625993001918589090e-25,1.265542483970047774e-03,1.050505667209062244e+00,-4.797833386830517455e-28
-2.189432224173900280e-25,2.097298515486904769e-02,1.712686580254124902e+00,-6.493608129173078822e-28
-1.167316230746333435e-25,2.818346136349915518e-03,2.082980610524951093e+00,-1.612322678362043015e-28
4.860565544472486670e-24,-7.624705365193668559e-03,2.940604780998567147e+00,-3.631434878968889308e-26
-9.302339942848795304e-24,-4.539881836928457912e-03,1.671974448398465318e+00,4.265619717304097035e-27
-5.781153740193806891e-24,-1.342775854476698210e-03,5.264520214414004862e+00,-4.071608324845347995e-27
-1.384931710490774979e-24,7.287807606033851020e-03,1.339812639172830666e+00,2.310669462858068269e-27
-1.815576337690927333e-25,4.057381419261760387e-03,4.630946815468754529e+00,-5.992795438614781130e-29
-8.034310327643409509e-24,-3.076875270496246331e-02,2.692932620335223515e+00,2.227395444517135456e-25
6.998789122768386121e-25,6.651397968269458227e-02,1.415604897619620051e+00,-7.195465364300103222e-27
3.329540037333048876e-25,1.143504337024282662e-02,3.862546629150189759e+00,2.859986374287644423e-27
-3.489314428959545798e-25,6.128593407103109098e-02,3.521260078619151468e+00,-1.986174880674785173e-26
-1.147364323207383932e-24,-7.737753172924327627e-03,4.382546399939585058e+00,2.875538913061095839e-27
-1.205745525829006454e-25,-5.283274753001724472e-03,4.516943530142730090e+00,1.237131773265824893e-28
2.388464111648919899e-25,1.773310394411188942e-02,4.894434523726730824e+00,-7.667999583014032246e-28
-3.749952656376314179e-25,1.745653124295067776e-02,1.819471170849638497e+00,-1.611128785576957103e-27
1.967899210308764676e-25,2.256017065064046517e-03,1.325428292677019781e+00,-1.078441567046116337e-28
-1.052858057466786329e-24,2.725113017945566402e-02,2.651492472898826502e-01,2.768889912037722953e-26
-4.280942604386550244e-24,2.423137205199993316e-02,6.146288612378109306e+00,1.027626142170004062e-25
2.525373028732081174e-25,7.306540850812535959e-02,4.364297845469379489e+00,6.293963616233349390e-27
-1.720807093952826260e-25,2.908095212900411140e-03,7.281913275934099872e-01,3.735084348535770298e-28
4.125169591082143286e-25,-2.132596908350812420e-02,3.355271904191710952e+00,-8.597249198112507515e-27
3.626734396763702662e-25,6.573230858615066417e-03,2.667074684518702554e+00,2.120542447212896007e-27
-4.003938853388019226e-25,-5.840234051453982271e-03,3.586155116113226349e+00,2.111099581624111147e-27
4.480414574626342666e-25,-2.603330417605368308e-03,1.856584118621940727e+00,-3.288237507974919605e-28
-5.964472662834328919e-24,-1.486243223258286277e-02,4.322852077604403931e+00,3.366442628006308027e-26
-6.725486844879677747e-25,-1.831103723290229690e-02,4.202749755859918501e+00,6.008056068463308686e-27
8.903149102415777022e-25,-8.675580995976256427e-02,5.374687299120732398e+00,4.749725611961794967e-26
-1.266504826297618650e-25,-4.894063049072999716e-03,3.465848861632506939e+00,5.875345597793825152e-28
5.249740128839865499e-25,-1.658035522630357372e-03,3.222040115141756034e-01,8.256332924911001832e-28
-5.831567399711473087e-25,4.804602977227297178e-02,4.308930657023068989e+00,-1.100004790345112090e-26
2.668986221772638976e-24,-5.825450295097136209e-03,5.362630523234515501e+00,9.412455855567913704e-27
-2.061499602841778994e-25,3.911992369527918234e-03,4.579958633569552795e+00,-1.064874923118020180e-28
-5.236077993201690411e-25,-3.246752670149162610e-03,2.597497459665604858e+00,1.454534621968838759e-27
-1.629760295587241788e-24,-2.357084839704190037e-03,5.469777601447899151e+00,-2.639199958704130988e-27
-2.603201254327425313e-25,-1.489205842085361900e-02,8.343295771867225152e-01,-2.603882277935477258e-27
6.436840276117687381e-25,-1.200572072770967995e-02,4.252678263678258297e+00,-3.428779121460054200e-27
-5.417468964291476703e-25,8.365161276117348901e-03,3.398084440640884996e+00,-4.383546498565371788e-27
-6.602639527470477412e-24,1.363775992558871261e-02,1.340239783196314427e+00,2.057707582956910440e-26
-1.024187304262372233e-25,3.075889377439680605e-02,1.447113809254098715e+00,3.886427689017126966e-28
-1.687627413181807655e-25,3.520702839608427781e-02,5.786823531202474058e+00,5.224604144891203386e-27
-5.388814972173301715e-24,3.038909722827104129e-02,5.376872137226662574e+00,1.009837404658806169e-25
-2.267342247294150399e-25,3.475766235210276528e-02,6.235418284687769486e+00,7.871762626246919580e-27
3.053312249928992506e-25,3.746954489063543392e-03,5.705070286401551449e+00,-9.581454340924388808e-28
-1.279678985104899696e-24,-2.194714842022510264e-03,4.050254545553253038e+00,1.726689136629456717e-27
4.947330423690257972e-25,-9.384781849853317953e-03,4.929519701791669206e+00,1.000226766088062836e-27
2.203688806841237304e-24,1.910381837896123636e-03,3.204416347125835340e+00,4.201581979243156562e-27
5.102158616427149272e-25,-3.599650807374162736e-02,6.253718629123016015e+00,1.835801650228447131e-26
1.297158949336471858e-25,-1.111863019443780180e-03,5.753576727732565566e+00,1.244680065094238603e-28
-5.169570739567421204e-25,-1.247228496965030985e-02,1.936846868902500240e+00,2.307805129388852685e-27
-6.318739015744269091e-25,1.319310356840844387e-03,1.353851584995753532e+00,1.794380238571899194e-28
-4.291812896103263476e-25,-2.040627675313479855e-02,1.845142490319228390e+00,2.372694310184169366e-27
-2.771624592971943942e-24,1.203775492825054231e-03,5.829297912184887132e+00,2.998599932222911786e-27
1.005565887614352815e-24,1.854360244400619527e-03,1.311287049583798270e+00,-4.784889799581137151e-28
1.998899236207577549e-25,-1.874526973825641624e-02,3.894284945425399158e+00,-2.734744972802516527e-27
1.482730969651099222e-25,7.331891461153107123e-03,5.558408386165377690e-01,-9.234636794580482521e-28
-3.894146713292111233e-24,2.056002133466207360e-02,6.113849384297091127e+00,7.891857980963698302e-26
2.965442934219079665e-24,-6.676662540376443467e-02,3.356559895449246600e+00,-1.934354972088284840e-25
8.138702041714755642e-24,9.027481941605210863e-03,2.985361828786644356e+00,7.257715331958768757e-26
-4.255409001547246420e-24,-5.511840546759387560e-02,3.668977294664101496e+00,2.026819906200814320e-25
-7.796475764029111383e-25,-6.009478296953957993e-02,7.141875153229640949e-01,-3.540314209140672975e-26
1.243644418167618381e-25,5.092446969656966305e-03,3.832669511631114023e+00,4.880106072184766944e-28
3.362189442018500516e-24,1.686519005424253967e-03,3.914080247603594298e+00,4.061006050802579831e-27
-2.119953821723034819e-24,1.290041487260643396e-02,6.143977826343610005e+00,2.708372405669084553e-26
1.621985269320544920e-25,3.621383512095974287e-03,1.515190943022141967e+00,-3.264483227516057675e-29
6.147106521697104825e-24,-3.158888960726405869e-03,5.870749914323553753e+00,1.778977359894408020e-26
-4.950670978031301147e-24,1.595750496871830085e-03,1.686261199713749159e-01,7.787983723123487867e-27
-5.352372372331014830e-25,5.705003128384705108e-02,2.468282410951052164e+00,-2.387133077985559608e-26
-2.754874455041796898e-25,-3.979314210643725841e-03,2.193182394809054081e+00,6.390875086220884850e-28
-2.047163208244485197e-25,3.035434670546715077e-02,2.551964086200763315e+00,-5.164774233554562640e-27
6.216680584004387507e-24,-1.715898564323674672e-02,2.184071884532161167e+00,-6.139494419498919876e-26
5.233013216762668944e-24,-3.925262627447843183e-02,3.154338165717943010e+00,-2.053928281224841687e-25
1.862928900649945390e-25,8.736551213940693672e-03,3.166768838831216293e+00,1.627041596360080437e-27
2.259625726428222791e-24,-1.031966805517702500e-03,3.661798159839170896e+00,-2.023393587670971987e-27
9.531862707711737563e-24,-1.089481291266063134e-02,3.045726957263775958e+00,-1.033710333039144653e-25
2.670548556605996344e-24,-7.114808922770402000e-02,5.378517999605385569e+00,1.174127005004751652e-25
1.419865724044009944e-24,-5.677251473902807100e-02,4.096381140278873012e+00,-4.657458229039439406e-26
1.054646151309885557e-24,-1.045693129151592515e-02,3.104356448482302522e+00,-1.102071761944824209e-26
9.124623220105280190e-24,-9.402599197597224373e-03,3.926285337013102339e+00,-6.070913380738141021e-26
-2.310925782755821118e-24,4.434955418622392800e-03,3.538226429167800724e+00,-9.453199967974384339e-27
-1.015986084256996651e-25,-6.843532712886885201e-03,8.433406971249530759e-01,-4.623502806366725719e-28
-7.553886860529418505e-24,1.471953512880309206e-03,5.637023555529576679e-01,9.398672886324024026e-27
9.463666391488971881e-24,-2.847748046011643053e-03,1.809509064363166830e+00,-6.372415602543885216e-27
2.795444526947612201e-24,-1.087280741115541696e-03,4.846458742623853233e+00,4.062763859493516441e-28
3.077097546584608761e-24,-4.461446169965892911e-03,2.217174215622439881e+00,-8.268543561793866806e-27
3.127809637859641684e-24,1.932611082644307421e-02,3.513369388057244525e+00,5.631876561200996005e-26
-1.753705332719732775e-25,-2.400348614428722809e-03,3.931909643007556632e+00,2.961891766401851236e-28
-1.698515335961320859e-25,5.224769965465233396e-02,5.624707161088076113e+00,7.018941378824574796e-27
-1.625689527515013122e-25,5.172499212407690936e-03,2.945382649883828474e+00,-8.247532400719253689e-28
-8.505564198159437614e-24,-8.539343911731875347e-02,6.201733902328001591e-01,-5.910625123007659339e-25
-1.234285732790668012e-24,6.275473718422762415e-02,1.965096745675255052e+00,-2.975617208145532817e-26
-2.206052128347776032e-25,-2.940473524464351160e-02,4.351672431157833643e-01,-5.882261678345208804e-27
-2.865516129089706426e-24,6.905369285462950590e-02,2.397355970317397666e+00,-1.455574886466899873e-25
1.256470595918345061e-24,-4.342063415999728761e-03,1.184488147280499337e+00,2.055541403753210048e-27
2.356430979604393310e-24,3.453105821804200448e-02,3.974364202091630993e+00,5.474804818584235414e-26
-1.415042738103948362e-25,6.397346886046702263e-02,1.454352581310152770e+00,1.051728725659810770e-27
7.931527098589312797e-24,-4.326665085496918250e-02,3.475587897837764118e-01,3.226514127171158937e-25
-1.094934795369441922e-25,-1.185941643245671607e-03,4.793477736124793331e+00,-1.051807264856137857e-29
-1.398455080039942629e-24,4.069187128442000242e-03,4.448553639229979595e+00,-1.484017205194716477e-27
9.605527607703603540e-25,4.156026498712546251e-03,4.693991044606028673e+00,7.344193832000610162e-29
2.368037793869364179e-24,-8.176213034766814311e-03,5.179660201288069032e+00,8.721457471912721723e-27
1.436197576411172040e-24,9.436424817299619155e-03,1.128470990695354503e+00,-5.801071574894750707e-27
8.216882074373684627e-25,2.349609927471923987e-02,2.065901594090097326e+00,9.172971573745604526e-27
-1.159037226184045342e-24,-9.794524171147953040e-02,2.298687708627425164e-01,-1.105361283161601813e-25
3.673489200386058942e-25,1.299403837321736789e-02,3.765920237061611608e+00,3.872884630737442758e-27
2.993524334289937314e-24,-1.411803116082499619e-03,3.522304336010779746e+00,-3.923668054258067889e-27
-1.086144228472917153e-24,-2.806472438798732118e-03,2.604893550250169554e+00,2.619655563317782460e-27
2.212790702000590683e-24,-6.197526528122892370e-02,4.925928493074660963e+00,2.906239315790784713e-26
2.887393895309927778e-25,1.964068026792418695e-02,2.083333710795455929e+00,2.781021252477269516e-27
-9.916297609276148522e-25,-5.552682364296603057e-03,3.952309269815825310e+00,3.793660884978317474e-27
2.883597964254071783e-24,3.016208152762504726e-03,5.514756837927023980e+00,-6.253558166135840952e-27
-8.831757698636903904e-24,-1.368104584358534673e-02,4.563726795212539322e+00,1.789641706728441367e-26
-5.831208846333399142e-24,-2.524767879336038343e-02,3.279196931669078552e+00,1.458328426753713617e-25
6.943471642842100417e-24,7.832526548739279781e-02,9.581242669998683847e-02,-5.413548950564266964e-25
6.925223819991189364e-24,1.500030818141925848e-02,1.114511772963740599e+00,-4.577138749414130509e-26
3.428525802557461104e-24,-1.939967059175116970e-02,5.470284991998964896e-01,5.680639627731098081e-26
-5.238526085898707423e-25,2.664041021417186059e-02,5.052024846334424169e+00,4.649237468656248938e-27
2.589823712266665707e-24,-3.833955335688552912e-03,4.863353314532943839e-01,8.777985828779840112e-27
7.992174226742768821e-24,-5.451335029181564144e-03,2.987744157203730211e+00,-4.305342197631972827e-26
1.265376700173591517e-25,1.911326138542383596e-03,1.039504976528556002e+00,-1.225350121936187859e-28
1.986130399256554105e-25,-4.631079702845142081e-03,6.524332622574675611e-01,7.308755280492398786e-28
7.471844540180517229e-24,-3.440445403186159767e-02,5.522737144173547996e+00,1.862503876409018415e-25
2.823673835848217025e-24,7.458897960110304204e-02,1.185114872552811782e+00,-7.923136872184350735e-26
8.472304677271336692e-25,5.907085648712687154e-02,1.929366819976721548e+00,1.756316407024012932e-26
1.153447804704085181e-25,2.523166245828728158e-02,5.144773779850182471e+00,-1.219541299850916631e-27
4.861757644486518544e-24,2.005129846075453387e-02,5.322721901513528309e+00,-5.587232691327520446e-26
-5.960001452242215720e-24,-1.701081206463426121e-03,2.039278979728407215e+00,4.577842598578521402e-27
3.615407777722096916e-25,-6.717213104692043579e-02,1.292738049006725010e-01,2.408282104874059921e-26
-1.597391298414437525e-25,1.331513311262157509e-02,2.048670408850873592e+00,-9.781672349419643743e-28
-1.242751131500565313e-24,-9.053775162636593099e-02,6.035636008571499289e+00,-1.090859390646082641e-25
-1.972264791808065316e-25,-1.734801715215736903e-03,4.709536516435594677e+00,9.759658917614448559e-31
-9.147594958667641712e-25,4.394917036311385243e-03,3.610566210535144815e+00,-3.586231931372397287e-27
4.095145767015115837e-25,-2.899336445939754928e-03,2.166451739807736254e-01,1.159565825800214389e-27
5.727295223330885995e-25,-6.153573742988733414e-02,2.951504434707316715e+00,-3.460851544014424162e-26
-1.517126793716485620e-25,1.889433119313059257e-03,9.062726389942726835e-01,1.767731313863389798e-28
2.976577286922982826e-25,2.434731080216237173e-03,2.471493598887176402e-01,-7.026951012513812283e-28
7.549307055182882142e-25,-6.949311773401866538e-03,9.536208974765039148e-01,3.036182516135776859e-27
8.587455513004219016e-25,4.216336470743405063e-02,4.804732054769325522e+00,-3.338771461786214100e-27
2.082448543833027445e-24,4.410092495314661687e-02,3.738247209716515584e+00,7.597015086356860566e-26
-1.022679852070149518e-24,5.032465592063916845e-03,1.370396828663730471e+00,1.024486801403525708e-27
-2.970188095613453458e-24,-1.894058376584016904e-03,1.915240653160995080e-02,-5.624677877636482368e-27
4.888203122952284359e-24,-2.957357932490577157e-02,2.965535945834787857e+00,-1.423270297468407316e-25
6.410468291507758792e-25,2.952643640634523749e-03,5.631007260722741492e+00,-1.504315261037593938e-27
1.376894678499015044e-24,-3.058799453426041051e-02,5.238514791470574750e+00,2.115032698643624846e-26
-3.680244980083399140e-25,-1.426675738363843322e-02,4.258758694664733113e+00,2.300941815985955423e-27
-6.429639647236351479e-24,5.517509956225495615e-02,5.236463614088596508e+00,1.775241805528613759e-25
2.867016327191348314e-24,-8.251418290895809471e-02,1.015015915710110184e+00,1.248155900187235481e-25
-4.001348302620928915e-24,-4.377240676068741912e-03,5.015591239422204417e+00,-5.229551846190986948e-27
3.481197865042894681e-25,-5.851382218439914185e-02,5.794808680038682880e+00,1.798849975935543451e-26
-2.650217809709401699e-24,-2.295940318369299026e-03,5.085780809811861758e+00,-2.219565635603696794e-27
5.440435738694045441e-25,2.532642733945496619e-02,2.611372177929402572e+00,1.188680653329057678e-26
-2.675223417964226013e-24,9.713133807778438419e-03,3.251651162529272998e+00,-2.582758647538644986e-26
-2.723143773785168851e-24,-1.867358964557521263e-03,4.800795436503684677e+00,-4.489691467089144122e-28
3.358831651407491653e-24,-3.995705115619464787e-02,2.240069845697095552e+00,-8.326546853715598780e-26
7.354534506669364420e-25,3.361156324240166526e-02,4.222091558682518064e-01,-2.254899859549267370e-26
-8.199855570836175757e-25,-4.334311244223169879e-02,9.765950619955203749e-01,-1.989737265283945484e-26
1.525656387977068029e-24,-9.006331045917764788e-02,3.666287067996083504e+00,-1.189214515507020046e-25
-1.218494835247188290e-24,-4.592573589610187551e-02,2.933580695818109874e+00,5.475395928716750329e-26
3.764558159112122029e-24,-5.433932160077542539e-02,1.678434975307250721e+00,-2.197644836073637955e-26
-1.254771634471415052e-25,7.381430451115594989e-03,6.072155258413230783e+00,9.056538094544197899e-28
-8.459984330082149423e-25,-2.765979482656063127e-03,4.536537967770915003e+00,4.093763517540136792e-28
-1.501798822675260264e-24,-1.107332811064921973e-03,2.781262163218571448e+00,1.556194403683803358e-27
-1.647148874576675590e-25,-9.599772502607173408e-02,6.275885612051697038e+00,-1.581183319340223832e-26
3.016837513051041822e-25,1.210902054341677324e-02,1.279815596424852098e+00,-1.048043168372677985e-27
2.629830164004391869e-24,-1.484914463420206445e-03,4.372953590085653985e+00,-1.300212555742025439e-27
-2.807484784630959050e-25,-1.037732331466933089e-03,3.493194354441068850e+00,2.735181501439833159e-28
-2.137484628598796728e-24,-1.850087991214130825e-02,2.550500383977547525e+00,3.283578586066297730e-26
2.198039046025098898e-24,-4.635147403622565977e-03,5.915985491845402677e+00,9.509049323925066729e-27
-2.509108658775951167e-24,5.444366214262289297e-03,4.525046857509195775e+00,-2.544244516504164803e-27
1.144170050429246249e-25,-2.032380687147222233e-03,6.015827036119909543e+00,2.242773072005658755e-28
-1.295962217261063520e-25,-1.133719361609827198e-03,5.998920148915447115e+00,-1.410293216986675280e-28
3.282220910324741855e-25,3.564947878898774153e-02,3.708395750197213681e-01,-1.090555607544242762e-26
-1.702207659577095369e-25,5.727407642550562568e-03,5.536458562862754285e+00,7.155122338739512220e-28
-1.605877134711508542e-24,5.872483154013583700e-02,8.925762353064546906e-01,5.916762816979634024e-26
1.653799395908231439e-24,6.059215734259876598e-03,2.671372395180995341e+00,8.933162899628451467e-27
-1.550776045364130782e-24,-7.038414487245682472e-02,4.724314142403692074e+00,-1.301601130525973571e-27
3.310517295820622636e-25,-3.597965165688637307e-02,1.601954639272835212e+00,-3.710705345773198403e-28
1.110873232771827333e-25,4.816178860329032793e-03,4.957984336551330529e+00,-1.300806063445469272e-28
-3.679846331377710074e-24,-1.077779581373504089e-02,2.258868067931816714e+00,2.518643850280269423e-26
5.271507001581363731e-24,1.074728694142904452e-03,5.094318729839840465e+00,-2.111576662800558157e-27
-7.195271981455483619e-25,-1.249667042118023357e-03,1.147019544754383613e+00,-3.697439298416972709e-28
-7.087710872114385814e-25,3.575124435111294054e-03,3.874030123381214108e-01,2.346162503770121049e-27
-6.104239977907984994e-25,1.539003445957538201e-03,4.559424685847232261e+00,-1.431417515533109260e-28
-2.357551215246795767e-25,9.280939130179710617e-02,2.311572972200960585e+00,-1.476615910722598079e-26
1.508751188269128891e-24,2.281528978073508150e-03,5.796523618944390499e+00,-3.042609900880879110e-27
-4.746758052383745718e-24,-2.559001589970300462e-03,5.101200721089006684e+00,-4.604780850586612972e-27
6.149055542392873326e-24,7.039711651311712781e-02,3.692928023822257821e-01,-4.036925263830115815e-25
-7.102883924833158977e-24,-6.705238437705655918e-02,5.710889789226336610e+00,-4.003772006873807149e-25
6.737902712437116794e-24,-1.139669871821554284e-02,2.830145546175952376e+00,-7.309557368295865774e-26
2.123584259809724040e-25,-8.451379494770644776e-03,1.053571191076055458e+00,8.874362775146544578e-28
2.582243991648567839e-25,9.772449305738348593e-03,1.261634605664173625e+00,-7.677960260678237655e-28
-1.410839329951635432e-24,-1.365917888852705500e-02,5.597813330182376035e+00,-1.491922102965473163e-26
1.942809601555750793e-25,-5.286630023193323452e-02,1.411817369805394573e-01,1.016872408354120506e-26
6.529977409838388122e-24,4.874278798528456150e-03,1.364890396758965396e+00,-6.507553322647049851e-27
-3.744172671544971046e-24,-5.272819608498818811e-03,2.363665909996367276e+00,1.406385751963363891e-26
-2.467608875493029365e-24,-1.727165136574654314e-02,3.556497358664780783e+00,3.900360228374099492e-26
-8.584390776130736522e-24,-3.853366494480996163e-02,2.430385518073474138e+00,2.505965731575273819e-25
6.240314065881055316e-25,5.718038248908624555e-03,5.006975841954926842e+00,-1.036017657866254997e-27
-3.893004972352867644e-25,1.365221946122692313e-02,1.100618296445827538e+00,2.407850758728825267e-27
6.805474998457570673e-25,-3.111677475381993685e-02,2.128365217352528482e+00,-1.120498258300558055e-26
-4.680194526796706221e-24,3.377153183326728723e-03,5.404759521605165595e+00,1.008980614533671958e-26
1.810261840796308359e-25,-2.487940122715831884e-02,5.336208682791417912e-01,3.877660819034503702e-27
2.773964114579440918e-24,2.731854242866835897e-02,5.746354639441616285e+00,-6.512088233078529185e-26
-4.498023318409945364e-24,2.350332794734994075e-03,5.543877371870489235e+00,7.811911594025039940e-27
-9.890426343853429977e-25,-4.604128474648393372e-03,1.959801795610264685e+00,1.727066575627663584e-27
4.910777060869506735e-24,-4.435007120686735443e-02,3.244716301993910701e+00,-2.166362781889831038e-25
2.720558295195128125e-25,-9.984464231677543655e-02,7.879787656605256041e-01,1.915773517014065470e-26
1.323916224847523031e-24,-2.144407495168446694e-03,2.937909349359002942e+00,-2.780328227009277069e-27
-4.522839500277414508e-25,-1.952701556966222321e-03,2.455836914934450999e+00,6.835255131488184785e-28
1.683128032864679155e-24,-5.186976696732558192e-03,1.744964079983249317e+00,-1.512868908266965831e-27
1.795895187744858913e-24,-2.367894788561050387e-03,5.961484136736078909e+00,4.034333454501970823e-27
-6.051685679961158386e-25,-9.545262081512344288e-02,5.426565830936981527e+00,-3.783577458070228378e-26
2.990708222518456598e-24,-1.262123312595100910e-02,4.633461197588046865e+00,-2.976149406597597513e-27
2.368912488374838928e-25,-1.559839171457136396e-03,3.240903711831459866e+00,-3.676915547644552462e-28
-8.351550796985436916e-24,-4.344749899964076012e-02,2.154034618527727485e+00,1.998344966848852843e-25
-8.825173381974228238e-25,8.977209044023727602e-02,6.093382418994687022e+00,7.780265191495356668e-26
1.745336157981575514e-25,2.468892130432856231e-03,2.644405025797439190e+00,3.787339271479104146e-28
9.679430955743418110e-25,-1.925958995256698419e-03,3.254855100671932622e+00,-1.852274034444987453e-27
-2.013221921960992453e-24,-1.628414989167119645e-02,4.635064209523298118e+00,2.532459533057541478e-27
-5.645944598903388976e-25,1.036057177615102610e-02,4.557814014559314231e+00,-9.005931768513623829e-28
-7.300502683246569634e-25,-8.823040928713632436e-02,2.334824849917111145e+00,4.456297038107496809e-26
7.927439177895025992e-24,1.011101231106949043e-03,3.757852685970688444e+00,6.540969111812834517e-27
-6.057625920201602087e-25,-5.776695502708147772e-02,2.232439849706764068e-01,-3.412468599265589994e-26
-2.859341710557611737e-25,2.455695747331106214e-03,1.985792133040260810e+00,-2.831041012847836858e-28
8.350208591748157852e-24,-1.488233564473381712e-03,8.486632485389549174e-01,8.214123469751004865e-27
-2.351069197616962528e-24,-1.183138057357218395e-03,4.452005283598361451e+00,7.161367844857785658e-28
5.402242221333351724e-24,-4.158528385683441658e-03,2.542915957952425754e-01,2.174293027196158587e-26
-3.707545297762344759e-25,4.830265134933717230e-03,3.824802959554116200e+00,-1.388888213913702229e-27
-7.473115489561649820e-24,-1.412694104256556442e-02,4.188088471755190945e+00,5.285027619124015196e-26
-1.131245033895816465e-24,1.879227485962747064e-03,4.379315233791669648e+00,-6.950508353943394507e-28
-1.427759865935012211e-25,-5.600607698939119757e-03,5.580307686567267389e-01,-6.783276684306347296e-28
-1.991600632872371826e-25,-1.946496653031933900e-03,2.557936824363012396e-01,-3.750508780180857401e-28
-2.231693348819056863e-25,-2.990493403451566917e-02,5.647651386616075797e+00,-5.370824761163919025e-27
2.696553814200607331e-25,-4.329932025548780851e-03,3.995204876637840297e+00,-7.674157568304786045e-28
-2.241636192254495960e-24,-2.230398224833574777e-02,5.589306672990067781e+00,-3.843657808779691660e-26
3.696940006977481847e-25,-3.361263357374890282e-03,6.138227020664420053e+00,1.229606017090835988e-27
-1.695265283716345417e-25,-3.893783388996557848e-02,1.026108441815988481e+00,-3.420313679224983826e-27
-1.381656960008972628e-24,9.403687449923318203e-03,3.516179845630317935e+00,-1.209174212835719436e-26
4.614651124661008834e-25,3.456548042308558999e-02,3.468645571857699395e+00,1.510526463126414548e-26
-7.484044920383864883e-24,-4.679327793787823458e-02,5.382027378147281382e+00,-2.173718790944722472e-25
-1.291555080648075292e-25,-1.719216164295289586e-03,7.255160953595234385e-01,-1.661254646887740959e-28
-1.468277589430254058e-24,2.408658451813532053e-02,3.382494861914851825e+00,-3.434453859508206274e-26
-1.429919354998655415e-24,4.426584375602357624e-02,5.432689113422005889e+00,4.175107956417891928e-26
6.044169522503003967e-25,-2.540770755354365348e-03,2.888210425672516735e+00,-1.486650657900105960e-27
1.074302113499313280e-24,-2.012706998398111537e-03,3.984233494386469232e+00,-1.438968019544748052e-27
-3.093022384226992787e-25,7.277267203246192036e-03,1.777204885103280230e+00,-4.613078845368507744e-28
4.405679429861223268e-24,2.064935991779659214e-03,4.877013436641808752e+00,-1.490906522648338565e-27
-2.085748826849189579e-24,-2.505820465206102989e-03,5.906335441799638097e+00,-4.859759773136577093e-27
-1.014390406922871834e-25,2.662287969231899760e-03,5.984676246442529823e+00,2.581168150197607242e-28
2.487773553900062061e-24,-1.945263688879016791e-03,1.412506161145990147e+00,7.628306700608795680e-28
1.844590550490196024e-24,-2.792443819648985845e-02,3.251866235971707653e+00,-5.119628962739048286e-26
1.289450857125932483e-25,1.766789871969469449e-03,3.232260909412609351e+00,2.268830937922632185e-28
5.785441086801384053e-25,-4.920806984437071929e-02,5.647222176152824069e+00,2.290334224252786714e-26
8.563880655219777193e-25,8.456755604988687447e-03,3.269061503875978492e+00,7.183506925235280426e-27
9.887307927892483941e-24,5.672056224054024959e-02,1.105015881141823364e+00,-2.518727699154376880e-25
-1.297672571179875043e-24,-4.011197926514274703e-02,3.164759038665124979e+00,5.203824816496997013e-26
3.228762540154869904e-24,-1.715755054484850457e-03,5.809056608128671861e+00,4.928678882602628306e-27
4.928568991442323949e-24,-1.622286170629220299e-03,5.712635903753417566e+00,6.729089264078984412e-27
1.654327027007528425e-24,-3.121646296816460095e-02,2.272447720644670266e+00,-3.333402499957112415e-26
2.304986600289478766e-25,7.125952747023430595e-03,4.504318360677494471e-01,-1.478696020199229473e-27
-6.072819100615658250e-25,-3.865865568883774302e-03,2.343905815137957482e+00,1.639528850198805632e-27
-3.393786632978860901e-25,2.348149836646502148e-02,5.610566027733811190e+00,6.233385073293860323e-27
3.563176283183106809e-25,6.808418975497938785e-02,6.245374549069436787e-01,-1.968020184073391633e-26
-1.095946561007060370e-24,-8.214014850357209685e-02,5.443572235701831019e+00,-6.011174614007129523e-26
9.348223746592052501e-25,3.998911759899566841e-03,5.151548659809542130e+00,-1.589434954985918719e-27
-4.083494161805139386e-24,1.962787415793187766e-03,1.827136569740247074e+00,-2.032147664066111600e-27
-1.258445607411549937e-24,-9.171859653767407486e-03,4.597127957140781929e-01,-1.034396589807867121e-26
-1.182259330129482552e-24,-1.904448009872623760e-03,1.734539818436317216e+00,3.670316098054631714e-28
-6.902229008356879592e-25,1.005433446006037158e-02,2.869498653704925406e+00,-6.684420882867662976e-27
2.232942529423627150e-24,-3.482049258963158724e-03,1.093706128337993411e+00,3.570349936579295188e-27
-1.246716221962713543e-24,-1.617195837361490784e-03,2.537330150580469734e+00,1.659161061485998632e-27
1.570131529338135155e-24,-2.158520624870914270e-03,3.475711660555720339e+00,-3.201739268894589298e-27
-1.058165299781494737e-24,8.106900499912264579e-03,6.020655296278396129e+00,8.284513128342387405e-27
1.009547699480939876e-24,1.054876407491718050e-02,3.002073795340140627e+00,1.054599973229997857e-26
-5.348016766672676792e-24,4.932805301599344633e-03,4.999644657184251884e+00,7.474224616591811680e-27
2.265160728427531811e-24,9.945365423222732315e-02,2.661756388343592405e+00,1.998379267078472126e-25
8.192534166881552929e-24,6.009596501909374167e-03,6.063804632163243724e+00,-4.805380890270584872e-26
1.273714998548549137e-25,2.542693254471962549e-03,2.810907958723014577e+00,3.063196395593528413e-28
-1.340923590764266789e-24,-1.027728787394788408e-02,1.931536306181725227e+00,4.864254219637989074e-27
1.777146226631337722e-24,-6.808038275395303374e-02,5.290238949747049446e+00,6.608701412623534577e-26
5.326670601129891230e-24,2.340801360328614161e-02,2.733060670444159790e+00,1.144256794533995370e-25
-2.759141740238548576e-25,-2.528039199015148699e-03,8.872581829524243124e-01,-4.405131196106038548e-28
-1.901695684589241803e-25,2.888466050238474095e-03,6.670195804292018416e-01,4.315666686410171655e-28
-5.375170694898919062e-24,-6.856415916934131827e-02,4.305477555587845728e+00,1.458604640397262458e-25
-9.156293445630132016e-24,-9.670798633102292707e-02,2.160555169389509977e+00,4.924728321684534900e-25
8.072609264007276139e-25,4.390329460632278955e-03,5.338007592775701582e+00,-2.075445083241830815e-27
1.921146704660629584e-25,-2.113149704611006624e-03,2.715302953047390666e+00,-3.696355264144147922e-28
7.458804345724550597e-25,1.849415035877780434e-03,3.347787917822458437e-01,-1.302859999799306811e-27
-4.708009837740275833e-24,-1.722420381435893835e-02,4.272049334734793646e+00,3.456508135121596540e-26
-2.423324189844105951e-24,1.183761900689692939e-03,3.141568185401867108e+00,-2.868638848098453299e-27
-2.537753534638072927e-25,-1.460973308512724007e-02,6.255348000658943697e+00,-3.706153735656575662e-27
-1.121656334355561873e-25,-8.040927633178592687e-03,4.503932324796337205e+00,1.866516553578134072e-28
1.458704722022184224e-25,-4.886654386817999157e-02,6.194488694388916805e+00,7.100165169663341402e-27
4.288981266595103058e-25,3.501542236190610669e-02,4.867298452289880117e+00,-2.317144638423466437e-27
-6.439721798110965004e-24,-1.432318411998882192e-03,2.646042121882535181e+00,8.114182215369199392e-27
1.114441688299954313e-24,-1.283941090768130674e-03,4.936601236827708128e+00,3.181390162599787970e-28
-1.599336145715447028e-24,-1.028056981331501238e-02,8.321838860294705764e-01,-1.106984207738141602e-26
-3.797583955462469122e-25,-3.731056612349002710e-02,3.484301350356248772e+00,1.334504347750209684e-26
-5.323392766057130097e-25,6.512644907138122330e-02,2.913822450213867210e+00,-3.377393739101484672e-26
-1.942512107490673900e-25,-1.147565715890443844e-02,9.093017083705968728e-01,-1.369366268372474257e-27
3.893748816285892656e-25,-4.933091526141211713e-02,5.296143685477389340e+00,1.058681630101165188e-26
2.718784725513902816e-25,7.059709796905123437e-03,4.319978357271342162e+00,7.340045709067199840e-28
2.431945121841850956e-24,1.354462728986473470e-02,3.486061207025597408e+00,3.100474403684969404e-26
-2.635072501837721692e-25,1.165419383804878507e-02,2.694167446315106407e+00,-2.768671294536046155e-27
4.681120678335635280e-24,2.849115088849659555e-02,2.287632373114832252e+00,8.762478843494095598e-26
-4.561558905222957398e-24,-4.190542330813690208e-02,9.040081505888184488e-01,-1.182221494649624086e-25
-4.469808759382227109e-24,1.363107822358147411e-03,6.003117364605888184e+00,5.855434226114554035e-27
-3.257142183869147221e-25,-6.576877818932827871e-03,4.700011159176224140e+00,2.651487637271552794e-29
1.264125844862497442e-24,-2.908551742512780532e-03,5.519497306525301461e+00,2.655699390742019474e-27
-1.198616316351131662e-24,9.107765923072519768e-03,8.248240728083985895e-02,1.087960278054228666e-26
-1.362434084260502564e-24,-8.919418028826731071e-03,4.965861970225676991e+00,-3.047356333729770200e-27
-1.800745426681370476e-24,2.680888814620050863e-03,5.279859992355781628e+00,2.594839709225214116e-27
1.921210679828807052e-24,-9.858905480296185908e-03,5.544547732673387408e+00,1.400474596523229697e-26
1.888691749977923656e-25,8.148129423545201130e-03,6.277763704743882789e-01,-1.245511146914262276e-27
6.676879074539759193e-25,2.327625928892548823e-02,1.173172213419113374e+00,-6.018031678617632763e-27
2.439487971931605807e-25,2.247562437126188369e-03,2.312363396647138192e+00,3.703394669414564336e-28
1.273052663074282998e-25,9.310293333918305547e-02,3.304327193246179739e+00,1.169589775630379569e-26
-5.418602565394078426e-24,-1.339795178943008376e-03,3.966410308932748485e+00,4.927172101713869573e-27
2.519122418802472989e-24,4.589688359633786047e-03,6.057682504593253192e+00,-1.126925820922502855e-26
3.447137175479187294e-24,-3.475365222389293837e-03,6.255467906756789986e+00,1.197545908460093389e-26
-3.420349015440631798e-25,7.632385838510086229e-03,5.784097411230121999e+00,2.292107034055199242e-27
2.747190701352740713e-25,-3.088389789109146927e-03,4.990385975922650985e+00,2.328373539147826692e-28
-2.190756755872942431e-25,3.138219201442089823e-02,7.275432049476847352e-02,6.856887398738708681e-27
-5.046585113134154916e-24,-1.005865766553420797e-02,1.771546339674567205e+00,1.012213745816697760e-26
-1.077236657003213804e-25,3.026789487765562097e-03,5.781058623284077713e-01,2.730723524939117817e-28
-1.697579189851342958e-25,4.886303468791330235e-02,7.404792012377191535e-01,6.122832365864310408e-27
-8.691894302187924254e-25,-6.796052639620707436e-03,2.263775371156120819e+00,3.773616703823829576e-27
5.763524721343884667e-25,9.896250207927158662e-03,4.793945331625571349e+00,-4.646597570501134776e-28
1.888484242758667347e-25,-1.528496900473671864e-02,6.179077615592069250e+00,2.870913668490937698e-27
1.595852702845955332e-24,2.367328779641111880e-02,4.137446527435656995e-01,-3.459134735464183561e-26
6.457591300839621057e-24,-8.360302228236221600e-02,5.933493500952559785e+00,5.072000735891783614e-25
8.959937544388592076e-25,-1.030683588284469219e-03,2.320106208029668604e+00,-6.290174252124500148e-28
-2.009481752256092087e-25,1.853557166151669497e-03,3.296387488952755351e+00,-3.680153874958794782e-28
-4.643665824795250242e-25,9.397353357398540233e-03,5.428376248168074625e+00,2.864246078618438316e-27
-3.025231718788916024e-24,-2.038641062354892147e-02,4.294902022475914904e+00,2.500646417425622601e-26
-5.228786761775351309e-24,-2.851676976321789250e-02,3.344605418760120852e+00,1.460459625042378116e-25
4.013912605791446573e-24,7.445195978015905179e-03,1.348346627478111071e+00,-6.593077504362059592e-27
3.195714995457796195e-25,-1.637104224201933831e-03,3.609450084887234400e+00,-4.669500159267591447e-28
6.737116485840519526e-25,-2.287067762908810177e-03,4.928988460365775204e+00,3.311382328785145196e-28
2.469572886349926492e-24,-4.785167380720810673e-03,9.548709621571612738e-01,6.827032031851088226e-27
2.043615539326509929e-25,4.369389852487934843e-03,2.445145735437794787e+00,6.849941642615263177e-28
-8.855910128300176842e-24,-6.206301083801696490e-03,1.752324130448873474e+00,9.922506649011588978e-27
-8.873084609284161653e-25,2.542015459623928660e-03,3.318788185046622985e+00,-2.220234182528407021e-27
-5.714814530240694797e-25,-2.650503719917139591e-03,6.045374943787923172e+00,-1.472083808535583909e-27
4.251083881706669431e-25,-3.412393668757499141e-03,5.625260619021967834e+00,1.147835430995572418e-27
1.848709910743739274e-25,3.642685970099239761e-03,3.281360126856899040e+00,6.668599864811388739e-28
-2.884962135938444602e-25,1.115077084499191927e-02,6.279087090636043200e+00,3.216928152480242310e-27
1.132986940746985579e-24,-2.906071529699431541e-03,4.755980539746013314e+00,1.434815492049527999e-28
4.915818683345128866e-24,1.450402679376969553e-02,2.514533952151254415e+00,5.773498878444616176e-26
5.971976816330069825e-24,1.813193056497722352e-03,1.836187717822165055e+00,2.840134369440229994e-27
5.137510428189157296e-24,1.918769152678190910e-03,2.075199137116378711e+00,4.764073998694434125e-27
-2.598267402864098948e-25,-1.355315343637958966e-03,4.344819455863000002e+00,1.265435098240997617e-28
6.278088255422888042e-25,7.933087811576630677e-03,4.518387716444459024e+00,9.601665932947027516e-28
-9.727576618032432178e-25,-1.085878584927812973e-03,4.300457137046780787e+00,4.229204127234348863e-28
7.511471164834986739e-24,1.097492074661883489e-03,1.893742793504179067e+00,2.616263204442609775e-27
1.634441967785298307e-24,1.879688354427562404e-03,5.376254545266829776e-01,-2.638831514685485127e-27
1.799276919090498959e-24,2.670770457992110297e-02,1.346432141448371776e-02,-4.805020062230681604e-26
2.564235485658680993e-24,1.424007862734670950e-03,2.950559209863255816e+00,3.585065516403968254e-27
5.107681954134499521e-24,-1.010919367381089840e-03,1.529902602906496600e+00,2.110940403353922764e-28
-3.850441730183625235e-24,-1.849843869797551362e-03,3.149437496840782558e+00,7.122496860168827724e-27
-2.977680227681826239e-25,3.485962029058529282e-02,2.347353750311058640e-01,1.009541609309805857e-26
1.963461044371614830e-24,-2.039674750852387211e-02,1.976017542052784348e+00,-1.578789186708054415e-26
-1.829652063895827571e-25,-5.047037489472058769e-02,3.878313044333799864e-01,-8.548502324042402470e-27
2.695323480511973357e-24,2.248786648935323720e-02,3.229650757412172890e+00,6.037722641690012634e-26
1.477356958501216171e-25,-3.217525839757963413e-02,1.249940662657246238e-01,4.716349829626095154e-27
-2.121220192146963136e-24,-6.678476763493311139e-03,3.463808317160416816e+00,1.343745561966155850e-26
-1.039698073465986188e-25,8.235792028630115058e-02,1.498825631259672386e+00,6.157342623349722715e-28
-1.254085977863930672e-25,-3.064296665814424635e-03,5.302738552465938504e+00,-2.139151163202648009e-28
3.676743353443147934e-24,4.926363257715966198e-02,5.880352878382626436e-01,-1.507057642328801724e-25
2.985896726561843001e-24,4.769701967264401016e-02,1.568338813130746079e+00,-3.499947500690669380e-28
-4.343575472809507202e-24,-5.869454006643216003e-03,1.660681445430003400e+00,2.288484169553980899e-27
5.376373836162986522e-25,1.779297589476545047e-03,7.163100625468075133e-01,-7.215126984230125217e-28
-5.020435346569173191e-24,7.108044365245491832e-03,9.238771035834691947e-01,2.150874267165784221e-26
4.101211794815528103e-25,-1.542537077816529337e-02,4.273773835685616973e+00,-2.686679511477571642e-27
3.120241044561404063e-24,-2.958333058172043627e-03,2.479194349232941796e+00,-7.278596779283683922e-27
-4.353957356502395725e-24,1.510485563581690643e-02,1.412545254155359364e+00,1.036413818790754996e-26
2.580143283696049272e-25,4.285696200977347908e-02,5.097064472792265377e+00,-4.149498263446075368e-27
-2.967671269748909074e-25,7.773895775819871304e-03,2.217101975596469821e+00,-1.389392719746410156e-27
8.631722594329224018e-25,-1.162065039166543766e-02,2.301660741354009332e+00,-6.695576556962794465e-27
4.175089715336252666e-24,8.038938428590970686e-03,4.182622213012233026e+00,1.696060714669827283e-26
-3.307594175886454992e-25,2.744708158851306892e-03,4.326074498126569523e+00,-3.420525706781213361e-28
-6.508061600964006827e-25,2.933018439590415541e-02,6.147306187642913144e+00,1.891232103258284799e-26
-5.163756076339184774e-24,-1.381362275386449276e-02,1.474676364771527526e+00,-6.845701375630671354e-27
-3.578946778183970117e-25,-4.549704202464814606e-02,3.202714893107036609e+00,1.625274232752131976e-26
7.589913912476047447e-24,2.431385007076587897e-03,5.008756126931458219e+00,-5.389448486776081854e-27
-1.374323227300395515e-24,-2.581782111682079297e-03,2.565784544389838828e+00,2.976064420078845804e-27
-1.586609769043143275e-24,-1.303908909660440830e-03,1.781070281215471285e+00,4.318150061797906636e-28
-2.341639399947407362e-25,-1.583742531433506972e-03,9.004450085025607065e-01,-2.303981096532475807e-28
-6.573086687512200223e-24,-1.101594622819579341e-03,2.339886306927208004e+00,5.035896958306563426e-27
-7.391904723254628252e-24,2.947117472618989917e-02,3.606202705734657066e+00,-1.947554222473639135e-25
6.019394558438611977e-25,-1.035655679025720456e-02,4.049619596337690197e+00,-3.835806879053558706e-27
9.253194483024347464e-24,1.443383611033185760e-03,7.661666354638881071e-02,-1.331672808942790504e-26
-9.265917397255862414e-24,-1.003744301924237338e-02,5.623491297995770744e+00,-7.349155588304209635e-26
3.094416283339926172e-25,1.034682207635286184e-02,4.952769555875788043e+00,-7.622449289878529736e-28
-1.453269465061822736e-24,-5.558216333580920376e-02,4.898067825502678829e+00,-1.491233477511652084e-26
-1.449153815408210903e-24,5.738824822559652344e-03,4.218822775119604351e+00,-3.940075308864849928e-27
-3.794354609974262215e-24,-7.151546263973003123e-03,4.559334618412512974e+00,4.137010755489734032e-27
-6.946765900525417134e-24,-8.923102585230744538e-03,2.407390568686729182e+00,4.601679658202649336e-26
5.124494252465194265e-24,-1.768121341098337178e-03,1.035917465340449317e-01,9.012154644287465491e-27
3.292747193152578459e-25,-3.965084125509157897e-02,3.259604295100459570e+00,-1.296521114266682556e-26
1.920453681663215285e-24,3.590485349553976940e-02,2.800831588129764516e+00,6.498881609694153568e-26
2.161635730482052108e-24,-1.752437339474521979e-03,2.213236733786398514e+00,-2.269662961027065868e-27
-3.307307791843076509e-25,2.540113176176716538e-03,3.596063201798251008e+00,-7.548187121164552451e-28
-9.606750153395037446e-24,-2.892572732727656526e-02,3.429841134095466815e-02,-2.777188037669588268e-25
3.619824218418670265e-25,-8.638271089751747844e-02,5.171693310507293084e+00,1.386232840789363077e-26
1.892764198705742403e-25,6.153390744353060687e-02,8.379372668832147930e-01,-7.791757716183205774e-27
6.233778280117505954e-25,-5.440079553319646793e-02,3.510070453983175076e-01,3.184451554288363396e-26
9.673230577361775177e-24,4.724551592267166311e-03,3.259893981321342893e-01,-4.329476790790042846e-26
-1.470400101204929328e-24,-1.833639578264678301e-03,4.600223590096826243e+00,3.017847844176544189e-28
1.207229531616979555e-25,3.893696345320139980e-03,8.901833655963452552e-01,-2.957935038618062920e-28
1.736610267892925418e-25,1.458077736884531676e-02,5.026236461463300387e+00,-7.817150059549643184e-28
-2.386906682753065662e-25,8.274412475075777415e-03,5.942392922050446558e+00,1.861441588797513331e-27
-2.388451333129009172e-24,1.209450791183926642e-02,1.263077275900781116e+00,8.749500393054260151e-27
-1.606416579870339933e-24,1.080538621868090904e-03,6.355380518089852604e-01,1.396885353023362242e-27
-2.534373837393297721e-25,-5.919808216332426987e-02,9.767558129801613420e-01,-8.397391590118119859e-27
-1.323628747733325645e-24,-9.325796542326462990e-02,4.012076679469528173e+00,7.955101898344544551e-26
-1.634109595690265088e-24,-3.694307892934906024e-02,3.933651339768543753e+00,4.240209252602935177e-26
-1.037012589878153621e-25,6.876588582540394713e-03,5.198887956350429995e+00,3.334035469094468850e-28
-3.663439784628800435e-24,1.040653850702321324e-02,6.017153003285973689e+00,3.678259610085096132e-26
7.772489596872445260e-24,6.975847537530310491e-03,3.882845457107898302e+00,3.999371197949918960e-26
-3.964280556779102404e-25,5.406509231800411819e-02,2.020853583616956328e+00,-9.323686242582822066e-27
1.992476532612508632e-24,-7.482901637414095253e-02,1.670279477142277980e+00,-1.480799241700574245e-26
-1.361829513202959202e-24,-2.973221457926092035e-02,9.865672298219800851e-01,-2.233263731555852710e-26
-1.749779375426968281e-25,-6.786274174587705529e-03,2.730893547359488860e+00,1.088702351416469708e-27
7.681935082294409899e-24,5.125391030413188609e-02,3.880216548410575506e-01,-3.644591431991554675e-25
-9.309741512069692311e-24,2.616027674333109079e-02,3.602992377609464558e+00,-2.180779227746628950e-25
-2.695102450967618580e-25,5.637567762804071222e-03,3.647005108296251130e+00,-1.329421275378184441e-27
1.217853658550586369e-24,-9.215517220633738169e-03,1.131093616294999604e+00,4.777364149935172764e-27
6.787522370370684710e-25,-8.541077325149754040e-02,1.665782345396650932e+00,-5.498324360688309491e-27
-7.949754023766294157e-25,-1.909673049842623054e-03,5.711406348149655088e+00,-1.276666743637753440e-27
-1.170880120788765647e-24,-1.349354551872968856e-03,1.706023508366319552e+00,2.129992561109150818e-28
3.027591409451549406e-24,3.481673099553288936e-02,1.975965970667957761e+00,4.155028186855699650e-26
8.475143078635218657e-24,3.534456685740150917e-03,7.624855143180917505e-01,-2.166112190395665447e-26
4.996737551744129159e-25,-7.717900361489374306e-02,4.802856426270800116e-01,3.420127013162218287e-26
-5.445219286650585442e-25,-1.385567422817961247e-02,3.930772470384036321e+00,5.314708657460497684e-27
-5.230761089647505366e-25,1.095198323692879927e-03,5.361636426699926794e+00,3.463510902570790898e-28
9.147267110436664186e-24,-3.858080787751004461e-03,3.764226973811337640e-01,3.282002411064790391e-26
2.015952916208655456e-25,-1.779410559826218301e-03,6.250308453015671617e-01,2.909028573223001502e-28
1.356821477463499500e-24,5.618170787182969438e-03,6.090810758782256862e+00,-7.482236080720575048e-27
2.401345808316860904e-25,8.830635170270002832e-03,2.782861111826995804e-01,-2.038958725547405239e-27
2.078988523470296074e-24,4.398452811778790633e-02,2.160164340329971289e+00,5.082747314896384112e-26
-3.764090696753907305e-24,-1.050108616905504012e-03,1.211880032406296159e+00,-1.388426003386883997e-27
-2.091677204037747976e-24,-1.378370601427990338e-02,3.109317625705698251e+00,2.881604862662263336e-26
6.141706053809489540e-24,1.635155989229300499e-02,1.657524702393081695e+00,8.698910152684916434e-27
6.779491878563989902e-24,-2.016802834509959924e-02,3.473820027151187428e+00,-1.292524018386576151e-25
-1.663088853338195776e-24,-3.710637373165542006e-03,4.649503763392509370e+00,3.878164739157998430e-28
8.196155017119612047e-24,-2.391126737153133688e-02,2.986083464876560178e+00,-1.936155175399314990e-25
6.267858738059095618e-24,-9.501127693278971220e-02,4.917999559402438159e+00,1.215837318513446642e-25
-2.997256723531793294e-24,-4.478161496139975578e-02,4.065207378653429515e+00,8.092785406438224800e-26
-6.996391950756531186e-25,-5.654934552647851442e-03,2.465932606882485167e+00,3.087167260200467029e-27
-9.218469017933160566e-24,1.252051001005793918e-02,5.665018928647800323e-01,9.738943682284670096e-26
-4.940785937673047654e-24,-5.162297314270852117e-02,1.368646234508252013e-01,-2.526729221964460661e-25
3.298266995099017448e-25,1.324510103078616920e-03,2.359557337138437294e+00,3.099428712661035597e-28
-2.397302467596549689e-25,-2.501808412020436329e-02,9.242504575212489026e-01,-3.613147168485428498e-27
4.379253160781465746e-24,7.847997617219705513e-02,4.841128612859289859e+00,-4.412359175853553560e-26
5.346837038779515908e-25,1.371112808217605367e-02,4.476473788462471681e+00,1.713523361936621005e-27
-1.402408615787197205e-25,6.112992566512142137e-03,5.039756480759605139e+00,2.756632768544375925e-28
-1.269235334016263632e-25,8.329328255967338029e-03,3.758057874072669335e+00,-8.625882585356838760e-28
4.002957827068623119e-24,-2.592287502440568294e-03,2.789539260564728451e+00,-9.740372347238391913e-27
4.078703618711905884e-24,4.156526424506751249e-02,5.081713235779528937e+00,-6.119870780654681392e-26
1.219085562684981750e-24,1.630047793023678112e-03,1.578351014919772810e+00,1.501228965809896842e-29
-1.444270813974500866e-24,4.133664775324615015e-02,3.178078116437748957e+00,-5.966158143931904854e-26
1.104888231824904014e-25,-4.120464947410039380e-02,2.345635725372945402e+00,-3.185042251529613431e-27
1.713363377181765546e-25,2.261930042904445812e-02,5.375200008128122597e-01,-3.328988205635413575e-27
-6.351696969962931688e-25,1.071478601048763985e-03,4.850421683653197924e+00,9.364299270822720518e-29
6.012880083248760546e-24,-2.032215976723824799e-02,4.930137909819652720e+00,2.639799905425350041e-26
-5.509329173165527351e-25,1.100488203744224430e-02,6.188945795394486638e+00,6.036048888266642433e-27
6.168496875967798909e-25,-7.022860035666320111e-02,4.140893455458971140e+00,-2.343164284213250962e-26
1.069161990344328405e-24,1.088469189410377728e-02,4.602227114189818558e+00,1.279417165631150208e-27
4.534138521565316543e-24,-4.838653855017300415e-02,3.412133001044346692e+00,-2.114112681524191524e-25
-8.693468581610941903e-24,3.952738358825909001e-03,1.682037711740873298e-01,3.387804392188809465e-26
-2.583706816861503048e-25,-4.260559099638627778e-03,3.310309427924479131e+00,1.085173309216945833e-27
-4.396882644676218774e-25,1.172743167529839356e-03,5.743708347465504183e+00,4.424087147166572320e-28
-6.049805915876588792e-25,-1.741756917616960054e-02,1.811475714428306238e+00,2.511694956526809985e-27
-7.712594675985424586e-25,-5.422901232740766700e-03,4.799379733061519993e+00,-3.633769766811840315e-28
-5.963325588307867702e-25,9.472852832579547327e-03,1.811567826998265129e+00,-1.347008008463988118e-27
-1.121706510545890113e-25,-1.040246866927342813e-02,5.090709103944249803e-01,-1.018892195873753879e-27
3.209460741389867893e-25,1.838454281118476804e-03,3.392593234660083112e+00,5.715552733266821098e-28
-1.151070132632929664e-24,2.755321603128407272e-03,2.649784587814305148e+00,-2.795675683706359245e-27
1.987266406875534060e-25,1.313959452909081033e-02,6.199081969565997774e+00,-2.601957973578101634e-27
-5.435561511132485731e-24,-4.343002437719015174e-02,2.431861642549853819e+00,1.790652705856761686e-25
1.308476740106853470e-24,-8.460558418919713122e-03,4.139390187502194784e+00,-6.001888820722799368e-27
-2.352379890152042428e-25,-5.389526058438960654e-02,5.225382015102609579e+00,-6.222304659836564676e-27
-7.204250366068251131e-25,2.457187261287917517e-03,1.233008016335290502e-01,1.756779863229963978e-27
1.718262147649732498e-25,3.185309319367743940e-03,4.107493826659804448e+00,3.112474561235965697e-28
8.148127150823763563e-25,-5.843970893321459754e-03,6.186784241108566285e+00,4.739633092699485360e-27
9.824805741993938267e-25,-2.927172436952824204e-03,8.585061243151886901e-01,1.879592192445390626e-27
-6.380698938101561584e-24,-1.097210464580709866e-02,1.446042957621122671e+00,-8.711308145603836171e-27
-7.560431115791709502e-25,-2.510193433118092579e-02,2.583266769879908775e+00,1.609618406386647207e-26
5.569940732156926817e-24,-2.228116626086637433e-03,9.426247548976255386e-01,7.293220091219109612e-27
1.810932824771671464e-25,1.647062438911658239e-02,8.407831656552587907e-01,-1.989114273370342014e-27
-1.456846171459727086e-25,-4.233153141272445047e-03,3.134197639456892670e+00,6.166884321383583052e-28
-4.359034662657424674e-24,-1.888823965769478906e-03,1.664210984277813887e+00,7.680067170232997101e-28
-2.309278694843992139e-25,2.443672630899068696e-03,2.373177036126318029e+00,-4.057475841015993542e-28
2.002441362000708564e-24,-3.066128738789000892e-03,3.129851989369220711e+00,-6.139319851730510894e-27
-1.638523067694322819e-25,-2.963322465332030031e-02,6.266891296118402899e+00,-4.854827679419714613e-27
8.934356690377181204e-25,3.764333068730448765e-03,3.797027439329771159e+00,2.666279406829941865e-27
1.213612124160624048e-24,4.584505214516348265e-02,5.752778914850651404e+00,-4.799352113267885709e-26
-5.170576437129139520e-25,4.792159401257157364e-02,1.881339724862471918e+00,-7.571633506385986736e-27
-1.707807300442369438e-24,1.097800953149979854e-03,1.596121815370982633e+00,-4.747597320459038276e-29
-8.711684978684132640e-24,1.287860814526950795e-02,3.302307565654529764e+00,-1.107485430635339229e-25
7.358133411520608805e-25,-6.364356959275522564e-03,3.570989870084546158e+00,-4.257843276743096835e-27
4.060266747505743305e-24,-3.310691068840103911e-03,4.096752707198954013e+00,-7.762627382424492659e-27
1.611633308709291586e-25,-4.644021533150828954e-03,1.146210563775808433e+00,3.083173516669939524e-28
3.339072116656798212e-24,9.422673747545207146e-02,4.747684544043321075e+00,-1.110273307751777277e-26
7.540649112355417186e-25,-8.826509498743059789e-02,1.586706913853357159e+00,-1.058925985883884694e-27
-1.124718696129528577e-25,-8.935831175124977002e-03,4.285387666108541715e+00,4.162262204846911204e-28
-5.461643552545333421e-24,3.445812769030682371e-02,1.445806801498634719e+00,2.346158089783203478e-26
-2.130478651957416176e-25,3.252246711616433618e-03,4.563744790410907193e+00,-1.026143581203731104e-28
1.680470275266652021e-25,-7.305976015124779517e-03,5.897687177302749717e+00,1.137644682626669568e-27
3.915098702320872280e-25,8.845136150592708413e-03,7.655771225308869443e-01,-2.496732396013604102e-27
-3.098981717705672011e-24,-2.836051605683407965e-03,3.794022039900912358e+00,6.983736356227796575e-27
2.335198935498700601e-24,1.241136282691902111e-03,4.192183770025692091e+00,1.440623881053199397e-27
-4.608113252282713827e-24,1.210428869299957216e-02,2.352408823492902368e+00,-3.929136218920720167e-26
-1.270004204919654544e-25,-9.948515525702747442e-02,5.518774802492223408e+00,-9.119574808349693183e-27
-9.283170262179977151e-24,-2.246004144029910624e-02,5.655209858938595069e+00,-1.687223938758844710e-25
5.775217730019651114e-24,2.527283364455512951e-02,2.847181578171865013e+00,1.396760923327183733e-25
6.665027932008919961e-24,3.324319904794045301e-03,5.896078413283624364e+00,-2.051720361548830396e-26
8.201701802507547421e-25,8.750953892238429177e-02,4.867432670676628881e+00,-1.108337692899773814e-26
1.389415830200983425e-24,1.362681969286503973e-02,5.517344446688769999e+00,-1.364713208179995044e-26
4.447687401106044344e-25,-1.604632640608707334e-02,3.602734265815441095e+00,-6.391419725449826683e-27
-5.429211220570527039e-25,2.126869306254247291e-02,1.070625142234849170e+00,5.537768105187797415e-27
2.821486886877702845e-24,3.648496030111091082e-02,4.240268056784446848e+00,4.681549887535173967e-26
3.500776094383696752e-24,-8.754833621906930527e-03,4.581894340870830362e+00,-3.988151190665454940e-27
-1.688977815466853775e-25,-9.186010061671984889e-03,6.094907880889036456e+00,-1.524078827944932986e-27
8.023706071674810087e-24,5.934818440047977262e-02,1.210729306843808306e+00,-1.677801764039428589e-25
-1.649652833441146321e-25,3.261776953025841055e-03,5.337427647783383300e+00,3.148459895744692160e-28
2.330582422675844022e-24,2.221509660453950194e-02,4.701818595468819417e+00,5.472621187700623696e-28
-3.274819770258257410e-25,-7.854078131907644977e-03,1.479862695810132411e+00,-2.335653765308295419e-28
2.668283202643165484e-25,-5.257437220505627000e-03,3.768337292621009027e+00,-1.136212221723428504e-27
-7.267262184937579288e-25,2.598067283068302650e-03,5.622450945637686104e+00,1.490720875211669732e-27
-6.978375067410360387e-25,-2.023141036609136731e-03,6.065348072341779861e+00,-1.378458273450082318e-27
1.551357017533628497e-25,9.298070315059078772e-02,4.184487604081683632e-01,-1.318007526500919268e-26
1.397228715035321228e-25,-2.424758161801264522e-02,6.617504900256740985e-01,2.672807424080547469e-27
5.591015180294425162e-24,-2.292967159969534936e-03,4.416609022372826598e-01,1.158984373542267853e-26
1.337582406567510139e-24,3.011237775214475887e-02,6.269809223355352401e+00,-4.027418351179289853e-26
1.899737590889222958e-24,-6.484686748975505670e-03,6.165939097905508426e+00,1.223462610407925115e-26
3.644774507824147623e-24,-1.303536598508005413e-03,6.698043302548449818e-01,3.724589963089114094e-27
-5.091938334554444548e-25,-6.626360361085542605e-02,4.590521543041473862e+00,4.101760817701595031e-27
-5.481130282046465163e-25,-6.950320468856868716e-02,1.770361798904900377e-02,-3.808964222072867300e-26
6.857114401137242885e-24,1.587875681137258799e-02,1.650525193727504059e+00,8.671880296653164946e-27
-4.336211472878763776e-24,-5.515717759078547777e-02,1.888866292450625650e+00,7.479756784393906941e-26
-1.430495535305709031e-25,3.646031406299968160e-03,2.098232967589551023e+00,-2.625131712350555343e-28
1.042565913806933741e-25,-2.391011860686402101e-03,6.347389473558576745e-01,2.007258574909824507e-28
-7.641449999784758986e-24,3.166414787182524667e-03,1.127846120467978608e+00,1.037057053243346524e-26
1.550935294674478201e-25,4.293978907184668910e-03,2.803247618054666823e+00,6.282114577063425386e-28
-7.595275880884974512e-24,7.687915927876520783e-02,1.907351937003376685e+00,-1.928319975712427516e-25
-2.751832549114216179e-24,2.067654568181203842e-03,4.179961594445185113e+00,-2.888311510245392252e-27
-7.481238881331794783e-24,1.620314476067477236e-02,4.695572149242869253e-01,1.080998459480846229e-25
-4.899567368816339739e-25,4.684289552663357253e-02,1.340617299166275034e+00,5.236310949868848066e-27
-2.277095976509417785e-24,-9.250955276871447586e-03,4.423235501128702118e+00,6.006583360154224021e-27
-6.342730051890048372e-24,-1.500651596209004240e-03,4.054224136313042237e+00,5.821977018332486140e-27
1.157909751829110487e-25,4.229435555174947819e-02,1.329338893421644796e+00,-1.171033864846410158e-27
-1.700409490520526395e-25,7.934079285824194305e-03,1.255737506575833162e+00,4.180545433024713305e-28
4.779751662678253611e-25,3.480226175855091666e-03,6.144553783066936115e-01,-1.359193832559912122e-27
8.893465849474255744e-25,1.130761675845554613e-02,3.444292600293890949e+00,9.599177759827985374e-27
-1.886342139203256385e-25,4.071668725384781223e-02,4.577920346773137972e+00,-1.029684794701747052e-27
4.251109792879492150e-25,2.003973067348894729e-02,5.217035533037473805e+00,-4.118973118839993014e-27
-4.597028812362885671e-25,1.528060463255264800e-03,2.005580455472134371e+00,-2.958838124797438530e-28
1.789688661467267118e-25,6.477735913037238613e-02,1.915170655363734875e+00,3.913931370369430712e-27
5.542040555269668857e-25,5.601074881974444503e-02,6.201485959545599336e+00,-3.093784450241534676e-26
-2.794510356814142628e-24,4.514703762129267106e-02,4.486784047152694299e+00,-2.822235260442385108e-26
-1.347420633888573097e-25,2.763753491175270638e-02,5.387927686074460709e+00,2.328645008252014515e-27
-1.109283427034976071e-25,-2.208485383099790655e-03,1.944228761842997200e+00,8.937332049877104954e-29
-2.561495636700079601e-25,-1.576234942952999029e-03,2.963537577577745052e-01,-3.861514088896092111e-28
5.989778516128319817e-25,4.036148923137028444e-02,2.548060694651330227e+00,2.004088974674602298e-26
7.885004779537626155e-24,-3.216675364959684438e-03,4.277450479016528639e+00,-1.068702840448369628e-26
-9.304192070796836856e-24,3.000278421461706826e-02,3.961180581129679190e+00,-1.905272753268596381e-25
6.070959040400047676e-25,1.132903327743035827e-03,3.634527910250574312e+00,6.058990304624455336e-28
7.395968537254372923e-25,5.250427511430217839e-03,2.759651908034167267e+00,3.603388046260607964e-27
2.665227614923470647e-24,1.012232957172673649e-03,2.021843406872665838e+00,1.176006582034607564e-27
-4.435140166888659438e-25,5.137660667138119891e-02,4.620522289782639014e+00,-2.090353786248541572e-27
4.654676271305567996e-24,5.209875985699355568e-03,5.979004996559463159e+00,-2.313702288801853088e-26
-6.968075272550363079e-25,3.099632786445324830e-03,3.772307931207502296e+00,-1.744305548740463534e-27
8.969657068565195064e-24,1.782184136558410655e-03,3.150527792496654822e+00,1.598494242415423788e-26
5.828826671720453466e-25,-1.966834031584032468e-03,3.577272988264957654e+00,-1.039337242817973908e-27
1.358856901432015684e-25,-2.768595873418846359e-03,3.446413895019994289e+00,-3.588693941639229340e-28
-9.498491320680777278e-25,2.113220168348955638e-02,2.374551839583229462e+00,-1.445147845531498652e-26
-5.821693847398802877e-25,1.039659283773846071e-03,5.280097570996431067e+00,3.254480262757668205e-28
-1.916588544912222021e-25,-2.085463148365818836e-02,3.486211256891941890e+00,3.761970135661135838e-27
2.778007370551117276e-24,-2.468269110709997959e-03,4.299262045816305999e+00,-2.752862833687103915e-27
-3.037044841038466685e-24,1.872188806462507776e-03,8.194759597495169245e-01,3.881234159262306430e-27
-2.310068146508902229e-24,-1.249606659384095222e-02,3.773901769044686549e+00,2.328580792324413963e-26
4.587581995354735885e-24,3.123065024743996304e-02,4.101303846754016824e+00,8.220391906531044498e-26
-2.148427219468930290e-25,6.701315308956647121e-02,4.077572658018329577e+00,-8.538018513623453212e-27
5.557979873916685136e-25,-3.075062693172589574e-03,5.498594577144967355e-01,1.457186839213732312e-27
2.050613037368432599e-25,2.077655520295310608e-03,6.531626673663897265e-01,-3.383517650819379459e-28
-3.026758173051757489e-24,2.405449747616337022e-02,2.446676779677297020e+00,-5.592372079364324010e-26
-4.358776835071522473e-25,1.392833239408555572e-02,1.580387516661265090e+00,-5.822769338551508024e-29
2.969243686099895218e-24,-9.263292815205938224e-02,5.627186368892328261e+00,2.179601440796420206e-25
-4.382126924469976835e-24,-9.761718920521739520e-03,4.709941768540853779e+00,1.046845000105056571e-28
-2.967868187233462994e-24,-1.978241550529508466e-02,5.865193809405841563e+00,-5.365689005039834384e-26
-1.907679452668976582e-24,9.063347236530185091e-02,3.232126384959217891e+00,-1.721915233652245917e-25
-1.190579312145367401e-25,1.854750987305571822e-02,3.791633146931045584e+00,-1.757880541106658848e-27
2.339942821891365370e-25,-6.383016503185407441e-03,6.090117973882208879e+00,1.465838957256376968e-27
6.192625081904240146e-24,7.246351666184047691e-02,2.536724518002456463e+00,3.691227422365044224e-25
3.476039733087173651e-25,5.870032085025034610e-03,1.375452738377671125e+00,-3.960580069128828246e-28
1.279736074674619124e-24,2.373447349149855178e-03,1.526274226619027896e+00,-1.351861406868988794e-28
-6.855371326755902703e-25,6.546792322480185500e-02,4.220602072312479081e+00,-2.119274298961209449e-26
-1.872929649192331852e-24,-5.601822811817726983e-03,2.698934948981140280e+00,9.480581151624335968e-27
5.815081111530163963e-25,2.917244196607323998e-03,4.462762352433374602e+00,4.190826366024510395e-28
1.617391151626422446e-24,-2.636080895258725507e-02,2.547301712179817379e+00,-3.532565936932934790e-26
1.101818140715917364e-24,-4.432001928449465222e-02,3.855355485811900795e+00,-3.691274747147683374e-26
-1.000970957653840140e-24,5.113600090754599758e-02,3.150961542827740658e+00,-5.118340537737017324e-26
-3.205539490027865233e-25,2.331996172893422217e-02,1.610691596953017779e+00,-2.981502396871790662e-28
7.196489436449027456e-25,-2.958407218457655315e-03,1.483788700808772454e+00,1.850068751958132691e-28
8.266594786508096336e-24,1.719738647846007695e-03,2.809171100902334128e+00,1.343810501883221412e-26
1.780328011640503159e-24,-5.100669736360309917e-03,2.198652838183229541e+00,-5.334203819468930915e-27
2.581475812608454435e-24,-3.869314022744319709e-02,3.177194585585901843e-01,9.488617413369545967e-26
2.313174734480212738e-25,5.842220218797065240e-02,8.321232903562503225e-01,-9.099127476678553295e-27
-1.081139043976003358e-25,-7.080213356545581038e-02,2.736258666071408996e+00,7.034440885520262733e-27
1.865515794375459022e-25,-2.021376857155286495e-03,7.314697409938084038e-02,3.760826860474502527e-28
-1.799018171544855066e-25,-3.406459358937636434e-02,4.219946771521732920e+00,2.897325155017005913e-27
8.202715292675858700e-25,1.018643240700385644e-02,2.021962726795657250e+00,3.643188928175462832e-27
-1.846469464120444283e-25,2.077712333161862903e-03,1.747156501463727807e+00,-6.730919948297809932e-29
-1.001816097696336466e-25,3.708385699025880389e-02,1.747985826323930070e+00,-6.548411689207986852e-28
2.444870400920823879e-25,6.869614060936367513e-03,2.226155500560012879e+00,1.023580538836398954e-27
-1.564474431104003921e-24,5.657651579542157839e-03,5.319276594638786548e+00,5.047989211512071916e-27
-7.137353348458546847e-25,-2.018352096975223591e-03,3.314480149363440820e+00,1.419093413669729701e-27
5.831117152365600373e-25,-5.244971376801142032e-02,1.469142088065145124e+00,3.103645814782067881e-27
4.264452061895255933e-25,5.593614642424111529e-03,1.258426453329978545e-01,-2.366507258779982787e-27
3.003672019272722630e-24,-5.390955249080460476e-02,4.720797854806081162e+00,1.361604519417895783e-27
1.761114668074304543e-24,2.679961856889736486e-03,2.753995478375010908e+00,4.369610895719216286e-27
-2.303549236033174008e-24,1.126282249438229598e-02,6.144991695086800654e+00,2.569712327463943036e-26
2.148576819898929070e-24,6.758718479377748799e-03,5.090125616620859716e+00,-5.355831418056845506e-27
-4.681929033810255450e-25,-1.803690479864215358e-03,4.939985283796108462e+00,-1.905443754494921092e-28
-1.318101839699538323e-24,5.248115593148690132e-03,4.698354572728813849e+00,-9.708054118585255396e-29
-1.555734033792495891e-25,1.841023260924684948e-02,5.366352533590949214e+00,1.742363780577411602e-27
6.376161588055764420e-25,-3.500208669293532367e-03,3.705705198755961938e+00,-1.886003769226649623e-27
-5.817771574023200737e-24,-6.422604879938691169e-02,3.105601732007313709e-01,-3.557778934606981580e-25
1.534236156805925365e-25,1.530607874744341519e-02,3.688345316479289537e-01,-2.190385518320253343e-27
-9.984492225665068907e-24,-3.040643475810296103e-03,5.241126550239963322e+00,-1.531454826197011976e-26
2.144210573980444052e-25,-1.967164550268489173e-02,1.257394678105878461e+00,1.300398720022953663e-27
-8.259403320951847888e-25,-6.202298538966427230e-03,2.734763449878058417e+00,4.704612024962919716e-27
-1.393294762170569728e-25,9.034161546474886798e-03,5.975938399253254651e+00,1.199778670915709625e-27
-8.184021080013578566e-25,-8.108409272546915347e-02,1.419103843517627306e+00,-1.002766043545415999e-26
3.943455022403695824e-25,-2.765313889789448865e-03,5.767771920814819708e+00,9.488226103762214182e-28
-1.254288484882222019e-24,1.094038324290316257e-03,2.341104190671968510e+00,-9.555676370838420670e-28
-5.725006689587435743e-25,-2.069093420020940918e-03,3.877958689916123358e+00,8.776551550030781112e-28
3.474794703115933997e-25,2.307136918130579806e-02,1.279737556335062587e+00,-2.300561827874107826e-27
4.054300567454672085e-24,-1.161470422098739332e-02,2.894918049787981840e+00,-4.566409229094424631e-26
2.536363713292346228e-24,-3.939955214273752580e-03,1.451405466060180061e+00,1.190259502139891889e-27
-1.275755752546995838e-24,-3.980429000579841468e-03,1.580648693513927228e+00,5.003005259677150280e-29
8.700793013375311230e-24,4.045319401518427359e-03,1.687692175592730548e+00,4.105076103341055340e-27
-7.450687761737929908e-24,-5.503381294810504032e-03,6.120207978832477025e-01,-3.356129055828810634e-26
-2.744806242834969811e-25,-1.009767242338417735e-03,1.918000760386684433e+00,9.430986695081997690e-29
2.277547356675734464e-25,-1.885691532431816794e-02,3.027484767670681975e+00,-4.266821947113390696e-27
-4.456050616988244380e-24,-1.849509046702052864e-03,4.289382999515914396e-01,-7.494890014677640546e-27
-2.796933948170632128e-25,2.116126415301287141e-03,1.160797177364460281e-01,5.878835030914219142e-28
-2.187241794891909513e-25,1.165115129612443812e-03,4.876564337191799048e+00,4.165056412554379013e-29
-1.430700517466200697e-25,-3.152211227099273663e-03,3.385468643067904626e+00,4.376420232854520512e-28
-3.535690983390833948e-24,2.771098252092113294e-03,4.325736039258166188e-01,8.895275445357917452e-27
5.547652717374536183e-24,-1.691686675745051899e-03,1.341883351812805270e+00,2.129609795364533709e-27
-8.391227044732768371e-24,-1.052253023685112247e-02,4.192637117472452601e+00,4.385398082072367880e-26
2.808848863181984337e-24,-3.413607435159647825e-03,4.891603330000384275e+00,1.709178697187257205e-27
-2.737719868459907855e-24,-4.509076255290774687e-02,1.443742332521809946e+00,-1.564212788714786395e-26
6.586731431626110332e-25,-1.163990645170644850e-02,1.562789491403591802e+00,6.138690045038386165e-29
-1.114395464989844391e-24,-3.239780822884881159e-03,5.429284565651538941e+00,-2.372202654524846806e-27
-6.531394721249416929e-25,-3.491888723580718629e-03,4.744694093327187723e+00,-7.366514495642320999e-29
-1.148261254887051418e-24,1.836848016401633824e-03,4.804180462259799889e+00,1.933331261832544601e-28
4.162411732220638889e-24,-1.536689654418446974e-02,3.439798051900790021e+00,-6.114034663769737571e-26
1.283149262892160002e-25,1.315238443696379461e-02,3.597392048257344488e+00,1.515354383361054798e-27
2.628320130048326242e-24,6.821435983658968860e-02,3.666033858820503255e+00,1.551934059305148271e-25
-2.974884726617391719e-24,-1.232325120695640722e-02,2.784904538067435542e+00,3.435279617422449846e-26
5.055050627460882016e-25,-5.226315608567486809e-02,1.113477016923368756e+00,1.166529154800266627e-26
-7.924453136235200710e-25,6.471095219268077625e-02,2.823330781649699972e+00,-4.870465268279325704e-26
1.021333903712842798e-25,1.242589490087110107e-03,1.889951501329520278e+00,3.981981554149216572e-29
-2.981134107718451290e-25,-1.110819476732034100e-02,3.691195409946267603e+00,2.823823872779542697e-27
1.100021177264656030e-25,-1.075947229826105384e-02,6.226985591594581315e+00,1.181696140133933146e-27
1.034455774749046064e-24,8.688345200240150945e-03,6.075849972134603760e-01,-7.379170546194639560e-27
-4.820846634182879339e-24,1.366597848989704704e-03,3.275822035640818086e+00,-6.528896537400086589e-27
3.327711535085590733e-25,-2.806852387938885748e-03,4.158929415306515054e+00,-4.909624170222413381e-28
6.681094621989323632e-25,1.507165549049716349e-02,3.586519100200401766e+00,9.089171008585217392e-27
4.215037557393997573e-24,5.713094454963102420e-02,5.554448882237327467e+00,-1.796475320222249394e-25
-5.059149950716239783e-25,4.363990171236102437e-03,3.570139165721587737e+00,-2.008157541198046611e-27
-6.218260850109471019e-24,-1.799708657207124782e-03,2.549199376595362998e-01,-1.082940192767447110e-26
-5.921290686557947704e-25,1.020440907766576727e-02,4.332991877990238550e+00,-2.237839413627986452e-27
-1.772724830529518663e-24,-1.638189467526529825e-03,4.273677059506046483e+00,1.233568007537694314e-27
3.004461501933649082e-25,8.019805876724715038e-03,5.799609719346954684e+00,-2.133239740957062776e-27
-2.119591748500235410e-24,1.350561587662571505e-03,2.517945998997404899e+00,-2.323759435128411688e-27
-1.287082865035307617e-25,-3.992711586913410583e-03,4.495828417591695825e+00,1.104215584906573832e-28
-3.118942980377268342e-24,-4.675236685956513788e-02,1.843576995829753873e+00,3.928486644552240423e-26
3.591445225592296641e-24,3.370187320707323381e-02,2.443037199940646609e+00,9.268784080379151565e-26
2.305454295474340238e-25,4.387082141407530264e-03,4.309449854210848363e-01,-9.189488704812525370e-28
5.674515743337977776e-25,-6.690744655762453225e-03,2.327648948379175131e+00,-2.606935436761177766e-27
1.953334604246569900e-25,1.709184986739993584e-02,7.728756496287106925e-01,-2.390130601889665400e-27
3.495556460658860803e-25,1.020630019003181208e-03,6.120151672813777921e+00,-3.520360514709762536e-28
-8.501757655096631553e-25,-1.252419629296747799e-02,5.936456141503849260e+00,-1.001411147871668466e-26
1.364660027251405659e-25,1.012442231210594623e-03,3.376822567074900583e+00,1.343590172864829212e-28
9.153119527849800968e-24,1.447693851499928840e-03,5.925025788641499425e+00,-1.241005940782881812e-26
-2.174962103399491979e-25,5.320808426266591257e-02,2.429135225096050732e+00,-8.757621993040965424e-27
-1.940918038231755372e-24,7.815692687229915114e-02,4.676197156272654532e+00,-5.488963329370159868e-27
-2.221217029712262703e-24,5.455760928750736510e-02,5.976063170959062809e+00,1.155137800361432584e-25
2.511967746727553212e-25,2.162436581767635674e-02,6.756991610917018054e-01,-4.238403191706731826e-27
1.160915133676727785e-25,-3.027211239981580579e-02,4.721941540075174082e+00,3.357038755754792224e-29
-2.047555705366013059e-24,2.603901858252538615e-02,1.723350931402261921e+00,-8.102141060994587866e-27
-9.890129419700560633e-25,9.622525194143307162e-03,3.968619413700287257e+00,-6.443510841691052805e-27
8.587962385206185256e-24,2.367261183932210453e-02,2.799221833357337097e+00,1.915002773655296532e-25
-1.163967191503613326e-25,7.237039416454848703e-03,6.064440031180265755e+00,8.222944438210999526e-28
-1.816861310501334424e-25,-9.362699505485941667e-03,2.055807846722356835e+00,7.930716253945614828e-28
3.821294661158874480e-25,-1.172403849207489732e-03,2.442779661923516255e+00,-3.429993400184539256e-28
2.718812764089981893e-25,-3.237204655320174290e-02,2.671693735863858610e+00,-7.847410403432922199e-27
9.344634229186996459e-24,-6.100840053131445506e-02,5.269648051143271950e+00,3.015048197596484902e-25
9.863048719600010634e-25,1.280247906470047443e-03,5.809816204612500146e-01,-1.055533935686053627e-27
6.762889951811463452e-25,6.975671086811413221e-03,5.219886071071497824e+00,-2.292697870834896997e-27
-7.965630322782903993e-25,-1.985861272845011044e-02,3.408077177005722991e+00,1.526028045158675751e-26
5.053252607861713462e-25,9.118080564238439933e-02,4.241929561786271230e-01,-4.199230682674498590e-26
-4.542979600617588562e-24,-4.024063107259210660e-03,1.792802258164940099e+00,4.025286367605683358e-27
5.784593944072165618e-24,-1.190622904044573091e-02,2.484102343124831691e+00,-5.451470351524109839e-26
-1.297747965418628930e-24,-4.007482435341146176e-02,6.171180217937554779e+00,-5.168114497882217310e-26
-2.009229199334828442e-24,-6.128481145181005965e-03,1.828546570419973927e+00,3.138788019777290603e-27
8.855288827916916398e-25,-1.285097325985017601e-02,2.738618222159331150e+00,-1.046836169466374605e-26
8.322407041362715287e-25,2.763529580473515421e-03,3.633607615799938184e+00,2.027111461173788160e-27
1.518537048045211184e-24,2.269625755016217369e-02,2.527280704368199959e+00,2.816386019398536244e-26
-2.987952135381096034e-25,5.065532151165498716e-03,2.216212193075218995e+00,-9.104508656263893564e-28
9.422005294908318643e-25,4.923997122825539419e-02,5.494057399234745453e+00,-3.268287648042664648e-26
-2.195244564419142480e-24,2.400591896934440011e-03,6.155760071577346615e+00,5.227160098474662097e-27
-8.757370129896452697e-25,1.803201368454207401e-03,5.666459891153525774e+00,1.288217667497751117e-27
-3.624057366738214870e-25,-1.848102082382705163e-03,1.509467248634573711e+00,-4.105019022793852981e-29
2.945180433886908517e-25,-4.673578565606706370e-02,1.270376197137500718e+00,4.073221629804107963e-27
9.095900997509488668e-24,2.999950678492754094e-03,5.896403460944291908e+00,-2.527148412309499137e-26
3.523478416107895528e-24,8.409405518567543078e-03,4.799365961494004296e+00,-2.573911023544107813e-27
7.703005032213148481e-25,8.020546753600110712e-02,4.710090647182677337e+00,1.419962139640619700e-28
6.465380217306085520e-24,-4.853153793473719002e-02,6.734581576551018633e-01,2.452682314157266820e-25
7.174624952366350679e-25,-9.266384693292451999e-03,3.898749057710777066e+00,-4.831919859853335091e-27
-3.594235516466286112e-25,-2.714418993408333411e-02,4.684793468391655225e+00,2.691948527458401115e-28
1.401848797595009735e-24,-3.266876839689556323e-03,2.183935461558533575e+00,-2.635312886512967099e-27
-1.088065236907742536e-25,1.004702492572360703e-02,3.615013282424888175e+00,-9.729470678642859839e-28
-2.741357743727612616e-25,-1.076359507230017359e-03,5.817956125578983340e+00,-2.637083888327944756e-28
-5.624677747032881931e-25,3.094093925250862489e-03,5.145325441211809903e-01,1.514995426187364323e-27
-9.036373114957888174e-25,5.759818195072358843e-02,5.232012606179667458e+00,2.584454902130728323e-26
2.626434167673496019e-25,1.143325186694305919e-02,1.478779881242510807e+00,-2.759235104133388610e-28
2.455735068568251732e-25,4.706031346871396466e-03,4.701128079616261779e+00,1.301368470834556493e-29
3.146333796934037459e-24,4.422058881299119164e-03,3.793307366491806221e+00,1.106167709589022112e-26
-1.354133702225842286e-25,-6.583475348996527081e-03,4.611136895095108157e-01,-7.983810986302710059e-28
1.621353430679811091e-25,-8.063492157118154480e-02,8.815751890592995466e-01,8.314085280279438757e-27
1.524158835435582428e-24,-4.361717520072898140e-03,2.223691743496832185e+00,-4.038555747069683409e-27
7.936681284618183631e-25,9.022443066685379223e-03,3.796340819487805884e+00,5.679976169740453406e-27
-1.252436806175051803e-25,3.803937828463039780e-03,5.743071826183828499e+00,4.086010627691151301e-28
7.336557451070992477e-24,-1.417747773365749669e-02,3.019456019781287193e+00,-1.032390377332910133e-25
-1.154283784001506386e-24,-3.834853135961435733e-02,5.947203802466757061e+00,-4.179010139063177278e-26
4.639155864735746918e-24,4.581048363975719073e-02,1.663300789113042688e+00,1.963120532738148566e-26
-1.219282806597260207e-25,1.631865835986427010e-02,5.128814847573113234e+00,8.048248263495231978e-28
-5.398332970954979720e-24,8.384541728030044105e-02,1.870444298424483565e+00,-1.336077468126342097e-25
-4.178283362513971750e-25,5.883616813568239186e-03,5.358561216915172842e+00,1.480253062372067351e-27
1.407212065547844586e-25,-4.713948859985844786e-02,2.983714311383957263e+00,-6.551025082682254612e-27
-1.517173822725711956e-24,-5.694970721133092023e-02,2.077135779868370058e+00,4.190347152703938985e-26
-1.614989977401563101e-24,-9.772049661551833813e-03,2.987037953956387160e+00,1.559364647026134567e-26
-3.428639196763183245e-24,-1.544984293725208766e-03,1.323259183348882928e+00,-1.297902081774965048e-27
-2.947000450454403089e-24,8.995371224481246361e-03,2.627029850657891075e+00,-2.307661191874542020e-26
4.950043284668457499e-24,-4.077362231353627575e-02,2.209801659514278871e+00,-1.203715855313317493e-25
-5.575189648222222047e-24,1.536348424709447005e-02,3.733602866204587256e-01,7.975334995271870067e-26
1.137314851909055641e-24,-1.341098082554715264e-02,5.695800133372177498e+00,1.269607488509977104e-26
2.054708224059425813e-24,-7.184849453419638043e-02,3.204600133143113982e+00,-1.473347528137607041e-25
2.160540666576056128e-25,-7.463479273846188033e-02,1.705830452990452883e+00,-2.170834300723941982e-27
-2.074999268224570553e-24,-9.743843379000850097e-03,3.201733119653405346e+00,2.018191505820140176e-26
1.201539324683700152e-25,-5.772654781834059279e-02,5.431840410684321441e+00,4.570678133511636763e-27
-1.873698634974097095e-24,2.985577170597206176e-02,3.543549839229162002e-01,5.246514953695858543e-26
3.760313046525975852e-25,-3.627067905716805252e-03,2.518284145026982390e+00,-1.107413604541524465e-27
1.242026137006947622e-24,-3.008086636501806650e-03,5.876331049912803195e+00,3.431143334999472691e-27
-5.814810783770007984e-25,-6.498278673664859006e-02,6.156143918297351192e+00,-3.748174484736395304e-26
-8.959808951224059864e-25,6.726660285955808269e-03,5.847777977286557238e+00,5.464633658426080140e-27
-5.702217877804587306e-25,-6.542455389581691705e-02,5.562071500370199040e+00,-2.801982870855719709e-26
7.475071333485571485e-24,-6.845923660205445460e-02,3.442148509062196382e+00,-4.887975388418757773e-25
-4.947222820853877914e-24,1.834437589160183924e-03,3.243990530504012870e+00,-9.027833952782970961e-27
-7.489930134594813239e-25,1.740738765157424537e-03,4.671530547899191532e+00,-5.325645150764207635e-29
-3.645505404776706120e-25,-1.193177895015095150e-02,1.148664976970542595e+00,-1.782111550893473527e-27
7.759231532536016860e-25,-1.649296324043763792e-02,2.469735169852930845e+00,-1.001600050949842947e-26
-6.014323639519300799e-24,-1.789224054634589584e-02,4.719281861403452183e+00,-7.417351592671242429e-28
1.497506718421612872e-24,-5.929538891037090115e-02,3.520523590379160961e+00,-8.249616573583508074e-26
2.836792342809321682e-24,-7.489954144263460609e-03,1.413200417537894049e+00,3.334666684958278527e-27
-2.939524863316028001e-24,2.258296395473676291e-02,5.536244618294823283e+00,4.871004116307617843e-26
1.448697826069610001e-25,-5.863896883989120484e-02,2.519176177705173547e-01,8.226879845651563736e-27
-2.352457458231930186e-25,-3.589050999583634494e-02,1.430532248729942668e-01,-8.356846372734949354e-27
-1.140901799512689374e-25,-4.535422987304141978e-02,9.500930218255873028e-01,-3.009511461916415712e-27
-4.726753008867669246e-25,1.126357173837426277e-02,4.321131086854412828e+00,-2.030320295765378892e-27
4.734521259933217721e-25,-3.044079100229470786e-02,4.787767624895507446e+00,1.085347917982813826e-27
-9.085011143373720392e-24,7.315265413469787537e-03,1.365104075214539803e+00,1.357396435145413047e-26
2.409103314175787511e-25,8.319563823164971561e-02,2.861899234030979677e+00,1.926383226560085523e-26
-2.553844618916781577e-25,6.621360932774223058e-03,4.164813058616584129e+00,-8.803631123874802706e-28
1.176244736423042907e-24,-2.337653708324607255e-02,2.113355496321015270e+00,-1.419726417360564164e-26
1.549970952689402451e-25,2.393800544212539363e-03,1.525731486972095485e+00,-1.671484468356573544e-29
-1.161339265270018801e-24,-1.045147631657478452e-03,2.757578006960288874e+00,1.125369664386752966e-27
-1.297500994340052514e-24,-9.983286410514789766e-03,1.242567550540411681e+00,-4.175722506388926143e-27
-1.527116480088325405e-24,-3.732766088578099578e-02,1.996302885082492207e+00,2.353010827076582556e-26
1.116604902669098400e-25,1.638978449129297257e-03,1.404557016052184304e+00,-3.028337903293407977e-29
-1.382698622243249970e-25,1.535042694135678541e-03,7.699737646877067299e-01,1.523805177847125892e-28
3.206380888116316646e-24,-1.986519258676567538e-03,3.979285280255661306e+00,-4.262362041273989721e-27
-1.605546011096714415e-24,-3.080002655849697121e-03,2.093516457981824619e+00,2.468779178928190390e-27
-3.124682937500074708e-25,-3.860006036765929304e-03,9.705872562379600499e-01,-6.812400510447042983e-28
3.723706207588056375e-24,8.518738135977022702e-03,7.835935919200295308e-01,-2.247077142804071173e-26
4.395102999215074216e-24,-6.416638019311379781e-02,6.054892383009621959e+00,2.747006574979972528e-25
1.806563596593212056e-25,6.518480370103118399e-03,2.655344472482109808e+00,1.041111510858742297e-27
-7.244163315479564822e-25,-2.885466684325759413e-03,2.921735244934143605e+00,2.039963154015882960e-27
-3.535840451213538815e-25,5.329568061311092293e-03,2.421304386869957526e+00,-1.416382229475151497e-27
3.515513102163646251e-24,6.964934307056942255e-03,1.761435182066298788e-01,-2.410645157526671450e-26
-1.840225737588112548e-25,4.035492024902240758e-03,4.239580879116680023e+00,-3.381810603792804836e-28
1.589042258850863767e-24,5.947193235277412060e-03,4.406685209537871128e-01,-8.547519184672941552e-27
-1.051975277616791660e-25,-5.305948229588420412e-02,4.877780817754156395e+00,-9.189689196124231608e-28
-5.340235875153333331e-24,1.980876020424962927e-02,3.187226928132663950e+00,-1.056733246662022807e-25
-1.507074157153749229e-25,1.145862485939467797e-03,4.900868840791832604e+00,3.235621133681685077e-29
-1.897531075601861035e-24,2.992590177374296508e-03,2.413573211724365120e+00,-4.238989083591381353e-27
2.884910865655432965e-24,-2.185503970959332479e-02,2.208652643348171019e+00,-3.754458112523921087e-26
3.882543301693949316e-25,7.512857310305401555e-03,6.078695719106950612e+00,-2.856125084236038359e-27
6.094773330145140592e-25,-4.884117855500736544e-03,5.533618890489788278e+00,2.178941084896021753e-27
-2.040852307293070211e-24,-1.026425825984971646e-02,2.763913796165957226e+00,1.947149651011120715e-26
4.138661319261029468e-25,1.869292755851363966e-02,4.658623792021302279e+00,4.157470027954583789e-28
-5.716004051083669950e-25,-2.183138447920761338e-02,4.050366735470491975e+00,7.670899861074071854e-27
1.583218021134722687e-24,-1.796598489344959637e-02,2.755600622022706947e+00,-2.635131019014267870e-26
1.269741164248405143e-25,3.592769353135772531e-02,4.636200248106235655e+00,3.472282431692077333e-28
-4.906804851413306647e-25,1.176143682702247319e-02,3.163890948051341745e+00,-5.769672850144847705e-27
3.226756975235514542e-25,-5.763661231315669181e-02,2.715461505516778562e+00,-1.693475346365810156e-26
1.388871660244201140e-25,-1.951780691493088665e-02,6.115846260806944379e+00,2.672907359278377667e-27
2.953913646848143036e-24,1.614520006644634426e-03,1.974659914297874908e+00,1.874153132996218855e-27
1.289853356494294857e-24,-1.420677557361871247e-03,2.862178926996409078e+00,-1.761397735103646181e-27
6.865738461033067083e-24,8.168397554148347506e-02,1.506089384841352019e-01,-5.544722625968528302e-25
9.570808613076766728e-24,1.917192523181416447e-03,1.314919377892028507e+00,-4.644040956792872299e-27
-5.457956077539738178e-24,4.430988124771472088e-03,3.883736195093522525e+00,-1.782423006129997912e-26
-9.003203536134204407e-25,5.969215551998176966e-02,2.857607426135782891e+00,-5.158950321600977703e-26
-8.148012205448757104e-24,5.533937858423277484e-02,1.909974589051760319e+00,-1.500219418964582827e-25
-5.710891047785706330e-25,-2.317538530320465123e-03,2.202412877679906789e+00,7.814732486952686544e-28
4.811835011423375508e-25,-1.459082226118247174e-03,5.849741251138437903e+00,6.371606078959338566e-28
7.125828774573902905e-25,-1.950757058549083475e-02,2.719102915801854703e+00,-1.267847932203919177e-26
8.475462069267107526e-25,7.510292081046644232e-03,1.958825056150921284e+00,2.408410519221431878e-27
-6.295546300614307915e-25,1.182597988008889447e-02,3.369151066119207893e+00,-7.253166588975921537e-27
-3.623521492647645281e-25,-3.465128243875090740e-03,3.832055040390034417e+00,9.680042668524134821e-28
1.094587581496933355e-25,-5.816075106912075438e-02,2.586390826132205056e+00,-5.409962063505233227e-27
1.563279461021246221e-24,-2.325187508652685770e-03,5.774991149231637699e+00,3.175553875233882560e-27
4.949788336572100785e-24,-5.484968423077008978e-03,1.554496505534745721e+00,4.425113054490362892e-28
-5.459769709108178591e-25,-2.918762636961972409e-03,4.450362213352231144e+00,4.127981139285750862e-28
-7.869562392973206520e-25,7.826944001628066347e-03,5.458986402882047173e+00,4.183169278833594320e-27
1.386805900866093821e-25,2.767200571774403907e-03,4.700882131116957297e+00,4.415736600910985473e-30
-1.276184886602672944e-24,-7.294940653106221640e-02,1.319607220600944153e+00,-2.313979346748373759e-26
-2.523524598203060819e-24,-8.991033376208813072e-03,1.903596561092474604e-01,-2.227924370830284026e-26
1.048035083084139654e-24,-2.856998872328234303e-03,1.885697837610275096e-01,2.941157263022257948e-27
-1.996795898898676814e-25,1.825833423282763671e-02,5.291105664797846941e+00,1.994079586297125820e-27
1.026724671344173063e-25,4.112591185770050894e-03,4.046834523397333960e+00,2.607373392443925332e-28
-3.562396682963720077e-25,-7.387165946352064645e-03,1.153072217840139357e+00,-1.067591557145765798e-27
-5.144883976439875468e-25,-1.742119349646462914e-03,1.645092553030260696e+00,6.653047519954315655e-29
6.932321187839167302e-24,-7.035444393189364820e-02,3.788859326972196850e+00,-3.890709944276944437e-25
4.420453836226536306e-24,1.220298222099708112e-02,2.988037202689480587e+00,5.330800307360922639e-26
4.905890883493710449e-24,-2.621373626355059591e-03,1.342475886982711142e+00,2.910795618343621617e-27
1.053315909609596261e-25,1.665894188392857316e-03,4.486461587288077091e+00,3.930737233173913593e-29
4.949606399232798734e-24,7.381140595310331509e-02,5.500886063910790824e+00,-2.591318683423207925e-25
6.749987526588773987e-25,-5.842609837248923313e-03,3.770204047813823234e+00,-3.189885274702570549e-27
1.753930984331128881e-25,-9.947563106965507176e-03,4.671848561369352559e+00,-7.071287054217920734e-29
-5.211092680355637541e-25,-3.518451803408891194e-03,9.634162969404872490e-01,-1.046410301441118617e-27
5.139211433540692993e-25,2.379900636766529159e-02,2.858655330108680892e-01,-1.173446102039623292e-26
7.417190678452508507e-24,2.643038195509189725e-02,3.176701039409964178e+00,1.959183762485994877e-25
-6.332795804928763226e-24,-3.199776986992453054e-02,1.260179904183006183e+00,-6.193460465862589286e-26
8.487931340739570319e-25,1.385767163463438520e-03,3.971549399384260992e-01,-1.084678034369609712e-27
-9.368735416616355976e-25,1.011599013993885743e-02,1.839747885315143439e+00,-2.518343554260788188e-27
6.513927573807431147e-25,4.972872742993719036e-02,2.747565618620698036e+00,2.991067967873037913e-26
-8.033276124753921179e-25,-1.239692696720211436e-02,1.668148547283428540e+00,9.679799941410834739e-28
3.340559587872958383e-25,-2.277753522160370914e-03,2.200994554697929484e+00,-4.484004262599874559e-28
-5.565585170662477613e-25,1.328056572765951623e-03,1.057732873961947151e+00,3.628063947277782144e-28
7.923717995515425708e-25,1.340662571134680191e-03,3.589528729997413237e+00,9.574994803639124839e-28
6.868009797949489130e-24,-5.959882261410026118e-03,1.245846763337026042e+00,1.306815994457556781e-26
1.767359374822144466e-25,-5.639384687159297582e-02,3.311949590657891740e+00,-9.822542873763159860e-27
3.124267135660950727e-25,-1.581205052691355556e-02,1.057617173631811985e-01,4.912503840689420525e-27
-3.857895276391128366e-24,2.304414604994303728e-02,9.689173038538256844e-02,8.848492270633957765e-26
-4.541687948559510072e-24,-1.066231768101148173e-03,8.247023178638008822e-01,-3.286965380454851476e-27
4.959021985081079437e-24,6.897566752107490810e-03,2.655437733308628534e+00,3.024203305265767422e-26
8.930081815901387096e-25,1.942320787507038210e-02,5.793153711512974979e+00,-1.530387922273752457e-26
9.155279599706535698e-24,-9.968456654574728293e-03,5.125396514576422646e+00,3.663025091027691303e-26
1.798251484050019187e-24,-2.577164783645553674e-03,3.038398775074020897e+00,-4.609736529330655739e-27
1.021434511413329793e-25,-2.497084737757938183e-03,7.906668048367607726e-01,1.794025327146811412e-28
-1.590828813944889173e-24,3.318437610876588065e-03,3.095534948590743962e+00,-5.273467884701107462e-27
-4.657005023879128992e-25,2.126390271901259718e-02,8.213584453700266685e-01,6.745928954169950872e-27
-2.454355855031093068e-25,-8.059375491850154921e-03,3.173175916970513377e+00,1.977071065939372397e-27
-2.773132818243582077e-24,-1.242294660498230278e-02,4.393099149327526654e+00,1.081374289423981220e-26
-3.420743200857469316e-25,-4.864591176185057569e-03,9.939751630473150357e-01,-9.075108974269491009e-28
-1.606156635797668456e-25,5.439619064764217131e-03,4.339573077830441328e+00,-3.182315479018595788e-28
-4.421402096533152035e-25,-8.077183306348439604e-03,6.035562760389103776e-01,-2.940287992409077304e-27
-1.608175392585818493e-24,-4.057193306249843451e-02,2.251986955108492339e+00,4.108709924349587173e-26
-5.715310629460919114e-24,1.084937935882757153e-03,2.857008911531281115e+00,-5.951354198817500239e-27
5.438738663583702820e-25,1.161426220725482981e-02,3.247656108268231367e+00,6.281197301347270402e-27
4.638547531837555353e-24,9.795541277252017842e-02,8.322510618239157276e-01,-3.058883198219935073e-25
-2.055470030569728636e-24,-3.407329819141014307e-03,1.695243798846919558e+00,8.693403222282591952e-28
2.725265946361938384e-25,9.358125593340376955e-03,4.308361353965607599e+00,1.002601317105282346e-27
5.156273294298274503e-25,-6.423980144725203317e-03,2.973267804780106882e+00,-3.265565167898971640e-27
5.118196440802400510e-25,9.619752759685093468e-02,3.843007897530054340e+00,3.761267778247968782e-26
3.224307021012250004e-24,-1.145500609738359273e-02,2.604081134496389005e+00,-3.172616051319096216e-26
-4.989662212948506560e-24,7.261276063126427538e-02,7.743271455925488933e-01,2.590146547506646784e-25
-1.349506182878995336e-24,-1.000348573558105820e-03,1.677224739712465107e+00,1.434047827387828353e-28
9.537542674890024580e-25,4.343202513295289086e-02,6.103033549412945291e+00,-4.075310294951502241e-26
-3.723352900318201770e-24,-3.975551002232521891e-02,5.461839444185143222e+00,-1.008392210377912890e-25
4.736988334192648091e-24,-2.976654474312199344e-03,2.076815843511144788e+00,-6.834445140306758517e-27
3.288752186832290523e-24,-6.162903172436499932e-03,4.447730986581976076e+00,-5.301755272953696476e-27
9.668447678833810479e-24,7.364472017347997723e-02,9.169856995251058907e-01,-4.330678169521351904e-25
-1.513556388276458439e-25,-9.284748602510330476e-03,4.079225133964362371e+00,8.315130343333078399e-28
2.015223045826760459e-25,8.521959941604395974e-03,5.521919121879033554e+00,-1.243308941915847251e-27
1.559444832474062163e-25,-4.193623281732192926e-02,5.537229109713797115e+00,4.803030375785177514e-27
-1.201125308491262126e-24,-1.695779112067998667e-02,4.712613972514280825e+00,-4.582736873954296520e-30
-2.020870633159217215e-25,4.532116031305934850e-02,3.703218898407641402e-01,8.537951988022645139e-27
-2.256338108983155327e-24,-3.201385423873382569e-02,1.229730298095526475e+00,-2.416171487397071308e-26
1.711582729982447061e-25,5.060264385034675232e-03,2.677458080397718820e+00,7.744801479698057447e-28
-5.507537666971133830e-24,1.973657747200480150e-02,9.627566862112693080e-01,6.209588161988691981e-26
3.174220533569379023e-24,4.273094311314663135e-03,4.123808629872461218e+00,7.530330327283151646e-27
3.476467749873023213e-25,-2.932686572231906277e-02,2.776485373567598280e+00,-9.523365850892632834e-27
-2.318749718196944262e-24,1.209064034093588775e-03,4.104258911509970353e+00,-1.601743884558875880e-27
-7.459786436704831125e-25,9.733987436074931221e-02,3.146586868422289740e+00,-7.261256188341634512e-26
-8.386024106173517437e-25,-1.000211987142518534e-03,2.524786335021003691e-01,-8.121876830520823038e-28
6.715231839407715284e-25,-2.271669251955483852e-03,5.305494039442077536e+00,8.526486369013336010e-28
-3.347283463465525746e-24,1.449861652304799140e-03,3.376826235762226514e+00,-4.719443260905569412e-27
-3.108756142995517859e-24,-1.653383211509746459e-02,3.832150088008111855e+00,3.962353271667196978e-26
-9.604119270755195865e-24,2.953109531767614954e-02,2.479378672219741286e+00,-2.236721812486768454e-25
-2.434290220824820557e-25,-2.649498256205438940e-02,3.430900427415156662e-02,-6.445852102292029681e-27
-3.028384011294941910e-24,-1.938382319221754885e-02,3.358229770878387477e+00,5.732955649558973570e-26
-6.349668592825820903e-25,3.108761058713541657e-03,5.926737071341317886e+00,1.849881275382800963e-27
-1.624458470358758641e-25,1.866422106608356737e-02,3.527506277976204974e+00,-2.808942036914778365e-27
4.470755525587584447e-25,2.305616234423858713e-03,4.809964311987820373e+00,-1.004196287520382628e-28
1.020200137259756055e-25,1.345997922568082338e-02,3.950015776208495311e+00,9.483776235602236347e-28
-5.747297500969075291e-25,-6.281562393800982358e-03,2.466080193950908939e+00,2.817352366245798117e-27
-6.176774217206151944e-25,-7.222896232903890101e-03,3.045957806456184969e+00,4.441033340805531809e-27
4.137930332489270242e-24,-2.010562303601909698e-03,3.275878101192406966e+00,-8.244667762418530660e-27
-1.981467191607212471e-25,2.972936369586675308e-03,5.550753780061919329e+00,4.380090466491456239e-28
-1.326100741251000525e-24,7.812774957162916395e-03,2.019655610769692800e+00,-4.495827222542816214e-27
2.118823899027624878e-25,-1.234060684366520633e-03,1.509727924820337019e+00,1.595798167540665755e-29
4.024110900528706770e-24,-8.304131270417122734e-02,2.059949356480687221e+00,-1.570180707595184498e-25
-2.026849467323011725e-24,9.608510439853608365e-02,2.623360381412970010e+00,-1.691786165930818653e-25
-1.427903187216009706e-25,5.246724552306154810e-02,1.772812206776644417e-01,7.374393984808300481e-27
-5.374388709926984122e-25,9.722735614046218444e-02,5.497796644268373889e+00,3.694933943344809950e-26
5.558372211185772220e-24,-1.638182796466437254e-03,1.537263862852908725e+00,3.052769829391859934e-28
1.748384770788523510e-25,-9.351650151931846858e-03,4.027947042993313076e+00,-1.033731481698749740e-27
-1.495120911044745195e-25,-5.652577021560522413e-02,2.323401050720419470e+00,5.776811484302956168e-27
-9.842484869138629881e-25,-3.573819762115822921e-03,2.182763553743235718e+00,2.020744458323409710e-27
1.406315511346586033e-24,-1.589637920376820845e-03,4.078713428485564840e+00,-1.323682734491781951e-27
1.556076638975761077e-25,-2.648636824470656029e-02,5.279135782491367834e+00,2.212783760655626398e-27
-7.641574332004670244e-25,-4.040747840827708243e-02,6.079125629579209544e+00,-3.023702406823104223e-26
-1.816382623407546006e-25,-3.398138620833694029e-02,4.182185248709965997e+00,3.121398436281774415e-27
2.770796664482309016e-24,6.089201306564756555e-02,9.856839788527422819e-01,-9.318254377521117749e-26
-6.577402029050367340e-24,-1.120399142124288427e-02,6.273893934239834991e+00,-7.368997497968465341e-26
-6.171211428329790470e-24,1.859265357858750495e-02,4.242240216798188079e+00,-5.197902599260471609e-26
1.184729971193489527e-25,-4.516286816692065970e-03,4.961433436805601782e-01,4.705434179917156136e-28
-4.443392242241280991e-25,-2.621869296431584336e-03,3.894795232945209573e+00,8.498695074109069049e-28
-1.609509985658773602e-25,-4.990851493925455712e-02,5.418870258607507928e+00,-5.214599138520727249e-27
-2.577580150132476993e-25,2.104061415261550792e-03,2.460728519564587380e+00,-4.214129293203641646e-28
4.436685519920268486e-25,-9.883615182077240546e-02,9.451900764902478880e-01,2.567835772945497089e-26
1.882671352595157436e-24,1.738065332478443137e-02,8.441496966291840431e-01,-2.173945704309040503e-26
-5.121177539765456875e-25,-2.887327135642690432e-02,1.344389762363006335e+00,-3.319236221807043510e-27
4.069247494319137640e-24,-2.086108505282846179e-02,3.859967442742048838e-01,7.864310013777880604e-26
1.817794508709714459e-24,-7.499141510964054888e-03,4.965251186411788531e+00,3.410376083200636708e-27
3.686203462005194526e-24,-3.003600756895698221e-02,4.498754949801125669e+00,-2.347380025251089255e-26
-1.107044645394510041e-24,1.440873463205618460e-03,2.146284231001150289e+00,-8.681300016943343281e-28
4.855562228618298559e-25,5.172309168807478347e-02,3.606921704639928006e+00,2.244414707665888897e-26
-9.560961485602451686e-25,-7.420610338977337572e-02,5.073241876638204140e+00,-2.504983542199276105e-26
1.167240528303815489e-24,-8.628724728639897493e-03,7.645670165261447826e-01,7.268636234085200609e-27
6.022025691997609016e-24,2.295056317637922654e-03,2.443039583646977597e+00,1.058367019586813700e-26
2.303301535039393647e-24,8.959383079772707814e-02,3.222448948492581677e-01,-1.957395276467402438e-25
-1.162059687834821445e-25,3.438374571665372276e-02,2.254861248568290399e+00,-2.525011573172230028e-27
3.248243486810295833e-24,3.314138881609717674e-02,3.554880241703425536e+00,9.858764280170685027e-26
6.769783172099571235e-24,4.702795948472961174e-02,3.138808276274222209e+00,3.183678546196039428e-25
8.191999078073224213e-24,6.565207886245326245e-03,2.946513163685105408e+00,5.276205081577163908e-26
2.480835593464929815e-24,2.012372747852598110e-03,2.362489772892785389e+00,3.552288916144595344e-27
-2.713739838961031252e-25,1.644049806458283041e-03,2.094073607462421105e+00,-2.229519423496148203e-28
1.926504785412696475e-24,4.481236553144186258e-03,4.608211590525257861e+00,8.977503611219774667e-28
1.336404906464874509e-24,3.028577427896678772e-03,7.883633227709256897e-01,-2.853449339918986045e-27
4.185754120495288997e-24,-3.112026334717427414e-02,4.348835634614532708e+00,-4.632076872074577210e-26
1.761635097616653988e-24,-1.067711270985801991e-03,3.005481959608448772e+00,-1.863521476957231695e-27
4.320125035035225535e-24,-9.953723331770055263e-03,7.056784123643077278e-01,3.273139679119490612e-26
-3.112838865002793709e-25,6.469938561843179003e-02,5.723368578773571080e+00,1.706557341104343216e-26
-2.775047155319420884e-25,-4.823463766774026273e-03,7.999068743422059757e-01,-9.326549927419731993e-28
-3.696694996489676723e-25,1.224392118087728760e-03,2.635988987159334496e+00,-3.959895759238959835e-28
-1.429036677840465057e-24,5.190185792855012484e-03,4.210353909283989005e+00,-3.569121758667103955e-27
7.979195997420831854e-25,7.489647513270519807e-02,2.305677507005224669e+00,4.006993618176355815e-26
4.713555840244854187e-25,-1.355084622137762984e-02,6.825149954859947854e-02,6.372396010582442924e-27
2.270168128941174993e-24,-8.738330343860222296e-03,1.217937263237927198e-01,1.969052910945304948e-26
-4.529512830130085742e-24,-3.470999642212846403e-02,1.335302633891287227e+00,-3.668290869303842103e-26
2.127348320694152518e-24,5.033854818720170932e-02,4.644845242899985571e+00,7.227599995057657722e-27
6.027076685588253148e-25,3.231946766299311630e-02,2.343516968385117138e+00,1.359814736574887350e-26
3.950794287828982329e-25,3.918428570683010238e-03,1.335379205512136069e-01,-1.534307954728355921e-27
1.621347695677617172e-24,1.575227311307399528e-02,6.236782248426690600e+00,-2.551241981809925165e-26
1.169748064350271320e-25,1.087600402566271099e-03,5.055588012501940121e+00,-4.281031459996140558e-29
8.005054455345930672e-25,7.147242137616647076e-03,5.152957612264953413e-01,-4.978464551650636347e-27
1.802397161293251307e-25,2.062027424299802542e-02,4.104284689409665177e+00,2.123336118648572737e-27
-8.919155399928381039e-24,-8.203424970120708551e-03,4.094482658764656002e-01,-6.711963107744820369e-26
-5.912209922686986161e-25,-2.392777284010837863e-03,2.173538008143119704e+00,8.019753089731329678e-28
-1.321999736451985842e-25,-8.026400777657566321e-03,2.516556512915963051e+00,8.604823950099739680e-28
-1.062541641224661003e-24,-2.586305990627716690e-03,6.286576229887389511e-01,-2.222677618774002541e-27
-2.575084914264387912e-25,-5.940877596920445675e-02,3.700317797819345778e+00,1.297188183005133761e-26
-1.761689035076810466e-24,-1.957340107730556888e-02,3.564229947568346546e+00,3.144816639734734568e-26
-2.386077193183387693e-25,1.150386142168909401e-02,4.953055209621717303e+00,6.542485279920508507e-28
3.708486937402826439e-25,-2.341621894158050447e-03,5.606191316804777003e+00,6.768727037469335817e-28
2.921714348378374028e-24,3.685872450655837494e-03,3.148649697321767693e+00,1.076879826668382790e-26
-1.454148058950692499e-25,2.924120192510459501e-02,2.745826241712914784e-02,4.250500852866519079e-27
6.259445547495574118e-24,1.032397905826167202e-02,1.507891812849145419e+00,-4.062359354295669045e-27
-2.275527896525933235e-25,6.757291562850863131e-02,3.864603672118931854e+00,-1.152948874391688669e-26
-4.041679047459177060e-24,-1.949517079678941833e-02,4.571711461841734270e+00,1.104791083147086405e-26
6.414371507813931202e-25,-6.765417067826360979e-03,5.550787487828578309e-02,4.332906156614013779e-27
7.889602433092058267e-25,-5.330033990895410509e-03,4.606256240840255201e-01,3.766897740154537991e-27
1.194667268416600154e-24,6.176860183818829592e-02,4.117599280999766798e+00,4.134872880847635034e-26
1.797515781140934053e-25,3.358287453956294594e-03,4.292921296768582806e+00,2.458541993974054944e-28
2.652214788797422249e-24,-1.678886695035040552e-02,5.564643690403433318e+00,3.351894962703419188e-26
-2.909734187181610448e-25,5.799715415016028913e-03,8.841490584371720640e-01,1.069826913282384613e-27
-4.451927099534764674e-25,-6.647149744703059748e-02,6.108929701776261822e+00,-2.914447154276433579e-26
-1.019616036260337225e-25,9.503094053331325591e-03,1.538131568137725003e+00,3.164491291349381915e-29
2.783689733065925750e-25,-1.532431833119618546e-03,2.785638101114076282e+00,-3.998409041553505563e-28
-5.404350539009190366e-25,1.008354153345692589e-02,1.747091404761736078e+00,-9.557511120676289583e-28
-2.215984355357769234e-25,-9.273463665897412750e-03,4.393105176967355696e+00,6.450323512853472542e-28
-1.913455028179545870e-25,8.837274129859027175e-03,2.701245874139664771e+00,-1.529660467754934561e-27
2.754214191291447191e-25,6.562960073248681053e-03,4.590941445853334857e-01,-1.620412632339726693e-27
-1.636161194166528890e-25,3.273956448513050399e-02,4.968104362339372804e-01,4.709131840767489391e-27
-5.980905328355781553e-24,-4.020144520339276328e-02,2.801253017191469130e+00,2.266496637211699524e-25
-9.214500724696688694e-24,-6.197638355143907096e-02,4.138307523028053048e+00,3.101336106794366652e-25
-1.207812887670208512e-24,6.489275074527331433e-02,4.755437817170128589e+00,3.373052622778515467e-27
1.300933303914964048e-25,-3.399045303871063572e-03,4.454890325452810274e+00,-1.126099954795255686e-28
2.051066117471739474e-24,9.544560459810629005e-02,4.686309393940175205e+00,5.104897922590918032e-27
-1.553777319525109157e-24,-3.308315688255858422e-02,9.603907591204601246e-01,-2.946468343226316814e-26
3.033272113162503081e-24,-1.402695993020344799e-03,4.088130603610999891e+00,-2.486888056659428931e-27
7.550836568856598265e-24,-4.341284223346781115e-03,2.395655091304448536e+00,-2.407557520460072433e-26
3.009255991581097420e-24,2.929390856481085305e-03,3.161699855988328256e+00,8.813505038136866940e-27
-2.714340331279065214e-25,3.876674075224757765e-02,4.557662629194626724e+00,-1.621636967425505935e-27
-3.353206827438554957e-25,3.777039130512655201e-03,1.223182302500725571e+00,4.314467955823120179e-28
-6.526581073403299584e-24,8.792695648996873281e-03,4.381088870833988125e+00,-1.866617829385846794e-26
7.765096300536448513e-25,2.962415894987929180e-03,6.632781066667172709e-01,-1.812621129853464428e-27
-1.664262950972870271e-25,4.823176436013083476e-03,4.576069356047652192e+00,-1.090856328441671270e-28
1.241326103581229485e-25,4.682488081753854309e-02,4.751167497815135476e+00,-2.253434389907108321e-28
5.987322520941316269e-25,1.436706580990236874e-03,3.486805024175349210e+00,8.094537193110185647e-28
-5.782517362808722051e-25,6.529480139345610404e-03,1.236127139012401122e+00,1.240148564263784943e-27
-1.577875464898439613e-25,5.912286797174716446e-02,3.996361006264220972e+00,-6.123396006169501833e-27
-4.230610082071654836e-25,4.453201204990461619e-03,2.473159457990359300e+00,-1.478532269915137414e-27
-6.508076461751150148e-25,-8.565369422040217118e-02,9.459892210868667828e-01,-3.260698801496566535e-26
-1.315878908454105454e-25,-1.632456880331830534e-02,1.355596949145169816e+00,-4.587133506443055895e-28
-1.100232750829985928e-25,1.892019402145627771e-03,4.891972449264863521e+00,3.718259077889647107e-29
-8.676898184017070749e-24,2.167581052075749984e-03,2.808883501509422231e+00,-1.777647458904477884e-26
6.420244770560030529e-25,-1.767012811409650287e-03,2.855356800361076530e+00,-1.088307990489094085e-27
3.482304842000569971e-25,-2.234048989808719993e-03,3.880043976605854983e+00,-5.753136281967421668e-28
-2.343662342514502032e-25,-9.601861925308201318e-03,2.887737970298496659e+00,2.178231947237114732e-27
-1.536588625263365271e-24,2.935606613309095676e-03,2.535098443616705222e+00,-3.706321029841333838e-27
9.377724226127664107e-25,8.516806062344722816e-02,3.837069508963032671e+00,6.131871518491242441e-26
-8.311576288247680469e-24,-1.437379866014307055e-03,2.306703176098944486e+00,8.019466323111547422e-27
-2.377267393338713905e-25,-4.700358761374012762e-02,3.027480206848367938e+00,1.110133650811429131e-26
1.653024695221210674e-25,-6.373849008387116877e-02,5.169188921672404291e+00,4.647259472121114927e-27
-3.449738194988640426e-24,-2.711939522814812726e-03,5.820334251754586852e+00,-8.371126952475133801e-27
6.751911148436386934e-25,2.074607569609777588e-02,5.595005828896066014e+00,-1.081949391300615416e-26
1.202996947220843211e-24,-7.750737903543124252e-02,4.689322839862921199e+00,-2.150522537818029150e-27
8.012713075198279103e-24,-1.790245022079733905e-02,5.929405321135838847e+00,1.345634913977701545e-25
-7.327445775603953413e-24,-4.467868270957678009e-03,4.728273166396197880e+00,-5.199956071182369956e-28
-1.780189941135964249e-25,-8.197527472114064448e-03,3.515819183720949148e+00,1.358317302737205213e-27
9.990489535461738908e-25,-2.144690736757625532e-02,5.050569041902118528e+00,7.108690169351633004e-27
2.946756296986551391e-25,-2.533253371767371295e-02,4.452663717858578174e+00,-1.917093529226249393e-27
3.792587803950303041e-24,-2.190783628482231155e-02,4.217602568441416011e+00,-3.945352411368250920e-26
-4.940491019247453208e-25,-1.496532709038008932e-03,4.086231314160519545e+00,4.332917346410824356e-28
5.229580901638126026e-24,-1.546324906258044092e-02,4.919656723184872682e+00,1.664122709474667824e-26
9.632895337512011037e-24,-7.069447804913636668e-02,3.602897855976499586e-01,6.372691799756853087e-25
5.675725872016351558e-25,-1.820330542430415380e-02,3.495118239137474880e+00,-9.692763944297504957e-27
-6.791625854777701428e-25,-1.250373679324843926e-03,3.185989663297180474e+00,8.483702246957576815e-28
-1.434656592205987018e-25,-2.378330847415426053e-02,4.903201706621491240e+00,-6.471261510647969822e-28
4.796453957738806614e-25,-1.068459146745746879e-02,3.540005691875855565e+00,-4.723428442468047411e-27
2.099170884184536535e-25,2.803664526257384441e-03,2.256998928470492494e-01,-5.736104503745670311e-28
1.419549793379646675e-25,-3.246718417655496125e-03,5.756450378808487756e+00,3.984159138140142117e-28
5.247600056642073812e-25,-1.345350855959985981e-03,1.596096092836106539e+00,-1.785938341914412135e-29
-9.810179490599955887e-25,4.512145568297828979e-02,1.926133394253036757e-01,4.344638065191740921e-26
-5.116305156967922458e-24,-5.312521253624541417e-02,3.999306359778621811e+00,1.778061137083859026e-25
-3.103761646807690126e-25,9.213327327258749588e-02,2.573434746369985149e+00,-2.410336173950471189e-26
5.911619673754714375e-24,-6.463352501394285798e-03,5.427426107619563567e+00,2.505147953486249385e-26
7.848470023073210254e-24,1.885024644274154977e-03,1.063933959595069867e+00,-7.181819090287820461e-27
-5.221001982312056046e-25,-4.544302557251683750e-02,4.097461499255249606e+00,1.368740446094598648e-26
-4.432742699964015323e-24,2.764852010308495658e-02,3.518883060328034662e-01,1.150488080410617658e-25
-1.015877007772322224e-25,5.702785723383912986e-02,4.887516992883496059e+00,1.009395987821229181e-27
-7.211266750294609975e-24,-3.144194717363796299e-03,6.170522437381836589e+00,-2.252988167284841507e-26
-5.073384955274123079e-25,-2.609035679255029393e-03,2.663609059393680756e+00,1.175313578423922559e-27
9.244364663987391682e-25,4.247342830683344811e-02,2.340224960757304018e+00,2.731693410327041407e-26
-2.917879082675886946e-25,4.640485334036760501e-02,3.652676948424591341e+00,-1.181011374501946831e-26
1.175321195114436791e-24,-5.256227193740008012e-03,1.336738736510127756e+00,1.432784377237617701e-27
5.358006013231483431e-25,-1.776750262003439461e-03,6.131540006478352289e+00,9.410587673800123045e-28
1.269016002801938397e-24,1.511207386404522790e-02,4.537227028019178654e+00,3.342010820696451407e-27
9.281497283659694999e-24,-6.337628611211691687e-02,1.124724693369774986e+00,2.537757006029165073e-25
-4.998788854653166587e-25,-3.705580418452863924e-03,4.691731209921790047e+00,3.826252214218652835e-29
7.097805744912084816e-24,6.096759490722619690e-02,1.413611536679626468e+00,-6.773979220880135912e-26
1.286786072840639083e-25,-7.136288843481467144e-03,2.812932470611967606e+00,-8.691369592124863045e-28
-1.737445157835998254e-24,3.734715010696792320e-02,2.923334191237169755e+00,-6.334920894808995592e-26
1.114971420357625131e-24,-3.472560299094217678e-02,1.128937584918989101e+00,1.655663120738986726e-26
1.186827614078753755e-24,-3.812063498284125850e-03,5.110374161358074652e+00,1.753431130367704983e-27
-1.177562808104377327e-25,1.580527058019384409e-02,4.924714264782785733e+00,3.922109068198608731e-28
1.205552503806958590e-25,1.151023410724521818e-03,3.926370098190951730e+00,9.818037710842189588e-29
-6.320651875503212084e-25,3.906377159818949681e-03,3.943024858433917590e+00,-1.717689590429528307e-27
4.626148801693565626e-25,3.154168336842205333e-03,5.476766080202559728e+00,-1.009870022266980551e-27
2.940840555952097345e-24,-6.946553235502622714e-02,4.640934772810402009e+00,-1.458475131768714671e-26
-1.653722480224643745e-24,-6.762759231551937478e-02,2.450587544103364213e+00,8.618245270650198889e-26
4.588145314756773948e-24,-3.730655963983519566e-03,5.909603730964613000e+00,1.593618177872291015e-26
3.203815963967512862e-24,4.210032649817315245e-03,4.217222994490426480e+00,6.409277604653308724e-27
1.337521020731685822e-25,1.740545932338642948e-03,3.803221266465840689e+00,1.836788132142161733e-28
-1.772730781477267802e-24,-1.342753655991279008e-03,4.833037523982198103e+00,-2.864884368437951338e-28
1.472160507127137381e-25,1.837625806914725424e-03,5.217099579613214466e+00,-1.308149422017243822e-28
1.503155440136813727e-24,1.325760019903329682e-03,5.806896822998950825e+00,-1.771027544363148317e-27
1.823214322775693887e-24,3.853473202049464020e-03,3.044734505002446134e+00,6.992777450011247936e-27
1.105842731109178735e-25,3.093929387377200666e-03,5.975411167744447027e+00,-3.260628550033503012e-28
-1.775790005407059482e-25,-2.622342355341128212e-03,4.697993075931218954e+00,6.703551523587389738e-30
4.942810866878131455e-25,-3.304358284542910362e-02,2.569768036380707166e+00,-1.373451090117628627e-26
-1.714633823651325018e-24,3.139521323485902279e-03,5.616370196864868269e-01,4.556196865539347548e-27
-2.066668966650551273e-24,-2.182619586667984904e-02,2.140096594060915791e+00,2.431488527170419479e-26
1.078619025279246561e-25,-2.389235495960168737e-03,3.536992384438057690e-02,2.575463028932024468e-28
-2.815045225188409266e-24,2.906275406577873283e-02,2.532904149382563253e-01,7.920257024463949733e-26
4.323887001728133073e-25,2.819384378264149036e-03,3.837417850179098977e+00,9.356666564631798462e-28
8.346218590839565134e-25,5.378153663607151969e-03,6.374900413970199242e-01,-3.607103929407035736e-27
-3.008244089584204399e-25,5.032885563276483579e-03,5.425279038850528979e-01,1.296611767550864593e-27
3.986944323783618964e-25,-9.300587302149408708e-03,5.417582766675955952e+00,2.403516533961264020e-27
6.855045764095330390e-25,-2.166142284839022401e-03,4.932083872542504466e+00,3.236071153151284741e-28
2.851329380503506172e-25,-2.519539720378703197e-03,1.898453252600859731e+00,-2.312006455791960207e-28
-1.040628609051174614e-24,-4.978856325260257176e-02,1.755731205187317512e-01,-5.101488549424560737e-26
-2.219616001094630262e-24,1.317263411183144765e-03,3.357469594297718629e+00,-2.855953965836191011e-27
-2.080869708054411563e-24,2.418916192150003495e-03,8.903222006649481601e-01,3.166853202321018977e-27
-6.974206074071819150e-24,-2.022461137045659246e-03,1.730319014149636514e+00,2.240546195355873522e-27
-5.793442860109721743e-25,-3.295707297131692665e-03,1.792567852825081465e+00,4.199768345529279552e-28
-4.317722160757288992e-25,5.892602615680379852e-02,6.077476022009087764e+00,2.490619761184541216e-26
9.943180957398154470e-24,-1.007611551496737437e-03,2.491517458763878867e+00,-7.975399353483768751e-27
9.409403715471452612e-24,5.387904406299761501e-02,2.209563770176889097e+00,3.022585457602232205e-25
4.124537791888637633e-25,-1.811745719521191261e-02,3.434568832538784200e+00,-7.154195067991676649e-27
2.192442674888324104e-24,3.560163634492628792e-02,2.860558235380435299e+00,7.499239333134633184e-26
-9.541012505665947742e-24,-2.784521869781520550e-03,3.833794995599866695e+00,2.045252129224163063e-26
4.992487861380015355e-24,5.712495004898545704e-03,7.077556612478733689e-01,-2.166981629999015202e-26
-1.258987862763569093e-24,1.635962911618142439e-03,6.138337060756033026e+00,2.038088349653227905e-27
1.474709222091055601e-25,5.123856187832495634e-02,2.755174414661662130e+00,6.999040719295786962e-27
-9.893695778195122553e-25,-1.085120668662275210e-02,6.052852033503267393e+00,-1.045232376674941547e-26
-6.367256218065107118e-24,5.509568609130808571e-03,3.541525814479531409e+00,-3.231250176702295071e-26
-2.090180463361388993e-25,3.698988785530872569e-02,2.236311730323188307e+00,-4.773961191196261733e-27
-1.525836527262577959e-25,-1.151898688985570317e-02,2.555477337016724526e+00,1.464256562667672142e-27
1.486598832560694845e-24,-3.746829819098764641e-03,4.172994859082820085e+00,-2.860859265061654729e-27
-4.077934190395517888e-24,-1.439030515171521932e-02,3.971686749728821297e+00,3.959946860313750084e-26
2.672434242838515954e-24,1.011021455121444623e-03,1.447559770168792337e+00,-3.321292373032514633e-28
3.702290188601190988e-25,-1.411557238097628682e-02,3.792714423924039568e+00,-4.156779122467186570e-27
-8.227916983601724165e-25,-6.545949450252914505e-03,4.357937679594843794e-01,-4.882556152051598842e-27
4.650624563309367787e-24,-3.400997818941847717e-03,1.996724070575932153e+00,-6.534946182497005826e-27
-5.263895692854944293e-24,-6.247363762869961347e-03,1.297987168862872132e+00,-8.860587873399811894e-27
-3.494797200016657799e-25,3.643819728444604861e-02,6.954751432093952968e-01,9.776835632486828289e-27
2.121868539544190882e-25,-3.389738990937477686e-02,3.442919728961923553e+00,-6.868507805064163435e-27
-1.124736639293926357e-25,2.564244010260733134e-02,2.742959527443662893e+00,-2.657963950000628262e-27
-3.545327374921918885e-25,1.023181065788549698e-03,7.178538222115246059e-01,2.732311398444035634e-28
-4.401268466477585430e-25,-1.967087544244437887e-03,4.710904807426302021e+00,1.284949038388622442e-30
-1.051192358611098637e-25,3.153961294485301426e-03,2.638522076698745611e+00,-2.904660406539216491e-28
-2.807450274179451499e-25,-1.198813690142291151e-03,2.732881470312714001e+00,3.088397315624237954e-28
-1.170005393473858549e-25,-4.777712603848576108e-03,6.202287829759857374e+00,-5.571668050356745930e-28
5.154083345042046724e-25,-1.425836319685597729e-02,5.496869562670307019e+00,5.191671992020618696e-27
6.155568060383539266e-24,2.104683527464369479e-03,3.382645636964815017e-01,-1.222135902429554857e-26
8.917085405660013155e-24,-3.101992008889072755e-02,4.244210121906051292e+00,-1.248223150726662826e-25
1.349940492668115336e-24,-3.396925840177379696e-02,5.997535487547767552e+00,4.399831556437913594e-26
-1.460623067527946148e-25,-4.054905319340772196e-02,2.482526367289559222e+00,4.682266258444118257e-27
1.197558533901153128e-24,2.419643650967632197e-03,3.721460608850640561e+00,2.423998128068724033e-27
1.937582027116308343e-24,-1.540230593085549493e-03,3.970590742273198526e+00,-2.016252753936010853e-27
1.017290161623089075e-25,1.019782406106062647e-02,2.403287308371822473e+00,7.672824086388701044e-28
-6.071514452885498066e-24,-1.148424535062680767e-02,5.519822844557137564e+00,-5.037866220149255391e-26
-1.040792784731241089e-24,-8.453884044090682545e-03,3.931363240826537986e+00,6.194386715776601783e-27
-2.489990603783028087e-25,-3.588014641927770448e-02,1.662604908189228015e+00,8.190773606756700363e-28
1.186512152581233842e-24,-2.958241906768933720e-03,2.692711409622708274e+00,-3.162266354334430448e-27
-6.602253559926281748e-25,2.069839692221977188e-03,5.888531392106127527e+00,1.261512700738242844e-27
4.659270465819142289e-24,-7.038107033350775310e-03,3.222497594252112130e+00,-3.268517949833641247e-26
-6.716284877079445986e-25,6.607192369845728275e-02,4.125504672871088130e-01,4.065271102665524670e-26
-1.873378188663884421e-24,-2.549619691458170426e-02,1.713087387654291360e+00,6.773482027533847153e-27
2.833982982097322572e-24,-4.629242578020880544e-02,7.632317799846363160e-01,9.480005998907437364e-26
-2.064475532374964435e-25,-3.144475963686760474e-03,2.817305350111313889e+00,6.153333994132636723e-28
-1.822178857196485187e-25,-7.591478373453532449e-03,2.273758219480543907e+00,8.942781431728528789e-28
2.198479912974643864e-24,-1.873237644632006664e-03,2.034133852794036468e+00,-1.840606440887653948e-27
3.751804528353175528e-25,-1.652234011598779223e-02,3.579821851702131852e+00,-5.613094753531270136e-27
5.250300684275757931e-24,3.658074088116268496e-03,2.518380510817680218e+00,1.559541457454638194e-26
1.056529019337419290e-25,1.564581072064386708e-02,1.171257349505842926e+00,-6.430163817768677699e-28
-3.486616370220622165e-25,2.469178007800477970e-02,4.465834984434308708e-01,7.764766295356785113e-27
1.522584578855063040e-24,2.313121146618857694e-03,2.705472270741398066e+00,3.192261237071353597e-27
-4.163839108716503132e-24,-2.119329529875415424e-02,3.372150118102968719e+00,8.591042199794756859e-26
2.677996439562033678e-24,7.733174462524702343e-03,5.754797227123394698e+00,-1.788508099817857513e-26
3.856484043140700864e-24,-1.444812433731600468e-02,5.303832325813597315e+00,3.106665147040831455e-26
-3.832594466895227214e-24,-9.186162972880433653e-03,4.362030770549078784e-03,-3.520650243664295577e-26
3.244817058997762357e-24,-2.400424662418841962e-02,5.963873797548156830e+00,7.395221812074213188e-26
1.365086960101569846e-24,2.082211231784487915e-02,1.846742342546297544e-01,-2.794067587914608659e-26
-1.319702846812244564e-24,-7.306390479093574641e-02,1.645167173435344354e+00,7.164424909319168409e-27
-3.314842500004903403e-24,-4.070531878251943542e-02,2.223595019917997018e+00,8.195914995798386209e-26
-3.758324261057659773e-24,4.246299023151065000e-02,3.582632399670835799e+00,-1.443182788468859117e-25
-1.227211613909512716e-24,6.814524293486812212e-02,5.480273212877481370e+00,5.808968235949397077e-26
-2.636093759933245007e-24,6.666527203027379500e-02,2.008294584744394928e+00,-7.445485428302279764e-26
-7.457196103045300852e-24,1.853362488611702422e-03,1.677278826660508759e+00,-1.468903112680863608e-27
-1.345101309014752541e-25,-2.070822153038888794e-02,2.428814390307444615e+00,2.107338380402440823e-27
2.913605742123602832e-25,-7.220088929031397151e-02,4.692793189048372504e+00,-4.122003370356486400e-28
-1.638321921910990648e-24,-1.366777365857381075e-03,2.332366777026238847e+00,1.545194632820146532e-27
4.995875481850091991e-24,-1.103416872952994905e-03,5.699364366520319081e+00,4.599451519478117871e-27
-3.624288807164753480e-25,-9.689000787447608898e-02,2.404289856529576497e+00,2.599563805339383390e-26
-8.359158914416495310e-24,-2.445098309535985795e-02,5.271805418222934136e+00,-1.084678887907285773e-25
-3.779459114828342971e-24,-1.662086891253984622e-02,5.006457721127158145e+00,-1.820768464075951823e-26
-4.589850699074347786e-25,3.448931827834823133e-02,4.148666394224561849e+00,-8.458590543022461922e-27
-9.955897639300895850e-25,-4.071051139835795731e-03,3.006238955977245109e+00,4.016025861546010734e-27
-1.398216818930000883e-24,7.640991518395393207e-03,2.323200787010553103e+00,-7.301241917984286369e-27
-7.251383212627426560e-24,-6.276876135618379184e-03,4.613964378172165759e+00,4.472667971801173479e-27
-6.961233837972854301e-24,9.554803305063884478e-03,3.643515940762410921e+00,-5.830940411584586765e-26
-4.579230951515552590e-25,6.159462397480565052e-03,1.197404280357583950e+00,1.028872183447101713e-27
1.126540204536615394e-24,-5.727648610865710560e-02,2.599185118180660781e-01,6.235695395296432879e-26
-5.304387617031206720e-24,2.455878988416178299e-02,3.774436725682894345e+00,-1.050425101358091439e-25
-6.445839136250740026e-25,-2.245969343186287812e-02,3.958358169958962058e+00,9.910808593044771652e-27
2.691218403148477587e-25,-1.580017244964399426e-03,3.067913946157574401e-03,4.252151476032762034e-28
1.103743230261596921e-25,-8.404200480465116169e-03,6.164991449954346336e+00,9.211362348284851157e-28
-1.645512659053512360e-25,2.365750327338574099e-02,3.768407191035649806e-01,3.619716442711705238e-27
-2.128822965892250768e-25,9.516388098941973295e-03,6.038999787442341116e+00,1.965772213402632850e-27
2.555794704531509600e-25,2.896624346020408233e-02,4.240520991164171249e+00,3.365121096320332428e-27
-2.837674462604640423e-24,-1.328085497120025903e-02,4.562892305608810872e+00,5.613080088913318735e-27
-3.326276115935587843e-24,-1.200028787059827370e-03,5.730706472292824927e+00,-3.397777756956440720e-27
1.767728759475552995e-24,-3.266481506875711874e-03,4.746483360695081366e+00,1.968314492237876910e-28
2.196761816604133618e-24,-9.369983877216490897e-02,4.651779543810032003e+00,-1.246798100587242451e-26
5.585215977525542066e-24,-7.153107761185632796e-02,5.702968773467921970e+00,3.341332282452275570e-25
-8.250182312149036774e-24,-9.397938907996167268e-02,5.142396030162735165e+00,-3.232245334474348020e-25
-8.058634635031903076e-25,6.630030793395837174e-02,1.367984277789840719e-01,5.292984489619804675e-26
-1.070352570357047632e-25,-7.122758342160207153e-03,3.608606586127289351e+00,6.807474020364699956e-28
2.721632029452782566e-25,1.040886085097745238e-03,2.060407380196351390e+00,1.332267971503958474e-28
-2.691246101131626028e-25,-2.889110968854345998e-03,1.744826881394272444e+00,1.346321260067598248e-28
3.993411257324993162e-25,-8.665981070095222713e-03,2.368345044836857038e+00,-2.476624076184888660e-27
5.290918336448425223e-25,-8.211276028016032194e-03,2.122505270012417178e+00,-2.277150924643863868e-27
-1.046659671773453378e-25,-1.987876672219865762e-02,3.036088022786883389e+00,2.069061098442836901e-27
-2.149344274765472728e-25,-5.225893629622727771e-03,5.293371901763404885e+00,-6.164770797484353642e-28
-1.286831395259208753e-25,8.130689644516688255e-03,5.589237809156657022e+00,8.043060343422841616e-28
-2.293233518365855876e-25,-4.024267866549927769e-02,6.067665858726085659e+00,-9.015086677466768767e-27
1.221278999672788494e-25,2.637197527543946873e-03,2.508440257616813440e+00,2.596463233884338223e-28
6.781840756223146072e-25,-4.006226843891301341e-03,4.517458251288907434e+00,-5.262711387449829539e-28
-1.385591335972704137e-25,2.104084659857568401e-02,1.878257062551356604e+00,-8.823154375751110723e-28
3.779353621259634479e-25,7.536430543214909031e-03,1.723730849858692016e-01,-2.806073490421140700e-27
7.186074985049352792e-25,6.401442330661786390e-03,5.655400599919455651e+00,-3.723021731504909620e-27
-7.861737481811619393e-25,-7.047035311243328437e-02,2.718091586227674661e+00,5.050749867794097669e-26
-2.956338820271812496e-24,8.633873752037219199e-03,4.914997300334398744e+00,5.136198403834249049e-27
1.726458986453746001e-24,1.011418899578754842e-03,3.485628695603154803e+00,1.643849281734468411e-27
-7.459634656838710777e-25,2.448345073334225620e-03,2.689512094698199629e+00,-1.642898579219744332e-27
-5.414609111139581738e-25,-1.111602986133655149e-03,5.817959030568016665e+00,-5.379207878515206011e-28
3.037752593403771309e-24,1.367016700375690364e-03,3.588810602793571558e+00,3.744259976850931823e-27
-2.636884964714090268e-25,7.138823258727022836e-02,5.609011366583795066e+00,1.470593939683952189e-26
1.301328756380813441e-24,-1.148185723780119176e-02,3.014761367842904161e+00,-1.482165484551730821e-26
1.220006897285730164e-25,-4.744973655529675233e-03,3.248228165566774628e+00,-5.756018586151911215e-28
5.907557035579655194e-24,1.171167281913421641e-02,2.348899956559006075e+00,4.856469425797730481e-26
-3.639531017023438404e-24,-3.518680359135642477e-02,2.756652677109681093e-01,-1.232283416273537310e-25
2.180421143401846314e-24,3.974060148675555987e-03,2.145568618910398850e+00,4.710740370398983658e-27
2.148928976992759705e-25,1.326004944065511254e-02,1.213305687441014635e+00,-9.971068734894825741e-28
3.439010557537959137e-25,1.352785325255573354e-03,2.551845679799325861e+00,3.866392761487854587e-28
1.439583080850726502e-24,6.254628454110533475e-02,2.237772877498806601e+00,5.570029665123496478e-26
3.691301271931497703e-24,1.574962142135153320e-03,4.897203214569995744e+00,-1.068340990496752706e-27
3.039257821932554085e-25,-1.445150854361185351e-02,2.198507684034380461e+00,-2.579504200919915079e-27
-3.542629540663613466e-25,-7.848591762402430672e-02,4.677179053960049515e+00,9.787975159679251624e-28
-5.039348734496807336e-24,-2.444861260163201742e-03,6.612434230547855618e-01,-9.723705771731886172e-27
1.990569170871523326e-25,-1.925751111467573955e-03,4.296284618192226290e+00,-1.549437514652690289e-28
-1.745492293024927156e-24,7.280292790667875630e-03,1.306073960310381699e+00,3.324858032342493624e-27
1.153374192834812881e-25,-5.859711276606711580e-03,2.039590329930497603e+00,-3.053535588077640766e-28
1.712196269658352338e-25,-1.938518452936485378e-02,4.371673498971821559e+00,-1.109123575960945938e-27
2.577052955577834911e-24,2.391015500806503019e-02,3.196482739511258497e+00,6.152493423441255275e-26
-1.204129849707877072e-24,-1.597252137664860808e-02,3.573149683442180535e+00,1.746962401923880271e-26
1.509109151122079568e-25,-1.569000935932294638e-03,2.465252043509746471e+00,-1.846567712793141498e-28
1.416472437281238260e-24,-2.438916235701767826e-02,1.227653753142287529e+00,1.162313051046994891e-26
-7.142937602650264926e-24,1.026217725713965238e-02,5.628509918259378075e+00,5.814656372034805936e-26
2.436121611709920067e-24,-1.186688683231661330e-02,4.437485334192191822e+00,-7.847518255619789500e-27
-7.993468262317667736e-24,4.715258577133263004e-03,4.527800651497026152e+00,-6.917926195268035467e-27
2.111040308902898381e-25,-6.601040591945652944e-03,4.699050244848139712e+00,-1.858706051230579602e-29
5.346179732591142268e-24,-1.508322243675459459e-02,3.166043397102051404e+00,-8.061351514361533791e-26
-4.763158526889891548e-25,-1.465030212097699408e-03,2.175908332038698045e+00,3.969561945969180100e-28
-9.757706201865581446e-25,-1.446227670187189181e-03,3.463161088253393860e+00,1.338850285043123834e-27
-4.833078520135636507e-25,1.167014667733911638e-03,3.693119726016788729e+00,-4.803963924335081566e-28
6.020851745211507801e-25,5.427277777325362901e-02,1.997489052713460111e+00,1.352371099216458919e-26
8.359733000513929322e-25,-8.372042958784943478e-03,4.354493942753783209e-01,6.345679954134220200e-27
-1.194915924249113012e-25,2.135595892399620027e-02,9.476767202565249404e-01,1.489190846482513354e-27
-3.971057206775232007e-24,2.741004616770287977e-02,2.100266769506812459e+00,-5.497597703679826647e-26
-5.672594129720347831e-24,2.796202120651796515e-03,6.212825157373229601e+00,1.582247380615963815e-26
6.333600059371290358e-25,-2.680609289717156979e-03,5.505683903422232461e+00,1.209962010834677497e-27
-6.538745070470211089e-24,3.472036284262760859e-03,2.591881476059169298e+00,-1.935808622425778758e-26
3.867818253522583068e-24,9.036999154303955450e-03,3.467238865756061106e+00,3.311646224998797203e-26
5.913382048228519826e-25,-3.179560944281539358e-03,3.743805360784411285e+00,-1.549439715076068169e-27
-1.553037346185878642e-24,-5.624845215422314554e-02,4.788251753894773977e+00,-6.620709603921576463e-27
1.190505307128620279e-25,-1.078787147817908583e-02,2.549282545558774871e+00,-1.065525130191926051e-27
1.533836939339018545e-25,-3.913603674457453996e-02,6.941550930888131798e-01,4.613741993583516918e-27
-2.103107487918655427e-25,1.088382347653811706e-02,2.224541284243688466e+00,-1.392077065484973382e-27
8.694287548574233741e-24,-4.543500742601454950e-03,5.638787799572099857e+00,3.158074285539027300e-26
2.212621813728156862e-25,-1.509546867982037785e-02,1.743152981324549433e+00,-5.728348907976846591e-28
1.146024069182155085e-25,-3.245666048400403826e-03,3.301624343178664933e+00,-3.672083088324172410e-28
-5.715011153699974301e-24,2.180430557099079670e-03,1.868268293337493891e+00,-3.652424927878420344e-27
-2.198965850265553670e-25,6.399207489882539901e-02,4.458215518538693800e+00,-3.538250406407089897e-27
6.681710777877342072e-25,3.136862582001527511e-03,2.460640370258432963e+00,1.628506200984077668e-27
-1.629367510834289862e-24,-5.790626604273861090e-03,1.606704696110444752e+00,3.387247744026568379e-28
-1.589092464943087337e-24,1.174036141798074501e-02,3.512732349008269139e+00,-1.738628341049222600e-26
-4.855582190520876413e-24,-6.770098356018217946e-03,6.243856848831121908e+00,-3.284734967206145342e-26
1.032564335708051647e-24,2.168933455214295050e-02,5.038269674985881963e+00,-7.169810900704101055e-27
-1.280392867890706869e-25,-1.651765849314678833e-02,4.295815423443694048e-01,-1.922748800505098574e-27
-5.531799357318310023e-24,-2.688910715404937979e-02,3.127086760096432272e+00,1.487294964009118318e-25
1.852111727652764106e-24,1.965878557018137240e-02,6.140120663871418749e+00,-3.603828898064219037e-26
-1.505865851201152249e-24,-3.019291885161436498e-02,4.005077236757080605e+00,2.954379247586413484e-26
-1.039767388595354347e-24,-3.662722933298458161e-02,1.343957183632323582e-01,-3.774037720756736348e-26
1.379620901725532149e-25,2.944160606237180167e-03,3.658437535577637956e+00,3.531280313647068690e-28
2.569348659900836569e-24,-2.594761598243617087e-03,3.365220376723837337e+00,-6.500838424493542285e-27
1.076808284035163670e-24,1.688506873808402146e-03,3.355685882290126987e+00,1.776687724428621508e-27
2.227544680086182787e-25,5.021138727582262484e-02,1.378274560499322510e+00,-2.140042173639958921e-27
2.751402253188923950e-24,-3.883249487940751681e-03,7.337329985807906629e-01,7.935074155659802720e-27
4.005261638305941211e-25,-5.563705680913077177e-03,9.855189231509270398e-01,1.231041783673492324e-27
-4.867211505088172759e-24,6.908968218568073416e-02,1.249057560000175426e+00,1.063354456927173807e-25
-2.281274151139661579e-24,-2.531675143042965218e-03,8.915760630526666786e-01,-3.628056800714940356e-27
8.713150458256420802e-24,-2.704577159151648133e-03,2.183084633024821031e+00,-1.354400779702931343e-26
-4.476796818294642006e-24,2.704279796517797870e-03,1.921617064277941767e+00,-4.160628601936649695e-27
-5.099536693961935131e-25,-8.913403656575197287e-03,2.728341424717272812e+00,4.162789236815778612e-27
-1.494929213537729831e-24,5.453336761657431170e-03,5.112123111423475530e-01,7.110090838568831096e-27
4.873166996158065165e-24,-1.241245573796023478e-03,3.079830418026819228e+00,-6.037263840177477467e-27
1.114897955131449558e-25,-1.274231189273396020e-03,2.691283038831005392e+00,-1.279017761955891461e-28
1.842856346199250546e-24,1.342210011751191964e-03,5.167499408090013624e+00,-1.087255484873233207e-27
-1.753492115030966785e-24,5.875843757835762238e-02,5.995895156185542696e+00,9.880969683354455123e-26
2.180744623466111717e-25,-1.965839286380054261e-03,3.290663300732850516e+00,-4.239448689244809980e-28
2.567284875803167956e-25,-1.706378586228895697e-02,1.821336148484916651e-01,4.308299861173127978e-27
3.329583854859047150e-24,3.439051861104672637e-03,2.664481324378843663e+00,1.017186620473795471e-26
6.116384480580674652e-24,2.131213820699178266e-02,4.464846576831732250e+00,3.193941190837291988e-26
4.883956213714574674e-24,4.879077614975028260e-03,1.864566751140400047e+00,6.900059106552297417e-27
1.702545617545194865e-25,1.387371593217466559e-02,2.860483450909684588e+00,2.269348451055108602e-27
1.598696518508146556e-25,-3.285322862970911639e-02,6.002820620452415490e+00,5.047158590677835557e-27
2.173970676063247183e-25,-2.922244345037152118e-03,1.328552271644370730e+00,1.523938492866976703e-28
5.560094011946166537e-24,-7.123552862323688506e-02,1.649284041488156660e+00,-3.105521067489542654e-26
-3.896034690510266696e-24,-1.090780321014665419e-02,5.138859564358741139e+00,-1.757938736702482825e-26
3.163217311938468945e-24,-4.993971601313397339e-03,1.311412405662721659e+00,4.051700078793464639e-27
5.271463964413372882e-25,-2.536992143415049000e-02,4.877947582610964616e+00,2.204024018290302419e-27
-1.087123674797570247e-25,4.198799710460683794e-03,1.823985124297682781e+00,-1.143401084021130697e-28
-2.392068930022016800e-25,1.953484235933722335e-03,2.339504338932603122e+00,-3.248611790207200564e-28
-1.209678136643086116e-25,1.716195687193553671e-02,2.114877925282121485e+00,-1.074628098626134954e-27
1.527721404060104447e-24,-1.603012372913052881e-03,5.707839472188939389e+00,2.054684571403691118e-27
5.927014120486984140e-25,6.736457290321974309e-03,2.450148101355735797e-01,-3.873460470819332673e-27
-2.128706095384156799e-24,1.459398935278866972e-02,2.618050086596366732e+00,-2.690509025955698974e-26
4.447213506801871791e-24,5.749828458888417947e-03,1.588457987229182411e+00,4.515978025884725754e-28
-6.671547610972206188e-25,-5.010024416339482756e-02,5.995521648428387529e+00,-3.205117693011734198e-26
-2.576902023608009076e-24,1.836528581693426315e-03,2.675212630730180674e+00,-4.227126329787332560e-27
8.184400736203865062e-25,-3.716153235279540893e-03,6.167996885238774318e+00,3.021293490456069008e-27
-2.446975461615222013e-25,-4.479074581796307908e-02,4.696303201747405787e+00,1.762955162224150048e-28
-3.728495957984912628e-24,-1.281976808692105027e-03,3.279903172550723944e+00,4.734199443552786169e-27
1.401225810983765295e-25,1.855948011811883042e-02,4.314885507211742244e+00,1.006739106641765816e-27
8.270560905893034610e-25,-3.255723936632010530e-03,2.853238782363827220e+00,-2.581494981162091614e-27
-1.646786062830332277e-24,3.174860451565553188e-02,3.125635874637068934e+00,-5.227650343440930594e-26
-3.867818777365530361e-24,7.462413693303205850e-03,1.055071177125614268e+00,1.423437493148642069e-26
-1.390234079684941602e-24,2.805416479699348632e-03,2.866320982682873275e+00,-3.753349034060442259e-27
-5.535197400985306084e-25,5.137414671566159323e-03,5.302855907482124209e+00,1.583204963420970916e-27
-2.953382029619150223e-24,3.042227464067686401e-03,8.017584882382624567e-01,6.248468456169465537e-27
-3.962288252144540588e-24,1.267201907023006099e-02,3.887890795180539705e+00,-3.686468368308819174e-26
1.183630400358787583e-24,-1.022494422401257902e-02,3.125620820980559600e+00,-1.210101118086943721e-26
-5.694374644538252173e-25,2.817274493194604421e-02,4.007129481358578715e+00,-1.039932843969856884e-26
3.571540401222956175e-24,2.037385951174138302e-02,5.832161294599148782e+00,-6.548954492276890074e-26
-4.807417400425553953e-25,1.001106085647644230e-02,2.637715901050347700e+00,-4.214595416184670859e-27
2.314805886910012105e-24,5.141919876911328624e-02,3.638918332129068123e+00,1.046069049967413942e-25
-2.993238037137625172e-24,1.014251088267589460e-02,6.238257271744132026e+00,3.032831431951003661e-26
-2.348700226002201206e-24,4.035500777050377713e-02,5.723855696504108082e+00,8.033811183210844606e-26
-1.552454808164483403e-24,-6.590476440404985370e-02,2.327503804442549118e+00,7.024186638668222571e-26
1.417435858192697932e-24,4.189560624322108406e-02,4.275391655233296007e+00,2.513268998342286719e-26
-7.462034795586705347e-25,-1.234044964008457895e-02,5.251251205092708929e+00,-4.725424880211516069e-27
-2.954934882130508061e-25,-3.591657340601171668e-03,6.083262187770301033e+00,-1.040171995938262756e-27
-5.024854756984051977e-24,-8.401804131390638516e-03,6.067524806907453438e+00,-4.123988025773272965e-26
1.198358832457696164e-25,1.229065468186679375e-02,3.649129516199556833e-01,-1.375880645524041913e-27
-1.425592498345955707e-25,-3.475459623817896138e-02,7.726778592320561190e-01,-3.547703576800967599e-27
-5.725195167267726003e-25,4.043180045565903519e-02,1.555370000928479879e+00,3.570743491742909912e-28
-6.539063279589735957e-24,-5.054807211926562807e-03,5.445725606376061734e+00,-2.212457250085133078e-26
-2.704482278299646546e-25,-1.624496498621368816e-03,5.397639241516466235e+00,-2.780450911166093240e-28
9.410161739098224699e-24,2.370958713097476734e-03,5.187562669129012427e+00,-1.020717212282313322e-26
6.288757997112938474e-24,-2.479058100311247112e-02,2.726738183643329649e-01,1.501420511917492160e-25
1.092021197576764283e-25,3.391603506314452843e-02,4.061674915676322328e+00,2.243535477791055301e-27
-4.037221750338898562e-24,7.142120765228114621e-02,4.979978314282877405e-01,2.533212812918681729e-25
5.557447397644437430e-25,-2.651923467491903649e-02,6.077552623106481811e+00,1.442742649007742748e-26
3.180436765458364075e-24,1.243296815512300903e-02,1.933059180411395017e+00,1.401342928639617445e-26
7.773383940530335145e-24,-1.366057824538598718e-02,3.990287387148517162e+00,-7.018696854821484563e-26
1.068929217395153402e-24,4.208532050219856296e-02,6.275121584110469719e+00,-4.498476613222514727e-26
-1.888045008667752167e-25,-9.455516018225708363e-02,5.206734202463094707e-01,-1.548671257998626562e-26
-3.418668601010792233e-25,1.396265450413650480e-02,2.037470802682687321e+00,-2.147628648076467500e-27
7.479943340400491024e-24,-8.442004015372027437e-02,2.950069932197088463e+00,-6.199112503922891293e-25
-1.432219946267202951e-24,1.851656202983819775e-03,6.196794878487620117e+00,2.642088835496324140e-27
2.687965292782471678e-25,-3.035849247912424716e-03,1.586150629348161756e+00,-1.252901381342262132e-29
-4.580977453118782574e-24,-5.112613756553543130e-03,2.204627592572375505e+00,1.387062671951926673e-26
1.507910784577715249e-25,-8.044758044827697921e-03,3.026687775651357160e-01,1.157936577339617208e-27
1.116033409642833901e-25,-7.455414745949430315e-03,5.883029065066481600e+00,7.663174234371720048e-28
-3.519283296577981482e-25,-2.505692701036122197e-02,4.455228405849282147e+00,2.242792344999320793e-27
-9.660187351481576344e-24,-6.085940965698492279e-03,5.769922338047217103e+00,-5.121588818275937653e-26
1.462135044024069335e-24,-4.782147925965841810e-03,2.967812209611787044e-01,6.686468690373838017e-27
-3.869190341974168312e-25,-7.368538506376387520e-02,5.730895040606143631e+00,-2.427151797308355448e-26
-3.993250839606350502e-24,-1.684690012669510378e-03,5.899137489943932167e+00,-6.237337223714036201e-27
-1.531711841855521026e-24,-2.335076244626514523e-03,3.732230378186931929e+00,2.970725936605746249e-27
-2.264721770239335643e-25,2.698884582780683786e-02,2.440225017099364457e+00,-4.669496177624854690e-27
-5.139568159283198968e-25,-6.366649641545716991e-03,1.917596082185918149e+00,1.112181729905932027e-27
6.136882261096862363e-24,-1.797423176686063816e-03,4.007649044452226583e+00,-7.146000332752944575e-27
1.243065655277942927e-25,6.284370318651062194e-03,4.899862231482345898e+00,-1.455955803306640074e-28
-2.012296442093698022e-24,5.946862026673895539e-03,4.752765230574903299e+00,4.830452295374421605e-28
-1.057238989764473497e-24,7.808167056797410410e-02,3.156000318134489113e+00,-8.254241865880643163e-26
3.970312846821770621e-24,-2.167112641195696916e-03,2.826928933044249970e+00,-8.181657494168422057e-27
-4.705574433208344902e-25,-2.196477346255012314e-02,6.609559600145580305e-01,-8.159051312137564317e-27
3.317427041604795024e-25,2.615817268457373834e-02,1.736803617689347545e+00,1.433967685420604103e-27
2.278151986997484255e-25,6.969695270506749696e-02,1.918534107457114057e+00,5.410784231672329279e-27
-9.495789904292127530e-25,-4.708936600622151691e-02,6.077522578062100056e-03,-4.471424683044452163e-26
5.577981116028891993e-24,1.578870707779987323e-02,9.554290750414269340e-01,-5.083863743556311999e-26
-1.119630558468271550e-25,2.481889937198202348e-02,1.823791410895656773e+00,-6.955469862971224229e-28
-6.557581314188199486e-24,-4.449847510708424166e-03,4.288972745930450081e+00,1.198949967322176863e-26
1.501477617853048355e-24,2.096366298110773161e-03,3.762868824705574600e+00,2.559466077198711199e-27
1.174184104472018673e-24,4.266585196150492199e-02,4.400075572425220294e+00,1.539302568058543459e-26
6.714145260014793511e-25,-2.061299528505542659e-03,4.519640342582322390e+00,-2.651127789501828209e-28
2.693660346363387751e-24,6.767334695132941509e-03,5.939948500001108744e-01,-1.510649954784983835e-26
3.270253682899259293e-25,-4.077911538252915885e-02,1.882573041145571446e+00,-4.090760637436131821e-27
1.171317393917496897e-25,-1.020621180298203132e-02,3.048803302036870999e+00,-1.190328609835352287e-27
-1.381719383772633518e-25,-2.926202322893844618e-02,6.976283442768835830e-01,-3.098571379553577657e-27
6.543647327368547023e-24,-4.962772579471833208e-03,7.990351205562044867e-02,3.237102036513459130e-26
-1.451199794280301817e-25,1.902662840270123289e-03,4.166381818206263410e-01,2.524940745775924542e-28
-6.486524814832880559e-25,-5.588941698767819696e-03,6.228510423000279239e+00,-3.619863647504571456e-27
-5.975905303197354641e-24,-1.136893229625841363e-02,1.539260944946183152e+00,-2.142148113881173032e-27
-7.218872358397050414e-24,7.230010633254550616e-03,3.829375777262721048e+00,-4.032682723988084464e-26
2.338674728098807402e-25,-1.960884645706208532e-02,6.129891751658953503e+00,4.532095297281884013e-27
5.013840310194812545e-25,-3.706223223941809784e-03,2.655996281052835251e+00,-1.643422439580848397e-27
-3.429078783816026346e-24,1.169298699675490327e-02,8.164677794555703638e-01,2.745784022904710301e-26
6.340055106465940530e-24,6.515140412676530095e-03,1.580019387104399708e+00,3.809655490485100005e-28
-9.804034799162436635e-24,4.022616819387780408e-03,9.855533443606684374e-01,2.178555894953618448e-26
3.131080933799811230e-24,-8.984998169332479578e-02,1.669814429301071934e+00,-2.781102366717030472e-26
-4.278438838933526450e-25,-4.403748121325106596e-02,4.055454093050250286e+00,1.150616051718796509e-26
-7.341059004560435847e-24,1.759672466083063783e-02,4.219189903257194452e+00,-6.115910490328662979e-26
-2.539839829262437626e-24,5.425810523414074243e-02,4.504961989959834767e+00,-2.838032848117397144e-26
-4.596924982471842686e-25,1.410939272205436953e-03,4.973640632253326643e-01,5.700161471611303166e-28
1.796176364000603222e-25,-3.891265992256547068e-02,1.079256846053780611e-01,6.948733395145513435e-27
3.594805162778134162e-25,1.358627537451852175e-03,4.521018543650428434e+00,9.289589829531758576e-29
1.101049251497864370e-24,7.829410837107761770e-03,3.360446830747354507e+00,8.414939361466263341e-27
-1.214845102236694307e-24,8.259823486146851412e-02,4.014063830018704593e+00,-6.451478804099101731e-26
-4.851173546081229900e-24,3.447365136690580534e-02,5.934483114899141043e+00,1.571727905945225965e-25
2.904663466308315666e-24,1.503445203074376931e-03,6.237750210265761375e+00,-4.362495623977431127e-27
1.481167973691820890e-25,-4.438794078906598516e-03,1.635831089672851180e-01,6.486829336311866247e-28
7.582209417804825975e-24,-2.304555990265308094e-02,3.912639721908504953e+00,-1.253175921733225504e-25
3.449433672933389982e-24,1.593196939566708572e-03,3.331703038687176655e+00,5.396614555145126385e-27
-2.775266898569943356e-24,1.519667844059104274e-02,2.556542295424600875e-01,4.080407466263992878e-26
9.293222594209877786e-25,1.387960739397020105e-03,1.466740938327170674e-01,-1.276013070289530418e-27
9.492397291024698512e-25,1.974251587670272472e-03,3.918273267307901264e+00,1.336646526681597773e-27
6.118643182386588978e-25,-3.845757711688107747e-03,4.415295699726758727e+00,-6.888460654109692472e-28
-4.713065578002704608e-24,4.599853351734687484e-02,1.033071121683876603e+00,1.110383746795436788e-25
-3.378137069363305199e-25,1.641965090150365042e-02,1.268539796819296850e+00,1.651139768054470331e-27
-1.621473969327362890e-25,-6.724707397146595898e-03,6.171730206975961863e+00,-1.083628241161026415e-27
-4.677027573044378241e-25,-4.255216993884888485e-03,3.074079409572461952e+00,1.985642792835043448e-27
1.641323295230487429e-25,-5.079926113171306760e-03,6.198437351017648922e+00,8.307877039677592580e-28
4.970064089737047971e-25,-4.252338695587897649e-02,3.104818634177709757e+00,-2.112010713574504464e-26
-4.112406431355751134e-25,-1.789700851189219991e-03,5.057053834255595959e+00,-2.486798403952616975e-28
5.646446635628761501e-24,-4.540030165916756483e-02,3.859151880117004385e+00,-1.931376828045652692e-25
9.163496712600886120e-25,1.176248314693832805e-03,4.746183335242496248e+00,-3.641847319826778532e-29
1.001240881027590767e-25,-4.784905034972986027e-02,6.019373458617461203e+00,4.625093789525152450e-27
6.422694444026273455e-24,2.173929871427209264e-03,1.860407315783077387e+00,3.987399251078684141e-27
6.015485279113130285e-25,-1.746122241255889957e-03,5.259196495527817206e+00,5.461572064109019442e-28
-1.135039015420211455e-24,-7.264928777955897976e-03,4.578882557867919978e+00,1.097623510148340630e-27
-3.035801936005329849e-24,-3.187614931650616101e-03,2.983340149573203259e+00,9.556045972401208943e-27
-1.006697050799344520e-25,-1.036956950838372436e-02,3.522758572518447373e+00,9.689823022021316207e-28
-2.049213035043277501e-25,6.764904945207070308e-02,3.101224025646337701e+00,-1.385143739382025196e-26
8.145342994735505815e-25,-9.981836102747750419e-03,4.448830605329026078e+00,-2.118151592499880180e-27
-3.016344550462767469e-24,-1.726326771510653876e-02,2.023142823208611829e-01,-5.100991293254336566e-26
-1.038279467407954542e-25,8.109994196972955885e-03,2.201491012271841630e+00,-4.965583760054386607e-28
1.745316476909921408e-24,1.384006318960308160e-03,5.226636655943543985e+00,-1.188150341404232026e-27
-3.851676065263884186e-25,-1.268174206798558046e-03,4.529424222249255116e+00,8.887309933692551339e-29
1.192266040782036056e-24,4.681005663894968749e-03,2.499013791730768652e-01,-5.407640333839662612e-27
1.969415551857771239e-24,3.430055171825784066e-03,5.611903023016984626e+00,-5.289491863183003631e-27
1.952950190080790892e-25,5.648451723316605042e-03,2.278979702355809600e+00,7.175263747898807727e-28
1.604704775299067437e-25,-3.007229457474004317e-02,2.687551754785844960e+00,-4.336784131668207852e-27
2.209042602511093169e-24,1.678899611782861973e-03,5.514413573354406850e+00,-2.665728053457415365e-27
1.910577673910121624e-24,1.559898677066817859e-03,1.484466245756099756e+00,-2.569707222074058688e-28
-1.923530698493074105e-25,2.514013132581581402e-03,2.267738490079514335e+00,-3.103971641960163919e-28
-1.238524757170122248e-24,4.152364157179497944e-02,4.290588490575059311e+00,-2.105484233709776883e-26
-1.225502449445551146e-24,8.153040230223949913e-02,5.048709881814203548e+00,3.297381773323946738e-26
-2.276243887121098136e-24,-6.880321802962909017e-02,1.196191748174242758e-01,-1.554937726451518985e-25
3.482704150749718958e-24,1.133257330565810676e-02,4.586518991830104142e+00,4.954729323958071706e-27
7.354579680049669956e-24,6.884304733177096236e-03,2.975603488525719431e+00,4.993526256068191117e-26
3.015528606174753172e-24,-3.158854047770004534e-03,5.922334526868142213e+00,8.912134453401287242e-27
-2.692931179862812365e-24,-3.938494562955368802e-03,6.920393362254717573e-01,-8.166123443896922010e-27
-1.785965246385979814e-24,-1.576640428641249043e-03,2.717900675686800049e+00,2.566842099781685250e-27
4.541759088114621627e-25,1.845292348574586625e-03,4.324605993423570105e+00,3.169117840867435157e-28
8.461157841341014563e-25,-2.519832886798348964e-02,3.135955066527687407e+00,-2.132036497846128958e-26
1.014282476251640280e-25,-6.279944398157487340e-02,4.843792066828641607e-01,5.636901188105948503e-27
4.039596472338953737e-25,-7.474554797238998349e-02,4.382611567841008693e+00,-9.777856761223777421e-27
7.023747846833953923e-24,-1.308561551895509947e-03,4.898763171058267418e-01,8.110061866530878853e-27
3.716164559468478108e-25,2.402549650748570312e-02,4.343732244079580695e+00,3.217415833113090964e-27
-2.500520817169175928e-25,3.234814720121054893e-02,2.214364473814004697e+00,-4.853666720336321387e-27
-2.618385244320816047e-25,5.411437975124118449e-02,2.782481986813115427e+00,-1.326537055911761534e-26
-3.683461152108630010e-25,-2.941398810617711079e-02,3.918116606404548063e-01,-1.001347437457779803e-26
6.799849464390578044e-25,-3.975076361862269446e-03,1.294822273128684698e+00,7.365228034289996535e-28
-5.217813675291604197e-25,2.282276237302890629e-02,1.620413723763798108e+00,-5.906259709594556568e-28
7.995541900814838073e-25,9.583433859289768389e-03,4.511177459552127011e+00,1.531395801800840339e-27
1.444993970419683122e-24,-4.223706397736590873e-02,4.719388375968549099e+00,4.271857424186996605e-28
2.134426763272949993e-25,-1.261007015586708239e-02,2.317804329496179427e+00,-1.828748686274963807e-27
5.888657676814958426e-24,-9.571250967845590027e-03,4.416972435860323287e+00,-1.640908886189440806e-26
1.233394488964296216e-25,4.702520485765472949e-03,1.331652477704350801e+00,-1.373866267286653376e-28
7.941781293162642576e-24,8.724269653547273018e-02,7.041462711040991085e-01,-5.280751497402578319e-25
6.384960167448834335e-25,-1.979565422765354379e-03,2.758343440898143761e+00,-1.172251187225839913e-27
3.883854140191542678e-24,-8.723290860386624657e-02,6.115503279150670046e+00,3.340479803738885212e-25
-1.621967214314078988e-25,3.528298880058780215e-03,2.432189984630401369e+00,-4.342169501030599793e-28
6.938160841389554449e-24,2.896740940565199068e-02,3.558708912376334688e+00,1.837486781720431086e-25
1.359353576416040245e-25,-6.114858083786137155e-02,2.222027901361919855e-01,8.107892182428517462e-27
1.940728407675255909e-25,-4.480748193055483775e-02,1.335698981133725427e+00,2.025606114744854838e-27
-2.438983927097504726e-25,5.044489451264810333e-03,2.585437159265560059e-01,1.189450376131453529e-27
3.100563097617712168e-25,7.391106447223942666e-02,4.121196631966015822e+00,1.277259453320751393e-26
-1.697621003288704128e-24,3.005845162881231117e-02,4.329902958187639150e+00,-1.904502577685028679e-26
-1.409574349517901596e-25,-1.638899530872947249e-03,2.654612439949083136e+00,2.041595769851089262e-28
-1.187207097326957710e-24,2.677616244100369976e-03,6.067289696213768124e+00,3.105086958545599047e-27
-1.120158607874035668e-25,2.004175179614900784e-02,5.853696527407836747e+00,2.041100896424149020e-27
4.203318393270723379e-25,-5.123192404042191568e-03,2.914366288138388938e+00,-2.098086635244665454e-27
4.954377645106017084e-24,-3.701650551197154665e-03,9.740761718283733606e-01,1.030549011512442090e-26
5.779036187852468802e-24,3.939376517684738815e-02,5.077670942364400197e+00,-8.132231954327381591e-26
-8.453460174367934705e-24,-7.820672066564290925e-02,5.349483394427694272e+00,-3.932738596085847544e-25
9.695059466573741972e-24,-6.669562989572676293e-02,5.853178104964924522e+00,5.877517627847147454e-25
1.285309281596327255e-24,9.750860892277821157e-02,3.659604824751119700e+00,1.088862408504453232e-25
-3.302773739025344202e-25,6.821149232806675289e-02,4.842867612572111291e+00,2.931181980749003265e-27
-1.111049295043244415e-24,2.553902871087821921e-02,4.777313251846035946e+00,1.840940037510466811e-27
2.675128902792618627e-24,-2.423800047436177208e-03,5.228456847815453834e+00,3.199609018945051551e-27
-3.185264122519203297e-25,6.521653839915927953e-02,1.211934352541807147e+00,7.295729845801038102e-27
3.424430348394666377e-24,-7.148542095552645574e-03,1.078282349066228329e+00,1.157503677926708616e-26
2.134964189292963127e-24,-2.120377871870000788e-03,7.013900292212610008e-03,4.526819473945999068e-27
1.283267197805649378e-24,1.583898483778756888e-02,3.829578991363278728e+00,1.570209735109972318e-26
-5.232970757139048168e-24,-8.267780865467216911e-02,1.284152527306937186e+00,-1.223252651816064834e-25
3.246580795711897088e-25,2.876979146887143762e-02,4.934513088735535402e-01,-8.226073177858063037e-27
-9.358074174525363661e-25,3.302398956428839565e-03,5.098940136062492634e+00,1.165072902311855442e-27
3.471183159584160180e-25,1.057197067240319387e-02,6.064014075946587923e+00,-3.581937415067204478e-27
-4.318633085510975301e-25,-3.077190164814984363e-02,1.546073597753836903e+00,-3.285131891960341163e-28
1.625269592532214022e-24,7.782210570603304532e-03,1.722781443368307075e+00,1.914944377363867417e-27
-9.823574565193154791e-25,-2.438176037231244708e-02,6.030250240784781113e+00,-2.318951441579082191e-26
1.623303483853140318e-24,-1.475533257520591232e-03,3.162595968776380051e+00,-2.394709980088593068e-27
-5.913649946535728999e-25,1.904290802408201188e-03,3.576666465937706541e+00,-1.021219363810582263e-27
-5.792041994094089519e-25,-4.140868732600153090e-03,1.305757941839949532e-01,-2.377991115154076067e-27
1.800285387627349727e-24,-6.936896524240375624e-03,8.449179214510565972e-01,8.289704063808985689e-27
-4.014833433633501057e-24,3.308053233636456571e-03,2.698496724615459197e+00,-1.199869133469824207e-26
6.007509105127116829e-24,5.626773358882489195e-02,4.592510638760566977e+00,4.042535975234087048e-26
1.964728933578285362e-25,5.565521575724544784e-03,1.649734694836843429e+00,8.622744691334760262e-29
-6.891026424328703572e-24,-1.659468920564623889e-02,6.273432844696095856e+00,-1.143490037072628287e-25
-8.240028832490519089e-24,-1.862332700838934679e-02,7.859391429193535172e-02,-1.529830439873147307e-25
9.930193940220285176e-25,4.461091272987530512e-03,4.782823980120978646e+00,-3.117656057182217465e-28
7.410128106539095557e-24,-8.828975436123554996e-03,4.578832621695799077e+00,-8.711816498704467578e-27
1.052522238026704269e-25,-1.950307080782888794e-02,4.572845585601193363e+00,-2.855178008613997011e-28
3.472018895539700853e-24,2.862100324723222070e-03,6.103791844209712103e+00,-9.777794149537319697e-27
-3.159380188913225912e-25,4.798832759783914007e-03,5.485801812324644366e+00,1.059142643862506428e-27
-2.065110798142240229e-24,-1.262852670626876672e-02,3.620170544759800713e+00,2.314931566968697839e-26
4.863179234243729885e-25,6.581079861691352395e-02,1.286395004180718837e+00,-8.980046698524097069e-27
-3.550429471826759677e-25,-1.744000148519495724e-02,3.265557187442036380e+00,6.144433940555787034e-27
5.595650611579111327e-25,2.425330646265875297e-03,1.138027974786172791e+00,-5.691608187185787736e-28
-1.313707909725308595e-25,-5.017474424252232890e-02,2.298223857745291809e+00,4.383018403748751580e-27
-5.709217472770979655e-24,2.328487293484784396e-03,2.742763108139246064e+00,-1.225048869558300252e-26
1.457469272316277220e-25,7.279058909318121551e-02,9.993848955762305586e-01,-5.737559754705611072e-27
-1.575193851893464763e-24,8.203505011785029374e-03,2.045602005791132605e+00,-5.907544863902439714e-27
-1.978127674871117223e-24,1.307709866154268099e-03,6.082032779096968156e+00,2.534658967780565164e-27
1.438318138816110819e-24,1.509466400753164050e-03,1.127023698849818123e+00,-9.321581244971537353e-28
-1.839399337389681693e-24,-4.641430670845347189e-02,3.273795547306774245e-01,-8.084005724336434665e-26
-6.847002778595038280e-24,5.396846728917839564e-03,1.801473254057365248e+00,-8.448629969952468017e-27
-4.093696916834681206e-24,1.896933199584339286e-02,3.236259973215055652e+00,-7.730698883440023432e-26
1.613856910208930776e-25,2.316339940369776997e-03,1.623687881247404707e+00,1.976292137513540038e-29
-1.430023189238283446e-25,6.133184526589885270e-03,3.153279485060347831e+00,-8.769997150809282860e-28
-1.220440108872196558e-24,-7.051541737673085175e-02,4.963638796439819423e+00,-2.139574462443443495e-26
-5.217715147751778604e-25,3.161499022439177159e-03,5.263637401594418286e+00,8.639694608553032897e-28
1.269287980547296609e-25,1.820745593500228262e-03,9.991208205276843612e-01,-1.250375154395308158e-28
3.408098437100369203e-24,-6.152798764072969079e-03,2.070822394624923124e+00,-1.005371867565224993e-26
2.658062297854406388e-25,-2.753003367393764070e-02,3.434098071908066707e+00,-7.006832977124226245e-27
-3.692082840194904108e-25,-3.561364865399254016e-03,6.047705631731883358e+00,-1.278597913709052296e-27
6.988769893644878677e-25,-4.431964304555906231e-02,5.290923335800370886e+00,1.693649076353389983e-26
2.237951595442457163e-25,2.699667150844625198e-03,3.326371810767047688e+00,5.938875226139333040e-28
-6.562837008189052676e-25,3.627752551453164442e-02,2.459576600635169918e-01,2.309182677230724738e-26
-1.219674339051547288e-25,-1.087180555198204559e-03,4.401634809558560235e+00,4.054619029160805840e-29
1.569521019985711582e-24,-1.761281430213648951e-03,1.255355797764406756e+00,8.576045911194522926e-28
2.781149132048321758e-25,-1.114086395909780680e-03,5.724347874606862341e+00,2.627081111807279973e-28
8.538227724352613981e-25,-1.202950796064189334e-03,6.199437855929490482e+00,1.023507012146724385e-27
2.048096114494686245e-25,-1.930653953330415751e-03,2.986270789654168034e+00,-3.906563794123996558e-28
2.914723090954339378e-25,-7.947146183798220118e-03,7.029978385250612583e-01,1.767178355009708778e-27
-2.814849773576803785e-25,6.261504591910151303e-03,4.110916359230952111e+00,-9.973344557107045988e-28
1.021160158848213229e-24,-7.334537252396351563e-03,4.418098520926807105e+00,-2.172479823720429915e-27
-1.123424165146696804e-24,-3.526397624581989985e-03,1.042937608115669823e+00,-1.995417494825799646e-27
2.507131811078750573e-24,9.368041263877427416e-03,4.990323204014452507e+00,-6.444098434411434516e-27
-1.234845689531296255e-24,1.329921560202020590e-03,3.297399735609335414e-01,1.553774380556106086e-27
-1.738925384218958957e-25,-3.877238492052481611e-02,4.259792739653760485e+00,2.948388920292193933e-27
-3.485313312404760091e-24,4.477000152365685250e-03,3.221108033970142781e+00,-1.555444534010335251e-26
-1.202822889660953144e-24,-2.231372848436661074e-02,4.365588042936929369e+00,9.122490594030962901e-27
-9.510146433619821652e-24,-1.429401959041950998e-02,4.878275439286370307e+00,-2.244702763066064962e-26
4.025974243565043321e-24,6.805854935044851513e-03,3.279871362720771177e+00,2.713865421933340230e-26
6.695463668271705203e-24,2.331398897388186828e-02,3.858613789148523932e-01,-1.446207992019311222e-25
5.049234746605308254e-24,-9.521136132936122709e-02,2.064017324646115981e+00,-2.276159099963278378e-25
-9.504845770615814296e-25,7.633654428904474570e-03,5.735174179553599316e+00,6.193167735133417217e-27
6.238324549749029530e-24,-4.438748599375887637e-03,5.011196494758181075e+00,8.151507886708169243e-27
-7.472883727999619967e-25,5.816146058382427181e-02,1.692720783233252702e+00,-5.286129735300011979e-27
4.210755774169164697e-24,2.387815199194659108e-02,2.272268170549202715e+00,6.488602634009688867e-26
1.028924536412022600e-25,-2.314131548270326796e-03,4.114831939288338125e-01,2.182315755411311738e-28
-1.364059533911550595e-24,2.753441752168163392e-03,5.705291469640884294e+00,3.145963474827629972e-27
-1.749207130655330330e-25,-5.354796088049722236e-03,1.514418591457511010e+00,-5.277906774355092361e-29
6.855997537490425414e-24,-2.113808351997861421e-03,1.289036131147157205e+00,4.029528812512678921e-27
-1.713340918487884725e-25,1.319026142564841408e-02,3.496475569168903785e+00,-2.119118136609429139e-27
-2.092425143262324027e-24,-8.227212176679118971e-02,1.401493096580498587e+00,-2.900622067770575260e-26
-6.802353124154268887e-25,-3.873657258065673487e-02,1.929166948200681519e-01,-2.586117165662399762e-26
-1.183519111674924158e-25,1.069507996669299098e-02,4.275625073149844191e+00,-5.354381467242404268e-28
1.049538248578510627e-24,4.117775787016470651e-02,6.530976326708013424e-01,-3.432367388906272119e-26
-3.204081079541078082e-24,1.363176925729966613e-02,7.916672425526819490e-01,3.069028766774549644e-26
-2.695714136321249425e-25,1.471872925707322886e-02,2.023333496639296847e+00,-1.734893015343845086e-27
-2.387627270406621358e-25,-2.929681211494373702e-02,2.414094881886263533e+00,5.224140998797079476e-27
2.376071524515152487e-25,1.535581321162406490e-02,4.492000143539514490e+00,7.976282182921496473e-28
-1.434428009143752852e-25,-3.032937862581252045e-02,5.512215050283738371e+00,-3.120352688882651959e-27
-9.578778122614739516e-25,7.283355315704514651e-03,8.835156567354194301e-01,4.426194522870023725e-27
3.251169562058445912e-25,-3.965364299727299618e-02,4.396234056251312694e+00,-4.008330252293846562e-27
3.635193270838240982e-24,1.553789517354921441e-02,5.783873248021922819e+00,-4.958733434699336171e-26
4.604239009378212097e-24,-2.474353120605922267e-03,4.704216696736463810e+00,-9.310181268901606701e-29
5.069387524969951476e-25,-5.521899548114319808e-03,4.065559405271061522e+00,-1.687003410660516034e-27
-2.573122531899685045e-25,-6.866274032128659444e-02,2.997384352025896259e+00,1.748437285418507489e-26
-2.207020549247552727e-24,4.136372086407462921e-03,5.209143089688265782e+00,4.350676170549387331e-27
-5.944482364636440954e-25,-4.704608399704791888e-02,5.005792157895895045e+00,-8.088226156994737034e-27
-5.693130577840720039e-25,1.598167104255995147e-02,4.703371685213030950e+00,-8.204341562938686893e-29
6.856322372218295679e-25,-1.229977669959733243e-03,5.238895913636638646e-01,7.302072559959226674e-28
1.682287982600486239e-24,-1.741171627527734328e-02,4.625680069377305914e-01,2.621325993773700753e-26
6.392691766236794261e-24,-3.669041569321976337e-02,4.284275117056816740e+00,-9.737496779379761409e-26
-2.077005662032954779e-24,-2.770155874910505689e-02,4.047212266195467478e+00,3.551129630972076202e-26
-1.990952662271764956e-24,1.370368431883293298e-03,2.299258654635865540e+00,-1.816317845413795742e-27
4.412591541129723061e-24,6.678289106361904974e-03,3.215149898558915087e+00,2.938887565238307058e-26
1.232618049150164555e-25,3.599462888529134097e-02,1.671043131208952204e+00,4.440267301897590670e-28
-2.213891154672317362e-25,3.163619163225004499e-02,4.252487198226577725e+00,-3.108755494666011313e-27
7.593492676190651538e-25,3.658548791086143476e-02,6.661860447720256984e-01,-2.184111654258548164e-26
-3.245956213906950065e-24,-5.373355432807913612e-02,6.149872369151357709e+00,-1.728691616759294200e-25
5.050741603141800150e-24,-2.498502533323338284e-02,4.069173881653373570e+00,-7.568686709432216189e-26
1.315665037820482838e-25,-5.589959859915234058e-02,6.072577186723068232e-01,6.039644432967440109e-27
4.516183923385676609e-24,1.516890189518768292e-02,6.136717752793162006e+00,-6.777204754771039769e-26
4.867446883153675186e-25,-1.194566876940864747e-02,6.686161808878253732e-01,4.562516096576060587e-27
6.484373676702395577e-25,3.263158188175410007e-02,9.834147595536774089e-01,-1.172626325514650496e-26
2.052785447013566520e-25,-2.662903450099231208e-03,5.275308175321677062e+00,2.917167599912180897e-28
2.103683768182537713e-24,-8.432435024381061683e-02,6.801589553561147028e-01,1.379172663964889665e-25
4.053765505476883000e-25,1.871019340555371037e-03,9.912531363700222142e-01,-4.153684151129895308e-28
-5.243343992907818913e-24,-8.663901409757013283e-02,5.293977740966638201e+00,-2.495586958681975566e-25
-1.245258121133503063e-24,1.002042910360759903e-02,3.796321061541604980e+00,-9.897732511403208674e-27
2.374838453823043679e-24,9.456704454469100352e-02,3.798323170215077038e+00,1.778668452707542040e-25
4.988803501090361473e-25,2.169982323019795448e-02,1.318745581753836049e+00,-2.699804881891378895e-27
-5.668151416167951035e-25,-9.757562114818261675e-03,1.936493811905859452e+00,1.977794581689741453e-27
8.355659654411633210e-25,-9.879932210502368264e-03,3.447786614150682549e+00,-7.871360758770705624e-27
2.498849707562079219e-25,7.051205736354712594e-02,6.157197670950774082e+00,-1.748024891998923234e-26
4.727607033592912232e-25,2.434109699590242953e-02,5.037229796125380687e+00,-3.672714399629497294e-27
-6.469214624833054782e-25,3.626300139350851007e-03,5.033248852866700318e+00,7.398660950415108155e-28
-5.009930561483380494e-25,-1.328349041826974762e-03,3.751638164386784879e+00,5.454531968264247199e-28
1.681237695260441560e-24,1.255777675363554773e-02,2.612742240917454772e+00,1.822836480691485204e-26
1.145887471373265746e-25,-4.593846605678238854e-02,2.304981215544198658e+00,-3.526807558823877213e-27
-1.309711897898309693e-24,-1.549272126761976585e-02,2.601735144573780190e+00,1.740525436979102196e-26
1.598239251608152176e-25,4.689964090656476708e-03,4.083427897925070660e+00,4.409748533055132276e-28
6.402715588345930315e-24,-1.890139648246560652e-02,3.057064277560545662e+00,-1.205881755623630099e-25
4.529848189288565922e-24,-6.932898714232758886e-02,4.328315467702977593e+00,-1.176745520848868828e-25
-3.736298331040147570e-24,3.796397705405927213e-03,3.360534645094936934e+00,-1.384585968549143343e-26
-5.171268758467859110e-25,2.335747650242171042e-02,4.501097162823066711e+00,-2.533199706706535037e-27
3.395316706309840320e-25,-2.593195533707502633e-03,1.913610015374691775e+00,-2.959604414994580281e-28
-5.555864753701190030e-24,9.534922521345389965e-03,3.954869936237704331e-01,4.888556976817669810e-26
7.540049778976058201e-24,-9.298826355529088428e-02,2.861363157615518737e+00,-6.737862110066405656e-25
5.649683032135340917e-24,6.336554617946982271e-02,5.050109236757833742e+00,-1.186170683724067061e-25
6.705968362874537847e-24,-1.671223469493911306e-03,3.027305435717266402e+00,-1.113405972682464377e-26
8.297063014657784709e-25,-3.223207341191153263e-02,2.658862967753505391e+00,-2.368724378682267245e-26
2.017319920927466578e-24,3.929016319098534160e-02,1.894799507015744844e+00,2.523379377036505061e-26
-5.395605219143080338e-25,-1.984681828162571798e-02,4.168461906053785526e+00,5.541682866972700292e-27
-5.242429814428520054e-24,8.753202437717989837e-02,1.176961188481271181e+00,1.760874807233076888e-25
3.716656885952356309e-24,4.506689372364583966e-03,1.206627458809949260e+00,-5.965829459311761642e-27
-3.129428280491564806e-25,-2.962389313257458336e-03,2.178320651332614322e+00,5.291988458103230800e-28
-1.356380643977528504e-25,-2.544360257919730996e-03,4.143225080815220451e+00,1.859905556184279760e-28
2.460206055641967913e-24,5.323309391414342805e-03,2.316487196509188440e+00,8.885664688056040301e-27
-4.142693817923501862e-24,-1.552694274150841647e-03,4.565599402377949367e+00,9.408128727309096677e-28
-9.297202692475907458e-25,-4.235115484524182294e-03,2.548006982787365260e+00,3.263930257894941717e-27
-8.499001545794011481e-24,-1.779634192944166927e-03,3.145333348644737903e+00,1.512500793556168485e-26
-1.186040337220749092e-25,1.210113564542151816e-03,4.945690574379531412e+00,3.318152742429453853e-29
1.362105172984912381e-24,-2.321149124136746150e-02,4.467691491777983970e+00,-7.659501090349706415e-27
1.319719294475608907e-24,5.883927313746339233e-02,4.963342293342591915e-01,-6.828145912086625679e-26
-7.227239578486103766e-24,2.616051338328665311e-03,2.421441013579657131e+00,-1.421237230199066330e-26
-3.470945616919817634e-24,-3.567585294219178388e-02,6.095176553878684622e+00,-1.216468753940136156e-25
6.928543929737836898e-24,3.941232371770927306e-02,2.783523913513825665e+00,2.557506627096140967e-25
-7.610677202506731222e-24,-1.871142231768243387e-03,3.954929002763718948e+00,9.784445646449315515e-27
7.929868794750195979e-25,3.680223377592902953e-03,2.410397366321235246e+00,2.172365978035001642e-27
-3.756248438039660524e-25,-2.126398216940870653e-02,1.572023881563446857e+00,9.804821165998620242e-30
-9.342449805874354743e-24,-1.272253825255203899e-03,5.172902678259744036e+00,-5.282223189820674895e-27
1.563744128699074682e-24,1.814592897258830370e-02,3.437287745533909700e+00,2.714408418944182696e-26
1.489472733703651537e-25,-2.292686266368911333e-02,1.688466843846974097e+00,-4.009056283769766785e-28
6.756190543482613420e-25,4.304050442629614621e-03,4.192621501089507596e+00,1.444290190458067320e-27
2.233272969804398390e-25,-1.898633086902226999e-02,2.994093189654186915e+00,-4.194124796418832404e-27
-5.540286826870308679e-24,-4.178202322471858896e-03,3.623064893080675031e+00,2.051678841589193379e-26
1.422576506907611746e-25,-6.725635957537734640e-03,1.207094384620332472e-01,9.498111701528014657e-28
-3.771489844927676732e-24,-2.296187568373761565e-03,3.740891026173776002e+00,7.150875200516012287e-27
1.567089381369066780e-24,-2.229309513049189742e-02,1.920312846853617028e+00,-1.196336051925658507e-26
-3.390024229162818403e-24,-1.597810810246665407e-03,1.796422772850563732e+00,1.211789246463159405e-27
-3.939550245209573964e-25,1.723186631051195836e-02,2.670904584331394105e+00,-6.050366060138833920e-27
-1.820923117070203581e-24,4.433413567567684455e-02,1.452993965413376554e+00,9.488092434904536170e-27
7.279008080009750588e-25,-1.825753066916794860e-03,1.013158049284383688e+00,7.032677934888788120e-28
-2.387343346878192143e-25,4.037193543234472021e-02,6.117243988002955213e+00,9.505770578018780436e-27
6.280945897254425568e-24,-2.999074999564364102e-02,1.424540604065639871e+00,2.745211621095904474e-26
2.465908190160776434e-24,-2.651583767232061281e-02,4.595750960181690381e+00,-7.609168928501671807e-27
7.827127808381901114e-24,2.599958903634867324e-03,5.100414422762240108e+00,-7.699733960820665082e-27
-2.107861661672636440e-24,8.378737257509238923e-02,1.302297277374022455e+00,4.685248797479184766e-26
3.130356562365079935e-25,-2.730445528495570665e-02,3.286080553291235606e+00,-8.458203585368655421e-27
-1.187132250684932640e-24,1.215521099570635163e-03,4.805709821417629257e+00,1.344651386656957528e-28
-1.521503563856727028e-24,-2.911950938137469400e-02,5.164279561677026287e+00,-1.934672789268552417e-26
1.992481545048172897e-24,-1.385603989241718280e-03,4.976083890829239742e+00,7.195986682091161523e-28
6.933880607362794250e-24,-4.175009373925886447e-02,1.427333307182669264e+00,4.138881667621324553e-26
6.689966180050784135e-25,-5.427675174510721706e-03,6.194535453329200969e+00,3.616837653310019144e-27
-1.450551285696632987e-25,8.326762080489638618e-02,4.145502505452227204e+00,-6.486196882511115889e-27
-2.341735805534326510e-25,9.217325868773422470e-02,4.492317923970865046e+00,-4.711883210691169018e-27
3.561899341760627388e-24,1.840760684110778408e-02,8.015218131772033905e-01,-4.560867171429487579e-26
-3.154391020755237042e-25,-3.798051098289426109e-02,2.174166107957956839e+00,6.798002574276566671e-27
-2.674710438046483829e-25,-7.860615860486318274e-02,5.221633970618917431e+00,-1.025000692746327504e-26
-1.965457661703532680e-25,-1.056272739800536049e-02,8.169422575779178297e-01,-1.420966440996734369e-27
-1.650119694363985592e-25,-5.902336852212659857e-02,2.649198011598872249e+00,8.582534905019398642e-27
-6.142297844980503553e-25,1.187893604567147408e-03,5.946391588455144372e+00,6.886478005180830971e-28
-4.158409334591222498e-25,-9.790056397795537935e-03,4.123683823985049290e-01,-3.729842426014573905e-27
8.791659552440128680e-24,-1.986385085681333443e-02,1.207972869499016388e+00,6.198106264145892609e-26
-1.514096574302397905e-25,1.424080497898715840e-03,9.063376389144399414e-02,2.147345452932844133e-28
3.791004691674459159e-25,2.251650955347252701e-03,4.852007925069836247e+00,-1.187921767220821157e-28
5.869600401927026318e-24,1.865915209870908304e-03,2.445603042973597319e+00,8.404914965671746052e-27
-2.938388763717613891e-25,1.237072448073802365e-02,1.435095588214576612e+00,4.917596393550647013e-28
-7.590202675285500354e-25,-4.330328841285512737e-02,5.832476134671281898e+00,-2.958581548198051250e-26
-2.825728976504987235e-25,-1.852951733507133755e-02,2.223624709918713194e+00,3.180496057378137270e-27
4.254856937162574978e-24,4.567038676125958346e-02,4.785021785599995248e+00,-1.410166999120823476e-26
1.643007483486591104e-24,-2.021742703511401548e-02,4.827599154818196681e+00,3.818520048070590798e-27
-3.852517353616391079e-25,-7.485643930921451195e-02,8.203799474277848613e-01,-1.966627350035982471e-26
2.893695880063898830e-25,-4.738133458239318641e-02,4.670076356086033442e+00,-5.799633354257700188e-28
-3.732883019096235501e-24,8.109145973088410786e-02,3.612643494799125943e+00,-2.697379091987886576e-25
1.311660253485064508e-24,3.161269478557608703e-02,5.473011791721326347e+00,-2.858492043144043333e-26
2.518665965938664775e-24,2.346772196756578832e-02,6.002200252873530317e+00,-5.678932460196630018e-26
-4.225653065761394931e-25,6.013745382780853743e-02,6.889669967759870506e-01,1.961560405117519224e-26
-1.468205227850466955e-25,-1.646138120703315730e-03,3.179940942179839136e-01,-2.295697676361502711e-28
2.349641527545758474e-24,-2.426413738060404640e-02,1.704479261585609695e+00,-7.598854169362333796e-27
-5.970490197652643147e-25,-2.628866632753927568e-02,5.452914195834470235e+00,-1.058945465862902391e-26
5.455902972113264863e-25,-1.800723953258710069e-02,5.540437310204632260e-01,8.354857541491429727e-27
-4.482912050392807424e-25,-2.020560336188493514e-03,1.636278364558745313e+00,5.927121300359792456e-29
2.510215917709364613e-25,-4.895445034754279667e-02,3.949725070085549739e+00,-8.489594653486599987e-27
6.205350859402012847e-25,-1.600520551919485876e-02,5.309582331899260765e+00,5.584883037267274543e-27
6.558767177376698190e-24,6.671673957231932794e-02,5.646251477591574641e+00,-3.517803123026938100e-25
4.973242234669228167e-24,-9.948071493380689079e-02,2.554489450397910311e+00,-4.118966302093738701e-25
1.955526691533650111e-24,1.655783518901108448e-02,1.656395288812295918e+00,2.768250029831443414e-27
1.254154610322152966e-25,5.627228206145032385e-02,2.465079735009870987e+00,5.503093806493499540e-27
2.395597607728917754e-24,1.963033724476670114e-02,4.130882801827516215e-01,-4.307078464510887386e-26
1.266040259642624865e-24,3.562158194195327952e-03,6.064722294929088875e+00,-4.402644615096842598e-27
3.132984045430096904e-24,7.016919636691065776e-02,2.909376955547409604e+00,2.139382475825467058e-25
-2.957660878298216268e-24,-8.506654962942776510e-02,5.997879826198760256e+00,-2.414273375595052341e-25
-4.262396465119096559e-25,-6.815913910760074135e-02,8.418919005864905492e-02,-2.894923003715326467e-26
2.604651960581101584e-25,2.534460660105712984e-02,5.386668548751059049e-01,-5.666587410868722378e-27
1.263048266079978686e-25,5.998090371012463999e-03,4.928086844370384023e-01,-6.674405329369320660e-28
-3.705111751476899413e-24,-2.247346983966579115e-02,4.917669843608073244e+00,-1.697326533309969262e-26
-2.895201134430326984e-25,5.233608664303394248e-02,1.199927191074180444e+00,5.491599663062471538e-27
-2.555713019017007843e-25,1.173922582172002866e-03,5.044093121383732559e-01,2.626563472255850068e-28
9.110694258969207732e-25,2.561587922212770711e-03,3.301707937800219206e+00,2.303932790755834362e-27
-2.200847375141237392e-25,-2.617513528531510703e-02,5.474610495925534615e+00,-3.977969038537782300e-27
1.079672387905812705e-24,1.264545375743274074e-02,2.358860060367446554e+00,9.679790917508012816e-27
-3.642732446151401740e-24,-4.034389211067634234e-02,9.806246585603473065e-01,-8.178489367217816982e-26
-1.089007587240429314e-25,1.330486551458232893e-02,5.765641026937307068e+00,1.259156007990671034e-27
4.891452959548659296e-24,3.212301105584662586e-02,4.341677357696863915e+00,5.692421572194332543e-26
-5.974270912071620179e-24,6.313101593424400547e-03,4.729986887394768580e+00,6.636915573214743970e-28
4.119767398881949386e-24,-2.043981883286129578e-02,3.279267404663281926e+00,-8.341051224022887865e-26
1.229735369352485851e-24,2.367216390899268275e-02,1.956357264534061835e-01,-2.855519379003265832e-26
1.498110759679287819e-25,6.611678965303842415e-02,4.646646286919700941e+00,6.507142013211649263e-28
-4.382512594762360048e-24,-3.411511739125307890e-02,4.911884799942071389e+00,-2.962915689135693051e-26
8.330817988077738894e-24,-1.277996000089676523e-03,1.171283324675627568e+00,4.141264397908924679e-27
3.793082659154288307e-24,-1.511797015052245355e-02,2.302596784710292041e-02,5.732850941132935419e-26
2.567695986845041592e-25,-5.040728196042621595e-02,5.090555379440553807e+00,4.778797484637244787e-27
-4.984994180404987895e-24,5.333008083550238969e-03,2.664153820400588124e+00,-2.361213722038130959e-26
8.164919599274772557e-25,-9.434422935706965330e-02,7.956463703835306434e-02,7.678760878742181653e-26
-8.720186110905336928e-25,1.437186988361804571e-02,4.131347365476457867e+00,-6.879046342038148909e-27
-1.951947446823036791e-24,-4.353656144177588116e-02,4.473866255618280441e+00,2.007826170177074536e-26
2.682894990951564794e-24,-2.317295625503717430e-03,5.118316272007564116e+00,2.454936197395118188e-27
3.697864014726309998e-25,-1.117075239321648579e-03,1.949059470580618569e+00,-1.525530331923467471e-28
1.757058888284424096e-24,3.047095125024157011e-02,7.414691383883164066e-01,-3.948397718649538556e-26
-2.685602233153752778e-25,3.558992289354642648e-03,1.213335862293122736e+00,3.344322547206531922e-28
-4.472729268617343897e-24,6.782331096829834899e-03,3.263723273999160401e+00,-3.010957118488423334e-26
-4.444137577294012146e-25,1.770260532202122712e-03,1.073415078687717017e+00,3.753682329598403463e-28
-1.806438627901270487e-24,1.286196675683239435e-02,5.691747320348892192e-01,1.957136548543073653e-26
-9.147945757306171694e-24,-4.557692245800774866e-02,1.524049887736676157e+00,-1.948313892795744500e-26
-1.500512959934718442e-25,-3.528051394484085085e-02,3.495830844766867784e+00,4.965194775423158788e-27
2.210219399946289858e-25,8.699165622004935428e-03,3.698216006082867047e+00,1.632462204807765356e-27
-1.338585086347475305e-24,-5.568855554861990714e-02,7.665974481474546742e-01,-5.369209676809753839e-26
7.057843807501397732e-24,-1.479918260372024494e-02,3.075973907902419757e+00,-1.042255278466895050e-25
-2.306239877416267189e-24,3.632094610117555210e-03,4.975443489193226654e+00,2.178146473375388282e-27
3.433544112515974192e-24,-1.002487664561960840e-02,8.729245956710369736e-01,2.211844426728621473e-26
-1.852907607959769695e-24,-1.710449944244065920e-02,2.863527541327987258e+00,3.047567472321472572e-26
-1.703714952583506030e-24,-2.277622979243663567e-03,7.106011976256529916e-01,-2.941241643729540321e-27
-2.792291016361936940e-25,-3.685179747116703458e-02,4.129591615454198283e+00,5.663273595514575502e-27
6.870232123668638722e-24,4.108855073861724522e-02,6.085669759262291478e+00,-2.767993966089223574e-25
1.220488647555055050e-24,2.962099577566211592e-03,4.333786571108915742e-01,-3.280990438655255136e-27
3.087469717535685058e-25,-1.008401345210305352e-03,4.082000799804173852e+00,-1.835224781073525822e-28
-2.025862754299192133e-25,-3.576537821302110381e-03,4.646126009527760559e+00,4.797620409662644924e-29
1.026522343691958762e-24,1.290928237247514600e-03,4.506688993427567347e+00,2.706685275849742039e-28
1.458880702431493203e-24,9.314426956790423581e-03,8.096030486895451350e-01,-9.373250515403034576e-27
2.951873559146807875e-24,4.487117640938673331e-03,3.588804757323427630e+00,1.194280110033579450e-26
-5.271822737631680144e-25,-2.259290347868634849e-02,2.438435615124723288e+00,9.085443372900167490e-27
2.691375736946972284e-25,6.272868658388093543e-02,7.562185747850971307e-01,-1.228104361602761765e-26
4.891112232965059055e-25,1.391608409601741494e-02,3.481283526393225802e+00,6.417573183586383540e-27
-2.265104451759315341e-24,-8.599155048684178904e-02,4.119575123215214241e+00,1.088229077109762724e-25
-1.054486623887486171e-25,7.592801634367472852e-02,1.400880320567957638e+00,1.353896983499810262e-27
-3.800015045009269639e-25,1.885898776587262814e-03,1.725736187400234378e+00,-1.105930473006210288e-28
5.849082543032589617e-24,-9.069033091525905560e-03,5.420443069322517182e+00,3.449851843712614073e-26
1.096556024025072796e-25,-6.518329278518739112e-03,3.335491558444335869e+00,-7.013768165690833893e-28
4.041645962501193134e-24,-5.281086804684953506e-02,3.558811309689337232e+00,-1.951336050179220997e-25
2.188387457924518941e-25,1.786674343100022599e-03,2.576950741631162778e+00,3.303036565342319838e-28
6.335091672124999374e-25,-3.169961675919500711e-03,4.535980493681642578e+00,-3.524288974758477069e-28
1.331397393292653550e-24,1.009291263437570897e-02,5.242820522907162939e+00,-6.798196765556992105e-27
-2.249959831316938967e-25,1.206443714559054560e-02,5.453774241519114829e-01,2.320668901852690429e-27
1.091684225218716431e-24,1.017950868618426943e-02,2.279750387697269787e+00,7.234885587244371971e-27
8.327860279162190410e-25,-2.546560330417607307e-02,5.125513138345685338e-01,1.848216678690005337e-26
2.923150851940615738e-25,-4.172370817146320993e-02,2.898666543391639205e+00,-1.183835991156662747e-26
-6.215662378396329946e-24,1.827282757743280400e-03,4.546713923086833087e-01,1.020388420913126900e-26
3.085737474341428305e-25,-2.290299700550671273e-03,5.511618129124525645e+00,5.065947568109942179e-28
2.692150404828910581e-25,3.950869635007981176e-03,4.495735829855660448e+00,2.286410300045255366e-28
-1.590694605456877478e-24,-3.520598837129578548e-03,1.447677023861455581e+00,-6.877518125057849008e-28
-2.673500284787242709e-24,-5.492882514466190802e-02,4.967242658061012506e+00,-3.702200736866262069e-26
-1.203066977369781913e-24,-1.473928087391743798e-03,1.421947403140031430e+00,-2.629704252331808920e-28
-4.925176445290536697e-25,-1.644544371703705096e-03,5.575062962432830282e+00,-6.152384356792487419e-28
-9.047231193411051768e-24,-1.180554700863709582e-02,2.776489005745340410e+00,9.976748380988723551e-26
2.281160372371475376e-25,-3.416189984342398421e-03,4.875079957726981661e+00,1.262245308643112475e-28
1.676913085287892173e-24,1.781898853987101683e-02,5.630471078953690700e+00,-2.373852609539340600e-26
4.765334859185213661e-24,-4.577506286192306248e-03,8.642421865233181899e-01,1.416159122892078900e-26
6.961290467139949748e-25,-1.738760520978078821e-03,4.583189915086426147e+00,-1.559480645065040686e-28
4.978599648309959264e-24,7.182375472403226303e-03,3.573105974310401223e+00,3.248035803769257785e-26
-1.116292359537547612e-25,2.224978604898555142e-03,3.298987618600382365e+00,-2.453025179296319588e-28
-5.571068191076785096e-24,8.747542378706175958e-02,2.639575665305325280e+00,-4.272015538506557005e-25
-2.304034329566052880e-25,-1.066471212562973558e-02,1.180172676711076951e+00,-9.356109309245266409e-28
6.319804658967452549e-25,-6.019962013963321180e-03,3.523411394230817062e-01,3.570778047028954827e-27
-7.653270700242962571e-25,1.238378202299586332e-02,2.522431374410010196e+00,-7.718265946538273769e-27
-5.398581560353192363e-25,-1.338353186149927702e-02,1.172573512940031204e+00,-2.801797487657964021e-27
1.767152181390569971e-25,6.382170687589214242e-02,4.341749769244661827e+00,4.085115834587710130e-27
2.619507485298562188e-25,-1.347300592199266595e-02,2.819842745980885912e+00,-3.348154519979177950e-27
2.979394867749861264e-25,-3.733529846990817080e-02,5.335076211817685987e+00,6.487542344614556315e-27
-3.908246690566742218e-25,-1.017212603822353206e-02,4.097482544095949031e+00,2.293405050355067252e-27
-5.982798940260710459e-25,4.898001998381375927e-02,1.617583317391685593e+00,-1.370534648502631916e-27
1.698719182061200070e-24,2.159360044430522554e-03,5.834965403692137897e+00,-3.305806672476574452e-27
3.498636415703773932e-25,-1.490371615651357468e-03,5.846470576433115518e+00,4.724889002860058800e-28
-4.395794418147058325e-24,5.279216990062256774e-03,3.970519940817015758e+00,-1.567976569921713275e-26
1.065862207099668836e-24,9.144581339571848655e-03,3.880457762004732025e+00,7.205206440352219782e-27
2.868799933091504450e-25,-5.555174677476204526e-02,7.863478332686807404e-01,1.125823100072268258e-26
1.641690492337030236e-24,1.380629203856337597e-03,1.672939280215691493e+00,2.311113678614379979e-28
-1.317450800630336549e-25,-6.187344910756773821e-03,2.299614690363093947e-02,-8.149367246068665528e-28
-2.519417344620558186e-24,2.717906654067745245e-03,4.066738117444756995e+00,-4.120291620479181707e-27
-1.082251738761062839e-25,-1.758013914422481422e-03,1.241857245271209553e+00,-6.146187278317979273e-29
-7.585864728998276662e-24,7.529114930514588071e-03,2.167695047840678235e+00,-3.210312291349575753e-26
5.183870664183976707e-25,4.873241326080467867e-02,3.582406881495198148e-02,-2.524604415164217853e-26
7.355840744428098949e-24,-1.638568061242951651e-02,3.057410520098388318e+00,-1.201036317533691196e-25
-1.293035463334805255e-24,3.627612489651216299e-02,1.426236908455770447e+00,6.757157714210232364e-27
-3.496100528463922227e-24,8.043645866481010515e-03,5.803850010867041220e+00,2.495216044780414240e-26
6.467733433880308161e-25,8.962613813577949284e-02,9.246078156716229790e-01,-3.490517869918808336e-26
7.124413083695415726e-25,-3.163033739860360467e-03,3.726318914269640015e+00,-1.879090651841387090e-27
-3.691027165096160504e-24,6.595455413916394283e-02,5.601030425179454042e+00,1.889620479382190423e-25
5.572586283229179883e-24,-2.527158297302335016e-02,4.464392635429643263e+00,-3.456795510118372086e-26
-9.072807420272486806e-24,2.445235839782593582e-02,4.987578078057461006e+00,6.028348000595128231e-26
6.548568423185721909e-24,-1.021468977820206301e-03,3.042210591977033918e+00,-6.656152947665210627e-27
5.301101149530267027e-24,4.063634928093969728e-02,1.869512871784150931e+00,6.339601154537179970e-26
-9.480712835041178388e-24,-9.943881876543970988e-02,2.727162798144308731e+00,8.629432974455000501e-25
-3.902443629209720966e-24,-2.775846082723751676e-02,5.504363344962002635e+00,-7.709999145567194047e-26
2.846608633750234394e-25,-5.618349029149488638e-02,2.653350600677981230e+00,-1.412457188391705507e-26
5.447993174752259383e-24,3.823389409329373823e-02,1.813216549329801364e+00,5.000251296422712580e-26
2.240866817888643617e-25,-4.061330567132790531e-03,4.270091843867305670e+00,-3.895337367497742568e-28
-1.985280545328042094e-24,1.263461807460442878e-02,5.301529548450639950e+00,1.393743096889453804e-26
-8.044554616996277459e-25,-1.518790970234400704e-02,3.026925831808215506e+00,1.213776084075265866e-26
-3.025775456824080623e-24,-3.873115497180198378e-03,9.968645097061697991e-01,-6.362787780343311806e-27
2.304313912705928496e-24,-3.072111441732470680e-03,4.878941450565055682e+00,1.173599613567469490e-27
-1.671296354788765514e-25,1.517166353970830208e-03,4.023407972228380203e+00,-1.612032125414890293e-28
1.693950374551099115e-24,3.276813283606896596e-03,4.473170992609099450e+00,1.315213264680702416e-27
-5.466580424482175704e-24,1.709299438369849379e-03,3.833402319180807094e+00,-7.195765030654260765e-27
2.865510351853523849e-25,1.101565573659349026e-02,1.225614864925931302e+00,-1.068072918399269529e-27
5.324989185499617960e-24,1.257589099181248646e-03,2.054171473590967967e+00,3.112403114832494706e-27
-2.719749776685739483e-24,-5.862838547452623589e-02,3.359094311547296208e+00,1.556977280486215063e-25
-6.340229222358261409e-24,4.425616409673440582e-02,4.164337387423446835e+00,-1.461966545772162568e-25
1.675416726135675422e-24,-2.274823365324670724e-03,4.639805563618470408e-01,3.408342201622417315e-27
-1.111518191656434630e-25,-2.272178713174932349e-02,2.535891791566917242e+00,2.076277695191233807e-27
-1.528787022766961728e-24,-1.863915759676445724e-02,2.539833645223385172e+00,2.348984959165126596e-26
5.400202498030366997e-25,-1.334000575098307807e-02,1.256444660034939043e+00,2.227437412566475536e-27
1.396735457832971702e-24,-2.332894333798622277e-03,2.526034097280894564e+00,-2.660353704267849407e-27
2.375735140056370510e-24,-2.133485730124189475e-03,1.515409018670055286e+00,2.805924287835815021e-28
4.141263172615122251e-24,1.628483177078018582e-02,4.451175898870854297e+00,1.741650187440069352e-26
-2.799558271983326508e-24,9.125021388868151395e-02,5.742413705046659267e+00,2.190091009644724400e-25
-5.663606220962163932e-24,2.051150901366960433e-02,5.993471876585999780e+00,1.113278531555338961e-25
-1.965119364344769241e-25,5.310531223162120139e-03,3.601752326123385028e+00,-9.350309634985523650e-28
-5.794969667080524793e-25,1.771421547377216923e-02,8.593385895753399284e-01,6.702632594462962665e-27
-1.556947992941084648e-25,6.519870992624180427e-03,4.238488358590125848e+00,-4.632561117119223357e-28
-7.750556455085067345e-25,6.244352525636063210e-03,4.094655947465638768e+00,-2.803111205448990769e-27
-6.255069116682926375e-24,5.930574516340797464e-03,4.365099260793620317e+00,-1.262569764612719489e-26
4.197029703987523778e-25,5.652494289094581181e-02,4.684876023209593399e+00,6.526264259375138804e-28
9.038475640966007349e-25,-3.204652737430803162e-03,2.679553364209395383e+00,-2.592804078846092655e-27
-2.152005169735686904e-25,-1.968051779130962353e-02,2.197207748186781995e+00,2.482882924990786887e-27
-2.160940559839296271e-25,-1.092075165023499023e-02,4.977435167885166045e+00,-6.181873676913293558e-28
-7.247517595340330629e-24,-2.043366415837190656e-03,5.568670159303449552e+00,-1.118713428935645811e-26
-7.453423353312403939e-24,2.997456374010475100e-02,4.813397145999732452e+00,2.252819523008077455e-26
-6.762739143908879204e-24,-9.194280208487053130e-02,4.265903254868345762e+00,2.684858713841979264e-25
-5.291533274801047806e-24,-6.804141752398588927e-02,4.402628945300657293e+00,1.097520735807401775e-25
1.138608099703562823e-24,-1.226675875327042260e-02,4.328909904992539026e+00,-5.225752203856682931e-27
-1.281153511897242367e-25,5.307600262347194307e-03,3.505566033129471126e+00,-6.354390593468932800e-28
6.804456253463691131e-24,1.407380126003763806e-03,9.706032022225203892e-01,-5.408800399508828527e-27
-1.487835885693743290e-25,3.674114333953609757e-02,4.353462906178218184e-01,4.956588158711336693e-27
1.458204576302001082e-25,-2.034475176371509236e-02,1.679178579440241403e+00,-3.209064429822157468e-28
2.448252712275734805e-25,-3.951945361937383994e-02,1.982188152662216263e+00,-3.869035719233420395e-27
2.498270797983334097e-24,-7.690156410498471228e-03,4.685702303637728328e+00,-5.126460663289571268e-28
-5.713555721124824679e-24,-3.037245740186590021e-02,3.720600671413034632e+00,1.452495854748508366e-25
-3.442506028046140843e-25,-4.976272096343338502e-02,2.809360028748993710e+00,1.619407237293320490e-26
-8.390572955409732090e-25,-5.871553274444434034e-03,4.792682819367041880e+00,-3.951482740628413498e-28
-4.946128007405059664e-25,1.639542009133756160e-03,2.644275812173870754e+00,-7.127060634648064495e-28
-3.592032990279075047e-24,-4.334008676006251282e-03,2.462901231615513886e+00,1.211797528262304779e-26
-8.096243120977409979e-24,3.122612308622955187e-03,5.941388688481783475e+00,2.381899879263993661e-26
-4.996679636388118502e-25,-4.776295713589274322e-03,6.070726699927774916e+00,-2.332901153331616872e-27
9.147556909880180935e-25,-2.718786980273255743e-03,5.589683186307587093e+00,1.912552881515731813e-27
-7.670683310344483729e-24,-8.411880828252189801e-02,4.746865712604355636e+00,-2.224166113071923597e-26
2.175978223031112939e-25,-8.485556439607712387e-02,3.980463188007265618e+00,-1.233981285720821757e-26
-4.098488156525507744e-24,-1.683371368300478829e-02,5.522808824278000017e+00,-4.999055063884111990e-26
6.295556713401897011e-24,-1.762810435558345712e-02,5.170011172853106185e-01,9.647440550843626853e-26
1.086887843447668522e-24,3.111942745378538586e-02,3.675657735506936863e+00,2.911325699034097184e-26
-4.428889236092422475e-25,8.534490110709447297e-02,4.507676271610584706e+00,-7.683862836962075072e-27
1.304250192333842226e-25,1.559669883642384250e-02,1.027086750926472281e+00,-1.052320378061976118e-27
-4.329483931693465921e-24,2.882948711443987164e-02,3.024572609172060389e+00,-1.239631746554343719e-25
3.846360576634327069e-25,6.534139294917249915e-03,1.580619530492505254e+00,2.468792267563149301e-29
2.261771160597909073e-25,8.376393805588841501e-02,5.112445529830716318e+00,-7.378706501812826801e-27
-8.710913162255752600e-25,-2.346406364100703940e-02,2.499240594955675299e+00,1.636555436474124779e-26
-3.304496926724856873e-25,-1.669317707857791502e-03,6.141460694087081951e-01,-4.508246922112170211e-28
2.784805697609664542e-25,2.657573874967181574e-02,5.281176537947037675e-01,-6.392516977021614171e-27
8.598432481127510668e-25,2.478517217665580571e-02,4.394346928408842778e+00,6.664221009985169291e-27
9.190100390896148265e-25,1.680942848029727196e-02,5.552595097356316067e+00,-1.150539690656081735e-26
1.067948884660528464e-25,1.676722486257348254e-03,1.729682135851477787e+00,2.833139456573872677e-29
-1.801694154121393861e-24,-7.116127080851190195e-03,2.015432077940305433e+00,5.514721266692465676e-27
-4.484896760050624601e-24,-1.484870164623605659e-03,2.670939976925316817e+00,5.935419824368066433e-27
2.789876587337462757e-24,3.542289277044005473e-03,5.821690979396843879e+00,-8.848717529777394738e-27
1.879625154216708271e-25,-5.538543531970274193e-03,4.844332738603187138e+00,1.369603393206953619e-28
2.100667303175051044e-24,-4.996723988099404171e-03,3.964920289311508750e+00,-7.135326663552104253e-27
1.024019603617899560e-24,-6.559626089521594650e-02,4.597766099502908155e+00,-7.682583136205152547e-27
-7.897317863459998457e-24,1.213168255324146520e-03,9.888631952603174069e-01,5.265976436146613070e-27
4.062034788190905472e-24,-1.961960983552263685e-02,2.428365166497971295e+00,-6.027008069140562378e-26
9.298864190421801568e-25,-2.166005341957900204e-02,1.117121855762700955e+00,8.827392099894428894e-27
-9.657750479264187358e-24,-1.621647388852160213e-02,3.457667503697812617e+00,1.488564104869396119e-25
-7.635021068904093397e-24,8.594645123411823878e-03,5.676426754274742636e-01,5.532911290290561331e-26
-4.671500884233354502e-25,-1.153724850546892534e-03,4.387287542074221669e+00,1.721473230518933194e-28
2.582216169505556478e-25,3.209485468924806739e-02,5.690117773359881781e-01,-6.981742291404524121e-27
-2.209660009931940646e-25,2.128719998225563070e-02,5.137579039481740217e+00,1.940267251183241347e-27
1.028682526062488957e-25,3.426022336842816235e-02,2.572950899112467660e+00,2.969683008440413529e-27
1.698701474408210590e-24,6.042720812970396593e-02,3.292079854302299990e-01,-9.713546725217393936e-26
-2.885299955088949420e-25,-4.337114608613064359e-02,4.600643238424014569e+00,1.395463968439176573e-27
-1.591310192595019158e-24,-2.598381629987389987e-02,9.516293029908170498e-01,-2.399678287536860524e-26
-1.114300422352590242e-24,3.417102088303374582e-03,6.113022019010172947e+00,3.752684491031626143e-27
2.310470397880048218e-24,2.073617676810667054e-02,3.591980221107388349e+00,4.313263125631745697e-26
1.354835401052345631e-25,1.608712775735897035e-02,4.181195290954982657e-01,-1.991782511545735751e-27
-1.373892005698156419e-25,8.203132016936294513e-02,9.655907872571062311e-01,6.411977475425097603e-27
2.897400601175334170e-24,5.243886218093305254e-03,3.543244494166392755e+00,1.398447581152464166e-26
5.769306175377489398e-24,1.911531931929955075e-02,5.743550642163398834e+00,-9.461064830799647831e-26
-6.811772158101779260e-24,-5.611499589770033852e-03,2.186788690909866606e+00,2.208478194129321291e-26
3.029940763499733509e-24,-3.043126639798590660e-02,1.888660983455743292e+00,-2.881762895220799730e-26
5.733701325106240516e-25,2.580131656491193096e-02,2.629983551089594140e+00,1.289948660628666270e-26
9.882794163280992949e-25,-1.597907332787177346e-03,5.836489605750916354e-01,1.317757490203347033e-27
-6.552397469235217489e-25,-1.576885108039596112e-02,3.265812656697177463e+00,1.025276300257574050e-26
-1.233696165254613867e-24,-1.716679261068336862e-02,1.812007909751800261e+00,5.059130801120181119e-27
2.722283002036068995e-24,5.166969631215713801e-03,1.054566379512767993e+00,-6.943023484493474148e-27
-4.135333284927066240e-25,3.241047941812581767e-02,2.031912551591032123e+00,-5.963555382068594473e-27
5.928104041370307808e-24,-6.227322067606446028e-03,5.111173656511613927e+00,1.433451636506925798e-26
-3.310217192149975134e-24,-1.893064398223515219e-03,4.823594125514128805e+00,-6.954265492306541253e-28
-1.389898893864737262e-25,6.572850465894881575e-03,4.603501610734074490e+00,-9.927866524760492189e-29
-1.254306695416055544e-25,-3.784184012194640595e-02,2.894308080704048880e+00,4.602141095822143541e-27
4.547891002899595590e-25,-6.576463296543370862e-03,3.024538941173200879e+00,-2.970437169078920808e-27
1.049451552731065594e-24,9.118586288271600740e-03,1.597517027001176926e+00,2.556737015876986039e-28
1.990749193604044990e-24,-6.373618756415080910e-03,4.882806929811930097e+00,2.151858832305959873e-27
-3.243721772398783952e-25,1.321487779951869071e-02,8.729203801817346786e-01,2.754494049596607283e-27
9.611492415477095111e-24,2.880915570749071654e-03,2.617795604790357888e+00,2.397740967921942747e-26
2.880206284068407325e-24,-5.555929522301704740e-03,2.031864418935933614e+00,-7.119467801698640153e-27
1.937176149213081684e-24,-8.704798474734541658e-02,5.804119422155413766e+00,1.496442140316329921e-25
-1.480542051771610085e-25,8.288975683118959825e-02,6.037988926453317085e+00,1.190511223446808120e-26
-1.464167823283649004e-25,1.756731975812686822e-02,2.507991389650773506e+00,-2.072897596468515669e-27
-2.858520246543216425e-24,-9.639770539824495110e-02,3.866635466982119684e+00,2.062447794953967903e-25
-2.211817260447929472e-24,5.814463832140845390e-02,6.239059997269228441e-01,1.043764245405120406e-25
-5.726373033552089810e-25,-1.789893590478501897e-02,3.429970059496983747e+00,9.826357605504242184e-27
6.598574899182323876e-25,-1.645862703889404421e-02,2.196869598466560269e+00,-6.363809197344665683e-27
2.938541518673960048e-25,1.226718445690785616e-03,5.947613921785644964e-01,-2.985761159425669702e-28
1.036563860186338149e-24,-5.852472776717214040e-03,4.722531504852200968e+00,6.152818204300574614e-29
6.962500916498591361e-24,-8.623774231014842695e-02,5.125342864209935456e+00,2.409627026181831963e-25
1.022362012796571859e-24,-5.530643832499494011e-02,2.128921301274882438e+00,-2.994508959391325155e-26
-3.196175687843225244e-25,-1.030886674022811825e-02,6.063974746477589051e+00,-3.216046191877254032e-27
-1.633418223378033917e-25,-5.678353404641239138e-02,3.610092272258120794e+00,8.275701305765086809e-27
3.541489671001405492e-25,-4.500147418056869159e-02,5.500089600189443928e+00,1.129523751912589256e-26
-7.908546113634078621e-25,-1.849688619569239342e-02,3.708271042565504327e+00,1.234177279174722158e-26
2.974535356282775992e-25,-3.363983943511178985e-03,1.828403155879259501e+00,-2.549273090777337471e-28
-1.778835754742000011e-24,-3.441608198786599848e-02,3.088152720609633306e+00,6.113316033746616158e-26
-9.712185034738080542e-24,1.561777061433751402e-03,1.204048096484396368e-01,1.505845096833467589e-26
4.102062059770005154e-24,5.720297522227153937e-03,1.142176235737714984e+00,-9.752438576872550768e-27
2.714753296350037874e-25,-7.001936551847053568e-03,4.649734916777811478e+00,-1.190182628641645877e-28
-3.730336150789511400e-24,-2.082875426472343902e-02,5.722544868985528943e+00,-6.580379785574515787e-26
9.675482102621693021e-25,1.181929192298126824e-03,2.186775082450282071e+00,6.607083432636555818e-28
-2.599416565565966496e-25,-2.198384195105599487e-03,1.846431698418517620e+00,1.555253495774486877e-28
1.955844426083964382e-24,-8.211711772712300406e-02,6.184634652337479110e+00,1.598290054940262492e-25
3.546849503556231498e-25,-2.765980861356813481e-02,2.596272736748109988e+00,-8.387614035589544602e-27
-1.225387741981160238e-24,-7.783771904069446135e-02,2.020162799556934008e+00,4.143319646858141925e-26
-2.086594895646259048e-24,-2.216977740263239346e-03,3.679840664792854543e+00,3.971864893197439804e-27
-3.851663384524699528e-24,9.029464285013567501e-03,5.023721347392194225e+00,1.065358814776936548e-26
3.741660565709183319e-24,3.671446596448290148e-03,2.245400017844047247e-02,-1.373384404223817958e-26
-1.863735910072850101e-25,2.386757449202641518e-02,4.359376060106937345e+00,-1.537890208475250965e-27
-5.836507329975776375e-24,3.371060391750573763e-03,9.269815981741281741e-01,1.181006706205611242e-26
-4.536671006445468949e-24,1.306755959308693663e-02,2.695129355822269090e+00,-5.347226643902555000e-26
7.429118510621956572e-24,2.600710005362779145e-02,5.060021259145170092e+00,-6.582130920829174321e-26
9.641184434527375482e-25,6.814460054763431252e-02,5.827092886506685332e+00,-5.898369401095385938e-26
8.597424190108521159e-24,-1.583782412612050328e-02,3.731800812870980089e+00,-1.131288437743924708e-25
-5.766096668161447335e-25,-1.944454709355471472e-03,4.838829449829625678e-02,-1.119879044280431506e-27
-1.036875092964428056e-24,-1.982354880340242952e-03,4.369596252333116659e+00,6.908765493680285632e-28
-4.347950218095276371e-25,1.144273151714174548e-03,5.975332812351812350e-01,4.113162081708035711e-28
-4.545643957874868655e-24,-7.021202685896174578e-02,4.391060437575563524e-01,-2.888809347098716676e-25
3.543043262435597642e-25,2.113621772104643231e-03,3.205357214179470393e+00,7.473434406903632600e-28
-4.396967236707502496e-24,-2.930860299352108095e-02,3.982700228933224729e+00,8.590890774870742889e-26
1.936938897995700316e-25,-1.394062375314098759e-03,5.346692439431661725e+00,1.600191440957638683e-28
1.266055088321513948e-24,7.463031064944948036e-03,4.572055094676133358e+00,1.321612068375623169e-27
3.264916826476364068e-25,7.370885936596963117e-02,3.376491092077646528e+00,2.340444706097573820e-26
2.824195698115419102e-24,1.523963299294623513e-03,3.518502496303713478e+00,4.001859414017508958e-27
-1.295976952296618500e-24,8.834180999168536608e-03,1.057355278801411114e+00,5.623439682108209018e-27
2.202276486818123500e-24,5.041036038066526968e-03,1.618931619922839182e+00,5.341798988779100342e-28
2.411850861713424762e-25,-2.910385254748623380e-03,5.237327640886705993e+00,3.517849588816716617e-28
-1.056554461750736238e-25,4.644115256333593983e-03,1.828705973183544664e+00,-1.251517867235276128e-28
5.904837544047801680e-25,9.430764263633364952e-02,3.187957884996202029e-01,-5.288125318818481786e-26
-8.219955454041146535e-25,6.285284440342252602e-03,4.586581484901128825e+00,-6.482681391814786621e-28
1.272479677188363388e-24,-2.228098156510146394e-03,1.325623061249657342e+00,6.881745900975048052e-28
2.087079822146861492e-25,1.771728075599215621e-02,2.348146770352195212e+00,2.593568774973708499e-27
-2.679638047741036201e-24,2.646354581514082181e-03,4.995776952907156954e+00,1.982791290317373773e-27
4.257829278487373179e-24,-2.782649792374409896e-03,4.958583351720093901e+00,2.887545249836074364e-27
2.572743161635833535e-25,3.662926701932858048e-02,2.133321696879381335e+00,5.025923778812505696e-27
-9.000820397352595751e-25,-3.091722818353032434e-02,3.930647053178612627e+00,1.960532049322760552e-26
-1.121688945150679859e-25,3.062894651183285105e-02,3.724299250033198394e+00,-2.868657188105461269e-27
-1.215898356506200790e-25,-4.283803106193719706e-02,3.847824103424442477e+00,3.962822963820718976e-27
4.487723978868147915e-25,3.032258285386621802e-02,3.294967196972499845e+00,1.344819685698625090e-26
-1.105697386851610678e-24,-1.791267358409473487e-02,4.215103951518966774e+00,9.448275549710343018e-27
5.602873491439102506e-24,1.860891229468818447e-03,4.802268190759194866e+00,-9.358498422641426396e-28
1.315418106017988865e-25,-5.473703882946472782e-03,1.591130269290353283e+00,-1.463985506827293833e-29
-1.083950206774311292e-24,1.140457167947352309e-02,2.827829038545595530e+00,-1.175845956961515171e-26
5.349132819896172904e-25,-2.720889503721400735e-03,1.580498978589894854e-01,1.437299466078846664e-27
-1.177896729842457151e-25,8.834040384537243662e-02,4.126665598730623330e+00,-5.752232891742696647e-27
-3.719480803718164355e-24,-2.626432591170554508e-03,2.681677099695840560e+00,8.753872232977420740e-27
8.301428922750252957e-25,-3.588830791066265329e-03,5.761639433758718454e+00,2.583152186495443571e-27
2.229742629888622405e-24,-2.910075074223906696e-02,4.793582939102037699e+00,5.262660616188914069e-27
-6.980950689716325172e-24,-8.092973700900214784e-02,2.836004418463719645e+00,5.387916869603093624e-25
-1.796016451913647860e-25,-1.557352343582616566e-02,5.394114425906430199e+00,-1.762503264830318115e-27
-2.758193011072546928e-24,-6.026847151745110508e-03,1.903902589804857381e+00,5.435458391026291658e-27
5.832388607698438588e-24,-4.687384891717113512e-03,4.809179942215880743e+00,2.642004473245697468e-27
-1.166427125223514618e-25,6.973970424269987541e-03,1.374242774222392161e+00,1.588614887857252589e-28
-1.131293027195106981e-25,5.194345996598542792e-03,6.150473913417334515e+00,5.824655450353937676e-28
1.854638849922349847e-24,-4.959155452613018059e-03,6.116945368217169943e+00,9.070645820041541081e-27
1.878432105557570600e-24,4.942354799391332140e-03,2.247089817602899497e+00,5.810840758692765968e-27
-1.701591022618066706e-24,-8.121909319920343762e-02,5.694810164193113700e+00,-1.149621813614970786e-25
9.492357570107634683e-24,-7.871597523132922714e-02,3.904990543414091242e+00,-5.398453716183065499e-25
-3.069907490621955323e-25,5.266980230028247417e-02,1.419577018615962194e+00,2.435778379408691167e-27
3.809223251393550884e-24,1.820270324921421240e-02,2.561356383984795926e+00,5.798980181375328358e-26
-8.406345389362898087e-25,4.136276066883295272e-03,3.913097966036415132e-01,3.214263831279042500e-27
-1.229104152160653483e-25,-1.405622505503316064e-02,2.501125813450730373e+00,1.385264103321949753e-27
1.563243996890089473e-24,-5.472862529694528383e-02,1.518704641204129846e+00,4.454646939980192013e-27
-6.649206384934548999e-24,1.797257553382658512e-03,5.371461328081138520e-01,1.026739995052651029e-26
-4.049338885334734974e-24,9.894562298245708487e-03,2.939339647981245474e+00,-3.924974117847335171e-26
3.760286607232591447e-24,-2.306887897015854477e-02,2.950295862008760039e+00,-8.516322673529306288e-26
9.279283892956760062e-24,4.720838718242627470e-03,5.597355791531775537e+00,-3.390120125997622898e-26
-1.971805938557230732e-25,-1.593435376822343761e-03,2.636118873080968150e+00,2.749029859798050644e-28
-4.833542611287967665e-24,-2.998936302442072391e-02,7.898503471773656859e-01,-1.020412105356005930e-25
-7.705605159187218431e-24,-5.031660336942691061e-03,9.199743553226266135e-01,-2.348964280873299757e-26
2.208162014501472631e-24,-2.770563493650508163e-02,5.367685646182401626e+00,3.728185928619532935e-26
-4.788064846156955221e-25,1.045074863454859698e-02,7.936777273040245273e-01,3.508865502928839067e-27
-6.292798832709444638e-24,6.013907236851012521e-03,6.015543777949003079e+00,3.649694863961375406e-26
-6.552416244082135422e-25,5.434273941148484548e-03,3.603754460906151369e+00,-3.187205293066709434e-27
1.978168128598865988e-24,1.986670641107330174e-02,4.936879091012105647e+00,-8.748475309214927184e-27
2.369709677942218207e-25,4.500162477669004957e-02,4.565237043721250387e+00,1.563582637491502667e-27
-8.853803366153495248e-25,-2.060776180340389424e-02,5.274111993772138796e+00,-9.718489039023576077e-27
-1.291532813501415181e-25,6.934741716937713532e-03,4.696953915783130817e+00,-1.382378408836631773e-29
-3.490869470653169998e-25,2.690807567876193039e-03,1.874652365756360295e+00,-2.810479841354952750e-28
4.497856892790300613e-25,-7.963633377744612843e-03,3.015381880025105321e+00,-3.553437623945712227e-27
-5.889873847888323108e-25,1.393326235566133943e-03,5.939427733865414005e+00,7.726392819610221044e-28
-7.169672737042906614e-24,-3.872836217415835669e-02,2.359967551980449496e+00,1.970815269906149954e-25
8.079187862663673722e-25,-4.355764433146388365e-02,3.929210801522863838e-01,3.250929032963602234e-26
9.134349516941139601e-25,3.527562121529411680e-03,1.911215409885421268e+00,1.075834592296794389e-27
9.598613791967054540e-25,-1.949835674931047489e-03,4.930961238169423666e+00,4.058243106999808621e-28
5.056526531972028416e-24,1.437886370784564709e-03,1.749654638693854070e+00,1.293504595635548256e-27
-2.358836957269251460e-25,1.080069995251866158e-02,9.955836042383943152e-01,1.385987575548065993e-27
-9.800413968227729346e-25,-3.336327397560600368e-03,1.982124640701606655e+00,1.307330575314700125e-27
7.898548908531302110e-25,-1.249140822258575090e-02,4.635568656589126313e+00,-7.571947735097102709e-28
9.697186831551049385e-25,-1.469016095859099376e-03,5.102025400978775771e-01,1.243111911124042253e-27
1.976940804849439641e-25,-3.185529116389133192e-02,5.748329469914696954e-01,5.285471596341201264e-27
3.599929491196442492e-25,-7.043178910342813050e-03,3.297891692507455286e+00,-2.504587450114295501e-27
2.004739943810314142e-24,9.140259202739933753e-02,5.994874141164882042e-01,-1.512862144100052426e-25
1.966269122363974009e-25,-1.413182439619715654e-03,1.604282380749271875e+00,-9.303020919174862087e-30
3.781987173295585331e-25,-9.711740454133323264e-02,5.098550366755741692e+00,1.383369154883095307e-26
-2.857710648182643144e-25,-6.289001297912816257e-02,2.727874814185617058e+00,1.645588135243789303e-26
3.764916293380906561e-25,-4.162845816625185963e-02,5.488122744712140566e+00,1.097469931687195391e-26
1.185237099706894701e-25,-9.436527937927438950e-03,2.424928928934503958e+00,-8.433146337133447454e-28
2.453640887447668736e-25,-7.287098760154458142e-03,6.100059000697184430e+00,1.758095656634144453e-27
-5.007727929429680203e-25,-1.112784797593033281e-02,2.602618470274207674e+00,4.782538277232872697e-27
-1.799063890624973338e-25,2.010226597552762853e-02,3.850413227764458934e+00,-2.745413944722681272e-27
1.256608661428783824e-24,-2.374628562739449639e-02,2.557399278133088316e+00,-2.489107513079699318e-26
5.374673280900022519e-25,-5.673817299481458132e-03,6.244460519586970904e+00,3.047205187091819550e-27
3.303561716664293217e-25,-2.695526147193074307e-03,5.771408147810282330e+00,7.763909744165206161e-28
-1.028695694135292586e-25,6.351086441805213478e-02,2.504239440665831040e+00,-5.250669052876434802e-27
-4.276548836662358623e-24,-5.136426327989674495e-02,2.414153825867498604e+00,1.640609739373852547e-25
2.684409656505768347e-25,-9.128812165354155753e-03,5.307667047463781040e-01,2.113398969445064622e-27
1.146570392000510476e-25,1.437136222030197712e-03,4.650052777689502648e+00,1.026497039639718172e-29
-3.725888351974773135e-25,7.566569957670897517e-02,2.149618346550305592e+00,-1.542220810824817727e-26
5.549045057209013503e-25,2.131658527172192522e-02,1.750156183054031311e+00,2.110231457948466999e-27
-1.983379128922351350e-25,3.010773932619371495e-03,5.637109208049182030e+00,4.767963173857767531e-28
3.504434677088068863e-24,-4.433942801813073147e-03,3.917520055858422889e+00,-1.109091677548285985e-26
4.854081530666777892e-25,7.756658301205719697e-03,1.508939927977665629e+00,-2.327498304608972535e-28
1.109515724893062724e-24,-1.529840811972525867e-03,1.732211837675176280e+00,-2.727956289339999985e-28
-2.141784200220398505e-24,2.168062526582924948e-02,5.176112990103067801e+00,2.076963506718020836e-26
-4.445509554695230700e-24,1.914335012266310228e-03,2.153950093507695507e-01,8.313541383785450063e-27
-1.903761207039062610e-25,2.909306077648681280e-02,3.623127381867914831e+00,-4.908800373747775822e-27
-1.740824683377597817e-25,1.173700342370369862e-03,3.350070858790826778e-01,1.929620548760523473e-28
4.263108960559575534e-25,2.379709392205681465e-02,2.459974926263332584e+00,7.878114535560659524e-27
1.655390503647390446e-25,-3.142095639595015536e-03,6.000744067871609744e+00,4.995305208969677205e-28
-7.532687563449571435e-24,7.744102338281323196e-03,5.978811828511932269e+00,5.565257998840828643e-26
-1.042823947193109190e-24,-2.145140506781250452e-03,2.555889785615734322e+00,1.864148485886014636e-27
-3.101761718290875464e-25,-1.732779370752902254e-02,9.776072942014528699e-01,-3.004483274560846792e-27
-1.001037862636554031e-24,-1.005531311839497413e-02,5.608620358820216367e+00,-7.861136088460570163e-27
-3.200933191335335311e-25,-5.041914705140588399e-02,1.829921719892414700e+00,4.135337561118952443e-27
4.449563924406351507e-24,1.932183412634881636e-02,1.967172967568362463e+00,3.319260749616894853e-26
-2.769390763479048164e-24,-2.551735577195644866e-03,1.206380528437395405e+00,-2.518615600710470764e-27
8.269515316317959622e-25,6.895067417842391279e-03,2.752689321410827783e-01,-5.487222707083221868e-27
-2.259672937883962452e-24,-1.755141716544613567e-03,3.540409323554585264e+00,3.654795528616987740e-27
6.987671382169760023e-24,5.986409094930279610e-03,5.728369280412630715e+00,-3.555629054449264478e-26
-4.636126687843365535e-25,-6.587770789781799419e-02,3.875549781391951054e+00,2.267814860880408726e-26
4.075610251983233850e-24,2.723417248397086432e-02,5.543911757296839937e+00,-8.202131024940785024e-26
7.993668611837570540e-24,-2.034716193129411377e-02,4.239196328906836619e+00,-7.412385852091783957e-26
4.212809909719844445e-25,-3.961688812422998335e-03,2.593147015057297722e+00,-1.424204186194953193e-27
-1.421163563720490989e-24,4.672080548984281975e-03,5.633712800644203433e+00,5.287948653958560873e-27
2.611959102814394343e-25,3.649579548679600036e-03,7.241465104612579973e-01,-7.140502680469915839e-28
7.587058099466127813e-25,-3.090496625174878748e-02,1.126346462908659030e+00,1.008163585427762846e-26
-4.997488397427465325e-24,2.819975902764034273e-03,1.996159681058997437e+00,-5.815417768394941004e-27
2.669666427507694455e-24,-3.760747700663384131e-03,6.019879523325484705e+00,9.693913740751665129e-27
-1.855708845236926257e-24,7.972595688830358060e-03,1.659736846614166428e+00,-1.314124510301958885e-27
-5.080784576972101115e-25,4.163873141282038379e-03,1.549043831758395884e+00,4.601538917617171479e-29
-7.470438214783056218e-25,-1.257573104862036266e-02,1.662987879948143455e+00,8.648784531381948790e-28
6.555929408574940507e-24,2.267085261413036030e-03,4.765275214746904631e+00,-7.856738494929420104e-28
-6.105853954471528481e-24,-5.704120264903935617e-03,6.117781719934953344e+00,-3.435318503622278807e-26
-5.821712677111758922e-25,8.634360093707388328e-02,3.508627842203822844e+00,-4.691876432178172784e-26
-3.100243418504560679e-24,3.619736883232441745e-03,2.372315667226674751e+00,-8.062086651550015627e-27
1.657286836537354845e-25,-6.211424848188015074e-02,2.273953727171799333e+00,-6.656475724416806277e-27
-6.893193180348814385e-24,7.998108213387200571e-03,3.987891264923788093e+00,-3.653958589279472965e-26
-4.853557310364936970e-25,-5.441143984105683944e-03,1.717440073181769167e+00,3.858835550757394137e-28
3.197814226589686489e-24,2.233323650425955362e-02,5.315779011538295684e+00,-4.052496523174607233e-26
-5.419368658415611095e-24,-1.157125731384820062e-03,5.450115530189610702e+00,-4.217847005916681510e-27
4.907017708728982157e-24,-1.706333036300095073e-03,1.328922334743550371e+00,2.005523328027163396e-27
-4.867506753887631101e-24,5.857101871655968905e-02,3.298033923008293122e+00,-2.816132515181760564e-25
2.463899179537240112e-24,-6.708348150927524733e-02,8.433248621626882047e-01,1.099130524045887349e-25
6.891265054753329325e-24,-1.481221893368033860e-03,3.730334913273955610e+00,-8.488956953722442822e-27
3.074164115011298142e-24,-3.810397191390269174e-03,4.417211751883080240e+00,-3.407650759887488027e-27
1.679414884232017806e-24,7.023914593517180394e-02,4.399157541793392134e+00,3.634774479487413107e-26
3.392031424916177677e-24,-3.926976609017096727e-03,2.827040192437140220e+00,-1.266686044189776150e-26
1.193968512472620783e-24,3.265730154636117821e-03,7.944646591486527187e-01,-2.732025356426246009e-27
-6.126364910088586476e-25,-5.016062535229721953e-02,2.582348971711452279e+00,2.604868229995575085e-26
1.934004178840922257e-25,8.019993518528103701e-03,6.200190357475481306e+00,-1.545731152790337858e-27
7.812678018039234247e-24,-1.503966127901923454e-03,5.664728702301212060e+00,9.573600013713223283e-27
-4.065338589844742023e-25,-5.495497124286296761e-03,3.960227009052978087e+00,1.526383555495537641e-27
-1.787594156144892355e-24,2.233312546417878276e-03,2.833438833553991287e+00,-3.804201774345661510e-27
5.362025055570560727e-24,-1.763871474058593958e-02,4.165612195078984392e+00,-4.917520811207267678e-26
4.607478129254542707e-25,8.113252842730827447e-03,2.867931027380854037e+00,3.599058091187810023e-27
-2.040081148234428131e-24,8.660349847118676767e-03,5.468653938719868712e+00,1.212382090736990645e-26
-7.834597203720156085e-25,-3.812149687639302190e-03,1.127569141811198161e+00,-1.280852632547816887e-27
-2.400002910616223740e-24,4.294906020267700436e-02,1.090627224921635330e+00,4.761467381883191078e-26
1.002751277924685502e-25,6.748877015140908320e-02,3.763248153804692020e+00,5.501360558026262364e-27
-2.298422464956884797e-24,-6.143300978513593913e-02,8.704632911167304865e-01,-9.099886065020222069e-26
1.965474166538622122e-24,-4.915035699306133724e-03,3.538489285550199259e+00,-8.909427019684698693e-27
5.603320102285263203e-25,5.187443359926417578e-03,1.761716785515186068e+00,5.515814765913683933e-28
1.292304470445997231e-25,-1.517515964230504565e-03,4.383266126756556247e+00,-6.338508125014224061e-29
-4.456020105456201309e-24,3.672139474367091400e-02,4.977134637942561390e+00,4.281638006072940406e-26
-1.693219179874569234e-25,-2.897579814534760340e-03,1.412651029944022862e-01,-4.857365051641024077e-28
4.011903173299050137e-24,-8.790620959183618674e-03,5.773364196185448272e+00,3.078226475540863036e-26
-9.115418082446181996e-24,-5.207828233909275739e-02,3.004892629492875944e+00,4.702867413309869429e-25
6.890910157788501263e-25,7.313707275689042275e-02,5.774296658791897130e+00,-4.401198040261362430e-26
-2.190281058011111580e-24,1.246843299614845864e-02,8.172618239558965270e-01,1.868563677070670025e-26
1.258345842979917230e-24,-8.544934305249325679e-02,2.116332859274564715e+00,-5.579213952517454128e-26
-8.536288756426068296e-25,1.806824355213204614e-03,2.286835779644973698e-01,1.502203193838543952e-27
8.914118956851583472e-25,-3.343925258426818769e-03,9.532513361886731929e-01,1.725997061456464878e-27
7.790005495354300283e-24,-1.853088285319096432e-02,3.899840218562729000e-01,1.335167524906888824e-25
9.116936093105686038e-25,-4.289512129405647495e-02,1.553974157612146190e+00,6.578370410723662510e-28
7.997093340230232933e-24,-1.034880739234005434e-02,3.453915186861064246e+00,-7.875663789199359944e-26
-2.895428756099348193e-25,3.003781666148318957e-02,4.637323043065019745e-01,7.778714745709684690e-27
-5.727205155061618142e-25,2.541283568363849471e-02,2.000565968600886979e+00,-6.064278547018093663e-27
1.173859002981228260e-25,2.310652703921253423e-02,1.632409111869706386e+00,1.670116022538818337e-28
1.970277811253848302e-25,5.429833506319916778e-03,5.572702103313566191e+00,-8.109797482454463842e-28
-1.448590818998223513e-25,-3.795537537120931369e-03,3.524438611798685894e-01,-5.160218176603995510e-28
-2.282819032423390746e-25,-2.260047304535430998e-03,5.585214040679336023e+00,-3.952769009896459304e-28
1.727863205480464592e-25,7.687644795329116876e-02,3.950621076255834918e+00,9.168087680489931604e-27
4.867193912937026956e-25,-1.906902664673760074e-03,4.708946601405449961e+00,-3.194956858121195432e-30
6.879093119682384753e-24,5.373478924777410140e-03,2.967133919411798715e+00,3.640356174735360607e-26
-1.820180833473141678e-25,4.813654471138884700e-02,2.373249506207923520e+00,-6.300230500414240368e-27
1.710082516217012066e-24,8.961374146308005023e-03,4.231746260659470238e+00,7.085357343347840597e-27
2.049836221012138358e-24,-1.299024257448849534e-03,2.299281964948141965e+00,-1.772724884652556316e-27
1.775063939063694659e-24,5.289153930420589095e-02,4.331680283965592793e+00,3.488597019779859183e-26
-8.302256506070604464e-24,-1.343162777430916693e-02,5.685650137908194734e-01,-9.396900600661651553e-26
-4.408393178721954136e-25,-1.302321926147607554e-03,3.885922642795823556e+00,4.222854735462496788e-28
-1.963844759255605461e-24,-3.158491714725789046e-02,3.703012251092169915e+00,5.250660694647176298e-26
1.405191114913169138e-25,6.069171533812938238e-03,2.910547905900511267e+00,8.301728017412019354e-28
3.361948110158218897e-25,-1.381184618081900822e-02,2.344915042550473228e+00,-3.246186487821764059e-27
-5.811387675037890081e-25,-1.482241723656591058e-03,5.273258156718527268e+00,-4.581916503151283127e-28
2.592691109197973772e-25,-1.591247448629166429e-03,1.329712745039103750e+00,9.850108031726539380e-29
-1.489480872401325197e-25,-1.121473167028185121e-02,6.180308248207959210e+00,-1.661581059544596777e-27
-2.384438344956613589e-24,-2.837157952159340395e-03,9.648719220700997523e-01,-3.852833465896626286e-27
2.361156002518780224e-24,3.246704344540188910e-03,1.938726300671181235e+00,2.757334207892050310e-27
8.421219402364745645e-24,2.219777713744108122e-03,1.489702254528660674e+00,-1.514249607761436570e-27
-1.694220459665131119e-25,2.901528135546424178e-02,3.446340468195480344e+00,-4.689319997757069135e-27
3.184629270952902739e-25,-1.629485054980022232e-02,5.253350911359246034e+00,2.672289120548158893e-27
-5.690041337187063343e-25,1.247034268183185675e-03,3.261798337713496809e-01,6.721545179824158654e-28
1.797824268879110768e-24,8.254381159361176903e-03,5.738176813235904561e+00,-1.268996102987260242e-26
3.174856671862283998e-24,5.120656653391686582e-03,1.266019233422256640e+00,-4.878514794542022423e-27
-2.050938422646315493e-25,-2.413311322566489073e-02,4.120976656346086564e+00,2.759544160618523292e-27
2.084189478942720892e-24,-6.974204179339762999e-03,3.009495178596207410e+00,-1.440892636497540750e-26
-1.222542305187123127e-24,-8.370191082786973547e-02,5.572949894799941184e+00,-7.758680420131439763e-26
3.588898171992358346e-24,1.704267072732703735e-03,1.013020422581302427e+00,-3.237435326031996659e-27
-4.809514409804532016e-25,1.187226160768505012e-02,8.625749951518479897e-01,3.714250731084322782e-27
2.387346859819436272e-25,3.215350887272009836e-03,3.678765728427456860e+00,6.595037611583679977e-28
2.743865085293011329e-25,-1.250000626449202304e-02,6.280676491043249321e+00,3.429822281557678059e-27
-2.147250641762209916e-25,4.141267472364791070e-03,5.608409229898453141e+00,6.943555174200210103e-28
-1.979602180527234064e-25,-1.819503167810481575e-02,1.384772569934175357e-01,-3.567412733847253217e-27
-1.139857216309688111e-25,-7.113830132963938624e-02,8.757230228522604465e-01,-5.193182344908876227e-27
-1.472123639754377265e-24,5.950521603098173073e-02,5.964331566356645631e+00,8.318363818028629110e-26
3.083276426724263887e-24,3.215168663995494891e-03,5.101649521255863462e+00,-3.762123206088073899e-27
-4.185213768592981652e-25,-1.316324156876656640e-03,1.268068060200808533e+00,-1.642402680742540545e-28
1.217218911984683840e-24,5.884265183912168115e-03,6.100905312546148984e+00,-7.043778378480774218e-27
2.085045451398207451e-25,2.542499372851593498e-03,4.998339412625682487e-02,-5.294605998530427204e-28
1.474964552103871746e-25,-2.457774738248268490e-02,5.361090917067407702e+00,2.190131829558733178e-27
-4.918320945100275387e-24,1.270579485480176655e-03,4.439464278437082467e-01,5.643351240629470701e-27
3.432444860511645747e-25,2.186177334324810109e-03,2.851897642004175837e-01,-7.200836401665684354e-28
-6.777664455501812899e-24,3.058666696862418280e-02,1.371497577075387331e-01,2.053594995101796502e-25
6.254272759183350262e-24,1.916117640588339268e-03,4.772205491386430687e+00,-7.164090250900717364e-28
5.711160511229154802e-24,-1.080154626673757211e-03,5.231964859781025323e-01,5.343696097142335826e-27
-1.727971706496625413e-24,-7.808121394813501148e-02,5.455811008996221290e+00,-9.131678330854017274e-26
9.682134140857244014e-24,1.426523045999138596e-03,1.590024258219740139e+00,2.655557386867961909e-28
1.099058384327432127e-24,4.809052135861612183e-03,3.320801046014884683e+00,5.200783482588487801e-27
-7.465056090365081986e-25,-1.948547661401520267e-03,4.955326946934586196e+00,-3.499122423319351208e-28
1.066114897132760649e-24,-1.765379407851104879e-02,5.788820519138749177e+00,1.656754301128454256e-26
-3.612393595064614054e-24,-3.369794184927501438e-03,3.257224209960567940e+00,1.209173290989844126e-26
2.088317719612036517e-24,3.202191778843018356e-03,1.799330771065772661e+00,1.514985881793196274e-27
-1.469770738394524197e-25,1.437839213463231033e-03,2.254844972114842694e+00,-1.335466512532675526e-28
-3.238003391204802418e-24,-1.663566302009325537e-02,9.986081199828589217e-01,-2.916716554911344748e-26
-4.159698228343098023e-25,1.336744451143316234e-03,1.207738796704016737e+00,1.974706741114960517e-28
-4.755751382789256861e-25,2.645412512984273573e-02,3.351532173059661890e+00,-1.230469141454260662e-26
3.885069596395411676e-25,-8.873826373850651414e-03,9.253230807180552464e-01,2.073961179765005815e-27
-1.629669380771459546e-24,-1.717390270494227773e-03,3.176613538882205212e+00,2.797062215858213137e-27
2.492842899711084618e-24,-4.231697735334789129e-03,5.321363379689856288e+00,6.034283613911015525e-27
-5.523664497385678237e-24,-7.050432433570846813e-02,2.150424668107684401e+00,2.133025818184904432e-25
9.996238147270501817e-24,9.070883830083616498e-03,6.206822642842629634e+00,-9.041046965529740719e-26
-1.252583925988604617e-25,1.226154630933949663e-02,3.812879888995201139e+00,-1.202612887469981745e-27
1.103903456602367657e-25,-2.097527837941710882e-02,5.908127113420190035e+00,2.154511479557479062e-27
-1.889801572510881797e-24,-8.724856835613935269e-03,4.318810192701839412e+00,6.323177656946213749e-27
3.608674183361027125e-25,-3.077292059927384370e-03,4.851219832641804786e+00,1.536761183109663587e-28
4.437084644038086220e-25,5.248651231713206793e-03,4.701700238878233407e+00,2.489222589557828142e-29
-2.097301982400374546e-24,-9.795106086511597837e-03,3.031521110499812544e+00,2.041897235112945936e-26
8.217151913211349727e-24,-6.842160189746628041e-03,6.937731855573410211e-01,4.322647505806555801e-26
-2.964754710915967126e-25,-6.330169885467066930e-03,4.476623173358874608e-01,-1.691808855415556283e-27
-2.808837609063249995e-25,-2.038531786092986822e-03,9.797095002165726596e-01,-3.190839338507396851e-28
1.507831973565858000e-25,-2.540382754370338822e-02,4.271064001793058118e+00,-1.636138933143198133e-27
3.876465869641124684e-24,4.075248575489933550e-03,2.962317441682984054e+00,1.554437753359585798e-26
2.726601491078188687e-24,5.533278321922580588e-03,5.965751476785837504e+00,-1.433328896041697957e-26
1.518340033735443809e-25,6.593232483856984079e-03,1.756872165538788000e+00,1.852031353723031956e-28
4.687634821838250325e-24,-1.563982848089348621e-02,3.742486678639863396e+00,-6.047146068014554872e-26
5.592557390829087150e-25,-4.727878942284391602e-03,2.205804553464856266e+00,-1.568434281748354536e-27
4.593336016037669323e-25,-2.958430188168106184e-02,5.867235174795387920e+00,1.243036282375582496e-26
3.638270410865695838e-24,2.452062343147784831e-02,3.976361240358441851e+00,5.989284797665292785e-26
1.978375404816491553e-25,-1.936349484157215070e-02,5.304359281067851928e-01,3.304419389683031641e-27
-2.324759728703442709e-25,1.442180946686222667e-02,2.652541698476655885e+00,-2.959714860849158015e-27
6.362350306406852963e-24,1.085248624016414091e-03,5.500411451381506112e+00,-4.895178806772948846e-27
-3.288971314291118836e-25,7.412255003714433681e-03,4.331988037837535721e+00,-9.051633116639473565e-28
2.766345784827749257e-25,-4.618636660380533859e-03,3.226084350205007834e+00,-1.273116756526594829e-27
3.923209621877618422e-24,3.280652056779832099e-02,5.021628333511449327e+00,-3.916989309154998921e-26
-7.255326885697256219e-24,2.442962320361432085e-02,4.682856699154846147e+00,-5.233685451376594191e-27
4.184009532340317857e-25,1.477616261031660652e-03,2.822476721959756851e+00,5.870232584836740071e-28
-1.245054953434914829e-25,-1.366937923780913756e-02,3.952834165973954761e+00,1.171934947847167999e-27
-1.514664528176447738e-24,7.778880532207899101e-02,5.707219645776912209e+00,9.881502439266069647e-26
-3.461717755643001790e-25,-5.764259434692688838e-03,2.402242144783812261e+00,1.474431401901976952e-27
3.525312122899180372e-25,1.116297632217574769e-03,5.457883286067167106e+00,-2.669450418374771112e-28
-2.212373367827827420e-24,-1.263508096348070573e-03,6.035535457265198467e+00,-2.710068786894122281e-27
-9.890667561034104361e-25,-3.368730666280331243e-02,3.663882709721872022e+00,2.887687409675029956e-26
3.300029031838288335e-24,2.081769017213931303e-02,1.349894075634186397e+00,-1.505263659526590725e-26
-2.188660252760470226e-24,6.386843250693588492e-02,2.532253125987028675e+00,-1.146284284067734336e-25
-5.273689142429549448e-24,-3.346506973167386913e-03,3.580392928872013325e+00,1.597646020825210527e-26
3.790791022378236801e-25,1.398360606338273221e-02,3.210835328215556839e+00,5.288190216510624960e-27
1.290717258643420601e-25,-9.624769275228639565e-02,2.792752529657938076e+00,-1.167462472181273473e-26
3.149232165850731207e-24,-2.152033866676922747e-03,1.588240935462399195e+00,-1.182205524180660359e-28
3.696427273625204663e-25,2.109940515550757286e-03,4.592015414429893028e+00,9.365569488674302286e-29
7.360181846339086932e-24,2.993227633643202878e-02,2.747065150634697694e+00,2.033826349335184344e-25
-2.769322538704753621e-25,-2.350741743989786386e-03,9.175532644683948025e-02,-6.482577499649856964e-28
-1.066802499377472420e-25,1.125258353269760654e-02,3.432970233058655563e+00,-1.149829218622204268e-27
1.697394897628730914e-25,-3.575864507587422914e-02,4.502528627624609925e+00,-1.264450498774587959e-27
-8.261121233640140214e-24,1.612550176966453391e-02,2.126561949590252409e-01,1.302138975453940246e-25
-9.906658147677080459e-25,2.630223560579856949e-03,8.015005052356793946e-02,2.597307586026575994e-27
4.759283738052445236e-24,4.481464502461703428e-03,2.950317012723514765e+00,2.093958192370391538e-26
4.482686040800132897e-24,1.665309226371588722e-02,2.445348219837004233e+00,5.727612283746807535e-26
-3.840889437772222714e-25,-6.820307795273232096e-03,5.596852355589136074e+00,-2.026460893135473282e-27
3.244080076737779838e-25,-8.408369444628683437e-03,3.791071732495498559e+00,-2.172371152812650579e-27
2.095923467590027754e-24,-7.073280126585784755e-02,2.788337476588368169e+00,-1.390962964039691595e-25
-2.634661003283044794e-25,-4.878551385538381670e-03,3.782402937371414975e+00,1.030337765499504047e-27
-1.115142974335113436e-25,-1.176078796321846460e-03,6.236494407788341299e+00,-1.310066709737648888e-28
-3.977945313350202095e-24,9.001175070096671671e-03,6.111787416894746805e+00,3.528152514171381719e-26
7.889191758948991096e-24,2.423761170179430241e-02,2.650030066026028308e+00,1.685746000286001578e-25
4.144405346515944521e-24,5.900012956220582194e-02,1.750472345404139596e-01,-2.407837676012938624e-25
-1.111884122807164977e-25,2.481929059866281456e-02,4.738375436481130798e+00,7.170460847153257203e-29
1.496434658935685972e-24,-1.632674972980770580e-03,7.658123132960469211e-03,2.443119773955284313e-27
-3.801090783457145247e-24,1.028145500021478273e-03,2.234503768796216150e+00,-2.407535935259451042e-27
-2.090368482887389612e-25,-1.191018590086650140e-02,5.995944827346382233e+00,-2.387664336073723434e-27
-2.918188463752357653e-24,-1.294796989167716671e-03,3.190735635092650124e+00,3.773900000769240004e-27
1.730088728776386239e-24,-2.972220212001035200e-02,2.813952064797514918e+00,-4.868661306397033901e-26
-4.955590646795635640e-24,-9.799733201781249403e-03,3.892935363278947847e+00,3.548886826087800195e-26
-2.152369510473399774e-24,-3.024149242211994146e-02,2.348108061022627258e+00,4.565250459339371089e-26
-1.088404189656478094e-24,-1.142765980440791935e-03,6.136531769292047578e+00,-1.230439964508575077e-27
8.262480191444092310e-24,7.211042683997025138e-02,6.239728365418018008e-01,-4.835385473941076832e-25
-2.851347663992953983e-24,-3.511865376096408222e-03,4.587051565592220825e+00,1.251788855398299317e-27
-4.999611289940162256e-24,1.139044382784781123e-02,4.314325003553134863e+00,-2.207492404838886759e-26
2.646548111946453092e-24,-4.404232853837299067e-02,8.155306097129697562e-01,7.989989736634488377e-26
-1.297852796560938129e-24,-3.978471618976927443e-02,3.473327414379432820e+00,4.881951821055270988e-26
-2.091405889233198427e-25,-1.540029244592700311e-02,1.269524662738721332e+00,-9.557313387023915915e-28
-1.905406816308129615e-25,4.220905748704855548e-02,2.424306706544759660e+00,-6.060800278793357617e-27
1.172240483955236825e-24,-3.495812526728018371e-02,1.932020734845735888e+00,-1.448291012823198343e-26
-1.293450575590521046e-25,-2.096571734068947840e-02,1.915817385315627064e+00,9.171795209340786676e-28
1.261975814147762972e-24,1.839064954613528480e-03,3.703117100403809037e+00,1.964475046766156055e-27
4.366719858321196692e-25,-1.594241270949874880e-03,2.565058871833780785e+00,-5.836311632130056410e-28
8.761212423814374185e-24,6.127511513922533071e-02,1.378972799409900141e+00,-1.023489854985010212e-25
-3.830161262423288993e-24,-5.463113939654681839e-02,5.793714721056863581e+00,-1.846767954962636266e-25
8.550561956759371450e-25,-4.730112060721026329e-02,2.759215227057617792e+00,-3.752417705172624659e-26
2.796146883714463580e-25,-8.741270635540225598e-02,4.798843064579659590e+00,2.110468718092540957e-27
4.361811375955246043e-24,3.179611424151340508e-03,3.234105030472399722e+00,1.380955897875887333e-26
1.029847201801305375e-25,-7.045333423416617717e-03,1.128280659938987879e-01,7.209483256458687661e-28
-2.742762497219807965e-25,-3.321037827820354140e-03,2.604740778278060720e-01,-8.801559296455812048e-28
-8.769151917189065661e-25,2.588690490065943383e-03,2.411226991964691369e+00,-1.691038442498848010e-27
5.738879128265854213e-25,-1.488023262069524712e-02,6.182408429575768416e+00,8.496258402429600491e-27
2.304564758986840717e-24,3.131880991089919936e-02,5.703930096940745820e+00,-6.040215982769769684e-26
1.153219940827712549e-24,4.037980674486880972e-02,9.194791369212119703e-01,-2.823039849842172585e-26
1.945420409125983548e-25,-1.393930521124372122e-02,2.022602949788112170e+00,-1.183940733135883868e-27
-1.264673222568837061e-24,6.462296811347270631e-02,5.237961016932586311e+00,4.100305170305466022e-26
-9.715133246578381660e-24,2.784739026002632390e-03,1.834143017774700235e+00,-7.042545233436559106e-27
1.130963185735785201e-24,2.014098738289417725e-02,4.321107624761053589e-01,-2.068498254006179285e-26
-1.075478104573468094e-25,-1.714738580758863248e-02,6.631225890962297864e-01,-1.453337303911942288e-27
7.834560932196401248e-24,-3.365489655972545013e-02,2.248475211237453308e+00,-1.653183680731667478e-25
9.734327179480551409e-25,3.259055615643424025e-02,5.201301854855416629e+00,-1.490003217195267692e-26
-3.573957476408132013e-24,-1.630877289712202860e-02,6.187267391336051858e+00,-5.801893958704395758e-26
-6.233382118970117928e-25,-1.086875341576006709e-02,5.132894312040658491e+00,-2.765665770310945720e-27
4.733243104969565166e-25,-2.181320242699888012e-03,1.817524706787003952e+00,-2.521634282725036519e-28
3.209399224452054576e-25,2.029959969347700215e-03,1.225829131987844933e+00,-2.203133970520055270e-28
-7.234940372620326673e-25,-1.449499345808157903e-02,5.730172227183921940e+00,-8.923903320097194287e-27
6.073512901578679067e-25,-2.321798834933476788e-02,3.930388501006527591e+00,-9.937312081162753270e-27
-8.291941877584540814e-25,1.412873087951157028e-03,3.609820658628700940e+00,-1.045451937526835242e-27
2.418739011688550953e-25,-8.109580832124230199e-02,2.382589768302509459e+00,-1.423109612128039252e-26
2.951285078928748924e-24,-3.858097761822335686e-02,1.445239234274126483e+00,1.425883232003000071e-26
2.984189007618051968e-25,-6.078991897020892196e-03,5.886289128738159349e+00,1.673068534526866312e-27
-5.016995636422106347e-25,2.769968876436560735e-03,1.907600374104355234e+00,-4.592549016728773048e-28
5.566456775082084258e-25,8.934141007976586016e-03,2.410062394479071113e-01,-4.829418443815892381e-27
-2.356652404968287239e-25,5.048760415156244852e-02,6.718598064341247955e-01,9.312288590576576668e-27
1.962801855063432527e-24,-1.112395863893647771e-03,6.862547604296209691e-01,1.689141716156646180e-27
9.008532253204269476e-25,-2.134113255338045394e-03,4.016830030440845967e+00,-1.231980767770486523e-27
-1.320681756628365433e-24,-4.188495673007378017e-02,4.582410616688782135e+00,7.169745996228823548e-27
-5.607434996084703610e-25,8.450998205254481310e-02,2.277902149386661079e-01,4.616427580077557366e-26
6.136490311787938906e-24,-1.867131416164306140e-02,4.469821572624870676e+00,-2.752073934291753020e-26
9.983170554703787527e-24,-1.373944202048553226e-03,4.180979676922041977e-01,1.253483480969167524e-26
1.614866315945537913e-25,-3.820672103583724281e-03,2.336428500420579812e-01,6.002235786293507643e-28
1.553147086297490507e-25,-8.891387334480306895e-03,1.529027316305746398e+00,5.766469690332867985e-29
3.456798439019761149e-25,-1.895863812198752283e-03,6.054793711723140959e+00,6.383433477615135903e-28
1.838547627844987751e-25,-1.710196268900079919e-02,2.639494368701351679e+00,-2.756193797327886217e-27
2.368547910951943624e-25,-3.568218527990005620e-03,4.560558510697804380e+00,-1.278270229634314449e-28
-1.864349225707356266e-24,3.543425289128626643e-02,3.237153122779280690e+00,-6.576041962750046320e-26
1.500726462579804319e-24,-1.612672156154155642e-02,4.953720547448390299e+00,5.784128437802597936e-27
6.143603859298146533e-24,-5.547311398137390326e-02,3.387330371591566802e+00,-3.305664200881372689e-25
2.022957450283192401e-25,3.523777408951273699e-02,4.978449658561428848e+00,-1.874303590434706833e-27
2.519158901760253452e-25,3.053050085431677566e-02,2.893655633006880779e-01,-7.371360835513616246e-27
-3.564865604004185007e-25,1.637567367327826288e-03,1.770824277651362744e+00,-1.159933374657049992e-28
1.714992920513867606e-24,-1.599067469183136983e-02,3.303801496397197890e-01,2.594078476250340571e-26
-2.209530222521978650e-24,-6.001248338977344110e-02,4.988283165572975797e+00,-3.612105858652627517e-26
3.583284767351620513e-24,-2.798967753469722240e-03,2.470645590809427805e+00,-7.855436233973564086e-27
-5.871503303996374349e-24,3.768418271102121596e-03,9.336743027327772948e-01,1.316258251731755879e-26
1.529862047769044941e-24,-9.718045901830844185e-03,4.915729214497093769e-01,1.310685865770023016e-26
4.698601102023654440e-24,6.797201444306017436e-03,3.580802972424216524e+00,2.890609316906785305e-26
-1.468000837066714184e-24,1.137550716082637650e-02,5.968587655451706553e+00,1.587967061186361595e-26
1.928079023423096634e-24,-3.039745252250225169e-02,1.197577289514051291e+00,2.136959304399051138e-26
4.810952049096318988e-25,-8.397440504391902316e-02,4.933370423194554100e+00,8.855097786038668688e-27
1.410196265130725479e-25,-2.192046577246135452e-03,6.700629161063610395e-01,2.422841214712867389e-28
1.164618275888126640e-24,-1.908086184110391239e-03,1.434756046148082831e+00,3.013760257542866755e-28
-2.841459469934144231e-25,-3.847823193369032113e-02,2.410130787779508843e+00,8.136647465648228898e-27
5.436963556773523451e-25,-9.208302148578113161e-03,3.406096680165032087e+00,-4.832404969360163625e-27
3.549180792336981971e-25,5.066228675878806098e-02,3.772277255625088532e+00,1.452185586276115360e-26
7.604224702124941987e-24,1.117058490386849600e-03,1.057965991434627329e+00,-4.167720914597554555e-27
9.720487813100379375e-24,-2.640882550783645467e-03,2.874133351923294111e+00,-2.475795814040563069e-26
-1.884367385161610448e-24,3.652101831848419185e-03,4.604493939976306294e+00,-7.410832267918692037e-28
1.168969604499417011e-24,-1.232340068396692561e-03,1.105214451975760959e+00,6.467326940781265038e-28
2.338778669827650713e-25,7.714894290593130033e-02,4.672006125435959056e+00,7.284471982339571978e-28
1.939314777706756199e-24,3.153132122837364309e-03,5.908556056174141702e+00,-5.690805671516385478e-27
-6.242176914503095890e-24,4.383612817785306759e-03,2.269646115639171846e+00,-1.760382933443769599e-26
-4.433126424724019455e-25,-3.526546581185781553e-03,9.755952402286521830e-01,-8.765387990218286440e-28
-2.903267362950969841e-25,-2.311593023447667226e-03,5.292728274959872081e+00,-3.679787686175799850e-28
4.199058936264350428e-24,7.063714485890568683e-03,1.505248944622147089e+00,-1.942805954977463000e-27
2.108621651782767604e-25,-2.407933300049359179e-03,9.455659676124287261e-01,2.971733215010074462e-28
-1.342433236386747478e-25,-1.530703903340737380e-02,1.189523949506336775e+00,-7.646199654570522102e-28
4.873258109162969864e-25,2.846408263972133659e-02,3.773651848283371191e+00,1.119152566805820681e-26
4.544147880439561540e-25,-6.349850337652669652e-02,1.763049410916772253e+00,-5.513287152717164293e-27
1.555941154454899101e-24,4.252284695831502932e-03,6.218837917928119907e+00,-6.602611793330193691e-27
6.385627743366771459e-24,-5.428879992369160801e-02,4.609456377618603162e-01,3.104871121925075868e-25
1.975887659612816389e-24,-3.562861083506739523e-02,1.053849909958896713e+00,3.479271888222227408e-26
4.458601705213029086e-25,7.252620689287174460e-02,2.043754320149425929e+00,1.472999410499176792e-26
6.953902559044774413e-25,3.733755992661211970e-02,5.946818725814954298e+00,-2.450914655080833679e-26
4.184148073255985597e-24,-3.012442516989457912e-03,2.403884480521170985e+00,-9.327484975014720072e-27
-1.348494585226910035e-24,-2.910268271012812769e-02,7.233158148892110395e-01,-2.941850624170362272e-26
4.340823440793270434e-25,8.369810899577324187e-03,6.062489281392789975e-01,-2.985720900606557901e-27
4.024236290436534152e-24,1.571302967569371094e-03,1.223983349161182455e+00,-2.149302124337217521e-27
4.843921468682827383e-24,1.914405169193656147e-03,2.703241245373694035e+00,8.396468986182168353e-27
-1.161560388136846442e-25,-1.226807926947012534e-03,3.703274506418449352e+00,1.206073490200647038e-28
1.631474303178641645e-24,-3.690194313955621856e-03,4.353246741204320536e+00,-2.116018087104602227e-27
-1.143847108078124876e-25,6.413865495737748612e-02,6.183499041997800205e+00,7.300059078171589435e-27
-8.094010175962005934e-24,-3.681181709121302426e-03,1.353212064084456268e+00,-6.432003380528764614e-27
1.765708565476675896e-24,1.032358269465271858e-03,3.748383557088191154e+00,1.497433732814216203e-27
-5.805200066043072508e-25,-7.333886475772613545e-03,4.837777955170514232e+00,-5.324417524258538943e-28
2.357486925713892233e-24,-3.032902318306899409e-02,2.245597564339228747e+00,-4.466923442829917286e-26
-2.030467685012631330e-25,-4.720398821870065709e-03,2.684129984068753583e+00,8.599089109039921345e-28
-3.709691609460547970e-25,2.820350877493382757e-03,3.884172962928087891e+00,-7.708095428382628983e-28
2.275080644065548940e-25,2.592178626121816824e-03,3.607619138370236289e+00,5.268519730089327283e-28
8.170389840523675702e-25,9.557101294589460949e-02,7.513524753467855088e-01,-5.706206437351951938e-26
4.170191083303187922e-24,2.498126158981204322e-03,1.155176620517577968e+00,-4.206204079088026302e-27
1.353082903882898672e-24,1.310394755640544159e-03,5.765997297903358465e+00,-1.541177821852679749e-27
-4.465646920096454872e-25,-1.289206651983023678e-02,2.387814565637435660e+00,4.197580164180603039e-27
1.922337835422710452e-24,4.009349809950806670e-03,5.116206823657375447e-01,-6.720418703942951454e-27
5.252806498218099567e-24,-7.181647550231793492e-03,3.506941626378844656e+00,-3.523400130342436495e-26
3.806908640034551574e-25,-3.475821732229470579e-02,3.697610582842731919e-01,1.233782500253062048e-26
6.607224406285171805e-25,1.303354680351286000e-03,1.517104532718355436e+00,-4.621478152890443793e-29
-1.666045565699374374e-24,-2.321921855621931347e-02,3.555898002107537259e+00,3.541143843298942728e-26
6.179541779852850686e-25,7.044023425679811663e-03,2.002478429732349241e+00,1.821242998810653391e-27
-5.763157227844198553e-25,-3.833376988942093638e-02,2.593984398038629902e+00,1.886183830443382514e-26
2.747864626839440815e-24,-3.275133380304904446e-02,3.277114930052002606e+00,-8.917104743565244383e-26
-1.469946658452170265e-24,2.188212547117937903e-02,2.465377546404802001e+00,-2.508743171161578348e-26
2.120464978453100027e-25,-7.732118135079381338e-02,4.820905388536693259e+00,1.775711056130595884e-27
4.797491702052470193e-25,1.328575621197361847e-02,8.656923663867643892e-01,-4.130962440859756230e-27
-1.151263940120704987e-24,-4.468222539689776368e-02,2.908319408571506504e+00,5.004775207098615524e-26
1.534752536922483685e-24,-1.607922194651765016e-02,5.501248813465427823e+00,1.751001764989212929e-26
-2.925206482583943313e-25,-3.534155585138940708e-02,6.223927513657817379e+00,-1.031998903059547055e-26
3.248499102058005199e-25,1.001775339717114787e-03,1.316163143050220530e+00,-8.197185584370483494e-29
4.205546616330400327e-25,-4.971335900664159910e-03,5.215153267146629190e+00,1.007411853695282060e-27
-1.058340032756615557e-24,1.977428443014326003e-03,7.331630827366574232e-01,1.555072538568929598e-27
4.806776713358752741e-24,1.608725409739198559e-02,1.487871559575661973e+00,-6.405046368485372539e-27
1.589138346276073949e-25,-3.594614003981852924e-03,3.061378286046045005e+00,-5.693971226540047171e-28
2.769402969103285564e-24,4.217638380329036610e-03,2.786594960877307958e+00,1.095203939402008509e-26
-8.437197400411087244e-25,2.878535336086304741e-02,3.563087682304357351e+00,-2.216115154041004635e-26
8.936484713731848946e-25,4.477153991526970113e-03,1.318028687152911438e+00,-1.000588974814770866e-27
4.068261118231973103e-25,-1.367129894222849328e-03,4.888755190561719921e-01,4.910335692744055640e-28
-1.783673217642508893e-25,5.273291167103982824e-03,3.604182820853973901e-01,8.801498039689104091e-28
4.205249417296722336e-25,3.703491084690402335e-02,4.251200895319300344e+00,6.930668965077693125e-27
-2.918625569582611585e-24,-4.761039650512392113e-03,3.139157822732740577e+00,1.389565087218301834e-26
6.330088767927972137e-25,-3.914603603839778533e-03,5.585292590221332176e+00,1.898622515775999090e-27
-9.941358420889873635e-25,-2.394076936161636249e-02,2.565811427701813585e+00,1.996297522713724624e-26
7.937157825185431276e-25,-2.636027121793785288e-02,4.531252394836164932e+00,-3.769151239113674085e-27
1.511083274175385662e-25,1.047420378243163475e-02,1.825728420836433274e+00,3.991347475046684252e-28
-5.193816141794763743e-25,2.732022337472691034e-02,1.282168937938684250e+00,4.038886530803578277e-27
-1.808801767316513339e-24,2.359057022844449070e-02,1.901927982692329877e+00,-1.387280566093489484e-26
-3.138353939986762129e-25,3.374772540498267165e-02,4.776792562768455319e+00,6.816417493656427505e-28
7.592235725770756760e-25,-3.622021678194467520e-02,5.216219990691498332e+00,1.327619533669991504e-26
-8.573442590979953480e-25,2.795696137806001971e-02,2.650423494741550368e+00,-2.113520425573761634e-26
3.491065810821515003e-25,2.365170641842522046e-03,7.437141674131535485e-01,-6.076789143819237634e-28
2.035701463586823721e-24,-1.881115569245136966e-03,4.976890875248820123e+00,1.001111679250848637e-27
-5.118702943733518580e-24,4.431461826503291235e-02,2.650061473896823561e+00,-1.999788395185332490e-25
-5.619495907240630267e-25,-3.474223412829390012e-02,2.167206193466574060e+00,1.096581199855715021e-26
8.714229493339017544e-25,-3.294477359744821254e-02,3.425089592871093824e+00,-2.756286607792541666e-26
1.495537748187717621e-24,2.385525150259810989e-02,1.874097101682971056e+00,1.065554835896494258e-26
5.874237535421798672e-24,-2.438136802777515072e-03,4.488844653830813547e-01,1.290332011489193966e-26
1.083791864896487937e-24,-3.811726670154630403e-02,4.057193520664443831e+00,-2.517149244186936141e-26
-5.402401586738153465e-25,-1.698322252537234206e-02,5.652866980139028996e+00,-7.411946540344094274e-27
-1.621768653466522104e-24,5.308680713094054808e-03,5.223873917785782695e+00,4.214091522567555839e-27
1.637240146588676869e-25,4.229810625975925255e-03,5.657518874055328162e+00,-5.613392999639234915e-28
1.482965134731674554e-24,2.414966981890761567e-03,4.059426772497918279e+00,2.175797043116161061e-27
3.180661310676720656e-25,-1.003354903826656104e-02,4.933650268066505085e+00,7.003708220248426801e-28
2.935791918054194151e-24,-5.584123509705348105e-03,7.860783122433324666e-01,1.158429750153041822e-26
-5.384925605976144343e-25,5.306585402731271023e-02,1.788692944960773301e-01,2.811965853761924079e-26
-5.498270005754627230e-24,6.003743880902634444e-03,4.447457099145363801e-01,2.979897538431312927e-26
6.400622885727544414e-24,6.760278806952649440e-03,2.111032845924821988e+00,2.225543923855622885e-26
-1.294572128217745482e-24,-5.562851929390029079e-03,1.970699829214802579e+00,2.803761193735154187e-27
-6.459054369589739168e-24,5.051625182935325087e-02,1.419126834150185923e+00,4.929830150573454628e-26
-1.911497868489570152e-25,5.074030152005092748e-03,7.248326466746434216e-01,7.260770535029931116e-28
-2.266681028604868644e-24,7.067655398127387079e-02,2.784181610195835876e+00,-1.500774025432304570e-25
5.261131570153162560e-25,-2.565129885845823538e-03,5.199718619485185656e+00,6.319505044230714518e-28
-4.333424165543271959e-24,7.992037593370691917e-02,7.314112206027687524e-01,2.577492353699571177e-25
1.522126324579223337e-24,-1.705795935589083170e-02,4.953350432220799071e+00,6.196043829614834011e-27
5.369013875342998559e-24,4.902129265605939881e-03,4.886719406043705582e+00,-4.565101754509643511e-27
-3.175304210584113659e-25,6.920388961555229423e-02,5.185279216266965863e-01,1.908580628002933149e-26
5.178263873638647866e-24,-2.352920313934130959e-03,2.249771790625899381e+00,-7.651530323711501694e-27
-1.692223679448587706e-24,-2.538580837711869407e-03,6.021647675637979091e+00,-4.149760073021179284e-27
-1.750032960194858594e-25,-1.167336152011080180e-02,1.975216332823932719e+00,8.038426218403621663e-28
-6.485405804750603336e-24,2.851753145662323449e-02,4.590715253674694019e+00,-2.244779982322661207e-26
4.624044405064408041e-24,-1.180169063711378630e-03,5.079201591939949800e+00,1.957164193436095749e-27
-4.046577686357320289e-25,6.793026469873397755e-02,3.817593248645746229e+00,-2.144327185731111548e-26
-8.151642185405708538e-24,1.035420804929727476e-02,5.379028547133552607e+00,5.219096303964430970e-26
-5.421199842087919264e-25,1.470994207318844591e-03,7.228327931853006927e-02,7.953729620983213881e-28
3.319785026590479228e-25,-4.355807802098180664e-02,4.401838201745706058e+00,-4.418837429943184924e-27
-7.456024750475250965e-24,8.453642210128517812e-03,5.901797557622101564e+00,5.850175618273809750e-26
-2.518172440657900612e-24,-8.333488987621248678e-03,5.743229594972597774e+00,-1.799963370065433496e-26
2.996275887962521011e-25,2.200428420976771951e-02,1.429363674402300388e+00,-9.293726442109688180e-28
3.419358949701946421e-25,-5.361195937774856056e-03,5.025235412343766583e+00,5.641960573594532003e-28
-2.654861929871419093e-25,1.273246071384060568e-03,6.212234360947839207e+00,3.371787832490261223e-28
1.460827410280084604e-24,2.498471373277755606e-02,5.567617424857361996e+00,-2.754606764343591399e-26
1.873164195936249024e-25,-7.837467036666670439e-03,7.062907810565918210e-01,1.116882516717987761e-27
-1.956356830358271939e-25,7.921888449054816095e-02,1.002833980935250890e+00,8.336635108688116606e-27
6.295033787800457917e-24,3.120766214450182950e-03,2.847730059971292915e-01,-1.885412196835043317e-26
2.667818197561953176e-24,1.089992159936100952e-03,7.342959683165712903e-01,-2.158542657680933847e-27
-9.633188632300759783e-24,3.895153602470301235e-02,3.816745012817607918e+00,-2.929069844693792604e-25
2.298075951642756065e-25,-3.988072113636932647e-02,3.524249463594399057e+00,-8.502049952319160144e-27
-6.081922390886735814e-25,-1.668802269679839486e-03,5.675438340189804975e+00,-8.332117536747513742e-28
-2.608076019866249226e-25,5.625458525197019749e-02,5.209059808667378277e+00,6.991047135213580346e-27
1.786338214866034157e-25,2.735159650780241009e-02,3.824578615501064593e+00,3.789967767396245527e-27
4.203885439743444427e-24,1.441149723773112266e-03,4.775684466737010858e+00,-3.832151683351392446e-28
-1.019443675954901436e-24,-5.399165408289090945e-03,9.622320987942446502e-01,-3.146664905908225730e-27
-5.041118991284246043e-24,1.837736842086485798e-03,5.435170639105860069e+00,6.128054872125442248e-27
1.272422666778328018e-25,9.860517044740957360e-02,2.254986787595080866e+00,7.930118754902499894e-27
2.692057607758465518e-25,-3.569440510059081889e-02,4.381417456779392872e+00,-3.122604970490078667e-27
5.361631614899074638e-24,-9.379721875643860091e-03,5.054829658428600325e+00,1.688693706039081468e-26
2.138851101860928499e-24,8.383919253457690346e-02,2.616361197173341591e+00,1.551486924060840339e-25
-1.699238928200092756e-25,-1.024337540181868324e-02,4.935462716236469483e+00,-3.850685939828039863e-28
2.257412023526758553e-25,1.368427148936937187e-03,4.383646254864183689e+00,9.973275043993974899e-29
-3.000575902231286176e-25,5.280774828563890300e-02,6.260267778157375673e+00,1.584120478070919189e-26
3.571144209880879490e-25,-1.839704749676748796e-03,4.684289309233951926e+00,-1.845863580757051360e-29
4.993208454806316911e-25,-4.774782477345452213e-03,3.588281303397990563e+00,-2.150221707747991758e-27
2.432196407297235237e-25,-3.008754019463029481e-03,3.940116387967299350e+00,-5.106160730203671150e-28
2.322646974089749965e-24,-3.848362397387702916e-02,1.218823724675824227e+00,3.081510334320660638e-26
-3.822669941487939990e-25,5.461670211505161715e-02,3.604290046891567290e+00,-1.868286001131752827e-26
-3.099864418100741190e-25,7.072173142318093075e-02,2.726850901457433807e+00,-2.006417382594476425e-26
2.600688427392994839e-24,1.347143866303347932e-02,1.391704101786162440e+00,-6.241011067982458507e-27
2.097995822203226735e-25,-4.480464163118858673e-03,1.062044173735032349e+00,4.578623077150374454e-28
5.515533807640525317e-25,-9.139293571670743452e-03,5.131954724672382895e+00,2.053443317603806804e-27
1.522465773465769787e-25,5.742361107745772887e-03,2.027703342434078237e+00,3.856989451426284672e-28
1.560599850380720681e-24,7.236943890213872257e-03,1.458161798032529877e+00,-1.269403355480762496e-27
-1.416803681996330091e-24,2.796591430810424841e-02,2.972302194595235925e+00,-3.905579345570358712e-26
9.633921694366003255e-24,-1.325367772652688613e-03,1.149932594809119246e+00,5.216553103434751697e-27
1.215687813315680828e-25,1.692284521194900582e-02,3.645423850382004893e+00,1.801649522081972674e-27
2.821350010949200585e-24,3.231930354402552663e-02,3.988871735867050017e+00,6.036612059748722678e-26
-8.667290543978255294e-24,-1.558824119688010041e-03,6.120196479819242974e+00,-1.333171911085746245e-26
4.656999607905970285e-25,1.165737378629118012e-02,2.563220902559964820e+00,4.545858886664007436e-27
2.903432343730319131e-25,2.528327375731717359e-03,4.174578947682103802e+00,3.760385903308319223e-28
1.458014618921806483e-25,5.926551658633040856e-03,5.146789027571208042e-01,-7.521564706557195816e-28
-2.589357079382952715e-24,2.426405659434789988e-02,5.212513571969854986e+00,3.012836416315670604e-26
-1.674573441292965250e-25,-1.878231482354706262e-03,4.323635656593152632e+00,1.192154920338853064e-28
1.502316206632680348e-25,3.837623406445363119e-03,1.524631673711232205e+00,-2.660596481279359620e-29
3.877258810174585304e-25,-3.976812764811639422e-02,4.063085390262746621e+00,-9.322898634960290543e-27
2.129098591838379752e-25,-4.846281838763696198e-02,4.212922953354616418e+00,-4.941978393685316520e-27
-1.561017605737913208e-25,-4.968066742767995175e-02,6.190596120181202977e+00,-7.722021498413327627e-27
1.950963977454234235e-24,4.294208313181378106e-02,5.596245830616083161e+00,-6.477671038318290418e-26
2.447423902160764366e-25,-2.206619283560509650e-03,4.992538101695980224e+00,1.493241692865124291e-28
-3.776562290917530315e-24,3.612925095753915378e-02,3.917233249774572990e+00,-9.741754639702477029e-26
-3.008988163655106584e-25,-1.799861675488107979e-02,3.616252514150693820e+00,4.817040344635568484e-27
-7.224537041025734370e-24,7.896409966872085240e-02,2.365499669285152873e+00,-4.071257084904299025e-25
3.385514132475183229e-25,5.123090990814756045e-03,1.588732616621066018e+00,3.110756569408744969e-29
1.060737455131309472e-24,4.483497434280891113e-03,2.335074494816068158e-01,-4.626744622864009382e-27
1.003431811030265229e-25,6.117547964110608971e-02,2.030271973588167800e+00,2.722309647428819500e-27
-4.425550614809022213e-24,6.475152140948881030e-02,6.258615880925437303e+00,2.864746474588731064e-25
2.665763030779852887e-24,2.714103167778182321e-02,1.194708905805644816e+00,-2.657358194522953602e-26
-6.458850163598184785e-25,4.194248260521628996e-02,2.479441786963204830e+00,-2.136513222297615807e-26
-8.133368161323416691e-24,-6.533800248403204280e-02,1.750990907391104301e+00,9.524127427990328558e-26
1.184141218362420574e-24,1.449793360549752816e-02,3.395661223910666049e+00,1.661648343521425877e-26
-1.192998422292615281e-25,-1.104163024920508385e-02,5.652518615479501740e+00,-1.063868522033188729e-27
-5.324896409890431502e-25,1.682850482563243546e-03,6.071242697793625354e+00,8.760494072702375312e-28
-2.384702066705848321e-24,3.913265531389594626e-02,4.051051042274486313e+00,-5.731447944974351771e-26
-7.855762959648599358e-25,2.572483772964337043e-02,4.263554826945066267e+00,-8.768920525271412047e-27
4.722151737072517255e-24,-1.468589071881432756e-02,5.443919926822775146e+00,4.632580588016652516e-26
-9.201979447407431001e-25,2.205692057179458113e-02,5.543571563194418239e+00,1.499378426924074625e-26
2.003510328048394811e-25,3.514300464457474366e-03,5.293986927220059036e-01,-6.077109677030603638e-28
4.527697971192574522e-25,-5.454933645954320766e-03,1.322038527391990792e+00,6.080724062378757425e-28
6.648379515452371647e-25,-2.376105869791116793e-02,5.754237504287746496e+00,1.363837743320374479e-26
5.232801125245520685e-25,-3.579347161871439947e-02,2.161383694548281387e+00,-1.042978827236858908e-26
-6.061303730793554420e-24,5.037808647580506970e-03,6.069154407051546851e-01,2.508235517182558762e-26
-1.576155660016491835e-24,-1.933825784893243626e-03,3.812153523961768986e+00,2.388034658181498386e-27
-4.745687655724772268e-24,5.029157031402457789e-02,1.391028576637779013e+00,4.267410912239374801e-26
4.942397092612138299e-25,-2.477688016759247228e-03,1.122848278022177126e+00,5.303828005531130957e-28
2.243383467053152783e-24,-1.732558187895955450e-03,5.053936172262164739e+00,1.301862901994291169e-27
-7.792619320444331588e-25,-2.526090218021815811e-03,2.269879630477051879e+00,1.266752768804669774e-27
-3.349773267057199045e-25,2.747216846551073406e-03,5.627573392892285753e+00,7.294634379353180850e-28
-1.364301233742090980e-25,5.007439948506346196e-03,2.206464548135402381e+00,-4.056059315901905363e-28
-1.745298692907651078e-24,-8.733199850385880286e-03,6.132343730104841129e+00,-1.506896834638180868e-26
-7.593042447775319131e-25,-4.898211685682114097e-02,9.083589277406320939e-01,-2.287479082768994358e-26
-1.983856568671679480e-25,1.128033374689245850e-03,5.795851489504636689e+00,1.977335235932235378e-28
3.257106250311178003e-25,6.755060060568240932e-02,9.277076886043152948e-01,-1.319390775842234253e-26
2.550460444939788536e-25,-7.741101936336703716e-03,5.829967452347744050e+00,1.775013824439472284e-27
-9.412599223422395429e-24,-1.130043461274372277e-03,1.334927686521870216e+00,-2.485652990692833753e-27
4.324555194456059388e-25,1.567329850255987436e-02,4.142887806557109087e+00,3.654781464294824162e-27
1.717318450244483166e-25,-3.594502221622890032e-03,1.636631546711096563e+00,-4.061010497581906696e-29
-1.403231666615523680e-24,-2.476859785407378115e-03,2.141907843984051318e+00,1.878800782325436658e-27
-7.074570535155399646e-25,2.067688744715141108e-02,3.443353368474954213e+00,-1.396703858779264808e-26
-3.286773001745649368e-24,-1.534818692284017384e-02,1.615381418902985144e+00,2.248394764614408456e-27
1.544183115265634458e-25,1.954055531160054423e-03,9.571002789786757781e-01,-1.737710796913753673e-28
-2.548243307749981889e-24,3.614436741508568907e-03,5.912219322750436490e+00,8.583946316527365376e-27
2.463366113056466179e-25,1.910329598669443726e-02,1.103247953785955193e+00,-2.120918551133657571e-27
3.535323631438469800e-24,-1.261165675615950194e-03,1.027948668624563799e+00,2.303222266216536544e-27
3.257942544147508512e-24,-1.667807498748601069e-02,1.409360428629197859e+00,8.733763310498196881e-27
-1.815038827296181596e-24,1.686562016187552557e-03,2.463170283153619078e+00,-2.383320320598544829e-27
6.727982921258044073e-25,3.583298227025753617e-03,3.221336267064196957e+00,2.403175679546240936e-27
2.755653637793015472e-24,-9.307473825115455263e-03,5.555533892365932758e+00,1.915248023645032720e-26
-3.366769915107306317e-24,5.494890922598561454e-03,2.376474156464356113e+00,-1.334407946536691095e-26
1.052070221147558318e-24,-1.476330327775693613e-03,3.013087060467959155e+00,-1.540396257215345011e-27
-2.423847845425908111e-24,1.026850211908079567e-03,3.697487158475434299e+00,-2.114167564573550703e-27
-1.145453359387237694e-25,9.652640191467919129e-02,4.443692339088441301e+00,-2.935264717305632013e-27
2.251552806940124154e-24,3.041310560175755368e-03,5.145432552746768806e+00,-2.873525094239409868e-27
-4.641404137120694658e-24,4.555895227414226423e-02,2.525331703760128388e+00,-1.725589030287639218e-25
6.425330766634848209e-24,2.451044864533501958e-03,2.359174216999242901e+00,1.116919782024096956e-26
-2.899747181285222069e-25,-4.780315686194896996e-02,3.973660718306135653e-01,-1.278165121758752521e-26
1.407613592819253858e-24,7.118289029747457836e-03,2.005017259508697691e+00,4.215367708701985966e-27
-4.911463336963949525e-24,-5.658820024689130423e-02,5.614533768887973508e+00,-2.180807726234660187e-25
1.167161881938508180e-24,1.314346293869984644e-03,5.642273854984778403e+00,-1.229623402516854377e-27
3.297363646569899474e-25,3.042730451490915401e-03,3.599034561199507820e+00,9.001449290878900373e-28
1.786807689633278181e-24,-1.440346672452611073e-03,4.919983622109087129e+00,5.304410595850131420e-28
2.789795358393943963e-25,-6.111846024997794058e-02,1.921013929779016027e-01,1.673715362982476990e-26
3.145306320201713172e-24,-4.166276995837464581e-03,4.135743493606265808e+00,-7.144615002104911362e-27
-5.619072618023437584e-25,8.543975151499919041e-02,3.438775972381877821e+00,-4.590473686342633600e-26
-9.718573672264710288e-25,6.973286265371176837e-03,4.113674347534040265e+00,-3.819411774874049827e-27
-1.215175359311906323e-25,1.522243080595512632e-03,5.161541719387969351e+00,8.031843676057626999e-29
1.014374504990580158e-25,1.203239979451722549e-02,3.426407571783701034e+00,1.171365048226438312e-27
4.905668725656025418e-25,6.059063486059274722e-02,4.132861996285821071e+00,1.627756868453579294e-26
1.791402179427132596e-24,5.489410113343143327e-02,6.117861326520007026e+00,-9.699659054194794538e-26
-2.137881195677308038e-24,-1.417084281221094207e-02,4.653851818334001855e+00,1.772404555915408703e-27
-7.153881205430391403e-25,-1.520728114406224435e-02,5.210887877078907771e+00,-5.201384966744242193e-27
5.614723656849721490e-25,-7.432385765219381990e-02,1.745695318474543845e+00,-7.261519693011423358e-27
-1.690919446059770237e-24,-2.083994155001414519e-03,3.008933226511168346e+00,3.492904267635827376e-27
-3.310622974332886812e-25,6.415918106081072714e-02,4.703630207179171130e+00,-1.860399716509111691e-28
6.343012067405447666e-24,-1.046749225679194199e-02,5.861863037523484365e+00,6.058908118321319172e-26
5.465438161198145484e-25,-1.330606906737022508e-03,2.811201991971634673e+00,-6.879029674971945198e-28
6.915474209175126071e-24,-5.164948503257226625e-03,1.618154125979466507e+00,-1.690896887742108132e-27
9.678501683099496938e-24,5.539250321552381846e-03,1.151620297938772186e+00,-2.182036545178759408e-26
5.460616634833946572e-24,1.931600724934923402e-03,1.413624639970078034e+00,-1.650987665479889482e-27
2.357869626492242458e-25,-7.738413843066539732e-02,2.773219880977942253e+00,-1.702211821397193788e-26
1.551765128997788781e-25,-1.407933954014382351e-03,5.641826882805879961e+00,1.750631016707128321e-28
2.218170353125712231e-25,1.400859138213015210e-03,4.189110129104964386e+00,1.552811096323107162e-28
-2.930530617197684544e-24,-1.157711198860678428e-03,5.754215218876573168e+00,-2.929017425690304485e-27
1.586069365385292521e-24,-1.058718906452678701e-03,4.178689376814637590e+00,-8.542466716006963880e-28
-3.494110794767266087e-24,4.842398716691712068e-02,5.111008077579644038e+00,6.567384103073530539e-26
-7.545778389133308614e-24,1.245191136898756963e-03,2.323131944554557293e+00,-6.420674077041438683e-27
6.954983542984521397e-24,1.229933170463820211e-02,4.785964467928879529e+00,-6.288091713245774426e-27
3.360298477847822514e-24,-3.116807995838167655e-03,5.650819251895462969e+00,8.448176410311614650e-27
-1.881628939752016779e-25,-7.418336443828272078e-03,3.014431474763094254e+00,1.384585383882155549e-27
2.265724029872177444e-24,5.556158062171273615e-03,5.118929609639552680e+00,-4.978011863364499202e-27
9.899661600305824713e-24,3.416098429012206367e-02,5.198568403962800843e+00,-1.580161131340207578e-25
-5.051908921987334586e-25,-1.755729444177479143e-02,5.661068633151661977e+00,-7.208002349540955423e-27
9.422210350193052107e-25,3.994466218698705315e-03,6.164160967259192603e+00,-3.737041984950356323e-27
-4.738492480143401748e-24,-4.107092750979878665e-03,1.806408377037535429e+00,4.543040155234307330e-27
9.824826915260210683e-24,-7.648502248937766833e-03,5.439509029272424634e+00,4.995058510454119649e-26
-3.170595148019714313e-24,1.999083727707571048e-02,1.042209280525816517e+00,3.196484237874217260e-26
1.697393882516479018e-25,6.557433383056600860e-03,4.269146256957623287e+00,4.773569844566489781e-28
-1.352636975242032399e-24,-8.478396980011282391e-02,2.721344981063439916e-01,-1.104615643547918821e-25
2.263296463529521799e-25,-2.392763583399442479e-03,5.494050268660008562e+00,3.815023814858371984e-28
1.246455850799462430e-25,-7.989284448657037879e-03,3.382647636072121156e+00,-9.670362932559473730e-28
-3.159173518761175223e-25,-5.943064027988804315e-02,1.703626752870900096e-02,-1.877244596314315047e-26
2.174631726381835929e-24,-3.630882614724148527e-03,4.001584691996052712e+00,-5.151584624508407335e-27
7.047109127493205593e-24,1.365753681417566185e-03,5.514073235739489043e+00,-6.915560394323283350e-27
-2.145529337182051597e-25,-2.017112333764460239e-02,5.284835585877743824e+00,-2.344312729654970583e-27
1.367513402581939467e-24,-5.126852218769557476e-03,5.208258443981890196e+00,3.335828383178716962e-27
1.475349022250639748e-24,7.713205106598021096e-03,4.204996608219717658e+00,5.529379152982965510e-27
-3.869075149925629250e-25,9.190027968535496514e-03,8.032116546083609698e-01,2.469068976944599359e-27
2.021485535597979215e-24,-3.883162947745623633e-03,2.000797225477017882e+00,-3.272341216536229402e-27
-3.812566712837317346e-24,5.580239558385795967e-02,3.156326392884310383e+00,-2.127272640667547174e-25
-6.972963240165115764e-25,-1.816662777230437483e-03,4.836531374731028343e+00,-1.568540467330780590e-28
1.600357202169882682e-25,5.339605787599427389e-02,4.996599332726409770e+00,-2.396091870917858025e-27
-9.951175857781499456e-25,-6.539850507242239708e-02,3.530373418989433798e+00,6.022246597670316245e-26
5.137312062123320470e-24,-1.347436892935410758e-03,4.523882811860793218e+00,-1.297163787343533007e-27
7.057994862685605433e-25,7.514998067222279123e-03,2.228289743326731909e+00,3.241508671000299570e-27
5.518935057188946954e-24,-1.974581472348949790e-02,3.168514712252807008e+00,-1.089363787907930188e-25
-4.090893053755694725e-24,-2.417508740947351895e-02,3.819070715123965343e+00,7.705673626616706715e-26
-6.114317685119050265e-24,-3.854520524208488591e-02,2.592461306490847939e+00,2.010278887391037993e-25
3.788852500150449503e-25,-4.655781664950533333e-03,1.990643566603777170e+00,-7.190462350666265582e-28
3.374327381612193580e-24,-1.107658682426089329e-02,6.016970611804767444e+00,3.605940905628672952e-26
-8.099455399240257324e-25,3.172746863557782300e-03,2.291908908384576726e+00,-1.696603600346664921e-27
-2.318117712816114376e-25,-1.672964573119573722e-02,3.868698932931328827e+00,2.897353967007056288e-27
7.156752236406350850e-25,-4.823588070196625603e-03,2.590049081614867799e+00,-2.940230363744972363e-27
2.981134161262405396e-25,1.900159686257515620e-02,1.654466051018855133e+00,4.734053028449847854e-28
-1.186541967620316097e-24,7.298330078281476362e-03,6.188325682223372759e+00,8.620842302527605319e-27
-6.006851787980258266e-24,-2.701649300323261029e-03,2.397139198147163253e+00,1.193531713042734405e-26
2.698732452517347059e-25,-2.317495318970881971e-03,1.880556351158652939e+00,-1.906498783854646041e-28
2.387854978455199336e-24,9.204376629422241982e-03,1.213494501026955552e+00,-7.687006473822494749e-27
6.657117894732769189e-25,3.719652318283617198e-02,1.661864413799384765e+00,2.251927204624262409e-27
6.941095007186617641e-25,1.826620318546723657e-03,4.397233646184053879e-01,-1.147260927956194695e-27
-5.967297197323615465e-24,-1.093629584965720436e-03,2.679771267736750229e+00,5.842363394182001486e-27
-8.984623224498459297e-25,2.466007318787950126e-03,2.700975715593777693e+00,-2.003998454468836896e-27
-3.171871711015556442e-25,-2.473954644775953546e-02,6.227075034266260189e+00,-7.834717286423304288e-27
3.744879419950379995e-25,1.169755584601063709e-03,3.411971357815970052e+00,4.221445838413825509e-28
-1.191977341686456487e-24,3.978634567082533352e-02,1.526208089948618341e+00,2.113870787463305792e-27
7.088953054896686421e-25,1.229522750029968942e-02,2.509903753499127976e+00,7.034108692612105740e-27
-1.288330104850088409e-25,5.636858980189782958e-02,5.360335832555937152e+00,4.383066398839066254e-27
9.163115220959689689e-25,-2.243496777870058675e-02,5.823861563706408617e+00,1.842669465548863680e-26
-1.409162150876187288e-25,-3.539138087511081721e-02,6.038028096483943230e+00,-4.838097491551128816e-27
-9.030169040532388325e-24,-2.547418030219031695e-02,4.893481852662981524e+00,-4.143058837139119655e-26
2.602519690680504628e-24,-3.387932193827235261e-02,5.619883022325518063e+00,6.947598165112575340e-26
1.581640473709686597e-24,-4.153259207580734143e-03,1.828028056745204299e+00,-1.671172673046719464e-27
1.818571689504215324e-25,2.578570878742793889e-03,4.325873440423568361e+00,1.767700057191095684e-28
5.477210532438115742e-25,-3.930708385810111061e-03,2.992488697849585932e+00,-2.129044064170362167e-27
1.391896386296512367e-24,-6.648270856521550261e-03,5.106284943280453348e+00,3.551469244778089600e-27
-4.598891574692466167e-24,-1.797610955587678914e-03,4.229722822478204414e+00,3.837073518942570719e-27
1.194142793558320002e-25,3.354044214665889007e-02,3.691238026201149935e+00,3.415279991655122869e-27
-3.753199605138526331e-25,-1.252840218701527014e-03,3.616331179369599358e+00,4.182158294580538350e-28
1.037603859343346488e-25,-1.847744723272083190e-03,5.178576528181346283e+00,8.617627725706441539e-29
-8.323319906064472438e-25,4.097367536183411235e-03,4.023845866206520405e+00,-2.166993105994960990e-27
1.180700413817056678e-24,3.886324989484939759e-03,2.682617179146934205e+00,4.113698414744216765e-27
4.045939856427845619e-24,7.954628089910233124e-02,5.500000357164514853e+00,-2.280779844741443406e-25
-6.496701645985599114e-24,-6.509492785537372705e-02,5.341005682885600514e+00,-2.486777537633878255e-25
7.219679081452010475e-24,-4.465674747555214118e-03,1.256206118356723467e+00,9.976149106704897854e-27
1.094883128892074473e-25,-3.865903136715333893e-02,2.320941677676852777e+00,-2.885630767916708320e-27
-1.497705276935902459e-25,-1.061540166366611382e-03,1.791836898564954650e+00,3.485719866194983637e-29
6.158005329013856493e-25,-1.252727781040875905e-02,5.124707881198596660e+00,3.091391496469351846e-27
-8.457485359278511448e-24,4.081210554090127125e-03,4.018137566944782080e+00,-2.208419060211750406e-26
-5.213558383888975319e-24,2.397472209889038326e-03,6.371985168238610830e-01,1.004655718119831667e-26
-8.337452640159038322e-24,1.941463126319424581e-02,8.201684205662073124e-01,1.104102362880710454e-25
1.120870532490730328e-24,-2.768993016675666899e-03,4.209658516984468690e+00,-1.495416249448302653e-27
-1.596472780866522144e-24,1.085858855933211249e-02,4.998629187334843849e+00,4.894616954484937879e-27
-3.706634006093741936e-24,2.488660462299780666e-03,1.827880260207410013e+00,-2.345447936206640257e-27
2.837103469119954090e-24,-5.060973513811349231e-03,8.338763276958879311e-01,9.649062637098524822e-27
1.079611373314867639e-24,-4.457806575349340661e-02,2.539679107977416361e+00,-3.966884382044920872e-26
3.252995479106204895e-24,-1.045155306327299159e-02,4.959114871658981016e+00,8.303551007692604895e-27
-8.143904995324120460e-24,-2.480854003824991324e-03,2.379358158808458634e-01,-1.963462780368252715e-26
-1.446153552550847050e-24,1.539359005472996922e-02,2.599087064246618173e+00,-1.906514000639340875e-26
-1.388456481701412678e-25,2.826327138962918002e-03,2.338276155609952944e+00,-2.724687728318012131e-28
2.272847978053363924e-24,-5.153115567512628684e-03,1.872930262087686204e+00,-3.485075035685969122e-27
1.215309673112548468e-24,7.520266412995908582e-03,5.555963724692817074e+00,-6.827393721517815393e-27
1.996275392919226990e-24,-3.277719188864322737e-03,8.742160395412920115e-01,4.198125903608299738e-27
1.017806988943505327e-24,-9.385393994310325949e-02,1.375269593905098064e+00,1.855894631534214266e-26
-9.155116468251452404e-24,-3.819078831450096329e-02,9.847926805511970638e-01,-1.933640733720700508e-25
-5.719107688283051532e-24,-2.169615882131314955e-02,6.189613556978630360e-01,-1.010630389399216300e-25
4.069382953657193671e-24,1.461128708673433644e-03,2.186797639253636127e+00,3.435394312316634195e-27
-1.330082564249426150e-25,6.773897201017542967e-03,4.723833987741545393e+00,1.031154631871365744e-29
9.410081191209917962e-25,-4.573794083471024313e-02,5.416546180812482625e+00,2.786359283258425456e-26
2.955846793050164246e-24,-7.641085329330189746e-02,4.814784974984154253e-01,2.001811656955943892e-25
-2.876403697188863564e-25,-2.195133507765439224e-03,1.201835103845719344e+00,-2.277156130169875243e-28
1.507982735083261366e-24,-1.270750034574334242e-03,5.560987010106464901e+00,1.437880941859679244e-27
4.492865767733203969e-24,5.204762803934255555e-02,5.140124571215302751e+00,-9.700076003847760280e-26
-3.735567149046866029e-25,-3.406417203528266848e-03,1.046691807166739041e+00,-6.368022629927660224e-28
5.912335818087648601e-25,7.093280601529634855e-02,4.861879121598109421e+00,-6.245971927864868238e-27
-1.460917540856046283e-24,-5.223585477628400753e-02,5.396062458292592900e+00,-4.820228095707719418e-26
5.134715192241123304e-24,-1.261557076416669606e-03,3.947617390744369015e+00,-4.485004583681577150e-27
3.997315547538831285e-25,-1.773461268404608049e-02,4.275282943436526928e+00,-3.000946680471194730e-27
-1.054179290114470360e-25,-5.931434948713248945e-02,3.084442721012912725e-01,-5.957707721629178466e-27
2.899121155876255074e-25,-1.082959830777421775e-03,9.555409779037938867e-01,1.812092048100671592e-28
4.643695588283049782e-25,-1.295024278369038629e-03,1.390742401640798986e+00,1.076948930943457165e-28
3.259267313389687392e-25,-5.780177298037748185e-03,3.813184149837613557e+00,-1.474789103870755717e-27
9.077468076121653180e-25,1.057928686062369755e-03,1.424005195042968408e+00,-1.404624213665245021e-28
-1.093351794273898412e-24,-5.219047871313691432e-03,3.118042991331765545e+00,5.704673121271599958e-27
-2.010165116228619459e-24,-1.883642845036608005e-03,3.780260575486749097e-02,-3.783727984166372088e-27
9.208327670984857510e-25,1.065082062819104700e-03,2.764481620943147089e+00,9.118465757118730838e-28
1.515773324453261688e-24,4.670837134034023369e-02,2.035753718316012151e+00,3.174532555283217669e-26
-1.785489369845530104e-25,1.772820788247613053e-03,1.665440363113906308e+00,-2.991347032525723786e-29
-1.107853890332095707e-24,3.754238669553839041e-03,2.955535045623002510e+00,-4.087365837008106831e-27
-1.196065069531554772e-25,1.381770285006202279e-03,1.111311511245367534e+00,7.329443102837018159e-29
1.133765362833911128e-24,4.478487126631523069e-02,2.711859113169810875e+00,4.615886145076585776e-26
-4.233789490027021889e-24,-2.552304757480375330e-03,2.689642934835134280e+00,9.720977741840710316e-27
2.160466988610774357e-24,5.107105166410484676e-02,5.054868731485540501e+00,-3.705390525231369035e-26
3.680391474600808966e-25,2.946004381083485585e-02,2.759420984168563962e+00,1.006024181849304294e-26
6.624973714977093498e-25,7.613424879850509697e-02,2.349629279194471732e+00,3.543065591505138805e-26
1.128546445847090950e-24,-1.832135184055706800e-02,1.100149162961005844e+00,9.376029881277746420e-27
1.488715888044057127e-25,-2.536260452095598188e-03,2.878004227653844449e+00,-3.645360788456859226e-28
6.264359839119748164e-25,4.888654339967990481e-03,1.853002956033072968e+00,8.528119562089495625e-28
2.481800096926219230e-24,3.572638314503978618e-02,1.860417366771180525e+00,2.532196641986438621e-26
-6.403108292690481462e-25,-2.849890701450920674e-02,6.279060545003500415e+00,-1.824800354992993194e-26
-3.601091209791959035e-25,-4.058471140121284321e-02,3.145654696701106978e+00,1.461480417350234193e-26
-5.003355107046403517e-25,5.948759484832827175e-03,1.765475658488890209e+00,-5.757856193443171605e-28
-1.289842671042972581e-24,4.272387190428317966e-03,4.936957377623040877e+00,1.227155259369828482e-27
-1.315054909672293053e-24,1.420992402030428307e-03,1.455497207141893901e+00,2.149804480817951454e-28
-6.459654502660785529e-25,2.858404287504964000e-03,4.325914942451547951e+00,-6.959655327050341640e-28
-1.518226245180236282e-25,9.092368685862201039e-02,5.947411458330192247e+00,1.303338156699183906e-26
1.030462886326404305e-24,5.133520276797374875e-03,2.727152121871588619e+00,4.842068261164334143e-27
-4.673924039780751749e-24,4.435240045091781713e-02,3.251411694319483292e+00,-2.060509660218239836e-25
1.816640637598593028e-25,-5.349420664814050208e-02,5.515909970006243945e+00,6.995044408371661606e-27
6.949535592387290522e-25,1.547863222772993819e-02,8.959331809887723930e-01,-6.720827676529170902e-27
-3.539866175402808677e-25,-6.373548631310030355e-02,3.834051382836262789e+00,1.736511111617814047e-26
-4.566968751588867421e-24,-4.066366564799131500e-02,1.404825187545842180e+00,-3.068113563385158011e-26
-4.465389849557996147e-24,-1.502822592303656004e-03,2.527910943272220212e+00,5.486211756212160327e-27
-4.255161873468827540e-24,-5.102909028790705154e-02,6.267372651977249909e+00,-2.171098935168605446e-25
-1.372706013144042848e-25,-3.085503735712231618e-02,1.494373647193827925e-01,-4.188285003282335205e-27
1.084658756428721501e-25,2.092745236913348683e-02,2.054332660370297603e+00,1.055312715646150878e-27
-2.116962858442181891e-25,4.417910420182897396e-02,4.257945751037161664e+00,-4.105416175645710150e-27
-1.278169557627483124e-24,6.091859262819270676e-02,2.387320160196877428e+00,-5.674515145811089310e-26
-4.923636371647674722e-25,-6.867187458844657699e-02,2.966694163417529229e+00,3.329571219797117008e-26
2.854935056902571747e-25,-5.344170714822826102e-02,5.356359694543219696e+00,9.160087097725389553e-27
2.403257850624494953e-25,-1.487557999595103160e-02,1.152984198942017535e+00,1.450592373211869479e-27
-1.553237117759179432e-24,-1.466108598136422157e-02,4.309242506761583158e+00,8.933841959120730936e-27
-1.499446992012533948e-24,6.065734343950059809e-02,3.373291971073422157e+00,-8.852200131877266470e-26
6.305600666960545086e-24,4.163253535311105952e-02,5.160463389078175922e+00,-1.137309543349958268e-25
4.757478134945768895e-25,1.310334169198901916e-02,4.947366725080097893e+00,-1.451381740591706628e-27
-1.047177049776705706e-24,1.610326254508031088e-02,2.945266217617422910e+00,-1.653902578800715654e-26
4.449135512873289883e-25,-9.188072123838257610e-02,1.748396553909976170e+00,-7.222009684310898001e-27
8.357186085412578396e-25,-6.103392543301616388e-03,5.220607863315995800e+00,2.482122014203472835e-27
-4.997905395596867145e-25,3.735511366775182140e-02,2.796052940650506358e+00,-1.756621655414616298e-26
-3.756430567539110607e-24,-2.589377273030975951e-02,4.228355319068050067e-01,-8.870166051751669605e-26
-3.046854407636579682e-25,-1.044469810886263644e-02,1.455521250172818304e+00,-3.660334242785046503e-28
-6.879188607793610810e-25,5.250022378771878467e-02,1.952759149008307826e+00,-1.346193074047502993e-26
-2.606390936503066429e-24,1.420339708693981080e-02,2.115525082393844958e+00,-1.918304581335269476e-26
5.717892689433081561e-24,2.324346834272227741e-02,4.825904248643939076e-01,-1.177254943463021129e-25
-3.557377909169445778e-24,-2.281895766168917997e-02,9.697547321254453845e-01,-4.590498213277752989e-26
1.988906678140977510e-25,-4.775521206614134762e-02,2.369021600147269258e+00,-6.801740770550908428e-27
-5.493424576673021050e-24,2.238434090434301624e-03,2.508877012227909820e+00,-9.916336561673827629e-27
-3.141036779418869746e-25,-6.480570187279560516e-03,4.261076829752575179e+00,8.878075066253717748e-28
-7.626340497781407258e-25,-5.021123301370358782e-02,7.977430608181531602e-01,-2.674077702644753840e-26
1.309247479244835304e-24,-3.177024576446528178e-03,4.108760203826809843e+00,-2.361078888733075820e-27
6.939057314975231389e-25,-5.351765992120430943e-02,3.717380542625444484e+00,-3.114850052553423398e-26
-2.735764240214956097e-24,6.467534713893086096e-02,6.178124663650564230e+00,1.759609103341857786e-25
2.581578972942222551e-25,-1.340624442148025119e-02,4.636703522627469098e+00,-2.616919019513662720e-28
-8.888051410856880005e-25,-9.606851969051644069e-03,1.105917054008241251e+00,-3.827990222422679232e-27
-1.344869259546050744e-24,-7.717960984444599028e-03,1.266598422731527729e-01,-1.029650084857071629e-26
7.723363806852828558e-25,1.114639131020946864e-03,4.262386961080051329e+00,3.744531076592809881e-28
1.262437866675629757e-24,-1.238606529093151188e-03,4.901398835948667099e+00,2.937912788958969006e-28
5.020622706523699024e-25,3.381389811296453898e-03,6.401975951653308960e-02,-1.694190462893234091e-27
-3.724819131002608413e-24,4.913564418238675069e-03,3.626781650739338225e+00,-1.618983073595765305e-26
-1.991453225389003486e-24,8.685661628005844279e-03,5.407045303702342487e+00,1.107223742380554536e-26
-2.012778400736874953e-25,-1.579804144271680297e-03,7.672757998086449094e-01,-2.288830954497389407e-28
2.694809897250830069e-25,1.794250143166324770e-03,5.207896046629358011e+00,-2.299012651054666818e-28
7.258574943365806332e-25,1.407695905433735580e-02,4.632852844608551734e+00,8.118330212474821090e-28
1.142906814518561241e-25,-3.805072967019505759e-02,2.544336181834695676e+00,-3.595979023556276512e-27
1.104115179520457166e-25,8.114976846295261781e-02,3.874179104966470888e-01,-8.295832215346929298e-27
1.019269316312877368e-24,-2.625159809435732589e-03,5.763878955665196813e+00,2.322984359630194755e-27
1.945458642748637293e-25,1.717851539300368699e-02,3.324452033951839969e+00,3.286290338744576794e-27
3.061158893823289265e-24,1.958525338375833886e-03,2.152464959905942887e+00,3.293962724743715587e-27
-5.967771057741410495e-25,1.289564857099381213e-02,7.656476112524820410e-01,5.548181721013746295e-27
5.749757030360794821e-24,6.566659213509638653e-03,7.077110714008418846e-01,-2.868949600383609071e-26
1.324866079555237828e-24,-8.397662227900698495e-03,2.985390851392317746e+00,-1.099032463644646569e-26
-3.778019411779733031e-25,4.373943568753226041e-02,4.373525378196023716e-01,1.496946179498633098e-26
2.140916799637696046e-25,-1.326262494623216661e-03,1.995427805354326622e+00,-1.169797529486566817e-28
-3.399172753808475998e-25,2.000284795383411220e-03,2.145756955734556826e+00,-3.697478624129247911e-28
6.929224490610864169e-24,5.407995795446642745e-02,4.898348915652347202e+00,-6.928423217241492107e-26
1.201648606600711001e-25,7.644018050457074970e-03,6.169241086267632568e+00,-9.125859637045372231e-28
-2.819577344742978075e-25,-2.746105979169297800e-02,3.548271250678876054e+00,7.111348396952469318e-27
-1.150868725196579940e-25,-7.109545195842144338e-02,5.956500080436010869e+00,-7.749409551039087028e-27
-6.910412151514911924e-25,-3.519390897572047348e-03,1.986869938206748065e+00,9.829645840751576953e-28
1.057980574878728053e-25,-3.189899318429530086e-03,4.773668100389496516e+00,2.066785234717148831e-29
-7.565959072801923497e-25,2.083187376607091926e-02,2.902974683971869307e+00,-1.531472251765128615e-26
-5.443559664388259182e-25,-4.748316197748419371e-02,7.790397853851340759e-01,-1.839295657543058071e-26
5.661440400020523586e-25,3.386926154972160711e-03,2.660464968500127814e+00,1.699802573852257931e-27
-2.722302469849179817e-24,3.511595614800832807e-03,2.460952864076873858e+00,-7.429456612074016595e-27
-5.598835681459534169e-24,2.889874068560014178e-02,1.282840330360596859e+00,4.594986473800080779e-26
4.692978414513244774e-24,-3.385880961090240171e-02,5.925842752911740341e+00,1.488609813040235065e-25
6.509563254705933339e-25,1.745457140168460430e-02,5.817437664138405129e-01,-9.493153105700824181e-27
-1.084322043094754611e-25,1.156675964417114115e-02,3.997663804743007532e+00,-8.220211230991439163e-28
-7.553978335594149584e-25,-5.899090179129683371e-03,3.958342746504414311e+00,3.050659273082494128e-27
5.367340876794751289e-25,9.193636994231228765e-02,5.228649609574064883e+00,-2.435843938821767800e-26
7.518011860428605846e-25,-2.745652356975228012e-02,5.049266969293721097e+00,6.823001125381120625e-27
1.032721070379909708e-24,6.155294759181672778e-03,1.931631925731777555e+00,2.244272909519315017e-27
6.228882125863487269e-25,-1.269710397296681297e-03,2.324987900738294949e-02,7.906738896282814763e-28
1.343264584210144869e-25,-1.310040705008414658e-03,2.535530706913476706e+00,-1.446318986644843045e-28
8.931841952465475970e-24,8.581882050040182813e-03,1.945088099523892611e+00,2.802500552562307876e-26
-2.982610255660229927e-25,-3.174717085639257915e-03,3.403318109203726127e+00,9.146478468431319676e-28
-9.689668680663930698e-25,3.104602628708842682e-02,4.752888558106449501e+00,1.217998389413220983e-27
-2.472093577270262153e-25,7.689965114476552364e-03,3.658066762121024995e-01,1.775250577065373049e-27
1.231346594462715028e-25,2.158598377123875298e-02,2.258928217315816944e+00,1.688072359634033326e-27
-9.691414565723110557e-24,-6.943490242356769281e-03,3.640397289703550587e+00,5.909302071814937974e-26
-2.000121643599443592e-24,2.092861335923385663e-02,5.890413565489548198e+00,3.867222304932764550e-26
3.642994928665255730e-25,1.452266100194727835e-02,3.118346808103242829e+00,5.289168663984551244e-27
7.580518777085445923e-25,2.799116154152645006e-03,2.004892761636382748e+00,8.924412398405892062e-28
-1.743805955127474766e-25,1.024461838672963317e-02,5.624625211144745229e+00,1.412867297525013044e-27
5.989931172476787968e-24,1.893453194541259987e-02,9.039453902910733474e-01,-7.014978870582725012e-26
-7.701407492051065079e-24,-1.611529120760472585e-03,7.216922507989667057e-01,-9.316830670425195270e-27
1.705769248973749682e-24,1.127150693754433788e-02,2.066733824750484949e+00,9.149096081903540966e-27
-7.892321893997657454e-25,1.995186304784343952e-03,6.088875084041759145e+00,1.545031774732724086e-27
-2.386548953001653887e-25,-1.391058096756642333e-02,4.611333228972636533e+00,3.349170143504447246e-28
-4.378904765167704647e-24,-1.391242689529867882e-03,6.203495671676295231e+00,-6.072785664537477193e-27
-1.422866742884505357e-25,-3.067177609733749526e-03,3.089924515312007625e+00,4.358361004679850555e-28
6.032335436065034068e-24,9.720533530757910490e-02,1.566523923133684992e-01,-5.791950747390245395e-25
-1.058050734779649121e-25,-1.257429609275792157e-02,1.543420037151121305e+00,-3.641753226973443601e-29
-7.965069136187293550e-24,1.461087328807742555e-03,1.905786618205372207e+00,-3.825997634904308417e-27
1.122160286379193368e-24,-4.773855900646240685e-02,4.061518142478816706e+00,-3.245715227297681140e-26
-8.627998428190846980e-25,-8.480576462188380016e-02,1.339264725060532513e+00,-1.679030382798635823e-26
4.924505519756900445e-25,3.436789468024490680e-03,4.145686054611134708e+00,9.085967792972507072e-28
7.709232279049220098e-25,1.416009602016884234e-03,2.088934146543777626e+00,5.406465366765293345e-28
-8.303488873057275442e-25,8.815484688673234925e-03,4.745370735975591892e+00,2.413803053656705443e-28
1.863728101661785732e-24,-7.947150874437784729e-02,5.186120931581672977e+00,6.757082255584410063e-26
1.920082781651603902e-24,1.000140192610349428e-02,4.716049939723381712e+00,-7.030314748637568255e-29
6.637373737039488858e-25,-7.041256811265566955e-03,2.790006118259028778e+00,-4.387652906426572850e-27
-5.998926266965439994e-24,3.232331439656450228e-02,5.427414897072395661e+00,1.271314076320717137e-25
3.513181665870262782e-25,1.841842594346174925e-03,4.649022721251671264e+00,4.097514641845866688e-29
-9.961004941849129759e-25,3.356210033140578052e-03,2.250080032845745315e+00,-2.100269529050154945e-27
5.552209644310481494e-25,2.131940674232706695e-02,6.318066137942592864e-01,-9.551992349397061248e-27
-2.583517939309302788e-24,-3.483768999644690917e-02,3.018300797409098291e+00,8.932059462762345999e-26
1.338731863239599661e-25,8.835990006262252339e-02,2.726224179814012327e+00,1.082317239387891984e-26
-1.018666442107536780e-24,1.178601132499338018e-02,5.143940075243585319e+00,5.021877940280961339e-27
5.027440956922247809e-25,1.202306949984778767e-03,2.931533919303311642e+00,5.911660451730251465e-28
5.150312770104024788e-24,2.948308476392258286e-03,5.805570819755636158e+00,-1.348545021527087805e-26
-1.742813298596706894e-25,1.232732156706939364e-03,5.264347385922111933e+00,1.126537565260676053e-28
-4.193702118079467759e-24,-2.552089297435212317e-02,1.185931859039988767e+00,-4.018153218892702857e-26
-1.230985708326716453e-24,-9.211456661807408686e-02,5.237433058944837683e+00,-5.683772715613598388e-26
-8.423544122823715742e-25,-1.412281540325400564e-03,6.182880719590604812e+00,-1.183662104579416194e-27
1.008931874075113380e-25,8.876028209279279019e-03,5.905263902913856278e+00,-8.323364146878532053e-28
-1.780204029412367664e-25,-2.690072774019726734e-02,5.565731271738698638e+00,-3.608333959305482689e-27
-9.571184796094933495e-25,-1.595548094810992842e-02,3.005179363506153667e+00,1.512941735459883878e-26
5.709394613351091260e-25,-1.176097272348635737e-02,1.396168156420949602e+00,1.166643210369276383e-27
1.945953283239316164e-24,9.867211883879314915e-02,5.047529926128613731e+00,-6.315296487947299129e-26
3.652902218862424371e-24,-7.164436146153753751e-03,3.281612940091108932e+00,-2.591485359056234292e-26
-1.778130359294523681e-24,3.827472795024949252e-03,6.226666061137194674e+00,6.794878247080138508e-27
-9.216515784844601644e-25,8.750834400699061474e-03,4.679944831790052162e-01,7.198005631587968590e-27
-2.514177588470563458e-24,1.918040206189912389e-02,1.116975145135210346e+00,2.114108614016934424e-26
3.071932325260583153e-25,-2.144809664210929265e-02,3.256717985493565060e+00,-6.545095481041798183e-27
1.615467168925507398e-24,7.027804503491115462e-02,3.933281294355361002e+00,7.977257908438085440e-26
-3.469310776542277305e-25,-1.521164971323652262e-02,3.931800380513201798e+00,3.713690255638763252e-27
9.220091053248015319e-25,2.073402512536921469e-02,4.515571960027083165e+00,3.738298535054192958e-27
-4.269189246504019665e-25,3.549173379655268679e-03,4.474359419614977185e+00,-3.572684750720094335e-28
-1.107301498105164651e-25,-3.419959469592529638e-02,3.823917847536816961e+00,2.939065845202470962e-27
4.113264146617036440e-25,-2.174991981082880985e-03,1.771310049945465037e+00,-1.781862801657131079e-28
-3.291020449030744983e-24,-2.025433165873165558e-03,2.741432987634298879e+00,6.139140388816201120e-27
6.132696781542722226e-24,2.624591287666958733e-03,3.475726796033259958e-02,-1.608610110001261557e-26
5.572549816126369695e-24,1.597755950909203774e-03,3.285236711127130338e+00,8.811875999403844078e-27
-1.301865050526786152e-24,2.695759727296423436e-02,1.071274380605673926e+00,1.681078753106734560e-26
-2.438491845166920704e-24,1.391702524173590036e-03,5.581657340067923412e-02,3.388370179163063696e-27
-3.505395776437107197e-25,1.160397608019842451e-03,5.709071121853812603e-01,3.422568368908830578e-28
-1.355103252867048670e-24,3.999401639941013026e-03,1.853324501787193546e-01,5.326791719037621778e-27
-6.687785873328182186e-25,-9.265426721388608788e-02,4.659684500826849707e+00,3.264331340451958930e-27
1.614030576226169985e-24,6.042245669071564552e-03,5.005104302491268697e+00,-2.814076465179864341e-27
1.177624293706958297e-25,2.438103040646903870e-03,7.466882972649421246e-01,-2.107272472111644386e-28
-2.834344090881725933e-25,1.181043288793460350e-02,6.059338276355646258e+00,3.263965686822308146e-27
1.501948939078663246e-24,1.814519314528312364e-03,5.266387185233863732e+00,-1.433765544602079840e-27
6.098853967983164746e-25,6.569249385415687481e-02,1.818102780444941891e+00,9.807615467040889163e-27
-9.831638941380955339e-25,9.826326325156299266e-03,5.249666889530325342e+00,4.944436635922100431e-27
-1.804795347661458791e-25,-1.265810101202333865e-03,6.157705400295101938e+00,-2.266566583067064973e-28
1.445445078333568191e-25,-3.651563357274514691e-03,3.993662501615944826e+00,-3.475264522058407863e-28
4.389910503575507248e-24,-6.976739229440923756e-03,2.870373715957667660e+00,-2.950768288102115701e-26
2.135319504753325338e-25,-4.075125151341669333e-02,5.163292184015650932e+00,3.792012504858673845e-27
5.442058309187519161e-25,-2.364874319295879809e-02,2.984131655898787816e+00,-1.271056682498753328e-26
6.279596436849772855e-25,3.112746758027303343e-02,2.595811297217212488e+00,1.670707361967433139e-26
3.257100412956216266e-24,8.912618975445069092e-03,3.380867137828764690e-01,-2.738597546718667458e-26
