1.272863420760025670e-21,3.077303349856882733e+02,2.840506944198281758e+00,3.740781516198503185e-19
8.104450922946406632e-22,1.237933328527952597e+02,4.951864317125606041e-01,-8.827634925891010313e-20
-2.815754586878288537e-22,-6.191611993530623295e+02,6.027866078384760407e+00,-1.686889511218391249e-19
-3.323238577251881489e-22,8.146351413281369105e+02,1.981486404301960436e+00,-1.080839011238738516e-19
5.763713327716919566e-21,-5.400748296124293546e+01,1.836000842307222491e+00,-8.158951112226521655e-20
2.302440169878272587e-22,1.181498282955271684e+01,5.857610199581550603e+00,-2.477679704917426804e-21
4.824446841480895906e-21,2.642052885082120284e+01,3.745279062577735463e+00,1.049349076238294044e-19
-2.846245942162566988e-21,3.533694627867942586e+02,1.735867809000064765e+00,-1.652720363187524194e-19
-7.290421369695488957e-21,1.889272004003128913e+01,4.128229465495638628e+00,-7.596113183085610675e-20
-2.065543598241905995e-22,1.129796230855930439e+01,4.756186346670035370e+00,1.021747608002024436e-22
-3.459834960245478897e-21,-7.750584896877919050e+01,5.322250222385015661e+00,-1.535881751772479359e-19
-1.226776611011225874e-22,-1.178297667959078154e+01,1.097219666631183310e+00,-6.592560496070163173e-22
5.439132236587638619e-22,-1.071225690135187563e+02,1.702183269334717863e+00,-7.633304375785958550e-21
2.548783355766586520e-21,-1.076315176943322456e+02,2.092928175816113789e+00,-1.368160560605726047e-19
3.847982536599511229e-21,8.918148908462804911e+02,4.400837587240520321e-01,-3.104703099222459558e-18
-4.301511155962098034e-22,-1.885073608385799560e+01,4.194018039721166602e+00,4.017565864885928604e-21
7.417862613871025107e-21,4.029608884469487862e+01,2.008589905400614661e+00,1.267209137201969384e-19
-1.323314122665180920e-21,4.631195795292859998e+02,4.928835044360523554e+00,1.316162263198855715e-19
-2.910425919411549483e-21,-4.778078294431433193e+01,1.313961164626892941e+00,-3.532474976905282167e-20
2.290303753921655464e-22,-1.048958182936458350e+01,2.771963713004849783e+00,-2.240176061354823671e-21
6.204277463945972744e-21,2.599004591464128922e+01,3.385974603098063973e+00,1.564582594057089301e-19
3.997618475756610742e-21,-2.610597501220333427e+01,6.073629069017716375e+00,1.020786404266323798e-19
1.875910686823762259e-21,4.230689987448037073e+02,3.963822041653041861e+00,5.401428210088038645e-19
1.197835724367337356e-21,3.586513864626630266e+01,2.837520593335191244e+00,4.098973777192070665e-20
8.036559655495750195e-21,6.512693869088980136e+01,1.965400977392711912e+00,2.012162636145352753e-19
-2.815763506784132924e-22,-1.085891589983501007e+02,1.114463981411760313e-01,-3.038645316057569687e-20
1.026086993868089034e-21,1.396829740805826248e+02,5.728480680136244452e+00,-1.218358837077379558e-19
-6.775185384748042001e-21,9.197993060012265687e+01,5.387177216036351801e+00,3.893211489565656963e-19
-2.471466718657334473e-22,1.954660679625374442e+01,5.714648108925507231e+00,4.070930606830038927e-21
5.087069775841391443e-21,-1.143624339320217231e+01,4.019771210859405919e+00,-3.714913239466150750e-20
-3.360956642878256682e-22,4.755572569140965129e+02,5.301970339589781922e+00,8.886909425398991037e-20
7.986850913431189014e-21,4.582287865149195483e+01,3.385261897203551307e+00,3.551691614744455872e-19
-5.408338544232338772e-22,1.700729552691575819e+01,4.333932049942358589e+00,-3.398586520422436254e-21
-8.876237618609981353e-21,1.309999778903552148e+01,5.208400223483674374e+00,5.533950339177463486e-20
2.367489692189344659e-22,4.117177163810457046e+02,3.479425852757580095e+00,9.196404659154371188e-20
1.166091594883804582e-22,8.779637193558055230e+01,9.481678401823464553e-01,-5.970438250426836104e-21
-3.311735592110494308e-21,1.277611886273912347e+02,2.208946552306834565e+00,-2.520519244609659637e-19
3.185426634118240244e-21,2.310758346999856983e+01,1.287305373468652814e+00,-2.058868039901085739e-20
-9.187591114960623366e-21,1.563789444313264028e+02,2.223174469889567462e+00,-8.722166144550108958e-19
1.299106272593947185e-22,-4.805246839048530916e+01,6.092899790728900200e+00,6.129850412851067068e-21
1.609301151567960681e-22,5.799039252381795961e+01,4.290502717063348070e-01,-8.486523461077567080e-21
1.129247751452148981e-22,4.184125689186843999e+01,1.801882125478102781e+00,1.082168883189470792e-21
4.064552056755369551e-22,1.737220523264906547e+01,6.123011295766496609e+00,-6.970638942212340969e-21
-2.545183411151470776e-22,3.667753701797264654e+01,2.805365197633360008e+00,-8.812396413261573066e-21
-1.772713004971011660e-22,-3.710124454005007522e+01,3.986551078283206095e+00,4.365555787778618798e-21
1.679657057459206718e-22,-1.302753933219675098e+01,1.155207486340983136e+00,8.834310406975745749e-22
5.079472265112101098e-21,-8.282940987517488907e+01,5.391170741601964522e+00,2.641531536852817103e-19
3.341657713355369817e-22,2.156837860227257693e+02,3.981515871933571038e+00,4.811092899287362374e-20
-9.056625829642747354e-22,-3.476527125358761339e+01,2.779849849608087453e+00,2.944790287928193207e-20
-4.482695210669910413e-22,9.207297091549801280e+02,1.496575775443512946e+00,3.060530688052471302e-20
5.105864702714490865e-21,-1.736048575659650339e+01,5.542346680274304660e+00,6.540792130155632206e-20
-1.731423877193418136e-21,-9.560360998021747037e+02,4.624034078855408403e+00,1.460639813257051350e-19
8.041675564789071385e-22,5.159813686232584473e+01,5.748984376168245092e+00,-3.571249034882586224e-20
-2.172014664086856833e-21,1.026088794565202456e+01,4.750127896777653902e+00,8.408800136433453277e-22
5.336331504805621175e-22,9.583330285408716236e+02,2.559588704673749771e+00,4.272030725440087104e-19
-3.722742261690679715e-21,6.786539375406666750e+02,3.656264011911589229e+00,-2.199163095357136997e-18
-5.814155766928281443e-21,7.959699578993125897e+02,4.125799241348255819e+00,-2.561650340291660308e-18
-6.778762720408438315e-22,1.367916364657664730e+01,3.903071505548434850e+00,-6.711790621269476803e-21
-6.479597677350821732e-22,3.092774536165932631e+01,5.969781608059766320e+00,1.906378402317155329e-20
-1.885594578088855543e-21,7.490879512215797149e+02,3.344438701152981697e+00,-1.383516444334015808e-18
-4.314366007226998999e-22,2.425694247764478817e+01,4.471319496139675387e+00,-2.498507378380571123e-21
-5.148829542031749576e-22,-4.428344086060354101e+01,1.517041979394512019e+00,-1.225051355625355111e-21
3.001043217297157828e-22,4.539918314893461115e+01,1.311129730698792795e+00,-3.498201701525859721e-21
3.418008620113089614e-21,1.803229251627977590e+02,3.653454968706585926e-01,-5.756667565287502700e-19
9.294910444515494315e-21,6.526272180837431733e+02,5.511633787141966501e+00,-4.348369151167514398e-18
-1.165952109326619458e-21,1.891923176644002780e+01,1.328744001963802379e+00,5.287426191457119631e-21
-1.287151416642216953e-21,2.121509692409852832e+01,5.919525652737442023e+00,2.552119857410066822e-20
8.283279552925558417e-21,1.392762301156265714e+01,5.213040886063962098e+00,-5.537558549669845012e-20
5.992907039607832018e-21,-6.419205981951498643e+02,5.585677950336483732e+00,2.948493646628173226e-18
-5.046790041525178974e-21,4.761807140009810269e+01,2.963115634807686583e+00,-2.365010011728427990e-19
-1.350658103826262573e-22,8.747878841489398383e+02,6.152802344851576066e+00,1.171510646860357149e-19
2.199457187653906218e-22,1.508759808621861112e+02,3.656455001958105466e-01,-3.099080175907388994e-20
7.166085167171154867e-21,-3.942293944562521801e+01,5.397339776191803828e+00,1.787245116345462991e-19
7.173361860902508800e-22,-5.706782068216188009e+02,3.570473099905718151e+00,-3.722924303465302219e-19
1.383580781738700032e-22,4.073608282560552851e+01,3.309509046100570284e+00,5.556894226721632896e-21
-4.029372539568745342e-22,-2.511174993959790811e+02,5.805359659889398394e+00,-8.985160684183221072e-20
2.683536667500097659e-21,6.570210195334105663e+01,4.470523809335262833e+00,4.222965782049536752e-20
4.324201533875627994e-21,5.464886244835341955e+01,2.731219869514624143e+00,2.166921631260457719e-19
-1.316235829018027335e-22,-2.850497714218970486e+02,4.870925022898547674e+00,-5.923271720211712068e-21
7.394666062778410887e-21,-1.208850364754069240e+01,3.609584215959439568e+00,-7.977883661656275364e-20
-2.384512401912893049e-22,-4.520090231464275377e+01,1.944886715850554726e+00,3.938638371639018349e-21
-4.057870203861521339e-21,-3.279211166123615726e+02,3.455505708314493329e+00,1.265635329985299207e-18
-4.115034598991384582e-22,3.174882020749731737e+02,5.900612480228386580e+00,1.212026268831345990e-19
2.569632318807760613e-22,-2.398800332733036669e+02,5.995766496924304079e-01,5.088870507222250885e-20
8.033330906295224063e-22,-1.333984264499431731e+02,5.415987967232090305e+00,6.933107476700669619e-20
3.081705533491954412e-21,-3.345068210480001198e+02,2.789854187150826448e+00,-9.677378197866790915e-19
3.059046801967047880e-21,-2.907454056568077476e+02,3.230129146915566629e+00,-8.859201903064923730e-19
1.243057594165580385e-22,3.859822883622752556e+02,2.469712689903869940e+00,3.755154403753195480e-20
-6.003351197477666805e-22,-4.319989106713032356e+02,4.553519080293257915e+00,4.102887214102469984e-20
-3.548717938752575954e-22,6.732720401795788234e+01,5.855711815540026954e+00,2.174258242997813624e-20
3.589981990149255886e-21,-9.738252304205752807e+01,5.012769339963412563e+00,1.034413363806557303e-19
-1.233018986385315157e-22,1.212489302170539673e+02,4.852253319655134511e+00,2.084192390534905797e-21
4.540799514076107113e-22,3.194098181714852558e+02,1.829974945907212991e+00,3.717120522017590745e-20
-1.305503428131645984e-21,2.821953714829911632e+02,1.884391022376154246e-01,3.618854204073630373e-19
9.099085821594242837e-21,-2.036004019140570733e+02,5.973325945202081044e+00,1.764351236342000038e-18
6.503930257220155000e-21,-1.858715133006305962e+02,4.872883549090002653e+00,1.931892622887491634e-19
2.160230312291359628e-22,1.172763309495629755e+02,4.461711780462190191e+00,6.284449676065274789e-21
1.257907221701218029e-22,-8.773407107312503967e+02,1.868627534251588340e+00,-3.238526347723590688e-20
-2.076076539907930972e-21,-1.001158882689832268e+02,1.607434980989277395e+00,7.613576377155870127e-21
-1.108522378898487569e-22,1.311116769888639908e+02,1.580949384165535543e+00,-1.475622321306900537e-22
6.635290501028591536e-21,-1.633934698211311698e+01,7.998960877833677374e-01,7.554245441118793804e-20
4.436995702010754480e-21,8.498713413139510919e+01,2.667848162424134362e+00,3.355574690934881914e-19
3.788323223763839679e-21,2.248072147056893755e+02,5.922945361062391001e+00,-7.969774003202156603e-19
-9.802941703826515823e-21,1.568267064905240318e+02,1.087948399430645807e+00,7.138028911314442400e-19
-5.450463713496669182e-22,-4.404734785004172863e+02,4.060348913367257673e+00,1.456818272992444741e-19
-9.192400883407514026e-21,2.212976925059693656e+02,2.662417886449641724e+00,-1.805150313704639832e-18
-2.227355319677600967e-22,3.562392308759180537e+02,3.104579417174739286e-01,7.555384730652343655e-20
8.005586629158893078e-21,-4.565277160846116544e+02,5.345314692531551337e+00,2.161820729132021932e-18
-5.063454626752651521e-22,1.810581348280930740e+02,1.738895926976637973e+00,-1.533855228326408130e-20
-2.295698645990459630e-22,2.409436611929883725e+02,2.098717731844197687e-01,5.409969688459618186e-20
5.578174214045711186e-21,4.424520684373489416e+02,1.823965162089095315e+00,6.181861675762009095e-19
1.195848060988333448e-22,-4.710295030557590934e+01,3.683335847195615464e+00,-4.826243372728656659e-21
-8.334827029325928368e-21,8.391754497136859925e+01,2.951206835287892849e-01,6.691994428703954216e-19
-2.965064461759318302e-21,1.583790416327734185e+01,1.586962154947545667e+00,-7.591208010163907463e-22
7.038304827713885963e-22,1.832396254043750616e+02,2.105617361991099390e+00,6.573415532417053110e-20
-9.467469783847110210e-22,-4.525980895154700789e+01,3.626915238936115671e+00,3.790151031658327881e-20
-3.661465563021432272e-21,2.528170394419018692e+02,2.832657198868543169e+00,-8.818570946329187062e-19
-7.400844167303575291e-21,1.733121620515301515e+02,4.575010717796319959e+00,-1.756553578261709072e-19
-4.370427565873910354e-22,-5.533057486069451869e+01,3.257816021345168789e+00,2.401868822073543702e-20
2.303731291837150926e-22,2.009995794576320804e+02,3.266857357404275408e+00,4.594208607101133422e-20
4.436589985467541329e-21,-4.930304643388571861e+01,3.546863413450395353e+00,-2.010187273330108114e-19
-2.965401638395568613e-22,8.814385614403976206e+02,3.877517289108215470e-01,2.419773295217517181e-19
5.759675773589851914e-22,2.935468781019014273e+01,3.673980124780508838e+00,1.456733194497801254e-20
6.603902520725119913e-21,7.129414106809324494e+02,4.056169313482961059e+00,2.872592744530652187e-18
-1.190966354811060915e-21,-3.831390844326498382e+02,3.152714776983715161e+00,4.562775361805406750e-19
-3.867416065801346399e-21,9.614715106262809741e+02,5.236629728478429335e+00,1.861272104367055481e-18
6.956219016030852765e-22,8.445198145430981640e+02,5.830090348219081342e+00,-5.281891091542320039e-19
-3.196577535315215001e-22,-8.657946226627113617e+01,2.683000397632957945e+00,2.481623832838062415e-20
-2.161349501765060605e-21,9.235004678474203388e+01,4.362122272151355951e+00,-6.849265708206036563e-20
5.827512837619788225e-21,1.075671595013976756e+01,3.219737423207865934e+00,6.249360170518847676e-20
-7.476154366485264080e-22,9.389590374267819470e+02,1.973727828442943144e+00,-2.752582272430244868e-19
1.071869304093419434e-22,1.003645090843367704e+01,2.193634245237437330e+00,6.275461155082874575e-22
1.985784308722798436e-21,1.870847845001001417e+02,4.495584815850337534e+00,7.991541331819331987e-20
1.050334855594355283e-22,-1.151097651224629743e+02,2.391833622565951778e+00,-8.848381992612557430e-21
2.717217515313549326e-22,1.321621301730122582e+02,2.027677856967956327e+00,1.584234014299016909e-20
5.902572446079062002e-22,5.485293450734808403e+02,1.578332073835729377e+00,2.439851497906798774e-21
5.243013703559907585e-22,-2.870160755118315166e+01,6.193266131006479824e+00,1.498749698115972928e-20
7.033200268712995111e-22,6.409618171588848554e+02,1.152199106037443466e+00,-1.832413401818912515e-19
8.055586242854317474e-22,-6.689201699537703689e+02,4.573108628108787599e+00,-7.480941227569636378e-20
-8.798401700916060565e-22,-9.005430780601990364e+02,3.002955457376615733e+00,7.847317258016745490e-19
-8.145985574181854613e-22,-1.982547445685056005e+02,1.947179821596995298e-04,-1.614980258652091630e-19
-7.654806292480781137e-22,2.980767599264336098e+01,5.029014160209676065e-01,1.999215232393306485e-20
-2.988126567405770860e-22,2.741681279408771843e+02,6.049293855269251008e-01,6.738669778050273406e-20
2.398814020189672897e-22,8.326614816076983061e+01,2.426221931391220998e+00,1.507737691730206716e-20
-4.665463048311332022e-21,1.444064315516562829e+02,5.475676378884748452e+00,4.657449861353991778e-19
-7.023562165058746428e-21,2.654911829602292173e+01,1.777791879167011757e+00,-3.832328465330854665e-20
-1.036607509307999161e-21,-6.700918198726317314e+02,3.437834206028917094e+00,6.643647718354695360e-19
-1.648228498460592187e-21,-2.078069193980269063e+02,6.125863844800019997e+00,-3.382834124605389010e-19
4.881783466548483031e-21,1.377910336575952499e+02,2.245499403063896171e+00,4.201912226591153188e-19
1.535125782995672542e-22,-1.474389951171676501e+02,5.441409025067859062e+00,1.507721886755461812e-20
-6.075508957793064938e-22,-1.984547739654541232e+01,5.359455461973301027e+00,-7.268627040397223399e-21
-1.078083206707988330e-21,-1.023987924274083561e+01,3.548382089139985762e+00,1.013857763514077018e-20
3.109366181625117672e-22,-2.055328659303697592e+01,3.552211589406543357e+00,-5.859529901612795157e-21
9.443607134132833896e-22,1.574895564054687647e+01,4.899727563854680668e+00,-2.769960718172163809e-21
-2.758033407366706718e-21,-1.223882237534654678e+02,2.004580075221249480e+00,1.418750046055056137e-19
-2.403790813837395845e-21,-1.510007561124108300e+01,1.270522542818865563e+00,-1.073611535900535005e-20
7.299559807705300129e-21,-8.593749427538988357e+02,3.261103931787213472e+00,-6.228313209371619872e-18
1.796818940853807762e-22,-8.715467410314427354e+01,3.201635024176125999e+00,-1.563189736438805567e-20
3.947160207123117581e-21,-5.110977835299804894e+01,5.575921570287808215e+00,1.533500199615854278e-19
-3.548173538014096874e-21,7.474477077179636808e+01,5.767170748583166251e+00,2.306754412116985609e-19
8.669335321550367361e-21,3.609034999623669648e+01,5.464902192305098438e+00,-2.138453657443256377e-19
1.425691699257318309e-22,-7.721710977505834705e+01,3.795456361713637761e-01,1.022531825093493716e-20
-2.723706052081598414e-22,1.238092439621218865e+01,6.266311440819926304e+00,3.371719803430345377e-21
-3.131941528002634628e-21,-1.431085891247338964e+02,5.622055940962141563e+00,-3.537700476241895961e-19
-2.155976130540254017e-22,4.367740099909834157e+02,2.874311517575722785e+00,-9.082378758023767284e-20
-1.052709322658090881e-22,2.089670861916116280e+02,3.579547276046322946e+00,-1.992199513175677420e-20
1.049916247568415532e-22,4.547332394488900036e+02,1.994438120504888889e+00,1.962641144972804017e-20
9.980084231153603543e-22,-2.926895396453643627e+01,2.670264166558532271e+00,-2.602570276904985047e-20
2.313615084966331281e-22,-1.889735475420921773e+02,3.196517975506210085e+00,-4.365527273448342584e-20
-7.199936819011954234e-22,-3.949056406076236954e+02,5.069958660288035546e+00,-9.951496895700878860e-20
1.196579076789456153e-22,-3.485310962393767653e+01,4.593544479185614371e+00,-4.944691681016702114e-22
-8.390609575766847553e-22,2.256010784994892049e+02,5.237927899920743258e+00,9.496440297880493913e-20
-5.157987838401561030e-22,-1.316374629554835849e+02,1.848594008354308649e+00,1.862036248807443596e-20
9.367144789052268923e-21,-5.415037608907596223e+02,3.752820291020734889e+00,-4.153966436288735012e-18
1.144790662364534771e-22,-1.614008114999424492e+01,2.096639066220824077e+00,-9.274390735439593266e-22
2.639714172818874798e-22,-3.513533728623628605e+01,4.906078140783613151e+00,1.785202482557402227e-21
3.873952295164930944e-21,-6.486976122539437029e+01,3.837249185062975076e+00,-1.929080107188415336e-19
-3.993351087799198226e-22,-1.283460386957602850e+02,2.607366787443493816e+00,4.411163191486796810e-20
-9.880850327675158346e-22,3.353138471551206408e+02,4.065941607976301664e-01,3.043072158971196179e-19
2.172586673632264820e-22,5.678949843759955911e+02,1.413275630527528026e+00,-1.935464772666067553e-20
-2.506596869348772127e-21,3.676088252033923141e+02,2.800369388371751089e+00,-8.683220333107241585e-19
1.869367469276729160e-21,5.882973138384842287e+02,1.037210841405258321e+00,-5.593557554712918704e-19
-1.046939146013440942e-22,-3.139849802681085293e+02,4.191296479555572496e+00,1.636475752356868324e-20
2.516588205088244077e-21,2.210170582796280030e+02,3.204709177239579265e+00,5.551014062243707583e-19
-8.768525914484666589e-22,2.392086698405909928e+01,1.704960568484091166e+00,-2.805670184614613039e-21
7.380667629832181705e-22,1.021306209672290208e+02,1.609821018271447413e+00,2.940904083964123629e-21
-2.254492437441045884e-22,1.876711940534396206e+01,3.917170830602797693e+00,-3.021026672503807153e-21
2.828185271484338632e-22,8.561080403490758499e+02,1.641156140604986602e+00,1.702169189053489041e-20
-3.645670989799172092e-21,2.262701382619737558e+02,3.021216282429938005e+00,-8.189370508682893260e-19
-6.510475725598106864e-22,3.358096232041976350e+02,1.679508148729658978e-01,2.155518086797687314e-19
1.929351104942660584e-22,2.874776477439703513e+02,5.222161100574206571e+00,-2.706549086431539280e-20
4.232719887167000252e-21,4.479095597683931373e+02,1.280890573899654550e+00,-5.419586531185616465e-19
-2.162356424108205000e-22,-3.294531990606014915e+01,1.256920494969248070e+00,-2.199501932806207576e-21
7.948108993120400757e-21,-4.081693071384258360e+02,9.391656328359513362e-01,1.915560317492691674e-18
1.177823407608003104e-21,-1.844743849893195886e+02,2.344436081061679999e+00,-1.518217944535470182e-19
7.919722884639882866e-21,1.097704859945070588e+01,6.137900194921473762e+00,-8.601929207843895604e-20
-8.695981384280891316e-22,-5.471297264112744330e+01,6.006223098944661665e+00,-4.576511460912743951e-20
2.979935872969451364e-22,-1.387407056890599222e+01,2.693576719924558605e-01,3.985306548837072628e-21
-2.370393206048867672e-22,1.607876623069377615e+02,4.198693446083122005e+00,-1.872869544340337014e-20
1.795168189271771803e-22,5.991994653680974636e+01,5.040003118261537018e+00,-3.461324623533102281e-21
4.836304509546923381e-22,3.286501550988434133e+02,4.604503324979826395e+00,1.711466389425134899e-20
5.746852822930091275e-22,1.925338735421962610e+02,1.238442919752694049e+00,-3.610043528407700391e-20
1.305877300716669418e-22,-2.004290155697751530e+01,4.397164033416834705e+00,-8.114600919350295271e-22
5.802055855400632766e-22,-4.044724908450172762e+01,1.043102184579186353e+00,1.181699404958547070e-20
1.660333973131346165e-22,-6.852219346609326749e+02,2.539928010634071143e+00,-9.379114112735425843e-20
1.524167177420345965e-22,-1.116318443290862028e+01,3.208836982149361194e+00,-1.697610558662111632e-21
3.098319282987173329e-21,7.300533775289322591e+01,3.158070922728070329e+00,2.261631368288959849e-19
2.368004322326314923e-21,3.566586121306366408e+02,4.935030461373520971e+00,-1.864865011002545979e-19
-4.868145039644297017e-22,-1.751448484696979335e+01,4.503150538402077352e+00,1.771041599500330142e-21
-7.378250432187155840e-22,1.511183191206310710e+02,4.954728561661164044e+00,2.675688783002560974e-20
-5.225127118133680134e-22,5.543658106794321583e+01,2.150902605548064006e+00,-1.587681075734722486e-20
-4.219242621742803513e-22,1.736528260840357163e+01,4.662491994968850584e+00,-3.654352498651722155e-22
-3.564544943430694310e-22,-6.196826611362146195e+02,1.682198259989821310e+00,2.455655843188361038e-20
3.479739974881069489e-22,3.107545627434175231e+02,3.338869045092281329e+00,1.060371348075025833e-19
-5.644430205218353747e-22,-1.900793538166933558e+02,3.444677912076871795e+00,1.023987537183054235e-19
1.127233591042290087e-21,-1.670597823687888450e+01,2.093081736389612146e+00,-9.394342655141899366e-21
4.186395997798231432e-22,9.717163010038136406e+01,5.311258504497021748e-01,-3.507572333318532913e-20
-3.041014152959903125e-22,5.061382219141217575e+01,1.077954163373737062e+00,7.282318007694337648e-21
1.029960521613197141e-22,-5.770294554407970367e+01,6.428031085111001186e-01,4.757028315820258485e-21
-1.173346088725398859e-21,1.654397478340832777e+02,4.033778448020193252e-01,1.785382312559850986e-19
-1.617104042757032151e-21,7.348536207868949077e+01,2.549624686542717455e+00,-9.861326741154701089e-20
-7.942348480176637124e-21,-3.680675778146377297e+01,1.075749031433024472e+00,-1.388791648772663858e-19
-1.167957328172016874e-21,9.040913582156827033e+02,6.033946093968493685e+00,1.023311960493977113e-18
5.019775374741702329e-21,-9.264695989637380080e+01,5.790083169301240673e+00,4.096628857631127416e-19
-1.068660296016052777e-21,1.330778761763488838e+01,2.910268551807832504e-01,1.362348628676815776e-20
-6.165769487460182225e-21,-1.596860800239025480e+01,3.135933529071549764e+00,9.845717937774419287e-20
1.772863966963859251e-22,7.279610056511005496e+02,1.174595210091665010e+00,-4.980545581860845112e-20
4.629815926648841752e-21,7.440352404645547040e+02,2.892302631677234448e+00,3.338261622119056324e-18
-2.490863183850631057e-22,-6.434504009942802440e+02,4.848725530159568642e+00,-2.178366726855435646e-20
3.076604488456459215e-22,-1.881688952112250490e+02,4.411068839385279716e+00,-1.718129066175513723e-20
1.237291506947455434e-21,-2.826708896215340019e+02,3.597614720723403825e-01,3.273558217352159841e-19
8.063836045734099846e-22,1.365254745536985581e+02,2.350975247915704447e+00,7.743937267521009080e-20
5.765574267023040123e-21,-3.946371993243575957e+02,4.266576206267723492e+00,-9.810940406724778217e-19
3.308984213797675200e-22,1.732390137010066056e+01,1.179561692597596911e+00,-2.185956057855937944e-21
5.552715086161719601e-21,-1.351018837522976312e+01,3.730420981553407844e-01,6.985869549372968258e-20
1.979974779761451960e-21,-9.006373396806436915e+01,2.706777235435405604e+00,-1.617304906505860003e-19
2.186236883906502411e-22,6.044918792626439199e+02,2.093627154694440495e+00,6.599021052271668135e-20
7.651452670127825474e-22,-2.350065835817424613e+02,3.100352468158991126e+00,-1.796612870755798339e-19
-4.753946332326493255e-22,2.100535788344944166e+01,4.523041030121496497e+00,-1.879519165466786662e-21
-4.431196643261557562e-21,6.894326667868504899e+01,1.774474647535160043e+00,-6.179463178396129150e-20
-7.088522924816749621e-21,1.126134720506528097e+01,3.249432551636445066e+00,-7.936259965664052976e-20
-4.292146991980419956e-21,-1.351445949965716764e+01,5.731689519811159705e+00,-4.940617111978549328e-20
-4.895378346993175976e-22,-1.716223459053910005e+02,6.191023665622011229e+00,-8.365907943145221271e-20
-7.572885076010702400e-22,-1.917046900755519445e+01,1.343839946909289429e+00,-3.266643320380325203e-21
-8.324460748459148745e-22,7.700910673437783771e+02,2.609535732053892776e+00,-5.524427145733668244e-19
3.261343686111533164e-21,8.191885538440320715e+02,6.503001080433427061e-01,-2.126376268105422570e-18
1.161255855442982035e-21,5.021461907946186187e+01,5.844018840425217576e+00,-5.277858193521782792e-20
7.893612947960091416e-22,-1.207913124215985512e+01,2.441128226869465401e+00,-7.289762754697369659e-21
1.542718736822878400e-21,4.547527136417213711e+01,6.024390196149978394e+00,-6.781930523027296821e-20
6.692688713339860403e-21,-1.467287180784175860e+02,2.038030071368671869e+00,-4.423150615898129345e-19
-2.591928092167649162e-21,-1.325784222136344681e+01,6.108601266059185964e-01,-2.814892856021192901e-20
-3.728844466992801461e-22,-2.806288328968080137e+01,2.810326484937874181e+00,9.895286984896357211e-21
9.463888552212293464e-21,-4.724133640199895581e+02,7.416943106612238212e-01,3.296482532307181129e-18
5.536091126785614345e-22,4.561834228248723662e+02,3.098540667485401023e+00,2.523132912112678614e-19
1.732491494395661164e-21,6.616824245689153940e+02,9.417111698749189852e-01,-6.745238049630101741e-19
-1.270945959322384226e-22,-3.467735743985360841e+02,1.701676044579942593e+00,5.751814168599533416e-21
-1.287126977699893561e-22,1.244317275486742957e+01,5.600326569596685289e+00,1.242472023161408805e-21
-5.433430664626233686e-21,-7.495681562214213045e+01,3.902598679192174069e-01,-3.766499227933018376e-19
9.865618524011205786e-22,4.972220507228233828e+02,5.798384517519090231e+00,-4.340142710952562367e-19
1.773757723769652029e-21,1.465614299589910807e+01,2.661561220034530439e+00,2.305833899786141633e-20
1.660974463114049495e-22,7.888860295133460454e+01,5.480383294545542405e+00,-9.102710453134360956e-21
3.197216500766479884e-22,6.642779825589594793e+02,2.880610301558038433e+00,2.051920847805922442e-19
1.025567918052347201e-22,2.707282558468049061e+01,5.193849415274923054e+00,-1.285726175395684370e-21
-4.195959231653094244e-21,3.256524258420103024e+01,4.361384606967782851e+00,-4.698328561882302017e-20
6.815017035250975853e-21,-8.716386208793701940e+01,1.779261486237665890e+00,-1.229381712998015077e-19
-5.125792012630873373e-21,-3.704285142216763660e+01,1.406137689756261078e-01,-1.879999268879806352e-19
1.734695677653782706e-22,3.747293385690291956e+01,6.126612510694038782e+00,-6.420897331691012696e-21
-4.316783170014459874e-22,-1.589617850658787468e+01,2.313537025906966527e+00,4.640858460655024445e-21
8.501322141559381098e-22,2.941699883324276144e+01,5.489337414591551223e+00,-1.753351479099656634e-20
-1.216935569003735994e-22,1.961381152948583306e+01,4.651413971556345395e+00,-1.454495249018761614e-22
5.953865044729695015e-21,-5.691115267024254081e+02,2.291017210958638195e+00,-2.234830375224343340e-18
-1.719230725154024519e-22,-1.422495673127782254e+02,3.006679270828151562e+00,2.423375080301156337e-20
-5.316862127563009627e-21,3.703177391364101823e+01,2.572284202978563528e+00,-1.658377080921530656e-19
1.791554637421207660e-21,-2.865766793238364585e+01,1.051339932272971733e+00,2.548648535460866900e-20
1.029503152956547446e-21,7.889705830932297204e+02,3.359041027882612607e+00,7.931201727910399685e-19
-1.576011539974303676e-22,-6.298158853501733034e+01,5.086142667005970175e+00,-3.624096504254418843e-21
1.392962153760997860e-21,9.992741544382536176e+02,5.669348066495005334e+00,-1.137841721150870456e-18
-2.262977466291308111e-22,3.636627539586662579e+02,5.393081456985860278e+00,5.179148951405391804e-20
6.012214865481654726e-22,5.728145112878818423e+01,1.578299207544442417e+00,2.583880793996255192e-22
2.915093795040295916e-22,-1.553539087981520197e+02,1.079760733627387115e+00,2.135466092789423659e-20
-4.411195630665808977e-22,-7.597835761902132390e+02,2.344037592851558660e+00,2.340921431618546923e-19
-3.752311597544148223e-21,-5.671888291556005015e+02,1.078049147238564043e+00,-1.006773575393648010e-18
1.389432976256852198e-22,2.270726265298322062e+02,8.765560851274275533e-01,-2.018588470821808014e-20
4.084616917953992044e-22,1.104594689860890888e+01,4.258947237725126733e+00,1.976468617673522901e-21
-1.210453315720251996e-22,3.052468539365026956e+01,4.865932689984105330e+00,5.650976000177815989e-22
-3.214531865281344691e-21,-6.992732356462114751e+01,5.116493702354011353e-01,-1.959974017495943217e-19
1.525414226116463121e-21,-3.552696416414141822e+02,6.123195240079972734e+00,5.350122617394621933e-19
-2.884224703883257250e-21,7.829300927563588175e+01,5.681010090131173307e+00,1.860950670088025072e-19
-5.519848976175813181e-21,4.020666386438911672e+02,6.116564381552956675e+00,2.188610983195829513e-18
3.021103829067259282e-22,5.748285936292355700e+02,1.923268932182466751e+00,5.995139276327944042e-20
4.063155719740166890e-22,2.595014548682655118e+02,3.012803394650248823e+00,1.045662449561349952e-19
-1.103423446548388918e-21,6.841068118829155082e+02,2.750258929083543080e+00,-6.977930020368806547e-19
-1.862214989066618014e-22,-1.406301479671508048e+02,5.493679941755405416e+00,-1.844175178536809278e-20
-2.472709533070220236e-21,-6.079005023004472150e+02,4.464936095183491993e+00,3.681771724994676096e-19
-3.163388975930902870e-21,-9.709592988232412836e+02,4.897131154746764414e-01,-2.710519326225296377e-18
9.402338683347223758e-22,9.421594768327670977e+01,2.973981668271818979e+00,8.734360619862936990e-20
-1.653172137082600490e-21,8.029264949207364452e+02,5.554178955252845995e+00,9.900054765046745944e-19
-3.823137429463709683e-21,-1.216393898219807745e+01,2.229515864707387607e+00,2.846557257985174489e-20
3.488182918008504335e-22,-1.514218230277568011e+01,5.879630972905014907e+00,4.857583112006286710e-21
1.885816605412884407e-22,7.569667897004630674e+01,2.826670320971208739e+00,1.357296691335754392e-20
-4.602560961183452088e-21,-8.471529852095557089e+01,3.380157828866448000e+00,3.788643847315687530e-19
-4.590332070112766092e-21,1.141141939178893061e+01,6.144522841464378438e+00,5.187942712154549090e-20
-1.431817929872483006e-22,1.208397837459002666e+01,2.495756632170269107e+00,-1.381736853705556782e-21
-2.258613072700452527e-21,2.826831295435390246e+01,3.508440878244212691e+00,-5.959894576311974942e-20
9.944799707253516623e-21,6.101586998418628127e+02,4.739551194345336782e+00,-1.647974967279734347e-19
8.630420811134192006e-22,-6.919364446335707441e+01,5.649217641013678737e+00,4.811303069689163936e-20
7.442970243438063847e-22,-2.873793024516122045e+02,1.357094910821565303e+00,4.536266289140242631e-20
7.644953549666322188e-22,5.414189408002100663e+02,4.439832858711651120e+00,1.114227307646925462e-19
3.003058791767104531e-22,-1.452624181933575009e+01,2.015435702960730602e+00,-1.876373152771795127e-21
-1.479265207108239318e-22,-6.371900296088099367e+02,1.587117394262726133e+00,1.538311522422493154e-21
2.993695818344784134e-21,3.998027271311801201e+01,1.284127091822704625e-01,-1.187033071257433711e-19
4.215478405814872799e-22,-6.113392554989428618e+01,3.394387860581797423e+00,-2.495180097976779322e-20
1.379602065361121516e-22,-3.595579642629827077e+01,1.762395582116595694e-01,4.883631262489805073e-21
-3.575849594640289602e-21,-1.382696531331722412e+01,5.855227048324151085e+00,-4.498411781951727844e-20
1.802177385178375185e-21,-4.398158710778951530e+01,3.660131131701312990e-01,7.401239651811701662e-20
1.397635824918825123e-22,-7.819426904832207015e+01,2.385080836838772367e+00,-7.947737776998270688e-21
-1.035548849292406983e-22,-2.577962428606198131e+01,1.320415018526468032e+00,-6.614573500309099544e-22
-8.658178951944277182e-22,-5.615933615686069658e+01,1.069077511896924904e+00,-2.338478117919624922e-20
-2.441543565846500491e-22,-3.731307792245124944e+01,5.328125710018298378e+00,-5.261659514930421646e-21
2.680668747747900408e-22,5.233407376757520524e+02,5.905840969584006395e-01,-1.165273205848311677e-19
-1.060976263716267231e-21,-2.778126824571788234e+02,4.343799598150437369e-01,-2.673793238601080867e-19
-3.381437414433036543e-22,7.324234796066691899e+01,4.785793466511530703e+00,1.816335755112641331e-21
-1.335334981752867246e-22,3.630491566539883479e+02,2.106479537146582537e+00,-2.474518552579418635e-20
2.988229129402496917e-22,3.078473455548433080e+01,2.630803377635297924e+00,8.024990351585519904e-21
6.793276446587402403e-21,7.159147224228660207e+02,3.646047528214534594e+00,4.257611355517891272e-18
-2.154469855667840800e-21,-3.284694762467815110e+01,4.649020644653859335e+00,4.481434440043406530e-21
-4.895057335559878724e-21,-1.305267903097660565e+02,4.049228090370067257e+00,3.933360180145981323e-19
-2.429559415179366765e-21,1.039853613731807229e+02,5.227379194293197529e+00,1.244311698219948247e-19
-1.036302695816623855e-22,9.927929519436396788e+01,3.574256493010415259e+00,-9.340290664040309804e-21
1.968240464984100276e-21,-9.307265280423021636e+01,3.229429295617228579e+00,-1.824831374545140850e-19
2.291257115215976114e-21,4.126902483981035630e+01,5.428456476995662250e+00,-6.207002080273742613e-20
9.730594122821695627e-21,-3.174533598006977968e+02,5.621957713050065308e+00,2.437966934665230561e-18
-2.463428508218443076e-22,2.327392511640713479e+01,1.607530714995022203e+00,-2.105642940146003881e-22
3.826671405137068208e-21,-1.480318279062587976e+02,5.401521014598430703e+00,3.601993459496030972e-19
-4.500855314683947220e-22,1.186053505807546173e+02,4.152661160521273764e+00,-2.834376357793081395e-20
-2.476645944135823205e-21,1.685616084783812028e+02,8.176511065751684848e-01,2.855212953716847795e-19
2.367291797649425893e-21,-3.316839653295726720e+01,2.752915455447290327e+00,-7.266261190814104885e-20
-8.652267993937266582e-22,1.090218706288405173e+02,3.779849535933169413e+00,-7.575868476770838837e-20
1.868082555749331288e-21,-5.810671977187867299e+01,6.001673475511608125e+00,1.042753185013173781e-19
-4.411458310861402937e-21,1.083360500540162796e+01,4.960185183745484672e+00,1.172185102935275981e-20
2.796096605693964031e-21,-8.223298632068588176e+02,2.682296738052418750e-01,2.217093930148777890e-18
-1.129981726407358661e-22,-2.301801249510569747e+01,4.335885172711976487e+00,9.563109154818919030e-22
-1.247052218510488099e-22,1.240642808566270077e+02,2.824717453925313482e+00,-1.470119735269801389e-20
-1.589151184873510224e-22,-5.537068623550563018e+01,3.321079594767489152e+00,8.657883047139423339e-21
-1.068980277245671772e-21,4.170365076912667632e+02,4.032644324797907687e-01,4.100435866873721631e-19
2.645592542461513474e-21,6.863500116687694117e+02,2.804113374712952744e+00,1.713377226635549296e-18
-1.887428440351831785e-21,1.728830331843401424e+01,2.474611733597486651e+00,-2.563750130194124168e-20
3.841248601784553993e-22,8.051476837918312413e+01,5.191857337938701633e+00,-1.426719253389458903e-20
-9.971373393027633870e-21,3.942856885359915253e+01,1.532631375785109773e+00,1.500117465933210043e-20
7.839158108039190350e-21,7.833277449340947669e+02,5.115102131840848720e+00,-2.406610451166706817e-18
-3.951165882521913919e-21,1.791025275443197629e+01,3.395465170163862290e+00,-6.849811074433025134e-20
-1.098786928438949124e-22,-1.214016080426349049e+02,1.672425027958532873e+00,1.353338532255382836e-21
5.422808696720330231e-22,7.670463995324703887e+01,3.557124241928958153e+00,3.805576268595683603e-20
-2.257096169485819203e-22,1.287681298635212954e+02,2.399767439994349605e+00,-2.142719615969074863e-20
5.700933854501326747e-22,-2.104700141986037210e+01,5.806573597249221841e+00,1.066154853870527104e-20
2.696772617823849976e-21,-7.674036445938714905e+02,2.638142345257774135e+00,-1.812734517645508915e-18
7.687889816793022783e-22,2.567045337796728859e+02,1.126995346038262846e-01,-1.960996433786918588e-19
-4.763453932615895513e-22,-6.228748941486501280e+02,3.485007705054309568e+00,2.793791514315719641e-19
2.574956399585411493e-21,7.229389269753855842e+02,3.906839322987423202e+00,1.342561341558081828e-18
3.674399032958320198e-21,-7.561214414055131101e+02,2.875454770233782487e+00,-2.680478942964181692e-18
-9.347784547415593314e-21,1.078888895572752773e+02,4.403550898648484591e+00,-3.065422038342052091e-19
5.219832324270156155e-22,6.961215656736655433e+01,2.030328774093468347e+00,1.611624149701581198e-20
8.014334099146808862e-21,1.424975288031740561e+01,1.959352234601001275e+00,4.326580404702808840e-20
-1.685850023407374891e-22,-5.360693716928741424e+02,3.866120203503881747e+00,6.767263633385245515e-20
1.179604348288392070e-22,2.333383468428807532e+02,1.572791235867108339e+00,5.490922306789027227e-23
-2.695286508487396918e-22,-1.302100952491969288e+01,2.960049738039135292e+00,3.451860462546910120e-21
3.588529394341453302e-21,1.508863198774008119e+01,2.740020690519855862e+00,4.983856089041166070e-20
5.164096009883271810e-22,3.722364567144436620e+01,5.291956127672571064e+00,-1.052751040004990866e-20
1.710898323119976306e-21,2.114369888247961740e+02,1.968159289771051590e+00,1.399918645324982126e-19
9.358487599260360174e-22,1.178324092069224065e+02,1.791442660116148389e+00,2.413445417502650464e-20
6.632088178798371771e-22,-1.790210993619453816e+01,2.455205119480108777e+00,-9.184119764590474652e-21
1.767633959468397188e-22,-3.664548688857641423e+02,1.577836920640556917e+00,-4.560563809091821623e-22
-4.544449002047236332e-21,-5.530123507433781924e+02,4.168128581947224909e+00,1.301265588790093829e-18
2.023483625183698233e-22,4.488314380786439983e+02,4.451893773109432573e+00,2.339159493417260885e-20
-9.744634195520025851e-22,7.054061463198910360e+02,3.857060220296767650e+00,-5.188346464992119479e-19
1.410564123807400949e-22,-1.172784042537850802e+01,4.013306018697641697e+00,-1.064560258913979806e-21
-1.916634452871839301e-22,1.472602570883178430e+02,2.299205142431047566e+00,-1.878851104048322685e-20
-1.776261786198657311e-21,-1.362206150753397083e+02,1.674107058680175841e+00,2.495298051696083749e-20
9.788887538822828354e-21,9.133064145066526862e+01,2.880320771383931611e+00,8.636841417612577803e-19
-7.955410542544743793e-22,-5.083002993663965867e+02,4.231991361471467150e-01,-3.686998178927920132e-19
9.884973298673709889e-21,-6.970960932801899617e+02,5.312666007816584823e+00,3.892400317903368376e-18
-8.760273110595912919e-21,4.314285641376915805e+02,4.839954206147525362e+00,4.808175743335151152e-19
9.932660979957448336e-22,9.057148713919161764e+02,5.913714717103850660e+00,-8.389085893609268110e-19
-1.659251679807628690e-21,2.186379140133588805e+02,5.042014214770661695e+00,1.174261871770283576e-19
-1.661285145006446520e-21,2.712306068247225426e+02,1.114775834950798350e+00,1.984308690932546280e-19
2.853687024357504040e-21,5.382074755209250583e+01,3.202825434509644964e+00,1.532997241650632473e-19
-1.639018233773192779e-22,7.317090376442916977e+02,5.054648827890368068e+00,4.024999156464423301e-20
1.460869059389036848e-22,-3.625864753628176373e+01,4.657804387979030736e+00,-2.889863170018019954e-22
-5.187530416296534241e-22,-6.420709159160972490e+01,6.241946787932016072e+00,-3.327930634044553073e-20
-1.150551691498896858e-21,4.311972290758022837e+02,3.856127228585970013e+00,-3.747642020308831889e-19
-6.359497785654112141e-21,-5.843878315270484336e+02,3.626554639895648080e+00,3.287883449317307329e-18
-1.326753499455844946e-22,-4.982290058192373863e+02,2.009450175045099485e+00,2.807521779926997393e-20
-1.590266488751131886e-22,-8.262760792678666348e+02,2.022895380406833699e+00,5.740266576015353972e-20
-1.680921924795872359e-21,3.622697123555217900e+02,2.632753436160965688e+00,-5.317999513753071691e-19
-5.605279405687947629e-22,-2.491594711114125857e+02,4.066361270469507794e+00,8.407853316109873893e-20
3.778234575329871709e-22,-7.306880437530344352e+01,1.038849656879796024e+00,1.400265614496896669e-20
-7.716208059781330678e-22,-3.944731377608928824e+02,3.890339328174088340e+00,2.229740154946022033e-19
3.362142130755917667e-21,7.014593335741729163e+01,2.656219492519414249e+00,2.086012249881264977e-19
-1.081717737824966083e-21,-7.808151781090011809e+02,4.725980938113325536e+00,-1.147970799580225586e-20
-9.148532596162866365e-21,2.615038336401082120e+02,5.218773325808225394e+00,1.160346834964689812e-18
1.341920051370580543e-22,-8.233013417649051462e+02,6.164038188704524579e+00,1.096971928764651847e-19
2.100482037737237326e-21,-1.171197040482929594e+02,3.187254380919742225e+00,-2.457514168269119702e-19
1.446688010211981442e-22,9.573876579729467551e+01,3.417868080498723260e-01,-1.304926697739974640e-20
3.089560537804042615e-22,8.558150484079595799e+01,6.122508485398758360e+00,-2.610034447825549847e-20
-2.672147825414662785e-21,5.857611850586873459e+01,1.366373706601853533e+00,3.177466905269764944e-20
7.152725216470160518e-22,1.806852468960708080e+01,5.395082209935000428e+00,-8.153505778135719971e-21
2.371292277891046112e-21,-1.066652790794851491e+01,1.916150239511288378e+00,-8.562586191191957393e-21
7.417740853526738626e-21,-2.447406445675037645e+01,3.779524290747451887e-01,1.687294092370683123e-19
1.856456649831479594e-21,2.230933839421944924e+02,5.429842492512434227e+00,-2.722990780460862528e-19
2.518769184959766505e-21,1.510745636946661996e+01,5.320487275949115080e-01,-3.279222384601568296e-20
-5.717787372058329943e-22,8.120695333412277250e+02,2.001522019839919064e+00,-1.938693881061133745e-19
1.007529451884530645e-21,1.816441171221914885e+02,1.654224693358603560e+00,1.525066945286930063e-20
9.189595778959366867e-21,-1.641038992152853382e+02,3.754008226853128960e+00,-1.233978516745579379e-18
4.411862444816223298e-22,2.030216953963216042e+01,2.512733657360788797e+00,7.243549398852081129e-21
-2.334917658644177192e-21,-2.174820281601635656e+02,4.433012987411937722e+00,1.400295653469505113e-19
8.646366082330202517e-21,2.183209982266498628e+02,5.882688033336431310e+00,-1.738305672623085238e-18
3.406200648385242533e-22,-1.779595590004081274e+01,2.228533711247595583e+00,-3.705661274254516921e-21
-7.970661736787947417e-22,-5.786504127262699058e+02,2.403743570990771516e+00,3.412665808274224166e-19
-2.344610236371177775e-21,1.019958958588878950e+01,1.193547010490350058e+00,8.809094098983117050e-21
1.259731691490031663e-21,1.404609798052485203e+01,8.618959912452664462e-03,-1.769365754781850749e-20
3.270949365508120974e-22,-1.563851646187751321e+01,3.009298744364282463e+00,-5.070581808541060598e-21
2.582031480462159170e-22,3.477711201893850301e+01,5.403415249254535979e+00,-5.722928056924063602e-21
-1.188752492675188775e-22,1.300575951510386403e+02,2.310878083798655336e+00,-1.042584866994544144e-20
-2.762855507616871895e-21,-3.216187634293216746e+01,2.518996122942132598e-01,-8.605430162898094297e-20
7.031740029256491951e-22,3.931376725033156561e+01,2.297765067809173445e+00,1.837269539333611143e-20
1.634736281139973128e-21,-5.606398597222711544e+01,3.258713186523769512e-01,8.682649805369389281e-20
1.448927347519611507e-21,-1.466271466963619332e+02,4.154492858448747938e+00,-1.124726641982304658e-19
-1.302926060469625757e-21,-2.879099364088965984e+01,5.496973316675220822e+00,-2.650377268400222953e-20
2.057773923795623440e-22,-4.657317020313715261e+01,4.236732471264201827e+00,-4.388591298573096205e-21
1.201024801662378334e-21,-1.342080016709010977e+02,1.979754272699195239e+00,-6.409661727868460948e-20
6.209382510901486924e-21,1.885958481940433842e+02,3.058610092825793991e+00,1.167034040384480642e-18
-9.118348911762472475e-21,-4.571032831715806566e+01,1.047898928277408492e+00,-2.081481396991599693e-19
-6.452257762845914531e-21,6.675364535862718185e+02,4.020193967372598376e-01,3.963722547971035840e-18
-1.712935587559079485e-21,-3.168770766534595396e+02,3.965890643996615506e+00,3.685937540483718866e-19
-8.166933573455712694e-21,5.668188635235849233e+02,6.093902670896771845e+00,4.546492508442788691e-18
-1.552590799893147958e-22,2.130692416726792970e+01,2.678614961481762702e+00,-2.959839153684733571e-21
-1.245085982345648309e-21,9.927584490251513216e+01,2.258749656124305449e+00,-7.848515126179331409e-20
1.622033141372884927e-22,-2.097109743650939038e+02,2.903683912788689092e+00,-3.305768983131499463e-20
2.384094759153842664e-21,-2.538964515063403553e+02,9.150259551991445361e-01,3.691018320867800511e-19
-1.748863674912735309e-22,-8.324917304683454233e+01,4.879711756852151083e+00,-2.424725441049419452e-21
-8.812355987437182970e-22,-4.014768779548655289e+02,6.204122611115176156e+00,-3.526905202370284749e-19
-5.409987000901305371e-21,-1.590542858099219359e+01,4.327931831387240358e+00,3.227287664169849121e-20
3.990538995046662481e-22,7.467671897285686100e+02,3.885472874475057736e+00,2.192825569995390718e-19
1.483532973344477519e-22,2.275325274534348239e+02,2.284869185859305318e+00,2.210685670541726235e-20
-7.660346780114404655e-22,3.706015327835456219e+02,1.540177971305924487e+00,8.690997863579228803e-21
-4.754779675080747875e-21,-1.091588362293888004e+01,2.217499729639390349e+00,3.127437901595318378e-20
1.241240229933168344e-21,1.410413492065883645e+02,5.509957861118028877e-01,-1.491570324314424191e-19
2.831078785167037935e-22,1.376590722588005455e+01,3.859049925102975287e+00,2.936489716381556206e-21
4.924098963601069479e-21,-4.867286207329719900e+02,3.799507369039002658e+00,-1.896434417161894960e-18
-1.015324385559980832e-21,3.118357843055502343e+01,4.724946010057138324e+00,3.975632890171855085e-22
-1.851434632455641955e-22,-1.676984432472790729e+02,5.698218540770233487e-01,-2.614255362101250862e-20
1.304134841441506325e-22,1.392107123024215980e+02,4.048190978889244507e-01,-1.668755555239883190e-20
-4.933860713187837585e-22,1.318808761980137945e+02,2.100539542168369689e+00,-3.287972087204472186e-20
-9.468735058125503561e-21,3.921222025285377981e+02,5.756959102503530268e+00,3.210578015379639562e-18
3.365110910203191690e-22,5.835960522008419957e+02,2.568149051980948006e+00,1.649721027524950571e-19
-5.339023588983156828e-21,-1.527572820929755260e+01,4.575254921299409361e+00,1.114928542055414271e-20
1.676596082054813044e-21,1.611292783685334129e+01,8.408934638063940703e-01,-1.801344208819401173e-20
8.340817100006752615e-21,-6.563687882848661559e+01,5.641713017327433022e+00,4.386376838941485937e-19
-1.095709009184987378e-21,4.404757000548972456e+01,2.869642043476806403e+00,-4.648958313993813550e-20
-6.345369508994435340e-21,1.032121251864312086e+02,2.444117811242094263e+00,-5.019735278761270102e-19
-6.406049800183696913e-22,1.425645031356692414e+02,6.010536464394694356e+00,8.795398179071904636e-20
5.902176667023227907e-21,4.227331363591810742e+01,4.324681184126733413e+00,9.432952689672325556e-20
-9.186152222235886109e-21,-7.760706589050525963e+02,3.698709307726318674e+00,6.051062895030470614e-18
-8.832845063668213824e-22,-1.262516997593920998e+01,3.554675542413684664e+00,1.021362773846005663e-20
-5.123161188229216812e-22,2.706466606372642048e+01,5.991636374490553862e+00,1.328053092795288477e-20
-1.232427333515588854e-21,3.729183247682236697e+02,4.908635246499951421e+00,8.961593217802067761e-20
-3.160015630520367631e-21,1.192691875357974567e+02,2.912521639524836115e+00,-3.670472216296164735e-19
-4.793547417015089684e-21,1.352865670945508292e+01,3.321472484157606431e+00,-6.380391146367802548e-20
-2.538112070011471150e-22,-2.543650876313468245e+01,9.392817668239742401e-01,-3.811456994978699576e-21
-1.048982952047950871e-21,9.500048952682342360e+02,2.607864449864983225e+00,-8.579366637426260517e-19
-7.662689385716583536e-22,-4.332962281610237198e+01,4.180356484824678809e+00,1.684298111567255757e-20
1.476931554872739668e-22,3.685776650573083657e+02,5.287169459302545782e+00,-2.959437831796933130e-20
-1.568884117862369721e-22,1.545251437931041849e+01,5.019662058834124529e+00,7.332613333899754838e-22
-8.901966850009322080e-21,-7.857038442139671020e+01,5.166540337089824853e+00,-3.068402578589415664e-19
-2.162973298900009569e-21,-2.958423955953824134e+02,7.182888802256086613e-01,-4.818011711751630789e-19
-1.882441294357778524e-22,2.299800625699174361e+02,6.075517102970681371e+00,4.236223100664434958e-20
1.767045841992124380e-22,8.943863964077760329e+02,4.533763719523427049e+00,2.808044019849551902e-20
8.567327807124067091e-21,5.266128584077374626e+02,1.813846715266717036e+00,1.085797481022644663e-18
-3.325719813932257614e-22,-5.183634907005971826e+01,4.674406636848551955e+00,6.546322444337694380e-22
-2.291889301052068730e-21,-1.854780278516822420e+02,3.503349331867959826e-01,-3.992739007984531123e-19
6.820526698499300214e-21,8.211169744806771860e+02,3.177688062951793402e+00,5.596802289808435199e-18
7.805714305634803412e-21,6.807876470726112075e+02,1.889581484756696073e+00,1.665488137074479251e-18
-1.298671741574862453e-22,-2.101362060500507880e+02,1.537701254144129281e+00,-9.029928970291475783e-22
1.462229496310635781e-22,3.964918709668641128e+01,1.214602652688331785e+00,-2.021684748722439487e-21
-8.640716758814058278e-22,5.027758724118339160e+02,2.926332969752363788e-01,4.159655233548685605e-19
1.602972861830553499e-21,1.691687155720252989e+01,3.899509687242681988e+00,1.969445605800232400e-20
-1.130273069578737113e-21,9.877358747413999254e+02,1.081129845215086926e-01,1.109893071325344188e-18
8.378277967833792603e-21,-8.109569583953724248e+01,8.756400303124636242e-01,4.351865019440679166e-19
7.712799582578575757e-21,-1.484832705764404004e+01,3.509495419785034986e+00,-1.068587692859382666e-19
-2.768880519395927431e-21,2.427423876866650971e+02,2.338110656196702664e+00,-4.665920761771670580e-19
-1.235076408341478636e-21,8.853462168003571264e+01,3.120783395558154982e+00,-1.093233484035203882e-19
6.433789084246611376e-22,-8.838961129336550471e+01,6.756346098441311510e-01,4.437469111883401206e-20
1.191175915641891718e-22,-3.967469688402053407e+01,3.704045715911401526e+00,-3.997918853127114610e-21
-5.526899671160675276e-21,6.686697884326658823e+02,4.457374948469911224e+00,-9.322661800019389973e-19
-4.436632189020997841e-22,7.352866991107316608e+01,1.289148024460224917e+00,9.066929185262360777e-21
-3.058777082146062397e-21,4.570409983243922625e+02,1.642774401232374171e+00,-1.005375145939817473e-19
2.611865815129329121e-22,9.512504661244588533e+02,1.455549092608912964e+00,-2.857027703777009907e-20
7.162481462935710183e-22,-6.853811481936349992e+02,2.127953782229469404e+00,-2.595775626623488402e-19
-1.528376052883796377e-21,1.704793008751554240e+01,2.608944737728851493e+00,-2.244604028879944459e-20
1.542603843346413651e-21,-6.226570915295510389e+01,1.370804765284857396e+00,1.908165754079982954e-20
8.810392742226295339e-22,-2.806353034120222105e+02,9.771012178054614417e-01,1.383188875722945736e-19
-3.447154573967625590e-22,6.192140053523164056e+01,5.681653190075093285e+00,1.759852008987074203e-20
-9.956729327568343615e-22,-4.324200861029023031e+02,2.831584786925909647e+00,4.100252094290724661e-19
-1.842375099877578594e-21,-1.126116653650369699e+02,2.201581903302925358e+00,1.223632474054177537e-19
7.103476692101410068e-22,-2.515025777528376807e+02,4.649915369325335668e+00,-1.115391853221944389e-20
-1.653079598580442380e-22,3.425886706649944813e+02,1.819987614022003486e+00,-1.396675761361861345e-20
-2.798483164788772105e-21,8.511364969462099452e+02,3.781208670113812786e+00,-1.911050851466305589e-18
-1.396720789829784427e-22,7.439968470954737256e+01,2.169923308911485105e+00,-5.860025679006599488e-21
-3.332915258686032478e-22,4.730231355778715141e+01,5.231253582638434985e+00,7.818005000290254781e-21
-1.021372436616521579e-21,1.537718174442620409e+02,4.627351960673241615e-01,1.405412385241276468e-19
-2.274121013252426511e-21,9.837273388398661211e+01,4.416675141332006227e+00,-6.519462732894034043e-20
-7.858475309900688251e-22,3.303430391854478216e+02,4.863583482189275387e+00,3.910061090435854525e-20
-9.296531918414664848e-21,-3.289837418910983757e+01,5.203661921133395651e-01,-2.653588331468337754e-19
3.663867030435521324e-22,-2.691113423364621227e+01,2.605047478718292564e-01,9.527210265435590256e-21
1.213448898940043351e-21,-2.609755778965048378e+01,2.184932618158121898e+00,-1.824880575120991392e-20
-3.822168873003996660e-22,-1.218644996144458581e+01,3.182191575293064290e+00,4.654028781860158562e-21
-1.241149662947863153e-21,-2.615507025578951357e+02,1.477441193673476594e+00,-3.026127609896684734e-20
1.124077258787130734e-21,5.950400253948307494e+01,4.004835839703103417e+00,4.347502164724169644e-20
6.699705800595943342e-21,1.123973368044387655e+01,2.475959378588300730e+00,5.922768515416906323e-20
2.050141129830694459e-21,-2.400680642835989431e+01,1.294171439625378284e+00,1.344176825636970483e-20
-1.956660449674380517e-22,-1.288039609617368058e+02,7.221055268874404520e-01,-1.891239820890505880e-20
-6.100728303104383171e-22,-2.190311764173079467e+01,1.954483413530906821e+00,5.002143941273005480e-21
-6.413670068717058250e-21,-2.169786731396826553e+02,5.287399289660746682e+00,-7.568286434939767520e-19
1.689713216038799810e-22,3.465427896754530934e+02,5.090207309778283395e+00,-2.160085429316388314e-20
-5.300641585487234102e-21,1.620132393956326951e+02,1.602279675129786529e+00,-2.703261826593188239e-20
-9.805238729999575794e-22,4.280427541581595108e+01,1.657757509033079557e-01,4.139522364173730173e-20
1.899552147965084325e-21,1.410786438104078222e+01,5.918554874742495642e+00,-2.503676500861175267e-20
6.491538295695208069e-21,2.056040622260631210e+02,1.803106699975216332e+00,3.072801622441386477e-19
-3.082557040729200147e-21,-3.935800500678021194e+02,5.563667314003638786e+00,-9.125009792458540638e-19
-2.045375584519964434e-22,-3.781631885586675708e+02,3.218105495042902220e+00,7.712227812464395451e-20
8.863996307855857039e-22,1.513390612629165162e+02,5.767112475060720556e+00,-1.166761090139707914e-19
-1.165695827930772209e-21,6.248746413604661853e+01,5.673399390516726370e+00,5.971322165185650375e-20
3.095666361010690334e-22,-1.089866001612139890e+01,3.581987791109321861e+00,-3.051938746056869149e-21
4.228873184731759515e-21,5.674228091163207210e+01,2.872049050635527401e+00,2.312917097013426487e-19
2.241276557947567493e-22,4.572792964373702063e+01,4.936770944989854470e+00,-2.280418427073428347e-21
-6.691622122237424800e-22,1.879009142498489027e+01,1.576698231662215344e+00,-7.420787322744109300e-23
2.535104059119532168e-22,1.463849701314717855e+01,2.214528319317079941e+00,2.227292182198220639e-21
1.760610634163316179e-21,1.863920786099264504e+01,4.256583726192384454e+00,1.444529796209558492e-20
7.547615101564401752e-21,1.871621578306301004e+01,2.072948239351041444e+00,6.799160564247483330e-20
1.338636274666336034e-21,-4.065125263642105438e+02,3.580985927877180064e+00,-4.924814355442643533e-19
2.477220993176321058e-22,2.965635470895264802e+01,3.814603688099594603e+00,5.744610160203269193e-21
-1.414993687157615684e-21,-3.990533871642614372e+02,3.462115752472871399e+00,5.359004077012952166e-19
-9.640614504100029244e-22,-1.273040132190477891e+02,9.952489687320074108e-01,-6.680060521388215921e-20
-8.092604674241136215e-22,-2.281229161717882903e+02,1.418813650503070178e+00,-2.794976087927283614e-20
-7.732099974045215621e-21,-1.979501201522494469e+01,1.958340175194870580e+00,5.784262540538530652e-20
1.944860539865580466e-21,-1.017871968755280854e+01,1.344228117241133447e+00,4.446912619641565478e-21
2.668653991796360806e-21,-1.300320780868537796e+01,4.039432936604223201e+00,-2.162918198384737130e-20
2.250453630428245851e-22,1.486988164699082304e+01,5.853691850840142763e+00,-3.042467334324756000e-21
-4.385102149485231628e-21,5.459519084757376106e+01,4.175610559192334037e+00,-1.224248212432125059e-19
-1.780411951664822716e-22,1.960190957800275555e+02,1.683664647993306618e+00,-3.930686958122356891e-21
-5.518130018432388764e-22,5.123150244490669820e+02,2.295261635093072794e+00,-1.873566077943021540e-19
-5.476620023797245568e-21,1.326203579525377485e+01,5.080903346832630341e+00,2.616390764252484285e-20
2.012996462757137320e-22,1.813137744678547847e+01,1.298877724459077815e-02,-3.649531991655638739e-21
5.740771441176968570e-22,-3.052462697145797961e+02,2.404890732709367818e+00,-1.297944615461337007e-19
-7.300360966539126006e-22,-2.168787495407629820e+02,9.080005255244909534e-01,-9.742368763850756030e-20
4.886662067045451731e-22,-8.814036805520426299e+01,4.084483707246452155e+00,-2.530222524591620701e-20
-7.241521960741604731e-22,-1.396261910762351555e+01,4.898524252191181816e+00,-1.871176404958728272e-21
6.823792445614174524e-22,5.320593755979405159e+02,1.151273031992970486e+00,-1.478860184822036800e-19
-9.053870662514479471e-21,-1.168922014784652319e+01,3.900674396733646354e+00,7.677826104631429179e-20
-1.193261020985216110e-21,-4.031260156838840203e+01,5.449927873578994664e+00,-3.234805519016074742e-20
2.689275187074472855e-22,1.044467491505533197e+01,2.325601848932306925e+00,1.924482415514105392e-21
2.059457543803192476e-22,-1.266015779478954073e+02,2.603720670625892186e+00,-2.239156336574614086e-20
-7.989642033115601925e-21,-4.434222270768869407e+02,3.320212204512758891e+00,3.486418789985408594e-18
-1.007520090687632176e-21,4.873240179431379033e+02,6.977063582553677534e-01,3.762533996630563099e-19
1.514651752423900751e-22,1.426135560358759733e+02,3.166747169179771504e+00,2.159415360864560039e-20
-1.858547029827953395e-22,-3.859023596723450282e+02,3.752016420222222148e+00,5.876918872994759859e-20
1.102958995401588331e-22,-7.450657045947182269e+02,4.000909343447634825e+00,-5.365834787627325517e-20
5.735380849628763111e-22,1.188521165151893655e+01,4.068429611252700084e+00,4.092471518287502022e-21
7.409728711333198576e-22,8.752351156803592858e+01,4.074458763883786333e-02,-6.479872355325372555e-20
6.559456985806280054e-21,-3.596132823241475194e+02,1.349392812436294165e+00,5.180052437139265322e-19
-1.919705501844366760e-22,1.281607939787249393e+02,5.274037473611277171e+00,1.310317138809037256e-20
2.383168681297532087e-21,-1.975580835924201395e+01,3.931625367259702575e+00,-3.313694545630498666e-20
1.014671362233825313e-21,1.933297171061918220e+02,2.345774900606941493e+00,1.372575899826933535e-19
1.188018682814162576e-21,-2.058900753791325755e+01,3.010280695430236797e+00,-2.424954755859615281e-20
2.051113695610258760e-22,6.712327186973255948e+02,2.062701748927825651e+00,6.502592580771467628e-20
-2.507135855996158899e-22,-1.191030131148258953e+01,5.279651315923638677e+00,-1.604492957145951669e-21
4.452987092339302370e-21,-1.193096642476648270e+02,5.364877421327950202e+00,3.225775751607112947e-19
7.438886546489945747e-22,-3.418181008924771618e+02,3.311877507454012437e-01,2.404565098360754617e-19
-6.202865650823652186e-21,-1.645159731257631961e+02,3.787908865484881926e-02,-1.019738467785928293e-18
1.367996346776405647e-22,4.674941858196911539e+02,4.871239400037064904e+00,-1.011629582990019468e-20
-1.443199925415536949e-21,6.987136971670247476e+01,2.627996805749869935e+00,-8.782853962697927766e-20
-4.350331204196726977e-21,6.256107016429049281e+02,2.840880814258050169e+00,-2.599483746127286675e-18
4.931627579148190814e-22,-3.755582171866803378e+02,2.018930885761025085e+00,-8.024929820943933704e-20
-1.149852274065076924e-21,-2.073579725578261446e+02,1.761314028324087566e+00,4.515103078714441254e-20
-9.953198335927589789e-22,-1.030697388454061922e+02,4.744122173309289536e+00,-3.254877999083233719e-21
-1.223359201898444401e-21,1.382628273404826871e+02,4.970368305295958855e+00,4.315352783347933552e-20
6.019455469914780388e-22,1.870100892987397287e+02,2.092775897615854142e+00,5.612701787378993983e-20
8.326737469074603406e-21,-8.196972877321397846e+02,4.310074821752261975e+00,-2.672478648486951857e-18
4.605601595377381217e-22,4.572704562744893764e+01,2.896713800382907156e+00,2.043176453615388661e-20
-5.146549657998977431e-22,1.214373771582314419e+02,2.775755236176504326e+00,-5.836249081329390642e-20
-1.142767135256085196e-21,-3.220735725037188502e+01,5.765929563667966384e+00,-3.199059338414273728e-20
2.499374505590294277e-22,-1.687620344477342940e+02,3.299171845685795024e+00,-4.165734594010400146e-20
-4.975990249964387238e-22,5.132614365366061975e+02,1.975742024974843636e+00,-1.006190103722128465e-19
7.456255208079860622e-21,-4.160158979115908551e+01,2.781123198246891470e-01,2.982730633178485006e-19
4.994275042609776847e-21,-1.074344852148037432e+01,1.523239742426927501e+00,2.550721856970328801e-21
-9.915714135719813879e-22,-6.678079867174648143e+01,4.647662962271423837e+00,4.283030939024328202e-21
2.326335834175465476e-22,-6.476434411169676650e+02,5.137633448417128906e-02,1.504648178218263302e-19
2.144609089611112414e-21,1.817672882404897052e+02,8.492694159901338358e-01,-2.574883768261460894e-19
-1.216987439619982569e-21,-1.059389769955897798e+01,7.477877338878233804e-01,-9.452820065855637871e-21
1.755235762531056675e-21,-1.143489186689612893e+02,4.821447058094415539e+00,2.184560746811204495e-20
4.422797569956955341e-22,-7.652696350878316025e+02,4.210245471322697497e-02,3.381633297334850993e-19
6.572858258730931049e-22,-9.924899119895105741e+02,3.813038710362028016e+00,-5.107393802673318700e-19
8.819418029498706352e-22,5.797922241456566326e+02,6.173441061636218308e+00,-5.082668324913721363e-19
3.865810528504227433e-22,2.496289222571498669e+02,3.835949546376927533e+00,7.415830125775822246e-20
-1.852562425201806216e-21,2.726394790210382624e+01,5.189874953270267710e+00,2.321091577265991587e-20
4.394039274032320037e-22,-6.572189607997854921e+01,2.173133683021019724e+00,-1.636166960065799233e-20
-2.853960184397869307e-22,-5.594438161859309133e+01,2.766027323394164017e-01,-1.535940451837244640e-20
1.882284091792595390e-22,9.727457723460574357e+01,3.834709056103812408e+00,1.408500045418337399e-20
1.514231196014447628e-22,9.481751215679902600e+01,4.068341300771511904e+00,8.620814743309547638e-21
1.867722874034794522e-22,-5.879901485251098592e+01,1.333461098919160426e+00,2.582021492564038155e-21
-1.853984660708692049e-21,-4.321992867557428895e+02,4.322151998843234644e+00,3.048171210393328463e-19
-3.275629366089306328e-22,1.770362241478312981e+01,2.291496160783505598e+00,-3.826855213739650134e-21
8.269067044524697979e-21,2.927737851160179048e+02,1.022093937988748591e+00,-1.262728793125779665e-18
1.732807741581139885e-21,3.659683522973002709e+02,6.019328966987023577e+00,-6.122056566712174299e-19
-8.806935330178925902e-22,8.550123014897364726e+01,1.809213687979802421e+00,-1.778331828100056771e-20
2.278526219120991432e-21,-2.874897991241161677e+01,4.854860265366482963e+00,9.301084558812432396e-21
4.386442318970358842e-22,-1.417914856583755352e+02,3.924587040634038293e-01,5.746734706269016785e-20
-1.966190449616382709e-21,1.571415444781108484e+01,1.686442160313001093e+00,-3.565152559988519627e-21
5.182257068292713147e-21,-1.349488760401814034e+02,1.613997490039484672e+00,-3.020289456511042310e-20
4.945180947070945478e-21,7.108306130853345906e+01,3.412891093771532436e+00,3.386613679570298162e-19
-8.716659520545410709e-21,-9.601504347100017185e+02,2.561501043713048542e+00,7.000190354356811082e-18
-1.387958002008115796e-21,1.733589454880699918e+02,3.801669024125207130e+00,-1.900726627909823446e-19
-1.316234218887153268e-21,-4.579920806518055088e+01,5.142017816919751461e+00,-2.510966830679221045e-20
-4.146175117294086436e-21,-5.626050518128467814e+01,5.065136957311721311e+00,-8.058821186236370333e-20
-8.119468081239575927e-21,-1.474337129656648244e+02,5.661619561546468837e+00,-9.731900860143166441e-19
-6.457887875802373016e-21,-4.855360850801753969e+01,2.188664894033904851e+00,1.816414154494248203e-19
1.747711870928458852e-22,-4.828845723645856651e+02,1.112184818978907641e+00,3.736165787038583828e-20
-1.308295599453579269e-21,-6.259674334476272861e+01,4.429227964757327385e+00,2.288083435069023048e-20
-6.495351534761252512e-21,1.490487972973714079e+02,1.518158447525897570e+00,5.093648220750984304e-20
-1.091844896527823551e-21,-4.664999423488140451e+01,1.754521328089497345e+00,9.305394456114829411e-21
-3.827334142947427770e-22,1.582811320492596110e+02,4.385523568290826013e+00,-1.945061580365213638e-20
3.843975896408934950e-21,-2.355927183835571981e+01,1.405792006161949548e+00,1.487528616907238383e-20
1.107149820466534624e-22,-5.123090382012797761e+01,5.082807501267637029e+00,2.053306108252240763e-21
-1.563106117097494774e-22,4.575867062412868336e+02,4.385565230616614407e+00,-2.296234915787157166e-20
-4.435971559549979055e-22,6.047542446613281300e+02,5.129757413788783360e+00,1.087437955119434426e-19
3.969948511920000901e-21,3.852271790209558731e+02,5.706773809510171658e-01,-1.286986835806314925e-18
-4.002516757862274083e-21,-4.581347407254922359e+02,1.635549764927146210e+00,1.186548992603669005e-19
9.669694926210294695e-21,-7.287981854417347449e+02,7.477500553622280777e-02,7.027563627435955206e-18
-4.890523520118759207e-21,1.753622632637729737e+02,2.242942127787243667e+00,-5.340070391226857472e-19
1.519662117278948133e-21,1.031980753373662552e+01,4.391520777898038297e+00,4.946150647549288824e-21
2.543338611317309247e-22,-5.160329741461099218e+01,5.922230575099286298e+00,1.227872621183474013e-20
3.218995603725391091e-22,-3.836632554627567515e+02,4.987480221529802193e+00,3.354717212300449338e-20
3.355637288656895560e-21,5.788453945114274291e+01,1.227400289995382421e+00,-6.539788062772815543e-20
-1.020287195978828775e-21,2.925544836243052487e+02,5.668916911305871054e+00,2.439243031291615421e-19
3.515950953518594294e-21,-8.270990093712200064e+01,2.922680805253379255e+00,-2.838637262945037081e-19
-1.251291501261773663e-22,-3.093852143764187872e+02,2.870960702857008329e+00,3.730403472582759666e-20
9.552454239422528144e-21,-7.586502562468011774e+02,4.035675354270352067e+00,-4.538301901147837406e-18
5.034621925520323612e-22,-4.368078805635350363e+02,9.706960235257724445e-01,1.241922620792830730e-19
3.376767307670776405e-21,-7.602614223732257415e+02,4.679351193468089143e+00,-8.480003435253573260e-20
2.113831045176868969e-21,-6.557985189787051183e+01,1.469530540941540231e+00,1.401396158569866647e-20
-4.938886795008511207e-22,5.324118821379190649e+02,3.299672742049433616e+00,-2.596735399717068558e-19
-1.920285784846742343e-21,-5.908467672671100246e+01,3.848382671174125136e+00,8.628028862942461269e-20
-8.681807646050397376e-21,-1.217725324791750019e+01,8.866902197450182710e-01,-6.681334008873844464e-20
-1.227782711165890590e-21,-8.454922411611357802e+01,6.359765670437609320e-01,-8.351277000520115982e-20
4.981101432355731359e-22,-8.190364799024074216e+01,4.239125446790335872e+00,-1.859502594854127563e-20
-2.315814528002057347e-22,1.104312843474017569e+02,2.827796787792184574e+00,-2.432503482633005037e-20
-7.558573422572671398e-21,-1.968536245601527312e+01,6.283022040711721878e+00,-1.487932554906349080e-19
3.452311129587235011e-22,9.273514551877437384e+01,4.102693135154687809e+00,1.833240247637229331e-20
1.005030173308920206e-22,1.156990862081202742e+01,4.868803344031310765e+00,-1.811395758769033518e-22
-1.528643079092288666e-21,2.447740389819175846e+02,1.342033312685993574e+00,8.485211558545103591e-20
-8.948909140682010064e-21,4.454391601525623656e+01,3.079428645691890232e+00,-3.978494998725140005e-19
8.876685080008254703e-21,1.094325247235647254e+02,4.355221479098339898e+00,3.396220324095829083e-19
-8.123979809006194454e-22,-4.017051463840846992e+01,4.994334365257421027e+00,-9.079710204358805533e-21
-2.174189703450127449e-21,4.284150001729190649e+01,3.318959869596515011e-01,8.806224748669121443e-20
2.135673776236770242e-22,7.923208600770773273e+02,5.083367781652881945e+00,-6.134474234946598308e-20
-9.407411826791226387e-21,2.875326207562494005e+02,3.960323230723449495e+00,-1.847874971056719849e-18
-1.855943134954445324e-21,1.696089091649384883e+01,2.887153098862853096e+00,-3.046498507610211869e-20
9.533412137444282830e-22,5.093605773217322508e+01,5.915654997670210413e+00,-4.531652595755067547e-20
9.113656996784814905e-22,-4.972488196549330723e+02,1.438497005863574874e+00,5.978006706712137557e-20
1.706936735088157186e-22,-1.372403814849530157e+01,4.361471197794958954e+00,-8.052939440825094313e-22
5.156534930291867562e-22,2.214302480378129303e+02,2.058021492083975890e+00,5.345690699019725144e-20
-1.438029621667039313e-21,-6.370247340110309153e+01,4.910891549833198866e+00,-1.806485170205185090e-20
4.006228083336835576e-22,-2.539314792031035495e+02,4.038136299780827332e-01,9.354845756656854851e-20
-1.535772919788808942e-22,-1.240599039711861025e+02,1.746331310683658211e+00,3.327281530742010074e-21
-2.982599405010177268e-21,-1.552086041964346741e+01,3.834986853751988001e+00,3.560269109622934374e-20
3.892548327450315084e-22,-4.131210554969170801e+01,6.559589106240533152e-01,1.274355435285949414e-20
-8.193205693051509046e-21,1.540642811848982241e+01,5.701980303405130179e+00,1.055016023313033922e-19
-5.520043552211786810e-21,-2.233641737703326768e+01,2.665885184862110346e+00,1.096080902449974703e-19
-4.432657648469514557e-21,-2.856466872991815080e+02,4.015747396214424114e+00,8.124347066651046385e-19
-3.764277514739885785e-22,1.356531144528258892e+01,3.890847813798967714e-01,4.724693143666471121e-21
-6.426469365812859244e-22,-7.953111949682505610e+01,3.509717239346058504e-01,-4.799469081002872300e-20
-4.997581873539385289e-21,-2.408813753943467617e+01,1.984357249704022663e-01,-1.180200728509047776e-19
3.049019287923009298e-21,-1.717532442852503038e+02,2.846699460371307833e+00,-5.010734045773876281e-19
2.328166059505054289e-21,-1.583702176655080791e+02,3.799650835844869956e+00,-2.917181714451691433e-19
1.014099765283761781e-22,3.979203807946810656e+01,1.478640626153547633e+00,-3.713506400183214436e-22
1.855194398967878696e-21,-7.279414431158502339e+02,4.283154698147083828e+00,-5.620326072657064234e-19
3.392320513111013572e-21,-1.463648674655795112e+01,4.813373405023073204e+00,5.005525998066147555e-21
-8.627383425925226475e-22,-2.675912973412783558e+01,5.159897604819938977e+00,-9.989848245707964903e-21
4.453203439800814558e-22,1.252441368215242363e+02,5.222511250155671192e+00,-2.723343305554594652e-20
6.994907895181569858e-22,-1.765106840133584569e+02,3.103783510712175620e+00,-1.233793578346315702e-19
-1.953295030037245963e-21,-7.333960475722334422e+02,2.520596151308155619e+00,1.165082489384218042e-18
-4.261155063671857516e-22,-5.787489768534636596e+02,5.605345793465999371e+00,-1.920948279526805666e-19
1.398175796703528181e-22,2.742321276891279354e+02,4.551621384520192493e+00,6.137707734005994793e-21
-3.025232977416410788e-22,-8.538992596465755014e+01,4.915115668500547486e+00,-5.201127762461519825e-21
2.527432170259428949e-21,4.097511100435086462e+01,4.989931302351951814e+00,-2.837519664940395553e-20
-8.451761017618528734e-21,-1.011785637592971376e+01,2.974892900074872948e+00,8.432829107485149062e-20
-4.041384112583358178e-21,-1.064834792006922903e+01,3.455742464900056099e+00,4.092795281447659864e-20
-3.460982078296813543e-22,-6.262400742604393145e+02,1.796588543990414344e+00,4.852356193236541488e-20
-9.262405467946645170e-22,8.298248020021572984e+02,8.608801721386890593e-01,5.009618898194761576e-19
-5.176164728369716133e-22,4.135160519279343561e+01,2.678218088736765701e+00,-1.914717584540521339e-20
1.387339259699066962e-22,-7.650991357503255585e+02,5.710243803621303016e+00,8.919487937125277549e-20
5.152671291796483353e-21,1.254186901564930565e+02,4.028070692241800366e+00,4.085181538987068359e-19
-3.621742911758853492e-22,-3.820470270285373715e+01,4.008215972492386037e+00,8.957971193450238927e-21
1.302286573291492478e-21,-3.740877414790835473e+02,5.883677198177678314e+00,4.488060350709905679e-19
-1.619772153641991550e-22,1.069339892447292755e+02,5.186721657022171250e+00,7.911218940064355686e-21
-1.045545560936245323e-21,2.178425430183085965e+01,2.057141912561647690e+00,-1.064566582189430333e-20
3.232519786206617933e-22,5.604755279735427393e+02,1.247656702872344203e+00,-5.753120414538296320e-20
3.398191056548829421e-22,-2.795236161653064642e+02,4.858583112106066082e+00,1.383719706051637920e-20
5.764568715711971982e-21,-4.659639207588113408e+01,5.384676436146088818e+00,1.672830346769830790e-19
1.167232242331296040e-22,-5.603008523542188186e+02,6.262667688793492005e+00,6.538635667846260398e-20
3.097982734353013817e-21,-1.202590447766569213e+02,2.093199526136599431e+00,-1.858943402767061746e-19
-4.389602884164844512e-22,-9.182146947987957901e+02,2.723148993934011219e+00,3.682847756078866951e-19
1.631824291761017425e-21,1.213695989110654097e+02,3.645417338378526217e+00,1.734441815241039584e-19
-7.194872348017204145e-21,-6.574660577247345827e+02,2.052634871262155880e-01,-4.631080881241518182e-18
-9.295174150682333671e-21,-3.815591808362863446e+01,2.058956558349653854e+00,1.663389487064528572e-19
-9.862987097319545902e-22,2.424503034532394707e+01,5.292718289980197888e+00,1.311139609875482730e-20
8.812414642619397561e-22,8.692771832861242842e+01,6.000582879937198300e+00,-7.356564580288171625e-20
-5.800475627703051507e-21,-6.363382333460668860e+02,4.180631018101273355e+00,1.871551780496736075e-18
8.966056182408231392e-22,2.340214741540252774e+01,2.892931385355897778e+00,2.033713317912717702e-20
-6.758407704030015947e-21,-3.356450972920297318e+02,1.945869987456568806e+00,8.310177585251428132e-19
-1.431668890679961746e-22,-7.185499243664827418e+01,1.136191097915170811e+00,-4.331473328590121089e-21
4.961691818323241706e-22,7.051698973248252855e+01,2.811190757997930056e+00,3.309590808982643524e-20
1.163024754327923092e-22,5.301756245048190976e+02,1.964255828157015715e+00,2.363985475710095827e-20
1.229300343384720390e-21,-1.321922375921871406e+01,1.420786771745091992e-01,1.608665393360188595e-20
-8.746052916826218545e-21,-3.970607127861856611e+01,8.998693865752607213e-01,-2.159028928007971608e-19
-2.165583526742115912e-22,3.402107217047278027e+02,4.220488989032279648e+00,-3.479703386234793211e-20
-2.375502676325715848e-22,2.001737868995024883e+01,5.534896186647219274e+00,3.484818723188037783e-21
-9.551538442380920036e-22,1.256797571191789444e+02,2.466605651270144417e+00,-9.371977236292201254e-20
-3.129730481558382591e-21,-2.402282216178736718e+01,4.328901963053945146e+00,2.813093933291181638e-20
3.902243128022951720e-21,-2.272505562479308594e+01,2.929424752147660627e+00,-8.669022289904853533e-20
-1.598885918228741913e-21,3.019951880197991159e+02,5.496759920697003032e+00,3.410797428249486906e-19
-2.504327613413546113e-21,3.540505275933634834e+02,3.724901074940582202e+00,-7.400450778489156149e-19
1.750674595898537121e-21,2.236965909067563700e+02,4.986550967899729514e+00,-1.060273065434280596e-19
-5.542167891655096725e-21,-2.594789874977276440e+02,6.218762830211279180e+00,-1.435092953346120034e-18
-5.269096674394611576e-21,-4.781641896018228977e+01,6.051923640076768862e+00,-2.452419360281713956e-19
7.039235797822140805e-22,-4.136217608965781096e+02,1.640005928782260203e-01,2.872513562151926924e-19
4.780510312744806112e-22,4.393901882882832410e+01,3.879270202730318307e+00,1.554445307365057418e-20
-2.316617105102768572e-22,1.278376635786496784e+01,5.345719013243688700e+00,1.752716626063191589e-21
4.192864102719081246e-21,2.498432903924971171e+01,1.620166298573010533e+00,5.169694952160859638e-21
4.330531128205520814e-22,3.716037793422207614e+01,5.399549034325815455e+00,-1.020813355205989620e-20
2.748441104232276534e-21,-2.924801483964345721e+02,1.414564710555786586e+00,1.250787644051243056e-19
6.413608337492502190e-22,-2.198603870354735363e+02,3.363477055000843041e+00,-1.375529122160080234e-19
1.540267725121958603e-21,-2.561423866174035311e+02,2.099875480076041079e+00,-1.991334407391183072e-19
9.219061964969798827e-21,-3.250669866702533284e+01,4.695914825037160512e+00,-4.936772473062926218e-21
-2.629575766847398321e-21,5.456255753515780498e+02,5.309654886864402457e+00,8.068879428904264193e-19
-1.470734965820257875e-22,1.434617247005550844e+01,3.679160750366477384e+00,-1.812348121447140596e-21
1.963783097774741966e-22,-8.148837161854220312e+02,3.534894902804539552e+00,-1.478073076517413208e-19
6.833127410029545634e-21,2.889173568159702299e+01,5.013638699793665054e+00,-5.857752412983511645e-20
9.548098823411530824e-22,3.329756694599473121e+02,3.062506413513199632e+00,3.169347149238681988e-19
-4.494758226274967729e-22,-3.608901193917729415e+02,3.591217620728384574e+00,1.460892207351655092e-19
-1.285223251753574916e-21,5.202908738753710622e+02,5.587397109814284057e+00,5.132520943309720138e-19
1.253113427006336867e-22,6.455618278141631663e+02,5.813826726092633734e+00,-7.214798857796398019e-20
1.372810689693465529e-21,3.696024892446790204e+02,2.099401690786014907e+00,2.558939119157865696e-19
-3.497459780677006659e-21,4.459206991971852574e+01,2.187035671350425314e+00,-9.013965995584257471e-20
-1.351966731035797712e-22,3.118693238015645193e+02,3.995823117090266940e+00,-2.769307210383068417e-20
1.575505771630918751e-21,-7.037279236188760478e+01,1.169054704466435446e+00,4.335366869525970320e-20
4.070048293478217400e-21,5.494209153113050093e+01,5.705688970059509479e+00,-1.873534707875549664e-19
-6.020364430531224553e-21,3.499442977362365781e+01,1.685295127431045425e-02,2.106493022207342143e-19
-1.924182661078943787e-21,3.454134010393858034e+02,4.394257452277212650e+00,-2.078938596552208861e-19
-1.471113445689279367e-21,-1.530625320291474623e+02,3.346323433806816627e+00,2.204697940249424127e-19
2.073468930576347024e-22,-6.257483461050977667e+02,1.411350299430909283e+00,2.060009404759140301e-20
-4.187164741138507944e-21,-3.049691531707410377e+02,9.896825148650700843e-01,-7.009917582067007927e-19
-1.306377085113174200e-22,-1.883790136845936303e+01,3.362045171126024079e-01,-2.323161122407617859e-21
5.342372609311379227e-21,-9.794788223667464990e+02,1.422483264611825504e+00,7.732417219059964163e-19
-1.076599026164584042e-21,2.305041527714212748e+02,5.093296077693795887e+00,9.225683622454519916e-20
-9.432515341526662991e-22,-5.804977371361297855e+01,2.026491843579474761e+00,2.409719847999456739e-20
-3.836172326624873297e-21,1.888437711799428698e+01,4.621866640805026627e+00,-6.548823078380064375e-21
3.084434915514721442e-21,1.084994850636491890e+02,4.912965294512724235e+00,-6.667561224867632856e-20
2.957035182742866583e-21,5.233598518665409074e+02,5.607577352133933601e+00,-1.207628830550623486e-18
-2.688701742731886695e-22,-1.108641801922187042e+01,4.557242769120962933e+00,4.606079007501717548e-22
7.154816727591613832e-22,1.045490803782278704e+02,1.791122735763533980e+00,1.634804677100730383e-20
2.231988247736973819e-21,-1.608127559314768291e+02,1.813663320664776313e+00,-8.631833171849697261e-20
-8.501906488359522286e-22,1.848666327250936803e+01,1.253061459142591261e+00,4.910294977577569401e-21
-1.359042342344120087e-21,2.295581193579356238e+01,5.279110262398561737e+00,1.674919001585903470e-20
-2.291193084910481200e-22,-1.568879872749029971e+02,3.807037463411899747e-01,-3.337244994640029555e-20
5.004236732234413561e-22,1.210242798357998879e+02,4.000366715189503708e+00,3.957007876857394136e-20
4.595455091838333841e-22,-2.942733318174576596e+01,2.112581359030997419e+00,-6.973456669518078553e-21
1.649393185443017139e-21,-7.805490070136791303e+01,3.863186290927492994e+00,-9.665448256039055997e-20
4.940380343632245009e-21,4.250001115230585924e+01,4.198710747491664286e+00,1.031740608129357868e-19
-1.292601507699409242e-21,3.792139787147435186e+02,4.589252693898419722e+00,-6.020561422676859718e-20
4.011209804690042474e-21,-7.678545869389610345e+01,4.031066908934000992e+00,-1.939863360544053465e-19
-1.149374437044007458e-21,-3.239349181464807970e+01,2.943587220078825784e+00,3.650476626075302418e-20
1.290214007665281057e-22,-2.408206435744791918e+01,9.751509972856962083e-01,1.743217852382470426e-21
-1.998495233743614414e-22,-2.209195785304485682e+01,6.124712451016445236e+00,-4.359743955396422243e-21
8.730351742413303853e-21,-4.926743207973144081e+02,4.405102386758043664e+00,-1.301004881499020341e-18
3.986242965593082564e-22,-1.391141984068242721e+01,5.347014519955433975e+00,3.287752355220169727e-21
-5.105974829286471889e-21,4.894614031963698153e+02,3.454430992427982350e+00,-2.377877208501870209e-18
-5.537844726460786001e-22,-5.362122148002146105e+02,4.969027808624847609e+00,-7.537407100401118415e-20
-1.382727529427342684e-22,4.901789018519460228e+02,3.571816407625481027e+00,-6.160190794366629079e-20
5.454087208621098240e-22,-6.864100779094616200e+01,2.418800512931392088e+00,-2.807661957394482324e-20
1.869824978879596720e-21,-1.628417841354115225e+01,3.758184840995373754e+00,-2.484157585449473234e-20
2.589292586734386770e-22,5.509735612834906249e+01,4.759098887817148515e+00,-6.661360807601571141e-22
-9.218190015259646136e-22,2.285671305850070567e+01,4.331074083474382719e-01,1.912429737393654836e-20
-3.322425494021851754e-22,-2.374295077857956358e+02,8.925419548283907156e-01,-4.949467603089496709e-20
1.516595490915025926e-21,-9.826241955934560224e+01,3.163249243302943992e+00,-1.489893970006358175e-19
-2.036958065943569960e-22,-1.116539684431495516e+02,2.040915362541111389e+00,1.030260805056881864e-20
6.949149365387757358e-22,-4.714528767620644203e+02,4.967246304037987059e+00,8.259531858377263820e-20
-9.105433139928226533e-21,2.374040822371912185e+01,1.166206871607975148e-01,2.146983899240691044e-19
-7.284598551568110946e-22,-1.767260937462663506e+01,5.125705632900118935e+00,-5.170742186851183783e-21
-1.263703816741174125e-21,5.325611164290238548e+02,5.130737431303936447e+00,2.734073227357207780e-19
-1.257825143093249697e-22,1.092359530005155399e+01,1.676396850257288129e+00,-1.448253124257887619e-22
1.405774773382482489e-21,-1.913496469133164908e+02,3.468882245825349209e+00,-2.547155131628140157e-19
-1.329711336947945415e-22,-2.675565802762291767e+01,5.575197123306759650e+00,-2.702706970436523118e-21
-9.665101987754421345e-21,1.366937244235285505e+02,7.766170210366275528e-01,9.423675613554969033e-19
-2.270748761541634739e-21,-3.945111792504998789e+02,1.865712221945710292e+00,2.603830676502417519e-19
-1.774540047182149026e-21,-2.256977695833346900e+02,2.536502593877278500e+00,3.293995771456220070e-19
-2.740907882743499844e-21,1.131788377172550781e+02,1.564087045738834780e-01,3.064260243255026341e-19
8.818367393014618580e-22,7.652043129714928682e+02,1.472024613471178744e+00,-6.654137995351518508e-20
-5.643577255026141420e-21,-1.985108413971117969e+01,7.520108467942024366e-02,-1.117144968077455021e-19
-4.825881557833391264e-22,2.558585310130175827e+01,6.008763429607396622e-01,1.018465977974447407e-20
2.295769452742345655e-22,-2.135449532294551602e+02,4.568017801620643858e+00,-7.053235236668451079e-21
-1.965092207107902036e-22,-2.649968332658621506e+01,5.196018765218346935e+00,-2.421433685006174028e-21
-6.871569670063054829e-21,-4.373572690634466653e+02,1.613665371143463978e-01,-2.966287631137057653e-18
8.359146637981443033e-22,-1.748014177998900465e+01,2.711571893875932560e+00,-1.328159639820337230e-20
1.421995118448310309e-22,1.934372431960787608e+01,4.352683653869370950e+00,9.682308832103182277e-22
6.857022369941619234e-22,1.781227233383866917e+02,5.759996560240785435e+00,-1.058006379525656679e-19
9.757945157881440767e-21,-4.522432560169411886e+02,3.766879058267311731e+00,-3.578012126076203685e-18
-2.934948022115556697e-22,4.430107701642344864e+01,3.059908005537362197e+00,-1.295878234387224446e-20
-2.963692865932831882e-21,3.369501490392112686e+01,4.835914242882590752e-01,8.841061298046508458e-20
-1.550987871295017001e-21,1.809559271811173531e+01,5.723906486483119060e+00,2.378984529747037476e-20
6.647607220693965730e-21,1.906620913064024236e+01,6.116317571355438965e+00,-1.249841676551492906e-19
3.054593516587000234e-21,-4.820434004350407520e+01,2.726943808309357120e+00,-1.347668345449981441e-19
3.419730751018465461e-22,-1.266113056556445002e+02,1.341209140275507750e+00,9.853488726116467548e-21
2.177003687214177091e-22,1.167133101493192129e+02,2.204917862745643831e+00,1.505379365648793036e-20
7.774038574613964158e-22,2.892885149004100498e+01,4.086379953336684578e-01,-2.063768824736392865e-20
-1.510401808110374781e-22,5.156221725301882088e+02,4.023829074111378468e+00,-4.948675354132837809e-20
-1.166363887647960440e-22,3.128551343875507840e+01,5.160905740958426691e+00,1.582326672258891281e-21
2.173900170673449817e-22,2.228180219497843382e+02,4.863923988379804442e+00,-7.312055954919110184e-21
-3.056773069398545355e-21,1.275593812591423273e+02,7.952773751480610720e-01,2.729778751578454416e-19
-5.526280077038473975e-22,6.863270822644716418e+01,7.891152940777614033e-02,3.781032757933058860e-20
-9.761002756793022179e-22,-5.340390516788874038e+02,4.946172139531316070e+00,-1.207584174269189217e-19
1.904863543837839775e-21,8.452619136357506591e+01,1.853772688270928781e-01,-1.582522264792420141e-19
1.366087491935408384e-22,-3.568288310046940381e+01,5.106538650312698185e-02,4.868239733662368704e-21
5.154180901887223341e-21,2.889925134243081857e+02,6.093073659339917292e+00,-1.462683230624445856e-18
-4.670151756506081944e-22,-9.057266411031044129e+01,9.986128744169799898e-01,-2.290349410633232407e-20
4.537415942274340757e-22,9.885018994734770104e+02,3.127902811098686175e-01,-4.267614234639806008e-19
3.001602975479928995e-21,1.501528027252141158e+02,1.881258699417436953e+00,1.376880956896530698e-19
1.544515646940861500e-22,1.484432933462076676e+02,1.650382323902941817e+00,1.822766310475755734e-21
1.374728828090435510e-21,-2.823765142183142984e+02,3.030382039414712292e+00,-3.857930722703595284e-19
-4.037242698470875287e-21,-7.884298664428906989e+01,3.953559806162868284e+00,2.190191101575545796e-19
-3.281381643161001859e-22,8.015127925263611530e+01,4.201996859920996030e+00,-1.284839987490707266e-20
-1.075515009145193295e-21,-1.047187721737244992e+01,4.496007938607013976e+00,2.418053581383763560e-21
4.192899828389450409e-22,-2.681756319560469137e+01,4.471394281915967106e+00,-2.683670929944844104e-21
4.882919615205768472e-22,-9.563631183197894643e+02,4.962183669491211369e+00,1.154408963129570921e-19
-1.226001461900863172e-22,1.317217740207731538e+02,3.772326885429495569e+00,-1.304193498790957394e-20
2.758213741325255024e-22,3.059701426429616049e+02,5.551947519736877723e+00,-6.281787187606199587e-20
-3.271959792672552818e-22,8.023183904235544333e+02,1.864207871996142352e+00,-7.592459727853027836e-20
-1.368771391218372386e-22,1.510975950437992026e+02,4.087454752001487890e+00,-1.209976544501730122e-20
-4.439587598937184004e-22,2.193230912965195500e+02,5.597087208880330067e+00,7.533780600088870099e-20
2.932102462520671152e-22,1.660035144254879071e+02,3.555014180458051509e+00,4.457323073288832718e-20
1.388956228676244907e-22,-4.351247719983929585e+01,1.856650858078674027e+00,-1.704184789371267951e-21
-2.466170251418462977e-22,-5.628245167041832246e+02,7.859390845283079630e-01,-9.809480716454946227e-20
1.816763294484711145e-21,4.111485520587435758e+02,5.033748340396855703e+00,-2.359321355697414317e-19
4.491874085336659443e-21,1.972501014806743669e+01,2.004031586660192765e+00,3.719605851875877115e-20
1.008019059555017753e-21,3.246604377209833814e+01,4.277551974118510181e+00,1.378640392261235570e-20
1.317589217779244718e-21,-6.810575951430840291e+01,3.289618018509063990e-01,8.492364485044350211e-20
-4.466632824643050794e-22,-5.919140514188338642e+01,1.940750319462049234e+00,9.559481571029639034e-21
1.608690303052809572e-22,6.241294095263373265e+02,6.272665871695545903e+00,-1.003975377177597249e-19
5.886221918679946614e-22,4.482814222039107932e+01,6.157366756192435453e+00,-2.617825881300398968e-20
1.919566709533060623e-22,4.246240372471512501e+02,3.509150225285134983e+00,7.606522200612159080e-20
6.979439187280254655e-22,-1.006002196483237014e+02,4.055043421902841949e+00,-4.290157655558152128e-20
-4.680363818522086497e-22,-1.257006239575700732e+02,7.278478343979056797e-01,-4.392478269462855607e-20
1.528485191916294211e-21,1.264966433006776469e+02,8.541136542322607106e-01,-1.270079614520887931e-19
-1.905172561949388010e-21,-9.763932231484980093e+02,5.970891411968738183e+00,-1.770222225643099824e-18
2.934599127540897575e-22,5.101826974240764230e+02,4.328283363353984114e+00,5.610390086358118697e-20
-1.337835294106558375e-22,-6.805431905994498720e+01,1.511026135864536046e+00,-5.438565581805931870e-22
-2.654441521828199771e-22,-3.385877516430220879e+01,4.277513674596357340e+00,3.786457605399316258e-21
-2.897986600609782762e-21,-4.960431125281858300e+01,3.485713870354619548e+00,1.353247419876719208e-19
2.316137205759887542e-22,-4.013403129288541749e+01,4.857386151904717231e+00,1.343116701904952642e-21
5.836765140632146891e-22,-4.449502287585937097e+02,5.338224174692366431e-01,2.235735514919490833e-19
-8.773749538783103738e-22,3.153038420398834774e+02,1.808753840719447004e+00,-6.520900728448398284e-20
6.508197642808218816e-22,-4.926716430336464327e+02,2.717497142904541807e+00,-2.922353226055793872e-19
2.889558145479154196e-21,-1.063216680189007057e+01,7.795886157453340015e-01,2.184976018665414612e-20
-4.445776797716041351e-22,-8.761638649633650289e+01,1.725308196565409569e+00,5.994671810198932007e-21
-6.694333159917476493e-22,-1.519829425406372003e+01,4.813174548412919584e+00,-1.023681909684949737e-21
-4.516444868981315717e-22,2.290669503558789586e+02,4.456283296509242930e+00,-2.620718471920997175e-20
6.519775458421484536e-21,-1.259486049975517474e+01,4.900025918674694170e-01,7.245324696702679393e-20
-3.194515254406982318e-22,-7.071428620689499667e+02,2.198326238348755068e-01,-2.204613993874922054e-19
-7.057598288173372454e-22,1.981128303770798027e+01,5.771510268017459921e+00,1.219127002305498587e-20
-5.274431214947795482e-21,-5.208942284130304046e+01,3.731489383872009569e+00,2.283101528630865836e-19
-4.572906026005550669e-22,5.245477722497660977e+01,6.096922946192228743e+00,2.357217847165857725e-20
1.209622442940572730e-22,-8.909304976532972375e+01,3.028254396337516141e+00,-1.070775168355674283e-20
7.960373473474625778e-21,4.460212581106161167e+01,5.563437527069610589e+00,-2.669873475263095291e-19
4.786309983837949727e-21,-4.092475082800386588e+01,1.213183928982132898e+00,6.856506718984237346e-20
-1.202707028471760765e-22,5.024423041179691722e+02,2.301253510738292096e+00,-4.031890743955172384e-20
2.124792114112444978e-21,-5.060255964814757590e+01,5.205855397546780061e+00,5.093020633262433857e-20
2.710917268931606805e-21,-1.159732527210421260e+01,9.741775176901897038e-02,3.129032396308593249e-20
-7.265960861029392658e-22,-2.502416332865861648e+02,4.413115603523416475e+00,5.360660952741180364e-20
7.607568906734628630e-21,-3.603750757539775407e+01,4.051279705249478447e+00,-1.683309270047037427e-19
4.959525314486343525e-21,-5.059472064333078265e+02,9.191230661364957477e-01,1.521909160820729972e-18
-3.922793492296266392e-21,1.599856891956064509e+01,6.535273491546771396e-01,4.982720584152220119e-20
9.832037087074566186e-21,1.530990417915000421e+02,3.237234666566014774e+00,1.498396029031425307e-18
2.444814099136886300e-21,1.755179532791299835e+01,3.587590102306698725e+00,3.871337149183501226e-20
-1.884247293400567365e-21,-5.722968549670045491e+01,5.780234789676778062e-01,-9.031647788816960248e-20
-2.230117920947968407e-21,-1.167316674820010434e+02,3.689527533557740657e+00,2.222142980941965056e-19
-3.546197575123358905e-21,-2.476159918604183474e+02,4.331175698236489957e+00,3.266926330848342558e-19
-3.266232521607040220e-21,2.245578566453880853e+02,5.633895736236545382e+00,5.842093666243425117e-19
-2.637159122676497229e-21,3.643932624054862117e+02,1.117189810360513347e+00,4.211037720307861716e-19
-3.189726660761790842e-21,8.588189482087282158e+02,4.579334893882919033e+00,-3.634135638365896058e-19
1.342962595864844817e-22,-3.941703534332067704e+01,1.167665308254610013e+00,2.076665272877669466e-21
-4.221272656767007144e-21,-5.601205771682372188e+02,2.724024329999895633e-01,-2.277239092415269146e-18
-6.615145396494509865e-21,8.479133285053993063e+01,3.969449519643150737e+00,-3.794287311199817442e-19
-6.152310268109853506e-21,-2.338842813896483790e+02,2.434950848231784981e+00,1.094372276258250385e-18
-8.242141674093281622e-21,-2.605430030450752810e+01,1.690996558737212219e+00,2.575007530363660838e-20
2.345492054983763757e-21,1.970084394606176659e+02,4.967233243311103053e+00,-1.164883570701668042e-19
-1.220594857598256524e-22,-7.725200297877515254e+01,1.394948720491037131e+00,-1.649594489937521291e-21
2.903390870319264846e-21,3.042394268453257666e+01,2.340881182992133436e+00,6.149681471715278311e-20
7.053410538029120136e-22,5.884350053879256848e+02,5.942002640697424454e+00,-3.911238715079418418e-19
-1.271731588264154085e-22,8.943530555094949932e+02,5.200387230849218945e+00,5.332691586704535612e-20
2.151030919046212376e-22,8.225941906674444226e+01,6.311073347691755764e-01,-1.428589293570882689e-20
-1.988540423220312504e-22,-2.675461901796697006e+01,2.927958229155026348e+00,5.199317647882842740e-21
-5.276309337299567108e-22,1.269580549608986075e+01,5.267280866432029640e+00,3.529219393399395473e-21
6.363046559096046954e-22,-3.499161434420097549e+01,1.180791977816632254e+00,8.465108992036696900e-21
-4.080459302054716900e-21,-3.779597753234247648e+02,7.319974085056856206e-01,-1.147188250717630103e-18
-1.456976350401934911e-21,1.349795844176672333e+01,2.322656033597761127e-01,1.913811726057032976e-20
-1.117777619411639558e-22,-1.349642917396396768e+01,3.397825510443065244e+00,1.459347216541224710e-21
-1.172624093786357724e-21,-5.724725777629643062e+02,1.038578496780641486e-01,-6.676779441559788392e-19
-5.737955952550034349e-22,2.396318691707265458e+01,5.026813072442585018e+00,4.252437732064755472e-21
5.424868417232266027e-22,-3.665613788524920835e+01,2.353843548033181410e+00,-1.402805664835661520e-20
-4.427575318584310929e-21,4.526393415102421613e+01,4.729644910642658573e+00,3.458080346622370714e-21
3.305026481294548536e-21,-7.199090562798824067e+02,4.720699659758469835e+00,1.977352552164723702e-20
-7.302524524708461763e-21,3.840482387995252367e+01,6.169453215533999391e+00,2.786402997463777175e-19
-1.225340580037972608e-22,2.978498475723313277e+01,3.640344634712002314e+00,-3.205072403265213578e-21
-1.428489954435109765e-21,6.483287715544472007e+01,4.163510485448070675e+00,-4.831911297891353338e-20
-3.177070866985523915e-21,1.671498011908619219e+01,5.886771211122963088e-01,4.416588217979920144e-20
-5.328554308314171598e-22,-7.567028985202476576e+01,6.063330531573179805e+00,-3.935075558292737833e-20
3.558448822137257414e-22,-4.130701886284321063e+02,1.224797266568555809e+00,4.984933466874638460e-20
-5.331211679911966743e-21,2.509701557895397741e+02,7.030869250347259181e-01,1.020674107461224877e-18
1.274785242266941443e-21,3.500510995545427591e+02,5.460904918492083482e+00,-3.036895696570635923e-19
7.804328321382241745e-21,-1.805576471989440179e+01,5.329197190814809471e-01,1.213723249362366489e-19
1.134512107558955679e-22,-1.193488339922977133e+02,4.775372883112706468e+00,8.522552911677374010e-22
1.845374972624878505e-22,-2.576937292565526150e+02,1.689312296046631134e+00,-5.622742398599381923e-21
-2.530122213883864719e-22,1.140781234569803715e+01,4.261939541648168017e+00,-1.256615908785394809e-21
-2.302559695243558910e-21,1.437741776012556727e+02,4.234909301417946637e+00,-1.521308139364820505e-19
1.186658281534889415e-21,7.016785959018694996e+01,4.986816126078773337e+00,-2.256451917834128579e-20
3.578401796000131362e-21,2.029463965743559939e+01,3.552186763400413394e+00,6.658628229619241062e-20
1.604158112415308564e-22,-2.315585896894392093e+01,4.420516311831600986e-01,3.357506556498502208e-21
-4.899368853672441363e-22,8.627258669034216609e+02,2.491442344731181535e+00,-3.364512215548936341e-19
-4.224481813144138730e-21,7.952796471067896391e+02,4.353285254874429411e-01,3.046295576974767986e-18
-1.102577411087688714e-21,-2.364610133338175899e+02,2.574996563897204105e+00,2.199751631941212393e-19
-3.908488390627544993e-21,1.314435557230542031e+02,5.905268865827879132e+00,4.774933856253558115e-19
-6.628771147127305507e-21,3.542559571812626018e+02,3.787623883487239329e+00,-1.875054462709938737e-18
3.872962792174743716e-22,-2.444271834691814149e+01,4.297646252923922994e+00,-3.814598377044562009e-21
-2.499028006727727887e-21,4.332407414360146447e+01,5.404181804143919798e+00,6.906624747829964119e-20
3.172215629059188488e-22,7.138215084084087891e+01,2.748513979416033148e+00,2.091699797284591217e-20
2.093672276903145120e-21,-4.217079190877041128e+02,1.667681519885911845e+00,-8.540793477630944744e-20
8.181541404911493973e-21,-6.175175987524292509e+01,2.336481542928962707e+00,-3.501363661843688151e-19
2.183412064018651641e-22,1.560407636105900053e+01,2.420438766228735439e+00,2.558817835922330815e-21
-2.127562929746281477e-21,-6.115384237756603625e+01,5.926043548460026678e+00,-1.218987772875074203e-19
5.776504425452546225e-21,-4.341975262701739524e+01,2.393490043278253265e-01,2.436643049973884212e-19
-1.263027026686958838e-21,-1.626702817009536162e+01,3.206823233966001663e+00,2.050200045721596950e-20
-9.807018621683570107e-21,-2.470390145920291900e+02,3.269102727227426453e-01,-2.294406817631333868e-18
-1.542846782290483589e-22,-4.014115504124071094e+02,4.721768915993413529e+00,-5.809063884758757883e-22
-1.797842969948235924e-22,-2.475985129160670439e+01,2.257549459625986188e+00,2.822340377226324698e-21
1.059925220630075718e-22,2.710572781788237080e+02,2.207417015144895522e+00,1.707948011764935552e-20
-8.205068681807255612e-21,-1.166435218441153552e+02,5.642015062823437788e+00,-7.669908829409452045e-19
-3.464642876039320713e-21,-7.559868289745228367e+02,1.491959000155554937e+00,-2.062788114400354972e-19
1.076029181954186302e-22,7.677883133603884858e+01,3.917801675520784510e+00,5.895286192236081585e-21
1.074207516530138210e-21,-1.176808451418498613e+01,6.271554358198323520e+00,1.264050979450456821e-20
-3.895204989495544010e-22,-6.529349393609153651e+01,4.911246355165510558e+00,-5.024303172660488308e-21
-2.058296006252786448e-21,4.572060277141446250e+02,2.490800972784972256e+00,-7.487157585100222185e-19
5.123726353771438478e-21,-1.301874883728000221e+01,7.041265502429543410e-01,5.084065974689175515e-20
-7.756448473176955979e-21,-2.835575540674075157e+01,1.871182371538216538e+00,6.507781075932597204e-20
1.126813588276344856e-21,5.999082848885357322e+01,5.118270385364448449e-01,-5.893581198932356950e-20
-1.192668812734529089e-21,-3.625772120412050015e+01,2.745567630247018442e+00,3.989648102869183008e-20
-3.285070246879346473e-21,-1.115808171198530196e+01,6.024606375698723149e+00,-3.543645952418079822e-20
-8.933645998755280092e-21,-3.674894560949383759e+01,5.792240527491919089e+00,-2.895255999433632460e-19
2.005069478970983042e-22,-1.504280758003792187e+02,9.160480114064268875e-01,1.836736373011390921e-20
-4.597963139891768153e-22,2.590359216168753846e+02,6.120342398753030544e+00,1.175280629463929323e-19
-3.064088143934026875e-22,7.764192415882160958e+01,2.642976120252650052e+00,-2.089359757711223319e-20
4.861015207004520135e-22,3.812815846943674387e+02,2.198368356808419133e+00,1.088290705119426131e-19
-2.378586204169142505e-21,1.017126756047841525e+02,2.179756474576105330e+00,-1.383889036401243723e-19
3.326240630459729320e-21,-1.942068419846646918e+02,2.421116900504265423e+00,-4.854477776933137778e-19
-1.583354804116763040e-21,-9.544916057887992338e+02,4.428954016712485786e-01,-1.365480603667805013e-18
3.098041438569823080e-21,9.732141661190153172e+02,1.286212801796795258e-01,-2.990152474091094782e-18
2.092976394298326606e-21,-6.322838468185726413e+01,3.379062373952535836e+00,-1.286216948558246444e-19
1.412581714106482399e-22,1.879672757668292320e+02,4.560695443061292487e+00,4.012324409324899062e-21
1.855921060253961248e-21,-4.130023343295886775e+02,1.838906788660909175e+00,-2.030533513589727919e-19
1.440308246185892856e-22,1.456035570916323252e+02,5.717684008178283150e+00,-1.770657468802241445e-20
1.970457515739919015e-22,-9.004817193714289658e+01,1.280133371779892615e+00,5.085095592982481349e-21
-5.331622268260758421e-21,1.015748371574418343e+02,2.015492475745940537e-01,5.305962240760530067e-19
3.186931584187749757e-21,2.104703485668903795e+01,1.861772760604079702e+00,1.924312786322905537e-20
-9.810488198724359617e-22,-4.375145310459944881e+02,2.616826628036180047e+00,3.714673624255206715e-19
-8.787274388438948619e-21,1.895828158835506656e+02,9.951136240727825877e-01,9.069374237932995719e-19
1.109099821637282828e-22,-2.731264789573843359e+02,5.679414287010158269e+00,2.493676157643886820e-20
1.677208620626990439e-22,-5.163576152648509776e+01,4.842630768902681737e+00,1.124759089362056912e-21
2.154733846630999298e-21,-6.641316575065594918e+01,2.168389329623846340e+00,-8.051734146031950572e-20
-1.152162429759677709e-22,-3.431492405892814759e+02,6.065330074323467713e+00,-3.860185531707530358e-20
7.678053477840053656e-22,3.250797522281589380e+01,4.856269078466803890e+00,-3.578840301474236134e-21
-2.245182747050807807e-21,-1.804210322218113731e+02,3.214506691541790140e+00,4.040018753521320978e-19
3.319778198931480071e-21,1.034603531820758349e+02,4.316132289357404339e+00,1.325665965537449143e-19
-1.045708572619687950e-22,7.205570001689260096e+01,2.193668057847546482e+00,-4.395649979493264103e-21
2.888257278398234095e-21,3.804733367414505807e+01,5.174301465735187122e+00,-4.897390289983393124e-20
6.837000626043442371e-21,-4.070490499321999209e+02,4.540379780849140623e+00,-4.763435987523863341e-19
-2.463152797735861068e-22,4.634458148665422073e+01,1.336205950720280589e+00,2.653443111705336814e-21
-1.440198947870266877e-22,1.667384521515635498e+01,3.417485414016784961e+00,-2.310551526778924733e-21
-8.993421637606831780e-22,1.493767632441237083e+02,6.156383906182306021e+00,1.332622619275962987e-19
-6.974089320794102439e-22,1.321323569387666907e+01,2.302903838842271345e+00,-6.159680968322265614e-21
1.029322018891995507e-21,3.260508744206042593e+02,1.203620252292383785e+00,-1.204781532643709217e-19
-3.417201649884465313e-22,8.839672889123824007e+02,3.675773039679306020e+00,-2.599870091258893338e-19
-2.799139630064943730e-21,-2.903974540614722173e+02,6.108475156308307952e+00,-8.004887779720496453e-19
2.087196431277344197e-22,4.303779084614261308e+01,4.025978886867636497e+00,5.692999221538203870e-21
-2.181564287550571272e-22,-2.080149806016666503e+01,4.244415561071411602e+00,2.046985548023669221e-21
7.608337103213425167e-22,-2.138271139180339020e+01,4.478809993898797082e+00,-3.765563373766130721e-21
4.257680921469714955e-21,-4.010095526463498459e+02,1.776847320387317186e+00,-3.493212783971613356e-19
-1.001133293814158712e-21,1.905095412887441171e+02,2.898529235091361400e+00,-1.851191150641546548e-19
8.737869294171416918e-22,-2.218199087686866733e+02,1.326702555762228286e+00,4.684265399769964471e-20
-1.176427399020651099e-22,-2.238130113584392973e+02,2.637859252401236976e+00,2.305943905998179662e-20
3.596508493527631914e-22,8.608582943073506044e+01,5.614744177747210685e+00,-2.429772023141702618e-20
-1.230883735079252953e-21,2.792777945413345719e+02,3.777503316589148064e-01,3.195223978953723843e-19
-6.718488711250577121e-21,6.025495522945349194e+02,3.255129615321442849e+00,-4.022158289696842796e-18
9.941017516357385746e-21,1.537978322902138295e+01,1.886047910715929810e+00,4.740462617807064503e-20
8.894360531125666850e-21,-6.710250584397898876e+01,3.267984721578257368e+00,-5.920730253138856623e-19
-9.408329799560817708e-22,-3.996485960559422779e+02,5.645537626173850576e+00,-3.021174453594260853e-19
4.681107719309492310e-22,7.028011914533243498e+01,4.315906188137147659e+00,1.270477061809386123e-20
8.600618908255043336e-22,-4.415870941167469255e+02,3.661542303877741489e+00,-3.296004836049636561e-19
-6.347474187510573953e-22,5.571698631601193341e+01,6.188129238163630141e+00,3.520655504406890566e-20
-1.263761587815700850e-21,2.110803763811374267e+02,4.867384035880953697e+00,4.118040215744144683e-20
2.881874309823921975e-21,-2.337967967050128095e+02,5.928815725322367225e-01,5.587828671933779261e-19
1.562419066088346247e-21,-8.349002414972137842e+01,2.943810484253692183e-01,1.248348507262719998e-19
2.172234386098545589e-22,-4.555563181908797787e+02,4.436333569401656796e+00,-2.697211022109461858e-20
4.776759483704284050e-22,1.247859865773565602e+01,5.337825667913332239e+00,-3.489715373610030694e-21
-1.027893274041400158e-22,-6.754152191892296742e+01,3.511457527356230734e+00,6.473066164566757128e-21
1.484547403671417740e-22,6.221163461015897411e+01,9.581333530741448223e-01,-5.310921422989555283e-21
8.855995913824165460e-21,5.606205392370122809e+02,1.243238056695019189e+00,-1.597352572440294729e-18
2.164980875064143640e-22,-3.057230807532500805e+01,5.613115452893254087e+00,5.187707948899639062e-21
2.955006996822773887e-21,1.375667944677558729e+01,3.168158239945544796e+00,4.063674050940003664e-20
-3.984107481690689789e-21,-1.404742714139519535e+02,4.844205269034766559e+00,-7.355945480979196524e-20
-1.272756738616011682e-21,8.941587491225457995e+01,7.861453435614644825e-01,8.041189535832537364e-20
-1.098723409618120004e-22,8.161427020098184926e+01,3.402033752081989881e+00,-8.664747085696342468e-21
-9.531544236708039041e-22,-2.259184856198433806e+02,1.945923710073719892e+00,7.889689303596954737e-20
3.834185610753501211e-22,-5.354835042525224509e+01,1.957602099719509603e+00,-7.745115235346473510e-21
1.257268506218613849e-22,8.254427454795717267e+01,4.877085389823224482e+00,-1.701507934183405770e-21
-9.350312371394213980e-22,-4.223267826418028221e+02,5.933243236697524736e+00,-3.709555447878037091e-19
-6.648654125948262994e-22,-8.627516942163245517e+01,1.818993193838809752e+00,1.409119374941232287e-20
-6.756065761857887100e-22,-6.549375097765910425e+01,3.348603447200086070e+00,4.330329944280828431e-20
-1.608988742081728197e-21,-1.290601696466620751e+02,1.166439944664638739e+00,-8.169764534622601399e-20
-1.816173000829943763e-21,-6.592254795453569614e+02,3.312744503778628946e+00,1.179774529554062717e-18
-1.294597294145153808e-21,3.313884651839353523e+02,3.135091226861566494e+00,-4.290055434573280676e-19
3.710015735043441333e-21,2.170529370089113996e+01,4.263282118015724875e-01,-7.331903364241470005e-20
1.514236879818814257e-21,8.738034176898637497e+02,7.975278167422722442e-01,-9.241879441360609420e-19
1.743781859391926450e-22,-3.385035095089888273e+02,5.225932203830612188e+00,2.899829645736793019e-20
1.225666537542276094e-21,-8.382277323930678392e+01,4.313823332539382882e+00,-3.987258887122775961e-20
-5.438566216462376006e-21,-8.969143075903481588e+01,4.566444847092140158e+00,7.093804169573288974e-20
6.033815221654986027e-21,-8.853979125273045838e+02,5.075888386432184873e+00,1.899449296244971369e-18
-3.007051521809697538e-21,1.058641809753329355e+01,3.711462211786334287e+00,-2.680323594756828956e-20
-4.048575844668791513e-22,6.528701952762746714e+02,3.332095248444180147e+00,-2.595376976953806073e-19
-1.220859957397123878e-21,-3.270410474657186342e+02,2.683292128785832009e+00,3.580687877713637207e-19
-9.992441934948745355e-22,-7.375658429730390253e+02,4.059513785363043858e+00,4.477125458208780175e-19
-9.398443142652517484e-21,2.803656939766918299e+01,5.817027622999012770e+00,2.353851258297190818e-19
1.772197282426717339e-21,-2.285497853370931978e+02,5.916514556150223036e+00,3.781110255147157703e-19
-9.577727538967962850e-21,7.998808280458625859e+02,1.190294349108554084e-01,7.606833843934023985e-18
-2.691791978599660963e-21,6.668869047217926891e+02,2.584524645964871858e+00,-1.523714530888484953e-18
1.592512501322189067e-22,1.317719570662665092e+02,1.971467513767773683e-01,-2.057836063513756351e-20
-5.660085737358342624e-22,-2.306946514613068544e+01,1.250413770656427337e+00,-4.112198954913903064e-21
4.410464851398928091e-21,-7.821858383106915369e+01,4.829187100931963350e+00,4.020150321791950674e-20
8.415438036026068732e-21,3.375641270775896032e+02,1.748997145997747804e+00,5.035489917253094174e-19
1.361134112468402086e-22,5.867455853890450612e+01,3.066221140911261633e-01,-7.613897609108608123e-21
1.288447146889072778e-22,5.270656627841598407e+01,3.242747309924995935e+00,6.756248647409556098e-21
7.880537531663799335e-21,-9.149748147491493455e+01,3.605002631838406107e-02,7.205808481120853421e-19
-5.366251535757403298e-22,-5.844065416673101510e+01,3.329806452984404697e+00,3.080689487259834248e-20
1.293583129557229434e-21,5.760390449356709297e+01,3.589640448171464548e+00,6.716035746956769248e-20
3.968220162796617620e-22,4.922953914727340248e+02,5.877758490267690483e+00,-1.795171381386905719e-19
2.134029625801641086e-22,1.437053707897783816e+01,2.014290728398433483e-01,-3.004711309149105681e-21
-9.774779409827913297e-21,-1.266939921773776661e+02,2.399886734914852049e+00,9.130979216219079676e-19
-3.897559323590853818e-21,1.384207536656431046e+02,2.224196950705115139e+00,-3.279585835714795024e-19
-8.724157495918230569e-21,-4.241068927721995152e+01,5.808182835251167297e+00,-3.290356946202298820e-19
-1.928581698494050009e-22,-3.720358954748441533e+02,1.361231309690781544e+00,-1.492650571763252754e-20
6.987051696908824673e-22,-4.887973496748661546e+02,5.660801614375281510e+00,2.774862264219407329e-19
4.319764198009649589e-21,3.516120503345828752e+02,3.886156913974522453e+00,1.116959756645395382e-18
2.874663017161334120e-22,1.237510954474535474e+01,4.014999673735693442e+00,2.284646218082552813e-21
7.284664242559423681e-22,-2.784868165592467903e+02,3.057343361065636866e+00,-2.021487473933619157e-19
-1.141162194739677018e-21,-9.680033049660637516e+02,5.302501463166089835e+00,-6.146867667678255722e-19
-2.007643717511191584e-21,5.106661108243343961e+01,6.491739679133546881e-01,8.166856983822013109e-20
-2.961327134470116865e-21,1.544485662137938320e+01,3.126112644157667209e+00,-4.573179308313211814e-20
-6.122512229768766433e-22,3.794406395837064139e+01,5.696790548835780399e+00,1.935030399214989995e-20
-1.085529144861212236e-21,-2.654449399377451613e+01,2.482007989314096275e+00,2.277082113752014759e-20
-8.276635613969058282e-21,-5.188131538550288724e+02,5.907054612489768708e+00,-3.993844356167352574e-18
1.780461972885624213e-21,-5.732278888369233982e+01,1.381525104088056510e+00,1.920208996352129252e-20
-1.423076483222950584e-22,1.856726184220831044e+01,1.220733829498796830e+00,9.061814366962750108e-22
1.216271632254085267e-21,-5.664735056334244518e+02,7.561110896099588752e-01,5.012437313477317178e-19
1.791723350594676500e-21,-8.138432185231353344e+01,2.170734784012146701e+00,-8.232773660956188088e-20
-5.538726106686352151e-22,1.547751666183084183e+02,2.281911297151261397e+00,-5.595137371817636346e-20
-2.281044351632182620e-21,-2.683373472511974001e+02,2.706621713674687069e+00,5.550930268017688932e-19
-2.697607280152011263e-21,4.322820208164636568e+01,5.700710349256318921e+00,9.738371400808665718e-20
7.105042281198121911e-22,2.945859581946432968e+02,9.611092679225519131e-01,-1.198500839180540000e-19
-6.218942338721788993e-21,1.501179133882172323e+01,3.040064806926061181e+00,-9.287671803186488093e-20
-1.772060306569504833e-21,-6.770234309152932894e+01,2.176840248891945162e+00,6.833885957168983669e-20
-3.229529246905616995e-21,-6.879593788572656194e+02,4.827910248341066080e+00,-2.560929243843989839e-19
-6.203325570018122659e-22,-7.539063311029342174e+01,2.994820645488505573e+00,4.626443711802832813e-20
-7.476801801715492448e-21,2.005559820675408957e+02,1.014369412527979852e+00,7.919783217724320862e-19
1.030906332927829430e-22,1.442104251634841638e+01,3.386425868769006975e+00,1.442338454028332365e-21
1.087127267639757167e-22,-1.664728467356827579e+01,1.275726002384639290e+00,5.262945277335233008e-22
-9.299583577692490022e-21,-6.359678709776648020e+02,2.171982200268662844e+00,3.345215223170267449e-18
-1.956753280385677818e-22,-3.906552830057111692e+01,5.017034477552588356e+00,-2.292904146267009401e-21
-2.101871146976806243e-21,-3.589564697917042935e+01,2.825942349454201086e+00,7.172049261620908829e-20
-1.731590187145632136e-21,-8.656971410301076730e+01,5.270322517733045942e+00,-7.936392306831178127e-20
-9.653301034915209028e-22,-1.838583149850403586e+01,2.168877996118804274e-01,-1.733258534816059651e-20
3.068022091273859220e-22,-3.684808068808624171e+02,1.449178333920536854e+00,1.371513395798225395e-20
3.217760779424379140e-22,3.677371667955647467e+02,3.781730331090610964e+00,9.490147762325756602e-20
-3.855022265095014764e-22,7.879038505130807835e+01,1.944827109268541188e+00,-1.109771543831826308e-20
2.598924404280941177e-22,4.010379299188657001e+02,2.667612234585580833e+00,9.273662117602146503e-20
3.895580967304735061e-22,8.369061686069267125e+01,5.403594845077554915e-02,-3.255477145252099144e-20
2.205268512249383516e-22,-4.394153535208802737e+02,2.048500409780335652e+00,-4.455027675100669290e-20
-1.995500202473257958e-22,1.306023557982331624e+02,5.341140023985343710e+00,1.532780234689487761e-20
-3.690405967266999051e-21,1.599330078840170870e+02,3.194870927455257359e+00,-5.893802363086561153e-19
3.560371622568930923e-21,3.164178293339550763e+01,6.053226736949365971e+00,-1.096909180662281803e-19
-1.476050929790855647e-22,-4.929708422539690815e+01,6.206909848563546106e+00,-7.255343818567326724e-21
-6.573894902674743579e-21,-2.702571595793900627e+01,3.655539947087202535e+00,1.547119067781523881e-19
4.125580014529034021e-21,1.360176501759570122e+01,1.481592223767551619e+00,-4.999067332334702822e-21
3.378298668323858825e-22,-1.268559392839674693e+01,8.524314329335149765e-01,2.820568869044046296e-21
-8.297015175506396923e-21,2.818337034722725889e+02,5.199341931300462960e+00,1.094209608680332404e-18
-5.663935841752746755e-21,-4.059390653215366740e+01,1.442462817085924831e+00,-2.942567864501933979e-20
1.039755292699853034e-22,2.528510822608512498e+01,5.265374200502308533e+00,-1.380846402463840480e-21
2.832278266056018353e-21,1.522754121714707765e+01,4.960211020347316868e+00,-1.057915727305529066e-20
-3.118399368068626623e-22,2.310648259026015126e+02,4.667027865185105817e+00,-3.267385293345876996e-21
1.099622460033481080e-22,2.566029265121531822e+01,1.704237384880170625e+00,3.754093105534288614e-22
-1.158798343503625322e-22,1.113293499664932824e+02,6.193540090317217306e+00,1.284902410779801476e-20
-5.952639289461726381e-22,1.853923304420356288e+01,2.287875741163510335e-01,1.074816841431848267e-20
-1.391079270202776697e-22,-7.116367172814282185e+02,1.190176374153071759e+00,-3.677600213472178953e-20
1.649601146554776238e-21,2.208471972073757570e+02,6.260238190215487109e+00,-3.642138766003328745e-19
4.107789965379583699e-21,-2.319612091260816200e+01,3.521533543467491700e+00,-8.848970628700121603e-20
-2.017784848533166535e-21,-2.431672786357002281e+01,4.284676197124292152e+00,2.035208999403068509e-20
-6.921550792438526445e-22,2.719363366727164362e+02,2.813103051936247656e+00,-1.781580115152429037e-19
3.237224269171017506e-22,-4.091809857374366857e+02,6.257577498673607685e+00,1.324176328011581145e-19
-2.387198922386562189e-21,-1.190316738631776730e+02,5.845622432247419731e+00,-2.573814567076038579e-19
-2.613722669504730142e-22,1.809647643132445864e+02,1.547881312311772284e+00,1.083766328279801319e-21
-3.976186956300771031e-22,4.422016635647992899e+01,6.167893576604220662e+00,1.746603758453423023e-20
-6.186168794214688445e-22,-9.177729479306513838e+01,1.804679623150427847e+00,1.315799026123802229e-20
-9.259577267713678289e-21,1.497337889765586567e+02,4.184877468700212155e+00,-6.979285747554569068e-19
-1.167997596842351354e-22,1.410275897664845601e+01,2.613514903494033259e+00,-1.422812879983354990e-21
-2.859923019769755358e-22,-6.428140661662837374e+01,4.577534223240962596e+00,2.471660714610693459e-21
-3.079680943284243193e-22,-3.265952601786200375e+02,9.866996246358257228e-01,-5.546495267291398738e-20
1.250941890172263989e-22,2.940643300839546441e+02,5.832177110165668310e-01,-3.070487011907701814e-20
8.545452793229766773e-21,-1.202558194281432691e+02,4.215219547546070894e-02,1.026727603553054152e-18
3.588178725936961769e-22,-5.645080871250301158e+01,3.380070783448573479e+00,-1.968229845683565183e-20
8.063457461549488542e-21,1.841603997717570280e+02,9.365172569815004566e-01,-8.799884404783407839e-19
1.489993400812926400e-21,-8.906575072016546528e+02,4.662574772114345123e+00,-6.607979414391784962e-20
-1.034463019674958438e-21,-9.031964601817674065e+02,3.199498488667189555e+00,9.327573420811646904e-19
5.044042806554481827e-21,1.168528708099718472e+01,2.421060575939626425e+00,4.429156243350351766e-20
-2.161248002417056479e-21,-2.971252643956282213e+02,2.892865862226113638e+00,6.223999162919056715e-19
2.012582910225965065e-22,-5.084561296931458969e+02,2.819099517069017846e+00,-9.705566504059129747e-20
3.177609364412921105e-22,-7.447838371607839747e+01,3.777877498629152342e+00,-1.903503236028199433e-20
5.233459321323208144e-21,-5.669779780617936922e+02,3.891598339848796773e+00,-2.171096820084667708e-18
-4.986286777653831585e-21,1.983311170451610295e+01,1.021846529795449543e+00,5.160184240698323151e-20
3.125499714924303703e-22,-2.028825055678896092e+02,6.250505703514984468e+00,6.337706429220501052e-20
-7.311121134860111017e-22,-1.281218276368836051e+01,5.860844626455208761e+00,-8.544070010456157922e-21
2.901434571939577097e-22,-2.427392945431979285e+02,4.082785596448554877e+00,-4.147043047315804454e-20
-2.333169591496597733e-21,3.650955983542801420e+01,5.588361401990865618e-01,7.222434119342850599e-20
2.181591732515606471e-22,8.718956275333317762e+02,4.548527391133871944e+00,3.102915053294688337e-20
2.846630613135457584e-21,1.487824282496542025e+02,3.711528809417606212e+00,3.565837447715035694e-19
1.952779278641463271e-21,1.578043719404164591e+01,5.989455431004035546e+00,-2.949589377762250696e-20
8.569695267619401259e-22,1.918732266094984311e+02,5.763554696526777654e+00,-1.427252509486038601e-19
-2.885971840388850499e-22,-4.520829617831387992e+01,1.488211962235777674e+00,-1.076252781932518739e-21
4.395832581901661447e-22,1.256057103283598622e+02,5.094561930997421051e+00,-2.059143545849849142e-20
5.161574184666992357e-22,-3.661847595259358172e+02,1.793453443518205237e+00,-4.173732647859850556e-20
2.974289029770496280e-22,9.403703986863102955e+02,8.041791192170831826e-01,-1.940240272876182428e-19
-5.263716980040367711e-21,-4.672608056145687527e+01,5.832692168383792897e+00,-2.214147599823692552e-19
-4.607951832726582369e-21,1.344548166294427638e+01,4.469630847714071820e+00,-1.489306441364920948e-20
-5.715997525532442471e-21,4.893322919593784945e+02,4.290517380679541581e+00,-1.145292961573553328e-18
7.153221566236193250e-21,1.672838880842988374e+02,3.812000290212291365e+00,9.376326893947686402e-19
5.013057246639978641e-22,1.627768985086591726e+02,4.372686314046421718e-01,-7.392329127792711836e-20
2.218152411641261617e-22,1.427045469789180459e+02,1.038057960235174271e+00,-1.607690272383801536e-20
-2.244327319479057739e-21,-2.923136562871943056e+02,4.668839612090712521e+00,2.856142525538134484e-20
-1.153328155245641324e-22,9.722401553225915904e+01,4.089987050558767656e+00,-6.537118134534776491e-21
-7.069676365562687990e-22,1.179214351666669813e+02,4.827048580992012727e-01,7.384138568074718010e-20
-1.870350739254422652e-21,1.619152376380027647e+02,1.450096222065009322e+00,3.646392438965840992e-20
-1.076437365251679397e-21,2.167952597552057625e+01,5.223841357622970527e+00,1.142199088383196748e-20
-1.285953180825192586e-21,4.733610430431820646e+02,3.415859808180603086e+00,-5.859685792091585019e-19
1.070396170725836423e-22,1.155700935448893674e+01,5.081971850602372776e+00,-4.468580783309133332e-22
1.556167114531467930e-22,-4.219709706951595507e+01,1.791191861395169393e-01,6.461514888442681649e-21
6.548294344327445367e-22,-1.196622816346126541e+02,3.890980954969217365e+00,-5.736661889289669246e-20
-1.453079844959386982e-21,4.405680351776438215e+02,1.309399005058188736e+00,1.654422763158253970e-19
1.279284041426102675e-21,-8.006200354942606623e+01,5.482239200786993116e+00,7.128857959323389538e-20
-1.960031688834106308e-21,-1.548493493270953891e+01,5.057442381859462266e+00,-1.026612016203204126e-20
4.788453904903053538e-21,3.559794352432139704e+02,3.124341708265729434e+00,1.704337484051286735e-18
-7.045485772435829479e-22,2.415567772734269170e+01,9.335883302643916970e-01,1.012542617200155213e-20
1.983238733551940943e-22,6.878851997918319228e+01,6.042974514556501475e+00,-1.325070288844892330e-20
2.233353827480505428e-21,1.331119449273589908e+02,5.322988065360496179e+00,-1.704514652399687770e-19
5.720032410735198793e-21,-3.627122278790282195e+01,2.500833311796359482e+00,-1.663187365268908648e-19
-7.607869569230619775e-21,6.280318374844056279e+02,2.971178660263282811e+00,-4.708773492151912290e-18
5.482923398469392299e-22,2.170139074010845448e+01,3.046032538857036620e+00,1.184441971703591825e-20
-5.381917923334221489e-22,-2.669945637390363800e+02,4.446281625351892863e+00,3.778840742544697247e-20
-2.281845935412862641e-21,-1.951301703658812059e+01,1.556854387906698278e+00,-6.207544584217076675e-22
2.485388248782809877e-22,-2.130488006742353946e+01,4.521333245481193308e-01,4.763024037919285494e-21
3.804610542672319202e-21,7.246660085940992246e+01,1.893085690791521225e+00,8.732718764870193114e-20
7.357658685422511667e-21,1.349788592247768904e+01,6.031206424362184348e-01,-8.179102914205072168e-20
2.662694901226740645e-22,2.815278638158850981e+02,2.706896513485247180e+00,6.799064247843265858e-20
4.705247749481288276e-22,-1.132640241328712527e+01,2.309278958136767201e+00,-3.587542439261199125e-21
2.813041233292297823e-21,-3.851230606653995210e+02,3.161835935083444404e+00,-1.083145080390717923e-18
2.517731226892561081e-22,9.195177220225905330e+02,8.964499614215946932e-02,-2.305802383844777020e-19
5.093142800911197610e-21,3.633290204765925324e+01,1.596675945607262337e+00,4.788454187031601980e-21
8.070307206558316224e-22,-2.089825012172380525e+02,5.641986968700292593e+00,1.351569055577234540e-19
9.408097275633451517e-21,3.901744365035326041e+02,1.029386948054646478e+00,-1.891725430885828788e-18
-1.270283940299485810e-22,1.839978071765441996e+02,5.484159326273796431e+00,1.630041164442679991e-20
6.785274082170045193e-22,1.641142894106193921e+02,2.503923909470195941e+00,8.947299880741206857e-20
1.098243311177302313e-21,1.108284441248388958e+02,2.470407990335798110e-01,-1.180213176217312715e-19
4.155437262830929417e-21,1.499896493619458404e+01,2.123932629853767295e+00,3.274415025004552114e-20
-9.521419094668441000e-21,3.179617649431062176e+01,4.194783214443436492e+00,-1.497983771013507341e-19
-8.537370075361326343e-21,2.933846895679228055e+02,3.992486033002326185e+00,-1.651400223944527891e-18
-7.036966075203277960e-22,1.960471299265054768e+01,5.164517973720464283e+00,6.027117981837092912e-21
5.575962694008725813e-22,-3.846971074755933984e+01,2.913655016686682142e+00,-2.089573747547466301e-20
7.764605808184433893e-21,6.492812883856142037e+01,2.577226870776269330e+00,4.259631227716735169e-19
2.286416571409842930e-21,-9.712452026665371250e+02,4.927244909801303585e+00,4.734619016130714447e-19
6.023914080761579936e-22,1.746475739892099739e+02,3.630838891903392263e+00,9.286417988394588935e-20
-5.237348621715130921e-21,-1.258560614907638886e+01,5.114446630601161559e+00,-2.579346013030770671e-20
9.925200410619799394e-21,1.589357337626206856e+01,5.550533751207258781e+00,-1.172696050516448486e-19
-1.115934905251962610e-22,2.388678306642532334e+01,2.732355711737077808e+00,-2.445496043338251643e-21
-9.935803018538499861e-22,1.852918143912674509e+02,2.096808379912110443e+00,-9.243564638457600491e-20
7.513437380924299401e-21,-1.361589966409882635e+01,3.271265882247222034e+00,-1.014433007737502963e-19
4.159230802932838357e-22,2.689698530913228680e+01,2.975597038733289068e+00,1.103330316138057807e-20
-3.204106819431407589e-22,-3.023942087623440784e+02,1.244126584431935800e+00,-3.109120464908029865e-20
1.702637170433343197e-21,-6.068858616349928781e+01,2.632385376128980159e+00,-9.022121031429034562e-20
-6.367763446464338419e-21,1.392530580260496897e+01,9.017379791188243621e-01,5.499925063370330775e-20
3.687057210086686179e-22,7.897948103431631353e+02,3.102670328571902059e-01,-2.772975802606093680e-19
-5.644765843673104169e-22,-1.703455016581156656e+02,2.982340960583982348e+00,9.493931004077896252e-20
-3.055941252620152519e-22,-2.075140288461506373e+02,3.196399682999108816e+00,6.331984854066890595e-20
9.760121734161077107e-21,-1.129180195991753095e+02,3.563829486917727607e+00,-1.005301765499343651e-18
6.568735499313191746e-22,-1.574108730219197980e+02,2.990610077505519993e+00,-1.022227473299238292e-19
8.419313815469938961e-22,1.981183875109016768e+01,4.292273136970776726e+00,6.803293794579111850e-21
-1.963845666702133925e-22,-6.058994295131053605e+02,3.351142629249630911e+00,1.163863617426333857e-19
-8.274400199731998531e-21,-1.093345637359891924e+02,2.701110794268057891e+00,8.183230935460127732e-19
4.432837163411701052e-21,2.088673489910760566e+02,4.205360582630628841e+00,4.495878804475900557e-19
3.800011365483283409e-22,-1.377781385138868586e+01,4.659554472817190707e+00,-2.764908726156917594e-22
1.040628186360794650e-21,-2.220060259285195414e+01,7.658069071666551153e-01,1.665287299448414315e-20
-3.234183130327784418e-22,2.516499078404597469e+02,1.729294952096739335e+00,-1.284597227366597591e-20
3.031213670569555696e-22,-1.107008434411597619e+01,5.287313561488278246e+00,1.824668274371940916e-21
-3.367696806362987278e-21,-9.612140394513149033e+01,4.405343419590515452e+00,9.783862579075550514e-20
-4.145360799273350777e-21,3.018087389093496853e+01,8.726396002411782038e-02,1.246345551545173462e-19
5.381138605701999147e-22,5.050678684396198150e+02,4.343929313433336326e+00,9.789087197889423084e-20
2.130383817105268631e-21,1.166803718749780217e+01,4.485299950910885514e+00,5.596450361747378996e-21
-4.341186358116286078e-21,-1.235701336600621403e+01,9.270685385016390612e-01,-3.219618589775077875e-20
5.964456468600243741e-21,9.556332470454428574e+01,1.951029548720960349e+00,2.115419136110116626e-19
-7.166598932595121872e-22,4.179644557082938832e+02,1.089403646665029424e+00,1.386904634863528268e-19
-2.568301634174345148e-21,7.627392035424506389e+01,4.536619376561756845e+00,-3.425526346572683791e-20
-1.561585959924789948e-22,-2.117397249204368492e+01,2.126096261307246493e+00,1.743179667015201264e-21
4.577696354328520195e-21,-5.105886529206897251e+01,5.425718511745958317e+00,1.529437241726298694e-19
-1.599359569365500790e-21,4.768865351520573199e+02,8.724706295996270677e-01,4.903758315604372282e-19
-5.840821613827332462e-21,-2.280868289241206170e+01,1.084539370056006646e+00,-6.225704562427195095e-20
2.297624992138459417e-22,1.478419708404509336e+01,1.552334046944306989e+00,-6.271010780981100170e-23
5.278620365522479150e-22,5.936789857938452997e+01,5.976654724079466519e-01,-2.590565537601491150e-20
-8.637006431155304969e-22,6.927690313413484091e+01,3.974135853466624457e+00,-4.026843527146706083e-20
-2.218422523718894119e-22,-7.009635376515394682e+02,1.700193019659309857e-01,-1.532612054418107912e-19
3.709245129222912862e-22,5.496198151451461200e+01,5.393104055190071300e+00,-1.283037602166729885e-20
4.591061366277166063e-21,-6.036725599473653574e+02,2.907390555151436740e+00,-2.695835373052220190e-18
9.572957842380833575e-21,1.931105100522526357e+02,5.126450416198461646e+00,-7.437644222458544257e-19
-2.460904362112704829e-22,6.422683724059450583e+01,3.142614987935813176e+00,-1.580560213325362592e-20
1.149821282881618833e-21,2.732106513787390440e+02,3.594143948265572597e+00,2.825200006390582701e-19
-4.764257206398529769e-21,8.516241611981516826e+02,6.144669642811247279e+00,4.018495324503896783e-18
-2.967163659558496318e-21,-4.237912276261121747e+02,3.561016143111997767e+00,1.148466338747416716e-18
1.353037756350630569e-21,-1.826991553281762748e+01,4.855645849329549790e+00,3.529193106586746476e-21
4.895011783932745528e-21,2.374873979728391760e+01,3.810901131110914886e+00,9.116945085460263640e-20
2.357418905762032180e-21,-2.196906591714967192e+02,2.300995536685019438e+00,-3.454506006129574756e-19
4.228953663205430114e-21,1.143517914822904835e+01,9.701270843902157770e-01,-2.733216145011988905e-20
-3.261251097855914664e-21,8.910195319203394320e+02,4.543486890254190946e+00,-4.884719163009999887e-19
4.559966282474007655e-22,3.761512967093763393e+01,2.086236808372168738e+00,8.454715608208696747e-21
2.413181096655707927e-21,-1.062749787286925596e+01,2.935277521512394738e+00,-2.510218574804838049e-20
7.459334996658072049e-22,-8.367957782417771284e+01,4.107555845152839780e+00,-3.549322038843094930e-20
1.141768236149304084e-21,3.234754338906825666e+01,3.982116850622476001e+00,2.463724994461682810e-20
1.481217454025457769e-21,9.790364487402247562e+01,6.252725284347153689e+00,-1.449493186644966284e-19
1.247696550562719997e-21,-2.008531160053067026e+02,1.782794257978530972e+00,-5.273041529906076651e-20
-5.802510464044500646e-22,7.439525325154102120e+01,5.831527164367371618e+00,3.883924403438725112e-20
-4.129228536461141099e-21,2.728994005249263921e+01,1.614541138802120468e+00,-4.927873328719223224e-21
-1.577389609505654245e-22,-1.764532517303235579e+02,1.994551006803599202e+00,1.144476513698606851e-20
2.043545957660789057e-22,2.038557909205969736e+02,6.536725439002843974e-01,-3.307113633644751829e-20
-4.791746883025378248e-22,7.263889336322419865e+01,6.094318210043757844e+00,3.418777081991541716e-20
-2.318502144862811037e-21,-1.342967850724102696e+01,1.094079721304151764e+00,-1.428753884474885136e-20
8.348517539546542629e-21,-2.432978657909643516e+01,3.910311531018956899e+00,-1.460013557395822275e-19
6.351737785044822346e-22,2.405153941276059371e+01,4.448393588968915680e+00,3.986349983497614811e-21
6.036476791876145032e-21,-3.538321310679668272e+02,3.313606725188738888e+00,-2.104377892004996484e-18
7.584913989086819237e-21,1.357069744039387160e+02,1.839694022726716449e+00,2.734598405106058021e-19
1.758686085741082976e-22,5.212001535011134479e+01,4.783809003593010978e+00,-6.540991384040661353e-22
1.095214589122262419e-22,2.557554562611206705e+01,3.949723468549054761e+00,1.935122901811933188e-21
1.296517631665286365e-22,-7.434784413429537153e+01,1.883261811600177027e-01,9.468895860438143526e-21
1.198293539039764680e-21,-1.046244894677010251e+01,4.890608061838936926e+00,2.222538630594088677e-21
-1.537801317906912688e-22,4.391556715029585689e+02,3.561109318409139135e+00,-6.167731881939653360e-20
6.731138218557082654e-22,-2.005207162724417813e+01,5.743443272808049116e+00,1.157856393085366020e-20
1.911553695138781788e-21,3.728106561942481676e+02,3.881409909362696364e+00,5.263556420075649805e-19
-5.068367491275361610e-21,4.423008066899250821e+02,3.034187363174130070e+00,-2.228825197704295571e-18
4.729082371392169770e-21,2.964815316741980666e+01,2.071938641258351588e+00,6.736007539302530536e-20
3.723385070703825875e-22,-1.457936196760701364e+02,3.345615493357471326e+00,-5.315868584671604039e-20
4.988553938532951663e-22,9.249580183130356659e+01,4.355472169930656889e+00,1.612142606051573928e-20
2.800265521705815144e-22,-1.657490525437671636e+01,5.769038098020061511e+00,4.041336512164387437e-21
3.484787170182493964e-22,1.430373654933485916e+01,2.410996789107291427e+00,3.712376060200852980e-21
2.905464662298542071e-21,8.781074912553400509e+02,3.764427948909673027e+00,2.072245092523980275e-18
-5.613544270987680521e-22,-9.398834788314974276e+01,2.250261119520617470e+00,3.315364556437914126e-20
1.780626631771733613e-22,-1.916821989829665540e+02,1.427407720067803032e+00,4.877306714568737730e-21
4.413437798834371238e-21,3.879962426257106500e+01,4.582181768904296959e+00,2.223369831356212241e-20
-2.520940983276153018e-21,-2.389606861562645079e+01,1.839082895247328597e+00,1.596855396042300518e-20
-6.562525194255636189e-22,-2.317010378068965082e+01,4.535261772456283147e+00,2.679235756857632108e-21
-2.582405082659162629e-22,1.982427787034608713e+01,2.880099872230860836e+00,-4.945397214888497160e-21
8.236736471338514656e-21,4.288022099250935071e+01,8.973966280681207053e-01,-2.202678581036866274e-19
5.655672161100330383e-21,1.285011370665329480e+02,1.191713783625161227e-01,-7.216057496772273933e-19
4.182769935935693248e-22,3.507338901766745920e+01,3.558878621166112199e-01,-1.375110839495004523e-20
-2.245718423183341819e-22,2.944816681156720506e+02,2.852940337857437392e+00,-6.339629063669115184e-20
-3.675766993979272263e-21,-4.789044900065388219e+02,8.935942234869276302e-01,-1.103056270443792301e-18
8.867235793313700015e-21,2.557333906773660104e+01,2.044661948856455691e+00,1.034794484151266182e-19
7.173006366182673911e-21,-9.566984463452210719e+01,1.348633324793325983e+00,1.512061963893396094e-19
-1.167455463078295628e-21,-2.556991886822483480e+02,5.003125495305147830e+00,-8.557237772643106756e-20
2.654705632790174127e-22,9.037922249375274930e+01,5.399245219615794511e+00,-1.521420215010106467e-20
4.571468535135971752e-21,-1.060454717587409306e+02,2.864723854220175614e+00,-4.663210657228023441e-19
-1.833484803459527028e-21,9.002243459790504687e+01,3.972445912349068298e+00,-1.112874938497005035e-19
7.452352998575491062e-21,1.064426708284458911e+01,5.565684100820939229e+00,-5.976738048313885112e-20
6.453797607712891886e-21,9.838077900931066324e+02,5.127076633282696250e+00,-2.558157389070672190e-18
2.909465866381580806e-21,6.156955194005536924e+01,3.164136982962722389e+00,1.790889894365053194e-19
1.962840813876191271e-22,3.864984553435694465e+02,2.297072449684048667e+00,5.038019395224245340e-20
-1.566422422531027720e-22,9.297618489271660280e+01,1.826591133712651915e+00,-3.684901735671005137e-21
4.143833356763926285e-21,1.249598787369611408e+01,1.935201587309508309e+00,1.845452452782148240e-20
-1.238485313443574042e-21,-3.410377357246477459e+02,2.518143481510963788e+00,3.429095173285898277e-19
-3.422348279378940942e-22,-6.740271304835911792e+01,2.324741811678191716e+00,1.579021061955156387e-20
-1.636161595277509780e-21,-5.082539547774292714e+02,3.399528067782140450e+00,8.040756545532009381e-19
2.995874721271055067e-21,8.816791025335270149e+01,4.441370181858296795e-01,-2.385136266271939093e-19
-3.401067500770078299e-21,-3.440680804571865110e+02,5.569161282794340417e-01,-9.933690826828371933e-19
7.539994535219445636e-21,-3.407950421694404213e+02,6.518599506592026582e-01,2.042715248036072796e-18
-2.517102918435619817e-21,3.032343658189854523e+02,5.631613599323860520e+00,6.069018019179848574e-19
-3.724630482179723080e-22,1.746248633190337074e+01,6.646741615060441921e-01,5.119517228305538107e-21
-5.466782993934446516e-22,-1.302482975677964134e+02,3.495679271914785335e+00,6.678668168506740595e-20
2.755691191454992447e-21,1.747585951958580708e+01,3.933830131645191130e+00,3.381920627180221869e-20
6.802503882701676568e-21,-1.007319036865815320e+01,1.978817454398084763e+00,-2.718946048799261476e-20
4.919571061637541411e-22,-4.871419728175570185e+01,4.015568495303246110e-01,2.205894283377810865e-20
-1.395281295725371874e-22,-1.453226797397261727e+01,9.725508540653519107e-01,-1.141965090584357933e-21
-4.098120386354382726e-22,-1.580757670394206116e+01,2.705241257600945470e+00,5.871132162827488578e-21
5.682839223685853111e-22,2.222143673105032065e+02,5.738094730288738177e+00,-1.079802728972420069e-19
-1.664850515132169748e-22,3.269638486204499372e+01,3.658463468542195063e+00,-4.732378911575664396e-21
3.926825297223121413e-22,5.794478075344819672e+02,2.517810857248475198e+00,1.846878078093309313e-19
-6.985257602523748517e-22,-9.728571196567452262e+02,4.021881075589510690e-01,-6.253409649981577334e-19
6.188189868295127615e-21,-9.036285266727954024e+01,3.452473456977459332e+00,-5.323777992655720849e-19
2.122305026432131079e-21,-5.303658722618313703e+01,5.569021280575157107e+00,8.505481796654362167e-20
-9.686875613633626165e-21,2.816146942243110018e+01,1.347918978265835177e+00,6.029807511959665259e-20
6.040551206901896824e-21,2.179261151145433075e+02,2.049437046936799511e+00,6.062955669105749115e-19
1.455191693113721203e-21,-4.063584433167778087e+01,2.979021295941508107e+00,-5.835323717905479857e-20
-4.925791797436005575e-22,-7.598441746941172141e+02,4.112002221438734728e-01,-3.430838066202280207e-19
5.418478807652118384e-21,2.535532096906247546e+01,3.424184339655012010e+00,1.319379385387052624e-19
-1.428173997013987853e-21,5.315919508391839372e+02,3.320816305257082490e+00,-7.470451354329975449e-19
6.731717158407424567e-22,9.511412763224512901e+01,5.240618093232064290e+00,-3.227047832439786474e-20
-2.743101681943241196e-22,4.532959312150989035e+02,4.707703678330510400e+00,-5.825855825119528903e-22
8.073224625118031648e-22,9.521410408420285876e+01,5.410526837787196008e+00,-4.941047224611859612e-20
2.846912450808449327e-21,-3.183590353130383050e+02,2.827660427905950957e+00,-8.620444155038556791e-19
-5.055221926189821235e-21,5.336239089620166709e+01,3.723174885148596402e+00,-2.254089105256961190e-19
-3.240207551170412764e-21,7.368764048104279141e+01,2.381852737083558047e+00,-1.731069760516548997e-19
-9.377696679370419839e-21,-2.007135715903054631e+02,2.710074013594962139e+00,1.709689937392174734e-18
1.615576937654182319e-21,-1.688831235550799192e+02,1.726401378276419152e+00,-4.228473198606863428e-20
7.188081517078505950e-21,-1.591372783060078007e+02,3.439986676841960467e+00,-1.093342988100013207e-18
-2.120764679673646781e-22,-6.898793520344896706e+02,1.452434379179818658e+00,-1.727679628069460602e-20
-2.227244943351598302e-21,-7.857456169012512248e+01,4.593492449996611882e+00,2.075847387220702974e-20
9.003470947016497529e-22,-6.865230574268147734e+01,5.720457126514388868e+00,5.227983493971251766e-20
2.153084714612117018e-22,4.219132489517179465e+02,4.803774409957573432e+00,-8.290039185694177812e-21
-6.354057911701805406e-22,-3.156924217349248707e+01,4.907524676753872050e+00,-3.889487391658700815e-21
-1.543640136810472113e-22,-9.989198546477547325e+01,1.228958856328311811e+00,-5.168982838838400573e-21
-4.319330356744806629e-21,2.941253602714472208e+02,6.241172380075390436e+00,1.269303557854531743e-18
-3.804237213488315695e-21,-4.495973051006305354e+01,4.969012357345397035e+00,-4.341204179566226434e-20
-2.024218346210591549e-22,3.792111350265479928e+02,5.327032342955519972e+00,4.426532766013561556e-20
9.491692272503672385e-22,7.773793972083991548e+02,1.428750360549240206e+00,-1.044585838518905039e-19
-1.633227292359363009e-22,1.103727611450340191e+02,5.398510461124478077e+00,1.142045315546833261e-20
5.312255887061710232e-22,-1.213594284551442470e+01,3.283695542364746256e-01,6.102460529771948466e-21
8.100819267413204101e-22,5.551880070292447726e+02,2.879721159510268080e+00,4.344145922444185440e-19
3.627857197856605612e-22,4.059096639670224249e+01,1.260249547398363534e-01,-1.460903776225658140e-20
7.045224289133782408e-22,7.992256136080513897e+02,2.005712009596661294e-01,-5.517844237424805662e-19
-1.586022554581627969e-22,1.624470272030825129e+02,6.031020519239222111e+00,2.494965274688460164e-20
-5.651429805901217150e-21,3.132359507161201577e+02,3.533557312885720503e+00,-1.635977262356652059e-18
1.325668298689997806e-22,-9.864535676792172580e+02,9.580390698641516600e-02,1.301713475317720156e-19
-2.374692316684773335e-21,-3.522694767482281719e+01,1.430035701272302395e+00,-1.173622557649953517e-20
-3.557669331911937253e-21,2.315551229054856464e+01,2.485246619041861393e+00,-6.526340914995336841e-20
5.706044458171321943e-22,-5.111798440993867985e+02,6.238414879336963814e+00,2.913892185703634696e-19
-8.375019278988068884e-21,-4.687061998979240940e+01,1.091525234401725886e+00,-1.810140394973955504e-19
3.692189310963233778e-22,1.351167527324328965e+01,3.158891140944113829e+00,4.988019906931194299e-21
1.568723945085663653e-22,-2.223115675653222070e+02,4.310522176472951550e+00,-1.364072964696134825e-20
3.771628806514436737e-21,1.978554178974438287e+02,3.969572018603662489e+00,5.047290711629890495e-19
2.152702346563224756e-22,-1.484272349775477728e+01,3.065277611581229245e+00,-3.185896695677199542e-21
-4.109424340193803702e-21,7.549093192065309665e+01,5.323189421712793967e-01,2.672993002043371321e-19
5.320128929777285767e-21,1.039116371493450401e+02,5.092525022578376914e-01,-4.826751015401069967e-19
1.977901822863609848e-22,-1.839739128122637339e+02,2.971406906619514565e+00,-3.586254475692148161e-20
8.419946789444779461e-22,-1.876393912197429259e+01,5.808444571763006437e+00,1.405193030788896442e-20
-1.570253892635014654e-21,5.121281835832206042e+01,9.308217583910392001e-01,4.802310146840890256e-20
-2.128324142211020840e-21,7.929755863520155117e+02,2.111989184880348258e+00,-8.694381030047069934e-19
3.411478088865447570e-21,9.503337236318293435e+02,3.535663760363609409e+00,2.993551813930959527e-18
1.716937811916326483e-22,1.436422468707204985e+02,1.502306190275171760e+00,-1.687816371492084125e-21
-1.057878139570503220e-21,-1.304065907475768782e+01,2.500649420069939843e+00,1.105747859241985310e-20
1.573163903295627526e-22,-1.011525984923147270e+01,5.939281941821445088e+00,1.498119036790105251e-21
-1.091658762357749590e-21,3.650437456169458983e+02,5.728590872494300212e-01,3.348840325526751242e-19
4.640474025823777718e-22,8.983477252588869533e+02,1.476809366789049172e+00,-3.912324229443116576e-20
-2.726293732657852387e-22,-1.527964412029351422e+02,5.978771257181907828e+00,-3.974153280309897783e-20
5.662733139075607473e-22,1.558263814458368017e+02,4.972542568279173736e+00,-2.269796740151591609e-20
4.263319696469714888e-22,-4.658731671438409450e+01,1.960704158991349033e-01,1.948110701938824414e-20
-1.146039766315232152e-22,-1.159219216107337935e+01,3.598795940164580820e+00,1.192060702081607064e-21
-2.596080663837325800e-22,-1.530389549038311792e+01,4.067139879391324264e+00,2.389361024161739917e-21
1.535472275104866181e-21,2.760050699461209547e+02,9.524111068585666695e-01,-2.456843250517813489e-19
9.303260136213923894e-22,8.499044549422613670e+01,5.224845052781735610e+00,-3.876896931222075609e-20
-3.460270034747875683e-22,6.646787693985334045e+01,1.495558374277132785e+00,1.728816708973662433e-21
1.423428057417472500e-22,2.255693347517834297e+02,1.647606150522625157e+00,2.463798730472184547e-21
-2.755125464954870414e-22,-9.642880787856137204e+02,1.799591815493575941e+00,6.025595480192577244e-20
1.923964504657158653e-22,-3.824526373308979146e+02,2.892889857027509670e+00,-7.131858232459306629e-20
-4.008744700882664060e-22,8.935488003396731926e+01,2.447751619070367202e+00,-2.753831950101695527e-20
-2.187867096270188500e-22,-1.622110852196807969e+02,5.822768482129428769e+00,-3.179400116764208222e-20
-8.530782236575049425e-22,-5.361016151074207983e+02,6.207991374568215370e+00,-4.560443028334104173e-19
4.083684290070094977e-22,-7.644448119240185235e+01,1.512402835073597629e+00,1.821863791687884358e-21
3.964630043011389253e-22,1.028339516484665097e+02,6.252931678865900622e+00,-4.075120087892349844e-20
2.013232637144465572e-22,8.517719636741696831e+02,6.211184880740065140e+00,-1.710372183107464905e-19
-7.139310249131311791e-21,1.462342434760581398e+02,1.356064842054199637e+00,2.224633102610293252e-19
-5.864781972358102899e-21,1.326099052143350434e+02,7.358877810333519509e-02,7.756233126669043820e-19
-6.075157581771914068e-22,3.773988590425689438e+01,2.569483191932683042e+00,-1.927660594029874162e-20
8.918510627064501035e-22,-9.000080927033621947e+02,3.669861249039406914e+00,-6.932536173333346442e-19
1.308300688779899285e-21,-1.895567339641326399e+01,1.345241986164842141e+00,5.546375560288285070e-21
1.479384522270864107e-22,-2.762395514622598114e+01,1.175587998499332931e+00,1.573360297430486542e-21
-1.644220979172397719e-22,2.636467332512696871e+01,8.077639943471682793e-01,2.995943813420085353e-21
4.934201592468640491e-22,-1.578187467477681025e+02,6.227011392749713714e+00,7.774812222604488914e-20
-1.004831388496480611e-22,6.209417767252964637e+01,3.180040148094041008e+00,-6.234806860438745221e-21
-1.098991524120984966e-22,-2.403236651113120814e+01,1.847878710668488800e-01,-2.596172014911465115e-21
3.248440645726101432e-22,5.435890367771797855e+02,1.824433978840100723e+00,4.430908821093018685e-20
-4.629179839406471623e-21,-1.355522905356811521e+02,5.831465088560911170e+00,-5.645565416921593630e-19
4.996663403382891122e-21,7.692987582415685210e+01,2.879321689554766639e+00,3.712478741586122212e-19
-2.915105114618476512e-22,3.432870349759535884e+02,2.996332486009729568e+00,-9.901785120008594229e-20
-3.458818843920155464e-21,4.943295444296881413e+01,2.192835984669545990e+00,-9.962880437978912267e-20
6.262307591298696181e-21,6.100347589993073143e+02,1.645532040174275901e+00,2.852415574583396026e-19
-3.234166522825653293e-21,-9.233041845621644939e+01,1.594157479213051287e+00,6.975284747628810123e-21
-1.077206620358626419e-21,1.821442140310867330e+01,3.949528157374959658e+00,-1.355774841945360628e-20
-1.720644813873416670e-22,1.074961038268305735e+01,5.065140476678092085e+00,6.390110323544477580e-22
-9.418240627587529434e-22,-4.251072256553359807e+01,1.521438004345903705e+00,-1.975387513306002847e-21
4.900229079767609329e-21,-1.382617830989060224e+02,1.552365296610446643e+00,1.248658156146614105e-20
-1.479039845461833580e-21,-9.859269239652321914e+01,2.126839249169368173e+00,7.696941259011957413e-20
1.510744284488777652e-22,-1.758983044854337408e+01,5.310618047793171925e+00,1.496579587218636955e-21
1.412579958166898463e-21,-4.031512232507588323e+01,3.302330203217941129e+00,-5.621424186783288842e-20
7.924081439078072306e-21,-9.238173995552448332e+02,5.342930060469199383e+00,4.315977729480968722e-18
2.021701746246333729e-22,3.177638081109241597e+01,8.815061266205747037e-01,-4.085747521165181988e-21
-8.663385473087251092e-21,-2.514358882079384330e+02,5.752346516450437264e+00,-1.878516246569855042e-18
-2.747023116459587095e-21,5.371908262434361347e+01,1.593140732231422829e+00,-3.297035060223537007e-21
-5.532717175611027112e-21,5.177639614406374449e+02,1.236562723225889532e-01,2.842768019687806363e-18
1.875881136912521491e-22,-1.743386102777938618e+01,1.369564772696641564e+00,6.536720976466769682e-22
-1.769336865017318500e-21,-3.770123941753195851e+01,9.307098309327015428e-01,-3.984126201671166657e-20
3.033564205119361731e-22,-1.107912541415119563e+02,1.269599431898915887e+00,9.970631977901156602e-21
1.737693759291187353e-21,-3.059704807757789169e+01,4.059964014019735501e+00,-3.227927751347635039e-20
2.690153413340948996e-22,1.128819606573102732e+02,2.534464831351623815e+00,2.494009669123207583e-20
2.515399385974892212e-21,6.331113792490933747e+02,3.766187424067634737e+00,1.291858934440506358e-18
1.545464052899857613e-22,-2.998997580683455055e+01,2.822412789320664750e+00,-4.400751341535800575e-21
1.988657752113570368e-22,-1.816012644543618535e+02,5.064982343678187782e+00,1.247144363936395120e-20
-7.373136739149237667e-22,-4.617553210901488825e+01,4.300753151411951691e+00,1.362205308091728110e-20
-9.827300151968478608e-22,-9.327955708244004995e+01,1.062572165058505602e+00,-4.460839142235896522e-20
-1.727340489991740304e-21,-2.618959886111024105e+01,1.816529604022576017e+00,1.100502770415051413e-20
6.633645113742421333e-21,1.948990645740298930e+02,5.309889308002605723e+00,-7.273516991719222722e-19
-3.171424194649222920e-22,1.429771768590341594e+02,5.591750361003342107e+00,3.493002470510298662e-20
-4.921726069999993557e-21,-7.849231416069945055e+01,3.383114172322479352e+00,3.751048687379377400e-19
-1.033692248577924279e-22,1.255461476348848180e+02,4.822721687051818584e+00,1.428951313103767750e-21
-1.010697034854175904e-21,6.528708915795052690e+02,9.360902442778030741e-01,3.912548007314505655e-19
-2.363383368484069492e-21,-4.218608280040602381e+02,4.159974305617946122e+00,5.231799389140183506e-19
7.545769694059456176e-22,5.052544926765148148e+01,6.011099676442426265e+00,-3.672280432595463052e-20
-3.911647546090695864e-21,-1.193177657512280554e+01,5.512792016255975369e+00,-3.349419529556749853e-20
7.613716205301234495e-22,-4.528004710347967432e+01,2.733811213446084576e+00,-3.164809763305816157e-20
-2.823689775785528106e-21,-9.073097578019738307e+01,4.735702179102274201e+00,-5.972210235843976781e-21
1.635690280597058322e-21,8.552919281342090017e+02,2.761892758055301683e-02,-1.398459148416123054e-18
-5.921943079186793593e-22,-1.019325265603162052e+02,3.664009906417281748e+00,5.231226212201457216e-20
-4.631697809590550619e-22,1.876668749960914795e+01,3.499475727918837542e+00,-8.141431157045519085e-21
-7.094066707566643364e-22,-2.777722333432741380e+02,2.879923127881539369e+00,1.903456624540002140e-19
8.314652801194561651e-22,-3.098111943849940531e+02,3.747869127887950014e-01,2.397163054324163695e-19
-2.918192201790856519e-21,1.556054896589571399e+02,3.546843964912739899e+00,-4.173072213562438264e-19
2.788107797016750264e-21,-2.725992854474261549e+02,6.031407176755365640e+00,7.360729920979537005e-19
-7.487073896640105264e-22,2.036633036194083672e+02,4.026067495123138329e+00,-9.662861647565743990e-20
-8.898256786692363493e-21,-2.732437068476986752e+01,2.534800987273594597e+00,1.997344695279700700e-19
-1.943118462697668338e-21,6.630617033993580378e+01,4.291150661864079119e+00,-5.268179931581031402e-20
2.713601251053986645e-21,-3.256726536741638824e+02,8.224143084913007051e-01,6.013483185222345785e-19
1.378216050422931843e-21,6.296623131610650859e+01,4.509913706387303378e+00,1.745120928728023128e-20
-9.315893626048637143e-22,6.736609824456836577e+02,2.361695637247368751e+00,-4.461973023049883861e-19
1.159079236541711094e-22,1.259078777124321391e+02,1.473564844310698785e+00,-1.416734339918856982e-21
-1.627701220218544393e-21,1.325950985501330308e+02,3.095375381596347619e+00,-2.155947395054685068e-19
5.800277836480942541e-22,-3.208781056876099314e+01,4.423507962306871377e+00,-5.302131818512507010e-21
3.735279084581872771e-21,1.270639905956450910e+01,3.696301148224865329e+00,4.034521811554052765e-20
1.893626435774557286e-21,-1.294177672094004095e+01,5.608189110024720314e+00,1.913275802098230299e-20
1.128600598771355982e-21,-8.710426702464294522e+02,5.664826199550640595e+00,8.010269560109902046e-19
4.376181122691476998e-22,-6.726110256609086946e+02,3.795013809212304690e+00,-2.337138961207609273e-19
-1.824480219858366747e-21,-2.491175314699648879e+02,4.691689117130017905e+00,9.407623155510799529e-21
-4.922855832109465214e-22,-2.749491911355526597e+01,1.995135078962130493e+00,5.572751819087491940e-21
-1.584308019107587747e-22,1.273472574513807984e+02,4.599821600596103899e+00,-2.266335484951655946e-21
-2.064396458123754723e-21,-1.631416326138212014e+01,9.695249353139712145e-01,-1.905186260194166512e-20
4.809152998996895733e-22,6.802096283512686625e+01,4.802902698864550679e+00,-2.956872540494266981e-21
-4.122977257955426756e-21,3.612177132417990038e+02,3.011533362816047443e+00,-1.476714159704407923e-18
3.040640174120427710e-22,-3.278942755291613764e+01,2.481973529665331413e-01,9.664570050924799821e-21
-3.142334988886975247e-22,-1.767423566467068241e+01,5.247658870191767910e+00,-2.832863358718087399e-21
2.237883596527675181e-21,9.596821673413389817e+02,4.490665461917304313e+00,4.722939856254799343e-19
-2.232821530280223721e-22,-7.395869845473626469e+01,1.570796397303500402e+00,1.164354928469328289e-27
-4.384955316004118030e-22,-2.431943408870978729e+01,6.823454590226446514e-01,-8.276256747139305256e-21
2.762954326053111222e-22,4.904722873992237737e+02,5.202400532103579778e+00,-6.377836745255679861e-20
4.642999726676956060e-22,-3.009655040783259494e+01,6.108547548384942516e+00,1.376127923507087247e-20
1.846567143319692835e-22,2.192175012392819156e+01,5.355029149890774498e+00,-2.426010045734768554e-21
1.454048624187863952e-22,-6.710249848236405796e+02,3.091051014751562409e+00,-9.744570254873691652e-20
-1.884726788745195827e-22,-1.313832063266941397e+01,2.591942529947372620e+00,2.111486281555054370e-21
-7.248738525770820884e-21,-1.955347576301946333e+01,1.037653066522656875e+00,-7.203734423291415034e-20
5.414970517396847852e-21,-3.240251519643747429e+02,4.881995759837798765e+00,2.961650733928629579e-19
1.622644284019023385e-21,1.793862472390289753e+01,3.360006756934736383e-01,-2.748031173876108675e-20
6.013398779985336411e-21,3.903259348836318736e+02,4.604834552722556928e+00,2.519637525029046257e-19
-3.680624808658340186e-21,3.391802073583504011e+02,5.357013966624563750e+00,7.501590126597297943e-19
3.678181475724664508e-22,3.286208432555929448e+01,2.224325669884959833e+00,7.348967486596122112e-21
-9.958348829872279312e-21,-4.147942295954354819e+01,1.504717615079906590e-01,-4.083991045549574634e-19
-2.130176397550857882e-21,2.408622598602848441e+01,1.738607668812614415e+00,-8.569695352883749707e-21
-1.171339046614509134e-22,2.710515446683913865e+01,4.928394554067918043e-01,2.797093321439334081e-21
1.818596647647310592e-21,-7.555177642471713853e+02,5.748394054373808792e+00,1.182139879098211209e-18
4.445722464768152412e-22,-2.094913590750934418e+01,8.517007276438530727e-01,6.134781104680176356e-21
1.834622871395957838e-21,-2.288662837161045616e+01,5.557936489582443684e+00,3.142131308852190749e-20
2.194280389336139804e-21,4.618872986969993377e+01,2.120430566773655379e+00,5.294327921116873843e-20
5.946461948927056625e-22,-1.085072239823946560e+01,3.840378468296915759e+00,-4.940065819521052086e-21
-2.237793607429777145e-21,-8.426698228655325238e+02,5.775397108908183696e+00,-1.647784852904913230e-18
6.538874175718467221e-21,5.285567493324908810e+02,5.451684248559049095e+00,-2.328651762945980370e-18
-2.328601478199435785e-21,-1.054695348155764911e+01,3.459546082791511434e+00,2.332865327501953023e-20
3.358485186600766085e-21,-1.841423455185891953e+02,4.818657381009483487e+00,6.559693258413125011e-20
-5.595337078910585887e-22,5.267092960008839100e+02,3.492495912276655012e+00,-2.767526476464196874e-19
2.018582020488246681e-22,-3.113035281209276377e+02,2.705174378459274998e+00,-5.694934642996306291e-20
5.569923179486501024e-21,-5.600553040724018672e+01,4.088056775287976841e+00,-1.823500701121770337e-19
2.986393415009750100e-22,-7.868053066094647363e+01,2.863613185125335470e-01,2.254025332312638314e-20
-1.186191247426586822e-22,-1.680124070351748244e+01,1.503650877165975341e+00,-1.337168906634006306e-22
3.480614784812972554e-22,-1.041826925153597188e+02,1.570782959356608277e+00,4.847298064372775435e-25
-1.899792571568072982e-21,-7.966152569611208492e+02,6.281594297248584091e+00,-1.513401832123945154e-18
3.897357478138122951e-22,2.547182728027225949e+02,5.911037570533007823e+00,-9.247744741995150022e-20
-2.831202057914169243e-21,5.523852771859858279e+01,1.964339183272546308e+00,-5.997030354399708896e-20
-7.703099658717222027e-22,5.810429215828347793e+01,2.680014660107450819e+00,-4.007439498476554075e-20
-3.980855248596260213e-21,-3.666802272629242907e+02,3.712700752742098764e+00,1.228050011711417430e-18
1.896731660917072178e-21,-1.807748145465624248e+02,5.707886160002681564e+00,2.876875644760166161e-19
-2.051817180521706607e-22,-3.013992146237974339e+02,2.637189162145439525e+00,5.414003493697248170e-20
-1.092181621866854045e-21,6.489061425248183923e+02,2.940872968264751197e+00,-6.944945684742375754e-19
6.067481902970400233e-22,-9.017179178978396692e+01,9.592728593226031997e-01,3.141076132311170805e-20
1.209348401780519973e-21,7.449144687141651389e+01,2.045812374462392835e+00,4.120112829546567323e-20
-2.211708032625372902e-22,-4.329535139314760528e+01,6.894092957626667406e-01,-7.388794724521562412e-21
-2.214875451130720130e-21,3.257246635828920489e+02,1.362931887026138655e+00,1.488840465215543438e-19
-1.065398516830547790e-21,-3.065216238372919477e+01,4.341579330515434876e+00,1.183383876309595941e-20
-1.840653392687951502e-21,-5.307938412904045435e+02,3.255621630491687846e+00,9.706625418675163997e-19
1.535960198128738599e-21,-4.614617682691282141e+01,2.914115344711027955e+00,-6.905274334545801503e-20
-6.063656158204104807e-21,1.178526651074555645e+02,2.165371292240892975e-01,6.979297761458115908e-19
1.171048025647526004e-21,-3.768428009201271607e+02,6.282331832225745982e-01,3.570421602006825181e-19
4.860933905830118196e-21,2.092810402880729441e+02,1.020012981738408264e+00,-5.324096117103665281e-19
3.318764730963907745e-22,-2.571746550929255477e+02,4.975540612153877440e+00,2.220172323194111408e-20
-1.655789249669023145e-22,2.055006352706278960e+01,5.049896591834479587e+00,1.126743553228090566e-21
7.210477707623377166e-22,-6.118878463053732730e+02,3.195229867907400045e+00,-4.405658638103146574e-19
5.425779944669262099e-22,1.921379238019206426e+01,4.369807617669637878e+00,3.501955114208812495e-21
-6.756883068901891604e-21,4.282580005125367961e+01,4.568276244250956353e+00,-4.155755011596581614e-20
3.293976326134446895e-22,1.857542048346457619e+01,4.783951986880068397e+00,-4.374988865787535979e-22
-9.385482961820977483e-21,-2.619447630604171451e+01,1.877669444581515357e-01,-2.415266716274715668e-19
6.419705237592697714e-22,-1.327703042219144969e+01,5.943821486986385239e+00,8.037340423467311886e-21
-1.158775364476799002e-22,-2.799907311813377930e+01,5.787756635969250496e+00,-2.854365521872178290e-21
3.486859361005011590e-21,1.720575588722304303e+02,3.087990475206762397e+00,5.990788435313362014e-19
-4.317328873320309349e-22,-3.775698159926105859e+02,5.507787814732511222e+00,-1.164119302648952441e-19
1.204461456070501912e-21,-3.041611693000631078e+01,5.260324227937906549e+00,1.908414011496409350e-20
1.812365800662869966e-21,2.265645583425021528e+02,2.018597072363062850e+00,1.777910327051270060e-19
-1.749459394983509997e-21,-3.813992676080901560e+02,1.782544423325235883e+00,1.402338777985323394e-19
1.837535415904759512e-22,-2.270670426001804287e+01,2.179769513665223701e-01,4.073704695560588553e-21
-2.074359034328999118e-21,-1.206083667398173134e+02,3.147567859302785820e+00,2.501805889867592599e-19
-1.709639723632504600e-22,1.042539912292772755e+02,1.867229685589915977e+00,-5.206491811911471165e-21
1.784227585351745289e-22,-1.525913668033583726e+01,1.801596649972468489e+00,-6.228077845117464474e-22
2.938376615329008365e-21,1.892179798220153657e+02,2.279741779326909690e+00,3.619706162481295602e-19
3.664178785650264167e-22,-8.217867834226962032e+02,1.902711423185607931e+00,-9.812035824259446579e-20
-3.202567975673602979e-21,1.182218248311321140e+01,3.654635687616524464e+00,-3.298688173251274995e-20
-6.003525919137738453e-21,-1.150126680340753182e+01,8.133783641944503096e-01,-4.743936784216626673e-20
8.826761291078956290e-22,6.602079883563612839e+01,5.698225526155632714e+00,-4.858585194634306631e-20
3.400087940980872891e-21,-2.446942706435208592e+01,2.151552418811435441e+00,-4.564721228831559970e-20
1.181609214661607194e-22,2.206538366313179722e+02,1.234544523098889846e+00,-8.602703802715463599e-21
5.762687841403658966e-22,2.583225532562776721e+02,4.568370030690346084e+00,2.136508882699533473e-20
1.268508040934871676e-21,-3.207928051481181342e+02,4.832794833066422768e+00,4.887824058278830723e-20
2.789029322168063136e-21,1.026275473886207124e+01,1.117417062334602917e+00,-1.253709696076350212e-20
1.176783143034763184e-21,4.013674019331431708e+01,1.209914346536549612e+00,-1.667768189890494351e-20
-1.764578396004948277e-21,1.236262534658113488e+01,4.389232382066631466e+00,-6.927544054252937030e-21
2.008963897217909303e-22,-5.708134495357805349e+01,3.177350250411504096e+00,-1.146010573797438798e-20
1.058847197799150534e-21,-2.270030987175421089e+01,3.607528961947409130e+00,-2.147393642650619200e-20
-3.465395031513820497e-21,7.460032876942135260e+01,4.851116446371357860e+00,3.574884596676289786e-20
1.937438870804948686e-21,4.536150116285435274e+01,1.096256446445374344e+00,-4.015728625529083941e-20
7.163427785917345072e-22,2.710707669890460352e+02,2.117394905900237545e-01,-1.898429389964752524e-19
-4.030726667533000920e-22,2.115146048346256080e+01,5.299379955852915103e+00,4.721959836185886059e-21
1.898023379920669721e-22,-1.404973425541570009e+02,1.632956707310178723e+00,-1.656546444096771112e-21
2.290377099385268860e-21,2.881601798330425268e+01,4.918911715539261209e+00,-1.353372032660430094e-20
-1.245056832377695205e-21,1.790449226667958271e+02,1.978481696442389026e+00,-8.838497799855104304e-20
-4.537483351117681880e-21,-1.511426240866703985e+01,2.996243442404773916e+00,6.785755696631136816e-20
-5.930709175866808486e-21,4.297324292509853194e+02,3.319860199442257631e+00,-2.508228522373771043e-18
-1.471658317520020918e-21,-3.033995417921860493e+01,1.368557735858946689e+00,-8.968533213725129167e-21
2.043059676787864395e-21,-9.352221529400012514e+02,5.646753512973921474e+00,1.536637938769657414e-18
5.109370356529442947e-22,-2.495186492131606570e+01,4.916319889610822891e+00,2.581897753849128020e-21
1.793553224069867792e-21,8.498980430179715313e+02,5.541683937898436163e+00,-1.124130785550136548e-18
-5.816459608941007730e-22,-1.152103790955922875e+02,1.745910357542704183e+00,1.167479846897886120e-20
7.790834960330593982e-22,-3.216027790522196028e+02,9.770992770491035984e-01,1.401680274379499887e-19
-8.346682215077355968e-21,1.100577230313013644e+01,2.094395808835900930e+00,-4.593089817358506429e-20
-3.454955244574740102e-22,4.166508210845106674e+01,2.727733999165463885e+00,-1.317980613263268877e-20
-4.736231496059227011e-22,5.848030589934590040e+01,3.123969946495123828e+00,-2.769332589649813758e-20
2.282977934470762017e-21,3.078277254620974190e+02,5.619236298086425663e+00,-5.534721661311063070e-19
-7.083392365816847055e-22,3.787557210021522991e+01,1.432187489353701437e+00,3.706806272278732678e-21
2.141168393145590360e-22,-1.539558068192214790e+01,5.564342859576818512e-01,2.799162621277099891e-21
-2.911647128232851771e-21,6.700719642146691513e+02,1.789053415313885731e+00,-4.224497268862597675e-19
-6.809885683413030760e-22,7.502968058465517061e+02,1.685460880591946209e+00,-5.845881477475531229e-20
4.252639055029722801e-21,3.391912543757827336e+01,3.784437624088392127e+00,1.154534003094017543e-19
2.452234771106808508e-21,5.474730075120806561e+01,7.654344639344620171e-01,-9.680751124834243941e-20
7.681324066621898875e-22,3.469626133724446504e+02,4.091674088868225923e+00,1.550085828574714655e-19
4.443345310682631791e-21,-1.703252082552871727e+01,1.368191135690534077e+00,1.522875046940758424e-20
3.526551041397076869e-22,-9.273348792684862474e+02,3.720317482467486947e+00,-2.737761740852490060e-19
1.405655844223795983e-21,-2.011624621151943018e+02,5.319450441229959914e+00,1.613052189625691394e-19
4.408698300987586764e-22,-1.270892218915957415e+02,5.129362794206666187e+00,2.269181347766892272e-20
-1.028297317248727748e-22,-3.231573514639951554e+02,4.576686359456416220e+00,4.495595445482506390e-21
-2.629737046221842214e-21,-6.540046963262591362e+01,4.027010164701406048e+00,1.088613708681248818e-19
-3.361356305743229235e-21,-1.389367304435391759e+02,3.336285771126208832e+00,4.581925650133510639e-19
4.026875526183301971e-21,-1.023267842326290094e+02,5.752659313361941251e+00,3.554162673004954295e-19
-1.112650870113933254e-21,-2.383959952165181306e+01,1.567349026252866873e+00,-9.143998682946247949e-23
1.784091568970487797e-21,-7.682996823880131387e+02,5.378477137335869074e+00,8.469866633141967461e-19
3.022097685891364000e-21,-6.776264939855703915e+02,2.759963999111350041e+00,-1.900529453970248004e-18
-1.823866538750439370e-22,3.018231694971944279e+01,7.349770092283859357e-01,4.083753223158503575e-21
9.365278743226314655e-22,-2.200204188298344476e+01,9.681770802578930635e-01,1.167925908020448528e-20
1.972101814630154021e-22,-3.876395715910558124e+02,4.304697650376027696e+00,-3.031033271823166705e-20
2.634077393270847672e-21,4.676331858609650283e+01,4.708049757647457589e+00,5.344959702402841952e-22
-2.494485091954805828e-22,3.007442105474663663e+02,6.218383666128658449e-01,6.097708412728059552e-20
-2.813994054699952283e-21,1.563059835931516872e+01,2.421317764523344795e+00,-3.305975831367495607e-20
4.606754824820429896e-22,-2.592500494143639003e+02,2.386434931467046550e+00,-8.696466381314887593e-20
-1.303943454344226109e-22,-7.842314801598159590e+01,2.351437522222245224e+00,7.196349519876000682e-21
1.915779086822344639e-21,4.863052670686988677e+01,3.295944162208453765e+00,9.205774397718622796e-20
-7.108044069349025323e-22,-1.414773910460538389e+02,3.868218739189635436e+00,7.516262472874010060e-20
-2.403740300369411106e-21,9.142636490578540531e+01,2.129768925128578516e+00,-1.165449002114095452e-19
-4.892215235393825427e-21,-5.069517091051786224e+02,1.724565956604979577e+00,3.798655208422485528e-19
2.362438915588119400e-21,1.036955764436368099e+02,2.517261169434338974e+00,1.987610330464724814e-19
1.381777959996495877e-22,1.548569606270988572e+02,5.190368502561730324e+00,-9.842687172786771321e-21
-1.782662847562782070e-22,-3.661820120728993402e+02,4.649837778555812484e+00,4.080549348176152464e-21
6.537396701015468804e-22,3.178000611101016943e+02,3.716269789100785648e+00,1.743858101052789229e-19
-4.766720566185348335e-21,7.716912655778072576e+02,3.385561754718167560e+00,-3.569506569276772516e-18
2.920470696129685558e-22,6.695343276236781094e+02,2.806541285959995857e+00,1.846624758870034027e-19
1.161392058796965406e-22,-5.531902887988668027e+01,1.092471497658194401e+00,2.957245975472976473e-21
-1.652648348698910860e-22,-3.578848996029780238e+01,4.086952912773052837e+00,3.462695246882324757e-21
-2.640562603037094475e-21,1.628967069265080170e+01,4.367602574611958666e+00,-1.453850996690426217e-20
-1.232154670523021845e-22,7.321773289707527965e+02,2.938364879082731917e+00,-8.835895437362680448e-20
2.951980036700817464e-22,-3.051739606098209734e+01,2.571309673025040432e+00,-7.583035780856295350e-21
-2.384667012124010005e-21,4.296128322005461087e+01,4.398633106812416038e+00,-3.161897598693738907e-20
1.121924408656572991e-22,8.346339195631932739e+01,1.024358459814906475e+00,-4.865955650656251167e-21
2.753639899873513674e-21,4.867623057924236036e+02,4.548988836108379452e+00,2.180430339387971991e-19
-2.337537927913004497e-22,-2.738353692139451709e+02,2.275716050727912165e+00,4.147676816238012074e-20
2.471463272900347128e-21,-3.781743695249583936e+01,1.702894803007278357e+00,-1.231062922643080182e-20
-5.521776278701237896e-22,-1.137601269238654851e+02,3.964911237528623733e+00,4.270161889966125603e-20
-1.975357561370479840e-22,1.634216603737727525e+01,2.204017519155954119e+00,-1.910247211613312916e-21
2.370335333783738261e-21,3.819335493802918791e+02,6.176191882119993259e+00,-9.001337150685999201e-19
-5.797418375824225546e-22,1.518378184751204572e+02,3.964992789393754435e+00,-5.983452528595885566e-20
-4.795530046843185542e-22,4.494911861689263333e+01,7.695283419538799796e-01,1.548198835027844384e-20
-2.334615675714686628e-22,-8.533736993389627514e+02,9.280609782649540396e-01,-1.194158919969568613e-19
8.057530751045430109e-22,1.579151211921945617e+02,5.341350854885151378e+00,-7.485635514400667634e-20
-8.119280237373646960e-22,-3.260826344156567416e+02,4.457943249051353085e+00,6.664138108260727852e-20
5.844299093164763563e-22,3.941443845303531930e+02,3.061869092115288016e+00,2.296181206995104526e-19
5.099460566272349281e-21,8.160856828231302984e+01,2.656110657561950306e-01,-4.015659035578811777e-19
2.021778701725993491e-22,7.418094324467955403e+01,5.558312934989922738e+00,-1.122707278317483252e-20
-3.955613921619068703e-21,-1.748284005339852243e+01,1.836718182427128809e+00,1.817394932911799431e-20
-9.113417701807423782e-21,6.847109303760930743e+02,4.436846770593565914e+00,-1.697724326262194642e-18
3.667384806741725638e-22,6.911362527207656115e+01,1.281484750384811688e+00,-7.231201762704402683e-21
3.780909248629814588e-22,-3.200429099310705965e+02,3.100854287525682818e+00,-1.209049226080575162e-19
-1.659669804877178784e-21,1.155021669222777270e+01,5.277209689800837822e+00,1.026077510436257156e-20
-5.602788345697348742e-22,-9.625801940178618565e+01,4.124406140267811161e+00,2.991483298695840419e-20
-6.347317684767926776e-22,1.186226509382699277e+02,5.080216666722201069e+00,2.707475829692745258e-20
1.816474801900199292e-21,-1.497620489913980535e+01,3.159033002427512837e+00,-2.719976168486410739e-20
-4.491313762997781684e-22,-1.063668554754723239e+01,3.882256364985410269e-01,-4.421755334706646057e-21
7.599964760409016984e-21,7.209463324407079199e+02,4.439307182869301371e+00,1.477732974644045781e-18
2.453814134736607836e-22,2.800027864828918922e+01,4.102982802683002639e+00,3.932683068042012339e-21
1.103697195987213843e-21,1.146382477621451379e+01,4.586172814182837953e+00,1.592724865991870696e-21
1.283428482729087505e-21,2.748114835311287152e+02,2.885591367376573846e+00,3.412064484231873274e-19
5.382943225372903329e-22,-1.536887925514293727e+02,3.209074658390134172e+00,-8.254150758088531872e-20
1.501672538652036761e-22,-3.758532158776376946e+02,1.430389531517103574e+00,7.898665921784441309e-21
-1.416341416329683450e-21,1.944569713456137379e+02,5.980927786751618846e+00,2.629319382704541399e-19
1.022668660139218661e-22,9.856042500424560160e+01,4.990630235100640633e+00,-2.768476168667289551e-21
-3.495939561834395872e-21,8.449306322619861476e+01,6.222906522330810652e+00,2.948461637778378494e-19
-5.338165033407220357e-21,-3.932696364108390696e+01,3.122706021618532279e+00,2.098963810838003836e-19
-1.116275388226722801e-22,8.777933190455982526e+01,3.722038261581190000e+00,-8.193761542064395436e-21
-3.417029510819735668e-22,-4.168487143936621919e+01,4.938583994751277295e+00,-3.194482405407109301e-21
-4.682050728193826572e-21,1.378253755811768322e+01,1.765480026891535825e+00,-1.248383434442926420e-20
-1.710838191156478726e-21,-2.069242392541945890e+02,1.530395982846345371e+00,-1.429839261562030875e-20
-3.909149774551775290e-21,-8.339899395262904136e+02,2.626007105666932073e+00,2.836380274319172886e-18
4.755199737038334043e-22,5.158461737171273143e+01,8.665719538822199697e-01,-1.588146110649918195e-20
-2.004734002116425123e-22,2.430126117018682237e+02,6.085399120468284018e+00,4.776776656537959977e-20
-1.299313726719199728e-21,-1.826138455320906928e+02,5.044508279543207685e+00,-7.736210260550860103e-20
-4.486002105208008158e-21,-2.453898187349880402e+02,2.391716518890465437e+00,8.055501245881145144e-19
3.513202205484089996e-22,-1.488146640098229625e+02,3.722591169137966727e+00,-4.370297533072018768e-20
5.304540639349988151e-21,6.962829386303651802e+01,5.962200412156373752e-02,-3.686898361765174886e-19
1.493904374025409948e-21,-1.754143318546118451e+02,2.989251650041956143e+00,-2.590172884598613310e-19
-2.018102582830542363e-21,1.808704691533850735e+02,3.693399624054221508e+00,-3.108391181361116144e-19
5.518678348968405354e-21,9.843869812564850008e+01,1.431356169231315256e+00,-7.550583657240853581e-20
-4.232520373098108031e-22,1.595688054205069761e+01,1.765261142596200150e+00,-1.305110773271857202e-21
3.486722835983019434e-22,-2.144464976504861795e+02,4.101167886285235653e+00,-4.290899241308146144e-20
6.492799461184396845e-22,-1.323116338172781639e+02,3.815070297906172136e+00,-6.715006605641202380e-20
8.746019336218287065e-21,8.863877623612939942e+02,3.643744621670073958e+00,6.795325979657236293e-18
7.771873573964954424e-22,2.054226037471768223e+02,1.498265938384459872e+00,-1.156946067424448480e-20
1.119790511157460117e-22,-1.658655992959128298e+02,2.658703332283817833e+00,-1.644972575020470070e-20
-6.978052096192686942e-22,-1.926450430584229707e+02,2.028394046688850150e+00,5.938983437149214143e-20
1.036105346124436946e-22,-8.484098289976775504e+02,1.655588664091022899e+00,-7.444673865623500741e-21
1.053929057461255319e-22,-4.573455944872614509e+02,2.399072838759931603e+00,-3.551289879340088533e-20
2.101814017705807030e-22,-1.496016059054918124e+01,3.179585110223813960e+00,-3.142078478906760633e-21
2.073961680355510038e-22,-1.628524089238608497e+02,3.363879636951336405e+00,-3.294395990069518432e-20
-6.593137392246231474e-22,-5.192798501678733913e+01,1.853331417772342338e+00,9.544925319067956142e-21
-2.298166623476541952e-22,-4.590505802414632086e+01,4.110368623448445113e+00,5.974414608323570662e-21
-9.384200404305916043e-22,2.009064431749177970e+01,5.550825423336973152e+00,1.401940876621515900e-20
-8.381638172307688199e-22,8.730774008433023425e+01,3.715990292906869996e-01,6.818362513182941378e-20
3.705702202881148708e-21,-4.253376065954727210e+02,3.398293092726479281e-01,1.486035568140318205e-18
-1.001660436173505321e-22,-8.223743361807061092e+01,2.859570435443633318e+00,7.911976828613307833e-21
1.361054370611504327e-21,-3.897284174681129798e+02,5.557550445508904424e+00,3.968118099856800080e-19
6.974643170878227980e-22,-8.733257285586946637e+02,3.244623446564675273e+00,-6.058834168462532095e-19
-2.948708854144242663e-22,-2.708956880426333313e+01,3.338589160173797143e-01,-7.546870637621711726e-21
-1.238260496959076512e-22,-8.308301511042630239e+01,6.035561201757566607e+00,-9.974036590475000012e-21
-1.157053525377031451e-22,-1.022076908859917950e+02,1.160855000783577590e-01,-1.174638384226110049e-20
-3.234090287131768692e-21,2.289883435419494049e+02,3.135992507631923942e+00,-7.405573650188677176e-19
5.058247286901779717e-21,-1.014912987730756910e+01,1.994604171459095632e+00,-2.111146116110899021e-20
-4.369370446124396276e-22,-1.205991059991637968e+02,4.932879261805425131e+00,-1.152465002848600346e-20
-9.236483014101345249e-22,-3.807206529569841109e+02,3.513158649491319618e+00,3.276552228835022984e-19
3.981023414927203407e-22,2.803464011881927718e+02,3.516281610316085882e+00,1.038634634975325019e-19
8.968013786040464887e-22,-2.097536304412421515e+01,3.610813041491023334e+00,-1.677769086765870300e-20
6.786716370513323672e-22,-1.812529033574926132e+02,3.174340889703825219e+00,-1.229452490399831419e-19
6.216526292962760567e-21,6.236650679976639111e+01,6.239005152831530232e+00,-3.873247147976109692e-19
3.220841392085578003e-22,1.453563566969711296e+01,4.745618555458901155e-02,-4.676426890600087237e-21
-7.292855309784717639e-21,5.393962898523759577e+02,1.977320813483852913e+00,-1.555476994588848858e-18
-7.509905389021208552e-21,2.562353239595988086e+01,1.825353462156596107e+00,-4.845719109100583573e-20
-8.806120533854307826e-22,3.898971193957434593e+02,3.579110143993688542e+00,-3.110068654540827653e-19
2.404271017818738098e-21,-1.127769521669264563e+01,2.160390637082591159e+00,-1.507638479018499627e-20
1.662707242639514746e-21,7.081435072060634184e+01,4.305018880574000839e+00,4.664951902034385008e-20
-4.875181436906963020e-22,4.084008185996676730e+02,7.489009778262624151e-01,1.458303761751087578e-19
-4.732833381315319578e-22,-9.407396969672812759e+01,5.764232088769664308e+00,-3.866160751728464355e-20
-6.746076858779372303e-21,2.097685183461369718e+01,3.393756770751326979e+00,-1.370361184758355255e-19
1.355742811189134034e-21,-7.119801075301716082e+02,5.219825787814639462e+00,4.690580546729160633e-19
2.110105876687121942e-22,-3.096349070564034491e+02,5.965029945685522250e+00,6.205728317983327262e-20
-2.595979736465557437e-21,-1.948106791431573726e+01,1.385709605607738704e+00,-9.306939090390781139e-21
4.940228316827384363e-22,1.158530735848657258e+02,6.111467100715533896e+00,-5.639230046610824523e-20
3.562211572706424675e-21,2.105546213296852613e+02,1.332827372801997923e+00,-1.768064338583954543e-19
-1.033684242335782226e-22,-2.002211419205151444e+01,3.314005820493191035e-01,-1.957039462684904678e-21
-3.357975518894056782e-21,1.237760021534403307e+02,7.212098070764237923e-01,3.121463224504697171e-19
5.101413207023385630e-22,-2.847691546946413723e+02,5.081878409591393364e+00,5.246362308550493438e-20
-8.169565457337168405e-21,6.165523803955632047e+02,2.749967188259832884e+00,-4.655615677648263636e-18
-1.488325078429466748e-22,-3.397999643093490363e+01,6.251488338523058630e+00,-5.054787754753560436e-21
2.134960604942260890e-21,3.079801341780558843e+01,6.238653913780387583e+00,-6.568736100243441811e-20
2.116432164206419532e-21,1.855633015234103596e+02,1.357313284242218421e+00,-8.320625441575744286e-20
7.382835484735538722e-21,7.120888596280672118e+02,3.784434493918131803e+00,4.207866564285717252e-18
-5.761074346908485064e-22,4.447244596827976011e+02,5.533632465437465342e+00,1.875433967582436684e-19
-1.487177398404246372e-21,-9.570343367606042762e+01,6.251427015323677061e+00,-1.422562143186444996e-19
1.447884673306476733e-21,4.047044072095122260e+02,2.352009937478895196e+00,4.126025927893657489e-19
5.886938916431993070e-22,1.735116481647244484e+02,2.697782864973249151e+00,9.224965708415382260e-20
-1.610204053272863259e-22,-1.559036619400739312e+02,4.838847944164269776e+00,-3.166129708121703031e-21
-3.865746054175115054e-21,-9.663202912776527000e+02,4.609453184684365823e+00,3.838430021459112821e-19
-4.402933097175888870e-21,-6.183227861062828197e+02,2.088424288730612588e-01,-2.663279636784072038e-18
1.684918600672968322e-22,-1.214349683245895903e+02,2.417958128462474043e+00,-1.533341260288014703e-20
3.240009590366507756e-22,1.387167536204729856e+02,5.299332889869779351e+00,-2.489104112654848706e-20
8.217151025178223078e-22,3.088632505046767278e+02,2.423325258614387412e+00,1.910961532206085052e-19
7.990799209888274181e-21,-3.457326705132243774e+02,2.960339152804905893e+00,-2.717423519330355827e-18
2.262617835629594791e-21,2.824878801455388100e+01,2.146869376196930190e+00,3.481739574812192052e-20
1.854708543008055270e-22,2.634895970146330910e+02,1.733607557858428905e+00,7.921421649949703633e-21
-2.338556137330883306e-21,2.686176682985056274e+01,2.352759435156307699e+00,-4.426601379746824783e-20
4.030619384820238357e-21,2.699776133179673820e+01,2.266469827073692489e+00,6.974154464042489461e-20
8.448504803376596975e-22,-1.249085354902146250e+01,2.787858040906007195e-01,1.014545896354840933e-20
-1.348422195854130316e-22,-9.339660721326979456e+02,5.804413082392136047e+00,-1.117777359515142448e-19
3.629519791135977527e-22,4.877286918701715734e+01,3.312024101328451930e+00,1.744573415654105776e-20
-2.027628718406691705e-22,2.747752312336811542e+01,2.071557286231658246e+00,-2.674801601143855510e-21
-7.968368822909907814e-21,1.673463465976949749e+02,4.136769233387338929e+00,-7.258847934479733973e-19
1.418530345583333234e-22,2.997284080598834777e+01,3.883432781314164473e+00,3.134494377824176513e-21
-7.332535263009194434e-22,-1.349085482730013652e+01,5.729778981919132264e+00,-8.415696045742699387e-21
-4.621795807870046108e-22,-3.030694415887962734e+01,5.178776820704115380e+00,-6.298540302457527416e-21
4.666685763893322357e-22,-1.808764888029440954e+02,3.398597163636994711e+00,-8.163700872908754531e-20
-1.046832455276058258e-21,-1.523931798873088610e+02,1.725121430501841191e+00,2.452189565712002542e-20
-1.048557489409754218e-21,-1.250805424206437522e+01,2.983349856825303625e+00,1.295154621445835693e-20
-8.007750443875988009e-22,2.086804609874776020e+02,3.069107642549429027e+00,-1.666673034275792454e-19
-1.676538966016566785e-22,-3.971847301705604423e+02,3.720976704736636886e+00,5.572215329658449257e-20
-9.000407470249698822e-21,-2.977870862947650608e+02,1.835967883017971314e+00,7.024143052920373727e-19
3.832553405893328328e-21,2.106643179831078783e+01,5.611256235507324774e+00,-6.318753382375329052e-20
3.690148030611896071e-21,3.203887584633272212e+01,1.552162424479591740e+00,-2.202925139936000664e-21
7.504025539992445948e-22,1.179915432435187306e+01,3.937823104971097443e+00,6.192620308727134524e-21
9.365659105137334629e-21,-1.570080545773910252e+01,2.208181093053593003e+00,-8.750787047305328794e-20
-3.618751208120302839e-22,5.237349057825571208e+01,2.202312390351302884e+00,-1.118906676179692250e-20
-3.515469354499443719e-22,5.695773871470588290e+01,5.023420024172660980e+00,6.127943835660192076e-21
-3.523525114015757853e-21,9.396825160013871709e+02,6.120081661203947476e+00,3.267051624946850550e-18
-5.175598730464577978e-21,8.293443085491561817e+01,4.469092334968877367e+00,-1.034042884619833098e-19
2.510866971512986216e-22,-7.383677805541323096e+02,4.159019818207529084e+00,-9.743520310153728481e-20
8.681998003713630752e-21,-3.459303374695331712e+01,3.170776834399571698e+00,-3.002087581845583417e-19
1.667369021514234350e-21,-1.084143336444074492e+02,3.125849302899644577e+00,-1.807443000766431630e-19
1.829205490122023856e-22,8.065233494653455182e+01,7.429201756941784529e-01,-1.086550845584498538e-20
-9.168307074309308201e-22,-1.113456442764957721e+01,4.538067769173601995e+00,1.770560769673089264e-21
-2.583247080629872201e-21,6.946924219014296398e+01,2.600567574908069224e-01,1.734220709319229346e-19
4.246000170507739584e-22,2.126747637881702957e+01,4.408073542047159510e-01,-8.166954086582141316e-21
-2.567575503852330922e-22,8.880783741161147873e+02,5.184225868356171496e+00,1.036407635336940189e-19
-6.073971060216923097e-22,-4.424514842889914803e+02,5.566814123265062975e+00,-2.026848062701723690e-19
-1.903518507344975351e-22,3.606244645553902046e+02,3.193866292643565696e-01,6.517400501923765227e-20
1.020406792165308198e-22,-8.202954523713061690e+02,4.299700563601542846e+00,-3.357125671675258068e-20
1.736006774743069784e-22,4.951069656814740938e+02,4.678253979642327032e+00,2.933364458547628750e-21
-2.785112957095384816e-22,-1.015749522482010647e+01,3.487126587628251784e+00,2.661769736494900699e-21
1.336994339554199971e-21,-6.458330944199188650e+01,6.602127319402695260e-01,6.820260553001962041e-20
3.355545149997651437e-22,1.067605947177188241e+01,3.098154651106775681e+00,3.579020745851436726e-21
7.149871057313507731e-22,-2.028268981183124140e+02,4.556237030923790066e+00,-2.255302497194080292e-20
5.663991450686247363e-22,3.875842701160631805e+02,3.524521739248052565e+00,2.036279507465720907e-19
7.009891015507810061e-22,1.131109780095426913e+02,6.803326121290310668e-01,-6.163681459299575907e-20
1.721271893881686796e-22,6.607459661141555785e+01,6.093299215164742044e+00,-1.116880914344248100e-20
-3.880041541685487941e-22,3.579971515985520227e+02,6.235676864504493544e+00,1.387476542673162912e-19
3.065542200668407825e-22,8.972408400087521159e+02,3.087273191478773882e+00,2.746472795015989043e-19
-7.786735020401627438e-22,4.239729647395496954e+02,3.722480764986530605e-02,3.299078068130308238e-19
-4.769722313160035985e-22,-1.698613905986841814e+02,6.064508951132323133e+00,-7.908973171290458579e-20
-1.036098807435278137e-22,5.824807562960111227e+02,3.817935767676339687e+00,-4.706556377846520147e-20
1.292950555830080310e-22,1.127086478873766424e+02,5.937743277303782818e+00,-1.371180300406022383e-20
4.125238496647173064e-22,-3.642639568143786022e+01,7.679381765509760704e-01,1.080941424102787813e-20
-9.141152382534217088e-21,-3.873818433613674301e+02,3.590351665321108943e+00,3.190497049142502636e-18
-1.255541968374462957e-22,-6.245947023596926329e+02,1.797353053356075814e-01,-7.715721423758231171e-20
-5.523932171086086295e-22,7.704823972824478915e+02,5.867101005229658384e+00,3.892956743591528810e-19
3.203830256695652710e-22,-1.548365892298586459e+02,4.427059562831482609e+00,-1.396306336591705468e-20
9.979780811582362613e-22,-5.180286373280428052e+02,5.410878417369420212e+00,3.324507793781827792e-19
-7.596430675670216369e-21,6.611281584475906925e+01,4.038489599436735134e+00,-3.134050899706273206e-19
3.560033439032740106e-22,3.997442676901889627e+02,3.512812152438376412e+00,1.326169245211539732e-19
-1.770231639038998790e-22,-9.822080314317742022e+02,1.247536423418281082e+00,-5.523255749644589220e-20
-1.395928888264264069e-21,-4.320472113550972892e+01,3.829116709583819222e+00,4.660931003941920793e-20
1.471191253579509047e-21,2.691045532202461743e+01,5.258278100779048891e+00,-2.055448623286855277e-20
-7.499605019131100214e-21,1.614380242912723773e+01,6.110131808937609321e+00,1.192637567593541515e-19
4.273099226266434518e-22,3.475657134162909756e+02,5.145228641946821391e+00,-6.229603234318550701e-20
1.239289391499159178e-22,-2.198230972419987239e+01,3.372176225464199595e-01,2.570811892826829109e-21
2.958122256977757143e-21,-2.710650633345795200e+02,4.162189726704789372e+00,-4.192496074870661270e-19
1.432623414459912419e-21,-2.747347412495281560e+01,4.113838657829480994e+00,-2.217672807781593415e-20
1.039412393703202485e-21,-9.151799657476973380e+02,5.157374634184068718e+00,4.094604820711658396e-19
5.611728596643986685e-21,2.958901207542533740e+01,3.783728931288574682e+00,1.329722548456290544e-19
-9.827140626587812226e-22,2.156821671080882652e+01,3.152435120731795326e+00,-2.119414402497701227e-20
-6.981186563845846930e-22,1.258399286484520587e+02,5.853319804993614817e+00,7.985865853927633485e-20
2.577019516197095275e-21,1.319001646738167111e+01,1.257643704491387515e+00,-1.047122761617648539e-20
-1.965723885190341346e-21,-2.157233962450434817e+01,3.395368462210540450e+00,4.104708065252839251e-20
-7.002754234660776195e-21,-3.198307477237506760e+02,4.971700019311930951e+00,-5.742909777888087227e-19
3.442866917438630220e-22,-1.855592548440839096e+01,5.357967732748544210e-01,5.493279249766014688e-21
-1.498994769501704982e-21,5.886779817974594380e+02,5.852127707213176322e+00,8.017048032798254197e-19
2.045290070549797062e-22,1.170385466363265863e+02,4.461156849180885509e+00,5.950874054479235894e-21
-1.253113606909205023e-21,-1.632621742759885208e+01,4.957576177469174006e+00,-4.966079425991218634e-21
1.760397635205510740e-21,1.317187097985111066e+01,1.212640462039930700e+00,-8.128405949472676543e-21
1.722417393564954030e-22,-5.867498920017114727e+01,1.881445074368112591e+00,-3.089251921804594276e-21
-6.589607770104819200e-22,8.706651313279415660e+01,3.772202720070609860e+00,-4.633866966535974790e-20
-9.827577809852792173e-22,-1.904604421075328347e+01,4.726972705271633934e+00,-2.729633549688086373e-22
2.401613477654787948e-22,1.066057194553622089e+01,2.407380325814117761e+00,1.900629367302810111e-21
-3.792407781667002647e-22,2.833324747939960844e+02,6.110606628108203431e+00,1.058550642459389669e-19
4.871378449021428211e-21,-1.798991097175951666e+02,4.049692508260050339e+00,-5.391738803542864406e-19
2.869771994817496798e-22,1.135315819142712712e+01,2.338184784603350774e+00,2.261960326013287086e-21
-3.130306772421816565e-22,-6.130394815196574427e+02,5.850267294676300800e+00,-1.741965002880396797e-19
-4.461044375112804828e-21,4.228476930296719161e+02,8.447869977744538739e-01,1.252324911668135027e-18
7.370508765267570353e-22,-1.464314425627757998e+01,3.082480541631364090e+00,-1.077389157369212457e-20
-4.078591665235611941e-21,-7.044640638180674159e+02,3.565149165637690576e+00,2.619323211789812419e-18
-1.050560829288749391e-21,-6.234787353452052230e+02,4.858166388972306571e+00,-9.514671132747166977e-20
-1.799493719746390322e-22,-2.555366621831763752e+01,3.886177258306076965e+00,3.381498084401967083e-21
9.103721109218080228e-22,-1.689252920192764762e+01,3.779215257897830527e-01,1.429328262750346873e-20
-5.949222396279265025e-21,-6.472698430308679463e+02,1.637981238429927711e+00,2.585178634290606086e-19
-6.103616449113377699e-22,1.028928511909611210e+01,3.366534660755436392e-01,5.927649382122143697e-21
-2.209459369193830172e-22,-6.436575788333139769e+01,3.743480949342115949e+00,1.172220496645379129e-20
-1.099134159729432338e-22,5.609040234654458601e+01,3.206946732996415861e+00,-6.151926385942739891e-21
-1.213327963364491270e-22,5.514821065395743744e+02,1.308153583488587790e+00,1.737282643098539674e-20
-4.108392907048668649e-21,-3.516906894155896168e+01,6.203539924551249030e-01,-1.175662320303319088e-19
-2.014450039799357136e-21,5.678569629316208420e+02,2.509920219279358378e+00,-9.231900056363860309e-19
-3.308942341145375146e-22,-4.696511109659100924e+01,1.247746654572027714e+00,-4.933481424856176852e-21
-4.435414601642526289e-22,3.574662183915219202e+02,5.235335691899153154e+00,7.918599294163123101e-20
7.554886807002105517e-22,7.392449988331304667e+02,4.705783865758951023e+00,3.688871761370348660e-21
-5.562565951628641925e-21,9.123981271019815154e+01,2.709424570462342530e+00,-4.608652997753166995e-19
4.464332982291967850e-22,6.318384821024477560e+02,4.045416843531506323e+00,1.744935894460042605e-19
8.800574826517168808e-22,4.902339179062812491e+02,3.657777028417947829e+00,3.752219559124463452e-19
-5.025649129172277158e-22,3.466092013462834984e+02,2.085866959598469350e+00,-8.580713753174388698e-20
-2.079599150150624596e-22,-8.299216670144448926e+01,3.348995980231218805e+00,1.688916396725783610e-20
1.406746723647437299e-22,2.771102573977095176e+02,5.923931923293684676e+00,-3.649374208060362329e-20
-1.060597103767727455e-22,-5.123428369779621789e+02,1.269410134002555868e+00,-1.613019722239409513e-20
1.444137600675996408e-22,6.396070848111494342e+02,3.040709073947184038e+00,9.189842476794450278e-20
3.126303856635438964e-21,6.148928012045217883e+01,7.424505061237217651e-01,-1.416408296978357821e-19
6.982026344746009278e-21,-6.724881938447504126e+02,3.943543550355626426e+00,-3.264690834897680102e-18
1.598941002594882962e-21,4.502184091667465395e+02,1.528434955443699783e+00,-3.048567409775721922e-20
8.126423901905179848e-21,2.787370746916895925e+01,1.492683178234552432e+00,-1.767569956662637311e-20
-1.075448945211844039e-22,9.272410140572353043e+01,2.300727375549911802e+00,-6.649514086809642349e-21
-4.169282418439871973e-21,-8.924907913969796880e+01,5.878620809315048490e+00,-3.420660642727720977e-19
-3.294633080937710539e-21,1.002210134605829097e+02,1.332542433790580239e+00,7.792723486136746648e-20
1.431249968054824697e-21,-3.353282877338367740e+01,4.196035032117451991e+00,-2.369517962880130387e-20
-7.989887053778764702e-22,2.534581332890287797e+02,2.001434366487436556e+00,-8.453801349971986660e-20
2.551036040497775041e-22,5.539868260483716256e+01,1.151128412278618951e+00,-5.758349695816259815e-21
4.870797927965801226e-21,9.525790398742688012e+02,7.998708417649763591e-01,-3.233023597380459647e-18
-9.228915591063604677e-22,8.321946539106734519e+01,2.464112255034973220e+00,-5.984105069379221543e-20
-3.063454147690563208e-22,-1.170700466144592724e+02,3.215177788935405179e+00,3.576681844506348400e-20
-1.044449965154117442e-21,4.221080915751385731e+01,5.892036595654708275e-01,3.665326794519653206e-20
4.441591036135481554e-21,-4.516689167638827485e+02,2.138051371997310213e+00,-1.077931096932919367e-18
-1.444169996935293150e-22,-9.661948101634559407e+02,3.821649478517760379e+00,1.084935888740438483e-19
-1.752589196593125129e-22,-1.427517017671359838e+02,6.027894834142387914e+00,-2.420765876265872386e-20
1.756800113143314641e-22,-4.598967893989168942e+02,4.627390313571271285e+00,-6.859173208993029125e-21
1.614739605218981641e-21,-6.409409874078025382e+01,1.191682646745402696e+00,3.830331631718827216e-20
9.675129829897689617e-21,-4.631392915075599035e+02,4.836149600354286093e+00,5.531484236109570761e-19
1.669834344301232832e-22,-1.229270615418793255e+01,4.166886358171499327e-01,1.877039180829625209e-21
5.837617167053409544e-21,1.925948686741175564e+01,2.394718346396417452e+00,8.250256117922230052e-20
-1.407863968815895913e-22,-4.258976934498747369e+01,4.717759269589111959e+00,-3.220042242329590611e-23
1.748039909738786933e-21,-1.707651372557606635e+02,6.213175992186521057e+00,2.977730437273698824e-19
1.523803455154840634e-22,-1.559438753221562379e+01,1.839783231383207873e+00,-6.315075841033643919e-22
-3.896146011304319657e-21,3.247975360553159163e+01,5.444029028979910478e+00,8.454413405751270776e-20
5.799396505817532175e-22,3.582358623907697961e+02,2.158071631381136557e-01,-2.029360646336577509e-19
1.136745317845220418e-21,-1.715499591402813806e+01,4.277985855702008067e+00,-8.207308728095129463e-21
2.259712081810645655e-22,-6.327914382399403337e+01,9.423660867245429174e-01,8.406189080487964565e-21
-1.429273601031384735e-21,6.297449098425685179e+02,5.242442796096713487e+00,4.550611172225635181e-19
-8.608624450118776670e-22,2.974450063799449495e+01,5.203183589580765656e+00,1.206875926842363058e-20
-1.152254694336592018e-22,2.330184622990616958e+02,5.603483705159821859e+00,2.088260133731966031e-20
-5.050895121727683930e-21,-9.210829718906433072e+01,4.717634103376297183e+00,-2.440173965742423083e-21
4.422309363790789093e-21,-5.161994629966260391e+02,4.828907494172421266e+00,2.653862732509065141e-19
1.962057240318593823e-21,5.132064080309499587e+01,2.081644050615175878e+00,4.923101715637807733e-20
-2.343146455163639293e-21,-5.695996892995712102e+01,6.019191481396208410e+00,-1.288417072228904801e-19
1.404815695110131191e-22,3.823175196996316316e+01,1.445663037493592595e+00,-6.703203911645229155e-22
1.373266915878835557e-21,5.814384865505040523e+01,1.330650675608208822e+00,-1.899114352897946450e-20
-4.214131928833825426e-22,5.017285424989079701e+01,1.266022956432045987e+00,6.344678808731055122e-21
-5.061933877980980796e-21,4.417273140849981417e+01,7.610659522031785196e-01,1.619086362130506027e-19
2.889146208508454681e-22,6.807901416991840051e+02,3.786796242068485085e+00,1.571510359257148639e-19
-2.140096214759417561e-21,3.841922874570245767e+02,1.741556395427297677e+00,-1.397190447455814591e-19
1.204864622154585308e-22,1.542023684465496558e+02,1.026194667825254675e-01,-1.848155664213840518e-20
-1.921805008464608150e-22,-4.258093302123392618e+02,4.710722875015543210e+00,1.363410885912761973e-22
-1.106826965259572914e-22,9.562610375929239126e+01,3.429964145136909615e+00,-1.014711705961326127e-20
-4.723538619736297053e-21,-3.194185415921580784e+01,5.659060225007974232e+00,-1.224341550087002376e-19
1.848354136819441244e-22,1.708262957737227339e+02,4.535805068915761851e+00,5.546661591894386241e-21
-1.709683039946100317e-22,3.089893919243524678e+01,3.206636025294322678e+00,-5.271568483598956417e-21
-1.125439521870127070e-21,3.963151178394650032e+01,4.441679520275284787e+00,-1.192748203632717804e-20
4.157448106072770545e-22,6.455673505041875160e+01,5.324594691181743222e+00,-1.542374804392279094e-20
-6.470124301700414259e-22,-3.645038611232705961e+01,2.217908309130961708e+00,1.421834599116962365e-20
8.444253411406807011e-22,6.566180602209246331e+01,2.581632012913132712e+00,4.697848373036775413e-20
2.115178694540841952e-22,7.525688063242117209e+01,2.065499676019477704e+00,7.557481313511455917e-21
5.998434469186309398e-22,2.621278673175584117e+02,5.406028234288645651e-01,-1.348136536650931907e-19
-9.587744520654909273e-21,-1.231478898604092507e+02,5.173173748247147152e+00,-5.250043002277865321e-19
2.890766257776546212e-21,9.579385919635060986e+01,4.242603004604069916e+00,1.253593649959177369e-19
-4.687198614852771859e-22,2.117840640436620703e+01,2.502061337955341802e+00,-7.964973397875736098e-21
-5.344844953239856988e-22,1.022614231613904678e+01,5.970129454003707536e+00,5.200063902534175337e-21
1.810179087795247704e-22,1.012567862980624511e+01,4.318098323819921980e+00,7.041259187472239402e-22
-7.070916557290702682e-21,9.362134069711519260e+02,5.865621251617350929e+00,6.051102969786152960e-18
-1.908416894865613169e-21,-1.215012496856998752e+02,4.668694249809745678e+00,1.012849364258719406e-20
3.715381137777288817e-21,-4.142022943679976521e+01,6.142354728222662708e+00,1.523683709774759108e-19
2.302557501264091695e-22,-1.004823836442376574e+02,6.128739484651064551e+00,2.286124956625092623e-20
3.914806593359838667e-22,-3.308372817938030153e+01,8.384300108777184013e-01,8.659868910816165465e-21
4.208133821931101607e-22,1.316889031032054049e+02,9.256114148313655809e-02,-5.517923012514465919e-20
-3.319323438112973874e-21,-8.126487374833725426e+02,5.426393275840138308e+00,-1.766462318818172077e-18
1.201351435555866162e-21,2.182221041233297854e+01,3.358952210937839578e+00,2.559928500787527791e-20
-1.686080694830435015e-21,1.517726029827727174e+01,2.669502984654085753e-01,2.468368129077462798e-20
8.887262531231738820e-22,-2.310119870381135740e+02,2.347591204383518981e+00,-1.439192333426478257e-19
-1.098036266147161585e-22,-3.734907212656241171e+01,2.144440272032998696e+00,2.225632026796668238e-21
2.712310299291045697e-21,2.438613553307022244e+02,4.944126145619389234e+00,-1.519091647221437684e-19
-8.506332745339970370e-21,2.113560173128927389e+01,6.135705244770309541e+00,1.778347914930316356e-19
4.285581174368942863e-21,-1.849280246375886065e+02,2.361316656001128944e+00,-5.632622310746363525e-19
-7.468672086941187790e-22,-7.483586218714283689e+01,3.758655863901066763e+00,4.558483951583448248e-20
-4.576734484915143137e-21,1.096164926369746553e+02,3.201745925521446434e+00,-5.007782020236102960e-19
-7.041467444288183747e-22,8.280407201302274700e+01,4.925561522127671843e+00,1.233536193018254526e-20
1.165438222831910114e-22,-3.240288998595144676e+01,2.591466434055700874e-01,3.650260355798202028e-21
-9.862274385277985581e-22,-3.195824740236992056e+02,3.117776799047635272e+00,3.150916244459787191e-19
-2.484275584895427335e-21,1.452251090536338438e+02,4.584301122687063135e+00,-4.608517620667820925e-20
-8.796996051738084756e-22,1.342210633283449113e+02,2.352927830676216470e+00,-8.321789719903972349e-20
8.105006921902900425e-22,9.527122627907871220e+02,2.763211744916396650e+00,7.175534305678049120e-19
-4.061268823886069869e-22,-8.124014881935558208e+01,7.280574391120192557e-01,-2.462883634388067746e-20
-1.658851431442390311e-21,6.327528286103349728e+02,4.304946410108040133e+00,-4.159341914003329512e-19
-1.661854023105895877e-21,-1.818206616464387082e+01,3.740947764317508639e+00,2.494928865860397660e-20
4.339723175986139718e-22,-8.023568930159826778e+02,4.394754094020794088e-01,3.151129046742610980e-19
1.478628767582557760e-22,7.551510610801544487e+01,5.290198818264927993e+00,-6.098699540395753497e-21
8.344912711605678719e-21,-6.079223677757659772e+01,2.161073651198902379e+00,-2.823621274964316925e-19
-8.736103919095317705e-21,-1.031368927734542069e+02,3.408635498999427416e+00,8.690785532556901773e-19
1.167937108466775013e-22,-1.496193288485128789e+02,5.254240012456678599e+00,9.012047138295537594e-21
1.453281116797513984e-22,9.750394678607852939e+01,5.449597190553899573e+00,-9.525452281035208943e-21
6.596473453008659573e-21,-3.677454692108062062e+01,3.830237367278810368e+00,-1.872997510326429353e-19
6.757378622449695893e-21,-3.070404797246637827e+02,3.165235219554153545e+00,-2.074208927628203757e-18
-9.654985085521659476e-22,6.334248260439643445e+02,3.277568371495605426e+00,-6.059256441026639438e-19
2.664062805867100657e-22,6.091143602053183059e+01,5.810333046995915574e+00,-1.444662693661716116e-20
8.633380699208167033e-22,-1.942591716660982115e+01,5.070852378709381547e+00,5.883912768738121915e-21
7.738597121041057584e-22,-7.044503469705107079e+01,2.569160497259907583e+00,-4.582418884685481426e-20
6.124207994191710457e-21,-9.648584276983200425e+01,3.104786393472819928e+00,-5.904991688801610753e-19
2.757798599949097318e-22,4.899552493665227075e+02,4.493672369519668308e+00,2.931788500456970792e-20
1.102849978871868250e-21,-2.974895870567929137e+02,2.812912917848112926e+00,-3.105237045148210194e-19
4.335498680463763870e-22,1.410594430194016091e+01,5.142502338358124980e+00,-2.550057835759905604e-21
-1.867955624088539815e-21,3.365023096412493828e+02,2.884634979937002353e+00,-6.079338920852476918e-19
-6.036568710632439434e-22,-3.507830872082419091e+02,2.804601085535661120e+00,1.998423132593600034e-19
-5.400301610148977902e-22,3.502557416742344998e+01,6.047504557128487335e+00,1.839197647674050510e-20
-6.580168106101717792e-21,-8.629657173283010252e+02,5.747043348107237826e+00,-4.881691278170135901e-18
1.795052371489116809e-21,1.037771583167857692e+01,3.242246034838667690e+00,1.853425920738923781e-20
7.200607436243766013e-22,3.740940092324192392e+02,4.197498455007362850e+00,1.326486494052188613e-19
-2.771042215235845868e-22,4.294036058440038914e+02,2.188190587375195673e+00,-6.888453126139360164e-20
2.357838245879426584e-22,-2.847187411933394401e+02,3.362433130882554466e-01,6.337273243355704708e-20
5.253187436742742390e-21,-6.791531274162349519e+02,5.829883766719376581e+00,3.207401000106065455e-18
-1.392565868752846419e-21,-1.060347138660569755e+02,3.784325622306702552e+00,1.181962781767066658e-19
2.317382275462054851e-21,-2.767544271811975136e+02,2.921148529504374203e+00,-6.258255128408927780e-19
1.035645338970157310e-22,-4.883768680569761500e+02,1.990030940116917835e+00,-2.058856768092950557e-20
-2.178397291969903093e-21,2.718296724589237670e+02,3.723288596087694469e+00,-4.947628170522779605e-19
1.770972014059524420e-22,5.277312273067485648e+02,1.817820781299161581e+00,2.285275524848436078e-20
-2.177739931438459405e-21,2.114495145202356952e+01,4.207315353759026877e+00,-2.228143136159462460e-20
2.223102383434294996e-22,-6.484222231859914700e+02,3.188000161422354317e+00,-1.439957010595399389e-19
1.675405487153886561e-22,-3.291661115806527960e+02,8.801492217725364053e-01,3.513169570238674246e-20
6.143974248086172636e-22,2.391327333102742898e+02,1.387093176770343161e+00,-2.683858321491092130e-20
-9.682775517784178028e-21,1.663895188414605997e+01,2.359961016024396230e+00,-1.143511317009604192e-19
8.539801905332666375e-21,-6.200590907012925754e+02,2.614124054312276790e+00,-4.575481938614879913e-18
1.749373551981310160e-22,-1.662160813632734246e+01,5.382461625542453998e-01,2.496612088087213393e-21
-1.097175083736279606e-22,7.786282945467937111e+01,4.667285739987046433e+00,-3.851825506361116511e-22
-1.417033320204271506e-22,3.045872457937365496e+01,4.734149477662520589e+00,9.391313038126645096e-23
-7.121018199013855809e-22,-9.304597850542812409e+01,4.802567780888498561e+00,-5.966990801929169575e-21
6.968259008310603365e-22,-1.705005177596856214e+01,4.902627504828574456e-01,1.048145454395774290e-20
-4.459355838571034286e-22,1.126315209120081207e+01,1.284190765285574409e+00,1.419889786281538909e-21
-5.858056094153101844e-22,4.411749498524317659e+01,2.892784141393054842e+00,-2.504844064946094770e-20
-1.550280275967936301e-22,3.723876229348413744e+02,3.935090689760178062e+00,-4.048965565413940186e-20
-6.952440400641022592e-21,2.399125381780985933e+01,3.537646886072115304e+00,-1.538860099463712636e-19
-1.542522341556107145e-21,-4.729999581507900075e+01,6.091904410402765535e+00,-7.163059714585497224e-20
1.910156484618970770e-22,-4.179585077557516115e+01,1.618067945358706572e+00,-3.772600617766432081e-22
2.030532032312660686e-22,-1.662977186663767668e+02,5.658441572566927036e+00,2.738908452061721798e-20
8.895520593470236224e-22,-4.600531768366197980e+02,2.002124773406483094e+00,-1.710947418677311843e-19
-1.467098266039057531e-21,2.019173555811369170e+01,4.126482700848162821e+00,-1.638032190887249055e-20
1.518963528663949580e-22,-2.572401913397955582e+02,4.813709204595349789e+00,3.952200742901247655e-21
-4.547045373016766707e-21,3.242725123814782364e+02,2.031809029442626979e+00,-6.559310759961942142e-19
5.681742508479127668e-22,-1.358993354698261236e+01,2.583847640253520872e+00,-6.551270491105464419e-21
-2.363986700364826194e-22,-7.603950750226674700e+02,1.491606581305959356e+00,-1.421998915681287979e-20
2.196473745337706638e-22,-4.542300545716472016e+02,7.929435796643725665e-01,7.001403401076951391e-20
-1.013364652613350390e-21,-2.008515281445832912e+01,5.686503307041082422e+00,-1.683657725561158623e-20
7.052236840207568277e-21,-3.366390908266978244e+01,5.305989397586682088e+00,1.327927643542355963e-19
-3.763083179296980787e-22,-1.753181372237189635e+02,6.243783917924503157e+00,-6.592246888918303875e-20
4.692308967107218097e-22,4.736716847657245353e+02,3.716303695147666453e+00,1.865549667246054395e-19
-5.774707780412422176e-21,-4.530853019582342966e+01,5.493355551610962451e+00,-1.841882060658618806e-19
-5.649181674402868437e-21,8.708284264972918720e+01,6.166621844788693352e+00,4.886085305815292347e-19
1.241386002774161157e-22,-1.990071263240997723e+01,3.158925748444181836e-01,2.348207592742621696e-21
-4.129785852590389907e-21,-3.854328101789889871e+01,3.858088135533768170e+00,1.200361415041376097e-19
-7.211448587633145875e-22,1.067888919959335823e+02,1.908258963762718419e-01,7.561236420808944454e-20
-2.849867533868120372e-22,6.645989763209634305e+01,5.519809068589959899e+00,1.368439974591786823e-20
1.574319832676759960e-21,3.855608849774368991e+02,1.509157917450208775e+00,-3.739059023321598657e-20
-1.514886183738175153e-22,7.777123106361032114e+02,2.465166678825566837e+00,-9.187357201500670397e-20
1.082200686164742380e-21,3.911400834742650545e+01,4.658774018714544884e-01,-3.781808891796875955e-20
1.390605294385883613e-21,-2.012831412403409956e+02,4.101310886354882612e+00,-1.605959439549246738e-19
1.480242797849844832e-22,6.741680349283780060e+01,3.532424127974284733e+00,9.226809154236244504e-21
-4.667021786939382826e-22,-2.821506067089248972e+02,5.867272712857216632e+00,-1.204542924576009174e-19
-5.850219317608677808e-21,-4.834190246479140285e+01,5.557402369958864163e+00,-2.115367708293045445e-19
8.014559471672935279e-22,-1.107435917799295488e+01,2.692470791701435662e-01,8.555835636028919782e-21
6.946582998403390339e-21,-6.039485076257155924e+02,1.606171755885201335e+00,-1.483823596816933265e-19
-6.177756957021338920e-21,3.933838514261107662e+02,2.949138247488672371e-01,2.325309982575723134e-18
-6.645196071780753553e-21,-6.284869489903288695e+02,4.602995405793585348e+00,4.559627184666326989e-19
-1.747389880345320770e-22,2.097092426067145823e+02,4.835251940904386814e+00,4.490918553359870173e-21
-7.439165125103486262e-21,1.922887378338812425e+02,3.237464434138167757e+00,-1.423898707184859813e-18
9.519706528150038128e-22,-8.243437733544016055e+01,6.084461534042389985e+00,7.693066504867159068e-20
-8.085162073665299198e-22,-1.144300565409752863e+02,8.338745778679733656e-01,-6.217353581772874778e-20
3.441504274149240698e-22,-4.291116803879007193e+02,1.958305435419697149e+00,-5.580542914921375912e-20
-4.448785156311453864e-22,-9.136160268228710493e+02,3.510495919248961982e+00,3.791036850351906199e-19
5.179074628152254736e-22,-2.123206865549749409e+02,2.378337416965014661e+00,-7.945773274363251155e-20
3.624374463825653141e-21,3.292161779629672651e+02,5.034208915542900620e+00,-3.774023630453506110e-19
4.110245828080043415e-21,-6.741740614210122828e+01,2.382998215795068209e+00,-2.011217152377314874e-19
2.621672035790689735e-22,4.495043110274144027e+01,3.039140994386224908e-03,-1.178447439873993851e-20
1.558341831650749331e-22,-4.356516402729665742e+02,6.164110340832816837e-01,5.539494903458480441e-20
5.352837009021948313e-21,1.392589760220598407e+02,5.056205119591099084e+00,-2.512714898313926131e-19
1.162161041475684803e-21,-2.454638429717389556e+02,8.290418656634410688e-01,1.927224132551154693e-19
1.382279932662671455e-22,1.959037108486495882e+01,6.510940877237708646e-01,-2.153951027854999133e-21
-1.198648460566034646e-21,1.080553355278703442e+01,4.822717983448404411e+00,1.426087949790311693e-21
1.804532550108221094e-21,-2.764671591741874295e+02,4.385387974579515458e+00,-1.602469439722566046e-19
-2.350086460576018664e-21,-1.404622657627209925e+01,5.959371903444279361e+00,-3.129429048837720173e-20
-6.791463359643308490e-22,9.743741466597499539e+02,4.741044844588793161e+00,1.896021184947761258e-20
-3.587485458362853485e-21,-3.959799663160360979e+02,2.670599636258996323e+00,1.265897787295437392e-18
-8.934648678934774040e-21,-6.906227262559650626e+02,1.707514269377041205e-01,-6.080736487223978003e-18
1.478994593124852411e-22,-1.772574139752351385e+01,4.629928679247259815e+00,-2.159352885963263319e-22
-1.791473905031704330e-22,-5.096099718882473439e+01,3.027499848595571752e+00,9.070173781482229938e-21
-4.654990276536422364e-21,8.759529746794477205e+02,2.655433273563310603e+00,-3.605102228352377407e-18
-2.035750267265139202e-22,-2.008992353414788852e+02,1.605852091089927658e+00,1.433419372169882250e-21
-2.306001509347008458e-21,4.650093839553922521e+02,2.808168465712689077e+00,-1.013257114549242535e-18
4.863555086285848888e-22,1.341478246726429013e+01,1.404225446461976112e+00,-1.081748699942532639e-21
1.181199660122865256e-22,-9.497803767057204993e+01,5.193442698144410841e+00,5.191092096146834777e-21
1.239149432043147443e-22,1.961474609568431049e+01,1.351003643334887983e+00,-5.299284635107502664e-22
2.859328455944900716e-21,6.805335521978777535e+01,6.177865034195126448e+00,-1.935086783831706454e-19
-9.392612676436178447e-21,9.138282520153137511e+02,9.361436512846779134e-01,5.088981537259942250e-18
-1.593887238476687022e-22,-8.542386814314789945e+02,2.227862319585800499e+00,8.316359913991026271e-20
1.421227252665079417e-21,-1.315039728287850451e+01,2.956998081737372441e+00,-1.837217890801565096e-20
-2.188040722923400911e-22,6.729563912110895672e+02,5.945206482045247043e+00,1.389154404993662940e-19
-8.345414613150322721e-22,-1.624270803141334341e+01,4.314976367245467515e+00,5.246327072261887327e-21
-1.730002929996892474e-21,-1.692153769248257049e+02,4.312680651330779824e+00,1.139208825745259834e-19
-7.946433319662334981e-22,1.166184819900393776e+01,8.709924927942429562e-01,5.968581191409970179e-21
-2.195279576062566464e-21,-4.829450493056421578e+01,8.559621087011961560e-01,-6.949524676877158137e-20
-4.824719754595634387e-22,9.201546920656078328e+02,6.132435678320641514e+00,4.389139290749919800e-19
-8.423076104825410231e-21,-1.804832668553048691e+01,2.648430334012924270e+00,1.339074639108654058e-19
-2.046442639353705270e-22,9.229573242674124458e+02,4.343892537543906585e+00,-6.803632386628044308e-20
6.093717909334887344e-22,7.165549390161501151e+02,4.084217756832990709e+00,2.566034303434529563e-19
-3.516118593136032284e-22,-1.221700329223804715e+02,3.882312810570193395e+00,3.170110717015161405e-20
-4.898909226131373639e-21,-4.056845708420668473e+01,4.638952121737284773e-01,-1.777375107849580542e-19
1.145647718952751157e-21,-3.564221156421430692e+01,3.336136010258787366e+00,-4.006313879220456717e-20
-8.352630586666551265e-21,-3.758324001456300607e+02,5.052211517322510836e+00,-1.046353862493931784e-18
3.333115386685884032e-21,-7.530810788418837376e+01,6.217163682488526355e+00,2.504637523909726571e-19
2.612653362503320512e-22,5.088403704750101610e+02,1.156110133733083689e+00,-5.356283736584402494e-20
2.963554076192141037e-21,5.306333560550402808e+02,4.181202602615255448e-01,-1.437090537517295256e-18
6.343537926995686990e-21,6.368595545669703597e+02,2.525524361092495451e-01,-3.911786799962883082e-18
-4.426167641032884477e-22,-2.245011999120079906e+02,2.628122407127074123e+00,8.655401085433445977e-20
2.869942550971519685e-22,4.412622638707817941e+02,7.406334845287505519e-01,-9.346534933267187752e-20
6.932507660718490734e-22,-2.031535747334390862e+01,3.147934077464800140e+00,-1.408335395509330958e-20
5.032169622925643533e-21,1.340851058726244815e+01,9.132822955661221709e-01,-4.123674553503283376e-20
-3.626977106910808761e-22,2.632925671134115930e+01,3.342517937340118372e+00,-9.357446240823675938e-21
3.228825728774189664e-21,6.715520342857340097e+01,1.801894939522016070e+00,4.966483661837792200e-20
-9.718903722311307250e-22,-9.762276388844235271e+02,5.960082295732004987e+00,-8.996910582526620948e-19
-1.873883332231151382e-21,4.666366164973599098e+02,4.982837374537646191e+00,2.336138480548693157e-19
-6.828030846467415252e-22,-1.551498252911122222e+01,5.650548739431417999e+00,-8.543498075172731184e-21
2.470621686492394555e-22,7.311916483985608295e+01,4.383478060014637023e+00,5.835214548807778818e-21
1.152359513547440352e-21,5.090867953451370909e+01,3.031155573610121667e+00,5.830771462624728520e-20
5.320934237283512832e-22,4.373477541616818343e+01,4.612290573467483945e+00,2.325500653960470208e-21
-1.800450898646464201e-22,1.465132648751955813e+01,4.574290486355077345e-02,2.635140087318323986e-21
-1.553285812889720621e-22,1.496268308474014930e+02,1.629011041805823679e+00,-1.352222943683919701e-21
-2.165040177020669787e-22,3.892367443438727292e+01,1.045098741404465459e+00,4.228874003132582737e-21
-7.651247597306986499e-22,2.451752859240179987e+02,1.731056772663864374e+00,-2.993468358069920406e-20
-1.599710989455962286e-22,2.543286170648699738e+02,3.207130775467668560e+00,-4.059788311561944581e-20
-3.960804969509763775e-22,2.994656239967050055e+02,1.426447768524262472e+00,1.706214544311672221e-20
1.745155266976669223e-22,-2.050466957563627801e+01,1.740276857161303425e+00,-6.035671303617592172e-22
-2.663234236684620590e-21,-4.465063981783678315e+01,3.424741503108520657e+00,1.141799690956450506e-19
-2.522646021720990176e-22,2.693408073537595016e+01,4.314183913352684030e+00,-2.634671591885164477e-21
-4.645348022361770489e-22,-1.146821838983089208e+02,3.685291185462834740e+00,4.559184190607336675e-20
1.702668281450336245e-21,-1.280971231285698479e+02,4.830218823033447961e+00,2.564007587719215127e-20
-2.499070735547370082e-22,-5.517637594731340869e+02,6.085538334442268660e-01,-1.131351098556324767e-19
8.629314463495610928e-22,-5.902893826168734677e+02,3.824013089281437683e+00,-3.953030135897108171e-19
7.729934455942512518e-21,3.417345325554359192e+01,5.800425552268238860e+00,-2.339697612244772114e-19
1.645455071020223291e-22,1.464601803971077345e+02,3.061518878030561996e+00,2.402214565837944496e-20
-5.372201907258990171e-22,4.428424222107145880e+01,6.221295796484504592e+00,2.374484129265641683e-20
2.023214592779174239e-21,-8.739103069230588972e+02,6.190742419189674273e+00,1.760558614711093356e-18
3.887967220775380085e-21,8.249583306632031565e+01,4.352415149284875717e+00,1.129809678207452718e-19
-2.335779011707345852e-22,-2.880422018236694726e+02,2.391037931304285102e+00,4.920279383507127092e-20
-1.378587709279791858e-21,1.416326368610345909e+01,1.487896250950081045e+00,1.616795584137486122e-21
-8.666152013717462915e-21,-8.770892571792862213e+01,3.584172211863227431e-01,-7.117970492586680359e-19
-8.307149543533730054e-22,-1.174459587231425246e+02,3.500994503575591388e+00,9.133048629741545251e-20
-5.580295913800155414e-22,-1.878571835269042012e+01,2.903028250836432900e+00,1.018608988194922149e-20
-8.417641238112879032e-21,-2.401749656585604100e+02,5.761613958473021491e+00,-1.752895188581968636e-18
-1.926046992107509099e-21,-1.550276333737903300e+01,5.805107515767267579e+00,-2.651128138548335828e-20
-3.990182425266791310e-22,-4.203653893626834019e+02,1.573332870088791358e-01,-1.656617206259560776e-19
-1.568134194740871950e-22,-6.332192555505861264e+02,1.296172816788213389e+00,-2.692788971816481185e-20
2.089744122572501270e-22,3.252805151502200687e+01,5.386570152915308718e+00,-4.243411694792831839e-21
-2.136324901245350069e-21,-4.408121525374139793e+01,5.307723130011408941e+00,-5.281017389871292340e-20
-5.937005335402384468e-22,1.039974759277791492e+02,1.015442481116175522e+00,3.255381453900420616e-20
9.446959171340826143e-21,1.185040264439934674e+02,5.779472525156172935e+00,-9.804565625343589979e-19
7.205746376546590333e-21,4.387564537486559857e+02,1.121895353889878155e+00,-1.372043427773056320e-18
1.478517810611464008e-22,3.448473947425833330e+02,4.381451320050061327e+00,1.656697651125830010e-20
-3.092678100746017800e-22,-4.019809659982284415e+02,9.439875142088790527e-01,-7.292140331390268158e-20
2.603039509413079260e-21,2.094489544044024498e+01,3.541739221595216480e-01,-5.113648994314839521e-20
8.298211496889967382e-21,-8.190077241136642670e+02,1.684093703570622491e+00,-7.683566100526759706e-19
-1.670810608497276069e-22,1.038368665502450341e+02,5.391189439646665527e+00,1.089284952740881710e-20
1.486533820978634394e-22,-8.676314091984232846e+01,3.090860593220829067e+00,-1.288104030741651736e-20
-1.018148022520076414e-22,8.428961494885463424e+01,1.050563840476001376e+00,4.265922140285172071e-21
3.519686611312309226e-21,-4.036205401815109894e+01,1.954362208228735964e-01,1.393573582808551707e-19
1.167693326265668384e-22,-9.091573367235424996e+01,2.741063937528296357e+00,-9.775952526574148545e-21
-7.573165217799083755e-21,-2.871442158416805057e+01,5.051995226558419816e+00,-7.243905987054801392e-20
7.641000133233715079e-22,-3.573691961514423383e+02,2.271752742563086347e+00,-1.761134920948332725e-19
9.476863368618512670e-21,-4.570622074621235811e+02,4.312039875464177691e-02,4.327489772089494600e-18
-8.733576317509273359e-22,6.002719125497765873e+01,4.554801108494690887e+00,-8.227424438097614673e-21
-2.948602513398398470e-22,-3.636893908174583885e+02,5.389025871132358425e+00,-6.714940669007776415e-20
2.131686473669199580e-21,-2.080446932577800823e+01,3.415813629090839854e+00,-4.269158438099832661e-20
-8.095922658643044190e-22,-1.991826569434428862e+01,4.862462563790572290e+00,-2.410963837297545569e-21
3.928732245382321582e-22,8.430560238650289762e+01,4.642081161880683204e+00,2.326776298607494609e-21
5.092447989867647191e-22,-7.204509395621762735e+01,4.296072499190681349e+00,-1.483665694063852790e-20
5.343053020841323669e-21,-1.340061428577640257e+01,6.011571548546597032e-01,5.904736742100939580e-20
1.149578734512802837e-22,4.090254747804355873e+01,1.255774432798769380e-01,-4.665043470956023110e-21
3.655545594876509683e-21,1.488277909691435923e+02,2.158527528254333472e+00,3.016599853634070965e-19
-3.414328322826244345e-21,-8.818598806658866351e+01,2.037191324983687490e+00,1.353935733046152667e-19
9.101593941534365552e-22,2.652983245386602675e+02,5.645942367873369783e+00,-1.940738939086093264e-19
-4.026517050624549537e-22,-1.198462360969275977e+02,5.348070693092856764e+00,-2.865102466257585853e-20
2.740888721660244928e-22,1.131462555556820604e+01,4.992833314721980997e+00,-8.583619443159541153e-22
3.816665814638126412e-21,-4.565905301136795202e+01,5.134347040325942579e+00,7.136994635762730852e-20
3.552050763120024398e-21,9.536590264351980295e+01,7.691721415864662958e-01,-2.433834459859973127e-19
-4.178586401454849894e-21,-1.414338487327102882e+02,1.281853036629472253e-01,-5.861447548270165933e-19
2.276449723069715255e-22,-1.008235660866736794e+01,3.423411865049729386e+00,-2.204654760318706261e-21
4.791860831222071405e-21,-1.442522927016129870e+02,3.197624293931179640e+00,-6.901521104732297229e-19
-1.337970464292046260e-22,-3.340363789800529304e+01,4.688471740362550655e+00,1.068833235033265411e-22
-4.332365748039793472e-22,-3.043052033071751339e+02,4.770272357998901036e+00,-7.626860692015033871e-21
9.899346627647520846e-21,5.075980968825039952e+01,8.959590733805310458e-01,-3.139401479830292159e-19
2.248655642867801617e-21,-5.861738820214201269e+02,1.875239810124413875e+00,-3.951176451718882378e-19
2.274280706613883026e-21,-2.288267383761836129e+02,4.746935713626410980e+00,1.797510491197273259e-20
1.233272284429351233e-22,3.870026969203304645e+01,2.997284796082991143e+00,4.723187013187414506e-21
-4.498108438747496090e-22,-2.669904366485858915e+01,4.726546053551257565e+00,-1.700139650535839764e-22
-1.880423833877781618e-22,2.725949269569674698e+02,3.272006253040649071e+00,-5.082411479856294297e-20
4.485754882633619066e-21,-1.147124320316456370e+01,2.184938709156522663e+00,-2.965260593131462517e-20
1.612003372729792795e-22,-6.672931097330919670e+01,5.286525145849704010e+00,5.842115215657228191e-21
3.844324941382251514e-22,-5.791403943996220960e+02,1.436894830328573069e-01,2.203459470467031509e-19
-4.758376260463355419e-22,7.865174954451308054e+01,5.291606606558191039e+00,2.048555041705620887e-20
-6.763165631357437627e-21,-2.513284813060514580e+02,1.021347688662865849e+00,-8.876521700978041604e-19
-6.478151296775032353e-22,1.045879793597147511e+01,4.962550790943036638e+00,1.677314977023424676e-21
2.727188033808701455e-22,-1.604367267035826927e+01,1.028608936585465455e-01,4.352284893268028487e-21
1.180592847311791870e-22,1.252709309384865755e+01,1.133642517298316943e-01,-1.469446561497480964e-21
1.395586039591096158e-21,-7.165885506508717526e+02,1.945602622307496699e+00,-3.661146020760516570e-19
1.079604572527546514e-21,5.353329267062287045e+01,5.861056587872298884e+00,-5.272149547909478491e-20
1.764249381993985657e-21,1.921906345409323791e+01,3.206530611173817658e+00,3.383575361142418605e-20
-1.045769218764893220e-21,-1.172144462570382046e+02,4.366081917374661003e+00,4.160664093467261582e-20
-1.512716597386950992e-22,2.114540091700307585e+02,2.565432572734768435e+00,-2.682304486548855325e-20
4.322670769027562198e-22,1.953679801437271024e+01,5.981671622873757643e-01,-6.978781946597737190e-21
-1.207455441807781484e-21,-3.649064641613675803e+02,6.071359589332556261e+00,-4.307601259216734837e-19
-1.784464014490431903e-22,2.379523890850417800e+01,9.525413933061437355e-01,2.461142353540656358e-21
1.344159234870800762e-21,-6.924261156581947034e+02,7.850403601849648139e-01,6.583616092659578290e-19
6.463641047364947761e-21,2.462230802409510488e+01,2.849737203175211508e+00,1.524195810194259500e-19
2.241299473348590185e-21,-1.040943750818130020e+01,6.143437621289485229e+00,2.310322017954746715e-20
4.212734834913454358e-22,-1.987094494861340976e+01,4.643074709799942745e+00,-5.797723329304522308e-22
-6.473709976584454221e-22,-1.286538425640181629e+02,4.991907157322780897e+00,-2.297819901911262925e-20
-1.430152607451539205e-21,-3.785636105659191486e+01,4.532878564626712681e+00,9.666648777308171227e-21
1.825203326152294748e-22,5.915891302832700660e+01,2.349225736689386154e-02,-1.079472506830283766e-20
4.480968964034676447e-22,8.729552988626916488e+01,4.343693009065555444e+00,1.409768921667012886e-20
1.116950705137636612e-21,-1.395798839571422612e+01,6.013895680683805089e+00,1.502850956600527835e-20
1.279387436884007994e-21,-2.196488288146720151e+02,5.919467444466283368e+00,2.626320715355534400e-19
-8.006325232568604223e-22,-1.859621696532863666e+02,1.323620338188533196e+00,-3.642778775069065498e-20
-1.578564380087735917e-22,-1.131834169590161210e+01,5.176836579543038219e+00,-8.003026706067617510e-22
6.621426630550835928e-22,2.286264562109482767e+01,6.190745961682590170e+00,-1.507370032506716905e-20
-6.956207836183115301e-22,-4.083871073383534167e+01,9.833978919693198151e-01,-1.574378148662386246e-20
-9.608456556344257506e-21,-6.888539757485868620e+01,4.063031461964656255e-01,-6.079972852625988577e-19
-2.979754947803812275e-21,1.181305822445815750e+02,2.159833380308600059e+00,-1.955574398671025443e-19
-6.035932224920964736e-21,-3.712146548044128735e+01,5.888322920928043658e+00,-2.068209191589371677e-19
-1.545206462384214170e-21,4.523255796377345916e+01,5.808040338082807175e+00,6.215127152115654957e-20
-2.052089493625992053e-22,1.152990255958173123e+02,1.068890624733920935e+00,1.138294540805833951e-20
2.304768540155680715e-22,3.103256617971276796e+02,2.296628229120924125e+00,4.747387751973392344e-20
-2.766868516036743932e-21,-3.281997374018635583e+01,2.986911434436876789e+00,8.972436094782611384e-20
-3.213106847377319802e-22,2.458738264263103304e+02,1.635306494475759154e+00,-5.092890899110545813e-21
7.954760716217352764e-22,4.737398335047923581e+01,5.217084870916203876e+00,-1.822218994963201168e-20
-4.277164613910550841e-22,1.660442562133981426e+02,3.870973150734767554e+00,-5.295151310917556537e-20
-1.334669250187840035e-22,1.644596044071926428e+02,1.615989019253681880e-01,2.166393852041958745e-20
4.986729916123498087e-21,-7.566216852272217466e+02,1.029600731760675902e+00,1.943737843204065375e-18
-4.528989865006916264e-21,-7.673995388726837064e+01,5.723774416821755473e+00,-2.945760119847966251e-19
7.514711947817918973e-22,8.607130643779271395e+02,3.450708198075441047e+00,6.161446495834227239e-19
2.335784084260056527e-21,1.666650317230306939e+02,2.942929503339411834e+00,3.816366281662568872e-19
9.622814161490123011e-21,3.780883967276599833e+01,5.451701077944755447e+00,-2.451395629456783823e-19
3.120729571087464062e-22,3.620802880523734046e+01,2.345209818741494256e+00,7.901738390038717259e-21
-5.001126836772963967e-21,4.317174047027074266e+02,1.343619735902938095e-01,2.139613772755601841e-18
1.765767215830014105e-22,-1.017112863726010943e+02,5.386784233274820588e-01,1.541650512032398507e-20
-2.173616447244089942e-21,-2.770565046580428614e+01,3.837480566800931303e+00,4.621905283427887764e-20
-1.229930225081744719e-21,-1.020933279367580226e+01,1.004811620437776831e+00,-6.733531486865525470e-21
9.947688899567170254e-22,-2.439069531559924897e+01,5.537899019876179274e+00,1.783080481798707096e-20
-2.328514509744797958e-22,-1.475515326272040397e+02,6.504511375335012557e-01,-2.734213636385233307e-20
8.807429713294466551e-21,-9.816324420778866511e+01,1.684085031788100206e+00,-9.773617170268960478e-20
-1.151363970384395300e-21,-3.587209627596485007e+02,1.043190294674431612e-01,-4.107731011960173053e-19
-4.628111476465315373e-21,9.839196696711920254e+01,1.336899793702021277e+00,1.055407375477923845e-19
-1.279641572802885872e-22,7.526554063192282911e+02,1.269583244704115099e+00,2.857400870362164695e-20
-1.919888944880746883e-21,-1.055711569110148531e+02,5.713633752391139353e+00,-1.706896441331006642e-19
7.754284473708307681e-22,-4.393797162774479830e+02,6.040530259526192935e+00,3.307259726301126892e-19
-1.025960064410437286e-22,-6.620890131613542735e+02,4.541147814260878768e+00,1.157525126513376627e-20
-6.497204845391505456e-21,1.538056646712452746e+01,4.965406234635337590e+00,2.501527850751291680e-20
-4.148816357139188573e-22,-2.453926739820876080e+01,4.699019086928643674e+00,1.361133780498251583e-22
-3.076938300188760536e-21,6.097617899595255153e+01,2.295575422400449206e+00,-1.243864069358875990e-19
-4.531911186829334703e-21,-1.240575638956900661e+01,3.888964692060769224e+00,4.123742419312386751e-20
-8.158923605222623495e-21,2.580681771464439294e+02,3.679865429193193815e+00,-1.807822941465029067e-18
1.950025722632640879e-22,-3.451978117122592948e+01,5.626219811748082833e+00,5.330289535663352574e-21
-1.023466021355166711e-22,-4.597467049479404295e+02,5.783989947361073192e+00,-4.131148079872979427e-20
1.331811423544525425e-21,7.112508799051050801e+01,1.084138301474797617e+00,-4.430056571610800508e-20
-8.345086013356073671e-22,-5.639215426147510613e+01,5.541725865277064678e+00,-3.470578900128830595e-20
-2.789889764364022810e-22,1.007245061982061713e+02,3.619802185313424570e+00,-2.494866216401973317e-20
1.579086441128732951e-22,-8.918157224652561581e+02,3.572276466326815836e+00,-1.279653019307363139e-19
1.151667719199339070e-21,2.834642180297534608e+01,2.369203952925033274e+00,2.338231494319964413e-20
8.981205108770923872e-22,-2.928184070340447533e+02,3.310079429728415512e+00,-2.592622402164893498e-19
-1.105878575052399760e-21,1.738953813471266585e+01,5.416352286860223408e+00,1.244696514908875169e-20
-7.662224813264225692e-21,-1.564153095906997493e+01,5.693823789974743477e+00,-9.962990175083945979e-20
-1.371373579451527320e-21,-5.152386164062726266e+02,3.663753405204046576e+00,6.124276456841109940e-19
1.140299661354504271e-21,-5.707058661983852232e+01,5.994138735228367487e+00,6.237789752573196904e-20
-3.512141953351774996e-22,-1.795101338473129005e+01,2.376376107346870992e+00,4.547118208521033099e-21
-1.973074376662281922e-22,1.782005621722448154e+02,3.163491690867788364e+00,-3.515186577624538113e-20
9.475740200507856524e-22,7.317723506350270668e+01,6.365379371478359083e-01,-5.576102962221316348e-20
-5.912746117226312044e-21,-1.285641920285711137e+02,5.231736788550434447e+00,-3.772817726827811959e-19
-4.977837885458778861e-22,7.639283786058359738e+01,1.270497237013746394e+00,1.124864629000760775e-20
7.124098543435600168e-22,4.123013232529884817e+02,2.374598399180510633e+00,2.114837682078541247e-19
5.537691953047429562e-22,6.646270128895823746e+02,5.461935343358693906e+00,-2.507549331409308519e-19
-2.992335313587145383e-21,3.500616324285563223e+02,3.012161165332062573e+00,-1.038739884744231088e-18
-1.423930562734885344e-22,-3.139711704179787688e+01,5.951508995107491096e+00,-4.227066831453774150e-21
8.227693708676793901e-22,-7.749944990979584247e+01,3.269381643665360215e+00,-6.324424645208124667e-20
6.442022297826266776e-21,-3.800574612926085649e+01,2.294135116832165810e-01,2.384192005398006029e-19
-5.882494870461885964e-21,5.771142855547442707e+01,2.031153306912742096e+00,-1.508232751383290459e-19
-1.641758959891382353e-21,-7.052885759156979475e+02,2.610485125994405742e+00,9.984073277416503170e-19
-1.134981214551483118e-21,2.084296892544013531e+02,6.117928524901801168e+00,2.333408713709174552e-19
-1.499239037987392247e-21,-5.296424514021377945e+02,2.851733709659368454e+00,7.609357655134237760e-19
4.007550246628243656e-22,-3.307627106203639755e+01,3.810545868264473501e+00,-1.039854473268510206e-20
-1.734371391757293105e-22,2.332828292217534454e+02,5.735492635670113692e+00,3.454176570576855765e-20
2.304671928684740646e-22,-1.663383502761439843e+02,3.408536683141673240e+00,-3.697774628821111761e-20
3.105352534742527470e-22,-2.875950125382437363e+02,5.923661880328603857e+00,8.359842263455395184e-20
-6.215661290267807888e-22,-3.374318251787062195e+02,2.939486750954519056e+00,2.054672285005938887e-19
-7.833318092531634719e-22,-1.437506264844410353e+01,3.688226983988335483e+00,9.619559375688717085e-21
-2.968838085612252782e-22,1.348815952912140972e+02,1.616815748765172867e+00,-1.842158797994275481e-21
3.266768630669663314e-22,3.695551438335918704e+01,5.521651831940932453e+00,-8.737826868034812189e-21
4.876099434876182325e-22,-1.971482800423188664e+01,7.471831746786719020e-01,7.052261909007647471e-21
-4.455653720500932890e-22,2.512437063178288952e+02,1.686066279751839703e-01,1.103580573117600168e-19
3.735175788492992307e-21,-1.653662007298851222e+01,2.235516537524356195e+00,-3.810040349750741785e-20
3.253173095145626936e-22,1.094972828109615826e+01,4.219634056121707388e+00,1.685085812790441115e-21
-1.274628411201520532e-22,-2.204659138065417210e+02,5.633675973259422598e+00,-2.237926119429139368e-20
3.010944113285468324e-22,1.339800728124050977e+01,4.966128222570159956e+00,-1.012652080737609132e-21
3.013980667091919572e-21,6.114196400164783540e+01,5.787364587154100626e+00,-1.620893478306668090e-19
1.206399543737456257e-22,9.155700676627452594e+02,2.256656512431060246e+00,6.995502699138216460e-20
5.056299285593637706e-21,-1.645770701286733129e+01,1.999433621700810182e+00,-3.458683552557807497e-20
2.012007367420910864e-22,1.607569797099519704e+01,3.865258087130904130e+00,2.423838492691360442e-21
9.042611833114380381e-21,3.062954807909611645e+02,1.845796779553888489e-01,-2.722663386987328219e-18
-1.496626725763570372e-22,-3.511750038321638812e+01,2.608063555562247782e+00,4.525318316777539600e-21
3.277001455680781115e-21,1.229306167038973285e+02,5.804526778234405882e+00,-3.575696394557182843e-19
-2.583283039414653720e-21,1.709147793596849851e+01,4.897195817217099290e+00,8.113247168102929939e-21
-6.674355793659191775e-21,9.267798928786571366e+01,3.487081840834255209e-02,6.181898328520188199e-19
-8.878066861873238608e-22,1.188711059895741506e+01,5.202307913734131040e-01,9.157281293950677408e-21
4.442125744872590494e-22,-1.878649174082550743e+01,2.148567452869812655e+00,-4.557797211335487727e-21
3.894168055388981675e-22,-6.957144950598396349e+01,4.745620899289390238e+00,9.001631327281311653e-22
5.002194084447679319e-21,-2.145821844173021731e+01,1.923412843965768948e+00,-3.706972287599865222e-20
-2.484651805993249381e-21,-1.766233647444906012e+02,2.107466944413103782e+00,2.243728876454196912e-19
-6.369139010172671464e-21,6.567793295843210899e+02,6.864868052385598718e-01,3.235548434826689816e-18
-4.808202592955184084e-22,2.946706539079481786e+02,6.085603132712630314e-01,1.162474316016230532e-19
-2.627670503691134050e-21,2.657983513152254673e+01,1.423001271619984021e+00,1.028491871165127548e-20
9.540719374747091393e-21,-2.631594499898522486e+02,1.852832784185005188e+00,-6.987669755929943240e-19
-4.381501357240064777e-21,1.351940225528441033e+02,2.057941164169539761e+00,-2.772831677933196767e-19
-2.171294876253939180e-21,7.377341701943599901e+02,2.598410442214986737e+00,-1.371283019348347890e-18
-1.229100681856006475e-21,-1.074748195968650180e+02,3.463647318474685655e+00,1.253058631176607434e-19
7.767621871409490061e-21,6.144499189628577369e+02,1.948525247830748652e+00,1.760263882325487069e-18
-3.502505153660813460e-22,1.914450584474637296e+01,5.149249533498174713e+00,2.837022887156235905e-21
1.807872123449679507e-22,-2.034207048070850021e+01,5.053558294144855800e+00,1.230480776539748817e-21
6.826862826923977782e-21,-8.535866495405613819e+01,3.848397806781868269e+00,-4.431329414286973458e-19
-2.212115656013536025e-22,1.900531826856744999e+01,4.997119791832405067e-01,3.690109661170063119e-21
-3.241098410860438797e-22,1.153938757172971634e+02,2.447152025723196289e-01,3.628600011209579027e-20
-9.944601088325451087e-22,3.144334862409041875e+01,3.697695780731404813e+00,-2.655747689013487475e-20
-1.098244053046621667e-22,2.445096012859765153e+02,2.594201756479795229e+00,-2.292948745873179818e-20
4.033026503827441944e-21,-3.068229083030329107e+01,1.089002168308653040e+00,5.733853888733197701e-20
-2.225123271195093529e-22,1.237621784396674762e+01,3.044376318330455522e+00,-2.740857887193045569e-21
1.667304233167811586e-22,-2.879691373399704446e+01,4.749997910786747823e+00,1.805300056188991175e-22
1.973689432268072895e-21,1.073038524304440671e+02,4.177856258295737035e+00,1.078912733365553853e-19
-1.868239696048584677e-22,-1.454954824216729321e+02,3.723964433213248437e+00,2.270136928689824872e-20
3.639620566292365853e-21,4.980016914077844348e+01,4.748698978616223698e+00,-6.579876187680856615e-21
1.467633833078855555e-22,-3.046260002211340279e+01,4.094674521576310511e+00,-2.589365513379812549e-21
2.507860507529696951e-21,-2.475518226010492810e+02,2.296028461308335711e+00,-4.117992115278057941e-19
-1.291227698480525257e-21,-1.394496079018668055e+01,3.287922850184743950e+00,1.781368511395900581e-20
2.447061073668640399e-22,-7.675979326512450029e+01,1.732774657904782467e+00,-3.029247550976076165e-21
-1.996348837668963336e-22,1.359844628368180786e+01,3.465477506513055861e+00,-2.573575450199025321e-21
1.940436422043173001e-22,4.481112219769159424e+02,1.653452915372533250e+00,7.179068171798364388e-21
-4.454794549667590922e-22,8.113743861923849465e+01,5.914457075055135071e+00,3.371562517713966642e-20
-3.632887454311762349e-21,-4.107180729558147050e+02,7.075717103317142875e-01,-1.133904500718716138e-18
5.626754876657055011e-22,8.421456361223533804e+01,1.176771682556165599e+00,-1.819164969899164168e-20
-2.394642045194823743e-22,3.177204831595171868e+02,1.935298631326700214e+00,-2.712228503449538013e-20
2.274226894849887161e-22,1.102904998174857454e+01,5.119468401103541844e+00,-9.930916428226623427e-22
-7.321387354981738369e-22,-2.913878187986913986e+02,3.380348328703161709e+00,2.072845985570646941e-19
6.645080541928313664e-21,1.942747808781469985e+02,3.777390491000884865e+00,1.038713373990252579e-18
-5.960712471142414637e-22,1.398446794277732863e+01,3.707646037131113292e+00,-7.035565096884628344e-21
8.041218929430215337e-21,7.291656654992035556e+02,5.887219829735254706e+00,-5.409699383267476366e-18
4.897278174863079924e-22,7.111549403594185037e+01,3.327565663302528343e+00,3.422670281866196602e-20
-1.032275757444919465e-22,4.218502087635555142e+01,4.108434348835820593e+00,-2.473018441368401266e-21
-2.751685500662239944e-21,1.200145110135611759e+01,3.238288245363102558e+00,-3.286995039771901749e-20
-1.516256699340646777e-22,-3.195529183684234908e+02,1.829816496202158582e+00,1.241029074435957377e-20
-1.325491808490553667e-22,1.289065060548658614e+01,5.186373114973474863e+00,7.798851367230789870e-22
9.149615578916248300e-22,1.482995573732590877e+01,7.958829515668024435e-01,-9.493495290993255718e-21
1.052379812095468717e-22,6.095471878283768774e+01,3.543117960629841523e+00,5.904560316797703982e-21
3.569839592601332185e-22,-4.899525563641247459e+02,3.199740834132831946e+00,-1.746095910383797419e-19
-2.478118399944130659e-22,9.012979521355499912e+01,4.605410003559872401e+00,-2.384845119387873118e-21
-2.473589132412985236e-22,-2.250190566584444696e+01,5.114106721268368183e+00,-2.176323855569242928e-21
5.824906378629334033e-21,-1.724716320211912191e+01,2.764382290902705486e-01,9.664889388644919496e-20
1.071147056098967374e-21,-4.977743636532296989e+01,2.174815407007836932e+00,-3.028276644857123698e-20
-1.383623499071746682e-21,-2.168031855022337879e+02,4.472747203901118240e+00,7.120022106193829926e-20
-1.469553825317114335e-21,6.691378895664629454e+02,2.589837101919133744e+00,-8.374128690855526699e-19
-7.037618027129390924e-21,1.570133373195718818e+01,2.563154199719228199e+00,-9.252356314017564058e-20
6.245093272949248381e-21,-7.129923266197913563e+02,3.390615240780644246e+00,-4.315354484522596068e-18
3.233259077276508632e-22,1.715296873076241297e+02,8.041366806696766123e-02,-5.528077637350416560e-20
1.639045670908382359e-22,-2.481100725848845627e+02,2.997280475259452626e+00,-4.024364939051740090e-20
-1.486185268627638325e-22,-1.616527732148101393e+02,5.390146775381400523e+00,-1.506457472842699207e-20
-1.513491481841269084e-22,-7.732705040366123228e+01,1.052758710731772851e+00,-5.795236682245025046e-21
2.499281862666000346e-21,-1.586853120488426043e+02,1.607983828437986373e+00,-1.474513886634227746e-20
8.535227589186048091e-22,6.670271339162407003e+02,2.471619697222685874e-01,-5.520214935229482701e-19
-5.277934634212732128e-21,1.237153245369986223e+02,2.974927522100331068e+00,-6.439136275872250410e-19
1.449313816515296125e-22,-1.565880096604492522e+01,2.142110743728010913e+00,-1.227179185007766541e-21
1.233737569687939981e-22,4.036464343539066135e+02,3.380957982038787613e+00,4.837952924001176155e-20
-4.092329450627590628e-22,9.004953730809858143e+02,2.824252481369081025e+00,-3.501120909021366726e-19
1.217709533163857846e-22,-2.822957010991586912e+02,5.377067316816028786e+00,2.120296249174360655e-20
5.783733252910139178e-22,-5.316270800637679486e+02,1.907138163014706844e+00,-1.014791496589980597e-19
-1.644820348638945797e-22,-2.940846881406820330e+02,3.556380792220974918e+00,4.426981539847343886e-20
7.564878319500141080e-22,-2.473847555987500471e+02,8.522168178782396630e-01,1.231996119475756761e-19
-1.514633380194999885e-22,-2.786321521620390058e+02,2.777072214350406743e-01,-4.058562965791515328e-20
3.210911426455334346e-22,7.505255476092906974e+01,4.688016000097735336e+00,5.872992467989733387e-22
-1.202541073837901242e-21,-4.203588254019459214e+02,5.617808232668962454e+00,-3.976678074832219598e-19
1.151781299418657680e-22,2.635863106079089562e+02,1.217990945792725155e+00,-1.049012921672535724e-20
2.414318821535232814e-22,2.003301070347804966e+02,2.233927457579790943e+00,2.977354678346573233e-20
-1.794697812992852394e-22,1.876497055063262920e+01,1.529104749194329038e+00,1.403659367403927181e-22
-4.970885073889155038e-21,-6.061726364487159344e+02,2.898993176255024284e+00,2.924977920918049134e-18
6.947108972549215604e-21,-1.688319163427730629e+01,5.176876164682858494e+00,5.254146046893592675e-20
1.239591577732105804e-22,-9.623749236840001231e+01,5.951722267220925566e+00,1.128016192216731326e-20
1.358982872757003227e-22,-6.981045391193826788e+01,3.468657264942302199e+00,-8.984203693663278522e-21
-2.978516523766416463e-21,1.969443066445337465e+01,2.099285434081515911e-01,5.737235015216328460e-20
4.662933388070751602e-22,9.736804997438912324e+01,2.466267451984527070e-01,-4.402827285970398613e-20
8.290539440557266098e-22,7.928526985047044491e+02,3.966115306396553741e+00,4.462579019219038351e-19
6.042940766504593234e-22,-4.602213239726568190e+02,1.605477856369804668e+00,-9.643312755315189364e-21
-1.494506108191055193e-22,-1.677023222552965649e+02,1.282260343896908017e+00,-7.131713467420442720e-21
-7.362152358345406354e-22,-4.621106262192360958e+01,3.337124222844751298e+00,3.337299674751208135e-20
1.012268262513018208e-22,-5.816889155319777416e+01,1.913234389536377034e+00,-1.977184399169878740e-21
-6.496579088977832545e-21,1.403971500819038738e+02,4.262446759857362544e+00,-3.966851261216251197e-19
-7.846338449034054844e-21,7.815540386058775084e+02,9.372937004188565124e-01,3.630168151415029471e-18
-1.958567208196827351e-22,-2.085720368342967959e+02,2.695788194022349149e+00,3.685770017327737526e-20
1.184032118411048547e-22,7.004493814872421353e+01,4.198599943763535514e+00,4.076116755240463664e-21
7.833748512992193787e-22,1.538121567658461686e+02,6.596590037944186635e-01,-9.521338445709119091e-20
-3.291398542880874183e-22,5.517616614642030015e+01,3.502910843777508720e+00,-1.698807037953363442e-20
-1.374651867981109256e-22,-6.516499407455786752e+01,1.305826045052577600e+00,-2.345904847404255542e-21
8.596633161782568518e-21,-3.462280435557289593e+02,1.673982519405998293e+00,-3.065781978409831146e-19
-6.647022119367723165e-22,-1.750961976579258135e+02,2.465229745044655196e+00,9.076479866127601144e-20
7.711469342133838605e-21,5.801181371033585492e+02,5.486472094372588870e+00,-3.127292415399521368e-18
3.545505271899732773e-22,1.147903985008828016e+02,7.109706156996618009e-01,-3.083880320931985627e-20
-4.137542137604201510e-22,-9.564286854454068134e+02,2.904268953213296811e+00,3.846344485517178263e-19
-5.608315560870509725e-21,-3.563744094874681423e+02,3.481257192251971389e-01,-1.878768017559647195e-18
-3.418520029192643033e-21,5.326204895041996679e+02,1.259456567605860444e+00,5.577653979929778997e-19
-2.819859831084041575e-21,6.892672097690156363e+01,2.806257688369595549e+00,-1.835376594874126540e-19
2.335287388863138457e-21,-7.337572533379794493e+01,5.024528631589663341e+00,5.262187673645050915e-20
1.146280207438124334e-22,1.055507906078456983e+02,3.584061571582086270e+00,1.093390428178033745e-20
1.504981175182626739e-22,1.812759049829998403e+01,3.097422987987333620e+00,2.725507405091549382e-21
9.441137347454242745e-22,2.183166589755344944e+02,4.068279820372123545e+00,1.237696940389464387e-19
5.469785288463821781e-22,-3.964969593521477975e+01,2.980473087371289242e+00,-2.140664188316566941e-20
6.755790929568980727e-22,-2.444704985927729979e+02,2.447609425419046969e-01,1.602366355985462022e-19
-4.926368009035845317e-21,-1.558032984816212547e+02,4.765374441745758638e+00,-4.064966676114670857e-20
4.830211492016084367e-21,-2.334205841661167469e+01,3.117590201035403741e+00,-1.127146025749743913e-19
-3.227406606269846375e-22,8.228075421391852728e+01,1.981947980981152879e+00,-1.061324910343733643e-20
3.504015627242305798e-21,-1.941163488772543388e+01,1.829536920267367028e+00,-1.740347987144617459e-20
3.789480254572913053e-21,-1.984249366005612671e+02,3.164288068943716503e+00,-7.517337354914417393e-19
-6.187348904486699916e-21,2.167015604654250538e+01,5.886534480319648210e+00,1.236707891096181996e-19
1.066674285641925219e-22,7.244349179775745142e+02,1.442677930837821032e+00,-9.873109063866499427e-21
5.422593903339446460e-22,-7.911732038377655840e+01,1.415544213339900770e+00,6.633918307540007251e-21
3.745714772824455066e-22,7.904261444103492806e+01,4.558239375915988489e+00,4.545870845372387615e-21
-8.202823583408695486e-21,2.977515291196873548e+01,4.822587481191332515e+00,2.686047639314176928e-20
1.586205352901399773e-22,-1.600719701604899470e+01,1.568913153584818199e+00,4.781506076134844117e-24
5.642809585000266406e-21,1.375858604270486296e+01,5.658340386844118441e+00,-6.296785333202264103e-20
6.911349000920242028e-21,-3.127395632990983358e+02,3.537667610476184610e+00,-1.994117775735240275e-18
2.450464932506228872e-22,-1.068242375178675729e+02,2.086787196247089859e+00,-1.291560508137572483e-20
-1.729375522827278929e-21,4.808049783013530600e+02,5.065093698709493886e+00,2.872284666762492204e-19
5.359012860865030715e-21,-2.128008291797175673e+02,4.335113971553563594e+00,-4.201111137112975464e-19
-9.019439282150280729e-21,3.440445885156050849e+02,8.737864208391225018e-01,1.991959460842779696e-18
1.069463498181967176e-22,-6.934212685278635036e+01,4.065544385658490967e+00,-4.469343437995138219e-21
7.300581539475771926e-21,6.628539479921764723e+02,1.818636484365599992e+00,1.187112203596794541e-18
-6.166423855573679094e-22,-4.834905900887340380e+01,5.801257562009183744e+00,-2.641834738448086613e-20
-2.728829950689465096e-21,-4.154455101572633566e+02,2.243744906647368254e+00,7.066165405197964803e-19
2.836530020828596687e-22,-1.065952056442242366e+02,3.803588698306735516e+00,-2.384919398230421192e-20
1.120901883169933402e-21,-8.196362537354077915e+01,1.753219086010182393e+00,-1.666695852233172361e-20
-1.955744898313499849e-21,-5.899793636016795517e+02,1.146484216546022950e+00,-4.750327524199627262e-19
9.417237786001661877e-22,9.531388857840061064e+02,5.824434948176662186e-01,-7.495992799037626009e-19
-1.490415478071230114e-22,-2.301849653255705519e+01,3.997746713489270576e+00,2.248307914993171228e-21
-4.831150465766464176e-22,1.451379374260773432e+02,4.390074361514867185e+00,-2.221087821773984615e-20
-2.244872535661245450e-22,-4.198900459308199373e+01,4.346901130091090693e+00,3.368897880826117102e-21
-1.275626825181022280e-21,-2.312015988904647656e+02,2.852860240329975205e-01,-2.830063664020399652e-19
4.593599057328713714e-22,4.205568036772937290e+01,5.648956565596167323e+00,-1.556176678770096340e-20
-1.448515739047661086e-21,-8.693887347858623116e+01,5.791000230895733125e+00,-1.109844615907382108e-19
-2.041302661738114491e-21,-2.507458598055337973e+01,1.531251336320413214e+00,-2.023575674281453750e-21
1.004376198383094254e-22,-4.315229975222718650e+01,1.017957985446808156e+00,2.275864539703523772e-21
3.041792156873092756e-22,5.461442346077882348e+02,7.671387969204235269e-01,-1.195938284114839831e-19
-6.822277984618449125e-22,3.534211278040847333e+02,4.582904665065035132e+00,-3.113327648211733391e-20
-6.597222211068680937e-21,-3.329527052419896904e+02,4.605841592524938299e+00,2.335954858320669385e-19
-1.761950536200273571e-22,-6.163407437130759945e+02,2.147760776637439029e-01,-1.061010998421497514e-19
3.511933434921420461e-21,-9.342679036460428961e+02,2.116262489557246274e-01,3.207887658196761571e-18
3.772895408529037569e-21,2.067448546676669707e+02,6.024331669298802261e+00,-7.540393823268421848e-19
8.600270341197620351e-22,-2.082819632282463260e+02,4.395372586635851730e-01,1.621017524445110664e-19
8.783249192843667345e-21,-6.227327684605378408e+02,5.450852137055540503e+00,3.681884803549874822e-18
9.098969388765622936e-22,2.554032546694551797e+01,1.857661103722323404e+00,6.575412190072565092e-21
-4.343574315970635703e-21,-7.087501342304396701e+01,5.323530032534051770e+00,-1.766455623674143263e-19
-4.413629609322417869e-22,-5.776727336345825279e+02,5.370989686431738797e+00,-1.560403279684467718e-19
-3.892056568275554203e-22,2.600841415951903173e+02,3.389887313371782174e+00,-9.812190665356108302e-20
-1.766451285223986610e-21,-2.801165039594778250e+01,2.377346394217807468e+00,3.572069485352497381e-20
3.764450200239055987e-22,8.924940120844003104e+02,5.621208306459401172e+00,-2.650098171714299502e-19
-5.009593839262195406e-22,9.601588548931204059e+01,1.186527313866027944e+00,1.803182503688568063e-20
5.000374458624630244e-21,5.120189709988957816e+01,6.020705562221309926e+00,-2.472595523431967957e-19
1.046263947748233982e-21,-2.084235801087395856e+01,5.288270515563955776e+00,1.187531940224187296e-20
-9.234148694385160852e-22,6.767131112502512451e+02,2.574505201732922632e+00,-5.270728366838003862e-19
-4.812284854709839475e-21,1.068805104656224358e+01,6.043265834629335531e-01,4.232421893742184143e-20
1.181514512561952741e-22,-1.217856704053346917e+01,4.104059053331515550e+00,-8.223369537728074612e-22
-1.016815325177375241e-21,2.317920753722860994e+01,2.563793362017479094e-01,2.279860844901595557e-20
5.393280289941878401e-21,1.606340622044067459e+02,6.070252268886809688e+00,-8.467783799594611944e-19
7.687812084664968832e-22,2.769893321338152248e+01,4.383860556474287740e-01,-1.928077491544869677e-20
-7.681552577646404786e-22,1.489145046459150024e+02,2.814565227170486850e+00,-1.083269789571365406e-19
-3.613130760532741650e-21,-1.183848477490227147e+01,3.904838644895559430e+00,3.090831502528630157e-20
7.696492166498525434e-21,2.511317499928823054e+02,4.398121646238981164e+00,5.974770654144019587e-19
6.300483308271487800e-21,1.995875920795852210e+01,4.271474731131283398e-01,-1.144513561185478116e-19
-1.139759987651104989e-21,2.737030459870585730e+01,5.336307699508723523e+00,1.822508222469869338e-20
-3.793003407738451160e-22,8.491793747261044700e+02,1.458757369445827567e+00,3.601162768926852599e-20
2.280484647272333369e-21,-1.511350861680824380e+02,3.594033729632542862e+00,-3.099823380827989788e-19
2.764560191164655936e-21,1.199952693339749743e+01,3.581813887870953561e+00,3.001057517370418548e-20
-5.327522064432909509e-22,5.823695044043268609e+01,9.767325162969421326e-01,1.736620620872690023e-20
6.028012854657240369e-21,-5.816407111567207977e+01,2.916417483211260819e+00,-3.417625274592127737e-19
-4.073345140220304150e-21,8.411216853500424406e+01,3.800329494283285037e+00,-2.709306030994934839e-19
4.401005520748313693e-21,9.896150795876322093e+01,1.108932055739238365e+00,-1.940799924874514287e-19
1.110693651214449283e-22,2.370502836837541949e+01,3.765969386154821574e+00,2.136146516287764232e-21
-3.334089092854550923e-21,-4.525200167642565674e+01,3.959694733446645021e+00,1.031387584823406066e-19
-8.958764439742820486e-21,6.595997071565800240e+01,6.037696562553578339e+00,5.732032720510350592e-19
-1.258349628557999584e-22,1.205231436213357057e+02,3.110250632430390461e+00,-1.515857694825396778e-20
-6.909313619872792454e-21,-2.653163766957988656e+01,5.918324596062939591e+00,-1.712483886825810327e-19
-1.423510195593082445e-22,-1.642446833627227534e+02,3.306526157017537049e+00,2.306310918935615671e-20
2.269847334569434736e-22,1.614808262831378016e+01,7.230532603945446501e-01,-2.748252615238718245e-21
-8.778160638858292613e-22,5.251184421944478231e+01,5.593272870328916291e+00,3.555372520314084774e-20
2.383435317409922432e-21,5.140942661473904991e+02,3.950937264476001243e+00,8.454310826834329469e-19
-1.219127341560656068e-22,2.090893779467113234e+02,1.719966836785327136e+00,-3.788368162510061110e-21
-2.769025582167589593e-21,9.641857828696820434e+02,2.963091774605290052e+00,-2.627433702065964169e-18
-4.950083524507171450e-22,-1.267626220185006680e+01,2.525504920685865962e+00,5.121194507767158592e-21
4.287385153332446432e-21,1.218969751873333394e+02,1.039770837992536112e+00,-2.646637456432591679e-19
-1.325862281288200976e-21,-4.198979007098525074e+01,1.631307482808877385e+00,3.366762654799991669e-21
-3.267830656795088300e-21,-5.149142462135296228e+02,5.478810477280801061e-01,-1.436362967819737744e-18
-7.169335613179455101e-21,2.359575434608369093e+01,1.080084257627494937e+00,7.972010713241116060e-20
-3.795744284189903074e-21,-1.107797806475659108e+01,2.035928625965637284e+00,1.886077969811187030e-20
-5.185787827771871311e-21,3.871532662990636453e+01,1.414279357379956359e+00,3.129568479418298157e-20
-2.283877769464913137e-22,-2.182103358331045513e+02,2.643592683335406202e-01,-4.810525674143113455e-20
-2.181054430809836451e-22,5.870872268547955741e+01,4.693301968287705073e+00,-2.443884709510185817e-22
4.095102519794597037e-21,5.681828644405141659e+01,4.221394564830123208e-01,-2.122510588121527661e-19
-5.440605676746276508e-21,-1.042309744374915113e+02,3.363612746364591288e+00,5.531604429677830281e-19
4.011125347783325761e-22,5.303027494755925630e+01,5.891877704046415865e+00,-1.966324906563986391e-20
4.054054969030357283e-21,4.806265126268878163e+01,4.269237390574581070e+00,8.354890079544169516e-20
3.676023739075776457e-22,-2.252037975046911100e+01,4.935439563334136359e+00,1.831261016304466384e-21
4.597068647831004981e-21,2.894410720271479676e+01,2.545739857648074533e+00,1.101281807580297937e-19
-5.381744889458803313e-22,2.134836596758952965e+01,2.336980370896910575e+00,-7.966466505733758631e-21
1.012064497252361049e-22,-7.959937859885786793e+02,9.923628569582061409e-01,4.404303167503568968e-20
1.040643102929356345e-21,-3.895693461924240353e+01,3.460552427739815862e+00,-3.849550047669147281e-20
1.853581097813297089e-21,3.035507722117685958e+01,5.852290348606853598e+00,-5.112248871904907716e-20
-3.010848888608014471e-22,-5.185828340454678909e+01,5.028548561967860486e+00,-4.854606835814472925e-21
-1.170323750866064694e-22,5.457658217702255570e+02,1.732914883022255381e+00,-1.030958126075027936e-20
7.472512029083063134e-22,2.246759797797107439e+01,6.027876833218341446e+00,-1.624473349997775124e-20
-4.537932247379493914e-22,-3.607281082093657005e+02,8.480254987119920651e-01,-1.082791987480633239e-19
9.492679788289250527e-22,-2.082990588689703770e+01,1.411901235137378308e+00,3.128654415570325833e-21
-2.614181386614079728e-21,7.247938835994348494e+01,2.531659209996509841e+00,-1.553094321000461516e-19
-2.970562140965345075e-22,1.418108584397833738e+02,2.694002554590928522e+00,-3.797609867185177766e-20
2.208757466014739221e-22,-1.514889300555745244e+01,3.251489576587451413e+00,-3.325837861873762726e-21
4.296905271843119621e-21,-5.728780681389829397e+02,5.597322633232949762e+00,1.904967859155259523e-18
1.670149984590697337e-21,3.593529829912363311e+02,4.191625823798321271e+00,2.986116283900393183e-19
-6.019677701230092903e-21,1.088649780697541125e+01,6.889688709208607875e-01,5.058521156735970228e-20
3.714142319185125754e-21,-7.940899401217124876e+01,2.062378823438266284e+00,-1.392163028614187577e-19
-1.934231901018878437e-22,2.349524083084030508e+02,4.861751015233386042e+00,6.762584135617092815e-21
2.821219922381535515e-22,-4.666685926688183628e+01,5.222142057295060980e+00,6.424380849317758687e-21
3.157760305584844241e-21,1.717048321535708055e+01,3.161032575363281083e+00,5.421002544148707202e-20
5.282714302032555891e-21,1.228784397166843689e+01,3.284926863801243879e+00,6.424749927052979803e-20
-3.764703647807731698e-21,-4.325178528389865846e+02,6.252272622520882450e+00,-1.627523602627704845e-18
-4.968988083081345184e-22,1.887450698831047760e+02,2.581287900765087517e+00,-7.944649879284638302e-20
1.030090776887123791e-21,2.644988520327827359e+02,1.831121679710968619e+00,7.012927066490212336e-20
-2.257328627416992282e-22,3.409121284430511167e+01,4.732632372556918376e+00,1.557725279351057982e-22
1.629630968832102265e-21,-7.700167954539901984e+02,5.160380580990089783e+00,5.435431200350833489e-19
1.634265962567461916e-21,1.907260828850768064e+02,3.170988565406899440e+00,3.115624833191004689e-19
3.170299834611682410e-22,4.591617781415543220e+01,3.437547476759085896e+00,1.392393490599444565e-20
-2.727360704321222404e-22,3.835234391813548882e+01,3.179484680615694892e+00,-1.045255915815872837e-20
-2.008410005608794831e-22,-1.150617786550865063e+01,8.919903290040350763e-01,-1.450938977083117871e-21
-1.291673353889642598e-22,1.210452277573896218e+01,4.701962437825017105e+00,-1.630169727098677797e-23
-2.977985324378129765e-21,-6.483022735174267837e+02,4.415510398875514220e+00,5.647816203380883785e-19
-2.311359447051868278e-22,6.939167282008581594e+01,5.612870014928593498e+00,1.256850412289130701e-20
-1.547943857323540117e-21,3.667892851747723739e+02,2.846759054615123574e+00,-5.432702677369566051e-19
-1.437892482968358349e-21,4.692422606521507333e+01,2.490046187459827032e-01,6.539103444611919050e-20
-3.206371226569122331e-22,1.209922180384304902e+01,1.091133063167295303e+00,1.790294853961209756e-21
1.302946983080296907e-21,3.094420415204706956e+02,4.438365366061420403e+00,1.091051534939594115e-19
1.506382007370391649e-22,-9.808294285705844118e+01,3.000782825489387129e+00,-1.462880454258490630e-20
-9.033875389352484871e-21,6.285513783020136458e+01,4.091955381066616937e+00,-3.301269234904840548e-19
1.081728479868031139e-21,8.448746362908065066e+01,2.088067573001801680e+00,4.519452365323962426e-20
2.342920498687988445e-21,2.411463498745919196e+02,3.065498581178454529e+00,5.633517918912461760e-19
1.280818440736406004e-21,1.390737132637813112e+01,3.485464127800674827e+00,1.676999326814608512e-20
-4.315227882470398270e-21,6.010314728250460092e+01,5.474069208739456016e+00,1.789934415358222835e-19
-5.393126264441706699e-22,-4.299596678684686708e+02,5.882246885235406175e+00,-2.134932567159481125e-19
1.277701008824717753e-22,-2.406322160160331407e+02,8.847834914093374303e-01,1.947601854377123911e-20
-4.533692230462202991e-21,2.781550728077289136e+02,1.848581939020847775e+00,-3.458190809186197634e-19
8.686947389066145201e-22,-1.296366386341005494e+01,4.322912682766083314e+00,-4.276023753599400442e-21
1.537123814168593492e-21,2.896134438817838230e+01,4.758046660961164909e-01,-3.957240183436436401e-20
-1.956052353683372399e-21,5.458841430349116308e+02,5.721538284932341512e+00,9.037449370322632348e-19
4.672194717651434737e-22,3.302359585345021742e+01,2.704405656266767100e+00,1.397808660154175127e-20
-1.312758371814273003e-21,-5.363484474894411846e+01,6.050570022603457332e+00,-6.851323865762949980e-20
-5.630143617702577734e-21,1.291499930662089355e+02,5.225237784448816036e+00,3.567762025640876271e-19
-2.535573700618665465e-21,-3.793028919010075839e+01,1.484333354436152774e+00,-8.305223020703922673e-21
1.245891459396308658e-21,2.104564526818360264e+02,3.215704368948068215e+00,2.614861374827153593e-19
-3.983193888147608862e-22,-1.575074031040596765e+02,5.211992370994098067e+00,-3.005648163074912554e-20
4.253461424516883285e-22,3.795264678225787520e+02,4.084949080335388949e+00,9.477145773023021722e-20
-8.640584080196577867e-21,1.042879723621779320e+01,4.930727032571196489e+00,1.951869049191718687e-20
-6.109871793523969263e-22,2.359513363261018881e+01,3.912396455929133765e+00,-1.034156284925141316e-20
1.042791266318779544e-22,4.991003442009379398e+01,4.142533931385318446e+00,2.807920195233043425e-21
-3.652803152461152329e-21,2.207801315672403675e+01,5.993257039184499924e+00,7.728079910324417905e-20
1.235896891013000304e-21,-1.032981398708820535e+02,7.962298457540922803e-01,8.929029902771531907e-20
4.980423362752927611e-21,3.009505096440371972e+02,1.554021045423436442e+00,-2.514263489011995327e-20
-7.514546316571302216e-21,-1.794335910411351520e+01,3.913765268976887146e+00,9.659618965219699385e-20
1.600797647929791912e-22,-2.504594995375325084e+02,5.578088603585626970e+00,3.053315836681996406e-20
-8.627410060439649333e-22,-5.792968651670307878e+01,4.650759609323010246e-01,-4.466999415509235686e-20
-2.255960105755780147e-22,-9.487474749647118699e+01,1.564654023171778094e-04,-2.140336427757680777e-20
5.082084391394056739e-21,-1.468252962491619655e+02,1.486564826998235445e+00,6.277744282440025247e-20
-4.400879472229040623e-21,1.155462634333494876e+01,5.568634504888458459e+00,3.841185406287761945e-20
-4.166314167091249367e-22,-6.941418403138384292e+02,4.718523395132670828e+00,-1.774069582861905963e-21
-3.994168110472471317e-22,6.486293380125114538e+01,3.731727184722270607e+00,-2.152552851885903516e-20
-8.805726207906788577e-21,-6.619725031655124781e+01,5.580138799850495879e+00,-4.446917740561075318e-19
-3.353753607180844141e-21,7.546754714998211284e+02,5.982445222822136088e+00,2.417398220086850559e-18
1.096769622628489509e-22,8.554982589443643803e+01,5.902851081709767911e+00,-8.712352668965561547e-21
7.871580535855070892e-21,-1.773383230501503149e+01,5.255544384809898162e+00,7.214737401028106164e-20
2.179252174108925066e-21,-2.611660209110974762e+01,3.352279899525763440e+00,-5.565613190459307671e-20
5.567052967384560510e-21,-3.574081883564414852e+01,4.180467934719726664e+00,-1.009160974292955253e-19
-4.205573852790553308e-21,-3.558108842559797580e+01,3.163299494357342478e+00,1.496036425745073104e-19
6.562720293889181646e-21,2.644276900762373472e+01,5.148558607959410338e-01,-1.510398686204470390e-19
2.633280483992299023e-22,2.050080281819573713e+01,4.269589958239217609e+00,2.313069193774843175e-21
1.144347219189602950e-21,-3.087786382425744591e+02,2.106626631985654807e+00,-1.804046496942776705e-19
-6.899467915735072498e-22,-7.424686218302341558e+02,3.393344282740791140e+00,4.961160451635114180e-19
1.118102255490065715e-21,4.769041155112504953e+02,3.621774803322960423e+00,4.729252856057377009e-19
-7.714356942240393294e-21,-3.607091363398967587e+01,8.632455648169197193e-01,-1.808644159127670803e-19
-2.328560341615861413e-21,-3.972600744380422384e+02,4.656147044085681586e+00,5.199884527048664889e-20
-2.156128643526740049e-21,-8.783030243586082975e+01,4.363125713937651362e+00,6.480465744117281530e-20
6.560874892059732881e-21,-8.339571913428073913e+02,6.041645457769681538e-02,5.461505962955094144e-18
-1.682976461234607131e-21,7.685473774894505539e+01,4.270763042994679459e+00,-5.528322069559136736e-20
3.561163150048596078e-21,-3.706064970435817685e+01,6.149469106922926365e+00,1.308008831357690496e-19
1.294527329761084564e-22,-1.182010125462603156e+02,8.775854782577169333e-01,9.777779642891293120e-21
7.830481746919080338e-21,7.937154911329662355e+01,5.720955429220649258e+00,-5.258463662993250096e-19
6.113430394210123972e-22,4.574489327067707478e+01,5.178904299163552549e-01,-2.429853663276280975e-20
1.609140479174674128e-21,3.789867893452246506e+01,4.228375425556164302e+00,2.837815589523924148e-20
3.115879671295404133e-21,-6.376192799522358001e+01,6.112665091342368129e+00,1.957930439820609436e-19
-3.036053924749397927e-21,-6.776101302996809750e+01,2.867426833035129796e+00,1.980425043452251266e-19
3.158697237733157208e-21,-2.532384664301607557e+01,7.809117241079526206e-01,5.681491979752437552e-20
-5.526287454232778560e-22,3.205564162575821285e+01,1.911064647992313237e+00,-5.912161114932315955e-21
1.399548191912236083e-22,2.945804301226575035e+02,4.807762956562525503e+00,-3.926115159820884522e-21
5.574182210922688176e-21,-1.536846488926089762e+02,4.814697176715481142e+00,8.749116301738652849e-20
-5.612479818713018833e-21,1.238372568376200746e+02,4.040688769632926558e+00,-4.325320608816439620e-19
-3.268805314595411319e-22,3.693514367799689779e+01,2.422900653206229993e-01,1.172072894660712274e-20
1.108905263816680040e-21,-1.330195886288215590e+01,3.702716071553226129e+00,-1.248872135326212143e-20
5.660844792421766642e-21,2.209847447099120998e+01,3.523115956526480907e+00,1.161014458966478239e-19
2.542920467061263528e-21,9.430864052349239728e+02,6.883276202014861900e-01,-1.852147717406523182e-18
1.670019156427979945e-22,-5.331105763333927143e+02,1.328862270180404925e+00,2.132999571444091034e-20
-8.545981720693242169e-22,-8.938789451622450315e+02,6.174595416593620101e-01,-6.228532973345640801e-19
9.860363032652041039e-22,-6.314136238762913536e+02,4.583295080992903614e+00,-8.015038847861250459e-20
3.562638826605422842e-22,2.799313741917929406e+02,7.394331968786590492e-01,-7.368515813749456110e-20
7.865333358981209992e-21,-5.153176407504950021e+02,5.981733370758019266e-03,4.053072517419614154e-18
3.067073487924074933e-21,-1.842389170274877586e+01,7.599309677718937284e-01,4.096130725367423198e-20
-7.643173699996347612e-22,7.294941228253863983e+02,8.929279028429036869e-01,3.496680659766830511e-19
-1.181188648462842359e-22,-2.330978379921218675e+02,2.116979667720096714e+00,1.430158703201162215e-20
3.737693931741737959e-22,-5.296152643237268620e+01,5.676268837089601504e+00,1.626014886892174059e-20
5.872733392066065644e-21,4.585588025705919790e+02,5.273668509174380681e+00,-1.433399295589886793e-18
4.196001331146433669e-22,1.938313163418737020e+02,5.054806521849167567e+00,-2.730834162777808272e-20
3.115079088829144471e-22,5.696274544657553633e+02,1.828653185814693716e+00,4.524965250995473768e-20
-3.579733198933192583e-22,-5.764464631964083310e+02,4.776706278174015274e+00,-1.326288370157919076e-20
-2.210511503656026808e-22,1.212900444582707564e+02,2.475630830607179700e+00,-2.108234272518086001e-20
4.079947148849961381e-21,1.274724423897876164e+02,2.854051345928677375e+00,4.987284138480322931e-19
-1.995021157046361788e-22,-2.904494916028191938e+02,1.881809477637549577e+00,1.773261043732766447e-20
3.086915371744270347e-22,-1.954484398550917206e+02,2.935484577827085939e+00,-5.905631435872190870e-20
5.289583046909188108e-22,2.327361574487777318e+02,2.684138674131660629e+00,1.104497740161703374e-19
-1.287517239778783610e-21,2.841088879560524205e+01,5.431271743626993852e-03,3.657896959888978124e-20
-3.790970750319888413e-21,-1.664539239513540565e+02,1.160509056460443889e+00,-2.516974778903349221e-19
-1.849737027521951602e-21,4.501831699611061310e+01,5.391336797043778439e+00,5.229272487358850895e-20
-2.125352800324979126e-21,7.853116562786905206e+02,1.565735744711379107e+00,8.446400982055607248e-21
1.572700971496343433e-22,-4.079182152820341400e+01,2.742626493761728401e+00,-5.911493298030786718e-21
8.472696961579819622e-22,-2.048162478116582719e+01,4.092111222275710780e+00,-1.008689297741791813e-20
-1.926626726328760459e-22,-2.560466417466314510e+02,3.591061617442671938e+00,4.443101137144423890e-20
4.563361939817067109e-21,1.202499411286243713e+02,4.545497394791978563e-01,-4.930238851847650281e-19
-1.000731460755077230e-22,5.100526872740092585e+02,2.697343508329255624e+00,-4.608805901249263933e-20
-9.286592392426223483e-21,-7.877438597391872577e+01,4.530074775686993682e+00,1.326335414722207352e-19
3.680598048459956014e-22,6.071462731239498680e+02,3.099246082840864780e+00,2.232658054171184541e-19
-8.382668585847483125e-22,-8.262265893715987204e+02,4.828999922266059563e-01,-6.134011563234570003e-19
-6.703983150620880666e-21,7.187375139011317060e+02,6.580223498512202118e-01,3.812336887780701098e-18
2.333686121131555461e-22,-9.235722963397191734e+02,5.317614808007735228e+00,1.226269050181686941e-19
-7.476173795939582599e-21,5.737344766712167257e+02,2.583721228326184338e+00,-3.639005690760153224e-18
-5.280259722917595924e-22,-1.146318754073111457e+01,1.800948887195804815e+00,1.380815296990985663e-21
-4.785266078909661543e-22,-9.789829312312213005e+01,2.590818072265417715e+00,3.991918492939182350e-20
6.791427739850268928e-21,-4.268611093588874610e+02,5.275318896653577561e+00,1.547096674119978245e-18
-9.108095403384882325e-21,2.225269247169143938e+01,4.551402673251479514e-01,1.820467318088208928e-19
-4.502190008672478230e-22,1.383201679909662829e+01,6.165016553467780325e-01,5.081003867311600983e-21
-2.498743023213693065e-22,-4.091946131800012409e+01,4.451728651887002286e+00,2.635101313396754898e-21
-8.997095727314644583e-22,-2.019667908301371284e+01,6.155262465646297088e+00,-1.802266953431368906e-20
-3.391763860261853505e-21,1.077763951658818620e+01,4.556068137832460785e+00,-5.691096563757001652e-21
-9.912434965507071235e-21,-2.870144436292044077e+01,5.188915370125324777e+00,-1.304993696116553409e-19
1.132353197821208948e-22,1.049607413469200523e+01,2.659446495771603303e+00,1.053036486406765528e-21
3.072751977011224248e-22,5.707495878876309803e+01,5.190256291747934014e+00,-8.065359318931012621e-21
-7.466504138217846056e-21,4.260190993005754194e+02,2.696078506216651238e+00,-2.870385860638231316e-18
-1.202965886412055936e-22,-9.876357313091165224e+01,5.401065587022777059e+00,-7.550514908999417364e-21
-2.672311139059947026e-21,-2.390567526303266277e+01,3.590330381101362711e+00,5.755865351032360347e-20
8.462350264035470420e-21,-1.027299965089855220e+02,5.964143206619856308e-01,7.192504305689701761e-19
3.962174159387346383e-22,-4.734663890017367294e+01,4.645926768219360348e+00,-1.245884352520727150e-21
3.815691495946974039e-22,4.323026068264505852e+02,3.860621998697274293e+00,1.241183820557133600e-19
6.197747360860156440e-22,2.593222775581425310e+01,1.090427327132992702e-01,-1.597668283211052898e-20
3.016026567659683920e-22,5.805891049699657742e+02,2.882121025246249690e+00,1.692456210759694040e-19
-1.501827758214335573e-21,3.374690535465939547e+02,5.197322287045571976e+00,2.362539996565823440e-19
4.201795924283689616e-22,-2.538872714796561780e+01,1.727180727492470869e+00,-1.661489795937733794e-21
-7.369357396900881670e-22,7.593523176060078868e+02,6.138308312760842433e+00,5.537313728834668187e-19
-7.848887063366260172e-21,-2.137452252264763501e+02,3.954157817608284109e+00,1.153624655198526721e-18
1.154275111716407580e-22,-4.455448997560421844e+02,2.626724958566564627e+00,-4.476088591408179464e-20
1.866730624088754618e-21,5.319135371223525226e+02,5.522316081773918306e+00,-7.191232815403557384e-19
1.275298750299777404e-21,-1.357292002935437267e+02,3.075406608994426527e+00,-1.727162879529447076e-19
2.708311067716940486e-22,1.538754949365723235e+01,8.594565345505513765e-01,-2.720701559798028976e-21
-1.131041621554439371e-22,2.524785274171751723e+02,3.483088453619674674e+00,-2.690737833437949194e-20
-6.056349650066420718e-22,1.385944051648667319e+01,2.833448896178427212e+00,-7.998400414272418749e-21
1.970876982005166370e-21,-6.746632645505908954e+01,4.647925590830993769e+00,-8.565621690044067703e-21
1.584756298815191126e-21,1.088093421392069757e+02,1.952867843483312438e+00,6.429173561069310177e-20
2.391215669045188795e-21,8.161522524068821838e+01,8.530683674084570400e-01,-1.283515619552215448e-19
-1.302004910709976426e-22,-1.667036946716221735e+02,1.629347501606643434e+00,1.270121560564329242e-21
4.082796562686226317e-22,1.212772199533110395e+01,1.919166623312723807e+00,1.690276735904148039e-21
-9.717393098812262010e-21,-2.260898410910131417e+02,3.426742454261203275e+00,2.108287800519173135e-18
-1.131233453447269852e-22,3.815256922147095509e+01,1.368416422350222650e+00,8.675105109758224585e-22
4.215272007680294224e-21,4.975154394881473081e+02,4.166692621269358909e+00,1.088455734739069844e-18
-4.812877889547218534e-22,7.331244306374385360e+02,6.245467763978216347e-01,2.862368758428257244e-19
1.434347364326692915e-22,4.085968555637753639e+02,1.708747704059295325e+00,8.059294876061020312e-21
2.205162032095091647e-21,-3.256824724409754594e+02,1.394460158582556897e+00,1.259862831786255951e-19
-2.961639830672373769e-21,3.511077015200899609e+02,6.012037063311039375e+00,1.001862415588096620e-18
3.372180428809722504e-22,4.544063827678580481e+01,6.118876079124598633e+00,-1.511702109182952485e-20
4.124675563718307542e-21,5.174239490628256135e+02,3.172103600808257262e+00,2.133212610596794764e-18
-1.845408691660209730e-22,-5.522669564189497748e+01,3.811301924322879842e+00,7.990222744864794500e-21
4.250478810258795155e-21,-2.652994619553062705e+01,6.095559416035808198e+00,1.107859306665751503e-19
-9.110375175010148592e-21,-2.741658713811860082e+01,6.109940007312497201e+00,-2.460363896535778909e-19
8.735652659011754840e-21,-3.593846105612529129e+01,3.018531057588671018e+00,-3.115716884535336891e-19
2.380203762210017561e-22,1.649932578429251180e+02,4.282165413998663794e+00,1.637922914989283765e-20
4.952921366781806609e-21,-1.438690635988247379e+01,2.070873787474094563e+00,-3.416737294852371405e-20
7.974832471377244736e-22,-1.223831737658516232e+02,5.884899210231502725e-02,9.742957777328241263e-20
3.171547675749502167e-21,-1.520232491333650238e+01,2.673771310991736594e-01,4.650168704322086124e-20
-2.040570452498884832e-22,-1.063081862296521862e+01,3.098801028724715856e+00,2.167307618115784455e-21
-6.345883730890278069e-22,4.055905032736807243e+02,3.451819913206088497e+00,-2.450966379382239948e-19
-3.555466538839671277e-21,3.864073216913292868e+02,2.242240352485982968e-01,1.339466420165934078e-18
-6.184331960799489993e-21,-9.799388114170601227e+01,5.835988368934389214e+00,-5.464317222910704613e-19
1.845916501420979815e-22,-1.074262436870482134e+02,4.422587705454660068e+00,-5.666652796779127627e-21
6.599832390523637593e-22,-3.447094186929571435e+01,3.720475034029253170e+00,-1.904365150548851603e-20
6.949374065285998765e-22,1.040741651779598840e+02,2.681643521415352449e+00,6.480865736405109052e-20
-1.487732498036438172e-21,2.192038015754498304e+01,5.034692224560849638e+00,1.032981061538053724e-20
-3.317588947477441051e-21,1.205429660185510166e+01,1.681510756617233815e+00,-4.418563217712608885e-21
2.800192467910722107e-21,-3.377523020623248158e+02,2.376825663333619776e+00,-6.824154384243863796e-19
-7.324160010507563868e-22,9.999770093037574270e+01,7.060010909391994938e-01,5.573282458600719235e-20
6.679228149053828653e-21,-2.090790723225696297e+02,3.286239593390547498e+00,-1.381903116031283363e-18
-6.549634563842564021e-21,6.387463379321634420e+02,4.300237510140838548e-01,3.802666868025622563e-18
-2.611808235732133285e-22,-2.206328635610192634e+01,5.669327844454357113e+00,-4.710458503684900461e-21
-6.380099044197517627e-22,-3.241711577545646037e+02,8.246059033011060579e-01,-1.404020048629680793e-19
-2.933553458749303821e-22,-7.346922626817506625e+02,3.183024263467785886e+00,2.153409457470584086e-19
2.244648339353825368e-22,8.989985940316397262e+01,1.608015056628435246e+00,7.508766521882959568e-22
6.374501220332705459e-22,-2.248551828642088779e+01,1.967478637727874791e+00,-5.537856911156447776e-21
2.317368305164385256e-22,4.478390275446450346e+02,3.862077255917608642e+00,7.798982641947763921e-20
1.270629742509228108e-22,-2.227835332048768180e+01,4.241064503705647581e+00,-1.285351191344009947e-21
3.043760348603930576e-21,-1.021206677731109238e+02,3.114030160904334710e-01,2.958813152825804298e-19
1.115806769980421929e-22,-5.330657727157940826e+02,4.874574661880354043e+00,9.604542151357859728e-21
2.824114420414164738e-21,1.429887382990067124e+02,4.392945513108042377e+00,1.268138375996814647e-19
-7.732384614079139660e-22,-2.577476761319618959e+02,4.118590185202721798e+00,1.115112884274293754e-19
1.404669927241416570e-21,-3.129619623778286268e+02,3.170284246419766472e+00,-4.394273249282672516e-19
-5.243210902177939976e-22,2.757535904602822541e+01,4.425840672509877116e+00,-4.086548747461791175e-21
-9.801734935050764310e-22,7.325376377713183729e+01,8.702169497290170863e-01,4.628754000577415098e-20
-9.868877495252194418e-22,2.456397725399731655e+02,1.358718358751424882e+00,5.102717848318525496e-20
3.210466237942860653e-21,2.909207344456392264e+01,5.200978136047172740e+00,-4.383973347179701653e-20
1.796845951991552503e-21,-9.308424586510717802e+01,3.882466682933387592e+00,-1.234161911315422879e-19
6.497311768486994484e-21,3.902011917829312893e+01,1.361465612261522073e+00,-5.268401418768694005e-20
9.871174392531797026e-22,-1.471279034915603035e+01,8.588482084066751954e-01,9.488184441246043292e-21
2.613668872493270288e-21,1.582816548305227755e+01,5.639332556696423637e+00,-3.308693633725364510e-20
-2.188534238295615146e-21,-3.718315964279616281e+01,3.154286526430685189e+00,8.137006176773929512e-20
7.778458885152239556e-22,-1.038457428136749705e+01,5.029546805667394871e+00,2.519139620566681885e-21
-1.556315122271205105e-21,3.276375564530828228e+02,8.089908618464861645e-01,3.519527882052243641e-19
-3.626911901206007386e-21,-4.752215665880773088e+01,2.839561399847176038e+00,1.645567294870888023e-19
1.213618169893994764e-22,-5.451466929111968795e+01,2.450077908962837725e+00,-5.096178168856514239e-21
9.249401205230986863e-21,-2.098564694292329946e+01,5.645243288559456118e-01,1.639880063767520596e-19
-9.919497826293559372e-22,-2.088876673334361840e+02,5.816790015697105964e+00,-1.850754343922877443e-19
-1.119861814589939760e-22,6.525436628238609273e+02,4.792972401859125320e+00,5.882332711251300184e-21
1.662044878057454860e-22,3.774701426889632927e+01,2.035495569862137977e+00,2.811593872122330181e-21
1.848397355953080176e-21,-3.734463607086975685e+02,4.504597537492657233e-01,6.214200584547319201e-19
-3.045537632420260732e-21,5.285351482453802419e+01,4.216589857335598879e+00,-7.657776316769581292e-20
-1.450522012564615936e-21,5.317606253117860433e+02,3.556535975130856175e-01,7.230599393797651520e-19
6.085502808574167708e-22,9.997510290575584690e+01,1.140494512453240405e+00,-2.537905791416587386e-20
7.803856627362017803e-21,2.994652572590416995e+01,2.260444732387052735e-01,-2.277532339082883246e-19
-9.498669832382512586e-21,-1.988344814516502481e+02,4.001927152445423630e+00,1.231755724804064353e-18
9.660843822036527555e-21,-2.877301968628626128e+01,4.229729650714598166e-01,2.534747444501377551e-19
3.428536967189053157e-21,6.306496702700409429e+01,1.676975304278106371e+00,2.291496529135464079e-20
-6.924196292355133871e-21,-3.870086564397586670e+01,1.094797920674637215e+00,-1.227919418577792200e-19
3.893322549311227234e-22,1.837217124332457274e+01,3.617288310602245538e+00,6.358725874815527888e-21
1.034170477086532042e-21,1.557764708919487973e+01,1.848121758329282827e+00,4.410648660314771550e-21
6.039099391044472419e-22,-3.440581037877590376e+01,4.239356329047216931e+00,-9.466212706772238415e-21
1.024111533755980742e-21,-4.672532371299522538e+02,5.944050884792429379e+00,4.512643844530487050e-19
7.428871576466399981e-22,3.728909507498853486e+02,4.452350844256062423e+00,7.122560926839556124e-20
2.198149546363959672e-22,3.595589775910840444e+02,4.670918257855777300e-01,-7.057018239566742174e-20
-3.009088402555503091e-21,3.866753999306240530e+01,7.465470955565371713e-02,1.160299572160719808e-19
-2.873722195357602542e-21,1.119310425374232310e+01,4.232885373150602426e+00,-1.483936551809222951e-20
9.041796066695825758e-21,3.203492205191156472e+01,5.085798821855237684e+00,-1.056633012196607653e-19
-7.789222144038310487e-22,6.176500491814545057e+02,1.565159287867522009e+00,2.711972641583530692e-21
-6.615979664852588021e-22,-2.868894852775595155e+02,1.008792439707992594e+00,-1.011441117368480561e-19
1.222203692304001935e-22,-3.557290524068024240e+01,3.221913037512869504e+00,-4.333716744988812802e-21
3.194681955850112869e-22,5.053575686089184273e+02,4.358694412051745459e+00,5.591929694281159059e-20
-2.663925528358642825e-22,2.952312069418162466e+01,6.160195841363306890e+00,7.805331799567282795e-21
-2.134735168407169292e-21,1.706981807108900995e+01,6.516953061464131336e-01,2.897150040877570403e-20
6.197208404131099801e-22,4.467035644734359607e+02,3.209615538793657130e+00,2.761912899883159507e-19
7.505399249789203203e-22,-3.455383300881900368e+02,3.868618895519657652e+00,-1.937672070981709977e-19
-6.339735871366230091e-22,-8.222567340690413857e+02,5.050789733911993373e+00,-1.730570019129007317e-19
-4.167461697694131219e-21,-2.994185977307952840e+02,4.882876092372445243e+00,-2.117074027422831545e-19
1.724286374528021577e-22,1.844486292229814239e+01,3.346267836274721574e+00,3.114037796096897812e-21
2.478152909226428229e-22,2.362427615918214769e+02,3.050190175394613679e+00,5.830018614925884592e-20
-3.877960487288047326e-22,-1.081092303610222984e+02,5.221834630636511321e+00,-2.044621877684505008e-20
-1.626284220074389130e-22,-3.623882685116466007e+01,4.061289194719736595e-01,-5.414071224189784356e-21
-1.253371974046704413e-21,-6.071623034091923898e+01,1.480021069992135008e+00,-6.898515745655278267e-21
1.441111600883120228e-21,-1.417995923225119839e+02,1.842168623211385636e+00,-5.477652876617254296e-20
-3.577147911701657942e-21,1.625450410054289563e+01,6.185268088711698198e+00,5.786624837773295253e-20
5.384698410313994889e-21,4.863256795470134364e+01,9.169577220160368691e-01,-1.592802711441738382e-19
-1.906666248641498498e-22,3.183455935788788906e+02,4.861566925518129856e-01,5.366512594562444709e-20
-1.031931587122673850e-22,1.639540053862402047e+01,4.333015166772591797e+00,-6.265738209163853884e-22
6.819269147077132847e-22,-2.138588204096425471e+01,2.875469550344394332e+00,-1.407023259475121053e-20
-1.962716872674999030e-22,4.016782139868102490e+02,4.118209118353912679e+00,-4.413586191163041027e-20
3.943244156504847816e-22,2.854840982076849443e+01,8.661237628245650466e-01,-7.292326188909806571e-21
1.921445370197762681e-22,3.742929895285448083e+01,1.238919681485085578e+00,-2.343228268257305579e-21
-5.832979012363708294e-22,-1.424056773738590920e+01,5.417745398817705116e+00,-5.385143121670491665e-21
-1.706960639681305999e-22,1.305715880142512120e+01,5.882963424724738211e+00,2.052673283580815011e-21
-9.980743608755644601e-21,6.482567414441022891e+01,3.730606973123043790e+00,-5.379801810579819579e-19
1.672785458654695947e-21,-1.146570700460302206e+01,2.682524668148255298e+00,-1.719391779967448624e-20
1.602026082964789074e-22,2.968464200320530466e+01,3.277903357714739396e+00,4.711444870336367041e-21
-1.549680221498096783e-22,-2.082805591624510555e+01,4.260353809254005419e+00,1.409842722600631669e-21
5.300552254203080789e-21,-7.441539210134145321e+01,5.933135286816385023e-02,3.937486175765673760e-19
1.144695491543498216e-21,2.596258887682006389e+01,3.800745954742636989e+00,2.349340289275735812e-20
1.347406814418058086e-22,4.764286652540147884e+02,4.715887895612595138e+00,-2.246100360460669259e-22
2.438883342022765066e-22,9.119611002196663776e+02,5.826498018471725437e+00,-1.996230236694276546e-19
2.082811492292818960e-21,1.916109217282255202e+02,1.965487318396715588e-01,-3.914055218623380688e-19
5.388315607103133238e-22,1.262025017168648162e+02,5.499212930616125483e+00,-4.815310772435385956e-20
1.396579813754916880e-21,3.746351153284607705e+01,3.452522669170780212e+00,4.981197352862875817e-20
5.201228544265055264e-22,-2.774926679512462897e+02,2.144468719766138842e-01,1.410242857198789886e-19
-4.672735269159433343e-21,2.571933507537889909e+02,6.235666684781063118e+00,1.200439856471304938e-18
1.308758614669834088e-22,-4.950184765865829206e+01,5.393298937269235260e+00,4.078278865338503636e-21
1.126721105777802415e-22,1.299776428781397719e+01,1.464071086960386792e+00,-1.560010268056190901e-22
6.901757838800746498e-22,4.715115840000153185e+02,5.049045900890301475e+00,-1.074990789513386939e-19
-1.580734367036332811e-21,-4.148875923221231687e+01,1.727316128184123167e+00,1.022313094174334197e-20
-1.333358681660517244e-21,-1.061437590323486404e+02,4.327650758247323814e+00,5.311768320937998851e-20
2.041119786796938751e-22,-2.560761764397144020e+02,4.249594027892921178e-01,4.761924330961315637e-20
-9.462006832508341165e-22,2.314282593158356462e+02,1.858841870755915782e+00,-6.220689490577208373e-20
3.623392290008530010e-21,1.563994979318153753e+02,7.267412310674411513e-01,-4.235171869912033846e-19
2.041996286780209367e-21,-4.898638030971252277e+01,6.272504671930623665e+00,1.000243012394869055e-19
2.448580702042762717e-22,-1.198872458372386234e+02,5.074435527070480373e-02,2.931757289444104108e-20
1.245071747166858768e-22,-4.790715684089817046e+02,2.919448520425042659e+00,-5.818213839466706391e-20
2.611921613167098653e-22,-3.341562194206564840e+01,2.259421289838157598e+00,-5.546370814848083688e-21
1.521606137422882024e-21,-6.067329803745143124e+01,4.808023674331667330e+00,8.815625150477377577e-21
6.338276463980010214e-22,1.558058123353244184e+01,4.750172646139672494e+00,-3.730401573549114287e-22
2.158369175103400357e-22,-1.665332460168989925e+01,1.052491696303872182e+00,1.780696169229449092e-21
-5.823107724880602832e-22,3.587078342874369810e+02,2.247542711680507121e+00,-1.308127892544488317e-19
5.747219188733948862e-21,-1.389406256575345289e+01,6.022769699353439421e+00,7.715984957640187628e-20
1.233649348775621903e-22,-2.885887498298173170e+01,2.333006050083583194e+00,-2.458375978991749021e-21
-2.043863111875587906e-21,4.722298174776444739e+02,1.604232484735000019e+00,-3.226566752581760769e-20
-1.613952153363169527e-21,-2.044643029647582466e+02,3.231055434633093526e+00,3.286759079819749288e-19
3.402735101546197278e-21,2.304603986765374373e+02,1.578996873925858857e+00,6.430761622518998426e-21
7.651576496749700306e-21,2.761088299512432442e+01,2.341753826958224760e+00,1.472154099214813483e-19
-7.992550119855810399e-21,-3.448080138622440813e+02,4.684526493825179605e-01,-2.458997201266090314e-18
-1.307762837337204191e-22,-3.527305551294288222e+01,5.490837509020749962e+00,-3.239051212736935916e-21
-5.988551874056233354e-21,-9.197280353964051756e+02,4.515748369676416907e+00,1.076098409887823259e-18
1.154267246117511996e-22,2.066634762175814899e+02,4.488789336949006170e+00,5.289520073948698119e-21
3.239888662070933860e-21,1.991120775062670134e+01,3.172747414266113286e-01,-6.129034361450839323e-20
-9.057073872576719959e-21,1.729449268293219006e+02,5.361061280138686769e+00,9.462924113269050446e-19
2.047299994513140492e-21,6.427643878465161720e+01,1.098566309193918622e+00,-5.985822095019453472e-20
1.397472287935566930e-21,2.691140666539015314e+01,8.155128978118043603e-01,-2.578006033368852229e-20
3.240221335581153982e-22,1.782867217454912634e+02,2.353491616344284554e-01,-5.617632921607717081e-20
-4.012766789420756992e-22,4.194827676948976602e+01,1.406727630868179535e+00,2.749372544786772527e-21
-5.181795467148657960e-22,-6.558728591823410170e+01,5.237020575083789709e+00,-1.702338466148393389e-20
-1.592255020789448924e-21,-7.088639111492713027e+02,4.314173953703646980e+00,4.376770676787545709e-19
5.898520144209510056e-21,3.058727848909166980e+01,5.702023120757280239e+00,-1.507993099639712930e-19
1.473095265102221342e-21,-1.784077626046491361e+01,4.289110686334926648e+00,-1.079503057059465345e-20
1.446656201406251668e-21,-1.506400653620804597e+01,1.526970428227229837e+00,9.547674911050738074e-22
-4.330824432368062004e-22,1.828837234162737957e+02,6.207678605725280852e-01,6.442685328290814114e-20
-4.207589582408430354e-21,-9.182205182294170527e+02,5.839202473388381165e+00,-3.488921687362947053e-18
-7.708545244555734948e-22,-2.904143522074200234e+01,2.113635912286810914e+00,1.156429659537348222e-20
5.687293981106772191e-22,4.821503069895895806e+02,3.611383980197108379e+00,2.445055723289525205e-19
1.424969176236467676e-21,4.824101225886059865e+02,5.711228523802918566e+00,-5.780122102788474850e-19
-2.619067500407193009e-22,-5.960974445448709247e+01,5.872858119675818500e+00,-1.431623170292974645e-20
4.643287690288991611e-22,1.206310946113190141e+01,3.766491813729141214e+00,4.542736629903703550e-21
-1.915050018761698566e-22,9.372659312942982979e+01,5.206719358858812319e-01,1.557058691069538238e-20
-7.013778196480076516e-21,-3.315326411535660895e+02,4.950826386207791252e+00,-5.491990391870400990e-19
5.716311394153350421e-22,-1.484696798502484327e+01,5.913535279631826569e+00,7.913725727452591805e-21
8.830117623082853080e-21,-8.502109017971807816e+02,2.719561726994067730e+00,-6.848749466761957539e-18
3.409941708262106308e-22,-7.674286007623335593e+01,3.571504075625170138e+00,-2.378757087086092108e-20
-8.031758219587389510e-21,-9.967822791185415099e+01,2.119578714653402862e+00,4.176275548541234322e-19
-3.677644521802766662e-22,6.440657460244442234e+01,1.954090272766407566e+00,-8.858197011292021848e-21
1.388118303489016597e-22,9.777214181022943649e+02,6.184410521673027183e+00,-1.350577678907890217e-19
-1.164548522766431337e-21,1.331516635423918871e+01,1.696282799022552412e+00,-1.940710258617480226e-21
-5.667562181745689146e-22,9.370243694540964725e+02,7.598879658740459453e-01,3.849755789959838856e-19
-1.220131039829505156e-21,7.990783241480887682e+02,2.317493235685127217e+00,-6.622243523505751219e-19
7.508744802782969538e-22,1.600372488267605320e+01,4.943645518658001947e+00,-2.754257469234047463e-21
2.794822168846212660e-21,-1.185295698811707688e+01,5.411830846186816757e+00,2.132679469597850617e-20
-5.814445031225852118e-21,-1.750338218185218153e+01,1.534935222640046115e+00,-3.648890349482655191e-21
-4.403565497630597634e-22,-1.408417265140740540e+02,2.126322751832467439e+00,3.270907141994784924e-20
-2.951940770502894771e-22,-7.648513425686731182e+01,5.787531925821969736e+00,-1.986088519770713974e-20
-2.171226437471238638e-21,5.223452001187274618e+01,5.270031770138362548e-01,9.802489339058900669e-20
6.796503669015326742e-21,2.749252610650835322e+02,5.410102298139039867e+00,-1.200469313837252840e-18
1.809620444624709258e-22,4.539112663414872628e+01,9.249345966924386042e-01,-4.943941148321000505e-21
-7.583380362594686499e-22,2.657958934043959403e+02,1.431683592314217102e-01,1.995009240771904011e-19
-4.164976506956149257e-21,-3.104513926821569498e+02,3.479022469469986945e+00,1.220107489212761187e-18
-1.601994462823532292e-21,-2.409294077124915390e+01,5.804586571227870806e+00,-3.426006948402616487e-20
3.460864254675242311e-21,-1.321446476674624826e+01,5.691747203186338311e+00,3.796516872425282952e-20
6.376072231266316129e-21,-2.930804655475295917e+01,1.625776272381826759e+00,-1.026893931872330490e-20
-9.894436417981684024e-21,2.220096618763558283e+01,4.717497338213096469e+00,1.122127897385805700e-21
1.780941061646487585e-21,-4.326049002564055712e+01,1.895223269207540140e+00,-2.455910476406111568e-20
-1.300082322058208494e-21,1.820433625338150208e+01,3.188123090555996519e+00,-2.364151973041230440e-20
-3.122253132217036971e-21,-1.708577578437497095e+02,1.896388536229316468e+00,1.706381909930017923e-19
7.104909807468365513e-21,-6.739524082852349807e+01,7.028340124397463029e-01,3.653591281900264078e-19
4.449254513017255937e-21,1.358646668696769382e+02,5.678872728049491059e+00,-4.974358525338476637e-19
-7.953088089587029364e-22,-1.628247040827481555e+02,9.790499439611520527e-02,-1.288757827452716390e-19
-3.736200339524606574e-21,4.855616454941915663e+02,2.632220262629852425e-01,1.751669976325206193e-18
-5.565525762861309762e-22,4.143450841757381795e+02,3.055158925352834398e+00,-2.297439601791923551e-19
-1.240229113745545385e-21,-6.438518924615300421e+02,9.363111546025358889e-01,-4.733353700228739245e-19
-3.762572808945501392e-22,3.067335163908371953e+01,5.120893324612454833e+00,4.584542913885133375e-21
1.939592594519533111e-21,-4.010511619494446478e+01,1.958848812047001120e+00,-2.943376642463485396e-20
4.319990722716890800e-21,-2.766513413408216024e+02,5.735864442088742798e+00,1.020548621869545541e-18
-3.000545961403484695e-22,2.325825987126000882e+02,2.787405432704518127e+00,-6.545567779002312055e-20
-8.272157682822153570e-22,-6.050084391526488616e+02,3.252026979906667559e-01,-4.742407459464725094e-19
3.245750983551777574e-22,-5.036022241095961931e+02,5.975110980670272909e+00,1.557610749731257081e-19
2.320358550226252001e-21,-5.430562603168896203e+02,1.968766463522984012e-01,1.235743302129012698e-18
-8.518738529728774567e-21,-6.694699567680908103e+02,5.936287723277908768e+00,-5.363320869338582763e-18
-3.919213845519284367e-22,-2.432227323498773615e+02,4.429891353528078390e+00,2.657210812135905290e-20
9.941960508039388224e-21,-5.867693879861830908e+01,2.047970926029702154e-01,5.711728287056697001e-19
-8.081811966458111278e-22,-3.329128645529351616e+02,6.070936238390678419e+00,-2.630162399635963087e-19
7.115881666752617206e-21,1.621338101996680336e+02,5.777267320917867544e+00,-1.009197849501807531e-18
-9.845607227929940347e-21,-9.917611478244447198e+02,1.034738562309943204e-02,-9.763967995917630978e-18
-3.678668793328858886e-21,-3.571710655902622307e+02,4.635645089004336583e+00,1.007359265665088646e-19
1.129161472893458911e-21,1.100195867828617580e+01,1.927966293648717189e+00,4.343377282193979242e-21
-1.292113312176360592e-22,7.317911666122583938e+02,1.102592144599426893e+00,4.267152306013313256e-20
1.751843824207098102e-21,4.331518421591679271e+02,2.985022105573004403e+00,7.495324490681706199e-19
2.282682083978999103e-21,-3.200031768528180010e+01,1.194186261415034922e+00,2.686434731045443816e-20
-2.685049901292346926e-22,-1.740050913622339479e+01,2.868462997531492142e+00,4.498934456043576583e-21
-6.387229325699111023e-21,2.359158641713106022e+02,1.051912219385514380e+00,7.472635150952944275e-19
2.321268148440966694e-22,2.700600630977396222e+01,2.199640149505510234e+00,3.687382454877550169e-21
9.997855767406870116e-21,-1.577952413884563221e+01,1.269916062548837710e+00,4.675433457474299183e-20
-7.336026808981327627e-21,-8.528300729502933564e+01,4.880093619938538629e-02,-6.248935869339740176e-19
-1.241889767485890567e-21,-5.657227111942082587e+01,4.140403485525030014e+00,3.803003762270520929e-20
1.332702055864677491e-21,6.235455024137802837e+01,5.395674632679368976e+00,-5.246474808667266029e-20
5.371188844974088602e-21,3.360324310829081185e+01,2.820748896463915578e+00,1.712789313405772861e-19
8.047647362579337900e-22,4.566722424023909639e+02,2.358942768809204338e-01,-3.573356912859418312e-19
2.381345069749519499e-21,-1.006864525958682854e+01,5.893684448416409261e+00,2.218101665983175742e-20
7.535289648555388384e-21,-1.101035293500703602e+02,2.776919906799717452e+00,-7.751038475460233494e-19
-6.320669570015751795e-22,4.322328002982663975e+01,3.024580328882763069e+00,-2.713318919775373608e-20
4.431970767245591150e-21,4.975235935202570658e+01,5.482234479146391948e+00,-1.534740584372446590e-19
-2.868757649308035440e-21,-6.695066445189996784e+02,4.709508375097999910e-01,-1.711564842530729747e-18
-1.093346718835496732e-21,1.239694837024346086e+01,4.155412382512377434e+00,-7.165031115697769627e-21
-1.935705310397750925e-22,1.942042265970908232e+01,4.828623780084621231e+00,4.359691161248042106e-22
1.108974996437730043e-22,4.626280132324135366e+02,2.467922051775823356e+00,4.009620075775037794e-20
6.829523923408570904e-22,-8.444286505688619400e+02,7.929102263506528914e-01,4.047168759164171682e-19
-5.339483540323420299e-21,1.598696890189424735e+01,3.447590427676018532e+00,-8.139681647516856184e-20
1.993192352870054563e-22,-4.493306702284344851e+02,2.497747620565125892e+00,-7.162971106452016519e-20
3.780173888883964193e-21,1.501639238840211874e+02,3.129920666139588636e+00,5.676070778661365306e-19
-5.000518619503397205e-22,1.232998256652349767e+01,4.283703492215823694e+00,-2.562902234976276854e-21
1.009602943304940864e-22,-1.486235907142788726e+01,3.888120467572021344e+00,-1.101449850483387561e-21
-7.277513046948879898e-21,-1.203903940950558535e+02,2.400046450774462770e+00,6.460895831391750599e-19
-1.489264092606189222e-21,-9.133058316355719342e+01,2.237020742178953192e+00,8.406050850568919938e-20
4.022483569080872991e-21,7.874868365429919947e+01,2.822734214779726081e+00,3.007983822835387688e-19
-8.764237639742076575e-21,6.386581043298126588e+02,5.160786709693808483e+00,2.426576183498398122e-18
-1.525673816339814905e-21,2.010470149042798482e+02,1.154190185086109377e+00,1.241219980737589216e-19
-5.951268190961244864e-22,-1.608424171754045062e+01,4.621767415129435008e+00,8.662576556586406879e-22
-2.438937727262684770e-22,1.177037021977304647e+02,6.118952589778685613e+00,2.832091857739634010e-20
-3.266672080693275071e-21,-2.109376159918361537e+01,1.671735955200654988e+00,6.943581453847011928e-21
-6.187136150780225350e-21,3.656560133504466990e+02,2.173404188791404845e+00,-1.282291618900491227e-18
1.404346913338693312e-21,8.310893741641665429e+02,7.653693460860964137e-01,-8.416540209497789997e-19
5.262284951962103396e-21,4.697802996714933101e+02,3.196484822745279786e+00,2.468394305617790339e-18
9.212716444817495459e-22,1.929570836234988107e+01,6.154915921373548038e+00,-1.763054994808978086e-20
4.262717878253751965e-22,3.023157708360689711e+01,2.997223240536060374e+00,1.275280405425631265e-20
4.135880911891869554e-21,-1.253907514089883435e+01,1.146055205964720408e-01,5.151991769039142968e-20
-1.070365435649194012e-21,-3.183024060465590424e+02,2.161204928625712340e-01,-3.327740987757295555e-19
2.556427237247755554e-22,-8.840179566685340262e+01,2.358963903185600230e+00,-1.602429534922826556e-20
-6.319287427676245634e-22,-5.831456691432356365e+02,1.035007058613458125e-01,-3.665344770777276858e-19
-3.311181513454115952e-21,2.379424987008876613e+01,4.149751737513356353e+00,-4.202650711850603739e-20
-7.268888331673760881e-21,5.419569440965918830e+02,2.460103438762217376e+00,-3.059496720832042347e-18
8.789515411197435199e-22,-1.415320428041066805e+02,2.131095482729377988e+00,-6.611098816830461054e-20
-4.255725701256939255e-21,-4.441989251625838051e+02,6.150933752423749290e+00,-1.873880966461653855e-18
1.065627351134681556e-22,-5.251657941437312616e+01,3.533399478469235522e+00,-5.172225394270897213e-21
-1.714961226583829745e-22,1.796096535829775291e+02,5.845265180808573824e+00,2.789571322115811133e-20
2.425890710679757670e-21,3.440690048171324378e+01,3.970689922675910921e+00,5.638569081972674543e-20
5.280794842078635695e-22,-2.023235004471773735e+01,5.787694887557966794e+00,9.399349791438657710e-21
2.367215226090004367e-21,-2.518013561305289159e+02,2.093490699342960504e+00,-2.975670183377940998e-19
-1.359284997040274498e-22,1.294940030479905957e+01,6.575304163012086756e-01,1.393199385648737362e-21
-7.009134962466186971e-22,-3.115606614549446363e+02,1.898690095842603051e-02,-2.183377109655630094e-19
-1.065447566219053559e-21,6.322975681683858795e+01,2.750656347796138768e+00,-6.228525630138764094e-20
-1.967017914315646366e-21,3.556158428494802024e+02,3.840235247963704079e+00,-5.356203980799186641e-19
-1.359181812759575810e-21,-2.227306059020119378e+01,5.725373535708590644e+00,-2.568419838516589850e-20
6.497804592274886624e-21,4.923762907729334870e+01,5.208803106783700620e+00,-1.523779329664217114e-19
-5.190074193427453267e-22,2.245417206474151897e+02,6.038443313054323802e+00,1.130659474367995260e-19
-7.367370041217726770e-21,-4.350014503176695939e+02,2.727245172809555918e+00,2.933622551473719611e-18
6.211024312620054643e-21,4.520227882104031210e+02,5.382519942724295348e+00,-1.743721570380567314e-18
5.442843867469632593e-21,-2.942624376089400684e+01,2.794969244608392689e+00,-1.506368176875998002e-19
3.140476737066817089e-22,8.243751463949215577e+02,3.593921036301845451e+00,2.328567091392128563e-19
5.114341485392533008e-22,3.131272806660457775e+01,4.645593313677950142e+00,1.068897162437972991e-21
2.955842764724749757e-22,-1.374953255821093308e+02,1.692795380567544195e+00,-4.945928867824651801e-21
-2.573766094424049607e-22,-1.785902778308376071e+01,5.562744060578470595e-01,-3.903474088808468278e-21
-4.331348228886703160e-22,-2.944638902086844041e+02,1.324843416764420301e+00,-3.105414892244991093e-20
-9.382813552617644206e-22,2.953673967246429584e+02,2.101732067499428869e+00,-1.403260477869209019e-19
-2.215191511411755980e-21,-2.735835029098888782e+01,8.336497230854635898e-01,-4.073666723109261574e-20
-4.145018960139089570e-22,-1.093920794062012547e+01,4.686295106507691877e+00,1.183046111894784849e-22
1.316519467180575725e-21,-6.076369123991911181e+01,4.416875981663325845e+00,-2.329745670421323351e-20
-3.279787178473633851e-22,-1.340674394792490602e+02,3.912500551569976004e+00,3.153963795108240520e-20
3.445644389921761335e-21,-1.624070127467318798e+02,3.659868454905176538e+00,-4.861075423828865672e-19
2.694136874274630048e-22,4.885572314727069454e+01,6.116247166688702386e+00,-1.297941892270379249e-20
1.517204300249531834e-22,3.485294791189273411e+01,5.863451976931025378e+00,-4.828901704546049983e-21
-4.511338482052677364e-21,1.676661684069145863e+01,2.842057269657748186e+00,-7.227191881218539018e-20
-7.155114374538250983e-22,-1.709576796160791901e+02,2.112548511749961389e+00,6.307396977719828415e-20
6.186717614343164013e-22,5.013593246411117832e+01,4.453523639247015886e+00,7.940027014928076928e-21
-4.245190056230387279e-21,-5.724496831573235767e+01,2.194355940044671271e+00,1.419038502105225308e-19
1.145689045015944374e-21,-3.214422446095510111e+01,6.284804832348677150e-01,2.979039398787643417e-20
1.286253529348040618e-21,2.454328162823142350e+02,4.922618468881897691e+00,-6.587931471150732737e-20
-5.517156148669342136e-21,-1.078946613024874495e+02,6.172030193528449615e+00,-5.915980512222855878e-19
-1.431184269171424200e-21,1.904266648346472124e+01,6.009603551227934659e+00,2.623998691153094302e-20
-1.146508190692963351e-22,-1.863001895424317240e+02,3.981091259891827328e+00,1.426462471893217208e-20
-5.495425416242669011e-22,-4.853731867499021178e+02,6.072280541864760295e+00,-2.608229153469726747e-19
-6.020608850207646694e-21,-1.368141854698297095e+02,3.706329449365994289e-01,-7.677737271302864899e-19
4.180054607353824044e-21,1.328048040182789578e+02,3.666678929254615138e+00,4.803444260704650623e-19
-2.827172820631496839e-21,-6.618357474974403942e+01,3.126656699216538993e+00,1.870915333194968451e-19
-4.750331769819757627e-22,2.273086989336499073e+02,1.013829623613583975e+00,5.707927922686183247e-20
1.346517017590568178e-21,1.168426351667135599e+01,3.137930680084872304e+00,1.573295417277050544e-20
-5.685336629636245388e-21,9.846271436129129029e+01,5.501960482623609927e+00,3.974824019453752368e-19
-1.449702873054896202e-21,5.699561784141670984e+01,1.059376302235219836e+00,4.043884038341672777e-20
-2.558418028693513997e-22,-1.306723498607851397e+01,3.396326976231042183e-01,-3.152174797308642651e-21
1.213602058109494117e-22,6.186090641151862712e+01,5.315749744608138982e+00,-4.259826335131271211e-21
-1.337270074954793490e-22,-4.580528693294694449e+02,2.035055827349475877e+00,2.742715798190518576e-20
-9.290257711620477312e-21,-1.880601177263179480e+01,1.797416643464935904e+00,3.925541706990199830e-20
-3.206404189760618310e-22,-2.043723491166561246e+02,1.745091142438585763e+00,1.136380467220392641e-20
-9.023496838727062848e-21,1.998726433507412139e+02,3.576229214168452408e+00,-1.635861733387237881e-18
-2.407798033685379237e-21,-3.831972212837884229e+01,1.073693192002808938e-01,-9.173483234173397770e-20
-3.548477659522606812e-22,2.827190099833068189e+02,4.804676259760221946e+00,9.245327033180200257e-21
1.679518863094937805e-22,-6.828675420446856492e+01,3.722217313676128292e+00,-9.589369432821919855e-21
-3.426738600318767440e-22,-3.056343778765281982e+01,1.581411757275861252e+00,1.111764066106289473e-22
7.938308696004677324e-22,-1.014624154104016895e+02,2.873618907002656986e+00,-7.766933249229063678e-20
-7.739507638649177041e-22,7.337710753402963348e+01,2.407575552912506189e-01,5.515230210940449132e-20
-1.821481712191818599e-21,3.917903785153652052e+02,4.694879244535604457e+00,-1.249499204969442463e-20
1.138779072418134317e-21,2.454511162732219418e+02,5.667215309184443495e-01,-2.358168521300452641e-19
1.089302117375988592e-21,-9.612811603729450383e+01,4.964971122102787016e-01,9.206920436294548257e-20
-2.945062056955173852e-21,9.351868730301811183e+01,7.083822522985893100e-01,2.091569230875990293e-19
-5.989258942094123657e-22,-2.588268898363896255e+02,4.565882233284508374e+00,2.263004219938932047e-20
2.821564240233679826e-22,-9.957518351278860109e+02,5.326406728666134072e+00,1.618754996913405746e-19
-5.644809120442702700e-22,-3.380554597390607796e+02,1.405116182297760641e-01,-1.889451650325015046e-19
2.852363487014504704e-21,1.420904606834729691e+02,5.563792116664161291e+00,-3.048641923072533726e-19
-1.693527641096988424e-22,-9.246477555353737898e+01,3.161530682971840367e+00,1.565605297090974037e-20
-1.033805474947073732e-22,-4.746293576606721132e+01,6.053646724524966771e+00,-4.778047664875508845e-21
-5.898208835702744331e-21,-9.476837094288787000e+01,3.581879576152673383e+00,5.056549528585033881e-19
-3.506383900821746250e-21,-7.691801760953018174e+02,1.330033837622145665e+00,-6.430910615788369534e-19
-4.901857247532857928e-21,-1.047966885553754963e+02,5.116729280024063797e+00,-2.020952937555304890e-19
3.368686254358004014e-22,-8.457110326616276552e+01,8.590996371674364251e-02,2.838428281427000631e-20
-2.668156519378802353e-22,1.720111708072376473e+02,4.947931175659197045e+00,1.071059098099540789e-20
-8.227340907558697844e-22,-9.125692862036463282e+01,1.294073997212542348e+00,-2.051221820794358333e-20
6.102010588962891977e-21,-1.779925431456794911e+02,5.049043988179748865e+00,3.587773773856931306e-19
-1.151156912222928067e-21,4.407710987456549105e+02,3.370299980030752263e+00,-4.941842300936721827e-19
4.915749633460011565e-21,-1.008076607200710839e+02,4.321497584793508651e+00,-1.888090345215584960e-19
-3.124127624637927249e-21,-5.452434510026872658e+02,5.581501752562329166e+00,-1.300990605057025089e-18
-5.929662572664156630e-21,-7.662587373045812456e+01,1.788450455962919072e+00,9.811556396275139275e-20
-1.025352319260429201e-21,-1.362252413512384805e+02,5.160235722944642944e+00,-6.048452984476347901e-20
4.352257450290068781e-22,-1.529163912680964188e+02,1.934413313939850498e+00,-2.367009699980719196e-20
-1.512185315291815443e-22,1.673752690024809908e+02,5.446897129624339584e+00,1.696348645345665491e-20
5.680602968267320884e-21,5.104083618551953094e+01,2.805698267558490056e+00,2.737395330338318909e-19
-8.834868538055731703e-22,-2.082616259004826631e+01,1.247067441172878682e-01,-1.825675267792574368e-20
-1.303834471718084848e-21,2.894640915030906214e+01,5.165581829475423881e+00,1.652459819740725863e-20
2.036101834286098038e-21,-5.526809492787604938e+01,5.423705079032004051e+00,7.346406383839143427e-20
-1.014263415457193479e-21,-1.357046933308360437e+01,4.912877165311835270e+00,-2.741075869075167230e-21
3.458258180511159985e-21,3.307983850974196116e+01,2.753809483639527489e+00,1.059044786391262649e-19
-1.956685835861705372e-21,-1.160922498598074810e+02,2.582198045361114414e+00,1.925321462498435916e-19
6.741920564382944353e-22,-2.909721098778185819e+02,5.047587964603733823e+00,6.453186854202048616e-20
8.348918930747722109e-22,-2.325339107746233935e+02,5.973145466149346383e+00,1.848843242560690480e-19
-2.519047781313195662e-22,7.070694279141146410e+01,6.008499750512288351e+00,1.714367627273823132e-20
-4.067896326301530840e-21,7.405803792808837898e+02,1.724623268137197130e+00,-4.615942223206114223e-19
-7.271176642640915819e-21,4.062469905548751967e+02,3.720618666846965183e+00,-2.472397214186528251e-18
8.964121229957588247e-22,-2.068145894535167031e+02,5.410944030087640577e+00,1.192272177782221509e-19
6.650177875931453601e-21,7.005711353404969088e+01,6.517800102575469490e-01,-3.703868210482694333e-19
3.517597792296446975e-21,5.669708835201539188e+01,2.704521019343036237e+00,1.806894433567153661e-19
-4.640905987951262812e-21,-9.574759183032259102e+01,1.045461983185209248e-01,-4.419294006154070798e-19
1.125587055393830389e-22,1.573635845335825536e+02,4.476182001968310509e+00,4.145052455809762368e-21
2.723833936887911963e-22,-7.172016611029242767e+02,6.028269015600643543e-01,1.609200017638147023e-19
3.420032335490380891e-21,-6.948632442106221561e+02,5.136642460960554324e+00,9.782451670045723833e-19
-2.266476882164990679e-21,-5.743875295187486927e+02,1.940353948253856764e+00,4.702270307136458014e-19
-9.906948669470862850e-21,2.018393339166648914e+01,5.945823770932652685e+00,1.886896349383423379e-19
8.812459784054363402e-21,-3.827645302311578916e+02,4.398263717922369587e+00,-1.042235223671841300e-18
5.596921102657415658e-21,-5.581195612554920871e+01,2.142934165332505358e+00,-1.691294654918469107e-19
1.128872630219112366e-22,9.321424866022517790e+02,3.911907219229964205e+00,7.552054975161183975e-20
4.655714632061482188e-21,1.056968876978319827e+01,5.651700495247890643e+00,-3.971950230636597161e-20
1.420121120816316638e-22,-1.910638234103164734e+01,2.924943977215133550e+00,-2.649908898634549857e-21
-4.881115269154831597e-21,-4.001436345846804699e+01,1.324346081135099107e+00,-4.764956645031997762e-20
-1.468213654139070061e-22,5.701349163302050016e+01,6.277666480307693142e+00,8.370671212306550389e-21
-8.735004185477997373e-22,1.306469333785510685e+02,3.794492440482774231e+00,-9.064855082824156258e-20
6.070997214121482539e-21,-4.233051387579503739e+02,6.157750960274809060e+00,2.549693820379961276e-18
6.029964826840560858e-21,1.449290791810181389e+01,2.801669567699572649e+00,8.239119780004107501e-20
1.370884129217107878e-22,-7.519366273681434620e+01,2.219525869534043405e+00,-6.227939708742351057e-21
-5.081898318031842495e-21,8.918821119885821247e+01,2.898145137040351038e+00,-4.398804460326650461e-19
4.020016902863843854e-21,2.847798836866410284e+02,4.229298303595989239e+00,5.317899070305286588e-19
-6.044061843312708684e-21,-1.048823368564886920e+02,2.780855051880477546e+00,5.931144673307900833e-19
5.340145593397775195e-21,3.610404073928565793e+01,6.148937459671753203e+00,-1.910660667810648296e-19
1.540449976166991474e-21,-8.229787024666657089e+02,2.774120795906565462e+00,-1.183120230712372072e-18
-5.266090293864077201e-21,1.342782951288922959e+02,3.641739723253277994e+00,-6.205077435716058620e-19
-1.664965893964918217e-21,-5.092832934381185055e+02,2.809470759405908957e+00,8.016016599043236532e-19
9.521219902985253759e-22,2.300324305692172899e+01,2.126456409380104162e+00,1.155334061985958065e-20
-1.026895532114493310e-22,-1.345171987510162204e+01,4.413847169272002269e+00,4.062924239571450475e-22
2.808654732388352285e-22,-4.574538289773296924e+02,4.097870177824160187e+00,-7.407884767665010893e-20
-3.055976433523903730e-22,-1.024854616066528301e+01,4.002693473561510729e+00,2.040775447954756970e-21
-4.612957606192357056e-22,5.728361950194656629e+02,3.356886328840030798e-01,2.494976194785912181e-19
2.004535475833845786e-21,-1.312832735663052119e+02,1.550117697002036055e+00,5.441441326481527596e-21
3.288052696173437310e-21,-1.916732085627897675e+01,4.410655417420902502e+00,-1.872896445404945787e-20
7.138938860853566037e-21,4.001114052082709094e+01,4.349583732856457274e+00,1.013721064988625375e-19
7.899972777532958875e-21,-1.024326689916301802e+02,6.085112793639832596e+00,7.933932678049001990e-19
2.180038562610706321e-21,1.408452681782193281e+02,9.023245485223915230e-01,-1.903045562654975207e-19
1.638773307466995960e-21,-3.088064751033446242e+01,2.633731664832170249e+00,-4.421918388977320680e-20
-1.217531176215982198e-22,-7.869896635563765130e+01,4.635526896619491133e+00,7.357555885073940118e-22
-1.705654133342130057e-22,-1.294904519610842009e+01,5.380392470911771419e+00,-1.368087363616880686e-21
1.167175652367903261e-21,-2.180695466878993116e+01,4.309148452223682035e+00,-9.987605136248718713e-21
-7.432782837670296186e-22,-1.341147247736828163e+01,5.919406207704249745e+00,-9.316109149222510962e-21
3.418231904474063173e-22,-8.874071656919858242e+01,3.765835184925114820e+00,-2.461289574394157674e-20
-1.976639621580203025e-22,6.097580210441813620e+01,4.666208318569721847e+00,-5.564047044914633819e-22
-7.376844848378040207e-21,-3.093020788912779295e+01,6.063536984995930190e+00,-2.226854270180376946e-19
1.429889816540012742e-22,2.938691910938537148e+02,5.054099724624838252e+00,-1.408089632889447003e-20
1.326478652770789597e-21,2.811756139669354226e+01,2.244945338277075209e+00,2.328222301478472066e-20
-5.527674678652723835e-21,-1.700204569686377454e+02,2.393319639184546155e+00,6.887595136005666305e-19
-1.845905088771132042e-22,-1.251987505810935062e+02,4.261993316642455731e+00,1.006050433592756859e-20
-2.736907453794780253e-21,1.711074489135783949e+02,2.211151839072880154e+00,-2.798032837147021849e-19
-3.464325774425551585e-22,1.816393051011603461e+02,1.280532843918248620e+00,1.800965162825906219e-20
1.221602139359088866e-22,-1.676089428384456994e+02,1.644151895464650792e+00,-1.500619194253267420e-21
-1.313628995396233172e-22,3.789214078968518038e+02,2.406030616098238539e+00,-3.690676071175816734e-20
-8.650183779302600716e-22,-1.786231826132096501e+01,2.309878560192928920e-01,-1.504085979061185693e-20
-6.216270768352635323e-22,-3.086070965215600381e+02,3.543182742423989229e+00,1.765759730299966154e-19
4.091151335299755238e-21,-6.161066959894769752e+02,5.282681757789530863e+00,1.360810082379855364e-18
-3.303696857569579248e-21,7.677579138803105252e+01,4.800057825169449011e+00,2.220819768389842341e-20
-3.453425892150107177e-21,-1.610260404159187431e+01,1.243659939309302409e+00,-1.786903293195491900e-20
-2.029426088141206543e-21,-3.105724073945488328e+01,2.983214258741989866e+00,6.223953265380397206e-20
-3.570567561079306674e-21,-3.046042170385331360e+02,2.458459605888174693e+00,8.435490344784986426e-19
-1.603535891392977208e-22,-5.245477206761257776e+02,4.482116157795770217e-01,-7.580471509994260983e-20
3.817058737419984906e-21,1.557071757334710860e+01,1.691664731323970550e+00,7.166255652104516644e-21
8.282417299531651224e-21,-8.431034204607489073e+02,6.097532065214084085e+00,6.862938768276300032e-18
-7.101631326150816473e-21,-8.228289816345114787e+02,3.616046134330462181e+00,5.197977809025129868e-18
9.755876367054368867e-22,-1.225592289933403833e+01,2.218102219021401478e+00,-7.210378304439794483e-21
-3.769520817230194040e-21,1.483534099833417841e+01,4.488594341997481862e+00,-1.241086586162723754e-20
1.916460916753319965e-21,-3.221887571968985071e+02,2.904968507602613048e+00,-6.002565086055435498e-19
-6.821874385874612513e-22,2.866685844643572523e+02,3.948414394566933439e+00,-1.352889866060427226e-19
-2.119343941733847492e-22,9.058298108187148046e+01,4.618026491342184792e-01,1.718671004126256797e-20
9.023991597395184457e-22,-1.411011631413142986e+01,7.365768050318542981e-01,9.432223785441858553e-21
8.804105172013177547e-21,-1.543880804248889760e+01,2.352300406849893388e+00,-9.573840985145357434e-20
2.506723279430554432e-22,-1.539648626550047261e+01,4.075221102168763210e+00,-2.296083176438104487e-21
-2.306784281873018445e-22,-7.685948175563936502e+01,2.364101164565364233e+00,1.263561120791288646e-20
3.235527701160042488e-21,-5.866065278035216579e+01,4.228264872232106342e+00,-8.833838743485437765e-20
1.174489086195516536e-21,-3.425264148908365769e+01,5.262203780447728185e+00,2.102101728390943637e-20
-1.281033721417345185e-21,-6.614459011701121653e+02,1.431204209607357170e+00,-1.178974543482426374e-19
6.186267402553182211e-22,1.531135917489991414e+02,2.137385003309558940e+00,5.084170229566681739e-20
-1.781110063784522395e-22,3.419270364167517187e+02,3.495346388409885652e+00,-5.712991666361420984e-20
-9.438677962822812687e-22,-3.313941891426315465e+02,4.960314043987328780e+00,-7.675704050633298056e-20
-9.744193457532380580e-21,4.035777991636472706e+01,2.295485235282543890e+00,-2.606890928010315470e-19
-7.257936671856161367e-21,1.021356473898747907e+01,3.748270927602148639e+00,-6.090074677485442908e-20
-1.792088188781970797e-21,-5.597408362584532142e+02,4.104020444030767933e+00,5.733040378986576736e-19
6.721494931866058041e-22,4.433502198909513226e+01,1.372241967994035194e+00,-5.878071676728548919e-21
-3.437016639248394016e-21,-7.307404943697995350e+02,1.418972730939376703e+00,-3.798519452711789529e-19
-6.486135314301833289e-22,1.501709496591977597e+02,2.032132029162496245e+00,-4.335837648104767315e-20
-8.327176739316623444e-22,-9.712207381734236833e+02,5.894602087518132194e+00,-7.484575537967795102e-19
3.773854828014471057e-22,7.508048487161303228e+02,3.636706995726064484e+00,2.493174507214779685e-19
-9.892193760656915821e-21,-3.212586251629890626e+02,3.277273279058253941e+00,3.148745581930264872e-18
-8.667999978708262709e-22,-4.469480695862915809e+01,2.322041102120028899e+00,2.644294458287349949e-20
2.624173833996530110e-22,9.371690628471759510e+02,1.253653186962521371e+00,-7.669394790946837900e-20
-4.551636650944145887e-22,-2.677736908757413659e+01,4.306530228431824092e+00,4.811952374542731626e-21
5.406765035817620816e-21,1.799625451901756037e+02,2.182477862931518242e+00,5.587490313879087690e-19
1.085457721841395053e-21,1.746510419192609476e+01,1.566530450402241037e+00,-8.087067041904862342e-23
2.790449659174973229e-22,-2.776684596266634344e+02,1.677608662457406030e+00,-8.260304152909313466e-21
-3.320528094253177607e-21,3.182664510030969041e+01,3.444228806089544292e+00,-1.008784924277579860e-19
-2.297854071058780526e-21,-1.101530700408959085e+01,1.660029740110853913e+00,2.255641367279476225e-21
5.535614210893267253e-22,-8.996113363656654371e+01,5.317663985090113954e+00,2.833505308192506965e-20
4.985101934875851274e-21,-7.879345446186392792e+02,2.378452530047558522e+00,-2.838596711257407088e-18
1.699980953224546302e-21,1.483835622978858169e+02,4.952569687203751236e+00,-6.000458007978881053e-20
3.490941706226328722e-22,-4.897286934333106956e+02,1.477724328860103853e+00,1.588875972467548902e-20
-1.742588735707051147e-22,-4.296315230806290231e+01,4.309130821105367382e+00,2.937914232504350005e-21
-2.198648928162164202e-21,4.270683425897631764e+02,1.408574326265686905e+00,1.516549300770852619e-19
8.570881906903917372e-21,-7.156240490587946113e+01,3.996137653221569774e+00,-4.027040808551820539e-19
9.501600667231997937e-21,-1.128651725815186957e+01,4.757320325572828246e+00,4.816815454995080127e-21
1.168279499459344916e-21,-4.347983213449415985e+02,1.666012178030710889e+00,-4.829336278069225362e-20
1.694884014512286611e-21,-4.428188822325796536e+02,1.204544769825047101e+00,2.687771938403378709e-19
8.306416741658192094e-21,-1.184847274866136324e+01,1.874832496819644811e+00,-2.946386528168251562e-20
-5.259141003353217443e-22,-1.038191623577487519e+02,4.920829689942566532e+00,-1.129862186387061037e-20
-2.232455873196074199e-21,-1.897464440070491207e+02,5.999863750039132526e+00,-4.067125439317497888e-19
2.246462321530218235e-22,-3.857601097526866596e+01,4.378194020092580629e+00,-2.842509458740842429e-21
9.767626438666905272e-21,1.537128812230913013e+02,3.098876875721891633e+00,1.500040446231599096e-18
-2.326706116224049237e-21,-4.234295947082220550e+02,2.230025962829321529e+00,6.034406583401299556e-19
-1.415151269777678400e-21,3.910474754107256672e+02,4.456007733562118212e+00,-1.403299419337368268e-19
-1.071802815565168493e-21,1.499977848617754539e+01,3.419212858615047423e+00,-1.546123016433100255e-20
-7.686188369925137445e-22,5.566647578068992175e+01,6.101966023556009588e+00,4.208566221960051910e-20
2.218980556312322620e-22,6.749320859426454433e+01,5.144863403611818597e+00,-6.276977897999833666e-21
-1.408799218777141676e-21,-2.236406324759109765e+01,1.110249874239336521e+00,-1.400266492062256486e-20
1.452647052937145685e-21,-8.421671592196123584e+02,4.156017622726774441e+00,-6.460727447828003108e-19
3.627014756420371320e-22,-4.759639137963854694e+01,5.310195367548684153e+00,9.716303877096096566e-21
1.569541333464842571e-21,-2.288294447629364754e+02,3.000884382396387995e+00,-3.556076894779989644e-19
-3.990790293505282631e-21,5.741864607779144762e+02,2.219048116590841779e+00,-1.383567892977093273e-18
-1.241401265429750592e-21,1.086524074458729494e+01,1.120722798765501071e+00,5.867761897167664264e-21
-9.755843216325974090e-21,8.591788415039055735e+02,2.100997282597676010e-03,8.381995572603896983e-18
8.301596575048730506e-21,1.246856770387905300e+01,2.643307151125207644e-01,-9.991389987767706778e-20
1.940885568271099805e-21,-5.389290848520106181e+01,5.741288114891294647e+00,8.961411113118151092e-20
1.561616075521292346e-21,-4.258070238310141349e+02,5.446244452400812897e+00,4.453401174297843471e-19
1.302347192361455186e-22,-2.667943573388424383e+01,5.373284481041352478e+00,2.132786164171258134e-21
-1.687437452230736240e-21,-1.625163047841398338e+02,2.904776187841311863e+00,2.665821110262555835e-19
-1.022426137724411978e-22,1.752925876842807895e+02,5.479794230325642168e+00,1.244296721008462324e-20
-2.902957695824091055e-21,-3.084695394174200374e+02,1.099695634910607733e+00,-4.064264245093094057e-19
8.462277740889668729e-22,2.331818736240177827e+02,9.179656572094163636e-01,-1.198625771072308665e-19
-4.016827121171899960e-21,-2.588020056494016785e+02,3.004059039647415830e+00,1.029746479968151338e-18
5.201686125024304047e-21,1.277981318527339560e+01,1.668585350150916025e+00,6.490323819126203262e-21
-3.956619369199644737e-22,-3.861979748984519034e+01,3.175186859523621230e+00,1.527176219262970567e-20
-9.705658061160969177e-22,6.625230537966028521e+01,3.012852636571565490e-02,6.427303991841026397e-20
-5.015792306342339715e-21,-2.599681756380437605e+02,4.336191665121363670e+00,4.790521349487050424e-19
3.454290611419876445e-21,2.487807298744505502e+01,5.663195313763308647e+00,-6.994203516040028815e-20
1.314119233641006752e-21,7.737858481636752117e+01,3.678719987079740239e+00,8.736566068009833797e-20
-2.919077479116702438e-21,4.992173209949608008e+02,4.722872719769464211e+00,1.527719170805026698e-20
2.588366634564836594e-21,-4.656857217419602080e+02,3.809887945986707880e+00,-9.460661293770456634e-19
1.620062786752889177e-22,3.168665072915296577e+01,2.682154842432054487e+00,4.601108968512791169e-21
1.918555367793432844e-22,1.117924400200793045e+01,8.388132933148244597e-01,-1.433468467803626380e-21
-4.962221706303907757e-22,7.627918251261523608e+01,4.889941244174469404e+00,6.685350230468983230e-21
-2.334953873275811229e-21,5.348753653733956526e+02,2.117083753014219749e-01,1.221025357552706957e-18
3.475997496363959943e-22,5.777137609122700042e+02,2.595422940743859375e+00,1.715989217048946329e-19
6.913416040216829968e-22,1.426168815366894549e+01,6.527056153373909098e-01,-7.832973130693312743e-21
2.722484767803404556e-21,2.134599186306962224e+02,3.237822033388778387e+00,5.784527409668524758e-19
3.051769601502620398e-21,2.196450581519068237e+02,1.206936027801433831e+00,-2.385515158835318095e-19
8.761822628067875100e-21,-3.116903949903099758e+01,6.191301588813457712e+00,2.719455771270516101e-19
-3.379819483155767074e-21,1.257706905994670166e+02,3.500249579103774433e+00,-3.980338698322350408e-19
5.795751767578757204e-22,-2.975308254041448777e+02,1.176617090624965778e+00,6.622623639021550991e-20
3.667260838790607087e-22,-1.761918390249844535e+01,6.090517026146137880e+00,6.341857545460352984e-21
-3.411432335062959316e-21,1.536716027958179431e+01,5.077804596253001179e+00,1.873307093360709671e-20
1.071982994370706533e-21,-5.486500709937497504e+02,5.194085135528972330e+00,2.724769014448559241e-19
-2.922327700525675508e-21,-2.262647611298370123e+02,1.854144140327895096e+00,1.848582241731466674e-19
-8.140959483019368458e-21,1.131422246487278898e+02,4.160797741409426820e+00,-4.826889365230758385e-19
-6.487217743209104110e-22,-6.061161501784258121e+01,4.093029744292783434e+00,2.282583550143558886e-20
9.131449291882857544e-21,-2.531243326011881720e+02,5.239379232267084241e+00,1.162478144505383666e-18
3.517908495264987842e-21,6.114176228423971224e+02,2.400769392619986231e+00,1.587185789351245176e-18
1.917346525308498170e-21,-6.675209696884020616e+01,4.647215497243924354e+00,-8.335448302840207875e-21
-2.949152184864938192e-21,-4.433459684719456817e+01,8.593086229257708153e-01,-8.537434167348094416e-20
2.371036492734545003e-21,-4.477737216711003043e+02,4.930882080408529156e+00,2.301301767726977338e-19
-1.411180419015928934e-21,4.427655248370403456e+02,3.016420986404577231e+00,-6.199335874694114782e-19
-5.413471933690374127e-21,-1.476843252906389736e+01,5.079502389016514741e+00,-2.869532817326416710e-20
-2.304047794908002738e-22,-1.870282823026412871e+02,5.142553284622071175e+00,-1.797031966708707098e-20
-4.330128545244706777e-21,4.810453617416526981e+02,4.981301901902161156e+00,5.534157857701906357e-19
5.895788935977278812e-22,-4.174542321154546585e+02,8.573764581661843520e-01,1.610681425993362247e-19
-4.863675434494690244e-21,1.400077764962640288e+02,1.214389436799115041e+00,2.375905419021043026e-19
-1.862635135098149343e-22,8.058957624557990584e+01,3.157850029834907146e-01,1.426865195460398093e-20
8.542066514465970456e-21,-2.290792509566573187e+01,1.558855134274277077e-01,1.933082774927399032e-19
9.263390034507711467e-21,4.217989602369560203e+02,4.097218649217546194e+00,2.254886831911727768e-18
6.822898845389862856e-21,5.790906398515762703e+02,5.589203374018914872e+00,-3.037213558806370211e-18
-9.448411424806309770e-22,-2.170909154995508175e+02,3.419584789410835324e+00,1.972416777242971537e-19
2.996842308208501905e-22,1.289892987211973541e+01,4.993953829576459391e+00,-1.074094219982845680e-21
-5.433108116601408135e-22,-4.995485412627351138e+02,5.529294991190613295e+00,-1.978665425557650688e-19
-5.309558933145165149e-21,1.364905916980554856e+01,5.303360675262992707e+00,4.037824776611533254e-20
4.403242989048571525e-22,-4.548680034325817445e+01,2.532816414212291090e+00,-1.643071286264581320e-20
2.431348802917945038e-21,-1.685217039322764165e+01,5.513880793590604235e+00,2.943514622991512190e-20
-4.274996701506476496e-22,1.785320335045984663e+01,2.106423228165676953e+00,-3.895343760848290629e-21
-2.858911304283681701e-21,1.855341983047131009e+02,1.649798222766166722e+00,-4.186106889794310010e-20
-1.965696663253877291e-21,7.554950718007501109e+01,5.089271523993646795e+00,5.465423322065402093e-20
3.320499901947982536e-21,1.648613995632916485e+01,4.542265686120491530e+00,9.268070444059331144e-21
-6.123188140149981145e-21,-1.722581836044636105e+01,2.140275665150632278e+00,5.687248698943924532e-20
-9.676823683494423763e-22,-1.303321321422312273e+01,2.718242430912680696e+00,1.149859370647161797e-20
-3.291492974734727445e-22,-2.317418723829829119e+01,2.825036418582907327e+00,7.248767181948344069e-21
2.434870079379233452e-22,-3.001040659297666835e+01,2.645389205857033410e+00,-6.425876201126623708e-21
7.961204850197507272e-21,1.861549180416967175e+01,6.067939252776959336e+00,-1.447818208723347048e-19
-1.727957773109145596e-21,7.182259974145133583e+02,9.008602689634606087e-01,7.706212713674877395e-19
8.796294827346646101e-22,1.598801765267970332e+01,6.280938311225226833e+00,-1.406349619447306224e-20
-2.317528728814029504e-22,4.170647430506427611e+01,6.252699222642047694e+00,9.661103977184445426e-21
5.504578449314419722e-22,4.596100072429736372e+01,7.176491645469966763e-01,-1.905954369959740249e-20
5.379193301432737500e-22,1.111020344961735020e+02,4.780918474288197828e+00,-4.092387082151509622e-21
5.467832279928927959e-21,3.651553112012467750e+02,6.260800503744384571e+00,-1.996107789067647412e-18
-1.367156350433936301e-21,5.141147221450988809e+02,4.281833244255849991e+00,-2.933631603532705846e-19
-1.171404778490443796e-22,-6.385646298243946006e+01,1.215010355054917390e+00,-2.605549126608624529e-21
2.594472597797507004e-22,6.378371780432524218e+01,2.408776005509706497e+00,1.230039409084449161e-20
-9.640134102407193302e-22,1.011958741162841058e+01,1.209141585665419738e+00,3.451685567679176220e-21
-4.351672067732330239e-21,9.316866361409392994e+02,4.072596864186613708e+00,-2.420589945421358191e-18
-1.470639719688402132e-21,-1.668929088490583013e+01,3.297328860764360048e+00,2.424689374017935594e-20
-7.404636643103773304e-21,-1.247702346987675881e+01,3.825681609442593833e-01,-8.570901605076969873e-20
-8.033335280898706640e-21,4.352582907218855013e+01,2.678212235251672180e+00,-3.127850154585130390e-19
9.500455028764211025e-22,-1.066348970792872706e+02,9.777159713491342385e-01,5.662286437491237384e-20
-8.823703189552462976e-21,-2.035381181099575372e+02,1.781826798679659651e+00,3.761954588767183744e-19
-1.218696253131829515e-21,-3.900149379397631719e+02,7.194214549866849717e-01,-3.575218514168809753e-19
-3.047920945316302073e-22,4.937216819770791858e+02,4.765003091695116488e+00,7.913848768974931562e-21
-1.731435319047820355e-22,4.542639174965199800e+01,6.014316435799917038e+00,7.582701817301871515e-21
2.734620849561139200e-21,-6.395123122142891816e+02,2.561825368878645648e+00,-1.463048702534828206e-18
4.330943342017002001e-22,-1.761987687777752853e+02,1.901854087003022331e-01,7.493474585419953373e-20
-9.463012166015713539e-22,1.949700034512131026e+02,1.039032243334463868e+00,9.355175513986031452e-20
4.634662272163140844e-21,1.316844581155798153e+02,2.730225237944408967e+00,5.593975682141286239e-19
1.963986144884483898e-22,-1.870182872646009287e+02,1.740656377995321469e+00,-6.209023798741425594e-21
2.478511792728284174e-21,8.573820983505294180e+01,2.745000872024089489e+00,1.960092773213480860e-19
-4.572671355595065293e-21,1.024527755305290952e+02,1.006753559363613437e+00,2.504542710450267241e-19
-1.564243745826998065e-22,6.092625939035686855e+01,4.704091211612265511e+00,-7.907974990188532025e-23
-1.168439630236727936e-22,6.966968639469411073e+02,4.154529822393720373e+00,-4.309336396663809252e-20
1.961425998745547110e-21,-4.758767294388155733e+01,1.366397118346143413e+00,1.894599050141813732e-20
-1.140649122489577981e-21,1.265232213792278770e+01,4.129218988506314081e-01,1.321889424220292327e-20
2.136065689488145342e-22,-1.727881167692796680e+02,2.737832376951724545e+00,-3.394085616886378266e-20
1.376842276732987325e-21,-5.081841163737773286e+02,3.629723877291324730e+00,-6.179732216723810916e-19
3.826783693811034078e-21,1.332315660715788042e+01,3.169092443266589232e+00,5.096556132209973350e-20
1.901546097782836089e-22,3.602694086154487536e+02,2.801568094994157487e+00,6.458462795760548541e-20
-1.866205404695273049e-22,-5.385081880607111771e+02,1.061315019874981003e-01,-9.993122806389732778e-20
-6.359220851259682215e-21,-1.358170235486958966e+01,3.571342811822688090e-01,-8.091937385413631394e-20
1.339796123691387501e-21,-6.535259087022606650e+01,2.145298989012082380e+00,-4.758116113011466282e-20
-1.987313281777075336e-22,-1.973971553371475451e+01,5.808470368139051487e+00,-3.489117600263250710e-21
-5.352482239608406480e-22,-3.690234306172818179e+01,5.937982527070358785e+00,-1.858668605601921218e-20
-5.163111384235199937e-22,-1.145300319115520082e+01,5.414052689961854625e+00,-3.816980168583663241e-21
-2.211002144975858672e-22,1.814360268214475624e+01,1.991743629255592340e+00,-1.639222403274713844e-21
1.439553238835542516e-22,3.919788209299236996e+02,5.367806019745750667e+00,-3.439195489084130575e-20
-3.677568731237483118e-22,-2.977297655667038043e+02,5.833482787961806082e+00,-9.860606831890777610e-20
2.908080577336836707e-21,2.285699998171144998e+01,4.330863763484660289e+00,2.474920313755955284e-20
1.561739001674708479e-22,-1.120536002806056644e+02,1.098232697931737833e+00,7.965413500399987069e-21
5.530704972131569407e-22,2.746434301617137521e+02,4.673714136021605903e+00,5.873135363786392288e-21
-9.658307393324770610e-21,-2.329718672111333433e+01,7.028219441023829672e-01,-1.716884609435076800e-19
-3.576424515388529249e-22,5.762844941578104851e+01,5.484493124418013288e+00,1.437871374585976528e-20
-1.703357736981298664e-21,2.929107927711860881e+01,4.391880853286084907e+00,-1.571879114419443395e-20
-1.562940179919000235e-21,2.569727521503757828e+01,3.147343484400525249e+00,-4.016263980835042412e-20
-1.491431303409209642e-21,1.411006097444243679e+01,1.700682161861422292e+00,-2.725662837626880537e-21
-1.179191084395579096e-22,-1.774896943142151429e+02,4.995297205857911038e+00,-5.842437728817656967e-21
-1.060758528113214538e-21,9.262745023171003140e+02,5.680643700671660135e+00,8.095237818867330477e-19
-3.491033841194338523e-22,-5.496091314646135118e+01,1.731920987377723598e-01,-1.889999688308639666e-20
2.370838059160031233e-22,1.920284187589338671e+02,3.784743137644446698e+00,3.643103815111562700e-20
2.196196586344698480e-21,8.529186018802671754e+01,6.695244881859578889e-01,-1.468789612628565831e-19
8.503874034084413629e-22,2.617263415309024666e+01,4.156769562429382781e+00,1.173982769553208131e-20
2.473742016450746003e-21,7.786370448977650085e+02,5.518106649687902987e+00,-1.389383661066766617e-18
7.182604552095174371e-21,-8.859694333753449769e+01,1.211833850272793667e+00,2.235540743050465730e-19
-7.595962289748256941e-21,4.829210250342839004e+02,1.158568621419286293e+00,1.469689500763711621e-18
-3.035532524081614260e-21,7.562287326798136746e+02,2.318559958619860417e+00,-1.560980379670078287e-18
4.019424020725606623e-22,7.301419548281420191e+01,4.586433653899072205e+00,3.686707898936590221e-21
2.660469644088397263e-22,-1.862216392037708701e+01,3.532630047911598403e+00,-4.580385371727734953e-21
-2.148224235525355884e-22,-1.699367063938981346e+02,5.641520505823612863e-01,-3.084929607021353312e-20
-1.660482679739820171e-22,-2.182991765774224291e+01,2.240560704620043531e+00,2.250292920999891646e-21
4.941560207515211080e-21,6.686417835486879540e+02,5.157452119982498751e+00,-1.422478660195396923e-18
-9.555984293165625245e-21,-2.539410658225508044e+01,5.202069313804153161e+00,-1.141363026363789670e-19
2.325133696255632319e-22,4.429585275320719120e+02,2.000937169771493274e+00,4.294828463377938536e-20
-5.108239555048349467e-21,-3.310881688360652220e+01,5.867762417337093694e+00,-1.547427298130508658e-19
9.265164762313569173e-21,-4.582117618414666822e+02,6.015735568760316454e+00,4.094474728117989627e-18
6.183936892829500838e-22,7.745190220351763344e+01,1.358810176760484767e+00,-1.007736545261487507e-20
-2.124224507612923445e-21,4.855402347788979114e+02,5.247011879202586826e+00,5.255136153916848718e-19
-1.638198943512325943e-22,-2.530261891360815696e+02,5.684519650563372828e+00,-3.424195805531273031e-20
6.245378741552472978e-22,2.849954762428074062e+01,2.891760784169796317e+00,1.724645775250603382e-20
2.520977657614348636e-21,1.853855600317782262e+02,6.126617984524312277e+00,-4.616363601695246370e-19
-1.471615429335757315e-22,-4.867475031453229661e+01,1.293763473448990675e+00,-1.959114916816472561e-21
1.536843907145756679e-21,2.902740850495466773e+01,6.109808758549259977e+00,-4.394178926160462045e-20
1.807520725181309691e-22,-1.988419915536643501e+01,2.001667695459204310e+00,-1.501125731531612894e-21
5.415741103198980431e-21,1.326739825646347697e+02,2.042025161096246766e+00,3.261984159227150596e-19
-4.384195396037050208e-22,-1.211475876909944134e+02,3.710919115116181999e+00,4.473557650082168178e-20
-6.681977411696059236e-22,-3.831651510936962950e+02,2.779771802269493719e+00,2.394531217316665708e-19
6.392987362521609954e-22,-9.199056715204716284e+01,6.185737035509286663e+00,5.853044207172004301e-20
-5.751364764445764254e-21,5.525486779713997265e+01,1.124968176248698937e+00,1.370330980405557665e-19
-3.572056315938883606e-22,1.726890774406018352e+02,1.224588388725067256e+00,2.093194128450839845e-20
2.586719045902383106e-21,-1.178949534120948250e+01,4.346950979782802094e+00,-1.089804205410744588e-20
4.264150765429295581e-22,-3.888505429993035136e+02,1.204819954461560094e+00,5.933758227481537643e-20
-1.868685996607835663e-21,8.744429375084527578e+01,8.530412015402064618e-01,1.074713106849672801e-19
-9.096122589795690390e-21,-4.083835629747026275e+01,1.518109111694409874e+00,-1.956270266857801784e-20
-3.545200161274269296e-22,7.645549081777426181e+01,2.947434138688305616e+00,-2.659570898624722230e-20
6.693548576111230810e-22,2.131085008674914718e+02,2.124514270797599469e-01,-1.394381111815902111e-19
-5.615952276239538513e-21,1.260849849426519569e+02,4.114239711689377188e+00,-3.987338715323016705e-19
2.308243948625062013e-21,7.137248278651604494e+01,2.112635787611640392e+00,8.496116457023761176e-20
-3.369137708636590470e-21,-9.706876142882445890e+01,3.313576554295078469e-01,-3.092476572793980472e-19
5.988608654276734527e-21,3.914208870834006859e+01,3.614114775680621894e-01,-2.192636684418707464e-19
1.078639106146286990e-22,-2.193514902854054327e+01,1.910168123019142739e+00,-7.876327063118041023e-22
1.771243049481496281e-22,-2.973554076063230056e+01,1.247890285611506389e+00,1.671308307591879925e-21
-2.953187359963323666e-22,-8.188043450021025365e+02,3.026408469862384543e+00,2.402059538901518291e-19
-2.864466070579144035e-21,1.370852055851642604e+02,3.567928721898061095e+00,-3.575263328057296314e-19
6.704977645370799325e-21,-2.817579524509030193e+02,3.343623617808785919e+00,-1.850756850523534551e-18
2.233491428027827913e-22,-1.832439942634216123e+01,3.516723154073279289e+00,-3.808129084701502270e-21
5.365840771285058894e-21,2.318349338607127095e+02,2.060253151552799977e+00,5.848573057978550875e-19
-9.819510588935474741e-22,9.306045685223620012e+02,3.648065876141810548e+00,-7.990893700363760918e-19
-3.348793149846333624e-22,5.788960455389892559e+02,8.883461096458736272e-02,1.930958812268094202e-19
4.406517206412186421e-21,-4.377414674183852128e+01,3.558529380552695187e+00,-1.763672339952446687e-19
-4.462015282254046553e-21,1.751924068177498270e+02,4.588122940687065499e-01,7.008659563974787712e-19
-4.432332391523767863e-21,-1.244537675757237452e+02,3.742511180702439599e+00,4.549857317698556095e-19
-1.258172555008389064e-22,-3.668400486511953886e+02,3.318017808348915132e+00,4.543836587023983752e-20
1.675157260640351226e-21,6.781635831084556685e+02,5.780425933998087906e-01,-9.514640133413062952e-19
6.521464054192279745e-21,-2.024559918598048398e+02,7.167644633887519934e-01,9.954278575202459427e-19
2.218916243142574025e-22,-1.221606225682811342e+01,4.741727974849590410e+00,7.951609886404522676e-23
-1.355472450931396956e-21,-8.541370364231524093e+01,1.229156267514207590e+00,-3.878873330171999239e-20
-4.806914097633632878e-22,1.299292881268595679e+01,5.674113908667910877e+00,5.122505094608773600e-21
5.838664207339830205e-21,-8.464513952815933635e+02,1.300081944282809543e+00,1.321627895971525341e-18
-2.302940687075343911e-21,9.231559060311974463e+01,5.420095070299118412e+00,1.382079175379381471e-19
-2.744716496194108111e-21,-4.578249867772325388e+01,2.847956117040483903e+00,1.202814389501320406e-19
-5.706353679240033927e-21,-1.557225840112583448e+01,4.281397620825790895e+00,3.712353416501905437e-20
-1.733973420338153681e-21,-5.647671719066447338e+01,9.952630603298495693e-01,-5.330108299287576013e-20
1.695003562760968764e-22,8.214581753895801057e+02,1.165362746672892413e+00,-5.491765038096219792e-20
1.211062249916426737e-22,8.795285400318023221e+02,6.124155682969066206e+00,-1.051722954665472780e-19
-6.490465023002008757e-21,3.638324466307482652e+01,1.780456530080881894e+00,-4.914811043366821355e-20
7.914818800163357673e-22,1.925560629707292719e+02,4.461476031068777992e+00,3.784030656120309499e-20
3.039880737370465164e-22,1.830884468301127015e+02,1.552569917489309503e+00,-1.014365708161071160e-21
7.164956106348822591e-21,2.647050586104580105e+01,4.319845422341296093e+00,7.255249240724400865e-20
4.504448760048152363e-21,-3.007823572652469579e+02,5.905671363093331294e+00,1.259454841062305986e-18
4.027848459679276323e-21,-1.179102522419087222e+02,7.230213697011155238e-01,3.561032617311098157e-19
-1.484483351501063371e-21,-3.962101654808320177e+02,2.354993960984215651e+00,4.153975567490354400e-19
-1.205425316706278659e-21,3.773600414592415291e+02,2.475679157156535748e+00,-3.576956374416696998e-19
-7.411295313833714561e-22,2.062551242171008425e+01,1.266144915941877169e+00,4.585251491581647980e-21
2.904972147030770952e-22,4.734818899145771809e+01,2.519855342330948211e+00,1.118060385520870147e-20
-6.812571140100489139e-22,4.544091136193283376e+01,2.856633774837187723e+00,-2.970855005232631104e-20
1.221209592363967266e-22,-3.488340310391353114e+02,2.402058376868772438e+00,-3.147209539881578312e-20
1.095644729999881292e-22,2.829507068967021723e+02,4.859738770986682388e-01,-2.741202485292480662e-20
-4.007033070223226934e-21,7.503688899718940775e+02,4.982118330241759985e+00,8.012112109548343563e-19
-4.504039090386417851e-22,1.073104171725432820e+01,2.514881534797503093e+00,-3.914785891432659312e-21
1.837993497172523988e-22,-8.093556106314699150e+01,3.183031035020614130e+00,-1.486313331949930135e-20
-6.503455877701415702e-22,1.159854320823696980e+02,5.755497715816638049e+00,6.517007137224190086e-20
-3.138898031107181588e-21,1.366032993895486243e+02,1.841037132835550982e-01,4.215376915222569014e-19
-1.252908026699575514e-22,1.226980492642105247e+01,1.575132583926027452e-01,1.518262647760717715e-21
1.511445824286320558e-21,-5.446256960149777342e+02,2.199928629907008659e+00,-4.843902791270741700e-19
-6.951115485095768218e-22,-2.512698932832209664e+02,4.538673134091350647e+00,3.018894220533117502e-20
-7.782427140551313327e-21,-6.383044132563856010e+02,2.846980255837979978e+00,4.753529187959909448e-18
1.093696546798434282e-22,1.593640198773312875e+02,5.688483241290774650e+00,-1.443719699822095826e-20
-4.545920554002443953e-21,-1.931601695127181983e+02,5.333410577795064000e+00,-5.109314477083954982e-19
3.089779169105078761e-21,-8.993402129566489975e+02,5.758466391636768655e+00,2.404921240205727405e-18
2.705817585095765176e-21,-2.281878533554696560e+02,5.383856841041585461e+00,3.841282711523122794e-19
-2.962227771427168071e-22,-6.088950031805109120e+02,1.296538350144935237e+00,-4.884971015218624185e-20
2.106404734602051228e-22,1.444646260799547974e+02,7.641758737658685963e-01,-2.196909543439408548e-20
7.191938115597504863e-21,1.048615978678416667e+02,5.904545768597341926e+00,-7.007398953370814654e-19
-1.806073984510507958e-22,8.937879503409752715e+02,5.252035405808733515e+00,8.294529719446313019e-20
3.842872580379192446e-21,2.671299201514025867e+02,2.237977401219507279e+00,6.352001139583711432e-19
6.390517351895395864e-21,-9.546978052574081630e+01,2.200473625672529909e+00,-3.592788727788132915e-19
1.958470997002397266e-21,1.599525192246659628e+02,4.836796951926817023e+00,-3.887188238534829422e-20
1.777867892389749150e-22,-7.963625826564447152e+01,1.855283471982307031e+00,-3.973735659147015487e-21
-1.842978569126442351e-21,3.669689778530791813e+01,1.878864556079021364e+00,-2.050714291211140044e-20
9.304138434314766339e-21,-9.778283163272543277e+01,6.015962228968372294e+00,8.774947960788933265e-19
9.213974665374042948e-21,-3.074065845183486800e+01,4.079975255907134724e+00,-1.674234497877144852e-19
-1.739790873081712811e-22,-1.020865556351919849e+02,5.740020065670041305e+00,-1.520472046242462232e-20
-1.080155893213809038e-21,-4.666049827230330038e+01,5.220930339536852927e+00,-2.454024492077863906e-20
-8.776332192247534673e-22,1.522958495430130768e+02,1.352592964273220622e+00,2.893415149694283502e-20
-1.277398480106163264e-22,3.727960559582867717e+01,5.542204383422264513e+00,3.513503132408957894e-21
-1.450519679287121200e-22,7.585180871915851242e+01,7.492504768048090513e-01,8.055992150726980354e-21
-2.797700580961953714e-21,-7.943523968047861672e+01,2.221582412301225773e+00,1.346332473649170917e-19
1.641416286006223336e-21,3.638000480453294472e+01,6.047232824127627637e+00,-5.806016380549893538e-20
8.042696436250894946e-22,-3.039577047509542922e+02,1.780466606706842203e+00,-5.088209491527160625e-20
3.199849052535214388e-21,3.732780855837025058e+01,6.116680927655601785e+00,-1.177914681664464876e-19
-3.981408347712291744e-21,3.635383026056304345e+01,2.628647270386760826e-01,1.397675779893601064e-19
2.612681812347560867e-22,1.825397017884222350e+01,3.381835614044840232e-01,-4.499049748535662190e-21
-1.060329227932917658e-22,3.426831815044973837e+02,5.243985183175618126e+00,1.841892613593834857e-20
-1.378635538078932676e-22,6.030148393320978073e+01,5.834983613885395215e+00,7.492246745504085329e-21
-1.183279403529139457e-21,-1.523124594873502815e+02,3.504891222488277780e+00,1.684646538003988964e-19
3.649148631676234513e-22,-1.344474376402111204e+01,2.774015050803293470e+00,-4.578456423299454267e-21
5.998311411618778697e-22,7.234360804863325711e+02,5.951606833794309992e+00,-4.103026633249159749e-19
2.061656033322718993e-21,3.278156102591636056e+01,2.891869162933555337e+00,6.548789166338669714e-20
2.703500863463217335e-22,-4.874556864845843052e+02,3.813497917679622873e+00,-1.031388027841385665e-19
-3.565629228475232646e-22,3.120408756287563392e+02,4.423336263335389873e+00,-3.171466547550106305e-20
-1.575466485375833774e-21,-3.503054068143320023e+02,3.378465232535063478e+00,5.364836700423615708e-19
9.021591623742277212e-21,-1.127684459404463411e+02,2.183079664794344843e-01,9.932043537637119189e-19
5.584311894820484844e-21,-1.149960781886173677e+01,1.435117526461410220e+00,8.686231575398197177e-21
2.675819705278640434e-21,-3.039367327383441761e+02,3.353577270442310354e+00,-7.950748524554331254e-19
1.011165607575286634e-21,-2.242812528224189350e+01,5.891657311044130374e+00,2.096239631780115374e-20
-2.912488282728246212e-22,-5.058233059586635818e+02,5.775595083950805453e+00,-1.287460434130351843e-19
-2.141695315883127034e-22,4.086131866346814689e+01,6.641356299829822563e-01,6.891170163407967612e-21
-4.890078992053740472e-22,3.208716715271177833e+01,3.193394363243767575e+00,-1.566983032249720670e-20
-3.598616719067336237e-21,1.540517177113996716e+01,4.507880643881271965e+00,-1.125852834428725705e-20
-2.535697180594573081e-22,1.649787143255782951e+02,4.046163942736238361e+00,-2.585411701398546694e-20
6.786772976988581191e-22,-1.140987698578419156e+02,3.031743316244393416e+00,-7.696950760217324775e-20
-1.570424892993530109e-21,1.220020389264857243e+02,7.124512136031910803e-01,1.449918094977828114e-19
-6.822873970586826169e-21,-3.885371703158375567e+01,4.500357873801098307e+00,5.578796267413474585e-20
5.124224613177504409e-21,8.984871463317071516e+01,3.613179736041242318e+00,4.101510521066592559e-19
5.461931628818758943e-21,2.755380858738351080e+01,8.702385452271562682e-01,-9.701703045151127204e-20
3.240230590007977020e-22,-4.348259744804819888e+02,1.413626710612224224e+00,2.205314349971380013e-20
1.492275805583186208e-22,-2.090161646138937783e+02,2.327758214028321948e+00,-2.141934687544683156e-20
-5.630894228098028241e-21,-1.536940501666793146e+01,3.291861989024387203e+00,8.556821745696714423e-20
6.459764052685638900e-22,-2.282493357150642339e+02,4.713931957079981139e+00,2.275020801528869347e-22
6.739005727778386082e-22,4.803509703334937058e+02,1.318438610110627796e+00,-8.082610117329743890e-20
1.251788273422585239e-21,6.566809898790458533e+01,1.689399770774498988e+00,9.726664991397419566e-21
-2.176365068711154035e-21,8.986091753558172286e+02,5.398826800798771863e+00,1.239495979488165140e-18
-4.081232109838447437e-22,9.995179896295668414e+02,4.903474960206604116e+00,7.747552869183422500e-20
1.337003275058262461e-22,5.347316331820577062e+01,4.812654027965912462e+00,-7.156324111418204341e-22
-7.606149394752549286e-21,-5.494227505499452491e+02,9.256531609693647855e-01,-2.512881243992754715e-18
-2.421333016957041882e-21,3.419190882518228136e+01,1.145626074470411926e-01,8.224729926815667864e-20
1.444532769622013886e-22,-1.013899331054149826e+02,8.731894274694836922e-01,9.408447466265213775e-21
1.934400823685560120e-22,4.764936283857245769e+01,4.501692808996025086e+00,1.927712121633830889e-21
-1.605990296808500044e-22,5.191804845510673516e+01,3.089376684886755875e+00,-8.326623993996869333e-21
2.228501068185529104e-21,5.437954308114650814e+01,3.136368339970740937e+00,1.211832160707754294e-19
-1.014356422210178694e-21,4.486699585032074111e+01,9.310808827246259967e-02,4.531399724341661665e-20
-1.592644122753732401e-21,-1.052084598135716220e+02,1.845522409736647385e+00,4.545613113082756668e-20
-1.893895681088720952e-22,-1.388162800095223872e+02,4.668501136727654988e+00,1.153456633599386070e-21
6.873938236466801934e-22,-3.978207948804448790e+01,5.907017457357063073e+00,2.543390561903834697e-20
2.913668324282100291e-21,-6.721865975700626450e+01,4.772441307483186179e+00,1.175435330466430442e-20
7.255923699636479832e-22,-2.075599357247350838e+02,3.024141251319785173e+00,-1.495663214893657760e-19
9.804590605522407919e-22,1.905671314597880439e+01,3.881486368350610672e-01,-1.729442503711206540e-20
9.496854047497698854e-22,-1.304722855247886457e+02,1.444663099829297082e+00,1.558746009203817826e-20
2.708941755283974904e-22,1.576600561007179522e+02,4.794863358023043531e+00,-3.518422040974323365e-21
-3.886948905540265955e-22,1.344099265319407621e+01,4.885722609906039682e-01,4.613205406834918378e-21
7.112327516326839956e-21,-1.547589958056972819e+02,3.399170851065768773e+00,-1.064384397176129604e-18
3.918814999575117024e-22,5.560328209894537395e+02,4.465498188987297445e-01,-1.965323361669359558e-19
-6.625355565071190630e-22,1.342756127429398028e+01,4.516829391183358133e+00,-1.728676594010541286e-21
-6.342443217794123908e-21,9.349636663875271552e+02,5.449974713796934545e+00,3.987912354710949828e-18
6.635552813828638383e-21,1.265023214564938883e+02,3.377277213667966738e+00,8.162070309433755086e-19
-2.543244933084838134e-22,-1.891249145463349279e+01,5.025157269697356988e+00,-1.479979421291690942e-21
2.496900613895789432e-22,1.232027584977831651e+02,3.685404054223905046e+00,2.632479399215463811e-20
-4.296428996649655038e-21,1.629423153855138295e+01,7.619517006757623445e-01,5.064937522601532436e-20
-6.255628466143030204e-22,-4.721991765353570258e+02,1.262649751963969669e+00,-8.958980862737677230e-20
3.409972499379289299e-21,-2.786841211609650770e+01,4.110069583340563604e+00,-5.384003787175355999e-20
-1.076403117764598659e-21,3.849430198780055434e+02,2.858347417503289023e+00,-3.978433319230845284e-19
1.905480208116688553e-22,-6.524691796905433705e+01,1.857185878698669246e+00,-3.512113697351093791e-21
-3.521791255713946024e-22,-2.143468353599879777e+02,1.119557391269081492e+00,-3.291907689604208646e-20
-1.962080716324839518e-21,-3.846632188743246417e+01,2.930626181639049754e+00,7.380069276372713232e-20
1.807912552497486137e-21,5.409734153945579749e+01,4.493348017704603237e+00,2.125202314859315440e-20
1.165019012938824518e-22,9.277659776607144977e+02,4.121470959623086294e+00,6.021754117835587122e-20
-2.849615079478281220e-21,-7.921603666527490759e+02,5.629193586635774516e+00,-1.791573988334669045e-18
4.374174548341778993e-22,-1.620476330758679850e+01,2.658292552751716276e+00,-6.276402377673126083e-21
7.892895338398351417e-21,7.090229558755057724e+02,9.927134972476725494e-01,-3.057895659261874375e-18
2.686210587996413980e-22,2.048947031636590452e+02,5.316856622681700451e+00,-3.128001005749543185e-20
3.624231092503031046e-22,1.886647794201318717e+01,3.822178666216768494e+00,5.314247777735176701e-21
-3.154496266097080516e-21,-1.028813446074710214e+02,1.284597736959177672e+00,-9.161973887570309011e-20
9.447313694373833531e-22,1.808866382882179664e+02,1.211327262555479400e+00,-6.011496706484215761e-20
7.848886965859353599e-21,6.481378669592036204e+02,1.769999426383822350e+00,1.006689371159372897e-18
-1.037106507877293313e-22,5.126390922231826153e+02,3.625346178100626038e-02,5.313119921669600887e-20
-7.708139491107850887e-21,-3.834168550841204848e+01,5.061211922178660672e+00,-1.010142163463494991e-19
-1.384429556321270917e-21,-1.027192561287630213e+02,1.555232145316079784e+00,-2.213255131930104975e-21
-4.805902898508559121e-22,-1.757452448230003199e+02,2.375702535051138486e+00,6.087691623881394866e-20
-1.448596809597279807e-22,-7.320928188977350715e+01,1.771442081721323669e+00,2.113614128120106078e-21
-4.952149693801655035e-22,2.139351039853217458e+02,2.461701583017470163e-01,1.027499583958306556e-19
1.802154910305832733e-22,4.666467708950436872e+02,2.198087908092724252e+00,4.936106735191940848e-20
-1.849299302105588082e-21,-3.797261592804905490e+02,1.683729436595856832e+00,7.913624875325452217e-20
1.335001532161672616e-21,6.451030616187500755e+01,4.675931586041429000e+00,3.139064809389154270e-21
-9.590280102227772386e-21,3.003743414190790304e+02,7.447087849992992670e-01,2.118117317066118784e-18
3.224564524190716429e-22,-1.172479600521912069e+01,4.115931928668169704e+00,-2.123695490411315179e-21
4.805437271336015993e-22,-2.314686401346995410e+02,2.790813594159646360e+00,-1.044574355543401121e-19
-1.255605825003872874e-22,-6.973835836365076375e+02,3.317739406494549126e+00,8.620894572431767517e-20
3.829395330799407984e-21,-3.804433627106492395e+02,1.294226183773919514e+00,3.978091035326605743e-19
-4.191541153274589053e-22,-2.650790599587979841e+02,3.123207383612351506e+00,1.110902009719506231e-19
4.154235895263570119e-21,-1.979241207649053251e+02,2.659812589796984650e+00,-7.286310385426134065e-19
8.494914716540958498e-22,-4.344749015114327761e+01,5.909476102008244247e+00,3.436084970822547840e-20
-1.575245505067499340e-22,6.967779313664593701e+02,4.384863643031673419e-01,9.937585832995152304e-20
-1.384746022746182168e-22,-1.681244095232937923e+02,3.032534634085164438e+00,2.314265008964748038e-20
7.607229027709376477e-22,1.845191374610371042e+02,5.197396079803949798e-01,-1.218321424026053210e-19
-7.449640203718792168e-22,-1.152443265573345315e+02,6.088204810721766780e-01,-7.042710283820085891e-20
8.037305469632567708e-22,2.019416143501232952e+01,3.368973614370243119e+00,1.581288933770036657e-20
1.609536479381487866e-22,-1.843009166813014588e+02,4.848206169592839815e-02,2.962904902937119461e-20
-2.896871357527664913e-21,3.756181909811696187e+02,3.231942339717560397e+00,-1.083679411452055947e-18
1.765184312964881028e-22,-3.450731648613803060e+01,2.214770158545126488e+00,-3.657009567695558611e-21
5.466960603051514760e-21,-8.494817980313395083e+02,2.224743608038576959e+00,-2.825107694903180043e-18
4.953502928415106601e-22,1.411509874848166568e+01,1.220505122840465750e+00,-2.399425985397117639e-21
8.082062278433297315e-22,3.673850590795772320e+01,9.001490819214325034e-01,-1.845355532793316132e-20
-3.965581960170080641e-22,-3.672113003384915686e+01,1.819062073895619136e+00,3.578237942191736823e-21
2.217116504134705321e-21,2.669124228353232908e+01,4.267791608571812390e+00,2.545195340306876532e-20
-1.050617757281520915e-21,2.463481711890079495e+01,6.065859172396665500e+00,2.527297162406086656e-20
-1.406885717207150621e-21,3.834397030718441357e+01,2.623296965315490503e+00,-4.686062779036784689e-20
4.986939831660792526e-21,2.251214223656275948e+01,2.867837324316924869e-02,-1.122205351573521747e-19
1.001999351913895181e-21,-1.135496080386838180e+01,3.096872434582496503e+00,-1.136628817940346644e-20
3.834938822412550562e-21,-5.671904492031679865e+02,2.370902524281218060e+00,-1.560511337190869533e-18
3.648637934320776490e-22,-2.045570534343045566e+01,1.542801563545583010e-01,7.374897264224688614e-21
-1.671536213349477910e-22,-1.069848898870725975e+02,4.279904604817602376e+00,7.495224144102309249e-21
1.469636085928247064e-21,2.621441414687562954e+01,2.474212714026384485e-01,-3.735243462132895657e-20
6.676937932236607524e-22,2.525450699246569570e+02,5.916123646751542786e+00,-1.573901158983696426e-19
-2.714831563992899212e-22,-3.029651150765278089e+01,5.543047494909451034e-01,-6.993436406931044781e-21
-2.025019278772314170e-21,2.439852568248402633e+02,1.301029847210801726e+00,1.316740940870651355e-19
5.530125631584248354e-22,-1.273186833701624181e+02,3.358362124345349864e-01,6.647544618716780422e-20
-1.785899331159788556e-22,-7.141676565835858810e+02,6.190823699073781050e+00,-1.269995265811088125e-19
-9.294481963642791827e-22,-2.690903207036053857e+01,2.703525060331345653e+00,2.264888153806502200e-20
-2.630421964134381851e-22,-1.291438287903569631e+02,3.014062440990338043e+00,3.369440505376371842e-20
-2.506437449967399092e-22,-1.701765588409976715e+02,1.063547499200595325e+00,-2.072006776807861763e-20
1.508853880748573452e-22,5.882731380954218139e+02,2.961430778427601496e+00,8.732518399018479067e-20
9.928183559642060228e-22,-1.880858884195140490e+02,1.040795925958279744e+00,9.440089498953932512e-20
-1.869625565405567024e-21,3.637323848524905401e+01,2.107932343473874204e-01,6.649907754508667454e-20
-2.019116391982195270e-21,-1.509725524858457959e+02,2.052077044510769888e+00,1.411108492891753627e-19
1.149360325901254453e-22,1.407195492362995992e+01,3.454370855456648126e+00,1.538903502119039190e-21
-3.803951612126392019e-22,4.239761281810892797e+02,5.637689738226219660e+00,1.288295195268264337e-19
5.243604848380447572e-22,-7.490811504380882297e+02,6.779618636047503033e-01,3.059244145097152631e-19
-4.930034833884710015e-22,1.300391894149426548e+02,5.227365792862565641e+00,3.157500380356767187e-20
2.327552490986881904e-21,2.199887815558298598e+01,4.846171391100903669e+00,-6.829718140811966441e-21
8.034997592988238899e-21,1.432789841904928210e+02,4.039884266823489334e+00,7.171657536121941703e-19
1.688496211936783480e-21,-8.470025002752608145e+01,6.206315581859122688e+00,1.425937216613691954e-19
-1.730543584753385270e-21,-4.324559137485498184e+01,3.602351187850868719e+00,6.703389685421669315e-20
9.042110641889118377e-21,1.127893707054747274e+01,4.869923368066536362e+00,-1.599983673176546525e-20
-6.871860268729299370e-21,9.080266811863887142e+02,5.898868039331428115e+00,5.784665540888839728e-18
1.882953498698767653e-22,1.164170763032957581e+02,1.264873912669186362e+00,-6.601948897454568370e-21
7.715054350780100279e-21,-8.981538380057883160e+02,6.496237678784546610e-01,5.517885330591626677e-18
4.550216217409983767e-22,1.432303418255478000e+01,2.186339125973843167e+00,3.763094994490335729e-21
2.137425133065093894e-22,-6.883189638848340337e+02,2.933890094070049415e+00,-1.439609479809367985e-19
6.249603176061759268e-21,-1.283643285606983753e+01,4.170584740551381842e+00,-4.136941020813586256e-20
2.263590436867542002e-21,-5.602559523379693474e+02,5.379085620507266796e+00,7.842402832172608474e-19
5.974627480848842305e-22,-3.723513186842332061e+02,4.584427104946545484e+00,-2.838954749116167505e-20
2.545898750930902591e-22,-5.121773905302682550e+01,6.495164156462718275e-01,1.038436376607631263e-20
9.675742927775928910e-21,6.880522028219060360e+01,3.518294607220145753e+00,6.190617486698229096e-19
4.883150684211839458e-21,-7.705521510298487442e+01,3.295134914988455233e+00,-3.718455818149501708e-19
-3.523156460416619834e-22,9.507928117867136564e+01,1.338694846318152498e-01,3.319820761961790602e-20
-3.865399764562212196e-21,1.469343991606123723e+02,2.718842252886757294e+00,-5.179592390759449117e-19
-1.067124452246662604e-21,-3.417418135130855461e+01,5.302843251244821587e+00,-2.030319555358651887e-20
4.207631959459735790e-21,-1.260306674917914371e+01,2.490746742843000128e+00,-4.218841817977964639e-20
1.287424514790455070e-22,7.519417618766881333e+02,1.792732563842625693e+00,2.130900054650448378e-20
4.360584525561916856e-21,-1.289913188851790338e+01,2.235361673027946861e+00,-3.468894880585843625e-20
-6.489534492000763473e-21,1.683349498828274093e+01,1.124989575009554231e-02,1.092346336068040835e-19
1.805143083558456833e-21,9.806078958861388628e+02,3.582806484371846897e-04,-1.770137447329801648e-18
-1.359364020910649561e-22,-2.242796971472449030e+01,5.109375702096090599e+00,-1.178782889472104896e-21
1.948479664549972018e-21,-5.025206298282029138e+02,1.669309171816501625e+00,-9.630303002646772808e-20
2.493087644112071372e-22,1.074792502942511874e+02,1.659950243874176001e+00,2.385762047030949721e-21
-2.873554950949508558e-22,1.142566927467475324e+02,1.115258209289761264e-02,3.283024669186058954e-20
1.360181519551303582e-22,-2.077449512042276751e+02,8.324237053413042764e-01,1.901942671708781914e-20
-7.036028729943030855e-21,3.997674857461908005e+01,6.044588708503836116e+00,2.733091301532384815e-19
9.075788043297225248e-21,7.086030239586909829e+02,2.361364151458488880e+00,4.570944380100581040e-18
2.456900154319995492e-22,-2.021904612535119838e+02,6.282308722871875473e-01,4.019143122745760382e-20
2.752551936060574145e-22,1.048675955524608412e+02,3.237490201531775913e+00,2.873272421954569855e-20
1.066164876776962379e-21,-9.873563747608860695e+02,5.115360779027821714e+00,4.128143283550516020e-19
1.211924330299388683e-22,-1.136039022505068630e+02,2.077834541511964783e+00,-6.685573872742876551e-21
-2.112066459649261684e-21,-1.720055900961806117e+02,2.601677575256889696e+00,3.116104780804901943e-19
3.459200806132225179e-21,-1.008146787832694713e+02,3.059138955928212944e+00,-3.475534216306724075e-19
-1.305997607295849760e-21,7.105007134990374880e+02,1.945652703434353814e+00,-3.397447477780220020e-19
-3.398865853408598268e-22,1.541686041429213283e+01,5.239083802784453292e-01,4.537147917296196114e-21
3.039549111100671940e-22,3.824251432094072243e+02,5.516523778174851067e+00,-8.371961592253992257e-20
-9.697099352931979737e-21,3.387198726485550537e+02,6.085034712085709785e+00,3.220328256390340129e-18
-7.042421849221410325e-22,-2.874089070931632364e+02,2.264753281529864104e+00,1.294552996611859175e-19
2.376376854401803046e-21,-7.988505603742041785e+02,2.934272977384446257e+00,-1.857718554553135065e-18
-2.933769341693328917e-22,6.048992966387601200e+02,2.533309618845934530e+00,-1.456319444030388897e-19
4.567538139710410865e-22,4.150778984181525288e+02,3.615811278697270703e-01,-1.773293730053386427e-19
2.074585120999413664e-22,-3.217430195432788764e+01,4.291504373149519047e+00,-2.727123215496580555e-21
-2.559860591371343646e-22,4.820464522871719737e+01,3.454370035294517027e+00,-1.174102658555736773e-20
-3.367573393860950329e-22,-8.082406971282235872e+02,1.364614846672052018e+00,-5.572191463986370279e-20
1.340632896985554731e-21,-5.762218733598811014e+02,1.615654207155872712e-02,7.724011769959237971e-19
-2.686712376537734172e-22,-4.588142521752032508e+02,1.333779983104415257e+00,-2.894426462419864642e-20
-1.847378802184676042e-21,-1.624184752090376449e+01,2.338486574277731211e+00,2.083762022220868222e-20
-2.303428638481382985e-22,-8.353484098020382476e+01,5.337272797437052629e-01,-1.656546395538494839e-20
1.585758290487091172e-22,8.623944062782463504e+01,5.444716104167701687e+00,-9.143459686370231285e-21
-2.554593532419117356e-22,9.988065057541038527e+01,1.675440339157879377e+00,-2.665168370650372920e-21
-2.123526077778969495e-21,5.432254693306386173e+01,5.169710993766536866e+00,5.093479514653590094e-20
-1.074546933795367480e-21,4.760810227193005062e+02,6.139908414142239756e+00,5.063295421537183750e-19
-4.452147113975407817e-22,-5.165444556208186668e+02,2.896839504823158329e+00,2.231193389958933398e-19
1.779412540499331044e-22,-3.900559534804406212e+02,4.114634845713941225e+00,-3.906141473234777271e-20
-5.370117021075396408e-21,-5.748278428088380565e+01,2.713649561990049808e+00,2.808520777701624334e-19
-1.730259046032980377e-21,7.491285634759143477e+02,7.966977034755570175e-01,9.061274484600036722e-19
3.033581407821746130e-22,-5.821562128271476411e+01,5.859927695739518327e+00,1.610177346577010848e-20
3.433340559144492362e-21,1.030003413852749539e+01,4.456088833797543280e+00,8.964770251388620154e-21
2.041801001539043146e-22,-1.389973456188639602e+02,3.575727322277628240e+00,-2.574775751672352675e-20
-2.863339415467853066e-22,8.300643560574828825e+02,4.415304834768024378e+00,-6.957557002942615177e-20
-2.114312375251461023e-21,1.234233943878725448e+01,5.140267404673865670e+00,1.082812930072994847e-20
-5.936309921481112137e-22,3.757231270910305909e+01,2.876540224439234072e-01,2.138766053480733210e-20
-2.874601746383558120e-21,1.337447515292968525e+01,4.701142234747306858e+00,-4.323865246757295979e-22
1.572525572428920456e-21,-1.944421413733003590e+02,3.714975628375908556e+00,-2.568643881809948853e-19
6.223765641289152625e-21,-4.190503750150938345e+01,6.200491455539897778e+00,2.599159054443059335e-19
2.610543824940566039e-22,-5.202122200568145871e+01,6.092180093910800842e+00,1.333339399655542420e-20
-4.029222548216047215e-21,8.714579737699941688e+02,1.394935803452813428e+00,6.143207535010037533e-19
1.701045366051742259e-22,1.655789949378726078e+01,3.848529055478671079e-01,-2.610551769194586125e-21
-2.287562142528167385e-21,7.930157597898007680e+02,5.222952294966924924e+00,8.864807915892372848e-19
3.672855000959483863e-21,-4.074250209567473746e+01,2.120015133137308716e+00,-7.811591479519374594e-20
-6.833767175516038106e-22,-1.193865122292018910e+01,4.251706030266471648e-01,-7.432223212191169680e-21
9.231023573324225370e-22,-1.060805181512993123e+01,6.156478371082050316e+00,9.713816642399377942e-21
-9.774482335099046470e-22,2.698985091607105957e+01,4.913941834911898177e+00,5.281275000989677036e-21
-1.181647213409480851e-22,-1.924186543921182491e+01,2.572227518712526084e+00,1.915016958958554956e-21
-1.889042549949253781e-22,-5.794807795316138481e+02,1.007129382704840259e-01,-1.089116900174348899e-19
6.220455168676035522e-22,7.199936288826394275e+02,1.192192105181764106e+00,-1.655430152036325264e-19
5.446979288413972012e-22,-7.324783265280115074e+02,2.397354849757204143e+00,-2.934910367837972497e-19
1.394758061278359932e-21,-2.654919234419693339e+02,7.902623174185201549e-01,2.605627997668576899e-19
-7.040294803222816082e-22,2.475194918553248442e+02,5.616210670793710058e+00,1.369163224367727143e-19
1.619261643723913657e-22,-2.265025583696947535e+02,1.811226314260595105e+00,-8.733463355691511739e-21
1.402799502180928829e-22,-4.309627453857653734e+01,4.291897798880303760e+00,-2.467844536048480270e-21
-5.654178983502795484e-22,-8.566498526690719473e+02,1.797094652869782427e+00,1.086778702263428439e-19
-1.468763053360318232e-21,-2.676055431876627608e+02,5.080638034996437291e+00,-1.414907803464047811e-19
4.118612311718645244e-21,4.646585979798834956e+02,5.201052786794717164e+00,-8.984025943454276341e-19
4.074022423973082780e-22,-3.103953594763547130e+01,5.455141412551426150e+00,8.552430274953507675e-21
1.568563060551486424e-22,2.960106816725746057e+02,1.469195658012231176e-01,-4.593092639887507546e-20
-4.183975960269791494e-22,4.087105716809132900e+02,5.552110137633392561e+00,1.273047635103724929e-19
2.060792648421980893e-22,6.018654555131448660e+02,1.687713402119119521e-01,-1.222697305001348394e-19
4.697078724381437552e-22,6.497975599488720491e+02,5.970916330792489513e-01,-2.524049881855835502e-19
-3.385279237387891904e-21,-8.192928145233812529e+02,1.922063968387631938e+00,9.543409816672560281e-19
1.249469806061455435e-22,3.294491698202870111e+02,3.605279981409248879e+00,3.681718259697177156e-20
-8.224932095951098663e-22,-1.956158426665736627e+01,8.553782253198850549e-01,-1.055348433413855885e-20
-9.517733944530403569e-21,5.147128209199404125e+01,5.749090233597230259e+00,4.216628191744984247e-19
7.682147784394319814e-22,1.335480569388168703e+02,3.161848548387081959e+00,1.025725445513569925e-19
4.291522053104024657e-21,2.226788495209513385e+01,2.971776339227583552e+00,9.418852287333817503e-20
-1.880652130406394496e-21,-2.102591895904874875e+01,3.365301681517174792e+00,3.855709384457070288e-20
-1.727148404672244585e-21,4.548888183681426653e+02,1.581767184203022980e+00,-8.619196380117844230e-21
-3.663981926887098423e-21,-2.061576602750267284e+01,2.668353532587279253e-01,-7.286259594972511837e-20
1.987870712184408006e-21,1.459414361837109730e+01,4.957655066241379416e+00,-7.044355905791389261e-21
1.634408928753329382e-22,7.893055388620292661e+02,5.879370830119006186e+00,-1.186287999502788955e-19
2.426689635642326196e-21,-3.602007553830785724e+01,2.656702609583956765e+00,-7.733351423137691677e-20
7.039655266359818762e-21,5.777347561416870576e+02,1.382122407410570353e-01,-4.028269621120569241e-18
-7.751303575206025350e-21,-1.164248608140577268e+01,7.743028911980602835e-01,-6.451653259754055473e-20
1.910900783918142524e-22,-5.235855775754157548e+02,5.566450528750797488e+00,7.543468794289355609e-20
-9.411548518094623925e-21,2.907157796533252636e+01,4.880271328528809960e+00,4.571858125148570610e-20
-2.264680055201642479e-22,-2.026792156563849403e+02,4.759993093843185363e+00,-2.184220656480364406e-21
-1.257081923326984582e-21,-6.600077661440111569e+02,5.541942107256473404e-01,-7.055007133208361382e-19
-8.948778386222045979e-21,-2.367805027064147509e+02,4.121837563668347748e+00,1.179841969760825050e-18
-1.720423299883405212e-22,-1.221957721095351523e+01,3.758855475019086789e+00,1.714341145964281638e-21
-8.762860482319054464e-21,-4.408645330791755157e+01,5.900722474879022350e+00,-3.584109162377491687e-19
-4.433409868876996134e-22,1.182064284298121635e+02,2.240292023088856332e+00,-3.252251996673709378e-20
-2.145517238110694256e-22,4.839930347923250906e+02,5.202681907909753711e+00,4.889735370108522198e-20
-3.586572634798912232e-22,-3.027133167102130642e+02,5.834005475582693556e+00,-9.780053789663989542e-20
-1.179966339506373352e-21,-9.279176808163969099e+02,3.666663822855834809e+00,9.474141877546402638e-19
-8.627979095921023508e-22,1.089747284699877738e+01,4.681485464842225497e+00,-2.905183958057428194e-22
-1.407355987529945584e-22,-6.522565964284161737e+02,6.146503678703737705e+00,-9.093959895071717122e-20
-5.568689553670343761e-22,-2.061866931928549889e+02,9.980137971467961666e-01,-6.222873154057333322e-20
-3.617498035598174692e-21,3.264405275491395031e+01,5.712766771275213706e+00,9.939323508712728859e-20
-1.692051480313617443e-21,-3.192765869332902184e+02,1.347947350475684480e+00,-1.193962501574678767e-19
2.620862639671815811e-22,2.426486903751857369e+02,1.111914305414521520e+00,-2.816910553321587990e-20
-9.513163150465472435e-21,-1.581310475289688497e+02,1.928649112809432964e+00,5.269111785261733284e-19
-2.348013748579395696e-22,-1.004416162342552639e+02,5.710429144863611306e+00,-1.982009720688337978e-20
-1.123512804960568788e-22,-1.531676638766763858e+02,5.174052946473159942e+00,-7.665365346592749928e-21
-8.880724005634119048e-21,-7.627037629633380789e+01,4.633059151363739581e+00,5.367662072053986825e-20
2.519097862128424855e-21,-2.220528589112417990e+02,4.980759903793074095e+00,1.483238878198472867e-19
-6.701632302305398279e-21,-4.964845292433328154e+02,1.628987438128898901e+00,1.935075159599970110e-19
-6.505496171784062367e-21,-9.342658587161713513e+02,4.941650456641828448e+00,-1.381245326326905833e-18
-1.429987635861113837e-22,1.393011152646014672e+01,3.635111657785726091e+00,-1.754287229073390159e-21
1.968701393746563039e-21,-2.474710697017486893e+01,2.651473070986419156e+00,-4.298421820778941753e-20
1.105563823391518252e-21,-2.518979867027329931e+02,3.717428500315424156e+00,-2.335794055192416024e-19
-6.053073656453852115e-22,1.323285521937213502e+02,3.152146022078593290e+00,-8.009498688808628459e-20
6.484623947063188535e-22,-1.788245484051929424e+01,2.509347729126975235e+00,-9.354606945571865212e-21
7.389188141651302221e-22,7.332124093892892915e+02,5.196968478790861212e+00,-2.523828667945448334e-19
-1.224402020967296449e-22,4.444463031240803161e+02,4.334308657090667261e+00,-2.008773518447331664e-20
1.745395102521728170e-21,-3.927896987669331708e+01,6.164536001690883005e+00,6.807532424935054836e-20
-6.710455972728999619e-22,9.385252838913501137e+02,2.791020737006264074e+00,-5.914869980449309109e-19
2.165699383530649065e-21,-9.096382959250217937e+01,4.529052492870396129e+00,-3.591535360583823159e-20
2.802008425142012403e-22,-5.123330474187629306e+02,1.319828244328416167e+00,3.565099742343914615e-20
-7.205991570485614160e-22,1.698811950581761039e+02,4.891594139052001466e+00,2.182039192192324239e-20
-7.697172739007252244e-22,2.169581058698607876e+02,5.016840059426172616e+00,5.006043511907200982e-20
-4.492055677044281028e-21,2.339029523756122231e+01,6.189959749387726085e+00,1.046142549573470537e-19
4.437501034985944042e-22,1.530995861175441917e+02,1.165419392351922656e-01,-6.747711167194635559e-20
-1.549635650886117457e-22,4.136799676202473108e+01,5.139777583350804591e+00,2.657138141007771279e-21
1.122333562697726433e-22,-1.028198443738210699e+01,6.042946209226466303e-01,9.496150381818200296e-22
-3.009873715926248111e-21,2.450215986202461806e+02,3.432711118236908110e+00,-7.064532832821515202e-19
-9.129637896943770584e-22,-1.113344110169519752e+02,2.875950342676083071e+00,9.807901842230007926e-20
1.137186094456742038e-21,1.548760519111421559e+02,4.410665069028508078e+00,5.233785564293962553e-20
1.563223992874992582e-21,1.755241598251073754e+02,2.882238894372025850e+00,2.652070695131132816e-19
-4.920609103495213069e-22,-7.821785908786445134e+02,4.207993836953141553e+00,1.860037983626369307e-19
-7.838472305486246299e-21,-3.153938255946461595e+02,4.125157783201889750e+00,1.369745833804660728e-18
-2.722395265903263077e-22,-1.502684829035544389e+01,5.206822808947518588e+00,-1.941269510432161224e-21
3.416600645835685094e-22,-1.520594430856996837e+02,1.825967871265710418e-01,5.108895116796215182e-20
-4.252473705733975411e-22,-7.692905822351785616e+01,4.628725331620314520e+00,2.733770717454773040e-21
-1.790882927063248376e-22,-4.335086796173025192e+01,1.047849765078647355e+00,-3.877430477766775648e-21
-5.855115733226988063e-22,3.982284751678700019e+01,2.365917255260697072e+00,-1.664694515945357027e-20
-6.473094143510781354e-22,-9.552244225511395825e+01,5.357756360295536702e+00,-3.719179811109147105e-20
-4.794162840359637091e-22,3.729481675845071464e+01,5.787724081917673402e+00,1.572969484427165773e-20
5.278924649353185832e-22,2.172335177959693624e+02,1.259444407675806232e+00,-3.513049575568494422e-20
1.335785464226490570e-21,3.027070784469403364e+01,4.134739220543993454e+00,2.207988973709751582e-20
-2.061091280900262515e-21,8.802739222243235417e+02,2.348672515407312478e+00,-1.273235138739812143e-18
1.629024385638263587e-21,1.878109962300549398e+02,3.597792246951281747e+00,2.746603007896303495e-19
9.280333881056600550e-22,2.586553044965525316e+01,1.765103764642679041e+00,4.634876244959490991e-21
-4.485341704632989693e-21,8.043072740026624956e+01,3.688157515032127076e+00,-3.082020748887178737e-19
-8.249421101743553359e-21,-1.505365724565322516e+01,2.400862415362879254e+00,9.164477680513148086e-20
4.658895230737018282e-22,3.401585256338838548e+01,5.448746070513808881e+00,-1.064316118631155812e-20
-1.762905834548413977e-22,4.125337702947408758e+01,2.553772748415716887e+00,-6.051890838481972252e-21
1.837629643430574536e-22,2.270313742623656879e+02,4.463861790539461083e+00,1.026213631431994954e-20
1.478944588389851278e-22,9.526933279458113475e+02,1.718495972954828588e+00,2.073501221684430126e-20
3.349640250767883277e-21,3.116267653734273679e+01,1.390295897617827015e+00,-1.873916962981988678e-20
-1.590716796785892212e-22,-6.992133783005303371e+01,4.564475766671804102e+00,1.639173057918126039e-21
-6.757126179678621956e-21,-5.304686420415270049e+02,4.412833985719771590e+00,1.057751539533026879e-18
3.955032064760700669e-22,1.097408300995970976e+01,2.124602682723854663e+00,2.282679356890431908e-21
2.251453037616011107e-22,-2.592013758983122784e+02,9.384190615927078261e-01,3.449329591019698658e-20
-1.345282218631387618e-22,3.261866934952565202e+02,4.174473539513869014e+00,-2.248245753364009025e-20
-2.041369716286097147e-22,3.317954452629270179e+01,5.340153460930862295e+00,3.978133869451702739e-21
-8.073735804421391127e-22,1.966357552530234045e+02,1.806632186875139157e+00,-3.709484595121377549e-20
1.786961340221460788e-21,7.566765068057094368e+01,1.230548766653361964e-01,-1.341927096521929845e-19
-3.411232493130294378e-21,4.715512868193902563e+01,3.594041062386950092e+00,-1.446715735289220910e-19
-4.675640982845458485e-21,-2.435065709429365555e+01,2.162667483706884664e+00,6.352135844101337445e-20
-3.398141432377107624e-21,1.652814488934203396e+01,5.444398892074256757e+00,3.753876019963861149e-20
2.019662831301129108e-21,-1.449864879008610785e+01,3.466666845054254598e+00,-2.774877685985202605e-20
1.314990886027926096e-22,-4.322146246513275969e+01,3.493883835500863455e+00,-5.334523441475732593e-21
2.934747624175972164e-21,7.319304984379945722e+01,4.209186662211437557e+00,1.035852377458446763e-19
-2.729337588083654606e-22,-1.061890571278368895e+02,1.144086717255621055e+00,-1.199524290135713508e-20
1.361638337961538451e-22,-4.005744193868305842e+02,3.339902589816241552e+00,-5.347474256154630099e-20
9.183087331097802369e-21,-1.782153633765864811e+02,3.176487739004183908e+00,-1.635570949780308279e-18
4.023426916925227789e-22,6.437061678307094326e+02,5.999254711718666755e+00,-2.486209534004211003e-19
2.072599140743704045e-21,7.548317891561124497e+02,1.871259241896353620e+00,4.630224595273853843e-19
2.112991603877647539e-22,6.670339727989058076e+01,9.928260797840160468e-01,-7.700107646196510694e-21
-1.021801535436989127e-22,5.394304980268151439e+01,2.628780502712965372e+00,-4.802902488951881878e-21
-3.206262002183561114e-21,1.202015299426805939e+02,1.997148648944663929e+00,-1.593821101894483676e-19
-4.179010753433260429e-21,-2.140991244643417701e+01,4.195740038231775770e+00,4.419654158102193220e-20
8.171444000836269363e-22,1.874056199553933055e+01,2.578888386696668977e+00,1.295260382538097963e-20
-1.308443811774114367e-21,-1.923318740322502833e+02,4.257778587534618353e+00,1.105050065303975623e-19
-2.684197892225628282e-22,-4.705519033585550659e+01,5.579115886070905361e+00,-9.627181062978729072e-21
7.489380064012858990e-22,5.642632254685848636e+01,1.210868044840807789e+00,-1.488420826762397874e-20
1.413428250303382100e-21,8.191604762524765420e+02,6.108333976363803153e+00,-1.140170527442306016e-18
5.471298877517349396e-22,2.572591487980898250e+02,6.220167664081894365e+00,-1.404747785625013627e-19
4.079736105394583097e-22,-3.268013967961139770e+02,2.583145878504933268e+00,-1.130712927105681336e-19
-4.646848364796309424e-21,-1.927935611348720784e+02,3.626899010718494853e+00,7.924367630959966822e-19
-1.060595440668074068e-22,-5.476212873379619168e+02,4.079922833216439670e+00,3.433343456357128428e-20
4.237142412134887112e-22,4.126871123238862538e+02,4.139515565371051586e+00,9.478344162364525898e-20
2.015288830580934920e-21,-1.764857330163930271e+02,7.434526672945672710e-01,2.618213146625914618e-19
-1.390761316396725731e-21,-6.151319017138018808e+02,3.409028101506255570e+00,8.250900863722689189e-19
2.543651956492737504e-21,-8.954045629241251447e+01,2.029983908748014265e+00,-1.009476774462339771e-19
-1.020843983086102060e-22,2.098773239202715786e+02,4.162814299767449988e+00,-1.119090890276488946e-20
-1.108562145057858218e-22,-5.307279334513902995e+02,2.861995633461822397e-01,-5.644132005539490913e-20
-8.509687651428887554e-21,2.811757811484934066e+01,3.261538222700576029e+00,-2.375526753292442464e-19
-3.628839973679379890e-21,-1.098659509867471087e+02,1.516769177262146329e+00,-2.152938831601386892e-20
9.845707560475985428e-22,-5.233835583864192387e+01,3.107603094392739518e+00,-5.150105092312664966e-20
-1.609045506641165154e-21,-7.784976995838259199e+02,1.100557274028783228e+00,-5.675696337555989328e-19
-2.904227960579112596e-21,-6.622564789533929286e+01,1.820340699464932266e+00,4.749937325441869585e-20
-1.230143929655567575e-22,-3.260557279656395053e+02,3.300222584589605490e-01,-3.794504095870004833e-20
8.616686377042191389e-21,-2.837109905735955095e+01,3.732032944939962960e+00,-2.030758950373095223e-19
3.277947807777008646e-22,-1.983298364996021945e+01,6.093122988558012487e+00,6.384078860150832265e-21
-1.336224007778379428e-22,-1.152894885303245900e+02,4.723737285148987830e+00,-1.748198131120050750e-22
-1.870219533038001508e-21,-1.980715219164185896e+02,4.649269053674933261e+00,2.336644773567288002e-20
4.631265663625643146e-21,1.269457887139847507e+01,2.543460811087582485e+00,4.858503590732344313e-20
-1.276367595779359367e-21,-4.585945227905396138e+01,3.465016966856980130e+00,5.549871279103462714e-20
2.557155967687643151e-21,-1.044407921058108712e+01,1.778328696709991608e+00,-5.502895231519170032e-21
7.429891366300039695e-21,-7.683192462556210955e+01,4.495800535574938195e+00,-1.226757253750606208e-19
-1.726816172547652426e-21,2.719200393862515170e+02,8.118969234924606759e-01,3.231123590264181854e-19
-5.040848442441595051e-22,-1.817398206105134477e+02,2.362601429280955845e+00,6.519337791355440935e-20
-3.627590272673794998e-21,-4.472894587601310263e+02,3.360311858342624802e+00,1.583926728464465470e-18
2.202925647280756709e-22,2.084150294814841331e+01,2.047553736396641177e+00,2.106917308807618938e-21
-1.769494046009289803e-22,-5.329593843680333975e+01,4.848808504487205795e+00,-1.282542765960304707e-21
-2.721205780429587544e-21,5.338133483256657286e+01,4.118011539953376321e+00,-8.134548820984661485e-20
1.597974149106981249e-21,2.839068266294388465e+01,1.191086469210084431e+00,-1.681553817124989244e-20
5.526960054617808493e-22,-7.941062371494602701e+01,1.218345227195701375e+00,1.515077340810895385e-20
1.226824501779390732e-22,-1.176382374372617967e+01,2.645367835484043195e-01,1.393010646120989449e-21
-7.883273251466437625e-22,-2.741116623242263373e+01,5.466833152618845171e-01,-1.845953765227029234e-20
-1.071353449634286533e-21,4.646193516817293556e+01,2.674529896590109312e-01,4.800743417608244017e-20
3.894665525545882901e-22,-1.287481405688343372e+01,9.274120779644464685e-01,3.008116869155158985e-21
3.797029163882247240e-22,-1.749692057337403384e+01,3.107923485877267300e+00,-6.639866472055450060e-21
-3.182957289939641375e-22,1.273223180536878907e+01,1.062444928251318421e+00,1.972560815199983210e-21
1.537118232019699150e-21,1.308934229817552932e+02,5.491332885579514045e-01,-1.716178797355586677e-19
-3.966757784633555548e-21,1.822155505332445671e+02,4.679119867037722091e-01,6.451120777719188215e-19
-5.881960010504438875e-21,5.224853452873171591e+02,1.119522449712367029e+00,1.340276667101710233e-18
2.884234188732323196e-22,-1.525532077737569807e+02,1.918289934193152746e+00,-1.498383301576678546e-20
6.158495622796952928e-21,-1.224706881374186374e+01,1.592908657473308676e+00,-1.667653899042611372e-21
3.913487961692475154e-22,1.707650640542052827e+02,4.211645171542169663e+00,3.208300038189092139e-20
-1.591799030308210161e-21,-1.392163715456282169e+01,4.799122200272290861e+00,-1.919638145790674947e-21
-5.207217158616185027e-21,8.103139247136547283e+02,2.654220512644283048e+00,-3.728191888776685960e-18
9.010167256469911847e-22,-1.219091497093475418e+01,9.385930721048921788e-01,6.490834001126251004e-21
6.819922475816325699e-21,1.472785459311085674e+02,3.316465568108392770e+00,9.891093861753924726e-19
-3.219156853285374635e-21,1.967640558099175507e+02,5.057530953538519114e+00,2.143032581651960310e-19
-3.685982621117173343e-22,-1.426304125115320005e+02,6.249259633935192598e-03,-5.257229559992771196e-20
2.626341045623495709e-21,1.535920046608572775e+01,5.823735288541164401e+00,-3.615525613690186353e-20
1.568912219653152145e-22,1.527963005661732510e+01,4.485306922776558736e+00,5.397036790200860280e-22
7.103825624722862167e-21,-2.402768680226783715e+01,6.220112164550971379e+00,1.703490914409953502e-19
-3.216495629517854761e-22,1.356372729884276040e+01,4.557430802018031635e+00,-6.733441248727884778e-22
-8.914101358452857330e-22,-3.093165753469807555e+02,5.870424212281341703e+00,-2.525713972566159060e-19
2.236720485075375059e-22,-1.670238366679631099e+02,2.726702811439582153e+00,-3.418909040529810408e-20
-2.800970209844998429e-21,-2.699972627473350713e+02,2.509747004774497636e+00,6.102509126597484792e-19
1.189384497220020354e-22,-2.649099841621335258e+02,3.112500472077895264e+00,-3.149465030270114125e-20
2.843563249990900221e-21,5.147929480648139133e+02,5.591999070690395257e+00,-1.127879511518531107e-18
-1.481672453267997694e-21,-2.910232198837835540e+02,1.565085663292301144e+00,-2.462430932401245713e-21
2.441947454029208272e-22,-2.456741080549282970e+02,7.718433868647524010e-01,4.299207304452205692e-20
-4.209745062089777555e-22,9.508683145372076524e+02,5.152605089449809661e+00,1.705781333555589728e-19
-6.708720721002497859e-21,-1.861584874862849404e+01,4.377734221520136693e+00,4.101877615096034711e-20
1.346150340952729280e-22,1.099125116997788432e+01,2.090506705698972567e+00,7.348058074519234439e-22
2.346867491823568954e-21,6.466959674831514349e+01,1.762726261230987301e+00,2.895088186602224646e-20
6.207043827418889508e-22,-3.489304697794057688e+02,3.654098968117349688e+00,-1.887557494483150967e-19
-3.329032507444369650e-22,1.876680304336508698e+02,2.828564558116149374e+00,-5.943933895899624607e-20
1.189774399430886338e-21,-3.009247222170179157e+02,1.692795585387550483e+00,-4.357143043140967600e-20
-5.201278293492427052e-22,-9.610280712305237785e+02,4.732877973302532792e-01,-4.449103520110492788e-19
-2.979195634313569779e-22,-1.480165879051144806e+01,1.642054673653681185e+00,3.139623362737078666e-22
1.400747666029435509e-21,3.931354460269758277e+01,5.204303153776825397e+00,-2.600955338643411637e-20
-2.079284193464887833e-22,4.761030821423513544e+02,1.074518640950635540e+00,4.713719435673273790e-20
-2.641108944452308701e-21,-1.079892050195329176e+02,4.729816584208647257e+00,-4.970297156680943113e-21
9.575155274854883446e-21,-7.201273379670384145e+01,3.896271639312842705e+00,-5.023190032950454080e-19
1.309643210092949296e-21,6.584751804271885476e+02,4.450008486728020074e+00,2.236811592144229701e-19
-1.178962456330749173e-22,-1.175218055820994749e+02,3.294644824534524119e+00,1.369341529045628097e-20
1.554915337416485139e-21,7.640725852013200381e+01,3.990934355409864409e+00,7.846923848464870858e-20
-6.023612016290689331e-21,1.307457032197536932e+02,8.170824386297514952e-01,5.389687891554832400e-19
-6.167831050090496708e-21,-1.681859134853519677e+01,2.456870930757553140e+00,8.035202367705713962e-20
-7.919990835867847848e-22,7.648696793134575955e+01,5.511019736173627059e+00,4.339788700327187259e-20
-4.067238388308998322e-22,-1.578565976549363938e+02,3.131633938071538559e+00,6.420085765883474021e-20
1.796462484156376532e-22,-1.325233812247313381e+01,2.632935272496280010e+00,-2.079330043259184324e-21
6.098054053544631431e-22,4.580264915413484914e+02,4.006301989718251910e+00,1.812315259262922902e-19
-2.381539437335365400e-21,-8.162077148625137113e+01,4.694331611306941987e+00,3.509856380420007642e-21
-5.559232980241117170e-22,-4.941351316925935180e+02,2.826839282074174786e+00,2.612059186035578376e-19
2.016352785983690861e-22,1.770239766728508073e+02,5.546530422583791697e+00,-2.643946601041224343e-20
-2.440042874622246703e-22,-1.049814527346818060e+01,1.512184786372264389e+00,-1.500529322786889848e-22
4.767157196734940229e-22,8.002757444227019334e+01,1.809013898249602459e+00,9.002385222365355723e-21
6.931545723536030204e-21,4.716910176689052037e+01,6.848966591418466088e-01,-2.532213888034819012e-19
3.530928894447149275e-21,-7.405542599284140692e+01,7.234372120729201661e-02,2.608004874818663428e-19
1.738522936711122545e-22,5.458637083147716851e+01,6.093547205802281042e+00,-9.319834587203621076e-21
-4.758066961350658070e-22,-6.480897352714700332e+01,4.521074981039023832e+00,5.863540529289099849e-21
1.014020263023833733e-21,-7.065107927766611340e+01,1.529658123868334441e+00,2.946376533028522539e-21
3.925254657490025114e-22,-9.456631807254719035e+01,3.565627223121190070e+00,-3.383223392707566212e-20
-1.025995764304677761e-21,-4.435235732564805033e+01,5.858219182233379563e+00,-4.145775443876026888e-20
-1.084237127229425006e-22,5.239622798516339799e+02,2.664632073744326757e+00,-5.046962673038574762e-20
-3.167328022221184456e-21,8.353395059631520780e+01,3.812709273410626043e+00,-2.071994937133924482e-19
5.401364579917391979e-21,-1.802770713188990825e+01,6.131553391322819735e+00,9.625693635598002792e-20
-7.290506014202728335e-21,5.478022314264179471e+01,4.532423242508921035e+00,-7.148657126490698649e-20
5.382994662988403126e-22,1.362128055992228681e+01,9.546008689700984096e-02,-7.298945028189962394e-21
6.242411541590854093e-21,3.205360470502875359e+01,2.776889219002938169e+00,1.869316705442882736e-19
1.260321169633148015e-22,-1.987072340820585623e+02,5.598520901170928710e+00,1.939947444322572862e-20
-3.697426742095259727e-22,7.129839845083499483e+01,5.480715259767718450e+00,1.831985741973310239e-20
1.580944511934641287e-21,-2.402868157376275633e+02,3.743880607602465993e+00,-3.130370163943881163e-19
1.796975227181326121e-21,1.573088088818539632e+01,5.167915781758234850e+00,-1.243609695849119556e-20
1.751971600115909146e-21,6.861748319836131316e+01,1.494444358483319579e+00,-9.169803720642532441e-21
9.214367468331782100e-21,4.848612612282656755e+02,5.417142859429670665e+00,-2.894376601365747533e-18
4.170214238023969621e-22,4.074517303748981334e+01,1.690089939696446164e+00,2.022186302070593520e-21
-1.390969437092984195e-21,3.325063381705536614e+01,3.916858546642939309e+00,-3.303380640384188193e-20
-5.252222517339851978e-21,-8.699923952333950865e+02,3.064818986415071556e-01,-4.356464022765190418e-18
3.011691294646631576e-22,4.344494817171051295e+02,3.550727549515200643e+00,1.200437056272876453e-19
1.022188780432680650e-22,1.289158234772308376e+01,2.034683043122880619e+00,5.896033720775494798e-22
-1.137560294097051420e-22,1.512762383170059799e+01,4.491575959663546946e+00,-3.769075322629157820e-22
7.350531632685784877e-22,-3.571542717349502993e+01,5.348801846683437056e+00,1.560237955786604136e-20
7.646070981743164024e-22,4.933631996811615181e+02,3.476780822962698414e-01,-3.546580201557455601e-19
1.107183668845415437e-22,-2.170319455248140628e+02,4.898354403483552666e+00,4.442929626264370105e-21
-1.353020546371197316e-22,-1.599606039977849647e+01,2.229145975997531615e+00,1.324145160811014363e-21
-1.942081213061329730e-21,1.405204111941153542e+02,1.084821509650842619e-01,2.712978177074835657e-19
-1.055479691837357621e-21,4.281854172380745638e+01,5.677274557802674398e-02,4.512128722165682754e-20
1.022759658779701477e-22,-1.588947472031036057e+01,1.617911868719629664e+00,-7.653967767601930582e-23
-1.045163519777462491e-21,4.998608660404064352e+01,2.748457640749325748e+00,-4.825810429681240045e-20
1.347427205959028448e-22,-3.253093680673758286e+02,1.111701001890305296e+00,1.942406749428150067e-20
-1.792188841042343929e-21,3.516306060447260506e+01,2.250885785697839925e+00,-3.963019349505448242e-20
-1.319541017522525968e-21,3.240224301992985829e+02,1.323394371759017085e+00,1.047036109067571014e-19
-2.699001426849279204e-22,1.839952078205273622e+01,1.837200147735998712e+00,-1.307376925940565297e-21
-3.801070118018542301e-22,-4.953321143753048545e+02,5.187431212287719973e+00,-8.611439250232252778e-20
-1.977957015647941819e-22,8.645995892778503844e+01,1.459459981616385793e+00,1.900077115529503133e-21
3.023417971974231361e-21,-3.142775870792499759e+01,1.198483516062959886e+00,3.456522492744432930e-20
1.703795520909894658e-21,1.720942924496707249e+01,4.563798443020272155e-01,-2.632041939191425850e-20
-2.656134940743487369e-21,-6.545835166024173191e+01,4.835592873956089832e+00,-2.136684350627368586e-20
1.219201624580188822e-22,1.480005199675279073e+02,5.985192693704010081e-01,-1.490763021897347295e-20
-4.002365830583837899e-21,2.040064118621866385e+01,6.073645364806921521e+00,7.986485733055358181e-20
-9.349331377023537938e-22,6.190793358064547647e+02,1.154883033984261953e+00,2.338490829538247868e-19
-3.550154169302241969e-21,-3.688311859418595304e+02,5.757659865798657073e+00,-1.132716722435231534e-18
-4.189287397316941723e-21,-2.112242018164934336e+02,1.329866137813797144e-01,-8.770656758899658515e-19
-4.272374303825184327e-21,-1.027497694915575863e+02,3.864343872901221832e+00,3.292341782560537807e-19
2.455787779144185732e-22,-3.215037715767617783e+02,2.947565161343780549e+00,-7.747297299385964992e-20
3.627082502010788222e-22,-2.370798193168042758e+02,2.719888905383243127e+00,-7.845740075233523260e-20
1.328598042436311731e-22,-3.015746789655070756e+02,5.124568496166602038e+00,1.605119226221353577e-20
-3.454733285390681798e-22,-2.185679879271827275e+01,8.589193309922233954e-01,-4.932698016854042433e-21
-7.446428276544487012e-22,-2.135956608963631354e+01,7.187021489744951364e-01,-1.197125770417155998e-20
-2.464570230400119361e-21,3.517692596303789543e+01,5.709595774203922502e+00,7.282104838403850443e-20
6.579553705399102815e-22,-2.386894168643200373e+02,3.523060749406515590e+00,-1.457583033326765843e-19
2.282955852358644248e-21,-2.954247788595153565e+02,5.345591738138489646e+00,3.990871663839271008e-19
-2.224614777120076793e-21,2.151651006415704899e+02,2.677957749130970289e+00,-4.281287579449717129e-19
-4.352431881260235480e-22,-2.899780081319552210e+02,1.495306657263869576e+00,-9.518576529956689781e-21
-5.359735818459595625e-21,2.085575019631105320e+01,1.117390027234310468e+00,4.896358986708971708e-20
6.088275566191009895e-22,1.003518086307433776e+02,2.291535313428180398e+00,4.032032288914332907e-20
-4.971688866119560244e-21,2.312658143853426225e+02,5.663030391461900237e+00,9.356790299584003491e-19
1.078130553702737874e-22,1.330780928129578626e+02,1.427348003411731125e-01,-1.420165077606748035e-20
1.121099922331366205e-21,-3.419614212991004365e+01,1.704981532967136060e+00,-5.128873608474574518e-21
-2.081829269793753600e-21,-1.853310760569591196e+02,4.427969461360690695e-01,-3.486172031913403627e-19
3.286847099926751309e-22,-1.425774212967615640e+01,4.467335522076353982e+00,-1.136935189337140408e-21
-1.204570089369330977e-22,1.411555579783241754e+01,2.273351958738492495e+00,-1.098694645612009461e-21
-9.594167054926288993e-22,-3.755179044362928380e+02,1.926125444011158150e+00,1.253403874665283290e-19
1.424447017164008178e-22,-1.923666240380793013e+01,1.970819351331366764e+00,-1.067126923670324999e-21
-9.371616228707321702e-22,-3.248839611393522375e+01,1.672004382055396920e+00,3.076211389534804638e-21
-3.766078623280418767e-22,-8.262106345155757481e+02,1.886698980453021646e+00,9.666870252113275494e-20
-9.005012576589502009e-22,1.395968828086274414e+02,9.405638473324826609e-01,7.408333144283696886e-20
-4.602708633862821393e-22,3.056414015245627525e+02,3.745032587511923250e+00,-1.158324952058586307e-19
2.036140760168433932e-21,-1.492160858182526795e+01,8.658741769650442066e-01,1.968708338521562944e-20
2.825234159515248446e-22,-1.919148804137807929e+02,1.460451328102003288e+00,5.970821178484439521e-21
1.076026078031161653e-21,-4.059226108349007234e+01,5.303889074464722242e+00,2.435533839387833259e-20
1.647083590841891844e-22,4.774401102311942964e+02,7.031029176322740604e-01,-5.998846453414975359e-20
1.566666527425242293e-22,2.171824216765446067e+02,6.049554883135549233e+00,-3.310085630399544247e-20
2.259505769358118042e-22,-2.732841423476897944e+02,1.872357217647431460e+00,-1.834004735730527081e-20
-4.292437087064735833e-22,-7.688967495409330866e+01,4.786290078955111049e+00,-2.436842602163225626e-21
-3.493069567418449535e-22,-1.518815934609684746e+02,1.269254413391334824e+00,-1.575645263768259878e-20
-4.419424792693706644e-21,-1.464781659908977929e+02,5.571758296376697395e+00,-4.903223358623361222e-19
-1.265557181373324018e-21,9.927795172178576877e+01,1.971764895574392940e+00,-4.903933362794364607e-20
8.093756224200523454e-21,7.589148684273795880e+02,1.688065997926833761e+00,7.186757916890659857e-19
-9.201524291291120850e-22,-4.588860981473430911e+01,2.148155099236721544e+00,2.304667864306273215e-20
-1.079672112663247603e-21,9.585521355078108172e+02,4.648364895664840901e+00,-6.621467617518023885e-20
-3.204157199082982491e-21,-1.387805196812180597e+01,2.264917533538601369e+00,2.844628922841813007e-20
3.430821259812328837e-21,1.624727399706700126e+01,4.204022118907012384e+00,2.713224330091004408e-20
1.638759809178337885e-21,1.004522583494593491e+01,2.873111110113091726e+00,1.587196832014745230e-20
2.213590851555745449e-22,6.932967041340740479e+02,1.714228274013173570e+00,2.193674845962549106e-20
-3.398255669420052491e-21,-3.227718502354877472e+01,4.148795012381773617e+00,5.859737486956466212e-20
2.262761218700252719e-22,-2.289748726543756732e+02,8.200698850120193839e-01,3.534428813704445280e-20
7.020648733640241583e-21,-2.129075440433608080e+01,3.543763825890646757e+00,-1.375488027058003585e-19
5.860619325417439667e-21,2.136675113708590175e+02,5.404893808937472954e+00,-7.995036943721026428e-19
1.273224807808403160e-22,6.804742818028815918e+02,4.649534485381018989e+00,5.442107938630387556e-21
4.027125373528102959e-21,7.253907206720181478e+01,3.738699721580577062e+00,2.415764565467978943e-19
1.980758585247335303e-22,-6.069246613351006090e+02,3.166315533215259492e+00,-1.201803856233080403e-19
1.081327030933272239e-22,2.450237689073232517e+01,1.159255123466969906e+00,-1.059862444934861716e-21
2.035842639456777163e-22,2.267052536864879357e+02,2.579262735005271256e+00,3.904666554468496011e-20
-7.851671871999570411e-22,-1.187408843444375428e+01,2.757157074063291358e+00,8.642650699258288103e-21
-6.991366341843805046e-21,1.128248680215730637e+01,4.941014880189803726e+00,1.787731501854856712e-20
-1.311032094581674154e-21,-1.102003864143810148e+02,2.926460645795669890e+00,1.411458091595830270e-19
-1.385945396942650551e-22,5.618537369176731318e+02,2.742519661031275202e+00,-7.175097040231883804e-20
9.528927033465355144e-21,1.268890324806468861e+01,4.818167945789137541e+00,-1.276606935432703667e-20
1.021554231764993122e-21,2.891586449385515323e+01,1.288557424748801028e-01,-2.929423197851128341e-20
4.807199821777799343e-21,1.461117508563919820e+01,5.051564575295729220e+00,-2.336914752553035807e-20
2.533365724771080021e-21,-7.878396165008294361e+01,5.193000650302717958e+00,9.227412282645016090e-20
4.415108935828273513e-22,-7.770692945608032005e+02,4.222730711487890254e+00,-1.613610186356734679e-19
1.359304920039308600e-21,-2.074773055638578967e+01,1.068365762452458068e+00,1.358111153196204086e-20
1.441719345542199272e-22,-3.809671253824244275e+01,3.037460696286808925e+00,-5.462724907396979335e-21
-5.442891441858649586e-22,-5.763633764565050654e+01,1.738084890134856009e+00,5.223537927523857311e-21
1.155312847542914878e-22,-5.031520261386050663e+01,4.991524769046231214e+00,1.601621259230548557e-21
8.413411389348230177e-22,-9.142415131866006277e+02,4.770467589754306736e+00,4.464831662217216813e-20
-2.581887553935168945e-21,2.731141042595901780e+01,2.563928171871198369e+00,-5.907324853887038811e-20
-1.630733316937745345e-21,6.690940376330092931e+02,1.486695084876583861e+00,9.165590082693308652e-20
7.424038422319814594e-21,1.002217842594105264e+02,4.120814895877717099e+00,4.149333118573476699e-19
-9.628527627212184794e-21,-7.411056286993587605e+01,5.245850331818809664e+00,-3.628651712641104699e-19
7.893414870327612327e-22,9.943580035518449449e+02,5.586551417306226952e+00,-6.020141054454184144e-19
3.884864365379429355e-21,2.307957756356136514e+01,3.854034687044644247e+00,6.785258071603289726e-20
-5.342096279721873324e-21,7.064030641604538232e+02,9.846352691139428348e-01,2.087471463991344192e-18
-9.425678508550068061e-21,-5.832519552580463369e+02,6.060411604797878660e+00,-5.361692232848842800e-18
-7.453263229830214632e-22,2.719759023913983853e+01,9.676982831825098330e-01,1.149768934308754694e-20
-9.500277573486633748e-21,-5.677515043952534768e+01,1.263745241560648713e+00,-1.630269518099418406e-19
-1.196365696069312079e-22,-7.689231989435315029e+01,4.261350489733102265e-01,-8.376456188463590536e-21
5.803924981225624244e-21,7.780585431750812404e+02,2.536824696694800263e+00,3.714845439101247555e-18
-9.891649467495608474e-21,1.116922117319599650e+01,3.714968860096524050e+00,-9.281310298150414915e-20
-2.069669137710940885e-21,9.211861273269512651e+01,3.981462632175575500e+00,-1.272736163488529643e-19
8.443542779339746940e-21,3.823121452621508354e+01,5.941443715737475095e+00,-3.041397595391970564e-19
4.043082422396584742e-22,1.718045106016925274e+02,3.972965782887827757e+00,4.680777806719472834e-20
1.740771781468969304e-22,-1.419679354517647027e+02,3.173920408753608813e-01,2.347900778964388130e-20
-2.472066296289355951e-22,-3.065440890541092926e+02,7.975123562908019714e-01,-5.293131450876480454e-20
-8.267702426712352032e-22,2.209258136189678510e+02,1.654270175350783356e+00,-1.522920622718350910e-20
2.525975575537859610e-21,4.633239553651806091e+02,2.840812435184335349e+00,1.117803091328643564e-18
5.004755837778609006e-21,-6.313584354497724007e+02,2.354219021859851768e+00,-2.229894171155137946e-18
8.178632471477740397e-22,2.664082360403922394e+02,4.971716579419146242e+00,-5.587253088159701275e-20
7.954772679402275084e-22,-2.753756380533701531e+02,1.484722137811236964e+00,1.883171324319245425e-20
1.872902333682364800e-21,2.120589623289983479e+02,4.227297959910996106e+00,1.851939616995963615e-19
-7.258081610438014087e-21,-6.501678792152003439e+01,5.867810348847804391e+00,-4.317694146116267834e-19
-9.714398689934911635e-22,1.003323468047467060e+02,3.288912489772142678e+00,-9.641108537404562922e-20
1.112276458816324050e-22,-2.309123811751195987e+01,5.103223338844531831e+00,9.784515602894329573e-22
3.321204085999513158e-22,-1.709994596541886551e+02,6.018304581883799909e-01,4.681402242799208778e-20
-5.375260464354816527e-21,-1.803496291597329915e+01,3.767166996531419620e+00,7.858430188027740876e-20
-6.878799515250561717e-22,-1.508649568468830751e+02,4.319104673013067774e+00,3.976983372954356280e-20
2.003870237467541408e-21,2.704939787789005479e+01,1.379042581920419952e+00,-1.033014259926197018e-20
8.137117603469907157e-22,-2.755330111921209664e+02,1.510480353044407531e+00,1.351491175719866872e-20
-1.290847164676575910e-22,-1.600241348424919252e+01,2.206735629599169357e+00,1.226868750172098575e-21
-1.205271073501113923e-22,-1.932994402425600526e+02,1.480217352589643820e+00,-2.107408368979109728e-21
1.230799200161309081e-22,-5.063985475228147379e+02,3.293633507682774297e+00,-6.160848511071723714e-20
1.811563464935701329e-21,7.475160470558944326e+02,5.837506215079487859e+00,-1.221894641905680884e-18
3.831185210630767328e-22,-1.310596676204210951e+02,2.358346245405278374e+00,-3.558112696430343289e-20
5.253004621850712520e-22,3.174717914100370919e+01,3.728821640617609567e+00,1.388309518784525616e-20
2.779579876584039678e-22,-2.444502172597715344e+02,5.266775877841298747e-01,5.873885667299382078e-20
5.818809808801084437e-21,1.266839944883421509e+01,7.407012263378272010e-01,-5.440134702458472311e-20
-3.489305890691154282e-22,-1.835032672294081735e+01,5.134354383366066088e+00,-2.622371908733105011e-21
-1.584803473050919943e-21,-2.421867218696498725e+01,3.809270895970819470e+00,3.013977145901188379e-20
2.918571855266427130e-21,-5.451704152156734153e+02,5.501409271663086464e+00,1.129158890198454564e-18
8.197420702287512666e-21,4.999033955501792548e+02,6.250171998808675689e-01,-3.323219484366287056e-18
2.322829687556484889e-22,-1.892640678771234946e+02,4.632350884529047974e+00,-3.514944713752170185e-21
2.247461733424205087e-21,-5.901336220682670728e+02,5.930982276736230574e+00,1.244887665925172663e-18
-2.788409095899741745e-21,-5.304650313609243995e+01,2.032487521564388278e+00,6.589079725045859823e-20
6.931044076140387593e-22,-1.962968822788650058e+01,2.317534965418680759e+00,-9.241468046678799480e-21
-1.786338386003787218e-21,-1.433054269449532683e+02,2.986148889783004634e+00,2.529054705604479552e-19
-1.008275713294976449e-21,1.116140536847846576e+01,2.521413143211172159e+00,-9.158030244689117232e-21
1.697888078641039782e-22,1.329041581522454578e+02,2.426699437509264978e+00,1.704074087959228695e-20
1.378210324909373591e-22,-2.593187922883402052e+01,4.394540547175594725e+00,-1.116945945286773131e-21
7.990854671807315742e-22,-2.666646122585784084e+01,3.260094272745499983e-02,2.129745891433866652e-20
-1.763700550735874279e-21,7.683552876536252541e+01,2.426613280079778612e+00,-1.023281907492105407e-19
-2.821414111371884441e-22,-2.746917187949274464e+01,1.740614825987142567e+00,1.309809094946283501e-21
7.549677168555491908e-22,-5.196833733688967527e+01,2.955359840631415214e+00,-3.855600417181989033e-20
-2.137560691097011773e-22,-3.210990971632775199e+02,5.591564484841882177e+00,-5.286503769097769025e-20
1.986535857753269764e-21,1.458548022306726999e+01,2.863985869855015132e+00,2.786526057928818951e-20
6.999023364920197882e-22,-1.913499897695447416e+01,1.845323116427726617e+00,-3.630627981038600131e-21
-5.203988941049805739e-21,-9.969793147923057859e+02,7.668689875777580101e-01,-3.736004025998845890e-18
-6.613154701544453933e-21,-5.956210386800755430e+01,3.373615325653519736e+00,3.833383558140977552e-19
-1.567881441190538785e-22,8.955552005296236473e+01,7.608968943842782107e-01,1.016891909742366357e-20
-1.247615349829124806e-21,-4.075555818154082317e+02,2.879358621798430828e+00,4.910895695090805862e-19
8.861842152898223778e-21,-3.788101296944997785e+02,2.895636012575717011e+00,-3.255927466039598315e-18
-8.561247148884893687e-22,-8.039593521231457771e+02,4.746307302333205413e+00,-2.334114779384305294e-20
5.035244922498963458e-22,2.737851819806204503e+02,4.308932656293987584e+00,5.412280248156565289e-20
6.014626436069125403e-21,-1.208617939890113746e+01,5.037831675361162276e+00,2.324228056538689216e-20
3.938508270672329876e-21,6.995281124361902130e+02,6.011829575423623950e-01,-2.272038035751302046e-18
1.293107338897782562e-21,5.091247793557791113e+01,3.142368813025378849e+00,6.583527902960364335e-20
5.500867898354619910e-22,7.631034744729647912e+01,2.545801049463956467e+00,3.474481335477256819e-20
-9.844955785741918515e-21,3.657003589393421521e+02,4.230966449437602250e+00,-1.667086449826468128e-18
4.766460419350236871e-21,-8.226465714146080188e+01,5.801103066586490442e+00,3.474228895848851599e-19
-3.801028241276293312e-21,-1.426042321686492542e+01,3.039173997035508279e+00,5.392022974665326380e-20
4.640877718533443854e-22,-1.355764044131736910e+02,4.675786672369490304e+00,-2.302479284794880853e-21
1.880159714584044926e-21,-1.220509172335334824e+02,2.802229109072659874e+00,-2.163874943430730053e-19
1.476930994758657576e-22,-3.274752204854025308e+02,3.603826595808289124e+00,-4.329024792277552149e-20
-1.246961607647321099e-21,-1.039516691661884984e+01,5.750361519773901975e+00,-1.116547938512880629e-20
3.500682492331952989e-21,1.702463025992286916e+01,6.057809087292082673e+00,-5.809060211421016628e-20
3.402820640148286932e-22,-3.924914305854702690e+01,1.889956878951727148e+00,-4.190637780466893408e-21
-6.622238937929099058e-22,-1.772215636877963334e+02,2.660210516974191641e+00,1.040230344048718453e-19
-3.593848593789022021e-21,7.812259427059913719e+01,5.601118897962047427e+00,2.179466489863426084e-19
1.782039812123781323e-22,2.372876984905183662e+01,1.925098909380773771e+00,1.467041607051390011e-21
-1.042766328069147127e-21,2.548470166765738298e+01,4.464882828280503979e+00,-6.510425385686161218e-21
9.287473855789733312e-21,-4.724161848401026731e+01,4.515522271083344030e+00,-8.581945101611885228e-20
-3.652130374175009777e-22,4.895314563454532930e+01,3.282245841119229013e+00,-1.770177204210118231e-20
-3.567089894918547455e-21,6.074147809647398333e+01,2.455249508829822958e+00,-1.676093455686822878e-19
2.134257885301614573e-21,-8.276268436429721760e+02,6.259245802081035981e-01,1.431504045727248187e-18
2.921768041898590739e-22,8.912673475738882871e+02,4.256068931506050035e+00,1.147480245017055198e-19
1.067760869326890414e-21,-1.091476428551594609e+02,4.228549410336398751e+00,-5.421391159504768048e-20
3.443992982864573388e-21,-2.695997511229962385e+01,3.777821090600622878e+00,-7.468316451472659717e-20
-6.213100687170460663e-22,-6.222084531890355947e+02,3.584103320843770035e+00,3.493483456265708475e-19
-7.843227816777638092e-22,5.796414824223028006e+01,2.770568434122901547e+00,-4.236916665978077641e-20
2.422125243604724824e-21,1.242549480602516709e+01,1.857766852166502947e+00,8.518640474143235206e-21
1.010594238918888011e-22,-3.140038393870699451e+02,3.725704966554761910e+00,-2.647176938297929847e-20
3.728732824252177611e-21,1.085198250280540755e+01,6.231459278872788055e+00,-4.041002286811400750e-20
-2.910772516956680144e-21,2.642064468055690440e+02,2.342924299405991118e+00,-5.365328824300719308e-19
2.853675131986735724e-21,-1.070449259636875894e+01,3.249485837547901657e+00,-3.036951801050590065e-20
3.174657157278511281e-21,2.056949668172655947e+02,4.244482749220495954e+00,2.945200777486401617e-19
7.339936015679104934e-22,4.346200618258183113e+01,3.334396240910622033e+00,3.130974050898023683e-20
-1.739791402945827345e-22,-9.578221045086212371e+01,2.071534800623826555e+00,7.999995653741740843e-21
-1.971584692145378768e-22,-8.110219434841862949e+02,2.264470768671371204e+00,1.022346485245866836e-19
1.886442613844866959e-21,-1.834305421143803869e+02,5.892128457279069975e-01,2.876828455918236842e-19
6.312411088294896573e-22,-1.196347974284612690e+02,6.124417719603650667e+00,7.456859812724188352e-20
1.120468528641454653e-22,-3.753607027413902841e+01,6.212519412625136184e+00,4.195301730156214533e-21
-1.663054824759068135e-22,4.915436693499160015e+02,4.675251737051956624e+00,-3.035138434946967218e-21
1.029390937268787522e-21,-1.467221392276547078e+02,4.231526033876170878e+00,-6.986013955813070246e-20
-1.192614543772275436e-21,-9.470817530304549337e+02,2.496200489625410857e+00,9.023195912965985029e-19
-7.448528696879181811e-21,2.601581050940944806e+01,1.771865720291861290e+00,-3.870111956519140643e-20
3.665906272193342556e-21,-9.741141579335445613e+02,4.019956484812255759e+00,-2.279774080820267275e-18
-1.517001477498545659e-21,1.637231764351908225e+02,4.184628343666703110e+00,-1.250782604580906679e-19
5.018129424821829428e-21,2.142926835697684851e+02,1.235295624979875884e+00,-3.540498611513610230e-19
-1.395438548334352205e-22,-6.473641795825206202e+01,3.283644130175939146e+00,8.942579977565106151e-21
-2.112673212166293854e-22,-1.183578430178422707e+02,5.350006215238040319e+00,-1.488512594609205201e-20
1.273950657029611506e-21,3.697990790785222259e+01,3.948554826802152529e-01,-4.348552105047983456e-20
-1.446254776027198626e-22,-1.520110072320380823e+01,6.224952304738644138e+00,-2.194739914805003264e-21
-1.659054559655626078e-21,2.167936246262064159e+01,6.158416963084942353e+00,3.568765456398159705e-20
1.583314382239277288e-21,7.315045766720078291e+02,4.147516932737810968e+00,6.199943487942303612e-19
-1.194715475709985411e-22,5.791890037463838325e+02,1.291382564959371981e+00,1.908388393679731112e-20
3.433728644376298954e-21,-7.616721007981018374e+02,4.354353253532239898e-01,2.371325501152490077e-18
4.797556739787642348e-21,2.601989861993490649e+02,6.207443635249178193e+00,-1.244740431495476799e-18
1.189724672648682324e-22,2.403450097247452888e+01,1.703963977813711894e+00,3.796609713592207725e-22
3.876225853811484613e-21,1.383795147339176026e+02,4.481590474434240079e+00,1.227019142588376736e-19
-8.887008172699668218e-22,3.063600364666035034e+02,7.508866985997263432e-01,1.990467424022160084e-19
1.207072408919383940e-22,-9.400468911358699415e+02,3.139780438910744209e+00,-1.134702802126760323e-19
-6.577302167737557414e-21,-2.873765044816220993e+01,4.118489281621322107e+00,1.057729426859615806e-19
6.524940571153153132e-22,-2.649048228370194238e+02,3.368865240669228545e+00,-1.684039393581367378e-19
4.295250245966988458e-21,3.854111541142961528e+01,3.983588153677095622e+00,1.102480823338052448e-19
6.851350289406863122e-21,-9.985327084359279297e+02,2.899621588867821398e+00,-6.641993683041186831e-18
-1.319406407264740702e-21,-4.407327530636621873e+02,5.334925331673800564e+00,-3.390745135879664648e-19
-7.165997565048654250e-22,-5.593320698879002606e+01,5.773986072193389774e+00,-3.499676051637505812e-20
1.364908408856118707e-22,4.633364950312883934e+02,1.578045112541534678e+00,4.584178062582072968e-22
9.553690907033195883e-22,-1.357767890522673042e+02,4.832894245348816065e-01,1.148606132453265773e-19
-3.503161629049355887e-22,-2.045949113467726477e+02,4.426801209521358804e-01,-6.476412698217401653e-20
-4.828784621424341543e-22,-9.781415361654468654e+01,5.763772185541345960e-01,-3.960160929583422765e-20
-8.805630107164720946e-21,-3.423348901979995276e+02,1.547079401499756424e+00,-7.148736223385221334e-20
-4.585398093162923305e-22,-8.098766091042409698e+01,5.192222538797015119e+00,-1.714317947256696043e-20
-3.970804907886761894e-21,2.799164018067924786e+01,6.139838642412247971e+00,1.100093331758709643e-19
5.547346598964092388e-21,-6.132921252480177827e+02,2.143836178153379901e+00,-1.844604382876008245e-18
-1.245366584145165217e-21,1.933300393561980854e+02,1.574570110380294263e+00,-9.085995306421787380e-22
-1.936748173902339919e-21,-8.173387692780751479e+01,5.845856673089864231e+00,-1.433999281946581032e-19
-1.991929640302875435e-21,9.234830286551803624e+01,5.110576782463148504e+00,7.132685991286097122e-20
-1.731318394773892391e-22,1.224789412849823549e+02,3.515411146469838766e+00,-1.974058098641713655e-20
1.585569361225987798e-22,2.440442198559418898e+02,2.212336968552910399e+00,2.315620962317136836e-20
-2.764804413570418467e-21,-1.563915171170805429e+01,4.820607024806447427e+00,-4.670133293915363443e-21
3.254733865638533837e-22,6.543286617916785985e+01,1.545714036531231406e+00,-5.341129134358186583e-22
-1.403802549118302573e-21,-2.761818971375794263e+01,2.094296105897080373e+00,1.938191853748688801e-20
3.077097305645720400e-22,2.016047814041585085e+01,5.603903009646653999e+00,-4.826529255371162700e-21
-9.724419240670210970e-21,1.278957945324505552e+01,2.239560445702972746e+00,-7.711225392687815599e-20
-2.731953037189980111e-21,-3.545189656039294164e+02,3.363351033408528590e+00,9.448120262925817144e-19
-1.736491585163052110e-22,1.203322119500415788e+01,2.299927998730072254e+00,-1.392110684405837561e-21
1.198672953901357708e-22,-7.528264873972692612e+02,2.339350117677775120e+00,-6.272498270191549904e-20
3.405659882778994209e-21,-3.339649372256430837e+01,5.259877994521525046e+00,5.920526749623912772e-20
-5.096018266353636627e-21,-1.294344818062140519e+02,1.886255311922947486e+00,2.046429232803221371e-19
2.080614659696678882e-22,-3.811748957759036784e+02,4.075929555389707026e+00,-4.713674010683639904e-20
1.256121384061139808e-22,9.145516144482819527e+02,4.890298710977053487e-01,-1.014137281016993229e-19
1.085710393946581511e-21,2.643781256895475735e+02,1.151801023252861489e+00,-1.167793959114498115e-19
2.562034975954116194e-21,8.915298900485220202e+02,4.268787603013719512e+00,9.803376113346091662e-19
6.138327002321472851e-21,-9.270226436573701676e+02,6.165859835080565787e+00,5.651248314190828622e-18
2.204268140287049156e-22,-1.034520299011879629e+01,4.863577709781801595e+00,3.434528111703351440e-22
1.046738836692538761e-22,2.988867153620767567e+02,4.414944739095147952e+00,9.169119397304767603e-21
7.726812210235102443e-22,-1.238780094878376588e+02,4.080364829616585531e+00,-5.654832077764567804e-20
-3.941619438104922954e-21,5.437874195866241678e+01,4.012730243819053300e+00,-1.380258628463875630e-19
-7.936807166869480750e-22,-1.477627254083336084e+02,2.887847001609774034e-01,-1.124200893998353860e-19
-2.650489390316770530e-21,-6.107017631513668903e+02,4.492664529393946005e+00,3.528039609786514337e-19
-2.313090417086764048e-21,-1.067585353168345534e+02,2.680038122024023028e+00,2.211024359498654860e-19
-2.859497267890951304e-22,-2.350728905717160799e+01,1.384676098059679950e+00,-1.243871534302878935e-21
-3.002845275798992316e-21,-7.702424447964463639e+01,4.275303828058209632e+00,9.790595963850315553e-20
-3.116628743212356511e-22,1.124563296356952691e+01,1.469264028764416530e-01,3.467084095464933885e-21
-2.032472221473393879e-21,-2.543597933593861882e+01,2.309122696596359603e-01,-5.032575586248609773e-20
1.955817489288989270e-22,7.305514341667602594e+02,6.030201680945632248e+00,-1.383345690818467068e-19
-1.396206122954120751e-22,-6.757141065416784613e+02,6.195863016388184263e+00,-9.398415214639766534e-20
2.038852834149021768e-22,-9.073835092265675257e+02,1.142777798140401035e+00,7.678863558110190801e-20
-3.830382413757102704e-21,-3.181547897246661805e+01,2.541853562796850596e+00,1.005978468998525849e-19
-2.658921605514374795e-22,2.257542017369833331e+01,4.429350363328350859e+00,-1.676381609190142144e-21
-6.548458711265312927e-21,-2.219226736540966627e+01,1.546197177854685689e+00,-3.574514398755190911e-21
4.136423515429007460e-22,7.393861560674824887e+02,3.571053333913452477e+00,2.780681040138227388e-19
3.129666571394074522e-22,1.208176046593496977e+01,4.223314289070701832e+00,1.776437210271512703e-21
-2.111801025792595389e-21,-2.503372554726698525e+02,5.626266635174404840e+00,-4.186360190507904971e-19
-7.935802226066854406e-22,7.778860458401326241e+02,9.231100196074865094e-01,3.724526075127201549e-19
-8.684171845778395357e-21,2.266965563096150049e+01,6.793181369628914501e-01,1.531629237713842568e-19
-1.078470295401276548e-22,1.037282144016340624e+01,4.932280718349738358e+00,2.440104812669910327e-22
1.606411263103217143e-21,-1.725337680586680449e+02,1.123855176555804691e+00,1.197911752399767394e-19
8.820965035354713192e-22,-3.117183920623603512e+02,2.385719796373103385e+00,-2.000851478582213336e-19
-1.848363735150490466e-21,-9.827864192291964685e+01,2.006955706365691317e+00,7.674211206288039256e-20
-1.897111051817919260e-21,-1.726079847879334466e+02,1.275526742384920809e+00,-9.528911858605740117e-20
-3.418954593726126642e-22,4.388669010446956520e+01,2.033676354035925282e+00,-6.699984615682526102e-21
-4.219357072726875599e-22,7.107879756615946576e+01,2.407174150501776744e+00,-2.225970169505095235e-20
7.224449710727591732e-21,-2.154321528035615430e+01,2.328007255510767148e+00,-1.069072128730311550e-19
6.337995306191547585e-22,2.312549501671239938e+01,3.780773774152242694e+00,1.176342343234591612e-20
9.434562183070438859e-22,-1.847871202063821556e+02,4.162430160208487884e+00,-9.111841703127659763e-20
-1.677559456893071572e-21,2.053352060983160641e+02,2.731020978564088875e+00,-3.158347423988326408e-19
-1.198362244139289440e-21,3.304622969883729979e+02,4.689272280145591609e-01,3.532653112906489950e-19
-4.066361366254627404e-22,2.195684739169107047e+01,5.363004133172085908e+00,5.407746465049540251e-21
4.824235383648781843e-22,-8.151721992558907459e+02,1.038658890583572303e+00,1.995299507416498180e-19
-2.992315698329109004e-21,-2.260896272671897123e+01,4.048165548635174638e+00,4.170464152914258542e-20
1.908073405325859201e-22,7.012633269214430811e+02,1.164221844394945249e+00,-5.291571620097750832e-20
-1.115977868830073811e-21,-1.126361749828160796e+01,1.099239192803162180e+00,-5.710200830187772062e-21
-3.493947800384416398e-22,-3.810215528716463496e+02,5.294842786190184114e+00,-7.322977604121663599e-20
1.326009010686522014e-21,3.249743920228560796e+02,3.095838327027712999e+00,4.304679952773016263e-19
-3.610556471654735887e-21,4.240587428355656812e+02,3.486916021232021379e+00,-1.440701850660452135e-18
-1.349538223967808492e-22,4.254621209892206366e+02,2.527893055228743080e+00,-4.694032460581733846e-20
-1.191279202247718831e-21,9.133808387923520513e+02,1.332552130469744522e+00,2.567861155374118328e-19
-8.006089649638844053e-22,6.401701407831990309e+02,4.298384967763500875e+00,-2.061780623589442699e-19
-7.800107839942825456e-22,-2.084176550184509935e+01,1.439165568330999179e+00,-2.133720970816029978e-21
-7.222401483969008970e-21,-1.121739581876339997e+01,2.930421017109289927e+00,7.921683521828951597e-20
-7.363828625832306538e-21,-1.041043460349115719e+02,5.114837559436472780e+00,-3.002586810896961550e-19
-4.054576415861883321e-22,1.231877401860022303e+01,6.086601436145581800e+00,4.898540040037077438e-21
1.959607894835438791e-21,-2.395464086659562852e+01,6.243171382516420564e+00,4.690412886081642055e-20
3.481687722388905274e-22,3.507113515549920635e+02,3.740865180902261056e+00,1.008291720395813048e-19
-9.111296940380806837e-21,4.136354328322751144e+02,2.890245270309266257e+00,-3.650334158482090478e-18
7.063664606537589159e-21,9.887361597738137675e+01,9.373598564298220026e-01,-4.134015122988321346e-19
2.962028554812515833e-22,-2.795431984307493849e+02,2.188539379707314936e+00,-4.795836026764557708e-20
4.412854542704858112e-21,-1.374390687854069313e+02,4.426362263288896592e+00,-1.711190996704275451e-19
2.447037014870020327e-21,1.202892432761031074e+02,1.533705287489655067e+00,-1.091532697517792694e-20
3.879793891297445414e-22,2.832330340361771732e+02,2.626893181107246011e+00,9.565149244460769073e-20
-1.811957953343083980e-22,-2.224982064244849482e+02,5.675826356715807819e+00,-3.310559718918333140e-20
9.836942179928611827e-21,3.688802165905678265e+01,1.242029844682453615e-01,-3.600700828249296665e-19
3.010532065913365916e-22,-3.665622470224239038e+01,5.627570942675353960e-01,9.333664435230244028e-21
6.897689360719482992e-21,-1.879536351212854228e+01,5.148278434484835131e+00,5.473812623295264848e-20
1.225999820754469236e-21,2.149089133472791957e+02,5.622446754420484361e+00,-2.080264368998115870e-19
-1.382776546540361377e-21,-1.557898035340161016e+02,1.918561496867140503e+00,7.341546954820714308e-20
-4.611528275242772222e-22,5.463184382288326901e+01,6.200483590316076210e+00,2.510752150148875238e-20
2.706991260656381670e-21,-3.092506852057053379e+01,3.382144133451221446e+00,-8.130349432497638359e-20
-2.100791920715904263e-22,-4.193072779658254490e+01,4.330414396848279779e+00,3.283500867132638559e-21
-6.517357668971467544e-22,-3.924929024609812700e+02,5.197872454251152519e+00,-1.193662703856051600e-19
-1.130603633281045786e-21,-1.566464741589111931e+01,2.975459957068670835e+00,1.746666325439826955e-20
-1.048243001011688573e-22,-4.572529693464399259e+01,3.427227261997706886e+00,4.598919479547588149e-21
3.984032878916640900e-21,-1.720771814802732820e+02,3.619600130584365694e+00,-6.087188393310917175e-19
7.677755707457551462e-21,2.521946743166026863e+02,1.510499238679709144e+00,-1.166818603561478403e-19
-2.741653775281429379e-22,-6.352607593186287431e+02,1.362891257108092224e+00,-3.594980206349413047e-20
-1.298218309560312746e-21,-3.234501830066211170e+01,6.250826041082123474e+00,-4.196891210219687159e-20
-3.644339382469428371e-22,-4.990857123564722428e+02,4.223120175115433028e+00,8.548184510377057394e-20
3.067102793278648057e-21,-4.510838037130832134e+01,9.897606105131153686e-01,7.594004825474790180e-20
2.141142475870761573e-22,-9.048967131840436195e+02,6.184461376369835506e+00,1.928078553723152527e-19
-2.325713317932463272e-21,-9.246493743438101376e+01,7.156603183358387632e-01,-1.622873555470555664e-19
3.482511200542011366e-21,-3.133806090259821531e+02,3.546576824231012282e+00,-1.003070569009675091e-18
1.032944166125317898e-21,-4.876111339618471447e+02,2.648562594390559077e+00,-4.436887778465976498e-19
-2.938364979149114812e-21,2.220077200129139428e+01,5.428134217983222598e+00,4.280522435388659111e-20
3.675583751801815588e-21,-8.363512320079020412e+01,5.701301327691313148e+00,2.568173822614540346e-19
-3.779779030279200855e-21,-1.057226113534500342e+02,6.236107003414759653e+00,-3.991653521547671189e-19
1.367268674844165176e-22,-6.016976686182518819e+01,5.863192607300588222e+00,7.511846259744370367e-21
1.885612472518479300e-21,3.056516261849267835e+01,5.888985019837503998e+00,-5.321375091425141573e-20
2.692250306260836389e-22,-4.005948908430411137e+01,5.276646125939770116e+00,5.767700590357122486e-21
5.116925817835586930e-22,2.225675309661248207e+02,5.240018426608631152e+00,-5.734015184115634930e-20
-2.790274170435488958e-22,3.325023663889796808e+02,3.034655576448961778e+00,-9.224730273096525616e-20
3.999256572848826368e-22,-2.559283452614723942e+01,1.267312551055182757e-01,1.015314806125464046e-20
5.819302777208562991e-21,-1.189536848486538219e+02,1.711756822242201492e+00,-9.725391410255306511e-20
4.233125274846938339e-21,3.289171583960619216e+01,2.264208261529260469e+00,8.899396922342215713e-20
-1.690213275359216702e-21,-1.577042356456109360e+02,3.974355812515296904e+00,1.793464984268395691e-19
-6.574553557901623608e-21,-9.989217220196698577e+01,4.117423017934710217e+00,3.680936142741964379e-19
-6.186417179782822329e-22,-1.889707775913934995e+02,4.005980329927486538e-01,-1.076495809757860954e-19
-7.809596024569952064e-21,-7.737901445013239936e+02,1.150561854421826569e+00,-2.465385403248852874e-18
1.226144984365600003e-21,-5.874487242618641858e+02,1.997177491505451430e+00,-2.978996112491554036e-19
5.864235354357875669e-22,-8.508414395312829583e+02,4.240109383599862447e+00,-2.269826653696916089e-19
-2.130649654284657740e-21,-3.669058740474076785e+02,6.124794775076619402e+00,-7.719622838290840347e-19
-1.441511442940742485e-21,-1.329944715426464974e+01,1.719067434358131363e+00,2.832146848744395038e-21
1.225479331278985605e-22,-1.409110325525291252e+01,4.951552307965553013e+00,4.090698241995412265e-22
-8.868515943378360058e-22,2.271590125748251410e+01,4.049903932769940873e+00,-1.239113832702400076e-20
-1.199779848913177327e-22,-9.787912609305730030e+02,2.811458298719445636e+00,1.110918582195926720e-19
-7.053797669902011238e-22,3.111711239420948232e+02,1.519326246014846227e+00,1.129237693932742825e-20
4.295316999897799706e-22,1.774076285225840479e+02,2.119549178145121449e-01,-7.449691117125467399e-20
-2.666966656715913822e-22,-1.085084617444995203e+01,2.269680573595215023e+00,1.861820847200170325e-21
1.562215031219687504e-22,-1.668005245423139513e+02,1.658881070785420686e+00,-2.292330146235570507e-21
8.113657460538695224e-21,-2.312341766541673280e+02,5.301012064594818440e+00,1.041671896782054346e-18
1.153608958836507731e-22,1.094869717998893321e+01,2.619274767381941649e-01,-1.219972196188065320e-21
-1.991339334453811777e-21,5.425514335333770077e+01,4.743077469970373272e+00,3.315076318155464727e-21
6.162218134399924502e-22,-3.605015687713134298e+02,1.284117528373904360e+00,6.281663826945539432e-20
1.817357511137776579e-22,-1.196323448731095951e+01,2.309599388735881220e+00,-1.464078532476550812e-21
-1.195823853404734519e-22,5.358810591626992448e+01,4.513424836926092532e+00,-1.266605186871669246e-21
-1.691800545147408213e-21,6.769273735014687077e+01,4.302220842075493046e+00,-4.566743969300335245e-20
2.514600072630023952e-22,-1.438987452114778307e+02,5.080035048181182233e+00,1.300552609996383362e-20
1.007642009004694520e-21,2.355148252657108188e+01,4.398795362834658107e+00,7.320657597876791371e-21
1.633091280002797870e-22,7.638864435530068420e+01,5.525605238800570973e+00,-9.063073389683592873e-21
3.848680207707929606e-21,-1.564453927066662153e+01,6.266370279999869730e+00,6.020231669072691630e-20
1.753078382981591846e-22,2.264100106954928648e+01,5.929046306141238176e+00,-3.722841316135003430e-21
-2.974852751945585795e-22,3.419348561141298859e+01,3.749266051954845969e-01,9.465451368235655447e-21
7.388872696168258018e-22,-1.233214435684726595e+01,5.671740714495708602e+00,7.461137011495435085e-21
-7.192786349907342889e-21,-4.683660399276525368e+02,5.060810052408013071e+00,-1.150175497893586416e-18
1.273125751093802865e-21,4.920858025670729035e+02,1.175443660288207459e+00,-2.412812817606411698e-19
-5.441886934353520418e-21,1.905425331638923865e+02,2.900160029358898495e+00,-1.006836813151933782e-18
4.641440456452794024e-22,-7.776283877953975434e+02,2.130333563045016199e+00,-1.915803426327367143e-19
3.455418108467107239e-21,2.107555491276304238e+01,4.910060860369251046e+00,-1.430186057988870045e-20
-1.241180703265737391e-21,1.550450769803554749e+02,3.240367451745060356e-01,1.824240229790702179e-19
-4.519759279011925039e-22,2.177152016025270598e+02,5.058022473183205747e+00,3.333789678693558635e-20
3.121853433476919576e-21,-1.658167294788523805e+01,4.621461195723099991e+00,-4.700443665547439931e-21
-1.349121937217131834e-21,-1.616921294571896794e+02,3.145915452999912265e+00,2.181403607599186807e-19
-4.008100766258084143e-22,3.568180253644236473e+02,5.677138186757018978e+00,1.175459343392617444e-19
-1.045947275284456472e-21,-4.702116024269103889e+01,4.699838515298058184e+00,6.172364326965422712e-22
-1.526905834243626269e-22,1.796959340902279223e+01,5.691235972636213170e+00,2.276944755752424113e-21
2.348600108192243100e-22,-2.864477399033525984e+01,4.189162923364669666e+00,-3.361584199469936836e-21
1.710734062224274535e-22,2.932982960744981256e+02,2.990525794556855743e+00,4.960409364728867867e-20
-7.128355181142830858e-21,-7.419476295573314246e+02,4.506089129896200807e-01,-4.760942599283897177e-18
-1.897643989337441307e-22,-1.589398291392453721e+01,4.575878535872853092e+00,4.104532221774908907e-22
-1.902447751326457543e-22,-2.533352762137149838e+01,1.900146980490039494e+00,1.558787432949671852e-21
-1.820056048954998681e-22,-4.489836995841812382e+02,3.252176424537835953e+00,8.121840622443501860e-20
-3.432892925779297725e-22,1.039238059772681169e+02,2.340122330315070442e+00,-2.481800380401122298e-20
3.780507467637109675e-21,-2.350634010223107495e+01,1.075257876214724240e+00,4.225621279426236268e-20
-2.530817829107693101e-22,3.520273320870123968e+01,3.151522143504586371e+00,-8.908731288591576349e-21
5.434778771920698884e-21,5.807509395551952736e+01,5.507056152253413828e+00,-2.252398290875639908e-19
1.438755557939963387e-22,6.702781504086362929e+01,2.532759037399938684e+00,7.910848556685537909e-21
1.220501041618037175e-21,-2.264979704303305397e+01,3.196327149170727466e+00,-2.760270222317069457e-20
-2.088098651528149408e-22,-6.278331741713275704e+01,6.018713932536651434e+00,-1.265395985329805520e-20
-1.238553504676717401e-21,-8.337511382967581142e+01,5.241184798631184805e+00,-5.209634039324934584e-20
5.150026192135217327e-21,-4.147772084764498146e+01,1.050966418828518600e+00,1.061077038942178305e-19
-2.798417284747447223e-21,2.187879607528916779e+02,4.019100876826976254e+00,-3.912768053201446700e-19
1.150823700494583858e-21,-3.004474745456985829e+02,2.247188422848314993e+00,-2.164413638898243592e-19
8.607395250379591083e-21,3.413446582325312875e+02,1.685511507028648603e+00,3.363046010639378119e-19
-7.462455841877255383e-22,-6.008341553088895353e+02,3.981022950668560600e+00,2.994603585225830180e-19
-7.874825688324268495e-21,-1.455784306293394650e+02,2.067607119977346919e+00,5.464043835500163614e-19
-1.043895601753019046e-22,-9.321089196805517929e+01,3.367308615970969310e+00,9.483427828406264471e-21
7.956852530253342769e-22,1.428264977036140593e+01,4.286880815850366844e+00,4.691077639484227610e-21
-3.135471040575090740e-21,-2.827496724083661661e+02,7.529647149089874203e-01,-6.468868088704833182e-19
-1.912610501729319889e-22,8.416260717222540677e+01,4.803489043237822997e+00,1.464412776260515915e-21
-5.663729850866321688e-22,-6.436603989289330912e+02,3.380662098520253456e-01,-3.439174228506856417e-19
2.068552846514120805e-21,-7.427950079070041056e+01,5.866525536692441811e+00,1.405055870294533110e-19
5.630357935150992427e-21,4.572195373132334453e+02,1.774481258720627563e+00,5.207299463328456783e-19
2.606949445461408786e-22,-1.164282200883545570e+01,7.179211107367781119e-01,2.286055137394915487e-21
8.785174051347214472e-22,1.059386240339064678e+01,4.496904877683519430e+00,1.990003108558664515e-21
3.448962747139570398e-22,-4.716906058789750773e+02,3.229043285152507714e+00,-1.620626557262754138e-19
3.941989829944220921e-22,-7.980338885701971208e+01,9.641279281789761901e-01,1.793549752074132573e-20
-1.141606015816082077e-21,1.958655509553540242e+01,3.911788227370187609e+00,-1.604953072890718690e-20
1.644180142617024785e-21,2.703053168149227758e+02,1.132425024549683412e+00,-1.886453975516150283e-19
1.238420010721942007e-21,-1.657321166658045541e+01,4.850967850296624917e+00,2.835180564279733495e-21
-9.680677083051583936e-22,-4.900249908087494077e+01,4.479227607825117197e+00,1.096070266680686070e-20
5.112241677385921564e-21,-1.638236020013066536e+02,3.089458546785821991e+00,-8.363679478293511341e-19
-1.229648651371253662e-21,2.894143088347974668e+01,9.996897344695451215e-01,1.923745609875853040e-20
2.918009028693686139e-22,4.953350041985730456e+01,4.852184093996213754e+00,-2.014012556473656031e-21
2.618699044985815942e-22,-1.384472544736538850e+02,9.403688197149833172e-01,2.137206488769322906e-20
-2.172663207172100797e-21,2.642303367712410704e+02,1.138396722654120286e+00,2.405701388577048676e-19
4.977526251771806188e-22,2.944201745572236817e+01,3.801175936944317435e+00,1.158095417034411561e-20
-8.084719403976397151e-21,1.790987881800498727e+01,4.935247401995484395e+00,3.200263533000166729e-20
-6.787650053959003649e-22,-2.749790336471334840e+01,4.462092880460887478e+00,4.623054111727347758e-21
1.898125978404288567e-21,-1.859105211106056004e+02,1.058886570350541678e+00,1.728566066069649712e-19
3.531756222068377917e-22,-2.436001219479686881e+02,3.250479717537517743e+00,-8.552410414078894354e-20
2.744043908535151925e-21,2.078506901990654399e+01,6.109926373397211563e+00,-5.618122215478180248e-20
-9.824241777121707544e-22,-3.028656634577071145e+02,3.498446016888097088e+00,2.787975683379910783e-19
-4.572713907626274469e-22,-2.972911692869404732e+01,3.160462871470779866e+00,1.359185435647048178e-20
1.152815057357321750e-22,-8.069719188268631171e+01,6.049213342765141554e+00,9.049419686217719818e-21
-3.352901717354255860e-22,-6.214629256823211563e+02,5.192723895974928006e+00,-9.628301150824260813e-20
-5.395370573841290483e-21,-6.038291941645628214e+01,6.110912883963821152e+00,-3.209658338680558457e-19
-2.555361209174665649e-22,5.176093290986672457e+01,1.676504473757188363e+00,-1.395576780039293322e-21
2.977802641402346811e-21,-5.242754667127322818e+02,1.530451443436654291e+00,6.296889708647956153e-20
2.535144127670781102e-22,-1.800890244127500921e+02,4.037665582929695240e+00,-2.851992890238222760e-20
-2.730652868035082439e-22,2.647136012482280307e+02,5.174640827950319100e+00,3.223615879336264452e-20
6.349656045598647794e-22,1.606863917907427108e+01,5.855815545271125799e+00,-9.285362934488742277e-21
1.806363209411884862e-21,2.220338087071267239e+02,3.530893436019057141e+00,3.710632303525769698e-19
-3.474015344699718135e-22,-2.250456624909676577e+02,3.554291879645222529e+00,7.161723511507653989e-20
-1.188557838143969866e-21,2.197231588749025946e+02,6.111446543705600476e+00,2.573118793709499608e-19
-5.818623227266061508e-21,1.603664638541182228e+02,2.590734615073852165e+00,-7.950821083887483733e-19
7.107218027895054044e-22,1.648909421595676292e+02,3.330830472258376140e+00,1.150994710994591640e-19
2.569211554318276542e-22,-1.285127797751242795e+01,4.691885944681244425e+00,-6.769146664845100059e-23
1.749901486172084081e-21,9.597174552993313057e+01,2.206471526725358179e-01,-1.638695389736076976e-19
7.648406601174306449e-22,4.143625523372860471e+02,3.844330716903106904e+00,2.418348735076589063e-19
9.010837699096358907e-21,-1.954920617365861801e+02,3.524464493298695711e+00,-1.634003439467341760e-18
-1.929525583275150244e-22,1.780874537680986691e+02,3.730471261562496199e+00,-2.857456148402900672e-20
-5.908224390406426021e-21,1.454637549434522725e+02,5.810314865799417028e+00,7.651223639208085742e-19
-6.619238277409521314e-21,-1.703178015797677176e+02,1.795900457437548559e+00,2.516387705889009829e-19
-2.406942642351752842e-22,1.441699691091714541e+01,3.062913254179978839e+00,-3.459353302715744926e-21
-3.448301838306665481e-21,-2.296332867810824894e+02,1.280890885555320269e+00,-2.263580564307319036e-19
7.156024330672862985e-22,1.638342053671312613e+02,3.023264785090030493e+00,1.164203450866084770e-19
5.456135545637751073e-22,3.677484016380117282e+01,5.228026325338411828e-01,-1.738465265275835105e-20
-1.423970347182488676e-21,-1.425760754299696487e+02,3.852372183128380367e+00,1.538625319762265106e-19
2.808638751761019739e-22,5.848138791766176325e+01,5.984991064532360738e+00,-1.570043683601708518e-20
1.560547980088517373e-21,-6.991623320452102917e+02,1.897668938911619696e+00,-3.503258621486343568e-19
7.560208936633631466e-21,-6.542696773353759454e+02,2.261527039900773861e+00,-3.151364118949396056e-18
7.775274551136573330e-22,-1.112456358874177731e+01,4.732149566144665087e+00,1.709110986586500560e-22
-1.430493007070258963e-22,4.176377118003888711e+01,5.324742434439877492e+00,3.433984531641584207e-21
-7.518253325919845397e-21,-7.986816826852593749e+02,5.391112818776291782e+00,-3.769746369997787112e-18
1.748536403229282271e-22,-9.005327641510851890e+02,5.009546737982439879e+00,4.610529286684800511e-20
-2.086055428304967338e-21,-4.722215274973770249e+01,2.688598136964606589e+00,8.857256309541691629e-20
4.498313238097249854e-22,1.117992083851357279e+02,5.831885700718379972e+00,-4.525572563506171310e-20
4.470203072552974370e-21,1.690145837544931169e+02,3.363405598097797711e+00,7.370191954017897125e-19
2.985384583707166620e-22,-1.786376510966694866e+02,4.988434095659692424e+00,1.453528891180810634e-20
-3.419865444759856513e-21,-5.025464131223803577e+01,4.171797483793255878e+00,8.844870193331051075e-20
-1.136459619417574075e-21,-8.399165447461251688e+02,1.607568103539332549e+00,3.509189995547713898e-20
-6.504352133875084212e-21,-2.874192944249607962e+01,4.121179656574233796e+00,1.041981578644683871e-19
2.182167538338595225e-21,-7.030899200524445405e+02,4.856669431095895995e+00,2.205965074553634358e-19
-2.414549847522414880e-22,-5.893600787949931146e+02,2.402403393439289658e+00,1.051647362707734855e-19
-2.195346325024788880e-22,8.310572805125829063e+02,1.856323023768368774e+00,-5.138822179722484180e-20
3.145662193828674450e-21,3.405645046655961039e+01,4.082561472084546672e+00,6.310019764832210089e-20
-1.474665609856708823e-21,-2.958997415271387581e+02,2.792516900345556330e+00,4.100363785961640343e-19
1.588180114171716103e-22,-7.413026946939966422e+01,6.004998546573302676e+00,1.132059995860691709e-20
3.328411652799387032e-21,-1.004976173188104127e+01,2.083714215134552017e+00,-1.641451647554844756e-20
-6.911183810527747820e-21,-9.354968650518178208e+01,4.480018590741877027e+00,1.488881545593905161e-19
-4.274331609518319898e-21,8.392682783983867694e+02,3.226601895795268682e+00,-3.574356756194167366e-18
2.802021710431379143e-21,-4.543991934251563976e+02,3.203072076452015526e+00,-1.270830924799780874e-18
5.508059714637483618e-21,-8.156185162042947923e+01,2.071921518585486233e+00,-2.158242206935768663e-19
2.338104807871393368e-21,9.495972456327282316e+02,1.016475102288171062e+00,-1.168668899993049778e-18
5.232711397768937123e-22,3.728337473829199098e+02,5.020773656477455216e-01,-1.710156667911364962e-19
1.469934801251243841e-21,2.535591572549262906e+01,1.338552964132894374e+00,-8.578464349176820615e-21
5.802880519043156680e-22,-5.106081186998247858e+02,1.555273263216449875e+00,4.599295768878641280e-21
1.473522503497781750e-22,-2.234666615620107848e+02,1.986567012355733075e+00,-1.329958452477684312e-20
1.363748039600023869e-22,1.125870921984039086e+01,5.846662203722519990e+00,-1.391425012208877621e-21
1.655280495766780121e-22,2.448273071787352251e+01,4.467447914451537549e+00,9.827468822677198979e-22
1.136787103814307649e-21,-3.733511071609407850e+01,3.051173932111666875e+00,-4.226869700924919565e-20
2.025166257129123931e-22,2.269529820657510584e+02,5.605659717339809944e+00,-3.581000659119960637e-20
-6.436009663752293192e-21,-9.927382869666467968e+02,4.238550228582184332e+00,2.915460183260207066e-18
-6.891229039739438337e-21,1.527509630210672320e+01,1.988546446011685509e+00,-4.270621565575597545e-20
-1.128216444490389893e-21,3.630741991745841801e+02,4.944751285671438179e-01,3.605603936435122042e-19
1.709150588780635089e-21,-3.579109347546367559e+01,3.398423896334537009e+00,-5.916589956030353566e-20
2.355527879167940846e-21,-1.480037802456322140e+02,4.596163559662959308e+00,-4.042816004425911558e-20
1.344418697642584954e-21,1.302329845902295702e+01,7.926169607885477086e-01,-1.229087252556824389e-20
4.036964829935705820e-21,9.157589715220130699e+01,4.358841551265006053e+00,1.279965713194761923e-19
1.671888081872255111e-22,1.143932490685135583e+01,2.519706999731752273e+00,1.554466412122572237e-21
3.870969689815877258e-21,-3.676829705152922401e+01,6.198244884841870750e+00,1.418158291958623943e-19
-7.547663800587474747e-22,-2.932585130782951524e+02,3.150346479848008308e+00,2.213331857439207104e-19
2.243794909121298175e-22,-7.781400223562505403e+01,4.775859497430005263e+00,1.107442829336262057e-21
-1.742945166333191149e-21,7.057685172063416985e+02,4.123083206750384755e-01,1.127029981627316122e-18
5.479657953647457970e-21,2.729788465935544295e+01,5.712004777891093177e+00,-1.258387533247368516e-19
-1.159480721448451308e-21,2.672987211946002972e+01,2.975048793161764404e+00,-3.056394294039783600e-20
-2.736221140895542600e-21,2.138293781960414606e+02,2.204938863335178745e+00,-3.466549259457505228e-19
2.866883703719748977e-21,-1.234650004883728514e+02,1.930830705087589250e+00,-1.247023048265319612e-19
1.838005106447145749e-21,-1.014032674586549660e+02,2.537422394625910904e+00,-1.533856179662982751e-19
4.672077043526343138e-22,-6.148172950788009530e+02,5.675023885317382444e+00,2.357438917320891466e-19
-5.235743225533260783e-21,-9.357368556429465798e+02,1.433780319903096512e+00,-6.691811007024225037e-19
1.288414400944884241e-21,9.013204035583451912e+01,7.197262629315145377e-01,-8.732621624864526175e-20
-6.417177309212298204e-22,1.022166199669240960e+01,4.830429219606753311e-01,5.808929836218890926e-21
7.456900349763575964e-22,7.221801398741376943e+02,1.288621452520029242e+00,-1.499489974250930066e-19
-4.961074969315426215e-21,-5.390659088824499179e+01,4.050774362994934208e+00,1.643095922244883211e-19
-1.166211717800377033e-22,3.433424723542730703e+02,1.904448277994090999e+00,-1.311325821427231487e-20
1.064870896571555755e-21,-3.751645318349418545e+01,5.999821722295009430e+00,3.835698428440538088e-20
1.723078934773611576e-21,-1.097435124091800986e+02,2.079333910044422584e+00,-9.207127737346738093e-20
-3.307165781354594163e-21,6.976573600456405302e+02,2.195830735641473297e-01,2.251867223896230317e-18
6.076241861990048453e-22,-2.436666701638667689e+02,3.323816630332237843e+00,-1.456063849593854072e-19
8.797913438201288857e-22,2.398956603037436821e+02,5.218717710379379149e+00,-1.023568344589147477e-19
-5.793648938272136291e-22,1.538538020721033490e+02,7.058698725122470874e-01,6.783787028568264456e-20
2.827456343819808080e-21,-1.635273211763316681e+02,1.288285541915767940e-01,4.585347652230464861e-19
-9.712764429111901928e-21,-1.613440978854736230e+01,3.008312338002896880e+00,1.553199129099367539e-19
-2.338225550029973715e-21,-1.482779664400118946e+01,6.411193636210357205e-01,-2.778605376382193136e-20
-2.562877681586963663e-21,5.391184125720923248e+02,5.470444952559709861e+00,9.499302590876852466e-19
-7.398720716152270530e-21,-1.186190066838671164e+01,2.225579481125834924e+00,5.344648203755285480e-20
-1.898356657272769994e-21,3.504098381046409827e+01,1.345388943824049333e-01,6.591916011809298441e-20
-5.582801421729707136e-22,-4.498403655749057748e+02,2.469742863740939764e+00,1.965577612153591072e-19
-5.857890130041002526e-21,5.745116514760593418e+02,1.652548608918566586e+00,-2.748248987185752123e-19
4.871040359372324501e-22,1.124717143042659018e+02,1.615500921434829262e+00,2.448344566733387591e-21
3.208606362899080895e-22,3.327714288429589260e+02,1.989387586723478929e+00,4.340052365001518050e-20
3.237741479236249512e-22,-9.412032032892514621e+01,1.924926379807122834e-01,2.991088983187438495e-20
2.679978725603304258e-22,-2.741347782307668268e+01,2.523801261023064790e-01,7.114014640262573607e-21
-2.807751223409379910e-22,-3.419853004638066523e+02,1.735343156525630759e+00,1.572874278088410870e-20
1.357313793990621871e-21,1.728528600267264324e+02,3.321980841504517556e+00,2.308087275024403305e-19
2.332416273441162041e-22,-3.936620360033325028e+01,1.615766452205874559e+00,-4.127692214005280176e-22
-1.901455497225200556e-21,3.353500369926453004e+02,4.446357121409660329e-01,5.756525058416878821e-19
-2.245905880317378378e-21,1.247859977214244154e+01,2.694296013718077365e+00,-2.526857728447613730e-20
-4.523061132675528153e-22,1.360837493815703851e+02,1.859275042089024277e+00,-1.751104397496242293e-20
3.469681212747337707e-21,-2.249490843942091090e+02,3.934220050128487856e+00,-5.478937965698623120e-19
3.293834696441277171e-22,6.312054047678386723e+02,4.523712761036546404e+00,3.899508656519345847e-20
-3.563286211193342413e-21,-8.194604696682986287e+02,2.668233647404278042e+00,2.598897929236419553e-18
3.633376686145407539e-22,-1.442976021277242893e+01,1.322434792011614735e-01,5.197097619280303817e-21
-4.020923749148411707e-22,6.939432841723871661e+02,7.821862286855959523e-01,1.979362196030796533e-19
-2.243396224736627721e-22,-3.391851915504108206e+02,5.394747649347663376e+00,-4.798596852965694845e-20
8.723738394744040328e-21,9.237104389376904123e+01,5.652138331915615765e+00,-6.506279879237778504e-19
-9.433966028108434716e-21,1.104998356093946228e+02,5.721020752339435411e+00,8.820218668060325561e-19
-1.471657882029197609e-21,2.030736788338912504e+02,5.543552189519643569e+00,2.207689235985221148e-19
-9.592159510463695316e-22,1.004624135842819896e+02,5.922034984406412406e+00,9.014872779334595389e-20
1.157744109780469901e-22,2.035281933105885344e+02,3.576904407831286714e-01,-2.207198296073418332e-20
-1.063433234655198298e-22,1.258512805701096227e+02,4.955447470716003444e+00,3.221024620390712692e-21
-2.866552934277373613e-21,-1.014479357273040883e+01,6.054462686254962200e+00,-2.832323663505755910e-20
-7.712386253127826361e-22,-1.943864608505894012e+02,1.829530742430647061e+00,3.835770318794643647e-20
1.365934747901862161e-22,-8.801592266038426260e+01,1.336996032227860676e+00,2.785302759420235994e-21
2.682264823821753592e-21,2.164946354764282432e+01,3.247559331089226120e+00,5.774386959330077621e-20
9.965150050855892145e-22,-6.791132423644647815e+02,4.109645591769936601e+00,-3.836506987289897855e-19
-1.219630761556891680e-21,1.648107982784769021e+01,3.436437769445876533e+00,-1.923342399399946750e-20
2.749366214450951898e-21,2.828726710497989316e+01,4.561577057094245546e+00,1.168454293536578786e-20
4.795328132853817025e-21,-7.093299083556548794e+02,5.885896961468186639e+00,3.136541350733232100e-18
-2.671996049055381683e-22,-1.600640091809989087e+02,2.958905545864658038e+00,4.205732339780326346e-20
7.587898826377367841e-21,9.543100885816610344e+02,4.261793186040990555e+00,3.153560293391928946e-18
1.164158438556810424e-21,1.595942771598616616e+02,3.016464026203018900e+00,1.843404244867698342e-19
3.498215896022264838e-22,1.068799512912514729e+02,2.508474078626581338e+00,3.014243023204429580e-20
-2.535904899462657640e-21,-7.615141763904888705e+01,2.098008037636647227e+00,9.715997431950328577e-20
3.975666504812396766e-22,5.505009793685314889e+02,6.260852054178405623e+00,-2.188062516561128642e-19
1.243295669229873536e-21,-1.745467159281564307e+02,2.413192976393749856e+00,-1.619440544580509028e-19
-1.862533611886936384e-22,3.899979804428758712e+02,5.524424757717156353e+00,5.271293758792261562e-20
6.714861958744672891e-21,1.676620606403176339e+02,5.478652206524723844e+00,-7.807025715876437462e-19
-1.386815044246496288e-22,-8.864676867085195227e+02,5.557520402987809582e+00,-9.196380247939564025e-20
1.392360986013814742e-21,8.676033471556520738e+01,2.936045798688321717e+00,1.182587708812918988e-19
2.862352401713321981e-22,6.754030153513741652e+02,4.698441016964850725e+00,2.696390662517260005e-21
1.120666347956395129e-21,-6.962669323497874529e+02,6.052477237657326370e+00,7.596091112913989442e-19
9.965567556646958705e-21,5.384633133222126844e+02,4.969423376611207921e+00,-1.364133139963118593e-18
6.188925575944245802e-21,3.426118633742827058e+01,2.038175337613762572e+00,9.553415508355657020e-20
1.094956434692534868e-21,-4.256670302077629344e+02,2.652539733382320186e+00,-4.114513059327722714e-19
-6.733800657529402417e-22,-3.182480162152934327e+02,5.286220233526464973e+00,-1.163345451145139574e-19
4.018403536632657425e-21,9.527051889445652932e+01,1.206182111160292836e+00,-1.365148496973665256e-19
-1.150802621169255660e-21,-9.193991866482384694e+02,3.688029076638341119e-01,-9.869034532873054321e-19
5.351182902200347956e-21,-4.503680560070137773e+01,2.418675780274144316e-01,2.339852358069879700e-19
3.192057589600852452e-22,-3.864781847670980142e+02,4.291284633473255283e+00,-5.042816901159543943e-20
6.139233449637552185e-22,-1.003879231608930951e+02,2.633801281567900610e+00,-5.385399015468857644e-20
-1.292424616204895613e-22,-7.807067350824153209e+02,2.456408973732346901e+00,7.812751138587198068e-20
1.283861076605942704e-22,-8.485086796063106362e+01,9.159652363030554301e-02,1.084800607254699886e-20
-3.883839708410544397e-22,6.563841320224189531e+02,4.928742939052679795e+00,5.472562924587047157e-20
-1.775462162984846002e-21,1.111868452301327466e+02,8.593815230235731795e-01,1.288889017997964263e-19
-8.487931687211835461e-22,-3.890069330976444917e+01,1.860540980465895888e+00,9.433674918253030637e-21
2.932329428003198644e-21,8.775482652715790266e+01,2.392690085782221310e+00,1.884749939119812727e-19
-1.693050958172818147e-21,1.246057157350201727e+01,9.144665811114740528e-01,1.287329235255691594e-20
-3.670361694876786617e-21,-1.021404100869989833e+02,3.204829367071059476e+00,3.741429235176663463e-19
-2.823699355984172550e-22,-1.733587435082650430e+01,8.518890542833702506e-01,-3.223750140012073959e-21
3.258916570682528230e-22,9.186413527836837147e+02,2.130046456967206403e+00,1.588349754212972701e-19
-2.031395151503378669e-22,3.464247231037763299e+02,2.910564319605384753e+00,-6.850285318790029185e-20
4.172783447923236102e-21,2.035103859529099779e+01,5.415539793300821358e+00,-5.491164910027616971e-20
-2.040200518452614466e-21,-1.844464688178516099e+02,2.152821598730436214e+00,2.068627379714558189e-19
-8.729654915452892483e-22,1.057673253660160562e+01,1.077044542839442842e+00,4.375880442571744799e-21
-1.251673601016200966e-21,6.168167183957235693e+02,5.285358640130319863e+00,4.185530678940439840e-19
4.761464992858522400e-22,1.517799500067055476e+02,3.833480324299780140e+00,5.565062130685566248e-20
8.366005209087939589e-21,4.270086641657424309e+01,1.005563481687505867e+00,-1.913398764115344034e-19
7.846209484093802609e-21,-1.979913030828563762e+02,4.375894944907893880e+00,-5.129281017161897371e-19
-1.745006959931648775e-21,3.088865701701529929e+02,3.720678679836086467e+00,-4.511308664330850647e-19
-3.955017160962892132e-22,1.744243090688590883e+02,3.100566819914970740e+00,-6.892706662931694523e-20
-1.997090287622282687e-21,1.742355176943522821e+01,2.255371517630227807e+00,-2.200329766475577909e-20
1.892085328227232101e-22,-3.054626590235110370e+02,2.642223525264973727e+00,-5.073835666005916953e-20
9.332200975122445661e-21,-2.071334008788757330e+01,5.608977138801806817e+00,1.510070760410079424e-19
1.730789435363871417e-21,-2.193820006283734756e+02,2.170073447543956480e+00,-2.141704391192951717e-19
1.180784284505888311e-22,1.216497830187740732e+02,3.562517056321499176e+00,1.311038605880379602e-20
-3.176963712183609821e-21,-1.076715012595455221e+02,1.041224456688860878e+00,-1.728006339239525568e-19
1.507164334585882107e-22,-5.360619185745913029e+01,4.211349690856768246e-01,7.373406734203337342e-21
3.470909680075664257e-22,-5.438584218429202792e+02,1.521319659378854439e-01,1.865881158803244211e-19
-1.397474937125157554e-21,2.811428769395939042e+01,4.073770923167028712e+00,-2.341964680328807511e-20
1.242810164070026283e-21,-2.150937593798340686e+01,5.802408752605822784e+00,2.370161810486240002e-20
-3.389631278747856180e-22,2.414944779005827797e+02,1.750515275900927925e+00,-1.463231826670814674e-20
8.787409074617074353e-21,8.368420447079677160e+02,2.994402185276166112e-02,-7.350376808828603267e-18
-2.698649447766429425e-21,2.382302198258256851e+02,6.338974735563756013e-01,5.180006117639756223e-19
1.169190438369585811e-21,-1.471971681051105918e+02,6.799636289416539636e-01,1.338253838272315684e-19
1.050181443088708615e-22,4.386567460098340376e+01,3.397882244492661297e+00,4.456224283993983911e-21
-3.543106737493627763e-22,1.541309211722817096e+01,3.613412494935438701e+00,-4.864366042416055104e-21
-4.054084845887237317e-21,-5.853380938179937942e+01,1.967607183859719999e+00,9.171185792467876738e-20
-2.291933145507571329e-21,7.447696999087622771e+02,4.890808713740214309e+00,3.029424881123631891e-19
-3.249518736760493195e-21,-5.209176328546852375e+01,4.949933542539648457e+00,-3.983282737199210248e-20
1.709403630738023583e-21,-2.748403055401824417e+02,6.158157285642563705e-01,3.835095554408072894e-19
-1.087476009998865220e-21,-3.099891727906167560e+01,3.975753889087971921e-02,-3.368393987232825090e-20
-1.589745539786031772e-22,-1.380638483659647591e+02,7.550154359402471149e-01,-1.598433681115421009e-20
-2.096945783485352691e-21,-3.371293185290986116e+02,4.208272022029380111e+00,3.414772835949437763e-19
7.400595449620488292e-21,6.151457156674996440e+01,1.580991007122109826e+00,4.640991332504793684e-21
-5.597827742724716801e-21,4.726168178564167732e+01,3.945479037657970700e+00,-1.835836751087171042e-19
-1.836225144817185210e-21,3.895146245618986427e+02,3.274064915827615607e+00,-7.089699128992872392e-19
-4.067852074052970471e-22,-1.099472744056845670e+02,7.993938663556708901e-01,-3.117959648211661372e-20
-1.245446578581908948e-22,1.908122846818195129e+01,5.432825097322154129e+00,1.567783676292300748e-21
7.579284200244214519e-22,-4.984803732739398185e+01,4.447335432297724545e+00,-9.897210488428333463e-21
9.653802482995129212e-22,1.075585029566973105e+01,1.304753596999215670e+00,-2.729978809457032463e-21
-8.225140114437010648e-22,-7.551226995918088392e+01,4.363106800289228815e+00,2.125546234210682737e-20
-1.701602398736255753e-21,2.671327101911155566e+01,5.716284220221989010e+00,3.834474689621801376e-20
-6.080159635907710620e-21,1.055165000817276599e+01,1.719935820016802008e+00,-9.532720394048529237e-21
1.148700900922103796e-21,4.940262215993374895e+01,4.315990186775169324e-01,-5.154485498126435199e-20
-1.077041599329746063e-22,2.552754163413383424e+02,3.446201979603650045e+00,-2.622850556292231391e-20
-2.880163125113346711e-22,-1.338537098624030008e+01,5.693085263273609975e+00,-3.203232222391322855e-21
1.304960936603619266e-21,2.744864812076770377e+01,5.947426090585248737e+00,-3.381927292592857847e-20
3.647604123239110026e-22,-1.234301444220596125e+02,2.208321402139654221e+00,-2.679773270079532612e-20
2.643912596245402984e-21,5.510300150610287062e+01,2.464076806023768551e+00,1.135098575573153973e-19
1.756504305724149172e-22,-9.961888149886594590e+01,4.359383503424593798e+00,-6.049434492824238813e-21
-1.944896697266982751e-22,-1.293666135355501190e+01,3.297478704879657663e+00,2.485538299526047475e-21
1.381856575996113322e-21,2.273654561136420682e+01,4.830685220866140384e+00,-3.708045054698824320e-21
-8.569793776577753192e-21,-6.402709425153521750e+01,3.097073063054364361e+00,5.481553246130819332e-19
6.941352078879000042e-22,-2.444827253677917440e+02,1.420800924906170160e+00,2.535948734883524316e-20
-2.664180931514101235e-21,3.896526069920923874e+02,3.738113827377837595e+00,-8.588190199368811513e-19
2.519133474837439118e-22,1.999973627851753832e+01,4.460340748718360615e+00,1.256466729861114850e-21
2.184318716160776894e-22,1.669170664518810199e+01,5.292835829448465645e+00,-1.999458245216255384e-21
-5.339190305912680187e-22,2.931171669748707131e+01,4.730027204343965508e+00,2.760253626031058062e-22
-6.491013253191544214e-21,-2.574175720937895449e+02,3.206770399967556084e+00,1.667353019048138857e-18
6.548444460791536933e-22,4.131443607872433859e+02,4.288478011398239254e+00,1.112829580541582739e-19
1.084027217262257616e-21,9.445210677818394061e+02,4.293115679186355393e+00,4.168209408588875977e-19
6.403281445480735797e-22,4.079877493001604307e+02,1.008961881258973348e+00,-1.391760961145937774e-19
-3.466005928383766798e-21,-1.489300224598968612e+02,2.210904555948558503e+00,3.083125216946751170e-19
4.857325970096403775e-21,8.571248673106136096e+01,1.348091799412084679e+00,-9.195481268758595468e-20
4.623366637527918895e-22,-9.883898284298534520e+01,6.215952351241894824e+00,4.559364333657132285e-20
-7.744634943445098636e-22,-7.162617631210491709e+01,2.890080372402960229e+00,5.372655710534612727e-20
-1.549774155043144642e-22,-6.490942664840602561e+01,5.967365060683582634e+00,-9.561971999238270935e-21
-5.698439795992537874e-21,-7.138511793653856330e+02,6.088878744481428740e+00,-3.991288574795231131e-18
-2.165211854140504953e-21,-1.010892468634071122e+02,1.155631932854065624e+00,-8.828299202184800077e-20
-7.021648556556163146e-22,6.179628357914667731e+02,6.115564075423985280e+00,4.278302616350470626e-19
3.611066397509817469e-21,-1.046465566319326825e+02,5.977475377807330403e+00,3.603644381659076632e-19
-2.930778903115313181e-22,1.213118746812176241e+01,3.143866807594943413e+00,-3.555373636312199247e-21
-1.066230322293333194e-22,1.610078770522234777e+02,5.589199300058925957e+00,1.319643226317024330e-20
-1.956164345247966701e-21,-1.299374880056174320e+01,5.805669641619809695e+00,-2.257464561859579126e-20
2.714534438242383754e-22,1.436102557338505790e+02,3.081063828334043908e+00,3.891210761210763477e-20
-1.010547760441342136e-21,-9.196930735232384677e+02,5.468180467132768285e+00,-6.374385423147206843e-19
-4.266362106200215610e-22,2.160799115886898036e+01,2.393260211904010060e+00,-6.755727150304449107e-21
2.457668733160690240e-21,3.048029659286664241e+02,4.964841392139568654e+00,-1.871109161230208667e-19
7.893990306415814849e-22,-3.588259676003532377e+02,1.579855595825846448e+00,-2.566065099206492617e-21
-1.457738366062208786e-22,-1.027220876707852426e+01,1.215050532425355101e+00,-5.215355029663482452e-22
-4.536971963802341291e-21,-1.922140168403853977e+02,3.245541167147314887e+00,8.673623623339260247e-19
-1.084553720945723419e-22,2.797285821918178499e+02,3.334392469202490439e+00,-2.977595212686279794e-20
-8.570147079320557437e-22,-6.621659800955340813e+01,1.980239187083091545e+00,2.259152064909616416e-20
-7.963520375151321165e-21,1.207137983959610494e+02,1.183615234509889091e-01,9.545809608538681762e-19
-3.225041225978738283e-22,-3.857164759235750466e+02,6.534252658731195540e-01,-9.877052426696484054e-20
-2.151641959459811914e-22,-4.052023882137210080e+02,3.527695511293721164e+00,8.076680387898218893e-20
-8.321166278941537420e-21,1.423866997037041315e+01,5.819622603877861344e+00,1.059783254289114504e-19
5.636476632577801315e-22,5.262824108802129075e+01,2.084292639656156076e+00,1.457161196600641749e-20
-1.609335161435959656e-22,-5.864314357361168959e+02,6.269760967435616728e+00,-9.436796912903538052e-20
-8.466143982454619612e-21,-4.469320414610844949e+01,3.463743877169422891e+00,3.589139632974931778e-19
1.869655473617893326e-21,-2.624094786673671464e+01,3.752606801255076618e+00,-4.018466324155411125e-20
6.038196165079409674e-22,-1.613013260080301166e+02,3.418235064198502648e+00,-9.369367075482240248e-20
3.097077789166483048e-21,-1.449485318782764942e+01,5.617763743054307035e+00,3.531434188077800492e-20
2.479968470724342522e-22,-4.675192498605978386e+01,4.450424599598900244e+00,-3.002681175862530554e-21
-2.906941500544882802e-21,-2.060342008738557951e+01,5.945458980304938024e+00,-5.650961297049927075e-20
-7.858270224957795120e-22,7.162311712456804571e+02,4.635162681732814427e+00,-4.342238062222372334e-20
-2.170745417126803717e-21,4.427895626675708627e+02,3.685654026891211910e+00,-8.224015194118356870e-19
-1.578330927066596514e-22,9.150438150199931897e+01,4.387528885916108123e+00,-4.609676600632721151e-21
8.104922141840775752e-21,-2.005108367195987995e+01,5.314004992410873207e+00,9.197807562774131046e-20
8.480190704527005324e-22,-1.386269788273857806e+01,3.792263575876530624e+00,-9.353852168645755133e-21
3.929185609399289584e-21,-8.119523582981899779e+01,2.005395290801303965e-01,3.126375277565453698e-19
-1.274888827583473667e-22,4.216263385816750997e+01,2.654232698023907197e-02,5.373373771164429648e-21
-1.345828803558606765e-22,-1.061871532548726123e+02,5.679700273751532968e+00,-1.176665562421146511e-20
1.629226743188114292e-21,1.094318786847274936e+02,5.682920839272810554e+00,-1.471219157329796512e-19
-1.876004419445997941e-21,-2.237763359310982381e+01,4.261666474379379288e+00,1.828739465893984700e-20
-1.897770112916163502e-21,-5.179969107196767482e+02,1.357280103121693227e+00,-2.083035965012523474e-19
-5.480074368865784867e-22,-3.186090541401884124e+01,6.809809471426919725e-01,-1.356565377709852930e-20
-9.102387076328205006e-21,5.402056293183645153e+01,4.041772104507835195e+00,-3.055864882602834518e-19
-1.288806229871072340e-22,-2.371889955399148278e+02,2.231648965923078265e+00,1.876299305729373306e-20
4.970546525907064487e-22,-1.640768641985089289e+02,1.364902518178645829e+00,1.667331580229935631e-20
-3.419717810793379513e-21,-2.971923926566823937e+01,5.031746016932223675e+00,-3.190780901171371901e-20
-1.873411324360249962e-21,-1.680236074145968672e+01,2.310927321317431726e+00,2.122809959949770669e-20
-1.097899573474180175e-21,-3.136657925418141417e+02,7.804044450843682368e-01,-2.447218387005821980e-19
7.172517835698565130e-22,4.071596892978872688e+02,4.750265212903950207e-01,-2.597019588647972903e-19
-2.244707173279979677e-22,4.198621891286760501e+02,4.001192317703828216e+00,-6.151871064243637115e-20
-9.502586043482952209e-21,3.104223827550597434e+02,5.194238708033735996e-01,2.560750392690150756e-18
5.283704269499836746e-21,-2.010486709739583375e+02,2.073895915064903228e+00,-5.121720951508819169e-19
-9.961597136999239388e-22,1.519402790737387932e+02,4.198843540724354284e+00,-7.435681087029163187e-20
3.347080323943468141e-22,2.782107477228884918e+01,2.688032828544475006e+00,8.370435153048727796e-21
1.118324458269577471e-21,-2.773973891539860759e+01,1.037318861899876543e+00,1.577565261933543602e-20
8.099158865583425851e-21,1.553532065758627212e+01,5.699898892290074848e+00,-1.050190856150217787e-19
-1.217590976935466038e-21,3.079933427392167573e+02,4.256320493254188264e+00,-1.651625579829511360e-19
3.691645536465751928e-21,-2.038872054497239716e+01,3.246944389536293052e+00,-7.485061645598573407e-20
3.282599042914222952e-22,-3.223285752506148327e+01,4.569686605572956140e+00,-1.504779453541040731e-21
9.417978261598525369e-21,3.725083087133933901e+01,5.107895068025810614e-01,-3.060474760811439441e-19
1.915583636475868083e-21,-1.356496649274039612e+01,5.218676881446623561e+00,1.260093110196701745e-20
-2.458767737602172361e-22,-1.730450435884209526e+02,3.773116433710949735e+00,3.434152192764234577e-20
1.555013321219296628e-21,3.676007576361763540e+02,5.879197787791246910e+00,-5.256088299212942220e-19
-1.080751779622072208e-22,-6.779374347731029502e+02,8.127363908578539853e-01,-5.037291360718804944e-20
9.584254160708783657e-22,2.584798376395478670e+01,5.394252346112258678e+00,-1.561318596017790801e-20
2.272080137218084141e-22,-2.348656329358644257e+01,5.420545775699316948e+00,3.470938503603829285e-21
-7.104809277003379074e-22,-5.668765554219225322e+01,3.437824479281078371e+00,3.852122933089852328e-20
4.837245002424820745e-22,7.169730020838507301e+01,1.023817938059040200e+00,-1.803828024482730784e-20
-3.609059633575116515e-21,-6.593132362355143528e+01,6.211092308673732632e+00,-2.373319855329414405e-19
-6.523751503896732850e-22,-4.542539228721018389e+02,1.025511041476172336e+00,-1.537023641255997461e-19
-5.408919650888292953e-22,5.247748162027650665e+01,4.083704741159913887e+00,-1.669247446884083406e-20
1.827573872287505272e-22,1.302719365324023570e+01,5.380445297239263347e+00,-1.474823330366249176e-21
-1.674164313001985445e-22,-2.409364613498910401e+01,5.373412255436791796e+00,-2.476371875573038475e-21
3.521162661949182417e-21,-7.226972523400971227e+01,5.833168242334893172e+00,2.291379990638307640e-19
-2.451947789602626644e-21,-2.089112968066946792e+02,4.397911206725027000e+00,1.584458985276432756e-19
2.393005336699052240e-21,-4.302034298588130810e+02,1.291051205999546703e+00,2.842501820556980371e-19
-3.132748186951228952e-21,-2.801886890979805855e+01,1.412266964470926034e+00,-1.385687151706753633e-20
3.202000344795747102e-21,3.638580091587244851e+02,2.415050754644147535e+00,8.708645098081812331e-19
-2.191501485481977604e-22,3.690426828727986930e+01,5.105263108739944933e+00,3.096289187917444869e-21
-1.617646390877575414e-22,-1.212777777891674624e+01,5.883798708511810638e+00,-1.807447739676890479e-21
4.080535290125491286e-21,-2.557798874506283937e+01,5.447048627340995708e+00,6.996408965509129493e-20
1.006376959259191320e-22,-1.630646117281526486e+01,6.086314365883998434e+00,1.609345321609648172e-21
4.093601607489850619e-21,-1.823742288443547821e+01,5.066827493433879503e+00,2.591065569552745921e-20
-4.432270530088736213e-22,-4.565362196342740475e+01,2.385236877906294684e+00,1.471770289286934661e-20
-1.076986279438427998e-22,1.087990103306148626e+01,5.995688956478187892e-01,9.673724853930820432e-22
-1.010622010235532683e-22,6.049013336780853933e+01,3.950660265956685624e+00,-4.219213895916984537e-21
3.625485207698977265e-21,-1.677987383565219375e+02,7.698031359419689190e-01,4.368256420400177893e-19
-3.578299982059243096e-22,-3.789018502703823401e+02,3.774612125404491980e+00,1.093126604755939147e-19
-2.613632860813593406e-22,-5.135241120319687980e+01,5.306887444054331660e+00,-7.517368307894929863e-21
-6.125749388616914491e-22,7.121986760021632108e+02,2.994164603054662033e-01,4.168646481997964606e-19
1.068322259625150660e-22,-4.869540139903746763e+02,3.703964602120114247e+00,-4.401055907032093889e-20
1.687252001702483090e-22,-9.979671052732140879e+02,4.984832082264457398e+00,4.530916270692199422e-20
-1.323360499491375510e-22,-4.013936903138107937e+01,2.406313000710921912e+00,3.939523755261659436e-21
3.891979311710125892e-21,2.320076609664178022e+02,4.794581540761430283e+00,-7.413379965833581163e-20
-7.395247391295975856e-22,-4.438746221587795731e+02,3.391940007619962838e+00,3.180233433800144405e-19
-1.091997801640325513e-21,-1.390398009618674813e+01,1.015366380341795827e+00,-8.006188442011293638e-21
-2.775036811393475097e-21,-9.450832790674938622e+01,1.349212071966547244e+00,-5.763919998403470056e-20
-2.111651147152785335e-22,-9.198786595852077141e+01,1.277357236801696549e+00,-5.618496309659430597e-21
1.576892054452548524e-21,5.656868994738375704e+02,4.651497269639289556e+00,5.428350092957399267e-20
-2.013054134738961520e-22,-1.197131214526695260e+02,1.027925949832155794e+00,-1.244939064307371865e-20
-7.939350287401951641e-21,-2.014628689024695802e+02,2.234848737419247389e+00,9.857832496475052048e-19
9.048173092467745775e-21,1.741640654932275467e+01,4.979000799508523478e+00,-4.151848800877536118e-20
1.385742587894101895e-22,1.756983278725883508e+02,4.974435271532174241e+00,-6.307342416965541582e-21
-2.232369413216255886e-21,-1.329856847142247602e+02,5.239510545514182382e+00,-1.493413727221474493e-19
-8.698195392551528657e-21,7.307742561796585790e+01,1.110384667976223483e+00,2.824263852452322683e-19
1.242529302319218591e-21,3.271208919131136099e+02,4.962199421804094790e+00,-1.004844896505343081e-19
1.447403871469522175e-22,4.093474040467339137e+01,1.769406506990752082e+00,1.169026390447046017e-21
6.422993439755086183e-21,-3.882340970314739366e+02,4.863203267085990156e+00,3.746502731483768590e-19
2.272173218967643263e-22,2.168461224801331255e+01,5.740301639624425079e+00,-4.218710692864687231e-21
4.315051766068314621e-22,-6.299109497723822670e+01,6.195332040595800116e+00,2.707615692613909975e-20
-9.546601293858369355e-22,1.252914690336553072e+01,4.793839892297783400e+00,9.731637605468567997e-22
9.827233851523043015e-21,-4.888283833450527283e+01,4.855872566865510720e+00,6.869082453580939626e-20
1.345995537438563061e-22,-7.543382633334744014e+02,3.418099625084707327e+00,-9.767682904401513336e-20
1.719572684881051326e-22,2.123246495743264362e+01,4.965208634678162980e+00,-9.132619559542988294e-22
2.926368462410148414e-21,-4.174807333778154543e+02,2.631704583448235546e+00,-1.066300853913754375e-18
2.732225866482074845e-21,-1.158949930693358255e+02,1.409765523123793551e+00,5.077052627557994221e-20
4.918913468555863316e-21,-7.638410404554309707e+01,2.306654226130180341e+00,-2.521965907226944410e-19
-1.545648689924565807e-21,-8.828872844750803495e+01,4.682150181469443062e+00,4.125859187851704578e-21
-1.260193213153622655e-22,-1.103248111528842372e+02,3.658429913997037097e+00,1.208712854655545751e-20
2.613280790168698205e-21,-5.914581655101430613e+01,4.623857190592856270e+00,-1.366601456718360814e-20
-7.381893929435142752e-21,-7.047570064802022216e+01,3.176562242065297248e+00,5.199260831700179085e-19
-1.401660646624411533e-21,-9.820697185107799214e+02,4.104508631205447067e+00,7.861750665276308925e-19
-2.791426734123727471e-21,3.189691198911035386e+01,3.745509226130060654e+00,-7.328867691409139347e-20
-2.228382132289795020e-21,-3.634898754934604312e+02,3.897179116552321521e+00,5.895701954868425919e-19
-6.134994968660371969e-21,6.777415310922942808e+02,2.043780257699253866e+00,-1.894127696907798059e-18
8.221644398245700927e-22,3.914616418376645868e+01,3.207121250534048063e+00,3.211550861607623267e-20
-3.949793667076403440e-21,-1.547233798017215349e+02,1.789026732625525806e+00,1.323100846078667689e-19
-3.696381204445082215e-21,1.475059278108814738e+02,1.700189851310419886e+00,-7.035358240180282425e-20
9.418502072462381613e-21,3.924837131622525135e+02,5.846638880280179862e+00,-3.349930642303737969e-18
-4.051843438111569995e-21,-2.762749720890040805e+01,5.362636483931400910e+00,-6.776800843210430165e-20
9.963955685810102898e-21,1.065964996180099966e+01,4.018378932471393661e+00,6.793600713858444251e-20
4.981159330930378859e-21,-3.229045153822368661e+02,3.904043438893091356e+00,-1.163135207805280334e-18
-7.450964421744869854e-21,-4.175314907898864476e+02,3.411117956255009798e+00,2.998696664717279186e-18
-1.644840208385036637e-22,6.837759968032835900e+01,2.540699883772682632e+00,-9.276894981412506195e-21
-1.021612286925044638e-21,-4.251073074889427517e+01,3.310264617300162637e-01,-4.107166457403832106e-20
9.629982237591429216e-22,3.439854756002178959e+01,1.096340569332178605e+00,-1.513363978422227702e-20
1.439023764332035947e-21,-3.553429220864776283e+01,4.882658595607499485e+00,8.664674769656235866e-21
-2.043501370002885275e-22,-1.143285652427581134e+01,2.839465462984540611e+00,2.230484462249304222e-21
-1.572236501604006703e-21,1.495944709509367385e+02,5.476400212269568080e+00,1.627153976787871110e-19
-1.969824540648205315e-21,3.599437651312828734e+02,2.314782395515758984e-02,7.088361144966488089e-19
-2.929363297858162963e-21,4.005168588894826485e+02,5.148648754877589440e+00,4.957637085652320134e-19
7.841897595922660057e-22,-9.734284133067253606e+02,2.714640546871992299e+00,-6.948280367677472013e-19
7.337622522460696152e-22,8.233703709944559250e+02,4.938247936416479078e+00,-1.352973303414767411e-19
1.782683548014064274e-22,6.527855328590662793e+02,4.982083959857742883e+00,-3.100559379774007339e-20
-1.201665295314734850e-22,4.920368969054566151e+02,1.562107952124835331e+00,5.137055601706207684e-22
-2.449422808114536275e-22,-4.838404373451458440e+01,4.101239020829659410e+00,6.800389092223310163e-21
1.551927273962594468e-21,-1.282307433867315716e+01,4.539891626965910199e+00,-3.415781314290470558e-21
5.882369279878070302e-22,-3.255913773253157046e+02,1.409357722074159103e+00,3.078537672872340396e-20
-6.452867928864765248e-21,4.794720673128076527e+01,5.424191158419609415e+00,2.020979345254540319e-19
1.415339975583039932e-22,1.514070977839125476e+02,4.475881389622291096e+00,5.021063861554070170e-21
5.823624348353986339e-21,6.016530552947409660e+02,1.857034015998525023e+00,9.892807960006333093e-19
-1.033223320280368754e-22,-1.907215017463536526e+02,2.742833130495114347e+00,1.815974002730835037e-20
-8.703706218192807349e-22,3.115423180803205483e+01,6.145513171820738307e+00,2.685916317084296776e-20
-1.249359927875668584e-21,3.443071578192800075e+01,1.447375839397199826e+00,5.295631377775820073e-21
-1.544994223469220952e-22,-3.771501398420056717e+02,3.283604983693100277e+00,5.768289066154923973e-20
-6.335232638389256422e-21,1.024802411815659298e+01,5.419790594905201431e+00,4.219133023886915893e-20
3.713777089000235369e-21,5.038134012620654403e+02,4.016489584994912931e+00,1.199485610599536517e-18
2.705852452848875606e-21,2.811837030199506557e+02,4.465537520861222909e+00,1.859132290644523745e-19
-7.397864441577489326e-21,3.984375869406683250e+02,5.472625937206808011e+00,2.031162277774388433e-18
2.310820109738925463e-22,3.489157399150209926e+01,5.733123932350690843e+00,-6.873488909184024109e-21
1.476239022895666449e-21,-1.288589519287542657e+02,2.952291213744113296e+00,-1.868283907624532559e-19
-6.988466254919722714e-22,3.980204024452615386e+01,5.103785865053931836e+00,1.061106612185705265e-20
1.813272687227620128e-22,6.882059158114626030e+01,4.142294416904557686e+00,6.735088731132363752e-21
-4.424220934689320370e-22,1.903092514923665846e+01,8.844088600912054787e-02,8.386794632149472424e-21
-1.603537612627417898e-21,-3.650712079591648518e+01,5.462951330848211384e-01,-5.002026721592427061e-20
-6.474121007325986734e-21,2.215164327609082022e+02,3.541163791208261635e+00,-1.321155239829349849e-18
8.532415412053019323e-21,-2.375998595515315870e+01,3.456701349626650543e+00,-1.927481885489406408e-19
-2.612944936680825902e-22,-8.500382187631749957e+02,3.865956359173432499e+00,1.663431212761539978e-19
-1.121601379796491684e-22,-1.663495229385635099e+01,1.556966104282424546e+00,-2.580330982370715178e-23
-3.069604171022893603e-21,-2.378261142421606849e+02,5.232357858757628044e+00,-3.627186999771153142e-19
-5.951976976523204957e-21,1.099018427794773061e+02,5.629036080096577743e-01,5.532064875759341428e-19
8.811756136931614384e-22,1.605684687918560627e+01,1.047590530592869218e+00,-7.069635107461895721e-21
1.367504278285575783e-21,5.958057489111148186e+01,2.268865272482815332e+00,5.236829054703620917e-20
-1.790692302987187828e-21,-1.466136660508742864e+02,5.393996231558364052e+00,-1.654111946318085783e-19
3.933023168736785209e-21,1.881314893127444066e+02,4.338854207705255206e+00,2.700052776710273694e-19
2.009100106196012623e-21,8.139536080747475921e+01,3.838815763796370906e+00,1.253677973919399146e-19
3.315889899814227607e-22,4.461432703042522974e+01,5.652750047290524549e+00,-1.194985693950505128e-20
7.783389727191430849e-22,7.304181181216449659e+01,3.524133014341763293e+00,5.274204170331673333e-20
-2.097392213055447693e-21,1.763129869736768001e+02,8.374680880922789061e-01,2.475224884359792482e-19
3.509740858818748164e-21,2.922602231006698048e+02,6.236146951014380768e+00,-1.024623056398079557e-18
6.648452251966831918e-22,2.291426125322207952e+01,3.717805422075738608e+00,1.277456520891534112e-20
-9.034351114894237469e-22,-1.571318781261386377e+01,4.439433933291216938e+00,3.826891299642830104e-21
-1.181339077871319740e-21,8.837115531246926139e+02,3.685997381651440197e-01,9.738429074110852595e-19
-5.946804425898567396e-21,-7.823830477611788581e+01,6.089697123069144347e+00,-4.565857597677012135e-19
-6.871881766787984084e-22,-1.191606159135553966e+01,3.413369165859853727e+00,7.888019224424380638e-21
3.434319793774010629e-22,-1.824134986117550170e+02,1.135507735903105164e+00,2.641633545368676575e-20
-1.739892420522965764e-22,5.675933859066620926e+02,2.876460437612323950e+00,-9.530442735590927891e-20
-9.939841891079212732e-22,-1.404676307908589195e+02,6.039713306913945701e+00,-1.355046892555465284e-19
6.080803445472657124e-21,-1.444753793195390017e+02,2.769235981771941191e+00,-8.183232101318289337e-19
-8.231526944352456136e-21,1.138718041148391649e+02,4.800416163956092497e+00,8.240477760325804608e-20
-2.864084970653349988e-21,6.676834843381278972e+01,4.359494359996740620e+00,-6.609212818173634051e-20
-1.116184347189399918e-21,-1.717216661617166551e+02,4.463469947388908565e+00,4.721988916095252078e-20
-1.982632919093183588e-22,2.234623509318647621e+02,4.315082958555595205e+00,-1.714294298616237310e-20
-3.829782482876809681e-22,5.130883677524114717e+01,5.884572937442797524e+00,1.810960457346417829e-20
-6.793832757429454253e-21,2.853206268775335275e+01,9.512517633923107674e-01,1.125571905633635970e-19
1.184636584448164452e-22,1.768434303729581458e+01,4.242444391410217897e+00,9.486715195087206737e-22
-4.695693729286549489e-22,6.482397754723642436e+01,2.340886482256454126e+00,-2.119187735739075153e-20
-7.845184063547456735e-21,3.503420521121500997e+01,4.653286251961037401e+00,-1.623491676198525456e-20
5.050412164931611546e-21,3.609675425411530227e+02,2.032454566321413747e+00,8.120405568188818635e-19
-1.821809011131078149e-22,-1.705369892821284949e+01,5.420933101967793988e+00,-2.021722747917730791e-21
-6.089417653706283418e-21,-1.696559958503285088e+02,3.595381824141566263e+00,9.285481017522700010e-19
2.284828071441573633e-21,5.064412460241843661e+01,4.791723527077993872e+00,-9.170420932331280797e-21
6.085037771947256697e-21,3.346240703316168208e+01,3.042622237852309564e+00,2.026235809024159585e-19
-2.360984605744092143e-22,-1.473938178141987088e+01,3.839375150577875595e-02,-3.477380804274834439e-21
1.106505201202679777e-22,8.485739244620773434e+02,3.010189617925635108e+00,9.308567947484571948e-20
4.524629984953305438e-22,1.079592190694476272e+02,5.422350568250863923e+00,-3.183906104205115211e-20
7.866862141092588887e-21,1.721730785541129762e+02,6.211659715634331391e+00,-1.350998697523980161e-18
1.704918047804660676e-21,-7.763460745788175643e+01,2.465936641473859492e+00,-1.032805921689258432e-19
2.021944523916849305e-21,4.782310684070689888e+01,5.605607460286023525e+00,-7.533496422199540478e-20
-1.395097128991143178e-22,-8.210427810359298917e+01,3.933344277103276720e+00,8.047821880749803846e-21
2.326088663287733484e-21,-2.700871951540775626e+02,3.858701736475463662e+00,-4.735151207844418727e-19
1.985319977883979301e-22,1.748262483824303501e+02,2.376391669495578063e-01,-3.373316913906307255e-20
3.225208288929804943e-22,6.628319208169793342e+01,5.068337270403038275e+00,-7.449690922847824422e-21
7.524069955160724751e-21,-4.158189242824658436e+02,4.970480708430664585e+00,7.985441273719126862e-19
-9.919651253937488186e-22,7.831252599799282166e+01,2.910917252696865187e+00,-7.562563484388136048e-20
5.795280543837898790e-22,-1.220281750493296258e+01,5.587032709376869022e+00,5.426356432732186553e-21
-2.256760820249219255e-22,-5.955226435551878694e+01,4.803086181469757854e+00,-1.217256543586407287e-21
-5.741297903880832832e-21,4.137001038354419080e+01,2.739409505714780924e+00,-2.185657057009423732e-19
1.458227510853997403e-22,3.655396905573963551e+01,9.948761042049896197e-01,-2.902972288337274278e-21
9.628016757006593758e-21,-1.038393850714465572e+01,1.920023156687435728e+00,-3.420918003660884948e-20
6.102061839566362206e-22,-2.572893967681688991e+02,1.252858278555028182e+00,4.907942166596475791e-20
2.136132942445946112e-22,-2.659891628860450652e+01,2.021440782657644153e+00,-2.474719569934233388e-21
3.496890703253643560e-22,-2.723694824357505126e+02,1.285839477834818556e+00,2.677479358602418806e-20
-1.390787251070343522e-22,5.856695214692468880e+02,1.111494831171871533e+00,3.611043403945266075e-20
1.244675031048791548e-22,5.570446042895708416e+01,4.728521262886992149e-01,-6.172614282260466590e-21
-3.244163166584297460e-22,9.483279430211342742e+02,5.272435531665815578e-01,2.658729320475078103e-19
-1.377954760510013699e-21,8.706656186414335252e+01,4.108076145974962401e+00,-6.816871343989229085e-20
-7.257936776443383191e-22,-1.484636219870142604e+01,6.090731871118100216e+00,-1.057645967395995668e-20
-7.355248316885105062e-21,2.937052000739860347e+01,2.818405436302980238e+00,-2.048432951824732025e-19
-5.009295707126571080e-22,-1.319328626525581960e+01,5.328985313887248054e+00,-3.821677460716834135e-21
1.529983237028792696e-21,4.602864429198166931e+02,2.993036375976884766e+00,6.964740020430921519e-19
-3.316043524256132826e-21,1.024901808411689075e+01,5.140128979191205261e+00,1.409799759849364737e-20
-1.250701881718712214e-21,2.092910713901191500e+01,6.067018677887054956e+00,2.556687352265488145e-20
-1.788811002839991843e-22,4.803890348725509796e+01,4.591376112902819884e+00,-1.037357858092743789e-21
4.158632896462236924e-22,-1.921898355212622889e+01,1.397657446737109455e+00,1.376903863904189967e-21
-2.463060962300334229e-21,-2.452174559115378472e+01,4.638203363291386161e+00,4.476595222491937776e-21
-1.167380959953952373e-21,2.245561881999508813e+01,6.039021257046184310e+00,2.543674031798836645e-20
-2.190382143916624166e-21,-8.200066290833704841e+01,5.263488264989217846e+00,-9.404958078214021305e-20
-6.065174937706505286e-22,-6.668885648422671011e+02,3.455197870012677086e+00,3.847521333117756668e-19
1.679862269270247119e-22,1.803567096441440754e+01,1.347631748541465946e+00,-6.705334046777726137e-22
3.300085167062039756e-22,-2.252027550253962218e+01,3.002067148320153311e+00,-7.359660400653994451e-21
4.118370411024174558e-22,-1.767468397166893510e+02,4.888599428386893209e+00,1.276024179796568885e-20
6.852015000286298450e-22,-5.882318942787777871e+01,3.155886489198573841e+00,-4.030162019462766025e-20
-2.255944753615354681e-22,3.936682408094117704e+02,4.847657543868516328e+00,1.197651562173259132e-20
9.246552448129718118e-22,-1.968735037812125768e+02,1.420785187963319540e+00,2.720574018816678827e-20
7.758702153097590137e-22,8.218514745735687939e+02,3.129350841823250295e+00,6.376023013827905009e-19
3.185333440597171384e-21,3.672566085209650311e+01,4.907473334539218968e+00,-2.267716366179211136e-20
-2.980212334384247252e-21,4.541846118409545596e+01,5.871956898172409289e+00,1.240720380206012859e-19
-9.494346010349982972e-22,-8.005314669909047609e+01,5.681022606708349798e+00,-6.263686048416211846e-20
4.239349988847894302e-21,-1.032392049080123719e+01,3.933214039741280921e+00,-3.075454629104463637e-20
2.672600717173715202e-22,5.278667235011056391e+02,2.138437337561548190e+00,7.584965054800744046e-20
7.917228621386053365e-22,3.128469323712600669e+01,1.021534533702937564e+00,-1.293074751277626005e-20
-3.615686691355955642e-22,5.783696616827360515e+01,2.601466863441700639e+00,-1.793508127424410590e-20
-1.649557277164984964e-22,5.469384241723791007e+01,4.472596888146695981e+00,-2.142745930286365363e-21
2.548656222128383082e-21,9.393814309654550243e+01,5.594254989268733214e-01,-2.029194859349127044e-19
8.322142478030973176e-22,1.206774458815433775e+02,9.175953800794494075e-01,-6.103416680317525940e-20
-1.853666013303846059e-21,-4.465381164309287669e+02,6.153210696605513341e+00,-8.207507590899671395e-19
-5.251948730745053318e-21,-7.178179606894177596e+02,1.637712538099509674e+00,2.520820846119660627e-19
-8.184976957465485571e-21,-5.826309337482297224e+01,9.316498424434360714e-01,-2.844652245238870717e-19
3.840620550756085936e-22,6.745028207953255617e+01,6.840296112082361324e-01,-2.007729286660585428e-20
8.652883680031738463e-22,-6.092550345642762721e+01,5.188399841026277493e+00,2.415740615281941640e-20
-4.029402673678536057e-22,1.036343035945550817e+01,4.262573560269215633e+00,-1.815653880220091550e-21
-3.377148272970170340e-21,-2.536528567095942890e+02,1.551297638638753584e+00,-1.670197233787613449e-20
1.657409006011626640e-22,8.811746095003603614e+02,6.860527893686972911e-01,-1.130039854426363283e-19
-1.984706426182750338e-22,-5.740773615486736503e+01,1.537788310087662147e+00,-3.760168109015992675e-22
2.319474397671651114e-22,6.137102747054817087e+01,4.879987480331744898e+00,-2.374586691096416243e-21
-9.237353371824502323e-21,-1.365685871246004623e+01,6.528723747522862109e-01,-1.002088334920502844e-19
-8.945138850391471428e-21,-1.717019975785991903e+02,2.801553572690415717e+00,1.447955184098884117e-18
-5.308088268782814052e-22,-1.587971920558833716e+01,4.420658705406012245e+00,2.424290544731871127e-21
-3.407638540586957334e-21,-5.224474065374175069e+01,5.489408204642737488e+00,-1.248278562570427553e-19
1.561800888672184351e-22,-3.180750007708158122e+01,3.737700633287357466e+00,-4.110904171937278573e-21
6.443821736759700157e-21,-9.606912942982266657e+01,5.328215610794986290e+00,3.575853692236988070e-19
-1.288053028944842704e-21,6.070904814696720564e+01,1.344797204269717161e+00,1.752228055572224076e-20
1.759685924815742454e-21,2.700420931672085345e+01,3.978258307630927693e+00,3.183492543330390338e-20
3.712666602660720408e-21,1.689958620986489564e+02,6.196295105770284195e+00,-6.250582816520687388e-19
3.821443117609320017e-21,2.364232976278838976e+02,5.928506905178264397e+00,-8.472440974683689683e-19
-1.991876146243878046e-21,2.054857061911378651e+02,9.196049005271691446e-01,2.480920895200076590e-19
1.406365858707869649e-21,-3.988158473770739647e+02,6.100271751757201599e+00,5.515243217411609433e-19
-4.916153661062892343e-22,7.434367133970066277e+01,5.406441239726250458e+00,2.337850687473029551e-20
1.176280302625671486e-22,1.467287588360711048e+01,3.332874923705876347e-01,-1.630966284012547957e-21
-9.958577906326610379e-21,1.263755888801157994e+02,8.738322356021899218e-01,8.078355761238965190e-19
3.061507534371605032e-21,1.183321559768155424e+02,3.559296647513594092e+00,3.311273983135638677e-19
1.884063583057265855e-22,5.865389016581095802e+02,4.342128195217667574e+00,3.998814180877821247e-20
-4.962866070700001617e-22,3.701571510107747542e+01,4.309888765947552436e+00,-7.196054019701117548e-21
-5.556036876115561323e-22,8.464431981968409957e+01,4.128142792886691836e+00,-2.593965385656629204e-20
4.619144723151523744e-22,-2.502614298466260436e+02,5.243831760146635546e+00,5.858318086705940876e-20
-7.736857892145777019e-22,4.258164542572889104e+02,2.578895684561107071e+00,-2.786536404136161747e-19
-4.224493147394654650e-21,-1.502679701340654717e+01,4.481383477276718708e+00,1.453429195361708850e-20
1.382525349587523289e-21,5.607094480482023755e+02,1.296089788440740520e+00,-2.102828835899540461e-19
1.051074596781420216e-22,3.837350062331288569e+01,2.882456782568640463e+00,3.898675038977560113e-21
3.059573874021876343e-22,-3.555114065349617931e+02,2.850173035357952411e+00,-1.041852114975317096e-19
2.920975651138483656e-22,7.649720130975505583e+01,4.236146291398014796e+00,1.024375130500042846e-20
1.597958246293663269e-22,-2.722113359494048268e+02,6.145227913662496988e+00,4.308495651771016284e-20
-8.363163924598739464e-22,7.247551648105120137e+01,3.828976628534445759e+00,-4.684789178063602409e-20
-3.497535034287872383e-22,-5.481410132853330879e+02,1.441441513680888908e-01,-1.897260110949345469e-19
-4.592098243215875241e-21,6.058645450985629850e+02,2.057885090140574302e-01,2.723485775264844952e-18
6.912274055091310634e-21,-1.987771680966874612e+02,1.084415440607118475e+00,6.422492589011194113e-19
-4.420203949424312086e-21,1.097661009242923136e+01,5.420251479767419056e+00,3.154750720042590500e-20
4.569367159640589113e-21,-1.214837898727011378e+01,1.242431348117276180e+00,1.790187195065980577e-20
-8.475730954712175047e-21,3.604176652923164852e+02,2.416098417918255414e+00,-2.285516924967006269e-18
-1.325215185735713978e-22,1.096757587929960494e+02,1.495669088204572672e+00,1.090902324149534031e-21
3.178163614909429388e-21,2.264428456136914747e+01,6.009139010021224969e+00,-6.928169263085932203e-20
8.782321118263860560e-22,-5.462160906137910388e+02,1.411639049697638038e-01,4.749328471259812533e-19
6.801396732657298379e-21,6.651649513398515978e+01,3.851853396639671079e+00,3.430098566820800121e-19
-1.229555365378888012e-21,5.555325920736062244e+02,3.556302263191424728e+00,-6.251575439268141270e-19
1.341115398513643007e-22,-5.963018429012151245e+01,8.978435246770290201e-02,7.964884270002212759e-21
8.500415405980652718e-22,2.567827396473942372e+02,5.011498989356878653e+00,-6.431935462956742016e-20
3.011898789865791389e-22,1.829605992099836840e+02,3.561205378561956181e+00,5.032526854157414727e-20
-2.072134936063521516e-21,-4.681173297960124842e+02,2.454552578538890528e-01,-9.409281999169019011e-19
7.934732637035114060e-22,-2.581809048947138763e+01,3.083148078387292212e+00,-2.045098682645338343e-20
1.301611580575622702e-21,1.357664774087782611e+01,1.751372241286835107e+00,3.173737365001165331e-21
1.629686541434911325e-22,-9.125900096929565279e+02,1.901865377429007298e+00,-4.834322117519960174e-20
5.255232742623409316e-21,2.765349527942418604e+02,4.170362579321947649e+00,7.496952894929623352e-19
-1.796193636635342168e-22,9.619771123021757830e+01,8.362252940629060216e-01,1.158155686977766081e-20
-9.152612946370946934e-22,-1.980834489943006460e+01,9.887029358698655734e-01,-9.967294906942094624e-21
-1.011299746569986684e-21,-1.589119537820073731e+02,3.372258506585681381e+00,1.564511776145851844e-19
3.691253136528468784e-21,6.813288851411860492e+01,2.200511108208011546e+00,1.481094290834889722e-19
-1.010723827049991981e-22,2.155570719206482266e+01,2.729839745370846948e+00,-1.996593553743645407e-21
-3.442934950806518304e-22,-2.118966614345357513e+01,5.484605547166160555e+00,-5.090226487304695560e-21
5.365857945517173618e-21,-2.789957972750643762e+02,6.115370821297720028e+00,1.476021476017268952e-18
-6.002905398311086406e-22,-9.740693377928679411e+02,1.678448189134154500e+00,6.282518276849311530e-20
8.863475310380411857e-22,3.708976486397058352e+02,1.990514641578584820e+00,1.339643305750902956e-19
-3.828152096145188231e-22,1.995492632731641436e+02,1.587072009887475987e+00,-1.243252565286914212e-21
-1.163107927838128797e-22,1.420493889303220385e+02,2.194279212665244394e+00,-9.646566828108308521e-21
1.243486307855933781e-21,-1.661970005902473986e+02,1.867351455270054972e+00,-6.039280412340702878e-20
-1.681985367898786091e-22,-1.180005299639078942e+02,3.771750666212048131e+00,1.603549143648790533e-20
-2.319242901377472443e-21,-1.736486038003604335e+02,4.729992440294798151e+00,-7.089133209408685994e-21
2.573780387726645360e-22,3.195894217048696717e+01,6.241232291558493017e+00,-8.218292224121623307e-21
-3.858694385456800079e-22,-2.310615468183284804e+02,2.222507740481486138e+00,5.407956591458841364e-20
-3.631068058556513038e-22,-6.097926315159734401e+01,6.826136239973443764e-01,-1.718055630340220201e-20
5.246706932886402756e-22,-1.499260493378850434e+01,2.488941208144570538e+00,-6.249494575017960339e-21
1.911909341284156832e-21,1.353339368206984261e+02,5.059743241070707720e-01,-2.263260087317655534e-19
3.863078863922363132e-22,5.180771416061335231e+02,5.239184235822204272e+00,-1.006221572002052151e-19
1.379092899958761612e-22,4.511758991015314280e+01,1.099200764816895548e+00,-2.826767235000889767e-21
-1.578483584949657887e-21,-5.830246098287385621e+02,5.091121454996589080e+00,-3.402726119697868700e-19
5.947135845081551398e-22,-3.958068282803436659e+02,3.292064366690910404e+00,-2.327318834842696813e-19
-2.276466438447993159e-21,-4.322574655208358081e+02,4.131074209962962485e+00,5.403480176249602929e-19
8.789380426890983281e-21,-3.642603157366450546e+02,4.733493770999862349e+00,6.756455632810599907e-20
3.062950358209894907e-22,1.536059739407011193e+02,6.026149146414263136e+00,-4.550308668998996293e-20
4.171307397419525168e-21,4.410582806172829606e+01,5.354800597576656607e+00,-1.102269598038113466e-19
-1.408560363055962364e-22,-3.389391350324174823e+02,9.249384827367262973e-01,-2.873490572587659981e-20
-2.431831449942827073e-21,2.285881253586362050e+01,4.037244297277327476e+00,-3.474355765584610796e-20
2.225785422397862465e-22,1.607283321428500642e+02,2.546880034486115552e+00,2.963250711439543433e-20
-9.605622013670383772e-21,-4.627488643247151145e+01,9.987571894147074802e-01,-2.406285379473197215e-19
-3.783784720298718440e-21,-3.509185175045546856e+01,2.791681226195526833e+00,1.247339527360710008e-19
3.371886518731248396e-21,2.045152567343483838e+02,4.180717988078089253e-01,-6.302092007491205172e-19
-1.737863311411753709e-22,1.251707756053348852e+01,5.033942179657452165e+00,6.874820174285469944e-22
3.474589489534856515e-22,1.214269186719140379e+02,4.393864664376613050e+00,1.321272252218715749e-20
-2.017012919469362868e-22,5.000052733093195911e+02,6.013676369990591297e+00,9.721114059537449384e-20
-1.770531067520777492e-22,1.897251754058220570e+02,4.663879130831962705e+00,-1.628876277507118449e-21
7.005707707158894754e-21,-8.577114590009309723e+02,1.472120017321666641e+00,5.919719203562445970e-19
-1.027663572111482124e-21,7.528660240195287656e+01,2.030415525691356748e+00,-3.432155145010571154e-20
-1.064885591540179604e-21,3.872613968732929948e+02,1.139303030908366043e+00,1.724725338177071681e-19
-2.121313725755941279e-22,9.405506383876129917e+01,3.935029152930229479e+00,-1.399435441021747747e-20
8.583545334865049258e-21,1.246784277630808049e+02,1.090652536971866288e-01,-1.063824208090971100e-18
1.425164582307992955e-21,2.084742118597352771e+02,3.936471326397239068e+00,2.080873824915277492e-19
-1.843279553982891255e-22,-6.335271999235310147e+01,2.245290108824937736e+00,7.292733193572071855e-21
-1.730473547403841615e-21,-2.188781342159768428e+02,4.636450934216628461e+00,2.873487300096713813e-20
4.363407700302447577e-22,-2.685109075361772852e+02,4.124705095620258000e+00,-6.495885291405162533e-20
7.921221407749029604e-22,-3.916802808536898510e+02,4.647955499338268126e+00,-1.997721323406356653e-20
1.947934800035416841e-21,2.276276806415312706e+02,5.622806300770460730e+00,-3.501825598396539988e-19
1.194817156387362029e-22,-1.074869813279237576e+02,5.820544236074716160e+00,1.149266114194220672e-20
1.447789569516882278e-22,1.045860993320596322e+01,2.353396707581628888e+00,1.067691890207573598e-21
-2.583719890701604390e-21,3.720196696908333820e+02,2.394793819850980388e+00,-7.053891615762921172e-19
-2.779376511688668022e-21,-7.155479765827264771e+01,2.149978227645439777e+00,1.088536228474680896e-19
-5.017658091612258000e-22,-4.416345477431165989e+01,4.468276935100635505e+00,5.355886874545876066e-21
-1.316702941683683062e-22,2.868551922669257692e+02,4.501415340623605488e+00,-7.909557558548619588e-21
8.688886925145143918e-22,-2.701739225704101344e+01,1.371858040610213658e+00,4.639354073687264123e-21
4.985511694861905716e-22,1.020687983550349287e+01,5.983784086218649101e+00,-4.862274392319678500e-21
6.029231838014946021e-22,5.454180807677968801e+01,4.426105481565016930e+00,9.286225038418012380e-21
-8.166338849557441809e-21,-1.969233039874237079e+01,3.667213968945491676e+00,1.391063081914547629e-19
9.068740555213085616e-22,-1.234852517347279104e+02,4.892369706627560433e+00,2.004660549780642646e-20
-5.559543462536628143e-22,-3.056447367462089915e+01,3.700474427630404239e+00,1.440702606763844494e-20
9.728520942233201681e-22,-2.245404488766367308e+02,5.769799720031172363e+00,1.902842350175529214e-19
-2.224245539881696985e-22,9.412736558813802503e+02,4.002358612609381971e+00,-1.364742866643398360e-19
-1.038267196765236442e-22,6.516159561764874297e+02,5.522122824485374615e+00,4.898933800335340891e-20
-2.479739751434407164e-21,-6.392873497865959820e+01,1.389145969554939963e+00,-2.863831401320546274e-20
2.606724196753966427e-21,1.169989491542497539e+01,1.792641190564251419e+00,6.710552051373703711e-21
-4.520184031230354921e-22,1.493420574815299418e+01,5.113921123872403607e-01,5.886899717748610139e-21
-1.220356420880560919e-21,9.146904688045532339e+02,4.532938769558665371e+00,-1.992376562079086825e-19
-2.312900375457838053e-21,-8.793412185998146242e+02,1.112751603732160088e+00,-8.993493181736565373e-19
7.520437737564175398e-21,2.729787400964376687e+01,3.068665463971564478e+00,2.047462939432575101e-19
2.847589943983221594e-21,-5.109740477865532853e+02,3.540919138424674539e+00,-1.340566112722292699e-18
-3.736505373601227172e-22,-2.011864106421661802e+02,4.109932153297216062e-01,-6.891330452050223440e-20
7.578743583946687877e-22,8.266333464151617250e+01,5.515178319115180194e+00,-4.506279977987186854e-20
-3.701925208283824284e-21,9.255471837327523588e+01,5.442786945188338166e+00,2.285915633459799991e-19
1.257387433380018843e-22,-1.935835822344102723e+02,5.162984166177469803e+00,1.060052033790887268e-20
-1.143708115215353844e-22,4.160808332793076261e+02,6.860123950121872483e-01,3.682216899654506530e-20
3.294320731454036403e-22,1.804510941704751872e+02,6.616584287119972041e-01,-4.690166659212683933e-20
7.247865726437761264e-22,1.286181329496040959e+01,1.627056866074579444e+00,5.241880285235717752e-22
-8.825236519035628477e-21,-9.786691210550872029e+02,3.113337647158969990e+00,8.633539047391751573e-18
3.890930525093553454e-22,7.933182966559901388e+02,3.117093404877555596e-01,-2.937998321320579110e-19
8.673282191791621976e-22,-1.054198616907761554e+01,4.424880745286792205e+00,-2.592724866157853227e-21
-1.152059842637761425e-22,4.880982583121173946e+01,5.693823479834650314e+00,4.674527938359262305e-21
1.987105000005109211e-22,7.085621346428516745e+02,5.218803703324659260e+00,-6.829373492091783655e-20
1.933492532382603047e-21,-5.638123647643647018e+02,5.869342904342245149e+00,9.981011344219533330e-19
-7.013941937404932283e-21,1.425337139121480057e+01,1.698642776173223679e+00,-1.274631725268933210e-20
-1.185142169760030031e-22,8.036636642438975286e+01,1.434346655386357750e+00,1.295593583704614408e-21
-2.221196975955488160e-21,9.835813395480855661e+02,5.885241653029710029e+00,2.014012876485913023e-18
1.127041002392835270e-21,-1.811196332587074309e+01,5.050418153259042420e+00,6.769506557798725004e-21
-5.277843275709488829e-21,2.565263105125944207e+02,1.470904322715253620e+00,1.350195415492472250e-19
1.557671058558713350e-22,-9.635681794652653309e+01,4.980494110529455121e+00,3.976014204240112578e-21
-8.118472600026290631e-22,1.244401549796430402e+02,3.644300068144652904e+00,-8.852754850869903473e-20
3.397910737454898343e-21,7.194300872124098305e+02,4.574142539428009080e+00,3.368761469035721935e-19
-2.037899742901051106e-21,1.852906130144647534e+01,3.347558389859581762e+00,-3.696226367352686139e-20
1.938214093469278425e-22,3.402030481331689771e+01,6.177215800274341362e+00,-6.556875043648987171e-21
1.206836871053780984e-22,4.902113823328477338e+02,4.751746748826789712e+00,-2.327824843612873825e-21
-2.168289958085038899e-21,-1.577807942212344017e+01,4.569455331639917794e+00,4.873334182253288042e-21
-1.528296204154265725e-21,1.594602456823651266e+02,3.298308727281843211e+00,-2.407159503809899382e-19
7.904099750559059392e-21,6.242410741205567604e+01,5.746288952032164943e+00,-4.239842153753743018e-19
2.260530659617174708e-21,1.976679464060086389e+02,2.497686308964131019e-01,-4.329690181709429443e-19
-8.722457700802937497e-21,-2.688027536177840560e+01,5.992912868589948872e+00,-2.246535636934508199e-19
-1.766813624928205745e-21,-3.265927695653155638e+02,2.034114129050756947e+00,2.578847842189978157e-19
-4.066351829074741636e-22,-2.782638196496523264e+01,5.515805200809807296e+00,-8.143901437709992328e-21
-3.063166424619009813e-21,3.826948081584210826e+01,1.370371782896300461e+00,2.333794235410901544e-20
-3.696195664164819297e-22,-5.933210603227963986e+01,3.799127802701407042e+00,1.735786173757847073e-20
1.516783882342986618e-21,-6.850094655896139102e+02,2.340905365056552778e+00,-7.233737200856677692e-19
1.607315162866569829e-21,2.989209585377462304e+02,8.408343309637460461e-01,-3.203907042404465117e-19
5.732504846667150171e-22,-4.880270202701487392e+02,3.507449060910879268e+00,-2.612464583255605387e-19
-7.822869864591095993e-22,-5.459342902346536164e+01,4.100228733901719380e+00,2.454143122194940311e-20
1.583515207567917292e-21,-2.115452999186705441e+01,4.857546108650220518e+00,4.845490807662238827e-21
-4.826042658831022825e-21,-2.222836029340795250e+01,4.657307581601808799e+00,5.905870460968504152e-21
6.355083443443005149e-22,-1.227707256234719324e+01,1.554703046185582860e+00,1.255572852951615912e-22
1.370649566152977691e-21,-3.202520819280589848e+01,1.009476997045689606e+00,2.336564383847106927e-20
-5.262090355446868244e-22,-3.272101253603817383e+01,3.649788462196589478e+00,1.504213624764392394e-20
3.499659956625078717e-21,-2.493481010201327024e+02,5.661272575109140170e+00,7.092465459971223494e-19
6.766347107102241519e-21,-9.809923660410395030e+01,3.808926618406985209e+00,-5.213771128968219935e-19
-2.692295716502769232e-21,-3.861761969490851953e+01,9.190312942033534993e-01,-6.306725379998074403e-20
-5.921035141471878595e-21,-2.874453880448353971e+02,1.949482448728069972e+00,6.292198737241284341e-19
-5.736023865502788948e-21,-1.529066584981308452e+01,5.677024125273260502e+00,-7.208173099639321484e-20
1.114013866300233982e-21,1.427956223714570960e+01,5.646757953795249030e+00,-1.279330132495137881e-20
-5.517754486022122880e-21,4.334652883231599958e+02,5.496204461340601366e-01,2.039504170175725115e-18
8.658583575991954122e-22,-3.837717696955458990e+01,4.342297184510692354e+00,-1.201903513281211817e-20
-1.197634194599282165e-21,1.975150730762125022e+02,1.267086176094268879e+00,7.074350055285855420e-20
1.269187621708761664e-21,-5.554107363340976633e+01,1.900046200014224862e+00,-2.279242392068980512e-20
2.067615752232310663e-21,6.655025895246434686e+01,2.228460750056159956e+00,8.411098725785905752e-20
4.939144932579684153e-21,3.467865897789346263e+01,4.056632089151178455e+00,1.044413584764072201e-19
-1.847093190708508813e-22,8.332860375864662217e+01,3.851151062577288897e+00,-1.167680887308852637e-20
3.474728530409814437e-22,-1.805449100357541070e+01,5.388360857970305950e+00,3.925017393641952708e-21
6.208595906509546938e-21,-2.962563629918842878e+01,6.200214608716103193e+00,1.833008553268156597e-19
1.365151965349994230e-21,1.151340969465137789e+02,4.157630761940124486e+00,8.279029662582546951e-20
-9.577433974902277055e-21,-1.765056600641370608e+02,3.715769691077320580e+00,1.419386606500986163e-18
6.654940312417965186e-22,6.371613579244099128e+02,4.618778088163742801e+00,3.963560631056931018e-20
-5.361299553534665346e-22,-1.094325244119839446e+01,4.594779518773581373e+00,6.884257374441360125e-22
-2.523131366390431399e-22,5.335726574097368484e+02,3.460382224519207739e+00,-1.278442547705994645e-19
8.160196589527810969e-21,-6.366561699178379286e+01,4.439443107990720172e+00,-1.400477707227877711e-19
-3.200610202053495533e-22,2.025501993022317606e+02,4.597445344076852791e+00,-7.435217056682746223e-21
-8.748986882532323828e-22,5.067566048384289701e+01,3.293159631680233623e+00,-4.382778679289478136e-20
8.641913573260768830e-22,4.049746412001908311e+02,4.123162948301636987e+00,1.944876392940615766e-19
-1.534539289816516206e-21,-7.940637091151206732e+02,6.052194635891090080e+00,-1.186158097976674637e-18
9.843948038357914612e-22,-1.048701948253327920e+01,5.723212969193099298e+00,8.746677550572974470e-21
2.876214329163115256e-21,2.657517149863088690e+01,3.455921433792268793e+00,7.269084539032153746e-20
-1.008919933110186107e-22,4.557656264572310789e+01,1.450068374724226450e+00,5.537970015729614866e-22
-8.361765952655146402e-21,1.600622395687509254e+02,3.430177295046071273e-01,1.260432981544339624e-18
6.579551402952561699e-22,-9.593572704924693539e+01,5.944112698962185526e+00,5.952749498802358606e-20
5.156326584229692227e-22,-6.387813816739712536e+01,3.234922042451337632e+00,-3.279430863619411703e-20
-1.352358916955955857e-22,3.313841437428462910e+01,1.004142620883682557e+00,2.405723631607442812e-21
5.611177771837790327e-21,3.793021140388286767e+02,5.017666731297544258e-01,-1.865981104628023899e-18
-4.205519322914883390e-22,-1.380813804127987794e+02,4.706331243155105426e+00,3.517730201301026317e-22
-2.126271324320667342e-21,-3.674496223088798530e+01,2.848739351847763057e+00,7.480331217304074681e-20
3.100034833900525434e-22,-9.105787643034301482e+01,6.177522464508531819e+00,2.807082631621340992e-20
-3.156775550555287649e-22,-1.518987037940799567e+01,1.450418327030554622e+00,-5.758316133629791641e-22
1.220678875415930169e-22,-3.670929603756638215e+01,1.342632279933410333e-01,4.440697990998397277e-21
-4.746928271526669623e-22,2.886626140873246982e+01,4.648469412218307895e+00,-8.752684374720763464e-22
-5.110917880456314743e-22,-1.577975466242620506e+01,4.291827480431429365e+00,3.292682863787240244e-21
5.561192459957295562e-21,3.377731576866310661e+02,1.106379356048525331e+00,-8.413480143534422000e-19
-9.586583521060181950e-22,7.225797873006420957e+01,3.341579019839821640e+00,-6.789010003511275044e-20
1.819945517763869678e-21,1.633407357999582530e+02,2.745287188504959897e+00,2.742307641360388414e-19
-4.429417852301181687e-22,1.353096778869091210e+01,2.765630917689994028e+00,-5.574819443658711634e-21
-4.031174068361535289e-21,-3.776683112333017789e+01,3.449101414658992226e+00,1.451029622805675543e-19
-8.098534594637160346e-22,-9.216317819551474031e+02,1.559871541900437864e+00,-8.153951804007195772e-21
-1.585706598374903864e-21,9.812243807944271339e+02,5.215659017692110488e+00,7.504155946525324818e-19
1.195949054501768791e-21,8.319398842829725993e+01,1.427327868512403342e+00,-1.422558619667665034e-20
1.854188229529445193e-21,1.519895058631044193e+01,4.949015654885371873e+00,-6.606488487902847187e-21
1.659148397700121387e-22,-9.149428622710769332e+01,4.219971537094150627e+00,-7.176581699557210357e-21
4.831993125178888629e-22,3.028121210299033805e+01,4.583421908799612865e+00,1.881801595499748001e-21
-1.121873353320731283e-22,2.077670641400432032e+02,1.287721891722103162e+00,6.510367860163969785e-21
-3.198032377685824413e-21,-1.838503702153345216e+02,5.000962794112844279e-01,-5.159558067588647451e-19
-7.828740078073915113e-21,1.152604400633078896e+01,1.917259572388128719e+00,-3.064119742093289103e-20
-4.959463711117369832e-22,4.381738520633135181e+02,2.209807830566703934e+00,-1.296046161794478904e-19
3.840868545490645728e-21,2.959773787327023342e+01,2.939645484528262021e+00,1.113707807771617648e-19
-3.187626157040831910e-21,1.197497734981824635e+02,3.138215023759379108e+00,-3.817153329147620249e-19
-1.935123687460989491e-21,1.116846457307211722e+02,1.027777854941057667e+00,1.116759535629727355e-19
-4.873927743018868258e-22,-1.207981285560848761e+02,2.445543300431230804e+00,4.518044434764611476e-20
-1.079881598062277433e-22,-6.039032972489588502e+01,3.074733609009641100e+00,6.506870156347757580e-21
-4.635472927612219919e-22,-2.439173425473783823e+02,3.257830492093263697e+00,1.123042445206427539e-19
1.780935391430811719e-22,-5.309883728125673770e+02,1.600899689182024715e-02,9.455348080363611668e-20
3.784063696501108029e-21,1.278827881329732321e+02,5.012998921022112420e+00,-1.432890892519393555e-19
-1.508147324921274116e-22,1.420852706678945765e+01,4.679858896564298654e+00,-6.969496609313149367e-23
-4.910505982096737972e-21,-7.978852254701125730e+02,2.663128209270665181e+00,3.478038121885059816e-18
-3.662453744906251051e-22,9.972072042422639697e+02,1.787285348581343580e+00,-7.845050359631775472e-20
-2.721480408453392775e-21,-5.436909799248466015e+02,3.008045917786583701e+00,1.466469419320465139e-18
-3.835983867873491954e-22,9.824135281086711302e+01,4.273780991021379094e+00,-1.600414713480257304e-20
2.823624081572812976e-21,3.199087652365524548e+01,3.450882274594466281e+00,8.604404423574288014e-20
-7.001463320842259500e-21,1.970006005559658036e+02,6.000658909699858157e+00,1.324609308364576821e-18
2.619376248085735665e-21,-8.416418242918139470e+01,5.434678561061494051e+00,1.457454988844432911e-19
1.619009262723350693e-21,1.548619011116959143e+02,8.333302397874876588e-01,-1.685896898838327313e-19
-2.842504240038563364e-22,-3.257130713308793020e+02,4.834861500254972633e+00,-1.131068005843241038e-20
2.134352339153172869e-21,1.136608688796278983e+02,9.149803962298799220e-01,-1.479342926163836939e-19
-3.435692428447676110e-21,1.045022100717331455e+02,3.114383685540643709e-01,3.417655237645485668e-19
5.146598502315982966e-22,1.192847840578773884e+02,1.019408241882604704e+00,-3.216095607246686306e-20
1.362684198949861150e-22,1.081314589542038647e+02,1.571801203317022555e+00,1.480675564146849505e-23
-2.582970928341986673e-22,-6.960582942259678418e+01,4.708412445895804765e+00,7.149385908189718908e-23
-9.707068786763463878e-21,-1.461028023806103135e+02,1.491840695585158416e+00,-1.118609331722878993e-19
1.313865251390564253e-22,4.206296210866072443e+02,1.800100275597248389e+00,1.256173511355975370e-20
1.973147642290240224e-22,4.631868137614386427e+01,6.449139100448589845e-01,-7.303733202503695296e-21
7.811955592208641045e-22,-2.276859557036943471e+01,2.512090858956712136e+00,-1.437738257658636523e-20
1.219119482398322742e-22,-6.742567940447607953e+02,5.201424559794996405e+00,3.861546367754118632e-20
-2.480990421231610637e-21,-2.990689238394636504e+02,6.280757904038227757e+00,-7.419849493346199677e-19
-6.768415827950754966e-21,2.553630923546147926e+02,2.272702333366228622e+00,-1.115985800071977310e-18
-1.886097140924297550e-22,-7.287183985054740276e+01,2.022135825971975720e+00,5.994885170101874415e-21
-2.226186131375761402e-22,4.438025674615726075e+02,5.760251731943790254e+00,8.559503605514770817e-20
-2.146660838180619051e-22,1.363086417409402884e+02,7.436133123884441920e-01,2.153677965411263837e-20
-6.251773106450420535e-22,8.428662386746921129e+02,3.883399877085827456e-02,5.265435639248082365e-19
-9.912166122768262547e-21,-6.412194660434204252e+02,1.511857376893714688e+00,-3.743916833446901764e-19
-1.579458310391209148e-21,1.012902143081527306e+01,4.166604687779660310e+00,-8.304569983309827298e-21
9.545020106313854916e-21,-6.837213270431368528e+01,4.872363349597791382e-02,6.518388849894554806e-19
2.444225272906849992e-22,1.873655099551027945e+02,1.938228365119135876e+00,1.645096818619459632e-20
1.553100655610994161e-22,-2.596944389545996401e+01,3.869067200135650531e+00,-3.012306975424503410e-21
1.816437717148222015e-22,1.177313119939694133e+02,5.828234566142033168e-01,-1.785472625396046519e-20
-1.432254063130261413e-21,2.134769241976992049e+01,6.260268647501601613e+00,3.056729088753222068e-20
3.052275313791470295e-22,-2.989933937408207498e+01,3.752290900912963689e+00,-7.476538750932319974e-21
2.079142599714385320e-21,-1.240795959833704813e+02,2.336938484324358800e+00,-1.788725634829651791e-19
-1.485074771446111086e-21,-7.126620261723644489e+02,5.294221636039351253e+00,-5.816260688735501049e-19
2.515490244653658836e-22,-5.370143885949990903e+01,4.753749949318411550e-01,1.201073280012506596e-20
-2.901283286923010955e-22,-3.841677935212732109e+02,4.495199083862693179e+00,2.401767365799298465e-20
-1.192709561082301777e-22,-2.033925135346300905e+01,2.085193234190343414e-01,-2.373333723625737877e-21
1.898955343463062508e-22,-1.989059344179894140e+02,1.860522689788540740e+00,-1.079089673944070209e-20
1.411669316954894443e-21,2.993112813968418209e+02,1.057875791784343544e+00,-2.073449190601197727e-19
3.343841430038252982e-21,-6.949749711047485334e+01,5.257992761383987634e+00,1.205944220202649132e-19
7.528058507102754321e-21,1.687537952937288139e+02,1.589607504427007934e+00,2.389609331516233756e-20
6.499873338146114839e-21,-4.402940379673440816e+02,3.528330708290264184e+00,-2.650491112426242584e-18
-2.560064466505840399e-22,5.138071318086830388e+02,5.951001020181467815e+00,1.243470594731470392e-19
-2.039699943886081889e-21,1.348231613387630468e+01,3.715683366703467438e+00,-2.309127636064301419e-20
-5.818451583322709056e-22,-9.955603236808627798e+01,6.118563860967668688e+00,-5.714306007444347959e-20
-6.852575300770015663e-22,-7.279129301567280663e+01,2.825820692219429109e+00,4.741452264813459979e-20
1.545860344781670001e-21,-1.667762134603780311e+01,3.551225396880428153e+00,-2.364831532727859673e-20
-1.207022655901572595e-21,-1.379482738950157739e+01,9.966146479826057947e-01,-9.043775670123332698e-21
1.896992881385869906e-21,3.466492036803790597e+02,4.807343799958221808e+00,-6.234765084066551820e-20
-2.387790477007237839e-21,-2.267156847344585913e+01,3.053596387191457762e+00,5.392549774964379144e-20
1.129060975934005677e-21,2.625261873417528591e+02,2.946717076612727304e+00,2.907975933918662924e-19
3.000288754512120574e-21,-7.831667831894587550e+01,4.214782749583044996e+00,-1.121579525226910097e-19
7.296325184072625779e-22,-1.220785272249795526e+02,1.595052417915799881e+00,-2.160337928717597066e-21
-4.582465298481177039e-22,-3.999335732507256012e+02,1.812772184629450889e-01,-1.802651820884740283e-19
1.246354782856762026e-22,-3.725426883217451746e+02,5.678735245571175927e-01,3.914436950788625170e-20
9.357115619645663140e-21,1.285448250166067652e+01,1.654429812913915443e+00,1.004778635121963483e-20
-3.260197021950537995e-21,-1.113859604342967735e+01,6.069944595290151845e+00,-3.549151320020940421e-20
3.445078038093776805e-21,-4.655235795763244369e+02,8.269305701661496810e-01,1.085969633372421180e-18
-1.135388244057988051e-22,-1.180581618365446239e+01,3.919577321756121613e+00,9.548195457614820118e-22
9.233418117979710138e-21,-6.898646660021372554e+02,3.463335607334956823e+00,-6.042946630809915296e-18
4.847464015333506838e-21,2.576558646696518053e+02,4.289657275865970121e+00,5.123970515286479601e-19
3.139813296862122931e-22,1.878458301153652030e+02,4.223075644131760731e-01,-5.379842228660333656e-20
-7.120386442731859488e-22,1.129327213152002685e+02,4.212698199551931921e+00,-3.852996480055975577e-20
-1.086092384913984252e-22,2.367107628257911927e+02,1.232540188029446343e-01,2.551394314946922935e-20
-7.842545450606775395e-21,6.052501779730118869e+02,4.224261157245077669e+00,-2.226075951061081854e-18
2.137465036044134976e-21,-9.395194855785300092e+01,3.882663632990152741e-02,2.006676560282665214e-19
1.415701650700170931e-21,-1.180476047192931759e+02,8.542421840466153382e-01,1.097628934319439719e-19
3.075156758184239604e-21,-1.345629868560968490e+01,4.878650993626031607e+00,6.848306583384871803e-21
4.030383375365203706e-21,3.396587053549690722e+02,2.060042286696298852e+00,6.433545999641889476e-19
7.945794429057457205e-22,2.455932695522042764e+02,2.127829748084650863e+00,1.031665229120044095e-19
-1.646564018399568148e-22,-5.102160227097252800e+02,5.314172641491012428e+00,-4.755940073028414321e-20
6.761807185878906696e-22,-2.209161954881885777e+02,2.696271319539736977e-01,1.439822412948585103e-19
-2.095802368963720049e-22,1.490725910493816819e+01,1.545918735256414989e+00,7.771621872689935669e-23
-1.176712152858204512e-21,1.996062127839070754e+01,3.690980736472467161e+00,-2.003152417926124608e-20
1.347773057267972515e-21,8.154145319569814774e+02,4.455351224897932561e+00,2.793826102298393397e-19
4.336189855696708189e-21,1.028864373530829468e+01,5.054134342400371516e+00,-1.495141710973119204e-20
2.230436388443459393e-22,1.134748814377010575e+02,4.359414329282630618e+00,8.749377202077117670e-21
8.550250475741255498e-22,-2.312149710297215677e+01,5.126426845734617821e+00,7.953436856784131429e-21
4.612546119503072410e-22,-2.984880059683284870e+01,5.236786820924929309e+00,6.893473799286158576e-21
2.056399067093947815e-21,-8.763551988405261000e+02,3.963433329413465156e+00,-1.227028006268987196e-18
-1.896074148572907392e-21,1.026440057859541781e+02,4.262086498953308045e+00,-8.470627784826793840e-20
-2.398212533212659590e-21,-5.569079588869600173e+01,4.538411374328932268e+00,2.311912232198733515e-20
-7.859044472657227436e-22,6.413151816556069207e+02,4.792859271360689455e+00,4.051427091319392328e-20
-9.740822487427622463e-22,6.169195798559493369e+02,3.295764123687478508e-01,5.685880480001561387e-19
-2.203262335320678693e-21,-1.825754571389768088e+01,4.448769487111540855e+00,1.048200085079054715e-20
8.076296264867357738e-21,1.538130699413614089e+01,3.493643503171611542e+00,1.166050249705126328e-19
3.818335595040107027e-22,-5.458491894018434465e+01,5.528504829195988179e+00,1.518345620135974959e-20
-1.982974768319944713e-21,1.056805349393256961e+02,4.812493488962615196e+00,2.094306539684624950e-20
2.570308489866204024e-22,1.345541769356553061e+02,2.770005568554599673e+00,3.222425519911203992e-20
-2.558958788371555008e-22,4.851000242732659444e+02,6.036275966388861214e+00,1.203703817133802337e-19
7.359879912884781992e-21,-8.596590541169382504e+01,1.896586571225961526e+00,-2.025000162080387684e-19
7.442917849609805757e-21,3.639151547503280426e+01,3.378846864332864630e+00,2.632714835516659681e-19
-1.120268846093476011e-21,-5.650587651185797000e+01,2.570189828970578017e+00,5.324585204047395463e-20
3.113536090106018721e-21,-2.225053524411022465e+02,5.091693303308766794e+00,2.565180739000644206e-19
8.034529202244995222e-21,-3.647466273016142679e+01,2.934693494065333752e+00,-2.868066081625930703e-19
1.974908494923053795e-21,4.525858297952986504e+02,3.741283370961479005e+00,7.378539032012969600e-19
2.076315023477632551e-22,8.715134597493199635e+02,2.557833477322739579e+00,1.509871141580804951e-19
-2.833035401720511871e-21,-6.735212135092427843e+02,4.922270003458827148e+00,-3.975422667415871125e-19
-1.845678192450710377e-21,-3.679170158684273133e+02,3.690190172973651261e+00,5.794094624972495768e-19
-7.268992147384101652e-22,-1.610734725211443958e+02,5.093261862614452795e+00,-4.352381288234507611e-20
5.851821490721181678e-21,4.980913357365874816e+01,5.167008978194590485e-01,-2.534232889710829344e-19
1.705192272727923187e-21,-6.684545474378846563e+01,5.805724129791121513e+00,1.012368487669475472e-19
-3.409219788634319200e-22,-1.600899229957902890e+02,5.382564312205718515e+00,-3.389978094081742828e-20
5.565877309364203207e-22,-4.160661851592873290e+02,3.188383079517132401e+00,-2.313238789454544219e-19
-1.876430670396195863e-21,-4.151380087271884634e+01,4.380418709576823666e+00,2.538737824453089392e-20
-3.424128477892520298e-22,-1.024678163272659503e+01,5.425849664034945619e+00,-2.296237826645101228e-21
-3.636302255170972863e-21,1.154152828321239639e+02,3.887719824356349330e-01,3.883659719615783567e-19
2.383103552561481708e-22,5.594733865003499886e+02,6.274236024157187508e+00,-1.333229624192840827e-19
-1.633046289841806105e-21,5.060382621497133471e+01,2.637758966165582475e+00,-7.236959132860792858e-20
-2.299974153693650223e-22,3.950946137289782456e+01,3.345255789688216908e+00,-8.899264635083872072e-21
-4.852216419320198762e-22,4.099605345161110677e+02,5.306065346164654528e+00,1.112792188081616855e-19
1.932036869173193342e-21,7.748134719855831065e+01,1.634554593140473022e+00,9.537944477573476012e-21
-3.485468551028050993e-21,1.221657497072550136e+01,1.101514006191247841e+00,1.925686845430521518e-20
-9.531588392869830790e-22,2.176464126760824342e+02,2.088735020763240691e+00,-1.027072639988603296e-19
8.594131287559313659e-22,-2.125322710492820590e+02,2.363842986356113673e+00,-1.301392475117614770e-19
-2.948706959131506332e-21,-3.070004235748055521e+01,6.140295124159785622e+00,-8.960284370241138784e-20
3.917677235524503795e-21,1.188343728038993596e+01,2.644623010867645618e+00,4.092371965694873201e-20
-1.584581151499218802e-21,-7.832734098165295222e+01,3.098898346717323893e+00,1.240029257621053153e-19
-1.543931913154029181e-21,1.437349346045211007e+01,5.218005236676274805e+00,1.074847392573699157e-20
-1.054130486882813343e-22,1.556377030331042590e+02,6.203160083531915170e+00,1.635373970239550524e-20
-7.737785474947588175e-21,-6.538173747199536479e+01,3.509494472825253286e+00,4.720564082915582772e-19
-8.756634288880402909e-21,-1.587114545473681346e+02,1.048818217187164281e+00,-6.929375643812455235e-19
-4.428559781453137491e-21,-5.577427532835758228e+01,1.022502609598425316e+00,-1.287441099213054602e-19
-4.273170516584142989e-21,-1.360708004239274658e+02,2.696482025853875197e-01,-5.604427112874883229e-19
-1.831588554220760353e-21,-1.291110414165236477e+02,2.254527027505669245e+00,1.493808703811351127e-19
8.639998397778656186e-22,-3.315271717678249388e+02,1.474600384226724348e+00,2.751183360307070655e-20
-5.410437214938263432e-22,-2.927982873154122672e+02,3.502392138098249230e+00,1.482169994647752243e-19
3.421495744946719942e-22,4.892190533829552379e+01,1.118187285070832315e+00,-7.320017302699621692e-21
-9.379048393184109881e-21,-3.647826813126342813e+02,2.058583602757035447e+00,1.603475567340779337e-18
-5.962619380537911710e-21,-8.288757694516060610e+02,4.067361019328963323e+00,2.971395871100341735e-18
6.204308594990771093e-21,2.940518076005846027e+01,5.140490689158747628e+00,-7.573848382656285979e-20
-8.245752539011533494e-21,3.425364336719108849e+01,4.701128015149603989e+00,-3.180559377831227486e-21
1.888682337586531763e-21,1.024785994802460110e+01,2.263761084500867327e+00,1.236434866184158458e-20
1.735760010616545821e-21,-2.912928196920762858e+01,4.777319044055495567e+00,3.280651407778761563e-21
2.684651985631069291e-21,3.424669165619577882e+01,1.677094479751789935e+00,9.754705419877783179e-21
7.033663968796914713e-22,8.160174564058082751e+02,5.587385150133068024e+00,-4.405372899291373656e-19
4.745765711851852145e-21,-4.169959045057559024e+02,1.133612007414656508e+00,8.378745049229120107e-19
5.634397725166450313e-22,5.641217263481073587e+02,1.236809983790479128e+00,-1.041944933156011481e-19
-7.799814303554696572e-22,-2.440453524873600344e+01,4.312062099241584789e+00,7.418341616799564859e-21
-4.247805649883416667e-21,-6.228726088668057628e+02,6.966085433034187036e-01,-2.029420502004916732e-18
4.469155847515355059e-22,4.110805609124817011e+02,5.935526994817528212e+00,-1.727270116358457970e-19
2.427657334089886118e-22,4.667889294623559238e+01,4.743242784527806677e+00,-3.495809389276333739e-22
-2.010529275920662483e-22,-2.775448828963661754e+02,6.273289480726471190e+00,-5.579847903356603629e-20
-2.223720024175431511e-21,1.102289565657113570e+02,9.042517226050909018e-01,1.515502636919486792e-19
-9.494825499782870774e-22,-1.810483045605746355e+01,3.843805331212982956e+00,1.312327001702333170e-20
-1.938191211217933415e-22,-2.033579839313953528e+02,2.957033868650055908e+00,3.874529886380142928e-20
-3.080650561052526847e-22,5.508029106453248147e+01,5.833791180065073245e-01,1.416185648840719613e-20
-2.757388970715261778e-21,-2.573654430656674776e+02,1.196977387224471334e+00,-2.591476465526791879e-19
5.825221446764237179e-22,1.273554355613244837e+01,5.244474991286510068e+00,-3.763762728281295259e-21
1.430365591306563885e-22,-1.893280033336834265e+02,1.406969204407519491e+00,4.416754659184132035e-21
8.588308901154746987e-22,-4.371616352780143444e+01,5.565095968030836282e+00,2.827363909902174148e-20
-1.199616700512799958e-21,-1.425085822056367846e+01,1.256816901563354349e+00,-5.279896812325468803e-21
6.402019949573571028e-21,1.023271174655064364e+01,5.786647662448342055e-01,-5.484457633775799425e-20
-1.117058398286429509e-21,1.006740106720445738e+01,4.685940796673675024e+00,-2.973982908061140583e-22
1.109296029418857100e-21,-6.397802389225550996e+02,3.315451016383436311e+00,-6.990066282162494074e-19
9.094698289212039544e-22,1.575571176019677750e+02,5.464127717966015929e+00,-9.785651835028883625e-20
-2.094853172280531899e-21,4.269764854258654623e+02,1.080297401431684845e+00,4.213464608602753201e-19
-6.059440855661644180e-21,-7.538879743178071067e+02,8.937584762054711085e-01,-2.861879987368006052e-18
-1.224723483324521369e-22,1.547022742773564801e+02,5.452815698828785251e+00,1.278153434648712527e-20
-5.333248942560080711e-21,-1.253414993455691473e+01,6.898485449274729397e-01,-5.156249852442055470e-20
5.953736049492383789e-21,1.444230490515072063e+01,4.214206238986951902e+00,4.108652933395470576e-20
2.985028912093269165e-21,-7.249450247197410135e+01,2.458939625716881405e+00,-1.679037373265572092e-19
3.185305558400545955e-22,-2.730647187366544699e+02,1.641914519776374315e-01,8.580965590552534145e-20
7.134757943647677418e-22,2.940158963171153346e+02,3.656119924693980838e+00,1.826129334513204817e-19
-4.039251871965748127e-21,-4.554626902402775812e+01,2.574778868157324485e+00,1.552024570009232585e-19
-8.161009535666159609e-22,1.243858695659506708e+01,8.562133367884980917e-01,6.652068953086507549e-21
-1.414506411074103556e-21,-1.596399821227246889e+02,4.353616923339005851e+00,7.928810191602408906e-20
1.611986017627733298e-21,-1.203995574812429048e+01,4.250051637408517102e+00,-8.656876245440360610e-21
-1.102258113890099454e-22,3.677242152260305943e+02,7.954192595913954777e-01,2.837229863511908087e-20
-6.426513865234538082e-21,4.536658605506893878e+02,1.985147536858489659e+00,-1.173764960270620003e-18
4.360727995337201636e-22,-5.924599938075231620e+01,3.947488720917708527e+00,-1.789022829506642451e-20
-2.462805360154696396e-21,1.953153758598087109e+01,2.485521140616511193e+00,-3.811606982080815096e-20
-1.337046914169086474e-22,2.474366353332932533e+01,1.970428347431837146e+00,-1.287208407298607143e-21
1.089771099673428196e-21,9.145756758937908160e+01,3.421861383400557344e+00,9.577888938550363095e-20
-4.248182726897470811e-22,3.347493628800759069e+01,2.904973123023392390e+00,-1.382451679724505150e-20
7.287505668890057591e-21,1.016372977384452128e+02,2.173319608633616229e-01,-7.232587342881867149e-19
-6.021973160591472820e-22,-8.104503925969936518e+01,7.597325408356716547e-01,-3.538468918343239965e-20
2.570676714622401586e-21,3.686947177725522238e+02,6.144181431013464589e+00,-9.386529765879165098e-19
8.800042193574398574e-22,1.507231977073058431e+02,4.941357965385386741e+00,-3.010510047911678296e-20
2.783847401463904232e-21,-3.091792771638387762e+02,2.648140801979472325e+00,-7.580281178279591578e-19
4.998919460357488008e-21,5.880694232699939903e+02,3.502477858162044821e+00,2.750349045506313257e-18
-3.547139041153389388e-21,2.171348871777678085e+02,5.015269676647851504e+00,2.297306100727370955e-19
-2.118263293695243488e-22,7.518031254453418910e+01,5.908530264377904295e+00,1.482050297406056060e-20
2.288625316757788164e-21,1.185340522789161000e+01,1.880351972138633587e-01,-2.664982909930988486e-20
-3.724744724433122358e-21,-3.992025446229857835e+02,2.758599791023640169e+00,1.379200210887647330e-18
5.109982749949271441e-21,4.182305317920766470e+02,8.223072271842268854e-01,-1.454400522005274841e-18
-2.144941987161858461e-22,-1.253517021515706205e+02,3.082536987470894552e+00,2.684034099408807164e-20
-1.935083045268362409e-21,-5.963238235439393264e+01,5.520641678175505440e+00,-8.343896383859287651e-20
6.255376236240159764e-21,-1.129913301198352400e+02,5.886396577181261414e+00,6.518894515660882135e-19
1.274899314842610986e-22,-1.891246402372772906e+01,1.242103819102978068e+00,7.783328196936667854e-22
-7.878266706617294357e-21,3.277475697086052264e+02,5.594233402207288847e-02,2.578043448445599475e-18
7.674608780823817775e-21,-7.092495222746386219e+01,2.001846147780649510e+00,-2.274309350563456174e-19
-7.437893967377515972e-21,9.640806560035364328e+02,5.606396627794445031e+00,5.590214548492367963e-18
5.144559163754296420e-22,-6.187396036223547924e+01,3.358594004517984621e-01,3.005292102914223775e-20
-1.293377708682077520e-22,-9.440278351957801988e+02,4.843973505468793128e+00,-1.601994424987565468e-20
1.012154186588209695e-21,5.519755025494240641e+01,2.878326740306408893e-01,-5.357008118706136110e-20
-1.010229225482182198e-22,1.521808468809019033e+01,8.960666464612589144e-02,1.531207453590677245e-21
2.166185209719708277e-21,4.989845843755445998e+01,9.273403456202286010e-01,-6.484967927684914685e-20
1.184666230883696458e-22,6.578427630230106615e+01,1.670182644458757082e+00,7.732670547176241122e-22
-4.015914581520620096e-21,3.833745570505938360e+01,5.917707886319733213e+00,1.437913916397012255e-19
1.280083359778505682e-21,1.540894323361468423e+02,1.475123332723482283e+00,-1.884246559153717920e-20
-2.447780919203600134e-21,-2.054101880410475474e+02,4.299022457251305163e+00,2.019716848034242995e-19
-8.776409542510116440e-22,-3.982769044136783236e+02,1.766538300908218062e+00,6.798437210834270100e-20
-2.247895904821994682e-21,2.622051507854617398e+02,3.738993995441052043e+00,-4.873241747347151713e-19
-7.223465354741362776e-21,1.390673623510074322e+02,2.254750599940823719e+00,-6.347367201938438870e-19
-1.545448166611196244e-22,1.074144506367144487e+02,6.065415320903349894e+00,1.620827424013894041e-20
2.000011041196841169e-21,9.726937528857031339e+02,5.395416558122326123e+00,-1.227827014731095945e-18
-1.048994705995025635e-21,3.305290975586909781e+02,1.635404620606857762e+00,-2.238561774683973708e-20
-1.630108867250934762e-21,-6.480575947079256593e+02,5.059381387137469765e+00,-3.592525218477031799e-19
1.862853608426366179e-22,4.160072801549480914e+02,4.379456476878156757e+00,2.532694693169134264e-20
-9.043419224068673565e-21,1.299933296118385861e+01,1.802894036616122575e+00,-2.704072726210547797e-20
-3.056310166517797432e-22,4.378221066447846965e+01,5.458551499606503654e+00,9.083506269480144185e-21
4.601764659577129110e-21,-2.571174901293458248e+01,9.226537032266283189e-01,7.143022954131147007e-20
1.114208838702241491e-22,-1.125088325781811172e+01,5.759089836543505925e+00,1.085323574622740547e-21
-7.228244883709408977e-21,2.124401638337409963e+02,3.226309209903372555e+00,-1.530062511548887696e-18
8.282755769459505722e-22,-9.729606950756160586e+02,2.965455363059217753e+00,-7.934109239973230778e-19
-2.466582630284390483e-21,1.196476156407822771e+02,4.910888335711954156e+00,5.819732876652433798e-20
-1.758250579119373742e-22,-2.684972321399798290e+01,1.391303936504162675e-01,-4.675236380864738524e-21
1.458292318361214971e-22,-1.016434041324791053e+02,2.371193768767111187e+00,-1.063717125966711033e-20
-1.366138483231857052e-21,7.013270024813532189e+01,1.921992794823991213e+00,-3.296103646534280471e-20
-9.763908247612021544e-22,-5.671666316477910641e+02,1.301234280491004647e+00,-1.474757908888768889e-19
-4.387935459747145040e-21,1.943099556624681057e+01,1.645708800477713452e-01,8.410995875106845783e-20
3.292773737596672328e-22,3.891436779746408092e+01,9.357046631396720437e-01,-7.601697313410046798e-21
2.574353204278864088e-22,4.514479770891786643e+02,4.084885086065948911e+00,6.823499412979389591e-20
1.111562222982955732e-22,-2.105237101060984060e+02,1.991296766701429188e+00,-9.552702458284681411e-21
4.311826888190656964e-22,3.482056005736079385e+01,5.234496766603162321e+00,-7.487616392008246143e-21
-2.444985406242822753e-22,-1.349796824944982063e+02,4.479034732507073180e+00,7.631531100267072019e-21
2.227471850667370264e-21,8.359212670495733732e+01,5.946599770381524319e-01,-1.542359907468773246e-19
6.206284351504269891e-21,3.896926048479028992e+01,5.940040693035109065e+00,-2.277545238828521807e-19
-1.305384592924479192e-22,-2.331971944220030579e+01,5.401727849239051693e+00,-1.936143120112529704e-21
-1.350624735661625684e-21,-3.749915713313544785e+01,3.283646589453841913e-01,-4.794125513279339853e-20
2.523968666387431850e-21,1.659945160935535284e+02,4.217952935122700531e+00,1.988136672994248912e-19
-3.080150617583337454e-21,3.343455381758703027e+01,2.318711774913714052e+00,-7.004029181228577962e-20
9.826283441107540137e-21,1.104857914861482016e+01,3.638051216707332003e+00,9.545977347807415429e-20
3.427164012784159964e-22,5.495340455505556321e+01,5.399978998793907969e+00,-1.195314013437824004e-20
2.373135729084225857e-22,2.420831855796756926e+01,1.103052303562671810e+00,-2.590252974727041334e-21
-2.607087444682517150e-21,3.586802155109015189e+02,4.720046726008532367e+00,7.160769781121241083e-21
-1.257320359174312666e-22,-3.557464649036375022e+02,3.534221184641115787e+00,4.132516317886042076e-20
3.598577364927104365e-22,-1.332650623072238147e+02,5.993254083093384033e+00,4.595493064136581136e-20
1.024224104024657744e-21,1.647592913983943959e+02,1.466391782532780796e+00,-1.758632246495876755e-20
2.524040435157759823e-21,-1.039595115185598360e+02,8.829687223124859097e-01,1.665860614585589045e-19
-1.758969371625461078e-21,2.307545611675597641e+01,3.600825805557416714e+00,-3.638370069281358448e-20
9.701425003120770132e-22,1.127410425205099109e+01,4.140921857027440645e+00,5.915722216983307467e-21
-2.797460073747025381e-21,2.373724066763821128e+01,8.094353313577287157e-01,4.581259298994483831e-20
6.154809265975976162e-21,2.834307120392380597e+01,1.952764304242338156e+00,6.502435618372952392e-20
-8.771125933494005317e-21,4.421551682608214264e+02,2.787324388503134909e+00,-3.637364782240183082e-18
6.441436541035608579e-21,3.237766192319783158e+02,2.464379978358127499e+00,1.625344200643434978e-18
3.203042870828562830e-22,2.515323617937093843e+02,2.215096266999561969e+00,4.839160835680303174e-20
2.859616381819843357e-22,-2.529182452490754258e+02,1.343390135861098622e-01,7.167327382308057220e-20
-8.085844804752113513e-22,7.809068516735268872e+01,4.453722215141183938e+00,-1.615144642192543149e-20
1.378707083566379014e-21,3.507345406111042507e+02,5.766771488684041103e+00,-4.205017690234899867e-19
6.354775972002935787e-21,1.309668639750368868e+02,1.952886162732225372e+00,3.103187030273930428e-19
4.849021932785266433e-22,-2.029899756926866417e+01,1.949698196433405473e+00,-3.640940661549097063e-21
-2.989174069707401721e-22,-3.035414602285703154e+02,1.220125615459797475e+00,-3.116958972264308823e-20
-3.195912080381294279e-22,1.072381285070592760e+01,5.887849300222289806e+00,3.162884019459271642e-21
-2.025449964970344063e-21,6.091288562578311172e+01,3.075536668840956334e-01,1.175868292395124098e-19
1.239739249781880382e-22,1.498478686183636555e+01,3.823970929713803812e+00,1.441732399074178659e-21
3.956534584596259728e-21,3.779460687559579810e+02,2.546945611693164579e+00,1.238673158231840328e-18
8.833748805725074535e-22,-8.259064584099879767e+02,3.316727804253284395e-01,6.898218821109043759e-19
-3.265239617795732323e-21,-1.575753249021584246e+01,5.839912979339794141e+00,-4.647942679925479612e-20
1.857090435335150303e-22,2.322333233279010045e+01,5.707033227971759715e+00,-3.616549621789246018e-21
-7.653742720736618891e-22,-2.734915351440794780e+02,2.357654315688148650e+00,1.482299015285661279e-19
5.363777234274199973e-21,-9.465114289723838681e+01,3.279983793519161139e+00,-5.028337555367736863e-19
-5.001864105314193085e-22,7.506405051794197334e+02,2.377454301242665213e+00,-2.710742947964314905e-19
9.641346364102844676e-21,1.011472983251300306e+01,5.687328478345150984e+00,-8.071385727304904398e-20
8.883082298443039265e-22,-9.728959248006425753e+01,5.639915604304129637e+00,6.915051398775412035e-20
-2.956117138190303264e-21,6.969803891961097975e+01,1.642763956507151901e+00,-1.481509495162409126e-20
-1.262044586814610703e-21,-5.695743738800955498e+02,3.772677707314838091e+00,5.803731486084161803e-19
7.178731910560678024e-22,-4.097605705252762220e+01,1.857806731308197845e+00,-8.327153761489298784e-21
-1.898938988599106325e-22,-3.738385068821103374e+01,2.621524780410566358e+00,6.160378697467216659e-21
3.990338168139799248e-21,-1.797943837722947649e+02,3.607814561445684465e+00,-6.408701076899943805e-19
6.079954569635081416e-21,-1.628588991119169123e+02,1.869752137464893549e+00,-2.916287240259207462e-19
-1.011672353030288127e-21,2.047780755644168380e+02,3.157029410197495167e+00,-2.071436346183887116e-19
-1.731266642396526438e-21,-4.076686857462935620e+01,3.557959661669848561e+00,6.454841165377179039e-20
-8.981537639275703446e-21,-4.130165053095419125e+01,1.120776910755015399e+00,-1.613579632022627852e-19
-2.270441339757161114e-21,2.210162708103871410e+01,6.067278164674104524e+00,4.901538103249488167e-20
-1.887791896568584431e-22,-3.156034947156755379e+02,3.366177049955115130e+00,5.808314012487630564e-20
7.546961640767371903e-21,4.812139537184539222e+02,1.254853026913182346e+00,-1.128418208503678502e-18
1.955629625044080063e-22,1.075279784601621103e+01,6.151914420723463728e+00,-2.084756809856199492e-21
-5.339835839921493747e-22,3.645378085149383196e+02,1.391479341305666528e+00,3.471858268957318595e-20
-1.642010219825285543e-22,-1.612320066906246154e+02,3.947646392637899293e+00,1.832962653708350853e-20
8.244151947787949108e-21,3.825587923561681691e+01,5.268779519497566177e+00,-1.665637849994758689e-19
-9.365999262971927937e-22,1.389952383074128193e+02,1.165826623091019920e+00,5.129089166297374966e-20
-1.422714412900703455e-22,2.812898311050507161e+01,5.322278688712308359e+00,2.292225695432850605e-21
-3.386325012546876220e-22,1.009482106820370291e+02,5.964471120321283237e+00,3.246279093885001129e-20
-2.400919632953029962e-22,1.379483532216787012e+02,5.088842334321718175e-01,2.892357438161379333e-20
-8.140119439671328202e-21,-5.311523614886854006e+01,5.214193568672023105e+00,-2.079709060351296489e-19
6.048335645000581219e-21,6.762874185952091466e+01,8.245593830788515433e-02,-4.076515854158607546e-19
1.139883081018281820e-22,9.374375391132366531e+01,3.318783094720426874e+00,1.051838392249813660e-20
-4.765725065023064573e-21,-3.908417136709920925e+01,1.791289968694113055e+00,4.073813989111877182e-20
-1.925012060484203260e-22,-1.393759230353400902e+01,1.154034294982600128e+00,-1.086084489900469479e-21
6.408938989990434868e-22,3.634586450301418381e+01,6.217235811285745761e+00,-2.324320479663392556e-20
-1.176111576006571943e-22,3.962596165254323068e+02,6.008504005106579449e+00,4.485742631845723507e-20
7.288058019430991278e-22,3.270899917033278115e+01,4.810348468444372472e+00,-2.331475067722757533e-21
-6.892301883330688390e-21,-1.684320720823396869e+02,5.504823852496755876e+00,-8.266252835314579889e-19
-2.799665757077777999e-21,1.266177625506349074e+02,4.645277452278826047e+00,-2.377233773799214842e-20
2.330629107776792062e-21,5.909674770180716905e+02,2.344340216565997004e+00,9.623033257179775822e-19
-1.804732106896005168e-21,1.122330215617375160e+01,1.594712598674794757e+00,-4.843791927458249614e-22
5.914909827924941228e-22,-1.290846119202984710e+01,5.243561281935230411e+00,3.867587738666668688e-21
-9.656739715432631041e-22,-1.121472809547016070e+01,6.156039920464982274e+00,-1.074235211748710372e-20
-2.433977703903332826e-21,3.985084221787083720e+02,3.795050464115929945e+00,-7.701355592902435366e-19
-1.194491776081742993e-21,4.054960270302833436e+01,5.255326515526833830e+00,2.502470642300508779e-20
-1.433169770930285448e-22,-1.260606413682669000e+02,3.905835683336741138e+00,1.304241551027059661e-20
-1.142617795097842371e-22,-1.514309858247331420e+02,4.998241517417095992e+00,-4.878958258413170285e-21
-7.049306554354754349e-22,4.072300615356438414e+01,3.666261597163236186e+00,-2.484552586352444103e-20
-6.900343433301321765e-22,-5.692489897178941192e+02,3.966053024386448911e+00,2.666937551904591163e-19
-2.546976872057936099e-21,7.854301896402712373e+02,1.433307549606135600e+00,2.741768112865212388e-19
-1.838393110471014045e-22,-2.288602118166106720e+02,2.228523972112503859e-01,-4.103306810264778807e-20
8.618862617461094720e-22,1.269244735199164253e+01,4.747137533551634148e-01,-9.729801408697708352e-21
-6.160216124260887113e-22,7.094111614555022527e+01,3.345031683822340396e-01,4.127905439860606531e-20
9.540998336280367735e-22,-1.869547606014449315e+01,2.468709334933842037e+00,-1.394930600357608952e-20
4.679213233093315200e-22,6.224629061916413519e+01,1.995991315457717796e+00,1.201458012208828731e-20
-1.930367651475096953e-22,-2.002327599688295123e+01,2.389454204070384780e+00,2.822504002299415389e-21
3.736413781560256346e-21,-4.167339938654763642e+01,1.130745102441313543e+00,6.632985163687818853e-20
6.413461397873769088e-21,-2.432372606834010185e+02,4.412042186042699043e+00,-4.615261954298109855e-19
4.868863119486461805e-21,5.915331064971283013e+02,5.474723028993993879e+00,-1.989025472556356720e-18
2.302268568981534828e-22,-1.693560103818576934e+01,4.631575042667225084e+00,-3.147531191204179711e-22
9.014760699112796851e-22,-9.324174327117294752e+02,1.451404660179645534e+00,1.001166583609297498e-19
6.142571217240466412e-22,7.350586599718644720e+01,5.557354400451638199e+00,-3.377098259824108784e-20
1.807224933221233823e-22,-5.567063510159394468e+01,2.303586939864447625e-01,9.795171911580623976e-21
3.901555145867136820e-22,1.786649757351902963e+02,4.566283850919738541e+00,1.014837275386878768e-20
3.709707970590832561e-21,-4.347664599670284815e+02,1.091375985269596338e+00,7.439542099332480489e-19
-1.086744484600971524e-21,2.826853426905034894e+02,2.834307545896608715e+00,-2.928166391159949683e-19
4.484060084816483318e-21,-7.857446082631605577e+01,4.729558128772602288e+00,6.048953556038034949e-21
-7.172831597716301954e-21,7.814783652092984312e+01,2.210944913371827969e+00,-3.348194937754948148e-19
-6.028266472486348709e-21,2.100035781904369969e+01,2.342869978114565654e+00,-8.831603772119606927e-20
-1.970907275073576144e-21,1.312759969572621266e+01,2.610356872202005629e+00,-2.230746960338629418e-20
5.708580221735579510e-22,2.912208065353648294e+02,3.482495175016764755e+00,1.566788406679799571e-19
1.335684222431374961e-22,-5.622174741791485530e+02,1.536963740190563366e+00,2.540156547526496240e-21
7.773882345560859447e-21,-8.825247967918079439e+02,3.652883309795948996e+00,-5.983261650328971688e-18
8.703451828978287890e-22,2.315036662065838158e+01,3.612782703932225559e+00,1.795316803399484935e-20
-6.468094843636573190e-21,-1.014651179429242234e+01,2.546296671474552298e+00,5.433933687980905334e-20
-8.545871742502505841e-22,3.570113261094360979e+01,2.342634434244597941e+00,-2.127912284348823598e-20
-2.066054356621878065e-22,1.203624790786891339e+02,8.563242842055178716e-01,1.629367803245505786e-20
-6.879100028569133053e-22,-2.585083741804940516e+01,1.303224456417918953e+00,-4.701669244599913186e-21
8.531699956901609856e-21,2.239735808356292068e+01,3.304075088010244077e+00,1.885706762734973025e-19
-2.393154397773098551e-22,3.769829766444074721e+02,4.571310797000530890e+00,-1.268559168892687949e-20
3.054531194455070126e-21,2.550913631699408768e+02,2.143414943630113090e+00,4.221893013755193111e-19
-1.938104978940014831e-22,1.575693308403514266e+02,4.268289845666266125e+00,-1.312073972450650434e-20
2.959068457886314453e-22,2.517831410981374773e+01,5.111500640506560167e+00,-2.895239042326358707e-21
3.459539892085529109e-21,-2.196835994512051826e+01,1.038661624409431550e+00,3.856063772092972762e-20
1.464714873559233190e-21,2.064220098404979353e+01,6.445021157852655058e-01,-2.416977969707105384e-20
8.983976757654591860e-22,3.445825336801013350e+02,5.973513946144241693e+00,-2.948469682124765169e-19
-4.686197382084205044e-22,-4.336886994575755239e+02,2.785255579921983582e+00,1.904680390553249556e-19
1.574579279145101095e-22,-5.841009738645628602e+01,4.355758390034997873e+00,-3.210892184751346407e-21
-2.972844063648143753e-21,-2.034499938328738011e+01,2.036081020954505050e+00,2.713712649022820398e-20
-2.858082184621963162e-21,-6.628623292760711365e+02,3.651370057299510030e+00,1.653633402506746884e-18
-6.860892079333634675e-22,-5.516510564425535534e+01,4.277017068901993291e+00,1.596238241471910669e-20
3.026598661029835344e-21,5.601501101272125993e+01,3.748402782766762087e-01,-1.577634860423861534e-19
-2.551033219818040722e-21,7.461596472825186765e+01,3.092872560228340895e+00,-1.901219401375920971e-19
-1.501202957528869818e-22,3.280346600930091086e+02,9.683258003524525259e-01,2.790595229843683746e-20
-3.402073489064798111e-22,9.819581550845681477e+02,6.454641890023505857e-01,2.668615068427095590e-19
9.609024323869963170e-22,-1.230755217399206458e+02,1.184545983493978438e+00,4.455197457069378078e-20
1.422578350669811105e-21,3.045532507852206905e+01,5.892896938089215553e+00,-4.006701307685938518e-20
6.578706013596748861e-21,1.281127778534899342e+01,3.950903901336219715e+00,5.815408243240940289e-20
-6.057200707131641491e-21,1.995682332153087088e+02,3.021603043491155827e+00,-1.200133247184513652e-18
2.023437803040100817e-22,-3.456131162714249285e+02,5.240296381514071733e+00,3.522695215287031485e-20
4.949296602020825282e-21,-4.633193828147822302e+01,5.557717429618409533e+00,1.715676141383540334e-19
3.464696672760125389e-21,-2.929691912844925383e+01,3.090749074316909262e+00,-1.013737678245060378e-19
2.460726697578493433e-22,-2.763203301966419190e+02,1.891233089808414647e+00,-2.141710398841644554e-20
8.511576346853671722e-21,3.311919404330496519e+01,5.922573212126713837e-01,-2.338846832866816529e-19
5.555404065025395752e-22,-1.039834384448432658e+01,8.717939574213334764e-01,3.717042774350532789e-21
-4.353756568673145394e-22,-1.047084497501934806e+02,3.991705641430359996e+00,3.008311840902678164e-20
5.290140909873702239e-22,5.409024463872693644e+01,2.306970807103844723e-02,-2.860688745412992597e-20
-4.898832901308778707e-22,3.181446380029494136e+01,2.356188230954914253e+00,-1.102045480402743707e-20
-5.759022281480797430e-21,6.873665962085620151e+01,4.813505543134724896e+00,3.995941755660895096e-20
8.035173363529128715e-22,6.508545339119737037e+02,3.386755310247567152e+00,5.073348918671195866e-19
1.674678231473922368e-21,-5.132368203852360011e+02,2.798808250671625864e+00,-8.095025463165371222e-19
-8.592543034085917355e-21,2.479529909317347602e+01,3.662403146090579042e+00,-1.848070712609248982e-19
1.187471538800882399e-22,-1.782451297075317314e+02,2.153675448728725073e+00,-1.165045617003604113e-20
-5.212183748034117536e-21,2.002440676285582697e+02,5.895623395095169528e+00,9.663003721826663062e-19
-1.909256054154347026e-21,-3.137317614685172771e+02,7.204094336104115426e-01,-4.501655693561122110e-19
7.952904974839267435e-22,1.614590894319229619e+02,5.390485894962813163e+00,-8.055118913438972301e-20
-1.780773319919149248e-22,5.522523021603958426e+01,2.347229035506619432e+00,-6.891319907333161170e-21
1.759277167225773729e-21,-1.353566910934707153e+02,9.768416638081948156e-01,1.332676932655193259e-19
7.995536200106804645e-21,2.629401614185565350e+01,1.784450642874371384e+00,4.457660847552648818e-20
2.427214072695250748e-22,6.092265967450222064e+01,4.357097335730546028e+00,5.143943451564962063e-21
6.083431355405403508e-22,2.841346847556636135e+02,1.784946327150951362e+00,3.673384426753753901e-20
-3.162005988141585003e-21,2.204666458979988022e+02,1.557909073033262981e+00,8.983673130794837317e-21
-3.038678256485692813e-22,1.941393908288027959e+01,4.413398239439183079e+00,-1.737665061653897540e-21
-1.889155055292546679e-22,-1.699985088542227345e+02,8.285570784304522318e-01,-2.170804722117526058e-20
-5.116814852101038396e-21,2.021646108332005198e+01,4.875679738888044845e+00,1.681646584207121596e-20
2.103242265392450421e-21,-3.480278409237728710e+01,5.540811471112156106e+00,5.393761089440285003e-20
-1.562631429989118778e-22,3.576038000475988810e+01,1.124192756658703329e+00,2.413496294371959078e-21
1.996224278223240168e-22,4.796689131237010884e+02,5.093650842865240058e+00,-3.562880559460668969e-20
3.513736191434126536e-22,-2.931254324184998836e+02,5.258675223575428603e+00,5.350851356481777858e-20
2.282932233909718966e-21,-6.912290149430988606e+01,4.681794365992091866e-01,1.408219379103961783e-19
7.740599593967676337e-21,-1.673858979936603220e+01,5.618278520613347204e+00,1.019656798690273262e-19
5.078774611918406588e-22,5.456764360902159297e+02,2.986094675935355269e+00,2.737929778139883082e-19
-1.105423822412450804e-21,3.903950271766974112e+01,1.276664311271499264e+00,1.251109065461518237e-20
-7.435298920732058353e-21,1.439177149034921115e+02,2.868278861545586089e+00,-1.030352020101275818e-18
7.346272886391815013e-22,2.339310624385919368e+01,2.912807963214975260e+00,1.673741460368621683e-20
-2.058144002833234116e-21,9.305091753720907946e+02,9.678542518877027989e-01,1.086004765237084726e-18
-8.082282159436141310e-21,1.012397917481351328e+01,3.100825651880934508e+00,-8.175687133786556005e-20
7.206440476459817552e-22,-6.899931321162726761e+01,3.617862031680793233e+00,-4.419023967959680194e-20
1.452641540655220352e-22,3.947490309021876556e+02,3.480693834574960510e-01,-5.390420136307983247e-20
3.648998968574723548e-22,-7.230164931260267736e+01,3.666989872116492855e+00,-2.282446979964290578e-20
2.951099459083554129e-21,-1.866717580484933592e+01,5.497953707128059975e+00,3.896007567666774141e-20
1.679853513175227560e-21,-1.067139035878853122e+02,2.883948950971359171e+00,-1.733467775561522226e-19
-1.809503585346973838e-22,3.556276803696288624e+01,3.388886939932991282e+00,-6.239328939909872782e-21
7.889281719777501039e-21,-2.171620124676269725e+01,3.874434311964899180e+00,-1.273419964962315541e-19
-4.197894003013060498e-21,1.139959401249759026e+02,1.681862288494380353e+00,-5.304061890887491902e-20
5.188809904075862279e-22,4.673839770812283518e+02,3.921630290902812788e-01,-2.241058966233775332e-19
1.321829972144521884e-21,6.389823599972081638e+02,5.436367310531200481e+00,-5.594552656485200267e-19
-1.548552823449160284e-22,-3.471609670519266189e+01,2.748496329787264436e+00,4.965931898669097944e-21
4.126424209121269215e-22,-6.175210985331341362e+02,2.710534062442279124e-01,2.455119340907725089e-19
3.379737727401826360e-21,-4.309714995606565253e+02,1.983284181278590352e-01,1.428017920004506330e-18
1.244276508594224551e-21,-1.640715945128180522e+02,4.097535916476088502e+00,-1.177618287879837494e-19
-3.158929047645763979e-22,-1.168553174616456118e+02,9.951918891226373409e-01,-2.009371047617645436e-20
-9.834022116173299485e-21,4.021282736217433751e+01,1.141203513229879674e+00,1.647067784992783899e-19
-1.575364545082486103e-21,5.253572404673611800e+02,1.777743182452107495e+00,-1.700553353649612022e-19
9.920809517537351549e-21,8.755752597814871478e+02,3.803699992124693452e+00,6.850962195987344323e-18
1.246537064989423068e-21,9.471254999342791052e+02,2.939628022345309066e+00,1.156630058012631313e-18
2.130568161458264432e-22,1.897567987746245421e+01,2.505709840612474704e+00,3.252704310901701447e-21
5.320045909041676873e-21,-7.087007377697074162e+02,3.120188834739529571e-01,3.588273371265611151e-18
-2.395668263317939639e-22,-4.191425293932960017e+01,5.606943947714579046e+00,-7.831489766165727930e-21
-2.428484919276026187e-21,5.758582535982739614e+01,4.269360704274387963e+00,-5.994894431215223544e-20
2.326757276627952589e-22,1.455449608780162052e+01,3.012878485960056807e+00,3.358464215377779964e-21
-1.448800036372358128e-22,2.576238509799806309e+01,1.572987656188940653e+00,-8.179030595136492119e-24
1.209603088193176812e-22,5.707245920887859256e+02,3.666067508605106440e+00,5.975582056995622932e-20
-2.284234027278836732e-22,-6.986768790385078773e+02,4.854134474873688987e+00,-2.254607589295442063e-20
1.084847264231481297e-22,-1.407732913813176481e+02,5.303433350011093950e+00,8.509855897086113530e-21
-3.437631711721654402e-22,-1.726540050496516585e+02,5.647671668743542206e+00,-4.776459678640669152e-20
2.169563373389808323e-21,-1.066787309223795717e+02,1.986855327704581509e+00,-9.354104870819040047e-20
8.270830573874437395e-21,3.800491661478815217e+02,5.503479228786654076e+00,-2.235280007588844701e-18
7.883135979935166383e-21,4.197051481470892753e+01,4.463358965852260773e+00,8.154490444559321980e-20
3.365041911985770406e-22,-2.591866871174465459e+01,3.924814617701587682e+00,-6.180608405088881956e-21
-3.499674598115154322e-22,5.331243442971938151e+01,2.320745061039064250e-01,1.815743189940680981e-20
8.161170197102648271e-22,6.458034886376499628e+01,9.809195219285178347e-01,-2.931767997087997506e-20
1.840543773406928425e-22,-5.553304020518053221e+02,1.740903483100241456e+00,-1.730309018941286582e-20
-7.702475799889080153e-22,8.116789218970205866e+01,3.150799278665200376e+00,-6.251672291881750193e-20
-5.845718662007968869e-22,-2.046751255225620696e+02,4.904525937812729275e+00,-2.284748892409663647e-20
-1.373050766656255872e-22,5.525957221704329214e+01,3.994211175501140687e+00,-4.992625730465332862e-21
4.050970145596802776e-21,-8.040931063249480530e+02,1.810632278691022501e+00,-7.737632962954782026e-19
2.891483747006294440e-21,1.386133172983510953e+01,5.552263866131943892e+00,-2.984181153037165190e-20
2.798844457029682526e-21,-1.366508698902086749e+01,2.078967729863816505e+00,-1.860997949905173920e-20
1.794142867739607594e-22,-2.114926996050786840e+02,2.963389069394732900e+00,-3.734390706663575393e-20
-1.248713113828121154e-21,1.276501325500527351e+01,1.590250281439619773e+00,-3.100733546302570179e-22
-1.194734443697234364e-21,-1.276046612212112734e+02,9.717658584466424276e-01,-8.595979297636244718e-20
1.586490698990577999e-22,-1.835077172927843492e+02,3.899803989944777616e+00,-2.113823009787332057e-20
1.227045640539347729e-21,2.039108081465586508e+02,4.766199722159981889e+00,-1.345737427125104398e-20
1.814975959463432427e-21,-3.828537115663403512e+01,2.459363113597512029e+00,-5.393366806468242632e-20
7.992522245653391031e-21,-1.303062451000779731e+02,4.405012436820323174e+00,-3.151079962954224328e-19
-1.847579649703696595e-22,-1.542352872816056752e+01,5.801809028790967382e-01,-2.383317965064253254e-21
3.935330358527468974e-21,8.043379734112502888e+01,6.181107285451840037e-03,-3.165275177929314068e-19
-4.063583988539138785e-21,-5.985542400405462615e+01,5.206907846255667494e+00,-1.154377894298427854e-19
2.576766213063747896e-22,6.657900393270329005e+02,6.107557856707377830e+00,-1.689194602992653238e-19
-1.371067584428245352e-21,8.254537072469105397e+02,1.287246552152050139e-01,1.122389167868231941e-18
8.387163317537325403e-22,2.349151460063549379e+01,2.067562723395350854e+00,9.390024937243107327e-21
-5.039655642107756159e-21,3.433994074702787458e+01,4.862588509340858955e+00,2.589612631406401534e-20
1.743693385254147472e-22,5.470516019553000433e+02,1.306401267965326074e+00,-2.492757499337159440e-20
1.505719904898368505e-22,3.184173955167311760e+02,2.585678515411652167e+00,4.072514457097200966e-20
6.754408042025341872e-21,2.481754562402007735e+01,1.488774127315858065e-01,-1.657735662675495309e-19
4.981776181539495638e-22,-2.244566195103293467e+02,4.490006625475174928e+00,-2.466217877777184524e-20
-4.991048209973064694e-22,1.540567588694845824e+02,2.334373126345807403e+00,-5.317050087329889399e-20
-6.132964347840128386e-22,3.927219107470752419e+02,1.937548167901607332e+00,-8.636701534046516885e-20
-2.145052626217385036e-21,5.539299237110530783e+01,1.443994172268699083e+00,1.502640068415396231e-20
2.401993142854584142e-22,-2.021628072380828911e+01,1.256070793570980004e-01,4.817680711372168278e-21
-9.231876745998893444e-22,5.401613171179867123e+01,3.980218491455754126e+00,-3.333538228610888181e-20
1.143553213802484412e-21,-1.958214081949819274e+01,2.560545703374290660e+00,-1.871823373969967073e-20
3.498834914817258411e-22,-1.289840633837781638e+02,2.257516173279864979e+00,-2.861221465577951400e-20
-5.433347431131361598e-21,-3.122947557937336782e+01,2.710186406159210915e+00,1.541342223087532507e-19
3.968789000917783497e-21,5.456988191708320812e+01,2.327494691102630853e+00,1.486849792829262460e-19
-9.208708124551126253e-22,-5.055423327247488601e+02,1.549445636125902137e+00,-9.938827852103960736e-21
-7.076661230412806287e-22,2.913799973641827634e+01,5.064812069400887573e+00,7.117458371401524649e-21
5.155259493311987267e-22,1.986227981608113566e+02,4.427362767055735837e+00,2.879175114348477555e-20
-2.634918001259458154e-21,-1.300679106726193268e+01,1.588873652233403488e-01,-3.384013775795091551e-20
1.368563858692708228e-22,-4.416718297471548453e+02,5.735507181097529994e+00,5.160458374066095945e-20
6.941565063632716296e-22,3.994117060141950333e+02,5.778332287891562835e+00,-2.426655419428871691e-19
-7.734365795832528730e-21,3.313167823163166759e+01,5.218126002127696950e+00,1.241421302157208023e-19
1.744141734362670298e-22,-1.210004227398879664e+02,4.402409938778649057e+00,-6.437593805459914677e-21
-2.685814892668295129e-22,3.075831799933948929e+01,3.439520458077304776e-01,7.777255992250375621e-21
1.237506003957007170e-22,-5.082938598382704072e+02,4.154649454465675795e+00,-3.329194467778948049e-20
-4.344072759279187532e-22,8.657083739493404551e+01,2.197344685747079307e+00,-2.205094939563294693e-20
1.249609656692830033e-21,2.854474009302175475e+01,3.311147760658325723e+00,3.515827594877282971e-20
5.696138647785414617e-22,-8.861788933331827423e+01,1.255546528516100935e+00,1.565089755266349930e-20
-1.208656397197565350e-21,-1.460798037984391939e+01,5.296816878072813317e+00,-9.741225306306686413e-21
1.274881813624827792e-21,2.998825039883833909e+01,4.954768915460165957e+00,-9.176076728557637492e-21
-1.228381320485642310e-21,-3.363090975338036515e+01,4.551569597373672948e+00,6.615102488380551341e-21
-1.410291747110367998e-22,-2.335281874630419736e+02,3.071004061479051916e+00,3.285226996453961673e-20
1.235657516288435568e-21,1.678447202906494695e+01,4.530878297743882399e+00,3.743869010745261792e-21
-9.640353067859023581e-22,-4.194455614545282174e+02,6.924855361287431954e-01,-3.112205777687759251e-19
6.220471414223854238e-22,1.081530762522517932e+02,2.486389325442505349e+00,5.334500588312540479e-20
-1.382992289523483253e-21,2.658994887619871506e+01,4.050742188290936241e+00,-2.259438192161883183e-20
2.119152900926887453e-21,-5.803518988905940432e+02,3.170657239856424781e+00,-1.229334986795234905e-18
-7.559380625531231125e-21,-2.753983197993086947e+02,4.025340546707909972e+00,1.320424193845940282e-18
1.923889352094810509e-22,7.741046934355430267e+02,6.209622798317084857e+00,-1.485263985380578568e-19
-6.937189408716841252e-22,4.879230923232870509e+02,5.367272643929780429e+00,2.061578990093251781e-19
-1.432075888527694296e-22,1.483378165054377575e+02,6.219785734483474826e+00,2.120042195193119469e-20
1.159311737985221219e-22,-7.436096838421873656e+01,4.497698379466314123e+00,-1.836609838818613495e-21
8.136475312171237131e-22,1.889848335720259342e+01,4.389216758909387783e-01,-1.391915325776499589e-20
-1.098961358923411432e-22,4.969349373899317612e+01,3.688137541771259187e+00,-4.665575891635901354e-21
4.960515294438920960e-22,1.616917775582166144e+02,1.305844285220245871e+00,-2.100336308972010097e-20
6.687676790423493401e-21,7.039297738930952164e+02,2.407409934778927119e-01,-4.571893447134488371e-18
1.778859392249787462e-21,-1.389090718841210332e+02,3.975277297032627555e+00,-1.660886046368439313e-19
-7.072758734643424098e-22,7.670231281442231648e+02,3.986734714096851651e+00,-3.600145504942988993e-19
9.103024934919559257e-21,8.443160239250862276e+01,3.185661218706821618e+00,7.678367938021514155e-19
1.067271320074954899e-22,2.839630280034278371e+02,4.484530535515189875e+00,6.846004569609437354e-21
-9.399125063260043320e-21,-1.536600735264942408e+01,5.151200916772877392e+00,-6.136188134410378661e-20
-2.286965753831482389e-22,-1.404021633604742547e+01,1.798534873619625385e+00,7.249522325949653848e-22
-9.240199521757138982e-22,-6.765792617790387453e+01,4.345735128817962867e+00,2.241204924492500687e-20
1.487463471019189741e-22,4.963055443798245392e+01,8.658063732136350721e-01,-4.783964918655596777e-21
-5.747194103900274552e-22,1.543009608761919651e+02,4.184168141576916966e+00,-4.469437321345537643e-20
7.500041944554097381e-21,1.141273857394608626e+02,2.667224986746728810e+00,7.614465412870744325e-19
-3.587854534302644992e-22,-6.333763022076807658e+01,2.089671465114113058e+00,1.126922212561690944e-20
2.779896906963339869e-21,5.094729949988333573e+01,1.843914163130371042e+00,3.820209556450828198e-20
8.028790220676724549e-22,1.505143711366134518e+01,4.999105015634708771e+00,-3.417538345754029132e-21
-1.758322050901926761e-22,-2.705015601816332449e+01,2.662520327946915621e+00,4.220839508990623593e-21
-1.321971816943267575e-21,-2.063669106904962902e+01,3.619631414970550409e+00,2.422287931039574708e-20
4.562464349810065362e-22,2.175103821240606194e+01,4.770960709096812913e+00,-5.809238013901053426e-22
1.133009568504178524e-22,9.739349550757094676e+01,2.718417159155289697e-01,-1.062955738442806698e-20
3.707524056912609841e-22,6.639667036098182962e+02,2.937120450615466449e+00,2.410391679140974962e-19
-6.025744483968051326e-22,-8.623431610501622799e+02,2.943214418770098373e+00,5.094347821750937538e-19
1.001571530237464347e-21,-2.330183117471452192e+02,9.486417436785234969e-01,1.360135452476916042e-19
-6.928511001846679989e-21,-2.129188280120618870e+01,1.966951766121655343e+00,5.692459417207538913e-20
3.963627835633200080e-22,4.603521117576099186e+01,2.852615427172978002e+00,1.749006263425679973e-20
-1.478469760239733641e-22,4.411906688736267057e+01,3.859290402175301615e+00,-4.913820670345521995e-21
-3.842178754694210235e-21,1.398534527529306715e+01,1.636431270572922481e+00,-3.524309271228625991e-21
-8.370430617105982744e-21,1.458081211015712313e+02,3.967020542248572923e+00,-8.277793302786093791e-19
-1.310029475117894144e-22,7.491348030053098910e+02,6.808199735533210228e-01,7.625948041905484797e-20
7.886560307811153482e-22,-7.391798790714219081e+01,4.490444681886790690e+00,-1.283247362828139183e-20
9.178913949441521313e-21,-7.025768585067802405e+02,3.032786352799925922e+00,-6.410756562901362962e-18
1.661326462553476945e-21,-5.424717168250984969e+02,3.037358404825417857e+00,-8.963312572689924732e-19
5.136500142491313168e-21,7.086623988265531580e+02,5.652404679758004313e+00,-2.939581135856171572e-18
1.036262264812643033e-21,2.517177749107726186e+02,4.973195435438014123e+00,-6.726160714625154800e-20
3.232813739310511442e-22,4.248381241202145020e+02,3.906050982727215626e+00,9.912778412338242454e-20
3.058180376574128038e-21,-3.398752387751118249e+02,2.932637491352059644e+00,-1.016790956567104682e-18
9.066926632978528539e-22,3.118674231144579068e+01,5.438561511767021628e+00,-1.877614586967653888e-20
3.835123410056964690e-22,1.246250454955428388e+01,3.083980929423240092e-01,-4.554031229573373229e-21
1.228684129095244407e-22,9.103890285297573826e+01,4.012773093836217719e-01,-1.029723682968132895e-20
-2.045154172816765881e-22,5.243682051470972283e+01,5.593198166155422868e+00,8.271036651707852457e-21
-1.435559211090794831e-22,2.135228707537549440e+02,2.852230532278203334e+00,-2.937812905764991219e-20
4.367073969526097231e-21,-8.275115507052608166e+01,2.058450984092203839e+00,-1.693266809744579540e-19
8.922940853102680922e-21,5.506645140906306324e+02,4.925787504843207820e+00,-1.040603497493931904e-18
-3.341152330548322902e-21,-8.876736653968174551e+01,6.004944126290684636e+00,-2.851786265122915843e-19
-7.252841974381306542e-22,1.370947967614276664e+01,3.873219546443861239e-01,9.206710415587702738e-21
3.816641981712197633e-21,2.088597548922325942e+01,3.870477606604572074e+00,5.946028695326491447e-20
-3.904032810839203457e-21,1.434552346684121815e+01,2.280793681196836786e+00,-3.650609500130059071e-20
-2.865342199024199326e-22,-3.956660339619849509e+01,1.929633551870326924e+00,3.981458202402378126e-21
-4.227706887404232622e-22,1.865082318651282378e+02,1.798665797806760835e+00,-1.781246694847563751e-20
-1.061691569420826812e-22,-1.131839358106831241e+02,4.992942962336168189e-01,-1.054965938172892522e-20
-3.669452840343917614e-22,2.381582655377929569e+01,5.937651813844970761e+00,8.222579489210993365e-21
8.495664678994366157e-21,3.136949406953953599e+02,2.436412306151406693e+00,2.029419101882820467e-18
-5.760873862926935204e-22,3.261275081606265047e+01,5.831869981653251322e+00,1.690665147883305670e-20
5.409148253812840947e-22,-2.766485566500665882e+01,6.211958620313814627e+00,1.492638778926695815e-20
7.811619712004494718e-22,-9.710575041737595825e+01,5.298678812386111936e+00,4.196879656544621106e-20
-3.961095368226718977e-21,-9.507220100944666683e+02,3.076401083065376518e+00,3.757900957082021820e-18
-4.620596551706289803e-22,8.768356341851675495e+01,5.642486161853816462e+00,3.248001533164557854e-20
1.053610532562556048e-22,-9.636762801188569938e+01,2.860245457828914706e+00,-9.754186262336018867e-21
-1.660916332162591420e-21,-2.598295404763398153e+01,1.220935184819794461e+00,-1.479230137309421312e-20
7.441925245513835834e-21,7.709465611157826288e+02,1.227943260616384258e+00,-1.928748507107422017e-18
-1.493677544892500298e-22,1.228515236800133295e+02,4.485815570715764977e+00,-4.122153618072305342e-21
-6.176898220737369845e-21,-2.607841601569456316e+02,6.712506616690494532e-02,-1.607209542670017911e-18
-2.265775132902608355e-21,1.990252719229182787e+01,4.796652416381265382e+00,3.795335178145922345e-21
-4.122358312066570003e-22,1.396569069759013928e+02,7.225535549343837793e-01,4.318556593202347940e-20
2.124232951246492773e-21,-5.340156461528965792e+02,5.663038670066937286e+00,9.231456008681956272e-19
1.113391511723406472e-22,-1.790605527900157767e+01,9.305999415231308580e-01,1.190909718659502660e-21
-2.059996996532144752e-22,6.525374921325216349e+01,1.273199563415336799e+00,3.941583802468585014e-21
2.590614366098992042e-21,1.789921865110055421e+01,6.095056842135885056e+00,-4.555181983753759683e-20
2.880752905639298410e-22,-2.245122546690598995e+02,2.457459478449871337e+00,-5.012211242633124227e-20
2.776281742346440832e-22,-3.160788153703242642e+02,4.695020401081222872e+00,-1.524057618812014438e-21
6.105759120537291084e-21,6.860283943704844205e+02,1.068673415280307903e+00,-2.015980508297838915e-18
-2.529191241272294505e-22,1.827767448688086915e+01,2.381003222479114889e+00,-3.348874886403789551e-21
-2.114352920723082823e-21,2.165297574947040573e+02,5.718170808264242400e-01,3.849898241174035461e-19
9.624023742152136213e-21,-1.314813116009073113e+01,2.776487521674688264e+00,-1.181973345731345028e-19
3.457616985650523066e-21,-2.208036131546894154e+01,3.194957608001010030e+00,-7.623674916790739235e-20
3.746310773448055056e-22,3.660474632999511613e+01,9.010042517492105052e-01,-8.513516835105772431e-21
-4.670919133726751242e-22,2.699567078799166708e+01,2.943980729556992526e-01,1.206696240568369437e-20
-6.346658742234559665e-22,7.149512274881113854e+02,2.697532615915628096e+00,-4.097476489092419081e-19
1.132990964949977577e-22,1.346338395185463810e+02,2.908033947188306989e+00,1.483973281757922211e-20
-3.378484728203644222e-22,2.168555585062319224e+01,3.512964721310670502e+00,-6.826991313491084089e-21
2.731613496875549712e-22,1.011558900290514345e+02,4.970294420295363835e+00,-7.047671880057371553e-21
-4.867327991717616511e-21,2.264282597958692378e+01,3.839607837058675699e+00,-8.443405828465259148e-20
-1.283501767812808396e-21,7.341526354586001446e+01,4.506452763096487679e+00,-1.926821550293607818e-20
1.634184662402247268e-21,-1.432004767780871077e+02,3.668759837446687655e+00,-2.022449988565113859e-19
1.649313708868746396e-22,6.272098730627922691e+01,2.458596537632731227e+00,8.024199415312779740e-21
-1.052385608994781864e-22,-3.657433379735281278e+02,4.866734707852896413e+00,-5.917254218574153819e-21
-1.669103295049630918e-22,-1.034181171606175553e+01,3.066195981941969517e+00,1.721251223916754472e-21
3.940398353366319814e-21,7.841749208108338962e+02,3.800063911367265401e+00,2.443938993394978555e-18
2.363339657386975167e-22,-7.663426056141337313e+02,2.295703501243938849e+00,-1.200897240345527010e-19
4.577584890570293744e-22,2.083133392207691514e+01,5.074799776186263323e+00,-3.380693675088005029e-21
-2.962076174437697307e-22,-1.440539596827318292e+02,4.345757874605827631e+00,1.529597749811603424e-20
3.004713407872720419e-22,-1.497688701072297768e+01,1.390276227604097414e+00,8.079581050135758379e-22
-6.639403915505209834e-21,4.083634106515611961e+01,1.492460242413586435e+00,2.121746544753118790e-20
-6.238226198833388427e-21,-1.892723766990609491e+01,5.824592535233430457e-01,-9.860371596711754947e-20
-9.302154785998222266e-22,-9.825612683007323085e+02,4.869812507979179195e+00,-1.432905551310144779e-19
1.547049890940420446e-21,-2.584302766514400318e+01,3.396407263895950379e+00,-3.868948600883429356e-20
2.058776005167590698e-22,-3.789003355679608944e+02,5.197154785872744043e+00,3.635139537426460294e-20
-1.637377405983142293e-21,-1.184792116148837664e+02,4.276600641903876010e+00,8.189025415348252553e-20
-1.814220578775013477e-22,-2.134109472640334104e+02,3.897475733971842882e+00,2.817337797105664814e-20
1.366796738987267978e-22,2.299537616971733556e+01,3.715194682352899846e+00,2.639968775984667028e-21
-1.701575207417969038e-21,6.834744178427503414e+01,3.689696958081980505e+00,-9.926221986266843564e-20
-4.202890909494285413e-22,-2.833786100261423258e+02,3.728642492111062356e+00,9.916087058600198283e-20
-2.071416709143396536e-21,-6.114748912516846957e+01,4.582403618704878473e-02,-1.265289689255826514e-19
-5.434638903770037142e-22,1.853061790478255091e+02,3.863817594913323550e+00,-7.556432863592555243e-20
5.012427089999460676e-22,-1.371261990154430066e+01,4.614311904672816489e+00,-6.730379248635990959e-22
9.777379364117235013e-22,-4.164399721454043402e+02,4.288487718273035654e+00,-1.674766313018119708e-19
-1.097086421655640529e-22,2.604908281826629590e+01,6.193833726114971405e+00,2.846409139367464034e-21
3.468224454555154174e-22,-2.006989751793346670e+02,5.345411232081275443e+00,4.117834265204211956e-20
4.296028151167609183e-22,1.882222298768277255e+02,7.647853671985149759e-01,-5.834357229935745675e-20
1.871978661943952839e-21,3.224274898607294659e+01,6.987186235616766883e-01,-4.621393094810073124e-20
3.223774845200301362e-21,-1.191229188471509381e+01,2.985958761166306097e+00,-3.793839346425388579e-20
-1.279597373038216037e-21,4.384656757897212174e+02,4.112443110544908187e+00,-3.167729728886215412e-19
6.772485017747577616e-21,-4.234687805891841350e+01,3.260759572095137671e+00,-2.847596631341013582e-19
6.321259927599452377e-22,-9.606783658604592802e+01,3.078831877241551496e+00,-6.060741662577254151e-20
2.938389656770110810e-22,2.308929385614917464e+02,3.562374016910627161e-01,-6.358571736166812914e-20
-1.246561031334712229e-21,-2.670965398229176913e+02,7.931176393013446013e-01,-2.336083008574829306e-19
4.588548086325618107e-22,3.040791572556619471e+01,2.865045123577153685e+00,1.342266453028794925e-20
-5.199475077440014706e-21,-1.047944697663711544e+01,1.349584523309878215e+00,-1.195524160811673628e-20
6.318266365685143383e-22,1.295788314951020759e+01,6.120779531343186086e+00,-8.079402378626668053e-21
-1.557372634631707218e-21,-2.666073324654541921e+02,4.475412881950999733e+00,9.747577789657328629e-20
4.424285231587936346e-21,-6.712853416759124059e+01,2.155936191744923125e+00,-1.640355177729617156e-19
6.899069560275535759e-22,-1.333940507466039094e+02,3.632671970632494141e+00,-8.115384317403087222e-20
-8.774193231720423147e-21,5.192062369244818143e+01,3.960927178126269488e-01,4.202899691884720649e-19
-1.485097638972810334e-21,1.007543080921764478e+01,4.011641251704970657e+00,-9.647982852080280718e-21
-1.008031552015991459e-21,1.088472553503369653e+02,6.111086784800483507e+00,1.081006143908820216e-19
-1.880257287645547941e-22,9.169614326918284632e+02,2.082132096558531487e+00,-8.436870296338543326e-20
9.947282524130247539e-21,1.489387687585838727e+01,2.726846600587718772e+00,1.355929432733832863e-19
3.589193699765561020e-22,4.497416062155123768e+02,1.103164636836463819e+00,-7.276429855386589498e-20
-4.899005056934004892e-22,-1.023800584009590331e+01,5.995160256072522564e+00,-4.808995186014250584e-21
1.014606545207956005e-21,-7.772156221687731659e+01,4.564886733306960487e+00,-1.158942410963273991e-20
4.505402853973565525e-22,4.271126445274583716e+01,4.411687729783909440e+00,5.699628435389857382e-21
1.181323019210998532e-22,1.777765418268568709e+01,1.618344187731254769e+00,9.981836455274316719e-23
-8.562101564499293123e-21,1.653256171023598853e+01,1.533182580438203990e+00,5.323101020904478103e-21
-1.738131509713887196e-22,-8.296530177353888291e+01,1.284861930724857881e+00,-4.067349040934409583e-21
-5.348431067192603448e-21,1.929269855601557424e+02,2.370145726073559778e-01,1.003009364258616294e-18
3.042715600979311193e-22,-7.092584308297223288e+02,2.591554038441039154e+00,-1.839765479189115990e-19
5.930703117973463225e-21,2.331767639614701011e+02,5.957126236397512820e+00,-1.310039845767077768e-18
-3.069638938184353523e-21,-5.647345112516894972e+01,4.926872426428866802e+00,-3.689694955804371441e-20
1.258124888406476539e-21,-4.654889053863931849e+02,1.735655694036569052e+00,-9.611201400077292431e-20
3.688685123346263480e-21,1.437643330781106386e+02,5.192027932390136158e+00,-2.447122795150744079e-19
-3.149184988224352994e-22,-3.724558586359084700e+01,6.145702831466912208e+00,-1.161864797594993685e-20
2.514116001305793533e-22,-3.027108975040684413e+02,2.657861013793244798e+00,-6.737316279972108706e-20
5.826510728216513937e-22,-6.583377363948616221e+02,3.829366509420518927e+00,-2.963782730582247578e-19
-1.618076515789776247e-22,3.929463034988717141e+01,3.869035901981384473e+00,-4.748772225755142407e-21
-1.359944574447889143e-21,-7.837557197880787498e+02,1.329194791100614559e+00,-2.550165202612618262e-19
-6.760929224090494977e-22,6.148834629483157954e+01,4.757001111808170535e+00,1.853993074183824204e-21
2.993492970203739090e-21,3.311765478467963675e+01,3.013671277798839032e+00,9.832743557138233993e-20
-1.733138231011888064e-21,-2.808368703261360366e+01,5.191586574714333047e+00,-2.244148782791227625e-20
2.209664354972167791e-21,-1.889816568782028128e+01,2.626476211343871547e+00,-3.633981318658185484e-20
-2.619517187528122766e-22,1.828604574222762480e+01,4.011702083719187684e+00,-3.088357905364905709e-21
-1.260361502550664569e-21,4.992885622252885582e+02,1.489114376378950944e+00,5.134401271335664687e-20
-2.315444574253683094e-21,3.126642912972436648e+02,4.834105380610143499e+00,8.790000634537462160e-20
-1.540213225567784699e-21,-9.593894381717020678e+02,2.584859933930331533e+00,1.254516481505757914e-18
-1.817868315995879100e-21,-8.610109099395975818e+01,4.078441663817400809e+00,9.271170843614791339e-20
-8.105464253244322055e-21,2.039455679474669836e+01,3.844195018441208589e+00,-1.261564721149462990e-19
-2.278278976178327608e-21,4.740085958402698907e+02,2.314448565571981753e+00,-7.310873363587712830e-19
-1.945618847382062085e-21,-6.385832423681267755e+02,3.922041655545935424e+00,8.828747071606134300e-19
1.700542853788839605e-21,-3.956908247472271256e+01,4.738995239926340197e+00,1.790095264552180390e-21
4.694632414321885953e-22,-9.414651673962700329e+01,1.288389390128056755e+00,1.231666192923701742e-20
-5.384055350350173181e-22,1.387724957609999024e+02,2.564855663466248270e+00,-6.263031738290820888e-20
-2.242896819622176017e-21,-6.857482219621504100e+02,5.141901490046735468e+00,-6.404917409602436142e-19
-1.453383042020189005e-21,2.772649958404034365e+01,2.989598446796748910e+00,-3.983264170083443907e-20
-2.775538816557407089e-21,4.400482454231205054e+01,3.642576510497732123e+00,-1.071277256779949445e-19
9.150867929376194421e-21,-1.049973323474271609e+02,2.409737976337240628e+00,-7.147864303151681372e-19
-3.115662686463886433e-21,-2.966635161623544548e+01,4.714952549290522654e+00,-2.369512982822674844e-22
2.296293906583704223e-21,-1.752452424026303390e+01,1.337820288833331706e+00,9.290713583477141134e-21
-6.444447368904825066e-22,3.204043742521317739e+01,6.068696670253884484e+00,2.017514319751915086e-20
-1.638384309589140988e-21,4.014607622949208690e+02,2.616695343287970488e+00,-5.691980894749240733e-19
2.258211020137912797e-22,-2.596265362167984136e+01,3.566530358360919362e+00,-5.341493282665962913e-21
-1.516994729514704517e-21,-3.901090889801637900e+02,2.562027348392099224e+00,4.951540343915027060e-19
-2.581400775629565007e-21,3.232367964758586254e+02,2.924130532162720453e+00,-8.147519628024573436e-19
-4.659269971859053640e-22,3.760499674453222951e+01,3.850883853959995662e+00,-1.329548916098235617e-20
3.026691918280427107e-21,-5.246676350958044850e+02,5.463168300117779985e+00,1.083352504738945561e-18
-1.726613661126477379e-22,1.356211683243070638e+02,2.448939139637995588e+00,-1.802029475051396026e-20
-7.379474285755445024e-22,2.575975492071916051e+01,3.352782097707627251e+00,-1.858700044105851105e-20
1.785294192544136682e-22,-1.292588695102608369e+02,1.800508704730346965e-01,2.270346951303022655e-20
-4.094854502485259275e-22,-8.487864225421057540e+01,2.417750409107595644e+00,2.604193870587785879e-20
3.006755471819460065e-21,2.485993480285918054e+02,4.857851492598780574e+00,-1.083469107954646636e-19
-5.049827231757294166e-21,-1.200999758381787785e+02,3.464910271340542192e+00,5.750601143606569890e-19
3.603545137491350457e-22,2.736337195002262490e+01,1.575912125698263999e+00,5.044418971134140826e-23
-3.417210621695408350e-21,1.462044040460768279e+01,3.745479810102672502e+00,-4.112472659182136871e-20
1.394192692616331426e-21,-2.162548690081077893e+02,4.252795318357100562e+00,-1.337409920102604855e-19
-1.519454286342859460e-22,-1.002644934469657123e+01,4.599111747449478038e+00,1.722059865534998524e-22
4.900962546353089490e-22,2.075770809214232600e+02,4.963447890433895004e+00,-2.527344787858640729e-20
-1.041829463787826297e-22,1.910646604695309350e+02,4.605877265926516806e+00,-2.116181468348946093e-21
-1.248920776135891577e-21,2.048254319895815456e+01,5.338623141382585757e+00,1.499300813350184513e-20
-8.554669481311418390e-22,2.536389615257612888e+02,4.837377488571899420e+00,2.704941823734182056e-20
6.077295931784890642e-21,-5.518091514501629291e+01,2.962484081768431032e+00,-3.299861095667305087e-19
1.829265819778448192e-22,6.647785619492209719e+01,5.657729328428033000e+00,-9.858525991982638363e-21
-5.783291621803036776e-22,-2.098264857711568965e+01,1.554697584975713864e+00,-1.953478227501627407e-22
7.433411583314384496e-22,3.289421013767826025e+02,3.548037745814228039e+00,2.245959674804579753e-19
9.048199702138819633e-21,2.375696380386554267e+02,5.333652868102358724e+00,-1.251190291034573560e-18
3.581606159967680036e-22,6.576155322002915682e+02,3.845680996435368204e+00,1.795229540246723436e-19
-8.714222168746065794e-21,2.178097184446597510e+02,4.274987257827553400e+00,-8.039864783462324562e-19
-4.528540571333060981e-22,5.483784233196481637e+02,5.381584824771559639e+00,1.540562203949830919e-19
-1.162064098420362749e-21,3.576881209586047561e+01,6.069040592575460913e+00,4.061623093778903117e-20
1.224770226382529025e-21,1.044873555988520408e+01,5.605560361215540244e-01,-1.083879654603953519e-20
3.193421969428972497e-21,-9.542261816085914461e+02,5.888501454998660734e+00,2.812968951423475504e-18
-1.013050878828931500e-22,-3.978713978534883466e+01,3.811446173162178486e+00,3.159669320724028534e-21
2.106416364244243647e-22,9.811957955990905589e+01,8.251119080546022444e-02,-2.059775360552113879e-20
-1.443447536669125556e-22,-2.482995654603829223e+02,5.352417868504472764e+00,-2.140475676955141368e-20
6.289000109640139455e-22,4.481449224591802931e+02,4.261327749522859420e+00,1.228592176238507059e-19
2.738642421503352003e-22,1.871914848957096211e+01,3.230473641595721368e+00,5.106269481053052929e-21
-4.702242533135220491e-22,1.219537272705834319e+01,2.948374593500537877e+00,-5.627847855439092590e-21
-2.195651155766756595e-22,-8.382142597892995184e+01,4.248460532482821961e+00,8.235258412160492418e-21
2.122954563006458321e-21,5.694052972601508600e+02,4.989180103596457805e+00,-3.303350614588099755e-19
-7.012604801797819253e-22,-4.954994609729337753e+02,3.629992702920450842e+00,3.068491432666874977e-19
-1.777021970302579938e-22,-8.851382594842556273e+02,3.344535699020074193e-01,-1.485754897071573788e-19
-2.319867041108480631e-22,3.375926335977321457e+01,3.057743555242667277e+00,-7.804185311385060825e-21
3.104214860617977342e-21,2.654685211060126093e+01,3.841347635676149341e+00,6.304145736864504683e-20
-2.710398645399717587e-22,9.286748742480943974e+02,1.295071714380151562e+00,6.852603196802958532e-20
-2.709855235030300887e-21,-7.716671262476145898e+01,5.269790357896308564e+00,-1.106159026985948352e-19
-3.625247005719894639e-21,-2.761223740270057192e+02,5.857921383768876389e+00,-9.118515677653349204e-19
5.145305010922860097e-21,-1.230360735472733751e+02,6.017160651850669950e+00,6.107894373439024263e-19
-8.110947982481688128e-22,-2.403406661567220510e+02,2.856895009019693177e+00,1.870921075653221726e-19
-1.107623121383435028e-22,6.244561127026771885e+01,5.666810437544038237e+00,5.643819896326954940e-21
-3.902082936814933066e-21,-1.460941286934424177e+01,5.421744823133495927e+00,-3.713132354002369230e-20
-4.557460552810668776e-21,2.560015365918028465e+02,6.038230157122282726e+00,1.131888307860356712e-18
-6.888595479814931272e-21,2.222729401521002401e+01,6.076411127796576217e+00,1.498532275641828256e-19
-3.799888569486470714e-22,2.272639641828585866e+02,3.541339435792676849e+00,-7.954929012514270699e-20
-1.256344721559526662e-22,-6.603698466502648046e+01,1.917597901913191016e+00,2.819917587616518282e-21
-5.608426900129304344e-22,1.140902015881700748e+01,2.961306773277781801e+00,-6.294959002268803224e-21
1.609551314311966756e-21,3.122027717906709299e+01,5.215362170981056700e+00,-2.422244757390213439e-20
-3.614225933057469345e-22,4.625832832229995120e+02,1.954353307785297922e+00,-6.256533912713277170e-20
-2.525216677733340413e-22,-5.863594511733467840e+01,1.611744938427961182e+00,6.061503822442104401e-22
1.253227988663948992e-22,-3.485452228355798354e+01,2.872862688180583213e+00,-4.211291482051251464e-21
2.104443932960374203e-22,9.022216024366744023e+02,3.147493949959227155e+00,1.898641716571330368e-19
-2.858336338623713825e-22,1.706938868178929170e+01,3.759896258993787210e+00,-3.975720729134743128e-21
1.593395686526923422e-22,8.023046425834025968e+02,2.720889033061826279e-01,-1.231358902686427735e-19
1.760224658919861393e-21,4.819695971058164901e+02,4.584705411608526404e+00,1.080294233417356026e-19
-9.320018441206268447e-21,-8.577458328960993867e+02,2.404590754234406935e-01,-7.764203645415347971e-18
-7.017024103479750591e-22,-3.389935239428027103e+02,1.150146355807068144e+00,-9.713618050324898709e-20
-4.906824734439412240e-21,7.495033118601435262e+02,6.123577898881724657e+00,3.630937155117309838e-18
-5.730415089898346775e-21,1.559726813539566024e+02,6.345426529253860304e-01,7.198059867239448140e-19
-2.167072809029005332e-21,-5.104320125516330791e+02,5.085407278135622100e+00,-4.031094065363922615e-19
-8.097438807056285329e-22,-1.456182993282256355e+01,3.084559954612367871e+00,1.177218084160950312e-20
-1.654582824275265831e-21,-6.160883392916229440e+01,2.305533256377560736e-01,-9.923967778978936242e-20
3.229074487790173784e-21,-1.339395177039068585e+01,5.723993243093064009e+00,3.666239055228032247e-20
2.541143377311098521e-22,4.946501717744900475e+02,5.267706257171590245e+00,-6.626945280563536025e-20
9.195638945815673277e-21,-2.736571767401837008e+01,2.127137009237007881e+00,-1.328894004522195940e-19
-6.447559910962580866e-21,-1.781786303244910741e+01,4.352312342970531489e+00,4.047811640075217941e-20
5.103202595035471346e-22,2.750114916917798382e+02,5.022421072682472953e+00,-4.281741893993684675e-20
-5.086511751625496112e-21,-8.937107450124966590e+01,1.899634055347389161e+00,1.468058106781596253e-19
1.177432318170210660e-21,8.872512593018011557e+02,5.389612502641177194e+00,-6.546285328555175560e-19
-2.770020453317531112e-21,-1.503861964752507241e+01,2.378444126104286571e+00,3.010419172923853900e-20
-7.566830730045977329e-22,-4.516764904394737101e+01,4.004381750357561387e+00,2.222641616916144559e-20
-6.743124021070618643e-22,1.053595482339220126e+02,6.058075580835028395e-01,5.840221646506328155e-20
-1.312188330370349004e-22,-8.492461260146031918e+02,5.792702401275787061e+00,-9.829926475814352887e-20
1.987375183693570698e-21,-2.946544354844159557e+02,4.870025411307829510e-01,5.175080966530779338e-19
5.670693662635182487e-22,-4.700953792446792932e+02,2.645881216304464267e-01,2.572998983365420871e-19
1.414878021697686282e-21,-1.339749764396228215e+02,4.065217135094184364e+00,-1.142908369823109510e-19
6.077832789566464533e-21,-3.589051344477460930e+02,4.514503787656011902e+00,-4.288482262238963303e-19
-2.005051976202503076e-21,1.941466062213486623e+02,5.880257428419454868e+00,3.580997563441919361e-19
-5.211086371264117554e-21,1.841472449918352652e+02,1.497278629378465675e+00,7.048457849473921104e-20
5.283849011271656817e-22,1.248938560926891057e+02,4.876815774171297524e-01,-5.829878252590344535e-20
3.486694229445097081e-21,1.410789563799744712e+02,2.458182983807012167e+00,3.814305435096038584e-19
8.838904869336270087e-21,3.166095289298913329e+01,2.456050231321210475e+00,2.166236691640704390e-19
-4.284673526342758632e-21,-1.482324971603238772e+01,3.634659055089607183e+00,5.594749731035121128e-20
5.243258277524351345e-22,-1.836047810592646385e+02,1.367833464622069117e+00,1.940510491772007641e-20
-7.992494212734639386e-22,-3.472110804296907531e+02,3.576353577717520160e+00,2.516918745379214471e-19
-2.101944661136800940e-22,-6.344610886514796277e+01,5.405978137878963530e+00,-8.525734212280775721e-21
-1.884847415648167526e-21,3.886194749004916105e+01,3.880354196945908551e+00,-5.415309313526485698e-20
-1.900974046889129136e-22,-4.108409982292523068e+02,4.517280242821698266e+00,1.514146042393560284e-20
-1.199543535741076337e-21,3.611512092019143552e+02,2.394667445127542038e+00,-3.178862404388761464e-19
8.747987400404955986e-21,-6.885295926534788578e+02,3.092318652129622869e+00,-6.015937676506573561e-18
5.528091395074291463e-21,-6.151696148489642155e+02,2.746584620882980943e+00,-3.138836692071785510e-18
2.366472056502395979e-21,5.292881616370607389e+01,1.159136388308377397e+00,-5.011825194232137168e-20
4.435008998301810549e-21,2.925104247996152367e+02,1.230602558961268134e+00,-4.328652322492881173e-19
2.254689199294292180e-22,-9.747528789650478984e+02,4.968854644469441695e+00,5.574925029269432483e-20
-1.784682043736268546e-22,-8.766445305542609958e+02,3.661757888661164806e+00,1.357602192205250756e-19
-1.508537915293452833e-21,4.126603488474152215e+01,6.021531305800958300e+00,6.013255576922204268e-20
1.938154110947762257e-21,-3.146691956249442157e+01,9.170191509025001908e-01,3.709207413434434192e-20
6.442916555708320398e-21,7.959568035105857575e+01,1.677593078136827842e-01,-5.056289236660612524e-19
7.673565000741052914e-22,-1.346629750426122030e+01,1.689049636084321682e+00,-1.219118797478193201e-21
8.233103928911279282e-22,-2.095738551716719655e+02,1.202174328678145221e+00,6.217295822423746216e-20
-6.176084373655175381e-22,-4.812691228115128865e+02,1.549169238996751519e+00,-6.427845165529695529e-21
-8.249751618461394960e-21,-3.553493090676588650e+01,1.175991596578609411e+00,-1.127553575731061503e-19
3.543547437701327055e-21,5.079901508363473681e+02,7.461110423773460454e-01,-1.321865580173494149e-18
2.138731961367716180e-21,-2.610534745000620660e+02,4.120316957059062091e+00,-3.115899970595999503e-19
1.825247288226300810e-21,-6.439636128888281519e+02,5.160728178742121641e-02,1.173827966848546542e-18
-3.397897779738796690e-22,1.047519987643980244e+02,1.690863743927021545e+00,-4.263377768976042456e-21
-7.082815123265102451e-21,-6.345076547924403485e+02,6.170908020525416759e+00,-4.465803418558379535e-18
4.508179090761372110e-21,-6.138280781102969996e+01,3.003729777028256720e+00,-2.740991145379739901e-19
2.366451867877334969e-21,1.447515935488918970e+01,1.012736908559021431e+00,-1.813930510509621000e-20
2.448309569303583587e-21,-4.839749619919949737e+02,8.328339402288432725e-01,7.971929668663232229e-19
-7.200157753484504283e-21,1.455901999050500422e+02,3.346253356914377086e+00,-1.026394959268164328e-18
1.654357324119084008e-21,9.957162856742004919e+01,4.369117233570505437e-02,-1.645698527414800878e-19
-6.397506205939713211e-22,3.530658287867911440e+02,3.614581228578902294e+00,-2.010755536230515084e-19
-2.319998210886446218e-21,-4.192826860393113293e+02,2.294627192143178007e+00,6.442034310083483109e-19
1.609589285282375181e-21,1.135262106933095438e+01,2.199882205904334587e+00,1.075197426797199884e-20
-1.910997373047003369e-22,-6.765592616554724259e+01,4.020549457030292650e+00,8.248136949015012573e-21
-9.108006776697893284e-22,1.053113377823563752e+02,2.487545495310337917e-01,9.296527369930008211e-20
2.033228699711501023e-22,-8.175851577980773754e+02,3.309039093431946910e+00,-1.639087439396541097e-19
3.389692803617026825e-21,-5.553806805659073689e+02,3.376768691625237739e+00,-1.830749029155673294e-18
-3.621946188927906191e-22,-1.320007259726182554e+02,3.332527220162115889e+00,4.694111695401895008e-20
1.449570183637303211e-21,-1.551716750147173229e+02,3.358307196405932782e+00,-2.196708807097350661e-19
7.806246139282215086e-21,6.608672616961536050e+01,4.665026179718008592e+00,2.442482560151610612e-20
8.317238930973503266e-21,6.975895793263042322e+01,4.495114847091742583e+00,1.250733443366448588e-19
-7.554923874854957694e-21,-2.448807769077818364e+02,1.582749417276099857e+00,2.211335572807134572e-20
1.612807121142011009e-22,1.441735518448022049e+02,2.209505265867761636e+00,1.386214440247831135e-20
-2.117859107100946418e-22,8.407059395555713763e+02,3.112989143851919493e+00,-1.779768413852935020e-19
2.144274805260260990e-22,-8.727874363195874139e+02,4.434467339792428575e+00,-5.134592457677604119e-20
6.203403920972315059e-21,3.224335162463042792e+01,3.176232636315193814e-01,-1.900136824568280843e-19
4.399333932868853297e-22,4.785410310541879539e+02,3.478854672250319413e-01,-1.979147521707516020e-19
3.994737978533301018e-21,-2.242291118148916382e+02,4.988887982049271308e+00,2.445265008970581033e-19
-5.561325735158729979e-22,-1.196403741111563619e+02,6.488685906862241559e-01,-5.301368342269886544e-20
-1.136925316409105684e-22,2.865190928537908235e+02,5.887024219258151447e+00,3.005211319052018863e-20
-2.682668903807500098e-22,-6.858027807275797159e+02,5.873124289952997401e+00,-1.687257442339246949e-19
-1.219465975350238626e-22,-7.003645283599524873e+01,3.054529575405966924e+00,8.508358375269433337e-21
-3.617487994478160425e-22,5.208057752721248335e+02,3.782421395769877570e+00,-1.510222383189637892e-19
-4.842789780600203716e-22,2.313346383083776914e+01,1.201800710789018511e+00,4.040703103575691690e-21
-2.802818804937239929e-21,2.152358725545023219e+02,4.179952889051845588e+00,-3.062387455889841108e-19
1.465385429611159439e-22,2.950734359498228798e+01,6.138268136997329094e+00,-4.278638796628352305e-21
3.051536922861838110e-21,2.863446772054271037e+02,2.313823110196852717e+00,5.911373309790646456e-19
-1.144117438334080198e-21,-3.031817282654427714e+01,2.178295344489416863e+00,1.980019984130492291e-20
2.735167553059702296e-22,2.290010699981893652e+02,3.124311856230488349e+00,6.262627754780314922e-20
2.746768718491684817e-21,-5.936356290175296380e+01,1.313610367087123532e+00,4.147543977901627402e-20
1.353193540661451131e-21,1.223627630163492519e+01,5.488827990638408316e+00,-1.160294445248371761e-20
1.178892976901194772e-21,-2.535347645546101774e+02,3.595695908522442696e+00,-2.685992365352927221e-19
1.529685862449502106e-22,2.406115971818374177e+01,1.290191590825038870e-01,-3.650010512764149097e-21
-1.078666043044223549e-22,-8.480622618469540157e+02,2.969531270116524402e-01,-8.747384760043962552e-20
4.188845412824587043e-22,4.673137461376068558e+01,1.881353292716373415e+00,5.981920208507190580e-21
-1.255504900093879512e-21,6.298489360933434256e+01,3.143836360358507886e-01,7.520201275574290813e-20
-1.216817704899392349e-21,4.461048094149322907e+01,2.457769988385778870e+00,-4.207805647847732064e-20
2.895892952025418544e-22,2.720324773105380132e+02,1.358728567317715630e+00,-1.658126955548440005e-20
3.935880087496879153e-21,1.342816976710236787e+01,4.840705480217579293e+00,-6.763145738955239623e-21
9.506795089424830865e-21,1.451132718560151318e+02,4.030788349716042163e+00,8.691749503981093876e-19
-3.970054760002647253e-21,-1.249918484869066049e+01,4.213359708423624284e+00,2.374798473709800991e-20
2.056525020361595581e-21,-1.791603599963571583e+02,1.377027448986331670e+00,7.094778499746533356e-20
-5.856387515052724068e-22,6.831140780854282184e+02,8.749515972770022243e-01,2.564508320224905099e-19
1.390438560901676251e-22,-6.353775409589345600e+02,2.279618927098663761e+00,-5.750755530367863418e-20
-1.656478317352428788e-21,-2.673453954144659050e+01,5.614841165086826180e+00,-3.475717681720018560e-20
-3.043098775106834922e-22,6.785253014856415348e+02,4.268950280342126646e+00,-8.859069103657676756e-20
4.097748138007248857e-22,9.040643188848542877e+01,3.506755205913767881e+00,3.460365929262840613e-20
3.336650108774374326e-22,1.051474093644147985e+02,2.954603801510813810e+00,3.447244329433417333e-20
4.794683786438642221e-21,-4.540234436414055352e+01,4.011540042790508132e+00,-1.403809700615099642e-19
4.023201397235705970e-22,-7.937214386475906736e+01,1.109040902701339676e-01,3.173682970664078032e-20
3.629522980341142342e-22,-1.880698211799296757e+02,1.928456176859254523e+00,-2.389680543377590095e-20
-1.650574821875274770e-21,3.471636510905494788e+02,4.114504231180133864e+00,-3.225500978561468444e-19
-3.864931123879718496e-22,2.319726997605083341e+01,2.503260107518692212e+00,-7.200175644450860252e-21
5.456276742738992476e-21,9.524903560513885736e+01,2.204678977316422372e+00,3.078096868650047195e-19
1.820423028872843834e-22,1.597855374883090178e+02,5.046031506252121268e+00,-9.525848297634169575e-21
2.321844829414943325e-22,-2.190621528749988656e+01,1.999559622421148042e+00,-2.114603765536915990e-21
-8.562020297209461696e-22,-6.507900491983804159e+02,4.706549135112329196e+00,3.253988613433762495e-21
-5.997660107726038663e-21,-1.745221520410498783e+01,2.912843926147473672e-02,-1.046280525525372589e-19
-8.699170842142051579e-21,1.026546324228195033e+02,4.746208856092169803e+00,3.019573646686613394e-20
-1.867099326455920455e-21,2.548335252579558414e+02,9.223422599032609082e-01,2.873614846575192944e-19
-1.132512191259569774e-22,3.280796817037911950e+01,5.945423968768610568e-01,3.077973533930094300e-21
-8.391488887124298925e-21,-2.030902959045744538e+01,1.571757322896011111e+00,1.637758096001067935e-22
2.926734411415637695e-21,1.348388948458044112e+01,8.725683536235898652e-01,-2.536972840795302500e-20
-7.480972893987119855e-22,-1.765953907613756257e+02,3.781710957175917098e+00,1.059559638120139429e-19
-4.898970159669786793e-22,5.108637079296174193e+02,1.347554869445030334e+00,5.540786022450746460e-20
9.561938353440189778e-21,6.446067093957972816e+01,2.108924519454261848e+00,3.159073537530345437e-19
3.025464588521302601e-22,-1.616801409336827433e+01,3.095153896939086380e+00,-4.886301875112043588e-21
-4.210178044915106099e-21,-6.166606676482413150e+02,4.785387262741413572e+00,-1.893536042124599930e-19
-1.374182254354119879e-21,1.852917809638298081e+02,5.483046325126962550e+00,1.773733333277482342e-19
3.119488145548412287e-22,-5.237213375774923634e+02,1.287008723472083060e+00,4.574376973665436910e-20
-1.878394072259882457e-22,1.667699291078971058e+01,4.195429773742061386e+00,-1.548251299049461586e-21
8.781585290241249633e-22,-2.828491574463890288e+02,4.952654198638996697e+00,5.910608603116322335e-20
2.477819163711864877e-21,8.432637813049971101e+02,4.598868271407765107e+00,2.366873025296966450e-19
4.508865227085489660e-21,-5.567157544305472783e+01,2.378337369338820562e+00,-1.813812688539322699e-19
-4.587825832872218382e-22,1.242469601219762296e+02,4.577575271019274084e+00,-7.661440331180314837e-21
-2.129830482169662792e-22,6.204314498762914099e+01,6.279443700267421491e+00,1.321404564406896037e-20
-2.813264387982678718e-21,-7.860699302049921471e+02,1.548539116498412138e+00,-4.921603284930806668e-20
-7.547666975407881503e-22,-7.587393011295973793e+02,2.219700573724264991e+00,3.460730434736197194e-19
4.612577207654363264e-21,9.451859822269372557e+01,5.242759181301806848e+00,-2.205388009792297118e-19
-8.905673967118019617e-21,-2.041166121067617780e+02,4.508033644077785063e+00,3.688961625879029026e-19
-1.848177222692382797e-22,1.474340097440025055e+01,5.025159483655921910e+00,8.384226610655674199e-22
-3.235679541500999810e-21,7.820354245106668714e+02,3.993668820707046763e+00,-1.666081429723106294e-18
2.379468701416648050e-21,-4.857898383680685583e+02,3.947954513572790702e+00,-8.000468513183161955e-19
1.747275522133655640e-21,1.883990149500663449e+02,7.696603581670459215e-01,-2.364032323611049243e-19
8.147779494931579849e-21,-2.693456921571205243e+01,3.684206440716200959e+00,-1.879345566032252333e-19
2.451175194417425118e-21,3.016149194222530383e+01,2.448385139698636248e+00,5.686782861761404496e-20
1.984424492788423003e-22,-3.780852748455318419e+02,5.734803638542079973e+00,6.402673416959290574e-20
3.987981713083754193e-21,8.940429287613305576e+01,2.158552763305243261e+00,1.977012631052410452e-19
6.639549113480109755e-22,-4.615253063700260583e+01,1.566910894960594769e-01,3.026779101003904631e-20
-1.256767395008613306e-22,-5.591201908690694609e+02,5.489691602143463633e+00,-4.928339485711129723e-20
3.325348133968536351e-22,-9.464222336268443314e+01,2.823458976728141945e+00,-2.989260412090473053e-20
-1.178933969963915606e-21,9.916157096011754390e+01,3.899289458516341345e+00,-8.492218417498914449e-20
4.355787452705568046e-22,-7.584840798487454094e+02,6.084004614829331636e+00,3.238476165157371858e-19
-3.550529112089049642e-22,-6.345655527588838396e+01,1.221096958766335172e+00,-7.719273587811333776e-21
-7.338804725161910003e-21,-1.211628888797074950e+02,4.477418078384725497e+00,2.070166736309565244e-19
-5.336703086653428698e-22,-5.218544115047504874e+02,3.806220167661147347e+00,2.192189084873636227e-19
-8.598816499313861082e-22,6.607522262413662020e+02,4.509460518310753230e+00,-1.145079060414673248e-19
-3.695645855687437603e-22,1.311291637167724922e+01,4.108371674313479049e-01,4.442812547434119390e-21
6.538773631607887958e-22,9.277892955579604006e+01,2.366497206609134096e+00,4.333704449868279060e-20
-3.965837013471058311e-22,4.103092958619229336e+01,4.583039154600148990e+00,-2.098941491077929417e-21
-2.912642849818527479e-21,4.609941964992493695e+02,4.958403310317200940e+00,3.270042677258343658e-19
3.026695080795903256e-22,-2.812838718841071639e+01,1.927236328104340590e-01,8.355986025818949092e-21
1.138455460025258958e-22,-8.167289901217090176e+01,2.903935418741792951e+00,-9.036746673505512571e-21
5.807408597182942879e-21,-2.899762304376615063e+01,1.793792290472443263e+00,-3.724229410265015989e-20
-1.913939429010007469e-21,1.637428583750660493e+01,5.499234963103370788e+00,2.219235696444479922e-20
2.080954984421977230e-22,-2.995945056398053339e+02,2.140295813832456595e+00,-3.361669007063197038e-20
4.208736445014495771e-21,-8.104630517020319758e+02,2.923685450112473827e+00,-3.330361530086020871e-18
-1.016601554402930320e-22,-4.038297417856865934e+01,2.168429776667950559e+00,2.310023986192608369e-21
-1.191729802956750414e-22,2.296816770074491103e+02,4.919828100836123319e+00,5.637358402331402077e-21
-2.104865118220281659e-22,-4.272426347437877325e+02,4.011087397421382761e+00,5.802320674481028217e-20
1.462631043961397064e-21,4.091142198829806631e+01,3.866583891490007030e+00,4.478929251352381679e-20
3.180440282628187359e-22,6.280301444357029084e+01,5.720201712916159309e+00,-1.689144724481098439e-20
1.968130657138122922e-22,-2.531963823844585448e+01,6.110145366909588205e+00,4.908815532466039260e-21
-6.779821194948211069e-21,1.780862482457042120e+02,2.922181425404251520e+00,-1.178446601944776016e-18
1.338379520479229361e-22,-1.383914885163950714e+02,1.186717829571584781e+00,6.940297231601903284e-21
2.998545651051670352e-21,-4.626157500374063858e+01,4.445229515383207208e-01,1.252363161944726838e-19
-2.509103326838831718e-22,2.789376166594425968e+02,3.447813355504079524e+00,-6.673245022470733065e-20
8.204187530867786141e-22,3.598761061072193712e+01,3.061621357353516704e+00,2.943054900192299888e-20
1.418998146461778473e-22,-1.080729699251234166e+01,3.099268269281510335e+00,-1.532180076930393373e-21
-1.242785811536376564e-21,2.061057621304920673e+01,1.489626649235743061e+00,2.076840973337592513e-21
1.454195560836299248e-21,-1.150621863342958306e+01,4.641879152000512043e+00,-1.178813702600512423e-21
-6.115327411294902382e-21,7.309444252173428822e+02,1.606184895194589846e+00,-1.581526284813412733e-19
2.613258764645079730e-21,6.717634748496850534e+02,5.154369622355512881e+00,-7.508775867539231173e-19
-1.523039107986641471e-21,1.289796569021783235e+01,2.503189652834670209e+00,-1.577516910752620085e-20
6.522784112733847224e-22,-1.605515302662812473e+02,3.940042935083508668e-01,9.670024424044880230e-20
7.623800932675294268e-22,1.680286606699078504e+02,5.995426576169780475e+00,-1.228344666834755894e-19
9.085728376165631074e-21,-7.843482121126665163e+01,3.704844554853553351e+00,-6.025515724788537835e-19
-1.481111443913574336e-21,-2.071284135628569913e+02,5.762010043993068820e+00,-2.660504640353689811e-19
-1.362976651363964881e-22,-1.138972239969587434e+02,8.873786575166117130e-01,-9.802533715791211343e-21
6.643578710684756054e-22,-2.664344249719688378e+02,5.972996663895856706e+00,1.685602877606559126e-19
1.044456288057969830e-21,5.149374987662503145e+01,5.773427413084875504e+00,-4.694514768354525999e-20
-1.098891910902251608e-21,-7.137416563185969665e+01,5.466128366577837738e+00,-5.367684974402393972e-20
2.400997982376959867e-22,-5.068548043860297980e+01,5.687634756042313278e+00,1.007445721013214488e-20
-2.714890003045886228e-22,-4.918498219112522065e+02,5.804603268651318260e+00,-1.185293587623389838e-19
-5.446295683700229372e-21,4.168165910201576025e+02,1.123661747810744682e+00,9.815567595187802581e-19
-1.559740750255052682e-22,6.259145811803549009e+01,2.203809798936484654e+00,-5.775356578639488367e-21
-8.053562232106060308e-21,1.127666687866541650e+02,3.067633086544275578e+00,-9.056906546249691749e-19
-3.367511077842478861e-21,6.385080246762038314e+02,4.979262991275913985e-01,1.889096592015398005e-18
-1.130851306377805118e-21,-4.133796125977763580e+01,2.176106729109892779e+00,2.659990409873631427e-20
6.728564295774366445e-21,-2.093546902250231767e+02,2.291292414149286305e+00,-9.293717601466794458e-19
6.500876207684732315e-22,-3.040657328586689232e+02,1.348570567278186916e+00,4.356656486168230584e-20
1.158109108849136169e-21,6.614786954314514560e+02,3.241043738739207036e+00,7.622792363811689836e-19
4.151281560809150886e-22,-2.258086631902513943e+02,4.846312558067084275e+00,1.251644050128976796e-20
1.284852279918074214e-21,2.120840186856558773e+02,5.220353058142009672e+00,-1.325421987606225856e-19
6.566551836680694671e-21,-1.964764368124177736e+02,1.445994152039279168e+00,1.605986977706268946e-19
7.755783274640586095e-21,7.922643410860993072e+02,1.582759100051154055e+00,7.350506849982814648e-20
2.367221861996171308e-21,-1.442235367712811822e+01,5.274197818452520892e+00,1.818747353236536019e-20
-1.520170612293283220e-21,5.049202433769664822e+01,1.802032962881897404e+00,-1.759116172148099690e-20
6.203089715301276378e-21,1.919689316179746470e+02,3.883234989186076236e-01,-1.102139627662536716e-18
-6.726700022992746726e-22,3.489102953135177927e+02,1.771180596201429314e+00,-4.671637517587343291e-20
-4.815267652904331876e-21,3.858844118240432408e+02,9.013661408232229721e-01,1.153046777172392697e-18
-2.189310135111993691e-22,3.476295536151732790e+01,2.483095807026689084e+00,-6.019392508019294519e-21
4.486715512464690662e-22,5.035711248368432535e+01,2.319822926570122679e+00,1.538471319834278574e-20
-3.865714672924038282e-21,1.732929751828126825e+02,1.979638668805526303e+00,-2.663174448249104852e-19
-7.814945208378550559e-22,-1.507061715635072652e+01,1.962590002155587543e+00,4.497240552368889512e-21
3.660734494977276933e-21,1.251168421331089498e+01,6.816821570798290431e-01,-3.556585348442777348e-20
1.220661581180462225e-22,-2.869832401476199735e+01,3.678355930046254940e+00,-3.010448076283364782e-21
-4.277742929082677178e-22,5.120597503622430224e+01,3.273058494880191294e+00,-2.171558071033301703e-20
3.497714756482756119e-21,-2.753677568826583055e+01,2.135437164817197697e+00,-5.153977536281797934e-20
-1.729644395110137527e-22,7.998283721851940697e+01,3.028640188092636409e-02,1.382784227950915757e-20
-3.482141908505811145e-22,2.398819677875598870e+02,2.834464637966595646e+00,-7.962156855615651325e-20
-5.005356580827135431e-22,3.606158766096310728e+02,3.407513982908014327e+00,-1.741566332548589801e-19
1.774139556615103642e-21,1.442696370158998143e+01,4.267086648515981295e+00,1.102474604035381894e-20
-4.053422765744597962e-22,2.298321272097077994e+01,5.411265393632600507e+00,5.993565927548871680e-21
-4.633493928384612505e-21,-9.432796650427260374e+02,1.357747487286775634e-01,-4.330456178891901175e-18
4.545946124612919945e-21,-2.287996408583625794e+02,2.521218186078490575e+00,-8.462974403590857337e-19
-2.668724741210998261e-21,-1.150068295850950193e+02,5.304493219951026184e+00,-1.712954728762154008e-19
5.175033933983556164e-21,9.342458058414787274e+02,1.780031361155588909e+00,1.004234817962787688e-18
2.394427201805938930e-22,-2.201716629545572701e+01,2.315349063803426422e+00,-3.572432192951187630e-21
-1.049034040474380041e-22,2.266649277138654099e+02,1.977802579607802702e+00,-9.412774003425128190e-21
1.185553009805947643e-21,1.596263631978704609e+02,4.113821120338117865e+00,1.066322588883710589e-19
3.179615984205283623e-22,-2.719690374851376760e+02,5.546546719143580439e+00,6.405523403124221294e-20
-5.049619332613941361e-22,1.493022583558962957e+01,6.005929535726604040e-01,6.219841453107839274e-21
-8.075567097841370849e-22,-1.565834859215492258e+01,2.843237992142409354e+00,1.208636621138779681e-20
2.441304802797186693e-22,2.192157042573468217e+01,3.523560637764973080e+00,4.966040173331966457e-21
-1.716890300528666257e-22,2.918069737243382278e+01,1.193254401131387477e+00,1.846871563130801496e-21
-4.503645043091886031e-22,-1.667459006922375693e+02,5.010259027353926031e-01,-6.586635133474229855e-20
-2.782729726167446366e-22,-3.381973745991964364e+01,7.025357805181738913e-01,-7.182623666628919198e-21
6.265288753240945252e-21,-4.474318644202890596e+02,2.757728507914880112e+00,-2.599278771369453911e-18
-2.089221813656679068e-21,-7.556465210049699408e+02,4.359395644387322299e+00,5.457739789392528984e-19
8.149551953055765512e-21,-6.894011973766541814e+02,2.283722777028311501e+00,-3.674657828453533207e-18
-3.554964510331265200e-22,1.489319619815878468e+02,1.883284375094030016e+00,-1.627666359163582045e-20
-7.593497732664251552e-21,1.054420775380334696e+01,2.910035505290775593e+00,-7.793043590093552000e-20
4.331148937400562310e-22,-1.459963083301292031e+01,4.565374246018695459e+00,-9.262757672049061814e-22
-1.664991267113185632e-21,-1.579834629257129563e+02,5.631149733161460169e+00,-2.090782726325323844e-19
-6.612746051948060017e-22,2.353461732853743342e+02,6.164405031357595988e+00,1.545318762679399191e-19
3.800372918505286765e-22,-1.695330279066875789e+01,1.019051495988497313e+00,3.377193633866692005e-21
-1.490480784524397166e-21,1.909987203296325333e+02,4.539175199311817011e+00,-4.906427821526196884e-20
-1.071768938916824459e-21,-6.998943624076503056e+02,3.478750621714559621e+00,7.078919766965402795e-19
-4.394603316851348253e-22,-1.741920248072125617e+02,4.099504726342267702e+00,4.403407019691949789e-20
-2.773487089183063520e-22,-7.766920848391781362e+01,9.394885430850969943e-01,-1.271378765151014162e-20
1.283902100010968481e-21,-4.052948951994525260e+02,4.011263201093187014e+00,-3.356722894806197607e-19
-1.296876402172791002e-21,-6.333520074654377368e+02,8.484689921308311567e-01,-5.430406044486296167e-19
-1.781783754603548768e-21,-1.776499914569343161e+02,5.443303706452653046e+00,-2.113024963248821408e-19
-1.440159142167190093e-22,2.101451006124407428e+01,4.270094542342182109e+00,-1.295352512286301382e-21
-2.030310798531219255e-22,-9.412302203868950983e+02,1.844234242617995845e+00,5.160498551236004306e-20
4.570112163420982133e-21,-1.066401438323632966e+01,1.440362100175437421e+00,6.338799298780648097e-21
2.480499387454352617e-22,4.484431036342401171e+02,6.260871121509940629e+00,-1.112085919907131680e-19
-1.357457496931132995e-21,9.959447083046792670e+01,3.761264545439647389e+00,-1.100582784592479173e-19
3.085835195323816118e-21,-2.509150619041160368e+01,1.667064560102412774e+00,-7.442373218251449127e-21
-3.095506649892527802e-21,2.138980486033922190e+01,4.851035282848372709e+00,9.150705334192813276e-21
1.210855274551539247e-22,-8.231932473581766772e+02,4.199211909357932981e+00,-4.893607510572674772e-20
9.298640174991347312e-21,-7.162015183843786872e+02,1.636233059656330369e+00,-4.354780846734806989e-19
-5.737747373497912984e-21,5.366333477598336685e+02,5.204726428077590228e+00,1.455434768455364243e-18
-7.874437114804734321e-22,1.415817580989707380e+01,5.277703337512407167e+00,5.972185646945985132e-21
-1.170366457353796444e-22,-2.626210729015152197e+02,5.907678811425589593e+00,-2.859464589701879139e-20
-3.914545121973071594e-22,1.761842208537905918e+01,6.818682798981328119e-01,5.354660480952784924e-21
-3.173134055233746197e-22,-1.561642494868820563e+01,4.775741207119976295e+00,-3.137194007079241983e-22
3.135330207932823577e-22,-4.135911421590848391e+01,5.525944662815148511e+00,9.423888325852076617e-21
1.230700806608902826e-22,2.954336193006858480e+02,5.452221894256683576e+00,-2.451197411104839877e-20
1.396636019385483955e-21,2.133617334873385118e+01,2.940820030859801815e+00,2.920029205809964247e-20
1.240183283513362736e-21,1.352832383161810448e+01,7.377587991556759928e-01,-1.241505429945245535e-20
7.436370921243065737e-22,-1.393211649838328370e+01,2.135533363132788853e+00,-5.544841482359508165e-21
-5.463737454555718823e-21,6.324340892045694318e+01,4.255680411660413220e+00,-1.523842737868580963e-19
1.005782667088293585e-21,1.680971524539822326e+01,5.506648217071111517e+00,-1.206046133015946784e-20
3.441984790854428629e-22,-2.649819031597979802e+02,1.597652274002204331e+00,-2.449138977012631638e-21
5.154442013677961355e-22,5.050248631549135325e+02,6.268965861428118735e+00,-2.602858211043803057e-19
-7.838393927647712489e-22,5.225169621257423813e+01,2.952927295371464145e-01,3.918419841100892605e-20
2.247004221357716529e-21,5.004443807530952881e+01,4.459130676803803262e+00,2.817544871521135475e-20
-7.521855061098970135e-22,2.731422969828535230e+01,4.680826698999725366e+00,-6.483510182040940949e-22
5.403617938080541261e-22,1.368631390683287918e+02,5.011896067492846107e+00,-2.182054936615304769e-20
-1.007037620015223244e-22,-1.299223627694586369e+01,2.411730722618929068e+00,9.750821067139438160e-22
-5.796593695459111474e-22,1.245855300491437667e+01,1.061625567808222037e+00,3.520250232866824111e-21
-3.140471884544349571e-21,9.503295165424992774e+02,3.602951934034219317e+00,-2.672450104184509215e-18
-9.258016032929092247e-22,-4.026603336868384986e+01,3.087096935322253710e+00,3.722301762574308001e-20
3.608756179902910481e-21,-1.589323762610075903e+02,9.011702096057468969e-01,3.559972845365367140e-19
-9.785042849542581708e-21,2.285006551115519926e+02,1.118484906754144692e+00,9.771855019375887917e-19
-2.130638595496124385e-21,1.153524225637967504e+02,1.833032441488015696e+00,-6.371474853757608568e-20
6.001819247825463386e-21,1.313388405424010763e+01,8.003983279062804046e-01,-5.489690913365600056e-20
-1.821208198467419261e-21,1.053554876600244796e+02,1.710860093264386705e+00,-2.678684973761981025e-20
3.835969153196378510e-22,-1.701981981921241882e+01,1.442954311611457097e-01,6.460900115901629010e-21
-1.983557304900111408e-22,-4.466471787921969394e+01,4.657932629971106131e+00,4.822177676705558289e-22
-1.446544083611411337e-22,-2.389770982310818681e+01,5.274562428734801856e+00,-1.842623824144393162e-21
-3.984593258919221005e-22,3.999891619923180031e+01,5.205528558598306432e+00,7.544921221740262530e-21
-1.870146164162312146e-22,-3.645609610799433540e+02,4.435266886863198366e+00,1.865279150312654066e-20
-3.134239012081467954e-22,9.193168787973270639e+01,5.669510550480178601e+00,2.355618429772387772e-20
-2.700003768187491086e-22,-3.822910387332158422e+01,5.607331292612423468e+00,-8.052846145170458314e-21
-2.520852785591927937e-22,-2.864652810439613972e+02,1.287590343907358825e+00,-2.017905501747960057e-20
-2.444006914587158206e-22,-3.493573580936572398e+02,1.224678651654543593e+00,-2.896609712416578662e-20
-1.431998028559039465e-21,2.604545231617317427e+02,2.330093940473128900e+00,-2.567573338058359787e-19
5.254012263785973848e-22,4.547974367021454327e+02,4.697785329853325642e-01,-2.130652122494471574e-19
-2.463154259526931739e-21,-1.504422133977881799e+02,2.284361814574699778e+00,2.425455100016132321e-19
-1.099193276111369254e-21,1.997546906189912974e+01,5.729027590403855896e+00,1.867091869648644253e-20
-9.784903617115146477e-22,1.457757459802437161e+01,4.687249556541869033e+00,-3.585513803538416525e-22
-9.638840311051137050e-21,-7.889853395672925274e+01,4.389581204311066465e+00,2.412507840313645864e-19
-1.906158876642337526e-21,-1.094042571626220450e+02,6.006323204183816600e+00,-2.006001786327318089e-19
6.768910123885952501e-22,3.543501342683483699e+02,1.518258157599399638e+00,-1.259582074737131034e-20
3.983693953759817843e-21,-5.114772323600233790e+02,1.621882087309611142e+00,-1.040454802884644775e-19
-2.766615478952899345e-21,-1.509064607403015259e+02,4.461807402176146020e+00,1.035264333028871147e-19
-2.447381696763899604e-21,1.075582662308879911e+01,4.868777965742782321e+00,4.099962867005252976e-21
-2.165224362855447556e-21,1.980004948354291514e+02,9.910696832197030126e-01,2.348483178636964079e-19
-6.424118668018489400e-22,-1.675851777042244350e+02,2.967745314655694244e+00,1.060359211301596235e-19
8.670934391880775851e-21,2.268108092629944039e+01,3.195450113446574480e+00,1.963810060935691617e-19
-2.260998431720553284e-21,3.449711263390651652e+02,1.698094315477823857e+00,-9.902183599155276982e-20
-2.528433693481461215e-22,-3.256874749291377213e+01,2.540550081405803517e-01,-7.970465190281462104e-21
3.024559027090668980e-21,4.860261804233987846e+02,4.559838431145949222e+00,2.233828027463660968e-19
1.108736417297677692e-21,2.711981001807621396e+02,3.834309980817249830e+00,2.313828643206874597e-19
5.750444065298121732e-22,-7.967600908709594023e+02,4.919970824442219115e-01,4.038291606876684010e-19
7.871321730995147776e-22,1.967029671215156483e+01,5.449141315356611948e+00,-1.040289479656218552e-20
-8.295736655697661838e-22,-2.866773844857991449e+01,2.514136783181387447e+00,1.925209457997369772e-20
-5.817886860201529615e-22,1.505924662619046899e+02,3.325455731141607529e+00,-8.613625401717468867e-20
2.402585885777682332e-21,5.716690529638253082e+01,2.832202137729523894e+00,1.308270045706095496e-19
-7.487271370777295325e-21,1.885087065090691993e+01,1.626251185934391774e+00,-7.822975638358459527e-21
-5.542973135716140558e-21,3.694830846252381775e+02,4.488897448827287917e+00,-4.539175528386315064e-19
-1.991252291511965960e-22,1.221384125269300398e+02,4.710609185099654539e+00,-4.328609240853842708e-23
-2.512993063751660494e-22,1.291903246383297699e+01,2.313602573907306503e+00,-2.195824570927475042e-21
-3.081286310439028156e-22,-1.071779729910218322e+02,4.247163536386103111e+00,1.481563889087299419e-20
-1.618024545133039076e-22,1.865497127131612842e+01,2.582123318426586600e+00,-2.558222368976902759e-21
-2.068004292206058614e-22,6.322360706697270416e+01,5.045954083341515961e+00,4.280825783418298298e-21
5.322856404141231256e-21,1.413093309471817172e+01,5.756711579756696118e+00,-6.503137862579038947e-20
2.071905871058723833e-22,-2.473618572235901354e+02,3.484662973998628122e+00,-4.826446078444088340e-20
-4.771128754270085027e-22,1.133018839762551551e+02,5.256727095934759397e+00,2.799393245449723023e-20
-2.178138669328053281e-22,-3.274854585464725005e+02,1.247397107712296505e+00,-2.266833806870354520e-20
2.343706213063511946e-21,3.633878903707164909e+01,4.224567863303350990e+00,3.991817531881384019e-20
1.626243265364551773e-21,-2.206098377957177661e+02,5.010183099550161501e+00,1.052660803175975771e-19
-2.032934424369126759e-21,1.953489297553813486e+01,6.753619113841440313e-01,3.099535380126531176e-20
1.129031071825175741e-21,-1.057200014321938966e+02,2.720686574924389589e+00,-1.089432167892385955e-19
-6.425608473225488992e-22,-1.427083315586804133e+02,1.722855944464906086e+00,1.389000989655261568e-20
4.184661342575066300e-22,6.689274223202195344e+02,6.211805078830040294e+00,-2.792106510336726937e-19
-4.965393476027704973e-21,2.224411454099992369e+01,5.271503445641948282e+00,5.858703921042790178e-20
-1.471517003722848499e-21,5.376602927923655528e+01,4.798918822543999374e-01,7.018088249455904617e-20
-4.098293017319997845e-22,-7.426423567911564305e+02,4.493398926585798314e+00,6.611961689746984842e-20
1.481037059038341841e-21,1.053770294080534313e+02,1.519914481713454668e-01,-1.542680670131955455e-19
-6.387762991843905932e-21,-1.247893564603474346e+02,4.836369182711500514e+00,-9.857471100145970719e-20
9.060853394007412813e-21,5.641097346316427519e+01,5.421062151570074761e+00,-3.326582104063562477e-19
3.066205367411083595e-22,8.721282709412728309e+02,6.255436539914565053e+00,-2.673094921511077628e-19
-1.127896434278178655e-21,-2.127756492229904666e+02,3.462426623937597814e-01,-2.257466258643274528e-19
-1.979345581016966016e-22,-8.726691074456974775e+02,2.545161365247575080e+00,1.429085080471413421e-19
-3.639062015488644942e-21,2.818820779631480988e+01,5.380370705370427942e+00,6.353748998079049305e-20
7.595675312942991305e-21,2.606960386923940973e+02,4.786122264653711156e+00,-1.458716238584738919e-19
-5.887152785680077655e-21,2.847689283402124261e+02,4.485785516506825665e+00,-3.766528825870360862e-19
2.825099287205491957e-21,-2.739800687515629107e+01,1.223928210383563364e+00,2.631315964357303453e-20
-8.495684666400471241e-21,-1.103538506616301760e+02,2.735880894027708621e+00,8.614243188526022782e-19
1.863525051252909951e-22,-4.001026455619761890e+01,3.992089552008569964e+00,-4.918058923862929540e-21
-2.398235506779283759e-22,-1.015192436171863903e+02,2.575114579492645994e+00,2.054365984062861639e-20
1.020708266931756978e-21,-9.889004749873950573e+01,4.681011464303299618e+00,-3.166660553778604300e-21
-3.361332294871266180e-21,-2.932759803188988101e+01,3.996851412757443711e+00,6.467064093530443844e-20
3.072073963837730587e-22,-1.879020807648830171e+01,1.293455086254976072e+00,1.580504888909298345e-21
-1.831587721831477150e-22,-1.421554200516374245e+01,3.892364365078356148e+00,1.903729012150058862e-21
-4.042427132428696725e-22,-2.549952296510437293e+02,8.355957542264399462e-01,-6.913943549545236868e-20
3.744924519573525967e-22,3.259019474562164760e+02,4.977777946136432874e+00,-3.201126791749176160e-20
-4.362275547728111670e-21,-6.344972860497426126e+01,4.059642851483913795e+00,1.681111013579478757e-19
-7.488642979500193087e-22,8.612915885461433163e+01,1.657397511522622269e+00,-5.578715042177881615e-21
8.933001596288502225e-21,-1.399713632570937420e+02,1.064968172728396612e+00,6.058416360514635380e-19
1.075544907367925606e-21,4.442505774088558610e+02,5.719391050131634735e+00,-4.038622697027500734e-19
-1.547197041315165224e-21,-3.601240306092320509e+01,3.430304135228887663e+00,5.341218922060611346e-20
4.467182809448133693e-22,-2.117396754318649243e+02,1.908612464459577884e+00,-3.134905447846810775e-20
8.143939075783042548e-22,-2.804808922489590017e+01,2.016524888549680317e-01,2.237934027967493762e-20
-1.089638464531216369e-22,-1.721380359461859655e+01,1.904491179034331738e+00,6.143540157296917723e-22
9.085925677559144935e-21,2.203630680699649815e+02,2.811969538541685409e+00,1.894412694446963331e-18
3.499902035754752772e-21,8.943248845729578989e+01,2.046198003433816748e+00,1.432609934224728966e-19
9.618552830528031580e-22,7.747149385040095240e+02,2.879315999473885501e+00,7.196806918171832467e-19
4.036002417606947587e-21,-4.859486584043466451e+01,3.491588689966453884e+00,-1.842384936158590325e-19
-3.144236858766082926e-21,-4.988265002762628342e+02,8.621460190673841950e-01,-1.020748469463904738e-18
-1.666102982291353409e-22,3.726326635817816282e+02,1.049469041179747375e+00,3.092000910198102927e-20
3.731602075677407151e-22,1.527123947275473768e+02,4.389208104626163731e+00,1.809792256717158693e-20
1.618391547161816876e-21,-1.669138852693874071e+02,4.810562570756817813e+00,2.647725097717385454e-20
-2.900720433429564496e-21,1.389308012236346990e+01,3.205359887372243866e-01,3.824733148675850934e-20
-3.125165223068452573e-22,-6.847453459405403464e+02,4.363296259071139716e+00,7.319574205845316719e-20
-5.770061134067635010e-22,7.599619600958908450e+01,3.070884433417226500e+00,-4.374069730353896165e-20
5.023720238051026185e-21,1.490824012384503590e+02,6.034203748290685176e+00,-7.258536214692492894e-19
-1.805853750736249617e-22,-7.229872342069819524e+01,1.935662711703890260e+00,4.658733246793184135e-21
8.799674539734647838e-21,1.059755629534569010e+01,3.925897068315347127e+00,6.601335935554590725e-20
-2.799970018170008591e-22,-1.172507501691186427e+01,7.564589083545926185e-01,-2.387620386758960309e-21
5.763633039036695087e-22,-1.828314001656507912e+02,1.316595328706003487e+00,2.649946008052307773e-20
2.189898603057351216e-21,-1.485644636831345089e+01,2.129891763260655935e-01,3.179895159478868044e-20
-1.394192514037606593e-21,9.390389409561369121e+02,5.197458732024476724e+00,6.104412653200909580e-19
-1.566319843693217208e-22,-7.008332517509131776e+02,6.023741426274305866e+00,-1.060991108079095098e-19
-5.629653738410680195e-22,-6.019910612666281224e+01,1.861832147508927227e+00,9.724557387739337035e-21
-1.915402022221569333e-21,6.075494159249173265e+01,1.822625308037076453e+00,-2.899660676402553731e-20
-4.451297438783203994e-22,1.203624742714934968e+02,2.645118505164999689e+00,-4.710844146411261564e-20
2.975425249199500943e-21,7.227828121686685563e+02,5.226629223622301090e+00,-1.057816367270908758e-18
-3.787463359748766720e-21,-2.362736128494920251e+01,2.970666702062520148e+00,8.818372167814290815e-20
2.846194062000445682e-21,7.191411747317204117e+01,9.003319213651789221e-02,-2.038525225792738734e-19
2.519397353924809962e-21,-3.855355501755054348e+01,5.149989738434948450e+00,4.116127030139232178e-20
2.747022786000892354e-21,1.574812534477852353e+02,3.219652263906374934e+00,4.312872653219780341e-19
-1.252724392522585442e-22,-3.135844170132930486e+01,1.080226851389158027e-01,-3.905451007970418583e-21
1.182537852942916515e-21,-6.339399128255473670e+02,2.113835769956777355e+00,-3.873786726651723123e-19
5.109388893017288247e-22,-1.122494764142405366e+01,2.190931395660264958e+00,-3.333019484720421948e-21
2.089057261780617099e-21,-1.190696760105043950e+01,3.567086084744162999e+00,-2.265642109433170301e-20
2.105364376138064370e-22,2.271792372773956288e+02,1.242475031909555883e+00,-1.542283730491726680e-20
-1.546578326972801323e-22,-7.207740473385126734e+01,4.440893160652594318e+00,2.989411706697106391e-21
-8.820756506353837144e-22,-3.327482782806804806e+01,3.380118003860339559e+00,2.851991604958997963e-20
-9.194447356387368540e-22,-3.345473246149676356e+02,6.804397852153254433e-01,-2.390945549751609803e-19
2.427242105483163288e-21,9.203378395728330474e+01,4.557911414225957358e+00,3.437139298502525150e-20
4.503324319261751827e-21,-5.058666465027421566e+01,2.822876084311543909e+00,-2.163353648807777768e-19
6.439062497827864278e-22,4.088066550147883760e+01,1.561607055895456231e+00,-2.418886774805583109e-22
1.143902790924345746e-21,-1.059498021658191078e+02,3.225627204812856252e+00,-1.207685938906232062e-19
5.705939021996581288e-22,-6.705685319787477283e+01,1.675741114353076266e+00,-4.008055237700530694e-21
8.455921280868573015e-21,-1.014940678249459971e+01,1.085021385407547889e+00,4.007003193868099348e-20
1.428819801532577869e-21,1.756544375418990356e+01,8.793383604427590372e-01,-1.600392148583859159e-20
2.257800007115673513e-21,-3.303114234509405946e+02,6.277576638737016879e-01,6.035921404834648703e-19
-9.594628874052932885e-21,-1.818434983737595800e+01,3.442803450401617504e-01,-1.642338205402637276e-19
-8.354850792551401987e-21,2.524241344614642912e+01,3.549052675379021693e+00,-1.936305614896316857e-19
2.150247378636784261e-22,1.543393252852521869e+02,4.556101432825810704e+00,5.165590333211304472e-21
3.323832964996491627e-21,-5.242627015667957835e+01,1.475062540434891822e+00,1.665673219739153516e-20
3.330830478756534380e-21,4.065699733676749617e+01,1.331709379875959387e+00,-3.206994538674033782e-20
2.165367108535591733e-21,-6.634482687821340505e+02,4.908849136551018510e+00,2.804243798384401414e-19
1.901495807763866120e-22,3.308970104931125888e+01,3.254953905327403252e+00,6.251607572050500626e-21
-3.220367700645745240e-22,2.169805189731064488e+01,8.704866095602700193e-01,4.503171572312491172e-21
-2.283421498219480095e-22,-3.896376624926049459e+01,2.000948404404392367e+00,3.710158601728743775e-21
-1.436776546852412607e-22,1.620762623305367001e+01,2.097103612262437355e+00,-1.169794811513387125e-21
8.914983030924361710e-21,-6.464550722156957363e+02,2.140156415434280035e+00,-3.106867406364119999e-18
8.868249508571662453e-21,-6.920510700032207296e+01,4.270794805032600117e+00,-2.622959102263141732e-19
-4.954293147375047702e-22,9.141042584986949748e+01,5.865430727615501105e+00,4.139278889136718112e-20
1.268566182796499307e-21,-5.535950812124858800e+01,4.540006270823834456e+00,-1.204608766961494110e-20
4.150251133797357321e-21,-1.877739786405153097e+02,8.978637604957251384e-01,4.857293163153300858e-19
-8.993308756935650236e-22,-2.569259040150703868e+02,2.563558721565474485e+00,1.935228134042944107e-19
1.571716200695995681e-22,1.203479754251089773e+01,9.343656546507544958e-01,-1.124189750915135044e-21
-8.496034369059480851e-21,9.813548361411944825e+02,1.674432843425904371e+00,-8.625363985253674422e-19
-9.066255122607626426e-21,3.228329002051757470e+02,2.131499235038767814e+00,-1.556463846837191205e-18
5.111006216099263012e-21,-8.750253795377479094e+01,4.238495689984641324e+00,-2.040933714247954650e-19
-2.503867379504577580e-21,-5.705769847725657229e+01,5.619202625756168246e+00,-1.125124203035866028e-19
-7.512869675231210685e-21,-3.855071909810139630e+01,5.045610307646831494e+00,-9.473360923587775505e-20
2.596383962206496799e-21,-3.169847569745764559e+01,2.034047239964879683e+00,-3.677710652141970372e-20
-3.722763837044553969e-22,5.995164008244984188e+02,2.974080715331915314e+00,-2.200617883917539920e-19
1.388036675894425456e-21,-8.594846689612735702e+01,1.193985140480329443e+00,4.389716168834901872e-20
-4.295542497840282480e-22,1.951280880231114168e+02,7.093026448194404976e-01,6.360253601801611764e-20
1.578297277117786076e-21,-5.391297839957521632e+01,3.590852472591437028e+00,-7.664705479987938268e-20
1.450532806177952537e-22,-4.307467231476048255e+02,8.143824556590596453e-01,4.288196868914142161e-20
-5.024680231789252776e-22,5.722588126600830947e+02,2.987918095263401685e+00,-2.841531566220047758e-19
4.002820564514943862e-22,4.693538874469304290e+01,3.745311764695142376e+00,1.546634524543079317e-20
-2.058601691773105284e-22,-2.311233485813295729e+01,2.193906782930306498e+00,2.776543927456535099e-21
1.864538605833069708e-22,-1.032402871929338239e+01,4.220759621364203462e-01,1.756021880050436760e-21
7.790013128452460140e-21,-5.012591961357890114e+01,1.095545537345070208e+00,1.786693173553809667e-19
3.478967549260010996e-21,9.727171677874063960e+01,6.221532396265830656e+00,-3.377621970738369607e-19
4.808065755452624116e-21,3.749563273673951471e+02,5.140070035331770093e+00,-7.477387360747554864e-19
-1.764411979114494599e-21,-6.864894916007283143e+01,3.773048981138226843e+00,9.776832723156206478e-20
1.141376666296651548e-22,-2.247579006390555776e+02,6.124230186560673417e+00,2.532993610620487352e-20
-1.291144433051075676e-22,-5.746990621996246063e+01,7.764811504368924755e-01,-5.293447358854419964e-21
-5.515875518645050432e-22,-1.755441487308342730e+01,1.818835219266761616e+00,2.377158968082693138e-21
-4.086995592134734032e-21,-1.443987119782864248e+01,4.913230618790754178e+00,-1.177328324845631249e-20
3.467771095274264009e-22,5.374815749519385832e+01,2.637523643136903573e+00,1.632044196118293014e-20
-1.084314561842993573e-22,6.429297851747875825e+01,1.202558872154534164e+00,2.509499287841883496e-21
-9.688464295441456295e-21,-1.855928184680837489e+01,5.760766443597785447e+00,-1.558268136270936398e-19
-9.955604901724339012e-22,8.646100561889679170e+01,2.027352269401673901e+00,-3.794792766778089204e-20
3.113053592656966138e-21,8.701532786513101883e+02,4.680243161727780432e+00,8.706268356201750155e-20
-1.376025307839198718e-22,2.610470027052865660e+01,5.394911367015933656e+00,2.265708412444719842e-21
3.335037379348310163e-21,9.932491672520239945e+01,6.176808397635072723e+00,-3.293798433869119622e-19
-2.013457261788615832e-21,-4.415913198409925826e+02,5.157331797323941203e+00,-3.826850783254556354e-19
-4.610670513926801195e-21,8.801109454260109999e+01,5.346316614537958145e+00,2.403551278556798354e-19
2.350450081551508060e-22,1.492926697582811180e+01,4.602517528387208401e+00,3.847691529962418313e-22
-1.334505834500140578e-21,2.555894628837274922e+02,6.281968670736039151e+00,3.410853770169258717e-19
-1.018218982127422422e-22,1.835624552440679480e+01,4.258447149983309643e+00,-8.196078121192918967e-22
1.895692549634210667e-21,1.265010237219640921e+01,6.142904200045360419e+00,-2.374513589342189105e-20
-2.241947728128492841e-21,-2.332284729914778865e+01,5.645144875431074016e-01,-4.417594657809617253e-20
-1.432704145612344677e-22,3.663639807463140414e+02,2.184002843948732231e+00,-3.020710640926312021e-20
9.158144586255542600e-22,2.094237279023366938e+01,2.557906245680869883e+00,1.600393559395181782e-20
-8.659789339711485230e-22,-2.351413544351254359e+01,4.361099036680116114e+00,7.007009433552089064e-21
-4.840814312974900899e-21,-4.701537029380765631e+01,2.484711407190602350e-01,-2.206032004997968692e-19
-6.485251905902908394e-22,1.026266861313544467e+02,2.499119726873705094e+00,-5.328582380142644460e-20
-7.421613165922852854e-21,-4.060248902703100526e+01,1.767845733975980105e+00,5.899455906009774507e-20
-6.007573926794700195e-22,2.667900762986225516e+01,3.604603475311245919e+00,-1.434009257662445916e-20
1.761460078140350482e-22,-1.157874652785644543e+01,5.223199281885155365e+00,9.971039068827451731e-22
2.327359012800519574e-21,1.861828399630984165e+01,1.169232676519440295e+00,-1.693644007558090240e-20
-3.811503599113903105e-22,4.586171208492829692e+02,4.728141631616410989e-01,1.556245904778215002e-19
3.323648532106496908e-21,9.476891048221032179e+02,1.908192685797155119e-01,-3.092614310604270620e-18
1.065876889225767331e-21,-3.525016017859023236e+02,6.075897141041931349e+00,3.676800614780847040e-19
1.235764605447212281e-22,-2.763511091534209072e+02,5.579658222665448086e+00,2.604197754473731985e-20
-5.684188470841312099e-21,1.736532311036326917e+02,2.641988136692555056e+00,-8.664292584505807149e-19
-2.171790396875607668e-21,-8.758353002918238417e+01,1.119330432301953948e+00,-8.298711408963260129e-20
-1.158209306597783621e-22,-2.773602787854076723e+01,4.772049816688848978e+00,-1.915415434613317849e-22
-7.630325177560223333e-21,-2.880388927417058653e+01,5.126735688626705034e+00,-8.848289567514027772e-20
-1.401814192697270711e-21,2.296715875979501575e+01,4.901733407870718651e+00,6.059714184934306286e-21
3.848292290996503799e-21,8.432495282312449092e+01,5.618116604007328263e-01,-2.746275365515727521e-19
-4.049005223050819458e-21,-1.022832812729891430e+02,7.140260729409152463e-01,-3.129827915348218339e-19
-6.355388727932172395e-22,2.198732307410415387e+01,6.145688474711763938e+00,1.384191651394600068e-20
5.744406411145565910e-21,7.969539343272589349e+01,2.880275899076447210e+00,4.422606140410173953e-19
1.854133157952123897e-21,7.424990125586148224e+02,1.863696860112980414e+00,3.974928934986132236e-19
6.094684324721845430e-21,-2.657909672196159363e+02,2.290692302107484313e+00,-1.068018476953865878e-18
-6.142217912481150885e-21,5.656114829279314336e+02,5.970365529576348251e+00,3.305509039793378555e-18
-6.581640597179405122e-22,2.032623636126182021e+01,5.631195698173211639e+00,1.063387835113496695e-20
6.324649199621023219e-21,1.826775205570588412e+02,5.221058444536499366e+00,-5.626838116659867315e-19
-9.992460465590759448e-22,-1.469507898449543575e+02,8.134004258447667945e-01,-1.008837123444924773e-19
4.749713504472453936e-21,-4.083422193702244840e+01,1.491237688227598834e+00,1.541419310008178331e-20
-9.542767821871155042e-22,-6.774116624849271773e+01,5.213330226583209992e+00,-3.104528268568161841e-20
-1.392839068039508344e-21,-1.155028406187142025e+02,4.129983139148979632e+00,8.848786758247602224e-20
8.096051583181791627e-21,5.170360795896382342e+02,8.183575340522110109e-01,-2.860767367697684240e-18
-5.532065593266621582e-21,9.528600504015507795e+02,5.863985881947181511e+00,4.814870625425553849e-18
2.162133807915833397e-21,-1.951768156625967876e+01,2.321267274375839462e-01,4.106801193987163471e-20
2.693991280650961882e-22,-3.373473476125329285e+02,4.607943106795545418e+00,-9.474905116549947912e-21
-5.262510221205000799e-22,2.071655547748876529e+02,5.559752908206423427e+00,8.171544964086290593e-20
-2.875969045161148217e-22,-5.497658817503975115e+01,1.076002831375250990e+00,-7.507898002640366964e-21
5.849654129967202220e-21,-6.342697698765181258e+01,5.929777721488619591e+00,3.480960362309235233e-19
1.604029200085116715e-21,2.359567902859813060e+01,4.142993535719357467e+00,2.040481160248687321e-20
-1.178039405279600648e-22,-2.619133364230635763e+01,2.975193126226653551e+00,3.042824681261497663e-21
-1.512458566143628413e-22,-4.863189149652543364e+01,3.230074868667884402e+00,7.326597887953623053e-21
6.532289489532124467e-21,-6.252839506213904741e+01,1.893893417433994308e+00,-1.296860186791333126e-19
9.362148908388290992e-21,5.196801537627931111e+02,1.190836975735748204e+00,-1.804464221462065465e-18
3.741167014771133565e-22,4.206237311440908115e+02,4.800773733208480998e-01,-1.395739940133822028e-19
4.153990943030022436e-22,6.478623197489764607e+02,4.583279672252605685e+00,3.464962923516569783e-20
-2.879776855989225487e-21,8.717026518330783347e+01,4.117273563835509020e-01,2.300524884546291716e-19
-1.080172440875718291e-22,-1.153211639273812850e+01,3.283561242346670905e+00,1.233135237930966146e-21
2.255125816003548230e-22,6.293885870341454591e+01,3.868979643644775201e+00,1.060133281059952217e-20
2.622593237916042623e-22,-2.706731760467080790e+02,4.827227808657858610e+00,8.134107590631903476e-21
6.912436138431582728e-21,6.540813632915745757e+02,4.802061553137202843e+00,-4.048930682030448538e-19
-9.669791467514760092e-22,2.400137998283897787e+02,3.101801992539372055e+00,-2.319046312555524336e-19
-4.326786285524373504e-22,2.004120370231150616e+02,4.644220835696554417e+00,-5.906555855132995115e-21
-6.106664017056796364e-22,2.124591786303726693e+01,3.817500878095177352e+00,-1.012165568100931533e-20
-2.114622040805745740e-21,-1.743831939691263244e+02,1.135884722520498658e+00,-1.553674397922252235e-19
-8.385056588638767338e-22,1.773612328287368314e+02,3.358853564817428250e+00,-1.452222565974400033e-19
-3.314944567423796165e-22,4.164247202678778876e+02,6.108809351782679142e-01,1.130765420809658551e-19
5.216009812960035577e-21,5.506253482052798063e+02,2.010476139957274810e+00,1.222494704486571376e-18
-8.056326506015174205e-21,-1.171653692776733493e+02,4.141112794286701870e+00,5.103845726871519582e-19
2.538868965733179355e-22,4.599978798864469809e+01,2.325082668471654124e+00,7.997238613585817889e-21
-5.731413145213765866e-22,1.545115946096985482e+01,2.990801172188682910e-01,8.462575075475534577e-21
-6.800314138519221258e-22,-1.151341741949105568e+02,5.404555112344933576e+00,-4.996827052693718155e-20
2.609385632723257851e-22,2.312631594619101918e+02,2.390936263243945259e+00,4.412710414203677341e-20
3.239165599317152891e-21,3.908708468420073814e+02,2.441802274653753102e+00,9.685341299778796639e-19
-8.909544176041934293e-21,2.839577200555398804e+02,4.019485772503457177e+00,-1.616054913322810863e-18
-1.160605230375846636e-22,-2.463383918958529506e+01,5.462797719728682999e+00,-1.949671182133632494e-21
7.767144188848495656e-21,6.964313575597798263e+02,4.159943256047618831e+00,2.838633126021201112e-18
-2.519014563998397419e-21,5.832659237649243096e+02,4.035539210415486799e+00,-9.202539511825384468e-19
-1.460978940905690855e-21,-1.903973890016283477e+01,5.240269481310202870e+00,-1.401134745231150431e-20
1.073509050154194734e-21,-1.189696022724387880e+01,1.186666431122462839e+00,4.786150547197690841e-21
-3.112544125509878451e-22,-9.248764000968461119e+01,5.498207134629322645e+00,-2.036416185013962042e-20
-4.935727315618744011e-21,3.440235648721521500e+01,6.072541185805811814e+00,1.660474514890570294e-19
5.212547531855284694e-22,8.357390649229749897e+02,7.080011494853607479e-01,-3.309343625881845544e-19
2.397357760997263935e-21,1.780193517963892020e+02,4.904974593526436166e+00,-8.168380712772694441e-20
-3.433119969204935206e-22,-6.491488834808056936e+02,2.794984852500670414e-01,-2.142122518696379242e-19
5.568210963459910300e-21,-2.814419883347796940e+02,3.947546634824823819e+00,-1.085116132642159866e-18
-8.130121487484151728e-21,3.365267738269514552e+02,5.630606613147894457e+00,2.173811084517399866e-18
-1.878143042479756616e-21,-1.285836394044807491e+02,1.097711744269269873e+00,-1.100349713955299206e-19
9.963539813659762297e-22,-2.099530173196939700e+02,2.631471388204259299e+00,-1.825548782203863607e-19
1.534760559239712730e-22,7.538538472400742876e+02,9.233258795946873709e-01,-6.978595854302524334e-20
1.147701799857512887e-22,-1.092876509035965427e+02,3.135437142896059015e+00,-1.254272573677902825e-20
8.787632121382097480e-21,4.120391697271952580e+01,5.448797966695241080e+00,-2.431876798552481299e-19
-7.436199340302658239e-21,9.219698478867741187e+02,2.815896013401683273e+00,-6.495520852840851956e-18
2.799983681865999869e-22,3.231816211329423538e+01,1.884370734737888187e+00,2.791271029272551970e-21
-2.383845166416889670e-21,1.728537312569831101e+02,2.700239172425244139e+00,-3.725709400209721729e-19
8.261836458777054778e-22,3.585699635708151050e+02,1.386391073918149974e+00,-5.431998076660262401e-20
5.053694075197117183e-21,-1.705982224237222411e+01,3.241732900378864635e+00,-8.578319811836114554e-20
-1.091561435601109088e-21,-3.274526680405502077e+01,3.635306954218369579e+00,3.147493981667902814e-20
-1.626837793573220959e-22,-5.377970513890277005e+01,3.972003333620911292e+00,5.901893910953443159e-21
-2.197322766423483266e-21,-3.686873859730961556e+01,4.079111719042381345e+00,4.794237467278589264e-20
1.360777348519927593e-22,2.548636143363969211e+02,1.766550885092417422e+00,6.745739379879042561e-21
-4.623763857098598691e-22,1.410331175907939461e+01,5.387591561455546518e+00,4.076010607658879902e-21
3.809979397018024508e-21,1.708136920620557930e+02,5.835883347871172688e+00,-5.867695670945583335e-19
8.144552018787172657e-21,1.628693830240155478e+02,1.329943927325231812e+00,-3.164102804444127740e-19
-6.720969653029155836e-22,3.546133581612606633e+01,2.474518835046533860e-01,2.310748171458725470e-20
-2.268651059915739209e-22,-3.158463254164259482e+01,4.716270146615591408e+00,-2.781023666652373451e-23
7.297029582609992844e-21,6.425432672900983277e+01,4.177790960544924381e+00,2.388848293455862714e-19
1.944372793276658913e-22,-1.086428625401072345e+01,2.698814699315202681e+00,-1.908710679609251828e-21
-8.366513932069539668e-22,3.405405498067084977e+02,5.378749514495600792e+00,1.761134898760182299e-19
2.284029422581934525e-21,-5.002178361654851813e+01,3.801366866317045901e+00,-9.027339457502267525e-20
7.783709735573010316e-21,-1.683440462090945857e+02,1.558737093517421179e+00,1.580132710877354305e-20
-1.900012070372160923e-21,6.757435107219354222e+02,3.826719485677587684e+00,-9.941897093059094264e-19
-1.722412939328466930e-21,2.362312513577878690e+02,3.488130311058270649e+00,-3.827000399776463330e-19
-6.387232242920807223e-22,1.827230985703225841e+01,3.068184204967332018e+00,-1.163951658004549527e-20
3.814999866001714815e-21,1.467871555377198689e+01,5.405499233068484344e+00,-3.577979207959207124e-20
-2.866534620793586262e-21,-1.456991161469495069e+02,5.160077529228894733e-01,-3.632716263741880506e-19
2.899679567913774627e-22,-7.360341433083142419e+02,4.644250073964850678e+00,-1.453138507122581119e-20
-2.762751876624259030e-21,1.041876147946559428e+02,2.734576568374903260e+00,-2.643294018481445968e-19
-4.195140644148656769e-21,-4.994981722883659927e+02,3.927479133039810222e+00,1.480993847703083615e-18
-1.417997607734639831e-22,-8.274302431568480642e+02,3.792725619835850104e+00,9.332353530387624120e-20
-1.081057976200988330e-21,-1.262383802555140164e+02,2.661999113814332851e+00,1.210746960020483689e-19
-3.128332009736743413e-22,-7.883713801169177771e+01,7.789056435151502367e-01,-1.755214217547504558e-20
8.071458715158655635e-21,-1.912329052476900770e+01,3.978759985576582281e+00,-1.033499562406804010e-19
-2.904191536692557370e-21,5.568082009351678607e+02,4.074481799005104321e+00,-9.629948040583857104e-19
-4.469377749567673274e-21,1.386536582870503480e+02,6.470761728388140233e-01,4.944240240560479856e-19
-6.023879253277183504e-22,3.661375837192308040e+02,1.646464670427905119e+00,-1.667325059563761065e-20
-2.589802349520685429e-22,3.032630364243739152e+01,1.766067345720847559e+00,-1.523913716963557433e-21
-1.049663675303133997e-21,1.967544126155393513e+01,5.345973440317243863e+00,1.222710735666442938e-20
2.207166631387703640e-21,-1.179814036771122403e+02,2.333773097800511120e+00,-1.799593970538258162e-19
2.468664595014838180e-22,-1.280793857901773336e+01,3.082554105335337802e+00,-3.156341656688130717e-21
-1.337493223789055721e-21,-6.994142861620235863e+02,7.375996578532807435e-01,-6.923212514529987736e-19
2.936261185270406330e-22,-3.680252217429885064e+01,4.399877552118463875e+00,-3.322353976374041181e-21
-1.113830403166291902e-21,-1.064398932113288083e+02,5.708953309056589376e+00,-9.954076099230745791e-20
-1.944557448602812910e-22,2.410933724466760566e+02,3.605691748048252432e+00,-4.192305756814977003e-20
-1.103297957894095499e-22,7.483500181457806377e+01,4.701605416349084798e+00,-8.903309945187696912e-23
1.521538562892429794e-22,7.784970325757249157e+02,6.218926508581718693e+00,-1.182068555515410754e-19
1.217398384429340645e-21,-5.405387486659429896e+01,4.019770770933758897e+00,-4.202012832654056635e-20
3.048554503907908726e-21,-4.631264505725745835e+02,1.671058633421125483e+00,-1.413199161134888215e-19
1.029413890894547128e-22,1.064925300371852934e+01,4.482381347396017013e+00,2.499282560065088061e-22
1.976645604671416802e-21,-8.540166364346265482e+01,4.963061136691574227e+00,4.187390027715878720e-20
6.478473390228900049e-22,-2.676972684654532486e+02,3.410592534314882851e+00,-1.671900399630584638e-19
-1.847815898342255166e-22,-3.149543337753587480e+02,3.820761339466689943e+00,4.528339818530975041e-20
1.736837382191930245e-22,1.164397872976944015e+01,3.583468044759552384e+00,1.828123706162728077e-21
-1.486013837782111000e-21,1.360347283954932891e+02,4.249696887031916503e+00,-9.023119360492184030e-20
-3.198610465932110371e-22,-3.253632460842211316e+01,4.900109766177905612e+00,-1.942175700786304132e-21
-1.263882186120029815e-21,1.128088184246238512e+01,3.692354241631494727e+00,-1.214936453327701914e-20
-3.155050423805290711e-21,3.934290507850603547e+01,3.724285483638023031e+00,-1.036455886952593684e-19
3.792760541354540290e-22,-3.251253906143344921e+02,2.707159530734409625e+00,-1.118576481173215288e-19
-1.443291589387603063e-22,4.174057515021847848e+02,6.250418063817696712e+00,6.021148228264643179e-20
8.498141003866710042e-21,3.353626183525616966e+02,3.670162846593951755e+00,2.461022098106197954e-18
-1.833271647869577895e-22,2.021962117408432391e+01,3.807088763246197605e+00,-2.915812601601913603e-21
5.022905250028802012e-22,6.722742456917725349e+02,4.340761229668186338e+00,1.226215037822226933e-19
3.943689756075789175e-21,-1.200008666441292426e+01,6.167097186128555286e+00,4.700609283473392058e-20
2.411203711569724300e-21,8.258454130082022004e+01,1.828512906259871507e-01,-1.958085326495236257e-19
5.768620999979008727e-22,9.145121075714162089e+02,9.508760983129844746e-01,-3.064893220055113888e-19
-7.896844125752629593e-21,-1.789752507692677170e+02,5.199172249695841685e+00,-6.611394182791190043e-19
-6.666120627039700295e-22,1.424641702430863077e+01,5.341859860443620711e+00,5.590948545348467282e-21
-3.283998590977977318e-21,1.025200888117987574e+02,1.451421982588644521e+00,4.009507017064033398e-20
-1.047844743393718475e-22,-3.714836630492187197e+01,2.910974496383069710e+00,3.789517292922299403e-21
1.603765281346392619e-22,-2.818270419780066618e+02,2.521530978487348307e+00,-3.678441887296593520e-20
1.033600860400072320e-21,-4.015616384289057805e+01,1.050933367341213842e-01,4.127645066074170571e-20
1.200772156120977857e-21,2.258534383321791594e+01,1.735763328487532675e+00,4.453616151682098744e-21
-6.638870242825536764e-21,-7.835193896068144568e+02,6.230727040345660050e+00,-5.194528023645372800e-18
-2.378161043655710959e-21,5.481850838574579399e+01,3.657155738996316074e-01,1.217458075570617208e-19
-5.192147520822447015e-21,-1.049576180003920598e+02,2.353612959534416404e+00,3.843456300226552528e-19
6.226453189767102415e-21,-1.601936023966332243e+02,5.655133218735443279e+00,8.071004467846414266e-19
-1.618075872528234661e-22,-8.706465164488352571e+01,3.608574779041029412e+00,1.257936271439356988e-20
8.534358066003887383e-21,4.881899510836463492e+02,1.785114133711079853e+00,8.861110843724467786e-19
-3.956520777170374779e-22,-1.362327772509000745e+01,6.041641086841995634e-01,-4.435911593797052536e-21
-5.388231547284716593e-21,5.602532602940336659e+01,2.545448471929737458e-02,3.017796365980182874e-19
-1.836079029105509417e-21,1.330617391894757588e+02,5.331067481667866481e+00,1.416908950687881287e-19
-8.172759566301199736e-21,1.063187396366617854e+01,5.990373938152308675e+00,8.319330419803979453e-20
-2.362927058404235927e-22,-5.004275493867376667e+02,3.971123757220265560e+00,7.984319666269790202e-20
-5.119776682700840961e-21,-1.009698966194654979e+01,6.186973573452045017e+00,-5.145525733909439048e-20
8.717000761733894822e-21,-9.804688247287103309e+01,2.065144220347819637e+00,-4.055070303186461005e-19
-1.117223284486845848e-21,1.077727089147814610e+02,2.615988953609829082e+00,-1.041538983672390920e-19
-1.495528046795117378e-21,2.936532909517019334e+02,3.660047475708856801e+00,-3.814540368157852526e-19
7.291405108630754045e-21,4.551701805668954393e+01,5.750565801127526244e-01,-2.785034614359714358e-19
-7.149278931131769826e-21,2.496731961041481540e+01,3.060619845141668627e+00,-1.779134810160853923e-19
1.783062386932732639e-22,-6.693532928082561284e+01,5.381810432758424856e-01,1.024788634296852087e-20
8.879997079688933907e-22,1.401368181174205141e+01,1.867255844588308733e+00,3.635382968712533927e-21
1.884188765485608306e-22,1.669990935602638871e+01,4.160372746393493415e+00,1.650081490412658550e-21
2.966398083235577324e-22,-1.170196572182955030e+01,1.773537243891919468e+00,-6.989568654420287483e-22
-2.086846978217991626e-21,-4.755164721949206807e+01,2.738933583740105870e+00,9.129657818037288828e-20
-6.202119478085610871e-21,3.615607882435746774e+02,4.818449268503518290e+00,2.373885324722949525e-19
-2.536136146925608580e-22,2.818272826740887353e+02,3.639673951748671143e+00,-6.279105337254299518e-20
3.689791067066685801e-22,-5.110590927858841610e+02,2.555152380526039657e+00,-1.570630581537037644e-19
6.053224132813124581e-21,5.176172321102140472e+01,2.621628435560149573e+00,2.719152858626475498e-19
-8.466232468397599279e-21,5.084683874776443417e+02,2.503216051268625453e+00,-3.457040001280143196e-18
-1.743021692356954239e-21,-6.443851242076190999e+01,2.432189482728096763e+00,8.522116078935553730e-20
9.649408914966224270e-21,7.833700009000494902e+02,3.436845706674779954e+00,7.231966010411250020e-18
-4.809586104671491308e-21,-5.166564631849167881e+02,4.467993938970023393e+00,6.012706375592533293e-19
-3.016794174983570344e-21,-4.418753134855822395e+01,3.394621973746683175e+00,1.290600674902656654e-19
2.270309713603120336e-21,3.505989058945011294e+01,2.764305989546396614e+00,7.399857926768589053e-20
5.810906672956860472e-22,-6.724177570016274785e+01,2.235453765489930689e+00,-2.410016780657599357e-20
3.144673973839476544e-22,-8.741556879926004342e+01,2.651176080236142152e+00,-2.424936220393028564e-20
2.094892056241438643e-22,-1.993674464423082213e+02,4.895081148487415490e+00,7.587824302656088931e-21
4.128923913260389977e-21,-2.557238051337009495e+02,5.552463061585329207e+00,7.862941697338373086e-19
-1.874665464787365876e-22,7.841779123337421424e+02,6.327143394528300657e-01,1.185502788555321485e-19
-2.345262212787865420e-22,-5.930858022814244350e+02,4.682601980312268708e+00,4.142585455653402726e-21
1.818440586911249653e-21,-1.398688309592086796e+02,1.117333673420979112e+00,1.114228689579764964e-19
-3.284614441691103932e-21,6.883093957958855924e+01,1.342615503240789376e+00,5.114132534129762289e-20
8.997018853471162480e-22,4.080789185869232938e+01,5.576577672934706520e+00,-2.792423453590024116e-20
3.809247788306179800e-22,-5.207659838906302241e+01,1.655625104390257452e+00,-1.680753631562801456e-21
2.962208244240741958e-21,7.023450358218060785e+01,4.162358589592707325e+00,1.087500634547527996e-19
3.138608523074451461e-21,2.174234281693019568e+02,5.462200765005544412e+00,-4.650610922055183038e-19
-6.219291950252508058e-21,3.058673882405767586e+01,3.675673764300221857e-01,1.775214480418901060e-19
-2.998161627621551748e-21,-8.010221197138729394e+02,4.099945819537610170e+00,1.380600087606072490e-18
-3.324718068646356275e-21,1.862712809069148534e+01,3.251119940334863401e+00,-6.155885767675367949e-20
-7.378126431036462975e-21,-2.619890136798279912e+01,4.751595855333193619e+00,-7.576700667492945318e-21
2.172059248500338607e-22,-5.688212118119039218e+01,5.625062233537312828e+00,9.774660453175658445e-21
6.407478401015140745e-21,1.605291842862239093e+01,3.431164648783859850e+00,9.857632599040006003e-20
-1.135106451152914838e-21,-2.815415079846367874e+01,2.712553432406904275e+00,2.906147584401083752e-20
1.493042759291511190e-21,-3.322808266975556535e+02,3.178494050118483738e+00,-4.957717412982411907e-19
-6.831350672594117628e-21,-6.402395213330665058e+01,5.662847107419552994e-01,-3.690966222871218256e-19
3.784853353457912445e-22,-2.555912412270330236e+01,9.671687009202779572e-01,5.491139496236223530e-21
-1.058213515063392710e-22,-9.642659788749466543e+01,6.771491677454783975e-01,-7.952605750554428787e-21
-1.412402413349280085e-22,-1.656818890378917075e+01,5.140913013510433949e+00,-9.723767394096597874e-22
3.693139131886945756e-21,-8.845335325247123137e+02,6.160650381409638054e-01,2.666149384293318009e-18
1.675373686574241850e-22,-7.907512071617612719e+02,5.434420924608571291e+00,8.755772977327243556e-20
-4.419329111102627983e-22,-3.122960087257635919e+01,4.676943128799353921e+00,4.890995326938006887e-22
2.357922302442231220e-22,5.429460112888427830e+02,1.367998587262126531e+00,-2.578506849802366557e-20
-2.548627247300443946e-22,-9.525510370344179591e+02,6.235639927331582122e-01,-1.970810890456408277e-19
-4.648683565402203616e-21,-1.076585206879490819e+01,5.858518017067273931e+00,-4.560165461622847739e-20
-1.784052709917015184e-21,-4.704791121521174659e+02,3.284603435754931411e+00,8.307908281525974360e-19
1.158150682482534784e-22,-9.408025448843640106e+02,4.476768398747538846e+00,-2.543611929894105053e-20
-8.653258493661711929e-22,-1.541058101210830102e+02,3.362468412032243226e+00,1.301120883293613844e-19
-2.177690378791062293e-21,4.307593710622809340e+02,3.393554273181718095e+00,-9.084415066557528062e-19
1.317190011215452331e-22,3.863583505799904287e+02,3.407063005437210190e+00,4.910799305352672832e-20
7.046689555406724274e-22,-8.447378973931364499e+02,5.568258048774656466e+00,4.495056217508064856e-19
-1.576226398157902460e-21,4.079619980115175792e+01,3.006745480462900133e+00,-6.372028777147317808e-20
-5.841550337306553958e-22,4.191876452508154216e+02,1.597543230120090474e+00,-6.548748653724617223e-21
4.752526172223427156e-21,-3.396513794947240683e+01,1.048749549912851631e+00,8.049304629940673067e-20
7.017400842919644265e-21,1.072881116854867116e+02,1.317781956481336447e+00,-1.884644729401115538e-19
-5.121540684920235541e-21,-6.880504320983299067e+02,1.667421641326204407e+00,3.399662574270823602e-19
-4.464602314509287609e-21,-4.889443349611841683e+01,5.839609058820944831e+00,-1.971682591283470040e-19
6.438849683624571442e-22,-8.297652967439222493e+01,1.584785034613247490e-01,5.275781775154308530e-20
-7.766325957312662702e-22,1.256045068283412292e+01,4.733677789577718009e+00,2.076535696265017760e-22
1.250314911067737465e-21,-1.204693724970836222e+01,1.695705713398406811e+00,-1.876554622665427680e-21
-2.001898893520365346e-22,7.206857586434231280e+02,5.901027603530296872e+00,1.338663842083697479e-19
9.228043649416831658e-21,-2.200710822692031599e+01,6.107022672787785211e+00,1.999395378529120274e-19
1.673637222348295498e-22,-5.571936203029691370e+01,1.466410811867826514e-01,9.225314507463276991e-21
9.348432232148979945e-21,9.679899948564462875e+01,1.791644855820959226e+00,1.982293792086477668e-19
-3.930136142510643469e-22,-2.899157463535460977e+01,2.067247076895073921e+00,5.427090467628847637e-21
-4.442534666491298225e-21,1.696107844950575938e+01,1.252715707287009872e-01,7.475971785834472648e-20
-1.326345100967960299e-22,-2.844793814745365879e+01,4.096593954662653303e+00,2.179416846411758822e-21
-1.618879295271610229e-21,4.964521720893872470e+01,1.680685322170727414e+00,-8.813972158070704304e-21
-1.217411114546936654e-21,3.465104717402018508e+01,2.295249670876802650e+00,-2.795681856567027943e-20
-1.361580888682547871e-21,1.121809016175165254e+02,5.135031540465813116e+00,6.265104187902201591e-20
7.532114280938007136e-21,1.536312442506101661e+01,2.545511693928708130e+00,9.576053424075724246e-20
7.317791212444592339e-22,-8.558332216546772315e+02,1.148453982849817256e+00,2.567113444893295487e-19
4.290094103339633651e-21,-6.730645996531542323e+02,5.547096000476794408e+00,2.139933542622646869e-18
-8.636738029294997831e-21,7.747554393416577341e+02,4.740516509505374176e-01,5.953477014698005159e-18
5.612757634539513623e-21,3.711810998360041225e+01,5.066379693997943967e+00,-7.221802773201210205e-20
-5.930970413842829259e-21,2.856685722419384206e+02,2.330376521750250784e+00,-1.166718331240707694e-18
3.511743131432184871e-22,-6.542928309123635700e+02,3.662929596098624119e-01,2.145281736061839890e-19
1.265457287494164038e-21,-3.437022187038155607e+01,3.337171891052499006e+00,-4.266484538107306237e-20
6.139426773719154534e-21,-5.019340102324326125e+01,5.217306522596625307e+00,1.490672379848330645e-19
1.421131808835195038e-21,-2.685012291432211669e+02,3.127556263006707749e+00,-3.815380489981612893e-19
-7.064717769084816323e-22,-1.215318090546128502e+02,2.099447249713144170e-01,-8.397354313711738601e-20
2.160106396383362888e-21,-6.769300406725506036e+01,3.093866182772664342e+00,-1.460575868968358959e-19
5.230386313552962380e-22,-4.159397904105030364e+01,7.011568035150832490e-01,1.662311514241347367e-20
1.101440089744333376e-22,-5.836953684099050577e+01,6.150921144980043387e+00,6.372902394245512226e-21
-8.561085030741845360e-21,5.125199249865809179e+02,5.807629787251506137e+00,3.900858030635012924e-18
-2.257396827456913363e-21,-4.346334925937126741e+02,5.108398364233969424e+00,-3.784647037391031948e-19
-4.637464591377650891e-22,1.543047052996794655e+01,4.661757018414538933e+00,-3.621587291187541363e-22
-8.970277245352309184e-21,-2.743719558635231337e+01,4.080318760995064409e+00,1.454112625443023474e-19
1.300877916150774533e-22,3.468072950408390653e+01,5.431531365384807408e+00,-2.971930048447716775e-21
1.464490689583914656e-21,2.983086475738074128e+01,2.022613012798401666e+00,1.907378272925311446e-20
-7.719604036011030794e-21,-6.573800758352678031e+02,2.761396580162680081e+00,4.712338159574325971e-18
1.311004601419924901e-21,5.794695091401629838e+01,5.682323616502674035e+00,-6.266270400897894494e-20
-1.960435192543320408e-22,-7.195311177282958681e+01,5.149527186059754236e+00,-5.971729229093243661e-21
7.874124412606803029e-22,-2.311194878230944596e+02,4.816288363662081795e-01,1.612838800224691766e-19
-1.665736672818385388e-22,1.989231260326897655e+01,1.141694064029586952e+00,1.378611744243198669e-21
3.031087809169353273e-21,2.671292247873647057e+02,1.036411857213191290e+00,-4.123854530273138162e-19
1.513212012326956274e-21,8.540027176421945398e+01,6.255011973498342925e+00,-1.291774336921558606e-19
-7.171314812192938484e-22,1.796645119675762885e+02,5.438179569240992883e+00,8.551662815655447970e-20
3.756605765441345904e-22,3.316023912294559040e+01,4.962614948904128909e+00,-3.084637073243115752e-21
1.638647965354530057e-21,-1.518119332116202536e+01,1.606714828610307455e+00,-8.933392178856629242e-22
5.645836861914688331e-21,8.749355635274928318e+02,5.600259093382968345e+00,-3.831904274415073462e-18
2.533621470605494896e-22,1.225178927259277195e+01,5.905611302307447463e-01,-2.578386406242552906e-21
-1.587234912665349689e-21,-1.290261681990418197e+02,2.198317531380379997e+00,1.202432447599075556e-19
-6.240725007416499592e-21,2.154344292523923912e+02,4.093549958276335055e+00,-7.799117104542041902e-19
8.945425243893897402e-22,1.579767049397892364e+01,4.944244302907968347e+00,-3.247230086456735409e-21
-7.469999831403000628e-21,-6.052586160205046326e+02,3.774796745364612072e+00,3.644766590913773622e-18
1.583871304808407622e-21,2.529951985459558159e+02,5.032443541756164151e+00,-1.260712971208131302e-19
9.705977125670669080e-21,4.187995409447400448e+02,3.864936191147810174e+00,3.047005340014229471e-18
-2.950260321214653130e-21,-7.305348445113514799e+02,7.975210276266979648e-01,-1.505417759694811924e-18
-2.108515803981096920e-21,-1.629994859196173351e+01,1.322145164861234123e+00,-8.458027879932605289e-21
-4.922054141222302181e-21,9.097888713371943936e+01,1.271628260908930219e+00,1.319788882281972069e-19
-4.968189025563000442e-22,-3.115436187665578132e+02,2.664766858971794772e+00,1.375159300007126405e-19
5.426755087503150687e-22,-1.791068835029223294e+01,1.751095792943856200e+00,-1.742975911107709209e-21
-1.266111681665177599e-22,-2.559978725527107812e+01,4.410912456969515283e+00,9.624166417860522126e-22
-1.806167414494027811e-22,-1.320110193363601070e+02,4.698379569650732002e+00,3.340210596878556044e-22
-3.998513796664372129e-21,4.142035785144734632e+02,6.755466884268100936e-01,1.292439865110332344e-18
3.560106953867056902e-22,1.252623889624188713e+01,1.204164356609540798e+00,-1.598602640147228778e-21
-2.690691543805139312e-21,-1.146689231688677921e+02,1.368949462630538516e+00,-6.185554300386012745e-20
-2.579816781585542335e-21,4.724873409760041199e+01,4.693813497245138855e+00,-2.264092590229486017e-21
-2.154840129607459594e-22,7.392477035555194789e+02,8.612827590317035931e-01,1.037757773576736692e-19
4.050716990008230257e-21,-2.924325114430241612e+01,6.986569004983468334e-01,9.070266105823790870e-20
-4.847119553335117596e-21,9.576357334255617388e+02,2.414686814291523653e+00,-3.468493102186904287e-18
1.197195957775386863e-21,1.052000177371803247e+01,6.615637191054628274e-02,-1.256695268493687373e-20
-4.576824432595938220e-22,-5.193102276715335393e+02,1.833771195431362772e-02,-2.376392125427366567e-19
1.847340636782774810e-21,-2.729884267027717826e+01,2.073761552015156884e+00,-2.430867988740894921e-20
-1.733537641649468336e-21,-7.456452385875230959e+01,4.325269680116881066e-01,-1.173567440455086690e-19
-1.046822581009920510e-22,-5.148339912889829151e+01,1.050860349459128207e+00,-2.677585616430613206e-21
5.915766887288072555e-22,-2.153891160612672024e+02,4.530859044581440620e-01,1.145626555183287493e-19
-6.416224711581432935e-21,6.329284322742071254e+02,5.087130693250414559e+00,1.486460721656712090e-18
1.610831053354022526e-21,5.331411476543011929e+01,2.768483032159238633e+00,7.997134399373180123e-20
1.220112564186624757e-21,-2.069904285931255004e+02,3.390990629522211197e+00,-2.447379757385162431e-19
-1.618314770333074979e-22,-1.131847320474903569e+02,5.732899569063105716e+00,-1.561282951816601658e-20
1.923125061455548716e-22,-2.318569053787748544e+02,1.522019677486757372e+00,2.174038860112159608e-21
3.373987141868280138e-22,9.460553678059878848e+02,8.493369380958563086e-01,-2.108241715015050442e-19
-4.458321967926309226e-21,3.990770646134061508e+02,4.570137566181817212e-01,1.596620845806819441e-18
-4.855394308861677968e-21,-2.714299577872576492e+02,1.568069535067921239e+00,-3.593632924689273096e-21
-5.386742618486908046e-22,-7.098092720373325619e+02,4.299762275870908645e+00,1.533312332906535580e-19
-1.439886252876506656e-21,9.263963531068745283e+01,1.418588052438572777e+00,2.022483923153678588e-20
1.689742693758896598e-21,-1.772984905635628650e+01,4.690779256652722218e+00,-6.473527966525360004e-22
-2.544808620324913632e-22,-5.485340472971718384e+01,3.345680890247197947e+00,1.366943624290878896e-20
-1.719930966075272801e-21,-4.351169107162572658e+01,4.505553972635890858e+00,1.536880234957735982e-20
-2.477486026433049127e-21,-2.495452720637757338e+01,3.554145953266614200e+00,5.663742157339966407e-20
-3.247989429021435233e-22,4.130049675710846202e+01,6.187101116257833766e+00,1.335248348578293506e-20
2.165500616269584507e-21,-8.616005517655155472e+02,7.803231674503805504e-01,1.325995887461513042e-18
-5.097561221741653345e-21,4.054726725978234754e+02,2.194830519964800164e+00,-1.207730845753123381e-18
2.872076728964064504e-21,-1.043606104807940405e+01,2.277994122117997122e+00,-1.947375101781368946e-20
2.126331931239801296e-22,3.738461039444018184e+02,4.036821116448664482e-01,-7.310258584311713960e-20
1.730720076982821119e-22,-6.070923838648018744e+01,1.892654650874373345e+00,-3.323701417961623281e-21
1.194857991584866896e-21,-3.167231295962357507e+01,5.183135560062259728e+00,1.716417580020569005e-20
-3.705526224112225871e-21,-4.593416297994568254e+01,4.769707428637742552e+00,-9.750845856388829904e-21
3.326561235751242328e-22,-1.189804111411424543e+02,5.746787629020470689e+00,3.402081845699141748e-20
1.808680045731428874e-22,-5.435191724338375252e+02,1.900515836136675629e+00,-3.182903670296885966e-20
2.103827878653798669e-21,-1.125327335896176173e+01,5.556965797278236252e+00,1.770152744349459638e-20
1.675600275994536021e-21,1.850535930504663042e+02,2.481885650931725085e+00,2.450132059396242957e-19
-1.094649303970672850e-22,-7.019426078375715861e+02,3.157065309130587138e+00,7.682890125482723670e-20
1.887464272905437741e-21,-1.543588147778432358e+02,3.931697718832407595e+00,-2.050412985400457430e-19
-9.818028470189708586e-22,1.258826881885717341e+02,4.864351381050012080e+00,1.870913276837389565e-20
1.837594686688969515e-22,4.710249423022683146e+01,4.088442794767831678e+00,5.056926730909668315e-21
-2.009346679410370752e-21,8.634428377393371647e+02,1.168671014456684060e-01,1.723121532992721464e-18
6.430895285474258096e-22,1.674608104486988580e+01,8.300511022368738390e-01,-7.267485735997967068e-21
-2.186696908713842494e-21,2.086655821618458049e+02,5.467888544589360578e+00,3.128552259128750649e-19
-1.891974563826671160e-21,6.030526598152100632e+02,5.931369680520571563e+00,1.071074866851171391e-18
1.912938811051815335e-22,2.329379962058638753e+01,4.784835178754912044e-01,-3.955530954429659727e-21
-6.378183866947890300e-22,1.266415362083360776e+02,2.184436876625679869e+00,-4.651368913251501831e-20
2.875937498794608225e-21,1.336146296213845019e+01,3.414305659609798038e+00,3.700662276764442235e-20
8.214254500591088783e-21,3.175775554465841424e+02,4.945639064797380691e+00,-6.029684523060071564e-19
-6.808968944007228946e-21,4.190645139381972228e+01,5.978881792634802572e+00,2.722300409175383097e-19
-1.112979666091809343e-22,9.637510889947147916e+02,1.587454703797285704e+00,-1.786753789509063560e-21
-3.904677493555559881e-22,-1.849797906637726896e+01,3.585089093889360257e+00,6.524101714956729457e-21
-2.004823997756783118e-21,-3.994533121327857543e+02,2.091190320554442650e+00,3.981920890718640551e-19
-2.651669167737535336e-21,2.645666305927728104e+02,3.254479230752321595e+00,-6.970779066621470656e-19
-3.307317246484281048e-22,-1.583347948008408679e+01,2.464443332062033587e+00,4.081233757052215744e-21
1.305583058047145542e-21,-3.416326061186760512e+02,4.775745544480424876e+00,2.824001030379233900e-20
-1.157505165826537397e-21,-2.567400965352416975e+01,5.440353694632784176e+00,-1.977278533736071586e-20
-4.538627238412014817e-22,-2.686933544356339780e+02,2.962758329133170943e+00,1.200050059626013504e-19
5.892515649357779991e-21,4.550241664191224800e+01,5.862176703738923855e+00,-2.447103916996004356e-19
-7.639499081099494831e-21,-2.489721114314185968e+02,1.503762726810216055e+00,-1.274039313760511943e-19
-4.953733305049990576e-22,-3.525725012265874625e+02,1.028419366153298764e+00,-9.015225102839611138e-20
-3.937792012820750548e-21,4.793175732374970721e+02,1.577036641103468417e+00,-1.177822296638080801e-20
2.928842019675889319e-21,-4.887792295635383510e+01,3.238702139248801348e+00,-1.424812476252804886e-19
-1.089746531982490163e-22,2.942198971166814658e+02,1.949959533236240938e+00,-1.186772176716510459e-20
7.258640637913895086e-22,-7.836103167833927330e+01,1.789200954510437702e+00,-1.232420993122223400e-20
-2.400105887484429481e-21,1.362329170274244916e+01,3.580508817217043838e+00,-2.959805242741974212e-20
2.387391738288233957e-22,1.979699270646544207e+01,4.616135709550512445e+00,4.542214069046166778e-22
2.001958742271674671e-22,-2.399711989863243744e+01,2.497839991317029718e+00,-3.842574299515224579e-21
-4.773759250365882183e-21,-1.562192418682558070e+02,4.135350643468667542e+00,4.068412637970915398e-19
-4.520880006352681824e-21,4.300620909039315620e+02,5.098908651849421325e+00,7.329217792802918132e-19
-2.507466515821586711e-22,5.547013392881044780e+01,3.913557544993495174e+00,-9.966339510984408603e-21
-5.095910097796796160e-21,-8.425917514827518744e+02,5.513351397605364745e+00,-3.083041008029593767e-18
1.336596494098896063e-21,4.210989559075930089e+01,5.039455738608825008e+00,-1.808215345262437595e-20
6.672097480727389083e-22,-3.971221982221961611e+01,1.468908106041157069e+00,2.695000485528737560e-21
-9.550215680323619819e-21,-8.923037668968751746e+01,1.820781288116674057e+00,2.108176521987643922e-19
-1.060756490557713318e-22,8.352630063573414532e+01,5.712647315857523056e-01,7.453279451555469725e-21
1.335062466711440531e-22,-5.631296472928854513e+01,1.258275585038272748e+00,2.311511892963346085e-21
-3.179410269042004651e-21,-3.828507545693030067e+01,3.558452903715895399e+00,1.113000944663860087e-19
-1.065938518545344717e-22,-6.861493483761156540e+02,5.558154630684795983e+00,-5.474323738867669277e-20
3.061670717000229939e-21,-8.167624309683111505e+01,4.519256062107961824e+00,-4.799624748115104776e-20
-5.793604215623495870e-21,-8.751111580255238778e+02,4.174742036883256624e+00,2.596454234221664092e-18
9.541935064194704769e-21,-4.320615025035771595e+01,3.058183476725387706e+00,-4.108370104175846442e-19
7.276887519874248120e-21,-4.247205695197409625e+01,7.392855541507584727e-01,2.283831592155934041e-19
5.973350415613660352e-22,2.945332512375376268e+02,1.295171483554889758e+00,-4.788041082327505564e-20
3.139815092378837008e-21,8.869946092103171509e+01,2.170304094332870193e+00,1.571397142352199346e-19
7.823409460483577713e-21,-5.506442411360532674e+01,6.082742224928572305e+00,4.221664243195013663e-19
-3.897752589912282974e-21,6.860200957431849247e+02,3.723017036733754281e+00,-2.234558565654071149e-18
6.333222371569080957e-22,7.294864862761671986e+01,4.231303534177742520e+00,2.137866663610197678e-20
-9.053899755410136671e-21,-8.520553293679763556e+02,1.241260076286826886e+00,-2.496420373695938517e-18
2.191738597352760830e-21,2.962094919947750213e+02,5.589217315425350385e+00,-4.990598330767289140e-19
1.189087916872420480e-22,-2.804298263828424069e+02,6.191261597082128532e+00,3.320478647078603249e-20
-1.240680077037477976e-22,-2.005671049012790164e+01,1.021615368764889675e+00,-1.298914901034611881e-21
1.452887569598846254e-22,6.023106176566506775e+01,1.997800383614104724e+00,3.624146215397181813e-21
-1.548272180844394072e-21,-2.329125525226763216e+02,5.192848089016628421e-01,-3.130741008490558979e-19
1.099422397225590828e-21,5.690096969692807534e+02,3.663805685960985326e+00,5.422028362538898855e-19
-1.112779811701133305e-21,6.245047787979883651e+02,5.603778037674058687e+00,5.406224272082907339e-19
3.062435234728576774e-21,-2.699332321993590611e+01,2.628870330089772889e+00,-7.203556271412527947e-20
2.882033045920614256e-21,3.659968030537935988e+02,3.247655718451318840e+00,1.048887437492621694e-18
2.077001038130254635e-21,7.680362743633814659e+01,5.432107488436678899e+00,-1.051520801072585409e-19
-2.209909893677233037e-22,7.281726101672362006e+01,4.923532136641227019e+00,3.372517361042907159e-21
1.576441504088636269e-22,-2.435151285356812423e+02,7.483029996533956396e-01,2.813297585811629908e-20
1.779616679897493334e-22,2.936586391439166022e+01,4.517537442061990705e-01,-4.701741146398895807e-21
6.360444961747177760e-21,4.442544584115549924e+02,3.277701640967761065e+00,2.799522847230666147e-18
-5.420661281554617286e-22,-2.544011804197853621e+01,3.282013538209597847e+00,1.365449152978657575e-20
-6.282986888338763029e-21,-4.170150942679582045e+02,1.425189316948365092e-01,-2.593536103437005996e-18
3.625461813751330411e-22,8.137965497333582334e+02,2.368248366040180741e+00,2.111234689591055612e-19
1.448864075768601563e-21,-1.914280828079517960e+02,4.074563176481448501e+00,-1.651500386367819354e-19
4.369458031054827081e-22,-1.709568418676842612e+02,4.428310798470938003e+00,-2.093605514929155701e-20
7.903346208022381527e-22,-1.086034982689404558e+02,9.422847408217593923e-01,5.046483795706553387e-20
-1.384135304330987612e-21,-5.540737424907820952e+01,6.649374765438690327e-01,-6.035263214504432180e-20
-3.326321491224298179e-21,-3.834685599656091881e+01,2.632349775292674554e+00,1.113691410721806483e-19
-4.749282508306898114e-22,5.574354263514551349e+02,2.543305986336339419e+00,-2.187566585249218035e-19
-3.403245056072015649e-21,1.858059418843746258e+01,5.048242954945430405e+00,2.084048439118857484e-20
3.974994259458708990e-22,7.439310499428731873e+02,7.338828501131842152e-01,-2.195897731306418155e-19
7.865112602203213660e-21,-1.527068759379654921e+02,1.754415370748633629e+00,-2.192997155080260346e-19
-2.257387635801319106e-21,-4.736183128405334628e+02,4.752596023624059640e+00,-4.297538194437395111e-20
-3.011842741609941002e-22,-1.703920415221218434e+02,1.798357524786633022e+00,1.157777380596029469e-20
-8.957048488952040516e-21,4.189171690190974573e+02,1.518918621539941949e+00,1.945714084326139438e-19
8.631237049135466815e-21,-9.374388106652197621e+02,4.656465866587408686e-01,7.229792111945669388e-18
-9.195943968516763080e-22,-5.103255297494199283e+01,6.117277249219591262e+00,-4.628485476657287738e-20
-6.307651908021409560e-22,-1.019288472998477957e+01,7.335558201662486510e-01,-4.775686472145134051e-21
-6.974742261662396630e-22,-4.834579262105139037e+02,3.639254909698458107e+00,2.962974664848045421e-19
1.307270040098153831e-22,-1.020344595745949157e+01,4.109564082419842279e+00,-7.562642369181255066e-22
3.635667892760215724e-22,-1.096068833634183051e+02,1.230391301356418055e+00,1.330448308674496736e-20
-2.718376515628321535e-22,1.466619414941792776e+01,2.042399358662545961e+00,-1.811273505436670159e-21
3.898823680174364224e-22,-5.730678101775943389e+01,1.885887152044396498e+00,-6.924128937548181334e-21
-4.538272636365939443e-21,4.842554577395999615e+01,1.586368010303779608e+00,-3.422024571126278902e-21
8.225340271412961108e-22,7.203785841353867170e+01,5.486028175795529371e+00,-4.140304533119661577e-20
1.026032640843494042e-21,-1.167865943274228435e+01,4.771200150108646731e+00,7.043095976536255109e-22
4.054318045737316428e-21,1.008631793175096760e+02,3.460544109838197269e+00,3.883068433106493180e-19
6.222864040315464459e-22,-6.923177796931807961e+02,3.337705891194884700e+00,-4.225617064053593495e-19
-6.767687314622369057e-21,-4.699195727823510538e+02,2.416850301395433220e+00,2.380972594352928284e-18
-8.870342820646513033e-21,-1.466742900613312983e+01,1.479280343464265624e+00,-1.189008516528932677e-20
2.142038151357088766e-22,5.702645300732278599e+01,5.408153069950031089e+00,-7.829656283328730602e-21
1.046717856513431347e-21,-1.958275341099637146e+01,3.060000933471033413e+00,-2.042942705721644271e-20
-3.812065846701772658e-22,-4.486055691287683800e+01,4.929374446238938390e+00,-3.681648951825246728e-21
1.641876740543389537e-22,-4.734906316421722750e+02,2.545205760405195416e+00,-6.432086666320062481e-20
-2.341147499944459992e-21,8.575968215361969271e+01,2.853956251903855268e-01,1.926547428066051546e-19
-1.553338155530571507e-21,1.092550811236663009e+02,6.066269325296302917e-01,1.394296781062453808e-19
-5.528719094621264071e-22,-4.288387099556965154e+02,4.117071723214351664e+00,1.329549190218870448e-19
1.905707015208259806e-22,2.085587211675861852e+01,5.204349391181126272e+00,-1.877382412440681213e-21
-2.485923812373364372e-22,2.076705747117829048e+02,5.697031670202548526e+00,4.300773954992617694e-20
7.467775932606718936e-21,1.348595031187582904e+01,5.575899536590316785e+00,-7.655256370912448442e-20
-6.890126074245329657e-21,-2.723086039775855483e+01,3.805467405066671471e-01,-1.742017547835659040e-19
-7.246800521510983707e-21,-2.259453675252505604e+02,2.719755586033914430e+00,1.493845431560572993e-18
6.876978394920826581e-21,2.602529041103144891e+02,4.351487016315504164e+00,6.319946321975451485e-19
5.572161183700980689e-21,-4.614988044627766612e+02,5.321343168622636455e+00,1.470949739883622702e-18
1.000001277044783098e-22,1.054772699411532422e+01,5.155186062198978014e+00,-4.519374112964305851e-22
6.401539198380616429e-22,-6.944987862612522633e+01,2.598344251388924331e+00,-3.805808520611713781e-20
-3.323300182612702523e-22,7.649687809378312409e+01,5.021502109568103833e+00,7.733789815865227557e-21
-1.178460412359441037e-22,2.954570193922292276e+01,5.696250465119835127e+00,2.899129933408983684e-21
-6.617691690567864357e-21,6.877192394690162018e+02,3.816158160204317529e+00,-3.554321608956963570e-18
-2.110675567962796513e-21,1.053529260686993219e+01,4.127878687032846550e-01,2.036884478309239523e-20
7.085251129673264160e-21,-1.865225216302767706e+02,1.385987488741970308e+00,2.428478544436040232e-19
6.350075315667625621e-21,-1.830373576971692273e+02,3.276273883839845968e+00,-1.151775423110022744e-18
-1.128856872245926392e-22,1.438136416604900170e+01,3.841994290232848996e+00,-1.241263030452282902e-21
5.140790198519322619e-21,3.097473901961739529e+01,2.190978079480748963e+00,9.254447475786923131e-20
-8.166783534972350603e-21,-3.559161626655126298e+01,3.513721266448479152e+00,2.707743280512932892e-19
8.826481475255596455e-21,4.368718102070358356e+01,4.221282335489013882e+00,1.818516730938193453e-19
3.149756348961141723e-22,-1.583468364635971000e+02,4.431811589709965804e-01,4.505703846270079748e-20
-4.542457969372691318e-22,-1.059029543969753462e+01,5.167891007692224647e+00,-2.116245252535659626e-21
-9.437377451114586734e-22,-6.906422586649591722e+02,3.686556152268565700e+00,5.573716180963397373e-19
-2.056919916167841777e-21,7.762501964467470827e+01,1.865837330324980003e+00,-4.642824501861677803e-20
-3.772563020494535555e-21,7.727646332712801041e+02,8.149441477914033394e-01,1.999632866046073650e-18
2.642026897676170409e-21,-5.232510445101719370e+02,7.823978726079382218e-02,1.378214203101483564e-18
-1.376905600881978209e-22,-2.098715599517846186e+01,1.914088936673185914e+00,9.726535915645477788e-22
7.827844782860961621e-21,5.840447650637042898e+02,2.485867732853609180e+00,3.623646020866895125e-18
-1.065126608322629572e-21,-4.327123978388620174e+01,4.848728271987207350e+00,-6.264339660450405551e-21
-2.490089782571267621e-21,-6.911052344895532542e+02,1.085583244380517787e+00,-8.026289204423058967e-19
-9.733743385974828805e-22,2.801669654021760891e+01,4.350915274023806845e+00,-9.644379083799677100e-21
8.983393545523902251e-21,-2.161413601173536563e+02,2.506350606274119208e+00,-1.562915118989713938e-18
-1.596992336276510349e-21,2.567410076450381951e+01,2.915786886065707684e+00,-3.996048285956483388e-20
-2.752784939601146853e-22,-9.519515330533580482e+02,1.717114862527097996e+00,3.820636468931086718e-20
-2.554414773956428594e-21,4.995401989251265036e+02,9.763737018050370198e-01,7.146173343157741898e-19
-7.174279957024254733e-22,3.666518724463205103e+01,7.750014757333918425e-01,1.879255508681685057e-20
-2.573612080183700560e-21,-5.141307593358174444e+01,6.060462209476365381e+00,-1.290490189277866004e-19
-2.371636921997126637e-22,2.702306677831872435e+02,3.464485039534962674e+00,-6.077689101117963554e-20
2.399951457554862047e-22,1.274964279034128651e+02,6.001420260819620545e+00,-2.939190653696560613e-20
1.049167138454027452e-21,-8.791351327355917533e+01,5.507494148731706396e+00,6.585069405525819744e-20
-2.428972843284617464e-22,-4.975304075135869653e+01,5.632343065044961072e+00,-9.614412732664974332e-21
6.089399031988031552e-21,8.878525373398271370e+01,1.196804992010353175e+00,-1.975172795014203956e-19
6.661393899595125472e-22,1.464842673165986575e+01,4.240754420874285557e+00,4.433430866145975011e-21
-3.083657809483460201e-22,3.056648306382344771e+01,1.826433561385218063e+00,-2.383390453861114324e-21
5.384728757293008396e-22,5.735542136767644195e+01,5.166913847570984153e+00,-1.355932017776643831e-20
-1.401436911236101739e-22,3.082891764674703836e+02,5.580228812605257716e+00,3.296240756777869931e-20
-3.799296984886328316e-21,-6.332204046708790202e+01,4.335933742770393451e+00,8.844324299474517065e-20
1.681969319664940143e-22,-5.160854607940121923e+02,4.549985190116196065e+00,-1.403540949411488456e-20
-9.823761043996492133e-21,2.997210521978262818e+02,4.442563069134148002e+00,-7.848668142809443818e-19
-4.010271024783917614e-22,-6.077496376002662259e+01,6.108662242983224466e+00,-2.400217771647242934e-20
2.537130361606886509e-22,-1.622978358062404780e+01,4.311286793151391628e+00,-1.607690140877440660e-21
1.166651086139859217e-22,3.039313730333552712e+02,7.955038270664464839e-02,-3.534605142775733007e-20
-6.069807842210730356e-21,-1.059866342233855185e+01,3.422677675787159313e+00,6.180714821864852185e-20
-2.986363089239360482e-22,2.538932995435254014e+01,5.436962652082542036e-01,6.488844563047911059e-21
4.013594700536711772e-21,-8.515818826447210199e+01,1.335418040327453204e-01,3.387473343663430263e-19
4.078628609719667892e-21,6.939663152138504074e+02,4.628576237196118548e+00,2.369485373893076484e-19
4.146727416782466149e-21,3.265676807248462410e+01,4.811219694862659546e-01,-1.200454767924516003e-19
-3.788744990128788661e-22,7.501693878928977028e+02,2.872000851529652898e+00,-2.739539361658430366e-19
-3.441396101983631916e-21,-2.775978824118783450e+02,3.656243177779690434e+00,8.315761482594810454e-19
-4.723522407835131614e-21,-4.736199942557176428e+02,5.893683735847494276e+00,-2.069588285947320735e-18
5.967227289125856346e-22,3.281418475810360178e+02,5.327136671155187742e+00,-1.129337184888762291e-19
8.281847769006046423e-21,-7.765795710544347230e+01,3.772206747723289677e+00,-5.194512221481327397e-19
8.948867176679415038e-22,-8.394431267642871717e+02,5.229697590516382277e+00,3.715036939258567254e-19
2.554533674201921598e-21,9.849526536504940850e+02,2.516892312813338695e+00,2.040901078862857212e-18
2.625595886146892722e-22,-3.771972243143959957e+01,3.947492437243903307e+00,-6.857922056393187929e-21
5.569209609795415855e-21,7.629883956868227415e+02,1.907541575272841072e+00,1.404021465635786368e-18
-4.416701772381999766e-22,-2.572212995516512706e+02,5.029097169204258755e+00,-3.538177487483067590e-20
-1.568847560680396592e-21,5.943853826414239450e+01,2.782669851216962531e+00,-8.730771904762199166e-20
-1.444680649205590180e-21,1.014775369921278703e+01,1.555018277507228763e+00,2.313007613184462937e-22
-2.304318129138316861e-22,7.265682659924658537e+02,4.539032998231206761e+00,-2.887887387134396421e-20
-6.705795899098614086e-22,1.643733810112244953e+02,5.153436945168013983e-01,9.590972860180121895e-20
-1.288006426213565180e-22,-1.879839678526780133e+01,4.487885985498254016e+00,5.390221885076792664e-22
-1.951376479926465608e-22,3.275466759358006641e+01,4.453463812464508287e+00,-1.636533722656939079e-21
1.376485976599485146e-22,-1.342209475620209389e+02,9.065171075852320737e-01,1.138988608666033973e-20
-4.723084456372485249e-22,-3.692236898032346630e+02,5.677756774790993610e+00,-1.433915402832852373e-19
-6.502502441352639146e-21,5.411936140468688450e+01,1.007965214901688000e+00,1.877737848226231255e-19
-1.262028916667999389e-22,9.899468272484912745e+01,1.010500850498500025e+00,6.639457088828022873e-21
2.476215377458330048e-21,1.600907049716727926e+01,1.262490457752390549e+00,-1.202913126153155835e-20
1.186723866162130853e-22,-1.062094812994871944e+02,5.793777235739876019e+00,1.112454964290609784e-20
-6.401060140394462609e-22,-2.558381797880543047e+02,2.088994645987081733e-01,-1.602032951670019820e-19
1.177052686031382196e-21,-9.290595174188329963e+01,1.543138006002575002e+00,3.024195592545618840e-21
7.993357617285458036e-21,-1.447777937863806486e+01,4.735085941752746663e+00,2.626404583261360557e-21
1.633424695098165067e-21,1.604969869785443137e+01,3.840795371589849072e+00,2.006454180784475477e-20
-5.418614514692702104e-21,1.124774462334843292e+02,7.208998058797700947e-01,4.578426870326068867e-19
-5.153330921699603356e-21,2.486111501069455585e+02,5.868052981333991003e-01,1.066852597350537456e-18
1.469144288192591316e-22,-2.105218725102728285e+02,3.398676617697091729e+00,-2.991224512757648623e-20
8.729795723596615018e-21,-5.443207400428011624e+02,3.880230584238360425e+00,-3.513422379289727552e-18
-3.713462410057223788e-21,-1.405328221990402859e+01,3.854831248684934319e+00,3.946575306319494120e-20
2.390296847548029139e-22,-1.556200757069031226e+02,6.217047403642316006e+00,3.711649152767871749e-20
-1.230573601522445363e-21,-2.435665203509513788e+01,1.075158911050364541e+00,-1.425476779974728601e-20
1.485340558295263142e-22,3.696875490242280762e+02,2.007245294350224363e+00,2.321227743416612512e-20
-2.006960216630544687e-21,-3.752644931467441580e+01,2.730023564320263940e+00,6.902493048576913582e-20
-1.756065122064692981e-21,2.133831800482050767e+01,3.730578845834176427e+00,-3.115769324756107022e-20
-1.335281959778231364e-22,-1.056019005147670384e+02,4.509538642273595022e-01,-1.269119647269956607e-20
-1.279420333309467668e-21,3.375172612184059631e+02,5.508268373955556463e+00,3.085309947408556084e-19
2.219498620130861601e-21,9.631728413521653920e+02,2.203425808914385886e+00,1.263988292555147304e-18
-2.843552320939723097e-21,-1.114198205888712323e+02,6.019878777258917957e+00,-3.059084991747826763e-19
-1.084823879775344347e-21,4.941386061325603407e+01,4.812213831245665263e-01,4.751739148736885066e-20
9.534996623206326468e-21,-1.015956690296852116e+01,2.313441094287847777e-01,9.429069278877193868e-20
5.680044180208485726e-21,8.119027838498275287e+02,1.865481095413421775e+00,1.339397589841855333e-18
2.784873007296291256e-22,-3.913996158470605735e+01,2.560719906124012457e+00,-9.112211252819485457e-21
3.202169812419288225e-21,-2.317052252104048193e+01,2.095373616176275267e+00,-3.716083107331877842e-20
-3.314176010245812378e-22,-4.229748901583319594e+02,2.974149537325351922e+00,1.382207648297696226e-19
4.291256247595973824e-21,5.012334867080389955e+01,5.875592067888085523e+00,-1.974712527938158805e-19
2.170571617808584267e-22,1.445912162415630178e+02,1.880105603677676207e+00,9.553483770853501281e-21
4.573557932814521058e-22,-1.545909059034749475e+02,1.546864409991132172e+00,1.691897911523078645e-21
-8.272194645473371270e-21,-2.587164519489443748e+01,4.999609033440693295e+00,-6.062780288779254847e-20
6.136697380568690602e-22,-5.720826826190560865e+01,2.029705591713846680e+00,-1.555135736256619299e-20
-3.667796831983860901e-22,3.992974405223867507e+02,3.122123229015038443e-02,1.463828153007482669e-19
4.118321509537615819e-22,2.478065015681865546e+01,5.596104577663632895e+00,-7.889857361014426816e-21
8.077584834091507153e-22,-3.048092087625346736e+01,3.873486276240972970e+00,-1.831598015972972074e-20
2.815494059569351492e-22,2.147871588177860929e+02,6.156880342874542222e+00,-5.999147512762403032e-20
2.089253662744265432e-21,-1.522386404167273355e+01,5.208546654786847085e+00,1.514149244118238891e-20
1.572215722052976171e-22,5.712426472776363795e+01,5.511743100959089148e+00,-6.438651878392816231e-21
-2.390581763912803708e-21,1.739026887746094019e+02,1.525021739737481841e-01,4.109036765120489883e-19
-1.702332019453477638e-21,-6.872211912725642833e+02,3.752828663796993425e+00,9.580596187969609819e-19
5.650486818801132913e-22,-1.030233142208533792e+02,2.295531977149043168e-01,5.668614879634717747e-20
-1.625420193734830750e-21,1.676121858913419871e+01,5.158399358989423256e+00,1.175224443630482579e-20
-1.685403456510163593e-22,1.809789851422442908e+01,3.194809202645493063e+00,-3.045907968577021648e-21
-1.409886313993352992e-22,8.063385698231561491e+02,5.567104372332295492e-01,9.651796170634286997e-20
-2.107323035023889666e-22,1.096346946791602761e+01,8.142898408881444894e-01,1.585794559309110796e-21
2.182619827717946576e-21,-1.276876195968289380e+02,5.911828030262320510e+00,2.596965738318135175e-19
5.530721257591579010e-21,6.684224044695893951e+01,4.811548647838769233e-01,-3.277120584601768906e-19
-4.041934736282879009e-22,2.478668718955245822e+02,1.397248555143872917e+00,1.729993845304351998e-20
1.050405269236134303e-21,-3.377255803035769333e+01,4.298988081004842421e+00,-1.425118065488484547e-20
-9.527338951509403344e-21,2.235522478528211110e+01,2.638620534957301977e+00,-1.866083167940616554e-19
-1.274187849094623375e-22,3.155830039875325497e+02,1.142571294257108905e+00,1.669797391369027496e-20
2.689507691641799737e-21,1.230097673181807352e+02,2.185432232718849122e+00,1.907800880872260959e-19
1.462783089295782425e-21,2.074232078373914234e+01,6.314987647641465141e-02,-3.028103660744320520e-20
-1.358741442064129600e-22,-8.177078210500826572e+02,4.420973275664678681e+00,3.192151472784479265e-20
-2.960145146802367293e-22,5.457755935912138057e+01,5.646856375857501220e+00,1.299378992334852234e-20
2.765087368185595041e-22,-1.993577955772312293e+02,1.437220984815939628e+00,7.341353434104194564e-21
-1.395180599293331429e-21,7.869052176780033392e+01,5.717214032688270997e+00,9.266812480282057701e-20
-8.750605143701504064e-21,-1.372280516259181304e+01,2.356107951368786146e+00,8.490404869413674402e-20
-2.623649684235160664e-22,9.638456827086845635e+01,3.943525264966505794e+00,-1.758318210302065544e-20
1.422482900053733891e-21,6.031565840619243346e+01,6.101404399829843950e-01,-7.031725120009453412e-20
1.905285640296267277e-21,-1.573417039251537553e+01,6.106455285973719782e+00,2.951114584080115857e-20
8.401768681703528522e-21,-4.687281293778058853e+02,4.007673953677310941e+00,-2.551196556912725654e-18
2.448402674517878141e-22,3.239237284617982482e+01,2.332967900684240536e+00,5.476277227904431158e-21
1.227280014531206795e-22,3.774168043756864108e+02,5.497413007048493228e+00,-3.274065405585318638e-20
1.288186518800392633e-22,-2.502842628179403164e+02,3.492628031958333157e+00,-3.027511708139296302e-20
-5.790916468294961502e-21,-5.288524318517546163e+01,5.041677480328708327e+00,-9.903331444502739317e-20
1.162442382747573920e-21,-1.926093395197469818e+02,4.346435049654435723e+00,-8.011944491200742124e-20
9.162431139087315389e-21,6.001868277150132371e+02,2.333551437367524795e+00,3.799463943140896916e-18
2.218271273538192120e-21,4.141338003074648100e+02,5.524447116527505308e+00,-6.666767064309564132e-19
2.157068759373244311e-22,3.665409759656417918e+02,3.850289388522456502e+00,6.002730785308550867e-20
-8.987059969825012585e-21,-5.378767438812423762e+01,3.178146361807939191e-01,-4.591850179141896563e-19
-9.474618372386586433e-21,-1.701196610053198981e+02,3.917189718462741332e+00,1.150843716448707329e-18
8.001532596425326798e-22,2.925836397390879142e+02,3.454082713181073849e+00,2.227739559184086203e-19
-3.116939396414727120e-22,2.365469736758159414e+01,1.565217910171415872e+00,4.112959644594935797e-23
9.745292128477552508e-21,7.027198097406532042e+02,6.244014474684993488e+00,-6.842956712642746531e-18
-3.129407053270191417e-21,-3.732819468580303379e+01,6.737060491321936739e-01,-9.129275159550181321e-20
2.584608305817253187e-22,-1.671114482584876626e+01,8.414528131271545863e-01,2.878214022659868165e-21
3.409037753595618603e-21,-2.753917497918849122e+01,3.274545151343534410e+00,-9.305356163173559284e-20
2.372954010151989657e-22,6.182984241152449556e+01,4.752596318347093174e+00,-5.897606054711686535e-22
1.020532669441367137e-21,-3.643910659030306078e+02,1.366914975318911200e-02,3.718382463216108613e-19
3.256589683361145140e-22,4.692178485342395788e+02,4.227511160603892315e-01,-1.393526120834819905e-19
-4.695489727870119514e-21,-7.916076515821365547e+02,1.801253523957721203e+00,8.490437267507386723e-19
-1.959898291839778376e-22,-1.571714114827603908e+02,2.304822447994044676e+00,2.063450122015558096e-20
1.319934995532448288e-22,-1.586915204489166697e+01,6.136118902545259601e+00,2.072013884925309155e-21
7.903161626434759970e-21,-1.330796793390940707e+02,2.425962597830815692e+00,-7.937348689189774870e-19
-1.552168147451777326e-21,-9.575877902581893863e+01,2.474740729886880874e+00,1.167923231990907893e-19
-3.879222956839397087e-21,-1.221203201524733259e+02,6.250296079650594194e+00,-4.734757542973800796e-19
1.221311416075549390e-21,7.213389160270476168e+02,4.866114271340397757e+00,-1.348960557160983422e-19
-2.130150821185706225e-21,-1.254157382186191327e+01,5.774522280758979775e+00,-2.333317261885528257e-20
1.087032998221206058e-21,-5.812760197021984254e+01,5.209953514285321496e+00,3.015814011943814735e-20
-2.656606057154018083e-22,6.439036725223503765e+01,5.370379892613684092e+00,1.046079589336490860e-20
6.151881389963198638e-22,1.031614820748607464e+01,4.410281901331079446e+00,1.888252050649359438e-21
7.704723010284710873e-22,-2.588257702543070948e+01,3.495706655880585156e+00,-1.870450091166805461e-20
-6.277510801955040925e-21,-4.256498311496302733e+01,4.698299979658465020e+00,3.764486618059446378e-21
-1.878380388811725292e-22,-2.520912782505901362e+01,3.688190765763273760e+00,4.045298816211739318e-21
3.236388056001141583e-21,-7.282123739531344881e+02,2.773895094718029419e+00,-2.199244840946721367e-18
-7.356675059381213961e-21,-1.140308605672048969e+01,8.850465094647247399e-01,-5.312287598629687560e-20
1.713310642788974499e-21,5.662132698545873382e+02,2.962186131255670318e+00,9.545289052904498954e-19
8.238180260916883224e-21,4.498606987557029413e+01,3.430837784854094075e+00,3.552082890426589787e-19
1.605640429818110203e-22,1.128704392818164592e+01,6.133339993275850333e+00,-1.791985176542442135e-21
-5.240573748936605854e-22,-1.216003131667131143e+01,3.324526757510740810e-02,-6.369032789037436778e-21
2.033878765795396211e-22,-5.184371891571395281e+02,3.060746537949388557e+00,-1.050994312503251033e-19
-3.897218104966173729e-22,1.049023224567089407e+01,2.869287000900679008e+00,-3.937633144771038503e-21
-4.352721231554799984e-22,3.271197822113528986e+01,4.825927546862415873e+00,1.613160522668512335e-21
8.697703291710734417e-22,-2.532419875767538429e+02,2.247675548777619436e+00,-1.379642705102220046e-19
6.247771550901646628e-22,-6.450962633343935693e+01,6.131026185474277135e+00,3.983847154323303229e-20
-1.378726983800825959e-22,8.625251516184493994e+02,4.479608101869328451e-01,1.071852273352355731e-19
1.128525830035464007e-22,-4.696925745707746387e+02,6.167595477893425659e+00,5.265230740400630832e-20
2.296058531923707500e-21,-1.965576985481250816e+01,5.596563869413419212e+00,3.490380674426229494e-20
4.808997406645831743e-21,9.201939122658692440e+02,3.420586361324130298e+00,4.254100741843952056e-18
2.969040878751849913e-22,-2.890625906752449055e+02,1.385024151309689922e+00,1.585213796649395222e-20
-5.603431717557660604e-21,1.603656003567483879e+01,4.237836364281015733e+00,-4.106057199252840691e-20
-5.764158253430073291e-22,-1.123023241720110974e+02,1.678488325000028425e+00,6.957741521790192389e-21
-1.440188215171346017e-22,-1.491851430676188386e+02,2.582890515878426552e-01,-2.077276144818988545e-20
4.027354993701565200e-21,-3.014733245808858797e+01,4.098804102055101595e+00,-6.991044323826248590e-20
-2.324898235016957322e-21,-4.900889637034820794e+02,5.769797628404604417e+00,-9.925211324457089191e-19
-2.680546231706629241e-21,-4.872418944591360912e+01,5.179828100339026520e+00,-5.885192296672934240e-20
-3.088919586577571469e-22,-4.269502385893243712e+01,5.500622521377221297e+00,-9.351833568915408971e-21
-4.182868117548914865e-21,-4.434640180671960366e+02,2.420257902246577331e+00,1.392929355201930732e-18
-7.917022248398384109e-22,6.412207291631176531e+02,5.576706915822043698e+00,3.861498000731856784e-19
4.481963313399329100e-21,-2.418426144046889448e+01,4.617570307722205669e+00,-1.026228432152307185e-20
1.160628501467561264e-21,-1.715997965469336961e+01,9.806652073809176695e-01,1.108285708239145502e-20
-3.181942523029160477e-21,2.188927957991805684e+01,5.845051714264962506e+00,6.307160258863311256e-20
-2.049176015072489150e-22,1.199412499275065471e+02,1.640621488959125074e+00,-1.714773746057411594e-21
-3.243689760619196047e-22,1.392423359515218237e+02,8.850177491820553355e-01,2.860246603628847465e-20
-1.782556220732455178e-21,1.332019708303791390e+02,6.038941550680041459e+00,2.303928962445732169e-19
7.763312177197597163e-22,-2.937415270306769912e+02,9.686397852095623984e-01,1.291670579278595994e-19
-2.754488524710242230e-22,-1.980526685528052511e+01,3.118153687792486473e+00,5.453839556012301535e-21
-1.645179228596190404e-22,5.440470798237830650e+02,3.457807365136805977e+00,-8.506775396047588183e-20
-2.765827828352490207e-22,8.210230739807610689e+02,4.012086250699741896e+00,-1.463420694892739110e-19
5.719979724489911245e-21,-4.342379472693240672e+01,2.428669680024019950e+00,-1.878903219895102615e-19
-5.407486861135422242e-21,9.122567477447948647e+01,1.997084620720194215e+00,-2.039773290191732117e-19
-3.884844705683500878e-22,-2.311305701250972788e+01,3.198446879298718848e+00,8.964555649183935505e-21
-7.954825100846141532e-21,4.997179037459008555e+01,4.668697424535890761e+00,-1.736260446398030622e-20
1.218748829092873716e-21,3.183777116442363990e+02,7.483515901839125073e-01,-2.843473211333288615e-19
-5.797108525878588083e-22,-7.224569126745349479e+01,4.800728758803973761e+00,-3.695001966737297243e-21
-3.249110453257971468e-21,-2.002718174147959118e+01,3.843524772378910548e+00,4.968759662624700040e-20
4.652347320516317249e-21,-1.150824768752999816e+01,6.235358651728232893e+00,5.347914314360395613e-20
-1.458813133529633664e-22,2.985774083751248895e+02,9.424607368254679374e-01,2.560268370665788089e-20
2.868433859058261189e-22,1.257685921349288272e+01,5.144691828432680358e-01,-3.140601095180575361e-21
9.691771334866031649e-21,-2.704711659325462492e+01,2.433564367525199668e+00,-1.991293042680177680e-19
-5.050411410305462246e-21,2.453963482351862524e+01,4.555371575941522977e+00,-1.938012744324411731e-20
-4.714361107475173314e-21,3.202886855567224984e+02,2.472117299786859235e+00,-1.184028414568638458e-18
4.909157242395232247e-21,5.772217990837526003e+01,8.480567459929333474e-01,-1.874309566830700786e-19
-4.456201170495996790e-21,1.470235903135978788e+02,3.005232890893494879e+00,-6.490850477051856158e-19
6.144661451695810426e-22,-1.861630177041265597e+02,6.681679273190621604e-01,8.979203471487919625e-20
1.909832101736138977e-22,1.290808549440095021e+02,2.506503667476781327e+00,1.984554836267638351e-20
6.549936888354573114e-22,-3.229874092634872227e+02,2.833391725166602537e+00,-2.015864364614530634e-19
-2.033253844528148675e-21,3.022360318421393686e+02,2.019491109640555671e+00,-2.665736765365816133e-19
-1.049377511288178545e-21,-3.285282810016353778e+02,5.424616568374906578e+00,-2.253016509532453821e-19
-1.592060084016242841e-21,-1.209667151202139301e+01,1.408969175448885558e+00,-3.102983888132964874e-21
-4.835388143050204939e-22,1.704552332663794090e+01,3.446659405942475995e-02,8.237276995048352512e-21
4.055353833818672624e-21,2.696932552835975230e+02,4.591545353052237211e+00,1.318454244107707419e-19
-5.090614637272962167e-21,2.744125465446863288e+01,4.745869518219230088e+00,4.676118109763347011e-21
-9.797337341560942604e-22,7.727608569497672875e+01,3.120978818886559925e+00,-7.569390283904869321e-20
-7.730286707366159002e-21,1.848995076989053388e+01,1.165281510444255986e+00,5.638575781829715953e-20
1.553277735466193593e-21,-1.067765213439456673e+01,4.910812823013732675e+00,3.269378102292303686e-21
5.089382402323304377e-22,-1.486229344211537011e+02,3.965513254925544739e+00,-5.138592011315326507e-20
-4.966324614205232136e-22,-2.901306328468326612e+01,3.961097995729288446e+00,9.835218733680893248e-21
-1.264393000281379768e-21,-8.063461127936541573e+01,1.245517261007894172e+00,-3.258171737897344907e-20
-4.929382159177474817e-21,2.931218704171100171e+02,4.091580871491640181e+00,-8.404933966354228643e-19
-4.125039800624179439e-21,-7.935518972434044827e+01,6.237937066521782370e+00,-3.270082712792834681e-19
-8.434177862401871788e-21,2.709978738512511853e+01,5.889512066350015562e-01,1.900567446911086795e-19
-1.425843975417908785e-21,3.061691660400700812e+02,2.376081495623380224e+00,-3.147645013986694033e-19
4.550386858809981937e-22,5.734133610183901908e+01,1.357991284515736918e+00,-5.510806619173890038e-21
4.760444651099237066e-21,1.028983956930476893e+02,5.363282562606849879e+00,-2.967941291859967071e-19
2.687240872317331543e-22,1.552726123173183339e+02,3.231807301589898485e-01,-3.956536513014611680e-20
8.902072282267961986e-22,1.746664552728131810e+02,7.012519040389988412e-01,-1.187993125637860237e-19
-2.488739897020895239e-21,8.104508885661302031e+01,5.032257374350922241e+00,6.342292327086519181e-20
-1.043833475958157063e-22,8.186196581650689268e+02,2.447650142686036201e+00,-6.568821902504232032e-20
-6.833431344098178034e-22,3.026524833357906346e+02,2.250764338165819112e+00,-1.300389972319952583e-19
4.395382178371494320e-21,5.509817948862749404e+01,4.309298778718408940e+00,9.499723239819833949e-20
4.209006586519812894e-21,7.382138892299543897e+01,3.778944903052688264e+00,2.497133881287468234e-19
2.921241925570297550e-22,5.401231012624594996e+01,3.524092037150392542e+00,1.463807814338836891e-20
4.236379140770399790e-22,-1.656718650733385800e+02,5.739595596158411084e+00,6.006826296785013691e-20
3.603351625760517565e-21,-2.424383688025577896e+02,5.842065165959892781e+00,7.899653334123363048e-19
-4.243896622054616506e-22,-7.785062564840594632e+02,4.776888239505105105e+00,-2.129513833931540684e-20
2.365469909444110355e-22,-6.551580930655032944e+02,1.453128008467031718e+00,1.819367476927241808e-20
-3.658835400596516095e-22,4.901671048391542627e+02,3.490311482763753581e+00,-1.685495802524662829e-19
-8.378013493080494611e-21,4.760717272486195384e+02,4.567934045468891036e+00,-5.741618817844827782e-19
-6.687820827037416766e-21,1.237120499279697867e+02,2.120758238571068821e-01,8.088278281576689718e-19
-2.440134694398731740e-22,4.976845354856736208e+02,5.886858768547191367e+00,1.120282096301228263e-19
9.325938116699974516e-21,6.679068658943594983e+01,2.032939778625250771e+00,2.777246827510626062e-19
-5.043756192694084588e-21,-1.058345538105574093e+02,4.830223543065586433e+00,-6.275506281208258414e-20
-3.664525298553957951e-21,3.511538920394672232e+02,6.212555926946706109e+00,1.283604017469082487e-18
9.438213337309240571e-21,-4.236247940280036914e+02,2.063471418900248100e+00,-1.891115657906295907e-18
3.773036650520143946e-21,4.411868874058847609e+02,2.109623304115150422e+00,8.541627453446536289e-19
-1.277552795890339175e-22,1.333211830667325515e+01,3.645185046217027214e+00,-1.491798066065901485e-21
-5.322375507772952060e-22,5.760729703384003386e+01,2.405949608025515385e+00,-2.273187346710830575e-20
5.105869728934441044e-22,2.092860858576279171e+01,5.233368462446987834e+00,-5.318679583192067793e-21
-7.284738958177201769e-21,-1.952142983387263939e+02,4.722802627579346435e+00,-1.480882594011074034e-20
9.340882071687064788e-22,-1.674166017062614031e+01,5.287074437957331341e+00,8.500462034015252908e-21
-9.233511116569347881e-22,-5.371447129747953113e+02,5.797619264066989492e-02,-4.951398591418149851e-19
-1.034808210691664570e-21,2.011880826532444644e+01,4.796526157277662072e+00,1.749595015603858164e-21
-2.132564214762781533e-22,1.412552546214209848e+01,4.722613083509167309e-01,2.682631899552157823e-21
-4.745843795001088489e-21,-1.773358942782400334e+02,4.373373488286895316e+00,2.798842815874604031e-19
1.239637355883067271e-21,3.365017452805532372e+01,1.584940650007944374e+00,5.899968146127337321e-22
-1.235534532290616336e-22,-7.536557443564099401e+01,5.357522383465110671e+00,-5.599158255009934402e-21
-1.756028153604974765e-21,1.300521157367120395e+02,1.014050999454733093e+00,1.206793471580076019e-19
1.131897691117087318e-21,3.155605868337356128e+02,1.909048136064860790e+00,1.185268272596364478e-19
9.095274324251878862e-22,8.537928517245891271e+02,4.140590624627672689e+00,4.202252436501562368e-19
-2.329742095149318195e-21,4.292796284168036891e+01,5.629826699651641952e+00,7.941347257297381316e-20
8.076478353454031747e-21,4.552532844034731170e+02,1.441585000923644611e+00,-4.737689182907917614e-19
-1.796628446827739992e-22,-3.442836118140112376e+02,1.149995347889713887e-01,-6.144641093965866459e-20
-9.341933890165682078e-21,1.241184693545663897e+01,5.531293492065090689e+00,8.469012842441265460e-20
4.301360784245144600e-22,-7.262689848458498432e+01,1.179279139890495286e-02,3.123727709347106053e-20
-7.440192720001523995e-22,-7.567844568397672447e+02,3.394626335122779448e+00,5.451328665427802822e-19
1.758079067846438580e-22,-4.120071403940178811e+02,1.328536744189123153e+00,1.737671452060014802e-20
-1.922764295595605316e-21,-1.415264625126293083e+02,3.682635234110202216e+00,2.332554347673242759e-19
2.550569112160842895e-21,2.569538167695471742e+01,4.925096975313758563e+00,-1.383553984895047682e-20
5.079697481618043876e-21,-1.815504644712608524e+02,1.241732597248967007e+00,2.980224374698109502e-19
-1.581295038715521382e-22,-4.035376561901579748e+02,4.090567317862907615e+00,3.717110196500166554e-20
-6.086136804484481699e-21,8.756599678501126505e+01,2.643936546026115941e+00,-4.682952429229059433e-19
-1.073845191411098639e-21,-7.549825393273534928e+02,3.595416144525639401e-01,-7.588945567932121927e-19
5.461490408902795670e-22,-6.122756494186523923e+02,7.284208070113138422e-01,2.495335137908805180e-19
6.611140496283989367e-22,2.624787600976315716e+01,5.880203223814263858e+00,-1.596280118612028779e-20
-1.349360632988536268e-22,-3.901189915583621115e+01,2.349187001675183240e+00,3.696114281119028969e-21
-5.662526712436808407e-22,-2.207442749302370544e+02,1.263569253121788583e+00,-3.780119296057887468e-20
-1.147537328122702145e-21,6.036729832630049231e+01,4.955937607858032834e+00,1.670522372678118078e-20
-1.481783667547882355e-21,-4.575502215689244849e+02,6.076976410859989741e+00,-6.636266602211926395e-19
1.815716241174442859e-22,-3.433806765763753077e+01,6.204723748964026342e+00,6.215637111461375572e-21
-2.601364128845096946e-22,-2.327841177006419855e+02,3.649767117067054478e+00,5.290346763178265782e-20
2.121503958150201590e-21,-3.327970690312407953e+01,3.093260267594404866e-01,6.725213633617367403e-20
-3.281183020681035322e-22,3.828261370343327741e+01,5.373298051534606934e+00,7.710517244970920603e-21
3.596849860396316324e-21,3.303117846853292576e+02,8.052900287544575431e-01,-8.232244937333985145e-19
3.730201728533290825e-22,-1.451022596708429262e+02,3.682022795582581054e+00,-4.641242575834802089e-20
-1.951259948503214948e-22,1.487102733668124621e+01,6.163416451856706502e+00,2.880936865734850420e-21
-3.453577422982694750e-21,6.757268258753946384e+02,6.572564678893367818e-01,1.847503594508672839e-18
1.469861594976608812e-21,4.992155574386154058e+02,6.248231508523613087e+00,-7.333295680129886145e-19
1.045768823613665089e-21,4.230983093835702391e+01,2.990671173223785395e+00,4.374335236966332807e-20
-5.312221420815256254e-22,-1.165077548729185786e+01,4.879286793475716699e+00,-1.028166783878506540e-21
1.908124851718179105e-21,9.766178822385802505e+01,4.356798365293278685e+00,6.487695985102838315e-20
1.474046606289447110e-21,-4.939687716170644194e+02,1.214594243172445243e+00,2.539125295346590359e-19
-1.098402444274109169e-22,-7.127088576268592135e+01,6.075251627871138815e+00,-7.659784174137290735e-21
-1.936118362734258366e-21,-2.915677968090862464e+02,4.648396454343008521e+00,3.609975574159308367e-20
-2.791683555988621625e-22,5.046127419723653418e+01,4.555993517750741573e-01,1.265026188380768692e-20
-3.168076427117589523e-22,-8.824205152963842238e+02,1.805619186017524802e+00,6.504485672209867917e-20
1.193915057396206366e-22,5.461357887621090867e+02,9.557678368465029328e-02,-6.490638420521351477e-20
-1.130781674773402222e-22,3.611300083743566347e+01,9.076187824151278338e-01,2.513957165288414361e-21
4.360896225728283982e-21,-1.398067240313465618e+02,2.128395934184015292e+00,-3.226141195547025781e-19
-1.833740652346563093e-22,-9.656815934890994413e+01,4.316717489620166326e+00,6.825193982130143827e-21
1.128021033350947168e-21,2.271576831989025891e+01,4.599107027223499067e+00,2.896517054141547243e-21
1.756155141234023178e-21,1.663150197265920482e+01,1.128696504194777184e+00,-1.249608740628521193e-20
-1.966953379018488244e-22,5.248841134613498980e+02,5.100714804964681104e-01,9.010051079136302341e-20
-1.654361371454879859e-22,1.422418851055367952e+02,9.056673197858517987e-01,1.452299222208318663e-20
8.371016209026992774e-21,-6.595745598988064557e+02,4.171899130251736310e+00,-2.841023278949875145e-18
6.184166902087300108e-21,1.227044841343419677e+02,4.250687938066327831e+00,3.380350572479720712e-19
-4.623045268236248957e-21,2.149763969034885847e+01,2.500076411902755341e-03,9.938425085313662536e-20
1.482010621435522496e-21,-1.770275007911251919e+01,5.977329738075691346e+00,2.501805815125520964e-20
-5.837223561446854400e-21,-1.591301202659050489e+02,7.732862692768754931e-01,-6.647229095405991756e-19
1.718657865328078394e-21,1.906292410145032434e+01,4.220331999565505754e+00,1.547837826963037986e-20
1.005034248111091857e-21,-9.525004591897871364e+01,3.346194895814571968e+00,-9.373281942812095394e-20
4.424650185099109982e-21,-1.218102171320583409e+02,8.237683728467493083e-01,3.662075396273976079e-19
-1.670325406879595795e-21,3.305016605082656724e+02,1.251768984677471275e-01,5.477258954649992507e-19
-7.093209346707905173e-22,3.115119359967144419e+02,2.546328882172875563e+00,-1.829566221803859820e-19
-1.837580831061765490e-22,-3.062332499794221690e+02,1.405848509665101664e+00,-9.240047711699192647e-21
-5.007528691844917467e-22,7.185399171149830408e+02,5.084566905232125400e+00,1.308434840257032237e-19
-6.901838957744905756e-22,-3.487816610725495821e+02,4.072354193096916930e+00,1.437656849942665854e-19
6.945050186150887622e-22,3.748162779574675341e+01,8.236932547271754584e-03,-2.603029554556199657e-20
-4.228340104727996634e-22,6.617895221740434408e+01,4.252977432721501749e+00,-1.240811492883797684e-20
-5.459907268158322320e-21,-1.939310649572260274e+02,5.904672490182480082e+00,-9.838954919364239685e-19
-2.871485497936537181e-21,-1.006501353748235061e+01,2.333475453793491194e+00,1.996694416290525433e-20
-8.134962268308944426e-22,7.006990874119462376e+01,3.177909995301408941e-01,5.414742075611099206e-20
5.505727622035196451e-22,-9.851804391447082025e+02,4.485421991063866187e+00,-1.220557003501167574e-19
-5.725987450810638067e-21,-4.113091051226246009e+01,3.184641352930261071e+00,2.352968839791140608e-19
1.538762731242969595e-22,4.278939926708001735e+02,4.027011704330774933e+00,4.167615439096461469e-20
-3.792327600578805328e-22,5.080761562753686889e+01,3.095472773826643209e+00,-1.924742409640774329e-20
8.615912286500369477e-21,-7.240197554629965282e+01,5.516913306859275501e+00,4.494549761383178144e-19
2.670661246448202418e-22,-1.366662379167836683e+01,2.151343115120170513e+00,-2.001897366234588658e-21
1.214990301399315587e-22,5.217997109365901451e+02,3.270034103831653383e+00,6.287593109283387585e-20
5.890130720068068461e-21,7.470046807301807803e+02,2.440932349153447145e+00,3.363398987338364793e-18
5.315822789871439673e-22,8.833599564304704188e+01,5.600828671110712698e+00,-3.644345782314837831e-20
1.026273892751317904e-21,6.517610424753120242e+02,2.775051650532179282e-01,-6.432950655299293031e-19
2.301641425502538683e-22,-8.500910842429102559e+02,4.532770968427920488e-01,1.759020724807263777e-19
3.643793938731383174e-21,-6.501705321407079055e+02,3.022065476206121648e-01,2.261725339669722867e-18
-2.944960594829522970e-21,-1.345090197309773430e+02,1.001192134490413777e+00,-2.136290602358773400e-19
5.912235350996581763e-22,-1.983688603646676540e+02,2.743045855998194504e+00,-1.080886007949637786e-19
-3.304216366657000499e-21,2.457889138570174481e+01,5.457095358664982854e+00,5.504325437762273728e-20
8.263135671159940964e-21,-4.615580640891373605e+02,1.232534448619271972e+00,1.265640569892597319e-18
-1.775605200943077334e-21,-7.214038955506818240e+01,2.551891623852188040e+00,1.064588621266426437e-19
1.188623317723674074e-22,-4.839782578406352087e+01,5.392116992579754076e+00,3.616027293866669412e-21
2.645363516415709170e-21,4.792578273936904907e+02,6.660720795038266306e-01,-9.968226147881644723e-19
-5.738198489480562681e-21,9.514205105330323420e+01,3.010079644355574402e+00,-5.412295406213243881e-19
-1.131112219269940643e-21,-4.376205035330948476e+02,4.964324037025764191e+00,-1.233922819297770442e-19
-1.048172074139796162e-21,-2.455832310535697260e+01,4.546950691586861382e+00,4.239204996637069557e-21
4.003900552767914659e-21,-2.669179510814336140e+02,2.086008411052942435e+00,-5.265756088283569429e-19
-5.216420706882020332e-21,-2.304817969540106048e+02,2.174177829241940252e+00,6.822155623978273256e-19
-6.361339372202585346e-22,-1.554444325768053830e+02,6.186741352404575345e+00,-9.842395606928509402e-20
6.851672577564815875e-22,1.252546149381476326e+01,7.630676581161895955e-01,-6.202402508086085579e-21
-1.691991255560943446e-21,-3.828121553664315968e+01,2.191885201058107580e+00,3.769188730495084056e-20
-6.685396995730335210e-22,-2.522263858544913973e+01,3.737496451605129888e+00,1.395596966427002306e-20
8.760852680493365377e-21,3.037672438631454241e+01,3.560807727152174307e-01,-2.494319960377577235e-19
4.095910526651517608e-21,5.500261139245112219e+01,6.134351547493850809e+00,-2.227951700695112178e-19
5.561682505761863014e-21,2.036269098782736364e+01,3.157405398749722814e+00,1.132366637497096721e-19
-1.345982400705447111e-21,-2.322765719108743454e+01,4.987938345067552959e+00,-8.506176972510574212e-21
-7.436023673193333163e-22,-6.200828428046603449e+02,3.785610217106504027e+00,3.687331258508873255e-19
8.738178008085862938e-21,1.694675261739609482e+02,3.651275135044283360e+00,1.292622189092400876e-18
3.627243076961971700e-21,-9.450815241367721455e+02,4.041403677119782323e+00,-2.131411509949847755e-18
-4.663069083015624276e-22,4.177825216561218014e+01,2.739948463382939181e+00,-1.793114052202538451e-20
-1.070308559345729152e-21,-1.762255467837756839e+02,4.747826035777187870e-01,-1.677533279792958364e-19
2.748423229789699834e-21,4.369121705378694287e+02,2.793220255258634932e+00,1.128685810914799326e-18
1.054133660520866269e-22,6.535881021957457051e+02,2.161973517926575550e+00,3.839892866405619706e-20
-1.698476672449190573e-22,-2.948074492948464354e+02,3.911421691152964897e+00,3.595343847206895417e-20
-2.250661656776223285e-21,-2.350926192863006037e+01,3.302866595669035288e+00,5.222479075930657989e-20
-1.043007421907704343e-22,2.348948854560713073e+01,4.369201722114180342e+00,-8.243912513793607855e-22
1.424226819596358082e-21,3.307024423694828386e+01,5.533607597772562947e+00,-3.447575544131367796e-20
4.654689648908912885e-21,5.803339787774027627e+02,3.961654112807395212e+00,1.842745407205937308e-18
-6.165931221111729379e-21,-1.695033319495246076e+02,3.955367164615343434e+00,7.177640733132802984e-19
-2.680503312819947719e-21,3.275756910813464629e+01,2.392597867804366896e+00,-6.430737017412966871e-20
-8.743738787203532105e-21,-4.984083919077552309e+02,5.763860918882381945e+00,-3.783377106673346024e-18
-9.361663777917921074e-21,-9.853627561796281498e+02,5.926447546145073630e+00,-8.643861448156232534e-18
3.927457521273377842e-22,-1.069320770479972680e+02,5.682521380373628084e+00,3.464596648463646522e-20
5.696110184455418953e-21,4.988874736682046773e+02,3.088492826808189928e+00,2.837712718765866610e-18
-3.378508487229268040e-21,5.857378668372916763e+02,5.608597106991355830e+00,1.545465986122899965e-18
2.874118058770857151e-21,-1.586745985016522731e+01,5.813964389761836493e+00,4.067600851172904410e-20
-1.888451626128881933e-21,2.812975207315226385e+02,4.194288170716148123e+00,-2.630750547388371592e-19
6.309070956309466732e-21,1.292505604459014279e+01,8.947273481345960899e-01,-5.102533656645880935e-20
2.636416136574795340e-22,-2.660132444938536196e+02,3.387234509132243332e+00,-6.802689448028705620e-20
-8.395772867512198960e-22,7.442974797280717780e+01,4.578599216270135663e+00,-8.335539617713190463e-21
4.511997587390284558e-22,1.080180652736486557e+01,4.246089720756919816e-01,-4.440980975971422826e-21
1.795209434448368746e-22,2.039519961442099216e+01,3.655698706662669828e+00,3.188070553737895671e-21
-3.923559780793590380e-21,-3.800744710135012383e+01,1.288555961223390334e+00,-4.153237393824884380e-20
-1.717502609129835503e-22,1.830383255402724387e+02,8.056983086164820618e-01,2.177342538888542504e-20
4.072003875416400272e-21,-2.705557890848838554e+01,1.017300473054363774e+00,5.791266115690966696e-20
1.299610614307226504e-21,-5.018613454554846243e+01,3.681142208770957325e+00,-5.595694630990561453e-20
1.283209817170409314e-21,-1.330721697886012400e+01,4.061367634159018358e+00,-1.034801236661360329e-20
-3.044117377781864240e-21,-8.672555099164871706e+01,5.278944126650236157e+00,-1.416978371784926712e-19
-4.320072005029824783e-21,-1.403946784927266833e+01,6.006000562022355549e-01,-5.003729418173396623e-20
-8.743406702198992804e-21,-1.731763697721069093e+02,2.777282922299590506e+00,1.414777566939190762e-18
3.454735244811245094e-21,-2.813360416660443093e+02,1.014593513634810984e+00,5.131512993956769079e-19
3.127900601624328033e-22,-7.157647392111945805e+01,4.771518400940216509e+00,1.323042414969967780e-21
-5.936940426990597819e-22,3.026298559014039924e+01,5.413485253867063030e+00,1.158968762491434302e-20
-1.366818168045958304e-21,5.488532003042543295e+01,1.864827094471331659e+00,-2.174121608285419417e-20
-1.016669071637263070e-21,-1.185567790806927775e+02,5.449939415791805963e+00,-8.105567298112009722e-20
2.088400847882520166e-22,1.857058218038146720e+02,4.305118212996807969e+00,1.536206139577679461e-20
-3.878911225294225491e-22,-8.397099431279075077e+01,1.062217695446900700e+00,-1.586029474678711601e-20
-2.932829591045937910e-21,7.093309941959867615e+01,6.013913487898108201e+00,2.005381356570455817e-19
6.736719457448907752e-22,-1.743011636385746854e+01,5.098799844383270496e+00,4.425232659552926166e-21
-2.616478105283669792e-21,-2.284568657189547380e+01,1.285155078123401351e+00,-1.684303490153922206e-20
-9.310094783887648128e-21,-2.510038283779088317e+02,1.480757779084184822e+00,-2.101241505608033503e-19
-1.044663887460778983e-22,9.759550331810028183e+02,6.225619933174675324e+00,1.017856175439316031e-19
1.425067831966103529e-22,3.351142359852533446e+02,2.784838443741919356e+00,4.474910630069666880e-20
-4.266459437355452528e-21,5.276160652504680826e+01,2.580160291576470311e+00,-1.905501099109713185e-19
-7.072767895489530533e-21,1.303774884413281221e+01,2.174253865394404350e+00,-5.233019021383008644e-20
-4.741044423689369390e-21,-1.937489221319100920e+02,4.227167542989930027e+00,4.284259981567963904e-19
-1.048121714130516182e-22,-5.200377419252751565e+01,4.319761019980329131e+00,2.085507068442728968e-21
4.576297220072313232e-21,-2.252740771229962391e+01,4.735449136711872065e+00,2.377109555899063785e-21
5.230510439321610197e-22,-4.730598539939104512e+02,1.500154778035512892e+00,1.746461893059485810e-20
9.498621727110897206e-21,-2.718578957220835264e+02,6.099984523268754621e+00,2.539062536139886709e-18
1.466768483934443756e-21,1.834325980601516193e+01,3.384137626757308226e+00,2.611779364917115306e-20
-1.422936075304788721e-22,-7.298722430487565589e+02,4.215765951786914378e+00,4.948322437538806708e-20
-5.996658782313831223e-21,-2.752837321683187000e+01,4.977580724056432260e+00,-4.326607352935034454e-20
-8.817069379439046716e-21,-4.519417828155805950e+01,4.428803665511455989e+00,1.114945827028334205e-19
-4.003521032985536686e-21,-2.394705165651242851e+01,7.737637528326757330e-01,-6.857622792151896425e-20
1.058486056187800192e-21,3.109035602107848604e+02,3.491830521023576939e+00,3.091085757275873177e-19
2.163119968445090416e-21,1.194798471704100535e+02,4.593025510380436494e+00,3.077619548429663314e-20
9.551568677855682413e-22,-2.185357822623765855e+01,1.040211937249959417e+00,1.056282137577314706e-20
-1.238865580027670303e-21,-3.454378285300358016e+02,4.442874229080548076e+00,1.139478419325013285e-19
9.921778502729803374e-22,-4.148375940435576581e+02,4.207441114933333282e+00,-1.991128172893757366e-19
-1.062451999052806305e-22,-4.791331577971310907e+01,2.971146008260705074e+00,5.016793040805012169e-21
8.153475189742903289e-21,1.998809703572642960e+01,5.277689207277761696e+00,-8.729934975573467265e-20
1.048135603752461765e-21,-2.127828998717845082e+02,3.205930099705722292e+00,-2.225639072651110395e-19
1.016440892323998683e-21,-8.223641487975505697e+02,2.810322896627689637e+00,-7.904376108503882516e-19
1.199933967820630374e-21,-6.224442174722095160e+02,1.628037895349841779e+00,-4.272992359524466134e-20
-7.173250174558479772e-21,-5.499896556004547676e+01,4.992328159594033643e+00,-1.090051397729902127e-19
1.228039990837705230e-22,-4.140271730799208854e+02,3.766909538593492979e+00,-4.122333600813189406e-20
1.462010919489763434e-21,1.402489894953500915e+01,5.357700138783196842e+00,-1.233240448551081861e-20
-1.623141805030649752e-21,2.207374660867558305e+02,2.526255916344518848e+00,-2.925706695147304639e-19
2.242702373093152322e-21,1.064022667948993472e+01,6.493754612905032753e-01,-1.900585308366815750e-20
8.121839025785693659e-22,3.352900310714269381e+02,2.536226067742735513e+00,2.239246469873451546e-19
4.281686063333418317e-21,1.460699979560421724e+01,8.760829209179356036e-01,-4.003759385603352499e-20
1.129186140457535936e-21,-6.683969719020795992e+02,4.721780113682464197e+00,7.087802932200460444e-21
7.422667393721693165e-22,-1.600824490126828721e+02,4.724350324146883828e+00,1.421259354066147789e-21
1.989326246390461454e-22,8.831561172445942702e+02,4.364429137923013791e+00,5.990639680940245489e-20
-7.171201524035325555e-22,3.266247820583129169e+01,3.289038624456622095e+00,-2.316877145506496764e-20
5.468730916496804071e-21,-1.971169561020136030e+02,5.025473934045147750e+00,3.320124161795158163e-19
1.291584601260515503e-21,-9.762464863143020466e+02,3.350375408507779706e+00,-1.233523037739909169e-18
-6.685864895433754026e-21,3.346189811721790619e+01,5.158213080100282788e+00,9.646916237236691604e-20
-5.375531441236429155e-21,-6.818966301065346443e+02,4.036344072931115079e+00,2.293585580341266201e-18
4.476288539340051346e-22,-2.124155592802047821e+01,5.843889175668746105e+00,8.605528918166937763e-21
4.904309921815309267e-21,2.295357493623288292e+01,6.256803546874273536e+00,-1.125322728632818487e-19
2.424422781462413509e-22,-1.391046023739255943e+01,1.734709549024420427e+00,-5.503226159639008495e-22
2.268323076743655788e-21,-4.185627227877195367e+01,4.036671158307622242e+00,-5.938316048261034011e-20
-7.100467674932912067e-22,1.084271987304615124e+02,5.231648376908148990e+00,3.820450616218807271e-20
5.622765367382704886e-21,8.709084624644499399e+02,3.548260546935859683e+00,4.497540922910234508e-18
-7.083249234609335394e-22,2.195987019057290581e+02,4.246588369092690662e+00,-6.986221410170677547e-20
8.933597465345884133e-21,1.173043298782056176e+01,4.832839259016139088e+00,-1.259208306366765931e-20
-1.101632837604196261e-21,-2.004067912405071183e+02,6.251996124696534096e+00,-2.206673298508291425e-19
1.057216431919280483e-22,1.778070618653631243e+02,3.963476017144527130e+00,1.279852370460297264e-20
-1.472601380235422801e-22,-7.009533200946199258e+02,1.584366032573704952e-01,-1.019296370016429228e-19
9.869464069947241063e-22,-7.091152118783683989e+01,1.758164779303504233e+00,-1.303655187088456823e-20
-5.007008038244013710e-22,8.285380082614507558e+01,1.846815153860021708e+00,-1.130578710118478978e-20
-9.710376821156932977e-22,-1.328156070119739418e+01,3.037308637446529236e+00,1.282683157177519595e-20
4.547375679461696787e-22,-7.923922551163944661e+01,4.752114429929207517e+00,1.431052754033487294e-21
8.763942359430371862e-21,7.086300801158189415e+02,5.113321848923378710e+00,-2.423776111529226353e-18
-1.265163902211084955e-21,-5.387786903311913278e+01,3.991326871434127455e+00,4.500092152517579078e-20
8.535849995381698119e-21,-7.336392364914550512e+01,8.004570917236909500e-01,4.360886946196528923e-19
-1.940057065093996048e-22,-8.398005144717203052e+01,4.652943917468512325e+00,9.679448710341648023e-22
-1.009239654658249600e-21,-4.115819485284620214e+02,9.927816783765176512e-01,-2.269505599967026809e-19
-2.330820701222980814e-22,5.272283561557289886e+02,5.372755493589226106e+00,7.537995894517627710e-20
2.454287408635226913e-21,3.882174013560105550e+02,5.933767214613386853e-01,-7.899233451883599277e-19
-2.786321697987456619e-22,-3.255362159490657064e+02,3.041827082204387800e+00,9.025383605727025294e-20
-2.610746616648355003e-21,-1.767285935897067191e+02,2.726238933091134964e+00,4.221629644272811304e-19
-1.163720764317112957e-21,-1.349395255782548197e+01,3.027503671646267325e+00,1.560110488906019252e-20
7.720941503149491078e-22,1.382451192562157338e+01,1.798303579006231390e+00,2.407478117643372168e-21
-1.939173785008697636e-21,-1.203607967027385968e+02,5.468058991483810694e+00,-1.600605709489964912e-19
9.995158147643573906e-21,-2.948145882640253603e+02,1.843018026976114943e+00,-7.922900393290626445e-19
-4.991613995470027844e-22,1.141500467535774810e+01,3.124276326121987468e-01,5.422094038192621218e-21
-3.399191431243171109e-21,5.146586988322570733e+01,8.763296611230181332e-01,1.119588523383390520e-19
-5.705413146218024779e-22,-3.752070930271863176e+02,3.301810119856782411e+00,2.113294562208574695e-19
-2.243702733585468617e-21,7.450103574261768244e+02,2.530975264985341866e+00,-1.369517219755953590e-18
5.197452194572166699e-22,3.336957918142887536e+01,1.133898723090341676e+00,-7.338640048830809451e-21
-1.712404027121361400e-22,-4.962199516057866333e+01,5.600179347389929063e+00,-6.591170444369874784e-21
-3.909250032931319354e-21,-1.177028744001428180e+02,9.130426236448774269e-01,-2.812961980790330655e-19
-3.107926816242316210e-21,1.341946733314214057e+01,4.288620235160004235e+00,-1.714975205681437923e-20
-3.435601562071690945e-21,-4.131527945925127909e+01,4.916626164144762612e+00,-2.878888303250674520e-20
3.453064162070037318e-22,-2.209009550798563168e+02,6.446948987598001279e-01,6.096813392133793567e-20
2.316742847080583900e-22,-6.455667469108570344e+01,6.235410812883244169e+00,1.493905673524979380e-20
-2.387546206047163177e-21,-1.030409362608617840e+02,4.450015459120622907e+00,6.380978857755971059e-20
3.248677583590634802e-21,9.438929419675495183e+02,8.366009040388306950e-01,-2.054460150760478716e-18
1.957904209056794586e-21,1.149782301648493110e+01,4.234225754727607871e+00,1.035871106183509719e-20
-1.055308399862604528e-22,6.513098738323973294e+02,5.122888606538912981e+00,2.742921715774486985e-20
-1.036737135478627251e-21,9.571514303075585417e+01,5.415516566147518418e+00,6.416371028066751283e-20
-9.491365219555363626e-21,1.169538030882531920e+01,4.354385524037144961e+00,-3.889674820107148656e-20
-3.315026584303303072e-22,-1.264549320760960569e+02,2.489526008779811672e+00,3.331944820705194087e-20
1.150206687801178355e-21,-1.402723940579320328e+01,2.321010928895713032e+00,-1.100024600831347244e-20
-2.163897883912277369e-21,2.934612722285759645e+01,8.996764995743100624e-01,3.948958001775773450e-20
4.109717594451203367e-22,1.090131732427752809e+02,3.150700300237280871e+00,4.479947750503423531e-20
2.216264012897223999e-21,7.393206485225505276e+02,4.593714856006036129e+00,1.939949774747140433e-19
1.945788570462621550e-21,7.579633965673788509e+01,6.140285543837513238e+00,-1.459803787855926429e-19
2.467685775306055012e-22,-9.780818959120840361e+01,9.247072803484084336e-01,1.453151408467849185e-20
-2.776797902811633342e-22,-1.195576079098899847e+01,5.227960581269755380e+00,-1.636804457489729744e-21
1.620787233442154236e-21,-3.868308158336138547e+01,6.873022819891134727e-01,4.846233308166106863e-20
4.111270940650958213e-21,-4.046993880515864248e+02,5.040327342391232257e+00,5.359058640423248962e-19
1.448188466567731208e-21,-3.187983972472541154e+02,4.893477041599509469e+00,8.314857382655726913e-20
-4.245551697660114609e-22,-1.033505647675370298e+01,6.147041478050531360e+00,-4.347200164211151442e-21
8.650959781218759504e-21,1.984846620706440490e+02,1.223495946289830522e-01,-1.704246982996891012e-18
-1.475926787731789675e-21,-2.761243184813624794e+02,3.893840065355474334e+00,2.975668823090330345e-19
-1.379023268820069829e-22,-8.553479441222744128e+01,1.848738935265386241e+00,3.236408820444711854e-21
7.247159297720480326e-22,-3.663802789648338489e+02,5.488558893358803203e+00,1.860115475783497682e-19
-1.260402159713925780e-21,1.667833088231774141e+01,1.894306754692742789e+00,-6.682637947038756434e-21
7.907993550251470847e-21,-2.068978547055329784e+02,5.496541436838104921e+00,1.155488474687779849e-18
7.362165867344477011e-21,-7.724037520356536106e+02,1.964002950854924823e+00,-2.178820231367296901e-18
-4.643938637393492341e-22,-1.857525848271795965e+01,1.339832638176716273e+00,-1.974681113315654287e-21
-1.127562840027061369e-21,6.682474155304405485e+02,1.567016501929751282e+00,2.848057060697227345e-21
-5.371359529082091102e-22,-9.281048706032886457e+02,3.677726300517601299e+00,4.285714124643092908e-19
5.752603681536578727e-21,-1.086660398807942940e+01,1.397991301622204530e+00,1.074857903678552279e-20
-1.879781065357296740e-21,6.339603568378674936e+02,2.926563910367961263e+00,-1.164261981890596966e-18
2.487622286081338914e-22,-1.153482755821741534e+02,3.336398292818256728e+00,-2.815155046910107336e-20
-8.181503966129796772e-21,-1.613155419692777315e+01,2.900335035080865875e+00,1.281579943458933033e-19
-2.020485961534421714e-21,-2.125563801014985472e+02,3.587236298061625472e+00,3.875225896845285810e-19
-1.405004094040518833e-22,-1.331039824746195777e+01,7.078122881283562817e-01,-1.420888419547510452e-21
-6.092112531063368986e-21,4.816143858431151443e+02,2.360877798137041239e+00,-2.084379574451521126e-18
4.728829419183780228e-21,3.166888720648548272e+01,2.708276711252495250e+00,1.359160109206595198e-19
-9.575444327836081091e-22,-1.242743670482849723e+02,2.734737749230859105e+00,1.092843968956710141e-19
2.913114347312825223e-21,-1.256276319983621725e+01,2.108888690552845002e+00,-1.875580074708133595e-20
4.039148055507502367e-22,-5.371052604898304139e+01,6.217132225411752255e-01,1.763504569597358557e-20
-6.195239040159341168e-21,-5.893384325531940249e+01,4.158061490588031539e+00,1.921831435125229545e-19
2.756341950404805988e-22,-5.205547071265358454e+02,4.384592495045064986e+00,-4.619534216351032441e-20
1.132560949997132496e-21,3.499958483554420496e+01,2.916730811022635095e+00,3.864124401206158032e-20
-3.761124530248324823e-21,1.618462105876052348e+01,7.269097419929906323e-01,4.548576482119031897e-20
-1.137527568377845795e-22,-8.222659747701808328e+02,3.498349450711029651e-01,-8.786953947991253654e-20
-1.249351812794797804e-21,-8.149810930839284140e+01,1.177317906197175024e+00,-3.903805458137459956e-20
-7.084510739897091220e-21,4.652039200223886724e+02,6.215194077678327211e+00,3.288127311362336723e-18
-3.867598480070809777e-22,5.823499917754921995e+01,3.217100849243909599e-01,2.136744365615145377e-20
-2.077924967619986600e-21,8.326547726662764717e+02,3.505923506038364668e+00,-1.616628357056606583e-18
-7.481782888790135550e-21,1.368304974876183877e+01,4.373152379495327757e+00,-3.406658864038995345e-20
3.709361229184212294e-22,-6.205009928515997331e+01,4.513043900733454628e+00,-4.557922582304904147e-21
-4.578330481522239331e-21,2.557688199373616555e+02,1.412145204071157123e-01,1.159337860155157577e-18
-1.716256076017322644e-21,-1.393451424602211830e+01,1.651853142935080010e+00,1.936367527238401936e-21
-4.855147090733807283e-22,5.513450105715329528e+02,2.732553461987700327e+00,-2.456029146859484658e-19
2.438622111219124355e-22,3.447704424096891529e+01,7.053524410704585801e-01,-6.401441372063170440e-21
-2.223339654462653745e-22,1.604122320748142840e+02,4.275582826094152522e-01,3.245454927419589077e-20
-2.876787765350504539e-21,3.552986412030959684e+01,4.245699742184763537e+00,-4.598839880672143067e-20
-1.125675741015024472e-21,2.887712146488049143e+02,1.177907125006024458e+00,1.244532236926437118e-19
1.073672943777942607e-22,-5.823331181821323099e+01,5.171089330663013461e-01,5.434870869621966236e-21
7.770078935885531029e-22,-1.314660524405298858e+01,5.309739109014287806e+00,5.745471123821096258e-21
1.581360843477050629e-22,1.354392101519397329e+02,1.561302283263238166e+00,-2.033387210696052074e-22
-3.237616324000058344e-22,-6.728778782046708784e+01,5.380987801641992085e+00,-1.350436702347570852e-20
-6.324135124384415488e-22,-2.100574042055942527e+02,5.448655569677078425e+00,-8.920765118723998782e-20
1.158081791758439619e-21,5.684723009601043486e+02,4.441483876144971532e-01,-5.944634974707206923e-19
-5.661483298235579138e-21,-5.407956790446096562e+01,6.172364856685186751e+00,-3.042924270414809944e-19
1.495735062708451397e-22,-7.938466966824970541e+02,9.783497548344635142e-01,6.630262860195666462e-20
-2.492023873438926315e-22,-1.190619420330640423e+02,2.048985558329558199e+00,1.365355083633053578e-20
8.050486091774865667e-22,-6.173919881120740456e+02,1.802198032482680956e+00,-1.139900291494622461e-19
-1.432166362839640155e-22,3.413524814718770983e+01,3.592283001429205314e+00,-4.400578615451151399e-21
-1.810929188871207106e-21,-6.724551424722220645e+02,5.516462721852038342e+00,-8.770227717555784232e-19
6.506809191339782859e-22,-1.040233002321876299e+01,4.524333265876768984e+00,-1.265384206293939514e-21
-1.105888324593001641e-22,4.926461371496827724e+01,1.722953679927916815e+00,-8.257759248070486163e-22
5.635677028917641511e-21,6.987430804473748935e+01,1.750316727244191295e+00,7.031406470758746736e-20
1.098899576041566118e-22,-1.535550785553623996e+02,7.541721080326412308e-01,1.229854058216492069e-20
1.821572316669090016e-22,4.453809419418577420e+01,1.260253174789818020e+00,-2.479117323347964442e-21
7.544885725449828067e-21,1.707339121197760790e+01,7.345258562519275669e-01,-9.560120030267802809e-20
9.061083254610006862e-21,1.202277438668202869e+01,1.766107750533154386e+00,2.114208454008937591e-20
-7.030393440514050109e-22,-3.271389642051573787e+01,3.716519704751181763e+00,1.930162728690379589e-20
-6.536763136450431784e-21,-3.643625632838968045e+02,1.896346214138349806e+00,7.617552850441435079e-19
1.951764956754040495e-22,-1.333338338798397160e+02,1.577219297912885843e+00,-1.671478775019018485e-22
-2.780221850817254164e-22,-3.454438947695774687e+01,9.210289266620633186e-02,-9.563399889161357626e-21
-9.413748115777060263e-21,2.485756172041236312e+01,4.911553824851773165e+00,4.629763522834059723e-20
-5.837295468099025504e-22,-3.158518677527016507e+02,3.144945503880907545e+00,1.843710313043311513e-19
1.531205344512005911e-21,-1.536097133557033771e+02,8.979014958546756020e-01,1.465939623507799925e-19
-6.146207333701113710e-21,1.672568852636491954e+02,2.993722400513154192e+00,-1.016777083456726835e-18
2.880088616092857516e-21,-1.147410288105658083e+02,1.993111272607712481e+00,-1.354484430410408615e-19
-3.366824381506852951e-22,1.294080637348388585e+01,9.667625371972466963e-01,2.474599853289393214e-21
4.601567542322378333e-21,-6.031990274927264863e+02,2.967169760355274910e+00,-2.733545555587561961e-18
-1.334300041843813610e-21,-2.565764200134782413e+01,6.210009116276131724e-01,-2.784319927863311586e-20
3.321511959843519483e-22,-9.471283425786037924e+01,4.538128037402981541e+00,-5.454368255846746426e-21
2.597510631602988884e-22,6.295974676660023306e+02,9.511075733964196033e-01,-9.498025174218395001e-20
4.055797251630108599e-22,1.638209012513098060e+02,6.602825894782156091e-01,-5.247749442827788596e-20
-1.408437817637622281e-22,8.278653995508299204e+02,3.397538386208210248e+00,-1.128013777542259423e-19
-4.581542628343493449e-22,-2.635626817430555491e+01,5.200313846806051687e-01,-1.047893362338701320e-20
-1.495724306893662174e-21,-1.050783250821834791e+01,6.201293424256473230e+00,-1.566414923755210003e-20
1.581528575918387917e-22,1.250326409919356934e+02,5.448828111369929950e+00,-1.328146822082206505e-20
2.940951810125710595e-22,2.270624361181295825e+01,3.743963035471137957e+00,5.502470388346072753e-21
-2.400811401917107736e-22,2.202754518354349500e+01,5.177597473746605949e+00,2.372423791996997406e-21
1.004966836012463068e-21,-9.703613087179243166e+02,5.068472858071403131e+00,3.399543684307435281e-19
1.017060009475948259e-21,1.039490938142843035e+01,2.686326159688280590e+00,9.495398636014297074e-21
6.453683824006761066e-22,2.530574874469386870e+01,3.604056793263553438e+00,1.461599807384950775e-20
-3.541571376097074612e-21,3.890879517293918184e+02,6.178321806189437382e+00,1.370413299842954415e-18
-2.750937028066811338e-21,-1.395136900530641242e+02,4.670538351248161857e-01,-3.426886043192085757e-19
8.678889200832918138e-21,-2.358421005608359522e+01,4.336346866069400896e+00,-7.516884066420270047e-20
-1.036395308191871622e-22,4.068039906524705884e+02,5.609572222262957375e+00,3.295187442005033510e-20
-4.229365554694739441e-22,-8.543574884270741165e+01,2.046779668699074239e+00,1.655701266034354171e-20
7.891575475984860781e-22,-1.128769169093512836e+01,4.424428183919004720e-01,8.050024588486805022e-21
-5.940663612741994337e-22,5.172482182492190077e+02,3.299224702822502575e+00,-3.034700425602075787e-19
-9.356307618322927842e-22,1.787895904120022550e+01,3.343430094937322461e-01,1.580180377384683761e-20
-1.768818936323972211e-22,3.364060860310193846e+01,4.887085483173404299e+00,1.034237196630661588e-21
-8.930809088871865197e-22,-1.777844759250384925e+02,8.583057762929349188e-01,-1.037950724684513074e-19
2.139105915069579496e-22,1.243367676960812140e+01,4.367203034806117046e+00,8.999654643932947500e-22
-1.299873740645830218e-22,-5.666035553298961247e+01,4.510760995814711904e+00,1.474974980115022499e-21
3.132997372682770560e-22,1.347213296185034004e+01,4.300743635078062788e+00,1.688823364806069432e-21
-4.517966522074926178e-21,-3.645182159908370068e+01,3.598060951846112410e+00,1.478264843422245903e-19
-2.079684487813031755e-21,1.577169671921376448e+02,1.121254084339016188e+00,1.425341480136523763e-19
1.732783790334810469e-21,-7.925820143569066545e+01,5.709010042198464419e+00,1.153139866794154403e-19
-1.876682050166352365e-21,-8.832871297534120458e+01,5.930939728087871288e+00,-1.555870011802090078e-19
-2.878892769627847116e-22,-2.250903260188074384e+01,5.065421068286481088e+00,-2.240462006977666618e-21
4.547613057805262051e-22,1.151309501470968968e+02,4.604684333593815460e+00,5.628206876856848088e-21
1.359875206487108935e-22,1.845514229598072404e+02,5.458473742064234635e+00,-1.703485061989433600e-20
-2.139674225100261478e-21,-1.826583921559302723e+02,1.567279838112732859e+00,-1.374344518114512720e-21
6.061134538326078735e-21,5.582515715858395424e+02,5.137941628023833474e+00,-1.396847608866571147e-18
6.685671293134870915e-22,9.279571244271271269e+01,4.930939458361582872e+00,-1.345122613767745171e-20
-2.023862103654431579e-22,-3.883775320601888552e+02,2.891742475485623132e+00,7.616161574766610516e-20
5.394996156342341317e-22,-6.666459582241331816e+01,5.332092190701445134e+00,2.088854548933418235e-20
3.800282342167044916e-21,-1.083730454916310748e+02,5.858023112876876048e+00,3.751820882856236922e-19
-2.938810075842443755e-22,-2.317163640214551279e+01,1.577511056075614926e+00,4.572497424974184667e-23
-4.238417296081567999e-21,8.786575260316308800e+01,1.753638986018980273e+00,-6.771397750272203697e-20
1.555985940021484332e-22,8.092623903439886135e+02,6.004141843368244302e+00,-1.210494182740617393e-19
4.246059791270982464e-22,-5.960736355839552516e+02,4.570633384773917562e+00,-3.575779705435882090e-20
-1.957455613537901388e-22,1.045626326836865303e+02,4.597852452476922203e+00,-2.339173704963680011e-21
1.102650855251827230e-22,1.640962245005878515e+02,6.856252892093793461e-02,-1.805157236633936702e-20
-4.847566289725158869e-22,6.798017623946870458e+01,2.760420118455961802e+00,-3.058871358001201380e-20
-2.885205600949404716e-21,-3.789499320376956462e+02,3.678457863339036127e+00,9.395320197978921717e-19
3.314145973002644457e-21,7.029994564839405484e+02,3.322700448939321483e+00,2.291737681632022236e-18
6.490202924123632347e-22,-3.542983821486563301e+01,4.566934149750154326e+00,-3.332906343791463637e-21
3.826098461721932501e-21,4.343252978525099195e+01,4.507018023409333551e+00,3.388855895654742072e-20
3.806224334795489489e-22,4.067104706067686379e+02,5.998518563541606063e+00,-1.485731230727847117e-19
4.083928801238302207e-22,1.127069136526628910e+02,2.073028063271164623e+00,2.215742850588618446e-20
-3.147832511412221119e-22,-2.773690655867262578e+01,3.181738989475733081e+00,8.724078476717507238e-21
-2.075652953055361695e-21,-1.115131176225938958e+01,5.354954522084069524e+00,-1.387042194025131833e-20
2.222592636429156580e-22,2.184360415689285873e+01,4.322879670646187833e+00,1.843589618930679567e-21
1.057381673283244500e-22,1.966785151372485529e+01,2.161347690188851089e+00,1.157984682851724539e-21
-1.485662920339470876e-22,-5.209032900814130471e+02,5.299838283814160889e+00,-4.289187634556388157e-20
-6.725610355372671922e-22,8.778890414651793890e+02,1.897216146456816910e+00,-1.893249863428179190e-19
8.550784048558502843e-22,-3.122834833057026316e+01,5.952052741515736933e+00,2.525205581806134663e-20
9.358910424519026666e-21,-1.423157935569595054e+02,2.144859119222465083e+00,-7.232969796838598421e-19
1.958213792928130276e-22,3.046835429705227511e+02,4.717695578030071779e+00,-3.166089766519179531e-22
9.897483886434647200e-21,9.173767002768362033e+01,5.125823798131889930e+00,-3.647842542051372253e-19
1.118122162205715256e-21,1.074686749309572953e+01,3.138790485855230017e+00,1.201626354144825096e-20
5.983439928859735816e-22,1.594500663940872016e+02,4.213128945477791376e+00,4.567810054813428289e-20
-9.209403997310427639e-22,1.068668811910394254e+02,5.546720071727427204e+00,7.291273931835691858e-20
1.427173518997429013e-22,-1.141214336150476498e+02,7.329831079069657473e-01,1.210428194897296680e-20
-6.080571730306612097e-21,5.651311518296706993e+01,2.553871628222635692e+00,-2.859728098836129450e-19
1.887997038516161570e-22,-9.647377346008263430e+02,4.598296427592869939e+00,-2.073601283160512609e-20
1.256513251945284219e-22,-7.309694709317489014e+02,2.714483410242586880e-01,8.848416287864405990e-20
-9.998691697692972663e-21,1.430132353607171325e+01,4.443796379231544358e-01,1.291065436565742874e-19
-3.524556643896062425e-22,-1.801400988022686818e+02,3.720108217302979803e+00,5.315977533104154080e-20
-1.531847775215502339e-21,8.430209789905933349e+02,5.618165465679234138e+00,1.016192638299116121e-18
-2.333978569281188043e-21,9.201895059649742734e+02,2.571205218016294203e-01,2.077099502729082559e-18
-5.730645186966717008e-22,5.603732440202472844e+02,9.606044064426660922e-01,1.840154535088336096e-19
4.566334323522961882e-22,-6.305146737216225574e+02,4.976080589914170460e+00,7.504374719772826607e-20
1.699799753671326438e-22,1.097048771031091441e+01,9.254207253762309904e-01,-1.121652359082508084e-21
1.027158533424681544e-22,-3.098876238711629227e+01,3.340523580130996706e+00,-3.120262618042181201e-21
-5.029197341597222137e-22,5.704840050476784654e+02,3.375296816506892394e+00,-2.791081514116181142e-19
2.995397042194968829e-21,-1.177128336711563463e+02,5.358557404305900995e+00,2.123096399740415109e-19
-2.644769171677234497e-22,1.028137565852412827e+01,5.992106414185326635e+00,2.604803429196852676e-21
3.917027254682879391e-22,-1.765410775794446749e+02,1.490865067408513545e+00,5.521492314503402436e-21
5.344903182541576438e-21,8.955208608785970625e+01,3.867940247009642452e+00,3.578391128979696823e-19
-2.632960955696014947e-22,1.290371289061552140e+01,5.050310025688927729e-01,2.973351884603333163e-21
-1.104661240923244028e-21,2.580624877318717836e+02,3.967124505180543270e+00,-1.933259424341505350e-19
-2.026758795087861442e-22,3.296219515982494954e+02,9.136383399451750709e-01,4.080998440447610003e-20
-2.865058883746477165e-22,-1.548616444806944514e+02,1.381163631331582486e+00,-8.363433303165268084e-21
1.391815732049348870e-21,-8.143171916468627103e+01,3.507598747798503780e-01,1.064370135115930677e-19
-7.894954133022081878e-22,2.290709462461205135e+02,5.221260464668684875e+00,8.810890346877467558e-20
1.620677746552370093e-21,7.607640924016338886e+02,2.236375134605164128e+00,7.613666274961973856e-19
2.906076774015122373e-21,9.981947854454719504e+01,1.320957826919787470e+00,-7.172230660098511626e-20
-3.049326185341758451e-21,-4.569478416412093225e+01,7.548303315242237133e-02,-1.389415372198860181e-19
2.886321928346038355e-22,6.957463441758176259e+01,6.107789226224162427e+00,-1.977337921649463062e-20
-2.140276740189003704e-22,-7.077360371710514642e+01,5.359279421903315743e+00,-9.129525550764585336e-21
5.993821951727643241e-21,-3.545725586099755589e+01,1.731662405697840690e+00,-3.404071804233025658e-20
-1.351991893952140742e-22,-9.286698640378667733e+02,2.976984684599546682e+00,1.238582390799090010e-19
-4.361188250090094866e-22,-3.321396708643655415e+02,5.158926003603411026e+00,-6.255372594340378123e-20
9.248810311647402507e-22,-3.594213053838409166e+01,4.157040631486702331e+00,-1.752659249372078065e-20
-2.856209360769210768e-22,-2.114469382747039958e+02,5.469834857587094312e+00,-4.149455247956772316e-20
-1.118836343000331488e-22,3.381282215547896612e+02,6.425557187776583801e-01,3.028625693950907511e-20
-2.629953174549567028e-21,1.233449907284860814e+01,1.612999348731132265e+00,-1.368624010419157091e-21
-9.276177028999952645e-22,-5.903657530473797266e+01,4.655055399659513427e+00,3.138060364068679663e-21
-4.465249449827106470e-21,-9.991942525273243803e+01,5.881759562582675294e+00,-4.106971910660058885e-19
9.550285063882263225e-21,-1.924745507566317997e+02,2.271508860937217822e+00,-1.185193933899205333e-18
-3.820799164896835729e-22,-1.514185819689569712e+01,2.835758766476810244e+00,5.516935434658437816e-21
4.901220730091981739e-21,1.646830635733906263e+02,1.492378950709343233e+00,-6.322958250121942177e-20
-7.179714581304049959e-22,-4.339773693068701732e+01,1.661585419455704260e+00,2.824952507582374111e-21
8.425895504767496922e-21,-5.382030736850759922e+01,9.672790058696372970e-03,4.534630714418382781e-19
7.319752723246437419e-21,2.312101911949698092e+02,2.920337954436076799e+00,1.651145534879457339e-18
7.144538792458895923e-22,-5.427574470444845929e+02,5.258511712329785759e+00,2.014018277278765353e-19
-1.200511519304161080e-22,-8.935926581164585514e+01,4.877911124819011235e+00,-1.767571988620058886e-21
-7.081761601715734373e-22,-3.433716406815227629e+02,5.517539095266392302e+00,-1.753079633975550965e-19
-8.521599270117250630e-22,6.813216103952092908e+02,2.563560827815752674e+00,-4.862713028339856473e-19
5.309656356655300091e-21,-1.241828517569547472e+02,6.275969545389150639e+00,6.593511025576252431e-19
-1.156163925323070015e-21,4.974318796424016682e+02,2.867433234857283519e+00,-5.536341230654345563e-19
1.169394011839562664e-22,2.393208337636074816e+02,5.697059908519704230e+00,-2.331488907044802460e-20
1.533927147874780680e-21,-1.050044152676158760e+01,4.960855033689729687e+00,3.960970141501318338e-21
-1.098955733723150012e-22,3.042605295140590442e+02,1.794573783497205310e+00,-7.420128612917117558e-21
-6.656923151496820795e-21,-1.120113982386810747e+01,6.644047375612218698e-01,-5.870392831257619944e-20
3.950698498083928062e-21,-2.140568318657090074e+01,2.993246166953641207e+00,-8.363858177895322884e-20
-1.896468506023527790e-21,-1.483013615383667450e+01,3.242738034858255514e+00,2.798114451185088946e-20
5.086953925785768693e-21,1.790549519301200974e+02,3.273391114418570780e+00,9.029446732241165788e-19
9.586093596191325309e-21,-4.586843966986080545e+01,5.066181198956673626e+00,1.523371318126369910e-19
2.637377030789721221e-21,-6.631333189665909345e+01,4.270955241872318453e-01,1.591830700880923845e-19
-4.722465101325939334e-21,1.014913787892268004e+01,5.084858209542624685e+00,1.744213347295036212e-20
-4.172424975279439107e-21,-3.393663544666878096e+01,3.543751378328011903e+00,1.303011170043656694e-19
1.097847487636975575e-21,6.609482022881048806e+02,4.711682522353868308e+00,5.126202621109860611e-22
2.193755968513104194e-21,5.253096772865518460e+02,6.155839043757659113e+00,-1.143069574867223975e-18
-7.072669517894497423e-21,-8.001360965440786686e+02,1.408390858841682913e+00,-9.150336588617839612e-19
-2.126764956739209309e-22,3.243784119614071528e+02,4.433352391005230153e+00,-1.900124671168348952e-20
-1.873076950963108605e-21,3.616456794790052953e+01,3.940363885661212207e-01,6.254797047475994000e-20
-9.515458070382270216e-21,9.529959759534358454e+02,7.986010788384731995e-01,6.326965049436345669e-18
7.553608644026293569e-22,2.874120828303748567e+02,5.415612042081458632e+00,-1.403940091245872878e-19
-1.638627494617984033e-22,6.847416313922613540e+01,2.058252531337473989e+00,-5.255393195692122375e-21
-8.093907809746318792e-22,-1.834688732464341143e+01,3.686446251693896059e+00,1.269959741634597186e-20
-3.446338111771627645e-21,8.045913863831722210e+02,5.529301285140848510e-01,2.359703155279966382e-18
8.578956210971723551e-22,-3.521631159280795487e+01,4.733784161026186155e+00,6.463401619652054857e-22
7.079329240634586627e-21,2.251190921628331054e+01,1.371097296633016160e+00,-3.161476507828575268e-20
-1.307620336583634617e-21,-1.621884418850000600e+02,4.722306892456472838e+00,-2.103365284263506805e-21
8.908170557917959387e-22,1.689539526634640652e+02,5.310560520780940763e+00,-8.475540907027790225e-20
-3.838777226777643832e-21,1.407559637153539889e+01,8.124409232284971472e-01,3.716008560336077106e-20
1.704983347303569812e-22,-3.190068494765979068e+01,6.125724120622673574e+00,5.371725340808218168e-21
-6.475179112799260886e-22,-5.630156446371434953e+01,5.747011891536173422e+00,-3.134035489635145247e-20
3.927642407508665777e-22,1.142762130035420256e+02,3.211711110594641649e-01,-4.258854834524656577e-20
-6.878434143332981683e-21,-8.555477772270968444e+02,5.107630196146106805e+00,-2.265840545355549059e-18
1.862465736613313340e-21,1.174852920965562042e+01,6.095105387520421303e+00,-2.149535863412372368e-20
4.109614753916025443e-22,-8.981834921541398842e+01,3.351271285218201168e+00,-3.610343199454458312e-20
-1.110046564085356991e-21,-7.381860031866335703e+01,1.827559998889628945e+00,2.080932785455223900e-20
-8.084506058805455621e-22,-3.362595510308607913e+02,4.049074233697616543e-01,-2.498672012512603661e-19
6.712957669099831870e-21,-2.624818812647744153e+02,6.196297383992643404e+00,1.755382709553577845e-18
-6.943660383308084592e-21,-3.718830202200765456e+01,3.455778045553810518e+00,2.455825243789160448e-19
-5.833622858117822610e-21,9.696728700550019653e+01,6.268450934109661699e-01,4.581265244150945611e-19
-1.643412345848404708e-21,-2.929002191187304405e+01,2.327085905893433004e+00,3.303194976854604263e-20
3.294518722224891401e-22,1.503689801731916589e+02,3.626772286568605619e+00,4.382206545164865960e-20
5.177512520203509738e-22,-1.562281082797788940e+02,3.325062562283676026e+00,-7.952973112601834697e-20
-1.782198180705586918e-22,-5.387830297803034796e+01,5.944244685094612457e+00,-9.055888534734080248e-21
-6.900230666610820534e-22,-9.890674361847463842e+02,9.197506273297202384e-01,-4.135951358993611483e-19
-3.586861745006006500e-21,-4.205568921497512065e+02,2.506975221270697496e-01,-1.461323782300218912e-18
-1.317418555822369107e-21,3.992570215549119439e+02,4.610593310185874927e+00,-5.345093825663249452e-20
6.383612221541569654e-21,1.631734127326701156e+01,4.339882754168129964e+00,3.791043016621780195e-20
-2.630834439365169378e-22,1.726749069005612114e+01,1.214365515328275524e+00,1.585123323455249709e-21
1.345721599239708126e-21,4.491845392663156389e+01,3.905414603081040603e+00,4.365521422948367064e-20
8.206296138182490020e-22,-9.144169176220692634e+02,3.703149516607446845e+00,-6.351568663905834136e-19
2.458065615916965232e-22,9.943378954188605121e+02,3.051407559411080772e+00,2.434214970130797186e-19
3.477685466498795680e-22,7.487539055712172740e+02,1.871750133630670332e+00,7.718864697769136421e-20
3.426281006225451585e-22,-7.000650875408942966e+02,4.150599579747212609e+00,-1.277748140188399931e-19
-2.730002753948057651e-22,1.056256505966611456e+02,4.792723238476969350e+00,2.314014319858592002e-21
2.964603426696174657e-22,7.778447834980158859e+02,2.922521367091324596e+00,2.250887190329084963e-19
-1.142114896196305201e-21,-5.443818124772336375e+01,2.297182521721413406e-01,-6.054136605813243108e-20
7.010215519720403057e-22,-3.597914277934740568e+01,6.031125675001619335e+00,2.442515475160468640e-20
-9.861138172143179714e-22,5.373149777859570264e+01,4.112811696993745159e+00,-2.989930334193245924e-20
-4.109268960976812384e-21,-2.485337743233978358e+01,6.225028039174219652e-01,-8.297198759070339467e-20
1.220232337937289132e-22,1.862987673629086771e+01,4.614922768534303721e+00,2.212171394995224509e-22
-1.006279693183640687e-22,8.281948467675559300e+01,1.185953325093312971e+00,3.128680855104246609e-21
-2.932261317667732238e-22,3.480487716512256213e+01,2.317160523709578257e+00,-6.929404446769107101e-21
-2.544999263656547071e-22,2.831771697918463246e+02,4.619566686856209969e+00,-6.679967792457280626e-21
-1.668048693079821949e-22,1.823420307506196991e+02,4.758951844562863132e-01,2.703585408245780815e-20
2.509227690781063001e-22,-6.248271386784789456e+02,1.224457082180434364e+00,5.322116118344225049e-20
-4.594333104225275530e-21,-2.289698295527198013e+01,1.200305710244875090e+00,-3.808874345333000655e-20
4.273393112839438741e-22,7.464232256890053918e+01,5.963537253610778244e+00,-3.028185998237031070e-20
4.394971195098109259e-22,8.541402253179060722e+01,5.100871024701032042e+00,-1.421925497325804447e-20
-1.051082107836228254e-21,-3.139470657079561633e+01,4.845534632711533618e+00,-4.380625469482972735e-21
-9.892115355994547903e-22,2.187045295656584472e+02,5.899393188132880717e+00,2.006062417314852782e-19
-5.088798385274982396e-21,7.986467536117433497e+01,5.410529699789254465e+00,2.612414826579998938e-19
1.296156356099470582e-21,3.974780203601062567e+01,2.438054846327958103e+00,3.928651970676136948e-20
-1.615725467444653981e-22,-7.203447829390015613e+02,4.324943980904799368e+00,4.397416137691092696e-20
-4.644971485076316913e-21,-5.298316070959599955e+01,2.739576051624583730e+00,2.264842375534438717e-19
3.935264739389498125e-22,-1.244904941876299098e+01,1.714632123714818102e+00,-7.022287311516492492e-22
9.598677385507824985e-22,1.054012213148046051e+01,6.023750116706369617e+00,-9.778553924959913149e-21
-3.469329770405541767e-22,7.305339123546492601e+02,2.351917493412991611e+00,-1.784454681568684412e-19
-3.873486548708983461e-21,2.426268225058048955e+01,4.705483408543052803e+00,-6.489885861404934767e-22
1.101381921375348100e-21,4.245428716523205139e+02,2.965462342592379397e+00,4.603499071395416065e-19
-7.684597728066248534e-22,-2.772006520198240764e+02,2.067257468524109409e+00,1.014638596789695315e-19
6.153108575114217642e-21,-1.946240062273501792e+01,5.189950197937613474e+00,5.504081023218581429e-20
-2.029169634144899683e-21,1.307061242376255450e+02,3.995916640829525690e+00,-1.741807388347852825e-19
-9.863071858635845495e-22,-2.593376643469428799e+01,3.678276948804309221e+00,2.198252276058077829e-20
-3.618759342243166288e-22,1.040362417157625252e+01,5.274901488602809607e+00,2.007829055542336892e-21
-9.053563930164111511e-21,1.263860002576511654e+01,5.318789190869479100e+00,6.521196011536159784e-20
4.104775520401401521e-21,4.683752198709509429e+01,3.100035872093373612e+00,1.920915264756257739e-19
-6.603340129312827570e-21,-3.959757792278105626e+02,3.103256581832525285e+00,2.612841589725704032e-18
-6.432476398902600733e-21,7.021827242512658813e+02,6.264388588200946018e+00,4.515975899275055533e-18
9.567804322954329982e-21,-2.860654493831452072e+01,3.061730963759207835e+00,-2.728294681266686953e-19
-3.514523361885244959e-22,-1.255851655057297194e+02,4.547613284106580167e+00,7.239872091470432413e-21
4.705581645190058629e-22,-2.947643481230417137e+02,6.931239204058681214e-01,1.066983975589744799e-19
-1.623139522990783289e-21,-6.428283984018409001e+02,5.577269881841742105e+00,-7.940463245503551075e-19
-4.784669280599773732e-22,5.183254622022076319e+02,2.950172377823225833e+00,-2.434718458014864392e-19
1.098473562010704268e-22,-1.288353261979046920e+02,1.942520790994613167e+00,-5.140406962152299525e-21
-4.090240042861991984e-21,-1.359203781231851238e+01,3.577618951052877971e+00,5.039309468072476769e-20
3.553373870647364335e-22,-2.940603583181203362e+01,8.207132118905856588e-01,7.123122412405501702e-21
4.455576124731375054e-21,-2.076475857559186622e+01,2.193445996528490927e+00,-5.395609930133610316e-20
3.907404508425631247e-22,-2.080574090093867667e+01,2.660072765419003282e+00,-7.205239326515205756e-21
3.460720492799649133e-21,3.585132721949312185e+01,2.734909413191831895e+00,1.139518929316470727e-19
2.398771662716514669e-21,-3.114221165146314618e+01,1.206028338687310658e-01,7.416043341439219889e-20
-5.433372042025089188e-22,-2.037225908875130642e+02,2.924369700518726578e+00,1.080888154267341421e-19
-8.332476327138742718e-21,-1.508752262237751296e+01,3.905200279253361995e+00,9.081074781844940800e-20
2.395935816502408093e-22,1.526668587753415807e+02,5.958797201487593398e+00,-3.467030802859413814e-20
1.739543633437010953e-22,-1.711490461448017442e+01,3.601925752115073820e+00,-2.667298135681710011e-21
-2.534981609647570428e-21,-6.464941858625085160e+02,1.119416813181633108e+00,-7.148787120858832285e-19
-1.038727171096180150e-22,2.689008155083217133e+01,1.734315002191396005e+00,-4.546988513299958027e-22
2.801926046888797204e-22,-1.355658776404218102e+01,4.508145537166806882e+00,-7.704270309488174709e-22
-1.569292677448799345e-21,4.146670287010009019e+02,3.749571059011974850e+00,-5.341253055690432231e-19
-6.655981465943999507e-22,-1.977192273236508413e+02,4.270696201736542186e+00,5.625576753975993946e-20
1.729416858184425037e-22,-1.596752072627572794e+01,1.846530282462955030e+00,-7.518136999951883675e-22
9.704457340830133054e-21,1.576001583098487657e+01,2.175277446555637706e+00,8.692255324596526892e-20
-2.111047688973407576e-21,-3.517899809678769998e+02,1.972484249514753207e+00,2.903539141444979001e-19
5.094870075217973127e-22,9.871295982642375293e+02,1.489365888963836371e+00,-4.090854089710050450e-20
-2.427083847906095570e-21,4.504852919297490530e+02,6.024529134486555471e+00,1.056994307727537146e-18
-2.802289421052036903e-22,5.752670538799873157e+01,2.235579176443287519e+00,-9.944638027761091326e-21
-3.337481464409888781e-22,-2.661335219066409152e+01,1.223231471377445034e+00,-3.025345129856653814e-21
-7.457317930102394915e-22,-1.463811858188526287e+02,3.768910555918797978e-01,-1.014994483302831971e-19
8.702776849184701615e-21,5.785704729581265156e+02,1.565115291496510075e+00,-2.860482303282239580e-20
-4.378464816364287051e-21,9.570969178881657626e+02,4.678641827190264557e+00,-1.413944905876295902e-19
1.352072459087827416e-21,6.205027455923412845e+02,6.265932665972018256e+00,-8.388398157612278590e-19
-1.552182566642748911e-21,-1.436989683646405638e+02,3.831780643316935020e+00,1.719974423804735089e-19
-2.268447296201821615e-22,4.790447032611128719e+01,6.047370407559834682e+00,1.056612792751974388e-20
2.127810160053284279e-22,4.625089802767147376e+02,5.301477765762468763e+00,-5.467869235551849964e-20
1.081364783754958544e-21,9.110558779481757483e+02,5.355489618051878509e+00,-5.907945679616259226e-19
-3.101926304452380690e-22,-3.240029397289002588e+01,2.417696973137118288e+00,7.530023407831254038e-21
9.713200415334861208e-22,-2.636933503549921554e+01,5.510331723332279275e+00,1.833693699900487507e-20
-5.892134427763702917e-21,-3.042620488259418465e+01,3.856654578565061442e+00,1.353622805892778247e-19
1.099592450563729988e-21,-3.502838908204764721e+02,5.770171337103370490e+00,3.355863389957260807e-19
1.799589065890231440e-22,-3.120726300457017288e+01,4.815475974182693797e+00,5.779142808513396024e-22
-3.302594437833036558e-22,7.897240106775415143e+02,6.074800016157184679e+00,2.551714295137990971e-19
-6.723389070236582099e-21,-9.362696236798454663e+01,3.536658644788312156e+00,5.810015780953123239e-19
-4.893769627863358980e-22,8.327504757771502000e+02,2.200549865122004789e+00,-2.400123485375775899e-19
-5.467810501151151272e-22,6.256450814498828805e+01,3.393536711454800070e+00,-3.312909369136224407e-20
7.949267807854798845e-21,-2.416768261462957241e+02,1.506628626091117473e+00,1.231914423132376184e-19
2.902556309259885834e-21,-7.759929566968364725e+02,4.000737221658467568e+00,-1.470985808123553584e-18
-4.102481042399427693e-22,4.299898790669710280e+01,3.522869917746947799e+00,-1.637350871002093295e-20
-4.466238900609730007e-22,4.930341123623130102e+02,5.381090197240079753e+00,1.365173364696781425e-19
-1.209143058097121759e-21,1.294278836378110213e+02,4.262393107806701664e+00,-6.807014432860185979e-20
-2.216110389383567549e-21,5.729409671398942550e+01,3.107118548264966140e+00,-1.268946007917164742e-19
-9.344489389731713748e-22,-4.704128272093605574e+02,4.837780412908186278e+00,-5.497483419591268241e-20
2.867265377786583947e-22,-3.245439239722097682e+02,4.044058979612580096e+00,-5.766418362524134091e-20
-3.751327185509388476e-22,1.503954794036062914e+01,5.885883397758997049e+00,5.202375194741918698e-21
-3.142964659309233591e-21,-1.183276740503871238e+01,5.506773680793488168e+00,-2.653253626954184269e-20
-1.357738726697265362e-22,-1.133747153142847139e+02,4.967218329102811580e+00,-3.880353341199736069e-21
2.995282332696143940e-21,6.538625170325935869e+02,3.899562385152213206e+00,1.422329810791490135e-18
-8.609452459277310893e-22,3.953638996494216258e+02,4.874350148064647392e+00,5.488871791949580633e-20
1.948601743956681082e-21,-2.334088185709562779e+01,3.551620105798412919e+00,-4.171206775615231300e-20
4.296685128936598752e-21,5.417520130110874987e+01,1.261064498392299726e-01,-2.309253516246896456e-19
-3.625954953115889105e-22,-8.518484813693167723e+01,4.698261430806648598e+00,4.363521811523489782e-22
-9.468625164685452110e-22,1.569391578876469495e+01,3.097197510471144444e+00,-1.484533902066243930e-20
7.090193306859195914e-21,-2.422905760687231691e+01,5.231281699924651640e+00,8.519326660776017494e-20
-3.080994788436503165e-21,-3.607417976503857915e+01,1.288392404243882128e+00,-3.097205978486347683e-20
2.538168450066538281e-21,1.001145127208668555e+02,3.431133778010969859e+00,2.435302707369761837e-19
2.053374332776614740e-21,-2.160307138559037128e+02,5.450565334556519481e+00,2.985107867759843873e-19
2.571583597856196382e-22,9.613875676058751196e+01,5.143021688828826932e+00,-1.032046523056607683e-20
-4.602026962475992683e-21,-2.981128770769965186e+01,1.789832914961475119e+00,2.981043388249306716e-20
1.422474320534643176e-22,-3.703417868752274700e+01,3.132472194607114346e+00,-5.267797713907037415e-21
-1.653044678226674344e-21,4.371412250559080803e+02,3.679724836962584789e+00,-6.204851333876084801e-19
2.569603476522967054e-22,6.316841643554538877e+01,1.196461386411148409e+00,-5.935208233338146665e-21
9.193821004246232762e-22,1.373956893050748285e+01,4.436904588544996919e+00,3.436045965344050688e-21
-8.085321005022204039e-21,-4.084831569000728280e+01,4.480582259094768816e+00,7.587540677685744112e-20
-8.615438211348725992e-22,4.967387218273622125e+02,2.083653572365812945e+00,-2.099877287487388517e-19
1.768504658409443048e-22,-2.653894035722175104e+01,5.231662776958200922e+00,2.329110674038229282e-21
-2.176523074855454343e-21,-2.202059125908080617e+01,4.808806029257448045e-01,-4.249267467895556711e-20
9.501993338499945304e-21,-9.010842009908135424e+02,8.587070466544280967e-01,5.594617227150145377e-18
-7.734130440017651189e-21,9.023951273467259853e+02,2.908226755991939250e+00,-6.790059033591686993e-18
2.793749211584128123e-21,-6.219516168083048768e+01,5.748280777777368122e+00,1.494867415076416381e-19
-1.806560041427579387e-22,-6.104963554089172106e+01,4.502473082344380373e+00,2.298193546002496289e-21
7.670818984437877733e-21,1.348411428137812607e+02,4.438581485386044356e+00,2.796850908770389754e-19
3.317517163362511877e-21,3.476902266717679595e+02,4.376859489008399606e+00,3.798015605044947301e-19
3.876872753335000320e-21,1.462487079355958883e+02,5.745242938445416669e+00,-4.869090009494363956e-19
-5.307725845516584034e-21,4.048053810226074489e+01,5.198908916214253217e-01,1.864709276073902921e-19
4.878950088521918794e-21,6.531122039002961799e+01,2.916993587968581547e+00,3.106468006849615797e-19
-5.719418127970848355e-22,1.839359708150123041e+01,4.035822215855638717e+00,-6.586821705258634800e-21
2.223910220599361186e-21,1.464853738761120105e+01,6.590081811805216239e-01,-2.575539967454220973e-20
-2.854139092904393292e-21,1.562406474771402429e+02,1.712478304275519614e+00,-6.296943717516467839e-20
4.153010110457249525e-22,5.545154974382954549e+01,1.195965756926250734e+00,-8.431290290510249464e-21
-1.930708865564316030e-22,8.245981475047939568e+01,2.698630229839733552e+00,-1.438402787937633243e-20
7.931655966001825619e-22,-1.596152069454289801e+02,3.603485005488214821e+00,-1.133348412875830261e-19
1.327170553874297551e-21,-1.507930374232807935e+02,1.269722590601986445e+00,5.934714438574581207e-20
-1.026875626439600959e-21,2.778784265908433326e+02,5.692521427451359139e-01,2.403486562920519746e-19
4.092190334373540712e-22,1.688059861919438163e+02,4.362788519024475953e+00,2.366098001882850896e-20
-1.162513356758276729e-22,-5.434527321242275093e+02,4.001614515076846068e+00,4.121806437483212278e-20
5.559521596244233483e-22,2.231175050823487283e+01,1.897715253939827651e+00,3.983340590294345060e-21
-1.396904031288256141e-22,3.122787656969812886e+01,6.127355386212508748e+00,4.309377762788352943e-21
-2.504831688464364497e-21,-2.474504855180696694e+01,1.292558162566922020e+00,-1.702414992049160874e-20
1.194646904157330385e-21,-5.301209374869347357e+02,5.745434130818648732e+00,5.439240572906680842e-19
1.164029245923381427e-21,4.961702453689214281e+02,4.939887570223861601e+00,-1.302628685406638722e-19
3.314550309202706681e-21,-1.089061120478970537e+02,5.819283472844014149e+00,3.228246143334218868e-19
-7.260591171613416660e-21,-1.495235547341181075e+02,1.638561652388232925e+00,7.351173701562316461e-20
1.189621618594092550e-21,4.081664194760594455e+01,6.511226627242820697e-02,-4.845346607288664680e-20
6.044673008964779935e-22,2.395851222392078483e+01,3.054530798671814651e+00,1.442728626721642438e-20
2.726530894845495353e-21,9.159944081558751350e+02,6.201575521388946743e-01,-2.032422254994972482e-18
4.195182850892504254e-21,-2.902299958529737296e+02,1.475478018377843759e+00,1.158808524434581921e-19
2.031660325606630176e-22,-3.050571631977505049e+01,4.116158410387779298e+00,-3.480192756706562943e-21
4.692177438157721167e-22,1.658780881524618778e+01,3.655353634334761903e+00,6.778488955141072262e-21
2.330079437688871550e-22,-2.192309465025671500e+02,1.181650069131435776e+00,1.938065091239024910e-20
-1.339958703019798266e-21,-6.640747422677149814e+01,3.594693256311022100e+00,8.000433764196433245e-20
-1.384050381454224590e-21,-1.650728318907061265e+01,5.628144468100089171e+00,-1.811812751440847748e-20
-3.319537687835708955e-22,-3.987841652782163493e+01,2.095199896036107123e+00,6.628119551248388924e-21
2.820277195842516214e-21,-7.337923943334500620e+01,3.369892995729791618e+00,-2.015799600526616005e-19
-7.051679281441713843e-22,-4.482172496833001674e+01,4.606643359380495628e-01,-2.831206247113366640e-20
-5.017608663437877199e-22,5.965920655121249183e+02,5.612966229753138414e+00,2.345935828500873766e-19
1.152470862683383524e-22,-9.533694659809968641e+01,5.682603686613308724e+00,9.064604534530672459e-21
-1.222759237852684456e-22,-1.389903397775349561e+02,5.670128642975189592e+00,-1.390023454711165429e-20
-1.514721118450634085e-22,1.286310621770693388e+02,4.112715477237814277e+00,-1.099625354009850662e-20
1.505640859373725115e-22,2.287507903139627956e+02,4.036854168183914737e+00,2.153687435040719667e-20
6.640678446548827826e-21,1.000304575391539288e+02,1.092280265076483348e+00,-3.058714205759087424e-19
-1.474559023502714327e-22,1.798250718911490367e+02,5.537509455761798094e+00,1.947963357764745423e-20
-1.958509539161505284e-22,1.665411330778996728e+02,1.004397917224136405e+00,1.750229255948908355e-20
1.722395751113234188e-22,-4.213247482376406765e+02,1.567047878419477180e-01,7.167960362596053008e-20
-6.350532626595562441e-21,2.132345597393128500e+01,4.996176138822711721e+00,3.791538121282744685e-20
-1.123387982681085735e-22,8.685059747691786924e+01,1.079910472706232749e+00,4.599375925081845595e-21
-6.840564421207512565e-22,-2.080460430652027881e+01,1.941455872070834365e+00,5.155088570779800763e-21
3.393375647890341484e-21,5.716863664287384239e+01,1.095757574529185430e+00,-8.872790169247049419e-20
-6.173692178950562213e-21,-9.551987053192012809e+02,2.596735406787373357e+00,5.043209889275704431e-18
7.640181488790991253e-21,1.475255709902213042e+01,1.986158710610896883e+00,4.548180459579118152e-20
-1.518241700332423401e-21,-2.419932357180367788e+01,1.791581798228417122e-01,-3.615235698535869699e-20
-1.193648789124057631e-22,-1.113988360862162637e+02,1.086405562997648122e+00,-6.192055204167318628e-21
3.674608319977193681e-21,-1.742237914159633760e+02,1.155066393080533604e+00,2.585514553163246812e-19
-2.463605124870616521e-21,-4.626033746614291431e+01,3.643464684567081946e+00,9.991317056433903840e-20
1.113772864338952109e-22,-1.914078340599296624e+01,2.679372739114171953e+00,-1.908142488037182194e-21
2.357978699915858464e-22,-2.203120457661485148e+02,4.690406915174742952e-01,4.633872845290456022e-20
-1.853661677891014119e-21,-3.606989863718793288e+01,1.649106064318097919e+00,5.230548000571688118e-21
7.466553741865726694e-21,-8.913455581560116059e+01,5.775407467762756042e+00,5.815563996680076896e-19
-7.237783220467070486e-21,-8.545067366514913374e+02,3.640164625006296006e+00,5.431843904989123371e-18
2.100931745736741781e-22,-2.576960451441256055e+02,1.086765086011424408e+00,2.519419261600753023e-20
-2.735483571400787812e-21,8.296325087297536527e+01,6.162599795217933440e+00,2.252966226301107304e-19
-1.522138853298619486e-22,1.256836011115805292e+02,9.073645425595402436e-01,1.178120526328398838e-20
-1.375758423701981898e-21,2.628805573418896415e+02,6.741801059428985665e-01,2.825357876798613706e-19
7.310029101726871263e-21,-9.643640837565153845e+01,4.127781227824263155e+00,-3.890440198325351142e-19
-2.857937175957122199e-21,-2.107046484555910979e+02,3.785171251827126326e+00,4.817165193420745082e-19
1.241778050948584358e-22,-1.761577549587135252e+02,1.738940229511958480e+00,-3.660821175159015028e-21
9.947978400467785325e-22,-8.197647723604615067e+01,8.929873127485147277e-01,5.113902951312627147e-20
2.788380225104724116e-21,-1.481021861898138354e+02,1.533744509182761950e+00,1.529761079094310715e-20
-2.147800127212299714e-22,-1.316063355724276995e+01,3.308467017645762898e+00,2.787375477044868623e-21
-2.251942596823096184e-21,-8.137834661134040459e+01,2.442047329999690763e+00,1.402181578325765538e-19
-1.310669256630706643e-21,8.688468300036436176e+01,2.558683512714281516e+00,-9.507197187250979935e-20
3.582719418200119262e-22,-7.876716975773513241e+01,1.773226660874636318e+00,-5.673662247316667781e-21
-3.158117488165400534e-22,6.547518723454834344e+02,6.173254054903412502e+00,2.055301459239989827e-19
1.242641361352638056e-21,-3.189061839861184566e+01,4.958209544091582544e+00,9.643711411206588257e-21
1.029643627049041067e-21,-5.464103492837026579e+02,2.944288671495702836e+00,-5.516925700215761953e-19
2.171496505648243626e-22,4.664693915995739104e+01,4.336993614720618950e+00,3.713834910422423077e-21
3.171012414136712884e-21,-4.609832943951504944e+02,6.229868268440227119e+00,1.459706530213199266e-18
1.604360916324286151e-21,-6.556537402218367561e+02,1.918776075748802379e+00,-3.586989913339721589e-19
-1.367471828640420454e-22,-8.712855302668732520e+02,5.730372047072067154e+00,-1.013991514437547221e-19
3.196383569295636751e-21,-1.718393979104244806e+02,4.640043016773968132e-01,4.911895696284767868e-19
-4.632003701795483190e-22,4.883181182895858115e+02,2.598166842907118301e+00,-1.936048511965463496e-19
5.371246269264493106e-22,-2.458831877373400587e+01,5.052540599504315111e+00,4.406248959186387924e-21
-7.929143447555811860e-22,7.761715845861587013e+02,2.764283184395679438e+00,-5.721472397793483110e-19
-1.691875322812513405e-21,1.719571213436362456e+01,2.420720815630128975e+00,-2.185555164788250085e-20
-1.014597461228438776e-22,-2.699801037734579978e+01,2.072220137154498154e+00,1.316669185373036555e-21
5.342626238089856709e-21,-2.423663686431552833e+02,1.996457284442739066e+00,-5.346826162071843089e-19
1.124954165299444402e-22,2.323076695243467071e+01,3.769037980815602928e+00,2.115588963447569536e-21
-1.510615303897253022e-21,5.869050730181932352e+01,4.259921145736822901e+00,-3.876040883313733989e-20
-1.723837475396144636e-22,6.582727262846141514e+01,1.879682938057851471e+00,-3.449634572926776996e-21
7.857340686423134901e-22,2.249920549531614711e+02,1.323155506053636854e+00,-4.333282165760649697e-20
-1.470328616840777176e-22,7.463041051354052513e+01,3.040342016118920299e+00,-1.091692432640199909e-20
1.203164931230183632e-22,-5.375754758103484221e+01,3.277043684595798645e+00,-6.408676862490371944e-21
-6.457175555634193073e-21,-5.983016398042373396e+01,1.296225169305166847e-01,-3.830928239041957958e-19
-1.650894097780456970e-21,-3.682624553155014979e+01,3.043342811305584483e+00,6.050303339083608808e-20
-6.286069321846975854e-21,1.992835411039143594e+02,3.043924355585459374e+00,-1.246740040654887375e-18
1.146657906416625508e-21,3.599537788308048789e+02,5.323993361114266243e+00,-2.369899839397920474e-19
-1.488908813136432881e-21,1.138173948522631633e+02,3.929259949521931361e+00,-1.195567311653898231e-19
-2.271725492236285132e-22,-2.137747944090070291e+02,5.721762662498882435e+00,-4.110915737187354819e-20
-6.098728815616766293e-21,-6.789386739955965311e+01,4.950731419311768633e+00,-9.775784041782959842e-20
1.176111670304757448e-21,-4.447783351147821804e+02,2.530139895091918056e+00,-4.283294437646928891e-19
2.584675992001386705e-22,-1.490287555384593645e+02,3.800832789088083530e+00,-3.044773015684464072e-20
4.929816811490613041e-21,-7.071371228831354472e+01,3.127306810085557665e+00,-3.485700755984393474e-19
2.447111622468091992e-22,-1.115499666236567293e+02,3.608739148442499545e+00,-2.437278276443794275e-20
-2.219874414121696885e-22,-1.575471374376824372e+02,3.263053711092496201e+00,3.471582472343326634e-20
3.189146999240627940e-21,4.625307606801824534e+01,4.833806368943261766e+00,-1.786604596580237458e-20
-1.756965170869320014e-21,4.402002995044998102e+01,4.749979393249188497e-01,6.877944771006026830e-20
-2.940829290729037166e-22,3.767227765347139439e+02,4.326095067050836462e+00,-4.174016852375125547e-20
5.194500729619492347e-21,-3.890802166091164338e+01,3.281513543053989679e+00,-2.001325544524466845e-19
5.509988570960865341e-22,4.205923364437686018e+01,6.063491297652515932e+00,-2.261756939856927011e-20
-5.191259673894931683e-21,-9.470658407599086104e+02,1.251181579021843682e+00,-1.544757351904460022e-18
9.187428171045368178e-21,-2.335629772217986400e+01,1.869554425111738860e+00,-6.315935999313101423e-20
6.156467098904587285e-21,-3.034870959728409048e+02,1.771414453391603416e+00,-3.723272513700035926e-19
3.153832355957336667e-21,1.339896500288098764e+02,1.551526423041331038e+00,-8.142589196227213446e-21
-1.248429620091907013e-21,-3.615438314033958704e+02,1.889129139887903763e+00,1.412688995074786688e-19
-4.805533582726707778e-21,1.900212858563483280e+02,1.861433930740844955e+00,-2.616761895592742984e-19
-3.709534822726886847e-21,9.432475011152695288e+01,2.088566718724416127e+00,-1.731813761307795906e-19
-7.863715733214111775e-21,-5.385834431581018862e+02,3.746055275418588515e+00,3.484810035543436818e-18
3.948182463510221898e-21,2.913861894076555927e+02,2.427162272588776482e+00,8.691233760303785015e-19
1.214768357364431889e-21,5.689391490064011236e+01,5.455055246445406070e+00,-4.673792592668093187e-20
-1.623910960028479923e-22,3.627819519375954656e+02,6.762119017346371885e-01,4.594879507419325863e-20
6.204868414131648869e-21,-9.683351931120581924e+01,6.760755348190590208e-01,4.686752808184028932e-19
2.498965214666997863e-22,1.233465887364023956e+02,5.049713628141732968e+00,-1.020158654519666417e-20
1.102684986698662671e-21,-1.715603002349218684e+02,5.913297488169125593e+00,1.763825329639440751e-19
-2.225905844144263450e-22,1.588144936248578354e+01,6.231263566176036051e+00,3.530297137729567410e-21
1.368637270230817048e-21,1.758182264787030746e+01,4.316599155160791845e+00,9.277231737340390241e-21
1.453184196269616002e-21,-3.226556056076636736e+01,1.688710572342219107e+00,-5.515937062619333748e-21
2.840900002937021063e-22,2.586513987107520620e+02,5.027130844340345350e-02,-7.338744564800573060e-20
-9.796466364700596794e-22,2.593717366212891307e+01,2.736399075292628158e+00,-2.335177782378121138e-20
5.264037875300867302e-22,-9.850792805410642927e+01,2.612703174469421796e+00,-4.476989846938808422e-20
2.394592383037765037e-21,1.837365593188919490e+02,2.954779847467538634e+00,4.323191325008126651e-19
-2.228814746490860981e-21,-2.123268926642778709e+01,3.009112350573402761e+00,4.690904785989163563e-20
2.246023146503394462e-22,-2.318603566197725030e+01,1.273586701758651962e+00,1.525073827520991307e-21
-2.948085403817609632e-22,-4.281416670426811066e+01,9.815400477762072917e-01,-7.014576638208216082e-21
-3.127951381629936771e-22,-1.105377568231008922e+01,3.392219586242672058e+00,3.349542951446870159e-21
-1.875564196891558437e-22,7.206987573523297215e+02,6.266215462212861631e+00,1.351522159952906021e-19
1.046685056491180646e-21,1.893921607226095816e+01,1.746775024217773531e+00,3.470517414530134685e-21
7.189980829574921736e-21,7.875492243340239895e+01,3.931816250884631270e+00,3.984599152358280145e-19
3.910856227298708729e-21,1.720462841004760790e+01,5.885407932224860694e+00,-6.203151468026035331e-20
4.297215278761613066e-22,3.953415777291741051e+01,4.764712523905210162e+00,-8.885023221367457539e-22
5.088865958645243049e-21,1.719478113102119039e+02,3.895200806101047353e-01,-8.094728996248792732e-19
-3.673794188751753609e-22,-2.219302036542203993e+01,3.929522168919346470e+00,5.750612406528841610e-21
-7.130909941269788031e-22,-6.992658548932398617e+02,4.583105480612622351e+00,6.428651504383847252e-20
-2.770860764358602776e-22,-2.097083122635573460e+01,6.109689307581511741e+00,-5.723490573492750129e-21
3.659248115350627318e-21,-4.860612177055761549e+02,9.405322957172708165e-01,1.048243243266518671e-18
1.119843821365746681e-22,3.480181040185966879e+01,3.448563778042377681e+00,3.715074777545754924e-21
-7.567629260489697761e-21,4.702393509462829968e+01,1.456151569413024705e+00,4.070813883047966927e-20
-3.639502467486955647e-21,-3.959850104226416647e+02,8.947982013982459515e-01,-9.017173659525165076e-19
-1.728554522704899653e-22,-5.439350090074284481e+02,6.042979382932117893e+00,-9.132266307553656376e-20
-4.167345197641894840e-21,5.399723044773577385e+02,1.223429137369873354e+00,7.660381636589801903e-19
5.801960518275759829e-21,5.680371908995371655e+01,4.847650077876130226e+00,-4.444259008922020304e-20
-1.556598617151148353e-21,6.400568654904849382e+02,4.142981138968881538e+00,-5.371448926749299647e-19
1.629958258200704606e-21,-2.947937546512635549e+02,4.230320873973050233e+00,-2.227665501653006690e-19
3.428765867265178327e-22,2.197210856268123536e+01,1.136400019128852579e+00,-3.170663569294622656e-21
-1.065993416863686238e-21,1.556208164302631047e+01,2.417795380365284075e+00,-1.243013621245147999e-20
-4.080096871223261498e-22,-2.052427169452829503e+01,6.157842683028466269e+00,-8.308405943972922641e-21
5.134975948142560653e-21,-5.577539896730460356e+01,1.026865476989063719e+00,1.482157718173357251e-19
1.860819346870296682e-22,1.239114594960600257e+01,2.507287151551828241e+00,1.857258324483297511e-21
-6.109053332308511958e-22,3.196275525991807598e+01,2.838751163742910588e+00,-1.863763642350376719e-20
1.288228721039314500e-21,1.214958645979105789e+01,4.895665396188788598e+00,-2.852508751055261294e-21
-4.283027566550311543e-21,1.282050924492743071e+01,2.847895891959316472e+00,-5.255933565096691119e-20
-1.995303603063151164e-22,-8.662077972149486982e+01,4.759988016645301023e+00,-8.223661547778478565e-22
2.404978688792113729e-22,-1.144223102341502418e+01,1.160900649031080478e+00,1.096642684017367540e-21
3.625071360585241773e-21,-2.858659018073652192e+02,3.214187152705986872e+00,-1.033554903511448513e-18
1.010765782282914259e-21,-1.561492179014909141e+02,3.175395418915623047e+00,-1.577401244018065393e-19
-1.780764017837868030e-21,3.520425697365240580e+01,4.261750169847502434e+00,-2.730425048862787786e-20
-1.034649500920295701e-22,-4.873262359978041900e+02,3.352821863966777727e+00,4.930052014951083782e-20
-3.922439383753454626e-21,-1.626533503605916167e+02,1.676019712887607316e+00,6.700848765945474269e-20
3.535594573503533304e-21,4.795052960728416735e+01,4.913555138899377006e+00,-3.387487251539554497e-20
-1.625304462954653975e-22,-8.637178094807597972e+01,5.362375240950393085e+00,-8.495479910069959797e-21
1.097642194591050175e-21,-2.401186267215677361e+01,4.363894743821387756e+00,-9.000272609957811766e-21
6.246092029171824449e-22,-1.835111601654098763e+02,1.126164697821807392e+00,4.930215516682688875e-20
1.104995833798110369e-21,5.232003480759930198e+02,4.750815070837440146e+00,-2.220997056621176382e-20
2.747737153090449971e-22,4.533862404288653352e+02,4.807441441602343879e+00,-1.182368139229847984e-20
2.475512566602153450e-21,1.473830919090110925e+01,4.585990789926828626e+00,4.599351706531881192e-21
-4.042954283601870260e-22,-3.827984942623549500e+02,1.464369534693179986e+00,-1.643992615078263155e-20
6.106347828840563702e-21,1.047012918127179049e+01,6.010182686150150388e+00,-6.156648779409706496e-20
-1.821655117928449500e-21,1.188476758282585166e+01,4.903334616799153167e+00,4.108887918376652647e-21
-1.708992630255280666e-21,1.655064667746887253e+01,5.175688209582078869e+00,1.264059231078125800e-20
-3.764248935099703314e-22,-7.749128198882843890e+02,2.780536027266468757e+00,2.728890768039580148e-19
-8.710765574072613732e-22,8.716506591664823134e+01,4.976344712594009678e-01,6.671852459796695376e-20
-1.412198335271860838e-21,-1.335149553076073659e+01,4.463723415258375127e+00,4.640409020461907517e-21
-4.891982860104618097e-21,-4.440798767512412581e+01,2.112745678316777731e+00,1.120555169027908580e-19
1.421859961392673307e-21,-2.201599115543393737e+02,3.747244354762758967e+00,-2.573571442728533298e-19
2.193163772501819049e-22,1.685385398342544079e+02,1.562131060001354710e+00,-3.202925183187231404e-22
-6.122776220447398686e-21,4.881725611210809745e+01,1.516436838935100617e+00,1.623989439292989997e-20
5.237715422262453950e-21,1.522452789571752163e+01,1.372745900924444484e+00,-1.568984547326888586e-20
1.895982375427947108e-22,-1.688634610462921160e+01,6.075715047013599879e+00,3.132963116720907628e-21
-2.969281005622508788e-22,-1.934968456878524634e+01,2.283942835846782593e+00,3.758779396919124765e-21
-2.277529837476713827e-22,-1.891906392113695290e+01,5.269666340929443749e+00,-2.278865951772231100e-21
-1.208769096173917064e-22,-4.439858074152502354e+01,4.603129288548724496e+00,5.852049416006942078e-22
6.850870612269693367e-21,-6.825863820313325903e+01,1.029024779789837474e-01,4.651574283071278040e-19
-2.204700477138666569e-22,1.161473170725290771e+01,1.564351805495367564e+00,1.650237438587655374e-23
3.531435782136058138e-22,1.145861537596485569e+01,5.140487005635021589e+00,-1.679884070683237512e-21
3.799610465159724017e-22,3.097762298395238645e+02,2.314550321357559781e+00,7.969137975858299546e-20
9.513120074880726953e-22,6.962721987623783093e+01,1.163036254643558864e+00,-2.626663369794754758e-20
3.378429306288955878e-22,-8.791424165263273949e+01,3.086954870111909277e-01,2.829725024088389526e-20
6.777869888443832083e-22,-5.927688892108702703e+02,1.836061025054251949e+00,-1.053301912421831508e-19
6.391245047934071923e-22,-2.058486241549030638e+02,5.359189220905931528e+00,7.928454443591553652e-20
-1.851286521548478840e-21,7.133460319722598797e+01,3.522122903333610111e+00,-1.226141938599747269e-19
-2.373047043744520825e-21,1.454565434566527529e+02,4.273853506442981676e+00,-1.465662228958425550e-19
-4.793814860244717555e-22,2.093627365727529650e+02,8.959563633776158609e-01,6.270504106610610015e-20
-6.132426295228470765e-21,3.799010184044386307e+01,3.515796181853234170e+00,-2.168496509698902053e-19
1.932725685602231039e-21,1.800749662220491842e+01,5.323440362045072760e+00,-1.996780339385978262e-20
-1.003684156928710807e-21,-3.027944105225884286e+01,4.770153943047636069e+00,-1.754558560926385421e-21
1.246227633822424045e-22,1.451796460661395827e+01,2.487134976038191336e+00,1.435434427472268581e-21
9.735706663403080678e-22,-2.334475633071138390e+01,3.586055249875919504e+00,-2.051958222623881331e-20
-1.849004613655073094e-21,1.085488209078007031e+02,2.957243001894403367e+00,-1.973064208532825089e-19
6.917228876120540749e-22,-1.319462227291921579e+02,6.023644732751729514e+00,8.821339859247123910e-20
-9.048470987254132800e-22,-2.102992894322025563e+01,2.239252353814175311e+00,1.179361893341693522e-20
4.499765800147198524e-21,-2.034719302604633384e+01,2.286039168104923025e+00,-6.004354630860849078e-20
4.926011164499949572e-22,-3.378974858245161528e+01,4.047582391152195314e+00,-1.026833422543530727e-20
2.804512202335589619e-22,-8.706581983990544131e+02,5.049927622127699856e+00,8.086308043144385071e-20
7.908494118783097617e-22,3.196716015858806941e+02,3.670565780932566913e+00,2.182591901351869325e-19
7.073109036504932471e-22,-3.130587999199547511e+01,5.384227542171687197e+00,1.378237377259936213e-20
-6.478783503097416325e-21,-1.344573690370214081e+02,2.494873313750429311e+00,6.952104619223025629e-19
-8.347482528333060323e-21,-8.837916209856085743e+02,3.299684029058687962e+00,7.285435279983533624e-18
-2.570318991956998938e-21,-5.364496640033566877e+01,4.683972947794760588e-01,-1.230335292414893970e-19
2.062783347274823691e-21,-5.055762274525330326e+02,2.391176074528585799e-02,1.042596087957739763e-18
-4.775760831358940434e-21,-1.529584006502460909e+02,5.673525094460748264e+00,-5.988890833793376827e-19
-1.505620220020366110e-22,-8.084309104211104113e+02,4.837110698536014830e+00,-1.514167444924443032e-20
-5.760712514153336282e-21,-1.435021909488187042e+01,5.913218513552638278e+00,-7.707415108573264997e-20
2.970771956838293145e-21,-2.754009337738554564e+02,1.528133216566682773e+00,3.489437975146001304e-20
4.579849796898076315e-21,-1.082432112254616108e+01,5.080159159060419150e+00,1.782353386569561481e-20
6.377422469971810122e-21,1.743160509958777311e+02,1.247067063843301099e-01,-1.103053950648830809e-18
3.986887058816841323e-21,-4.010200276766287288e+02,5.120517472281542304e+00,6.345598567698225887e-19
-1.139468337449793153e-21,1.006182024771451182e+02,2.596494982337108404e+00,-9.803561205533743215e-20
-3.281997883058226040e-22,-7.612322508054182890e+02,3.000968735031557255e+00,2.473700648374590016e-19
3.665109429626368806e-22,-7.658333123953140387e+01,6.132713123746460049e+00,2.775146482257921055e-20
-1.535683681895219565e-21,-1.732427202607206596e+01,4.277332478881287869e+00,1.121281913344696617e-20
-1.083742435464226632e-21,7.134319939719147214e+02,4.885848814380264749e+00,1.334435336376324366e-19
1.209668575946095780e-22,-1.229661980636566376e+01,3.719322349086262136e+00,-1.246071844996600963e-21
1.293717218629902828e-22,-8.757469676477562359e+01,4.432998151754084404e+00,-3.124390119535794988e-21
-2.207535789670122859e-21,7.775260391711609032e+01,4.225199088389691937e+00,-8.035311135360850376e-20
-1.848285784588691527e-22,3.654398659311686970e+01,1.261743259182930732e+00,2.054387859692411052e-21
4.324766934116067904e-22,6.570798718961776785e+01,4.606530704414233846e+00,3.002577803091836042e-21
-9.396153302730493672e-21,-8.257450812509310367e+01,2.373408157930224416e+00,5.579941658780090696e-19
6.486124975933998104e-21,-1.683206907104323591e+02,4.860048504327250107e+00,1.606219723254694891e-19
-5.331095992091091292e-21,2.529550202377408255e+02,5.608019670210865115e+00,1.052665193543437915e-18
-5.107152017766898083e-21,-5.241359963141454728e+02,2.854922671649761767e+00,2.567602386765749768e-18
-2.702989202319651431e-22,2.093029136895388831e+01,3.863433980511985055e+00,-4.246416023053118634e-21
-2.759300183450903856e-22,1.701308489704048270e+02,5.578842387237849643e+00,3.577323291102332649e-20
5.619459036097420898e-22,-1.482839513210087468e+01,5.515589534659627979e+00,5.996103328670143847e-21
-3.139229242868230923e-21,9.190488674655918544e+01,4.697841133740324970e+00,-4.197058578423108748e-21
2.043109295582323254e-22,-6.746126613612473477e+01,5.853591230957882807e+00,1.253067349410186586e-20
1.231527167887246483e-21,-2.986374028132544254e+02,3.446449118303430037e+00,-3.508217523580480699e-19
1.983474359340780448e-22,1.969848406697018675e+02,1.794409615310633033e+00,8.664262909332977534e-21
8.336445388759724167e-21,-1.525207480016046979e+01,6.013843097112336444e+00,1.225639093898511234e-19
1.451072191307169922e-21,1.416933031626949813e+01,2.718539374094532945e-01,-1.980562329775312617e-20
5.121090152479905490e-21,-4.032427854808878465e+02,3.700539608093126098e+00,-1.750772084914177439e-18
-7.178200124517778294e-22,-3.719476695331174483e+02,1.380590068046069208e+00,-5.047779326854934231e-20
-4.693066953716394045e-21,1.866367962628577857e+02,2.982880907787918368e+00,-8.648904253915055534e-19
-6.610411814244178321e-22,8.959467596190793302e+02,1.156957503226192729e+00,2.381628419426653055e-19
1.504030713830859144e-21,-1.990250206948179255e+02,5.039616333697410688e+00,9.621340483816090208e-20
3.113798853381399671e-21,1.465486423946433376e+02,1.600794437393975089e+00,1.368677468935827318e-20
-3.793015177537616623e-21,-5.469323526876041797e+02,4.232506812601771751e-01,-1.891463965795918060e-18
9.168864919395147398e-21,4.842725812130650098e+01,4.081245689637652774e+00,2.620038378499833664e-19
-9.505334057366460237e-22,2.704912951544893218e+01,4.572681608188319480e+00,-3.580356818596695372e-21
-5.641624190892677237e-21,2.860989971061246706e+02,3.215919692404561658e+00,-1.609606622643651225e-18
2.560756889514097069e-21,2.474906932272406124e+01,5.690869329464856463e+00,-5.258018428577516888e-20
6.957343723831771409e-22,-3.481881319146481246e+01,4.931978274339852142e+00,5.276825326309304103e-21
3.316902650044131790e-22,5.379002673900637177e+01,4.163715685591930615e+00,9.305403263736731090e-21
-5.111515454860807671e-21,-3.360212871750106274e+02,4.032330861743712802e+00,1.080078684265769898e-18
4.518288386351704267e-22,6.862212152106343410e+01,9.402594896924892877e-04,-3.100543976577139288e-20
-4.545614183277677112e-21,4.739209285363286028e+01,1.344577249314775069e-01,2.134817695705953127e-19
-3.566133126673909038e-22,-9.383357979195475309e+02,1.728617442453044495e+00,5.259162396711940420e-20
-4.296241261961502729e-21,3.594548387122583932e+01,1.972904289497517727e+00,-6.043776054886590199e-20
-5.443573992027781034e-21,1.237138056684815979e+01,5.019461051992444300e-01,5.903743605402176874e-20
-4.639546067364957882e-22,1.978414947638112764e+01,1.391818423219393086e-01,9.090185337250223383e-21
8.091045384623883166e-21,3.375689774481317613e+02,5.689525520125258140e+00,-2.263960044996211505e-18
-2.031137934315121083e-21,4.474961533231292066e+01,6.991651961101459367e-01,6.956738395765277882e-20
7.677250767880356381e-22,6.511532321609359997e+01,5.676081898213745980e+00,-4.105753136067141885e-20
7.254536739051719425e-22,2.967760486029920131e+01,8.232046069701324242e-01,-1.463751643449750019e-20
-5.793805389203856774e-21,9.624835776518774821e+01,5.692052674875951013e+00,4.630175970050248804e-19
-2.987936928164611729e-21,-8.827399153103037577e+01,2.739586527822542195e+00,2.427298526618246118e-19
8.235820201480237028e-22,2.746198853839446770e+02,3.082279090266805799e+00,2.257742688824295614e-19
-6.691794913930667668e-22,9.410208980252690480e+02,4.157111936268955255e+00,-3.319707185211899797e-19
4.960156080579364987e-21,-3.299844622791945170e+01,3.834769222597580463e+00,-1.259039833727754711e-19
-1.218375597493663722e-21,3.856404087210751754e+02,1.051112088245031106e+00,2.333327862177017844e-19
5.870774540655865533e-22,-2.162008686989575068e+01,4.514846341710062383e+00,-2.491067056468520983e-21
-1.122652876448827868e-22,-3.991032285381506881e+02,5.795801119661249778e+00,-3.958833412944407341e-20
-3.414533726136201359e-22,-4.041682243690319609e+01,5.958809276263246080e-01,-1.142201185223329095e-20
-1.033624278018627758e-21,1.283563333551659014e+02,5.723178203353298521e+00,1.124067178768480203e-19
3.406050976792007397e-22,1.436599107793205405e+02,3.274259610181382119e+00,4.850132097293511435e-20
9.012774023464694339e-21,-6.204506648627679510e+01,2.629064377666664676e+00,-4.873453782837274030e-19
-1.580385891357288628e-22,-1.537513088650983661e+02,4.113992406101861121e+00,1.368787057366898229e-20
-2.968050149840662550e-22,2.016436127089277974e+01,1.992140466650780040e+00,-2.447741983459332320e-21
-2.095521870151848741e-22,-1.196877933898587010e+01,5.617865714758083051e+00,-1.973158595163921445e-21
-2.269623657631286471e-21,3.411000851082746976e+01,4.137631084635192025e+00,-4.208626379077595602e-20
-1.020435301735521732e-22,7.120177545794753371e+01,4.050633941940637861e+00,-4.464777927893343787e-21
-4.661352730100955332e-22,-1.065530894624491935e+02,2.180789374972610162e+00,2.845298590068409726e-20
1.192025779153114207e-21,7.296338702790730224e+01,4.161042207886154642e+00,4.556014237648875359e-20
3.496269847129332994e-22,-7.504139320950126546e+01,3.168335527880853597e+00,-2.622711466962644990e-20
-2.203429195970006597e-21,1.445409271778831872e+01,4.923950085022714696e+00,6.687768251295745953e-21
-1.417926406701328019e-22,4.695733577057308139e+01,7.498498963401152295e-01,4.872415409248104804e-21
1.544147023299891823e-21,-6.682074274074246887e+02,4.968567880397929848e+00,2.614463495988061087e-19
-3.680521644303349566e-22,3.479066551970714158e+02,1.012728863921427136e-01,1.273917167425086946e-19
8.462986472978450612e-21,-3.593995235700923985e+01,5.327907607912227839e+00,1.756161365923930987e-19
7.497406055965648678e-22,-7.225198672230891361e+02,2.962752844324898494e+00,-5.330627285498069119e-19
9.022344075503047861e-21,2.487617438829877301e+02,5.741513532008772458e+00,-1.923121604464033407e-18
8.349198624200793314e-22,1.746721211454594993e+02,3.612703560411813619e+00,1.299503905486409529e-19
1.186064085478119555e-22,-1.167866702670172430e+02,1.745339419190806263e+00,-2.405452043420341527e-21
-1.567818890779736496e-22,9.160678889679616077e+01,3.793761367878449864e+00,-1.141470569564434754e-20
5.787059647230177601e-22,-1.678719596937918723e+01,1.762130684084515453e+00,-1.847464082442060376e-21
1.563199776872267543e-22,-1.400694710421684590e+02,5.215610769403469682e+00,1.055918983480096377e-20
-3.112393573016698036e-22,3.201818667392511770e+02,4.380391739137551532e+00,-3.248015188161602121e-20
-3.055100221265177569e-21,-2.677202049242114512e+01,3.050029854802665419e+00,8.144858684771367861e-20
-5.049116925359972185e-22,9.650828424132336636e+01,5.509192276394476728e+00,3.484673911300250741e-20
-1.742109337489041320e-21,-3.738072599830888976e+02,2.135987079221950413e+00,3.487747118509964339e-19
-5.086924207675490949e-21,-7.439243056794104803e+01,6.117202651861427753e+00,-3.732277124943694345e-19
-1.359901484774110546e-21,1.945468665734826459e+02,1.399033953695554278e+00,4.521912636051562393e-20
-1.141692154191964510e-22,-1.408785430539321482e+01,2.220198101054064566e+00,9.726152203153064989e-22
2.133083742881537950e-21,4.407430884424912421e+01,4.252126150003875615e+00,4.175956224516454060e-20
-1.574836406211044823e-21,-3.694043130346539670e+02,5.459762344430045822e+00,-3.954248530925474318e-19
8.323224260277284421e-22,-1.013874983805253649e+01,1.856214182887209851e+00,-2.375989594862635701e-21
-9.627233307164851177e-22,-1.252514076016783093e+02,2.860765033196141172e+00,1.158588025399294565e-19
6.237849915352896693e-21,-2.266038313222932743e+02,6.264684561720970102e+00,1.413278788709994142e-18
1.142547941360871831e-21,8.499474640024767780e+01,1.154002325604282175e+00,-3.931337023023698180e-20
-1.574033065060302324e-21,1.564971447590614950e+01,3.070561363860262016e+00,-2.457105153109550002e-20
1.817086652190685575e-21,-5.421174204044572207e+02,2.035209345088264676e+00,-4.412128879145957447e-19
-2.176184940352590545e-22,2.851444065340759693e+01,5.188405305200398665e+00,2.843515298141682389e-21
-3.637455853877797814e-22,-7.731757340551015432e+02,3.822826741261093453e+00,2.184655718923749036e-19
7.550103062544418322e-22,1.627195853492030722e+02,5.130311748878328082e+00,-4.986226920207026895e-20
2.960007463426542305e-21,2.087611115989949795e+01,6.236877183180572493e-01,-5.015960740587523961e-20
2.846101792636711678e-21,-7.014213687978761413e+01,1.455548713445373732e+00,2.295617631328282762e-20
1.807072144321068404e-21,-2.779681759896333304e+01,1.793030389037457706e+00,-1.107134715533456086e-20
-2.445235637500590134e-21,5.173054621161102204e+02,2.830325876968896814e+00,-1.204149086300941964e-18
-8.220980026040317137e-22,6.156591560799679286e+01,3.676860229253088530e+00,-4.353405589948632741e-20
4.194680665693254951e-21,1.566219250909810867e+01,6.269531269848649835e+00,-6.569177207618252531e-20
-4.182033216949328826e-22,-2.019714239235285618e+02,5.941398285003533175e+00,-7.957942229565583012e-20
5.202391495545554875e-21,5.935844170563599391e+02,5.055596623579886817e+00,-1.039160695862062775e-18
5.528727444086315548e-22,1.799156106920035469e+01,3.630871831396133231e+00,8.779975672538580359e-21
2.722590204242650060e-22,5.414320368663410221e+01,3.467004308615576402e+00,1.396735742176349172e-20
-2.895263192671396425e-21,-5.531465487887754051e+01,2.478047900382351010e+00,1.261687815987355763e-19
2.781396404838805560e-21,-1.772423191946191139e+02,4.762288522448729466e+00,2.458932621173968244e-20
-8.647416280110776408e-21,-3.423453694253274904e+01,1.516984093060009586e+00,-1.592290198853501388e-20
-2.813962804477741931e-21,-2.570244023873044625e+01,3.280816954130732821e+00,7.162588302954337002e-20
7.666786388787768813e-22,1.351808384365401992e+02,5.329987947812596438e+00,-6.001593394885850927e-20
-4.100524892922687935e-22,-2.887710803378684545e+02,3.724104907750392268e+00,9.888329189437212134e-20
-2.505133270337080985e-22,1.310288052625727495e+01,4.367824038662252661e+00,-1.108768383290092831e-21
-8.363946578422126575e-21,1.260568518616692124e+01,3.052455156125033486e-01,1.005594341503492815e-19
3.358503704770706874e-21,-2.546592194283721255e+02,2.509367352219562086e+00,-6.899618687363773086e-19
-1.898254234960096938e-22,-5.097876176312254302e+02,5.878138540941747259e+00,-8.894035349873321980e-20
5.509830058020725730e-21,-3.443987122071212781e+01,6.002183762797050015e+00,1.823151887363207171e-19
6.391871307472200247e-22,2.364273450136787957e+01,5.937174238573494023e+00,-1.421648140138921020e-20
1.013019072675304167e-22,-8.467426915796102094e+02,2.934096191645965135e+00,-8.393671788270257866e-20
8.949991800101328270e-22,-4.844816318148309620e+01,9.847185236302226086e-01,2.398290340405137377e-20
-7.565528873389667286e-21,-1.647394038332028288e+02,1.514507823350460081e+00,-7.011761328705785222e-20
2.233143029729444262e-21,3.707444775329987863e+01,4.843821393072288428e-01,-7.326832472508974575e-20
-3.605227282670232115e-21,5.187001229263572810e+01,4.609959590799304507e+00,-1.912114515364217984e-20
-2.177992669770283451e-21,9.925613902596973048e+01,4.708375267005570741e+00,-8.676787897550261085e-22
-1.908647783148636398e-22,5.459193541563629282e+01,4.483214133349914476e+00,-2.367080083031466148e-21
-1.316816261375061133e-22,-2.734387937071905839e+01,4.473403064287449382e+00,8.523454568672982032e-22
1.008168306654125206e-22,2.887036871123267900e+01,5.034202715743954393e+00,-9.205930243292840238e-22
-1.067508559509452204e-21,1.324250929440831896e+02,4.153006746819736250e+00,-7.501708894776550365e-20
-8.883535386647051146e-22,9.423378604673662551e+01,5.441704917626835503e+00,5.578291721480868663e-20
-5.067391351359485243e-22,6.965771511640136282e+01,3.366375250457798174e+00,-3.441027668322421365e-20
2.196700045922636670e-21,-5.974282175763976284e+02,4.423439211378850544e+00,-3.739543443787829426e-19
6.110244111739516635e-22,5.293927369698648278e+01,5.302044130088863660e+00,-1.798744474244292237e-20
6.734606231284078298e-21,-2.023148021853328515e+01,2.084539386443828857e+00,-6.695929287363371563e-20
3.045998479373328234e-21,-1.303362743284495728e+01,8.964826871808128095e-01,2.478740010997045560e-20
-5.955290876749544320e-22,-2.128115305101528918e+02,2.484161484380479124e+00,1.003193031320901081e-19
2.935855741140037344e-22,-5.333996665366984757e+01,1.757069648932971351e+00,-2.900171589117200534e-21
-8.993490126740858213e-21,-2.063856727314502493e+01,2.814470687440003172e+00,1.757698981779211722e-19
1.934557403208925559e-21,7.307867132759392348e+01,2.332983108244170989e+00,9.762004415428854237e-20
-5.616189393051022673e-21,-2.073607264998495836e+01,1.804092596219965261e-01,-1.145676423076892832e-19
1.793830895357874559e-22,1.606006999223074061e+01,3.006352286112273120e+00,2.854599290175736711e-21
1.391428193839327240e-22,1.505353092189993163e+02,2.098473052596856903e+00,1.054683912877168116e-20
3.270241167065116094e-21,-4.526248043468153810e+02,5.534756353326114819e+00,1.084623986463865646e-18
6.513952119789477941e-21,-3.422755310068027939e+02,8.004986472948251164e-01,1.552556158168614879e-18
4.040250728279474789e-21,4.882064000957171288e+02,5.977238165856526564e+00,-1.880878617325745775e-18
5.148486552081690609e-22,-2.045179281996519762e+02,1.093584938909674342e+00,4.836276238518681225e-20
-3.893348104901605329e-22,2.395424115298906287e+01,1.973582782996313734e+00,-3.655722685983088429e-21
3.574644649986164280e-22,-4.945872169099558135e+01,1.796231997535154834e+00,-3.951969487732698874e-21
-2.304077322376329530e-21,2.042118785425842589e+02,4.118190408203388664e+00,-2.634181864550679406e-19
6.016791572900892590e-21,-6.634976457037865316e+01,1.844557984278048846e+00,-1.079291175494204864e-19
-1.203308602602696822e-21,-2.751609334344563536e+02,5.831290138587312377e+00,-2.978677288228933845e-19
-1.048555445262451241e-22,-2.027167373967340325e+01,3.615349225016640577e+00,1.891485583591664003e-21
-3.361874189900131908e-22,1.688925309108301320e+01,5.353146627967889870e+00,3.394298040053263091e-21
1.054412797099244981e-22,-2.341079341731440309e+02,1.320044328463360950e+00,6.125061717690671897e-21
1.815733819937134414e-21,-1.306282641978134507e+02,5.087119097649867250e+00,8.681520640663308816e-20
7.234856614555149138e-22,-1.055854804159127269e+01,6.120655978003497033e+00,7.538285489732695605e-21
1.155478921585994313e-22,-1.284789218174168468e+02,4.302365333955061821e+00,-5.917864209955567064e-21
5.588242050527098711e-21,7.774915435789213802e+01,2.535729556079868718e+00,3.571481924098723265e-19
3.809066340654104824e-22,-9.744771239160276366e+01,4.120473420986455970e+00,-2.071031973347259911e-20
5.455181478270055144e-22,-3.882855967974635547e+01,3.652323387078686423e+00,-1.847863731489947461e-20
1.587526497280440876e-22,-8.636336275470982571e+01,5.949700929888401824e+00,1.295507196862048965e-20
-2.097509804948020560e-22,-4.223819296652314961e+02,1.692785290676844800e+00,1.078082986685683032e-20
-7.032275721712422566e-22,-3.410591552128389736e+01,4.563781785732865970e+00,3.551123361012485979e-21
4.932871782517974382e-22,-4.824012268191862773e+01,7.735242510895165013e-01,1.702508369299102339e-20
-6.825902970476429374e-21,-2.034178856694321169e+01,2.928064990730672168e+00,1.356976913476970158e-19
-6.422287819654909051e-21,1.810401139030399236e+02,1.991810076606744140e+00,-4.751756963732615438e-19
-7.989169439479899079e-21,-2.335023302357692501e+02,8.799775795074434373e-03,-1.865417453153169311e-18
-5.011981462244752034e-22,5.892876197684460493e+01,5.453091764943003739e+00,1.993040748145026754e-20
-7.251737484642884114e-21,-3.956841965863558812e+02,2.463523956655325975e+00,2.234645946821791985e-18
1.589928106420521705e-21,4.796977012469390900e+01,6.062039977179943584e+00,-7.441110900124855362e-20
-4.440309750057586356e-22,-8.433076561261341340e+02,5.974122963983680812e+00,-3.567127533638188728e-19
3.381273666216356757e-21,-1.994971816438741143e+02,1.775154632055649051e+00,-1.368933346229225098e-19
-1.731417908216672773e-22,1.977064099943808628e+02,2.615126189471196128e+00,-2.959592097635425129e-20
-6.669176029118487589e-21,5.036731911830530350e+01,1.758486995663805785e-01,3.307282768314978304e-19
-1.049068466455202261e-21,8.932635152017505220e+01,5.974936528534506408e+00,8.929258832869065934e-20
6.212371352127801158e-22,8.867404508380619745e+02,2.573793790127000936e+00,4.644363322468254025e-19
2.433850710814340729e-21,3.999504646952522080e+02,2.140151618139153999e+00,5.247600165748250145e-19
-1.224545081092844801e-22,9.294594807739069608e+01,3.793286186668680227e+00,-9.049069368817288427e-21
-1.319748812683674347e-22,6.334384684800194236e+02,6.189930437407684671e+00,8.323472638997357115e-20
1.251070569321155220e-22,-1.669839558916790878e+01,3.292255698486909576e+00,-2.065421481559971128e-21
-5.160941610898378092e-22,1.853707522527627702e+02,4.592138790688286676e+00,-1.147648162461772663e-20
-3.185988512736640354e-22,-8.584173414016440518e+01,1.516719570708964238e+00,-1.478228705334178638e-21
-2.038591653858892161e-22,1.794117693060455565e+01,1.508199034240657044e+00,2.287984398466878779e-22
1.830665077294429029e-21,9.058232730152185752e+01,3.385666176423587803e+00,1.609110939803346229e-19
2.690251697353867040e-22,3.557356235907682844e+02,1.631462847266183180e+00,5.802336716211640435e-21
1.422396692464573776e-21,2.445865992712999315e+01,2.187237165627255564e+00,2.011326037083500237e-20
5.169940270070666711e-21,-1.808286203309177864e+01,6.063205914221745374e+00,9.123445423652043735e-20
5.411912069627866447e-21,1.534004046734618143e+01,2.286377961854056950e-01,-8.085846859756255475e-20
9.908570333916534663e-21,-7.664139520696747354e+01,8.529383596123718547e-01,4.995170173769239251e-19
-3.561146176407705617e-21,8.907775419469373901e+02,1.191354407154844725e-01,3.149703810136753814e-18
1.087215782323981278e-21,1.497366296148864251e+02,6.101067993584834426e+00,-1.601037755720359570e-19
1.598689923174997081e-21,1.365811051349529848e+01,5.477566181580759697e+00,-1.512439422995647854e-20
2.864925671687673860e-22,8.632578838200667803e+01,3.722441455331221061e+00,2.067562884303374512e-20
4.388788038073020239e-22,-2.255186898670122986e+01,6.196678711228613246e+00,9.860526802041034351e-21
-1.308669080591525650e-22,-8.408357007624285018e+01,2.771831586082827759e+00,1.026005385135141009e-20
-1.239750826256779756e-22,3.115378603532070656e+02,5.654132984912675575e+00,3.122994140389947120e-20
3.609591344752744588e-22,-7.573006856080871785e+01,5.923866072793256832e-01,2.267778460180535312e-20
-1.766324296713197064e-21,3.158951580835917028e+01,3.464066835961969737e-01,5.248290019373940329e-20
-2.046266725123108972e-21,-1.056464947531801357e+01,1.042879281518780843e+00,-1.088979015938876524e-20
1.874226285881385261e-21,8.178357246847926945e+02,3.327276665316514226e+00,1.506460527567526704e-18
6.300263892587324620e-21,1.294934952083619173e+01,3.768156409419920472e+00,6.608714763933885761e-20
6.618318580114629202e-22,1.483842855506402714e+01,5.305729856913126596e+00,-5.491000296645402589e-21
-1.095898276335068404e-22,-3.624882580361715867e+01,2.945005844878296752e+00,3.895988057218974036e-21
-1.564864859433614308e-21,2.083278187800566741e+02,2.298249401140223913e+00,-2.167833268716174081e-19
1.541219200928255792e-22,2.191463111336232430e+02,3.577912502734400313e+00,3.061095022070500049e-20
-1.364186021206680283e-22,2.083132101880621008e+02,4.915710978014854682e+00,5.738235439943444707e-21
2.545607445943644762e-21,1.854814649605948773e+01,1.195726429468439989e+00,-1.729710445804496328e-20
2.678338105649163790e-22,-5.503611964978585291e+01,1.443050751547716448e+00,1.877920599096868114e-21
-8.346943006164270332e-22,3.916604525385455418e+02,3.667973346147428870e+00,-2.826623856973729769e-19
-4.572913687137794944e-21,-2.469630203511782440e+02,4.177211052436392791e+00,5.759570274670372610e-19
3.547361235499819566e-22,3.753819515806855520e+02,6.152338641682660203e+00,-1.320232444387382466e-19
-2.513017062871677269e-21,7.015673177673783130e+02,1.058886592666927307e+00,8.636181305058504348e-19
-8.668592532529395099e-21,4.246274484786519565e+01,2.330990747672933239e+00,-2.536385009847355634e-19
-7.207378139535225856e-21,9.044390242357590068e+02,2.523139374991519190e+00,-5.311227766437917454e-18
-2.845578792018715656e-22,4.290685207192393591e+01,5.841113745279041147e+00,1.103575304285519977e-20
3.616198599291588382e-22,7.702787627148470051e+01,1.113824743045448207e+00,-1.229044613447760536e-20
7.570917007181160873e-21,-2.101732692589209250e+01,5.746271042968890796e+00,1.367307734200843683e-19
-1.650144350377230295e-22,2.200269570695660448e+01,1.497654275641724375e+00,2.653246909971502865e-22
1.497069607319200009e-21,-1.173358265529533462e+01,1.866789463528887971e+00,-5.123822596876879134e-21
-7.935075909783882460e-21,3.102788352840325459e+01,1.067323993320699493e+00,1.187882443664887072e-19
-2.779548057597277065e-21,1.084136176283480353e+02,4.689323720146412633e+00,-6.949889094187056853e-21
3.242650721284573139e-22,8.049161731427713562e+01,5.415745640132201721e+00,-1.688139477405575504e-20
2.647447296060640142e-21,-1.873189005325372420e+02,2.228319974258104796e+00,-3.030839256272219755e-19
-3.467305289472224471e-22,1.735508945826993852e+02,9.126706871618442962e-01,3.680537954004039269e-20
-5.927809529929190747e-22,-1.286465645839642846e+01,5.306386553382420601e+00,-4.268063908428112734e-21
3.518207411506235361e-21,2.544684159835132675e+01,4.520635876431291500e+00,1.706212075900346245e-20
-3.142987830556388833e-21,-1.030113376953117665e+01,4.076158749376391555e+00,1.923696751189108596e-20
-5.986305197182931571e-22,2.491652321683713112e+01,2.805936935621795136e+00,-1.408340845386902731e-20
1.230771449887062041e-21,-1.443699246507125444e+01,4.290049514180217294e+00,-7.283284391144670764e-21
2.062209539320114530e-21,-1.583905266563088219e+02,2.155646050654114632e+00,-1.803264192047217929e-19
-3.025766183210358954e-22,1.931007219132261810e+01,8.692360994196876023e-01,3.770987625593820687e-21
-7.145971040723927051e-22,-1.031699524864298212e+01,3.964718224629525944e-01,-6.800604564759418516e-21
1.495615545184941631e-21,2.109469763917580281e+02,2.160374677601939908e+00,1.754188876451570091e-19
-2.446958056975540363e-21,6.687565527341956795e+01,2.735462806617627862e+00,-1.503307379105029048e-19
-1.182066089215424910e-22,-1.908006490448641657e+01,7.905265371808405384e-01,-1.586601727232500750e-21
-1.632846766437545317e-21,2.266931703915896605e+02,1.243500712733084379e+00,1.189987491980793264e-19
-1.713475505708943768e-21,4.840233451465829262e+02,4.009695318303095668e+00,-5.359964970110725254e-19
1.127231872217422385e-21,-1.129636251303217165e+01,4.531291654780064349e+00,-2.293440333502352453e-21
2.682131004526062552e-22,1.575499101055683759e+01,2.467324249233587619e+00,3.300960436397329833e-21
2.263963617519288345e-21,3.635093778031836109e+02,2.723630412239721327e-02,-8.226667778340780642e-19
-1.416022549331453894e-22,1.771404383702827374e+02,3.433509397806986829e+00,-2.402230403461333378e-20
-1.786080122974061242e-21,-2.150229017882735434e+02,2.586732469923270106e+00,3.264309671729174079e-19
7.652824076071090543e-22,-3.401069413618156432e+02,5.761204375032571434e+00,2.256174872059534475e-19
-3.210255843789683524e-21,1.269564014345408509e+01,5.141176616439970815e-01,3.548756848071017960e-20
-1.461153851317489103e-21,-1.701024147534491249e+01,4.756410317338175098e+00,-1.093778486014204361e-21
1.451936966238579995e-22,7.035260676786019758e+02,6.200811092708694794e+00,-1.018011846854257762e-19
-5.252223669787607636e-22,-1.847289900724598510e+02,3.308448409179582494e+00,9.567631586006137120e-20
2.189526963146786968e-21,-1.305219703698372058e+01,9.498908225229570901e-01,1.662595704914483268e-20
4.945942006988294444e-22,2.398259406654858878e+02,2.588922958024269416e+00,1.009576120024115139e-19
9.087630887803298387e-21,-6.334704003860386479e+01,6.354446240411731894e-01,4.633073858166280156e-19
-5.170483181400177086e-21,1.720885215947560596e+02,3.593052197936443815e+00,-8.006348171944619926e-19
-5.145624966184733446e-22,8.533032314563257614e+02,6.174097048022327172e+00,4.364678633103132424e-19
-3.310024390412980142e-21,-1.068878040491689347e+02,5.425113048410391547e-01,-3.030006260159787254e-19
-7.478711201217829353e-21,7.179551461726366313e+01,5.007023185469137161e+00,1.559213150561030524e-19
2.200793169583879031e-21,-8.854032761803483709e+01,1.302274295740964760e+00,5.169738889725925978e-20
-1.528059567077209902e-22,4.523717301983720773e+01,1.185135767409565721e+00,2.600287410326313988e-21
-9.356242611100597279e-22,-3.034794638592676108e+01,6.548626144937139681e-01,-2.252039698457281058e-20
-1.277830053616752864e-21,-2.064105147124661812e+02,5.588136228723227461e+00,-2.025716797143590473e-19
4.404271963047386786e-21,-1.512203559787056761e+01,5.686090520712922647e+00,5.507765886671902010e-20
-1.562376954319715316e-21,-1.221605672631552295e+02,4.155453810386499747e+00,1.008865695086587416e-19
-1.671672352667763431e-21,-3.850915501074546796e+02,5.465656189681920907e+00,-4.403394211443838082e-19
-5.900654799931239326e-22,2.124384398770752114e+02,1.319691677671374741e+00,3.114687403082636112e-20
7.080058619243821756e-21,-1.900857548517049054e+02,1.019519304098340351e+00,7.049066402825624908e-19
-3.960360588340791086e-22,6.192696933757849109e+01,3.956364173654932426e+00,-1.682521434031923936e-20
-1.954440031229044342e-21,-1.966487284639638062e+02,6.890739999913022551e-01,-2.966456789214297356e-19
-1.521188007918525397e-21,8.064514541596580557e+02,2.602989010594914276e+00,-1.053086063158042663e-18
4.129731285649125219e-22,1.336264266730824701e+01,1.088879345009001742e+00,-2.557666466066612217e-21
2.036802476796704019e-21,-2.653746504353110680e+01,4.895667697046976130e+00,9.851134586150531758e-21
-4.980368566996058046e-22,-1.782349548214692447e+01,2.941519502857100399e+00,8.699684479900811570e-21
-1.700935670538839421e-21,-2.682239564615807126e+02,3.230572092850691579e+00,4.544268156662312091e-19
4.963912284301624987e-22,-4.074357299030182276e+02,3.240147411247724207e+00,-2.012660980795655338e-19
1.412638563972421502e-21,2.352033499978764297e+01,2.594440157513890899e+00,2.837508825961418818e-20
-1.675082818567256708e-21,5.396862937875857114e+01,3.532830002870745112e+00,-8.357096696443054189e-20
-1.260254335913879746e-21,4.514242459962512299e+01,5.928987700662150750e+00,5.335943665010577753e-20
-2.743325210751591094e-22,2.830973711161218489e+02,1.757816396608571585e+00,-1.443998372238524782e-20
1.522875697056005763e-21,9.844777283547214211e+02,4.836295894033090903e+00,-1.852908783966597156e-19
3.590778498818866819e-22,-1.785862610318196886e+01,6.732827233086390029e-02,6.398108002160980271e-21
3.512516175048454761e-22,1.163690041652179588e+02,1.989216165393736357e+00,1.660813126341460943e-20
-5.944999842388400990e-22,5.112960542054026973e+02,2.815233405856664373e+00,-2.879209301643423450e-19
-6.945833898649417719e-21,-4.710609414158118113e+01,6.242437827123132443e+00,-3.269195160600251567e-19
-3.227915718309840887e-22,-3.515719752931013886e+02,2.007317158545232350e-01,-1.112058097034774616e-19
3.800877911057118231e-21,-9.872292531455267408e+02,4.455844147263153587e+00,-9.521181540119759666e-19
2.756644698123617853e-21,4.871360359780289855e+02,4.961344362518677720e+00,-3.308697722581986094e-19
2.936439757657137254e-22,-7.692203314116390800e+01,3.615438718121031680e+00,-2.009897680052990614e-20
1.954138898621702863e-21,1.352271283422255088e+01,5.042431707911365635e+00,-8.563989161017713122e-21
6.187478577731970354e-22,5.969268729799299535e+02,4.700790799656496155e+00,4.283659814703525272e-21
-2.622122495141192413e-21,-1.733977259098765700e+01,3.423937926506260165e+00,4.366672643273900751e-20
-9.175575135814499929e-22,-1.304392930766380800e+02,3.111668093132888835e+00,1.196319694586008718e-19
8.602985139442691628e-21,4.877424920456433028e+02,3.625792098483586745e-01,-3.923236292924154846e-18
-8.992501212929953797e-22,8.974096788187054585e+01,4.619768375419162965e+00,-7.463761474925190051e-21
9.748653288389261463e-22,-7.415835669032675241e+02,2.438752460558104573e+00,-5.516131515864207251e-19
-1.902329035544745275e-22,-6.102690818774066202e+02,2.218934082798316609e+00,7.008583213605189070e-20
3.132787854209069744e-21,-2.851211126986967770e+02,3.279055405826969416e+00,-8.847980557317739082e-19
-2.098465518086362636e-22,3.003613031895434204e+01,4.954698021909949013e+00,1.512367204255234991e-21
4.438106309447653231e-22,-2.891058537730974649e+02,3.290080020993531029e+00,-1.268963463043942312e-19
-1.057271932487493786e-21,2.632275403921415204e+02,5.824619523215864625e+00,2.495511230525321237e-19
4.158988216987359744e-21,-6.703383772646822081e+01,1.386844756058118744e+00,5.099565994643846563e-20
-4.945951596949023847e-22,2.330470907378619216e+01,1.204819578950389269e+00,4.124853787834830238e-21
3.225795507961266948e-21,8.624906831117591821e+01,1.845394017028721523e+00,7.544256141398609653e-20
-3.752078966797351167e-21,2.064909023982320591e+01,1.432363952686668274e+00,1.069110439244068619e-20
1.671826742952089760e-22,1.029453833059912142e+02,1.264732666002743033e-01,-1.707322122532661047e-20
-3.294709778675598461e-21,9.314625185468128166e+01,6.170835722879957075e+00,3.049550554943043977e-19
1.246708722536122582e-21,9.106710694184243948e+01,4.300278877003201217e+00,4.547538647738601031e-20
2.294438177910994629e-22,1.343875720211298663e+01,4.349814216880324436e-01,-2.796303284565788254e-21
5.875349880898372231e-22,-7.572713819672445368e+01,3.951213372013434588e-01,4.106420223088191568e-20
-1.277526326311510330e-22,6.834194625823878368e+02,3.933323048218828166e+00,-6.134436315873384810e-20
5.982978977864986836e-21,-3.098226072170636485e+02,1.736821180105541762e+00,-3.063420984058412405e-19
3.062665390338157110e-22,4.806911283839281168e+01,4.325587555232124792e+00,5.553537081261074097e-21
4.540772662466574413e-21,1.194592887985890997e+02,2.540987417727095465e+00,4.475075096235241332e-19
3.005991219511705479e-22,4.433485742355948105e+02,5.233456005505557229e+00,-6.634267989848166378e-20
-1.511977242429576247e-21,5.072382393033960852e+02,2.638284786704067297e+00,-6.718268010956598247e-19
9.441466344737746215e-22,-6.814160466944312020e+02,2.530373026935711867e+00,-5.268761216412573022e-19
-8.367206477091095892e-21,1.092081583038494763e+01,9.979149916684916244e-01,4.953126368444089603e-20
-1.242877063473329543e-21,5.292287482059305859e+01,4.174602100894499124e+00,-3.369319073303308797e-20
5.423126323087477606e-21,2.161036795797031473e+01,4.406899509766039280e+00,3.524779763048357716e-20
-4.838513670336118537e-21,-1.114731338611651523e+02,5.403329719796771791e+00,-3.437165995001165178e-19
4.591737083902403574e-21,2.346039689800017811e+02,1.817544060589885602e+00,2.631174183234022798e-19
6.526982454437801597e-22,-5.186808639399287131e+02,5.750470472430436963e+00,2.916308043974523728e-19
1.851700109193095674e-22,4.785357595258020069e+01,5.076492310847100065e+00,-3.155521253324457540e-21
-1.600675106750188820e-21,2.505301963252955488e+01,2.605617109517427643e+00,-3.447831118104765638e-20
-1.701307053640181214e-22,-3.810814762130821691e+02,9.919582715749299950e-01,-3.546736045812118019e-20
3.756537752601427410e-22,1.666764193095534807e+01,4.527923159348509863e+00,1.148449826797620224e-21
-9.498165201667231941e-21,3.501618243871333789e+02,3.012272538495649687e+00,-3.298122970896687647e-18
-1.831233485854812492e-21,-7.431524074122866068e+02,5.171132034133176347e+00,-6.026293457356678115e-19
2.445262582594045189e-21,-1.101924407585364385e+01,3.371709856522772331e+00,-2.623466754366665067e-20
-3.055790085270093456e-21,2.296100141365348861e+02,2.983306351824831282e+00,-6.928687026064279345e-19
-6.419888486065867786e-22,-4.700324864480917881e+02,2.363617795452430670e+00,2.149514841231321375e-19
5.173976796164623351e-22,-2.664818665386689744e+01,2.986544909773547030e+00,-1.362231476384743831e-20
-8.799220613885616418e-22,-1.349744684484011543e+02,5.152710121392513720e+00,-5.062206326291665188e-20
2.109773227625395685e-22,-4.164058025842934967e+02,3.628014342479645826e+00,-7.766231688402687814e-20
5.519003890011306897e-22,4.075303202405804370e+01,8.733501334169326835e-01,-1.444551654877404592e-20
-1.319507397252538925e-22,-4.232987521412274532e+02,2.800896115478491932e+00,5.264418212065190354e-20
-8.636000364728317534e-21,-2.412356147635848913e+01,2.736096237496647543e+00,1.914368276993675590e-19
6.400702247080898419e-22,3.444386942994567136e+01,4.358022853094335680e+00,7.650044494209621765e-21
-9.176295920230461049e-21,1.652644584329446786e+01,1.656142048134132461e+00,-1.292710495358985434e-20
-1.363647407536583109e-22,-6.188638292017074605e+01,1.805150846235309414e+00,1.959692052067750877e-21
-3.425538430653980856e-21,2.911511422689849127e+01,2.141223434800919811e+00,-5.385602950262137053e-20
-3.016624334402045284e-21,5.854389171881067568e+02,4.755230700191832582e-01,1.570112085001265095e-18
1.979138121376583997e-22,2.078626724947347100e+02,7.881034519248402148e-01,-2.901078876980089741e-20
2.340824872063956024e-22,-1.502916767998674175e+01,6.032785945877984446e+00,3.408348962393508571e-21
-1.038291936980189620e-22,1.543011735185299749e+01,3.588539852217724757e+00,-1.444723920079906618e-21
2.292250754917146097e-21,1.081228352830954442e+01,4.361762015963217110e+00,8.513133955401208677e-21
1.093538156542003385e-22,2.570646915294428325e+01,1.829207839164708638e+00,7.183630389351470499e-22
4.750698307307957535e-22,-1.928090070735786128e+02,3.637788188977593151e+00,-8.055106964343103145e-20
6.624188864201778278e-21,-1.332785382526656726e+01,4.414058499219319920e+00,-2.594951364062142165e-20
3.596365635743361339e-21,-3.685686143643444979e+01,5.356311704654087791e+00,7.957515123485968463e-20
-7.933556015863246963e-21,-4.402391487609198748e+02,1.984933589746223026e+00,1.405448130357738978e-18
4.815477554558061525e-22,-2.041995826943081838e+01,4.065369825427450401e+00,-5.927549354289737499e-21
1.261491704050189402e-21,9.249402307383738275e+01,5.205728647887103655e+00,-5.525635221678350227e-20
-5.484839328821981966e-22,1.087875018414677442e+01,3.039588595121773373e+00,-5.935804725848250474e-21
-1.310057045717374979e-21,-1.630912332073154403e+02,4.213174424013605091e+00,1.022861896346074551e-19
-1.707261979119138887e-22,-2.594002459489866510e+02,3.998134805038708439e+00,2.900999805679919347e-20
8.565073912028608406e-21,2.993069354379413198e+02,4.132621729242234920e+00,1.404407373745592020e-18
1.881127884839910441e-22,-1.479382168020504551e+01,4.353472636713827448e+00,-9.775234738207248330e-22
7.815725389912357047e-22,-2.257144786667526830e+02,6.184221768277653908e+00,1.755490714917135727e-19
-2.035363593009045024e-22,3.672564990396636375e+01,1.151798232601398408e-01,7.425476693407228065e-21
-9.319028540487778832e-21,-8.421022367838132823e+02,3.245501783232213749e-02,-7.843442105531871048e-18
5.616210561393139470e-22,-2.254387845373521415e+01,5.408941704387600247e+00,8.123084420635653330e-21
2.852904574611234144e-22,-4.894740917824011461e+01,4.561815932710809207e+00,-2.094700236740008275e-21
-8.659700485581516536e-21,-4.032131179505058185e+02,4.262621429842618603e+00,1.518040373459310609e-18
-6.206675718602523648e-22,-5.839310799285487974e+01,6.164052206978762882e+00,-3.598582172896606599e-20
-6.164432697834475663e-21,-1.585732459916679318e+02,5.973817585448308876e+00,-9.311078536665635682e-19
2.193253730919895599e-21,-1.566284331723713876e+02,5.684108579999650246e+00,2.837031218616573814e-19
3.123727973898885726e-22,-5.247811563565934989e+01,3.950046569558312459e+00,-1.132110884818647381e-20
-2.364565422224696349e-21,-5.669551989437015038e+01,1.402379989829539264e+00,-2.247135651094659618e-20
-3.285181031007623537e-21,2.877688454889068481e+01,6.089699219776856687e+00,9.277319937080755453e-20
-2.726909179337580233e-21,3.219735201153364414e+02,1.695771296100989645e+00,-1.094416814475629149e-19
-4.949064574373614257e-21,-9.468404529233268931e+02,3.949542347899594130e+00,3.237924027968301263e-18
-8.206316829003531229e-22,7.776111874071986563e+01,3.398455464336103127e+00,-6.171963590376200443e-20
-5.938551685779107082e-21,-8.107344918797922446e+02,5.848092481132957765e+00,-4.366017887809726038e-18
-3.100191838762269367e-22,-1.964372212322062694e+01,1.764542673504520820e-01,-5.995368071311330933e-21
1.854352119661927213e-21,9.894031322690179877e+02,2.345159113130434569e+00,1.282934851693075519e-18
-2.541649936908223650e-21,6.193524865847144838e+02,3.246387568456619022e+00,-1.565541329313179313e-18
1.440401267627784479e-22,-7.684501127943102574e+02,1.195268607686117424e+00,4.059619326443334165e-20
3.581875145935983667e-22,2.207531929608245491e+02,2.386376448276311901e+00,5.757346976755124219e-20
1.167118681401644735e-21,-3.806543210069849010e+02,1.526796530989134038e+00,1.954142839435681512e-20
-8.814274589013339256e-21,-4.202134714388404291e+01,2.203940503650364757e+00,2.191518872640268377e-19
-6.720901058235446342e-22,-9.197905998593932964e+02,3.127516748405990699e-01,-5.881944808398782119e-19
1.709056099262747286e-22,-9.523438890071329297e+02,3.538670973717972235e+00,-1.500972705618259611e-19
-6.657546996798910850e-21,-4.645362185284982104e+01,8.173248911853042697e-02,-3.082347623310695216e-19
-9.189707427526216278e-22,-3.091360406510829648e+02,2.647691822635934944e+00,2.501358326889086733e-19
1.559008278859089487e-22,3.318395468546328857e+02,8.331089271963469933e-01,-3.479520759709262763e-20
1.310824922565599411e-21,-3.859608563599750823e+02,4.510341379792272676e+00,-1.015272757758669488e-19
-9.505235718206473382e-21,1.954900569750996908e+01,1.685583311965982434e-01,1.831844303325341872e-19
2.653542698132375866e-21,-1.555025346316863022e+02,3.037336668850299848e+00,-4.103921298150357412e-19
-1.109927710191701253e-21,-8.752525265451818370e+01,1.542447497361709718e-01,-9.599336250422395150e-20
2.142514499672073835e-21,2.227903317163849124e+02,1.054431585704612484e+00,-2.356691253114617066e-19
-1.302409011913077217e-21,-1.500352371529542097e+02,2.191880233840499237e+00,1.137107953578645474e-19
-6.865787191873281794e-21,-6.091127248161743637e+02,6.195339214864383770e+00,-4.165912457664371647e-18
-5.114252479849970396e-21,-8.564923498367592458e+01,2.861328202372486640e+00,4.209408282539608341e-19
-3.675817945858932311e-21,1.838400245188262261e+02,5.977578894188685155e+00,6.444507883740217215e-19
-8.213101004176937047e-21,8.366802710501302727e+02,5.583206569023091426e+00,5.255890449270895015e-18
3.303489773654698768e-22,-4.824793773504469385e+01,5.240866812898309135e+00,8.036580320027285118e-21
-2.081520016379275400e-21,4.667690197283009752e+02,1.331117936558031456e+00,2.306457424271575681e-19
-9.646398972832247887e-22,5.143806783096396629e+01,2.728546024467175535e+00,-4.544634355907034863e-20
7.983085419042528171e-22,-2.518724439191890596e+01,2.031096864297270876e+00,-8.931964388990962664e-21
6.427380792134234688e-22,-4.786876487815533210e+02,3.419595003615536921e+00,-2.958579394525052982e-19
1.836945129856553585e-22,-3.535655298785466272e+01,5.887867857861692755e-01,5.401177419785274016e-21
-3.562502188663025778e-22,-1.225057642912846312e+01,3.875400448216649973e+00,3.241036933272789042e-21
1.357608928280719547e-22,-1.792006904678324020e+02,2.688065947659675214e-01,2.345477545196278119e-20
-9.970787858804243996e-21,-1.523086602467280386e+02,2.353432683378374080e+00,1.070868934715200120e-18
-1.040277165158590046e-22,-7.464376481662246476e+01,5.873667163904097599e+00,-7.122952524690674681e-21
-1.755221643379586789e-21,1.003694747129260350e+02,5.484265699911086145e+00,1.228757560572722941e-19
-3.361062747336374280e-22,-1.910411592068715265e+02,7.952983475700402538e-01,-4.495170006336887082e-20
-3.614693832400007164e-22,-4.602530597322037238e+02,5.361739339666722337e+00,-1.005972213604424395e-19
8.152063921225803803e-22,-8.333733591613240606e+02,5.414105891995733444e+00,4.385544829069535157e-19
-1.316967709510006702e-22,1.047545061172016290e+01,1.088543418891303460e+00,6.398179358207369620e-22
