-1.541056563456913355e-03,2.459188568017677268e-01,-5.632190900223159045e+07
1.832717585623250397e-03,3.544521756726457667e-02,4.647169562408357263e+08
4.043177603286009225e-02,2.342921251012152761e-01,1.551014098902322292e+09
-1.214795831832709422e-02,4.329830937456403683e-01,-2.521639345500190258e+08
3.308579698532827101e-02,2.691277268181680934e-02,1.104927482483470154e+10
-3.098097961382333468e-02,1.147467796950755840e-02,-2.426639475073282242e+10
6.938924415133482237e-02,1.036294014744194442e-01,6.018105340045065880e+09
7.356157101521095670e-03,3.059101234676236403e-01,2.161263727149812579e+08
-1.111602797016524556e-02,1.113087912064065522e-02,-8.975750724311868668e+09
3.213857116117143763e-03,2.435614466384837806e-01,1.185956167973937243e+08
3.491222994601310414e-02,2.487466776427993131e-01,1.261452549493653059e+09
-2.484843892620639330e-03,2.016791935399658842e-01,-1.107359490757617354e+08
-9.875552461556580397e-03,1.070901331418267280e-02,-8.288244617247941971e+09
-1.417288302849232726e-02,2.991221713260990012e-02,-4.258534955770732880e+09
3.965331415899600240e-03,9.595590380983425316e-01,3.714141186976779252e+07
-7.709006163040900243e-03,5.634485684556104212e-01,-1.229687423577755541e+08
1.158762011495611394e-02,3.055093825297488380e-02,3.408947515788185596e+09
1.200363457042971259e-03,1.211355100100818677e-02,8.906189095978090763e+08
-1.279678301421583071e-02,2.690963543540223282e-02,-4.274089481542439938e+09
-9.330137045800634618e-03,9.720484542084415480e-01,-8.626819817030078173e+07
2.624381973379463686e-03,8.889053036647586170e-01,2.653518787478127331e+07
1.546475455671676019e-03,1.136299724988079803e-02,1.223209226983954191e+09
1.296396734962554148e-03,1.428329793064661395e-02,8.157555774491103888e+08
-1.661672650040520172e-02,1.338821291685569070e-01,-1.115510030170706034e+09
1.665904460954378569e-03,2.515096167906674673e-02,5.953140246647273302e+08
-1.939053515129866498e-02,6.170743600127609474e-01,-2.824248534180309772e+08
6.274395903603654893e-03,1.712663677800107809e-01,3.292687003673340082e+08
-7.385539150763091587e-02,1.361807933044175724e-02,-4.874352839489856720e+10
9.181735152141688033e-03,1.377585742128164051e-02,5.990412658727597237e+09
6.594227360623433620e-02,1.522713503736556062e-01,3.892210645625958920e+09
6.327382387507070327e-02,2.159419694128777642e-02,2.633526190401832962e+10
-1.090016727104878118e-02,7.214976070159315746e-01,-1.357840899408722222e+08
4.885551822302343361e-02,1.892835589795409668e-01,2.319804302234381676e+09
-1.328654706693284263e-03,1.572990507910568964e-02,-7.591658203101470470e+08
-1.569026181010775914e-02,6.845365376041780137e-02,-2.060080422111724615e+09
-1.879416440421542364e-02,1.096843516560254590e-02,-1.540029242567119789e+10
-1.085829211921157493e-02,9.343314968009072130e-01,-1.044506507787206322e+08
-2.046580824702919077e-02,7.778966585960743474e-02,-2.364599606861992836e+09
1.040896264126269389e-03,5.661246913665598374e-02,1.652517134352227151e+08
1.688756356011613877e-02,3.592195403910659890e-02,4.225301093538565159e+09
-9.247507785764925992e-02,2.087359983767496929e-01,-3.981786506308901787e+09
-1.464325405062462566e-03,5.916858960557111469e-02,-2.224318624769955277e+08
9.337279562742169248e-03,1.311468546697479136e-02,6.399014600292675972e+09
-9.475099768898744002e-02,1.117523642530547090e-01,-7.620398625685074806e+09
-9.269876469879556602e-02,2.929197575124977693e-01,-2.844303260755299091e+09
-2.619854994283248202e-03,1.204445492773528574e-02,-1.954972811536136866e+09
9.834905336867564782e-03,1.031531307746159781e-01,8.569162700732434988e+08
-1.543642383306324806e-02,4.078437786283095612e-01,-3.401758439023178220e+08
-7.251757524041180410e-03,1.179511031555173506e-01,-5.525758310449216366e+08
1.677865949102968482e-03,2.110173242961065412e-02,7.146440249070286751e+08
-6.906419021773128018e-03,4.704177672526713150e-01,-1.319531694116022587e+08
5.453986027952521104e-02,1.906408860937950367e-01,2.571275379800027847e+09
-7.832607065521079992e-03,3.307979794819045916e-01,-2.128110184745583534e+08
-2.525641556872543908e-02,2.466188928243637571e-02,-9.204410718045141220e+09
6.042731101323403631e-02,3.721796923741934604e-01,1.459255082249658585e+09
6.174611489946754683e-02,2.908741728279293573e-02,1.907897741031597900e+10
3.489780186925441757e-03,9.930468010372142662e-02,3.158486131018193364e+08
-3.226771340026172389e-03,4.438255854084490609e-02,-6.534411413832213879e+08
2.631258200934144358e-03,2.328722848865154640e-02,1.015538238453971744e+09
-2.866987974022396773e-02,4.000389990005089741e-02,-6.441309359263288498e+09
-3.586226658411190843e-02,2.933788018546436560e-01,-1.098650663452382565e+09
7.787574463261538738e-02,1.063962008676700988e-01,6.578497438973618507e+09
-1.553664172192654319e-02,1.858949956353892971e-02,-7.511731753223917007e+09
1.206437435493907737e-03,1.989511826845395959e-01,5.450155556481084228e+07
1.304258234004906578e-03,9.385212676457624914e-01,1.249021997047164477e+07
5.192465500253290456e-02,1.290955405989909453e-02,3.615039087940501404e+10
1.359077941663896887e-02,1.600639430436593194e-02,7.631351733909543991e+09
9.156277803214170341e-02,7.690729441790143672e-02,1.070045009499153328e+10
-3.185465564364037445e-03,1.505335832748843083e-01,-1.901910750726248324e+08
-4.050795465445167047e-03,3.519099537231420299e-02,-1.034568813050244808e+09
4.930197476188510897e-02,2.628956008432420735e-02,1.685511090420398712e+10
5.134533297594862100e-02,6.498888180564595940e-01,7.100885803215619326e+08
6.073538345619976936e-03,9.068378980893916641e-02,6.019532096385374069e+08
-2.436791676621046648e-02,2.125295732681951044e-01,-1.030503926004962683e+09
1.319336032969249022e-03,9.583557322983218829e-02,1.237312206089415699e+08
1.040139209034583734e-03,1.177541976338038546e-02,7.938997928148541451e+08
4.011413927015997083e-02,2.068225909039499710e-01,1.743211659355055571e+09
-2.530277016556686798e-02,1.311212490806708958e-02,-1.734385409002724457e+10
9.345306280673945296e-03,3.915422531954042551e-01,2.145188805788813531e+08
8.568099368089157619e-02,6.170499811237374344e-01,1.248000529280180216e+09
-8.288789806134460800e-03,2.967563185709894968e-01,-2.510393317281217873e+08
1.665898956639571670e-03,3.847342413900097652e-02,3.891691754779838324e+08
-3.664881208525086476e-02,8.206524271771886703e-02,-4.013758721380658627e+09
3.396220824804013425e-03,1.406367676842037451e-01,2.170439390672860444e+08
2.639186160304726053e-03,1.728445154768262423e-02,1.372350484438843250e+09
-1.176097907561450377e-02,3.574880962740918378e-01,-2.956871902921949625e+08
-2.048882055544778633e-02,1.308280954925371796e-02,-1.407558837551279259e+10
-7.602239016275197381e-02,3.668233532392272539e-02,-1.862666747548821640e+10
-2.696665496697578726e-02,9.096080093058622751e-02,-2.664547220095723629e+09
-1.429006273447327091e-03,8.246091607460883655e-01,-1.557530638683832064e+07
1.449174772939182398e-03,3.223543355257771359e-02,4.040525648759545684e+08
5.460792460749466781e-02,2.006464087136458907e-01,2.446103892872026443e+09
2.336219545453929042e-02,3.499936048880126771e-01,5.999349490929222107e+08
-5.142072393423662707e-03,5.318993498675009812e-01,-8.688790892693150043e+07
1.874064901211749479e-03,3.877994515278005982e-01,4.343382276020973176e+07
2.772001892333920796e-03,6.046980479240147144e-01,4.120079291052033007e+07
-9.885656132120699408e-03,2.140139805385561367e-01,-4.151585374115909934e+08
1.998279862048821590e-02,3.205705891326358914e-02,5.602517925211936951e+09
1.988545234323354713e-02,6.267816947740321998e-02,2.851476445691455364e+09
-1.040981209467381659e-02,2.052546576140603860e-02,-4.558274634171993256e+09
1.304100039570509247e-02,4.996743251235703787e-02,2.345710932041860580e+09
2.883818600817574657e-02,7.167670464926571838e-02,3.616100788792812347e+09
9.053897011148625412e-03,7.477248637124637165e-01,1.088289267154387981e+08
7.781028954579895240e-02,1.819497137690328017e-02,3.843583081151036072e+10
5.184107087465775893e-02,7.139209835145070293e-02,6.526411234436683655e+09
-7.093738292004607426e-02,2.979010721330837067e-02,-2.140196818846940231e+10
2.264197352295379845e-03,1.627229814612268788e-02,1.250593029236911058e+09
1.031176918254491336e-02,9.168432816484047010e-02,1.010854606755347013e+09
1.250064385915538451e-02,3.244403512769594711e-02,3.462965283846507549e+09
-8.674258943341523614e-03,6.912087406691047597e-02,-1.127908266144038677e+09
-7.913376459670865351e-03,2.450022960021796814e-01,-2.902968282131039500e+08
-4.015092154727085798e-03,6.999351973493389556e-02,-5.155707883834750652e+08
1.815281093172610005e-03,1.212248399926257464e-01,1.345869288751182556e+08
2.621954149120785116e-02,5.302253829986108835e-02,4.444421057936018944e+09
2.376733298711069739e-02,4.631941258468209588e-01,4.611774100880864859e+08
-2.076121381693173118e-02,1.911758936585866361e-02,-9.760458754272636414e+09
4.911812066960089679e-02,3.176469765056221251e-01,1.389785045250020504e+09
-8.729460379975420570e-03,1.302756897018013046e-02,-6.022469863520285606e+09
5.493458511554717531e-03,1.587007637732489040e-02,3.111124926038353920e+09
-2.359790895788115624e-03,2.299205504203056041e-02,-9.224574636795916557e+08
1.003480381240340162e-02,1.389715146783753186e-01,6.489835869627897739e+08
-2.110076731779074455e-02,1.212800349834791333e-02,-1.563722024998234367e+10
-1.659895970840227861e-03,1.128751528997300191e-01,-1.321700753133779466e+08
2.906906344854794794e-03,4.289044691798898357e-01,6.091455649521512538e+07
1.555955654438958419e-02,2.575077958389118682e-01,5.430720503614190817e+08
3.769496147819312130e-03,2.611825495749079407e-01,1.297148701271562874e+08
3.679994580428458568e-03,1.113816057455090797e-02,2.969506790704270840e+09
3.178939739001048707e-03,2.779998168024417349e-01,1.027752173676107377e+08
-3.388314541058037171e-02,2.109984159578193533e-02,-1.443295119334346199e+10
-1.447621443746105246e-03,3.243810735458341893e-02,-4.010976516563086510e+08
4.744608245099702672e-03,4.808262440809719929e-02,8.868758184698877335e+08
-5.108637146483477331e-03,3.367253167252259871e-02,-1.363577747235446215e+09
1.127164102595518830e-03,1.540719919600670035e-02,6.575277252273310423e+08
-9.766046749086872147e-02,9.634643637197461974e-01,-9.110322719074327946e+08
-7.142790071785866390e-02,1.439315887432284641e-02,-4.460282695021042633e+10
3.917811186393636846e-03,5.903011768006729415e-02,5.965137670031309128e+08
9.711535769111490080e-03,1.911498195373152048e-02,4.566302096510461807e+09
1.892970027009416301e-02,1.004764026747203276e-01,1.693285845500597715e+09
1.255885767163545568e-03,2.339825688523083924e-02,4.824110557537298799e+08
3.795666887206985019e-03,4.210055370373552014e-02,8.103094463479688168e+08
1.063506609246411480e-02,2.009379072873421213e-01,4.756953834169374704e+08
1.684037224183574256e-03,1.813398456810007969e-02,8.346589669857854843e+08
1.828597293686124933e-02,2.288170940087567648e-02,7.182575921458135605e+09
-9.813470785601129120e-02,8.623236572892541973e-01,-1.022828807932368875e+09
-1.172647464999587719e-02,2.901486835995426006e-01,-3.632431915673427582e+08
3.627873626781682320e-02,1.304912903008287328e-01,2.498741002553859711e+09
-3.362919501170515829e-02,2.320970761157438791e-02,-1.302259159057030106e+10
2.323286191572551153e-03,1.965523271559294904e-01,1.062368388191262037e+08
1.572504582867796305e-02,5.639656561427977000e-01,2.506050859556822181e+08
2.626004272151780811e-02,9.189415659013419058e-01,2.568373323716954589e+08
-4.639395037332369985e-03,1.249250719467411876e-02,-3.337815781399020195e+09
-2.378599312126450371e-02,3.620293903346630954e-02,-5.905111173655335426e+09
2.543172335293234377e-03,4.971917051261474929e-02,4.597296714600905776e+08
-8.028097849544207909e-02,7.599072339273940102e-01,-9.495168951841362715e+08
1.364422927004125272e-03,1.568354763888265557e-01,7.819073928143936396e+07
6.042225035992810321e-03,1.291773777648059507e-01,4.203983957217545509e+08
-1.841646818146139286e-02,4.015476954648541236e-02,-4.122112379222153187e+09
-5.115645046145535224e-02,5.665570898022263824e-02,-8.115351640022092819e+09
3.945271058055390551e-02,7.594358206533420586e-02,4.669134527700535774e+09
6.687623393514480728e-03,1.290041525265756689e-02,4.659279209697573662e+09
-3.533737314451951966e-02,1.760721296435366900e-01,-1.803824426392867804e+09
-1.589170318697329456e-02,1.008950148289581156e-01,-1.415635206433196068e+09
-4.314144071446813535e-03,4.944596009076552418e-02,-7.841776291402069330e+08
-6.388995288520062099e-02,4.375197874869773962e-02,-1.312458218645658493e+10
9.730123377150465269e-02,7.694732581790597603e-02,1.136515686206291199e+10
4.982557999565138951e-02,3.926501482130618781e-01,1.140505057396017313e+09
-1.399860731478298412e-02,2.145089325455667648e-02,-5.865297801017263412e+09
8.179158082899239124e-02,3.207781376699380127e-01,2.291682554885569096e+09
-1.572209703661569744e-02,4.247474452371317044e-01,-3.326827749870751500e+08
-5.351246457715196948e-03,1.682776251910624715e-02,-2.858111696640192986e+09
1.891326530772719644e-02,3.001850780093068827e-01,5.662758401399277449e+08
1.274447854440877810e-03,4.606874078413539242e-02,2.486373378433178961e+08
1.802149269571550264e-02,2.538837180716147501e-01,6.379792131903795004e+08
-4.195083004563231362e-03,1.681655773578161484e-01,-2.242095329103546739e+08
-1.387413714942165033e-03,3.261413059867644681e-02,-3.823409330843433142e+08
2.985482742305730578e-03,8.141212675911424501e-02,3.295915609758797884e+08
-4.865774754923048173e-02,4.555427547701125512e-02,-9.600049567374397278e+09
-1.591166619327771771e-03,1.182842710826927275e-02,-1.209036131308161020e+09
7.935028428008004259e-03,4.283992328231233659e-01,1.664755356331277788e+08
6.657039645770515199e-03,2.551966233975305060e-02,2.344535634488363266e+09
-5.078327592760138731e-02,1.660225901172002749e-01,-2.749186143116807461e+09
-8.698619398228564503e-02,2.269924585924158467e-01,-3.444209168981552601e+09
3.048437561642007403e-03,1.630082704369542890e-01,1.680808683441860676e+08
-6.409825552074050609e-03,2.081848144288597768e-01,-2.767246078563691378e+08
2.788957899836530530e-02,2.031118300863894721e-01,1.234119906430943966e+09
2.691968444980371092e-02,3.420459983458499220e-01,7.073527873935669661e+08
-3.560632833497730677e-03,1.217370644495056192e-02,-2.628784501124197483e+09
-1.326643737399333008e-02,2.388777515898778681e-01,-4.991478754030823708e+08
-2.499917428452677615e-02,2.313562535441166662e-02,-9.711695110452688217e+09
3.486218729157368468e-02,5.930799568095047186e-02,5.283138581973891258e+09
-6.356837068630068373e-03,1.718742127428381228e-02,-3.324152784838504314e+09
2.241570424916374676e-03,2.411652984364573149e-01,8.353879171828056872e+07
6.534924986151557230e-03,1.148822318196036224e-02,5.112559331135961533e+09
-6.371874596679857894e-02,6.855082932006495433e-02,-8.354204944002907753e+09
1.947732042510339975e-02,6.422952629988042395e-01,2.725493234150201678e+08
1.771301863713734513e-03,9.262023664198930639e-01,1.718847360812100768e+07
-3.207837182648980850e-02,8.745929762216841930e-02,-3.296529375893698215e+09
-1.574100217193080339e-02,9.116708166123471679e-02,-1.551832861808983564e+09
-1.491071070435728493e-03,3.859947183036484541e-01,-3.471903138132925332e+07
-1.567799064351372423e-02,8.668998284855750081e-01,-1.625444338768088818e+08
4.127736208487732539e-02,1.345325076574479528e-01,2.757625687637430191e+09
-1.109194653321036658e-02,5.611778105447331327e-02,-1.776470072465283155e+09
-4.201323343125685714e-03,1.881969515937222115e-01,-2.006430592363582850e+08
1.450588322013169999e-02,8.843968139713108412e-02,1.474170193271502733e+09
-2.945529268315154672e-02,5.067891648609267746e-02,-5.223801186522487640e+09
2.194255810066720810e-02,5.303197275526430610e-02,3.718776624612970352e+09
-1.206546212764909518e-02,4.554083403147057840e-01,-2.381187527739918828e+08
-1.509593002720814505e-03,1.195778096174206565e-02,-1.134644725309243679e+09
-8.231287082340835171e-02,5.553355060126962534e-02,-1.332180050225846291e+10
-8.687621176159575354e-02,3.995841872830217523e-01,-1.954083870561917782e+09
3.501721692388141786e-03,1.732112900435118022e-02,1.817004691368253946e+09
4.607415972768237611e-03,1.102043818158382343e-01,3.757588163519147635e+08
-1.008441458843997544e-02,1.010790325937956091e-02,-8.966856788492141724e+09
9.848304412691960552e-02,3.882021048997899015e-01,2.280101586131973267e+09
-8.711706737028472591e-02,1.343322580229509566e-01,-5.828724797756408691e+09
-1.707331095327626301e-03,1.299852693118276892e-01,-1.180522394761598408e+08
1.020325051343755861e-02,3.333005435724328142e-02,2.751396282230144978e+09
9.082309604544844955e-03,6.557925267724068474e-01,1.244745192042196542e+08
-3.849351620256758616e-02,8.873933560666671938e-02,-3.898719849500564575e+09
1.309495118236647616e-03,2.234930039095988155e-02,5.266117793680266738e+08
-1.239478897755348598e-03,2.557642206499456325e-02,-4.355619821270326376e+08
-1.069149792048062347e-02,5.017684044456186543e-01,-1.915075336234745383e+08
4.099835022889022733e-03,1.588213548413314469e-01,2.320107473002158701e+08
-3.304467560657933789e-02,2.163111154432530436e-01,-1.373008653254904985e+09
8.719345474462732865e-03,9.284027008838846573e-02,8.441081793245515823e+08
1.655009506606489001e-03,1.648102192701351651e-02,9.025410707949048281e+08
-1.696679765423716145e-03,2.719104341682225812e-01,-5.608214623327159882e+07
-4.203714136334322192e-03,3.480563231798514123e-02,-1.085511091857966423e+09
-3.047261188924137512e-03,1.347872238724275584e-01,-2.031943230261192918e+08
2.460331569753742946e-03,1.186533305687692552e-01,1.863649874386096597e+08
2.522070001687139185e-02,1.072459259607934506e-01,2.113620203533632755e+09
-2.093516396433464308e-03,2.168866139799796866e-01,-8.675494451025028527e+07
-1.973309386344374028e-02,1.259118710439321130e-02,-1.408572231345816612e+10
1.532199617928916516e-03,7.313893271723855005e-02,1.882857052723067999e+08
-1.140953292368559807e-03,1.393146202503085448e-02,-7.360745273653769493e+08
-3.457620736319020477e-02,1.653081366282370124e-01,-1.879895645800550699e+09
1.322905608149709715e-03,1.729935778906733709e-02,6.873049867396714687e+08
2.362988196738500819e-03,2.215467057690236052e-02,9.586208570590867996e+08
-5.921379503910239976e-03,2.076624950478973275e-01,-2.562804316034656763e+08
1.313227554589036644e-02,1.181141048529455451e-01,9.992837889945732355e+08
2.504847413077270022e-03,3.350378224898854784e-02,6.719516987034868002e+08
-5.900221190064591434e-03,4.209250151652432215e-01,-1.259836466660051793e+08
5.249890251734063568e-02,4.479039089913051663e-01,1.053455003698278785e+09
-2.041241492962446967e-03,1.341916891004236480e-02,-1.367160136031337261e+09
-5.195034186258686709e-02,1.537787182813835779e-02,-3.036286798619342422e+10
-9.527872963245429330e-03,3.103369537094570127e-02,-2.759389984078197956e+09
6.775983264567827895e-03,1.390438743578414349e-01,4.379969461245070696e+08
1.195777590240268765e-02,2.163291944409060641e-01,4.968049283395988941e+08
2.234832062901990352e-02,1.766786575784971142e-02,1.136871609101787376e+10
3.660678703766564318e-02,1.488746503027147394e-01,2.209995944291564465e+09
-1.297152122909065071e-03,8.853184369542108079e-02,-1.316867321063064784e+08
-3.458052292400520811e-02,2.500672277837820423e-01,-1.242869112303818703e+09
-1.110058375927324217e-02,7.261200983864979364e-02,-1.374003941790879011e+09
-6.946758713160325338e-02,5.690264038022498083e-02,-1.097236923902627182e+10
9.036054241529287157e-02,8.373098908668344387e-02,9.699363290033369064e+09
1.472761388020194830e-02,9.647294769546597148e-01,1.372073762058546245e+08
2.164159029876453443e-03,1.678679219129549857e-02,1.158702850057436466e+09
2.294510521075416448e-02,1.572423731424433535e-01,1.311508416754713535e+09
-4.622348764457683869e-03,3.849578329448097858e-01,-1.079195605287367553e+08
-3.224645918567073909e-03,1.592235299429498874e-01,-1.820226381124397814e+08
-3.622643501494059431e-03,1.853911659922313770e-01,-1.756253409477167726e+08
4.302706414241714607e-03,9.771585419879516565e-02,3.957558100941330194e+08
1.395988989505325857e-02,2.081613968828959979e-02,6.027433362680436134e+09
7.514172592449376402e-03,8.678984630003115930e-01,7.781491818991844356e+07
-5.636701573825159822e-02,2.687023658600625267e-02,-1.885402898600722122e+10
-3.028728662854813722e-02,2.833298887440227620e-01,-9.607681440515086651e+08
1.940891455880741504e-03,1.280955649773203864e-01,1.361813932327525914e+08
6.759335726077715656e-02,5.170056958735441688e-02,1.175058012760035133e+10
5.840287744656029109e-03,3.353387947539827191e-02,1.565312538658608913e+09
3.886973239031928529e-03,1.044648535282619306e-01,3.344197895833016634e+08
-1.813109871653547983e-03,2.150399010788206500e-01,-7.578018989240011573e+07
5.672430179382887891e-03,7.593313030587528489e-02,6.714110328969273567e+08
3.552707919776209623e-03,7.197914917702573634e-01,4.436121308105311543e+07
8.166272649651669727e-03,2.080247410064612473e-02,3.528251250228794098e+09
-1.583736953368237738e-03,6.413203388505052394e-02,-2.219517917038327456e+08
-3.478367539122559533e-03,1.163608659698521161e-02,-2.686699801150698185e+09
-6.403690897702271623e-02,2.008052672133226954e-02,-2.866195953908674622e+10
-3.906614140429915186e-03,1.557948275483672651e-01,-2.253710360691289902e+08
1.740062583515463281e-03,3.355935364540105770e-01,4.660171495514047891e+07
1.159436140256943880e-02,3.295878665125476781e-01,3.161740604163857698e+08
-2.962016182185024486e-03,4.327310162073811362e-01,-6.152052324780433625e+07
1.030798694375114786e-03,2.253466611658084540e-01,4.111244924832178652e+07
-7.669400845592154285e-03,1.001283832056134269e-02,-6.884221760809068680e+09
9.824753669777740520e-03,1.880268734629830102e-02,4.696262500903947830e+09
8.006351094055867701e-02,1.994381352016745546e-02,3.608087361462409210e+10
1.639520005274164652e-02,3.376265220785142768e-02,4.364462672724079132e+09
1.790328112060302762e-02,4.891229062132826377e-01,3.289767816286077499e+08
6.836223717595657154e-03,1.174602879855707188e-01,5.230892846930859685e+08
9.995044052796756354e-03,1.404892984203089286e-02,6.394286441243773460e+09
1.323021345425931181e-02,3.201131685791367421e-01,3.714616035769014359e+08
-1.139964639569304239e-03,2.473052348361364505e-01,-4.142940433772761375e+07
3.393976098989413132e-02,1.745211874157301044e-02,1.747878493729261398e+10
2.710934035549709617e-02,1.445816763692939037e-02,1.685218866577717590e+10
-2.029953880602898206e-02,1.007378136329746821e-01,-1.811107664727147341e+09
2.845412317239056927e-03,5.290450939243159650e-02,4.833960910122796297e+08
-1.693822653559685920e-02,1.273477315891942685e-01,-1.195438784487619638e+09
-2.474820966562179658e-03,6.274227797067658541e-01,-3.545145976049754024e+07
6.679135782558171149e-03,2.909559092533752778e-01,2.063211304971539378e+08
7.966689050618014009e-03,3.305323689497093043e-02,2.166279493231416702e+09
4.425982234798927009e-03,3.388650951990537785e-01,1.173906339870065451e+08
2.057047534532884317e-03,1.268580762098741876e-01,1.457393488491289318e+08
1.812462917252812044e-03,1.925541219751290140e-02,8.459933088722501993e+08
-6.777246499864766904e-02,4.817629171689024603e-01,-1.264359372811301947e+09
-3.648057198264640939e-03,1.242030043066080260e-02,-2.639855507529546261e+09
-1.895789347329009675e-03,1.445240196609353170e-02,-1.178964327898534775e+09
2.305195357170468449e-03,2.787241384919769693e-01,7.433336147917021811e+07
1.669025765751589070e-03,1.173263890641033924e-01,1.278550701560021192e+08
8.267547942045333498e-02,1.275731903142127838e-02,5.824624383368155670e+10
-3.352072254937363965e-03,2.479666893899944158e-01,-1.214984243852193356e+08
-7.027895876796228652e-03,9.669047352350784719e-01,-6.532693006854178756e+07
-5.231763128392168116e-02,4.492994906147865231e-02,-1.046556706089548302e+10
4.443844549206030226e-02,1.730551108285926371e-02,2.307942831129760742e+10
-1.273853712108604513e-02,2.164228752506353742e-02,-5.290138140364493370e+09
4.088450896203970480e-02,7.284865737777035388e-01,5.044148368430513740e+08
-2.343580226863132762e-02,1.773848874475830034e-02,-1.187445884759042358e+10
-5.271972864254038764e-03,1.349725598529645000e-02,-3.510575356620356083e+09
-1.912004681347524021e-02,1.873852403480062018e-02,-9.170735957786510468e+09
1.063862686752488178e-02,8.270243204454635899e-01,1.156159931641095132e+08
-4.484295303953228506e-02,4.775826169024189466e-02,-8.439103472655637741e+09
-5.035790213198157450e-02,1.007073039420868371e-01,-4.494250529633326530e+09
4.455931797560051637e-03,1.559624109290862759e-01,2.567847411381782293e+08
-6.263738147662578637e-02,4.377781987249335094e-02,-1.285967764821594810e+10
-1.921121071302626590e-02,1.106702940278847698e-02,-1.560178504333736038e+10
9.420678209142405168e-02,1.645322090326067910e-01,5.146143106737241745e+09
-3.059730500751066569e-03,1.470052529670347052e-01,-1.870686190824356079e+08
-3.282972321162962864e-02,3.553048325793611850e-02,-8.304561871408390999e+09
1.765727961719887893e-03,2.376355015993777686e-01,6.678256417362609506e+07
-8.431712975656122794e-03,1.483103155679903543e-02,-5.109696129093558311e+09
-4.648623762773518124e-03,7.821571763062435956e-01,-5.341718306316651404e+07
3.238433504055895744e-03,7.106673790897005683e-02,4.095615908850133419e+08
-3.008415236731587419e-03,2.411297292158093644e-02,-1.121340839314893007e+09
4.679326311409355045e-03,2.265361925376541824e-02,1.856505982515717030e+09
1.661918621165807018e-03,3.621703593128510201e-01,4.124273601040872186e+07
-2.285575979503715049e-02,4.192157212904487618e-02,-4.900142619412792206e+09
-1.719624876822681281e-02,6.138995275028358289e-02,-2.517601788310234070e+09
4.270931685845025944e-02,1.760665912675246358e-01,2.180199757732129097e+09
-3.114994760074375670e-03,3.209787343775636903e-01,-8.722313225367479026e+07
-1.871169637621941662e-02,2.760132176175928986e-01,-6.093038190667364597e+08
-1.121331806601749692e-02,7.625853271417429302e-02,-1.321588693954412222e+09
-9.453662389356091988e-02,2.043298342394249678e-01,-4.158329740123414993e+09
3.072189801144808823e-03,4.054060141343904244e-01,6.810962267607234418e+07
8.136032187240567481e-02,2.887378749322240534e-02,2.532558701668937683e+10
1.272219215560048931e-02,1.632558559454990246e-02,7.003962319079298019e+09
1.445891393333153044e-02,9.891583653965461964e-02,1.313773394755912066e+09
1.483619958621838417e-03,1.714094944173614674e-02,7.779262233563431501e+08
1.684240136532991552e-02,5.733864414604021853e-01,2.640019968439736366e+08
2.210077255263745866e-03,5.551445921433099118e-01,3.578095764506469667e+07
-2.561623522620619809e-03,1.141814573537813966e-02,-2.016370519170269251e+09
2.199315304400706762e-03,1.799810482906792977e-02,1.098275606437996149e+09
-7.966854242302784384e-03,9.092469263656771661e-02,-7.875092221319622993e+08
2.207879037399896813e-02,6.304931222574174099e-02,3.147353622405066013e+09
1.381838442663977685e-02,5.334196948956109186e-01,2.328299485830771923e+08
-4.818868337269173463e-02,2.103753077738876320e-02,-2.058737211902380753e+10
2.337093756712969352e-03,2.174173772537454086e-01,9.661231776451581717e+07
-5.049740736083817988e-02,1.624944258568035080e-02,-2.793066215978025055e+10
-6.321648806658871668e-03,2.448765285076370465e-02,-2.320244884388482094e+09
-2.487918014628240446e-03,6.342003085922794936e-01,-3.525820788694242388e+07
-1.155694908900385372e-03,7.094315742769030653e-02,-1.464142357728874683e+08
-1.533441648603812340e-03,7.531989479604616067e-01,-1.829819149197560921e+07
6.715690770899462175e-03,3.756618080844331686e-02,1.606735037820313454e+09
-5.153159735860658036e-03,4.167077041487345784e-02,-1.111457071386320591e+09
1.376477638823269019e-02,6.764990703846587294e-01,1.828742570534397960e+08
6.808875737745869426e-03,1.320804995400600423e-01,4.633266957365345359e+08
-2.447441370150430125e-03,2.898859778260367767e-02,-7.588146495374686718e+08
-3.033646688209704588e-03,2.395787927695832153e-01,-1.138065467576995045e+08
5.739286926908508668e-02,5.842256609519638072e-02,8.829333616177442551e+09
5.585529743993110710e-03,6.355716293617692803e-02,7.898606608533436060e+08
2.315154368233884527e-02,4.682817070674511473e-01,4.443481530845343471e+08
1.840692359951903896e-03,1.111562437337856729e-01,1.488325647135195732e+08
4.662003042941708503e-02,5.025470544901249753e-02,8.337703349508090973e+09
3.911981505082307714e-03,7.265004343064557224e-02,4.839623010469113588e+08
3.125593545509744442e-02,3.673491868098257424e-02,7.647227967711018562e+09
-1.769084351914258779e-03,7.641384028903844827e-01,-2.080784638743189722e+07
3.119389604094786536e-03,5.262434023144835216e-02,5.327624099805336595e+08
1.221832014763649457e-03,5.840598887742896178e-02,1.880202982990278900e+08
1.245570341406605124e-03,1.650558972251547907e-01,6.782469215073584020e+07
-7.028547528046135036e-03,3.472337632060603502e-02,-1.819257848429610968e+09
-6.888949900342381492e-03,3.094732212663895213e-02,-2.000693537202223539e+09
6.859104680622714334e-02,2.681520213646561013e-01,2.298989428120041847e+09
-1.248399959764231711e-03,2.251980261146086654e-02,-4.982413696754824519e+08
-1.369241479573989886e-03,1.333389201700324773e-02,-9.229405591501669884e+08
2.442083169832342734e-02,1.572730451159335199e-02,1.395586543544026184e+10
4.929171543756633717e-02,1.231274996146721271e-02,3.598069026544762421e+10
1.253918677628231525e-02,2.199600076769517021e-01,5.123612347412292361e+08
-6.286755003432524525e-02,3.603334631802621590e-01,-1.568095681230650187e+09
5.628777734354212942e-02,1.715348722248370428e-01,2.949254799382620811e+09
-9.066569824042909620e-02,2.780459016075370951e-02,-2.930738914093201065e+10
5.788690011784134413e-03,1.747944486414940435e-01,2.976482107047886848e+08
-9.526206722180166966e-03,2.716678767684501672e-01,-3.151608995824072957e+08
2.990703185222680707e-02,6.419746765915158582e-01,4.187029631755362153e+08
-1.589949722003977661e-02,4.092839272215337970e-02,-3.491478076779671192e+09
3.548602659073857302e-02,4.405851977292869759e-02,7.238991885994507790e+09
2.373972763190305892e-03,2.257076505251680021e-01,9.453226641059061885e+07
1.976624909682255914e-03,9.661407586794263924e-01,1.838799929010193795e+07
-8.428093852163283731e-03,1.417942557389833547e-01,-5.342214773909899592e+08
-4.161824491382755398e-02,1.135834264183639558e-01,-3.293209914524280071e+09
4.351576343437695699e-02,3.985585769558742664e-01,9.813073820361080170e+08
-2.141963066575569910e-02,8.536432977865833494e-02,-2.255205705237976074e+09
3.335128860484053159e-02,1.743470575238003847e-02,1.719287931856253815e+10
9.201522239186540539e-03,5.487667448211686755e-02,1.507032135305132151e+09
2.025358576250380419e-03,6.755202474370418653e-01,2.694723259143388644e+07
-5.906259866900453841e-03,6.919484475432007009e-02,-7.671661471892187595e+08
-1.277957288485067656e-02,2.558380633368657620e-01,-4.489539518023114800e+08
7.874943127792426167e-02,8.944420499416452230e-01,7.913085096012796164e+08
1.617034115061425845e-02,4.871966607462477339e-01,2.983084103522199988e+08
-6.228890828140578630e-03,7.530234336327785993e-02,-7.434518494012205601e+08
-8.585629392827727469e-02,7.591395286493625161e-01,-1.016485411951174617e+09
4.166918203974586538e-02,1.306881181613783749e-01,2.865691855111263275e+09
-8.408098436042012527e-03,1.793864994211728792e-02,-4.212681744737681389e+09
1.142848856130366554e-02,5.571053879210356996e-01,1.843750103150158525e+08
-4.909165663885909497e-02,4.725940187375759494e-01,-9.336198687043143511e+08
-4.147178692928413235e-02,2.314807755065151906e-01,-1.610231944954932690e+09
-4.381328489462770100e-03,3.625964319336925229e-02,-1.086007708060194016e+09
1.411123380846403090e-02,1.201705451275334423e-02,1.055401178534284973e+10
2.896638604776649757e-03,1.186746006104457407e-01,2.193750101685578525e+08
7.417495897323093945e-02,3.926024533664868588e-01,1.698067398415932178e+09
2.567546586542338981e-03,2.292551733968023822e-02,1.006583497133863807e+09
-2.914998980745550985e-02,5.934135888445130069e-01,-4.415008442417713404e+08
3.394584563820956039e-03,5.737238438335228174e-01,5.317828790195148438e+07
1.657605780445630186e-02,3.388793674653954868e-01,4.396294153224624395e+08
-7.597801643144941330e-02,1.802167672071303961e-01,-3.789163756612352848e+09
-1.442650090252980966e-02,2.854749141656882580e-02,-4.541963862999446869e+09
4.778662090217579428e-02,2.993627261820747468e-02,1.434693778106893349e+10
1.193373614270862868e-03,3.099896666698928605e-01,3.460029746339713037e+07
1.365658986613330593e-02,8.010592179108662059e-01,1.532245176806686819e+08
-1.237258117723057452e-02,5.811918701970038986e-02,-1.913336689936078787e+09
2.323094149046953973e-03,1.149509416453377286e-01,1.816372408261892498e+08
3.833737789480709795e-03,1.197570173684405215e-01,2.877213259297091365e+08
2.513932551333651448e-03,2.195711401386939710e-01,1.029032242743258327e+08
2.051643029715546213e-02,4.410370485271028484e-02,4.180972820165236950e+09
6.646227155951082988e-02,2.707501272348798727e-02,2.206262226803336716e+10
9.324352814566930214e-02,2.721849987399905246e-01,3.078967683237905502e+09
-4.073519391447427002e-02,9.605137849741295364e-01,-3.811683255276349783e+08
1.050334665345933503e-03,2.961078458438431427e-01,3.188074067715920880e+07
7.513327487501880730e-02,4.491893232121947632e-02,1.503327190126115799e+10
1.919432006630035709e-03,3.566793715555437172e-02,4.836657760045198798e+08
8.088302482226701617e-02,2.683577637649586789e-01,2.708905397440442085e+09
-1.409905899919753442e-03,4.806339974654479930e-01,-2.636490792807410285e+07
5.607914429020986746e-02,3.932069503725225124e-01,1.281831118564086676e+09
3.563602204154957959e-02,5.841057747399545086e-01,5.483379919784417152e+08
-2.925929384891673424e-02,2.487010559650210395e-01,-1.057393970488260031e+09
2.533012850724926379e-02,2.851956495068871944e-01,7.982613736848099232e+08
-2.162276995190123494e-02,6.988119746045325098e-02,-2.781003963670468807e+09
-9.857971377167725965e-03,7.331542627655279754e-02,-1.208489293437815189e+09
5.665661123869293603e-02,8.481145882047619322e-01,6.004082895219106674e+08
6.918432376534249494e-03,2.080175706982875516e-01,2.989222884691655636e+08
2.877552875673791526e-03,2.752372699607668130e-02,9.396512362564460039e+08
2.510963298359808818e-02,3.582026419972623998e-02,6.300314054375903130e+09
-4.697146591347503217e-03,6.854526789684464161e-01,-6.158958167621228844e+07
1.401537422444692517e-03,4.906612276969669201e-02,2.567281998062112629e+08
3.144369680063550335e-03,8.181695570856543920e-02,3.454147684851096869e+08
2.384828121862461042e-02,1.367938091020828861e-01,1.566899924701680899e+09
-1.816990233839589283e-02,3.839128863068968361e-02,-4.253735890760288715e+09
-3.171677630785291191e-02,4.972150075459834395e-02,-5.733178043542979240e+09
-5.246373811031680018e-02,1.910468231122328386e-01,-2.468141358166356564e+09
1.736145836840011702e-03,2.727310387277004020e-02,5.721399254407155514e+08
2.559888124591745088e-03,8.390668215380378547e-02,2.742048016118854880e+08
7.155860424176304323e-03,5.209076915509901484e-01,1.234672312539545745e+08
-4.682379319261503921e-03,1.807634264865859083e-02,-2.328126885866924763e+09
-2.492089565576350793e-02,2.798877308471889314e-02,-8.002586994435647011e+09
6.083173579918607805e-03,1.183166243501604653e-01,4.620990299729509950e+08
1.574807018053601916e-03,1.362590743285225225e-01,1.038753561005165875e+08
-1.329110778936259778e-02,4.099685867841827702e-02,-2.913809920495567799e+09
5.318920497550783111e-03,2.566393186425821593e-01,1.862734351578451097e+08
9.829501608975894922e-02,1.179855469717419267e-02,7.487783972084747314e+10
-5.328698642726112378e-02,9.985558824749143358e-01,-4.796223403318928480e+08
3.326878566370237295e-03,2.533194858164458663e-01,1.180372192081007212e+08
9.560347467966287538e-02,7.735419878189567222e-02,1.110811591521057892e+10
2.478089900132760155e-03,8.230820840745299849e-01,2.705979657620202377e+07
7.170925901231387130e-03,8.532442729906535295e-01,7.553573704780346155e+07
-1.577152100481453087e-03,2.521051265704789546e-01,-5.622669026009122282e+07
1.018456058099915726e-02,2.319596016297962790e-02,3.946213336415293217e+09
1.822935114512326191e-03,2.252615661408921277e-01,7.273354070597982407e+07
1.124866816914015574e-03,9.754369588192862706e-02,1.036459930706382692e+08
-1.942107190205767664e-02,5.217659698285257441e-01,-3.345400087757914662e+08
-2.778955056659171419e-02,1.771315828731327702e-02,-1.410055275906757355e+10
-9.744941852355061551e-02,4.992675454239879906e-01,-1.754270395600421906e+09
-2.043416958837013242e-02,2.691638248580274229e-01,-6.823244293370916843e+08
-3.520140063542120945e-02,3.290179459044720867e-01,-9.615922970337294340e+08
-3.028065270187994817e-02,1.302300375865603731e-02,-2.089799806421580505e+10
1.869830749400518480e-02,1.245204539808498212e-01,1.349622221970609188e+09
-1.681622737053218609e-03,1.579298091342093147e-01,-9.570069210718283057e+07
4.593544751234782814e-02,8.130108656255194965e-01,5.078111357061176300e+08
6.297595530005414138e-03,2.402017555541769711e-01,2.356401037608082592e+08
-1.186323750417842861e-02,3.531219135263004988e-02,-3.019459259933370590e+09
-1.035120459020357798e-03,4.919259096811440246e-01,-1.891218961001135036e+07
3.204702164333432090e-03,2.815812031906860663e-02,1.022903422427204251e+09
1.282452490342530583e-03,1.238558986816489307e-02,9.306260577691029310e+08
2.112093762146516254e-03,3.972353798787726653e-01,4.778767375868587196e+07
1.629502664933514533e-02,1.540303022716492908e-02,9.508226653096359253e+09
-1.271400096844678114e-03,3.343730738147672743e-01,-3.417445213427523524e+07
6.939008086586664903e-02,6.562172034648840191e-02,9.503868098559497833e+09
1.401280983662877471e-03,2.339682843822065220e-02,5.382931536070419550e+08
-9.898941027585038410e-02,1.047123527556191452e-01,-8.496526916208978653e+09
1.114827435341712207e-03,4.834330872138002666e-02,2.072630549431752563e+08
-4.087777687869255383e-02,8.758163366960675100e-02,-4.194931227353163719e+09
1.461045665347158150e-02,1.029529726296017807e-02,1.275485476026334953e+10
8.447986164850280338e-03,2.289386835719703361e-01,3.316535352816116214e+08
2.207202788176252164e-02,1.831473976655537406e-01,1.083158724688158512e+09
1.781297373310748722e-02,2.161608762570445541e-01,7.406447583856056929e+08
-1.767238378770991103e-02,6.314549191500139491e-01,-2.515378832791721821e+08
4.689549391662221206e-03,1.722848484609056097e-01,2.446440442036235332e+08
1.872559697339856201e-03,5.399052692218695437e-01,3.117229117564254627e+07
-5.791848017042278834e-02,1.062181030165371826e-01,-4.900825446773815155e+09
-6.888766168881670093e-03,4.929289322993305605e-02,-1.256052383710311651e+09
-2.413728270215566903e-03,1.087581337938524628e-01,-1.994698442427171469e+08
-8.495972790556000076e-03,5.622657972964346940e-02,-1.358069716650672436e+09
-6.202527802412921912e-03,7.716549780065806718e-02,-7.224306709788764715e+08
2.478240203318192100e-02,5.410313661496139043e-02,4.116911890970105171e+09
-2.708165470403507170e-03,2.512448382394840557e-02,-9.687878126371299028e+08
1.305088293044300886e-03,1.023780361028080697e-02,1.145733780723904371e+09
-2.320982825059405858e-03,4.267379568108671806e-01,-4.888338499467873573e+07
1.831286824804970095e-03,3.980597170702461496e-02,4.134840478853015304e+08
-4.185027419483866584e-02,2.831079191549294993e-01,-1.328608138356433868e+09
1.261704266836429248e-03,1.204178691670258067e-01,9.417101516310337186e+07
1.657700735218864537e-03,2.553892313083201415e-01,5.833835346574957669e+07
-2.279365594048933866e-02,1.062868426321686849e-01,-1.927458787370492935e+09
-1.733647458622352387e-03,2.467604168867527231e-02,-6.314455548809309006e+08
1.305387468316414378e-03,2.066317929564461531e-01,5.677967644349101186e+07
2.869314524393754354e-02,2.786614984735669154e-01,9.254475433489412069e+08
-1.435290758099824109e-03,6.700339765512533519e-02,-1.925279031941643357e+08
-1.134208724229601901e-03,9.822245400505014157e-02,-1.037845774426562488e+08
-1.965032513314925872e-02,4.322795963072664227e-01,-4.085597900714595914e+08
8.415983485803808783e-03,5.273722901979303879e-02,1.434294014658560753e+09
1.863943898365473008e-03,1.313907893261650681e-02,1.275024509958739519e+09
-2.310118338109435482e-02,3.054987870287642279e-02,-6.796344046448234558e+09
-5.393327185080832448e-03,1.165020420389781958e-01,-4.160771328547922969e+08
-1.508636307983454976e-03,5.416844072594819565e-02,-2.503161321802181602e+08
2.707853722217371667e-02,2.821382875025824771e-02,8.626086175849020004e+09
3.705686161354578706e-02,6.735142093617893511e-02,4.945070543624041557e+09
-1.792504599970247414e-02,1.604433398802632485e-02,-1.004128290738948250e+10
-2.200042373931436132e-02,1.776179182347741026e-02,-1.113255599776794624e+10
-2.752742409374339672e-02,7.449676573500119137e-01,-3.321075690935603380e+08
1.892142316786083562e-03,2.295863459802208739e-01,7.407273166304376721e+07
-2.762458368214351645e-02,3.112133356216706948e-01,-7.977892161844412088e+08
-1.099768490816044591e-03,1.357053991565642347e-02,-7.283745523983080387e+08
6.164160295388091716e-03,2.369284464662833184e-02,2.338338258141816139e+09
1.692636479654785475e-02,2.092598492116420905e-01,7.269899494620264769e+08
1.955617133343696620e-02,5.508827937347156034e-01,3.190621181440317035e+08
-7.694956468238937919e-02,1.300146229762242367e-01,-5.319423709801502228e+09
-6.283529532205130164e-02,2.642638710543386837e-01,-2.137058872695458174e+09
7.935529920013416338e-02,9.241580241789825179e-01,7.717565304201344252e+08
-2.734512840818340007e-02,3.191561810199456534e-02,-7.700648951276544571e+09
3.807518449752240412e-03,5.043147554807842631e-02,6.785642256617500782e+08
4.045077740264681372e-03,9.864890265094906907e-02,3.685405097690520287e+08
-2.033774959611755855e-03,6.975605597754361287e-02,-2.620424170727897584e+08
-6.295963284098551882e-02,1.625738642435783088e-01,-3.480663799177880287e+09
-9.542051204852589064e-03,2.824053447996742183e-01,-3.036822784644731283e+08
1.021267928485135529e-03,6.720557337747413706e-01,1.365793436482864246e+07
6.856774826842776047e-03,2.544034276743428399e-02,2.422409425152542591e+09
-1.233523196965086643e-03,4.034944588405552784e-02,-2.747643379654683471e+08
-1.623388996701199136e-03,6.241642312423320016e-01,-2.337622287322273105e+07
1.746364139852348485e-03,5.642435553827371275e-02,2.781754606179761291e+08
-7.277146488852907769e-03,9.480509214336753088e-01,-6.898903513158592582e+07
-6.597932846374038318e-02,1.066141428683270165e-01,-5.562162716028304100e+09
9.232653572402105269e-03,6.896374840283170382e-02,1.203251189932632208e+09
-8.604681830872869946e-03,4.632432124493080505e-01,-1.669461353741585016e+08
-1.630113390748545374e-02,2.070827510427765694e-01,-7.074968449563016891e+08
-1.373958183105007712e-03,2.546347700487670007e-01,-4.849605679518573731e+07
-8.172591535588748582e-03,1.791836813078917165e-02,-4.099321279516496658e+09
2.885000725471989144e-02,4.852800360740629898e-02,5.343233087378445625e+09
3.471647613230105511e-02,2.025213537532401589e-02,1.540690599036128616e+10
3.066361197465125935e-03,2.165840694037800968e-02,1.272469611478113413e+09
-1.428208053698785257e-02,6.326081413268284936e-02,-2.029118074197118282e+09
3.563901896453674275e-03,2.223204888911357521e-02,1.440777342625775576e+09
2.109789491993530747e-02,8.254980861343100829e-01,2.297067052112664282e+08
-2.931389952189494309e-03,1.864049562108213154e-01,-1.413405437878388166e+08
1.031787769476829458e-02,5.385210859226186031e-02,1.722020356331344843e+09
-2.964777131644893374e-03,4.940926295414094227e-01,-5.393048115288382024e+07
6.909478936769116418e-03,1.308138739180827737e-01,4.747250058757043481e+08
-2.807298744590429329e-02,4.080082288017013864e-02,-6.184012057053207397e+09
1.190617227360465241e-02,3.386939654918188353e-02,3.159477898051301956e+09
9.347899469780773102e-03,3.723084206884474390e-01,2.256637457064188719e+08
1.028120889500799395e-03,3.188359331601727797e-01,2.898194585020757839e+07
-3.067982800126183105e-03,2.877245539900459906e-02,-9.583554420129874945e+08
-6.120861582208819707e-02,2.169887809981210502e-01,-2.535279803242282867e+09
8.305231080752782657e-03,1.438406273948807795e-02,5.189443288290128708e+09
-2.765493972811498835e-02,1.665912266096659933e-02,-1.492008195586235428e+10
4.491355457089552666e-02,9.080979697137877560e-01,4.445241305681651235e+08
7.619728263288691288e-03,2.749112767803256127e-02,2.491136627058842659e+09
1.630288807973288498e-02,1.207708707058479346e-02,1.213257453553263664e+10
1.942795722269680028e-03,9.805470871699817348e-02,1.780776037159160078e+08
1.176229735626125109e-03,8.557187808887236624e-01,1.235411696904816106e+07
1.149300949696751596e-03,2.123709837795452818e-02,4.863951155555443168e+08
6.784907274062758342e-03,5.701217670190796005e-02,1.069613590860635042e+09
1.261262668619690403e-03,4.844368761810514123e-01,2.340016743062068149e+07
1.313976311437533434e-03,1.450066972673670629e-01,8.144231183366206288e+07
4.560197359522335375e-02,3.830093018569515062e-02,1.070101408374889755e+10
-1.363974118090644470e-02,1.183458761549694913e-02,-1.035866095530703163e+10
9.363345664831569659e-02,2.100381918857242292e-01,4.006668427194717884e+09
-7.801675337271440913e-02,4.060572471775891756e-02,-1.726836523755819702e+10
-3.022331169136029463e-02,1.437294807467630331e-01,-1.889934755859765053e+09
5.177151384374013843e-02,8.858130128881483989e-01,5.252903550549131036e+08
-1.823432979107376950e-02,2.010713481049282783e-02,-8.150612269530493736e+09
-1.917483491321545939e-03,6.136059355969322726e-02,-2.808618161805576682e+08
1.274978433638127321e-03,3.749596575984078667e-02,3.056109515600805283e+08
-3.099030127755454667e-03,1.394773185696843443e-01,-1.996975915615695715e+08
-1.719899484071332708e-03,1.281074500763046409e-01,-1.206644388976183832e+08
2.771375180477536528e-03,3.509882643926123813e-02,7.096649332213251591e+08
4.743780883757065664e-02,1.019180829002730611e-02,4.183347994013965607e+10
1.286114647361515789e-02,2.765955236041738319e-01,4.179123018907351494e+08
1.552429175213687661e-03,4.749894120708480355e-02,2.937504126504180431e+08
4.661219600560777276e-02,7.001280703855158882e-02,5.983739688322213173e+09
3.255543834559568653e-03,4.645640303310650254e-01,6.298376019286341965e+07
1.569120951216604635e-03,3.795106872778616913e-02,3.716062666045660377e+08
-2.271746837166176928e-03,5.130390508647300618e-02,-3.979789729914227724e+08
-1.312949204468660640e-03,2.885238501341444786e-02,-4.089938935183148384e+08
2.030645304587673158e-02,6.024270611415064591e-01,3.029564599233219028e+08
-1.058307315317542907e-02,1.579473066566588479e-01,-6.022130906599954367e+08
-9.951888376015392834e-02,6.373408899022852125e-01,-1.403409241621835470e+09
-6.263059429344492758e-03,7.334223983167765804e-01,-7.675081256578819454e+07
-8.969111532953762816e-03,3.596099367954416759e-02,-2.241652860711492538e+09
-1.554213153083010800e-02,9.888772914939930603e-02,-1.412598674658564568e+09
1.437303538345874668e-02,7.119473028433485062e-01,1.814476149606854916e+08
3.347903757930784270e-03,1.036481422183219842e-01,2.903100435710046291e+08
-1.626727209377223145e-03,5.707831874799235150e-02,-2.561498918582648933e+08
-3.193649577295774172e-02,1.086091133414903431e-01,-2.642844504924165249e+09
1.664077156255988274e-02,8.500239809229609422e-01,1.759514697588774264e+08
-6.914502577750046564e-02,3.676852994333552893e-02,-1.690189092449349594e+10
1.559518620152187257e-02,1.809119830328740630e-01,7.747718780257718563e+08
2.048066400256759456e-03,1.681841409267343171e-02,1.094484485872199774e+09
-5.072493027186489138e-03,4.889143087063574367e-02,-9.324795784249566793e+08
-6.675730794169469628e-02,2.593833828434813360e-01,-2.313168573314009666e+09
-1.290276982355903837e-02,3.634772629251112885e-01,-3.190482149489731193e+08
-2.286322705254506885e-02,1.589589520368289016e-02,-1.292716096932434845e+10
7.039927320319734616e-02,1.060882030377410246e-01,5.964193164312612534e+09
2.906991473086852421e-02,3.496010210166495824e-01,7.473459474904761314e+08
-2.960444730964096553e-03,1.678049711038746283e-01,-1.585633284209078550e+08
4.737384345845038758e-02,6.781474902068943544e-01,6.278632737728244066e+08
-2.670273308837897448e-03,1.118513835866878081e-01,-2.145680095255071819e+08
-1.253299436976266709e-02,1.802926123190138480e-02,-6.247805937431849480e+09
3.104816576440303996e-02,8.484914674614366104e-02,3.288812295276273251e+09
8.861508619892485145e-03,2.201490245071142382e-01,3.617774699021313190e+08
5.614335754214370977e-02,6.604199274857648627e-02,7.640624036190176964e+09
5.783916718638135168e-02,4.038714324568341840e-02,1.287151047888231468e+10
-5.737004338061635345e-02,2.466714744081496824e-01,-2.090339690871669769e+09
-1.661604101496501340e-02,1.059815170021471270e-02,-1.409120205163022041e+10
-8.524911731896164802e-03,4.000861311548957189e-01,-1.915080403604468405e+08
6.209890518045792923e-02,9.900299739790276166e-02,5.637495632580021858e+09
-4.589411059886527866e-03,2.882935677546082931e-01,-1.430779218196944594e+08
1.379310976626311200e-03,6.295967138301773736e-02,1.969021045931175947e+08
-3.477441982485914192e-03,3.612214187897280770e-01,-8.652408538327600062e+07
-2.367768737776762555e-03,1.030490728055747859e-02,-2.065122469176330328e+09
8.908711715160442732e-03,1.261355232335126947e-02,6.347871265568817139e+09
-6.152529608849660603e-02,5.332881116557931095e-02,-1.036913260540268898e+10
-2.382629279879044243e-02,1.371562274436404459e-02,-1.561318701446619606e+10
-4.638543112829881902e-03,1.794308511270202924e-02,-2.323459456596259594e+09
4.572861312420180985e-03,8.810575594508477382e-01,4.664814374476315826e+07
-1.341163549429061179e-02,2.646371205533078544e-02,-4.554928849091051102e+09
2.747875323816332746e-02,1.030005778391893632e-02,2.397772534900085831e+10
-5.095492400913833458e-02,5.095110605837597229e-01,-8.988415922054563761e+08
-1.089122528130283436e-02,1.119232710567979322e-02,-8.745949500777231216e+09
-2.063499149942879616e-03,7.289121679435803247e-02,-2.544366755876375437e+08
-2.665951197440518099e-03,1.085347507609138104e-02,-2.207669207038027287e+09
-2.347000349079288173e-03,4.215643777467044384e-02,-5.003799123669666052e+08
2.438662940275810459e-02,3.902081980888245927e-02,5.617020479738032341e+09
-4.546361381730863044e-02,1.480801416474434029e-01,-2.759419640906231880e+09
3.635975362813224834e-03,8.299099760166606110e-01,3.937681316796219349e+07
6.841522202181939127e-02,9.974417948933497757e-02,6.164754650527146339e+09
-5.601707571103978905e-02,1.198827432251273889e-01,-4.199662395734908104e+09
7.840894681890142603e-02,8.294458543862623934e-01,8.496267901220021248e+08
-8.478969678901350504e-02,1.755764742438997716e-01,-4.340376234438750267e+09
-1.077643366285017945e-02,3.087673320924612663e-01,-3.136854197151906490e+08
-8.199080530620121710e-02,2.758516605050025799e-02,-2.671407665360094070e+10
-3.263782421643862675e-02,1.612209636824402936e-01,-1.819492645953180790e+09
-7.356096264200025908e-03,2.504264288817674156e-01,-2.640084709385508299e+08
1.160677237168866293e-03,4.450767861676712678e-01,2.343835577481589094e+07
1.905839398259017575e-02,6.159892817151663147e-02,2.780761637934318066e+09
4.327192436522672714e-02,2.958021762486591766e-01,1.314787186230268717e+09
-3.459481850928001340e-02,3.563861318103455494e-02,-8.724506671202919006e+09
-3.322475230356346926e-03,6.549837207489982438e-01,-4.559128827337972075e+07
-1.136518985812723197e-02,3.256058245013895847e-01,-3.137149016302301884e+08
1.303714066002654385e-03,2.451367538621230038e-02,4.779963042426798940e+08
-3.105895096665796037e-02,1.558243343426138627e-01,-1.791439397832786083e+09
9.513634274530295698e-02,4.202628872767109058e-01,2.034585900810127258e+09
3.163012162151414459e-03,8.442358389405867358e-01,3.367345631442897022e+07
1.534055261493172265e-03,1.861502333037571080e-02,7.406756000913922787e+08
3.690898420317322362e-03,5.929613528634956887e-02,5.594436164581929445e+08
5.335438794128089315e-03,9.942022020096470403e-01,4.823319600212311745e+07
-2.791380571049652606e-02,2.146915781827199166e-01,-1.168569807505287886e+09
-4.493440248665398623e-03,5.876200891346666788e-01,-6.872788109570395947e+07
3.563548469136787467e-02,2.132751598640951832e-02,1.501733995946735573e+10
2.334330999643966301e-02,8.815787549929260392e-02,2.379862907424520016e+09
1.455067279973929449e-03,5.126928987623273481e-02,2.550799898715258539e+08
-8.402967778849473532e-03,7.346220007614870373e-02,-1.028062187529469609e+09
1.519693023617266735e-02,9.899233393207745868e-01,1.379764365435736477e+08
-4.388666732751209804e-02,6.080382078693679498e-02,-6.487126257797505379e+09
-8.224059706680268700e-03,5.452010299080949085e-02,-1.355751849015017986e+09
2.103101137609481551e-03,1.022590828778884020e-01,1.848455004084655941e+08
1.298888057071575109e-03,5.824000938206270322e-02,2.004476207439236045e+08
-1.739637312874167370e-03,8.982026395619651105e-01,-1.740744394967710972e+07
-1.396172103779306888e-02,6.087135443212058350e-01,-2.061468055859622955e+08
-1.997925418514710522e-03,3.451388580670790018e-01,-5.202786835561140627e+07
1.155354874294475288e-02,1.015151995265133229e-02,1.022904164407512093e+10
1.595189516319318532e-02,8.061981030675578752e-02,1.778365944785113573e+09
-1.403437090507679477e-03,2.802586364686606227e-02,-4.500746616175408363e+08
5.468905265330393541e-03,2.759367962612211539e-02,1.781317773074940205e+09
4.584937587503260317e-03,2.262925703263338195e-02,1.821015956083068132e+09
2.638704733451565851e-02,4.697162587288395558e-02,5.049005239534178734e+09
-9.553922924111874979e-03,9.598826562580912991e-02,-8.945697471923142672e+08
-5.065396919138060589e-02,6.209090235938029279e-02,-7.332230830192480087e+09
-2.579257583732518996e-02,3.192668895856320271e-02,-7.260916681307800293e+09
-4.357909133727483342e-02,1.207459897304264812e-01,-3.243814966405396461e+09
9.423519319956547013e-02,1.665034838583895338e-01,5.086750291616062164e+09
2.877837801992377126e-02,1.417372023589054744e-02,1.824874804366313553e+10
1.647788906205149622e-03,2.099409333581720924e-02,7.054318585827952623e+08
4.502504403066413807e-02,3.397894916730282572e-02,1.190953543072180367e+10
-6.116773982507532625e-03,2.000232654210375438e-01,-2.748479732617295384e+08
-7.459981023654585312e-03,9.567944727457851350e-02,-7.007606120515443087e+08
6.778769543160732131e-03,8.999864540254601253e-02,6.769639079332649708e+08
-1.922254411152482696e-03,1.475139298309559657e-02,-1.171192955643141031e+09
1.305501404234258190e-03,1.813818653059390273e-02,6.468954519735695124e+08
5.353804401409788423e-03,9.274139306178349473e-01,5.188472313671486825e+07
-8.925488754359476445e-03,1.547001145028288893e-01,-5.185516139736039639e+08
4.039591828947262236e-02,1.249230070089637212e-01,2.906335012458881378e+09
6.100564332941088574e-02,3.064719348163404480e-02,1.789080653786783981e+10
1.803840731592516039e-02,9.161320213593422412e-01,1.769663707491632402e+08
8.803740874569532249e-03,1.940250719113841282e-01,4.078120146635416150e+08
4.035804407243770431e-02,1.394178938560140975e-02,2.601729917098443985e+10
-1.608933082697755002e-03,2.480940261734572994e-01,-5.828707917834144086e+07
5.210371244614770553e-02,1.092271511512497295e-01,4.287347446062348366e+09
6.967455423228877121e-02,9.470681807979020039e-01,6.612163312190126181e+08
9.936097968372596678e-02,3.824657271324713448e-02,2.334930506006352997e+10
-2.894956022857453695e-02,3.777445556280216721e-01,-6.888019619366127253e+08
-8.700496360848096467e-03,1.695779070363736402e-02,-4.611321235211579323e+09
3.861059172392780625e-03,7.438226607826118331e-01,4.665386954302573949e+07
-9.424796103032367922e-02,2.594476024639106801e-02,-3.264922824499520111e+10
-3.182658368680148231e-02,1.736961743332438371e-02,-1.646836137618386269e+10
-4.691497235685596241e-03,8.762691004274751894e-01,-4.811988552638200670e+07
-1.866659018513778384e-02,1.680106624519021874e-02,-9.985705807661239624e+09
2.178633971350654557e-03,1.483798719937876043e-02,1.319653450164110422e+09
-7.316096460151179370e-02,2.367305080088597316e-02,-2.777639062594129944e+10
-1.149742883369424783e-02,6.901909773735318554e-01,-1.497207764865023494e+08
4.341345917912228791e-03,4.318608192034061877e-01,9.035063430014190078e+07
1.193194386967003431e-03,1.904222474464046244e-01,5.631759929485673457e+07
-1.341370795358702659e-03,8.244013981817163161e-01,-1.462381704969650507e+07
-3.250317866258337161e-03,2.211946787653306101e-01,-1.320692703214347512e+08
-2.041927162309494208e-03,1.576744576212663618e-01,-1.163937120116950870e+08
-1.217109545772279439e-03,3.977973618756761032e-02,-2.749909417357290983e+08
1.098061659193063202e-03,8.573845548659937421e-01,1.151069880819086544e+07
2.535387981419512556e-03,9.641741620138814806e-02,2.363412654594799280e+08
-3.472109130669683019e-02,1.650228149559439528e-01,-1.891036860047348499e+09
-4.510325922888096598e-03,6.912316675595994719e-02,-5.864553030305787325e+08
4.850679329866172673e-02,9.599230279919317432e-01,4.541682530245215297e+08
-1.409225843591406426e-03,2.991354454858488957e-02,-4.234121736588185430e+08
1.054864984254065378e-02,3.242586108451012833e-02,2.923855980452914238e+09
2.862816863710774141e-03,1.973247158665903389e-01,1.303955285335755050e+08
5.216970612049981471e-03,1.593384133405805272e-02,2.942717150536435127e+09
-2.758132690224956649e-02,5.912025486644589128e-02,-4.193044547175462246e+09
-5.461337053356250110e-03,3.966093612582136108e-02,-1.237618059414651871e+09
-5.484699863610787048e-03,5.241354205701352909e-01,-9.405025455097366869e+07
2.090517870969311326e-02,8.098873901598580005e-02,2.319956627868353367e+09
-7.027079577934310095e-02,6.269746105975884665e-02,-1.007338738605748940e+10
-2.504598997187333816e-03,2.775558272764764786e-02,-8.110328980677527189e+08
-5.909144092876447707e-03,1.846838165239199359e-02,-2.875718410814536095e+09
2.376830956970379591e-02,1.243931450436295272e-01,1.717324893778851032e+09
2.106549813286878910e-03,1.631174756029832584e-01,1.160705012422860861e+08
-9.946398175093879024e-03,2.457200450785506501e-02,-3.638110393266541481e+09
4.287697817574171594e-02,1.780002174330556561e-02,2.164981829349403763e+10
2.287342007523852569e-03,5.965665653830592996e-02,3.446059840449630618e+08
-1.612888230656203681e-02,1.951900213077352106e-02,-7.426723918199612617e+09
-6.636247991956976955e-02,2.827890436050590761e-01,-2.109165438164053917e+09
-2.786586155212648561e-02,4.654180715990885453e-01,-5.381208889948095083e+08
9.019379738551326631e-02,3.527039092108770479e-02,2.298354509930929184e+10
-1.009935550916636789e-02,6.309129025631766696e-01,-1.438715324053391814e+08
-7.797535856693301771e-03,5.071051259345480400e-01,-1.382006222117792070e+08
7.406795371973431096e-03,6.328778719244482209e-02,1.051867541074771285e+09
9.183951164702216369e-03,1.008233094473451330e-02,8.186895280849059105e+09
-1.402773260835839947e-02,2.972768906534659639e-01,-4.241084713842151761e+08
-1.860463474615862978e-02,4.867829817808173032e-01,-3.435076235401569605e+08
-1.463156890582159413e-03,2.227268524844194103e-02,-5.904307061421829462e+08
1.217889219481886869e-03,3.372288415332767575e-01,3.245889222563893721e+07
-1.714307229918584502e-02,2.003313063302049682e-02,-7.691135311968053818e+09
-2.815636833814959619e-03,1.943666801472898262e-02,-1.301983377092442036e+09
-3.619834652611460691e-03,1.067482474141755872e-01,-3.047744793368476629e+08
4.599185312296015862e-03,6.557808250420147367e-01,6.303370186044499278e+07
2.775384188030322746e-03,1.117838495818460065e-02,2.231488568500028133e+09
1.219487872613870573e-02,7.025830823613583853e-02,1.560020897239081144e+09
-2.346660044338008937e-03,3.235347078771966811e-01,-6.518984070183148235e+07
7.023035810823767544e-02,2.148996297926515919e-01,2.937242705413454056e+09
-1.940315492638490296e-03,6.771050081009225008e-02,-2.575531961458138227e+08
2.945980255745778154e-02,1.868161306073441719e-02,1.417314001738606453e+10
6.153995197256428157e-02,1.055943798789571453e-02,5.238017767703142548e+10
3.224744310641717085e-03,8.195588648812907051e-02,3.536435579476490617e+08
-1.808725747555486223e-03,6.029530031589822592e-01,-2.696124088414242119e+07
1.343748125878684897e-02,3.909729879785542317e-02,3.089027229059991837e+09
3.784051978244574316e-02,5.950410356053097843e-02,5.715586407889503479e+09
-1.508260915058419471e-02,1.181919303573422536e-01,-1.146936224228221178e+09
5.816846314573112520e-02,1.893582280774281645e-01,2.760921297561298370e+09
8.110564516284454739e-02,1.027265034797655852e-01,7.096091313320101738e+09
-1.199561590594836304e-03,2.889320761691133860e-02,-3.731448151315494776e+08
-6.461806074167314451e-02,2.713144764563837352e-01,-2.140580533607465982e+09
-9.412913080318743159e-03,2.106737538302745627e-02,-4.015727484745550156e+09
8.889590432968019762e-02,3.061004258788805332e-01,2.610167854596025467e+09
1.727105860454580463e-03,3.630192863651909158e-02,4.276021473220061660e+08
-3.481490718349510797e-03,1.204309566154043581e-01,-2.598230783526764512e+08
-2.757755403301487013e-03,4.644612456894026131e-02,-5.336504498896154165e+08
9.578408916437486376e-02,1.171391083587918804e-02,7.349234044277116394e+10
6.372548066100340060e-03,1.794753070271996181e-02,3.191236813604097843e+09
5.539997485209932626e-03,2.804793694650541125e-02,1.775248946085964441e+09
1.417647577499324798e-03,1.002165278944772142e-01,1.271392210655906796e+08
-3.997960664737749276e-03,1.933949562482808748e-01,-1.857992650322310030e+08
9.783453879066750930e-03,8.314993665533243483e-02,1.057501270066808105e+09
7.302576020530966543e-03,9.482995709172064025e-01,6.921196045979396999e+07
7.631557256117095164e-03,1.022248969279190324e-02,6.709761817329603195e+09
-2.687440863824704096e-02,4.125178893867563479e-02,-5.855267595130980492e+09
-1.006126147525645111e-03,1.614508512879300056e-02,-5.600963142621639967e+08
-8.279164970302945945e-03,6.371367378262947356e-02,-1.167896904023516417e+09
6.945341283542998817e-03,1.064428654734271389e-02,5.864454918868611336e+09
7.736047536730836227e-02,3.925390085493626890e-01,1.771278808827643871e+09
-2.416337543520101147e-02,4.097754138299843363e-01,-5.299834678078163862e+08
-3.444246799906941665e-03,3.238315922398537355e-02,-9.559290653612453938e+08
6.999352590173406330e-02,3.439429113615878331e-01,1.829035465918022156e+09
1.021281690876068996e-03,1.969216844450613277e-02,4.661252426361424923e+08
-1.786043573833539372e-02,5.182177586189971874e-02,-3.097635956633034706e+09
6.333641758827416798e-03,1.011996841245345335e-01,5.625031472704643011e+08
3.167211055703096287e-03,2.696237804034753993e-01,1.055770272666989863e+08
1.086461764325016193e-03,7.794731430123719162e-02,1.252748551250663549e+08
-1.899665270478265687e-03,1.123538028491425783e-01,-1.519637229580446780e+08
2.264181094618282486e-03,5.375877970600885236e-01,3.785405216167278588e+07
-7.792312694288903996e-02,1.336939402446794267e-01,-5.238479721994869232e+09
-1.813664263594836484e-03,4.378635348220295542e-01,-3.722791685952892154e+07
-5.011416952041971434e-02,3.806137312783368365e-02,-1.183386754414889336e+10
-2.145159251814889034e-02,7.060480875287313829e-01,-2.730711857213997245e+08
6.109890485103696561e-03,4.289816998622651978e-01,1.280104070221606195e+08
-1.243675503242857444e-02,5.681845792244651083e-02,-1.967289417611298084e+09
3.625012062174907523e-03,2.139320073095908326e-01,1.522945311417548060e+08
5.301721850938471287e-02,2.557640186312799546e-01,1.863065443258619547e+09
2.823403820985444582e-02,1.554303047592808275e-02,1.632630546581602478e+10
-5.245165515396086470e-02,1.576323638820469331e-01,-2.990641993561251640e+09
5.977409553067990211e-02,1.186307709609872064e-02,4.528624156629040527e+10
2.240383106289173601e-02,3.205226421160751321e-02,6.282235223324709892e+09
-6.920432494087919162e-02,2.115947858336225396e-01,-2.939536745733134747e+09
-1.866369121500889919e-02,9.778810044945707158e-01,-1.715387136181707978e+08
-1.344836499953491922e-02,2.111538046942426639e-02,-5.724284296127156258e+09
1.934666791517737020e-03,1.883950062292873151e-01,9.229696250190383196e+07
-6.647959878977696691e-02,1.535044481836922436e-02,-3.892405193289929962e+10
3.727470330089620310e-02,5.393444829726533329e-02,6.211529797698343277e+09
1.241309225133542136e-03,5.628081457464449988e-01,1.982303860688121244e+07
-2.163666270176019604e-02,5.141611734903583919e-02,-3.782174960060330868e+09
-1.708823043973661240e-03,1.206513242619063619e-01,-1.272962521156799197e+08
5.529941142290851347e-02,6.517006851754310326e-02,7.626459172858679771e+09
5.504350317855932415e-03,2.982628011255496550e-02,1.658660844015988111e+09
1.623946816516057485e-03,2.875738472413982283e-01,5.075432227182060480e+07
1.080376427360204162e-03,2.218608990812661608e-01,4.376681562815915793e+07
6.021872984159343939e-02,1.091121093317028688e-02,4.960315010625320435e+10
-5.406371524498392728e-03,1.812194711574850736e-01,-2.681338515994133055e+08
-7.640076229543329989e-02,7.739895397184107795e-01,-8.871830151957055330e+08
2.634953845083285937e-02,3.619372422660439848e-02,6.543202447839695930e+09
-1.500091811841212800e-03,8.647852094755041907e-01,-1.559050581628362834e+07
2.171658666084415670e-02,1.808870825801413285e-02,1.079032757651131439e+10
-3.782225052798994513e-02,1.437928714072920534e-02,-2.364071618041272354e+10
-1.445240463641833673e-03,5.068545609363092064e-01,-2.562756666167933866e+07
-9.246584870550324936e-03,7.821441260393950934e-01,-1.062539760649165362e+08
-3.968458949445285988e-02,1.114138197670677399e-01,-3.201352129198456287e+09
1.005893940647273072e-03,2.308497588647931073e-02,3.916276847300401330e+08
1.473311558122389385e-03,4.525947368408647642e-02,2.925739903151155114e+08
2.338592535300870051e-03,1.115038908760228459e-01,1.885016496693912446e+08
2.298281575298964825e-03,1.219658715614863331e-01,1.693618270775647461e+08
-5.752119566875079498e-02,6.898057328488957363e-02,-7.494656347095088959e+09
2.222499554468307381e-02,5.882299392077439126e-02,3.395824019261640072e+09
-1.658561750633395088e-03,7.559626737803172569e-02,-1.971886489798263609e+08
4.244757362309267701e-02,4.777647420769920439e-01,7.985266078517346382e+08
-2.747827444360505245e-02,5.016062981817226429e-02,-4.923535733795838356e+09
-8.093587312044962095e-03,1.868470353246121443e-02,-3.893188780525837898e+09
-3.574381894454903286e-02,4.047210160329151041e-01,-7.937720693940031528e+08
3.561464964007300671e-02,4.083555898180790678e-01,7.838641271612499952e+08
1.167863374425495183e-02,4.522691729804940719e-01,2.320842506891100407e+08
9.551679139131514021e-03,8.254735491351763432e-01,1.039985255042508096e+08
-6.062482818209731852e-03,9.138478630700970218e-01,-5.962484162488925457e+07
-2.831815743842336711e-02,3.000579026878126276e-01,-8.482239697574445009e+08
3.344393101746474719e-03,1.138170302233113274e-01,2.640953093830190897e+08
-6.364272149857241011e-03,1.062516541309009056e-02,-5.383486907197520256e+09
4.377186293564970868e-03,1.911431250147255234e-02,2.058197123575511456e+09
1.863085950818572922e-02,7.840954343523447168e-02,2.135573800352870703e+09
3.408123794496275075e-03,1.063544104760906633e-01,2.880119284625039697e+08
-4.630487090454315016e-03,7.731455772321609299e-01,-5.382896385493498296e+07
-9.292952827299254259e-02,6.620969227994558115e-02,-1.261487006267789268e+10
-2.409115620742504141e-03,1.798228797222612904e-02,-1.204102099577668190e+09
-7.948426269689147505e-03,6.511939138498824553e-01,-1.097037404372516721e+08
-1.972278407268415745e-02,1.392008873462365418e-02,-1.273435153932831764e+10
1.286033039041434289e-02,6.061827086849307378e-01,1.906773907609977126e+08
1.089936280855816758e-02,1.327977584762531638e-01,7.376680659788845778e+08
-1.548780729925609313e-02,3.966793679583586196e-01,-3.509141996755430698e+08
-5.459812395356793135e-02,2.223397067016373296e-01,-2.207045619388729095e+09
1.579927067573888393e-03,4.380601465598543687e-02,3.241558873975288868e+08
2.585050665111287855e-03,1.837287948191589637e-01,1.264568767788358033e+08
4.301195752979351805e-02,1.749641708277964794e-02,2.209483199917272568e+10
2.582341608115580958e-02,1.030230326662721907e-01,2.252838094547907352e+09
-8.614400946355470212e-02,8.092858535284568056e-02,-9.566955436801353455e+09
-3.080509090402418909e-02,7.335548436312382126e-02,-3.774335691843186855e+09
-8.264782337512133203e-02,1.264883269108390759e-02,-5.872615819162036133e+10
8.284547138067276106e-03,1.824457563828742468e-01,4.081178831918856502e+08
1.227656095498813778e-02,4.842229503348869368e-01,2.278672826461163759e+08
-6.442936490523790138e-02,2.323423109172546852e-02,-2.492333552702177811e+10
1.762632044123119482e-02,3.201611895381808459e-01,4.948158409948071837e+08
2.499575498028577553e-03,7.208677787720307872e-02,3.116457891744880676e+08
-1.228133324620207800e-02,5.920013487604796065e-01,-1.864547441371214390e+08
-6.258125562436474276e-02,1.042642223805557468e-02,-5.394604152369200897e+10
1.659952516405809042e-02,1.766111171236075528e-01,8.447500882010769844e+08
2.431108142689034166e-03,3.010935360944387920e-02,7.256938859866982698e+08
2.439458851846663945e-02,3.891387726041509870e-02,5.634295370194728851e+09
3.038700673610941760e-02,6.329860396645831111e-02,4.314638442109792709e+09
2.885915730534779206e-02,2.254523634373097607e-01,1.150481054548696041e+09
-1.207067509546852144e-02,1.749654774494218204e-02,-6.200544266915233612e+09
5.722964480639541884e-02,2.738440564965311519e-01,1.878314665353884459e+09
1.326029512178165601e-03,4.017489882441722948e-02,2.966531856798371077e+08
-4.860823557083334551e-03,8.808838181425953096e-01,-4.959545091847589612e+07
8.125849889039259144e-02,1.873690213396889820e-02,3.897818613250660706e+10
2.915062798320978629e-02,1.495968611931456915e-01,1.751362522776686907e+09
1.798410132627280755e-03,1.479064107555452257e-01,1.092829376857570112e+08
-5.580955613217142286e-03,5.059392750266016314e-01,-9.914271155723759532e+07
-7.230782753686319786e-02,9.938423911441456038e-02,-6.539106561993490219e+09
4.301173580655173398e-03,2.350096313878145271e-01,1.644947064327538311e+08
3.605407963171801140e-03,9.962359318687105669e-02,3.252691166848044991e+08
2.945530732785279528e-03,1.804925927969461275e-02,1.466745596548420668e+09
1.904192007114827861e-02,2.308843467849701694e-02,7.412536861307044983e+09
-3.493493528373570883e-02,9.545057020426894745e-01,-3.289516235953932405e+08
-6.952834396001250639e-02,2.755465959995826580e-02,-2.267866330866931534e+10
-4.373573818132502067e-02,8.245246024209560431e-01,-4.767420510617451072e+08
-8.209518052622769707e-03,1.041466040108069736e-02,-7.084727773680609703e+09
1.012048985206382172e-03,6.155142180150301456e-01,1.477794557369623147e+07
8.651333733816482519e-02,1.012520872882170797e-01,7.679442609739670753e+09
5.918444998525198425e-03,7.153423784807346753e-01,7.436083878200797737e+07
1.205047329604121316e-02,1.148146800431479597e-01,9.433162222807327509e+08
6.760960599778204072e-02,1.110411288272896736e-02,5.472366243566043854e+10
-1.567942546880334975e-03,2.443576917903488854e-01,-5.767063711264072359e+07
-1.015400518978435730e-02,7.314158349600394793e-01,-1.247738687046111077e+08
2.866776990994121966e-03,1.090631113336690411e-01,2.362471866713728905e+08
-4.385475315808808755e-02,2.166992019855668028e-02,-1.818904834235147476e+10
4.133357398863111640e-03,8.174009231072996151e-01,4.544838481942597777e+07
4.378803207295008972e-03,1.247482098741168992e-02,3.154799211428994179e+09
-7.627117669221160356e-02,9.657051465017675584e-02,-7.098498895186672211e+09
7.465901505608307787e-02,8.216235478849299723e-01,8.166951881130070686e+08
-2.379322470567987735e-02,6.044765021327239696e-01,-3.537728508375907540e+08
1.760452758241305704e-03,2.360269348069354151e-02,6.703682348059653044e+08
2.593595875382659777e-03,5.662610415448902923e-02,4.116576985867036581e+08
1.327932762298124000e-02,7.048244521390597539e-01,1.693346138358293772e+08
2.339981276734159552e-02,1.940997968684702313e-01,1.083522464438899040e+09
-4.640358661640167810e-03,2.714335446104869029e-02,-1.536521527969546556e+09
4.808557869687073161e-02,1.472292830724551173e-02,2.935426888524618912e+10
1.486115220334401077e-02,5.506596381640823656e-01,2.425603750089945495e+08
4.066272730382287232e-02,1.115746797697756421e-01,3.275529184462080956e+09
6.769101729261496614e-02,3.960751791712998487e-02,1.536045328728628922e+10
2.000479139748167351e-02,3.652465452754505987e-02,4.922645126476229668e+09
1.777581741912127172e-02,1.522598610535238865e-02,1.049288154358714867e+10
1.324362943662333756e-03,6.566044527364620076e-02,1.812816374065988064e+08
3.371311666641845558e-03,9.138189975766418394e-02,3.315807727604219317e+08
-3.476745566698657974e-02,7.798796469299779099e-02,-4.006784097894345760e+09
-1.670519625501581257e-02,6.001330540633751515e-02,-2.501811894871436119e+09
3.827472362359234798e-02,2.859316333052156489e-01,1.203096536880294085e+09
-7.296530848647631018e-02,2.120272492790811411e-02,-3.092967539854351425e+10
1.505681809356145722e-03,8.301956556317635627e-02,1.630059155845497251e+08
-7.833301032372513850e-02,2.210510771001745201e-01,-3.184951326262312889e+09
6.219580418587650206e-02,2.406582376128865372e-02,2.322795489117612839e+10
6.107941451518053393e-03,2.362689462143980901e-01,2.323479469990999699e+08
-1.426137540252990846e-02,2.165589010685722848e-01,-5.918831703380900621e+08
7.471271550157581633e-03,1.296050941209049012e-01,5.181113044402646422e+08
4.135603741281589779e-02,3.371700221142122367e-02,1.102403500143574142e+10
-2.780290959091045230e-03,1.165533511159689423e-02,-2.143957149555855036e+09
-1.430786860528809532e-03,2.470944800885936307e-02,-5.204302330622695684e+08
2.745204902538662603e-02,2.379816572382655385e-02,1.036768753098371124e+10
-8.920934470982845588e-02,5.710656972924170460e-02,-1.404025171035766029e+10
-1.759208330343200316e-02,2.694741753620654920e-02,-5.867468133688097954e+09
3.155753005236248791e-03,5.719889422579464977e-01,4.958678938268696517e+07
6.374463845294082998e-02,2.677178126406713418e-02,2.140015961458197784e+10
1.577050672988945454e-02,2.887626666136997380e-02,4.908572644344794273e+09
1.472784985776167191e-02,4.463641861711276082e-01,2.965518410479623675e+08
1.979929975342322943e-02,7.577931974342728694e-01,2.348279283039172292e+08
2.535916562074199722e-03,4.828245683246876196e-02,4.720589298766648173e+08
9.831462409763590260e-03,3.549421289554253317e-02,2.489494616707361221e+09
1.449215214298197902e-03,4.583642519741936150e-01,2.841664250042656809e+07
5.421090349636427386e-02,1.108668041953402017e-01,4.394765786677521706e+09
-1.007373789132642037e-03,2.356670655596220798e-01,-3.841867396279790998e+07
-1.394371979500180596e-02,3.366812627580239581e-01,-3.722290962031487823e+08
-2.329442749419556591e-02,1.283707471107677425e-02,-1.630934767229842949e+10
3.628504206132540568e-03,9.243606906784510024e-02,3.528066648522232175e+08
9.806005115643039866e-03,7.161298768094790379e-01,1.230696430620249808e+08
-8.686814078837368225e-02,2.179357024859039649e-02,-3.582471649055757904e+10
-5.767314524939434750e-02,3.553651211143887823e-02,-1.458644487857286453e+10
-5.468162100561704125e-02,1.429232434509215832e-01,-3.438659197927705288e+09
-1.032628260318214745e-03,7.671066383852211124e-02,-1.209870489123219848e+08
-1.687978385640003312e-02,7.928258674540755724e-02,-1.913549443049962759e+09
-8.535673868787135854e-02,8.525386351636254911e-02,-8.998587876618780136e+09
8.380873495593674227e-02,7.705624986265220688e-02,9.775343663624963760e+09
-1.965161825708462359e-02,1.279923596075951617e-02,-1.379954896728558731e+10
4.605995101524953256e-03,1.509043328178390764e-01,2.743294169897279739e+08
-6.573676552696370093e-03,4.015265914479597409e-02,-1.471447046961887360e+09
2.388189721309318461e-03,7.295012867628684894e-02,2.942343556846423745e+08
-6.558775041540294837e-03,8.620796596721649885e-02,-6.837950544441199303e+08
3.957353194903369745e-03,9.480285531888743566e-01,3.751751055630407482e+07
6.667742332044428177e-02,3.070860628302151188e-02,1.951503437536981583e+10
-7.968801019181420697e-02,1.550687532728129044e-02,-4.618695229591267395e+10
9.894667898641495637e-03,7.870233193951055028e-01,1.129963044179818034e+08
4.318432531426559529e-03,9.801212570299937255e-02,3.960016074531849623e+08
-1.968989175398078422e-03,7.908804083325983447e-02,-2.237603484068416059e+08
8.678345408396687111e-02,2.242840417484381066e-01,3.477676463760724545e+09
5.037042736099070842e-03,1.280571059532135958e-01,3.535269864503900409e+08
-4.955492385551470147e-02,6.780837263010021376e-02,-6.568317080504251480e+09
-5.100288063458381649e-02,4.896422822821238502e-02,-9.361952007138416290e+09
-1.431520732585520733e-02,6.606595972903330782e-01,-1.947468816299465895e+08
-1.210415811212787324e-03,1.970444268187608039e-01,-5.521041995293475688e+07
-1.006387501016679396e-03,1.055531290311207196e-02,-8.569288030562974215e+08
7.160826212658028683e-03,3.473297065255984140e-01,1.852984655023213625e+08
8.062589967423103299e-02,5.028870592556142771e-01,1.440969312623998880e+09
1.900486890037112863e-03,1.985530536200136656e-02,8.602782159732583761e+08
-1.776483979470500725e-03,7.100494800387808780e-01,-2.248657438890196756e+07
5.632724152746856373e-03,9.345261651009286741e-01,5.417234508747714758e+07
-1.806214727288625588e-02,2.835177945673507047e-02,-5.725846161206258774e+09
4.120233439461567886e-03,2.063454692684640046e-01,1.794640661098657548e+08
-4.444870608677410628e-03,3.144353285236002327e-01,-1.270510931088904142e+08
-8.228609740067784062e-02,1.688949565947421225e-02,-4.378853368837229156e+10
-5.568323686087527785e-02,1.754039197907778513e-01,-2.853223528961018562e+09
-1.820621288974708096e-02,5.372415625511965664e-02,-3.045794734256706238e+09
-1.605105913517196684e-03,4.516746558011870000e-02,-3.193953513020299077e+08
-1.836038033248127421e-02,1.803055118554677816e-02,-9.152153353144536972e+09
1.106348984176964588e-03,2.722603259469516188e-02,3.652232355826206207e+08
2.534933672250560838e-03,1.067637563245600087e-02,2.133994880651327133e+09
-3.540500832945007482e-03,3.122762975233246002e-02,-1.019004959401880026e+09
7.748268081998341272e-03,6.870338620039546651e-01,1.013624534580585361e+08
5.626593076651387193e-02,4.233973227137632356e-01,1.194395114550555229e+09
1.214652040956291056e-02,6.384959060715712786e-02,1.709796349840360165e+09
4.724849102352875890e-02,4.147484026132564755e-02,1.023891268121550941e+10
6.814640524426263113e-02,3.131379688136142203e-01,1.955950409752971888e+09
3.986155646443086814e-02,2.584566037578793843e-02,1.386172368864096832e+10
-2.940048592171624463e-03,5.018639739950676582e-01,-5.265251317255962640e+07
1.551705628799009834e-02,2.939242163375339056e-01,4.744872914862686396e+08
1.479115836773126297e-03,6.132239016824284628e-01,2.167872475354169309e+07
8.500284627581523519e-03,6.603835283551930113e-02,1.156878777285338402e+09
2.676702242602716983e-02,7.584804752586016274e-02,3.171803510366742134e+09
3.683681344205910150e-03,9.162775792723825141e-01,3.613313246367551386e+07
-2.874194683240056166e-03,8.248771595263039436e-02,-3.131681030473846793e+08
3.429813828582553136e-03,9.711952257208680273e-01,3.174056305586706474e+07
5.879832097004519115e-02,1.071094898763911077e-02,4.933868747529259491e+10
-3.583515260633087646e-02,4.455538363040317251e-01,-7.228691475836130381e+08
2.872169916486443965e-03,2.576845663434068623e-02,1.001779959654878139e+09
-4.249830414228515651e-02,7.560703558288686121e-01,-5.051961219447699785e+08
1.190305540167578644e-03,2.723161858769981153e-02,3.928580147773097754e+08
8.062599310032401989e-02,9.202515105108623195e-02,7.874430538999630928e+09
1.530951648671308521e-02,1.930464030238583997e-02,7.127715869210259438e+09
-1.016795167265206268e-03,8.740663742321422847e-01,-1.045537655375321396e+07
-4.542980846617512142e-02,1.203684440486794439e-02,-3.392179908348645782e+10
-2.926246813335413310e-03,1.598976106710826850e-02,-1.644824619821468830e+09
1.220633884026548974e-02,1.619213815083211938e-01,6.775351629610455036e+08
1.664369314734860314e-03,2.077641881312540240e-01,7.199952435054710507e+07
3.551004212841780971e-02,1.987093241515193107e-02,1.606140597453639793e+10
1.435474826641379952e-02,9.585243543366357699e-02,1.345993762150921106e+09
-5.935864984584705156e-02,4.089129802401386682e-01,-1.304679191078499079e+09
-2.615794954120675281e-02,1.567370136928660507e-01,-1.499970604537293673e+09
-2.434224396457609213e-02,6.997098201821139174e-01,-3.126750730171838999e+08
-3.505801389388035066e-02,7.783292980833061980e-01,-4.048317338709303141e+08
3.517262159519874559e-02,9.550308630883654892e-01,3.310075893717153668e+08
8.108674557857330212e-02,1.108567774090460714e-02,6.574129263254470062e+10
3.654445337463790074e-03,3.271106484107497853e-02,1.004101016167105913e+09
1.994476779607632158e-03,4.603936845151025969e-01,3.893590246039431542e+07
-2.634139573053311326e-02,1.844919968278669470e-02,-1.283251763511693954e+10
-1.355933913712887781e-02,9.280707442545325092e-01,-1.313131014508354217e+08
-4.469408278497545572e-03,1.126952048220317276e-01,-3.564472021749687195e+08
-2.812499117799761167e-02,1.853863760926560689e-01,-1.363531571770915270e+09
1.199303805036666323e-03,1.235016293169945711e-01,8.727847368638345599e+07
-1.854252879096099718e-02,4.557985836615189440e-02,-3.656340298018537045e+09
-2.630730879695898118e-03,1.690453080989012535e-01,-1.398697889712242186e+08
-4.115102431369214997e-02,1.865801655675184689e-01,-1.982283628411805391e+09
-7.637553026522676813e-02,1.919883704548315806e-01,-3.575443621727750778e+09
-6.355293186258983984e-02,5.857919635397556002e-01,-9.750857272066471577e+08
-2.608972805495772887e-02,1.979846985654870606e-02,-1.184373124459182739e+10
-2.976828985216429645e-03,2.703928042661152831e-01,-9.894853627366277575e+07
2.767746119451449174e-02,3.834386090856318763e-01,6.487554634806110859e+08
7.649603069738837580e-02,1.113595312308829632e-01,6.173936023591104507e+09
-3.149652931983291243e-02,1.709241585578578360e-01,-1.656188894569745541e+09
-1.950801895693532809e-02,2.166918636857449731e-01,-8.091353633591022491e+08
7.270815257267206067e-02,4.083771605235405056e-01,1.600192693507543802e+09
-4.441507091062045845e-03,6.204734970672848293e-02,-6.433654613717541695e+08
1.595752636886917097e-03,9.985479821093606878e-01,1.436306912841910124e+07
-2.819003221245049238e-03,1.282835718395776425e-02,-1.975036594404591560e+09
-2.984720975829249171e-03,4.555090241110415494e-01,-5.889214474371132255e+07
7.386325823942411703e-03,1.947368391459967929e-02,3.409031098573225975e+09
3.674290155748624262e-03,2.798377606361765468e-02,1.180097120818478346e+09
2.292013215459850345e-02,3.331172044646594360e-02,6.184016967278493881e+09
-3.038420532614456715e-02,1.876297583084675369e-02,-1.455448294110034561e+10
9.477946870198077772e-03,3.167608866576669679e-02,2.689263381256387234e+09
-4.542424359947189010e-03,9.186644481309313992e-01,-4.444075339402938634e+07
9.139727468872347466e-03,1.164234515322070118e-01,7.055753403849753141e+08
-7.966310550448494829e-03,1.482611427844757017e-02,-4.829259107529036522e+09
1.933981769574452669e-02,2.955809133711057371e-02,5.880667268551391602e+09
-1.072061825545912467e-03,1.151031318576044293e-01,-8.371115025372390449e+07
-5.069478224194522847e-02,6.511831090283484169e-01,-6.996981945990053415e+08
-1.883291210249257285e-03,1.207109488591068258e-02,-1.402237037603275061e+09
-1.174843269613499649e-02,2.849045292873113588e-01,-3.706220023494850397e+08
-5.290048421462396899e-02,1.806648558116479841e-01,-2.631701250527595043e+09
4.205465676888756055e-02,4.861499327801634823e-02,7.774894078359972954e+09
4.426612783707567500e-02,2.501377421364208223e-02,1.590533888763234711e+10
3.697817901232745060e-03,2.320274977994180032e-02,1.432374834623822212e+09
-7.216227547756781657e-02,4.814412467548728203e-01,-1.347154923063243389e+09
-1.740095064831702169e-03,5.538058513599802835e-02,-2.824008851101118922e+08
-1.047118498006991902e-02,2.754604765271187819e-02,-3.416545081455050945e+09
7.973580394908789948e-02,2.581263644726759510e-01,2.776333484742456436e+09
1.674211985812426931e-02,2.382097513983384013e-02,6.316864035474510193e+09
4.942774947326220719e-02,3.017233538402611104e-01,1.472354976506992102e+09
9.258657701597228229e-02,1.953254066656456497e-02,4.260297324551165771e+10
-1.663342375153644206e-02,2.419547199967972753e-02,-6.178715114245514870e+09
1.388519005301981114e-02,1.403036500636695508e-02,8.894744494703138351e+09
9.382687476281934696e-03,4.773613816502101509e-02,1.766568927746913910e+09
-3.717114366560241891e-03,2.965221971093015552e-02,-1.126676750168366909e+09
-5.421341978263503718e-03,1.109853460577124723e-01,-4.390275572375881672e+08
-4.746263514426913438e-02,1.777667123966660684e-02,-2.399672775367696381e+10
-1.813871069182746223e-03,5.286612650401424363e-01,-3.083752690731925890e+07
-7.825716082219816294e-02,2.175545012158106029e-01,-3.233006908463926315e+09
-1.503691770904199776e-03,4.141314799549498243e-02,-3.263406670866823196e+08
-7.788548363999973911e-02,1.399477653327250992e-01,-5.001971020760362625e+09
-2.011401044384056661e-02,4.521954796284147204e-02,-3.997818496832324028e+09
-1.091709550378189807e-03,8.123159230440700485e-02,-1.207904951453077346e+08
1.219772478446819360e-02,1.128874662970031501e-02,9.711442048299018860e+09
1.812069130557423732e-02,3.718628638451172974e-01,4.379681922759229541e+08
-3.370648059457599655e-02,1.532966872058333652e-01,-1.976201649213259220e+09
-6.060418440921694350e-02,2.904465380215779519e-02,-1.875370262095933151e+10
1.795724005067310045e-02,1.076388889077689315e-01,1.499412062966096640e+09
-3.644261999575802106e-03,2.268867079622544775e-02,-1.443614239146359921e+09
-4.887657783286509551e-03,2.161659338358015020e-02,-2.032189277084511518e+09
1.487041369063509498e-03,1.638535487700286120e-01,8.156762499257446826e+07
3.859223781344795629e-02,1.464455824033424579e-02,2.368504996057451630e+10
-1.802148204423722469e-03,4.768977919297568424e-01,-3.396376366286274791e+07
-2.638730428232437947e-03,2.452378209413193788e-01,-9.670706321399885416e+07
-2.251170059704058965e-02,1.177733264307019231e-02,-1.717955779455354500e+10
-5.707727691260353758e-02,1.760005579647505938e-02,-2.914739986534331131e+10
-4.396206175637192015e-03,7.384577853558710325e-01,-5.350606303362218291e+07
-4.845180897146196541e-02,4.710515162228512409e-01,-9.244686933224687576e+08
-1.725088213782133761e-03,9.124060982251442908e-01,-1.699314436679385602e+07
2.077246401139435511e-03,8.240180746242369014e-02,2.265697344344401062e+08
1.904972145373021349e-03,5.538660378693571751e-01,3.091252726023447514e+07
9.955541323143132088e-03,7.010810679509273946e-01,1.276283804163742661e+08
1.676583378891046078e-03,5.653837877839808235e-02,2.665216072846098840e+08
2.390066795142345782e-03,1.084934754120353978e-01,1.979962821058674157e+08
8.015395802529946823e-02,1.515223438618347740e-01,4.754434968176098824e+09
2.043723217295864789e-03,5.170763832303059138e-01,3.552368370962814987e+07
-7.727578586504922631e-02,1.226471173230240901e-02,-5.662871457622187805e+10
3.913658395508569886e-03,1.391366736926770604e-02,2.528086428657561779e+09
-7.621609758081375474e-02,5.835672486229121630e-02,-1.173833275087665367e+10
-7.597339163336462239e-03,3.668560545544019003e-01,-1.861300277490260005e+08
-2.520828429421311575e-03,8.128854108675303003e-01,-2.787177177877691388e+07
-7.890569464742477890e-02,3.005478456979691210e-02,-2.359637809862337112e+10
9.138711000272596585e-02,1.472976575902336382e-01,5.576217709731299400e+09
6.306539106386764570e-02,4.593646479261951909e-01,1.233911869779136419e+09
6.240980722076645143e-02,7.178729114068888029e-01,7.813684901488308907e+08
1.906235939340169758e-02,1.650268639367764856e-01,1.038179920536435604e+09
1.893866020785958800e-03,2.907989568706723649e-01,5.853384135229852796e+07
2.312427449481787006e-03,2.420028550770591744e-02,8.588122778906214237e+08
-6.586298255896730867e-03,4.692296817554780786e-02,-1.261556006480822802e+09
3.063852227400293629e-02,3.135346253302732228e-02,8.782798601246389389e+09
1.572745004713315894e-02,3.640815305699069554e-02,3.882489452532588005e+09
-3.388024699520750683e-03,2.688657516090719318e-02,-1.132561257452750206e+09
5.795457512533169070e-03,1.568986736109075630e-01,3.319854670162797570e+08
3.282374665296546729e-02,6.725948022897014766e-01,4.386168013227725029e+08
-1.883078432337681549e-03,7.958395448902742808e-02,-2.126637718500803411e+08
2.530225347603939218e-03,1.841064771406606890e-02,1.235209868089478731e+09
-3.349417837155232308e-02,2.933266158774905374e-01,-1.026286167298495889e+09
-2.529415007724055905e-02,7.786717646895150446e-01,-2.919552453179108500e+08
9.004015947388206709e-02,8.057245072333407698e-02,1.004385190175520897e+10
-1.286101458545731678e-02,1.385095050724129417e-01,-8.345382977498100996e+08
6.250357987386006078e-03,3.398533970267772486e-01,1.652965903160345256e+08
5.476175881861801431e-02,1.653890186966506526e-01,2.975920575571660042e+09
-1.170106485184454689e-02,1.757808330524045781e-01,-5.982800019341297150e+08
-7.811207949630269431e-02,3.212899008604848672e-01,-2.185102145844552517e+09
2.855303563991142858e-03,4.480721220345856154e-02,5.727366589756582975e+08
-7.242364705093899679e-02,2.316506590475046479e-01,-2.809942733554318428e+09
-2.328649138725853197e-03,2.802357636084073719e-02,-7.468460990780965090e+08
6.212218647726305831e-02,2.260060757118192987e-02,2.470456645839260101e+10
8.859388402307208366e-02,4.590708490856637569e-01,1.734501358050263405e+09
1.169733208472536817e-03,2.234030703029498202e-02,4.705960748281587362e+08
3.881108101990507486e-03,9.716923365652567757e-01,3.589860564094030112e+07
1.526136719803292911e-03,8.059789832989429359e-02,1.701846331849156916e+08
-1.072341556984688846e-02,8.951293226321491714e-01,-1.076708077374684364e+08
-9.047386602668647249e-02,1.823292167807857508e-02,-4.459821742088471222e+10
-1.253585561525201973e-02,2.007900025524254339e-01,-5.611287418569360971e+08
3.802384829555627982e-02,1.047353384747239276e-02,3.262972745956917191e+10
2.463192068598866937e-03,5.784094881767402191e-02,3.827484911709697843e+08
-6.211859893115275616e-02,1.030406935359203524e-01,-5.418305609591648102e+09
-3.696486905628756925e-02,1.596740908188792885e-01,-2.080680219489882946e+09
-3.144010025580817446e-03,3.542152405230611367e-01,-7.977508898444314301e+07
-2.209358842470125588e-03,9.580759636613909169e-01,-2.072606868595996499e+07
1.034954754163269937e-02,6.491639527639384011e-02,1.432905620496371508e+09
-2.016167539396397992e-02,1.669134116463831530e-01,-1.085640415421941042e+09
1.504363796748724386e-03,1.617454287626839959e-01,8.359330116246820986e+07
-4.024823605139574156e-02,1.196338886387965893e-02,-3.023731681124894714e+10
-4.757216468863305348e-02,1.776585358405277371e-01,-2.406675037684593678e+09
1.793911559634076306e-03,9.724933898532263088e-01,1.657925413452344015e+07
4.060642127452984002e-02,1.220889381183094397e-01,2.989296666584629059e+09
-2.009295606018921595e-03,1.910621874772882867e-01,-9.451912818085058033e+07
-2.864685568462828087e-03,1.030068584514897689e-01,-2.499547742958409786e+08
2.864200557511384620e-03,1.449544032867588206e-01,1.775916861989256144e+08
-5.386231997093458151e-02,2.390239795630713648e-01,-2.025322563435645342e+09
-7.364810954132927460e-03,1.006105295596956307e-02,-6.579134833093831062e+09
-2.513560931238838399e-03,1.338130718460758296e-02,-1.688268413578534842e+09
1.525063615978190963e-02,2.614505342014478498e-02,5.242628026683545113e+09
3.018587851868472297e-02,6.806885711466496847e-02,3.985712598836762905e+09
2.017681681696889551e-02,3.142839637331087399e-01,5.770069545240424871e+08
-1.296841009996174861e-03,5.044441591998281155e-02,-2.310597271926960647e+08
3.397260517599915656e-03,1.640586094265833184e-01,1.861146003471308053e+08
-1.400947385396171009e-02,1.224428641964719032e-02,-1.028345290004789925e+10
-4.534695683783034753e-02,9.085501840927949491e-02,-4.485902656130670547e+09
-3.580296938994139994e-03,5.526404178726136707e-02,-5.822734946363317966e+08
-4.023345221461820109e-02,1.065705840181472262e-02,-3.393130564382748413e+10
2.677848432600957694e-03,9.748843680742064199e-01,2.468786328755233437e+07
-2.062852976997562454e-02,6.348482597012752304e-01,-2.920444525344594121e+08
-7.506103803932827334e-02,6.633190116390075275e-02,-1.017051019476381874e+10
2.333802404967343438e-02,3.930339008453003213e-01,5.336846229267139435e+08
-2.501147689359405069e-02,2.014564681737226193e-01,-1.115857506840968132e+09
1.869406706993432653e-03,4.887223054903955949e-02,3.437892194718922973e+08
-1.762759517865143157e-03,1.610671280791730609e-01,-9.836413373495061696e+07
-6.388136713307843162e-02,4.875147019174164154e-01,-1.177706584274322033e+09
8.037133571566422441e-02,3.967423419766507031e-01,1.820720372850917101e+09
-7.142848089634833142e-02,2.327327450177570436e-02,-2.758446341464149094e+10
-1.256061664666520590e-02,1.276074230530654385e-01,-8.846788421986098289e+08
-6.376634311329049294e-03,7.046565695038485566e-02,-8.133259419097895622e+08
-8.902403474144542084e-02,8.865757372481901377e-02,-9.024892757951005936e+09
3.776964369158419821e-02,1.696741298970763645e-02,2.000681127290663910e+10
-2.399657700473459970e-02,5.524481910616682034e-01,-3.903986962061211467e+08
-4.589105598006906761e-02,1.259764902548458632e-01,-3.274079080325021267e+09
5.268143689630719155e-03,1.516164529154148954e-01,3.122927472464295030e+08
-6.978871805101753700e-03,1.045811429092308176e-01,-5.997668465569630861e+08
-1.826510875732626328e-03,3.558416027665785020e-01,-4.613347394918771088e+07
7.652595156592058301e-02,9.810659118387946576e-01,7.010696571928915977e+08
-3.702108754064036694e-02,2.536529218999664104e-01,-1.311776726627702951e+09
1.944654963074131035e-02,6.756860827180410922e-02,2.586712733309210777e+09
-5.425613935617597423e-03,3.595325717283424233e-02,-1.356317186698064566e+09
-5.324145218645401356e-02,6.032152825791092104e-02,-7.932830501746402740e+09
2.021044614397660838e-03,1.662317747175385413e-02,1.092729021317059994e+09
5.103653153817447156e-03,4.987762009542645592e-02,9.196573523672107458e+08
-1.998432210953016500e-02,3.233624991483910471e-01,-5.554569264874022007e+08
-3.904581219022232926e-03,2.796173326143769344e-02,-1.255049892532073736e+09
2.666968363741449924e-02,2.471143590562761005e-01,9.699972448024463654e+08
-1.220990993883969405e-03,1.428399029071754540e-02,-7.682693945307278633e+08
7.058927645937652928e-02,2.308968942913040487e-02,2.747712296642679977e+10
-1.317156874284687281e-03,7.510220163602839838e-01,-1.576287575944682397e+07
2.654020176705123094e-02,2.378004539538599443e-02,1.003095216045210457e+10
1.317077743578115145e-03,3.082050410823861802e-02,3.840805292643638849e+08
-1.093840714557931058e-03,2.090699675564561960e-02,-4.702329428533018231e+08
-6.800454241596021882e-03,2.278437185121921435e-02,-2.682572580183680534e+09
4.395719445576072755e-03,1.032469970557731986e-01,3.826512667012719512e+08
4.505498141273066998e-02,1.679471673458803049e-01,2.411130684044269562e+09
1.688447245583466145e-03,2.414410605336408111e-01,6.285314076194757968e+07
1.122768845345122751e-02,4.071475008562214781e-01,2.478501569612468779e+08
4.797136708868204175e-03,4.233527148826751740e-02,1.018428078135145068e+09
1.108487393968892072e-02,1.249098251385847985e-01,7.975993226870393753e+08
7.866004382483465784e-02,3.733979506949821059e-01,1.893358580952651501e+09
6.646789666286202596e-03,2.993430956863094364e-02,1.995691045524062872e+09
1.631057859334857823e-03,1.059031081842634892e-01,1.384239631159043610e+08
-7.104599121053647992e-02,1.250547628170588059e-02,-5.106107563340023041e+10
1.150624383940094045e-02,7.072187370746821355e-02,1.462279640454488039e+09
5.590388380541207874e-03,3.673544619418423612e-02,1.367751752000795364e+09
-9.327407778549738626e-02,2.250890103046357046e-02,-3.724408340248780823e+10
-9.200393984896318433e-03,9.061536975287020068e-01,-9.125468636256927252e+07
4.021525185369905810e-03,1.562335475356723888e-02,2.313487285164204121e+09
-7.425195113630077455e-03,8.587501329726425492e-02,-7.771264151319998503e+08
-3.486800748007660121e-03,7.022259142353798334e-01,-4.462732921185408533e+07
-7.442822545513688888e-03,5.024090475114702942e-02,-1.331468300224064827e+09
-8.279701880733011249e-03,1.074441290630124557e-01,-6.926002250314905643e+08
4.755180897351947433e-03,4.162683027912790767e-01,1.026701789803832620e+08
2.844718824139852269e-03,1.797510780182015599e-02,1.422389249719922304e+09
5.666716656979304406e-02,1.126057854819621264e-02,4.522946095886524963e+10
-4.021540153783115246e-02,6.137286406884177870e-02,-5.889340126881956100e+09
4.637145060572913507e-02,1.677858880139315029e-02,2.483967271941134644e+10
1.988894608265744796e-02,1.389476886962012075e-02,1.286503765779063416e+10
-2.056596780851138034e-02,1.340915259004855226e-02,-1.378473549387717056e+10
-1.123044515802106231e-03,1.575670044424185567e-01,-6.405931806689354777e+07
1.703072857786610411e-02,2.461766968303108760e-01,6.217802251797019243e+08
7.023440605876861420e-02,2.109885934036200006e-02,2.991861985324088669e+10
-1.783918434980391599e-02,5.631705003040864826e-02,-2.846988507978575706e+09
1.244488134595443662e-02,1.264378158357389870e-01,8.846355615164513588e+08
1.962139653189151536e-03,1.575811745641197970e-02,1.119118821077948809e+09
-8.532150737654446704e-03,4.658155846644930209e-01,-1.646247480692645609e+08
4.150264005634291681e-02,8.956119918516888823e-02,4.164917874220618248e+09
-5.577876648447418345e-02,7.497373556460200650e-01,-6.686677446386150122e+08
-1.942982052191077197e-03,8.518500301443245049e-02,-2.050011343401433527e+08
-2.782496077485136290e-02,5.553000975682546025e-01,-4.503575307957696319e+08
-2.016034638174825019e-02,1.165716244651995859e-02,-1.554374845259824371e+10
1.339961050553417545e-03,1.208477153614825710e-02,9.965620585615743399e+08
-3.397170950316551197e-02,2.077109614748712252e-01,-1.469970448476051331e+09
1.671229037117398768e-03,9.777078628217579503e-02,1.536305138955047131e+08
-2.792283088918409012e-02,1.539817730869172743e-02,-1.629824148276486397e+10
2.865618703422816854e-02,1.918289208362898568e-01,1.342625643701877832e+09
3.174220971301183747e-02,1.910194420725725706e-01,1.493517111230855465e+09
-1.361877759831824899e-03,2.487603347919484231e-02,-4.920481614414113760e+08
9.616629752391794503e-03,1.042540923041522169e-02,8.290493871821803093e+09
9.847301020874840716e-02,6.254089568928813403e-01,1.415154105318009377e+09
1.632407202116439165e-02,4.275254173664078117e-01,3.431762157421692014e+08
-2.030811615085652277e-02,3.426050239236883704e-02,-5.327537678061089516e+09
1.101467230949117367e-02,2.826441103562797319e-01,3.502533190299254656e+08
-1.049008825302167680e-03,6.942743692597499461e-01,-1.357996428277343884e+07
-1.180720883977333293e-03,2.780387574573226633e-02,-3.816739541418402195e+08
-3.640449829715992989e-03,1.693181817494422148e-01,-1.932422442164171040e+08
-1.388620194098672336e-02,6.387064260691260875e-01,-1.954037119300459921e+08
8.613232218390316774e-02,1.284071034988492344e-01,6.028756246975684166e+09
2.553971039162214463e-02,1.028713445840496177e-01,2.231372982134641171e+09
-7.767850325570867243e-02,1.741122822280280757e-01,-4.009793974881066799e+09
-1.459134741691789101e-03,2.906899674421791202e-01,-4.511448178291474283e+07
-1.357904795030019478e-02,1.270153618423481602e-02,-9.608679120394317627e+09
-1.238750978446342445e-03,1.300123066444611175e-01,-8.563477586416578293e+07
-1.799739338879764380e-02,5.540094619529637443e-01,-2.919732377195364237e+08
-2.084041600147936227e-02,6.019341152619065577e-02,-3.111773972809721947e+09
1.483820917585455595e-03,8.097118936992299121e-01,1.647030299929272383e+07
-3.081023248680410907e-03,1.033577453558589265e-01,-2.679184158792560399e+08
5.558434662151064132e-03,1.390197965006440828e-01,3.593573027677994967e+08
-7.419812490203021860e-02,2.362895232518448518e-02,-2.822273399275313187e+10
3.437554359408327102e-03,1.590697190166234440e-02,1.942283760224463701e+09
1.028888279422835415e-02,4.235096213832227896e-01,2.183511869863655865e+08
-4.449523636286931497e-03,3.151307393825132364e-01,-1.269034321851587594e+08
4.441187557049759010e-02,1.231851528249131890e-02,3.240345850631489563e+10
-5.849685356371508993e-03,6.745985948586362413e-02,-7.793592475145275593e+08
1.868501438393371360e-03,1.532675470027308924e-02,1.095705516379857302e+09
1.409168615824248592e-02,5.337827058305664174e-01,2.372734154250573218e+08
-3.273773473421246437e-03,1.811451557219543596e-01,-1.624323469328202009e+08
2.072882425900757219e-03,9.557122393401530358e-01,1.949387334527720883e+07
-1.189807324336546006e-02,3.587709931987725920e-02,-2.980642801310328960e+09
4.439339039570365519e-02,4.865482068411652872e-01,8.200551419479334354e+08
9.984978519139360575e-02,2.727055565212087307e-02,3.290817258132771683e+10
9.057211445740134814e-03,1.530504980501423973e-01,5.318759802666025162e+08
-3.366179242118261944e-02,4.489183792634375836e-01,-6.739388143987581730e+08
-1.145857260763323039e-02,2.354627297409723694e-02,-4.373800448915546417e+09
6.385900572675225206e-02,8.716221200346513376e-02,6.584829395968593597e+09
1.381850890400766795e-03,1.337608043715271186e-02,9.285021833548789024e+08
-1.008353620299191813e-03,9.004264027102311108e-01,-1.006503429751008563e+07
-5.737083430433817521e-02,7.222505411093885774e-01,-7.139271663097238541e+08
1.615222000124429038e-03,1.326776151488200384e-01,1.094170957249049395e+08
2.410637929824190496e-03,5.148816021424740264e-02,4.207995145748019814e+08
-1.329547592774037038e-03,4.498229884996433892e-02,-2.656518592515145242e+08
1.067689762712873899e-02,5.353931572391990718e-02,1.792350249753525019e+09
-4.965730691355148968e-02,2.257428103507796158e-01,-1.977060018033885956e+09
-3.343154939686675351e-03,1.196681148801621505e-02,-2.510895701689786434e+09
7.088338689004025639e-02,1.902518056014407613e-02,3.348623275799953461e+10
3.669219277964257120e-02,2.128487282527861610e-02,1.549363159909420776e+10
2.503375475528167148e-03,2.336171649698381980e-02,9.631010633370338678e+08
1.624819341568282949e-02,4.631233394175846702e-02,3.153254545245413303e+09
7.984194268646228540e-03,3.207161244777384512e-01,2.237489049804073870e+08
2.636027816349901295e-03,9.462756272084639486e-02,2.503703824922260344e+08
-4.472719504754350296e-03,9.125806511126192122e-01,-4.405051855645510554e+07
1.062527439684874363e-02,7.275453355840158509e-02,1.312594898779324770e+09
-7.268932386360103803e-02,1.447446599999361976e-02,-4.513554564830541992e+10
-2.519418857294146788e-02,5.544967720890042057e-02,-4.083682524870629311e+09
-2.985720720421850948e-03,1.786339789101613548e-02,-1.502227571184093475e+09
2.922897210015839610e-03,4.741365474110836170e-02,5.540650143883554935e+08
5.506302023188961413e-03,1.755160891285333646e-01,2.819640331317662001e+08
-1.463027301614496824e-02,3.000499150276103241e-02,-4.382375034315877914e+09
-6.218615945365917747e-02,2.688272002696141111e-02,-2.079079735296895599e+10
6.152310819191578878e-02,1.005132117588587448e-01,5.501305159166674614e+09
5.557198032356990003e-02,6.340341545833187986e-01,7.877598427571147680e+08
2.330667724659245179e-03,2.027352712142220237e-01,1.033241087863543779e+08
3.023282033931046740e-03,6.950013803359635922e-01,3.909701621777244657e+07
1.033592471074164330e-03,2.353453128506050041e-02,3.947247898561450243e+08
-1.477852198315804909e-02,2.791540899396023345e-01,-4.758144479542086124e+08
-3.762390237316174529e-03,1.090034356794348548e-02,-3.102231979517222404e+09
-2.810974175619412874e-02,2.582968325979673532e-02,-9.781115639782861710e+09
-4.803295093748281668e-03,1.491584670286562157e-02,-2.894289544285011292e+09
-9.036855424479852197e-03,8.373586840822681010e-01,-9.699658049594177306e+07
4.876710716478147023e-02,5.461042454940361335e-01,8.026053674904314280e+08
3.114474064395554229e-02,3.816606523261021483e-02,7.334287815623262405e+09
3.270674023418691789e-03,4.665485259040991206e-02,6.300732740316985846e+08
2.227972086274927679e-03,5.058277498988311693e-01,3.958746682931359857e+07
-1.092405397158058115e-02,6.691512051635313540e-02,-1.467270517001520634e+09
-1.417538628252907468e-03,2.467304963502878895e-02,-5.163720040731557608e+08
4.958104573856855768e-02,1.619384291473231416e-02,2.751796909793191528e+10
5.459313076347244859e-02,1.868640188227192050e-02,2.625807800114834976e+10
1.738771266320702710e-02,1.261999622668651816e-02,1.238322739528128433e+10
1.802604714804512207e-03,1.087661619303601640e-01,1.489557653467575610e+08
8.393961608480279835e-02,3.034316219321248620e-01,2.486318482266095638e+09
-3.444890165717506489e-03,4.207345000143353914e-02,-7.358984237226221561e+08
-4.030150494904269180e-03,4.875767097035973302e-02,-7.428975567054874897e+08
4.339351095843411305e-02,1.446968515317486326e-01,2.695357195722058773e+09
2.283492469796574720e-02,2.578013592430187031e-02,7.960951888647957802e+09
2.190581895535516875e-03,3.574769869821597251e-02,5.507595337144263983e+08
-8.231371745149536345e-02,8.648451618429261467e-01,-8.554299939550820589e+08
-2.351064157823832060e-02,3.544039133139487152e-02,-5.962337974238902092e+09
2.749863719683236576e-03,1.336647667081335422e-01,1.849033777618320286e+08
1.003016132363998385e-02,5.263101942694715929e-02,1.712839834187041998e+09
8.686408243542491359e-02,4.183883280700555901e-02,1.865998517795772934e+10
2.822271405456397951e-03,2.358765420780061239e-01,1.075386651799925268e+08
3.766053235727800236e-03,8.260570949985909239e-01,4.097575905516716093e+07
6.337870959288822992e-02,5.232863156886262690e-01,1.088565668153040886e+09
-1.429219140888981707e-03,1.353367037480321909e-02,-9.491478046981573105e+08
-8.992810923587288632e-03,4.083167948020684224e-02,-1.979469603103380680e+09
5.413597404233016011e-03,6.097498122959325029e-01,7.979669390794907510e+07
-4.045207344957210682e-03,2.910268524669079246e-02,-1.249275845735495567e+09
-3.581288092949823799e-03,1.080837048787458704e-01,-2.978034016485363245e+08
-1.495328790523752557e-03,2.292283346557651147e-01,-5.862988120346629620e+07
-7.184478704922065383e-03,9.638661073485822739e-02,-6.699296059768821001e+08
-2.712745345348217124e-02,1.066267380469023557e-02,-2.286617494864787292e+10
-3.124107161360487137e-03,6.228723282073855838e-02,-4.507933527211334109e+08
3.238513945683445250e-02,2.580205520819736642e-01,1.128085688941105604e+09
-9.556145444189924690e-03,2.313277755473175101e-01,-3.712834472605964541e+08
3.200113730990841732e-03,6.921117406571203334e-01,4.155658154145388305e+07
-5.445995576372191643e-03,1.985054092842067353e-02,-2.465786989652112007e+09
-6.661337501412068797e-03,2.945862411096742961e-01,-2.032355127302565873e+08
-3.479157005220166049e-02,3.812349596270644958e-02,-8.202229694472487450e+09
7.952970675181129934e-02,2.323951963080360394e-01,3.075762889292111874e+09
1.078746363423732950e-03,4.368672431002949552e-01,2.219322831705895811e+07
-3.630170326789148964e-03,2.221189561376726296e-01,-1.468899209259099364e+08
-6.826112236887390411e-03,2.036002721692153905e-02,-3.013323016923740387e+09
2.632884161125976716e-02,9.403533378038594348e-01,2.516467348807854354e+08
3.529584023298067575e-03,2.433617678586798283e-02,1.303532284210836887e+09
5.087343531706856742e-02,2.720421885121631494e-02,1.680758914880669022e+10
3.557781371106457508e-02,2.898838662374121355e-01,1.103077002153304577e+09
3.948850595396445097e-03,1.084066701662478836e-02,3.273899292644243240e+09
-1.307644516921540809e-02,4.562480582459462752e-01,-2.575961016408941150e+08
3.417463286520855577e-03,4.262003484808366549e-01,7.206770224382217228e+07
6.023990010301961441e-03,7.358867859849700377e-01,7.357391339639277756e+07
-1.013438518484424417e-03,4.266695807272596341e-01,-2.134795821475920454e+07
1.018854838248490179e-02,1.284726498361372371e-01,7.127746551157230139e+08
-2.050365558143278297e-03,6.740225471134186908e-01,-2.734056541466528922e+07
1.621286613629262848e-03,2.093306842033574033e-01,6.961094383708234131e+07
2.242615891938255345e-03,1.460677179526517211e-01,1.379911612681858838e+08
-3.356039496015334172e-03,1.786427884970017560e-02,-1.688465504579148054e+09
4.631933384828622498e-03,8.233131584786897994e-01,5.056475027033855021e+07
8.222982973484375957e-02,1.851866899401593061e-02,3.990894435313999176e+10
4.023740115672340238e-03,3.166228804122210583e-02,1.142189716358478069e+09
-3.466441737506880533e-02,7.759084037529898614e-01,-4.015356111920981407e+08
-2.773711503286438017e-03,3.752667149413264902e-02,-6.643116374635400772e+08
-1.482258557644616651e-03,2.390394312409685820e-02,-5.573205254652757645e+08
-4.783784302387018329e-03,8.307290284954771398e-02,-5.175625229638854861e+08
-2.876248402025267589e-02,1.690128985820281773e-02,-1.529527038584683037e+10
4.045313070409500313e-03,7.892669670940678783e-02,4.606582243234128356e+08
-1.523422394457944144e-03,3.249542133693992807e-01,-4.213556108006651700e+07
-9.463840247164552119e-03,1.319710443381994988e-02,-6.445244033820322037e+09
6.933566793819456731e-02,1.749508639012362782e-02,3.561977982264577484e+10
5.002537877574762468e-03,4.414737893881517938e-02,1.018441480800827622e+09
1.256768510617093174e-02,8.604490887951076195e-01,1.312746079308152050e+08
-3.443687776576354054e-02,1.947325322954161220e-01,-1.589409761578145504e+09
6.083408069889694077e-03,7.314727409718953244e-02,7.474797325283836126e+08
3.309909715279614473e-02,3.770467229680752458e-02,7.889901755344767570e+09
7.668723977337217786e-03,3.236092451414053217e-01,2.129868567451280057e+08
-3.038149432597716040e-02,4.776603872567437847e-02,-5.716635776546236992e+09
-3.089825593861484764e-03,8.971974130934298186e-01,-3.095255983873319626e+07
-2.481533652133509262e-03,3.270262059874687322e-02,-6.820060566470587254e+08
3.420835506902711320e-03,4.345565222201629441e-01,7.075164423188553751e+07
3.611946600632118254e-03,9.774312901619135185e-02,3.321281615700165033e+08
-1.474201343352676136e-02,1.107137415346188918e-02,-1.196756770400271225e+10
-1.629431690740852515e-03,3.563728070951697191e-01,-4.109435979710852355e+07
-6.692428886092362250e-02,9.175627289691737909e-01,-6.555391278842072487e+08
-2.856829989337033270e-03,9.972882333001986677e-02,-2.574627001094164848e+08
1.686539680120365111e-03,2.509022617572316816e-01,6.041469754081234336e+07
8.081808339028589278e-03,1.742141213024644975e-01,4.169421585421546698e+08
1.167004841850351931e-03,1.392897478454373922e-02,7.530158611583492756e+08
-5.002274314162447923e-03,1.348215974638408525e-02,-3.334714466049424171e+09
2.382866285609140308e-02,2.524074236854240497e-02,8.484928108101988792e+09
-5.816671649567395352e-03,5.309369194711910378e-01,-9.846508071943654120e+07
-7.322159387488563764e-03,8.263454282404172346e-01,-7.963943457008887827e+07
3.714368562661713238e-03,3.982935999803575156e-01,8.381703337088608742e+07
-1.388581265957505168e-02,4.523266821536037208e-01,-2.759114433228055835e+08
-1.348420269320190629e-03,7.445037763028655720e-02,-1.627829765887237489e+08
3.224012481315731253e-03,4.332728457584957282e-01,6.687839794852159172e+07
4.703422958591943308e-03,1.799449785244808531e-01,2.349226662248527408e+08
9.806878946924207224e-03,3.261621181096080457e-01,2.702389308922243714e+08
4.099336141216124163e-03,2.280112497064747112e-01,1.615875420682841241e+08
-7.898221400856315563e-03,1.198788541183262307e-01,-5.921576427401889563e+08
-4.143070048626779078e-02,1.686314853803176986e-02,-2.208178764221869278e+10
2.534461267829608323e-03,4.168215213810221031e-02,5.464949367018630505e+08
3.150345461554258496e-03,1.065371913834708625e-02,2.657709784859952450e+09
2.803976798262614121e-03,2.000593034929051828e-01,1.259697540923057199e+08
-4.895265741035689615e-03,3.291672627033118692e-01,-1.336627077814613879e+08
-6.536065297731311584e-03,1.746103263290866292e-01,-3.364318290269190073e+08
3.063765310132343395e-03,1.735131733113128016e-01,1.586988063926859796e+08
-2.906735912275216702e-02,1.858703710045540164e-02,-1.405549124025812149e+10
2.276656522574542485e-02,4.014916842989187801e-02,5.096494708326641083e+09
-3.699330049214739728e-03,1.433875323227117200e-02,-2.318794747134788036e+09
5.919026687242476444e-03,2.086070646778312165e-01,2.550186276321612597e+08
4.896353480498036315e-03,1.289112756297077500e-01,3.413755992491475940e+08
2.689051517443365874e-02,1.716737746972711587e-01,1.407815636598018169e+09
-7.008017215747014417e-02,9.759114268786786561e-02,-6.454095320676235199e+09
-5.705796633598225059e-02,1.012218549322249986e-02,-5.066319974145708466e+10
1.332142528920978114e-03,2.169061367555624731e-02,5.519877915729361773e+08
2.798783853672031849e-02,1.050821348959310453e-02,2.393817792274256516e+10
1.004919126154786005e-03,3.652290935697578844e-02,2.472955861376997530e+08
1.198728560582969227e-02,4.482230656023473703e-01,2.403683429611449838e+08
-1.083541990660899165e-02,3.892747376140573423e-01,-2.501728314684635997e+08
-2.703754883932976780e-03,7.276921678678092142e-01,-3.339413777592934296e+07
3.522661126043621568e-03,2.958111188393181684e-02,1.070303612028574705e+09
-1.694675095394923212e-02,3.406595600352425174e-02,-4.471121630024693489e+09
-1.844546625342253750e-03,1.967069803120580912e-02,-8.427921549675825834e+08
1.791079399605576168e-03,3.500699675979363490e-01,4.598440831728288531e+07
-1.732233690421815589e-02,8.391786051815723624e-02,-1.855251093841754198e+09
-4.317026690387618104e-02,5.684124280770426474e-02,-6.826086495396898270e+09
-6.169936347414513300e-02,1.354826324028143673e-02,-4.093055896970562744e+10
-2.990941260633185259e-02,1.692415134639121965e-01,-1.588369729596807003e+09
6.049922187204948010e-02,3.085053064032135528e-01,1.762535076703044176e+09
-3.395469261587646427e-03,9.364995926311389662e-02,-3.258688356021083593e+08
-1.676557514928580421e-03,8.750933114699509241e-02,-1.721926899582878649e+08
-6.482351834082429598e-02,1.825415334107692578e-02,-3.191696026024299622e+10
1.074871454125786918e-03,7.978630318558618262e-01,1.210817821845603548e+07
2.294398051103113331e-02,3.756830101472137806e-01,5.489058109243817329e+08
-1.045941902636063434e-03,3.880467383860435743e-02,-2.422557773605137169e+08
6.318601586996542598e-03,3.854105761769870825e-02,1.473492611321325302e+09
-4.378223638106569851e-03,7.310697754424365369e-02,-5.382570544842880964e+08
-2.493464810042092354e-03,5.181829936735735664e-01,-4.324846582086595148e+07
-4.057156443433165838e-02,7.506755327225507202e-01,-4.857581678724959493e+08
9.323920289707267328e-02,2.161734486796795113e-02,3.876562759582730103e+10
-6.306873669286471029e-02,2.025439282603543750e-02,-2.798630233714679337e+10
-1.008608913441783614e-03,2.020160110570422551e-01,-4.487326072443947196e+07
2.789377952228751147e-03,7.215070924218504045e-01,3.474700506779908389e+07
3.659959489525275306e-03,1.084049774481344180e-01,3.034433842400112748e+08
2.155126578577686719e-02,5.993322052095425567e-01,3.231884160596184134e+08
1.787347335880821314e-02,3.934168005563993820e-01,4.083256607089993358e+08
-6.248840589821717112e-02,3.851536276889117039e-02,-1.458196566766515160e+10
-4.952077002132198973e-03,6.760455300684344027e-02,-6.583579159785821438e+08
6.394122048653497377e-03,8.525670074252403863e-01,6.740669248264160752e+07
7.630943845061689823e-02,1.108201593241864708e-01,6.188852123694545746e+09
1.082465219810591767e-02,1.769240089274562097e-02,5.498925020248116493e+09
-4.651696840632940644e-02,6.087310714700004677e-02,-6.868099077356328964e+09
-1.477846910796920413e-03,2.990941539869607091e-02,-4.440911739651833177e+08
5.671640377602103766e-02,1.221280723920368100e-01,4.173916931330008984e+09
6.289737853624131902e-02,2.051898359498741387e-01,2.755036260404652596e+09
3.773054146058117675e-02,2.892284342844584355e-01,1.172472511329988003e+09
-1.035892964954735797e-02,5.877706898555485893e-01,-1.584008750865961611e+08
-1.191322858234079157e-02,1.450430483273872952e-02,-7.382155252368673325e+09
-9.790337413714557055e-03,5.760107169388711812e-02,-1.527628366414653778e+09
-9.520553700302756064e-03,1.537907124577961131e-02,-5.563943567062857628e+09
3.303768397691683040e-02,4.162721857209072951e-01,7.133174026939681768e+08
-2.481291484188580601e-02,1.488531943162893223e-01,-1.498201558649387360e+09
4.196611587067833327e-02,9.201267480498313833e-02,4.099224822752348900e+09
1.799332546960336759e-02,3.301377136984427058e-02,4.898542887208808899e+09
-1.093354072852928058e-02,4.630956967816717285e-01,-2.121977135313437879e+08
-9.683464391722558517e-02,9.775096785058361160e-02,-8.903490755535570145e+09
-6.430569242112922634e-02,1.223154423396254770e-01,-4.725184242663387299e+09
3.478255758053924035e-02,1.758089166563811881e-02,1.778161624642685699e+10
-1.121561474238399721e-03,1.585056288528871593e-02,-6.359588446023494005e+08
1.485736217133278242e-03,4.013333856786494014e-02,3.327262302836928964e+08
1.367157611787906280e-03,5.170418955937376715e-02,2.376530913955130875e+08
1.475608675045437298e-03,1.844521860813560024e-02,7.190151004618520737e+08
2.751151375477356789e-02,6.919238918649480707e-01,3.573606904086167812e+08
1.212880858186448849e-02,1.513085823218120185e-02,7.204522436249449730e+09
-1.543112219612658050e-03,1.268167858937379600e-01,-1.093632446607820690e+08
-1.198801912416872732e-03,1.747803231942370375e-02,-6.164608593266307116e+08
-2.816561000068662848e-02,4.443938491337884322e-02,-5.696416563560156822e+09
7.892398612296479266e-03,1.907773893275509780e-01,3.718199845132925510e+08
-2.594245887633700107e-02,6.875081202325629137e-01,-3.391438322353864312e+08
3.317035514785001814e-03,4.832373575481888617e-01,6.169361784405153245e+07
3.997792977384877211e-02,3.698646061277884312e-01,9.714672073466556072e+08
-5.767348105966475097e-02,9.058064832868358007e-02,-5.722573229830975533e+09
-1.422915298107511189e-03,3.183976816760589190e-01,-4.016610970011705905e+07
-1.035552972055652811e-02,3.735046258161868471e-02,-2.491879015792918205e+09
-1.624994759856741161e-03,7.929995504890402502e-01,-1.841745604479350150e+07
-6.225783212350574983e-03,7.046541647671992203e-01,-7.940879197931697965e+07
-1.406394834867526504e-03,1.144085341892789147e-02,-1.104840179229462385e+09
4.003885902676074075e-03,2.560908908341258741e-02,1.405200127467756987e+09
1.011919753552080340e-03,1.697072729745007294e-02,5.359154002907792926e+08
-6.871912476338714985e-03,1.297151937651326581e-01,-4.761429837244865298e+08
-9.009405973718040070e-03,1.122347835594992294e-01,-7.214717028266302347e+08
-1.850032316379280478e-02,3.096585987393863926e-01,-5.369660015663175583e+08
-6.632456710868775418e-02,5.365437129571436481e-01,-1.111015024663171291e+09
-5.445148360766270505e-03,5.209424095594211712e-01,-9.394434030546845496e+07
-9.283612144289127635e-03,1.289319138617798788e-01,-6.471533102075860500e+08
-5.770257285847760383e-03,5.078485777166132781e-02,-1.021201762921232939e+09
1.017640260158657328e-02,4.309045818286324492e-01,2.122578626112345755e+08
-7.005236093263500496e-02,1.527491569019278142e-02,-4.121872683328475189e+10
-1.324525351607896105e-02,6.254967420593559035e-01,-1.903206189954525530e+08
-3.588552749069125192e-02,1.348874867064390748e-01,-2.391103031221962452e+09
-4.725350199128269986e-03,4.992556140530367975e-02,-8.506710655545986891e+08
-1.645315999990862961e-03,4.913787665602698529e-01,-3.009425201771539077e+07
4.407064756564207583e-03,1.538317561279494566e-02,2.574862560015834332e+09
2.244268980029867286e-02,1.045036159950448428e-02,1.930163981601497650e+10
-5.872612858899277366e-03,4.677802829816515157e-02,-1.128340242931416750e+09
-2.206075626542903026e-02,8.509519398817597113e-02,-2.330053978471000195e+09
2.654947439589618995e-03,6.443568575707959711e-01,3.703224927780961245e+07
-5.462866106098948626e-02,1.199416727763737318e-02,-4.093559177415818024e+10
1.923427562925998039e-03,2.151504987548831863e-02,8.034966980672121048e+08
-2.632212932190238289e-02,4.296481603320086856e-02,-5.506284923502584457e+09
5.890568316141834432e-02,2.352820957498111265e-01,2.250188679684066296e+09
1.029463670347935357e-03,2.732551802056981324e-02,3.386049007886405587e+08
2.477913118577591486e-02,1.711450655393655096e-02,1.301284663002158165e+10
4.246825666343458788e-03,1.294872220357310734e-02,2.947732962994613647e+09
8.339001884565053202e-02,2.929656032319764014e-01,2.558279890251245499e+09
-1.333407859594699669e-03,1.081502654039363243e-01,-1.108118076461985856e+08
3.423780126572642524e-02,7.618508079375009290e-01,4.039118108339923620e+08
-1.988167729785227100e-02,5.014852113343659656e-02,-3.563243556331933975e+09
2.234896669873366257e-02,1.432541433940717479e-01,1.402170657576291800e+09
1.080274927452056334e-03,7.754267142287535330e-02,1.252114820394391716e+08
9.723629032764372071e-03,2.894679295989082690e-01,3.019107278313164711e+08
-5.605407817804011067e-02,4.630464684147862775e-02,-1.088010926825141716e+10
-7.329333718281575219e-03,3.643312971037102055e-02,-1.808084131823174477e+09
-7.677481542775975443e-02,2.707789902747269328e-02,-2.548322770864519501e+10
4.808256859620000517e-02,7.186101662183969063e-01,6.013743787869096994e+08
-2.216964123305826401e-02,7.102014189466053506e-02,-2.805612887128175259e+09
-3.983343693205622371e-02,3.408477058785593372e-01,-1.050359633908538938e+09
-2.475368766223022023e-03,2.987907207665263520e-02,-7.446006640627120733e+08
-5.656322649102462491e-02,2.128062565436615039e-01,-2.388913368525035858e+09
5.643806018871962496e-03,1.041828548294719374e-02,4.868850536934933662e+09
2.573249756570469837e-02,3.601084245489187263e-01,6.422428486543083191e+08
-7.966450020315873903e-03,1.053771819214547809e-02,-6.794677901053951263e+09
2.517238472043555920e-03,5.887902074519714424e-02,3.842504640087443590e+08
-5.990251287292315194e-03,1.631220841639808850e-01,-3.300524020701476932e+08
-5.429279677659056003e-03,1.243873842709378591e-01,-3.922983641195863485e+08
2.528918470741174651e-02,7.408963329842754852e-01,3.067806769962123632e+08
3.609338168510982207e-03,1.177986710121452923e-02,2.753834279406446934e+09
-4.411905857429595373e-02,1.406862961303090021e-01,-2.818545558303744793e+09
-1.878259997507594932e-03,2.920940057027135786e-02,-5.779412367111724615e+08
-2.014989901689054601e-03,4.502824305122784393e-02,-4.021966886632630229e+08
-5.473738080603474804e-02,1.389376784455681468e-02,-3.540907591942083740e+10
-1.064775038388516334e-03,2.211699999878010553e-02,-4.326953836398627758e+08
4.415054129785554553e-03,4.285107957393968076e-02,9.260296301244508028e+08
1.611428003159044459e-03,5.495797823892537709e-02,2.635304338669637144e+08
3.071000118644175159e-03,1.887969878416500824e-01,1.461959664131676853e+08
-3.298343938594208019e-02,7.807455917929287392e-02,-3.796968705760787964e+09
-9.541535521235778791e-03,2.407661201416283481e-01,-3.561832689638276100e+08
8.705927639742889329e-03,9.243013805125557258e-01,8.465489391174706817e+07
4.493634517070710724e-03,7.215119917639245539e-02,5.597638031094536781e+08
3.110036407830057536e-03,1.175232024715791024e-01,2.378441500783846080e+08
-9.409802332033427585e-02,6.486597550738147644e-02,-1.303809571831279945e+10
-7.885006470512100074e-02,1.998909044078306038e-02,-3.545354276562924194e+10
-2.752555947628979906e-03,2.580817660941207570e-01,-9.585824011456744373e+07
4.566061038711747948e-03,1.080316291270137924e-01,3.798756059100496769e+08
1.437389558356627454e-02,3.763152664308845596e-02,3.432995758075558186e+09
-2.687596054814802779e-02,2.904199748670902581e-01,-8.317410374091300964e+08
5.187379330696690466e-02,9.512632292496194797e-01,4.901149116130855680e+08
2.998921501950549146e-03,4.254503562834881514e-01,6.335294741959625483e+07
3.002969505821760990e-02,1.973717188284018209e-01,1.367466252392735958e+09
3.674199549022895243e-03,1.535243564261221938e-01,2.150978514492663145e+08
1.039895189851746185e-02,4.909821119463158440e-02,1.903594836040031195e+09
1.448449580942488433e-03,1.142124412631433800e-02,1.139831319946059704e+09
3.997199996474112317e-03,1.398837880080735507e-01,2.568260736502448022e+08
1.434281702970210178e-03,3.213500977402238695e-02,4.011498555770250559e+08
-1.902065406930040755e-03,4.195697991036399094e-02,-4.074476765061842203e+08
2.757434867601373310e-02,9.509484595945623397e-02,2.606146960908437252e+09
8.223175950593080916e-03,5.061042043386875244e-01,1.460327474709735215e+08
-7.772303555093841576e-02,1.526999529641170743e-02,-4.574687886083300781e+10
3.401105074867555311e-02,1.111957403461154813e-02,2.749049228171454239e+10
-1.194282661737930407e-02,1.084125419601006113e-01,-9.900980797780717611e+08
-4.563360575961732807e-02,9.591536303129556407e-01,-4.276093861525743604e+08
2.197916067664324943e-03,1.091610566353682851e-02,1.809647517655341387e+09
1.018945271369088926e-03,2.333919401961626061e-02,3.923879140716769099e+08
2.131149268707861061e-02,7.873816175965522857e-02,2.432647688997440815e+09
3.220244147875002318e-03,3.566414072957990039e-02,8.115357442085859776e+08
-6.152534155185474148e-03,2.840046551084761048e-02,-1.947059364453428984e+09
-5.909360588000357045e-02,2.249976514362103663e-01,-2.360549570145343304e+09
-3.165850479832556935e-02,2.588217197584646856e-01,-1.099360932168671370e+09
3.559236270082491004e-03,2.910897503363347738e-01,1.098956553244680315e+08
2.442665471011436565e-02,5.207167788254123408e-01,4.216120741325063705e+08
4.888786122517004007e-02,1.117038051212018365e-02,3.933541069251732635e+10
-4.036205947591896964e-02,3.333867462167094953e-01,-1.088117026105519295e+09
5.405442285449326388e-03,1.219594738859812039e-01,3.983513660484340787e+08
-3.372641002286614481e-02,1.661442444494966308e-02,-1.824464564799575806e+10
-2.009510939581591465e-02,3.219950060911944134e-02,-5.609082876944953918e+09
-3.330920160794297383e-03,3.577974195186056638e-01,-8.367151592932234704e+07
1.358157887980815208e-03,1.055394330682420979e-02,1.156607813062695503e+09
1.255526233706298969e-02,4.520020719872444581e-02,2.496525372788127899e+09
-6.194067604794532313e-03,2.831615056312556944e-01,-1.966039986659643352e+08
5.938022179719759305e-03,5.369456410146329350e-01,9.939444492283000052e+07
1.761222782080540958e-03,1.533061687620472791e-01,1.032536190101158470e+08
-5.507778628864980902e-02,1.884994202060325322e-02,-2.626135171534608078e+10
-1.405230442249498675e-02,6.005454615975855392e-02,-2.103062980004967451e+09
5.315393293041789646e-02,3.151428289675064359e-02,1.515928064458526039e+10
4.920447612990557634e-02,6.134534087615405307e-01,7.208977111147416830e+08
2.630401636837649548e-02,1.491437205334548988e-01,1.585140315381655216e+09
2.609643417713965446e-03,1.532986791889839329e-01,1.530006847905698419e+08
-2.483170275060735729e-03,1.800550421884211660e-01,-1.239515127744057328e+08
-8.269405790263145706e-02,1.111356120294450939e-01,-6.687621366443890572e+09
-4.847410496831454363e-03,4.279098155136326631e-02,-1.018141567620423436e+09
-1.853000984892222078e-03,4.464547347107546416e-01,-3.730343592467360198e+07
-8.122369527121683919e-02,6.723585943362835327e-01,-1.085756409018572807e+09
2.933350185936324430e-03,2.215031075092519647e-02,1.190240455227894545e+09
-5.867757741860037124e-02,2.369913263409590409e-01,-2.225309089855695724e+09
-1.204876877747501802e-02,9.383894973019933916e-01,-1.154011535488970280e+08
-2.684351329690079849e-02,2.395564224645048701e-01,-1.007122168386047959e+09
-1.668215287418425841e-02,1.298776442697978095e-01,-1.154431882309551239e+09
-1.022612856277365203e-03,6.133659440335666874e-02,-1.498449833317358196e+08
-2.212079013250703961e-03,1.056661693173698013e-02,-1.881547949737990856e+09
1.117108187861599010e-03,4.735304621240308820e-01,2.120303015529754385e+07
-1.217931115548288347e-02,1.167742267749696979e-02,-9.374030105850404739e+09
-2.479803882905686537e-03,3.407648151186770669e-01,-6.540534000999278575e+07
-4.715132188459838364e-02,6.252782513168750333e-02,-6.777525618665482521e+09
7.817484048080461032e-03,7.946324246823417703e-02,8.842016881618702412e+08
1.604041225601501169e-02,1.119595924643896484e-02,1.287670763914819336e+10
-5.604742610742260989e-02,3.748354759841605877e-02,-1.343895822141918945e+10
-1.906256937763809584e-03,2.106975050061633131e-02,-8.131537379499621391e+08
1.037177442390620728e-02,7.447968239937821644e-02,1.251600894954418182e+09
-8.673611720635106270e-02,6.055857132201392795e-02,-1.287285787137549782e+10
-1.508214685876814454e-02,7.719937322560925519e-02,-1.755900931764998198e+09
2.828825172694452578e-03,1.155675667994835072e-02,2.199990253181388855e+09
-4.694781297464229591e-02,2.306042851617449985e-02,-1.829778881805986023e+10
1.986839746434755378e-03,5.113844020049150563e-02,3.491933628891123533e+08
6.836254433390374745e-03,9.413044615308779894e-01,6.527377336334046721e+07
-3.722537348427700041e-03,1.400043055392813721e-02,-2.389726999793774128e+09
-4.536734159153538865e-02,1.250112049005001613e-01,-3.261707473705976486e+09
2.422442876203641238e-02,5.165778648374791393e-01,4.214716526599044204e+08
6.297694786839777743e-03,3.394401142729007448e-02,1.667512362774851561e+09
2.572193613501971409e-03,4.649194754312474531e-01,4.972519956783927977e+07
-1.721106372232878660e-03,2.761405536258192406e-01,-5.601806970724870265e+07
1.536671240894245827e-03,5.402838627033172691e-02,2.556286848161017597e+08
-3.896654551711549452e-02,5.132142973617945803e-01,-6.824074789153567553e+08
-1.070450948618118479e-02,1.209804671123194952e-01,-7.952471707476242781e+08
1.560620226107145353e-03,4.423021251950556842e-02,3.171237902051743269e+08
4.787143640498649558e-03,2.378145667531524760e-02,1.809208520818448782e+09
3.424190911231709145e-03,1.754842887561321521e-02,1.753760760396012545e+09
-5.723728601531537230e-02,1.537998039413530083e-01,-3.344828610778226852e+09
2.445336680968185263e-03,9.320116674867541529e-02,2.358131022326430976e+08
2.515869524022030027e-02,6.598190621542154854e-01,3.426998185785825849e+08
1.002983848488362729e-03,1.465951094167611442e-02,6.149291429666827917e+08
-3.115360670306679264e-02,2.934195182719047668e-01,-9.542671009434275627e+08
6.194671731565623736e-03,1.679389463070582802e-02,3.315259219823883533e+09
-2.162996534560225875e-03,1.121198970240493697e-01,-1.733898822857326865e+08
7.284754211595130362e-03,1.338383317342922187e-02,4.891983763504372597e+09
-4.216871175001319499e-02,1.609873863199572791e-02,-2.354231153226083374e+10
3.685889080007505748e-03,3.903576700780759384e-02,8.486530237634339333e+08
-2.179456240922492474e-02,1.643936435411285646e-01,-1.191554060505792379e+09
2.989743618358902885e-02,2.886514368729291014e-01,9.309167447262008190e+08
-4.965242243635918651e-03,2.766177994626539682e-01,-1.613284413176143169e+08
6.812654857092845066e-03,2.135189000037586438e-01,2.867679965257504582e+08
6.730768870981961721e-03,3.713116848867956121e-01,1.629208545927068591e+08
-4.086228560527715992e-02,3.302623292650188613e-01,-1.112024187757233381e+09
-6.467013453214273677e-02,5.920365198729167500e-02,-9.817612479880666733e+09
1.467959245909671376e-02,1.468856506067484254e-02,8.982252219464502335e+09
5.015684315882612022e-03,7.329864191473561830e-02,6.150138338695119619e+08
-5.682540310657484273e-02,3.757260669647387030e-01,-1.359320345225559235e+09
3.187806136837064309e-03,3.235863255837483909e-01,8.854261825941854715e+07
-1.485388457055318969e-03,5.633024170709433065e-02,-2.370003832362851501e+08
5.472102692386610762e-02,4.878768331349703918e-02,1.008079216989314270e+10
-9.742928180192551857e-02,3.017488814162173211e-02,-2.901980238150492859e+10
1.893715682239994124e-03,1.155623584541136395e-02,1.472817709021612883e+09
-9.706776649239264032e-02,1.649742888335604951e-01,-5.288218488061352730e+09
8.186593964502672516e-02,2.832216708690240003e-01,2.597929663064713955e+09
-9.248001693482619037e-03,4.656359460862657951e-01,-1.785056716211976111e+08
-9.582677666398919936e-03,4.880665649136610718e-01,-1.764649433568375409e+08
4.087414370539049248e-03,7.768695976535480163e-01,4.728802325473385304e+07
7.802638578819858124e-03,7.208312104312321056e-01,9.728783225297595561e+07
-2.964476126313110929e-02,4.542981455432674315e-02,-5.864859486715578079e+09
-1.910570505812493993e-03,1.584640160622019511e-01,-1.083635013334456086e+08
-1.386330705697325517e-03,2.634021074777949112e-01,-4.730403805798097700e+07
-1.931729126081485268e-02,1.480598974127933787e-01,-1.172625683832216024e+09
7.949547320360676739e-03,2.204906426669131156e-02,3.240431564342424393e+09
4.204313001473565514e-02,1.257321721970069972e-01,3.005378951595739365e+09
3.277042351576622131e-02,3.102963989052228908e-02,9.491960821416465759e+09
-7.573980088668358368e-03,6.184917658986894412e-02,-1.100628755638969898e+09
-9.208076015425788186e-02,3.332821883592007040e-01,-2.483175473117932320e+09
-4.969481199881252594e-03,9.945477199957515613e-02,-4.490927501713858247e+08
3.409384340066933926e-03,9.429418547473025769e-02,3.249688002113758326e+08
-6.831029527439325122e-02,2.673626864055470009e-01,-2.296338909678281784e+09
2.933069481048629270e-03,2.912788696159621799e-02,9.050321117747229338e+08
-4.241952248912660671e-03,1.073973674853028783e-02,-3.549954262397473812e+09
-1.230441382803901078e-03,1.178415615108943833e-02,-9.384541491043581963e+08
-2.492242419498295891e-03,4.190350495132635911e-01,-5.345527297894984484e+07
-1.315836226490716201e-02,5.645708462696938934e-01,-2.094758730886265337e+08
1.186133703095652685e-02,1.125785197855298618e-02,9.469536676046409607e+09
5.183323494659095032e-02,4.389963987075240492e-02,1.061201792997088814e+10
5.288049765109719032e-03,8.217037267223884500e-01,5.784034773415040970e+07
-2.597515703719591607e-03,1.053808771026668034e-01,-2.215373677419373691e+08
-1.026053706028354348e-03,1.178461169268998562e-02,-7.825379976708517075e+08
1.153286289765275210e-02,7.938655951217025997e-02,1.305692070971318483e+09
6.969928001014843999e-02,5.012488490435980104e-01,1.249756838424077988e+09
5.480311410868797528e-02,1.908753604976265103e-02,2.580512608460485458e+10
3.608709972423487788e-02,2.691398800471808683e-02,1.205104043289908981e+10
-3.375970865115380387e-02,2.281751246599151781e-02,-1.329783720247035027e+10
-4.688707971695529886e-02,5.759170211012362151e-01,-7.317182523267345428e+08
-2.295310016898856678e-02,1.798695910829820332e-01,-1.146922896917239666e+09
-2.267576598759429071e-03,2.020740423730926424e-02,-1.008560732923353076e+09
3.458575800774245368e-02,2.407986100422369186e-02,1.290903983796475601e+10
-3.676244726668372736e-02,3.921943099074264721e-02,-8.424686413759230614e+09
1.333738626800417236e-02,7.165919655583705694e-01,1.672820772967737615e+08
1.066159952764939110e-03,3.607487834087557549e-02,2.656244870073865950e+08
-1.544855805553414264e-02,9.431332002643352808e-02,-1.472195664435666323e+09
1.389878040098859553e-03,8.147517938010754301e-01,1.533211211029790528e+07
-5.062341696090224413e-02,1.839572996442314159e-02,-2.473346987890193939e+10
-2.255819152227469745e-02,3.125103497601196267e-02,-6.487696021096307755e+09
4.188400762734829398e-03,6.026661051702539990e-02,6.246289107614487410e+08
5.101229118191631662e-02,6.437397006217949746e-01,7.122216229197385311e+08
1.059194237013584170e-03,1.124976867862447112e-02,8.462187326720693111e+08
1.282335734092573520e-03,3.287031423900981797e-01,3.506295441305700690e+07
-2.479271820076238159e-03,1.081227295734907626e-02,-2.060903996829062223e+09
5.238558460943600927e-03,5.774383210936318012e-01,8.153739104833424091e+07
1.002980069393851446e-03,5.747195631371856406e-01,1.568508732318150997e+07
-1.372943196173631239e-02,4.166465650777316787e-01,-2.961661240839650035e+08
4.674377409128696592e-02,4.088610518071940092e-01,1.027539796845481515e+09
-1.113990983906648895e-03,2.197450451438507854e-02,-4.556309351612343192e+08
-5.825088432937925061e-03,4.841725746938635444e-02,-1.081316812437249899e+09
-1.018221669082184332e-02,1.932931733324065246e-02,-4.734525254418206215e+09
3.054880112092235069e-03,2.242281971624208309e-02,1.224488087309079409e+09
5.748246071660049680e-03,1.660759859747392153e-01,3.110850425426126122e+08
-1.296705327507318350e-03,1.920845036382805848e-01,-6.067357481137439609e+07
-9.911146961638966912e-02,7.971372165369031149e-02,-1.117484346587858200e+10
1.487706858727856976e-02,1.580930976612053562e-01,8.457754492311183214e+08
-1.290622546505237715e-02,3.567869317849589605e-01,-3.251179345223584771e+08
2.020424505016523917e-02,1.585117305290183742e-01,1.145596922441271067e+09
-3.176412353605842509e-02,2.145074357452056990e-01,-1.330899136986739159e+09
2.443357515488771628e-02,2.149356718711599723e-01,1.021713512789987087e+09
-1.589838519933712939e-03,4.779705691511984544e-01,-2.989526982912726328e+07
2.368082229394602358e-03,1.090665660366576251e-01,1.951442492708727121e+08
-5.468288756326221411e-02,1.269203650128316041e-01,-3.872315598323262691e+09
-1.229389617484306961e-03,7.735852169647668974e-01,-1.428341312058585510e+07
-1.475386587179855491e-03,2.208968789024250493e-02,-6.002979629192676544e+08
1.798813308392532883e-03,2.560637680111398362e-01,6.313767400764879584e+07
-1.199739868676379106e-02,5.183464471200822238e-02,-2.080259832426531792e+09
-1.039430594906851427e-02,2.620355003875799449e-01,-3.565217100495765805e+08
1.974579138208667779e-03,7.402658270395493512e-01,2.397383219568245485e+07
-2.343603181064918967e-02,3.577895415524367517e-01,-5.887176488408986330e+08
-2.532275045578736162e-03,2.708577474646690214e-02,-8.402726562132146358e+08
6.703466456272803332e-03,1.284098844679971152e-01,4.691930858771942258e+08
9.162761688182641251e-03,5.086507448555194211e-02,1.619039053947392941e+09
3.758931848289209093e-02,1.468244991362091523e-02,2.300999594286556244e+10
-1.574891266840946699e-02,1.997129890560660551e-02,-7.087529529804245949e+09
-1.536362704204998104e-02,5.372961076686307708e-02,-2.569985540494877815e+09
-1.697016973429566096e-03,9.235502452822304253e-02,-1.651491247822496593e+08
3.375203795301973814e-02,1.240699194405996547e-01,2.445029586919173241e+09
-2.235625701942958819e-03,2.811297928252974865e-01,-7.147313628654244542e+07
9.109929008759186375e-02,6.555125601662577239e-02,1.249063717990670395e+10
-6.998951134313405320e-02,4.142005929893574634e-02,-1.518703043790443230e+10
6.199641284678147901e-03,3.525066121617724535e-02,1.580701670612470150e+09
-1.582877204931226614e-03,2.274892249759379870e-01,-6.253699545721044391e+07
1.972892042862361625e-03,2.620217067587985935e-02,6.767319302872179747e+08
1.787450639786316263e-03,2.745318969733235789e-02,5.851832208982887268e+08
-1.035229177928574489e-02,3.710793120391510658e-01,-2.507381283096331060e+08
-3.047146598173740284e-03,3.377620103862008505e-02,-8.108362679350169897e+08
-2.174013152206910604e-02,5.244136785040177939e-02,-3.725965029091987610e+09
1.210461549144412584e-03,1.179327998389989758e-02,9.225013439560973644e+08
-1.744298232821803532e-02,5.856110226686538772e-02,-2.677084727708548069e+09
3.420834142218895715e-03,6.094959790913175857e-01,5.044426419215694815e+07
6.295821553430586137e-03,4.706753524241509556e-02,1.202213420913891315e+09
-6.789677119693615648e-02,1.399475431348043697e-01,-4.360481636331888199e+09
-4.595177944297989397e-03,9.168749075268899096e-02,-4.504461348110702038e+08
-9.454337980468605074e-02,1.519913525206792286e-02,-5.590657184169767761e+10
1.006402192947603632e-03,1.038429879431780334e-01,8.710538745465493202e+07
-2.735091350459021090e-02,6.814195204175385601e-02,-3.607512826640523911e+09
5.359526282885063164e-02,8.462736008235566265e-02,5.692017542946198463e+09
2.922509314238125322e-02,1.777013840086780205e-02,1.478140484697131538e+10
-2.425908305339142743e-02,5.653058062436647907e-02,-3.856928194572039604e+09
-1.639323245098805873e-03,3.152458442216167500e-02,-4.673753950963197351e+08
-7.180926638487708687e-03,5.570286027329259676e-02,-1.158653591147108078e+09
1.072473562649323186e-03,5.189768240402989341e-02,1.857330752768885493e+08
1.036019675338300909e-02,9.661044346194402888e-02,9.638169196787427664e+08
1.051810840923295869e-03,6.127613116272014049e-02,1.542754862672163844e+08
-2.312367427396016650e-03,1.327482499315396809e-02,-1.565592229663811922e+09
-3.874823986451048780e-03,2.883300139184897040e-02,-1.207849280394582510e+09
-4.280007691054629922e-03,5.688075092370879077e-02,-6.762851427788335085e+08
1.910065630402890983e-03,1.745732478777125077e-02,9.833796491968967915e+08
3.745701441349641881e-03,8.013767404047016096e-02,4.200945461363217831e+08
-7.805084164616921116e-03,4.932022894529741186e-01,-1.422339021503792107e+08
3.158402952665620694e-03,9.292755079834448539e-02,3.054735867895681858e+08
-1.467966185169363585e-02,8.228511883010988237e-01,-1.603412885289594233e+08
-7.104157838524750856e-02,1.255601591124606842e-02,-5.085238927921922302e+10
-6.438473605220327960e-03,4.124042198776167178e-01,-1.403170473732742071e+08
-3.811133186470564566e-02,6.498194379472367332e-01,-5.271230972264026403e+08
2.226896685290737435e-02,2.039771183090903217e-01,9.812264242832421064e+08
2.025482780783697569e-03,2.110540210032345668e-02,8.625525095295400620e+08
1.448533589967088099e-03,6.719015856228743866e-02,1.937641925242600441e+08
-1.214445109999667122e-03,1.152603511155734090e-01,-9.469969289618517458e+07
7.134040065411530705e-03,6.917807095601312406e-02,9.268676296420214176e+08
-4.315280303604447469e-03,2.363863234340815578e-01,-1.640730620667054653e+08
-7.755385161916599976e-03,4.698641842351682085e-02,-1.483479836969553232e+09
1.815656323410280238e-03,4.775475110837912318e-02,3.417178607774785161e+08
6.695853401375627401e-02,3.108547166049546034e-02,1.935972097556144714e+10
-1.455071117180101832e-03,1.812713174170196562e-01,-7.214491854817095399e+07
6.338148941363190569e-02,9.587223876332827688e-01,5.941829559149687290e+08
-2.164800961999080366e-03,7.155183084446208042e-02,-2.719241876319192648e+08
-6.698845738965125349e-03,2.303767073544531196e-02,-2.613436958320587158e+09
2.762664967865769480e-03,9.381088574284017767e-01,2.646827282038067281e+07
-4.251776573342728842e-03,2.145478176662680980e-02,-1.781135467176773548e+09
6.985259620183621732e-02,2.111423351797789005e-01,2.973430897940660477e+09
-2.936282385865053579e-03,3.133893368328488638e-02,-8.421010770839484930e+08
-8.404162420241370959e-03,3.778431115139091467e-01,-1.999095522411517203e+08
-1.570621727034094903e-02,1.805524590520585920e-02,-7.818416666383106232e+09
-5.676851471283990425e-02,1.909852818848406519e-02,-2.671518892926001358e+10
5.792763810019143159e-03,1.276834307347413620e-02,4.077574422065189838e+09
-2.902118900414501698e-02,5.357124799537525683e-02,-4.868935889564282417e+09
-1.743456676213877860e-03,3.307781913947733243e-01,-4.737234789127925038e+07
1.097676851687728276e-03,1.636246497116948528e-01,6.029431898246539384e+07
5.607590442059252021e-03,1.498626094056515756e-01,3.363052251047511697e+08
-6.683641098952254611e-02,2.561498279991291649e-01,-2.345144840212018967e+09
9.070270447423917082e-02,3.147046756141236995e-02,2.590404939655231094e+10
-1.146789170201708251e-03,1.734205226369563146e-02,-5.943382902855310440e+08
-1.331086269564927052e-02,1.960705599557552650e-02,-6.101609826733681679e+09
-5.756260120260002500e-02,6.340588471408677984e-01,-8.159460845038241148e+08
3.807103859999838753e-03,8.094654487373152962e-01,4.227143849280386418e+07
8.230804993861313978e-02,2.048591296762091452e-01,3.611084136648256302e+09
6.090055692422675221e-03,2.040779747788539628e-02,2.682104820758471489e+09
-2.251332586966412613e-02,1.683831523760330739e-01,-1.201687766761629105e+09
4.858207636562628801e-02,2.553139218157826629e-02,1.710220838611284637e+10
-9.862451539080673707e-03,6.247612439288066088e-01,-1.418800783527771235e+08
1.789498062299392858e-02,3.418923891518610425e-02,4.704271925188126564e+09
1.329126336477715574e-02,1.378362449596567951e-01,8.666693715651493073e+08
-8.888044102874627372e-02,6.437548895121489312e-02,-1.240898554334159279e+10
-2.892211094753062602e-03,3.358102219462225091e-02,-7.740815108390381336e+08
3.882274890837271366e-03,1.089453377820941149e-01,3.202788435252260566e+08
-1.523707459140509913e-03,4.784427989728040620e-01,-2.862346391877621785e+07
-1.598752371515116139e-03,3.188393747496082731e-01,-4.506712682078601420e+07
-6.288750525639874578e-03,4.759277315625389804e-01,-1.187610349908492714e+08
5.877044609333638772e-03,6.010867523069713947e-01,8.787643887097726762e+07
-1.090578553627267111e-03,1.989114629193279860e-01,-4.927739711195480078e+07
-2.243403051172736338e-03,5.131986842027488338e-01,-3.928912803013273329e+07
1.314905056038232324e-03,2.128803266739729416e-01,5.551489026122856885e+07
-3.555112718423602408e-02,6.242077837246493566e-01,-5.118878406249150038e+08
-1.083038178856251914e-02,6.800825183324461509e-01,-1.431306928155663013e+08
7.010235754248075879e-02,7.383721265040631143e-02,8.533121867298854828e+09
1.390332053863572830e-02,6.288796648484925589e-01,1.987017087985414863e+08
4.946699940699850889e-02,2.260320785537205807e-02,1.966962621832246399e+10
-1.153375085129556762e-02,2.538424688320812389e-02,-4.083728876114318371e+09
5.933402006097893838e-03,5.819132724820977876e-01,9.164233148418360949e+07
-1.009742575587556238e-03,5.652030005152214320e-01,-1.605671977993577346e+07
-2.755013499927702267e-02,5.168822724673629437e-02,-4.790520601979852676e+09
6.743328905212310487e-02,1.959256225782988331e-02,3.093383222527134323e+10
-9.288144304650224059e-02,1.653654108988650631e-02,-5.048180770289267731e+10
-7.814296979608384430e-02,1.846600181838641552e-01,-3.803361944692284584e+09
6.936067016170883830e-03,4.060951800696339931e-02,1.535097852264089108e+09
-2.418910458850282927e-02,2.580279414917666103e-01,-8.425655012015804052e+08
-9.349072972420428840e-02,4.404641575720277119e-02,-1.907693474385167313e+10
1.564267996847417807e-03,2.342153660903373569e-01,6.002696618218328059e+07
-4.075938416540494935e-02,8.431628256630508966e-01,-4.344769902795402408e+08
-2.852754147671618737e-03,8.713224721329969336e-02,-2.942632646144067645e+08
-6.555329277192142867e-02,1.364024353556196785e-02,-4.319395836738562012e+10
5.357947234271856311e-03,1.610822089155488843e-02,2.989520075628810883e+09
-2.570553990441633643e-02,1.942728135117224308e-01,-1.189228527214291096e+09
-5.699513059144756255e-02,3.151675035043604439e-02,-1.625350165482230759e+10
1.278694917590551816e-02,2.906478841154864698e-02,3.954124975326491356e+09
7.667681322732962379e-02,1.401638720573025187e-01,4.916755210438424110e+09
1.522446993862889989e-03,4.292271454044013224e-01,3.187906823422630131e+07
-1.009792815681447107e-03,4.067776038537991301e-01,-2.231135061786168441e+07
-7.324600329800529455e-03,5.417795969458863992e-01,-1.215099675154914707e+08
5.158231843391759830e-02,2.554383235605000579e-01,1.814953159636354923e+09
1.612928402029665436e-03,1.520040563527026434e-01,9.536972496787448227e+07
9.193185076319505822e-02,3.048471945447255860e-01,2.710406430805920601e+09
9.168847331762913083e-03,8.762677291896079357e-01,9.404344759715461731e+07
-4.534362500242776137e-03,2.649863633548612540e-01,-1.537953944372538626e+08
9.665363389870210500e-03,1.388091434668602304e-02,6.258218626531165123e+09
-1.831853684528467890e-02,2.358236859558898724e-01,-6.981584158472180367e+08
-1.082336509476341906e-03,4.832766399036628746e-01,-2.012876471816163510e+07
8.527325645794578066e-03,9.313777769184512778e-02,8.228820623445444107e+08
-1.714516236137140007e-02,2.550960225483930310e-01,-6.040717602026238441e+08
1.591405562047655542e-02,1.746300639917284514e-01,8.190538890682471991e+08
-2.797376632499510435e-02,5.890005196416440159e-01,-4.268604158490254283e+08
-4.179494225410310820e-03,4.566674369251295107e-01,-8.225727210150432587e+07
-4.574726695246277529e-03,1.935399177824770334e-02,-2.124443666824023962e+09
-4.949929347506667153e-03,3.112240733181612096e-01,-1.429474577185057998e+08
1.817686137900833545e-03,7.545044500015793965e-01,2.165248308412233740e+07
-1.491473575567962839e-02,1.134077899461236570e-02,-1.182015834771004295e+10
-5.458835876125831162e-03,2.524063006439431489e-01,-1.943795013860564530e+08
-2.096125088657094931e-02,5.195409807656259371e-01,-3.626168697393668294e+08
-5.547629708828077065e-03,3.073744824367362072e-01,-1.622147244267117977e+08
2.228446262427593357e-03,2.516083637858425037e-01,7.960268387836351991e+07
1.881797246370116652e-02,6.669257662518082164e-01,2.535980738297680318e+08
-1.172081590616441769e-03,3.202202486988311309e-02,-3.289725585928126574e+08
1.793346066908722836e-02,1.159814940395271499e-01,1.389715892611422539e+09
-2.033898823833783440e-02,2.334831313469964628e-02,-7.829327398551001549e+09
3.217089705085651036e-02,1.329375900006133093e-01,2.175033688295380592e+09
-3.526037454071005283e-03,3.272646090334714319e-01,-9.683636906992486119e+07
7.492841145612178649e-03,3.035283428344758352e-02,2.218696472185717106e+09
-7.954924529245021442e-03,3.112621249871498907e-01,-2.296996873148013055e+08
-4.828739130656296841e-02,2.992449351075692210e-01,-1.450299019797049284e+09
-3.771930280790567608e-03,6.392518999537435964e-02,-5.303251794831942320e+08
2.049300730826911134e-03,4.600115823342804805e-02,4.003939868902889490e+08
1.894788185265620928e-02,5.924703604788332800e-01,2.874383145504021645e+08
-3.647260792789778962e-03,6.065975359044248894e-01,-5.404018095934392512e+07
-5.354948158472361101e-03,1.411682816101962334e-01,-3.409327808496371508e+08
8.141688325693337974e-03,1.663818106650136533e-02,4.398040710654099464e+09
7.003557731374710459e-03,1.338231087014351006e-01,4.703684860558163524e+08
-1.886567687203185000e-03,4.085727454020487287e-02,-4.150052751983765364e+08
-8.540625785480139565e-02,2.907186331692575010e-01,-2.640386134948762894e+09
2.612936748489468053e-02,8.247313677040375712e-02,2.847521438108478546e+09
-1.421780519331446212e-03,6.066601281803684492e-02,-2.106384863206456304e+08
-2.826243995903616937e-03,4.072000619386854231e-02,-6.238101482881699800e+08
-4.662802787290935315e-03,6.206001572264615435e-02,-6.752829499527814388e+08
6.040135230006313770e-03,2.418982894123017924e-01,2.244215114948005378e+08
1.853211945858877774e-02,1.175206215493578704e-01,1.417299486063990116e+09
-3.802507249484100849e-02,1.253871511060826796e-02,-2.725634602546463776e+10
-2.514554683704491034e-03,4.539620109470893922e-02,-4.978427555253519416e+08
-1.492941836240887967e-03,3.546345799234690982e-02,-3.783662806352938414e+08
1.927837035199831198e-02,5.085663627024061134e-02,3.407009193985949516e+09
-1.055935902382199596e-03,6.529843907674753867e-01,-1.453400732976386510e+07
-5.154450756416595336e-02,9.873870247254024068e-02,-4.691865970271348953e+09
-1.941812503056297799e-03,4.575438969469262235e-02,-3.814390434839447737e+08
-7.215016544214090943e-02,1.088373703963923522e-01,-5.958129101157479286e+09
-2.519273031113842230e-03,1.304359732482027884e-02,-1.735915067811484337e+09
1.824950591238976363e-02,3.184311290211705447e-01,5.150936695959694982e+08
-7.009574180745035445e-03,2.690308373990839969e-02,-2.341748178222900867e+09
3.896413179322490150e-02,1.701885050409349676e-01,2.057715829827054977e+09
-1.162737498581278969e-03,2.574896903301389720e-02,-4.058564498967055082e+08
2.647579681661680825e-03,1.530408609530155284e-02,1.554863460297146797e+09
-3.391807905770701653e-02,1.739866182435952785e-02,-1.752128765070785141e+10
2.215686749647397674e-02,2.030397687988464150e-01,9.807941541158430576e+08
2.815394957443293194e-03,9.517966446603579600e-01,2.658555782967767492e+07
-4.747699880224368063e-02,5.101851738255677171e-01,-8.363846282783862352e+08
5.772256917283039718e-02,5.850571797276959973e-01,8.867433860495858192e+08
-6.643516802545474005e-03,6.132183799831917442e-02,-9.737186596618711948e+08
6.755721446355525406e-02,3.194520205071147423e-01,1.900713736173861265e+09
-4.183650930336862798e-03,6.244407505062388175e-02,-6.021640480995775461e+08
-7.832545985210609407e-02,2.815428411073050419e-01,-2.500397654293085098e+09
1.262830799468314842e-03,1.268883999947175989e-01,8.944866488073350489e+07
3.586538231889686151e-02,1.025163650351783168e-01,3.144364498405773163e+09
-6.815668600760532887e-03,4.751579633657965207e-01,-1.289202300060383230e+08
5.616542021222539760e-02,3.023317496304688268e-01,1.669690105011669874e+09
-1.106531639192129095e-02,2.512567910212773481e-01,-3.958190078015271425e+08
1.195136271018857384e-03,3.822771655723420925e-01,2.809892389500423148e+07
-3.400495194851162195e-02,1.030195910029672000e-02,-2.966695429033350372e+10
6.796520925039213103e-03,1.403695605481826147e-01,4.351753992111557722e+08
8.360470182801721731e-03,1.817692144748907918e-02,4.133909742668886662e+09
5.302466941876563325e-03,1.229793189271335269e-02,3.875221262834522724e+09
8.426177721619813876e-02,4.073080458679059768e-02,1.859337566908609772e+10
3.866778489286527495e-03,4.271167417732860822e-02,8.136793931835089922e+08
-1.111901235849366287e-03,1.150067441194109821e-02,-8.689474691952593327e+08
9.592125563652459386e-02,2.517702048262041373e-02,3.424215905867905045e+10
-1.908864961920434672e-02,1.454903127919387196e-01,-1.179211611921948671e+09
7.671561217504857533e-02,3.276544506202446194e-01,2.104351587157497644e+09
1.994950923701146669e-02,6.417308826797213372e-02,2.794022473062317848e+09
1.528189803751466317e-03,1.710160707319265463e-02,8.031395116081212759e+08
5.730560998299084018e-03,5.067432093819407291e-01,1.016388682163331807e+08
-2.123787227207008660e-02,4.375700065303012587e-01,-4.362285418642817736e+08
-9.189604639819261289e-02,4.591796202810375510e-02,-1.798725290967531586e+10
3.837771078920117641e-03,5.912951448102678198e-02,5.833448540214565992e+08
2.788894615186099032e-02,2.363676308835856860e-02,1.060461045122130394e+10
-2.107479556013775249e-02,2.156726610695407220e-02,-8.782514830041509628e+09
-2.345616276121333717e-03,2.497614389143379757e-02,-8.440772538695269823e+08
6.554903895037437339e-03,5.616693953038627563e-02,1.048905074888225317e+09
-4.387971681096928915e-03,1.923695116681600412e-02,-2.050114852031041861e+09
-1.922489695826246764e-02,5.370512248163408775e-02,-3.217354588788356781e+09
-1.399259217808388866e-03,1.999266018097601780e-02,-6.290399246424195766e+08
5.650006190496034697e-03,9.633983654846038913e-01,5.271007532556259632e+07
-7.842159095970335433e-03,3.479245779402048155e-01,-2.025821415939788520e+08
-2.649007898076162840e-02,4.462378816602421416e-01,-5.335405549955652356e+08
-4.299939595190858423e-03,1.180961353803400976e-01,-3.272482156678297520e+08
-3.984719798737012576e-03,6.921525904528860185e-01,-5.174239861641940475e+07
2.124166967856599801e-03,1.062394934797781382e-01,1.797021519686690569e+08
-2.544826244067833337e-02,1.940533044745264835e-01,-1.178657734948135614e+09
-2.682838521342422594e-02,2.452218573077244099e-02,-9.832998533356801987e+09
1.038475086472540748e-02,1.030079214975993390e-01,9.060998872499589920e+08
7.019901735271551202e-02,2.926600779658821150e-01,2.155848148990192890e+09
1.842988931161511704e-02,3.186107129384954662e-02,5.198918039061804771e+09
-1.605316879878422934e-02,2.544057843275442932e-01,-5.671323348971515894e+08
1.398665215538286155e-02,4.698422743510643346e-02,2.675545262842505932e+09
8.505130593209477702e-03,4.020804869005440429e-01,1.901159734521732628e+08
-2.399835587964739732e-03,7.111409846685054492e-02,-3.033027855678915977e+08
2.348446827983118393e-02,1.575615533482180031e-01,1.339618375846724749e+09
-3.487363066979221049e-03,7.378381596604997872e-02,-4.248021144390787482e+08
9.795517940013594160e-02,2.190808124109619170e-01,4.018589821841009140e+09
2.857548349344675442e-02,3.065234683733837617e-02,8.378773966084495544e+09
-6.406478404547537309e-02,3.429981444931387569e-02,-1.678719805312496567e+10
-1.096283815206332973e-03,1.399069535145165133e-01,-7.042621058135789633e+07
6.180131383468298947e-03,1.257255750351181540e-02,4.417989664555179596e+09
7.000065479403422102e-03,1.539761594186948579e-01,4.086008237603290677e+08
-5.501121872223906258e-03,5.819981673455795201e-01,-8.495330274497905374e+07
1.061862007591643899e-03,4.600586242483709065e-01,2.074462193706518412e+07
-1.440380072420151909e-03,7.206487248537915002e-01,-1.796404358635289222e+07
-2.286156268669580285e-02,4.802639499701676917e-01,-4.278352292956969142e+08
-1.147619448178389045e-03,2.322796838974161004e-01,-4.440555387361738831e+07
-9.324484776359996674e-02,7.536624055981677728e-01,-1.111984184355732918e+09
2.316180539120893042e-02,1.201659258564335107e-02,1.732374129948482132e+10
4.827573730312481430e-03,1.066304737206368383e-02,4.069098426977094650e+09
3.410130476989938798e-03,3.768866659670728758e-01,8.132252259037786722e+07
2.774257838891314078e-03,1.217883970086673789e-01,2.047347327410051227e+08
-3.064754888275153348e-03,5.208109320424740840e-01,-5.288911172305426747e+07
9.357768756182345549e-02,2.421827224893271374e-02,3.472799979714769745e+10
2.407287853609689585e-03,3.997735549507802078e-01,5.412084650022733957e+07
6.119206171370412256e-02,4.350055302455858586e-01,1.264302294322000504e+09
-1.592707459832006737e-03,4.084994646919740680e-01,-3.504250474067705870e+07
-6.408500371030093935e-03,3.244564735384287968e-02,-1.775213486124155998e+09
-8.501389195021120601e-03,3.426930499650346351e-01,-2.229642429507743120e+08
1.208103040807670045e-02,1.062015666487921423e-01,1.022406666112321377e+09
1.026214241869138032e-02,5.068219278669378741e-02,1.819840220989151001e+09
2.609472052836825460e-03,2.856075103309800856e-01,8.211710778489907086e+07
-8.160944636404451891e-02,2.935000280496078418e-01,-2.499095789874580383e+09
-6.430328888663171261e-02,4.029937441714342983e-02,-1.434120024907231712e+10
-4.154292816871390376e-02,3.142762995895685696e-02,-1.188053757117099571e+10
-1.919478575251666250e-03,7.379895957464964462e-02,-2.337672393897087574e+08
4.829311008919545851e-03,1.342935282676075218e-02,3.232069635896175385e+09
-2.415361476042962845e-03,4.849210301284661573e-01,-4.476738580622520298e+07
1.395573993774694042e-03,2.721422217954953815e-02,4.609009041833706498e+08
-4.268205771688957095e-02,1.637285302133117959e-01,-2.342996306037574291e+09
-1.530686328731502462e-02,7.300857698484770619e-01,-1.884355926954135895e+08
-1.336372553323473926e-02,9.077210566912997936e-02,-1.323200802926044941e+09
-1.446751551285534176e-02,8.321180883134857709e-01,-1.562642429882574677e+08
-3.909357275779742208e-02,3.479886085405718005e-02,-1.009696738066846085e+10
6.744930846094824954e-03,6.469123996497973261e-02,9.370928929412928820e+08
1.532916855550461475e-03,3.269365816814924219e-01,4.214108377128806710e+07
-1.344465563784319299e-02,7.052169121406596242e-01,-1.713474251114941239e+08
5.688805914784354940e-03,2.403977780429159689e-02,2.126871669032567263e+09
2.478967320898287779e-02,1.221115685721902849e-01,1.824587142147121906e+09
-2.479695615771041004e-03,2.094258499457904710e-01,-1.064188853712549210e+08
-3.968622436798271806e-03,1.803667044823445698e-01,-1.977579864195808172e+08
1.050697175960015918e-02,9.765441742584867191e-01,9.670218559258523583e+07
2.308169197686051055e-02,1.751074048159111454e-02,1.184714619802024460e+10
-8.547836632677370539e-02,4.000625261942928473e-02,-1.920343671958763123e+10
-5.059636441162854853e-02,6.509105283848627688e-02,-6.986322571224921227e+09
3.143286470391106618e-03,3.793372295529996718e-02,7.447476019682694674e+08
-3.080226386768118718e-02,2.439024624577184608e-01,-1.135055428961325884e+09
-9.328930500728194186e-03,2.475763521144296042e-01,-3.386673397776048183e+08
-1.581286071851070729e-02,2.730304449453458196e-02,-5.205350611145396233e+09
4.471924825272270004e-02,2.873044923891195923e-01,1.398951620887176514e+09
-1.439917736663079949e-02,3.752344229961541988e-02,-3.448939904202590942e+09
5.889032802746099401e-03,7.985848575460192944e-02,6.627862967824394703e+08
5.786107582666399907e-03,1.845925815855682661e-01,2.817233727639788389e+08
-4.841032925074961746e-02,2.054246918976026723e-02,-2.118049035998200607e+10
3.449797310194842575e-03,2.339983143072669330e-02,1.325047566222270489e+09
-3.242308982335975753e-03,2.586498827782516274e-01,-1.126659626696793586e+08
-3.362932927536979848e-03,1.235204101404318577e-01,-2.446978192071148455e+08
-2.266896002319240735e-03,9.561865713666239941e-02,-2.130784724724868536e+08
-1.880207234493979848e-02,1.108529328321389840e-01,-1.524435837819766283e+09
4.012307191745139584e-02,7.674976593503228806e-01,4.698591999879034758e+08
5.800635182380382837e-02,1.258733214926381627e-01,4.141831992493885517e+09
1.430930004481423268e-02,1.124318391858258603e-01,1.143877963768977165e+09
4.484368440655988122e-03,1.758794245461460862e-02,2.291589743693076611e+09
-1.287451951318536536e-03,3.603968565321558071e-02,-3.210706844415531754e+08
1.548489908080713387e-03,1.043172508262339183e-02,1.334144482472645521e+09
6.947733932100905174e-02,2.963051701009878150e-02,2.107436839124727631e+10
-1.340518951856840141e-02,2.804649240538766367e-02,-4.295809578746741295e+09
-2.484200951109669965e-03,1.967043220127524111e-02,-1.135072075911559343e+09
-1.702441285095655701e-03,1.605621059492806646e-02,-9.529710448037365675e+08
-6.940097544747436675e-02,4.060417615282460035e-01,-1.536191966854257822e+09
4.691373025506860583e-02,2.691349677620491834e-02,1.566680568652843475e+10
-2.221944001787268686e-03,2.547746156841012438e-02,-7.838402717662508488e+08
4.135034890274037062e-02,2.936507599011287106e-01,1.265606415539027691e+09
1.388503483191730337e-02,2.590367985728839750e-01,4.817659788080446124e+08
-2.217826391642906125e-02,2.071254184295424211e-02,-9.623759619363130569e+09
1.609894402613810949e-03,3.242615639000909211e-01,4.462236001399789006e+07
-1.124974442578999083e-02,1.043821998083399594e-01,-9.686498807061507702e+08
-1.365634986754914355e-02,4.413956979374834555e-01,-2.780719337005643249e+08
1.822018851568768744e-03,1.702668997940151030e-01,9.617744949177014828e+07
-3.806703036137829704e-02,3.709201504101632962e-01,-9.223997776578359604e+08
-1.121007967553204129e-02,1.374139002343383598e-01,-7.332104587759257555e+08
9.492357447494907327e-03,2.096433936508581772e-02,4.069523125994018555e+09
-1.802225090855383988e-02,2.241017443175162827e-01,-7.227937908835830688e+08
-7.761299985819394148e-03,3.612865318020599265e-02,-1.930782332476324797e+09
1.567626119508754717e-02,1.702366621116573053e-02,8.276372214092432976e+09
5.273801742912522655e-02,3.011460438068556608e-02,1.573972918093903351e+10
-8.440044308918019655e-02,1.998274458310263235e-02,-3.796122404422257996e+10
4.656341552041034018e-03,6.299991563393946281e-01,6.642865812109372765e+07
1.018002670119340066e-03,1.381574197635327891e-02,6.622551156410619020e+08
1.242913552441217559e-03,1.633968527229519019e-01,6.836720962409007549e+07
1.557264028305671566e-02,2.847764572065483168e-01,4.914833245574041605e+08
9.131298808170727754e-02,9.931886923541907719e-02,8.263259785772871971e+09
-1.379976837918802518e-02,6.316970670814882338e-02,-1.963421556934924364e+09
-2.767745185697726915e-02,5.026245384099150559e-01,-4.949177559402326345e+08
8.499177521272288649e-02,3.789189033520224542e-02,2.015956919018321991e+10
3.184365466417971025e-02,5.240791100555163007e-02,5.461056564066666603e+09
-2.822582088204817711e-03,9.871567782996071294e-01,-2.569869485428821295e+07
-4.454152045996391876e-03,2.052366435385440113e-02,-1.950566462150096178e+09
-6.933631816233014333e-02,5.609664225989598879e-02,-1.110898877608834839e+10
-4.850339415804575532e-02,1.975237760620913996e-02,-2.207005266665728378e+10
2.621216915533639696e-02,1.498696972376305052e-02,1.571953700123905373e+10
9.801422013768438385e-03,4.490929937471649924e-01,1.961568267871349752e+08
7.406761076654480060e-03,4.199943028886542890e-02,1.585022949093081474e+09
1.698968587061766740e-03,2.303264783582090885e-02,6.629672879813596010e+08
-4.572824863108390647e-02,5.361290697671170502e-01,-7.665947325240100622e+08
1.977482853365735566e-02,4.886310040409309607e-01,3.637326820158236027e+08
2.632162922183247517e-02,1.473674209634600815e-02,1.605321057038195801e+10
2.694731622700196217e-03,3.370578689282166529e-02,7.185577313873498440e+08
-2.619320109902913227e-03,8.352395932956399593e-02,-2.818565439116770029e+08
-1.186478138721899604e-02,1.972755762185405756e-02,-5.405514521129999161e+09
1.857570818379889258e-02,6.886634868810906918e-01,2.424314399407699704e+08
-2.814431584796514563e-02,2.026369501240853632e-01,-1.248310645121749163e+09
5.875638763574485626e-03,5.262094934980983130e-01,1.003568512506471425e+08
-2.089601878290983736e-03,4.487463452776686845e-02,-4.185171350731526613e+08
-1.086379587944739065e-02,1.442624012986349659e-02,-6.768291556524558067e+09
1.895465178464668041e-02,1.377554535796745860e-01,1.236680826894639254e+09
-4.249211142086132403e-02,1.866556276988411422e-01,-2.046057532822891712e+09
-1.064338086969323326e-02,8.781751313274083204e-01,-1.089303972678191215e+08
-9.085267134313775028e-02,3.659813543837793226e-01,-2.231153035679093361e+09
-2.645003220217663920e-03,3.857288454868260663e-01,-6.163036021058401465e+07
1.773309437139781661e-02,1.623713389103118021e-01,9.815801600718357563e+08
2.132955689261677515e-02,2.141339579389388570e-01,8.952553136010365486e+08
2.376446644880127104e-03,4.115014881344180031e-01,5.190477064526896179e+07
2.752429424690637505e-03,3.587002456118715821e-01,6.896601563698734343e+07
-5.102581351027396517e-03,2.450495406027813211e-02,-1.871486346765086174e+09
3.698537850217038792e-02,1.780051932284598404e-01,1.867445830765047073e+09
2.561194794810047349e-03,4.837952502943553279e-01,4.758078781315676123e+07
-1.562068518662531116e-02,2.170944229175871820e-01,-6.466987648760672808e+08
9.155223710209919874e-02,2.366695619571711554e-02,3.476779691865077972e+10
-5.344977496994707429e-03,1.838764720084257176e-01,-2.612584446237911582e+08
2.926914781071401558e-02,8.989052622291034966e-01,2.926488173511853814e+08
4.372964202586235131e-03,1.138537004405013216e-02,3.452068381732305527e+09
-3.181046864143555631e-03,1.010792239895608700e-02,-2.828516956268392086e+09
-3.246621591810525814e-03,2.291778191731009412e-02,-1.273238342440306187e+09
-1.940395323107332523e-02,1.016297604470512012e-01,-1.716010479140280962e+09
8.157169767575423933e-03,2.288062567067957603e-02,3.204219235484508038e+09
-4.306499700107522394e-03,3.338625413518316043e-02,-1.159330722072560787e+09
3.903519191254525064e-03,2.216250700261079495e-02,1.583026012743359089e+09
1.792243213260538703e-02,9.086965263290432138e-02,1.772673265528171539e+09
3.533888148795538611e-03,2.345119801452928351e-02,1.354373301797000170e+09
-2.794343798213280543e-03,2.932219664968432893e-01,-8.565129905368486047e+07
-3.466351646918653523e-02,3.378404413944366969e-01,-9.221712970007433891e+08
-9.929675981151259156e-02,1.024332474997185355e-02,-8.712539374631336975e+10
1.519627758351038390e-03,3.151711368329797591e-01,4.333525915767596662e+07
-2.995669494723493791e-03,2.397975995615913847e-01,-1.122792967783550769e+08
3.809310330551619276e-03,2.097220521291082510e-02,1.632498813061814308e+09
2.355134490688546699e-03,8.555082923068287881e-01,2.474241617466348410e+07
1.195275133085457568e-02,8.134310541747244994e-01,1.320680466226290464e+08
-1.896266921248498591e-02,1.068173896702873278e-02,-1.595541581241164970e+10
4.390765431165842211e-03,2.656817384217560196e-01,1.485351196336095035e+08
3.776895736825020000e-03,1.307135414060490997e-01,2.596958641971893311e+08
1.222699711118575751e-03,2.796759637447077812e-02,3.929300872121980786e+08
-2.416857648211099066e-03,2.295229207430334595e-01,-9.464019532812872529e+07
-1.189898664479270649e-03,5.430714027057523263e-02,-1.969262728687695861e+08
-1.354683076522353096e-03,1.494368028843608975e-01,-8.147619824486093223e+07
-1.462067778221695646e-02,1.071250521650118914e-01,-1.226668118424511671e+09
3.917771785697793385e-02,6.297535279524588137e-02,5.591381735510840416e+09
4.712405774748102544e-02,3.441283497213593612e-01,1.230758506267158747e+09
3.217345151173681139e-02,9.550243468291934323e-02,3.027846321286621094e+09
3.503171020046139464e-03,5.399411367513552024e-02,5.831302099676541090e+08
-1.851450222544115225e-03,6.561119840732937414e-02,-2.536206949562986791e+08
-3.713580831579821329e-02,8.439517752301492481e-02,-3.954812231751934528e+09
6.916332593859571623e-03,1.122024494535967150e-02,5.540183505065196037e+09
2.764230339829507749e-03,3.090058208499550998e-02,8.040039590621151924e+08
1.496428601316663817e-02,3.618873566534189234e-02,3.716492051518061161e+09
7.029842155772257628e-02,8.635475499849400161e-02,7.316610495495561600e+09
-6.288815508552701716e-02,1.069038551413498128e-02,-5.287204465747566986e+10
5.845011535864883499e-03,1.120976834462945465e-01,4.686399987613662481e+08
2.930537686195558694e-03,1.599720403500820565e-02,1.646470087566781044e+09
-5.639167729906744558e-02,3.290456328653354467e-02,-1.540314839606429672e+10
5.063413193278429314e-02,2.513355484414098173e-02,1.810673178565774918e+10
-8.872278955844795090e-02,9.824176783279069125e-02,-8.116889572756671906e+09
7.479999254485425984e-03,5.021542592880631067e-02,1.338797899095247269e+09
1.368432762492926159e-03,1.280560745523921622e-02,9.604480893219265938e+08
3.410122643659180448e-03,2.626851516735513245e-02,1.166769564548864365e+09
-9.794160115146188783e-02,7.243561034617224115e-01,-1.215250179996621847e+09
2.084791216641800754e-03,3.665746387934202266e-01,5.111528324444720894e+07
4.669269202824478937e-02,1.362016226404471342e-01,3.081181277803256035e+09
4.050678109126953398e-03,1.569684938633682525e-01,2.319347701438725591e+08
1.917535918081290230e-02,1.860937401594510432e-02,9.261095474000896454e+09
-3.590121838526431908e-02,1.404634447578529018e-02,-2.297187745986013031e+10
-8.672366031617003215e-03,8.109492919154316359e-01,-9.611574114088992774e+07
-1.005322787997662247e-02,2.390217080415466266e-01,-3.780235008609620333e+08
-4.714740720615719083e-02,4.025027655869515414e-02,-1.052784698186997414e+10
-1.245930490652327922e-03,1.917985506991871647e-01,-5.838470783432706445e+07
-1.678598439596568070e-02,4.927565770448212867e-01,-3.061716704499831796e+08
-9.161040883386300376e-03,8.365333610616614290e-01,-9.842652995842325687e+07
-1.435961841021965793e-02,9.234144555506934582e-01,-1.397644914513285756e+08
-5.394508746312678960e-02,1.239280671211735740e-02,-3.912306252943190765e+10
-4.750099328103244908e-03,3.087726206962341374e-02,-1.382657219399425268e+09
1.066975267603716485e-03,8.705159191170780408e-02,1.101610973714544177e+08
2.445020793106975759e-02,3.855800835539509308e-02,5.699261471552737236e+09
-6.130815007225793277e-03,5.495290855111154560e-01,-1.002716465292240530e+08
4.284053371055164365e-03,8.379538269317533539e-01,4.594998799710108340e+07
1.006733718613835645e-03,4.675295304864021673e-01,1.935335155647975206e+07
3.405932105207832433e-02,4.748909505957149557e-02,6.446035765575862885e+09
-1.091487577558337236e-03,3.426336606146291458e-02,-2.863118936931199431e+08
7.152000626769276607e-03,1.035480949929512215e-02,6.207776159871244431e+09
-3.260195839830065667e-02,9.020182131378397250e-02,-3.248471048479332447e+09
-5.392580954124890323e-03,2.043355393671685005e-01,-2.371938275729175210e+08
9.271459657835117232e-03,7.076605216866906078e-02,1.177534833089271307e+09
1.284657274530668671e-02,1.172841432964385339e-02,9.844611880214998245e+09
1.760874985833816089e-02,3.513621203175635449e-02,4.504267797526545525e+09
-1.408311399557481830e-02,2.487896051485342652e-01,-5.087648305944478512e+08
-7.892483484312194653e-02,2.436005282622396295e-01,-2.911964487889393330e+09
4.592683252452806758e-02,1.323461318809372213e-02,3.118931666959689713e+10
6.008421067170049285e-02,6.033829336840615953e-01,8.949895331143532991e+08
4.469075659383134336e-03,1.193506301091439535e-02,3.365453615593489647e+09
1.839248035418891009e-02,2.328817822887027655e-01,7.098317206035372019e+08
-1.701200542770891968e-03,8.435782752367106951e-01,-1.812511388999453560e+07
8.231434511670326915e-02,2.724765511565475640e-01,2.715169909925749779e+09
-1.979425308249238916e-02,1.198418675949880323e-02,-1.484503304463157654e+10
2.777657400962047635e-02,4.918081596208733752e-01,5.076139712700913548e+08
-1.982309254476622221e-02,2.703061264581145193e-02,-6.591225010372485161e+09
5.493382423814914539e-02,2.797752015774660483e-01,1.764742052198973179e+09
-4.632771706808447298e-02,1.177276640250697476e-01,-3.536820272415043354e+09
-5.614838756278923287e-02,8.951725806697508059e-02,-5.637429660156965256e+09
3.495017980206439195e-02,1.268607888658470351e-01,2.476125342043334961e+09
2.263890706968079564e-02,8.129361232323153996e-02,2.502935470634689808e+09
9.108215475643515260e-03,1.177354852021787884e-01,6.953068959983130693e+08
-3.556559947094164315e-02,1.018874869675971961e-01,-3.137327823181385517e+09
2.158696944106889420e-02,6.577480943000221791e-02,2.949732930196087360e+09
3.560309390043170288e-03,6.157806940107372201e-02,5.196516244905363321e+08
5.317445217603501001e-02,1.735222966280736828e-02,2.754218274690606689e+10
3.105071155948520983e-02,4.806331173805838963e-02,5.806420488331300735e+09
-9.291828059957984998e-02,7.871701910763956311e-02,-1.060921238223934937e+10
4.345859711643393353e-02,1.728680006383296122e-02,2.259496703591769409e+10
-1.190459108961183614e-02,1.407756591739845464e-01,-7.600418933983832598e+08
6.570870333810333030e-02,9.294277997014367410e-01,6.354155769030807018e+08
-3.612045500244334684e-02,1.039619034969170748e-02,-3.122695289188610840e+10
-2.250509562628276103e-02,1.825911736671484084e-02,-1.107775359394147873e+10
-9.715394835905610815e-02,5.177871650542416049e-01,-1.686396889720762968e+09
7.487017116091072844e-02,2.687626748428164833e-02,2.503747274713301468e+10
-9.269408039090933429e-03,3.337671075822469524e-02,-2.496083350197628498e+09
-7.009337108070366751e-02,6.651730992142045051e-02,-9.470935710237205505e+09
4.540797998244267691e-02,9.449489117228958290e-02,4.318913156558017731e+09
2.430024287372201369e-03,1.228842467882372384e-02,1.777317514961390972e+09
-5.519792982072231624e-03,1.255818087329527329e-02,-3.950450955788974762e+09
-1.196728123380807075e-03,5.690101683525807669e-02,-1.890279776965060532e+08
-9.355558936672196679e-02,9.270955070380683116e-01,-9.069761793460608721e+08
1.651159445417893848e-02,1.444797939959260695e-02,1.027146800879709625e+10
2.614308714004024391e-03,2.488265556921132327e-01,9.443016767040802538e+07
3.832672531215118583e-02,7.464277370420278890e-02,4.614924104538506508e+09
2.814352669324435632e-02,1.952060702532893710e-01,1.295793562604460955e+09
-2.561421364311798100e-03,3.922351055275715148e-01,-5.869284817489793897e+07
-1.038032218331150398e-02,2.510100816872841700e-01,-3.716809363982831240e+08
-3.742472846600412330e-03,1.322230773284161220e-01,-2.543911600458590090e+08
-7.248097371591352700e-02,9.443456601255530991e-01,-6.898324955785934925e+08
2.433604690920966075e-03,2.086098579702188108e-02,1.048493698749370933e+09
2.677035545337766182e-03,2.725432941212926202e-02,8.828140885435724258e+08
-1.650530229482408823e-02,2.217932793111727363e-01,-6.688453606337112188e+08
-6.936821706355517092e-02,7.609057564130988771e-02,-8.193704188659235954e+09
5.628599575727437354e-02,2.991607818553503884e-01,1.691010531509720564e+09
-7.228381543234933468e-03,3.092228715148817031e-01,-2.100971096860691905e+08
2.185410736364155025e-03,1.778989993186811183e-02,1.104104514071463108e+09
3.790783198647672790e-03,3.268399197129074341e-01,1.042424164637711048e+08
-1.985930159201431885e-02,5.478608390976313913e-01,-3.257949372715545893e+08
-3.071100090193038673e-02,4.592212703614642066e-01,-6.010665967238627672e+08
4.878407984449485701e-02,9.555003651624655037e-01,4.588786783373129368e+08
1.650001400615182245e-02,4.604363124105589206e-02,3.220811914987656593e+09
1.649447219336033776e-02,3.834415414462045979e-02,3.866249524382321835e+09
8.900232455184943492e-02,5.175537975130945628e-02,1.545597720078595161e+10
-1.882355488388608254e-03,2.912339865143931950e-01,-5.809118128297232091e+07
1.458291123826363240e-03,1.164360257365615152e-02,1.125660631032698631e+09
2.449376866160017999e-02,3.169136480367704123e-01,6.946487960675877333e+08
-2.286638969857940178e-03,1.818539406869656636e-02,-1.130122450583932161e+09
3.769894817030145645e-02,8.289558759583760816e-02,4.087412203285354614e+09
-3.935117389130352722e-02,2.315645456910199462e-02,-1.527341823905291748e+10
4.940768272196889577e-02,5.027824162377292350e-02,8.832121260042867661e+09
-9.167495231267712777e-03,1.711307752523580916e-01,-4.814743918422357440e+08
-2.073676652738208961e-02,4.013126476786728625e-01,-4.644177491610869765e+08
1.508256183814563100e-03,8.026675228135791151e-01,1.688845969886920229e+07
-1.908519680926954246e-02,4.037377631077115198e-02,-4.248619994812490940e+09
1.052743814097857264e-02,4.387227238963298942e-02,2.156667466473131657e+09
1.782949760348419288e-02,4.515084802933098107e-01,3.549145569862700701e+08
4.277765411228661580e-03,2.140552632205935668e-01,1.796146151596194804e+08
-2.099980328402403090e-02,6.387135368760885612e-01,-2.955015234033519030e+08
1.049486436227656510e-03,2.994892876361553158e-02,3.149532945043340921e+08
8.252508167106740317e-03,8.075071997440920191e-01,9.185233010536049306e+07
8.169672362077986735e-03,4.995436530854153734e-01,1.469879770057907999e+08
3.963921400206273787e-02,7.895349346163650639e-02,4.512365827966132164e+09
-1.940795119510178857e-02,3.915930007093875731e-01,-4.454463340116559863e+08
-2.878832300770736013e-02,1.738067391390697713e-02,-1.488676639907812309e+10
-3.184275422838928754e-02,2.200184884671729096e-02,-1.300774655415487099e+10
-3.366522648821764635e-02,2.325468298137410850e-01,-1.301133131055738211e+09
2.372556637160230884e-03,2.856774105886339399e-01,7.464338160443975031e+07
7.925912016772450330e-02,1.029593692217948692e-01,6.918851225617938995e+09
-7.275378949856697863e-02,1.608249856313555617e-02,-4.065862768982859802e+10
7.115906982967970008e-03,7.926071602466318311e-02,8.069058971874170303e+08
-8.282292030940631433e-02,2.719809540121739810e-01,-2.736923540865468979e+09
-1.993222600023596136e-03,1.046728784836436776e-01,-1.711481676066512764e+08
-1.547430862304348224e-02,4.153452603162000045e-02,-3.348517813926052094e+09
1.629237456217675142e-03,3.071276274245613586e-02,4.767779033621557951e+08
1.069985452049797107e-02,5.239303994117865404e-01,1.835502132766993344e+08
-2.630626695390623007e-02,2.223884027948632922e-02,-1.063157740760262299e+10
1.594181817078535760e-03,8.925558698043888073e-02,1.605288369720323384e+08
-7.886927742240895656e-02,1.243264456149643059e-02,-5.701576589249253082e+10
-3.858096296901628725e-02,1.651223931618975016e-01,-2.099992324088326693e+09
-2.559206445581473088e-02,3.195605731257301907e-02,-7.197849269557956696e+09
-3.853053314501948129e-02,1.225245226426614591e-02,-2.826393447096158218e+10
-1.774495917179775076e-02,1.422465643545676728e-01,-1.121201930833232403e+09
-4.039159501008120906e-03,3.316681559933389728e-02,-1.094555645605696440e+09
-7.263214761532531087e-03,1.045963054236715983e-01,-6.241129003938475847e+08
-4.195490033050515433e-02,1.153398136876774595e-02,-3.269294670469309998e+10
2.655552204771902472e-02,8.494246111841295688e-02,2.809833731312486172e+09
1.787517015249118560e-02,1.173239857088886340e-01,1.369348512966805220e+09
1.756064174918098991e-02,3.722940440290821162e-01,4.239405051430060863e+08
-3.504401818887957487e-02,2.508403763316832125e-01,-1.255645578594362259e+09
9.125754790310615372e-03,2.326294472450566100e-02,3.525776060549527645e+09
-2.182797742781996710e-03,1.621009188994265021e-02,-1.210259882519151449e+09
-3.633047929962385236e-03,2.401246628305713990e-02,-1.359831125818492174e+09
1.393135558175690597e-02,8.716696737116151894e-01,1.436455110887404382e+08
1.389715014080078817e-03,3.591216392999013740e-01,3.478041766880614311e+07
3.600432871214521730e-03,3.152019256880378983e-01,1.026635964901105165e+08
-1.127586029550839940e-02,6.549460649960629766e-02,-1.547372119922216892e+09
-9.057145803215914739e-03,5.401375419967735514e-02,-1.507084536314211845e+09
2.081576594630719923e-02,1.282056133812416697e-02,1.459271072776823425e+10
-8.808109720200474335e-02,2.291836272981382511e-02,-3.454218020021076202e+10
3.421482789218768458e-03,1.259800439910255809e-01,2.440974386998821497e+08
1.153478491421885792e-02,1.238138421152324559e-02,8.373189468597929955e+09
1.716987150263595734e-03,5.340246961569232731e-01,2.889723712584618479e+07
7.815473621612287550e-03,7.200044861625751191e-02,9.755975871250535250e+08
3.070129557576976344e-03,5.933963857709190909e-02,4.650101412213365436e+08
1.262680790783339210e-02,6.646010757826786852e-01,1.707588227357442975e+08
-3.658833554345272167e-03,3.725390818749629851e-02,-8.827168801839025021e+08
2.120896703086894153e-02,7.510565275442791788e-02,2.538034436269453049e+09
1.059908081515727359e-02,4.563131450229414576e-01,2.087641118496957421e+08
-9.046787277936620131e-02,5.371312588562365126e-02,-1.513786297198644066e+10
1.010237197182574506e-03,5.612226900898158455e-01,1.617851859856024012e+07
1.405593790217383836e-03,8.860828016343450519e-01,1.425726234118098579e+07
1.095348576802388516e-03,3.223533304424941459e-01,3.054012463467648253e+07
5.747140797134116935e-02,1.280756762068338828e-01,4.033070351007022858e+09
1.698820391510100919e-02,1.165042320413008960e-02,1.310558411464603996e+10
-1.292632509908004344e-02,1.085044542646830257e-01,-1.070725450374886036e+09
-2.541157592089934858e-03,1.239108623187570174e-02,-1.843201597071394444e+09
1.926260277572151630e-03,7.048897428285427758e-01,2.456090675099713355e+07
5.189060320441663682e-02,4.228883558439980317e-01,1.102842795523053885e+09
4.346496413653603424e-02,3.008422287528575434e-01,1.298527485170647621e+09
-5.633257545650726013e-03,2.494137953678170760e-01,-2.029970629030226469e+08
1.392809849506910407e-03,8.956087016625018382e-01,1.397732756417385116e+07
-4.531885651029594203e-03,3.043605937302607672e-02,-1.338261977040520668e+09
-4.092922918556953296e-03,3.179157054957104656e-02,-1.157103482923880577e+09
-2.446730338710487000e-03,4.439728894375730706e-01,-4.953136243836712837e+07
5.610604504132215425e-02,2.075426055385952706e-01,2.429701991728125095e+09
8.246153791028892552e-03,3.400978578019301507e-02,2.179205328043297768e+09
2.187602445744488838e-02,2.012220614745453828e-02,9.771099249746904373e+09
-8.125471096764867382e-03,5.929003309605465621e-02,-1.231735547975261450e+09
-1.399200629943063261e-02,5.270985614262723579e-02,-2.385826067703683376e+09
2.203251481626309835e-03,1.041863838521659286e-01,1.900656891122297645e+08
-3.586217501530936189e-03,1.195787380076610840e-01,-2.695462401376125813e+08
2.562154957636164458e-03,9.353530974241122120e-01,2.461956763586468250e+07
-1.821891204757187079e-03,8.341654214276868207e-02,-1.963002598497564495e+08
7.773532727010384891e-02,7.600245715310201267e-02,9.192664632263134003e+09
6.752349585394210908e-03,6.573335811426346542e-02,9.232508526231970787e+08
-1.702350925079326380e-02,1.165239546538472323e-02,-1.313059765190418625e+10
-2.171763436281909723e-02,2.193660426425881327e-01,-8.898027318359682560e+08
1.004384513278311873e-02,6.137769999937437992e-01,1.470753924331090450e+08
4.253795632511612849e-03,5.229708132375172625e-01,7.310545552661606669e+07
-2.906728777031020172e-02,7.100211422165551844e-02,-3.679457981136459351e+09
3.410842299195188804e-02,6.395154876287340029e-02,4.793593380424726486e+09
8.097785533566350530e-03,3.905155115776419439e-02,1.863711134027287722e+09
-1.836970249897499664e-03,1.285725528537647600e-01,-1.284116641216876954e+08
3.569767696663740750e-03,5.134633434158936138e-01,6.248577046925961971e+07
-1.278753604951372164e-02,1.820338844315408100e-01,-6.313719052275780439e+08
-1.914177434950104992e-02,2.565103999404017010e-02,-6.706992687211802483e+09
-9.721767558656550789e-02,2.307286250774578107e-01,-3.786991875406069756e+09
1.227379600905589320e-02,5.865386167101876991e-02,1.880757960738137484e+09
7.205741683317260296e-03,1.240892595264130038e-02,5.219093946688110352e+09
-2.502425555264423118e-02,1.540978192462457916e-02,-1.459537615195954514e+10
7.189117573056039157e-02,5.357628260491367200e-01,1.206017550331434488e+09
5.883926010891683649e-03,2.861506552092136016e-02,1.848089827766054153e+09
9.548334513528021483e-02,6.491630545331932289e-01,1.321978672693476915e+09
-6.583452174363456366e-02,4.288033538895069663e-02,-1.379895282051341629e+10
-7.543689274029727852e-03,2.967882087028866911e-02,-2.284482140429929256e+09
1.277322386587560364e-03,1.455762579124384760e-02,7.886069325830982924e+08
5.429183602796101848e-03,6.697154478042509351e-02,7.286095016990373135e+08
6.946634521103506321e-02,9.293988515872652068e-01,6.717736069921720028e+08
-1.303863577801891473e-02,3.391272493551691358e-01,-3.455573102379656434e+08
4.776735843908135742e-02,6.626221954867266006e-02,6.479117625665561676e+09
1.950432316900519228e-02,4.307720061267387296e-02,4.069434192033576488e+09
3.491832470314394903e-03,5.154570813967417342e-01,6.088516777138663828e+07
-6.238789928757280077e-03,9.262596213244797538e-02,-6.053663110587261915e+08
-9.440655039872472565e-03,6.141815303395056214e-01,-1.381516241580334008e+08
-4.038904747556333608e-02,5.229601208122353073e-01,-6.941377393408857584e+08
7.748715364204908362e-02,2.378696641942269416e-02,2.927799059820004654e+10
1.106051319160525175e-02,1.650280060455756870e-02,6.023768097317087173e+09
-2.424402862939074171e-02,3.356264706747262294e-01,-6.492309278887429237e+08
4.879283347269108319e-03,4.798803837406862699e-02,9.138473564053220749e+08
-6.611307350654240314e-03,2.200210824327120396e-01,-2.700683361297020912e+08
7.875938358777747825e-03,9.236951055119534404e-01,7.663449227321903408e+07
3.137754325375087527e-03,5.986023635721892111e-01,4.711195515811522305e+07
2.848686984298512415e-02,7.583176731138413507e-01,3.376324436194534302e+08
1.366863808837027149e-03,3.494765564378617961e-01,3.515262936905779690e+07
8.868814920847251787e-03,4.979128951188549479e-01,1.600894956129516065e+08
3.887526248461561310e-03,1.378446248540725894e-01,2.534744077186903059e+08
-1.127867240876812699e-03,5.592694266214504051e-01,-1.812539678144532442e+07
2.422508724627694260e-02,1.102362952506920207e-01,1.975110322894886971e+09
1.391561917427965121e-03,2.417105340360866869e-02,5.174371133733178377e+08
-4.447509192743601993e-03,4.179167044082097160e-01,-9.564840719053857028e+07
2.449114505553773302e-02,6.284772219625524292e-02,3.502435666374835968e+09
1.060605026625974050e-03,8.951937383779946800e-02,1.064847127396329641e+08
2.573694514419851143e-02,1.742834252984587218e-01,1.327246315595183611e+09
-1.904733164452554472e-02,1.075239858056544102e-02,-1.592133231197011375e+10
-2.702239041843348261e-02,9.166120625960734181e-01,-2.649651854370885491e+08
8.748677188550813694e-03,2.397713836435087439e-02,3.279409579614624500e+09
-4.677679609047902080e-03,1.201653299364015270e-02,-3.498661348976690292e+09
2.373503436047750756e-03,2.649218009987815148e-02,8.052352610638992786e+08
2.618108857348696011e-03,2.362891868607287227e-01,9.958512447010563314e+07
-1.221257644222236913e-02,9.722683188954861500e-01,-1.128942385900534093e+08
2.865042994196445158e-03,7.092054673097077933e-01,3.630861533439809084e+07
-3.586909290211633041e-03,2.316992523243506172e-02,-1.391381997371304989e+09
2.316717591142644205e-03,1.690986300489896177e-01,1.231355984653111398e+08
1.741891293381617190e-02,2.232309787413392504e-02,7.013215812680094719e+09
-6.154703197045771276e-03,3.502822726691132149e-02,-1.579208867631276608e+09
4.113231265055901364e-02,1.677489487004490132e-01,2.203808934994770050e+09
3.650196045634556113e-03,5.041916778811823541e-01,6.506855100067274272e+07
6.091356634248074747e-02,2.789082303837489007e-01,1.962923232893684387e+09
3.631086293204708725e-03,4.217934619446955802e-02,7.737262740623594522e+08
-2.933313255884422571e-02,2.327142526740714201e-01,-1.132885662604851246e+09
8.796727446779967208e-02,1.180389824752305257e-02,6.698017801486105347e+10
-2.233833017659661926e-02,3.394848953810374881e-01,-5.913993843426964283e+08
-6.169586559541302001e-02,1.265957366998910101e-02,-4.380136044982534027e+10
-3.632821379350446508e-03,6.641862474352662193e-01,-4.915919744935875386e+07
-7.020961536359198417e-03,3.939348486130521132e-01,-1.601853559744390845e+08
-2.986712042453148509e-03,8.924525172842662224e-01,-3.007868548087278754e+07
-3.250536496587549343e-03,8.932317791400043450e-02,-3.270705935332640409e+08
-1.413369511878809215e-02,2.089895611568261813e-01,-6.078294567516465187e+08
3.197130619877060903e-02,3.412145882581367196e-01,8.421382772275245190e+08
8.698855036093888424e-03,1.288115665420601075e-01,6.069568957868384123e+08
-2.974126938309865770e-02,9.057625884939671246e-02,-2.951180280459286213e+09
-6.436214657163087660e-02,3.046901982803171260e-02,-1.898552691904016876e+10
2.236894034842799167e-02,7.521898325847897748e-02,2.672812975569308758e+09
-1.036257330091889433e-03,5.141622252870867715e-01,-1.811415449111008644e+07
-2.862575607702397273e-02,8.318576177352128287e-01,-3.092848069522182345e+08
6.993748509060319224e-03,1.375838488714101748e-01,4.568705614148588181e+08
-4.318608170965554903e-03,1.069580489355492596e-02,-3.628949697335881710e+09
1.433644193885535469e-02,2.075949552353157646e-01,6.206906496236677170e+08
3.048418805180633934e-02,1.100350063167863761e-02,2.489971508267506790e+10
-8.473267921531418834e-02,1.421672004754041818e-01,-5.356759465764927864e+09
-9.061712146506609167e-02,2.074484824880878930e-02,-3.926002920974244690e+10
1.519576486498175859e-03,3.113282225701894876e-02,4.386869254164569974e+08
-2.623713412693813325e-03,3.210820457229293101e-01,-7.344309872977454960e+07
-1.088733397332480000e-02,8.922799973196909873e-01,-1.096657482881385684e+08
3.708944822213050552e-02,1.697814016621929101e-01,1.963409446052652121e+09
2.036772756299204054e-02,1.724874483756415611e-01,1.061293973023589373e+09
-5.748467668090322807e-03,4.085971148039314604e-01,-1.264466755686485320e+08
-8.798543904273448471e-03,5.502168206212849633e-01,-1.437234258880850375e+08
2.008424944736902831e-03,6.724399148621300615e-01,2.684434060257566348e+07
1.915310586446208798e-03,2.402205414632402336e-01,7.166047555664557219e+07
4.158929857170780287e-02,6.812602207606459348e-02,5.486800672461834908e+09
1.565878480684583431e-03,9.208951718883401361e-01,1.528264334877824970e+07
4.122301322110191041e-03,1.815973903675563439e-02,2.040237608035802603e+09
-2.529001928076010305e-02,2.336813120243352859e-01,-9.726930133101831675e+08
7.202025659208527442e-02,3.847949260278470396e-01,1.682193482251482248e+09
-5.426271660473380720e-03,1.079544389813226757e-01,-4.517640269644413590e+08
-5.112765258349289028e-03,1.509081891793449814e-01,-3.045044641899874210e+08
1.018182637563365932e-02,2.593547502808279948e-02,3.528434814223455429e+09
-2.079318532294707755e-02,1.069410822965263103e-02,-1.747539768017436600e+10
-4.091574028206432234e-02,2.722689265855586863e-02,-1.350650402624089432e+10
1.106070065022837822e-03,2.584229732385650777e-02,3.846822416061660051e+08
-4.384213292950176616e-02,5.516749527770168360e-01,-7.142644354594664574e+08
2.025907007448295508e-02,1.001556465323640566e-01,1.818003379407766342e+09
-9.753935744771888294e-02,3.292097933672034071e-01,-2.662917810981195927e+09
1.582586431238912177e-03,8.195009936664512384e-01,1.735675653813742474e+07
-4.210805000540793729e-03,6.725348521871188368e-01,-5.627311458785742521e+07
5.430932524360389604e-03,9.122218257717613632e-01,5.350872051953853667e+07
-3.352137799126750708e-03,1.608889729444417938e-01,-1.872605101755468249e+08
4.875368303442475723e-03,7.632848199963618296e-02,5.740786853573403358e+08
1.638760546548313291e-03,1.797596932773297060e-02,8.193581910039091110e+08
5.772833437799555073e-03,5.607614546413337564e-01,9.252551088686053455e+07
-1.123324952199339323e-03,5.705022464686502343e-02,-1.769695984025872648e+08
-2.044736887425580713e-02,1.309276886011885022e-01,-1.403642628536253452e+09
2.033782669642319671e-02,6.740052709275395904e-02,2.712013629275368690e+09
-1.653865272721673912e-02,5.928898324002543907e-01,-2.507129366374535859e+08
-1.108662079019798359e-02,3.130364007568629814e-02,-3.183134355270672321e+09
-3.817944525476153067e-02,9.244755707758398056e-02,-3.711801925572697639e+09
3.693617721590238684e-02,1.422953481816461030e-01,2.332984540272123337e+09
-6.512358193738327673e-03,8.267083663168410812e-01,-7.080053921555420756e+07
-1.476926302704566858e-03,6.539577116145199598e-02,-2.029830518524944186e+08
3.087938250328329040e-02,8.082002954112559034e-02,3.433999444932209969e+09
-2.417724247805550647e-02,3.557496893300053642e-02,-6.108194462876317024e+09
-4.443966962418140904e-02,5.920672907122784823e-01,-6.746062666811463833e+08
-5.607598253365111279e-02,2.703400391111511827e-02,-1.864305744819258499e+10
-2.553191373523714530e-02,1.710868733426763877e-01,-1.341273354979271173e+09
2.577465692338013967e-02,1.963984007798422471e-01,1.179520693320365429e+09
1.365982191116913748e-02,8.500405788881951752e-01,1.444295297607481480e+08
-1.249961190772931607e-02,8.360102565928666518e-01,-1.343802800450477600e+08
7.204889140558403370e-03,7.803768616539377145e-01,8.298002038701331615e+07
1.325390963140720725e-02,4.470141031483293448e-01,2.664853865336139798e+08
-3.032134857080776014e-02,4.147730865633181829e-01,-6.570350877509986162e+08
5.230232270271975570e-02,1.882793459801716460e-02,2.496714671029793930e+10
-1.732004833744377453e-03,1.058778732773811154e-01,-1.470261242050338387e+08
3.635493146667666958e-02,4.152997336453961852e-02,7.867781602099404335e+09
-4.295191258621476084e-03,2.531662929621030303e-02,-1.524850417593584776e+09
1.373367059816214819e-02,1.086934732618341851e-02,1.135621950060500145e+10
-7.339630151611468978e-02,1.053479011503385271e-02,-6.261795885106185913e+10
2.613211100954243495e-03,2.966701285793658244e-02,7.916829518339966536e+08
3.028918854291030079e-03,6.882370112541151552e-02,3.955489472780278325e+08
-6.231056250551184755e-02,8.537632521421523180e-02,-6.559561864024344444e+09
-2.026583844104510018e-03,2.540795444684614268e-01,-7.168783956183587015e+07
2.257214248170664583e-03,1.217514073791506612e-01,1.666285485040663779e+08
6.552368918533513220e-02,5.520443659462180575e-02,1.066780277659712029e+10
3.139642904240226313e-03,2.048253772947702944e-02,1.377676054757544279e+09
2.848400032027034040e-02,7.288233891605715165e-02,3.512604868197517395e+09
-5.539783220820064871e-03,9.052213630070130024e-02,-5.500328072862086296e+08
1.219630911737336646e-03,4.454837867769045889e-01,2.460634669425912574e+07
-6.549320931785391001e-03,2.163399799271474022e-01,-2.720884493861672878e+08
-3.330985386458761108e-03,2.371850467106916688e-02,-1.262222856515535355e+09
-1.102831886433595443e-03,4.745043562750104194e-01,-2.088909999789571762e+07
7.055146378327796508e-02,1.232755245219741697e-02,5.143749236241347504e+10
-1.661384724832842526e-03,3.214023123744994548e-01,-4.645921146891615540e+07
6.140984349084478711e-02,1.563229274746072150e-01,3.530741557680562019e+09
-2.259005277340727768e-03,2.453350996159334510e-02,-8.275765526652748585e+08
-4.309846375453999477e-03,1.950138311989584039e-01,-1.986309839242033362e+08
1.586793629835350945e-03,4.130115212559323234e-01,3.453097967783556879e+07
7.120020161881343741e-03,7.223283796997336248e-01,8.859254207189540565e+07
8.523304504586347308e-03,8.851576423619047507e-01,8.654420629906971753e+07
1.537573135334254198e-03,5.653472485316130003e-01,2.444393486630992591e+07
4.040934867145078331e-03,4.859200741179120486e-01,7.474250134760446846e+07
8.316114640936744101e-03,1.163997753980884758e-01,6.421240609949643612e+08
-9.996197635933265491e-02,2.758896195560387593e-02,-3.256492573209914780e+10
-4.502570836280731306e-03,2.788415761677026650e-01,-1.451288130753856599e+08
6.549101291532659352e-02,1.099505076472822272e-02,5.353466470333889771e+10
1.522120070733800181e-03,6.127528858192258232e-01,2.232616683176878095e+07
1.614662087128064874e-02,2.568099544161567271e-01,5.650936310659822226e+08
-1.038241384172620442e-03,3.147517992771680095e-01,-2.964699859010715038e+07
-9.021127403948735191e-02,4.139300690576647873e-02,-1.958774577347105026e+10
-2.462815464058370346e-02,6.291815461014849120e-02,-3.518086504666926861e+09
-6.718889955760352917e-02,7.585734728902844559e-02,-7.960686017858445168e+09
5.755694240450841964e-03,2.549467001767099714e-02,2.029078915284196377e+09
-2.427811929757806020e-02,1.803918873427954317e-01,-1.209619159373454094e+09
-7.177971560170194089e-03,1.646661677785529188e-01,-3.917851522285611629e+08
2.325041692559896497e-03,1.334983691465910782e-01,1.565328177707266510e+08
2.881222182014065575e-02,1.153812625943091523e-02,2.244357731602605820e+10
-6.553440541533352148e-02,6.877827215997070476e-02,-8.563843466869215012e+09
2.213710654377448739e-03,2.947974395890338994e-02,6.749129579114221334e+08
-1.139338753828612709e-02,3.151794415573597186e-02,-3.248969291408061028e+09
-4.222231527104740832e-03,2.960146229531738782e-01,-1.281974826127899438e+08
3.478947388669656384e-03,1.735139550320397017e-02,1.802038520700014353e+09
-1.571305212425958345e-02,1.935598056590825955e-01,-7.296187600863193274e+08
1.271025310858254999e-03,1.779955923648791905e-02,6.417938767124178410e+08
1.801598729537473575e-02,3.665119426642678424e-01,4.417947540804169178e+08
6.309454014034074180e-03,9.958047996802295299e-02,5.694665020763006210e+08
6.853359166674299202e-03,5.104805667940927050e-01,1.206632162550853789e+08
8.476558394514781269e-02,3.495409966597066292e-02,2.179576196741102219e+10
-5.612654090065547809e-03,6.529613577981964456e-02,-7.725585710788842440e+08
-5.057379138839037357e-03,2.056576891002223073e-01,-2.210197990165532231e+08
2.199783065514155506e-02,7.657928363634485258e-01,2.581779650248119235e+08
2.286175376075545804e-03,6.039570704496016740e-02,3.402154963256198168e+08
3.028052612851237640e-02,1.681669795888911245e-01,1.618353201057431936e+09
-2.780673596821534380e-02,1.708675711772782158e-01,-1.462651919270076752e+09
3.997010425234251950e-03,3.170028285775381427e-01,1.133242261122987568e+08
-1.844590697154979003e-02,7.698204157370042156e-01,-2.153580984685381949e+08
8.128603366926522023e-03,2.798079250390284739e-02,2.610998006304113388e+09
5.765436793279093974e-02,2.853138698721083277e-01,1.816184434486858368e+09
-1.112706504031785865e-02,1.022969071380999545e-01,-9.776169922528648376e+08
3.309599449976902835e-02,7.512165401134542897e-01,3.959687499000945091e+08
-3.292787131450487358e-03,7.334176468964093143e-01,-4.035180059524679929e+07
-2.969931544401638659e-03,3.120787143822799370e-02,-8.553284331606482267e+08
5.534893308582552324e-02,1.546460235440963796e-02,3.216778184089524460e+10
5.842591004329850124e-03,6.857175549828674332e-02,7.657920194085681438e+08
1.491397748338764862e-03,1.712537735711622267e-01,7.827155311759838462e+07
1.462917694222505907e-02,5.314641498924161933e-01,2.473982007311140895e+08
-1.415070266248230320e-03,1.077373949416031568e-01,-1.180489568323810995e+08
-1.410909006526380773e-02,2.619390981652028327e-02,-4.841158438324934006e+09
-4.029875711476928885e-02,4.726140024505416926e-01,-7.663650413245948553e+08
-1.679643680959189145e-02,1.797606338102639145e-02,-8.397948133621726990e+09
2.081473466069035105e-02,2.176335991921381913e-02,8.595983099107288361e+09
1.787560141151966348e-02,1.649011333090271564e-02,9.742886430610256195e+09
4.076573810620503016e-03,6.283104036753327237e-02,5.831384491643375158e+08
2.263356380268962201e-02,9.989766566109663515e-01,2.036330284257759154e+08
-1.346880558471292601e-03,1.040975782506145531e-02,-1.162891179382671356e+09
3.096489086186143130e-02,3.939087663312723642e-02,7.065201068736178398e+09
-3.947912830326447825e-02,1.953658543296547256e-01,-1.816224427157598257e+09
-8.180523088760427441e-02,1.582334363610972752e-02,-4.646580155284487915e+10
-8.316310073763755195e-02,5.857695950954616704e-01,-1.276011141637599230e+09
3.798580974497436057e-03,6.096578043427899191e-02,5.599972178725544214e+08
3.449346227954889609e-03,2.398393735445925323e-01,1.292608257690461129e+08
3.162844882117730322e-02,6.324175411504925903e-02,4.494947297013509750e+09
4.609926144228199997e-03,7.316136578350542763e-01,5.663211504973354936e+07
-6.447429672899749123e-03,1.983360768759172624e-02,-2.921699279315624237e+09
-2.154283596181378897e-03,2.225074233807382562e-01,-8.701797812709456682e+07
6.159619690188798680e-02,9.140788922890459300e-01,6.056487657508634329e+08
-1.586889030132441428e-03,2.129586333699307402e-02,-6.697333493741863966e+08
-4.639065654535513145e-02,2.211665079354865546e-02,-1.885218862706129837e+10
3.150713997135968364e-02,3.353192181078308853e-01,8.445029205846496820e+08
2.277802564048185541e-03,2.711020868103876033e-02,7.551510580799347162e+08
-4.809996350584995473e-03,6.212981906118244524e-01,-6.958173865619890392e+07
2.145502143248144335e-03,6.620748105712585818e-02,2.912544074441959858e+08
4.398928317158070506e-03,3.224585556432057465e-01,1.226093525071048141e+08
-1.915369329709669822e-03,8.714076672661017486e-01,-1.975521544704947993e+07
1.587969661572590299e-02,2.582796889679214725e-02,5.525894186486488342e+09
2.697786983846173128e-03,2.583400007522609898e-01,9.385698882388144732e+07
-2.653418311488214831e-03,4.469756562581577164e-01,-5.335467386197817326e+07
1.026099480216842962e-02,3.276397844408727167e-01,2.814773504896768928e+08
2.959345236797575850e-03,1.373211264490950545e-01,1.936907558305217028e+08
5.667987365000991262e-02,1.886272988904881265e-01,2.700691303859268188e+09
1.622860803989943645e-02,3.837956442607757257e-01,3.800422213509415984e+08
-4.685066317272136571e-02,1.776050137020147510e-02,-2.370888551332505417e+10
1.338375155812102958e-02,4.251483768844910305e-01,2.829358369892046452e+08
1.418899045344613162e-02,8.569493010218826035e-01,1.488150950103768408e+08
-1.936069276099455913e-03,1.341273313841021553e-01,-1.297341251489828825e+08
1.594484678778521070e-02,1.758517741882473784e-01,8.149373346008293629e+08
3.889537527159498981e-03,1.504761853771394986e-01,2.323169038966750801e+08
-1.721985384008395273e-03,2.421612194618873171e-01,-6.391098107219232619e+07
3.818725519159194698e-02,1.106916390260637012e-01,3.100660692131789207e+09
-9.188727551604349703e-03,1.758451324684483924e-02,-4.696514222904875755e+09
-9.651599941255232032e-03,7.575628559572948895e-01,-1.145067946565139741e+08
3.443067541117032435e-03,9.646712628021404390e-01,3.207870437258414924e+07
-1.316864146071496534e-03,6.477433691998028820e-02,-1.827210641358350217e+08
-3.049271659373938362e-02,1.185189660378141441e-01,-2.312378281225119591e+09
-4.984597636220731813e-03,1.475240057172381991e-02,-3.036812855883692265e+09
-8.003296422906826246e-02,7.098202660658217145e-01,-1.013377193393471718e+09
2.473002127229619821e-03,4.377063667336036357e-01,5.077994714585539699e+07
-2.842504716456772853e-03,1.134547651802352529e-02,-2.251796143572718143e+09
-6.285643958267241038e-02,3.806950680932987829e-01,-1.483963247455507517e+09
1.765296259974165859e-03,1.934831462950767009e-02,8.200211964299348593e+08
2.321187964686267924e-02,1.748539717349617897e-02,1.193123574475082588e+10
5.163823821847906420e-02,1.398177822038752793e-02,3.319400277587193680e+10
-7.439587153925895577e-03,1.015125346707346742e-02,-6.586880467652087212e+09
2.087564351513172128e-02,9.695281850732742068e-01,1.935218697402620912e+08
-1.068016877287604081e-03,4.477567205216936297e-01,-2.143811621923022345e+07
-2.731950563897765204e-03,9.276081598355689906e-02,-2.647030188477678299e+08
-1.279000785600706205e-03,2.544363710134278089e-01,-4.517958495154403150e+07
1.091671060279893711e-03,4.186010639569034408e-01,2.343916239498937875e+07
-5.912211842662737880e-03,1.040774415521641544e-01,-5.105567209205815196e+08
1.255630473732518692e-03,3.469687718092371864e-01,3.252535735810148343e+07
-3.369788281466631549e-03,7.333217707429988685e-01,-4.130081821201976389e+07
6.281894537523782969e-03,5.813777658038441487e-01,9.711422322421321273e+07
-4.918685071723691120e-03,1.604435871399555527e-02,-2.755353164702521801e+09
-7.713129968707657658e-02,2.779904199054479830e-01,-2.493741531562540054e+09
3.947131643844763865e-02,3.527288572369697839e-01,1.005752771735273004e+09
-1.128517869163880513e-03,5.373184841744518270e-01,-1.887675232370967418e+07
3.207448460330119405e-03,4.979798701262997535e-02,5.788932921577247381e+08
-1.386753892174017941e-03,2.848124143662253763e-02,-4.376138882665144801e+08
-6.861997354546230804e-03,4.780532341713599753e-01,-1.290104541175655127e+08
-1.726291444189521776e-03,4.130268280186486507e-01,-3.756526651720936596e+07
7.892548246837999271e-02,3.775622636000218468e-02,1.878794510489614487e+10
1.461808237981881151e-03,6.256476856292239042e-01,2.099960766816723347e+07
-6.415368965920503590e-03,2.730831161153290249e-02,-2.111433497997925997e+09
7.699601564334163095e-03,9.362894469887743654e-01,7.391094277301655710e+07
-4.329322329431142986e-03,2.330257297984641707e-01,-1.669808482591639757e+08
-3.897294738120977466e-03,3.066510205855907042e-02,-1.142271799528588295e+09
1.465450039235096161e-03,2.055487396147833157e-01,6.407768557991922647e+07
-6.672652282720637103e-03,5.777145973354024244e-01,-1.038091825478478819e+08
9.221491496862908518e-03,1.194742028911995567e-02,6.937095076782237053e+09
-1.091811681298212808e-02,1.598744908963231279e-02,-6.137891121516557693e+09
3.687127000745449995e-02,2.146308034871454926e-02,1.543997752439892769e+10
4.954558439863403912e-03,2.985721480139262307e-01,1.491441698352118134e+08
8.495695209585202648e-03,1.115303232152430567e-02,6.846310328361557961e+09
5.042067356174286669e-02,4.421993279808675292e-01,1.024804876099752784e+09
-1.342312249680580223e-02,3.852434837233801868e-01,-3.131618646701955199e+08
-1.096229428046682297e-03,3.862515004054923318e-01,-2.550832227676342428e+07
-7.352622974187201024e-03,2.191952587191665358e-01,-3.014822579729964137e+08
1.141148226862211124e-03,1.443576834730430497e-02,7.104814998309211731e+08
3.452018043754548435e-03,1.143573741914064440e-01,2.713060638890159726e+08
1.843032344467429931e-02,2.973520713467585688e-02,5.570736380591017723e+09
-2.567399622992727008e-03,1.562660800805507622e-01,-1.476656132601016462e+08
1.010536607221765521e-03,1.665736854084379562e-02,5.452507535987801552e+08
5.699177720588755741e-02,3.470116259330666697e-01,1.476110240492421150e+09
1.193445915545077044e-03,1.001475604561218591e-01,1.071057992200198770e+08
8.651809326089540675e-02,2.866963245955768749e-02,2.712285689576534271e+10
-9.459482422573087593e-03,3.886350590722603138e-01,-2.187640811761035025e+08
-5.037510171322902297e-03,5.376467489578873327e-01,-8.421113684097157419e+07
-1.176557063022401050e-03,3.547740445273981913e-01,-2.980655436653446406e+07
2.099576181809628683e-02,3.040623639241860077e-02,6.206111702711344719e+09
-2.849395237561911168e-02,3.802019841938741873e-02,-6.735796119932330132e+09
-8.716882377955109673e-02,2.379146770989305423e-02,-3.292991194600451279e+10
-4.362870030308560465e-02,8.309333707621713305e-02,-4.719072972946527481e+09
-3.556700643952613768e-03,1.329042848335964914e-02,-2.405242942836419106e+09
8.267426475998755631e-02,2.463971659718696139e-01,3.015679969296587944e+09
6.904705840723882049e-02,1.058237274995933036e-02,5.864253619939597321e+10
-1.501154490503043551e-03,5.682876597427799492e-02,-2.374147966960530281e+08
-1.908342481855828396e-03,7.272426814938444395e-02,-2.358454907398963869e+08
5.815025107685653505e-02,2.305389645049652630e-02,2.267033169448789978e+10
-5.137001104063601033e-03,6.198636816877704792e-02,-7.448418771893934011e+08
-1.572777973073439780e-03,3.258445717912113182e-02,-4.338179781979880333e+08
-7.396970180292769537e-02,1.517221602388797025e-02,-4.381829437260692596e+10
6.989981580751895851e-02,7.750063771729819306e-01,8.106275760368019342e+08
1.710473596486912842e-02,2.227167194395216973e-02,6.902623283465861320e+09
-1.512229935654049381e-03,4.461788843645446700e-01,-3.046207170478579774e+07
2.262054686722243108e-02,1.296888896733689768e-02,1.567656640141509056e+10
4.746115901344032800e-03,4.071951872864666977e-01,1.047577884856258035e+08
7.478510229901967100e-03,3.601666113656727675e-02,1.866217512815935135e+09
3.779263429810483105e-02,6.692961591570008029e-01,5.075039778388558626e+08
-1.237591138034494984e-03,8.454863108202299582e-01,-1.315592014896123484e+07
6.810189202356929650e-02,4.923477466268805225e-01,1.243190954444204807e+09
-1.432397397508318286e-02,2.048577813245177071e-01,-6.284368987310031652e+08
-2.249383228855513731e-03,1.283152876935224895e-01,-1.575562621468075812e+08
-9.410881512939356375e-02,5.053806686140171339e-02,-1.673640968197054100e+10
2.540947278762254163e-03,1.432499517422447174e-02,1.594232976155858517e+09
-1.923670150481176502e-03,4.563141431465295855e-02,-3.788936220330768824e+08
-2.475306501588377204e-03,1.008913866452546167e-02,-2.205085888013256550e+09
1.346127471388740976e-02,1.675494571005979594e-01,7.220940736488473415e+08
2.672452534769026011e-03,4.723471354537746025e-01,5.085098068220075965e+07
1.371061374664051327e-02,2.225795828586265082e-02,5.536332822575853348e+09
6.482447234953234508e-03,7.422226367470216024e-01,7.849742547729209065e+07
-6.561062288205225801e-02,3.156233257097347533e-02,-1.868339034619309998e+10
-3.649872007037904733e-03,1.337873003755098329e-02,-2.451959897449631214e+09
4.181874149166685262e-02,6.668516688135818216e-01,5.636277079078335762e+08
-4.717055567052234541e-03,3.513866967231462496e-02,-1.206524916785538912e+09
-3.150249134588210299e-03,4.937436765214388568e-01,-5.734479079641378671e+07
-2.624650963288926997e-03,4.051444189347232910e-02,-5.822537777932294607e+08
-7.519936227382968685e-02,1.897369117828388019e-01,-3.562156110096865654e+09
4.762617867280386635e-02,2.794430575929299568e-02,1.531803405330326653e+10
-3.784886558354216834e-02,2.377740680829127165e-02,-1.430668441590918159e+10
-5.340791810329501010e-02,4.908382539931772232e-02,-9.779527332200479507e+09
4.304343986690176149e-03,9.796656842673660825e-02,3.948932348876332045e+08
2.168847034250658088e-03,4.987253735105107166e-02,3.908571644155318737e+08
-1.664358145093038435e-02,5.969267423851282867e-02,-2.505972889218094826e+09
8.849716090575827920e-02,5.786251638326528335e-01,1.374619941251283407e+09
3.830952650316614416e-02,2.201736314435556174e-01,1.563839206694515705e+09
2.049476739522947816e-03,3.305811644595496590e-02,5.572056441144890785e+08
4.361110927633342349e-02,1.054942577114060046e-02,3.715514248016405487e+10
3.306497408503273998e-03,5.533156548492366156e-01,5.370884922386709601e+07
-3.542201238674139510e-03,4.375764605573841809e-02,-7.275618152807590961e+08
7.046151444645456369e-03,3.422939374996649131e-01,1.850134852697879076e+08
-2.314009931463142933e-02,4.113388729494147494e-02,-5.056104985607606888e+09
-8.464728161843406221e-03,1.882920822160009250e-02,-4.040467109974359989e+09
2.595989263719497130e-03,2.404969297629788380e-02,9.701613611902817488e+08
-1.525231219972790356e-03,3.874871495347110284e-01,-3.537765156845799834e+07
1.258168600203620965e-02,2.710593621998693692e-01,4.171815070477490425e+08
7.204604957638717326e-03,3.467044585641939070e-01,1.867675252717307210e+08
6.756763279330536831e-03,9.991101726761320023e-02,6.078213367242422104e+08
3.528502493392034201e-02,1.573410659528362218e-02,2.015574981035976791e+10
-9.108717500572800774e-02,6.644448231638722113e-02,-1.232108430700396919e+10
-1.630937038780972542e-02,5.782058794075785324e-02,-2.535159630711021423e+09
-3.924623127435702095e-03,3.145153308122885516e-01,-1.121519314955623001e+08
-9.791048103520950605e-03,8.752135946801545274e-02,-1.005462199025354028e+09
-5.250485773678747331e-02,1.674221092201592237e-02,-2.818624973007074738e+10
-1.208122757294461877e-02,2.304646029225106835e-02,-4.711481085746459961e+09
6.066730221798205883e-03,5.788469364478665558e-01,9.419797400826750696e+07
4.341396736348333840e-03,4.918341942232432595e-01,7.933436948003375530e+07
-3.989131580161735940e-02,1.186036219331411228e-02,-3.022950446989699936e+10
-3.205259765053367071e-02,5.340371619629674660e-01,-5.394390365879437923e+08
5.968933169428607480e-03,1.705980973899037106e-02,3.144656052861932278e+09
3.059508212738639918e-02,7.822074460397341333e-01,3.515444904318608046e+08
2.993414251579127119e-02,8.298452902169265455e-01,3.242054467328913808e+08
-5.418979682988717128e-02,7.533392618393369711e-01,-6.465134121441916227e+08
2.782132884173967643e-03,2.692826044122139661e-01,9.285818460421411693e+07
-2.188450997671771356e-02,2.807529319769689821e-02,-7.005887264196322441e+09
-1.559332287562889162e-03,9.794138469776185463e-02,-1.430945357685400844e+08
7.694376746142318757e-02,1.008347916390159998e-01,6.858255498037330627e+09
6.366830493722920592e-03,3.811051415587814184e-02,1.501513004780200720e+09
-2.310013815459417089e-03,2.221928407594484511e-01,-9.344049578996536136e+07
-2.666451855067824509e-03,2.448441305145868663e-01,-9.788015929268001020e+07
6.212198378570044088e-02,3.781790978061428526e-02,1.476380882078688431e+10
-2.359545106195952077e-02,4.230485511394985881e-02,-5.012895949692510605e+09
-2.113414156732164664e-03,1.496208974052028740e-01,-1.269530021201853603e+08
3.687628192872170144e-03,1.337993499776884698e-01,2.477101152593476176e+08
6.727293910964752925e-03,1.893677742681139919e-01,3.192897271464552283e+08
2.079304267264532689e-03,4.706861976340800946e-01,3.970426857282102853e+07
5.807636324732806318e-03,5.972258177246875244e-01,8.740000500826519728e+07
6.806382598871243972e-02,5.189341492441278403e-01,1.178839623913069010e+09
-3.824933025175205215e-03,1.571942175897613619e-02,-2.186945130675657749e+09
-9.156703050070634509e-02,2.887669724909389113e-02,-2.849982734703442764e+10
2.923492801752151406e-03,4.450106570323265204e-02,5.904487882759214640e+08
1.346326340093581889e-03,3.244860036217540877e-02,3.729108265743764639e+08
2.545296907348684311e-03,1.569595908470566500e-02,1.457475322661171436e+09
-5.982784811818448074e-03,4.055592044766746784e-02,-1.325866318825582266e+09
-4.879204811083435490e-03,4.204852954183486285e-02,-1.042914856287202001e+09
-8.342033750971178038e-03,1.241101553665866081e-01,-6.041089106791901588e+08
-3.669727661811302694e-02,3.631942520896011550e-02,-9.081246977935052872e+09
2.282970071693081211e-03,5.516476487048658228e-01,3.719538558024479449e+07
-7.830234733069207920e-02,7.813069083202807408e-02,-9.007488895895723343e+09
-7.844266506022988528e-02,2.951038529390607179e-01,-2.389065621099537849e+09
-4.121702384223941557e-02,1.099050763750486215e-01,-3.370617687306106567e+09
-1.627181937746078602e-03,5.177974425860754071e-02,-2.824404091910364628e+08
1.421034698883070178e-02,4.506413440593011188e-01,2.834159368059334159e+08
-2.874163059310336481e-03,1.248350572304364609e-01,-2.069309525302425325e+08
3.383186467101959374e-03,1.818538263394805510e-01,1.672068671749376953e+08
-5.282391914213121001e-03,8.500257877676675733e-02,-5.585333841005259752e+08
6.139063739705733630e-02,4.207010800342734780e-01,1.311532732418295622e+09
7.300343040657061855e-02,5.898392108893385499e-02,1.112398120488727188e+10
5.642884054965560670e-02,5.246556544316027110e-02,9.666681005926860809e+09
-1.004630808990639515e-02,1.950531614904493782e-02,-4.629180520571936607e+09
5.008669281114668317e-03,2.315843502783936081e-02,1.943854556735227346e+09
1.267100041931242850e-02,1.006362254782231652e-02,1.131637118336322021e+10
3.194154513298904513e-02,2.661582856146515672e-02,1.078615231022055435e+10
7.771960637380430359e-02,2.199537807181089349e-02,3.175775393307756805e+10
-4.191432167155079852e-02,3.415200704035949858e-02,-1.103054140278488541e+10
-2.271542758824308256e-02,2.477077017605855414e-01,-8.241988887742612362e+08
1.093334873607372266e-03,7.275950650089985094e-02,1.350560595450428426e+08
-6.303186704518763325e-03,8.231911979757786657e-01,-6.881927160794700682e+07
1.543777248846546751e-03,3.022917451802098823e-02,4.589960697070057988e+08
-3.838596644593687129e-03,6.754341502279080645e-02,-5.107872907120938897e+08
-2.791925126691973107e-03,6.401782965750586751e-02,-3.919705506903731823e+08
-1.183722008438794267e-03,1.143975659989436428e-01,-9.300013017868089676e+07
5.978463684925645547e-03,9.368686324778151553e-01,5.735370991434066743e+07
-1.615804938973949140e-02,3.160408247392532122e-01,-4.595114771488379240e+08
4.233657227326678013e-02,1.087923134039614215e-01,3.497583564442703724e+09
-8.610214410751394418e-03,9.037583143713606715e-01,-8.562730569567894936e+07
-7.394159304037606351e-02,5.526384077160866742e-02,-1.202536748120587349e+10
-4.403428561719793799e-02,6.451680911273764973e-01,-6.134352008584486246e+08
-1.894082571580658078e-03,1.101487460109121935e-01,-1.545503414806270599e+08
6.204539575627675968e-02,5.550411908407613115e-01,1.004696670666464567e+09
1.224003329846469566e-03,5.423599563030663262e-01,2.028362629661530629e+07
-4.554757056142691440e-02,1.451501824101254778e-01,-2.820319107319581509e+09
-4.079651407532815244e-02,6.019990537911173306e-02,-6.090849455122860909e+09
5.629519758918725969e-02,2.241137853100863553e-02,2.257633263064157867e+10
-1.772105138127588048e-02,3.583639462424296346e-02,-4.444427158906126976e+09
-4.149563323011866423e-02,1.993990417761799805e-02,-1.870380421347060394e+10
1.147602643081828844e-03,6.333496238392838373e-02,1.628540791522018313e+08
-4.214182523553300364e-02,8.800049580044981556e-02,-4.304065194616173744e+09
-1.799941046454849730e-03,9.248614068593749571e-02,-1.749170892970231473e+08
1.605455246742827288e-02,4.928366653378779549e-02,2.927829698618072987e+09
3.275947492055042432e-02,3.719423587999191039e-01,7.916111623845134974e+08
1.828967912858466037e-03,1.443101480417827154e-02,1.139094703399328709e+09
4.875567068621543265e-02,2.498939319679703217e-02,1.753557627702790451e+10
-1.282010870093235055e-02,8.041227032464463853e-02,-1.432913590995553017e+09
-5.070568394601612794e-03,1.377462335363897894e-02,-3.308472513177156448e+09
-7.191741425135106391e-02,7.917069660467107584e-02,-8.164323718469220161e+09
-4.876462494010969095e-03,1.708135037691484864e-02,-2.565862062282474518e+09
-3.649678206290549870e-02,7.492307823872960126e-01,-4.378139349154762030e+08
-2.026035585749487358e-03,8.476496228985855308e-02,-2.148232656866716146e+08
-7.729937164722709697e-02,3.759839056162678911e-02,-1.847810059435549927e+10
2.372318277347132756e-02,1.367905454317907936e-02,1.558717789334337997e+10
-9.033072095076126462e-02,2.673794867849527690e-01,-3.036393194950652122e+09
-1.315593255228440610e-02,1.529399908365541676e-02,-7.731276343402013779e+09
-2.893655143685493897e-02,8.078555442082673010e-02,-3.219316537747276306e+09
-1.442982158790593944e-03,3.003613505304114986e-02,-4.317849804217387438e+08
1.498153522725543044e-02,7.053661706423128841e-01,1.908940144175122380e+08
5.776128832242368935e-03,6.291578356046868825e-02,8.251404543493748903e+08
1.272295382101951318e-03,5.416448179669256513e-01,2.111173747086859494e+07
-9.746365155353263476e-02,1.258012635419780145e-01,-6.963190770629109383e+09
-2.269879042140622930e-02,1.014997064949623301e-01,-2.009965240358589172e+09
-1.036882693906193828e-03,5.150604100800941776e-01,-1.809347876259226352e+07
5.344593015213350458e-03,1.619503697634373102e-02,2.966083098592173576e+09
8.264437543257002750e-02,5.748643126506874923e-01,1.292107274691253662e+09
3.489415256674361504e-02,6.239135132893101066e-01,5.026652719995358586e+08
5.715340761911229597e-03,7.356142511120015992e-02,6.983009183922455311e+08
9.781805605989657426e-02,3.520630067943787689e-02,2.497176575454618835e+10
5.773196470083503951e-02,8.685595084928763310e-01,5.974029690498616695e+08
2.814634688051097320e-03,9.560113546482706948e-02,2.646120415854030848e+08
8.083204007864007445e-02,1.216697533617206416e-02,5.971061310563372040e+10
1.717729990955622552e-02,1.050015507252988478e-01,1.470313022053039551e+09
-1.490060074403191069e-02,3.309712470378277094e-01,-4.046356378605540395e+08
4.655482478792693363e-02,2.187904188703435754e-02,1.912436461340276718e+10
1.339853914426921994e-03,5.553377772832345655e-02,2.168457176875554323e+08
5.278058106759684828e-03,1.026236105919934444e-02,4.622506123361128807e+09
2.219098071013319781e-02,1.700214474165858691e-01,1.173068586931613684e+09
-6.596803233424507196e-03,1.138661900093029533e-01,-5.207021361763598919e+08
4.387127081842451259e-02,4.297666047949110224e-01,9.174832994094406366e+08
3.649230819582019447e-02,4.052492810486656993e-01,8.093375667021392584e+08
-2.529695187048609101e-02,1.995524941067588487e-01,-1.139361794979501963e+09
3.885018533518244405e-03,6.597428203745070441e-01,5.292599611201758683e+07
-5.202464143883668395e-03,6.612563732721025989e-02,-7.071146632087659836e+08
5.843782117489330387e-03,1.178595715326846705e-01,4.456354952991667390e+08
-4.375481256666231833e-02,1.065462676218339455e-01,-3.690950368786293030e+09
-5.376482516010983731e-02,9.027527929043940857e-02,-5.352787657492317200e+09
1.158488244067329073e-02,7.989142458543276870e-01,1.303293064198647738e+08
2.316889431647192049e-02,3.530132377310542247e-02,5.898817166965985298e+09
-4.713407983121942549e-03,7.469030371212994623e-01,-5.671806760986254364e+07
4.319719233598002389e-02,3.771578608813744293e-02,1.029397180938354874e+10
3.655799431289703111e-03,8.516227268277053175e-02,3.858208882678532004e+08
5.433250274636500753e-03,6.421491055010430937e-02,7.604566237222968340e+08
-4.832092067507905847e-02,4.100020209320816289e-02,-1.059253289549060822e+10
1.495940234422621015e-02,3.282579733628618324e-01,4.095902192983982563e+08
-1.135087029765973875e-03,2.483240492716326173e-02,-4.108289107785201073e+08
-1.795171099251235622e-02,1.010043473706835268e-02,-1.597410001866249466e+10
-2.691995150815178206e-02,8.355035726856648859e-01,-2.895853453033976555e+08
-4.371776695637217929e-03,3.215998557818677828e-01,-1.221779246177195609e+08
-1.622012249543203569e-02,3.699340493973610200e-02,-3.940764131851275921e+09
-4.845717077303988291e-02,6.853241564388357077e-02,-6.354957228485823631e+09
2.317208678876527331e-02,4.378764327100864717e-01,4.756244735966910124e+08
4.126865762701951990e-02,1.200354219584141673e-02,3.090021757424826050e+10
1.939360948875986247e-03,4.453907410359483204e-02,3.913524709168336987e+08
-1.761413543486434760e-03,4.103638810084850319e-02,-3.857827647193173766e+08
-6.394122274310332608e-03,5.253420162811112126e-02,-1.093929713167147875e+09
-3.508253132989776549e-03,7.333460559905297105e-02,-4.299644800569368005e+08
-3.962039384521770513e-02,1.002853394567955747e-01,-3.550846984228264809e+09
3.572636380681236401e-02,1.513069516648354526e-02,2.122171867243552399e+10
-3.592951127771450148e-03,1.430468763948835043e-01,-2.257478117840546370e+08
1.599892347557645101e-03,1.891899316674089393e-02,7.600520927104671001e+08
5.425308846958337879e-03,5.803164250967867144e-01,8.402532903470350802e+07
9.954285756168627930e-02,3.605395795722536878e-01,2.481462829593412876e+09
2.417503673960148466e-02,2.261589998507117574e-02,9.607356054274518967e+09
-2.792235790146428004e-03,5.760128396041572924e-02,-4.356829289641321898e+08
1.988223272160624666e-02,3.118350772587353825e-01,5.730477416614383459e+08
-2.610080842352016997e-02,4.082685366023843798e-01,-5.745907962590290308e+08
-3.387924807155630585e-03,2.124827463404289213e-02,-1.433047910497194529e+09
1.117825205361194438e-02,1.338379076053505812e-01,7.506636360531425476e+08
-2.825788545442648597e-03,4.475981140847168360e-01,-5.674165916134516150e+07
-1.375098057329039248e-03,2.612447305457081190e-02,-4.730823523381647468e+08
2.011487841277611807e-02,1.509834849527349754e-01,1.197398155182840347e+09
-3.154922652630843139e-03,3.427400154997868320e-01,-8.273219038130733371e+07
-2.066982013048624441e-03,6.535670426795747723e-02,-2.842478390750718117e+08
8.986615808573444192e-03,2.214110633996841521e-02,3.647938230205282688e+09
4.951972975632911583e-02,9.989520678832196632e-01,4.455374696723658442e+08
-7.193100791639431973e-03,1.267579406023016664e-01,-5.100251466579164267e+08
-2.209300569901416142e-02,1.783313123217896215e-02,-1.113468197584070969e+10
-9.959748801187458256e-02,1.302415806367214143e-02,-6.873047496391946411e+10
2.321782204507982263e-03,3.235406243954461192e-02,6.449755881572670937e+08
-8.694350331695825662e-02,2.194387425747355014e-01,-3.561020288853780746e+09
-1.382839839526301415e-03,3.313061236355806932e-02,-3.751397098932639360e+08
-7.091410058705199804e-03,7.611588083782899750e-02,-8.373517645495743752e+08
-2.377223338279375788e-03,1.791987257974146652e-01,-1.192300390918171108e+08
-6.709785645729560329e-03,1.459351759328739347e-02,-4.132370746972390175e+09
-5.894143801273516413e-03,2.033076351477924870e-01,-2.605659464771280587e+08
1.264010544126816611e-03,3.656766831634662984e-01,3.106733825966887176e+07
2.259341926102556228e-02,1.420620087840056833e-01,1.429402799873981476e+09
-3.564579274721912938e-02,9.428805212865437602e-02,-3.397834582188289165e+09
2.482879472568021856e-02,3.363616224443149449e-01,6.634371971999797821e+08
3.678694883091794283e-03,6.840410944710139107e-01,4.833505235930715501e+07
-9.951595074951391506e-02,7.151916813098557757e-01,-1.250607015129198313e+09
-4.877619782263106080e-02,9.087021821507260122e-02,-4.824329816140514374e+09
-5.278175398590256168e-02,3.540052698891970051e-01,-1.340061435805837154e+09
-5.821112155846988774e-03,2.091259132973716933e-02,-2.501777801443443298e+09
-1.519572486263530160e-03,1.146374280699897011e-02,-1.191367108659455776e+09
-1.524631811634924797e-02,2.078468690721227696e-01,-6.592833510993682146e+08
5.597915360644691377e-03,8.919348547570934427e-01,5.640840380078473687e+07
-3.454787308025799447e-02,6.925576583014654286e-01,-4.483487855541175008e+08
4.162785148790344725e-02,4.116354868716807780e-01,9.089119362945781946e+08
-3.431727256682838567e-02,1.014474855978994387e-02,-3.040339592322816086e+10
5.884090887108085581e-03,5.188132905722637744e-01,1.019339603206925690e+08
-2.655046962496829081e-03,1.120494221376109600e-01,-2.129674370866260231e+08
-1.303589379293992358e-02,9.837698397877160661e-02,-1.190962063699732304e+09
2.897916588655419234e-02,2.993542232615771514e-02,8.700638201068395615e+09
-4.270004486215587397e-02,5.985199741037166427e-02,-6.412100212466676712e+09
-3.484861395433165587e-02,3.128656278789757744e-02,-1.001101874519666290e+10
-7.299609152074257312e-02,1.153301889247471262e-01,-5.688623903983502388e+09
-2.086606002974675592e-02,2.774587959826395611e-01,-6.759157610368164778e+08
-1.051418544845373389e-03,1.811299057608056415e-02,-5.217183234266012311e+08
-2.108433351288417461e-03,6.387957903082792654e-01,-2.966527988529705256e+07
-2.265344308653030950e-02,1.448972904878681293e-02,-1.405156101331007576e+10
-2.401285351106254712e-03,1.339544276040892899e-02,-1.611154975753729820e+09
-7.455343755062644739e-02,3.244719697077243920e-02,-2.065100092236774826e+10
-2.550309921997112508e-03,2.117980961752297386e-01,-1.082234879816478491e+08
-2.259318810099844241e-02,1.644992123657128547e-01,-1.234423877078204155e+09
-2.232360051700921569e-02,2.293463854324944221e-02,-8.748285758114782333e+09
1.482144207319356817e-02,6.990461903179279179e-02,1.905615190504665852e+09
7.611500386656802619e-02,1.882210164498246754e-02,3.634567825222409821e+10
-7.125911628701428989e-03,3.091658061826669246e-01,-2.071569917301683724e+08
7.694861812351787289e-02,2.298164355016152349e-02,3.009333771728567505e+10
6.978695897940397422e-03,1.284715845501704923e-02,4.882225240962824821e+09
7.747423973306806488e-02,3.894972026660761255e-01,1.787736875986595392e+09
-1.063774237857999325e-03,1.279441251910591257e-02,-7.472737687453460693e+08
1.161129204744926202e-02,2.562222300690817495e-02,4.072999531172523499e+09
-1.589118697210988376e-02,1.585343987007619554e-02,-9.009142287714181900e+09
-3.652661237440592550e-03,6.105170249541816974e-01,-5.377274846316226572e+07
-2.631490300376855898e-02,2.895086988085948318e-02,-8.169411539336199760e+09
-1.907368585369554909e-03,1.584881578311450948e-02,-1.081654163579575539e+09
-8.469528494859875078e-02,8.432990935176154501e-01,-9.026683565551879406e+08
8.639771650436044517e-03,3.083108664869682602e-02,2.518628136658094406e+09
-1.452483712582138117e-03,2.872001219050505233e-02,-4.545454026087443233e+08
8.061357470921123175e-03,2.647294552191472028e-01,2.736884892133105397e+08
3.347489816284397735e-02,4.833566849681797395e-02,6.224466779544655800e+09
-5.284864494295481163e-02,7.960779539160417473e-01,-5.966626843607593775e+08
-6.068940703869032255e-02,1.415898990256154490e-02,-3.852398814687316895e+10
8.260304296997056372e-02,1.452013876649623295e-02,5.113001237434567261e+10
-4.457596210612064548e-03,2.857330003739828594e-01,-1.402138590260695815e+08
7.983058548257106202e-02,3.565951724030049647e-02,2.012076428730429840e+10
1.193197204208285706e-03,1.690621570272412000e-01,6.343317356008718163e+07
3.522866809079445299e-03,9.639448803877427585e-02,3.284691912115069628e+08
1.392080230231146831e-03,3.776657346069506871e-01,3.312892173115516081e+07
2.179627142595183531e-02,4.012133216791329837e-01,4.882671215030244589e+08
-5.543067587894813519e-02,6.782936580692060513e-01,-7.344851776761875153e+08
3.896392489570336265e-02,5.316403290928513325e-02,6.587117307922223091e+09
-1.184095322443530669e-02,1.964365549740265671e-02,-5.417700275570514679e+09
-5.227478971789151913e-02,7.042806181835616075e-02,-6.671095779920328140e+09
1.528699107811131754e-02,3.024091538227238196e-01,4.543365725709195733e+08
1.565686388456478256e-02,3.215279396034899650e-01,4.376598194068125486e+08
8.920658120725514367e-03,1.400087849654853001e-01,5.726539058687916994e+08
-1.086012828807623488e-02,5.688188272325731543e-01,-1.715977587655165195e+08
-3.406087213279919423e-02,5.911019940002220086e-01,-5.178976708759581447e+08
6.262411664826952884e-02,2.842228986301493232e-01,1.980309938269947290e+09
2.984051325966209992e-02,3.766393290398096783e-01,7.120840196878837347e+08
4.454846837650310379e-03,3.050955729818770057e-01,1.312343394109676778e+08
2.267222362852732917e-02,2.950024068992130877e-01,6.907472674936261177e+08
5.745676967200535716e-03,4.212556866658785371e-01,1.225874601760303080e+08
-1.020228550766919505e-02,1.159039640546507405e-02,-7.911335489657157898e+09
-5.510634416223885584e-03,7.044353620765158031e-01,-7.030902403442105651e+07
-1.332241861683489386e-03,6.931367755766404404e-02,-1.727486859711885750e+08
4.161493290930717501e-03,2.751169174897055356e-02,1.359510356454208374e+09
-2.388460201578911785e-02,3.052829337951732183e-02,-7.031793375511672974e+09
9.554329673136582879e-02,4.179545165552452091e-02,2.054574143079734802e+10
-1.049630747764719770e-02,4.509542828569097772e-02,-2.091966120409522295e+09
3.385250313951628648e-02,6.190644586422515694e-01,4.914796429542500377e+08
1.713393098003291367e-03,5.159253629992414103e-01,2.984837917321566120e+07
-3.043989731386632924e-02,1.916752436147608346e-02,-1.427341119992040634e+10
3.539656614623932010e-03,1.573135217445663370e-02,2.022300538336277485e+09
-6.141824853956344595e-03,2.829380635806702515e-02,-1.950997302660745621e+09
-3.758159366559902289e-03,2.247051189552864980e-02,-1.503186424260972261e+09
1.060146234490920436e-02,1.393311085356652677e-02,6.838617306894133568e+09
-3.849319992582293098e-02,2.750168247273079500e-02,-1.257984731989855957e+10
-7.022741379104076136e-03,5.366799671222099999e-01,-1.176093660854245424e+08
-4.175782511696662230e-02,6.722813023312854686e-01,-5.582612153876434565e+08
1.094492044081718171e-02,2.820950289076334383e-01,3.487127238904542923e+08
-6.167473524941484084e-03,7.130381201319427320e-02,-7.774011230287114382e+08
-1.609266311042175995e-03,1.058049658864458446e-02,-1.367012502352820158e+09
-7.484598720970134234e-02,1.636826910544499428e-02,-4.109759261802336121e+10
2.891594708033261296e-03,2.393518544090077887e-02,1.085803514454602242e+09
3.960952366013713484e-03,2.273971519129810645e-02,1.565543779919217587e+09
4.364154326857387634e-02,5.247967692459603040e-01,7.474111379493402243e+08
-4.570889769877616027e-02,4.877140221315748314e-02,-8.423374785195781708e+09
-1.272473055380364234e-03,7.980928803244558001e-02,-1.432998634994611442e+08
6.866202646782166089e-03,1.813292067514420472e-02,3.403294043022130489e+09
-2.528457710203454306e-02,1.003869392421278400e-02,-2.263753316538751221e+10
2.315543639594788358e-02,4.667135891531339342e-01,4.459160890164542794e+08
-4.486884073109952131e-02,5.073392698762035219e-02,-7.948716133892805099e+09
1.352461680967021601e-02,9.197936503470377501e-01,1.321554811907419413e+08
1.128308662367812597e-02,3.074910794347844936e-02,3.297964827647526264e+09
8.097638719866146612e-03,3.445302150471946656e-01,2.112426951002483666e+08
2.255892882786749917e-02,8.388704864571973063e-01,2.416986236314869821e+08
-5.506625545677962252e-02,2.245934776077400941e-01,-2.203631763226868153e+09
-4.602499736372779940e-03,4.832869891658220923e-02,-8.559320471843692064e+08
-2.573058354157910493e-03,7.604995645404293292e-01,-3.040894018007785082e+07
6.865603897564452086e-03,2.406376449744841717e-02,2.564282056496202469e+09
1.960742538619235018e-02,2.172057999769010789e-02,8.113341782857982635e+09
1.912812935396066439e-03,3.027379970695624478e-01,5.678794918974684179e+07
-1.100502865421451246e-03,9.657481438981402322e-02,-1.024183827757813931e+08
3.104634669483452396e-03,6.334049760319909739e-02,4.405342210629655719e+08
-7.562678192693114698e-02,1.635247316788695504e-01,-4.156643648912900925e+09
1.123601037206219816e-02,3.406884944797512055e-02,2.964184846009272099e+09
4.132587608858404732e-03,4.103721623173761102e-01,9.050963111409915984e+07
-9.489364598774452375e-02,2.300746344314588340e-02,-3.706969485128365326e+10
3.726910398956403882e-03,1.228563184301456612e-02,2.726478473659106731e+09
1.315765864938817174e-03,3.597233890590162964e-01,3.287460605133669451e+07
2.197319164598850877e-02,5.013507868107750509e-01,3.939145848578025103e+08
4.088854309267613701e-02,1.088983674178167077e-01,3.374666697908915520e+09
4.047296715859250923e-03,1.029466674829835997e-02,3.533485963328657627e+09
1.277728779416304437e-02,3.814070562945466314e-01,3.010929395635043979e+08
1.155087899415875412e-02,3.148066131521316813e-02,3.297780954865061760e+09
-9.764454550581924686e-02,6.967219982258457400e-02,-1.259618653803785706e+10
-6.325863607569075925e-03,3.497726267990199783e-02,-1.625491203328011036e+09
-2.399654618798084671e-02,1.159300701852732617e-02,-1.860386836600546646e+10
-1.692651242684528384e-03,4.834967901417811520e-01,-3.146476608899123967e+07
-3.987901309465247124e-03,4.054271543313021919e-02,-8.840609084684163332e+08
4.415371265019322859e-03,7.288641349801684433e-01,5.444666268174610287e+07
-1.351641995804360626e-03,2.190843995118258239e-02,-5.544990950394988060e+08
-1.374456489968150499e-03,1.156112545843080916e-02,-1.068517158513024211e+09
4.910558501930802240e-03,4.861219320111751646e-02,9.078963966804264784e+08
2.066822261630217594e-02,1.102452751916459250e-01,1.684976169757915735e+09
-7.486177228479336254e-03,5.558783022255836537e-01,-1.210405811943348199e+08
1.521032990490982922e-03,2.113936537244200664e-01,6.466917297355322540e+07
1.630811839173695182e-03,3.772714314324408791e-02,3.885085260673856735e+08
8.439443068937593773e-02,1.201522357004010944e-01,6.312952911905136108e+09
3.822007310731345697e-03,5.217268865164554487e-02,6.584137830105462074e+08
5.640224820872167394e-02,4.257017050939199826e-02,1.190807727001309586e+10
-7.581447131924270826e-03,3.331933133657920959e-02,-2.045061872359757662e+09
-1.136130148777470504e-02,3.352698165365499694e-01,-3.045679822517499328e+08
2.811224916937304051e-03,5.761033135765405988e-02,4.385769859893440008e+08
-1.075726970413160791e-03,2.756600182726046816e-02,-3.507348292384449244e+08
8.989006292206316862e-02,2.131508025117211103e-02,3.790315231084487915e+10
-2.758235065769512953e-02,3.214631898431266066e-01,-7.711709190299981833e+08
7.577704854824686420e-02,5.730311305471563754e-01,1.188529835041003942e+09
5.225323134540114239e-02,3.375926732366541644e-02,1.391139743592299461e+10
-1.734083940898820207e-03,1.003041366788623712e-01,-1.553824233246662915e+08
3.455367903286289937e-03,5.955659592632783772e-02,5.214528510266959071e+08
1.701538347345825982e-03,1.023653553342833596e-02,1.493961347016651630e+09
-2.095273698337359394e-02,2.826352854639452850e-01,-6.662926147679995298e+08
2.609154975067642934e-02,1.214519577702287412e-02,1.930838607070349884e+10
-1.808678941945229823e-02,1.581368259606235824e-02,-1.027966786639851570e+10
3.319306168091453596e-02,6.690958849126449337e-02,4.458713554265323639e+09
-4.490553978552512537e-02,5.522853734581912866e-01,-7.307805801626675129e+08
1.725499352213584817e-03,2.077333105132725052e-02,7.465506478615694046e+08
4.212956822877818308e-03,1.341060831782631968e-01,2.823508816975752711e+08
6.275981400265479015e-02,7.170826884870822038e-02,7.866164568858769417e+09
-2.825835922174390127e-02,1.798314001641344514e-02,-1.412316504088682747e+10
2.257002337022024491e-02,3.469860445579899255e-01,5.846158946516724825e+08
1.462196856785722039e-03,2.539420735924733386e-01,5.175136422456751019e+07
9.685156926453894824e-03,2.751011861684446447e-01,3.164206492121987343e+08
1.530763914026583329e-02,2.286240825523001008e-01,6.017787644698524475e+08
1.446270971162205926e-03,1.275382297994200331e-01,1.019201145004766434e+08
1.059088343980534030e-02,3.418455666911876523e-01,2.784536112873302102e+08
-2.106543873386731644e-03,2.487303537085674282e-02,-7.611887124361799955e+08
2.104959130857154970e-02,1.758909616027101719e-01,1.075599924990355015e+09
-8.062436095758560017e-02,7.030711886012783740e-01,-1.030665176247352839e+09
-1.624963380644731809e-02,2.725666382934820997e-01,-5.358231817304069996e+08
3.893417064739813915e-03,4.464261472826535071e-01,7.838481234701022506e+07
-3.869400541660426851e-03,1.314218413950928865e-01,-2.646224941659853458e+08
3.438649283364350606e-02,1.850442938985608077e-02,1.670178174226420593e+10
-1.938847734360872946e-02,7.259901084648012759e-02,-2.400289461210668087e+09
1.992774292272844923e-03,8.678343298812245254e-02,2.063820415867150128e+08
-5.213719244781641476e-02,1.982539552650324222e-01,-2.363613157348433495e+09
-4.128932345912288485e-03,2.188731042915894459e-02,-1.695492947342645645e+09
-1.435140113278522310e-03,3.318777679519026996e-02,-3.886572390845394135e+08
-8.008271860137694542e-02,4.777042184317394913e-01,-1.506712356206485987e+09
3.333390790684576110e-02,3.148958253999805112e-01,9.514148951889127493e+08
8.448985440289737830e-03,2.211188693022630991e-02,3.434229979524386406e+09
1.843173208577957457e-03,1.431834594003191657e-02,1.156974844488363504e+09
2.209005087961007398e-03,2.079709269613484734e-02,9.546511651837236881e+08
5.780891067472028640e-03,1.541295429893216051e-01,3.371005906382597685e+08
2.220556925801761908e-02,6.041027049780917091e-01,3.303708716007311344e+08
-1.554093062661221578e-03,5.355961967790454636e-01,-2.607895324100967869e+07
-7.900496987945851424e-02,6.367546708583946002e-02,-1.115148978240477180e+10
1.786542851798078244e-02,9.435230198471070140e-02,1.701811897391972065e+09
-4.371475847726673941e-02,1.371666689938545458e-01,-2.864376548723643303e+09
2.466025227466988462e-02,3.066793196171248639e-02,7.227092983552116394e+09
1.540390913848006587e-03,4.742080278012299477e-01,2.919528134451222047e+07
-5.490731488823602513e-02,8.880634220195614270e-02,-5.556954514067476273e+09
-4.740691770315667158e-03,1.116826332586175474e-01,-3.815106732917217016e+08
-9.950757815722439947e-02,1.375174219539869458e-02,-6.503528574033058167e+10
1.996404102492258838e-03,6.261514269114029085e-01,2.865627243532947451e+07
-3.786863338138249293e-03,4.565958760069884770e-01,-7.454152374018800259e+07
1.672429824161838401e-03,3.261171083417803707e-01,4.609193483165320009e+07
-7.982688280727084917e-02,6.550855759566235337e-01,-1.095220973613265991e+09
-5.857799646949740646e-03,9.349778271149314923e-01,-5.630977864210978150e+07
2.296055439378133674e-03,4.289538541779992081e-02,4.810856625129948854e+08
-8.594552148923758836e-03,8.210928497638997348e-01,-9.407659694831882417e+07
-1.578467563302159973e-03,8.966786386016709076e-02,-1.582156560326053202e+08
-1.537512149071367309e-02,6.451801166455559677e-01,-2.141845793850283623e+08
1.550134033070444490e-03,6.778910551214900604e-02,2.055227802216709852e+08
7.916994878110275580e-03,3.867324696888092828e-02,1.839925954616219997e+09
6.865702368264026134e-02,1.355097482174335566e-01,4.553706678196311951e+09
2.612738272664856705e-03,3.451016223962573987e-02,6.804551798259129524e+08
-1.393980370947976721e-03,2.695787619006427827e-01,-4.647523584335378557e+07
-1.792379983023130756e-03,5.065606194725083555e-02,-3.180162258801855445e+08
-2.329403164727067779e-02,4.766578083591486992e-02,-4.392265334091991425e+09
3.926341683346981290e-03,1.320857381038930724e-02,2.671669801754293919e+09
-1.630105723118011746e-02,1.922276731974083275e-02,-7.621675975357305527e+09
1.763387742604242145e-03,5.533195381362918663e-01,2.864325901488146558e+07
-1.480084216650038621e-02,1.103380222914484426e-02,-1.205623904572476196e+10
-8.642507527597129841e-03,5.209605608500171570e-02,-1.491027104809575081e+09
2.515911405682824328e-02,5.462922532750738025e-01,4.139242973977912068e+08
1.224067082883559948e-03,1.429807533342140197e-02,7.694461954652764797e+08
2.129144579878889179e-02,3.861657634918140847e-01,4.955437510605658889e+08
-4.718318238859880651e-03,8.585620937181940304e-01,-4.939308336765918136e+07
1.540769889073452222e-03,2.988177501693809607e-02,4.634277217919712663e+08
-3.528443473659090713e-03,7.106452990061469244e-01,-4.462527394833869487e+07
1.742596032243134713e-03,2.055298237286084517e-01,7.620307372978812456e+07
8.426262325476434334e-03,3.993599288105462719e-01,1.896361403155024648e+08
1.202767891896453639e-02,6.925598014080196485e-01,1.560900301038206220e+08
-1.309827741275560939e-02,5.240344697369305749e-01,-2.246492369600504339e+08
1.641294592124170832e-03,4.787789324549669018e-02,3.081073969407055378e+08
-1.277562981839685391e-02,2.056494232162992264e-01,-5.583486133586804867e+08
-6.229173890387240675e-03,9.330819589628140953e-01,-6.000138572015063465e+07
-8.691011254149862142e-02,1.388215103511826198e-01,-5.626834809702852249e+09
-1.906764186088348969e-03,3.815979738382913738e-02,-4.490984378707583547e+08
1.785229570223125168e-03,1.905431614253003669e-01,8.420760655918961763e+07
-5.103584995057987815e-03,3.764744771385038907e-02,-1.218401518068573713e+09
-5.250924352264175338e-02,2.720367980399924224e-01,-1.734837197744567156e+09
-8.231179248791173353e-03,7.451558163764531173e-01,-9.928087176289826632e+07
5.845440486610537639e-02,6.803115276673719902e-02,7.722537601322457314e+09
-2.376923896666998867e-02,5.200197112874009875e-01,-4.108148078666858673e+08
1.417524795600710614e-03,7.972852915457840917e-01,1.597965985001426190e+07
-4.473387280365464028e-03,4.239108889094936328e-02,-9.484458586267035007e+08
3.479759253806077868e-02,3.712042736321468500e-02,8.425328623885385513e+09
-1.046318600462483976e-02,2.334733718713757206e-02,-4.027886355371586323e+09
9.928016131057360028e-02,1.306172335932976464e-02,6.831445549059194946e+10
5.650096707707822491e-02,5.824809420724180731e-01,8.718158877082983255e+08
-3.518103753492932834e-02,5.706853740326449376e-02,-5.540672995187944412e+09
5.648756628964986953e-02,2.751681744336851865e-01,1.845037849326256752e+09
-5.506123599916713796e-02,5.304739907525151121e-01,-9.328943852191169262e+08
-3.499528093763373121e-02,3.915769606647175743e-02,-8.032356425632548332e+09
-2.625799851600864321e-03,9.822003357010113123e-02,-2.402769771306641102e+08
-3.978019685823273865e-02,1.787463126919013739e-02,-2.000232385831269073e+10
-8.797964844389659020e-03,2.752597951016594324e-01,-2.872698570840891004e+08
-4.307864364201973058e-03,9.563249256990035141e-01,-4.048621375724908710e+07
-4.875557015244265380e-02,1.562872471278864972e-01,-2.803827663487148285e+09
1.475576166402589335e-03,2.282039057376702151e-01,5.811512510441361368e+07
2.305474025689549511e-03,6.279763505663636947e-01,3.299647625532632694e+07
-5.903832114014573307e-02,7.565354451892268850e-01,-7.013831642034223080e+08
8.071551944495962416e-02,6.346862561231585431e-01,1.143006158587678194e+09
6.300042085215162846e-02,4.546076902485053362e-01,1.245538886054650784e+09
-4.720554702889445502e-03,2.965152697282192121e-02,-1.430858177148593664e+09
2.384471643804575176e-03,5.427659263921286170e-02,3.948482383125645518e+08
-2.583668771527783403e-03,7.154840364675876252e-01,-3.245544034526771680e+07
1.384910373783084826e-03,1.618199845538651274e-02,7.692015157198982239e+08
4.657801260468918264e-02,7.239130839395622186e-01,5.782892861752249002e+08
-4.781659003207137937e-02,9.731035479494527518e-01,-4.416417927739958167e+08
-1.849001838132876109e-03,5.696663438791640388e-01,-2.917208023093270138e+07
3.503219585286172777e-02,1.081352673045297280e-02,2.911726777129729843e+10
-4.630250684936451123e-03,6.766310778781677859e-01,-6.150397452926411480e+07
-1.009287119264158129e-02,9.017328507612802913e-01,-1.005975624184818715e+08
-1.545804955940855135e-03,6.372524963588316327e-02,-2.180187113074709773e+08
-4.479652626649237301e-02,1.498352954689684269e-02,-2.687081431245228577e+10
6.745157462876667787e-02,1.624539241052293942e-02,3.731749683112645721e+10
1.612341462519742549e-03,4.378667823513832796e-02,3.309524807841569185e+08
-3.301378366596663828e-03,3.181826439542011914e-02,-9.325442167608615160e+08
3.123257620807777524e-03,2.016775825313587775e-02,1.391876812036827326e+09
-8.170062690244112025e-02,4.853054913169520951e-02,-1.513076206141131973e+10
9.802289441891910704e-03,8.668945357080048986e-02,1.016276480902984381e+09
-3.807244263520937703e-03,1.839060730524337550e-01,-1.860652575039119422e+08
-5.929837798902619708e-03,3.663270092455979399e-02,-1.454871016618170977e+09
1.686059165387018268e-03,4.295722070362086031e-02,3.527664328719148636e+08
-9.015369234609188487e-02,3.622693772895524411e-02,-2.236673087586614990e+10
-5.981925833339871851e-03,3.488851915666861536e-02,-1.541022948889772654e+09
4.109098410633134531e-03,1.117670250554786068e-02,3.304330427403377056e+09
4.127458885656543758e-02,4.870128758991184026e-01,7.617157414817752838e+08
-8.099199075363586187e-02,8.885715896070450759e-02,-8.192194764582994461e+09
-3.698451019188394532e-03,1.495277057652585374e-02,-2.223047896699790478e+09
-9.293398082421319706e-02,5.209427558435875127e-02,-1.603375177052566910e+10
6.985771879245465665e-02,1.077294855100052184e-01,5.828146127679036140e+09
1.135101750933603616e-03,1.648980244110865787e-02,6.186855309356132746e+08
2.096180523467880159e-03,4.681701394095380553e-02,4.024163239504718781e+08
1.588502288418716093e-03,2.295058624821715298e-01,6.220777663826066256e+07
1.229676451340339094e-03,1.516460594945684241e-02,7.288033242368670702e+08
-2.501089495033882726e-02,2.493024275912123638e-02,-9.016818814368783951e+09
8.083659180147671763e-02,1.424872956717795729e-02,5.098970145029974365e+10
-5.549132812595349538e-03,1.131104553409810476e-02,-4.409333896097067833e+09
1.119157701798836023e-03,1.874602142198680543e-01,5.365779193797957897e+07
9.433964683919991365e-03,2.788750222523855848e-01,3.040431662302610278e+08
4.050252807438537751e-03,2.502525803536360255e-02,1.454635512271446466e+09
2.982248187139966908e-02,1.896527190169602362e-01,1.413303153843753338e+09
8.366710886098390268e-03,1.975222619268764135e-02,3.807056569917322636e+09
-4.762810552476444068e-03,2.310597005238020085e-02,-1.852634381051706076e+09
3.992823028707096628e-02,2.766294943359338954e-02,1.297275443048294067e+10
-3.833791811549219341e-03,1.437592472273874766e-01,-2.396863786339320838e+08
-1.648152413905101116e-02,6.106841986690373369e-01,-2.425667706322241426e+08
3.934770511030184076e-03,3.325346902211936961e-02,1.063489162054246545e+09
2.362467146906107457e-02,4.382688223770765390e-01,4.844799618516410589e+08
-7.461573263486447928e-03,1.856351015689217676e-01,-3.612608720420079231e+08
3.154390107121424203e-02,9.975376159963219580e-01,2.842082882601788640e+08
6.012977243844062208e-03,8.590368583832690419e-01,6.291125954113923013e+07
-1.702082836363847176e-02,4.520744049701588829e-01,-3.383930161312385798e+08
-3.146386530434714529e-02,4.781384443845135279e-01,-5.914377326906808615e+08
4.481422732329026076e-03,2.265043299145677591e-01,1.778238556813046038e+08
-1.081420295639394513e-03,1.110186852244494232e-02,-8.754856954727689028e+08
-3.641630417309921208e-02,1.627523703676363523e-02,-2.011032845247798538e+10
1.562259327536757829e-02,7.359929994748412030e-01,1.907787773425014615e+08
2.162194886779279877e-03,3.012753975033087908e-02,6.450327807763936520e+08
-4.626013287205310576e-02,5.438210913096626076e-01,-7.645421739709159136e+08
-6.920028235174273228e-03,4.137625410239718637e-01,-1.503167282553718388e+08
1.292388830480624591e-02,1.476055214988171785e-02,7.869392567530578613e+09
8.250464791500019060e-03,1.656408690474428860e-02,4.476736506281756401e+09
-2.653508484438694623e-02,6.638613867602407570e-01,-3.592474466927347183e+08
-4.406322502605371227e-03,1.098592443658041873e-01,-3.604875673480957150e+08
4.096726086627296669e-03,1.274465406925750777e-01,2.889079507807987928e+08
6.310915178299942793e-03,1.749948553181602390e-02,3.241288440590179920e+09
-1.002195342017911384e-02,1.341313642452465066e-02,-6.715411907791518211e+09
-1.086613279760527623e-03,9.115801226034507543e-02,-1.071348534925621897e+08
-1.117239678264800480e-02,1.169033419538172136e-01,-8.589542695632892847e+08
3.778081019429396867e-03,1.034913589964064906e-02,3.281087372102480888e+09
1.080154786643965732e-03,8.919285305677605857e-02,1.088445170526871383e+08
5.751659555444793570e-03,1.177068255661362361e-01,4.391795839085468650e+08
-6.065117135346994454e-02,3.770719715598719324e-01,-1.445657985217611790e+09
-1.351400557409810146e-02,9.809777791414194814e-01,-1.238156500464633703e+08
-7.051850157250169615e-02,3.739890532858707040e-02,-1.694707702479315758e+10
5.485235219189671385e-02,8.529675701288889078e-01,5.779807238674863577e+08
-3.529009478466734601e-02,5.816475509640584712e-02,-5.453100971732290268e+09
-6.322077183937065137e-02,1.449092251208475290e-01,-3.921158322040710449e+09
-4.710017922062092847e-03,3.338863524141460343e-02,-1.267869370991667271e+09
2.564369743595142082e-02,1.072314955312116125e-02,2.149358698862362289e+10
-4.667682248338502621e-02,1.106189981064738398e-01,-3.792470240062772274e+09
3.371844848677513218e-02,9.851099954543561521e-02,3.076333930282915592e+09
-2.847801266009912513e-03,5.517144336713862562e-02,-4.639230502481110096e+08
-4.893012526466566925e-03,9.595516111163677753e-01,-4.583092334404747933e+07
1.722908076970516757e-03,1.766463943422570335e-02,8.766130833181844950e+08
1.520555374930055575e-03,4.008375802735293925e-01,3.409450796316078305e+07
7.995637373645117507e-02,1.161940123189695792e-02,6.184718808452983093e+10
-1.339347220437762075e-02,6.209094296944500657e-01,-1.938722022349346280e+08
-1.980842786219312937e-02,4.731436961588381118e-01,-3.762769094721158743e+08
8.310046946845350141e-03,8.898090954453172219e-02,8.393773674392197132e+08
1.858566110971053825e-03,3.227011924387803155e-01,5.176402783993504196e+07
1.034457527856777947e-03,5.563148161701991778e-02,1.671254755970813632e+08
-9.679051870717202133e-02,4.084567566436294594e-01,-2.129792783274577856e+09
1.016265981312811442e-02,6.691032454614946612e-02,1.365101268075456381e+09
1.561800424448022209e-02,1.178431243283044848e-02,1.191164952091139412e+10
3.507657133254742272e-03,1.831631570288958996e-02,1.721193245729663610e+09
1.653940026125513135e-02,3.851135000440985001e-01,3.859949589145390987e+08
6.370216193153413475e-02,7.955436057077686085e-02,7.196822651528678894e+09
-6.017330644355124020e-02,2.803955642120325997e-02,-1.928782937335665131e+10
-1.030056026462563157e-03,6.562556661054429474e-01,-1.410712126492420584e+07
-3.128290032656081982e-03,8.060127352279610191e-01,-3.488315240687433630e+07
9.519503921635993557e-03,1.674455934938853530e-01,5.109650699061689973e+08
1.261683023008878038e-02,1.025812073561439483e-02,1.105434644555973434e+10
2.985906278108628117e-02,3.743193756338777933e-02,7.169427584710772514e+09
-2.893641971737236432e-03,5.887945142496091577e-01,-4.417043318223123997e+07
-8.473726675247257589e-02,2.561411484669808836e-01,-2.973347831961107731e+09
3.367635016548466836e-02,4.521585607564030940e-01,6.693987194061809778e+08
6.023859854888954923e-02,2.605360266275896092e-02,2.078058131118582535e+10
-4.520569963790146105e-03,6.653034156806576782e-02,-6.106945725791014433e+08
-5.393174186858825866e-03,5.961812131528169273e-02,-8.130491106614072323e+08
-2.038284365356869340e-02,1.057201897699286269e-01,-1.732835982518893480e+09
-7.235157824757777745e-02,2.918358630612369331e-01,-2.228229743425091267e+09
-1.135159721216551926e-03,6.246552465226428569e-02,-1.633304651977024972e+08
-1.431442427166213123e-02,1.168108937426614868e-01,-1.101390070563250780e+09
-8.054460571989767448e-02,5.094168322196470644e-01,-1.421064490204399586e+09
9.740213440671613432e-02,1.404385988539888219e-01,6.233509192640386581e+09
3.658510986748851699e-03,1.752111340510903101e-02,1.876693204089457273e+09
-2.223369667941638150e-02,8.843994994711190660e-02,-2.259507601694136620e+09
4.001128223912728266e-03,1.668104451716131975e-01,2.155806844163527191e+08
-6.799391387333152126e-02,1.185474580754633696e-02,-5.154996953669340515e+10
-7.557925182663341457e-02,2.023699651109715780e-02,-3.356658428542683792e+10
4.098029176903572081e-03,7.015420725903034338e-01,5.250152796877209097e+07
-2.898915480413531611e-03,9.150048023685607157e-02,-2.847493873257176280e+08
4.988211789021630704e-02,3.527860693174270090e-02,1.270820099915101242e+10
1.259838163133199067e-02,2.688058121023699509e-02,4.212372059677479744e+09
8.319193660120152017e-03,2.784316832380457352e-01,2.685426063562564850e+08
-1.296659607104500359e-02,1.238551878868415640e-01,-9.409410116147729158e+08
-2.462226467302417333e-03,3.296156565390612192e-01,-6.713836819668558240e+07
-4.963625320756937659e-02,5.306820625142454340e-01,-8.406499690281592607e+08
-3.441290292063869244e-02,1.793915823408107069e-01,-1.724129437726856709e+09
-1.923721437313679608e-03,2.761700860293676493e-02,-6.260603039814115763e+08
6.503019620042803199e-03,5.294719313252726350e-02,1.103882225972474575e+09
-5.309396449159202967e-03,7.817221778590736081e-01,-6.104405009578075260e+07
-3.089540210320438143e-02,2.772928645556222982e-01,-1.001395824110650897e+09
4.304851753378990953e-02,1.251592707600940879e-01,3.091333031754016399e+09
-6.821133353482425332e-02,7.505876247734120932e-02,-8.167812483556221008e+09
-3.134752121659531432e-02,8.299794690359738603e-01,-3.394583327360813618e+08
-5.362020282238839225e-02,1.929364270391435016e-02,-2.497841282934826660e+10
2.556472778728040990e-03,8.433170578031830011e-01,2.724588418119977042e+07
2.030246428216743101e-02,9.776737397531245488e-01,1.866402997288779914e+08
-1.739255850838113820e-02,1.187072949583343855e-02,-1.316851135946090126e+10
8.289108858873000391e-03,5.288399296175020359e-01,1.408750952634786665e+08
2.878323387347291734e-02,8.578954547480487358e-01,3.015475733731772900e+08
8.495309559695968238e-02,2.398064955507987067e-02,3.183969394913754654e+10
-8.405030544717022323e-02,4.483144978075756515e-01,-1.685028034756182432e+09
2.906594254239184584e-03,8.627884056284915171e-02,3.027824708632774353e+08
8.059266782115055705e-02,1.840961001265077890e-01,3.934608828047327518e+09
-1.188273412169571800e-03,5.536788010144142597e-02,-1.928897287546952367e+08
-1.077537601705490494e-03,1.836182090223414595e-02,-5.274330080301632881e+08
8.165266359522710404e-02,8.510444378777606844e-02,8.623205523787322998e+09
1.907357958348863958e-02,3.612330451702502887e-01,4.745646140598009229e+08
-7.847824596142617681e-02,3.051538721239892005e-01,-2.311431464975135326e+09
1.121142426457832214e-02,1.899233785863608248e-01,5.305581356179486513e+08
-1.731800688493977461e-02,5.069640011720210476e-02,-3.070233489188729763e+09
-4.349172587503612880e-02,1.719375396966655589e-01,-2.273455994764319420e+09
-4.149324257484428291e-02,9.306292277957621539e-02,-4.007294914463094711e+09
3.610468205318852555e-03,1.340372800476826408e-02,2.420965144802073479e+09
5.088110238081162279e-02,1.636991970903415444e-02,2.793576580019924927e+10
-4.684155284119038976e-02,6.624562439248260493e-01,-6.355133885337918997e+08
-1.250376417636114498e-02,7.438880895166005702e-02,-1.510719334080290794e+09
-7.117579115391957888e-03,9.891254645410885171e-01,-6.467427051918707788e+07
1.313823991629948498e-03,6.888351945867022819e-01,1.714243368866263330e+07
2.249165691812964399e-02,6.142328685759858020e-01,3.291084370857589841e+08
1.228176195163675245e-02,5.563674471803660426e-02,1.984036155699263096e+09
7.071378083975335405e-02,2.711143102096101598e-02,2.344240879475054932e+10
6.669639238508413837e-02,4.138845654423818909e-01,1.448350690872975349e+09
-2.094759944812461805e-02,2.831343305698046375e-01,-6.649551403921723366e+08
2.658861137211854589e-02,3.563256148000058798e-02,6.706550999161063194e+09
5.889291634474684567e-02,1.790461026887047238e-02,2.956302067344375610e+10
-2.730907395016713649e-03,1.999022766841021537e-01,-1.227834554740694612e+08
-4.111381133567480056e-02,1.296508625664229489e-02,-2.850118692729654694e+10
-2.528592802362915337e-03,5.345623001168965660e-02,-4.251392369648775458e+08
2.051336676499769529e-02,7.336597938076351300e-01,2.513002055938316584e+08
3.810729776888207524e-03,2.628978604316255241e-02,1.302781912306632042e+09
-1.268156052066762678e-03,4.080469821609252618e-02,-2.793271477414568663e+08
-2.352406718966328775e-02,3.743943420887801271e-02,-5.647207589063591957e+09
3.653845925042139425e-03,5.787705875178851267e-01,5.674066165526550263e+07
2.572797999409636577e-02,1.062819752865448858e-01,2.175688370612414360e+09
-6.282204333416404295e-03,2.603089533881344092e-02,-2.169070013022987843e+09
6.036760250612841633e-03,8.882509651842612763e-02,6.108278900787711143e+08
1.540547766524842134e-02,1.348266689040277660e-02,1.026951615099173927e+10
3.988167338045360555e-02,2.631863846034866450e-01,1.361948145150131941e+09
4.188756392800529332e-02,7.781555188897268382e-02,4.838038500026730537e+09
-5.485633983413858161e-02,7.302287462571859233e-01,-6.751783684866665602e+08
-7.304946245676331718e-02,3.340637198509092687e-01,-1.965342881555330515e+09
3.359677451912897444e-03,6.023796606059742681e-02,5.012771444197429419e+08
2.030479993265178057e-02,2.634150475538688668e-02,6.928013936342580795e+09
-3.045161012336805844e-03,7.635135525330140338e-02,-3.584628297727988362e+08
1.553117202505118269e-02,3.898836878371289005e-01,3.580303005124972463e+08
-1.060909242046533148e-02,1.764612074373637929e-01,-5.403555351382327080e+08
-2.768033611832017814e-03,1.682533028596570612e-01,-1.478626139279530644e+08
2.072249567735659145e-02,1.687527156386260316e-02,1.103676780048063469e+10
-1.166509620043499999e-02,3.047892053527372913e-01,-3.439848863496608138e+08
1.075095486153965392e-02,1.131371475228839935e-01,8.540679641795918941e+08
2.135869749717828926e-03,1.221985207658331588e-02,1.570939408369794846e+09
2.746362571593384191e-03,9.632200455670585360e-01,2.562612722649558261e+07
2.020313952604634641e-03,1.539386400203839877e-01,1.179564886858813912e+08
-1.983397564527560400e-02,4.282567069871364568e-02,-4.162518921774241924e+09
-2.042763701255272991e-03,2.008195031195484856e-02,-9.142455649650839567e+08
3.670185645227417356e-03,5.533334704785060065e-01,5.961447307783450186e+07
-7.131323333973783700e-03,4.764945756589732823e-02,-1.345125435670104504e+09
-9.408867737309357937e-02,8.728796140087764777e-02,-9.687988870270858765e+09
1.580564256998824146e-03,5.392911235036881856e-02,2.634143939975028038e+08
-1.731426299751742193e-03,3.739293443857565069e-02,-4.161645472914215326e+08
-6.857291038023949348e-02,1.512910571656047622e-02,-4.073708441644477081e+10
-1.032417141313461467e-03,6.607990928717336621e-01,-1.404223984988221340e+07
-8.480740571996337948e-03,1.357333912638437057e-01,-5.615619799577199221e+08
8.873563548351144636e-02,1.317627286395129660e-01,6.052796910262566566e+09
-2.294586016141482096e-02,2.106236606092097910e-02,-9.791467898354124069e+09
-1.692724251016170314e-02,8.124241393205513528e-01,-1.872638791776112616e+08
2.274675991874433156e-03,2.365673062235418636e-02,8.642023393344237804e+08
-1.052498229559385408e-03,3.241214269653065472e-01,-2.918530592774075642e+07
-7.846759004963058115e-02,5.619555284978536291e-02,-1.254986299326745415e+10
2.246235274182028022e-02,1.349313957510881422e-02,1.496211017983863449e+10
1.693761360345361630e-03,6.225710147261995786e-01,2.445197495244076103e+07
-5.206287291820858691e-03,1.750891157878534457e-02,-2.672511596537702084e+09
1.552020995454663453e-03,1.772219456533825344e-01,7.871014458208751678e+07
-1.894446037658490192e-03,1.464577200657796174e-01,-1.162573952502774894e+08
-1.323297191913116880e-03,9.778105637721188348e-01,-1.216335225909868442e+07
3.992230344245267792e-02,8.917509689824972829e-01,4.023672452875322700e+08
3.168505284950168775e-03,1.088768539093582649e-02,2.615588933001749992e+09
4.555544456742302573e-02,1.496977917870694584e-02,2.735114509921677017e+10
-2.407278825243694409e-02,1.058059852749850850e-02,-2.044875060846715164e+10
5.469917185958735051e-02,7.555975798370655194e-02,6.506400779515941620e+09
-9.661034315684366436e-02,7.187122219153968539e-01,-1.208145422691283226e+09
4.888132025716264081e-03,2.213309659290085551e-01,1.984958203458565474e+08
7.997501213259532171e-03,1.062524038255917291e-02,6.764974576035164833e+09
7.295817880817483114e-02,5.232744857005837691e-01,1.253126872781968832e+09
-2.602336256957523200e-03,6.349262468859993847e-02,-3.683755102153155804e+08
-3.004070263111109033e-03,1.766836738949964791e-01,-1.528144009870894849e+08
2.671962778960325011e-02,1.043343982215928951e-02,2.301725382091344833e+10
-1.153001144994462036e-03,1.312807040683346832e-02,-7.893678964824573994e+08
1.320069226760208284e-02,2.423957877590401933e-01,4.894656924578727484e+08
3.487415607485085112e-02,1.097961990959644106e-02,2.854743015912671661e+10
-2.012294641736897972e-03,2.322176607156811456e-01,-7.788376600442478061e+07
6.279972691744510616e-02,3.157036177639058749e-01,1.787840680153659582e+09
-1.092922170340855431e-03,8.863729402457416751e-02,-1.108213318094678372e+08
1.007747818594304564e-03,1.791788109205997084e-02,5.054938019420007467e+08
-3.840911433564304488e-03,2.534036364925600915e-01,-1.362297841097225249e+08
1.262827815622005745e-02,1.199451269787166069e-01,9.462636320650051832e+08
3.363619704493807372e-02,3.989297529610406068e-01,7.578113023393561840e+08
9.836537873135006368e-03,5.368064321303092634e-02,1.646930133351919889e+09
1.217764694860528794e-03,1.802681635781250638e-02,6.071485508165391684e+08
-1.598725597622141156e-02,7.860679989610513951e-02,-1.827950497849812031e+09
1.947756008713327075e-03,1.073835045830486973e-01,1.630225182753325999e+08
9.535806506186489395e-03,1.852481636891687711e-01,4.626516728117372990e+08
-5.627997548136351447e-02,1.619207993804611112e-02,-3.123934207206152344e+10
-1.159666349280136753e-02,2.089058448272777119e-02,-4.989224916109673500e+09
-1.473020097565156490e-03,3.528459799975872113e-01,-3.752097513761225343e+07
-1.534519753049211170e-02,9.368358111693972368e-02,-1.472175608786347866e+09
-4.688680100760175828e-02,1.903585428852652972e-01,-2.213751402013647079e+09
4.377744371964310127e-02,3.064694401929422135e-02,1.283848688136632729e+10
-5.670680809628389496e-02,3.317541279451557967e-01,-1.536276846972889900e+09
7.552009154996533469e-02,5.448173409170761761e-02,1.245839808626224899e+10
1.400886906831419693e-03,2.799236948228059907e-01,4.497943881214087456e+07
4.805623302020486237e-02,5.075235811495128896e-02,8.510285255066921234e+09
-1.707051408777530629e-02,2.323538581061761546e-02,-6.603091730668175697e+09
-1.578973759568256391e-03,6.667880429886412497e-01,-2.128323927905704081e+07
7.818164329031412896e-02,1.350963832612369145e-02,5.201297446381241608e+10
1.566790539020245995e-02,2.424949109701576566e-01,5.807094987128894329e+08
-4.348107404597772313e-02,9.830756783040120461e-02,-3.975245274367268085e+09
-2.802286819459308756e-03,2.275332903659376543e-02,-1.106925150608198643e+09
3.949641085219574715e-02,6.443434036220603567e-02,5.509229488018686295e+09
-3.511413756102337719e-02,4.407605192642772285e-01,-7.160278893793933392e+08
-1.508470647092588317e-03,6.043260674467666460e-01,-2.243448757491809875e+07
7.824953845365745231e-02,8.596039237046201875e-02,8.181520327198898315e+09
4.972921296889859857e-03,1.467477210140723243e-01,3.045726057752294540e+08
5.698420348007402630e-02,5.324221431495530094e-02,9.619422304322828293e+09
9.472876181668435369e-03,6.929822548797467396e-01,1.228599587771024406e+08
3.269948758362927095e-03,1.418857518161165121e-01,2.071346618628345430e+08
-5.103225065975194874e-02,7.838872885364898957e-02,-5.851156558706641197e+09
2.604139246349198092e-02,2.501445504334854353e-01,9.356723054043476582e+08
-8.575780333475313197e-03,2.825008145970323015e-01,-2.728378144749268889e+08
2.497879049199122972e-02,5.190228920278522340e-01,4.325491973530113697e+08
-1.842044800900270079e-03,2.625126624144126855e-02,-6.306676438941161633e+08
1.747689750962899344e-02,2.023693468786658470e-02,7.761939041382680893e+09
1.947448435460469307e-02,3.622107274456169979e-01,4.832315451454920173e+08
-1.354076432804130273e-03,8.457880149126724145e-01,-1.438905494617341459e+07
-2.770118964026476588e-02,1.308668826588318124e-01,-1.902476414614625216e+09
1.459323041948649632e-03,3.420003066851583229e-02,3.835090021404687762e+08
-7.191639486056489172e-02,1.393812448348838787e-02,-4.637396048809333801e+10
-7.938693570716741366e-03,2.528113082841635870e-02,-2.822299903907604694e+09
1.984211232598341677e-03,3.451308866750446569e-01,5.167193140250033885e+07
3.051252362688775324e-02,1.269199355971100188e-02,2.160722050490401077e+10
2.239606011904324203e-03,7.962515443328729292e-01,2.527970230115008727e+07
2.344417600616127695e-02,1.880169109001820493e-01,1.120698210631205559e+09
8.239463022295046013e-02,2.169440045476375423e-01,3.413515465713397980e+09
5.423805828103776122e-02,4.783769161226309602e-02,1.019024291802569962e+10
-4.253309185583355190e-02,4.444451857421908847e-01,-8.601206334435877800e+08
1.315805693363317468e-03,1.943904568869971039e-01,6.083695084508573264e+07
-8.812234190925367916e-03,2.372764198921580581e-01,-3.337967221827941537e+08
-3.523737472599862332e-03,3.883725448687188470e-02,-8.154655946012005806e+08
3.254642877518056088e-02,1.079930362645263875e-01,2.708683163524850368e+09
-2.494734505611845982e-02,1.720646110630325715e-02,-1.303116954095067215e+10
3.268578981928308910e-03,9.452655390184096229e-02,3.107819423767362237e+08
1.412326316325200615e-02,3.275274079666518068e-02,3.875591740040277004e+09
-5.674420266110007625e-03,3.020560632718058414e-01,-1.688435824935076535e+08
6.455449505547786182e-02,1.617171649658520061e-01,3.587740206152718067e+09
3.592331549786745900e-03,1.735234030147505754e-02,1.860668368669425249e+09
1.989367291442635782e-03,4.504882697811063430e-02,3.969009190568394661e+08
-2.408233591505559712e-02,2.140392725645404726e-01,-1.011243543842482805e+09
-8.401828302883254662e-02,1.941261311453644500e-01,-3.889917774025424004e+09
-4.320380883849156417e-02,1.569303233068531089e-01,-2.474376513079444885e+09
-3.006651837333847166e-03,1.320195212874429036e-01,-2.046895190282058120e+08
7.174906999842527167e-02,4.396215782669097849e-01,1.466857390970730305e+09
-2.489645757421708044e-02,3.376389227536543552e-02,-6.627285339925821304e+09
2.128925347169328963e-02,1.338475339022927001e-02,1.429554369229571915e+10
-1.145402009186836587e-02,3.432858358286333678e-01,-2.998835714172752500e+08
4.886969591894218395e-02,2.351546706263189790e-01,1.867826987116185188e+09
9.499655553943008035e-02,1.402541692008311101e-02,6.087552181510344696e+10
1.565132169873556089e-03,2.204884428778396688e-01,6.379928417394142598e+07
-2.702428300316738266e-02,4.800988527961123215e-02,-5.059110093456527710e+09
4.400027097200906109e-03,6.234236944769229183e-01,6.343408282386766374e+07
-7.072190519152679600e-02,8.038065249743796548e-01,-7.907752037787010670e+08
8.094334520748022732e-03,1.228395689083220110e-01,5.922342004773304462e+08
1.068273350735299103e-03,2.668987865074181620e-01,3.597380810687447339e+07
3.037536481363287480e-02,1.554023535306605919e-01,1.756768473593282461e+09
1.136086886657252520e-02,2.939954275926387472e-02,3.473134398062646866e+09
9.812153887802692320e-02,9.595122556249042756e-01,9.191035485840685368e+08
-1.378160534444317076e-02,1.211874992311578851e-02,-1.022098153717910004e+10
1.130138979581924190e-03,1.914779710056266071e-01,5.304734541664160043e+07
3.296223552812768687e-03,1.895143726027831432e-01,1.563238075499744415e+08
5.501431538531097523e-03,1.172951785958201848e-01,4.215471624705361128e+08
-4.145667089880165392e-03,8.943002381524989275e-02,-4.166407035120720863e+08
1.798998304808291718e-02,5.364714561987316693e-02,3.013941044424307823e+09
-2.200305575857696566e-02,2.471515345398958563e-01,-8.001479674198043346e+08
1.108322150884714224e-02,4.586691168333432711e-01,2.171786515569644272e+08
1.389199250489431964e-02,4.718061158297579549e-01,2.646376263369705081e+08
1.118206871525110821e-02,1.143304193824823921e-02,8.790447378693122864e+09
-5.127511467226217312e-03,1.410502319942253530e-02,-3.267258179139119148e+09
2.072945484665013501e-03,2.682411750569833886e-02,6.945652583054010868e+08
-1.874828930798872959e-02,5.406846055022712649e-02,-3.116508103583933353e+09
-6.249982003667727687e-02,1.278808917723919282e-02,-4.392620954740186310e+10
-1.715797355840233129e-02,4.148443491193643667e-02,-3.717332715947412968e+09
-1.789406897559333090e-02,1.432787929883033197e-02,-1.122477931073566628e+10
-5.208147908619893685e-02,3.894063063294185556e-02,-1.202073290051550293e+10
1.398873938173929949e-03,2.227311536006385678e-02,5.644795735249804258e+08
-3.331962869029276002e-03,1.359678751741271591e-02,-2.202492613893099785e+09
-3.948376683575739038e-02,6.421472126905823641e-02,-5.526301754304460526e+09
2.888809403950905186e-02,1.211211602359714770e-02,2.143628316023846436e+10
-6.602183330465900835e-02,1.047329919334005072e-02,-5.665714519102074432e+10
-1.189952154413192673e-02,1.345272707416683422e-01,-7.950048654396959543e+08
1.136474281434320457e-03,3.900569823442453510e-01,2.618678447323557362e+07
8.913318190527119711e-02,6.868875344360265700e-01,1.166284204445029974e+09
-4.530499132522431728e-03,5.761649634876764292e-02,-7.067239748866056204e+08
-4.830304446338463259e-02,8.778069872695735132e-01,-4.945680871805039048e+08
2.737186890416274093e-03,5.130553359873355618e-02,4.795024834573909640e+08
-3.939868151000176788e-03,2.628236271155379722e-01,-1.347311144338476956e+08
1.580674676599938891e-02,5.944152329581153804e-01,2.390029071232033372e+08
-5.142304652321715193e-03,6.142237353630178864e-01,-7.524572414223064482e+07
-3.253897874684680280e-02,3.379732159907688355e-02,-8.653110552400091171e+09
-1.013445803465924840e-02,5.151418617469988304e-01,-1.768171164642265737e+08
-1.101610300278753731e-03,8.913828154459536579e-01,-1.110744954286210984e+07
-1.974631384340969770e-02,1.587162191845109538e-02,-1.118189330845446777e+10
-7.799473083636539877e-03,1.848791350457233140e-01,-3.791647727603782415e+08
-1.225316786507608339e-03,8.968952263944944547e-02,-1.227883855101470500e+08
8.610302699545581417e-03,1.995426502414102965e-01,3.878227681300510764e+08
-9.878619739499110153e-02,3.498346855812043965e-01,-2.537955597911544323e+09
6.677860083464953744e-02,1.335559854930297788e-02,4.493912140705806732e+10
-1.381754174033246810e-02,1.564608660384405048e-01,-7.937352606609508991e+08
4.566131869451273313e-03,3.675343293418432689e-01,1.116609086667034924e+08
2.200486588332530719e-02,1.672923018574874049e-02,1.182206621260321236e+10
2.778163499283115359e-02,3.389353832089050389e-01,7.367014250851066113e+08
1.371680787168255179e-02,5.522106574939728008e-01,2.232538154579128325e+08
8.675206846313965325e-02,2.197990630151162583e-01,3.547354736702389240e+09
2.304464851305698236e-03,4.925517603413597234e-01,4.205027412058818340e+07
-2.897195283283476950e-03,7.018296504086013465e-02,-3.710194487158856988e+08
-4.026591990464613476e-03,1.584272181929548967e-02,-2.284327915742674351e+09
7.754867150047625723e-03,3.540221738754433661e-02,1.968767883165592432e+09
2.168701438358539881e-03,4.509308079672527669e-01,4.322554504698347300e+07
6.859061539956756715e-02,4.546358938106009329e-01,1.355974733335159779e+09
-1.824091441617682434e-03,4.256498637894375880e-01,-3.851631459397915006e+07
1.638803994031477231e-03,3.342676566492101126e-02,4.406393472928337455e+08
8.102612887664147404e-03,6.065008101481637048e-01,1.200727129964738339e+08
-2.914752255218373833e-02,9.707182586796334611e-01,-2.698727700463895798e+08
3.086485866753986909e-02,6.186754665499609729e-01,4.483859714620746970e+08
-2.026665035141504007e-02,2.904986760658022638e-01,-6.270301672494430542e+08
-8.445242355280621269e-03,7.969970263850661985e-02,-9.523707191220890284e+08
6.908736428428732812e-02,7.052505256463820205e-01,8.804522837292920351e+08
-1.036768695150257907e-02,3.381131306661855351e-01,-2.755944432391589880e+08
-2.368632397901794268e-03,3.855315968618670541e-01,-5.521897062627349794e+07
2.736915066012377776e-03,1.360470020179693484e-01,1.808102150220093131e+08
4.576672708606428254e-03,4.518392486298882238e-01,9.103670310327166319e+07
-7.866638762977605157e-03,3.287242843456105179e-01,-2.150839667811146080e+08
-8.099029585818512400e-03,8.162379664582848637e-02,-8.917986531652387381e+08
-6.865465546411458897e-02,7.171879188756581369e-01,-8.603747277946869135e+08
-1.200563105938754708e-03,2.098898299047268212e-01,-5.140959893877014518e+07
6.189996414074013485e-03,5.819148221402105081e-01,9.560521805777795613e+07
-2.449285842160744964e-02,7.161546400143586899e-02,-3.073854315306882858e+09
6.975302480803731442e-02,1.270818815078647926e-02,4.933214820292404938e+10
-3.569894756442217737e-02,1.398769601512400984e-01,-2.293822697243029594e+09
9.229126834959570924e-02,4.212849022381332520e-01,1.968952945606740713e+09
-3.111879282807349795e-02,4.726351991012212039e-02,-5.917623051598843575e+09
-1.161004303977831650e-02,1.030424334018849170e-01,-1.012670926825923681e+09
-2.453206761557566104e-02,2.921499484188079879e-02,-7.547080066022398949e+09
3.239149072463069073e-02,1.282762015882301515e-02,2.269527567942712021e+10
2.911373370969619692e-03,8.255912929809068324e-01,3.169446458745249361e+07
-1.543250938470146563e-03,2.106805433642284509e-01,-6.583589414886771888e+07
-9.235205921013865671e-03,4.156160880931241142e-01,-1.997123175878079832e+08
4.360101272815259527e-02,1.087368057315802883e-01,3.603882510614065647e+09
-3.474187529751813705e-03,5.170913441586516557e-01,-6.038604794184967875e+07
1.551589127348058450e-03,9.325577959243233073e-01,1.495380072649020515e+07
9.200871104236900411e-02,1.692191437855156966e-01,4.886861961364432335e+09
6.566080849444615522e-03,1.407360576312315613e-02,4.193256830914588451e+09
8.744151651275377732e-03,7.444457439549503341e-01,1.055687180946907252e+08
7.631502970837096556e-02,6.442813672798186619e-02,1.064596721246422958e+10
1.904264909108224421e-02,1.676502342121979627e-01,1.020877937760644197e+09
-3.304637413367119553e-02,6.515144186759017630e-01,-4.558798557773478627e+08
9.759328641066350452e-02,2.467037188035957063e-01,3.555452370923379898e+09
-1.227868450071983863e-02,1.122807546695654968e-01,-9.828723906831835508e+08
4.022150934686458817e-02,4.779114841988486573e-01,7.564174087232061625e+08
-1.262536184155200287e-03,4.208127739568087722e-01,-2.696531746204089001e+07
-5.990305513659836475e-03,1.091692136853316397e-01,-4.931731324622461796e+08
-1.788558414659702396e-03,3.370496391936235459e-02,-4.769357535797074437e+08
6.190438081200804257e-03,1.884685845427292172e-01,2.952113382033315897e+08
1.865119210828643931e-02,4.508687331082007060e-02,3.717980390325450897e+09
7.610716910528370072e-02,1.629793680893498742e-02,4.197044335254132843e+10
-5.205592581246542422e-03,3.778136099481898547e-01,-1.238349390424608588e+08
6.994912203651591776e-02,4.564438947387853412e-02,1.377353711757708931e+10
-4.041771145189755610e-02,4.096720441843644811e-01,-8.867189880769666433e+08
-1.365262223901325764e-03,2.930662225645332825e-02,-4.186980376436291933e+08
2.999086226316224554e-02,4.025066313612603031e-01,6.696787692736279964e+08
-4.588879844344364439e-02,2.081093705169060823e-02,-1.981826672071554947e+10
-4.187613528662069429e-02,6.132563493060021464e-01,-6.137269001461164951e+08
-4.147871530693442166e-02,2.938534108463146041e-02,-1.268659801374027443e+10
4.289916164354211185e-03,2.304280934894023802e-01,1.673262186997664869e+08
-5.877171404440094740e-03,3.220874120362666321e-02,-1.640005193405984640e+09
1.507331344691218225e-02,8.290720798089306065e-01,1.634056462004279494e+08
-6.569959277849249032e-03,3.451860648480091776e-01,-1.710645585979270637e+08
4.128230233793971082e-02,4.405136879661066818e-01,8.422773475522706509e+08
-5.337920464942429513e-03,1.661773739189970067e-01,-2.887026865447678566e+08
3.824198190173824785e-02,3.324342250005317412e-02,1.033916058584161949e+10
1.762418940569479911e-03,3.328379723039025240e-02,4.759122703465894461e+08
-7.539363695360790964e-03,4.363754594229900946e-02,-1.552833863064204216e+09
-6.244769101491572799e-02,1.644696336781349133e-01,-3.412567719263727665e+09
-4.519981538454563227e-03,1.328096367128972499e-01,-3.058846548907567263e+08
-3.569928476788436847e-03,1.616806526568872332e-02,-1.984504462602891207e+09
2.933797444557759149e-02,2.558370926093805203e-02,1.030664300003319359e+10
-1.172566221524381624e-03,2.712856352449812269e-01,-3.884733218929675967e+07
5.693314973865823414e-02,2.594760230866981557e-02,1.972053062735214615e+10
1.789328316920013595e-02,5.191541854244392795e-02,3.097735220284901142e+09
-5.428556029604238858e-02,1.048268385783567708e-01,-4.654386611859955788e+09
-3.860429003487415075e-03,9.598105220757500999e-02,-3.614936571902478933e+08
9.919353765533626965e-02,1.386582938443466362e-01,6.429662036371561050e+09
1.202522181816113086e-03,2.252082253799300021e-02,4.799096315375540257e+08
-1.207596952888820296e-02,1.310945328498749063e-01,-8.279193758517187834e+08
-4.977838884700055283e-02,3.665073117202222175e-02,-1.220699624886040115e+10
4.279129312992858980e-02,5.128729086790671104e-02,7.498877689422205925e+09
-9.175623039654395852e-02,4.478718313992738898e-01,-1.841333408507324219e+09
6.683571990279628394e-03,6.071076756507978733e-02,9.894492529680578709e+08
8.347569881148358267e-03,1.133368078572049992e-01,6.619721297373723984e+08
2.150195560212044867e-03,3.965439387063565690e-02,4.873458398970066905e+08
-1.292272233688789018e-02,1.988225653702333229e-01,-5.841696074351847172e+08
-1.762468413612180420e-03,6.700201457472726441e-02,-2.364199383731805384e+08
-6.235066808110781289e-02,2.142180389789643744e-02,-2.615987655477132797e+10
3.640468227413919122e-02,2.384169053264204030e-01,1.372368739409603119e+09
-7.668284671072067744e-03,1.121888686549296910e-01,-6.143262552789858580e+08
7.586039244833549244e-02,3.499045930648336800e-02,1.948570216236095047e+10
7.500530174445323162e-02,2.845271954677014090e-02,2.369293144209333801e+10
-1.362045172146893407e-03,2.829119389417021624e-02,-4.327039446251214147e+08
3.791643030136739815e-03,1.536962080257086027e-01,2.217251252286066413e+08
-2.650822457417991232e-03,1.059409398444755533e-02,-2.248885986011033058e+09
-8.716825319434691466e-02,6.815180195737471913e-02,-1.149559932355327797e+10
-4.656421225757820942e-02,3.544523661127008674e-01,-1.180714777527706623e+09
4.983057071219678530e-03,3.933857282489772178e-01,1.138486485243629962e+08
1.354458089196071543e-03,2.307100276012686302e-01,5.276545876793533564e+07
-9.554643815934046880e-02,1.256769238807727840e-01,-6.832971006340012550e+09
1.557038362741005287e-02,3.491150879969321941e-01,4.008494691729278564e+08
8.291254032798281437e-02,3.796001838970936570e-01,1.963109052521526337e+09
-1.594611966636969805e-03,1.432199820006155484e-02,-1.000695674197567463e+09
-1.036894361126143539e-03,4.839388043279772844e-02,-1.925726841877340674e+08
1.979115868881086912e-03,1.780481374396526012e-02,9.990435137501753569e+08
7.627431377482925268e-02,2.051511181090778790e-02,3.341604438528904343e+10
9.016774039901503945e-03,1.878029084008311367e-01,4.315185711565612555e+08
1.306165032309983785e-02,4.454006220405573591e-01,2.635711382288936079e+08
4.142426260667079335e-03,1.444181676202131448e-01,2.578003925180906355e+08
6.815648592620531313e-03,8.090243284565354354e-02,7.571749321207371950e+08
4.428032799191353869e-03,7.193382129649760204e-01,5.532587813186787814e+07
1.778417398148171222e-02,5.791942644631922210e-01,2.759688502200056911e+08
2.316968681625269227e-02,1.512331670675759639e-02,1.376967642159345245e+10
4.557724940421384319e-02,7.599950769091289027e-02,5.389989897605684280e+09
1.145981709513002079e-03,1.453902368683407664e-01,7.084236648624038696e+07
6.077999088367265490e-02,1.801830848083653056e-02,3.031776839800002670e+10
3.290552043631692417e-03,1.162032358951115181e-02,2.545078372314206123e+09
-2.380719230102315911e-02,2.292801456449633513e-02,-9.332378604843782425e+09
-7.721925873397554596e-02,1.850004318706845868e-02,-3.751487505923605347e+10
-3.956498765630481196e-02,1.074182589949920913e-01,-3.310423404215004444e+09
-8.800123541415112369e-03,3.467489916907650627e-01,-2.280994197764014602e+08
-7.601971046253083730e-02,1.263448072636111363e-01,-5.407785192327793121e+09
6.810039660956353214e-02,7.998801056674166299e-01,7.652007098500036001e+08
-6.230957297492868002e-02,6.777537676860020399e-01,-8.262918186817725897e+08
-4.886100069370388765e-03,1.674742652004917176e-01,-2.622194454602597356e+08
2.667708905208998876e-03,9.077198110193469560e-01,2.641418667795823887e+07
-6.013492360969527328e-02,4.015686635920400760e-01,-1.345914793493740082e+09
1.126183149024821565e-03,3.904628167199337696e-01,2.592268366669512168e+07
3.637385043953848124e-02,4.860552258143070459e-01,6.725959970511102676e+08
1.458376031361468921e-02,8.161836576562729872e-01,1.605950820585089326e+08
1.621128542324830335e-03,3.048324129212632086e-02,4.779769204218546152e+08
5.493167789194185885e-03,5.569156778247066897e-02,8.865108170553324223e+08
2.985198821692442231e-02,2.642193235518743022e-02,1.015451776004944611e+10
7.132863038480299900e-02,7.527487477730139542e-02,8.516564926208073616e+09
-2.188821482323905724e-03,1.582011738034043782e-02,-1.243515661287685394e+09
2.553048377526130619e-02,2.201551871156066237e-02,1.042271206486687279e+10
5.730902327563905385e-02,5.394026800387548976e-02,9.549057867808673859e+09
-5.043055759795308547e-03,7.403335895150919832e-01,-6.122332812042324990e+07
2.255318895712975225e-02,1.150764373843687211e-01,1.761457498244520426e+09
-3.962162122174065111e-03,9.333130817093687748e-01,-3.815535574239645898e+07
6.559956087071813768e-03,2.401416788941417024e-02,2.455183789279021263e+09
3.219586572158006279e-03,3.036029034784131636e-02,9.531139042423222065e+08
-3.478675424901409713e-03,4.279437381656412548e-02,-7.305969443177458048e+08
2.100175727536227575e-03,6.410209547591646517e-01,2.944652335226996616e+07
1.288402085537171567e-02,8.871743888356818930e-01,1.305248015170072764e+08
6.232346226728150730e-03,2.999810229896976987e-01,1.867275540030545890e+08
1.824348656572465435e-02,1.711712267039735558e-01,9.579165936994775534e+08
-2.116512699844762951e-03,9.610827381944564429e-02,-1.979295877134662271e+08
2.999585031546174452e-03,2.988703968365696156e-02,9.020464378452296257e+08
-1.385145746445303524e-03,2.154200670606642443e-01,-5.779096338605946302e+07
-1.274990135029996016e-02,3.466707944937619940e-02,-3.305523028370254517e+09
-5.117872585893312037e-02,3.813257291166521346e-01,-1.206268476533311605e+09
3.606599695896333876e-03,6.510595919071827664e-01,4.978835969329225272e+07
-4.040142626795982343e-03,9.613179842974267642e-02,-3.777289298183438182e+08
-1.998149496402423352e-03,6.442502473424376042e-02,-2.787558576863874793e+08
2.570617198124476328e-03,9.814171175912465850e-02,2.354151447868713140e+08
1.737336276363443113e-03,2.000089147307926030e-01,7.807017502767421305e+07
9.114145771482974612e-02,1.284690238242287841e-01,6.376291521327759743e+09
1.728395153178475738e-02,1.800974809117901199e-01,8.625534565607781410e+08
-3.921209973092735016e-03,1.944234279770045565e-02,-1.812684080829834938e+09
9.439338644187179883e-02,1.848681849814297062e-01,4.589126275428378105e+09
-8.504109349105226645e-02,3.730223985612918236e-01,-2.049012198437371731e+09
-9.596462635567434840e-02,1.738436681033568229e-02,-4.961384870973753357e+10
-1.506406789014473960e-02,2.187021772787953178e-01,-6.190700245859723091e+08
1.741954282080257141e-02,2.516791590351306895e-02,6.220712309318646431e+09
-1.237471683012576935e-02,4.065151936204886018e-02,-2.735955982891036987e+09
-4.194019245996188916e-03,3.798012447778527367e-02,-9.924866040138206482e+08
-2.151047519857438028e-03,2.266698616949594791e-01,-8.529171428343406320e+07
4.831263770755823278e-02,6.192372035976718703e-01,7.012200521748552322e+08
1.386075477163444675e-03,5.631244547758387231e-01,2.212244430641119182e+07
-1.431242482647118990e-03,5.672048338259204348e-02,-2.267900065937568545e+08
1.398961526314584577e-03,3.927928266220271913e-01,3.201052826575540006e+07
-1.062385561715420076e-02,3.203777252225069316e-02,-2.980371931882623196e+09
3.006353185901180971e-03,1.799136781846553609e-02,1.501849575037461519e+09
-4.278841987931572728e-03,1.599589122438417610e-02,-2.404187999337875366e+09
-9.420729720626540293e-03,7.797526890235219055e-01,-1.085871116557802260e+08
4.790620657312209645e-03,2.292592954711557274e-01,1.878085880772723556e+08
4.824516535372178061e-02,3.425586697225847521e-01,1.265812715902241945e+09
-4.957486941769023714e-02,4.819142455549840776e-01,-9.245756103556848764e+08
1.597166197244863708e-02,1.746666713940059623e-01,8.218464516975126266e+08
3.262629627027236606e-02,4.423541020509077493e-01,6.629004822678390741e+08
-2.927229037093762032e-02,8.744913868993438033e-01,-3.008512266276585460e+08
6.153218504349794449e-02,1.650578250681708145e-02,3.350555664896106720e+10
-2.799198532190678990e-02,1.332171291564008264e-01,-1.888531572436732769e+09
3.776442559248161662e-02,1.596841471009305055e-02,2.125551826564614105e+10
-2.372348770693208722e-02,6.029256953738926228e-02,-3.536432414088119507e+09
-8.838266133562627802e-02,7.776312739000595942e-02,-1.021513180770863914e+10
-2.771738596547466960e-02,1.336732088231953712e-02,-1.863624942537986374e+10
8.786641186979391588e-03,2.509827688701945503e-01,3.146513533143516779e+08
1.179660208960584640e-03,1.184829842963200791e-01,8.948527238278208673e+07
-2.744608967180159689e-03,1.166697309343852663e-02,-2.114330623071485043e+09
7.178465817568198230e-03,1.744798991284519235e-02,3.697744106368794441e+09
-2.682851858043612710e-03,9.467991387456535790e-01,-2.546768423482030258e+07
-3.885429392152300876e-02,3.236606963835317874e-01,-1.078945915517434120e+09
6.915260918751707508e-02,2.789665907377760212e-01,2.227957973922709465e+09
-2.276934507142013703e-03,1.746577631144232978e-01,-1.171691457250210196e+08
-4.092290524649710992e-02,9.979887057401095607e-01,-3.685457861939915419e+08
3.638260607145169575e-03,1.228125279512607970e-01,2.662574397318536937e+08
-2.474763622516074069e-02,1.252289231126525737e-02,-1.776150228016285324e+10
-2.913033376254381066e-02,3.894301465621589214e-02,-6.723052627066873550e+09
-5.138179514380241536e-02,3.374167870813309100e-02,-1.368652534299237823e+10
-1.645019024670277708e-03,2.531767134406008868e-01,-5.839797467311633378e+07
-1.871924197948456308e-03,1.870487510522795757e-02,-8.994645759434145689e+08
-4.527030279827991971e-02,1.293236460247582653e-01,-3.146198194588348866e+09
-3.450813851980474856e-02,3.949960293613235529e-01,-7.851984272649848461e+08
4.117029595294488531e-03,1.590584265215594373e-01,2.326365375371434093e+08
1.259301654653337396e-03,8.656418641891291954e-02,1.307501334210392982e+08
3.693475227970269975e-02,5.864795396495000590e-01,5.660215200333442688e+08
-3.267327404560551717e-03,1.164719372011160589e-02,-2.521285202122437000e+09
1.593753251385579073e-03,1.318449186031274423e-01,1.086446401190321892e+08
-6.051143990476513801e-02,2.252563737492170870e-01,-2.414409978122635365e+09
-1.454356081913110157e-03,2.784348310339581078e-01,-4.694591488003357500e+07
-2.536568728894582608e-03,2.628956739356212990e-01,-8.671891047222983837e+07
2.172407624713949478e-02,3.425474473575654821e-01,5.699952036387439966e+08
-1.741137275045544913e-02,2.602927579099477765e-02,-6.012035641308153152e+09
-1.161499828004360470e-03,2.260947921716507589e-02,-4.617205551530500650e+08
1.549173561646814343e-02,1.196712378089574008e-02,1.163485330205237389e+10
1.482267992883475093e-03,6.477640452419551886e-01,2.056650572375354916e+07
3.757643031652711883e-03,2.019265184899554366e-01,1.672525629370258451e+08
-6.352624210790279446e-02,6.852633788586560692e-01,-8.331942428764735460e+08
-9.603683913993361909e-02,4.299914021260010655e-01,-2.007375892821451902e+09
-2.657214738654251236e-03,9.565600491135713146e-02,-2.496692360880216658e+08
-9.639179451827692771e-03,1.243411310599604608e-01,-6.967482239227695465e+08
-8.316145993383639717e-03,9.667603617403259797e-01,-7.731324247788725793e+07
-7.224633739637871532e-02,1.144752132281162960e-01,-5.672245146315793991e+09
-4.942688939580933832e-02,1.457983607859835579e-02,-3.046921440032900620e+10
-4.792846900587054496e-03,2.131578667130051494e-02,-2.020890626813463211e+09
-1.167411010597540133e-03,1.136320760942905427e-02,-9.233651133695528507e+08
2.996606848452055324e-03,9.690166776642672453e-01,2.779387719798356295e+07
8.941579510953770460e-03,3.450923955893038797e-01,2.328785411107333004e+08
7.649852670902636265e-02,7.463692538747859762e-02,9.211915568291048050e+09
8.405225882477215110e-03,4.016917318409036347e-02,1.880646261216495275e+09
-1.714291714075852867e-03,6.735252109058499637e-02,-2.287607373890104890e+08
-8.715755697316843187e-02,1.009753287262054461e-01,-7.757832368371624947e+09
3.220750244085026498e-02,1.286758275232407767e-01,2.249627937748882294e+09
-1.658752126951157022e-02,2.797230710419302269e-01,-5.329713001494743824e+08
-4.203080767860928324e-02,2.570208774051625442e-02,-1.469771941056995010e+10
-8.063895636863002703e-02,1.448535149173887371e-01,-5.003414454407645226e+09
3.023343076874284233e-02,3.055276386040959302e-01,8.893803847262345552e+08
-8.067810538818907806e-03,3.788670563142617076e-01,-1.913900983284350336e+08
8.152697742364796440e-02,1.229188825859494072e-01,5.961195378741479874e+09
1.007801560944469269e-03,5.969757080917866693e-02,1.517291363048009276e+08
-7.498253757014618215e-02,9.282765450211168112e-02,-7.259945741836211205e+09
6.854318191689240392e-02,1.253269638324487345e-01,4.915530115074069023e+09
-4.711880039829940449e-03,4.362868099479760842e-02,-9.706725766414754391e+08
4.642685295984460420e-02,3.769623471310014351e-02,1.106934418742952538e+10
-1.335761692914458169e-02,1.714054987375049077e-01,-7.004140557259359360e+08
-5.971772850988524631e-03,5.802141458667703366e-02,-9.250508052104587555e+08
1.048151993963380990e-02,7.219511957745522457e-02,1.304869389058876038e+09
2.096476208449316037e-02,1.192843370870746295e-01,1.579636409024759531e+09
-2.043579775003284346e-02,5.211067559899895674e-01,-3.524646045764232278e+08
1.010587114062418655e-03,1.598244290526716974e-02,5.683046544373691082e+08
2.641699424779116352e-03,3.258167442333146924e-01,7.287198846813784540e+07
1.872813556666670523e-03,1.366285092004076648e-02,1.231980498082054853e+09
-5.242491725275911368e-02,1.275571890630513086e-02,-3.693885519598110962e+10
-8.709007946074952267e-03,1.564929782245211287e-02,-5.001778431068898201e+09
2.925461278929768899e-03,9.822805643320340341e-01,2.676759924004830047e+07
-2.003003902476618771e-03,3.619113223852495342e-01,-4.974280179767829925e+07
7.681225075921486838e-03,6.408756582763656950e-02,1.077227254601515055e+09
1.034499370087593392e-02,1.239078619976233427e-02,7.503812704626185417e+09
1.069987281913642712e-03,4.345282287301955315e-01,2.213151980911714956e+07
9.931168507502707160e-03,3.434690965259718648e-02,2.598742814317350864e+09
8.215421255165536799e-03,2.687305206591935822e-02,2.747662977762166500e+09
1.744942078909085840e-03,1.207677010348863628e-01,1.298616255840804428e+08
-1.321976305904594244e-02,1.861907350071203282e-01,-6.381403750374174118e+08
5.532299341410096272e-02,1.644620739993240544e-01,3.023364619045856953e+09
-1.678730922650418719e-02,1.154061667775974596e-02,-1.307382575538169098e+10
-6.807362550914333732e-02,6.266875232153976683e-01,-9.762891237360002995e+08
1.845303147494868710e-03,8.201513819248682502e-01,2.022200995475756750e+07
5.086961107823634309e-02,9.476889936650387813e-01,4.824398777954141498e+08
-1.451875991634947807e-02,5.735275941332428351e-01,-2.275232717343685627e+08
-1.936150304906878589e-02,6.273216421480924676e-02,-2.773955032405427456e+09
-8.586255761392184993e-02,5.712583821449968013e-01,-1.350895806558122873e+09
6.107770828902859411e-02,9.909954023211015040e-01,5.539387059905818701e+08
3.903792127399208917e-02,2.522132861649091506e-02,1.391135205683378792e+10
-4.758139988817956106e-03,7.164016520706708580e-01,-5.969407884499029070e+07
1.819953424312202800e-03,1.614922100786275461e-01,1.012883074600856155e+08
-3.208238758380900588e-03,5.030293603958196913e-02,-5.732234718309351206e+08
3.307225455369467576e-02,1.120066672218078714e-02,2.653814394669504929e+10
-3.496629382926772552e-03,1.611869232955653528e-02,-1.949711778865633011e+09
2.601215785966384895e-03,2.326456521526289178e-02,1.004921316756736517e+09
2.569510050564039177e-03,2.139422687238038967e-01,1.079454502565165311e+08
-1.062736210752784037e-02,3.012288644022458398e-02,-3.170877850873833656e+09
2.717196076390238167e-03,1.338996745716150572e-02,1.823862422835540056e+09
1.971656537389163567e-03,1.892814585518785842e-02,9.362111466069750786e+08
-3.209597607667619579e-03,8.334494177497618617e-02,-3.461162250875897408e+08
-2.883475886439623454e-03,4.711393186892763874e-01,-5.500695349640529603e+07
1.568387545185594666e-03,5.178118046250536344e-02,2.722275385221046805e+08
6.510223843442983216e-02,4.638923141015445228e-01,1.261331850945629835e+09
2.340145974887765205e-03,5.459484603964614990e-02,3.852493562178456187e+08
-9.432224091753882433e-02,1.766620830735619180e-02,-4.798675487075019836e+10
8.729006938251981929e-02,7.166709183834951702e-01,1.094701404619290829e+09
6.506334145437935035e-02,1.656587925340736456e-01,3.529981996135604858e+09
-3.219771869912481377e-02,5.174903812236320011e-01,-5.592080804946866035e+08
2.726172818685019747e-03,1.680192951884439123e-02,1.458293174501456261e+09
1.032737831405440088e-03,1.162085281129301567e-01,7.987349797270014882e+07
1.840886700853773148e-03,7.509978284597653708e-01,2.203124283158696070e+07
9.235527429705500668e-02,8.467158820401808617e-02,9.803352408739784241e+09
-9.678928989006171935e-02,8.967212173618777094e-01,-9.701088715698257685e+08
4.245961643523306350e-02,2.006984289380707165e-01,1.901440377759016037e+09
-2.275140615168468831e-03,5.975105248806320685e-02,-3.422262371600124240e+08
-3.289200323509858248e-02,4.441638984066759166e-01,-6.655760506583709717e+08
-2.951629895808130510e-02,2.638086616890673031e-01,-1.005595840028055549e+09
-6.522415547813516061e-03,2.848763019824508413e-01,-2.057798090235282779e+08
-1.103701101528688786e-03,6.088097506813883175e-02,-1.629372922815605700e+08
2.073149893515984984e-03,4.975273781944547502e-02,3.745107926700233221e+08
7.796435164475134030e-03,2.929773203430378545e-02,2.391732954302787781e+09
7.141724602061740208e-03,3.335489686313306695e-02,1.924394536423266411e+09
-9.686339373348803669e-03,1.922970651527299846e-01,-4.527283002757117152e+08
-7.168103577623421985e-02,1.507404770978192365e-01,-4.273906383001174450e+09
-3.243541286785507627e-02,3.025153439184938287e-02,-9.636573568467794418e+09
-6.610737003185849364e-03,1.555921795907995106e-02,-3.818675312999206543e+09
3.804600988563792280e-02,2.667017108006902032e-02,1.282135523685520744e+10
-3.887720719379054914e-03,1.362425072800586834e-01,-2.564679202855768800e+08
-9.962750391429360530e-03,3.272662368058092963e-01,-2.736079204689407349e+08
-2.579014428396255235e-03,2.499083953826359561e-01,-9.275205577143847942e+07
6.733765247446484373e-03,7.163013125703098227e-01,8.449146556042979658e+07
-3.812666167604999903e-03,6.381287585276538277e-01,-5.369960381589721888e+07
4.681849693489613037e-03,3.048056370003888738e-01,1.380527591043371856e+08
-4.234853610950712471e-02,4.661133943957715409e-02,-8.165775533472773552e+09
-1.858614894808980483e-02,1.183167699441053933e-01,-1.411866802469612360e+09
8.891488436686691491e-03,8.902430663143207079e-01,8.976695352443765104e+07
-5.316826066580779969e-02,2.357188664267805683e-02,-2.027256621347002029e+10
2.319357589357139496e-02,2.508579457787876374e-02,8.309798029326729774e+09
1.351837154963430590e-03,9.229103396409574223e-02,1.316483697824949771e+08
-9.919955168290221434e-03,1.000716588133764157e-01,-8.909415823240553141e+08
4.867788522342095942e-02,1.131117798181952537e-02,3.867893295616614532e+10
5.071255498558883620e-03,1.477866512770860917e-02,3.084117399265118599e+09
2.507246990665488312e-03,7.596955793870402429e-01,2.966252640130457282e+07
-2.772883493273628833e-03,9.326210389527640754e-02,-2.672249671321716011e+08
-5.174823936228215016e-03,2.794084708796812019e-02,-1.664587496374928474e+09
1.865735091732098573e-03,8.645947690848458655e-02,1.939492009621312320e+08
7.152478391773332833e-02,5.860125312754477928e-02,1.096983940575815392e+10
-1.243148099427371193e-03,1.631543411537093174e-02,-6.848175078223322630e+08
-2.662013700912551836e-02,6.533422328959550551e-01,-3.662015450026473403e+08
2.624826456054690435e-02,1.343359461383485387e-01,1.756139351349863291e+09
4.712890986199379934e-02,6.675229748183027223e-02,6.345586881680899620e+09
3.458309836401293053e-02,2.768532296866593398e-02,1.122703105739992523e+10
6.228553941983462627e-02,6.484790998498554115e-01,8.632604906561361551e+08
8.374137063544239562e-03,2.306998029106929471e-01,3.262446959986461401e+08
-2.397385329969051876e-02,7.453513913309567362e-01,-2.890862232362256050e+08
6.478550641142685751e-02,1.466209688457272564e-01,3.971297215701813221e+09
3.805105777419469978e-03,7.661426029227529078e-02,4.463830956049222350e+08
4.889075086843970921e-03,1.348139115102039119e-02,3.259437186288641453e+09
6.541996558693162489e-02,4.590771612471714058e-02,1.280782078986546326e+10
1.585917766389203024e-03,4.036464593384725408e-01,3.531263580385667831e+07
4.571278804753070406e-03,3.495806569673414604e-02,1.175278886016668797e+09
2.724451090202291512e-03,1.793159013454848072e-01,1.365560137160193622e+08
-3.582481952385573043e-02,2.216413053288805168e-01,-1.452726739224231958e+09
-3.445428195059324628e-02,7.180134208996728773e-02,-4.312819273903623581e+09
-3.089140315142531457e-02,5.881981558749291850e-01,-4.720245589006993771e+08
-2.834715679456525222e-02,3.985063767122824785e-02,-6.393296544480805397e+09
-1.579518964222839401e-03,4.353748544815684296e-01,-3.260709588581397384e+07
-7.499416009038023870e-03,3.844884084072917596e-01,-1.753052056985783279e+08
2.342206390623245444e-03,1.171391530564063442e-02,1.797106025292408705e+09
9.862893375242572438e-03,1.495088376694204413e-01,5.929090663257254362e+08
1.167553440083996148e-03,2.307791207844397119e-01,4.547061955342020094e+07
1.388807295928653910e-03,1.144606331232867792e-02,1.090527103616565466e+09
1.747272920524741086e-03,1.257669268736675561e-01,1.248662058374256194e+08
-2.491679859777223838e-02,1.665180790018536416e-01,-1.344873598821122169e+09
1.652913298836576140e-03,4.681647380853162788e-02,3.173233221926532984e+08
4.205768486528679677e-03,1.061627130124074003e-01,3.560606434983392358e+08
-6.526462190945267472e-02,4.572982868982322646e-02,-1.282711151212735939e+10
-3.483451341619739263e-03,1.929584896343594647e-02,-1.622543973735983610e+09
4.224256156490855015e-03,2.186805270559490783e-02,1.736164021449983835e+09
-5.688551546081260096e-02,9.059785061793023120e-01,-5.643316678340648413e+08
-5.953839165643083284e-03,7.047226339080742141e-02,-7.593281436308583021e+08
1.875866977403538435e-03,7.551667682945941706e-01,2.232594169749452546e+07
2.451476145156050550e-03,7.240544443453074130e-01,3.043035832126868889e+07
-2.181173976855536184e-02,4.506418060775049250e-01,-4.350202234243755937e+08
8.590225742679166374e-03,1.761127109520433665e-01,4.383938901514058709e+08
2.778573143683750815e-02,1.669195282047029188e-02,1.496116124286838913e+10
2.952852027583054498e-02,3.425001578785972361e-02,7.748747809574723244e+09
-6.447362884279421447e-02,5.254313901238699680e-02,-1.102850687974452209e+10
-4.217670270600045596e-02,1.519001672501823774e-01,-2.495542616360599995e+09
-2.679079606895529066e-03,1.804007717711881842e-01,-1.334743595675092191e+08
-2.322232504591254659e-02,5.793963058297860735e-01,-3.602305955765295625e+08
1.668914375841110695e-03,6.729545765483210262e-01,2.228942797008933127e+07
3.624688384370473859e-02,7.359512798592149352e-02,4.426619873929899216e+09
-9.750172213895841669e-03,1.036103937735451640e-02,-8.457842248535134315e+09
-2.643961161416468961e-03,3.817485020638421156e-02,-6.224842221091765165e+08
1.471428363155404852e-02,1.614498370083952694e-02,8.191286773057374001e+09
-2.085466678562010803e-02,8.246022628344359395e-01,-2.273051896012741625e+08
-1.820252847425066602e-03,3.152132580269408901e-01,-5.190125525517361611e+07
3.017941574648654035e-02,1.470649227075482811e-02,1.844388251560036850e+10
4.255871092843046405e-02,3.867580021463513235e-02,9.890079331126153946e+09
-4.898465165062054587e-03,1.845350778110208811e-01,-2.385787231743635535e+08
5.899608287626800091e-02,1.180367890863397509e-02,4.492172329037609100e+10
-3.473790740508034963e-02,3.955310852064616300e-01,-7.893573381939723492e+08
1.344068047301379522e-03,2.528775465218276175e-02,4.777070006581957936e+08
5.032344755151752988e-03,4.490003055607300064e-02,1.007336029804712057e+09
1.375930200476835471e-03,1.825690294356418011e-02,6.773605738477488756e+08
1.201039711584019889e-03,2.970605650701049760e-01,3.633816418199210614e+07
2.547619956525763382e-02,1.664804823072362286e-02,1.375377562690845680e+10
3.306905672305277596e-03,3.188083829018033000e-01,9.322721121344135702e+07
-1.212757957039501322e-03,4.794915543703233418e-02,-2.273232147291067541e+08
-1.570745214699193273e-02,7.510880535989694629e-02,-1.879600315538585901e+09
6.545504989731641861e-03,2.553197180791688670e-01,2.304142955227338672e+08
2.857388048976797906e-02,3.509904148143437319e-01,7.316857311665712595e+08
8.419114901837951651e-03,2.728094673987206398e-01,2.773688062040578127e+08
-6.731061639378262129e-03,3.613022388788666994e-01,-1.674416647311098278e+08
4.954883342610130054e-02,4.063223515626769311e-01,1.096007027976371288e+09
6.066573429463031908e-02,2.815601294338985761e-01,1.936524165363310337e+09
-1.602697155376080554e-02,4.218916892326768364e-02,-3.414295565958001137e+09
-3.389010420823972483e-03,2.760355225871938267e-01,-1.103464963369067460e+08
1.590197762420874489e-03,4.108025209430098135e-02,3.479113974591882229e+08
2.091117742804993272e-03,1.381155606437265045e-02,1.360775541310612679e+09
-7.997786311189102049e-02,4.903380500822149268e-01,-1.465969109005166531e+09
-2.957004594426025645e-02,1.684738685524672999e-02,-1.577502547486894035e+10
5.988912996160258156e-02,1.823875684018828325e-01,2.951232255830274582e+09
1.213624150148544419e-02,2.673528090516122391e-01,4.079905244590764046e+08
-8.056498292971963140e-03,1.041478026284891993e-02,-6.952593312757648468e+09
4.764931000351599853e-03,2.739945304650618918e-01,1.563022900247515440e+08
-2.079712781648196743e-02,2.481780771269307129e-01,-7.531657527061117887e+08
-4.289415551019047645e-03,6.138499280546282355e-01,-6.280388808423814923e+07
2.975881905423020946e-03,4.866300550255031054e-01,5.496261444519699365e+07
3.956624254406812535e-02,3.256337304550868672e-01,1.092058850070827484e+09
4.022088382215922159e-02,2.899113211940372234e-02,1.246915584161910439e+10
-3.421824508930428142e-03,2.043056980854677726e-02,-1.505316672146686792e+09
-3.659154215182774256e-02,7.586904391376798895e-02,-4.334776600627964020e+09
-1.472274613000835184e-03,8.075057807828067702e-01,-1.638678673830990866e+07
-9.429304433346734696e-03,4.951963719400473973e-01,-1.711405099441261888e+08
-7.493371322446725977e-03,1.025746334720799811e-02,-6.565803762456540108e+09
-1.008540052220325764e-02,1.644845280599031290e-01,-5.510851588697936535e+08
3.040054153057623193e-02,6.061429872399246715e-02,4.507719185143883705e+09
4.314347218514919674e-02,7.918165780322241609e-01,4.897124241125059128e+08
-2.816266760897872048e-03,2.348035024916612229e-02,-1.078002670957446337e+09
-2.305800763489537428e-03,4.416099039774293994e-02,-4.692816711968430877e+08
7.374505436583125850e-02,1.952240799834160240e-02,3.395080948886191940e+10
-1.277396344305390709e-02,2.495203444727175229e-02,-4.601191681626541138e+09
-1.909868011168774568e-02,1.351218910709238996e-01,-1.270364234758069754e+09
-6.382671937135350575e-03,4.186102765292595146e-02,-1.370387079666883707e+09
1.560485516605625593e-03,1.946053258778207909e-02,7.207018532610883713e+08
-5.352223522181326527e-03,2.949816725889247565e-02,-1.630759160924019575e+09
-4.993353310336760484e-03,5.728613311828804899e-02,-7.834177489779890776e+08
-2.074262710465764672e-03,2.159236289797419189e-02,-8.634043007927914858e+08
-4.345916112882709272e-03,5.337322302058391532e-01,-7.318271685528314114e+07
-8.751424274289421046e-02,1.063442986996589457e-01,-7.396310691277663231e+09
-7.717530168969034821e-02,5.609695809829903235e-01,-1.236487249354089260e+09
-2.437791883517173835e-03,4.710581015620944334e-01,-4.651283035747203976e+07
-5.717456191333817814e-03,9.167625645021489078e-02,-5.605270725260835886e+08
-3.731881353754543801e-02,4.117785640064886010e-01,-8.145443048402128220e+08
2.130844735634629828e-03,6.985590798080588970e-02,2.741569641395162344e+08
2.472650690803928231e-03,1.412761366216957193e-01,1.573057423531391025e+08
-3.815693700125458165e-02,2.553076689019146417e-01,-1.343260558779269934e+09
9.997714557527475135e-03,8.016700580792676667e-02,1.120871142760047913e+09
-1.279237088844322866e-03,2.862337050151791962e-02,-4.016806291573840380e+08
9.422335161620993063e-03,4.427199282779167300e-01,1.912846388606396317e+08
-6.176764095523688824e-02,6.166980158537510581e-02,-9.002001524834724426e+09
1.711520147032732789e-03,4.323025481181532181e-01,3.558318664999786019e+07
-7.789668845381926554e-02,1.109818119353974397e-01,-6.308379367627154350e+09
-1.058594497939873303e-03,9.541124692725767853e-02,-9.971963474084840715e+07
5.045600669251111906e-03,8.254148504286695776e-02,5.494032393119499683e+08
3.190185913719956190e-02,5.337563461868841813e-02,5.371846072959652901e+09
-3.228198485932075659e-03,3.725362767824452748e-01,-7.788292936423163116e+07
-1.417416793676133614e-03,2.268186746415340113e-02,-5.616546824891550541e+08
2.370769132738005484e-03,3.066211362493279635e-01,6.949247728198187053e+07
3.103486060354892877e-03,1.442576345563234552e-02,1.933577620078468323e+09
-3.335399830266214116e-02,2.110663345856490791e-02,-1.420298251779116821e+10
-4.194728635948593264e-03,5.644059259386383087e-02,-6.679791767682189941e+08
-2.028120188374797975e-03,1.440303385492670840e-01,-1.265582103742794245e+08
-4.314669668477912751e-02,1.779191488318413936e-02,-2.179593368105151367e+10
3.836301608965053591e-03,1.825171951527418401e-02,1.889120131775141954e+09
-1.013285094103718361e-03,3.679103554943126686e-01,-2.475370781510295719e+07
4.060938005760928241e-03,1.476060468475698106e-01,2.472707970433506072e+08
-2.012196823052084596e-02,1.138478540431244433e-02,-1.588532953223679543e+10
-5.153175249597435024e-03,2.427942525396897810e-01,-1.907599187242958844e+08
3.911411830360292732e-03,7.636523883924090095e-01,4.603503195240949839e+07
2.776692127251633238e-02,8.258807471540249856e-02,3.021767217037813663e+09
3.470130754286630641e-03,4.265437185898457439e-02,7.311944845602160692e+08
-2.833705896663199150e-03,4.668432628097094611e-02,-5.455496688745958805e+08
-1.718691035636635625e-02,2.679897253493171427e-02,-5.764083805319915771e+09
5.849438159133085388e-03,1.189343793084312109e-02,4.420357165600579262e+09
1.869177712359423524e-02,1.968238657279569315e-01,8.535391674876697063e+08
4.615237335361264959e-02,9.317448423222769727e-02,4.451923163537789345e+09
5.044295803516147571e-03,6.059670758590051109e-01,7.481731808408814669e+07
2.523572354273366687e-03,3.987823742935113769e-01,5.687618060858118534e+07
-2.880961734633056236e-03,3.497156174697706177e-02,-7.404113728726994991e+08
6.884581888238591914e-03,2.842132153347408097e-01,2.177127785273801982e+08
3.071557318382648737e-03,7.634325921730622522e-01,3.616084294038489461e+07
-6.605361090723843066e-03,1.107170344313933644e-02,-5.362073189390039444e+09
9.729188297939447144e-03,1.296877934225964916e-02,6.742611331787281990e+09
-8.576987580409362391e-03,8.965047791566294055e-02,-8.598699868511801958e+08
-2.894802909535932472e-02,2.272624227058255009e-02,-1.144832597042491531e+10
1.962416744310453709e-02,1.415841607655906886e-01,1.245739365087527514e+09
-2.964689641223296635e-03,7.505466881518813027e-01,-3.550194454857764393e+07
8.250216758234016692e-03,2.064366790646709193e-01,3.591940328460333943e+08
7.485708786098391188e-02,2.035294079681128354e-01,3.305646255590668201e+09
-6.133115338150097080e-03,2.179689495890245465e-01,-2.528931809126987159e+08
1.980356947453651081e-02,1.031524438270978866e-02,1.725498448570759583e+10
-9.650004744875453205e-03,4.612502302061766146e-02,-1.880362360654781818e+09
-8.699921192489086519e-02,1.100631933266789028e-02,-7.104341473793457031e+10
3.895243250672064759e-03,1.986957292328767055e-01,1.761962534651184678e+08
2.446083670784137375e-03,1.268733722368639051e-02,1.732811986248188496e+09
-1.520789895224680449e-03,2.111223839468313324e-01,-6.474191710537314415e+07
1.233882331358731417e-03,1.708590117641015094e-02,6.490624333206371069e+08
-6.083027295855076948e-03,1.328620685387889994e-02,-4.114995587505528450e+09
-6.020043662062263962e-02,2.706555242403562156e-01,-1.999094681400610447e+09
-1.798960029427083438e-03,1.070127829461721761e-02,-1.510902618882380724e+09
-4.284165597757100263e-02,6.060218673359869801e-02,-6.353727320697976112e+09
6.552722709125330044e-03,2.251756434573733978e-01,2.615477547789210379e+08
-1.619538855715290521e-03,4.950298055172896450e-01,-2.940428624953735992e+07
-1.320935795490539924e-02,1.703731780093191983e-01,-6.968368404995447397e+08
1.388384499230578854e-03,1.300482998814354862e-01,9.595236766152451932e+07
-6.601777938758773834e-02,5.836955555735038326e-01,-1.016541571711259007e+09
-7.340406494285213294e-03,2.766244370757517737e-02,-2.384954982943356991e+09
8.493978776927103846e-02,2.245406272940666526e-01,3.399905595737874985e+09
-6.880390114241863482e-03,4.576536898702886907e-02,-1.351222017618017673e+09
3.836637341530749375e-03,5.917804126409881293e-01,5.826943156120584905e+07
-5.977401790135568327e-03,4.282807468208230106e-02,-1.254395583665685415e+09
5.173519878129850813e-02,4.375861798532490465e-01,1.062608151336890221e+09
-5.509883477021428749e-02,6.692000039941359280e-02,-7.400091640649410248e+09
-3.809133043700580618e-02,4.325136135251181346e-02,-7.915474944194494247e+09
1.903035307927139702e-03,4.207736245090787364e-01,4.064891476504057646e+07
2.495143936578802374e-03,3.805372294471003336e-01,5.893171367296075076e+07
1.638009088405019756e-02,4.013441456590281509e-01,3.668174547181667686e+08
-2.457574765712915513e-03,1.342494094637518287e-02,-1.645299529030020237e+09
-1.493901900181013234e-03,3.547568156024792918e-01,-3.784791416521637887e+07
1.841927224321929235e-03,1.501399052467284820e-02,1.102622747398115396e+09
1.539349053110689210e-02,2.461388612041059132e-01,5.620921760927172899e+08
5.727506573754431729e-02,3.807458416048847827e-01,1.352013555284191847e+09
1.925639931652029652e-02,5.381951851532114084e-01,3.215776768620986938e+08
-2.567199076080476164e-02,2.354265063192215457e-01,-9.800648382203342915e+08
1.399683671067171627e-02,5.603216035477385226e-01,2.245138550888974071e+08
2.074654010240502451e-03,9.518036134300763562e-01,1.959065465698703006e+07
-3.115413001875767807e-03,2.014435089832366382e-02,-1.389994137321605206e+09
-2.872259768298798810e-02,2.831583170230882185e-02,-9.116854233301717758e+09
-6.724852821000419645e-02,1.638592183626403909e-01,-3.688608165746673107e+09
7.347920011753752978e-02,3.760907711674362219e-01,1.755991308044632673e+09
-8.269628282846910872e-02,1.373311373030108515e-02,-5.412122154070394135e+10
2.642615096185646842e-02,6.510478933632202203e-02,3.648140803368711472e+09
-3.887795544257910407e-02,3.189557278957003139e-01,-1.095528374231756926e+09
4.472084344481994100e-02,3.824336249385358322e-01,1.051004399930143356e+09
1.031365436869706876e-03,1.256729468875144584e-01,7.376008230574131012e+07
-2.579317247727471157e-03,6.676531856601862491e-02,-3.472197779676912427e+08
3.620625843769417762e-02,1.432711074037203991e-01,2.271305997267546654e+09
1.074500944764459134e-02,1.491379171034840079e-01,6.475440939822779894e+08
-1.077328370686818533e-02,1.032877463008854968e-02,-9.374538862203453064e+09
-2.344245825171489307e-03,2.046465175523620034e-02,-1.029554665281785250e+09
-3.644852842728161200e-03,3.614387769704154318e-01,-9.063498623306620121e+07
-1.341571789171085638e-03,5.312585980366680838e-01,-2.269648293260848522e+07
-8.902259690035604911e-02,4.419090743450684172e-02,-1.810580996298967361e+10
2.035541661981186273e-02,3.635354321241799358e-01,5.032500978730463982e+08
4.503808873635430261e-03,2.095049435110848124e-01,1.932129784995710254e+08
1.547876633581671399e-03,3.145755503600636271e-02,4.422440489252495170e+08
1.624071702300983362e-03,1.419706923016929301e-01,1.028151509614935964e+08
1.215182201473589095e-03,1.920625497625696732e-01,5.686556101423069835e+07
-2.500129614208579376e-02,6.577904960400308143e-01,-3.416060458363034725e+08
-1.639468424173371255e-02,2.985573445628100231e-01,-4.935440443865793347e+08
-2.701110090571717717e-03,4.099756091478773401e-02,-5.921542952559649944e+08
-1.129283177382992215e-03,1.611381598792625547e-01,-6.298760234991052747e+07
1.760063625777063710e-03,2.064668222443954426e-01,7.661762975278870761e+07
-6.410750732560288601e-02,5.784840454438110458e-01,-9.960201473524076939e+08
-9.884322783554425063e-02,5.474003082040045376e-01,-1.622902764596507788e+09
5.871410282572519374e-02,1.186541021618483724e-02,4.447441968381026459e+10
4.151323093551343921e-03,1.601351270574882454e-02,2.329971157940715313e+09
-7.315819446786420675e-03,9.608853406862565005e-02,-6.842928924650026560e+08
-7.239693227871366044e-02,1.273217916462164867e-01,-5.110554699305393219e+09
5.098271094602085420e-03,5.158088811064679563e-02,8.883512703199408054e+08
-3.938560726690727362e-03,4.394011597177650830e-02,-8.056139271596188545e+08
6.368944686223967054e-03,4.593671525346736118e-02,1.246115098254744530e+09
8.538095595543572502e-02,1.503724373880505755e-02,5.103209434960272217e+10
2.866029567928225687e-03,1.483472414778703452e-01,1.736408127281568646e+08
-4.026578709741009295e-03,2.403522581396875801e-01,-1.505700534271924496e+08
-1.136996870572340272e-02,2.217013466826171786e-01,-4.609369847505783439e+08
2.942534068955987743e-03,1.718560203444465251e-01,1.538889255888468325e+08
4.444957839920381237e-02,8.708009305909715225e-01,4.587746155233042240e+08
7.629716709416320408e-02,1.250289126574009868e-02,5.484645687270135498e+10
-6.011201710294207870e-03,8.659321447992019971e-01,-6.239187797728282213e+07
2.343625036630912414e-02,1.370892676477419858e-02,1.536509645276107788e+10
1.865474422188222745e-03,1.382041429213729800e-01,1.213162158302401453e+08
1.187186246216796314e-03,3.390640541825179488e-02,3.146934650045477152e+08
-2.631606738796972260e-03,5.276369458703687038e-02,-4.482666301421633363e+08
-8.725170810763484969e-03,1.465988819346359870e-02,-5.349262350415466309e+09
-1.494392960006652718e-03,1.779504208118031991e-02,-7.547730971587424278e+08
5.939420690740030567e-02,7.446477141413557210e-02,7.168756767189380646e+09
-2.003539952972371516e-03,8.054003001206836432e-01,-2.235820008862230554e+07
2.704751252509261360e-03,7.003583350135642593e-01,3.471024245882424712e+07
-9.270686272927627924e-02,8.176719656020412508e-01,-1.019021611962899566e+09
-1.157557055413426829e-02,5.049557749416417468e-02,-2.060343734564540148e+09
-3.302777241542440359e-03,1.848607274458538216e-02,-1.605777040216793776e+09
4.129458820996027152e-03,1.915337382022786611e-02,1.937753245968298912e+09
7.041825454614816793e-02,1.626534514584500046e-01,3.891101781846590042e+09
-7.138706448665272340e-03,2.619964256219765170e-02,-2.448921001448469639e+09
7.583003387046288735e-02,7.120791799864986671e-02,9.571138051031988144e+09
1.355986227554679610e-02,1.538152476585466499e-02,7.923307440738996506e+09
1.797107315188048015e-03,1.786232453920367017e-02,9.042461213200397491e+08
2.076542503908772146e-03,2.317413617046267804e-01,8.053559817455135286e+07
-9.748752742801247706e-02,8.705154488649301248e-02,-1.006521812544235229e+10
1.365014784971755680e-03,1.950228187468430741e-02,6.290751713161056042e+08
6.273768888745137259e-03,4.094145985450020619e-01,1.377259606469721496e+08
1.845409228647285418e-02,4.003571371710715199e-01,4.142816825238993764e+08
-2.202843684129791348e-03,1.229783440244292120e-01,-1.609925049907544553e+08
6.298517496355510517e-03,6.475990402211594388e-01,8.741435592472961545e+07
-6.492723892805471464e-02,1.418736404163250531e-01,-4.113162240587226391e+09
-1.665821475812614407e-03,1.809424455679428945e-01,-8.274440154314872622e+07
1.626326249123871692e-03,3.134891004916037227e-01,4.662682506135907024e+07
2.400202785372116537e-02,1.232540083102157125e-02,1.750239584871862030e+10
-1.393472057115583080e-03,2.443740339338725670e-02,-5.124999469983582497e+08
1.490237432099504123e-03,2.107089187632774641e-01,6.356574885283685476e+07
8.789979627427732881e-03,7.488776350907261348e-02,1.054939675383856773e+09
6.609000642570576900e-03,1.147381230220666098e-01,5.177006036302256584e+08
-2.551176229123286801e-03,8.755957693022513311e-02,-2.618710101757359207e+08
-2.637338193017918497e-02,3.495846858048051037e-02,-6.780536265810444832e+09
1.882744501749418140e-02,4.500551678601997230e-01,3.759899644907216430e+08
4.065028399151936894e-02,1.659233522160602770e-01,2.201946125528482914e+09
5.555095051550957425e-02,2.351239803239937864e-02,2.123465393580183792e+10
-8.384943399528553554e-02,1.000248991466973630e-01,-7.534295187995726585e+09
-1.635351489465608141e-02,7.392352462457117690e-02,-1.988286957033408642e+09
-2.546889868131022375e-02,1.453068358523206850e-02,-1.575341587917304993e+10
1.746938562560549323e-03,2.052718999402804168e-02,7.648895859516804218e+08
1.568226115929409817e-02,1.063609808824724223e-01,1.325186388613205910e+09
-3.041024762626587993e-03,2.766228497152180971e-02,-9.880581933911149502e+08
2.579161707627931465e-03,6.898407749037059888e-01,3.360317623630975187e+07
-2.968754422111405736e-02,7.115651437058296835e-01,-3.749818318617180586e+08
1.501318390944623299e-02,2.946684914217254092e-01,4.579201172857508659e+08
-4.625251697528830197e-03,8.389226754476623027e-01,-4.955232727029842138e+07
-7.258731262305630205e-02,2.943465458744985996e-01,-2.216421694990519524e+09
3.280452659631907103e-02,1.720039312409966242e-02,1.714138936945274925e+10
4.024752527373170671e-03,1.514702540159308664e-01,2.388154646447456479e+08
6.653996743993584317e-03,2.838885754627795341e-02,2.106615555794617891e+09
9.125864540392096547e-03,6.719434524037040668e-02,1.220652120645051956e+09
-4.438790930271553116e-03,6.642845946774730281e-01,-6.005665333354407549e+07
4.073625304510674477e-02,6.009316002977919124e-01,6.092655970774348974e+08
-8.240123374104995485e-03,8.233256608453755065e-01,-8.995238465865206718e+07
-4.784298922241175984e-03,6.337913293415110838e-02,-6.784574743886759281e+08
-2.257633574369422459e-03,1.878039857802421206e-02,-1.080436552051165104e+09
-1.350141799916235695e-03,2.939722652070789199e-01,-4.127847483796148747e+07
-1.854703878425906921e-02,3.037577888877921600e-02,-5.487793685576107979e+09
-4.164828824553097608e-02,1.733709146951980043e-02,-2.159093919484826660e+10
4.944075785901855258e-02,1.648999199494671775e-01,2.694730220075139046e+09
-1.605012500201047094e-03,1.347555887034957434e-01,-1.070489105524148643e+08
1.091634450540187977e-02,3.732462391948641600e-01,2.628647859668776095e+08
5.751418367136607035e-03,1.455813701968635965e-01,3.550747383888288140e+08
-2.199690948981811514e-02,2.406166731239992307e-01,-8.216494491399610043e+08
-6.577475137398340263e-03,6.537057391158970221e-01,-9.043312440114055574e+07
-1.566097280380518778e-02,1.300889892492968110e-02,-1.082003870590454865e+10
2.957632610329685718e-02,3.516403000112008903e-01,7.559554501287608147e+08
1.237425962310773585e-02,7.955104255846646710e-01,1.398054064112990201e+08
8.383888999152697141e-02,2.853678276891306875e-02,2.640530138357195663e+10
-1.920023193372404763e-03,1.331928516687455599e-02,-1.295615622069017887e+09
-5.430558480680732457e-03,3.294000570755564739e-02,-1.481738083232801199e+09
-2.233935281206225407e-02,3.287621116204157978e-01,-6.107162054549082518e+08
5.491346279236417049e-02,1.508315030084747890e-02,3.272181541067633438e+10
-9.135917002686580468e-02,5.011616084139305372e-01,-1.638418976562249660e+09
1.730884541625300841e-03,1.050488152873739651e-02,1.480906225116971493e+09
-2.474400061543242588e-03,1.074877706428972908e-02,-2.069004716413514376e+09
1.024496220019060870e-02,5.670005869108146052e-02,1.623968011107573986e+09
-4.083331676717454062e-02,1.054488535159414375e-01,-3.480353951279978752e+09
-3.003545597529220720e-02,7.708676967200422947e-01,-3.501910165156385303e+08
-6.571048147162359895e-03,4.067436127743359608e-02,-1.451993010817879677e+09
1.891684119824234636e-02,2.118096988603898612e-02,8.027002415134527206e+09
-3.546876758946344854e-02,6.954618677442241381e-01,-4.583776084243969321e+08
-2.101226556299370593e-03,3.538565224042230506e-01,-5.336988834787211567e+07
-7.712604176292835872e-03,1.871168445557167825e-01,-3.704578282476944923e+08
1.094894192686778588e-02,2.042827432623665895e-01,4.817160198440839052e+08
-6.347727937365955919e-02,8.921465959938812418e-01,-6.394884430838394165e+08
-1.189225588958458396e-02,1.091916299402803485e-02,-9.788711186076490402e+09
-7.409449575099043284e-03,5.782167505722770606e-01,-1.151717315735687464e+08
-2.416686610660980471e-03,7.588516474474529816e-02,-2.862292897830159068e+08
2.516835467810112515e-03,7.313925447042564365e-02,3.092821919946928024e+08
3.535190898204026988e-02,5.986116592038975143e-02,5.307846042363076210e+09
-3.212671408712191104e-03,1.562449423992671449e-01,-1.848038260695047379e+08
5.573978256883693749e-02,2.366415230532314951e-02,2.117019882286168289e+10
2.214786593475012028e-02,7.714144513093493805e-01,2.580445754351072013e+08
-4.261912204592255282e-02,4.093680423232026189e-01,-9.357098070188720226e+08
-3.640278175348349993e-02,6.531792102238349607e-01,-5.009020821628530025e+08
1.462559951032434309e-02,1.571931363517726360e-02,8.362395741363389015e+09
-1.371659564395897798e-02,7.064958529076065252e-01,-1.744967479519753158e+08
8.651501946900047590e-02,8.520106463405827113e-02,9.126349715753255844e+09
-1.639240346127317271e-03,1.248756669396794278e-01,-1.179819126176737100e+08
2.255793281214269180e-03,4.580557633529114270e-02,4.426205415797288418e+08
2.873599651465788898e-02,2.732238302105158279e-01,9.452752901299890280e+08
5.415457496598171695e-03,9.052861400075689069e-01,5.376503075910328329e+07
1.957394875635733080e-03,2.568630586688071260e-02,6.849003933389799595e+08
-9.039459357231291459e-02,1.116883747533834320e-01,-7.274197754318758965e+09
-4.503507880128053247e-03,6.541170808238587486e-02,-6.187939450084590912e+08
1.401884754556365900e-03,7.780094236552941300e-01,1.619489265630980395e+07
3.467345808816881675e-03,4.455106849112891454e-01,6.995031124627105892e+07
-8.607865495871672157e-02,5.422038604085505781e-02,-1.426866971390531731e+10
-3.590933956903426261e-02,1.671251601270204099e-02,-1.931150850772219086e+10
7.433921648304077541e-03,3.465862415976066896e-02,1.927779151623520613e+09
-6.408851079345734975e-03,2.586686335930995506e-01,-2.226829825652230680e+08
-5.990074330432957651e-03,2.280898851668063110e-01,-2.360352157964566946e+08
4.891626315000822262e-02,1.541301153454735506e-01,2.852439143613730907e+09
1.055794337567214506e-03,7.980606036436376227e-01,1.189033455631870776e+07
-2.784171580335252638e-02,6.768743951137598525e-02,-3.696907025566283703e+09
-1.069678091765125134e-03,1.056061352101425044e-01,-9.103629406769858301e+07
6.163251087923034971e-02,1.012147925508476709e-01,5.472887110950165749e+09
-1.126206100746246887e-03,4.005300199239832937e-01,-2.527163973257071897e+07
-5.760340241775999473e-03,1.708954914754669818e-01,-3.029480415268514752e+08
1.429351428033415888e-02,4.083889970912203682e-02,3.145687709521097660e+09
-1.040812676094968756e-03,2.058442584446386614e-01,-4.544482478946927935e+07
3.885007050389137958e-03,7.138296964974226444e-02,4.891564880250391364e+08
-6.957773857882271727e-03,8.722083076130919543e-02,-7.169695453549110889e+08
-7.751553363102574486e-03,3.050386167800954104e-02,-2.283939189644050121e+09
1.620532114462720080e-02,2.017115063216563531e-01,7.220671504011089802e+08
-9.012008048454265077e-03,1.982103853524450066e-01,-4.086446179122200012e+08
2.949072070303108885e-03,3.151075398750605716e-01,8.411572826679550111e+07
1.549834144675233880e-02,1.817795056940859633e-01,7.662860596277853251e+08
-7.603828204090823384e-02,4.269549344460384921e-01,-1.600666579243300915e+09
-2.135963377056880608e-02,1.306688659786228203e-02,-1.469170834703917122e+10
-6.471076683741420338e-03,5.495182221921751653e-01,-1.058388387884965092e+08
-9.306922162295386269e-02,5.037527086839987955e-01,-1.660501627944344521e+09
-6.379783155653453997e-02,1.290261596919848978e-02,-4.444048241853615570e+10
-3.073573443656548582e-03,2.586987734444797654e-02,-1.067824408597520351e+09
5.637038636116692425e-02,1.305232995922535610e-01,3.881625084002403736e+09
-3.031291484852758483e-02,7.586198384445744236e-02,-3.591320150048246384e+09
-2.734032548926508543e-02,9.696667324652762099e-02,-2.534146995468655109e+09
-3.146068019042003172e-02,6.097753865205818302e-02,-4.637125353466022491e+09
7.145344299084288239e-03,9.492551497290890872e-02,6.765358524443626404e+08
8.302878853177462354e-03,2.204415369404675029e-01,3.385212136600691676e+08
-4.571972150470601792e-03,5.583852316627552215e-01,-7.359024879601903260e+07
-1.152570509415950075e-03,6.377931692348939308e-01,-1.624195331643054634e+07
-1.579884070517210970e-02,4.087780404267161716e-01,-3.473667786279910207e+08
2.271625708332609961e-02,7.766608988445308781e-02,2.628790352698443413e+09
4.103989000098868557e-03,7.335891805253289544e-01,5.028099797602162510e+07
2.114492151029530309e-02,4.704171956372329433e-01,4.039926902514130473e+08
-6.040102262903088853e-02,1.343026257170158375e-02,-4.042131205421752167e+10
1.402464224760535498e-02,4.774608826087300972e-01,2.640004174115778506e+08
1.812216943681826432e-03,2.629808659250197911e-01,6.193507301103175431e+07
-8.862714778723749381e-03,2.875816798649630801e-01,-2.769849517880415320e+08
-1.332931908081122843e-02,1.723598289117822535e-02,-6.950603718306650162e+09
4.950567226108287811e-02,1.071590461791788358e-02,4.152185441797297668e+10
7.841938953062319723e-03,6.613018393106326331e-02,1.065796635285691142e+09
6.788039183808995680e-02,1.469346571043201044e-01,4.152127826434574127e+09
-1.558572506734128872e-03,7.520191056799124807e-02,-1.862725049889670908e+08
1.244886097497378136e-02,1.505475529059129847e-01,7.432014265905261040e+08
-2.517039484941597724e-03,2.411468684773697413e-02,-9.381213506832079887e+08
-5.225998547013846474e-03,2.821093326317999916e-02,-1.664954806127053976e+09
-9.547838756863396073e-03,4.701037158020530127e-01,-1.825416662357618511e+08
-3.060226296911013055e-02,8.619100231457801353e-01,-3.191113343619005084e+08
1.070382024773355520e-02,2.332039524681363829e-01,4.125280831262800694e+08
1.460248281467829224e-03,1.061670066817458832e-02,1.236197182114237785e+09
-2.559430574198311419e-03,1.748109106973811527e-02,-1.315907725498242140e+09
1.303861003198676823e-02,8.784228397673010669e-01,1.334069008814821243e+08
-7.024181288494860120e-02,1.941533980270917711e-02,-3.251631591321351242e+10
-2.353680742638655787e-02,7.447668778867129469e-02,-2.840388975959114075e+09
4.506135498585849344e-03,3.263780464917658691e-02,1.240891833482648134e+09
-6.772829481453973566e-02,1.067930734113693714e-01,-5.700036997834077835e+09
3.582223448283077677e-02,4.084811405648341304e-02,7.881906534037437439e+09
-1.089190073846921496e-03,4.017980384994111753e-02,-2.436388163145262003e+08
-2.642204993221505122e-02,6.206516252278038159e-01,-3.826213769878557920e+08
-7.707539662290287252e-02,4.114259283940926437e-01,-1.683738834488060713e+09
1.297936773359191151e-02,3.845070792778036706e-02,3.033889893953718185e+09
5.357016604092301390e-03,2.525485572689650238e-01,1.906464483276801109e+08
4.508097356363593121e-03,1.446919963026744790e-02,2.800266701664315701e+09
-2.046388901388294240e-02,1.816036797264078753e-02,-1.012777736736637497e+10
-1.245479489068600058e-02,2.979989757838491862e-02,-3.756405145387224197e+09
1.076973432731285867e-03,3.484658418046758521e-02,2.777764321408143044e+08
4.253134021881740771e-03,5.297797707597126093e-01,7.215464850253008306e+07
1.372291048332629007e-03,1.284459622477002461e-01,9.602324803784434497e+07
1.861968711782153660e-02,1.394429580704574512e-01,1.200124799463515282e+09
1.858738895892943135e-03,2.788412875376916969e-02,5.991173905154986382e+08
4.557535529955694664e-02,6.878780050181164674e-01,5.954828501042581797e+08
-1.247966460116686381e-03,1.869840755859316153e-02,-5.998586285826244354e+08
7.852018422241890949e-02,1.160901842589035123e-02,6.079059969450968933e+10
1.770123279266476446e-02,6.903068525058959626e-01,2.304686975043217540e+08
-1.639970747866647009e-03,3.453064547280684793e-02,-4.268566221638664603e+08
5.996823035072396807e-02,5.423320605415848927e-01,9.938173456240415573e+08
1.324639841687798953e-03,2.789059871368019736e-02,4.268650466204522848e+08
-2.618029639341375864e-03,2.796200058749971976e-02,-8.415054573719781637e+08
-8.778431420804323759e-02,1.891312526461568777e-01,-4.171615188704003334e+09
4.757870285050905951e-02,1.117149436269683146e-02,3.827823860179805756e+10
-2.660898380363036723e-03,2.788324277220283198e-02,-8.577004293132154942e+08
1.924115907030854401e-03,1.595766764249245684e-02,1.083708382745105505e+09
2.009179433745405044e-02,3.694865924464696416e-01,4.887318682564351559e+08
-5.307068036148901435e-03,1.372946635166942889e-02,-3.474174406202349186e+09
7.054818926154368675e-02,2.036930599334781447e-02,3.112864791546036911e+10
-1.819187942299890434e-02,1.688811501852549024e-01,-9.681597178696113825e+08
1.177022665255810950e-03,1.521928550004714165e-01,6.950902234510867298e+07
6.472433130784563393e-03,2.110953525870957678e-02,2.755748111630831242e+09
2.295806823842428887e-02,3.682736885707279390e-02,5.602930934369128227e+09
-4.397462482962210574e-03,2.947736859358397396e-02,-1.340800148157834768e+09
5.593205587774262300e-02,9.900390452478095848e-02,5.077606935497051239e+09
1.126601083534637835e-03,1.714720187455614497e-01,5.905103610048840195e+07
4.384033978482733060e-03,5.692417301258810847e-01,6.921939512283854187e+07
9.977276014553233818e-02,2.722645398609240680e-02,3.293605076053171539e+10
1.929049046928726701e-03,1.645774910274877267e-01,1.053473101078341454e+08
2.733105444720237628e-02,1.955002876357585240e-02,1.256491644594169426e+10
6.322313246950420594e-03,6.065561396704697295e-01,9.368188591206477582e+07
-5.482648539847492786e-03,3.016042469938181037e-01,-1.633817608515686989e+08
-3.875489932224132628e-02,1.007488686031536053e-02,-3.457299899718836212e+10
-1.921565441971804372e-02,1.492260537100473065e-02,-1.157340480485999489e+10
6.086385424017960212e-03,3.873727404749131020e-01,1.412150594343170822e+08
-2.175982239402826646e-02,2.583564798444408228e-01,-7.569838360224214792e+08
1.666364207620698798e-02,9.126504881929602131e-02,1.641028246818910599e+09
-6.255502441272886745e-03,6.603393262860240975e-01,-8.514235412660317123e+07
-2.008168052762420233e-02,8.263108684821580951e-02,-2.184274456365169048e+09
3.996672244341414187e-02,1.476174386486373280e-01,2.433388701906496048e+09
9.700099042952824158e-02,3.460155782956529924e-01,2.519597303984485626e+09
-4.367496197712757156e-02,3.265797280366571076e-02,-1.201970837563103485e+10
-9.748116906194337350e-02,2.528343276098437079e-02,-3.465255878682438660e+10
-8.101836651966647096e-02,4.441524138974718705e-02,-1.639464715806726074e+10
-3.176688663019038971e-03,2.159764194154231431e-01,-1.321961887606577724e+08
-4.453837659609168921e-03,1.255366353985123418e-01,-3.188706278299204707e+08
1.282661777842693078e-02,7.996231031392606048e-02,1.441708431014962435e+09
-2.217992551924366854e-02,5.684652825305640533e-01,-3.506765742550092936e+08
4.806027532778660988e-02,4.569889119885199302e-01,9.452163166615232229e+08
1.901255391399777825e-02,1.290042741348851052e-01,1.324606791622323275e+09
1.274469698755682301e-03,1.584791853555193586e-01,7.227829554865625501e+07
6.285988755962131601e-03,1.174497698726123876e-02,4.810298731785925865e+09
-9.923121634428419546e-02,2.131964619700905950e-02,-4.183299319647401428e+10
-1.945462027735757674e-02,1.249924742513927253e-02,-1.398909152962899399e+10
-2.463579814648394345e-03,1.118561661061746731e-01,-1.979508293576695323e+08
7.336475372348617505e-03,2.454909151907282497e-02,2.685979275366824627e+09
8.950760030841244802e-03,3.729361284010688365e-02,2.157128785734721661e+09
7.024793401922084513e-02,1.333968746746633793e-01,4.733021964010572433e+09
2.512618478149994308e-03,1.344843720086336958e-01,1.679211300856005549e+08
8.503518595145605208e-02,5.011794743558491833e-02,1.524951416816141129e+10
-2.621413009693604468e-02,2.946656713077413017e-02,-7.995700635962970734e+09
-8.545715682308403088e-03,5.353440226123251655e-02,-1.434716523518280029e+09
2.071232484039582308e-02,5.291267536404520300e-01,3.518193697004385591e+08
-1.054309864920242000e-03,2.304602496348848520e-02,-4.111713638575751781e+08
4.894633199186077151e-03,1.220227533024951204e-02,3.605204876311473846e+09
1.243600643673621652e-03,1.523365484028089412e-01,7.337150800804659724e+07
-2.027054362190081668e-03,3.077481567205822902e-02,-5.919984284977024794e+08
1.233947624542843652e-02,1.846642809912439273e-02,6.005711213791438103e+09
1.537350679219472594e-03,8.834243359372639937e-01,1.564062860803066567e+07
-3.238200363324141018e-02,1.812663050983436830e-01,-1.605599607294206619e+09
4.326795833581405758e-03,3.543297889612407325e-01,1.097512197548936158e+08
-2.709614636485089406e-03,1.704895996930943722e-02,-1.428434256562893391e+09
2.553238129432660805e-02,3.951799861409293069e-01,5.806935445867419243e+08
5.979562857103734586e-02,4.209783874417060562e-02,1.276615913182745171e+10
-2.789784371455627382e-02,6.040029687075690323e-02,-4.151281481582859516e+09
4.973637223628784264e-03,2.086885199490669945e-02,2.142033033579246998e+09
4.111768625674135785e-02,1.015214683553333774e-01,3.640167737016234875e+09
1.824552789125903412e-03,1.325597115073191140e-02,1.237073492896914005e+09
1.754968217675184280e-03,6.957788951311687231e-02,2.266984876617481112e+08
3.404041264180325196e-03,3.017384257793874480e-02,1.013945971637881160e+09
-6.176720969285137523e-03,3.230306132219933762e-02,-1.718560870424526453e+09
-1.701607605154784389e-02,4.937999360370942115e-01,-3.097126947481884360e+08
-3.766740199075143541e-02,5.774195721618814031e-02,-5.863066022052442551e+09
4.997682938440270624e-03,1.148189529446404754e-02,3.912062066885966301e+09
-1.485912246518263959e-02,3.520454254199280597e-01,-3.793543557973650098e+08
-1.450590140658542838e-03,7.124801591014539026e-01,-1.829879807988814637e+07
-1.294027729927189202e-02,1.560255997773528878e-02,-7.454153652219002724e+09
-9.566413514333745038e-02,9.319237329204057563e-01,-9.226126311074950695e+08
-1.164438686527219727e-02,1.917996909610581724e-01,-5.456565100233054161e+08
-9.882627787352413901e-03,4.470385335426800277e-01,-1.986909550264725983e+08
3.262901938340098673e-03,5.986809953882200608e-01,4.898455512722018361e+07
-6.810127387294528933e-02,3.073223730968175915e-01,-1.991643833480690002e+09
5.581066735010713209e-02,6.082411404971400926e-02,8.246924945343446732e+09
-1.202524504743748054e-03,2.030476421639227369e-01,-5.322879107988232374e+07
3.121533724849455405e-02,6.046709062011324659e-02,4.639803377791213989e+09
3.886812393429908783e-03,1.059265823533425861e-02,3.297913320794135094e+09
-1.424006196040514781e-03,2.679632643950531634e-02,-4.776252054178131223e+08
-2.526011703603381342e-02,8.613037959639006924e-02,-2.635904159916481972e+09
5.191134311622760955e-02,6.078592834496292924e-02,7.675555745252490044e+09
9.431929490065713018e-02,1.462730692677995659e-01,5.795445010781473160e+09
-3.029903338721494019e-03,3.898283130376436478e-01,-6.985636986762352288e+07
8.662687345936957717e-02,1.741138448157096008e-01,4.471672127423854828e+09
1.142091671167119217e-02,4.763497048256011834e-01,2.154892860651547909e+08
-2.757053218707271672e-02,8.296797430814953911e-01,-2.986656529124560356e+08
2.473932498780494205e-03,2.049117987493676851e-01,1.085104334826707691e+08
-1.155000335300834964e-02,1.186099356992654924e-01,-8.752087646177030802e+08
-1.386743050926808087e-03,2.448376200624340776e-02,-5.090594070560669303e+08
9.749314310620904242e-03,1.732349526046422228e-01,5.058120468958136439e+08
9.785363491682731035e-03,1.598715323103498398e-01,5.501187450596781969e+08
7.530642353859027735e-03,3.846839922982946830e-02,1.759456468794433832e+09
-8.841121716435477312e-03,9.747730475131385353e-01,-8.151818010659074783e+07
4.573837301818674261e-02,2.278986356258343171e-02,1.803805078039230728e+10
-1.277881406762172364e-03,4.733415450688462367e-01,-2.426423175806796923e+07
-3.203596372424360409e-03,2.600822399105268135e-02,-1.107076710833038807e+09
6.499702320320692450e-02,1.350783366397990959e-02,4.324723847793130493e+10
5.849255224502195039e-02,1.339392225123287039e-02,3.925033938960159302e+10
7.491076905637251981e-02,2.996228875842054107e-01,2.247087008401776314e+09
3.629148698087252076e-03,8.599449791588827108e-02,3.793016362450560331e+08
9.518850225946746263e-03,2.438732150952572716e-02,3.508092272584267616e+09
4.917602045799678023e-02,3.300799767794227457e-01,1.339013078933504343e+09
5.153931214050166965e-02,2.643390345888665949e-01,1.752378583323380709e+09
2.570138234673478156e-02,2.048841343002073823e-02,1.127453844201715660e+10
4.667242897380280420e-02,1.905372912585936648e-02,2.201562580222304916e+10
-2.835002992575024004e-03,8.047478126119442798e-01,-3.166243673964098096e+07
-1.998399053441635848e-02,7.748589351444014339e-02,-2.317982688978823662e+09
4.416309494137474201e-02,4.682460127281120044e-01,8.476879926534959078e+08
1.029130594616722502e-02,3.852571332037765806e-02,2.400879807870121002e+09
-2.262228857124018444e-02,1.364535452580123431e-01,-1.490055114740321636e+09
-3.259118948691360797e-03,2.993185061356948840e-01,-9.786271508493168652e+07
2.602660890447447764e-02,1.186037053899800103e-02,1.972286250235733032e+10
-4.612160295220767668e-03,4.043918305512447242e-01,-1.025067909004334658e+08
3.828479310860789016e-03,6.018387937306257651e-01,5.717375871018467098e+07
-3.479628491760069532e-03,1.854344274249723479e-01,-1.686526342390143573e+08
-6.352636231409013179e-02,3.157241487329329188e-01,-1.808409603106824636e+09
-8.793133484048434867e-03,2.940289755569999719e-01,-2.687844584968687892e+08
7.395020045070598014e-02,6.345471921699269435e-02,1.047432504768784142e+10
-3.922403434473878403e-03,1.101847209307293268e-02,-3.199495493489949226e+09
8.856712137775458668e-03,2.586187311947783091e-02,3.077961413466908932e+09
6.238737817403815049e-03,1.298256252196984539e-01,4.319037058059507012e+08
-4.466574111742978997e-02,2.737469131729552627e-02,-1.466479283043764114e+10
3.819701827867730097e-03,3.948249448199436795e-01,8.695118347814643383e+07
-4.233272233676894231e-02,6.896078409575359669e-02,-5.517274927347854614e+09
-3.177568624051600732e-02,8.502737211842953391e-02,-3.358820537488803864e+09
6.939173078482018496e-03,9.126407453764465161e-02,6.833740513776075840e+08
-3.580723644774368858e-02,3.905902553385521836e-01,-8.239484068272898197e+08
-8.804214770835263118e-03,1.140282939638587734e-01,-6.939507027446980476e+08
5.519150592898355162e-02,2.493888377839530504e-02,1.989050690729519272e+10
3.220640549927788338e-02,9.454382300658144278e-02,3.061679423104846001e+09
-3.489084676568993126e-02,2.327490990362046652e-01,-1.347330432091407061e+09
-5.484425342755095377e-03,2.911921587593848115e-01,-1.692786049290188849e+08
9.383337290937276975e-02,2.583331412915588765e-01,3.264583798968809605e+09
-1.541266121286562728e-03,6.587184904770838900e-02,-2.102947332856546044e+08
6.352080231616609451e-02,2.060911769196338283e-01,2.770174925512190342e+09
-1.286841303360712271e-02,2.510901051823576438e-02,-4.606234158359734535e+09
4.662615247989571055e-02,6.917772611769384961e-01,6.057785834861124754e+08
-4.553791470423403098e-02,2.822293656127649042e-01,-1.450178820464387894e+09
1.785072025043419990e-03,1.991444797054632010e-01,8.056345633118836582e+07
-3.512752749903406968e-02,1.711404275590034177e-02,-1.844784275391727829e+10
6.635665465390700596e-03,1.542076237051710763e-02,3.867490508874557495e+09
1.488357116532040489e-02,8.384526126210913033e-02,1.595435474560568810e+09
1.305571471150172641e-03,2.023366318979566078e-02,5.799315727960191965e+08
-2.673846263357398077e-03,7.367766216065207985e-02,-3.261754082456192374e+08
-1.215129659293989230e-02,3.568638372584213153e-02,-3.060347187430527210e+09
-1.765709693098107408e-03,1.184330042580524628e-02,-1.339976473724046230e+09
-6.124318805376136043e-02,3.039361120408699823e-02,-1.811031919216191101e+10
2.894036795863994937e-03,1.389193377659356243e-01,1.872371244031684995e+08
3.584300118028815874e-02,5.086564037826196705e-02,6.333305949110025406e+09
-3.248504244629201593e-02,1.858201852427771028e-01,-1.571235085213845015e+09
9.462175801555878715e-03,3.774820174322558453e-01,2.252917889594863951e+08
4.678828228361638780e-02,1.929969941397298994e-01,2.178899376933165550e+09
2.962664519606248922e-03,7.007340416895566082e-02,3.799967469567264318e+08
5.349125761982983368e-03,1.370112353687951978e-01,3.508950524218113422e+08
1.459486477487874530e-02,3.608965228972718098e-01,3.634695187994803786e+08
3.243964571955379114e-03,1.483846204842908384e-02,1.964888137027672529e+09
-1.951893529647195924e-02,1.800017612982685727e-02,-9.746080362944461823e+09
1.998490315286477383e-03,3.580311436004828679e-02,5.016858600058528781e+08
-2.376625610644830106e-02,6.002536187686308838e-02,-3.558578939319257259e+09
-8.196436105816511108e-02,6.991284646142204018e-01,-1.053704152485848188e+09
-1.312787359426436469e-03,1.178070421024604922e-02,-1.001552577146408439e+09
-6.818242612829246083e-03,1.224659661364574208e-02,-5.003888869462990761e+09
2.603386960916243345e-03,1.149171277208219377e-01,2.036125679017688036e+08
3.784734571716208765e-03,7.233035958564282275e-02,4.702896504538733959e+08
-9.606371663707713449e-02,3.425516942269685172e-02,-2.520483644719218445e+10
1.328911980524541663e-03,3.280442121686104051e-01,3.640947823695294559e+07
5.395481926204718538e-03,1.937324944016555472e-01,2.503101094698657990e+08
6.403269774896038456e-03,7.687314709263014523e-01,7.486481518490846455e+07
1.216898609069162231e-02,5.093370186338083000e-02,2.147334843400240898e+09
2.304409023830359445e-03,1.235278776032201764e-02,1.676660781341167450e+09
4.986932787221959318e-02,7.549514438878310307e-02,5.936973537833131790e+09
1.948572216842436563e-03,3.411497650321457242e-02,5.133600254758877754e+08
2.666449702596224679e-03,1.130145852735019857e-02,2.120554890573420525e+09
-3.507324413310859007e-02,1.951906039859220218e-02,-1.614981860273340988e+10
-1.672096892309387489e-03,9.139857059672469586e-02,-1.644268187272487283e+08
2.882575358359415474e-02,1.935516297905451044e-01,1.338549559467031479e+09
1.135577089406592400e-03,1.386613640127186409e-02,7.360575507630666494e+08
-4.355935626631910439e-03,4.937569114202874365e-01,-7.929008502586770058e+07
5.787997987385461174e-02,8.142623512496813820e-01,6.388731477315132618e+08
3.153733080813258139e-03,3.495987038668978142e-02,8.107850611283837557e+08
-5.326210660777895567e-02,3.531543351156867794e-01,-1.355515275604849815e+09
1.363906223568669973e-02,2.048676886591263221e-02,5.983587713239082336e+09
-3.264273158926177254e-02,8.982178986250251018e-01,-3.266295009771837592e+08
1.028573441695572813e-02,4.029531154295776935e-02,2.294200694455365181e+09
-1.008840469858342942e-02,8.257485241306270485e-01,-1.098058069634701610e+08
-2.309638074809272634e-02,7.699911852696671166e-02,-2.695931140313855171e+09
1.204766681014838789e-02,2.112542365814345721e-02,5.125640461490691185e+09
9.517969028050744795e-02,9.809613318232945911e-02,8.720532744941959381e+09
-4.605386736699396827e-02,2.007589838289826692e-02,-2.061777213020822906e+10
3.666948644927181707e-03,1.183786484818499657e-01,2.784082296647316217e+08
5.213648448934340984e-02,6.905924190601104851e-01,6.785323459677296877e+08
2.707933500589294884e-03,2.030146329969078137e-02,1.198840127098971367e+09
3.329633710291029364e-02,2.146020733628142552e-01,1.394482808670027494e+09
1.586657569728984127e-02,7.832536426720211609e-02,1.820670699386693478e+09
-4.813922534976590797e-03,3.758889185782386400e-01,-1.151039408781915158e+08
6.068719027310757325e-02,1.176075959734801911e-02,4.637802779191816711e+10
5.010329440168928561e-02,5.542501907036704312e-01,8.124769516188426018e+08
2.065149697526780757e-03,2.216823578403855355e-01,8.372805918378126621e+07
1.197953879406955281e-02,2.245816221027151505e-01,4.794203915658841133e+08
-6.339708231699502788e-03,7.538700383167810937e-02,-7.558287479594146013e+08
2.935111354171460185e-03,3.360781693121516617e-02,7.849371749465214014e+08
-6.921305133016696087e-02,1.115732523254691078e-01,-5.575431976188770294e+09
-1.304479441061133895e-03,1.292076570314895090e-01,-9.074017361874258518e+07
3.155092008836574667e-03,6.613711398373921524e-01,4.287631049421056360e+07
-9.196747720381258373e-02,3.080366524634157305e-02,-2.683381965000382233e+10
2.278593106858398196e-03,1.728224555257169837e-01,1.184996932436895669e+08
1.126493369031471509e-03,1.055774473318828351e-02,9.589767999532784224e+08
-5.929170496837021798e-02,2.370128294967372914e-02,-2.248395473343917465e+10
-5.978904477532956396e-02,1.769640651292241074e-01,-3.036596919615322590e+09
5.973673319347713034e-02,4.270287276620501893e-02,1.257288648867423058e+10
1.404552480965022467e-03,5.945722967264902015e-02,2.123165846954695582e+08
-3.542367320074337605e-02,9.233035245962925575e-02,-3.448257722994785786e+09
1.110148076852050152e-03,9.801431117486165689e-01,1.017986543309322931e+07
-3.778077424092120967e-02,2.045611838082655315e-02,-1.659962372448194695e+10
-7.286299588979656960e-02,3.347688786780923104e-02,-1.956196892923850632e+10
-1.368443787986903248e-02,9.548149172797291140e-01,-1.288126115826904029e+08
-2.200178294008489979e-02,1.083189476628697995e-01,-1.825593421175664663e+09
-2.878329508323756308e-02,5.521671914913767881e-02,-4.685117962659538269e+09
-2.000287396787234478e-03,3.026510222563458599e-02,-5.940197323718323708e+08
-1.032407826026131336e-03,2.824057044546305489e-02,-3.285704036752884984e+08
1.282337626984319037e-02,5.244612796062688570e-02,2.197554091796543121e+09
-3.495070392841378992e-02,1.266672621886889838e-01,-2.479945642679382324e+09
1.666111397672109503e-03,2.461671595174911575e-01,6.083094164398269355e+07
-3.520335208777120462e-03,4.009942745596183772e-02,-7.890353593356889486e+08
4.266041420879469227e-03,9.811024192642439079e-01,3.908061051302652061e+07
-1.091055271563100412e-03,1.596382475583640881e-02,-6.142715744128484726e+08
8.506185404982334608e-02,2.943676961505467538e-01,2.597139718437604427e+09
-2.216499917310868137e-02,6.008164439592623696e-01,-3.315709909558168650e+08
2.275668841501665360e-02,6.708839065910549015e-01,3.048683270031016469e+08
1.351336638620864380e-03,3.024191314642349013e-02,4.016103609628101587e+08
-1.671214343195077251e-02,2.526370797741896851e-02,-5.945462989334135056e+09
-2.112644996468661385e-02,9.693773224062084415e-01,-1.958773807915443778e+08
-6.104380964492903128e-02,1.013427227565075611e-01,-5.413768483805342674e+09
2.154240850788528491e-02,1.708728572601651494e-02,1.133109273569432068e+10
2.323648613330913174e-02,1.538168768891811644e-01,1.357741469946308613e+09
-1.729355090868152974e-03,9.049041560789734540e-01,-1.717640264566338062e+07
-1.399476735611320530e-03,6.070244170241111403e-01,-2.072097282230325043e+07
4.455145446356215642e-03,7.419842108172279571e-02,5.396570332881267071e+08
-1.313778579147076471e-02,9.519198859955431413e-02,-1.240430383232410431e+09
5.296354987045084894e-02,1.460976903880029099e-02,3.258249624432433701e+10
2.138818281318691228e-02,1.002625803797545755e-02,1.917280381309100723e+10
-5.445836802218275222e-03,2.507449793977330199e-02,-1.952014299756613731e+09
-7.551263904276685202e-02,1.820352680496473696e-01,-3.728333293876106262e+09
-1.214340044546693542e-03,1.582446186414606937e-01,-6.897027934485012293e+07
-2.832714489861120483e-02,6.601418859300298148e-02,-3.856702441984946251e+09
-6.320735085104681183e-03,1.166305057925696026e-01,-4.870864494467077851e+08
8.665007519918520307e-03,4.404061118596504232e-02,1.768341848922326565e+09
7.089916207196031439e-02,4.361141879731098014e-02,1.461138906609597969e+10
2.016265749850580657e-03,1.690802492086041220e-01,1.071779662675824165e+08
6.533970814112694848e-03,1.510533540933895191e-01,3.887741992029495239e+08
4.108840596710535038e-03,1.370885556629923563e-02,2.693820853490347385e+09
-1.468077115448248107e-02,1.386647331571941033e-01,-9.515540608148488998e+08
-7.380684137365913118e-03,3.040083389246406864e-01,-2.182035146714634597e+08
3.403973003002613157e-02,2.073119903782593212e-02,1.475748342439394188e+10
4.628436744481988739e-03,1.114047911985453256e-02,3.734058194659403801e+09
1.944691325303258417e-02,1.406658868524942596e-01,1.242546088771609306e+09
-4.732345001108891058e-02,3.625303648300972487e-02,-1.173228565767208290e+10
1.188720602612226059e-03,1.938399881338154218e-01,5.511718562236654013e+07
-3.737977511849134224e-03,7.966008447033798290e-02,-4.217416958426874280e+08
3.288360779882770063e-02,1.413727319705262997e-02,2.090568621035779953e+10
-1.727387088743380719e-02,1.808421568422259040e-01,-8.585006126572974920e+08
6.883977573749642739e-03,3.791477215271220336e-02,1.631855181208649635e+09
-1.327929348579456360e-02,1.096267003341587845e-02,-1.088702562833477211e+10
-6.244697233104078843e-02,6.278009826838247542e-02,-8.940051366982864380e+09
1.333592052150829642e-03,2.002860071983510529e-02,5.984432986478991508e+08
-2.310047735534701691e-03,4.366134424810213382e-02,-4.755262217412443757e+08
3.494027739717525671e-02,2.241648794223590965e-02,1.400907290949830818e+10
3.829799840806844685e-02,3.245092609332919098e-01,1.060717172114728689e+09
-7.856474251464719283e-02,1.751850405061946281e-01,-4.030707578616240025e+09
-6.819740713922775414e-03,8.682251002686759422e-01,-7.059698344545911252e+07
3.019499461270944499e-02,2.204019548594763067e-01,1.231317728867258072e+09
-6.078640557911560438e-03,5.232310651612832181e-02,-1.044151606150863647e+09
-1.830709394199206766e-02,4.699397643331436336e-02,-3.501287986816028118e+09
1.625092062493665697e-03,5.257862133221401918e-02,2.777917816335616112e+08
-6.294310835148354821e-02,1.926166627662911079e-01,-2.937006788430988312e+09
-3.677642783589953057e-02,1.945514693248715232e-01,-1.698969749883402586e+09
6.297330237717198645e-03,1.302051404151216563e-01,4.346893067593825459e+08
-1.066766439553125693e-03,6.227422572190876027e-01,-1.539613200974752381e+07
3.230922202420354571e-03,7.565708488132636411e-01,3.838199243082268536e+07
8.373989972048194452e-02,2.287160477811013559e-01,3.290685799148557663e+09
5.389423150168042020e-03,4.977848454287374103e-01,9.730860151301234961e+07
2.999729335035734856e-02,9.820017354824269740e-01,2.745493584462338090e+08
-2.659093625610909825e-03,1.252686498546344042e-02,-1.907839563467839003e+09
4.569173056289007467e-03,7.444693466686703731e-01,5.516217795707027614e+07
-1.551519829734657532e-02,2.707872675262383913e-02,-5.149673669843153000e+09
5.036709558458634522e-02,8.333339333426720286e-02,5.432233878296279907e+09
1.295940219753574131e-02,3.291715666745217289e-02,3.538451704029427052e+09
4.157448992034331638e-03,6.749753564358609847e-02,5.535917775840899944e+08
7.403599751145968633e-02,1.698690641372891941e-01,3.917231663999412537e+09
3.590474687295576971e-03,7.108082782580689152e-01,4.539938926796341687e+07
5.907747874188455650e-02,2.503335154140116925e-02,2.121063022422857285e+10
-5.777318219929682142e-03,1.800730361800141066e-01,-2.883554875540416837e+08
-1.172969977144277740e-02,3.992679963236733798e-01,-2.640420003390243649e+08
-3.571944316198933864e-03,1.203555827007777718e-01,-2.667405599011278749e+08
-3.272522476138279776e-03,2.992614242418799031e-01,-9.828393088941991329e+07
1.375315906635670750e-02,6.678873125026240087e-01,1.850759088893621564e+08
5.826039058023989997e-03,7.039350788677014581e-01,7.438603368283097446e+07
3.626480493980121199e-03,2.453819280066131536e-02,1.328291488336630344e+09
-6.925918198646666135e-02,4.884858052658735961e-01,-1.274312748599336147e+09
-1.179606269612895955e-03,2.804122188158236079e-02,-3.780861395515810251e+08
-3.608158513092795880e-03,2.230008211402147514e-02,-1.454218833154981852e+09
-1.141267171626641781e-03,5.662904430387346588e-01,-1.811334716593466699e+07
-1.010970503030060239e-03,1.845765885449920096e-01,-4.922803355108440667e+07
7.893284697450882181e-03,3.087601989520641355e-01,2.297666930232038796e+08
9.315368848303652236e-03,8.053421449130799825e-01,1.039609518168808222e+08
-2.801682167606073769e-03,7.006777710284833871e-01,-3.593777162159223109e+07
-7.854786644656143457e-03,2.703606363613493269e-01,-2.611208503488032222e+08
4.466308217564159827e-03,8.418042884629575728e-02,4.768570136585056186e+08
-6.855098096384458148e-03,1.904200909453439838e-01,-3.235575393939455748e+08
4.095065612277985073e-02,3.858043533984790996e-02,9.539911788346902847e+09
4.846187875068607050e-03,1.597241526535088108e-01,2.726969447238524556e+08
1.921669769666296173e-03,1.682874047652995614e-02,1.026308116446166039e+09
4.254139471834897206e-03,3.873638387424616636e-01,9.870593494802659750e+07
1.301321034851465495e-03,6.750607929188151557e-02,1.732575556611810029e+08
1.010824194712933938e-03,1.120608863812301709e-01,8.107224389837072790e+07
8.754631416719885206e-02,7.897605748947517101e-01,9.963066632375791073e+08
1.582655561131615001e-03,3.768108388375597528e-02,3.774971175293804407e+08
8.368208016095925184e-03,2.490765289695935983e-02,3.019606007331187248e+09
-5.424140129469186278e-02,4.526961932771524089e-02,-1.076898263232768440e+10
2.340290011368725918e-03,3.241696549359960322e-01,6.488554228350447863e+07
-1.177053545099370543e-03,8.034108949771457953e-01,-1.316767567531559058e+07
9.947191299123027755e-03,2.411731580857060311e-02,3.706996006004283428e+09
8.693143959027968548e-02,1.893397454298800103e-02,4.126536597094552612e+10
-4.261524933380843316e-02,6.380693373833119797e-02,-6.002715731704686165e+09
5.597085912239241519e-03,4.280038762007992159e-01,1.175343714852194935e+08
-6.336769481252536862e-02,6.582185001509421873e-02,-8.652636164638570786e+09
1.962350286091685356e-03,1.610549729168561650e-01,1.095098066522269100e+08
-4.883962649797787998e-03,2.221073421015206523e-02,-1.976332612772121191e+09
8.332963881486034341e-02,9.831596274334017949e-01,7.617738871903415918e+08
2.908799406000343694e-03,4.974048523215345852e-01,5.255988103631202132e+07
3.310003372041843417e-02,3.858875772887566669e-01,7.709358768635170460e+08
-1.307979956235203259e-02,2.087303899623322856e-01,-5.632043787593445778e+08
5.789866050920251112e-02,6.226032198873570067e-01,8.358104030611664057e+08
8.383722663893509314e-03,1.408990611507539292e-01,5.347852523586252928e+08
2.314403477636851544e-03,7.008343416412336768e-02,2.968071214357341528e+08
-1.056042929376719425e-02,3.369191914945713906e-01,-2.817127101187842488e+08
-6.355863603381599683e-03,5.126337270080763009e-01,-1.114340747175956666e+08
-3.243687193722121116e-03,6.258495091340204874e-01,-4.658216491519568861e+07
1.737802522304684669e-02,3.057675910329896163e-01,5.108102341976339817e+08
2.751671058715433361e-03,2.789025424973395201e-02,8.867366546160684824e+08
-6.013385701501473835e-02,1.005776831480045298e-02,-5.373633610732923126e+10
-8.430123335005601515e-02,6.621380852480313051e-02,-1.144289672253524590e+10
3.338696262180932545e-02,3.440148284865027772e-01,8.722688558273448944e+08
-6.353671964348356349e-02,5.613393122421658221e-01,-1.017302118444790125e+09
2.419539537301121195e-03,1.640849350570216733e-02,1.325301324721527576e+09
4.114377464784459842e-03,1.182529015831213365e-01,3.127108464239477515e+08
-4.015370283487496375e-03,4.603281033658190857e-02,-7.839867615568459034e+08
-1.938221903672169384e-03,4.697883837617510688e-02,-3.708103448276657462e+08
1.086315635147192676e-02,1.541188043563964105e-01,6.335064157703045607e+08
1.129301304088881769e-03,1.763710127649940618e-01,5.754839810076554865e+07
-2.816815863279472157e-02,3.468682346008408746e-02,-7.298683750481993675e+09
-7.912985286221391190e-03,1.388441818777753356e-01,-5.122279717183629274e+08
-2.511000525252714624e-02,5.254861138123330389e-02,-4.294733084171339989e+09
2.242394764812399854e-02,1.308545061150022670e-01,1.540188961678896666e+09
2.999738456210778847e-03,6.457840361384767358e-02,4.174906023841320872e+08
-5.426661578367671102e-02,1.282025906242499451e-02,-3.804403353084004211e+10
-4.007832270618966880e-02,2.984447690463127856e-01,-1.206969192259186745e+09
-5.127721751841319252e-03,3.163570320817748471e-01,-1.456792096447112262e+08
3.153928757815587045e-03,7.879173335827989455e-02,3.597674290793068409e+08
5.978654996870993998e-02,7.048464761001704826e-01,7.623590818638236523e+08
-9.257900893494319661e-03,4.169588546091522741e-01,-1.995583684753376245e+08
1.698045213674891779e-02,5.877219700277266229e-02,2.596736859751662731e+09
9.567084411325157967e-03,1.794389244857407667e-02,4.791964219464301109e+09
-6.578599737940923897e-02,3.518409164665588923e-02,-1.680496988270253754e+10
5.386560468093230802e-02,2.047698552776602288e-01,2.364264898670020580e+09
-1.214466227032011403e-02,2.372784485179392222e-01,-4.600211151234748960e+08
5.128175022268986055e-02,4.724285251042356637e-01,9.756124752820286751e+08
-6.080777636847865993e-03,1.276493806644155363e-02,-4.281451499270970345e+09
-8.141724081564374882e-02,2.381603227153300806e-01,-3.072540304445789814e+09
1.082118564036866661e-03,2.181150515877962881e-01,4.459024203111521155e+07
1.801824873454637875e-03,7.825976957071864026e-01,2.069305592107212916e+07
1.163288977211890743e-02,3.239165346962530889e-01,3.227788824653711915e+08
-2.780287682412170905e-02,9.603870277408659006e-02,-2.601920774774796486e+09
3.715122393400949186e-02,9.123709398760566636e-01,3.659757423008902073e+08
-5.023190391695015258e-03,5.826685969495268846e-01,-7.748339569678710401e+07
-4.810760328518763618e-02,1.064169664198695749e-02,-4.063062143025447845e+10
-3.890104084647732358e-02,6.498319780194380946e-02,-5.380352883885609627e+09
1.292078037375037416e-03,1.225409824442183493e-01,9.476719035604615510e+07
7.537119952641837053e-03,1.811906793056917986e-01,3.738696334609900117e+08
-1.563231130587318732e-02,1.322415201587487099e-01,-1.062443834273667336e+09
1.668073564260343783e-02,8.183966286740653739e-01,1.831900943614438772e+08
6.195119167340772115e-03,1.765142933612496787e-02,3.154426442664863110e+09
4.670772835222869457e-02,1.017076371498818778e-02,4.127487807771167755e+10
-7.752684555070718520e-02,1.340947900119003888e-01,-5.196259450330705643e+09
-1.223789508961897060e-02,2.061972671890950973e-02,-5.334263181468246460e+09
-2.248117287952500817e-03,1.038434812375127123e-02,-1.945764810050163984e+09
-9.513916861689611371e-02,1.603473176027825353e-01,-5.332713737134294510e+09
-8.305585290478598517e-03,1.385866026141614402e-02,-5.386412537681854248e+09
9.126671642859147254e-03,2.518760074739648802e-01,3.256688672524223328e+08
8.590600936100178595e-03,3.376683710018751339e-01,2.286566206130692959e+08
5.057001249218018996e-02,8.213738232948801510e-02,5.533537038498842239e+09
2.158854995060678628e-02,1.093746796320033132e-02,1.774015039116262436e+10
-2.382844534557695265e-03,1.711556961119304887e-01,-1.251281343997270465e+08
2.753441992860730311e-02,1.739114013632707748e-02,1.422979014359189034e+10
-8.965665258479653746e-03,6.522257261305914877e-01,-1.235478560566620231e+08
-9.074034610377079701e-02,8.729818721069089460e-02,-9.342128233960899353e+09
-1.140096832101932835e-02,4.425562967869436926e-01,-2.315388291996566057e+08
-2.452244110620118659e-03,4.856483175113533446e-01,-4.538291942257550359e+07
-9.007416775678442344e-03,2.554956719888819630e-02,-3.168599349696029186e+09
1.187978214208443642e-02,1.953829527809421845e-02,5.464776767509347916e+09
-1.844119798704067781e-02,6.623709366187595371e-02,-2.502294841038081169e+09
1.128500123992909636e-03,1.683937302703375147e-02,6.023186516150635481e+08
-2.325082917522424547e-02,1.385807570326475779e-01,-1.507947196791158438e+09
2.408914767202096838e-03,1.686737398669992116e-02,1.283584836605305433e+09
-1.795795481031270402e-02,1.847295650407930478e-02,-8.737176017952541351e+09
2.165840824152017244e-02,2.183168557713395241e-01,8.916407036178077459e+08
-1.256908834504695538e-03,1.086865178928249354e-02,-1.039390449853204012e+09
-9.181000103803699242e-02,1.645040842373087647e-02,-5.016073894985787201e+10
-4.668897439674208477e-03,6.952848447305638724e-02,-6.035346228988468647e+08
4.458714467227946343e-03,1.744201529572444453e-01,2.297542833011957705e+08
-6.546918587229312581e-03,2.728572287733769253e-01,-2.156513070554063022e+08
-1.480784802108998325e-03,7.397972617956193320e-01,-1.798994548200940341e+07
1.168165873801686391e-02,2.719265222089038356e-02,3.861033456130167007e+09
1.758420941443997101e-03,7.391782593921790712e-01,2.138081622186658159e+07
-9.162382101819632751e-02,6.041736214139340477e-01,-1.363004400239589453e+09
6.687695089082276723e-02,2.138723993563199366e-01,2.810427205444544315e+09
1.059352331158155795e-02,7.218887454118799729e-01,1.318927045759593844e+08
-8.227287764563141759e-03,2.959304065867239888e-02,-2.498720704100255013e+09
2.531636081782928996e-02,1.392688699874800873e-01,1.633796055918895483e+09
2.275705831570750889e-03,6.813929571877298808e-02,3.001712545313349366e+08
2.887803482252099783e-03,2.538153183231275922e-01,1.022587371065001488e+08
-1.297708031474857290e-02,1.236706000870561352e-02,-9.431073786651311874e+09
-1.859014635791449415e-03,2.423030246073334948e-02,-6.895640185268380642e+08
5.446039396031535085e-02,6.661894959524249094e-02,7.347398855139540672e+09
2.062083549620044934e-03,3.018120009560771450e-02,6.140735216256244183e+08
9.860796669949024873e-03,1.594962057908267949e-01,5.556640063219044209e+08
-4.293716573514531898e-02,1.268628628301682500e-02,-3.041931878530250168e+10
3.975100395095724874e-03,2.031157831599626762e-02,1.758956293816362143e+09
9.866729714668705589e-03,3.341514851162804556e-01,2.653874943869482279e+08
7.357108559549521525e-03,3.688625353777887916e-01,1.792640631118192673e+08
1.127847032585239939e-02,1.827520475545104869e-02,5.546749693899807930e+09
1.554266780019146650e-02,1.392817465972018831e-01,1.002956226499102592e+09
6.953474768164343012e-02,5.805421775636029902e-02,1.076511624488541412e+10
2.351758461856863752e-03,8.477705012883706148e-01,2.493245436047443002e+07
9.696205978028331340e-03,9.600703238781668758e-02,9.077147766027528048e+08
-4.903180650552551104e-03,1.943977044494238637e-01,-2.266926193336767256e+08
4.402550100010512758e-03,1.417371670899687519e-01,2.791715622770775557e+08
1.064528108905433111e-02,4.133249902768931228e-01,2.314813932356508076e+08
3.557599629995312346e-02,3.128781855430554093e-01,1.021956488157912016e+09
8.442399347834118883e-03,3.146917242086343935e-01,2.411188635093151629e+08
1.263544831776000198e-03,3.468601463920827355e-01,3.274061786855388805e+07
-5.291671968218922099e-03,2.384744791513475903e-01,-1.994351130818062127e+08
-1.433187433721503203e-03,1.749862595470450324e-02,-7.361217705317652225e+08
1.385731042387718841e-03,8.114089130432965147e-02,1.534934297257488668e+08
1.768393324435141647e-02,3.092353995718480700e-02,5.139729717582993507e+09
6.212864738582646665e-03,9.307457794114089022e-01,5.999450044001494348e+07
1.203984171847481167e-02,1.468911234854755610e-01,7.366748499986579418e+08
-1.304036383193917306e-02,1.149618498882651503e-02,-1.019498481740158653e+10
-9.279955334849404602e-02,5.542846076373787456e-01,-1.504747691644840002e+09
-2.250344686809343381e-03,1.149085135100267122e-02,-1.760140987288361073e+09
2.090102267361776314e-03,1.686208927754181963e-02,1.114055354523741484e+09
-1.403503842801744235e-02,2.879999299791020928e-02,-4.379977123863921165e+09
7.328787151573071257e-02,1.576456592720812400e-02,4.178310497436031342e+10
-2.153431447048648022e-03,4.777243844707849268e-02,-4.051391939178086519e+08
5.755153392124423908e-03,4.143757893758183708e-01,1.248283266197672337e+08
-3.179624647496568507e-02,5.715402901443950023e-01,-5.000110731293908358e+08
1.491899838066276405e-03,2.207872292586612328e-01,6.073182553555691987e+07
4.338603392046280066e-02,6.463508767466177307e-01,6.032984750414518118e+08
8.210392273744648861e-03,8.476705384657411413e-01,8.705374048368878663e+07
6.718211926563405489e-02,1.470593429104628813e-02,4.105931472612102509e+10
1.186957749822329516e-02,5.852334080780124265e-02,1.822874496384711742e+09
-1.286360917490948948e-03,3.465481000723547034e-02,-3.336183521505088806e+08
-3.641865741711573009e-03,1.549091693608715785e-02,-2.112989916302807093e+09
3.552337024290699863e-02,6.829068213191924475e-01,4.675233755255069137e+08
2.958757165815564198e-03,1.413163283511710833e-01,1.881774572915580273e+08
1.396221610534318681e-02,1.314311149188360402e-02,9.547876261709403992e+09
-5.559936994323359458e-03,3.449068436622568234e-02,-1.448834158981029034e+09
-6.666343858655439381e-02,2.233807525375394454e-01,-2.682208781376128674e+09
5.366965172113997116e-03,5.719005719866290249e-01,8.434490714540059865e+07
4.524779969641135220e-03,3.253027213690010827e-02,1.250144996775855064e+09
-7.848950203564612760e-02,2.907757949947313569e-02,-2.426073423323015976e+10
-1.296846594162284760e-02,1.306502223379786554e-02,-8.921319046637897491e+09
-4.102496944550987346e-02,1.960356697966997297e-01,-1.880891672852011442e+09
-5.843197610672093249e-03,2.979653557793429108e-01,-1.762525546019527912e+08
2.843673594196630822e-02,4.081475238818503548e-02,6.262001934806807518e+09
-1.140767128640184005e-03,2.172325482299586885e-01,-4.719790481437329948e+07
-2.998817890533968245e-02,1.195445602166664151e-01,-2.254607216731625557e+09
8.167324505467071089e-03,1.731525995642733684e-01,4.239370892919206023e+08
9.085772710067135938e-02,2.034569448941592751e-01,4.013654339037992954e+09
2.871914750899182828e-03,8.135081699968315094e-01,3.172928193830122426e+07
-1.490404123442840879e-02,1.172266140024754433e-01,-1.142690037071017504e+09
-1.527123762286862821e-02,2.243186209449134216e-01,-6.118705165246380568e+08
-4.923162743701094655e-03,2.160868155090376608e-01,-2.047700995382302701e+08
5.575105086802718130e-03,4.608527780955858077e-02,1.087280167691815853e+09
-9.559264929085176110e-02,1.852442886985518344e-02,-4.637995140509987640e+10
5.054617757271537108e-03,9.845982246166569141e-01,4.614024420217268169e+07
3.268455226310959961e-03,1.035831298952583079e-01,2.835986301426110268e+08
4.064445265772651146e-03,3.931111268122169933e-02,9.292585406648906469e+08
-2.569547031254179603e-02,1.109054270095746059e-02,-2.082353183421408081e+10
-1.776701692038224574e-03,1.513233837487608889e-02,-1.055259061857198477e+09
-6.681175954549133100e-02,4.701378590267373814e-01,-1.277257032366598606e+09
3.147723354235890808e-02,9.672522019614129829e-02,2.924875923419315338e+09
2.422615568963912280e-02,1.497219584858697737e-02,1.454285328638875961e+10
-5.838450722340755156e-02,5.108221814917722758e-01,-1.027255534911225677e+09
5.198466272124133668e-03,1.775108522377874809e-01,2.632091240474281013e+08
-3.217506498032685590e-03,7.664810718273554757e-01,-3.772841986551342905e+07
3.160148745552143236e-03,1.452077417914792064e-02,1.955997844215554953e+09
7.409375707715148973e-02,2.064744891649429939e-02,3.225268204152421570e+10
-4.522194342937569181e-03,1.473190933920367519e-02,-2.758930772176964760e+09
-3.819033926502369940e-03,1.526534798089251299e-01,-2.248523475279158950e+08
-9.334646484242965780e-02,1.388404813213117150e-01,-6.042718777089830399e+09
-4.599207791802407616e-03,7.979806768144588336e-01,-5.180137345746765286e+07
3.541958911902800666e-03,5.742851746480268638e-01,5.543276377564546466e+07
2.105718726508996885e-02,2.091261432310800306e-01,9.049876437399296761e+08
4.815273983137622650e-03,1.074088154778629484e-01,4.029319393965972662e+08
-1.169106800221526030e-03,9.763816459643813450e-02,-1.076180696997139454e+08
1.256438507865263385e-02,5.998475145608856973e-01,1.882569390344119668e+08
1.062699107976127107e-02,4.088793172595196063e-02,2.335962096489948273e+09
1.035273952187902753e-02,9.253998494293941279e-01,1.005487048734702766e+08
3.261024193395582488e-03,3.047567404229940477e-02,9.617259160078736544e+08
1.982202614461581192e-03,9.986063553303088647e-02,1.784038972272984684e+08
3.055964639048673603e-02,1.926718531056151665e-02,1.425544138007184601e+10
-1.615759727828287168e-02,2.284894389610743481e-01,-6.355668927817960978e+08
-1.159340164098445099e-02,6.532730438111654658e-01,-1.595022309835850298e+08
-2.570565205312987881e-03,3.317815921082512554e-01,-6.963489999128514528e+07
3.248766201484800525e-02,8.020692030701971342e-01,3.640468147688151002e+08
-5.133635377709956649e-02,1.424478712132993263e-01,-3.239065080608499050e+09
4.393122905686348834e-02,6.412960722680840497e-01,6.156946671307463646e+08
5.387054094161194094e-03,1.374319891948262151e-01,3.523011998989058733e+08
2.512183165787962649e-03,9.350443682714748572e-02,2.414736243253502846e+08
-2.070458551303355245e-03,1.705554247048532701e-01,-1.091067506052491367e+08
-8.884639873381922071e-03,7.534861716437448731e-01,-1.059778637503544390e+08
6.995526711126116501e-03,5.440734021137505483e-02,1.155615989559495926e+09
2.757996158637238734e-03,9.042070212965047649e-02,2.741425197434287667e+08
7.481747770389855605e-03,2.385954217871038077e-02,2.818328258044186592e+09
1.399964437161095587e-02,4.024401027353761706e-01,3.126557144286558628e+08
-3.021181495374625908e-02,7.146315808523327762e-02,-3.799664311848273754e+09
-4.844421690442224891e-03,5.039030049775422571e-01,-8.640634007856073976e+07
-5.946540426294730924e-02,4.260846060606095914e-02,-1.254351201343780327e+10
-1.001455023883933730e-03,8.829231639766496054e-01,-1.019434100851858221e+07
5.882954651798552592e-02,2.952358254789246295e-01,1.790923615010417700e+09
2.063440047424455054e-02,3.054430376895776456e-01,6.071727096077793837e+08
-2.990324873340034426e-02,3.466832537055308805e-01,-7.752399194429619312e+08
-1.773651956187665552e-02,1.933001594944202539e-01,-8.246825558004183769e+08
7.853116295750929565e-02,4.094573752322177435e-02,1.723788381189813614e+10
2.074666050285866800e-03,5.884793621898776195e-01,3.168601195362093300e+07
1.126242513730046739e-02,3.093917955619387289e-02,3.271702023556606770e+09
-2.220044748115411644e-03,2.443110653416129610e-02,-8.167125123444486856e+08
-1.687632114164094735e-03,2.103453756885644357e-02,-7.210998921431971788e+08
-3.377257473150259426e-02,2.392166407340030887e-02,-1.268888327430259323e+10
-6.806663300740301709e-03,4.305426120819212943e-01,-1.420917114646023214e+08
-8.881802324534479598e-02,3.876813853317154918e-02,-2.059096843397253036e+10
-2.923305158402345061e-02,2.109434917315549871e-02,-1.245542757242238235e+10
-3.987727986603220066e-03,1.358993035586957346e-02,-2.637296227266335487e+09
1.537202469447941774e-03,1.623478062630883123e-01,8.510111832400397956e+07
-2.752619187812081411e-03,5.563317777497637229e-01,-4.446956524753329158e+07
1.273705048806735756e-03,2.382704836955023830e-01,4.804511554721052200e+07
1.382222658612719708e-02,2.915801598182753418e-01,4.260598956837461591e+08
8.544193742080589959e-03,2.150911492982082451e-01,3.570254422120509744e+08
2.980337809732360593e-02,2.388729410510870843e-01,1.121370570237322807e+09
-1.181626994613447883e-03,6.906105267244604107e-02,-1.537792818729649782e+08
1.339225638820104765e-03,3.054303285775737398e-01,3.940870955455314368e+07
1.017890320626165619e-03,4.354020987360066597e-01,2.101169484131533653e+07
7.645464800568048391e-02,9.228800483465879889e-01,7.445763787972198725e+08
1.704673067430517632e-03,1.786009299612266177e-01,8.578433759760917723e+07
2.437575166882526012e-03,1.798134312886772723e-01,1.218390507103116512e+08
2.270747665354795955e-02,1.165371852406955067e-01,1.751277509896905899e+09
-4.591204174022298079e-02,5.806971335265028733e-01,-7.106038279495923519e+08
1.221854651788186657e-03,8.943069437001525956e-02,1.227958139460896552e+08
2.394237529824953890e-03,1.367953738631138283e-01,1.573064179419173300e+08
1.380186339872196445e-02,7.548400025853982398e-02,1.643362738688132524e+09
3.445873678852557839e-03,5.952084687191205870e-01,5.203323999407808483e+07
6.533514878856606922e-02,1.024378646062911180e-01,5.732406583407114029e+09
-2.539087628075417311e-02,2.367388717275796806e-01,-9.639593811566561460e+08
8.477082699177543312e-02,4.909161440761928841e-01,1.551992877910094500e+09
-8.580920349231743044e-03,2.157011846040080005e-01,-3.575460288795918822e+08
1.460243893151415414e-03,9.944384802719504757e-01,1.319769525079217367e+07
-9.470114654720104483e-03,7.542297462416894249e-02,-1.128501650842704058e+09
-6.140546945866340312e-03,1.098901656878228592e-02,-5.022255998285160065e+09
-6.272401807057009782e-02,2.244557121401848654e-01,-2.511619391276225090e+09
7.650403936006131000e-02,1.289045794256182542e-01,5.334167368589947701e+09
-7.926731977091015097e-03,1.201853217892984854e-02,-5.927797531711797714e+09
-4.690456789404873206e-02,2.301056822400511168e-02,-1.832054607660903931e+10
7.638672728305488657e-02,4.366613961781063424e-01,1.572257672672570705e+09
-2.182064757196401639e-02,2.695998900835869239e-01,-7.274422854776420593e+08
3.012898502963222772e-02,4.422090672259212929e-01,6.123609338521137238e+08
2.210397958970055070e-03,1.003201075305136351e-02,1.980309633802481651e+09
1.224944000489806492e-03,4.413259100394483631e-02,2.494637393117752969e+08
-9.498643493573486959e-03,4.180452920148885476e-01,-2.042155786973211765e+08
3.579865407741436578e-02,8.178772582882773423e-02,3.933953160011084080e+09
-1.893297512995037457e-03,1.343740343174643082e-01,-1.266351084248979390e+08
-1.490647633228961953e-02,2.476634074466809998e-01,-5.409582760482277870e+08
5.573248125329377523e-02,6.644323010845275268e-02,7.538904808164749146e+09
-6.176744284554570516e-03,1.237612372943643069e-02,-4.485652208118338585e+09
-8.120462402735421567e-03,2.580514563110544168e-01,-2.828297332497030497e+08
-1.964629244332980265e-02,8.088716550863905841e-02,-2.182989294181454659e+09
-9.391543337035103411e-02,7.378068367336457212e-02,-1.144049748605787849e+10
2.184002051442637121e-02,2.299981222472144080e-02,8.534525295517735481e+09
-6.243458994541436526e-03,1.232639437644859892e-02,-4.552393802383490562e+09
2.802003717701774879e-02,5.113742071406013334e-01,4.924708241701520681e+08
1.957450144100419433e-03,1.632930134345135231e-01,1.077391944722298384e+08
-5.288983954357301225e-03,2.779002665889155482e-02,-1.710542639051642179e+09
-1.585519685491734417e-03,1.181906791687214742e-01,-1.205699354956498444e+08
2.013871949769280301e-02,8.518388783894136063e-02,2.124834032210143328e+09
1.054405732515750066e-02,1.051150628487790700e-01,9.015574830244164467e+08
1.525431116900677515e-02,2.247754647356129537e-02,6.099501118470503807e+09
-1.227947270850035391e-03,1.237102496731083169e-02,-8.921228295144039392e+08
1.544425257327515944e-03,2.612256283650791003e-02,5.313757503220155239e+08
-7.628992625034006561e-03,2.783849199259988069e-02,-2.463043644510057926e+09
7.164195364847533200e-03,2.687400668166306864e-02,2.395993402748307705e+09
2.222880203083702280e-02,6.522220619386481788e-02,3.063170644126197815e+09
2.346189350126009609e-03,1.640835696598788862e-01,1.285134497828982621e+08
1.239068885455281779e-02,2.313113940403150048e-01,4.814476196298502088e+08
-7.488301127881851968e-03,1.542812023107458796e-01,-4.362353989174935222e+08
3.926226337739233130e-02,1.304804037636253800e-01,2.704460597836020947e+09
1.003968059054571827e-03,4.849688959894285500e-02,1.860615475625498593e+08
-3.538100686431905426e-03,1.076746281517572817e-01,-2.953299048732336164e+08
-6.707500507837093479e-03,5.320654597622330451e-02,-1.133042670991178036e+09
-5.784801912492748034e-03,4.759798119075546452e-02,-1.092321740199445248e+09
-5.772196138699942428e-03,3.862160172735553537e-02,-1.343264128774842978e+09
-4.555348082120563684e-03,3.937140324276185155e-02,-1.039899315374545932e+09
-8.381052975499896085e-02,3.582231732804217472e-01,-2.102788181264897823e+09
-1.324967820602604603e-02,2.316295630036197678e-02,-5.141169959385836601e+09
1.940599171174280145e-03,8.544532790801954159e-01,2.041259124742716551e+07
-2.568428324809115745e-02,3.964655572000812256e-02,-5.822541664613772392e+09
1.139664063967385510e-03,2.003613875992199533e-02,5.112265988723701239e+08
-4.554911911809760711e-02,1.470725447854957964e-02,-2.783549788356415939e+10
-4.968704683941610814e-03,1.810140264266917320e-01,-2.467070581835740507e+08
-6.485783507494542743e-02,5.082861188858654039e-02,-1.146845241449575233e+10
8.794362785072324870e-03,2.529912403580457381e-02,3.124276852692424774e+09
-1.361666584559947588e-02,3.143090276819502510e-02,-3.893718433319667339e+09
1.217275851431458798e-02,5.337619730643050620e-01,2.049707993591124117e+08
2.198241181329046046e-03,1.486739104327508276e-01,1.328896609825914353e+08
-3.203453286233642894e-03,9.484206737290874767e-02,-3.035763964906905293e+08
4.935300007046116398e-03,1.225011528175095898e-01,3.620962276462085247e+08
-3.998355188009858861e-03,1.288632453455986204e-01,-2.788707246123534441e+08
4.398198598678638299e-02,1.439509446420564609e-01,2.746065772221082687e+09
3.809617484127050119e-02,1.516425862352217824e-01,2.257931731755031109e+09
1.410104067039461007e-02,2.073188454171755457e-01,6.113121139473789930e+08
8.851391368149644223e-02,1.975352283427697642e-01,4.027333580049647331e+09
-5.616913741668927082e-03,5.763804378199159639e-02,-8.758689694165159464e+08
3.970513299128670785e-03,1.006906374198158691e-02,3.544118082239131927e+09
9.313712352285829013e-03,2.004536237016077069e-02,4.175990746291658878e+09
6.917805494997586457e-02,8.157939536572213213e-02,7.621465413711886406e+09
1.513926676184950901e-02,1.752520001814866779e-01,7.764124244778420925e+08
-3.344543748074853967e-02,2.786658097278808532e-01,-1.078707782976111889e+09
9.191246447113303464e-02,2.048941236338862604e-01,4.031767933878729820e+09
3.428380297997767924e-03,2.250090281294684913e-01,1.369429455965981781e+08
1.798499196379688136e-02,5.833238354925249225e-02,2.771093270745760441e+09
-5.866963408209947828e-03,4.558091199681321148e-01,-1.156860486024922132e+08
2.267268277312125754e-03,1.179049982932546363e-02,1.728308689986083269e+09
-2.146903548266151929e-02,4.678277500753173085e-02,-4.124555699808887959e+09
5.197407437481606218e-02,5.842942301439802560e-02,7.994766503488857269e+09
4.148142279170528857e-02,1.409030071757559795e-02,2.645964422520076370e+10
8.649300704863518638e-03,1.913619034156636978e-01,4.062338721368514895e+08
-1.036089659657978695e-02,7.146888265318472599e-02,-1.302959645928342581e+09
-1.111081516892541664e-03,5.256952379360178146e-02,-1.899601476446097493e+08
4.808759784051751252e-02,1.582182611522865989e-01,2.731662835278755665e+09
2.038254823392164541e-03,2.135321049788843351e-01,8.579182684237337112e+07
8.182591777671987046e-03,5.833413820667569805e-02,1.260720216905506372e+09
-1.130728181502066096e-03,2.698753440037504267e-02,-3.765699197246464491e+08
-2.719271319543517182e-03,9.072136830052897338e-02,-2.693975046551737785e+08
7.922525787894782109e-03,2.331252619453426100e-01,3.054393189555428028e+08
-9.358721458857254677e-03,1.205097215995863322e-02,-6.979833403031534195e+09
-1.049607319664529800e-03,3.000351362834209959e-02,-3.144165169128969908e+08
5.539357284493276468e-02,2.293074764577898161e-01,2.171159759554717541e+09
8.358162790591797120e-02,9.653141135022098862e-02,7.782027980930784225e+09
2.961556898698591150e-02,1.736444038576324955e-02,1.532886175979124641e+10
1.334430687162711099e-02,2.170778140545927617e-02,5.524986222014302254e+09
2.702213549499106558e-03,2.436421388167063148e-02,9.968226150572017431e+08
-5.011770291399010417e-03,6.655483550400383974e-01,-6.768028227602733672e+07
-1.133964216389213081e-03,3.137655410756719915e-02,-3.248214662407238483e+08
2.009685826535690875e-02,2.488925787898233280e-02,7.257162378244760513e+09
5.834173154690692337e-02,1.242609800119191810e-02,4.219831973637696838e+10
-1.258043725729813189e-03,1.010489395151258907e-01,-1.118960083781396300e+08
2.057543786867863621e-03,1.337306526285814146e-01,1.382829833532043993e+08
7.163856109422462974e-03,3.508276484282303598e-02,1.835285612829036236e+09
-5.142960057704847737e-02,1.284952887703923359e-02,-3.597299232511858368e+10
7.616862955109776276e-03,3.029602015110286276e-02,2.259650016224603176e+09
-5.497518970875556882e-03,4.729623316363263386e-01,-1.044698092282251269e+08
2.035285668522803914e-03,2.940846608724083724e-02,6.220189561110113859e+08
-1.844230532166973510e-02,1.055823779488560855e-02,-1.569908666711392784e+10
-4.412242717133493461e-03,8.354077604449450245e-01,-4.746915577413834631e+07
1.750464897937996367e-02,1.477537307122492316e-02,1.064793936069578743e+10
8.923020985376158010e-02,1.458684061385054354e-01,5.497956446386001587e+09
2.506084608365478222e-02,7.328676321461907728e-02,3.073412168829752445e+09
1.216108816249041914e-03,2.274654542647831790e-01,4.805157272053223848e+07
-2.027441224376062487e-03,4.292958986473630612e-01,-4.244652602148371190e+07
-5.768850689861724362e-02,2.557864274207416466e-01,-2.027040476170449495e+09
5.961150597746166929e-03,1.816550715037010266e-01,2.949396664959639311e+08
-8.063257161939298145e-02,5.684514289631584921e-02,-1.274875475552214622e+10
-6.669731204579288329e-03,6.404738468673073504e-01,-9.359605624894633889e+07
-4.368115568427949347e-03,5.034241018314180582e-01,-7.798493859466378391e+07
8.072845404032599759e-02,4.238773724887662936e-02,1.711736930120393753e+10
4.917566743274762869e-02,1.199736175355450851e-02,3.683961875791185760e+10
1.608951622054468483e-02,2.428716443292883997e-01,5.954109140300765038e+08
7.754239221867074636e-03,1.038795336293583602e-02,6.709031364864621162e+09
-6.565551535475881717e-02,1.556919642644519555e-02,-3.790143341242981720e+10
-1.139865783901189075e-03,2.775986436563313564e-01,-3.690515178547690809e+07
4.681215108833561810e-03,2.703176691280994581e-01,1.556448597338156998e+08
-4.714009124193661339e-03,5.363646187992366920e-01,-7.899160081332220137e+07
3.510776802706426503e-02,2.529120286908352611e-02,1.247625817693366051e+10
4.189853332708971811e-02,7.437420250946632505e-01,5.063223716925472617e+08
5.686825616731953220e-03,9.201044471526069746e-01,5.554991511139059812e+07
2.015355615662589410e-03,1.359509010495316972e-01,1.332355803065192103e+08
1.554378874566010420e-02,9.717607932841802743e-02,1.437633322130112410e+09
-6.074140138995287076e-03,5.533534812915736484e-02,-9.865810724477847815e+08
3.680178469201823149e-02,8.574882392428494204e-02,3.857370246409657955e+09
-2.930393527673591340e-03,4.896128534058638571e-01,-5.379275091629467905e+07
6.177577563948166879e-03,2.657409572735972350e-02,2.089345827797891378e+09
1.444770759978624688e-03,1.828900576367171182e-01,7.100018251630455256e+07
-8.907761368655639153e-03,9.030410781669204190e-02,-8.865672538734686375e+08
3.502493669383344079e-03,3.614156017935600262e-01,8.710058678950665891e+07
1.118525976274147016e-02,7.882607253666562563e-01,1.275342416720715165e+08
-1.610820520990664242e-03,2.871244304741999986e-01,-5.042287740050387383e+07
3.577436058684416945e-03,1.505014435704043751e-01,2.136396377406577766e+08
6.702373343513492142e-03,3.061311964613770698e-02,1.967757812044394255e+09
2.726387230527275909e-03,1.354829974051987296e-01,1.808645120310786664e+08
5.394047658763258951e-02,6.237144411432864466e-01,7.772837673332002163e+08
-5.163645421867796466e-03,7.000880482446447672e-02,-6.629096898484265804e+08
-5.358504115219631103e-02,6.184877559019127391e-01,-7.786872800782157183e+08
2.747146779616287116e-02,1.701857682142805250e-01,1.450805666867045641e+09
-1.170653478482284625e-03,5.330696383448649961e-02,-1.973763124345667362e+08
4.669264562501427608e-03,2.242619108289889418e-02,1.871300708509073496e+09
3.686138998115402656e-03,7.364695336670140646e-02,4.498498090032946467e+08
4.161890703621214799e-02,8.423172800551237405e-01,4.440844630037398338e+08
6.749714563552222657e-02,1.804461804356918830e-01,3.361927411301751137e+09
-1.280137718108072340e-03,6.394381147153446188e-01,-1.799321596685112268e+07
-9.292131406852663020e-03,1.480265596956438154e-02,-5.641912097156613350e+09
8.529461091795049327e-03,3.198080221651214972e-01,2.397081815174564719e+08
3.886186746994198943e-02,4.619218226901537772e-02,7.561462531579948425e+09
1.012125125891742347e-02,2.221225681096351823e-02,4.095360513768877506e+09
3.375168047164325835e-02,6.595428277518584625e-01,4.599419448808516264e+08
-1.529015564903692462e-02,5.147443904230668277e-02,-2.669751887870912075e+09
-8.006179360131628064e-03,8.049369502632891527e-02,-8.939517309730111361e+08
-1.477512515373486345e-02,4.950064759948599041e-02,-2.682692566878437519e+09
-2.481310209468111372e-02,8.885133122142142570e-01,-2.509965440571055114e+08
-5.852038486895604075e-03,1.395839907192798768e-01,-3.768097930599367023e+08
-1.406645159428187870e-03,9.773076318087974279e-01,-1.293611549025214650e+07
6.810436587762648021e-03,3.319557945928376386e-01,1.843933768836301267e+08
-4.224823857452884163e-02,3.755121980409282384e-02,-1.011195611614079285e+10
-3.860894670838766179e-03,9.738233799915249622e-02,-3.563349124150431156e+08
-4.115691806063583730e-02,1.813435441256561545e-02,-2.039817744016653824e+10
-3.584581708134892183e-03,2.589015121821938714e-02,-1.244384278372555256e+09
-5.293230417232322460e-02,3.928139649952379631e-01,-1.211112534035946608e+09
-1.696175728238904362e-03,4.009306991336754333e-02,-3.802350532877394557e+08
-1.793555212921759540e-02,4.715008191446170421e-02,-3.418872597357592106e+09
7.729683648670102221e-03,8.452905631283245957e-02,8.218760363805125952e+08
2.664551974522919031e-02,5.113689932224144696e-01,4.683175393316990137e+08
2.102539159074960726e-03,2.928472165035578972e-02,6.452880328920762539e+08
-6.525627560832671960e-03,4.200774166370563334e-01,-1.396186927460446358e+08
8.218573313850004169e-02,3.007993706564906708e-02,2.455670701417847061e+10
8.655008612678205537e-02,1.695852279644502122e-02,4.587014396420670319e+10
1.595121324126154644e-03,6.620792811180304938e-01,2.165381099734608456e+07
2.416740511932324344e-03,2.038154501559528292e-02,1.065721035577985048e+09
2.438352462592951759e-03,2.465040951082180659e-02,8.890434009706287384e+08
-9.653429165080537611e-03,1.201802677131636084e-02,-7.219366093124805450e+09
-9.602610346945232231e-03,7.812624190221671983e-01,-1.104696532552087605e+08
1.003989227951244305e-03,1.202599552861066678e-02,7.503409235329142809e+08
-8.111539973043393331e-03,7.455605500072988168e-01,-9.778472325614090264e+07
1.466517347719792494e-03,1.146688086680458865e-02,1.149456452478178501e+09
-7.923054212922328587e-02,1.091846857977236268e-01,-6.522010854149291992e+09
2.203351135863983179e-02,1.320718694170956442e-01,1.499422443022594452e+09
7.423074621729064404e-02,3.615528409537575039e-01,1.845281664004423857e+09
8.533539964399693145e-02,2.028049939163091842e-01,3.781823011515878677e+09
-3.145519808124966517e-03,5.115502489140712206e-02,-5.526558129730520248e+08
7.455482412945884339e-03,1.083715906191705797e-01,6.183166205798499584e+08
-5.319990171131395995e-02,1.643642934997133209e-02,-2.909068655525310135e+10
-7.875592304197265303e-02,2.676012355746544211e-02,-2.645122135730205536e+10
3.141518209548295471e-02,1.938853063927158948e-01,1.456281399400091171e+09
1.781666290838184244e-02,4.370194607803546544e-02,3.664174978365001678e+09
5.511288366835691288e-02,1.674451455714797560e-02,2.958224926350856781e+10
-2.196512235848482961e-03,4.755457164182794183e-02,-4.151375053146614432e+08
3.410518996877438206e-03,7.663511858285242395e-01,3.999845878839564323e+07
2.597330734227475384e-03,2.480386012329256484e-01,9.411494642152731121e+07
1.615309951265925074e-03,8.401077579186838618e-02,1.728110431388572752e+08
1.258065818793662090e-02,5.255458831630472893e-01,2.151509870327766240e+08
-1.005394579993780383e-03,1.099523095228830544e-01,-8.218315352123492956e+07
-4.600828297002241413e-02,1.352446295563608340e-02,-3.057501053498895264e+10
4.622880194908978065e-03,4.172948274800946517e-02,9.956810815130605698e+08
2.092589639358193292e-03,7.465152090605448043e-01,2.519393641105138138e+07
-7.594460743384969827e-03,1.536065957507250744e-02,-4.443628008508511543e+09
-2.347773960697463816e-02,7.038041651311532920e-02,-2.998161805057247639e+09
2.572610446334573295e-02,1.745220235551754873e-01,1.324873480946259975e+09
1.358127567429541710e-03,2.939260821921745731e-02,4.152915142116360068e+08
-9.302707219823552059e-03,2.992363247684568656e-02,-2.794123892962645531e+09
-3.448847170580850857e-02,1.787595647842221691e-01,-1.734024700417094469e+09
8.468169084494694965e-02,1.611786734839295854e-01,4.722071537607074738e+09
4.191565872159217637e-03,2.317783624103933113e-02,1.625376677919750214e+09
2.610747588208648870e-02,4.270285978517460168e-01,5.494884186085505486e+08
6.368754795275138880e-02,2.073169199102393653e-02,2.761025379665995026e+10
-1.113406046391129424e-02,2.323732332519466148e-01,-4.306436947930362821e+08
-3.944558985758710688e-03,1.542538233634717648e-01,-2.298333968158012927e+08
-2.127169051927134402e-03,4.321257295395113385e-01,-4.424278920200834423e+07
-1.288403165826777254e-02,2.602684190453294355e-01,-4.449189745423129797e+08
-1.241244884252142716e-02,3.379930752282284678e-01,-3.300656179004767537e+08
8.101832004017484046e-03,2.784052152070896902e-02,2.615510606501913071e+09
-6.612584920519225425e-03,8.021313445845374979e-01,-7.409286585818983614e+07
-2.783620346546608355e-03,1.089512216746610501e-01,-2.296299420543625057e+08
-2.099145063278367099e-02,7.811152208010334330e-02,-2.415338309420315266e+09
6.534999888938278212e-02,1.929802341195821155e-02,3.043570555400155258e+10
-1.331020947854231551e-03,1.330442930576363446e-02,-8.991647205565084219e+08
-3.204306253144451749e-02,8.787958285451377138e-01,-3.277152480727572441e+08
-3.663944530367056057e-02,2.616022609148692113e-01,-1.258803713349063635e+09
-1.440357934677824817e-02,2.114950396045681136e-02,-6.120978609995415688e+09
-6.747562805908109695e-02,1.006168753341429162e-01,-6.027354395796072960e+09
1.434901909211956650e-02,2.807016196013313591e-02,4.594390585309416771e+09
-1.798827450779952319e-02,5.061699267578078504e-02,-3.194065266095691204e+09
2.274426734372177183e-03,7.488339295355419534e-01,2.729839137402698770e+07
-2.249907405556261959e-03,1.786943394040695909e-01,-1.131630041438316256e+08
-3.656975745012399498e-02,3.504483702436766990e-02,-9.378829776063018799e+09
-2.773551246854184197e-03,1.397242157455577845e-02,-1.784083318147306681e+09
8.941401190345224514e-02,3.904332539734696184e-01,2.058303438953611851e+09
2.055926555745945725e-02,1.725371346625145241e-01,1.070965875874102712e+09
9.357005980614169216e-02,3.840708960477619976e-02,2.189657185948744202e+10
6.126621074967882052e-02,7.166402513340210112e-02,7.683700731916697502e+09
1.889941659090969839e-02,3.426024476764064769e-02,4.958023204427778244e+09
4.287172899959879740e-03,5.474839329922199793e-01,7.038015819271537662e+07
1.340704332317604365e-02,1.310746362396199016e-01,9.193163200801825523e+08
-1.545557158779577514e-02,2.921252115403974101e-02,-4.755176587823791504e+09
3.463707308551350599e-03,1.145940470385510383e-02,2.716625337384589195e+09
-4.300859811340064509e-02,7.507008164979633857e-01,-5.149191181987207532e+08
-1.303950456529254578e-02,1.047979247165301865e-02,-1.118301806727811813e+10
1.434460916794363938e-02,3.677909297657466076e-02,3.505405983154538631e+09
2.068142595022289670e-02,1.376467526522019702e-01,1.350408390386066675e+09
-1.074700993693855546e-03,1.011379168231938269e-01,-9.550459444459563494e+07
5.374737517334771120e-02,1.416631893058346303e-01,3.409972393979383945e+09
-2.493029618486699087e-02,6.429985447773899354e-01,-3.484721432610990405e+08
-5.151990740998504265e-02,4.037916854930076460e-02,-1.146748867957967758e+10
9.456768222435702614e-03,1.712883479685708421e-01,4.962100346405304670e+08
-2.390881355500269062e-02,4.901030556451493880e-02,-4.384511701266157150e+09
1.301604026456239368e-03,1.020280556364475642e-02,1.146594598227159023e+09
3.031138740553493416e-02,3.022317531468183410e-02,9.013974875323118210e+09
6.087457511709577773e-02,4.637186485574987249e-01,1.179864135023205996e+09
-3.235636985541907699e-03,1.865484555622435800e-02,-1.558901774942656279e+09
-2.940516040785385709e-03,2.068153543873064992e-02,-1.277883882830992937e+09
3.605355733148328697e-03,1.210619562339729782e-01,2.676646713376666307e+08
-2.640711960801279696e-03,2.746227285612047875e-01,-8.642416117902334034e+07
-2.662336846732579407e-02,4.087432842023425855e-02,-5.854138474297897339e+09
-1.055782930424293935e-03,2.665636166073222235e-02,-3.559790030556380749e+08
4.388669535022102913e-02,9.960231566070330000e-01,3.960172126980612278e+08
-2.081383634934672565e-03,1.615200838060641686e-02,-1.158180430855756760e+09
7.768182516452028230e-02,6.770101919955611169e-01,1.031275813785854697e+09
1.852360716115019484e-02,1.707641845687911386e-02,9.749433735610092163e+09
-8.891192505741739305e-02,4.628910190003554526e-02,-1.726362036160318375e+10
8.750059444936649292e-03,2.150969494302396728e-02,3.656178333374382496e+09
-1.797564307984561224e-03,1.678455619462036058e-02,-9.625541973557785749e+08
3.472544304824979472e-02,2.724930199843632606e-01,1.145362689219002008e+09
-1.965299154703515835e-02,3.893255201859694564e-02,-4.536975281670148849e+09
-9.774876021903898538e-02,1.516126643493190609e-02,-5.794639150046286774e+10
1.203990301335699934e-03,1.401542959380236084e-02,7.720886936656026840e+08
5.804102395606411391e-02,1.047262310531851537e-01,4.981156763765179634e+09
4.355770022154525217e-02,1.421999446118907828e-01,2.753062892189164639e+09
2.968383239159175322e-03,2.006390666199351844e-02,1.329704352210790396e+09
-5.322027908615922787e-02,1.118185060222174343e-01,-4.277737003651343346e+09
9.116077051677629398e-03,1.169342984018316989e-01,7.006751116236236095e+08
6.271841269864401013e-03,1.754915007330461185e-02,3.212103931530823708e+09
1.234849244291808326e-02,8.297877533253912585e-02,1.337511539904231310e+09
-4.704186421525256845e-02,1.159689496811380262e-02,-3.645804851488379669e+10
-3.368291488907949102e-03,5.110293528754668996e-02,-5.923991682284016609e+08
-6.192739258139320739e-03,2.343355398510688081e-01,-2.375173030652891099e+08
-4.420952794249250264e-03,4.218875623652742352e-02,-9.418240448343479633e+08
1.369844478452962198e-03,1.126452054701549688e-01,1.092972337442049831e+08
2.696903518596076299e-02,1.597423827191456897e-02,1.517385292033744240e+10
2.452065914728001911e-03,1.083911236855800847e-01,2.033241849809993207e+08
5.802512108774922350e-03,8.658009636689460720e-02,6.023495758884128332e+08
-2.385056440412550594e-03,5.732380112968737257e-02,-3.739506551213573813e+08
-3.032991303228352656e-03,5.118285825806201395e-02,-5.325952003819729090e+08
-1.170148312924482008e-02,3.970871110441476920e-02,-2.648535134559534073e+09
4.743531993067268832e-02,2.508335738883724075e-01,1.699678521465337276e+09
-1.119740087291465650e-03,9.526118443512420209e-01,-1.056457103881590627e+07
-3.410085009189088058e-03,6.357791807322586974e-01,-4.820693517981551588e+07
9.365633188822592922e-03,3.337805958038833065e-01,2.521893121650195420e+08
8.206741995077823648e-02,6.043854488307539435e-02,1.220414612057215309e+10
1.183677619405386090e-03,9.433449402844563958e-02,1.127751803027500510e+08
3.056174564542843940e-03,3.225836635850096168e-02,8.515034371665656567e+08
-1.258107028248551997e-03,3.777318742771876292e-01,-2.993536606080279499e+07
-2.143432880192208331e-02,1.056461855332731098e-01,-1.823503855159584522e+09
4.640761302547186801e-02,4.431758623693058396e-01,9.411606282094672918e+08
1.268032587374468695e-02,1.408148728758196466e-01,8.093427963641285896e+08
2.692425279911956140e-02,2.109056642554061056e-01,1.147376721000356436e+09
1.971003878426508954e-02,1.182370381525222822e-02,1.498250927152085686e+10
-1.924639182666696563e-03,5.910718887931288440e-02,-2.926574852880994678e+08
-1.122410922645229216e-03,4.970388177098945121e-02,-2.029608135799172521e+08
1.618939366676519845e-02,6.798679458440591572e-02,2.140211218863050938e+09
-3.553909698056148536e-03,2.026726472549458813e-01,-1.576020516168476641e+08
-1.557576937643346225e-02,1.048207559014164778e-02,-1.335527512895912552e+10
-6.659694420848645546e-02,1.083662277035932209e-02,-5.523456840632465363e+10
-1.049619150188869574e-02,5.192566681906199966e-01,-1.816771388367515802e+08
8.570309033274541022e-02,2.072211436063769660e-02,3.717175229538928986e+10
-2.488249406661809365e-03,3.321343779106698535e-01,-6.733342368602462113e+07
-2.808925500891411558e-03,2.758923284566010548e-01,-9.150634622839950025e+07
1.984128905048081551e-03,5.119709281315162896e-02,3.483174255112937689e+08
-3.271852288190570113e-02,2.137401403986573800e-01,-1.375809223599815607e+09
2.636644429597064659e-02,6.702033442884608450e-02,3.535864336656486511e+09
-6.267284503960355788e-03,1.757866844185674848e-01,-3.204380302950904369e+08
-5.775883020072968346e-03,7.388788322251879093e-01,-7.025799992135126889e+07
1.197992432981259507e-02,8.904612543898461352e-01,1.209176410227108449e+08
-1.116254176141568246e-03,3.133648774279881311e-01,-3.201572911691311374e+07
1.253306248287084680e-02,8.268278914010641911e-02,1.362362575413131714e+09
4.580603871530686960e-03,2.995545236224037011e-01,1.374350395711748302e+08
1.306975277768540090e-03,3.464097287186798657e-01,3.391000943550668657e+07
7.055046674828164416e-03,3.357805601687334773e-01,1.888404211651712358e+08
1.873997793478581267e-02,1.123761346793038067e-02,1.498806623417852974e+10
-8.728318087660047464e-02,2.715154151308956515e-02,-2.889260444048939514e+10
-2.199170433411556241e-02,5.939742103061344813e-02,-3.327682766319904804e+09
-8.666672594385889730e-03,1.737845829762444672e-01,-4.482205483288424611e+08
7.342809260514866244e-03,4.489457069991611982e-02,1.470005779672276735e+09
-3.034550646157480741e-02,2.406442619091700152e-01,-1.133364220127904177e+09
-1.481602614207755929e-02,1.129417270802110865e-02,-1.179038344481144524e+10
3.551644677924206423e-03,2.527630564637580249e-02,1.262892926008408070e+09
-4.023589713808455731e-02,2.595588702927816294e-01,-1.393248012794067860e+09
-1.439393869890237499e-03,1.685973039763075457e-02,-7.673255185154420137e+08
-6.715044559465309024e-03,6.429225318115432131e-02,-9.387303753382726908e+08
2.525282865747031924e-02,7.534421465826743325e-02,3.012386828018868923e+09
-5.920374319052414645e-03,1.203463184768030630e-01,-4.421472978118516207e+08
2.530600180728738869e-03,1.477786718410651831e-02,1.539084250424022436e+09
6.499705449203584638e-03,1.365163436051955448e-01,4.279171047034038901e+08
3.469011179458314238e-03,4.689704926956591441e-02,6.648302927601578236e+08
-1.869474496036757118e-03,1.791097429859277168e-02,-9.381039235864641666e+08
-3.551675944736859547e-02,2.282556089609386607e-01,-1.398500074535127640e+09
-5.111211808571530096e-03,5.079430817009444182e-02,-9.043976960491682291e+08
2.714876062449282298e-02,3.330716555062979700e-01,7.325933142903653383e+08
-7.430524858088220774e-02,4.681509037917231941e-01,-1.426540952130200624e+09
-2.847214873757678445e-03,9.691214652351716197e-01,-2.640539382205650955e+07
1.974621369311913011e-02,1.636575483344167303e-02,1.084422225588898087e+10
1.330180736278373070e-02,1.142791185798728952e-02,1.046151038108299446e+10
-6.977914870610217590e-02,2.569741571336954522e-02,-2.440545084797127533e+10
1.015164299559713880e-03,6.893568587331741493e-02,1.323557623471041620e+08
-7.630472831572042251e-03,2.511076193803154014e-02,-2.731128774964296818e+09
-8.259165846542926639e-03,5.297938976238132369e-01,-1.401134586757085919e+08
6.706814651927346660e-02,2.593381694945889188e-02,2.324344418267605209e+10
-1.232339077236187588e-02,2.113773249454369008e-02,-5.239893269217013359e+09
-8.696352268829943624e-03,1.425463183823055813e-01,-5.483170328723140955e+08
6.725910568625918795e-02,3.270973602398249969e-02,1.848096597521626663e+10
-6.657172203121440937e-03,1.324250629910234296e-02,-4.518249625529416084e+09
4.233512955115674957e-03,7.572092908045121584e-01,5.024994345756028593e+07
-6.013190825608493578e-02,2.965298301941981518e-01,-1.822582582522933722e+09
-1.334828320822493497e-03,9.126134893990314745e-02,-1.314586436190541983e+08
-5.927775728559862845e-02,1.217307637555687105e-01,-4.376652198242432594e+09
4.985356513022490277e-02,1.576156928583712438e-02,2.842807050999390030e+10
3.346041511489160607e-03,5.459118864896492923e-02,5.508830277622388601e+08
7.382342462934064417e-03,6.888687631711097603e-02,9.631819033343796730e+08
5.661732946598694444e-02,2.555167548175757419e-01,1.991501399312580585e+09
9.990943400504763428e-02,3.406324801677273334e-02,2.636155716919285965e+10
2.035268390389844383e-03,2.098240043122771015e-01,8.718005427910163999e+07
5.671313866745730792e-02,4.205202668727585358e-02,1.212124892299778557e+10
6.867554794550666253e-02,2.342632184616513236e-01,2.634806013403107643e+09
2.452655333776136270e-03,4.752797321892902882e-02,4.638075839589664936e+08
2.936483208685809754e-02,3.934061095780330697e-02,6.708679430894877434e+09
1.078783118060402425e-03,1.431265348934512849e-01,6.774302765587572753e+07
-2.816846926269896741e-03,1.091670000463113022e-02,-2.319116092758112907e+09
-5.282823894869974855e-03,7.240444925916412755e-01,-6.557699284803484380e+07
7.518880276847723053e-03,2.039725421833342087e-02,3.313081193528331280e+09
-5.565421358253540285e-02,1.250552457682139323e-02,-3.999878087447285461e+10
4.044386243722602504e-03,2.011725770084455550e-02,1.806901438499511003e+09
3.355588377128879401e-03,1.618311021841630504e-01,1.863619764958422482e+08
1.211184388720501883e-03,2.565319450108657917e-01,4.243453317391324788e+07
-1.325060269250110789e-03,7.907098215178888501e-02,-1.506153090645767450e+08
-4.194352156809742077e-02,6.127184826976140863e-01,-6.152541165994293690e+08
-2.596107327349989752e-02,4.550391805081681340e-02,-5.127721963092985153e+09
3.031784997201348100e-02,8.548068051515391730e-01,3.187726456783635020e+08
-5.159476084167082671e-03,2.163683919048877899e-02,-2.143198539823607683e+09
2.161938550772374290e-03,1.064013193330106029e-02,1.826194165909297943e+09
-9.808469961085690414e-02,4.289120130679487386e-01,-2.055340000631241798e+09
-1.048728140927994174e-03,6.922078035964637777e-02,-1.361686240628676713e+08
-1.247542521859614124e-02,3.651995104965586464e-02,-3.070264484108106613e+09
-1.203818365903188336e-03,1.144812307161713165e-02,-9.450989779872592688e+08
-1.615304043635480344e-03,2.179228963128085339e-01,-6.661960238632933050e+07
-1.706165159559096256e-02,7.580813849223700940e-01,-2.022813554821232855e+08
-1.744610838343564965e-02,2.574404381871573944e-01,-6.090773065789815187e+08
-1.346652973133902025e-02,3.773891604860189070e-02,-3.207132409497747421e+09
-1.420334513768387562e-02,6.544078478094409457e-01,-1.950710222725316882e+08
-8.231922735364390065e-02,9.527553332123135654e-02,-7.765519513327912331e+09
2.311723378059302864e-02,9.543954086579996554e-01,2.176998560700161457e+08
8.129620693102055512e-03,4.239197609301989522e-02,1.723602993826264620e+09
3.349612032298063952e-02,4.204903115519787460e-01,7.159606151772130728e+08
-5.350452497242339650e-03,3.169214803781992412e-02,-1.517362878480766535e+09
1.391516763636380626e-02,3.333834754607612610e-02,3.751413969280167580e+09
2.696644681938511340e-02,3.929581489474192474e-02,6.167768224925412178e+09
1.204027094396994436e-03,1.566277020028252476e-01,6.909049468531636894e+07
3.386223454996268364e-03,1.113623453468320090e-01,2.732925941546437740e+08
-4.859045312710511336e-03,9.511957440269218356e-02,-4.591257692162249684e+08
1.655421993561317006e-03,7.705638531109884615e-02,1.930859648326519132e+08
-2.092291124901334096e-03,2.606663984997343100e-02,-7.214191719429075718e+08
-1.820010329453258802e-02,1.260958245069252193e-01,-1.297250257061889887e+09
4.723117209593740567e-02,1.727539387716321706e-02,2.457261541247641754e+10
8.384276649116501404e-03,2.666994235430879545e-01,2.825492385772762895e+08
-3.247347157733090298e-03,6.466938415785208893e-02,-4.513158775286456943e+08
5.264390598578712506e-03,6.963732576334746849e-01,6.794486473214858770e+07
1.106923327703706987e-02,8.158824028485121838e-02,1.219384280536929846e+09
1.446621288592018356e-02,5.281282764916797046e-01,2.461875291651898324e+08
-1.241679079087681156e-03,2.218300152433015093e-01,-5.030830359560853243e+07
2.228870836214782297e-02,2.105964040765548606e-01,9.512278754845108986e+08
-1.267047525939751697e-03,8.903909111397761977e-02,-1.278977208477926403e+08
5.786784307041179486e-03,5.457996710120879280e-01,9.529160543361039460e+07
4.160496433055824346e-03,1.845191447071507507e-01,2.026536076450028718e+08
5.575965343077479187e-03,9.401758647901525823e-02,5.330421916107657552e+08
-1.533003104823929194e-02,1.119606850389613315e-02,-1.230631722019119835e+10
1.287094775407197217e-02,2.454425485931427120e-01,4.713150348603972197e+08
2.985625006328786017e-03,3.148346481586020706e-01,8.523213289975021780e+07
-2.082820743711754057e-03,1.016064884445088135e-01,-1.842387890336742103e+08
-4.741180226087590710e-02,7.505859394157596287e-02,-5.677232211054566383e+09
-1.729693715596159398e-03,7.484987374017596506e-01,-2.076962970752577856e+07
-1.219930747002322818e-02,1.746273467649147315e-01,-6.278755045737408400e+08
-1.999977446101337732e-03,8.981859582629755923e-02,-2.001287372840601802e+08
7.776048295409515587e-02,7.198674150296145990e-01,9.708609919734021425e+08
-2.822875324077939868e-02,7.300820119260252872e-01,-3.475126894365363121e+08
4.993720527739702736e-02,2.227659608264870653e-02,2.014772532755933762e+10
1.548286120033690212e-02,5.614854598547159847e-01,2.478353913345426619e+08
-8.490631418045400947e-02,2.436833049693689079e-01,-3.131589516601275921e+09
1.466460003241338780e-03,6.469209099969771559e-01,2.037368803677424416e+07
1.272535969491170836e-02,2.473122141602281110e-01,4.624610060485063791e+08
-4.398747458552238615e-02,5.428863447926975949e-01,-7.282336272856380939e+08
-6.292462919571686561e-03,4.123234761762895606e-01,-1.371618141808677614e+08
1.730002937227394016e-03,3.123817260111105831e-02,4.977506531931347847e+08
-4.707025523158581658e-03,2.183545517002199315e-02,-1.937469712528253555e+09
8.629898629272442223e-02,3.192053746864215169e-01,2.429887222984396935e+09
-8.808323198531026535e-03,5.629652850637802963e-01,-1.406249058678357601e+08
-9.993314592045920638e-03,4.267973923088969057e-01,-2.104449072877471149e+08
-3.793412085398641803e-02,6.842569683341377662e-02,-4.982661830645150185e+09
2.756949099908354885e-03,7.057968162961590908e-01,3.510748115109425038e+07
4.425635146906702760e-02,2.546052145442826986e-01,1.562280210800136566e+09
6.071731981389168198e-03,1.159432918135221147e-01,4.706711561113123894e+08
2.774808902523267715e-02,3.403476799013271381e-01,7.327585643523770571e+08
-1.043697256940275811e-03,2.291571074006512262e-02,-4.093472044143699408e+08
-3.990130115072212762e-03,7.147660915076327337e-02,-5.017342343798968792e+08
3.310539615889369902e-02,8.178993882902974022e-01,3.637889674984009862e+08
-3.234083326294330540e-03,6.618313511159165663e-02,-4.391920677483089566e+08
6.895136900134107849e-02,8.737270884790055980e-01,7.092799954383345842e+08
4.475070075259288127e-02,7.044094575276043102e-01,5.709857640121600628e+08
3.709210326629399507e-02,2.774252214529618343e-01,1.201672540422703981e+09
7.273940988666069418e-02,2.371715583578374448e-02,2.756498653039086533e+10
-2.470916541824235910e-02,2.792077316058134279e-02,-7.953920665432740211e+09
2.806808566364432395e-03,2.978294584465119091e-02,8.470240854886101484e+08
8.713632753101510642e-02,1.910522394888606035e-01,4.099187064942037106e+09
1.842571707019279026e-02,6.396997956308662914e-02,2.588801815995843410e+09
-1.921726648443918472e-03,3.564131216618640630e-01,-4.846057314584094286e+07
1.717947910344531925e-02,1.063244232009551010e-01,1.452203818766451359e+09
1.077697855850611158e-03,7.193911979922574806e-01,1.346426086584074982e+07
-7.043940335998287623e-03,9.967175909464369432e-02,-6.351761227409800291e+08
2.404101162186584109e-03,1.794459289822530890e-01,1.204119935356020182e+08
7.330016242129185067e-02,3.524776659428451725e-02,1.869063047563700104e+10
-3.026653004662700763e-02,1.968904632870072113e-02,-1.381619871319923782e+10
-7.041131571554813846e-03,4.908981954808043224e-01,-1.289144625498964041e+08
-4.173237700606868827e-02,4.130451319097315777e-01,-9.080844364909222126e+08
3.635691390609245566e-02,1.809308126917532067e-01,1.806030565864833117e+09
-3.568802230584392637e-02,4.230432521971392856e-01,-7.582079395906095505e+08
2.119382164224431746e-03,1.049552566233118156e-02,1.814912528686471701e+09
-8.488341215754223457e-02,3.354399049642379782e-01,-2.274357446562366962e+09
1.419135844151122022e-03,5.384640543287276815e-01,2.368742602075450495e+07
-2.993443331236317600e-03,2.160676373513166493e-02,-1.245179425927643538e+09
-2.536721490015378735e-02,2.735442784394980648e-02,-8.334811285117281914e+09
2.592285685441403018e-02,9.887342166033585844e-02,2.356426598289521694e+09
-8.176306817806832175e-03,1.841997015525623782e-01,-3.989503737140696645e+08
1.745504588847593408e-02,7.287806571332244854e-01,2.152656703403809369e+08
-4.990957583755690347e-03,2.057604513397135737e-01,-2.180080816777556837e+08
6.933750851517045052e-03,5.586901614921037373e-02,1.115444141994211197e+09
-2.340760403460642389e-03,1.862919737402060349e-01,-1.129310683276373893e+08
1.753690426921110683e-03,3.223259146216937709e-02,4.889993996179827452e+08
1.131915281623929520e-03,8.745149607580863238e-01,1.163314919625828415e+07
-1.870922708520834357e-03,1.457007404042598153e-01,-1.154103361377080232e+08
-4.077227530911278069e-02,4.143799194549649401e-01,-8.843351038125731945e+08
1.764417183476699007e-03,1.775523971325997444e-02,8.931519627079998255e+08
1.184663023610242963e-02,1.887940093171682487e-01,5.639716096144676208e+08
1.731868711087831102e-03,1.305603319158635811e-01,1.192214333653725684e+08
-1.754600383800909279e-03,4.090821816696411234e-02,-3.854945787869343758e+08
-1.790554772528798327e-02,2.236499325581567388e-02,-7.195640496075119972e+09
-6.633136853529612853e-02,5.518617380199349054e-02,-1.080287352577761078e+10
3.600745514942881986e-03,1.874037996377527285e-02,1.726889920887623072e+09
-2.016766995355976852e-02,4.219279563423786877e-02,-4.296037282958843231e+09
1.863582792436680206e-03,1.830424506822099506e-01,9.150556107537752390e+07
-1.402374401197061839e-02,6.980703172283529712e-02,-1.805574540059417009e+09
6.118783169213008050e-02,7.769005249394962676e-02,7.078647187561964989e+09
-1.620428144986542709e-02,6.804967733939644436e-02,-2.140199832802799702e+09
-4.620594925328416758e-03,1.325544032771590885e-01,-3.132956436935141087e+08
-6.341479445672422444e-02,3.618240869166170492e-01,-1.575229123610965014e+09
-1.286546683775949013e-03,7.389088784391201203e-01,-1.564895288936335407e+07
6.837098697983573503e-02,1.053309675208420615e-01,5.833999588812444687e+09
5.262513291384544011e-03,4.160588945336670119e-01,1.136812952706305087e+08
-2.591619133055802354e-02,5.454791513358472343e-01,-4.270155001932726502e+08
3.202174378278959711e-03,2.183748070405631611e-02,1.317932180159884214e+09
-3.237630728483029824e-02,1.552710751773920261e-01,-1.874076743764220715e+09
-2.697370947571565633e-02,6.245462035672880857e-02,-3.881742487267157555e+09
-3.463967129623173827e-03,1.892673552545835400e-02,-1.644934718553714752e+09
7.916508433996806426e-03,1.013771958204929061e-02,7.018495455221677780e+09
3.713824519068736896e-02,1.022071808265219151e-01,3.265807545746699810e+09
-7.573102983239154984e-03,3.159596569513438702e-01,-2.154233857779994905e+08
-8.251436234622837665e-03,4.339620853175120418e-02,-1.708946152888271093e+09
-1.440459974395517668e-03,8.062681988098583385e-01,-1.605729118574745394e+07
-7.087876840351699237e-02,3.008233402261174527e-01,-2.117655213368049145e+09
-3.117858473397693703e-03,7.638554245377154883e-02,-3.668561879226923585e+08
-1.729858859784439915e-02,2.320777001527761160e-02,-6.699276093989050865e+09
2.127274134795224120e-02,3.657053774054248863e-02,5.228086104224205017e+09
-7.004046740518496406e-02,1.922169235472194482e-01,-3.274975322968733788e+09
2.019413799348647020e-03,5.167258876242727256e-02,3.512495026659523845e+08
-5.887554585701075018e-03,1.512893536816698956e-02,-3.497656835603821754e+09
-3.425516333723568896e-02,3.919154973389846197e-01,-7.855687956631007195e+08
1.511187772501898811e-03,1.121230572889655649e-02,1.211362480036554575e+09
-7.616859874958721056e-03,3.187097942958804220e-01,-2.147984654617217779e+08
-1.295363879027322616e-03,1.550787040837392217e-01,-7.507411786136834323e+07
1.619934423818653524e-03,1.853756858774664729e-01,7.854079297830235958e+07
-5.991281342950666861e-02,1.736118107143503481e-02,-3.101637691721499252e+10
-5.777148573096159423e-02,1.288193034373562307e-01,-4.030725366111719131e+09
3.163288496831747482e-02,2.856199536181592835e-01,9.954074253713856936e+08
-3.213640505933954700e-03,4.654311342400039853e-01,-6.205724334016414732e+07
3.604798115403361203e-02,6.572995303833629732e-01,4.929106975520638227e+08
3.722829657241131292e-03,5.192041066209462929e-01,6.444447120718781650e+07
-1.943333688205112252e-03,5.899317460792793261e-02,-2.960712451352977157e+08
9.594238420803698209e-02,7.916407655559969392e-01,1.089263559517071247e+09
-2.261651374396270436e-03,1.647941646881264863e-02,-1.233486639291198254e+09
-5.092910742966809574e-03,3.229219476863785521e-01,-1.417487115552279949e+08
5.220754173565439471e-02,3.481053953311183391e-02,1.347947905243616676e+10
1.708561254969914690e-03,2.540907760134707497e-02,6.043552127363095284e+08
-8.557843584671982751e-02,3.460493309493447439e-02,-2.222680036762753677e+10
-9.010361693887135315e-02,3.703365138215548164e-02,-2.186735770181010437e+10
-4.481320267205877658e-03,2.163857500426964384e-02,-1.861349572965672016e+09
3.262875656615890629e-02,6.957618105417640031e-01,4.214931829329684973e+08
-9.309392188120559075e-02,6.550381393165307653e-01,-1.277336604069332123e+09
-1.487798917628320797e-03,7.015347999476629903e-01,-1.906099807473355532e+07
-2.361034248856996778e-03,4.275076427516261157e-02,-4.963739964837142825e+08
-1.302129411023255322e-02,6.922546824421850209e-01,-1.690592214691697955e+08
-2.219077804451295016e-02,2.514153416109179973e-02,-7.932888911421351433e+09
-4.002283756753546862e-02,5.613463863590933273e-02,-6.408074665405220032e+09
2.344970461709331572e-02,3.165656537781495472e-01,6.657699685040349960e+08
3.245394156505215441e-03,8.114242218480047786e-01,3.594761655252234638e+07
-1.749808923126218744e-03,9.155264731020086311e-01,-1.717791061078327149e+07
1.638530968995929524e-02,4.295868835026976917e-01,3.428106139071676731e+08
4.302699894775351142e-03,1.691427771454431794e-02,2.286326327073771954e+09
1.388132387831874292e-03,1.252963665830480848e-02,9.957332931432678699e+08
2.579593626510579343e-03,1.049270452546169630e-01,2.209604116221207976e+08
2.926293016168841910e-02,3.699458397368761697e-01,7.109356317161359787e+08
7.236681018074469889e-03,6.468579741856803622e-01,1.005497770638312846e+08
-4.096120906148412871e-02,9.580936343913252218e-01,-3.842513756258202791e+08
-2.153207756926792810e-02,3.708269989118843230e-02,-5.218734555877058983e+09
-5.599556230741675744e-02,4.690704116373015653e-01,-1.072917155300190568e+09
-3.968107168420855618e-02,8.251570974215796106e-01,-4.322125484655461311e+08
-1.232242923894580518e-02,3.534467359306846523e-01,-3.133451492156365514e+08
2.681629900594895491e-02,3.217323290250638790e-01,7.491258007421836853e+08
-2.750456777008508311e-02,6.518605800387979876e-01,-3.792282867772175670e+08
-4.754724299816413119e-02,4.450300751395976917e-01,-9.602550424707555771e+08
3.785570773599737648e-02,6.999934279464953280e-02,4.860579219108166695e+09
-1.186187075882863149e-03,2.818869579533995751e-01,-3.782063561474886537e+07
4.439176633174220059e-03,3.244492729362775940e-02,1.229720006909729242e+09
-6.404075850077474430e-02,1.962163752760864022e-01,-2.933403708678722858e+09
-1.008131064115840676e-03,4.918045475424905888e-01,-1.842362457460873947e+07
7.108691895824873798e-03,2.193009184903066400e-02,2.913398278061120033e+09
1.437672833178860014e-02,1.548152101491279964e-01,8.346358941254957914e+08
5.888696948439261711e-03,8.069218873725347851e-01,6.559010518387968093e+07
2.568933061654946146e-03,1.159779340607823700e-01,1.990801861195992529e+08
-2.836769070706378348e-02,2.529891737030843801e-01,-1.007796080376275539e+09
1.739681109286084215e-02,2.055709890685717897e-02,7.606037119022354126e+09
2.275149592380774390e-03,2.556543572220386640e-01,7.998478401231615245e+07
6.693954370907187999e-03,6.073103128293896175e-02,9.906556254094251394e+08
1.844036973058996859e-02,2.526212137487289233e-01,6.560703716856824160e+08
8.576865399385896760e-02,1.930224762381282655e-01,3.993662222003255367e+09
2.218278887062096957e-02,2.011223440982697619e-01,9.913030489938886166e+08
4.530422678791667934e-02,1.329993014778961813e-01,3.061540302823869228e+09
1.082689272567497439e-02,1.155758806422332863e-01,8.419518214472208023e+08
-2.188744797155364567e-03,1.345161706689799140e-02,-1.462417076065012693e+09
-5.240016107659595766e-03,8.923501292345769054e-01,-5.277739488529129326e+07
-4.504483660523775357e-02,1.085449073398346981e-01,-3.729805473983438015e+09
1.397895477001993370e-03,4.032319953314159044e-01,3.115805453928903490e+07
-4.317040898418630229e-02,1.538392839679968496e-02,-2.522141984053927231e+10
-5.338249909171161739e-03,1.228812426313288277e-02,-3.904486496542972088e+09
1.046317161763933405e-02,6.446153701395230806e-01,1.458858971411997676e+08
-7.609061792617798081e-03,1.090271705069130459e-01,-6.272591251228464842e+08
-1.026682165489131411e-03,2.936166654921346653e-01,-3.142721770791138709e+07
1.034276400827626938e-02,2.058755935802867448e-02,4.515255907059727669e+09
-1.168166863380709630e-02,1.385822605476244238e-02,-7.576137704183500290e+09
-2.122229444846679240e-03,5.200504182087115762e-02,-3.667731238501128554e+08
6.256702325002187759e-02,4.609944154180795617e-01,1.219833193798735857e+09
2.720782253215345541e-03,3.805522386816939107e-01,6.425843192109721154e+07
3.648192218421650312e-02,1.414106266411761237e-01,2.318709194793929100e+09
-7.880917474941906420e-03,2.800215829511816176e-02,-2.529507036326087952e+09
-1.517802569479805930e-03,3.196765857758088886e-02,-4.267318650533937216e+08
2.399645496594214958e-02,3.298569884670228269e-01,6.538407982835057974e+08
4.051835104423913425e-02,1.150355783126393583e-01,3.165703241895205975e+09
-1.329136289005288830e-02,1.650129182127433800e-02,-7.239393594119507790e+09
-1.856480515435071296e-02,1.091855572641934995e-02,-1.528184599864282990e+10
4.410320050588517615e-02,2.390534528041285758e-02,1.658157212071867752e+10
-3.649348759591775938e-03,1.848819549563441439e-02,-1.774072906430891752e+09
3.508030888871155589e-03,1.169240310448884240e-01,2.696560990236162543e+08
1.162442515123266167e-03,1.437507543848129746e-02,7.267950675881062746e+08
-5.474869859604872269e-02,2.584873915294030877e-01,-1.903641020495810747e+09
-2.149076726630318613e-03,1.800487193961351484e-01,-1.072784530943058282e+08
-6.904392629061464892e-03,8.825064760209697656e-01,-7.031665412875026464e+07
-6.077622935062497456e-02,7.200620420511648356e-02,-7.586028201118583679e+09
-4.701787195786366613e-02,1.770649462176253353e-02,-2.386607468991638947e+10
8.063200416195117834e-03,5.499201932730799491e-01,1.317827012958113104e+08
3.503948606394500370e-02,2.040005240422931160e-02,1.543750327998790932e+10
-1.579936733585871750e-02,2.246168567451325287e-02,-6.321905058932733536e+09
1.501804581930457844e-03,1.481257073947490205e-02,9.112417427050896883e+08
1.565944849753469733e-03,5.980998197404416294e-02,2.353170577410672903e+08
-6.062797201451237267e-02,3.576484813865802859e-01,-1.523587056462309122e+09
-1.770637704628003984e-03,6.095920231967535408e-01,-2.610604311508633941e+07
-2.991275764128409689e-02,3.984785521737518321e-01,-6.746866545846045017e+08
-4.601260346345227570e-02,6.994536528405270737e-02,-5.912463637173704147e+09
1.710386617761634406e-02,7.043317413208831645e-01,2.182567317070534229e+08
-5.577482908561772618e-03,2.099587135048469957e-02,-2.387563678478976250e+09
-1.276391475319697865e-03,4.314560561682123652e-02,-2.658875142951912284e+08
2.568661090336523886e-02,1.500823348866867635e-01,1.538253273302091599e+09
-3.369974124567485206e-03,2.143231639735189084e-02,-1.413214460478929996e+09
-5.943209725981363212e-03,4.197386161613540084e-02,-1.272602429592350721e+09
1.080538228105365570e-03,3.550627800438173609e-01,2.735178068344055489e+07
2.586157455054494039e-03,1.138831357674659761e-01,2.041014848552591801e+08
-4.840590479930872991e-02,9.994824124092340778e-01,-4.352851029817132354e+08
-1.122421195064033685e-03,1.208570011377796058e-02,-8.347081685961982012e+08
-4.618334883016689263e-03,3.953765049421669592e-02,-1.049844993369093060e+09
-7.853763271706368926e-03,4.808990945762321445e-01,-1.467825626023069322e+08
5.738304382341134074e-02,1.981571306613758715e-02,2.602702292222577667e+10
1.754852814389190607e-02,3.508912711254336680e-01,4.494886709983357191e+08
1.990127813925156395e-03,6.264981962232135659e-01,2.855037144251093268e+07
1.906691336084361367e-03,7.857508693185218107e-02,2.180952170289367139e+08
-3.369100614590755331e-03,2.472521527963534027e-01,-1.224685335563076735e+08
1.170330799445788673e-03,4.895481907028365054e-02,2.148640724738898873e+08
-2.163437870538846564e-03,7.340225784433264122e-01,-2.649022377789724618e+07
-2.026874513682940925e-03,1.699003126975856190e-02,-1.072218514131302953e+09
7.080362599062654805e-02,1.282484649057941961e-01,4.961967806373713493e+09
1.030236121404041333e-02,2.373905963615079856e-02,3.900532308950750351e+09
5.056510700007003055e-03,3.715193844737177398e-01,1.223263649377882183e+08
-4.265437715562264004e-02,2.688592872070093634e-02,-1.425900364871420670e+10
1.545092640569257700e-02,1.695743365974637373e-01,8.189266710346838236e+08
2.084196792639663072e-03,1.414410821188868406e-01,1.324383529997405708e+08
-1.242890763424583760e-02,5.064384000553403542e-01,-2.205753366844621897e+08
4.674299587050015185e-03,7.210178514976832709e-01,5.826679697199593484e+07
-3.267076012325009771e-02,1.130389901347571280e-02,-2.597655701727478790e+10
1.657000421105310137e-02,4.400107069266826487e-01,3.384620594474319816e+08
4.187236574860795507e-02,4.907688384969521173e-02,7.668336069794399261e+09
-1.801970849693814401e-03,5.674916533598592383e-02,-2.853900983727906346e+08
5.243618072450792131e-03,8.642944896768797181e-01,5.452804482877945900e+07
2.687369112886298789e-02,1.020095940958217623e-02,2.367755860271209717e+10
-1.529046240208921815e-03,1.810779850801179716e-02,-7.589367518470898867e+08
-1.627065808659738586e-03,2.187867387682428458e-02,-6.683973855189338923e+08
-6.372320211818457980e-02,1.551430902661976030e-01,-3.691609642294804096e+09
3.327214314966587400e-02,2.504420430844523857e-02,1.194054517788094330e+10
1.646535771873950185e-02,2.366099053584202333e-02,6.254446283692133904e+09
-4.028278755480271117e-02,1.248437074718974915e-02,-2.900036586211301422e+10
1.103328766369381791e-02,1.021406752624171577e-01,9.708605069502658844e+08
-3.784811958526334598e-03,1.269866603129025592e-02,-2.678778619394570351e+09
7.720930590864968912e-02,2.891535734315149944e-02,2.399892026536347961e+10
4.915583318518687399e-03,1.578616243895014995e-02,2.798653375712731361e+09
6.384874829302896772e-03,1.164206627170070729e-01,4.929160264622455835e+08
2.558012434492368866e-03,2.713546697954072884e-01,8.472585687109388411e+07
1.192284683047982290e-02,5.349062755253880530e-01,2.003331823592538238e+08
1.560070518209375270e-02,1.241806911941147062e-01,1.129121755398088217e+09
1.607167851602925648e-02,1.425526189102733488e-01,1.013296761241120100e+09
-1.080769183289540317e-03,1.633132476881118955e-02,-5.947879423028801680e+08
-1.019285353149747102e-02,3.131896871462971216e-02,-2.925088085880832195e+09
-3.105311557905086201e-02,1.328692436666485399e-01,-2.100541833607536554e+09
1.511326757460466647e-03,1.681571427086271664e-02,8.077810681661680937e+08
2.671959866246699511e-02,4.053118348963365841e-02,5.925039689159060478e+09
4.231587827933133011e-02,1.338056423418728658e-01,2.842363059998345852e+09
2.213807166325502777e-03,2.283434585820433640e-02,8.713684526748622656e+08
-3.941883996640450916e-03,1.605248746298451323e-01,-2.207049727584401369e+08
2.984893650166953443e-03,2.803162820898425639e-02,9.570423498942087889e+08
1.169307352578266351e-03,1.090532827516944997e-01,9.636971075642414391e+07
-8.931112689799647689e-03,5.682059683143019652e-02,-1.412701467721400499e+09
-1.969593439097432411e-02,1.524354171998488008e-02,-1.161291703945079994e+10
-7.116940616268069113e-03,2.637366509121297220e-01,-2.425344713533429801e+08
-8.318008391512228886e-03,6.061904982132750863e-01,-1.233277612240530849e+08
4.078608395729735499e-03,2.869960460367151911e-01,1.277281769991549551e+08
1.307834538929100211e-02,7.538300596539692089e-01,1.559301043632498384e+08
-1.016569760226048716e-03,1.573135003391590292e-01,-5.807935844959921390e+07
-2.922175777154891602e-02,6.144962386514919717e-02,-4.274031571166632175e+09
5.264460870509472118e-03,1.693417752274373467e-01,2.794090136084750891e+08
1.286553700178470934e-03,4.356965375857093509e-02,2.653960335310243666e+08
-9.463321298559025652e-02,1.395580441406564232e-01,-6.094517515138964653e+09
-2.459196125461375962e-02,2.059403009767970388e-02,-1.073253815562582397e+10
-1.414843487876450527e-02,5.003301250950911022e-02,-2.541571698622311592e+09
-3.771314201061211346e-02,6.401480244729658153e-01,-5.294962945448709726e+08
1.317336090750604628e-03,7.911272288790903717e-01,1.496583236644256674e+07
-2.217689290340734559e-02,1.964593753705958304e-02,-1.014561922100594711e+10
-2.631888712142892162e-03,2.628298130422927412e-02,-9.000020810570098162e+08
6.610654998986390668e-03,1.018789516216381946e-01,5.831907722995232344e+08
-2.330238506035409510e-02,3.483866313057508712e-01,-6.011592187918432951e+08
1.716807403137171964e-03,1.119275401035732011e-02,1.378590357721594334e+09
9.795541626728162046e-03,2.020984900186052480e-01,4.356282185657095909e+08
5.421507703958515501e-03,4.429256565252163297e-02,1.100119492987056494e+09
7.881957561857033667e-02,8.555102165338744902e-01,8.280556222944839001e+08
3.204453556390116781e-02,2.548573418618771749e-02,1.130075477085476494e+10
7.309359707818282800e-03,3.597358755063786995e-02,1.826191017173505783e+09
1.401032052275461709e-02,1.303517390824977806e-01,9.660105282713966370e+08
2.343717296979997561e-02,1.201127514140527541e-01,1.753746139749960184e+09
1.856531469252398463e-03,1.756525293865784237e-02,9.499451406667517424e+08
2.764064679195978209e-03,3.370138022736419159e-01,7.371419583101433516e+07
-1.118072666828840225e-02,4.618602025404381500e-02,-2.175755586027656078e+09
3.238032509916438650e-02,4.787837536161800717e-02,6.078443970822735786e+09
-7.061287026071918355e-03,3.669402590344630205e-02,-1.729573888622604370e+09
-1.883476250219209489e-02,4.067454274288515026e-01,-4.161865944516170025e+08
-1.190166166506522209e-03,2.153352122523695678e-01,-4.967560507675730437e+07
7.640258906232424638e-03,7.409914279343575716e-01,9.267135437745681405e+07
-1.799447995270130876e-03,3.924473401070167899e-02,-4.121056116122982502e+08
1.075363657824246824e-02,3.207606115274858061e-01,3.013179061378933191e+08
1.290051994520853649e-03,1.238173800768139522e-02,9.364319493089997768e+08
-1.158941474084709128e-03,8.291926982675851265e-01,-1.256193824612572230e+07
2.240303240040284263e-02,6.440188208498881517e-02,3.126503116461843491e+09
-2.060934955636552039e-03,2.122880243535441025e-01,-8.725481627668067813e+07
8.172225026066662693e-03,3.217320824399074741e-01,2.282950867770158947e+08
-9.976682092883422046e-03,3.443919034569675186e-01,-2.603657290907526612e+08
3.658561763025014110e-03,9.540692333207783093e-01,3.446522502888971567e+07
-4.342658668824218859e-02,6.871653143559199040e-02,-5.679957471088645935e+09
4.423617919777805482e-03,8.216481050793997820e-01,4.838852333650803566e+07
-1.758244802846482824e-02,2.903211863783880173e-02,-5.443161633515540123e+09
3.941603647937851063e-03,6.556894441292178410e-02,5.402880692604029179e+08
1.354685029511709269e-03,1.146996090791737172e-01,1.061517142699700445e+08
-3.189164932707540517e-03,4.105556309729511688e-01,-6.981610004839476943e+07
-4.814410335822801729e-03,6.539859448334778280e-01,-6.616454134986274689e+07
-4.465278458258959901e-03,1.000416849164515593e-02,-4.011605035465465069e+09
7.124816391135371796e-02,4.320117522663339260e-01,1.482274829458885431e+09
-1.049242962502299360e-03,1.362913291843181537e-02,-6.919240980538812876e+08
9.062741407769985338e-03,2.037144072722132937e-01,3.998420467448090911e+08
1.855242612088410341e-03,7.400335780874334191e-02,2.253200834552005827e+08
-4.223867105388127291e-02,8.041043513266354914e-01,-4.721157095206210017e+08
-7.824956258256255889e-03,2.826647347044252204e-02,-2.488060334490329266e+09
-1.375116157883541756e-03,4.960406683614425327e-02,-2.491567856764443219e+08
9.619405191723812143e-02,1.188671287120438153e-01,7.273393174937551498e+09
1.600371356837134232e-02,1.028436311467111758e-01,1.398601488493424654e+09
6.166049803334332918e-03,3.593318755737273662e-01,1.542275296442664266e+08
1.785500327151577941e-03,7.999241672568417894e-01,2.006142297014695778e+07
6.759645941613046105e-02,9.262318082209508585e-02,6.559260452510572433e+09
6.987212469889352018e-02,8.755767561980520863e-02,7.172331334097229958e+09
1.730301920282438857e-02,3.330591754871014415e-02,4.669292769583900452e+09
3.586820982177055250e-02,1.007488697927482468e-01,3.199780129076912403e+09
-1.233943142522283577e-02,9.495833190556054459e-01,-1.167918909858466536e+08
-1.415686811851027578e-03,6.113483000930899219e-02,-2.081273217875352800e+08
1.791975435701190743e-03,3.418044812763830209e-01,4.711996054335186630e+07
2.054022495574456438e-03,1.452358826628785335e-02,1.271106341874805927e+09
-6.466910021401422494e-03,1.525710781640744196e-01,-3.809563538608258963e+08
7.768534169729793271e-03,9.740024775993573469e-02,7.168522241373823881e+08
-3.507405617930670072e-03,1.205215007001115418e-01,-2.615604530012676716e+08
6.734411799170676727e-02,1.185304452967939487e-01,5.106465142414514542e+09
1.813108460365504479e-02,1.050884351226915280e-02,1.550670331599962616e+10
6.020379072709421998e-03,4.798049389774198814e-01,1.127741965305469334e+08
1.064757139801366173e-03,4.251189438701813428e-01,2.251078920271784440e+07
-1.151186791777584475e-03,1.566277479587270816e-01,-6.605834864737583697e+07
-8.092933130275330178e-02,9.144897998851050369e-01,-7.953855641901637316e+08
-3.841115997074182314e-03,1.753818474969054755e-02,-1.968445523231712580e+09
8.454895482484155525e-03,2.171276477715557707e-01,3.499804088359522223e+08
-9.555170346052001273e-02,2.167090713871933430e-02,-3.962889484583582306e+10
-9.811226249753888726e-03,9.354562228049583261e-01,-9.426499325559847057e+07
5.643314602647267128e-03,1.359328421106842377e-01,3.731302704892451167e+08
-9.595400786127944448e-03,1.242909636610012858e-01,-6.938637235946334600e+08
-7.633273622027443757e-03,2.625262873156695154e-01,-2.613296290248385370e+08
-7.324475478613143471e-03,7.266106206186642713e-02,-9.059941766208260059e+08
-3.017925819331245072e-03,3.716817867963517069e-02,-7.297731803028997183e+08
5.533960429262804216e-03,4.815264137516189064e-02,1.032919681658181429e+09
3.653990963875842612e-03,3.142555557934604421e-02,1.045045315782315135e+09
1.362929864097776021e-02,5.047072945034875024e-01,2.427082531391558945e+08
1.048484182986419468e-02,1.957089612538129020e-01,4.815060959199104309e+08
1.200446709312196197e-03,3.390932323022704531e-01,3.181811020106369257e+07
3.989010030672140474e-03,6.848844496679743488e-01,5.234780079415366054e+07
1.135941325102638073e-02,3.572462130832824712e-01,2.857846404185526371e+08
-1.018223785488731568e-02,1.172055813191996698e-02,-7.808103526471699715e+09
1.217487832032369171e-03,1.102842587971626931e-01,9.922057032470272481e+07
8.604196830373960284e-03,7.800768987692086043e-02,9.913420730593262911e+08
-3.082296210249329746e-02,3.505634328325833715e-02,-7.902388515386905670e+09
6.063638841914071112e-03,1.572908061821772646e-02,3.464819430385759354e+09
-1.008272383625153507e-03,5.913617764707848057e-01,-1.532410928795805573e+07
5.212857068827532470e-02,3.365865583350404755e-01,1.391969332715642214e+09
-6.036743354300005276e-02,9.994742529514527574e-02,-5.428523473462692261e+09
1.388745797787161026e-03,2.745039847851859019e-02,4.546997578966681957e+08
7.360097715888100009e-03,4.754249565028084157e-01,1.391400718116001189e+08
3.598428723200939542e-03,2.325101852938765978e-01,1.390982098470703065e+08
7.604452756296867233e-02,7.785060558822936017e-01,8.779233281363137960e+08
1.943184549875669534e-02,7.865408108252532893e-01,2.220462308298554718e+08
1.031004418521901242e-03,1.120760760041567515e-02,8.267957352253284454e+08
-4.912569430477923410e-02,1.735741370717175103e-01,-2.543749287465960503e+09
-1.104480998073158974e-03,2.468297598662408041e-02,-4.021715511011770964e+08
-6.310469706041277327e-02,3.629544871082555080e-01,-1.562644309276984930e+09
-1.247063636509011808e-03,4.582359037576768518e-02,-2.445964333395206332e+08
-4.883447583864897364e-03,7.369960178425617736e-02,-5.955414687541725636e+08
2.128487016344550800e-03,1.166559451829758155e-02,1.639890110658382416e+09
-4.703085260706436899e-02,3.746630869637136430e-01,-1.128216802185853243e+09
6.677497177817103002e-02,3.386463833235173887e-02,1.772221045906723785e+10
2.188377852480742278e-03,5.974776045035405658e-02,3.291935354035204649e+08
1.649942832515481281e-02,1.796847637462192782e-01,8.252931916363385916e+08
-1.018645014456382803e-03,3.375765672706451670e-02,-2.712071841862963438e+08
6.758587031872924367e-03,1.063132607285425905e-02,5.713721794527996063e+09
1.501554298941554060e-02,1.995288289203527021e-01,6.763726008198934793e+08
5.017888505533606158e-03,2.892836761562786463e-01,1.559005681534333825e+08
-4.961391786748465399e-02,3.991489592173439460e-01,-1.117169680228687763e+09
1.406687279684688818e-03,2.700676348826476225e-01,4.681398778529686481e+07
-6.535042919694135539e-03,6.982966790228006815e-02,-8.411221812712013721e+08
-4.396989683475009680e-03,1.092705517722266685e-02,-3.616620410221931934e+09
4.441773725623955615e-02,4.378848656437291792e-02,9.116898378080120087e+09
4.061795120100421784e-03,1.536255366462783434e-01,2.376321617635461986e+08
-1.482624880047825160e-02,2.915660540262919598e-02,-4.570302464916374207e+09
1.623886979823447457e-02,1.584460568303487360e-01,9.211386016808829308e+08
3.306032408016933155e-03,1.416624692769971883e-01,2.097504577362539172e+08
-6.118981330042030931e-03,3.189664155298474468e-02,-1.724188676288086891e+09
8.165728272191731529e-02,1.854696749036526815e-01,3.957059965041888237e+09
1.614296139872537644e-02,8.569274054006122965e-01,1.693128009720974267e+08
8.698648307108515498e-03,5.021199785339176547e-01,1.557022502295286059e+08
-3.461714085944814917e-02,5.881168806245733460e-01,-5.290274029438869357e+08
-1.398832700712455100e-03,1.144381811307873392e-01,-1.098614807017119080e+08
2.154490658519889450e-03,1.133068338489389912e-02,1.708988457805161715e+09
4.292093619329393622e-03,1.567644172904847019e-02,2.460777301189683914e+09
-1.951677413787367144e-02,8.532390957394333508e-01,-2.055833353716439009e+08
-1.181985439757329490e-02,3.421205896389189482e-01,-3.105156783812178373e+08
-1.212254567015521624e-02,1.099107732217634650e-02,-9.912978953962110519e+09
9.465463406442211833e-03,6.408118811484452004e-02,1.327583798865268469e+09
-1.064372695545194591e-02,9.549454998973175290e-02,-1.001764775750668049e+09
-4.775341292486111333e-02,2.070938680177028882e-02,-2.072467813807314682e+10
1.017811356978647053e-02,2.438201204914643150e-02,3.751875074355731487e+09
7.989777818843217527e-02,4.348679066543952032e-02,1.651307536694909668e+10
-1.691813831884362435e-02,2.036394755058796580e-01,-7.466915211910138130e+08
-3.723204291880893163e-02,7.442131546707206335e-02,-4.496453873385732651e+09
-3.644363838159181673e-03,7.421828677178294864e-01,-4.413279388732249290e+07
-2.788227781292001474e-03,4.416509269524718923e-02,-5.674135754591693878e+08
1.801513309039157532e-02,2.334124221045435488e-01,6.936879140476833582e+08
-1.429363352686536213e-02,2.455632610841508232e-02,-5.231543842319113731e+09
-7.109229700538569063e-02,7.128717067886533032e-01,-8.963173158993127346e+08
-2.110964891788901735e-03,2.169850521503718932e-02,-8.743832146504752636e+08
-7.082822571236264964e-02,3.045944441697323590e-02,-2.089945703959323120e+10
4.465964343761143901e-02,2.298989034573899193e-02,1.745938612813074875e+10
-1.949282212990655809e-03,4.571490155750259077e-01,-3.832371037105828524e+07
8.680437315562580802e-02,7.170066882410265630e-02,1.088100517343461800e+10
2.277222687835213019e-03,1.668385061813989212e-01,1.226760623830618262e+08
7.713662253109276196e-03,6.031132194390447232e-01,1.149509036612733603e+08
3.849726202893014732e-02,3.753465386418516903e-02,9.218240747223665237e+09
-8.446414009064762141e-02,1.249459504473475480e-01,-6.075762629064152718e+09
-2.518602875710941689e-03,2.493706003287167114e-02,-9.077475019359626770e+08
-1.575560917909480134e-03,1.643937025651732164e-01,-8.613916168666338921e+07
1.491318614455509417e-03,2.430145572115254005e-01,5.515549254951334000e+07
2.450216581314060976e-03,1.510653194562896866e-02,1.457774400464613199e+09
-4.454753202775991322e-02,4.782368759150252835e-01,-8.372038298959578276e+08
-3.198272585700403375e-02,4.516395185964919845e-01,-6.364644603307107687e+08
2.437153197863456758e-02,5.573212311457809848e-02,3.930319535698152542e+09
-5.920292252843738917e-02,9.238464035911326810e-01,-5.759622131919426918e+08
3.284417307025925929e-03,3.965170197677782282e-02,7.444698548301433325e+08
4.622313020451043059e-03,5.990004224631478164e-02,6.935580900717854500e+08
-8.140438231217130352e-03,4.177302596528600365e-01,-1.751469051232545078e+08
6.903896546156984733e-03,1.218180777234832701e-02,5.093697514766623497e+09
-1.581598790971541768e-02,5.502506696897545291e-02,-2.583368518479144573e+09
1.618936848291884509e-03,1.287061377094917414e-01,1.130527857860099226e+08
1.302796836903600056e-02,1.533337518322392540e-02,7.636415517912982941e+09
-3.779082199668982317e-02,2.305888602077198202e-01,-1.472986051104721069e+09
1.821549900258427959e-02,1.331585948765423855e-01,1.229482885174988508e+09
-9.277874487915176160e-02,2.567813801240724503e-02,-3.247398476831620789e+10
3.406574357709950523e-03,5.973961539832953888e-02,5.125143963315222859e+08
-3.922320246621449798e-03,1.105345886468710875e-01,-3.189300703742920160e+08
3.699113166909026498e-03,5.033066959358258874e-01,6.605649529722999036e+07
7.129802690428962975e-02,2.847992538841589288e-02,2.250035045432935333e+10
1.637576918056567188e-02,2.683511369645345118e-02,5.484649600658155441e+09
2.919682819491211528e-02,8.189910700017811740e-01,3.204107852134356499e+08
-4.614778130701636949e-02,2.394632680939108027e-01,-1.732058431230510950e+09
-1.434905934875828435e-03,6.075644979790331690e-02,-2.122665989915970564e+08
-8.668987597114374832e-03,5.050591501918765269e-01,-1.542683222180568576e+08
2.051059971123403436e-02,5.033412266341941166e-01,3.662405892836192846e+08
1.478066873160527924e-03,1.305156887226645579e-01,1.017845784832649231e+08
-4.855397525642181356e-02,1.494370310816994091e-02,-2.920230820877263641e+10
-1.660804729151636738e-03,3.597584583188361274e-01,-4.149140847212196141e+07
-1.574301442185468622e-02,5.061486928823560882e-01,-2.795505763640316725e+08
-9.531404168908264377e-03,4.623390047624457710e-01,-1.852878620667761564e+08
-2.179937605564040773e-02,1.346853278338504094e-02,-1.454703199287169838e+10
-4.678663749132782289e-03,2.988274310185685262e-02,-1.407187572701276779e+09
-1.698949360826681326e-02,4.739546217459005284e-01,-3.221768196720195413e+08
-2.556537748274350166e-02,2.966236128444612111e-02,-7.746349858712291718e+09
2.056248299558072028e-03,9.055955519559641398e-02,2.040759814363339543e+08
2.301515195695499547e-02,7.266155867743553931e-02,2.846818341436279774e+09
1.998547010356742717e-02,3.552488767311264700e-02,5.056293476444349289e+09
-5.926646134447147163e-02,1.201006310485786682e-01,-4.435211414997793198e+09
-7.957239760047651184e-03,1.702512255096305313e-02,-4.200711111861097336e+09
5.331941465839204475e-02,9.861968607850413182e-02,4.859285046927114487e+09
8.653861340341826441e-03,7.752245028038413643e-01,1.003305191460602283e+08
2.141254325055359092e-02,2.450712207359105332e-01,7.852836538715568781e+08
-7.208016559938456094e-03,1.035596666854422809e-02,-6.255697647836054802e+09
-4.624434897040029246e-03,8.689991119972297062e-02,-4.782885183888754249e+08
-1.386281164297144611e-02,6.172108666799367566e-02,-2.018684168404026270e+09
-2.637558549727523141e-02,1.129433256556748241e-02,-2.098901973396391296e+10
2.273412471137173374e-02,1.148028687713315184e-02,1.779820135556900787e+10
5.424319300453043016e-03,9.231420980517818231e-01,5.281135469476304203e+07
-3.126837877672923420e-03,2.148139527975816698e-01,-1.308258291599498242e+08
5.144708042779280038e-02,1.655813685531477494e-02,2.792543098972207260e+10
6.647458684674828477e-02,4.363467527275259605e-02,1.369224043757994843e+10
1.233365290244070470e-03,2.062136914316635428e-02,5.375573990120711327e+08
-1.630735424277671717e-03,1.281035821898750954e-02,-1.144123351381938696e+09
-8.884015314745569158e-02,1.582139749212308627e-02,-5.046788155333883667e+10
-7.054776249846947400e-03,1.980936427342848069e-02,-3.200835272453030109e+09
-1.659074654537406185e-02,1.025527369214431911e-01,-1.454016355682323456e+09
2.101567422024691600e-02,2.392083498332059632e-01,7.896190378970963955e+08
-3.852973378968310714e-02,1.426389728437302620e-02,-2.427774938377544403e+10
2.355880496802044768e-02,3.595874152098736676e-02,5.888428299855333328e+09
-8.167392033846285898e-03,8.129518685412560064e-01,-9.029614031394763291e+07
-2.755573108748673658e-02,3.859974499066504833e-02,-6.416203365195566177e+09
2.159889252501968546e-02,4.403385756875833335e-01,4.408545916231427789e+08
-1.648218706065230493e-02,1.049277499350642802e-02,-1.411806240080070877e+10
1.210417734572975107e-02,1.522639818908319391e-02,7.144777580107488632e+09
3.477068228206458417e-02,5.272210108395465611e-02,5.927493979169687271e+09
2.051190310809694953e-02,6.557186638818957025e-02,2.811506095573794365e+09
3.984245698281509845e-03,4.454140210155615315e-02,8.039570479656194448e+08
2.882618539980951865e-03,6.425582623173670127e-01,4.032044174621796608e+07
3.576332745422954734e-02,1.499937731313549447e-02,2.142966132351099777e+10
-4.544899600159888614e-03,9.047239987987081011e-02,-4.515010883649728298e+08
-1.752352148378567842e-02,6.288067099847036157e-02,-2.504694927740991592e+09
-2.086664525497455153e-02,5.327085278167041915e-01,-3.520575010601499677e+08
1.347713808212677722e-03,1.063731350722997709e-01,1.138718397281690538e+08
1.028014436174250028e-02,4.068542504232493945e-02,2.270967788896387100e+09
6.493447663746639530e-03,1.030065484634006823e-01,5.665798534842427969e+08
-3.043138363034237140e-03,2.111675946680743876e-01,-1.295224480494018197e+08
2.104156621407805242e-03,7.247904770078771319e-01,2.609253068621003255e+07
-6.421168500324999848e-03,3.287695074670864831e-02,-1.755388116022948503e+09
-5.102573445807757901e-03,1.118802646178889831e-01,-4.099080035113299489e+08
5.718954828620086139e-02,6.934269167689351143e-02,7.412532131522974014e+09
9.670036943665209772e-02,1.107445726895460725e-01,7.847951308560864449e+09
9.008007253703952111e-02,2.435546799515070082e-01,3.324167250325084686e+09
3.498630461232337448e-03,7.836234506325696625e-01,4.012742273839914054e+07
-2.102521744433069432e-03,1.780938081005368212e-01,-1.061065744552247226e+08
3.416937515816159676e-02,8.250713636251205685e-02,3.722169459853970528e+09
-2.732798219894359924e-03,2.232304117295940971e-01,-1.100284067260312438e+08
-1.767986249610991201e-03,1.977433294215176149e-02,-8.035772985057886839e+08
5.059157025567993793e-02,1.557543070214013892e-02,2.919367121764141464e+10
-2.265631418014037602e-03,8.304092523299083650e-01,-2.452153752790115774e+07
-3.142021809420384067e-03,7.095185732269866374e-01,-3.980118889513238519e+07
3.076060770799604258e-02,8.500403662452449272e-01,3.252415182783210278e+08
-3.988962065525305384e-02,7.202553728005665901e-02,-4.977646122991714478e+09
-2.840734703236987360e-02,1.995943754240798174e-01,-1.279183934572371006e+09
-1.500279277648901028e-03,1.014178299839971209e-02,-1.329561452329143286e+09
-2.288733054088066057e-02,6.743053309183574262e-01,-3.050627402194496989e+08
1.699692267779833073e-03,2.846080401216105615e-02,5.367521001907665133e+08
-9.346340083477025495e-02,1.613873239870504753e-02,-5.205024492188559723e+10
-1.801791790172363461e-02,3.534263307094150375e-01,-4.582013033506989479e+08
-1.544812475751861309e-03,4.457664604760067095e-02,-3.114719898895572424e+08
5.265427869277423262e-02,3.991986047255046549e-02,1.185482838734156609e+10
5.699340843530698204e-03,3.071866067185180516e-01,1.667527374163753986e+08
-1.132081215431860344e-03,2.802351314738892873e-01,-3.630827558868809044e+07
6.075974521447356780e-02,1.288495212766640752e-01,4.238222503077148914e+09
-1.798773219450110683e-03,5.300245431171708710e-02,-3.050219204131172895e+08
1.880298162127535221e-03,6.615954414312050225e-02,2.554376062698760331e+08
3.117091847754139677e-03,4.831484570187384864e-01,5.798552862206579745e+07
-1.488283126817184976e-03,1.285490274433275654e-02,-1.040560608249932051e+09
2.788111787240262363e-03,6.330705172085754340e-02,3.958300055186181068e+08
-1.156836049546063235e-02,6.610879364341573639e-02,-1.572762696651528120e+09
2.438722057234267437e-02,5.497773897888853512e-01,3.986814688155711293e+08
3.492342241234163563e-03,3.164936432738404276e-02,9.917504896729012728e+08
-6.989272879305374886e-02,8.078990500935466779e-01,-7.775449724905524254e+08
-1.010161358322497066e-02,9.430269403840758624e-01,-9.627582967792211473e+07
1.407702064214238526e-02,1.941348345284165527e-02,6.517152685820522308e+09
1.866769957102980271e-02,6.856837245325567154e-02,2.446907658024668217e+09
-2.053909720426557416e-03,5.139529623042701778e-02,-3.591770631170250773e+08
3.244531579863893511e-02,8.499343959630972778e-02,3.430972356247810364e+09
3.822821626183050409e-02,5.713869896930718895e-01,6.013181395845340490e+08
2.086073649245965504e-03,4.540387188569290633e-02,4.129403922489017844e+08
-1.807477162522933521e-03,1.157143401832128882e-01,-1.403900257615489662e+08
-2.633913577258002042e-02,6.748283057615462877e-01,-3.507994053331847787e+08
6.649896620761759462e-03,3.831803178515923169e-02,1.559776305885397196e+09
-1.182132608820911021e-03,1.612096720156714139e-02,-6.590611644316592216e+08
3.212749990483990820e-02,6.365590390397135589e-01,4.536165172625524998e+08
-3.075817614685040155e-02,1.546378105091616648e-02,-1.787703564606444931e+10
-1.888977648711502718e-03,8.145647687462449493e-01,-2.084259622947734594e+07
3.672600552149446213e-03,7.889400366741524673e-01,4.183890575446311384e+07
5.007204002775726692e-02,1.400096933698146418e-01,3.214310297255059719e+09
2.260056533930506970e-02,7.926073924906049117e-02,2.562782812109660149e+09
-1.025150212688577187e-02,2.061627021942292748e-01,-4.469181851920680404e+08
-1.773575786381100319e-03,1.472305164610033523e-01,-1.082686031768954247e+08
-4.196167510116028190e-03,3.282382197927566359e-01,-1.148984808392792493e+08
-5.973515475221377602e-02,2.436076017675378388e-02,-2.203889293728141403e+10
1.355883292401956599e-03,7.298339646176976725e-01,1.669740022919282503e+07
2.414110794848916067e-02,6.717404103953623640e-01,3.230028401611086130e+08
5.876878679626724999e-03,2.997929987329000026e-02,1.761878100390497923e+09
-6.139897337467960931e-02,4.362818887538406076e-01,-1.264866071394211054e+09
3.059417426022943958e-03,2.387846564073895644e-02,1.151550365467123270e+09
-1.326574470464434233e-02,5.772161961230294347e-01,-2.065588205152105689e+08
6.662970874037911495e-02,1.921320558901992021e-02,3.116870103232199478e+10
-1.883621503698189661e-02,2.451920686337349595e-02,-6.904589133013309479e+09
-5.971425631988765137e-02,3.650267236538189131e-02,-1.470293326217255592e+10
-2.098482511920082491e-02,1.997542533417814847e-02,-9.441911755185276031e+09
-1.787175733402854294e-03,5.482092363665242579e-02,-2.930026369075673819e+08
-7.222441529758758146e-03,5.251920122214196601e-02,-1.235994507386642933e+09
9.711139683659675281e-02,5.815946950836694412e-02,1.500722461773883247e+10
-2.822213636020636310e-02,6.581505204540190335e-02,-3.854031635200055599e+09
4.417794762292225931e-03,7.130027408918833132e-01,5.568842753354402632e+07
-9.560299858366254344e-03,6.352797699699188616e-01,-1.352561765991695225e+08
1.451611228453793083e-02,1.306935069071509144e-02,9.982674847575395584e+09
-9.428198471904096142e-03,2.126287672064613443e-01,-3.985265993543938994e+08
-8.678363518444673352e-02,1.706909753309433092e-02,-4.569596953546382904e+10
-6.386730045998242900e-02,1.453140655398946733e-02,-3.950222193641232300e+10
4.223048146269020586e-02,2.641233112537472172e-01,1.437043510537582874e+09
-1.567825042897605945e-03,6.817166552417445180e-01,-2.067018249450661615e+07
-4.916304391508524198e-03,9.647691936164747295e-01,-4.580005032291120291e+07
8.707555784209647376e-03,7.950555466031163088e-02,9.843496971659774780e+08
-1.999712349243569238e-03,4.345862115009940102e-02,-4.135635017730984092e+08
-3.004104094444643921e-02,4.993602344597434239e-01,-5.406941120769387484e+08
-4.310549588382533992e-03,5.529721436815584479e-01,-7.006159335373115540e+07
-2.974095091206292382e-02,1.224902603665207479e-01,-2.182247028119897366e+09
2.572356820069141362e-02,8.038520250827762004e-01,2.876111502611827850e+08
-2.232817833201257776e-03,9.057566638287445349e-02,-2.215605183728925586e+08
-3.286416316617359057e-02,1.135201502725522067e-02,-2.601957742906596375e+10
-1.659320132085684643e-02,1.841255900348912067e-02,-8.099657395003407478e+09
1.763410723386746749e-03,5.202525924903756982e-01,3.046420454787020385e+07
-6.388717076549713970e-03,7.082503856648080243e-01,-8.107322601640062034e+07
-1.565971945979270164e-03,5.320957835524574991e-02,-2.645116340071376860e+08
-6.450026788883473500e-03,1.407471035738208365e-01,-4.118818648811724782e+08
-4.474886147564624550e-02,4.014797670176494665e-02,-1.001772129948060608e+10
2.630904521080516117e-02,1.798662869136750248e-02,1.314637257495565224e+10
-5.102952238966934791e-03,7.755723574430466449e-01,-5.913570791563196480e+07
-5.503263778416721264e-02,4.481807162018289215e-01,-1.103615475201418638e+09
-3.872794302763601232e-02,1.301494381333279660e-01,-2.674439337409175396e+09
-3.149179220692899933e-02,1.473835140775989379e-02,-1.920432682297823715e+10
2.862605955945466286e-03,1.448212350461667783e-02,1.776560255496170282e+09
-1.004261290768857558e-03,3.161123286047323733e-02,-2.855327364709736109e+08
7.390722334816782202e-02,8.039475708616826699e-01,8.262467750829062462e+08
2.288662675232004326e-03,1.045458067869657094e-02,1.967550041900570393e+09
1.018341234197538397e-03,6.144750211399933049e-01,1.489497280128709599e+07
-4.225347332439457343e-02,4.519660729391004189e-02,-8.402474391064192772e+09
-4.412215491269019969e-03,3.552328380385845197e-01,-1.116334194647857547e+08
3.626428020740976588e-02,1.309617534332968049e-02,2.488772497760134125e+10
7.200601213850682525e-02,1.938157278514801227e-02,3.339107193527020264e+10
2.126926137555419649e-03,1.780698994570719881e-02,1.073525866373706937e+09
-8.978241351695412376e-02,3.639434494502908485e-02,-2.217215914643221283e+10
8.550175198339383942e-02,2.381542912301104764e-01,3.226764132001215458e+09
-2.175778133848983720e-03,1.599181854885345366e-02,-1.222833626426017284e+09
2.506320603932563063e-03,2.224827393244683399e-02,1.012490412674973726e+09
4.837313476984628213e-02,9.771461596175026743e-02,4.449337204575995445e+09
7.523825439217634962e-03,3.625860665906987385e-02,1.864997346199909449e+09
-1.509787412181063868e-02,4.258472822656802492e-01,-3.186489843167364001e+08
-6.415270666966402247e-02,1.924823133450206392e-01,-2.995537585903941154e+09
8.924942735220658951e-02,8.426642363802897551e-01,9.519222854707307816e+08
1.239072016995790108e-03,8.638104492966233172e-01,1.289224986794826202e+07
4.428374068907938062e-03,1.038367922219729372e-01,3.833042671939177513e+08
2.346436615003830856e-02,2.847768431703669445e-01,7.405506609293655157e+08
-2.515205336507013445e-02,1.039409508100566475e-02,-2.174890412970064163e+10
-5.545718680291593372e-02,5.979421253912305112e-02,-8.335838706695638657e+09
3.075681110333620960e-02,5.123865184622909963e-01,5.395034538384057283e+08
2.968054912057000935e-02,6.096815587723285468e-01,4.375417413820067644e+08
3.606460466580514723e-02,5.174148184204274692e-02,6.264594022522642136e+09
1.827415614126108459e-03,3.627416644174977917e-02,4.527834124954534769e+08
7.173993179460599195e-03,3.023235160303572658e-02,2.132748513761053562e+09
1.147025660169553180e-02,1.234605155416128135e-02,8.350176700738465309e+09
-2.821267276930423170e-03,1.312943866020139516e-01,-1.931295334859812260e+08
6.171492657752489404e-03,1.208789855460818546e-02,4.588703835925984383e+09
-1.656876557908163730e-03,2.224068858639269008e-01,-6.695646897879780829e+07
4.717810902996244851e-03,4.527723701656902189e-02,9.365074386439670324e+08
7.169119517686899090e-02,4.299500163383542239e-01,1.498643965195640802e+09
1.091230107390758286e-03,1.060957999235530164e-01,9.244187944172400236e+07
8.797480945998635560e-02,3.364362096903994459e-02,2.350207574818038559e+10
-4.352343073631093247e-03,7.557221726008745977e-01,-5.176206278681968153e+07
8.822362457893391866e-03,1.638955481744499773e-02,4.838027777406320572e+09
-2.565937650193251748e-02,1.991071534156469217e-02,-1.158270123210014153e+10
-2.905186866888642347e-02,5.626043220783435300e-02,-4.641107483384222984e+09
2.326344397991407346e-03,2.455458094212623898e-01,8.515146041581356525e+07
-1.461985512848431451e-02,1.083194384824247986e-02,-1.213073980224132919e+10
1.163934736496273319e-02,7.901239668401506544e-02,1.323987888646412373e+09
-1.516024697931381802e-02,3.985282787210848721e-01,-3.418989377206084132e+08
-6.122883890139020624e-03,2.873117083186737045e-02,-1.915372809006410837e+09
1.489860101483139222e-02,8.373382493127679016e-01,1.599172003877222240e+08
-2.081660748096685661e-03,2.283954508186908650e-01,-8.191682706506773829e+07
-2.486349064237807893e-03,1.058273521376483367e-01,-2.111615243971748054e+08
-6.920067827894749168e-02,2.206934379297827847e-02,-2.818198305937631989e+10
3.527798362108198419e-03,2.631765865458020603e-01,1.204778261924414933e+08
-3.296453225224178253e-03,2.520835775661611766e-02,-1.175311491261840820e+09
2.626452837433453785e-03,7.432017575482722238e-01,3.176241362271264568e+07
6.567819423044313903e-03,2.459421175685822664e-02,2.400152927734220982e+09
3.058078580672524485e-02,4.793902727728851371e-02,5.733370950401941299e+09
-1.523316625708645740e-02,1.886357079503653625e-02,-7.257998833909584999e+09
-1.517132909449227761e-02,1.525245020861344322e-02,-8.939940565500087738e+09
1.270882723240399732e-03,1.013403217159475865e-02,1.127129497120619059e+09
5.555101523990816498e-02,4.924852790423448617e-02,1.013793180003100014e+10
-7.092654058876653872e-03,8.328835603888760930e-02,-7.653764693491059542e+08
1.579272540103071609e-02,9.464819134298664283e-01,1.499668892604316771e+08
-5.202043673315287151e-03,3.848655444240411394e-01,-1.214830201464076042e+08
-2.861000404109058544e-03,7.867436259967344747e-02,-3.268400772174689770e+08
5.177663836521105740e-03,7.663817648714310593e-02,6.072105460513465405e+08
-3.804188963723136030e-02,9.207159599875121281e-02,-3.713530782266942501e+09
9.357840640100055507e-03,8.257118262113623264e-02,1.018586131130802274e+09
-2.265366822856419281e-03,2.847011846244386635e-01,-7.151545069352491200e+07
8.595614912456800427e-02,1.936209030574380027e-02,3.990022343113153839e+10
-2.579446477043827179e-03,2.657530252516410729e-01,-8.723663840249301493e+07
3.830709989072299173e-03,1.273020210228140714e-01,2.704547379514132738e+08
3.404698138761008165e-03,2.164137897047227130e-02,1.413983369175944328e+09
-1.494266310005039691e-02,7.564489233866530937e-02,-1.775411440598173857e+09
-1.226419772234566344e-02,2.954562732684858362e-01,-3.730753424783068299e+08
1.625516342291685908e-03,6.237440409859484891e-01,2.342262411062856391e+07
7.632924360666604180e-02,2.274030300402781965e-02,3.016791737127083206e+10
-4.032745509936747769e-02,1.124069789342464071e-01,-3.224468649981864929e+09
-7.052347011116488762e-02,1.103253527282684748e-02,-5.745250475232796478e+10
-1.965463362223179508e-02,1.770275753129296747e-02,-9.978715711231945038e+09
4.866115441528942598e-03,3.515186388896165415e-01,1.244184160479558110e+08
6.884373173465468954e-02,2.153332924355344860e-02,2.873451301016403580e+10
1.015216753688526034e-02,2.068565402620597959e-01,4.411031282512729764e+08
-1.235136043539898643e-02,5.545451398272986943e-01,-2.001836070309733152e+08
6.738544124016730003e-03,5.607735461569428592e-01,1.080013481533439904e+08
-1.625626965365088456e-03,2.012074970833147847e-01,-7.261516929908378422e+07
4.775157085963615926e-03,1.170472213256830013e-01,3.666715151669996381e+08
-4.654397046690968154e-03,1.839715565256158647e-02,-2.273858125126356602e+09
-1.298370552250141963e-03,1.625071889330565733e-01,-7.180863929348944128e+07
-3.424666228979712096e-02,2.053313879591901064e-02,-1.499041053005671310e+10
4.242515270796289040e-02,3.343825797023086688e-02,1.140329576292386627e+10
-2.865294304097182679e-02,8.069737960322894699e-01,-3.191247019528962374e+08
2.260106442988579420e-02,2.134282856483560309e-02,9.517601910314327240e+09
2.713342261831286351e-03,1.025724686940488600e-02,2.377521152209812164e+09
-7.608730715767547843e-03,3.637944406625533839e-02,-1.879778916598699570e+09
6.938955908215173329e-02,5.775312974161324331e-02,1.079864394719684410e+10
-4.435006902967524554e-03,9.902203105480772427e-01,-4.025437504155959934e+07
-4.320448133214004754e-02,7.912649569018660733e-02,-4.907468061021483421e+09
1.019091234576957432e-03,2.751739267654569887e-01,3.328560101915480569e+07
-8.237621927717901638e-02,1.281846899629610070e-01,-5.775855463647466660e+09
-3.128584561216440213e-02,2.338235940060715001e-02,-1.202569499079276276e+10
1.676164982538865108e-03,2.539792226959463814e-02,5.931563608519847393e+08
-1.974729545337733025e-02,2.037284697696896754e-02,-8.711772369490249634e+09
-4.876045584781300152e-02,6.984629374714095285e-01,-6.274440558085855246e+08
-3.149811972059393238e-03,3.200666658163013878e-01,-8.844938182100348175e+07
-4.930784808164607319e-02,1.352744584910719160e-02,-3.276052579863294983e+10
2.795177899675489741e-02,3.295244597505042616e-02,7.623816165167608261e+09
-4.682912867901906084e-02,2.998817220356549129e-02,-1.403513839741084862e+10
2.077597171323942657e-02,9.443076344084083695e-02,1.977417907613414049e+09
4.207085708847996958e-03,6.512600375618755877e-02,5.806006907352178097e+08
2.515697680888568082e-03,7.234744436470980089e-01,3.125257983362826332e+07
1.102769994752229171e-02,2.019347694290116180e-02,4.908224922929344177e+09
-1.781091440329803490e-03,6.040739002560553406e-01,-2.650005424403247982e+07
-3.192618781850629917e-02,1.127853961631047376e-02,-2.544162302046681976e+10
4.859688284795264657e-03,1.704502669610180876e-01,2.562485082093631029e+08
1.146930173759991810e-02,1.275595309791171805e-01,8.081178189499189854e+08
2.150921569248922388e-03,2.771076196122928409e-02,6.976325333735126257e+08
1.728700908435206254e-02,2.226090315194693622e-02,6.979554428353466034e+09
1.310503897013050485e-02,3.593512148120039384e-01,3.277704653508709669e+08
1.826748673965996944e-03,1.191273634693471029e-02,1.378217909168075562e+09
-2.909424571700275092e-03,3.249246272923108636e-01,-8.047761387342232466e+07
6.666626408543378790e-02,4.442403912067306726e-02,1.348772472658728600e+10
-1.593614710799494058e-03,3.776721891041694146e-02,-3.792441958733786345e+08
1.415080352400183454e-03,4.969773682188143027e-02,2.559146260928057432e+08
3.077653185187177298e-03,1.429723914432161520e-02,1.934719973744195700e+09
-1.739561282532201339e-03,6.366742268337041155e-01,-2.455687399229305238e+07
-1.719981385903628047e-03,8.866304793364596093e-02,-1.743539169351014793e+08
-7.183630276280605909e-03,1.685107191859418554e-02,-3.831484371133737564e+09
4.355537189638145935e-03,5.312753556967761415e-02,7.368391177905384302e+08
5.937244052146992829e-02,1.456238362983294614e-02,3.664401494193215179e+10
-1.423535297202636711e-03,1.315198557853945564e-02,-9.728088984160168171e+08
4.802417893629478372e-03,1.310397339317764115e-02,3.293878414771481991e+09
1.100421839080878428e-03,1.649006023999793902e-02,5.997739194916056395e+08
-2.572417484764927004e-03,2.775443092624085145e-02,-8.330282778086173534e+08
-2.976488065180972389e-03,1.793338712226621307e-02,-1.491737613045620203e+09
5.706344588387888238e-03,8.090314866636996727e-02,6.339327488270850182e+08
1.076293270241506991e-03,3.472454343207344030e-01,2.785766418957664818e+07
2.464468317123352792e-03,8.254840934058539359e-01,2.683274778742076457e+07
1.417575072381060432e-02,7.631169146554972471e-02,1.669573743208824635e+09
-7.135195751584291757e-03,5.309640162194606550e-01,-1.207789976361809522e+08
-2.371533628624873831e-03,4.535710915629136419e-01,-4.699314800610800833e+07
-3.274411772922030707e-03,6.773502340480903883e-02,-4.344808368199388981e+08
6.508327013087390756e-02,1.217235319814681180e-02,4.805575877040461731e+10
-1.729585387214595303e-03,1.127223494269995012e-02,-1.379058195984470367e+09
2.105937560495617800e-03,3.242309769715080447e-01,5.837697730492641032e+07
4.391789392002178223e-03,2.746076598892338919e-02,1.437406076477474689e+09
3.305341568292454162e-03,9.829120808276835541e-01,3.022402437090069428e+07
1.518555568024932724e-02,4.602130064882187926e-02,2.965667230339432716e+09
8.019510044448509636e-03,5.150168289023845936e-02,1.399513311282961130e+09
8.792069633942772855e-03,4.984457933917217642e-02,1.585345054856016874e+09
1.108172065605801540e-03,4.061400658983858603e-01,2.452347339976612106e+07
2.425386363270889360e-03,7.010381188192087165e-02,3.109495384131796956e+08
8.028620167968262764e-03,9.019066019955492841e-01,8.000736444602778554e+07
-3.766249760130178231e-02,2.443008325450757995e-02,-1.385590153277078629e+10
-1.787803616667739794e-03,1.531443123346892254e-01,-1.049227241374590546e+08
3.262553636497005343e-03,1.253374469283297099e-01,2.339523621517865658e+08
-1.024669403003947848e-02,5.818930656636056575e-02,-1.582673041099729538e+09
-5.125029442002609209e-02,7.611225609274092918e-02,-6.051908979770611763e+09
-8.603265948882879086e-03,2.239580426491192752e-02,-3.452608245698012352e+09
1.404674772710397474e-03,1.812273311189526934e-02,6.966308551977782249e+08
-3.355748169432007377e-02,1.860232425609003801e-02,-1.621335044932965088e+10
-4.407050885891691631e-03,2.104639031124700896e-02,-1.882006257972674131e+09
-3.560725072228932732e-03,2.074660828627990505e-01,-1.542559603000009656e+08
1.430041954112323821e-02,5.636255821526009457e-02,2.280387754933209896e+09
-4.960585175365387484e-02,1.225583445535684407e-01,-3.637815283838099480e+09
2.685485355574321678e-02,4.030760058735365914e-01,5.988064371279872656e+08
-1.588738855318118023e-02,4.541770637933303933e-01,-3.143966697385030389e+08
-3.382479083019625937e-02,1.451042332284589176e-01,-2.095104334564687490e+09
3.893308798884496588e-03,4.034471438906438445e-01,8.673269161972771585e+07
-4.183908916515938735e-03,6.464362412664247104e-02,-5.817108219671952724e+08
-1.398904918914524106e-02,3.268074593962785879e-01,-3.847218521163811684e+08
4.855828493517782424e-02,5.071375605518759766e-01,8.605739195355429649e+08
-3.172793146710286422e-02,2.299724351488968699e-02,-1.239985461439464378e+10
1.666349009171407035e-03,1.111028201590158193e-01,1.348004999764547944e+08
-1.546574593544568308e-03,7.080661257052529856e-02,-1.963123725777716935e+08
1.355933722160300231e-03,2.685722882382276522e-01,4.537617465190450102e+07
6.531651982148448804e-03,1.364083731930073595e-01,4.303607200641759038e+08
4.336794049311119142e-03,1.543617921793454528e-01,2.525105945681278706e+08
2.145459803083315728e-03,9.942368011433010411e-01,1.939461514499954134e+07
-1.397977096129884118e-03,2.051008513801217542e-02,-6.126087722052162886e+08
1.044867218412746544e-03,1.591620965421385314e-01,5.900272517775398493e+07
-1.751177491577407888e-02,2.432255535578828065e-01,-6.471002749205142260e+08
3.310584386984329053e-02,1.369117557095685944e-01,2.173274284244734764e+09
-4.184458295300939878e-02,4.215660856819750668e-01,-8.921218921068472862e+08
2.794808540183877418e-03,9.445336336774731723e-02,2.659409726349654198e+08
4.294836875814093957e-02,4.167466112576027615e-01,9.262435880763713121e+08
2.291067797937202354e-03,1.038780457712000678e-02,1.982279039132381916e+09
-8.748571966646234710e-02,5.991193098593045052e-01,-1.312424925093561649e+09
2.036887122095760831e-03,4.939476057930251574e-01,3.706266942879524082e+07
-3.477455071629291863e-03,9.828755154167065355e-02,-3.179901221797054410e+08
-5.674809606705505556e-03,3.168124709075787609e-02,-1.609902759938045979e+09
-3.062826806598286516e-02,2.089117591597520474e-01,-1.317680660035088539e+09
2.970379763219665407e-03,3.742882155982205639e-01,7.132740797666114569e+07
-5.135697164391286006e-03,2.407852909260585206e-01,-1.916990991249122024e+08
1.833715201152725724e-02,1.652929396869034714e-02,9.970758559804521561e+09
7.469037600568581570e-02,5.828935685341994632e-02,1.151664554858119011e+10
-2.757943568220653369e-02,1.966008814166664564e-01,-1.260812579834756136e+09
1.205597140821438804e-03,2.290337184583852992e-01,4.731004962331297994e+07
-9.882711536832677890e-02,9.769599861399247409e-02,-9.091801828336614609e+09
-1.286802250325231548e-03,2.050564473770157686e-02,-5.640128531673353910e+08
4.782446301795272720e-02,1.737723329813243081e-02,2.473546556382177353e+10
-7.995183764863536546e-02,4.111462521213839205e-02,-1.747763771461143494e+10
-1.514968362563596767e-03,2.235046996765420804e-02,-6.092106995570008755e+08
-2.340388072866213167e-03,8.818424740459036848e-02,-2.385324570198256671e+08
-4.233515403436936830e-03,5.854824853369836601e-01,-6.498870078316149116e+07
3.096765122488455597e-03,1.338946126396496905e-01,2.078718983771063089e+08
1.927857654144729538e-02,1.884595648911230673e-02,9.194061369380327225e+09
2.927286310895678423e-02,5.064592813874776445e-01,5.194829351829028726e+08
-5.144270072335818678e-02,7.826972774139301370e-02,-5.907184779582891464e+09
1.819049755884457773e-03,7.760359847576795422e-01,2.106751620916128159e+07
1.016561010743901022e-03,6.738442787377599830e-01,1.355890199762732163e+07
-4.083631009489682370e-03,6.288569089679278690e-02,-5.836403035678017139e+08
-9.375673992776080434e-02,5.608359056862344955e-02,-1.502509774699760246e+10
5.642640371474830219e-02,5.966260808910257840e-02,8.500231544231300354e+09
1.014978567974258701e-03,2.897094004892793520e-02,3.148798738882594705e+08
2.835233544608444303e-02,2.708654923040306750e-01,9.407750183948358297e+08
-6.771118386365687636e-02,1.801942097190130376e-02,-3.377304307873101807e+10
3.844984270808048110e-02,8.232079020324886698e-02,4.197934473031190872e+09
9.032348017947680607e-02,9.647655609544347755e-02,8.414522748436003685e+09
3.063964471170627871e-03,7.515237733752509752e-02,3.664305040191727877e+08
-6.944124042427952948e-02,1.909558635125688936e-02,-3.268399157938189697e+10
-7.653973229268136273e-03,8.707374425351922798e-02,-7.900422865890324116e+08
-2.159603952376091748e-02,1.771696550550181173e-02,-1.095558044970518875e+10
-1.214124020037631079e-03,3.697321354570021756e-01,-2.951389109411645308e+07
-2.919139551633715898e-02,4.400889609973901440e-02,-5.961629751213831902e+09
-3.124440910586549422e-02,5.587080829774182522e-01,-5.026179327389520407e+08
4.931763757269284204e-02,2.141856906374877204e-02,2.069485701094886398e+10
-2.888134017294137143e-02,2.156427495144102868e-01,-1.203741128894170761e+09
6.565093377926079464e-03,9.489584089676760259e-01,6.217908793951318413e+07
-2.486473344958079271e-02,2.719844075978220324e-02,-8.216567339570240974e+09
1.063619783419362174e-03,6.264991539379988206e-01,1.525866492433937453e+07
-1.447362285062173647e-02,1.587394559801950933e-02,-8.194887246066843033e+09
7.356026951335696736e-03,2.635706650097465187e-01,2.508400379194707274e+08
6.150159360681959481e-02,5.197091976841780037e-01,1.063595728778739572e+09
-1.691897908587818630e-03,2.228099516691680326e-01,-6.824804062763264775e+07
6.732483132807316750e-02,4.197099109466457395e-02,1.441705873213565826e+10
-8.255532878545232545e-03,6.181962001273367813e-01,-1.200243598802847713e+08
-2.010468771867957201e-03,1.110881510780908389e-02,-1.626597915781805754e+09
1.420982990295457937e-03,2.349776238436656894e-01,5.435168215861659497e+07
9.005980982930608669e-03,2.512328703782891817e-02,3.221849010207987785e+09
-3.458723386687046018e-03,4.449881110360053710e-02,-6.985830450934052467e+08
-2.122782927368555700e-02,6.300715915192682537e-02,-3.028072755501113892e+09
1.447440902956695884e-02,3.323144915669684618e-02,3.914733290336285591e+09
6.144337719286124821e-02,4.374545812709759035e-02,1.262387622333573914e+10
-7.351519465539339826e-02,2.443442962313214714e-02,-2.704117284635625458e+10
-1.312050398450097721e-03,8.395564596390298062e-02,-1.404595356457558870e+08
-5.073187835521158345e-02,6.824375224909360327e-01,-6.681418313396550417e+08
-4.990486712874661786e-03,9.232689559588297401e-01,-4.858087009861513227e+07
-1.678977504174027427e-02,1.038146431477417475e-01,-1.453573109644763947e+09
-3.537521070215672581e-02,1.353653905368474852e-01,-2.348778230680776596e+09
5.432107504336959602e-03,9.367287430807084980e-02,5.212008652993476391e+08
5.961290125634759705e-03,8.116949853626965750e-01,6.600821886732081324e+07
-4.666914368270467378e-03,5.348768042315819038e-01,-7.841997258120171726e+07
-3.012529593093668696e-03,1.294543644505810089e-02,-2.091535514036647320e+09
-5.518625650382221609e-02,4.121886755127559532e-01,-1.203332088044608593e+09
-1.643082880976727686e-03,2.518372431036657033e-02,-5.863948301088880301e+08
-8.370112851756067451e-03,3.432384950620021025e-02,-2.191724400693734169e+09
-7.937512881815467214e-02,4.975461574196303194e-01,-1.433843278982508898e+09
-1.141830159856962014e-03,5.191684289861410173e-01,-1.976714070376425236e+07
-5.147580217651404749e-02,1.495094255624609403e-01,-3.094462105053427219e+09
8.441369879853059116e-03,3.741590860904682181e-01,2.027716581645873785e+08
-2.160118578026338360e-02,1.034526505563649751e-01,-1.876664281717583418e+09
1.354107101888425875e-02,1.023903478164594691e-02,1.188624330785545921e+10
5.650716738261206407e-02,1.222043160221812641e-02,4.155924134815519714e+10
-5.024458850341855659e-02,1.516464539583492997e-02,-2.977883152450506973e+10
-4.458425469161439100e-03,1.410842959972021145e-02,-2.840229630984901428e+09
1.487924582350131286e-03,6.140310791265261026e-01,2.177916292500649765e+07
-1.660299507632337010e-02,3.009178494142570812e-02,-4.958942905369274139e+09
-3.327125358901472651e-02,1.712632984305324790e-02,-1.746045186490139389e+10
4.975647354178024118e-02,2.908700296896211610e-02,1.537450830851457596e+10
1.747348588838479625e-03,3.089664723651834310e-01,5.082984877174702287e+07
-5.834744756128721482e-03,9.420626724007528097e-01,-5.566634216155300289e+07
-1.629036353129207889e-03,5.496192150954264388e-01,-2.663909623593285307e+07
-3.853575096125625397e-03,9.167006350300477280e-02,-3.778217130643478036e+08
3.526545667543995455e-02,4.529349580007579479e-01,6.997844523989163637e+08
4.326695708412738386e-03,1.159301017008802365e-01,3.354368370615118742e+08
1.899386747517674973e-02,1.160984610943364970e-01,1.470406990403233290e+09
-3.193294895338188305e-03,5.436335097908877589e-01,-5.279386117842886597e+07
1.130909264201907134e-03,6.467895836520222430e-02,1.571503537516768873e+08
1.377905644676795036e-03,1.193404860454012201e-01,1.037725037712159753e+08
-1.073638579129987478e-03,3.136001008239575616e-01,-3.077035688239414245e+07
-7.021103720404417436e-02,2.693862062276888153e-02,-2.342505681826169968e+10
-5.103738115755297039e-02,3.372114531378475055e-01,-1.360306218205477715e+09
8.814597698305646351e-03,5.127668317083226013e-01,1.545016738756604493e+08
-5.970269996265857408e-03,8.558696619620779211e-01,-6.269558484953512251e+07
2.961079195310007024e-03,9.015104650563769972e-01,2.952091869978176430e+07
7.745096913728303015e-03,9.448642151494871522e-01,7.367295226312944293e+07
-5.674177244286621180e-03,4.901094970051268762e-02,-1.040543877047304511e+09
2.165732758415842354e-02,7.509213916348960183e-01,2.592155242744690776e+08
-1.732923753497309831e-03,5.761981085980731887e-01,-2.703075926264449209e+07
-1.526754771206860050e-03,1.316036796606895320e-01,-1.042681989208522141e+08
-1.816739835672741667e-03,1.951400313230337857e-02,-8.367524392178511620e+08
3.132002615199818221e-03,6.873927283508771691e-01,4.095131016013979167e+07
2.456115537512122953e-03,4.595469106988583907e-01,4.803630126798018813e+07
3.375978199549583419e-03,7.683441863331041954e-02,3.949066456612758636e+08
8.473257209005484458e-02,8.752626783474306560e-01,8.700868355218353271e+08
3.129584162193438726e-03,5.434990748832628504e-02,5.175334731497622132e+08
-1.523850244712281199e-02,4.286722968113614307e-01,-3.194975186270610690e+08
-2.656754079243040315e-02,2.448313942913879493e-02,-9.752924642046575546e+09
-2.684771368125569383e-03,2.617769584375156944e-01,-9.217783606939393282e+07
-3.349911675627724461e-02,4.749413675756471442e-01,-6.339338997619740963e+08
-6.458753588679628718e-03,2.387924994262602685e-01,-2.430964702197878957e+08
-4.808346246794221145e-03,8.074529300830448619e-01,-5.352160603889206797e+07
1.609437302087429527e-03,3.981735188105530732e-01,3.632890500720328838e+07
1.449024687494087499e-02,1.206201403193332550e-01,1.079708632654922962e+09
-1.855008944670187565e-03,1.240920809070488948e-02,-1.343546058136327982e+09
4.428065645104510735e-03,1.237263100584644684e-02,3.216641108742155552e+09
-2.643572947224223299e-02,1.342789321680739646e-02,-1.769432656490385437e+10
1.641257419055243763e-02,3.771368578354803991e-01,3.911364972802734971e+08
-7.197557544140761876e-02,4.684089388967662554e-02,-1.381053776251552582e+10
-9.289182680112328949e-02,5.622418811457977617e-01,-1.484926402460951090e+09
9.847479336961804941e-03,2.378991716426340497e-01,3.720341156840008497e+08
-5.260020455092491443e-02,1.425864240512420174e-02,-3.315582769081239700e+10
-8.927776621168351245e-02,3.677400553125226845e-01,-2.181991209708218098e+09
1.517491573028101684e-03,3.723875001937450302e-02,3.662535236305779815e+08
-1.715496609224366432e-03,1.083596755530436342e-02,-1.422894780577593803e+09
3.473404498130919140e-03,1.509529698233247515e-02,2.068065639827293873e+09
7.326564661546720002e-03,7.472269406680241977e-01,8.812486883085168898e+07
-2.939563969148616032e-03,6.494115793838640960e-02,-4.068305012325834036e+08
1.619212120737266837e-03,7.650857437107333459e-02,1.902147780596669316e+08
-4.311516762265917707e-02,1.120372532058741370e-02,-3.458742611719370270e+10
-1.223237139796730464e-03,1.448795194596143865e-01,-7.588471023427884281e+07
-6.085657056057120623e-02,1.687260815490925492e-01,-3.241722778339552879e+09
4.454919096632795061e-02,3.850617604584701675e-02,1.039824504384383774e+10
1.146266763747918679e-02,1.534906166299004338e-01,6.712039252949130535e+08
-2.853109667515458386e-02,2.708552383357690774e-01,-9.467424369018278122e+08
-4.152447339273046371e-03,4.975903752457263435e-02,-7.500371596670298576e+08
-1.003510425296998132e-03,1.236512151287651705e-02,-7.294140398873656988e+08
7.446774444003469162e-02,1.676229382690636593e-01,3.992871822176414967e+09
-4.658809003927161241e-02,7.646452946469964318e-02,-5.476026033012906075e+09
1.488211333643936485e-02,2.430616448281555653e-02,5.502990885107864380e+09
6.532047715126507170e-02,1.104721470421436424e-01,5.314313519570686340e+09
-7.932672395808527954e-02,2.188235953053933036e-01,-3.258186862297145367e+09
-2.631598348966492171e-03,6.578787442292863274e-02,-3.595210875592986345e+08
3.239456336544947659e-03,2.037571676425808595e-02,1.428926379809491158e+09
-8.289597543444774536e-03,3.828183841539107429e-02,-1.946217076270483255e+09
-2.787635701523142467e-02,2.066042566968328276e-01,-1.212683228158032417e+09
1.009858080684978426e-02,3.242824088739705291e-01,2.798901229219976068e+08
-9.715213197614262775e-02,6.456788013121502745e-01,-1.352341656143168688e+09
-1.273220923496195742e-02,5.242845238173993172e-01,-2.182666320897710323e+08
-3.686021228351250845e-02,6.447095302814890294e-01,-5.138594648494402170e+08
1.895154448725296092e-02,1.763086861815724854e-02,9.660987461394166946e+09
1.094952079477604784e-03,4.050544862045277195e-01,2.429586045200629905e+07
-8.040727179518406334e-03,7.857173950193917511e-01,-9.197707135128310323e+07
5.953816369885717857e-02,1.892362818198234375e-01,2.827754146351296902e+09
8.616308330924492276e-03,7.427120060974439220e-01,1.042680869689363837e+08
5.862187226064420609e-02,6.510557595820425092e-02,8.092675340888707161e+09
-1.715368144221580743e-03,9.300548803320615732e-02,-1.657674981619245112e+08
1.331678495889825932e-02,2.504605786280665949e-02,4.778709446742485046e+09
1.141941207316590247e-02,7.092663719831547586e-02,1.447054852183317423e+09
-5.308813396722881876e-03,1.592419317726806796e-02,-2.996336890034664631e+09
8.523274941466775501e-02,7.125427200137009198e-02,1.075093433002718925e+10
7.123198377151129801e-02,6.327922324459932524e-01,1.011729744233136415e+09
9.424960573776898845e-03,4.201657797007286865e-02,2.016087987594709635e+09
-1.478324637560671923e-02,1.061013803453986493e-01,-1.252274102266551256e+09
-1.000880661937144636e-03,2.732672660466164277e-02,-3.291889925491351485e+08
2.096172781673694141e-02,6.338899621207786383e-01,2.972102761206811070e+08
-1.055421219139446136e-02,6.427455923343314281e-02,-1.475833392612156391e+09
2.100443680309972347e-02,7.663606953187457327e-02,2.463363129064732552e+09
-3.933010956737617754e-03,3.374797066705708115e-01,-1.047437483980302662e+08
-9.444137062338092692e-02,3.858770420070087998e-02,-2.199702553535478973e+10
9.361631873610807425e-03,4.103823080685262831e-02,2.050281759837102652e+09
-1.704993299237333396e-03,6.131965188537803757e-02,-2.499042339751934409e+08
9.450863149426889584e-03,1.352744940598233497e-02,6.279226870821531296e+09
1.724321315847915370e-02,1.853224565096031062e-01,8.362589272267134190e+08
5.494253728882766280e-02,2.953897479215815414e-02,1.671721437578938293e+10
-1.028284936887917562e-02,3.873081538819234115e-02,-2.386203355901750565e+09
1.667408009922314790e-02,6.942663715703532856e-02,2.158571168919369221e+09
1.778108961365809995e-02,1.582899925044661260e-01,1.009614386770770431e+09
-7.955259068363093947e-03,8.730156863097013886e-01,-8.189981079968029261e+07
1.489986933056492314e-03,5.506698246065638153e-02,2.431878085901589692e+08
-1.193620510243311762e-02,2.245852732242988731e-02,-4.776784141163472176e+09
-1.698551112055593157e-02,6.563433030532987711e-02,-2.325938246325709820e+09
8.052656419659172393e-02,1.677331349274576930e-02,4.314901875101201630e+10
2.252243313362183117e-03,3.399649947179788495e-02,5.954313862511907816e+08
-1.840354279129126922e-03,7.394308381899942217e-01,-2.236940820043538511e+07
-2.300530084958910416e-03,9.732668199329783110e-02,-2.124450505348336399e+08
1.391912068291103382e-03,1.746829905680229167e-02,7.161628688316023350e+08
-9.285587641623241351e-02,1.290586439614483175e-02,-6.466554083212419128e+10
1.469685648771375903e-03,1.347802044841428515e-02,9.800516423403129578e+08
2.081277305358782484e-02,3.610160085922949902e-01,5.181483346274558306e+08
-9.060723585560316942e-03,8.425345129519816456e-02,-9.665532822328722477e+08
-7.390178039798049256e-03,7.718415054149999621e-01,-8.605525399527274072e+07
-1.795000770740150589e-02,2.478114243150143503e-01,-6.510194050979169607e+08
4.162013393819243706e-02,1.255717360333564493e-02,2.978943000132441330e+10
-2.776415514343560237e-02,3.441558710041644348e-02,-7.250699362165624619e+09
-1.086961680492680871e-03,1.855859266533513297e-02,-5.264047657276733518e+08
-9.757382106543264003e-03,5.139643243853512372e-02,-1.706282578027613401e+09
-9.016063664053176538e-03,2.529998219179319663e-01,-3.202929448831790090e+08
-2.151583657757520987e-02,7.819908632693689521e-02,-2.472903541207738400e+09
-5.546030847624335708e-02,8.702728333992136855e-01,-5.727663199239426851e+08
-1.344721434640457937e-02,9.397083327095929750e-01,-1.286144805222824216e+08
-4.238774813409057832e-03,5.217011442199862015e-02,-7.302459789025835991e+08
-1.828032323544458160e-02,3.063834476977344012e-01,-5.362523274607117772e+08
-3.328210144122822900e-03,3.769484993774865206e-02,-7.935592157622516155e+08
1.400696399326210222e-03,5.612330850779347763e-02,2.243114101017994285e+08
-1.203479885560417018e-03,8.248214643812561142e-02,-1.311382851661197245e+08
-1.183453730267020748e-02,7.012347291433101981e-01,-1.516835500704726577e+08
-3.243261461841059207e-02,2.115568861406304790e-01,-1.377861019314855576e+09
2.926952760385991177e-03,4.366876573517301102e-02,6.024144968521333933e+08
1.113858034439656110e-03,4.503374959003787481e-01,2.223014787167985365e+07
3.422316947553203335e-03,2.703059036916160424e-02,1.137929392058789015e+09
-8.659289754411632692e-03,4.277331522395872998e-01,-1.819533173920741677e+08
-3.102573991248803054e-03,1.489333705752980859e-02,-1.872322893145503521e+09
1.663830436315504816e-03,1.489444505455478629e-01,1.004003799222871512e+08
-1.406072346547013532e-02,2.373384010645320508e-01,-5.324640278715862036e+08
-4.751537643354609292e-03,1.166677774886615282e-01,-3.660444849652435780e+08
-3.140653973704125770e-03,7.665756003714889466e-02,-3.682270736091479659e+08
-1.264553373149328655e-02,4.883284481530947296e-02,-2.327425334309461594e+09
1.226741966431015192e-02,3.873897854453159373e-02,2.846136177668921947e+09
-2.499399909755923091e-02,3.069762869032441679e-02,-7.317816911863829613e+09
-9.709913461545674473e-02,1.978590279587109577e-02,-4.410726272532714844e+10
-1.204174249903641226e-02,2.234059667772129304e-02,-4.844457900886959076e+09
6.682810103914124666e-02,2.731357466482756471e-02,2.199030215305749893e+10
3.703384942073718183e-03,4.322798956367935458e-02,7.699888508358711004e+08
-8.788342198889458057e-03,1.735096856078987837e-01,-4.552331235215245485e+08
2.050810362840217380e-02,5.742846752962230822e-02,3.209585093117364407e+09
-9.796488450209418775e-02,5.640271379896442117e-01,-1.561065222872755051e+09
-1.739254839531548941e-02,2.028271430953383983e-02,-7.707042703050014496e+09
7.560433961823255500e-02,1.478809413469380496e-01,4.594995984564932823e+09
-1.348755149213818824e-02,4.232643532347111215e-01,-2.863993577631154656e+08
-2.252402419299649045e-02,1.593154098240404659e-01,-1.270687677590369225e+09
1.427502142222614352e-02,2.852177996128661686e-02,4.498324298619447708e+09
-1.749144599199499049e-03,9.408044075341248647e-01,-1.671002072110616043e+07
-7.364614382754625967e-03,4.229271267453704741e-02,-1.565074762091427326e+09
-6.246309455730206413e-03,3.054986504804695358e-01,-1.837658545717945397e+08
2.927185815459706821e-03,9.734785116249463632e-01,2.702554998730201647e+07
-1.058379752961845569e-03,2.662925290210707563e-01,-3.572178557232441008e+07
-9.183672265050149552e-02,1.792633072795707383e-02,-4.604426985408692932e+10
-7.919034674897039439e-03,3.538106212285391239e-01,-2.011648032733825743e+08
4.153951279690744347e-02,1.507457029864158957e-02,2.476663908965703201e+10
1.395542432086124829e-02,1.340870619462327350e-02,9.354202977393339157e+09
-1.191434698074092351e-02,9.258016968416937775e-02,-1.156652470448350430e+09
-4.239825531995926322e-02,7.586267233585713976e-01,-5.023084303553385139e+08
2.232323111957390440e-03,2.911045377245722321e-01,6.892213129162701964e+07
-1.208530691119415190e-02,4.135645885272611760e-02,-2.626424718534431458e+09
1.541829303019880658e-02,6.964138841441619432e-01,1.989846120876156390e+08
-6.669099290036091879e-03,2.902338962948912762e-02,-2.065235917561898708e+09
-3.044300310919026420e-03,1.972551971638823731e-02,-1.387106017576583147e+09
1.927422716827159946e-02,3.945855390598383972e-01,4.390221443301036358e+08
-1.304437595411980962e-02,5.971031269912292078e-02,-1.963471401174520731e+09
6.727236107529478704e-02,3.433210646077087813e-01,1.761111440193634033e+09
-1.029192593678500585e-02,7.273919718582971816e-02,-1.271682711514643192e+09
1.022902358347394522e-03,6.477119878992489144e-02,1.419393666906650364e+08
-1.197712175133543513e-02,4.903694571020931203e-01,-2.195228187448417842e+08
1.328936787523575178e-02,2.753274813028095958e-01,4.338158147567190528e+08
7.425083483050066990e-02,7.720846296225331029e-01,8.643448576206032038e+08
-1.341861482330562565e-02,6.157382949887243995e-02,-1.958673918578513384e+09
-1.247315900029592750e-02,1.678508881742428460e-01,-6.678876811563829184e+08
2.222301578063218697e-03,3.623026861166955825e-02,5.512924681086586714e+08
-1.375968827676025269e-02,1.408288239107712350e-02,-8.781478877994688034e+09
-3.838648870774940495e-03,1.784331021830722896e-01,-1.933541867416601181e+08
-2.722480197014430503e-02,1.295147274667552729e-02,-1.889279411066975021e+10
-1.678803692763555788e-02,1.100192786092301679e-02,-1.371455565355476379e+10
1.446487159537404241e-02,3.650094066835357642e-02,3.561731229861417770e+09
-2.021529182068197705e-02,3.630477574861989271e-02,-5.004571229171312332e+09
1.203624281295766207e-02,3.731991315251447644e-02,2.898684406950759411e+09
-4.215407687910462109e-02,6.170887024518807440e-01,-6.139635747586709261e+08
1.531895666294685876e-02,3.301576033288065176e-02,4.170215543034168720e+09
-2.367668072810585975e-03,4.517247045907545056e-02,-4.710831752349774241e+08
3.259364482317886336e-02,7.308519122895526521e-02,4.008244075989225864e+09
2.665113641071001176e-03,2.764283412990699990e-02,8.665303586942923069e+08
2.045620062548167070e-02,4.789128190800207574e-01,3.839009004495298266e+08
-1.654441275495234249e-03,1.137139238425260018e-01,-1.307640397979741693e+08
-5.467000865227149113e-03,2.948490585166548689e-02,-1.666479653423918009e+09
-6.285778230859014742e-03,3.858062643082536547e-01,-1.464334848542931080e+08
6.164708314117883087e-02,1.081016675176736941e-01,5.125435324441925049e+09
-3.723355033918615987e-03,2.872083075272956545e-02,-1.165166716038219452e+09
1.141112258906957881e-02,5.820469528137376530e-02,1.762061123472408295e+09
1.676098206966078821e-02,3.721900292429098506e-02,4.047485908106700897e+09
1.840000086952701822e-03,4.089880054297689860e-02,4.043504124290658236e+08
3.707493928993057034e-03,1.321757574577929473e-02,2.521037228391532421e+09
6.918903012379605533e-02,4.726509878412253896e-01,1.315670967127613783e+09
-6.035177971216986251e-03,4.068225889696671510e-02,-1.333323828209620237e+09
-5.340658884310379995e-03,2.107244648623475894e-02,-2.277878201408210754e+09
-1.735513072758601387e-03,4.172694595940474871e-01,-3.738194621502160281e+07
-5.428753463751941066e-02,8.107822610115178463e-02,-6.017921239503501892e+09
-4.937956720316392933e-02,4.138565502808361773e-01,-1.072378415709996462e+09
-1.988293386592593359e-03,2.185740211945250838e-02,-8.175843017476216555e+08
-2.956840051620323543e-03,1.455799697425079302e-02,-1.825478935137566566e+09
-1.736753982756604475e-02,5.618533300472506459e-02,-2.778215708689288139e+09
-9.875149493125841282e-02,1.117843216577797671e-01,-7.939870177193844795e+09
8.359307620613712353e-02,2.495360955606670122e-02,3.010839120696360779e+10
5.099081311005432444e-03,3.297400038621847718e-02,1.389859554706334829e+09
2.017172942828414969e-03,6.040416519454611111e-01,3.001420647835965455e+07
-2.878091581510796703e-03,1.149902475280197012e-01,-2.249542583274991214e+08
-2.844178782967581032e-02,1.347972324342883443e-01,-1.896385102814693689e+09
3.714142240439852194e-02,3.657573287426382769e-02,9.126749134428050995e+09
1.266275291229635109e-03,7.413198072162794361e-01,1.535228933905997314e+07
-5.970980353314215422e-03,3.843216028362545500e-01,-1.396373066770879030e+08
-3.022968925219820472e-03,1.342608182281040119e-01,-2.023648183921952844e+08
-2.145824546932087462e-02,1.539284311902589485e-02,-1.252927623299187279e+10
3.133487987550491460e-02,3.647557095505044727e-02,7.721053359065891266e+09
4.725925167537799176e-02,5.292786030922275869e-02,8.025149314346012115e+09
-9.752295352911310652e-03,2.335144370482374748e-02,-3.753563159482513428e+09
5.672646662814805583e-03,2.552472593403711798e-01,1.997446996251800358e+08
-3.381078111170549363e-03,8.953150260479728062e-02,-3.394141541448040605e+08
1.793922185503439310e-03,7.713760363694378841e-02,2.090201120712004900e+08
-1.150778134086742881e-03,4.343336023549059233e-01,-2.381325648386939242e+07
1.127548877531680226e-02,2.650563147597246871e-01,3.823383308820281029e+08
-1.595236471778081104e-03,2.183455497803391335e-02,-6.566460617333579063e+08
3.418432539145201468e-03,7.540697352702859790e-01,4.074423062803674489e+07
-1.059650885217194340e-03,5.829480671750371101e-01,-1.633742312016055547e+07
-1.630830328538675211e-03,5.956570640449825316e-01,-2.460725111430630460e+07
3.904055930094752543e-03,3.226311158876943308e-02,1.087577962424625158e+09
9.209414527135355300e-02,1.030371208628751145e-01,8.033206390220750809e+09
1.080890161827881280e-02,3.183645804077074870e-01,3.051458289054447412e+08
-1.273588409522695029e-03,5.406230433178695061e-02,-2.117313484557991624e+08
-9.926012555993313224e-02,8.445906690720659249e-01,-1.056280249786809206e+09
8.118757476614774440e-03,2.199993637695440984e-02,3.316796006407649040e+09
-4.141936200864801063e-03,3.877983126247421253e-01,-9.599488846661151946e+07
1.895482653069832310e-02,2.880355533544803198e-02,5.914585780492238998e+09
1.665434284341721968e-03,1.661293321460423356e-01,9.010145410023079813e+07
-1.717752557800037577e-02,7.652446324289087498e-02,-2.017487860411286592e+09
4.414395343743169123e-03,2.147072950732553387e-01,1.847885436565223336e+08
1.415553641083767272e-02,2.369643939052050452e-02,5.369005580773819923e+09
1.177712118473166376e-02,4.099869029332893489e-02,2.581783249953379154e+09
2.781981822916515523e-02,3.581784935701404216e-02,6.980803297907172203e+09
-8.172817236513836570e-02,7.953258840231018922e-01,-9.235858883778431416e+08
1.202302809403146648e-02,8.892166007433658370e-01,1.215225623807691932e+08
2.885048442098022553e-02,3.988685528404346814e-02,6.500906660613423347e+09
4.650532793729588582e-02,2.571320094608032236e-01,1.625538222063749552e+09
3.188194293413357510e-03,2.606582126559917056e-02,1.099319636219580889e+09
1.180788788323438622e-02,4.740172234808369411e-02,2.238869175508828640e+09
-2.026364067044659004e-03,2.328664551951897810e-01,-7.820979756369774044e+07
-3.846749175428960249e-02,3.038147713242007539e-02,-1.137982549749221039e+10
-1.027884343960483796e-02,6.060068002232851109e-02,-1.524464698441241264e+09
-1.149653478728550121e-03,2.841559111209727984e-02,-3.636309840955738425e+08
4.400350038126397967e-02,3.383120339336927879e-02,1.169015843740962410e+10
5.067412515751845009e-02,2.099997148040226580e-02,2.168793351034735107e+10
6.643543302301489761e-02,7.646879332944793439e-02,7.808473689320417404e+09
1.599489594525056952e-03,8.914473452646072549e-02,1.612635966016172171e+08
6.084990309185325970e-03,3.025779367834172118e-02,1.807478966179840326e+09
4.135021167629912564e-02,1.422338860617349682e-02,2.612914985262804031e+10
-7.510248948934629409e-02,2.937498586692399022e-02,-2.297879682529511261e+10
-1.392248058928500024e-02,5.000112584196726717e-02,-2.502577042562463760e+09
-9.510800977140274753e-03,3.200814051886379241e-01,-2.670590299087383449e+08
4.855625247744874660e-03,1.062929736824827498e-01,4.105737904415763617e+08
2.891126525729306035e-02,7.716005430194891601e-02,3.367636376615975857e+09
1.154318282591749794e-03,2.567204161366206661e-01,4.041250622573921829e+07
-3.111484051985414969e-03,2.812553600886363164e-02,-9.942998864213553667e+08
-5.997817142495137123e-03,1.100821330691704042e-01,-4.896965035463499427e+08
-7.849964195866190875e-02,5.264198413585409464e-02,-1.340250704794790077e+10
7.158026755658087811e-03,5.914885241426597329e-01,1.087671158748747259e+08
-4.938591577039127406e-03,9.008794827787269810e-02,-4.927050726467477679e+08
1.427680513838483880e-03,1.329810879993711947e-02,9.649210226175651550e+08
1.736682791375757052e-03,3.031568427632954643e-01,5.148772985988348722e+07
4.515042858562847913e-03,1.249343390368574808e-01,3.248109576764897704e+08
8.830078549379505315e-02,1.441298771923351096e-01,5.506316473379202843e+09
6.485967344448692606e-02,3.288439642053222478e-01,1.772701046649278402e+09
-9.036841874927577234e-02,5.893221236152772213e-02,-1.378207332967841911e+10
8.779161810397503873e-02,1.002722272480711420e-02,7.869062784260926819e+10
-9.256281721172217314e-02,4.708550221568240102e-01,-1.766851198958767653e+09
-6.455938918275843860e-03,8.004628647037735634e-02,-7.248845480710781813e+08
6.431917009003535433e-03,1.116859697207777807e-01,5.175978111123906970e+08
1.073055431881487880e-02,4.729842343992395753e-02,2.039041714716935396e+09
1.130310474573690584e-02,8.662402719620478087e-02,1.172762309632453918e+09
-2.945485645385840547e-03,3.390657575703481114e-02,-7.807708606501456499e+08
2.010660533027472038e-02,2.435685328860745236e-01,7.419389847674452066e+08
-1.346653666700388212e-02,2.313441104888397729e-02,-5.231763317380580902e+09
9.595614975289030665e-03,6.788790506854752715e-02,1.270372326925092220e+09
5.622586608187747290e-03,9.730234025177120216e-02,5.193540066859118342e+08
3.581806434437809390e-03,1.774966350039743901e-01,1.813688112720285058e+08
6.942762298645866609e-03,1.505476624982459710e-01,4.144850761075822115e+08
4.065862305236361829e-02,1.042569420381446628e-02,3.505082968424244690e+10
2.928563318190674503e-02,1.567401061364294967e-01,1.679287673464217186e+09
-7.883761907874790517e-03,3.457389646782010190e-02,-2.049442750438963890e+09
-3.135477766767793151e-03,3.258521017972133005e-01,-8.648361152902780473e+07
1.177562473913445215e-03,5.438090085166825266e-02,1.946203180606117249e+08
-2.621004820308751870e-02,2.096346699969202365e-02,-1.123712802562988663e+10
3.147985866443202187e-03,8.280268392876034833e-02,3.416952787467726469e+08
-7.171536630992301868e-03,3.910244515281858790e-01,-1.648386024762710929e+08
-6.687082627812017399e-02,6.606225328291970289e-01,-9.097748462034229040e+08
-1.440292217431497074e-02,3.992424760121170979e-01,-3.242384331200354695e+08
2.455872094784162726e-03,1.453267355709026987e-01,1.518835867457690835e+08
-1.512727175320473932e-02,4.096905315765961286e-02,-3.318602990019052029e+09
1.377165070749034742e-03,2.779843486401364916e-01,4.452626563702520728e+07
4.378478676283712075e-03,2.127690248430897102e-01,1.849547350310173035e+08
-6.560091708449592059e-03,1.009242858074273913e-02,-5.842044278383975983e+09
-3.585621955949189199e-02,1.805927005812316133e-02,-1.784493310989118576e+10
1.067412254785293562e-03,4.882602767007938604e-01,1.964859088268909976e+07
3.808241948704015924e-03,3.646416796135575761e-02,9.386611484668422937e+08
-5.228682948394641067e-02,3.959776587059212760e-01,-1.186785531882057905e+09
2.803889680965158601e-02,2.155097391844255222e-02,1.169350321355175400e+10
2.019002000220987761e-02,3.625747004618246061e-01,5.004836227308663130e+08
4.045620151782584883e-02,1.556712257104875784e-02,2.335755484689231873e+10
8.890389265578902897e-03,2.931521464414377776e-01,2.725701648868558407e+08
-1.341118280362985776e-02,9.478135129285640836e-01,-1.271729672384261489e+08
3.894705373885601774e-03,2.718350731261789249e-02,1.287714950457630873e+09
-3.816681795070130112e-03,1.710797188414611009e-02,-2.005109265677344322e+09
1.970920541872189097e-02,1.299455671856818671e-02,1.363195881147321701e+10
-1.380583753221019047e-02,1.815416587281830918e-01,-6.834977313168780804e+08
5.149907790878953916e-03,4.980619153448460207e-02,9.293231097937208414e+08
3.163089770675733825e-02,6.569725125471278515e-01,4.327279395122236013e+08
5.841103104574608268e-02,7.500308746347205124e-01,6.999489225455904007e+08
-6.569572279277503118e-03,4.297411731746860197e-01,-1.373981067201393545e+08
7.153833078272180471e-03,2.801306088927535964e-01,2.295243972303163409e+08
1.508672624868146080e-02,1.465338207425693484e-01,9.253536764990216494e+08
-5.857181194736309909e-03,6.691519901450315722e-01,-7.867096977400946617e+07
-5.367407476062955804e-03,6.099783593401640891e-01,-7.908620890546047688e+07
9.801015729887618821e-03,1.259934691799151005e-02,6.991553259408423424e+09
-1.611070949534496380e-02,7.693276459908032772e-02,-1.882148759270541430e+09
-1.843357124157302129e-02,4.441304480560828716e-02,-3.730349748744183064e+09
-2.211457892792108911e-03,1.066626963473427392e-01,-1.863445668778726757e+08
2.956830562786410058e-03,1.453323356596295801e-01,1.828583529637587070e+08
8.932013556634442464e-02,6.351869232126058917e-02,1.263858470096039391e+10
1.718738779832066146e-02,1.661515483002488636e-01,9.297284093554011583e+08
-3.902551226007973384e-03,1.362875416324500211e-01,-2.573612000795194805e+08
8.296213978893325972e-03,4.124239674886755191e-02,1.807951048693067312e+09
-9.920079293327058872e-03,2.501714508882585952e-01,-3.563920556733211279e+08
7.031061551434257539e-02,2.587340031728096457e-01,2.442406854723528862e+09
-3.328317550592008178e-02,1.466376533125053269e-02,-2.039998610234558487e+10
3.886989385742038988e-03,6.879865010876016207e-01,5.077898970839713514e+07
-6.475261742706314716e-02,3.176350773729500476e-01,-1.832227890047236204e+09
1.564543513962327395e-02,1.562581216242799054e-02,8.999029292269098282e+09
2.498551887335057411e-02,3.095152260061999686e-02,7.255326699458405495e+09
-9.104064971955989904e-02,2.421234151015237007e-02,-3.379474516016601944e+10
3.436228460763134096e-02,5.587757984283425738e-01,5.527071224324743748e+08
7.554554796098796043e-03,7.416959322528783316e-01,9.154478242150434852e+07
2.924128296719700343e-02,1.707051979941037398e-02,1.539573035582526588e+10
-8.746727276113969163e-02,5.776658169052376057e-02,-1.360879069393413925e+10
-2.520678484358093285e-03,6.266352729309337954e-02,-3.615374040536344647e+08
-9.885705352522708780e-03,1.339264524752196150e-01,-6.634251253892918825e+08
2.321587578951755590e-02,3.361644821976002284e-02,6.207030281856459618e+09
2.770863641529779531e-03,5.764160146259267314e-02,4.320457466300176978e+08
-4.634908446872029741e-02,1.662970454213741692e-02,-2.504997201759519196e+10
-1.717520097599243298e-03,6.853135842259221178e-02,-2.252491213453243077e+08
1.128236455804612626e-02,9.124999208157304198e-02,1.111265704533497572e+09
1.326430674035809949e-02,1.889664251996558408e-01,6.308854733048460484e+08
-1.852552466386432877e-03,4.949025571654646488e-02,-3.364352068840547800e+08
-1.267794586695628577e-02,5.637351577435482930e-02,-2.021270281439430237e+09
6.040645802095411659e-03,1.070726095141940649e-02,5.070556221117514610e+09
5.613795841717732910e-02,6.899349006768090709e-02,7.313059692343842506e+09
1.302700416009595647e-03,4.557856717429040749e-01,2.568824897057907656e+07
-1.831480101476705077e-02,3.317984458918831620e-02,-4.961105645967052460e+09
3.110873237154262311e-02,3.168772502960701676e-01,8.823519955013916492e+08
-2.504169615984643167e-03,3.516079889795223345e-02,-6.401114944750767946e+08
-1.048210284686725523e-03,5.900105951376413138e-01,-1.596758454382805526e+07
-2.306033835528635556e-02,3.284950866445877082e-01,-6.309390614856231213e+08
-2.876239724935455468e-03,4.766474964535200032e-01,-5.423484237297528237e+07
-3.473857153723134816e-03,4.602767981933009178e-01,-6.783338522945517302e+07
-1.404346984946289005e-02,1.355781970471561237e-01,-9.309689366847440004e+08
6.820407115283153368e-03,8.318148333381694681e-02,7.369436083314712048e+08
-1.010344178968817022e-02,1.345415218674893831e-01,-6.749376050046497583e+08
1.418678895892465288e-03,1.780899002517219720e-01,7.159710068043395877e+07
-5.800427236853521878e-02,5.950614220650244507e-02,-8.760901665279590607e+09
-1.546891894324910026e-02,2.323250465036748036e-01,-5.984316428570721149e+08
8.871972341716126420e-02,2.580316271816460866e-02,3.090280179807803345e+10
2.809066841235472595e-02,5.545012901931843929e-01,4.553130841466866732e+08
3.082498526300134472e-03,4.770464175957148667e-01,5.807548657318063080e+07
-5.618331010923743873e-02,3.651590305366010925e-01,-1.382852615840844870e+09
-2.090328857123624484e-02,3.454067168637719454e-01,-5.439192830153073072e+08
1.032768283606623960e-03,1.434416851119451053e-01,6.471100310858329386e+07
-2.367336474487112888e-02,6.324237212553007748e-01,-3.364359966528832912e+08
3.718848617686768693e-02,3.238809971344085853e-02,1.031985631678366661e+10
1.268534112591322748e-03,3.018336721922467228e-02,3.777331334494370222e+08
-1.658581572083961744e-02,8.326557163574508369e-01,-1.790284230257401168e+08
1.144835186672548202e-02,1.014260282115139744e-01,1.014481585565129399e+09
4.797365880575102035e-03,9.074001675888720975e-01,4.751761180513399839e+07
-2.552809575005959581e-03,2.074434555302896721e-02,-1.106036095220829248e+09
1.464056074111543329e-02,3.798994107476851845e-01,3.463695530084977746e+08
-1.021360751597760741e-02,2.011325639848005609e-01,-4.564018471083797812e+08
-1.091582440878312386e-03,1.860238997177824163e-02,-5.273979227039574385e+08
-3.440060565238536872e-02,3.292231273962756971e-02,-9.391314205647720337e+09
-1.184111123741401171e-02,1.984325527890693774e-01,-5.363276160367347002e+08
8.442720326687738752e-02,6.489121546517579997e-01,1.169356980421472549e+09
-3.198003388296174771e-03,5.595348622197938299e-02,-5.136915089757002592e+08
8.371839027179604764e-03,6.333691399999308302e-01,1.187994933074831367e+08
-1.960410385367738345e-02,6.607545511240808800e-02,-2.666597390281723976e+09
1.467188941408593267e-02,1.057804204943248311e-01,1.246612203999746323e+09
6.274000809243514276e-03,1.235292300565459141e-02,4.564838889014207840e+09
2.705505445484648712e-03,4.787678244786345433e-02,5.078951605628572702e+08
-1.589420032471530048e-03,1.973126272663460468e-01,-7.239930903332258761e+07
-2.053977417558165795e-03,2.970143972116542214e-02,-6.215395676359024048e+08
9.714196581691926513e-02,2.116373965431445625e-01,4.125390800223427773e+09
-9.589958513873605983e-03,2.966765149892370071e-02,-2.905254469394557953e+09
-1.649843876919615884e-02,2.796940774441660227e-01,-5.301639549949196577e+08
-1.707624576246487627e-03,4.467509413168821442e-02,-3.435401798335782290e+08
-5.465112865766891606e-03,1.462412127182451636e-02,-3.358767745360769272e+09
1.214687138982002007e-03,1.048238602128460928e-01,1.041489516388667077e+08
1.845007366410320124e-03,8.288556829742273202e-02,2.000643941534334719e+08
5.117765525602969295e-02,1.011232999878985614e-02,4.548621179059561157e+10
-3.109274128347432053e-03,2.890044007683068017e-02,-9.669525778983093500e+08
-2.647150256491120554e-02,1.493242012066900160e-01,-1.593305338835505247e+09
-1.288518409086447008e-03,2.598649711984616362e-01,-4.456495823221548647e+07
-1.347845982196883667e-02,1.213376303512638532e-01,-9.983788622699655294e+08
-5.638340008536683184e-02,8.087360175491814518e-01,-6.266067873185857534e+08
-1.881613028124201831e-03,9.479572541470142610e-01,-1.783989013297923282e+07
-1.698471105637492165e-02,2.941619843754594843e-01,-5.189460789178839922e+08
-9.182725873556276883e-03,4.423535709094502527e-02,-1.865746779448254108e+09
-3.113080811668971284e-02,6.449658919030562543e-02,-4.338147005164357185e+09
1.890368723748405561e-02,1.879893442550970017e-02,9.037824600751811981e+09
6.786881404626870021e-03,7.939564668676034609e-01,7.682882446013236046e+07
1.135028209964504282e-03,1.348772925485033913e-01,7.563423774497297406e+07
-5.690486488005076261e-03,9.227200405229375735e-02,-5.542810891162211895e+08
-1.196147540059600391e-03,3.934194276685474279e-01,-2.732622044518408179e+07
-6.967383379226758933e-02,6.593074069843070095e-01,-9.498004514410167933e+08
-3.531575755917137904e-02,1.873982986628014435e-01,-1.693766353318945408e+09
-5.695075643327908443e-02,5.620472151015128842e-02,-9.107041485446462631e+09
-5.619236300097741471e-03,5.678377667866661010e-02,-8.894133415829414129e+08
3.552258573279299010e-03,4.180615944508084270e-01,7.636861542307141423e+07
5.066445891712069785e-03,5.142761424696595807e-02,8.854369664522807598e+08
-1.571995723204910878e-02,4.416517307247897484e-01,-3.199057467882740498e+08
-1.769511850614870077e-03,1.211903726957560927e-02,-1.312308593539894819e+09
-5.792081337866599594e-02,2.738111326948046154e-01,-1.901227854845763683e+09
2.003874258465162747e-02,9.129087618611279875e-02,1.972848379336647034e+09
-3.979760698340817360e-02,4.848504519190022788e-01,-7.377339544584124088e+08
-4.088573894224217971e-03,1.845447830464770900e-01,-1.991226654763527811e+08
1.126845772285535669e-03,2.903211677452184267e-02,3.488481273100390434e+08
2.477274966357240985e-03,9.851643966130171903e-02,2.260039991522427797e+08
7.192029099721997110e-02,2.426167764674429239e-01,2.664288352025472164e+09
9.046915195209925473e-03,4.436604731534597446e-01,1.832738063296965361e+08
-3.800166001221612876e-03,2.067455640684555049e-02,-1.652026412004198790e+09
-8.869159350188338120e-03,2.320511752628502677e-01,-3.435178459694245458e+08
9.081855719470082258e-03,1.422935682344111594e-02,5.736406857905164719e+09
-7.502910499649907694e-02,1.723743791725365626e-01,-3.912079476650829792e+09
1.132994162440053828e-03,2.729180181368573779e-02,3.731178976482598782e+08
-6.712309278704775561e-02,1.567046605203700482e-01,-3.849822127866764069e+09
2.809303472940123322e-02,3.659303952146645278e-01,6.900026992871067524e+08
-7.327085004491809550e-02,7.202897924083897507e-01,-9.142702497758049965e+08
2.398498023610086752e-03,9.129817384487869114e-02,2.361173456859945059e+08
2.178160124097126837e-03,8.694991074175410783e-02,2.251496524501951635e+08
-2.697341290675592945e-02,5.515161441482812066e-01,-4.395702473112906814e+08
-5.262495652468687432e-03,5.578134552189835393e-02,-8.479170780642666817e+08
-2.325033352059669919e-02,1.742277808485451218e-02,-1.199395459568536186e+10
-4.775815774678352811e-03,1.258622118746531744e-02,-3.410380405267169952e+09
2.408603912966117682e-03,4.199431791110973256e-02,5.154962071462299228e+08
-1.827936457852829925e-03,5.634654887536323653e-02,-2.915710439077681899e+08
2.720166654513067259e-02,1.089312767317694858e-01,2.244365256029106617e+09
-7.200388104675975454e-02,1.632526623375360128e-02,-3.964115060162306213e+10
1.027262078128499687e-03,1.080600099098145139e-01,8.544110797543913126e+07
1.938020480372936024e-03,1.398944798125639766e-01,1.245111954415644854e+08
2.202890417762311606e-02,2.277884009608850679e-01,8.691843662996577024e+08
-1.207101098348055965e-03,1.256954859046553741e-02,-8.631267615126975775e+08
-1.486340474016434668e-03,2.404299185169483932e-02,-5.556232534627482891e+08
-1.688631774855563206e-02,3.774380157415176129e-02,-4.021054274352275848e+09
-5.928143132475453825e-02,1.533515456986653605e-02,-3.474410601306495667e+10
-8.492110725583051911e-02,5.965953608655107099e-02,-1.279341224606395721e+10
7.753286464919131871e-02,6.000510818517264949e-02,1.161310160121542358e+10
-2.003546424902086925e-02,6.618285827874131888e-01,-2.720849431091468334e+08
-4.033657750407182094e-03,3.053055480050971549e-02,-1.187449005775992632e+09
4.539824344380822933e-03,2.883268140866519433e-02,1.415157034570532560e+09
-2.036526660508844802e-02,2.995453603073216717e-02,-6.110519312991801262e+09
-2.678426930798023971e-03,8.654157903437154076e-02,-2.781669997426658869e+08
2.808874208816894771e-02,5.625750792729443395e-02,4.487478891205180168e+09
-1.420581354194059469e-03,1.408891179420746487e-01,-9.062317594290070236e+07
4.815670373422462416e-03,1.158907961354768007e-02,3.734723241695120811e+09
-6.437966621679237778e-02,9.542568438576587431e-02,-6.063649026199616432e+09
-4.449951984134060436e-03,1.302757377735487276e-01,-3.070028462577794194e+08
-5.442732337520395786e-03,7.525936694692376971e-02,-6.499905379624295235e+08
1.866001334599010552e-03,3.541978861738243056e-02,4.734963148844898343e+08
-1.475347324445680508e-03,2.122290637683051789e-02,-6.247985795748066902e+08
9.699464441101898760e-02,2.552536669856197427e-01,3.415280540826097965e+09
-2.420266547744736631e-03,1.769715857445794682e-01,-1.229165251070531160e+08
-3.644581147408491179e-02,5.257047322935416434e-01,-6.230979984590393305e+08
3.563808123543014267e-03,1.606431352641002619e-01,1.993897184598385096e+08
8.118991166816873217e-02,3.204853034722047189e-01,2.276903205016394615e+09
3.535267773838504050e-03,1.376781412970305707e-02,2.307851914708101749e+09
-1.120473790331259767e-02,2.083420885418153096e-02,-4.833651187092025757e+09
-4.696830169399098844e-03,7.287749466628680450e-02,-5.792446629900391102e+08
-4.693427741042083268e-02,1.954795737093757424e-01,-2.157940028583757877e+09
-5.201735310138463388e-03,1.653464092247924205e-02,-2.827509676037354946e+09
1.337138231092275609e-03,9.233944479653845294e-02,1.301486493829889148e+08
-1.299190707811399966e-03,2.026630213440686334e-01,-5.761678367467118055e+07
-1.014552441326511522e-03,7.089667519638263027e-01,-1.286172589506721497e+07
-6.249192208279822497e-02,2.334668096193875386e-01,-2.405743673161400318e+09
3.325385496165957425e-03,1.003023270494218661e-01,2.979762207494422197e+08
-4.555605270492978608e-03,2.562575513344459571e-02,-1.597791230233643293e+09
-1.548271320451065141e-03,1.089364731983157863e-01,-1.277392542992041111e+08
-1.604193821539294171e-02,9.436749203812064279e-02,-1.527865218965752602e+09
-2.911071332585698883e-03,2.672514209699086707e-01,-9.790016928979150951e+07
-1.398553205308114772e-03,1.920379888150126335e-01,-6.545494499653675407e+07
-9.326588702435292463e-03,4.150154545998653577e-02,-2.019803748353383541e+09
1.017256232631820077e-03,4.338703511942110236e-01,2.107273978774471581e+07
-6.309878099398100529e-03,1.760760275638781902e-01,-3.220856351493874192e+08
2.200816785590469990e-02,1.044046325257656366e-01,1.894587811245517015e+09
1.990101356374133091e-03,4.133636553190305624e-02,4.327066055862373114e+08
3.392136527106694860e-02,3.511738830213304713e-02,8.681639180518154144e+09
-1.107517506232504187e-03,2.190041044290778061e-01,-4.545157780275429785e+07
-6.080086039662785380e-02,8.239026331413474846e-01,-6.632609865190453529e+08
7.967735343566563488e-02,7.306150607677219799e-02,9.801598259798095703e+09
1.649125940262126735e-02,4.260517492094047926e-02,3.478901149070544720e+09
1.142085850507623332e-02,1.216240304567527478e-02,8.439757692525406837e+09
4.333343274709076584e-03,2.189489306867908880e-02,1.778815412630981207e+09
-1.173195920026323929e-03,1.259045261716257996e-02,-8.374903650502387285e+08
-4.731014874580823093e-03,2.123046080905036451e-02,-2.002836563250533104e+09
-1.427185031593541887e-03,1.925836706708914381e-01,-6.660570665534432232e+07
3.646088145292375460e-02,5.713299065377308583e-01,5.735758058715571165e+08
2.530642801459507315e-03,8.095878496771914401e-01,2.809425278694099560e+07
-6.025181653809672314e-03,1.619035986494649776e-02,-3.344754613131150246e+09
-2.613055824138285806e-03,2.468728480968411174e-02,-9.513185797665067911e+08
2.576574342468582191e-02,5.027448155928355977e-02,4.606230804216069221e+09
-5.312468649522008451e-02,2.149185726086262904e-01,-2.221636750712090969e+09
-1.485043772788477955e-02,2.719014442779778551e-01,-4.908834145550056100e+08
3.931903635629841604e-02,6.088934412584918743e-01,5.803796653646026850e+08
-3.741787855121470746e-02,1.749030763127121524e-01,-1.922792109116257429e+09
-1.078176179710860737e-02,3.149151618972382827e-01,-3.077136631858148575e+08
1.985833086206913525e-02,5.018333401071289890e-02,3.556590381151808739e+09
1.710033628264546676e-02,1.137382580636338986e-02,1.351290416505363274e+10
-3.162876407000169907e-03,3.930327239310746346e-01,-7.232761238041931391e+07
-5.659694698277185909e-03,8.676926832963260949e-01,-5.862430236534664035e+07
9.375534025903015448e-03,1.554389547147766726e-01,5.421091849082055092e+08
-1.191960383940803350e-03,6.169285164232513052e-01,-1.736511223254215717e+07
3.864726475012728729e-02,2.249914636348580022e-01,1.543843734758787632e+09
-9.620252333877459677e-03,5.787201059476342335e-01,-1.494061624552740455e+08
3.289691455770317290e-03,6.325098595370606813e-02,4.674535749775408506e+08
1.494199912668763355e-03,7.354766584737898460e-02,1.825956515574439466e+08
3.541651069672845011e-03,4.212428905312769895e-02,7.556554267135230303e+08
-2.234365705665635176e-03,2.308007515650574784e-02,-8.700969705956910849e+08
1.643864280077146633e-02,2.226755488791548609e-02,6.635047640709063530e+09
1.748199798831395757e-03,2.894069112268321531e-02,5.429161817674877644e+08
1.025111011601263561e-03,1.154977727658700742e-01,7.977152738083192706e+07
1.378409067277924956e-02,2.269003838831755090e-02,5.460010890620701790e+09
-5.005553036791058306e-03,4.651592195912247485e-01,-9.671660704457959533e+07
1.105550914750198831e-03,2.066643180311516018e-02,4.807993449725215435e+08
1.075622487629499489e-02,1.684993786335488297e-02,5.737361145020442963e+09
-1.607892294506226005e-02,4.191159220799297452e-02,-3.448048868993299961e+09
2.192255152254437081e-02,4.695557735144755690e-02,4.196184091048792839e+09
5.015532477796643546e-02,2.473899200786472130e-01,1.822156459950766802e+09
3.657819545219566371e-02,3.368712107003108969e-01,9.759082673977612257e+08
7.642614635131938193e-03,3.724085134600982894e-01,1.844475875568965375e+08
-1.679236282795999388e-02,5.178311291225961011e-01,-2.914568544356868863e+08
-6.582105697649625123e-03,5.151626966924449658e-01,-1.148341506283545941e+08
2.071614366055774935e-03,7.720247706153541278e-01,2.411727843668135256e+07
3.218425630620574268e-02,9.917164384412014977e-01,2.916799551019296646e+08
-1.630638792210513388e-02,3.682731678776776096e-01,-3.979589813246511817e+08
1.537852147172263061e-02,1.692644689811459088e-02,8.165812405692207336e+09
5.942098630178152541e-02,1.770706747244451054e-02,3.016086775084218979e+10
-3.603747371292832877e-03,1.761425674536072628e-02,-1.838825994930946589e+09
3.674158198139612641e-02,1.078510851731679654e-01,3.061850282570664883e+09
-6.280970884447570173e-03,4.663356168613080194e-02,-1.210539073765558481e+09
-9.560128506604577414e-02,7.949425864928401364e-02,-1.080882747400837326e+10
-1.783048470900050822e-02,6.628702085651434761e-02,-2.417604563280577183e+09
1.666005782731262708e-02,2.904050121938219764e-01,5.156119986453213692e+08
3.906311197349160436e-02,2.974164938226901977e-01,1.180463076312586308e+09
-2.611484914488000804e-03,4.164653547241019549e-01,-5.635847862461219728e+07
-2.916210948023526678e-02,6.683565617045013341e-02,-3.921582340544915199e+09
-5.311069658399868859e-02,4.431714094934980919e-01,-1.077112041466484070e+09
9.349327053947661600e-03,3.151373535029690365e-02,2.666435527091683865e+09
-5.440008277132993286e-03,1.252300915869949613e-02,-3.904284715900735855e+09
1.437378545450547366e-03,6.172854585579173881e-01,2.092838568169112876e+07
-1.234274886802589092e-03,8.714118775450210852e-02,-1.273031165413005352e+08
1.301254254754562016e-03,1.305525317261067159e-02,8.958338787796621323e+08
2.192667393707380639e-03,3.687076862905510066e-01,5.344919707284628600e+07
6.507950249811347149e-03,1.894720555257949426e-02,3.087092736827480793e+09
7.089712340709914025e-03,3.504564263256313983e-01,1.818214867560182810e+08
3.941807066436377877e-02,3.023112215085507204e-01,1.171903129383836508e+09
-3.385701040921641064e-02,2.414081532191627577e-01,-1.260512891634052277e+09
-2.098062121498700788e-03,6.883593347554994857e-01,-2.739389300738877058e+07
-5.616026158614815383e-03,6.551050230229715776e-01,-7.704932013147513568e+07
-2.745152154955114981e-03,1.345363556744448297e-01,-1.833907303207223415e+08
3.963618976665365251e-03,5.387350738293599228e-01,6.612524080040564388e+07
2.281411855250196907e-02,4.690957526995671173e-02,4.371120828095391273e+09
3.447536382420691992e-02,6.717382647247367722e-02,4.612744379462738991e+09
-2.374361222300293631e-02,8.780890753396493054e-01,-2.430294114811466932e+08
1.582161326893977149e-02,1.565588413597557016e-01,9.082884350678448677e+08
-2.692462746503911444e-02,1.932464463421074141e-02,-1.252243554668805504e+10
2.281335913833274463e-03,8.701980049900061298e-02,2.356252196682688892e+08
2.235916635154333761e-03,3.323384350141933563e-02,6.046800704445208311e+08
-1.044634637690465551e-03,2.068194001782315550e-01,-4.539664585271946341e+07
-1.822958443465020825e-02,7.011855669810089786e-01,-2.336654052302144468e+08
-2.627120961528099305e-02,1.191932435384008421e-01,-1.980975251172470808e+09
-6.499006183633020996e-03,5.757350795596008486e-02,-1.014553320705543756e+09
-1.640867938206369211e-02,2.348506140608586437e-02,-6.279608193628110886e+09
1.292736467147817189e-02,7.110950861742726392e-02,1.633928096652872801e+09
3.166346632835369268e-02,1.845830432289157774e-01,1.541761773318591833e+09
7.474379025096923417e-03,3.439554343717683010e-02,1.953095862089584112e+09
-5.051006056989360699e-02,1.513144338889709783e-01,-3.000185793659947872e+09
-5.339189557944834519e-02,8.721681769871725276e-01,-5.502065065039643049e+08
-5.777098721154968336e-02,3.010621373607712259e-02,-1.724663081174870300e+10
5.246664147464750322e-02,5.407312204364230629e-02,8.720721910227592468e+09
-2.504808266720243148e-02,1.214291923392035316e-01,-1.853967001191774845e+09
-1.173941241951150481e-03,5.909270580409747148e-02,-1.785513351676196456e+08
2.453331132743764853e-02,8.841294866721136070e-02,2.493968210380050659e+09
1.023927717893181356e-02,1.602101180895591087e-02,5.744205617772851944e+09
2.273026953198032524e-02,2.170570710025794894e-02,9.411985850350957870e+09
1.059420424475080022e-03,1.887864327603029288e-02,5.043687604826846123e+08
6.175682153284171860e-02,5.367684011259109544e-01,1.034066842537151814e+09
1.442556337748012417e-02,9.206075360032256460e-02,1.408344414847506523e+09
-2.748909191203405267e-02,2.286001808576900440e-01,-1.080772889297720432e+09
7.414122901025672896e-03,1.563645241075642400e-01,4.261594976119342446e+08
1.267617121904665058e-02,1.585672063099302295e-02,7.184976305500790596e+09
1.633177168439670437e-02,5.116652374844059548e-01,2.868785031733959913e+08
-9.889929274451238206e-03,8.068416872295040010e-01,-1.101680025407554507e+08
1.585534171760221269e-03,6.183498272447257582e-02,2.304581021055244505e+08
3.205474203234800340e-03,5.010086779424932635e-02,5.750394713441820145e+08
2.630208053981915664e-02,1.973029275086205792e-01,1.198138965600437164e+09
-5.941498651726460044e-03,8.320286790146375067e-02,-6.418127274244141579e+08
5.828883594773563021e-02,1.444933595202281713e-02,3.625668655278626251e+10
-3.243430521240178027e-02,2.401540784320724958e-02,-1.213850638337669563e+10
1.006632140291776169e-03,3.897726577461183700e-02,2.321186524231869578e+08
1.958025075923659764e-02,9.414692622508200048e-02,1.869229912769661427e+09
3.392124024148438638e-02,6.279119703757329862e-02,4.855383952708373070e+09
5.433244180281351920e-02,1.826394096935521072e-01,2.673716443619845867e+09
-3.650476956154766889e-02,4.204223941564113470e-02,-7.803948389467568398e+09
8.405043689765244463e-02,2.842736288257327604e-02,2.657382191084549332e+10
-1.050783002411618920e-02,2.661651433477932663e-02,-3.548235830245832443e+09
-5.037866848371311788e-03,1.109527258338031119e-01,-4.080931705802758336e+08
-3.125964348430873736e-03,2.624802869487374846e-02,-1.070379903977984786e+09
-3.086872186000944387e-02,7.974315171128885105e-01,-3.479171759753579497e+08
-4.863344780712722248e-03,1.551456085827294662e-01,-2.817384950530015230e+08
8.059650161779925714e-02,3.452175678007386034e-02,2.098330634093907928e+10
4.565796072381734724e-03,2.475499489437127040e-02,1.657693701737581491e+09
-3.111699489910032396e-02,4.175371289009388587e-01,-6.698123741317846775e+08
6.941176723205163580e-03,1.204318193399026710e-02,5.180151636558135033e+09
2.587284786184466598e-02,1.137525267299697856e-01,2.044249032564551592e+09
-2.864556813075822255e-03,6.856387550561086897e-02,-3.755023858416952491e+08
-1.553624338875304964e-03,1.959504206206141019e-01,-7.126075748638626933e+07
1.717948360468195615e-02,9.175246779394251595e-01,1.682840555343805254e+08
3.820236695902583246e-02,1.544774362923486133e-01,2.222674346429724693e+09
1.879449218345815870e-03,6.241685446249726349e-02,2.706321176425178051e+08
-3.639205511660010325e-03,1.571037092266177326e-01,-2.081952232618936598e+08
-2.756903353563264821e-03,1.470328232776503818e-01,-1.685224884885891080e+08
6.499431264818484807e-03,1.475240775281149719e-01,3.959707132584090829e+08
3.418861452948321680e-03,1.134525404215453448e-01,2.708431742126973271e+08
-2.397741078665268852e-02,1.547765700334578498e-01,-1.392347643016574621e+09
7.015770073368682302e-02,1.079597170167648085e-01,5.840690969372549057e+09
2.958319482654568969e-02,1.277668052466345711e-02,2.081026719581546021e+10
1.098502611009368000e-03,2.004286570432162462e-01,4.925971505701871216e+07
-6.683209939982478857e-03,5.424583641130857892e-01,-1.107310230118289888e+08
7.471890203239675218e-03,3.288133321091115530e-02,2.042357110062713623e+09
7.450519311006834934e-03,2.458397047532501906e-02,2.723862228186375141e+09
3.443146640040216366e-03,5.951394389346566921e-02,5.199809179559972286e+08
-1.483522732923275508e-02,8.323854967333152444e-02,-1.601844370996610403e+09
2.241885549671590681e-03,3.599840624678704026e-01,5.597328325526716560e+07
1.645561896786611536e-02,2.990196705513935016e-01,4.946124937805196643e+08
9.711094408460435590e-03,6.006642434001461389e-02,1.453071600203207731e+09
-1.402349688877915258e-02,4.790313107500894785e-01,-2.631134443360654116e+08
-1.596100536524239786e-03,3.157400156866454338e-02,-4.543402741086715460e+08
4.216034243109759161e-02,4.330321987899281300e-02,8.750534023265907288e+09
1.458958362314627215e-02,4.124583680688670984e-01,3.179167402913150191e+08
-2.121268680314301793e-03,6.751490371361197340e-01,-2.823882652830066904e+07
4.364391207622626834e-02,8.937666145178390087e-01,4.388844183209262490e+08
3.129366221773397568e-03,1.023284508836124623e-02,2.748594096028075695e+09
-4.611317209188580714e-03,7.161035117960687368e-02,-5.787617389572634697e+08
2.610325659395710055e-02,1.000569922352366609e-01,2.344757141086463451e+09
6.622185755141767743e-03,1.755617872177550609e-02,3.390173960231218815e+09
1.536326873515943617e-02,2.928449400250144330e-01,4.715160944403387308e+08
-4.437853341085647163e-02,2.262302906863512819e-01,-1.763083214287256956e+09
-4.255999328684881289e-02,9.210668404559382849e-02,-4.152991303381999493e+09
-2.007694921462256643e-02,1.048791935515836354e-01,-1.720517124236342669e+09
-8.344093772019743616e-02,1.852889467241073881e-02,-4.047438718133622742e+10
-2.240678413533740698e-02,5.324344155238273230e-02,-3.782370162414881706e+09
-1.914187516224810865e-03,1.199610105682543670e-01,-1.434151337367426157e+08
-2.243158340340657003e-03,1.559986694783659436e-02,-1.292378292585558176e+09
-3.842408060311932379e-03,7.743183767635843096e-02,-4.459996691810103059e+08
-6.133003266786024414e-03,4.619462510036519837e-02,-1.193252539953557491e+09
-1.094531542221573346e-02,2.448574403195727667e-01,-4.017589818345893025e+08
4.109557950067602855e-02,9.227410878407096284e-01,4.002818220182101727e+08
-2.713470201674719837e-03,6.691603324834145550e-01,-3.644563208834975958e+07
3.482580841283224385e-03,2.483914145126405459e-01,1.260129690164193362e+08
3.889347376387352739e-03,5.571852911945004427e-01,6.273757226414697617e+07
-2.924068950849131182e-02,2.548754645213073544e-02,-1.031122342454950905e+10
-5.387222783147445869e-03,1.318240000553063014e-02,-3.673001184206008434e+09
-3.633106767239348105e-03,6.567500774823450405e-01,-4.971971681957977265e+07
1.834471841254109404e-03,8.983367214066206863e-02,1.835365295222187638e+08
-2.498515618349025219e-02,1.785415969096906252e-01,-1.257746947697042465e+09
7.643396839766189964e-03,4.202335622897414996e-02,1.634730976099112034e+09
-6.515539174768313069e-02,3.967218962401167781e-01,-1.476096693992316008e+09
1.902594186980512136e-02,1.306098041002413390e-01,1.309245246510774136e+09
1.049977656383405816e-02,5.544417221232899456e-02,1.702059633080440998e+09
-6.699221270768909893e-03,3.231279011907604581e-01,-1.863375929310952425e+08
1.295197510557032951e-02,1.632578556491083230e-02,7.130377637833268166e+09
3.893765920057511935e-03,1.076184646561287178e-01,3.251873673826860189e+08
-3.908671464164985981e-02,1.649524978284889198e-01,-2.129712059962626934e+09
8.317761156238268755e-03,2.826726114022447278e-02,2.644681229006361961e+09
-3.076476367287589789e-02,1.063378247623366843e-02,-2.600257929625426483e+10
4.507728658298426963e-03,4.668348027479196638e-02,8.678509811746249199e+08
1.569981910792050744e-03,6.414960364380849489e-01,2.199638383558657020e+07
-4.033436645609188992e-02,8.578428806059307243e-01,-4.225889207715122700e+08
-1.624395764406024638e-03,4.860884297508530349e-01,-3.003496864824258164e+07
2.609627041132451825e-03,4.251363640359929336e-02,5.516972362054176331e+08
-1.968204094051050415e-02,1.616168196208253582e-01,-1.094546440415496588e+09
-1.452524886822717217e-03,1.046196227575362236e-01,-1.247846171055913568e+08
5.477082944896177752e-02,9.385585212161461077e-02,5.244916508396195412e+09
7.813800676926213606e-02,6.568666538571223124e-02,1.069142839472963524e+10
-2.815120357528000643e-03,1.106406934612251536e-01,-2.286823763832075000e+08
2.304956966723660256e-03,4.100751096374256194e-02,5.051845152434521317e+08
-3.340438472897532159e-03,1.804649568356843717e-02,-1.663647123008265018e+09
7.759033763740957011e-03,1.104674370745397510e-01,6.312828366707048416e+08
-1.770029230346781366e-03,3.778311033547101516e-01,-4.210496883082791418e+07
-1.589813543467082568e-03,1.013816477913510733e-01,-1.409410377952696085e+08
5.256105039133991685e-02,2.083973764211962190e-02,2.266848034750184250e+10
-6.015309100985792579e-03,2.731109139978784017e-01,-1.979563837019224763e+08
8.923141387722609286e-02,8.303840000901993590e-02,9.658049350889717102e+09
5.111927501976215593e-02,2.088452202706194138e-01,2.199939634237072468e+09
-3.076767311441914315e-02,7.718856258340621446e-02,-3.582550472679253101e+09
-1.045990017646600875e-03,1.677952656819959587e-01,-5.602714017647706717e+07
-1.001304888936518402e-02,5.052521085894474684e-01,-1.781184143651446402e+08
-2.093987906206826871e-03,9.821120171820015843e-01,-1.916301159133611247e+07
-5.093095678076417672e-03,2.374374431305921462e-01,-1.927894419811664224e+08
-1.095663535446586350e-03,9.629159851956514693e-01,-1.022679216742736474e+07
-1.760237253148150272e-02,7.534954801807532132e-02,-2.099622290667530537e+09
9.224396242665761775e-03,2.666881421956309728e-01,3.108743301912893653e+08
7.896319018793016356e-03,2.534157608240928880e-02,2.800539371280973911e+09
1.065867272717840137e-03,2.822619993011085682e-01,3.393917900386412442e+07
-1.466487031836524561e-03,6.900677645935764382e-01,-1.910016437089952454e+07
6.401888678190789661e-02,9.537700053929008825e-02,6.032746493484972954e+09
-5.981024103345335824e-02,1.200100709804713534e-01,-4.479282756612545967e+09
-3.949218279988010727e-02,5.381524979362261041e-01,-6.595631696971769333e+08
4.697736977949101139e-02,9.150058019965186251e-02,4.614402434071156502e+09
-5.981628444828162271e-03,1.047056514650150996e-02,-5.134520923144497871e+09
-1.077476158909250080e-03,8.024374066458053734e-02,-1.206832846916836351e+08
-4.427124263334540101e-03,6.261364480333582450e-02,-6.354821340427591801e+08
-3.569004845190187122e-03,3.194202234073201252e-01,-1.004234984445455819e+08
-1.993346795367881372e-03,8.495790092331635679e-02,-2.108772390990045667e+08
1.332713118702625460e-02,2.895363366671426242e-01,4.136987568644098639e+08
2.070424354791612718e-03,1.115516738668930891e-01,1.668145370943435431e+08
-1.098721200971103460e-03,4.283626685101087767e-02,-2.305294996838019490e+08
-3.588058481464316551e-02,1.616851051927354621e-01,-1.994527909382795095e+09
4.431474673082903999e-03,1.787847369997639102e-01,2.227760246792754531e+08
-1.556159800979211964e-02,2.301743497564184837e-02,-6.076421416353820801e+09
1.763683451040127734e-02,9.006088251242656550e-01,1.760090747267958820e+08
-1.022338601846866854e-03,1.403650702121266892e-02,-6.546155695235632658e+08
-6.489756827781840640e-03,4.995878872587848629e-02,-1.167527563034465551e+09
-1.964125936688324373e-02,7.747132646649498855e-02,-2.278656999936828613e+09
-5.751206610429691196e-03,1.169776099753508380e-02,-4.418825425916065216e+09
2.679381537372790487e-02,8.179659748687240217e-01,2.944082259029468298e+08
-2.480939221233184264e-02,7.286058408483489512e-02,-3.060371119010561943e+09
-1.766633586148868423e-02,2.436909471341344169e-01,-6.515649367091904879e+08
8.449973778454382412e-02,5.288045725060720736e-02,1.436186294089392471e+10
-1.092355590508783773e-02,3.373411708980523366e-02,-2.910350572405082703e+09
8.702498482005553704e-02,1.043830254803813223e-01,7.493154616211995125e+09
1.621197102667825633e-03,6.345239774917275088e-01,2.296351677298298106e+07
-2.552424622707179236e-02,2.696910915434669667e-02,-8.506226501580227852e+09
1.895800533129734025e-02,2.181931931351053025e-02,7.809119368366483688e+09
-3.131730522936128358e-02,5.055145222066249194e-02,-5.568027443103037834e+09
-1.961965552698344099e-03,5.547956366579077231e-02,-3.178402982057154775e+08
1.353237952025420666e-02,3.074951947864377338e-02,3.955363978472022057e+09
-1.271631909359202152e-03,2.358895093755493041e-02,-4.845107401131570339e+08
-1.085165426787240445e-03,1.138442825999155632e-02,-8.567129710719887018e+08
1.687407755010236548e-03,4.050160984588012103e-01,3.744539130075747520e+07
1.474535363475001047e-02,7.266181743898701695e-02,1.823893831687704325e+09
1.506548536595827149e-03,9.618917536478031050e-01,1.407691683175527677e+07
-3.038848149927904970e-03,3.893376915681905776e-02,-7.015088718921370506e+08
-2.591700417425723494e-03,1.214113869718079844e-02,-1.918562699037263155e+09
-2.007452495862569169e-03,2.389005066747518224e-01,-7.552292893992507458e+07
2.625761035337313264e-03,1.288151432914019512e-01,1.832056642279282510e+08
-2.004749223664714641e-02,4.300957324709163698e-01,-4.189339329534896016e+08
-8.911902939009776203e-02,3.392436265155331088e-02,-2.361072750898169708e+10
8.515422300380141862e-02,1.250906666632506103e-01,6.118315972569861412e+09
-2.209187683021883019e-03,1.619811860606830065e-02,-1.225797290108626366e+09
5.836296052451887817e-03,1.135626133901019852e-01,4.619048835297135115e+08
-7.993389127216189022e-03,1.328739297107197313e-02,-5.406818541337878227e+09
7.393930384264181185e-03,3.806404728506616597e-01,1.745866418263256848e+08
1.544024688527018130e-02,3.376414711203787333e-02,4.110068639473547459e+09
-6.732888365501342454e-02,1.292832248186082666e-01,-4.680689747471675873e+09
6.845643573479950894e-02,3.646939423745053366e-02,1.687082622214901543e+10
-4.454664761054794378e-03,2.707920000748297029e-02,-1.478528889659924507e+09
-1.567645981065094937e-03,7.130968711766774160e-01,-1.975832300106892362e+07
1.651547818626625252e-02,2.732685986676476886e-01,5.431903442330907583e+08
5.080544646569986993e-03,1.981527444843178901e-02,2.304415558154670238e+09
8.618708961199975094e-02,3.257540194670687228e-01,2.377951818306796551e+09
-3.018338441165561992e-02,9.591603738926297862e-02,-2.828312056906521797e+09
-1.952236971311579680e-02,1.630327139792592250e-02,-1.076238176241050148e+10
7.020253841742536693e-02,4.589898348051476007e-01,1.374676051500467539e+09
-1.847625484607518659e-02,7.086224021421222430e-01,-2.343417584219278693e+08
4.315108298934076936e-03,3.015875680082474308e-01,1.285964213942146450e+08
-9.012428127693778573e-03,3.811428062552096874e-02,-2.125223969158538818e+09
-7.098207036833897865e-02,1.563619609181908857e-02,-4.080075246175593567e+10
-1.365289931492289551e-03,4.862871549352498074e-02,-2.523380297607320249e+08
3.688054787821431861e-03,2.024364291368360713e-01,1.637417073175230920e+08
-1.652429770494928327e-02,4.476099304378321903e-02,-3.317981162648739338e+09
-9.817917675386580653e-03,3.238145087763705243e-02,-2.725045140107871056e+09
7.048542187233136636e-03,5.192954271877745498e-01,1.219931438357117474e+08
2.238720426030333874e-02,6.816682062618979743e-02,2.951735521033433437e+09
-1.097154924162342931e-03,1.810797003784713963e-02,-5.445638496381124258e+08
-2.885447981247852688e-03,9.219851839715814679e-02,-2.812806943594889045e+08
2.702261574375143874e-02,1.501648287842297438e-02,1.617371472880270767e+10
-9.658122858381489040e-03,4.498236047777768865e-01,-1.929750234616142213e+08
-2.156508482194171433e-03,2.040467283767131434e-01,-9.498874575197601318e+07
3.879943007162330471e-03,4.403764202517042314e-02,7.918663856370168924e+08
-2.166711861374265302e-03,1.176264292547842157e-02,-1.655567398478507280e+09
1.252521524579592628e-02,9.687578719729179610e-01,1.162038646254470050e+08
-2.237318241993442505e-03,7.007353979871859817e-01,-2.869619569470838830e+07
-1.273504548273206088e-03,4.841697387315743173e-01,-2.364032684791930020e+07
1.450068519073230769e-02,7.571903258640800827e-01,1.721210892650082707e+08
1.342210555001587327e-02,1.525297311206212647e-01,7.908912365657850504e+08
-2.770884861560222318e-02,2.376719635596380997e-01,-1.047830761694988608e+09
-2.518149898223027983e-03,6.382680090619707869e-01,-3.545921522643223405e+07
1.183709659074768869e-02,9.661648465337134561e-02,1.101145169511363745e+09
-8.285431114588151513e-02,7.335016468998678540e-02,-1.015230451906233597e+10
4.476257558627895657e-03,2.243964039804083876e-01,1.792874097329919636e+08
6.516459594444826142e-02,3.407335722538940015e-02,1.718887283545565796e+10
-1.841617231229846288e-02,1.581139829441871592e-02,-1.046838555037700462e+10
-1.641598250003531087e-03,2.328512958902899388e-01,-6.336345349194679409e+07
1.912001747073037309e-03,3.745719283492501134e-02,4.587791540975565314e+08
9.175729806783392353e-03,6.115390200252097258e-02,1.348550026792090416e+09
-8.453699851004492852e-03,4.291316098858768968e-02,-1.770544866855502844e+09
1.939267890317153062e-02,8.775819960937745190e-01,1.986098210083254874e+08
8.262968018845701784e-03,4.044764931016874288e-01,1.836087624208317995e+08
8.018897918684426973e-02,5.126389359437609761e-01,1.405897681122724056e+09
-2.156241276942953353e-02,3.032207380063880325e-02,-6.391298088230960846e+09
1.220929167748518356e-03,4.391335389974360681e-01,2.498874697615629435e+07
4.500418838172996240e-03,9.366781785436065211e-02,4.318303373252546191e+08
-1.492508859362147965e-02,1.031811407956776186e-02,-1.300071419148770142e+10
1.414172390738129784e-03,2.039358465811979063e-02,6.232458601047226191e+08
-1.777735079455309772e-02,2.019780070070031075e-01,-7.910675649238805771e+08
-3.292821833500201179e-03,6.245774316077002536e-02,-4.738409208527517915e+08
-3.891629644800280452e-02,2.847850686239522533e-01,-1.228188158898535252e+09
2.200401249690148164e-03,6.558703076499829976e-01,3.015327796024669707e+07
5.959633087371012106e-02,1.422166498819017223e-02,3.766341511959607697e+10
1.760658099038035773e-02,2.405242947481364968e-01,6.579103176285029650e+08
8.288443583926974334e-02,1.400876801960174688e-02,5.317697890342352295e+10
-3.455685448143600014e-02,3.305836826105622989e-02,-9.395143314198841095e+09
2.363229360183799824e-02,1.932616881694131927e-01,1.099032975051144838e+09
-2.412768184957230985e-03,2.229700242377926842e-02,-9.725674598232526779e+08
7.855823077262030774e-02,3.248672737726280429e-02,2.173383413998536301e+10
-1.834237750167795264e-02,3.649256519119513098e-01,-4.517538403280226588e+08
3.640285602016070376e-02,1.948360063722563013e-02,1.679255800856745529e+10
-1.969497399628142645e-02,1.194676444116613417e-01,-1.481684471751202822e+09
4.116658317847465831e-02,1.436042836671056200e-01,2.576487533741311073e+09
4.938988193938576195e-03,1.423827535324319604e-01,3.117677716583369970e+08
-8.200241068859247251e-02,4.978066110644083220e-01,-1.480527839892112017e+09
6.303238010103956457e-02,8.644387782323699199e-01,6.553602312473207712e+08
-1.527072591037782062e-02,5.211690634827913504e-01,-2.633489992794264853e+08
-1.842102107404329980e-03,4.832844394996115844e-01,-3.425796059763006866e+07
5.393806497944302059e-02,3.856287885002104149e-02,1.257119411452969360e+10
-1.635555745616067147e-02,7.957881793066063913e-01,-1.847219419290380776e+08
-9.259543753368555327e-03,1.038046162558495522e-01,-8.017215163479741812e+08
9.616529583880187304e-02,3.325490090122604214e-02,2.599042207460693741e+10
2.536361897440049529e-02,5.412447948297242073e-01,4.211803546469196677e+08
-4.021474530711044264e-03,4.973356748191995469e-01,-7.267521541884185374e+07
5.759933987345875264e-03,1.203095888845033545e-02,4.302965675310970306e+09
-1.795468527587076174e-03,3.219522915869661994e-01,-5.012298127130298316e+07
1.735283322932491303e-03,3.764277800351561315e-02,4.143232883077058196e+08
-4.449416000180099473e-02,3.190440306969017925e-01,-1.253438433614636898e+09
3.738424358146737181e-02,1.001185161811160053e-02,3.356022096266524887e+10
1.303839083401685944e-02,4.206965723993343897e-01,2.785515887463297248e+08
1.180651120044911738e-03,2.399751974264791865e-01,4.421868713885304332e+07
-6.688430233282545434e-02,1.796344231507954886e-02,-3.346457054098918533e+10
2.003625493302632881e-03,1.564451980835405431e-01,1.151078466874705851e+08
-1.863782191173345842e-03,2.385438177243186242e-01,-7.022271402621066570e+07
1.286533237033457176e-03,3.240555529600380041e-02,3.568224419161208272e+08
-1.959934790307007752e-03,6.783062297036883403e-02,-2.596967021551158428e+08
-1.116829359594977231e-03,8.772292199162824433e-01,-1.144259037812366337e+07
3.744695892307521590e-02,1.613213843008990955e-01,2.086292671892531395e+09
3.603412796922948486e-03,2.580112653111649168e-02,1.255237676441592932e+09
-1.715458958139157207e-03,3.314140979147573440e-01,-4.652217083010159433e+07
5.887995602669199302e-03,9.639359249512048367e-01,5.489969466121600568e+07
2.230151525025564699e-02,2.529831337114902060e-02,7.923068708396679878e+09
1.579873100004905483e-03,2.813923061768002984e-02,5.046155206044785976e+08
-4.879076232334388780e-02,6.725422910850832603e-02,-6.520315687624728203e+09
6.533766884636059598e-03,7.233002099503622884e-02,8.118871403755793571e+08
1.061957720135320608e-03,2.917243720079397071e-02,3.271787819068358541e+08
2.485198458491436058e-02,2.852468376147990758e-01,7.830524551641000509e+08
9.899495050914886018e-02,3.347166580759058929e-01,2.658191925529586792e+09
-2.814796902451584260e-02,2.374635867478231688e-01,-1.065370481468725562e+09
6.460388183500333920e-03,2.944389145663980911e-01,1.972032301784268320e+08
-5.473114466080875561e-03,3.327194981273135649e-02,-1.478450870226415873e+09
9.023542190028283755e-03,1.064024553616232764e-02,7.622124208192432404e+09
1.021713590743844081e-02,5.478178189722601177e-01,1.676268693892698884e+08
-2.048582894790252924e-03,4.186690298112397679e-01,-4.397778223420147598e+07
-7.099449587333070411e-02,1.353567109185584982e-01,-4.714064334853957176e+09
-2.584696884550898369e-02,4.256876233317362090e-01,-5.457191754083617926e+08
4.084819029260245218e-03,1.627808477400306472e-02,2.255382119610113144e+09
-3.340924248071108077e-02,4.718217593426859285e-02,-6.364133499973574638e+09
-1.168750254873560926e-03,8.084933903498104923e-01,-1.299259386720738001e+07
-4.198083768856510599e-03,1.040603682499680223e-02,-3.625904490069183826e+09
1.642352529507506336e-03,3.051582334037771238e-01,4.837176229179601371e+07
-7.336539567457145070e-03,3.801304340670791371e-02,-1.734639537090536833e+09
6.513420314850736428e-03,3.369837097171635709e-01,1.737203980256879330e+08
-1.054437857403890373e-03,1.064345389710859985e-02,-8.904079418979622126e+08
5.155933497598236964e-02,7.087264218924776982e-02,6.538517666671535492e+09
-1.341098104947146879e-03,2.406117190627602986e-01,-5.009500118402408808e+07
-9.843121244381383000e-03,3.482798089655973761e-02,-2.540125389213379383e+09
1.025568249884440970e-03,8.729322544609106060e-01,1.055928823277597316e+07
-2.505372302647066243e-02,8.107562023348063862e-01,-2.777362775963385105e+08
9.634276949545951541e-02,2.437154885844340646e-02,3.552929701009420776e+10
1.563476881229774323e-02,5.588812452409541720e-01,2.514331557177933156e+08
-3.056597678263167639e-02,6.625426504251530346e-02,-4.146436859748338699e+09
-1.680151807280559628e-03,7.813502482032648189e-01,-1.932650784367536008e+07
-2.595055340462192398e-02,1.249192883871831916e-01,-1.867100694658859253e+09
-2.713759793263215495e-02,7.081768788168267548e-02,-3.444135891751793385e+09
-1.084728091326523898e-03,1.740737325931228929e-01,-5.600647814498877525e+07
-4.265501183480516906e-03,5.030312391808531430e-02,-7.621241588988782167e+08
4.543772114362037810e-03,1.262902508825787182e-02,3.233682186503014565e+09
-7.426942486633888313e-03,8.664543606036786971e-02,-7.703977174875069857e+08
1.032454477805298636e-02,6.088752210277302845e-01,1.524028997238340378e+08
-5.623306308807253517e-02,4.749016121710603749e-02,-1.064237885452133179e+10
-9.808873891073948206e-03,1.473268749008329881e-01,-5.983947748774347305e+08
-6.003317395337554041e-02,5.926871710241562452e-01,-9.103667695312595367e+08
-3.021482123948680126e-02,3.722336873482208208e-01,-7.295498509148067236e+08
2.571310896549940106e-02,1.903296250373886708e-02,1.214224010667998123e+10
1.922707372143070328e-03,1.816654486240090183e-01,9.512430005448618531e+07
-1.021547306244767429e-03,2.560314222238520565e-01,-3.586045805237610638e+07
1.577411334217607500e-02,2.768715909302129075e-01,5.120556696726856828e+08
5.050018735296093846e-03,9.930148245718406486e-02,4.570754290544092059e+08
7.608365627281180044e-02,2.587920163565907705e-01,2.642354721554546833e+09
-6.541594668198350004e-02,1.553036980546422530e-01,-3.785754540809295654e+09
8.763667922037692015e-02,7.367220979420956162e-02,1.069135706874438667e+10
-3.423559697788090134e-02,6.724357690518826258e-01,-4.575912555660320520e+08
-3.117558810318166607e-03,2.041082293692951175e-02,-1.372792057870635986e+09
1.849398802349474027e-02,1.397979135535956825e-02,1.188996293157726288e+10
-3.040035924216249064e-03,9.192655343795440581e-01,-2.972270673405453563e+07
-4.514351721974439735e-02,1.014210741149370806e-02,-4.000532523015276337e+10
3.361329627761863725e-02,2.923237770346223674e-01,1.033469300717345476e+09
-2.125265329749110709e-03,5.300346107181153760e-02,-3.603790584598188996e+08
-4.844729681475895555e-03,2.158704959168542825e-01,-2.017097444180299342e+08
-3.612550213062834265e-03,2.521117601065323358e-02,-1.287868159961608171e+09
2.787271775557244747e-03,1.416267724099574618e-02,1.768823817496057034e+09
2.848000941356690352e-03,6.396417544589967641e-02,4.001786741660058498e+08
1.082950079240646004e-03,5.054492569968769278e-01,1.925668353583908081e+07
3.963298575605893326e-03,8.144847904771167213e-02,4.373452668345699906e+08
-6.576187321465303860e-03,5.208447806944641739e-02,-1.134792553560515642e+09
-1.648370497051924316e-02,1.052226753574392153e-02,-1.407978785899011803e+10
-3.305447982455970990e-02,1.071604077809806127e-01,-2.772340617553611279e+09
-2.402811484346709103e-02,2.258272604012168810e-02,-9.562995499294473648e+09
-1.775484153196759535e-02,2.370817000031435681e-02,-6.730841845427336693e+09
-1.811396467728414216e-03,4.200304678302734240e-01,-3.875996184068061411e+07
7.889182603859987847e-03,5.149275632100070998e-01,1.377008075616116524e+08
-5.743013426958861432e-03,1.081611050538097522e-02,-4.772207668711888313e+09
1.406161271858071514e-02,8.211148999083875410e-02,1.539153087971529007e+09
2.796849792762787397e-03,3.802992389745907809e-01,6.609891106506310403e+07
-4.662180342105160316e-03,4.921803834056473481e-01,-8.513642056261639297e+07
1.710711429452859908e-02,3.575344775413759335e-02,4.300405885154284477e+09
2.674867065326176629e-02,9.540326964083532812e-02,2.519936300874832630e+09
3.710480827965352557e-02,1.603102154447689359e-02,2.080269551776343918e+10
-2.433327951815454637e-02,6.614963630569909991e-01,-3.306159507363836765e+08
-5.045395257217331030e-03,1.515679082852398538e-02,-2.991841319362766743e+09
-1.974500688047163208e-03,1.672211695571281243e-01,-1.061247429066432565e+08
-3.702929428063631186e-03,2.377264231444916054e-01,-1.399969575332168639e+08
-1.522945314682266037e-02,7.114422599679015580e-01,-1.923956588707941175e+08
-4.053037670965863731e-02,5.895006488414974294e-02,-6.179409428928269386e+09
-7.962040581135314266e-02,1.750736970174171792e-01,-4.087465521273308277e+09
3.589751023259292895e-03,5.426571670418485205e-01,5.945513958552595228e+07
1.688252545270710423e-03,1.415840342356314563e-01,1.071701278261257559e+08
1.196275223358068789e-02,1.550877682903445409e-01,6.932728293800933361e+08
4.726415327565187258e-02,5.696879209238350783e-02,7.456679711626708031e+09
-5.047092000352042598e-03,6.880475228854628922e-01,-6.592853175280766189e+07
3.887650316020741566e-03,8.381996073828729132e-01,4.168601299928487837e+07
-1.475833529567405948e-03,1.339782271457549620e-02,-9.900423320774767399e+08
1.021132508704542842e-02,7.179715922152592189e-02,1.278278428116635084e+09
4.096911255670456983e-03,5.959828780254217140e-01,6.178362586398047209e+07
5.803364118517140291e-02,3.819819430427030121e-02,1.365487110610973167e+10
9.999167327525894378e-02,7.897145302214707285e-02,1.138005406953145790e+10
-8.295887063474489953e-02,2.775367711509456048e-01,-2.686537568046974659e+09
1.505362422049258235e-02,1.533918655483081442e-02,8.820421915361518860e+09
-9.353957412663767290e-03,1.011029190424257360e-02,-8.315384045999105453e+09
-2.393539856746331254e-02,7.850372357537045709e-02,-2.740318390992159367e+09
1.126270373560625754e-03,6.305507774594550086e-02,1.605362866077914536e+08
-1.172312075704911964e-03,1.740787386281370253e-01,-6.052685742333410680e+07
1.793096441179626438e-02,1.046570726760417437e-02,1.539875764505789185e+10
-5.210029488852389867e-02,3.420083625284732753e-01,-1.369159595804627180e+09
5.840779153535220064e-03,7.414296132624423885e-01,7.080297000568239391e+07
3.299550137452849502e-02,3.705347718085722636e-02,8.003434239628022194e+09
3.388782097515689873e-02,1.183513412819385130e-01,2.573481664088633537e+09
4.472507305822793870e-03,9.003528646675651448e-01,4.464665498853938282e+07
-9.159386591424798288e-03,2.314426311360852917e-01,-3.556916336873326898e+08
7.274266613044505503e-03,4.243880199324198688e-02,1.540553259578628063e+09
1.912281166927371281e-02,1.332183671822719795e-01,1.290144216663686514e+09
-1.264297617723100483e-03,7.646169151956533350e-01,-1.486127383168034814e+07
-3.301288551306498509e-02,1.306610023974635604e-01,-2.270848276700351238e+09
-2.229981593677991120e-02,2.320946164625302122e-01,-8.635486902242722511e+08
2.911808800997199662e-03,3.476757283833716017e-02,7.527297822519435883e+08
-1.178803913454147013e-02,9.522776912629091206e-02,-1.112573155522276402e+09
2.147932726216952859e-03,2.411441390897667639e-02,8.005612821540503502e+08
1.541151685117307657e-03,9.432351366540762116e-01,1.468507041928167269e+07
-1.027336031570521375e-03,2.214117655103343615e-02,-4.170253386372012496e+08
1.375294889504014711e-03,1.722048055174849046e-01,7.177962430257783830e+07
-5.066640187381084466e-03,5.673929747717359334e-02,-8.025770331129231453e+08
-2.780684124982955863e-02,9.826880708825153077e-02,-2.543235585866530418e+09
-1.767095612959119436e-03,8.236518586393348773e-02,-1.928266180181117654e+08
7.420722118699259011e-03,1.476600108649693370e-02,4.516831518300662041e+09
3.379509495256022983e-03,1.433286649287541722e-02,2.119196528147045135e+09
5.717758580442129125e-03,2.560646123951615741e-02,2.006905247973343849e+09
-8.697910183764949107e-03,3.294350461191104112e-02,-2.372989073304889679e+09
-8.571802351432738706e-03,1.976238257975993992e-02,-3.898373662845822334e+09
1.974771653370934951e-02,1.465975439436157102e-01,1.210711893042670727e+09
7.429144295571849486e-03,7.490565001820069513e-02,8.914045261876108646e+08
7.894516804996379311e-02,2.009200653018532179e-02,3.531448370230181885e+10
-6.111859632485114324e-02,2.444589555123066749e-02,-2.247077431824670029e+10
-8.014819669735525134e-03,3.138266622226609237e-01,-2.295379696814783514e+08
1.127528483939802548e-03,4.459862789470770555e-02,2.272252776267321706e+08
1.196261956282515179e-02,6.030757420603887198e-01,1.782809952643485963e+08
1.249708080286760815e-02,7.227861785973275222e-01,1.553994069184825122e+08
-1.377998163914000325e-02,2.461565017537719058e-01,-5.031389579003848433e+08
-6.254256678713522588e-03,3.825277227384895617e-01,-1.469479068521608412e+08
-2.864890386205101898e-03,9.698108725796229790e-02,-2.655043125654999614e+08
-2.235725177031114199e-03,3.240970727130269152e-02,-6.200031948783965111e+08
1.215720322224315454e-02,9.161261634018588174e-01,1.192693928989695758e+08
4.248263123891139748e-02,1.436564411913504036e-01,2.657889507055097580e+09
-3.714109876490424150e-02,1.379963146115356087e-01,-2.419011192454967976e+09
8.847828239021590657e-02,8.047046774770713617e-02,9.882134846935911179e+09
-1.043067520869567742e-02,7.595727567868487684e-02,-1.234223073331912041e+09
-3.120211288773923949e-03,2.127232396897797695e-02,-1.318316487493334055e+09
8.244780539033434372e-03,1.653444184120374527e-01,4.481673143505120277e+08
-7.966956782487282299e-03,1.837395863446731892e-01,-3.897089190200787783e+08
5.851655873096281435e-02,2.030836030066227732e-02,2.589730290604275131e+10
1.911894492347476944e-03,7.889802423634548201e-02,2.177952544711694717e+08
3.322851309396618498e-03,4.481006148136291306e-02,6.664782582592509985e+08
3.150066655500301238e-02,6.753377857587271604e-01,4.192270647247106433e+08
1.850100060583646528e-03,1.221037227994178041e-02,1.361811290254247427e+09
-8.735445981971800417e-03,9.616627735887549322e-02,-8.164186107977225780e+08
-3.006069236009420095e-02,2.560185979276238255e-01,-1.055305210742954612e+09
-1.888662119825336222e-03,1.330136564593726589e-01,-1.276170367556184083e+08
7.732229200116827461e-02,9.621122259874660410e-01,7.223199398678783178e+08
1.811925137005970191e-03,6.617558942940015010e-01,2.460894808606133610e+07
-1.557340103785779736e-02,2.519364183108115385e-01,-5.555755628750940561e+08
-3.741879420240847715e-02,5.124652966499263496e-01,-6.562600176633491516e+08
4.805878470105930111e-02,3.502096391793066421e-01,1.233375471297913551e+09
-1.158698597632192018e-02,5.444978834514656585e-01,-1.912603313122805953e+08
5.789476910843847912e-02,6.547828953025457144e-02,7.946806139659689903e+09
-6.463343715645239462e-02,5.238793977629403048e-02,-1.108859574407156944e+10
5.089570232774157446e-03,9.787701468768504609e-02,4.673594359021799564e+08
-5.822571189276861889e-03,8.067705446556416859e-01,-6.486574221473124623e+07
6.754555740573750522e-02,3.144567352644464520e-02,1.930574240308711624e+10
2.119831678886921044e-03,1.958010543455082977e-02,9.730540627275665998e+08
1.847145675930535191e-03,4.530201361735917975e-02,3.664664825041186810e+08
-1.434403868411627224e-02,7.007865939384645693e-02,-1.839654558584448338e+09
-1.493377623180845021e-02,1.158613933106827400e-02,-1.158461248935015678e+10
2.904382514268960894e-02,3.313840206681888806e-02,7.877218076783354759e+09
-1.232077554332020866e-03,8.170008902993762534e-02,-1.355395796191226244e+08
1.275534704971303425e-02,4.624334683844648075e-01,2.479097682753815353e+08
-2.342196576901291443e-03,4.388122623827590829e-02,-4.797281520351963639e+08
3.551590160889244591e-02,3.949454181052904772e-02,8.082326353981336594e+09
-8.259869038873421387e-02,1.947391966100903704e-01,-3.812153730999884129e+09
-2.711038486325246816e-03,1.486867623727838351e-02,-1.638754874053591251e+09
-1.403538033314015096e-02,1.049051580820298257e-02,-1.202480276087375069e+10
2.152784381309242115e-02,2.373769981366490589e-01,8.151030510796575546e+08
-8.397039060996031382e-03,1.615553356137389152e-02,-4.671490671307833672e+09
3.464463770343305382e-02,1.137189251917447852e-01,2.738128943892583847e+09
-2.579985667932525525e-02,4.128934279570145582e-01,-5.616036755976803303e+08
4.705536262341030590e-02,2.003134201922434354e-01,2.111298779579850912e+09
-1.553876174566225883e-03,5.672722835918955209e-01,-2.461928643701355159e+07
-3.299102602797411316e-03,7.059984781820139998e-01,-4.199936031986064464e+07
-5.629884945541361457e-02,4.241670135814454984e-02,-1.192925291827702141e+10
-1.815791044931432466e-02,3.518444364545166014e-02,-4.638374389972455025e+09
2.704844664396762518e-03,2.316867554758573755e-01,1.049280833012399822e+08
1.502071703951505599e-03,1.947678539930641772e-01,6.931448553613460064e+07
3.537260553569272856e-03,2.643509967955595674e-02,1.202642970025308132e+09
-1.443619194913607108e-03,2.150509129900675040e-02,-6.033398008879263401e+08
5.216799798779670275e-03,4.380831038263924976e-02,1.070282157253920078e+09
5.065797593262684126e-03,2.375855812366955630e-02,1.916365621778456450e+09
9.062713025680893195e-03,1.927294575694216139e-02,4.226304141123890400e+09
1.046761535464900503e-03,8.378547125484399338e-02,1.122870461172906309e+08
-1.401364446747216559e-02,3.378398649505166551e-01,-3.728128032185497284e+08
-3.143647948292853378e-02,7.805103026211224204e-01,-3.619977594156312943e+08
3.068946307526353515e-02,1.084267605040133836e-02,2.543919862573121262e+10
1.388231814931483593e-03,5.200717847708420660e-02,2.399105347028745413e+08
-2.280858282637916734e-02,6.326593027530889868e-02,-3.240253749955886364e+09
5.087167183806835108e-02,7.039394067508081276e-02,6.495182390496170044e+09
-1.843299839516843522e-02,1.710049669752408685e-02,-9.688083619209196091e+09
-2.359573641328427743e-02,1.996512252880743715e-02,-1.062214375149775505e+10
2.141578711789073313e-03,6.760937091218306716e-02,2.846936395435436964e+08
-3.560770806106310082e-02,2.600514867274855008e-02,-1.230652102348034477e+10
8.037992936323928861e-02,9.611591274759948011e-02,7.516279892150573730e+09
-1.519502785596852160e-02,3.303139661913951919e-01,-4.134520810069794655e+08
3.942477606191641809e-03,1.060484908373741236e-02,3.341299155904536724e+09
-1.217635403742887328e-03,1.474340312332480564e-02,-7.422840778804477453e+08
-7.770079381473511682e-03,2.113479827524137114e-02,-3.304288562111159325e+09
-2.301254992035080271e-02,1.740268308131432129e-01,-1.188499902911744356e+09
1.012871008067333517e-03,4.225293150662289277e-01,2.154507017338613048e+07
-1.392718240702504840e-03,2.440500820692354800e-01,-5.129026276078484207e+07
-1.275221696630503450e-02,4.252976383739469624e-01,-2.694904256809391975e+08
1.349617964305013101e-02,9.605219937914970529e-01,1.262856939378790259e+08
-3.938021559988957865e-03,2.773291493610029537e-02,-1.276242456949687243e+09
-3.362067669826293570e-02,2.917693270381289672e-01,-1.035660553569329381e+09
1.908075562450881404e-02,1.511587343661217192e-02,1.134522049251266479e+10
1.624750596305042129e-03,2.635268424663651521e-01,5.541310231962917745e+07
-3.027854308767445254e-02,1.047138090018237891e-02,-2.598852522543676376e+10
2.312276972406489793e-03,6.116497191176425291e-02,3.397720823490406275e+08
4.964441868395625540e-02,2.963511530470311350e-01,1.505616711888540983e+09
-4.892829050765299531e-02,1.528764127602608505e-02,-2.876538408207339096e+10
4.527160295386662564e-02,6.725789319489282325e-02,6.049691534719625473e+09
-2.871513179414828931e-03,4.593988474677488942e-01,-5.617868004268547148e+07
-2.320682336745339205e-02,4.371202901092609006e-01,-4.771614494912198782e+08
-1.011562952502134856e-02,3.250863455391021090e-02,-2.796693063752974987e+09
5.280599959808804367e-02,1.059257605761156594e-02,4.480559978864479065e+10
1.842132263199068674e-03,1.777791161692488658e-02,9.313023191418820620e+08
-1.825150361581812227e-03,1.626491877482270226e-02,-1.008549848148701191e+09
5.888016445684204903e-02,2.479036497737772266e-02,2.134699320995888519e+10
1.597145855343547888e-02,1.175149315455563045e-02,1.221524396511551666e+10
3.583536946198148925e-03,1.140275966675900476e-01,2.824571246847845316e+08
1.651794762306819063e-03,7.808742652492597913e-02,1.901190312539337873e+08
-2.565215395680160975e-03,1.424827107282837235e-01,-1.618125817265115976e+08
-1.534766193081869845e-03,2.228200309203343665e-01,-6.190683660251078010e+07
6.297144408595740928e-02,1.705420347545734752e-02,3.318660535552122879e+10
-3.740238603731957379e-02,3.079548023747685076e-02,-1.091598538737961769e+10
4.002772565756623768e-03,3.732012641989187474e-01,9.639808947616641223e+07
2.317623457955928813e-03,1.240970361626925617e-01,1.678541514967277646e+08
2.604630288474134910e-03,8.939812937967795969e-01,2.618594632955485210e+07
1.827774597650432334e-02,2.575775034378497419e-01,6.377718200977672338e+08
2.938739469011985607e-03,6.035031981444841653e-01,4.376552356480894238e+07
-2.015005183348805157e-02,6.115727948491760796e-02,-2.961274234511460781e+09
1.062866979233250461e-03,1.714784522943631900e-02,5.570830927953881025e+08
-9.216190637231719621e-03,2.732798583201999712e-02,-3.031059376859844685e+09
4.524331000821776166e-03,1.348061307057576985e-01,3.016444543486537933e+08
-3.686526322138544438e-03,1.311211298534146197e-01,-2.526942004792552888e+08
2.353342500333113936e-03,2.581894869458754016e-01,8.192136911368197203e+07
-3.218134013174824004e-02,4.406594904022023695e-01,-6.563743723060444593e+08
-1.068458055109084738e-02,2.049647774816190302e-02,-4.685207830879850388e+09
-2.958540513751608397e-02,2.698010216867602895e-01,-9.855633593865538836e+08
1.085926132056497240e-02,1.372756472993525052e-02,7.109800298607379913e+09
1.187370160297759013e-02,6.453684670045579663e-01,1.653594454163759351e+08
-1.011219206484651693e-03,1.019001501449799153e-02,-8.919101456965439320e+08
-1.135237437256969443e-03,2.293697310235379150e-02,-4.448373221042141914e+08
2.957221661976246196e-02,1.332041119124799389e-01,1.995339802073466301e+09
1.791826089632847507e-02,1.832665421844822604e-02,8.787458526432130814e+09
-2.001046283321831001e-02,7.145491541293041982e-01,-2.516956111004742086e+08
-1.858357824805820582e-02,1.915744809890970735e-01,-8.718510628733124733e+08
-5.795537041826363464e-03,1.253459090298826920e-02,-4.155603850568225861e+09
-6.720513719013355980e-02,1.294014532802046161e-02,-4.667818237455490112e+10
1.344138943673865022e-02,4.548411139775589834e-02,2.656042792825956821e+09
-5.368706122128356212e-02,4.052010079656127028e-01,-1.190829906697446346e+09
4.106625142437010656e-02,1.668814087713670902e-01,2.211707663623420238e+09
-1.763383230990946821e-02,4.206784538818785224e-01,-3.767446170196364522e+08
-1.616459809365782723e-03,5.044896275833116173e-01,-2.879806369366826490e+07
7.186824814719094782e-03,6.488057898378907229e-02,9.955726566154222488e+08
-4.840578693872604060e-02,7.928019021114562914e-02,-5.487609759193552017e+09
-6.996412552190958353e-03,2.203148306356630393e-01,-2.854186158397510648e+08
-1.981806422196779813e-02,3.649412448000375342e-01,-4.880776272469644547e+08
6.209874091306036292e-03,1.603325093157072917e-02,3.481062520832571983e+09
1.108480480891517374e-03,8.901073881172963387e-02,1.119273605948028862e+08
-1.467264929163481207e-03,3.185946872087200982e-02,-4.139240169744252563e+08
3.985754829318067377e-02,8.060671439440005859e-01,4.444163007513327599e+08
-1.454109427708335199e-03,8.517010248646031401e-02,-1.534477549204616547e+08
3.204634670713156497e-03,1.323505055013783800e-02,2.176223726468280792e+09
-1.392888729725688321e-02,1.282483135966388209e-02,-9.761473501261829376e+09
2.180384957724783215e-03,4.319189480971990514e-01,4.537133298278946429e+07
1.096140528555719813e-03,6.797556990089579365e-01,1.449319036362981610e+07
-1.203143329770222855e-02,1.398109437188484530e-02,-7.734403385262658119e+09
-4.332883974142155876e-03,4.562741400626806748e-02,-8.534966537425663471e+08
-1.462823157700303802e-03,3.179544476387234919e-01,-4.135019299580235779e+07
-1.159795284586030706e-02,8.868588821949416334e-02,-1.175377673712151051e+09
-9.952039419224293498e-03,9.578702045595015313e-02,-9.338046700578576326e+08
-1.693117841892343659e-03,7.928235479668288566e-01,-1.919381319981621578e+07
-3.415887810859087603e-02,1.288149645806477839e-01,-2.383350408161910534e+09
1.853354279118279904e-03,2.419410748420725704e-02,6.884928868705579042e+08
1.316546596094325412e-03,2.014945826738254522e-02,5.872506127105422020e+08
1.151107976136043175e-02,1.031628919126713687e-02,1.002866613760938454e+10
-3.134584294457060452e-03,1.647802106484305695e-01,-1.709722070258283615e+08
3.721175377391736788e-02,7.502050875133232655e-01,4.458109710964412093e+08
5.388807739002669794e-02,2.791757029027679415e-01,1.734865015200197458e+09
-1.635487877400067886e-03,5.589636865805393956e-02,-2.629749329951486290e+08
-3.249908983574646779e-03,3.490005463520677864e-01,-8.369426694767105579e+07
-8.004693032805636210e-02,4.651322853125058887e-02,-1.546745335591553879e+10
1.519611921804690227e-03,1.575637133346026800e-02,8.668163671589117050e+08
1.274144484025264371e-03,1.161072164148077707e-01,9.863023853995327652e+07
1.818198086445250734e-03,1.439766258454592274e-01,1.135010353677373230e+08
1.714521531455731303e-03,1.003444400297540118e-01,1.535678302110208571e+08
-4.103035854155770955e-03,1.063970368781024835e-02,-3.465982752248310089e+09
-8.828419966215543535e-02,5.247988842573336754e-02,-1.511961385036598015e+10
3.600557254732107693e-03,2.568884117442337203e-02,1.259725225401823282e+09
1.607775602136642720e-03,1.144637748604070276e-01,1.262431981446376890e+08
3.508484623826923360e-02,7.650657117365255999e-02,4.121653298907462597e+09
-5.257292299831449814e-03,2.109451700491667692e-01,-2.239974923393152952e+08
-3.486663048117657950e-03,5.750439304789225492e-01,-5.449536597740171105e+07
-1.504364155914155073e-03,1.635751659382804479e-01,-8.265825370704257488e+07
-6.937367933076140497e-03,7.494585826762918679e-02,-8.319509259256553650e+08
1.607192115179146728e-03,2.645933455040853088e-01,5.459331848303280771e+07
4.712464106437920519e-02,1.802034497208465647e-01,2.350366416544167519e+09
-6.374377136484230683e-03,1.670349274447929105e-02,-3.429897015057321072e+09
1.568811395554390795e-02,2.150355691041937189e-02,6.557088585745386124e+09
1.577965403066240377e-02,4.710719365339958997e-02,3.010654110105778694e+09
1.633570774455103550e-03,2.709656183682222497e-01,5.418441447828080505e+07
1.280607745023698042e-02,7.786416976295454373e-02,1.478186001521060705e+09
-1.066721847864928081e-03,2.831169981154840060e-02,-3.386381349548675418e+08
1.081469649273557668e-02,4.021307640696724500e-02,2.417116900931291103e+09
-1.426689458121492430e-03,1.874776016014611732e-02,-6.839599653001435995e+08
-5.679125704285827719e-02,5.629915141329944195e-01,-9.066303456044949293e+08
2.247837209529308933e-02,1.463128930355182267e-01,1.380806671416934013e+09
1.010246147980490942e-03,5.845444013199878608e-01,1.553317790148152597e+07
2.273506499582176200e-03,2.782034605284506856e-01,7.344872997094549239e+07
-3.473162978733371903e-02,1.131510636306927095e-02,-2.758780456531568146e+10
-1.113599123953305141e-03,7.388035186985210112e-01,-1.354723123529928364e+07
-2.951548771196188872e-02,3.354928232786448528e-02,-7.907102122014463425e+09
-3.941630396471731100e-03,1.010077975698349673e-01,-3.507289500569513440e+08
-2.807899284208474969e-02,6.595477986653237867e-02,-3.826360365290699482e+09
1.665426087840894513e-03,2.293768611823375839e-02,6.525689055933814049e+08
-4.736373144542522368e-03,8.194891353784129751e-02,-5.194614556261985898e+08
5.890273036967210579e-02,3.080722160548082095e-02,1.718436593330100632e+10
9.509001658963555162e-03,2.488708339071100603e-02,3.434088937278457642e+09
9.215487772394491753e-03,8.932630124972247565e-02,9.272345253293336630e+08
-8.479351521992087998e-03,3.108469070995584782e-01,-2.451696503334342539e+08
-8.863415604670356676e-03,1.834925514546011660e-01,-4.341434894447602630e+08
-3.857153035231186688e-02,1.509546379147309880e-02,-2.296524207765291214e+10
-1.412314303918694915e-03,4.716638734810502109e-01,-2.691220998425232247e+07
-4.524753172698274366e-03,7.752718063676918847e-01,-5.245555916990824789e+07
9.242576596118599538e-03,2.194138920690758277e-01,3.785990810606457591e+08
1.190748486512993413e-02,2.927883123195561543e-01,3.655248606208878160e+08
-6.037487825946013208e-03,4.004059882743626203e-02,-1.355209141250663280e+09
-8.009684189150889644e-02,1.321138934783447523e-02,-5.449008927551942444e+10
3.538302919757874143e-02,2.983251660562440122e-02,1.065996400195412064e+10
2.306390539702278704e-03,3.585094708531284535e-01,5.782063185925965756e+07
2.311946772062096686e-02,1.489746251277203615e-01,1.394813519404245615e+09
1.287031088925017636e-03,3.335210384632214531e-01,3.468298129030069709e+07
1.385766706523429599e-02,4.626500073407324720e-02,2.692081279531677723e+09
-1.707301727251785313e-03,5.778161928217807192e-02,-2.655652157052708268e+08
6.473960430736293292e-02,1.083833856079942370e-01,5.368561664574290276e+09
4.756016107716173891e-02,4.313885497640621569e-01,9.908897171808346510e+08
-1.584053737373636739e-03,1.618637433288926952e-01,-8.795710952092851698e+07
-2.497577713776764907e-02,1.775284386452723739e-01,-1.264450100591407776e+09
-1.508195491167834421e-03,1.011709003407514629e-01,-1.339839081701993197e+08
1.210314101956411073e-03,1.593282728271928628e-01,6.827408108068479598e+07
-2.843640800078274522e-02,9.586707624500725444e-01,-2.665973773095988333e+08
9.685300846308506073e-02,1.151471703608093616e-01,7.559802743591996193e+09
-4.297423394031553781e-03,1.513486651695777063e-01,-2.551997043995371759e+08
-8.746370058215498233e-03,2.276414589028564750e-01,-3.453242732208939791e+08
5.717109510193874727e-02,1.059532462896496316e-02,4.849677529174027252e+10
-4.393208667988392213e-02,1.015634483971492551e-02,-3.887720297741017914e+10
-1.194540554532441158e-02,1.679144731157087428e-02,-6.393863874063399315e+09
-4.118995234958325313e-02,3.498855424951581861e-01,-1.058073677783313632e+09
-1.294966701730323848e-02,7.685326223909828836e-02,-1.514422009141744614e+09
-7.453326367514376272e-03,4.305343146916964375e-02,-1.555940500246901989e+09
1.604310906868489442e-02,1.378387879950457862e-01,1.046086767819486380e+09
-5.625069416231483210e-03,2.837741528763369492e-01,-1.781581394797604680e+08
-4.312294616385827645e-02,1.890929089741428260e-01,-2.049669315420965433e+09
8.973942310749329077e-02,4.564840397876004374e-01,1.766885041148609638e+09
2.517904582311427872e-03,7.750074138944434976e-01,2.920007920379414037e+07
-4.256699651175134547e-02,4.836242122059383058e-02,-7.910712312382163048e+09
-1.646580676801687182e-02,7.715868704558093150e-02,-1.918000887925873995e+09
-1.871406508688974128e-03,1.429481499928141053e-02,-1.176630806185093880e+09
1.919066904276100485e-03,2.625484199287572359e-02,6.569484996931713820e+08
9.297690924186821637e-02,7.275429740074440543e-02,1.148595399586070061e+10
-1.390619499788054748e-02,2.168310548764246920e-02,-5.764178890547826767e+09
7.506596603490462392e-03,9.618105383164145261e-02,7.014620257347831726e+08
1.101452737580955457e-03,8.526925070925585326e-02,1.160978128768764883e+08
-6.627967614336276528e-03,1.234037406897194322e-01,-4.827282015280464888e+08
6.824565013146850767e-02,1.076907993650714698e-02,5.695698513810438538e+10
-2.653765046457714615e-03,2.779950691787703640e-02,-8.579776899985114336e+08
-2.327762488216593168e-03,3.822858711567976575e-02,-5.472692369611606598e+08
3.959366345598859180e-03,2.772317961069479392e-02,1.283610517682222843e+09
-7.253127308214186997e-02,9.950009571069541592e-02,-6.551676121569861412e+09
-9.053207519492121810e-03,3.872677292178400843e-01,-2.101076110503478944e+08
3.522851149416907253e-03,1.794592120519389600e-01,1.764327304031969905e+08
4.787870025708063776e-02,1.430870228232944130e-01,3.007410579139013290e+09
4.204346661268792973e-02,1.072474401496654739e-01,3.523402037266944885e+09
3.295023975352009450e-03,5.311834113494762200e-02,5.575254457254824638e+08
-6.399113544712346953e-03,1.028795956171611736e-01,-5.590378152859169245e+08
-1.052211784138019869e-03,4.353538699634873499e-02,-2.172257824845275283e+08
1.157505265053865653e-02,5.350235191432309856e-01,1.944467639400044382e+08
1.282905275948154761e-02,7.507676670663905316e-01,1.535817630188192129e+08
-1.147734059263585613e-02,4.868360295243657765e-01,-2.118893731436844468e+08
-6.765753281334004922e-03,5.073448895127915526e-01,-1.198570226064542085e+08
-3.544412906090007101e-03,2.121083971094268605e-01,-1.501886333966478109e+08
2.270290306485010876e-03,2.018978965264064396e-01,1.010648693483532518e+08
-3.289032435635244785e-03,9.894834728724594131e-01,-2.987515932516129687e+07
4.765749143414699240e-02,1.637160790825599455e-01,2.616317594771738052e+09
-1.360054167871936701e-03,1.639010068726687586e-01,-7.458048486573229730e+07
1.578490462601898903e-02,1.104619164007334189e-02,1.284339995263068390e+10
-4.167998337295721750e-02,7.262562482623746707e-01,-5.158082374809887409e+08
3.239074607889410023e-03,9.623424642639272220e-02,3.025115215652958155e+08
-7.188908882202297256e-03,1.845138199308360427e-02,-3.501746452792505741e+09
1.201130638515577123e-02,4.351448514726860006e-01,2.480887175113909543e+08
-1.461449366273424649e-03,2.131071706305923130e-02,-6.163626710147429705e+08
2.680320020670282685e-03,3.618157831424587689e-01,6.658091526008062810e+07
8.520049421584645691e-03,4.661349091310722226e-02,1.642786417839409590e+09
1.124650966620564276e-02,8.804538617443528059e-01,1.148052573770762831e+08
4.069625537575519147e-03,1.052720490553869792e-02,3.474497407335912228e+09
3.987579420371402394e-03,2.518169378284640034e-02,1.423229791068860769e+09
-7.803270495106769122e-02,2.372628056763925394e-02,-2.955953639005234528e+10
-3.550893479180490704e-03,7.218801634885685381e-02,-4.421026872573360801e+08
1.818436443532431973e-02,2.878916892927005713e-02,5.677009445626672745e+09
9.122068521543146014e-02,2.402675180556374246e-01,3.412313201417619228e+09
1.760456574695872791e-03,3.284837552357824375e-01,4.816837975829950720e+07
-1.011799925013810025e-02,3.067796989704252297e-01,-2.964276044118745923e+08
1.524889194234702733e-03,1.258366777223413752e-02,1.089134866902133703e+09
1.226599258174903857e-03,4.414545253945197367e-01,2.497280596965493634e+07
7.293458183232946236e-03,2.305031011029667898e-01,2.843854304756314158e+08
-8.126882435093825754e-03,6.423535070823833959e-02,-1.137104808257331610e+09
-9.216403868841771541e-02,7.779888357705927460e-01,-1.064728185920313358e+09
6.207139375463104763e-02,5.268840599264140723e-01,1.058831994104147673e+09
1.696255914413495689e-03,5.360866988781436832e-02,2.843851805979632735e+08
3.298220519661422545e-02,2.014467199028312228e-02,1.471533343839166641e+10
-1.806352178299383895e-02,5.644716737129487627e-02,-2.876145763712821007e+09
1.228331770972411171e-03,1.311216642073260719e-01,8.419607585548885167e+07
7.461934137633361233e-03,2.767306885991759335e-01,2.423509385886017680e+08
-1.870621408898325401e-03,4.683002009891076844e-01,-3.590146531360518932e+07
8.892629212828699961e-03,1.212444662683902566e-02,6.592025468981877327e+09
-2.646180393598221003e-03,2.491111909068619013e-01,-9.547217744628418982e+07
9.708934256309971478e-02,1.301572957345565884e-01,6.704303431521504402e+09
-6.717599764082309022e-03,5.071168261507272845e-01,-1.190574900449408293e+08
-4.162049691788299172e-02,3.572636092198870628e-02,-1.047054042967978859e+10
2.342581787342961058e-03,1.628195268290944311e-02,1.293120189856635809e+09
3.507750499524384113e-02,6.400212752771696767e-01,4.925892192067614794e+08
3.318481099297619641e-02,5.907279106167028226e-01,5.048966346398275495e+08
-3.086077635994808124e-02,1.547299189779358618e-02,-1.792599073222038269e+10
-7.622179099224232757e-03,1.592269257932055204e-02,-4.302424493770369530e+09
-3.085114282895624199e-02,1.014660618006128778e-02,-2.732757345102469254e+10
1.022512794379002842e-03,3.615151701776768423e-02,2.542101243195232749e+08
7.368123627503549850e-03,3.593964075177751849e-01,1.842611557322872579e+08
-1.091885468181938955e-02,3.744764593791681528e-02,-2.620614758020051956e+09
-1.768615585279335921e-03,3.581526062915327269e-02,-4.438292803979591727e+08
5.505117367975264318e-03,1.767962193329610243e-01,2.798621892534595132e+08
7.969428460849876245e-03,8.104141285245480830e-01,8.838341764166554809e+07
-9.792314599791399066e-02,4.125399568157212676e-02,-2.133388537052437973e+10
2.718035975185726164e-02,5.654561049925210803e-01,4.320230530091906786e+08
-6.480565977322545572e-03,5.316310921493867525e-01,-1.095602923092345595e+08
6.096715508165104561e-03,8.664114602016939060e-01,6.324444126387754828e+07
1.026749903024316325e-03,5.214277647015289618e-01,1.769787552815534920e+07
4.386320691809779578e-03,1.947918130542347637e-02,2.023859217195552588e+09
-1.002051033543112715e-02,2.669820831593569879e-02,-3.373326214489741325e+09
-1.829256761983557439e-03,2.456309411343424870e-02,-6.693329656976946592e+08
7.859617860814878398e-02,1.112444324707412141e-01,6.350000573070961952e+09
-3.573398790200998151e-03,7.351398580378716574e-02,-4.368799705714055896e+08
8.457701367614032725e-03,1.991740213114916447e-01,3.816543995496956706e+08
-9.149094362631433885e-02,1.806915264311537705e-01,-4.550833417388394356e+09
1.813012349342276374e-03,3.422798898268754331e-02,4.760691035930337906e+08
2.245381398995392047e-02,1.595840255580031203e-02,1.264594599531843185e+10
-3.742495076038089563e-02,2.327363049380846635e-02,-1.445265783858598900e+10
-2.074097930419595628e-02,4.341320568483498371e-02,-4.293960258338520050e+09
-2.203185887019441791e-02,7.867483141266599922e-02,-2.516899870007658958e+09
1.142246977405373407e-03,6.717736347702500943e-01,1.528226340261350572e+07
4.792300281110632026e-02,1.512343940506356843e-01,2.848026791954462051e+09
-4.583533985475951589e-02,1.297867893040363096e-01,-3.174099855472911358e+09
-9.891910768200709581e-02,3.025399726381666765e-01,-2.938651227766201496e+09
-1.167637235828933653e-02,2.117108200108030747e-01,-4.956960979178797007e+08
-2.204067783254733126e-02,6.239934534281652567e-01,-3.174647657427976727e+08
1.258317706571950197e-02,2.948287598746713103e-02,3.835933596381929874e+09
7.044350659862395198e-03,1.330216291974331833e-01,4.759587576524528861e+08
-8.355933892595845958e-02,1.523859225011134182e-02,-4.928341176328741455e+10
-9.440956354685002203e-03,3.543620057994642525e-02,-2.394525448425634384e+09
2.875136249335018962e-02,5.274313674344392050e-02,4.899402212053441048e+09
-1.317438777170548388e-03,3.682328054870340206e-02,-3.215574557884950042e+08
2.895864402918426478e-02,5.310621487799369045e-02,4.900986343795067787e+09
2.203550524446010878e-02,4.680752687505953524e-01,4.231145263384397626e+08
6.111269440933224731e-03,6.592424286043495341e-02,8.331762841863555908e+08
1.287835122303432681e-02,1.384482716412643172e-02,8.360328550615489006e+09
-3.665427544214863026e-03,3.420050596160736228e-02,-9.632582257552821636e+08
3.870631490506648564e-02,1.686771527935912798e-02,2.062415586988846970e+10
1.064985605599426356e-03,6.471910628874277815e-01,1.478978445806731656e+07
-6.132042584716612676e-03,3.117096581626839780e-01,-1.768094697323892117e+08
-2.576341528535621220e-02,4.278853412030707570e-01,-5.411611911187589169e+08
7.397840955337427193e-02,4.594732661745889457e-01,1.447089395588663340e+09
-3.340834802653583346e-02,6.808759088382561053e-01,-4.409990476142767072e+08
4.547130462875146988e-03,5.959725918054641775e-02,6.857435726774518490e+08
9.796247099207684716e-03,3.315423996082317859e-01,2.655652667369480133e+08
7.373568904494140486e-02,2.544029640069167542e-01,2.604990803509288788e+09
1.228086059781771742e-03,4.338952439008615658e-02,2.543867754292396605e+08
-1.737454536563163513e-03,5.178568393573488304e-01,-3.015465411584178358e+07
-2.763414755933405256e-02,1.821898692438953665e-02,-1.363240457811444855e+10
4.382666016817381160e-02,6.368392138842527972e-01,6.185277616720010042e+08
1.607007648071948677e-03,1.010372887893322136e-01,1.429508947618639767e+08
-4.245223724698618181e-03,1.274924361731959166e-02,-2.992724790151112080e+09
2.318184357135269318e-03,1.537541139555164034e-02,1.355101557265197754e+09
-2.540347487458918807e-02,1.619145661608556441e-01,-1.410125689222339392e+09
4.509263228751079176e-03,1.105440815262766635e-01,3.666238474781863093e+08
6.615693249278248832e-03,4.383369865407318183e-02,1.356493948696821451e+09
3.389463535942127594e-03,2.399981417226715041e-01,1.269327547510877550e+08
-2.803893936379922829e-03,9.236160405843057974e-02,-2.728479737930601835e+08
-5.330364400278416077e-03,1.871752133127942835e-02,-2.559523853741440296e+09
-1.172219323004703882e-03,2.047067259393901481e-02,-5.146682556546086073e+08
1.338100601636278697e-02,7.560146941521986852e-01,1.590776430226739347e+08
8.508843580972204335e-02,2.045764800266927294e-02,3.738225163563727570e+10
2.198600997436081853e-02,9.136701491694738941e-02,2.162756384984423161e+09
1.751433234414932283e-03,7.989140178476616949e-02,1.970353562034463882e+08
2.351461882941012146e-02,9.216564652584238182e-01,2.293081484617454410e+08
-2.139391275219448482e-02,9.502268122462956823e-01,-2.023548221113303900e+08
-1.659235505927436280e-02,1.807749352806240981e-02,-8.249363413180687904e+09
1.055224644416532555e-02,8.815975158218529728e-01,1.075784260734007657e+08
2.580727386247536666e-03,2.658540766056365912e-01,8.724678344753140211e+07
9.448671666940106073e-03,5.439258005248243100e-01,1.561283308157739937e+08
2.553624679379023002e-02,5.699709139246375567e-02,4.026753004554818630e+09
2.355515061682608539e-03,2.095150831092035260e-01,1.010464849071061015e+08
5.770324707491662070e-02,2.742477874056655218e-01,1.891070580554239750e+09
-3.743556374947122709e-03,1.193593781761384393e-01,-2.818892073186076880e+08
3.022193037365163495e-02,4.169848361845999996e-02,6.514072038268177032e+09
-9.786817961463213644e-02,3.320965220793449801e-01,-2.648669687184872150e+09
7.594215783366210087e-03,4.981605279788010043e-01,1.370137769773380756e+08
-4.635337237803849320e-03,2.631699786096678984e-01,-1.583053562062578499e+08
9.243618503102540851e-02,2.923193089827952687e-02,2.842072341714434433e+10
-8.591290882465284218e-02,1.993849962458194361e-02,-3.872724182627833557e+10
8.183864074898881263e-03,5.712261805839904255e-02,1.287659161166209221e+09
-8.404169171574256414e-02,5.454222249757696012e-02,-1.384881371908631897e+10
1.045671324756139962e-02,1.800601594131121322e-02,5.219491403501296997e+09
-3.582189601747126032e-03,2.941504176896190259e-01,-1.094535161888331771e+08
4.369106348390443956e-02,1.517896174122250474e-01,2.587028231112062454e+09
-3.445467477820531640e-03,6.810247528292040498e-01,-4.547114350905554742e+07
-2.016839276223731259e-03,2.547077319408840024e-02,-7.116718371833560467e+08
-1.023759177860944459e-03,3.196158255211928867e-01,-2.878857388909431547e+07
4.745075345679489881e-03,8.353333969589503694e-01,5.105448340874958783e+07
-8.114413477628357185e-02,1.729453662847144635e-01,-4.216953592858983040e+09
1.098609188317563497e-02,9.143415278206319663e-02,1.079904622525529623e+09
6.206421022916656580e-03,2.934183294391412219e-02,1.901098466558481693e+09
7.036928414506729741e-03,6.820464614359415811e-02,9.272989997043979168e+08
2.528018439387370170e-02,4.377967874669524417e-01,5.189891580329090953e+08
-1.292382303703008134e-02,4.312528965176828377e-01,-2.693454205384154320e+08
-1.040449638816567718e-03,4.613710796282970844e-02,-2.026848622786463797e+08
1.145217080606847826e-03,5.360386352177183289e-01,1.920181770461107418e+07
7.924715409377220202e-03,1.231421355807234101e-02,5.783991048876073837e+09
1.490037908185661269e-03,1.317212445889788877e-02,1.016698330128895164e+09
2.253692634830958049e-03,3.698704576038318315e-02,5.476406271394473314e+08
-1.036595003737983758e-02,8.664541769547748351e-02,-1.075261583808917284e+09
5.428857675668593598e-03,2.683098358720761856e-02,1.818538420807954788e+09
-3.869074090476547212e-02,8.973654851992587389e-01,-3.875148083166487813e+08
-1.964609876677580677e-02,9.059584119701775962e-02,-1.949030698253192902e+09
-9.399194986019820952e-03,9.876914441796851296e-01,-8.553029810735900700e+07
-4.266017449488063509e-03,4.233535192042141571e-01,-9.056701865626174212e+07
1.814533445592331554e-02,1.763311196234046696e-01,9.248826462923748493e+08
-2.181136377938775600e-02,3.656035833369555149e-02,-5.361952913074389458e+09
-6.260261067198508167e-02,1.794271432091331178e-02,-3.135847400800696564e+10
-4.898212095334714827e-02,2.897942110614701305e-01,-1.519142447954863310e+09
1.666211107920824311e-03,6.732473072580524853e-01,2.224364824613747746e+07
4.324848157961046907e-02,3.308086317084993344e-02,1.175018352042685890e+10
-2.981645047174533159e-02,2.426045118270160617e-02,-1.104606733143357849e+10
-1.318274808146618557e-02,1.836368557889437106e-02,-6.452035125088160515e+09
2.413251504996319352e-02,5.131112645543638162e-02,4.227091561482635975e+09
1.401614976648861942e-02,2.401565610731987988e-01,5.245475847527320385e+08
2.284045599706453072e-03,5.038618588566867729e-01,4.074214629653248936e+07
-5.468822642635580954e-03,9.077760545180181273e-01,-5.414591969728044420e+07
1.391864493004403829e-03,4.217333711942078400e-02,2.966262673565834165e+08
1.876115395209771580e-02,4.156117472889753195e-01,4.057162018658174276e+08
-5.963987240305573118e-02,5.121778608058490390e-01,-1.046565760085319400e+09
1.743325638481070528e-03,1.016535093197249925e-02,1.541369494183205128e+09
-4.468217121885367793e-02,1.654315171652313288e-01,-2.427541337749088287e+09
2.356283696085180630e-03,7.402136142993464007e-01,2.861021543259557709e+07
3.402378646524459142e-03,5.231530817050455279e-02,5.845268626117675304e+08
1.495252911740310546e-02,2.534209338532443234e-01,5.303014177256688476e+08
6.853055008577259299e-02,6.127478715113592322e-01,1.005201261304025769e+09
1.152389498159626761e-02,2.614666233034024789e-01,3.961262767249131203e+08
7.685691480710385437e-02,1.717330706334151830e-02,4.022347893255714417e+10
-3.307834582815671193e-02,3.357475460356518226e-01,-8.854857052227133512e+08
-5.083423904158508588e-02,2.007442544201603896e-01,-2.275955786911964417e+09
4.011062175140209934e-02,1.613148161291935445e-01,2.234785036982902527e+09
-6.757428009786075815e-03,1.565423614978375955e-01,-3.879718046545729041e+08
2.103410687504779844e-02,8.315128256787912564e-01,2.273556452382076085e+08
1.021730437391639391e-03,3.197245883836074554e-01,2.872175098810737208e+07
-7.902018477526751017e-03,1.935880478440393446e-02,-3.668682421626113892e+09
-6.230452623098560461e-02,5.047695763689866166e-02,-1.109371603798157883e+10
-2.929420543858934304e-03,3.663004497270046927e-02,-7.187781876974973679e+08
2.130368101780522050e-03,8.059190718104950468e-01,2.375821650912797824e+07
-4.384970749857121028e-03,9.316767573318428530e-01,-4.230113865960759670e+07
-5.178713826816568055e-02,1.443239542578139134e-01,-3.225032620179585934e+09
-2.047822314284475365e-02,2.286868862810240502e-02,-8.048253145978951454e+09
-5.533927536010205088e-03,3.291165242299022853e-01,-1.511243334880586565e+08
1.662001501553802760e-02,5.176538182980145592e-02,2.885643049370036125e+09
1.133788893493814466e-03,1.561761971016290829e-01,6.524811554441265762e+07
2.733701390468953017e-03,5.239042585377761546e-02,4.689750770203674436e+08
-4.354021422741869568e-02,8.729285588793009310e-02,-4.482935369571039200e+09
-3.552790736685107129e-03,4.506588030817054030e-02,-7.085530751655349731e+08
-9.546121915598208829e-02,1.856087495087419686e-02,-4.622523738030485535e+10
3.490093377936022423e-03,1.073188432828411053e-02,2.922884686964622498e+09
9.102038344755858379e-02,6.407048399263611804e-01,1.276824696887893915e+09
2.377252408491379882e-03,7.212362047567970336e-02,2.962432032209531069e+08
1.992521385071567216e-02,8.172853095682988678e-02,2.191189392681752205e+09
7.830031367851377280e-03,1.171577131489458072e-02,6.006800860490335464e+09
7.636426604788700001e-03,9.027823164275544654e-02,7.602523246361058950e+08
3.920493574454296526e-02,2.198987331671799564e-02,1.602391517653456688e+10
7.774513733362490783e-03,2.669088585451768331e-02,2.617947092386865139e+09
-5.213415818863899320e-02,1.140152866105527581e-02,-4.109697918151380157e+10
-1.142891562396475442e-02,5.426377680527792041e-02,-1.892978263239937782e+09
2.109658350591389273e-02,2.640681121354755342e-02,7.180369388008049965e+09
-3.782444536527760498e-02,3.913191560888396592e-01,-8.687445209702264071e+08
1.130169887557757203e-03,2.642506559907578656e-02,3.843954832374944091e+08
-5.320559065438886827e-03,3.140332088684048145e-02,-1.522762980341574192e+09
-1.336559711962549517e-02,2.126224312808341343e-01,-5.649758763337938786e+08
-3.606581190332650878e-03,2.525799219016770514e-01,-1.283357068778458685e+08
5.510814176880405452e-03,8.981242115347880528e-01,5.514802719857044518e+07
-9.109805651951964969e-03,7.836640905979638805e-02,-1.044791867359889150e+09
7.914069153050544425e-02,4.943830345074215482e-02,1.438755180078455353e+10
1.266638808743532482e-03,1.345341984999828995e-02,8.461955028444707394e+08
2.926253174105788307e-02,8.217887857971135912e-02,3.200385584684951782e+09
-1.156318895355478923e-02,9.892349568090859357e-02,-1.050579170913770914e+09
-3.182912090605252708e-02,2.861849161557867768e-02,-9.996052362712959290e+09
1.592353828866228255e-02,2.133741541223615687e-02,6.707310050207325935e+09
-1.948790279931261272e-03,3.038942055517747376e-02,-5.763592981272902489e+08
1.163979937664606605e-02,5.188822833770904142e-01,2.016170568520312905e+08
-1.167355479149259677e-03,1.014860178238546351e-01,-1.033826196469570845e+08
-1.147918309431362636e-03,9.477841675924969511e-02,-1.088559448215626031e+08
-2.372223806679485056e-02,3.294921745042475592e-02,-6.470847634478284836e+09
2.165102806423930409e-02,1.748346878705159257e-02,1.113016336341420746e+10
1.785533245621015452e-03,5.339456242375708456e-02,3.005533184960903525e+08
-8.099271524920931276e-02,1.224518297140095024e-01,-5.944718553518939018e+09
-1.134371934756571746e-03,2.941060314677539089e-02,-3.466587450652905107e+08
-1.244925179059891071e-03,1.968732998354766617e-01,-5.683384630270919204e+07
-1.071063846789518199e-03,3.342153139765682845e-02,-2.880312656846110225e+08
-3.898344999474828189e-03,3.874462277949598521e-01,-9.043144125858193636e+07
1.206964370805266480e-02,3.108235813532318065e-02,3.490045655287103176e+09
-4.749389381728018680e-03,1.306673981945702910e-02,-3.266789504534675121e+09
3.807093913996720865e-03,1.050118075393748074e-01,3.258412585975634456e+08
6.299431561993003650e-03,1.072808724159778244e-02,5.277517521053883553e+09
-1.001113367190907761e-03,7.595294292118986990e-01,-1.184647855564362742e+07
1.767382174188156154e-03,2.268499108301294531e-01,7.002328417483782768e+07
1.857241601375249698e-02,2.178281486106761200e-01,7.663109320233833790e+08
-1.106298547200517887e-03,7.854644947498157226e-02,-1.265891261568209529e+08
6.599258835300794018e-03,5.837330357854157992e-01,1.016088435246712714e+08
4.747315776426675599e-02,7.271965882083525345e-02,5.867416344106403351e+09
6.623081928318056387e-03,5.046939218646095959e-01,1.179458518095365018e+08
2.667762550730210305e-03,6.705066226383763484e-01,3.575977012326272577e+07
5.272928280071419171e-02,1.990772938764596156e-01,2.380568891230546474e+09
4.587964067676195308e-03,5.462266656834786210e-02,7.549144328833085299e+08
7.217776976646270333e-03,1.466620041760400076e-02,4.423198824084796906e+09
9.818879572627578142e-03,5.728052296780923314e-01,1.540655637484235168e+08
-2.660885025330121667e-03,2.392560698558160795e-02,-9.995712660154912472e+08
1.220996916139610589e-03,9.795090877676144725e-01,1.120357731938089803e+07
-5.446467983418144809e-02,6.364727041648561567e-02,-7.691052752363154411e+09
-2.522098605679155142e-02,4.588320627291657405e-02,-4.940363700004472733e+09
-4.572837970814947264e-03,1.512589220991171490e-01,-2.717161362911583781e+08
-1.409191856206320863e-02,2.857084485862761425e-01,-4.432999273197312951e+08
-1.367838103037285428e-03,7.332540614550411839e-02,-1.676605315021401048e+08
-2.939950448876684722e-03,6.678050996732456390e-01,-3.956770834466584772e+07
3.415966239480519931e-03,2.083241466721334478e-01,1.473752573945904970e+08
1.381495758377212710e-02,2.566272769380275598e-01,4.838350857951096296e+08
-8.084284860304880027e-03,3.497795596115944872e-02,-2.077293201478984118e+09
-1.280600672396391485e-02,4.980683687818193012e-02,-2.310869296430901527e+09
-3.589295357397310343e-02,1.064655645455967609e-01,-3.030055994521854877e+09
-5.783957594719779660e-03,5.669634965045593916e-02,-9.168971451263295412e+08
-2.615808674917635517e-03,9.979222428989828475e-02,-2.355916485929539204e+08
-7.516022727228739708e-02,3.196824580091502110e-02,-2.113099256402243805e+10
-4.181050440077126173e-03,1.280836982097388610e-02,-2.933878784021028042e+09
-1.882380888223522675e-02,1.081061076028241343e-02,-1.564976759287422371e+10
6.553110002599994710e-02,2.839710866268922024e-02,2.074072595586406326e+10
1.215571628676872032e-02,1.111327570540684810e-02,9.830805068714538574e+09
1.772614520478279663e-03,5.204006997774459631e-01,3.061449140769823641e+07
6.614170605352667764e-02,3.133903513621703885e-02,1.896882325299253464e+10
2.917747512064162302e-02,3.916261219579490749e-02,6.696173127166787148e+09
5.856761781579198321e-03,1.595180920104331268e-01,3.299880643635333776e+08
5.041697678944095234e-02,1.063382388285678999e-02,4.261259231648947144e+10
7.355903166046885017e-03,3.272351115720522619e-01,2.020350528328143358e+08
1.790406325407764348e-03,2.891681786582520411e-02,5.564827702265120745e+08
3.180600872550138486e-02,3.317192743638219810e-01,8.617654640462136269e+08
-6.806827695060505001e-02,2.956960066862930336e-01,-2.068949622572117329e+09
-5.159263112944940596e-03,4.532069773712230076e-01,-1.023155651705259383e+08
-7.496888250379682428e-02,6.205318714875857067e-01,-1.085844318024537086e+09
-7.371782525458885939e-03,7.134859379879459063e-01,-9.286193198779785633e+07
3.203320059429408395e-03,6.540987802165715292e-02,4.401569993917445540e+08
2.988018954146937946e-03,1.207860484100069520e-01,2.223397910041625500e+08
5.859253484743863483e-02,5.352386029124139855e-02,9.838875767408027649e+09
-2.052357922770469897e-02,9.639561685461164320e-01,-1.913579164937209785e+08
-1.109611722533155199e-03,1.103912005753647924e-01,-9.034147935995930433e+07
9.124763962568702841e-03,4.695266232734444239e-02,1.746674719555624008e+09
-4.079036388599742956e-03,2.225015197581424464e-02,-1.647688900991180182e+09
-1.023123766111984530e-03,1.034360746933649794e-02,-8.890102335436822176e+08
4.336963904140599818e-02,7.017466478954201836e-01,5.554642070634667873e+08
1.589676279665292249e-02,1.253658331649280255e-01,1.139672636532042742e+09
-1.629258679696465525e-02,4.447031337600460682e-02,-3.292838810052072048e+09
1.210761039268118573e-03,6.709217036933562417e-02,1.621949076172142029e+08
4.153672991379616167e-03,2.397574632678987905e-02,1.557079496475739479e+09
3.118579087677645148e-02,2.849830616563655550e-01,9.835316334112685919e+08
6.886076644758853602e-03,1.840877243526940210e-01,3.361999476551893950e+08
5.966951366906064064e-02,5.239292071260827355e-02,1.023600541758833504e+10
-1.796195297610483346e-03,3.959047460415558717e-02,-4.077683044889312983e+08
-3.844584583240072406e-03,4.099495105656426885e-02,-8.428876026109830141e+08
6.273276117741986846e-02,2.017724961413023821e-01,2.794364497982053757e+09
-5.834031454096474771e-03,2.072268500385542403e-02,-2.530307828101696014e+09
2.007396621374354928e-02,2.441951839533244017e-01,7.388337276647113562e+08
3.803788715411668495e-03,2.583456821262359870e-01,1.323322804595628679e+08
4.798419984640421229e-03,1.223872117966759258e-02,3.523812847611160755e+09
9.464584706300240013e-02,1.014220307139568067e-01,8.387255611422399521e+09
1.652952175512984422e-03,2.878313579252570475e-01,5.161462782550895214e+07
-6.210353401059916234e-03,8.861464160172813909e-01,-6.298852628494086862e+07
-5.152811760382213987e-03,8.505602285344578128e-02,-5.444898947785189152e+08
1.041955393746221183e-02,4.066979894067353218e-02,2.302648883149001122e+09
-1.795804541490129622e-02,9.119891136852663338e-02,-1.769783042986291170e+09
-1.151686164271548823e-02,1.404795195844712186e-01,-7.368375578507807255e+08
4.343965630772665849e-03,7.756683820681434249e-02,5.033393799649270773e+08
5.341544068561770130e-03,9.928433497574332134e-02,4.835447839895997643e+08
-1.455688382364159553e-03,1.443309161893567213e-02,-9.064830042023644447e+08
-4.557979115933287473e-03,5.518431106172685952e-02,-7.423476264098837376e+08
-2.861976080117481676e-03,1.234644272311092167e-01,-2.083410132671618164e+08
-1.455353640702688155e-02,3.599859942286568470e-01,-3.633570163431358337e+08
8.470152297176614109e-02,1.162394046940006670e-01,6.549203125907503128e+09
1.357801375995460521e-03,1.067848324983578789e-01,1.142818578619848639e+08
-2.534964798998956895e-02,3.147742525411412196e-01,-7.238079518524585962e+08
1.783529491033704686e-02,1.810229882843515659e-02,8.855175714361383438e+09
2.929025460112817236e-03,6.625440270259036479e-01,3.973370124243031442e+07
-7.668820029170993202e-02,5.745100288373058417e-01,-1.199724561205057621e+09
-8.344082443673320193e-02,1.140203619503382115e-01,-6.577286951407777786e+09
6.291539714779631823e-03,3.915761907063299019e-02,1.444080100805248022e+09
-2.118346297854202531e-02,1.187559452017946382e-01,-1.603216654730623722e+09
-1.451704857274935603e-02,3.751645789362078459e-02,-3.477820158331670284e+09
1.489754200263720355e-03,9.232359117347731237e-02,1.450282303547132611e+08
-1.974602453109464834e-02,6.960186791361826220e-02,-2.549819250252501488e+09
3.782733717911052149e-03,1.181910434296839923e-01,2.876549303696168661e+08
-3.477616362165930619e-02,3.991359165533293063e-01,-7.830896410221898556e+08
-6.693714613870314738e-03,4.372055370821154030e-01,-1.376043480701954365e+08
-8.554476878546478369e-02,1.296111187744957705e-01,-5.932009198213193893e+09
5.431766810158129150e-03,6.039970474372682308e-01,8.082708562906433642e+07
1.264916712903676891e-03,1.341433738430336808e-01,8.475070587077927589e+07
3.118181810683899255e-02,5.274732887555654698e-02,5.313143923432639122e+09
2.423783377164010627e-03,3.086614218736574017e-02,7.057681710655839443e+08
5.677155974244488951e-02,5.410391956967366411e-01,9.430890789915333986e+08
1.084392099534080972e-02,2.460259950327795334e-02,3.961466304039559841e+09
-5.038127319902561789e-03,9.412170955620265955e-01,-4.810940104528948665e+07
2.135148169766314628e-03,2.997488836585808503e-02,6.402079494867944717e+08
-6.237945569776887772e-02,5.878354141132933336e-02,-9.537541763779977798e+09
1.153492160199480520e-03,2.465170739306396797e-01,4.205506042566660792e+07
-3.757077935891059428e-02,3.793846603904767190e-02,-8.900636302079883575e+09
-3.109796415621342985e-02,3.399370343450840853e-02,-8.222125392142576218e+09
6.095205087134690329e-03,5.779330299725706777e-01,9.478976038535493612e+07
-1.937014303275112412e-02,2.257330567573361327e-02,-7.712377578464754105e+09
-1.001951623482330925e-02,2.883242764243013623e-01,-3.123317688979840875e+08
1.229675864256208652e-03,2.693723702167038700e-02,4.102874374700819254e+08
5.493826762225912513e-02,4.000014903676145372e-02,1.234422899085552406e+10
1.143541095223896825e-02,1.026032160741191523e-02,1.001708642709870148e+10
-6.400962248300654835e-03,3.576865139953480655e-01,-1.608397235903629363e+08
-1.055315681956406522e-02,3.022392943574507829e-01,-3.138210589181866050e+08
2.864413427799231051e-03,6.200992864020295897e-02,4.151691622538558841e+08
6.050704089211231956e-02,2.192132617317618659e-02,2.480788319680076599e+10
2.548079547747991030e-02,1.032444637663683523e-01,2.218180215308023930e+09
-3.119828078691931714e-03,2.412054525171460906e-01,-1.162503207513249665e+08
1.089286307811912534e-03,9.069135148836039717e-02,1.079510296756039560e+08
1.725025156817617525e-03,1.363568040091082401e-01,1.137022968614851981e+08
-3.738554759118747298e-03,1.799074598698924277e-02,-1.867691717151388168e+09
-3.140881113773922456e-02,5.533915134179402395e-01,-5.101167942490970492e+08
-2.049055784473158021e-03,1.922341467081983835e-02,-9.580184346681015491e+08
-4.071952260193398287e-03,3.849998791608200827e-02,-9.505888213308988810e+08
-2.148136233079507226e-03,2.690250084626149424e-02,-7.176617257615222931e+08
1.111312603001113862e-02,9.632331618842054910e-02,1.036944307889701605e+09
1.559448971294147930e-03,2.162590201139115431e-02,6.481082588737701178e+08
4.525237140428925095e-03,2.706921737773303471e-01,1.502506161203232706e+08
2.041672218292301354e-03,7.328161905538449483e-01,2.504041842598858476e+07
3.522618921471130232e-02,2.046310815406895967e-01,1.547193678252191305e+09
-3.135233622636677403e-02,2.092547764300301816e-01,-1.346620266639480114e+09
1.932257532769512476e-03,2.575932603741904608e-02,6.741881756986762285e+08
-2.042321229884759906e-02,3.398030690156786382e-02,-5.401910360318905830e+09
1.039210360060516822e-03,8.162821711055850971e-02,1.144231172225956470e+08
-6.847336183833769262e-03,3.488868427688542329e-01,-1.763955714643792212e+08
1.453422668402627087e-03,2.811115811897370656e-02,4.646905169061486721e+08
-1.394228137145125078e-02,6.049373239392150797e-02,-2.071448214644402742e+09
4.463177335069175126e-03,1.560126530477063886e-02,2.571194551149780273e+09
-1.491830460388593330e-03,1.415550629685789763e-02,-9.472065257103718519e+08
1.720269501658459529e-02,2.357974906659366862e-02,6.557041451614618301e+09
1.410675694595151485e-03,1.300468529091572054e-02,9.749401483331532478e+08
2.462041969216390621e-03,1.024729077511024183e-01,2.159419457929471731e+08
3.246777613143330115e-03,8.355598245949062974e-01,3.492413120090586692e+07
-8.798637433047630518e-03,1.926371716576966153e-01,-4.105120853518010974e+08
-2.744654757793799082e-03,1.910076451094487038e-01,-1.291479722191984653e+08
1.240260107574293717e-02,1.769682278870183811e-01,6.298948989931665659e+08
1.229817946890804934e-03,1.960418249080942560e-02,5.638228963361203671e+08
-1.635851218103069951e-02,3.389767620834636952e-02,-4.337350243365522385e+09
2.295287939480964226e-02,3.369692007486315560e-02,6.122060050367784500e+09
-1.986835470288092487e-03,7.572772140939236785e-01,-2.358075106613966823e+07
2.591353933087544442e-02,2.129145686930809800e-02,1.093885771143826103e+10
2.683686782847072294e-02,5.421911422080257781e-01,4.448668322067188025e+08
4.493279105510326193e-02,1.183834549782726564e-02,3.411324269065537643e+10
5.292601416497258633e-03,6.795791447175192346e-02,6.999705439486638308e+08
2.463289004890668616e-03,8.518551339300368952e-02,2.598963866560901105e+08
1.967422160855299487e-02,5.475546830609451243e-02,3.229391364111390591e+09
-1.071491423891181858e-03,1.443984072929006823e-01,-6.669248728563135862e+07
-3.276164914044335519e-02,3.179253142911301899e-01,-9.261711826080213785e+08
-2.967956473759270422e-02,2.422700683974468305e-01,-1.101053404151727200e+09
-1.083944294628852965e-02,9.499142317924624823e-01,-1.025588606970089823e+08
-2.776611219553436639e-03,8.010121044146427671e-01,-3.115491807706376538e+07
-5.127884907402369130e-02,6.338730876871991049e-02,-7.270873254382888794e+09
1.339979913907743576e-03,4.998704345432805618e-01,2.409303192593133077e+07
-2.598940319447344896e-02,9.347360048326139315e-02,-2.498952226311048508e+09
-6.889838866001281661e-03,2.552421948000369034e-01,-2.426091705384888053e+08
-9.129988684851899489e-03,1.699732152581462374e-01,-4.827701037282278538e+08
6.140931129238009351e-02,4.788963373184761813e-02,1.152506357180818939e+10
2.156068258736850655e-03,2.595044524020208299e-02,7.467381005944408178e+08
-6.275259725543692879e-03,7.933675074374755276e-01,-7.108990173650664091e+07
-3.164885042734251128e-03,1.418839796005048892e-01,-2.004819126868891418e+08
4.775232548224237622e-02,1.579572989001381822e-01,2.717098894687420845e+09
1.625821587571256140e-03,1.316595056681419962e-01,1.109867882691539973e+08
4.253957820744366618e-03,2.439450030675824332e-01,1.567299053234709203e+08
-4.475659252751686655e-03,1.127804587513964174e-02,-3.566759086572070122e+09
5.191448022985586247e-02,9.004714544233571871e-02,5.181663170064315796e+09
-3.922369918811538340e-03,1.296944031952561582e-01,-2.718178248888409138e+08
7.969976266042680391e-02,5.740001227620872282e-01,1.247945620139891148e+09
4.201902941849495511e-03,2.808520370979996073e-01,1.344680344176760912e+08
-3.137822219860836315e-02,5.350105342832525146e-01,-5.271286474029422402e+08
4.508227507484850217e-03,1.891416395009210549e-01,2.142245768623049557e+08
-9.030342367011234134e-03,2.368799185955351022e-02,-3.426309490596036434e+09
4.476786149952153432e-02,7.084748822968949256e-01,5.679269917837594748e+08
-4.876488982435630420e-02,1.256267152978190749e-01,-3.488798291980780602e+09
-7.901105379826193348e-03,1.669363072515540544e-02,-4.253903857012496471e+09
1.799956108065641283e-02,3.344146891423310786e-01,4.837569169125913382e+08
-1.266439463651808633e-03,1.917094407784347143e-01,-5.937334993200189620e+07
-5.205753716559054743e-03,6.333349085999709360e-02,-7.387556404156000614e+08
-5.794107254215452238e-03,2.649574773806726360e-02,-1.965445330087758780e+09
8.183998858744776297e-03,4.247249558449249507e-02,1.731842521682293653e+09
-1.059235311937934201e-02,7.120304205762209016e-01,-1.337040369316798747e+08
-1.825255809340247184e-03,6.952262696715484636e-02,-2.359653225638638139e+08
1.306271584336057140e-02,8.092028699971531847e-02,1.450863929105514526e+09
4.280454062507705465e-02,4.733546925971640618e-02,8.127440000726860046e+09
2.735380386328031127e-03,1.061736754554312295e-01,2.315535774454856217e+08
-1.035456792895275832e-03,4.028959229334458936e-01,-2.309881642000474781e+07
-4.943822188088565182e-03,1.596084559139547832e-01,-2.783925214445136189e+08
9.895776398992741849e-03,1.533916430613825599e-01,5.798274777099688053e+08
-7.415465281539509144e-03,3.982871393507260438e-02,-1.673372936845730066e+09
8.667532218046526682e-02,6.624343795914066080e-01,1.175988891108233929e+09
-6.809711824846616246e-02,6.384766645063796320e-01,-9.585931540029302835e+08
-2.715747880319797653e-03,6.977213210986815684e-02,-3.498308240945185423e+08
-4.930693855874228142e-03,8.185260578006553489e-01,-5.414098426657697558e+07
2.456676861805180342e-02,2.264580416165556248e-02,9.750141231308757782e+09
6.202664792474263389e-03,7.324965775573072380e-01,7.610677686691969633e+07
-9.522114893394199864e-02,1.741193511435907559e-01,-4.915152483894891739e+09
-9.005585394426203483e-03,7.590926831738359359e-02,-1.066271402985920072e+09
-1.395702482104745762e-02,3.341183221085428784e-02,-3.754422789523992538e+09
1.196863048168533882e-03,1.890251742300149973e-01,5.690827612937159091e+07
-7.711658175138100257e-02,4.212497739808130498e-02,-1.645351564060528374e+10
-1.944861399904032617e-03,4.567988231088510737e-02,-3.826610852663546205e+08
-3.753206850799726060e-03,3.227791348319009046e-02,-1.045075497492997289e+09
2.484518258825694614e-03,3.070285544815071904e-02,7.273007629702166319e+08
2.849725489450794999e-03,2.063387991794786436e-01,1.241288541951587945e+08
2.925717100433617573e-03,1.723219488425033197e-02,1.525957193598615885e+09
-8.829653364827726864e-03,7.319498697834155021e-02,-1.084208817241403580e+09
-1.556780672295687016e-03,1.537840532690809003e-01,-9.098436032603211701e+07
-6.235277039965333307e-02,2.999069302750249078e-01,-1.868615173824706554e+09
4.109322995706207043e-03,1.067710480581407356e-01,3.459134039763091207e+08
9.351014754640875337e-02,5.830555477204756032e-02,1.441449489283168793e+10
-1.422714372825677285e-03,5.944878298807199785e-02,-2.150925503108575940e+08
7.117620056626569602e-02,3.034582147081354431e-01,2.108077248854377985e+09
1.874140029966246549e-03,1.564442577670523485e-02,1.076695822683471203e+09
4.038317849456856019e-03,1.099707116267998296e-02,3.300457019576431751e+09
5.579838178561209380e-03,1.352097484514097787e-02,3.709063064530726910e+09
2.953391316108340547e-02,3.730767777154522097e-02,7.114975268714879036e+09
2.991685319351145012e-02,1.271447370964038683e-02,2.114794345396395493e+10
-3.286823720714533974e-03,1.359313640333118314e-02,-2.173238328838728905e+09
-2.995833978908122794e-02,9.789263762544933023e-01,-2.750542312734628916e+08
-7.491971218156548429e-03,7.302010412344353552e-02,-9.221557332728221416e+08
-6.693045166529494085e-03,3.996117911447288895e-02,-1.505345122832032681e+09
5.170172157228766774e-02,2.806248751509126671e-01,1.655882276446117640e+09
1.010956492195568077e-03,3.080909473332012899e-02,2.949199464156615138e+08
8.551441339712263778e-02,2.660082669097355718e-02,2.889314423486656570e+10
-3.851408308385080668e-03,1.210684712564356613e-01,-2.859164367077356577e+08
1.233779956084924377e-02,3.575946387716037039e-02,3.100968322270125389e+09
-3.307680916087479828e-02,1.250152353166776760e-02,-2.377996894981426239e+10
-2.308767948330680241e-03,6.369019445531726165e-01,-3.258054374953513965e+07
-2.286660476174394788e-02,3.246640223998006891e-02,-6.330210305124208450e+09
3.928061179378446871e-02,1.940470009430213250e-02,1.819373759416166687e+10
-2.551935899675222743e-03,1.533983788380672945e-02,-1.495201106965337515e+09
-1.309254418077199569e-02,2.431181217764620539e-01,-4.840133433695884347e+08
-4.665214676051825798e-02,1.619420077876986275e-01,-2.589182911776983738e+09
-6.019973068705926876e-03,1.812547097963700393e-01,-2.985079255923312306e+08
9.374173864321941330e-02,1.389790574365643017e-01,6.062255840229932785e+09
1.836335957664986598e-02,1.422504233425687763e-02,1.160243620320412827e+10
-6.827720521797442377e-02,3.445518329195986634e-02,-1.781032275129462814e+10
-4.439185886592355960e-03,1.516280274444967713e-01,-2.631324831924570799e+08
5.903926433594459261e-03,6.838435161715292754e-01,7.759519378797107935e+07
1.128716808469381380e-03,5.519088714159323672e-01,1.838096194019255415e+07
1.734052751748286006e-02,7.773735676335431499e-01,2.004855857659576237e+08
2.197457208605068518e-02,7.683958398076350116e-02,2.570313162339255333e+09
-4.450630290164137720e-02,4.017242946776934387e-01,-9.957356143172085285e+08
3.095048623415135730e-02,1.684992103381301176e-01,1.650897936226727486e+09
-1.622901914012208138e-02,4.087920582972036643e-01,-3.568128125095625520e+08
-1.855637656554371242e-03,2.770676493489909187e-01,-6.019466132018660009e+07
-5.288260877473001734e-03,5.708692724324799794e-01,-8.325816260716415942e+07
2.131643612098296867e-03,4.262967754612415755e-02,4.494207992634521127e+08
2.083902752936828487e-02,1.731780892206428446e-01,1.081521414949198008e+09
7.767994070265558416e-03,2.052642713362812232e-01,3.401309419747333527e+08
-2.631941676264110304e-03,6.790179464607370985e-02,-3.483739129630885124e+08
-1.540499753905527061e-03,1.047073433309741730e-01,-1.322315567698234916e+08
2.869469734740460239e-03,1.164728125338660575e-02,2.214255356970178604e+09
-3.545335030638432916e-02,2.616838649861576438e-01,-1.217673780286027431e+09
8.699242133582934036e-03,4.551145961740541424e-01,1.717952980625495613e+08
6.473311757584791770e-02,4.476259253431417728e-01,1.299756236267433882e+09
1.951945250250195982e-02,7.491260314099930373e-02,2.341873119704967499e+09
-3.723194142529504674e-03,2.465810395088063600e-01,-1.357083661677340269e+08
-4.224071208372899046e-03,1.502057644706055184e-01,-2.527523773430599868e+08
-1.073169074253633960e-03,9.640138573792898791e-02,-1.000542384113360196e+08
1.485736875445255352e-02,1.566531759582322492e-01,8.524193834846795797e+08
2.976639469203448771e-03,1.199306786285281312e-02,2.230727715867915630e+09
-3.786410281536613503e-03,1.207929297481825232e-01,-2.817323865390687585e+08
-8.421854514343416268e-03,1.094611983709380641e-02,-6.915095061230717659e+09
-1.949236929900642406e-03,2.560926048310102274e-02,-6.840978281322267056e+08
4.490462611573372426e-03,1.109714255547083160e-02,3.636893117169209480e+09
-7.199284133571613210e-03,2.982720447910676698e-01,-2.169338785193943381e+08
-7.425255308739856994e-03,5.267294485165204820e-01,-1.266993566416581124e+08
-3.778280832926370070e-02,4.431513445580911870e-01,-7.662893366281627417e+08
9.342397601593775691e-02,5.364607099478794217e-01,1.565204344686522484e+09
-1.334227785268595444e-02,1.233377165335983738e-01,-9.722650965680018663e+08
-2.342176141862255603e-02,3.111365664796791886e-02,-6.765799386949837685e+09
-9.896755580763937077e-02,3.055676069236167719e-02,-2.910959411802560806e+10
1.044040570201312150e-03,4.202119180241201124e-02,2.233056069399996102e+08
-1.090030938422771600e-02,9.013748357911608444e-01,-1.086886047288357019e+08
6.513538143102601090e-03,6.452212794444356359e-02,9.073166842951227427e+08
-1.398622738370210866e-03,1.271652524651634142e-01,-9.885138193571299314e+07
-8.166589564498841908e-03,4.800805394674733662e-01,-1.528893541152399480e+08
-6.820406809361202402e-03,5.126212374010699624e-02,-1.195815843206646442e+09
2.352061983347542191e-03,2.163503446146174472e-02,9.771062459903824329e+08
7.235560503345612841e-03,4.194562454136915863e-01,1.550372772121038437e+08
-1.055758949506574885e-03,3.628567043818203136e-02,-2.615051451490146518e+08
2.664026174973001260e-02,3.619552027925244247e-02,6.615067534321620941e+09
-4.414487847751877303e-03,5.026619246586195439e-02,-7.893233568102214336e+08
1.177086988783462504e-02,6.461520679393168987e-01,1.637285587591192722e+08
-8.377913801884956380e-02,5.385706421398730459e-01,-1.398118009548926115e+09
-2.901548595104391868e-03,2.309771232634774407e-01,-1.129045642081057131e+08
2.352745436627225184e-02,5.974294473775326048e-02,3.539475681920137405e+09
3.155645318551470249e-03,4.225376606971926741e-01,6.712331227939781547e+07
4.336927969623732837e-02,4.599127410115085857e-01,8.475345013785974979e+08
-1.918444152231155858e-02,3.846052533026971809e-01,-4.483163392557168007e+08
-3.728916393767723811e-03,1.461663350550436447e-02,-2.292904183945993900e+09
-2.441852164192522684e-02,8.505273512002113623e-02,-2.580368320011888504e+09
6.129623466593031589e-02,1.372146688130903569e-01,4.014984508298495770e+09
-6.373431493446424234e-02,1.744649642736380568e-01,-3.283338918375290871e+09
1.064943147479701507e-02,1.631933555934604596e-02,5.865088493242311478e+09
3.752883265491682285e-03,5.441433601965158656e-02,6.198724574695521593e+08
4.599238849774052625e-03,1.059681005366216178e-01,3.900869599740797281e+08
-5.408597967347554547e-02,9.646552658458563967e-02,-5.039218382177375793e+09
-1.808254024021946783e-03,4.259583190470531133e-01,-3.815425290137305856e+07
-2.772437490103058823e-03,2.623745052655476057e-02,-9.497094262740770578e+08
-6.661548777356864071e-02,2.547086992415164425e-02,-2.350617973680102921e+10
-1.813841759739692056e-02,9.435895470322016587e-01,-1.727694272481307089e+08
-1.395106322023452515e-03,8.952339400910722111e-02,-1.400623427512172163e+08
-5.331795279238168289e-02,3.072647608387212292e-01,-1.559593185078163147e+09
2.968011058310573991e-02,1.505737531510977986e-02,1.771604837293768311e+10
-1.184955753250625451e-02,4.758287689519788421e-02,-2.238216309216847420e+09
5.557046984730081712e-03,2.287367714427409812e-02,2.183527672421295643e+09
-1.614511468687738691e-03,1.203979293894618663e-01,-1.205237774214875251e+08
-2.238412766699588753e-03,7.561583845644784252e-02,-2.660590403766792715e+08
1.003738399048738350e-02,4.134552730653946045e-02,2.181939085909741879e+09
