1.506628583407122746e-02,5.624632423884829216e-03,5.357365351495780599e-07
5.742032586511025723e-03,6.861208630867220160e-02,1.673802590679370456e-08
-5.543990519882323331e-02,1.810937100590726597e-03,-6.122916275022575253e-06
-2.385713757503696297e-03,1.266586294835546356e-02,-3.767235402376782569e-08
-2.775107841753709885e-03,3.457437206368727499e-03,-1.605331662590587459e-07
2.614945067163874752e-03,1.705383930889036587e-02,3.066758739724376593e-08
-1.946097974423252955e-02,1.000869978509486523e-02,-3.888895257696339429e-07
6.589419593292568378e-02,3.687687406627871388e-03,3.573816674975735912e-06
-2.588277685535727082e-02,1.222848994758318590e-03,-4.233282443045787776e-06
-4.952395189709947465e-03,2.752449312928087650e-03,-3.598613220836669223e-07
2.256294332871509878e-02,8.856411389612020568e-02,5.095387049676355421e-08
1.050448655878285543e-02,3.835501504348904928e-03,5.477619745860340283e-07
3.031193950259207428e-03,1.521458799156255983e-03,3.984673461912186953e-07
2.102038150673043310e-02,7.095424463574874149e-03,5.925178265114152164e-07
-1.356121966886983951e-03,1.128873919878395967e-03,-2.402661112232784618e-07
2.594392401551888147e-02,2.446044235332583971e-02,2.121341387251391720e-07
9.240099484739187907e-03,1.195947601737602783e-02,1.545267615263937581e-07
1.205576550759146666e-02,3.308567005007970272e-03,7.287760063610653787e-07
-3.268655106559652680e-03,2.266289165704211527e-03,-2.884649049347962330e-07
-7.191713900343941514e-03,4.901731711287301424e-02,-2.934418642194074186e-08
1.384316669415218762e-02,7.178054615668653937e-02,3.857162166323371741e-08
3.729614320919150822e-02,1.268137627662792657e-02,5.882158773477228356e-07
4.228456179034707427e-03,3.021044283883414679e-03,2.799393506903770908e-07
6.590733565984363204e-03,7.515938138769167817e-03,1.753839175317229680e-07
-5.709572339370101030e-03,7.534119075995057181e-03,-1.515689730269553216e-07
-2.000610224434921924e-02,2.354567303824125265e-03,-1.699380314688604687e-06
8.527085717758434158e-02,1.847628992281792962e-02,9.230496637855155304e-07
3.296836474104763732e-03,4.275659631545188771e-02,1.542174397944694920e-08
-3.779409577909711299e-02,9.749037282025188600e-02,-7.753565075640043632e-08
-5.183014584849967611e-03,2.458270167796594574e-02,-4.216887629929210931e-08
-7.498029019641247461e-02,1.882068601887081430e-02,-7.968028440494142954e-07
2.559819785579854276e-03,5.368520357914375978e-03,9.536609403384320666e-08
6.111916053023258577e-02,6.582225984155547563e-03,1.857136390709207187e-06
3.004422587351809198e-02,1.596197215815172528e-03,3.764555268766781521e-06
3.374991003290931692e-03,4.651553636894457944e-02,1.451154972968853448e-08
-6.774842479875237133e-02,3.990900725170330385e-03,-3.395216598665847496e-06
2.797291367004382974e-03,3.795929557765717610e-02,1.473868607230862156e-08
-8.270567856796957537e-03,1.996756117779961009e-02,-8.284179749920829044e-08
2.535778268542804564e-03,6.739071510565168392e-03,7.525760946083500729e-08
-2.154979821469608231e-02,2.141861569650842581e-02,-2.012292078103387567e-07
8.124974573787214008e-03,6.871414592935877474e-02,2.364912440338593032e-08
6.326176063927420323e-02,4.982105359793453231e-02,2.539613196671670354e-07
-4.840675259270618876e-03,2.994775851203397565e-02,-3.232814864139035869e-08
-8.074948447301086296e-02,2.695889681367497938e-03,-5.990690045599727572e-06
-4.099523125139690333e-02,1.636011898578408966e-02,-5.011711822914773051e-07
-9.342780385947008215e-02,9.929185161784585822e-02,-1.881922518254367099e-07
2.328257521828517099e-02,3.495777899480219386e-02,1.332067984583085022e-07
-1.210524156034370469e-03,1.955994482471217020e-03,-1.237784508514494858e-07
1.718594934253988345e-03,4.983354625002402172e-02,6.897487815708605324e-09
-1.270157375226254985e-02,2.439620162840814427e-02,-1.041296787175492209e-07
2.716481104894970244e-02,5.061796655480419425e-03,1.073349608371734511e-06
-9.057406436930589416e-03,9.953939120162732385e-03,-1.819902344190996523e-07
-1.266591910342036720e-02,1.257806471638116784e-02,-2.014012181985748453e-07
2.562067502231621732e-02,1.310648517052901774e-03,3.909700911225928720e-06
-1.369249103845679959e-02,1.509728600985195965e-03,-1.813939470286953096e-06
2.284072762657740618e-03,5.985867476881691351e-02,7.631713274396005243e-09
2.454162496866948377e-03,3.838804320477192441e-03,1.278634882894212136e-07
-2.028957884371922205e-02,1.573743863047511252e-02,-2.578565637998514456e-07
-3.456678643846149059e-03,5.146396892900063046e-03,-1.343367813022106553e-07
-2.469560684011903092e-03,2.012163442083269704e-03,-2.454684364615451608e-07
-9.476959839901319405e-02,2.652613372785647249e-03,-7.145527478251233749e-06
3.125039013170886285e-03,1.157001937910180286e-02,5.402074450217178991e-08
3.479284811357445228e-03,2.375929372010481596e-03,2.928840105701773173e-07
-3.445041889103630812e-03,6.222708692232295329e-03,-1.107271813057854892e-07
2.846480954936845414e-02,7.285805498974212008e-03,7.813937215328072647e-07
3.434929115373110131e-02,1.731101446493756024e-02,3.968573865612178410e-07
2.718698744947449161e-02,3.965385341164246596e-02,1.371244498122396314e-07
-8.042151451905728970e-03,1.376528283061013470e-02,-1.168493542335098874e-07
-3.874293266587035267e-02,2.420832465718952484e-02,-3.200862104946274496e-07
-5.165075486910745105e-03,1.536090829255647812e-03,-6.725103690423007658e-07
8.604150747276457373e-03,5.366498538912241323e-02,3.206684284927834670e-08
-6.838717790368360749e-02,9.378438702442759567e-02,-1.458422467813384307e-07
8.308629713071554596e-03,2.581085435204910194e-03,6.438226219530743608e-07
3.390150669425319625e-03,3.607873499617576807e-02,1.879346703357092158e-08
-7.557772954618283655e-03,4.982086281060780358e-02,-3.034043510823808074e-08
-2.382531855441085821e-03,1.448396015960828551e-02,-3.289959885583958953e-08
-3.415421017084473675e-03,4.491534800254595380e-03,-1.520858067196442085e-07
-2.579123564695537038e-02,1.094962764568810018e-02,-4.710988096466932943e-07
1.810324303103692106e-02,8.435872263566568385e-02,4.292058126260037016e-08
-3.050958114459354636e-02,5.265808145694632347e-02,-1.158805163132336657e-07
-3.833841132833885890e-02,2.190149718601294097e-03,-3.501059700673213060e-06
3.143672593598760556e-02,5.494815831229589442e-02,1.144256468669271122e-07
-2.201907971035431746e-02,1.786344770199417217e-02,-2.465318807741680117e-07
-7.140077242709200189e-02,1.091366419678991770e-02,-1.308493384912464316e-06
8.366484131540147251e-03,2.286526843511420964e-02,7.318227320492210930e-08
-2.398346123829613041e-02,3.789397268078535403e-03,-1.265846164788122842e-06
-2.130548928957387480e-03,4.688434899190894491e-03,-9.088722226304038725e-08
-3.560985894831360937e-02,2.777528958797443812e-03,-2.564193919079282723e-06
-6.461622262504204683e-02,5.652987687339211531e-03,-2.286139538461869358e-06
9.398846952418747625e-02,1.672090680993104997e-03,1.124226865752850371e-05
-3.883993359388192290e-02,6.241052834594890131e-02,-1.244686065789592497e-07
5.123204159471961283e-02,1.461685897518031664e-02,7.010141981093284318e-07
-5.373071363464077682e-02,1.131015986084293401e-03,-9.501519708213660166e-06
3.450980805874979268e-02,1.089308271036409231e-03,6.336230252540098324e-06
-1.049888384341724802e-03,4.171528530169490295e-02,-5.033697589553896032e-09
1.703711614293590935e-03,4.211440049053055343e-03,8.091045983532971666e-08
4.058985030217394756e-03,2.628425419993279076e-03,3.088595249114011462e-07
2.044348811420686370e-03,9.674472481826147663e-02,4.226364138211516101e-09
1.023762629834707285e-03,1.340078499143813493e-03,1.527946828938247651e-07
-2.477977244599719082e-03,3.517871355538536998e-02,-1.408823438293752590e-08
4.654029439135577012e-02,1.097971306668596610e-02,8.477686321301160012e-07
1.053674028386458218e-03,1.256521436134166786e-03,1.677164192190651424e-07
-4.928860187017626571e-02,1.067461284900898637e-02,-9.234929287606418334e-07
-2.747810656765614298e-02,2.936708893712424925e-03,-1.871393484896136363e-06
9.709416818231416876e-03,5.335210003815319540e-02,3.639827776093081571e-08
-4.038264308748553376e-03,8.045791266713027412e-02,-1.003841595572116959e-08
-6.380238128358175533e-03,1.799070798671323357e-02,-7.092965407940122855e-08
-3.028687771616011496e-03,1.362426539811666983e-02,-4.446114237921284131e-08
-3.823067767337864908e-02,7.171812349135538167e-02,-1.066159759617822429e-07
-1.628409218045640677e-02,2.046127105384418568e-02,-1.591732748943579022e-07
-1.108150374709808124e-03,6.685984142348832225e-03,-3.314916272681543372e-08
-9.012858563615727334e-03,9.902629310689669770e-03,-1.820334674414703688e-07
5.348017766010268285e-03,4.226749159481719975e-02,2.530612066313761468e-08
3.281392495006783556e-03,1.701076744626366100e-02,3.858100009545363821e-08
-1.188427400887745108e-02,1.648255300895334202e-02,-1.442073457972660522e-07
2.803574283887784457e-03,1.178745474416011477e-02,4.756979036166598325e-08
2.150015391912574354e-03,5.564961328365596732e-02,7.727137253140636255e-09
-1.135330986627636554e-02,3.041837781068902190e-03,-7.464928453300528000e-07
7.637903833322644276e-02,9.963168062141722001e-03,1.533260466263081819e-06
-2.446609179280554141e-03,5.416845577748008282e-03,-9.033527145840376055e-08
-5.446737634324499283e-03,2.206335471967210346e-03,-4.937465987173596989e-07
4.435485561019458615e-03,5.361287093485962718e-02,1.654669698707596987e-08
-1.151051309706494549e-03,1.009411303384923249e-02,-2.280687214025312747e-08
-7.758717775341153478e-02,3.467589626207644160e-02,-4.475086844406972192e-07
6.780215120007100638e-02,6.689828596610890299e-02,2.027065073206271449e-07
7.125220636709120141e-03,9.652312028329050608e-03,1.476407261030468821e-07
-9.807064271955896750e-02,2.822368761025994752e-02,-6.949674643591170294e-07
1.269290709591622832e-03,5.482975442325298959e-02,4.630032171692705942e-09
1.595394148873428494e-02,1.002021676641755808e-02,3.184418119387225594e-07
1.420596464583572839e-02,4.351314897386954032e-03,6.529642799161291860e-07
-8.314963389917388870e-02,4.008775569210952690e-03,-4.148468593231695766e-06
-7.167843474479222710e-02,1.347851148114712592e-02,-1.063618268845469809e-06
-5.024160529179707430e-02,7.261106598801003731e-02,-1.383884683976946859e-07
4.879385358341506440e-02,1.781412342705714297e-03,5.478225053806999260e-06
-1.343175894960950238e-03,2.203996161747036504e-03,-1.218880877124912238e-07
4.679511785556553227e-02,3.359521528281264515e-03,2.785879483992043810e-06
2.078590250415352902e-03,5.600467596436203843e-03,7.423074260218608495e-08
4.707985426687976566e-02,7.462395321811749263e-03,1.261816104062032995e-06
-4.575021111977492679e-03,2.111012076332522899e-02,-4.334525805906122335e-08
-1.684235432219939816e-03,3.137470627263090617e-02,-1.073649037435858733e-08
1.016202511337551632e-03,8.723109755280908720e-03,2.329958228862916937e-08
-1.962810894979663892e-02,1.271291189070090054e-02,-3.087966861497943437e-07
-1.207540232094502647e-02,1.936071802834445771e-02,-1.247439114155139081e-07
4.815156472880045141e-03,1.151304831228758480e-03,8.364871726307742191e-07
-1.452121389870932554e-02,1.354949563522098600e-03,-2.143477856951376003e-06
4.032088022844292768e-02,1.281426774117515321e-02,6.293256292019236127e-07
1.376443327006715567e-02,1.232271843913192860e-02,2.234040373385789297e-07
1.173610449004718753e-02,1.009159593650745023e-03,2.325965787542065437e-06
-1.377986074251111434e-03,1.055261109990518475e-02,-2.611704898566743220e-08
1.234322530015864033e-03,6.773342108317717547e-03,3.644725731085773785e-08
-1.067827086840018825e-03,2.509374010637843364e-02,-8.510885454730682278e-09
4.637339127836597949e-03,7.578084277119387369e-02,1.223907607498741391e-08
-1.113952272505692358e-03,8.641290206087857972e-03,-2.578262911951242886e-08
3.092074186112724749e-02,5.141569785061156188e-03,1.202799886707694076e-06
2.137607631503542910e-02,1.232698977160600002e-03,3.468248154058270438e-06
2.406642377844181446e-02,7.184335903320420227e-03,6.699835480176966101e-07
2.070440052543048859e-02,2.194158690884636265e-03,1.887269121286367042e-06
-5.074400065450914397e-03,3.780524782374821129e-03,-2.684552013016670969e-07
4.246840012294614275e-02,2.815985262649932375e-02,3.016301367586646456e-07
2.464008429334109667e-03,9.374216872916087129e-02,5.257101966200738209e-09
2.602456593662520138e-03,2.161321962415966788e-02,2.408259245183879068e-08
8.739884857836582865e-03,1.501074843337663750e-02,1.164508258006400813e-07
5.507864025163372590e-02,8.864772092557444277e-03,1.242667223602491340e-06
7.252058037565518867e-02,6.210569630420649523e-02,2.335441772709878860e-07
-8.245086817220715139e-03,2.294462782663760775e-02,-7.187095629025911428e-08
-1.529899705478224466e-02,1.239966242323080770e-03,-2.467699694759593369e-06
-1.326355593572385453e-03,3.329952602376645004e-02,-7.966382033576916422e-09
-3.863670188909646558e-02,1.182728344807564523e-02,-6.533625688286647400e-07
-1.177092574035611475e-02,3.300332594991414042e-02,-7.133326775510145384e-08
-2.906817795744693483e-02,7.277408176691131658e-02,-7.988776736838801809e-08
1.200118055598151535e-03,9.701895656569954965e-03,2.474039210224833259e-08
-2.384947382148264183e-02,1.558090500834326091e-02,-3.061437024544313193e-07
-2.592153417865315432e-02,7.717284556809039797e-02,-6.717928788204804958e-08
-1.511543281580066643e-02,2.232889212200397933e-03,-1.353918803762418156e-06
1.695817085910364397e-03,8.629769568365740565e-03,3.930239493433797979e-08
-1.173327547973723088e-03,5.101841064229650780e-02,-4.599721640469449585e-09
-3.865445603238867617e-03,9.739744189576104993e-02,-7.937636809963464630e-09
1.930920587579541478e-03,5.457637275397245191e-02,7.076181322657920265e-09
-2.792682744108270984e-02,1.580193269521110860e-03,-3.534684064834713716e-06
-1.222780023491004328e-02,3.638071577372550477e-03,-6.722275447321810661e-07
9.045746084508076226e-03,1.996163505589761480e-03,9.063323664877989653e-07
-1.799383570314731437e-02,1.998828679746696493e-02,-1.800476207298320655e-07
-1.970167566913933431e-03,5.037994187025597592e-02,-7.821403862055796659e-09
-7.889870988396566198e-02,3.525351799195636238e-02,-4.476170778755707234e-07
-1.681798441971960739e-03,7.145969073025711105e-02,-4.707084792396980281e-09
7.391217837476940500e-03,4.846131847816134014e-02,3.050422422496459052e-08
-1.158248741780678985e-02,7.321531425895819178e-02,-3.164019230501484948e-08
-4.678095278598263553e-03,3.012546979080396679e-03,-3.105806844715798350e-07
-1.215632072706370088e-02,2.343780258837950808e-03,-1.037347980905849842e-06
-2.851378704153997162e-03,5.640140076023285320e-02,-1.011123536394913223e-08
1.666688122633103262e-03,9.195315955490655779e-02,3.625157603559083946e-09
-4.331953301826388381e-02,8.399245930351477776e-03,-1.031531932832495949e-06
-9.967928796254316853e-03,4.095113652788555381e-02,-4.868309448052283994e-08
-5.848621264375544922e-03,2.383571192176363058e-03,-4.907548261087161033e-07
-5.174031113467170845e-02,3.035811469886924574e-02,-3.408736622929087614e-07
7.539314454434177526e-02,2.914913082430843627e-02,5.173035470190730204e-07
4.213564225922468605e-03,1.516397796888379994e-03,5.557451502265340045e-07
1.531540326137976679e-02,9.668309564799436318e-02,3.168232882994205650e-08
-3.298002313284453899e-03,2.310106759623926226e-02,-2.855341866100218334e-08
-6.553632793868427453e-02,1.941014638187538860e-02,-6.752933940273399840e-07
8.683123909519774655e-03,1.525050823221256978e-02,1.138756554230573678e-07
-2.705302920252261253e-02,1.193879986252763389e-03,-4.532047338589365908e-06
7.921254433590431757e-03,7.836564193925428523e-03,2.021657009141795607e-07
2.666946107399428140e-02,4.915789368446194831e-03,1.085076060320684954e-06
-3.783353451637314936e-03,4.695258270821691358e-03,-1.611597696531835323e-07
-2.156828292366873723e-03,2.162545222789018663e-03,-1.994755089401493911e-07
2.774358255009637744e-03,1.701320751850900204e-02,3.261486235018325973e-08
-3.070273174055744222e-02,2.068051683264524043e-02,-2.969305194658109224e-07
4.867368721590718122e-03,1.351656299308156076e-02,7.202233251634361629e-08
-1.202263153793295403e-02,5.889036625213294601e-02,-4.083142060772009837e-08
1.179681951714395141e-03,6.832652505153313967e-03,3.453144953922022875e-08
-7.513271268923812918e-02,3.919131735757999668e-02,-3.834232249688822071e-07
6.417002933672695530e-02,5.721085294802903329e-03,2.243329272413300480e-06
1.892632886309998652e-02,8.155818082958427029e-03,4.641283106101733373e-07
-3.261373902777284488e-03,7.615913927389088289e-02,-8.564810780574436072e-09
2.260107303910599899e-02,1.308053059836123246e-03,3.455754688219733446e-06
-1.059064132857272418e-02,3.910976146030062384e-02,-5.415970637340057370e-08
-2.646402106647621245e-03,1.865022414237585066e-02,-2.837990818652348466e-08
-6.113941784662742240e-02,6.715752608401798739e-03,-1.820814980732090281e-06
-5.263598651463984729e-02,2.458162997096973237e-02,-4.282637329617355912e-07
1.323319831156734294e-02,4.073234629030940412e-03,6.497773994984126890e-07
-3.267424666641726566e-02,1.526081862369580919e-02,-4.282200133884927728e-07
-8.526147504023061374e-02,2.630686802802147378e-03,-6.482207123942607977e-06
-1.907785444507254088e-03,8.712621659694967310e-03,-4.379453139102703812e-08
-1.821390252755706457e-02,1.507575371086609722e-03,-2.416368593399021719e-06
-1.731972613738222422e-02,3.996730889144117262e-03,-8.667130220508110850e-07
1.185373177291796894e-03,2.659434699411821271e-02,8.914663876272020872e-09
2.945550826213378867e-03,8.782546921437961451e-02,6.707879469983465195e-09
-5.643269613051226513e-02,4.074193425301781898e-03,-2.770309964778996837e-06
-1.186543724741188910e-02,6.016541575390808166e-02,-3.944355340087163555e-08
-3.030971250486027679e-03,4.010752294049442154e-03,-1.511454871045068333e-07
-6.425283382865625004e-03,1.690958124591371292e-02,-7.599738381811216053e-08
-7.357387788250335792e-02,1.840016150960861741e-03,-7.997260083591563372e-06
9.701322573066709087e-02,2.614545645461375991e-03,7.421196399124646352e-06
-9.725036812347992096e-03,2.018580923807216342e-03,-9.635722791539299214e-07
1.791293449331779475e-02,2.053928875751157707e-02,1.744297447420613505e-07
1.376844762221640737e-03,1.928994375937464817e-03,1.427556229349437604e-07
-3.602874877098276654e-03,9.426585310799161926e-03,-7.644234227270069600e-08
1.700396807871945928e-02,4.002040686249217633e-02,8.497829039039217965e-08
4.170356772682153740e-02,2.606315342756882012e-03,3.200261433426034969e-06
-3.747799466958507027e-03,2.483546362112659407e-03,-3.018167105907892437e-07
-1.696076910056115369e-02,3.252290829547666712e-02,-1.043026578735850652e-07
-8.844790034360169861e-02,1.374704769082860795e-03,-1.286818501766440000e-05
-1.648822250791301229e-03,7.218371895347081534e-03,-4.568501736231300680e-08
-4.844017628910165206e-03,4.024409901732125400e-02,-2.407369280014408069e-08
3.477150839781879485e-03,1.080702439064071090e-02,6.435119370505012510e-08
1.667186170034579053e-03,2.994355208272313218e-02,1.113576325894307086e-08
6.764199342701164575e-02,1.620588366153141941e-03,8.348008625997409884e-06
-1.714023147499771707e-02,2.454870757587615960e-03,-1.396456005949170787e-06
-1.674518756036863379e-03,1.953485918544679584e-03,-1.714426770395401084e-07
-1.667717126609956704e-02,3.385711740515566850e-03,-9.851709958093743218e-07
-2.258811783685403529e-02,1.943705613581241803e-02,-2.324281705515872495e-07
-1.414903250469836619e-03,6.934314477020490398e-03,-4.080960761548392123e-08
-3.426638965057664937e-02,7.522758960943747020e-02,-9.110252425360503836e-08
1.508377474420719185e-02,1.425322334250888169e-03,2.116587153650639542e-06
1.833771728358432260e-02,1.281003507197347666e-02,2.863084476166145800e-07
-3.566799707101993289e-02,4.847207527076273503e-02,-1.471723811609321257e-07
2.464441836057652824e-02,1.376356640350899930e-03,3.581185343064765829e-06
-1.859684001746414114e-03,3.424517048973876876e-02,-1.086123049847957202e-08
-7.088617376329459097e-02,3.076162781856596473e-02,-4.608837859396247132e-07
3.185989180276589845e-03,2.978153129205595318e-03,2.139619170417826898e-07
1.992828848545793660e-02,5.405878177258770408e-03,7.372978289796283058e-07
-6.684805184410627654e-02,7.178269020675662714e-03,-1.862551255241518592e-06
-1.516467023022809169e-02,1.569252034522746267e-02,-1.932766895418678355e-07
-7.474225074033975270e-03,2.635339557642044951e-03,-5.672425476383075288e-07
-3.050580924596448321e-02,1.309991211090486170e-03,-4.657505500733882821e-06
5.370131128222052630e-02,3.114023152190087407e-03,3.449072008121037023e-06
-1.142412737875618187e-02,1.243922828861868200e-03,-1.836829335510969807e-06
9.956773955230095730e-02,4.074396555498289822e-03,4.887587661183119668e-06
3.533982018621636967e-03,4.770178957853221137e-03,1.481729308395586990e-07
-1.148708473310096345e-02,3.061061468979071193e-03,-7.505454249829578905e-07
-1.690993490737784793e-02,2.907484556077443230e-02,-1.163224999983047577e-07
1.371178357062562136e-02,4.989573014570633513e-03,5.496291724808858494e-07
-6.270797831881716120e-03,2.170274567490412809e-02,-5.778928571191385815e-08
5.478734593624850525e-03,1.686868390843834081e-03,6.495884139330197044e-07
3.749510957079656148e-02,6.953121514888064951e-03,1.078534435637496906e-06
-2.682315607183067066e-03,3.383340666478096975e-02,-1.585635483313630984e-08
5.920195664404485913e-02,5.367516132280249208e-02,2.205981724911716583e-07
8.557707545590972908e-03,6.722649201364636583e-03,2.545987101721359372e-07
2.454339643818000908e-03,1.646056270790353937e-02,2.982147999003611351e-08
1.989076404162725201e-03,4.092354425184330929e-02,9.721145293217467871e-09
-5.747510349870161434e-03,8.093279968405090591e-03,-1.420346829162956772e-07
2.042058867505773621e-03,1.040301326654580758e-03,3.925982083943571720e-07
-3.036838990110259789e-02,1.824415076217453593e-03,-3.329180348684221464e-06
6.050834505141537700e-03,6.684881156235548960e-03,1.810342687779991510e-07
3.963280696375900101e-03,1.022282618077510058e-02,7.753951203594660402e-08
1.546830801372721343e-03,9.029424191106404096e-02,3.426272996276991298e-09
5.678457022300019072e-03,1.792674341461605696e-03,6.335314057449689152e-07
4.369740432765635389e-03,7.391023824734119230e-02,1.182470312792039929e-08
3.435475358346056635e-02,1.494781711451228894e-02,4.596722327923170900e-07
-9.502747596083613302e-02,4.823138921069471119e-02,-3.940566229144576149e-07
1.219537355804673623e-03,9.956688533497844162e-02,2.449736619626680256e-09
3.026210171626369464e-03,1.572353086719311495e-03,3.849357235857474774e-07
-1.185832615088888882e-02,1.433329375582530728e-02,-1.654689829221728944e-07
2.953489860419957966e-02,3.400811770184687839e-03,1.736969118922378062e-06
-3.455491888394691957e-02,1.042287728761188579e-03,-6.630731790272115487e-06
-2.751881198858290370e-02,4.074005251523907939e-02,-1.350974976173946770e-07
-2.003829036621527799e-03,8.839014932889424636e-03,-4.534151279401573887e-08
-1.255109738971750457e-03,4.390721336102469848e-03,-5.717221691893401401e-08
1.456988318793772837e-02,2.766970729488553871e-03,1.053151166352120727e-06
-1.258342463908620253e-03,1.420694053743369947e-02,-1.771485075885803701e-08
-6.521644621754991988e-02,1.532510303014901140e-02,-8.511241915818116550e-07
-1.974990779064604747e-03,1.071141421174978637e-03,-3.687715991542119991e-07
3.979820486263398877e-02,1.431172100150386942e-02,5.561741887997394266e-07
-8.784795846855046608e-02,4.368616348155449428e-03,-4.021860239649944325e-06
2.376655196206859440e-03,1.258661101139000715e-03,3.776561632722799181e-07
2.790144464936676443e-03,8.198268419613281496e-03,6.806812143103330867e-08
6.886370656196449773e-03,3.836834346797245339e-03,3.589686763907885027e-07
-1.912319490495217140e-03,2.843754881331145637e-02,-1.344954214296144751e-08
-1.364175083787004051e-03,3.477063248493909766e-03,-7.846874929712158408e-08
-3.420001343230950203e-02,2.988084822054711681e-02,-2.289141101748492621e-07
-4.918232871925574956e-03,3.974773363931281139e-02,-2.474776170014169219e-08
-3.048120556552849029e-03,6.111883339980142549e-02,-9.974618447343077628e-09
-2.868286488857772244e-03,4.284668883322514249e-03,-1.338888680170630416e-07
-4.474445549560621821e-02,1.216674097421148243e-03,-7.355364060606254923e-06
8.861555566976179674e-03,9.850595073344391508e-03,1.799230092982027620e-07
-7.402424412483074936e-03,1.626022363770189072e-03,-9.105140990853946968e-07
-3.623980487515880700e-02,4.438390844494629998e-03,-1.633050125171091026e-06
2.069194136385971421e-03,2.942665645474623094e-03,1.406369787780781558e-07
3.496821213892911673e-02,1.428006825587176641e-03,4.897589182912122619e-06
5.415576676968531650e-02,5.056763822393291891e-02,2.141959461194634196e-07
-6.864776184749432283e-03,4.154906816840062134e-02,-3.304488937106237361e-08
-8.590752320501982703e-03,4.581244959884184925e-02,-3.750480329754891413e-08
-9.422392470422430097e-03,1.157004612621033001e-03,-1.628790800385878200e-06
2.674779688660576440e-03,5.580181065500746350e-03,9.586916254778592312e-08
3.904097306974365234e-03,5.261018048718614330e-03,1.484191875956552908e-07
4.917148611837354744e-03,3.464034816873332034e-02,2.839032040955120076e-08
7.887291649020944373e-02,2.473794797438393176e-03,6.376809400903938193e-06
-1.820314066607389269e-03,2.680342193982642590e-02,-1.358298716146981042e-08
4.533632283698601356e-02,4.447326694703431643e-02,2.038855593798144623e-07
8.774379101548712701e-03,3.070116062418994096e-02,5.716113040546018613e-08
1.191254942005572168e-03,1.114892762823035564e-03,2.137031024891079959e-07
-4.121742020030157508e-03,9.385092011714198101e-02,-8.783780592319689868e-09
-2.743700322656837318e-02,2.524928020093740975e-03,-2.173336033526124523e-06
1.333089925284577232e-02,1.983598476476689312e-03,1.344141185413238127e-06
-5.151447531898364213e-02,1.138914592880706537e-03,-9.046432173982969067e-06
1.286007840919032577e-03,7.497524278347683646e-03,3.430559403151105424e-08
-1.930858714069001118e-03,8.390729944896830467e-03,-4.602459346344930210e-08
-4.235434479373559671e-03,8.321133568459065932e-03,-1.018016184864120362e-07
-5.506879012708410653e-02,1.551633271997898342e-02,-7.098321398616264524e-07
1.060178664313077800e-02,3.796227504982502970e-02,5.585551193748966064e-08
-2.045739428265919667e-03,3.372433355273902946e-03,-1.213238399987942853e-07
3.202330407434058040e-03,5.091276246287913809e-02,1.257994334909116851e-08
1.611065822642993722e-02,4.651647164124558635e-03,6.927008609735512924e-07
3.947297796405773579e-03,3.602344783322559973e-03,2.191562311132218333e-07
-4.734303284570109960e-02,4.938932698853816528e-02,-1.917176848036179709e-07
-3.332077531352080346e-02,5.347143220182075211e-03,-1.246328395049287171e-06
1.744058461964597198e-02,6.202972255685254392e-03,5.623418536585560363e-07
-7.660838785125377581e-02,7.209778665727879093e-03,-2.125169619683727548e-06
-1.322926112530025539e-03,5.131777141494474684e-03,-5.155929959325834056e-08
-5.999449260872983386e-03,1.853489732709186905e-02,-6.473816843727265367e-08
-1.091155906263646495e-03,1.045763607810502871e-02,-2.086856043799967674e-08
-4.459759364218759264e-02,1.970898669713187085e-02,-4.525706000495623211e-07
4.702910575550470207e-02,5.517456159254052230e-03,1.704774882277067772e-06
5.760222372380995048e-02,2.947847112704861036e-03,3.908170500205002563e-06
-9.493785415780595094e-03,5.653328617805940086e-03,-3.358724548614251064e-07
3.802389725676258870e-03,9.058958081458970413e-03,8.394939794615461251e-08
4.757071242191643345e-02,2.976723606310779924e-02,3.196247137377912101e-07
5.418964268443877443e-03,1.034298133354472418e-02,1.047875664623144462e-07
-4.128784036897078201e-03,8.049292101948350708e-02,-1.025896828549554767e-08
1.084056013904524315e-02,6.895525952257160196e-02,3.144296801175942667e-08
1.635366012856111651e-03,2.435038660461036342e-02,1.343223604625877698e-08
-7.930214394695763586e-03,3.529602896326579971e-03,-4.493640134159950796e-07
2.268194931082501836e-02,7.156910249827250214e-02,6.338609725535758068e-08
1.157201323233738666e-03,3.000032045464008559e-03,7.714756729995001156e-08
8.018016001237629475e-02,1.383838992279969038e-02,1.158832223990794475e-06
4.214736513262616613e-03,6.492417372829617506e-02,1.298384154112138140e-08
1.806658277193883781e-03,7.380785068405756877e-02,4.895675960282638090e-09
9.707925604681348630e-02,1.531335992992100209e-03,1.267929648468155939e-05
9.271616678197648967e-03,5.194720855269455845e-03,3.569706096991839139e-07
-1.542036316375738859e-03,1.480484318632154309e-03,-2.083195354098031782e-07
6.878341654802909433e-02,3.537458646811611485e-02,3.888943023823990841e-07
2.083301795675788787e-03,4.889616342595941301e-02,8.521511064460578526e-09
1.483493098733422054e-03,1.938343009336731832e-03,1.530714182726490156e-07
2.944379491703780563e-03,6.170015767815817918e-03,9.544357942895581383e-08
-3.170030898720496010e-02,9.712047821660501484e-03,-6.528176553453286709e-07
2.454335884204558726e-02,3.251280502746860257e-02,1.509797721436587593e-07
4.858004841117384044e-03,2.379530082133464886e-03,4.083249822474589412e-07
9.341860247374690618e-02,2.242478202528510461e-02,8.331905659832176304e-07
-4.128507028014983572e-03,1.628456784118017045e-02,-5.070560846607615195e-08
2.102592253299256919e-02,3.396358864237768085e-03,1.238171193972925828e-06
-1.249083483100185687e-02,6.780142010878144332e-02,-3.684613028995987830e-08
3.386754037797840445e-03,1.043639158999111038e-03,6.490415486874976773e-07
-2.202639068898537642e-03,1.374945192114110717e-02,-3.204034321581446040e-08
9.336894360783859481e-02,7.975507625001650863e-03,2.341441538504191546e-06
3.949239517700938763e-03,5.004610724217316287e-02,1.578273919603920051e-08
-2.412779652345929324e-02,1.831966131958462146e-03,-2.634143494169844846e-06
2.764405704801584877e-03,2.908986906521124783e-03,1.900637186939747652e-07
3.768572311737670988e-02,3.122613170649528140e-03,2.413781052942319876e-06
1.822084957766507887e-03,1.427640169619004591e-03,2.552637069145302707e-07
4.332775331033878602e-02,5.515707283323487142e-02,1.571101227282563505e-07
9.936910275154786296e-03,5.002563576267735589e-03,3.972811504650812378e-07
-2.112158648780884315e-03,9.785573788210301382e-03,-4.316974148215620947e-08
3.348758321940965149e-02,2.336660257324489273e-02,2.866338268724404169e-07
-1.152896928935338156e-02,5.541152364919230827e-03,-4.161305479848880163e-07
7.388215349972095634e-03,1.340505186134993525e-02,1.102326518494556961e-07
4.341825511886462929e-02,1.290548416133439425e-03,6.728794611086094011e-06
4.408749643187307235e-03,4.988333458710222761e-03,1.767661765738223768e-07
1.182514202946164175e-02,1.852596322029742212e-02,1.276629207618864664e-07
-2.189219475309543521e-03,1.834610820614627699e-02,-2.386627060146395781e-08
1.007452152624528294e-02,1.232247991453473256e-03,1.635179818405033881e-06
1.471500139470297659e-03,6.233589530382398908e-02,4.721296924833903450e-09
-9.774144811526929225e-03,8.629526302429245399e-02,-2.265327621793231925e-08
1.388209790936253398e-03,7.426416871717157579e-03,3.738651526444204181e-08
7.308560028879493298e-02,4.377808421278678308e-02,3.338983509627989938e-07
2.963701314410530606e-03,3.556012850673099385e-02,1.666902965258853824e-08
8.527922459165150626e-02,1.040638682628079736e-02,1.639013329439072303e-06
3.255674148371453646e-03,2.124504538225485163e-03,3.064943521248106202e-07
1.986794555029594827e-03,1.295492923804774515e-02,3.067306140978840124e-08
-1.971571081723048988e-03,2.019641527057471769e-02,-1.952438467657078929e-08
-9.761632955132631961e-02,1.498189246153731110e-03,-1.303151794901528076e-05
7.239917339780768679e-02,1.587322251507810840e-03,9.122370597910059889e-06
-7.381888700929854774e-02,7.624499985757973719e-02,-1.936401155438848309e-07
-6.111002775306747375e-02,3.685590031787097653e-02,-3.316230157845660996e-07
6.216262364773295947e-03,2.805346147489429752e-03,4.431819748381605841e-07
1.520333062829563832e-03,5.182911854625505028e-03,5.866838394738250155e-08
-7.594661718757652301e-03,4.676018904471545938e-03,-3.248414079377176819e-07
4.844309757193961813e-03,6.618623198581151217e-03,1.463873187199116070e-07
2.494593213154201392e-02,1.660736523246064645e-03,3.004264789024059380e-06
1.221168580784668528e-03,9.213221301351838186e-03,2.650960929246111561e-08
5.140850037398442263e-02,1.069711791127057887e-02,9.611858318414844157e-07
-3.098266527810198193e-02,3.232157989926964098e-02,-1.917191090408092759e-07
5.395048063605805896e-03,2.641972064043659942e-03,4.084193455938796876e-07
-1.584824953333886441e-02,4.980068560715680132e-02,-6.364806237083072171e-08
3.038466538068064493e-02,1.743868231108558833e-02,3.484817187528193182e-07
2.077223304615241888e-03,1.203751673230325087e-02,3.451322086462354192e-08
-1.544093443994527413e-03,1.921174589154254694e-02,-1.607481388904496745e-08
1.528036264182122119e-03,4.438787409284030740e-03,6.885072598095459413e-08
1.515707901652074349e-02,5.149480277401310285e-02,5.886963236368098649e-08
-1.217342444840983874e-03,2.155568789839173733e-03,-1.129510014944495343e-07
2.047368458903930585e-02,2.195054744306957316e-03,1.865476835612940681e-06
-5.559200987146833972e-02,3.190531470255095203e-02,-3.484885803430311943e-07
-9.733028531697839741e-03,6.121233594193252990e-03,-3.180154733894530712e-07
-5.796673032517290353e-02,1.538819585879920571e-02,-7.534081381650563771e-07
1.573293845903674451e-02,4.918427386284327830e-03,6.397684040911241733e-07
-3.172857558410893675e-02,3.977776667920470549e-02,-1.595325795442116919e-07
-1.416954463870823480e-02,2.982899719084141418e-03,-9.500718460597748598e-07
6.517575361434782555e-02,8.791345899693561727e-02,1.482756722678510599e-07
1.599386273915335763e-02,6.470640694942500840e-03,4.943622360408089877e-07
-5.815637949916740296e-02,3.198207237458299771e-03,-3.636888346339848398e-06
-1.030562203826280348e-03,2.754566511374163893e-03,-7.482731388922732059e-08
3.220900700469184197e-02,7.723343288064923873e-02,8.340867172337620902e-08
1.260578439113877467e-03,1.509729428974770438e-03,1.669974970674736910e-07
1.091609585950197980e-03,8.499978415435145707e-02,2.568554150680535414e-09
-1.282419133996871678e-02,1.770494224001579672e-02,-1.448687400656944542e-07
7.223646136805992116e-03,5.387097352086177987e-02,2.681889298827155410e-08
3.230051885949884738e-02,2.532901288714946644e-02,2.550530033364991761e-07
-3.981384857194255819e-03,1.108026680720299723e-02,-7.186594659791058408e-08
1.054782270708352204e-02,8.163129688430675185e-03,2.584314315201410903e-07
-2.996905196994321952e-02,1.111005603135175679e-03,-5.395056084532358261e-06
2.464542464760912863e-02,4.622078683480503047e-02,1.066444304928726398e-07
2.586097192661512140e-02,5.436624798236658340e-02,9.513814717225465024e-08
8.529844097137809916e-03,2.837034117338195147e-02,6.013339766619187361e-08
-4.121686205685034382e-03,1.885632551840705703e-02,-4.371767589532562456e-08
3.459399399190855873e-02,1.481799135240300172e-02,4.669287085226750056e-07
6.529042077980094783e-02,3.756977781694544483e-03,3.475762145136931388e-06
1.553776674338049795e-03,8.387915881251791286e-03,3.704876529997721883e-08
2.542202931100068057e-03,2.334684157471478630e-02,2.177816515403151326e-08
6.963503088286138176e-03,5.176559107802795184e-03,2.690455438936714507e-07
1.054216928985107077e-02,5.312550539789062665e-02,3.968863106040274374e-08
3.890449354232315606e-03,6.128799986189297638e-03,1.269590095972749315e-07
4.647443434381984609e-03,2.341092741245635531e-03,3.970404023318707806e-07
-3.334860434043657867e-02,2.617985989538281280e-02,-2.547707427698525650e-07
-6.677650309712054866e-03,7.067964049093666996e-03,-1.889594206932502839e-07
4.954859155918995423e-02,2.436262385041749589e-03,4.067677022386509507e-06
-3.109664301718793010e-03,8.385020927851467853e-02,-7.417346463375157235e-09
-1.486578276434050031e-03,5.537766631721830618e-02,-5.368986848670159839e-09
-2.027532260092335809e-02,2.134746172163734090e-03,-1.899593774707727007e-06
3.033661249677597344e-02,2.308613366596408076e-02,2.628179881349782743e-07
-1.386662847243939727e-02,4.342479516168585955e-03,-6.386638126915465372e-07
-7.167026140308459248e-02,1.463550133268049121e-02,-9.794236643719285356e-07
1.301794536556187499e-03,6.691808366143021936e-02,3.890793280258156135e-09
1.309114720429206680e-02,1.045482562315466031e-03,2.504379389060338594e-06
7.968061085055669346e-02,5.011293966484318789e-03,3.180108835272452616e-06
3.237617535557854934e-03,6.093001900397770204e-02,1.062755688322684047e-08
-2.877163164144797437e-03,1.452918902397947430e-02,-3.960612243280619822e-08
-9.165368168212345568e-02,2.164168476050824363e-03,-8.470285647567304716e-06
7.840276059387009389e-02,8.588467685784673122e-02,1.825807037993494328e-07
-2.417567669707758674e-03,9.054926577862935921e-02,-5.339897418623426105e-09
-1.676826049746166789e-03,1.015861300701487212e-03,-3.301359385709690799e-07
3.752695121621123925e-02,3.285121431535668185e-02,2.284709898727499740e-07
-9.680812510446483443e-02,2.343690059650287583e-03,-8.261346526743509005e-06
-4.897478050267771096e-03,1.118910608536217467e-02,-8.754196987397820089e-08
-2.023896622676487050e-03,1.751061230264373695e-03,-2.311671939385498875e-07
6.714038604362761176e-02,5.859688881030107425e-03,2.291651029210682224e-06
3.623321811605174220e-03,1.284930195816134024e-03,5.639837376373009209e-07
1.447256951033539310e-03,1.065683614229504276e-03,2.716167597957658435e-07
-4.306486906451592600e-03,5.650908313741400540e-03,-1.524207444093976089e-07
-4.963338364624188953e-02,1.953872715494907406e-03,-5.080621282317957554e-06
8.220283229401022240e-02,8.604582811557716371e-03,1.910716134455491601e-06
1.713820779071151962e-02,1.463965757910056821e-02,2.341389646102632087e-07
8.814036154800052036e-02,1.387593729466440884e-02,1.270432827347374683e-06
2.322526450782846485e-03,7.337312079862969884e-03,6.330862562905529581e-08
6.131137543613910876e-03,1.395166464226373602e-02,8.789298996309365787e-08
2.413034786150891620e-02,8.174445640913824418e-02,5.903974603875962849e-08
7.738346664384427795e-03,1.421244188235337800e-03,1.088976951321291037e-06
-2.307396232313477236e-02,3.967203973127019639e-02,-1.163260167183380673e-07
-4.022592800408384545e-02,1.547370568118240121e-03,-5.199372682297884909e-06
7.445084438507916513e-02,5.332328988275614017e-03,2.792491755679626415e-06
2.593687634219076898e-03,4.220710560422400240e-03,1.229054973713673060e-07
-6.247968769519956014e-03,7.190427180270309200e-03,-1.737894327951882582e-07
-1.380924532868757840e-02,3.263556791765940494e-03,-8.462876022560482923e-07
-7.477244823602138823e-02,6.671414075201954549e-03,-2.241624744674058901e-06
3.510690525871430073e-03,5.415544524678042766e-03,1.296551060099942139e-07
4.009097149377606299e-03,1.410979267753794970e-03,5.682836431331454105e-07
2.118923330313194145e-02,1.230209655336019295e-03,3.444889689000196950e-06
-1.265472483381347660e-03,2.572037285724441610e-03,-9.840443095805228213e-08
-5.345068553645111048e-02,2.240819235329741255e-02,-4.770739069829879333e-07
-1.749861323574011243e-03,6.597950317876194459e-02,-5.304369868291504762e-09
1.748410215198171070e-03,3.439154182769378620e-02,1.016789135266728167e-08
-1.315346967486071949e-03,2.028467671924577206e-02,-1.296914797123024410e-08
1.984410192392219163e-03,3.106914865048171232e-03,1.277442333228203833e-07
8.979643757233191775e-03,2.121481799848874781e-03,8.465624584421994273e-07
-9.885472160810541281e-03,6.384338377544796460e-03,-3.096853980532836113e-07
-5.469870259536161600e-02,5.110874800472014687e-03,-2.140528384682502017e-06
-1.930554957735762869e-02,1.220500601323059979e-02,-3.163613205938230149e-07
7.297350788123725673e-02,5.814372624322301092e-02,2.510160960244988994e-07
-9.782124692301864821e-02,1.312148755209324291e-03,-1.491040121656271762e-05
4.326116819974827263e-03,6.964767448181767573e-02,1.242312430662858178e-08
-1.268626776209748515e-02,2.367339654628932213e-02,-1.071796930180254523e-07
-9.382672504630672206e-03,1.105195578741517692e-02,-1.697956763006401401e-07
5.091294492555222852e-03,1.281697295067651607e-02,7.944781521294489195e-08
-8.132232731711343254e-02,8.738147726910271487e-03,-1.861356775560994249e-06
-2.531431977713459458e-03,3.460317512596235850e-02,-1.463152249533498747e-08
1.085192226143675415e-03,6.200080627583657959e-03,3.500648818077261286e-08
-4.868508525907031155e-03,4.017207352976026082e-03,-2.423878765788402534e-07
-3.417984333935893040e-03,8.797455464718438589e-02,-7.770557867475773078e-09
7.393294216943288762e-03,2.095655049756065327e-02,7.055980944811423086e-08
-1.409410804706700757e-02,1.263482023178978718e-03,-2.231041955988719268e-06
4.193786306571029021e-02,3.878793106153653053e-02,2.162464020896456976e-07
-4.508677469033318258e-03,2.078965596457945861e-03,-4.337515847427657904e-07
-2.053182094405963873e-02,8.813499553822722737e-03,-4.659274413052162246e-07
1.647536312600128301e-03,3.457797691753974716e-03,9.529598942658996736e-08
4.508711122774979735e-03,8.816627121366064912e-02,1.022796292240963843e-08
4.880225175860832161e-03,1.319482810452426817e-02,7.397335774532012719e-08
-7.426376129987653611e-03,6.929597661541112008e-02,-2.143424200515315285e-08
-1.621907837521811358e-03,1.697734254999155867e-02,-1.910713926939786763e-08
-5.485515734225578782e-02,1.819650187855090771e-03,-6.029326003063755758e-06
-2.384471129955023638e-02,3.032935824307788318e-03,-1.572418177803591538e-06
-6.692727119277228597e-03,2.861797013074659363e-02,-4.677389108867826895e-08
-1.274886970000271152e-02,1.210234379837939666e-03,-2.106887781554773691e-06
-4.895194407288467123e-03,8.194666041178362559e-03,-1.194752348219439947e-07
-1.727133662567593292e-03,3.606865391636907003e-02,-9.577126464511972397e-09
-6.467107457425298744e-02,8.212810731072245352e-02,-1.574916275141024802e-07
-4.589531238965670334e-02,5.293412676307852893e-02,-1.734090605121841411e-07
2.091948259894555601e-02,4.539678547222926464e-02,9.216479158567980771e-08
-2.645583283342521283e-03,2.776185760368452687e-02,-1.905952722030990597e-08
1.819209688018585264e-03,1.779747556519396031e-03,2.044389128987209030e-07
1.012585019392417233e-03,2.050248416550715970e-03,9.877890805067228800e-08
1.519912994307325710e-02,4.200499582362309664e-02,7.236973631480306460e-08
2.490261373968330472e-02,9.112021116120742892e-02,5.465997428024695791e-08
1.229907711953193497e-02,6.550713401746278974e-02,3.755114065410571681e-08
-2.468574315539733346e-02,1.576090143036692690e-02,-3.132595799392781658e-07
2.459542279512146393e-03,1.024173160454041817e-02,4.803083205301564110e-08
-1.410281535777961701e-03,6.994804993543764227e-02,-4.032453951235194983e-09
-1.671032721785608438e-02,1.366713900704290968e-02,-2.445381097113292304e-07
3.657250249810407080e-03,4.689332083800006046e-02,1.559850215237386165e-08
-1.773466185991262600e-02,3.570684250640645142e-03,-9.933691592888722492e-07
1.489644803747460552e-03,7.638454914911134430e-02,3.900465263703512030e-09
-2.939488245643782569e-02,1.917078557122861094e-03,-3.066698116598947744e-06
2.833139071652820539e-03,1.075757899841978116e-02,5.267354617090049078e-08
-9.877303133764264026e-03,2.067938888639088077e-02,-9.553002472863917198e-08
3.716870350142484347e-02,1.340288897647757584e-02,5.546489569045534508e-07
-6.023716772210280235e-02,1.260573263416393287e-02,-9.557309720239724365e-07
-7.245076042140910499e-02,6.462857276612349149e-03,-2.242113486333939031e-06
-1.124889115569894810e-03,9.821882877324983330e-02,-2.290625924994131073e-09
6.194600387306672951e-02,1.676328425077671172e-02,7.390833083894475978e-07
1.259769337650481135e-03,3.424988903871680965e-03,7.356497180990614122e-08
-1.702238450527089608e-02,1.179994560371517426e-02,-2.885224418554490726e-07
-1.262578110081670653e-03,2.586129854957009647e-03,-9.764435381352896343e-08
-1.129030569231995011e-02,6.464073257695005827e-03,-3.493322164078077814e-07
3.955867091999281521e-03,2.850456001143575162e-03,2.775661862664372296e-07
1.682088873144981433e-03,6.439289165158643136e-02,5.224565978382626738e-09
-5.632099171284678935e-03,4.800622201909498718e-03,-2.346453608164698049e-07
1.230812117926485816e-02,6.746733016283222584e-02,3.648694038599564225e-08
-8.984219559812269343e-03,3.780802387856349242e-03,-4.752647305029149476e-07
2.410692995946086756e-03,4.139405618543066934e-02,1.164777920074377457e-08
-1.730564189272642888e-03,4.240552526952549167e-03,-8.162148155389192838e-08
-7.514864622146716355e-02,1.153515946677830233e-03,-1.302977051106571581e-05
2.773112186203146104e-02,2.317735772645181797e-02,2.393000137675211965e-07
3.055918175323761588e-02,1.300209069293802337e-03,4.700756319733039679e-06
4.261181459130036243e-03,2.525132629502110926e-02,3.375087550402819153e-08
-4.236786918555218197e-03,3.216701776125151235e-02,-2.634298786335168768e-08
3.604134619524039431e-03,3.538203987366930758e-02,2.037311068537433875e-08
-2.397869352709409291e-02,5.563245403546010492e-03,-8.620580413604052322e-07
5.125094620257800854e-02,3.802641469511528014e-03,2.695601664612175459e-06
3.075302977422975700e-03,2.029477374717880353e-02,3.030699677999675477e-08
6.082825210707233643e-02,6.595119453544533161e-02,1.844683568495991151e-07
-2.854736439076173068e-03,1.494386161456980706e-03,-3.820695171696814261e-07
-1.811345210378170756e-02,1.917488416357345481e-03,-1.889329415004692073e-06
5.047715255329799505e-02,9.856362426673119168e-03,1.024276931528496197e-06
1.227329036728681301e-02,1.033664020840758700e-03,2.374765972302995466e-06
-7.064779117152752974e-02,9.977705847653292603e-02,-1.416142966802987485e-07
-4.875907824093517889e-02,1.842022405901341114e-02,-5.294193208343487945e-07
-6.582595658419103206e-03,3.606943328492252104e-02,-3.650035331204489228e-08
-3.402185630347594712e-03,3.278642179887071573e-02,-2.075406594172371595e-08
3.941730152755226931e-03,1.292016771420493671e-03,6.101799689995384417e-07
-5.560450529824087149e-03,4.255052268948948668e-02,-2.613631105218747645e-08
2.893429674547661271e-02,2.856742291013871990e-02,2.025727739759695405e-07
8.547917307342235704e-02,1.644459874615837244e-03,1.039623862407256025e-05
3.115336446902712206e-02,1.265474832851098269e-02,4.923689433970015216e-07
-5.064817377588613084e-02,1.305586501912236672e-03,-7.758849848456767309e-06
2.957305851307459946e-02,1.062718422654987220e-03,5.565667294043930595e-06
-3.520182362997730657e-02,1.361376206672168347e-02,-5.171615338164613136e-07
1.502927552776917551e-02,7.843569133837604082e-03,3.832335530792860381e-07
1.231484829967390872e-02,1.175732869759511454e-03,2.094882238666411000e-06
4.322515094216028073e-03,2.017233454908129095e-02,4.285678265049105635e-08
-2.600406259884540088e-03,5.799570714314109671e-02,-8.967772098076646038e-09
5.351678001090293992e-03,3.635831705695577887e-03,2.943915977449117440e-07
-2.236143326253880147e-03,8.133367296668528312e-02,-5.498806778102787734e-09
8.998414099854529224e-02,1.368335562095032189e-02,1.315262897518561101e-06
-3.587194371379949509e-03,4.610521768049719721e-02,-1.556123426406549716e-08
7.375836913436547085e-03,3.835627208673372118e-02,3.846042888884099044e-08
1.259119134223469962e-03,1.165744257493246585e-03,2.160243699249778896e-07
-3.183207285417944538e-02,6.995836083681489237e-02,-9.100484264916152036e-08
-1.624330873451332530e-03,2.029127174546734025e-02,-1.601048322982933488e-08
-1.698298945903076521e-02,7.375995681549017691e-02,-4.605032445258464207e-08
-2.221588806771268576e-02,2.808573156664516055e-02,-1.582038856627521530e-07
-4.035923430058790083e-03,2.734404745706986439e-02,-2.952020215294766776e-08
-9.471704330766408247e-03,1.606852340768526004e-03,-1.178939098667816874e-06
5.076945777129942411e-02,2.378627015406140771e-02,4.268894147917121384e-07
2.398732670265102309e-03,9.691701484062002769e-03,4.950180436134768898e-08
4.265569667653054675e-03,9.794188566641107846e-03,8.710594293869321537e-08
-4.170236300120442469e-02,7.591834487966540868e-02,-1.098634267877842691e-07
-1.451640204137778865e-03,4.963106190154341346e-02,-5.849848630227308731e-09
-1.067818744974550864e-02,5.786764427504901935e-03,-3.690633720159380368e-07
1.428900484743586292e-03,5.106958838919047755e-02,5.596014539031622090e-09
-9.608294950558901593e-02,7.988761812822622876e-02,-2.405503880068440242e-07
-5.595223323247183050e-02,1.192324047175996648e-03,-9.385606247781689310e-06
-3.118814526641296853e-02,6.699234909406236171e-02,-9.311154862985949158e-08
1.094478033520199234e-02,7.758678638556688878e-02,2.821359928381543380e-08
-6.165083874472936792e-03,1.049740808932433586e-03,-1.174616553028623528e-06
4.703797291748749998e-02,9.766148430055346386e-02,9.633064878908274920e-08
-3.856889013024538543e-03,2.156198651665545279e-02,-3.577565383632887355e-08
5.322045669164976456e-02,9.189005657272826533e-03,1.158375293878717749e-06
5.451721174923937832e-03,8.382877232508481602e-03,1.300707780793529210e-07
1.616501871553837483e-02,3.455013167620706212e-03,9.357626634486638046e-07
-2.629358804282269733e-03,9.918761683248539240e-03,-5.301900910944858080e-08
2.771129353064712836e-02,7.757580441065331511e-02,7.144465100608145181e-08
6.761678673056911726e-02,1.835609517265245419e-02,7.367386193201009354e-07
-2.115280519124619271e-02,8.650639611828317421e-02,-4.890564131541955432e-08
1.009707514691952565e-02,2.581549931274088397e-02,7.822656622867875581e-08
-3.137617792191244991e-03,1.099491934769045859e-02,-5.707516809257937152e-08
1.417530307402111106e-03,1.414613253637422331e-02,2.004166684374312205e-08
-1.508551824492832330e-02,1.171579027070925212e-03,-2.575300155014837018e-06
-1.507529449999424950e-03,2.878533389046648155e-02,-1.047451062801438289e-08
-2.229671468538465054e-02,1.812689641316192132e-02,-2.460121926184518697e-07
1.455638825733423722e-02,2.881251845928020812e-03,1.010442531000528453e-06
-5.795800523573321761e-02,6.335610057913518799e-03,-1.829633899629562176e-06
1.140818322135546577e-03,3.053272989194793369e-02,7.472915301435237389e-09
2.106547779711791593e-02,3.049209813137737039e-03,1.381730083833915168e-06
2.373292726222019783e-02,7.329642961811587767e-03,6.476012767973757716e-07
-1.215690056456102336e-03,3.047294372689755663e-03,-7.978985262936181920e-08
6.544862699427529684e-02,2.298978534310344365e-03,5.693834401874311830e-06
7.729755664243254110e-02,7.807774939015708904e-02,1.980056980108788108e-07
6.450542960250799096e-02,1.303968084250572632e-02,9.893922821989538120e-07
-9.090858169541018649e-03,8.640336330799629205e-02,-2.104328040834813697e-08
5.031290604046816106e-02,4.604486594305295596e-03,2.185432503046298532e-06
4.385537644125282741e-02,4.600963840701614155e-02,1.906396496581216663e-07
-2.440315743772232364e-03,6.494554815425107597e-02,-7.515118676849654420e-09
1.963067849894310768e-02,9.088988456848391684e-03,4.319753515513763663e-07
-1.029299344225515639e-02,2.425565556662086231e-02,-8.487267438805078427e-08
5.228336664924820160e-02,7.310153230362340972e-03,1.430461826864888526e-06
5.886736807888232059e-02,2.377714668687321356e-02,4.951697324531512318e-07
3.048375568254876877e-02,3.646415347816959335e-02,1.672020294937222071e-07
-1.356002272222708166e-02,7.528236617659169252e-03,-3.602519701807996185e-07
-3.998428030620061052e-02,9.037896120806222788e-02,-8.848326634422136288e-08
-1.262466955998451691e-03,1.373644234081487954e-02,-1.838166979572917324e-08
-2.759039459842697883e-02,5.573303173297908079e-03,-9.901122909856441305e-07
2.288052591461000110e-02,4.284359819166682487e-02,1.068118096474935966e-07
5.210413908076982903e-02,3.264166030349659881e-02,3.192560909462301593e-07
-3.292034628548837650e-03,2.243228319119009752e-03,-2.935148806363143437e-07
-4.501798060849605126e-02,8.504145255450160090e-02,-1.058752742598465089e-07
-1.410502408921830708e-02,1.921494055383010614e-03,-1.468162053995836594e-06
-1.868382041107589367e-03,5.842864062242687090e-02,-6.395567840396398562e-09
4.733950632841200240e-02,1.315653008136242162e-02,7.196503977325057543e-07
1.628517161059323329e-02,7.487797253135757003e-02,4.349881951443585511e-08
8.509473059742045375e-02,4.996081738112934795e-02,3.406530963688919845e-07
5.224592342939444328e-02,1.551587390636627968e-03,6.734655363146180148e-06
3.388441859519265853e-02,2.850312748353196930e-03,2.377643463596063983e-06
1.689983130907808401e-03,1.303173304929603100e-02,2.593697973541228467e-08
2.489367023717753164e-03,6.024314076865065065e-02,8.264575180696360806e-09
2.008234891619070997e-02,1.130992123254784786e-03,3.551355399379566572e-06
6.242711240355762817e-03,6.268090725907762839e-02,1.991944258106282818e-08
-1.646516776705658769e-03,8.942489976730754950e-03,-3.682535195736844158e-08
4.017444463059899329e-02,2.333774580191214087e-02,3.442945791058242813e-07
6.613443279633969725e-03,2.243381528756267784e-02,5.896084534999805830e-08
1.592434358871873618e-03,1.022287176444809133e-02,3.115500566699211888e-08
1.235916673257340948e-02,9.023665385363761893e-02,2.739336705556310847e-08
-4.896382533389627076e-03,1.195481833542996319e-03,-8.191653376411498054e-07
-2.048433027472704518e-02,1.977893346001680097e-02,-2.071372032769769736e-07
4.905874309538923311e-02,1.238570942787845658e-03,7.921998178875068553e-06
2.678800389108632399e-02,1.597849296333849096e-03,3.353078691410293041e-06
-1.785079703948233912e-02,9.635650579517903228e-03,-3.705235169441576701e-07
2.226679572321262936e-03,3.332248014020348925e-02,1.336471233192928928e-08
-1.548313107904286364e-03,1.563314969629410077e-03,-1.980849645722124905e-07
3.549099323786378268e-02,1.636111414806226032e-03,4.338548802724545892e-06
1.859001672338332287e-02,2.032740235492450434e-02,1.829098548257334711e-07
-2.201171265137665325e-03,4.031700578529526409e-03,-1.091955077090240218e-07
8.559263805642262912e-02,1.557500997432612229e-02,1.099125507490412042e-06
-4.891767745140836177e-02,4.220343622202196547e-03,-2.318233751021836749e-06
-9.143128686603748181e-03,1.099667810492498468e-02,-1.662924485048175298e-07
-1.754434877441063412e-02,6.308428555599648359e-03,-5.562311052119832663e-07
1.802488605736023500e-02,1.094440259628608886e-03,3.293970274949507088e-06
-1.001517936635879045e-03,1.519333724395179920e-02,-1.318392615784896753e-08
-1.732065219099657768e-03,8.799297271128260489e-02,-3.936909749909420546e-09
-2.090343622054102821e-03,4.133531255701246993e-02,-1.011429615339904202e-08
-1.200476073777680596e-03,2.481425453678400353e-02,-9.675902513111468276e-09
2.432841008160863128e-02,1.827848282852300582e-03,2.662029051551030210e-06
-1.100917208967942297e-02,1.667708311694399495e-02,-1.320303502382184848e-07
-7.773708939848561657e-03,3.332278337127311807e-02,-4.665801025633874204e-08
-3.827704273324406426e-03,3.488215477343215541e-03,-2.194695536609568940e-07
5.605950131217566496e-02,7.800447737433286594e-03,1.437371093941268811e-06
-1.375199978040129306e-02,6.545045408710852691e-03,-4.202351745253230839e-07
1.937714171673189656e-03,2.741882728383673168e-02,1.413448690452838279e-08
8.595034263955653869e-03,1.148961823459583066e-03,1.496170962812668694e-06
-3.847370706472726803e-03,3.021760662193712262e-03,-2.546497059077434605e-07
1.044352218237899581e-02,1.487481867957365922e-02,1.404217952917348851e-07
-1.267892971740187079e-03,8.745462772146012781e-03,-2.899606116363218053e-08
-3.668585544516510255e-03,7.586294629259509453e-03,-9.671818837951970293e-08
6.740932738781467252e-03,1.785945780177602363e-03,7.549026187995701285e-07
-2.885619100521274322e-03,7.607806976663332443e-02,-7.586102857938875620e-09
-4.361744007689929981e-02,1.100164412700507278e-02,-7.929426696387750201e-07
-7.218028411306978698e-02,5.299232234167443323e-03,-2.724236722045708560e-06
3.493097068511915020e-03,1.685243114689663479e-03,4.145599096333528078e-07
8.350107833366503252e-02,7.174387885921586910e-03,2.327804154118320345e-06
5.529243689286336867e-03,3.608267269796359804e-03,3.064828942130960640e-07
-5.226874582118164886e-02,5.259650252554812916e-02,-1.987579100311014913e-07
-1.746780994739109086e-03,2.238165259972156075e-03,-1.560937505370760246e-07
4.024426851065535798e-02,6.540850022375969963e-03,1.230577740332702107e-06
-2.944404464181947859e-02,1.045937849054159484e-03,-5.630290414937702179e-06
1.527959649876762822e-03,3.789315150234316698e-02,8.064739941182178975e-09
9.303777876640061811e-03,2.432953936216517357e-03,7.648295429506768316e-07
1.165082434446576207e-02,2.362288837184183237e-03,9.864222619185021569e-07
2.134480019498604178e-02,4.949551613119419075e-02,8.625125928641238134e-08
1.099107361257390530e-03,1.605171441339582269e-02,1.369486957008583470e-08
1.157598836818321151e-03,1.885665651581974397e-02,1.227814052499664301e-08
3.254405629075000222e-02,3.413292553524480827e-02,1.906941531034299749e-07
-4.769473324459590213e-02,4.557338833407904508e-03,-2.093140173429481127e-06
-1.320154434054006311e-03,2.116795689377380142e-03,-1.247340444592582841e-07
5.016261526982906949e-02,1.378843627477727846e-02,7.276195553548444689e-07
9.889615355965096499e-02,1.167374397149832654e-02,1.694370746175925147e-06
-4.809852102716293681e-03,3.165671372134942329e-03,-3.038820880277053319e-07
-4.059143025964698573e-03,5.216563206775244946e-03,-1.556284845258883242e-07
-6.149184975485261911e-02,1.246390422361899359e-03,-9.867398378926320744e-06
-3.141407481014062836e-02,5.610948220213071019e-03,-1.119765856175427594e-06
2.426437190182560363e-02,3.855709046241705129e-02,1.258647181345067990e-07
6.526318602159947475e-03,5.933212363660386041e-02,2.199974193827201962e-08
2.079555933951467237e-03,4.287205476926926433e-03,9.701424661018430087e-08
1.476457263625733859e-02,3.948479373783721387e-03,7.478770653515234292e-07
-7.776845326282903585e-03,1.679328282992445347e-03,-9.262048848055709529e-07
-6.248322398684303183e-03,2.199991404951545920e-03,-5.680435776861429582e-07
3.159745898004537312e-03,3.261947620543776544e-02,1.937378089690648342e-08
-1.530118731854104028e-03,7.631120645684903725e-02,-4.010292225516583494e-09
1.515454388824209568e-02,4.360740989615897317e-02,6.950591834628204493e-08
1.368173606661690633e-02,1.699067677993434250e-02,1.610533408523975200e-07
1.286861411472321227e-02,6.996418906061376008e-02,3.678706854493595229e-08
1.439994357712639020e-03,1.124887131608612442e-03,2.560301142182340554e-07
-1.664203358596363707e-03,9.239104670262768618e-03,-3.602597265230516031e-08
8.290605109813093884e-03,2.834550327171804322e-03,5.849803333395075654e-07
9.091589215812891089e-02,4.994833276849702103e-02,3.640474694317077170e-07
-5.991070410631159533e-03,1.240242759930017952e-02,-9.661330331816629447e-08
-9.060264102127896582e-03,2.024159899363340512e-03,-8.952312806933208073e-07
4.307630886029900630e-02,1.373496733917751317e-03,6.272635611453590794e-06
-5.810716825856634959e-02,9.859669624560895781e-03,-1.178708883433621546e-06
2.160336769646564910e-03,1.111839854270812132e-02,3.886139875298173821e-08
-2.292104094823729440e-02,6.156624382516547034e-02,-7.446134681032164461e-08
-3.245704123209453007e-02,3.690602424489403122e-02,-1.758939381796824094e-07
5.076903115017895873e-02,1.003270267832116844e-03,1.012092348959146355e-05
2.056100178495853890e-03,4.125972410852245253e-02,9.966832490740719280e-09
2.237862236837053972e-02,2.654719600525000042e-02,1.685985749748811387e-07
-9.551702708432441638e-03,1.830242957078823248e-03,-1.043785502825920433e-06
1.583121835343099387e-02,1.370124460378559575e-02,2.310965847965687569e-07
-2.257447956972859215e-02,3.377990359377760349e-02,-1.336591051758053440e-07
8.737916498451769529e-03,3.448481545909039530e-03,5.067796789568924180e-07
1.615102476021670203e-02,2.963733734967460235e-03,1.089933766801103879e-06
-3.693883021771047440e-03,1.780782712993345465e-02,-4.148694113219984394e-08
-2.435837407869942406e-03,3.265081882835974437e-03,-1.492084527169910959e-07
4.315123892847715602e-03,4.771947471631085569e-02,1.808576248633310621e-08
1.354982861103106069e-02,5.314181413598987810e-03,5.099606123862823263e-07
3.106092887940976356e-03,2.435164057086426376e-03,2.551087897055595593e-07
9.921557590844794217e-02,2.893948951029542797e-03,6.856906063086924235e-06
-7.626289327417982988e-02,4.220409985322538457e-03,-3.614080683370105716e-06
4.491671834377292984e-03,4.714691284637272106e-02,1.905434245372875209e-08
3.199165271658704988e-03,2.249659772045413397e-02,2.844192863722176561e-08
-6.982925944794885625e-03,9.288908080099932130e-02,-1.503529588534453535e-08
4.161465570213931237e-02,1.311202874728009454e-03,6.347688716246827471e-06
-7.436266020575106606e-02,5.813636861067689870e-03,-2.558269097944384725e-06
-2.840620590494936926e-02,1.776030837313940028e-02,-3.198909374956290458e-07
-2.694007832497028257e-02,1.534427188997939187e-02,-3.511492756525408235e-07
-6.481633845261258742e-02,3.557504330714988949e-02,-3.643999127437205561e-07
2.142211611838976820e-02,1.061860721541427058e-03,4.034911567144335510e-06
-6.354873091178991906e-02,5.780853606257586874e-02,-2.198639968528240070e-07
-4.004228833654469716e-02,3.181454595098147375e-02,-2.517284880003340612e-07
2.365102859431659089e-03,1.843745927284964545e-02,2.565595394406634490e-08
2.702635821293928372e-03,9.208850844524442414e-02,5.869772889672049707e-09
3.955824390636139033e-03,2.538434666785511357e-03,3.116809233880362309e-07
2.204864228464655657e-02,4.275814696925311909e-02,1.031340764728126662e-07
-1.351148521460355731e-02,1.810743689794633640e-02,-1.492400266963244182e-07
-1.913331760882818009e-03,1.118419454099584855e-02,-3.421564853656493226e-08
-4.028744182283735403e-02,3.319530228651933895e-02,-2.427349272630067834e-07
9.900119543022480040e-03,5.205009882962265827e-02,3.804153987916234895e-08
-9.003720885029577181e-03,9.938318824943418936e-03,-1.811958750214834554e-07
-2.276513970848657083e-03,6.187833381570444213e-02,-7.358188631042612875e-09
-8.266541669107710377e-02,2.879170461513621063e-03,-5.742429728026579592e-06
-1.399361500568650774e-03,6.015330342059142452e-03,-4.652749243309299669e-08
7.247222343903973220e-03,3.506956429772618150e-02,4.133142924637875217e-08
-9.521979548062579554e-03,3.072845346790276100e-02,-6.197631485299012937e-08
-3.634013221516254732e-03,1.307022042815901564e-02,-5.560870727279905844e-08
-9.427770512385243856e-03,1.620395522517146733e-02,-1.163662867520900993e-07
9.237041368701695565e-03,1.803436607746036410e-02,1.024403882232908558e-07
-1.814510079872866648e-03,5.146769021527497490e-02,-7.051214317245850768e-09
-1.374785965074123810e-03,2.255503710098539713e-02,-1.219075918074606342e-08
7.139148562759219108e-03,7.834839646653446454e-02,1.822449552423817442e-08
-1.218109485456331806e-03,1.256012262872400207e-03,-1.939686993362900014e-07
-8.613692512727578326e-03,7.111791174685726073e-03,-2.422420743575283553e-07
1.645567496261112622e-03,8.584794335033973933e-02,3.833760807861794669e-09
2.329314788130847427e-02,1.521641949629574421e-03,3.061645612296976012e-06
1.002948723077368327e-02,1.048849968176907531e-02,1.912513760406597359e-07
7.176881216840612712e-03,3.150458532773332040e-03,4.556183414897724132e-07
8.265286822202672426e-03,2.894541755150747270e-02,5.711067830957349991e-08
1.815141520387991312e-03,7.777483011406964575e-02,4.667782679447974123e-09
-5.725024005686497885e-02,2.125110123279166756e-03,-5.388092961800216916e-06
-9.498253642942262875e-02,1.411366110657060824e-03,-1.345994502096576571e-05
-2.121085018074302889e-03,1.342386899217560582e-02,-3.160236461396562225e-08
3.129060579732815053e-03,6.495238438151688942e-02,9.635141143729881040e-09
-1.542800647052795619e-02,3.873959612531123215e-03,-7.965149502822590519e-07
7.727144046105734708e-03,2.793721049454256367e-02,5.531910898212733241e-08
1.070880862198719721e-03,4.815044418617538298e-03,4.448156591776413359e-08
-5.747865231116251750e-02,1.531084818254742526e-02,-7.508385022917608008e-07
-2.582272800379970239e-03,5.633299837265759447e-02,-9.168081416098879501e-09
-6.665644725486808732e-03,1.255078947358222174e-02,-1.062209853192310549e-07
-1.116808954505179620e-02,2.586930499284001601e-03,-8.634423270318627111e-07
1.051047513109146236e-02,3.761051274637010246e-03,5.589234136727564188e-07
-6.600266401173103537e-02,3.534941230398218944e-03,-3.734379714244857406e-06
1.876927609573535508e-02,8.683609854248786411e-03,4.323011871466956155e-07
-7.518663483696203832e-03,1.644662849631498697e-03,-9.143300071320805816e-07
-1.098139203163418093e-02,3.718286041366315655e-03,-5.906820967995369237e-07
1.918053342871862271e-03,3.578520098692222762e-03,1.072004055947109449e-07
1.773500919304559029e-03,1.380704580546618983e-03,2.569034049876768297e-07
-1.322398713229012762e-03,1.392916985397850069e-02,-1.898787621653458070e-08
7.556821713208851377e-02,9.427712290517309413e-03,1.603142264263106169e-06
6.332424373273616569e-02,1.134445877613339407e-03,1.116414423345173730e-05
6.021837179317254124e-02,4.688968780901642784e-03,2.568566864221942045e-06
-1.249841974264337234e-02,4.641471654306353334e-02,-5.385656015718357561e-08
-1.089967096524073129e-02,4.799749627202704039e-02,-4.541862815250478000e-08
-6.532166509724201924e-03,5.762912086047636967e-02,-2.267015348266093924e-08
1.010480504415469868e-02,4.345284368497587951e-02,4.651027890390542620e-08
7.924646710628971413e-02,1.649143830148217795e-03,9.610823106199626310e-06
1.665399192064291687e-03,1.296533692840386512e-02,2.569057061833286380e-08
-1.749316728892466241e-02,5.368700512718551504e-02,-6.516861324460914423e-08
7.382228415344507279e-03,1.618749328661979415e-03,9.121097234685058153e-07
1.344119587330559230e-02,9.680761292926441317e-03,2.776947099759892957e-07
2.269309559420030348e-02,5.574058553821695759e-03,8.142568563952417368e-07
2.122203130164867189e-03,2.537651809574307735e-02,1.672607833672027504e-08
-2.618469720841038600e-02,5.636617477015148751e-03,-9.291122828335330477e-07
1.178211518018272997e-03,7.125861486124125156e-03,3.306930715422735383e-08
-4.596012457184049660e-02,1.561296144353940644e-02,-5.887556909472548072e-07
-6.718409665055319335e-02,2.838340213531128156e-02,-4.734141558449633675e-07
8.551013624711627237e-02,5.676870831701422843e-02,3.012643855628198932e-07
-1.842494129406657341e-02,3.736731952056454586e-02,-9.861736069914337480e-08
3.986538729439873668e-02,5.210974220420978159e-02,1.530087513860920042e-07
-1.513247295050523973e-02,1.282096312691583320e-02,-2.360632941839636666e-07
6.810201371018384520e-02,4.961443084833655481e-02,2.745308458695526469e-07
2.109477237055920693e-03,9.372935511249515586e-03,4.501304809621444887e-08
-1.315671465439959519e-02,3.098362651500114959e-02,-8.492868798316447785e-08
2.272398843390500793e-03,3.735714524460900104e-02,1.216606371992261363e-08
1.576267843764763907e-02,1.338320161021797593e-02,2.355641537260930041e-07
-1.862820496087547531e-02,4.858513168184479952e-02,-7.668436606562934808e-08
-9.726635691988921861e-02,4.714067203269879831e-03,-4.126730316385145970e-06
-4.045589158982385025e-02,1.262091493193859141e-03,-6.411064489127770421e-06
-4.041017094800074261e-02,1.248854343525268584e-02,-6.471695977686449827e-07
-2.721170139971926596e-03,8.076767245176157128e-02,-6.738408526203678944e-09
6.325469392956770132e-02,4.601781084241224340e-02,2.749197955187817665e-07
1.668606577361546805e-03,2.662923056355453490e-03,1.253240846820885850e-07
-7.821354701098902004e-03,1.416971655796357265e-03,-1.103977003560437706e-06
-1.475938055929445743e-03,2.993536994424340902e-02,-9.861039749114028375e-09
2.431328841290829497e-03,2.201680193926357307e-03,2.208659026093169912e-07
2.179643649090042771e-03,6.928696179602590599e-02,6.291775043408278385e-09
-1.214650462603673528e-03,3.355745035660689934e-02,-7.239383300953202503e-09
-1.724221920020203511e-02,5.643645184201326326e-02,-6.110442592395136953e-08
4.532132283749517460e-02,6.843753222701745575e-02,1.324486221294386274e-07
-1.886821219291433260e-02,3.179206493071131193e-03,-1.187001377894784053e-06
-4.159069092699269748e-03,5.130602063083031586e-03,-1.621313548321029573e-07
-2.469135845968679563e-03,2.981006574144786422e-03,-1.656613738813696976e-07
-2.926141995701143222e-02,6.897068521431786760e-03,-8.485355939568924338e-07
-2.265886612439703927e-03,1.079367863486877183e-03,-4.198632838277124962e-07
7.629629764363857203e-02,1.851064970996322331e-03,8.243677806324941016e-06
6.132260172971536888e-03,1.737753749229909578e-02,7.057835735061926614e-08
-1.958358409643379261e-02,3.058348493849707885e-03,-1.280691167624606026e-06
2.777354066194316282e-02,3.895363567398943405e-02,1.426009630903328004e-07
-5.201443528082305701e-02,8.698156764959510956e-03,-1.196012903772424985e-06
-1.754938044681633030e-02,4.024536959590173379e-02,-8.721377337823495227e-08
1.301404686338509826e-03,8.187992446941572133e-02,3.178880051817530979e-09
-1.341165136421868225e-03,2.434674398454891517e-02,-1.101743696868423803e-08
6.933811765352716761e-02,6.317337627073323081e-02,2.195215535354328641e-07
4.287454796231557688e-03,8.817904923167398101e-03,9.724635913550348828e-08
1.723796895925604200e-02,4.566078060286526269e-02,7.550608814062962730e-08
7.507012108926017224e-02,1.500526117418678890e-02,1.000605223207150795e-06
3.934416869282994153e-03,3.166656334660827160e-03,2.484955684005783963e-07
-5.273830462995246493e-03,1.036934373720792280e-02,-1.017218151709552236e-07
2.706810505102495452e-03,2.441081906248418216e-03,2.217760835511063403e-07
-1.890247799938102324e-02,4.591174872413449591e-03,-8.234440855806084370e-07
-1.099899679569802660e-03,1.432089451758385319e-02,-1.536109368179108405e-08
1.772905895940612986e-02,1.757598597280699048e-03,2.017461218823866899e-06
1.517330486891767249e-03,1.576370187390240809e-03,1.925134953414020494e-07
-1.286815559955891385e-02,1.709095584021091963e-02,-1.505875819789001353e-07
-1.616026080763871206e-02,1.353322646485677003e-02,-2.388285403048989058e-07
-1.149719083453060869e-02,1.958119436842486669e-02,-1.174334364405975648e-07
6.827408032360310353e-02,1.122051373789140043e-03,1.216976872877228483e-05
1.120305363672838847e-03,2.274046826943622573e-03,9.853175538408551146e-08
2.724922720610395421e-03,4.861259408908118196e-02,1.121100642644343124e-08
2.247378145990182579e-03,9.176747616827775345e-02,4.898087891013729174e-09
2.450624936973121257e-03,1.173357643960704078e-03,4.177203658342511256e-07
-1.247976231518852950e-03,6.716339831699166818e-02,-3.716317922529319049e-09
-4.479813847263907495e-03,4.182469774606133867e-02,-2.142231321598737177e-08
2.653747521860334510e-02,2.490682163716083017e-02,2.130985521784285333e-07
-2.988128036581195589e-03,2.359681604434373404e-03,-2.532707308779059666e-07
5.331435997215142747e-02,2.891987386538725710e-02,3.687117804461895562e-07
2.630978591401932163e-03,1.315701543448869783e-02,3.999439561005659160e-08
4.095992912472678701e-03,2.787490027097383125e-02,2.938901850694747037e-08
1.349825075263190108e-02,1.217514979577305825e-03,2.217391541619161454e-06
4.351592599858448117e-03,1.957409333746077881e-02,4.446371879450138968e-08
-3.954982602221388671e-02,2.475046764799033409e-03,-3.195952944807732273e-06
-2.943650787319521123e-02,2.667565444737302061e-02,-2.207041057629990990e-07
6.022211522203085865e-03,7.507896362412978114e-03,1.604268087656099757e-07
-5.774645555620421672e-02,1.727377943619295324e-03,-6.686166247542683521e-06
-1.237326471950542630e-03,1.229256176462103015e-02,-2.013173076094426182e-08
-1.389929860993156796e-02,2.774493373156270218e-02,-1.001955426288081290e-07
3.747120568985189831e-02,6.542714145257529090e-02,1.145457366008986929e-07
1.799375907693187213e-02,3.841647110298446188e-02,9.367930086898795287e-08
-5.596664437157853646e-03,6.304115254463000910e-03,-1.775596711622966023e-07
1.237633291421139309e-03,7.615876422462865281e-02,3.250209106247498929e-09
-1.668617130802112908e-03,2.099177819942755346e-02,-1.589815318068502533e-08
-2.238440612546467937e-03,4.564174125668782507e-03,-9.808951343118837576e-08
-3.656674102707737489e-02,8.708368838874786660e-03,-8.398247107929507916e-07
-1.172903394722771275e-02,9.100436576868529970e-02,-2.577740672797130969e-08
2.363596592199044416e-02,7.524205817125331763e-02,6.282780636289184690e-08
-4.616150667705690505e-03,6.351085236297192987e-03,-1.453688123263677131e-07
7.012459358157374645e-02,3.121229703222711330e-02,4.493490565215414795e-07
3.171570327568781853e-03,1.618093609582606229e-02,3.920215229193059156e-08
4.804124920243902502e-02,4.466771361246893099e-03,2.151095921581603274e-06
1.264592390105075343e-03,1.305181329248504421e-03,1.937844477603294275e-07
2.558510943857855106e-03,9.531421873991628713e-02,5.368695774284736280e-09
2.628261952822614003e-03,2.753640022292212428e-02,1.908976978972179148e-08
4.301573094785502739e-03,2.274054022897374627e-02,3.783256070114221991e-08
2.463854888149699315e-03,5.675806846098147007e-02,8.682138839739926317e-09
-2.790220374440316800e-02,1.006732183082720408e-03,-5.543241011967989609e-06
-3.087630333107645262e-03,1.069787582544358059e-02,-5.772540045511722565e-08
1.130404932063153699e-02,1.011422804913747302e-02,2.235324150414192124e-07
3.648377839134769873e-02,9.124832725096284486e-03,7.996760798034714081e-07
2.076597046421181907e-03,3.096105227482534930e-02,1.341453822890726386e-08
5.726548611539108991e-03,3.730246331435024387e-03,3.070397812112354337e-07
8.763809717070046579e-03,7.778743835418726674e-03,2.253318995183351416e-07
2.897697484591004770e-03,8.538796836158974932e-03,6.787276962557492340e-08
-3.154372877099857926e-03,1.778231525075259917e-02,-3.547839238611335256e-08
1.061137568712349107e-03,6.423500758829095436e-03,3.303993003788731480e-08
-1.668826403315255748e-03,2.321998399107221261e-03,-1.437435791808781169e-07
4.473387915495762208e-03,2.345306905382862992e-03,3.814837877340044719e-07
-3.876733974567512023e-03,9.592249156973918847e-03,-8.083226670374217446e-08
1.504045674280092776e-03,2.579377198271019106e-02,1.166233135829530737e-08
1.314409508796159087e-02,2.800487854913016189e-02,9.387202938376481481e-08
-1.400885468890121109e-03,4.053091249115011591e-02,-6.912823321303034481e-09
1.925786520679832400e-02,7.281707073233205374e-02,5.289494214817224063e-08
-3.264781953591867816e-03,1.601125583755953633e-03,-4.078195041904688138e-07
-3.323583143417981056e-02,8.738620821910564676e-03,-7.606815110680302268e-07
2.054568969881265944e-02,3.762867927100611593e-03,1.092046063124256346e-06
-2.867802388863588750e-02,8.837364725371789007e-03,-6.490313146368418646e-07
-2.547324721234770634e-02,7.018850383945213212e-02,-7.258678038798155826e-08
9.994507116845397637e-03,5.678975773742206412e-02,3.519902012599451258e-08
2.177547599191629463e-02,1.693738496723469489e-02,2.571345925194780620e-07
-3.397073236875590430e-02,4.225815752475738096e-02,-1.607805686333821577e-07
1.533813187229884044e-02,5.971138034151536600e-02,5.137532292306898251e-08
3.826885815752994156e-03,5.713833074948340002e-02,1.339544555921506243e-08
-9.352848017585947693e-02,4.600333179820142310e-02,-4.066247400587824054e-07
-1.363275947531490673e-02,5.825435543340933692e-02,-4.680525108242785834e-08
-2.837616769668609932e-03,1.479534615023539966e-02,-3.835904796667110805e-08
2.420054782206175134e-02,1.110336363217275142e-02,4.359230587012783008e-07
6.111238155329596147e-03,5.801235673128928537e-03,2.106919330913362378e-07
3.600350200245354577e-03,2.679482374398134848e-03,2.687404558393556713e-07
-2.766692899418702126e-03,4.817516501634727666e-03,-1.148621530460094919e-07
-2.839509588496554049e-02,1.239540750501376930e-02,-4.581648196936112777e-07
-2.559896421461884189e-02,6.095445223044038650e-03,-8.399552879934104200e-07
-3.942625583012040330e-02,9.729964865946572061e-02,-8.104261980865816008e-08
1.715324303777569087e-02,5.130119729621540961e-03,6.687409966693095576e-07
-1.147100907136026568e-02,2.151652141726757492e-02,-1.066273881401082066e-07
2.074647140025415171e-02,4.700391836018538196e-03,8.827737011550681627e-07
1.454681843931345669e-02,5.795528359261826329e-03,5.020121071093254837e-07
3.613001825246343890e-02,4.494446643996230506e-03,1.607796800413434581e-06
-1.361436090297315528e-02,5.926397547818310074e-02,-4.594578609028563680e-08
-1.518290140432044036e-02,1.837757908179214099e-03,-1.652363829612183772e-06
1.635774257367573689e-02,2.089177893651465549e-03,1.565983405813567484e-06
2.373340866651806134e-03,4.184255624326188409e-03,1.134438918082217999e-07
-2.029490191195709725e-02,4.326012407234689633e-02,-9.382928439382293677e-08
-5.858553065981427638e-02,1.742331381320338587e-02,-6.725101097034946942e-07
-3.449879028656882302e-03,4.723431781945875568e-02,-1.460782062414145633e-08
-7.498412480264299296e-02,1.427248911318377937e-02,-1.050772781494628074e-06
1.111756824991359111e-02,6.476405591725267925e-03,3.433325453930460104e-07
6.213044693504345128e-02,5.546758393844097683e-03,2.240291012536576284e-06
-2.714526034742236957e-03,6.479617995000144792e-03,-8.378838441951818587e-08
2.041820282639660988e-03,2.706692123648556103e-02,1.508752013136072326e-08
4.799531222141965869e-02,7.657975115159743051e-02,1.253499250437524943e-07
-4.064772374176404968e-02,2.054293649753539605e-02,-3.957427020847765926e-07
-7.015876239558918592e-02,7.732286034273459785e-02,-1.814735004482510404e-07
1.522334039070856329e-03,2.937185660716601712e-02,1.036615663974822073e-08
4.693163158074689818e-03,2.978649777912103971e-03,3.151268569898895740e-07
4.871371481401981854e-03,8.448780354331340836e-02,1.153178236916171622e-08
3.347317466196204211e-02,2.491944024791926948e-02,2.686567947495158857e-07
1.305895617373892606e-02,3.629837503868322407e-02,7.195491906232057691e-08
-2.145339760872156526e-03,5.249584938361648648e-03,-8.173542459458605329e-08
1.302199096061495759e-03,7.022173725292420350e-03,3.708899181986915904e-08
-2.527929342515623009e-03,6.010603537802364053e-03,-8.411744181529014574e-08
-3.440459360289456481e-02,5.536112753110686811e-03,-1.242941571207734108e-06
-3.470718250111855079e-03,3.898173170814552696e-02,-1.780727392794850543e-08
5.039728624884481228e-03,1.452285267702108779e-02,6.940558640140205800e-08
-3.698298735389777322e-03,1.472449879007816168e-02,-5.023433719781229256e-08
-3.744967521996659526e-02,3.584634335311655262e-02,-2.089500134580422471e-07
-4.155666581304272994e-02,7.756559765601768464e-02,-1.071545855372176624e-07
-1.040259061284765215e-03,3.728610821115376905e-03,-5.579993074852341342e-08
-7.208523679595372699e-03,6.879463478105327622e-03,-2.095708950296207229e-07
1.948455306927674227e-02,1.979258014691222863e-03,1.968916255025978605e-06
1.555494398426341546e-02,1.600091978685085113e-03,1.944297472207152814e-06
3.471722660580019160e-02,4.912127754493873268e-03,1.413561079376243416e-06
3.860164972348509999e-03,4.808880373970588623e-03,1.605465953334168923e-07
-2.877807343058162194e-03,1.324861219051328386e-02,-4.344407320344766757e-08
-5.917895440349735248e-03,3.495787782415107209e-02,-3.385801051717262971e-08
9.926710041638224166e-03,1.749935759122314347e-02,1.134546861235543584e-07
-2.598318765103098133e-03,4.079803155614608774e-03,-1.273774142261556621e-07
-6.927707615072978276e-02,1.903317782079166909e-02,-7.279766559193782168e-07
4.654822171892845223e-02,3.668802783911999203e-03,2.537569440280777192e-06
4.204910805485729403e-02,1.894567959015203184e-03,4.439006775308110660e-06
-1.596106746124495088e-02,7.699893023549651133e-03,-4.145877349318744086e-07
1.721176800663426227e-03,3.842098895017393573e-02,8.959755376289304768e-09
4.165445684535007929e-03,5.844825426114528752e-03,1.425375008276350606e-07
-2.051616891307169246e-02,5.746028361782316157e-02,-7.141142655589710904e-08
4.466232312038673213e-02,5.820222197991341273e-02,1.534761698484707542e-07
-3.418178139744835510e-03,1.537908361649818235e-02,-4.445324225963485390e-08
-1.288962981965543347e-02,9.369520153132767856e-03,-2.751454297206758156e-07
-7.530537372814437649e-03,1.260491758930876562e-03,-1.194882404078634835e-06
-4.153569908672315875e-02,6.242237375034272867e-02,-1.330823474894733294e-07
3.118039041607406289e-03,6.331271881073968419e-03,9.849854001964544661e-08
-3.506288596024756225e-03,5.424695370733192273e-02,-1.292740968622275148e-08
-1.235616136776971491e-02,1.099795315349931524e-02,-2.247040572618763755e-07
1.396511383773206202e-02,3.920577100699077638e-02,7.124160406692692175e-08
-7.791560121472006217e-02,2.964023170008723770e-03,-5.257533396276455963e-06
-1.711566402392527761e-02,2.821492630144473504e-02,-1.213260450247514559e-07
7.536415224783240066e-03,6.496657042325334509e-03,2.320139432855078410e-07
6.085169936518299190e-03,3.008171078244449136e-03,4.045846370686739634e-07
-5.193798992952725763e-02,2.774321037673659063e-02,-3.744274074371428671e-07
-7.432295012889453614e-03,9.538022532875652104e-02,-1.558489224916410404e-08
4.442206403098893086e-02,3.957305541629290400e-03,2.245113796621136007e-06
-2.483430052747929648e-02,2.483337029191674122e-02,-2.000117345262677037e-07
-2.847232579007489758e-02,5.805129435146866301e-02,-9.809576197835262113e-08
-2.609114757389181805e-03,7.391578935043129073e-02,-7.059845066385554012e-09
-5.159826206721567637e-02,5.847407834588620214e-03,-1.764862587577066980e-06
-7.919839706418535519e-02,4.659738865773699334e-02,-3.399335428905977424e-07
-4.253910473751698097e-03,6.045317515369713623e-03,-1.407370481382635838e-07
-1.020130538353438386e-03,4.938911435858498421e-03,-4.131081074720029822e-08
-3.044186495098477260e-02,1.535986817519838232e-02,-3.963902601140410300e-07
3.760054905330680042e-02,5.125719836636038335e-02,1.467163554094751479e-07
-3.369867959676662444e-02,1.981676477630910441e-02,-3.401099505249268812e-07
1.292173142642310483e-03,2.470971012326418723e-03,1.045905068681154332e-07
4.544207966897510775e-02,1.311193055539972572e-03,6.931556482563399890e-06
5.117852444338785375e-03,2.195610003003728092e-03,4.661994617461364299e-07
8.164426007618041936e-02,5.964615943194889747e-03,2.737678092014668706e-06
-2.118836031718619034e-02,2.198811380332313988e-03,-1.927296717666722511e-06
3.657205155343070530e-02,1.281929792941881308e-02,5.705901765962632639e-07
-2.222256724712233511e-02,6.341240717254649495e-03,-7.009050638385452326e-07
5.055309762397143698e-03,6.197853898934010258e-02,1.631344359456397186e-08
-1.071115239852570402e-03,4.487547387420800886e-03,-4.773823510573632637e-08
2.096129835172171399e-02,2.017304195936137686e-03,2.078193565508815356e-06
-1.484611604792152387e-02,3.056820269980054308e-02,-9.713643370241318828e-08
-1.630122365129701989e-03,1.027234666063521311e-02,-3.173874477469316543e-08
-5.072740176875620982e-02,1.091040402488025092e-02,-9.299101613538026926e-07
-2.386279866333597746e-02,3.475745319910809178e-02,-1.373133107424977455e-07
-6.781993028251844489e-03,6.131624774567884933e-02,-2.212182624433421270e-08
-4.707759376773104631e-02,6.521380650748243718e-03,-1.443822863098612082e-06
-2.139907509567763599e-02,1.731560459214745700e-03,-2.471704515411242917e-06
-1.381371849392158332e-02,5.928958791791991145e-03,-4.659843998206337530e-07
2.742666544473251755e-02,1.636712197541754024e-02,3.351505204239703381e-07
-2.826317542291669621e-02,3.020004576147309119e-02,-1.871770340058921465e-07
8.503991173800949654e-02,2.265454418135426102e-03,7.507696026630835316e-06
-8.117634337892086147e-03,3.020994740471123589e-03,-5.374260621130026895e-07
3.249216947725691411e-03,4.687399133603255275e-02,1.386391804885513616e-08
1.580380264786775471e-02,5.806965515723211402e-03,5.443165745368654758e-07
-5.559970803615785218e-02,6.314712815874716501e-02,-1.760994967773049503e-07
8.716962973753510091e-03,1.540205673867888099e-02,1.131945951419796514e-07
7.363653889087964227e-03,5.361731614683190421e-03,2.746802944113964674e-07
9.428176823283862876e-03,1.562706619640719802e-02,1.206672666803819312e-07
-1.064147404028591842e-02,5.521115551007984429e-02,-3.854909275785638501e-08
1.212750828713903863e-02,1.279215856368423219e-03,1.896124955686022084e-06
-9.749684066496078216e-02,2.710278595431837856e-02,-7.194751787115285464e-07
-7.083960201870337370e-02,1.823645321827858587e-02,-7.769175713391614431e-07
-3.058030061244785495e-03,1.947948017254844816e-02,-3.139811641132065327e-08
1.013926829707888395e-02,4.056761330659072740e-02,4.998806955753134268e-08
-5.072128646050796247e-02,6.767232892208571715e-02,-1.499057685940915430e-07
-1.259830526418429311e-02,8.576598812759908541e-02,-2.937894795788684654e-08
-7.114588571452311327e-02,2.309073431074934457e-02,-6.162419432520344666e-07
-8.476093609280278829e-02,2.342498807540768085e-02,-7.236950032319083372e-07
2.921258392485463328e-03,4.145349684914522576e-02,1.409444598132711921e-08
1.291936662135118909e-03,1.139841237926433187e-02,2.266919329932148999e-08
-7.251861633427816867e-02,1.126713082475834168e-02,-1.287286990466881141e-06
1.094019384404554089e-03,2.536447891740946110e-03,8.626572579063826922e-08
9.632223667267495251e-03,1.486701760540137373e-03,1.295811742315609532e-06
-3.537049249684065533e-03,3.115129845033375207e-03,-2.270932164087967318e-07
-9.765526346767101906e-02,6.820100370072837773e-03,-2.863809319643985634e-06
-7.514727647802802411e-03,5.197767844193058179e-03,-2.891582418087230251e-07
-6.110539350692653637e-03,1.972191005950789736e-02,-6.196832815433430131e-08
-2.171147949063248137e-03,8.632735376875366740e-03,-5.030141456394486276e-08
3.554611912430378703e-03,3.825417656289920639e-03,1.858457107109393055e-07
-1.018808281047571453e-03,1.094800785916541161e-02,-1.861215128580964554e-08
-4.862507723955899856e-03,2.609978886828589681e-02,-3.726168740765425560e-08
1.053729515158525641e-03,5.698450532726642009e-02,3.698380328474956701e-09
-3.751844954331704212e-03,1.306889482582920337e-03,-5.741762545730554693e-07
-2.437500131904251841e-03,1.357099172179549980e-03,-3.592297288121735055e-07
1.370354607711758797e-03,1.678997570979973587e-03,1.632383155731519113e-07
6.499239889771778363e-03,7.806656894018382253e-02,1.665086052764201518e-08
-4.430107381772771351e-03,1.445374385131278352e-03,-6.130178315145215739e-07
-1.564376829567037594e-02,1.159707970957961441e-03,-2.697937848952326878e-06
4.035604253451468074e-03,4.929122467634214529e-03,1.637488167999008712e-07
1.863621389486606146e-03,5.888356244787315390e-03,6.329986993082191521e-08
-1.000503135471495289e-02,6.672494720075639041e-02,-2.998951369347337758e-08
-7.402999619766417391e-03,1.062204472353008196e-02,-1.393923081737754669e-07
1.260745886377508812e-02,2.649483965466865529e-03,9.517118402586377991e-07
4.408124292080648973e-03,2.411047355992097796e-02,3.656682884746926574e-08
-7.636317893101138288e-02,9.896127178496243182e-03,-1.543326948533653875e-06
3.856915751209489401e-03,4.290561730662358769e-02,1.797898647818310048e-08
4.058374910301499987e-03,4.850265746413935652e-02,1.673500468531358406e-08
6.184552309511937712e-02,1.399945552090370911e-03,8.835605772798121798e-06
9.462668797793059514e-03,9.407560085672134198e-02,2.011758509278066902e-08
-1.435443967617609957e-03,5.311183308518717394e-02,-5.405478718906969656e-09
9.584556423657856344e-03,3.780163529804801172e-03,5.071082064472665329e-07
-4.432484895281273846e-02,1.078878914093465632e-02,-8.217009087003318345e-07
8.310431521645005037e-03,6.898254428147156114e-02,2.409481382645822412e-08
6.230591514215075635e-03,1.306477031324932564e-02,9.538206233642774879e-08
-5.473169315204060026e-02,3.639231954537485575e-02,-3.007934357858184604e-07
-1.500552425507312160e-02,5.734346031803792647e-03,-5.233671801515648943e-07
-1.043494449762863430e-02,5.449630813660581719e-02,-3.829678085810671663e-08
7.416046520721953327e-03,3.131069412235024801e-02,4.737169866899815459e-08
-3.808749688792458996e-03,2.320699414992586588e-03,-3.282484976909677539e-07
6.027361221463088496e-03,1.168023199853799460e-02,1.032083794068119435e-07
3.366794953400401025e-02,2.736049188930038401e-02,2.461115381972207613e-07
-2.171248181433707916e-02,5.492219616197319305e-03,-7.906800497046468701e-07
-6.923433298634948385e-02,2.629547516145358099e-03,-5.265985969928880354e-06
9.758573570766926331e-02,4.363770958279854228e-02,4.472636474358024655e-07
-8.510015363213531414e-02,7.447475529948591189e-02,-2.285390760870404607e-07
-6.015435326040993215e-03,3.189628720331907745e-03,-3.771951820959564538e-07
2.107450071003033609e-03,4.318725982914957406e-02,9.759798533806704216e-09
-2.642120711263027527e-02,1.137557113805150177e-02,-4.645352265523951268e-07
8.988937089873015596e-02,4.931618690748739570e-02,3.645508030351938681e-07
-1.099532830429140323e-02,1.967433915992949922e-02,-1.117756632736294569e-07
-3.098058835338591156e-03,2.623960426697511186e-02,-2.361411035121124735e-08
-4.601900307497426741e-03,4.621788271771807254e-03,-1.991436065788688540e-07
-5.827699293065127101e-02,9.909824871519240519e-02,-1.176170717465975439e-07
-4.291607063484725176e-02,2.360810379433342463e-03,-3.635783828830479996e-06
4.247107776620980685e-02,1.703380826287337812e-03,4.986786047933771816e-06
-1.087151716263112106e-02,1.950746105482701730e-03,-1.114624578438722721e-06
1.002214868392542089e-03,9.973612822060613781e-02,2.009775486574810966e-09
2.345804023751213788e-02,1.051502955455264898e-02,4.461906212468606882e-07
2.166326402467764946e-03,2.021367224153412454e-02,2.143472329327802181e-08
-1.892282701289872433e-03,9.082523500414956333e-03,-4.166953912552458900e-08
-1.673836943233261362e-02,1.190224974682230728e-02,-2.812699255200719522e-07
-1.736642722590604065e-02,4.169590664247199013e-02,-8.330216087812104012e-08
1.208702148133207390e-03,6.207483497152207347e-02,3.894421269343454290e-09
-1.315639854108604026e-02,8.368335758343985881e-03,-3.144395254757695914e-07
-5.177979995050448897e-02,7.993703011768811192e-03,-1.295542210307854061e-06
2.430141596651101167e-03,5.020402345670230831e-02,9.681268469306825145e-09
-5.653016222479063935e-02,2.604422789712076448e-03,-4.341181593700012248e-06
7.782661923995738175e-03,1.230124300381626231e-03,1.265372452716055192e-06
-2.477260617603752393e-02,1.355464006220120921e-02,-3.655299079468965418e-07
-1.575090872763408242e-02,2.663575381909124087e-02,-1.182714253524320465e-07
2.257486398737279520e-02,4.363208458966102293e-02,1.034804689001478434e-07
1.356145585603981112e-03,2.428592150442734909e-03,1.116839937841014537e-07
3.590448661129406419e-03,1.029584078684626577e-03,6.974709300048222611e-07
-2.682539682947460841e-02,9.012941073726574159e-02,-5.952766283561896011e-08
6.335877208948705042e-02,7.816071513325112408e-03,1.621277799077804297e-06
-4.503010610856839069e-03,3.475782784968889112e-03,-2.591132076224286439e-07
-1.799786458433276504e-02,2.339219416125306802e-02,-1.538824981045057680e-07
6.792669917170796219e-03,9.037157936121859372e-03,1.503307578852018830e-07
-2.401533703665863391e-03,1.461430918707247451e-02,-3.286620826259589509e-08
1.871846307656785044e-02,6.307546374390604615e-02,5.935385658836313108e-08
-8.423001851936570694e-02,1.623657828098342901e-02,-1.037556113256903574e-06
-6.130298569295704499e-03,1.153555505740807424e-02,-1.062875358702846891e-07
1.626021251230709260e-03,1.786504121798798347e-02,1.820377265027804509e-08
9.433704175502858127e-03,1.136576958071022596e-02,1.660055524308637702e-07
4.979938263852494267e-03,2.841424014213067301e-03,3.505315558036357756e-07
4.126933172567792685e-03,4.540080867779789503e-02,1.818038416639885618e-08
4.648605694109712513e-03,1.474054087474128668e-03,6.307372766422969979e-07
-3.304563925422452503e-02,4.397226594340043065e-02,-1.503053778733645936e-07
-1.586391655352777791e-02,1.366799591737304261e-02,-2.321372228467959574e-07
-2.301395539135137492e-03,4.523220195078045403e-03,-1.017613230746528791e-07
1.357449984427447007e-02,8.093492486018399878e-03,3.354494446023696485e-07
-1.147585255206850239e-03,7.083750290348143908e-02,-3.240118726942712439e-09
-1.627198044305894556e-02,5.741581708487751914e-03,-5.668237932530549418e-07
1.033495090409486047e-02,2.650519212655799272e-03,7.798600430735524703e-07
-7.931883652088030090e-02,3.543613619670518602e-03,-4.476815341865329410e-06
-5.495250638986660940e-02,8.673531182294064168e-02,-1.267157998933696134e-07
2.654898452391596126e-03,1.440970550564426699e-03,3.684953546105958022e-07
-1.863425346853422654e-03,3.356622090468562580e-02,-1.110321522644205185e-08
-2.859116917512468867e-02,2.430304650360142794e-03,-2.352937576611368787e-06
-9.497508992232119029e-02,7.673370807854846057e-03,-2.475498890453880754e-06
6.313258411217072263e-02,1.435696373426758026e-03,8.794885115815816146e-06
2.797169238946576111e-02,5.485816032957343581e-03,1.019804002821755868e-06
-4.672836098900016305e-03,4.203161091159896001e-02,-2.223533726744931155e-08
-3.806104222831032530e-03,2.455393598725167520e-02,-3.100264627809786657e-08
-4.484228014777682375e-02,1.980860565455626679e-02,-4.527651482142104756e-07
3.799381935199875552e-03,4.022311100324009285e-03,1.889193767336264454e-07
-3.458939112399756020e-03,6.048783410869629402e-03,-1.143705188639414429e-07
-2.380379753520068132e-03,1.315673689689427633e-02,-3.618572396114857263e-08
3.382958815496459742e-02,8.830917885657141309e-02,7.661786965145823394e-08
-6.730898042145641927e-03,2.813377448449708943e-03,-4.785025078423372530e-07
4.254654284137666248e-02,1.071188249205133267e-02,7.943971641174747370e-07
3.279517037288696285e-02,3.405470076792359996e-02,1.926069841099629226e-07
-3.905745213203980475e-03,1.339286201817588328e-03,-5.832701120148900885e-07
5.641389466490370763e-02,3.833686250804379386e-02,2.943125110797830882e-07
-4.244267723033778167e-02,5.602683949954598286e-03,-1.515115895704116958e-06
-9.297825575611231436e-03,2.038492814401862609e-03,-9.122448450442466394e-07
3.119254436341513739e-02,7.016806130631905725e-02,8.890998400724376117e-08
-1.292743846775168057e-02,3.360249389141051028e-03,-7.694495971608334697e-07
-2.863837805212684010e-02,9.772154594846876874e-02,-5.861345166553685340e-08
-2.562643556116519020e-02,2.127247224292726224e-02,-2.409402995146419307e-07
2.176359934094519027e-02,3.419715823816818837e-03,1.272857870527870701e-06
1.870562191095074970e-03,1.294922664261431017e-03,2.889132953612665391e-07
4.332060901588825896e-02,3.162150370686426289e-03,2.740004293685747107e-06
-6.252865280022174010e-02,2.530644512017150849e-02,-4.941822441475861036e-07
1.079252735299367130e-03,4.287869957507916413e-03,5.034087506873897736e-08
2.004824894044604511e-03,4.887508168385966238e-03,8.204047350126615129e-08
5.564364180048530367e-03,1.546068431637886813e-02,7.198235345348898492e-08
1.249879308536723044e-03,9.704086122284653892e-02,2.576040249754383819e-09
-4.047732522362793711e-03,1.077842921536188540e-02,-7.510961578892392804e-08
6.090894550523548966e-03,2.816562480862564583e-02,4.325147264785485656e-08
3.275067329766235148e-03,4.117230906042363033e-03,1.590941522429076391e-07
-1.402330346586122675e-03,9.132545864911829903e-02,-3.071126309360032926e-09
4.281779315520552187e-02,7.363277462291692443e-03,1.163033761997916716e-06
-3.066345313028719793e-02,2.275753572412418831e-03,-2.694852725526968160e-06
1.050267433148609902e-02,4.897148186863805285e-03,4.289393222848916476e-07
1.094221462970463654e-03,1.674887252124147635e-03,1.306648758620172866e-07
-9.209504029893485211e-02,7.080915229487065587e-02,-2.601273730937291061e-07
1.598146662551048341e-02,6.157135325359901212e-02,5.191312125435386795e-08
1.379362090085964852e-02,3.138139048336313543e-03,8.791142322835030269e-07
7.997736115006917612e-02,1.516437269580768769e-03,1.054828436277255768e-05
-1.172668434504655971e-03,3.841708376313349941e-03,-6.105061577543950065e-08
-2.143487603900922668e-03,4.383363254547475475e-03,-9.780312279286080774e-08
3.560996561371809147e-03,2.370246352875786215e-03,3.004811795663033487e-07
5.949722489212988519e-02,2.456018241954817209e-03,4.845117676656418934e-06
2.056187872357596001e-03,4.485163649420009432e-03,9.169036630389020902e-08
-9.998058819803820954e-03,3.247163649226154133e-03,-6.158156462752885664e-07
1.823708715292883574e-03,4.620758084354823457e-03,7.893715134453082916e-08
4.272977723356719860e-03,3.097575583027840571e-02,2.758976012301324876e-08
-1.528607700807269824e-03,2.710391132403340390e-03,-1.127984893761846587e-07
7.609777864449583824e-03,5.561530688256938193e-02,2.736634827809069064e-08
1.806039139220700848e-02,7.978776578236141184e-03,4.527203970568695315e-07
-1.156443604003458197e-03,2.550831696171878410e-02,-9.067380941511547894e-09
-3.055752953327268377e-03,6.331086114514698597e-03,-9.653376115739227673e-08
1.987098607287911007e-03,6.824752494471091578e-03,5.823334284161781191e-08
1.217100924950776514e-02,5.849671262025823992e-02,4.161350915222376205e-08
-4.163820436569025396e-02,6.422835953189601904e-03,-1.296595084466122824e-06
1.607185631489353034e-02,2.998996672863092627e-02,1.071838284348350442e-07
2.090995369584815449e-03,2.394482308022372399e-02,1.746548486347153733e-08
2.535344208727981913e-02,2.913355099842436253e-03,1.740534815318918789e-06
-4.946253081213236071e-03,7.893300259506376426e-02,-1.253305421606897390e-08
-1.138484420328682821e-03,5.532810337211278157e-02,-4.115480203787932168e-09
-9.803974418959313097e-02,2.052064157458296546e-03,-9.555434563299222160e-06
-2.956517386920701727e-03,3.710158925540778252e-02,-1.593775448490373512e-08
4.669727035059013237e-03,2.837904433439345214e-03,3.291038301184615005e-07
-2.595072459809699347e-02,5.384119512452061052e-02,-9.639932777908094353e-08
1.190611685351704134e-02,4.039904957467908321e-03,5.894380952154030602e-07
1.666141028707232574e-02,1.375637078420294864e-03,2.422406895343162280e-06
-2.528273814260746655e-03,1.588633313828041564e-03,-3.183022065412038069e-07
1.033022204537015556e-02,2.852957091984358040e-02,7.241918363744548079e-08
-1.929522063796870052e-03,4.086457275731272820e-02,-9.443695915826698853e-09
-9.133156667635379533e-02,3.271129353738826649e-03,-5.584218426883676830e-06
3.752913004549880954e-03,1.509234782171533628e-03,4.973371483960139054e-07
-1.982194064281736241e-03,1.749280836868476619e-03,-2.266344054396868650e-07
1.314559443356007372e-03,1.024938769217859959e-03,2.565201684720933341e-07
-2.961500586150046192e-03,2.208070664153488627e-03,-2.682489700875767009e-07
-8.664985054574858570e-02,1.607319891372495715e-02,-1.078213354937168749e-06
9.250719166078714972e-02,4.919154581620214899e-03,3.761181010153815279e-06
-4.952823854258534692e-02,5.802353158904845210e-02,-1.707213877401933843e-07
-2.354221083546872637e-02,1.693689002659426023e-03,-2.780051142016489060e-06
-4.309987511967022789e-02,1.060888573998994668e-03,-8.125413062702185557e-06
-2.474917494011315017e-03,1.361215500558267399e-03,-3.636411711126273291e-07
-1.181190853219757884e-02,1.766900266831598551e-02,-1.337048764653929011e-07
-4.753346345684346906e-03,5.811532205108897731e-02,-1.635867103349005695e-08
5.511285410544563071e-03,4.637039039444409982e-02,2.377121379889056243e-08
3.763416018032958270e-03,7.276647025085458687e-02,1.034403850408820837e-08
-1.672859172757399813e-03,5.212196322147420388e-03,-6.419154441975113117e-08
1.568593664170038482e-02,1.602142489240577367e-02,1.958161585349075815e-07
-4.344612880340898570e-02,2.699506584241067458e-02,-3.218888271551162031e-07
8.046548361794534157e-03,2.393080051473834430e-03,6.724989451310362132e-07
-7.716811928536811138e-02,1.824577851257114594e-02,-8.458916256122230575e-07
9.102095461043804847e-03,3.161183917455977904e-02,5.758784543465927754e-08
-1.133507996689664746e-02,9.481077072924422658e-03,-2.391146138321742223e-07
1.586014251537660449e-03,3.561990076799356926e-03,8.905403221529607655e-08
1.135134104591283520e-02,3.142568711774022111e-02,7.224396905916604708e-08
-1.228443961330422671e-03,2.148417584883408320e-03,-1.143604510258447829e-07
-6.083328021445050249e-02,2.631197645071128941e-03,-4.624097377793364545e-06
-1.964192423731491322e-03,8.057338744699191896e-03,-4.875639840589946990e-08
-1.945244404641272712e-02,1.279508254676532848e-02,-3.040677012437615444e-07
3.543525672062490355e-03,1.163911630657708980e-02,6.089123515256904807e-08
-3.978989311730616631e-03,9.291538965385238991e-02,-8.564940063920947624e-09
-3.195190058139736611e-02,5.139478523136432886e-03,-1.243417137555471756e-06
-1.531734609863932839e-02,1.685533045961213131e-02,-1.817546212844460551e-07
-1.408554692181473176e-03,3.486245895843483739e-02,-8.080810210023255604e-09
-3.594759661082903585e-03,3.054270311962679202e-03,-2.353973649099319169e-07
-8.781243202656040248e-02,3.120584270490256527e-03,-5.628067512835114610e-06
3.420038365920157700e-03,5.493329459649825067e-03,1.245186890549510920e-07
-8.743795067751155767e-03,1.024008208578192991e-03,-1.707795010698887398e-06
2.682058859605296851e-03,2.298489122838726431e-02,2.333807653713165115e-08
-1.841723789946081088e-02,3.737423422934412452e-03,-9.855789133531951524e-07
-5.755289835777134370e-03,8.381299389809908351e-03,-1.373393707485221175e-07
-3.855523938607243600e-02,5.452606970259307739e-02,-1.414224698707618222e-07
-8.253302476040452751e-02,6.932583338036461644e-03,-2.381068397962229833e-06
2.525001709974730290e-03,2.389219443163851167e-02,2.113707285791716419e-08
-2.388639565477772633e-02,2.677561688409390434e-03,-1.784227975335534257e-06
7.464694891093193174e-02,1.245279638519808559e-02,1.198903925967240494e-06
-3.593750077897950833e-03,2.946002126963571249e-02,-2.439798857101579069e-08
-5.207588103961727222e-03,3.741568159200661138e-03,-2.783698358336884801e-07
-4.464434703660566210e-03,2.040527731857395138e-02,-4.375857614539387256e-08
1.273420202341941573e-02,1.798695320521918536e-02,1.415967674510915212e-07
-3.397269582540013693e-03,1.844531756669094344e-02,-3.683690059182531711e-08
-4.267197521287824369e-02,4.455686554702953384e-02,-1.915434574608987905e-07
2.167203510295072702e-02,1.935012144111271804e-03,2.240037086299586452e-06
5.375572933156704154e-03,6.191870345457962076e-03,1.736369356552634811e-07
1.239415785400161795e-03,3.136790659105289421e-03,7.902612647803261542e-08
5.488461255928088652e-03,3.010731056418299717e-02,3.646009941367418772e-08
-9.996591510551369741e-02,2.076960965460843134e-02,-9.626375971348997520e-07
-1.577477286170226711e-03,3.534338994530233924e-02,-8.926765379499591581e-09
1.602674216559899986e-02,3.779498255196392723e-03,8.481063387032985429e-07
1.104564007079260161e-02,2.878010299354792113e-03,7.676049235532873563e-07
3.075004476114378930e-03,7.490444640214288449e-03,8.210646638739332800e-08
3.330535641683422809e-02,6.653069912946107944e-02,1.001223896654613465e-07
-4.150993468966659994e-02,2.612913602163118368e-02,-3.177358424316009694e-07
6.648213731592221738e-03,1.702884496042391836e-03,7.808344927548638782e-07
4.772917871937484673e-03,2.160889080007435611e-02,4.417643795578746623e-08
-1.527725739198679093e-02,2.934506893372827718e-02,-1.041236706515380016e-07
-4.163215499405534953e-02,3.898770995517083886e-03,-2.135700618174382549e-06
-5.851368158180362058e-03,6.390800244185983366e-03,-1.831223652176777439e-07
9.754305084655851346e-03,1.034250455779593680e-02,1.886295905543165295e-07
5.002330227653659089e-02,9.926209065718583427e-03,1.007924839719981518e-06
-4.534108908698011864e-02,1.589820986520714546e-03,-5.704044830235743807e-06
-6.273141771911337761e-02,1.273697960064811702e-02,-9.850490523093859293e-07
3.330613650812391021e-03,3.081585137822850928e-02,2.161669500142144337e-08
4.349328068124658914e-02,2.774529483298922988e-03,3.135248953367550129e-06
1.869509102428756550e-03,4.276119531330278487e-03,8.744137043624601639e-08
1.994703317811316341e-03,3.056300194803664855e-02,1.305333575759509775e-08
7.276775798156906970e-03,9.020952787475139401e-03,1.613339595043701003e-07
-1.915137113546631908e-02,5.738722735239983747e-02,-6.674578393885814916e-08
-1.384658294293537525e-02,2.131407781569859706e-03,-1.299317454563523601e-06
-1.135663542109775423e-02,1.230127954227494894e-02,-1.846454474503898150e-07
-3.330071312372324174e-03,6.804766560026502542e-02,-9.787674339570494191e-09
6.244988015370321263e-03,4.855052843024924500e-03,2.572627195052650844e-07
2.371053894448953408e-03,1.811064312623742595e-02,2.618464926371526410e-08
-4.187101419989432138e-02,1.149410164554329032e-02,-7.285806875592415727e-07
2.517728355165802477e-03,6.264425781317327357e-02,8.038348129520481954e-09
-1.179652906535795650e-03,2.868230861468298171e-02,-8.225822726173556367e-09
6.809729363358852164e-03,2.705085597234054007e-02,5.034867527560759563e-08
1.753714439937525613e-02,7.572749496884648157e-02,4.631743442065517959e-08
1.470975557168796577e-02,4.799800742765330391e-02,6.129449281041337448e-08
-1.020045821918012839e-03,2.772634470824546227e-02,-7.358109917632380365e-09
-6.384206843749132103e-03,7.345186138021306266e-03,-1.738374535462379147e-07
-1.603094914028595913e-02,1.973459744946881242e-02,-1.624688746930637351e-07
-1.936931411566726038e-03,1.921931310645616856e-02,-2.015652160370869353e-08
-8.444503677818533671e-02,5.309981500976215796e-02,-3.180682572000090616e-07
1.823452006923316883e-03,4.486989056030900314e-02,8.127903431767551175e-09
1.099912082772963595e-02,2.220580703895508323e-02,9.906736674735106649e-08
-2.310511777374927352e-03,3.071641557234389835e-02,-1.504446887185766566e-08
6.971599558070286362e-03,7.483845553674863156e-03,1.863145730310209644e-07
2.168287684122599361e-03,3.550719129676453527e-03,1.221349028329409296e-07
6.368914788697287166e-02,2.722311465998315284e-03,4.679148562091403741e-06
5.209009746605207380e-02,6.366910597332537530e-03,1.636310158389545274e-06
4.901073887179321908e-03,9.622786744700066730e-03,1.018660806360722510e-07
-1.931372383366500214e-03,6.729280967495658919e-03,-5.740326083575479429e-08
-1.452740430098593350e-03,7.819245956131372355e-02,-3.715885789646513608e-09
2.342799037538936119e-02,1.132686513366230711e-02,4.136799912569782583e-07
-2.548129986794015617e-02,1.610069690019191087e-03,-3.165308999250111605e-06
-6.957784542735651057e-02,1.001775132846029637e-03,-1.389120553763157673e-05
-2.065090469445908863e-02,5.983606541894542774e-02,-6.902640610537242317e-08
-3.175435280083801354e-02,6.649596681588849922e-02,-9.550963139061720881e-08
-3.792156799829878196e-03,3.781561909186695325e-02,-2.005645991230361058e-08
2.547299988350042697e-03,6.792279254101921127e-02,7.500734078416770089e-09
6.448312568142196798e-03,1.282075747534214792e-03,1.005938902898236784e-06
-1.716333795866649761e-02,1.378883991041713122e-03,-2.489506318390859853e-06
-3.756311028058835662e-03,4.493835769693631937e-02,-1.671797058116698187e-08
-6.461180254164289316e-02,1.718388552333476038e-02,-7.520205258283307562e-07
-7.901157473532714748e-02,3.701932946898957907e-03,-4.268756453500287312e-06
2.619512731456856078e-03,7.511843102721428578e-02,6.974502163274335273e-09
1.507586448036634698e-03,3.672358168422450858e-02,8.210628478687288417e-09
-1.184943890849680416e-03,2.179451016327671204e-03,-1.087401384919156189e-07
-5.672865825381649338e-03,5.877823318563425020e-02,-1.930301696720295343e-08
5.408777403310412873e-03,1.675263193472611599e-03,6.457364024216050728e-07
3.790786467927477477e-02,5.503737249724634066e-03,1.377560994974326237e-06
-1.468547287566615567e-02,9.834071322273868487e-02,-2.986715046809775014e-08
-1.551065084476191359e-03,9.206004177396601151e-03,-3.369752950207265881e-08
4.305406900842126405e-02,4.819646436216735302e-02,1.786644845138855714e-07
-1.423100518070264699e-02,3.449340256856573556e-02,-8.251611032608008781e-08
-1.831752061071517711e-03,2.756755827346730678e-03,-1.328946799992067044e-07
-3.992597952238212400e-02,1.008241662259759530e-02,-7.920090580746208831e-07
4.984363376304896953e-02,2.892674623157658748e-03,3.446270153177264919e-06
2.862887822664624514e-03,6.993720625399636737e-02,8.187197360925942506e-09
5.791077271234774601e-03,4.225897000652457242e-02,2.740814608103548642e-08
-1.995070430254789959e-03,8.209437297736821293e-03,-4.860534720740787451e-08
-8.119189924323921836e-02,2.855567471836902710e-03,-5.686689062461259032e-06
9.903263511426413368e-02,2.179418324200131651e-02,9.088180526735691053e-07
-1.345760241100809294e-02,1.495320396067823313e-02,-1.800000577675489029e-07
6.511394638408809533e-03,4.501684612736051028e-02,2.892931568117000120e-08
-1.156937308633831409e-02,9.271505875424806975e-02,-2.495736649455156887e-08
2.658410874246351901e-03,9.736998229715453437e-03,5.460547909556030704e-08
9.185245581555964711e-03,3.837006178065387099e-03,4.787816333636868813e-07
2.925446903018646613e-02,1.097883150744340857e-03,5.329363070717504918e-06
4.757944003502505292e-02,9.166678589711586139e-03,1.038117544097784202e-06
-2.632885956695372835e-03,4.171082602764628576e-03,-1.262474066412188130e-07
-5.662209465374296036e-03,1.808605227549305158e-03,-6.261542861995529304e-07
-1.496273332734690889e-02,2.053941821217472163e-03,-1.457008233960966175e-06
4.230436521430219060e-03,1.822707212683034525e-02,4.642025039625140458e-08
3.352975070732775592e-02,6.581733518554870599e-02,1.018894547181585643e-07
-1.522447591890344802e-03,3.907644828569483558e-02,-7.792314572950274731e-09
-2.449666560690230439e-03,2.683321999117650736e-02,-1.825884873780526882e-08
-3.389172718682747359e-02,9.013148570281442895e-02,-7.520667358142599177e-08
-1.570135340511304850e-02,3.381978747173991495e-02,-9.285502747169636808e-08
-2.788975341916821032e-02,1.330222227510998367e-03,-4.193336190075039850e-06
1.465100290478777399e-02,4.331747592923107688e-03,6.764620227029472296e-07
-2.750895856795939481e-02,3.892151329488278966e-02,-1.413590571362777118e-07
2.243076767347103057e-03,1.653935196407710709e-02,2.712469453493138389e-08
-4.121133519722935609e-03,4.628123774550826734e-03,-1.780946725292057067e-07
6.322928120345384928e-03,7.478360145154315519e-02,1.691029082381737924e-08
2.095589559846845664e-03,9.427949174335113758e-02,4.445577663386058653e-09
-8.895006422682637248e-02,1.225628472833259833e-02,-1.451532060053870696e-06
3.036659239875310126e-02,1.714505359242511455e-03,3.542390391928435077e-06
8.589208271997675337e-03,1.190795642277719078e-02,1.442630484644676727e-07
6.632548103971244204e-03,2.030391617727330105e-03,6.533408373631049899e-07
-5.909536692915010915e-03,2.608964545502160445e-03,-4.530273943800621984e-07
-8.655412764656785288e-03,4.044166980263308106e-03,-4.280533623828647067e-07
-2.229126074141021818e-02,4.261602467877982636e-03,-1.046166730388625757e-06
1.833871377920635523e-02,3.310041186766030791e-02,1.108089099733144794e-07
1.148044637484380796e-03,2.415256589721457778e-02,9.506807645574713847e-09
1.393195095947756361e-02,7.290843872091146149e-02,3.821847440100809247e-08
-1.066537695410313923e-02,1.151271474749245276e-03,-1.852838957608868288e-06
-1.388819534546355434e-02,5.110988410302138435e-02,-5.434756973495664755e-08
9.728282082657518925e-02,8.226432305723081762e-02,2.365178022416930401e-07
-1.503645780443328955e-03,3.240526887789412641e-02,-9.280451784305691612e-09
-3.724624647092662083e-02,1.127112948009564679e-02,-6.609281994627366480e-07
1.381401277356625497e-03,1.977842278455816186e-03,1.396906715680570619e-07
1.362125071980418859e-03,1.895140445974525384e-02,1.437522975441653993e-08
4.900942923906625309e-02,9.258946013441199385e-02,1.058661942564756526e-07
5.076485123262123970e-03,2.536488404004540523e-02,4.002851187033287175e-08
1.124591451506228978e-03,5.208290773303658056e-03,4.318558068759817114e-08
-5.622808360955847823e-02,3.056144334880992949e-02,-3.679752668723096511e-07
-2.001325402528093302e-03,1.668974187138971832e-02,-2.398320922576954567e-08
1.660628689376541373e-02,1.410697481706272563e-03,2.354387014083819808e-06
-2.902558868283337118e-03,3.820524942687634606e-03,-1.519487757865404059e-07
-4.649932419367661801e-02,4.201439354677494187e-02,-2.213541914872057704e-07
-2.169336047361401700e-03,2.836065617961166640e-03,-1.529853224261793267e-07
-2.301929990257859174e-02,2.944117172143647862e-03,-1.563782068381098892e-06
-6.543711270829800919e-02,2.084587528683469471e-02,-6.278316444715105903e-07
1.638264149016460322e-02,1.097979857326906962e-03,2.984205748692357366e-06
4.088923456442106717e-03,7.415016953503438500e-03,1.102899755823142853e-07
-2.035727838376542864e-03,1.982369408250610893e-02,-2.053876551235827937e-08
-8.381057755322739167e-03,1.114362738144769084e-03,-1.504220350097948830e-06
1.921293660074544635e-02,8.988951526069516307e-02,4.274879913212682313e-08
1.220662226723576074e-03,1.430510771993729301e-02,1.706646526842353802e-08
1.540209293538253275e-02,1.078204671040377746e-02,2.857049328333722856e-07
5.429040431283260054e-02,7.690966320904492337e-02,1.411826646896670633e-07
2.001633864522198245e-03,8.938584191703374815e-02,4.478732384762854842e-09
4.496119319279180682e-02,2.823118832409214629e-02,3.185281924858026578e-07
1.453845797408189443e-03,5.170744306004035167e-03,5.623471405369121669e-08
-1.017401120042852420e-03,1.097627093882786418e-03,-1.853858578347527436e-07
7.298646392814889770e-03,1.887191981820491747e-03,7.735091381724904171e-07
-5.401846705704155954e-02,2.823208257242439383e-03,-3.826824521236460100e-06
2.097776805064660750e-03,1.247301699231808661e-03,3.363775269376217154e-07
-4.113444862637063298e-02,4.463385888878305258e-02,-1.843233913667591693e-07
1.075057462825852002e-03,2.192739086813246668e-02,9.805820256574285960e-09
1.224014383863214830e-02,5.125510495949750500e-02,4.776267064645264323e-08
-1.585237367278814541e-03,2.575487920045883838e-02,-1.231045179573073141e-08
8.892813424613161752e-03,9.910722117652556729e-02,1.794622422060021453e-08
-3.156004242468550894e-03,1.006307727627418725e-03,-6.272576674760048561e-07
-1.391525257821808617e-03,5.923850150757331567e-03,-4.698143067344856669e-08
3.557491808428817244e-03,1.723005452858049780e-03,4.129490439725151324e-07
-4.126416608654026423e-03,1.300406211369165921e-03,-6.346484821725826795e-07
-1.398359532970472070e-03,3.874134046149022015e-02,-7.219105892326720920e-09
-4.041839835572809056e-03,3.004683935473193013e-03,-2.690416470338765778e-07
-3.296964790892590452e-02,5.470090460943573610e-03,-1.205477222761821962e-06
1.537145200457644759e-02,4.065193150994632527e-03,7.562631099811675747e-07
-4.780267797276947089e-03,2.371206433901868610e-02,-4.032014363253642728e-08
2.352727384243880754e-02,4.469407940254545297e-02,1.052836225063673836e-07
1.034803387795244986e-02,3.531132876671319587e-02,5.861152071900191371e-08
-3.944861842175127059e-02,3.833644242432686106e-03,-2.058065524102732094e-06
1.014056316348928115e-02,3.967110725927809611e-02,5.112425124091208416e-08
-2.985915940925279802e-02,2.623776595207595423e-03,-2.276092626060210323e-06
3.099439209965819744e-02,6.524464651041157748e-02,9.501177869287612003e-08
-7.922795266664288405e-02,1.231060664577582342e-02,-1.287176750724508869e-06
3.081695697593210895e-02,3.715322196272297789e-02,1.658946872441880781e-07
2.249779827941320465e-03,3.958891558028899971e-02,1.136594685135164564e-08
-1.197327797603600771e-03,1.730413655522985159e-03,-1.383892449516934972e-07
-2.726372794869327126e-02,7.700227029741414653e-03,-7.081429205092975032e-07
-2.494676004618439670e-03,3.804780257096950294e-03,-1.311365574337344961e-07
-1.596883249155333848e-02,1.403799580417751554e-02,-2.275135490428017793e-07
5.307567157666375629e-03,5.835539557576355577e-03,1.819087915813968777e-07
-3.454047721671966303e-02,6.437928566200254964e-03,-1.073053531420237226e-06
3.127735791778159507e-03,6.391647084814473800e-02,9.787155323586846813e-09
-1.183414274024256231e-02,1.303981273714915901e-02,-1.815117136022652365e-07
-2.415937514874242145e-02,1.641854941049141490e-03,-2.942999047151345795e-06
7.069855131813695265e-03,1.252686869692276779e-03,1.128774520413949660e-06
-4.959604083970254630e-03,3.303359494289862149e-03,-3.002827454503159519e-07
6.295470411450287962e-03,8.244892310923275514e-02,1.527152500779440727e-08
4.440729772656738100e-02,3.239041748631078799e-03,2.742060348305109019e-06
-3.915961948511165885e-02,1.492166359823532927e-02,-5.248804854796466849e-07
1.152312578631701969e-03,7.011135776397905105e-03,3.287162191953794160e-08
2.023185826043908449e-03,2.232959861015470365e-02,1.812149675134226859e-08
-1.811531984356262856e-03,1.830728621374464685e-03,-1.979070399366288986e-07
8.495791304017723256e-03,4.899475836450330364e-03,3.468114470467389881e-07
-2.811688750265130959e-02,6.340987619940317843e-02,-8.868487252843757321e-08
1.796402759203243570e-03,2.905558578902534689e-02,1.236554567425443568e-08
4.440101080293126432e-03,6.768184732290352668e-02,1.312078627472864814e-08
-4.823538167484884946e-03,2.193282718567027972e-02,-4.398557875939083739e-08
2.915852076783628441e-02,1.301873781810182398e-03,4.479564717783817267e-06
-2.155922168608653735e-03,1.181223516692240030e-02,-3.650397864863664867e-08
4.170996214628940046e-02,9.545418947115255626e-02,8.739448139481318004e-08
1.673348720228843862e-03,4.528569665641800877e-03,7.390343265512645171e-08
-1.541558154192767226e-03,1.312428313356352183e-03,-2.349219137045650425e-07
-8.836330136736160468e-02,1.603687956606226692e-02,-1.102024560716961868e-06
8.833979963686481793e-03,3.712567203633308777e-02,4.759061249036209816e-08
-1.273145434061080314e-02,5.736659780233011735e-03,-4.438723890700658779e-07
-1.401999735233290393e-03,8.437194282292813374e-02,-3.323449546337545752e-09
-1.076278107796416715e-02,2.505485107252750435e-02,-8.591557263628889582e-08
-6.108673646252841399e-03,2.254592973709578386e-03,-5.418985421498644345e-07
-5.634333847892760566e-02,6.896695430133195116e-03,-1.633957429219383008e-06
4.849846056516013415e-02,2.148154038188580112e-03,4.515457317148761297e-06
-2.255681132728419233e-03,2.377767728617319939e-03,-1.897350153055302892e-07
-2.256808538366299882e-02,7.382038806752150295e-02,-6.114452851155365464e-08
-8.307685795785089283e-03,1.437023801584711401e-02,-1.156259487897327590e-07
4.513559678976348556e-03,3.593026872924420280e-03,2.512452917047611585e-07
-1.166363496817727488e-03,6.779722505761804144e-03,-3.440814097021692669e-08
-1.517662959976360691e-03,1.638095022887555222e-02,-1.853000140485526063e-08
1.577457503101413472e-02,1.313352613396768761e-03,2.402235240117289063e-06
-7.876040390083197118e-02,7.055449597051142996e-02,-2.232659266899246990e-07
2.549759393912221818e-03,1.247028394527616331e-02,4.089423292189075116e-08
-2.051214715925849322e-02,4.201339866607068513e-02,-9.764781202867063085e-08
-4.469553963526632506e-02,9.244935492354579981e-03,-9.669399594446973911e-07
3.913963130496923848e-02,3.090606071801048262e-03,2.532866412255059888e-06
1.253775573484788679e-03,7.735866242731972639e-03,3.241530114823060306e-08
-4.230343568815195937e-02,2.058179582025619365e-03,-4.110849551660293053e-06
3.928249740294100303e-03,2.837638770619056380e-03,2.768733716156943953e-07
-3.466285052273309318e-03,5.406491509154203595e-02,-1.282295024718227204e-08
-7.069780610005910182e-02,1.728993932911652293e-02,-8.178086047455689952e-07
1.426314685530924442e-02,1.286444202416778954e-02,2.217499894511078806e-07
-1.739104718686238296e-02,2.192317780133033744e-03,-1.586578027717266017e-06
3.967987718338333337e-03,4.813928181868370321e-02,1.648579596673253020e-08
-4.637941281322308096e-02,1.934855049083466106e-03,-4.794198580376932328e-06
2.830746392917330573e-02,5.504375905057191931e-02,1.028565813686624822e-07
1.078798381866567097e-02,2.262599576483404276e-02,9.536121878139637681e-08
1.983875303822286995e-02,3.556762315844664429e-02,1.115574902725392846e-07
-1.592964063634040583e-02,1.144740945035401490e-02,-2.783158690494754229e-07
-1.010471088614202113e-03,2.439322659105271941e-03,-8.285025514809561368e-08
1.885697198236796143e-02,5.283903307058124103e-03,7.137667324557606576e-07
-6.374412794299881384e-03,1.060508590139100935e-03,-1.202168105444527264e-06
1.732935485692595635e-03,2.584714154686267810e-03,1.340939184988397287e-07
1.680296923521724592e-02,8.758589254386326892e-03,3.836993649144690490e-07
5.393188346169391217e-02,1.805538483100558450e-02,5.974176458673263139e-07
-8.305293241181892216e-02,2.919026977543983520e-02,-5.690573936535028671e-07
4.582829764729383359e-02,6.012748251928366761e-02,1.524403413246652141e-07
2.332461492666775080e-03,7.384889934620586169e-03,6.316982355109937766e-08
-7.151666931610804745e-02,7.906539425908223895e-02,-1.809089477159463022e-07
-7.982881803304612764e-03,4.589507472637545382e-02,-3.478826950261569575e-08
2.690553673757147338e-03,1.026788277987794769e-02,5.240828718948184338e-08
4.019974711064341899e-03,4.052198858395606590e-02,1.984137563941587690e-08
3.219536024143313923e-03,1.949586348567517629e-03,3.302858908195564111e-07
-3.196345133093277027e-03,3.356148558124943254e-02,-1.904810160206212705e-08
-2.794079776066477235e-03,1.437980854206603399e-03,-3.886197841907154030e-07
-2.080113968833040890e-03,3.607248056907592232e-02,-1.153321346876212305e-08
1.187568610512094482e-02,4.054916167045823777e-02,5.857550455669289827e-08
-2.270469353481866306e-02,2.825467822465597273e-02,-1.607179878893011117e-07
-1.949250061339362350e-02,2.255716161389752748e-03,-1.728312669513918966e-06
-7.889740700167667889e-03,2.842706849363255128e-02,-5.550982553808736030e-08
3.984278046731529188e-03,2.879837401502619021e-02,2.767074670338045265e-08
-8.959164044457061660e-03,2.638253324246912432e-02,-6.791883107322660375e-08
-1.866208531934902479e-02,1.077678614877322118e-03,-3.463459501881324132e-06
-4.342599415851650796e-02,2.430513992147721736e-02,-3.573475855990927797e-07
-4.106642753281798675e-03,3.211186192758207214e-02,-2.557765025084920445e-08
-2.217977959323872567e-02,1.607155190668061936e-03,-2.760187717524378271e-06
1.863112427211759126e-02,1.734177054290471365e-02,2.148744782807503235e-07
6.281698453063298826e-02,1.260715022094394643e-02,9.965506232610738152e-07
2.518103066616791345e-03,2.736487154781422695e-02,1.840429967367696734e-08
-2.775044212606775015e-02,2.769121520147572405e-03,-2.004320185093688488e-06
2.044819302029859953e-02,3.720830596511127443e-03,1.099143121523546220e-06
-7.630921214368088790e-02,3.052770355637859576e-02,-4.999447844506408029e-07
4.804464216941996095e-03,1.816877932293183007e-02,5.288815552665384229e-08
-1.303206115543926839e-02,8.971490806613721669e-02,-2.905278037310575925e-08
-1.517339298258095883e-03,9.832031372086274743e-03,-3.086587964911363835e-08
-7.432514228659518711e-03,1.146679526342026228e-03,-1.296381721644442427e-06
-1.912041631893599686e-03,1.436288724356232088e-03,-2.662531786423436032e-07
-1.475315162293937277e-02,4.584517681812261269e-02,-6.436212313575776925e-08
-1.738458982834837838e-02,5.087852723964711443e-02,-6.833907955427331636e-08
1.731460253001997074e-02,1.460703600109061577e-02,2.370771156986098715e-07
8.793710402186133077e-03,7.013349112943587094e-02,2.507759645008721713e-08
1.327987457757441201e-03,1.007286446476679878e-02,2.636818221188913323e-08
-1.167701892699696655e-03,1.495204365926410678e-03,-1.561962617913477291e-07
-1.975758602338370789e-03,1.723086362757561898e-02,-2.293327318120570740e-08
8.953120242060193246e-02,1.042856399024484453e-02,1.717074406537256856e-06
-3.051500878197103625e-02,5.712715876113041297e-02,-1.068341459675457763e-07
4.059309518006998935e-02,2.293295730840985269e-03,3.540228652154784013e-06
-1.410131586734756281e-03,1.431530727757505082e-02,-1.970144925497680888e-08
-6.128949822974672640e-03,1.038251344038502999e-03,-1.180654351183886282e-06
2.015299205443754280e-02,7.371073695407084903e-02,5.468245302505200034e-08
3.880493368425658868e-02,1.648276201823545631e-02,4.708647349319602186e-07
-5.091733178345675230e-03,6.328427181390919309e-02,-1.609196421803610211e-08
-1.521722746233737005e-03,1.747231442728138136e-03,-1.741904351000161315e-07
2.185932978619614837e-03,2.791596478321917499e-02,1.566114132345249352e-08
-1.820466510317863759e-02,3.320812147279848109e-02,-1.096421626195292832e-07
-4.985788111580724546e-02,2.106637846708635589e-02,-4.733508307190992416e-07
1.605326404847312594e-02,3.066978589988098459e-03,1.046867730647502188e-06
-1.447707846700323556e-02,2.076187373921197562e-03,-1.394612619977103846e-06
-2.531958791302055516e-03,1.114299202459041955e-03,-4.544582811337868082e-07
-2.290556446859465679e-03,7.712351334079955642e-03,-5.940095145098498904e-08
-5.858653596068474217e-02,8.003684865193648121e-03,-1.464020128942376714e-06
3.867866312421308628e-02,5.956463617791258464e-02,1.298739859308320482e-07
4.597703884904641436e-02,6.671434469772379375e-03,1.378354665895183156e-06
1.054234792966927178e-03,4.810076645537742987e-03,4.383535789002219842e-08
2.684080955305217370e-02,6.794957986088433904e-03,7.900381128237109863e-07
1.715676712656435347e-03,6.383153572573608235e-03,5.375753809954692077e-08
-9.643347905217222391e-03,5.468140414301225945e-03,-3.527178066550680506e-07
1.282201863551849473e-02,6.726734829319271081e-02,3.812337174287947232e-08
1.647524545705757182e-02,7.740429000343478777e-03,4.257023723481684811e-07
1.468148858697640620e-02,1.658691469245724900e-02,1.770287035754384215e-07
6.251825617008197056e-02,9.645296525139528468e-03,1.296374501100892135e-06
-4.088923200076876457e-03,3.145032874580165616e-02,-2.600297103665018124e-08
4.114584405756008256e-02,7.283508621262943517e-02,1.129859769881410749e-07
5.751867253069282981e-02,5.455427543072241363e-03,2.108721716321378941e-06
4.176817437174828312e-02,3.474948444430449746e-03,2.404010364885509090e-06
-3.046063425366445955e-03,1.526066659892326600e-02,-3.992129729038001627e-08
-1.278167216040433348e-03,2.755060146685146816e-03,-9.278885116247789972e-08
-1.420836995962204002e-02,1.239476425875512405e-02,-2.292689245473339784e-07
-1.054549172566128339e-02,4.236034196745538764e-03,-4.979051128794867433e-07
2.299170730849866770e-02,3.056570687739177446e-03,1.504443860427609777e-06
-1.789751175743788678e-03,2.210615144226877812e-03,-1.619267963443017332e-07
1.230588748668465758e-02,2.283972685968904074e-03,1.077609080345396501e-06
-1.613379831270114056e-02,1.287035669620792411e-02,-2.507178462203910173e-07
-1.035256139562694237e-02,2.042039121395648402e-02,-1.013965001294231576e-07
3.073441001714420813e-03,4.674048566179700437e-03,1.315136612000801506e-07
-1.969075412001684323e-03,5.723193940978890670e-02,-6.881182786387235148e-09
1.889484861747907926e-03,3.401131206399961304e-02,1.111115583749210294e-08
-9.841366478251633437e-03,4.429602170806780544e-03,-4.443548138694453538e-07
2.541686749657461747e-02,1.826687102061218954e-02,2.782896603293940368e-07
1.012625975065657626e-03,4.296777214411781620e-03,4.713520879057954963e-08
4.005027542938295430e-03,6.176567550782194153e-03,1.296873212387451449e-07
3.704291254747938637e-03,4.740795474265187270e-02,1.562762980614736196e-08
-7.622290998871585066e-02,9.737263602537915563e-02,-1.565625210470758214e-07
1.501464332523539356e-02,4.285420807313563077e-03,7.007462044973662248e-07
-1.239827497121312417e-03,2.674734167554396191e-02,-9.270856239116702396e-09
5.451526374930115541e-03,9.482824996573425980e-02,1.149792813581230324e-08
1.090225846129718075e-02,2.750713574842391512e-02,7.927026519815806690e-08
1.668719680285503642e-03,1.629725103386856638e-02,2.047897617749271990e-08
-5.188903203488777482e-02,7.994530591281488741e-02,-1.298140826433066540e-07
-1.576304623957906076e-02,1.176853242129600151e-02,-2.678903376004973940e-07
-6.052809922756458710e-02,1.343960736976841479e-03,-9.007611834061916731e-06
9.909443863713179868e-02,1.878766983388745464e-03,1.054910391529039789e-05
-2.879077803101896815e-02,1.208135832503726267e-03,-4.766250282090754780e-06
-1.011138242640959896e-02,3.452203704320622873e-02,-5.858053453742699692e-08
2.100346180343467921e-03,1.626703408763400908e-03,2.582389294975951638e-07
3.429021078595254849e-03,2.523216958691403694e-02,2.718033267590406766e-08
-7.407942843934079563e-03,6.743491452247438178e-02,-2.197111107554743202e-08
-1.064137740412554600e-02,5.288220118976899586e-02,-4.024644548639183661e-08
-3.050796071224984307e-02,1.242016163761370910e-02,-4.912755366623456144e-07
-1.382765684085325271e-03,5.507300962695401564e-02,-5.021679496740928051e-09
1.898595861806736534e-02,1.083137089137220857e-02,3.505809477439035632e-07
-4.600350466804976196e-03,4.944447932068212793e-03,-1.860854079589683073e-07
2.055773775554946108e-03,4.455389722110449265e-03,9.228451436928307765e-08
-9.499806927441892257e-02,1.752532224975364775e-02,-1.084146506296825181e-06
3.500287069449595223e-02,1.494455900129578949e-03,4.684462512187476516e-06
4.408408943397194857e-02,7.714171773448479097e-02,1.142961963334492132e-07
1.605397841270778678e-03,5.473795483976389396e-03,5.865881912691539464e-08
8.221218763905734431e-03,1.822712899409958389e-03,9.021051160785908279e-07
-1.200065069185062873e-02,1.860743134596611059e-02,-1.289904558606681942e-07
1.190385110982370397e-02,1.380400097288405833e-02,1.724732365135823284e-07
1.834188886408899240e-03,7.859128676468308400e-03,4.667763743523143849e-08
-6.504277086189773349e-02,3.504452856697955893e-02,-3.712085923662408746e-07
-2.017001234013056799e-03,1.759739116895112912e-03,-2.292435282906416671e-07
-1.898381502818469787e-03,3.089809467843419172e-02,-1.228827727051482907e-08
-3.036676712703199714e-03,5.117854149477804593e-02,-1.186724373242886773e-08
-4.971087716248947207e-03,8.422202207276238695e-02,-1.180497224907962996e-08
-5.869231730943989291e-03,1.464903914814722104e-02,-8.013298584414781288e-08
-9.809472997107961112e-02,1.556581361721479095e-02,-1.260413534963818889e-06
-7.540150016258244554e-03,4.079049915417786581e-02,-3.697091293252880580e-08
-4.877928164208896605e-03,1.322727270512502476e-03,-7.375717953636809076e-07
1.073428039180676034e-03,1.870663894918483993e-03,1.147668282313037828e-07
2.828765426035348418e-02,6.351788727040741551e-03,8.907177343177506031e-07
1.862077959500550153e-03,5.237776408958216660e-03,7.110335813860496404e-08
-1.380891384332186495e-03,1.961576328083265881e-03,-1.407970372659043567e-07
8.145251027078835582e-02,1.712240330700622384e-02,9.514346396521241910e-07
-5.967701565626017807e-02,2.537942951741581007e-02,-4.702885975310256050e-07
6.962882168217948697e-02,2.271668243083776323e-03,6.130322850832152352e-06
-1.061388005273992789e-02,1.088264008356218740e-02,-1.950648945612852105e-07
6.537995792687956165e-02,2.532808198797104754e-03,5.162755304261128830e-06
-3.743669283701370372e-03,2.043384311624478478e-02,-3.664262934677140762e-08
7.131363306151592731e-03,6.013942861262171376e-03,2.371660239028937626e-07
-6.823342552756296586e-02,2.230887304624102827e-03,-6.117285512737524113e-06
-1.780971376280088975e-02,1.230387479069360458e-03,-2.895037841110134789e-06
2.694256326620544234e-02,7.574222801805306771e-02,7.114428898351194233e-08
8.387152384885254719e-02,2.470852071230839747e-03,6.789018571402692438e-06
2.238552697053505444e-02,1.399998894190016907e-03,3.198002787266734243e-06
-1.129581858715507023e-02,9.251645721251819388e-02,-2.441956500019429804e-08
1.403947278010181507e-03,8.246151393471991276e-03,3.405169254334699284e-08
3.886043703585760015e-03,1.648771792476627987e-03,4.713964849425367095e-07
-3.167568422315444193e-02,9.653986251284938855e-03,-6.562337116870283795e-07
-1.089409434230198623e-03,3.686955966445192977e-03,-5.909658555766149154e-08
8.782374771616745235e-03,2.652979704038556374e-02,6.620903323534800653e-08
2.184720684829578527e-02,5.905054719837666763e-03,7.399650409358239520e-07
-4.017964251377083816e-03,4.185948798578337932e-02,-1.919779565761524918e-08
1.548788919842412383e-02,7.224240714025886856e-03,4.287846530073715123e-07
1.542866876959582585e-03,6.076161653849341052e-03,5.078533762904770739e-08
-3.143949839501220759e-03,3.681275422125406156e-03,-1.708112635312560812e-07
7.987199338369050175e-03,2.030097819916506455e-03,7.868949653961873643e-07
-1.863877425396386197e-03,9.557691542444020361e-02,-3.900349692330157180e-09
2.144509673827186755e-02,8.585308887557681692e-03,4.995871884973841581e-07
-2.548808419419941549e-03,2.177816797317543365e-02,-2.340750140026116419e-08
1.729855398262047017e-03,3.040351625895144037e-03,1.137955280241325812e-07
-9.278440486867008119e-02,7.244636596635700525e-03,-2.561519044956079549e-06
-5.178358031774465964e-02,4.397073536348992256e-02,-2.355415635485955613e-07
2.098637181949340562e-03,1.189940340300424393e-02,3.527372976143028722e-08
4.450152295878809922e-02,4.844436899471727710e-03,1.837260671636771127e-06
1.945557768980769571e-03,7.252714526751247170e-03,5.365160954343728803e-08
-2.186230918208095092e-02,6.506017921274226401e-02,-6.720784727666404509e-08
-3.319446385479238142e-03,1.192600715886559144e-02,-5.566853609629681803e-08
3.740798513979595036e-02,1.884658250019399794e-02,3.969820912131937062e-07
5.386056684956726064e-03,5.966716212520839849e-03,1.805405434462138977e-07
1.630989189834056163e-02,8.018317337526104094e-02,4.068244542914703862e-08
1.190219249815009346e-03,9.675355862405518592e-02,2.460363245664274268e-09
1.471953822938375884e-03,2.974781697288903654e-02,9.896423986049252450e-09
-6.081007084631417578e-03,4.466275763566407604e-03,-2.723135068852878077e-07
5.772629557676560441e-02,5.659594920499257109e-02,2.039987699497958132e-07
1.661243840463147436e-02,1.701237740799234344e-02,1.953024013234250349e-07
-4.011640794656390341e-02,3.092898455612314110e-03,-2.594152992820825986e-06
7.147158719690101594e-03,1.736178147944490539e-03,8.233383583347311538e-07
5.078240817573518445e-02,1.922560179673037974e-03,5.282902033111921772e-06
1.169363351597871477e-02,3.408502225699537071e-03,6.861595384531783659e-07
8.505357428070239867e-02,3.571771731659626609e-03,4.762643578050543560e-06
-4.800016346463167882e-03,8.021129977551984258e-02,-1.196868316909626706e-08
-3.993847033564566079e-03,2.398986122910946525e-02,-3.329683082256632353e-08
6.485317892470980790e-03,1.082933729272987471e-02,1.197756665719911909e-07
3.197165903138211862e-02,8.269134088067364718e-02,7.732934766188745851e-08
1.983434341102454854e-02,8.074992859760284081e-02,4.912639428000432244e-08
-1.933293786627875849e-02,9.478697706061331441e-02,-4.079325783022849445e-08
4.622759120520857773e-03,7.420855558206781652e-03,1.245909489993071608e-07
-5.145074529292738459e-03,2.240057238214390647e-03,-4.593796607210130916e-07
1.446468941537183738e-03,1.916606784715975311e-03,1.509438072165079405e-07
2.117300601946111790e-02,1.544883085566310481e-03,2.741107771170928946e-06
-3.327929144033566627e-03,9.959820988259891761e-02,-6.682850509983635403e-09
-5.434799439444731178e-02,4.213120244479883619e-02,-2.579995068294416235e-07
-2.361278662228814482e-02,3.119088540587934555e-02,-1.514114601555679035e-07
1.004342226185988771e-02,3.405172033138446127e-03,5.899047221488714780e-07
-1.389071733019918604e-03,1.714970864489960209e-02,-1.619970610350587608e-08
-3.079781891309207528e-02,4.019449100471416542e-02,-1.532472308987624500e-07
5.785696247758253044e-03,7.193112487143649841e-03,1.608710829583967013e-07
2.133895237023432801e-03,1.699650824376847807e-02,2.511033998498586162e-08
-6.499410887917143193e-03,4.815227117900046545e-03,-2.699581390079875098e-07
1.132618934576921053e-02,3.681157412804701018e-02,6.153732826478309726e-08
1.674858237427307838e-03,5.046995915506737561e-03,6.637190890594705746e-08
-3.229357815831757766e-02,1.236921777523477227e-02,-5.221714708318534901e-07
3.283240732094345332e-02,9.142725317122185266e-03,7.182345011470609756e-07
-7.378040003972293620e-03,2.332370967493805833e-03,-6.326777871327818286e-07
2.087818333980008979e-03,8.252280309355368437e-03,5.060086531392696471e-08
3.991592665209246077e-02,1.009961101454615907e-02,7.904615993797701094e-07
1.594286867910310948e-02,2.402709643460023553e-02,1.327102250116998518e-07
1.103518507217862710e-03,1.154595086101998028e-02,1.911565239026316332e-08
2.747891600686703378e-02,5.674281710173039936e-03,9.685630821171610102e-07
2.527994219025109669e-03,7.960132293253339986e-02,6.351773441900446111e-09
-1.029931302168547985e-03,4.660911307738367128e-03,-4.419535502106019411e-08
1.665676081411055637e-02,1.136740990305594619e-02,2.930678895498856716e-07
3.750711173273619300e-03,2.236386506427997731e-02,3.354331396082377212e-08
6.870464368526404443e-03,3.251747886765560432e-03,4.225795079550663627e-07
1.582950977618404267e-03,3.706034542533298646e-03,8.542740431488327820e-08
1.992501947887401204e-03,1.175606391044346430e-02,3.389815212807236002e-08
5.106654402317739594e-02,2.374094825175547020e-03,4.302071403642457116e-06
-1.178304049168216357e-02,1.973031364298737447e-02,-1.194435187954731444e-07
-2.143987679070710230e-03,1.807812347433513170e-02,-2.371964282656509589e-08
7.389424930551949378e-02,4.180203259324282057e-03,3.535513094505986704e-06
-3.260157331155184943e-03,6.380720230872940005e-03,-1.021899212022497445e-07
3.711228794252401791e-02,1.271113446315119124e-03,5.839459145603902392e-06
-1.586654274590129773e-03,1.320523368318854938e-02,-2.403119808320218245e-08
2.591801549441713134e-02,3.504602913155276112e-02,1.479115661823487187e-07
7.641975191346499045e-03,1.273718242163321152e-03,1.199972968215846373e-06
1.160270439630800435e-03,3.149834712613185268e-03,7.367339292454697695e-08
1.310074909343126454e-03,2.091892433255665776e-02,1.252552644483383312e-08
-1.904589349915930584e-03,1.464323415885227962e-03,-2.601378535393570098e-07
1.844557184957470270e-03,2.051311945532077654e-03,1.798455195555590998e-07
-3.537398239451402041e-03,1.258133230174572582e-03,-5.623368324637369737e-07
-2.322721748988453537e-03,6.210110816784758341e-03,-7.480610535993512204e-08
2.446651922704187396e-02,8.967619746021298147e-03,5.456751941308572034e-07
-8.340461213972185858e-03,3.416180695847888249e-02,-4.883019301738965240e-08
-2.087931586207351572e-02,1.321790596081238479e-02,-3.159314165424303691e-07
5.487984324053480495e-02,3.049073481235491361e-03,3.599848132900321839e-06
-8.709053075941899924e-02,7.800580486980217276e-02,-2.232971721367902156e-07
1.231030597815171209e-03,2.351918465919115506e-02,1.046853221477578575e-08
-7.274636015139028522e-02,2.901623782879336755e-02,-5.014289152882035350e-07
-1.621087230149472966e-02,1.960260608537699872e-02,-1.653985812697073868e-07
1.482958229753000194e-03,1.840439572386284167e-02,1.611560313758044417e-08
-2.177676005525318401e-03,2.576326307675046862e-02,-1.690563958080677959e-08
-2.005679294679266894e-02,3.946156093057959918e-03,-1.016544603578020409e-06
-1.721814740956417386e-02,1.539281118657261083e-02,-2.237214819955456094e-07
3.373986669012586474e-03,9.237389091383198247e-02,7.305220570755706814e-09
1.929763910698117750e-03,1.064587248631667857e-03,3.625451739654182296e-07
2.117055992630427139e-03,1.201143529755067940e-03,3.525142247780096034e-07
-6.037481117974038969e-02,1.584284521479123117e-02,-7.621874868623137496e-07
1.361489037661774842e-02,5.536460170896290167e-03,4.918369776179464096e-07
7.624725607101190406e-02,8.945197152595866716e-03,1.704800289667834083e-06
-2.156457798582067306e-02,5.503640195585656619e-02,-7.836644352933273360e-08
-5.307558630163749722e-03,5.885349460718536027e-03,-1.803689399741861806e-07
3.550357881728068675e-03,6.003894354448516268e-02,1.182710082806257509e-08
-5.340189991432024719e-02,1.202197584329077213e-03,-8.884235571786653016e-06
8.918126236809732765e-02,3.652621101341772640e-03,4.883241468132218636e-06
-1.923599149342591214e-02,5.665565171125224245e-03,-6.790637459999775307e-07
-5.934881876514670057e-02,3.066891698601723060e-02,-3.870373234464372717e-07
3.716261712186148120e-02,7.910763392841327346e-02,9.395655917736630421e-08
-3.647503406429201261e-02,8.273906745403566271e-03,-8.817070078788069208e-07
5.509547553648461160e-02,4.210502318251234041e-03,2.617105518445267229e-06
8.788945635969384884e-02,2.926347705314405467e-02,6.006895255575252766e-07
-6.649558068258581804e-03,1.303454740728644335e-03,-1.020319143555854236e-06
8.779206275864906775e-03,1.808638801753204017e-02,9.708287247177266401e-08
-1.087918543385265604e-03,3.940934559589911318e-02,-5.521236674552585479e-09
-4.661268883122069578e-02,8.448778682283898320e-03,-1.103441795958522798e-06
-2.147582277106403238e-03,2.513601962059502232e-02,-1.708805026119718415e-08
-8.840754439353872007e-03,1.748058309533588248e-03,-1.011515683176325159e-06
1.449261364856188790e-02,1.478691690588875701e-02,1.960235682513222493e-07
7.030262807403774017e-02,1.115188467029133062e-03,1.260847317993901127e-05
1.084680767837775976e-03,2.383391327391645720e-02,9.102187831475216268e-09
-6.110207256336294690e-02,1.192454990477779999e-03,-1.024833124836023258e-05
-2.148245767480777731e-03,1.894327058851753842e-02,-2.268131395395727810e-08
9.508311707095302642e-03,7.294660861278784436e-02,2.606978880933045175e-08
-1.933703551526341682e-03,1.104794994098465960e-02,-3.500639631806898776e-08
-1.988357742877903261e-02,5.076176902658090934e-02,-7.834242027133103266e-08
9.269684868865889216e-03,1.650743014547848041e-03,1.123116247969267484e-06
-1.126075937572459766e-02,5.343277988478877319e-03,-4.215014929633933786e-07
-2.086649202682353856e-03,4.148798969777681318e-03,-1.005926525452253816e-07
2.580714386956368435e-03,1.134609273137892824e-02,4.549176870110030775e-08
-9.198314955110345470e-02,1.719103839306455536e-03,-1.070151769343513402e-05
2.381150133234608089e-03,2.494697974217297692e-02,1.909009161484465967e-08
5.814456046854265224e-03,9.227543840740264069e-02,1.260265892585687604e-08
-5.371247644503459456e-02,2.423930493542886602e-03,-4.431943570745443362e-06
-3.569481079926301731e-02,1.662062303685805627e-03,-4.295334525658560459e-06
-6.668453951152825132e-02,9.633403803356994227e-03,-1.384473347836669314e-06
3.123314283093883703e-03,7.171630405789992946e-02,8.710377865075883239e-09
-5.535805138639256912e-02,5.416518983963127497e-03,-2.044088679329850890e-06
-4.176580632611371323e-03,5.624279389843143268e-03,-1.485228218527935374e-07
-5.848720842882126035e-03,3.750372922984505919e-02,-3.119073772341416973e-08
-8.141240737842527636e-03,6.189828213928458799e-03,-2.630578153223836938e-07
4.217120806165566838e-02,3.289292381695223949e-02,2.564205168461829843e-07
2.311959189248394969e-02,1.719735556826223338e-02,2.688795056967618518e-07
-2.067019474395049086e-02,4.330496728599675903e-03,-9.546541429739941124e-07
1.545489775252094009e-03,2.127159615884061192e-03,1.453132663658722397e-07
1.516741808741854138e-03,2.069898851348863505e-03,1.465553722112144985e-07
-1.127097518447238780e-02,1.998207659511116313e-02,-1.128132425988413982e-07
-3.360227243495560873e-02,1.671369275535653127e-03,-4.021012677827570937e-06
6.325910415777829393e-03,8.139538155553090182e-02,1.554398906864139927e-08
7.600985144629760631e-03,2.160942082855314087e-03,7.035030177509715282e-07
3.897990011304065111e-02,1.746421610082822323e-03,4.464068327895724791e-06
-2.901487408680770638e-02,4.166222690477434584e-03,-1.392891918052019625e-06
1.827196497013501911e-02,4.552209967920696487e-03,8.027904115752204047e-07
-2.692440759624918460e-03,7.171769267148926826e-03,-7.508601499521776081e-08
5.506997815930065286e-03,1.993396149305288328e-03,5.525358957249805634e-07
2.880858702863309685e-03,2.269678364417973895e-02,2.538615038096261830e-08
-2.299122696158856921e-02,7.647620423811170298e-02,-6.012776104048214050e-08
-5.969432961911637359e-02,1.842950712279054198e-03,-6.478262875052827316e-06
-4.786452992206323420e-02,6.292994001872045592e-03,-1.521232826402283480e-06
3.705322233631917761e-02,5.320735190659982641e-03,1.392815353856394069e-06
-5.941825170549923547e-03,1.269169948599700639e-03,-9.363523331941431637e-07
6.231432964544882103e-02,1.190355115722995481e-02,1.047009429037762313e-06
-9.078775397040984851e-02,2.190299490713435923e-02,-8.290161250785572967e-07
1.871085610550920347e-03,2.402793925662063349e-03,1.557457992068333053e-07
1.219609196484192429e-02,1.467923201144902268e-03,1.661715090801130124e-06
9.604586109544909628e-03,1.439265867613953240e-03,1.334679028424130419e-06
-2.033846922791134743e-02,5.460594936479873374e-02,-7.449335063013961602e-08
9.776322503390638685e-03,2.793685436809681052e-03,6.999019830353679209e-07
-2.161139308682314807e-03,2.570690251620418552e-03,-1.681404557403421909e-07
-2.208115041266786593e-02,6.356854527866583060e-02,-6.947341241685519652e-08
-1.028354645412939876e-03,9.165663742835232497e-02,-2.243975970510400193e-09
-4.514825223638851449e-03,7.607824078975271298e-02,-1.186915193777986715e-08
-4.655558939555037683e-03,6.593265285139314133e-03,-1.412246434925224456e-07
-6.674337926771119721e-03,7.824284985899616907e-02,-1.706093149676914441e-08
1.074161563451604077e-03,2.004208350723663337e-02,1.071928823144747868e-08
3.586930801733299434e-03,2.257117904773489614e-02,3.178395672451183616e-08
1.491602736211064886e-02,7.586443275310007783e-02,3.932368102059208844e-08
-3.890114437517334500e-03,8.179911325284195192e-03,-9.511587113390345303e-08
-1.573221875600908093e-02,1.235574088832384725e-03,-2.546597993873230537e-06
-4.420924694596243404e-02,1.285800811994963766e-02,-6.876677061158781896e-07
-1.335429549177776344e-03,1.306453173092084023e-02,-2.044402210206954937e-08
4.666954225065192245e-03,6.761278284725456833e-02,1.380523926816018244e-08
-1.033767607460993072e-03,6.069645798903572885e-03,-3.406424594639775547e-08
-4.297647510695327099e-03,8.683927789382861473e-02,-9.898144664074702431e-09
-8.067002721973970392e-03,9.679252379597956535e-03,-1.666900196182091755e-07
2.208817922889879867e-02,2.189166067096744162e-03,2.017996543226766229e-06
2.026520627195947059e-03,2.902454460997629885e-03,1.396448173425758865e-07
-3.359343639214676294e-03,1.547135874008152140e-03,-4.342753544202176803e-07
6.041283920236351773e-02,1.992619330895267944e-03,6.063789484287498062e-06
1.517092353194708990e-02,5.713996171338944774e-02,5.310204940261100603e-08
1.376353777180432721e-03,4.744989623365146632e-03,5.801416157543886797e-08
5.789616401105673188e-02,1.321909070651503980e-03,8.759663343399212425e-06
1.991244001713902978e-03,6.375460163073369546e-02,6.246721618600338328e-09
3.088078138563779985e-03,3.686997050308970375e-02,1.675153846358934596e-08
-8.702352615030240282e-03,8.467331434277404478e-02,-2.055556058798919635e-08
-5.892893107448716333e-02,2.734781130042524423e-03,-4.309681712466706841e-06
8.473171498889079181e-03,5.820943322871768161e-02,2.911332671733445708e-08
-7.797711767035346575e-02,4.221133287803712462e-03,-3.694684174231770602e-06
2.156853536968840294e-03,1.659973188450419163e-02,2.598715816320594144e-08
-3.041456625076650530e-02,3.390127978151853076e-03,-1.794340014485458944e-06
-1.299469304391103960e-02,2.166965023257313994e-02,-1.199370415075026627e-07
2.757611486885218864e-03,7.173719959529012424e-02,7.688256578022676183e-09
1.793728603370158686e-02,3.347611314293055113e-02,1.071669608484160163e-07
1.644610180775306308e-03,7.287393225866263709e-03,4.513671806894339828e-08
1.208897648893312790e-03,9.527149371610284245e-02,2.537848932084670784e-09
2.651425356370822398e-02,1.521669036254407088e-02,3.484964913132864715e-07
-1.628549492338722190e-02,4.662019385987400261e-02,-6.986603458726328420e-08
-7.099528204829341771e-03,6.536993316328544579e-03,-2.172154218838681553e-07
1.181229762416009278e-02,2.101253053476711749e-03,1.124333708959111990e-06
-1.254015896062430843e-02,9.833538745543746185e-02,-2.550541630289048449e-08
-3.320063644396368998e-03,1.218741534123868320e-02,-5.448462990863255679e-08
-1.641304995876530573e-02,1.890992637571031754e-02,-1.735955793635185058e-07
1.206885502120738640e-02,5.455541086845864390e-02,4.424533091252617939e-08
4.524682694747412387e-02,9.270255065347921333e-03,9.761929189174084733e-07
1.251183461070237354e-02,3.145584224831708253e-03,7.955342554335943727e-07
-2.599239633416518605e-03,2.363283845757401923e-03,-2.199731340002468209e-07
-1.451408510186093410e-03,7.848598935958248091e-02,-3.698594641882015118e-09
-6.531767026803379783e-03,3.451556844809460650e-02,-3.784903959102964616e-08
5.905979005408758947e-03,8.066300894311904252e-03,1.464389777868135116e-07
-2.243614146935995340e-02,9.617680573636830724e-03,-4.665702344689772383e-07
-4.035940238732738453e-03,5.517830954713837111e-03,-1.462903044771622856e-07
-1.349054678812093046e-02,1.339932450732582957e-02,-2.013658666485414913e-07
2.356215126157317277e-03,1.671081936269044757e-03,2.820047367877538079e-07
-1.447439885517686105e-02,3.035461166542570075e-02,-9.537072031368933885e-08
-1.386235302457068316e-02,1.751802144294133112e-02,-1.582672692603530398e-07
-9.553416944972251829e-03,1.674424293995913429e-02,-1.141122908142346697e-07
-3.414485837284238212e-02,5.999347602480865037e-03,-1.138309861052365329e-06
1.684079012784899659e-02,4.859869465453414000e-02,6.930699471212647750e-08
-6.196451767397096605e-02,2.873828381327067725e-03,-4.312423978686033950e-06
-3.701494309031113684e-03,7.194897105569940388e-03,-1.028943923328789858e-07
4.960852825278495686e-03,1.297800969588386137e-03,7.645175454206255049e-07
-2.004480902362846661e-03,1.077278084395343061e-02,-3.721459578424065381e-08
-2.221498492372877415e-03,4.035204751087186938e-03,-1.101081978974866986e-07
4.247836695408855993e-03,8.441344966478985315e-03,1.006457340753819631e-07
1.668563553201116937e-03,4.077693975787863127e-03,8.184032239385496836e-08
2.618323318269790215e-02,2.247767477463193456e-03,2.329759538155337045e-06
-1.384410906592821802e-02,1.414840400190356872e-03,-1.957026776388862450e-06
-1.659050937086422586e-03,3.177282628642023876e-03,-1.044342807372803510e-07
1.154175346680389163e-03,8.220113341360472253e-03,2.808233370936877841e-08
-4.208475132065653268e-03,6.514330612334279236e-03,-1.292094201481150571e-07
-2.935152323263683083e-02,5.824628615949369731e-02,-1.007863257704073303e-07
1.859154577044567960e-03,2.095406249707225041e-02,1.774542779063765397e-08
2.715243866400705169e-02,5.701508392002205099e-03,9.524852994965459816e-07
-1.514981060773036656e-03,4.184110950575660459e-02,-7.241744856060475399e-09
6.324388046494683335e-02,7.678880610563555698e-02,1.647251083812437946e-07
-1.297934491670983681e-02,7.710985838810076320e-02,-3.366526800991202266e-08
1.057265392679006787e-02,6.995237990767923242e-02,3.022878768592876349e-08
-1.850696621225415709e-03,1.717453733440231500e-02,-2.155209009175137871e-08
8.380448804245649308e-02,3.177048267204509585e-02,5.275731352939553682e-07
-1.214734657339764301e-03,1.035257776746824777e-03,-2.346778652579193276e-07
-9.519137368923272224e-02,1.651179247947775824e-03,-1.153035239240403795e-05
-4.021801987375558246e-02,7.670976942176958857e-02,-1.048598459137943975e-07
-1.388360927537004262e-02,1.042858133584653128e-03,-2.662663949711408070e-06
-3.551922387575073489e-03,4.773389879353692571e-03,-1.488249576659475076e-07
-4.133864607473841310e-03,3.886821287679269668e-03,-2.127163557111616109e-07
1.508640299205536326e-03,4.283360775400970460e-02,7.044339156615682006e-09
-8.919154708430876433e-02,2.662320555180406993e-03,-6.700428234162737871e-06
5.179650643522504434e-03,1.440972019973685682e-03,7.189258981186100655e-07
-1.811942065458455042e-02,7.925716162992724190e-02,-4.572408258017577244e-08
-1.173716329542949001e-02,7.032425277585681138e-03,-3.338083750497949800e-07
1.307837630046730822e-02,2.527042128409382263e-02,1.035095820656205797e-07
3.030197454450597044e-02,3.988381400896063786e-03,1.519544611539676200e-06
3.444805547523192586e-03,4.312149183153196966e-03,1.597754843340811451e-07
-6.463721114983343556e-03,5.086197186559100400e-03,-2.541725376009896725e-07
-7.287868589661612717e-02,4.031197630391993199e-03,-3.615810413458340267e-06
1.863694081907013881e-03,1.610189022727870952e-03,2.314925253697115292e-07
-1.298515378239574513e-03,8.883228313080722416e-02,-2.923583358539926984e-09
-1.056254792448939328e-03,3.594120049054172310e-03,-5.877806996389184684e-08
-1.462036896148382996e-02,5.154671116158842520e-03,-5.672788339015540593e-07
1.512792556186953047e-02,6.729363575851557422e-02,4.496189363566000936e-08
-1.551564421394472162e-02,1.995501651292053841e-02,-1.555095014154544510e-07
-9.185430488419226575e-03,3.364113190927957991e-02,-5.460949031893540693e-08
5.145710865296344166e-02,6.874130834479912078e-02,1.497155100430742572e-07
-1.996255346867228681e-03,2.319783212923900301e-02,-1.721107111902330672e-08
8.393336528546362432e-03,3.987317110097023110e-02,4.210106365995557415e-08
-6.542351375566628213e-02,2.056133489938904903e-03,-6.363876848263235864e-06
-6.092549338306752632e-02,1.163836121308504772e-02,-1.046999395608351471e-06
7.437562161445985046e-03,3.626535877356091599e-03,4.101831711621144291e-07
3.705539608250622060e-03,2.501630296956435483e-03,2.962562627591948632e-07
-2.126736931507367499e-03,9.870434689901732075e-03,-4.309398952015202910e-08
1.291928643148108208e-02,1.289536167289606627e-03,2.003753103277396950e-06
-8.720924688350228937e-02,9.774964465974621264e-02,-1.784376754193915142e-07
-6.250519053169339111e-03,1.300619123573853661e-02,-9.611809530592940245e-08
-3.490389853677455800e-02,1.535704917915264173e-02,-4.545748149529034028e-07
1.224832254488825113e-03,2.203384167454180368e-03,1.111797256812485241e-07
-8.364969704096251665e-03,1.302910485766745584e-02,-1.284070891964648964e-07
-1.638739292136680899e-03,5.409259276018667240e-02,-6.059144036804860647e-09
1.689359089086290081e-02,2.161842559935426341e-03,1.562921330474475857e-06
-8.030871292708977038e-02,5.135558330846452108e-02,-3.127621626366971538e-07
7.402093830183315015e-02,8.914769289543364450e-03,1.660671321595453450e-06
4.615677229325603100e-03,7.867834815696441580e-03,1.173327922769478337e-07
-2.790985740833290540e-02,6.751393360211309369e-02,-8.268056077856020971e-08
8.759502723078350928e-02,6.052228277538837173e-03,2.894698657901423155e-06
8.253906608377640022e-03,1.658512063053776964e-02,9.953598626438108599e-08
6.553562869578134081e-03,2.550962992014540673e-02,5.138217927217288554e-08
-5.987926269170635446e-02,1.125634879054426135e-02,-1.063942385036561759e-06
-2.481639562558760753e-02,7.609767554036338255e-02,-6.522386360206163034e-08
-5.212758768506391832e-02,1.808904476739206166e-02,-5.763565088646094030e-07
-6.907977692017298540e-03,4.780639721996222079e-03,-2.890041764654611364e-07
-2.596728861746645106e-02,9.743922582527643483e-02,-5.330058656548167284e-08
7.012445678003788492e-03,1.552998809529584218e-02,9.031036454343544397e-08
4.894692348824486450e-02,3.123541269265850406e-02,3.134132548101352891e-07
6.243008588930807311e-03,1.774461570537106238e-03,7.036659597393829008e-07
-5.650531682804039307e-02,1.620976951816356301e-02,-6.971908563838358847e-07
-9.042177857602332058e-02,1.470847253725316751e-02,-1.229545711709885344e-06
1.656167269637744133e-02,6.576248700296753562e-03,5.036921433377411767e-07
-3.429977252022254480e-02,1.250256860184857828e-02,-5.486952514283615697e-07
5.197527103164956835e-02,6.547972283581450503e-02,1.587556309607699143e-07
-8.117327958876345215e-03,1.021492596673923697e-02,-1.589340965581916051e-07
-4.664455918580797528e-02,9.726104559370191138e-02,-9.591825454905974704e-08
-1.119624433289697577e-03,2.147563857924387684e-03,-1.042714682930469810e-07
-2.187041020857101101e-02,3.004392223998773870e-02,-1.455926690612806789e-07
-1.285038746666848988e-02,1.317838092718305251e-02,-1.950263864678446056e-07
-8.295220406707949634e-02,7.660403238936078045e-03,-2.165785824150148778e-06
-1.485228949840548124e-02,1.233196619488003418e-03,-2.408797481517873182e-06
-6.412362572549781814e-02,4.383320589646301849e-03,-2.925863379234167391e-06
6.478781839484951469e-03,5.618928193093437884e-02,2.306105025573456605e-08
-1.845797642630608165e-03,2.015515380603101828e-03,-1.831627597411858139e-07
-9.068012806103852366e-03,1.732460899403527686e-03,-1.046858277337729230e-06
1.316815753748359777e-03,5.402595951562096793e-02,4.874855342979556865e-09
-3.774859870570095813e-03,1.506109684534961100e-02,-5.012835365792576836e-08
-2.367616604851492668e-02,1.297848110849147626e-02,-3.648603883151338739e-07
1.050381201766668882e-03,1.186493384312406604e-03,1.770601500388733464e-07
3.922506175446491619e-03,2.395683746941842593e-02,3.274713857842452552e-08
-9.164560734908309969e-03,3.340180596311581596e-02,-5.487580611954807839e-08
1.711379921238583360e-02,1.213552856790072170e-03,2.820505451780077439e-06
-1.598163087673727537e-03,4.317003671768044476e-02,-7.404195644063117112e-09
3.849556700744641985e-02,2.899844238061986129e-02,2.655065613435644700e-07
-2.287338284838400307e-02,1.264592323925058104e-02,-3.617587679887832812e-07
-6.410547044709963109e-03,1.214495962123653648e-02,-1.055694416436399901e-07
2.785387403730554910e-03,4.946520098715204670e-03,1.126224672637744251e-07
-2.608519029128861591e-02,2.232760814924819332e-03,-2.336635743097870376e-06
-2.946372816746626981e-03,9.430753553838995551e-02,-6.248568156453456232e-09
4.390483162791705002e-02,3.114029931438700924e-02,2.819867755703407414e-07
3.582444845954881833e-03,3.867765187527590076e-02,1.852501724244693292e-08
-5.522976180839149832e-03,3.389371818480090004e-02,-3.259066065396382533e-08
-2.332564715671986161e-03,6.865608986078761133e-02,-6.795068581668441152e-09
6.524029627500074237e-03,4.432767404563424211e-03,2.943609454149522660e-07
-3.576488889674037802e-02,2.371901301836536191e-02,-3.015778737540155922e-07
-2.469816652014030119e-03,2.981883150324691773e-03,-1.656583386461187657e-07
-1.532296681165557168e-03,2.745189467264592953e-02,-1.116374081754774004e-08
2.331112334670711484e-03,4.999816253278824979e-02,9.324989823084823372e-09
6.432313540458757528e-02,5.754059086879292906e-02,2.235795597628095853e-07
-1.403656586475628132e-03,1.491509549304072518e-03,-1.882235836218460896e-07
2.908352071646609985e-03,3.556907511372014996e-02,1.635360917578526354e-08
-4.172245388655819454e-02,3.355626588180323031e-03,-2.486768884308221156e-06
-2.298774410991984759e-03,1.873472672544711486e-03,-2.454077081550091692e-07
3.613343557445312330e-03,2.069911060315335859e-03,3.491377263156985213e-07
-9.273397724131222930e-03,1.369939236962910457e-02,-1.353869454660861317e-07
1.376999852880379880e-03,3.653558112335244384e-02,7.538016478644490885e-09
-9.454608416489287265e-03,2.598252518121409518e-02,-7.277821465557372300e-08
1.015509957668724430e-03,1.262905086555992686e-02,1.608246748279673088e-08
3.046389359617078518e-02,1.008271814652854544e-02,6.042922032762403843e-07
-1.290926007006455278e-03,1.379782367486461154e-03,-1.871242047307648646e-07
1.009630936785473705e-03,8.590321855601652790e-02,2.350674097660213939e-09
-3.701374743082617991e-02,3.550829019127917270e-03,-2.084838914772811530e-06
4.175230520860868239e-02,6.819984393366140298e-03,1.224436552380193819e-06
3.620657251767869355e-03,2.358314296669258413e-03,3.070611971399098308e-07
5.381186145681415324e-03,1.567121485064433203e-02,6.867751283717710140e-08
2.118890273407006766e-02,7.530250188128764788e-02,5.627795007982067921e-08
3.695303433111987289e-03,1.160342905416210293e-03,6.369465101018467537e-07
-4.754653361754121454e-02,1.372652020927346908e-03,-6.927836259299559452e-06
3.316210510719548674e-03,2.141560076218807125e-03,3.097070115813757230e-07
-6.649708273713043905e-02,4.256059239693927437e-03,-3.124885701891355688e-06
4.629698021338149796e-03,2.297075891300156929e-03,4.031034627513981777e-07
7.379061768881951290e-03,1.423808437760911653e-03,1.036546504896729083e-06
9.736346042220425656e-02,1.244842460362063485e-03,1.564302775146045766e-05
-3.644999553217203279e-03,7.254656632260279674e-03,-1.004893011047379407e-07
3.255942876796893721e-03,1.101035297493539776e-03,5.914455152684533302e-07
-1.846925853736596738e-03,8.407103601530518944e-02,-4.393820082727544914e-09
1.571265649914159674e-03,4.707209982396810821e-02,6.676137188030928563e-09
-4.885100271110539259e-03,1.045411829271203873e-02,-9.345989323440882435e-08
-2.119349946057233133e-02,1.149084103559233280e-02,-3.688842090351391354e-07
-2.318968940064277100e-03,1.234235800826015720e-03,-3.757820232086627817e-07
2.446506477211277814e-02,2.429399937154547856e-02,2.014125658691077263e-07
2.135201488047048721e-03,7.286063077529054965e-02,5.861181158618577789e-09
2.072565153828038152e-03,3.854784629615308229e-03,1.075343666515241701e-07
1.548945314537930606e-02,4.555045748781887116e-02,6.801153083171404162e-08
1.340909744683670569e-03,1.468021161302626547e-03,1.826864931383796804e-07
-8.932455133608245557e-02,9.796818125934034227e-02,-1.823580779116591910e-07
-2.881823389174184135e-03,3.891141187459130207e-02,-1.481254152298159812e-08
8.470386600176406378e-02,7.275627045641570867e-02,2.328477319457668649e-07
-1.204544324984748761e-02,5.956045296568314266e-03,-4.044864727160983341e-07
-6.955570887257908619e-02,2.471028473569132806e-03,-5.629816498183819912e-06
1.134350326422462439e-02,3.959725954101674106e-02,5.729560086998363307e-08
-3.931281683027044657e-03,5.757206935768205934e-03,-1.365719565113303772e-07
-2.916864696750865252e-03,7.793536254951161091e-03,-7.485502026366855572e-08
2.209136767686401860e-03,1.549221449955619917e-02,2.851992050069617448e-08
-7.548475260080614833e-03,2.279640279688693958e-03,-6.622654855854677376e-07
3.154811753645364591e-02,2.225293601603116865e-03,2.835471843878333177e-06
1.697547196170116901e-02,1.032905665014876087e-02,3.287005315779530188e-07
-9.953348390318186856e-02,8.498838821015951284e-02,-2.342333991208187102e-07
-1.455504892003923328e-02,2.618565546031283511e-02,-1.111704665525860226e-07
-2.254815262733324537e-03,1.008830031555921778e-03,-4.470253705811595620e-07
2.851450068534830753e-03,1.237328086869491847e-03,4.609142208716551605e-07
-2.737441615216683680e-02,9.878077307422792816e-03,-5.542575946035935031e-07
4.031878254556357094e-02,2.178370620587813996e-03,3.701816158962698926e-06
-2.053865594377227762e-03,4.793446063894997444e-02,-8.569655880637473157e-09
-9.264310849789327007e-02,7.538149674313569804e-02,-2.458032215199195980e-07
3.803923666467675171e-03,4.540124301723751782e-02,1.675726964865653943e-08
-2.158109659984969522e-02,2.553198703169757763e-02,-1.690550317709107918e-07
-2.901606062688294376e-03,4.085063997952276260e-02,-1.420622842219608807e-08
9.925320495303752502e-03,1.930157438220865681e-03,1.028468542723505264e-06
-4.903338362097589553e-02,2.165630632931620295e-03,-4.528419852200657168e-06
-9.490350566496021795e-03,8.883836451611993451e-03,-2.136588608885278102e-07
-2.677535819458879210e-03,3.079525566194570886e-03,-1.738964369531108844e-07
-1.348407941977257558e-02,2.692121938973211434e-02,-1.001764835304418911e-07
3.705089651329014112e-03,7.592443072018738130e-03,9.760147587002861210e-08
7.720987699738410780e-03,2.925986499918628841e-03,5.277639854644284416e-07
6.560726968210706112e-02,4.530227273609974473e-03,2.896484323177506043e-06
8.480601272953303127e-03,2.429405180210226015e-03,6.981775818086338026e-07
7.258119760439904478e-02,1.765214072960137040e-03,8.223675344817999260e-06
-6.332812558786214685e-02,2.592917041959334409e-02,-4.884804868513357754e-07
1.492773173420794842e-03,6.861078234606875215e-02,4.351516738881729399e-09
4.679792493385519399e-03,3.120433364604473063e-03,2.999513989116013935e-07
2.418171152246364683e-02,2.723818773949018834e-03,1.775611851578444405e-06
-8.769909791824231915e-02,4.694419814406250793e-03,-3.736391789565563998e-06
4.528611128779913043e-03,3.744527777614769983e-03,2.418840218045087374e-07
-3.013494340843798740e-03,4.566663461412840547e-02,-1.319807465904377071e-08
-3.489387025219566757e-02,9.983030007264463712e-03,-6.990785447200155885e-07
8.568781715256755527e-02,5.693813232426079944e-03,3.009920815040157396e-06
-6.875298317224974587e-02,8.912064200655964163e-02,-1.542952116671332779e-07
5.065304941659445892e-02,3.692259556129491235e-03,2.743800815551458667e-06
-2.155430291919993580e-02,2.996415881848533969e-03,-1.438702836655366123e-06
4.667807766934853331e-02,2.567294628562318340e-02,3.636440268292989745e-07
5.023820885839381904e-03,9.939393309572137902e-02,1.010912295827741611e-08
-1.140881482670398107e-02,5.535389323691674093e-03,-4.122223811836231137e-07
-1.818384846632361412e-02,2.434017097346246206e-03,-1.494174729950841223e-06
-1.598247211027119599e-02,3.151641126644798979e-03,-1.014253241411951374e-06
-6.948125062994539580e-02,5.334487060113979502e-03,-2.605038637635222106e-06
2.427278983227648332e-02,1.119913840499616592e-02,4.334852172892775406e-07
-8.024620412246927237e-03,7.558076867629712377e-03,-2.123500667430629552e-07
-3.150054331727990958e-02,3.126201070022916612e-02,-2.015302971536435949e-07
1.324156500751447630e-03,3.007077409493716640e-03,8.807120066556702320e-08
-4.575682378567793619e-03,6.621480505578663904e-03,-1.382101612315804951e-07
-1.648710301138413964e-02,5.541780843148529784e-03,-5.950236292160723601e-07
-2.358461738563978703e-03,4.716585187722010380e-02,-1.000092937638292348e-08
5.334987841998783432e-03,9.554719132741150422e-02,1.116746800738349882e-08
3.519147118170712352e-02,1.711410947329801077e-02,4.112655437225613313e-07
-9.128782099745921808e-03,3.034112910504658048e-02,-6.017558354299861533e-08
1.361797648851852550e-03,3.545627617957646666e-02,7.681723424181202529e-09
-6.837340861299422319e-03,2.495846342216780003e-03,-5.479092029340404937e-07
9.220124943986375554e-02,3.826629625547306457e-03,4.819029501347213327e-06
1.414432500014852628e-03,2.251945693024321512e-03,1.256213689689283422e-07
6.739945665791806893e-03,4.956814419443320713e-02,2.719524302577918077e-08
5.821111787610803306e-03,1.225438780849734052e-02,9.500654557902243405e-08
5.536506876851289560e-02,1.045493447858871286e-02,1.059140893265995401e-06
6.933542061894477915e-02,1.484952941320663231e-02,9.338597807912947599e-07
2.360980105858765266e-03,1.723767308731541381e-03,2.739383879438741201e-07
3.020993326293345410e-02,4.780313081196230218e-02,1.263957970338753031e-07
-1.389641981213361700e-03,6.728974795391468380e-03,-4.130410654182759834e-08
1.063213238117082828e-02,2.727082358997036122e-03,7.797606759310026079e-07
-2.247941987848187453e-02,2.228813122218014850e-02,-2.017207858705712760e-07
4.366040579560131335e-02,4.664367552277599860e-02,1.872122274378603400e-07
1.404722051347321102e-02,5.155877078459947423e-03,5.449128549720224030e-07
2.337773558574543498e-02,1.031885302245048614e-03,4.531168617435034323e-06
3.136166787253958765e-03,5.162561351442347853e-03,1.214991203184686719e-07
5.727329975183802387e-03,4.814864634910487329e-03,2.379070608146039931e-07
-1.427680803995574031e-02,1.307729677193798529e-03,-2.183495739095301622e-06
-9.376048989310605333e-03,3.538678012805859200e-03,-5.299294169794862225e-07
3.968682565322299675e-03,1.114839488703853188e-02,7.119889082108257008e-08
5.884435888868735920e-03,1.987452959493366065e-03,5.921710685812600523e-07
-1.027844354822390720e-02,1.017185378022337919e-03,-2.021000656179801009e-06
1.171089776378467315e-03,5.370756813349970848e-02,4.361078555979668333e-09
-1.809938846016518124e-02,1.257376787141542551e-02,-2.878973523755854799e-07
-4.371005607999144810e-03,6.773279894688941094e-03,-1.290688823428718676e-07
-6.432358144685148410e-03,2.273114075312482676e-02,-5.659632010994990130e-08
1.843166663718318402e-03,1.312377522312803890e-03,2.808956616522207334e-07
-1.857423146724398663e-02,6.651406597601060289e-02,-5.585172160225149302e-08
-3.219234483115331232e-03,4.446676404284009843e-02,-1.447959095384280064e-08
5.472966126291711579e-03,4.783779717177727084e-03,2.288183213478209816e-07
7.431491717397201158e-02,2.411999862007056187e-03,6.162230335728121891e-06
-2.821436152837895200e-03,2.652666176289094572e-03,-2.127290669633394910e-07
-8.159235119085711530e-02,3.319871871605796498e-02,-4.915495847067783242e-07
1.378875809666712214e-02,8.373146142635999600e-02,3.293636671125473920e-08
-3.931870152758260017e-02,2.763899409606761486e-03,-2.845221895442296678e-06
6.108282277949042549e-02,1.277860759971248192e-02,9.560371587753247696e-07
-7.693921055969182854e-02,9.452672524426367420e-03,-1.627917236157673873e-06
-1.472083090895741136e-03,2.491204599306342301e-03,-1.181849389829244242e-07
-9.683768091457142790e-02,6.894539669081665989e-02,-2.809171888345697777e-07
5.024166138351315695e-03,1.054747834012920507e-02,9.526964744885880811e-08
3.417901282706457128e-02,3.514735037932872289e-03,1.944939660530324875e-06
2.624562845367946640e-03,1.158048977589580877e-02,4.532828179696273289e-08
-7.303756689017044945e-02,4.307090180373988712e-03,-3.391575897345785509e-06
3.456961251880938391e-02,7.261348984171989152e-02,9.521742009768856104e-08
7.339839899184999461e-02,1.778694520364191775e-02,8.253239118108351868e-07
-3.577485746295369640e-02,6.374688732605829182e-03,-1.122427081429021684e-06
1.867775467627014532e-02,1.503582775670881701e-02,2.484485880643717424e-07
-3.402083905293184357e-02,2.158000763090907326e-02,-3.153062900635367067e-07
9.678798350632860162e-03,6.938211648030959307e-03,2.790057194993464002e-07
4.086109641684374655e-02,1.676225897668350701e-02,4.875472124561718631e-07
-1.510853246729522382e-03,1.686107088744199112e-03,-1.792158168548365054e-07
1.303404974691886858e-03,1.693217109373327395e-02,1.539593022383464548e-08
-3.742405077737583075e-02,7.262108565511970343e-03,-1.030688106808347244e-06
5.826229436749354867e-02,5.547778529315121852e-03,2.100427403965705464e-06
-2.089383486874849243e-03,1.042957542095842996e-03,-4.006736082908213104e-07
-3.728933307159109593e-03,1.949160733081780478e-02,-3.826274913885184718e-08
-5.264962825001878732e-02,2.113091982735638193e-03,-4.983289466164464905e-06
1.892212229104405256e-03,1.808954215695547305e-02,2.092095368358714118e-08
-1.152606494754332932e-02,8.760218004981205897e-02,-2.631512010416825372e-08
-3.501543497034272090e-02,5.839137159429232116e-02,-1.199361370958592647e-07
3.682544909412407627e-03,2.720041555555349766e-02,2.707769680038382368e-08
-4.018400610865828504e-02,1.057808706049160469e-02,-7.597755301468885122e-07
2.613235434331055707e-02,6.869484049523950919e-02,7.608405083645290119e-08
-3.316586691996560154e-03,2.906622171926029688e-02,-2.282138406518563696e-08
1.723877344789462654e-02,7.018632771746851663e-03,4.912392396122718259e-07
1.492232259801552687e-03,6.409840004577876948e-02,4.656165873326557361e-09
-1.649206077594628922e-03,1.248155991035884357e-03,-2.642684205536533013e-07
-8.973238356877202837e-02,5.458323286362230797e-02,-3.287979928301603698e-07
9.849020196973628377e-03,1.376854555573949314e-03,1.430685482620979525e-06
-2.059328062360520420e-02,1.178637128533562874e-02,-3.494496646170079101e-07
8.625894715707413743e-03,6.405057847193429410e-02,2.693520620854023504e-08
-6.794642540544053137e-03,2.365740620637808364e-03,-5.744320923663600745e-07
7.704903128098553045e-02,2.305195202898586981e-02,6.684958011828801825e-07
-8.100843210456881022e-03,6.650525337621352763e-03,-2.436203048721505427e-07
-3.470982352152625697e-03,3.339002538799407636e-03,-2.079097539383656687e-07
-5.547579498704597462e-02,6.805199007470917605e-02,-1.630429079880995014e-07
-2.312267821893998834e-02,2.291677488312545558e-02,-2.018012467485643222e-07
-2.177639076206674962e-03,7.280573201921802448e-03,-5.982180824247213747e-08
8.171937945933993239e-03,2.032603850009033486e-02,8.041027074814872297e-08
-6.582225985034324649e-03,1.119044813470736546e-02,-1.176425739677508814e-07
5.151615688811968415e-03,3.853470082863207774e-02,2.673810803212570541e-08
4.779766273614262373e-02,1.350112420808484599e-02,7.080695787839945498e-07
1.578899301424720181e-02,9.336548700136327456e-03,3.382262214699691186e-07
1.006959807843576561e-02,9.428082674789542775e-03,2.136131391624591422e-07
-2.825600604747156158e-02,1.607830585745569085e-02,-3.514873480497148464e-07
-9.588981051885232809e-02,1.537312508995110696e-03,-1.247525718337828917e-05
8.541063450052910344e-02,1.183201233358463673e-03,1.443751813068512150e-05
8.787692597887492019e-02,2.198475315667593275e-03,7.994521427025897374e-06
3.966926260885459549e-02,2.538588406361603350e-02,3.125367153122429860e-07
5.881285956568992057e-02,2.633699604104584261e-03,4.466272999097033457e-06
5.975959754062105944e-02,8.110089349595542632e-03,1.473741228474737212e-06
-6.199529616022035963e-03,1.088222685379322714e-02,-1.139410381411996974e-07
-1.224435745543055870e-02,1.492370999231459536e-03,-1.640961556896469950e-06
3.086590123170265126e-02,1.123471216129798972e-02,5.494854792709782711e-07
1.090173140815631214e-02,1.517741473632627878e-03,1.436603381165061332e-06
1.682295986292285574e-03,8.265598416114045000e-02,4.070683301341543506e-09
5.412821753606807118e-03,9.963920301822359882e-02,1.086507400788787730e-08
4.111166798777614664e-03,5.162649648834469196e-02,1.592691461768150525e-08
1.523322060011793625e-03,1.857309971967161660e-02,1.640387869383644091e-08
4.711595117282849944e-03,7.176160241694334863e-02,1.313152132740968607e-08
-8.854531363968676932e-03,9.833572646872113659e-03,-1.800916006997169246e-07
-2.846192004072686191e-03,3.542289436624169313e-02,-1.607012882788442289e-08
8.515139903322635484e-02,2.273962069459162846e-03,7.489412991674389035e-06
5.700148071059760180e-02,2.394116113178721989e-03,4.761898519001679155e-06
-8.075634554808468202e-03,7.099726296346335619e-02,-2.274962589844970149e-08
-1.036566333829992128e-03,3.262131932432743575e-02,-6.355281415436057147e-09
-1.415989393940191021e-02,3.028399798333867438e-02,-9.351601672522666489e-08
2.851753211019352873e-03,3.541587761233352949e-02,1.610471854314406543e-08
1.818064165775408903e-03,1.058578184047495683e-03,3.434989988080998623e-07
1.013295702714445872e-03,1.184365568892018633e-02,1.711156122924163244e-08
-3.910880438944648249e-03,6.866790256809572612e-02,-1.139095051160247698e-08
-4.822377159970228123e-03,3.645697486290795219e-03,-2.645573020772339347e-07
-1.233353272735641763e-03,2.568535484110917849e-03,-9.603756250754828507e-08
-2.120591496395645738e-03,8.690581414305500671e-03,-4.880309794844875605e-08
-6.984073533826619558e-03,8.055873245726966059e-02,-1.733945277474010045e-08
9.735569553855355496e-02,2.347727192967194107e-02,8.293788223050633572e-07
9.436543394646772220e-02,5.350915209247669030e-03,3.527151225757086809e-06
-1.161301943051472503e-02,8.155394932610258996e-02,-2.847995926737128454e-08
-3.807899175664176267e-02,3.628065915201381109e-02,-2.099179034037343430e-07
-3.389351651020626813e-03,8.216886766768352612e-02,-8.249897180454459716e-09
1.599151288200481580e-02,7.107634224181949741e-03,4.499908577579416579e-07
-3.111758636445687443e-03,2.116547193974036359e-03,-2.940472722970086816e-07
-2.471879631202562183e-02,9.807877267708771385e-03,-5.040707584477481639e-07
6.577467538994626051e-02,5.001346097784783139e-03,2.630334688507939064e-06
3.071653600245307161e-03,1.728697074325362014e-03,3.553796444805519423e-07
-3.806677069333354313e-02,4.064215539705216818e-02,-1.873305085423291105e-07
-1.320525592886141741e-02,1.986727239994420802e-02,-1.329375848150108886e-07
8.321778760127396951e-03,2.294084917324565754e-03,7.255141450980901648e-07
-3.447215295258921480e-02,3.891944537704384102e-03,-1.771499252752455300e-06
-5.457107780810543929e-03,6.661738778356294730e-03,-1.638378123970255123e-07
7.507050750084801050e-02,2.681612299081055639e-02,5.599027120952904871e-07
2.129564532205915212e-03,3.548768553660430758e-02,1.200196447814522065e-08
9.104342306760444814e-03,1.277400602844185962e-03,1.425478493521303849e-06
-1.328037652141114775e-03,1.800825715199402344e-03,-1.474952086981443264e-07
7.618774805026935770e-02,2.651492663307729574e-03,5.746903640780941989e-06
-6.856792158957228031e-03,4.440179937864834753e-02,-3.088585465578979139e-08
-1.255144604882868671e-02,2.154586276676292555e-03,-1.165115775153067979e-06
1.261875296671931788e-02,3.122810121779604799e-03,8.081836649026234860e-07
1.735815787719584800e-03,3.008795963105931684e-03,1.153851992901964965e-07
-2.889516266323340077e-03,1.109228834025810951e-03,-5.210065718179937794e-07
-5.361469638418422251e-02,4.460890063175275248e-03,-2.403817755632318880e-06
9.594532689320392493e-02,5.855520362557400244e-02,3.277159200750994718e-07
-4.013551397221272986e-03,9.508246759987556973e-02,-8.442432420965173156e-09
-6.198244333221022279e-02,2.710805636694796003e-03,-4.573087595124167718e-06
-2.890347066787923164e-02,2.080306816421714777e-02,-2.778828926732213162e-07
5.618568717129610729e-02,5.616294624157545934e-03,2.000852262348240682e-06
4.930571452883725225e-03,5.188944316835451126e-02,1.900454405659309421e-08
-1.423613599357623216e-03,6.833191444234843967e-03,-4.166848857446189695e-08
4.970001052605774877e-02,5.675313398729477793e-02,1.751482651537806145e-07
-2.495301826520088598e-03,9.356051138503924253e-03,-5.334205043932098828e-08
5.808748228711606981e-02,5.973410883625681483e-02,1.944909386399048616e-07
-4.240810265410918309e-03,1.188474482062797273e-02,-7.136712295690957041e-08
4.398503564434488866e-02,6.504805586982985444e-03,1.352414552576126208e-06
-5.373912714749320280e-03,1.800592088875808570e-03,-5.969177298263228807e-07
-1.877449547216696046e-02,6.527513326578482378e-02,-5.752540911484458028e-08
4.114980863276254154e-03,5.519544018019891495e-03,1.491089894335571246e-07
-3.779068469923806475e-03,2.288941219185030088e-02,-3.302093214674141038e-08
-6.693458762996516882e-03,1.566254234823461020e-03,-8.547272340325855193e-07
-8.151523127544212100e-03,8.557694251460761306e-03,-1.905115047154733578e-07
-6.450394252598381367e-03,3.098507095623460883e-02,-4.163638090266506383e-08
4.452369144029069345e-03,2.188902861434184350e-03,4.068214875530012689e-07
-5.498318231211415767e-03,2.535412381623909032e-03,-4.337310100298146244e-07
4.005077539308478374e-02,4.963725573387213139e-03,1.613772735325956276e-06
-8.454439451517439114e-03,1.183971277878649586e-02,-1.428179712013154086e-07
6.113362669053332143e-02,6.935114320474574864e-03,1.763054527361248340e-06
-3.599518872141495643e-03,1.425113673249919430e-02,-5.051660503121854885e-08
1.525524157928587199e-03,7.142836293847970586e-02,4.271570719864810013e-09
-5.804232317442035993e-02,2.610976217413175926e-02,-4.446118966856881571e-07
-2.668123928019700344e-02,5.409568097571782613e-02,-9.864671183056955864e-08
2.386479560375895804e-03,2.186263810527185741e-02,2.183204215941675570e-08
2.458129118426357566e-03,6.197861173422807186e-03,7.932353414519479435e-08
-2.121061743184403381e-03,3.099823880597144064e-03,-1.368533709284137620e-07
-1.309582826832707270e-02,1.275662146097019875e-02,-2.053224845908599283e-07
5.672546559286223769e-03,1.013460469246238276e-02,1.119464855649211872e-07
-6.876649896864798009e-03,7.110130165239452425e-03,-1.934365647224520232e-07
-9.418965454713607022e-02,3.058549853933954094e-02,-6.159236047557325063e-07
-5.133310066803638445e-03,8.515417428310301240e-03,-1.205676410253416039e-07
-3.218224039523844698e-02,7.630809990778562868e-02,-8.434995264644832788e-08
4.129338358769962282e-03,8.618802443864870266e-03,9.582365949923635409e-08
-2.401476976037652741e-02,5.808886821462582589e-02,-8.268461726872611522e-08
8.304620139724145853e-03,2.850945498042015136e-02,5.825994435316098620e-08
2.185261591909427870e-02,2.663452000755717197e-02,1.640959136249049273e-07
3.739867730756790687e-02,4.822454048259083685e-03,1.551055552289754280e-06
2.359454157813135368e-03,3.732452257711582622e-02,1.264318493789825799e-08
-1.442909972850714602e-02,4.924847457560208898e-03,-5.859838678710998089e-07
-2.349569509616946435e-03,6.554992052441425965e-02,-7.168946450680637138e-09
-1.188125505601687892e-02,9.360800256344622983e-02,-2.538566525221077565e-08
9.835081955509552415e-03,7.511141622128056361e-02,2.618853718745916287e-08
-1.937651773193686117e-02,1.333810042199669657e-02,-2.905500505762967465e-07
2.151360887936085153e-02,2.138392444515207439e-03,2.012171834705443006e-06
2.982116203444741889e-03,8.362625500426296155e-02,7.132160736255082772e-09
2.371349127128241554e-03,7.362030889190533667e-02,6.442242543230990240e-09
2.490676073823133371e-02,2.551838153443304960e-02,1.952105704299476130e-07
1.036866533401551013e-03,8.729468601812203146e-03,2.375605149593819178e-08
1.388484330862487480e-02,1.646655623429186394e-02,1.686465299321292389e-07
-8.074656550796120019e-03,5.096776282303157324e-03,-3.168602029656227856e-07
-4.201743596864192590e-03,2.826075708685076709e-03,-2.973616534373309173e-07
2.121915032030445916e-02,7.430559652710187757e-02,5.711440706604825281e-08
4.773217801200377482e-03,1.070703713863845052e-02,8.916227696668971489e-08
2.610966973792535045e-03,1.340066113736176293e-03,3.896856032397465632e-07
-3.070538336797388329e-02,1.113471353747235272e-03,-5.515370397275470187e-06
4.127813332289190229e-03,1.620446848155477704e-03,5.094768642647438398e-07
-1.186728598991017118e-02,3.709045277884578939e-02,-6.399241227035282010e-08
3.296272018928799764e-03,3.621866995617579327e-02,1.820244611901128200e-08
-3.936172249297327508e-02,4.602193620433315917e-03,-1.710599801289679125e-06
2.011050024567991729e-02,3.019904590743338266e-02,1.331891537645503759e-07
-3.728637022941598631e-03,1.723433691576642737e-02,-4.327078129877797854e-08
-9.198790862353486975e-02,3.094802256216022587e-03,-5.944797264805590646e-06
1.071228851325083629e-02,4.168697757525578577e-03,5.139502249078973847e-07
-2.313390450473308199e-03,1.698527168323748842e-03,-2.724053600051496347e-07
6.516477691066087374e-02,2.514270801744590902e-02,5.183702502456282877e-07
-1.274378955289034304e-02,4.219715151965080895e-03,-6.040246521227559510e-07
-3.275946435776648773e-03,3.844391615988881385e-03,-1.704309162448074100e-07
-7.669712621408955947e-03,4.985078377498699392e-02,-3.077133291089711853e-08
7.460889998778758025e-02,4.283561112216769697e-03,3.483572695361662462e-06
-1.755660406017719305e-02,4.824869522323256554e-03,-7.277700009363542239e-07
4.532202646525039513e-02,7.036469963993449706e-02,1.288230834541819762e-07
2.565001968797149187e-03,3.640103571048555232e-03,1.409331536566170369e-07
3.688506949175366506e-02,4.780328267596735403e-02,1.543235102712801903e-07
6.090693240065964825e-03,4.632339614025985514e-02,2.629695984262510426e-08
-1.458992193044752160e-02,1.494530924805917947e-02,-1.952483040736869100e-07
1.054117823654565590e-03,3.105700808744940589e-02,6.788420709529416198e-09
-2.195780977119894325e-02,1.046906748229213839e-03,-4.194886620742581522e-06
8.350712092763305783e-02,5.729415069138798708e-03,2.915093123292341972e-06
-4.135711437931884581e-03,9.187680704242326066e-03,-9.002923155140141127e-08
-8.947492381264928948e-03,3.222316292922310782e-02,-5.553571635266431554e-08
6.174805996426176863e-02,9.057293582218786318e-03,1.363528061653465579e-06
-7.588420046474570954e-03,3.735313071011625487e-03,-4.063156620828219700e-07
6.885902014404068905e-02,1.661517049601873852e-02,8.288868398815484027e-07
1.798537547100273731e-03,1.652303114557026774e-03,2.177052967059229671e-07
-2.012193186957683504e-03,3.239441829611866639e-03,-1.242334931097884532e-07
-2.050675396317799392e-03,1.705219696315798603e-02,-2.405225439510469313e-08
3.838558820275687206e-02,5.983874911041419525e-02,1.282994816469753596e-07
3.383678140704761850e-03,2.771956119618221998e-02,2.441416654361218252e-08
-5.456378792932558425e-02,8.977454984109869973e-02,-1.215599420403185956e-07
-5.590045765086148338e-02,1.634432154491200287e-02,-6.840497269862721402e-07
-2.716867537867844861e-03,1.740191583473345641e-02,-3.122558683631772061e-08
1.464704074562139932e-03,3.771675457905398349e-02,7.767026412000313947e-09
-5.274626396700750341e-02,2.494370079986772508e-03,-4.229314910656115514e-06
-1.309710808480048401e-02,2.778698443908728111e-02,-9.426993374607058204e-08
6.594067066340360272e-02,1.389930273033981216e-03,9.488543522678683442e-06
9.026714352431578631e-03,4.468076941689547860e-02,4.040622375846378713e-08
-1.363074149613177979e-02,1.818570463443223637e-02,-1.499092932118784890e-07
-1.169487403795765532e-02,5.926349459603033609e-03,-3.946821630424176588e-07
-8.314718498851210796e-03,3.135406195296890509e-03,-5.303870923840380806e-07
1.110140637382556542e-02,1.092161653459219157e-03,2.032966792037760393e-06
3.867269936527333550e-03,2.826470854150848339e-02,2.736523510404138050e-08
-9.196276442412327015e-03,1.742606518581961287e-03,-1.055484576993121621e-06
4.333732000449972387e-03,2.063534513053786202e-03,4.200389092961263786e-07
1.043124022509120093e-03,3.622599916618604587e-03,5.759102158893077784e-08
-4.397365512442411722e-02,2.046995799592968030e-03,-4.296500064629606035e-06
-2.148239385820567907e-03,1.447799910556653649e-02,-2.967654494526245011e-08
1.086075077957790631e-02,1.342667569365536308e-02,1.617821330266836472e-07
-5.146192829543576146e-03,1.722410353206876160e-02,-5.975697933798729557e-08
1.002110783115126632e-03,6.275605487237334579e-02,3.193738174494757682e-09
7.321125175457941781e-02,1.362824923357142158e-03,1.074427147775470081e-05
1.209196918137428771e-03,7.377355735485751666e-03,3.278200514863562131e-08
-3.547975010432634878e-03,3.839399385945205245e-02,-1.848231932161319431e-08
-1.069840533132980671e-02,1.611887193858193819e-03,-1.327466626028225313e-06
1.452674698422132130e-03,1.370146761766131765e-03,2.120510815591193547e-07
8.864676855344920045e-03,2.451530417393935329e-03,7.232106798719112613e-07
-8.296465432097030468e-02,2.789869517151271835e-03,-5.947691368270142374e-06
-5.411810339031410122e-03,3.836296480403324910e-02,-2.821432163032702901e-08
6.254686446985105452e-02,1.911211816926261173e-02,6.545396036841524547e-07
1.338063260008462039e-03,2.544989755766936985e-03,1.051549729005766877e-07
3.955484663450403726e-02,9.205368008061098895e-02,8.594047661458830650e-08
2.523331290139921648e-02,2.813493468552594103e-03,1.793773360500811843e-06
1.460838805828769925e-02,4.232139796504105940e-03,6.903693471716789348e-07
3.205995703475768635e-03,1.769081280931001504e-02,3.624552185357174576e-08
3.802094803435758681e-03,8.515132266222386059e-02,8.930396704172001511e-09
-1.932580591761959895e-03,6.218846103955697445e-03,-6.215370359034082674e-08
7.565247049242661281e-02,5.352759381974962413e-03,2.826731780380333946e-06
4.049480424426042321e-03,2.933698878361813006e-02,2.760723914018098855e-08
-1.530214773213387424e-03,9.480029201841379607e-03,-3.228359745912628832e-08
-9.388424160274148889e-02,5.533738309324853777e-03,-3.393229961263563323e-06
-5.607523635642120557e-02,3.498756845069788887e-03,-3.205505746704231175e-06
-1.295814553798971475e-03,4.798791613371763271e-03,-5.400701451458465148e-08
5.608209606595675883e-02,6.453688257719649400e-03,1.738022770279430172e-06
-9.767938503249068427e-02,5.880732876976386102e-03,-3.322084479046687663e-06
-6.448704177676202291e-03,2.835624210686556873e-02,-4.548445416760465720e-08
-8.677055378675342656e-02,2.301189611538393895e-02,-7.541524956749793380e-07
2.592727583120756074e-02,1.544990642695090802e-02,3.356373184836880715e-07
3.739267965410616578e-03,3.154474315477841240e-02,2.370821196540284764e-08
7.540100232868852947e-02,5.384891349181319953e-02,2.800524538055324894e-07
-3.823274241809873544e-03,1.537871597248538285e-03,-4.972268622141978093e-07
8.103802488101270740e-02,1.298010496282298726e-02,1.248676249565960873e-06
2.478425099712628157e-02,2.846314758025233257e-03,1.741534499596354677e-06
-8.314874975843358773e-02,9.514853152226025387e-03,-1.747804453544973984e-06
-2.975382474253845597e-02,7.068821401608126401e-03,-8.418505493995469408e-07
-8.114565898335774491e-03,1.359198739477106115e-03,-1.194047315501913108e-06
-5.849784298489054540e-02,5.617057072870539070e-02,-2.082908652187291149e-07
5.703789832568569723e-02,1.432887646245317899e-02,7.961420897917246487e-07
-6.282663133262211125e-03,6.816143986819028604e-03,-1.843504602580535975e-07
1.517900396314660972e-03,2.024352573058664419e-03,1.499672157257784019e-07
4.412136061706536938e-02,1.020930936676560721e-03,8.643541882617414608e-06
-4.719943318028919227e-02,4.348232850247295798e-03,-2.171016872153840086e-06
9.054644344741666351e-03,2.777076326689862078e-03,6.521128952456093267e-07
2.554443510799853361e-03,1.559392244955258491e-03,3.276273440265928409e-07
-8.547988341604431661e-03,1.120522546479637942e-02,-1.525747017716739367e-07
-5.526347265863566088e-02,3.846187497944916246e-03,-2.873736393660945203e-06
8.335583619580103076e-02,2.276437212565380827e-02,7.323514476178858896e-07
-1.539104115982555497e-02,8.189070384997468310e-02,-3.759002407455869426e-08
-4.545705516571128466e-03,2.016558659272017426e-02,-4.508474794471788726e-08
-2.503214507141568023e-03,1.039747909605305901e-02,-4.815143332456620506e-08
-1.694447838676630194e-02,1.154200035510611353e-03,-2.936204696636239093e-06
-2.616637691063977526e-03,5.932790690895835967e-02,-8.821120897254902406e-09
1.965472534265340701e-02,1.270648689479923245e-02,3.093717789347750930e-07
-2.105064643844488034e-02,2.503293562156340760e-02,-1.681871698839008240e-07
1.032925637668190028e-03,6.641056759100810725e-02,3.110792713638617840e-09
-2.343397805064868170e-03,1.316955711966834482e-02,-3.558885835969018820e-08
-7.170996565755744998e-03,2.955794690504659483e-02,-4.852264404760543156e-08
-1.287174870232248199e-02,1.541320236731584005e-02,-1.670259228504812559e-07
-2.035770529506627721e-02,1.617926462523338466e-02,-2.516571378166578781e-07
-3.570566790240310099e-03,8.523484497375803312e-03,-8.378363409595798046e-08
6.337502541660645222e-03,1.246431196834883130e-03,1.016925281325174118e-06
-1.503628543472755250e-02,1.962712892021238262e-02,-1.532226588687738992e-07
-6.766914858054451365e-02,4.947308098490025251e-03,-2.735652709780066306e-06
-1.012003276783983571e-03,2.137994333398323104e-03,-9.467047955549105307e-08
1.495080091655502999e-02,3.271593139141283288e-03,9.139961742288336235e-07
9.029710582682369535e-02,9.300453407990289315e-03,1.941819765442450414e-06
-2.634615599283469511e-03,4.293992877751092591e-02,-1.227142923481103647e-08
1.190016114113804681e-02,1.501312153289376811e-02,1.585335008461222758e-07
9.387533043149926329e-03,6.673080585253281238e-02,2.813612711111282454e-08
-1.522523185056841614e-03,3.651327167544497158e-03,-8.339737372659135259e-08
-7.096073382952595987e-02,1.486082259228808412e-02,-9.550243758123049931e-07
5.068873510454544734e-02,2.644339478272696945e-03,3.833835312607600257e-06
4.131865022769467405e-02,6.426189684796027035e-02,1.285972831064539800e-07
-5.875793584693275035e-02,3.803353181736592124e-03,-3.089861995780010346e-06
-1.817910439164400344e-02,5.850967468578827102e-03,-6.214182566534268798e-07
-2.447851398570070631e-03,7.403554985380317310e-02,-6.612778129006487565e-09
-2.502798869571029854e-03,1.141029626143397722e-02,-4.387006092485024233e-08
9.961622981401036664e-03,1.088037837350405365e-02,1.831155857410512188e-07
-1.641287217825702308e-03,1.528018489437055032e-02,-2.148301274329729375e-08
-1.562940648696494166e-03,3.091178188267353945e-03,-1.011247949979735380e-07
2.083019327845041235e-02,8.397334739151650698e-03,4.961249203715102172e-07
-2.361917752242910853e-02,5.120424093969200632e-03,-9.225672763228538610e-07
2.754277745443616324e-02,1.051064027269689796e-02,5.241043551614093377e-07
1.083046290161777947e-02,4.440695179391724451e-02,4.877926634414904475e-08
4.570465689735719178e-02,1.822010919600697667e-03,5.017052963489682820e-06
6.751433325961730091e-03,2.185339447902975244e-03,6.178972835415395414e-07
5.536477288232599832e-03,1.247058769342532930e-02,8.879444767494924509e-08
4.651489562468184846e-02,2.898614100224665077e-02,3.209525706065588416e-07
-6.596998042806017162e-03,1.899291756032314010e-02,-6.946945315033801205e-08
2.217742815623915172e-03,4.009597831618763597e-02,1.106240552377491809e-08
-2.192511662084350738e-03,1.230184951292955485e-03,-3.564599240081437909e-07
-3.742546190690745900e-02,6.204660224022160060e-03,-1.206391791082642864e-06
-7.208240616041500237e-03,1.396702034015050338e-02,-1.032202051266505729e-07
9.036752798109677631e-02,9.676774956696176239e-03,1.867759565115164189e-06
5.631921114306684406e-02,2.542244516219684461e-02,4.430762302261009964e-07
1.001133985560457781e-02,4.772264299991261019e-03,4.195724123492247546e-07
-2.435967885857379805e-02,1.276026590296411127e-03,-3.818132910303292931e-06
6.112123419358153620e-02,1.149771383968996481e-02,1.063211897509186341e-06
7.821853311901630357e-02,3.032448130942868789e-02,5.158880809894169284e-07
-2.205062594831018463e-03,1.198384383221244923e-02,-3.680137026365953076e-08
4.387406572616048966e-02,3.475595514939335690e-03,2.524746980873954516e-06
6.827645370677341494e-03,5.663232900880425108e-02,2.411269436825628634e-08
1.463563836810850621e-03,1.517392362536489417e-02,1.929092196782657394e-08
1.447317409192305261e-02,5.043168258912836960e-02,5.739836691768641357e-08
1.539424849606563228e-02,2.541460449771962456e-03,1.211474689812568815e-06
-3.169190775421568823e-02,1.213737788790972098e-03,-5.222310835037559539e-06
1.817430040352373266e-02,1.136153619340198040e-03,3.199336008950876412e-06
-7.330123691650723694e-02,6.842185657906644722e-03,-2.142671815753787512e-06
-1.700384985453004191e-02,3.804744283682050948e-02,-8.938424916356992844e-08
7.405561693227953601e-02,2.901222291184408358e-02,5.105240510527340734e-07
3.210836053041570600e-03,1.916807797895348983e-02,3.350262000399750278e-08
-1.867206029832733233e-03,7.017094561243097939e-02,-5.321990810003539333e-09
6.931021169649596858e-02,4.427403741271850220e-03,3.131030554545493715e-06
-6.456158361469022285e-03,1.538270683053688482e-03,-8.394225262716399057e-07
-3.911598609822332893e-03,1.220639678804078844e-03,-6.409232230412371004e-07
-1.300761081106978877e-03,2.176925392882076565e-02,-1.195069595007530368e-08
-4.797614367529536711e-03,8.364643056675338806e-02,-1.147141869791568857e-08
-1.792917043020886628e-02,4.490840073585782716e-02,-7.984942889656213341e-08
-3.383382841180578634e-03,1.751548977450960443e-02,-3.863385672415369973e-08
1.847040899214562673e-02,1.397576074390529527e-03,2.643262308025249021e-06
-2.809703984379896199e-02,2.116076780902617638e-02,-2.655634815583549916e-07
1.269906140413193342e-03,8.190852129110014548e-03,3.100857050249033676e-08
-6.362134572049996106e-03,1.977042595869750279e-03,-6.436148157518354705e-07
8.077884177729068027e-03,2.301548242663833087e-03,7.019670830323247212e-07
-9.138935767961270384e-02,1.348399216398023757e-03,-1.355552497911415393e-05
6.086099624880926713e-03,2.056467674717924604e-02,5.919109551360922486e-08
-5.997148300285552042e-02,4.580477400606728679e-03,-2.618624650545215268e-06
7.169677188204395812e-02,3.314245758772253747e-02,4.326673275656568218e-07
-5.958894192063939575e-03,1.838685554826134964e-03,-6.481826738573964281e-07
1.297946597241112377e-03,2.339385858703683929e-03,1.109670835547454885e-07
-4.681928555427512101e-02,4.639190891663241140e-02,-2.018467435942417759e-07
7.155805928441692776e-03,7.923274566048408782e-03,1.806313201204072628e-07
-1.877543799725818734e-03,3.189711397839006812e-02,-1.177274927663145461e-08
4.128257821635290814e-02,4.088979848523436461e-02,2.019254457708036376e-07
3.007319701188521360e-03,7.144290367964299671e-02,8.418984503126531788e-09
1.919006107605637085e-02,2.912917126116909908e-02,1.317611680594488337e-07
-1.676710494466580837e-03,6.635337574763529311e-02,-5.053988717835446515e-09
-3.077805723585421913e-03,6.653394376817953551e-03,-9.252032385181197764e-08
-2.978120513180646314e-02,7.629349131605546452e-02,-7.807176302749468925e-08
6.565332896587312839e-02,2.778808085448048609e-02,4.725387262030807075e-07
-7.331303107979002254e-02,3.003802273192344909e-03,-4.881452211720294107e-06
3.285342421984953614e-03,1.166522353208800274e-02,5.632831816844018640e-08
1.053042313569810609e-02,1.339504683947299185e-02,1.572319476154185187e-07
8.873606652581876586e-02,1.444377900201453038e-03,1.228735898669658842e-05
-7.538511242838085921e-03,2.301121860925907110e-03,-6.552170298622179544e-07
-3.429921686230347905e-02,6.500757861551613274e-03,-1.055259868872130307e-06
1.992724649339206074e-03,5.046619324834279718e-02,7.897433082330300717e-09
5.483062452412015321e-03,5.556588330342171478e-02,1.973577467764369511e-08
-5.997265590119269657e-02,7.610002291480032210e-03,-1.576186860096826479e-06
-8.442016872744399422e-03,2.706130610335210056e-03,-6.239311523864058418e-07
1.369934830099059971e-03,1.958206723311799874e-02,1.399202519187197631e-08
-3.027173683354663150e-02,3.985942363298765334e-02,-1.518957186076612860e-07
-5.242507627680590213e-03,8.695660350182375306e-03,-1.205801198418240321e-07
-4.265355476084782896e-03,2.123331126435396704e-02,-4.017692674370659353e-08
6.118748863947216093e-03,1.680637514490129422e-02,7.281616180329584190e-08
1.178606115536082188e-02,7.437741197071112698e-02,3.169325433017279388e-08
1.133038346259680708e-03,2.368468667820687514e-03,9.567889974687447453e-08
-6.534869847305554980e-02,2.889195242450772784e-03,-4.523756909050070726e-06
-1.680016076206800046e-02,6.690413006848956387e-03,-5.022266076055493515e-07
-1.514593044412121739e-02,8.792537445889904435e-02,-3.445251572495921910e-08
1.468546921328272616e-03,1.200020193239028287e-03,2.447588934769133616e-07
4.754162900424998422e-02,1.387373017207318635e-02,6.853620029063966693e-07
-1.503064544579668172e-03,1.216155003226787774e-02,-2.471882983192772229e-08
-4.613164487535647597e-03,1.399815435728920610e-03,-6.591243713501268547e-07
6.521222503425114225e-03,7.879500716135471455e-03,1.655272604540363287e-07
2.970430897215094526e-02,2.413279827289816978e-02,2.461789863412739941e-07
1.256935360979042141e-02,7.154797980675013484e-03,3.513619888136561461e-07
-6.976597465312416035e-02,1.673717636395949046e-02,-8.336824929561956666e-07
9.059992940096434078e-03,4.452320918565808548e-03,4.069870655375160052e-07
-1.788558055342500883e-02,9.237216187005041490e-02,-3.872586630764009247e-08
-1.739683070075188215e-02,7.010302557004160183e-03,-4.963323506731260183e-07
-2.953815487685371513e-02,3.706852982991982147e-03,-1.593739034035235107e-06
4.095093064937144374e-03,6.612661798731728213e-02,1.238587442616977330e-08
2.254363630705324278e-02,1.195848950383246977e-02,3.770395000501683117e-07
2.019429358964182700e-02,9.350381527100440349e-02,4.319550364326197524e-08
1.188148845042811055e-02,4.721157577711816711e-02,5.033401361341348501e-08
8.003212866906461720e-02,2.256733529587999151e-02,7.092891147374212022e-07
-6.988300992365259479e-02,1.350898705206130847e-02,-1.034637046650662901e-06
-2.317668713728905650e-02,1.950676561163967870e-02,-2.376322065873496652e-07
1.233123348309996849e-02,1.463801225835485546e-02,1.684859234263832593e-07
4.413476321353399651e-02,9.351635618000449929e-03,9.439140111049335959e-07
7.773801657995143936e-03,1.877228425948136671e-03,8.282387432653591202e-07
2.111883182006966519e-03,1.609999728713411987e-02,2.623513461742481725e-08
-1.935404878864220926e-03,3.256180771111698291e-02,-1.188782853384637636e-08
2.578635646787674415e-02,6.302854726898787785e-03,8.182610764344731708e-07
-1.694793489557933032e-03,2.722341141235440701e-02,-1.245126420861679004e-08
1.632681125607488709e-02,8.737397749774465650e-02,3.737304414906877981e-08
-5.887695787641501581e-03,4.137924003937794304e-02,-2.845784831336666504e-08
-2.172562945590278231e-03,4.522861301147059095e-03,-9.607232620895036855e-08
-8.880146496652394084e-02,1.955734597251395160e-02,-9.081329216543158268e-07
-4.594747826913789246e-02,1.304590335181555517e-02,-7.044119782592074553e-07
3.762735249082833477e-03,2.770089138108106086e-02,2.716746558983254790e-08
-5.618646732874363336e-03,5.414695160079482927e-02,-2.075376638450370766e-08
9.713047362708534041e-03,1.317046141718300305e-02,1.475005786874975437e-07
1.792193614350279587e-02,2.294955501298684419e-03,1.561887915192591918e-06
-3.437366116376285724e-02,2.045429836083422978e-02,-3.361092100738998690e-07
-1.171949218384837378e-02,1.259488835271625230e-02,-1.861031310196335166e-07
8.331367030799752271e-02,1.443950107869328148e-02,1.153993301643302924e-06
2.137256162580602331e-02,1.397134943191260213e-02,3.059549129539220871e-07
-8.941281730725695806e-03,6.144595161491767099e-02,-2.910353299064266865e-08
-5.049833873330361600e-02,8.010521004548571203e-03,-1.260827102578604306e-06
-1.689244264151570224e-02,2.202721659355986409e-03,-1.533811673826041276e-06
1.520449075534947847e-02,2.816436262583391081e-03,1.079720033880482222e-06
-3.065968282170605970e-03,3.438966060696022758e-02,-1.783113450759182480e-08
1.103985767246867854e-03,1.079314931388121977e-02,2.045759126842761190e-08
4.993714875710604517e-02,2.299671251967263120e-03,4.343073647440203644e-06
-1.218795135882437541e-02,1.309094833730848262e-03,-1.862082040910677094e-06
3.409480969897914042e-03,5.171640779640434421e-02,1.318557664624256810e-08
2.286796170795538097e-03,3.996867360314471096e-02,1.144318524412324632e-08
9.989145906054697210e-02,1.210571301411592429e-02,1.650354306530237074e-06
1.271506302334224434e-03,1.269304669886053144e-02,2.003511536097799362e-08
8.430084502265715318e-02,1.182714595711789000e-03,1.425578640534546882e-05
1.324395756424555370e-02,2.696157600778290205e-03,9.824528433413039346e-07
-3.854940005872512648e-02,1.921107097214763389e-03,-4.013333546381156889e-06
-2.204523224257069845e-03,6.673873687372203212e-02,-6.606567913958146356e-09
-1.771684834625558008e-02,4.317118286983913193e-03,-8.207893780724693332e-07
-7.229630035814309762e-03,8.736685443179707453e-03,-1.655040333800083730e-07
-2.232435232694085850e-02,2.008566277490597338e-02,-2.222961336935864440e-07
-1.014466067223328619e-02,1.641687297389196609e-02,-1.235908432067360702e-07
-2.754782784781874619e-02,1.601901289050058561e-02,-3.439464391607857586e-07
3.956721928560504378e-03,2.110009142895934164e-03,3.750510631487161733e-07
1.577314320467003428e-02,5.971171671522856189e-02,5.283210285685666891e-08
-8.227141650179287460e-03,1.501432359969904345e-02,-1.095928979521921846e-07
1.674951621431457899e-02,4.369166358364258429e-02,7.667307739573768646e-08
-1.451511578912611372e-02,3.765351593909940786e-02,-7.709996441242873026e-08
1.881048239114073992e-03,3.142508303602717205e-03,1.197188971083431489e-07
3.031430093543702187e-02,2.427063487403115401e-03,2.498075896426349880e-06
-1.790939582666018284e-02,5.091862261110218640e-02,-7.034666224515558720e-08
2.539905452170394297e-03,3.440739877831421219e-03,1.476402995120389505e-07
-3.161380798772343848e-02,5.190504117583131030e-03,-1.218166015751332312e-06
1.004652129165911232e-03,1.504796989177655669e-03,1.335294325836831607e-07
-2.053034546271721456e-03,6.361990230712541439e-02,-6.454200721193361275e-09
1.491541310629518726e-03,2.721204538223234715e-02,1.096259343507401280e-08
-3.379454948403361973e-03,9.900489985831628301e-03,-6.826988645504793544e-08
-4.507411245043162207e-02,7.633362208826502404e-02,-1.181001696574628804e-07
1.038462164713187946e-03,3.232476986042472078e-02,6.425315309761276390e-09
-1.340961952729338540e-02,3.034385338125931020e-03,-8.838629565998997598e-07
7.310191042302171920e-03,4.263395856253568428e-02,3.429353669225024951e-08
1.712672426308041104e-02,1.314946235211755972e-02,2.604986745349427488e-07
3.440335965482731618e-03,2.058116531063880830e-02,3.343259618700602423e-08
8.513537312194079110e-02,4.831558685111311986e-03,3.524211734777289598e-06
1.476458341796063395e-03,3.356948952269984965e-02,8.796616704749033683e-09
1.040360880420720252e-02,1.047446432463931647e-02,1.986512946310137419e-07
7.433428845021817881e-03,1.312928298452536655e-02,1.132367477674729744e-07
-5.313437211123971105e-02,3.730173061421220796e-03,-2.848956247447564540e-06
2.152883396125158683e-03,1.532638107374848825e-03,2.809442169454424199e-07
-1.888477246744350163e-03,3.283675789863413352e-02,-1.150245899644126065e-08
9.292054329307213034e-02,3.104366105691616640e-02,5.986569317468439047e-07
-1.284038714881544519e-03,2.131038814904023457e-02,-1.205107991354673905e-08
4.544374186832984830e-02,7.498774879970540597e-02,1.212056811469292081e-07
-5.563210730470177778e-02,1.389199069162250569e-02,-8.009404648940260834e-07
2.350076752483241070e-03,1.430627045371453236e-02,3.285449707747694615e-08
4.471672163059775551e-02,6.380977743639325295e-02,1.401593047067619839e-07
1.981416693530725637e-03,3.948554919952444904e-03,1.003637414184080028e-07
-1.221617330017569190e-03,2.640452410396049512e-02,-9.253287346223758362e-09
2.668976785867271939e-02,9.081736706745593968e-02,5.877803967167627014e-08
8.491256137042973301e-03,8.342306388579445384e-03,2.035752671826100436e-07
1.602661066005315812e-03,5.303048032561408220e-02,6.044429743048744611e-09
1.824636928820257825e-02,2.862877258570141123e-02,1.274714540353409901e-07
-4.198601822377472786e-02,9.275425359910891357e-03,-9.053365691201721912e-07
1.384977232631130241e-02,6.554470971286918690e-02,4.226143094884537624e-08
5.403212246598710494e-02,8.292843443538749915e-02,1.303130078443155688e-07
5.115557460510283122e-02,8.848261124283801626e-02,1.156309901721289021e-07
2.357683695314718303e-03,4.703869177043724231e-02,1.002465680702953492e-08
3.223495257073220183e-03,2.318576643966288250e-02,2.780640135089973001e-08
1.252957070066280237e-02,1.124855182485454130e-02,2.227813265620852731e-07
-1.186467688245614440e-03,8.223515791312537015e-02,-2.885609723598689703e-09
1.098322555053274927e-03,4.199457166553105698e-03,5.230894422424233524e-08
3.906596185581789893e-02,3.886011940085118410e-02,2.010636670928192363e-07
-2.942357793042403580e-02,4.360014376902502861e-03,-1.349729589933341417e-06
-2.726951688781876007e-02,2.304838840844847941e-02,-2.366334241317921342e-07
7.467988965921013023e-02,2.396835928560197421e-02,6.231671758135477864e-07
-6.116206397275558704e-03,9.228141396129947716e-02,-1.325583533288903218e-08
-1.452998987764785553e-02,9.036404036334728246e-03,-3.215946971860395122e-07
-5.657170847650649231e-02,4.133062709951783320e-02,-2.737578037776265998e-07
-2.962474288371823913e-03,1.305986141103591134e-03,-4.536858450997156273e-07
-1.079403676495908904e-02,2.560292158745942643e-03,-8.432057801846008082e-07
-2.572438601548147474e-03,1.438462193432036174e-03,-3.576726843112332513e-07
-1.669132967772630734e-03,3.692037655110821937e-02,-9.041989982683697782e-09
-8.897716974480515684e-02,3.076023095012022333e-03,-5.785330892922339414e-06
3.427441135178781184e-02,6.713572545748992121e-03,1.021070024118423840e-06
5.862210477572320742e-03,1.377440147663516572e-03,8.511926766584409623e-07
-4.298126165808238870e-03,5.622519381913278214e-02,-1.528929310471622113e-08
-7.640948067278055360e-03,1.411072337128320897e-03,-1.083021749018316940e-06
-2.212048084210536426e-03,3.193663979409960135e-02,-1.385302287327804849e-08
1.356562923903839243e-02,6.954054637576159714e-02,3.901584819288704547e-08
-3.795384149159344161e-02,1.400571849464776275e-03,-5.419878546203369517e-06
-2.990952397437953228e-02,2.519526859860268461e-02,-2.374267876553849872e-07
3.554351145772843140e-02,1.508351728623034092e-03,4.712994291527196019e-06
-1.763521537579421181e-03,1.497746111625244091e-02,-2.354950459251958075e-08
-3.227025506288131590e-02,3.918800222047516719e-03,-1.646980594822211261e-06
-5.308399205991331735e-03,1.256833171842970578e-03,-8.447440647849168491e-07
2.253581461508817260e-02,5.105226843087182220e-02,8.828713533868504042e-08
1.747843969154245364e-03,5.888522372904920338e-02,5.936569261451896689e-09
1.684435766396439466e-02,3.472217634134174523e-03,9.702568648571027532e-07
-5.374432285802575350e-03,1.371453052569684972e-02,-7.837740099348558847e-08
-8.759518726769052743e-02,1.515554355180344370e-02,-1.155973655480033971e-06
-9.520148277574261297e-03,2.121032482223431451e-03,-8.977090455537419523e-07
-5.295837971923214073e-03,5.103218312359658615e-03,-2.075533511213099231e-07
3.861737796896680397e-02,7.904607750297203833e-03,9.771059708308044164e-07
8.400921272060813544e-03,4.519492154834259950e-02,3.717718358976547455e-08
2.700226323804311070e-03,1.015537581736744664e-03,5.317939289635226695e-07
9.982920401076681577e-03,1.251741387039760102e-02,1.595079026635639068e-07
-3.160402966897512406e-02,1.711209984787546209e-03,-3.693842410700546224e-06
2.294526497884756891e-02,2.174328171648919148e-03,2.110606118251197492e-06
-1.672886114588158918e-02,4.671319862410563267e-03,-7.162522158039214180e-07
-8.539819352232689773e-03,1.613718905917726348e-02,-1.058424794293804227e-07
2.063306877895718441e-02,1.704643506962807498e-03,2.420858833961275287e-06
4.426848387130956353e-03,3.695805005480043426e-03,2.395657934420713717e-07
8.958948737118548056e-02,2.188216262906737472e-02,8.188531392311744107e-07
-2.881234981531057351e-02,3.371380180292564942e-03,-1.709267983046760554e-06
1.115491586742292261e-03,8.376899263478647037e-03,2.663313033358913239e-08
-1.063861754295429042e-02,1.546273944363729712e-03,-1.376061888126100833e-06
4.698921853640455198e-03,1.127743420295446511e-03,8.333494030810321341e-07
1.248452534350208941e-02,1.405172635316257260e-02,1.776975990101191406e-07
-2.902621249618610177e-02,2.806393908064788202e-03,-2.068621096870043295e-06
6.147150625544252345e-02,6.205059159699436583e-03,1.981377087713104961e-06
1.070090421551909803e-03,5.100250885943002216e-02,4.196315612840332595e-09
-1.882031463431924501e-03,2.771495453251894558e-02,-1.358163069884940023e-08
-4.992643180260947396e-03,1.861046107123522824e-03,-5.365529708053365302e-07
-2.266195500455284347e-03,8.571551163557700539e-03,-5.287826040895563539e-08
-1.979025368628300335e-03,1.954076420895161075e-03,-2.025578250697949393e-07
2.010756839603168068e-03,6.338389735949463699e-02,6.344827557274341640e-09
1.315481623721907051e-02,3.887434999394248289e-03,6.768007845273750054e-07
-7.404969494077600842e-03,3.874454381637464778e-02,-3.822539043888619590e-08
3.025328713936166827e-02,2.434646878858291730e-02,2.485282704219763432e-07
2.801178309703227561e-03,5.620988836431615315e-03,9.967063845496568532e-08
-1.808007051115048322e-02,4.129703942875043166e-02,-8.756295506471475666e-08
5.693931080101060499e-02,7.703432565871643455e-03,1.478315495152126994e-06
6.336898842086984007e-02,7.899500890147091725e-02,1.604413583393153392e-07
1.305201913246760090e-02,1.012858152514930100e-03,2.577319631416730507e-06
-9.204224247030337591e-03,1.190541288644069405e-02,-1.546257921781196311e-07
-1.083785860475718239e-02,8.530009429154451761e-02,-2.541166828823370120e-08
5.925188915434778832e-03,1.624740188013110024e-03,7.293861072257238596e-07
-4.249221328048599644e-03,3.516212382991583396e-02,-2.416982254109654839e-08
-4.030934095670310469e-02,5.896229869962965608e-03,-1.367321048106240094e-06
4.467711711675886703e-03,1.601235180034216166e-03,5.580450067300745192e-07
1.419545858821323007e-03,3.325592887886863035e-03,8.537280533961222240e-08
-9.778405818186962362e-02,1.499748102661777266e-03,-1.304034087809082031e-05
1.475343527403894482e-03,2.932041215805317527e-02,1.006380684918665692e-08
-2.351293895964279984e-02,8.887575528372828118e-03,-5.291305296589197813e-07
1.626651473309705239e-03,1.344447073273656937e-02,2.419858708290151126e-08
1.141233860798786812e-03,5.514971785601271298e-02,4.138763039470972279e-09
2.174797622593777763e-03,2.403676484705573411e-03,1.809597730687716614e-07
-3.882522295282444559e-03,7.418435150988236804e-02,-1.046744919974175879e-08
-3.515057308299838600e-03,4.181646369837327230e-03,-1.681219099567933980e-07
6.831905290620552892e-03,1.264728974066209755e-03,1.080397516647592636e-06
-4.116200234532868367e-03,5.290104105928122163e-02,-1.556221755944270975e-08
-5.430843494633302848e-02,6.932879389012162885e-02,-1.566725279059182485e-07
2.704578999642604648e-02,5.719905635740303584e-02,9.456926541865667478e-08
5.251228950388241168e-02,4.184882592374255389e-02,2.509671527188753490e-07
-2.090015728291682359e-03,3.842263214922329861e-02,-1.087931745612589658e-08
1.587591436244842292e-03,6.416297340673293714e-02,4.948726747274687963e-09
1.545081096781777616e-02,7.114254589946591989e-02,4.343712619934585000e-08
2.726289275578084887e-03,9.587525857948905883e-03,5.687279800950025296e-08
1.088591524560764828e-02,1.402682203515502081e-02,1.552189959841067176e-07
3.180054221052092730e-03,7.095134326637494993e-02,8.964232479104936040e-09
-8.610160413538664459e-02,2.887756559338911996e-02,-5.963344126641958137e-07
1.365699781831053840e-03,1.526576798046760768e-02,1.789269631001900774e-08
4.209203648657029034e-03,5.691106455703676126e-02,1.479252925655874337e-08
-1.237865674385186686e-03,1.477129850264295545e-02,-1.676077336991407882e-08
9.171894763396316527e-03,8.751948824591469778e-02,2.096010730470546642e-08
2.535466580215100466e-03,7.672897417335776404e-02,6.609029748490220226e-09
4.628555916889694893e-02,1.778847774449727071e-03,5.204103653765937467e-06
-1.245017992356397575e-02,7.275451735366702914e-03,-3.422589958366300620e-07
6.457368624231104963e-03,3.580882522795669071e-02,3.606655935579929606e-08
-5.895147808477955477e-03,5.966610542875029448e-03,-1.976087702847997861e-07
7.126626511564783384e-02,5.473605787081151780e-02,2.604052233237977429e-07
7.656915206015942055e-02,1.464273134602628182e-03,1.045853734421350635e-05
-6.424488204257948476e-02,1.982432426448030218e-03,-6.481557100820662840e-06
-1.665185182871927599e-02,1.936066634221962450e-03,-1.720209910735123180e-06
3.565824321135594669e-03,1.793186863072664464e-02,3.977164940789032809e-08
-7.651656825217193793e-03,2.688656123777198245e-02,-5.691928447206466285e-08
7.938023284804191296e-03,8.931139897617486681e-03,1.777643562422349559e-07
4.925793322317462142e-02,3.877427382952997742e-02,2.540807254603112595e-07
4.203132410677202363e-02,2.320071826985089288e-03,3.623354692517395547e-06
5.912014656459572623e-03,8.803901145000105066e-03,1.343072796736389957e-07
5.242764527215791441e-03,5.603179948746647883e-03,1.871392954924263664e-07
-1.723760581457077154e-02,5.143964948792458663e-03,-6.702211870828363745e-07
-4.179050765734666772e-02,6.334827640114511216e-03,-1.319416928851471207e-06
-3.543446073835974236e-02,1.674817164997667107e-03,-4.231532031198587612e-06
2.613055934244396233e-03,2.141043291934564222e-03,2.440970132804234783e-07
-6.301825252989275150e-02,8.410007852831130962e-03,-1.498680867429381216e-06
1.357858409477757065e-02,1.113383927446593390e-03,2.439207500493440287e-06
8.553492398674663807e-03,2.307622841364318552e-03,7.413407155085726561e-07
-1.798446293809388046e-03,1.962229035955422897e-03,-1.833103486730821949e-07
8.896340799905338992e-03,3.361147461619636012e-02,5.293745435020716033e-08
7.131284057499437390e-02,4.653110897092468251e-03,3.065233341438994335e-06
-1.488385608676948135e-02,7.999991813077847458e-02,-3.721046761533318613e-08
1.084547437546217515e-03,5.068051982632852323e-03,4.280028884818565844e-08
-3.627734838952119661e-03,3.419971996274307618e-02,-2.121544736102242771e-08
7.215206211660945765e-03,4.414998261389914760e-03,3.268567206048907551e-07
2.824505527439371850e-03,1.998516898888977669e-02,2.826661555393916309e-08
3.991614420395602977e-03,1.239956777265944707e-02,6.438448769617972355e-08
-4.120083373542096639e-03,2.941472047342101950e-02,-2.801434591589574256e-08
2.070665289301853486e-03,8.587043942155288268e-02,4.822868562778792199e-09
-6.731481271832488733e-02,1.998669116098710299e-03,-6.736106552894365808e-06
8.909607727301746549e-02,2.784158602843235953e-03,6.400351413468811129e-06
-7.842126305737646616e-03,2.521237051852154472e-03,-6.220987949531360113e-07
2.907523307067727981e-03,9.015110697988829025e-02,6.450469841172430155e-09
1.107069817153795779e-02,7.484404513868362849e-03,2.958400495561497099e-07
9.370297803299627859e-03,3.703108275462500126e-03,5.060881765247301363e-07
4.694667912619557640e-03,5.025618917135522834e-03,1.868334060663758905e-07
-5.484702642320956126e-03,1.233943319022723752e-03,-8.889904266022019700e-07
1.324068837945203622e-02,5.167656128125046322e-02,5.124555087440292096e-08
-2.520953880169337150e-02,8.178304986023947343e-02,-6.165109667156119637e-08
-1.649832093961185134e-03,9.474911088721936492e-02,-3.482601738370073117e-09
-3.362246085484163309e-03,9.295270624897345249e-03,-7.234469105047884352e-08
2.599679520138931457e-02,1.393286614687462262e-03,3.731801682532978077e-06
-6.463090832719717294e-02,5.395931750760140332e-03,-2.395592913750092572e-06
-1.733346807426896369e-03,2.982438426956845762e-03,-1.162393537314179092e-07
8.227465520478711991e-03,2.148451903998900049e-03,7.659133567077379606e-07
-3.338938720706200597e-02,6.765207466473207795e-03,-9.871122401789500853e-07
1.154095609022825694e-02,2.139931568020111280e-03,1.078651399701891449e-06
-1.759661040051907835e-02,2.391386390134180029e-02,-1.471697233494218311e-07
8.762239299311791463e-02,1.587783451878873242e-03,1.103730506835454972e-05
3.295332779111555949e-02,6.038153174854702515e-02,1.091526692592032539e-07
-9.993393515866031904e-03,1.003141106354334122e-02,-1.992462563809537679e-07
-9.722800918967132444e-02,4.200322519245228668e-03,-4.629647900459175939e-06
-1.033858388422338910e-02,2.212045039321708720e-02,-9.347732989296992579e-08
-3.352996108727299314e-03,1.846360104251370138e-03,-3.632083716766892761e-07
-5.179817177599743694e-02,2.471630190746693882e-03,-4.191506541002273783e-06
-4.693524401249108552e-02,4.710730147801855949e-02,-1.992737353449510772e-07
-3.014305698560711122e-02,1.584076091499843006e-02,-3.805839449791392204e-07
-1.278781402700144253e-02,1.736183455668034031e-02,-1.473126039746137441e-07
-2.285881871526660326e-03,7.604471034465548618e-02,-6.012069349700415140e-09
-3.945109738898071317e-02,1.115526927064305895e-02,-7.073237462544751074e-07
1.025238141914028463e-02,1.547372357765673624e-03,1.325162472860714074e-06
2.096234745863614132e-03,1.803366240056078831e-02,2.324851343214572653e-08
6.816228953947815403e-03,1.919816811301296730e-03,7.101066627534975460e-07
2.213268151285152641e-02,1.665334792926002287e-03,2.658102274898486390e-06
-8.520122802664547440e-03,3.666218828287333854e-03,-4.648005990310311401e-07
6.830408379566078880e-02,2.104822985456612783e-02,6.490382629280432202e-07
-1.652413463268208879e-03,1.900422404789650285e-02,-1.739032871139080587e-08
-1.504094664907660792e-02,6.765743879663449478e-02,-4.446300651141449979e-08
-4.269579120519545641e-03,2.740002471373955122e-03,-3.116544407976533358e-07
-1.549087955877694262e-03,7.503513559978475765e-03,-4.129054486004707497e-08
2.087112994957398930e-03,4.704227250298734057e-03,8.873539296873831979e-08
1.875920535241780082e-02,1.845126978303184700e-02,2.033421385866737264e-07
-4.098875333711405472e-02,1.510820425026812314e-03,-5.426140941965179419e-06
9.603160996494021495e-02,1.296218640390309814e-03,1.481750748929496775e-05
1.132337709042402496e-02,1.786697980806808972e-02,1.267546883910503416e-07
3.967474044695024071e-03,6.079084353408065189e-03,1.305314410870198812e-07
-2.923704662746369563e-03,2.722490320421783877e-03,-2.147861948752124272e-07
1.130719952632793911e-03,8.924626806283513653e-03,2.533985930947060631e-08
1.934012150847143341e-02,6.522785611765719027e-02,5.930144854247235134e-08
1.354742461560675890e-03,8.739162970048230950e-02,3.100459858699555093e-09
-9.994330729274103486e-02,3.706357986833728330e-02,-5.393188014725231327e-07
-2.719905501477641249e-02,1.144326814067190244e-02,-4.753822360353149448e-07
2.523914750167126266e-03,3.087091886690669813e-03,1.635175357236285612e-07
-2.218132612271297294e-02,4.099528414307679162e-03,-1.082163332350707600e-06
2.511804493532667631e-02,1.166472938077129208e-03,4.306757051620562757e-06
-1.926148568510099596e-03,1.204175373401755039e-02,-3.199184221749875326e-08
-3.540442295456597277e-02,1.770288551340788719e-02,-3.999932548018946892e-07
1.799702705610896000e-02,6.451879006022240293e-02,5.578966625259793502e-08
1.982169501645549958e-03,9.588948353218856857e-03,4.134366931345503727e-08
-2.424714668875324608e-02,7.796052715181779613e-02,-6.220496941999517258e-08
-9.755363649156148509e-02,1.787687900896773111e-02,-1.091417644240651052e-06
-1.082753831690383981e-03,1.476053631208684366e-02,-1.467123926901969517e-08
3.166524213444617437e-03,5.998857718534066248e-03,1.055731451780651439e-07
-6.621700276170232845e-03,2.255684441554887260e-03,-5.871247430360662714e-07
-1.510642224336101970e-03,2.145488231296506162e-02,-1.408233563963605584e-08
3.580614559824705449e-03,8.779936422959624953e-02,8.156529482639812010e-09
6.099267907864793642e-02,2.458915985615466732e-03,4.961045701231234165e-06
3.272995702346029757e-03,6.427740745660971700e-03,1.018418527153544746e-07
-1.184058330484450208e-02,1.069560420918031461e-02,-2.214149709452341866e-07
1.288667714466016495e-02,1.795527386412723928e-02,1.435450175134160919e-07
8.965575943174068294e-03,2.522028803816878887e-03,7.109963307363702917e-07
-4.810134565354090563e-02,7.541013548790863330e-02,-1.275753337499405445e-07
-1.340264170901241635e-02,2.763016902091086375e-03,-9.701660533204645796e-07
2.823362351926383268e-03,1.403619901121033525e-03,4.023058152608699681e-07
-1.375029678358591183e-02,8.299826195589789235e-02,-3.313464195767080921e-08
-1.875123260258812832e-02,2.510132419443945710e-03,-1.494074991613965092e-06
8.131981067605606461e-02,3.691126707949229924e-03,4.406325879689252756e-06
3.962347021955987120e-02,7.657912554413883084e-03,1.034859316046491783e-06
-1.735761395356592894e-03,2.394341203352391700e-03,-1.449917174031365810e-07
2.686717330453158165e-02,5.302076330902328466e-02,1.013480061551017487e-07
1.647320545931300027e-03,1.349147020876301055e-02,2.442069640486690236e-08
5.623405714804265848e-03,6.032973834289383913e-02,1.864263017584584783e-08
1.184104037080076482e-03,7.205731417435355668e-02,3.286631395415879903e-09
2.709049553330979132e-02,2.642501961899800487e-03,2.050410602347001885e-06
-8.409588935995826811e-03,1.291936367158726465e-02,-1.301885687285652483e-07
-2.822738602607699834e-02,1.641853280429544796e-03,-3.438551439743473979e-06
-2.256153228527428209e-02,8.923597565935095788e-02,-5.056707389713055099e-08
2.646208870602515147e-03,4.929551465081618081e-03,1.073633178472380666e-07
-2.016309835763391203e-03,6.031139062145839287e-03,-6.686473604562997464e-08
-7.069727546897465291e-03,7.532130521935454653e-03,-1.877258365243895846e-07
2.167250066558419272e-02,2.512625518516399190e-03,1.725124594894105394e-06
9.005922095519100848e-03,7.181402668142902734e-02,2.508176620084365552e-08
-1.871795538766710468e-02,2.187455892014331105e-02,-1.711426732320930801e-07
-1.038127813417050009e-02,3.323081483719064755e-02,-6.248115431662428221e-08
-1.078650807581481730e-03,1.751622082875121250e-03,-1.231628328129504079e-07
-2.657320993999468320e-02,2.133361404327986741e-03,-2.491258497199654436e-06
3.734244375658647003e-02,1.624745888219208609e-03,4.596809404226626624e-06
3.198019737492190095e-02,3.779847038135908735e-03,1.692178304568622685e-06
2.136746026922186834e-03,4.714881269220146109e-02,9.064030380211307645e-09
-4.609206619059781976e-03,1.620817149227036028e-02,-5.687630335315986548e-08
1.066668447557811948e-02,2.758236826060599545e-03,7.734586562272821675e-07
-5.089137638960707782e-02,1.930200879096564829e-03,-5.273280774701588824e-06
-7.719280779491699725e-03,5.542991317301758369e-03,-2.785299158781067771e-07
2.298462880033554524e-03,7.195555920727046695e-02,6.388697863116844314e-09
-3.482506018403327963e-02,6.012156593158045348e-02,-1.158512702702829291e-07
-3.712478585624529731e-02,1.189339840742029489e-02,-6.243055534337138224e-07
2.649296356630286703e-03,6.390818536823253751e-03,8.291121208358188448e-08
5.843176934224434196e-03,4.222587123773127726e-02,2.767640175442806721e-08
-8.477731131729163150e-02,9.332337510513120937e-03,-1.816889060881997664e-06
5.118039317917063777e-03,6.525745678858188570e-02,1.568601700844020134e-08
6.831003813578507070e-03,4.652929867337440156e-02,2.936278393472160953e-08
-4.693004188352733336e-02,2.613004304032534586e-02,-3.592113287068504751e-07
-1.985107114192379701e-02,7.758252493038991782e-03,-5.117516413752193268e-07
4.014710748536344347e-03,1.356641873024638486e-03,5.918726218600180653e-07
7.324050007408582086e-02,3.544620148569758988e-02,4.132575601111632002e-07
-5.426331222805071131e-02,4.658675425546178472e-02,-2.329609098936007059e-07
-9.722952146919823513e-02,2.220140782917185730e-03,-8.759046698491165718e-06
-1.664899355338913048e-02,5.226384356151098087e-02,-6.371267625812446179e-08
1.637559382464012303e-03,6.779306132274693503e-03,4.831155541989770057e-08
1.000914414455684066e-03,2.619264631071497457e-02,7.642875291953709086e-09
-5.134953843125394414e-03,1.995070552925443975e-03,-5.147750551526413356e-07
2.876635414510959193e-02,2.609629593481451598e-02,2.204677968875253180e-07
-5.817399945358763674e-02,1.327164992734675966e-03,-8.766842676248515104e-06
-1.607593501233580942e-03,1.807645233483859415e-02,-1.778698134923179297e-08
5.341519037015824735e-03,9.687543130322855134e-02,1.102783703447556829e-08
4.070987826469881984e-03,1.035908042594128626e-03,7.859914231558175202e-07
-1.123173395786573533e-02,2.671907860312927249e-02,-8.407454748404677282e-08
6.389839251653667285e-02,6.473652811955801951e-03,1.974148130361837412e-06
6.119891524406891742e-03,4.947772497848327428e-02,2.473849129785253888e-08
-3.427376937619915770e-02,9.048779932298776918e-02,-7.575495629968239245e-08
7.610631632144696478e-03,1.527666402045751125e-02,9.963946401282935828e-08
-6.958834654764187860e-03,4.297105264527284474e-03,-3.238916359893279433e-07
2.353185807969753601e-02,2.950151077580438416e-03,1.595332349842844293e-06
-5.937400432766771867e-03,4.588681625910281947e-02,-2.587900780819270333e-08
-5.140251143582883625e-03,7.142456405233054730e-03,-1.439381605084661751e-07
-3.047490191281442690e-02,1.716992740891814563e-03,-3.549875039451407440e-06
1.288021074320835815e-03,9.584158457814170862e-03,2.687869576550664223e-08
2.331187563822168397e-03,3.961094051875804073e-03,1.177067236562714900e-07
-2.422197792159006425e-03,4.040020684602185774e-02,-1.199127114793524557e-08
-2.982484367365354980e-02,1.242989728975838794e-03,-4.798989990842717769e-06
8.394574493648145064e-03,6.266469975888433463e-02,2.679260444203592912e-08
2.631386244665849528e-02,1.885127168704623301e-03,2.791792625207752969e-06
9.414225382239117812e-02,1.994118612295949639e-02,9.442191678795654344e-07
-8.081189529196246280e-02,1.235515436562254973e-02,-1.308176444298122692e-06
-3.543809876028764915e-03,4.317136899166855619e-03,-1.641775617835223095e-07
1.382969253037996758e-03,1.973473994874186833e-03,1.401587852893445148e-07
-1.162539658683050224e-02,1.699085423639357670e-03,-1.368458940512945397e-06
-1.064086321041121490e-02,4.610234975713174699e-03,-4.616289186281363710e-07
3.341981096025428005e-02,5.567914121906210149e-03,1.200468223983685423e-06
-8.502360016812962953e-03,7.701682457514361958e-03,-2.207969601989826264e-07
-1.575820129387370521e-03,7.837397704173425239e-02,-4.021369378804278857e-09
7.975346557260015387e-03,4.019237570481536126e-02,3.968670971233889278e-08
2.125855300693466760e-02,1.080904529528745918e-02,3.933558122549446599e-07
-2.034122462621671193e-02,1.806156340038242089e-02,-2.252480105785552564e-07
-5.161499857492479748e-02,4.006227268682394788e-02,-2.576793077820807033e-07
-5.964909015236068146e-02,5.907484897430016757e-03,-2.019483976982798987e-06
8.491109893172160694e-02,5.702839650478544638e-03,2.977916453318373610e-06
-6.402551481616466922e-02,6.375252622838340454e-03,-2.008606615635758883e-06
8.474057742062944196e-03,8.846828275445239864e-02,1.915768507361388386e-08
-1.847783633594007532e-02,1.325361159185943017e-03,-2.788406491838085946e-06
-3.672269998502675215e-02,5.226198554082330840e-03,-1.405361032275079896e-06
-1.551725626598252084e-02,3.212145582622188966e-02,-9.661819509982143452e-08
1.707641656301950306e-02,5.441552306688269940e-03,6.276436515975171413e-07
-2.249421584690649428e-02,1.678256150752085660e-02,-2.680722248606686013e-07
6.152171643658942146e-02,9.717213054349976495e-03,1.266268859945708540e-06
6.947339774110159946e-03,3.882409239928531330e-03,3.578956630737053520e-07
1.024299920105163283e-03,2.440328680823780887e-03,8.394948240903633386e-08
4.012488953612929066e-02,2.259742110791173111e-02,3.551355750149954789e-07
5.565360773525192956e-02,3.043795578057869981e-03,3.656933382918080221e-06
-2.414289424879181769e-03,8.895328656892740812e-03,-5.428333750676660589e-08
1.050028445342325242e-02,2.690255013214983264e-03,7.806328501700596896e-07
3.019034550762681596e-02,1.160013393887758450e-03,5.205282298760679532e-06
3.496676791336212481e-03,3.067628947082787216e-02,2.279774396290798835e-08
1.006020703751016147e-02,1.773819050549100109e-03,1.134323192546085682e-06
3.827214390611071923e-03,2.916557296196318951e-03,2.624529668122846217e-07
1.447223023522890752e-03,1.359769932737007157e-02,2.128674400350729717e-08
2.539804699137072127e-03,1.641758547530700356e-03,3.094070780602617397e-07
1.467843602660464427e-03,5.586581874022950034e-02,5.255001261053836349e-09
3.268063733871318186e-03,1.498300836873990051e-02,4.362452423484838376e-08
4.577570583485320727e-02,5.517126173980891994e-03,1.659439186980738793e-06
9.848326004508978215e-02,4.542797528424873631e-03,4.335889879699507430e-06
-1.005311187886613437e-03,4.196199947948833081e-02,-4.791633028760714677e-09
6.871256757351332234e-02,3.287193450669977784e-03,4.180710760511988764e-06
3.948698287415864511e-02,6.516153114776399025e-02,1.211997932086832857e-07
5.456787443203710286e-02,2.289523862966047485e-03,4.766845443192039765e-06
2.313509911226173561e-03,1.959838068264141073e-03,2.360969535778944632e-07
5.731227863415866777e-03,7.154863949567744769e-03,1.602084813596460854e-07
1.696499134391008488e-03,4.121223916821688954e-02,8.233161585155259795e-09
1.183237903703790147e-03,1.481888371816589278e-02,1.596966446229703223e-08
-3.080882756170676834e-02,1.533389245398481850e-02,-4.018481438275663852e-07
5.206176558656313430e-02,2.824693537724760201e-03,3.686266794189382807e-06
-6.933297882698453984e-02,3.902875717947451584e-03,-3.552992950852212297e-06
1.157092458308475562e-03,1.182522698917223489e-02,1.957031360957609451e-08
-8.390750061893129108e-02,4.006552460107694162e-03,-4.188602613473038323e-06
-2.071138994525829891e-02,1.280384946698814516e-02,-3.235250358735760761e-07
6.587404202750403448e-02,4.360401130431534183e-02,3.021531158536455344e-07
-4.824824819356047546e-03,2.299053199992717039e-02,-4.197316675522692527e-08
3.763061252254787641e-03,5.924481518310071616e-03,1.270369758255853483e-07
6.602561231954239516e-03,2.200581382958466739e-02,6.000869898760604009e-08
1.577342286223849810e-02,1.357734281119515884e-03,2.323541164002543322e-06
-3.567012940836208207e-02,5.698982025067275518e-03,-1.251833605114913844e-06
5.949949125531413772e-03,1.054491455311287566e-02,1.128520351739120552e-07
-9.257530153843379628e-02,2.068566823241547309e-02,-8.950860496677229722e-07
-2.342105045932967641e-03,1.207156863164934955e-03,-3.880448017771413183e-07
1.032375652870015951e-03,2.207219498547844522e-02,9.354733890924135875e-09
6.086260863853364296e-03,5.456166525308423637e-03,2.231013273478722248e-07
-2.307231113498931646e-02,8.493564121876594208e-03,-5.433007917736678885e-07
-1.300602924392682026e-02,3.398164417176013311e-03,-7.654900434913201952e-07
-1.854748091584010328e-02,2.536358853847908018e-03,-1.462559158822045957e-06
5.101002170565046775e-03,1.984064701786782559e-03,5.142080671276205741e-07
8.351371568736155188e-03,2.843339613708136676e-03,5.874464438904994989e-07
6.895509981294502440e-03,2.140204456892858334e-03,6.443922898826129965e-07
1.744740076982893634e-03,5.248001038232249366e-03,6.649301610246082799e-08
-7.360622779010551897e-02,2.304975854869308408e-02,-6.386859890488649260e-07
-2.311434100028011973e-02,1.316063614789956572e-02,-3.512722494425694743e-07
1.917684968000332724e-02,2.499599827745387342e-03,1.534426131791787027e-06
8.942514734707651680e-02,2.403339939979725476e-02,7.441897237428459854e-07
6.054741899205465065e-03,1.314126794683496448e-02,9.215047378047579473e-08
1.577775339550953771e-03,2.555632784442892977e-02,1.234769578867020453e-08
-1.721185160105373133e-02,2.046144340061354251e-03,-1.682404938364247351e-06
-2.753997202104771849e-02,7.242088563569665238e-02,-7.605694400898756160e-08
-7.833481253155735735e-03,2.123763772126547808e-02,-7.377136313923477215e-08
4.417640205467185388e-03,1.991703936069792041e-02,4.436135146118090407e-08
-1.152529232684043961e-02,2.908667001338877990e-03,-7.924961368620958350e-07
5.479307533053334733e-02,8.168548576995456056e-02,1.341590543912145160e-07
-3.728920383650389386e-02,1.578201483298514703e-03,-4.725631706395042342e-06
-1.726182833809272732e-02,1.472563757768047613e-02,-2.344508944722798415e-07
-4.536886103300921680e-02,1.478447072563434566e-03,-6.137497144527701436e-06
2.059643093730460783e-02,1.029058198341310619e-02,4.003052087294117257e-07
1.108650958492147284e-03,9.795648306600492072e-02,2.263606126553549631e-09
1.470558307498399421e-03,1.205434388749962796e-02,2.439932883610244464e-08
8.273764797768234924e-02,9.479950702949305544e-03,1.745566103932312467e-06
-3.762190778432939614e-02,1.152298323223088653e-03,-6.530028741676900577e-06
-2.444849506168178359e-03,3.541908691574471163e-03,-1.380555842078419290e-07
-6.243170901425237895e-02,1.121456171353037677e-02,-1.113427969042820827e-06
-1.571217629445156860e-02,3.767628131647549061e-02,-8.340796407594215826e-08
-4.222576695328213864e-02,1.828782479593432653e-02,-4.618008226651746392e-07
-1.776485517897217255e-03,1.816718955727295373e-02,-1.955749067764328693e-08
9.527119443508133556e-02,5.490303529775245571e-03,3.470599207555228877e-06
9.942103377925852817e-03,4.204496586340420936e-03,4.729372029699545934e-07
-4.185229570059337788e-03,1.764925432693429871e-02,-4.742770740028993900e-08
1.715226750205302297e-02,4.058023859207024464e-02,8.453686791302068356e-08
1.669059139962657604e-02,7.501359195594371754e-02,4.450112311017893434e-08
1.597748392043293886e-02,1.419553998058612800e-02,2.251104624203573224e-07
2.866066885506091816e-02,4.616597594681934313e-02,1.241662338491875871e-07
-8.593002241281857967e-03,5.868255621717390416e-03,-2.928701500535243986e-07
5.671568952244339032e-03,1.244351335865803362e-03,9.115896930875580839e-07
-3.393372608254005291e-03,2.260611858598098045e-02,-3.002235503707493628e-08
-4.903475980778584237e-02,6.014937078199021625e-02,-1.630467595321610389e-07
3.645192460667308343e-03,1.361243528115496301e-02,5.355793742861197765e-08
3.741227692490955298e-02,3.062209983863784304e-02,2.443533966582700385e-07
-2.534840654080898394e-03,1.055141347947519863e-03,-4.804843313046933279e-07
-2.120416654454960331e-02,3.366844085305056855e-02,-1.259613798905635293e-07
-6.040997831495636267e-02,1.117666529325644529e-03,-1.081024763490214013e-05
9.877532680854774969e-03,6.787367629106148825e-02,2.910625370593342196e-08
1.182950106138447094e-03,2.503218679150421774e-02,9.451632888547368081e-09
3.665366020168871891e-02,3.634203538808009754e-02,2.017192341316115390e-07
1.460509412317268114e-02,1.887787449368515807e-02,1.547356821569753498e-07
7.975202214921965627e-02,6.000951648093828805e-02,2.658035544533919469e-07
-1.420270587258555756e-03,3.838250710096371976e-02,-7.400770936387679439e-09
7.908401736946640836e-02,2.314629714565922744e-02,6.833550477699536691e-07
-3.196597585990669857e-03,3.492613713130658659e-02,-1.830529029061242221e-08
-8.458445253249205487e-02,3.984829309045256028e-03,-4.245413805237909573e-06
2.326413686452535705e-03,1.088120874648765019e-03,4.276111395836473157e-07
-3.265544448524321849e-03,3.947245043168300105e-02,-1.654629334618669218e-08
8.126640170932623169e-03,4.110694177793036697e-02,3.953985486519236267e-08
6.619953494097341462e-02,4.002256437736161597e-03,3.308180784742265248e-06
4.064395230874055798e-02,8.401047916896864018e-03,9.676129663938498653e-07
-6.194291573868737633e-02,1.351367295459450155e-02,-9.167637832575541018e-07
-7.123159318010189797e-03,1.825585417872220215e-02,-7.803864283771142897e-08
-8.721766392029791162e-03,6.446123489612412549e-02,-2.706107451607992012e-08
5.007948809535543028e-02,2.108051108362401019e-02,4.751360175279184816e-07
3.424739760671718924e-02,1.034976735878754585e-03,6.618143751580793759e-06
-8.983774754145096297e-02,4.960265893060956943e-03,-3.622372476931853065e-06
1.496161636982832298e-02,2.837686615852883301e-03,1.054516285424560990e-06
6.465539281797771931e-02,1.041893987927886749e-03,1.241139023457720321e-05
1.342686575348692136e-03,1.409928106142402035e-02,1.904657480850872906e-08
-7.891806655150819527e-02,4.663724741656687794e-02,-3.384408171228511217e-07
-4.295815182227242547e-03,1.822390122026396053e-02,-4.714584716329449728e-08
-8.646583136595704933e-02,1.343040621375110079e-02,-1.287640361239764475e-06
-8.610437197862949588e-02,6.311475407403101257e-02,-2.728560057050521033e-07
6.775615931236933509e-02,1.883972363064976771e-02,7.193056324465802651e-07
-1.291653277273483932e-03,2.203699939749318663e-03,-1.172283624900893049e-07
-3.405965853280714523e-02,3.791959114347925788e-03,-1.796452968213175894e-06
-3.342252519065413985e-02,4.597844521930952860e-02,-1.453865349932779043e-07
1.367057314213218459e-03,8.570597660896687314e-03,3.190177318636877543e-08
1.202775666882889083e-03,1.217559862365362455e-02,1.975756951640100703e-08
5.265421642314260103e-02,6.096330835237287818e-03,1.727443433978841307e-06
-2.031503382960730443e-03,4.445774491520749355e-02,-9.139224135606421532e-09
6.433736219329809491e-02,2.607651798739844557e-03,4.934610287790334986e-06
-1.538747758168384008e-02,1.163939203175102036e-02,-2.644090679359240526e-07
-7.371464211287007129e-02,1.057851576248497460e-02,-1.393696572519186673e-06
-9.533947140574313556e-03,5.612949070708325716e-02,-3.397197894238160085e-08
-2.814382466814595914e-03,4.011926190763598354e-02,-1.403037859502066601e-08
-2.938479895400635672e-02,8.195899651915193596e-02,-7.170761852680230796e-08
9.339849497581964241e-03,1.572399156283007084e-03,1.187999571747606025e-06
-1.528664855637340732e-02,2.661116355608662831e-02,-1.148914273958041298e-07
2.889998082159147500e-03,6.192743123287735435e-02,9.333696972108208017e-09
-1.663210177385969881e-03,9.103281549723590826e-03,-3.654166795896515531e-08
1.367832985440352181e-03,1.180879286020812546e-02,2.316683876365130805e-08
4.690085551543091147e-02,2.387993733424408158e-03,3.928138483339754733e-06
-3.006055999883523386e-02,8.619984894289520194e-02,-6.974768061522415763e-08
-1.292789977403906512e-02,3.103395238855013311e-02,-8.331632302829305454e-08
1.207515960657100894e-02,9.681772873971320609e-03,2.494463753902730571e-07
2.496722501588261207e-03,5.873803075100485216e-03,8.501393158729917190e-08
-1.228899326955080855e-02,4.320075896546120287e-02,-5.689369468079694921e-08
-4.540957052748409786e-03,2.457607551449834688e-03,-3.695507345118029157e-07
1.216737519383054430e-03,2.493977453275393868e-03,9.757612909647660714e-08
-1.119577290493864929e-03,4.275418445380454319e-03,-5.237386955693840780e-08
1.864198102681314390e-02,6.163183513717677975e-02,6.049593179518209245e-08
7.741484516690656792e-02,1.592964983661682155e-03,9.719797753509159437e-06
1.045801536072016921e-03,4.705472003515175604e-03,4.445138424409854579e-08
-9.744214273038129606e-03,5.935626303215567334e-02,-3.283367407838848878e-08
-9.445554741914470934e-03,5.484016769215627196e-02,-3.444830862318526469e-08
2.158149634749752591e-02,2.049387210883546039e-03,2.106186086807245671e-06
-1.756603396516269065e-03,9.537441441895858074e-02,-3.683672753522604893e-09
-5.625806539468729273e-02,4.930135498955785962e-03,-2.282260144551689072e-06
-1.539847172488029159e-02,1.254065455716492925e-03,-2.455820515348623771e-06
5.596761008011912758e-03,2.606984363012369420e-03,4.293757806965700269e-07
2.145906971371833172e-03,6.892584870209798528e-03,6.226843868744742635e-08
-8.170386791144428063e-02,1.258095035359703320e-03,-1.298878046222943551e-05
-2.212599284351614987e-02,1.184064164188090721e-03,-3.737375535163279870e-06
2.466741405706411334e-03,1.094443523768199450e-02,4.507850206035210625e-08
-4.026096872794029946e-02,1.106939275835161062e-03,-7.274441092194209149e-06
2.256681302924218226e-03,1.000008826090222199e-03,4.513418510807347945e-07
3.643519258722714704e-03,1.696344172698063335e-03,4.295822282293860461e-07
-8.958803424681453798e-02,1.513490793204120416e-02,-1.183884765694984932e-06
2.750382608669132284e-02,3.691551238276519122e-03,1.490127469074903276e-06
-1.542999132894093926e-02,2.721313957076078056e-03,-1.134034432245366420e-06
-6.642898523511105158e-02,2.137236245776623269e-03,-6.216476489890081973e-06
-1.955227535551565254e-02,3.779334841682204654e-02,-1.034715945104841501e-07
-4.031240145146467065e-03,1.264828015963478111e-03,-6.374504055769192430e-07
1.091057345839523476e-02,9.697354775151368483e-03,2.250264150288989537e-07
-2.980785493076311757e-02,5.901898237844820268e-03,-1.010132199364846620e-06
7.693348493040557193e-03,1.375335588492633196e-02,1.118783190725356765e-07
4.157924441148556916e-02,8.991263817481227882e-03,9.249005982994430633e-07
2.504178735125845920e-02,3.657180882220857632e-02,1.369487556821814915e-07
-5.779150433777993819e-03,1.691262206307648066e-03,-6.834272064796115502e-07
-9.367744001709807367e-02,1.869756760643520588e-02,-1.002049348282620557e-06
-6.041471066072926638e-02,2.290717383767743032e-02,-5.274853428059871183e-07
3.646392529182047176e-03,1.567939537692720391e-03,4.651288894127936485e-07
2.574479199456255942e-03,6.651354806233608641e-02,7.741381677029927813e-09
-5.626708511480262888e-03,1.596879809801497827e-03,-7.047277866325339240e-07
2.645207777580273201e-02,5.173631049552872806e-03,1.022594717077795488e-06
-8.358753772727945883e-03,1.818505779167676681e-02,-9.193186164790293038e-08
1.301979230389089387e-02,4.949400132641226802e-02,5.261271321961931851e-08
1.514993095784707491e-02,2.912472235518483513e-02,1.040370592698981509e-07
-6.092141934867993658e-02,1.759570801320030310e-03,-6.924724099007026374e-06
1.346903945851424516e-03,1.075539666169284501e-02,2.504663583771052778e-08
-2.796864551590589471e-02,6.768672765990159206e-03,-8.264319985480762329e-07
2.389037560487411796e-02,8.828661323877643255e-03,5.412118895226194710e-07
-3.365540728769145055e-03,9.205921359994163541e-03,-7.311841997137120775e-08
-4.706527398386114308e-02,2.083173471956647170e-03,-4.518708883440436559e-06
1.536317614801466572e-02,5.371926520700887747e-02,5.719922632563040225e-08
-2.968589497530906007e-02,2.935059303108895901e-02,-2.022890962584950233e-07
-3.822076098898990765e-03,1.333623401575158990e-02,-5.731988762494658638e-08
-2.968962891497532383e-02,2.632526347348653362e-03,-2.255647602032566446e-06
-1.039190165409122546e-03,4.052689097121323948e-03,-5.128506947253740477e-08
-1.635971432731713696e-03,1.413851581800514359e-02,-2.314254419956463281e-08
-2.442168483685572700e-03,9.888545887647524901e-02,-4.939493261242863185e-09
2.208872230403475124e-03,1.844056046764775596e-03,2.395717950673171166e-07
5.401210925281536325e-03,2.176681829392774700e-02,4.962898506194488172e-08
7.729241218581943754e-03,1.025912955947810628e-03,1.506834499393406797e-06
-1.360059828018083707e-02,6.453736855086932012e-02,-4.214887309961192657e-08
1.892163222500625437e-03,7.002653609455734840e-02,5.404246635636559558e-09
4.232545316684790948e-02,3.676584776258579740e-02,2.302481981598789925e-07
-4.400728872024125236e-03,6.811866584637492339e-02,-1.292104643821602911e-08
3.093890340178102015e-03,2.750348193898622968e-03,2.249864927604623271e-07
-1.658038220209689158e-03,1.948530837928981593e-03,-1.701870311182236910e-07
9.330839655060402249e-02,3.066369727273240281e-02,6.086048596660986966e-07
-2.273448029147609635e-03,8.114384180235785504e-02,-5.603619953692502528e-09
-1.034140828052134906e-02,2.552265790563363126e-02,-8.103879845419695697e-08
-7.529113841324316936e-02,1.699214054932115170e-03,-8.862066003540487334e-06
-1.178195186082744116e-02,4.709946640336511170e-02,-5.003114764584399782e-08
-7.158968825260635105e-02,3.539769443472227245e-02,-4.044964397228648544e-07
1.237081809629439998e-02,6.215448381771647435e-03,3.980752394807778757e-07
1.055987276274061989e-03,2.894665242291256588e-02,7.296247325816196773e-09
1.326880548989714005e-02,1.611044738704284869e-03,1.647264863460049646e-06
2.588775675204782033e-03,1.979090079447303266e-02,2.616182676191323035e-08
1.894498070997740688e-02,5.883567969655552343e-02,6.440099845087832595e-08
1.347852526957702378e-02,1.685528830433606151e-03,1.599356942781310570e-06
1.058794912903069166e-03,7.655606529385240722e-02,2.766122759268136494e-09
2.583844090875357224e-03,9.577417503075191796e-02,5.395815522221019219e-09
-1.765602035388203449e-03,1.600577865754596865e-03,-2.206252537194474150e-07
-2.139547774442680100e-02,6.296087079179589485e-02,-6.796580584768764612e-08
-5.280728629941604246e-03,2.054680272443485008e-03,-5.140304036108839042e-07
-3.669198003486967043e-03,1.501500099990972330e-02,-4.887479977205132563e-08
-1.978223373051233875e-03,2.852209223335923707e-02,-1.387181080832568137e-08
-1.581626594388559244e-03,7.700463017731662765e-03,-4.107961148268315402e-08
-6.200811739581878895e-02,9.854690128476117916e-03,-1.258475547168177144e-06
1.679369207089161792e-03,1.235113211357330865e-03,2.719434648860738118e-07
-5.936829294879242790e-03,2.556742451057914846e-03,-4.644155870179757911e-07
-1.051552774222475062e-02,7.069912436984986115e-02,-2.974789546301506822e-08
4.767246318219186402e-03,3.298717773013628424e-02,2.890424566531812598e-08
1.097790818306468991e-02,1.567465360227532703e-02,1.400750706606807799e-07
9.088791754742012521e-03,6.939354563576848045e-02,2.619547529865524415e-08
1.161409799772955727e-03,5.121338119867618888e-02,4.535667863655030602e-09
4.850498272758256915e-03,1.383075741356239305e-03,7.014223473215858330e-07
-9.674231249692773205e-02,3.347733527769696741e-03,-5.779693267948079895e-06
3.887270136730862705e-03,1.152135394518777507e-02,6.748082933454566376e-08
-9.184582673258710750e-02,2.451703329482864124e-03,-7.492568446592189689e-06
-3.581459658571589134e-03,2.479142369574324854e-03,-2.889334372327612733e-07
-5.338603467074359843e-02,9.662276647860958134e-02,-1.105063932251593766e-07
1.007787248628051963e-03,8.668842742342808272e-03,2.325128408747420627e-08
7.965373591282593618e-03,8.356450714674561187e-02,1.906441581642280554e-08
7.201751763336938089e-03,3.134929597815187818e-02,4.594619628626076295e-08
-6.956330610284301545e-03,1.178960471094905871e-03,-1.180103717416824248e-06
1.161211547080675394e-02,1.136601441404075721e-02,2.043348067775596696e-07
5.252940228653338664e-03,2.766672566430943003e-02,3.797378642964820903e-08
-3.275214725377255474e-03,4.195566753535498287e-03,-1.561307157800899039e-07
6.135549075073624958e-03,3.849152034733904337e-03,3.188068006422217236e-07
-2.267167823494425569e-02,3.614758481241951704e-03,-1.254421797808337927e-06
-8.489054962012171357e-02,5.151653856170260171e-02,-3.295731924216823206e-07
7.828299268076099882e-02,1.825618198137508993e-03,8.576234982492791269e-06
3.326657612356655885e-02,4.523729773111122288e-02,1.470789966129841666e-07
-1.771609915326839658e-03,1.891369383804339388e-02,-1.873401897272879518e-08
-2.459271136494177792e-03,1.229643946547805729e-03,-4.000057595995244817e-07
3.999548628875089495e-03,1.967208854666747594e-02,4.066302833866669569e-08
3.665316880158910745e-02,7.131453102732066007e-02,1.027951689166167061e-07
-2.408545021435648179e-03,3.002304078362955358e-03,-1.604498445469815055e-07
4.843775688872805490e-02,2.118619225547867246e-02,4.572674863162992057e-07
3.196212289926572692e-03,3.794121877485383959e-03,1.684858944211157209e-07
1.634397738951895657e-03,2.381536448715381935e-02,1.372586516483159239e-08
-6.281376279338059601e-03,2.931843441347578658e-03,-4.285023842655941400e-07
-9.662415740851265644e-02,1.623918857943614305e-02,-1.190037379013176023e-06
-1.228386910541376170e-03,4.440635907514236570e-03,-5.532599355500866033e-08
3.296321158780831859e-03,1.244319174694832192e-02,5.298304727322990972e-08
8.184257909158056121e-02,1.150868543313981899e-03,1.422305191545959625e-05
1.490817744018853135e-02,7.213577041493492159e-02,4.133453790750172991e-08
-9.870740883897990633e-03,5.317419733232392649e-03,-3.712684258378196304e-07
-9.547767544173894894e-02,3.767981810381570117e-03,-5.067949135104520736e-06
-1.173382746793879714e-03,2.070791454337810381e-02,-1.133293876601343494e-08
9.893537220951872935e-02,2.766853340970723552e-02,7.151623791188242768e-07
-7.505715693481637175e-03,3.635542558255640787e-03,-4.129163551255936320e-07
1.463494795791924624e-03,2.473126494105841108e-02,1.183543052907234261e-08
3.391790986389179099e-03,4.439712089998252426e-02,1.527965267485923691e-08
-4.044201608441719276e-02,6.765287713133005809e-02,-1.195599527629067776e-07
-6.252137935516700884e-02,9.346521540981912041e-03,-1.337881806208463914e-06
3.599676427636870363e-03,3.399639883593294758e-03,2.117725941513848611e-07
2.432955845621661336e-03,2.023165346242600075e-03,2.405149396025010441e-07
1.672642590441311694e-02,2.021910348200305421e-03,1.654552164754881180e-06
4.152961988317308353e-03,3.570325564512943223e-02,2.326426545135712394e-08
-1.171865084903792389e-02,6.386005097888808324e-02,-3.670181671991713222e-08
-1.827079929389578347e-02,2.819373712010261098e-03,-1.296116707751048134e-06
-1.459433482897055066e-02,4.235140022756986311e-02,-6.892166179352730649e-08
-1.417215321254708046e-02,2.832031548274805896e-02,-1.000868359069981536e-07
2.078993048574744387e-02,8.724686768927271407e-02,4.765872299560313586e-08
5.910539876313290406e-03,7.736348173996054206e-03,1.528024624057102288e-07
-7.303013305713981600e-03,1.440104322868725889e-03,-1.014255440620468263e-06
9.223392506604357818e-03,4.093357944757208822e-03,4.506612069861329831e-07
-4.727327573230658171e-03,4.957402004437062859e-02,-1.907219890007324439e-08
1.014314505501263345e-03,1.162859764495575380e-03,1.744554335549627176e-07
1.806284595553989125e-02,1.464988958264689355e-02,2.465988431671562178e-07
-2.092470819050814071e-03,6.167414786533683552e-02,-6.785712583055098996e-09
-1.045506061412815844e-02,3.521322291359601717e-03,-5.938270643553012656e-07
-2.904359298396907030e-03,6.246353336768203229e-02,-9.299572890716389927e-09
-1.201173988528188817e-03,6.649181196284797979e-03,-3.613074853167301893e-08
1.317641123997365799e-02,1.136875414672584763e-03,2.318053601605002621e-06
-4.422957533891772736e-02,7.089011419315743683e-03,-1.247861258876940849e-06
-2.910294481504702331e-03,3.342145729201829313e-02,-1.741609404642345263e-08
-5.703976576250278235e-02,1.085737919656596870e-02,-1.050731943679307394e-06
-1.304753634140807736e-02,1.105401104612615572e-02,-2.360738208237416678e-07
1.695791350747690232e-02,5.424997318480788422e-02,6.251901055713403052e-08
-9.402563281830022060e-03,3.363825436449001047e-03,-5.590517649398544305e-07
6.227731220881928959e-02,7.273638091796571885e-03,1.712447952328959003e-06
-3.510892069790642195e-02,6.821335561812345329e-03,-1.029407368578879137e-06
-9.875096716534643992e-03,8.023289704562421715e-03,-2.461660131454804263e-07
-1.325646847071503855e-03,2.245297309061022265e-03,-1.180845817011962311e-07
1.956400205352066147e-03,9.073159127300512924e-03,4.312592071880837789e-08
-5.127292838468176794e-02,2.165101083728597151e-02,-4.736408513158023259e-07
-2.765453575567827782e-02,3.205005199836721136e-02,-1.725745866847753445e-07
8.239733377474280085e-02,3.478246905022402968e-02,4.737966216784156791e-07
-1.333647520094967398e-02,1.014903962775029131e-03,-2.628181304503926620e-06
3.102602968339444531e-03,4.666483046790032702e-03,1.329767515255819952e-07
-3.301778236103083269e-03,3.890316009544308312e-02,-1.697470471690922439e-08
6.737872180549215120e-03,2.009547726462387537e-02,6.706001574948508058e-08
-1.634866636122150408e-03,1.102409119250137267e-03,-2.966051872355474927e-07
2.097446773073407059e-02,4.084731980447588000e-03,1.026990889836289137e-06
-3.261003071024227463e-03,3.346764851927407861e-03,-1.948790781619437520e-07
1.911024603162436979e-03,7.451526639442314186e-03,5.129325126798217824e-08
-1.160736460763322131e-03,2.305580116252424483e-02,-1.006914550472004718e-08
8.086901851519093590e-03,5.876662171767312037e-02,2.752267583369379959e-08
2.183521782542924023e-03,7.861459341380210020e-03,5.555121526951657106e-08
2.569468410646980495e-03,1.010499942413950816e-02,5.085646833348633349e-08
-2.905580032097225887e-02,1.204686795176153520e-02,-4.823895603492238084e-07
-2.356452457985444213e-02,1.750312338979329377e-03,-2.692665065914301209e-06
-1.386866927501134326e-03,9.795172891495675105e-02,-2.831795542794364658e-09
1.815194468965241649e-03,1.730175802065750217e-03,2.098321999475943959e-07
-3.288963922423408792e-02,2.073268320710318184e-03,-3.172800797188378183e-06
-4.827950155307818292e-02,4.861922858120689556e-02,-1.986067122108372874e-07
-2.440083741861850605e-03,2.662125116012690768e-03,-1.833223756503443687e-07
-6.016899525553050243e-02,7.618542062423292079e-03,-1.579574441196506580e-06
1.622456912580460750e-02,1.764107456656494391e-02,1.839447277679958920e-07
-2.509081336464091122e-02,3.507111563420380052e-03,-1.430883800293382599e-06
1.130912103854229012e-03,1.547725163299199262e-03,1.461417208195423103e-07
-7.798706175956079435e-03,2.911729832350851838e-02,-5.356864858305843969e-08
8.642200748553510031e-03,2.818656170051145327e-02,6.132272651881581761e-08
-1.548550619262938337e-03,9.879255536770426699e-03,-3.135020574180660866e-08
-1.181102755206225353e-02,2.153816864840617240e-02,-1.096776451996083636e-07
2.533258215730933849e-02,2.395940588211793558e-03,2.114670092863526570e-06
-3.516895192970055650e-02,8.309584029028087293e-03,-8.464851630780996487e-07
2.187147701405017450e-02,7.034208222017256096e-02,6.218735720559482564e-08
6.475084303021905185e-02,3.882343751231945479e-03,3.335728143733757338e-06
1.753471837264504191e-03,5.503396157118380094e-02,6.372461596981898182e-09
9.520239431437789446e-02,3.216953474012670955e-03,5.918917670853486626e-06
-1.090744417280065277e-02,4.066494402906178224e-02,-5.364657844755816218e-08
-1.964344810913262133e-03,1.615600209112727156e-03,-2.431772995538744541e-07
-5.541116408303167762e-03,1.191406555084143035e-03,-9.302003462934252253e-07
-5.778512600935150137e-03,2.173224608087401255e-03,-5.318028479457999420e-07
-9.755741622434864133e-03,9.308693375786611379e-02,-2.096094086382668796e-08
-1.042465376851329671e-03,3.742753349319425087e-03,-5.570698323416354372e-08
-3.221986921734937108e-03,7.753793017949611732e-02,-8.310913797813127781e-09
-1.374978506217697108e-03,6.128017866014558168e-03,-4.487609871074620211e-08
-5.351322398233251953e-02,1.064098742056783726e-03,-1.005815664082557585e-05
1.089748647106555425e-02,1.464697560917416295e-03,1.488050219707071487e-06
7.761486251346472881e-03,2.191533353884667079e-03,7.083306197458599036e-07
1.232387239645264289e-03,2.968427069605662858e-03,8.303477586342859986e-08
3.820143913272268810e-03,4.898203181074855389e-02,1.559847481934129682e-08
9.317092185665966017e-03,1.912322464947157101e-03,9.744475628485617269e-07
-4.110253475207315682e-02,9.950071335273513728e-02,-8.261932053459226120e-08
2.342059846027228377e-03,3.287646158516441264e-02,1.424794162517838441e-08
1.477969433091418094e-02,4.695340391139984221e-02,6.295606545012579754e-08
-4.828691132602440372e-02,6.887107199796694765e-03,-1.402270480856073505e-06
-4.967133425228462129e-02,1.451867667103670396e-03,-6.842550329203155829e-06
-1.006402242061558809e-02,8.480760144715160376e-03,-2.373427790526859015e-07
5.269600947271401228e-03,2.008817746664953371e-03,5.246581217939911627e-07
-1.240823649508360780e-03,1.111765699145381581e-03,-2.232214884367331862e-07
1.916921648561409341e-02,6.789736755251321761e-03,5.646646934415376346e-07
7.090326262725663367e-03,2.695014607088314432e-02,5.261920769809912365e-08
3.427404857517979582e-03,1.733595502685837718e-03,3.954183726092803284e-07
5.888038816275509291e-02,3.464314823272574700e-02,3.399323686271298676e-07
-6.678456637977067678e-02,2.603238171958194638e-02,-5.130992913593457648e-07
5.200044602831411546e-03,5.167640229239195589e-03,2.012583956837548974e-07
-1.657275323236728120e-03,3.395967574264691959e-03,-9.760461148984557025e-08
2.002190120310012866e-03,7.180187177771596430e-02,5.577104169238350155e-09
1.613684899418545843e-02,3.217316723354986946e-02,1.003145955998831148e-07
1.263820361258013482e-02,2.278477936744832330e-02,1.109378458287172535e-07
3.892983864362034672e-03,3.817905194025027205e-02,2.039373031744295831e-08
-5.309413951234007167e-02,1.809266355865271972e-02,-5.869259173754663468e-07
1.263057657421402845e-03,3.288920763716255552e-02,7.680844514544097825e-09
-2.725093461185177507e-02,1.632124558917631132e-03,-3.339391289715975997e-06
-2.378398664682690716e-03,4.883342855312937381e-03,-9.741069539907420298e-08
9.098147307152054664e-03,5.414152360537625996e-03,3.360947272234832725e-07
6.857612637965435597e-03,2.430501452804265800e-02,5.643080853807201112e-08
-1.978943274405787957e-03,1.838976514529521832e-03,-2.152268109553108608e-07
-5.796751159249199925e-03,8.497349710722029367e-03,-1.364395799062669184e-07
2.897950426292248902e-02,1.623235145266673039e-03,3.570661845535339588e-06
7.205982711072284053e-03,6.927171309293505934e-03,2.080542041759193102e-07
3.339606133184806064e-02,2.204503025466271905e-03,3.029868352920719271e-06
-7.884004209297372501e-02,1.865321394020904786e-02,-8.453418779111110466e-07
-3.801205803338657263e-02,4.120633037492205109e-02,-1.845001194113254189e-07
-1.530886127358916998e-03,4.331664716201148735e-02,-7.068499996899334715e-09
-1.177206266924585168e-03,1.400307765384189128e-02,-1.681389288553695361e-08
-1.247532188927921032e-02,3.027697892371353228e-02,-8.240971833089016923e-08
-5.278051854170389551e-02,5.368175724202486378e-03,-1.966464619378084400e-06
-7.993842503408704614e-02,7.090385355466813366e-03,-2.254887900716496643e-06
4.758436048529386675e-02,1.861414861625180312e-03,5.112817229634071202e-06
3.600727767393919337e-02,3.051488841041136244e-03,2.360031011927680442e-06
-9.542774442369827970e-02,1.828915142594602326e-03,-1.043566937419170469e-05
1.258602167893964948e-03,6.474166848743408836e-03,3.888157026851142845e-08
8.420837529657308751e-02,8.411727767929729274e-03,2.002208438275789671e-06
6.428173013423937876e-03,5.010074680225610338e-02,2.566153114632656405e-08
-7.275855627101376379e-03,6.281586716112136197e-03,-2.316615306540002159e-07
1.605343337533476607e-03,7.038877136573456345e-03,4.561458767128055822e-08
-7.148625642386366788e-03,2.482882057193080191e-03,-5.758450961155784496e-07
1.056372330037464238e-03,3.900875331725467670e-03,5.416193283594166328e-08
-3.337794282132482138e-03,2.870932657050561526e-02,-2.325282745804009158e-08
-4.832948799788253959e-03,5.758083555528754720e-03,-1.678701350293941282e-07
-3.918833614940193423e-03,2.317934626126398612e-02,-3.381386774222261389e-08
-1.882511288512182584e-03,2.975461813326514202e-03,-1.265384225942646178e-07
4.021006983661571527e-02,9.633984005132742445e-02,8.347724634178751457e-08
1.489938939603460038e-03,2.698784721596986583e-02,1.104178879753373227e-08
2.135583316926374393e-03,5.955857340022165797e-02,7.171523750758625559e-09
-1.336465079266723832e-03,6.527322454755891956e-02,-4.095074017317060904e-09
-3.922108355794533263e-03,1.232062089743514964e-02,-6.366873207315210111e-08
-2.505183265767879988e-02,3.537186490936923815e-03,-1.416513612722380134e-06
-3.481018876286136321e-03,8.727305220356301740e-02,-7.977474444512224836e-09
-4.570250974666768828e-02,1.285475487684726269e-02,-7.110750793785485285e-07
-6.898147750515666587e-02,2.875143965562808237e-03,-4.798572984011226931e-06
-6.758317120033695280e-02,2.277136068229263302e-02,-5.935930291358197607e-07
5.282673182820211977e-02,2.801663881405707778e-03,3.771177033666542516e-06
-3.426265408919874911e-03,1.886774791354598304e-03,-3.631952371957602232e-07
5.475098524581454087e-03,2.069051554860481482e-03,5.292487423596136020e-07
1.254670813491773340e-03,2.832882209233760287e-02,8.858098119369332837e-09
-1.759403606571087464e-02,1.885216405621949979e-03,-1.866566536445934470e-06
3.269043384998949510e-03,4.663084458816425457e-03,1.402124606254130362e-07
-3.034319469080983683e-02,1.555039032919702151e-03,-3.902646520223582709e-06
-5.090667926063975612e-03,3.005471676712550763e-02,-3.387671860317954249e-08
-2.387984858435283214e-02,2.406704212736982939e-03,-1.984486088073920302e-06
-1.545499168573842390e-02,5.413277572191099035e-02,-5.710152240443367883e-08
1.132195909255427797e-03,9.161368718489413393e-03,2.471726574983176478e-08
2.840104045370411400e-03,6.046649192752408079e-03,9.394175852536344125e-08
-1.213053003584093313e-02,6.622520256582641214e-03,-3.663495735053704896e-07
-1.391611174935331562e-02,6.891906856790409180e-03,-4.038477953176142753e-07
4.670561745643798252e-02,6.034336351191926795e-02,1.548028001503088840e-07
-2.349294368557783719e-03,1.265424685744103881e-03,-3.713131615023537867e-07
-3.665329847519456508e-02,1.588557339393490081e-03,-4.614762726306667379e-06
5.411018436648183834e-03,3.927844819023945666e-03,2.755268330856587802e-07
-3.986484776854645924e-03,2.255429088468711291e-03,-3.535087280297116247e-07
1.349473388436463195e-02,5.227033768063986396e-03,5.163548101459990650e-07
4.542870562913313252e-03,5.363247129063246355e-02,1.694110608865186785e-08
-3.060184599774682258e-03,1.858254864245990901e-03,-3.293681155973988202e-07
1.017068462191333608e-02,6.255025780405910896e-03,3.252073045609505332e-07
-2.113814189386522061e-02,2.786307546361407525e-03,-1.517319243485996897e-06
-2.441509194298652381e-03,2.376087479390471754e-02,-2.055110349750554233e-08
1.642741500506667007e-03,6.238027402056002535e-02,5.266973809757070160e-09
5.495035070941062250e-02,5.406859981270970006e-02,2.032659123683195057e-07
1.990250988792001234e-03,2.176306128158417980e-02,1.829056291044433588e-08
-2.352524361487912455e-02,4.598651386197675356e-02,-1.023158342483601529e-07
5.482032627879327574e-02,3.783773253475716802e-03,2.897715348978147714e-06
1.010114065063378187e-03,1.268023921689729466e-02,1.593243589610937747e-08
4.884232332354320610e-02,9.823137238293710993e-02,9.944554009233350137e-08
-1.961243770954354190e-02,7.352154656490477065e-03,-5.335266914119246170e-07
2.077234478142726479e-02,1.217265710834759688e-03,3.413023998774920581e-06
3.927432031095606790e-03,9.362106838571911116e-02,8.390238245344170941e-09
-5.246268971834767286e-03,1.582775763081562329e-02,-6.629341163744104229e-08
3.257941614304373651e-02,5.006986018620772361e-02,1.301385988322669618e-07
2.929763732180708149e-03,1.276825693721436554e-02,4.589233902341844644e-08
-1.867875573314716408e-03,5.723265058664363247e-03,-6.527446053717562317e-08
3.962236274753643678e-02,1.765651845440931265e-03,4.488223807974105820e-06
-1.473459935259393595e-02,4.474209602258335042e-03,-6.586598851522572456e-07
-1.346387613209843685e-03,5.549320584594012035e-03,-4.852544210623695809e-08
1.614968120564821280e-02,1.540290039448353587e-03,2.097010740971618358e-06
-3.298037095445176259e-02,1.251801364639724534e-03,-5.269377632936862557e-06
8.418839677662855181e-02,3.530120454449063756e-03,4.769819258563175087e-06
4.732882033263708516e-02,2.366543146938941342e-02,3.999912223694408409e-07
-5.588013821523200343e-03,4.616859960350796349e-02,-2.420750209714314900e-08
-1.298241960767865981e-03,3.026279784971889347e-03,-8.579970077367397571e-08
-1.810709329215802466e-02,7.015147812891085743e-02,-5.162393687553536673e-08
4.784974172408106886e-03,8.011637823323390639e-02,1.194531200824359657e-08
-1.176219823650703766e-02,7.649728976384616991e-03,-3.075258687281315390e-07
-6.704694043783209455e-03,8.497285882059361570e-03,-1.578112437734120107e-07
-3.035397316859825625e-02,2.316753046385602866e-02,-2.620444773513148793e-07
2.625907982625012849e-03,2.459797630674978933e-03,2.135105467691499679e-07
7.222550414053566931e-03,9.781054743563282958e-03,1.476876229305928507e-07
4.121469188911895676e-03,7.815218207307505008e-03,1.054751513584592627e-07
-1.650338421393081128e-03,7.206320549045208690e-02,-4.580349759255153610e-09
-8.259225977491655574e-03,9.664341602284952717e-03,-1.709252739239100426e-07
6.280771566156346727e-03,3.100996409282506285e-03,4.050894596165184158e-07
7.317855625953542664e-02,4.092714227251485759e-02,3.576116215987883837e-07
-1.095481276574436849e-02,2.642399169816921946e-03,-8.291741287614477837e-07
-5.145982845044024673e-02,1.589154281665621123e-03,-6.476516553267974084e-06
-2.190559786553341898e-03,3.918260551798692475e-03,-1.118152417571106852e-07
6.168370315157474526e-02,3.315515715398421187e-02,3.720990453798025128e-07
-3.479985917189239164e-03,1.715950318152830584e-02,-4.056131113376189942e-08
7.322448161386912145e-03,5.282671142723936730e-02,2.772310936174240164e-08
-1.429938138644081501e-02,1.272746446294212470e-02,-2.247059460612747769e-07
7.382113957442914924e-03,1.638060595767947122e-03,9.013427917619935486e-07
-5.907059106816377018e-03,1.565136951937637355e-02,-7.548456899475690796e-08
9.679856521981677897e-02,2.064016061258921314e-02,9.379831911171678114e-07
-3.475869250214860037e-03,4.735287358695266374e-02,-1.468102237365083964e-08
-1.293552350723962355e-03,1.985008110597266066e-03,-1.303349627249045637e-07
1.908729927222662520e-02,1.966620241190463955e-02,1.941168281135251543e-07
2.459635921480604961e-02,6.205567269185636309e-02,7.927359386844147170e-08
2.498902498811904002e-03,6.799413546995496452e-03,7.350503069462199289e-08
7.582890676343392866e-02,8.765597095630654756e-02,1.730184823126115077e-07
-1.034280652968485540e-03,1.061498733988361972e-03,-1.948758975926937829e-07
-1.074083531018769737e-02,2.338129017737785101e-02,-9.187742054672093395e-08
5.507466984475269806e-02,1.754626268530917049e-02,6.277785659238388341e-07
1.484328747263488103e-03,2.963857297770332994e-02,1.001640824653309953e-08
4.170209796014588688e-03,3.813323255747100293e-02,2.187225146105963358e-08
-6.931888998495512599e-03,1.526452593735206677e-02,-9.082543501607153436e-08
-2.254890603634977092e-02,1.628684300279887101e-02,-2.769030727023986018e-07
-3.465119885395979982e-02,1.528997228367780454e-03,-4.532635279908651406e-06
-1.481297470511880234e-03,3.367100475458880554e-02,-8.798839854587481783e-09
-9.800977963911366303e-03,1.119815985259568075e-03,-1.750499367493741796e-06
2.903188923089425333e-03,7.182308776280262388e-03,8.084449160069452437e-08
-1.995561509971453124e-02,1.593557697442037936e-03,-2.504589378228156295e-06
-4.535902879528361936e-02,1.646997240286377645e-02,-5.508204856103540126e-07
8.085868302462276974e-03,4.019427433415233286e-03,4.023478448039725589e-07
-2.066362777248410137e-02,1.263528887357688287e-03,-3.270849809838254124e-06
1.712949152187433557e-02,1.170386064220708218e-03,2.927214431038124156e-06
3.025621370464285156e-03,3.292194960426162668e-03,1.838096217606185180e-07
3.395621428945114900e-02,1.225390201221103611e-03,5.542223947936985944e-06
-1.625781566452153817e-03,1.239009277593521724e-02,-2.624380758302841591e-08
-2.130694584251142248e-02,8.498247273633313670e-02,-5.014539383284676624e-08
1.128043836621980692e-03,6.251821028359040577e-02,3.608765383423941507e-09
2.417399215141126725e-02,3.095517581530137646e-02,1.561903902101417104e-07
-6.260324451913955313e-02,9.038230552814271318e-03,-1.385328071458405306e-06
5.484353795126374609e-02,8.652827567235326506e-03,1.267671195500895225e-06
3.293937212880577135e-03,9.268413012167837570e-03,7.108028271932605692e-08
-3.084083175812729876e-03,7.815185357379576120e-03,-7.892707483289954711e-08
-3.360393110936848397e-03,2.743578223160738575e-03,-2.449694611016805939e-07
2.819166124969116685e-02,8.407112050634772682e-02,6.706764249682586541e-08
2.008662750034038644e-02,1.916418262216253512e-02,2.096312061810930888e-07
-2.180701307558046038e-03,2.916990230904425302e-02,-1.495203887286782539e-08
4.457913372677241304e-02,1.687601810703586239e-03,5.283246212429975954e-06
2.311369067506493027e-02,8.676716593680914441e-03,5.327863536919624438e-07
-1.704035296405430680e-02,2.276440804655919734e-02,-1.497136617988732488e-07
-1.815265352138381236e-02,4.753308186040069126e-03,-7.638065060565014250e-07
-3.644920984838913303e-02,1.693414197124220233e-03,-4.304910529034755072e-06
-2.017101684363812458e-03,2.384993156492291964e-03,-1.691530616875017451e-07
1.596162995084876232e-02,5.235103115355453120e-03,6.098053157338021962e-07
1.727497350199002539e-03,3.671024327478937792e-03,9.411727305776296778e-08
5.261391606026302736e-03,2.587245454503042663e-02,4.067262505312816223e-08
1.134365442059541993e-03,1.558549727453035962e-03,1.455698827030887717e-07
-3.232971948492013078e-03,4.955905965032798496e-03,-1.304722305670885507e-07
-1.228826838114793936e-02,5.220184841817063215e-02,-4.708081963144076310e-08
-7.755396139580443549e-02,1.634364551664158061e-02,-9.490612905062467346e-07
1.933686942882997112e-02,7.772404584114107895e-03,4.975880863531306722e-07
-1.316512968055300568e-03,1.110244363007721136e-03,-2.371623651101538193e-07
6.703447971139700479e-02,5.896410742500315938e-02,2.273786702590359976e-07
4.841303240030313260e-03,8.493237731057447226e-02,1.140061326588017100e-08
2.819499465010721559e-02,5.124099344427282543e-02,1.100509215299552180e-07
-3.180855727538614564e-02,1.888618013463586043e-02,-3.368519393053867655e-07
-2.560649695010848090e-02,2.867322681860280664e-02,-1.786128941547393391e-07
1.501663938634154212e-03,5.783341534493871040e-03,5.193176934433764084e-08
-3.429228555179554550e-02,1.413731804448165952e-03,-4.851417061894278533e-06
3.029888466439967058e-03,7.383851310563278869e-02,8.206971162457184718e-09
1.242242684467186227e-03,3.967253944547670559e-03,6.262614156819616266e-08
9.582562566945819482e-03,4.068464400649707963e-02,4.710753196142451525e-08
-5.067661296877955593e-03,4.914539830154444205e-02,-2.062357401104586528e-08
-7.263134002968736624e-02,8.462091119851453125e-03,-1.716665058573888220e-06
2.676256724289487188e-02,7.322335980240421947e-03,7.309999164899981647e-07
-5.942927672360337303e-03,8.779479066627959849e-02,-1.353851109627675021e-08
-2.704545238334246302e-02,1.134660306486568425e-02,-4.767246362094296162e-07
-2.195169199477061892e-03,2.585429646301511640e-03,-1.698143879626269930e-07
-7.254018818742580255e-02,1.386408911805585027e-03,-1.046469426819686052e-05
2.576834915181714508e-02,1.250567867780641787e-03,4.121151107920107558e-06
7.094921468035467194e-02,2.424411272567443456e-03,5.853026712965745494e-06
6.108502718770472857e-03,4.774464849248579411e-03,2.558876225814470902e-07
2.635771624847395647e-02,1.487599610757772868e-02,3.543732490557701807e-07
4.915185669681979008e-03,1.194858602616906710e-03,8.227400168494941859e-07
1.845217006583590308e-02,6.207801139253571118e-03,5.944958955042580048e-07
-7.702332240936292720e-03,4.509291531496345540e-02,-3.416277512653666115e-08
-3.123571195983456360e-03,3.812890419293699096e-02,-1.638461698079924984e-08
1.019034659870707293e-02,3.242542512205947094e-03,6.285538416562324864e-07
-2.583455711642717104e-03,1.210397971430286768e-02,-4.268861275056737057e-08
8.149730013752674862e-02,7.694300945616057430e-02,2.118425819182147261e-07
6.056549165358766917e-02,1.309225252028214936e-02,9.252308007338920805e-07
-4.033822328258401639e-03,2.840326492137456443e-03,-2.840453664646343423e-07
8.072895357357622037e-02,6.379410917421198327e-03,2.530975574424967555e-06
-9.431884529223026267e-03,1.568409404782983643e-02,-1.202757975895217122e-07
9.052926278078380837e-03,1.244957936359746171e-02,1.454365332525521449e-07
-2.847310714313116935e-03,1.949266604313956361e-02,-2.921479398744124538e-08
-4.709657223225800597e-03,1.282385767228712238e-03,-7.345304741098009066e-07
1.819677062690591013e-03,6.192784499912488798e-03,5.876889993691592051e-08
-1.112834426274337705e-03,6.298806086432432935e-03,-3.533552286809840459e-08
-2.806619410110001728e-03,7.943304575108856014e-02,-7.066779121121239268e-09
5.877497537299321978e-03,8.146149753917110437e-02,1.443043006253037489e-08
-1.683994269823013614e-03,8.966760947222105274e-03,-3.756161231177280136e-08
-2.634314269735251075e-03,2.888155786557313615e-02,-1.824257654678098676e-08
-4.811889950717412878e-02,1.002158525189898383e-02,-9.603255179986874872e-07
-1.446801611190477298e-03,1.802194500270317551e-02,-1.605633910882771009e-08
6.958774454706381785e-02,2.011228601470170865e-03,6.920070711314290924e-06
8.372984132812558156e-02,9.663198054918673355e-03,1.733000130842869795e-06
-1.318170013355985173e-02,8.639836129992367261e-03,-3.051442077195880051e-07
-3.291449306802952252e-02,3.099488109040259703e-02,-2.123911440646318485e-07
1.094546586164484372e-02,1.178457135364826061e-03,1.857631935268148737e-06
3.141647142731713443e-02,4.362053948366420575e-02,1.440474520889196307e-07
-2.692063966676765292e-03,3.509274516670611837e-03,-1.534289244085748183e-07
-3.763018527485215148e-03,6.764986485119857222e-03,-1.112522060378030428e-07
-5.329232035513557786e-02,5.878258227861715528e-03,-1.813239526592908958e-06
1.986965658804761004e-03,3.523933862676454070e-03,1.127721396159295634e-07
1.087072862755615252e-02,9.013026040300944897e-02,2.412277336582119247e-08
1.189878151284979105e-02,1.283248686131978561e-03,1.854517218248998655e-06
1.305231540254035011e-02,1.111562536524854199e-02,2.348512449645994277e-07
-5.706468818507452051e-02,3.208073667989340405e-02,-3.557642659706495877e-07
8.239509889963600453e-02,8.471872444936573779e-03,1.945186197294150652e-06
7.614817711038639192e-02,2.734640229991482877e-03,5.569273178013752520e-06
4.094207129983273158e-03,2.007548037400492050e-03,4.078900133962066251e-07
-1.208129937680843535e-02,1.401652124762507159e-03,-1.723902163861939492e-06
-1.283896387924886957e-03,4.367399568309682407e-03,-5.879579382680717299e-08
2.393061129245193167e-02,1.277724917042444459e-02,3.745895318647461141e-07
1.003008522393644296e-03,9.085115414907087364e-03,2.208072772106263746e-08
-3.058235090682460099e-03,5.372473128501965151e-02,-1.138507309793885039e-08
4.426585429052413631e-03,5.757359048821950737e-02,1.537746488113918382e-08
-4.654698419268996773e-03,3.808373825781009858e-02,-2.444506432995711732e-08
-3.190856824270212055e-02,7.503209025448948077e-02,-8.505492783876801286e-08
-6.355458036589854698e-02,5.760524852891771991e-02,-2.206602007833691332e-07
-2.295764200116552287e-02,8.426174315468701326e-02,-5.449241408064141652e-08
8.829503835596372308e-02,1.205774056484915265e-02,1.464568106453765558e-06
-5.683660641381951990e-03,1.602901574559591202e-03,-7.091865523898011203e-07
-3.400642784079014463e-02,4.325172114949450523e-03,-1.572522355484490638e-06
-5.505727335282644547e-02,6.679080360746583733e-02,-1.648683300538214763e-07
-1.177510132079786012e-02,2.981728089541292245e-03,-7.898339989009083949e-07
2.956493452104651167e-03,2.120383310415327981e-03,2.788699715674777788e-07
-2.760746469804431155e-02,9.903201657305711961e-03,-5.575580763360892598e-07
-1.712916017029425184e-02,2.285844580474281906e-02,-1.498747874030940910e-07
3.215675261123560145e-03,1.694977656645084083e-03,3.794437598403779075e-07
-1.805340878823353395e-02,3.348940823905604408e-02,-1.078179203506332663e-07
-1.292941052314096556e-03,5.582565730465055553e-02,-4.632165715787272642e-09
-2.266605744709804336e-03,1.475441894357706375e-02,-3.072508425172657746e-08
1.345250786617901637e-02,1.359237688487387880e-03,1.979461479725824633e-06
-2.357775678475575089e-03,1.913120909145052742e-02,-2.464899821117047263e-08
-9.273644987311574495e-02,4.149907395886107825e-02,-4.469421036212181549e-07
7.040636393510633917e-02,4.623385870475158616e-02,3.045727067549535333e-07
3.002923584236031826e-02,1.412813044053098238e-02,4.251075253191576683e-07
-2.757955838462651174e-03,3.614006705541760334e-03,-1.526291768103239286e-07
-1.268936359096154223e-02,2.670650045689862070e-02,-9.503029262588055758e-08
-3.570677861856687112e-03,1.128584597234253556e-02,-6.327843946260899981e-08
5.486567240185655919e-02,2.466639628817038007e-03,4.448711162525190825e-06
1.665232581176381843e-02,6.283202627511880189e-02,5.300697762107497275e-08
5.091955329133074533e-03,1.041321358153633053e-02,9.780003653239287154e-08
1.144819919257208940e-02,5.875744131216727173e-02,3.896848393873389255e-08
-5.451688982402173866e-02,3.051413451624295902e-03,-3.573297892341434036e-06
3.669842484182199091e-03,2.595758787360559483e-02,2.827628167513056012e-08
1.925723090254742110e-03,1.251298439379142742e-03,3.078025001098728320e-07
-1.352779032901471395e-03,3.522424544777878752e-03,-7.681116866279401615e-08
-1.634450705452487884e-02,6.691420284546668873e-02,-4.885316740330413444e-08
-6.666124192951459332e-03,4.790595913906638657e-03,-2.783063201124781935e-07
9.123937793399877760e-02,7.886430973705057385e-03,2.313880985597363995e-06
-5.055176017394647121e-03,1.833681145511432964e-02,-5.513808400021315529e-08
1.890611411175805931e-02,1.863555958412984118e-02,2.029079414216856158e-07
7.817692818029421675e-02,1.012055824935087891e-03,1.544946130463512678e-05
3.462098904092778678e-02,7.391246619482609581e-02,9.368304219693396844e-08
2.226514404464068324e-03,5.393831272252393172e-02,8.255955822698885287e-09
3.589262481822624168e-02,1.956242846091232890e-02,3.669624788246080552e-07
-1.739199562081358971e-03,5.734020290529157765e-02,-6.066377051878158853e-09
-5.305671444642745017e-03,5.858474154933387967e-03,-1.811319416000460622e-07
-2.961259294638429913e-03,6.477469162404706458e-03,-9.143454138712987094e-08
4.719340089437943850e-03,1.173762152949386732e-03,8.041561380598762185e-07
1.051471441572186631e-02,1.727745800783912072e-02,1.217185706008183711e-07
2.697392822500743748e-02,4.920037249723023011e-03,1.096516105341049856e-06
-4.152825790009062254e-03,3.552266011719931033e-02,-2.338177303800309697e-08
-2.013217889789743753e-02,1.518859172922944721e-02,-2.651016804655643184e-07
2.356203794619261827e-02,2.325269476066524777e-03,2.026650072531868666e-06
-8.296621985688508796e-03,1.892053541800344700e-03,-8.770151368864610461e-07
-1.286120750741368696e-02,5.372093498308120468e-02,-4.788256322398291643e-08
1.564367541240565054e-02,2.778438437380435777e-02,1.126100693626336506e-07
-2.867071182318806088e-02,4.679260068165305708e-02,-1.225463837869199494e-07
5.192754005900118014e-03,3.471693153055806225e-02,2.991545582812766453e-08
-4.800204462151205949e-03,1.870032979035751719e-02,-5.133926878794058049e-08
3.912533782199165838e-03,6.569485996887493469e-03,1.191148525051666355e-07
-7.097400513115011654e-03,2.310037911632522450e-02,-6.144965009190913498e-08
-7.791042615886029088e-02,3.497090493818998287e-03,-4.455822861339203232e-06
8.311015681451008885e-02,3.025033819441162383e-03,5.494941529229159559e-06
9.051393723982965184e-03,7.026699418669068997e-03,2.576340665666333745e-07
-7.361402086820531196e-03,3.744727654012378320e-03,-3.931692193667703934e-07
-7.354235484706141308e-03,1.736645060545641836e-03,-8.469654111010626735e-07
-9.985616891581963750e-02,1.587889018495414195e-02,-1.257748948142713767e-06
6.114238577591066953e-02,7.918373137482227764e-02,1.544349621114869668e-07
-2.372621582820232285e-03,3.608156810427268647e-03,-1.315171173145047626e-07
-3.636989899686320429e-03,6.985564371623603080e-03,-1.041309436640550499e-07
-6.484647202436837066e-02,6.464624876080084237e-02,-2.006236984788214783e-07
2.376819802388632167e-03,1.375119315305388910e-02,3.456965798966691408e-08
-6.417768320397490567e-02,8.837583953551096660e-02,-1.452411539758948182e-07
-5.631116796281120281e-03,1.348824630302800391e-03,-8.349841960472587249e-07
-2.739912217890455928e-02,3.468849653454866150e-02,-1.579757333220454955e-07
6.135729883375917043e-03,8.250207990165885075e-02,1.487443721745354247e-08
1.375332595568485444e-02,6.304378183791950474e-02,4.363195639755136924e-08
-9.421109898647165790e-03,8.863773789889717314e-02,-2.125801034536761651e-08
5.947202696927998342e-03,1.034576303343368031e-02,1.149712947065710208e-07
-1.411030752081777031e-03,3.879427409698260609e-02,-7.274582225129251318e-09
8.471458675747001177e-03,4.134235943110294020e-02,4.098284904486328397e-08
1.383896761907941857e-02,1.698788085447045654e-02,1.629309894517119288e-07
-3.320319861845059950e-02,1.690067831529492096e-02,-3.929298260093800588e-07
3.648805627598637052e-02,9.058620387609613023e-02,8.056156175311397315e-08
-6.459280898067136512e-02,2.010672799709888395e-02,-6.425130849793484052e-07
1.213038040204902218e-02,1.092909454639991651e-03,2.219879729136108632e-06
2.372641323632772477e-03,7.586227068709658350e-02,6.255261363446981581e-09
-1.503974896479793114e-03,4.914850143279253514e-02,-6.120254966342536805e-09
2.152638107455703137e-02,3.258817378713936563e-02,1.321144157923139415e-07
3.182320955962075759e-03,9.766859508715183824e-03,6.516707768503763656e-08
-2.682944654729065275e-03,2.239518062947735370e-03,-2.396052625546754273e-07
1.083836380336323981e-03,1.498792169151263662e-02,1.446310427538371414e-08
-1.088880814105263857e-03,2.920521786054387781e-02,-7.456913469729541303e-09
-1.755961276341296094e-03,3.017950347720762747e-02,-1.163702727197967598e-08
3.552142641747145502e-02,7.593463454544430689e-03,9.355988907295688371e-07
-5.196450421394749851e-03,8.329323181188134917e-02,-1.247775008681363332e-08
7.778823518209382337e-02,6.587076381245023267e-03,2.361894132740517379e-06
-1.056418203616883060e-03,5.968751270593964341e-03,-3.539904965880330439e-08
-1.989738225963196081e-03,4.504280242997035083e-02,-8.835064988955896637e-09
1.026859335710359443e-02,3.642183568356154033e-02,5.638821322102123707e-08
-6.697592230104056077e-03,4.148676751563597394e-03,-3.228853297320790336e-07
-2.567738050001203143e-02,2.057371159342603895e-03,-2.496187921276453809e-06
6.911826219540281868e-02,2.624691808342352606e-02,5.266883385210905593e-07
-5.818068796448958718e-02,2.504409627841550773e-02,-4.646358286569541122e-07
-1.462489051961943405e-03,5.670087525405397878e-03,-5.158721338294556981e-08
4.640641773683796406e-02,1.829425220116776343e-02,5.073440732522157002e-07
3.710973712705341581e-03,2.998323485996986799e-03,2.475418312911249888e-07
1.090636633700440509e-03,1.417647149618267606e-03,1.538690032125393573e-07
3.951793914035956617e-02,3.025456257451437925e-02,2.612417702413494292e-07
2.184409073383990207e-02,3.896775183820340438e-02,1.121160604676788413e-07
-4.738978254481860525e-03,5.561621090557100112e-03,-1.704207713557727151e-07
-1.108092744653264589e-03,9.079708973200217859e-02,-2.440862925474460757e-09
-3.424784284024156352e-03,7.415688653003452147e-02,-9.236787285300928008e-09
1.105558842364838361e-02,5.323140390937686380e-03,4.153872387742588962e-07
1.676504498059768009e-03,8.893683085363920243e-03,3.770181701384653389e-08
2.920776156183883115e-02,2.587315729481729117e-03,2.257813440063537904e-06
1.015348147479977134e-03,1.223358523256839895e-03,1.659970755090588949e-07
-5.747551198596059091e-02,9.687650052924327848e-02,-1.186598006434704631e-07
-4.251827409713783423e-03,3.726558856558567171e-03,-2.281953816534945135e-07
1.933566870156878253e-03,7.055055615635009991e-02,5.481481626105054236e-09
6.358037847546764432e-02,3.502310636273738703e-02,3.630844536240191243e-07
8.071623885655593300e-02,1.015575153615417073e-02,1.589600745586918707e-06
3.362514310879918811e-02,6.762973322423565525e-02,9.944104401182204976e-08
-1.784004905706735580e-03,7.221226405921003788e-02,-4.941107366140078490e-09
-1.661572247800548532e-02,9.486063736352958950e-03,-3.503260236249041292e-07
1.227521691023877523e-03,2.954573630857880787e-02,8.309474621343310454e-09
6.496887830568441949e-03,5.869942201141777234e-03,2.213659155319123994e-07
-2.423024514244704296e-03,1.136377865730880043e-03,-4.264560207147099205e-07
5.077964279823346701e-03,4.162883698461746808e-03,2.439689583087555916e-07
-8.550016619377714955e-02,1.176017394245159860e-03,-1.454093796659364628e-05
-1.732200465035266083e-03,1.346894676361936466e-03,-2.572194010650124992e-07
4.978602281850119660e-02,2.614368856661623483e-02,3.808726438100901882e-07
-2.090794011038118322e-03,1.025865193228485753e-02,-4.076243889185176864e-08
3.303441011323396924e-03,1.122006479661078610e-02,5.888577555031911877e-08
-2.396097196522513784e-03,3.153626431578952782e-03,-1.519614371772745365e-07
3.336036085489517931e-03,6.935582068899871951e-03,9.620264943364743952e-08
1.961273760270581396e-02,6.276304940511423514e-02,6.249904626544914479e-08
-1.884644417712737566e-02,6.397943599564104647e-03,-5.891531761291288871e-07
-3.544195622313311977e-02,6.403085254260916515e-02,-1.107050949247695891e-07
-1.101319325576587951e-03,3.542573006730181332e-03,-6.217755769534226072e-08
5.187922153834584327e-02,2.124248396771491552e-03,4.884581494118392119e-06
-2.143226213501084679e-03,2.300560675090065552e-02,-1.863260291643949632e-08
-3.097374627760096904e-03,1.305327915647423384e-02,-4.745842472898652153e-08
3.303237695995872580e-03,2.737618210998740004e-02,2.413271327210219700e-08
6.896299178885281420e-03,7.720449331717529895e-02,1.786539920667653838e-08
2.923899192924432969e-02,6.236670737056820672e-03,9.376673357055906466e-07
-1.908079583313974405e-03,8.066634680603264329e-03,-4.730894938139875023e-08
1.831832856863860673e-02,3.523717191649897336e-03,1.039738217018757554e-06
-9.027533208486174243e-02,1.183394546304096691e-02,-1.525733701480477556e-06
8.119902370441021630e-03,9.015947688492940981e-02,1.801269238995524319e-08
1.120232119424324248e-03,1.517378205689109841e-03,1.476567777788583044e-07
2.576569153753310339e-03,5.158613085431971307e-02,9.989599015003643496e-09
1.839320073666514919e-03,1.194066388723577163e-02,3.080832201726205871e-08
8.863133096685728296e-02,6.139505881759473038e-02,2.887307636393721069e-07
8.715310275186049713e-03,1.554713276433002458e-02,1.121170737129499982e-07
2.285189859529233782e-03,1.719098092697296867e-02,2.658647978705236493e-08
7.873613355988894058e-02,1.673334500543961767e-02,9.410886316346747219e-07
1.969303534919000093e-02,4.395080655732682556e-02,8.961588937753460940e-08
2.439419229988055646e-02,1.755873582888124512e-03,2.778640786595845218e-06
5.450067754505443646e-03,3.307124468135810760e-03,3.296025545999776698e-07
2.692386662425438199e-02,2.489804227614085541e-02,2.162775486898421091e-07
-1.378466068689633041e-02,3.834175894160007318e-03,-7.190568965992255684e-07
-8.969849840836870841e-03,4.206077987328932233e-02,-4.265275224554978761e-08
-4.996717725371334351e-02,1.869366842702007260e-03,-5.346006578606424000e-06
-5.288719075992696396e-03,4.523990789137460194e-02,-2.338126451064661122e-08
-1.066707466414672061e-02,7.015763827501004732e-03,-3.040952119921177486e-07
2.211815704970438931e-02,9.251118757099208861e-03,4.781827326450999436e-07
-6.543768951733092663e-03,1.014754688187420335e-03,-1.289751668889842555e-06
1.142146049303101318e-02,6.101622765309177264e-03,3.743824622678217911e-07
-2.476714549487828848e-02,1.847914151147394927e-03,-2.680608388498435422e-06
2.792257440936053367e-02,3.141863144524763632e-03,1.777490962481733643e-06
7.850468643133250157e-02,1.265915875089330261e-02,1.240309143377728025e-06
-4.029873116821598190e-03,2.742279386058038906e-02,-2.939130580180983460e-08
3.546679367113124252e-03,1.928700184730989392e-02,3.677870339814666154e-08
3.616624891621419285e-02,1.710700151689712335e-03,4.228329092717900974e-06
2.066411111465290325e-03,1.447973478093051054e-02,2.854271817786572452e-08
7.707096805954130603e-02,1.879068792535774565e-02,8.203276351805922797e-07
-3.935078246986189326e-02,2.099155976773729379e-02,-3.749279962354297035e-07
-1.711405401546805052e-02,7.127253612509036607e-02,-4.802527868925057228e-08
5.347064859798326963e-02,2.602205110202506638e-02,4.109728525812614337e-07
-7.729297477935762051e-02,5.268184477401497215e-03,-2.934392852295823427e-06
-3.650155686873489923e-03,5.672181034442397990e-02,-1.287065097013178475e-08
-1.728075914982720156e-03,7.352556704898260964e-03,-4.700711987873624585e-08
2.088599722699950676e-03,1.538113168911475238e-02,2.715852214054949219e-08
3.899656334148929922e-03,1.222425519078610898e-03,6.380329918984705055e-07
2.258933146776797175e-03,1.884951504092207200e-02,2.396858550513696331e-08
9.931494549344065115e-02,1.313412744014124701e-02,1.512350975554697581e-06
1.043130594632990385e-03,1.639256311753759486e-03,1.272714602120360136e-07
1.087508439417440419e-03,3.354921935140715589e-03,6.483200083212123112e-08
3.818093782422520011e-02,8.119623365092260014e-02,9.404807595083933987e-08
-5.232177320645236412e-02,3.279120117410508784e-03,-3.191275782606181112e-06
-1.804389547378630609e-02,1.521633906891742575e-03,-2.371697706336006990e-06
1.669887857652107427e-02,2.131114941017355977e-03,1.567182744029491870e-06
-1.820495963892709889e-03,7.048899116490672107e-03,-5.165443714027292185e-08
-8.668703746503513344e-03,9.519377537981944803e-02,-1.821313966988640930e-08
-8.962813883125860664e-03,2.873512784051898000e-02,-6.238360280651693625e-08
-2.515606079341466215e-03,1.910215037303337332e-02,-2.633901831069602701e-08
-4.647111102760159013e-02,3.133954014718282749e-02,-2.965716573316219124e-07
-1.250384696697391836e-02,2.558597146259645148e-03,-9.774193820341713819e-07
4.566796821800602098e-03,8.738075362692954151e-02,1.045285948341214607e-08
1.887176227547272128e-02,1.245097597044287187e-03,3.031435068560571958e-06
6.539772970271304220e-02,1.049872916093476903e-02,1.245848253924817483e-06
-3.192326697406595165e-02,4.571023993582782469e-03,-1.396796175164235145e-06
3.398033633886581029e-02,1.799069740933444085e-03,3.777625334007683271e-06
1.333228254274657944e-02,1.734823718353153792e-03,1.537051311435488815e-06
4.965189328289646570e-02,2.902484527778321707e-02,3.421409903171482034e-07
-5.759092667033134660e-02,1.647906863281822527e-03,-6.989733414559938381e-06
2.429505431140656369e-02,4.610109090713489927e-02,1.054012787900118088e-07
1.578467938819904043e-03,1.299386981194229282e-02,2.429609416284555314e-08
4.507359038021650777e-03,3.145490475604008351e-02,2.865978890368043136e-08
-1.392717235671947799e-03,1.220652203082084677e-02,-2.281971515730952000e-08
-1.649307880676844197e-03,3.009260058888964164e-03,-1.096178352647161723e-07
-2.481856259943972243e-02,5.754424672785527113e-03,-8.626088785761612598e-07
-6.821948479310882205e-03,1.081831904932415139e-03,-1.261211313965121570e-06
-8.447725281138439291e-02,1.572296204121758148e-02,-1.074594527215905098e-06
9.278628963716885336e-02,2.659593467509378459e-03,6.977627146581446524e-06
-7.603705181540121316e-02,1.173037760683311517e-03,-1.296440188344722585e-05
-2.364204829665508996e-03,7.020559940059653559e-02,-6.735231950496625918e-09
1.311734868572314930e-03,1.834968306222373516e-02,1.429738802155735595e-08
-3.853535758713099585e-02,4.870316182646059616e-02,-1.582491714400537477e-07
-2.480378470910744523e-03,3.410619739294763753e-02,-1.454533941712873620e-08
5.568783699592930354e-03,1.119036687778740546e-03,9.953028152849295678e-07
-8.893232379350932137e-02,3.292508931126415794e-02,-5.402215280342524110e-07
6.282381703117709271e-02,1.282125972241019308e-03,9.800152411982871676e-06
-1.854532045977199534e-02,1.097027143118436358e-03,-3.381085686568778466e-06
-3.336968110320141095e-03,1.027838556387425818e-03,-6.493313324017619340e-07
-6.037693404442713921e-03,1.582553989546846979e-02,-7.630477721908143791e-08
6.861049096512049361e-03,1.257089328105143611e-03,1.091600172681542240e-06
1.137875162908351910e-02,2.484574277255064204e-03,9.159712476924635026e-07
-1.038818640623570197e-03,7.092841141273174832e-02,-2.929265314489264851e-09
-3.493873411368343240e-03,7.203898580599063864e-03,-9.700157454782278109e-08
-3.229762818632765913e-03,1.225931387800234616e-03,-5.269187758630832813e-07
1.367572655889410333e-03,8.898665959897831407e-03,3.073722897384606054e-08
-2.157368592901729235e-03,5.657838475254447878e-03,-7.626284723544456051e-08
-7.067757603645336006e-02,3.844741629872529612e-03,-3.676661898552807105e-06
-9.630482400997558701e-02,2.111230466871562295e-02,-9.123292640059192725e-07
-2.280974548509508062e-03,1.911156891987189632e-02,-2.387059841919148043e-08
1.641340251810485124e-02,3.829383086794362068e-02,8.572529997317699245e-08
-5.538116180857384496e-02,3.157200759856127869e-03,-3.508318970340785847e-06
-4.337520121729989027e-03,1.587206873581033543e-03,-5.465717424270128894e-07
-4.488561781896965863e-03,9.525952121337229184e-03,-9.424059536363217390e-08
1.257971764092955663e-02,1.651949243639307119e-02,1.523047338128136340e-07
9.425759499362636185e-02,2.987699514984202328e-03,6.309844345655215089e-06
6.454146904881581659e-02,1.472268992824381402e-02,8.767805131390938759e-07
-2.231506813368604528e-02,1.048189034816442503e-02,-4.257923095214177208e-07
8.324139934874512370e-02,9.935682834692215193e-02,1.675640547551304960e-07
-7.230298375123045407e-02,9.986115906109740981e-02,-1.448100906811130299e-07
-9.046456423875944008e-02,3.938333853084267228e-02,-4.594150044918140663e-07
-3.909102740267998179e-03,6.692677502404233147e-02,-1.168197828642653493e-08
1.114268458087971057e-03,1.393388357240806300e-02,1.599399175380164666e-08
-4.048120615585600046e-02,4.645630897580350221e-02,-1.742801602871004353e-07
3.927822940172717714e-02,5.826895583798965238e-03,1.348198608874915891e-06
2.933282469456406638e-03,1.914613247383386771e-02,3.064164208025211249e-08
-7.980185871355582883e-02,2.320584804171280796e-02,-6.877882798023367629e-07
4.398751644669679495e-02,3.816667181310073875e-02,2.305071280930964401e-07
-4.380962093769895892e-03,4.898649250673621329e-03,-1.788678797685873948e-07
5.475128562496114903e-02,2.123805368130152887e-02,5.156070125020865184e-07
4.951130982342311082e-02,1.356347594933243446e-03,7.300836493394098778e-06
-2.174434861710182812e-02,2.203469227760413828e-03,-1.973688545355082249e-06
-1.949649418765616801e-02,1.809851048777552651e-03,-2.154531752757474737e-06
6.969229566786647179e-02,1.056921847753455272e-03,1.318806573649947691e-05
5.935236628084381016e-02,3.371469611536440786e-02,3.520934912431052679e-07
5.294567932958812312e-02,1.271018612136803720e-02,8.331396872879342232e-07
-1.246285359598831152e-03,1.831922007555644195e-03,-1.360660324608442156e-07
1.021539943794120891e-03,2.346006767752895419e-03,8.708940038022144493e-08
3.266632867252344807e-03,8.884217937673091758e-03,7.353944228768365917e-08
5.127588445545196855e-02,1.406199815293734121e-03,7.292985193126984068e-06
3.338156307329207765e-03,1.151698309167454443e-02,5.797051349657519982e-08
4.045281049563084069e-03,7.412509072404871446e-02,1.091497311248509375e-08
-3.011815931541153221e-02,1.006690153659066779e-03,-5.983727583842868709e-06
1.541991689512189380e-02,9.856207137624884221e-03,3.129042192098514144e-07
1.197006169374146591e-02,1.133515551365834803e-02,2.112069057570828056e-07
3.160062131743009151e-02,1.388033215363383265e-03,4.553391273852726171e-06
-4.747409783469083711e-02,9.419329999044592436e-03,-1.008035707323342926e-06
1.631077504950853357e-03,1.000233396349324783e-03,3.261462995598668747e-07
-1.952293826794530840e-02,4.833766869471868392e-03,-8.077904015729649895e-07
2.758825696604459785e-03,1.121458667806044061e-03,4.920171020230914984e-07
5.575906398310723211e-03,1.616420963219894176e-03,6.899223414510656858e-07
2.634734606975190283e-02,4.197175174831237199e-03,1.255506566760058315e-06
-1.563774423829585990e-03,2.464976079326954353e-02,-1.268821721142586791e-08
-3.903331477191120287e-03,7.203978222225476680e-02,-1.083682975474079462e-08
-1.704245378090152654e-02,5.698751826424751366e-02,-5.981244952291276650e-08
-2.388358884159142576e-02,4.258892426950085762e-03,-1.121610648199019355e-06
-1.476267782577170024e-03,4.056378787077986880e-02,-7.278901580730683963e-09
3.027733400129886676e-02,9.043736325637694029e-03,6.695899830858420183e-07
1.077866091916625940e-02,2.785714773790028912e-03,7.738688587602836647e-07
-2.188292134114187479e-02,2.163500191039138560e-03,-2.022961276227346687e-06
1.554989126059254032e-02,1.180379596067494688e-03,2.634783110151218348e-06
-1.795372269802346203e-03,2.002524455641931621e-03,-1.793146994548051904e-07
2.919468915840537672e-03,1.026744575390524383e-02,5.686966195408191097e-08
4.895731050677198069e-03,1.265763527735664674e-02,7.735781281858522979e-08
-4.053149353181029375e-03,4.353627510945866363e-02,-1.862003729718801369e-08
9.085194952564819293e-02,8.740719905512069066e-02,2.078864846986971444e-07
-4.432112472861098745e-02,6.612958077888215352e-03,-1.340461088038908673e-06
-3.112735453705289639e-03,3.318695458564155376e-03,-1.875918729046083860e-07
-9.974023204828566525e-02,4.827230380870407844e-02,-4.132487573304552025e-07
-4.498234034887698546e-02,1.625039574603416711e-03,-5.536270654657645167e-06
-8.069542832402980606e-03,4.767229588292063065e-03,-3.385494178570379683e-07
-1.131799806517825788e-03,1.225903828066638454e-03,-1.846513224255860203e-07
-1.262568248692465429e-03,5.196390091669250699e-03,-4.859508269987420661e-08
-5.144389276804817862e-03,1.083057755473554274e-03,-9.499952107650076515e-07
-3.094488080272221001e-03,1.080973928872488088e-03,-5.725491873940422059e-07
-2.755582295517769887e-03,8.825215601769388629e-02,-6.244925616145688855e-09
-2.388875000832374126e-02,2.379590080654287940e-02,-2.007846389043038009e-07
1.074467742243345736e-02,1.352521475797696313e-02,1.588870201143329887e-07
1.721708291092672108e-02,7.304151367214219148e-02,4.714428074355879865e-08
-2.124662553773759305e-03,8.290228782156691678e-02,-5.125811794883333141e-09
-5.358443518453831489e-02,3.189719677089937651e-03,-3.359892233930792117e-06
2.236407838067613896e-02,3.478978457844061900e-02,1.285696537366154836e-07
-8.484313053360665116e-03,4.300961717561271186e-02,-3.945393419459680924e-08
4.195189154555126892e-02,3.238486722138142308e-03,2.590887970818512318e-06
7.214453236450101004e-02,3.252643975826591261e-02,4.436148762917746260e-07
-6.281700112281667081e-02,3.886112369756100637e-02,-3.232965373444237939e-07
-2.059316147067549816e-03,2.312865593604334843e-02,-1.780786429185478341e-08
-3.559250649579787096e-02,1.014145148320635612e-02,-7.019362380110299136e-07
-1.594660655239189427e-03,8.403786765171172846e-02,-3.795180736793136681e-09
-1.881959540414726920e-02,1.125219453775523669e-03,-3.345124287751501679e-06
-2.557055013080445499e-02,2.390756902923540927e-02,-2.139162917068263278e-07
-4.136150340218600063e-02,2.441480472367140407e-03,-3.388303225132591121e-06
5.024409219247912006e-02,3.595719922007903878e-03,2.794720339586495234e-06
-8.636653599153130967e-02,8.163007641946927809e-03,-2.116091809562581697e-06
1.240689007223433685e-02,1.515610963155141931e-03,1.637247757903193233e-06
-5.067532661772390645e-02,2.188837085736107524e-02,-4.630440694797190544e-07
3.620137574654351282e-03,3.376126474272717060e-02,2.144596415618407497e-08
-3.091093664253896298e-03,1.963380577984391064e-03,-3.148813092569788459e-07
3.052320027030883034e-03,2.158221373803587573e-03,2.828611385429494743e-07
-2.936875391524652532e-02,3.485875797282324186e-03,-1.685050105913258564e-06
6.130200236225049649e-03,7.027880358777530145e-02,1.744574455348098445e-08
-1.581641962430635137e-03,1.524911053185925387e-03,-2.074449536042756643e-07
-5.844756922790779984e-03,2.515196717103507229e-02,-4.647653097165441888e-08
-1.196973456732598837e-03,1.959817486302095624e-02,-1.221541144712058610e-08
9.815879923847706245e-03,4.331808570798586361e-02,4.532096922172817792e-08
6.434382587568089444e-03,6.734840084605701535e-03,1.910815697963092411e-07
5.968593030732924354e-02,9.959505513950256406e-02,1.198597587520475046e-07
-7.987724774660076577e-02,1.966363634896166682e-02,-8.124534114087339864e-07
5.134530242268035491e-03,2.406591918989844925e-02,4.267145683668858238e-08
-2.820472179808796234e-02,1.226162823076726478e-02,-4.600583147156531907e-07
-1.551368017467085305e-03,5.961842945946748198e-03,-5.204434066119799684e-08
-2.021654469521800418e-02,1.624486381707816035e-02,-2.489029612217117801e-07
-5.157199141269390615e-03,2.607396277554805634e-03,-3.955906958985370409e-07
2.971285159896328368e-02,7.091813002899084728e-02,8.379657466399862577e-08
2.776802667140674391e-03,5.465205418908629896e-03,1.016196595697079678e-07
-5.874536736063509269e-03,5.928997879481325006e-02,-1.981670923320144622e-08
1.613573730060830977e-02,2.515751721929739351e-02,1.282803819088175027e-07
-5.576609380136871366e-03,8.629290173287545301e-03,-1.292511333684820992e-07
1.707470280121186224e-03,6.847598580269398383e-02,4.987168801536434516e-09
-1.493322895538867767e-02,7.465003405039571764e-03,-4.000948136217807016e-07
2.458316708904161388e-03,2.087142391290803742e-03,2.355727013931835242e-07
-2.077731794396145415e-02,8.517820398311665500e-03,-4.878656209274204309e-07
-3.811835616766209855e-02,1.470395279931451275e-03,-5.184886714857484474e-06
1.900610690618889653e-02,2.785547340149998208e-03,1.364651736761615476e-06
3.965906271045051799e-03,1.358820192806243794e-03,5.837402799559826834e-07
-1.876550735530394670e-02,1.327273743361097845e-03,-2.827737008592400907e-06
-3.854904928320804051e-03,2.261008773857320700e-02,-3.409970581271998953e-08
1.372143107250566431e-03,3.525265056991314788e-02,7.784788899475313153e-09
1.987708874141172130e-03,2.142045568148732634e-02,1.855937211097913067e-08
3.270339917514041884e-03,1.843434699753456049e-03,3.548169393610047643e-07
-3.358599442991453549e-02,1.381534663577616701e-03,-4.862231512017732392e-06
-8.285878651539535858e-03,1.846121509072075123e-03,-8.976716187996770923e-07
-4.615236780306367081e-02,1.464975389279634440e-03,-6.300904050551119626e-06
3.792604682929463095e-02,4.820656643403478658e-02,1.573513906934291099e-07
-5.426974412434867716e-03,1.729357684992174687e-03,-6.276422258440013090e-07
8.147962961884847727e-03,1.543900496936822814e-03,1.055526028871654151e-06
2.775390738372608690e-02,6.552506051284427702e-02,8.471414113313480763e-08
-6.915771202640551285e-02,1.819185060702127208e-03,-7.603314313106423175e-06
-1.360603622828575679e-02,1.050143578154673569e-03,-2.591326582891705617e-06
1.127359523517545287e-02,6.392141494206997343e-02,3.527404513577551010e-08
5.024898688701070863e-03,2.354401977468839700e-03,4.268604366348976141e-07
5.812856296404018963e-02,2.055762669173569895e-02,5.655302229379971591e-07
-2.398585668327569455e-03,2.495177398162154447e-02,-1.922618047657847612e-08
-2.361439019939285799e-03,2.786416573615972756e-03,-1.695000765425502918e-07
-2.312203429252042419e-03,3.242743189157517095e-03,-1.426108909986353842e-07
-3.024608770573730069e-03,2.167318204458801995e-03,-2.791166451329142196e-07
1.921157022437476949e-02,1.326753350559973892e-02,2.896088824099007150e-07
3.390157757774447944e-02,2.956718819209665054e-03,2.293237794741373638e-06
-6.010734612467106414e-02,1.637326193607444025e-03,-7.342290302444950392e-06
7.963889591933701051e-02,1.683302009698954766e-03,9.462423833612234334e-06
7.114453306090127993e-02,6.986048904718602896e-03,2.036803440740111461e-06
-1.484910846216587303e-02,2.264355738136517200e-03,-1.311580437859796191e-06
-1.171703337685782269e-02,1.321021984562395285e-03,-1.773972282701857974e-06
5.955208418142826816e-03,5.021294027405154986e-02,2.372031875425513107e-08
3.646247073769942875e-03,2.862090779644414079e-02,2.548014512050192505e-08
-2.712309082708336955e-02,3.333213276704976875e-03,-1.627478587810772759e-06
-6.028464790911994622e-03,3.650603233596063594e-03,-3.302792599152764087e-07
-6.810627208248236364e-02,1.980682448578529459e-02,-6.877196983510429413e-07
3.998727945833464165e-02,2.124062678281019023e-02,3.765249312751102988e-07
-4.667047734063932592e-03,5.739299530768128890e-03,-1.626382003561405757e-07
-8.302358187939545137e-03,2.323269328249769582e-03,-7.147285252527332882e-07
-1.369705964790907029e-03,5.927516953500587375e-03,-4.621614854097235785e-08
-6.338324804684271341e-02,2.074747740810815519e-03,-6.110101130133471034e-06
5.808419075698737638e-02,1.111153976647238917e-02,1.045497277654050844e-06
-3.168613689105522890e-03,2.383515816184636829e-02,-2.658829349967043024e-08
4.406680245974896326e-03,2.283785013554706991e-02,3.859184378207518695e-08
1.634032232364158663e-02,5.421557533652641980e-02,6.028034875682351441e-08
-3.373372467682205639e-02,7.041511121346594529e-03,-9.581591133006530841e-07
-1.353251575116872635e-02,1.554065390321004818e-02,-1.741600179403367246e-07
5.060087806655273052e-02,1.681011687826209494e-02,6.020416373829656899e-07
2.876350545800956254e-03,1.631314507403794139e-03,3.526495409719152997e-07
-9.899540731491748846e-02,1.000177321793461549e-03,-1.979599119513442604e-05
-1.375170529325824053e-03,1.009521858784021096e-03,-2.724457501336985619e-07
2.515500361450023759e-02,7.589296880286440505e-02,6.629214173042133004e-08
1.358934949404250192e-02,1.009682148675778920e-02,2.691864519786660832e-07
1.749678724941951258e-02,2.200025762826878038e-03,1.590632137123342681e-06
7.703097072394080036e-02,3.300811157994321815e-02,4.667495417028336313e-07
-7.777972993104791122e-02,4.125361072908401150e-02,-3.770888340572788057e-07
-1.744481732070782623e-02,3.456910514955078423e-02,-1.009293546804404299e-07
-1.731100053153916771e-03,2.396712096175464355e-03,-1.444593013316619345e-07
8.535479488400728176e-03,6.036768823455742478e-02,2.827890482127608201e-08
-1.158030923427487771e-02,1.303766574430305228e-03,-1.776476726970969238e-06
-6.623024475835036229e-03,5.942240892588167289e-02,-2.229180906013990904e-08
-5.865123995000962737e-02,3.212665761247104380e-03,-3.651328115806281038e-06
-9.824331414606998422e-03,7.221718874066200555e-02,-2.720831421698894189e-08
1.058118935830721329e-02,1.302733758457657286e-02,1.624493684247195375e-07
-2.439813280154073255e-02,4.633069325478122308e-02,-1.053239165607639720e-07
8.151936651218653906e-03,9.018069210794680407e-03,1.807950102310597174e-07
1.397095065588492557e-02,6.078907148611155387e-02,4.596631162972438081e-08
-5.079749325289059300e-03,3.655808597816073528e-03,-2.779060743900605558e-07
-2.998438653226375913e-02,9.498278599485153115e-03,-6.313780390681283025e-07
8.810648403402848369e-03,3.139255856525487772e-03,5.613327300546173871e-07
-1.637209026512282534e-02,6.440573213580640111e-02,-5.084155406395074567e-08
-4.761257867708019315e-02,1.029487050445846742e-02,-9.249963591056718718e-07
2.349308748984190245e-03,1.191690661556573652e-03,3.942900049575912678e-07
4.244156516499950071e-02,1.405448564434354838e-03,6.039703841323587571e-06
-3.865397363357275795e-02,1.097645611590416289e-03,-7.043219265341270919e-06
-4.010779025004547818e-03,5.859252381221892458e-02,-1.369070264827892366e-08
-6.754900004469694894e-03,3.674440678426463616e-03,-3.676773629294552686e-07
-1.027539758893738922e-03,3.630399734480552632e-03,-5.660872801803911528e-08
3.050170147475866900e-02,1.436617536508132641e-02,4.246411828388442254e-07
1.846942366873320640e-02,1.201360139600668973e-03,3.074817425188987639e-06
-2.379968692386369433e-02,1.049478999796387996e-03,-4.535620395473743631e-06
-8.876412075867437523e-03,6.674763175654629087e-03,-2.659749907318275605e-07
-1.040434121672116283e-02,4.603073553660549239e-02,-4.520702004883734771e-08
7.909510122199512466e-03,1.587279686269475396e-02,9.966331671753875404e-08
-2.917615924503209369e-03,1.054896007100627206e-03,-5.531688044127081997e-07
-4.273865963314919109e-03,2.681715306213060257e-02,-3.187479755088285652e-08
1.656257684530301972e-03,9.089909379041273552e-02,3.644244951697088565e-09
-2.950205177472857779e-02,2.666429458281585965e-02,-2.212897663766720475e-07
1.603026676659421437e-03,1.904597469352561001e-03,1.683359037325783861e-07
2.048111460283010693e-02,1.760347134100789497e-03,2.326989792714789658e-06
-2.551220498705704734e-02,6.748173218203636255e-03,-7.561378567481000794e-07
7.190995749276767046e-02,3.416616038435913664e-03,4.209515034243387508e-06
8.109743846828221248e-02,1.552237408838994491e-02,1.044932409250526383e-06
1.358814782751354214e-02,1.432312169557938691e-02,1.897412639255268876e-07
-1.019798676126715958e-02,1.100292116884147870e-03,-1.853726466279167668e-06
-4.570183684203613095e-02,9.010087909624802521e-03,-1.014480807773321736e-06
2.240406362839134080e-03,1.219917442383915314e-02,3.673123787169999517e-08
1.819934169779820546e-02,3.222063727364259805e-02,1.129693841942207908e-07
8.908727815314418375e-03,2.137222645243401498e-03,8.336910348287316770e-07
-2.631711406165637007e-02,2.603066211392222971e-03,-2.022051702306834731e-06
5.875129605749337958e-02,1.933096177895021403e-02,6.078594847523152076e-07
2.273167598140873186e-02,3.134123513970386854e-02,1.450622994356458580e-07
1.966351766701213491e-02,8.311119366943384157e-02,4.731958215485756970e-08
-2.136698590504586010e-03,2.745484792282029338e-03,-1.556551266827544610e-07
3.433239099071987155e-02,7.084935312819557254e-03,9.691865277234092428e-07
-1.076926991762270584e-03,1.056346044734638194e-03,-2.039009549389790213e-07
-1.915160787593378272e-03,8.761110394464066350e-03,-4.372051776943279780e-08
2.761296204965899177e-03,4.486770281072199537e-03,1.230887523383903225e-07
9.720196882233586924e-03,2.171377759458519019e-03,8.953212338961439957e-07
7.468990681716525248e-03,1.144450563054368909e-02,1.305281217138309859e-07
1.602603809245164990e-03,1.043034726991176435e-03,3.073028660301449754e-07
-1.151686463962142172e-02,3.555571776149700491e-02,-6.478344226466435849e-08
-7.062966794245928957e-03,4.050813818989276033e-02,-3.487258084304051944e-08
6.407281071039029607e-02,7.118603094024883449e-02,1.800189419865100410e-07
1.827483066268275778e-03,2.971855938090009128e-03,1.229885882940992937e-07
-8.110049868059704403e-02,4.921509336973310667e-02,-3.295827092525798222e-07
6.556070929856414736e-03,2.467961370424094462e-03,5.313057230691565418e-07
5.235480212514428619e-03,4.608448729444971671e-03,2.272170779705123552e-07
-4.385450408063620159e-02,2.646134515393634354e-02,-3.314679136665615558e-07
-4.906178767412414619e-03,1.042682234184347245e-02,-9.410887958125286512e-08
1.348572645885618912e-02,3.911970594002228338e-03,6.894741258419955104e-07
7.728488219321257013e-02,3.743742809275620725e-02,4.128837131974727062e-07
-8.193172703918628549e-03,2.881334531582413830e-02,-5.687188636912726191e-08
-1.793264350796856463e-02,4.234260881849228296e-03,-8.470438836391349012e-07
-2.286479833128058151e-02,3.922816353899369335e-02,-1.165758541494142801e-07
1.874594698008678461e-03,1.929442912872397775e-02,1.943187280428147102e-08
2.705366718681009950e-03,8.981673767915528822e-03,6.024320581743722700e-08
4.659971617378840664e-02,6.764927136375245564e-02,1.377714903416641866e-07
-2.672728202302180125e-02,8.799569899451463104e-03,-6.074808038887006539e-07
9.736934675050074040e-03,3.498233559131614517e-02,5.566890293370409366e-08
-1.527555496688517804e-02,1.829320340221821583e-03,-1.670115251814666396e-06
-1.525816682330292679e-03,1.522674182674546746e-02,-2.004170119186312269e-08
-6.831070105904184231e-02,7.477930805508334333e-03,-1.827033490762463249e-06
1.134103169623383416e-02,1.602231228501737898e-03,1.415684836104716673e-06
3.446222455049114536e-02,6.958029147023923888e-02,9.905953211914989924e-08
5.479885899184840092e-02,1.725486334532166238e-02,6.351834880312854804e-07
5.790269339257470872e-03,2.423473932071891490e-02,4.778588364512340833e-08
-1.079804671856950116e-02,2.079922975866965729e-02,-1.038334197952783990e-07
-7.277610137659387690e-02,1.646717062141715834e-03,-8.839119582889863049e-06
9.704697372978797476e-02,1.804987461602846743e-03,1.075343008488855927e-05
1.410183437724569664e-03,2.116236689985961580e-02,1.332755790744555360e-08
-1.764173636186988289e-02,7.192561664956531771e-03,-4.905654317135090830e-07
6.900673510719633648e-03,1.816650131680145816e-02,7.597302058978497262e-08
1.442502453656718982e-03,4.248257482282539500e-03,6.791175248231376190e-08
4.350524032617129888e-02,4.816568062757767277e-02,1.806521266792336846e-07
6.571688025432371495e-03,2.993424271619697305e-02,4.390842615437912843e-08
2.450009410258150756e-03,2.852546490231049840e-03,1.717806451230158431e-07
-1.558263637717504507e-02,1.023510548576784737e-03,-3.045003678622260543e-06
1.814565015321121730e-03,4.693724035502441078e-03,7.732041736991242776e-08
3.131410294669033367e-03,1.923166223888302800e-02,3.256584565152543008e-08
1.386629339228575035e-03,3.982860257229389224e-03,6.963130332893127953e-08
2.425594576732994709e-02,3.778295296914233742e-03,1.283989651220083038e-06
-1.539686116548352225e-02,7.116537715484282101e-02,-4.327156938023474791e-08
-2.652927832238429883e-03,8.233227097940913272e-03,-6.444578964125483823e-08
-1.179276549337531475e-02,2.051331063168927108e-03,-1.149791553592796587e-06
4.470258157075080764e-03,2.812361303047008695e-03,3.179074451540832493e-07
-8.270704642217104399e-03,4.878507173527286966e-03,-3.390742205494522602e-07
-6.258870022294820215e-03,3.903479163048698131e-02,-3.206884181343152720e-08
1.370084991615538525e-03,1.045042152753575607e-02,2.622122086205421398e-08
7.472343749247349273e-03,2.849747287394564441e-02,5.244326253912579629e-08
1.986522703116016912e-03,1.009199881203731199e-02,3.936910575813217785e-08
-4.432395756732745475e-03,1.238873824827981451e-03,-7.155675890750525556e-07
1.075987547951677992e-03,3.192991259987702779e-02,6.739826607620609461e-09
5.068209901680800072e-03,2.904534688850133467e-03,3.489934158312899436e-07
1.767774286818208892e-03,6.169040011294819881e-02,5.731237868199746009e-09
-8.993512647918533442e-03,3.395338322820630472e-02,-5.297677326902362201e-08
-7.843787874953454808e-03,1.113916639007234881e-03,-1.408355704282358830e-06
1.687791895597595335e-03,5.103422216611746588e-03,6.614493673669526626e-08
2.558337447740164500e-02,3.869430340949540394e-03,1.322360911898655171e-06
-8.653682532877098044e-02,4.143024120088984602e-02,-4.177560086726606020e-07
2.008345691654207441e-02,2.623540259481945552e-02,1.531052010286598707e-07
-2.955780942446565966e-03,6.079946285807679741e-03,-9.723255777985385326e-08
3.451165650665836970e-02,5.263200916774024574e-02,1.311460046434561651e-07
1.119341591372584842e-03,6.755144921021746969e-03,3.314111980614644221e-08
1.443027287598030658e-02,9.771657033243487389e-03,2.953558220995060465e-07
7.044990116127061719e-02,9.309208802602117472e-02,1.513585033717944144e-07
-3.458805460764609752e-03,7.771343949740608208e-03,-8.901623332805881779e-08
-9.301701913692872123e-03,1.831282511376712205e-02,-1.015889047212672354e-07
2.025679715610191611e-02,7.660530339863641514e-02,5.288727009644752142e-08
-2.499033980149434168e-03,2.858648996833243125e-02,-1.748439206269614673e-08
2.297457439247234650e-03,1.036442041232926541e-02,4.433448438441956417e-08
-2.824137365839231306e-03,9.762452814140357149e-03,-5.785835439730320739e-08
8.310496425520827457e-03,8.082243766316372577e-03,2.056526121762271012e-07
-4.937488443960949894e-03,4.853896781308121577e-02,-2.034486271172944303e-08
-1.236242718929328639e-03,2.169549166468872844e-02,-1.139655152447813421e-08
8.029772696743911822e-03,3.558093511737892012e-02,4.513621130952695427e-08
-1.386232567056941249e-02,4.061633395050730927e-02,-6.826130465346194633e-08
-8.768940852544171785e-03,2.109568893687682745e-02,-8.313667206665815767e-08
-3.652888692944362276e-02,5.915118121725756323e-02,-1.235128734729347496e-07
1.398970894170448436e-03,4.453020147112331933e-02,6.283378578858385859e-09
-2.873878558071872591e-02,1.835033110609277096e-02,-3.132302631817829129e-07
1.122612298677941323e-02,6.053878708415079586e-03,3.708816005192986187e-07
-6.795932414767094989e-03,1.541031758031692752e-03,-8.820164204546369304e-07
3.782089877094740177e-02,4.094310183390372643e-03,1.847524948615782753e-06
2.371987432327671633e-02,1.298536925155343268e-02,3.653400535224771806e-07
-1.224795143802386759e-03,1.041925745921952126e-02,-2.351071810750513447e-08
-9.856726165355927938e-02,1.244005461597311873e-02,-1.584709321274473277e-06
-1.036494371768869379e-03,8.765159642939543416e-02,-2.365082670209684462e-09
-8.118397658087158839e-03,1.231459941228211542e-03,-1.318527643451800136e-06
-2.909808796333037892e-02,8.803906914165635783e-03,-6.610407287871633242e-07
-1.377353638805571545e-02,2.015168564860617822e-03,-1.367015028193084851e-06
-1.159854255561132245e-03,2.783399038235297943e-03,-8.334262125677418217e-08
-1.966311178754325678e-03,8.547624453836263902e-02,-4.600934213304462978e-09
9.523547377665940450e-03,6.604074440719183946e-03,2.884204132982237841e-07
-3.385980161347983824e-02,3.350201049182193608e-03,-2.021402260678751192e-06
1.736832967480577642e-03,1.641065835588041005e-02,2.116758234563304527e-08
-3.001832273337555566e-03,6.356902108195499647e-03,-9.444524705082024867e-08
-6.709764935032944133e-02,4.648283499511180264e-03,-2.887047344789997409e-06
-1.339444666160250624e-03,4.226951364969757166e-03,-6.337773793923804123e-08
8.984010739743426843e-03,5.419451444802118358e-03,3.315539001226785214e-07
9.559047656363377221e-02,7.966095128169453643e-02,2.399984001239176358e-07
-2.154805427164043288e-02,1.470206004899705238e-02,-2.931359454817751855e-07
9.593924180460846121e-03,2.316884759543106145e-02,8.281920500693511979e-08
-1.347329248975174653e-03,8.140506562180757633e-02,-3.310255496341970670e-09
3.771973278659272386e-03,6.402787529993204767e-03,1.178253463787959488e-07
3.872751243521979636e-02,2.838152853437891573e-03,2.729122492824807341e-06
9.167424052959048664e-02,2.438973840538651797e-03,7.517602990886054773e-06
-1.142319202042837122e-02,1.916311333887157691e-03,-1.192231568602693746e-06
8.511167261807965623e-02,1.337308081322152514e-03,1.272907555989781743e-05
1.500822832699208985e-02,8.271459034606812311e-02,3.628996197618361447e-08
2.152580953516968366e-03,3.196429617820286014e-03,1.346894424742537583e-07
-4.572622633334153495e-03,6.521964122805389875e-03,-1.402252310836942047e-07
-7.375861839623947674e-03,2.991401885704438914e-03,-4.931479342263959342e-07
-6.041370218613489884e-02,3.100906689398008967e-02,-3.896601205898253792e-07
1.664944203959204793e-03,8.054076130915082884e-03,4.134501573931333755e-08
-7.877241348034290380e-02,5.738025470856691207e-03,-2.745686120054464508e-06
-1.759052558991442425e-03,7.211177722646849517e-03,-4.878786630915015472e-08
-1.620871758386108110e-03,4.583441735824762830e-03,-7.072877697350548039e-08
-9.208998334400452998e-03,2.317206485926096363e-02,-7.948530904295720572e-08
-2.392647864802478416e-02,2.919648145400463926e-02,-1.639032171184367541e-07
-1.617609440017771932e-02,2.308042692645572921e-02,-1.401745088255510385e-07
4.190341492713735294e-02,1.334818076976432982e-02,6.278653928391449366e-07
-4.007076733324872048e-02,2.359787529970169134e-02,-3.396205534200512228e-07
-7.003619850220001164e-03,2.007047352291310011e-02,-6.979176060004141890e-08
1.981868326050794868e-02,3.346894660913258580e-03,1.184327902553159132e-06
2.833075395619810699e-02,1.110576250962593860e-03,5.102099906174818398e-06
-2.090319744375989004e-03,2.277641568365612601e-02,-1.835551400908148987e-08
4.999214519530017359e-02,1.432890612713114131e-02,6.977951453130634624e-07
-3.916391836165245000e-02,1.218172752036878956e-03,-6.430081295165061393e-06
-1.043063402485426387e-02,3.546556525426928282e-03,-5.882243924450231757e-07
8.527848473495722864e-03,3.556996858413467161e-02,4.795072760537438060e-08
1.200967888605188570e-02,1.778387058791178546e-02,1.350654637853560686e-07
-5.404770151141009144e-03,1.602019445819350936e-03,-6.747589506784214483e-07
-1.088117369780080678e-03,9.223519990747931774e-02,-2.359490634432308968e-09
-4.085299065259320218e-03,2.285815985109451373e-02,-3.574553465606305455e-08
5.074626106034145490e-03,2.260313284967097568e-03,4.490292373646701067e-07
-2.717358171487743376e-02,1.499646441860765303e-02,-3.624075299688126315e-07
-1.338069279603497190e-02,1.087245639076123843e-02,-2.461444986542968109e-07
6.426311647762014689e-02,1.622182941179559209e-03,7.923209897376974148e-06
6.679748065833820275e-03,4.791648485103969235e-02,2.788138479846473977e-08
6.741571809734203322e-03,4.581491902107433928e-02,2.943021601264269021e-08
-1.346791154697343437e-03,1.913408629935073194e-03,-1.407770094437957097e-07
-9.055832293986265658e-03,2.873307597277671363e-02,-6.303553717397517822e-08
1.726118820838013629e-02,3.558205950014354385e-02,9.702391940212390856e-08
-2.552050612638221555e-03,1.157912031204686712e-03,-4.408115089667087556e-07
2.630683991885840803e-02,1.925139967611922851e-03,2.733037431216811919e-06
-1.086970599649051197e-02,4.297244483097335983e-03,-5.059026367021138986e-07
-1.589224179931493855e-02,1.939734950952408041e-02,-1.638634073128566056e-07
1.886435432084128784e-03,5.080944619173502486e-02,7.425687898403800718e-09
-1.930213564493293149e-02,5.990529800200669261e-03,-6.444353250864643300e-07
-1.050956995422927878e-02,6.018718963441714587e-03,-3.492368709974992421e-07
1.449520026294247310e-03,1.761647728787852415e-03,1.645676091651349554e-07
-8.177294919308460142e-02,3.171451007714951725e-02,-5.156925560108379867e-07
9.948027473395253464e-03,4.097041855792228800e-03,4.856303083296113245e-07
-1.275553473254360977e-02,9.022569788795110207e-03,-2.827532645578642591e-07
-3.463657824257561357e-02,6.651981589056450705e-02,-1.041413374816553436e-07
1.430863564151715244e-03,2.862756831669086618e-03,9.996615156848777895e-08
-1.874385736740369996e-03,2.887843599528362032e-02,-1.298148901074917494e-08
-1.095656035913473644e-02,8.398416535477026129e-03,-2.609252049250465488e-07
-3.791129546365639563e-02,7.736497411783116451e-03,-9.800843365747237971e-07
1.611518890613936267e-03,2.995676648501790010e-02,1.075919242589057852e-08
7.277571787439038493e-03,1.848815082586447930e-02,7.872854601026540135e-08
1.494588427564062317e-03,5.920394579444142671e-03,5.049055808113248507e-08
4.684920939077119421e-03,2.037756293760481594e-03,4.598214549446421432e-07
5.845090799871389964e-02,7.667753868385990094e-03,1.524622435880735907e-06
-8.605694174396527618e-02,1.299642933152199073e-02,-1.324344788132911980e-06
-6.897874082694177046e-03,1.464913322966514449e-02,-9.417649901020446329e-08
5.879999319988102324e-03,2.487963026301955732e-02,4.726858067210517511e-08
-1.803537445152384941e-02,2.700534034252688800e-02,-1.335717810071258231e-07
-3.138139717306939833e-03,2.052852727285361684e-03,-3.057410055913722809e-07
2.447002744584689683e-03,1.195536073498843291e-02,4.093652557152561655e-08
5.354943059378997755e-02,2.323322237416337085e-03,4.609826881665202814e-06
8.300987307925991252e-03,7.029398686518409031e-03,2.361841678023283643e-07
1.024909497146052036e-03,1.576167668002667263e-02,1.300535798435587681e-08
-2.573306096185756092e-02,2.565744031554636519e-03,-2.005937187355047030e-06
1.217370981259762071e-02,1.288797971407835844e-03,1.889197270704640249e-06
-2.504202307669362720e-02,2.718958921767134287e-02,-1.842069336626836095e-07
1.691747817971098883e-02,3.833805819318961833e-02,8.825609769052620714e-08
1.714499553119261041e-02,1.618219875453734196e-03,2.119039505525449695e-06
1.938126437696703272e-02,9.327089064946701702e-02,4.155996661289437149e-08
1.255015708626638568e-02,5.433444118087179739e-03,4.619693526518828878e-07
7.496040848005197654e-02,7.013753348062533831e-03,2.137571564776731176e-06
-1.065978499879735673e-03,3.996265897712615589e-02,-5.334985906804235451e-09
1.071218008265870493e-03,6.300252376530922349e-02,3.400627999373216149e-09
-5.083515189181738239e-03,3.169453665272337246e-03,-3.207886002676520943e-07
4.717562856334296673e-03,3.617171323057840476e-02,2.608481881245993419e-08
4.142703734717209131e-03,9.729389114716716774e-03,8.516036441707497315e-08
4.957266290184376978e-02,3.272583563339567791e-02,3.029637808446302936e-07
-9.133413268976276964e-03,1.187573204310042986e-03,-1.538196884296457160e-06
1.333619182406854849e-02,4.972179822024759208e-03,5.364437811437894102e-07
9.660884226255653240e-02,1.566181406382480441e-03,1.233712661985702720e-05
-3.519456261145679533e-03,8.785266713967674820e-03,-8.012348476270427035e-08
9.132204485031930954e-03,4.725250830887840758e-02,3.865360181278021048e-08
8.842792719179920838e-03,2.302085710852113005e-03,7.682581284768878714e-07
-2.275488002709405086e-02,1.090610394904158523e-02,-4.172959074445649116e-07
-7.662418521119036818e-02,6.495690670276464684e-02,-2.359281391612956349e-07
7.623547521874466000e-03,3.986465711581134962e-03,3.824796092476489605e-07
2.735691402636227648e-02,9.112114251926047015e-03,6.004642519873416587e-07
-2.470781476846733993e-02,1.299089908079476647e-03,-3.803945937121910273e-06
7.823356871872501339e-03,1.635192693787577631e-02,9.568930752258035767e-08
-1.289040263556482388e-03,8.883103397824605729e-02,-2.902291124858680598e-09
2.082691158400125364e-02,1.254684595339957028e-02,3.319934501031564020e-07
1.104054988685834390e-02,1.683907743729993719e-03,1.311328857332977770e-06
4.404100910915561065e-03,4.293143891624759401e-03,2.051733855259388512e-07
-2.869575104214829551e-03,7.775041625961252867e-02,-7.381660739127594025e-09
-1.519020599641321585e-02,1.119083470378548668e-02,-2.714815940798440304e-07
1.012400482295227645e-02,1.071258786432531182e-02,1.890153846872617997e-07
1.314048068263385348e-03,7.494530399130087950e-02,3.506759924488306459e-09
-1.656405964235797834e-02,2.346202116833783890e-03,-1.412019100369794923e-06
6.081531519887758974e-02,9.867747379779754149e-03,1.232634012968513343e-06
-1.184738292174835391e-03,5.952600780183067014e-02,-3.980658093743329508e-09
1.568137263544639240e-02,9.655283878398232544e-02,3.248315736308451180e-08
5.291813868281008970e-03,2.240541942580207696e-02,4.723791169979844836e-08
8.423795549355460321e-02,1.410407459082293341e-02,1.194544766041000344e-06
2.317265054447703934e-02,3.084556596908510050e-03,1.502526627209035597e-06
-8.383151078593011063e-02,1.469264359767892200e-02,-1.141160044138132952e-06
-2.267750901100923280e-03,5.905664759058561371e-03,-7.680080393448957621e-08
-1.734821680467648914e-03,3.009942618572620469e-03,-1.152751863167154703e-07
4.384502499301599215e-02,4.802096681909161224e-02,1.826117130519782683e-07
-4.144480521248153880e-03,1.240041354595812148e-02,-6.684564868235962633e-08
-2.614077901633126474e-03,1.579365294889549087e-03,-3.310359372657788319e-07
1.933264382864948935e-02,1.021324897140494592e-03,3.785877340534796700e-06
6.038006280044883739e-02,6.329476963832470979e-03,1.907941018576703981e-06
-6.426458092006200745e-03,1.549245106262823329e-02,-8.296420480950558908e-08
-5.219241911994381387e-03,6.816426725351550087e-02,-1.531404308071372768e-08
-3.993484378645940393e-03,2.927948656780444275e-02,-2.727895574365897627e-08
-5.297451539515683760e-02,6.508732985883922129e-02,-1.627832613345603089e-07
4.219371166580073058e-03,2.199971659897425984e-03,3.835922751123132366e-07
-2.273466556202371949e-03,6.761224169878068957e-02,-6.725157236440435522e-09
3.396072348522369971e-02,6.998809654497044341e-02,9.704919996924860972e-08
-8.385155348501951295e-03,1.383257315049984601e-02,-1.212403958310324908e-07
1.197590071392192184e-03,2.157237030298821481e-02,1.110323491337317355e-08
2.065967239917683527e-03,8.395869431644522457e-03,4.921494031246944346e-08
-3.461202040031844188e-03,4.991610799001919979e-02,-1.386837075643349853e-08
2.049476606323637554e-02,4.746085337140285888e-03,8.636676063552089856e-07
-2.417790980421314836e-02,1.225126984852269174e-03,-3.947088421515569584e-06
-5.453944293535811783e-02,3.994390191595031253e-02,-2.730859893521201996e-07
-6.937622712291721325e-03,2.748967309039328927e-02,-5.047546295280651944e-08
-1.054100845276230176e-03,1.868149765651841779e-03,-1.128521090789547686e-07
1.863597778690002926e-02,3.543319584277018069e-02,1.051916016257227084e-07
3.094143257330487801e-03,1.621074952235353629e-03,3.817477888147444319e-07
-4.299020528463561724e-03,4.225032797140844398e-02,-2.035066674695397708e-08
2.047733549074549908e-02,9.509221610346396680e-03,4.306928728825882566e-07
5.599911332692586972e-03,2.534628151242679546e-03,4.418817899914072396e-07
-5.631465591189555725e-02,5.839801253399285602e-02,-1.928690654237546245e-07
1.073828606894235149e-03,1.557909897349907952e-02,1.378579579692557439e-08
-3.053258542514006302e-02,1.068914843226054755e-02,-5.712940240001791090e-07
-2.272923105779556599e-03,9.572494931682719657e-03,-4.748963226271723337e-08
-1.658309676968550139e-02,1.536933086466803731e-02,-2.157992262469537907e-07
-8.247579053024432783e-02,1.070157666518396257e-02,-1.541409133408617338e-06
-3.697102695849550577e-03,3.204957088393622314e-03,-2.307164195692498925e-07
-4.730019849315722155e-03,1.649611275278483214e-03,-5.734830086208484457e-07
-4.928559204741065486e-02,5.560455311502726129e-03,-1.772755458640828482e-06
-2.036098062844329207e-03,2.941750830332884314e-02,-1.384305722342529204e-08
9.034636070388941606e-03,4.844157797361538231e-02,3.730195463375174917e-08
8.302534652184957384e-03,1.620312590936526936e-02,1.024828273032691483e-07
-1.831045933441187304e-03,5.471422553252657667e-02,-6.693267636067264303e-09
4.488942719895769838e-03,7.009490645145363512e-03,1.280845690489633715e-07
1.342171185295317143e-03,8.648652877610753242e-02,3.103835187793071975e-09
2.559735583313593223e-03,1.064455527801747015e-02,4.809576004760348881e-08
-1.020578676582088382e-02,8.844944327577302506e-03,-2.307759750782082096e-07
-2.100929397639636140e-02,1.252936443119298006e-02,-3.353680030062803523e-07
-2.483188835885799702e-03,4.354850056469385979e-03,-1.140448685456655307e-07
-9.101899634716593621e-03,1.123106068815817862e-03,-1.620878555231231358e-06
-8.092447532597091264e-02,4.495507764623326609e-03,-3.600313743993415119e-06
-8.048308576122639724e-03,9.135800433045524263e-03,-1.761964780602245042e-07
-1.509376428693865770e-03,2.292295795474756127e-03,-1.316940378887254605e-07
-9.377801609716813341e-03,2.236990276217351407e-03,-8.384480378219203990e-07
1.164943388027540536e-02,1.023676743702465336e-02,2.276046822081629957e-07
-1.918333542396481392e-02,1.338802452034458957e-03,-2.865806277238876796e-06
-4.374480598201404245e-03,3.589156133719920150e-03,-2.437661238435515194e-07
-4.864393325516826877e-03,8.146274675369366558e-02,-1.194287378339193808e-08
1.816378795943307534e-02,1.582589973810460612e-02,2.295499600500037707e-07
2.595147562395509755e-02,7.003110895969222316e-02,7.411570803728727671e-08
7.355179591962257568e-02,5.848550919243454028e-03,2.515267702052605218e-06
-4.576377877525818899e-03,1.873466451054638365e-03,-4.885569157082244251e-07
4.036134955500438569e-03,4.799743244451817707e-03,1.681848535401042223e-07
3.654403252636056251e-03,4.932448838655183188e-02,1.481811932405942564e-08
2.680930647172712761e-03,1.280072844951331626e-02,4.188804610046402259e-08
-6.410433657535757716e-03,3.356764191351078314e-02,-3.819493580711010204e-08
1.657896138619187809e-03,2.007224317765684586e-03,1.651964150163598481e-07
6.487655177974818201e-03,4.919104775855033529e-03,2.637794108707345975e-07
-6.120495563542361316e-03,2.725787517307514448e-03,-4.490904266876526505e-07
4.150562667024768060e-02,1.235127253485543896e-03,6.721009029843473861e-06
1.377876658877168420e-03,2.655859807314443072e-02,1.037634504370152062e-08
2.945602738362519419e-03,1.401669381793758072e-02,4.203081355611397340e-08
-6.929913942528447869e-03,5.964519016878178266e-03,-2.323761874309291294e-07
9.620957073224934222e-03,1.776545944899948250e-03,1.083131138570122985e-06
1.139959660325603683e-02,2.416084292422606729e-03,9.436623097723613076e-07
2.313226740945324017e-02,2.078538654433174752e-03,2.225867491946083356e-06
3.414296930415011699e-02,3.259944003297269438e-03,2.094741108167806198e-06
-4.623083274666806713e-03,2.128324268619391502e-02,-4.344433234264587897e-08
4.157810182199684658e-03,1.547470667944339517e-02,5.373799280187968409e-08
-1.391812066873897996e-03,1.905756370962931670e-02,-1.460671061874871208e-08
-9.849387071489298234e-03,1.808073358969500971e-02,-1.089512873483500977e-07
-1.199310360627883244e-02,3.768548970159431993e-03,-6.364973950378418739e-07
-3.276277282456222656e-03,8.611708694868505654e-03,-7.609051577033100746e-08
6.532574107720017995e-03,1.407139816203779176e-02,9.285093927844787292e-08
-4.422120290013780222e-03,8.138056078809656479e-02,-1.086798629177983546e-08
-5.149204697857503316e-02,7.662636828476980522e-02,-1.344005736373472675e-07
2.709301944360809501e-03,2.200305809465113050e-03,2.462711687102643862e-07
-3.520893820997675339e-02,5.460318647784302704e-02,-1.289656789623344219e-07
-8.603053769845431242e-02,7.065140336946586219e-02,-2.435404211072262325e-07
-9.956623972497520569e-02,2.386951567830802520e-02,-8.342720743885562721e-07
-6.063223349136483836e-02,4.985813143770639888e-03,-2.432241960092947827e-06
2.210431016102465743e-02,6.077050231566179239e-02,7.274838354713792498e-08
5.705705696857515941e-02,7.798719588871080334e-03,1.463272698934955489e-06
2.192361733687721304e-02,5.360503672488910014e-03,8.179859108926890498e-07
9.059878306251790969e-02,4.766373144752478197e-02,3.801662276941238801e-07
-1.059959937121926141e-03,1.433196008239528974e-02,-1.479186957938797848e-08
2.671686480667891800e-02,2.523448817764777780e-02,2.117533064792898364e-07
-1.476613216860249260e-03,6.589270494940452361e-02,-4.481966679042065789e-09
-1.240320927132690116e-03,9.007430440747232411e-03,-2.754053435994117361e-08
-8.043189444872733337e-03,1.254547381964297385e-03,-1.282272822630888853e-06
-4.000082810177657544e-02,2.558310266794566745e-02,-3.127195098126644558e-07
-4.255096322077785154e-02,3.906076364540307742e-03,-2.178752378201565090e-06
8.426998861155879025e-03,6.272195300875499369e-03,2.687154087735388685e-07
1.966321139130719833e-02,1.060992197710648602e-03,3.706649029912282528e-06
1.415801715647760535e-02,6.889130653031787753e-03,4.110335019010359460e-07
2.278093574793541888e-03,1.869746304457515010e-03,2.436845997742429352e-07
-2.561019111755470645e-02,1.283834044311531414e-03,-3.989726630699115938e-06
4.993194773542972142e-03,4.674362068396625651e-03,2.136462952519965808e-07
8.196591476379611052e-02,1.091426874578003969e-02,1.502027399083726400e-06
-4.537678139315630063e-03,3.607881409333590916e-02,-2.515478687394463374e-08
-1.727815985260016752e-03,9.693847079818664059e-02,-3.564844014452079764e-09
7.603050741244331279e-02,1.446650819420545585e-03,1.051146817287383076e-05
1.514734903076355235e-03,7.129122055593607732e-02,4.249519149609764892e-09
-6.410945251406335345e-03,1.404502277329846335e-03,-9.129328372929740627e-07
-3.558355152744017980e-02,3.394087517638649798e-02,-2.096840824947613344e-07
-1.915109529145319484e-03,1.885068374581216205e-02,-2.031915849520013964e-08
-3.730769302903255702e-02,1.000298383697097344e-02,-7.459471100936686400e-07
1.760365975510183936e-02,2.020302397890759091e-02,1.742712694434150070e-07
-2.441718804276660909e-02,4.115459021103867049e-03,-1.186633416737800937e-06
4.606590549003872909e-02,2.166228212879391449e-02,4.253188320632947994e-07
-8.855317837056867966e-03,5.853012212543875180e-03,-3.025965216219276442e-07
-2.081860704474995313e-02,4.546743395595996551e-02,-9.157784749701007020e-08
1.466852496313132345e-03,7.099486797348424083e-02,4.132365209341621135e-09
-1.298469567642037727e-02,9.114683091362744960e-02,-2.849242477717852800e-08
1.407126065496539825e-02,2.349005225861845649e-03,1.198086661542337423e-06
-7.802675742659806284e-03,7.907245273261316598e-02,-1.973592822571289523e-08
-2.367449658119873037e-03,8.206506307651804943e-02,-5.769811877222158399e-09
1.390629825560272051e-03,1.046959343579353420e-02,2.656567961613502628e-08
-8.611298727767537076e-02,3.228304944477917299e-03,-5.334986344309573782e-06
-3.748559794991562777e-02,2.310499394528683914e-02,-3.244873659003229528e-07
-5.081709607387252525e-02,3.676223561973027826e-02,-2.764694430964490257e-07
3.830746618054132937e-03,4.231541514914567009e-02,1.810606307508874984e-08
5.346008310247364441e-03,6.485865654699685470e-03,1.648545313259827165e-07
-4.120466938700279025e-02,1.920096318313162329e-03,-4.292028796475808482e-06
-5.815475549869038828e-03,6.579597037374353141e-02,-1.767767502787386592e-08
-2.426972419943463580e-03,6.000009122923787193e-03,-8.090067374768635466e-08
-7.309460892639981291e-03,5.961641415626075385e-03,-2.452215903892189635e-07
-6.090596599937013467e-02,4.862160946807937527e-03,-2.505357541564647630e-06
1.939427875280120422e-02,3.380165542120882986e-03,1.147558598356069765e-06
1.392588550066850908e-02,3.413783648051577774e-03,8.158795250447361989e-07
-2.103952539914461309e-03,3.892904051159328666e-02,-1.080939649612445869e-08
1.150884797354712573e-02,3.266729001622432123e-03,7.046248465702184727e-07
1.176448106178483097e-02,2.413637695109295805e-03,9.748547300639699166e-07
5.842904664843123590e-03,4.378011637431300680e-03,2.669261341800531323e-07
-1.379940443024226145e-02,1.604043139916397354e-02,-1.720614216668970310e-07
1.443222268552598860e-03,2.059681505288952878e-03,1.401433065790625977e-07
-4.061169999518730693e-03,4.975604500898934100e-03,-1.632467430776564836e-07
-6.468183797308579841e-02,4.717411225878135467e-02,-2.742318061966542376e-07
-1.089594444365824151e-02,2.489974526359637827e-02,-8.752037790884726431e-08
4.501050788843450126e-03,1.721157768851594438e-02,5.230370335518097655e-08
-3.517812510613980981e-02,1.754091963757038741e-02,-4.011063508357217926e-07
1.046012841878108919e-03,6.998006056042989365e-02,2.989523079293968985e-09
1.715493239899121627e-03,4.653863888578822772e-02,7.372495935797689260e-09
-1.356810864247258138e-03,1.311877244325401239e-02,-2.068546659827461319e-08
-7.605446982404238769e-03,3.978791503002153569e-03,-3.823074573800854682e-07
5.768538306603765431e-02,1.472655250434348230e-02,7.834366762239747204e-07
-3.558438582358598029e-02,9.904198171055998701e-03,-7.185870082847603837e-07
1.420303055157920262e-03,5.018025627019273051e-03,5.660924392386219946e-08
3.822328768043285058e-02,1.709878808483546869e-02,4.470971663200464922e-07
-2.285255367573979859e-02,3.568110863998714792e-03,-1.280960110945713165e-06
-2.178487356077257742e-03,6.732378576931614955e-02,-6.471809458941812950e-09
-1.077736348076500927e-03,8.014640380682021281e-02,-2.689476155206390286e-09
1.140940651828969803e-02,3.343965245171494176e-03,6.824023401298785669e-07
5.091433483352757194e-02,2.117420736831275747e-03,4.809192049605330303e-06
1.450916580510200858e-02,3.446024136946033295e-03,8.420993590112253645e-07
3.209269013616909694e-02,2.148250046661379174e-03,2.987861767768756647e-06
-2.536603301811893741e-03,1.555083843803985741e-03,-3.262405586979798722e-07
-1.578442695330495001e-03,5.398908043325732764e-03,-5.847390493638766438e-08
3.149108714549919696e-02,1.336398417298478034e-03,4.712929131041056660e-06
-1.156537511185169557e-02,2.689787390010060786e-02,-8.599654001002937103e-08
-7.710995894989672653e-03,6.802088410245361524e-03,-2.267291749617342984e-07
-1.966386814627428536e-02,2.184992124764021174e-02,-1.799941065962952379e-07
-1.330666895087605044e-02,5.866535927992180474e-03,-4.536561741085177767e-07
3.780628490770840920e-03,2.849794168455765074e-03,2.653320531087654793e-07
-2.181726708940806211e-02,1.034968350912234339e-02,-4.216115376715096070e-07
-1.084867081611248958e-02,1.407424217468995938e-03,-1.541667510266481522e-06
2.018834651881881107e-03,4.836024837116978392e-02,8.349326336812932642e-09
3.116634428390849948e-02,1.191970782701025399e-03,5.229491504299042614e-06
-1.406023425047193140e-03,4.114237157599945002e-03,-6.835061746805150862e-08
4.369002330491084107e-02,5.888474709247048383e-02,1.483947957575700393e-07
-2.858164024315398063e-03,2.597937107249673368e-03,-2.200380175360134441e-07
2.463759344513567675e-03,9.740680726396488964e-02,5.058807852984878723e-09
2.269830284396878034e-03,7.217577179731691529e-03,6.289862587395744047e-08
-4.040468086635401294e-03,1.473128519706937492e-02,-5.485677239956698721e-08
1.116341743968742722e-02,4.607806956788033231e-02,4.845539038886604125e-08
-4.995945127223607590e-02,2.061059432076583781e-03,-4.848041766448715803e-06
2.217360887178323678e-02,1.588265303946352625e-03,2.792238699635189173e-06
7.955868041750994643e-03,1.777449004069279678e-02,8.952196984909385044e-08
2.784062657947655468e-03,6.066037217666504777e-02,9.179375647228184413e-09
-1.079322312254681277e-03,1.971559001259131153e-02,-1.094915452138573293e-08
-1.280131649399076504e-02,2.392137328421037670e-02,-1.070305445504552937e-07
1.702848107717080603e-02,9.763545343212836833e-03,3.488249749316613988e-07
-7.672669418458960208e-03,1.562950303477187624e-03,-9.818395581417966975e-07
1.707832653045282187e-03,6.822260561411580548e-02,5.006753598710054655e-09
2.208618731619912956e-03,3.497880053604692386e-03,1.262859531277416062e-07
-2.684297136668793715e-02,6.589708103190952682e-02,-8.147110724593031840e-08
-9.832236823693805278e-03,3.572617777660631877e-02,-5.504336598155870587e-08
1.260138521614779378e-02,1.214999634419621985e-02,2.074346718977348326e-07
-4.382902102600977345e-02,7.585816471369025149e-02,-1.155576355562114584e-07
4.239204990140250234e-02,2.816742930369335249e-02,3.010068735486225576e-07
-1.085286438818063677e-03,2.377306212592399104e-02,-9.130581958443751251e-09
-5.935397626813295087e-03,7.845514233789525893e-02,-1.513099933541686925e-08
2.905743100177551278e-03,1.502659452279696620e-02,3.867549276782211713e-08
-4.515283751085340767e-03,2.937523393067328903e-02,-3.074276476090349748e-08
1.326164378111199154e-03,1.189563730445752530e-03,2.229712415992137577e-07
-1.213910453801406511e-03,7.093144880315538359e-02,-3.422843392188107938e-09
1.010816993485392189e-02,2.904754645957662029e-02,6.959888588817690410e-08
-5.291705450618891526e-02,8.108873867086417372e-03,-1.305191766191419497e-06
9.623084929415602617e-02,8.914114422144323036e-02,2.159112752138421746e-07
2.523931312119092121e-02,7.054889462706471180e-03,7.155278236366130156e-07
5.506753413841436462e-03,1.087954151559122591e-03,1.012334981081837547e-06
2.258000188471677785e-02,1.005947724453904769e-02,4.489394492290590518e-07
-3.403858010289285280e-02,1.207643834616665924e-03,-5.637308149770159653e-06
7.844789057478943062e-03,2.279873919152066060e-03,6.881920443991378860e-07
6.823961200915340530e-02,1.369841865830058458e-02,9.963348509151793877e-07
-1.769184213076395321e-03,1.847017702839534028e-03,-1.915760460341304010e-07
-2.095119170060905089e-02,2.446511134836673249e-02,-1.712776683048968880e-07
4.733913645637323302e-03,8.603033921590011457e-02,1.100545251378633498e-08
-5.533585561068446457e-02,6.104784715502986972e-03,-1.812906826850176948e-06
2.731577055775157720e-03,2.923885529793621933e-03,1.868496541455330695e-07
1.044484512535285951e-03,1.643894293394707745e-02,1.270771086818661961e-08
-4.534623079261453082e-02,5.442642926194068281e-02,-1.666366628326041678e-07
-3.478826799592975305e-02,1.062148043365438799e-03,-6.550688704422854431e-06
-2.700461744053189728e-02,3.694286269885571107e-03,-1.461997707251812502e-06
1.916060561289673839e-03,1.743806404046779630e-03,2.197607718083829875e-07
2.427888956912550508e-03,2.625290110339426140e-03,1.849654976821920955e-07
-1.519269261381640682e-03,1.644503709416611894e-03,-1.847732517171336356e-07
1.395988407642252856e-02,2.388590333317087804e-03,1.168905358874100201e-06
1.183050066165466062e-03,1.802583389533958221e-03,1.312644029419942667e-07
4.858217684897143084e-03,2.773352851536909497e-02,3.503572030745838851e-08
-1.769521666007237235e-03,8.012811099941782866e-02,-4.416824957790911835e-09
-2.369609938686721359e-02,2.743276382602860552e-02,-1.727613170615606666e-07
2.402249169648690286e-02,7.671872296000300379e-03,6.262617612114618081e-07
-3.308117476500694546e-03,5.868669654282340081e-02,-1.127406327371068894e-08
-4.259132373408553579e-02,4.855502523915056906e-02,-1.754390076128217587e-07
1.422505495632197300e-03,7.051133941292656027e-02,4.034913200397720705e-09
2.369118070039359994e-02,5.970167824843775062e-02,7.936689202174885857e-08
-9.102167213603525042e-03,3.932091890007630847e-02,-4.629780051001505253e-08
4.411494839032711543e-03,1.993555095720529313e-03,4.425850510383256355e-07
-6.633085350329559135e-03,6.917314732551056722e-02,-1.917861572799511137e-08
-2.137218312273847509e-02,1.398007041515605606e-02,-3.057586385570866762e-07
2.552456075278613720e-02,5.781476400495628304e-02,8.829959833971720207e-08
-8.627674211804967075e-02,2.264636500980828863e-03,-7.619639818308990933e-06
-9.730974716280817519e-03,7.541968577461875822e-02,-2.580541416208006026e-08
1.555080044113564498e-03,6.715776783450138655e-03,4.631223108719494362e-08
7.198795446101862068e-03,4.968956958149970543e-02,2.897569132888959066e-08
1.924836602856693293e-02,4.267096489060121997e-03,9.021954103238525569e-07
-9.552781042207258294e-03,9.656074485282167483e-03,-1.978647471589107534e-07
1.796229610651370930e-03,3.120128012630730974e-02,1.151406420720992660e-08
1.538233597301618717e-02,7.361715955690800381e-03,4.179096929881970850e-07
4.131475983541584886e-03,1.254318081784854422e-03,6.587744661382686687e-07
1.458831471473640787e-03,1.339407046554592744e-02,2.178370527529180945e-08
-4.348293265956464787e-02,3.354386939072959151e-03,-2.592655876714534335e-06
8.615214948736644313e-03,1.708316660261628445e-03,1.008641770168281173e-06
3.236439738678095757e-02,2.969351363494195095e-02,2.179943022055627170e-07
3.894246554401259441e-02,2.361749232771360573e-03,3.297834594810182699e-06
4.023525237846188075e-03,6.482258594263205775e-02,1.241422423786400380e-08
-1.253489916215117655e-03,8.049383880109632974e-03,-3.114565101737010236e-08
1.076672915871538724e-02,3.880517648744113979e-02,5.549237769373954755e-08
1.122175286311442172e-02,1.319621167895143306e-03,1.700789769107105338e-06
1.121218984226575888e-03,2.636596168600500480e-03,8.505229444758784696e-08
-8.629072292950529938e-03,2.390081848689458617e-03,-7.220886886337444210e-07
1.363296237990530360e-02,1.068549452475366004e-03,2.551730580337825571e-06
-4.263401012472346763e-02,2.542744385012722305e-02,-3.353456584963058471e-07
-2.159290231806583818e-03,2.831760377724061931e-02,-1.525083868861345379e-08
-1.895858963855063389e-02,3.009858043500987512e-02,-1.259793088459052535e-07
-8.026261522163418219e-03,3.683321700205295906e-03,-4.358257265844259592e-07
9.492887925663134885e-02,2.399384887085013671e-02,7.912935808628440381e-07
1.738048359791834543e-02,2.878756941472738421e-03,1.207524819844376877e-06
3.550476943204546043e-02,5.628482010066166406e-03,1.261637596853675302e-06
-9.216952234204674188e-02,6.260052260545524716e-03,-2.944751055555584756e-06
2.429931517200424607e-03,1.296697793013265815e-03,3.747955885796227706e-07
5.244414036870640589e-02,1.625039966002021210e-03,6.454641602663987361e-06
8.873735075426426866e-02,3.413519633920515661e-02,5.199280662399446841e-07
-5.505214759596460845e-03,1.872995980402955216e-02,-5.878636791429835051e-08
3.906607874808842168e-02,1.637220179087139210e-02,4.772346193354678942e-07
1.810071972491210379e-02,2.634988300696987015e-02,1.373903913427414037e-07
2.992678732600959415e-03,4.881444999047240829e-02,1.226170617965723805e-08
4.217949429515252709e-03,1.996558800348029183e-02,4.225308969667511614e-08
-4.021110118419247113e-03,2.971636093016834582e-02,-2.706384827295338067e-08
3.485379518598288873e-02,1.585575018031641983e-02,4.396453543248629474e-07
-1.074297073966937709e-03,2.102946498446361945e-03,-1.021728192845255433e-07
-8.064819140313793377e-02,9.885117822182256861e-03,-1.631743872419222747e-06
-1.433443236883778608e-02,7.949855338842695684e-03,-3.606288625509640371e-07
9.728580633434907518e-03,5.044812472878453490e-03,3.856946935336877579e-07
1.473981572594663080e-02,2.027916088119349324e-03,1.453721727857980519e-06
7.304549672251764436e-02,2.902722514570725814e-03,5.033002352181020243e-06
-1.921841665168875016e-02,4.135151562528917302e-02,-9.295342159238857583e-08
4.601502944985745407e-03,1.201602503540286776e-02,7.659106138551191548e-08
1.089984288757881586e-02,1.958894402770767346e-02,1.112880213218182904e-07
-2.940919356998171127e-02,1.444377793521184686e-02,-4.072316474477150600e-07
-2.269283017597249590e-03,5.835863190380350535e-02,-7.777191072792170608e-09
-1.971679363967571413e-03,1.853377502223426060e-03,-2.127705970670771616e-07
1.370248022364516961e-02,2.743436022089476567e-02,9.989495494333211051e-08
2.451042709242782190e-03,9.642951616620193400e-02,5.083702169272637010e-09
6.459933961087652339e-03,3.054441137454861829e-02,4.229952847862048326e-08
2.995851677317796710e-02,7.842456659265677893e-03,7.640246819873249711e-07
8.501055776276109782e-03,2.440627560046644811e-03,6.966434572933495490e-07
-2.049211369015820072e-03,3.379804293992184037e-03,-1.212647041162238318e-07
-7.185870599002076864e-02,3.861846907158375270e-03,-3.721547334102360795e-06
1.523749117124937637e-02,1.766518541186224214e-02,1.725180239545150895e-07
-7.291446057280420723e-02,4.411138859785532912e-02,-3.305994647015576560e-07
9.801776791580617265e-02,6.900717009031510918e-02,2.840859783502852011e-07
-4.920137255952834743e-02,1.279844901201098242e-02,-7.688809200144572532e-07
-2.522528012979093764e-02,4.267247528222924829e-02,-1.182299131246466116e-07
3.506826480852864684e-03,3.077715715716551094e-03,2.278898504076323787e-07
-1.152176381772023698e-03,8.471313270339881837e-03,-2.720241326989611029e-08
-1.358204362053543925e-02,5.170410221588175176e-03,-5.253870060915490813e-07
-2.630384371701922561e-02,2.175458878295860599e-02,-2.418285351758353794e-07
7.098959784767301662e-02,4.499344167148810157e-03,3.155620067922256211e-06
1.929465387436929760e-02,1.304046211659222465e-02,2.959260644964335626e-07
-6.984743599428865080e-02,1.196283533135617839e-02,-1.167765261582527370e-06
-4.272600057218098324e-02,4.865770966121141586e-03,-1.756223513408879821e-06
-3.109366169758425932e-02,1.896775444579254857e-02,-3.278650761562829943e-07
-6.340124109222061016e-03,9.066364923784840657e-03,-1.398633003180327768e-07
-7.124939571539548600e-02,6.180008236051708764e-02,-2.305851526048684696e-07
5.917749090116998512e-02,1.373514564693246315e-03,8.617126856787507767e-06
2.376089115969333074e-02,9.707977600545061869e-02,4.895230741368912702e-08
2.375384503950641116e-03,3.666002863291898707e-03,1.295926370464956712e-07
2.131016854667442187e-03,4.843166565136669544e-03,8.800283990722903333e-08
1.087767803605209404e-03,1.802361206485339831e-02,1.207073115232593810e-08
4.189213835837979349e-02,3.888506866210010744e-03,2.154710198382503806e-06
2.157477902093956051e-03,1.915055508845938835e-03,2.253223113534611057e-07
-2.874712977927779741e-03,5.257521204528864574e-03,-1.093585302517482463e-07
4.749737946279415646e-02,4.933232530234837876e-02,1.925649631204548371e-07
-5.694811949662521508e-03,3.664822443777023681e-03,-3.107890130890822552e-07
1.948589254952773657e-03,9.616828100234850463e-02,4.052543249321291638e-09
-2.161657590339595078e-02,4.174589358324249863e-03,-1.035648424060928549e-06
4.063969915135540178e-02,8.092295676989513797e-02,1.004426008465869841e-07
-6.575558738545175114e-03,8.146503281043169023e-03,-1.614360909785627373e-07
-3.337659933572541954e-03,1.941401755624365746e-02,-3.438475034673273801e-08
5.052582359835753462e-02,1.407679083722373006e-02,7.178752028626218269e-07
-1.097424625971886968e-02,5.220110583426828404e-02,-4.204692172008516530e-08
5.714411674218297481e-03,4.569923183060850373e-03,2.500931706573278976e-07
1.577142152276819406e-02,9.486878557353662159e-03,3.324962153256079624e-07
5.110722747102913049e-02,1.698434943694819912e-02,6.018283100592969588e-07
-5.342374772388520238e-02,1.860224062668504319e-02,-5.743918924631091010e-07
1.985177396858380221e-03,1.288518718867594356e-03,3.081398009738858927e-07
-2.072206870693074979e-03,1.304869252853859372e-02,-3.176181557426145227e-08
3.091878859443312252e-03,4.708162080809091300e-03,1.313440104059228826e-07
2.435885953680056414e-03,1.395808219368161558e-03,3.490361486198661855e-07
1.841878864968839180e-02,4.770320731241436095e-03,7.722407108635732439e-07
8.733077208630295185e-02,6.185411702983828301e-03,2.823825763104424694e-06
-1.248294987595434304e-03,1.868592339426021660e-03,-1.336108942562376876e-07
-2.040818856402014207e-03,7.431169512575388006e-03,-5.492707828324639264e-08
7.641531620915485712e-02,4.673577317766059065e-03,3.270168951611258117e-06
-1.039636258526523138e-03,7.778516526444480272e-02,-2.673153186801266061e-09
-5.610836573188289489e-02,9.181179836096287072e-02,-1.222273323164607337e-07
9.492972154395308559e-02,1.699995462416202269e-03,1.116846925329402043e-05
-9.866110744014738865e-02,5.882588523904142691e-02,-3.354414469476260994e-07
6.646266432758388132e-02,1.228172573736987377e-02,1.082324676583904638e-06
6.815898468302765412e-03,1.136956232257315888e-02,1.198998318284948940e-07
-1.184474966316937522e-02,9.658210234531995619e-02,-2.452835594827087801e-08
1.461807593375984496e-02,5.966665254392538448e-02,4.900018821225440860e-08
2.628311611148144433e-02,1.598646215795834422e-02,3.288241436879275981e-07
2.200140223927856548e-02,3.994937283172089737e-02,1.101487577391181650e-07
7.526995554451816790e-03,3.293580833526181528e-02,4.570803391887681475e-08
-1.117168777003818688e-03,4.378667748174597946e-03,-5.102887633723478599e-08
-3.360961761365453826e-02,7.783989600009244558e-02,-8.635759370945746296e-08
3.231651979865455583e-03,6.934864696616574974e-03,9.320212213059741476e-08
1.389000398465033842e-02,5.989500190211015374e-03,4.638216274682561775e-07
-1.537846825402676941e-02,5.083299865917872279e-02,-6.050713071885258510e-08
1.711929940044700123e-03,2.134761062626832316e-03,1.603894960185179075e-07
-2.131737179548934182e-03,1.806028155317282100e-02,-2.360741047434978538e-08
-1.272578081661102610e-02,3.352251293779938413e-02,-7.592539848628402483e-08
-1.073513230724497782e-03,7.040166855771790022e-02,-3.049745907666663201e-09
-2.691076744454675568e-03,2.471428664632437100e-02,-2.177796080529335268e-08
-4.131430540264181654e-03,2.050047791957246030e-03,-4.030655475881468713e-07
-1.457969934663860996e-02,4.843308442586224775e-03,-6.020681439094287601e-07
4.512786598599622528e-03,6.480819736900017558e-02,1.392688737038528640e-08
1.040121548058046399e-03,3.952817432646879223e-03,5.262796117512134602e-08
-5.894886561715373223e-03,1.913699867516753528e-02,-6.160852815519496584e-08
3.825245537800416040e-02,4.650329099324882615e-02,1.645185362173020972e-07
-1.169469267630364722e-03,3.742222409408087203e-03,-6.250264935298466002e-08
-1.362380010443516119e-03,2.636244726817854253e-02,-1.033598206115054101e-08
-1.353716783700840108e-02,8.652967611935363790e-02,-3.128973920759527878e-08
-6.232859283854400370e-03,1.497784441014489085e-03,-8.322948655642941593e-07
-1.014656343932113756e-02,4.137328303763136012e-02,-4.904990820538756597e-08
2.453746282535828466e-02,2.879609726598746436e-02,1.704257566959751910e-07
-9.936543526325759823e-02,1.917968061279364325e-02,-1.036175159354299608e-06
-2.114661850939350898e-02,2.129364605519781795e-02,-1.986232609703831075e-07
-8.064009669403099378e-02,7.208311733611105776e-02,-2.237467253687241953e-07
6.616920723743001387e-02,1.188793372356870132e-02,1.113239902012302621e-06
2.843960140417272492e-02,1.364347696981460523e-03,4.169055256080385896e-06
-3.189755912175368073e-03,1.201480273284350787e-02,-5.309822635582516329e-08
4.486664060614539706e-02,4.948961310301817212e-02,1.813212491972158353e-07
5.643747890573038231e-03,2.934435459282613151e-02,3.846646272003853841e-08
-1.222348930880902407e-02,4.628655530386227568e-02,-5.281770709568377932e-08
-1.687120598595813177e-03,2.622876624973808496e-02,-1.286493135808216356e-08
3.652783371859150141e-02,1.650226267224761062e-03,4.427103034245912437e-06
9.873704799964995449e-02,3.063604976058663300e-03,6.445944777791396110e-06
-5.900123177013465170e-02,1.562703327762575076e-02,-7.551335215051695235e-07
-9.438071231827321883e-02,6.855304776482995521e-02,-2.753567272917776355e-07
2.243755572379493163e-02,8.705243559575777737e-03,5.155061207035534498e-07
-1.128650227047699184e-02,1.024161285705990111e-03,-2.204094578787142022e-06
4.010517459567995539e-03,7.664384121828749993e-03,1.046555723171254861e-07
2.647360841820739497e-03,6.942248901216070689e-02,7.626972288879832681e-09
-1.295898200183489548e-03,3.135352879856231900e-02,-8.266538022332530362e-09
-2.011654778552589284e-02,7.354701520117063948e-03,-5.470507391127950885e-07
-1.317369941839665595e-03,1.761782335931150190e-02,-1.495528545156498576e-08
-2.429490498859353600e-02,4.538167952744841423e-03,-1.070714905359892165e-06
5.906830577843389524e-03,2.582467474136863634e-03,4.574660426182188237e-07
7.979160925818913619e-02,2.039860443537943463e-03,7.823407930656348992e-06
-6.628530451361904982e-03,4.011091702475846899e-02,-3.305170538274505129e-08
-9.435145795791202716e-03,2.218996507683577459e-03,-8.504155737457389201e-07
-1.178704935766331863e-03,3.414152712662201633e-02,-6.904963184328511042e-09
-2.828501828454925947e-03,1.340423589126988604e-03,-4.220399956669754158e-07
9.263665555937822260e-02,5.676227994184334519e-03,3.264090897398593931e-06
5.136593092297216806e-02,2.130243603601133899e-03,4.822642860975459490e-06
8.640298320021971845e-03,7.345032295129059682e-03,2.352741623797550177e-07
1.670711322527516484e-03,1.124512703765508798e-03,2.971503580709511447e-07
-1.083843105279889323e-03,5.229974195530510267e-02,-4.144823878827722613e-09
1.625148925134725858e-03,1.583231913916496869e-02,2.052994744124140784e-08
-1.230649881912370368e-02,3.969240129309037357e-02,-6.201065933420467681e-08
3.350915087981223839e-02,1.929742364184135195e-02,3.472988137974805952e-07
-2.165984862733165428e-02,1.333325780776637055e-02,-3.249064617876403097e-07
-8.231553964951180552e-03,7.561339312807537939e-03,-2.177320244005231702e-07
-2.297116916921317174e-03,3.125228308106044878e-02,-1.470078610968846383e-08
-2.254743648373500314e-03,1.369662871299487644e-03,-3.292476601238692466e-07
1.187179367361272317e-02,2.094069605690062827e-02,1.133873055093642052e-07
1.286985996343564765e-03,1.722330847197514831e-03,1.494501824594291122e-07
-2.844082213427175446e-02,3.573365848193458399e-02,-1.591856342192416696e-07
-2.595440760315247033e-03,1.669589628594748921e-03,-3.109142237444099184e-07
-9.858754127035952025e-03,1.476112371236618830e-03,-1.335801182939390492e-06
-9.161437464976660006e-02,2.396046926366245198e-03,-7.647289127248403084e-06
5.265249427234750673e-03,1.388290344291908882e-02,7.585388948735515633e-08
1.347605242219748149e-03,1.026639821224562292e-03,2.625329352635170468e-07
9.248855513157752672e-02,5.059625889932333614e-02,3.656021969984064336e-07
-1.636082584334140394e-03,1.315546224569734239e-02,-2.487358117222385117e-08
1.350899919675153547e-03,1.547662965763498683e-03,1.745765849350265830e-07
-5.744860046752934407e-02,4.973670769026007632e-02,-2.310157699526918020e-07
3.684868092717042548e-02,3.732559799238888490e-03,1.974487460120924692e-06
-1.084353796815644639e-03,1.357269865710808952e-03,-1.597879428886330142e-07
7.002531734695439242e-03,1.226456624167492765e-03,1.141936883801329897e-06
9.697948725412046389e-02,2.807896609029845048e-03,6.907771756489334949e-06
-1.633514170463031684e-03,1.093420307183672925e-02,-2.987961374132009142e-08
1.159656823491868848e-02,6.431370608943743142e-03,3.606327464259414520e-07
1.238717915504449624e-02,1.089478367302588666e-02,2.274013379770646981e-07
-1.074377200642714089e-03,3.325800676689410346e-02,-6.461000496270861428e-09
-1.497011341814117810e-02,5.996900056991460309e-02,-4.992723184654784736e-08
-3.285624384711175253e-03,1.647838504199518285e-03,-3.987883610488494189e-07
4.584636493117835720e-02,1.115058569970229368e-02,8.223305697659889193e-07
-4.548500237264009247e-03,9.019388610438537970e-03,-1.008626398060537137e-07
4.435241927967116526e-02,6.994653444435905421e-02,1.268207509305387898e-07
-8.455391071383637491e-02,2.740822863404264453e-02,-6.170096248331221814e-07
-6.153300963677311997e-03,3.605443570267844594e-02,-3.413411621698388453e-08
-1.922946795397995415e-02,4.152575917034189573e-02,-9.261661314773766073e-08
9.885268676006456201e-02,5.237461096739210939e-03,3.774912381045891795e-06
-3.190067436250081621e-03,5.818178222599642083e-03,-1.096609620494971374e-07
6.774356453565112159e-03,7.631743897073333879e-03,1.775347875297750921e-07
-3.486610370455567494e-03,9.128152697248849423e-02,-7.639408425044731967e-09
-2.705498459910429376e-03,1.279904027263086214e-03,-4.227748008165211410e-07
-4.882421082158126119e-02,8.443360476442450177e-03,-1.156535875809390033e-06
-4.225726844159670079e-03,1.041727869317998073e-02,-8.113090967184835015e-08
-7.825862404710767772e-02,2.097661121222156588e-02,-7.461670842384329727e-07
2.242421268679985896e-02,3.816913059512533693e-03,1.175016984469063937e-06
1.859971767368727349e-03,3.315228393517173199e-03,1.122101407014806206e-07
-3.266293440935986048e-03,5.725668094231256208e-03,-1.140954269168339020e-07
-1.189867666248948727e-02,3.039989505628004195e-03,-7.828269830552086451e-07
-1.703545127023385619e-02,3.789897456749367899e-03,-8.990117982497356063e-07
9.882999083981864816e-03,2.692873325027304865e-02,7.340270065911432956e-08
2.250225659067971434e-03,4.801773933413579221e-02,9.372675280967642505e-09
-1.157570333172493367e-02,5.813187830929100741e-03,-3.982650903707887342e-07
3.891503611144344048e-03,1.894584548562837888e-03,4.108115590364811280e-07
-1.155756649648254650e-03,1.908493141458685299e-03,-1.211197610626838215e-07
-5.573879419662529887e-03,2.884195522760236649e-02,-3.865200963626681152e-08
2.939925823886076900e-02,3.820339815569265274e-02,1.539123915518440539e-07
-1.595275372691861912e-02,1.706959676958855155e-03,-1.869182071950849019e-06
-3.221305580752705650e-02,3.903436082104068481e-03,-1.650532426160014062e-06
5.665667982011557240e-03,4.642961451318694359e-03,2.440592378710041530e-07
-1.010888163578820562e-03,3.265362362713739031e-02,-6.191714701144540204e-09
2.385043655382659920e-03,1.085060027111207047e-03,4.396243874265708685e-07
-2.698368625286185971e-02,7.121993747364966862e-03,-7.577726015507561753e-07
-5.663284857283765877e-02,1.308008654161847001e-02,-8.659583364477180103e-07
-2.111906453594547973e-03,3.096031903846983326e-03,-1.364295536036120675e-07
-2.961332440817055628e-02,1.761641468880733793e-02,-3.362086225956686096e-07
-2.138922743336361346e-03,3.412501052475941377e-02,-1.253607300253520832e-08
7.011435396146609329e-03,4.915105037543393562e-02,2.853076007272193306e-08
-8.009841979256264455e-02,1.917021696004767581e-03,-8.356725337708618314e-06
3.360578120742802044e-02,4.766524336516190195e-03,1.410104793580787599e-06
-4.086420980373073331e-02,1.787062904601156160e-02,-4.573434604956262369e-07
9.715757440559280242e-03,7.178997563265185344e-02,2.706774435510221709e-08
2.092703300110507203e-02,1.618821132807099147e-02,2.585520598507918151e-07
3.442862504989228217e-02,1.849714018092956519e-02,3.722667940954452620e-07
-7.749286197699550849e-02,7.398654621925815356e-02,-2.094826959038021567e-07
-1.527931749240320778e-03,5.838611115691528901e-03,-5.233998739036784915e-08
-1.152705734825087980e-02,1.526888125583906455e-03,-1.509907854491926080e-06
-1.604462228084218428e-02,3.411214757944498743e-02,-9.407184108776716096e-08
1.711409132147758121e-03,2.416224522553460721e-02,1.416627817368569091e-08
-1.448948956920129757e-03,2.731378735564993481e-03,-1.060987752620285508e-07
1.317847308325586662e-03,8.464113194989351593e-03,3.114030337545826626e-08
6.003401202225537754e-03,6.352430071744366580e-02,1.890151794832634940e-08
5.778343702691384268e-03,1.170676869597999520e-02,9.872008967242327774e-08
1.845995562308238832e-03,8.302683277765654166e-03,4.446838833127671929e-08
4.306753201004484728e-03,1.248713387932581060e-03,6.898051387405881691e-07
1.399423624928978040e-03,5.735474598988225120e-02,4.879991311577198574e-09
3.678977936046642916e-03,5.957704614332673572e-03,1.235058202921545309e-07
-4.537436359386816040e-03,7.014990998096759522e-02,-1.293667408008399454e-08
9.138705221777353171e-02,1.435370993307217083e-02,1.273384946663781372e-06
-3.370364712196006855e-03,7.187444302568000466e-03,-9.378677774713068163e-08
-1.871096428415435333e-03,2.721880666033516666e-02,-1.374884757331064427e-08
-9.600233544661437163e-03,1.633853144079811665e-02,-1.175189731920330130e-07
1.497287158117623085e-03,1.686808120676657960e-02,1.775328090172607986e-08
3.970541534596932001e-03,5.357768122216096350e-03,1.482193954683124617e-07
-4.261564449791231841e-03,5.644194612143063616e-03,-1.510102022382821390e-07
8.380979224852697432e-03,7.512778809862633023e-03,2.231173636418699127e-07
-1.678485462611570105e-03,6.262633517047445919e-02,-5.360432039722815349e-09
-2.811418880182589217e-02,1.156563668400446311e-03,-4.861779070018949262e-06
-1.883934821931447512e-02,2.459571127798451749e-03,-1.531953895589663095e-06
9.922700594879853286e-02,1.445556195555346190e-03,1.372884860938724673e-05
-3.433032929635480499e-03,1.789243518010546347e-02,-3.837494135505499818e-08
1.748307693480168415e-03,1.151952106035541599e-03,3.035446995965302879e-07
-2.350063241334768467e-03,1.966387251514478945e-03,-2.390285118875435044e-07
-3.886422716211335865e-02,1.983915430001557522e-03,-3.918014950760136505e-06
5.883948770241855496e-03,9.358381341610225168e-03,1.257498144207584133e-07
8.323478412726228667e-03,3.395617639033024927e-03,4.902586722867442612e-07
-6.438486566154849600e-02,5.037059026230160386e-02,-2.556500970341031585e-07
-9.550776597361849626e-03,6.856508249732214122e-02,-2.785960097371039144e-08
-2.370748200743299366e-03,2.663312650593120667e-02,-1.780338099085723525e-08
-2.823560514763348399e-03,1.472452488115058231e-02,-3.835261827482882296e-08
-4.496197931726483160e-02,1.010454537985649775e-03,-8.899545975374555955e-06
1.518010233485447098e-03,3.719320956267342573e-03,8.163008530292776884e-08
-1.437505222049412657e-03,1.356461611782878475e-02,-2.119537630833230418e-08
-1.063863461119199383e-02,2.394173242715787880e-03,-8.887293614340542544e-07
3.100733880810153161e-03,1.683370700353507398e-03,3.684036623932879185e-07
9.153142633359911962e-02,1.237775923339056025e-03,1.478997389434368978e-05
-8.881177631997677624e-02,1.365128691152503286e-02,-1.301176377537288981e-06
3.585822208625824570e-02,3.119216427988650338e-03,2.299230179459252625e-06
-4.621159781621622144e-03,5.152172341192988447e-02,-1.793906532258265475e-08
-3.630346712824351896e-02,9.552985599936511876e-03,-7.600605453561629113e-07
-4.382546683562141970e-02,4.676837402885088840e-02,-1.874189445496646679e-07
1.580245267773625756e-02,5.837956393048419380e-03,5.413808129814055942e-07
2.668335854441040295e-02,2.738333401926572666e-03,1.948917144482512769e-06
6.634696337452785156e-03,7.494152693331035398e-02,1.770670374373543203e-08
1.020085217362497534e-02,2.017920554641378789e-02,1.011047589382067399e-07
-3.264307144647253089e-03,3.211247816724081133e-03,-2.033089051896120943e-07
1.128193912547212525e-02,3.703223547711690516e-02,6.093166292005811674e-08
5.373282130149419078e-03,2.375653892969697457e-03,4.523719661437341374e-07
4.783483075212710024e-03,1.183219784757188857e-02,8.085707503594806647e-08
-8.770450903274589621e-03,7.482914946857650851e-02,-2.344176570461389980e-08
-2.202689803385445358e-02,3.756587363028931602e-03,-1.172732757478353534e-06
-1.111927431074291595e-02,3.245133429619635312e-03,-6.853037277019973973e-07
1.906796965763051009e-03,6.650156617806429749e-02,5.734714304472106142e-09
4.192703820286943633e-02,8.091923129993169872e-03,1.036290802983985914e-06
-1.706971833420263193e-02,2.718346903912515541e-03,-1.255916263312085619e-06
4.413014403155420678e-02,6.697414827144756826e-03,1.317854165880942197e-06
-4.699261736311217963e-02,2.917019720060294932e-02,-3.222029243218369237e-07
-1.601605696038939375e-02,1.514955637998350105e-02,-2.114437717270757579e-07
2.498451954735037700e-02,3.042154495816885157e-02,1.642589130294395473e-07
-1.770061167678508088e-02,9.001946370438726822e-03,-3.932702201698759295e-07
4.079520758196839188e-03,6.930437165138227974e-03,1.177301575300568566e-07
-7.055627076070068726e-03,1.501878912324824305e-03,-9.395932904267368744e-07
7.651226171216546704e-03,2.338128728691160011e-03,6.544882136569748035e-07
-2.136784934686047910e-02,1.929118923087807646e-03,-2.215343218274959663e-06
3.831423514959875123e-03,1.266602495385313418e-03,6.050050910082860694e-07
-3.759043847526359530e-03,3.846754469910428770e-02,-1.954439055863292747e-08
-3.435300208652578707e-02,2.009703801456173833e-03,-3.418785473064718313e-06
2.768272222815294434e-03,1.075592889982355822e-03,5.147544152148507026e-07
-4.053075897309341841e-02,7.825753519220950138e-02,-1.035852167898943679e-07
1.830936482237991922e-02,5.908111019594294855e-02,6.198175069321912110e-08
5.876931883283387226e-02,4.739692751323442040e-03,2.479931445971455946e-06
-3.409596751580572238e-02,1.776788050164449656e-02,-3.838014419516448201e-07
3.719139872670162300e-02,1.087852458170536713e-03,6.837726454340272847e-06
-6.693754498571296771e-03,2.315637079819698671e-02,-5.781472882600194424e-08
1.777229283788082405e-03,1.130383594519418847e-02,3.144537822933468272e-08
3.447453834001351115e-03,4.324745374854515982e-03,1.594325984598398867e-07
4.388571607968065613e-03,1.421367708221602660e-03,6.175270025091150048e-07
3.040991504575757398e-02,1.128626851216751577e-03,5.388948542321844028e-06
9.988409386628678902e-03,1.624576464803539596e-03,1.229689274046080189e-06
3.275199078354995574e-03,9.226103313120539301e-03,7.100004071385709364e-08
1.332963568991099752e-02,3.495758856102442261e-03,7.626337511678357090e-07
3.299142380505091978e-03,2.658304563506688756e-02,2.482192905699342850e-08
-8.010137690598930979e-03,9.880695843578907178e-02,-1.621405563817898107e-08
-5.825337062546212009e-03,5.890619035206660220e-03,-1.977877231273300144e-07
-2.103806489524905586e-03,3.727995292063000527e-03,-1.128676917328188056e-07
-9.128930868606142252e-03,8.994184966695244199e-02,-2.030005954306838669e-08
-3.557873524365571388e-03,1.855750806856499777e-03,-3.834511598727740979e-07
-1.241483069589136793e-03,6.565681481386428410e-03,-3.781814297173034568e-08
-2.247081119698136203e-02,1.133168665653789577e-02,-3.966097642056446641e-07
-4.421341216245801287e-02,1.585119236781784222e-02,-5.578678123917504180e-07
-3.699278352752486537e-02,3.988376591997034801e-03,-1.855068968168117951e-06
-5.529674539137181995e-03,9.040599942576797721e-02,-1.223324087742366205e-08
-1.325014905077816392e-02,1.410654937877640902e-03,-1.878621024459894771e-06
1.177966014940865294e-03,3.697116702417016509e-02,6.372484818021931845e-09
1.225837658014834698e-03,4.339815431280780178e-02,5.649381549995568653e-09
-8.075575787068618380e-03,3.022061121066282538e-02,-5.344529292198686652e-08
4.947722955310016046e-02,3.575471017083675651e-02,2.767650967629859521e-07
2.295855300402234629e-03,1.144538520851555961e-03,4.011929629211441536e-07
-3.507830662409086586e-02,5.058556249321226328e-02,-1.386919468806021051e-07
7.657539793402598494e-02,7.695471531174645670e-03,1.990184019211637712e-06
-2.490953478740037461e-02,1.268555443551509744e-03,-3.927311701442609929e-06
-1.550315060417091842e-02,7.032510712720793471e-03,-4.409088048871675898e-07
-4.059702777095960946e-02,2.015471715256107049e-02,-4.028624032571885617e-07
8.850473003305743547e-02,6.141335502235893695e-02,2.882324453007518156e-07
-1.093240206076064513e-03,1.786701407288815435e-02,-1.223778514125402612e-08
-6.925757786253543442e-03,8.906802208668468390e-02,-1.555194454375145177e-08
2.095750089458927202e-03,6.608135544546563100e-02,6.343073721588818043e-09
-3.677304209372598415e-03,1.515169601905743367e-02,-4.854086579421678785e-08
-8.391952286638112990e-02,1.494960629963792758e-03,-1.122722583425180951e-05
-2.084566426638437189e-03,1.775996510927011982e-02,-2.347539123171779299e-08
3.835164289911052043e-03,3.268915703408802401e-03,2.346494062397188103e-07
-1.912135698800910720e-03,1.090279768705956732e-03,-3.507679983298766115e-07
2.650323026990704725e-02,3.877444737913533085e-02,1.367075188303669462e-07
-4.659581980001885511e-03,1.821299296071444626e-02,-5.116875444430965097e-08
-1.957779548270160638e-02,2.925399495835356509e-02,-1.338498267283082052e-07
9.390505582559589490e-03,8.762410609599750877e-02,2.143406694647832079e-08
-7.681502925350518207e-02,4.195615308460216852e-02,-3.661758910833875195e-07
-1.054783108536837266e-02,3.290782400148008820e-03,-6.410666857411582240e-07
2.239392362758467567e-03,2.126146986011038641e-03,2.106571070717081113e-07
-1.599300438036983796e-02,2.472347847915026819e-02,-1.293777786919259127e-07
-4.428094900884186301e-03,1.557089338709361469e-02,-5.687777474079508616e-08
1.029174764510589098e-02,1.065828762846597264e-02,1.931260690283676534e-07
1.005609679409159548e-03,1.501991896015814325e-03,1.339063165141821288e-07
2.490631601835592741e-03,5.851220732370441407e-02,8.513383954848415597e-09
6.896726034273826557e-03,1.090377646041041336e-02,1.265042869832707961e-07
4.730201726535537832e-02,1.432408201709750931e-02,6.604684420878968708e-07
9.617452276731522365e-02,1.249864235460000726e-03,1.538992158732926149e-05
8.692518122264097924e-03,9.068120666362394777e-03,1.917200450729784562e-07
4.103484130483247422e-02,1.419612466577798056e-02,5.781255480979230964e-07
-2.674826206218520672e-02,1.787802981182025006e-02,-2.992368817786648283e-07
2.611971826188256088e-03,2.061310201986702329e-03,2.534336880258034802e-07
3.152516097503701032e-03,2.080586533036922915e-03,3.030475225093030322e-07
-3.750338953403842962e-02,1.716091302446444509e-03,-4.370884582925237089e-06
5.529223781718366898e-02,3.155310556154870567e-03,3.504784060593885800e-06
1.364599807395643375e-03,7.320321826047260227e-02,3.728329947036130462e-09
1.394595931830275477e-03,2.851485934100500205e-02,9.781745709184670584e-09
3.278797214499582120e-03,2.833520838931164604e-02,2.314341028821793807e-08
1.882363948010625995e-02,8.037438348807600039e-03,4.684089124966662067e-07
2.548441909068499545e-03,9.918683081105604538e-02,5.138778903753277821e-09
-5.479719266778215747e-02,4.576820862558611015e-03,-2.394603446894581058e-06
4.425035539899538350e-02,3.477926378923806155e-02,2.544694122253064885e-07
3.099682867703503972e-02,1.389738318273681106e-02,4.460909769441902068e-07
-1.716236218629609012e-02,2.071005198499622363e-02,-1.657429567004118383e-07
5.596046419068473332e-02,7.878729100013069989e-03,1.420575591702935782e-06
-4.068743700807482544e-02,4.845172757743469727e-02,-1.679539704138057902e-07
1.736612394589027043e-03,4.525080033691025565e-03,7.675661955016023218e-08
-5.091291480404276648e-02,1.640640918496035286e-02,-6.206598193742133118e-07
1.770287326023438704e-02,3.389552446745064396e-02,1.044577363228181826e-07
1.363548467549387244e-02,2.273477703309819981e-03,1.199552025662272885e-06
-1.489109719456887691e-03,7.059571123824518075e-03,-4.218786896365717946e-08
-2.857365834404837143e-02,1.139890975575590971e-03,-5.013508323508036978e-06
-8.624535861005243678e-03,4.081291454713269207e-02,-4.226465522868625725e-08
-9.499323052376324253e-03,9.858899484875432995e-02,-1.927096340446837596e-08
-4.462119541589968513e-02,1.166417131473703340e-03,-7.651146532363066404e-06
-1.744197973581985972e-02,6.129738062453089081e-02,-5.691058753352664772e-08
-4.095025430841461173e-02,2.534173419153148976e-02,-3.231911649463312662e-07
-9.193064904822505212e-02,3.458374438675083234e-02,-5.316520855654555504e-07
3.511656649536624292e-02,5.005851990608300647e-03,1.403050329091917563e-06
1.074404582054692275e-02,5.395302102037115299e-02,3.982825624227980504e-08
1.678198204391812345e-02,5.205866442894631525e-03,6.447471605301923532e-07
-7.454929638383662668e-03,1.170057755124995907e-02,-1.274311074856058572e-07
-1.954153481697700964e-03,2.902082147249866045e-02,-1.346753699928042388e-08
-2.022809437516597149e-03,3.485915053314545507e-03,-1.160586139314281135e-07
4.969050576031232291e-03,1.729478055887782167e-02,5.746422704010348344e-08
9.736228657564859057e-02,4.521294219915387470e-03,4.306923954113575762e-06
-3.815712603224338806e-02,2.394839812452134384e-03,-3.186679564213046049e-06
-8.139279294326587366e-02,2.376911608256521494e-02,-6.848762842074016774e-07
1.364257532628391709e-03,7.965637494713695421e-02,3.425429472976307250e-09
8.372620364110128222e-03,8.232124897723975404e-03,2.034176612811904439e-07
-1.752173549353725282e-02,5.018752203483782363e-03,-6.982654838162375734e-07
1.258777944790707981e-02,7.261710297076921783e-02,3.466964655501566366e-08
1.118718493526868127e-02,6.093465305756723058e-03,3.671940902189329314e-07
9.368043304561114726e-02,4.731287957194992705e-02,3.960123379175486694e-07
-2.828610597080506196e-03,6.093171980967843071e-03,-9.284722664988303448e-08
2.192920424668804574e-02,8.195207656838411625e-02,5.351827639644430652e-08
-8.722488402352061854e-02,6.155807689308946846e-03,-2.833965539696719250e-06
-1.842712849250113805e-02,2.323143044246707423e-02,-1.586430024450306412e-07
-6.238859328971050472e-02,3.581349212095080031e-02,-3.484157116661904585e-07
-5.696178785466229910e-03,1.297930417224814033e-03,-8.777511554461536831e-07
-8.860994707345339061e-02,1.776704661678318517e-03,-9.974851605299629950e-06
-9.650817976579161017e-02,1.103782930698823765e-02,-1.748717511111306669e-06
1.375123308109899587e-03,1.120719743669735006e-03,2.454052381986980038e-07
4.433062903478005717e-03,2.343042442970225819e-02,3.784102976196359581e-08
-3.657011247229610858e-03,1.283560587585791390e-02,-5.698350132961494274e-08
1.189696062138469179e-02,4.831068319608491229e-02,4.925292793006389878e-08
2.021423056870291432e-02,3.217175281320037300e-02,1.256671309476967561e-07
-9.093768659729262877e-03,4.740430586681986316e-03,-3.836766047814094084e-07
-4.782161964442995655e-02,1.269843649067478901e-03,-7.532050754003168895e-06
-1.249666032969577560e-03,9.152388150932422306e-02,-2.730855643804376759e-09
5.254149741852562512e-03,5.120960544195946734e-02,2.052060800480963476e-08
7.157439048543991558e-03,5.855508891900099155e-02,2.444737429177223199e-08
2.000735687444516256e-02,1.798245023553342661e-02,2.225256405360744812e-07
-2.032056837468484284e-03,2.401651641777328202e-03,-1.692252038237059280e-07
1.055127076169635157e-03,1.383947648958232766e-02,1.524840132649046159e-08
-2.230570893381568671e-03,1.935698930143149935e-02,-2.304716064230266115e-08
1.783638318519819785e-02,1.805432554725119182e-02,1.975898960846431333e-07
-2.387356030361994803e-03,1.215607396040235127e-02,-3.927923901264653009e-08
-3.303523790614335334e-03,2.905394458292044017e-03,-2.274110393502473096e-07
3.273183169685545818e-03,1.883254701684130769e-02,3.476165597727689864e-08
1.429874327416578690e-03,6.481979016424173345e-03,4.411938561816063458e-08
-7.672149912566712804e-03,5.494161490648554608e-02,-2.792896667840784221e-08
1.252548860986996571e-03,5.236570792869280934e-03,4.783953012490018884e-08
-1.915343332069911839e-03,5.106750540967275494e-03,-7.501380560451854041e-08
3.633552931323343060e-02,5.559639491087679970e-03,1.307145909287890761e-06
1.540741465713973447e-02,3.950102033038600108e-03,7.801186582921828265e-07
1.432521612143600707e-02,4.834243554290639650e-03,5.926685255996031045e-07
9.568717590976825657e-03,3.575781738019023596e-03,5.352071950016983295e-07
2.797695976749875121e-02,1.157920235571844583e-03,4.832380051069751731e-06
-3.940986351767514044e-03,1.731264570880042177e-03,-4.552822274751563828e-07
-7.990503441125912376e-02,6.557225819325959715e-02,-2.437211455510832741e-07
-2.291429305618527222e-03,1.819549104757578212e-03,-2.518731599082840860e-07
1.866360102506657310e-03,5.215384754707849159e-03,7.157284767678143178e-08
-2.490121298599720125e-03,2.355553440805021465e-02,-2.114300680055990034e-08
2.449701286414518279e-03,1.877594470064899643e-02,2.609459380450732631e-08
-3.224063704781479633e-02,3.010873546418985428e-03,-2.141658921444036408e-06
-8.663235718721618017e-02,4.312654817077798616e-03,-4.017673501436730185e-06
1.598780096120711730e-02,1.741162501368694396e-02,1.836490286660894791e-07
-2.834836776828116717e-02,2.815475948016403843e-02,-2.013795865304710867e-07
-2.047848214820331345e-02,1.390582742114967584e-03,-2.945371883706990837e-06
-3.043658614810524840e-03,3.317761540976773421e-02,-1.834805269495226118e-08
-2.627854111275158572e-03,7.528376357888001691e-02,-6.981345592569371140e-09
-1.477294566454025529e-02,1.437823867379360143e-03,-2.054946975689886154e-06
-2.712136476693540257e-02,6.016788147788297569e-03,-9.015421324224934857e-07
1.698118212397896560e-03,7.764235787523439403e-02,4.374298464430341151e-09
2.954982248748462027e-03,5.147806239294153499e-03,1.148079315600119347e-07
2.060548774238934663e-02,8.500799285840918151e-02,4.847997029082321541e-08
2.239917375921985504e-03,7.062920516904341861e-02,6.342885737850102425e-09
-1.029807065845453860e-03,7.700143725481190318e-03,-2.674830360554115375e-08
4.897539337470366988e-03,1.063331307160086253e-03,9.211885693069180499e-07
-2.834805531870992004e-02,7.816987121355907162e-03,-7.253090281101820414e-07
3.293293662143208927e-02,2.216772276525136656e-03,2.971314245318389245e-06
-8.180294437862885987e-03,7.646555273674002055e-03,-2.139647899363254130e-07
-7.264422848557851135e-03,1.442052935294029165e-03,-1.007532631998218784e-06
2.818855751887632769e-03,3.893782212307010659e-02,1.447906119987194728e-08
5.638624008590597050e-03,1.214251047535420784e-02,9.287607584467286008e-08
-6.490599393070465607e-03,6.479948682259922821e-02,-2.003329777673216749e-08
-6.522710818785705175e-03,4.427156910381816607e-02,-2.946744068669972814e-08
2.341624054740468891e-02,4.273165797983038278e-02,1.095990110242578733e-07
2.066146856601002585e-02,1.171892734209053263e-03,3.526245406131606869e-06
1.216893983257033227e-03,2.606613468020095581e-03,9.337171098404942441e-08
-2.070691988387847633e-03,1.335583952578794399e-02,-3.100869712375838511e-08
-2.359618711995629253e-02,2.366544732405581868e-03,-1.994189024756543039e-06
-5.537107394538329924e-02,3.080900384831046935e-03,-3.594549748530266020e-06
2.737474679092386301e-02,9.619447087876023539e-02,5.691663405244168434e-08
-1.456609674859095241e-03,9.615734459939595871e-03,-3.029702160793489564e-08
-1.057790468407154068e-03,7.306498088922570855e-02,-2.895540090943246356e-09
-9.105630718821312863e-02,3.607297519547390807e-02,-5.048557167728050214e-07
1.118644808302847850e-03,7.962926495228166146e-02,2.809691985722257400e-09
-2.020305474550834063e-02,5.627413212308531726e-02,-7.180380237055460903e-08
-1.498760283573432293e-02,1.406163853863818224e-02,-2.131745987170369999e-07
3.054430253692752041e-03,2.875077493962154788e-03,2.124808846334927497e-07
-1.395438532931638463e-02,1.137458608630397515e-02,-2.453659629320336525e-07
1.318804741862656836e-03,2.454263589935162717e-03,1.074727851349203443e-07
4.542047026817178090e-02,3.172215114678236109e-02,2.863704516804829078e-07
8.921896571278623012e-02,4.348115221022575555e-02,4.103886569534473434e-07
-5.685820303054192268e-03,8.624037035768574930e-03,-1.318626274751000302e-07
-1.607701561445714798e-03,1.354260675617637542e-02,-2.374337074317550301e-08
6.995628590451641836e-03,3.385083675107118661e-02,4.133296342635804588e-08
6.810723053034162255e-02,3.674800612580767650e-02,3.706795685093796237e-07
-4.950564048629833847e-03,1.014231894685002503e-03,-9.762400669142515099e-07
-1.047635051602746050e-03,5.010340715912012244e-02,-4.181980165492307169e-09
1.311785318885711664e-03,3.905740733374859532e-03,6.717359061957688525e-08
-6.967338832966635774e-03,1.034268409516552909e-03,-1.347326586642373361e-06
-9.588817644732310422e-03,1.039997267408423499e-02,-1.844047354806035635e-07
-1.458426362321282865e-03,6.412905096792603787e-02,-4.548507353627685802e-09
1.530995664678431317e-02,3.184816472319197244e-03,9.614545482302399702e-07
-8.824610737369016633e-03,1.923227316227366784e-03,-9.177072161052096871e-07
3.861314851096862844e-02,2.011966034215367100e-02,3.838431359682120927e-07
8.902735848483583903e-03,4.346436222421639663e-03,4.096654934908792545e-07
3.030446955716522769e-02,5.543840802999171896e-02,1.093289417029215378e-07
1.663072283505058436e-03,1.075702110696007650e-02,3.092134049551641680e-08
3.630660669749441200e-03,6.486317161396032427e-02,1.119506677110189616e-08
1.262693434172383611e-02,1.331879379009183635e-03,1.896148013496812710e-06
-7.983485062102102514e-02,8.237430308325030537e-02,-1.938384693985182539e-07
1.239804714282361810e-02,6.982244711023596895e-02,3.551382299686023025e-08
-2.965982201358285334e-03,1.966024188002234250e-03,-3.017302773867033513e-07
3.602058072179765199e-03,1.554290986552798928e-03,4.635083794313779407e-07
4.771853630133236074e-02,1.401767806855434666e-02,6.808481163423888825e-07
3.247643599930813418e-02,5.291050564474535089e-02,1.227624817333471188e-07
-3.226868714697115215e-03,2.292262021820400727e-03,-2.815504627929879686e-07
-2.408087577297677792e-02,9.627682242711586846e-02,-5.002530409147922469e-08
5.461463485605592277e-02,1.195987337672781365e-03,9.133172511425712817e-06
-3.924536681426401587e-03,6.294143658315425049e-03,-1.247070338608093494e-07
-5.689566375682110488e-03,1.731771778642125607e-03,-6.570943281508764661e-07
2.632225699142808507e-03,9.400493442223859311e-03,5.600305030893240225e-08
-2.442608267729822966e-02,2.240133047701740182e-02,-2.180816969470279289e-07
1.446271610106742225e-02,1.648957692766842703e-02,1.754201815896093510e-07
-1.556844798621639025e-03,8.950401390938046015e-03,-3.478900566728654023e-08
-7.380924191264598422e-03,1.508919592289504827e-02,-9.783265852765609420e-08
2.103696050175974525e-02,3.142297740053026298e-03,1.338982394012528986e-06
-1.009344038329976906e-02,5.148382758179166629e-02,-3.921097154951800472e-08
-3.175575108505528099e-02,5.282449845925880211e-02,-1.202337007936276392e-07
-1.021702027915011822e-02,1.154615059034785722e-02,-1.769808375565389276e-07
-4.259307091513909668e-03,9.128689097232442484e-02,-9.331892887860488631e-09
8.769093276787771896e-02,8.269922840702699507e-02,2.120764476820340852e-07
1.544534759262769811e-03,4.825533916223904811e-03,6.401644045595119516e-08
-9.837504678756910093e-02,1.398499492380291843e-02,-1.406895520922142197e-06
1.184126812870930738e-02,2.252562402032076520e-03,1.051382132969659164e-06
-4.881525423902737838e-03,1.169029915317694283e-03,-8.351589485401658451e-07
1.735289624710450312e-02,8.338436473266267607e-03,4.162234588044632960e-07
1.430928412929812670e-03,4.181101953191482777e-03,6.844888179553859646e-08
-4.456406152183205183e-02,5.672242668103671427e-03,-1.571336399212417547e-06
-3.896547531000302093e-03,3.130083128821811809e-03,-2.489793418953501832e-07
2.188973804209334850e-03,4.280409702532786409e-02,1.022808745177492404e-08
5.900383197399156759e-02,1.253875521322569270e-02,9.411633388430249762e-07
4.994079016265130094e-03,2.457496445569266191e-02,4.064449381711711156e-08
2.751639909972449990e-02,1.091869219063627654e-02,5.040344084725830241e-07
3.692599378045254357e-03,1.501340757471050173e-03,4.919173332008220758e-07
-3.852480668350993787e-02,3.450744043456561300e-02,-2.232887946201654185e-07
-1.138253878209948868e-03,1.570684383330870140e-02,-1.449403885053291005e-08
2.226308107201362563e-03,1.863562884550828231e-03,2.389353589039902915e-07
9.532560434019891893e-03,2.086897554105194771e-02,9.135822337819837609e-08
2.166144911590223068e-03,8.741310349758670342e-03,4.956215429472396272e-08
-2.750103356747959221e-02,9.643368084400309043e-03,-5.703736847773365496e-07
-7.258270874205054179e-02,5.203613551592569525e-02,-2.789763217452326325e-07
1.760078224662313699e-03,7.939517883183976055e-02,4.433809676217462122e-09
-4.969433794272672469e-03,5.481677837702479336e-03,-1.813145302123057328e-07
-1.057316235786288049e-02,1.080731845680644315e-02,-1.956708629599462058e-07
-1.200626695144304309e-03,1.533332864186550543e-02,-1.566068518809129842e-08
-3.350320767772987495e-03,1.602245371977073680e-03,-4.182120786068992173e-07
1.606729369602851896e-03,2.663352410059061093e-02,1.206572173228323566e-08
1.049609417931253452e-02,6.298939100273376335e-02,3.332725293311075693e-08
-1.083578491309036308e-02,2.380767928118078178e-02,-9.102957614494540193e-08
2.128513637264930342e-03,6.186787259328837066e-03,6.880982647873134484e-08
3.231023087616537691e-03,4.779899835981872916e-03,1.351949512478837899e-07
-3.990526985673764279e-03,1.639216825414170587e-03,-4.868924688698336384e-07
4.011146341814291610e-02,1.523880712649920439e-03,5.264495305873057578e-06
-1.447862994160536640e-02,5.207651607780370076e-03,-5.560639675441946422e-07
-4.786209139867508844e-02,3.775792428880118522e-03,-2.535261542387391935e-06
4.660017174994333933e-02,2.970278016607565130e-02,3.137831543499931676e-07
3.001305972522406475e-03,2.432734396440599731e-02,2.467486498192300755e-08
2.680964917770855757e-02,8.094610913875613378e-02,6.624214102231994065e-08
-2.541764568354410586e-03,1.347452442964172138e-02,-3.772776544988297471e-08
-1.016390016981920733e-02,3.045466850985954158e-03,-6.674914731528776413e-07
-8.122508312991358337e-02,9.576795426845433057e-03,-1.696325388949585075e-06
-6.853535808092572901e-03,4.994047825155654985e-02,-2.744739910522562488e-08
1.440554757640094379e-02,4.864127515839048593e-02,5.923304070734054285e-08
-2.555713714437344436e-02,8.256134186164311439e-03,-6.191197648935393362e-07
-6.862003245757254156e-03,1.128843914527810112e-02,-1.215783461176600923e-07
7.158361554123197218e-03,5.876745479054304964e-03,2.436216925887403652e-07
6.108379992673387826e-02,4.284637069978373264e-02,2.851354487391821238e-07
-2.080110209613424133e-02,4.542979166831026538e-02,-9.157666183647907673e-08
5.956181203001691821e-02,9.621085445974220801e-03,1.238177871589531060e-06
2.205163271695137744e-03,2.003437780931502030e-03,2.201426039025828540e-07
-1.331412202386694993e-03,4.864535768162841362e-02,-5.474069916412542038e-09
-2.215553344747273057e-02,2.242643980576150553e-03,-1.975882361979042897e-06
3.509048031134215286e-03,1.337729920453986426e-03,5.246384063047570608e-07
-1.128672826015411114e-02,3.075704642359592539e-02,-7.339435345750982353e-08
-5.132524414474657487e-02,1.734943354894917175e-02,-5.916773334312490656e-07
-5.271349561526435419e-03,1.688007878034269299e-02,-6.245778174264275611e-08
6.200465285353435468e-02,6.296330401193560300e-03,1.969590672386032512e-06
-4.392319640810321037e-03,1.712536832666012795e-02,-5.129714853626886757e-08
-3.116603584220375110e-03,5.322857031249426940e-02,-1.171051440093821356e-08
-1.602994018542507407e-02,8.638308312866908520e-03,-3.711439704123099382e-07
-1.253429928348037898e-03,1.310153167267227728e-03,-1.913450348173596507e-07
7.383700461767322976e-02,2.134588684621489471e-03,6.918294979729847634e-06
3.108327275759005873e-02,1.902386665763019418e-03,3.267887930299157350e-06
7.396995455865314206e-02,2.591075713346903744e-02,5.709715334307105221e-07
6.614971441017306747e-03,2.168020319857586961e-02,6.102444430166955361e-08
9.845113532859283562e-03,1.073747473821944076e-02,1.833824547157586426e-07
2.129698869826143152e-03,8.301267090580481678e-02,5.131130039162576425e-09
-1.867961843326174098e-03,1.072958839920949009e-02,-3.481962957790669852e-08
-3.823647255365098668e-02,1.871675614303516420e-03,-4.085887892311808754e-06
8.133920611961440936e-03,1.430957485240895097e-02,1.136874189292073309e-07
-5.049590975354654315e-02,2.762020262305346988e-02,-3.656525015361034197e-07
1.949441556052470409e-02,2.838543952847736793e-02,1.373579512198883361e-07
1.169001818496689937e-02,1.855855802220779177e-03,1.259824836425466218e-06
-1.794232664002944760e-02,1.832622198412022299e-02,-1.958145793664217330e-07
1.358531015340169084e-03,1.875940106536316473e-02,1.448404273435915985e-08
-1.137862050701452139e-02,3.829811878903625205e-02,-5.942256297986428492e-08
-1.402930941748812589e-02,1.448677434243460628e-03,-1.936884869741924308e-06
2.686613988457280458e-03,1.312465472554391523e-03,4.094082526496567707e-07
5.345905128538296081e-02,3.358515683595258809e-03,3.183560259050704498e-06
-9.465684345054882487e-03,6.843979364076367179e-03,-2.766193360507051109e-07
1.156638373443510601e-02,2.205667897147545187e-03,1.048809669317044905e-06
2.223683366208666426e-03,9.572093745270101109e-03,4.646278224614565081e-08
-2.384317603452106374e-02,1.368055718100497867e-03,-3.485776419512543716e-06
-2.386630828011496001e-03,1.117755479101760659e-02,-4.270489386308702067e-08
2.733716011712633912e-02,9.912682535406397086e-03,5.515709782011804985e-07
5.675528935666605823e-02,3.132202912835382186e-02,3.624062353011207702e-07
-6.791238515769978945e-02,6.172747913325987018e-02,-2.200440605034604366e-07
-8.885315035265782882e-03,1.525726415856397573e-02,-1.164757118290630249e-07
-5.385002573798486000e-03,5.678703518705666142e-02,-1.896600795139883284e-08
-4.842941845750922680e-02,9.229442692809898888e-03,-1.049477143750235356e-06
4.871841708314819143e-03,2.054363831314515946e-03,4.743020665740744447e-07
2.607609736904478379e-02,1.107060765500446700e-02,4.710970043779072047e-07
2.539550353237318963e-03,7.147567280593142280e-02,7.106205858208556102e-09
2.115503003778229987e-02,4.567515169520077953e-03,9.263452012226537164e-07
-2.326297483682060289e-03,6.616572077238819238e-02,-7.031879358901888746e-09
5.805503732761552009e-03,2.282834157551816290e-02,5.086332587245267528e-08
5.693317480526229046e-02,4.042139080214737779e-03,2.817042233539552449e-06
-1.982509266500202903e-03,5.272990731872847885e-03,-7.519646522322780389e-08
7.263907848026775194e-02,1.223678260272855096e-02,1.187250304473393993e-06
7.894367189560785869e-02,1.143608709694351197e-03,1.380635628920246100e-05
-2.294868957846296458e-03,6.308067062131542113e-02,-7.276135829585360721e-09
-6.393694165959623588e-02,6.924312534243387551e-02,-1.846776777370002711e-07
-4.812926922527521745e-03,1.489707624189889499e-03,-6.461709586165841371e-07
3.425889698273047995e-03,2.766040280322706445e-03,2.477160144890365804e-07
5.916758824765726461e-03,2.296624546939573380e-02,5.152678824521552936e-08
6.998195238304862065e-02,1.734264887234313740e-02,8.070674486614956150e-07
-3.836535613484655296e-03,1.499519881107495324e-02,-5.117127215535655892e-08
-1.046437381798770265e-02,5.957902611396664883e-02,-3.512845535956077258e-08
2.179667691028206941e-02,6.588891938739226128e-02,6.616329264535904336e-08
-6.412386532504695674e-03,1.052041645711942770e-03,-1.219062493000126952e-06
-4.343645792711012255e-02,9.645841031686233982e-03,-9.006447274179344651e-07
-4.966401130371964762e-02,6.697833845063960907e-03,-1.483018718064933290e-06
4.134414410578921006e-03,7.552994439701135598e-02,1.094798134926206358e-08
-1.322029122361340937e-02,2.307719033533242332e-03,-1.145769608010118844e-06
-1.283273907637792538e-03,8.334392660820999499e-02,-3.079531242700270060e-09
4.600873362884257481e-03,1.579651489793434602e-02,5.825298795023383820e-08
5.259340196288177227e-02,3.781004253294890927e-02,2.782039590002158919e-07
2.707178433438536119e-03,3.998907082736725786e-03,1.353987879240384084e-07
-5.782447699667450647e-02,5.298312678329703505e-03,-2.182796943974763517e-06
5.300300064509964187e-02,3.244888235707220348e-02,3.266930700467817240e-07
-2.245748139705356326e-03,1.149814727083094991e-03,-3.906361129812928979e-07
-2.401808054017599489e-03,2.198199339027844066e-03,-2.185296811175592722e-07
-3.159767032833649125e-02,4.092439537100078795e-02,-1.544230052276614102e-07
-3.797015526137665492e-02,1.462160097180897336e-03,-5.193817118344990363e-06
-1.864575643772491131e-02,5.185202827909861367e-02,-7.192062715458927947e-08
5.791013677193054127e-02,8.318372415983798715e-03,1.392372505310338579e-06
-4.259734294526800781e-03,1.166231772885236231e-02,-7.305279712340472364e-08
1.324504182770943781e-03,3.562174054016735078e-03,7.436651095941284776e-08
-2.325548700540598385e-03,9.260732473764153594e-02,-5.022492634128831107e-09
7.751462467406659840e-02,3.776416883869864599e-02,4.105281347666810906e-07
-2.279974829063080924e-02,8.267602506215278660e-03,-5.515560749002047485e-07
3.189865439003207112e-03,3.446853231727851907e-02,1.850924823507903592e-08
7.466175660181501028e-02,2.724011802482446953e-02,5.481866144219773485e-07
1.185456650352968841e-03,3.380289028987327592e-03,7.014085404966439282e-08
-3.830740704048719858e-02,1.196499638597614025e-02,-6.403381732825474456e-07
-1.199005204947870039e-03,1.950466904485643679e-02,-1.229480629872572467e-08
1.959293426026686297e-02,2.587886354199270614e-02,1.514235727418164492e-07
-2.278135160783631777e-02,7.279022593644206285e-02,-6.259586247931064222e-08
-5.633281952703879727e-03,7.854784889351006105e-03,-1.434387199501714951e-07
-3.352270511732632213e-02,1.927737227205369866e-03,-3.478006831297245347e-06
1.205319094175112855e-03,3.175172973368094870e-03,7.592308654730550012e-08
-1.688191466619695311e-02,1.895272899577271630e-02,-1.781513657655096182e-07
1.440175563657768339e-02,3.144375710306934833e-03,9.160521810482333093e-07
-1.037225059826338801e-02,9.034994500546166332e-03,-2.296065730093241507e-07
-1.197700259804067692e-03,5.698737498406531918e-03,-4.203477232092005687e-08
-1.906791558692766397e-02,3.526313640278305739e-03,-1.081487469061454896e-06
-8.670913761127044261e-02,5.593380022606216084e-02,-3.100485809990061008e-07
5.635668952702007489e-02,2.378668859132374198e-03,4.738607039864220574e-06
-3.887076079087645186e-02,8.055796722224280865e-03,-9.650587443218303111e-07
-1.935575843819963351e-02,4.532957311111120158e-03,-8.540194711064224970e-07
6.012582334975883486e-02,1.146344840052274799e-02,1.049022888795202419e-06
6.912177147908639407e-02,3.661589377264713036e-02,3.775586534667586551e-07
4.880575743766638400e-03,1.988672902569538561e-02,4.908478682297064414e-08
-6.490203918549995732e-02,1.206656311873255697e-03,-1.075756456865071902e-05
7.512332322550747433e-03,8.219539640801926811e-03,1.827959230813439916e-07
-5.935620668253555748e-02,1.271140740425026790e-02,-9.339243704926823892e-07
-2.689009968720170937e-03,2.833088529685886398e-03,-1.898328966298730985e-07
-1.333649576029451687e-03,4.085762366935286570e-03,-6.528416225022029183e-08
-8.084597772919767042e-03,4.769431941937192498e-03,-3.390244107823543425e-07
6.182235629388081743e-02,3.439631277959515499e-03,3.594784598671822603e-06
-8.724280444855940508e-02,6.752682132523220998e-03,-2.584000057917381838e-06
-1.983066516777621906e-03,9.000836197351408385e-02,-4.406498550968346415e-09
8.055101010310683485e-02,1.238134476340181124e-02,1.301194988916448947e-06
-1.633425535226417508e-02,8.594685114398475934e-02,-3.801093729251062425e-08
-1.890407159660878033e-03,9.399176440523165921e-02,-4.022580642768715306e-09
3.752141663555240425e-02,9.400647123490939172e-02,7.982899916311419611e-08
-3.170107266214516190e-02,1.421072122176917025e-03,-4.461665897754300046e-06
3.064852672336706996e-03,8.457330432332854295e-03,7.247955393936842338e-08
-9.772784115814633563e-03,1.651571900774944117e-03,-1.183477560835234093e-06
-6.434995001672967618e-02,1.164240744792434043e-02,-1.105464060478483311e-06
-3.971471749898910185e-03,2.308277598674709705e-02,-3.441142432769766386e-08
8.708435462549948478e-03,1.649732114674683269e-03,1.055761734269760739e-06
4.691323982878135498e-03,5.168903363694520026e-02,1.815249064889318379e-08
-1.614334180464134863e-02,1.450349741700317739e-02,-2.226178112082811579e-07
-2.204257834275142811e-02,2.507926827977090701e-03,-1.757869941051323687e-06
2.778688422808475375e-03,9.135483143975736686e-02,6.083416328653282607e-09
-1.273029926229481091e-03,8.889470301971583166e-02,-2.864190750269802785e-09
8.968063920258284583e-02,4.138688797569101824e-02,4.333862532865390220e-07
8.791451389474293568e-03,1.130638824921074590e-03,1.555162919667266309e-06
-3.319923820039453327e-02,8.349638139224589695e-03,-7.952426654590920676e-07
5.623372135139746361e-03,2.662884202231221090e-02,4.223609436393700859e-08
-8.993917318545760486e-02,5.177359655428016155e-02,-3.474399579239825512e-07
1.750471792987997113e-02,6.835462555277628527e-02,5.121844823635230792e-08
3.236088937601967752e-02,3.726423421843980122e-02,1.736870568681273533e-07
8.542060886753759588e-03,3.002314340053886810e-03,5.690438188518798797e-07
-2.508915793459835786e-02,7.985765662108202170e-03,-6.283602901970651165e-07
9.908600223819914038e-03,1.103572437883719795e-02,1.795769823937402825e-07
-6.315802378239880957e-03,2.309174825385196597e-02,-5.470297254496203388e-08
-5.018262159567717096e-02,2.208147791599428950e-03,-4.545319502400500193e-06
3.580528062218038803e-03,1.686671349117907373e-03,4.245763724995656086e-07
-1.039200716727298711e-03,4.659466503365802120e-02,-4.460694202967733294e-09
-9.903672449794278729e-03,1.218954350735573138e-03,-1.624980054071655143e-06
-1.487562308928979359e-02,4.537780917886893167e-02,-6.556481642122257544e-08
-9.129595315655304744e-02,7.920155676070250728e-02,-2.305456951305291112e-07
8.597028643103233475e-03,4.897347104679639768e-03,3.510966580841868833e-07
-3.316061624319025652e-03,1.241205148215435497e-02,-5.343406723453516328e-08
3.513587279321039696e-03,2.151114943937314141e-03,3.266828508672163920e-07
1.147099052147157851e-03,1.110817645758521580e-03,2.065367595921541600e-07
5.714098771621529613e-03,1.849654420812148420e-03,6.178689293557102083e-07
1.805537375225640603e-02,5.279853022104438742e-02,6.839492190655879903e-08
5.412390132210520739e-03,1.987692091505440482e-03,5.446019498672285640e-07
-1.614992604420185333e-03,2.197720239375876988e-03,-1.469729252983334689e-07
3.489635442892797135e-03,2.006139831439824207e-03,3.479029141379042902e-07
-5.089985139972991526e-03,1.167053504715822101e-02,-8.722981580446998982e-08
-1.871703857741151625e-02,3.529461759095910492e-03,-1.060639660927913514e-06
6.782041535626791989e-03,4.839853546292861158e-02,2.802640756153084381e-08
-1.344597659933363665e-02,1.224273165819623164e-02,-2.196611377391146943e-07
-1.749048671245246244e-03,4.125308880002581495e-03,-8.479780904856260714e-08
-1.054760049276669189e-03,1.509897748949349649e-03,-1.397157422565538346e-07
-1.465200746701603510e-02,6.090725288280279121e-02,-4.811354176314136073e-08
-1.190459595659148703e-02,6.000000361436224824e-03,-3.968282589525750204e-07
-6.683084454181534122e-03,1.658226235681010616e-02,-8.060692898137836013e-08
3.701080907516354074e-02,8.281400083664640713e-03,8.938487164489431598e-07
-2.081938182684011859e-02,4.433373055532494056e-02,-9.392317408091947537e-08
-1.278063841755879481e-03,4.530135121981954290e-03,-5.642617355023338080e-08
2.324978232881573861e-02,1.423741542728230655e-02,3.266080931501636969e-07
-9.097335093516546733e-02,1.105709749399947685e-02,-1.645554464519945624e-06
-2.266147246282643191e-03,1.935366251279670895e-03,-2.341877477693737252e-07
-7.254574091600764045e-03,1.997818634099193455e-02,-7.262649228700022907e-08
9.102598468662997239e-03,4.083574447080486058e-02,4.458246899966081862e-08
1.133101412732784308e-02,2.936997154895034171e-02,7.716217545750791826e-08
-1.590600078245093738e-03,1.101422892166068097e-02,-2.888325329985675644e-08
1.369546731908814589e-02,1.131007887074231971e-02,2.421867786074645926e-07
2.212572598642115369e-03,3.860321142911603883e-03,1.146339618628539181e-07
-8.529860839970235947e-03,5.875968275523029555e-02,-2.903365498838020978e-08
1.268149773471468613e-03,2.160566868145264580e-02,1.173929576634196141e-08
2.915169188653701435e-02,2.647167217238482594e-03,2.202528807702328462e-06
-6.755703001861859680e-02,1.725760814923396136e-03,-7.829412106739283187e-06
2.016111779288379605e-03,1.158497455226611701e-03,3.480636987939935197e-07
-4.555099099788837563e-02,6.716690235567393530e-02,-1.356381064534063877e-07
8.765548105456022476e-02,6.219387713352398511e-02,2.818841484331333604e-07
-1.661706344945038018e-03,1.134358528927423976e-02,-2.929834883623186811e-08
-5.721829548228239692e-02,7.715972464837543565e-02,-1.483144464291306249e-07
-3.910926704872746441e-03,1.227204335832807365e-02,-6.373852425641936550e-08
3.031890861883356977e-03,1.772735832083195684e-02,3.420650862616086607e-08
-8.807236355473646583e-02,6.955076238972281340e-03,-2.532660427719575277e-06
-5.382299239533160778e-02,4.382140064686669556e-02,-2.456522764406346160e-07
3.596997521441433650e-03,4.599234249781437162e-02,1.564205529993987866e-08
9.184871845958275660e-02,2.588580900944023599e-02,7.096603918330842788e-07
1.822274342459656148e-03,7.535643951268808372e-02,4.836515657268722270e-09
-1.242410834152470837e-03,3.126642657031449436e-03,-7.947420446652203008e-08
-6.452798491709091887e-03,6.293594676839239614e-03,-2.050635830428610700e-07
3.997592280726078133e-03,2.760487509525123319e-03,2.896355855135664690e-07
8.226618770005564296e-02,1.079908096054392171e-03,1.523609890361490828e-05
1.193144727090470012e-03,1.269632730068723410e-02,1.879551477689956778e-08
3.049522868592245348e-02,3.719766050460499712e-02,1.639666320927621153e-07
5.497009069060066616e-02,7.484468720501911976e-02,1.468942120270701338e-07
-2.229332831318310906e-02,4.752146638215592328e-02,-9.382623438650036392e-08
1.417456010242377530e-02,3.365115673183130453e-03,8.424590510617583234e-07
3.831738410229207359e-02,1.274659648162439381e-02,6.012302495701779994e-07
-2.308315883151987324e-03,1.098727684108474247e-02,-4.201887114066896764e-08
3.389287579667528763e-03,3.042285155349297703e-03,2.228166856609084402e-07
1.376470455209875994e-02,3.565786515685771471e-03,7.720594869422283144e-07
-1.027529727483657632e-03,1.711097016110033758e-02,-1.201044142479998791e-08
-1.765324070096621406e-03,5.302940924976930030e-03,-6.658047081559332316e-08
-9.640346560160899594e-03,1.411170984217646751e-02,-1.366319342753912703e-07
7.016570872918857608e-03,1.511059983424609685e-03,9.287149141129707900e-07
5.548346705236997800e-02,1.078411020622442595e-03,1.029007362644235343e-05
-1.821481349595073171e-03,1.615417007797014665e-02,-2.255170001823384602e-08
1.667350940682024718e-02,9.999065670704316428e-03,3.335084226225345076e-07
7.327526713208450115e-02,8.323493382509811189e-02,1.760722767087688594e-07
-1.556470338749002275e-03,7.133384720909255461e-02,-4.363996662596401486e-09
2.334187080668859507e-02,3.246215093429683039e-03,1.438128114124278542e-06
5.876746656745297434e-03,3.157592331759280068e-03,3.722374962434358124e-07
4.932480778582350872e-03,1.081327678897204062e-02,9.123201978990417027e-08
2.100015695222403299e-03,1.625449515089191430e-02,2.583974737842231277e-08
7.010305826959714603e-02,1.901667929385663812e-03,7.372953423088388409e-06
8.035104175526623996e-03,2.441921205833886069e-03,6.581108844072604146e-07
3.418539078452963176e-02,2.885585751016808004e-02,2.369440307803619884e-07
1.302666524892975679e-02,8.749382630594897126e-02,2.977796749834695061e-08
-2.717861784615754114e-03,2.983587558729041203e-02,-1.821913642162529347e-08
2.929098469446937258e-03,2.314784021210117282e-03,2.530828428759123500e-07
-9.659575597015364334e-03,1.186854433420222142e-02,-1.627795327058971698e-07
1.715886284459518935e-02,2.683032057397942774e-02,1.279092195996521685e-07
-2.887273756507032635e-02,2.636576104916302926e-03,-2.190215558820638250e-06
2.462883764598975192e-02,4.683803238067042740e-02,1.051682098470915079e-07
2.278641097835516077e-02,1.828240858369883926e-02,2.492767212405137710e-07
4.838090215113481640e-02,5.499806005821471222e-02,1.759404909610743695e-07
-3.483299019326412463e-03,5.077598831181658751e-02,-1.372055188078038601e-08
-1.801163511402105281e-03,4.159408370057997122e-03,-8.660855385038383403e-08
9.274460569676575006e-02,3.791197111844563788e-02,4.892732840211624707e-07
-3.399697901147451500e-03,1.820526832502900386e-02,-3.734929864657774457e-08
1.031488803264211549e-03,3.189696784022197362e-02,6.467766397968754174e-09
1.491926693633510714e-02,1.307783588654867985e-03,2.281659373053566376e-06
-1.853366369792241314e-02,8.843502177255570251e-02,-4.191564942545461095e-08
6.788290834716100008e-02,2.290651844547189446e-03,5.927076914058239737e-06
-4.041933295489167147e-03,2.826719141282409056e-03,-2.859866038296843305e-07
-4.119308846525650963e-02,4.472547701168536755e-02,-1.842080399628349640e-07
-9.704899627769946607e-03,2.311168907464980059e-03,-8.398438957843177568e-07
-2.062314915548109102e-03,9.223088924670300170e-02,-4.472164759002783830e-09
-3.203078120653343047e-03,2.152554051853916225e-03,-2.976135316058943933e-07
-1.045188487440094037e-02,1.967946423206182269e-03,-1.062234872279989753e-06
3.908432397220463345e-02,7.385576422925660411e-02,1.058418485429860573e-07
1.913438539540581644e-03,1.258766434438525657e-03,3.040244919896918021e-07
2.117025407055491554e-02,1.050787953724437347e-02,4.029491026169678568e-07
6.748605246498403688e-03,3.275482226725734414e-02,4.120766309068741301e-08
1.759685128100265533e-02,1.565785909459516470e-03,2.247717833218792303e-06
-1.573929654237913797e-02,5.890098957446956301e-02,-5.344436665574489234e-08
2.911823629324844422e-03,2.112145134895882306e-02,2.757277754241711873e-08
-3.949345215747965959e-02,2.959566369233221535e-03,-2.668924091885493553e-06
-6.959221980748100944e-02,3.674311339493772487e-03,-3.788121888380566380e-06
-3.476154365903620300e-03,9.862079758027830767e-02,-7.049685644330185763e-09
3.888433464950376284e-02,1.212341384500683836e-02,6.414886102216128258e-07
4.358275627745379112e-03,4.503873170179166496e-02,1.935386683435314140e-08
2.456418504223457921e-02,5.018658809812845747e-03,9.789350918987034227e-07
-9.039531258716388545e-03,4.915766727804150513e-03,-3.677848650072768013e-07
-1.475564945498284916e-02,8.408927556456044505e-03,-3.509594383755457555e-07
1.157900025863832505e-02,1.443460081121557097e-03,1.604373551084282031e-06
-5.700102126231884614e-03,2.150467923685287636e-02,-5.301379274944833345e-08
-1.899517909724051171e-02,1.969091138570091409e-02,-1.929375605323575031e-07
-4.967881161861301131e-02,7.436152965984395291e-02,-1.336171153812875318e-07
5.124403667299357729e-03,1.147440460174480991e-03,8.932075428427186045e-07
-1.223706118431690205e-03,4.689814703925961406e-03,-5.218679857734353762e-08
2.537420278289576579e-03,1.067064033301603175e-03,4.755992189298830060e-07
-1.161963970659263051e-03,1.961851553784437277e-03,-1.184583631580128524e-07
8.705814176499941659e-02,5.521961542298951982e-03,3.153226904607556317e-06
-8.005767670027771898e-02,1.601512413986661823e-03,-9.997971198218895075e-06
-5.751925000989521579e-03,3.437583558706239911e-02,-3.346564187814050165e-08
-2.554427971843016218e-02,1.745032841592939268e-02,-2.927718146477389687e-07
-3.605502519770933251e-02,1.388439678657445511e-02,-5.193713573287095817e-07
-1.548320549074874361e-02,7.676360647318297703e-02,-4.034081941526813520e-08
1.459053139726286356e-02,7.415314732044439930e-03,3.935326126993062748e-07
-1.731818511207871072e-02,4.743308878428779268e-03,-7.302308545427679351e-07
8.140082373728482062e-03,9.097475065455107313e-03,1.789563585199233875e-07
5.405909101205971096e-03,1.361191808470400746e-03,7.943074211469921773e-07
-2.865689972485497075e-02,3.054607862363517209e-02,-1.876346091384069671e-07
9.744774916803559950e-02,4.558276552293800271e-02,4.275730758502960298e-07
-2.048123788458446407e-02,8.503856394665237906e-02,-4.817031567149866177e-08
-3.921642287908566615e-02,4.377287474991270813e-03,-1.791851917015646088e-06
4.448426386662322068e-03,5.513914291488466318e-02,1.613561805576804079e-08
1.317758696814861708e-03,2.560380132507681858e-02,1.029367970294205631e-08
9.245812603819224609e-03,1.374087589049030438e-03,1.345767010276008723e-06
9.820486708883752192e-02,5.295193474655265214e-02,3.709286572943211311e-07
-3.409845668580313398e-03,1.030618702010972949e-02,-6.617225156314860013e-08
-2.204850425987841742e-03,2.953697376772593253e-02,-1.492974340736946088e-08
-3.190920896522909944e-02,1.175317598407928403e-03,-5.430002220724147635e-06
-1.446790244876474665e-03,3.709089714194149616e-03,-7.801487948530002155e-08
1.407077630387745977e-03,4.943130207870748832e-03,5.693183951021338098e-08
-3.857472381787697621e-03,2.428177669222731164e-02,-3.177324508210396704e-08
2.186188834060612610e-02,3.480833947306848000e-03,1.256155991475832679e-06
-3.992619089468130850e-02,3.645274388231824203e-02,-2.190619063825649548e-07
2.235055920398093185e-02,1.313971944353049034e-03,3.402056401080705437e-06
1.049095381664561606e-03,7.802171140879979663e-03,2.689296650665939180e-08
1.599830669375533476e-02,2.516483130996558133e-03,1.271508309724049470e-06
1.283436004112634274e-03,2.636324971382205881e-02,9.736760401256202297e-09
2.582099041315749632e-02,1.224792421150967120e-02,4.216475820924517244e-07
-4.535821024550883845e-02,5.993483903900709460e-03,-1.513616225381481922e-06
-7.613700284962086895e-02,1.273365097804590425e-03,-1.195864690425597933e-05
-5.616546391160060110e-03,5.330315196817363849e-02,-2.107442177852793591e-08
-4.926153047235928839e-02,9.697491080361865523e-03,-1.015985991351334652e-06
1.509322591163978627e-02,1.068843910380145451e-02,2.824275075859011909e-07
2.677034699880814772e-03,2.681714400585214712e-03,1.996552270102920588e-07
2.143189297150189382e-02,4.793013695571311100e-02,8.943161427027800184e-08
-3.824654328344039012e-02,2.271902233336323476e-02,-3.366989480118639533e-07
4.079014905898346866e-02,4.982400534465042385e-02,1.637404060461945559e-07
-6.584935670039943068e-02,4.979704067431642289e-02,-2.644765739253969475e-07
4.552712807140808608e-03,1.106283782379824344e-03,8.230816459896823158e-07
1.379191266331702623e-02,2.466552690658229546e-02,1.118338584846988629e-07
-1.152030525328173738e-02,1.175298195578120854e-02,-1.960447088899256426e-07
-5.377906265756452614e-02,7.287474843244699796e-02,-1.475962651420061609e-07
-5.829447625182729992e-03,1.673699220458368855e-03,-6.966091890939016607e-07
1.033048418535221840e-03,2.156548069894659390e-03,9.580777231416665109e-08
6.177577833542106239e-02,7.785508787928564420e-03,1.586976277385317440e-06
4.798064046406509686e-02,8.446427512197210441e-02,1.136140887866219642e-07
1.040773490873457205e-02,1.161899303469465143e-03,1.791541772037342330e-06
-1.040354025637261863e-02,5.816104019794787749e-02,-3.577570452172979875e-08
1.754773519229776632e-02,1.077413441866856411e-03,3.257450992531987765e-06
-2.285906000380494556e-03,1.360472371741418274e-02,-3.360530560116226846e-08
-5.147413088929971015e-02,4.202411545805763947e-03,-2.449794468518860279e-06
1.240674799861232573e-03,1.106029741329659505e-02,2.243522161500809691e-08
1.748365240108208304e-02,2.872004496756807093e-02,1.217548461155878014e-07
6.950460840701225100e-03,7.493329349702214370e-02,1.855145544700280923e-08
-1.487145768498745590e-03,4.561129404883180506e-03,-6.521092400257371259e-08
-4.201681137594014820e-03,9.584436389038039628e-03,-8.767902662651952859e-08
7.119077724030338505e-02,2.338527857493415216e-03,6.088641378702594766e-06
-6.602674016675560975e-02,1.134170770409520697e-02,-1.164342134317904562e-06
1.681117158997833330e-03,2.258851733673481431e-03,1.488502140305528968e-07
-2.210813797439095500e-03,5.523230696117180372e-02,-8.005679344216785159e-09
-6.863065281915807503e-02,7.083523929431506660e-02,-1.937795632435135898e-07
2.502637722523346538e-03,1.554071905501721966e-02,3.220817262666448308e-08
3.300292438571507392e-02,4.392178585295080685e-03,1.502836181513241925e-06
-1.524074365012969331e-03,8.133567842960013825e-03,-3.747695290029253595e-08
7.063429679218807822e-02,5.308387781782200956e-03,2.661289945008849048e-06
-2.688459515702492676e-03,1.323235505790463194e-02,-4.063549585144120635e-08
7.133544296450870792e-02,1.078872992285718688e-02,1.322434738749776676e-06
-1.035994928209853965e-03,3.416428588910536135e-02,-6.064911807998147536e-09
8.365428434622279585e-02,1.107053628643369335e-02,1.511328028173581047e-06
1.773036709374139694e-03,5.640579254298882031e-03,6.286851900870414452e-08
-7.418728705742512475e-02,3.006411580676118366e-03,-4.935376197329806838e-06
-2.617542222850391398e-02,5.668146850047178775e-02,-9.236167718827736822e-08
3.418060274236476952e-03,6.333422425562779470e-03,1.079395167728618756e-07
-2.882405209225168824e-02,3.201607473130583387e-02,-1.800636946993115315e-07
2.819010384932234617e-02,2.124964569029360109e-03,2.653286765304312920e-06
5.308188201193814182e-02,3.287717628511998419e-02,3.229170751397377382e-07
2.385718673254837510e-03,4.076558552436583549e-03,1.170482037827855103e-07
-1.296773120589068224e-03,3.826063563885821923e-03,-6.778772004436077113e-08
-8.756714736525578191e-02,3.370928130745094037e-02,-5.195542681904143706e-07
3.516823244601764709e-02,5.274638211822300048e-03,1.333512443823882216e-06
-6.553845083634273101e-03,1.247424135624930312e-02,-1.050802837862001588e-07
3.158965881080231033e-03,6.285493251188588662e-03,1.005182175897508389e-07
-1.220599438417360955e-03,2.875334129263633440e-03,-8.490319912776942420e-08
2.126605026208926250e-03,9.586095136293857483e-03,4.436947697883030570e-08
3.840250924254481890e-03,3.794422171844222952e-02,2.024198791059244279e-08
-5.041725158961574138e-02,4.383834440913439434e-02,-2.300192753961581117e-07
4.402076738077059792e-02,1.201553986138226976e-02,7.327461219358138630e-07
1.969629950002463499e-03,1.910497304079005615e-02,2.061946622012696256e-08
8.431877129581485941e-02,1.677488904353158228e-02,1.005318839479253123e-06
5.541962884355975533e-02,1.605070630128539733e-03,6.905715350535931933e-06
-1.517296427981654032e-02,1.161567833535679783e-03,-2.612552741549686023e-06
-8.531524505585374313e-03,2.469471337087530277e-02,-6.909742465509569443e-08
1.018854140829264163e-02,1.000330340094953514e-03,2.037078578308219147e-06
-9.262992709220048415e-03,3.585055569479116827e-02,-5.167668407462515640e-08
1.023989239189759988e-02,5.677292795854777495e-03,3.607391753891181063e-07
3.085115640853131665e-03,5.155672286284682798e-02,1.196810391856568179e-08
3.003101162267291999e-02,1.057947915488436849e-03,5.677339729700889546e-06
-4.236108715630360240e-03,3.691186238412945148e-03,-2.295304707753959850e-07
3.523909120508293431e-03,5.278415531084216378e-03,1.335243067368186580e-07
-2.377619432262353255e-02,6.756917626777853882e-03,-7.037735249776919415e-07
1.350923044239079295e-02,6.220723417687507896e-03,4.343390986264735821e-07
-4.500778178092233218e-03,6.922312311341644042e-02,-1.300396009167513093e-08
-1.780839377149480082e-02,1.760329686408484973e-02,-2.023345021545044328e-07
-2.756385172925984034e-02,2.199558819850476032e-03,-2.506360474235227221e-06
1.436533504080896419e-03,4.558141390823643863e-02,6.303288352520154987e-09
3.444080377568110168e-02,1.452876860084456774e-02,4.741149825674055817e-07
5.839992992969312430e-02,3.548420032241924454e-02,3.291671686086108802e-07
-7.281145055569262885e-03,1.116072928912828152e-02,-1.304807117885347867e-07
4.126078050770426442e-02,1.388950271600089721e-02,5.941415845575895341e-07
-4.729335472091440035e-02,1.622667853840954397e-02,-5.829209943453591426e-07
-6.455656852027094605e-02,1.959555870141628520e-02,-6.589037743277740989e-07
2.201546655776793083e-03,2.860674462894155414e-03,1.539212787176992962e-07
1.112911122232075958e-02,2.899261536100056560e-02,7.677366917549548594e-08
-1.773992079476827480e-02,2.201046999351349495e-02,-1.611987123615691166e-07
2.263017378196161434e-03,4.274090033408114303e-02,1.058969448613181519e-08
2.607992776155548115e-02,1.019812779335859884e-03,5.114758613895203115e-06
3.633967807486961771e-02,1.104276436262601521e-03,6.581766620338215877e-06
9.457877393033377322e-02,1.716219310734350481e-02,1.102199230761747922e-06
-1.487894700234521084e-02,2.258886819161208363e-03,-1.317397799606346882e-06
3.480213446717971438e-03,1.851066369897896987e-03,3.760305225339879405e-07
-7.359552091542312900e-03,2.578435231570091676e-03,-5.708662461412899299e-07
-1.835663612060848063e-02,3.436672126588027898e-02,-1.068302406457681465e-07
-4.641801276316801124e-03,3.888836003929696528e-02,-2.387295189079943646e-08
5.813216674520446832e-03,5.355834938443388392e-03,2.170843596041562209e-07
-6.822667867229246889e-03,6.471979286064664244e-03,-2.108416078962214013e-07
-1.259250770832998252e-02,2.602815317621536007e-02,-9.676272261574316468e-08
-5.832144405076831496e-03,5.350161502477455977e-02,-2.180221332814904801e-08
5.967138631332078585e-02,1.677749576956051375e-03,7.113415843063557463e-06
-1.558586837987937764e-03,1.056137578070797138e-03,-2.951547094339664529e-07
-3.541930984176126090e-02,1.745606946950814661e-03,-4.058194342583773809e-06
-1.501810439031005901e-03,4.266689752112022560e-02,-7.039847674912047051e-09
-5.029293786347776608e-03,4.098065125343955395e-03,-2.454524424395882175e-07
6.221780234605369525e-02,3.644085171507050348e-03,3.414800655196015970e-06
1.444072013598611710e-02,2.039332981901890128e-03,1.416249978931183466e-06
1.247691660102692767e-03,5.552611901248011815e-03,4.494166526509512274e-08
-6.030783218568439019e-03,5.575235171896830710e-02,-2.163464306732339975e-08
5.614894061670091391e-02,2.465105127439395222e-02,4.555597330490686404e-07
5.403419479171824198e-03,7.960651934443767341e-02,1.357560698549590650e-08
6.665130075764048867e-02,7.605384997698318161e-02,1.752776871510898915e-07
2.948098952568752300e-03,3.892081873826389732e-02,1.514953480119743387e-08
9.966366425875892651e-03,6.839349995673628391e-02,2.914481009494525274e-08
-1.631205489373064362e-03,5.950564033647347262e-02,-5.482640242138210428e-09
-3.739904626087266204e-02,2.186048909292413051e-02,-3.421683699593824037e-07
-3.019502344842663749e-02,2.175623325391208129e-03,-2.775817267196140877e-06
1.548195867340771076e-03,1.057390403493200072e-03,2.928395611887550085e-07
1.500597262908388504e-02,1.870925907602120691e-03,1.604156624903143184e-06
7.024830605226035918e-02,1.610335768676013531e-03,8.724863171763511704e-06
1.094142251119493633e-02,3.448002719282494688e-02,6.346662401152645848e-08
-1.124151940037195320e-03,9.226295733709539981e-02,-2.436895193539663014e-09
-4.197278441648300690e-02,1.871986072283674018e-03,-4.484400327096260870e-06
-1.172218317851750824e-03,2.343616657898002151e-02,-1.000371097266602210e-08
-2.089124176744884542e-02,2.683651522987897525e-02,-1.556959593972675349e-07
2.195817378307533124e-02,5.626522407077286236e-02,7.805403760069202996e-08
3.792134266618028826e-02,6.279438407498005859e-03,1.207819700455028848e-06
-1.808060112911029707e-03,1.009920057824133591e-02,-3.580676416546905935e-08
5.481238461579805710e-02,3.341472630902787757e-03,3.280801813539250088e-06
-5.402030975159653747e-02,1.083073736805757227e-02,-9.975582240564495149e-07
-3.632985476529547626e-03,6.612045365027530326e-03,-1.098922448817512402e-07
1.560506491046142856e-02,1.094431378299711051e-02,2.851781527120746417e-07
3.182439021579535916e-03,1.332656131597423702e-03,4.776185625655156010e-07
-1.546447779286112259e-03,9.025083016378653011e-02,-3.427072262665739215e-09
-1.580763759074978875e-02,3.759662855822378663e-02,-8.409250254773016686e-08
6.290536252152538477e-02,6.183458931604228492e-02,2.034676630429237397e-07
2.991224205371686637e-02,1.073660427897082069e-02,5.572129846116811598e-07
6.705371904236663745e-03,1.824596433033397712e-03,7.350134004608356473e-07
-7.526578080385670257e-03,1.317583353434220034e-02,-1.142506501790395869e-07
-1.852740604324378806e-03,4.566685701225260685e-02,-8.114330730211069799e-09
-5.802628139116030974e-03,1.474191838540479978e-02,-7.872450622866630472e-08
-4.811532724872591080e-03,6.975351175328006748e-03,-1.379610766464421895e-07
-1.082216526148157588e-03,3.137969729905772803e-02,-6.897705051864507525e-09
-2.049182548293364617e-02,1.480185008099043752e-03,-2.768878222468231619e-06
-9.688979271373092395e-02,1.474812823591184138e-02,-1.313954509508581115e-06
4.494975422699876849e-03,9.076302107586420309e-02,9.905070854126804347e-09
-2.845747941417321389e-02,1.521711573754791751e-03,-3.740272935577537742e-06
8.476413625009003236e-03,6.845518367465653481e-03,2.476538072930516581e-07
4.187154876180518986e-02,4.961298368383003192e-03,1.687962862262857340e-06
-8.738004106427310277e-03,2.440239150551927558e-03,-7.161748438861264082e-07
7.262238951936806144e-03,1.213129759546179368e-02,1.197298631377580571e-07
2.437065449012249668e-03,1.841374166893380501e-02,2.647063469957673858e-08
-1.894157584813764908e-02,5.995444751968296432e-02,-6.318789826121369506e-08
-5.499754633029065032e-02,1.988406911856257717e-02,-5.531937416947015995e-07
6.780386718884890210e-03,5.688827750623324381e-03,2.383805889970270602e-07
-5.915238993527495263e-03,6.074142529472993657e-02,-1.947720009290326240e-08
-1.528118825756502206e-03,3.798496137343910367e-02,-8.046085535397829970e-09
-2.303808945722495005e-02,1.092569025179255865e-03,-4.217322224469976643e-06
-2.577059579469660223e-03,5.486666087712510631e-02,-9.394099093225029903e-09
-3.248347714334398444e-03,3.212572983883545726e-03,-2.022314597672120334e-07
1.126802966845817048e-03,5.510885147442033498e-03,4.089458732232222227e-08
4.661875568021200955e-02,6.251205821234475518e-03,1.491544061259418969e-06
-7.334126123928263324e-03,5.954110061312603737e-03,-2.463602998712090838e-07
2.640806490583879826e-03,3.408585307988466068e-02,1.549535816599479939e-08
-4.606555721353954892e-03,5.503165964240159906e-03,-1.674182995376717889e-07
4.391871764763593047e-03,1.854630531875874847e-03,4.736215491896721002e-07
-5.147083636633346948e-02,3.525559289628967669e-02,-2.919929802646353999e-07
-1.844399434644085692e-02,7.591534565936296219e-02,-4.859198211887539986e-08
-4.147336565907845662e-02,7.734917361119668378e-02,-1.072390136483454404e-07
1.263477611281213627e-03,3.179080128194879118e-03,7.948867987946101289e-08
-1.381511428222264703e-03,1.933912074931317185e-02,-1.428752373778163561e-08
1.994009009715203614e-03,2.138889167120387562e-03,1.864567214391104895e-07
1.344177279425253771e-03,6.207611421852644862e-03,4.330830980752088750e-08
-1.698616512787174196e-02,1.265924092699594397e-03,-2.683656239576178068e-06
-2.165770039822288717e-03,9.255417623348427547e-02,-4.680104280287444476e-09
1.533296160609883690e-02,1.262730609222187991e-03,2.428591933746998979e-06
3.095913037823284919e-02,3.396953133352544063e-02,1.822797424098258591e-07
-5.492595795724965202e-02,1.501179668028272858e-02,-7.317861313640881236e-07
-3.419836051096831076e-03,6.960469994699465535e-02,-9.826659974978828779e-09
1.162664760255951611e-03,2.017851906114330462e-02,1.152403127346277660e-08
-2.400830571542047695e-02,4.027057052134284248e-02,-1.192375210313870258e-07
2.135217545333665048e-02,1.425487855914457994e-02,2.995834486128880537e-07
-4.077047333327345202e-02,7.732811587760317351e-02,-1.054502304216279956e-07
-1.742060097983652578e-02,6.674731369493870636e-02,-5.219976521654966936e-08
1.104879517806324528e-03,5.579435202077233195e-03,3.960626534095993678e-08
8.933414086306715185e-02,8.170869577651361515e-03,2.186695921068791450e-06
3.471408589885770050e-03,1.216522633150757607e-02,5.707221770285679864e-08
-6.216608383662171680e-03,7.126813870039985441e-03,-1.744605757450197499e-07
9.627055488436594977e-02,5.166348516295911700e-03,3.726910669815305108e-06
7.291320456617374560e-03,8.026686316593686921e-02,1.816808291223622067e-08
4.569922520288286112e-03,2.061345888711571886e-02,4.434015160583777160e-08
6.453291637397594663e-03,1.677091280001816783e-03,7.695977680359942010e-07
5.603100687870471441e-02,1.723674814292262131e-02,6.501481020133323305e-07
1.573441920493730359e-03,1.663764113195323642e-03,1.891464402955302450e-07
-2.227580830814443556e-03,3.820212588678057603e-02,-1.166232523558812227e-08
-3.333914447921369588e-03,1.131468760088313007e-02,-5.893198799636687456e-08
-7.238660130318125274e-02,2.618847347916769715e-03,-5.528244086398105387e-06
-3.423415750457283607e-02,1.001704146493400272e-03,-6.835328340164688096e-06
-2.859332025652360464e-03,2.902724355347016758e-03,-1.970144133498997375e-07
1.079904931670865693e-03,2.505195158087468801e-02,8.621506679266799963e-09
1.237933012966732811e-03,6.379684001842330157e-03,3.880942292951287561e-08
-6.725059538930214242e-02,1.680952866383251480e-03,-8.001654692859060339e-06
1.592308398575754264e-02,1.401905980089929518e-03,2.271681836611242228e-06
-5.176275147689176140e-03,3.404029083080265666e-02,-3.041328275606827214e-08
-5.129222904605162947e-02,2.932554365143005652e-03,-3.498200592941945372e-06
-8.131769574509332965e-03,4.216430622645293835e-02,-3.857263547972253283e-08
3.092481871623330852e-02,1.155730860495095269e-02,5.351674126482302144e-07
9.080488756623967747e-03,5.164770093125325978e-03,3.516393262414145885e-07
1.306792608338559194e-03,2.305466304825959118e-03,1.133671159069107971e-07
4.875179825945926554e-03,5.100378113051126650e-03,1.911734045522678080e-07
5.516847065050819836e-03,6.896435763202288238e-02,1.599946488864043535e-08
-5.969477841997208878e-02,1.268896799115636943e-02,-9.409125273470503436e-07
-2.544907617305092185e-02,9.279248636669039374e-02,-5.485275158416568036e-08
-1.659670019243085449e-03,1.071609424842681494e-03,-3.097593557725891590e-07
-1.395466863896622882e-02,4.403071776334563370e-02,-6.338740481479581974e-08
1.625726354261362513e-02,7.224277386494763753e-02,4.500826182047810262e-08
-3.696777108735967762e-03,3.836078846831033392e-03,-1.927413734245894741e-07
-9.874808889145522683e-02,5.057827783922011489e-02,-3.904845630494915216e-07
-1.646638691163077473e-03,1.687560417643819283e-02,-1.951543309109372365e-08
1.740841993513564737e-02,4.703142189838813159e-02,7.403046096745099864e-08
-1.922497486991771309e-02,8.463631886245867597e-03,-4.543057387833325700e-07
6.744408607173990600e-02,1.554118862802139796e-02,8.679582798982426024e-07
3.383956089188407818e-02,3.897277542980129988e-02,1.736611177857887164e-07
-1.520559045155636278e-03,3.974302505576351313e-02,-7.652116557555847780e-09
2.881344001473791234e-03,2.898137199389690805e-03,1.988453219736028616e-07
-6.965649955198546101e-03,2.627031626450114597e-03,-5.303170046071255668e-07
-4.754645987208478211e-03,1.176078600104477068e-03,-8.085763733590902247e-07
-7.732782505202061285e-03,3.391328066835616346e-03,-4.560423755133858078e-07
8.169584014233949310e-02,1.917924273558872100e-02,8.519374227799641997e-07
3.078030437488810805e-02,1.402445228379029310e-02,4.389612754450329376e-07
-8.643391083563449484e-02,1.005691975940710935e-02,-1.718930774108262036e-06
-3.804343770723705304e-03,2.044576768804162031e-03,-3.721478722966128498e-07
1.012211096985568505e-03,1.635713336139700286e-03,1.237664994708190897e-07
7.525936216263266754e-02,1.597486626933557891e-02,9.422421114667481154e-07
-4.896480061296326625e-02,4.029075499023709525e-03,-2.430624062642945342e-06
4.403544018648555131e-02,5.871559735327590290e-02,1.499988973423046377e-07
1.648184915999571440e-02,2.946625367483393307e-02,1.118716954459096982e-07
1.982284271380365618e-03,2.338030442446904257e-03,1.695723276375442290e-07
-1.982387049743541962e-02,6.027723647582897484e-03,-6.577704014032333882e-07
1.599302854113243168e-03,1.283324024288666097e-03,2.492490983481831058e-07
3.863886639093906672e-03,7.655935744585555536e-03,1.009404658459462654e-07
3.004968276314893064e-02,5.813689636643638164e-02,1.033777930280931624e-07
2.828417037266290832e-02,2.744980892288547900e-03,2.060835500672560523e-06
2.749303099822503812e-03,5.337843617198289974e-03,1.030139366099961417e-07
-5.309725736644148320e-02,3.772094825315293245e-03,-2.815326027783035411e-06
-8.627567877624710280e-02,6.601733368451366546e-02,-2.613783505171380446e-07
4.511624263702803533e-02,1.439700686892650969e-03,6.267580489057733539e-06
2.142173422368725318e-03,3.951698045719830021e-02,1.084201697071361999e-08
6.078266467470565433e-03,1.052912416227404788e-03,1.154587088249897473e-06
1.048927830843703578e-03,2.635361104487398028e-03,7.960579517496589409e-08
2.761551217565754585e-03,9.260677649325137206e-02,5.964163535789093845e-09
-2.759578566098432745e-02,5.386171793925902812e-03,-1.024711876973375532e-06
-1.003269833904354849e-03,3.277039453378075701e-02,-6.123155551115396401e-09
2.950557084333411701e-03,1.288214711026171820e-02,4.580943919496288481e-08
-9.914396167355064848e-02,5.854892332122620807e-02,-3.386776704497203157e-07
-5.650662887415533291e-03,4.188521099219404131e-02,-2.698223367920644598e-08
-6.673940819639188719e-03,6.423647046675773353e-02,-2.077972947059660740e-08
-1.219882135126878868e-02,6.379887465225501930e-02,-3.824230501937665344e-08
-1.458310706284311406e-02,1.007023094359302783e-02,-2.896341998951607425e-07
-2.576660598262569841e-03,1.172882427447970990e-03,-4.393816798681908346e-07
2.139893390504791701e-02,1.691826540741449671e-03,2.529737809378511852e-06
7.486801962502402825e-03,2.109865158447934291e-02,7.097098834136607352e-08
3.602103685243512182e-02,7.129026594804471414e-03,1.010567164489459906e-06
-3.042316452289632166e-03,6.429478893366022407e-03,-9.463849368270578125e-08
4.363437960022708423e-03,2.342434899148383362e-03,3.725636534952699171e-07
-6.559127846161930120e-02,1.806677501595738145e-02,-7.261137615824911834e-07
-5.560326173177854159e-02,5.266824222058066191e-02,-2.111497892660374419e-07
3.713420025196979141e-02,4.484526070462433595e-02,1.656138793117162518e-07
-1.038780611818569113e-03,1.275089287135290801e-02,-1.629380244481313179e-08
6.490807472717973620e-03,4.488881340103017918e-03,2.892010132927815349e-07
-7.893200587167298332e-02,2.364653238968466957e-03,-6.676131530423175269e-06
-2.269017154157199762e-02,1.485828486272787029e-03,-3.054276192974804645e-06
-8.423639167742937722e-03,2.507733187514594834e-03,-6.718272819588681215e-07
-2.491093322910106420e-02,1.936859512336346935e-03,-2.572356074319372329e-06
4.296152689991319419e-03,1.186661968629748772e-02,7.240889042954944735e-08
-1.491803872910251252e-02,4.451794895072625630e-02,-6.702175429567013530e-08
5.864996437081440410e-03,4.055758882506871332e-02,2.892243360440723990e-08
-9.284215641268453445e-03,2.258226890069634299e-02,-8.222745575982479925e-08
3.533045432484147735e-02,2.628056775454852816e-03,2.688770205472421837e-06
-2.115582194097891111e-02,9.840958031340572842e-03,-4.299636406659090754e-07
4.363054928120916817e-03,2.341344374951391874e-02,3.727044622020938772e-08
-5.478353727700055638e-03,4.681953219560049811e-03,-2.340249755473100425e-07
8.858615045801727927e-02,2.590106009606429199e-02,6.840494503671690404e-07
-8.590264608117029188e-03,2.438266040174122753e-02,-7.046357279842234588e-08
-1.862842333732950967e-03,5.268941574270533112e-02,-7.071180514979408473e-09
-5.585043657166424008e-02,9.356086804449903482e-02,-1.193909857399336633e-07
-1.840900977271106229e-02,2.238615827504999642e-03,-1.644712777610377425e-06
-7.471621934341384982e-03,2.580263581211057408e-02,-5.791486174001794921e-08
-1.024784803285145370e-03,4.572370594670841643e-02,-4.482604900729278948e-09
2.149774843349319675e-02,1.734154443592865122e-02,2.479387523887478436e-07
-7.757599139632281003e-03,1.317656237979761800e-02,-1.177509501488491898e-07
2.236862113994153231e-02,2.793510715877827941e-02,1.601504194173697666e-07
-1.892551984588910705e-02,2.625608464725343386e-02,-1.441640790112581946e-07
4.340886059870418395e-02,1.170617746536102999e-03,7.416559598234166961e-06
-4.786284050306798682e-03,2.011138749178395177e-02,-4.759876047808572871e-08
5.158854872074711967e-02,4.342170110630722002e-02,2.376214737835017731e-07
2.499062728627663571e-02,5.352431494178236382e-02,9.338244658785783110e-08
5.322375657843880781e-03,2.114597566009352239e-02,5.034043967119212061e-08
8.070286964516969197e-03,5.989588343369026124e-02,2.694828991501349249e-08
1.055219693248680458e-02,2.936755658827214580e-02,7.186447903354134466e-08
1.336100041215371398e-03,2.374677906301814190e-02,1.125313357247721731e-08
-1.930945553846550450e-02,6.599054336245355375e-03,-5.852312819705199696e-07
4.989555658060295523e-02,3.474774515780464264e-03,2.871933978770981028e-06
-1.096878118082357870e-02,2.394952372214599525e-03,-9.160110226834455366e-07
-3.436220162856073491e-03,4.659149711581686386e-03,-1.475073035737393675e-07
9.802526574521073718e-03,2.167980611709602583e-03,9.043193892090325851e-07
4.026049347276534213e-02,1.298367616526515528e-02,6.201840987985905256e-07
-6.639482126573999048e-03,1.061093013658002786e-02,-1.251468605058104598e-07
6.525618434893275255e-02,1.125190880142118606e-02,1.159937745021766968e-06
6.337344623613265504e-02,6.543602753349039326e-03,1.936999935648029885e-06
-8.132239706081141606e-02,1.070401769124813005e-03,-1.519506497048425486e-05
6.197080720231946775e-03,4.995057268867352657e-02,2.481337788030432166e-08
-1.599532664876348806e-02,6.105923196978844253e-02,-5.239393106490538886e-08
3.004922799024994321e-03,1.244060249556338009e-03,4.830934101060836786e-07
1.069160121166244995e-02,3.854134314101560679e-03,5.548238405041774567e-07
-2.885834979862416175e-02,1.955931509809040198e-03,-2.950917434340979802e-06
7.062013065740291480e-03,1.816483454387526550e-03,7.775642385671841175e-07
1.632749660814033360e-02,7.479746532839329741e-03,4.365881353714888826e-07
4.128737523031052181e-02,5.299398103808626581e-02,1.558224169612332686e-07
1.358079157975333393e-02,4.321936057303541606e-02,6.284720313080564574e-08
1.496538298764395550e-03,3.104123408144269375e-02,9.642464861539584490e-09
-2.484942155843870501e-02,1.005695181394487998e-02,-4.941845032678389894e-07
2.111268376240665878e-02,3.234887889172300551e-02,1.305339309655573745e-07
2.228081348191193137e-03,8.994940011568221261e-02,4.954182260339965529e-09
1.884401806184168426e-03,2.627814657526286735e-02,1.434227314408863535e-08
1.036140443571633915e-03,1.680342632349712817e-02,1.233275170198992913e-08
2.234070035348084335e-02,8.804613349910941564e-03,5.074879128275721498e-07
-1.552175195213926183e-02,3.554963848377544477e-02,-8.732623943924341773e-08
1.322736068503057314e-03,2.061896027638588161e-03,1.283056089765429267e-07
-2.539385430841785765e-02,1.035907961833930357e-02,-4.902828034403418008e-07
4.858571349445821135e-03,1.332759717550572546e-03,7.291148357931178821e-07
3.987830928407780709e-03,3.331963046645464686e-03,2.393733343022854416e-07
-9.482350007112156851e-03,2.329095738712280012e-02,-8.142689024026190448e-08
-6.175288044740913362e-03,3.705196010650151778e-02,-3.333383185010651381e-08
-2.329634429829023634e-03,1.345740568363074964e-02,-3.462307524246851397e-08
8.244110350704823842e-02,2.963607577948831201e-03,5.563682109761153959e-06
1.053790175477484301e-03,1.361493693517253772e-02,1.548024106574487529e-08
6.909499496628608572e-02,6.620601173266131567e-02,2.087316811639985489e-07
3.997745497551890431e-02,6.029886273960984033e-03,1.326005207746911142e-06
-7.786554998243487222e-03,1.773546976347572645e-03,-8.780957342854297659e-07
1.560536721934393210e-02,6.579909276147780962e-03,4.743438730545461870e-07
-6.213120983067126762e-03,5.489458443055273903e-03,-2.263703367045930109e-07
1.876742220308341008e-02,8.182819643909019017e-03,4.587127940805694365e-07
-9.402426625080306799e-02,2.487779022813637816e-02,-7.559052464152665948e-07
-1.509046864230245309e-03,3.732798951734254966e-02,-8.085508460354605602e-09
7.639474872817039394e-03,5.933212245679816282e-02,2.575211069717444876e-08
3.242138924431627912e-03,3.330122249792365208e-03,1.947200406406287515e-07
-1.970477547809588049e-03,6.282717624608359641e-02,-6.272824802196540621e-09
-2.026268273310369988e-02,4.607508822586982647e-03,-8.795691268494989116e-07
8.430821015339158564e-03,4.543160087842675922e-03,3.711513436972574973e-07
-2.611004339341347139e-02,3.829214280694311079e-02,-1.363757436645789242e-07
1.082913813818690493e-02,1.157775717338867553e-03,1.870719465216424677e-06
-7.845792997696764484e-03,1.711650211016899157e-03,-9.167713564350864325e-07
5.947718216035266341e-03,1.303769149053252141e-03,9.124075972756682166e-07
3.024298473854598185e-02,3.748004805511826604e-02,1.613852054336295852e-07
-3.877175349117274652e-03,1.708402748911843488e-03,-4.539043966194074207e-07
-6.330961063722742588e-02,4.933903857662286577e-03,-2.566363489607216443e-06
9.697351381383202684e-03,8.041087331768817861e-03,2.412001434305011124e-07
1.717876931657279574e-02,2.507622119686166075e-03,1.370153309026439031e-06
-2.039784838188695923e-02,2.179346186197572699e-02,-1.871963362716442392e-07
-2.696891759515486139e-02,1.410146318429728388e-02,-3.825062594906612888e-07
-7.110159101431245965e-02,4.054945306326464965e-02,-3.506981914804439560e-07
-1.942638200282612720e-02,5.345923840971165270e-02,-7.267890328243943449e-08
1.430612452805166785e-03,1.772742016256862504e-03,1.614045119818693508e-07
1.361331403002376608e-03,1.003778720658597126e-03,2.712470891356236056e-07
7.478937406995738064e-03,2.874920550329459080e-03,5.202993213089384251e-07
-1.163963978724974653e-02,4.570536994666052344e-02,-5.093443816126283618e-08
7.958300749125681375e-03,8.320109616181917134e-02,1.913068441076814758e-08
-5.203386156758987163e-02,1.508674738877075101e-02,-6.898102554194926232e-07
1.126747423922913258e-03,1.443496448260282207e-02,1.561169515427155642e-08
7.068166612207708865e-03,1.692719740736145159e-02,8.351431577599145396e-08
-1.159273392828840581e-03,1.192163457928746778e-03,-1.944864148429343185e-07
-3.781089479766804734e-02,4.970798473968753711e-02,-1.521353040902760003e-07
-7.806409488647451760e-03,5.277379946475144364e-03,-2.958504092249196931e-07
-1.303677030241593045e-02,3.529722540964295822e-03,-7.387009430210480773e-07
-3.204269811791470024e-03,1.048068745124180676e-02,-6.114747335131351258e-08
5.017906528831652009e-03,1.528873867515772450e-02,6.564325650412759646e-08
1.484618301532600673e-02,3.208183215502408842e-02,9.255392816619773716e-08
-2.011928661904010835e-03,1.776637247239846182e-03,-2.264920814368855554e-07
3.570080471351398665e-02,8.799108305692139934e-03,8.114813634556405477e-07
-2.176526937637086878e-02,2.212293017671925714e-03,-1.967707794903792123e-06
1.324053670215544903e-02,8.055182243681370535e-02,3.287527747900393493e-08
-1.192411231485097402e-02,4.098870735451301539e-03,-5.818366095245908061e-07
1.579928299143330524e-03,1.075162144376040152e-03,2.939020541263792655e-07
1.357764013217258037e-03,1.040100308246686821e-03,2.610888208281059150e-07
1.369444987326106115e-03,6.113208789110263774e-02,4.480377112096131444e-09
6.497506461597198080e-03,1.264235745758465670e-03,1.027916559601660811e-06
-1.666081649643302159e-02,5.573938831065277863e-03,-5.978239239075305604e-07
3.822539785809844770e-02,4.651197947408793054e-03,1.643714550781862107e-06
-1.883022934211410135e-02,7.030871938221140705e-02,-5.356555758198322800e-08
-2.969171715910817744e-02,5.733204832677343127e-02,-1.035802761925285908e-07
1.502945302853243674e-02,1.673226045343605833e-02,1.796502258170396888e-07
-5.192279129294406076e-03,6.413318264984302353e-02,-1.619252018139559371e-08
6.186425586958601425e-02,9.219169095133693259e-02,1.342107245060931742e-07
5.401727136383097094e-02,3.061076064328017120e-03,3.529374382282588474e-06
-1.990971003239632234e-02,2.158706906948468403e-03,-1.844635073696916845e-06
-3.553586799180970604e-03,3.119076776624421857e-02,-2.278662844810066991e-08
1.912643348826927308e-03,4.000027510722062481e-03,9.563353832494742117e-08
1.437054769301828079e-02,8.186154408595915088e-02,3.511014284473578761e-08
3.643378225997149361e-02,1.992042687023494810e-03,3.658009475173073526e-06
-8.340812076971968261e-03,3.028675971910614259e-03,-5.508010157459896042e-07
-6.543575106785148865e-02,8.991992765874907978e-02,-1.455453553919972540e-07
1.127330713609235764e-02,2.926941613741250708e-03,7.703294265198281155e-07
2.269889334210835850e-03,8.362344961319503889e-02,5.428949643402830791e-09
-5.206928958174680648e-03,1.736783458306326257e-03,-5.996187246618155304e-07
-1.978913548754991213e-03,1.761755167357512836e-02,-2.246572694781897183e-08
-6.012059273375006813e-02,1.484093007571342555e-03,-8.102169843759061895e-06
-3.551753329715536672e-02,2.889136603830390251e-03,-2.458747480084312106e-06
3.491277048244814923e-03,1.075547963657108065e-02,6.492227637963767804e-08
1.165124584889201849e-02,5.916659604579346983e-03,3.938537547351822550e-07
-2.353753737658512927e-03,1.114647306662880279e-03,-4.223405292705563740e-07
1.310960655469082994e-03,1.653983368915691934e-02,1.585249875153330626e-08
4.732619753145782954e-02,6.578381666143295371e-03,1.438870647881911472e-06
4.448619126540952901e-02,6.251257794150904407e-03,1.423301882739381880e-06
6.215527053030088511e-02,1.107190407110326090e-02,1.122780483191886954e-06
-2.532616711510252139e-02,4.908931185084994264e-03,-1.031862268899198687e-06
8.864786494261803207e-02,8.659116655873737300e-02,2.047547086614184972e-07
3.351094873714131200e-03,7.220348184282329544e-03,9.282560547207811327e-08
1.496101855970283050e-02,9.509964958443851285e-03,3.146454479971579199e-07
-9.590686167440324802e-03,1.314489973780499010e-03,-1.459256411764170370e-06
8.019992906208496530e-02,4.333545731239898252e-02,3.701432281854159499e-07
-1.727527901741768464e-03,5.967469751096235973e-03,-5.789939855258151985e-08
8.202862332043382720e-02,1.976873034331523820e-03,8.299001700958563786e-06
-6.269331966847928317e-02,1.084894980435863665e-03,-1.155773613046413582e-05
-1.619232403075707497e-02,1.919405256047641319e-03,-1.687258848889198180e-06
2.741410091854931761e-03,6.334889755199454853e-02,8.655141133058136587e-09
-5.291525935310503748e-02,1.425299242310304644e-02,-7.425301334629532938e-07
5.990208739436920365e-02,1.856459261639581762e-02,6.453506340775560989e-07
-2.592090990214565918e-02,2.160335317370333866e-02,-2.399762624561511196e-07
-1.661761626181208762e-02,1.542233232237425790e-02,-2.155052610676111925e-07
-1.568411067883600588e-02,1.023828501596579441e-03,-3.063880983460709005e-06
-2.450300450460150825e-02,2.125965295316051967e-02,-2.305166912602782059e-07
7.926188739203060551e-03,5.708039308426748892e-02,2.777260788551552718e-08
1.494719888161053119e-02,2.652918234885036971e-03,1.126873475113820884e-06
5.162135751289034444e-03,4.373755749021823042e-02,2.360554887180887066e-08
-1.312927753992959752e-02,5.904086157567639721e-03,-4.447616683602001612e-07
-7.854037285516120639e-03,3.792012545184053618e-02,-4.142498896086279817e-08
1.923317186931373718e-03,2.804786927397322216e-02,1.371482423121530578e-08
-8.912821079082193509e-03,5.005640222413828243e-03,-3.561186880570865735e-07
-3.815651224046409662e-02,4.097706593825474475e-03,-1.862374514672280557e-06
7.004055484901995643e-03,4.263037961542549131e-02,3.286015336157919137e-08
-3.626026942556447030e-02,2.807458018070362136e-03,-2.583193648625879775e-06
6.283791935737372512e-03,3.234985259920797329e-02,3.884979205345912161e-08
3.520499183439756725e-03,1.744131212136647334e-03,4.037051614446886735e-07
-2.737743524904394724e-02,9.834127818211760297e-03,-5.567960170056311417e-07
1.091785009511135260e-02,2.148942399834456382e-03,1.016135350439643993e-06
-2.462679618934452471e-03,7.820805277516720833e-02,-6.297898417705055146e-09
-1.131566593346133376e-03,1.381736876317858501e-03,-1.637924870315710702e-07
6.567887124981848339e-03,2.094634239214573576e-02,6.271287201284128355e-08
-5.644586015009972479e-03,5.532433969936469478e-03,-2.040586759040293178e-07
5.948330417993923092e-02,4.147799721056555367e-02,2.868246780670986669e-07
-1.665951667403667291e-02,8.743668747464669599e-03,-3.810727636016991989e-07
-2.495949521767528573e-02,3.234769810120403932e-02,-1.543233438059470831e-07
-1.472142102376442288e-02,9.774650060877509983e-02,-3.012227182310682781e-08
2.805757778601161365e-02,1.648521326387506012e-03,3.404041247760422297e-06
3.714613129786619675e-03,8.522122352903106074e-03,8.717762484722563477e-08
1.519862961845411557e-03,3.230486781153979470e-02,9.409697703600162142e-09
-3.106894800441665876e-03,1.778658258495392080e-02,-3.493600517536959641e-08
-9.949205387478725349e-03,6.747173616239016819e-03,-2.949210144367009869e-07
2.412416654849875840e-03,2.360243623222909454e-02,2.044253233086584548e-08
1.060802985602250651e-03,1.346223184376766149e-03,1.576002405030236237e-07
2.787833145669482964e-03,6.145487266027516160e-02,9.072973915891654499e-09
4.374684989364382298e-02,1.178678841015515753e-03,7.423188804612044802e-06
1.445069259233517853e-02,1.024345462664229267e-02,2.821508886966233617e-07
-5.178853575427584677e-02,2.075424523837546449e-03,-4.990750926984142808e-06
-5.632964173639149787e-03,2.836965445569590225e-02,-3.971203578142710196e-08
1.195537477236404030e-02,8.966292439194658778e-03,2.666794209474192854e-07
9.779784782625857917e-03,1.752607805453124763e-03,1.116050288975145070e-06
-4.803281371478133888e-02,4.099084919742974203e-02,-2.343636863492589142e-07
-1.065007815266705250e-03,8.076208314632985982e-03,-2.637451550310698204e-08
-1.239946471181713021e-02,2.648037103522732014e-02,-9.365222052191965386e-08
9.120780408302792130e-02,5.495197447124419363e-03,3.319616437018163525e-06
2.691824581255273033e-02,8.071611929347924375e-03,6.669997779375202747e-07
5.442758130246923981e-02,2.318255599118041604e-03,4.695663056431977085e-06
-3.733421686859941108e-02,5.592011051276163380e-02,-1.335298106079415173e-07
3.957262760379682415e-02,2.262064571301874993e-02,3.498880407730633092e-07
3.202404149464720129e-02,4.525920155227743102e-02,1.415169499859442160e-07
7.827620953695525741e-02,4.863648251621849154e-03,3.218895197197460372e-06
3.816746221364910978e-03,8.538095736764851271e-03,8.940698963080923309e-08
-3.576322653201240848e-02,7.517682331604905351e-03,-9.514630597721965841e-07
1.075416580445288060e-02,9.006313204650992499e-03,2.388190080764034490e-07
1.964627427285377606e-02,1.173517992820727329e-02,3.348340825517885744e-07
7.368406445695992180e-02,5.980820646454082512e-02,2.464064109386669249e-07
-7.895761194473426350e-03,9.932375553168370716e-03,-1.589937602128266403e-07
1.365192323884238147e-02,2.732321712048337188e-03,9.993122532659162394e-07
-6.504463244522261205e-03,3.375922520734768451e-02,-3.853525181383127196e-08
-4.529661761087771382e-02,4.614137921435599622e-03,-1.963425421937150807e-06
1.926628527349812103e-02,7.960541508506750394e-03,4.840548584202263761e-07
-4.881897730915438043e-03,8.231380323003444077e-02,-1.186192618438664027e-08
1.226870560205935374e-03,1.645952938856484532e-03,1.490803967150302899e-07
-1.335796502228992454e-02,2.678845448886832750e-02,-9.973138530190743900e-08
1.008972285429382207e-02,2.179645905584219265e-02,9.258326647584748071e-08
6.272364048961557789e-03,4.524753856499552120e-03,2.772525225430197607e-07
1.150077980517463664e-03,1.414682139067986386e-02,1.625951646753669243e-08
1.087808480736119666e-02,1.483504227046950324e-03,1.466570214366734791e-06
-3.964320217549786689e-03,4.353140852549651670e-03,-1.821399511725433338e-07
8.563392615340928785e-03,1.436493947225997783e-02,1.192288249444950052e-07
-2.274252034455715235e-03,3.635816103171287533e-02,-1.251053525833905284e-08
3.540549432409430958e-02,5.037881432819225035e-03,1.405600582064836488e-06
4.424678828742042470e-03,3.367326089760821085e-03,2.628063080536473179e-07
-1.190164563292090989e-03,1.515554712300275567e-02,-1.570632587905495787e-08
6.064300487250436078e-02,6.780783525225399927e-03,1.788710435935162673e-06
-6.870053823777430048e-03,3.890832114969146934e-03,-3.531480852143275499e-07
3.271521139883526962e-03,1.612385885758153836e-02,4.058073897465430333e-08
-1.044441891870031940e-02,1.920359425772308337e-02,-1.087779749279683562e-07
-2.004719899400469324e-02,4.683855646623605144e-03,-8.560308328256202424e-07
3.782803692890336199e-03,5.605242452360098028e-03,1.349766390546579432e-07
3.079297926705509489e-02,1.289133363473905260e-02,4.777416106524108806e-07
2.738288600063546949e-02,2.041944767907508465e-02,2.682096724369402176e-07
3.222681970183356032e-02,2.791416265386805623e-02,2.309043170713883597e-07
1.425873439859411812e-02,1.971999169348371411e-02,1.446150392666170510e-07
3.576993568449673977e-02,1.059174625544092620e-03,6.754447019451499546e-06
2.976898295811292519e-02,3.536364029936258507e-03,1.683628392771190821e-06
-5.880118384745239984e-02,2.162073973951461614e-03,-5.439446743290093336e-06
5.009202734485808037e-03,4.882458871612316981e-02,2.051961573107271152e-08
-5.137830161271681254e-03,2.635364490574275496e-03,-3.899224693294169859e-07
-3.914251770609263048e-02,7.060207283602400880e-03,-1.108844158645197454e-06
-7.214479114826761151e-03,1.501987327832976678e-03,-9.606781655238285319e-07
-6.833258749560537811e-03,9.783565336221375364e-02,-1.396914819267046688e-08
3.993007976936257392e-02,1.312753616262285180e-03,6.083537123980305487e-06
-7.607865502229708456e-03,3.140525144437572060e-03,-4.845066691725289935e-07
-1.886179388182705752e-02,8.382746555990408174e-03,-4.500241983033826746e-07
2.792414679738682015e-03,1.765058344184920053e-03,3.164171794900327082e-07
4.334115054077051360e-02,8.780379519694708756e-02,9.872482124083682971e-08
5.514981631473825363e-02,1.779712797981464895e-02,6.197740023686049246e-07
9.894688311812208092e-02,1.288264548995496014e-02,1.536159356865167452e-06
-7.695909909907169485e-03,1.125668109585472232e-03,-1.367378731923922424e-06
2.829008793951851355e-03,4.069001037447472768e-02,1.390547104289306423e-08
6.765422684824633735e-03,2.998498969567520937e-03,4.512635332983595571e-07
-5.583126031647074605e-03,4.503650788327524454e-03,-2.479430456522694901e-07
6.007554048474388585e-03,1.027404237777558745e-02,1.169487386613452726e-07
4.831011022673560584e-02,3.556856550902644937e-02,2.716507361220091108e-07
-1.634739458810971838e-02,5.074519336289089015e-03,-6.443069886155304351e-07
-6.021459839047303697e-03,1.228401792971496945e-02,-9.803938100997066402e-08
9.330808283618709578e-03,6.560459414036833026e-02,2.844619751990424575e-08
2.147737681518293446e-03,5.421052247115684675e-03,7.923861062460785292e-08
2.689217020293553639e-02,2.489192823026407930e-02,2.160759938791357704e-07
1.651998103130312891e-03,8.369621122774215105e-02,3.947689201952263081e-09
-1.141108135047127613e-03,4.412328765858374718e-02,-5.172471960429473488e-09
-1.917426786525591384e-02,4.149401583077947514e-03,-9.242139725524309154e-07
-1.509465783873271266e-02,6.216417608735775452e-03,-4.856487767683777503e-07
-5.704748657867277778e-02,7.596499072737540603e-02,-1.501973373946488329e-07
1.394258229728332276e-03,2.818882897928574882e-02,9.892484762623143426e-09
-1.586217609469128473e-02,2.686101593155264689e-03,-1.181080612540206255e-06
8.603079223032796680e-03,8.917113003697333187e-03,1.929606973550342197e-07
4.160102408625330345e-03,1.181485057148982509e-03,7.042307696797399008e-07
-7.382848804466973086e-03,9.077287878454877446e-02,-1.626698527973287686e-08
1.559026809186739825e-02,4.427829699810954811e-02,7.042095049352314752e-08
-4.137666731107485923e-02,2.902751940287980406e-02,-2.850918430153630955e-07
-2.812502464351887901e-02,1.422833453691016783e-02,-3.953466398960114500e-07
1.417880716224922521e-03,2.065762976406660886e-03,1.372772006815221567e-07
-1.940140538813755252e-03,2.848973889601254077e-03,-1.362021394156473446e-07
3.305872890850635945e-03,4.737618560211630421e-03,1.395613840778559381e-07
-1.714827732076905364e-02,1.249628759953123240e-03,-2.744597696903225172e-06
-1.716897691642537555e-02,1.057096389394473254e-03,-3.248396511380261724e-06
6.459230963140022430e-03,7.017941909608946087e-03,1.840815459671388947e-07
6.761974632961638421e-02,1.487641406037829928e-03,9.091059237181598276e-06
2.137629435787903598e-02,3.714017346448871687e-02,1.151138824278349021e-07
3.580799877600112768e-03,1.013585778413169649e-03,7.065757851873673684e-07
3.905348373817697175e-03,1.947834037573733905e-03,4.010024613627827665e-07
-3.923882153347873353e-02,6.357290699843919611e-03,-1.234477256088093199e-06
8.486508790723679141e-02,3.477348828291126123e-03,4.881125956534169763e-06
2.704900820548057638e-02,1.159036960664459708e-02,4.667596100406352345e-07
-4.850208356641725650e-03,1.870891982968578629e-02,-5.185025417839094151e-08
-1.765012207899442501e-03,3.182987079462312567e-03,-1.109052348994605557e-07
1.296459055552279249e-02,3.470265452804247031e-02,7.471973395905341946e-08
-7.367324568291101425e-03,4.619819296527850894e-02,-3.189510401407211781e-08
5.462455821144544116e-02,7.173931541822484159e-03,1.522894848652129406e-06
1.460782930208025764e-02,1.753443560991549063e-02,1.666222911211149033e-07
4.151084782160397585e-02,3.604090083545939162e-03,2.303589944659753756e-06
-1.380104481630003467e-02,7.732940165385934761e-03,-3.569492917088542382e-07
-2.110717578545270173e-02,2.290503173861558467e-02,-1.843055601704156983e-07
-1.680643056505029933e-03,1.235584029236952257e-02,-2.720460394087513548e-08
3.106087985271713953e-02,3.010508490200700191e-03,2.063541015762857821e-06
1.307467021958464001e-03,7.395897982319142583e-02,3.535729562644625308e-09
-9.449847196920317660e-02,3.426912661041329588e-03,-5.515196089778479018e-06
-7.188223393733333792e-03,2.814503135747143010e-03,-5.108095837140074573e-07
-9.545138287264250121e-02,3.639183482971264805e-03,-5.245869470714125470e-06
4.228993377491916533e-02,3.552759633609895839e-03,2.380731331233663113e-06
-2.502223617343210527e-02,2.982229810002982092e-03,-1.678124662274433558e-06
7.792880236740644395e-02,9.815616957075246410e-03,1.587887053698360470e-06
-1.855724245121957022e-02,1.470503521589575958e-03,-2.523983904664343558e-06
7.907603981675857818e-03,9.911545368636291709e-02,1.595668774046968566e-08
-5.645934387012270343e-03,9.133337039501424753e-03,-1.236361721536056908e-07
-1.615947079847137105e-03,2.059243466685826279e-02,-1.569490334347794628e-08
1.760251367454287704e-03,7.240129609661601073e-02,4.862588937258587886e-09
-1.085069815690211910e-03,2.277171807426165567e-03,-9.530179755940796134e-08
9.355492502027762391e-02,3.564513061599344085e-02,5.249351479992394332e-07
-5.522003597399029878e-02,2.314790148212386538e-03,-4.771163155764129193e-06
-4.020949123279339565e-02,2.964485882098805147e-02,-2.712803891506543515e-07
1.192457761346572007e-03,6.239272405517914261e-02,3.822506789705680698e-09
-4.005458508747638396e-02,6.443931613135144183e-03,-1.243198629650883004e-06
3.359411120433536055e-03,1.342296666412610192e-03,5.005573606517865945e-07
2.400304835543036475e-03,6.733862547072855947e-03,7.129209234110023762e-08
6.516073088726134777e-02,1.506526168002069290e-03,8.650644709540116593e-06
-3.747245750393730836e-03,2.490696146258487235e-03,-3.009058527979345770e-07
8.189434418524831061e-02,1.183366013743976375e-02,1.384120896454718418e-06
1.748502807105220417e-03,1.120886045732577899e-02,3.119924463868042346e-08
5.593319015974244739e-03,3.532243351498506878e-02,3.167073787957578604e-08
-8.886004366929095913e-03,1.165019189154212686e-03,-1.525501544725821193e-06
-5.049002065856762755e-02,2.244951963271328826e-03,-4.498189049603509240e-06
-1.528257022363615526e-02,9.430783790400748198e-03,-3.241065588719361557e-07
-2.800808441193997252e-03,1.219912220839153901e-03,-4.591917034973303736e-07
1.530699786338560534e-02,7.020736108229811041e-03,4.360603313046708538e-07
-1.531754244264361747e-03,1.283493067449831011e-03,-2.386903016182124049e-07
-1.670347764566970910e-03,2.676756861078033282e-03,-1.248064941207201726e-07
-1.284666556769567362e-03,1.096194021379394770e-03,-2.343916830441373916e-07
-1.931768246236682113e-02,1.330734932121326215e-02,-2.903371930365106932e-07
5.911424526732201451e-02,2.876476467237515811e-03,4.110271710259905635e-06
8.025255628366173566e-02,2.463370139510568865e-02,6.515809977010024873e-07
-2.779587758026395850e-02,9.770321324882548161e-03,-5.689980151678671853e-07
3.281017361262855009e-02,4.028798327602202412e-02,1.628816681221882902e-07
6.352077773335964954e-03,1.474281485798812838e-02,8.617367279604758827e-08
-4.493633222229430520e-03,2.207038615156368955e-02,-4.072179357128844117e-08
-1.260434920834870758e-03,3.814006733237960273e-02,-6.609645689041315715e-09
1.455818379403101817e-03,6.656828216343896841e-03,4.374002795291662368e-08
1.513962427655460817e-02,7.113028138615767708e-03,4.256962051734363535e-07
-8.182275831841506405e-03,1.184264056162682294e-02,-1.381862323317223603e-07
-2.244134627154447531e-02,7.423959137725982468e-03,-6.045782822267546305e-07
-2.772678372593535487e-02,7.970575329516584040e-02,-6.957432993418611321e-08
-4.199196376905318245e-03,4.682489080297576496e-03,-1.793612491717371647e-07
-1.063174154531045358e-03,4.580654997720815663e-03,-4.642116500366980223e-08
2.754563511867484833e-03,9.135998532571878300e-03,6.030259164102509078e-08
3.139664598083850584e-03,1.483743182231661226e-02,4.232176075454662046e-08
-1.448366677980299222e-02,8.036165903382620768e-02,-3.604697611331642245e-08
5.548157023615665762e-02,9.025065134369996550e-03,1.229525689318627277e-06
-9.069797060216875859e-03,1.306652370656744867e-02,-1.388278881080814254e-07
-8.061630034118875965e-02,1.233368687400651295e-02,-1.307281614290009651e-06
-9.796633031003601499e-03,4.442398681305451819e-02,-4.410608568601794827e-08
-4.602880061175724374e-02,5.934907956772489911e-03,-1.551153862675072550e-06
-3.800579573787836452e-02,2.531966715170541268e-02,-3.002140724623988467e-07
2.632802492447332537e-03,1.954890371600920967e-03,2.693612265583999308e-07
-4.527650612381041093e-03,1.091859645136237329e-03,-8.293642276158651528e-07
-9.685702810060408535e-03,1.013095545491227330e-02,-1.912141123013566310e-07
-1.109649220351099398e-02,7.022468321478771147e-02,-3.160349632792336709e-08
-8.863265651018081837e-02,2.350358799652169008e-03,-7.542213271012109968e-06
-4.856424386363882018e-02,2.969329809108382442e-03,-3.271126965785739306e-06
-7.325228306857367588e-02,1.381805370958371065e-03,-1.060262732942941041e-05
3.320622871600131983e-03,2.835716645934902025e-02,2.342048748684207654e-08
3.008684907412559773e-03,1.747427003504338147e-02,3.443633094642989863e-08
-2.130376818738455649e-02,2.233437781045962290e-03,-1.907751384840648447e-06
2.981038521975548639e-02,9.333615979794705753e-02,6.387881747933439341e-08
3.118203653790605281e-02,3.345953104664140670e-02,1.863905262207301875e-07
-7.438226287548072024e-02,1.795279534593831675e-02,-8.286602648103391241e-07
6.524356541284335315e-03,2.208098837678479018e-02,5.909604071562306609e-08
1.452866861401924323e-02,2.825543434364994125e-02,1.028402298136169515e-07
-6.388005992857952522e-03,1.881920436448060105e-02,-6.788960230475978755e-08
-6.716084908545133514e-02,3.398928893006435831e-02,-3.951966979328565235e-07
-2.566845257241878384e-02,7.251922620637143990e-02,-7.079225307131970512e-08
-4.890608308135142683e-03,3.602596370231950576e-03,-2.715104079802326581e-07
2.243387876124056102e-02,2.721462952200885861e-03,1.648698147971237347e-06
1.658668536010509190e-02,3.159959347517412448e-02,1.049825987300678140e-07
1.003119771222094753e-02,3.008058176899345518e-03,6.669691815451029079e-07
4.761963822859459350e-02,2.865953750533037706e-02,3.323197268124244640e-07
1.748203264674205032e-02,5.199928173704713302e-02,6.724094219993879309e-08
-6.969642858900147904e-03,4.977953039055237582e-03,-2.800263742729433730e-07
3.722209675855936428e-02,4.069371766233999266e-02,1.829416847591390016e-07
2.483285440594046496e-03,1.506796665023809592e-03,3.296182126669272550e-07
1.576591412527917138e-02,8.146655619328804429e-03,3.870606369108240612e-07
1.343841282975644568e-03,2.249847128630095422e-02,1.194632090716979934e-08
3.182182108325348670e-03,1.179610586101527327e-03,5.395423962159146626e-07
1.514561831715960849e-03,3.904446324640039462e-02,7.758303399729486946e-09
8.007604984230389661e-03,9.912430754702789004e-02,1.615703563667723646e-08
9.771407328233767606e-03,1.523861905652330092e-03,1.282480331102758348e-06
-5.364529871219995277e-03,6.142495285318169684e-03,-1.746731065608583720e-07
9.080048057514833459e-02,2.850546037363899457e-02,6.370878106309453589e-07
1.445666131165561884e-02,1.361970609404200561e-02,2.122948597754383088e-07
3.968765493564114372e-02,2.420950290101561535e-03,3.278753552430281642e-06
-8.451594011108048976e-02,6.468475859412164269e-03,-2.613219397053440347e-06
2.379691485541790552e-02,9.507057816308817078e-02,5.006263791184130726e-08
1.519788349557843607e-03,6.709858208804576028e-03,4.530112384318878679e-08
-2.434701163271729956e-03,1.908279435709077897e-03,-2.551778072329745312e-07
-2.889161496942940777e-02,1.057103031691973257e-03,-5.466303089410009852e-06
-1.317670677629302622e-02,1.176839534818467561e-03,-2.239385387815160513e-06
5.774726675864225688e-03,3.107145348925801406e-03,3.717141314711634942e-07
6.842415232533995140e-02,3.084765075184572273e-03,4.436357526198762079e-06
-5.478591277708383389e-02,4.534061417231664837e-02,-2.416688698936270050e-07
1.349802058201911292e-02,2.801613866052311136e-03,9.636093735552167424e-07
-3.893046710794403203e-03,5.706116428896378101e-02,-1.364546041604006302e-08
2.755323367853814917e-02,1.855045529972633098e-03,2.970689151612403046e-06
1.481248814033189060e-02,1.067559992599788647e-03,2.775076334165106025e-06
2.100259653524253964e-03,1.298976239890783403e-02,3.233783869622826286e-08
-3.989779139413029453e-03,2.581440798721201108e-03,-3.091191380833745129e-07
-6.333933367313042753e-03,2.938364584255852632e-03,-4.311287824082915316e-07
-1.149308470086710110e-02,8.689934173386398841e-02,-2.645204962751132257e-08
8.794841904426363086e-03,5.461690347557544845e-02,3.220625083981347794e-08
1.306409722197167649e-03,3.747494778939865906e-02,6.972324242167630556e-09
-3.490671033737131890e-03,2.926116054887161616e-02,-2.385923876540749749e-08
1.239830728561253570e-03,9.131188718653135417e-02,2.715653058923711267e-09
-3.427810119040184279e-03,2.965873524818235518e-02,-2.311550242185730159e-08
2.202171135860381268e-02,9.774334736701653648e-02,4.506123248838807691e-08
-4.214017760341488145e-02,1.285433045307322712e-02,-6.556712022611499590e-07
1.741007821831535782e-02,1.342712022846253780e-02,2.593325633133431230e-07
-5.156460352564654764e-02,3.113815542260551031e-02,-3.312058575881983319e-07
3.454773489858921180e-03,2.108864967806899082e-03,3.276498806532443959e-07
2.401962525995659375e-02,1.877600345308470722e-03,2.558599314502287786e-06
1.179587800625988767e-02,6.250669521528386119e-02,3.774356711245865988e-08
3.394631686044843281e-03,2.496112699419526619e-03,2.719992327495044823e-07
-3.291552509232400364e-02,1.016054079433094826e-03,-6.479226644952055959e-06
5.615047550461811296e-03,8.302544482469550666e-03,1.352637537293468415e-07
2.732998091537559588e-03,1.520784585367487493e-02,3.594271131123251906e-08
-2.285226572420198492e-03,9.070190146686239741e-02,-5.039089614185233568e-09
2.073358249664608577e-02,2.783478454836108701e-02,1.489792189823831181e-07
1.186112795110160672e-03,5.886309547401943378e-03,4.030158272389056112e-08
-8.352998104770385790e-02,2.318104895694794026e-02,-7.206900179780711004e-07
-1.204609212673073311e-02,2.263983017837061917e-03,-1.064172969714899198e-06
-2.687360146464596450e-02,2.890374326957801353e-03,-1.859563398192407717e-06
-5.402406773181035043e-03,1.169952860295711767e-03,-9.235451369687219019e-07
1.165499832752354666e-03,2.537911652717280298e-03,9.184910396325794497e-08
3.328179931557369124e-03,1.351010779403764676e-02,4.927052518188569664e-08
1.303492570464201243e-02,2.003620730282782390e-03,1.301164638012330022e-06
-5.572062763382521280e-03,3.050033650206336253e-02,-3.653848843101833613e-08
1.739114030965146400e-03,5.079108987213704074e-02,6.848252032870795611e-09
5.059028233294500521e-02,3.516009740751935547e-03,2.877771065602788210e-06
1.118491364943283162e-03,6.399488052847492059e-03,3.495639282316312009e-08
1.004358212624289169e-02,1.073848924779018631e-03,1.870616051551057003e-06
4.683916890898669715e-03,1.415998304826234259e-03,6.615850080689848849e-07
-3.294872506578177748e-03,3.589197411690984996e-02,-1.836032974462245783e-08
3.257726757762942089e-03,5.043472731998384882e-03,1.291885982613539520e-07
1.264345497208954790e-02,6.181782472823710295e-02,4.090639950540464835e-08
2.123480965591266305e-03,1.495022958409654781e-02,2.840793846677385937e-08
-7.848220880173681704e-03,2.052324702787812483e-02,-7.648290109064891898e-08
2.469794065700281135e-02,7.440657360043044510e-02,6.638785626841609104e-08
7.222802285760522578e-02,8.610288824413939168e-02,1.677749875410429148e-07
-7.981251759474553009e-02,1.262830748601229992e-03,-1.264052379553160419e-05
1.451950272139750000e-03,6.489135810044859010e-02,4.475113834847228519e-09
-1.293618409114781487e-02,3.433307169356955568e-03,-7.535858497339362516e-07
6.873063166701602611e-03,6.286525656591264444e-02,2.186647868370038365e-08
-2.618536570400908665e-03,2.796482193688536178e-02,-1.872775820030163607e-08
-3.004376013253668570e-02,1.827182879940198075e-03,-3.288603212401120027e-06
-1.054569714369282818e-02,3.688335770100178990e-02,-5.718525375233042540e-08
-7.566731770137800905e-02,1.951152152141063384e-02,-7.756332352621041810e-07
3.062953006256610017e-02,1.560280318305814692e-02,3.926240617090294611e-07
5.791189698283494974e-02,1.168721997474294651e-02,9.910504906750667311e-07
-4.015708291298210157e-03,5.566751000545170670e-03,-1.442778193272914614e-07
1.021839216481094416e-02,5.406738950344733285e-02,3.779952765901226526e-08
5.158850262020714394e-02,9.350863084586597332e-03,1.103418935496049670e-06
-1.761466430398691890e-03,1.420369036777879672e-02,-2.480346656849336908e-08
-3.968810925108155058e-02,4.932385216742660346e-03,-1.609320821496026121e-06
2.092746698048051843e-02,8.708844874745312950e-03,4.806127841393375561e-07
1.079850338261302252e-03,2.210653825000392144e-03,9.769718195005650523e-08
7.880951340483170059e-03,1.268057051612593578e-02,1.243022702653739635e-07
1.105835731220148992e-03,5.875809371346780649e-03,3.764108462814471764e-08
4.391590083407311343e-03,7.860387732044595011e-02,1.117421529518807413e-08
-2.512574312127909340e-02,1.332104756854356068e-03,-3.772417443584034659e-06
-1.030043655624704067e-03,7.867005179900049550e-02,-2.618697921560090659e-09
-2.458764023975669108e-02,2.968493180092535502e-02,-1.656608947322329336e-07
1.097455719687407761e-03,5.877704975468468762e-02,3.734379334496323229e-09
1.545960262973023868e-03,2.946063751528277611e-03,1.049531298314717393e-07
1.415504848139056797e-02,4.377228428504334815e-03,6.467722203669927145e-07
9.733976988779150658e-03,4.116104505838888775e-03,4.729803851829438281e-07
-1.560990859622458666e-03,2.993138713213428989e-02,-1.043068245135485377e-08
2.130473126263351252e-03,7.709079829602349943e-02,5.527296036706545514e-09
-4.308891346583330201e-02,3.912410350447805170e-03,-2.202725360591023362e-06
-2.946686416688536116e-03,3.787761596283820836e-02,-1.555931570180771086e-08
-3.833372827240343755e-03,6.036488652048060261e-02,-1.270094044586560150e-08
2.665107537391457181e-03,1.359393112504262216e-02,3.921108687568862820e-08
9.887651169535691120e-02,7.782185575319987454e-03,2.541152692397831296e-06
3.786481053940734653e-03,2.339927466089031238e-02,3.236477566474712593e-08
-2.660753300182583728e-03,6.083003895603318091e-03,-8.748341404087767392e-08
1.153370606401555795e-02,5.623595092975779836e-02,4.101984774813096521e-08
-1.773933228347863642e-02,2.372483868023280915e-02,-1.495454516885169796e-07
3.283023267966011290e-03,7.585260580929965510e-03,8.656506588966971926e-08
1.510751895409003648e-02,1.961295628444625211e-02,1.540597878962036195e-07
1.081141516256538477e-03,3.398747377741084125e-02,6.362134810687207543e-09
7.112099253530832811e-03,6.798103728812640578e-02,2.092421770652149943e-08
9.506784785025373594e-03,2.470084439562989301e-02,7.697701582771138772e-08
7.807626105553611140e-02,9.653730687106674632e-03,1.617569824511916215e-06
-3.087349554173943189e-02,2.690551200433805024e-02,-2.295005606900665224e-07
5.037274879773258156e-03,2.276832456975701104e-03,4.424903307007780642e-07
3.416922761854405965e-02,8.522302399172305976e-02,8.018948598886374715e-08
-6.719534053326520380e-03,3.608862021619373833e-03,-3.723986427198209567e-07
-2.033951528923733792e-02,6.549482525911851094e-02,-6.211161466776187492e-08
-1.549559848639374578e-02,1.401737928395158615e-03,-2.210959249461493165e-06
4.992004319783389411e-03,3.929576718481908246e-03,2.540787759864985228e-07
-5.410755647766623058e-03,1.115269013183378113e-03,-9.703256094755652592e-07
-8.632930505721993220e-02,5.351871151488878098e-03,-3.226203841417391983e-06
-1.168046823051773452e-02,2.177813050669311773e-02,-1.072701442549486188e-07
-7.384897799703144493e-03,3.472482549585031823e-03,-4.253472464257403017e-07
1.065249261110311207e-02,1.300981085579223061e-03,1.637643882415246618e-06
-3.755119575609539018e-02,1.562207700761886805e-03,-4.807554373419135527e-06
6.132619311801064399e-02,3.647981162859243679e-03,3.362270323055846581e-06
-1.020495280334420994e-03,1.786772769242361489e-02,-1.142301858865416747e-08
-3.797978479671950194e-03,2.445895692904612173e-02,-3.105659048526604875e-08
1.537450639038001436e-02,4.947991334896512106e-03,6.214575364103278692e-07
-2.082494673206458993e-02,1.118284682841121959e-02,-3.724523604022556434e-07
1.729238463532286121e-02,6.015735508737883597e-02,5.749172791624302857e-08
-4.797590828909991875e-03,1.989150523792256389e-02,-4.823860780350884399e-08
-1.313842759498445867e-02,1.286621607742818515e-02,-2.042357476043514553e-07
-1.078496931455917053e-02,3.421651767231508739e-03,-6.304088684080462785e-07
-2.959438392588141162e-02,3.630500422961214276e-03,-1.630354400552981500e-06
5.952144434752131008e-02,5.431102665682215232e-03,2.191919785891405844e-06
-1.435733111855191577e-03,4.979621207255994532e-03,-5.766557366249506170e-08
-5.331773623116262302e-03,1.046943976416134930e-02,-1.018561994674846862e-07
-6.395425971237654605e-02,7.881757325852008222e-03,-1.622877074579145871e-06
-9.106627969706548864e-02,3.298490483022924191e-02,-5.521811381982798886e-07
-4.487704401941102622e-02,3.222811043346427567e-02,-2.785021857066864675e-07
-1.112869855623228182e-02,7.674407064864903656e-03,-2.900272172790428548e-07
1.015457084819396637e-02,2.414553204982045065e-02,8.411317036655753277e-08
6.605962044644128617e-02,3.602199137692195519e-02,3.667816199327046151e-07
-1.244182144276630066e-03,5.166920940272262674e-02,-4.816054091689967992e-09
1.303314718622835752e-02,1.923321453817331559e-03,1.355303725142030517e-06
-1.703994147967328619e-03,7.216720399603413980e-03,-4.722450642399076811e-08
1.097326975137798838e-02,1.105731934181918875e-02,1.984839577350236349e-07
6.197943543393533150e-02,9.193736801839467315e-03,1.348325529078155768e-06
-1.913129903141049318e-03,7.179528770227588952e-02,-5.329515479640702668e-09
-5.292843855651340607e-02,8.111346569335904644e-02,-1.305074585616546158e-07
1.194834440378579089e-02,2.624018250420562855e-03,9.107099662147224974e-07
1.262835762496288504e-02,4.479358997213263478e-03,5.638586018631495245e-07
-1.325055172399340359e-03,1.359496467391915590e-02,-1.949373628009966504e-08
-1.183709651688933089e-03,7.559317013327303096e-03,-3.131856381548177769e-08
3.845133866894568427e-03,6.784701931826931341e-03,1.133495758948695691e-07
3.741351146501685487e-02,2.469695859958363684e-03,3.029871468369805099e-06
-6.404694787242357946e-03,2.110349097238811700e-03,-6.069925261903389596e-07
1.279980682043327855e-03,1.054139225326716431e-03,2.428536578831839017e-07
-9.661175338830752662e-03,6.708084775086228801e-02,-2.880518241133710662e-08
1.786742701409863368e-02,4.041668994358497448e-03,8.841795830467112098e-07
2.697323862341377901e-02,1.102099529989509141e-03,4.894986353914996838e-06
8.671143511460997766e-03,2.407126008399887440e-03,7.204714186074533847e-07
-5.693384409821731357e-02,4.473124461059582203e-03,-2.545650241428521441e-06
2.841220510272882138e-02,6.404618687503281504e-02,8.872599350513479259e-08
3.648988898981817518e-03,2.207120660465544150e-03,3.306630552108849346e-07
-1.997377178637755463e-02,8.225334498905870206e-02,-4.856749713341949835e-08
1.862842738985687283e-03,4.270553595535267651e-03,8.724312730491217399e-08
2.961499210122033304e-03,9.611991414769895103e-02,6.162223630559743696e-09
6.317167203585359603e-02,3.715024535379429088e-03,3.400947233518151698e-06
6.841381167563083746e-03,1.140338823008263218e-02,1.199911141141468173e-07
5.717975808972248358e-02,2.757560046382588267e-02,4.147214934028868936e-07
-1.001193825311636788e-03,1.531248951930723294e-02,-1.307710365601673908e-08
-1.898310206049571083e-02,8.962555780341953382e-02,-4.236181109362899214e-08
6.148728359474003174e-02,1.300693493922245019e-03,9.454739059733911484e-06
1.326780607813388873e-03,1.192559798627391109e-02,2.225144188149973712e-08
-5.919125281662625249e-02,1.561798991972269610e-02,-7.580041827363415313e-07
8.136725471425193534e-02,9.257004899486840147e-03,1.757998005194296237e-06
-2.260544418657297380e-03,4.450012764714310690e-03,-1.015993656885006422e-07
-1.984802349926544692e-03,1.296545986269865246e-02,-3.061741695314147500e-08
-5.847793882467947763e-02,2.680947915996037545e-02,-4.362574815661795706e-07
-1.351649060394616297e-03,1.510523770148251540e-03,-1.789680850166513001e-07
-6.715304307351147028e-02,4.707236249816995274e-03,-2.853243984782796454e-06
1.340090855603412109e-02,1.356833429749316339e-02,1.975363008048816025e-07
-3.709950648552169921e-03,1.458413492373691498e-03,-5.087760592149849871e-07
1.221945233609286405e-02,6.193347078487542595e-02,3.946076778623085133e-08
-4.249099097357014049e-03,2.116310559384854822e-02,-4.015657544737962882e-08
-1.562583356157200938e-03,9.850353584593035672e-02,-3.172711495919013416e-09
9.791965173431321084e-03,2.202837463862696542e-03,8.890508762906692934e-07
1.498295982401291401e-02,8.567762957765755194e-03,3.497593882449312036e-07
7.902092920812871582e-03,2.861461493770288411e-02,5.523233888051800235e-08
-1.307414710026919436e-03,3.885499418516449172e-02,-6.729855305846147693e-09
6.490056476001887509e-02,2.993974759562166230e-02,4.335503582432731988e-07
-5.017890732106929791e-02,2.359539464544245426e-03,-4.253369990825056247e-06
1.539270683910219303e-02,2.196794517432152857e-02,1.401408574036209880e-07
-6.771825290165052989e-03,1.069875414771875128e-03,-1.265935985750984294e-06
1.109677046969411406e-02,2.575360100522864140e-02,8.617828520658960935e-08
-2.851970042457057861e-02,1.276399168740750822e-02,-4.468869316761382114e-07
3.428996298762997108e-03,1.516133189447265404e-03,4.523440369283106972e-07
1.938787826212246814e-03,1.632566240456031353e-02,2.375191774977794762e-08
1.091134227104903140e-02,5.005568466715993280e-03,4.359774040889154010e-07
-3.222738413797954921e-02,2.070515238272823202e-02,-3.113048112223355309e-07
-1.032365460874403460e-03,4.272910228409956303e-03,-4.832244559282801714e-08
-1.765096502930753536e-03,5.725328863861193530e-03,-6.166052596942360598e-08
2.768700161486285435e-02,1.602229689482352962e-02,3.456132302858357676e-07
1.562982092541720467e-03,1.993585460903945193e-03,1.568044388695900498e-07
5.906948183843347203e-03,5.788777914172452306e-03,2.040870654910054025e-07
-8.243939472055615558e-03,3.445641599679706568e-02,-4.785241941231250596e-08
1.092416631651725416e-02,4.206507329348928986e-02,5.194046838726462569e-08
1.424012847512323883e-02,2.282501697906838371e-03,1.247791452716828583e-06
1.291350757083205812e-02,2.545740690597255232e-02,1.014540212162044582e-07
-3.857716566586093330e-03,1.403931292468702657e-03,-5.495708258699584684e-07
2.528891504799835391e-02,1.808217494827315175e-03,2.797169208635673436e-06
-3.216066439089531465e-02,5.351840011105150723e-03,-1.201879971749760279e-06
3.652414364048743589e-02,1.545964290961615584e-02,4.725195611732451254e-07
1.311946540646108860e-03,1.270185710834975364e-03,2.065799291298201024e-07
2.792169735806462362e-03,3.780590252937914009e-02,1.477139165353184151e-08
-1.199985251451158924e-03,1.678216337587869894e-02,-1.430102519623742330e-08
-4.274294708036570356e-02,8.028246850604469839e-03,-1.064836559485444227e-06
-2.902492379105086479e-02,3.017273973900911482e-02,-1.923957833484626888e-07
-2.736715043058086418e-03,6.083220902136373710e-03,-8.997776475051015906e-08
-2.732169286576776202e-03,2.153897998996897028e-03,-2.537007086363637063e-07
2.766642689860173039e-03,8.829950608099711162e-02,6.266629340827151926e-09
1.135942272086878880e-03,3.926310592825422996e-03,5.786431519774991232e-08
3.777921176419853783e-02,1.519363235847051444e-03,4.973137729480436071e-06
7.375950314849280369e-03,8.235535961942351546e-02,1.791287613354778696e-08
4.462973676487276553e-02,3.759202680281751620e-03,2.374476040788146581e-06
8.044358418529417437e-03,4.438821766074942110e-03,3.624623598502810658e-07
2.045856131698270061e-02,8.200390968495180344e-02,4.989760946221383454e-08
-6.390612784960666287e-03,1.889783741368160136e-03,-6.763470557489404991e-07
-2.182512039589898020e-02,1.728077472386247478e-03,-2.525995936561283116e-06
3.069938878134803942e-03,1.486641648185490876e-02,4.130119728186272048e-08
2.999923388785565199e-03,1.266744884586002914e-02,4.736529133674470234e-08
2.176061391241993978e-02,2.777336103793613502e-03,1.567046601597226359e-06
-2.005706959823408062e-02,2.302652399802225872e-02,-1.742120961496893327e-07
3.237619709524275444e-03,2.452919691056190156e-03,2.639864974073214371e-07
9.482574267160676085e-02,2.986756288060844061e-02,6.349882282977780602e-07
-2.930892188917521082e-02,6.245521931456219852e-03,-9.385778781485657768e-07
-1.358347150182721277e-03,8.095614357904291902e-02,-3.355831699479382144e-09
-4.000277142517857931e-02,1.557795092980302550e-03,-5.135928361043596888e-06
1.577134354770898424e-03,9.064222185666367948e-03,3.479984885210761275e-08
3.909647893520961683e-03,1.332253257987147700e-02,5.869350747591802896e-08
-6.053933692268077989e-03,6.924194772633175676e-02,-1.748668924430374716e-08
5.382187097283649968e-03,2.711271748229091352e-02,3.970314869210088273e-08
-7.116395710427392274e-02,3.596876695703913468e-03,-3.957070130980978130e-06
-1.161707524787492993e-02,3.824790709893399754e-02,-6.074748951804641758e-08
9.852167263302401279e-02,5.642666715891558014e-03,3.492099303699890727e-06
-1.052429536756216075e-02,1.686218079763300310e-03,-1.248298632666199554e-06
1.590729415118702361e-02,6.799640965117036140e-02,4.678962218777931910e-08
-3.205963818488087244e-03,3.590876157608420029e-03,-1.785654355681084661e-07
-7.898029202963261636e-03,4.740792219211972108e-03,-3.332015568965113963e-07
4.462094991957107210e-02,2.889267258217053692e-03,3.088803662961874012e-06
-2.854621192764540336e-02,2.387747543462243049e-03,-2.391108519763349006e-06
5.877264193749077992e-02,6.381954722472249139e-03,1.841877331390124244e-06
8.297504097597054040e-02,2.967186266863936980e-02,5.592962061787386562e-07
-9.572120697248704888e-03,5.161612811117366473e-02,-3.709043703379298188e-08
6.675949335496549064e-02,2.134470890270174712e-02,6.255499647357029219e-07
-1.667947722351144704e-02,3.001889671243486782e-03,-1.111288745935439252e-06
-7.335462586747437674e-02,1.259472709559778490e-02,-1.164871320568590134e-06
-3.584721604319490024e-02,3.892816885249021641e-02,-1.841749947026243891e-07
-7.602733173400047333e-03,1.884246894449825415e-03,-8.069955663044497630e-07
1.613033055211918199e-02,2.339786756937379045e-02,1.378815626923067783e-07
-2.776622722051886802e-02,9.686571653895205414e-02,-5.733053387815707266e-08
-1.599540488533980620e-03,1.886448475680262095e-03,-1.695858052627024789e-07
-2.780409830461828130e-02,6.469937023493690757e-03,-8.595041344243719252e-07
3.052180610362561705e-02,1.555160977651152184e-03,3.925311140578263141e-06
-2.831751528490588504e-03,1.794015397219543865e-03,-3.156953504518330180e-07
-1.704618525188233633e-02,6.569821311314769097e-02,-5.189348702333583703e-08
1.839785317771507707e-03,1.392747065313003439e-03,2.642007856968452563e-07
6.034724769942333839e-02,6.649329176168315703e-02,1.815176425505637887e-07
1.321546024751855562e-03,4.234434666712173778e-03,6.242033057004334501e-08
3.258835358963911837e-03,7.390985202703491408e-02,8.818592916696829612e-09
1.298299518418327171e-02,1.600981823192451289e-02,1.621913553424996949e-07
3.211355043801548265e-03,2.446753709140188707e-03,2.625048163574316791e-07
-6.792525402381500987e-02,2.190929594121327623e-02,-6.200719099964213517e-07
1.356977686008606528e-02,5.136849367449092263e-02,5.283419365284805714e-08
-6.024894575087422904e-02,4.167603649736189436e-02,-2.891360544808458206e-07
-6.872803793812501394e-02,3.359715912996137643e-02,-4.091387345127719712e-07
1.380589563158710845e-03,1.706261381813082775e-02,1.618297013535280813e-08
-1.214137550760261515e-03,8.201155001596270588e-02,-2.960956854762353315e-09
5.528549255871152181e-03,6.348134668790805790e-02,1.741823959325346973e-08
9.968287930047314491e-03,5.433296502984764735e-03,3.669411150042799486e-07
-4.531817735027653810e-02,2.179288622972059414e-02,-4.159076333018194515e-07
2.182448049865024983e-02,1.611335675871169992e-03,2.708925741860880778e-06
3.220965594307215185e-02,6.723315470214851972e-03,9.581683126695279032e-07
-2.462639180445617276e-02,1.963833093763836871e-02,-2.508045543784997942e-07
1.239377795153558115e-02,2.652464808035785368e-02,9.345300883921300576e-08
1.954816581256845279e-02,3.256854169980128496e-03,1.200457832159656937e-06
-1.166186862813696143e-02,2.104744562791300774e-02,-1.108174000258231766e-07
1.484555434257387244e-03,4.657317139376924986e-02,6.375288095359851802e-09
-2.060917191383115563e-02,1.685088338766746159e-03,-2.446116161004063045e-06
-3.167286511195890192e-02,5.112135575806836529e-03,-1.239150899290682656e-06
3.677685774555132688e-03,9.270406643344376169e-03,7.934417399038651504e-08
1.149088366685039816e-02,3.986562256907588003e-02,5.764930624170549747e-08
1.317169183922671126e-03,9.814428568391592514e-03,2.684205433896208837e-08
1.772152889545096366e-03,3.032425444751503472e-03,1.168827075260804352e-07
1.254815510031056939e-03,1.418647460782349436e-03,1.769068303152779210e-07
-1.745987908361374460e-03,1.436100970497411131e-02,-2.431618641617085888e-08
4.281290807336643467e-02,2.840017370401247063e-02,3.015039041574872678e-07
-2.593953709751997162e-03,4.514952453100769258e-02,-1.149074663163769181e-08
4.451074347092593558e-03,5.104481450750156073e-03,1.744023877658156727e-07
-5.516991405095321606e-03,8.578329790878993361e-03,-1.286289655470797725e-07
8.674170076455690881e-02,4.673538440290632423e-02,3.712114146578336272e-07
-5.059721151489607847e-03,7.462534355908734610e-03,-1.356061691841790635e-07
2.592677072844193180e-03,1.868474768801233962e-02,2.775239049439513967e-08
-3.283479781779944338e-03,1.705994281363364855e-03,-3.849426072831078306e-07
1.382021763568145115e-02,1.951739341158624866e-02,1.416225057203839735e-07
-2.749071222827482661e-03,7.397749567469068255e-02,-7.432340100443425088e-09
3.570626987902313781e-02,7.131860865719459597e-02,1.001338303683318873e-07
6.736641029706147421e-02,1.101234816819061371e-03,1.223496356897916219e-05
1.640783126044136758e-02,1.547580604127071508e-03,2.120494308571787859e-06
-8.053314797583160933e-02,1.119823501656202081e-03,-1.438349100293698084e-05
2.585455234601137086e-03,1.821867313413656157e-03,2.838307773744810289e-07
1.622083823264147684e-02,6.691285530416030136e-02,4.848450196114816750e-08
1.382796124813874712e-02,1.433619005443691544e-02,1.929139405184940102e-07
7.864615507849913312e-03,1.349895862921116595e-02,1.165242824123185216e-07
-2.347424458958944152e-02,5.806375028988530751e-02,-8.085851301540913395e-08
-7.351922608432893969e-02,2.667118392347875636e-02,-5.513125014597185009e-07
-6.074009785954125745e-02,2.153136836286811268e-02,-5.642129687246107072e-07
-7.746110598676753112e-02,6.694032470623659248e-02,-2.314382234899161002e-07
1.273932541546586627e-03,7.045023472293291365e-03,3.616622627758568054e-08
2.020795389857121815e-02,2.258794810368167094e-02,1.789306622445799900e-07
2.518363687971162876e-02,4.544035974718720755e-02,1.108449459195579827e-07
-1.729091808988880968e-03,2.981944124514715640e-03,-1.159732319296392727e-07
1.661358075830992242e-03,4.360464547304738515e-03,7.620258345265826523e-08
-6.329906324970420439e-02,1.676587317856749471e-02,-7.551101612451744194e-07
2.756845245869389040e-03,2.285499338470291589e-03,2.412517632109572704e-07
2.875069324172811053e-03,2.546701952335387806e-03,2.257924457662535996e-07
1.283051104284681047e-02,4.752757668437836147e-02,5.399300409687638283e-08
-8.034301522200053280e-02,2.886088927033271870e-02,-5.567723070838863641e-07
-3.738351212502982052e-02,7.995417487237553578e-03,-9.351432915545101932e-07
-7.720378935797448175e-03,1.159401512794097470e-02,-1.331815185853988227e-07
5.015124949946838349e-03,1.086647665729185150e-03,9.230648521449896801e-07
-1.576730312950692936e-02,3.905431580515323492e-02,-8.074722228350780339e-08
2.344465003924247216e-03,1.687622864123656261e-03,2.778481835363941915e-07
-1.037932616429086165e-02,2.297424244631885229e-03,-9.035811615999741605e-07
9.922163485132144689e-02,1.754747532064221969e-03,1.130917557098024769e-05
-8.244927737326965267e-02,4.710467948419537476e-02,-3.500757345189371228e-07
-1.437598516204297364e-02,1.435498236447479981e-03,-2.002968690743858254e-06
-1.933561927976928463e-03,1.638587379289891538e-03,-2.360085239965415377e-07
6.569808980353072925e-02,9.150451205603701149e-03,1.435983471502382827e-06
-2.283620896591440075e-02,1.307025065039072592e-02,-3.494453778336345878e-07
-1.134493787911768255e-02,1.736122351734809000e-02,-1.306956105371814486e-07
1.005203243856654357e-03,6.208517481449875308e-02,3.238211279834498988e-09
1.227882776679911983e-02,2.044583709242003659e-03,1.201133333783692171e-06
-1.373030233191446618e-02,5.922091295999659666e-03,-4.637075959485656473e-07
1.338242222282703866e-03,3.301901293107661287e-03,8.106060667916367019e-08
9.249021855891874366e-03,1.484934569828660639e-03,1.245740821304513371e-06
-6.495273220893175992e-02,2.378717329826251017e-02,-5.461271856059225704e-07
-1.388628600031724218e-02,2.569686866526771016e-02,-1.080799434936062570e-07
-1.282098875482358229e-02,3.695070374364904653e-02,-6.939657123774178132e-08
-3.342533311981124057e-03,7.578778323288640206e-02,-8.820957873929415963e-09
1.076161373567341255e-02,1.074691290752228081e-03,2.002778306964723080e-06
-2.365465074979955160e-02,3.509552301968888680e-03,-1.348043881069362776e-06
-1.219551810476911637e-03,1.344425285127048494e-03,-1.814273643923541025e-07
-6.091385156350898750e-02,9.018946902622823614e-02,-1.350826085817852417e-07
-7.107946901583724053e-02,4.365082835583667525e-02,-3.256798529771423773e-07
7.822998359144925362e-02,7.623066075715401180e-02,2.052498096878692198e-07
1.394044190711094498e-02,2.029037698083783949e-03,1.374123076695751764e-06
5.689141131317000666e-03,6.607849806091083134e-02,1.721970680495019010e-08
5.421767001865453878e-02,2.224054618104731075e-03,4.875673437401525656e-06
-4.679537844410478625e-02,1.437869222342616797e-03,-6.509127586188533419e-06
-9.729193441680373394e-03,8.052690531736803048e-02,-2.416434553447387018e-08
4.784833656344879976e-02,2.021143964163438222e-02,4.734878109258016480e-07
-1.135836756042542424e-02,9.510608695319434230e-03,-2.388618618730379014e-07
-1.230863113283730062e-02,1.261850304886157938e-02,-1.950927488782937547e-07
7.675913547143108084e-03,2.514192926873144371e-03,6.106195186751841464e-07
6.191699379770896489e-02,2.111934111271681486e-02,5.863658993571472885e-07
-1.392176663325708774e-02,4.866106827692522410e-03,-5.722053561535516698e-07
-1.475218132822703372e-02,8.577299550713309018e-02,-3.439892515173070104e-08
-5.194774818018465384e-02,1.746136246956462787e-02,-5.950148532215369220e-07
2.363271742945298806e-02,1.813226347941345254e-03,2.606758805488341741e-06
-1.539350331804926336e-02,4.949381926168173497e-03,-6.220505948461451234e-07
1.135191518971875868e-02,2.961247593737878058e-03,7.667144090873503459e-07
-2.937631401180654678e-03,6.867260123231080753e-03,-8.555650037081637578e-08
-3.228804382014095753e-02,2.464845852108669879e-03,-2.619938988109231756e-06
1.547585036948229999e-02,9.246379408465071545e-03,3.347511057255495642e-07
2.636097076387180441e-03,3.166669624656822529e-02,1.664937178611326719e-08
-6.482605550895166602e-02,4.119607189048832968e-03,-3.147262720566805014e-06
-2.452931925646381281e-02,1.912845531013213259e-03,-2.564748610683581132e-06
-5.954244019552645990e-03,2.537264252896558742e-02,-4.693535818036389174e-08
-5.176904838134129341e-03,7.063697551118823179e-03,-1.465808697786733737e-07
8.499559743618707863e-02,1.652357003908520774e-03,1.028801889964917839e-05
1.410929427757146200e-02,3.761779403665533542e-03,7.501552887788431376e-07
2.832303225700057159e-02,2.775506946123702887e-03,2.040970072565823820e-06
7.005976839657716317e-03,1.471324559878368909e-03,9.523562165261768378e-07
4.648046628100461347e-02,1.457589739050644921e-03,6.377851190065648158e-06
-5.571589601041727208e-02,4.568639259402711844e-02,-2.439110410509672258e-07
2.547828624711011031e-03,3.342282879785766353e-02,1.524636162039273424e-08
6.038349289427321666e-03,9.450175621450691843e-02,1.277960880572036950e-08
-5.397846543403939448e-03,1.773933282934984923e-02,-6.085867037345076146e-08
1.743052313766494266e-03,1.497079267844249285e-03,2.328653299963271530e-07
1.879678738632449770e-03,4.859748798144064401e-03,7.735867386771172444e-08
-3.618207465523610999e-02,7.009107585204124406e-03,-1.032452184145156928e-06
2.530715517557011879e-02,1.453806966191731331e-02,3.481575284513220721e-07
-5.486333927139178286e-03,1.585426449871540910e-02,-6.921103540024234227e-08
4.153186802108295266e-03,3.627363623390805064e-02,2.289968877565830794e-08
-4.089195633887762055e-02,1.296667598071750589e-02,-6.307371886244526591e-07
-8.195167653479067116e-02,2.312381006298140900e-03,-7.088227652049847145e-06
-2.149405996057512144e-03,3.961778466012804562e-02,-1.085094287473505431e-08
-3.554471283364641493e-02,7.722732564639391006e-02,-9.205411824626592517e-08
1.379506670987611962e-02,3.759441092640940577e-03,7.339048013320701869e-07
-2.002608873058155797e-02,4.699229654189491720e-03,-8.523317655261663912e-07
-9.799593325306533986e-02,1.042635674231285128e-02,-1.879813139672141714e-06
7.514247842656400500e-02,6.838595056576794728e-03,2.197646498525391499e-06
-1.543923492106840517e-02,1.415748027588215920e-02,-2.181117279164729765e-07
-3.462977420174106341e-02,1.244618031335714171e-02,-5.564841248049762743e-07
-2.955816855352269915e-03,1.701860396501661066e-03,-3.473703909450654749e-07
-1.168065435607494422e-02,7.560003739750742469e-03,-3.090184221303284501e-07
8.018967816263473936e-02,2.809079804930060542e-02,5.709441153282570844e-07
9.565874497888252059e-02,5.763971441986904219e-03,3.319266069445129132e-06
1.595930441102658831e-02,1.661710944420045043e-03,1.920868729333494728e-06
1.425787766862287621e-02,5.312745235282217982e-02,5.367537679999558968e-08
-7.713362488404294781e-02,8.584331492547631753e-03,-1.797117484727023222e-06
7.010120173964606849e-02,7.719664413159156406e-03,1.816210783952603233e-06
-5.439145971974078744e-03,2.550131493779655978e-02,-4.265867359736967836e-08
1.284914951992043551e-02,5.755482986116096031e-03,4.465106444277440675e-07
-7.388266684067040790e-02,3.684077746048788730e-03,-4.011002980264718569e-06
2.789376756959145633e-03,2.367246893729719678e-02,2.356692016095194283e-08
3.105950329735228388e-02,1.479717951622483690e-03,4.198119259218964971e-06
2.705593266042424089e-02,1.022684575823671130e-03,5.291271078213010964e-06
3.937495375124135805e-02,6.437009260030779334e-02,1.223418746543806412e-07
-6.420804919873811245e-03,1.829780339709842843e-02,-7.018264415030475856e-08
1.912902937868109568e-02,9.106283631184039495e-02,4.201370379535302150e-08
6.061856511015867310e-02,5.214877044414775037e-02,2.324881314741038314e-07
-3.572816375535311367e-02,4.672027731001523673e-03,-1.529482430534499953e-06
1.049423190898829406e-02,7.822580499256824582e-02,2.683118319184445511e-08
-8.974828502573932443e-02,1.074450209797729941e-02,-1.670625367551987179e-06
-2.951810346817734798e-02,3.417867166118311595e-02,-1.727318716228763945e-07
1.884622609161615758e-03,3.490502512570615220e-03,1.079880378477305475e-07
-4.879549544651778058e-03,3.158513693050413011e-03,-3.089841316195909504e-07
9.224830517952498088e-02,8.128078796745003692e-03,2.269915544027301694e-06
-2.611480817307132787e-02,6.350728096799188385e-03,-8.224367896628999457e-07
-2.116691238050574884e-03,6.282190008144952764e-02,-6.738847873534460011e-09
8.442839631260269651e-02,3.165498352799161943e-03,5.334400960642285818e-06
5.462861831411307267e-02,3.363362720918646603e-02,3.248521296685762815e-07
-3.989369297425476857e-02,1.895013798701667557e-02,-4.210474800364674078e-07
3.666881880135923477e-02,1.057859090490636221e-02,6.932794164590634526e-07
1.150660140540223303e-03,4.981652926591850598e-03,4.619689754197700611e-08
-6.125823601652332848e-03,1.467906740075248379e-02,-8.346516001221965265e-08
-8.383768933778856097e-03,1.850314205745683810e-02,-9.062187114463676297e-08
1.486831247846057136e-03,1.217617420347195251e-03,2.442249532189189671e-07
-2.276649842525036230e-03,2.205826981496460115e-02,-2.064258126869887565e-08
2.402255750082909341e-02,2.111043720222895159e-02,2.275942165955184075e-07
1.417289825011672005e-03,4.062517472187258255e-02,6.977544831837587198e-09
4.765987049152503423e-03,3.995694756384800435e-03,2.385611734325696744e-07
2.508988870300767841e-03,2.939619452407537387e-02,1.707052313033396341e-08
-1.013119527211457042e-03,3.884696736152265430e-03,-5.216062344462006321e-08
-3.936642309912596199e-03,3.797963562664372766e-02,-2.073071924960625490e-08
2.324847257885435947e-02,1.190354298725028112e-02,3.906226199647258038e-07
1.678019045544052682e-03,1.719246607157739332e-02,1.952081375578591589e-08
-5.886275628928187148e-03,9.756718177693760041e-02,-1.206635343108301267e-08
-1.219824368975465541e-02,1.168886029702665081e-03,-2.087201341786528321e-06
9.942119088811124383e-03,7.901072337376348342e-02,2.516703952041735926e-08
1.868138436350525030e-03,1.179779358191343150e-02,3.166995678842481616e-08
-1.160635832162472750e-03,1.427454200477822370e-03,-1.626196416029007185e-07
2.937903954926589581e-02,3.346111890248135851e-02,1.756047838381304425e-07
-4.271355639892632922e-03,7.923012646071056139e-03,-1.078237897090141319e-07
1.632751026863161863e-03,2.563267085039968099e-02,1.273987928545875693e-08
-2.114087108919337696e-03,2.227493548261013506e-03,-1.898216007094503871e-07
-5.711209792532251361e-02,4.398449654828238964e-03,-2.596974566565489082e-06
-9.036798090001981962e-03,2.118083821537575240e-02,-8.533174837916425203e-08
1.348920955892938742e-02,3.422875589182308546e-03,7.881966697643371378e-07
-5.207319797195340307e-03,1.110027350010289043e-02,-9.382526040786368682e-08
7.648163065590192489e-02,1.686313914793429207e-03,9.071057573570856587e-06
1.622686573007243657e-02,7.167143929446290716e-03,4.528222149892638464e-07
-3.950754929041671616e-03,1.148845861296280942e-03,-6.877926566980950607e-07
8.383912935257063770e-02,1.701075077406384237e-02,9.857402406747204076e-07
-3.588799317791224047e-02,1.767702370565910541e-03,-4.060497407057735394e-06
1.158767661472346732e-03,3.463441127942259307e-02,6.691565984842475534e-09
6.143101743946949994e-02,2.078306591093877220e-02,5.911766899365737369e-07
-1.202369676458128018e-03,1.480893652572379000e-03,-1.623877825295042121e-07
-8.670228634854304853e-03,2.066381413927311211e-03,-8.391880120235229261e-07
-2.447851224538283646e-02,4.756380529873831947e-02,-1.029313417965929722e-07
-1.475567366548961000e-02,2.145385656045637173e-03,-1.375602249619847079e-06
2.950448642164437557e-02,1.134679804139068944e-02,5.200605877549494260e-07
6.370017317191611905e-02,2.022190155616979037e-03,6.300250671316214284e-06
3.220469492709248944e-03,3.122522031938752829e-03,2.062779877776617116e-07
-3.181964222289716815e-02,3.229530185722052221e-02,-1.970584907083234877e-07
9.044959325099567737e-02,7.636558664076142922e-02,2.368907669377585916e-07
-1.444096393416292694e-02,9.497575216559091260e-03,-3.041043621624828073e-07
2.668116304686983433e-03,6.058149143387397961e-03,8.808541485522753168e-08
-8.332314138996592401e-02,1.017491853178429176e-02,-1.637849160993340778e-06
4.187694107697841582e-03,3.557176069250452162e-03,2.354554769652567165e-07
-4.899385818597230824e-02,2.225609652437996605e-02,-4.402829348478987983e-07
2.913881345883174209e-03,3.018162806604004524e-03,1.930938351583497444e-07
-2.954861077280025727e-02,2.106981808615330035e-02,-2.804887774449780150e-07
1.828865553856577272e-02,3.326331434514637024e-03,1.099652506141289875e-06
-2.346772856802001317e-03,3.548964568861254047e-03,-1.322539345070376410e-07
7.412159430654395587e-02,7.120797777354598290e-02,2.081878153162788484e-07
1.560306781603506242e-02,7.489920246869666808e-03,4.166505993548630414e-07
-5.082852222810832488e-02,3.136181797582110204e-03,-3.241495788263302921e-06
-1.913044400290683095e-02,3.066302339194839233e-03,-1.247812361328279255e-06
6.117488263203074705e-03,4.087535985396878457e-03,2.993303571521307095e-07
-2.726134806437637351e-02,7.217971003010455709e-03,-7.553902984912927269e-07
1.019808521038528164e-03,7.388506106089311187e-02,2.760585534695260397e-09
-9.838188186884735953e-02,2.876549122891050581e-02,-6.840416388889978071e-07
-3.833371404225822433e-03,1.281040931172970285e-02,-5.984902788446475009e-08
-1.437245484966421551e-02,4.687534469780957336e-03,-6.132332389874411380e-07
-1.049309901369144911e-03,2.029755322762782921e-02,-1.033949410888987827e-08
-3.300881076441556945e-03,3.443687548250890396e-03,-1.917102554125638208e-07
6.126875415052854441e-03,2.701470947359317296e-02,4.536051286334447409e-08
-6.588714290978832898e-03,1.635233609269283114e-02,-8.058608896402890263e-08
-1.683871188466511126e-02,9.872665552334593253e-02,-3.411250789497102256e-08
2.686435100777397750e-03,4.334547688358060015e-03,1.239572052534306220e-07
-5.891702602961761646e-03,2.369807428219064191e-03,-4.972410426241766653e-07
-3.971121670252632241e-03,9.058205974462138488e-02,-8.768195202955955248e-09
3.518807805327964916e-02,7.537155105742442823e-03,9.337428776568990936e-07
-1.863450267310989492e-02,7.597378516905549384e-02,-4.905612619023019943e-08
3.998852702809152677e-03,1.235334709239260245e-03,6.474257542562979532e-07
4.960810677528884952e-03,2.191456739868318654e-02,4.527505215754811839e-08
2.957764521567065458e-02,6.182252986642804843e-02,9.568768118206300587e-08
8.609019329554282174e-02,1.232590894422979852e-02,1.396927721828274338e-06
2.741098618972947088e-03,1.414063592709095471e-03,3.876992207882277249e-07
7.910795283388795396e-02,1.371495092065662565e-02,1.153626161525022769e-06
-5.734665895927086761e-03,2.764304028749487580e-03,-4.149172800295236433e-07
3.623706590628671814e-02,4.203675270728803037e-02,1.724102470338776545e-07
-9.320172877307859871e-02,5.783678509347150304e-02,-3.222990547856517290e-07
3.126093438197168149e-03,2.385245475986134608e-02,2.621247819299814471e-08
-1.890315753180197515e-03,9.963784899501572020e-03,-3.794453354880659610e-08
-2.600695062191176951e-02,6.856766423746585293e-02,-7.585937946080080221e-08
-3.727142653411100875e-02,2.544757725451295312e-03,-2.929333255618079612e-06
1.252164704622951838e-03,7.216478936512629727e-02,3.470366303252262762e-09
9.707928446674162284e-03,1.500886411069661920e-03,1.293653444638729645e-06
-1.321921352733653040e-03,5.850894389418109798e-02,-4.518794243497297019e-09
-6.424667366877317987e-02,6.160251792940152175e-03,-2.085889949840562118e-06
1.365972573094492238e-03,4.682201992358941099e-03,5.834868087057811976e-08
-4.405649269359768194e-03,2.802373584590774156e-03,-3.144293644136514643e-07
-4.733898261540817054e-03,5.209541532570402533e-03,-1.817433895442611491e-07
3.926264187412174811e-03,5.749926198655649044e-03,1.365703606825634154e-07
9.263580444525420371e-03,2.417600948819461151e-03,7.663611279598339130e-07
-1.419113954480975218e-03,5.123086815653155740e-02,-5.540191329350589191e-09
-7.020630648528855544e-02,3.229187629439506102e-02,-4.348325573498027906e-07
2.228280480544484257e-02,5.885516017877774619e-02,7.572242575554513155e-08
8.873337819885120104e-02,1.409209927888779509e-02,1.259361841284733861e-06
1.131404081707817078e-03,7.852687408249241219e-02,2.881632804337744819e-09
7.728880816443046455e-03,9.804652904981449660e-03,1.576607523408245630e-07
1.596719424300344775e-02,9.619408104282259342e-03,3.319857683108808889e-07
1.779882353150524441e-02,1.879792161572272193e-03,1.893741388779364936e-06
6.461013817544241332e-03,1.081647970750765353e-02,1.194686450320939777e-07
1.662777800214453776e-03,3.063395018192793633e-03,1.085601473147525905e-07
6.462250123395692214e-02,6.872823423840293718e-03,1.880562559784586996e-06
-1.309084942762551692e-03,4.465691104026896924e-02,-5.862979241280797650e-09
1.021369725205987112e-03,1.604137931060952565e-02,1.273445844626634806e-08
9.789124502518790211e-03,1.389443475579325024e-03,1.409101173059615348e-06
2.143004986793858001e-03,2.314678035963685723e-02,1.851704999580363569e-08
9.948876026252040372e-02,1.010459629508189683e-02,1.969220101160864364e-06
-3.024600913735018756e-02,1.424874681676304182e-03,-4.245517325434396936e-06
3.972727289647955129e-02,3.918570824832968112e-03,2.027683938701071013e-06
-9.058747550124045950e-03,4.970047020626313164e-03,-3.645414086991825317e-07
-1.406552477771717824e-02,1.732031968882110154e-02,-1.624199021585968440e-07
-8.222187742565620697e-03,5.326830377046640197e-02,-3.087149984405600616e-08
-6.025334021778230506e-03,7.649253498257552186e-02,-1.575437874299423098e-08
1.229231794660095266e-02,3.811255994898466587e-02,6.450670706364554521e-08
-3.640304820257911529e-03,4.653860716544821856e-03,-1.564456808156786999e-07
1.298565851119301909e-02,9.649023521880063098e-03,2.691657646636240633e-07
5.574466631186568433e-02,5.900316023261230336e-02,1.889588577606230157e-07
2.197098721642378859e-03,1.000797193106716873e-02,4.390790348463936108e-08
1.194597940889281611e-02,3.321962484635293533e-02,7.192274368617478208e-08
2.828021762120152757e-02,2.841645626797667870e-03,1.990453507324964457e-06
-3.576978844105989375e-02,3.721118511154144874e-03,-1.922569631101046029e-06
-3.964386440998124601e-03,2.914610227850119792e-02,-2.720412148852153952e-08
2.784644084654123303e-03,3.312561537915118676e-02,1.681298972241381338e-08
-1.412243851230874161e-02,4.026459262448033732e-02,-7.014966335147383126e-08
5.816553575896415106e-03,4.977525561042538127e-02,2.337176128827449391e-08
-8.713167665295954573e-03,2.149682055412247689e-02,-8.106643001962770308e-08
3.140283946689704717e-03,3.002840236368588874e-03,2.091586840145411392e-07
-4.047522419110329700e-02,1.804808201360926304e-02,-4.485361131568736782e-07
1.402428937298782693e-03,1.385968375765806067e-03,2.023796085372462611e-07
4.383980782058091025e-03,1.189204997067361312e-03,7.373116980039683440e-07
-1.758915462970756308e-02,9.761359121539130157e-03,-3.603909563187690311e-07
-7.180724359225972020e-02,1.503042927908831636e-02,-9.555118551500145279e-07
3.153288381935724638e-02,4.397187459744914331e-03,1.434260104076855415e-06
-7.934028855654391699e-02,4.203560510285051649e-02,-3.774988911781329207e-07
1.687486209249942004e-03,1.045804682265485432e-03,3.227222126801792598e-07
1.334715311303625619e-02,2.258977181315324767e-02,1.181723866283946108e-07
4.425309751657471868e-02,4.298217925732138872e-02,2.059180665605298026e-07
-5.885321184255225963e-02,1.412137970724149875e-03,-8.335511331146807523e-06
-1.042966141581895372e-02,6.450060544397714056e-03,-3.234041784800899224e-07
-2.161749940644688145e-03,1.317253681943308464e-03,-3.282277099578683955e-07
6.749445055983133157e-02,5.904877114685278677e-02,2.286106247134515574e-07
-3.927027183811409271e-03,1.656324209703316508e-02,-4.741958686373997482e-08
3.293824728674647415e-03,1.164838487365911154e-02,5.655538747141535313e-08
1.049182332068288948e-03,3.730164715083725963e-03,5.625513446417245981e-08
9.731142082765328882e-02,5.764879036527515571e-02,3.376080727909386778e-07
-1.760757005926066876e-02,2.286451592971372460e-02,-1.540198237149161283e-07
-3.363611682724863827e-02,1.935650685685366343e-02,-3.475506256400508142e-07
4.846972072768920142e-02,3.426594484906390903e-02,2.829091631174376420e-07
-2.771174191306454999e-03,1.121421716770318149e-02,-4.942356535579824424e-08
-3.122179855684046289e-03,2.005351295675040276e-03,-3.113914347490676559e-07
1.812402689875488616e-03,1.927193536559575421e-03,1.880912426825875796e-07
1.905371947572021170e-03,4.997042105235880577e-02,7.626160939247086256e-09
-2.487141980418051262e-02,7.809645652526129959e-03,-6.369545687941550590e-07
3.091764699718001566e-02,6.451758860486831240e-03,9.584457049259747139e-07
-6.422104003898921644e-03,2.288945804841944001e-02,-5.611526686871204943e-08
-7.455830886465323985e-03,3.875125969353855615e-02,-3.848127314595571794e-08
-6.240687401736870477e-02,8.156199848708555952e-03,-1.530325372009787161e-06
2.416196231882485231e-03,4.810815518420883882e-03,1.004506398875021744e-07
-4.207333182398287179e-03,6.609647761508384567e-02,-1.273115477037981670e-08
2.365410665129110291e-03,5.202591683815009638e-02,9.093394160971063396e-09
3.795818644685690531e-03,3.205902573878333800e-02,2.368068945910833044e-08
4.036582351797164681e-03,8.143409423230361238e-03,9.913950702916064250e-08
-5.199969873674137322e-02,5.063144151987503637e-03,-2.054091301056011801e-06
-2.578760426426917468e-03,2.189633754754747100e-02,-2.355476228302992998e-08
5.399451703155907362e-02,5.345516165564665606e-02,2.020222583973090793e-07
6.477722530151606636e-03,1.024906048630985084e-02,1.264088537493394494e-07
6.338336348904251294e-02,1.073281832112372861e-03,1.181138189943056780e-05
-2.825832245217034869e-02,2.154349465349799861e-02,-2.623429702858741283e-07
7.833915270157360347e-03,3.470752642496310880e-02,4.514341559846019612e-08
-3.702812739984277183e-03,4.706482121472645164e-02,-1.573528249434046069e-08
1.788702589501711335e-02,1.300079526115268183e-02,2.751740177208533691e-07
-2.061391282587990773e-02,2.646114088222511519e-03,-1.558084754943277833e-06
3.572729692109322293e-03,1.030388310988435661e-03,6.934871914601357454e-07
7.036424710294241283e-03,1.355416542678512500e-03,1.038289522164607699e-06
-1.506698611630340233e-03,8.315049003943403294e-02,-3.624105094570478999e-09
3.786834886163349678e-02,1.827009148676034906e-03,4.145480298289897717e-06
4.433306216289477353e-02,1.172480315565969412e-02,7.562430174756088275e-07
4.193278465188935052e-03,1.775775217131635424e-03,4.722858361429191135e-07
5.979212400807227407e-02,6.935353002925717658e-02,1.724307107014356839e-07
-3.851909048897761423e-02,2.707668381706717503e-02,-2.845245588031568786e-07
-8.677660554679994878e-03,2.262441565173277987e-03,-7.671221007639635235e-07
-3.955261092725543409e-02,3.417187209787438205e-03,-2.314971203995522170e-06
-3.024884468327730322e-02,3.061511146290609667e-03,-1.976114728889723490e-06
3.291541493252302542e-03,1.065236911538499504e-02,6.180054934671363104e-08
2.129383960924315089e-02,1.065626335944724586e-03,3.996577522851327803e-06
1.053445176279767942e-02,1.267238648517361732e-02,1.662618992836683043e-07
1.249055638367207489e-02,4.838258760352931453e-02,5.163353992135288160e-08
4.922363230665302743e-03,9.010713962497569895e-02,1.092581046957051724e-08
-3.671855579198211872e-02,2.851289982471798615e-02,-2.575629621608101408e-07
1.363077649287787636e-02,9.370402477630058666e-03,2.909387440201952043e-07
5.742557530345149264e-02,1.393651301675144592e-03,8.241199701583353760e-06
-6.210938326387173414e-02,9.615888370210802505e-02,-1.291834896225031475e-07
8.493071193373590011e-02,3.002005878656766741e-02,5.658384225752735266e-07
1.112418605129582641e-02,5.644364873502667052e-02,3.941779907961387222e-08
2.473182197421997571e-03,5.036291802289330488e-02,9.821649568733809656e-09
1.405118003234534074e-03,8.173539689556942600e-02,3.438284667378464214e-09
4.369158787130630883e-02,1.878524187387582006e-02,4.651791548179419601e-07
9.969151028338263040e-03,4.660128901038746579e-02,4.278578002058214569e-08
-9.591309216144299626e-03,1.305133015715075236e-02,-1.469813813400461049e-07
1.063811108819447820e-02,5.432441666032911121e-02,3.916594933074494034e-08
-2.864179807200146685e-02,1.929060880543238387e-03,-2.969569901289716919e-06
6.738833905379866193e-03,7.117428800975986354e-03,1.893654869748149262e-07
-3.384967640124516338e-03,1.090795730052813821e-02,-6.206550596612419053e-08
-1.404221722005321400e-03,1.815902952184560463e-03,-1.546615151112030379e-07
1.334926989669239783e-02,1.429160888996431657e-02,1.868166582796549434e-07
1.594203726969313072e-03,2.161163002446743128e-02,1.475351505274943029e-08
-1.262885864946560258e-02,7.417947498051006075e-03,-3.405019123014271157e-07
-1.546702731002996475e-03,3.260419110547442805e-03,-9.487955311056620801e-08
8.738208056897753262e-02,4.326616587003960339e-03,4.039365745742931290e-06
-2.961533815513899600e-03,9.137744469270748723e-03,-6.482117436588632830e-08
5.121594296165225130e-02,6.088284029809304387e-02,1.682478318734303399e-07
1.015209424819286076e-03,3.635774242045597578e-03,5.584675464469999485e-08
-1.017645552464576005e-02,1.804481814110416374e-03,-1.127932829867987491e-06
-2.596664679432105459e-03,1.568208263471972076e-03,-3.311702689363133297e-07
-7.422717933995021111e-02,6.195710841307795758e-02,-2.396133577025021415e-07
-5.738417159049199155e-03,1.405365592374416446e-03,-8.166613609656084198e-07
1.048502098231952288e-03,2.050521946800940715e-02,1.022690190146556852e-08
2.364849055686029603e-03,1.649720487573668425e-03,2.867030188971984030e-07
-6.633156975742059494e-03,8.001386207760556243e-03,-1.658037122807052177e-07
-1.665386688509963489e-03,2.844004098286624302e-02,-1.171181164564401356e-08
-1.964097495947176707e-03,1.713466122653208414e-03,-2.292591763413288981e-07
7.736112358020079405e-02,1.948221790071867632e-02,7.941884750085472705e-07
-2.109286748269973040e-03,1.961723487182192010e-03,-2.150488084389556878e-07
6.297924455216812045e-03,1.108246838602691686e-02,1.136580377600015424e-07
3.617843689874718910e-02,1.451079903866637003e-02,4.986521313705864264e-07
-2.239175032953955036e-02,8.837476723281324775e-02,-5.067560802956197667e-08
-3.205022463682558574e-03,2.181939858030277398e-03,-2.937835742082764238e-07
-2.475248687567118463e-03,2.374753944773645015e-03,-2.084680141138254609e-07
1.739417706514968798e-02,3.527350129082771225e-03,9.862670507205127965e-07
-4.466146993958100553e-03,3.685251730005484339e-02,-2.423846217515645432e-08
1.101214004655119531e-02,4.218177706487584618e-03,5.221389145034433166e-07
-1.151773146789107638e-02,1.134871038755074987e-02,-2.029829892072248619e-07
-8.474367151422015562e-03,1.559377220901821647e-02,-1.086914288909210142e-07
1.103179059114300746e-02,8.843353137505368181e-03,2.494986784794629729e-07
4.209035673713040770e-02,8.400237155944442757e-03,1.002144315871738392e-06
1.261588169153680765e-03,7.536518992432141538e-03,3.348004382833168715e-08
1.326966884752548564e-02,1.592848180565009999e-02,1.666191479577693448e-07
1.455153093008407054e-02,2.419058822449476984e-03,1.203099277530180147e-06
1.626446917935869384e-03,1.424327796501706316e-02,2.283858285052106466e-08
2.154611858316316311e-03,1.439332142978398850e-03,2.993968520822196452e-07
1.281780031442650465e-02,5.240311855807095430e-03,4.892102824345108969e-07
2.233548907329227159e-02,5.269070411642266111e-03,8.478141731002078255e-07
-1.807912243924556179e-03,2.200321740304617395e-03,-1.643351116869666971e-07
1.073562229725122212e-02,1.950703298620408768e-02,1.100715832780230047e-07
2.145044630430269217e-02,8.212712013158836311e-02,5.223828935611713271e-08
7.746151296159127508e-02,6.119630004497729481e-03,2.531628744736906503e-06
-4.119488029601227862e-03,6.044525089170220064e-03,-1.363076620401542819e-07
1.444511629650758154e-02,6.907627521350637179e-02,4.182455603573914211e-08
1.470171803467929493e-02,4.090266411304437078e-02,7.188788416227773946e-08
2.305456760398749000e-02,1.038125290557593075e-02,4.441671321234426230e-07
8.078291438437853328e-03,2.564586904184653574e-03,6.300010959247074087e-07
4.323474585806736346e-03,7.062812928601817919e-02,1.224318509428483076e-08
1.863758895142196776e-03,1.157500542937031814e-02,3.220384546602762981e-08
-1.971773170188818175e-02,4.704944204651149292e-02,-8.381884720144806430e-08
-1.656705464482877838e-02,3.214761571843712668e-02,-1.030708231838674437e-07
1.654929616968913580e-02,1.456392081234815679e-02,2.272691185139152969e-07
-2.313351051411988331e-03,7.712720694182401138e-02,-5.998921043975246681e-09
-4.163232500343484049e-02,3.065648268224590786e-02,-2.716111210196194253e-07
-2.900380239675906004e-03,3.437829738256243349e-03,-1.687367895168481089e-07
2.160692367263114880e-02,4.887987440427314298e-03,8.841013721117962088e-07
3.282098544207252833e-02,3.617498797517561347e-03,1.814606362147362087e-06
-3.601091920789307056e-03,6.643549940830901362e-03,-1.084109652790193324e-07
-4.646105342452442472e-03,3.781738071046763724e-03,-2.457179112778565572e-07
-1.950374765135164806e-02,6.906230265321359682e-03,-5.648280068871130928e-07
-6.231430491850055084e-03,2.422652359227111044e-02,-5.144413439134384319e-08
3.756069649386342343e-03,8.078880526435499448e-03,9.298687642757264735e-08
5.882290294082751295e-03,1.860077631519541433e-02,6.324913513190795065e-08
4.846671185580217478e-02,1.469503765139343505e-02,6.596477139760902451e-07
-4.342741929135035539e-02,3.949580103681674635e-03,-2.199137091333953559e-06
8.907422498551263723e-02,1.654562749752882438e-03,1.076732985888839686e-05
-9.208723196657400689e-02,1.378515270329055227e-03,-1.336063333811508727e-05
-4.864423189709568898e-03,1.624201794763458287e-02,-5.990051720357340680e-08
6.486751632219732444e-02,1.389447898781446915e-02,9.337362328878334509e-07
-5.621469213528177376e-03,1.929983340742837724e-03,-5.825530554209117444e-07
-3.513640424552686142e-03,4.551077170114323396e-03,-1.544124534549832136e-07
-1.163534914857215731e-03,5.563888491499902750e-02,-4.182541035468739753e-09
-1.724810571891678126e-03,3.835194506738825310e-02,-8.994835369226450246e-09
-5.856225870871496070e-02,1.833792389078951757e-02,-6.387146257514160848e-07
9.624922451108977595e-02,3.076696056672825405e-02,6.256793940521629362e-07
4.076836822887090414e-03,6.238027348701018909e-02,1.307119406786507947e-08
2.604285780368641688e-03,4.497731017411395714e-03,1.158068819291326391e-07
3.594045433015368579e-02,1.055430421086966941e-02,6.810722148549528453e-07
-2.285723762002788567e-02,3.791241378354173394e-03,-1.205817314361672776e-06
-5.531660848045754503e-02,4.740714596665762670e-02,-2.333731793781665104e-07
-4.023309872443863767e-03,2.432112320447082920e-02,-3.308560368741366976e-08
5.292300380745577210e-03,3.787326290457705344e-03,2.794801524381027324e-07
1.035516406264988662e-03,1.104540621066660636e-02,1.875057110000436508e-08
4.151705061339236967e-03,3.096781279220912723e-03,2.681360261537971500e-07
-1.197609182109279392e-02,3.130735481414813337e-02,-7.650819392400538342e-08
-8.340230979014305948e-03,1.979169034187645837e-02,-8.428191583553334601e-08
8.337069744330248555e-02,3.310111061111066511e-02,5.037442214185930369e-07
-3.271810736602449865e-02,2.114309555088525038e-03,-3.094986855454562642e-06
3.166545529698349543e-02,6.901425096629779099e-02,9.176692223636680583e-08
-7.116881360867721718e-02,3.628023284387233566e-02,-3.923366401789848039e-07
1.141313492104647186e-02,7.543192933117084942e-02,3.026139494544283846e-08
1.169053247791914350e-03,5.034589486542974217e-03,4.644184197111001150e-08
-2.287553670479982107e-02,6.306238757192528244e-02,-7.255044675108132072e-08
-9.672881171676117260e-03,3.336573495834862114e-03,-5.798215667712380332e-07
-4.446078120909043030e-02,5.783115472430651154e-03,-1.537639168926976019e-06
-3.039346289358589234e-02,1.625611454460943600e-03,-3.739406183301143317e-06
-1.676088940077563247e-02,7.018276978104359687e-02,-4.776455816005870335e-08
-2.324587817215975974e-02,1.129866899428904172e-03,-4.114886681383995240e-06
-3.177261518516515983e-03,1.662611585519144924e-03,-3.822094041230010833e-07
-1.552084291677125784e-02,1.833080334354903612e-02,-1.693452476197629246e-07
1.472212196471449179e-02,2.162631901567241277e-02,1.361529370821241040e-07
-2.137236733908220478e-03,3.143677201603605875e-03,-1.359733798031215626e-07
-7.795610508288358144e-03,4.143384964080343985e-02,-3.762998583114051671e-08
-1.996700462944474980e-03,9.546252133898550096e-02,-4.183302075893149981e-09
-4.003813534472822067e-02,1.177408994016667819e-03,-6.801202448230823870e-06
-1.889352151657934433e-03,1.360426805822438807e-03,-2.777646282640003967e-07
-3.012042693253890943e-02,8.210655727736111686e-03,-7.337067067041373631e-07
4.819822399857741357e-02,2.711816833743164318e-02,3.554756782636575299e-07
-1.286739363759320260e-03,5.040449490943989946e-02,-5.105761545043759211e-09
2.257640280717523439e-03,3.398839289130646361e-03,1.328505398109889407e-07
2.689488787706979366e-03,3.375902867646051603e-02,1.593378686878475025e-08
1.122009289475250395e-03,3.155354716253383832e-03,7.111929981054290268e-08
1.873004806239537620e-02,4.231362690174949454e-02,8.853150509442103171e-08
7.418746500094075894e-03,7.110608889489781342e-03,2.086714088020714596e-07
1.294327849979783410e-02,6.577217387812205052e-02,3.935875097032396772e-08
7.086931528338367980e-02,6.545954095251477201e-02,2.165331977115969556e-07
-2.186860469864030168e-03,3.684238925984891465e-03,-1.187168857995290731e-07
1.965179716286660772e-02,1.023304360643341633e-02,3.840932333957914129e-07
1.686682483592020707e-02,2.595642597300569510e-02,1.299653707723137406e-07
-2.201272153259501221e-02,4.427140417362518225e-03,-9.944653391363986853e-07
1.479885747225416319e-03,8.617280892109478729e-02,3.434765927185967936e-09
-2.327488119802626973e-02,1.134896644025636114e-02,-4.101761168228037587e-07
-5.144173013204328404e-02,1.818608833945109787e-03,-5.657381663610801715e-06
3.443511114258882098e-03,2.235213968968590044e-03,3.081212097257766079e-07
1.208557618485503991e-02,3.904636574471152810e-02,6.190503173630290167e-08
-3.436948045469471504e-03,1.338547816238435002e-02,-5.135447401828862919e-08
-2.499010951216032450e-03,1.604019669779087331e-02,-3.116001641595263574e-08
1.223208081519275422e-03,1.330845578262305866e-03,1.838280938220168515e-07
-6.408188632733784196e-02,7.861685625650069453e-02,-1.630267317502412995e-07
-5.527875048098036120e-02,8.930248221756382360e-03,-1.238037772795458863e-06
9.416796094302222128e-03,2.834156778849760295e-03,6.645359861985484845e-07
1.266351802146909594e-02,1.219689760767411063e-02,2.076558655611853507e-07
-4.704556748613387268e-02,1.229885788285437799e-03,-7.650558433921000474e-06
-6.109948457495313796e-03,3.922187335677243536e-02,-3.115648256103722840e-08
7.123292919593607331e-02,4.696386545796602668e-02,3.033585057237834739e-07
6.730682045778253568e-03,1.124812862520178317e-03,1.196790158839652963e-06
5.437971054326308853e-03,1.003104559157092261e-03,1.084251159854079103e-06
2.483040162293499113e-03,5.565407933686050863e-03,8.923309356552460010e-08
-4.661739825926358022e-02,4.879412130946089547e-03,-1.910819823825001197e-06
-1.744518361102274928e-02,3.074824185489335310e-02,-1.134735036463938025e-07
-8.400782374213329462e-03,1.645596439958674564e-03,-1.021023183309266948e-06
1.014492735226115751e-03,1.820626166412090199e-02,1.114467400409151838e-08
3.697739510803969235e-03,3.830539533559113117e-03,1.930703451878245551e-07
-2.191111104086945760e-02,4.798496358802897821e-02,-9.132684156537744583e-08
-6.176552080122519814e-03,5.084275721418668806e-03,-2.429719960193921300e-07
-1.034027705472778669e-02,2.487613203114862753e-02,-8.313588613706096297e-08
-1.594445036231316101e-02,1.253323801436791000e-02,-2.544400508400314954e-07
-1.148500625200453906e-03,9.206808409690949921e-03,-2.494947080335322324e-08
-3.259975831615937597e-02,3.536889114240999131e-03,-1.843453316937120690e-06
1.479489642761396906e-03,2.505264790295847095e-03,1.181129461863565091e-07
4.370225347762779662e-03,7.215829434343639173e-03,1.211314123204309892e-07
3.215410505593691622e-03,2.039899143593214108e-03,3.152585973053747779e-07
4.622269203661360376e-03,3.756427760969473229e-02,2.461044134906454566e-08
-1.037952553274556350e-03,3.016916106764785076e-03,-6.881030392374265247e-08
1.834390176074450138e-02,2.642887808793182094e-02,1.388200499784513670e-07
8.246376525666479496e-02,4.051059330735852504e-02,4.071306184710332603e-07
7.608415199730664269e-02,1.325177741832223033e-02,1.148310351872023006e-06
-3.912558187489516108e-03,4.321186457444154902e-03,-1.810910601572288458e-07
-2.718618397086910565e-03,1.255120808267986372e-03,-4.332134482241687121e-07
-4.081649444880117161e-02,7.255171708434586531e-03,-1.125193501102864396e-06
-9.203849715280915111e-02,2.566853974506801660e-03,-7.171459728979431286e-06
1.655501716516850214e-02,8.535369656008619937e-03,3.879238746461809673e-07
2.559955243899122296e-03,6.816142952898039849e-03,7.511607562401792366e-08
3.955773453137008053e-03,3.245548646781361984e-03,2.437712569714802141e-07
1.812947432177770823e-02,1.195748401488280765e-02,3.032386892607082343e-07
1.807162092502888990e-03,6.135541892526329838e-02,5.890923602259178392e-09
-3.056982018004014267e-03,3.722538128457007767e-02,-1.642452949833423070e-08
-4.984403863930678830e-02,1.108530701115929568e-03,-8.993002344071521079e-06
1.474113031783176120e-03,7.488100393748707388e-03,3.937298444859825023e-08
7.139597893700379456e-03,2.900464443216363430e-02,4.923176604249846058e-08
3.082955549439227866e-02,6.598624866539407052e-02,9.344434665514506836e-08
-2.881621931242841095e-03,3.252407382601069097e-02,-1.772030818625008257e-08
-7.386567318891008871e-02,4.106291584373880643e-03,-3.597759124729275934e-06
7.276427839867395664e-02,6.279995590235429130e-03,2.317384491215317259e-06
1.400857952909158842e-02,1.754493118070891804e-03,1.596914407379646701e-06
-8.061583522625813056e-03,1.315967062963962955e-03,-1.225221323208821882e-06
2.638967158238656862e-03,5.886781693780484409e-02,8.965928329759974189e-09
-6.376707950431520500e-02,1.963118788939031273e-02,-6.496645290976418022e-07
1.616481468929989104e-02,3.254789838328958022e-03,9.933149845181832243e-07
6.627817234832066376e-03,8.677623395974602694e-03,1.527597482989576170e-07
7.036535846578628739e-02,4.516308178991287198e-03,3.116122652361565032e-06
-1.323960253429358989e-03,1.650721302225513498e-02,-1.604133098024518738e-08
-1.150576031996693518e-02,5.555556505558895825e-02,-4.142160871618436236e-08
3.128253216411578524e-02,1.300172900608871380e-03,4.812159327080172316e-06
-3.989275097694026939e-03,2.913893277879158351e-03,-2.738164607086965546e-07
1.590862947424921334e-02,4.166587836978988962e-03,7.636448606081284443e-07
-2.674682000355516759e-02,2.642652161368993363e-03,-2.024283616887309053e-06
6.191421808195205628e-02,2.826922549179786137e-02,4.380419369485011469e-07
1.323816362794701844e-03,2.982623142636164383e-03,8.877048029607926916e-08
6.869659035325724472e-02,1.310827843241525563e-02,1.048162776683831981e-06
-7.579255897267416636e-03,3.915689312371390882e-03,-3.871306464546574419e-07
1.327855083620644097e-02,2.592567322877973972e-03,1.024377063886070795e-06
-1.116788149551365891e-02,2.712745647767482796e-03,-8.233811677919016935e-07
1.936608869969597829e-02,9.035292704442856801e-03,4.286856030247282738e-07
4.318664306248558293e-02,3.777401243193350116e-03,2.286628101657846473e-06
-2.004863120323173258e-03,9.256537443356050235e-03,-4.331869581334525352e-08
-4.906448498129422492e-02,1.035208741827772089e-03,-9.479349196170838260e-06
2.573951913014974491e-03,3.215431174365853285e-03,1.601033500025863490e-07
-1.246172058189304148e-02,1.162847797781021986e-02,-2.143356155971702193e-07
1.904584276809282231e-02,5.672126529448071747e-02,6.715734102109599407e-08
1.319454391609209539e-03,1.844304873815915888e-02,1.430872302717674969e-08
-1.682179634468588744e-02,1.135202495376439087e-02,-2.963727308499015331e-07
-7.201036032592876557e-02,2.909940215504435660e-03,-4.949372325895886292e-06
-1.665148869964046523e-03,8.407667223583092930e-02,-3.961108707221829981e-09
1.386130508173247580e-02,1.382025316088695416e-02,2.005983386361587110e-07
3.537265106761987993e-02,2.019118435339313945e-03,3.503846114168849252e-06
-3.567213652887890607e-02,5.764463339148748200e-03,-1.237683063762412764e-06
1.001549624575456474e-03,6.443516210824118406e-02,3.108771165988735942e-09
-1.039276200247025474e-02,1.161549709019612554e-02,-1.789502830700979240e-07
4.236317821734414402e-02,1.274360150056147445e-02,6.648681984392004783e-07
-2.353016339687671963e-03,9.443305184050246326e-03,-4.983564986528791115e-08
-5.346310577785928428e-03,2.256637279989517908e-02,-4.738399064043952637e-08
-8.596412922054735839e-02,4.614327200954289332e-02,-3.726044947037548206e-07
-4.846606347110694185e-03,1.389378685151977611e-03,-6.976800794078747991e-07
-4.238712420406307024e-02,9.648071226296133993e-03,-8.786838810989708504e-07
-4.194708696686077869e-03,2.288059619440908563e-02,-3.666685642558319478e-08
-8.484870807649508295e-03,4.504739486614183636e-02,-3.767166034902022925e-08
-6.353500991072732335e-03,1.441357543683298437e-02,-8.816182763390811545e-08
-8.000388507603992463e-03,6.076284555626228906e-02,-2.633371806254790609e-08
-1.006943206232637899e-03,1.906400081671847518e-02,-1.056404241628353983e-08
1.712571204439625877e-02,2.123560078720912112e-02,1.612958870278656941e-07
-2.146739617778375270e-03,2.601358274405620938e-02,-1.650510948172414389e-08
4.674315510787584865e-02,3.969589349393690993e-03,2.355112458447089605e-06
8.129192778218023371e-03,1.099981962071026886e-03,1.478090641665390456e-06
5.262664664703345548e-03,9.220983206980226665e-03,1.141478339591561151e-07
4.344792025413657388e-03,4.334675191839142301e-03,2.004710386857751335e-07
6.106041350772010295e-02,5.033989882734919014e-03,2.425976618505350692e-06
-3.244608805581423311e-02,3.983270642724395967e-03,-1.629152484809657206e-06
1.625442738722211733e-02,1.844824201261606239e-03,1.762202835054484604e-06
-4.336872826502052858e-02,7.907053959002064217e-03,-1.096986272246232062e-06
-2.586415470951397566e-02,6.061472767692081126e-02,-8.534131670779038341e-08
-4.397593555053838643e-02,1.410157424312469699e-03,-6.237157304925459193e-06
-3.075903578105507099e-03,6.118696156358375757e-03,-1.005432774516516008e-07
1.386273240104738888e-02,6.792633043025612938e-02,4.081782831431312815e-08
1.276619331087006266e-02,7.196459986583443949e-03,3.547984464761808017e-07
5.388183735636789713e-03,4.679966588938287708e-02,2.302707906729858120e-08
3.860875075160757203e-02,7.625787538729703399e-03,1.012605440500368926e-06
-1.538939700486361209e-02,2.781356087849580060e-03,-1.106634531508346958e-06
-3.188049297719944275e-02,1.053863149889136888e-02,-6.050343301829161786e-07
3.865843013082904001e-03,1.784961787006914338e-03,4.331661379369985100e-07
-3.762542798654973115e-03,2.298244022942005568e-02,-3.274345609035206205e-08
-1.337736116633251628e-03,1.856065590685282863e-03,-1.441505623937405963e-07
2.197002850265578067e-02,4.959510698778377136e-02,8.859944410492208438e-08
8.426220295519591327e-03,2.035312350299585751e-02,8.280202336038526175e-08
8.266701185345921854e-02,4.836889443210889983e-02,3.418261526052192835e-07
-1.628293853180601269e-02,2.039847570366130208e-03,-1.596519678640735639e-06
2.084322702395777910e-02,3.438872893796478258e-02,1.212238417044272277e-07
7.550877093543544027e-02,2.268599245570028337e-03,6.657004125429994153e-06
1.608634703889632797e-02,8.263257599593779035e-02,3.893546360026717251e-08
-5.147480786972538636e-03,1.120236419301469128e-03,-9.190185018919166889e-07
2.798282071254550463e-03,1.303799599577410307e-03,4.292594400854295201e-07
5.321103044046826720e-03,3.536424054066957326e-03,3.009376612012911651e-07
3.442004718817849238e-03,2.761608819416558509e-03,2.492806156307230998e-07
1.860814347808648983e-03,4.152924809530274958e-03,8.961654285257174264e-08
-6.928879415424611145e-03,1.502664267789047964e-02,-9.222321372096224066e-08
1.385538760706401043e-03,1.903876832482150798e-03,1.455522886926120559e-07
-4.840603806205753812e-02,9.591190542139681197e-02,-1.009406802506710174e-07
-1.474864332584899240e-02,2.270268289565289047e-02,-1.299313940366350224e-07
3.692019042677779223e-02,9.483417574271511830e-02,7.786427902411420203e-08
3.899007714749604461e-03,3.775001588692090786e-03,2.065742401314545680e-07
-3.337565835453365146e-03,3.261359136358696342e-02,-2.046776509319874691e-08
-7.753400393366143180e-03,4.098806929422147555e-02,-3.783327684255573028e-08
2.438891750790500232e-02,7.612392128028223903e-02,6.407824098794725107e-08
-5.890681009038546863e-03,1.301901756069531908e-03,-9.049539935058189520e-07
-2.740362137068050319e-02,5.134955933142777533e-03,-1.067358825798786344e-06
-7.623880770003294179e-03,7.750113693054587125e-03,-1.967465974145355706e-07
2.598264822767375193e-02,9.731126291144619189e-02,5.340224474229655144e-08
-9.975602594472235407e-02,8.307399750535486571e-02,-2.401669476352430018e-07
-2.734958013179315112e-02,6.122451256627857961e-03,-8.934382372348263277e-07
-5.882449587630884935e-02,3.870514192834684664e-03,-3.039686241899476833e-06
7.920537015839637651e-02,8.050722741048933762e-02,1.967700363537373230e-07
-6.537608799502316048e-02,6.022146216730334990e-03,-2.171235053028218539e-06
1.394423337984754437e-02,1.611288098868183041e-02,1.730854858925844768e-07
1.736803744911843625e-02,3.070824108817618928e-02,1.131188583738761439e-07
1.012650386757693284e-03,1.346629825660116244e-03,1.504009266025256316e-07
1.632923979262041782e-03,2.822515315268486497e-03,1.157094602267757423e-07
-7.046563287610223270e-02,5.693425277693364185e-03,-2.475386053506371716e-06
3.700530893434859567e-03,3.577617120890569206e-03,2.068756530839676906e-07
5.692267817928351771e-03,2.281933440952528275e-03,4.989092551413413268e-07
-9.614095125285514187e-03,8.204572751098537786e-02,-2.343644052719414697e-08
5.588708173905031912e-02,3.029656192430115174e-03,3.689413168197482877e-06
4.018109939542022224e-02,1.684310759790059314e-02,4.771322811205671469e-07
2.141058233889344201e-02,2.502507339260994293e-02,1.711166731073968571e-07
-2.667559474633904304e-02,9.658858227802447072e-02,-5.523667493549198164e-08
-1.848863788027503997e-03,3.480594162780396850e-03,-1.062406543842299279e-07
4.632010116246292747e-02,6.642149692686662339e-03,1.394761813026718426e-06
-5.474841531279784484e-02,2.914490716736961584e-02,-3.757059603066485088e-07
-6.220004495467511274e-02,3.740079093804585079e-03,-3.326205827638050947e-06
8.411188890051496392e-02,1.299729561805142500e-02,1.294325767700737461e-06
-3.993316617816577985e-02,1.165734899733280976e-02,-6.851302689705232710e-07
1.481079312222278663e-02,1.132298893098633401e-02,2.616112651886250334e-07
-3.759619520827177375e-02,2.263223323164188956e-03,-3.322428886435167109e-06
-3.007015731667357292e-02,4.640502772243640037e-03,-1.296014533900727691e-06
-1.100350052525884623e-02,1.447950669813419765e-02,-1.519904533915909038e-07
1.140023275546130392e-03,8.792582722847930993e-03,2.593202690271274594e-08
7.122531217341015498e-03,8.801874867205215780e-02,1.618446618071931418e-08
-7.065905720224173632e-03,4.510898733377834320e-03,-3.132881505486694371e-07
1.201239603747960953e-02,3.734171649164982898e-02,6.433903945485452262e-08
1.334340944303543525e-02,1.844709543955479333e-03,1.446698482919920824e-06
-4.425686283419864864e-02,5.585664620903850637e-03,-1.584692409851978072e-06
7.638313978194022184e-03,3.263616474691589421e-03,4.680988754048950480e-07
-8.556578290232536022e-02,8.082163253768288869e-02,-2.117442949381967222e-07
2.824725852442316887e-02,1.531759254729726447e-02,3.688289480088485264e-07
6.134410591143812930e-02,1.813582205732444663e-02,6.765109074653010015e-07
6.005022279195655795e-03,3.535863701892631716e-02,3.396708792237357020e-08
2.200249436106271536e-02,4.756454399757368418e-02,9.251833086186261579e-08
1.261668456653452326e-03,3.010529192943647240e-03,8.381883311801639318e-08
-1.167821040883242588e-02,7.324331395896613306e-02,-3.188948589148542919e-08
-1.994187801713666938e-03,7.815201119491407139e-03,-5.103464577340005821e-08
6.355460762896249227e-02,2.969665827374314351e-02,4.280343950529327400e-07
2.840750969468982395e-02,3.029248721499435554e-02,1.875587969667341280e-07
-1.930155225367205822e-03,4.830864597011146067e-02,-7.991100269905419760e-09
1.114039716337791516e-02,1.004395831625386334e-03,2.218375092959826899e-06
1.428037380517537328e-02,3.991747709413976525e-02,7.155099856329089519e-08
-8.509641674166662506e-02,1.205458231216414468e-02,-1.411881717115235069e-06
4.226269642342079212e-03,1.217366993246305797e-02,6.943443212372062697e-08
2.451394029323734902e-02,3.138239630754014603e-02,1.562306463846785613e-07
-4.744654419714475040e-03,1.219183375396994812e-02,-7.783496990846047989e-08
1.722543402406332205e-02,1.707494110791370895e-02,2.017670141746232343e-07
-3.285477620674415178e-02,2.955808462856130553e-02,-2.223112462090855338e-07
1.672900532187758006e-03,1.113545043441051610e-03,3.004702914982198959e-07
1.594019311018033888e-02,4.563721369931205557e-02,6.985760064326366792e-08
2.131821633607208430e-02,1.929101603858035877e-02,2.210217285731989196e-07
8.430303688323587466e-03,1.565073240485362251e-03,1.077327539709110459e-06
2.846088117383449231e-02,8.906234778205188510e-03,6.391361920263307022e-07
2.743138896282538292e-02,8.092004203266963888e-03,6.780018934428024552e-07
-2.330956138466506837e-03,2.377197249624794523e-03,-1.961137709381345613e-07
3.910515325279815060e-03,8.341013207151898312e-02,9.376794355584058069e-09
3.078081284472031220e-02,1.121927560025154499e-03,5.487246572226295562e-06
7.072931427568718288e-02,1.673796955791767918e-02,8.451540599791114045e-07
1.163122969940645103e-03,2.196642415386769812e-02,1.059023202703367065e-08
-1.568772380675557661e-03,7.311075081274412760e-03,-4.291586780876952351e-08
1.653745908971711353e-03,1.342295259705698213e-02,2.464109110867479827e-08
6.620589429518769498e-02,4.783577905175256592e-03,2.768107889792461521e-06
5.105299452965179029e-03,1.099543756154050880e-02,9.286411244286285130e-08
-8.258506026084008744e-02,1.344724515836449169e-02,-1.228308268999929471e-06
-3.890649318634464837e-02,7.666018482961072314e-03,-1.015059344984265560e-06
-6.972317117924471674e-02,6.344136422571986303e-03,-2.198081679039323824e-06
4.861272386584687688e-02,2.920696183224609499e-02,3.328915575283071498e-07
-1.603615864107709246e-02,8.467898026095554975e-02,-3.787598471913149104e-08
3.676748352123237768e-03,1.755145838859013124e-02,4.189767328313635400e-08
1.125017784814783114e-03,7.435650806407166635e-02,3.026074458896632559e-09
3.791619882176718026e-02,1.397686072162635657e-03,5.425682330747303769e-06
-1.066132986285723248e-02,6.753303956585134105e-02,-3.157434075954542005e-08
1.049644430748356439e-03,2.443739232599042351e-03,8.590660432036408239e-08
1.196765698841770025e-02,6.739115870851246359e-02,3.551774768261909712e-08
-1.479200477180282009e-03,2.060710909529127680e-03,-1.435651986155428189e-07
8.146325654285690998e-02,9.912014494555877395e-03,1.643762418763001435e-06
8.805258901384392656e-02,4.834461821013645057e-03,3.642782179724060627e-06
8.243321228276875856e-02,7.218647186355646103e-03,2.283944866375330223e-06
-1.105459767839820501e-02,5.738023718336761683e-03,-3.853184552515043240e-07
-2.314964323913032418e-02,8.815808590707350720e-03,-5.251959379188240152e-07
-3.516596701498799458e-03,7.795165451449483085e-02,-9.022698286678483453e-09
-8.832924091782849707e-02,2.084696908404403554e-02,-8.474240477562913833e-07
-7.010749406018947777e-03,1.668193164369455653e-02,-8.405379272596961778e-08
-7.540091143381152938e-03,5.210801171451209281e-03,-2.894085128675747114e-07
2.420748241573460798e-03,1.602700953161151440e-03,3.020899922106291399e-07
-1.517731488968821277e-02,3.900844925868045959e-02,-7.781717617898099108e-08
-8.264030001153287175e-02,6.604758383474591994e-03,-2.502500416841755504e-06
-1.109056682180098842e-03,3.581760514105592538e-03,-6.192933357470174505e-08
-2.654576861444240665e-03,9.190850986132553802e-02,-5.776686351034376441e-09
-2.318297659133164088e-02,2.351673526783869435e-03,-1.971657043530657918e-06
-1.014763056797220262e-03,2.579874229629959808e-03,-7.866930651499251094e-08
2.555280330320920321e-02,1.485040398485252579e-03,3.441434370984847480e-06
4.519772386689628607e-02,7.979779621543336976e-03,1.132830348160012734e-06
2.298457452840773838e-03,1.248991318019707780e-02,3.680579962830706799e-08
9.252010446746661287e-02,4.346121323555431765e-02,4.257684504624524300e-07
1.116297555504281412e-02,1.799734761848424333e-02,1.240539727187513803e-07
-2.428073193668439309e-02,1.885326803015819090e-03,-2.575813058908733908e-06
-8.747976558674669390e-02,1.806232542629763321e-02,-9.686639921247721569e-07
-2.271317026583005022e-02,1.082589186985381726e-03,-4.196171982413231756e-06
2.414579649902416202e-03,3.106949360292372668e-03,1.554341953955173033e-07
1.232606687597040743e-03,5.189205945254118241e-02,4.750757042866636898e-09
-2.407619245292019414e-02,4.232796649763438668e-02,-1.137626263068037286e-07
8.133336562961288041e-02,1.612105614323032857e-02,1.009054124130617805e-06
-3.650387732218935560e-02,2.411825779873618888e-02,-3.027138359176596963e-07
1.914232616702995831e-03,6.714095155416137210e-03,5.702252287211037043e-08
-7.283171150923425929e-02,4.620576875019377638e-03,-3.152561181844068971e-06
-2.527539703823830988e-02,5.559930763970203325e-03,-9.092175522226650023e-07
-4.755998137106167561e-02,1.416749104038217627e-03,-6.714102040103730623e-06
1.367126673857812190e-03,2.616825327806424507e-03,1.044896393990252359e-07
-4.096804066431885064e-03,7.425207058971650988e-03,-1.103508882201657376e-07
-3.892431247949873496e-02,3.058915193930077797e-02,-2.545028920589201061e-07
-8.699639021199400205e-03,9.424732091031978731e-03,-1.846168884244119020e-07
1.182230995938588283e-02,4.959711548757167465e-02,4.767438842673460181e-08
3.922855150189751526e-03,5.736143494960665307e-03,1.367796453541147966e-07
2.556062931614526412e-02,1.148863549843029581e-02,4.449818523823932884e-07
-1.275751777944143794e-02,4.183467323328986590e-03,-6.099145715916140775e-07
-4.335487839341541777e-02,1.606575192148633653e-03,-5.397294602973983369e-06
1.959878671423896310e-02,1.273304928584029390e-03,3.078477435887449371e-06
5.728957748914445536e-02,9.852674200241304248e-02,1.162949095724397658e-07
-1.079477299909929267e-03,3.636283338971277833e-03,-5.937382200195185738e-08
-1.323067458151513248e-02,4.986578532443545174e-03,-5.306626639617804348e-07
2.334674682504407715e-03,1.135780007867539035e-02,4.111226102210293925e-08
-1.097798898414647454e-03,1.067599308991456532e-02,-2.056618389490865474e-08
6.708811818891427178e-03,2.868279190226186506e-02,4.678034240215421254e-08
-4.563467446261408773e-03,1.072414664643669101e-02,-8.510820301840444308e-08
4.177000243205054343e-03,4.976041986472301906e-03,1.678880065799493998e-07
-3.036937242109320409e-03,2.661635889408629514e-03,-2.282056442026119265e-07
-2.518422188943068157e-02,6.446964418380045359e-02,-7.812903711408449818e-08
2.795709040351263951e-03,4.969798977468228851e-03,1.125103191369304053e-07
-7.056635632996048277e-03,1.861237135235655534e-03,-7.582897622226749359e-07
-1.261045198998783298e-02,1.075642041375390358e-02,-2.344779956003084479e-07
2.230019619776121235e-03,1.607024595962263519e-02,2.775398622038294175e-08
-2.119215197394200972e-02,6.586204825609209834e-02,-6.435451699041413254e-08
3.173152761461572012e-03,1.476972301299996071e-02,4.296925636236252261e-08
1.280810713838026992e-02,1.546322187976483702e-03,1.656624852575837659e-06
2.075598668620448617e-02,2.201378007333329619e-03,1.885766725065540983e-06
1.075828589661017957e-03,1.234686919946864289e-02,1.742711279361342191e-08
-3.480240056360792665e-03,9.696413649726084646e-03,-7.178559016806368494e-08
-3.714561458433799507e-02,4.270570972011788341e-03,-1.739645718951207698e-06
-8.212837517256137837e-03,4.675062112923951407e-02,-3.513541226054553026e-08
4.451694857722318655e-02,2.730268305227611519e-03,3.261063597196202455e-06
2.148044404930054760e-03,4.542311171494316409e-03,9.458136572954376553e-08
3.744239545105765288e-02,4.811101627992778358e-03,1.556532894216382128e-06
-2.562766868526012223e-02,7.154912947036902449e-02,-7.163808283371334323e-08
2.037999884803641179e-02,1.426500808224946508e-02,2.857401979191362989e-07
6.498078717967217810e-02,2.217264005152195377e-02,5.861473009020873796e-07
-8.793102450388168290e-02,1.200053619773722331e-02,-1.465482680325994445e-06
-1.303269767949463047e-03,4.719768240720705749e-02,-5.522717842926097263e-09
9.850068310181474274e-02,5.182132667991495335e-03,3.801630675333538436e-06
-1.157774616397039182e-03,2.427823905640826702e-02,-9.537752497465624112e-09
1.089398764337708896e-03,1.612320052173230565e-03,1.351371735412638139e-07
-1.941045387501374704e-03,2.066024913305974237e-02,-1.879054361731712480e-08
-6.119050897886447495e-03,4.798113569572629196e-03,-2.550661050851845413e-07
7.841218445005878127e-03,2.666429185576391775e-02,5.881562369005563091e-08
-5.418253618795204792e-03,1.192300319359723216e-03,-9.088932489295471491e-07
-1.153974478451458806e-02,2.219670309560337063e-02,-1.039793119225241076e-07
-3.153186905789217599e-03,5.778949886666943925e-02,-1.091289544076376293e-08
1.004738682500920868e-02,6.934389459715282339e-03,2.897904715622746226e-07
3.315054942408604717e-03,1.624001713179291581e-02,4.082662274197785709e-08
5.747327699453685934e-03,7.853553228866516633e-02,1.463655863414742906e-08
8.237965439965490994e-03,1.484463140069650425e-02,1.109915088820188168e-07
-3.208505083441765601e-03,1.587826767468291690e-03,-4.041464988966269161e-07
-4.934087496036554041e-03,3.458672589765349886e-02,-2.853228823198836424e-08
-1.032821629226363461e-02,4.248347234285802104e-03,-4.862331072516803039e-07
-4.106353724294328593e-03,5.221979243727753461e-02,-1.572752644028622521e-08
-3.985408330445856621e-03,1.608454439265906682e-03,-4.955680154303564590e-07
-4.022690462296424872e-03,5.075750549322871445e-03,-1.585095940197156092e-07
-1.256962226420106805e-02,1.408443794910038509e-02,-1.784932980042975321e-07
-1.746398553371801554e-02,6.856072749065984968e-03,-5.094565542678060932e-07
3.855048431683616612e-03,1.808652518786340712e-03,4.262986027210453296e-07
1.119223959781704032e-02,1.153989253663837127e-03,1.939788777127017982e-06
-8.309606914207207096e-02,2.201249819482887973e-03,-7.550059162035019540e-06
8.240197266323969275e-03,8.062302898937362405e-02,2.044173275750096513e-08
-9.156917271565152838e-02,5.677757449282895899e-03,-3.225608559959924126e-06
1.071977056142480074e-02,4.516751740316513053e-02,4.746773156234665158e-08
1.232324892813753403e-03,3.029151079582128973e-03,8.136609904410225661e-08
1.182001817940624101e-03,4.920558244816650856e-02,4.804442230455254788e-09
9.362635112695701090e-03,7.196565643909249958e-03,2.602028296034739230e-07
-5.538206045046268483e-02,3.027206551043480978e-02,-3.659032465871800042e-07
-6.969434613763062988e-03,1.738951463307048190e-03,-8.015844722116811349e-07
1.180042852385351608e-03,2.960758387431310524e-03,7.971389285527566338e-08
7.136663934403212478e-03,6.901328482273292458e-03,2.068243915920758335e-07
-2.179928043136260957e-02,5.326625306304565675e-03,-8.185198545157223624e-07
1.550041944273506181e-02,5.720269912818170058e-03,5.419586308122897969e-07
-2.059234901457513301e-03,8.101434678915867341e-03,-5.083738041698068393e-08
8.107328683625431021e-03,1.237387899463685123e-03,1.310421843597079579e-06
-5.879099612166668529e-03,3.986147089465297277e-02,-2.949828088145328292e-08
-1.974891918177854380e-03,1.324158454713989744e-03,-2.982926709443959471e-07
9.987846947438179523e-02,2.749326673991428840e-02,7.265821782146519111e-07
6.782081532250865130e-02,9.448853994517303692e-03,1.435565710452104245e-06
-3.139338632811524733e-03,2.551045885197470928e-03,-2.461269117117385044e-07
1.468024205975217199e-03,7.628576797964212695e-03,3.848831533520564384e-08
-2.648070239299186567e-03,1.093376590422802950e-03,-4.843942033013105948e-07
-9.786651479008050616e-03,1.727991216057403424e-03,-1.132744077606331049e-06
9.535183100979276183e-03,3.806591628373052170e-03,5.009933451903640365e-07
-1.021384742823534635e-02,4.096642545825206205e-02,-4.986553734036535284e-08
1.124944735696826840e-02,1.260911672718129225e-03,1.784373359689083794e-06
-2.662199470089709856e-03,4.525591820422373950e-03,-1.176533831719967908e-07
-8.273632175197015437e-02,2.391199647474220868e-02,-6.920214872366481077e-07
-4.450638220829023634e-02,6.666775760189853905e-02,-1.335197940104095992e-07
5.002155468727621269e-03,8.913766964946219507e-02,1.122367591128234754e-08
-6.210481730456635097e-02,1.564554843439519083e-03,-7.939144476587052187e-06
-9.505418974361062867e-02,2.145623894762562368e-03,-8.860472362903281469e-06
-3.703637411761935821e-03,6.417449033778072076e-02,-1.154264243182467526e-08
-4.054078369431634611e-03,5.583426823803539114e-03,-1.452213665724951477e-07
-1.462269199094604717e-03,8.855594181083620287e-02,-3.302545685659172832e-09
1.123451924341886806e-03,2.590978659965463213e-02,8.672211571615400960e-09
-5.372986930945032602e-03,2.221028604785275570e-02,-4.838389649872772353e-08
8.719922315808856239e-03,4.354589218740357280e-03,4.005019463946741394e-07
-1.582410570591154426e-03,1.283300737798762862e-03,-2.466209347893259896e-07
8.430154033180231599e-03,1.461922125071757859e-02,1.153321742011607024e-07
-3.475462175955402327e-02,1.830688816713573960e-03,-3.796970701201061634e-06
-1.001847109416402828e-02,9.592049304877055260e-02,-2.088955820591057133e-08
4.560900765759946449e-03,1.571074689687466247e-02,5.806213472740624299e-08
-3.466188183586354273e-03,1.394528310582083229e-02,-4.971231755770160062e-08
-4.211466029792880483e-02,2.556111250402225230e-03,-3.295283306525710819e-06
-9.894718660940395039e-02,2.468401611472954144e-02,-8.017276045410630047e-07
5.588290453615596572e-03,7.230036572090225468e-03,1.545886785179926810e-07
-3.323128411029270795e-03,1.447123334848515047e-03,-4.592834382072598546e-07
-4.887907164032539303e-02,9.995965230769031373e-02,-9.779967691167285533e-08
-5.001368982360499330e-03,8.051527873629703291e-02,-1.242366704459335381e-08
3.043142393783093355e-03,4.432923744503652376e-03,1.373002164069141064e-07
4.898718659065948340e-03,5.714736444246952367e-03,1.714452668855503905e-07
-8.951944096051671351e-02,5.390502935936902079e-02,-3.321446661925988214e-07
-1.072428742122729208e-03,2.616687807500204209e-03,-8.197015235851328021e-08
2.239073856024201888e-03,5.128123216747070001e-02,8.732712761692424374e-09
-1.533441916404525845e-02,3.560068085155981225e-03,-8.614860211840887797e-07
3.073353014969886030e-03,1.016278580747477338e-02,6.048377418236839211e-08
3.416019578446951969e-03,1.225062174905015670e-02,5.577010067843865038e-08
-1.372050961808126725e-03,1.543785474026136044e-03,-1.777552762163615576e-07
-3.058003056524132707e-03,1.287697792004513161e-02,-4.749667110004997274e-08
-5.202696265200851267e-02,9.864893489241853552e-02,-1.054812529771343799e-07
-4.256527341345922588e-02,1.729119622729600623e-03,-4.923450729503621917e-06
-5.081416234276642414e-03,5.241870713985564284e-02,-1.938820815054452040e-08
8.093410181706846285e-03,6.008110867945629097e-02,2.694218546569158747e-08
5.035223405555298848e-02,3.454430615094002729e-03,2.915288090865208641e-06
4.941586108001617614e-03,1.841674713224529742e-03,5.366518742000934281e-07
1.726372373554793671e-02,1.057999971745676726e-02,3.263533158320493731e-07
8.428538292548283517e-02,6.250832481472283486e-03,2.696830257391208647e-06
-3.387875750270627484e-02,1.708837297184991749e-02,-3.965207948102414108e-07
1.171738915806715305e-02,3.476011556880082183e-03,6.742001586750260521e-07
1.827943002876709780e-03,2.475866525821392161e-02,1.476640004213581258e-08
5.055960367028374675e-02,1.747958869064799269e-03,5.785110516379459244e-06
-4.454841039694718008e-02,3.871795869497996617e-02,-2.301224387466132489e-07
-2.523280344037120634e-02,1.251116899780682287e-03,-4.033729973874004393e-06
-1.484540026549052575e-03,9.612646475638777360e-03,-3.088788340393905154e-08
-2.606983700113934058e-03,1.630280583735878655e-02,-3.198270319104444698e-08
1.090791933201424365e-03,6.868424474613163584e-03,3.176318167059849175e-08
1.489891125617136963e-02,1.463186985735887360e-02,2.036544535754351486e-07
1.288360372242379611e-03,3.478920748866455581e-02,7.406824098069802923e-09
-3.805264608248248252e-03,1.939094019147410627e-02,-3.924869336680174252e-08
-5.179599606863947124e-03,4.950007037263362726e-03,-2.092808935980540598e-07
-6.309776575915226893e-02,1.278227181414586661e-02,-9.872909159382304756e-07
-1.422902287107157254e-03,8.621778602772616623e-03,-3.300786383703037439e-08
-3.902331831783835414e-02,8.407478157919232031e-02,-9.283198927534748188e-08
3.178315313181275664e-02,4.650243221307814173e-03,1.366974836671494247e-06
1.510714725026418700e-03,2.680280719639621320e-02,1.127304882924135753e-08
-4.377756874356516018e-03,1.330542354274519626e-02,-6.580549239219079704e-08
1.374534258588015062e-02,1.792479681820219675e-03,1.533700415318738232e-06
4.798047937709227703e-03,1.955967922382007701e-02,4.906164014817225821e-08
1.310122135795162984e-02,3.677378513404981966e-03,7.125455931732839483e-07
1.398852028029582252e-03,4.127530308179876845e-02,6.778298871578951494e-09
8.496293620239576960e-03,2.254159693703846126e-02,7.538484406103473211e-08
-6.521001608650750514e-02,8.421738323091206360e-03,-1.548644635299917963e-06
1.583647867655375808e-03,8.614385480512859461e-02,3.676829797672842270e-09
-5.136948375758774304e-02,1.318320285997836737e-03,-7.793337323384472027e-06
-1.981543590022291114e-03,1.748387564645855971e-02,-2.266757856284818489e-08
3.319119706659284796e-02,5.417648093691443227e-03,1.225325106721245546e-06
1.096975550252752771e-02,6.343200183100689352e-03,3.458818225648940176e-07
-2.855919765840038253e-03,1.162961793480951633e-03,-4.911563498886106212e-07
-3.086936473188076069e-02,1.538233981382971897e-02,-4.013696216489232717e-07
1.404754753545614174e-02,1.215832523306533113e-03,2.310819171748764154e-06
-2.184216631130243141e-02,8.507483565267700415e-03,-5.134921384443608965e-07
-3.214085483230159652e-03,5.955662674817515691e-03,-1.079360547529919665e-07
2.243326011949723156e-02,4.884056768153957617e-02,9.186517297153617376e-08
-4.055345413925135617e-02,2.115783153206719433e-02,-3.833503856740595767e-07
9.690191363676485536e-03,2.508991555293882750e-02,7.724535300856156868e-08
8.602547096162184437e-02,4.142859593589172211e-03,4.153039409343794583e-06
4.847735104084369313e-03,1.993023512033157210e-03,4.864807573588982283e-07
-1.535088807895826531e-02,1.189975919405167250e-03,-2.580088128348829134e-06
-1.179183038221578127e-03,5.062423471247862183e-02,-4.658670135459182727e-09
-1.342078182687084665e-03,1.141971602523876150e-03,-2.350507926606117338e-07
-8.673589173708759481e-02,3.916380523192485551e-03,-4.429484373622739963e-06
4.898811652380029302e-02,1.548951060440842062e-02,6.325462042958232696e-07
-4.623746676748215385e-03,6.783434235600048663e-03,-1.363275473307790973e-07
2.420804790835305934e-02,1.063867558532753275e-03,4.551047963305255164e-06
-9.080090978549179570e-02,1.999848748116467290e-02,-9.080970349114040362e-07
9.551119002558597360e-02,1.357829156374542809e-02,1.406851747606768252e-06
-7.368860208484799383e-03,2.332680455836448966e-02,-6.318067700854578955e-08
-1.644800910564004834e-02,9.515015077773324170e-03,-3.457347755851980395e-07
-6.385754838643396825e-02,2.752712205624641834e-02,-4.639707910595870230e-07
-1.895016140174501365e-03,6.354526294703454446e-03,-5.964429922158305198e-08
-1.694433574483430625e-03,3.715368233825667998e-02,-9.121408223493526356e-09
-4.588989176467863675e-03,1.445135272755474452e-02,-6.351082293856952964e-08
-4.696250841704469742e-02,1.752644066061400177e-02,-5.359160542639077558e-07
-1.997758666182904499e-02,2.807775540642778143e-03,-1.423048968982278846e-06
-1.050495711141410764e-03,1.025486092928745013e-02,-2.048819583766350936e-08
-2.856373214370652898e-03,2.538102176708433369e-02,-2.250842249057113972e-08
-9.541862750291266529e-03,2.472706354817265709e-03,-7.717912109359291076e-07
-2.049344788807396303e-02,1.711864642055046376e-02,-2.394334470942826857e-07
1.984739725679731878e-02,6.894936679964935866e-03,5.757215532433791331e-07
-4.477788258950337642e-03,3.490401258193604611e-02,-2.565827200873879711e-08
-2.134882473849380319e-02,3.686965318724122562e-03,-1.158094842779778853e-06
-3.842718047925221259e-02,9.855592514372513158e-02,-7.798211131210909748e-08
3.963721331379984995e-03,1.208991878096710984e-03,6.557207677886632461e-07
-3.076260681115662501e-03,4.121084550656801092e-03,-1.492969095502042046e-07
7.877920440133212923e-03,9.068431082293686163e-02,1.737475309882779982e-08
-7.470496708301416731e-03,2.980571229661835991e-03,-5.012901623472081915e-07
5.504695669314180889e-02,1.600929349070321544e-03,6.877021078040207794e-06
1.371186132277139869e-02,1.795428080344572963e-02,1.527452125659146602e-07
-2.090332312756156344e-03,1.139549937063553389e-03,-3.668775867468215299e-07
1.168360239508708671e-03,4.212825964167626197e-02,5.546799386308103385e-09
2.540230169473049054e-02,1.033665152545087040e-03,4.915100501291654385e-06
-4.518786535170146723e-02,1.960423264530344531e-02,-4.610108921663956817e-07
-5.053009307248514624e-03,1.133353565422124624e-03,-8.917105216942184820e-07
-1.309739625176278236e-03,2.593517245147134928e-02,-1.010031771175773860e-08
-3.356273307070001266e-02,1.662368386172743268e-02,-4.038027347906996123e-07
-1.421873932539410162e-02,6.100617335877565363e-03,-4.661508880494947493e-07
1.820013889157151652e-03,3.199524769122313872e-02,1.137701770092594821e-08
-4.712242622160857722e-03,3.195324867960284195e-03,-2.949523304500420109e-07
7.452873433333868404e-03,2.498799953500286004e-03,5.965288672890643149e-07
-5.582357563322087358e-03,3.142277297729213856e-03,-3.553140255615732744e-07
-3.278458784949756649e-02,7.985832468642805118e-03,-8.210861780345648818e-07
-4.219734807647668520e-03,2.130783386132953112e-03,-3.960819618978808679e-07
8.738732448565655897e-02,3.995804428308580292e-02,4.374046817273465292e-07
1.124718782488128878e-02,1.321990341295497737e-02,1.701589800959706482e-07
-1.247436973875672801e-03,2.013678143998702194e-02,-1.238989894340878879e-08
1.361655833809259988e-02,4.184044628439412966e-03,6.508939742220017668e-07
2.737655696382246956e-02,1.128452505549211275e-02,4.852155950036429384e-07
1.628171451633119663e-03,3.097406777902275005e-02,1.051334943301997483e-08
9.705066670742744372e-02,1.054608869381838329e-02,1.840544456545273972e-06
-3.847870688277841168e-03,1.355867458182396373e-02,-5.676000687154988111e-08
5.369233984169768242e-02,7.512033119680378013e-03,1.429532536612436695e-06
-9.838422433096604899e-03,2.250251741864470884e-02,-8.744471518430630761e-08
9.046709991510404336e-02,1.620612298724780423e-02,1.116479481755996625e-06
3.001239733585693657e-03,5.857027593731699983e-02,1.024855474924794972e-08
2.253167561967470752e-03,2.615476930653923542e-03,1.722986222070777496e-07
8.295790077243932192e-02,2.228725601165111592e-03,7.444582724193765838e-06
4.364322542200671853e-03,7.274392796500041281e-02,1.199939360863211956e-08
9.397057836128437647e-02,4.247843839254886178e-02,4.424483351602273894e-07
1.745086520986025447e-03,4.307942254303824894e-03,8.101889189964158863e-08
1.566956463951197503e-02,8.518421288985668360e-02,3.679061296066665602e-08
3.951477715082577641e-02,3.236844640478183516e-03,2.441613346124213119e-06
-7.120548552395265796e-03,1.698040740587266045e-03,-8.386959663045667804e-07
-4.356165182527516749e-02,1.988188377441778634e-02,-4.382137666796163101e-07
1.836872568033977738e-03,3.114656074268750807e-03,1.179527684172757099e-07
3.767780231720434247e-02,1.185565488663142038e-03,6.356224422356028372e-06
-8.821274054867662973e-03,3.254261157733936202e-03,-5.421483249625685879e-07
7.156615459393093903e-02,4.819138081065940660e-02,2.970144100643669273e-07
-2.165786437547704765e-02,4.219582002828405065e-02,-1.026562526034820737e-07
-5.468930950833349007e-03,1.232997531777558879e-02,-8.871140161930122235e-08
1.735428366041045578e-03,4.413249745395752231e-03,7.864794785503995983e-08
2.599297226074451239e-03,9.184368744990602240e-03,5.660383280482818852e-08
-6.117615513626404461e-02,3.972215802728807331e-03,-3.080268338303826582e-06
2.654232438869272813e-03,2.736151896650486099e-03,1.940161835070138156e-07
1.928596293318701402e-02,1.889209014404050419e-03,2.041740420917136311e-06
9.856354383294883142e-03,5.959000113929271286e-03,3.308126623646343468e-07
2.909782605422222418e-02,1.957757322727916079e-03,2.972630260257445289e-06
-2.008543379640118087e-02,1.117709132820834993e-03,-3.594112148451441083e-06
-9.068416623269818719e-03,7.210368805570467610e-02,-2.515435543948517430e-08
-3.149105356572379222e-02,2.685954016227412155e-03,-2.344918891914623010e-06
3.307917684480499686e-03,9.459752058417732548e-03,6.993815131850759470e-08
-4.551847387933648931e-02,5.859476874863570744e-02,-1.553703186244010140e-07
-1.048445066500890794e-03,5.270163767044887954e-02,-3.978879417190527906e-09
2.680511646524494970e-03,7.579432090011949119e-02,7.073270070088005834e-09
-4.616412484544057081e-03,2.509031613781540632e-02,-3.679914103875801027e-08
1.003419642682861759e-03,6.356411633783962123e-03,3.157255966973370738e-08
5.536191115560943829e-03,3.727319486925811942e-02,2.970664882780217216e-08
-8.546133458722819654e-02,6.708215066456855655e-03,-2.548014534710974038e-06
6.766343056078589005e-03,4.889522024006548451e-02,2.767749712772799899e-08
-1.944923618876101545e-02,3.269329678969291192e-02,-1.189824867495662448e-07
2.015038920072909773e-02,1.833090671147358719e-03,2.198561911084290378e-06
6.351475451788947922e-03,9.384425495746681611e-03,1.353649232311499511e-07
1.119062821311140937e-03,2.074913305704152722e-02,1.078682715683503268e-08
-1.140812086416316019e-02,4.704680469091913897e-03,-4.849792854855999051e-07
-8.080690504984608391e-02,2.157381007124769406e-02,-7.491362806943087267e-07
2.920450726503485625e-02,7.425512280407065013e-02,7.866158096534901569e-08
8.706919685812394838e-02,7.153837400967555729e-03,2.434247214586774750e-06
8.900792380601814380e-02,9.430456483240742815e-03,1.887709509425174143e-06
3.292718844680495721e-02,3.878307534299359205e-03,1.698054454504058347e-06
2.637765422770622144e-03,8.296502853402636102e-02,6.358875356565341655e-09
-1.862617428847553828e-03,1.463404426792577415e-02,-2.545648907395442692e-08
2.362819374195914909e-02,1.961749820497400102e-03,2.408940703229237906e-06
-1.294245708877671914e-03,6.709886532318136594e-03,-3.857809389605968039e-08
-7.630242526515405681e-03,1.906892108439635618e-03,-8.002974422215888199e-07
-4.783008553812431729e-03,5.112413871947351675e-03,-1.871174804835752006e-07
-3.397522995950821422e-03,2.794515445017257006e-03,-2.431616595849329460e-07
9.261521742971822943e-03,2.305021603971421466e-03,8.036122689078936963e-07
2.829764570655965861e-03,1.929204074571681414e-03,2.933670558777838928e-07
3.409381087092726303e-02,1.537102752097179500e-03,4.436207540144461271e-06
1.119691907596532046e-02,1.686352707431770402e-03,1.327973269646184441e-06
-1.487944644510525837e-03,9.200127050234397155e-03,-3.234686216336387701e-08
-2.092180349075072401e-02,4.248407061011238300e-02,-9.849455101224085231e-08
4.115910256098493508e-02,3.957189396923741984e-03,2.080263112522150317e-06
9.142791081734914782e-02,8.901166100045493357e-02,2.054334212538596149e-07
-6.080941000707796099e-03,1.876348563251010191e-03,-6.481812722052038229e-07
5.612583943168635708e-02,5.364790671271600642e-02,2.092421995706736209e-07
-3.332843187437957433e-02,3.683046231359082129e-02,-1.809868069427824936e-07
-2.236767098704665890e-02,1.939212624042051941e-02,-2.306930677881382614e-07
1.300123428940455975e-02,2.680382828639372213e-03,9.701233676263406226e-07
-2.670504530399439580e-02,2.210947356941387124e-02,-2.415761886631542829e-07
-2.888259923828188653e-03,6.202569396537205640e-03,-9.313305525784760753e-08
-9.759847633245558041e-02,3.700217815777442996e-03,-5.275394667179993397e-06
-2.455337675449083268e-02,5.814027682165337496e-02,-8.446432986297725406e-08
-9.635314664896280079e-02,1.141226460873289925e-02,-1.688625244277988702e-06
1.531996627620888516e-03,7.114463019796125887e-02,4.306801851967370326e-09
3.325186417352271606e-03,7.773206290508947146e-03,8.555689452716551546e-08
-2.080780825740213488e-02,1.599357325061827317e-02,-2.602076386810219344e-07
-7.217531272619427153e-03,3.807690544158474910e-02,-3.791108700954355900e-08
-1.944143144817815985e-02,7.265885944274333430e-02,-5.351541161907208363e-08
2.072049114897030198e-02,9.702229836976432320e-03,4.271374938663981952e-07
3.026099600043375640e-03,2.351788316883826960e-02,2.573500148962491906e-08
9.667049056614396285e-02,1.412482671456335905e-03,1.368831535648860852e-05
-1.960326324606296439e-02,1.278892494888436444e-03,-3.065727442046597773e-06
-3.428932324970701551e-02,7.201377666012523902e-03,-9.523191869833362241e-07
-3.500519081463742549e-02,9.507178953093695789e-03,-7.364105281585859792e-07
2.904245645787448260e-02,9.811023644004293609e-02,5.920497917822894352e-08
-1.292341406610001027e-02,5.533523779474153192e-02,-4.671051836838932517e-08
1.624527319896510238e-02,9.920054734844958866e-02,3.275308098592480542e-08
5.169287542466792507e-02,3.685214916347602856e-03,2.805479362573896547e-06
-1.120826566886871326e-03,2.921359236764431953e-03,-7.673485195428483546e-08
-7.375261035712861457e-02,2.646882124840626779e-02,-5.572909663038923328e-07
-7.425541181831171733e-02,1.258815415329451537e-03,-1.179791509937830691e-05
-5.930107811998639768e-03,2.671382441907263310e-03,-4.439823750292792508e-07
-4.386373628933342740e-03,9.354698255495480508e-03,-9.378104041720295207e-08
1.528621194356387294e-03,2.979937974869200507e-02,1.025963381449888592e-08
-6.158004204884858120e-03,9.265531723107617648e-03,-1.329256650793868240e-07
1.671845071474693713e-03,1.183151955962827469e-03,2.826146764103224887e-07
-5.508697286082316763e-02,5.404165705560078775e-02,-2.038728803223243095e-07
-2.888879492750373937e-02,8.097517421730057730e-02,-7.135374024769633737e-08
-1.179395816849963504e-03,2.675700209312056443e-03,-8.815792075396542914e-08
9.582541936441177355e-02,3.411138056172647887e-03,5.618503297509993529e-06
3.880312724261000042e-03,1.654439926151308332e-02,4.690886595516079919e-08
1.682074631146105413e-03,3.089466178866439108e-02,1.088932660320614774e-08
-1.982344855418193778e-03,5.120951962039864760e-03,-7.742259334138014911e-08
-2.145155803204995895e-02,5.406333210971185112e-03,-7.935882692132097553e-07
-1.221445080996201539e-03,3.382669089302158677e-02,-7.221936044875946527e-09
1.544229976494650505e-02,2.932435025996937492e-02,1.053228951473326321e-07
-1.871003734115228578e-02,5.472777284838159853e-03,-6.837637732559865961e-07
4.192694831808692346e-02,7.447939275767815476e-03,1.125890965305029520e-06
5.794648663954937370e-03,1.523694914736693946e-02,7.606209784253548445e-08
-2.138735509719762173e-02,1.681068373008988079e-02,-2.544549540643292701e-07
9.288448368033228389e-03,3.021928457897731131e-03,6.147495237499262174e-07
-7.237565402439655009e-03,6.535498603555557617e-02,-2.214894186378336762e-08
4.346842971848176654e-03,3.257751554308681990e-02,2.668672001435321426e-08
-7.233694812981064128e-03,1.057539844598600828e-02,-1.368052144121479897e-07
3.471800807325810950e-02,1.186166838024243966e-03,5.853939500660224602e-06
3.824410569342612948e-02,7.341823054205900978e-03,1.041837066173248852e-06
-9.723398439009340449e-03,8.042956410039069082e-02,-2.417918039893379952e-08
1.348756232634300278e-03,1.650209181247989584e-02,1.634683479863643347e-08
3.169090843948593056e-02,1.376288722232129301e-02,4.605368071193850367e-07
-3.799312938181139548e-03,1.865742722867399931e-03,-4.072794695067364127e-07
1.436059339512275879e-02,5.440003652392142591e-03,5.279738375313365989e-07
-2.852448098489323517e-03,3.289265076434767093e-02,-1.734435225164409785e-08
2.170998754839643941e-02,2.007849831890299620e-03,2.162556953408054173e-06
-2.862676902083675229e-02,1.488205471204759496e-02,-3.847234380872975422e-07
3.667930361405051520e-03,1.157767197265881058e-02,6.336348407397921417e-08
-1.676000485799144808e-03,2.215662943768305013e-02,-1.512898018247330310e-08
-1.142777580148658049e-03,1.216318351201926135e-03,-1.879116302842427934e-07
2.334109151110959693e-03,6.928931006590970110e-03,6.737427928627347012e-08
-3.052512750556192131e-02,7.148465012780963468e-02,-8.540511836498498225e-08
5.482412486966410647e-03,4.681454311217321702e-03,2.342233169223900545e-07
4.871425508877808008e-02,8.843569798663993009e-02,1.101710950685942383e-07
5.005229824241783261e-03,3.953467535128404702e-03,2.532124498009652261e-07
1.394526990552754069e-03,3.719730414289458553e-02,7.498159366265973096e-09
1.352798608949019529e-02,6.646628750411556763e-02,4.070717220165301172e-08
-2.229309542745137873e-02,1.280592060496530847e-03,-3.481759572442751480e-06
6.778665572457286993e-03,9.904881047953874307e-03,1.368781580258071688e-07
-3.141408646937590005e-02,1.676527839054438914e-03,-3.747596922221692635e-06
-1.100117549502784876e-02,3.764606409109622250e-03,-5.844652887753372715e-07
-4.310649100576940257e-02,7.700624472050823788e-02,-1.119582069457142793e-07
-2.164272894842172220e-03,9.846852915681700291e-03,-4.395960462776014257e-08
9.228178241258683245e-02,1.128746911432579499e-03,1.635153798031348539e-05
-3.037339906269051568e-03,3.104807014289123063e-02,-1.956581728010059968e-08
2.381817862680434949e-03,4.831598718650649549e-02,9.859545571839950622e-09
-1.548890364618852461e-02,8.298131689147185408e-02,-3.733185441867108732e-08
-3.370507718579095896e-02,2.089612646347309768e-02,-3.226032558888485209e-07
2.047100971652077422e-03,5.120758255781426849e-03,7.995473693632009196e-08
-2.294853713512709330e-03,1.644921722449061915e-02,-2.790287662122151266e-08
-1.815780845739860261e-02,3.828271169791141321e-02,-9.486367516280689975e-08
-7.950237828089592312e-03,9.289628581483723446e-03,-1.711673702495024275e-07
7.766755449155002440e-03,7.165479831082773032e-02,2.167871625189755048e-08
-1.218247369019345716e-02,5.716207567834247216e-02,-4.262522649605008082e-08
1.071990759413686718e-02,2.966827351456915660e-03,7.226665877614954368e-07
-3.374596108724793597e-02,4.506220649908229681e-03,-1.497781824434702610e-06
-8.481393271721229810e-02,6.827327681157961854e-03,-2.484595315012792685e-06
-1.023531083566788522e-03,5.243854025660550991e-03,-3.903818796096157721e-08
-7.988486065327124463e-02,3.094593568857992045e-03,-5.162975586465485800e-06
2.104660247430263989e-02,8.598052095203592704e-02,4.895771436927774674e-08
-2.058936775750267248e-02,8.496737806859040384e-03,-4.846519919170379024e-07
-4.146361344958782343e-03,2.562187612319595173e-02,-3.236647683968506181e-08
1.971747336075922123e-03,2.670387118612925145e-02,1.476781511190228454e-08
-1.862754106309512728e-03,1.085698121003372818e-02,-3.431513022626968630e-08
1.252940061898888272e-03,5.648589279400283159e-02,4.436387842050987416e-09
-6.993781937448544268e-03,7.511055539572022988e-02,-1.862302910128940425e-08
-1.527332158624249148e-02,7.562191997085705719e-02,-4.039475744906659783e-08
-3.325566319601467972e-03,1.265304938945454455e-03,-5.256656734074750413e-07
-1.964031147610625742e-03,6.815156516006294629e-02,-5.763837721068797174e-09
-1.744755278271576966e-03,8.314528667984971699e-02,-4.196972213311366487e-09
-4.826150584707834812e-02,9.468002785223672557e-02,-1.019487017500388166e-07
1.836970527113697578e-03,3.104277252145007902e-03,1.183534423690261854e-07
5.400365907525016274e-02,5.533078285710315951e-03,1.952070867329897526e-06
1.233055031686253536e-02,7.708289513761831802e-02,3.199363972937021342e-08
-4.898934443076289821e-03,1.837002933601904545e-02,-5.333729493076443463e-08
5.342097448740891312e-03,2.874408470790044273e-03,3.717085322817130532e-07
9.500866542273897486e-02,4.178057886089314547e-03,4.548078720182889251e-06
2.421485685645395972e-02,1.197314895118993007e-02,4.044946006884156532e-07
1.924351798989160089e-02,3.631304606151971627e-03,1.059890495833245731e-06
2.622241561141716235e-02,4.891423925441119348e-03,1.072201970652026936e-06
2.824810393049027434e-03,5.004993916660380529e-03,1.128820678730765992e-07
-4.013682192033460328e-02,4.244251017999689513e-02,-1.891390172832514365e-07
-7.000570637022178466e-02,5.326950668030434877e-02,-2.628415232128111605e-07
5.640046090473178203e-02,8.268810819582826654e-03,1.364202387593637830e-06
4.709799867706825419e-03,2.222935897611408654e-02,4.237548892470201450e-08
-2.856313873032046563e-02,8.814724535812381787e-03,-6.480915998400932116e-07
-2.542833165335534051e-02,1.342742164619536820e-03,-3.787602970702454940e-06
-1.063165048948172368e-02,1.837940456655751120e-03,-1.156933672953609230e-06
2.889638512906561249e-02,3.892301233051426602e-03,1.484828453422797067e-06
-2.641821471067743766e-03,7.625796687523451155e-03,-6.928790838780692966e-08
1.434528557170133313e-02,3.537965946382221061e-02,8.109512692860544247e-08
1.044261829609396085e-02,8.794556001732161538e-03,2.374841847754016638e-07
-6.900970486584556696e-02,4.254967206207187214e-02,-3.243793214211261157e-07
8.038303198170209524e-03,2.536204952265145446e-03,6.338978011572124341e-07
3.222491976957193600e-03,6.521337368507050709e-03,9.883127195386426012e-08
-1.794625966080810832e-03,6.488228506966359048e-03,-5.532061742560550489e-08
-4.598857508635766089e-02,2.539761638751070888e-02,-3.621564317568435051e-07
-2.831923449992665605e-03,2.489574505890219946e-03,-2.275074327885910412e-07
-8.334674911757371241e-03,1.449089844236527147e-02,-1.150356790673641453e-07
9.298066406390609329e-02,7.213605405013709393e-02,2.577979559961687534e-07
1.163510466780439800e-03,2.401160613496810398e-02,9.691439560418971002e-09
1.247007827852326467e-03,1.171780061964709926e-03,2.128444271729878021e-07
4.067378592167632603e-03,7.032062499072139032e-03,1.156834107477931603e-07
8.836557557175993283e-02,8.604730509958863349e-02,2.053927196108454643e-07
1.383901459520487081e-03,4.876242460934256812e-02,5.676218223161834612e-09
3.364324085903270308e-03,2.673266259511072190e-02,2.517067232246798961e-08
7.132299899893457251e-02,6.604263441114269217e-02,2.159953569123496072e-07
2.663877021330958439e-02,2.196812007837130928e-03,2.425272185297752512e-06
-9.402877944041545047e-03,7.175460573425340716e-02,-2.620898633237025800e-08
8.006018982198751313e-03,5.855677808852575994e-02,2.734504552047800812e-08
6.247278474405838083e-02,1.807924963694578814e-03,6.911139700784223133e-06
-5.699640781788794901e-03,1.300626189519824699e-02,-8.764642343399568927e-08
2.047625636997245716e-03,3.569166988869782592e-02,1.147421277366819649e-08
9.278912664568716301e-03,1.062619409741442575e-02,1.746459628101422359e-07
-4.932927682385011836e-02,1.738684628481367966e-03,-5.674441750390873813e-06
2.080669756112807009e-02,7.508149637023909737e-03,5.542547747220783124e-07
-1.709107683751458218e-02,1.577759106957144636e-02,-2.166546123645672145e-07
-1.915674520029043504e-03,8.342403785177704076e-03,-4.592717413517463379e-08
-1.078610785759325690e-03,2.934493090403046418e-03,-7.351413909131583644e-08
-2.698481733275281957e-02,1.784701082166551683e-02,-3.024079497051684719e-07
4.945703433268144530e-03,1.105393065445266481e-03,8.948506191701805836e-07
-3.492452333312961316e-02,2.851377218271974271e-03,-2.449711946510473672e-06
1.546948548090173103e-03,3.643579792635662923e-02,8.491546507299318237e-09
2.794428844993215866e-03,7.369282753725867052e-02,7.584152259809339679e-09
-5.854122745691023484e-03,3.100270947733945598e-03,-3.776603417173753122e-07
-3.788699670321315355e-02,1.372739572559396326e-02,-5.520027417825703087e-07
-5.821899843679939623e-02,6.190257050210863470e-03,-1.881027975063731410e-06
-1.095085070971773406e-02,3.977855951749461987e-03,-5.506022912908949562e-07
-4.594425346459683063e-03,5.289265116654910150e-03,-1.737301007035292341e-07
-3.330383579067007493e-02,3.753959472954987529e-03,-1.774368769630875440e-06
9.906185398324149349e-02,3.786333981769074257e-03,5.232710893112355022e-06
7.800695649566642513e-03,8.731497699288610914e-03,1.786832314998798590e-07
1.176654108458206546e-02,2.367145186319544615e-03,9.941756638494184731e-07
6.682329423388615706e-03,2.880473588064326462e-02,4.639842004877605925e-08
-3.843080744707196711e-02,3.988684717869529599e-03,-1.927032362207582162e-06
1.011689586808505424e-02,1.064573646320941726e-03,1.900687756108515635e-06
6.238819136505530799e-02,6.294120351037407746e-02,1.982469711733383731e-07
2.086856071020597517e-02,7.528392539181259779e-02,5.544079504620579031e-08
-6.826531194882305698e-02,1.312215750016261376e-03,-1.040480729521010291e-05
5.202485916141023903e-03,3.113518712574250922e-03,3.341939943461991335e-07
-1.295061960945643499e-03,2.208508664355519034e-03,-1.172818068286114649e-07
1.495868351217264280e-03,5.220895648059155347e-02,5.730434712837897163e-09
-8.733061813294873410e-02,2.090225846528482451e-02,-8.356271242161842176e-07
-4.795468346364158488e-03,7.134206410984361701e-02,-1.344387811380061219e-08
6.893366857211995560e-03,7.001948160826625134e-02,1.969027169607878195e-08
-4.170732687299451291e-02,7.170436955655176171e-03,-1.163338074310168630e-06
-1.545917848330475956e-02,9.349629973038603437e-02,-3.306977165824652930e-08
1.018388540776400284e-03,7.040839819299761493e-02,2.892865537995918955e-09
1.426531616917163818e-03,1.250502934739117829e-03,2.281581015021542644e-07
2.201275803710103091e-02,6.607679809611587823e-03,6.662921213598796134e-07
1.281462054092895840e-02,1.309024009693754084e-02,1.957930836909600014e-07
5.543801859679195997e-03,2.097953244310498105e-03,5.285074368510518827e-07
1.817929942783486769e-02,1.916930799057382090e-02,1.896749227417965327e-07
2.628681257538084681e-02,2.034854207256331718e-02,2.583710429673122856e-07
-7.357292568611033777e-03,8.533085116322445748e-03,-1.724452185034164066e-07
-1.991696785986652330e-03,9.776679375661727345e-03,-4.074469375145113888e-08
3.856836219439233483e-03,7.174568409029784960e-03,1.075163776724974798e-07
-6.087703271122150636e-03,2.793408253321600851e-02,-4.358712981365279152e-08
-2.769599241159787992e-02,7.432933818919744418e-02,-7.452395136103365270e-08
-2.495911275501512885e-02,4.720209066244204082e-02,-1.057565114424146505e-07
-6.822161612240759676e-02,3.110906438834895160e-03,-4.386056902149798591e-06
1.911648797351817031e-02,2.708684405137671766e-02,1.411526086272109841e-07
-4.092816889483540631e-03,3.007834184930292809e-02,-2.721495573033646510e-08
-2.561857864490977785e-02,1.641655888890324044e-02,-3.121131810702921989e-07
6.574617249910250094e-02,4.422223589250545012e-02,2.973507143127513466e-07
4.693151066388074472e-02,8.809356245051556261e-03,1.065515002558462166e-06
1.834484977417302418e-02,1.253533463984100524e-03,2.926964368456084482e-06
-1.499499559697050916e-03,4.201597303156170277e-02,-7.137910941957136485e-09
1.058307723141595734e-02,1.580004957663768469e-03,1.339654243003743457e-06
-2.522951508898825870e-02,5.338176733733079882e-02,-9.452684515578626349e-08
-1.912210627638606577e-03,1.477675058174826193e-03,-2.588189034241175777e-07
-1.826725169784579805e-03,7.550134776281842985e-02,-4.839023338691936795e-09
-3.698216464068898590e-03,2.100248581955733475e-03,-3.521768751714074012e-07
-1.753268224612719584e-02,2.300545281485164364e-03,-1.524252037419477964e-06
-2.631189672219291439e-03,8.091699782862397938e-02,-6.503566759954558576e-09
2.643821223194810915e-02,1.086544479218830989e-02,4.866579061344890515e-07
-5.301397545087047775e-03,2.539571375861069714e-03,-4.175121875020745212e-07
2.577193411371734091e-02,6.160577839821649443e-02,8.366903714947812257e-08
-3.733974111395797248e-03,5.034548660890688331e-03,-1.483371627027156247e-07
8.932224898389609993e-03,7.613547763115761924e-02,2.346452574619199353e-08
6.131493789709022840e-02,9.932182908365909391e-02,1.234698134755866757e-07
7.405471071810106748e-03,8.717770979247389806e-02,1.698972863542453725e-08
5.094274855510456078e-03,5.021730364821454934e-02,2.028935266910268869e-08
-3.514319084233527568e-02,4.942302884380330233e-03,-1.422168456605745070e-06
-3.863244266512679600e-03,1.786753068783332628e-03,-4.324409773252506695e-07
3.274657223500285815e-03,5.415966978081840355e-02,1.209286061459671337e-08
1.282068131444714628e-03,1.212655742484477529e-03,2.114524811466876877e-07
-9.283580039299894546e-03,7.176631567281652364e-03,-2.587224070918119389e-07
-5.408541127853225619e-03,3.363023172548010309e-03,-3.216543913222302509e-07
1.992219543683724364e-02,6.149228651852738960e-03,6.479712877559900424e-07
-4.065659325713619210e-02,9.252571316865633791e-03,-8.788358241748743913e-07
-2.187037311175166546e-02,2.049544746697112927e-03,-2.134214154395603911e-06
-4.999124788989153280e-03,4.215033488140890877e-02,-2.372095428518200044e-08
-1.681512646608851989e-03,9.533178208467543713e-02,-3.527781143563915221e-09
-1.060402484728867724e-03,3.189831000889160450e-03,-6.648784706637603662e-08
-7.817241353713853813e-02,5.030363391990047561e-03,-3.108088449947002177e-06
-6.073947020534020344e-03,6.389600813760376412e-03,-1.901237977973860901e-07
-6.460606328637551188e-02,1.594086235293382418e-03,-8.105889421503834920e-06
-3.669578001023798396e-03,7.031705138246126252e-02,-1.043745655055044092e-08
1.365415076008912737e-03,2.367499873217237573e-03,1.153490275251028305e-07
2.015788491761955938e-03,6.996559645076129430e-02,5.762349938894415004e-09
9.843610464166509949e-03,4.745221068309780216e-02,4.148940221090678101e-08
1.411782158717222839e-02,7.378194435477211655e-02,3.826985365687332998e-08
2.621839198365299821e-03,4.553928939427749623e-03,1.151486924648436102e-07
6.207457657635194991e-03,1.502384673888921933e-03,8.263648375441064030e-07
2.123818061982087405e-03,5.177803754753078531e-03,8.203721943063977818e-08
2.525165722068429576e-03,2.081017129546959207e-03,2.426908699504957855e-07
2.016149918174931985e-02,6.885997580251643213e-02,5.855920402951751728e-08
3.879241254947301404e-03,4.997178194502450294e-02,1.552605647947537525e-08
-6.921819296332464011e-02,2.234192624475560274e-02,-6.196391529782543413e-07
-1.722011070745864750e-02,1.481109342176236982e-03,-2.325348372717309981e-06
7.137643424522072122e-02,5.381917122177395235e-02,2.652510126586615957e-07
-2.866173090711453611e-03,7.051736490058259366e-02,-8.129157673839725089e-09
-1.293502213949985309e-03,6.889938630181479014e-03,-3.754836500321782556e-08
-6.968606892004799470e-03,4.875519215966673398e-03,-2.858671828200493362e-07
1.205737171183328578e-02,1.169775743999672268e-02,2.061528039643758160e-07
-1.604134298409626118e-03,9.449199829114386662e-02,-3.395352739931363107e-09
2.001635041960829822e-02,2.230909091295513874e-02,1.794494907873428647e-07
-2.565669646739088955e-02,1.806769306549475861e-03,-2.840123597769223729e-06
-1.694510533752417681e-03,1.059656052827391386e-02,-3.198295285430194628e-08
-1.577979462293680607e-02,1.025741139726773490e-03,-3.076824891679231591e-06
-4.150094659922234919e-03,1.166242399604316277e-03,-7.117187123738402242e-07
2.434443475074876684e-02,8.562085468594568191e-03,5.686687256805877999e-07
-1.192325253757856030e-03,7.577660557818974990e-03,-3.147014931978944863e-08
3.742542713670220754e-03,1.892700929634890316e-03,3.954795017706624795e-07
-2.633041479691173442e-02,1.442110582498434389e-03,-3.651727358050124916e-06
-2.589169467170347651e-03,3.881476851628564567e-02,-1.334143930019150015e-08
2.517951462475235234e-03,4.352814495242346253e-03,1.156954829057358968e-07
-2.194370525667669117e-02,4.615395345316035750e-03,-9.509118548256871727e-07
-8.906651070704488249e-02,3.595884206587270874e-03,-4.953908131347559718e-06
-5.856522718914364961e-02,3.465475026084461480e-02,-3.379996628305743830e-07
-1.184963632982699751e-02,6.659858869648043085e-03,-3.558600242150518112e-07
-2.643078751436288981e-02,1.274109749242576840e-02,-4.148990807041564231e-07
2.729592454000464782e-02,1.794094891236785528e-03,3.042927516793799031e-06
4.822453501052601302e-03,3.907930726105992604e-03,2.468086635364380276e-07
2.015854281414001560e-03,1.655565894143926770e-03,2.435296656378390630e-07
6.236355191398076231e-02,3.251351417439857401e-03,3.836243260658888738e-06
1.098013832843009775e-02,9.878144860372267688e-02,2.223164653380301859e-08
-1.730500026043592897e-03,5.879860052359115949e-03,-5.886319467758023227e-08
-3.971364108545558796e-02,9.408592257808819082e-02,-8.442173373541261051e-08
4.739548860333631791e-02,2.220794354971176998e-02,4.268427095514455628e-07
1.536809503939125590e-02,3.558799405806105376e-02,8.636857145563098955e-08
-1.161944286831301807e-03,2.152187261812657775e-03,-1.079802817787684097e-07
5.909418329750024124e-02,2.741106225522078974e-03,4.311794727030465221e-06
-1.009304641218654493e-03,1.375029590905738671e-03,-1.468079026100187972e-07
-4.457480089768720705e-02,2.378116178554876003e-02,-3.748828324992908585e-07
2.537812155509104259e-03,7.319914958785543428e-03,6.934140638938365549e-08
3.257957382816809022e-02,6.316352216992220103e-03,1.031616471374884003e-06
3.098257758406431153e-02,2.429964092075795334e-02,2.550098160753578472e-07
9.964495803006283292e-03,1.038582957830013268e-02,1.918904426875627111e-07
1.629279793566730875e-02,3.457578871992478264e-02,9.424596894995622381e-08
4.267576316030331079e-02,7.218126122700192770e-02,1.182486083086209771e-07
-2.259598853733070598e-03,1.175082716075982183e-03,-3.845936554265788172e-07
-6.591547228041448603e-02,3.914828659479029083e-03,-3.367548174489660849e-06
-9.694892249846061294e-02,8.520746699462236617e-02,-2.275645139341822284e-07
-6.346580759740534650e-02,5.081142935827154261e-02,-2.498144794696490973e-07
-4.441006473910898145e-02,4.282542332934685322e-03,-2.074048700316512935e-06
3.355375371665688961e-03,2.103058516104244508e-03,3.191015868255061620e-07
-8.090547393952622623e-02,3.166119341112093224e-03,-5.110811150793683688e-06
7.911581959825815524e-02,5.235636153061277998e-02,3.022268757751308815e-07
-2.820658152332277888e-02,9.688334852229153402e-03,-5.822915969048679606e-07
5.706159962508403766e-02,2.107990167288317871e-03,5.413954101265771420e-06
2.309169784904751676e-03,8.422541516327851363e-02,5.483425078408259200e-09
-7.565121034112513854e-02,1.366919746817173847e-02,-1.106909389331895471e-06
1.745223536022786487e-02,1.149636765354022927e-02,3.036194752283316174e-07
-1.371469143947559068e-02,4.835515002083573197e-03,-5.672604618031907237e-07
7.028036833664656063e-03,1.381527721062598751e-03,1.017451305601486425e-06
8.741381170451406613e-02,5.198283388915895739e-03,3.363251267815410653e-06
3.553470405438833961e-03,4.373594408742403385e-03,1.625000149619561578e-07
-1.518816206866329017e-02,2.432703466853814323e-03,-1.248691791513287757e-06
2.405571407325097014e-02,1.388238772358582444e-03,3.465718555035560336e-06
-1.015499985135367815e-02,2.058837919660505555e-02,-9.864997307241372803e-08
-7.591322981715115104e-02,1.327287184038760184e-02,-1.143909789197754883e-06
3.207574109027291898e-03,3.952375222402445577e-03,1.623146573882496293e-07
6.869819718771999484e-03,1.195307806739607029e-03,1.149488927914947973e-06
-7.726668024141634949e-02,7.376943743146439914e-02,-2.094859930343904393e-07
-8.113989595276839550e-02,2.047795286623550239e-03,-7.924778192673758389e-06
4.171489124009763322e-02,1.473036812279010380e-03,5.663914951697003738e-06
-3.484720336361397247e-03,4.508648897786401988e-02,-1.545826404245771173e-08
2.198472302066617479e-02,3.638956530136968660e-03,1.208323825517245395e-06
7.953238727855577173e-02,9.914552086170511092e-02,1.604390671153601200e-07
-5.866003372986582781e-02,4.216880503860847250e-03,-2.782212017453973754e-06
-7.273527644581557518e-03,3.868731949178028963e-03,-3.760240839427788940e-07
7.000793038503941301e-02,7.988020362722435611e-03,1.752860214827141725e-06
2.738909557878716622e-03,1.893290468700745480e-03,2.893341199294121128e-07
3.995392011551123293e-03,7.681297514864192204e-03,1.040312982810671272e-07
4.644652535036687679e-03,4.421869707118462889e-02,2.100808648150241644e-08
4.175476204404660746e-03,1.974988224961544969e-02,4.228445238235988566e-08
2.485720732486068965e-02,3.799597469298242325e-02,1.308440423768636694e-07
2.738112986926049142e-03,3.227025940298247804e-03,1.697024517601604951e-07
-2.905498661295371696e-02,3.437699560719333081e-02,-1.690409672846317610e-07
3.218030005045939990e-03,1.025453390334747639e-02,6.276439862833089966e-08
8.413732546664094702e-02,3.942750775035082367e-02,4.268041022668791582e-07
4.251527932857921549e-02,2.510968304844301072e-02,3.386437105734798767e-07
8.447620703924932362e-02,4.373318596430777333e-02,3.863336143870510962e-07
4.133327181100471259e-02,5.734836893980508644e-03,1.441510870045290350e-06
-1.870021082111168742e-02,2.078186805662813035e-03,-1.799704189527908788e-06
1.231082047653542450e-03,5.524185845242525483e-02,4.457156934139061772e-09
8.519927748427174458e-03,2.485141783661660303e-02,6.856838942126894173e-08
1.498692185175277795e-02,4.149593746707236352e-02,7.223473274874966818e-08
1.020762360408481199e-03,1.542218783138783354e-03,1.323786254891605873e-07
-3.572664293821207083e-03,3.287232399935870880e-02,-2.173707024728718649e-08
-1.592474961273996140e-02,1.989019194060262074e-03,-1.601300527205201068e-06
-7.206230729059127926e-02,2.158240848402910930e-03,-6.678016124388791399e-06
-1.010141074066567973e-03,1.332863053094856393e-02,-1.515778383358002534e-08
-1.519806271260994157e-02,5.410692230554148274e-02,-5.617907823096144124e-08
7.633115154699494920e-02,4.230066757962018531e-02,3.609057497561514524e-07
1.630691342471889691e-03,1.085321491906626745e-02,3.005056006109969686e-08
-4.134785427983665718e-02,2.387355283503953245e-03,-3.463978040212463561e-06
5.322093222084630162e-03,1.713657294780480608e-02,6.211517477254355289e-08
-2.422697045564082760e-02,1.364566734787530343e-02,-3.550941666461527938e-07
2.468865045289457896e-02,9.019131347159950463e-02,5.474845240977441634e-08
-1.964090191686376774e-02,2.551365835008595137e-03,-1.539670891939230603e-06
-1.670561565086361652e-02,6.565519765015012665e-02,-5.089001517230314028e-08
-7.893919742377300541e-02,5.903669162564156858e-03,-2.674298635878821018e-06
-3.758105463798322530e-03,1.544602939989015052e-02,-4.866215240465382221e-08
-8.262005469935115864e-02,9.177214390924962051e-03,-1.800585750268248075e-06
-2.352645737375353568e-02,6.209208979992541892e-03,-7.578084909121378676e-07
6.925041419543817578e-02,4.731781053425474989e-03,2.927095840011267282e-06
1.277506406326500525e-03,4.162493049613633089e-02,6.138309376200765859e-09
-1.196096153983136276e-02,3.082066839371149294e-02,-7.761814320072804459e-08
1.802978384185759120e-02,2.374753675466267401e-03,1.518487284747626201e-06
-4.831529870299362296e-03,2.340404421237781557e-02,-4.128886714153549372e-08
1.028576702871931113e-02,6.238824520750926861e-02,3.297411294013017037e-08
2.206751959427874846e-02,3.712665410796508331e-02,1.188794855723389591e-07
-1.174370560287199767e-03,6.064215834061545407e-02,-3.873198131606440965e-09
2.962397760297966892e-02,2.418940770239804902e-02,2.449386638420733995e-07
1.636527137596753556e-02,3.065629251924738979e-02,1.067684131600516229e-07
6.184925449604931208e-02,3.990015964064730358e-02,3.100266617747469324e-07
1.383468055348334750e-03,3.549393033252890538e-03,7.795684442597546760e-08
-1.216832693738930391e-03,1.902953050263956605e-03,-1.278915952160254081e-07
2.869042733286332469e-02,8.538288002724395143e-02,6.720559420424866375e-08
4.522914720826616553e-02,2.305717886539193628e-02,3.923299281890863115e-07
5.137484061755136916e-02,1.526573515211473780e-03,6.730881926991829083e-06
-5.402170459885662773e-02,6.716957205400013453e-02,-1.608551279854047831e-07
-3.669260216244012857e-03,2.029918461471326343e-03,-3.615256593760744871e-07
-2.856113279008516345e-03,7.032250648687514427e-02,-8.123071851930010812e-09
6.213723173373701669e-03,1.956660736095448307e-03,6.351489421596927560e-07
-6.067071721694841310e-03,3.984632797063207554e-02,-3.045299644873445120e-08
2.667314203663326277e-03,3.782927218196681807e-03,1.410215227975607342e-07
-2.451215515594953182e-02,3.026994065904291958e-02,-1.619605099467367414e-07
-1.211968642678723940e-03,9.907915454638423908e-03,-2.446517347480648241e-08
-4.022585018845362126e-02,9.634622533561222613e-02,-8.350447222799266491e-08
-7.951932464975908221e-02,3.908507777510940306e-02,-4.069123870253255559e-07
6.953983504817451422e-02,7.440368304066361654e-03,1.869297522295215070e-06
-1.674850859360992733e-02,2.713203449871999864e-03,-1.234619090300575579e-06
1.764115699177835330e-03,8.091160018172147833e-03,4.360692699062693313e-08
1.179674027471599475e-02,4.668806047431713242e-03,5.053536341445144178e-07
1.885032753152474875e-03,2.296947766910835756e-03,1.641371882306006730e-07
2.424985469327310683e-02,8.001219292150653015e-03,6.061668406709407329e-07
2.599929041392042700e-02,3.047974141426793016e-02,1.706040847052417467e-07
-5.029904138751246923e-02,6.442404662960562849e-03,-1.561532098637240007e-06
7.520348945137562448e-03,4.302716570335796825e-02,3.495702470485930846e-08
-3.693321753963109671e-03,1.673282441149858205e-02,-4.414556692422682937e-08
1.198152358866504640e-02,2.854461551677011863e-02,8.395122885854268407e-08
-2.081934523917627552e-02,4.131279524274837807e-03,-1.007909861932488621e-06
-3.569344020482056925e-03,1.149430209158383001e-03,-6.210763746448794576e-07
-7.494431877514193263e-02,6.543952568438908372e-03,-2.290539479492047459e-06
5.705452166031460895e-03,1.677217863553209787e-03,6.803616057642827361e-07
-6.502080320735193104e-03,1.149194085309564618e-03,-1.131613594397844884e-06
8.209145978842558380e-03,3.711698685408446052e-02,4.423484131194984429e-08
-3.641026295242375671e-02,7.788512504367468836e-02,-9.349933069641049294e-08
-2.649323864327832873e-02,4.828999188613167237e-02,-1.097279150511983086e-07
-2.924429352967466283e-02,1.637744592401097149e-03,-3.571364426056362142e-06
2.620571369818870764e-03,7.874354315348889438e-03,6.656106277097146266e-08
1.053170197424859855e-03,1.230027491436585380e-02,1.712469916949269514e-08
2.867531142114924415e-03,3.645172172879674460e-03,1.573364348410852799e-07
4.424678215900634121e-02,1.164218370267802163e-03,7.601275136109736487e-06
1.914517703311205063e-02,1.072585078295943328e-03,3.569988720192938299e-06
4.153833508787315235e-03,1.583200157925535728e-02,5.247500263554800995e-08
-7.105232302012003121e-02,4.766126471513238046e-03,-2.981617489985704295e-06
2.740387424112764817e-03,2.622525504360297133e-03,2.089928620857002258e-07
5.341165858665761039e-03,5.743818988857282877e-03,1.859835475248281033e-07
-9.210127304322843211e-02,5.191687100317221061e-03,-3.548103920136944680e-06
1.882680519743638869e-02,9.149929835121502555e-03,4.115267527699792104e-07
-2.982531855777234304e-03,7.266057122870833544e-03,-8.209666048643684176e-08
1.073800361533331455e-03,4.240463021362940801e-03,5.064650413758587528e-08
-1.086883719668433126e-02,4.835998384334778966e-02,-4.495066743502261521e-08
2.409657943054891241e-02,5.061291656945734671e-03,9.522111041362271533e-07
7.128460637473118221e-03,3.452663614020905908e-02,4.129340502632879292e-08
1.089241913716182918e-02,8.085903867466187611e-02,2.694231930970366389e-08
5.655440057143287097e-02,3.394154562669432235e-03,3.332529453277386639e-06
4.875255665198063165e-02,1.801327465548405518e-02,5.413073609307225818e-07
3.541150176331869098e-03,3.714940139591445950e-03,1.906477714727043559e-07
-1.714790159628463767e-03,1.735625456610185094e-02,-1.976032937866012196e-08
-7.211926125910739227e-02,8.211165323362122972e-03,-1.756651784886520839e-06
-2.620156848035448335e-02,3.589181309687573818e-02,-1.460061335812289493e-07
-1.836769522078152486e-02,2.606289932817221905e-02,-1.409519686868634574e-07
-1.837286262487051666e-02,3.886438084912448299e-02,-9.455059858021503603e-08
2.458472634876458437e-03,1.336780387161724468e-02,3.678277762651672488e-08
-2.897337976060304285e-02,6.869796012345691372e-03,-8.435183319380255206e-07
2.773036967439641842e-02,1.483608333392718096e-02,3.738312503026619065e-07
-4.146353507260744885e-03,2.970774623831959425e-03,-2.791488408124864792e-07
-3.692849741917701711e-02,6.696332336238351723e-02,-1.102970370034576548e-07
1.591411193765935846e-03,7.537646661861119139e-03,4.222657344801968533e-08
3.581466044652197034e-03,6.582549619380165251e-02,1.088192941781648283e-08
1.233504658664485651e-03,1.775457526840932762e-02,1.389535718013782621e-08
-3.686184391350675726e-03,5.031455756539107704e-02,-1.465286693871623110e-08
-4.032671288688646598e-03,1.405157237949879612e-03,-5.739936746992507449e-07
-1.288466209363561127e-02,4.101536782496351813e-02,-6.282979329913535414e-08
-1.133238803499057520e-02,3.892831782700063165e-02,-5.822305744820751012e-08
-3.026706102904398038e-02,6.378601560238221502e-03,-9.490388383901373406e-07
3.049949579147634079e-02,2.557398659761755261e-02,2.385247419521400880e-07
-1.603704438956966762e-03,4.978251897689090974e-03,-6.442978342138230352e-08
7.632005245123095472e-02,1.979800968858659409e-03,7.710034756961996660e-06
-2.311443918842443802e-03,1.055175646176494033e-03,-4.381247727394990515e-07
-1.434591295166397868e-03,8.562902297454269562e-02,-3.350783827600996088e-09
-5.800619707636338329e-03,1.317687415672353680e-02,-8.804429162325383151e-08
-1.035087312513024473e-02,2.421601897097547598e-02,-8.548963153638908453e-08
1.709208935800252474e-02,1.993194496438634167e-02,1.715081188376722083e-07
-1.530801401069042944e-02,6.918437541785635303e-02,-4.425374556954032999e-08
-3.848227361595589480e-02,1.879524338308287412e-02,-4.094981814935919064e-07
-6.856212498884467488e-02,5.261897496943062844e-03,-2.606040099388733062e-06
8.534772285130240096e-03,4.171209092987830484e-03,4.092316228118789888e-07
-5.463023577662071834e-03,7.721810242025399507e-02,-1.414989307465935832e-08
8.907385780132519304e-02,4.954270264332687017e-03,3.595917967713660634e-06
-1.359355797438684555e-03,9.729475332095852136e-02,-2.794363697328150162e-09
-1.225588810202738561e-03,2.738949756080624742e-02,-8.949523850018860042e-09
9.408950199561344485e-02,1.449118233814497602e-03,1.298603463767026566e-05
-1.850231998847139472e-03,2.176232523688340689e-03,-1.700435249635776971e-07
5.760581032746507624e-03,3.460566468569179974e-03,3.329341183178799903e-07
2.946673195287528250e-03,1.700150014671474637e-03,3.466441992621564565e-07
-2.853968109891691363e-02,2.326478997432591695e-03,-2.453517657826570630e-06
8.700010377520944402e-03,4.420054789354899843e-02,3.936690988334529455e-08
-9.834042465551260173e-03,8.679703422925257733e-03,-2.266033893873658908e-07
8.050662405313010681e-03,3.572375048899920601e-03,4.507272093068278388e-07
2.468332110837698993e-03,4.558195714721521852e-02,1.083053306797950388e-08
-1.102761986066039604e-02,5.143876410434466279e-03,-4.287760010854273535e-07
-9.251662079483384538e-02,1.504128782032414062e-03,-1.230194973080119628e-05
1.980987059167662115e-03,2.074899725839832870e-02,1.909517897819206548e-08
-3.144094971670371302e-02,1.253029417805351896e-02,-5.018496169154132758e-07
2.750766018786286737e-03,7.940046933755362524e-02,6.928987682383757592e-09
2.076727511279353924e-03,8.694738488634440668e-03,4.777076543658216126e-08
-4.029839220824964208e-02,6.534380340890325739e-03,-1.233452751303059015e-06
-2.165666273780657985e-03,3.307412406061872520e-03,-1.309611229329550659e-07
-3.261273377983909226e-03,1.312561330122264660e-03,-4.969432640883726247e-07
-4.251122039056069550e-03,2.971605711035244304e-02,-2.861222268637631701e-08
-1.339809090660154869e-02,2.998547347717550778e-03,-8.936577324383425162e-07
3.555692122698938390e-02,5.388343408919412519e-02,1.319799900946826247e-07
8.189703847037373835e-03,1.457901517308350312e-02,1.123515885796622595e-07
4.113694184176135832e-02,8.782939162891235246e-03,9.367664674923218984e-07
1.756804763329195256e-03,4.825713826809507195e-02,7.281169555540969686e-09
2.606569213695521768e-03,5.373063350889735468e-02,9.702563829793382220e-09
-2.058793903234658242e-03,6.686366371809563183e-03,-6.158315178717910585e-08
1.659341916378662130e-02,4.550357117011530339e-02,7.293392904779035692e-08
-2.284346250174487496e-03,9.318387612579326698e-03,-4.902982795733937196e-08
7.868609144108681952e-03,1.317054042750463987e-03,1.194905570078817972e-06
6.160696222837925423e-03,2.796672226431747964e-03,4.405826932360883781e-07
-2.269401417710699073e-02,1.675918236015250511e-03,-2.708305822047888829e-06
2.147760411034119535e-02,2.087363074672066512e-02,2.057913160373105054e-07
2.181369520996293259e-03,1.835942655951564679e-03,2.376344148608712572e-07
2.754217993262536579e-02,1.010906557995904474e-02,5.449121673994017099e-07
2.863542542203273769e-03,2.667915874715002557e-03,2.146696837732344249e-07
9.141046018462209086e-03,1.370463098003611019e-02,1.334036638918931784e-07
5.059294845370978372e-02,2.585600570561819109e-03,3.913521852131589065e-06
1.204946465147602869e-03,2.533966159167913134e-03,9.510561307276045159e-08
1.059513131340164864e-03,3.772479406278036324e-02,5.617184309904764838e-09
7.003224887980206981e-02,1.835908256262258967e-02,7.629328341104913451e-07
-5.496283868002479166e-03,9.195051177098574613e-02,-1.195512749933419186e-08
5.455819788478548718e-03,5.627425624818296196e-03,1.939052023118995869e-07
-5.694050531155399157e-03,5.286189719751718460e-03,-2.154357531401444350e-07
1.386407489499018233e-03,8.237539633597090044e-03,3.366143194866573187e-08
9.217903971899871207e-02,9.467988701654932171e-02,1.947213880242630387e-07
-5.499184706052511439e-03,2.044388473080316522e-03,-5.379898616386431890e-07
7.930085636014364003e-02,5.663608964131514739e-02,2.800424218939169148e-07
5.798567355448275978e-02,2.877667925145740817e-03,4.030131696776418730e-06
-5.985855790602310177e-03,2.019488757682665146e-03,-5.928215984611389875e-07
-4.473387325771936880e-03,1.998541530839006292e-02,-4.476746817171731195e-08
2.565596691964494667e-03,4.136261573422844381e-03,1.240565215600161175e-07
-1.081094063230702423e-02,1.260797064966321865e-02,-1.714973846690156131e-07
3.088226397868256909e-02,1.428106262409657712e-02,4.325016966746041439e-07
1.879221296941230432e-03,8.441858492533956329e-03,4.452245111761525098e-08
-1.282101286990229572e-02,4.126645731239105691e-02,-6.213901397779830949e-08
5.753570656823745084e-03,9.501748409654132629e-03,1.211080836446789052e-07
-4.511293504929307988e-03,2.054866802002955697e-02,-4.390931030116873105e-08
-1.103047110526879111e-03,1.565534208575772041e-03,-1.409193747589194445e-07
2.601555573960176015e-03,1.068798672861043589e-02,4.868289652950205995e-08
3.058479745648193249e-02,1.327983380169511785e-03,4.606299551731557805e-06
-3.013472825175325664e-02,7.243152874995172769e-03,-8.321063495984337490e-07
1.857815304659571082e-03,5.217131434747981390e-03,7.122131145260783625e-08
-1.825858534615041988e-03,6.146568953253590123e-02,-5.941191842044224023e-09
-1.330324456274264598e-03,7.596943354044038109e-03,-3.502336700709929733e-08
-2.843068254009873536e-02,7.267227653916072394e-02,-7.824520432498186776e-08
-2.739879726347876215e-02,2.631116401352013440e-03,-2.082718837754599651e-06
-1.910751827052282808e-03,1.843136015520426343e-02,-2.073414379891951527e-08
-5.054870388719192448e-02,3.459977438423814545e-03,-2.921971432672076027e-06
3.630639243879103285e-03,1.931384065603976297e-02,3.759704063374272094e-08
-2.087180386486023418e-03,4.414512004515902185e-03,-9.456196558852024082e-08
-1.233728284919365960e-02,9.296331927187394262e-02,-2.654282281103583472e-08
1.910439139460185301e-02,1.628913511289314551e-03,2.345710379185406516e-06
-3.084958367394545400e-03,5.704042804764927754e-02,-1.081697285035910951e-08
-2.697633236249681599e-02,4.117143337930145169e-02,-1.310467107421429274e-07
6.873470445766805860e-03,5.043920193919583864e-03,2.725505553878601885e-07
3.228344520078771894e-03,7.765612265874196653e-03,8.314638670041106051e-08
-5.579597125771768029e-02,7.292767698014139544e-02,-1.530205188312021424e-07
-4.779407549916959465e-03,1.089395759116433072e-03,-8.774605361295282344e-07
-1.254887059847700423e-02,8.342774500546035199e-02,-3.008384511319086577e-08
1.807881564681101255e-03,4.587384234989216360e-03,7.882138587900977293e-08
2.664691911691486476e-03,1.412591550188427303e-02,3.772850597554379762e-08
9.585082057421889790e-02,6.896339426994837520e-03,2.779818332542391252e-06
-8.652062748045055013e-03,4.659843764831047425e-02,-3.713534924635510241e-08
-2.525468665077127556e-02,1.036694724277248750e-02,-4.872258299479321074e-07
6.471532562616989781e-03,1.194167130406228235e-03,1.083880082910683101e-06
4.390774354509069388e-02,2.070750142509228051e-03,4.240847222208426540e-06
1.095192402886040195e-02,5.399197937184663926e-02,4.056956783812021803e-08
3.354940678740766374e-02,1.561964842815558334e-03,4.295886506875765781e-06
6.456962200654435893e-03,1.414418157814341208e-02,9.130396318593157324e-08
-4.173660484332497762e-03,1.803847388136668121e-03,-4.627607686289044164e-07
-1.569911616914450650e-02,6.590184673361696062e-03,-4.764494462168650086e-07
1.676561021778675241e-03,2.158425485574651248e-02,1.553536684440345326e-08
3.417295360138899920e-03,1.240780905152562459e-02,5.508414638158175739e-08
2.537316000203850789e-03,8.025019104580409512e-02,6.323648057575516479e-09
-4.270035860706702241e-02,3.212411569952746977e-03,-2.658517656839264523e-06
-1.224305276919944625e-02,2.118206000596642782e-02,-1.156007722995240163e-07
5.814317553774967125e-03,2.410416812384899229e-02,4.824427759979024112e-08
-5.293027849568989612e-02,4.445843726518437095e-02,-2.381163376315916700e-07
-1.745159444317432055e-03,3.404945779594938451e-03,-1.025095009966721523e-07
-3.209806102687869089e-02,1.539988065195368669e-02,-4.168700088036546720e-07
2.619237424426039407e-03,8.929772765523362466e-02,5.866426961607130535e-09
-2.976915785176554533e-03,7.558303906094272773e-02,-7.877372941629493621e-09
1.240720946487215877e-02,1.208488404534094687e-02,2.053387125479737484e-07
2.019828484236545815e-03,4.031504818612204055e-03,1.002043366542721008e-07
-3.444866524664408260e-03,1.131236656625840380e-03,-6.090572789615150103e-07
-1.437826095879862764e-02,3.631118909517084929e-03,-7.919633765480532098e-07
9.459927854556778037e-02,3.814811483510841157e-03,4.959683363887892151e-06
-2.158766232606872462e-02,6.371042153787231932e-02,-6.776951003770624075e-08
1.088541463192571916e-03,1.015752708950943238e-02,2.143365298560468875e-08
-6.372511742993736822e-03,1.705763269586404529e-03,-7.471900743868596533e-07
-2.401784273528798780e-02,2.756843643525073214e-03,-1.742452987931179395e-06
2.094424634449581352e-02,3.368236983265560786e-02,1.243658966602173260e-07
6.625601662361781108e-02,2.550539309271436256e-03,5.195561727245149588e-06
-1.901185752387394082e-02,9.209479205182124345e-03,-4.128846027864482207e-07
-1.235191297358121353e-02,1.568359220109025046e-03,-1.575171661332722356e-06
3.837283988819451160e-03,9.239891435840554695e-03,8.306083279834079951e-08
-1.237137811489039119e-02,4.266054041871606903e-03,-5.800039298291980505e-07
-7.513438547773036019e-03,6.837085314854923074e-03,-2.197895033453513287e-07
-1.473240922394849746e-03,7.670514240116556651e-03,-3.841390883989822945e-08
3.738348163000180385e-02,2.733292813240976744e-03,2.735475281320929258e-06
2.897698176092115916e-03,2.720879446169202978e-03,2.130016931324643213e-07
-7.983221004596034731e-02,2.941353668275941552e-02,-5.428378393738289436e-07
-6.882812917520145235e-02,1.096961635047388186e-03,-1.254913335334571652e-05
-8.229829729124220339e-03,1.645435387053079818e-02,-1.000343662369041818e-07
-8.240300682846002714e-03,7.930968213626025942e-02,-2.078050311199870943e-08
-1.536687902327189652e-03,1.912932812238138077e-03,-1.606664374054727275e-07
-9.937520753945927598e-02,6.758168893435931301e-03,-2.940953892308068759e-06
-1.785747414969722719e-03,5.605347464051257597e-03,-6.371720244007099699e-08
-2.961541960141917881e-02,2.901458403736958350e-03,-2.041459411414568098e-06
9.650590903617433172e-03,2.596218053789618035e-02,7.434503126598649209e-08
-5.629639140387882393e-03,1.857913507986210314e-02,-6.060302092936866233e-08
-6.323799712486439378e-03,2.654662112693561074e-02,-4.764398322017370523e-08
-5.732280905951021854e-03,1.619083690977865184e-02,-7.081045328653221322e-08
2.272253397031640757e-03,2.276622794694080354e-02,1.996203853403609765e-08
1.231851256323921590e-02,5.317565881272332678e-03,4.633237894073565433e-07
-1.354324210147075372e-03,1.570317264794159062e-02,-1.724941792899510610e-08
-1.223371480480490905e-03,5.806807322665146626e-02,-4.213666352486966553e-09
5.607346078644682985e-02,1.136755576013927758e-02,9.865735685229442170e-07
4.126716042973151838e-03,3.763267575421608280e-02,2.193202316460217044e-08
2.072281929406561297e-03,1.090153838469621814e-03,3.801896237137114708e-07
-5.231503180609604203e-02,4.877323827697516850e-02,-2.145280625177677225e-07
-3.190410547191863729e-03,2.335999937437690903e-03,-2.731573895544042898e-07
1.197213456906986778e-03,1.179441678634602763e-03,2.030178981759463711e-07
2.753899948008547288e-03,1.296323589691744833e-02,4.248874876115390122e-08
-2.039274438540934417e-02,1.890791552263201836e-02,-2.157104726539646336e-07
-4.399947947529926628e-02,7.765273201030956085e-02,-1.133261166370226976e-07
-2.217167958971880126e-02,2.092844578331505556e-02,-2.118852985205517377e-07
2.113803718185721433e-03,9.293986334190457166e-02,4.548852304598119152e-09
4.677398726487642933e-02,2.407146169387432838e-02,3.886343094928730868e-07
-4.765900936873022908e-02,3.136229699164425760e-02,-3.039319496254530706e-07
-3.209252200579636345e-03,4.850462443431167309e-02,-1.323304866308510880e-08
-1.740230728862899104e-02,2.995370713749693353e-02,-1.161971462123556515e-07
5.218237018926216025e-02,1.733753430434776741e-02,6.019711477352097369e-07
2.016737004125151826e-03,4.737232015981409847e-03,8.514591549849209418e-08
1.154461699371494817e-03,5.386062094772071755e-03,4.286939765475850218e-08
1.577755876944882292e-03,3.150988320637095400e-03,1.001456803340173771e-07
-2.174156768278421789e-02,8.925015146867647936e-03,-4.872155066019689462e-07
4.476826526934435391e-02,5.990804643187757489e-02,1.494597724127989489e-07
-6.257509584800567855e-03,4.474651667200668474e-03,-2.796929365299017418e-07
1.629003197053734836e-02,1.299204297549612017e-02,2.507746865910539986e-07
1.000527554603740507e-03,1.425111982449050237e-03,1.404168641986278388e-07
-4.267192435955383112e-02,9.654038833958504540e-02,-8.840409756377919700e-08
9.966246369057729648e-02,2.976528946830624134e-02,6.696698038892521007e-07
-1.144019621318712737e-02,5.770574920312313005e-03,-3.965095003220986060e-07
8.050992994872374631e-02,1.720539242896415751e-03,9.358884212322276757e-06
-1.338436661504140666e-03,1.151532838861399864e-02,-2.324666754166679595e-08
9.754856878751947194e-03,1.734957891554080858e-03,1.124530324742245743e-06
2.524409945254603785e-03,2.007173721388750415e-02,2.515440958608795665e-08
5.586328287903514350e-02,5.985267172378239131e-02,1.866732638110844135e-07
6.848392141243699049e-03,1.656239506226867605e-03,8.269984369619687783e-07
-2.252862660710882106e-02,1.609920395334237713e-03,-2.798784904688692076e-06
-6.014097694650492008e-03,5.798296502952952902e-02,-2.074480070859494834e-08
-1.154731033904508354e-02,3.135915832397998589e-03,-7.364709964382792947e-07
3.265854243995380823e-02,3.661443806951945185e-02,1.783953923050190222e-07
-1.277667201558500484e-02,7.443577500511101147e-03,-3.433011355885986933e-07
-3.613330935774045592e-03,1.026407388006810072e-03,-7.040883817972057614e-07
-2.983216705770894324e-03,1.719658620018628056e-02,-3.469618857195976741e-08
1.747999761221975291e-03,1.889383952543950349e-02,1.850377567499532709e-08
-9.652372029617313498e-02,6.869634742799993719e-03,-2.810215431909132714e-06
-2.721090371317629042e-02,1.060120096781567468e-02,-5.133660047324148383e-07
-1.482699381173246261e-02,6.824523140660601964e-03,-4.345302382987048755e-07
-2.242305094662324846e-03,1.883946915317769380e-02,-2.380483910529135567e-08
-6.825563302835392643e-02,1.646965800616540659e-02,-8.288827963756915898e-07
-1.434169372306134255e-02,2.639714132184647379e-03,-1.086632660321062542e-06
6.927284015892756427e-03,4.495482289323773917e-02,3.081952287537773407e-08
1.525347576204902182e-02,1.093893054595808205e-03,2.788901395070272577e-06
-2.709680105659733468e-03,5.363096297200413073e-03,-1.010512373913576589e-07
-5.662800305022420468e-03,4.741860983022327253e-02,-2.388480155289852415e-08
-2.796355007688398463e-03,3.525780364898330795e-03,-1.586266889388167638e-07
-1.824549442861361477e-03,7.750506033456275312e-02,-4.708307144546173404e-09
-3.083960431502881776e-03,1.088502289117251540e-02,-5.666549131948763172e-08
-2.479573623191278203e-03,2.013193438977794666e-02,-2.463376021140439907e-08
1.820368934307988124e-03,1.135969249801797518e-02,3.205029624952821102e-08
-4.922908941863457163e-03,1.437989092041216596e-02,-6.847080269954005428e-08
7.988503862944420011e-03,1.378857951094569247e-03,1.158737680654732447e-06
-1.004087781772540836e-02,2.049227798795330915e-02,-9.799877610660857026e-08
2.198389646964623093e-02,6.445928538782089157e-02,6.821162436445732789e-08
4.564668614208979708e-03,1.214009941758575038e-03,7.520145076795075776e-07
-7.109076405621973273e-03,3.851575715341960891e-03,-3.691594159922476937e-07
-4.808603221127531052e-02,8.302086138268993665e-03,-1.158432987733646272e-06
9.488362903536499970e-02,1.862701139483655989e-03,1.018796196191079768e-05
1.225198270721539846e-03,4.067699217877041029e-02,6.024163513133033146e-09
-2.240948354858758942e-02,3.326899954812228763e-03,-1.347197644628431660e-06
4.361023657410354609e-02,4.953390987128419160e-03,1.760860864007678000e-06
-1.567640403640829664e-03,3.372603809572668511e-03,-9.296518334843354196e-08
-4.011367599573448239e-03,1.520707541144538343e-02,-5.275771419745150274e-08
-8.058301625626314996e-03,2.627652876705701378e-03,-6.133589893658309026e-07
3.303934916232352526e-02,1.015902299844822360e-02,6.504572343732293328e-07
-5.566842851712260412e-03,2.685926960005364204e-03,-4.145280957084568401e-07
-2.091904549630631618e-02,9.071089237983647607e-03,-4.612343390699087773e-07
-7.119183125922284860e-02,3.723558576870145045e-03,-3.823940994264452349e-06
-4.174315657426103110e-02,1.826804648895921602e-03,-4.570170333901184343e-06
3.070680117190514782e-03,1.450304529983155802e-03,4.234621338143670850e-07
7.103195301041381748e-02,9.487567365713153039e-03,1.497400904885996620e-06
-1.603823271112450729e-03,1.347473230118329326e-02,-2.380540491273973166e-08
-1.175520901734439412e-02,5.888759780950678785e-02,-3.992507358031932725e-08
1.959575795432086723e-02,5.873766947267197031e-02,6.672438253002837044e-08
-8.930300281628668693e-03,5.011023498179999203e-02,-3.564337593320335006e-08
-1.756664605475935156e-02,2.933929839895079751e-03,-1.197507755817605583e-06
